index,subsequence_idx,score
9,9,2.38243
23,23,2.58543
35,35,3.25141
101,101,2.69919
119,119,2.3404
127,127,3.71477
