index,subsequence_idx,score
23,23,2.73127
35,35,3.26255
101,101,2.75451
119,119,2.4822
127,127,3.83287
