index,subsequence_idx,score
9,9,2.43368
23,23,2.59152
35,35,3.23243
101,101,2.70151
127,127,3.74759
