index,subsequence_idx,score
23,23,2.72707
35,35,3.21519
101,101,2.7342
119,119,2.43461
127,127,3.79874
