index,subsequence_idx,score
23,23,2.62981
35,35,3.21126
101,101,2.70558
119,119,2.34153
127,127,3.72688
138,138,2.35537
