index,subsequence_idx,score
0,0,2.35599
9,9,2.90797
23,23,2.43643
35,35,2.46122
47,47,2.39196
56,56,2.35078
133,133,2.29484
143,143,2.65267
167,167,2.36646
