{
  "anomalies": [
    {
      "anomaly_index": 9,
      "feature_importances": {
        "Close_0": 1.27089438075321e-10,
        "Close_1": 1.3441694527367808e-10,
        "Close_2": 1.3939592958340948e-10,
        "High_0": 1.3114599515352974e-10,
        "High_1": 1.3997929726560466e-10,
        "High_2": 1.409055840252927e-10,
        "Low_0": 1.1982870071422477e-10,
        "Low_1": 1.2944625894950222e-10,
        "Low_2": 1.3300184927184635e-10,
        "Open_0": 1.2305931876504502e-10,
        "Open_1": 1.311376971679742e-10,
        "Open_2": 1.3402751888179258e-10,
        "Volume_0": 0.30141200936020035,
        "Volume_1": 0.5819973300841564,
        "Volume_2": 0.11659065897216468,
        "daily_return_0": 0.0,
        "daily_return_1": 1.9297640826833848e-16,
        "daily_return_2": 0.0,
        "daily_return_zscore_0": 4.245480981903446e-15,
        "daily_return_zscore_1": 3.4735753488300924e-15,
        "daily_return_zscore_2": 4.0525045736351076e-15,
        "excess_return_0": 1.9297640826833848e-16,
        "excess_return_1": 0.0,
        "excess_return_2": 0.0,
        "high_low_range_0": 1.9297640826833848e-16,
        "high_low_range_1": 0.0,
        "high_low_range_2": 0.0,
        "log_return_0": 0.0,
        "log_return_1": 1.9297640826833848e-16,
        "log_return_2": 0.0,
        "log_return_zscore_0": 4.245480981903446e-15,
        "log_return_zscore_1": 3.4735753488300924e-15,
        "log_return_zscore_2": 4.0525045736351076e-15,
        "log_volume_0": 1.9297640826833848e-16,
        "log_volume_1": 5.789292248050154e-16,
        "log_volume_2": 0.0,
        "relative_volume_0": 1.9297640826833848e-16,
        "relative_volume_1": 3.8595281653667696e-16,
        "relative_volume_2": 0.0,
        "relative_volume_zscore_0": 3.859528165366769e-15,
        "relative_volume_zscore_1": 2.894646124025077e-15,
        "relative_volume_zscore_2": 3.0876225322934157e-15,
        "volume_change_0": 1.9297640826833848e-16,
        "volume_change_1": 7.719056330733539e-16,
        "volume_change_2": 0.0,
        "volume_change_zscore_0": 1.1578584496100309e-15,
        "volume_change_zscore_1": 3.859528165366769e-15,
        "volume_change_zscore_2": 2.5086933074884e-15
      }
    },
    {
      "anomaly_index": 70,
      "feature_importances": {
        "Close_0": 2.864210336962537e-10,
        "Close_1": 2.69651907498262e-10,
        "Close_2": 2.755827593500793e-10,
        "High_0": 2.986159030184092e-10,
        "High_1": 2.9333768419531076e-10,
        "High_2": 2.783905771549391e-10,
        "Low_0": 2.79413849061729e-10,
        "Low_1": 2.5799363006075646e-10,
        "Low_2": 2.5628214127374217e-10,
        "Open_0": 2.8961492054488154e-10,
        "Open_1": 2.7174458435826267e-10,
        "Open_2": 2.692494635847746e-10,
        "Volume_0": 0.1521018102062103,
        "Volume_1": 0.23964552525101998,
        "Volume_2": 0.6082526612163185,
        "daily_return_0": 1.5745067037849906e-16,
        "daily_return_1": 1.5745067037849906e-16,
        "daily_return_2": 0.0,
        "daily_return_zscore_0": 1.1966250948765928e-14,
        "daily_return_zscore_1": 1.3855658993307917e-14,
        "daily_return_zscore_2": 1.4013109663686415e-14,
        "excess_return_0": 6.298026815139963e-16,
        "excess_return_1": 6.298026815139963e-16,
        "excess_return_2": 0.0,
        "high_low_range_0": 4.723520111354971e-16,
        "high_low_range_1": 6.298026815139963e-16,
        "high_low_range_2": 0.0,
        "log_return_0": 1.5745067037849906e-16,
        "log_return_1": 1.5745067037849906e-16,
        "log_return_2": 0.0,
        "log_return_zscore_0": 1.1966250948765928e-14,
        "log_return_zscore_1": 1.3855658993307917e-14,
        "log_return_zscore_2": 1.4013109663686415e-14,
        "log_volume_0": 4.723520111354971e-16,
        "log_volume_1": 4.723520111354971e-16,
        "log_volume_2": 1.5745067037849906e-16,
        "relative_volume_0": 6.298026815139963e-16,
        "relative_volume_1": 0.0,
        "relative_volume_2": 1.5745067037849906e-16,
        "relative_volume_zscore_0": 1.3855658993307917e-14,
        "relative_volume_zscore_1": 1.2753504300658424e-14,
        "relative_volume_zscore_2": 1.2438602959901425e-14,
        "volume_change_0": 1.5745067037849905e-15,
        "volume_change_1": 3.1490134075699813e-16,
        "volume_change_2": 1.4170560334064914e-15,
        "volume_change_zscore_0": 1.63748697193639e-14,
        "volume_change_zscore_1": 5.825674804004465e-15,
        "volume_change_zscore_2": 3.6213654187054784e-15
      }
    },
    {
      "anomaly_index": 98,
      "feature_importances": {
        "Close_0": 2.3497643806224945e-10,
        "Close_1": 2.4263892364665256e-10,
        "Close_2": 2.498170645509605e-10,
        "High_0": 2.461174313693018e-10,
        "High_1": 2.530467395281703e-10,
        "High_2": 2.5256363812374823e-10,
        "Low_0": 2.1918204152142573e-10,
        "Low_1": 2.3381397530785886e-10,
        "Low_2": 2.3697402684737255e-10,
        "Open_0": 2.2896342407448884e-10,
        "Open_1": 2.3746316701934987e-10,
        "Open_2": 2.396170533176684e-10,
        "Volume_0": 0.5152137476843129,
        "Volume_1": 0.27726902048714425,
        "Volume_2": 0.2075172289533031,
        "daily_return_0": 3.552216208985732e-16,
        "daily_return_1": 1.776108104492866e-16,
        "daily_return_2": 0.0,
        "daily_return_zscore_0": 4.973102692580025e-15,
        "daily_return_zscore_1": 7.459654038870037e-15,
        "daily_return_zscore_2": 5.328324313478598e-15,
        "excess_return_0": 7.104432417971464e-16,
        "excess_return_1": 5.328324313478598e-16,
        "excess_return_2": 0.0,
        "high_low_range_0": 7.104432417971464e-16,
        "high_low_range_1": 5.328324313478598e-16,
        "high_low_range_2": 0.0,
        "log_return_0": 3.552216208985732e-16,
        "log_return_1": 1.776108104492866e-16,
        "log_return_2": 0.0,
        "log_return_zscore_0": 5.328324313478598e-15,
        "log_return_zscore_1": 7.459654038870037e-15,
        "log_return_zscore_2": 5.328324313478598e-15,
        "log_volume_0": 3.552216208985732e-16,
        "log_volume_1": 5.328324313478598e-16,
        "log_volume_2": 0.0,
        "relative_volume_0": 0.0,
        "relative_volume_1": 0.0,
        "relative_volume_2": 5.328324313478598e-16,
        "relative_volume_zscore_0": 6.749210797072891e-15,
        "relative_volume_zscore_1": 3.196994588087159e-15,
        "relative_volume_zscore_2": 4.085048640333592e-15,
        "volume_change_0": 3.552216208985732e-16,
        "volume_change_1": 3.552216208985732e-16,
        "volume_change_2": 1.776108104492866e-16,
        "volume_change_zscore_0": 5.150713503029312e-15,
        "volume_change_zscore_1": 1.5984972940435795e-15,
        "volume_change_zscore_2": 3.3746053985364456e-15
      }
    },
    {
      "anomaly_index": 105,
      "feature_importances": {
        "Close_0": 5.812695921767587e-11,
        "Close_1": 5.910342974838413e-11,
        "Close_2": 6.053112799861569e-11,
        "High_0": 5.98104060435599e-11,
        "High_1": 6.14705909834931e-11,
        "High_2": 6.147270570039772e-11,
        "Low_0": 5.5012113386977196e-11,
        "Low_1": 5.6269312586773764e-11,
        "Low_2": 5.808585440784231e-11,
        "Open_0": 5.668419360949889e-11,
        "Open_1": 5.697853576866069e-11,
        "Open_2": 5.954051529860777e-11,
        "Volume_0": 0.10908230794241225,
        "Volume_1": 0.42155518203956593,
        "Volume_2": 0.4693625093149045,
        "daily_return_0": 0.0,
        "daily_return_1": 1.3216980653874774e-16,
        "daily_return_2": 0.0,
        "daily_return_zscore_0": 2.114716904619964e-15,
        "daily_return_zscore_1": 2.90773574385245e-15,
        "daily_return_zscore_2": 2.2468867111587115e-15,
        "excess_return_0": 1.3216980653874774e-16,
        "excess_return_1": 1.3216980653874774e-16,
        "excess_return_2": 0.0,