index,subsequence_idx,score
23,23,2.74611
59,59,2.6266
71,71,2.51586
156,156,2.94562
