index,subsequence_idx,score
23,23,2.67771
47,47,2.3992
59,59,2.48059
71,71,2.34424
156,156,2.91791
