{
  "aida": 0.022,
  "iforest": 0.06041073799133301,
  "lof": 0.021989822387695312
}