{
  "aida": 0.02,
  "iforest": 0.055191993713378906,
  "lof": 0.030262231826782227
}