{
  "aida": 0.026,
  "iforest": 0.09722304344177246,
  "lof": 0.014667034149169922
}