{
  "aida": 0.031,
  "iforest": 0.08915591239929199,
  "lof": 0.04480314254760742
}