{
  "aida": 0.02,
  "iforest": 0.06616497039794922,
  "lof": 0.04735207557678223
}