{
  "aida": 0.03,
  "iforest": 0.08467793464660645,
  "lof": 0.02588200569152832
}