{
  "aida": 0.02,
  "iforest": 0.05748105049133301,
  "lof": 0.03080916404724121
}