{
  "aida": 0.02,
  "iforest": 0.06496810913085938,
  "lof": 0.039105892181396484
}