{
  "aida": 0.031,
  "iforest": 0.0836482048034668,
  "lof": 0.025673866271972656
}