{
  "aida": 0.021,
  "iforest": 0.06930804252624512,
  "lof": 0.01962113380432129
}