{
  "aida": 0.023,
  "iforest": 0.08594393730163574,
  "lof": 0.014425992965698242
}