{
  "aida": 0.03,
  "iforest": 0.08256793022155762,
  "lof": 0.03439188003540039
}