open_std_0,high_std_0,low_std_0,close_std_0,daily_return_std_0,log_return_std_0,volume_change_std_0,relative_volume_std_0,log_volume_0,high_low_range_std_0,excess_return_std_0,open_std_1,high_std_1,low_std_1,close_std_1,daily_return_std_1,log_return_std_1,volume_change_std_1,relative_volume_std_1,log_volume_1,high_low_range_std_1,excess_return_std_1,open_std_2,high_std_2,low_std_2,close_std_2,daily_return_std_2,log_return_std_2,volume_change_std_2,relative_volume_std_2,log_volume_2,high_low_range_std_2,excess_return_std_2
0.9375204629129228,1.045628915231516,0.4396396822766102,-0.0141594404840743,-1.6755295799707948,-1.682615420919925,-0.1686290833873318,0.0,16.61277366092091,1.2109222436768974,0.0,-0.457864828689105,-0.1069352434616506,-0.0800107143859139,0.1401438597566517,0.1499330717678218,0.1556173605208866,-1.0594857825946298,0.0,16.374906137094495,-0.0065590035051683,0.0,-0.1417009885425266,0.6133788399819708,0.2620114324544829,1.1281004734816296,1.0247249852867768,1.0183641821033422,1.2823979441157158,0.0,16.619816007304436,0.4022280111182551,0.0
1.2372950123454856,1.1952968297314086,1.1906714243359413,0.6295606144446149,-0.520779269910572,-0.5147560567870487,-0.0719109390079296,0.0,16.623973112737886,-0.6008382331839904,0.0,-1.5163072335784502,0.639773606996505,-2.180920293561505,1.1954512122396486,0.3671577734035298,0.3699707902676987,-0.827631187591776,0.0,16.424329642426063,2.7243915848554865,0.0,0.7788761649679306,0.1860165815947747,0.3752861549860706,0.5947480748513361,-0.6845302415294927,-0.6800624947704925,-0.5718622495004625,0.0,16.29328357378131,-0.3101204697435265,0.0
1.3468590324251517,2.542723660748295,1.2913960997731473,2.423374975218177,2.06595731767953,2.0473982568456224,2.209634450662857,0.0,16.86097069876386,0.0959426070469089,0.0,1.8117668202303852,1.7422968231548186,1.3725133533020752,1.066574007355325,-1.1533381925808843,-1.1647190955228215,-0.9524370828627196,0.0,16.535436693500372,-0.3836597654788424,0.0,0.8526403261274275,0.4385911881578382,0.5582382807015323,0.0336342057737719,-0.9677476811812384,-0.9749973368834796,0.4454004166243741,0.8760611126936075,16.742541042662655,-0.3918762356482932,0.0
-0.3630348087461222,0.787499957536631,-0.289589139959744,1.0247654120262348,0.9372846222385802,0.941254150093318,1.1676652913426109,2.1492126591919956,17.14276716887839,0.9567031531001164,0.4202364753760492,1.0321661654947687,1.0670620989118724,0.5918063791954984,0.2846020129294393,-0.7817231926143055,-0.7826820375089496,-1.0219748718008006,0.1018630399165518,16.78412345296187,0.1031628753375921,-1.2470766721859523,0.4996170086033896,-0.2868387364733519,-0.5963185355399074,-1.6186847588640965,-1.433979088730709,-1.4528863004600243,0.4192396134571741,0.7391313306051205,17.016715203187005,0.5413986141083088,-1.8844267297456443
-0.8168995724673138,-0.9487892013007538,-0.0454781076508615,-1.0645869222886597,0.3790850144915814,0.3890457245831884,-0.6886186058532885,-0.3065436140372534,16.822509177232003,-0.5753391019815851,1.0180356943265356,-0.5465461465907981,-1.352431145985464,-0.3864569742987513,-1.0563686541420845,-0.0464905305277765,-0.0372710320895357,-0.9343822369064058,-1.3403173353570526,16.444171243572036,-0.5225899691483609,0.3419055711633542,-0.8745943195368597,-0.1691744541171218,-0.0855252304991637,0.4046997634965836,1.195801022318941,1.1943455338432345,0.2286763549934806,-0.928208375674692,16.5889302473552,-0.0994214545368483,0.8145927035288907
0.5182704091056415,0.0110368213233505,0.7578547387095593,-0.1008280474126727,-0.4157820787068683,-0.4091499670056495,0.1485463809795432,-0.6671320736422105,16.731100589724704,-1.0513649427016585,0.1831225561326125,0.2837554010361685,0.4176404626587374,0.9504532699624963,0.3320130357748237,0.3536915034220241,0.3616789458905329,-0.2561304664340055,-0.6464854904125275,16.674236895366644,-0.8580531642790078,0.7883359572378433,1.4273783736599808,2.1117966822442455,1.8267141931388489,2.133829203282169,1.7382408456564478,1.7196697223456168,1.188466054399446,0.5242092748051762,17.031125110660767,-0.016208698649178,1.596932100411392
1.884247120178625,1.4027472036130233,1.6215348268538372,1.4751383488005885,-0.4000703631485975,-0.3929382581071372,-1.362939128448221,-1.1332258606814,16.49215271670057,-0.8234282402079346,-0.7101133126879964,1.256309206157475,1.032761247081451,1.3263993326569334,0.8877864760095701,-0.6207306679013179,-0.6189512084915868,-0.4478519901720983,-1.323225569359907,16.306979048375723,-1.0738179978424125,-0.465298011914696,0.6482865623602131,0.2640545365068469,0.5170652119295048,0.6664530190263941,-0.2481007602440157,-0.2407202298951316,0.4877493634461926,-0.6690439641607389,16.43023135622757,-0.7392110256123298,-0.3093774074450245
0.4116769849946558,0.4677599094989013,0.6230212624935193,0.404792530858213,-0.4582787271651314,-0.4571011805558123,-0.4876818398365649,-0.9068821882383706,16.24566187478744,-0.7473783492843283,0.2351566905508819,-0.2236420514012787,-0.825396090525815,-1.0776113640284464,-1.334351254244332,-1.7713439591504467,-1.8028221183553883,2.0803485198823997,1.810747155625372,16.84845677283581,1.219734445908635,-1.8260475873295996,-1.7220441835075442,-1.747010785785163,-1.3509953768535046,-1.4148371381723703,-0.0669394289741487,-0.0573513799222989,-0.9795203016412,-0.064802906402356,16.487546701759122,-1.063666573971028,0.7453434818510751
-1.6857422810628375,-1.814371419413095,-1.8893214075314753,-1.535789657428586,-0.4674231664347281,-0.4638955748007043,-0.1998672132565516,-0.1659185791205175,16.452694777260344,0.2821873827575877,-0.5617142822787162,-1.2825332491818362,-1.222737150973522,-1.1465739799715329,-1.0510368996527004,0.5498553499767118,0.5582326546835353,-0.5287407021222191,-0.6840760622935015,16.239374878916742,-0.443379784057021,0.1509537889324265,-1.424806106720658,-1.2401384358362255,-1.1944317858583464,-0.912896900936447,0.1165013971700446,0.1259675359850745,0.6136444581800182,0.3078330999892295,16.479330253834622,-0.394596514576125,0.4812489120505008
-0.776586292239161,-0.9499000159097488,-0.7126402999373611,-0.8060701125144311,0.3793943758674693,0.3805710515879379,-0.4455171900347683,0.0276478566795217,16.27599651860404,-1.3519334021213925,-0.0547939990500657,-0.4881169310132645,-0.7581245689466947,-0.8029789139704974,-0.8622116663135553,0.0821612951080834,0.0871168635893504,1.2754679818323034,1.747574780479117,16.711809217030037,0.3195216901058558,-0.0002409148967112,-1.043879945388693,-0.4214935633161232,-0.6680055795420512,-0.3477638662640216,1.0145210461974483,1.003241805808403,-0.8769085686557276,0.0067532996038777,16.395727463314174,1.027855114328364,0.8757304943960171
-0.3394811219696245,-0.3448363717171722,-0.0590234544161623,0.1102896514762829,0.6233262509087304,0.6201843261615894,-0.6279008000808318,-0.8665777464094292,16.151520852530638,-0.928691978762874,-0.1915584507911416,-0.5175136471288008,1.307538472651586,0.2115942088234929,2.1985745048482124,1.0213675464818033,1.00960115866872,0.483429166735343,-0.1046523063660786,16.380975244159607,1.7271665144657506,-0.1366322838380756,1.781364527097249,1.9278006195766877,2.1071566561862514,2.0971881949328837,0.8218739178290648,0.8212369241748526,0.3690753637580952,0.9082812429550084,16.479079368784028,-0.2292148577929531,0.5381467643675852
1.902834953007427,1.0872784804966686,1.2679766203506992,0.3086911164756257,-1.8757060242924195,-1.8833348035661217,-0.7463915061424468,-0.283534493975662,16.2600552636426,-0.2393615119911666,-0.5867293657850006,0.382248999340706,0.2475608621765496,-0.946639144849288,-1.0261489199414366,-1.3799479440108802,-1.3806383759204537,0.5133370522347831,0.5748036251360766,16.41892597999814,1.6202818219221495,-1.8340057468246969,0.0410715812508114,0.0133597669735051,-0.8552384309146179,-1.39586289392147,-0.5982726046766376,-0.5944123822845999,-0.314518014369097,0.0981865586566662,16.377470914347914,1.1375000111237985,1.0434953162370568
-1.2117009995707522,-1.2307842317150284,-1.9615174145001433,-1.7183977054400572,-0.8763574590155424,-0.8754474718544767,0.678205261845922,1.2046076212542631,16.57524837236678,1.5787435575203397,0.2333702531847141,-2.43010324828849,-2.4002184531794706,-2.3464482458863944,-1.7407665391901346,-0.6897660429369294,-0.6880085300271236,0.8471424205825092,1.9399829988848671,16.847844782165804,1.589043247103147,-1.029888002364585,-1.471128944997221,-1.3840239843408837,-1.4044540907127268,-1.27734774730365,0.5535394811226483,0.5568096880052542,-0.6536456020896101,1.1079549832997244,16.72041514531174,1.154058074082109,-1.1224088899251086
-1.9597902832927816,-2.2098305791535355,-2.02490820305128,-2.09010270223174,-2.275466919686662,-2.2941385256167464,1.441573491170279,1.931442584936276,17.06331589973689,1.0409575636639348,-2.353538636166716,-1.9906441421543195,-1.9678813577637255,-1.8139999925933143,-1.6443573169777586,0.2150050402090083,0.2207166071648596,-0.263709528942615,1.3873457682436994,17.12843034313732,0.6571056112432264,-0.8954943282421488,-1.302617547357281,-1.5099204421708388,-1.2497311061286374,-1.4920198878167832,0.0156713477255342,0.0227050497278778,1.7660946057399438,2.0918291529681343,17.5813395022217,-0.7340842202069964,0.5056245747230746
-1.20676670918908,-1.0844375233063095,-0.979923909165551,-0.7813687367256191,1.9275453710807628,1.8971699839369216,-1.3663127976462617,0.2435505969191305,17.28256125229668,-0.3499397697061748,1.455675207396443,-0.1763356759685431,0.0701425661116527,0.1540980429903265,0.4950539663721225,1.9245829949606033,1.8961156956300231,-0.5735930036844977,-0.2714380843448551,17.268424009631772,-0.6555832803727313,1.6893664122712388,0.5638691440158575,0.189328502874418,0.4131881171868817,-0.0326931674704184,-0.7040213899171432,-0.7014811816621901,-1.7959864165665946,-1.8349959125816184,16.52040251037863,-1.3717685509649251,-0.1429440097088896
0.407916457430198,0.1456971111052088,0.018615105181706,-0.2500794843540944,-0.2400288584766371,-0.2300939731184149,-0.3062058183070376,-1.5895264216125975,16.48175918769523,0.6867838392701269,-0.4039891440498129,-0.5975065667007846,-0.477483211522666,-0.3375946633209,-0.0662657818615743,0.188830440796627,0.2004352275956258,-0.3142393972572735,-1.3545774984934342,16.4108847353962,-0.6887743162436132,0.1022032923008021,0.585673556708842,0.5649899847836635,0.84066633839831,0.8812027810887924,0.830746206318873,0.8323139475197819,0.2948465322909524,-0.997059104329898,16.51053637548437,-1.1552469478009937,1.0779256703276991
0.9028606047517715,1.1585914249165037,1.319411358643655,1.3932521330640266,0.4414230106718426,0.4497832795875228,-0.7897920032010601,-1.0410178504264571,16.217723858285137,-1.125349959391538,0.6634796961944488,1.4489538135331874,1.3879178633874367,1.6247594556590514,1.5892700498655157,0.4778121182559696,0.4859331239270966,0.9816698929574328,-0.6022067675201879,16.470096759525095,-1.8359294452599817,-0.0447967112243631,1.5430193690721237,1.2702591679567894,1.5761676100387108,1.4082743370168482,-0.1662462098109503,-0.1576174758529255,-0.4788249998895532,-0.5921669370529052,16.26463466398171,-1.9395360638886916,-0.4760922907756573
1.288400951088268,1.3008225095846988,1.4258377302986176,1.2987489033082742,-0.4148685187818749,-0.4081089003125299,1.2752166596836705,0.1988443951085524,16.483988053304405,-1.446846025244446,-1.1447481437391662,1.9162317836325935,2.419622092353997,1.9876773772371872,2.256848935208221,1.8760236647552957,1.8558779137937171,2.269170250173146,2.259619268257397,17.150842351658394,0.9547962517028992,2.117160029170744,1.879505671031724,1.7001379809872623,1.6536316617160205,1.4942929044255353,-0.7496851864565099,-0.7537788559472295,-1.0098427268354304,0.839523532229009,16.610686079564307,-0.1017830137699364,-0.4219194271338741
1.314518365956586,1.372916851655042,1.320139287392602,1.4830512144033154,0.2825008875159541,0.2937816786745063,-0.1476083209980421,0.6918832608052772,16.617627802860966,0.0635240308301323,0.5785414848179535,1.2823457898080268,1.1370606738595646,1.155455756718843,0.905989101571793,-1.3194896930207616,-1.3416925592737776,-0.2770025523542224,0.4326385893936793,16.574127186016558,-0.0321055205565717,-1.2610184623120426,0.7495271532135799,0.786484687459554,0.8966492208673315,0.6526521651341479,-0.6974826851709105,-0.7002574705258484,-0.5910912063879877,-0.136921108557777,16.380967555785407,-0.3520957416686732,-0.5712213603011143
0.6419074077758659,0.6401050028872688,0.8025291879962541,0.7017105092818392,-0.0863563778193105,-0.0782596449089862,-0.3298700680503018,-0.3759468511894982,16.28008702632388,-0.4735638057538266,0.0720405979589415,0.8260398122264834,0.593167202494056,0.8356265743014274,0.5243629885421461,-0.40761940717087,-0.4058071073885972,-0.3225458335515917,-0.6541277740658323,16.20601504057968,-0.557915866988557,-0.067200969801618,0.1704459886607691,0.2299224623503669,0.4139079354302996,0.558045222623859,-0.0763513104625623,-0.0684355393663061,0.2738710196859404,-0.3794509615946741,16.33318291738132,-0.4149201907781464,-0.5598585905872798
0.5382148686003864,0.3474757368815803,0.7403724326726808,0.5367460062082169,-0.1736850300705232,-0.1676472149959664,-0.3210941425605473,-0.6784943979945715,16.260532360777606,-0.8127598483469803,0.028594694287023,0.1152407287327146,-0.1664337013470614,0.1232488155169869,-1.0422668517296951,-0.7605888798773954,-0.7701456231983081,0.3164371318636118,-0.2651415067244815,16.400292783592032,-0.2067077894799991,-0.8683780445635204,-1.341056240667842,1.3642120052790832,-0.4896424149118781,1.592642526597313,1.5806412816489357,1.5730051245144745,1.709384324233708,1.9408693654375493,16.674053384936627,1.636970980266199,1.4170981945806265
0.7871443783972523,0.5991727875481228,2.194468243143233,0.951845182576584,-0.3994307207015153,-0.3954663683802309,-1.881451507698758,-0.5407803365734632,16.18412690117128,-1.6143399066690214,-0.2403306683966642,-0.3822928873571689,-1.588842531567736,-1.8981326134027172,0.0722874403181375,-0.6676935219308412,-0.666831516696451,2.03107328011532,1.7869916696351311,16.65099784406524,0.956871150547455,0.0052423551663005,1.495719931777115,0.8548581255878624,0.9607327886906846,0.4338634554523173,0.2662125723662284,0.2705770053048794,-0.6509207321345568,0.7803169990103875,16.476839523188158,-0.5711603575362875,0.2302136398551386
0.5733337326727337,2.41814370510893,1.4068194348783942,2.163896368972587,1.5395359775533275,1.5347487479197115,0.1982230823877635,0.9954500793204872,16.577499614203443,1.5965348128518664,1.4673405705142164,1.918874407373229,0.9209636353658728,0.9054679092343386,0.366871510035086,-1.3365884563282222,-1.3448087905662551,-0.9443865512229036,-0.3282072457678519,16.315289481853114,0.1094944241442629,-0.0342595012563693,0.2950255987837626,0.1588706928018101,-0.191887759426272,-0.7721833912093825,-0.7942604720439399,-0.7950035420479507,0.703740900107759,0.534919092547897,16.560606094980997,0.5088858842395841,-0.6038145792598635
-0.2886036482392589,-0.0563435148633357,-0.0458829630707718,0.5617548837678612,0.8853331901231474,0.8879477907297092,-0.0632420691962444,0.4987630192635848,16.605398838710194,-0.0177861232269603,-0.8325766494022893,1.3334690316929152,2.0918211623011778,1.7249078800204525,1.582667357791169,0.8404460560292523,0.8424961576992807,1.1926596387475517,1.9796868849139435,17.009027589392907,1.2128017303449523,0.3249437691763375,-0.059483640300971,-0.1378875848389057,-0.6360636914792611,-1.5987692398209994,-1.912969844266385,-1.9288482601975376,-1.0722780905165237,-0.2787976163644142,16.669391264898305,0.7752594894529445,-2.1779063738526556
-2.0195916251989545,-1.9691883572964517,-2.52489307590245,-2.473921602377263,-1.791039971015426,-1.805445963680933,0.90687898420331,1.2951934133751322,17.006978227491103,2.285737827706734,-1.5831092223992258,-2.579165385278936,-2.334799968053197,-2.041462285574569,-2.0829318636255367,-0.627949358991439,-0.6215917847780377,-1.247450362172846,-1.1265639435197732,16.601280833051938,-0.5392749976247052,-0.4520643081129551,-1.984848008026176,-1.867559601014972,-1.8460004854328116,-1.8184451455940789,-0.4597768699349556,-0.4525269676837912,0.0753098670017964,-0.7129032791982709,16.659093539244825,0.3885483399683078,-0.2337378856763244
-1.386482198188807,-1.3236267741180114,-1.146946933435401,-0.995418602109298,1.4064845713372034,1.3948342665553664,-0.5872261509645778,-1.1320446975268763,16.52120471911611,-0.8659770891503036,0.8462637513837279,-0.717128236251627,-0.7815611171194106,-0.6322802829166081,-0.7350341454004126,0.5655855785061705,0.5718434430208469,-0.8529370373940844,-1.5133434627146982,16.230334546231248,-0.7285560602474167,0.866352971940774,-1.053498610718823,-0.7852477517290645,-0.6780012915263143,-0.5823108659392058,0.3181484997611002,0.3259314866459978,-0.0456053352396549,-1.264811434632075,16.246559311794147,-0.610299130144988,0.9234244497083276
-0.540217047276107,-0.6808863296773637,-0.8699782136214534,-0.7417985847945905,-0.2945192115074176,-0.2856184954072582,0.9425460165244464,-0.4592449795185299,16.51585118317906,0.8306160802394114,-0.624316919053152,-1.1710741434838796,-1.1968329277803331,-1.102189670948383,-1.0165893282919558,-0.4201635245241566,-0.4137685454882251,0.3714010930683502,0.0207644053061467,16.65843547402941,-0.7832102216670737,-0.4870353874372467,-1.0866117762943468,-1.0868492043950222,-1.1023697067776177,-1.026175560156124,0.5815812601235038,0.5884842026154885,-0.8877338607025896,-0.5845311495425188,16.34986596452579,-0.3088866976774985,0.8396592974821219
-0.99187694842529,-1.150700463278047,-0.895559723008492,-1.0124633555110378,0.5429964485508246,0.5483177199566895,0.3350276010281671,-0.1043296140769826,16.434044502028087,-1.111214001510415,0.5071027229050553,-1.4262390204257462,-1.5693929502247357,-1.8290355418040365,-1.9114602108636165,-1.2044153727057194,-1.2145106716459124,0.5097372014558946,1.1756310823922458,16.509813429395,1.1349502228252095,-1.2060234883545555,-1.6136848415834126,-1.0802421059096008,-1.1146252127554446,-0.5432423458029706,1.4641541931162825,1.4577476031653558,-0.2799016290504432,0.8302695804352616,16.45917874123719,0.3052360129896109,1.3071444942592905
-0.845895586386078,-0.6066334897595915,-0.406139594179933,-0.0634719607547068,0.5215766873113538,0.5265271358066768,-0.6893199080606867,0.0740495110831212,16.300883848858376,-0.6316893829473281,0.2113293292159354,0.2222739246720611,0.0658818115681219,0.5113625776524043,0.3041755848023978,0.4330424277869265,0.4374175627777332,0.589045386514112,0.7991047431391158,16.407603630426845,-1.3731756342263477,0.8263711867148594,0.0480257127920663,0.2719243927139002,0.2325073057516379,-0.2986947541153891,-0.6609639039154641,-0.6583152325080968,-0.3821197905235213,0.2909445925682363,16.371341623716667,0.0730568880642643,-0.7511915119633247
0.2560493771318078,1.2802078801048768,1.0819476368239214,0.9642872396169117,1.019697244624705,1.0185907677167751,0.4953442441653354,1.0851349917561317,16.482349869491905,0.453769892175245,1.937337132650785,1.7036124649594735,1.6819307874879312,1.59883991955732,1.7021994446951805,0.6987524991473331,0.6998244951665328,0.8364030227274695,1.8643530240559865,16.609145068279098,-0.5172772571831247,1.20220081278898,0.374450735475655,-0.0767895012463459,0.1243365608627455,0.2005939378932474,-1.2685115516887255,-1.2702139243856334,-0.8393027145738762,0.6004594616794109,16.4769233460646,-0.5288635240444494,-1.6917524007734372
0.7264450382876486,0.2864907499281657,0.1437502955631882,-0.3262822722202868,-0.4488346951361753,-0.4427280425178312,-1.225527201591387,-1.0367017674224082,16.33080907713649,0.2614656514052767,-1.0377083740540922,-1.5355109492771466,-1.6210488200718456,-1.1902557702216037,-0.9038405427929528,-0.5237470241513438,-0.5187538130193154,-0.2412614528234335,-1.2176853527380287,16.295237231476854,-0.9386795666136878,-0.3646379221484552,-1.7072228098022406,-1.861165814252005,-1.6842156692089694,-2.0973366623558976,-1.237883858102606,-1.24345121744307,2.7226286076007553,2.6640151670052843,17.031426045354152,-1.1989651199984226,-0.5844301316877166
-1.678378990081246,-0.4134557766471537,-1.6422416363938446,-1.1080764041948936,1.018107438839458,1.016463700366799,-1.2589302167558174,-0.4644200819141204,16.422037390652484,2.6016563762780858,0.2790946109830244,0.0475699812222931,-0.1040427374546526,0.1340818468078118,0.4036829153662532,1.5861352922846896,1.5758149145839144,-0.0743153509033816,-0.4025324201470681,16.46241565598984,-0.4623284276277585,0.6373782894929827,1.031743432233742,0.5086090451920333,0.49679910299006,0.1740920053373791,-0.2489312442099447,-0.2433517208814884,-0.687373405180119,-1.1168319333505432,16.179002679952916,-0.0340583672115963,0.0214391326641946
-0.4052273583345556,0.0153821420290003,-0.081697740525347,0.639397539556308,0.4896712944315434,0.4942230002900856,0.2328819890704825,-0.6381480744872065,16.317749547837774,0.188760212501801,0.4178017230079988,0.8481496560023728,1.442935230137742,1.3384140900264012,1.6873011586178532,1.3292385919362777,1.323077461192659,0.5733909335141795,0.2740813241307532,16.589791659821458,0.0159099344548081,1.6394569138371236,1.5791789604590831,1.469686519830159,0.9975000725560474,1.4099001329181915,-0.2523732764890534,-0.246647843819789,-0.4726824541429968,-0.2183830242737114,16.419466182510256,1.0155738915920385,-0.3751042616421588
1.2132745773191906,1.003448351474883,1.3830003280481282,0.872637841379789,-0.6553557688985803,-0.6538701787704221,-0.3320810548841859,-0.4352085748032845,16.32116718029286,-0.8354437192013061,-0.515659496487281,0.1794737051268874,0.2269591361396473,0.5414259312565222,0.3328234548109584,-0.7452671008450666,-0.7449584942852383,0.182695727784973,-0.0246425694891707,16.462536128090385,-0.6766112159486211,-1.294504089092873,0.6604339038810361,0.7022212236693532,0.7285824034999494,0.2356929975287792,-0.1598471526605273,-0.1542168604839938,-0.2766651729132219,-0.2391691174346428,16.42070089195703,-0.1827015406195346,-0.413025566777549
0.5420133742123524,0.4587494266170232,-0.4108887719098463,-0.7254080634753545,-1.17377917450017,-1.1806850401756934,1.0172844515097177,2.005224964861959,16.626580597475407,1.2564348691742138,-0.8758093425398252,-0.7871043531491264,-0.5984719682276427,-0.063583456915801,-0.5455975430418715,0.3562038678124345,0.3623730701961738,-0.3177831934268708,1.2840361055618028,16.602008410698836,-0.7562644146477903,-0.2304323514994434,-0.3060963013025748,-0.976052421897911,-0.588272275518048,-1.089432674246883,-0.6363321973999673,-0.6371094607953167,2.6907173245448437,2.7276766395149115,17.57959026783009,-0.4950725641917556,-0.0009351307175945
-1.212249549490025,-1.994770169398749,-2.1176118833280664,-2.0748674463317567,-1.6296700209616104,-1.6449037279555825,-1.287168594336007,-0.3172079092729408,16.6785168858628,0.6215871094960256,-1.0020669075905142,-2.072069791248321,-1.6812921935720997,-1.611711480012816,-1.1474015299491027,1.0293588704221774,1.0306802441400411,-0.6038808539814144,-0.7738411849771686,16.402198902061716,0.1419010538686775,1.4163590702104254,-1.4491793205756596,-1.6064614149387622,-1.152187009627906,-1.2163808156471494,-0.0626765033270429,-0.0583244004144351,-0.2429578596626965,-0.7388378516254225,16.337656873387605,-1.0779363286481725,-0.1684302279034605
-1.28169781369193,-1.6671443268902928,-1.354729775832796,-1.4379478977588538,-0.3381764998485048,-0.3345218591625453,0.4959972663189405,-0.205650548814591,16.702186662003076,-0.9230115973356412,0.5685288460137975,-1.2258703990905706,-0.4928213102535048,-0.8939912626171765,-0.1841434204965796,1.7456506302053334,1.7351540014918578,-0.5523989663327562,-0.5943175573540148,16.474608651784973,0.8490266833021297,1.9452196569451912,-0.2478826429934346,-0.5273204537948004,-0.1578259887791772,0.1319289740852698,0.346769717271213,0.3514364256611711,-0.2995740817946271,-0.6381059826373965,16.397808629360497,-0.8960589769770645,-0.4944005937057045
0.034843003844994,0.3040600522850802,-0.0138312205789912,0.957523480862152,0.7233870800404484,0.7250226117316566,-0.2012258206889293,-0.6023323315676377,16.3869083869625,0.6144809982305937,0.7293844620715061,1.0696233099494583,1.119260255760316,1.3187529373415985,1.6368886426941094,0.867132689867522,0.8651466104300711,-0.3385914723005599,-0.627676176099503,16.245996308204468,-0.5427894707296356,0.5422927660759467,1.7367909639939083,1.7154718189485954,2.026283358165824,1.680843870691873,0.3073435467939123,0.3113439824934884,0.15453569173628,-0.3179705259819537,16.421358288567607,-1.2218829908752322,-0.6139681220389789
1.6078950934576792,1.6986359193740772,1.7264329539339844,1.4465168853411077,-0.025090998583454,-0.019573357498903,-1.1503550482598384,-1.6063283500884835,15.816585205759935,-0.6809170755934948,-0.0323330128213599,1.3480642077392515,1.1268192955587455,1.007723825612214,0.9455056092277035,-1.046130206844741,-1.0471667706125765,1.988864969889733,1.4357796866828965,16.34053503440452,0.0818233918988799,-0.5332299616584882,0.083088304857248,-0.0834529250635173,-0.7942470482018336,-1.1592353156763118,-2.3821976390360895,-2.396856975275464,1.0161908089746174,2.27443026764551,16.703735624477478,1.9048290945688011,-1.992709020661268
-1.3271163655335432,-1.0164006144740794,-1.108324636303619,-1.0170292211567755,0.154731200629143,0.1597870242448485,0.3162968014999885,1.9941194529622135,16.903211115221335,0.6867206447888352,0.4111547024790464,-0.8811280907000744,-0.8405206362766884,-0.6389173825911226,-0.3841324672462525,0.8024692050182398,0.7942381714266433,-1.011878275924423,0.4582012620112551,16.515367351253097,-0.0169544142738205,0.8057908062853577,0.046505154139232,-0.0294473209823361,0.2563133272809111,0.2856955438781351,0.7025363976583077,0.695999344747651,-0.5560130843282611,-0.0684878210069231,16.34770632527974,-0.7634304518335095,0.5174221739221484
0.7791506060584058,0.7724766520527547,0.7737814884178942,0.4873379694549647,0.1973908598904313,0.201101333983046,0.000847208349856,0.0160947670147932,16.398617223108207,-0.5850109456414279,-0.1940712498338671,0.1755060931686173,-0.2189644269183861,-0.6554913334557463,-0.6398170975160815,-1.0942982158803118,-1.085610006244799,1.8873217361243848,1.846498826216954,17.104911983090325,1.31292493772421,-1.6380998909793485,-0.7118125246124728,-1.3467194647513323,-1.5490097542413477,-1.8853850538587325,-1.5706981194856002,-1.5743368737444996,-0.273918448007619,1.2782146248017208,17.153604867738448,1.642666182402465,-1.578390594189737
-1.7249074493070686,-1.9030652577968263,-1.345541419217582,-1.3360057429634649,0.5319964891854506,0.5340025672809379,-0.9904144023576992,-0.3614868501604258,16.70872831770803,-0.7972918265146999,0.4623333968899804,-1.317015474322896,-1.3480061834704204,-1.0986329308346852,-1.2639111235889036,0.0858856010707692,0.0935670736344157,0.3692312328859092,0.1205323473566102,17.01898035710358,-0.3926187497102963,-0.2050232706675868,-1.06490181649672,-1.05057308850431,-0.7411434219308846,-0.7926482890722603,0.6317049898344006,0.6317774805092549,-1.0547241755825545,-1.2969054988387945,16.559989179961846,-0.7078787270749592,0.727817166096105
-0.3124887828098505,-0.3169599077266641,0.0388351986874822,0.0473560214976847,1.0614565117495582,1.0504304812035985,-0.0956450596468345,-1.0189766578996988,16.5717285708847,-0.9252788526476136,1.517541268073248,0.3156259710372929,0.0334262968342603,0.4014586323271751,0.2431982990962182,0.2374494381008665,0.2420824505879711,0.1138026925090225,-0.6050665488715625,16.65456568786733,-0.9611402032725652,0.3771942188889594,0.3418627763704961,0.8399673699847674,0.6706398641867454,0.9545383236057056,0.914284231093644,0.906657559239513,-0.437648768710549,-0.8139951377439458,16.529602537377723,0.3577993167694483,0.805214947922605
0.6718058724277435,0.8114782354131711,0.9787691013104656,1.0601356033665803,0.107037104971632,0.1131305027439238,-0.3324163577669083,-0.9004888698795456,16.462826618753116,-0.4955353427842094,0.1003676601939886,0.885469701920461,0.8329721123372007,1.2566859018689585,0.9291765713024368,-0.2792651856376372,-0.2708808008502307,0.009076544663569,-0.7110781990425995,16.534144618570927,-0.9906627214139576,-0.1228830391201672,1.34009839147126,1.4248083395765443,1.147572144397856,1.0120333150759997,0.1523959509690498,0.1572478508429481,0.8084407743101842,-0.0390807934593195,16.687825886406333,0.5449535852991507,0.5990606867010082
0.799607831533462,0.3814222491035856,-0.2224896006371355,0.2474781752685972,-1.6572712615130412,-1.666147942805165,0.067237026108016,0.6419668373591725,16.681498601389464,2.0066847099308,-1.8158506123229876,0.6854364268316271,1.4848180403540236,1.1575599554606528,1.526429065756406,1.9260226181102715,1.914421123355394,1.4679193921262002,1.907503863030052,17.001739257827666,1.2474657022242188,1.5568452566339184,1.4202005350694529,1.0224462795190854,1.1871321689820789,1.068779111748922,-0.9080314989531788,-0.9101524022379138,-1.6460536046521914,-0.3259570003441905,16.467159775950506,-0.128006835670151,-0.5636240040134707
0.9660045093734744,0.3135683410603628,0.4101974517544122,0.0490712188978989,-1.1740028149301007,-1.1815080280247316,-0.271225269013696,-0.510869659328864,16.41702184566698,-0.0946746369240873,-0.2330461333697488,0.5579549002402016,1.3004934718589083,0.9075913974168603,1.345567338834764,1.0049541172769998,1.0077474478161896,0.8486936595797261,0.3195026454002681,16.60547254968495,0.9067509490170576,1.1141765974299316,2.040097223761045,1.9317949512782124,1.994810490271882,1.351522600584813,-0.0460018121273042,-0.0400559136520786,-0.5896095885031191,-0.2522563398910999,16.47406941913077,-0.3678067487783065,0.2416571808515494
1.5643526231066405,1.0255550055686202,1.087458032796023,0.946321792460764,-0.2835785090290699,-0.2800023845730081,-0.6156066894679294,-0.7925201530312059,16.33407769981987,-0.2810946851108313,-0.9229438704642444,-0.1897775036567192,0.3848929059881273,-0.1951261183242163,1.1398142648120797,0.2246717737680489,0.2314813176007311,0.4984322574231947,-0.3129274565540105,16.459242729174488,1.2485888795646096,0.3864899897474589,1.7146581123476934,1.834754298425116,1.7291867705707116,1.844482206957172,0.936766388489003,0.9397178844335484,1.4158506375836633,1.2678827522682894,16.80721477979964,-0.494524623664938,1.1250217858919915
1.9260464895587035,1.828125821557349,1.7186177368898183,1.6400401637471664,0.0484171863867732,0.0546114239072178,-0.859220692726764,-0.015266519100347,16.57787222419101,-0.3368201642419557,-0.0699311322933329,1.568151236207978,1.6710432058381557,1.6865533640497454,1.9860028695619705,0.658479816325235,0.6620301133174998,-0.463259691494421,-0.4270328136400441,16.457684525813118,-0.5664078083050984,0.547902110536109,1.730177799623038,1.2801357634118389,1.545565197967229,1.5257788815584952,-0.3526410300052852,-0.3486799025941006,-0.175127908858779,-0.2956267220548699,16.378411742427705,-1.8229523600648505,-1.007175589669155
1.3419843795282924,0.964261216566304,0.5623969033065035,0.1495267703484091,-2.065402063058716,-2.0780009939977924,0.653443317112624,0.6085868180508213,16.51751592581947,1.3251582656420984,-1.5211588539371743,0.1022367086776253,0.0509724949346295,-0.3562297280777307,-0.9021108814476192,-1.3238323386814477,-1.3231746612513855,-0.5006809459999642,-0.1599179860767443,16.432548735606485,1.3340476425282626,-0.9987451273487856,-0.5014264403413614,0.3873859602565565,0.0814975842386823,0.0875213924442891,1.199394725747032,1.189940827571549,1.0092387106177692,1.291861978567492,16.631488037767816,0.7239615530955812,1.5022405587524583
-0.4169690979515705,0.3095569282393718,0.1309668985310965,0.8311897698884672,0.7873078618865362,0.7849550561845305,-0.2972909212516482,0.7663197812216943,16.601657019794484,0.3670391261441565,0.634070513938178,0.9364072004454906,0.6886407569412892,0.305657119514981,-0.0794495644944129,-0.9180258268913706,-0.9134528541957776,-1.4926993348305868,-1.6511353378029037,16.221770837246083,0.6321431338352228,-1.4813513993413168,0.0562829782983172,-0.9593297699877884,-0.0896927407629199,-0.6065124879152062,-0.4340560930192896,-0.4271280003570622,-0.1995948747864374,-1.478499563592112,16.168864903059692,-0.9370693809219296,-0.4062493344487048
-1.4366488851772268,-2.4305702758792704,-1.7441356858817316,-1.0853273683894196,-0.495631312446628,-0.490420224972665,0.8016721905924405,-0.6368828935537304,16.25224194199406,-1.0473348955932993,-1.1935613741553122,-1.4480929095497814,-1.5240464518014625,-1.1697641828986227,-1.276352375121591,-0.3263054171103725,-0.3207313801887033,-0.1825695946129356,-0.623016076418365,16.196768282043873,-0.7701089271591653,0.4021372859073474,-0.6769988163609891,-0.5344751151922311,-0.6028909840307344,-0.0006753902886968,1.3149307418276186,1.3105749862892797,1.4378091144355682,0.818391249023929,16.424057206016005,0.0930555612431896,0.7822618063654452
0.1085495756410556,0.4184921786522479,1.256265920377496,0.9310348328001914,0.6347643601877141,0.6390028696796966,-1.2353073192014437,-0.7265456065066046,16.155593823698027,-1.2339831335892548,0.1594615148631696,1.1880857394814806,0.5015814509311074,1.13321856867687,1.2155355242855863,0.3272063782540783,0.3326318876141791,-0.2330781947482347,-0.7314053144726071,16.08402177409068,-1.0077197740671886,-0.5810381545480584,1.4232773341288367,1.1975222984815967,1.8572880882324017,1.6178251216116415,0.4652428237221865,0.4689331726271802,1.1772502333410246,0.5782664636207898,16.293904462459054,-1.4678370575314976,0.2820690403611325
1.4530067468933536,1.2069322938454154,1.6975581708059635,1.4243207310058397,0.019113450793311,0.0238413872144323,1.8509869830722985,2.338903442372265,16.6765565436875,-1.6118789141834236,0.412370337791294,1.5789894599261212,1.9584671935769904,1.8436226395092752,1.9868419726793072,1.5547343407735932,1.547485724576045,-0.6923411755302892,1.2390846502566366,16.512054886318438,-0.2398801095382132,1.5365573696553425,1.854673340896036,1.9962753844493155,1.7496329604629532,1.504778605059405,-0.4216981012311744,-0.418487080661004,0.7392565439886064,1.582670526636291,16.72263022779453,1.2868474127690586,0.1963627887749381
1.2735043538612554,1.2172207425578672,1.2962622627231086,1.4535148798831072,0.2918840348334713,0.2957057677695096,-1.3180147928124446,-0.0766360633173933,16.40519012580844,-0.6265673285939234,1.023352140072936,1.358711081754157,1.3484419627431894,1.204650914637512,1.0338284410144294,-1.2274020486828974,-1.2306558994994443,-0.1881489674838062,-0.2299841946418619,16.39939497192112,0.8527931510198328,-0.934340292042397,1.1260715042183658,1.19133037198143,1.2021690492199233,1.4231294445352902,0.77335065763001,0.7744679357902586,0.1023350236307047,-0.1188961744302304,16.474594649419554,0.030253146215362,0.7866797874934879
1.4762120073311351,1.1870387755237264,0.7871738444493361,0.6971989209105673,-1.868177484013588,-1.8779762601795644,-0.0928830399312382,-0.1201598938400858,16.481599296154187,2.0975464981170844,-1.985954445755012,0.984936631674858,1.2840046731973225,1.2953726015060951,1.7458625036292226,1.7792062271450142,1.7672883728233146,1.2954439526213848,1.095418586453039,16.818506437544585,0.7929652362840304,1.8569271363535524,1.5790340168063988,1.2081291467766888,1.4317251648466034,1.1116168723601283,-1.1222256170376657,-1.1264685134496988,-1.4702347977190162,-1.2381354836165333,16.4161834703476,0.2214157188493868,-1.097245838120952
1.3903537755399349,1.303695726008318,1.7800011656840071,1.6827454672861897,0.8056387828838418,0.8079701010713073,0.2775983111867626,-0.7786840577348358,16.537509751273387,-0.904930876547564,0.1603097934130935,1.3520532253532134,1.190316711664808,1.1935291079503256,0.7080787027414135,-1.3149793820999334,-1.3225593093269037,2.486445745944335,2.434651890889438,17.35777630362344,-0.0643229897123923,-0.6010203206795952,1.0063578148654082,0.8876947846571526,1.1107524138156164,1.015729865268667,0.3033907881022923,0.3097414798602907,-1.3537885715226847,-0.949421948469246,16.457798449405114,-0.8727975325235617,0.1532140450360729
1.3287256318101093,1.069634786192611,0.8615994824861022,0.6831816092043927,-0.4137415305869431,-0.4093221683009014,-0.3222097041703772,-0.9174337611608488,16.346258663672135,0.3830412041895821,-0.3336444548361382,-0.0600339803498277,0.3444306352223081,0.5216310494433867,-0.0161746163819218,-0.6509096682270397,-0.6500872041682153,-0.2701401183424884,-0.8908241060860255,16.290358538530718,-0.6503128432111039,-0.1146344297385008,0.0988017453091131,-0.4837182991490729,-0.9118568652216192,-1.2927768557343282,-0.9574063360526048,-0.9617157552890692,0.2233044000672437,-0.4649129052734611,16.48278049978641,1.223339319323102,-0.0847756400256883
-1.2332578191582853,-1.5468783185645198,-0.8156079750400907,-1.0592186520632876,0.1384364510792436,0.1457821778309366,-0.3376045174699984,-0.5677935223381664,16.39552289695285,-0.3882117181749457,0.0883640702065513,-1.5207371316998988,-1.571501944170738,-1.1111868944240906,-0.3531785438968097,0.6402022269748643,0.6459938367289878,-0.421646427471834,-0.7167194769367448,16.24172829977404,-0.3198292430615134,0.1631919782143124,-1.2066237385475342,-1.220165823451502,-0.5579340733779476,-0.1116063760551402,0.2195324243163663,0.2244929148325181,0.0178444991806351,-0.4142150020302609,16.284067696582177,-1.143003773898598,1.7628932434763815
0.8125496517081272,2.041616804766731,1.2795310655020682,2.027905124933862,1.978200531334105,1.963779171909786,1.5302453322889538,1.1339413749821077,16.99257227132688,1.8776716368866615,2.39920356938292,1.8431437791875096,1.67624593499707,1.7157811857190246,1.4081733668969292,-0.4937226561088637,-0.4924180433672012,-0.7339113003582018,0.0584923914807926,16.63737153053223,0.6852906898807115,-1.461307595477508,1.1083151707980812,0.5901458571649895,0.4748382807322877,0.2760598842876486,-1.176767938474142,-1.1880998663676787,0.2520145007804934,1.336773588972583,16.749936467993752,0.5445141724716671,-1.3440529149670293
0.1448310563390578,-0.3010236313744667,-1.0784291902942502,-0.703321280946123,-1.004922629933225,-1.0141682298829744,-0.7494520337592724,0.1129043042497049,16.482391551496978,1.5718142177945065,-1.282114759791178,-0.929711493433917,-0.9799216054787352,-0.5812230246039148,-0.5025469864583486,0.1954734357159047,0.2033654062456716,-0.3390859256118846,-0.2512208306167725,16.40305659950827,-1.1802227295165104,0.7735275520912033,-1.412721213208184,-1.7428425149673408,-2.2485024315096713,-1.9265633288566952,-1.7685723148158274,-1.7930327451064692,0.9348840154985466,0.977991362982756,16.792172187257126,1.6571399942905574,-2.0426010455744574
-2.1497009642358527,-2.065895129661047,-2.0109482513292805,-1.9862332018018416,-0.9005731436100908,-0.9015464785750243,-0.1517461133966291,0.7668153619816994,16.817662233000508,-0.0500831830140268,-0.7892773241895925,-2.131145663377975,-1.949853133496236,-2.0323339604315103,-1.790205849819786,-0.5037822010584164,-0.4996407079020534,0.3545636648585838,1.2752949362613004,17.048817787374322,1.1146722323961225,-0.9223753311925362,-0.8950203097828593,-0.8527563416212603,-0.8228068452736648,-0.7733624506652284,1.6998076925838492,1.6881168542229752,-0.6131292420359264,0.2093862327501324,16.92322690788656,0.0834429182724243,1.2713551014764928
-0.654697572075517,-0.8389999982755797,-0.5631978962577371,-0.7296942354672692,0.0331479820799623,0.0437960330976164,-1.0847026367634276,-1.7198318511178838,16.446823764829976,-1.5445520424259325,-0.0981052186965594,-1.21289893278601,-1.4405252788766043,-1.401167547310786,-1.3231897513283968,-1.1573450593192307,-1.1729562031385958,2.755937884052905,2.6010707139626787,17.874901308182377,-0.00035634882715,-1.1384354385631172,-0.9115760853295696,-1.1013221837275822,-0.957506711452732,-1.1421600108976853,0.526810480229807,0.5377211044458473,-0.7012789663638392,0.0520730204469901,17.255383664557012,-0.7624945371163763,0.7818946424731462
-0.6743457855679144,-0.3969770356918182,-0.392280364042571,-0.1374302245295784,1.5415252371027448,1.5322926190908888,-0.276201057851369,-0.1296425499201553,17.225882425034886,-0.0078923360526187,1.5665885880994526,0.1773665198279825,-0.0809585627787547,0.1471252454452223,0.0664285519625196,0.2213784303291896,0.2326603024519654,-0.5977109310103405,-0.9986797716816592,16.730683377854515,-0.9022071311270214,-0.1106461012578661,0.1443912118612024,0.6313197981790268,0.7294799578668737,1.0582367143980886,0.6597772991114765,0.6669439289887065,-0.1793616851170627,-0.8950928707962618,16.799949349541343,-0.2975236497912449,0.7211215709595323
1.3468782488879876,1.4925065481141495,1.509431079351833,1.6008857499377054,0.5473129319668804,0.5537763303947844,-0.0479729555348458,-0.5840210721409647,16.96740438817682,-0.8273901486813804,1.0313664910307248,1.4376251279572825,1.4174077736992858,1.1317144175708382,1.2935397904617347,-0.1518289264794106,-0.1421647363643366,-0.3035770281699526,-0.6570406765820698,16.858722661384075,0.708749962425684,0.2282180919140639,1.312479912671011,0.9330892798361132,0.7542559210124264,0.36276065899557,-0.9859190581305548,-0.9842461538413472,-0.1232354190725598,-0.4409878646997399,16.926346770486756,0.8615679246052098,-0.4503112463144272
0.2089129051170635,-0.0521420207697538,-0.1516774738424328,-0.2925005138976168,-0.7173368127702673,-0.7128469833716737,-0.3591535868188555,-0.6085820371041841,16.716107691393603,0.5059981839459993,-0.6603732541042586,-0.1730708181162907,-0.4777771129951326,-0.3155829456547572,-0.6528682279320543,-0.4193542462645557,-0.4122638010892249,-0.2856627353072734,-0.6923335199198333,16.63606178052567,-0.9914718534071016,-0.7868528648475372,-0.907126071220981,-0.8391887794756434,-0.5815959590511467,-0.7411889452304187,-0.0140115863549565,-0.0074614737328305,1.5547457877911333,0.4278098336256047,16.908700748737076,-1.4296716581907336,0.5488801195710445
-1.4546391222726651,-1.5246340727575751,-1.6053337420061764,-1.4151983816559248,-0.678342464275637,-0.6782986213337335,-0.5930290584969563,0.2436844147596633,16.747679887683702,-0.281176059026672,-0.1913777782498954,-0.7768985356985479,-0.687182723110975,-1.8580126363689955,-1.7848491311826538,-1.2738723585808427,-1.280092832115354,1.0834317998016698,2.028961366489032,16.954996838468002,2.6351093811109183,-1.011615177797671,-1.7721837770952775,-1.7816486426854503,-1.365632998514844,-1.3099236183578655,0.5692599611673442,0.5733681638117482,-0.9982052248170618,0.5934309965557747,16.779747056054713,-0.9046950197032124,-0.6653409312557741
-1.4347744233508668,-1.4443176056766982,-1.2929350190771212,-1.070057130207474,0.4497620143590003,0.4539865952817332,0.645194322557599,1.1772762524521212,16.9149360029299,-0.4627720420354391,-0.4031816097317701,-0.8819504328125162,-0.890980843525411,-0.7869962312261242,-0.9707737641142664,0.5574805952413302,0.5593336556103822,1.3457901764131877,1.9935853132368275,17.182285597190365,-0.4049678409676348,-0.6957865534100538,-0.9525042487352748,0.0532861594356058,-0.6309599194833823,0.7251777461202225,2.414783278435551,2.4014341867889564,-0.8244555423135268,0.8582248212209922,17.04285843344882,1.2186985967349586,1.5718158682426744
0.3771581894628954,0.1008572244148546,0.1186341297452368,0.259630490314624,-0.6357228731203459,-0.6384954465395781,0.7736031481954059,1.3691712596115633,17.23484254255621,-0.020697199303153,-1.1998883693288185,0.4656270538396784,-0.059691071543955,-0.2433652517303785,-0.8247804351449807,-0.973931900992762,-0.9837957342606656,-1.7031940676878947,-0.8673507623524568,16.76505757413129,0.1901918091685925,-0.9467975687508648,-1.6367156897078228,-1.828618725649585,-1.771359990618805,-1.5336964826676944,-0.7754711111167152,-0.7807176418782527,0.0685971013043816,-0.95602355624555,16.824775895128756,-0.561864863148175,-0.8551393319314755
-1.601507214368387,-1.4131962840196286,-1.7922928368075182,-1.751936320002774,-0.458838959526835,-0.4588303693611938,-0.2872359512501274,-1.0164903247794437,16.769592421039576,-0.243450480050219,-0.3133775637910143,-1.2884542636126128,-1.4740552740980304,-1.4387911203300745,-1.360703566499888,0.2979207093421706,0.3071550094304616,-0.2901996376497978,-1.103219044401481,16.726800932409336,-0.9508401213290544,1.4979678785921535,-0.975476781001984,-1.0609040306726396,-1.1388882718015696,-0.8202150019646647,0.6257855662743458,0.6345341234882241,-0.1187763601001765,-0.9314839631546074,16.696140630461517,-0.5237764624323314,0.0612174096163647
-0.7772435337420351,-0.5931448408186724,-0.3951880519936652,-0.2260510326065438,0.7448495200418135,0.7525475690898935,-0.6957307440163146,-1.175927453572444,16.543912320637993,-0.8052126631233966,1.355216929313252,-0.0863876351232899,-0.2417996907956349,0.3125924805662112,0.0051519821835756,0.2811474834205191,0.2891666837742269,0.9603973652250516,-0.4461673806261054,16.72025086977552,-1.1472606854368346,-0.5718145713030621,-0.191905777293989,-0.0154433163856636,0.1214871542006949,-0.2608435419825041,-0.3341600743649326,-0.3303023900714446,0.7040911200115972,0.3095624754157289,16.8180993219731,-0.2415624253547205,-0.0477698449477763
-0.6726794405826579,-0.8616407771010864,-1.3056197957982425,-0.7798154708406168,-0.6153145190699804,-0.613682383324754,0.637218729187735,1.0283107598294938,16.92765163446038,0.9601369371880848,-0.2744628286312379,-0.4421658766021736,0.7684605027741911,0.0304654648777876,1.392264771297249,1.9343232436668745,1.9219459197858608,0.2352178087201602,1.8986145324632404,16.950348080056347,1.662559894417874,1.9606814636827865,2.252304355657642,1.6232716564000684,1.7303576589213203,1.0651889315724208,-0.3295573306938784,-0.3258549963052394,-1.861164732153088,-0.0168179042549806,16.675354434769183,-0.3971716500813755,-0.5323948107097539
0.7601439851115905,0.323822525946057,0.4465879015239386,0.8697882980716557,-0.143292829372777,-0.1389633156031298,-0.8990176190794473,-0.6693342831015328,16.522827223428322,-0.2892827042429692,0.3131107592149844,-1.0459646330046026,-0.2977657279525207,-0.8074322278267987,0.3136647100833208,-0.6149710182125022,-0.6150062504414172,1.3356735823477122,0.3805515139235934,16.709874392464194,1.0258177521709138,-0.5124151472120609,0.4266076157328675,0.9387842787464002,0.918932939907926,0.7657447245812763,0.2789809279093309,0.2841984094421492,-2.036416653435739,-1.8371340605193391,16.0647793643327,-0.2827545217595498,0.5748579816412112
0.4014612973928463,-0.4403930172148101,0.1007858461548887,-0.1691085276579394,-0.6708705130416361,-0.6720313136387234,2.308358458470569,0.5615244720821794,16.706632090264904,-0.839296903941687,-0.1647353437061929,0.4447545634748254,0.1259914112722716,0.696663784363894,-0.2581106196807758,-0.0636695446381492,-0.0596887993938576,0.1731089087600419,0.9443826135729356,16.84223269667928,-1.094179170140153,0.1430615504280907,0.4859434156646567,-0.2784532920069727,-1.2267421417832671,-1.7709518321002853,-1.2151947708135256,-1.2269548049082737,0.562619107136137,1.701494431431514,17.103990837930706,1.7756394330840364,-0.9910385643423965
-0.7943124901308248,-0.3244253587077841,-0.8807390440004552,-1.114136611098265,0.4365038811986474,0.4427820355875559,-0.002189733535396,1.4904988235066996,17.191550836677113,1.0945824381342455,0.2174678802436506,-1.3760246638468223,-1.0140707997835992,-0.6902180244453793,-0.978709875419337,0.183015904884078,0.1883244415995081,-1.0907705438946669,-0.4344226297272872,16.697133097271934,0.1268281906304005,-0.2013249964581137,-1.4874543307909336,-1.7770856792740275,-1.1175657058220487,-1.320469544328608,-0.5067601950094879,-0.503849195652835,0.3663577616467189,0.3078703655430779,16.88467455006405,-0.0690871650892125,0.6011422934315015
-1.1819873922019684,-2.211742697242246,-1.7981781092632392,-2.169965603479344,-1.9284442481511288,-1.9340545410736831,-0.1394077532452668,0.2683897816822708,16.917866094574908,0.3193215147954433,-1.968314504464577,-2.1868340650955753,-2.2514111356826807,-2.118230661646254,-2.062488734394131,-0.9528016536480244,-0.951427871672659,0.6669324729029225,1.1938829948693843,17.25447891652231,0.7709930127048782,-0.5390382909804629,-1.6879834644022542,-1.5998122071861804,-1.6567699598957455,-1.7539082252327276,-0.1759913289644911,-0.1721109959731089,-0.3958254617338913,0.6150442432563321,17.216397924910165,1.18053161956184,-1.135963757440446
-1.6250803881426266,-1.6701752620446342,-1.098521678389426,-1.002605655020938,1.7267374893076013,1.717703422281315,-1.1192484645764456,-1.2517467887603393,16.90969357458709,-1.2767224401774653,1.61640955559371,-0.9987849172760408,-1.289403332425025,-0.9715309236153784,-0.7945129538358747,0.5111734079272062,0.51401965715235,-0.1702247635960466,-1.178522644996422,16.91795597695982,-0.9696277857866242,0.3130767863764151,-1.2960822279123092,-1.4664573021991938,-1.3207613414288544,-1.3312886105848072,-0.9867059218131522,-0.9881274496908868,0.4963996841437089,-0.529008404458237,17.07683269583291,-1.1550287006615323,-1.374964348928952
-1.3863792602691418,-1.0802143074276762,-0.9985396625495592,-0.7084156522805891,1.159084034457848,1.1559213550442675,-0.976177271664445,-1.2323717798665974,16.807003909971364,-0.7382293791906438,0.21909811120406,-0.2329049404343657,0.5608301608952152,0.2736167609985802,0.8640180651303867,1.9707586479396388,1.9569069875953335,1.1289201774329058,0.1171503834782136,17.079959988944942,0.9956698518030654,2.156790756402325,0.4160228024179836,0.1491726723277609,0.9174678361417526,0.7074020284572121,-0.3331062665856572,-0.3291029571000949,2.389639413868743,2.3886896789035212,17.832230476915047,-1.4809133870381364,-0.1483707888124851
1.5479656340479315,1.6210961346715504,1.845912157501807,1.4377552738637065,0.5607888456355589,0.5666700052832507,-1.499291038124676,-0.9977042422334036,16.888685284534876,-0.1837664100815137,0.5415531424135466,1.5257199079678172,1.491787227180219,1.6611228706617938,1.8010572874548765,0.7911559048073623,0.7940679274010036,-0.4222912277394833,-1.0459129365060365,16.754921179260382,-0.3656477709521862,0.707184430692829,1.8354904394309195,1.49912128445923,1.0058275502885357,0.6030728192459366,-1.3651492782181165,-1.373121734080065,0.1416926413594773,-0.6284444797170973,16.859504332160235,1.5080296057069962,-0.080544545191323
0.5521278512054616,0.3929854255238702,0.6542904557900702,0.723224897633284,0.0849738024622001,0.0909293131599665,-0.2685545052478919,-0.5812980561597006,16.773068422797543,-0.4918660673657694,-0.4843467585762365,0.8461712222025232,0.726733435637943,1.0489108162340677,0.6876231441649985,-0.0495811809202779,-0.0437044190058633,-0.7805263100236732,-1.015849183439008,16.3744264428888,-0.6459599262167338,0.0812549744013905,0.897059971616132,0.6241838270364156,1.003332035314857,0.6821313604961421,-0.0244412318105873,-0.0185368964990041,0.5061215891077226,-0.5231049355392955,16.638976609965315,-0.8752664087778967,-0.1125369654546457
0.3612417150001318,0.1828854941224796,0.3891908695030884,0.175790236436005,-0.7059328142559259,-0.7043972583853975,-0.3542714855379792,-0.572479628278856,16.49370624844086,-0.4066928741026847,-0.7322996342250419,-0.3951493879809931,-1.085030758354767,-1.1683135501634083,-1.907768387439656,-1.2176704341560511,-1.224590691609784,0.1135302136410492,-0.3357788518699895,16.60847165937649,0.0140693988738404,-1.3867562356308754,-1.5743094346476092,-1.6954739202667377,-1.748975254821945,-1.622828819821234,-0.0585256007931984,-0.054247193649449,0.0883819625470056,-0.0498022884081207,16.69141150579732,-0.6058685097291473,0.5494934447831893
-1.0765988717193802,0.5126112827236515,-0.3350261837521072,0.8378860284794468,1.8439816512944225,1.830689679529984,1.2453229758230773,2.569596287317994,16.97178735565995,1.2667054323082128,2.4467487767598337,0.4084131587869841,0.9581843350418358,0.6710659274949476,1.3955817805775432,0.5597592463750644,0.5637256525542254,-0.1326636976474819,1.7687590805994038,16.972119455670576,0.677138692242722,1.115054659887536,1.732234233630651,1.5203187805867686,1.0910583128090974,0.649653023201116,-0.6889211322647083,-0.6885305188724293,-0.945785223205064,0.7293832304107062,16.78053622229825,1.247656947977102,-0.5007102764045581
0.9972014468931376,0.5877248758751366,0.9989103174499786,0.8008334780008943,0.158797882966277,0.1638244787604016,-0.8237521781972629,0.0439407415799572,16.577101589185666,-0.4124468986095924,-0.0150244185023375,-1.0915388226978209,-1.3081565500751842,-1.8791867347851676,-0.7685701720692706,-1.3575221982680936,-1.367654185583543,1.6397457107494278,1.2422746218378182,16.966968028285763,1.0297566565848326,-1.8305929927333424,-0.5169898120161741,-0.9210178278895144,-1.2831757629445084,-1.4854824598973548,-0.836218149496901,-0.8388486548504495,-0.9669520122874896,0.2195982337099561,16.785750700648315,0.7761391909121625,-0.5276147113060111
-1.3819893010457045,-1.5481427659190914,-1.5948367519210191,-1.653345988467429,-0.5239259360807995,-0.5232769058242824,-0.4177453931200603,-0.1921687928839135,16.717267315653647,-0.1495961845954689,-0.701654236505717,-1.4882046835395923,-1.3620641313118096,-1.0619050464156206,-1.310933587564125,0.2189077302636413,0.2253688061047142,-0.7045698135990166,-0.9269704208249084,16.57763225401184,-1.416781193430506,0.1979039633863964,-0.6648866686820118,-0.6255866363197786,-0.5710085560094715,-0.5282173670495148,1.0452582090243312,1.0472128650377324,0.4777951377859822,-0.5661356655481035,16.707664116399513,-0.4277953817930288,0.7273669859769324
-0.8129738562097034,-0.927882499174126,-1.3471007676655316,-1.4974088054757635,-1.4106703158479634,-1.4220587147182528,0.3864083863907427,-0.144716422781755,16.82295897863744,1.2536900833651248,-0.9263163600374024,-1.899627514340543,-1.5457774054988276,-1.4553874509234377,-1.4406312875535312,-0.172977813814225,-0.1682374387049247,-0.4079806317346854,-0.4030233557316013,16.726991333465797,-0.7027778213013065,0.2533067888509009,-1.3411356954800622,-1.5268073653082446,-1.4577373625084862,-1.2773314386236736,0.4388896691298519,0.4431244088898703,0.6273526975930944,0.8180145052492356,16.85718613770641,-0.7586789278117655,-0.221468194781373
-1.264920423098249,-1.3774891286904998,-1.0065998563412284,-1.0134645861600522,0.6551443000360514,0.657623830056583,-0.300515970920076,0.4240474979602273,16.815200041424923,-1.585993199511649,-0.1849572266934572,-1.129612728671178,-1.2017948135753658,-1.3421824181499675,-0.999010185761275,0.4337833237447245,0.437590104559924,-0.229894971547296,0.087894286262116,16.80903544703675,-0.3175468639248401,0.4640379108657484,-0.8782088820855806,-0.2492026555041843,-0.5039415494101698,-0.0870734561174801,1.3310544524716146,1.325200189736962,-1.3737302912920728,-1.3769551003814862,16.579525190022103,0.5333427487998906,1.3272069140477667
0.1511963464766336,0.6743257068969342,0.4232726952072708,1.3598260708700964,1.4585723020678956,1.4489045534560432,0.7929827720508187,-0.3018338630064633,16.667984340836565,0.81595589746026,1.5790657781049926,1.3871456863740887,1.8547101790739249,1.6303092542802784,2.153747058107878,1.5988240449200688,1.585143410327013,1.653485290929808,1.6670547154915072,16.910612985734183,1.531633607628855,1.4751789825955808,1.7939107406240036,1.7307891130137576,1.9634247576516757,1.838154461282691,0.3013962154878428,0.3060471040717444,-0.6666354969524729,0.651432015190405,16.85129017407315,0.2817369176962607,0.5423476588643621
1.7746175838639184,1.464777312407123,1.7834229766963297,1.5121591142263089,-0.1460882259940577,-0.1400038738595699,-0.9071937602855644,-0.7429749621631799,16.72336749960886,-0.6232954243921126,-0.5105926977576412,1.2904609769399789,1.6092222537425342,1.452114765306012,1.5931283928376316,0.917194246258518,0.9190157358109402,0.4629909647497486,0.0123033583013329,16.791596143062993,1.6321733003351655,1.1330541461348749,1.614811323567628,1.2721252044688205,1.3402263141840385,0.7736479905802331,-1.9949831950678352,-2.0096420872579115,0.8021854665706818,1.0570670632561094,16.92525436398921,0.459302676767202,-0.5878968009167507
1.0055858297417672,0.8242120995557425,0.7613445554340584,0.4950204856652618,-0.7592606249734816,-0.7553951252846798,-0.9784943761919476,-0.3703862270859376,16.772538437049548,0.7682393296604232,-1.5296795757658035,0.8785227573113159,0.6696875587720642,0.6054319374526635,0.2011337012933161,-0.6992570173642304,-0.6953821349447097,0.8107274496223156,0.8691949149693877,16.905106556620282,0.6655829938064823,-1.3048134658307389,-0.0722793968817799,-0.1393396101677068,-0.0374851365389216,-0.1979367251791371,-0.6704300676943291,-0.6665034421335213,-1.276434252471902,-1.1628016843968685,16.659890790179755,-0.5251433562737428,-0.2918812420512527
-0.0471661391240416,-0.0585766005151247,0.3528597340185309,-0.0887908981755472,0.1864853671449341,0.1920275089368966,-1.2821575116284722,-2.1256161152535222,16.406869701984423,-1.3189657754997062,0.1530779355813812,-0.2374515980517582,-0.7351115929458938,-0.2559445678759978,-0.4470504781038003,-0.2373269518117691,-0.2322901113385571,0.2685449502446142,-1.4769038348936718,16.44211936813585,-0.9804905266265512,-0.6832400636404257,-0.4134617028158889,0.8458202995531229,0.7385312581165407,1.1706124345039797,1.3894979846347182,1.3818663071393054,2.080702666008669,0.5994483340327591,16.792921058216375,0.6256100389731432,1.4039323008319196
1.090774438785875,1.064955047920435,-0.003334080057205,-0.888022837339752,-1.559869771730236,-1.5686501447603458,0.1238625493679335,0.8615662963917237,16.831560081275548,1.7299964708383515,-1.6342968842641354,-0.6764536194981925,-0.493617006845047,0.4688451357757157,0.4571232663391688,0.9964554804359436,0.9942680587920224,-0.6346944730011221,0.0636079537885188,16.715453091743438,-1.3022307365692438,1.0856274538988115,0.6453249052424394,0.317418109242897,-0.2103478214452228,-0.2190869368562382,-0.4933484003064535,-0.4892739803312876,0.1424438994306748,0.342931162363836,16.755592744287483,0.7346029277554331,0.5800627572543112
-0.0060254960934375,-0.0916524285284414,-0.3663748543979443,-0.7655675175813679,-0.3572230784988763,-0.3529888779316953,-0.3052170597008793,0.1773225350273589,16.686320049675214,0.1794375720408135,-0.7205370422714363,-1.1508613060571076,1.358885687903906,0.0572109337576519,2.0391364522643785,1.8235867391134484,1.8099792165558612,1.3130147020201357,1.607142586782748,16.959503384269514,1.704188196275573,1.445489438870112,1.9269833471474829,1.632080469291261,2.572700035949935,1.530302690043621,-0.1910343170811707,-0.1851522566239514,-0.6637099958901672,0.7197112697055893,16.818551110868675,-1.3276604542449777,0.2008452215311996
1.4071192817058278,0.963304020818032,1.390706845382035,0.5674275900523905,-0.7935576982007102,-0.7930205262309726,-0.7026077437831877,-0.1397614002076009,16.6862463980008,-0.7612286534953929,-0.3262852871349568,0.5904077850294461,1.4707834190886766,1.3353004688606394,1.724639495953434,1.0725053766202908,1.0715086951987407,0.6753959019640317,0.5343057553988952,16.85999494734482,-0.1815251391227984,1.0006626119590465,1.2344428727884431,1.5877136540326744,1.3581842034692828,1.310405654046492,-0.2763222345574659,-0.2701058113337047,-0.4145780190591689,-0.2495918402255263,16.83450520228805,-0.2883955819254927,-1.331275721114596
0.8285475430853088,0.1750351782288626,0.7565788254751833,0.6230231008424871,-0.6292604822416473,-0.6278393182478538,-1.301487264553993,-1.8430766638898095,16.586591957263394,-1.051900582535221,-0.4766499042628359,0.6387836750145934,0.8940683188400765,0.7225836236609955,0.7325940316440203,0.0399269881844668,0.0460649539687601,-0.8009721851945381,-1.8800462677372545,16.40783567936536,-0.0530168141725316,0.354903052308652,1.158493789979506,0.938935831369376,1.0893663218992131,0.4536673826657336,-0.3061493349959226,-0.3031685268603333,1.2096510674315986,-0.6722082038130153,16.61034995026357,-0.8801631623510404,-0.3177579962623206
0.8210730087692086,1.0413763633354065,1.006557296301277,0.5208542948839544,-0.0147888425490381,-0.0093617122534714,-0.4610938544965699,-0.9175180886061124,16.51084701416607,-0.5594153916761392,0.2717695275726676,0.8121111033634784,0.5322907487631198,1.0732618903113231,0.7181370370010075,-0.1443884387086757,-0.1399860467724066,0.8842020126059201,0.0265991683194393,16.681481523186495,-1.1261322413115809,-0.3823576390146044,2.0711205146345626,2.0404089032667123,2.1997351290592415,1.9079137317734567,1.171450650437989,1.172846717594162,0.3774452714657352,0.7753743214318108,16.73108975525434,-1.0440412845744902,0.4270536862255097
1.5029726119848597,1.006932238023716,0.4633645902592327,0.0101556810984716,-1.4120474970063637,-1.4209777821678322,-0.1146555697272258,0.8143773615023377,16.71351979812252,0.7712501740898704,-0.9467269592052656,0.0941483856699377,1.3352831483079712,0.6602635472963232,1.5258500599896438,0.9175135376551586,0.9181223765283348,0.5001854139052825,1.2543562766785863,16.808875080607134,0.9113041025710036,1.5695628014494778,1.9766181106702092,2.0364396715118773,2.0188419978746612,2.05730510775129,1.0066362980856425,1.004546698099431,0.1359434687483676,1.3614275573169674,16.834607782668293,-0.22583428472098,0.4974021189781798
1.48674354162996,1.7417427482957504,1.7499209339188266,1.8428483288610271,0.354459178552973,0.3569693319523285,-1.4581866241295978,-0.3963673512036245,16.536503374244766,-0.2009814261437939,-0.573479394811595,1.5974522481448237,1.650609727300653,1.4957578480058034,1.8587574890128296,0.6312095857655355,0.6305448580238645,0.3884787830486743,-0.0669850789843,16.60511622962935,0.3553187016128391,1.1864386798401516,1.8479170335672563,1.6579482922532904,1.5429222796893407,1.668855352002666,0.1723459935288162,0.1750676805925261,0.312455379264541,0.1198463651334381,16.682118911699945,0.8252574845860486,0.3363846847170764
1.7637785141836952,1.3979152452690795,1.5678998787370573,1.0498299250834426,-1.2257319721564066,-1.2232164080877412,-1.1238909897631884,-1.13016219316072,16.520703414074937,-0.6419372641758985,-1.6215923186169607,1.4337330973298406,1.596300837851692,1.7007138497561558,1.3850386763671587,0.7074861100322921,0.705791540905721,0.8991393276782385,-0.3224689186691356,16.655886483498456,-0.6173228651081455,0.7939943388377299,1.465559053636047,1.7695477291483634,1.5692568535378728,1.803071916651704,1.166090965138066,1.1578303898907885,1.6952648259182113,1.664771678063405,16.91203798675907,0.8441835446572631,1.1174533674654752
1.54872912689306,1.6293997268863305,1.6143656790255332,1.3429193034323543,-0.7082182207665798,-0.7038034046479248,2.343488443882534,2.62300120518842,17.46001747705061,-0.6344062869272021,-0.0542326818724905,1.5501171163129064,1.52609326829312,1.4251331574415531,1.5209140362618456,0.2671121159820524,0.2693675565886357,-1.790035396121016,-0.8038806173421801,16.635132008129535,0.5180804952590969,-0.336774138654773,1.506540496456734,1.4961337690019796,1.56632482213889,1.545655082402711,0.025836572983371,0.0288298926517416,-0.4049200659272129,-0.8829813087247117,16.515448006165652,-0.5975965372054908,-0.323674451513176
1.4056397129946168,1.197963545614127,1.3011130636786248,1.2455841190080388,-0.932410240041051,-0.931764708883504,0.1496301852834847,-0.5304805781589954,16.595552746483637,-1.1131692349644449,-1.116797167132978,1.2672752691971123,1.1991624329367752,1.242143596329079,1.241042023707691,-0.1634373175648428,-0.1602981592029573,-0.3833934150911549,-0.6782451289880281,16.515394236946758,-0.7787648498876786,-0.2402338124531739,1.3205915179147802,0.9263589930408976,1.159900825266048,1.032920512871025,-0.6505012423678969,-0.6493086279811878,-0.1626373467540998,-0.6234943858195686,16.503045145656102,-1.8223425122556924,-0.101925927673074
1.2706288407205093,1.660428896734803,1.4337261431778463,1.329771814576778,0.7009288076564044,0.70260054021013,-0.2271672799070078,-0.6027855635433211,16.455403324219425,1.419348173970841,0.9122519573989496,1.424513195008195,1.1072981071198351,1.067381780376902,0.7905215204465871,-1.6533488915947303,-1.660199764325759,-0.3017653414965303,-0.6604855950923716,16.392107282269254,0.2244237126431148,-1.010603871506181,0.6215699652623216,1.0421961099465218,0.9330835507008886,1.4956812457627462,0.7343983411062643,0.7357246667345626,-0.2252217636533351,-0.6305841257306081,16.334472439285268,0.3637830855752867,-0.1802878096494421
1.7399850309308167,1.7041807924590466,1.834254327329942,1.8597936363270955,1.0633502393730752,1.0610172106573483,1.2861485346004613,0.3977677237437627,16.73231330819173,-0.3615463157127782,1.183938113677709,1.8557938670947003,1.7545324653718894,1.6477417945768882,1.861211300612096,0.2317149202977244,0.2336793972096644,-0.7324810709349507,0.9726198439499012,16.441410348413417,1.0032459582103637,0.8665741710562681,1.9904652055974648,2.1396787036718004,2.1121004987038665,2.145358648462713,1.7829458971623666,1.773809908948973,1.678310981575578,2.3364492424554735,16.80721477979964,1.7139489464724085,2.1320322353227157
1.9524932890717228,1.6436612536231514,1.9741317845001731,1.6073548827028454,-0.6705710686747414,-0.669158711018536,-0.8391912447013854,0.8928227803425265,16.619131571569824,-1.269423815156142,-0.5466856746969896,1.3886609679522215,1.3573011823913883,1.4990255606521927,1.40778294478186,-0.3072306818628508,-0.3042537795315085,0.3329157987414152,1.1748825061987522,16.731517627601743,-0.7277026516717758,0.8998167980329641,1.4043692119575264,1.7108655813676712,1.49457435004926,1.5760868766892449,0.8897707661541348,0.889441699229994,0.4616555494628438,1.439300801280617,16.893472423140107,1.5559417887412483,-0.5071961467904463
1.4438676638084167,1.2903597092565822,1.373952233906857,1.0623999614590742,-1.4642299608076923,-1.4678815589811387,-0.9220268740386258,0.1866582639762941,16.67850546642757,-0.4775929443395449,-1.274159662334136,1.1623401835590033,1.0246319009829632,1.1546602217575257,1.0642784621500787,-0.0418604825067686,-0.0379706351983548,-0.8318773915017246,-0.770010940105073,16.464214141088473,-0.7817535732059366,-0.194450471503027,1.0266287067599742,1.1144836151284054,1.0921317737874623,1.2652709726069642,0.1685382860401637,0.1715642980272989,0.6330625249299702,-0.1495887134686058,16.6725094175264,0.101167218852303,0.9952703620152014
1.4381018029184385,1.0668389433939152,0.8189549353764107,0.9679095497078086,-1.154420212319656,-1.1564396604205451,-0.211116599189732,-0.5261393563916762,16.68090069067662,1.1652060705955043,-1.5264525175274064,1.3550288738575849,1.3735624017949708,0.3420821664297864,0.0619840852312071,-1.6188561042156406,-1.6272999739488394,0.7978191752902775,0.7023894123607489,16.88539906322176,2.341598233099197,-0.2730040192518188,0.2832850640440406,0.1105426990839145,-0.0563964839561676,-0.8203738198593994,-0.8256953357365739,-0.8259037874905711,-1.388385407336639,-1.4639736817276314,16.52552556091188,0.2384897202686714,0.0419921819239634
-0.9498261435211046,-1.0616203455446598,-1.8333673538276676,-1.568464483028574,-0.9620608702932912,-0.9634023215685718,0.9304640802819296,-0.2673200290738693,16.710438642244654,0.3371273771585029,-0.9401681022810496,-1.4977617425188887,-1.616401211561646,-1.9561330451065004,-1.4450198065316178,0.0034458957689764,0.0071006108948985,-0.973468969692632,-1.2201016541817755,16.492317808108965,0.1463495328523108,0.2329818951617015,-1.1780154980716488,-1.3122627201669788,-1.108718630910975,-1.3032856017005428,0.006377989780229,0.009984847150671,-0.1963658728444109,-1.0829481283536286,16.441728745984822,-0.5655427044923634,-0.0479208684261505
-0.9666300204737004,-0.3548945513896814,-0.2590444434359005,-0.2046295261286597,1.6841794532139238,1.679255572453331,1.9620762354574397,1.7043902060949885,16.8866517891661,-0.2183378938448368,1.6816315691502774,-0.7571476995555095,0.120264695011188,-0.5458081621682688,0.3117885449798411,0.7478581730957421,0.7491245675569431,-0.969905895522142,-0.1100685951315543,16.60916954733271,1.073459881929956,-0.7035594463276872,-0.2228206676500593,-0.2063555851229461,0.3915145897267492,0.6870267019092647,0.5366298552582386,0.5389559678900766,-0.6507927506614211,-0.9640652641859035,16.449541059939662,-0.987947769306158,-1.024608048930075
0.028732263449516,0.0272048923574084,0.529330589502404,0.9028270310531514,0.1594481453918761,0.1625354134263407,-0.4674564989687685,-1.1969620526765223,16.308815261839747,-0.6711112009615275,-0.0929512127709488,0.7160575946100256,0.5076949102214133,0.7217596844832593,1.2690129435258,0.390208877647233,0.3926966265150925,1.0516232272093826,0.2214321153949209,16.59065856493923,-0.0103197003128652,0.539810869997349,-0.7904266785493924,-1.5731458102028333,-1.973565929460528,-1.442590574485148,-2.424660432304609,-2.434139266303135,1.7746974764707488,2.356199386633673,17.122012607431234,1.4166744313025763,-2.410035796125947
-1.7379212715635857,-0.4800191241533459,-0.4658810180007642,-0.0724094555610727,1.216669386211639,1.2046042482877506,-1.1907237562692603,0.0313218204699217,16.666789207898603,0.1152916091053048,0.7839821463183411,-0.2244951968131275,-0.318353453223654,-0.2673519233273715,-1.1113167785356484,-0.9322410063215508,-0.9257065614370572,0.4150563444072473,0.6947645417415699,16.86399186330578,-0.0196887305123382,0.2781360912085799,-1.0625913919009993,-1.77998415437455,-1.8669637285701697,-1.9905063666182672,-1.2589763608880251,-1.2576694111317217,0.5555684960962245,1.3314560603149304,17.13974413448648,1.084916031350014,-0.8366527387169451
-2.0368385980489747,-1.970999565223147,-1.3469914433276298,-1.4999071927710697,0.2737001552380447,0.2778649441124362,-0.5474154693549161,0.5135577112093509,17.054722240485095,-1.4975391751435705,-0.2718998417637573,-1.6346424557434711,-1.874064433357042,-1.777965585147787,-1.281688452775438,0.0913691482058732,0.0965821265890936,0.0898580252380391,0.7473048938389945,17.148546900642298,-0.4381326598926395,-0.5789289186487534,-1.009655542786296,-0.5517659104540192,-0.4488620519100784,-0.768338856702587,0.7599742325164113,0.7586008874937723,0.0492181646811578,0.7838901764451519,17.262359883141173,-0.3561874688580369,0.1881568769763016
-0.5243698369195522,-0.7876664914454422,-0.5548784796977876,-0.8520470238822927,-0.0764694415650494,-0.0706304033059752,-0.5282128611419495,0.1288836743611303,17.220766392952257,-0.9731491932817125,0.002147725786219,-1.193643219859866,-0.941023985440078,-0.7088689359322611,-0.7120466956515604,0.3135790087511116,0.3174755383097374,-1.4140260358023178,-1.8224376532470692,16.757694417310994,-1.0751185128362108,0.438732813767019,-0.8178485156315305,0.2077423909782473,0.0289624874274174,0.9779536361866308,1.5269178190295336,1.5141681155091615,-0.3932599004558626,-1.6885622389453043,16.68136196759838,0.4806289773512664,1.3392152793318426
1.1417427682970536,0.3454848922795226,1.0774349272305823,0.6097834157406062,-0.3602956175372756,-0.3561908756243441,-0.7829918650392443,-1.6436496923046455,16.429110949037916,-1.6340300144827675,-0.3361072317154686,0.943607993608816,0.7921382960853143,0.7937816376937956,0.8969148949125861,0.0958175151505021,0.1005593445500267,0.4680964499718866,-1.2041895816310275,16.52759268657827,0.0489838789179069,0.3717636481182927,0.5823881557298068,0.7739464254286531,1.2085268505887876,1.4830836898104471,0.5811779981470317,0.5839628623020204,0.0832588876167337,-0.9493430998140424,16.5288203033824,-1.0054713060200875,0.582169246127034
1.2773206676943605,1.5401283090778526,0.6781297929450957,1.7021617814996932,0.6430315109312603,0.6472641047340498,1.3515216613088203,-0.3235512440552375,16.7193633152525,1.9083068766302544,-0.1786293266237326,1.5803744705070872,1.489692430186836,1.551392701942888,0.931521542251604,-1.0430878112260196,-1.0478700225809183,-0.5977759566194548,-0.4368424867577923,16.572046178393226,-0.1597880942184815,-0.218155664269864,1.1391858032404076,1.6479816108767955,1.6820442347251303,1.7424964299973842,1.279391317697121,1.2790335976983935,0.025369883885364,-0.2267797335183367,16.530503336838493,0.0744910269068179,1.7443586692090236
1.657713855835494,1.3293702212508185,1.625002857722385,0.8713457122822066,-1.1288022145133825,-1.1339288770930596,-0.910285376198382,-0.542335959436654,16.262308629281232,-0.840161551559301,-1.117806620499513,0.6333236402770515,0.8148433772197983,0.8528459571348503,0.130111419724622,-0.9610259239121418,-0.963926048954114,1.5254382821730983,1.8478622405949447,16.4893143893272,-0.1856489596949749,-1.0842594714739002,-0.2153008356766556,-1.1523888360920906,-1.499790977476701,-1.980811822249921,-1.7107442364338696,-1.7237598896881705,1.2190232078679983,2.2599615499610985,16.699154232985723,1.2226734169911924,-1.5377543606726063
-1.9407874300121652,-1.0861067770254005,-2.062394330733953,-2.1769046311357885,-1.2548204302633896,-1.259102756677349,-0.6046281058036429,1.2564681347487143,16.58683604515853,2.3499628212096546,-0.629314131822266,-1.8269349482364057,-2.1976183653858805,-1.6566363437477685,-1.651279197166195,0.2072488913303757,0.2119293315041807,-1.282801085379046,-0.1812982648767583,16.31788058151927,-0.042521834995805,-0.3759312726168336,-1.8649720764013111,-1.6246944841163515,-1.3114304887984043,-0.843084698114917,1.2023686328779202,1.1985044629945494,0.7130577633663113,0.4252321742565992,16.45301675662625,-0.0651005043293807,1.587233297142669
-1.1205519189868316,-1.4980526031534418,-1.1579623465182465,-1.1237613974703058,-0.6086904939626308,-0.6064505421024222,-0.071968293464305,0.3014702423780472,16.44754334457466,-0.4975508069020424,0.049090255850428,-1.3487438802125638,-1.3277921578585627,-0.912771600107938,-0.796936820281612,0.6087500531838591,0.6129570837399655,0.358500589656226,0.716191573451099,16.502813753985944,-0.9814026734590168,1.0942126922538424,-0.8049967169534578,0.1977689981433143,-0.3673514625332719,0.6112684377488269,1.8861213210469772,1.8729794655728655,2.4809355817120218,2.5666336852554,17.184095246670573,1.3656029768288174,1.6068388704902634
0.2415247560841102,-0.171281662366329,-0.3215886098854584,-0.4442058668430939,-1.2275920765809316,-1.239761816885273,-1.0689744324039183,0.4713682858403134,16.790494107813988,0.349260511467109,-1.5038937129814145,-1.1570914661507732,-1.5009923890218806,-1.547298891958722,-1.2015116645208872,-0.6410930923110203,-0.6411845555274575,-0.2976916831018449,0.1278159587145182,16.781412343873583,-0.151900538362957,-0.8431542005968674,-1.094967333383852,-1.2806915112497557,-1.3357106770409803,-0.8277963984006235,0.4794321159241903,0.4872355905532374,-0.7661241925861625,-0.7770405361074586,16.514419168428102,-0.7154995169913632,-0.2239742619693084
-1.0940100466399516,-0.6329576712058644,-0.6571864417906141,-0.0921722458524429,0.5482543274232375,0.5542015796090386,-0.3527206374097886,-0.8769201614271209,16.392244131086724,-0.4101135785401497,0.6873858257529522,-0.1013510147509205,0.0783845702653229,-0.0115807740025924,-0.942141584871205,-0.6622211741384258,-0.6601172832454882,-0.0439372126448268,-0.7063196354568599,16.402462308490854,0.1976680746585404,-0.5273706896103622,-0.6196509893524633,-0.3589774515118554,0.0562648175681383,-0.6601300657178716,0.2033507020561925,0.2102525726298248,0.2328513947782521,-0.4217202967641862,16.539775322968282,-0.854424579356029,0.1138275316703101
-0.992063467210539,-1.2025707693447898,-1.1432933988734173,-1.0756892531374198,-0.3903153534816864,-0.3864044431796424,-0.5932988328533774,-0.851641626222141,16.338226749389182,-0.9240617618322324,-0.5312532897690345,-0.1798331640801778,-0.6766385411689841,-1.452913827330146,-1.4932068822105535,-0.5902227503668137,-0.5886171736343995,0.1388337876783609,-0.5856298298626952,16.426080299240596,1.0062080837169511,-0.9955955420490326,-1.7453280870356165,-1.6661186236724037,-1.59197679517539,-1.5211513675888917,-0.3110533761838692,-0.3069136723276648,0.0579252219869081,-0.3765377584332515,16.487373908428015,-1.316961323976336,-0.2370513479433399
-1.6861574375224897,-1.7045720617729707,-1.823208446795586,-1.8294855800481016,-0.1373515746069137,-0.1330978956296315,-0.1078042111454875,-0.0963050034961516,16.404281679894854,-0.4595664187138396,0.2089572452735645,-1.906218944377379,-1.7260824532911634,-1.6695562784763864,-1.7158910221899693,-0.1916164721597816,-0.1887414100503192,2.425427674744203,2.4129847425213913,16.86705121503278,-0.9256871109018908,-0.6926524411214225,-1.5063414412908005,-0.863116888967013,-1.061504653512824,-0.9646696094161245,1.5533960391960389,1.5501956346531105,-0.7251203631890251,1.266547438919167,16.692622626783617,0.4299219941438974,1.5162134810253471
-0.8343875832374814,0.1704611593149501,-0.4880451891502218,0.3113756202544491,2.0670924911744164,2.0586700574924177,-0.2379997127656489,0.8837451361832717,16.67388704951605,1.857631728668444,2.0958283721960607,0.3084049173347972,0.2991890125703692,0.2953980880589597,-0.0448698040839587,-0.5537756199221138,-0.5544532238753084,2.684225273773645,2.6701278859426267,17.77098763016941,0.0826709091427069,-0.1860503998614913,0.3209592553923713,1.3921615512706462,0.9970979505963738,1.7004280028929744,1.9712112708514455,1.963463490640184,-1.2096510909366978,-0.5384019511099525,16.604630692808776,1.298121985515127,1.9534125215230145
1.6495630477035057,1.3479168764691174,1.9783112450019644,1.625047326917214,0.1092955257032145,0.1164320898451699,-0.2286898892831309,-0.5327017082955956,16.60136718350617,-1.136971880551219,-0.0200280703169528,1.4957877063541631,1.246097527874289,1.4674345790372532,1.369100502531711,-0.1220191225455305,-0.1165675219065742,-0.2864843561518026,-0.6039754200306157,16.57373415660358,-0.40788202351956,-0.0830792841093115,1.5313084160849653,1.1552116933984853,1.5219783675165224,1.2654391801454838,0.0512277395167402,0.0574376819449856,-0.1514297417278834,-0.5406787689955382,16.6376451706452,-1.214910318799428,0.0599497550876003
1.4657920791308856,1.4511219592334843,1.3815212300138913,1.0929860726756362,-0.2110978527428153,-0.2067367566982013,0.3466957391383513,-0.0364403469689674,17.016869901112948,-0.0257722191830949,0.1303467732062504,1.1342918277040548,1.2536287483214608,1.0816823320473776,0.8505639209901878,-0.5542839376858463,-0.5536004855660627,-0.9141664328777988,-0.9540962053640442,16.298156404060435,0.3855470245284094,-0.600518122589079,1.004755895277472,0.8014129469653104,0.5098599867881424,0.393681298264103,-1.002755169797142,-1.0086413976337998,-0.0129350391590904,-0.6736827885941192,16.405280174653242,0.6000876283337491,-1.2563998688452884
0.196299864391076,0.5303650738089272,0.7527886888099089,0.5679651569004908,0.0169440607442326,0.0223938115975668,-0.6904723082915989,-0.9116475182950828,15.860994641233262,-0.7744685490416903,-0.2818025184947484,0.1805789713001983,-0.4076152358471968,-0.4596812358957881,-0.5614110979763063,-1.185991174642314,-1.1979729585477652,0.6166419501230191,-0.420115973033022,16.351664746926403,0.184812095833647,-1.274712580318453,-1.4025014785151846,-1.6419504377976146,-1.6833350134641023,-2.310695368828856,-1.0141063579976313,-1.0223432833023594,0.2154145909210223,0.6406522435324014,16.40706447019626,0.4974523165737872,-0.7811697530026256
-2.0902149393568945,-1.8871070408905748,-1.9562532000773212,-2.1734104421929743,-1.235079067639254,-1.2359683522920764,-0.4215645267976592,0.2433082751696536,16.277404518716498,0.4142498143910468,-0.8529404148085964,-1.6413903769708045,-1.715206699913653,-1.5696681442164184,-1.1736703948010212,1.461312984440608,1.4561890158854958,-0.4476600910926463,-0.1368324525981173,16.118505666890297,-0.4997501641313783,0.4765467091139314,-1.1189215374922967,-0.7546687068892173,-1.038090619704082,-0.2086877346065413,1.4755972969496802,1.4700597389863577,0.7274787707890057,0.9189438969095224,16.3868013811464,1.1349843562396176,2.0810176083034437
0.1854425697292213,-0.2104308179347511,0.0375899587918633,-0.0893355829525494,0.1840258476478522,0.1878163357118411,-0.3644059376558581,0.5582335594131214,16.273808053518692,-1.1275222635594184,-0.1385899178502101,0.4352376434560888,1.0399772454154852,0.7357915363378777,1.27923277439911,1.6415796986941742,1.6344965517714083,0.3682711637935108,1.5965419131714602,16.382956872355646,1.322192634260489,1.4162954528957743,0.5954973650464138,1.2231077225983698,0.9397659381040324,1.6042406418029609,0.588259370219096,0.5912490016301182,-0.0104581580362592,1.38213719730735,16.426616651796067,1.2308358175677592,0.269188077544311
1.7759915597847495,1.8278027490150792,2.008475010273242,1.8467476462939485,0.9869047917938212,0.9847459982213792,-0.1304840856278577,1.1034074282205426,16.42578628538263,-0.8594590156567926,1.7593224136512706,1.7671457021728836,1.8998650170334577,1.83889432305071,1.7616236791099549,0.5716216814055844,0.5734670722403437,-0.4870238811852807,0.5997332938138539,16.383041273161002,0.7354516125473685,0.9138545127921676,1.5710698069027162,1.2032766016755567,0.9918539688197594,0.5885079105091586,-1.9346683307192285,-1.9441883245147025,1.3481336848559338,1.5612484976881376,16.597907336085136,1.5292357415124445,-1.2559303038697325
0.2641808036153534,0.0734197059839095,0.3775423069216649,0.1727148266681389,-0.757591421239479,-0.7515631240604693,-1.4536521537269045,-0.3540052885758335,16.305893933075986,-1.3351558812678,-1.271797541733365,-0.0052248308301199,-0.3334087236054625,-0.3138228653323389,-0.7791258523856525,-1.366599799024696,-1.3660903876612234,-0.4416300104291838,-0.8097169093157728,16.236029875185135,-0.1771810186236415,-1.043339536465758,-0.628391478365958,-0.5384390028136538,-0.548778730319993,-0.2093306163978353,0.8146920546873202,0.8120692362423386,1.4233942041644398,0.6662062941944545,16.51856168448894,-0.0436486386666731,1.5636810711363454
-0.1839884589988963,0.6630807998459569,0.0272194530494171,0.906964120202986,1.1697477465869393,1.160948170137744,0.5873797068551946,1.3117040928596184,16.649999617361303,1.761984734592355,0.9478824168688595,0.6116395370154158,0.5160902872350479,0.997434123889708,0.6981904792752983,-0.3019871774573775,-0.2946235962115993,-1.7255936533388772,-1.6647338567862917,16.23610097301836,-1.104188798356801,-0.8840921921014779,0.7713620491993334,0.0507720310718922,0.1989583701027083,-0.1354928565518076,-0.7770045029414626,-0.773402507475223,-0.91486171711359,-1.858165577889226,15.997260575061777,-0.3342311775733274,-0.7127045662233525
0.062180636535356,0.6646892254521573,0.6136536396781159,0.9971497128980876,1.0272521574296525,1.0238908954270054,1.5346789169722208,-0.2763522040006209,16.33995045219077,0.226527508375542,0.7618133365021105,1.6648288168717096,1.1844379273797132,1.7221500976074235,1.1283948043443377,0.1773638514455267,0.1836261574249462,0.6578692448730907,0.726362734701245,16.53269894503774,-1.3828279077385637,-0.6719233705708547,0.9281240402517708,1.0897393487639524,0.5639880024018831,0.3270193409590736,-0.8116876669456845,-0.8110718785981788,-0.1956649031372862,0.5456702358190558,16.5269882784053,1.134677732731854,-0.0188756572257349
-0.2068345744513758,0.7236869339840266,0.024237849448227,0.231498026415032,-0.1037226327030925,-0.0980281338470329,1.102676819793925,1.8831312235124156,16.831231764987784,1.4113931843584555,0.6965788390105112,-0.4777987234266659,-0.9692101961181488,-1.1274174774810233,-1.038099641676833,-1.232108356447381,-1.23850614984874,-0.7272952053525247,0.7532076984509161,16.707320226016396,0.5285000662716405,0.2810481560709234,-1.0606112058589166,-1.289365654793268,-0.9688345680315016,-1.6002429647898258,-0.4508847823923397,-0.4467800094876229,-1.0835840156595218,-0.6241753854080081,16.42908896771632,-0.4896704970955995,-1.1560863218714386
-0.6679705443580601,-0.5643827419151085,-0.1645907879882882,-0.6503469015146726,0.9482650870801717,0.9494994066554666,-0.0753235944790053,-0.4984834523818787,16.430033728506167,-0.6509454063138559,0.9651604734994456,-0.3387185112497825,0.1506212711970486,0.0675809752605592,0.8477147960083256,1.430818653671027,1.424790935639506,0.0254204151992205,-0.2456556966701666,16.443868062354188,0.1424884424744086,-0.3806295279033379,0.755014973719838,0.8849909437024307,1.0428739264407494,1.2706329555065858,0.5120779486282979,0.5161310744764785,-0.6692409789867209,-0.8119342979096827,16.31299617641745,-0.5866189169150078,0.0068473645152674
1.4509931125439055,1.1852110666984128,1.181034621503301,1.1040923451069635,-0.1017713884286748,-0.0960344713641219,0.1394169076834961,-0.8083477312597686,16.397914463857667,-0.3261951754377694,-0.2529696302781909,0.6298704747111836,0.1338803592235471,0.7765066335212969,0.4667624527470307,-0.7927865693135618,-0.7914769523740762,-0.7351110420225297,-1.1763729830520384,16.26523043398066,-1.5153501231962985,-1.7427901818480622,0.6817945941045699,1.0015102351939074,0.9664647349002388,1.0597552893244215,0.7298485993405782,0.7319308731548761,0.38408251018132,-0.7420831290265252,16.31649567038579,-0.0887273057737065,0.2735010042719486
1.2213723856877263,1.2696803315888314,1.4412268458361115,1.2012254040320685,0.3413924632949157,0.345104394162489,-0.219689109295653,-0.7010782811035089,16.264738301655512,-0.9582395630658428,-0.6999542684706872,0.8802903384426273,0.549815536940254,0.9845126489609944,0.7656161681399123,-0.5871094174825582,-0.5831418819544698,-0.669539056623588,-0.976904325019838,16.123680128695334,-1.7075770359117064,-0.3460195482611253,0.9089075435783356,1.4113349839953444,1.0777440011633777,0.7883423625878863,-0.1143774298619577,-0.1104473225842704,1.9277999321244927,1.5128272659544166,16.33461740649515,0.8651802827904743,-0.2221056740282717
0.9404246796748992,0.1454188351402373,-1.3397183570573776,-1.803528750490324,-2.349115604743107,-2.3623587717530854,1.6815987829438923,2.376407251691227,16.56483071723604,2.320844764149492,-1.707008495986576,-1.7506459472510798,-2.05376851537199,-1.700545077350179,-1.985793236002217,-0.3981071913381935,-0.3898910137959675,-1.4876057308098107,0.2271564208982885,16.279568118105313,-0.1955199437694799,-0.1706476313859634,-2.1106463707294503,-1.84669792028369,-1.5358395530010778,-1.203220012134956,0.7430235121839139,0.7382574856491765,-0.4976171343803476,-0.2086330923628856,16.177260478381434,-0.5630484251944453,1.6018190559876926
-1.125818331399717,-0.7338023014582831,-0.6245535691222679,-0.2572938706124769,1.121935111305549,1.109915072435522,-0.1083554930714246,-0.2709947470604879,16.155526397692505,-0.2144033547147018,0.624518405657369,0.4836702219479659,0.5325463612999329,0.4678292894587503,1.028974020741932,1.351530753592166,1.3351118156056618,1.559070585232759,1.3699195744117214,16.430787432061667,0.1145365518580636,1.659704802283981,1.023232089985716,0.6769527207746212,0.6783980265197932,0.3876344017070717,-0.6718777472327621,-0.6636340736622547,-1.316368067866735,-0.6110709252131026,16.117255398044694,-0.0100244528105969,-0.5296268036067209
-0.0456241931811247,-0.2609697063579901,0.0636529536947264,-0.1450846978769871,-0.568964523416285,-0.5618742836242299,0.3280358610012595,-0.1596521656589741,16.18975572230323,-0.6447518047069701,-0.0137912277549716,0.1251328746396807,0.4759056240936321,0.231735266890612,0.7704606016525716,0.8947826125484488,0.8913281320228568,-0.0524559599322681,-0.1853366672503079,16.190779130432503,0.4782419564322085,0.9303096604902226,-0.039117382810535,0.0585696671275416,0.2973527959359974,0.6855672845840881,-0.0965367018780871,-0.0889637531469885,0.8814228316386037,0.956551787744916,16.402123630336398,-0.4449248388876022,-0.5995740818108892
-0.4554150643674847,-0.8979984749475711,-0.9951702261608724,-0.5457858892101093,-1.0822129173516415,-1.08167577946967,0.6759290507101423,1.6447264909258068,16.570768783423635,0.0195528498191512,0.0793655667677424,-0.6300784821787718,-0.701274426653965,-0.9667876247767848,-1.2887950560141332,-0.8570766638006572,-0.8569767334163071,-0.9528082470141936,0.4048228463820357,16.35084103676433,0.9721962600260506,-0.8771976930043693,-0.7786426115090961,-1.219000250075342,-1.4527009514563658,-1.6443223487688574,-0.5247783691558288,-0.5211375491258412,1.4180691434176556,1.8095084024533603,16.660466510466787,0.960575675723039,-0.4971525414166945
-1.686975725515066,-1.7091517593349073,-1.8258695633657664,-1.576917858714052,-0.2150030742889374,-0.2098376599126128,-1.1630703011568435,-0.0277507437359002,16.41580485824446,1.3981788742036263,0.9307678486725371,-1.6819431544202614,-0.5219064834173688,-1.1018385741524928,-0.4239952529160381,1.5028779207949945,1.498449751016331,1.7422045287796253,1.9310367183418864,16.890298944975434,2.3030863185472317,0.6054103142303499,-0.3730923984944741,-0.7789178423385954,-1.7156035392904765,-1.745633062327787,-1.8300008433682604,-1.8505999800898751,-0.3897477292960492,1.1287923243822278,16.85590070762885,2.468021230843892,-2.2635659297171213
-2.053674950098709,-2.2224918258908324,-1.940931112258817,-1.6376815035007253,-0.1893449764823131,-0.1823236393545545,-0.6197339349980004,0.2685842790432304,16.789605473131882,0.5937322897175463,-0.8960746574867777,-1.7819268112146414,-1.543830904031237,-1.012356243768446,-0.9024091127175992,1.050496836019836,1.046884040936329,-0.9381544352885122,-1.0364130128394593,16.583294066132858,-0.9354350979183608,0.6364034159397471,-0.9416625624817798,-0.917911084964955,-0.4468750398418138,-0.7781140750256509,0.3219897688242576,0.3281130846258516,-1.3136527732044854,-2.0589722971456266,16.121629499553702,-0.8674229225781118,0.031175421163807
-0.5451833663636128,-0.5044447412176561,0.055407933882473,0.0594352389665778,1.0571310099199305,1.053265606060928,0.4752517028896153,-1.3261751862861606,16.277575050762398,-0.9534626025398985,1.007756782216707,-0.2765791027071588,0.2276038123145742,0.4053955879966559,1.0057890850763265,0.8180951081013492,0.815780346706307,0.0988070720823993,-0.958500008251674,16.317159683701604,-0.2697283508291109,0.889942489730711,0.7876771462057609,0.947669896157692,1.3708874184791422,1.1685275132672803,0.1746717392771616,0.1806150920294242,-0.0129326787865738,-0.7739595738954134,16.346815704640427,-0.6159781717516987,0.4319024750148462
1.7115901906668238,1.6098739753826534,1.7166116383865089,1.5387728433140797,0.5822015501490666,0.5810449790301189,0.0340681160444772,-0.5386526841188194,16.354005445907397,-0.185730572040808,-0.1922900542590503,1.1573752979015397,0.5743072582777007,1.065982806560897,0.9942288521880818,-0.5167041496387628,-0.5062098142490146,2.610898790178063,2.1056856337645025,17.404740960468654,-0.9352766050160108,-0.0863802011249007,0.9259254366284508,1.4037488857872211,1.2216053054836469,1.594549357207054,0.9645507180061744,0.9544755904023818,-0.9816419460159485,-0.2162528215810765,16.592234530757622,0.2127501665778638,1.005778935601534
1.6451132289074215,1.2976789910095226,1.462325116093159,1.1878002971638548,-0.8211129260226108,-0.818950784134052,-0.4827732488480457,-0.5418176858534988,16.299158165491097,-0.9820028363983018,-0.5676886311263516,0.9265550174294682,0.7266954889402256,0.3042165424737017,0.1559489697301219,-2.026013243425207,-2.0366514086891945,0.0955509170256757,-0.1133157362766816,16.4413379711885,1.7730743874928725,-1.7925851920017997,-1.3117494475711782,-0.9715230824955042,-1.2050087039232225,-0.9068506942268688,-1.415802460075499,-1.4199695510010322,0.1400157382849844,0.3262516195300882,16.642108006342472,0.6369930448031103,-1.5765036598290896
-0.3259865791776707,0.1194112911843506,-0.281402371851245,0.4847359093405993,1.4687372322082444,1.4563272990273712,-0.3384095512780294,0.0013474732280543,16.5858468077917,1.1163133946118968,1.662960077709001,0.3255898064945452,0.6961473748162834,0.5452306527718063,1.1610418231123107,0.5290084549841548,0.5326962290311008,-0.4598657452512084,-0.4686127931641315,16.399327037400006,0.2908431200055485,0.4013579419406526,0.470382833656035,1.926875268225664,0.94265158757542,1.9762789039996909,1.1166562313752235,1.1118382282384405,0.8210524965573781,0.7126588955103219,16.961209097455427,2.2199235049653767,1.6105286445383673
2.164047121090666,1.9944464632526469,2.153200365331558,1.891129780717503,0.442037171024946,0.4463635681262554,-0.6268384149725147,-0.280120035524663,16.65632441539023,-0.0505373724227962,0.4831847214430138,1.6062178917225771,1.5882167237506772,1.7500532955001993,1.670583281984195,0.1889138020339505,0.1953827665701227,-0.2905758853006436,-0.4412690333009827,16.620342643261232,-0.4203302737855312,0.2529554092956766,1.5061459615967647,1.6471575024607743,1.638719738201127,1.7191016989291112,0.6353871579318267,0.6357665352692753,0.5476296089362304,1.1580662055322333,16.798780548854182,-0.0816565087741959,0.1214245011305958
1.5245358934192532,1.4866768496547025,1.6676366694176286,1.432089762579867,-0.153011709960184,-0.1455053174604836,-0.7650880601317972,-0.2165894896726074,16.570088111038103,-1.250872378519215,0.3893273489317754,1.0196520573553165,0.7807404862107018,0.7323086940000241,0.5432213008200374,-1.6400745972728707,-1.6489955841102584,-0.3729187811381504,-0.7538130276328129,16.511387025617985,-0.0529272156010766,-1.82588319624722,0.3213598379775251,0.3356425858234113,0.4995150061132521,0.41613592173112,-0.3481951310035196,-0.3393116001139313,-0.8456266543560403,-1.617474574255251,16.22649264185552,-0.9581214855883076,-0.5591023419230561
0.6547874379927845,0.4620060274289613,0.6988529417660225,0.5532359906089809,-0.0207573195640749,-0.0139163084365378,-0.2138025852570639,-1.3717845327495903,16.142134488909008,-1.1500981618791677,0.1255298780456327,0.498200670199014,0.4192955807730631,0.7456179091030207,0.5817489958822899,-0.2068577952108271,-0.1991496674101557,-0.5227218097131617,-1.410392431183035,15.931139490963274,-1.1793501410491989,-0.4191457772033588,0.3939297945674493,0.3799753360985112,0.5084113527777401,0.7109717786182431,-0.1479508559657973,-0.1408511528242012,0.5732684471499875,-0.8390488324049609,16.09871923482126,-0.57697330294819,-0.4419637636622608
-1.4037860336925134,-1.4388723800952226,-1.3404829246744152,-1.6835295303750508,-1.9023760736368955,-1.908130161277027,2.2798199715089615,1.2572412863384994,16.573702453951125,0.3391546093003384,-1.2529201398638097,-1.186179622148996,-1.517137499500746,-0.8495474970782984,-1.3345625079235872,0.2057043360348399,0.2106742758933674,-1.463060374361873,-0.8188425555436131,15.946927779903454,-1.4643467221975863,0.0515132102982093,-1.1181439141591192,-1.1996831735772824,-1.2601713122849492,-1.2487775089142883,-0.0555524395277323,-0.0483621782010288,1.0119916887190914,0.3082786834204853,16.231861829836767,0.1857708065826811,0.118154679848991
-1.0738347892134628,-1.404064934487171,-1.2719736482582316,-1.1734131792354956,0.0766632751294902,0.0820400349510255,0.4699320693880629,1.3472555118909126,16.372629413838414,-0.2489044343254828,-0.0666544644260586,-0.625040771079876,-0.8180038285740135,-0.8643653663284823,-1.0023868790417008,0.3655768500175118,0.3677069591311703,-0.6717200949338673,0.4604854917738714,16.135719533964924,0.1742753478467963,0.7098140834204356,-0.9944267376642156,-0.8507017383674539,-0.5931915500979793,-0.5118411916829845,0.5769130748818941,0.5735835394891224,-0.2954407096221039,0.2571422810546916,16.034866313034144,-0.6763320279276877,0.9558616952323034
-1.0852333164882633,-0.9882269854720416,-0.8445564870395211,-0.656650868222094,-0.1961221903489261,-0.1893834485980973,-0.3534066015006562,-0.1128704031341912,15.934208990027605,-0.3147803584006062,0.7923936358121363,-0.8900215312716786,-1.0022681842965917,-0.8498783906360495,-0.8889880051170909,-0.2716677008806181,-0.2646622451765104,0.4830036621209795,0.5460536158507517,16.108610912700097,-0.3906681992737501,-0.5408658344725944,-0.5865621399434459,-0.8750669798021798,-0.5942946962906243,-0.8215172146495991,0.2501778884840629,0.2518853154832766,0.0471414848010586,0.6918395829138498,16.18711794867898,-0.929820628555866,0.3296323725816831
-2.7130421158268625,-2.235679554596921,-2.5663409337472496,-2.0179845832658705,-0.0748850742114372,-0.0698016428229862,0.1531487313162275,1.0263056906619934,16.287374267207685,1.6017390213354594,-0.481045610784498,-1.0183546259988616,-1.587257352234143,-1.6480819059050735,-2.3937269133743873,-2.1517645087057735,-2.1579223435067587,0.917189641902102,2.0833547692202377,16.505464742681127,1.296915099204304,-1.8688083697821616,-1.356337397882007,-1.8129718343035637,-1.633570212984651,-1.9676189321233957,-0.3510055779535639,-0.348751182502187,-1.182804372980932,0.5910336286304921,16.325410669391974,0.4898365719311984,0.1678781764118891
-1.3495111446587895,-1.1868247277984476,-1.1883990194467766,-1.4568205548757411,0.7507363981825095,0.7505966674643022,2.254767622658164,2.2765914845264024,16.83652068745448,0.920254458827488,2.07428931959949,0.5245057884492229,0.0126916507287346,-1.7523484037827484,-1.8366143611652423,-1.7749104361923629,-1.7793487849454506,-0.2077132662253202,1.524633952977197,16.857138381760677,2.6821698241394323,-1.574150365541622,-1.6018249852440856,-0.9418806461687425,-0.9306614922990208,0.1546889573115662,2.5109509064986626,2.5004134110259506,-1.3188115851977102,-0.1358332072265407,16.521251494766933,0.5672114015922043,2.058072084556256
0.3513198614306229,-0.288201164850862,0.4174153215703282,0.4867572368363598,0.3317646119121023,0.3402808508797481,-1.2103249630195243,-1.1945979772511923,16.160839094312873,-0.7489012507712507,-0.5518252574868172,1.4744114778443498,2.113466809118761,1.2678551308318935,1.5629554342409706,1.1551268776156052,1.1602979261981845,2.050078411035399,0.6568320021983498,16.850833716534105,0.2793556532364851,-0.3964588244325021,1.3595806773646997,1.4671552367151457,1.377711739691874,1.4077669772268016,-0.0103266349317365,-0.0040846357964057,-1.1404219713271415,-1.2248489743786335,16.315667085031304,-0.374869738444741,-0.2886676666144767
1.0958806609873628,1.2223101380054406,1.3472753765304,1.206007771971229,-0.1255944980617949,-0.1201900847464521,-0.0856520553213103,-1.0268440164914596,16.36776435911777,-0.567855268482149,-0.1388739432086865,0.9090985322946444,1.106973360340502,1.263366009455216,0.7994694892134763,-0.4749046786380625,-0.4731873003257604,-0.3159102480839874,-1.0386775635365713,16.29788909810772,-0.6731475778356177,-0.2794910447651842,0.8145913958050784,0.7316388955573788,0.9387754188345137,0.608237872253654,-0.2790960145884807,-0.2755471377456807,-0.1118057094783824,-0.8198413832489637,16.29814805183088,-0.6631834490433163,0.1178882999501145
0.3972594386341649,1.0450425086536963,0.2852159224785422,0.9157060033438088,0.401855680965203,0.4085091945279195,0.3849120567330859,-0.2543664601539074,16.532051345142488,0.7169662170953326,0.4985657909373374,1.2783425558592487,1.3721765433045472,1.3052419878593788,0.7838560126411227,-0.2640116448473466,-0.2599136960002622,-0.3774781319378629,-0.3584998315324129,16.38367021842292,-0.6491029347332159,0.4634580260300512,0.4768592451464631,0.7235729596875293,0.5794721810962264,-0.2045839204347308,-1.2334048940594735,-1.2452477525985963,0.9565867858694664,1.5215808211958717,16.762666946889333,0.1332115672390088,0.0548062958652037
-0.2604459628407591,0.0380439739530653,0.6237046265520516,0.6848749623007976,0.7840950480441322,0.7861370935752565,-0.7431401988599312,0.1589384649627928,16.471825331864906,-0.8208138819046177,0.8066029862125568,-0.7458357258100058,-1.7033154526096117,-0.9199249426889532,-1.960855569261764,-1.561172005234688,-1.5694234535055742,-0.6287767404671988,-0.7110189124921944,16.265170009721196,-0.567915395322816,-1.96379810257316,-1.379704793497044,-0.3802072655342369,-0.3382002673330337,0.6991378140640149,1.5911109066527782,1.5836229828252164,0.0425872218916346,-0.385473122454119,16.24568828149242,0.0163209805015577,1.4820658763949643
1.259278564878916,2.0212347139277655,1.5536273795897468,2.0615597888860164,1.2234621263843048,1.2197213908748887,1.092283090940025,0.8068953935752161,16.50168324868841,0.6898966287905622,0.6653256103600047,1.6513784448726876,1.894442660545004,2.0433477183505184,1.4755142122759235,-0.2641629122260566,-0.2599641957170249,-0.5058909360863217,0.1280062285523017,16.405032520815606,-0.5319210724808996,-0.6968540888820216,0.998672247713702,0.5402067019754292,0.2044905270931163,-0.2858397694089569,-1.4154273295804316,-1.4201376936336685,2.2626882022064208,2.4086392153597234,17.09568093548924,0.5930333282998065,-1.696081997586342
-0.8993902760958529,-1.3408809568943223,-1.165200633614325,-1.7303708302645098,-1.2789621421139783,-1.2831320407470757,-1.2570039931617043,-0.3708894466198126,16.511980701596695,-0.1897152079898886,-1.5683562117569612,-1.790643803414615,-1.6159226797766302,-1.4087127925677168,-1.4978696494377748,-0.0278209385662776,-0.0226213599574999,-0.6734025500985651,-1.0070439399430775,16.220571098807497,-1.2451269599734605,0.2936136557416725,-1.7196342161686593,-1.379827534450211,-1.389708246469715,-1.0509489881482386,0.3998084596846902,0.4044261580144304,-0.428973654907727,-1.1462199305560945,16.05903553591268,-0.530930683855562,0.0379155660341153
-1.0482086726414597,-1.248230373586387,-1.197401261088885,-0.9682588463748772,0.0212591584247779,0.0263420381467198,0.7692086508078043,-0.2181411871905177,16.35611212991421,-0.8325698543573689,0.0633674798249063,-0.5193649364584293,-0.8046883408264319,-0.7607851605812838,-0.8869589430236811,0.058941185216266,0.0638281728860255,-0.2810822191848514,-0.3352360122201905,16.27992542804511,-0.6769527075691083,0.2402414109930408,-1.0876681724735573,-1.2099249982501028,-1.9334994580144576,-1.9376198604686707,-1.8882369793407612,-1.90099186054123,1.205097621459852,1.020770914197778,16.786980927409676,2.556776412782591,-1.9361078661544435
-1.8859908043856517,-1.606967195533856,-1.4187789916846767,-1.3440073409676705,0.7405336138861751,0.7398652713154396,-0.6673271393643295,0.0624236118853873,16.572427174296983,-0.381740314545441,0.9956436081136942,-1.5119257236139096,-1.5431743809473597,-1.3160313342701353,-1.4877176317012244,-0.3358244183199438,-0.3301420542762743,-0.1245386783974375,0.1199431874871318,16.598736318289138,-0.6420519274951809,-0.2911557366329426,-1.2438852341688784,-1.3100425881893167,-1.428908153898957,-1.5064880846120587,0.1560641987646514,0.1599629101289379,-0.05094834552419,0.2363217442470656,16.6727046974841,0.5296774429830271,0.7126572265799485
-1.4741510008131784,-1.5481948577342464,-1.5393686545845169,-1.3392462314787554,0.4156841725465396,0.416911631920716,0.5772417271615546,1.6229183370319964,16.859599616078032,0.4722594933201172,0.6230646431498613,-1.706316152061203,-1.71390206591259,-1.440665987918449,-1.3227957390212486,-0.1544529208397726,-0.1491456389917046,1.3512074428340255,2.1924543160845347,17.293428241910743,-0.6106064801532898,-0.7184852423072347,-1.457644249295728,-1.3612770633025777,-1.2819279527402898,-1.1116153215382314,0.4394384609190989,0.4394209951300885,-1.7616064073283075,-0.7253604567695232,16.49264103318832,-0.2282181518592376,0.8558045285609296
-1.082242395191167,-1.2618719069003328,-1.232114566649605,-1.2570727781877318,-0.2855027399595192,-0.2797753804910391,-0.5360754397618694,-1.0681383528470263,16.388588404945903,-0.1755273626116791,-0.1846353456502753,-1.3964348100748567,-1.481566365323436,-1.6623436943830792,-1.793879373493231,-1.3124718189642557,-1.310643201034304,1.133582753779756,-0.1063042183039185,16.823966590090546,0.5829608587798688,-1.227689953028744,-1.9442653812039168,-1.845005813644784,-1.8602172370049752,-1.7253835165769529,0.4301151393587492,0.4317653186971853,-0.628612118768009,-0.6582976990636993,16.680792459101273,-0.6467023051511468,0.6001599517408571
-1.531574302966093,-1.3608618523965663,-1.569172506460751,-1.756898713469621,-1.0442884504201453,-1.04327923642918,-0.1944864166086553,-0.5675834885988363,16.655436673810023,1.7672867137258237,1.55224348580807,-1.2804373970181948,-1.4485908188356449,-1.5535302318162971,-1.6312135508636436,-0.0298109748806886,-0.0269585753299485,0.3769194557119995,-0.110024287497974,16.839130383630042,1.324181472286161,-0.2425840183541404,-1.528169307311227,-1.567548923161692,-1.3711214133916991,-1.2257278129835345,1.4666983464756775,1.4589985230577809,1.8363581368906303,1.6348495817421675,17.507913821163886,-1.0635600725213774,-0.2792838138662879
-1.3121592237119497,-1.1901294297012557,-1.1238397413236962,-0.8900274069324032,1.2704695067926297,1.2649771327790835,-1.5578824735182566,-1.2226188864563472,16.323897785311843,-0.1995100215571639,0.1375790489509163,-0.7528338556353361,-0.8169227127046246,-0.6853127532201917,-0.6996972660380073,0.8153105632869043,0.8144620542748688,-0.7672428808310938,-1.288780575789096,15.870531453192596,-0.5130060727739043,-0.3943791921281186,-0.6017655083972143,-0.7239471098212951,-0.4418428746124661,-0.5177280226585769,0.6905947302161285,0.6902997452699917,0.4594282668175251,-0.8513494725602105,16.082717250657673,-1.2821264512793422,0.5193736217160411
-0.5472272452581873,-0.1136224050829057,-0.3697918988577216,-0.3740617170076578,0.5655148842193503,0.5662386490832164,0.3279319227308698,-0.4610538884220639,16.2957313294863,0.8333885504230234,1.286485933446894,-0.417970305971975,-0.8648264898067357,-0.4087296460265029,-0.8552838893846222,-0.2536744019892668,-0.2493122572833508,-0.3480865902836144,-0.5355686948366007,16.220724529089214,-1.2219599113624044,0.5497378037070884,-0.4043644348457036,0.5824272417262583,0.1714577776602345,1.4055154653240094,2.076521542561271,2.065724654011063,0.166941454567927,-0.1871456466453482,16.332222756013365,0.6965116904824921,1.8205693505540583
1.831120136489978,1.57065144360375,1.926901987170505,1.4014745884036883,-0.2101640405220877,-0.2068322956461187,-0.0870147239147079,-0.053636895592015,16.35596236265619,0.5309552793898326,-0.2446857230028012,1.3943228007449404,1.1315324890570215,2.018258107263455,1.6550624335258213,0.5285633715429494,0.5321330668989912,0.1081115053571861,0.2276970640846166,16.471418051398015,-1.1855112371886625,-0.7707408648762963,1.4029751762516416,1.7988270223785985,1.563367349706211,1.2407474519180637,-0.511801031020391,-0.511619125845623,0.0743352886524265,0.5383124087774411,16.56429961413075,1.1736149790887775,-0.7043378992744036
1.572477639711017,1.5890554692528096,1.754222492863546,1.827120859663594,0.9942562145677784,0.996650590860646,-0.4850774318992931,1.3744676603511357,16.351260896915875,0.1317004633461967,1.553133729040094,0.0506106771449862,-0.3971842215214328,-0.4888374743579654,-0.2250477615208052,-1.9180128632219036,-1.9300208175260425,1.5595451819777166,1.9973219529303496,16.69796780077183,0.0446780477304123,-1.5217481121089385,1.1300211901312125,1.3116211310819978,-0.7390022806544877,-0.6911410698144859,-0.4170445581642288,-0.4138315964683149,-0.1517509567221291,1.574106877995345,16.775848839120556,2.453361301866806,0.6340037654174497
-0.3914812838683032,0.7651572002078059,0.538229976857319,1.7494610168787208,1.890973333301278,1.8796435010335837,-1.0644939701748215,0.658978958988213,16.65303231335528,0.4045172169770605,1.2841959690832787,0.9958643935763388,0.7191030363557616,1.0301097019973011,1.605769361646416,0.0709386195086267,0.0765163394127889,-1.719836156442824,-0.8640679830372079,16.230638402500276,-0.1831975836465294,-0.1709496002002006,1.735791679972727,1.9423965782263024,1.918858488510686,2.11269784861222,0.8877264883161136,0.8880802005782238,1.1066482337366272,-0.2300882039279309,16.491113390932526,0.0096007232374748,-0.4621962285526125
2.07487584527467,1.5081406142761784,1.9555065523088684,1.5003076040954957,-0.4422789912576896,-0.438868373687051,-1.2064689500995611,-1.310852052200176,16.154099754056144,-1.067598123070555,-0.1609525867508983,1.4772399131352445,1.7376972180979513,1.5843931070142891,1.5566471768778023,0.3726699500355122,0.3771144766770706,2.106098055820616,0.7887831268760568,16.775537982464986,-0.1106099007514073,-0.262965050247175,1.6173002123139513,1.0588222586816465,1.3707269169984706,0.926728935212862,-0.8900152824575932,-0.8905462794440965,-0.0802157469914172,0.7207045345080106,16.83184420835653,-1.1468862193534055,-1.2709053101403311
0.908513145258355,0.5444082300635484,0.3908479724234414,-0.1060209529184804,-1.375429923371018,-1.383709862702856,-0.7525948119654663,-0.4673673006247752,16.57031717402958,0.0582118485544945,-1.458890350869217,0.3121233181533169,0.1975697397214176,0.426491075687098,0.1406925292928015,0.3127218850475012,0.3186430705951427,-0.5017961492180985,-0.8827250531789951,16.434860757151952,-0.580196367367957,0.1752133026700249,0.1158191071324493,-0.3988999888964684,-0.350843247206118,-0.8163070956193732,-1.1439534721235365,-1.1488290782331227,0.0393324016151078,-0.5312525329396943,16.47127757138742,0.1841220935457136,-0.6838181924751832
-0.7530302657692689,-0.6948298744246365,-0.6663395793478163,-0.2070235507999367,0.7650161132341549,0.7669150340235183,0.2595455677200975,0.2145005975371793,16.58350756690519,0.3410734000011469,1.747213564718996,-0.017942005837101,-0.4740596235931897,-1.2701903904695373,-1.6501090591661818,-1.416335230440871,-1.4222633477638005,-0.1204648619753285,0.3155038973348236,16.579436932669154,1.898836180382663,-1.4653072216586909,-2.1197825541315884,-2.1705107288960117,-1.4396531236587446,-1.044606153173653,0.5171381109125595,0.5206617319138548,-0.8066073633805786,-0.9900873959351252,16.32880226317002,-0.8794192698374572,0.8852505236999216
-0.7824247943833511,-0.9905781391474164,-0.4098020855987868,-0.3042703679428583,0.82964897406906,0.829485335063586,0.3805673021102689,-0.2485683871641608,16.479002696906655,-0.9444518090907976,0.4011695092690536,0.3025888779848429,-0.3006997720422484,-1.758658930265631,-1.6831366816051248,-1.48855394888421,-1.4960596756413609,0.9552857411725568,1.2223131810657732,16.830133327262637,2.299898038405503,-0.8120771338993176,-1.9094298565943364,-2.153928746269682,-1.7219583138376051,-1.3305223457240314,0.5237060455156438,0.5274364244058517,-1.2767114769469023,-0.5102214969737873,16.498119934969015,-0.0774782389493359,0.8108412898175015
-1.5069461825786246,0.1035503442532694,-0.8752949929713387,0.8909462471113803,1.6749742660552025,1.6596731941019918,0.1197142419241169,-0.0097406978231178,16.512547063708293,1.285288882957584,1.0810103052290505,0.4510588314997303,0.0138916566368499,0.9816158372424906,0.780821904578419,-0.0735481634766425,-0.0664002818508976,-0.4959760711759555,-0.5893629071916661,16.408105087994844,-1.1420028217073834,-0.3113927788193902,1.0658782015390909,0.9322468961085426,0.3343294835131158,-0.2546761675175363,-0.7257755920017565,-0.7234831507703284,-0.0573712082116228,-0.5931298648826605,16.411615724073734,0.5385518163162097,-0.8672299686177222
-0.1162312629683295,-0.1408035869973419,0.6140071126730374,0.1162303721470884,0.2501388208693248,0.2563976773083937,-1.099241749679364,-1.697228550085829,16.123242483264494,-0.7536679112565462,0.6562226495865329,0.6151853463743161,0.9340160605124812,1.534562147955796,1.6364713137584186,1.1236951373785706,1.119689342859777,0.9542156188953972,-0.4780518247885223,16.3121976286452,-0.8629825412606662,0.7534187077811729,1.4229020036824989,1.716974040993121,1.6294532964579067,1.602554813042736,0.1979407418950015,0.2036425130977155,0.2093137118047972,0.016204560242368,16.358143594524314,-0.3563401093005722,0.1962611623423528
0.8924392096834493,0.6383190805125273,0.0286263037780254,-0.5442269373549546,-1.6599869014043027,-1.6720439984379438,1.4972487614573384,1.7342925396791948,16.719352352865055,0.6342516622735862,-1.6784479687438858,-0.7276571612456242,-0.6709700631407529,-0.2906384182854351,-0.0100021490376971,0.4204470560503799,0.4257213678944735,-0.7393060473265383,0.5033775241205535,16.553766665806602,-0.3584686489691158,-0.1330351666765772,0.1175474589076723,0.5989708268217917,0.5036578512657746,-0.1068163450928856,-0.0825504127713671,-0.0751724359301559,0.1104463524184906,1.0014825483252667,16.57130281861055,0.019922875011402,0.0008317184359962
0.0118426078387994,1.153610057699517,0.5092961932849608,1.168025991302866,0.8342532801559717,0.8314141819486786,1.0929508342671903,1.8089275517510908,16.814253345370535,0.5151023397677437,0.9009031885231672,1.3958355283500086,1.6731743882067538,1.6205508213541535,1.1016642801577217,0.0111294021453345,0.01751247770781,-1.750377361247968,-0.9901583167958148,16.21019167088048,0.0470882406757612,-0.0336426330637808,1.0161585313107648,1.476558057038923,1.2371418463025714,1.7434737896355856,0.8349045703794903,0.830034005390976,1.4296616773834123,0.5331214636919303,16.608257297773005,0.4206041837449026,1.1921528405657402
1.33078330221479,0.8691589481247167,1.3461225938294377,0.7520826882688424,-0.9964849115719407,-0.9892902690021974,-0.497530130853956,-0.069264890961516,16.504038160558583,-1.124382094424283,0.0878604627698866,0.8680607276155212,0.7201723238401726,0.9604290098922328,0.9303237848631576,0.1405699347255497,0.1459602834822451,-0.5931460995493012,-0.8369899618106807,16.392198516895046,-0.7587312401945114,0.484537991028821,0.9367115472226204,0.7680385582653687,-0.0598180459588662,-0.0822330198915796,-0.942536452539653,-0.93712829189812,0.1630769093660665,-0.5136495435213201,16.48945235841282,1.5731314868821813,-0.8128751248993037
-0.1130669573976594,-0.8787003849651679,-0.2347743283172255,-0.1843152242476022,-0.1006567853579487,-0.0937880058874607,-0.9909410118289486,-1.5576447073712096,16.16176807514126,-1.1831693179833531,-0.257466491019173,0.0842868924925707,0.1352532197474971,0.1833409825439809,0.1148696201561316,0.361068521232522,0.3645775865879221,1.4159683650051935,0.2043262302687168,16.54291890851205,-0.1005909857857863,1.5460132363458636,-0.0790469785756154,0.1715412330225748,0.0069002284908829,0.931279764561665,0.7431723365451777,0.7439796707182839,0.5398498513221265,1.114215449461864,16.750521070608983,0.2230640914303268,-0.9933813781205406
1.3089600555241083,0.7045534693189635,-2.217851642805988,-2.1347634464188676,-2.081404346121506,-2.0955056110311814,-0.2193241692926303,0.878734230542567,16.744403051180406,2.5202734877492237,-1.4793894550244369,-2.588826193057495,-2.1872724928590968,-1.9098421742252456,-1.6912607817964973,0.018493896589772,0.0246579075506411,-0.0036895847474676,1.2504877872616396,16.780520754434825,0.4541801661482922,0.5493622602305887,-1.9290381131936372,-2.3392192620451326,-2.0799094233510877,-1.994808564901796,-1.0215889640405158,-1.01928034591249,0.6682347350731777,1.7489788873327292,17.027249012294124,0.1661340254058665,-1.9203493859807024
-1.577559995233331,-1.1414183044418238,-1.376752809813712,-0.7648403126201849,1.567147635621052,1.5520922336897365,-1.3857269041648197,-0.2545977026565537,16.657520451624162,0.8587620250334673,1.8499574512818904,-0.2451963241191905,0.0670059311884123,0.347886078048394,0.0475268160637502,0.8878120816123729,0.8848083178384779,0.3638781493340116,0.1877468741396636,16.792314872588157,-0.5275111241145582,0.2476441098372357,0.2062109790102737,1.0981767803788958,0.7973245382741176,1.457308960058468,1.3603709354775468,1.3472608750370887,0.3230342161170187,0.5374374692263088,16.940036186096922,0.3875785318974095,1.8147094816905325
1.3082234378222346,0.8694486648857334,0.6677071951995598,0.1211146606139682,-1.2008061666144156,-1.2022150367859188,-0.7477900144439312,-0.3915362209504736,16.806466492952314,0.2442075329953556,-0.8650319892964047,0.1036640382187396,-0.1151922885074738,0.4987104122003265,0.1231506967970908,-0.0073589662477639,0.0013904955662228,-1.4137482770384209,-2.055813183674482,16.458239780778033,-1.1074463590537316,-0.4297505167810063,-0.1379208897029907,0.2514750874310671,0.2126575873357887,-0.041472166460188,-0.1574039031385521,-0.148618064544016,1.0330638777010044,-1.030091469188775,16.69289844458373,0.0527835667501495,0.1978985675990161
0.186917151190485,0.8780446057449062,0.634556749673604,1.5867108257464402,1.356613054805839,1.3451718652853213,-0.5195942073275621,-1.1483121060140788,16.581206894691565,0.5022027986226385,0.0965701728864111,1.463042808628331,1.6298488301680938,1.7248879371318058,1.7760824296296256,0.5989616837544941,0.6023579482141403,0.9850973939386976,-0.170103780838537,16.806672453232547,-0.4566627346438495,0.0708134399380368,1.7799641629054097,1.2965296466698482,1.5554681997925852,1.3504439067516962,-0.3665961612145698,-0.3585630421743934,-0.8586435173154533,-0.832369186926081,16.588018089408173,-1.2580526980126796,0.0479545665852901
1.4557573069870344,1.5693901218492277,1.654935300186966,1.660818101516675,0.3923543625369597,0.3963116060081284,0.4332462618808825,-0.1514219924540732,16.66708379357205,-1.0661802541357457,-0.3650084115614981,1.41327354557747,1.555501343965748,1.5542534152709266,1.4699890111657434,-0.2092648683870457,-0.2018057969980089,-0.3828998971582563,-0.4292768400297203,16.60242129132286,-0.6202681452122643,-0.1350519793248994,1.3586113724256068,1.1009971950879014,1.274667146042593,1.080790323488208,-0.5840079674229169,-0.578811625400428,2.652021067865944,2.6298002968331664,17.53158682799588,-1.2163459595747466,-0.6621407521341832
