index,subsequence_idx,score
9,9,3.10954
10,10,2.95079
11,11,2.95543
37,37,2.56514
38,38,2.57949
191,191,2.678
192,192,2.85889
193,193,2.77018
253,253,2.45698
254,254,3.60299
255,255,3.32463
256,256,3.43854
346,346,2.45558
356,356,2.63689
358,358,2.67839
359,359,2.72606
384,384,2.47331
385,385,2.5028
452,452,3.03444
453,453,3.17288
454,454,3.06323
533,533,2.68703
534,534,3.04553
536,536,3.39828
537,537,3.06432
538,538,3.01707
