index,subsequence_idx,score
9,9,3.08103
10,10,3.05086
11,11,2.93578
37,37,2.63259
38,38,2.6102
191,191,2.73335
192,192,2.95296
193,193,2.7249
253,253,2.43463
254,254,3.54118
255,255,3.49241
256,256,3.30611
356,356,2.56407
358,358,2.8639
359,359,2.66607
384,384,2.52038
385,385,2.64723
452,452,2.9258
453,453,3.46873
454,454,2.93784
533,533,2.73521
534,534,2.96972
536,536,3.22664
537,537,3.10323
538,538,2.97398
