index,subsequence_idx,score
9,9,3.06868
10,10,2.92642
11,11,2.91728
37,37,2.65928
38,38,2.51895
191,191,2.69487
192,192,2.95497
193,193,2.66957
253,253,2.40208
254,254,3.47733
255,255,3.34743
256,256,3.36268
346,346,2.41709
356,356,2.50826
358,358,2.73503
359,359,2.6521
384,384,2.40402
385,385,2.49077
452,452,2.86692
453,453,3.23249
454,454,2.95904
533,533,2.70441
534,534,3.00674
536,536,3.27901
537,537,3.09699
538,538,2.95002
