index,subsequence_idx,score
9,9,2.72422
10,10,2.39901
191,191,2.61137
192,192,2.60559
253,253,3.10315
254,254,3.38113
255,255,3.15836
271,271,2.34136
356,356,2.42224
384,384,2.6075
385,385,2.52566
407,407,2.83741
427,427,2.70055
452,452,2.61754
453,453,2.95669
454,454,2.34445
495,495,2.40105
496,496,2.37869
