index,subsequence_idx,score
9,9,2.97816
10,10,3.02316
11,11,2.98907
37,37,2.63593
38,38,2.55454
191,191,2.59647
192,192,2.90751
193,193,2.80712
254,254,3.50497
255,255,3.48324
256,256,3.39749
346,346,2.42916
356,356,2.42422
358,358,2.81789
359,359,2.77212
385,385,2.56047
452,452,2.82028
453,453,3.26519
454,454,3.04401
533,533,2.67066
534,534,3.02555
536,536,3.38119
537,537,3.12559
538,538,3.01063
