index,subsequence_idx,score
9,9,3.09186
10,10,3.05316
11,11,2.9523
37,37,2.69959
38,38,2.5594
73,73,2.43169
191,191,2.83844
192,192,2.98229
193,193,2.72403
253,253,2.45581
254,254,3.57329
255,255,3.48033
256,256,3.34621
346,346,2.43944
356,356,2.55015
358,358,2.80121
359,359,2.72093
384,384,3.01512
385,385,2.66244
452,452,3.15729
453,453,3.38403
454,454,3.01961
533,533,2.78519
534,534,3.02753
536,536,3.26794
537,537,3.11895
538,538,2.99514
