feature_0,feature_1,feature_2,feature_3,feature_4,feature_5,feature_6,feature_7,feature_8,feature_9,feature_10,feature_11,feature_12,feature_13,feature_14
0.0105637177062465,0.2035357955539996,0.0230257015021539,-0.0192036482410112,-0.1529193486056687,0.0448382014693608,0.0234117741326471,0.1132559080707864,0.0451748497980235,0.012286514569791,-0.3179937428395171,0.0279190896064412,-0.0038724191561094,-0.0857021020904605,0.0252785780562683
-0.0192036482410112,-0.1529193486056687,0.0448382014693608,0.0234117741326471,0.1132559080707864,0.0451748497980235,0.012286514569791,-0.3179937428395171,0.0279190896064412,-0.0038724191561094,-0.0857021020904605,0.0252785780562683,0.0087612842107203,-0.0323722705109179,0.0276031998021293
0.0234117741326471,0.1132559080707864,0.0451748497980235,0.012286514569791,-0.3179937428395171,0.0279190896064412,-0.0038724191561094,-0.0857021020904605,0.0252785780562683,0.0087612842107203,-0.0323722705109179,0.0276031998021293,-0.0448578163114571,0.5922120222889236,0.0291404740748805
0.012286514569791,-0.3179937428395171,0.0279190896064412,-0.0038724191561094,-0.0857021020904605,0.0252785780562683,0.0087612842107203,-0.0323722705109179,0.0276031998021293,-0.0448578163114571,0.5922120222889236,0.0291404740748805,-0.0110327478442486,-0.0921154022566737,0.0333395615393402
-0.0038724191561094,-0.0857021020904605,0.0252785780562683,0.0087612842107203,-0.0323722705109179,0.0276031998021293,-0.0448578163114571,0.5922120222889236,0.0291404740748805,-0.0110327478442486,-0.0921154022566737,0.0333395615393402,0.0187149929887144,-0.2832972107286662,0.0251330070386565
0.0087612842107203,-0.0323722705109179,0.0276031998021293,-0.0448578163114571,0.5922120222889236,0.0291404740748805,-0.0110327478442486,-0.0921154022566737,0.0333395615393402,0.0187149929887144,-0.2832972107286662,0.0251330070386565,-0.026030794612098,0.1192637915720911,0.0247980029444539
-0.0448578163114571,0.5922120222889236,0.0291404740748805,-0.0110327478442486,-0.0921154022566737,0.0333395615393402,0.0187149929887144,-0.2832972107286662,0.0251330070386565,-0.026030794612098,0.1192637915720911,0.0247980029444539,0.0167732310055679,0.0075481323332136,0.0248692435876687
