feature_0,feature_1,feature_2,feature_3,feature_4,feature_5,feature_6,feature_7,feature_8,feature_9,feature_10,feature_11,feature_12,feature_13,feature_14
0.0151312972284594,0.402736,0.0420635392527495,-0.0196798188490132,-0.3815628885264226,0.0467241901077548,-0.0229753444040123,0.9822571423301794,0.0418503560718355,0.0257344122368297,-0.3593918642301537,0.0342502709520368,-0.0434749755351829,-0.0234931009440813,0.0423803701716644
-0.0196798188490132,-0.3815628885264226,0.0467241901077548,-0.0229753444040123,0.9822571423301794,0.0418503560718355,0.0257344122368297,-0.3593918642301537,0.0342502709520368,-0.0434749755351829,-0.0234931009440813,0.0423803701716644,-0.0036150896111046,0.5896850481537947,0.0569087985704637
-0.0229753444040123,0.9822571423301794,0.0418503560718355,0.0257344122368297,-0.3593918642301537,0.0342502709520368,-0.0434749755351829,-0.0234931009440813,0.0423803701716644,-0.0036150896111046,0.5896850481537947,0.0569087985704637,-0.0442252707826561,0.0292013828786894,0.0395998950836368
0.0257344122368297,-0.3593918642301537,0.0342502709520368,-0.0434749755351829,-0.0234931009440813,0.0423803701716644,-0.0036150896111046,0.5896850481537947,0.0569087985704637,-0.0442252707826561,0.0292013828786894,0.0395998950836368,0.0129100123927865,-0.2090191319051449,0.036404656706702
-0.0434749755351829,-0.0234931009440813,0.0423803701716644,-0.0036150896111046,0.5896850481537947,0.0569087985704637,-0.0442252707826561,0.0292013828786894,0.0395998950836368,0.0129100123927865,-0.2090191319051449,0.036404656706702,0.022865656251475,-0.0950780105163348,0.039353479059136
-0.0036150896111046,0.5896850481537947,0.0569087985704637,-0.0442252707826561,0.0292013828786894,0.0395998950836368,0.0129100123927865,-0.2090191319051449,0.036404656706702,0.022865656251475,-0.0950780105163348,0.039353479059136,-0.0466782779627539,0.0465676001778117,0.0579529584635013
-0.0442252707826561,0.0292013828786894,0.0395998950836368,0.0129100123927865,-0.2090191319051449,0.036404656706702,0.022865656251475,-0.0950780105163348,0.039353479059136,-0.0466782779627539,0.0465676001778117,0.0579529584635013,0.0296297935841589,-0.2497405993822927,0.0236725433961396
