feature_0,feature_1,feature_2,feature_3,feature_4,feature_5,feature_6,feature_7,feature_8,feature_9,feature_10,feature_11,feature_12,feature_13,feature_14
0.0122295042678484,0.3993570722057369,0.0202147628784891,-0.00743482303274,-0.1521470224421276,0.0248037362234484,-0.010923889744474,0.6661108795331387,0.0242501058657603,0.0053645162850568,-0.2847135351513635,0.0168521070410092,0.0006277060476183,-0.2311997201818817,0.0152091716637369
-0.00743482303274,-0.1521470224421276,0.0248037362234484,-0.010923889744474,0.6661108795331387,0.0242501058657603,0.0053645162850568,-0.2847135351513635,0.0168521070410092,0.0006277060476183,-0.2311997201818817,0.0152091716637369,-0.001882056887998,0.3644222020018197,0.0268713448205021
-0.010923889744474,0.6661108795331387,0.0242501058657603,0.0053645162850568,-0.2847135351513635,0.0168521070410092,0.0006277060476183,-0.2311997201818817,0.0152091716637369,-0.001882056887998,0.3644222020018197,0.0268713448205021,-0.0226272684624432,0.2044014671557186,0.0241779493530694
0.0053645162850568,-0.2847135351513635,0.0168521070410092,0.0006277060476183,-0.2311997201818817,0.0152091716637369,-0.001882056887998,0.3644222020018197,0.0268713448205021,-0.0226272684624432,0.2044014671557186,0.0241779493530694,-0.0109324504414715,-0.02062569213732,0.0196078553591477
0.0006277060476183,-0.2311997201818817,0.0152091716637369,-0.001882056887998,0.3644222020018197,0.0268713448205021,-0.0226272684624432,0.2044014671557186,0.0241779493530694,-0.0109324504414715,-0.02062569213732,0.0196078553591477,0.0016307021151473,-0.0880565371024735,0.0254735061371214
-0.001882056887998,0.3644222020018197,0.0268713448205021,-0.0226272684624432,0.2044014671557186,0.0241779493530694,-0.0109324504414715,-0.02062569213732,0.0196078553591477,0.0016307021151473,-0.0880565371024735,0.0254735061371214,-0.019863195089164,-0.2031928084314941,0.0229541099905666
-0.0226272684624432,0.2044014671557186,0.0241779493530694,-0.0109324504414715,-0.02062569213732,0.0196078553591477,0.0016307021151473,-0.0880565371024735,0.0254735061371214,-0.019863195089164,-0.2031928084314941,0.0229541099905666,0.0292358521466449,0.0731375218829022,0.0264462557705965
