feature_0,feature_1,feature_2,feature_3,feature_4,feature_5,feature_6,feature_7,feature_8,feature_9,feature_10,feature_11,feature_12,feature_13,feature_14
0.0084925765417485,0.086113994759998,0.0169019136397339,-0.0090688481504618,-0.1747303263392654,0.0307998117097247,-0.0174865128099083,0.0801897198323406,0.0342489059586567,0.0345975027945577,0.0943020524864699,0.0433478210847185,0.0191318104841249,0.1648392665515794,0.0525462485644618
-0.0090688481504618,-0.1747303263392654,0.0307998117097247,-0.0174865128099083,0.0801897198323406,0.0342489059586567,0.0345975027945577,0.0943020524864699,0.0433478210847185,0.0191318104841249,0.1648392665515794,0.0525462485644618,0.0154599048173145,-0.2023952575502683,0.0417338075294106
-0.0174865128099083,0.0801897198323406,0.0342489059586567,0.0345975027945577,0.0943020524864699,0.0433478210847185,0.0191318104841249,0.1648392665515794,0.0525462485644618,0.0154599048173145,-0.2023952575502683,0.0417338075294106,-0.0228367431719765,0.2400441922362275,0.0384615619742182
0.0345975027945577,0.0943020524864699,0.0433478210847185,0.0191318104841249,0.1648392665515794,0.0525462485644618,0.0154599048173145,-0.2023952575502683,0.0417338075294106,-0.0228367431719765,0.2400441922362275,0.0384615619742182,-0.0704292559254254,0.2423763819705988,0.09707899720131
0.0191318104841249,0.1648392665515794,0.0525462485644618,0.0154599048173145,-0.2023952575502683,0.0417338075294106,-0.0228367431719765,0.2400441922362275,0.0384615619742182,-0.0704292559254254,0.2423763819705988,0.09707899720131,0.0302719415223298,0.1699589282221787,0.0653710399768152
0.0154599048173145,-0.2023952575502683,0.0417338075294106,-0.0228367431719765,0.2400441922362275,0.0384615619742182,-0.0704292559254254,0.2423763819705988,0.09707899720131,0.0302719415223298,0.1699589282221787,0.0653710399768152,-0.0059761055830157,-0.2654909171960325,0.0418918836195161
-0.0228367431719765,0.2400441922362275,0.0384615619742182,-0.0704292559254254,0.2423763819705988,0.09707899720131,0.0302719415223298,0.1699589282221787,0.0653710399768152,-0.0059761055830157,-0.2654909171960325,0.0418918836195161,0.0380761312395987,-0.1663695330576945,0.0374002660523076
