index,subsequence_idx,score
99,99,2.57345
106,106,2.52796
