index,subsequence_idx,score
128,128,2.23326
144,144,2.58543
147,147,2.42545
270,270,2.26378
391,391,2.80888
392,392,2.42502
425,425,2.51018
427,427,2.50265
428,428,2.63461
429,429,2.53841
508,508,2.23485
