index,subsequence_idx,score
127,127,2.32787
131,131,2.20647
142,142,2.32817
143,143,2.38789
144,144,2.64347
145,145,2.29275
147,147,2.29972
270,270,2.33138
341,341,2.26373
391,391,2.76082
392,392,2.35642
425,425,2.5381
426,426,2.2901
427,427,2.52849
428,428,2.41188
429,429,2.35222
