index,subsequence_idx,score
127,127,2.23287
142,142,2.18749
143,143,2.25126
144,144,2.71199
145,145,2.28958
147,147,2.28707
270,270,2.20502
341,341,2.36089
391,391,2.8627
392,392,2.23132
425,425,2.59422
427,427,2.54413
428,428,2.69082
429,429,2.4107
508,508,2.19234
