index,subsequence_idx,score
110,110,2.21356
142,142,2.34743
144,144,2.48923
145,145,2.32996
270,270,2.30719
341,341,2.34137
391,391,2.7173
392,392,2.32392
425,425,2.60257
427,427,2.50633
428,428,2.6244
429,429,2.38942
508,508,2.22901
