index,subsequence_idx,score
131,131,2.22574
142,142,2.33444
143,143,2.20909
144,144,2.72128
145,145,2.37449
269,269,2.20703
270,270,2.33754
341,341,2.51239
391,391,2.75485
392,392,2.24179
425,425,2.6841
427,427,2.56129
428,428,2.49561
429,429,2.33565
