index,subsequence_idx,score
130,130,2.19715
142,142,2.33657
143,143,2.41955
144,144,2.81182
145,145,2.43979
147,147,2.18439
341,341,2.31362
391,391,2.74968
425,425,2.76946
426,426,2.18268
427,427,2.48748
428,428,2.43833
429,429,2.38402
