index,subsequence_idx,score
128,128,2.20608
131,131,2.27096
144,144,2.58339
145,145,2.28927
147,147,2.2133
270,270,2.24863
341,341,2.37853
391,391,2.69285
392,392,2.21924
425,425,2.59567
426,426,2.25831
427,427,2.44813
428,428,2.4995
429,429,2.61354
