index,subsequence_idx,score
142,142,2.37101
143,143,2.21464
144,144,2.69578
145,145,2.19107
147,147,2.18112
270,270,2.25443
341,341,2.24982
391,391,2.6404
392,392,2.26786
425,425,2.58237
427,427,2.38628
428,428,2.63303
429,429,2.26
