index,subsequence_idx,score
142,142,2.24621
143,143,2.29802
144,144,2.65547
145,145,2.39509
147,147,2.32699
341,341,2.27373
391,391,2.69448
392,392,2.24495
425,425,2.58321
427,427,2.5016
428,428,2.68814
429,429,2.43645
508,508,2.30232
