index,subsequence_idx,score
127,127,2.33991
128,128,2.18667
131,131,2.26423
142,142,2.24486
143,143,2.18237
144,144,2.59653
145,145,2.22813
147,147,2.19519
270,270,2.22627
341,341,2.19331
391,391,2.73851
425,425,2.62807
426,426,2.21822
427,427,2.52215
428,428,2.75573
429,429,2.33651
508,508,2.20852
