index,subsequence_idx,score
128,128,2.21886
142,142,2.51551
143,143,2.26218
144,144,2.5848
145,145,2.34689
147,147,2.38186
270,270,2.23704
391,391,2.73505
392,392,2.2874
425,425,2.4713
427,427,2.44032
428,428,2.53321
429,429,2.42074
