{
  "aida": 0.019,
  "iforest": 0.062097787857055664,
  "lof": 0.024272918701171875
}