{
  "aida": 0.03,
  "iforest": 0.09237790107727051,
  "lof": 0.025485754013061523
}