{
  "aida": 0.028,
  "iforest": 0.09405374526977539,
  "lof": 0.05843782424926758
}