{
  "aida": 0.024,
  "iforest": 0.09030985832214355,
  "lof": 0.014550924301147461
}