{
  "aida": 0.021,
  "iforest": 0.060601234436035156,
  "lof": 0.021095991134643555
}