{
  "aida": 0.02,
  "iforest": 0.05742073059082031,
  "lof": 0.030538082122802734
}