{
  "aida": 0.117,
  "iforest": 0.0612950325012207,
  "lof": 0.04211711883544922
}