{
  "aida": 0.19,
  "iforest": 0.09544992446899414,
  "lof": 0.051885128021240234
}