{
  "aida": 0.153,
  "iforest": 0.09276890754699707,
  "lof": 0.014816999435424805
}