{
  "aida": 0.122,
  "iforest": 0.07454299926757812,
  "lof": 0.031185150146484375
}