{
  "aida": 0.118,
  "iforest": 0.06965780258178711,
  "lof": 0.03331875801086426
}