{
  "aida": 0.192,
  "iforest": 0.09545493125915527,
  "lof": 0.03838086128234863
}