{
  "aida": 0.153,
  "iforest": 0.1956038475036621,
  "lof": 0.0342409610748291
}