{
  "aida": 0.134,
  "iforest": 0.0710301399230957,
  "lof": 0.027937889099121094
}