{
  "aida": 0.162,
  "iforest": 0.09809088706970215,
  "lof": 0.015819072723388672
}