{
  "aida": 0.123,
  "iforest": 0.06063103675842285,
  "lof": 0.040924072265625
}