{
  "aida": 0.206,
  "iforest": 0.11072421073913574,
  "lof": 0.03777790069580078
}