{
  "aida": 0.19,
  "iforest": 0.10239934921264648,
  "lof": 0.047821044921875
}