feature_0,feature_1,feature_2,feature_3,feature_4,feature_5,feature_6,feature_7,feature_8
-0.0276486854509118,0.2507874969711654,0.0333284637444962,0.0173145543232391,-0.1583688492832236,0.0221711832368377,0.0105474970223853,-0.1590516745310162,0.0444594512663513
0.0173145543232391,-0.1583688492832236,0.0221711832368377,0.0105474970223853,-0.1590516745310162,0.0444594512663513,0.0064996447723773,-0.1087997810318872,0.0338374819121803
0.0105474970223853,-0.1590516745310162,0.0444594512663513,0.0064996447723773,-0.1087997810318872,0.0338374819121803,0.0598633635277312,0.8111179361179361,0.0460058264053417
0.0064996447723773,-0.1087997810318872,0.0338374819121803,0.0598633635277312,0.8111179361179361,0.0460058264053417,-0.0118746424516668,-0.186705104290317,0.0233880843141634
0.0598633635277312,0.8111179361179361,0.0460058264053417,-0.0118746424516668,-0.186705104290317,0.0233880843141634,-0.0075164201278118,-0.1203085904920767,0.0349986229890583
-0.0118746424516668,-0.186705104290317,0.0233880843141634,-0.0075164201278118,-0.1203085904920767,0.0349986229890583,0.0214503247206854,-0.2105949277079877,0.0256639746400801
-0.0075164201278118,-0.1203085904920767,0.0349986229890583,0.0214503247206854,-0.2105949277079877,0.0256639746400801,-0.0273042488247501,-0.1441225041285092,0.0302573727278235
