feature_0,feature_1,feature_2,feature_3,feature_4,feature_5,feature_6,feature_7,feature_8
-0.0328438850795353,0.992882071518739,0.0289910408672442,0.0618562186525604,0.3265741189245583,0.0176631593344527,-0.0108623956754556,-0.6138735131079229,0.0155421970583385
0.0618562186525604,0.3265741189245583,0.0176631593344527,-0.0108623956754556,-0.6138735131079229,0.0155421970583385,0.0190009257528736,-0.2059461551850899,0.0195418221527028
-0.0108623956754556,-0.6138735131079229,0.0155421970583385,0.0190009257528736,-0.2059461551850899,0.0195418221527028,0.038045094425517,1.3652109616290633,0.0422316143812669
0.0190009257528736,-0.2059461551850899,0.0195418221527028,0.038045094425517,1.3652109616290633,0.0422316143812669,0.0142933351016993,-0.268546260869084,0.0244220160189665
0.038045094425517,1.3652109616290633,0.0422316143812669,0.0142933351016993,-0.268546260869084,0.0244220160189665,-0.008902691496347,-0.3177592362855155,0.0121481114674241
0.0142933351016993,-0.268546260869084,0.0244220160189665,-0.008902691496347,-0.3177592362855155,0.0121481114674241,-0.0064367200741404,-0.0171804921858974,0.0197480306965961
-0.008902691496347,-0.3177592362855155,0.0121481114674241,-0.0064367200741404,-0.0171804921858974,0.0197480306965961,0.0100077710349459,0.0983444268953068,0.0171350850610297
