feature_0,feature_1,feature_2,feature_3,feature_4,feature_5,feature_6,feature_7,feature_8
-0.0192020221642782,-0.3501454475779059,0.0340351305509868,0.0010518278144997,-0.2897652393397216,0.0203695069987311,-0.011967862958911,-0.32405453430409,0.0161895203239975
0.0010518278144997,-0.2897652393397216,0.0203695069987311,-0.011967862958911,-0.32405453430409,0.0161895203239975,0.0029543085262508,-0.1512420496261521,0.0100094911043715
-0.011967862958911,-0.32405453430409,0.0161895203239975,0.0029543085262508,-0.1512420496261521,0.0100094911043715,0.0398845292057603,0.84712834596894,0.0198271034086816
0.0029543085262508,-0.1512420496261521,0.0100094911043715,0.0398845292057603,0.84712834596894,0.0198271034086816,0.0240212802367165,-0.2475879568488374,0.0219538311194207
0.0398845292057603,0.84712834596894,0.0198271034086816,0.0240212802367165,-0.2475879568488374,0.0219538311194207,-0.0132779566880963,-0.1320046227453269,0.015835534795788
0.0240212802367165,-0.2475879568488374,0.0219538311194207,-0.0132779566880963,-0.1320046227453269,0.015835534795788,0.0112138753603192,-0.2070234752024429,0.0116546300040782
-0.0132779566880963,-0.1320046227453269,0.015835534795788,0.0112138753603192,-0.2070234752024429,0.0116546300040782,0.0070418796798523,0.4403623985696603,0.0172808189646188
