feature_0,feature_1,feature_2,feature_3,feature_4,feature_5,feature_6,feature_7,feature_8
0.0018056805916326,-0.0061050572785694,0.0111792779808323,-0.0021629111832142,0.1530860379798433,0.0195651811853328,0.0162571358522827,-0.0113855230757978,0.0172600308810791
-0.0021629111832142,0.1530860379798433,0.0195651811853328,0.0162571358522827,-0.0113855230757978,0.0172600308810791,0.0142197697391952,0.1699260172626386,0.0202774700266038
0.0162571358522827,-0.0113855230757978,0.0172600308810791,0.0142197697391952,0.1699260172626386,0.0202774700266038,0.0690500981449859,1.3831747135886006,0.0370869988917314
0.0142197697391952,0.1699260172626386,0.0202774700266038,0.0690500981449859,1.3831747135886006,0.0370869988917314,-0.0311475463812664,-0.2959118690241378,0.0413051216979148
0.0690500981449859,1.3831747135886006,0.0370869988917314,-0.0311475463812664,-0.2959118690241378,0.0413051216979148,-0.0108291471161912,-0.3880922321254718,0.0304709519974887
-0.0311475463812664,-0.2959118690241378,0.0413051216979148,-0.0108291471161912,-0.3880922321254718,0.0304709519974887,0.0307902491003604,0.0048347361938001,0.0431331959884338
-0.0108291471161912,-0.3880922321254718,0.0304709519974887,0.0307902491003604,0.0048347361938001,0.0431331959884338,0.0019914710939925,-0.0854113248408944,0.018943160250373
