feature_0,feature_1,feature_2,feature_3,feature_4,feature_5,feature_6,feature_7,feature_8
-0.0384968270787604,0.6277372262773722,0.0207885968531161,0.0129886474525526,-0.4006225270377209,0.0187462924572858,-0.0025291354854927,-0.1542442699714818,0.0103715998596115
0.0129886474525526,-0.4006225270377209,0.0187462924572858,-0.0025291354854927,-0.1542442699714818,0.0103715998596115,0.0129134545362379,0.1357921904920489,0.0092178957134558
-0.0025291354854927,-0.1542442699714818,0.0103715998596115,0.0129134545362379,0.1357921904920489,0.0092178957134558,0.0550704586087509,1.031410350388506,0.0263781308920647
0.0129134545362379,0.1357921904920489,0.0092178957134558,0.0550704586087509,1.031410350388506,0.0263781308920647,0.0283050167407645,-0.3000090211998195,0.0339537227803993
0.0550704586087509,1.031410350388506,0.0263781308920647,0.0283050167407645,-0.3000090211998195,0.0339537227803993,0.0154531330387683,0.0980745933963966,0.0209385228728237
0.0283050167407645,-0.3000090211998195,0.0339537227803993,0.0154531330387683,0.0980745933963966,0.0209385228728237,-0.0006340853697759,-0.2989061546406272,0.0194846876781539
0.0154531330387683,0.0980745933963966,0.0209385228728237,-0.0006340853697759,-0.2989061546406272,0.0194846876781539,0.0023793491261812,0.1098667470202223,0.0182158318253187
