feature_0,feature_1,feature_2,feature_3,feature_4,feature_5,feature_6,feature_7,feature_8
0.0009081313348786,-0.0688032641242473,0.0061849305184735,0.0010773301731878,0.162190812720848,0.007549497171112,0.0112722644660958,-0.0549103070842201,0.009260040254152
0.0010773301731878,0.162190812720848,0.007549497171112,0.0112722644660958,-0.0549103070842201,0.009260040254152,0.0082898993875459,0.0258653969888045,0.0102309502090277
0.0112722644660958,-0.0549103070842201,0.009260040254152,0.0082898993875459,0.0258653969888045,0.0102309502090277,0.0055830504609806,-0.0175928248871048,0.0086619465172316
0.0082898993875459,0.0258653969888045,0.0102309502090277,0.0055830504609806,-0.0175928248871048,0.0086619465172316,-0.0108002200792565,0.7596003447505346,0.021521922681039
0.0055830504609806,-0.0175928248871048,0.0086619465172316,-0.0108002200792565,0.7596003447505346,0.021521922681039,-0.004523609793576,0.5561925149211764,0.0107283671993428
-0.0108002200792565,0.7596003447505346,0.021521922681039,-0.004523609793576,0.5561925149211764,0.0107283671993428,0.0088358875076699,-0.4723368538854305,0.0115966796875
-0.004523609793576,0.5561925149211764,0.0107283671993428,0.0088358875076699,-0.4723368538854305,0.0115966796875,0.0059780173306582,-0.3185312831389183,0.0096354437337829
