feature_0,feature_1,feature_2,feature_3,feature_4,feature_5,feature_6,feature_7,feature_8
0.0046973980977556,-0.4052660449808009,0.0180326516693413,-0.0133459059335753,0.1570875167997469,0.0408769359114184,-0.0133539912825466,-0.1704928486836111,0.0163014954883932
-0.0133459059335753,0.1570875167997469,0.0408769359114184,-0.0133539912825466,-0.1704928486836111,0.0163014954883932,-0.0048025958481145,-0.1100159244412717,0.0106824997768837
-0.0133539912825466,-0.1704928486836111,0.0163014954883932,-0.0048025958481145,-0.1100159244412717,0.0106824997768837,0.0244800891790208,0.3251581058152091,0.0389322393267134
-0.0048025958481145,-0.1100159244412717,0.0106824997768837,0.0244800891790208,0.3251581058152091,0.0389322393267134,-0.0055992040028509,0.7884995925969038,0.0363780932548166
0.0244800891790208,0.3251581058152091,0.0389322393267134,-0.0055992040028509,0.7884995925969038,0.0363780932548166,-0.0149279310041545,0.098001952489424,0.0233703492408623
-0.0055992040028509,0.7884995925969038,0.0363780932548166,-0.0149279310041545,0.098001952489424,0.0233703492408623,-0.0037221029203109,-0.4524978068615596,0.016121895805722
-0.0149279310041545,0.098001952489424,0.0233703492408623,-0.0037221029203109,-0.4524978068615596,0.016121895805722,0.0139654065184735,0.0063225359431837,0.0190120774348317
