index,subsequence_idx,score
47,47,3.01019
70,70,3.53756
79,79,2.47475
92,92,3.53418
106,106,3.57006
108,108,2.48616
109,109,2.40416
172,172,2.73661
