index,subsequence_idx,score
47,47,3.09702
70,70,3.61408
79,79,2.54397
92,92,3.64062
106,106,3.7128
108,108,2.66262
109,109,2.47878
172,172,2.80727
