index,subsequence_idx,score
47,47,3.01342
70,70,3.69905
79,79,2.43815
92,92,3.68097
106,106,3.69448
108,108,2.68945
122,122,2.4021
172,172,2.74112
