index,subsequence_idx,score
47,47,2.97277
70,70,3.53888
79,79,2.55818
92,92,3.55031
106,106,3.57068
108,108,2.58876
109,109,2.40732
172,172,2.64085
