index,subsequence_idx,score
69,69,2.68091
70,70,2.57962
79,79,2.63454
106,106,3.99978
108,108,2.62036
122,122,2.6153
