index,subsequence_idx,score
47,47,3.11422
70,70,3.72635
79,79,2.52304
92,92,3.68829
106,106,3.77127
108,108,2.67045
172,172,2.91312
