index,subsequence_idx,score
2,2,3.31805
13,13,3.58596
34,34,3.40262
36,36,3.18185
37,37,3.16777
105,105,3.59931
106,106,3.74531
107,107,3.94249
108,108,3.4608
109,109,2.96394
111,111,2.66589
114,114,2.55808
143,143,3.25502
144,144,3.94397
145,145,3.88163
147,147,3.71316
178,178,3.59132
180,180,3.39727
181,181,3.41283
461,461,2.43933
510,510,2.62026
511,511,2.43668
512,512,2.45633
535,535,3.53598
