index,subsequence_idx,score
2,2,3.74873
13,13,3.55055
34,34,3.35819
36,36,3.5092
37,37,3.20859
105,105,3.75017
106,106,3.94957
107,107,3.96643
108,108,3.67757
109,109,3.00759
111,111,2.51449
114,114,2.54131
143,143,3.08751
144,144,3.78752
145,145,3.97996
147,147,3.69139
178,178,3.47555
180,180,3.59709
181,181,3.4844
463,463,2.43299
510,510,2.4667
511,511,2.59354
512,512,2.57275
535,535,3.63837
