index,subsequence_idx,score
2,2,2.97159
105,105,3.14984
106,106,2.5686
144,144,3.01593
145,145,2.5987
156,156,2.37551
178,178,2.80497
180,180,2.89687
181,181,2.42966
201,201,2.37617
242,242,2.36127
243,243,3.46903
292,292,2.60429
343,343,2.50924
407,407,2.37816
408,408,3.23812
458,458,2.42358
510,510,2.40824
535,535,2.94826
