index,subsequence_idx,score
2,2,3.67323
13,13,3.49796
34,34,3.59129
36,36,3.47421
37,37,3.12275
105,105,3.89259
106,106,3.99074
107,107,3.90114
108,108,3.53138
109,109,2.86833
111,111,2.6446
114,114,2.56229
143,143,3.40842
144,144,4.16532
145,145,3.93318
147,147,3.63279
178,178,3.76332
180,180,3.59421
181,181,3.32878
461,461,2.52959
462,462,2.46441
510,510,2.76119
511,511,2.63294
512,512,2.4366
535,535,3.90208
