index,subsequence_idx,score
2,2,3.81404
13,13,3.54988
34,34,3.25502
36,36,3.54764
37,37,3.16416
105,105,3.67585
106,106,3.9184
107,107,3.92267
108,108,3.67992
109,109,2.94206
111,111,2.56727
114,114,2.65804
143,143,3.02337
144,144,3.95164
145,145,4.11592
147,147,3.68423
178,178,3.33228
180,180,3.65333
181,181,3.35601
235,235,2.42258
462,462,2.54412
463,463,2.39756
510,510,2.40562
511,511,2.71368
512,512,2.53533
535,535,3.74326
