index,subsequence_idx,score
17,17,2.43407
47,47,2.3648
142,142,2.43051
145,145,2.65894
152,152,2.85317
165,165,3.25763
173,173,3.05062
