index,subsequence_idx,score
59,59,2.55274
78,78,3.30096
84,84,2.91646
85,85,3.10384
86,86,2.58457
87,87,2.36931
88,88,2.63841
89,89,2.47956
137,137,2.7144
145,145,3.22808
160,160,2.6
165,165,2.84853
