index,subsequence_idx,score
59,59,2.43365
78,78,3.40529
84,84,2.81534
85,85,3.15997
86,86,2.51827
88,88,2.52796
89,89,2.50186
137,137,2.62072
145,145,3.1214
160,160,2.64656
165,165,2.75244
