index,subsequence_idx,score
59,59,2.39574
78,78,3.36495
84,84,2.89489
85,85,3.11442
86,86,2.5883
88,88,2.54273
89,89,2.47882
137,137,2.66346
145,145,3.09223
160,160,2.55304
165,165,2.78769
