index,subsequence_idx,score
59,59,2.36005
78,78,3.29552
84,84,2.89818
85,85,3.11951
86,86,2.54949
88,88,2.5546
89,89,2.45315
137,137,2.6682
145,145,3.056
160,160,2.52324
165,165,2.87888
173,173,2.35394
