{
  "aida": 0.041,
  "iforest": 0.09420990943908691,
  "lof": 0.02703690528869629
}