{
  "aida": 0.021,
  "iforest": 0.06569600105285645,
  "lof": 0.03846406936645508
}