{
  "aida": 0.029,
  "iforest": 0.0837550163269043,
  "lof": 0.05301213264465332
}