{
  "aida": 0.02,
  "iforest": 0.05714893341064453,
  "lof": 0.019060850143432617
}