{
  "aida": 0.019,
  "iforest": 0.05353116989135742,
  "lof": 0.029378890991210938
}