{
  "aida": 0.024,
  "iforest": 0.09439301490783691,
  "lof": 0.014633893966674805
}