{
  "aida": 0.193,
  "iforest": 0.0982818603515625,
  "lof": 0.051116228103637695
}