{
  "aida": 0.131,
  "iforest": 0.07147812843322754,
  "lof": 0.05913805961608887
}