{
  "aida": 0.177,
  "iforest": 0.0902409553527832,
  "lof": 0.04557061195373535
}