{
  "aida": 0.148,
  "iforest": 0.0956718921661377,
  "lof": 0.014997005462646484
}