{
  "aida": 0.124,
  "iforest": 0.06951618194580078,
  "lof": 0.0221860408782959
}