{
  "aida": 0.13,
  "iforest": 0.05903887748718262,
  "lof": 0.03901481628417969
}