{
  "anomalies": [
    {
      "anomaly_index": 6,
      "feature_importances": {
        "Close_0": 5.816303912653178e-10,
        "Close_1": 6.837824258901118e-10,
        "Close_2": 8.142320448804885e-10,
        "High_0": 5.163422087876068e-10,
        "High_1": 5.767661483034669e-10,
        "High_2": 7.336600584738809e-10,
        "Low_0": 5.37132456956257e-10,
        "Low_1": 6.245053907366146e-10,
        "Low_2": 7.70075901104416e-10,
        "Open_0": 4.885314071258225e-10,
        "Open_1": 5.367580839129743e-10,
        "Open_2": 6.457798150082395e-10,
        "Volume_0": 0.7521545536409805,
        "Volume_1": 0.08764519805324364,
        "Volume_2": 0.16020024077858191,
        "daily_return_0": 0.0,
        "daily_return_1": 0.0,
        "daily_return_2": 6.516502058879814e-16,
        "daily_return_zscore_0": 1.5874199015431227e-12,
        "daily_return_zscore_1": 6.220001215200782e-13,
        "daily_return_zscore_2": 1.9028186011929057e-12,
        "excess_return_0": 0.0,
        "excess_return_1": 0.0,
        "excess_return_2": 3.258251029439907e-16,
        "high_low_range_0": 0.0,
        "high_low_range_1": 3.258251029439907e-16,
        "high_low_range_2": 3.258251029439907e-16,
        "log_return_0": 0.0,
        "log_return_1": 0.0,
        "log_return_2": 6.516502058879814e-16,
        "log_return_zscore_0": 1.5825325249989628e-12,
        "log_return_zscore_1": 6.161352696670864e-13,
        "log_return_zscore_2": 1.9080318028400092e-12,
        "log_volume_0": 8.341122635366162e-14,
        "log_volume_1": 4.431221400038273e-14,
        "log_volume_2": 6.32100699711342e-14,
        "relative_volume_0": 8.797277779487749e-15,
        "relative_volume_1": 2.023373889282182e-13,
        "relative_volume_2": 1.5509274900133958e-13,
        "relative_volume_zscore_0": 1.6890773336616477e-12,
        "relative_volume_zscore_1": 2.0031727328996546e-12,
        "relative_volume_zscore_2": 1.8754492925456103e-12,
        "volume_change_0": 2.717381358552882e-13,
        "volume_change_1": 1.0589315845679697e-13,
        "volume_change_2": 1.4890207204540374e-13,
        "volume_change_zscore_0": 1.6001270805579383e-12,
        "volume_change_zscore_1": 7.907775248450654e-13,
        "volume_change_zscore_2": 7.34083956932811e-13
      }
    },
    {
      "anomaly_index": 64,
      "feature_importances": {
        "Close_0": 1.363269716931926e-09,
        "Close_1": 1.3598072214283719e-09,
        "Close_2": 1.3941688317354747e-09,
        "High_0": 1.3190795385555183e-09,
        "High_1": 1.3657909988690212e-09,
        "High_2": 1.4020642968344242e-09,
        "Low_0": 1.370220363906942e-09,
        "Low_1": 1.369145357648337e-09,
        "Low_2": 1.3668026073226315e-09,
        "Open_0": 1.3420140655697217e-09,
        "Open_1": 1.3671980484808758e-09,
        "Open_2": 1.399703311688553e-09,
        "Volume_0": 0.7248036445703953,
        "Volume_1": 0.16452676747557107,
        "Volume_2": 0.11066957150245467,
        "daily_return_0": 6.360983778727875e-16,
        "daily_return_1": 4.2406558524852497e-16,
        "daily_return_2": 2.1203279262426249e-16,
        "daily_return_zscore_0": 1.6547039136397445e-12,
        "daily_return_zscore_1": 3.515291668917648e-12,
        "daily_return_zscore_2": 2.2935587178166475e-12,
        "excess_return_0": 6.360983778727875e-16,
        "excess_return_1": 2.1203279262426249e-16,
        "excess_return_2": 2.1203279262426249e-16,
        "high_low_range_0": 0.0,
        "high_low_range_1": 6.360983778727875e-16,
        "high_low_range_2": 2.1203279262426249e-16,
        "log_return_0": 6.360983778727875e-16,
        "log_return_1": 4.2406558524852497e-16,
        "log_return_2": 2.1203279262426249e-16,
        "log_return_zscore_0": 1.6318043720363242e-12,
        "log_return_zscore_1": 3.508082553968423e-12,
        "log_return_zscore_2": 2.3134898003233282e-12,
        "log_volume_0": 5.6400722838053824e-14,
        "log_volume_1": 1.0495623234900994e-13,
        "log_volume_2": 1.0304793721539158e-13,
        "relative_volume_0": 1.1916242945483552e-13,
        "relative_volume_1": 2.493505641261327e-13,
        "relative_volume_2": 1.5414784023783883e-13,
        "relative_volume_zscore_0": 4.921705182394381e-12,
        "relative_volume_zscore_1": 3.23731667778724e-12,
        "relative_volume_zscore_2": 2.3221831448209227e-12,
        "volume_change_0": 5.389873588508753e-13,
        "volume_change_1": 1.639013486985549e-13,
        "volume_change_2": 2.2072613712185727e-13,
        "volume_change_zscore_0": 2.6143643330571566e-12,
        "volume_change_zscore_1": 1.0767025209460049e-12,
        "volume_change_zscore_2": 1.5103095818626218e-12
      }
    },
    {
      "anomaly_index": 74,
      "feature_importances": {
        "Close_0": 3.314961432188345e-10,
        "Close_1": 3.2328091075851295e-10,
        "Close_2": 3.615661447722306e-10,
        "High_0": 3.2655834701718283e-10,
        "High_1": 3.403750002528212e-10,
        "High_2": 3.4861672229304645e-10,
        "Low_0": 3.211061681887743e-10,
        "Low_1": 3.2008086562544395e-10,
        "Low_2": 3.433188063123122e-10,
        "Open_0": 3.1582452685190245e-10,
        "Open_1": 3.3578399247304575e-10,
        "Open_2": 3.3027190910446285e-10,
        "Volume_0": 0.11228285313224051,
        "Volume_1": 0.08569862809370532,
        "Volume_2": 0.8020185147646381,
        "daily_return_0": 3.4626901834864264e-16,
        "daily_return_1": 3.4626901834864264e-16,
        "daily_return_2": 1.7313450917432132e-16,
        "daily_return_zscore_0": 6.070095891651705e-13,
        "daily_return_zscore_1": 9.025501963257371e-13,
        "daily_return_zscore_2": 1.3911357812156719e-12,
        "excess_return_0": 3.4626901834864264e-16,
        "excess_return_1": 3.4626901834864264e-16,
        "excess_return_2": 1.7313450917432132e-16,
        "high_low_range_0": 3.4626901834864264e-16,
        "high_low_range_1": 3.4626901834864264e-16,
        "high_low_range_2": 5.194035275229639e-16,
        "log_return_0": 3.4626901834864264e-16,
        "log_return_1": 3.4626901834864264e-16,
        "log_return_2": 1.7313450917432132e-16,
        "log_return_zscore_0": 6.025080919266382e-13,
        "log_return_zscore_1": 9.042815414174803e-13,
        "log_return_zscore_2": 1.3878462255413597e-12,
        "log_volume_0": 4.432243434862626e-14,
        "log_volume_1": 3.8608995545873656e-14,
        "log_volume_2": 6.873440014220556e-14,
        "relative_volume_0": 6.873440014220556e-14,
        "relative_volume_1": 5.384483235321393e-14,
        "relative_volume_2": 1.0024488081193205e-13,
        "relative_volume_zscore_0": 1.0346518268257442e-12,
        "relative_volume_zscore_1": 7.340903188991224e-13,
        "relative_volume_zscore_2": 7.6404258898628e-13,
        "volume_change_0": 6.405976839449889e-14,
        "volume_change_1": 1.1669265918349257e-13,
        "volume_change_2": 1.3625685872019087e-13,
        "volume_change_zscore_0": 5.429498207706717e-13,
        "volume_change_zscore_1": 9.12245728839499e-13,
        "volume_change_zscore_2": 6.57911134862421e-13
      }
    },
    {
      "anomaly_index": 75,
      "feature_importances": {
        "Close_0": 8.771308962193233e-10,
        "Close_1": 9.031633956568219e-10,
        "Close_2": 9.62286739537642e-10,
        "High_0": 8.741226048066507e-10,
        "High_1": 9.009155725810942e-10,
        "High_2": 9.44518646001216e-10,
        "Low_0": 8.085898055693383e-10,
        "Low_1": 8.805631144257153e-10,
        "Low_2": 9.261536606504642e-10,
        "Open_0": 8.082315982615276e-10,
        "Open_1": 8.618027288712814e-10,
        "Open_2": 8.94841575479598e-10,
        "Volume_0": 0.38164477430031407,
        "Volume_1": 0.2721627514158846,
        "Volume_2": 0.3461924636303282,
        "daily_return_0": 1.0832882292663061e-15,
        "daily_return_1": 3.6109607642210204e-16,
        "daily_return_2": 0.0,