{
  "anomalies": [
    {
      "anomaly_index": 12,
      "feature_importances": {
        "Close_0": 0.015291042770951904,
        "Close_1": 0.017885146193116586,
        "Close_2": 0.004069469210288478,
        "High_0": 0.012389164366496494,
        "High_1": 0.029179999511468283,
        "High_2": 0.023156403429492656,
        "Low_0": 0.027260069860035662,
        "Low_1": 0.024587801363003495,
        "Low_2": 0.034612472214758536,
        "Open_0": 0.012897237353135154,
        "Open_1": 0.0264491072082855,
        "Open_2": 0.010469234715063874,
        "Volume_0": 0.01892571875228999,
        "Volume_1": 0.024050416473289527,
        "Volume_2": 0.018569090598207088,
        "daily_return_0": 0.023161288746671876,
        "daily_return_1": 0.020225213121961943,
        "daily_return_2": 0.020596497227582496,
        "daily_return_zscore_0": 0.03057720022472459,
        "daily_return_zscore_1": 0.027396858741053767,
        "daily_return_zscore_2": 0.013888956740516377,
        "excess_return_0": 0.03300031754561664,
        "excess_return_1": 0.014572901145606878,
        "excess_return_2": 0.022267275702875008,
        "high_low_range_0": 0.027460367864383592,
        "high_low_range_1": 0.01741615574391167,
        "high_low_range_2": 0.015672097510930898,
        "log_return_0": 0.012452673489826328,
        "log_return_1": 0.010127262512518624,
        "log_return_2": 0.02917022887710985,
        "log_return_zscore_0": 0.02616575881189086,
        "log_return_zscore_1": 0.018197806492586528,
        "log_return_zscore_2": 0.01891106280075234,
        "log_volume_0": 0.024827181904785167,
        "log_volume_1": 0.015012579691736484,
        "log_volume_2": 0.02124624441241848,
        "relative_volume_0": 0.011568431080387895,
        "relative_volume_1": 0.031202520823664478,
        "relative_volume_2": 0.0225115415618359,
        "relative_volume_zscore_0": 0.008138938420576955,
        "relative_volume_zscore_1": 0.021080143628325068,
        "relative_volume_zscore_2": 0.03017171889884951,
        "volume_change_0": 0.02097755196756149,
        "volume_change_1": 0.028794059454310073,
        "volume_change_2": 0.021031290456532886,
        "volume_change_zscore_0": 0.013239209555680401,
        "volume_change_zscore_1": 0.022472459024402158,
        "volume_change_zscore_2": 0.026673831798529522
      }
    },
    {
      "anomaly_index": 46,
      "feature_importances": {
        "Close_0": 0.019000640311143784,
        "Close_1": 0.020086797732824246,
        "Close_2": 0.007048165627149191,
        "High_0": 0.015191974766997886,
        "High_1": 0.021950814618066257,
        "High_2": 0.01832712784879171,
        "Low_0": 0.0267982071287974,
        "Low_1": 0.027395830862997128,
        "Low_2": 0.030018735029762607,
        "Open_0": 0.012820452012237055,
        "Open_1": 0.022282827803732773,
        "Open_2": 0.013451277065003438,
        "Volume_0": 0.02170417625157113,
        "Volume_1": 0.018312898712263142,
        "Volume_2": 0.014945336400502761,
        "daily_return_0": 0.021016434652690492,
        "daily_return_1": 0.017373775701377853,
        "daily_return_2": 0.021718405388099694,
        "daily_return_zscore_0": 0.022543695306756466,
        "daily_return_zscore_1": 0.026907297175516397,
        "daily_return_zscore_2": 0.011454454905494817,
        "excess_return_0": 0.03104323285981929,
        "excess_return_1": 0.018663884079967746,
        "excess_return_2": 0.02916024379253919,
        "high_low_range_0": 0.03014679725851969,
        "high_low_range_1": 0.019133445585410393,
        "high_low_range_2": 0.024146844688974788,
        "log_return_0": 0.013555624066212914,
        "log_return_1": 0.008836293784238858,
        "log_return_2": 0.037323025114425964,
        "log_return_zscore_0": 0.021452794839566487,
        "log_return_zscore_1": 0.021988758982142434,
        "log_return_zscore_2": 0.020456755282566935,
        "log_volume_0": 0.024934190243555386,
        "log_volume_1": 0.01377854720516043,
        "log_volume_2": 0.015538217089192969,
        "relative_volume_0": 0.013133493015865486,
        "relative_volume_1": 0.02495316242559347,
        "relative_volume_2": 0.023079659449332417,
        "relative_volume_zscore_0": 0.01189081509237081,
        "relative_volume_zscore_1": 0.025043280290274382,
        "relative_volume_zscore_2": 0.028391870419996683,
        "volume_change_0": 0.021054379016766666,
        "volume_change_1": 0.02952071525126283,
        "volume_change_2": 0.02045675528256694,
        "volume_change_zscore_0": 0.014978537719069413,
        "volume_change_zscore_1": 0.023411672634998933,
        "volume_change_zscore_2": 0.023577679227832188
      }
    },
    {
      "anomaly_index": 55,
      "feature_importances": {
        "Close_0": 0.017397717261109294,
        "Close_1": 0.016571140082558725,
        "Close_2": 0.011299854482820062,
        "High_0": 0.014705154475890672,
        "High_1": 0.03049426345538958,
        "High_2": 0.023698512161078603,
        "Low_0": 0.02872726912758986,
        "Low_1": 0.027093913026262382,
        "Low_2": 0.029034142092081685,
        "Open_0": 0.015422841247686076,
        "Open_1": 0.02142171274710698,
        "Open_2": 0.011745315237727554,
        "Volume_0": 0.015284253457270412,
        "Volume_1": 0.019728961878458507,
        "Volume_2": 0.015111018719250833,
        "daily_return_0": 0.02350052960334194,
        "daily_return_1": 0.01930329937932468,
        "daily_return_2": 0.01543274037557291,
        "daily_return_zscore_0": 0.027202803433017553,
        "daily_return_zscore_1": 0.02169393876399489,
        "daily_return_zscore_2": 0.011854205644482722,
        "excess_return_0": 0.03690394876211406,
        "excess_return_1": 0.0169522565062018,
        "excess_return_2": 0.020233817400687,
        "high_low_range_0": 0.03374612696621428,
        "high_low_range_1": 0.013512309565527276,
        "high_low_range_2": 0.01625931755412348,
        "log_return_0": 0.01796196755065878,
        "log_return_1": 0.008592443005771189,
        "log_return_2": 0.03472119106306735,
        "log_return_zscore_0": 0.020025935715063503,
        "log_return_zscore_1": 0.021693938763994888,
        "log_return_zscore_2": 0.01296785753175145,
        "log_volume_0": 0.030494263455389574,
        "log_volume_1": 0.019679466239024338,
        "log_volume_2": 0.022317583820865385,
        "relative_volume_0": 0.012096734277710132,
        "relative_volume_1": 0.025539749948029572,
        "relative_volume_2": 0.018798443857096187,
        "relative_volume_zscore_0": 0.010740553757213988,
        "relative_volume_zscore_1": 0.02238687771607321,
        "relative_volume_zscore_2": 0.034132192953800766,
        "volume_change_0": 0.02006553222661083,
        "volume_change_1": 0.03354319484453419,
        "volume_change_2": 0.021520704025975307,
        "volume_change_zscore_0": 0.01160672744731189,
        "volume_change_zscore_1": 0.022075055187637964,
        "volume_change_zscore_2": 0.024708223205535593
      }
    },
    {
      "anomaly_index": 78,
      "feature_importances": {
        "Close_0": 0.016312871432542866,
        "Close_1": 0.020865788604069298,
        "Close_2": 0.00874915419597476,
        "High_0": 0.01237889922212256,
        "High_1": 0.02783154206465352,
        "High_2": 0.01932367149758454,
        "Low_0": 0.02831935461874564,
        "Low_1": 0.02819871280429275,
        "Low_2": 0.026509727401952298,
        "Open_0": 0.016931816393648994,
        "Open_1": 0.01795989446463884,
        "Open_2": 0.014991056769841644,
        "Volume_0": 0.014991056769841644,
        "Volume_1": 0.01777106379853866,
        "Volume_2": 0.014477017734346724,
        "daily_return_0": 0.026399576180060533,
        "daily_return_1": 0.011015122189176855,
        "daily_return_2": 0.026509727401952298,
        "daily_return_zscore_0": 0.02460043955582831,
        "daily_return_zscore_1": 0.026845426363908166,