feature_0,feature_1,feature_2,feature_3,feature_4,feature_5,feature_6,feature_7,feature_8
-0.0182926326026179,0.0854562522254231,0.018348623853211,-0.0204604115381585,0.2536456624817345,0.0322580785261573,0.0111899256050829,0.734112777572939,0.0194610954762929
-0.0204604115381585,0.2536456624817345,0.0322580785261573,0.0111899256050829,0.734112777572939,0.0194610954762929,0.0154924071435209,-0.6645313067990863,0.0234026433499671
0.0111899256050829,0.734112777572939,0.0194610954762929,0.0154924071435209,-0.6645313067990863,0.0234026433499671,0.0039955914202947,-0.565844084152849,0.0113428271792084
0.0154924071435209,-0.6645313067990863,0.0234026433499671,0.0039955914202947,-0.565844084152849,0.0113428271792084,-0.0032561292461896,0.5475865316694137,0.0142283616132621
0.0039955914202947,-0.565844084152849,0.0113428271792084,-0.0032561292461896,0.5475865316694137,0.0142283616132621,0.0039927611070578,0.0698049478136506,0.0157451597797364
-0.0032561292461896,0.5475865316694137,0.0142283616132621,0.0039927611070578,0.0698049478136506,0.0157451597797364,-0.004338366285623,0.2946212703017892,0.0131820072278106
0.0039927611070578,0.0698049478136506,0.0157451597797364,-0.004338366285623,0.2946212703017892,0.0131820072278106,0.0076252220059112,-0.4227617269032186,0.015306124931472
