feature_0,feature_1,feature_2,feature_3,feature_4,feature_5,feature_6,feature_7,feature_8
-0.0178649139275013,-0.1453832042397065,0.021639344262295,-0.0093761695526659,0.202253890644565,0.0273391090132958,0.0134910862076995,1.465481327183455,0.0583608237425416
-0.0093761695526659,0.202253890644565,0.0273391090132958,0.0134910862076995,1.465481327183455,0.0583608237425416,0.0371470450186177,-0.6356678032246059,0.0340072409720559
0.0134910862076995,1.465481327183455,0.0583608237425416,0.0371470450186177,-0.6356678032246059,0.0340072409720559,-0.0007661354906546,-0.6782707119785771,0.0135307136887336
0.0371470450186177,-0.6356678032246059,0.0340072409720559,-0.0007661354906546,-0.6782707119785771,0.0135307136887336,-0.0019228777266765,0.0933585035181052,0.0156790564049668
-0.0007661354906546,-0.6782707119785771,0.0135307136887336,-0.0019228777266765,0.0933585035181052,0.0156790564049668,-0.0138136659849513,0.6453460995134201,0.0180693740140396
-0.0019228777266765,0.0933585035181052,0.0156790564049668,-0.0138136659849513,0.6453460995134201,0.0180693740140396,-0.0119130659006864,-0.1800143095635583,0.0113618803704605
-0.0138136659849513,0.6453460995134201,0.0180693740140396,-0.0119130659006864,-0.1800143095635583,0.0113618803704605,-0.0023778556034227,0.3536152638008261,0.0125735777901982
