feature_0,feature_1,feature_2,feature_3,feature_4,feature_5,feature_6,feature_7,feature_8
-0.0103785022269737,0.2161904534378136,0.0177527364424479,0.0108985971933825,-0.11713447776645,0.0151410660842073,0.0092215937737352,0.1740354171719216,0.0179811964170427
0.0108985971933825,-0.11713447776645,0.0151410660842073,0.0092215937737352,0.1740354171719216,0.0179811964170427,-0.0095404340492033,0.1067842672013523,0.034496899850778
0.0092215937737352,0.1740354171719216,0.0179811964170427,-0.0095404340492033,0.1067842672013523,0.034496899850778,0.0172975382134754,0.8842053533513239,0.0181904405773988
-0.0095404340492033,0.1067842672013523,0.034496899850778,0.0172975382134754,0.8842053533513239,0.0181904405773988,0.0273388415692672,-0.4319037505759316,0.0319893565753685
0.0172975382134754,0.8842053533513239,0.0181904405773988,0.0273388415692672,-0.4319037505759316,0.0319893565753685,-0.0018174467759756,-0.3094006347500032,0.0159145499831512
0.0273388415692672,-0.4319037505759316,0.0319893565753685,-0.0018174467759756,-0.3094006347500032,0.0159145499831512,-0.0108589520895433,0.1656378195699457,0.0268540999589635
-0.0018174467759756,-0.3094006347500032,0.0159145499831512,-0.0108589520895433,0.1656378195699457,0.0268540999589635,0.0113068713904316,-0.2785336859948213,0.0122945104677696
-0.0108589520895433,0.1656378195699457,0.0268540999589635,0.0113068713904316,-0.2785336859948213,0.0122945104677696,-0.0027300973670256,-0.1880035366347433,0.0107393053339412
