feature_0,feature_1,feature_2,feature_3,feature_4,feature_5,feature_6,feature_7,feature_8
-0.0125935163510932,-0.0339983681776018,0.0150730490129355,-0.0057769226530985,-0.0676087096152611,0.0132561752703214,0.0003773931550461,0.0369237552010139,0.0146689410073931
-0.0057769226530985,-0.0676087096152611,0.0132561752703214,0.0003773931550461,0.0369237552010139,0.0146689410073931,-0.0047521802365924,0.2862533549467194,0.031074089778953
0.0003773931550461,0.0369237552010139,0.0146689410073931,-0.0047521802365924,0.2862533549467194,0.031074089778953,0.0050021631069816,0.312294692477739,0.0177618688911914
-0.0047521802365924,0.2862533549467194,0.031074089778953,0.0050021631069816,0.312294692477739,0.0177618688911914,0.024132808492906,-0.3651899431666116,0.0356414821547165
0.0050021631069816,0.312294692477739,0.0177618688911914,0.024132808492906,-0.3651899431666116,0.0356414821547165,0.0062591434411876,-0.2102176204352408,0.0102145750363388
0.024132808492906,-0.3651899431666116,0.0356414821547165,0.0062591434411876,-0.2102176204352408,0.0102145750363388,0.0123673801582921,0.9275262199334297,0.0262909352608306
0.0062591434411876,-0.2102176204352408,0.0102145750363388,0.0123673801582921,0.9275262199334297,0.0262909352608306,0.0150355016135788,-0.4402389059038185,0.0108493306875115
0.0123673801582921,0.9275262199334297,0.0262909352608306,0.0150355016135788,-0.4402389059038185,0.0108493306875115,0.0076199030045274,-0.0354223433242506,0.0090967146487296
