{
  "aida": 0.158,
  "iforest": 0.09460997581481934,
  "lof": 0.04588913917541504
}