{
  "aida": 0.154,
  "iforest": 0.09918904304504395,
  "lof": 0.027891874313354492
}