{
  "aida": 0.153,
  "iforest": 0.09446406364440918,
  "lof": 0.03391695022583008
}