{
  "aida": 0.17,
  "iforest": 0.10102081298828125,
  "lof": 0.03846573829650879
}