{
  "aida": 0.17,
  "iforest": 0.09180116653442383,
  "lof": 0.04799485206604004
}