{
  "aida": 0.158,
  "iforest": 0.09632205963134766,
  "lof": 0.042075157165527344
}