{
  "aida": 0.178,
  "iforest": 0.10824298858642578,
  "lof": 0.062196969985961914
}