{
  "aida": 0.159,
  "iforest": 0.09996604919433594,
  "lof": 0.05680203437805176
}