{
  "aida": 0.146,
  "iforest": 0.09717035293579102,
  "lof": 0.041908979415893555
}