{
  "aida": 0.16,
  "iforest": 0.09803128242492676,
  "lof": 0.04253792762756348
}