{
  "aida": 0.166,
  "iforest": 0.0956580638885498,
  "lof": 0.03312206268310547
}