{
  "aida": 0.172,
  "iforest": 0.0986168384552002,
  "lof": 0.055725812911987305
}