index,subsequence_idx,score
35,35,2.70844
36,36,2.51428
56,56,3.56732
62,62,2.57758
70,70,2.93894
105,105,3.29726
123,123,3.06293
