index,subsequence_idx,score
35,35,2.5258
36,36,2.65798
47,47,2.47266
56,56,3.43789
62,62,2.62924
70,70,2.76519
105,105,3.09647
123,123,3.14129
168,168,2.72583
