index,subsequence_idx,score
35,35,2.43477
36,36,2.44846
47,47,2.42946
56,56,3.43168
62,62,2.52859
70,70,2.71855
75,75,2.45011
105,105,3.10961
123,123,3.06306
168,168,2.41786
