index,subsequence_idx,score
30,30,2.52866
47,47,2.95437
56,56,3.23958
105,105,2.47784
123,123,2.98664
161,161,2.48338
168,168,2.66256
