index,subsequence_idx,score
35,35,2.49583
36,36,2.49232
56,56,3.376
62,62,2.72997
70,70,2.73386
105,105,3.12188
123,123,3.04092
168,168,2.57776
