index,subsequence_idx,score
35,35,2.58038
36,36,2.62587
47,47,2.46083
56,56,3.40192
62,62,2.57952
70,70,2.79343
105,105,3.0893
123,123,3.14806
168,168,2.68633
