index,subsequence_idx,score
56,56,2.47302
58,58,2.73605
70,70,2.54886
71,71,2.60446
100,100,2.74356
102,102,2.57836
141,141,2.707
142,142,2.75649
156,156,2.562
208,208,2.72641
209,209,2.63669
258,258,3.33597
259,259,2.67537
268,268,2.40922
293,293,2.37917
348,348,2.7174
349,349,2.40204
418,418,2.64762
449,449,3.06094
450,450,2.76185
532,532,2.92682
544,544,2.40625
545,545,2.79116
