feature_0,feature_1,feature_2,feature_3,feature_4,feature_5,feature_6,feature_7,feature_8
-0.0085795809769242,-0.0162254580040308,0.0133616761566692,0.0107631862173909,0.0010051600774971,0.0177823013293607,-0.0024080275860086,0.3202704308266613,0.0202096916810987
0.0184519797058015,0.1479065608843448,0.013370850831109,0.0091115554369731,1.5384541463513322,0.0236379733697052,0.0118997844815573,-0.631464276250117,0.0203599174838796
0.0004126358007008,0.1753245875582203,0.0275600383937542,-0.007372694808574,-0.3930136226997462,0.0093151189218352,-0.0071157488488742,0.3767861135003845,0.0263269266113725
