open_std_0,high_std_0,low_std_0,close_std_0,daily_return_std_0,log_return_std_0,volume_change_std_0,relative_volume_std_0,log_volume_0,high_low_range_std_0,excess_return_std_0,open_std_1,high_std_1,low_std_1,close_std_1,daily_return_std_1,log_return_std_1,volume_change_std_1,relative_volume_std_1,log_volume_1,high_low_range_std_1,excess_return_std_1,open_std_2,high_std_2,low_std_2,close_std_2,daily_return_std_2,log_return_std_2,volume_change_std_2,relative_volume_std_2,log_volume_2,high_low_range_std_2,excess_return_std_2
0.6832661339531678,0.4349851612261739,0.2762860861914285,-0.0351947726704294,-1.190454631539677,-1.2044313528697916,-0.1674220331373856,0.0,14.826056731784108,0.3053215645885504,0.0,-0.6072247082397247,-0.3778607760003278,-0.41899654180831,-0.331182260538996,-0.3572389238190618,-0.3542411548653911,0.3067199002389081,0.0,14.95051938324301,0.31547841230649,0.0,-0.0882809667143067,0.3177346831314319,0.0639974790728902,0.7326815635535311,0.845678239687398,0.853653122754656,0.5902239919090824,0.0,15.16705844159366,0.2626664024294758,0.0
1.0047508825062288,1.3474231934091336,1.2314935161997178,1.0446982181195514,0.2566485380098006,0.2617586826176417,-1.2754513694577454,0.0,14.824891188459858,-0.4088919866409221,0.0,2.2921808980607783,2.188871742585467,0.8040425107350834,1.1194177666869745,0.1119108436695178,0.117289383824419,0.0934131460622508,0.0,14.82936384024149,2.529126473887363,0.0,-0.0111836500930751,0.6574049820747144,0.6241571090972623,1.3154386187836726,0.2665354620617459,0.2715023710539895,1.1279889156421508,0.0,15.068816521868092,0.1979114058949755,0.0
1.0449179060596994,0.8104364125567237,0.0858930191506805,0.2298847374087021,-1.1517173165439734,-1.1562806648368094,0.1323261298514715,0.0,15.128804295132513,1.123384660955949,0.0,0.015525746301797,0.1376704961680177,0.2777284896840325,-0.3453375198604222,-0.6005654732955918,-0.5995091792287325,-0.5021636994798873,0.0,15.040931987130053,-0.1207531752215141,0.0,-0.8488721109129008,-1.0170417366041888,-0.6033000227883356,-0.8512964428295734,-0.5821778276130444,-0.5809734901111615,-0.8878962010321683,-0.6696358020045384,14.804531541943009,-1.0162196397313843,0.0
-0.6841104684638514,-1.059183311155852,-0.9830065393981614,-0.8304516558030042,-0.0244824259606502,-0.0194210041698667,0.7545931736412173,0.260142355170206,14.958905308139483,-0.7136772856823076,-1.190495534598076,-0.7671478450730619,-0.3578018703588327,-0.9228830746573594,-0.2530183520294362,0.7560177304092608,0.7596103716409076,-0.4419061202867563,-0.3865042210894697,14.897959927554773,0.6227798281129905,0.21409112411016,0.5194606876431861,0.1161985675012594,0.2719869560587992,-0.2627391574378941,0.0349536090730574,0.0396864475050858,-0.369834222882559,-0.778239961425604,14.831321141980103,-0.1093655333057262,-0.6902108452422075
-0.7527848939175147,-0.3533536600803449,-0.4430885610895055,-0.4678734986810548,-0.2859850945104411,-0.2825494942240998,0.0805782609502217,-0.4222696561425152,14.823322847322611,-0.0907550776642494,1.117744022820443,-0.7447876910609561,-0.9272481146145528,-0.7129693028638291,-0.576833284438627,-0.1471934645329176,-0.1439941292771438,-1.4559752271719244,-1.8586937726148651,14.542238055276156,-0.8968761061213979,0.6532272732941797,-0.3927918604470055,-0.2472954389917999,-0.6281086777733608,0.1279272469007537,0.9457320839939486,0.9452953161868194,0.7512006774835878,-1.0408489122679063,14.652368829259586,0.4169814874394273,-0.2126252645032038
-0.0186953950935794,-0.4367856014675152,0.01204024721526,-1.400813072936043,-1.2444830429016671,-1.247727024608118,-0.0952540444843449,-0.8835288983875915,14.60105504366171,-0.7495129785465875,0.4125207687584127,0.3078910875690777,-0.6651882691395191,-0.2313334069372365,-1.2084220494740527,0.2991844678923143,0.3019234889361565,0.6394228762036118,-0.0971882291571446,14.643014228162563,-0.7798213087110651,1.2826631167700406,-0.6135019964126415,-1.7377136491115703,-2.1962321507356357,-1.9869220405516967,-1.1430095171104042,-1.1444905371269731,0.1907850561183158,0.4350346483914836,14.635599152358102,0.445343059774244,-1.047883596981523
-0.9017574869446008,-1.237061823944531,-0.5216247391842839,-0.4446848214769832,1.453777704551964,1.448440075740229,0.1520085105705637,0.6012310595007458,14.642489523526434,-1.4610991944519192,0.2898895223419273,-0.5728520209003316,-0.5715314380126807,-0.3040862835981279,-0.738565994965155,-0.2908165570876954,-0.2876071291722608,-1.3921411156921608,-0.858306003763697,14.426037252900796,-0.5635432506387608,-0.0574987600307531,-1.3838641378797465,-1.3433073324008231,-1.1755547442349388,-0.69931999321724,0.0453812115971225,0.0484272449195977,1.657907127907073,1.4188522123553908,14.605467248316836,-0.9388423110367708,-0.2366130408052612
-1.805647437498283,-0.2435658271586566,-1.046028111255147,-1.2276395983206876,-0.5426419106141221,-0.5411364543021487,1.6141202557912144,2.355955339375147,14.84251978584904,1.3317118275563056,1.1518112732295671,-1.570989052727944,-1.888942620673871,-2.030900375793325,-2.216823714878714,-1.672207245175293,-1.6801743400161837,-0.2342928509827766,1.6044887184013366,14.815738312506715,0.6062964014332871,-1.6178328231137198,-2.1955653414845093,-2.102914385131464,-2.106927616037322,-2.160844865825268,-1.0716357377732724,-1.0737077815536116,-0.2384801538682053,1.183863685022919,14.82014214934107,0.3412029032900139,0.949818795062469
-1.755497261254387,-2.015353450514308,-1.7831450229656929,-1.7576262325344951,0.3203652557506347,0.3241664661920717,-1.5161380447847534,-0.3962885300005508,14.56186717094618,-0.9350651542568392,0.0072712747924095,-1.1212190220392493,-1.549316286841513,-1.575168134946983,-1.310878743535922,0.6842351933356077,0.6859501712187637,-0.417876966628885,-0.7738414664863076,14.496332595034415,0.2297575829214164,-0.2894586155185449,-1.7257125524317023,-1.615823788867885,-1.4923071405828472,-1.321950611616105,-0.251029165130855,-0.2478352482877352,0.1517591746086656,-0.6107242153882423,14.516676006124822,-0.9601604044335388,0.8053160333531929
-0.8246305930989242,-0.8635123290246607,-0.5964312660017526,-0.8155176097510637,1.1329857673826889,1.1307508304856613,0.5465876007033191,-0.115400678940821,14.604331942972625,-1.4729828852203493,0.6331771360227695,-0.7814720028484726,-0.7287289317298603,-0.6695949575672765,-0.6844246232258249,0.5145066305671353,0.5158309027853982,1.2345682128736035,1.0345586948478354,14.820874240324356,-0.6093133373296065,0.4094639106561802,-0.7741411162018874,-0.9086834450362242,-1.0990567624135654,-0.7995838639475242,-0.0724616966192852,-0.0691180034497086,-1.6363959878573822,-1.1334262201430536,14.492579676415662,0.3625274549114968,-0.0502122655980387
-0.7021447685682717,-0.5577189739543269,-0.5557450786374512,-0.2853630501642242,1.2354108465097284,1.2313326844762047,1.2897556317084535,0.268635154297452,14.742147977775314,-0.3927060608576821,-0.3023342786758901,0.5759050383891494,0.7968067621683431,1.0776846123389583,1.8600366751611963,1.8060352129299544,1.7949871648271227,-0.708461119288333,-0.4018382294168404,14.592493704227602,-0.5412108694962146,0.1888781681668968,1.9931127521642664,2.311183277877304,2.099719356894054,2.403549638106492,1.3831504323807884,1.3790125656669847,1.2768094195490864,1.4665267879642037,14.841337435406702,1.6012613605476946,2.343427107608105
2.1968583503443413,1.8129790935502128,1.339717882321411,0.6380694473372651,-1.904373436092732,-1.916610185881623,-1.571135669130121,-1.3999325220302252,14.322810574072983,2.233038616693567,-0.96838584687657,0.2946589861614322,0.3146219235924301,0.659404069000835,0.3366562089735394,-0.3505052953138578,-0.3459249019848147,-0.0752538012110057,-1.169657264427658,14.306786934330688,-0.6201127891023045,-0.9206690163518576,0.3959290151687757,0.6304579329933929,-0.2172485631737744,-0.6985438137041933,-1.0919005325317588,-1.0935053090846114,1.5273214731066018,0.7776038469862461,14.697086027879967,1.8324706521254164,0.6693702753172694
-1.1463444866493369,-1.3886131756406,-1.8990821873499455,-1.833957785665025,-1.4548267888662345,-1.46193737103947,0.8008419782279391,1.7366147559474945,14.971259352824957,0.7612374753735126,-1.2267767886191174,-2.0209480615033475,-1.5518206153989424,-1.9363389688573185,-1.6852223019175867,-0.3052070004747054,-0.3003456664907858,-0.1348175795395553,1.3326822318012743,15.011915095069398,1.3257987936629438,-0.9020265788391812,-0.7629215822684394,-0.5402130526577108,-0.5770927142122225,-0.4113222184329245,1.5708391788966567,1.5613266585119812,-0.0974804518261969,1.1776725871087057,15.04319041620641,0.1975453473402734,0.9834461589356224
-1.2630537545132512,-1.441332530295228,-1.1391246481791193,-0.9841641148138416,-0.7575193463031964,-0.7566205825829683,-0.6631859767205553,0.306722044807946,14.941284279096184,-0.9640747399805968,-0.936333770432606,-1.0179579056729895,-1.1830922739979868,-1.2901087147931616,-0.8480451639462354,0.1156438721057456,0.1229408668355662,0.5839689260090951,0.9586805387681632,15.142081718990063,0.5631933120473601,-1.8141662849772977,-0.4457560712516831,-0.6441035582377839,-0.360250715497825,-0.4855558749711287,0.552626001323716,0.5589906588386766,2.3469454720651632,2.4846337366537687,15.946927779903454,-1.1159190941890615,1.5104047858942582
-0.5885867938434987,-0.2603883258602995,-0.1414313449042406,-0.3892798680374953,0.295579426657696,0.3023809716141553,-1.346781655725646,-0.3523181703373717,15.167265491595163,-0.4135776892948638,-0.7742852748753973,0.6398050028230365,0.3455453414613946,0.6183816707324528,0.8767702171822789,1.2304563867082954,1.2299576480333707,-0.4086033872436357,-0.625329819724068,15.141736658095338,-0.7967761798449188,0.4102954424092148,0.8454475582882938,1.1524001614018815,0.9317300936395444,0.3263985313884488,-0.5729162721870219,-0.5711531326383812,-0.9172928837087696,-1.3086105173679443,14.769636813290044,0.7485531443385298,0.7376141415927133
0.6652065805959151,1.4336139457984978,1.2437760259423485,1.3654204273741293,0.698242815610532,0.7018985774686095,-0.1838154879380192,-1.1399098006139112,14.770291351515532,0.3946420561261492,0.729317409644669,0.1960889663428237,-0.3088707079737421,-0.0904053518933967,0.3914433274795467,-0.7672694036877035,-0.7678185792394336,0.1578467498312697,-0.7941607684146507,14.904577770319168,-0.5324966083097921,-1.1099376920539883,1.3857848209412875,0.8001663826841268,1.490892171099325,1.2291736696084283,0.4809477848925015,0.4854225860474601,-0.4929033871521021,-0.8691955249675465,14.699402470563587,-1.633648966497844,0.6543961484349657
1.1418235986886611,0.3312038798531448,0.9706632952042448,1.00966710037745,-0.1404073401212878,-0.1363852558738511,-0.6463189761937804,-0.9728786369779432,14.343724720988726,-1.4575591903651612,0.1566102808965011,1.3611452272938025,1.1152179432181526,1.325186868122514,1.9887301887949291,1.3108733725499986,1.3069773691949809,0.6266977206270521,-0.5450808454471645,14.660090872022195,-0.8717230654227663,0.0627367596737695,1.8383434905107023,1.5333098904746985,1.699711817514074,1.524495167676422,-0.4557231096805705,-0.4526029118153365,0.0411902725138866,-0.3226450423918958,14.723971113867687,-0.6639249568412641,-0.8395972785254348
1.4610025583046984,1.4814642527383484,1.6841527966097882,1.890074401362904,0.839706417780654,0.8398881113515502,1.3598692311607758,1.726264368951488,15.032380140181084,-1.0484473903878098,-0.2722735353454321,1.5343339993917424,1.7190562001170369,1.5544824181240928,1.8793210349996508,0.39614508157241,0.3986441139359796,-0.488914808899119,1.2806751191746195,14.90676282802187,-0.1949224515207752,0.6436552331236719,1.7965345535374837,1.6815007796273156,1.4531020751352142,1.1103316868283033,-1.0767095493468697,-1.0771645562254786,-0.93038573025559,0.3265795480157702,14.603377289396157,0.184368401132574,-0.2141512521333337
1.017833453943892,0.8371734826687892,1.001447442635069,0.9919412414996772,-0.3184214781342752,-0.315061906943112,0.0374352299570506,0.3673821414146374,14.62180828296508,-0.7669094643331839,0.6105648010022475,0.4440179173963827,0.1848527244173876,-0.1226379041757358,0.4176050502325292,-1.0495389288738477,-1.0510978888208475,0.159762424257242,0.5093053100854009,14.673155134565697,1.3530801183885246,-1.2591274769778014,-0.0930092895015417,-0.2665649054465975,-0.0589699151627312,-0.0389520861803465,-0.8140186904673492,-0.8138421087442328,-1.1964583097887158,-0.7305836754331448,14.259619931060117,-0.8207712566286687,-0.7237124161591537
0.7759572334383045,0.6423287665234418,0.7816199575996299,0.8010361112883905,1.0374092232481815,1.0375562280754964,2.200377013248674,1.4923027395333246,14.925326846759274,-0.2419509940950168,1.9048312980746644,1.4054793931221352,1.4421467226015414,0.6233286079293268,-0.1386362206957103,-1.0362859076329334,-1.0380450661634233,-0.8661981056722267,-0.0430121387197287,14.634762056081485,2.056368196426464,-0.2583606682995512,0.4890032913854976,1.483771113192007,1.3074132094704214,2.109397308413622,1.921982104688599,1.913924674353422,0.235315703509554,0.4282337804918918,14.775512291156858,0.9542061252286168,1.249310531186187
2.045949091640659,1.8548154374556876,2.1927141654292512,2.0611734761230793,0.3802485927864968,0.3845461561006411,-0.4685747995013971,-0.3931665782278444,14.628483575130126,-0.4873271791244812,1.143309557559883,2.0314223768898407,1.5409083866809918,1.501329274916924,1.586940156315171,-0.1971902583813916,-0.1937634085499953,0.1776820530887969,0.3785058028793399,14.704512720666568,0.3370863353561208,-0.5983834420929701,1.606336604137684,1.2075501992780422,1.4445300385752138,1.2194603395214985,-0.3201443902237983,-0.3179022383024212,-0.4181782779265005,-0.2115736070348083,14.5516219169293,-0.8031318749417349,-0.4445527900865251
1.1600763438691717,1.052414557341354,1.3419771768970985,1.0659820301581828,-0.1513728087580654,-0.1482068706874377,-0.4568909681377384,-0.8893492667460146,14.400683253868737,-1.1959843050201782,0.0117703512432825,0.7160906388481497,1.019735434505923,0.8836412325643411,1.1830091859330392,0.3223282905065711,0.3269496210597127,0.3955224853905458,0.039424471450375,14.569188708896672,0.2887559215663713,1.2800906896350588,1.230676558373868,1.2068862802855829,1.2939382084884,1.011820809863052,-0.3826852041481485,-0.3810402172105209,1.3651881558618515,2.1351744757823963,15.079015905653046,-0.4804780196915352,-0.5179241034851526
0.9902754297757592,1.1901458896074242,1.194267574986442,0.7894455242797935,-0.6717283099917787,-0.6725187751973646,-1.2931235153410987,-1.0125034728860691,14.450128326472042,-0.6372806104977822,-0.8990150517710915,0.4859021425732894,0.2444010386014176,-0.1195151250981811,-0.7378139069672198,-1.8088588104893732,-1.8234486497554263,0.5663680108018045,-0.0523086930799397,14.624216524592692,0.7980827083580829,-0.5123165210965538,-0.6648258062142359,-0.8762541034571899,-1.0414600062059045,-1.8416713792936783,-0.6402281877260197,-0.6387864478365745,0.3382821939112574,0.5248632133317,14.768789127363927,1.0132817825097524,-0.5881431432971642
-2.008169343200034,0.1289386776472538,-2.21812563109704,0.4501668289712203,1.9586832785425965,1.945643772079461,1.2130396416840112,1.8924557408648013,15.166152093443714,2.674092395426217,-0.407095029673115,0.0159080472065907,2.302297526176192,0.5947755847231762,1.8669342945306953,1.4633059905102503,1.4578976593295792,-0.8263059704534003,0.4977283456939267,14.949265061700192,1.1598485286249989,1.5167570745010168,1.9639490088054163,1.75694507276679,1.8000558109831664,1.4133280388021654,-0.232645341558169,-0.2284976143146065,-1.2552541728282198,-1.1783993721054862,14.372322991599862,-0.7523274825275653,-0.3249336687594724
1.0511389069525052,0.5631034000477385,0.1014554305028531,0.4172008907121389,-1.020032918596684,-1.0220705611600571,0.8645659224950047,-0.2584014165265055,14.723245190592513,0.3866658264618927,-0.0754760510682676,0.6647271584611995,0.6256284545749571,0.7209986205845247,0.1011536212301854,-0.3296857330658599,-0.3259404228414198,-0.7274886401616837,-0.9494792680631992,14.49400135656287,-0.4652740649735742,0.4004662178891634,0.0612935811274971,-0.2479602622938113,0.227519987447616,0.3622329294860103,0.2669834332597818,0.2720625726481405,0.7984200461421845,0.0339087419699267,14.850437650198597,-0.5750995182627011,1.9399201964599289
1.3065326412624023,1.685541640563485,1.24183669432375,1.72094832169792,1.5529248591569416,1.5461516350426494,-0.2246582783263584,0.1505537791947375,14.802371955952545,-0.0447867129012904,0.414179270571458,1.5685887520949258,1.6488441800124616,1.6872948909938863,1.4469611299646543,-0.0546319406128353,-0.0489368360636899,-1.1835530033422428,-1.2499851096038124,14.357602845134682,-0.990345079709071,-0.2630387520673099,1.229624095761516,1.124124762630161,1.2155803355035164,0.8547192538422973,-0.9146381518715012,-0.917007779690434,0.414668946834567,-0.668293286230031,14.526694592072856,-0.9138822595951914,-1.1354200014788425
1.2881028308647196,1.0860941755698068,0.3777065028887211,0.6853953186682334,-0.4710849432138168,-0.4685733873132597,-0.2064107152957034,-0.6115337729988968,14.478611332423233,0.5793322922224244,-1.6014411227916705,0.5334032959650091,0.7074156489160442,0.507011832959104,0.7292167504640698,-0.0391822829642071,-0.0348422479769986,0.0251658092915055,-0.2488773331764937,14.457996349705445,0.1063922778292195,0.2570533454069327,0.910967171974724,0.4336420571251059,0.2698346081348955,0.2947375750574521,-0.4934705081355581,-0.4937735642547479,0.2601473609376574,0.6421871495196778,14.530419719542405,0.2411164985129409,-0.8628401083018337
0.1787863058561313,0.0380974800219473,0.6358071977867816,0.579684978946773,0.3298236717619183,0.3352279413110404,-0.3245326463699171,0.155049631591836,14.487128130855508,-1.2815251180068044,-0.1699594770288307,0.2567595636386544,-0.1177316157730806,-0.329777926772056,-0.3773002948740988,-1.086696183808942,-1.094746006521322,1.503808358739632,1.9977043408769148,14.831719382342246,0.4154244166074426,-0.710205878211639,-0.0102239119901984,0.8769839944570791,0.0553102878255428,1.4073206921939492,1.4619641246924588,1.4619431220177728,0.4394295911669076,1.909725119253037,14.997330080368965,1.2311866233977191,0.9182621656241426
1.8079246300209153,2.3463442570528517,1.926568482316471,2.3304484475231875,0.8419723354310413,0.8453248904379511,0.4705917435251602,1.8125660298467563,15.131785002509776,0.0622097368510613,0.7307713517158693,2.371466835871061,1.7211337612485906,1.3265948085559005,0.3374310923638973,-1.6662092382708236,-1.6772463173715575,-0.674106896667966,0.9862869944036116,15.030067452671416,0.4773275472137806,-2.3234675952570307,0.0826062029135854,0.1214917300456905,0.99135196024906,0.0529294887886673,-0.2473699347246438,-0.2435457902527492,-2.1468623210420614,-1.114760584597668,14.408174752798464,-1.3217413923501526,-0.2222231562534408
-0.9143815191753668,-1.341435655993685,-2.073195898486299,-2.0586587878107143,-1.92812771787428,-1.942202248348674,2.440646214543394,1.1329473253958304,15.19654134072846,1.9438581916882332,-1.8021655523157365,-2.3541721834883633,-2.404015257499212,-2.0388000042616348,-2.0252162918115197,-0.7532699407526948,-0.7502540796896419,-0.9552816838858678,-0.6112545033487911,14.792219207940182,-0.8090797641430664,-0.4669226375839847,-1.8172002867786283,-1.61247328004336,-1.5918801128827351,-1.3940757978305898,0.5483595607654658,0.5519152333426856,0.5668486617626698,0.3134869277188587,15.137853159101926,0.0218880817341744,-0.0823839194393881
-1.1311524789123597,-0.8444431520745299,-0.7825985369194104,-0.7072088475048485,0.9243951754507732,0.9224924175621936,-0.8153883647711834,-1.0052959273660402,14.80553527778306,-0.1721261268042098,0.3458991386428435,-0.3991964737667042,-0.624103613616671,-1.029236510934339,-1.2517966946166337,-0.9237979210240675,-0.9234900433519376,0.2678288423234952,-0.4159039965776793,15.048100264772737,1.4084736997294394,-1.4956594046919731,-1.3912688560957434,-1.48474025788867,-1.5201820567606843,-1.2317279789598057,-0.1808298989980869,-0.1740991271490377,2.276318212245261,2.4781883953703505,16.185315044095127,0.4155492290683327,0.596813677163109
-0.9484344434348162,-0.7555014363829857,-0.5642684368111617,-0.4805541459857133,1.3374562863589012,1.3302156098827986,-1.0693769285258263,-0.7620052805477445,15.036252274876762,-0.5972147163374066,1.3931909663721704,-0.0446856978196106,-0.1074965625811672,0.2216980635781117,0.0499303255582268,0.8511614964206913,0.8519468244178114,-0.5197157890633758,-0.9222973457203348,14.732281574483292,-0.9882985948597416,-0.0192442405640325,-0.0478249868966347,-0.3129081095863198,-0.0094660901044129,-0.2552315569464382,-0.3357607959819748,-0.3297456149612543,-0.3056172325568718,-0.8182440361680821,14.655438901473968,-0.6593833365220668,-0.0996306702024371
0.2249877252230189,1.2605245415110036,1.044726387911363,2.022151472784203,1.5775697755659062,1.5639579763822875,-0.0779621860994033,-0.6549499786253401,14.83027047472792,0.6325922649353711,2.2424649346668657,1.7354570627586663,1.385231453552875,0.2707032026228272,0.0480698576134125,-1.384546280527068,-1.3941865132192497,0.2282448394604262,-0.1623792259974666,15.1277549067892,1.8635855522635336,-1.2716165348631647,-0.5140011460069148,-0.8799737313304772,-0.3185819235698979,-0.8326022469935196,-0.6471548205859216,-0.6439222068214726,-0.6196840834378091,-0.587514690895537,14.768981846363648,-0.973082468005978,-0.9455516033330348
-0.3353611031142108,-0.4150242671531222,0.0761984947166758,-0.4234071594456012,0.2913456694023692,0.2979184599382291,-0.3500026018136558,-0.5977714109340024,14.604786219792194,-0.7474607673382997,0.5355978434168809,-0.277546746753366,0.4043377118365616,0.6176249215453158,0.9676551727328042,1.0032270956267757,1.003043592968864,-0.0816712571619002,-0.4576385921921651,14.694099838022971,-0.2171654236027732,0.7450317712557741,0.8563011449905125,0.6460057641333474,0.4917066332192001,-0.0289306720606991,-0.7635493866754296,-0.7617609832883084,-0.1508790881940648,-0.348384087821994,14.70918792411532,0.366935689564872,-1.1115878737741898
0.1122848031463282,0.7143782728818154,1.2016397635270342,0.6421322700769417,0.4202413601374166,0.4251366353013001,0.6901902483356294,1.8249765864230951,14.836305799227404,-0.05103538264214,0.7361578492705688,0.0394653983688252,0.911766947536784,0.4128658559648036,1.4180724919556975,0.6199287193884286,0.623015729906773,-0.3406175339619726,1.2965212774777393,14.754775744313308,0.8937322863770738,0.1291743290074659,1.9870378450998136,1.4119285309887255,2.139795899129018,0.7075942293186473,-0.5025124389894319,-0.498105895258308,2.590681354478348,2.631683969257214,15.5882402711542,-0.0874269405558473,-0.0638475636142565
0.2372739716314108,0.4745272818917909,1.0508615606357214,0.1580294306930444,-0.4279094972779042,-0.4228549275108458,-0.96468421404953,0.7320005864277668,15.19218403645697,-0.5260956056780567,0.0859107799743824,-0.0585851615984733,0.2526481862586807,0.9176239813106692,0.7109583154194332,0.4153665594691043,0.4191521578525273,-0.9707984877824144,-0.5237908728501816,14.648985173152404,-0.7730171522999162,1.1157271041468435,0.3868051037226732,0.3379870871464698,0.8264490077884192,0.9604131757614056,0.283271510693327,0.2871188350488159,-0.3495076885409023,-0.6271946249728706,14.474739462570756,-0.860068974922096,0.1721943386617907
0.2086951295128053,0.9518547504792504,0.4511794942817395,1.3342212306292822,0.2388524348963248,0.2421672044404135,1.4467278502223857,0.5892645962991344,15.134355766164624,1.0529611287048564,1.2812747719509563,0.9946621265521136,0.4409934380384433,1.1381056591028396,0.4659264629294273,-0.9544170732839083,-0.9546336394864644,-0.4514196111746609,0.0728677483217816,15.017822283462326,-1.1031601491885228,-0.3858339078775968,1.4466995358829629,1.5536813701522814,1.954407558159521,1.640768355485614,1.2045579112054394,1.2014043614601466,-0.761519753925776,-0.8248561892491768,14.602740346989243,-1.3315425631796358,-0.0823556229195999
1.3553157504393571,0.6622775342705098,1.4888402267237697,1.0122656231064613,-0.8849916541685043,-0.8843627473334943,-0.295395549971413,-0.9302801530537675,14.514839094518278,-1.493908128369874,-1.0187918243101053,1.0300219801674602,2.3633272930917912,1.6179762141818437,2.322375618409273,1.8044349594120712,1.7968305856055808,0.2732340986439089,-0.4473909754696661,14.741593588403171,0.8196955995276742,1.773736724935928,2.093164353067885,2.390260185078146,2.36136812473646,2.198594107174802,1.15971980306139,1.15942922280496,0.9337527408347592,0.7381870580619558,15.29865958737005,0.780111248479152,-0.1340229803493635
1.9483649251919195,1.6386949268664173,1.75183302795556,1.6760463294047254,-0.3354586938601738,-0.3325313675307699,-1.3152147899759552,-1.393154261831821,14.081407804862312,0.031593811560145,-0.4601470520383506,1.2133050539837875,1.3859830615520896,1.1901471233798109,1.410328529337218,-0.4141851792936919,-0.4118069597270096,1.626912592247112,0.593164278032808,14.838609117634576,1.250702307465081,-0.0018490290087491,1.6141046148663911,1.0757054881166777,1.35102083300818,1.0441110180426303,-0.8578650038522382,-0.8587090880261589,-0.6121343223418835,-0.2408520189561026,14.584043929122853,-0.6724090596955942,0.2932099361100396
0.9522274218229512,0.6700843246432755,0.9447220925455372,0.3029717146685057,-1.4683901309852536,-1.476536787270332,0.0797661731009282,0.2269111832939021,14.791729575151216,-0.8279067913047433,-1.5425753985260928,0.4754869280988238,0.6609999761396418,0.7363991827961281,0.6591228140000417,0.5586832605017525,0.562058142644423,-0.4845397560350837,-0.1419618901577763,14.580327490633811,0.0162289777805922,0.7131205128126145,1.1639743894783052,1.2567563569318976,1.3203508577839995,1.3383493620242162,0.90451803638043,0.9040146319491156,-0.1857202205669706,0.0369066371279487,14.56039640871724,0.3066622329614279,0.7273341989736436
1.6836127799803111,1.6581352903173163,1.8960128955086657,1.502347043400066,0.2314048775019753,0.2353418306908147,-0.0823565632179745,0.2207150669827738,14.636787506104447,-0.7138604942486686,-0.4677194837780258,1.8100156734022927,1.5854732188350908,1.7577632811695665,1.4410241712692788,-0.614285250708942,-0.6113844498812581,-0.1912806831311659,0.1903200047705278,14.672009246332465,-1.6540162756775545,-1.546641796273582,1.4580199087323025,1.4026746547395272,1.474122298080629,1.5319638445916,0.1179319194522036,0.1212607656636282,-0.4864847826654564,-0.4060073616584829,14.497850045240895,-1.169592681681534,0.7504559195011028
1.1615935737308434,1.2078739909046938,1.2819454926854712,1.1718974477679442,-0.450250860346477,-0.4474456894104103,0.3173042777219523,1.077591187733632,14.667583144041863,-1.1070920089020768,-0.8735080783566495,0.7355526201255286,0.6356490005849331,0.194982691986226,0.244015776705761,-1.3942994829838562,-1.397916695196407,0.0526254713909594,1.7362213476186783,14.799908809517106,1.0337046193907504,-1.925249702534461,0.1736199625881267,0.0938951233936716,0.2430720778115529,0.1841504316261782,-0.097774260689641,-0.0941541322494124,-1.5703703699036653,-1.033275206723482,14.408672196225917,-0.6077422156029506,-0.0600982313558896
-0.0597125097519608,-0.0614329254625906,-0.019005705586914,0.0344499650329703,-0.2247147798734692,-0.2212038922130577,1.7153159339847943,1.3811553130215437,14.75968918232435,-0.1237121218218504,0.929626401032305,0.0975528257317492,0.1960456701925233,0.2154214495913118,-0.4359416805360179,-0.5435767268141566,-0.541653520417532,-1.1387978898328217,-0.7429709641754104,14.44043296483176,-0.1910306131054243,-0.1170443493898137,-0.5865794419588147,1.363457430696787,-0.2864900148009836,1.8968451860534523,1.8237681683340723,1.8171385188750115,1.871112151242887,1.9599111130191749,14.924007498761094,1.9810430270130792,1.5878650080621493
1.3810090796128482,1.1736725790222062,1.1732039902828906,0.3679967356878768,-1.1873764230070227,-1.1928865581803576,-0.7660572165582071,0.3570675522770237,14.727994453021193,-0.3194572432531353,-1.0277824401109066,-0.4058431681060995,0.3350473512476467,-0.9071657948870632,0.7430916062713823,0.3030557737567328,0.3072599484826995,-0.0572935317828824,0.3934108840958201,14.760311387041211,1.4025887729066104,0.492084738992547,1.7798414273850398,1.1385011066129616,-1.3081004394790217,-1.7462447500744946,-1.8053605952604543,-1.818375545217657,0.9327040937106752,1.753739100924577,15.086197920391108,2.058295928909407,-1.1302402833228724
-0.7222580819335075,-1.7123412407727194,-2.0960899291690467,-1.6456343921761434,-0.1574931741917482,-0.153449329838409,0.432550447248228,1.9287887814846305,15.319810374447895,1.0845661379135836,-0.9676537169276253,-1.6117441133696715,-1.7500675331912878,-0.894522351732426,-1.046066027980692,0.5304203487756941,0.5341143055348904,-0.890704699520702,0.3106784515491009,15.09039866472209,-0.932404254615806,0.5185821604716048,-1.3120824185224225,-1.1145226147464826,-0.8052580005786639,-0.2750966091964145,0.7366559313663267,0.7378960400819097,-1.0817251752084664,-1.1266159039832189,14.667455176855889,-0.3847841728341473,1.0757406750168728
-1.082302238055696,-1.566239305899113,-1.2949061811663032,-1.5918493446277278,-1.3850755293167754,-1.3907296922122945,-0.140670191465615,-1.1317966845505882,14.695386651970775,-0.5441978183214675,-0.3086342755791482,-1.8691983459218096,-1.398266502726675,-1.589630783715888,-0.7947117398243564,0.7550718676392115,0.7562558210520669,-0.3691983767243962,-1.140204455393014,14.599640842752764,0.2691870777388317,1.0543080850476203,-0.8953392423758191,-0.6896461823773101,-0.6146795949648471,-0.957317606154408,-0.2314668640640549,-0.2263213128985206,-0.1395352985815468,-1.0853719678678062,14.610853702265295,-0.2308770573917868,0.1274230126404666
-0.5428746859282546,-0.2031939352786551,0.1600051226480774,0.3690024571107677,1.4493596281651118,1.440157909498564,-1.0960707607592246,-1.3528138136137824,14.260068806986164,-0.62165454734905,0.6875435155073688,0.1985647146930357,-0.3742287922944695,-0.4123556179756346,-0.3916390937337927,-0.6571947651004157,-0.6534144710601971,0.555568873810533,-0.923133345182725,14.373411161525874,-0.1061765072019586,-0.5391375193529979,-0.1830751688819852,-0.1046473122766893,0.4389988430545724,-0.0101003727287606,0.3044668352956349,0.3084424027087222,0.1857639366175375,-0.6783809364531923,14.4066809360908,-0.5767063192630715,0.9307947708941487
0.915798246014923,1.9738084160997824,1.8046526440540125,1.3087475128919424,0.8453312802093925,0.844167945486602,1.0909764269387927,-0.0288720204724847,14.583069700182737,-0.4787609312619372,0.8106032418725649,0.8268005533731964,0.069645561457456,0.5441209615564878,0.3389950544521852,-0.6190381763392827,-0.6151353368472654,-1.204338223393198,-0.5945746569779162,14.197093408389154,-1.1529260970308757,-1.237530230345863,0.9453378845229584,1.1238243797961858,1.0957305646605542,1.4252064519546597,0.7957458579476804,0.7950101832548301,0.8731095873442084,0.8866633210381106,14.309292357435131,-0.6292120091686682,0.0111681677590659
1.097048492106283,0.292848830928155,0.656428052011973,0.0465890454050907,-0.9379385637670762,-0.9371910137125647,0.4811273219704378,1.4794738059477113,14.37695381791221,-1.1455800816039523,-0.222028280649178,-0.2478245654931449,0.9103908193884416,0.3695074342513115,-0.1781657128753009,-0.1585436912748789,-0.1548699864952882,0.8004453723313371,1.9667830279171985,14.509657738357678,0.7595286075928138,0.7082612699213078,0.5763798727417289,-0.9249129352407884,-0.8650132420516958,-0.9416030670491664,-0.5257098646827667,-0.5240101389446041,0.2543129784889755,1.7230662563083785,14.56626652315424,0.2140238891267433,0.0835257760762454
-2.180695334874408,-1.863895914049044,-1.7596880861375763,-1.2505700753198623,-0.1690597176649695,-0.1657154347769921,-0.3442159526827086,1.1712953083603228,14.509557833317336,0.1293720069118559,-0.7420287999282202,-0.7283503902087785,-1.044868655322113,-0.5931670914929358,-0.6110363338976597,0.5270257616402895,0.529368226455992,-0.6465490191415191,0.5850197781010619,14.441128616661471,-1.0541530704108732,-1.1295086342643097,0.1058539602961617,0.6608107803222778,0.5284851687888249,1.3176151309578863,1.4959358581107611,1.4913675107754678,1.4747956431716915,1.5586790061923634,14.70031103554367,0.4544771476435614,1.7885748531995218
1.5104379223552882,1.5949378326687589,1.9059682903608357,1.8686307483789533,0.8371551602903976,0.8373741813343263,-1.1931398297985802,0.0666655209054918,14.479847171285035,-1.3909408849095544,-0.893967317728819,1.7530311715278046,1.8662293837607744,1.3956719979071046,0.6732456748152711,-1.1287626962349049,-1.1309707535310023,0.0446986270012616,0.1229389335412378,14.493544608328255,1.681381076717791,0.472637496463594,1.1966577801286793,1.5445046548153256,1.462302529247642,1.7357615814060363,1.3319248402852617,1.327798444943673,0.3444975521170366,0.317632702387082,14.583116113565392,0.623117979546158,0.5626252610903646
1.5869343433535352,1.7338510387001926,1.854082042470509,1.990406753664181,1.0567512550740197,1.0554490238027714,-0.9995571296226852,-1.1446275774866277,14.458048946653465,-0.422677253035648,0.2816390308696144,1.71208138846356,1.8412963512764513,1.8118987849208577,1.8931127688392655,0.7889908059816775,0.789079980175542,0.8150447077447968,-0.0857731269757916,14.59886446328161,0.3657324246846424,-1.1760887181985715,1.993379193386408,1.8766417643665505,1.965039103069514,1.6379293363773584,0.0825481520648513,0.0857047288006097,0.7961212410983776,1.1548697936860173,14.738419739501444,-0.9630850777250854,-0.1199623527789411
1.460144151821586,1.3294263513601452,1.3680409966592328,1.1964157168320433,-1.1065550244467148,-1.1054857141407528,-0.1370023872030104,0.9430742533850752,14.745744036422812,-0.5553422578175605,-0.5637591595737064,1.192623769286565,1.1331959971201897,1.2100349566527184,1.2882034044964774,0.1812397470595088,0.183677144780931,-1.6024759364334045,-1.6523432952177388,14.425602706687844,-0.9110858227394664,0.4691041266641918,0.9514806027668784,0.8442483733557086,0.7124221135549401,0.628668924150393,-1.6827097959700823,-1.6857186180889518,0.5018095211215844,-0.8477992935890635,14.53120219181312,0.7116659383769167,-1.3020006173818042
0.4523304638936469,0.4053485718340399,0.4528471798719213,0.7186590105279955,0.0320937481881836,0.0356702046710496,0.7526209583439334,0.3255474325872181,14.644979422163502,-0.4578458520873716,1.6698781284966795,0.490325215342992,0.7247219843066769,0.7488281825866218,0.783335683681288,0.0156487327083634,0.0192179681216283,0.4196887391514577,0.824910950713988,14.73288110662638,-0.7190832547072247,0.7020086473661877,0.8861851013514692,0.6245802919687352,0.9869733900174036,0.7730950114177517,-0.5329189712962384,-0.529589558271085,-1.5943145210536431,-1.4413122801746845,14.44086111553236,-2.151849010787001,-0.615229991881671
1.1908095423332608,0.8678786497412583,1.110693436218268,1.33041838957462,0.1703020413166707,0.1726148602487029,-0.910484975688026,-1.7441154079151693,14.250340922077028,-1.349917834293601,-0.7111623623999175,0.9204337277160016,0.935900573163494,1.2419090310089698,1.192266635422989,-0.5526669126611069,-0.5498631761100935,1.4119193315906489,-0.3953590831514781,14.507457518548296,-1.4408489106558315,0.599912376628314,0.9902016543061176,1.2846259376496554,1.0489843918823347,1.0098501575603014,-0.2135028710621819,-0.2108838385055873,0.3084088399229152,0.0912108983916207,14.577344363122378,-0.4224728175104737,-0.5895046369819799
1.5986061334354462,1.273555071361163,-1.6384767764915384,-0.6549228709182698,-1.3093587974769667,-1.3097918281344176,2.1501780338640097,2.3361693288394467,15.08462510770143,2.5797545660519408,-2.096991837666457,-1.0355651701027802,0.9033846350773808,-0.3403945528192042,-0.2141932482046176,0.3657387790827239,0.3669940089607497,0.8241051978712877,2.2161189672203347,15.374455066539396,0.908276917026404,1.4763486303105025,-0.2143723881923469,0.5569914487751824,0.3514622429192565,1.2807409095310482,1.2258157954537665,1.22161049962719,-1.943666308795536,-0.9301128518891127,14.40773237303145,-0.0158405255231354,0.4959336325336514
0.8616968270646994,-0.0243434092872363,-0.4436676836249957,-1.011213921676822,-1.8294296702110775,-1.83221172441086,-0.2585961298879266,-0.8883336449823697,14.36415264014845,0.4228313977968649,-0.9242166468373352,-0.5964361546281747,-1.5473535707479014,-0.9416120018843536,-2.125530815802218,-1.2384546429212506,-1.2391096108185984,-0.3246706050011992,-0.8537569015928742,14.272936037914342,0.2904113855191195,0.1638382692506386,-2.1834150174568547,-2.709866576950504,-2.290056556510939,-2.4915944966551686,-2.0130282372407873,-2.0201067543321645,1.2199767961639183,0.0549716651539469,14.711884664044668,0.5823397301521154,-0.1312924915149144
-2.11952503309971,-2.079694497060479,-1.725627186904283,-1.867684379244406,0.0325174435274098,0.0357142315435904,-0.7882351699299137,-0.5065036879954976,14.449438909368086,-0.0591546921654281,-0.071641611152668,-1.9613181123391517,-1.9295698946712612,-1.5622706489074674,-1.408735234537619,0.5981117421294503,0.5988370493012851,-0.2929981070294302,-0.5858868559482739,14.428803054839731,-0.8823608128885102,-0.4117041642429878,-1.5469496071421485,-1.6886644403464768,-1.8769326777115265,-1.817901407790832,-1.5461062030929786,-1.550259315008957,1.1504960471084031,0.3394952955990051,14.894056524571797,0.6506327743597908,-0.2679911236438577
-1.580372930371836,-1.6474359151375124,-1.660892996167774,-1.4132868032008437,0.6563684478258398,0.6574410347528746,-0.9361095639378416,-0.5115262206342275,14.50238862865515,-0.2784141233374698,0.0942462194728409,-1.325585167723376,-0.9155766643018628,-0.9463019809073624,-0.749547583498541,1.4286380632536189,1.4213384057150544,0.2294785165714503,-0.024364234888897,14.611305026707074,0.2609848001376426,0.4837200642814377,-0.4153896483024722,-0.6558435115943009,-0.8911498127394506,-0.9833800522738212,-0.4681038600207411,-0.4649392625806007,0.8739600718593847,2.091685871651515,14.924832295223354,1.664480585551121,-1.2909931812986115
-1.2329083107264156,-1.2004931994167216,-0.9523828018497904,-0.8659690535516394,0.587695352173965,0.5901137305904485,-0.4560798632674733,1.1918011211880253,14.86521302530432,-1.2866867474014383,0.3611458592571194,-0.9926333862730612,-0.8576120597452879,-1.259284768725755,-1.4485473739102162,-0.7464192712645215,-0.745179101778497,-0.6063328386019515,0.3406472566096196,14.742899872089652,1.720510461690639,0.7678936530733548,-1.2946611432647288,-1.395471894922821,-1.2749769641368032,-0.9012681050143296,1.1493970721371594,1.1466243357024997,-1.0149775363615747,-1.0641791360049218,14.410714645644257,-0.0559605888485902,-0.0865591050194739
-1.3421858677385363,-1.071227958285923,-0.719144482319101,-0.510218058539255,0.5493466707889113,0.5508752605613307,0.4964364189796948,-0.3789803773338349,14.565322058097475,-0.6381344904067072,1.361728837218488,-0.571079771973041,0.8097217958250725,-0.4634488226870098,0.7151183311764343,1.12494984836434,1.1205583826689702,0.3952794483465062,0.0943607413172568,14.725381124611914,1.8290845472751325,-0.4961266945815754,-0.1070665000037335,-0.46925780696206,-0.6688615291455139,-0.1030070418173613,-0.667202238399943,-0.6642130934183338,-0.2366505425409223,-0.1653532847698592,14.721791761233108,0.1001988903504158,-2.336260928438273
0.3669149398238516,1.4738691586984995,1.150196918923421,1.6840095278854368,1.4347870307502923,1.428637537991161,0.3848034151043169,0.4150198265001428,14.813860793180917,0.9088580512772718,1.507122885839152,1.9593666308708608,1.6340756799067115,1.8249492279529296,1.199065185068939,-0.2972995135985831,-0.2935109412123996,-1.309802752189135,-1.0178077445371243,14.536078820576062,0.2585417495139234,-0.6952856423904155,1.5717635620197457,1.389335828633103,1.5465204601756173,1.15145368601258,-0.0079296407259824,-0.0041377070925323,-0.6429408101668763,-1.2912440690397673,14.39156252876136,0.287300672766314,1.079796079247049
0.646854009107678,0.6234930374658849,0.822280002680595,0.4925332358965444,-0.6705130880771112,-0.6689526532003175,1.4723999215024688,-0.0456543202829284,14.62002065368479,-0.1204861695313114,0.0889697970761949,0.7846688992245322,0.9433004056793128,1.448330512432515,1.158739190951733,0.7628768266381828,0.7637687512776266,-0.0274271481913836,0.2692828539553343,14.604922462606163,-1.0606854431368269,-0.3386100273390398,0.5385715436201487,0.6144356733976485,1.117483744726377,1.191207288471824,-0.1976625779839076,-0.194747747428369,-0.0680454945793964,0.400202022499197,14.592999346516688,-1.0816996458221324,0.3195125301638236
0.2907646452388215,-0.0917113310463524,-0.5006234661867149,-1.6003405529974444,-2.1247073058222745,-2.135684750785992,-0.7811098455208559,-0.6564680126557618,14.484058134108452,0.8112400779645733,-0.9605044855992412,-1.1472092201297674,-1.947839344902284,-1.920141114691088,-2.210425743071161,-1.105843167543657,-1.1056968637316549,2.4451074886965163,2.391624644823897,15.060472030919565,0.9983065728618196,-0.4416631047565224,-2.035604578198281,-2.0693996409810764,-1.7213938295837743,-1.9573754060750472,-0.5336351558909719,-0.530424183760518,-0.9148896384182702,0.526808268913954,14.791013526473032,-0.9305713327502888,0.7222920133047948
-2.0721937133101584,-1.8407857218655592,-1.7538252600622235,-1.5815921637259112,0.0851943816065146,0.0896788559101988,-1.0469779136077535,-1.0280914217625945,14.387507101357697,-0.1846514410136402,-0.03446609270361,-1.2981942659685446,-1.263673941981322,-1.0763102926659531,-0.923768655801232,1.2803413582053296,1.2737624874467322,0.3751680654726481,-0.3284054896211838,14.51030687794598,-0.9132969631530924,0.4502086215626873,-1.2058092767320765,-1.1157970703722808,-1.0625608511446667,-0.8227452622297613,0.1993515381925076,0.2028385874643619,1.667426033000044,1.724435738584125,15.069558700269884,-0.2426506407355143,2.010977521041909
-1.9739246591606296,-1.976669542144071,-2.205047883950864,-2.221818717184094,-2.492399178411823,-2.506206505641693,1.644639281550737,2.478046510627461,15.749940922863065,2.3705728128939176,-2.6509050533320395,-1.7485306897471131,-1.89014054518752,-1.7768730358730838,-1.663455800379724,0.3837656966057247,0.3851327110076935,-1.2235465505154246,-0.0434429713007689,15.10333753555315,0.6104719832147422,0.4676767019392138,-1.38722722559118,-1.2008014656037411,-1.1492593662955688,-0.8357280444937528,1.4342539551195304,1.4058223754663546,-0.4048703205535623,-0.3187153030221135,15.03527826348765,0.4335699389305143,0.8300740692937869
-0.6793062279559839,-0.6679462897308619,-0.3494480183598316,-0.3594994383656888,0.780346239269453,0.774387230494257,-0.4859918756416818,-0.6232691648910108,14.907031428524224,-1.2591572946903409,0.3871926864413234,-0.0304989111034584,-0.250693462973777,-0.0212556312841638,-0.0694279492090556,0.3639315483033002,0.3664344624402027,-0.6305437934094256,-0.982982733585294,14.671924313465476,-0.7934070542867346,-0.284253827071412,0.3462423175969796,0.2138988949249811,0.4334426422847081,0.5602185819849961,0.6549620771478084,0.6480444465748739,0.2871474002520911,-0.539928351172909,14.850828351373645,-0.9237460975359184,-0.2392491998497272
1.0357434127129086,0.9657029222509652,1.0196971574334643,0.9193935707573112,0.3800251134857704,0.3802570878099355,-0.5557349652888093,-0.7595375904802519,14.634894275772629,-0.8214291163759888,0.1210023329926508,1.175541551585356,0.9299981284968744,1.0031460466661586,0.8817987977195507,-0.0268220238102574,-0.0165641368337995,-0.4370525907398305,-0.8765687173747727,14.51885605842754,-0.9118804426171576,0.0752933749035238,1.023136774935283,1.1041373422059224,1.0031241250807374,1.1358680499479823,0.2950784958571505,0.2975799853550246,0.1348874018350598,-0.6614831555837508,14.65888688202639,-0.4699217961500743,0.4074527110716804
1.0798601806992203,1.2484353614233568,1.1745512006528218,1.142469238718236,0.0491721015358103,0.0577400175705405,0.470453277637666,-0.225981944425195,14.858751423408496,-0.7022834352465536,0.3059343730455274,1.2326314900285569,1.0233354416246598,0.9964598523765894,0.8053447076579164,-1.3379704464045663,-1.3449806121999035,0.0156407745669872,0.5590808116241065,14.79274623681587,-0.7356205776338977,0.4516000453545519,0.965600696245926,1.325032843670833,0.8398016744444577,1.4835440752049889,1.045945899010986,1.04626719134308,0.4423778337983021,1.2921030203495183,14.847627211596183,1.6311941640788437,-0.0167909599307566
1.441376218467082,1.2573469355805902,1.5994939862520503,1.297924962147725,-0.8906682668973065,-0.8906203594812174,-1.8226126962339697,-1.1178628532072057,14.294598425291303,-1.5505450667977487,0.1975058448068617,1.6542565180967532,1.8150550248224335,1.7676288132294575,1.539299467637577,0.4416501675031217,0.4441346923588418,2.1383049757237904,1.619775157141456,14.821240084930087,-0.0355177417798239,-1.9209980792463457,1.4273298242512862,1.2334225850199825,1.2655358609094236,1.2580864798813651,-1.0241497252350822,-1.0255485160823028,-0.499427097648443,0.7330506657080784,14.70529344070264,-0.2194757899234269,-0.5460451368506782
1.318278010661251,1.1809294822366618,1.2138134660045703,1.1210370545461874,-0.4800798219677581,-0.4789549029394366,0.6836897823910163,1.594369314690324,14.93412185987234,-0.28091391472092,0.0294098753151438,1.3732352959073628,1.1564435045305592,1.3366725787071774,1.4458108328291854,0.702886996015861,0.7056498881916453,-0.8772393900502059,0.1356099452949681,14.676500396796856,-0.9243360439207684,1.3826921406448285,1.2279303558636394,1.5713704119077156,1.1534930234250975,1.764824727274728,0.8655312795681734,0.8668259886026125,0.3194317481518473,0.6337938906078175,14.833744332582198,1.143687655636686,0.476192251457417
1.707442012147714,1.8798047260694577,1.8883436276012784,1.8702251355044144,0.9131477453276318,0.9138772341139304,-0.3974597267791304,-0.0200346950180675,14.758443610268708,-0.1716968572248617,1.8872393440562023,2.0465836022121247,1.7291962361607012,1.8690951025195532,1.6015571457121092,-0.2703715297032336,-0.2677131248391237,-0.7586498327636899,-1.1942011712811904,14.492478050450954,-1.1053150426382834,-0.3096552511765045,1.594122703562767,1.4356897197187697,1.5184081763333048,1.5806307546648706,-0.1512062170215253,-0.1487553426874653,-1.2354372798436468,-2.037691359368597,13.867629461442826,-1.05929586435499,0.5222698294913163
1.1752943267605356,1.1532991152690362,1.052998640739175,0.874358827478958,-1.9585068577187068,-1.964383818025607,2.3382782948857725,0.8469772648342083,14.796052644747723,0.2113437967184374,-1.055519676300989,0.7328661707893525,0.6849649556836296,0.7675442545768585,0.7209245759494076,-0.5744995872046299,-0.5717445566024995,-0.2786226455604157,0.468366053049812,14.788182001346298,-0.7448704995372528,-0.194912825005604,0.8504300939232713,0.7624387796486205,0.8778481225776099,0.6924142542676749,-0.1754158856439783,-0.1726253021521519,-0.4547603291659964,-0.2519062338857181,14.581629815793544,-0.9262242955615712,0.1966317280648686
0.5541682576849534,0.953650937151606,0.6278470340902994,1.1861604412018167,0.9174877136200132,0.915695556060073,0.6425299326561417,1.2773147727608762,14.979754832219742,0.8980538161104307,0.593498005255208,0.913050378334466,1.266077901075702,0.9768722079089818,1.2014633079534116,-0.4974955435324162,-0.4944154617212375,-0.6715450015398412,-0.1839447095722965,14.590883139312158,0.59925063624304,-1.1944658748452348,0.988401944401586,0.841909102974399,0.0575852829282676,-0.616055783276613,-2.0155191358436837,-2.022160970912057,0.5062615788783894,1.1074358258373538,14.946235343347634,1.4027620333939297,-1.523319688418589
-1.327889527271544,-1.5912450388255557,-1.8572081540712193,-0.7880902311307509,0.0055631012028557,0.0090607513718848,-0.3680666763563959,0.5229995347383565,14.829146125598484,0.3978226652794352,0.1586997888950975,0.1577277383034566,0.398750914219759,-0.6867044584589942,-0.10568707569008,0.5324023161145184,0.532695998870815,-0.4839065825263418,-0.2601724412744689,14.614908307966632,1.395194524970459,1.400207907808052,0.4936811469351324,0.246103892326009,0.7068682891095209,0.9675964602703984,0.8269015125850604,0.8247375831968978,-0.1035413635533691,-0.1745631054320007,14.675442979359817,-0.6006719016134633,-0.2268495442324591
0.5894987522443251,0.2591347402852146,0.4182465320054629,0.5632886305597073,-0.325813904285788,-0.3220790397507691,-0.5831743145348934,-1.5629897109521818,14.488098334945091,-0.1935221117096149,-0.9451084486688278,0.6223684190771976,1.1596156424961812,1.541698200425944,1.574071037739744,0.9986640734828942,0.9943043921078024,0.4738027331124098,-0.6912515290801677,14.62019956048422,-0.6215688157332037,0.8155405674262896,1.9584457522876009,2.0884400939065717,1.7825250210096089,2.1314107829598887,1.2080701704128585,1.2010459993069955,0.673747706647683,0.4363485793684841,14.822190654996335,0.9251846307729495,1.082592768969098
2.20137282958618,2.2046842840435668,2.0609050954187715,2.0262503461564614,0.7249609384490936,0.7230563916602378,0.9205367081808176,1.587815992689108,15.122274850821922,1.3141651750703007,-0.7192497001948773,1.9643289232665313,1.5594487580869,1.0468651694915887,0.7274907137298,-1.6612310419164045,-1.6642392777615789,0.1270267680762011,1.6481846729571927,15.199226848714744,2.102724570432511,-1.8882599326418208,-0.3646760568595523,0.3360564667030884,0.0795846675336708,0.6344522034287735,-0.1093902676435099,-0.1048600723155206,1.1965501561635965,2.0271829270181176,15.53229519224211,0.7911575165530903,0.2206952123753006
0.7956543266804031,1.1067042758751569,1.4326027011098608,1.3720204941950356,1.2061312780514728,1.1993570670822242,-1.9507916114737045,-0.7626550391503748,14.803899042854855,-0.2644053347759227,1.1411344156577614,1.3402312540162726,1.169133890768212,1.652264000299613,1.2947548982334265,-0.1940745263208376,-0.1897290263218781,-0.6440372062532078,-0.981812286926433,14.629192983375978,-0.9155795210499112,-0.3866363946473474,1.2309813924375117,1.0953874499789171,0.8345189953391784,0.0334681173339161,-1.6207415340349105,-1.6243323463877548,0.9682111084572244,-0.3095853430440113,14.933370090973828,1.0211650684252067,0.2036805097472782
0.5006190052222789,0.2779318987492759,0.937165458156659,0.7236206710236414,0.6809476566801377,0.6809139464894254,-1.028189703946826,-0.9783646902622531,14.610131159207551,-1.2767541304766472,0.0243023477957545,0.8862118427368905,0.8474097154366429,1.272203444014758,0.773282280614872,-0.1328044178832157,-0.1278046569366079,-0.7811280669953129,-1.2482750130616502,14.380256592224368,-0.8452511172422726,0.0317422521760591,0.7966040503331513,0.3123296038435858,1.0638107554102991,0.5049707718205071,-0.2957049901686866,-0.290817100310264,-0.862270606090323,-1.3523556539481814,14.045193480903952,-1.3434874998769548,-0.537249744920448
0.189637097323844,-0.1076178204815442,0.8770136112944998,0.6251426402652531,0.0786154044657701,0.0826104308691283,0.2319515302184855,-1.030954559767697,14.096244296557533,-1.3010037575243905,0.3402609171212929,0.3376580076484379,1.1318550698994418,0.9022305918865086,1.210216875260992,0.4672665076990283,0.469330281157841,0.6061170250981108,-0.637892987401849,14.22430412061672,-0.2442881962008965,0.7942948205641592,1.004618298372482,0.9699060005676092,0.8673500576439463,1.0841522726872888,-0.1993535425477975,-0.1957881816982687,0.5721072622412114,-0.1736700094337835,14.349721208094945,-0.3137245334871087,0.5953422541614829
0.1595005031913173,-1.1788246980668924,-1.197194382285122,-0.9870969796150336,-1.3919319800443413,-1.3940921591892932,1.5539000567154473,1.9621305673167768,14.717175248869758,0.201763653159502,-1.2086384635154437,-1.6903774398121127,-2.0042854294567727,-1.8378657681432171,-1.7452377458323916,-0.8331199275635139,-0.830936321029093,0.7939882367919496,2.0436191093457445,14.94487866678987,-0.2015300584975626,0.3758908934248848,-2.069308895091031,-0.8832529370487149,-1.1932867568956358,-1.1051579994775798,0.5090424647793382,0.5105132812304954,-1.2833431553736177,0.5039819427995886,14.52973455369813,0.5128335337279767,1.5190060754100043
-0.9987313791688004,-0.9621594425702404,-1.457542342487486,-1.2287337078546736,-0.1465815345491923,-0.1438804460211867,0.6435592283984313,1.0229949464506185,14.69758286037608,1.5504155115573537,-0.7187428857992161,-1.0291150068169954,-0.8865067623303035,-1.153597706092342,-0.0363506724723055,1.449551493877487,1.443659838577769,-0.5732282884309737,0.5322636285755422,14.569471048420292,1.098678593547926,-1.3832088917977152,-0.9479821496700752,-0.1164736844451541,-0.3650376117460585,0.2212386565757778,0.3048433889110791,0.3064745286799569,0.3576623838309913,0.6934710473295291,14.70722208081763,0.6480774181609723,0.7253735988782191
1.47846268964812,1.7461144759182476,1.3925223184911748,1.7033775270828355,1.7628624652922391,1.754598797344746,0.0491185076500061,0.6624331311585565,14.81220122600596,0.5720358166014229,1.435110596766752,1.924719665291374,1.7841456588403672,1.56515650274526,1.076429586190618,-0.6164589658122865,-0.6147840970511013,-1.0008168452143429,-0.2357009863609656,14.657336761818526,1.2989275116883892,-0.7646329190848493,1.4831827761484615,1.3640418410843025,1.6652980410711296,1.4621978088527008,0.6659714345656234,0.6677106115554888,-0.980737187523718,-1.2792993889278168,14.453356951168498,-1.761317704296033,0.8244893579852829
0.8761692907252814,0.9400806596923448,1.2289523204985418,1.143803552111215,-0.3288125709260297,-0.3261303722767824,0.8318337629303574,-0.6711365353795806,14.690146031583687,-1.6340855680657091,0.2714434657780481,0.4073145956244512,0.8993350802678862,0.8306260095666015,0.7675064454523262,-0.6002279952688341,-0.5995553920048787,0.4399477677404757,-0.0206208285343507,14.80520081110007,0.0174544452671582,0.4324688233163559,0.8841830284052844,0.9041301557133888,1.0191475639993062,1.2543356529164822,0.8639847037684583,0.8656155807911861,-1.0120535431230318,-1.149053409988105,14.545809485920085,-1.0718962329700206,-0.5458739275833041
1.3809575577039297,1.7051223877994155,1.1515418456744413,1.920794563824322,1.5280824523719685,1.5250336063151793,0.6984741300819137,-0.2756254524624578,14.691063041811338,1.870108950991261,0.1889835511773044,1.9058542578826565,1.850712371602658,1.9985200901404268,1.9049733105601796,0.2992563450030353,0.3018287811045014,0.6018667012792688,0.683185590102765,14.814487024713276,-0.91617630769748,0.7038072506892693,1.6581834466753318,1.4868306375892897,1.6981646073542105,1.394450703866284,-0.9398653441757224,-0.940878054066856,-0.9357728433236894,-0.5341764877032726,14.660778216027545,-1.2419930764894878,-1.7966351666760036
1.2129538047175938,1.3332636393349042,1.158728568450217,1.1670404251226425,-0.5860671525954849,-0.5849679394509565,0.8060947781899251,0.708370563499114,14.818236200703383,0.3218250856894586,-0.599216260608328,0.6069149940518862,0.7059480376442008,0.7409148047666363,0.6600627108244236,-1.0286314242987105,-1.0313301893065965,0.3831019671971506,1.5109414884692205,14.90669566662192,-0.2289438787493682,-2.009202705209051,-0.0938522519042674,0.7936401056815643,-0.1239248671280761,0.8141960751185676,0.2075747213210475,0.210383085072139,-0.661913769216895,0.437595599196745,14.818126131216408,2.0995968588525016,0.8766988511974158
0.418829977219977,0.8311706309614122,0.5904980777893934,1.007854899289624,0.347877756291676,0.3507023723871284,-1.0901974432893862,-1.311814863127847,14.654575045539053,0.5524454041425828,-0.5567685110782412,1.1594865043373463,1.5809166072565073,1.3997673762523148,1.569767447840018,1.0891594215524332,1.088870456452429,0.8369323044718939,-0.1318977246337839,14.79518952465028,0.3403551344318571,1.7990513941176909,2.138721806960334,2.5122724089342783,2.0059631311498514,1.957493023384444,0.6974067419866193,0.6982206269468321,2.4206772632075144,2.567418086134751,15.37165338428834,2.364121862418449,2.300467510572028
2.0594900359897697,1.7869505595849755,2.1564144502839055,2.437877921218374,2.164188134865887,2.155122999762374,-1.3001805007969474,0.0116287380808155,15.00721875857222,0.0254949231264088,0.9135672989127772,2.0097853051572807,1.5659648310559982,1.9182606835611544,1.7185375518293204,-0.6954519325410894,-0.6972525414785002,-1.2332708021612284,-1.5125711686294798,14.53349716960452,-0.3861927756424959,-1.2632448193996153,1.3469012509449527,1.0757475069116502,1.261516376035594,1.054969747321191,-1.2476286540654071,-1.2570848762848907,0.4765735562175185,-0.8073671405680183,14.707017083053438,-0.3058000518287836,-0.607064233079813
0.796120501176358,0.8198373159034246,1.0157473424768737,1.1604382360474674,0.3451132254376093,0.3501111162954957,-0.4087732900291504,-0.9831306767812226,14.604831636126004,-0.5884305579814938,0.2506022378273047,1.0741518238461834,0.7950870270005348,1.141504315974623,1.060491140530059,-0.2276964898903085,-0.2245087325625876,0.3677533014846436,-0.4510093406006042,14.749366514053236,-1.1882646792052385,-0.6713640498476376,0.7939013795640103,0.5095746879089195,0.7740632940542801,0.5545050393646312,-1.2901829752626364,-1.2977342275748769,-0.5698487046854284,-0.7780558739081357,14.548503736915166,-0.9412868754329964,-0.9754928480877748
0.4745377575560381,0.1536961634757872,0.5356418123788456,0.3609014627683356,-0.517697450220968,-0.5163044840159174,0.0474914516093637,-0.5222457914296557,14.583487343095769,-0.9173761788406198,-0.6921205954254726,0.4713641333769378,-0.0510260101958462,0.3512420622682455,0.3134420046792054,-0.2255668058059042,-0.2221665893744391,-0.5583086644796961,-0.8305603091362553,14.400237546827931,-0.6285715176472161,0.0508897911075127,-0.2693466220376093,0.4698791025162706,0.1354493615921352,0.533036177818838,0.0400917374675822,0.0446777299825478,0.8794644232527867,0.0088494438121379,14.69418290826597,0.0400829653318317,1.183620754133042
1.1836839075426884,1.9993458887497535,1.404561635384166,2.115065938093456,0.6791959117526005,0.6845150075673424,-0.157671040707536,0.6984037188045845,14.605194892560434,0.7783138047501232,0.034698088560861,1.9388712582235288,2.4577503257853515,2.426198997624117,2.3650841150969,1.5282583182119718,1.522732970144731,0.3812079774237492,1.8139744102405384,14.671669471574374,1.3342518677472397,0.8551384661563725,2.400770248630846,1.9742092903624673,1.9812757719912284,1.2953119204053678,-1.0963810135515712,-1.097490316099976,-0.4165298213044472,1.0567366735147856,14.620736088916775,1.2310665870411424,-0.3232885186584498
-1.286202392670301,-1.249037573148819,-1.6575266059651708,-1.7257016525012343,-2.477096253856708,-2.4877828028919513,2.6414320395751916,2.713096580133286,15.433749824598916,0.5724649862328351,-2.221286307026408,-1.124945426921541,-0.5845900427046712,-1.1324399745608518,-0.3921484324070625,1.128177432545575,1.1150763223712468,-1.1374733253912508,0.2669864716643754,14.879014014763015,1.3462678458919268,1.1890129307214814,0.2267244184120764,1.2796172345877992,0.6430917677802246,1.4312931220695615,1.4789908014296416,1.4586536002380577,-0.3894153808429563,-0.0993616296700965,14.7605057466483,2.0145885370696974,0.4369320721722388
1.5879868455439112,1.3197304592508567,1.7874087164563208,1.3401883738746485,0.0338068004714723,0.0409579386012239,-0.783245491565904,-0.8897734660622499,14.383151770145624,-1.1024571451589404,0.1591836286231433,1.1919110599679383,1.0623863546267938,1.3960512809737593,1.1941192718615334,-0.0845266399752205,-0.0763971478223603,0.2188082924916846,-0.5663071160126365,14.541560942016153,-1.2345520409878126,0.2594642510502251,1.1153185369260796,0.8623489317730145,0.9267012287935038,0.9993378349574832,-0.1852273331221703,-0.1764368246229812,-0.2342065193124205,-0.6835112152800097,14.514192891262889,-0.5263966006187595,-0.2838722842678673
0.8772768595823476,1.1526815648548554,1.1225952656890092,1.2214660909566717,0.2762566679976508,0.2804873870495523,-0.1822297555325364,-0.6676371425167665,14.474015050205647,-0.3356979192648605,0.7199964122674741,1.0687152035378331,0.8643462643997026,0.7651937907817333,0.5989384510941389,-0.6342293372034745,-0.6257253288220921,0.9840158683061472,0.3672198100887698,14.938002445890136,0.0373900904006796,-1.0846564478652034,0.6225221192619077,0.6612031346367547,0.8416380244011906,0.7359199673529184,0.1631123376923896,0.1693309982106723,-0.9548061967107784,-0.8057778078217611,14.37415501716979,-0.944634618060042,-0.2496958955486818
0.6799056241137269,0.5142166205780233,-0.0585193020236621,-0.2210631197905918,-0.9976613529028368,-0.9936192264716702,1.20855888349173,0.475138816091568,14.982529190590132,1.605115161867957,-1.000073882960512,-0.4278657698365015,-0.7936834841417278,-0.4508595097416553,-0.778285999619695,-0.4533739775946196,-0.4498662659080936,-0.8300417402808141,-0.2475920035692502,14.51617987617623,-0.493889882589177,0.6624930147313622,-0.9823520463808416,-0.5445093833913404,-0.4961669089028851,-0.4602692472188327,0.5118022230002937,0.5166154214515369,-0.1807054886211826,-0.1554200480829035,14.466324707129203,0.1727154092842697,0.3656684968085648
0.0070079602469392,-0.7058965745792457,-1.0804078863421966,-1.3461130889569553,-0.935195606718145,-0.9326011394861528,0.2103188107253792,0.5641619261845451,14.593963954218957,0.766522821397158,-1.581425241275372,-1.3832130814982309,-1.0706097506721612,-0.6014755281489433,-0.7714240645975089,0.5452686114324097,0.5463384035900458,-0.7968709983699336,-0.8599967792241119,14.283575434042053,-0.5338171585641288,1.0544925092441886,-0.7667993563615964,-1.401809921038011,-1.0458923742426731,-0.6574372574488293,0.1079577035969357,0.1113712607437775,0.1546965217367083,-0.3613423029014843,14.389029814607554,-0.56680292171024,0.2740978914938185
-0.2959807114677205,0.0154300054869999,0.0986432862442046,0.3008731369088702,0.9486013423293832,0.9460958300217645,-0.0283787996763171,-0.1731496534118995,14.43280262562396,-0.1486821465558952,-0.0931058612325878,0.6291717167019942,0.6642599517769493,1.3078131926325192,1.2398088421771736,0.7636825946419705,0.762888261240072,0.1529489678527996,0.3290062137131813,14.55930379850076,-1.0814153308343522,0.9702031844237542,1.960337469916084,1.9537327992320392,1.934613351863328,1.8242232257914344,0.8523645677579558,0.8493029186263199,0.7183038667857219,1.8726569619294784,14.829907919565716,-0.3885311251558729,1.0490287265103633
0.3278730020413518,0.997184985228954,1.0332227887709962,0.9970912502903956,-0.8604417820505964,-0.8572671800068559,1.0587955677273124,2.340038365696957,15.245654565636915,-0.2123737530228872,-0.1301637058160217,1.3308515178183022,1.3339959243269586,1.43925457997508,1.361279427075644,0.647998610923757,0.6482584693142709,-1.632045110019498,-0.2920981646081876,14.544170142081075,-0.8470816706162249,-0.194886764260778,1.4959543736843903,1.667774780272905,1.5612332088426988,1.8070170968943435,1.0541367889118,1.0503363236568493,-0.1878630872212437,-0.347281157149749,14.533106906850294,-0.1257607021691036,0.4053374970505859
1.551343253378635,1.737235917171242,1.696386726835315,1.788790035709872,0.721908238538298,0.7210642246617973,-0.7034357744549965,-0.79371323810793,14.340890354068687,-0.2686118667975118,-0.193194569675766,1.6516764220582276,1.5107580080605847,1.3275363329576668,1.4896002368285377,-0.5929463443855733,-0.5897940837982147,1.385303614577789,0.3710574616538954,14.76341661675944,1.8575863680990792,-0.913503701931267,1.332972189146888,1.1079302355834324,0.8495574463105782,0.3553151385129649,-2.105443818351589,-2.1108655837309516,-0.6354515321375576,-0.2354358479297842,14.638501527789373,1.901260158405434,-2.038357487199053
0.2270302239453828,-0.0533248974648567,-0.5405182624984862,-0.7528505131344272,-1.430533940600241,-1.4310216360060355,0.1743863752974737,0.017339163935752,14.77113776552174,1.722097058630537,-1.1426235695545617,-0.6187377467107726,-0.6755458951550521,-1.1762625317246276,-0.7489410148182649,0.0819164988795475,0.0856783296314883,-0.3501331595597848,-0.256739261014801,14.737823519755349,1.2920296284616362,0.5659150024382313,-0.2282979174490652,-0.3991962055922646,-0.6929224137382827,-0.5880663376968612,0.214452799138656,0.2176749607473551,-0.4317259175298153,-0.5522228993698693,14.652498741512703,0.9197787328542204,-0.7354587452381856
-0.6977723546534822,-0.3445487380204132,-0.088528860095465,0.1328735401506919,0.8125851968327875,0.8116181997450561,-0.2034587575864508,-0.4881589646388295,14.610537653914491,-0.7220686217723533,1.2888103248993226,-0.336721585667637,-0.2848355484808526,-0.1929793847625164,-0.6259976137278771,-0.8278845241049149,-0.8248171338366229,-0.752437145395088,-1.523130945309148,14.31519494803372,-0.1926458376320034,-0.4275016597984522,-1.1779634999318855,-1.064067970045644,-0.4491963141260878,-0.4103458510173173,0.2384110197784485,0.2414318357372279,2.3435146887652523,2.197587856230501,14.998801254364292,-1.502161379816516,1.433575211848665
-0.3037386515805244,-0.2274533038748428,-0.1558972713906291,-0.7088831385002267,-0.3734306597223509,-0.3699098530636912,-0.9282568605119188,-0.1186614086590872,14.633085758400275,-0.1651249866032468,-0.4704787014526944,-0.3182403575536119,-0.454750121318758,-1.7696043904475045,-1.8671110902689576,-1.5164014673434436,-1.5203748332239964,0.0844099458877583,0.1853814009981074,14.752623397288074,2.4676394947821634,-0.1981374193554378,-1.5468912781337942,-1.1680382589466574,-0.7874520082465798,-0.1402670069503694,1.7837436977493335,1.7740912267403866,-0.2034089997881637,0.0690383172551058,14.716647448174532,-0.1398158801398887,0.8517818980755397
-0.6921874259016119,-0.8502822692991369,0.1228883081247588,0.6753415442175159,0.5707442270978336,0.5731782792601116,-0.6368054013474694,-0.9533283984144438,14.48937348684818,-0.6252436948923259,0.7985008306989345,0.1164655240293814,-1.133116622838019,-1.6654473987885698,-1.2439319327913931,-1.3716516253797308,-1.3754958848392187,0.2804788347760324,-0.1944634995884385,14.612116897748976,1.3935161702164582,-1.934553027733641,-2.148873114088924,-2.3088544673481546,-1.178452635497703,-1.588239659682814,-0.4981606340860071,-0.4951365009987905,0.4560631131140442,0.8303927037505864,14.812644046618082,-0.5121959613569205,0.4915135820698167
-1.878356251658878,-2.222356815968314,-1.7468811383000795,-1.3902278882213344,0.0022140450686195,0.0066095732125111,-0.5320088585455699,-0.1412488977233559,14.64837663649472,-0.2319616968530984,-1.0516311285693771,-1.7302902435313965,-1.7357655130729273,-1.644757490479074,-1.575474368903261,-0.3271079767283029,-0.3242902224991248,0.0594887892266809,0.1527949415816108,14.726306621760449,0.1417215749958131,1.1103479185982696,-0.7261697481962124,-1.1550925347931127,-1.7380896519339546,-1.8595122786023763,-0.8574106971307145,-0.8590720381164961,-0.6456255681481758,-1.0392927836232255,14.543301164942768,1.5461354815210555,0.0374088918373192
-1.8929116404176844,-1.8565979232932643,-1.3197383299534848,-1.4599753529796071,0.4277618267998718,0.4325026205729776,-0.5304297008442921,-1.5689126547089018,14.396161266831385,-1.0613610000405842,0.4265540703094436,-1.194939528183025,-1.4662219310661964,-1.2362524727810562,-1.147081569404688,0.4414551036203992,0.4458893377980706,-0.0868859266106965,-1.2874532907243164,14.366518547731806,-0.7480898946261166,0.8426543605767441,-1.2814413993923175,-1.3669814451751217,-1.50103892760458,-1.4870157406870688,-0.968935879201268,-0.9720343040349894,1.0930396680738232,-0.0767724417186285,14.508108087493763,0.3778604927588582,-1.138787873585711
-1.224657140417902,-1.336697366471316,-1.352095955909562,-1.1559689868929428,0.9166461979474344,0.9164011161461674,1.4554765929059212,1.5872592322107029,14.750152275777646,0.0364263139315355,1.1701130758358096,-1.1939719878450457,-1.029530573733191,-0.865944991164106,-0.8766010853742654,1.2248012620014477,1.2219059009611122,-1.0294162388526966,0.1549271878483328,14.584414814444264,-0.6347073755862714,-0.5521331725039457,-0.9653735961171572,-0.5476768011813108,-0.3324502405239404,0.3113949115579643,2.012878610130735,2.004049132214426,-0.375133339192591,-0.20536317004263,14.523103395784927,-0.4757580169674119,0.0894776734095876
0.5626160203214403,0.7204204506754336,0.621189344084032,0.4471607586500816,0.0961868605914019,0.0995754127550113,2.582887025530868,2.5882032157840795,15.212522529760296,0.3206762514907145,-0.1726181857395769,-0.2793164825420547,-0.1311779916518008,-0.218782696009074,0.6270878005256081,0.0624263901973743,0.0657987791111181,-1.392487187217846,-0.4562663321191456,14.511902967069249,0.0680150269966703,0.348182076148832,0.3056134277468666,0.2375540609276108,1.3564852625080874,0.912005963075386,0.1775875775818396,0.1806917840714829,-0.142778538139091,-0.3914992575125133,14.49013779823322,-1.178220022566926,-1.428031228837262
0.0543423535631026,-0.6388403495316621,-0.4711287122712378,-0.7240688653787376,-1.5303971288394154,-1.535460376205115,0.0532248170612862,-0.1890679429058091,14.567257252369458,-0.1332719742892052,-1.6305218186563608,-1.5248181293200505,-1.6653949277595876,-1.6367216891169265,-1.8024191868750832,-1.3584494971183383,-1.3627588698091329,0.4452752003167764,0.4336021815778235,14.80831815827039,0.4145446153721653,0.5489567579132897,-2.465701709303365,-2.3601445445507157,-2.4760717786414217,-2.242873261677783,-1.6441885728201715,-1.6530143166874638,1.466762194750576,1.9915522365030085,15.42075991061641,2.128579785399502,-1.4694604319080842
-1.9526505786962511,-2.0213041842975272,-1.780098884980556,-1.7385910306842365,0.0838383059724787,0.0879850548950838,-0.800976420395513,0.4667499588942839,15.167860521663032,0.0340824774260279,-0.8131366241207006,-1.3254219081878016,-1.4835306449518053,-1.477591569958806,-1.1763031513027804,0.8365310657520425,0.8362377452614362,-0.3397940350059724,0.1489448416265932,15.126946934972546,0.9008419880055988,-0.1538111375939998,-0.8699769065124894,-0.7279375806076582,-0.471063476512926,-0.4475281803585944,1.3422960556521737,1.3360178182863622,-0.8710962526557048,-0.9139371078084766,14.74617785007353,-0.9164413705421406,0.981867548739134
-0.2563633971508879,-0.3047043712946668,-0.1693925217555981,0.0721067525290359,1.006693220074768,1.0044438929824782,-0.3657246984664868,-1.0243567776116498,14.667924309834262,-0.5223218926603019,1.3277792117495797,0.1662750279134445,0.0700886326037735,0.221853618608027,0.3990172526197156,0.5207210397773641,0.5228492021322753,-0.0181570687404067,-0.7632461531815715,14.662408767072971,-0.6942084640920442,0.8741126481418117,0.222487554012649,0.3370498749489549,0.7180304116253972,0.6385964216732432,0.2851078673255892,0.2886668341244679,-0.5846386120771595,-1.024902041690073,14.493595368435493,-1.536639746492317,0.1367881778212889
0.9768748810861132,0.9484485219119316,1.0913859350848143,1.0521945362246836,0.418359700483406,0.4209993757170479,-0.447105577655097,-1.0971257817852451,14.363574739402996,-1.0535151984608933,0.6122649562098434,1.0863296733476548,1.1034038270462152,1.1711988823300064,1.1524368059591996,0.1535219173471057,0.1571618674134571,0.4737862830880299,-0.7057624685181344,14.54272142705501,-1.0304015554471246,0.5041779718772037,1.1950526463896685,1.0993964174975592,0.3292110945376255,0.5275467496713893,-0.9168865728745966,-0.912158975091134,1.1085732161673996,0.1196174367514989,14.91111867194837,1.2571688303627182,-1.1370796385527813
0.1612773737246508,0.8431500176104946,0.6647087265571238,0.9419923413623612,0.8210252317093477,0.82088500069684,-0.6156117353883557,0.124145143713654,14.706606961409712,0.0736694394171942,-0.1928264939712495,1.3325017814589049,1.6513800557775058,1.3385223202992451,0.998866542415156,-0.3739662421362101,-0.3713540072979377,0.0766020160264208,0.5943396788241779,14.696050166690515,0.2059214834923144,0.7608690989541153,1.2833084067266174,0.980906945213244,1.2392837755714463,1.3740734681890194,-0.1202526199917766,-0.1176975955071505,-0.6224013552396892,0.2907614433960276,14.501583273402156,-0.7257969129143258,0.28014159159295
0.9633712323253836,0.9768434186090358,1.194531096652606,1.1309227204632737,-0.7814764956569348,-0.7795201917990646,-1.193756385557749,-1.130294906280706,14.149981507631706,-0.6948972703896495,-0.3762621827573424,0.3192498181292147,0.297062205967835,0.2623492314082394,0.7566190061938325,-0.6066037248209145,-0.6046797331553113,1.8522647010618711,1.091942921432091,14.588393168223485,-0.0202150559970218,-0.4978061096169238,0.5352344112659888,0.8644886343939864,-0.0319148780242003,-0.6092103210797793,-1.299293452086168,-1.3003767421718198,-0.7240128565940139,-0.0872259161505802,14.354165917181476,1.0223617152622575,-0.216870481892119
-0.5917764027417733,-1.0597340338691157,-1.3719502746747243,-2.1968911704280525,-1.7992512338593112,-1.804320917334026,0.5956398418944827,0.8159218392672172,14.550088027995582,0.9712894022543151,-0.4812198375702444,-1.7410524808156955,-1.9068312091044428,-1.1573199289641405,-1.635454895083989,0.2067779340319235,0.2090999941172047,-0.0678635810747102,0.7772957882110137,14.586590992093832,-0.6465298727874679,-0.8793295566523636,-1.8343397810049484,-2.054718087043159,-2.0673052016859237,-2.0943096283791007,-1.573844988442325,-1.5785569453426345,0.5988001956921102,1.7231237185834036,14.79788898538543,1.083137223623407,-1.6768487337293798
-2.2332554912167266,-2.1145971270369084,-1.6959666694235518,-1.8323021410329372,-0.488868564585204,-0.4863307891909897,-1.0246608979098173,-0.2715647457168477,14.445132570437636,-1.306707915345711,0.893116100416519,-1.6651610342066077,-1.6061193405375431,-1.4488056786125545,-1.4456569186100878,0.482093610970585,0.4830452295385906,0.5277944955803451,0.7200180889193599,14.599366895291434,-0.7648309895736118,1.2899051020453622,-1.2685514785016412,-0.9803692746302498,-1.3109534986220075,-0.616655697471307,1.9391413507742852,1.9304821658107816,1.878619604569095,2.454927000571369,15.180862397355112,1.3026052973821935,0.9778510278516408
-0.9565668202035916,-1.0559824706978578,-1.213935969154098,-0.9623938404884042,-0.6976025619416725,-0.6976084259257682,-1.331929320411072,-0.2837310961074301,14.5687179658059,0.7078142154505757,-1.1002730934233549,-0.7995343330070869,-0.8872832767175018,-0.6218439216156294,-0.5833039386425767,0.9214414929681488,0.9230623348456616,-0.3021899907805693,-0.5647251733111102,14.555828019963196,-0.9791676252816692,0.8274787965015947,-0.1683720105600898,-0.3666697330117061,-0.3231846425462946,-0.078680843905431,0.8963799495832967,0.897629491591166,-0.060401762405386,-0.4357136248825742,14.584229388978049,-0.222783980771865,-0.6806957568913927
0.3361050379065131,0.2443167999130499,0.3595578981908567,0.731388515434128,0.7772652978346495,0.7782473312915812,-0.5402216089446523,-0.8866211926772697,14.450552347030673,-0.1978830805872969,1.0824142057408903,0.876209967978608,1.318949049146243,1.2026388908276442,1.181815400119239,0.3802053143091676,0.3824358884516987,-0.4212482664117207,-1.0246810263892132,14.32515608569076,0.16560110465922,0.7714285865883344,0.8436847308487048,0.8013886642129293,0.8000329645255435,1.1861830309679149,-0.1093496208043291,-0.1059843800579141,0.3977159981198923,-0.5021090311981274,14.485645475854822,0.1307091446524374,-0.3404546434689744
0.7943464047551672,0.5681092361878456,0.9203229562993084,0.923570203883788,-0.2419676572947169,-0.2395869832020437,-0.2866788044842638,-0.5311505749636182,14.390606479399136,-0.5923193883844983,-0.5197569091079309,1.5597811000350446,1.3274099167757076,-0.2920583578045464,-1.1599701176796928,-1.9393624685588295,-1.9458197017383532,1.2680589011434529,0.6966766549739126,14.823067303013673,2.180466685468749,-2.241375542731757,-1.1143740432244194,-1.1114469014188848,-0.9942376843830648,-0.6469848685739568,0.5383214693840203,0.5391384339977442,-0.040685852774049,0.7352652678493347,14.885929455126522,-0.1372185189660766,0.6289068374820561
-1.0543649660209706,-1.0301550245360005,-0.4574401344151228,-0.6776761809554314,-0.0494611025907782,-0.0465574390513933,-0.8781275759836974,0.3235308831910017,14.5863134457314,-0.9190501027060812,0.3691623402287705,-1.2626044934536735,0.228924798694461,-0.5052276339616891,0.5079975084326861,1.1432404893275343,1.1370829447291506,0.2688916066145815,0.6808132206093385,14.670734495278031,0.8738419069770634,0.3309694630231106,0.0759300435823769,0.6962861057906793,1.2707253771267286,1.088850304179114,0.5500321638444206,0.5493846120722718,0.356042800562607,1.0362312408108614,14.784963217243316,-0.6743427777250135,0.5607504861149912
1.1568816319539936,1.448422461497692,1.458580595834044,1.5431097433384964,0.6705709238232547,0.6689817977259195,0.389985229410437,1.309549597264328,14.916387280864882,0.0465723324602133,1.0678720825636574,1.2564699386900056,1.3511100739028947,1.5877603534220448,1.7110060491361545,0.6284151332089248,0.6271845999692358,1.908700800369052,2.326788638221334,15.437351434650164,-0.4665513301889334,0.8869809269649798,1.5743399980373365,2.1749286990995267,1.987841332598297,1.6936604742947772,0.497458296871959,0.4971920760180524,-1.7086173905594249,-0.6576783344766308,14.769906380916758,0.8130076507054559,0.9177992228717916
1.724506506972174,1.3053660599322827,1.3690398798433665,1.1520908937179897,-0.6917024876795932,-0.6874502919502352,-0.3021322137723269,-0.8223930176898915,14.743572140756685,0.0648276561773008,-0.7002685948146232,0.5616181800192735,0.2701659160998179,0.7854151417836054,0.4154743269808217,-1.1707983685469818,-1.1685044085376304,-0.3365963505238947,-1.0086936188573028,14.71217025581928,-1.2679563039897257,-0.8245396334722903,-0.1488351945970395,-0.6680359438140511,-0.8792385052920303,-1.5091208734429538,-2.42554569448421,-2.431729504621643,0.9071437855272816,-0.0692522185300454,15.013606426885652,0.6416226622096698,-2.2636476776548027
-0.9330732019463116,-0.8383338638317002,-1.4261592237175926,-1.57200450445185,-0.3180192830771643,-0.312772929352671,0.4876972826388758,0.5965127102949943,15.227716544473996,1.778586346952927,0.197127088190371,-1.5061647524940824,-1.6963423074935606,-1.6398988863511512,-1.7455378478611503,-0.7238433247187115,-0.718975715574272,-0.9974820721340988,-0.5278504599241836,14.962818085661649,0.3380430759380581,-0.8631707763840666,-1.94277176420236,-1.1596427284800903,-1.4433119875532714,-0.6198423914053475,1.644775005465927,1.6321229524131873,-1.1180627121908384,-1.3298043983456092,14.538847894817902,1.5382786379989628,1.080926962822764
-0.434039515855638,-0.4318944252278663,-0.1553629127498355,-0.0722198410800086,0.794134901053634,0.7937083718429183,1.2175294917037058,-0.2855902052035619,14.976283856227896,-0.8079135765922104,0.3961933861507993,-0.1245123353200226,-0.2639258911640831,-0.1011162736285095,0.1684407052217684,0.3421947045683161,0.345530914221058,-0.8604858786420394,-0.9150991526984574,14.61333346977071,-0.4711267838786793,-0.0194928180403811,0.2326232698273647,-0.0937146788238301,0.071169841591701,-0.2019026144848736,-0.5198688954021232,-0.516346403308958,-0.4221081126128822,-1.2414797900892705,14.404796653713444,-0.5455269455623687,-0.4617593040435457
0.0606550003111584,-0.3009089742704319,0.0163452995193934,-0.1851965668034211,0.0543619096791772,0.0589078946898299,-0.330081048494077,-1.1881985363054317,14.29075107574095,-0.7654733761217917,0.2478158604174742,-1.5874490511103367,-2.0296725692096893,-1.8005440908325587,-1.8139852090194624,-1.6363855239719816,-1.6466017087470044,2.5680058991366272,2.017870036506525,15.375947494009608,0.9068617907282196,-2.1138703297436052,-1.5993286575718175,-1.5840112535164053,-1.3996189106803596,-1.1092086465230897,0.7664641624404164,0.7668573823547739,-0.4744206843604861,0.8827491371864811,15.209922135165051,0.4236235230328535,1.38268739953785
-0.583528406995501,-0.5154008003151663,-0.0876642879574315,-0.337166555741807,0.7679802800818922,0.7666840884087069,-0.6352007494449528,-0.2755744980156775,14.78840881863574,-0.9719108886815286,0.4177634905269266,-0.0326773949533124,0.0184076665394469,0.1498033085785076,0.357378501396154,0.6767140701321004,0.6756939960623333,-0.5477163343204695,-0.8207732707766084,14.362302180966896,-0.455033805421893,0.5906040568127326,0.9238697018043592,0.5083396859897196,0.237334952825017,0.1463213247683991,-0.2286728651170776,-0.2223356639264547,0.6927334081221858,0.380822039872613,14.861636208914884,0.5277221117608005,-0.4011860091315458
0.068849383745771,1.187699595548499,0.527827754966241,1.3948814244679832,1.3421770968472837,1.328810539448276,-0.2034425009608535,0.264657432619089,14.888805380528378,1.7375685234592733,1.8124148009638013,1.042901242203481,1.5675661524656244,1.325934030757506,0.9075161512673444,-0.4970003508933291,-0.4909882297932555,0.0121106853885541,0.6190070590937751,15.021451723795025,0.639421251596545,0.1315527035010907,1.2633474229882358,0.7973121675974979,0.6758376100823829,0.1015873382804893,-0.8406435251380501,-0.8373031084567154,-0.691005119419718,-0.6497200888449826,14.567728683421263,0.3998058416900362,-0.2387584412804793
0.446604439809916,0.4205075594859127,0.65026083021555,0.8366181311366412,0.7325010303593631,0.7314648647520643,-0.2131147029935758,-0.730421711643673,14.563004341816336,-0.8731084506507399,-0.1143460637462159,0.8250593974964048,0.3799336732406693,0.3211281274153361,-0.2524182238310967,-1.0153195641282695,-1.0130067817650823,-0.0567005178599902,-0.6119126117890149,14.68491972313754,0.2543940719977679,-0.6967671557006462,-1.3189580464343862,-1.677019386458938,-1.7668734882328438,-1.8538189867778472,-1.685948331221249,-1.6948140339191833,1.5128117095303426,1.445045369175046,15.14120556257356,0.0528546299306915,-0.1069101247841176
-1.429541353639848,-1.378529556806965,-1.6115239912360098,-1.8550384481555064,-0.4155244857604641,-0.4109707105782443,-0.991830841625614,-0.1602452618997745,14.68441655758672,0.8536536181144148,-0.2803167087455525,-1.456805267244012,-0.8459884658845898,-1.0283172479647544,-0.564955805696859,1.4806673142365545,1.472970443016796,-0.4790392715787087,-0.61515029176125,14.528264758455231,1.046323946164108,0.5461333702843651,-0.4850743532777459,-0.4820093172753039,-0.4494366706380275,-0.0765924966280592,0.5618338337220015,0.5662856393491507,0.0820170659642519,-0.4792043239016194,14.625818803018856,-0.156604485401392,0.3261350246876622
0.2807821871155708,0.3939050182837658,0.6619554364948975,0.7341788300872328,0.9032902581352668,0.9033157092535766,-0.0094430676513609,-0.2649716817866344,14.63392425848758,-1.5409694358197763,1.1203893803503426,1.949608997711056,2.3421573027459375,1.948958300339422,2.1163730567632775,1.8951171032823468,1.8788266633168913,2.048231959858336,2.096942378639016,15.27728361208497,2.6558247868467033,1.6357083408830977,1.7303350836227605,1.4464752812615804,1.685189655556375,1.56418206864446,-0.3393584605037834,-0.333646116817761,-1.0504348141318751,0.0542210218058668,14.767207429054388,-0.0888851587766503,0.5845852755764328
1.1189032500172695,1.153302340106542,1.321579665778245,1.2323138217158558,-0.297708988253253,-0.2916747072306603,0.8256105273549635,1.1277421298658037,15.152641197650905,-0.1494401250773355,1.0020698428770072,0.6049804323945152,0.6415592386153016,-0.2433924410943076,-0.3260863552277555,-1.885198288727877,-1.9109524471361905,0.0840179072878855,1.231205686545245,15.318854574772075,2.387733835975092,-1.5806164528738722,-0.2872268414158,0.1704539236663174,-0.0410138062028775,0.1252192804841614,0.5605854793365868,0.5636833650851374,-1.0789202711580534,-0.7111709251947722,14.83034296998948,0.569595414961593,-0.3397804674724977
0.1688360212761901,0.1382390842726592,0.4006047630845106,0.1192760929182569,-0.034117502676509,-0.0244094048818696,-0.6266602994230432,-1.0830159288009986,14.538119934157749,-0.5535030333708364,0.2761650751021247,0.1755685913289059,-0.0734878490507407,0.4350715056203267,0.4789693497066032,0.322448822510853,0.3267750847309862,-0.6212306952179825,-1.3030014084895631,14.27634793014064,-0.9642331727843472,-1.5396902728649846,0.3316496076442795,-0.0070097257633429,0.5368394705833559,0.460444437901292,-0.0852421147901271,-0.0753557804777697,0.1467211249466228,-1.0146298524648143,14.380938565038946,-0.8447979965990231,-0.706752445066695
0.4349708854372606,-0.2701744577242615,0.4403899057730574,0.1800935274543742,-0.2862773938929532,-0.2753732141497191,-0.099158856303481,-0.8860254032352778,14.38082493519599,-0.8877412421284665,-0.648632583548796,0.3360377074923908,-0.3111237912786834,0.442360841251768,0.5419891875248308,0.2627490641647085,0.2687602216614576,-0.0264142014223799,-0.7242675107742168,14.41220245333691,-0.8265434917507138,-0.962573743466646,0.5778917298380222,0.0918688660091372,0.6529308063299843,0.747660142439998,0.1482273805995123,0.1530497901837797,-0.1196234700547295,-0.5660631099188989,14.3187682167885,-0.711823794935712,-0.2478433478660185
1.5592861009718977,1.966618084346526,1.6078212627143966,1.6922233371922992,0.9941876019200308,0.978183916283287,1.0483783843103585,0.1237043708613413,14.57186772129538,-0.5634653584928777,0.2961453914374796,1.626128663105049,1.8904969116783523,1.5658338385238717,1.4561990186782685,-0.0726401337035155,-0.0637788509756502,-0.2548995214523391,0.2634721782980977,14.468825358340796,-0.6155699897979294,0.0943494157053303,1.3773371167337978,1.4570056261504711,1.2895035175478693,1.0854630815261923,-1.2698244330347062,-1.2745554776872523,-0.2344658882703359,1.0710007829472885,14.340712939110604,-0.4924001291653839,-1.5633573388872155
1.1432536506860371,1.1196819135591292,1.144340379582759,1.16366519463115,0.0016518516397845,0.0047460487751045,0.460205971256007,1.5655574869236193,14.382698178514325,-0.8282772852199429,1.1378709959098383,1.0184448993948392,0.8377096984419621,0.8260702276040545,0.8591466559067958,-0.8798203402143723,-0.8819032794123083,1.1622948558491069,1.914953932255086,14.560253962024111,-0.4070897393458983,-0.4538674890980431,1.0084506205057124,0.9613308014695736,0.9951940747822964,0.8235129896117658,-0.1728776117798337,-0.1707690931178304,-1.7076125838905083,0.1296969508627278,14.246124109715398,-1.0720258843907715,1.7416075780941174
0.9821793057311844,0.6976390393065268,-0.0008037921073843,0.2493720895349955,-1.021775637097538,-1.026718258967204,1.4333552572127983,1.2260274209010742,14.501784673029544,2.775447798809842,-1.5605110472685255,0.3951140649841078,0.59586191838254,0.8723373926904767,0.5805641740660687,0.2741168830317516,0.277920167420228,-1.3311847934887422,-0.5881105464543586,14.176257898428425,-0.9598008333676664,1.087960890260231,1.002964359718758,1.6068097684744025,1.06291044216065,1.9152104597246584,1.3485212612967816,1.3493993143170713,0.6118031045767769,0.0400563181540177,14.307704280866384,1.3937849635205313,1.2185741638714296
2.2270844396067826,2.014476939124242,1.4837206497819375,1.0357943126019298,-1.1285920339975508,-1.1336987965084908,-0.5780977510332682,-0.9126996323391956,14.183828162334567,1.2374806448942466,-0.0768428675256632,1.645523692636132,2.2805661779912545,2.299141221560412,2.3556148776010777,1.986859352543087,1.9808855497419184,1.3791166042291738,1.1433049568739804,14.453885240827203,0.9469378755834466,1.503022401854903,2.3470622667158363,2.024641552580824,2.200280834280912,1.9296601265343205,0.2662126566845051,0.2703242350651578,1.799170262295321,2.4528434189500605,14.908138643619232,0.0891577995429893,-0.526271066516722
1.7563360604011808,1.613108853673171,1.6527865898514225,1.3511748918809574,-0.7038309328917157,-0.704016415799314,-1.231794162166263,0.2354386044189566,14.540011530748654,0.2978755063687967,1.2120504588536931,1.329650378078919,1.2285683922812052,1.4144562655094772,1.2039562987634709,-0.1057706619831769,-0.1024708692769944,-0.0455402410943735,0.2808834436390954,14.583904811656012,-0.7086678475865418,-0.0523964573386758,1.2153486705376622,0.7773612370191602,0.150569025397657,0.2477889559572818,-1.4976931579001194,-1.5065252793775077,0.0623086131868352,0.5184847394157215,14.645590029034093,1.9522569320664325,-1.10368498290516
0.0978028944320443,0.1038347575618353,0.2819219588020084,-0.0587042227831981,-0.4426594051050246,-0.4403156077989377,-0.5133888557042295,-0.0823023539809445,14.565133057997215,-0.5665838198251526,0.839259334060821,0.5534692520991542,1.270333176044349,0.9154813710845148,1.484584085350147,1.655773784314677,1.648335394345518,0.2307964400904955,0.2916332486011934,14.667199193346654,1.170947468113207,0.4291412649986799,1.5584233368811402,1.021528190839896,1.2029801459742182,1.4229959449172278,-0.195657432144766,-0.1912205798092513,-0.4769017980105249,-0.2594728219664499,14.619349467974285,-0.7041577323301185,-0.8643277386014722
1.2633357442368844,1.0344885247485351,0.1562610041598498,1.1771513721673366,-0.2279752084660784,-0.2242734854667249,0.1806850363487918,-0.0195759377558524,14.72376952136689,1.58828054282787,-1.282239413498398,1.1404532441262445,1.7416839853814965,1.279284108793998,1.6390427711121098,0.3640730679722236,0.3689186496851873,-0.5995749652622551,-0.8402622170487604,14.648202700839168,0.8046020439826305,-0.3224863979063515,2.0248160655415055,1.950764246687852,2.2248743939649778,1.44381739293578,-0.0086888900558972,-0.0046937614863137,-0.3402207025603071,-1.0163892740009806,14.60610245676142,-0.951735950959232,-0.4833109986900529
1.7660427207495957,1.651117768044877,1.807515353953227,1.6160595126496209,0.6377851633583137,0.6419551201155113,-1.566584930421647,-2.425685585194974,14.278741932169805,-1.0398796906210492,0.4461857085740304,1.692153957101146,1.649878594693064,1.7548606052608533,1.5595324184896933,0.3004676951725042,0.3046662087084128,2.1241470742459265,-0.2564415555470006,14.605240290338038,-1.2087782638967413,0.525931893227191,1.559938114983677,1.3043253853857122,1.0578524856328753,0.6437943741143337,-1.4297708426991298,-1.437767262462582,-0.1083060412975662,-0.2125584516328292,14.601146213789333,0.0096907293842703,-1.1273162810883444
1.126134413840955,0.997267385263632,0.0265459380847159,0.2734493316399253,-0.7247768878725966,-0.7246129914205572,2.101253408037355,2.311115789878117,15.073176060804014,1.9846271665315525,-1.829315208327683,-0.328201580885235,-0.3260713849877285,0.0587480947903564,-0.0130178523063843,-0.4339209672478972,-0.4315126847712945,-0.3516122161113699,1.4019664445224458,15.059723075317496,-0.6244198480683448,0.3380202531545986,-0.0010749578116509,0.3112268140845753,0.4484186443089433,0.8207938285472404,1.028826934419692,1.0253288186953038,-1.3799391252459587,-0.7321651613957123,14.600005989333502,-0.3707008719464703,0.9555219840341236
-0.2026270349017011,-0.7805381752510936,-0.71775235535381,-1.5194817270640577,-2.0383023692103266,-2.0451778599508494,1.9567084039740723,1.6002721136300635,15.237099907808686,0.2834778431976193,-1.632593540090972,-1.6132524022184933,-1.6279423822983157,-1.1406551151409423,-1.1061624783211492,0.4021302088958782,0.4037812114368608,-0.6286128641841722,0.4824938554093934,15.063462256554708,-0.3066992316467749,0.7882356971494184,-0.5862095495436943,-0.7669424939494138,-0.1974502939085743,-0.6217291171542239,0.4111279747505558,0.4126270535655394,-0.5108891365746807,-0.1801238096286006,14.938392930945865,-0.7041589390403994,0.2228646754278377
-0.5306528922037487,-0.1696816236746277,0.1322908494193189,-0.0425671451828696,0.4995123278481501,0.5001643493583023,-0.844226481513942,-1.1645613358769311,14.593550664847609,-0.4116052268121884,0.6979379708570118,-0.3151998812995285,-0.334903796197365,0.1486483066380593,0.0996138383247904,0.1200860744387721,0.123508134146322,0.4651460442049337,-0.6431917580537281,14.867171341093714,-0.6378741644823175,-0.0797655895485071,0.8024164487979216,0.5472652864022606,1.1748257834052094,1.1499340077732787,0.6910321306262286,0.6897008409214765,0.4764757762555413,0.1482791308081742,15.13675986968281,-0.6888777797337307,1.4003685454941912
0.1248761892626756,0.1618374125177475,0.3690995723764627,0.8322136515876492,-0.2312024832276741,-0.2264413509537281,-1.319039213475603,-1.7037238772040584,14.367382727037104,-0.2084181170036831,-0.0281241852436399,1.055563115257928,0.8391316202108605,1.1689652803446755,0.5591623450366896,-0.2096597807011029,-0.2049389217273868,-0.4455507244857801,-1.5218232249250072,14.13918771412347,-1.2604793129916598,-0.0194558938789179,0.8675156017207741,1.2823075172262854,0.8316136119602735,1.1689048122600043,0.5641580053659411,0.5624803137537743,0.8582444876864627,-0.6971127945936264,14.475928430536836,0.494377549518716,-0.3752789725579689
1.1541325623896943,1.028791659877749,0.333882931158788,-0.570429703299551,-1.3761219422082736,-1.3730905620216725,-0.0841821039298633,-0.5654480262697883,14.503896923808718,1.1708569643059497,-0.2644374271477369,-0.125157726735566,0.5359055102505709,0.4220729805363851,1.0748552047351252,1.499103580227306,1.4901814173338526,-0.2767896576945536,-0.5036752125521767,14.375184058520006,0.2490444497264149,0.0671170384485468,1.5925616647419818,1.8879241390431185,2.1525629693534505,1.8571251104944395,0.7300043313039843,0.7288980809640268,-0.0004104028928618,-0.2003574093813442,14.350541456078448,-0.4305672042264292,-0.1792777150510452
1.6321207487503564,1.5522400391490851,1.70367692478667,0.9979927812353168,-0.777551933260765,-0.7748821093865756,-0.3418949909163625,-0.264196539530671,14.21495826443746,-0.7140891664248229,-0.4740331924028541,0.4108506570837302,1.8057257149061363,1.497482647821207,1.8018245576470824,0.919061629347123,0.9172751795617304,0.8608927223323368,0.7141223603841312,14.467784180174572,0.6359265377070078,0.35604910061433,2.0959774384904657,2.314611960579421,2.16530562139695,2.021168699534962,0.8044726518019102,0.8030514531906725,0.3407875284579162,1.263598167557234,14.570223564328009,0.6766728203777129,0.0040283268516229
1.7372418052046286,1.796694353718367,1.827885769787873,1.5872929929590125,-0.1607145817309919,-0.1570751845330456,1.1848482558795814,2.364253478449363,14.87534771419327,-0.1920463861993984,2.3196726026514893,1.4813292718664055,1.957362817159684,1.6710042675181094,1.9162564174362648,1.1959306029495107,1.190131717352564,-0.2288683027702814,1.6142287979726422,14.899584677726104,1.98823423864568,1.6867310105942284,2.119483406889893,1.6461445591855033,1.8283284105661564,1.4478493100168857,-0.5602279526560724,-0.5560859985957738,-1.445650372873472,0.281912810498953,14.616345992894974,-0.7990210092127227,-0.4242435888755414
1.447223300258473,1.3865757715058138,1.510829937508586,1.3840993159934678,0.1466283525699202,0.1496815252664322,0.653132622160735,0.5979776347916277,14.77279005445178,-0.7498369193737933,-0.2034740503943588,1.3705014658715196,1.2080814240906503,1.3644773977644666,1.0655399090294286,-1.2294421358635883,-1.2308771231202014,-0.8858611619593133,-0.1237791655429493,14.611891444124057,-0.9432013859130112,-0.7702166371029905,0.5526771109189922,0.5404640402403291,0.7854743682858726,0.6503895444025385,-1.1756864920666212,-1.1778509150765764,-0.9192422836708274,-0.7925159110768386,14.43382696675224,-1.2353639355452315,-1.2060519231540132
0.6028069562435411,0.4180731492251677,0.8097531735139528,0.6040913352647528,-0.2267316446846167,-0.2245147114382742,-0.3562453194571218,-0.986430459065072,14.380654466218376,-1.5863239029442715,1.6061894249655526,0.3548584928325897,-0.0012221861398393,0.2899089389797318,-0.1445345666166072,-1.36583742169057,-1.3702777810914617,0.223444158422267,-0.8939807772206991,14.463608593010266,-0.884165406657897,-1.725785260549572,0.2855666456120253,0.0629560698239,-0.7746817585954037,-1.244482008936492,-1.1474447399404952,-1.151114661909763,-0.8980990716052172,-1.2352468432391797,14.274327473600582,1.553878506110523,-1.1239614946466774
-1.0391811571536669,-1.3540615901833406,-0.8744612835422495,-1.118511109576266,0.2302505592048727,0.2333694288339842,1.608770757077268,-0.2203800226348514,14.59776737096874,-0.3814233351921604,-0.2955773676178949,-1.131966613306347,-1.3417746145529628,-1.132284962143033,-1.5934792723925293,-0.6032289849092691,-0.6035921495025148,-0.1969649136384949,-0.1071304267347714,14.54127061020841,0.0805385794712145,-0.808220768271005,0.0537088964636829,0.5512420820187939,-0.7833364045276151,0.5450035586056861,2.32991214777897,2.3244889004309246,1.891844339457183,2.144648368102319,14.95366434166299,1.8099764801159404,2.1814357580991666
2.0417517838452452,2.4259001659864023,-2.0743821343831765,-2.120575810894418,-2.3030569555706975,-2.3163354293043494,1.9679411509130549,2.501832817366147,15.524486246764576,2.7351977050810876,-0.9856645664139106,-1.9585285285633225,-0.9354536566798876,-1.6337981543377968,-0.3167266146706812,1.5131630988443272,1.500663993726821,-1.1440175927985978,0.6866865819730924,15.138252844581425,0.4591556294191036,1.2713812230066346,-0.2854200051433225,-0.8552224010667797,-0.5941343784373417,-0.6915022265372909,-0.2555892369127962,-0.2498283726496586,-1.252717732342954,-0.5902574798271469,14.5879775696008,-0.2313261007425708,-0.287264845921095
-0.8175586017360863,-1.0161461654508426,-0.3332913439937831,-0.5515587852004543,0.1103975503756724,0.1155337522688148,-0.2285467065933166,-0.6263554677260603,14.572993582874238,-0.5559201476768888,-1.1624783113691453,1.537174256902878,1.3298594281563487,2.095575401445622,2.19101287847355,1.8298642654302584,1.8123789852613632,1.3516866738397768,0.3200482850546586,15.11671015875629,-0.314502494936612,0.6326403930902353,1.543230870648981,1.202808488409806,1.7266723244399984,1.3316546346618086,-0.4853886297436841,-0.4805226442129814,-1.006455398714999,-0.7023587907194152,14.683577385313738,-0.3203912944110271,-1.179116688529671
0.915435927324898,1.456954840301893,1.6269761158442384,1.7131588359280685,0.60722460370776,0.6105224261372934,-0.4132770373376258,-0.8829276020331854,14.611034256485992,-0.0753908004426395,0.8545307348293532,1.4904841151518504,1.5720071968353853,1.897665108779244,1.7036954180929305,0.3611506078193398,0.3663654913433601,-0.1771507028723516,-0.80907751511199,14.61004080460634,-0.6068050137806097,0.7114947441205591,1.2125020888242188,1.0063322142377624,1.376256221283175,1.2711302920845962,-0.392828503206347,-0.3856149919847742,0.151028059777441,-0.5502255665026642,14.762369679362562,-0.8082761848482569,-0.0757258648607541
1.0608183536198093,0.7963637069990044,0.3210086276349218,0.5067382091707925,-0.929322800582828,-0.92904403987841,-0.027415230911916,-0.3440628320151194,14.80188727033065,0.5185388283464445,-1.2243007475808,0.1659499197857791,0.013031796831855,0.2921035829747729,0.2124872105132165,-0.5239854447008288,-0.5219926357006822,-0.129260950106442,-0.0144664333886114,14.72393079861856,-0.8315818852329436,0.3232059599038517,-0.2656600166159603,-0.0151502851158673,0.1613633278022969,0.2437625924340097,0.0085168963087224,0.0142044975464449,-0.0819507525455113,0.4159941049710324,14.69434902805284,-0.4894395259979601,1.4891502165691557
-0.4260043383692666,-0.1925010545567803,-0.1552546192043734,0.0277638635350833,-0.2990054701263207,-0.2957383720006429,-0.0245482538728003,0.4524384196811156,14.729158199951726,-0.1028848713884019,-0.4151802421481552,-0.8969828124425547,-0.8536480803892447,-0.565158561203292,-0.8402430039055384,-0.5535011863379736,-0.5531649303381575,0.1349620541043304,0.6989572174292092,14.814671135849167,-0.3475588801654146,-0.8370991768795147,-0.3242075688417619,-0.8677234484475579,-1.5007084476091277,-1.824439145398313,-1.3285228353062233,-1.3338101158156972,-0.5855860028931588,0.7490402403189398,14.694888726855892,1.2775049315897276,-1.090763058819527
-1.572381360920126,-1.218211620346986,-1.190146455205794,-1.2033956432913695,0.6200403867095895,0.6220978370415241,2.0513836306962374,2.010729649142511,14.9395634720743,0.3368907133543277,-0.0236670852881276,-0.8134332403506233,-0.7246568525090868,-0.3245986774124888,-0.082779822088444,1.3959700820331775,1.3903574421878393,-0.2040380597480294,1.4842215140378856,14.956671669326283,-0.4757985232774877,0.8123532638412121,0.1436825023141836,0.9558448150814552,0.8131531291316983,1.1713102854205109,1.348824015077135,1.343920310021012,2.1030900508786727,2.4041366290223194,15.320454468098278,-0.0404373372144694,0.8650848187307677
1.431504273618246,1.6076331183007189,1.9648058308710203,1.6183635769610951,0.4202107284836052,0.4227523436164231,-2.0744916776929747,-1.112325912798386,14.66000492079345,-0.6480920229481607,-0.1452403751715929,1.7494993438761526,1.984068749818641,1.6855997407658565,1.7562120039563935,0.7126849801082227,0.7125317688815288,-0.4431965719625658,-1.2563929508292784,14.550903199435302,0.0616453412591399,1.0274085491412202,1.7974308540111106,1.746754705189126,1.7029281581148654,1.4250630065562442,-0.1847722844978779,-0.1810668116587398,-0.6144263952716971,-1.382945172421184,14.381165785996968,-0.6523415201704501,-0.5949158941720537
1.381943273833427,1.246934776653156,0.918501789149244,0.9918113349525578,-0.6361907575139617,-0.6330474088280948,1.1190536426741358,-0.5038478603795318,14.672094171986474,0.6495824512602497,-0.5440737894870835,1.2876627400697187,1.0146260098489377,0.7280180794339418,0.2192258166601134,-1.2725586018890105,-1.2737397406398183,-0.1621873077692675,-0.4816843851995152,14.656819520650632,0.661046921880051,-1.0198377515405457,-0.2503076914416873,-0.4319111342749738,-0.4512197297750958,-0.5067626917933221,-1.1176083978699276,-1.1178427312421246,0.3678391157504432,-0.0204493625724274,14.782494784382012,0.2452882182366099,-1.423663616799271
-0.1628665090627601,-0.3380117767855923,-0.0227191678591346,-0.21169084173577,0.5983880674573531,0.5992584165033914,-0.2816051118359793,-0.1522391080477476,14.747123699854043,-1.218690088649813,1.0101735044288676,-0.6602261464412092,0.1239365089128629,-0.2118465022757454,0.2903636107110403,0.5959193657632278,0.5967264955183645,-0.6123230183838938,-0.4849320213576257,14.568199892330554,1.0352472400921515,0.4917133734568354,0.2336010229554339,0.048966649076784,-0.6063589387484939,-1.1810762613205654,-1.3786190018835165,-1.38117363223127,1.2121984977755678,0.7784703299298183,14.89460052004829,1.4730716612277444,-0.4227213435761109
-1.22509265624846,-0.5949087818663926,-1.0413312482373027,0.311746145362388,1.3666264584940364,1.3613050188629383,-1.0222061661953394,-0.0607884791893368,14.51025695908907,1.0852694229795454,1.5380880222933244,0.2291326138619437,1.0980503686475835,0.8650075551656571,1.345883665010507,1.0324442370474618,1.030455340033276,0.3276891168001555,0.4612917555115535,14.59534035314409,0.37958928803043,0.2036951338836314,1.424008268322113,1.160990258372696,1.6686584722321578,0.8936403576264929,-0.4448362967146634,-0.4418483233366086,-0.6964078530487157,-0.5870337687122472,14.436302613850748,-1.6778369399997717,0.2690441405190364
0.9730581829492916,0.6534616192113634,1.0305611492676965,0.2423056044558868,-0.6409572981655199,-0.6394623369741029,-0.65954555208959,-1.5933951061549805,14.2906267209092,-1.1297543925711973,-0.5836442561258656,0.5901480245088163,0.7333712562634697,0.940504392172312,0.5866708226511195,0.2963350379242132,0.3000274073100147,2.297182514330315,1.9794981820212272,14.88812138620759,-0.8330124569552521,-0.0781089403708604,0.2110862669867647,-0.064675416113212,0.0391674942145479,0.6293472312245924,0.0455266508857212,0.0491953757269204,0.8337204776366287,2.278043737186564,15.21565875993315,-0.2275082343614867,0.4998932966070591
0.2785802193317477,1.2392346461972346,-1.2204281381347364,-1.8537583132960176,-1.9961404672838996,-2.0052537121371325,-0.7845556558097438,0.7584057274113191,14.975625827676422,2.4946476741579993,0.8187684083547782,-1.044411697400163,-1.3714585749131374,-0.6302346854323326,-1.0410784785115297,0.643341086875183,0.6436067131871788,-0.3066365164012838,0.3955829301062712,14.930816397389105,-0.3805912380867713,0.6356869287473733,-1.3190453463753218,-0.4507461398386475,-1.13807847994242,0.0004356588827939,0.8732158529696322,0.87093728240384,2.1774428327327064,2.3612151747915315,15.805724769242268,1.0128611413973452,-0.6628545104119452
-0.5989393613822745,-1.21053979612283,-0.7326993037417338,0.0751493516311085,0.0564738208475507,0.0605525557229029,-1.3245776806150027,-0.8592894972940042,14.635422979786044,-0.1004460570557406,-1.2032659295688508,-0.0189281390346998,0.6723402323924103,0.5903279622137152,1.3356294699849127,1.1624281436470385,1.1544949439519157,-1.0552485557398883,-1.4122992080785253,13.769467666582738,-0.1775368304536723,0.1123171402650581,0.8649162690359968,1.1989736057987572,1.4209453549447524,1.3289164033460332,0.049707879815954,0.0536756957232898,0.1045654138398988,-1.1072906146172703,13.91951104920802,-0.8527829068001981,0.0324643006930572
1.0047980015825484,1.0968692883596722,1.0526308644021871,0.5473063978699529,-0.7692598326031942,-0.7646498562609411,0.3793903968821264,-0.7802867866433957,14.248461771599644,-0.4286243781494391,0.4747849302879029,-0.4790172477307675,-1.3337496150101864,-0.7334487558710715,-0.6915701057172504,-1.1648579648646724,-1.163050548201317,0.2610715447434804,-0.4876485307855533,14.558209993181295,-0.3211726256286157,-0.7846517203979007,-0.1953260529999249,-0.95626838961419,0.2094024163815477,-0.4180490944917571,0.2552987201782807,0.2586645260868115,-0.31310436856884,-0.4467086152047765,14.47953835472425,-1.146848347486174,0.8207162241825073
0.2313930495164879,-0.5567797677666222,-1.1976547626417156,-0.999550447378344,-0.6087404814978198,-0.6046538271727758,0.5616100667905525,0.2394837112204896,14.851822175195831,0.9730120843423432,-1.389371199363699,-1.273934676391825,-1.6201824694464853,-1.108258071363681,-1.263335531510227,-0.287601744839533,-0.284271498356813,-0.845614668947304,-0.3654563058393889,14.302556267503997,-0.3149082627582557,-2.093914720089429,-1.4375039653426036,-1.7371876086298697,-1.7144349532022316,-2.061376790251348,-1.679131459426224,-1.6876511843094255,0.9502915712229676,0.5394865719682976,14.887368451695458,0.7770245379538855,-2.1686239600385258
-2.094221961120665,-1.8315057026231223,-1.395575414471153,-1.5848977872834114,0.2453273866674868,0.2489669095920433,-0.521673115390722,1.2852319950315705,14.60931767374374,-0.7368105707277622,1.279072183512537,-1.7095731835860315,-1.3265139463150135,-1.114088696360618,-0.8386396041583312,1.277341455005408,1.2739280153145889,0.0366516728299046,1.3253321251481434,14.714329950976415,-0.4096009771610789,0.912552064728445,-1.2640062072959817,-1.34500312465606,-1.5271394888281282,-1.599947825114744,-1.6193221203268149,-1.626373011045503,-0.0605131329519064,1.250144303393942,14.850650778853447,1.097941758559818,-0.3436766962400755
-1.8682208031272831,-1.7313065279675024,-1.5527481764810014,-1.3344385782719042,0.6566584777676322,0.6583824153352792,-0.3595359574537494,0.8830602936591758,14.875209099693487,-0.4021481746096148,0.1275170592273096,-1.0485071376297652,-1.191095879531355,-0.9513047848282892,-0.7400290435053607,1.1815720400549767,1.1770584970694395,-0.4834311358259334,0.2682757122633206,14.810538900088847,-0.7348362663129543,0.8418021368229623,-0.017783685488474,0.6362535278758195,0.3519464780229563,1.0111740048725024,1.9342741427997805,1.9178217169906349,0.099415478496721,0.4745759688772993,14.922355862159176,0.7739042914104024,0.8002665680943186
0.9980653539574303,1.1034038658187773,1.5027022941942818,1.2126272849665969,0.1408878841624911,0.1471309219508481,-0.0506387970076593,0.4860746997422974,15.002011921665703,-0.6159036436380767,0.4528980746372319,1.2531859411208093,1.299146663413271,1.3750429775808115,1.313935637063198,0.1713993358428273,0.1772687367321033,-0.9091370365012276,-1.1029338432640936,14.68042420246666,-0.180679069577929,-0.4891550947582858,1.4349103192888677,1.333952700718438,1.7126741346733754,1.4732240611798173,0.360671257487299,0.365459360835228,0.191385799248031,-1.314807510526204,14.811314996076916,-1.5922488332459692,-0.2001848042391459
1.2626537307014165,1.1495501093222145,1.252319030341636,1.107529294978549,-0.4075242804355072,-0.402773285907976,-1.3091178572889215,-1.9798733090384617,14.527283693420722,-0.8192375605882799,-1.31468273080804,1.1151947570123464,1.2683093653151185,1.2455415449178735,1.4399456739055452,0.7228691178093068,0.7232054104711764,0.424659997228535,-1.295212096447845,14.602376197667615,-0.410175316439525,1.051952995320114,1.2063638486876638,1.158324817152016,1.248014686243632,1.110159857000061,-0.3998554001588263,-0.394909278798602,0.7158303398847123,-0.611412269432743,14.720902513352865,-0.9980336967202686,0.1788825174874848
1.0256988312284117,1.686146162467496,0.9989911857743514,1.809359261300641,1.7249301794568594,1.721825031126076,1.3032235058648431,0.6812869102276738,14.938685694706145,2.425393589506884,2.5914120464287036,1.8557308202872609,1.6478882486593975,1.6851174729555625,1.5109461168264924,-0.811842218866202,-0.8142072831298309,-0.6981619398128153,0.088966766180805,14.819006348070635,0.3869635345878091,-0.9570329338185524,1.6458288940648484,1.4153475859587583,1.7619660355597058,1.429582035390416,-0.4598088685919396,-0.4584570041448026,-0.4254353211319805,-0.2223298157001273,14.751212075668883,-0.7696457311301274,0.2095423154308017
1.861838070990803,2.2761827725745136,1.9039364801491163,2.016000684017639,1.9565010679587136,1.951436908886462,2.645816880856864,2.6392806002241582,15.60813648504262,2.2080626874766223,1.2397030454950415,1.86635409948861,1.2374375818067922,1.4888393304205003,1.0274690558137995,-1.7046188249640972,-1.7229669123458489,-0.7301423924296336,0.9500802244049086,15.320720868307111,0.3122577792706121,-1.039263258692807,0.8462531137937436,0.9872975535649964,0.994115896767144,1.328889330600589,0.5416379510930353,0.546270166183328,-0.8100471151317279,-0.2741860105622102,14.977254441012496,0.6864464306736869,0.880796748951612
1.6733002647483826,1.1570105644508653,1.2498024573133135,0.8114930019288011,-0.9235343506163932,-0.9247340499768292,-0.4941559700370312,-0.6842648713861151,14.785873100571855,0.5885886492114683,-1.1477581349888974,0.852770916475445,0.6898963540586103,1.1982193762234268,1.163343121867377,0.3578750633094355,0.3636940147939119,-0.3576626973885968,-0.8950365281612476,14.692936129468764,-0.6465489779995357,0.0685958747674542,1.0048461991143598,0.736035398548703,1.3429587705640076,1.0503004156269955,-0.2958777080570696,-0.2900307916438507,-0.659127269646113,-1.2489399541260997,14.368476283165792,-0.933316993724196,-0.470501230865273
0.9839768598569923,0.6412985865076786,0.9366408412773968,0.5330087291640848,-0.8317669749140417,-0.8315845746066742,0.2149472025592,-0.9077192671611456,14.512799648958222,-0.5343161356571925,-0.2678540590024757,0.6361838097643622,0.20406976478144,0.7982834224094163,0.7146805583660422,0.1110989648427518,0.1176508471468707,0.2685136247234837,-0.5152999951562592,14.673197549664458,-0.7131519198345967,-0.2968284612677819,0.4597336189026587,-0.0906217475435066,0.3963231326425703,0.4648187999237793,-0.3260718944082402,-0.321456313852167,-0.5032479300780309,-0.7409662832007721,14.429506841402748,-0.4992589553716358,-0.3590902302136671
-0.1791142284884966,-0.9725758987009872,0.2708466624826245,0.2887500569349459,-0.2193052571518534,-0.2140287403183478,-0.2024738354425009,-0.697207873208565,14.359113681896687,-0.8734537779889965,-0.0117006128459026,0.3135372091371528,-0.0482630293785958,0.6278062659805657,0.7454839446808988,0.2896310661201213,0.2934139886289582,0.5713476682403441,-0.3454624717812661,14.351712073027686,-0.7347916868803999,-0.6073931830665066,0.3501381111749466,0.585856712128712,1.0835523096516364,0.1084495136078698,-0.5667312106211613,-0.5654310469025599,1.105458943340411,1.0491875252068454,14.47168302123285,-0.7965725870050163,-0.3060014358051209
-0.2277792782357346,0.1863063646155457,0.2181267914406201,1.3908155267945592,0.9157277895490838,0.9164776478399236,0.6299466512529133,1.8786084609098823,14.540205338494884,-0.0333063232844823,0.8542241384978528,1.0929844070423176,1.383684948992031,1.9297731093192136,1.4024589641347591,-0.331211804294504,-0.3293053598522323,1.1157654060747777,2.109208144616109,14.71530639396199,-1.664685581386422,-0.5460767389715789,1.2595456464069648,0.1255749027952938,-1.1274268537291718,-1.160937013933287,-1.7011658786941206,-1.704648283876382,-0.6946477337019448,1.212954909054849,14.595707073126784,1.880405187000874,-0.9699612343020636
-1.7304046358811709,-1.4609172681276357,-1.5950379117422813,-2.2525765942266913,-1.4566166066079067,-1.459607054876076,-0.0063332488782233,1.0297057869498407,14.629148660101508,0.938889258493172,1.698177030760765,-2.0221310586211576,-2.0354270181693854,-1.218985282232532,-1.4610341065621106,0.5954407317442625,0.5960674918206299,-1.4656515402277217,-0.1237029415176953,14.376554468504128,-0.9628266206150158,1.5090867372050178,-0.5662196723799071,-0.2801837424228275,-1.7755115217431143,-0.0278808936116761,1.4990178592015462,1.4937016989277132,2.6427600590068616,2.1759540984613785,15.099080093607997,2.28067094867013,1.843202896496012
-0.4337018909452825,-0.0516959089148725,-0.0480613479705572,-0.6824708984942036,-0.6793074915759995,-0.6776642267434801,-1.2712570195778476,-0.2547148834115666,14.522561136789736,0.0144509950315016,-0.9209237753108716,0.4372921218967525,1.943467127919391,0.8966912138335258,0.2736873757827985,0.9346838639412132,0.9339384946619484,0.2821394324764935,0.109587098421488,14.706073551690404,1.0266381784159104,1.9909573634567264,0.9185308631984492,1.7298892419982963,0.8062359581895315,2.1282101460520377,1.9965725576372848,1.9867996245584565,0.4846980081196889,0.9003703020143026,14.980347757515108,1.2678819187723929,0.0092096559574422
2.284016519963536,1.974590862195409,1.7144794372680208,1.4486652290127655,-0.4566033410912347,-0.4543937229364843,-0.3528625366459478,0.3367291230413062,14.944523042375934,0.9555356436370236,1.001110596455257,0.808702667676636,0.4368776996274838,-1.3705063464494331,-1.3379678699455635,-2.2174169490083133,-2.2346969919102895,-0.0838807088208693,0.3513738785889355,15.01490318929335,2.2083457920750527,-2.024941338272845,-1.7667545078836635,-1.230337412025939,-1.2060679562856256,-0.7238404598410397,0.5104962084980782,0.5120626809209223,-0.5616893374866881,-0.4989146661349186,14.843486124763436,-0.2450931451705112,-0.6645215835873842
-1.696011426935799,-1.5302028438520805,-1.672472655581487,-1.476061095132682,-0.8471464997656208,-0.8411237837483726,0.0640468996237979,-0.145287368506908,14.957565723637687,0.0401125187721118,-0.1083441049936982,-1.4579289542684153,-1.6487893375230471,-1.8902921168896496,-1.4886667085138088,-0.2470680473171671,-0.2392139616775522,-0.2070918161047755,-0.2634228706634642,14.966494209695016,0.6545530366980884,-0.9895633277168684,-1.7300776501020008,-1.480149291588459,-1.6753809943914064,-1.7765253982562816,-0.878432840769137,-0.8743427357562582,0.2403502703986031,0.2960172810106931,15.1747936266822,1.0721010615708362,0.514533019490879
-1.3998433212503538,-1.717875542933985,-1.751095405522179,-1.8421267527206,-0.8971089685213665,-0.8959649077604012,0.5766498833119119,1.7227907712632002,15.337777298824088,0.8359949718003379,-0.9603446441642302,-1.4396103719739732,-1.5583052626902452,-1.4773062986673131,-1.4599076521316912,0.277386885012359,0.2837283465589427,-2.1196152870413494,-1.8898856434617697,14.848980054070717,0.1060764202403724,-0.4741554835059837,-1.4062692025685315,-1.405418701604429,-1.2563092548618495,-1.3468327264508928,-0.0661506772180317,-0.0593377241454142,-0.8251981000207586,-1.8905011037525736,14.68084520174834,-0.7103325570772935,0.6090539708433361
-1.2194444250056915,-1.156339301625244,-0.8957367932609069,-0.8009273740526176,1.6734053417796928,1.6583489301126793,0.0539248936280801,-1.409592041200659,14.678189942419657,-1.4309356144963774,-0.2538995019626153,-1.0549970076249136,-0.7567788945682499,-0.7626687994268065,-0.4127919739589776,1.053199684305996,1.0501923765991554,0.4082677593510813,-0.9131861351988602,14.749563012375184,-0.248469188120127,0.6851743320780447,-0.3044675132629793,-0.700295526028361,-0.3139692018881304,-0.400558626006193,0.0961863335466419,0.101528010647891,-0.2998013483282614,-0.8623389990139324,14.675569928505428,-1.4340984896468296,1.1385702926398602
-0.2170635577187639,-0.1019552580777946,0.302384759968645,0.322550733744475,1.2218404663926457,1.219484302762294,0.8991390095394166,-0.212856132643434,14.846664868023025,-1.0755051896519805,0.1927055671209918,0.2004493053935645,0.4474757175307681,1.0570741759336932,0.6101405542144508,0.2506660353116615,0.2554429566449728,-0.3900131203944806,-0.3312698865981732,14.770483781253295,-0.9779244515265152,0.4969023189040653,0.7953299074876815,0.362970572112117,0.9907723268340192,0.867792663643521,0.0594502845520909,0.064639813245546,2.594867652451734,2.2048675145897545,15.602827004903784,-0.9407453080255128,-0.2600773826874659
