feature_0,feature_1,feature_2,feature_3,feature_4,feature_5,feature_6,feature_7,feature_8,feature_9,feature_10,feature_11,feature_12,feature_13,feature_14
-0.0035401102861261,0.2669093114952987,0.0168521387252282,0.0199259515989722,0.2406990663155375,0.0212438003828087,0.006815061144419,-0.0403673973448595,0.0177785418894467,-0.0148917634973894,0.9060162470843722,0.0454616131846134,-0.0198503267452273,-0.3915180926258044,0.0326376593644712
0.0199259515989722,0.2406990663155375,0.0212438003828087,0.006815061144419,-0.0403673973448595,0.0177785418894467,-0.0148917634973894,0.9060162470843722,0.0454616131846134,-0.0198503267452273,-0.3915180926258044,0.0326376593644712,0.0024926052610074,-0.1450466382329484,0.0191888203777443
0.006815061144419,-0.0403673973448595,0.0177785418894467,-0.0148917634973894,0.9060162470843722,0.0454616131846134,-0.0198503267452273,-0.3915180926258044,0.0326376593644712,0.0024926052610074,-0.1450466382329484,0.0191888203777443,0.0018648358011414,0.0556456846203763,0.0159079901532867
-0.0148917634973894,0.9060162470843722,0.0454616131846134,-0.0198503267452273,-0.3915180926258044,0.0326376593644712,0.0024926052610074,-0.1450466382329484,0.0191888203777443,0.0018648358011414,0.0556456846203763,0.0159079901532867,-0.0193889249943539,0.1788458583064391,0.0352563604879045
-0.0198503267452273,-0.3915180926258044,0.0326376593644712,0.0024926052610074,-0.1450466382329484,0.0191888203777443,0.0018648358011414,0.0556456846203763,0.0159079901532867,-0.0193889249943539,0.1788458583064391,0.0352563604879045,0.0194558250025933,-0.1009353713782876,0.0246718548882633
0.0024926052610074,-0.1450466382329484,0.0191888203777443,0.0018648358011414,0.0556456846203763,0.0159079901532867,-0.0193889249943539,0.1788458583064391,0.0352563604879045,0.0194558250025933,-0.1009353713782876,0.0246718548882633,0.0108612910520984,0.1022257666932502,0.0191269139094108
0.0018648358011414,0.0556456846203763,0.0159079901532867,-0.0193889249943539,0.1788458583064391,0.0352563604879045,0.0194558250025933,-0.1009353713782876,0.0246718548882633,0.0108612910520984,0.1022257666932502,0.0191269139094108,-0.0047584453194141,-0.4788857462342959,0.0117609791787905
