index,subsequence_idx,score
9,9,2.58411
99,99,2.41292
129,129,3.27321
130,130,3.60842
131,131,3.59048
144,144,2.55723
271,271,2.36168
292,292,2.95196
356,356,2.66824
404,404,2.664
405,405,2.63387
467,467,2.55898
469,469,2.78187
488,488,2.85014
489,489,2.61419
491,491,2.40309
536,536,2.48641
