index,subsequence_idx,score
6,6,2.91646
13,13,2.39956
24,24,3.37651
35,35,3.27974
43,43,2.46124
46,46,2.59715
57,57,2.39455
59,59,2.4221
70,70,2.6997
95,95,3.23056
117,117,2.43236
141,141,2.90999
