index,subsequence_idx,score
6,6,2.90391
24,24,3.42115
35,35,3.3026
43,43,2.3639
46,46,2.76742
59,59,2.47317
70,70,2.57259
95,95,3.33024
141,141,3.06956
