index,subsequence_idx,score
6,6,3.01851
24,24,3.45179
35,35,3.28002
46,46,2.72404
57,57,2.40867
59,59,2.50236
70,70,2.46289
95,95,3.31238
141,141,3.0525
