index,subsequence_idx,score
6,6,2.93282
24,24,3.40942
35,35,3.24029
46,46,2.66334
59,59,2.47677
70,70,2.49474
95,95,3.2035
141,141,2.86657
