index,subsequence_idx,score
6,6,2.85316
43,43,2.43819
59,59,3.19362
70,70,2.59022
95,95,2.62103
133,133,2.36563
