index,subsequence_idx,score
6,6,2.92289
13,13,2.39197
24,24,3.39294
35,35,3.35262
43,43,2.55937
46,46,2.57863
57,57,2.41865
59,59,2.46249
70,70,2.71632
95,95,3.26818
117,117,2.42139
141,141,2.91406
