feature_0,feature_1,feature_2,feature_3,feature_4,feature_5,feature_6,feature_7,feature_8,feature_9,feature_10,feature_11,feature_12,feature_13,feature_14
-0.0077045235367262,0.0748477975408856,0.0255793638427137,0.0098454790272004,-0.4398045313194135,0.0088622803221681,0.0069753284063733,0.2299762093576527,0.0146532131222184,0.0092884270827722,0.7811089619600258,0.0196810040067489,-0.0026517559054388,0.6374660633484164,0.010836256536732
0.0098454790272004,-0.4398045313194135,0.0088622803221681,0.0069753284063733,0.2299762093576527,0.0146532131222184,0.0092884270827722,0.7811089619600258,0.0196810040067489,-0.0026517559054388,0.6374660633484164,0.010836256536732,0.0172035913382113,-0.5504034486570133,0.0202036170141835
0.0069753284063733,0.2299762093576527,0.0146532131222184,0.0092884270827722,0.7811089619600258,0.0196810040067489,-0.0026517559054388,0.6374660633484164,0.010836256536732,0.0172035913382113,-0.5504034486570133,0.0202036170141835,-0.0006918212895506,-0.165580823601721,0.0334480028080177
0.0092884270827722,0.7811089619600258,0.0196810040067489,-0.0026517559054388,0.6374660633484164,0.010836256536732,0.0172035913382113,-0.5504034486570133,0.0202036170141835,-0.0006918212895506,-0.165580823601721,0.0334480028080177,-0.0210016658941248,0.7735710076605775,0.0362205205001231
-0.0026517559054388,0.6374660633484164,0.010836256536732,0.0172035913382113,-0.5504034486570133,0.0202036170141835,-0.0006918212895506,-0.165580823601721,0.0334480028080177,-0.0210016658941248,0.7735710076605775,0.0362205205001231,0.0020430315815478,-0.1240966857712434,0.0174899045613417
0.0172035913382113,-0.5504034486570133,0.0202036170141835,-0.0006918212895506,-0.165580823601721,0.0334480028080177,-0.0210016658941248,0.7735710076605775,0.0362205205001231,0.0020430315815478,-0.1240966857712434,0.0174899045613417,0.0045484693582347,0.0410621147463252,0.0175411264462498
-0.0006918212895506,-0.165580823601721,0.0334480028080177,-0.0210016658941248,0.7735710076605775,0.0362205205001231,0.0020430315815478,-0.1240966857712434,0.0174899045613417,0.0045484693582347,0.0410621147463252,0.0175411264462498,-0.0089774761875977,0.126981235197668,0.0187975498316003
-0.0210016658941248,0.7735710076605775,0.0362205205001231,0.0020430315815478,-0.1240966857712434,0.0174899045613417,0.0045484693582347,0.0410621147463252,0.0175411264462498,-0.0089774761875977,0.126981235197668,0.0187975498316003,0.0086648100949862,-0.4548173294536048,0.0164051330624327
