feature_0,feature_1,feature_2,feature_3,feature_4,feature_5,feature_6,feature_7,feature_8,feature_9,feature_10,feature_11,feature_12,feature_13,feature_14
-0.0001611388486576,-0.1893746011486917,0.0181083714504965,0.01933928138129,0.1366856917929542,0.0220789516314209,-0.0001581680677071,-0.1212016275647129,0.0138534863448111,0.0001581930888023,0.2460841296423996,0.010516250240014,0.0091699704153818,0.3817693098268637,0.0264036881758278
0.01933928138129,0.1366856917929542,0.0220789516314209,-0.0001581680677071,-0.1212016275647129,0.0138534863448111,0.0001581930888023,0.2460841296423996,0.010516250240014,0.0091699704153818,0.3817693098268637,0.0264036881758278,0.0111232415852104,0.7495136743334478,0.0636065123511141
-0.0001581680677071,-0.1212016275647129,0.0138534863448111,0.0001581930888023,0.2460841296423996,0.010516250240014,0.0091699704153818,0.3817693098268637,0.0264036881758278,0.0111232415852104,0.7495136743334478,0.0636065123511141,0.0034087137873419,-0.2213683040094185,0.032011500349149
0.0001581930888023,0.2460841296423996,0.010516250240014,0.0091699704153818,0.3817693098268637,0.0264036881758278,0.0111232415852104,0.7495136743334478,0.0636065123511141,0.0034087137873419,-0.2213683040094185,0.032011500349149,-0.03211853026828,-0.0430929480448569,0.0314102409702633
0.0091699704153818,0.3817693098268637,0.0264036881758278,0.0111232415852104,0.7495136743334478,0.0636065123511141,0.0034087137873419,-0.2213683040094185,0.032011500349149,-0.03211853026828,-0.0430929480448569,0.0314102409702633,0.0098914787018267,-0.2809112057235658,0.0301579614627303
0.0111232415852104,0.7495136743334478,0.0636065123511141,0.0034087137873419,-0.2213683040094185,0.032011500349149,-0.03211853026828,-0.0430929480448569,0.0314102409702633,0.0098914787018267,-0.2809112057235658,0.0301579614627303,-0.0055291964303924,-0.1690777024964902,0.0219430317508496
0.0034087137873419,-0.2213683040094185,0.032011500349149,-0.03211853026828,-0.0430929480448569,0.0314102409702633,0.0098914787018267,-0.2809112057235658,0.0301579614627303,-0.0055291964303924,-0.1690777024964902,0.0219430317508496,0.0039713933326162,0.3559097921104825,0.0096779410148414
-0.03211853026828,-0.0430929480448569,0.0314102409702633,0.0098914787018267,-0.2809112057235658,0.0301579614627303,-0.0055291964303924,-0.1690777024964902,0.0219430317508496,0.0039713933326162,0.3559097921104825,0.0096779410148414,-0.0142405346944435,-0.1303499837468847,0.02123216259287
