feature_0,feature_1,feature_2,feature_3,feature_4,feature_5,feature_6,feature_7,feature_8,feature_9,feature_10,feature_11,feature_12,feature_13,feature_14
0.001132210641807,0.060629194897732,0.0186051868993045,0.0100856124789556,-0.18495636265483,0.0112877075042379,0.0014851571791929,-0.0359140418015896,0.0090702709490645,0.0067304241825716,0.4261068702290076,0.0108165957133346,-0.0062548377476829,0.0167005673910716,0.0071047104183363
0.0100856124789556,-0.18495636265483,0.0112877075042379,0.0014851571791929,-0.0359140418015896,0.0090702709490645,0.0067304241825716,0.4261068702290076,0.0108165957133346,-0.0062548377476829,0.0167005673910716,0.0071047104183363,-0.0152565620100484,0.0246130356954827,0.0224155305044764
0.0014851571791929,-0.0359140418015896,0.0090702709490645,0.0067304241825716,0.4261068702290076,0.0108165957133346,-0.0062548377476829,0.0167005673910716,0.0071047104183363,-0.0152565620100484,0.0246130356954827,0.0224155305044764,-0.0079896533812029,0.0922847673612003,0.0301306053504668
0.0067304241825716,0.4261068702290076,0.0108165957133346,-0.0062548377476829,0.0167005673910716,0.0071047104183363,-0.0152565620100484,0.0246130356954827,0.0224155305044764,-0.0079896533812029,0.0922847673612003,0.0301306053504668,-0.0341768247070138,0.8099729507232742,0.0288346073601687
-0.0062548377476829,0.0167005673910716,0.0071047104183363,-0.0152565620100484,0.0246130356954827,0.0224155305044764,-0.0079896533812029,0.0922847673612003,0.0301306053504668,-0.0341768247070138,0.8099729507232742,0.0288346073601687,0.0203519612368043,-0.3322114072591648,0.0297759218738248
-0.0152565620100484,0.0246130356954827,0.0224155305044764,-0.0079896533812029,0.0922847673612003,0.0301306053504668,-0.0341768247070138,0.8099729507232742,0.0288346073601687,0.0203519612368043,-0.3322114072591648,0.0297759218738248,0.0115600847962695,-0.0764979469515636,0.0177866710894208
-0.0079896533812029,0.0922847673612003,0.0301306053504668,-0.0341768247070138,0.8099729507232742,0.0288346073601687,0.0203519612368043,-0.3322114072591648,0.0297759218738248,0.0115600847962695,-0.0764979469515636,0.0177866710894208,0.0105850303206889,-0.3362272420768711,0.0108980439560172
-0.0341768247070138,0.8099729507232742,0.0288346073601687,0.0203519612368043,-0.3322114072591648,0.0297759218738248,0.0115600847962695,-0.0764979469515636,0.0177866710894208,0.0105850303206889,-0.3362272420768711,0.0108980439560172,0.0003012580067625,-0.1737777777777778,0.010553005822962
