feature_0,feature_1,feature_2,feature_3,feature_4,feature_5,feature_6,feature_7,feature_8,feature_9,feature_10,feature_11,feature_12,feature_13,feature_14
0.0127914624925262,0.0713301849665486,0.0227469107423291,-0.0144059914093881,-0.0414179447148498,0.0242803389035921,0.0209569766068962,0.1586510825828702,0.0241333007812499,-0.0456952072027716,0.5038862245741691,0.0536240277531449,-0.0108234434740311,0.007147569826259,0.0442949793148645
-0.0144059914093881,-0.0414179447148498,0.0242803389035921,0.0209569766068962,0.1586510825828702,0.0241333007812499,-0.0456952072027716,0.5038862245741691,0.0536240277531449,-0.0108234434740311,0.007147569826259,0.0442949793148645,0.002423975389949,-0.3355715689485752,0.0231119996141087
0.0209569766068962,0.1586510825828702,0.0241333007812499,-0.0456952072027716,0.5038862245741691,0.0536240277531449,-0.0108234434740311,0.007147569826259,0.0442949793148645,0.002423975389949,-0.3355715689485752,0.0231119996141087,0.0044213418481324,-0.1264481143702243,0.0143573851403339
-0.0456952072027716,0.5038862245741691,0.0536240277531449,-0.0108234434740311,0.007147569826259,0.0442949793148645,0.002423975389949,-0.3355715689485752,0.0231119996141087,0.0044213418481324,-0.1264481143702243,0.0143573851403339,-0.0187770786115986,0.0242663656884876,0.0217917504521836
-0.0108234434740311,0.007147569826259,0.0442949793148645,0.002423975389949,-0.3355715689485752,0.0231119996141087,0.0044213418481324,-0.1264481143702243,0.0143573851403339,-0.0187770786115986,0.0242663656884876,0.0217917504521836,0.0044160269624142,-0.027089072543618,0.0180167729471892
0.002423975389949,-0.3355715689485752,0.0231119996141087,0.0044213418481324,-0.1264481143702243,0.0143573851403339,-0.0187770786115986,0.0242663656884876,0.0217917504521836,0.0044160269624142,-0.027089072543618,0.0180167729471892,-0.0007675873313092,-0.1714959886739028,0.0184563724382136
0.0044213418481324,-0.1264481143702243,0.0143573851403339,-0.0187770786115986,0.0242663656884876,0.0217917504521836,0.0044160269624142,-0.027089072543618,0.0180167729471892,-0.0007675873313092,-0.1714959886739028,0.0184563724382136,0.0083811868194583,-0.0517202096149465,0.0218583120398796
-0.0187770786115986,0.0242663656884876,0.0217917504521836,0.0044160269624142,-0.027089072543618,0.0180167729471892,-0.0007675873313092,-0.1714959886739028,0.0184563724382136,0.0083811868194583,-0.0517202096149465,0.0218583120398796,-0.0011775283858176,0.2239308024987987,0.0136326363154288
