feature_0,feature_1,feature_2,feature_3,feature_4,feature_5,feature_6,feature_7,feature_8,feature_9,feature_10,feature_11,feature_12,feature_13,feature_14
-0.0449946149360086,1.0057958255383146,0.0561025694591095,-0.0201780974317923,-0.2366678858814923,0.0258455288757686,0.0039397505510621,-0.4073408562735091,0.0258333576259329,-0.0217629923298317,0.5558070905930388,0.0594089106875523,0.017792650020737,-0.2304474354310658,0.0240502810881178
-0.0201780974317923,-0.2366678858814923,0.0258455288757686,0.0039397505510621,-0.4073408562735091,0.0258333576259329,-0.0217629923298317,0.5558070905930388,0.0594089106875523,0.017792650020737,-0.2304474354310658,0.0240502810881178,0.0350255859717092,0.3710706688726068,0.0252505817718025
0.0039397505510621,-0.4073408562735091,0.0258333576259329,-0.0217629923298317,0.5558070905930388,0.0594089106875523,0.017792650020737,-0.2304474354310658,0.0240502810881178,0.0350255859717092,0.3710706688726068,0.0252505817718025,-0.0336120010434843,-0.1341640603836776,0.0421463013481058
-0.0217629923298317,0.5558070905930388,0.0594089106875523,0.017792650020737,-0.2304474354310658,0.0240502810881178,0.0350255859717092,0.3710706688726068,0.0252505817718025,-0.0336120010434843,-0.1341640603836776,0.0421463013481058,-0.0362976607149282,0.3259193947495662,0.0607183671856444
0.017792650020737,-0.2304474354310658,0.0240502810881178,0.0350255859717092,0.3710706688726068,0.0252505817718025,-0.0336120010434843,-0.1341640603836776,0.0421463013481058,-0.0362976607149282,0.3259193947495662,0.0607183671856444,0.0231148078251286,-0.2626024282466001,0.0270955662818471
0.0350255859717092,0.3710706688726068,0.0252505817718025,-0.0336120010434843,-0.1341640603836776,0.0421463013481058,-0.0362976607149282,0.3259193947495662,0.0607183671856444,0.0231148078251286,-0.2626024282466001,0.0270955662818471,-0.0265260662554374,0.282202699557831,0.0308772993571879
-0.0336120010434843,-0.1341640603836776,0.0421463013481058,-0.0362976607149282,0.3259193947495662,0.0607183671856444,0.0231148078251286,-0.2626024282466001,0.0270955662818471,-0.0265260662554374,0.282202699557831,0.0308772993571879,0.0947625364927835,1.1405494929328222,0.0636663754595534
-0.0362976607149282,0.3259193947495662,0.0607183671856444,0.0231148078251286,-0.2626024282466001,0.0270955662818471,-0.0265260662554374,0.282202699557831,0.0308772993571879,0.0947625364927835,1.1405494929328222,0.0636663754595534,0.0548556542984273,-0.3017838026900126,0.0563837095748546
