feature_0,feature_1,feature_2,feature_3,feature_4,feature_5,feature_6,feature_7,feature_8,feature_9,feature_10,feature_11,feature_12,feature_13,feature_14
-0.0070896684843348,0.0738482384823848,0.0192787934225686,0.0124955088629674,0.2450052576235541,0.0138691101710176,0.0070521703220758,-0.3243243243243243,0.0087935278690266,-0.007002785486099,0.3905,0.0191489004811794,0.0045838836210405,0.1405969075871989,0.0095003679464761
0.0124955088629674,0.2450052576235541,0.0138691101710176,0.0070521703220758,-0.3243243243243243,0.0087935278690266,-0.007002785486099,0.3905,0.0191489004811794,0.0045838836210405,0.1405969075871989,0.0095003679464761,-0.017550046156835,0.1557377049180328,0.038406305505487
0.0070521703220758,-0.3243243243243243,0.0087935278690266,-0.007002785486099,0.3905,0.0191489004811794,0.0045838836210405,0.1405969075871989,0.0095003679464761,-0.017550046156835,0.1557377049180328,0.038406305505487,-0.0303679223047558,0.030823786142935,0.0275605124992425
-0.007002785486099,0.3905,0.0191489004811794,0.0045838836210405,0.1405969075871989,0.0095003679464761,-0.017550046156835,0.1557377049180328,0.038406305505487,-0.0303679223047558,0.030823786142935,0.0275605124992425,-0.0298451938595543,0.1931727970362529,0.0238094819541679
0.0045838836210405,0.1405969075871989,0.0095003679464761,-0.017550046156835,0.1557377049180328,0.038406305505487,-0.0303679223047558,0.030823786142935,0.0275605124992425,-0.0298451938595543,0.1931727970362529,0.0238094819541679,0.022028097814543,-0.3592814371257484,0.0261562000003326
-0.017550046156835,0.1557377049180328,0.038406305505487,-0.0303679223047558,0.030823786142935,0.0275605124992425,-0.0298451938595543,0.1931727970362529,0.0238094819541679,0.022028097814543,-0.3592814371257484,0.0261562000003326,0.0026012146709737,-0.0109034267912772,0.0182427311982011
-0.0303679223047558,0.030823786142935,0.0275605124992425,-0.0298451938595543,0.1931727970362529,0.0238094819541679,0.022028097814543,-0.3592814371257484,0.0261562000003326,0.0026012146709737,-0.0109034267912772,0.0182427311982011,0.028910281607787,0.6099737532808398,0.0388060054154468
-0.0298451938595543,0.1931727970362529,0.0238094819541679,0.022028097814543,-0.3592814371257484,0.0261562000003326,0.0026012146709737,-0.0109034267912772,0.0182427311982011,0.028910281607787,0.6099737532808398,0.0388060054154468,0.035662869292047,-0.2169329420715139,0.0383788247626127
