feature_0,feature_1,feature_2,feature_3,feature_4,feature_5,feature_6,feature_7,feature_8,feature_9,feature_10,feature_11,feature_12,feature_13,feature_14
0.0136579575960731,-0.034965034965035,0.035565911620041,0.024532820200106,0.0972599637681159,0.0323727708573196,-0.0109181136254612,0.3111134041894541,0.0336906504477449,0.028223841899243,-0.0095230599716669,0.0292499542236328,-0.0046359119330817,-0.1860150973381009,0.0258864011170682
0.024532820200106,0.0972599637681159,0.0323727708573196,-0.0109181136254612,0.3111134041894541,0.0336906504477449,0.028223841899243,-0.0095230599716669,0.0292499542236328,-0.0046359119330817,-0.1860150973381009,0.0258864011170682,0.0093148197803225,-0.2289144865286997,0.029146604603831
-0.0109181136254612,0.3111134041894541,0.0336906504477449,0.028223841899243,-0.0095230599716669,0.0292499542236328,-0.0046359119330817,-0.1860150973381009,0.0258864011170682,0.0093148197803225,-0.2289144865286997,0.029146604603831,-0.0264722116512756,0.0860868464362578,0.0432439719412938
0.028223841899243,-0.0095230599716669,0.0292499542236328,-0.0046359119330817,-0.1860150973381009,0.0258864011170682,0.0093148197803225,-0.2289144865286997,0.029146604603831,-0.0264722116512756,0.0860868464362578,0.0432439719412938,-0.0313085481910512,0.2806853945681316,0.0565375401103455
-0.0046359119330817,-0.1860150973381009,0.0258864011170682,0.0093148197803225,-0.2289144865286997,0.029146604603831,-0.0264722116512756,0.0860868464362578,0.0432439719412938,-0.0313085481910512,0.2806853945681316,0.0565375401103455,0.0097861977392703,0.4160371347956675,0.0452894576139894
0.0093148197803225,-0.2289144865286997,0.029146604603831,-0.0264722116512756,0.0860868464362578,0.0432439719412938,-0.0313085481910512,0.2806853945681316,0.0565375401103455,0.0097861977392703,0.4160371347956675,0.0452894576139894,-0.0951287181442932,0.6676308008741483,0.1052180969152837
-0.0264722116512756,0.0860868464362578,0.0432439719412938,-0.0313085481910512,0.2806853945681316,0.0565375401103455,0.0097861977392703,0.4160371347956675,0.0452894576139894,-0.0951287181442932,0.6676308008741483,0.1052180969152837,0.0339627518247498,-0.4452495663904413,0.0500214084056206
-0.0313085481910512,0.2806853945681316,0.0565375401103455,0.0097861977392703,0.4160371347956675,0.0452894576139894,-0.0951287181442932,0.6676308008741483,0.1052180969152837,0.0339627518247498,-0.4452495663904413,0.0500214084056206,-0.021807276757107,-0.4235392204543875,0.0271403850154342
