feature_0,feature_1,feature_2,feature_3,feature_4,feature_5,feature_6,feature_7,feature_8
0.0077134085623287,0.0722985481827924,0.0131444968774211,-0.0143015223673266,0.2658791458427987,0.0198770745054944,-0.0047001029075656,-0.2722704759170196,0.0157993232811882
-0.0143015223673266,0.2658791458427987,0.0198770745054944,-0.0047001029075656,-0.2722704759170196,0.0157993232811882,0.0208397361973049,0.4438745314657724,0.0104303673852848
-0.0047001029075656,-0.2722704759170196,0.0157993232811882,0.0208397361973049,0.4438745314657724,0.0104303673852848,0.0008044468995995,0.2850799289520427,0.0152501015727132
0.0208397361973049,0.4438745314657724,0.0104303673852848,0.0008044468995995,0.2850799289520427,0.0152501015727132,0.012057924217387,-0.2658550847908139,0.0136752202321269
0.0008044468995995,0.2850799289520427,0.0152501015727132,0.012057924217387,-0.2658550847908139,0.0136752202321269,0.0111198878436598,0.0556118754525705,0.0189898190290658
0.012057924217387,-0.2658550847908139,0.0136752202321269,0.0111198878436598,0.0556118754525705,0.0189898190290658,-0.0216024845576674,-0.2168335848538893,0.0227158727988423
0.0111198878436598,0.0556118754525705,0.0189898190290658,-0.0216024845576674,-0.2168335848538893,0.0227158727988423,0.0047169934121049,0.2714373302969257,0.0113146813091143
-0.0216024845576674,-0.2168335848538893,0.0227158727988423,0.0047169934121049,0.2714373302969257,0.0113146813091143,0.0145839484124594,-0.2450399559107192,0.0182107858489117
