feature_0,feature_1,feature_2,feature_3,feature_4,feature_5,feature_6,feature_7,feature_8
0.01177948553717,-0.1582036982682712,0.0164761188597594,-0.0059042851392568,-0.0346582984658297,0.0125115924005616,-0.0147231701023433,0.615690240554793,0.0182978853266286
-0.0059042851392568,-0.0346582984658297,0.0125115924005616,-0.0147231701023433,0.615690240554793,0.0182978853266286,-0.0221599366606565,0.0676026111061431,0.0335752054356348
-0.0147231701023433,0.615690240554793,0.0182978853266286,-0.0221599366606565,0.0676026111061431,0.0335752054356348,0.0013892817392877,0.9547700812463356,0.012957412990036
-0.0221599366606565,0.0676026111061431,0.0335752054356348,0.0013892817392877,0.9547700812463356,0.012957412990036,0.0132662509934446,-0.3840731853629274,0.0151936099614801
0.0013892817392877,0.9547700812463356,0.012957412990036,0.0132662509934446,-0.3840731853629274,0.0151936099614801,0.0044498009986457,-0.4984869038923093,0.0171551539980133
0.0132662509934446,-0.3840731853629274,0.0151936099614801,0.0044498009986457,-0.4984869038923093,0.0171551539980133,-0.0053672194036431,0.232903315300319,0.0141972251638987
0.0044498009986457,-0.4984869038923093,0.0171551539980133,-0.0053672194036431,0.232903315300319,0.0141972251638987,-0.0168736508279422,1.0109698469846986,0.0204402189838763
-0.0053672194036431,0.232903315300319,0.0141972251638987,-0.0168736508279422,1.0109698469846986,0.0204402189838763,0.0159435400254093,-0.3650376255350099,0.0147821497230421
