feature_0,feature_1,feature_2,feature_3,feature_4,feature_5,feature_6,feature_7,feature_8
0.0128254251269441,0.0837567899071316,0.0129493267042174,-0.0062675326419343,-0.2300727566693613,0.0144270920739592,0.0006434923707236,-0.0755984880302393,0.0126369527914138
-0.0062675326419343,-0.2300727566693613,0.0144270920739592,0.0006434923707236,-0.0755984880302393,0.0126369527914138,-0.0023153616597302,0.180145388459791,0.0153388807212188
0.0006434923707236,-0.0755984880302393,0.0126369527914138,-0.0023153616597302,0.180145388459791,0.0153388807212188,-0.0137313481705444,1.8032723772858517,0.0166492434817084
-0.0023153616597302,0.180145388459791,0.0153388807212188,-0.0137313481705444,1.8032723772858517,0.0166492434817084,0.0064710775203387,-0.5341619171873927,0.0130718954248369
-0.0137313481705444,1.8032723772858517,0.0166492434817084,0.0064710775203387,-0.5341619171873927,0.0130718954248369,-0.0058449927473095,0.1615566037735849,0.016227487372478
0.0064710775203387,-0.5341619171873927,0.0130718954248369,-0.0058449927473095,0.1615566037735849,0.016227487372478,-0.003854124118152,-0.1148477157360405,0.0149450541943688
-0.0058449927473095,0.1615566037735849,0.016227487372478,-0.003854124118152,-0.1148477157360405,0.0149450541943688,0.0126564925541292,-0.0712544802867383,0.0161799975170843
-0.003854124118152,-0.1148477157360405,0.0149450541943688,0.0126564925541292,-0.0712544802867383,0.0161799975170843,0.002460914271618,0.0995677678295769,0.0133367698371906
