feature_0,feature_1,feature_2,feature_3,feature_4,feature_5,feature_6,feature_7,feature_8
0.0042760219008193,0.0462199928341096,0.0102513819879246,-0.0031145423684049,-0.2962328767123288,0.0171617327748206,-0.0073558278229344,0.2583941605839417,0.0124840653620499
-0.0031145423684049,-0.2962328767123288,0.0171617327748206,-0.0073558278229344,0.2583941605839417,0.0124840653620499,-0.0101593824903414,1.1264501160092806,0.0247686350477402
-0.0073558278229344,0.2583941605839417,0.0124840653620499,-0.0101593824903414,1.1264501160092806,0.0247686350477402,-0.0014489975207904,0.6809722979935746,0.0077647839841898
-0.0101593824903414,1.1264501160092806,0.0247686350477402,-0.0014489975207904,0.6809722979935746,0.0077647839841898,0.0271272783530711,-0.5617900544516967,0.0372738337916506
-0.0014489975207904,0.6809722979935746,0.0077647839841898,0.0271272783530711,-0.5617900544516967,0.0372738337916506,-0.0092222083092122,-0.3102369980250165,0.0118626867612495
0.0271272783530711,-0.5617900544516967,0.0372738337916506,-0.0092222083092122,-0.3102369980250165,0.0118626867612495,-0.0022577307848817,0.2637795275590551,0.0121844292666661
-0.0092222083092122,-0.3102369980250165,0.0118626867612495,-0.0022577307848817,0.2637795275590551,0.0121844292666661,0.0125050055513891,-0.3494760691022373,0.0141314607195507
-0.0022577307848817,0.2637795275590551,0.0121844292666661,0.0125050055513891,-0.3494760691022373,0.0141314607195507,0.0131346687166022,0.998693948628646,0.013237591069214
