{
  "anomalies": [
    {
      "anomaly_index": 47,
      "feature_importances": {
        "Close_0": 1.3150212331736361e-08,
        "Close_1": 1.2650049699468494e-08,
        "Close_2": 1.2491727683850334e-08,
        "High_0": 1.3441773178501314e-08,
        "High_1": 1.3156877647724388e-08,
        "High_2": 1.297177243705275e-08,
        "Low_0": 1.252733884117545e-08,
        "Low_1": 1.2395601067188155e-08,
        "Low_2": 1.1968970666546533e-08,
        "Open_0": 1.2826721593182194e-08,
        "Open_1": 1.2985357217600183e-08,
        "Open_2": 1.2457565148293383e-08,
        "Volume_0": 0.06501166672468543,
        "Volume_1": 0.7560540932881612,
        "Volume_2": 0.17893408695926977,
        "daily_return_0": 5.017740797249041e-16,
        "daily_return_1": 7.526611195873561e-16,
        "daily_return_2": 0.0,
        "daily_return_zscore_0": 2.8375324208443325e-13,
        "daily_return_zscore_1": 5.559656803351937e-13,
        "daily_return_zscore_2": 3.37443068614998e-13,
        "excess_return_0": 5.017740797249041e-16,
        "excess_return_1": 0.0,
        "excess_return_2": 0.0,
        "high_low_range_0": 5.017740797249041e-16,
        "high_low_range_1": 7.526611195873561e-16,
        "high_low_range_2": 0.0,
        "log_return_0": 5.017740797249041e-16,
        "log_return_1": 7.526611195873561e-16,
        "log_return_2": 0.0,
        "log_return_zscore_0": 2.8400412912429574e-13,
        "log_return_zscore_1": 5.554639062554688e-13,
        "log_return_zscore_2": 3.3769395565486047e-13,
        "log_volume_0": 8.279272315460917e-15,
        "log_volume_1": 1.0035481594498082e-14,
        "log_volume_2": 7.024837116148657e-15,
        "relative_volume_0": 1.5554996471472026e-14,
        "relative_volume_1": 9.031933435048274e-15,
        "relative_volume_2": 1.3046126072847506e-14,
        "relative_volume_zscore_0": 2.9178162736003174e-13,
        "relative_volume_zscore_1": 3.407046001332099e-13,
        "relative_volume_zscore_2": 2.2153325619854517e-13,
        "volume_change_0": 2.8099348464594628e-14,
        "volume_change_1": 5.996200252712604e-14,
        "volume_change_2": 1.731120575050919e-14,
        "volume_change_zscore_0": 2.217841432384076e-13,
        "volume_change_zscore_1": 1.6408012407004363e-13,
        "volume_change_zscore_2": 1.4927778871815897e-13
      }
    },
    {
      "anomaly_index": 56,
      "feature_importances": {
        "Close_0": 1.0723001882931892e-08,
        "Close_1": 1.0667339427183305e-08,
        "Close_2": 1.0894346571938099e-08,
        "High_0": 1.0920207544859534e-08,
        "High_1": 1.090938639183301e-08,
        "High_2": 1.1039153815937507e-08,
        "Low_0": 1.0562819195128805e-08,
        "Low_1": 1.046208006221309e-08,
        "Low_2": 1.0210284896191351e-08,
        "Open_0": 1.060042192178571e-08,
        "Open_1": 1.0801753343332279e-08,
        "Open_2": 1.0619954470815278e-08,
        "Volume_0": 0.10501858980152062,
        "Volume_1": 0.21099137034956564,
        "Volume_2": 0.6839899114352217,
        "daily_return_0": 1.4119642775249328e-16,
        "daily_return_1": 4.235892832574799e-16,
        "daily_return_2": 0.0,
        "daily_return_zscore_0": 1.3173626709307625e-13,
        "daily_return_zscore_1": 1.724008382857943e-13,
        "daily_return_zscore_2": 3.788300156599395e-13,
        "excess_return_0": 1.4119642775249328e-16,
        "excess_return_1": 0.0,
        "excess_return_2": 0.0,
        "high_low_range_0": 0.0,
        "high_low_range_1": 1.4119642775249328e-16,
        "high_low_range_2": 1.4119642775249328e-16,
        "log_return_0": 1.4119642775249328e-16,
        "log_return_1": 4.235892832574799e-16,
        "log_return_2": 0.0,
        "log_return_zscore_0": 1.3117148138206628e-13,
        "log_return_zscore_1": 1.7197724900253682e-13,
        "log_return_zscore_2": 3.793948013709495e-13,
        "log_volume_0": 7.483410670882145e-15,
        "log_volume_1": 9.46016065941705e-15,
        "log_volume_2": 6.918624959872171e-15,
        "relative_volume_0": 1.3413660636486863e-14,
        "relative_volume_1": 1.8214339180071635e-14,
        "relative_volume_2": 1.030733922593201e-14,
        "relative_volume_zscore_0": 2.332564986471189e-13,
        "relative_volume_zscore_1": 2.805573019442042e-13,
        "relative_volume_zscore_2": 2.989128375520283e-13,
        "volume_change_0": 2.7674499839488684e-14,
        "volume_change_1": 2.230903558489394e-14,
        "volume_change_2": 8.895374948407077e-15,
        "volume_change_zscore_0": 2.31279748658584e-13,
        "volume_change_zscore_1": 2.0176969525831291e-13,
        "volume_change_zscore_2": 2.0501721309662025e-13
      }
    },
    {
      "anomaly_index": 62,
      "feature_importances": {
        "Close_0": 1.3326177273245222e-08,
        "Close_1": 1.3329443788633523e-08,
        "Close_2": 1.3458214991987356e-08,
        "High_0": 1.3810211114128116e-08,
        "High_1": 1.3627948514698865e-08,
        "High_2": 1.3765731154978703e-08,
        "Low_0": 1.3039877990407179e-08,
        "Low_1": 1.2951585459411813e-08,
        "Low_2": 1.3032196013285907e-08,
        "Open_0": 1.3351531916717112e-08,
        "Open_1": 1.3258558943136777e-08,
        "Open_2": 1.3170150815193799e-08,
        "Volume_0": 0.43091295164727156,
        "Volume_1": 0.23661908872960075,
        "Volume_2": 0.3324677994985615,
        "daily_return_0": 1.8981436389688837e-16,
        "daily_return_1": 1.8981436389688837e-16,
        "daily_return_2": 0.0,
        "daily_return_zscore_0": 2.4637904433816107e-13,
        "daily_return_zscore_1": 3.240131191719884e-13,
        "daily_return_zscore_2": 2.4732811615764554e-13,
        "excess_return_0": 0.0,
        "excess_return_1": 0.0,
        "excess_return_2": 0.0,
        "high_low_range_0": 1.8981436389688837e-16,
        "high_low_range_1": 5.694430916906651e-16,
        "high_low_range_2": 0.0,
        "log_return_0": 1.8981436389688837e-16,
        "log_return_1": 1.8981436389688837e-16,
        "log_return_2": 0.0,
        "log_return_zscore_0": 2.461892299742642e-13,
        "log_return_zscore_1": 3.243927478997822e-13,
        "log_return_zscore_2": 2.46568858702058e-13,
        "log_volume_0": 5.694430916906651e-15,
        "log_volume_1": 3.037029822350214e-15,
        "log_volume_2": 5.8842452808035394e-15,
        "relative_volume_0": 2.524531039828615e-14,
        "relative_volume_1": 1.8981436389688835e-14,
        "relative_volume_2": 1.4615706020060403e-14,
        "relative_volume_zscore_0": 2.423929426963264e-13,
        "relative_volume_zscore_1": 2.0120322573070167e-13,
        "relative_volume_zscore_2": 1.5412926348427334e-13,
        "volume_change_0": 1.0648585814615436e-13,
        "volume_change_1": 1.1958304925503967e-14,
        "volume_change_2": 1.1388861833813302e-14,
        "volume_change_zscore_0": 3.557121179427688e-13,
        "volume_change_zscore_1": 6.985168591405492e-14,
        "volume_change_zscore_2": 7.535630246706468e-14
      }
    },
    {
      "anomaly_index": 70,
      "feature_importances": {
        "Close_0": 1.648058915569917e-08,
        "Close_1": 1.6433476101416765e-08,
        "Close_2": 1.6717485121565288e-08,
        "High_0": 1.669547403801842e-08,
        "High_1": 1.681789605225723e-08,
        "High_2": 1.6723996052921745e-08,
        "Low_0": 1.612039201699613e-08,
        "Low_1": 1.6066109014072124e-08,
        "Low_2": 1.5590653010945382e-08,
        "Open_0": 1.6152862743437583e-08,
        "Open_1": 1.656178074166725e-08,
        "Open_2": 1.6017719187062973e-08,
        "Volume_0": 0.1280084372434365,
        "Volume_1": 0.1435534977582373,
        "Volume_2": 0.728437868615285,
        "daily_return_0": 4.68884585658735e-16,
        "daily_return_1": 2.344422928293675e-16,
        "daily_return_2": 0.0,
        "daily_return_zscore_0": 1.5121527887494205e-13,
        "daily_return_zscore_1": 3.139182300985231e-13,
        "daily_return_zscore_2": 6.601894966074989e-13,