feature_0,feature_1,feature_2,feature_3,feature_4,feature_5,feature_6,feature_7,feature_8
0.0038893525332686,-0.4777428550544551,0.0079463315283745,0.0007044275008334,-0.3903428971308608,0.0079687787943099,0.0008798809747339,1.264003673094582,0.0070665405726299
0.0007044275008334,-0.3903428971308608,0.0079687787943099,0.0008798809747339,1.264003673094582,0.0070665405726299,0.007912101326408,0.5233218414114784,0.0120917482814337
0.0008798809747339,1.264003673094582,0.0070665405726299,0.007912101326408,0.5233218414114784,0.0120917482814337,0.009158267844648,0.122212607335419,0.0108856568846796
0.007912101326408,0.5233218414114784,0.0120917482814337,0.009158267844648,0.122212607335419,0.0108856568846796,-0.0014693014125262,0.7066848567530695,0.0129121941378001
0.009158267844648,0.122212607335419,0.0108856568846796,-0.0014693014125262,0.7066848567530695,0.0129121941378001,0.0043278802500048,-0.5606645118687659,0.0174042815891239
-0.0014693014125262,0.7066848567530695,0.0129121941378001,0.0043278802500048,-0.5606645118687659,0.0174042815891239,-0.001120376237056,-0.3289296732853414,0.012386317392601
