feature_0,feature_1,feature_2,feature_3,feature_4,feature_5,feature_6,feature_7,feature_8
0.0123844108224977,0.2359737939249553,0.0246613667855014,-0.0139675497801563,-0.6462991518889746,0.0192932184227554,-0.0043514165552573,1.456130790190736,0.0136079697270406
-0.0139675497801563,-0.6462991518889746,0.0192932184227554,-0.0043514165552573,1.456130790190736,0.0136079697270406,0.008090057627222,-0.219991124916796,0.0145184293373197
-0.0043514165552573,1.456130790190736,0.0136079697270406,0.008090057627222,-0.219991124916796,0.0145184293373197,-0.0028595539791906,-0.1413739155169961,0.0110532674301823
0.008090057627222,-0.219991124916796,0.0145184293373197,-0.0028595539791906,-0.1413739155169961,0.0110532674301823,0.0163737069732332,1.900612887195627,0.0266230583173654
-0.0028595539791906,-0.1413739155169961,0.0110532674301823,0.0163737069732332,1.900612887195627,0.0266230583173654,-0.0060070330005864,-0.4092284849523157,0.0137690468733628
0.0163737069732332,1.900612887195627,0.0266230583173654,-0.0060070330005864,-0.4092284849523157,0.0137690468733628,-0.013460354338433,0.1844369260512324,0.0257583023511564
