feature_0,feature_1,feature_2,feature_3,feature_4,feature_5,feature_6,feature_7,feature_8
0.0133834523937017,-0.1101771714098055,0.0128183207147196,-0.0095462588750101,-0.4891475982695955,0.0151141624964805,-0.010436645163583,1.8686785550983085,0.017055599884066
-0.0095462588750101,-0.4891475982695955,0.0151141624964805,-0.010436645163583,1.8686785550983085,0.017055599884066,0.0128173288336399,-0.1942873537568937,0.0179364459982108
-0.010436645163583,1.8686785550983085,0.017055599884066,0.0128173288336399,-0.1942873537568937,0.0179364459982108,-0.0200299079669284,0.2680419713227613,0.0275711806966676
0.0128173288336399,-0.1942873537568937,0.0179364459982108,-0.0200299079669284,0.2680419713227613,0.0275711806966676,-0.0152018539350524,0.4444382040001249,0.0344292999803206
-0.0200299079669284,0.2680419713227613,0.0275711806966676,-0.0152018539350524,0.4444382040001249,0.0344292999803206,-0.0071220881736465,-0.3405151557045588,0.0190172571399865
-0.0152018539350524,0.4444382040001249,0.0344292999803206,-0.0071220881736465,-0.3405151557045588,0.0190172571399865,-0.0147774546424583,0.2471322724979856,0.0229547331677307
