feature_0,feature_1,feature_2,feature_3,feature_4,feature_5,feature_6,feature_7,feature_8
-0.0245875620699083,0.5897919034480077,0.0554623722778287,-0.01929541571319,-0.6724055502434902,0.0246309043617141,0.0097538101944418,0.3428430823533404,0.0184252149789868
-0.01929541571319,-0.6724055502434902,0.0246309043617141,0.0097538101944418,0.3428430823533404,0.0184252149789868,-0.0087267963936846,0.0147322714842466,0.0179049627465757
0.0097538101944418,0.3428430823533404,0.0184252149789868,-0.0087267963936846,0.0147322714842466,0.0179049627465757,0.0066707735506774,-0.0485340891825719,0.0188466447083789
-0.0087267963936846,0.0147322714842466,0.0179049627465757,0.0066707735506774,-0.0485340891825719,0.0188466447083789,-0.0284587467011242,0.3775919163361736,0.0363620630985528
0.0066707735506774,-0.0485340891825719,0.0188466447083789,-0.0284587467011242,0.3775919163361736,0.0363620630985528,-0.0001069785337086,-0.2982059755210006,0.0219325888725678
-0.0284587467011242,0.3775919163361736,0.0363620630985528,-0.0001069785337086,-0.2982059755210006,0.0219325888725678,-0.0268363675180054,0.1847356065385563,0.0237058738627629
