feature_0,feature_1,feature_2,feature_3,feature_4,feature_5,feature_6,feature_7,feature_8
0.0040431694096358,-0.0052225814474011,0.0119181192882479,0.0091723311271096,-0.3976666666666666,0.0246160836187176,0.0039901988939756,0.6137244050913115,0.019700047105151
0.0091723311271096,-0.3976666666666666,0.0246160836187176,0.0039901988939756,0.6137244050913115,0.019700047105151,0.0057407140338432,0.17309670781893,0.0207449576732848
0.0039901988939756,0.6137244050913115,0.019700047105151,0.0057407140338432,0.17309670781893,0.0207449576732848,-0.0030735095710037,0.1496016955346049,0.0169753185053517
0.0057407140338432,0.17309670781893,0.0207449576732848,-0.0030735095710037,0.1496016955346049,0.0169753185053517,0.0094691686915422,1.0938334392879847,0.0202132349657757
-0.0030735095710037,0.1496016955346049,0.0169753185053517,0.0094691686915422,1.0938334392879847,0.0202132349657757,0.0200698369552621,-0.3598797668205004,0.0276869519803037
0.0094691686915422,1.0938334392879847,0.0202132349657757,0.0200698369552621,-0.3598797668205004,0.0276869519803037,0.0089821884260785,0.285822700754162,0.0183229640009012
