Date,open_std,high_std,low_std,close_std,daily_return_std,log_return_std,volume_change_std,relative_volume_std,log_volume,high_low_range_std,excess_return_std
2023-01-18,1.6363557855141313,1.5898676412049688,1.4618329312246925,0.9995696547510411,-0.9841350155837039,-0.9895931758111736,1.0190346894146909,0.0,18.059320570016148,-0.0346619023861975,0.0
2023-01-19,0.708620762939715,0.7549722520900702,0.9304868771966669,0.8460552003388715,-0.47424152922726936,-0.4726387125579239,-1.0335878424381428,0.0,17.880776419844135,-1.0846000127851998,0.0
2023-01-20,0.885596589673241,1.161396410387713,0.9013172050603716,1.5549729903558762,0.7383696107463202,0.7444955210786436,2.0467881764509466,0.0,18.200328306353796,0.32767525884746285,0.0
2023-01-23,1.653156733470491,2.111179870092804,1.8204080357632975,1.9672913791052982,1.5117496533320236,1.5069644327353962,0.07375335218621937,0.0,18.21930236591974,2.4485541616733117,0.0
2023-01-24,1.8004441397955309,1.5516675799237427,1.8509035541534475,1.8121690455665962,0.09152699489133526,0.09587638560643982,-1.1076006031571122,0.0,18.011736104289373,-0.8138690441871115,0.0
2023-01-25,1.5789073392857982,1.1560279535058282,1.2248454987225028,1.3536909362461211,-1.2182024570474441,-1.2219483752581897,-0.14624369992248196,0.0,18.002119773138816,0.14756001652012352,0.0
2023-01-26,1.7347579996455977,1.3393434063915786,1.6600588603142272,1.5100783121887549,0.7213926290712568,0.7236236034594281,-0.9282725725441615,0.0,17.80643902772674,-1.252376568550485,0.0
2023-01-27,1.3574504554403715,1.6516210166312713,1.551016638556094,1.574924994525612,0.47943642505037876,0.482089550018733,1.3972646594343552,0.0,18.071914458254852,0.5771124651077334,0.0
2023-01-30,1.4904135167890384,1.0389901595601618,1.2426453299929854,0.7013592441458119,-1.960474646776289,-1.9727880654625463,-0.6051236587757777,-0.18110941273795592,17.974632690874326,-0.8638526225211669,0.0
2023-01-31,0.7418599766973669,0.5707941909504766,0.8961745189519468,0.8482971798098222,0.22231483671763677,0.227097728134982,0.050180694503854914,-0.11333588881559283,18.00326198984455,-1.2478988012495569,-1.2575386290903123
2023-02-01,0.8870083497221196,0.9928272091762069,0.49093045015286524,0.9886332434950267,0.04053276984960212,0.04597764875288796,0.7544120294585779,1.006823743271838,18.167897249979816,1.4532339630843443,-0.6921489567468598
2023-02-02,1.7941151493608938,1.9051682898652869,1.9209136384443357,2.090243800541139,1.6825485064983428,1.6623834382913834,1.7706575340550392,2.3926658970116907,18.58906395339926,-0.5605735775656231,1.9004685866970694
2023-02-03,1.3912965229215122,2.362735280156045,1.596735684034806,2.167212661942243,0.809855591600159,0.8088588897312717,0.9236176533777991,2.2005803293569626,18.85478060938106,2.367052703686066,2.015234671317402
2023-02-06,2.000372788396252,1.1483645576792023,1.822122910750156,1.217121063247313,-1.4331702138228735,-1.441366294299338,-1.8796932450195512,-0.7368615936624526,18.061979476978514,-0.7192410607323765,-1.1496800731547419
2023-02-07,1.222296640100902,1.2638309289820122,1.393556786795608,1.4540766031851693,0.6032332674325259,0.6065278122861778,0.4049106723820206,-0.3265742419199328,18.238230390864523,0.20854773394255793,0.11537687220564793
2023-02-08,1.5991678762314436,0.9421379599245431,1.2652128261853814,0.7256454250788308,-1.2652638195194683,-1.2690764122764606,-0.8825631036047371,-0.9113174269176217,17.97626846087594,-0.29104978772239826,-0.7494909438569813
2023-02-09,1.2593510626405873,0.726493135473587,0.886597022962345,0.36414568744538545,-0.5962298672671852,-0.5911060310293239,-0.5766102761012785,-1.1124642006375265,17.840989044231957,-0.130344757239669,-0.160948511206037
2023-02-10,0.19358692233147076,0.04123636740253186,0.5071370797757172,0.3376116676900315,-0.06632601603993624,-0.05774722731812702,8.104932471530094e-05,-0.8941128451582643,17.866437764099306,-0.7970651913671238,-0.20137967335081128
2023-02-13,0.4325569853735381,0.5483665761837757,0.7781883382562024,0.885279719534983,0.6178478692924492,0.6220721409974422,0.1324860820550389,-0.6769012501893485,17.94584949648718,-0.3044225952795776,0.1909836985051375
2023-02-14,0.6126683889312923,0.2582687929041379,0.6240863429566518,0.5783157014363146,-0.5714984090763057,-0.566843635062873,-0.15961349793479207,-0.6165684338983335,17.93791767415672,-0.5357432865071965,-0.6232436655514896
2023-02-15,0.9160254990177559,0.8487880327128533,1.7604464911554172,1.5238511512696604,0.3757470149474744,0.3828199587768013,0.11810745176821069,-0.39192360000567045,17.99868679914288,-0.5500011406403971,0.3550857218977071
2023-02-16,0.9172933285920222,1.1200568159011515,1.6258893831255001,0.4610158342332238,-0.7915037685141355,-0.7898485731903157,0.2527566054583236,-0.009091999259656251,18.037484352194543,-0.38667103104866996,-0.0727863429081472
2023-02-17,0.1428748622477815,-0.7373103455365038,-0.13651246353513663,-0.1530960131124904,-0.46386252039788556,-0.46015250294235926,-0.325596804479984,0.866336502411805,17.895487413914086,-1.09923729896899,-0.7202795249861318
2023-02-21,-1.106167559613775,-1.582598274427757,-1.621601756257369,-1.9514983824216006,-1.6060510986754941,-1.6199811836008455,0.04211677033153501,0.8832093971031092,17.89079463443502,-0.20201353649929127,-1.1966271357358995
2023-02-22,-1.6235634781418797,-1.720383613995481,-1.7690164618109008,-1.3688752126142292,0.46942911064339904,0.4742152389094561,-0.8653126030514453,0.35719753809078386,17.747557754376846,-0.105431320705134,0.6256589406879557
2023-02-23,-0.769344552063678,-1.2153400495607487,-1.3509382462840036,-0.9806364018767142,0.3673897485092603,0.371649289931466,-0.32481719966073846,0.05826848152621386,17.694890550458997,0.5274483936085167,-0.5572006535302921
2023-02-24,-1.8124022505726738,-1.8267309339050988,-1.5549284379208776,-1.6264338218754293,-1.1155888101713685,-1.1166943441107127,1.6005344536789425,1.248200573786088,17.831345698928207,-2.029480845175134,-1.2223593000628141
2023-02-27,-1.3048598245836371,-0.9839914136149939,-0.7737394836954026,-1.0184894069116852,0.7198205168765887,0.7213326381011108,-1.582724318992082,-1.0062843220824957,17.622139736068654,-1.4087757560453926,0.699895256542084
2023-02-28,-1.2769589224348104,-0.831045343842538,-0.8321493388216398,-0.9701844678471342,0.06172576267147305,0.06707323617306334,1.2281472599091998,0.5155032220633496,17.7384141742722,-0.3633686550277327,-0.04946769320212664
2023-03-01,-1.103289066328779,-1.1636084727878468,-1.2021527816793083,-1.3151366057256773,-0.7183883518149838,-0.7152948105722695,0.8628253119346647,1.6524354287104002,17.831515146759962,-0.26693792437850206,-1.3355562856005498
2023-03-02,-1.6006373519884096,-1.1220280991488134,-1.3319288700025622,-1.0050458379821174,0.9163146601211888,0.9145350550063135,-0.36219438214583366,0.9128520373859245,17.771322690816895,0.8077299501472079,-0.2548693764634679
2023-03-03,-0.1003467388114,0.7843182497849193,0.1790827411479559,1.1899856255241896,2.1532538442715072,2.1331263093972153,2.0487384421699124,2.523297992295527,18.074412900647584,1.8223141342434583,2.328989830792783
2023-03-06,2.1188958571016383,2.3105423747468743,2.4307692895106094,2.1140922490192504,0.9746830153851538,0.9763318932540693,1.0916917258562908,2.260162494346917,18.28781200029894,0.20745406558938848,1.6139698414549666
2023-03-07,1.6409771752170903,1.2745814915597686,1.2780673973329744,1.0321415313215085,-1.0266904001722994,-1.032719132691781,-1.751396483493697,-0.09881441732432818,17.84410699666361,0.36361499070919606,-0.16753770383412453
2023-03-08,1.1172864491940877,0.9250223740928238,1.2285692990984058,1.22325590487938,0.3436624266953053,0.3513014778861481,-0.8040251712203753,-0.7454226614203683,17.670006161484746,-1.183894421770329,0.4415060779758575
2023-03-09,1.141936668372807,1.0462918461729418,0.6087947245867974,0.41934464460785675,-0.9157716992151682,-0.919947915927476,0.4898369500841722,-0.34117899919019457,17.801408384082738,1.816201314484337,0.0313870351063641
2023-03-10,0.11620375279275572,-0.09792245264341587,-0.2824595281149269,-0.34229284839616675,-0.9036984447116286,-0.907973828173599,0.9928676768062814,0.5757464743684895,18.043400693960344,0.6658582872104017,-0.3901033236391859
2023-03-13,-0.5815250280801515,0.4631768616628584,-0.26202259860598637,0.2501194439220173,0.6664714361030392,0.6734945942607099,0.652790150470574,1.1177236361165397,18.251754282940666,2.0640421974531984,1.0295152618539416
2023-03-14,0.31170095214586935,0.42215319707695337,0.41766445183905365,0.8088108031334189,0.6018924804411339,0.607927554381546,-0.8307563046426323,0.07899916885608603,18.115457738245155,0.010972639215232043,-0.7479990745987699
2023-03-15,0.1646606765549709,0.21514096301548213,0.21889274519451524,0.8204346857343451,-0.16327791743372,-0.15640735652061732,-0.047927443359834156,0.07900787510399523,18.16149413837487,-0.05577568031692801,0.34780143720846773
2023-03-16,0.31938204182984964,1.5272804525229822,0.7579400259318873,1.8599013599970087,0.7106551840820658,0.7136104103150551,-0.33342828110764544,-0.24758206757543041,18.148361404750453,1.083188445475241,-0.7809050817129238
2023-03-17,1.6699298250953558,1.3779719005260085,1.6072413982303586,1.160737016572446,-0.5874055373823427,-0.5827361065121551,1.1016420205079338,1.010096840611905,18.410070665613677,-0.8949884381037223,-0.04303536383943608
2023-03-20,1.1107336442107953,1.6677372407801974,1.4470919289359443,1.7086494515669055,0.9710877801558702,0.9692952458401015,-1.1467937244876198,-0.3967702037280894,18.1147179391346,0.05650013379795649,0.36448430332682075
2023-03-21,1.5961118420122151,1.7291718578941795,1.770861446877839,1.7135529821459028,0.5597540189673982,0.561222978452776,-0.2094444017367082,-0.5510259387572654,18.118741533118417,-0.6580569493401112,-1.0597731559022423
2023-03-22,1.6692343275067822,1.878229111175684,1.6391548325471206,1.0535626910466256,-0.948230299379282,-0.9465767102532244,-0.21708300632272728,-0.8733553167261741,18.142312509406043,0.39461135666400227,0.5281821836779221
2023-03-23,1.247136644772801,1.333481504121661,1.266503929336524,1.10464265409327,0.1321907449642308,0.13679764139168898,-0.7909916962909799,-1.589656318394434,18.029445425450476,0.0009063045245753347,-0.1197247285153721
2023-03-24,1.0236028969506739,0.8529283227066692,1.0911999148443816,1.29015443764652,0.06820069085951327,0.07205036869680093,-0.7278454021061629,-1.639063237284919,17.89637299337775,-1.1980801876589058,-0.42008107838275016
2023-03-27,1.15057945199516,0.8069486916344563,0.946421594904313,0.5461464411040772,-1.6082259698626418,-1.6137870679962192,-0.5233150861274661,-1.569517785844993,17.774232036739154,-0.7090854648720121,-2.360870185662903
2023-03-28,0.4288095789992189,-0.07561602799196823,0.21537168644278512,0.13972179663112294,-0.6837098684600493,-0.6811964028064723,-0.5760674594320273,-1.4521809724554182,17.64398239660099,-0.9748937031999236,-0.6469651846857296
2023-03-29,0.7747261324664803,0.7805359306230067,1.3016418914070293,1.4665595516495722,1.2435289867728638,1.2384348238665155,0.9373295706452104,-0.793963113329418,17.753312434570738,-1.4954992620470227,0.6333067046276626
2023-03-30,1.6422531867073833,1.2524623934151455,1.8402138362397238,1.7485646331621978,0.5195691606964437,0.5224924130986917,-0.02254910029848733,-0.631458719489155,17.717517590584865,-1.6821382487983791,0.36449757657064563
2023-03-31,1.6289201624231835,1.9648079201032278,1.6581621504771469,2.150903100696365,0.851669121506118,0.8499810130060268,2.326370852606472,1.51650240345463,18.045984399961313,0.1520960897168205,-0.03280729727188373
2023-04-03,1.9991434229951621,1.898393091167501,1.972143096142858,1.8654285126259493,0.20984852851864302,0.2137887580753741,-0.9444059452744332,0.5598883216249263,17.858144212294654,-0.7341172119863305,0.4695490586814612
2023-04-04,2.0476881784204815,1.600944647746752,1.6935598349672356,1.3189660295193848,-0.6799132270033754,-0.6770623528989059,-0.8831688990336767,-0.2536302056751348,17.650183748293486,-0.9099256504296088,0.17136670337434573
2023-04-05,1.1117789094543444,0.8014512422572901,0.49375557426756816,0.6017174117089917,-1.3756875196340368,-1.3797421123083178,0.7636779905738396,0.7558484178410655,17.757319543710565,0.874151615066611,-1.3515728353745287
2023-04-06,0.21843712071860177,0.6399114982933054,0.4328494067148946,0.7228822340455762,0.17389275119885617,0.17846728356774763,-0.5149066406065069,0.19884881471485347,17.6308045995899,0.7825175264382992,0.3518779575260292
2023-04-10,-0.24781997930458333,-0.46335694154690654,-0.31896322871509086,-0.19860619403865293,-1.3896684247253723,-1.3964768133001888,0.33243246865265463,0.5647227454396037,17.680796211760818,-0.5342346645408969,-1.8155962686228182
2023-04-11,0.015094914232890498,-0.4190950075703255,-0.28010904266848163,-0.7802196237786408,-0.7794658361707156,-0.7779525921430501,-0.027067217232974432,0.48160679624863006,17.679271480763383,-0.5442847459862001,-0.8125198467547659
2023-04-12,-0.6864756121488784,-0.8594821542564586,-0.9750081546303124,-1.3752409737193687,-0.5021684139144854,-0.49848154762670654,0.1864901707352334,0.6617521982806976,17.730192046492654,0.14522765441019667,0.1639068268539296
2023-04-13,-0.6968649062936098,0.810146258266551,-0.22950873081231418,0.914150625511562,2.098392749990392,2.083614966812723,1.594101468203669,2.2017696549600436,18.041549841746082,2.036802864287154,2.070617805121251
2023-04-14,0.7992876237670944,0.8915650268029697,0.9761727320436634,0.6165224566908258,-0.26928966002123006,-0.2650898767656003,-1.3338681036528752,-0.3169244701752424,17.715187685706766,-0.16210276589457526,0.02643367507077847
2023-04-17,0.893682156324284,0.3653233227536629,0.9228010166288915,0.6049303971283035,-0.011855345948526167,-0.005755525155052486,-0.6652626474278021,-0.900753650557922,17.541594294562486,-1.2141727504098971,-0.24566486306071164
2023-04-18,1.2250085415182155,1.2967172262812736,1.5345209829711455,1.1424699436768844,0.5232018844212486,0.5323721701302911,1.0150053153039797,0.41111205862590433,17.72599239640444,-0.7393806804418542,0.7056749986042908
2023-04-19,1.185790081345197,1.4711001705931102,1.4183950688519922,1.4187879904404397,0.4079687490695178,0.4162036486679497,-0.33678298010173857,-0.053440041018143244,17.680865367255528,0.08790826059313442,0.6842152481380713
2023-04-20,1.1819346060572682,1.1125832800626076,1.1533507153167395,0.8611728835634744,-0.569662588809776,-0.5703649786255457,0.4471609320431179,0.58942962907036,17.77549292539843,-0.15011474277482978,-0.07623419718124982
2023-04-21,0.5479170389585601,0.4446967796562138,0.5861243818838424,0.21324228583330782,-0.7267601498400568,-0.7310474185107085,0.40137940519540083,1.0423577673127185,17.881752258049474,-0.4270030344083199,-0.9775896485640547
2023-04-24,0.38227369401732025,-0.06809207096852399,0.1957318279534965,0.21724043343360946,-0.016649120007535063,-0.011160770381903854,-1.3943474638682674,-1.1761806333954392,17.551979479509253,-0.6693642457500053,-0.042501280684452476
2023-04-25,0.353836483962413,0.10089498560089231,-0.032394752896988475,-0.6479464201147567,-0.8850828207259466,-0.8932159857332299,0.6525684489779563,-0.257712761247501,17.701479094396433,0.27297474631260804,0.4329816322357585
2023-04-26,-1.2088857771518986,-1.145405440647797,-0.9728933777340254,-1.4047555452429692,-0.18930239128832538,-0.18568774785674874,-0.3615993699133778,-0.5907536423610473,17.633196531925616,0.1526786605731438,0.07167064477374485
2023-04-27,0.08440777070887923,1.533098706411716,0.7394386525302912,1.7389614927979082,2.401366199973139,2.391504771195162,1.8169576315242566,2.14078055027966,17.988393635591276,1.8879474441354982,1.1603693623886362
2023-04-28,2.2035481816679683,1.806501237410906,2.1188340990136316,1.78610952497347,0.43217097051682496,0.4385282649286934,-0.8568514931819391,0.5925824156489888,17.826640182139567,-0.4776051544149255,-0.44508441654854264
2023-05-01,1.8748965664343995,1.6520401680177268,1.826962674452802,1.3544048442749799,-0.2863170721321904,-0.2833962503118327,-0.45091714222900053,-0.06596650087665494,17.77580742287095,-0.9157620590960937,-0.41578497321543134
2023-05-02,1.6928195880069228,1.2742992760272114,1.0390170570362975,0.751634265267697,-0.6604574383046383,-0.6626228862057743,-0.4617085818830728,-0.5807449897428699,17.695541243146362,0.7950594214360822,0.5868570066361116
2023-05-03,1.156458100130427,1.2765139638887635,0.733749688824263,0.2790057927420071,-0.5638030260718826,-0.5655386289126891,1.3307138541942538,1.2179028638642464,17.99198796507739,1.8533305533605937,-0.1719992685056208
2023-05-04,-0.6767176942939713,-0.47591502699219834,-0.6101974950391605,-0.4137516029180773,-0.809598721280568,-0.8153081519518529,0.7889443212123552,1.8681840377675927,18.212861683029736,0.3438309212160227,-0.7035917098589176
2023-05-05,1.374046876472106,1.9091282631141862,1.7717982536674652,1.9655767988387918,2.2604544892191503,2.2494494163757417,1.19374657014995,2.2180524693559547,18.545694472803465,1.0925218323366783,2.6086973556897646
2023-05-08,1.46621149886701,1.3925258133097638,1.6800069600557863,1.4808742967995867,-0.29111291144638174,-0.28719188220943875,-1.963049995596752,-0.9027281743092742,17.840197760118635,-1.384472830710992,-0.6339611606146156
2023-05-09,1.3046521009224827,1.0588804575307442,1.22282057025399,0.8111792168058493,-0.8029972043562921,-0.8105450082368933,-0.7488710864608246,-1.2635410344412734,17.629411255259036,-0.945890363193641,-0.9484552372772146
2023-05-10,1.1366640448153005,1.0844287223071516,1.14007753148486,1.2131769076800938,0.23945914871031826,0.2497330388293029,0.4022573929418701,-0.8575572729479296,17.799379712408765,-0.6293706793527147,0.207900583396006
2023-05-11,1.2105539217574721,1.0691529101367518,1.0263141801178635,1.0405838638985423,-0.1282991515556189,-0.12284715115350377,-0.32509465327514225,-0.8251120078575587,17.717780173345137,-0.14774474866821155,-0.0569149373843438
2023-05-12,0.9893801157249099,0.7805418248067116,0.5553748951436197,0.6008753559865506,-0.4353099299316645,-0.43655054671772814,-0.3642102771846537,-0.8402248193026506,17.633174553082934,0.6024865280520351,-0.7082289755840842
2023-05-15,0.675266247587791,0.33253335257087696,0.6084222109426298,0.3421079286039519,-0.27164178982870746,-0.26922655652772026,-0.6632390003707628,-0.9977617644895536,17.43361075130475,-1.1699145061404836,-0.8265854246338303
2023-05-16,0.18220998640931443,0.1900344423671172,0.5840415585273551,0.2256983674784936,-0.13927187078141678,-0.1342115786184654,0.3660461389508032,-0.6865112277044938,17.55580294805842,-1.3365087412886336,0.3800899726124566
2023-05-17,-0.008696186678558437,0.0019533034627985733,-0.08178335881207145,0.29675620072112385,0.015693489687332363,0.023294318711675956,1.2094283347366457,0.08903170375621021,17.87511875463329,0.2872893654859283,-0.9346589167491147
2023-05-18,0.4798363681866516,2.121961714232578,1.680089003875808,2.125049222387743,0.4956150695676153,0.5074799796564786,0.4022775582647119,0.6347738484670008,17.997510332924836,0.49879903968087974,0.1767207390865345
2023-05-19,2.4875650961558944,2.2036951429387677,2.5025668966258032,1.67475524820142,-0.06381616666839311,-0.06078459660104105,-0.4510133535564679,1.3593479175680843,17.836789699259008,-1.197573303886954,0.4448925401697902
2023-05-22,0.5214807783430976,0.5461149606640275,1.0617473002447777,0.7779139861709856,-0.8330630660092786,-0.8336921990066297,-1.0549792127973097,0.11530961930097872,17.589900077246348,-1.2996612613424934,-0.8763426959375423
2023-05-23,-0.16124937845823292,-0.6794158755973134,-0.5892513738935,-1.3183015224844907,-1.850452995240551,-1.8605582736687971,0.699510668693969,0.718160412064765,17.742368992205932,0.06593750065926947,-0.6093393298425309
2023-05-24,-1.4189676336736057,-1.2873229679649008,-1.015565645632653,-0.9255614165159919,0.3325074057963088,0.33541732019816933,-0.5677910278711428,0.1252268920152667,17.62535688505239,-0.21086644250723938,1.566810701733051
2023-05-25,-0.43302295273792585,-0.03147628485789356,-0.16074378031531616,-0.02268344441269847,0.8956457507767605,0.8955858181911329,1.0385143001330366,1.0674659110143254,17.84190279642753,0.30894888095007716,-0.21729196578660123
2023-05-26,0.20635359182698265,1.2392730806372672,0.7001069448254436,1.4065706550447006,1.4227368679168604,1.4162957257062958,-0.28908097381623615,0.6665537871151518,17.819839252412972,1.2340799324260667,0.23745974028324704
2023-05-30,1.8504134532963856,2.15622245065293,2.0094257264532986,1.8347377129651496,0.8478973116998683,0.8465658155511834,-0.19222395486069516,0.4302272567213739,17.840226350130205,0.5805368203031795,1.4719065026094262
2023-05-31,1.5372212933808385,1.6924122789268485,1.565370359946556,1.4102546365454391,-0.3652813007325938,-0.3609174519806995,2.2258485120513263,2.627091544690218,18.416926716400077,0.7222096000754376,0.723924991371173
2023-06-01,1.3492396191720222,1.5388804412357968,1.3197294865222728,1.8925002046568542,1.1885361449751166,1.1828561150907604,-1.1681059563120137,0.16874878389647144,18.048192874974628,1.5471614893025407,0.6328349675936992
2023-06-02,1.8745904429358364,1.5959692282470834,1.6629596981723884,1.6334330959950623,0.15139902441653688,0.15515005182543892,-0.41980575186950114,-0.26987339610497885,17.941771997587228,0.4007828216885004,-1.6641903006842933
2023-06-05,1.7466962838378006,1.7989025689531053,1.0549706465061155,1.004693217145314,-1.0155235982701798,-1.014709353566653,1.9625613407735727,2.0491612561532757,18.61909299012766,2.687147926458144,-0.876553103047842
2023-06-06,0.8656206167683244,0.5025571522732006,0.7151119673387851,0.740286886529034,-0.509206853053083,-0.5051841833036445,-1.295504432339487,-0.7383924290971273,17.9875628115222,-0.17998077670639342,-0.7409560546594605
2023-06-07,0.35726175624720574,0.6176107373168107,0.5332159750521314,0.19007617616485437,-1.359711654190905,-1.3640032285570913,-0.3094574342640541,-0.8576600051532309,17.941751011313396,0.543479234271258,-0.6724592930196681
2023-06-08,0.04166326280202222,0.3688125742685012,0.4374376572775486,0.98009505792833,1.1478512827159324,1.145078247140149,-0.6044735646013163,-1.246593124450766,17.73182237328518,0.08852305913855184,1.2336114741785758
2023-06-09,1.0430520719275032,0.709502222114246,1.6867196573763812,1.0891663869670516,-0.2619142152506628,-0.25809733893347203,-0.19214976371007925,-1.0772773147215797,17.704688613321892,-1.1212216382679066,-0.002588186301826852
2023-06-12,0.879554105562965,1.3226038960947641,1.7742704113203946,2.010324263484234,1.172984728579878,1.1707538028899136,0.07998481491347033,-0.7637195742948069,17.809572449682747,-0.23519475256386693,0.6739309730265372
2023-06-13,1.3191860486668714,1.1960946269302761,1.869448190179317,1.4142224190138841,-0.6424056147497013,-0.6411534392398194,-0.13439585699643375,-0.6522738530198804,17.821553838900513,-0.9729760899396229,-1.28543375446579
2023-06-14,1.304654789955136,1.10027340772023,1.3172229304437268,1.4213350101998226,-0.028586953836618436,-0.024481854929790554,0.1209326315468287,-0.2691483657325484,17.866650097536485,-0.5178181566051994,0.50597956169205
2023-06-15,1.3183091773253084,1.6983686145156125,1.6272893268135233,1.721468502038595,0.918429906807314,0.9194869635124939,0.2555931311898199,0.15696206317524258,17.99654034816186,-0.2591425046289882,0.08063074405855586
2023-06-16,1.8372865089069068,1.4666442794720833,1.4150205549472512,1.0613247550657672,-0.8898532528441763,-0.8910570748154083,1.1061877042303139,1.2828964963799392,18.43296104149211,-0.2854667550511032,-0.25512426874231775
2023-06-20,0.8582833434494476,0.9973483322608101,1.1792629148301526,0.8951687482138054,-0.29963690578258745,-0.2967359667061464,-1.5429805281091329,-0.40077081237103745,17.723507489623103,-1.176019851267415,0.8564036314191169
2023-06-21,0.8479345016543816,0.5693865455417069,0.39284446410224266,0.3721009640402411,-0.951700041976378,-0.9533944686774587,-0.05175616485601884,-0.2747226530327265,17.71780036916339,0.2729879772471034,-0.21446832383289388
2023-06-22,0.2827109096567118,1.1077046589819433,0.6815825524986151,1.5173792483262787,1.2843853586019434,1.2818576328748887,0.07187836198158232,-0.06819597217988033,17.75213448397433,1.2050147273996499,1.634447083808933
2023-06-23,1.013568073602749,1.2403914156461533,1.3667542704511924,1.187118135685009,-0.6099047762130086,-0.6090278473444497,-0.010603792794820108,-0.03167859440334397,17.787297598539762,0.12191099923216013,0.6394338075786898
2023-06-26,1.4301061588578412,1.3742419525519856,1.2915182399873881,0.22115121242189215,-1.1031709706150503,-1.1072792675032168,-0.4901752000742621,-0.489669550634704,17.688557801036243,0.41734566334062045,-0.7581352260931152
2023-06-27,0.7659564159436862,1.3294332436684078,1.4129887442891658,1.7475341558587014,1.426062138131137,1.4243758625164862,0.11262086984130575,-0.29466866717685014,17.742043798891906,0.27754896187692096,0.36104626195091544
2023-06-28,1.7174664038372924,1.8264896021958938,1.9955587078041828,1.8593578890433682,0.3513568493490382,0.35517711608877,-0.06409165029417493,-0.2749701234614387,17.751578180713345,-0.7915941048041829,0.7471071356440048
2023-06-29,1.8161192852033676,1.6103180625381406,2.0088602451771638,1.5819407881776368,-0.14302776630379255,-0.13936026618811267,-0.4143982626025005,-0.5720180791613654,17.651673617428443,-2.1137047348893097,-0.9911781986308505
2023-06-30,2.089896843522855,2.3378076133006105,2.039947499642896,2.203451681261134,1.768295186287914,1.7615802072669215,2.0540502424647413,1.8150651007455854,18.258980314685985,0.8666816903285811,1.264747740726643
2023-07-03,1.95830642939145,1.5666544989607112,1.631436123685704,1.3348032378698031,-1.0884649070866756,-1.0929525760847427,-1.525882711170051,-1.310401760450202,17.26417027023399,-0.5952738735572314,-1.7731567585673194
2023-07-05,1.043994537496956,1.0383312986711073,1.0317240924148794,0.806949940424142,-0.8231649471503729,-0.8244192511796233,1.1171578853921995,0.0673890272015824,17.663960996903736,-0.35163613153741663,-0.8532178273002835
2023-07-06,0.39618877781781103,0.5788040970951323,0.45232640065226315,0.8038087309900668,-0.15965550998683745,-0.15531724212868298,-0.25881815015616666,-0.08861112207279986,17.624266432851986,0.39398832141320816,0.9791110947058851
2023-07-07,0.7431535894258077,0.6602492953845133,0.6638851571866797,0.28623172637432587,-0.7639393846895212,-0.7658106400990713,-0.06073356665187534,0.0836361938424048,17.660923586270545,-0.07065125390447227,-0.6792170100410243
2023-07-10,-0.18990026454518066,-0.5531901727744941,-0.747434027328947,-0.5984622069196486,-1.0785138263789538,-1.0847666872551678,0.5024551016943729,1.037994717337144,17.90855762880837,0.830649763109927,-1.6107139527244854
2023-07-11,-0.3568066639495241,-0.9859159137076041,-1.09498851097426,-1.1526740715303652,-0.406099650097626,-0.40387047824367917,-0.7384177447654853,-0.13672124212454081,17.657928383054088,0.4433991424803921,-1.0060843368184895
2023-07-12,-0.37901663762364046,0.0005593692148735835,-0.39521884072316515,-0.4254223607464329,0.7988389383450853,0.8038202948419867,0.5075978669837301,0.8324409891593375,17.922280948821435,1.145408855769924,0.32776636246416097
2023-07-13,-0.060454346086505274,-0.3710969391959469,0.22935180301721117,-0.08052877579425671,0.3351006553245838,0.34067187764559914,-0.9019044270546475,-0.6607914321773514,17.537396771046275,-1.4343561849101651,-0.265118527898113
2023-07-14,-0.33567318925769285,-0.4666877844133817,0.10060398160187765,-0.05954616622303572,0.016528505694894835,0.021075091230789284,-0.16267104921334213,-0.6118646635466971,17.542983148538735,-1.44889262957752,0.4521116086924916
2023-07-17,0.810408302455894,1.498913504718765,1.3022749933302056,1.8244965894226408,2.0171864096373486,2.0093538064508856,0.6062084439543729,0.8327677073838335,17.737883834060977,0.11732568700380921,1.7536227140660767
2023-07-18,1.9821153963719949,1.4183492527963595,1.522182135584756,1.460157539513538,-0.24928959617031596,-0.24651026807081883,-0.45504784993047837,0.18066003642977208,17.69405539104458,-0.8323339210447193,-0.8118874071119047
2023-07-19,1.4772703206120614,2.214714327420992,1.3726736232684904,1.6265755825862374,0.6359197234972108,0.6385945628535183,2.015063016301902,2.314281985377663,18.203858433928364,2.415631206904689,0.6195214790843727
2023-07-20,1.8798098228731277,1.2317234421476415,1.0649165444913256,0.7061709839608499,-1.2212243383252517,-1.2257779223879648,-1.0695723779829331,0.2698057662656035,17.902850662817308,0.902577301031989,-0.165803365687112
2023-07-21,1.1398508784458192,0.6139455175290462,0.448317582097681,0.1595764978085224,-0.7719181040040286,-0.7717772869939175,0.402122577198898,0.8664711333635576,18.091034372020594,0.6194300850603214,-0.5171915075685266
2023-07-24,0.662709314414333,0.45460415324463394,0.7409253371259542,0.3576656676115559,0.2544569745608242,0.2580308938227178,-1.1757656563111638,-0.9563835396162056,17.630533578671617,-0.226676274858044,0.17831738406840553
2023-07-25,0.4770006312417634,0.1163963956324427,1.00840678541979,0.6306343344189417,0.2036768027247202,0.2070234055846622,-0.6161502997682498,-1.31050442323704,17.43405340782949,-0.974237751506019,0.25838077092763867
2023-07-26,0.5201577477275858,0.4993406702845631,1.1592394096351673,0.9791843809998597,0.27428336486728405,0.2775286103048615,0.7841267292451195,-0.39125807464778145,17.675648536070728,-0.3089828748761431,0.6690663884535792
2023-07-27,1.6380005669134814,1.054534733902667,0.402676943957529,-0.03711225602653756,-1.0029561368503273,-1.004886099437392,-0.17196469156618008,-0.4771699436506528,17.67540204410831,1.1633009997094972,-0.15536659523772475
2023-07-28,0.6953858285216722,0.6737360341945691,1.9685932715130525,1.7956971600604945,1.223051107394895,1.2211144955569255,-0.11703759584874267,-0.5019206718379897,17.692764069646728,-0.5126186970962557,0.4190092363413024
2023-07-31,1.5867780920147128,0.4355681321257031,2.1067686539116544,1.7042161753645757,0.2604177784198182,0.26333553133585247,-0.6820016788797015,-0.962500956992167,17.474551771547425,-1.2553576169608545,0.41133216480921714
2023-08-01,1.366044499909969,0.4777057998478998,1.575112573290109,0.9298347105460274,-0.7115842829142448,-0.710114685422773,-0.32850783163362957,-0.9823613683216711,17.375849032318104,-1.0347489321119605,-0.587353659057722
2023-08-02,0.24880236339632408,-0.721527799503587,-0.9309033659004561,-0.8945488418497178,-1.6403711691000422,-1.6481641533085551,1.7621456453275028,0.7150067390694564,17.735289428760606,0.5189794585250347,-0.4564336630843492
2023-08-03,-1.9056298087188328,-2.1634656886751826,-1.4368928918922423,-1.4662328422950432,-0.754258357777478,-0.7527960791838205,0.7413931112979919,1.5951922296246084,17.930232761868652,-0.7188883859483142,-1.2834509268591403
2023-08-04,-2.518038799041789,-2.4928711141076083,-2.6341491894475833,-2.6091040596654547,-2.4994539326400655,-2.5122658381317047,2.151420714267512,2.6245453280515436,18.56737254106184,2.05389301495246,-2.790229770477222
2023-08-07,-2.134643519807087,-2.2182467223024096,-2.1924218008565552,-2.0752733655753928,-0.5781589790836031,-0.5669601643468897,-0.8087410849066111,1.1893730971278007,18.396143154595272,1.7126701830912827,-1.2747985344089972
2023-08-08,-1.8179917103481686,-1.891892469680772,-1.5904098516053409,-1.4617415763101975,0.7280113736504714,0.7234707867695515,-1.1536290929842477,-0.06709169640298619,18.032411943166714,-0.16245148152341166,0.9483375913746256
2023-08-09,-1.285066586268418,-1.3832313060275818,-1.3103154704961537,-1.3253751034107677,-0.021704004510675275,-0.013874059389586465,-0.49978254464927857,-0.3874939533034029,17.916143655833437,0.48016078354572733,0.2857243388018523
2023-08-10,-1.193292949920194,-1.1395768966077384,-1.0060059729203177,-1.0939697279069336,0.40378919125343193,0.40595066731550616,-0.4264594861896447,-0.5973322245666451,17.817134768879264,0.0776682187178906,0.32249491488566245
2023-08-11,-1.1740192800546367,-1.1399946930353928,-0.905699790203614,-0.8937440988836438,0.6273069657613454,0.6235988646728279,-0.2826459598405619,-0.6746270896010232,17.76652542343775,-0.5719590719234422,0.5253930133093593
2023-08-14,-0.9033777777460616,-0.8208355234228364,-0.6589716143748561,-0.5343171512535271,1.1233363906564569,1.1079053408779405,-0.6012209989279165,-0.9405867510969068,17.5923001746224,-0.5004501798631351,0.6509589394974417
2023-08-15,-0.6359665717119221,-0.7128199393037238,-0.5609938650434839,-0.7011456097503788,-0.1092274815419091,-0.10085104249425328,-0.18858497037982966,-0.9554827118632133,17.59108594557077,-0.5835464702266507,0.42674848539439375
2023-08-16,-0.8613832815747432,-0.7834298019463961,-0.5309089136580005,-0.7689962350723145,0.2145613319484041,0.2188943947882165,0.1377706725048562,-0.7479355610435917,17.6649110934558,-0.7594960575071451,0.5353704094678824
2023-08-17,-0.9182282868865916,-1.091338644530874,-1.8438899151358783,-2.005959596452639,-0.33797275200481824,-0.3278828831090422,1.0175401961600195,-0.1154960262481577,18.00611789158577,0.5409023731075724,-0.04196453244187176
2023-08-18,-2.2738379360694205,-2.0245458953078694,-2.2426857037384456,-1.5313162346167046,0.7744009284439546,0.7755386373804528,-0.14847887716250815,0.23652086652926835,17.928254819394546,0.04671616764941472,0.4730264286340388
2023-08-21,-1.0164587860829661,-1.3353418460936455,-1.0475045123671252,-0.6636014422509343,1.1307916611911155,1.1282420891099252,-0.9520092906057317,-0.14548950452763026,17.650909527063792,-0.5600652212156894,-0.05950624413817143
2023-08-22,-0.09255774418854573,-0.3917608157922045,0.2898404880877123,0.22753667417446782,1.0830912233482002,1.0810525214961355,-0.3242842444581725,-0.24625427789283988,17.55518295506087,-1.4973196318024087,2.0947540288816597
2023-08-23,0.7118785038531683,1.5666679152482326,1.2010781836241429,1.851898932227705,1.881039161897787,1.8688785662813148,1.2802201821350785,1.3282417521435368,17.780558576489224,0.7110844433412721,1.5905733378154447
2023-08-24,1.5357680207463908,1.2580357883902957,0.146312730092512,-0.3055298434074541,-1.832264488941144,-1.8459251213408725,0.13594796218582045,1.3197421755570706,17.821857820971477,2.072678015003481,-1.9851326667021052
2023-08-25,0.07446980394991413,0.27248493085568926,0.08860245416341327,0.6843038262323261,0.8310714487834934,0.83005399947941,-0.4037829051950803,0.7406857453397699,17.75611326511222,0.3539169584541176,0.5642515435982326
2023-08-28,1.0979553756212215,0.9010924079535028,1.3089641997064072,1.3156324572747582,0.5751952781185871,0.5775689303984048,-0.8521958834066797,-0.348154310995942,17.595616889265163,-0.8335341911024635,0.11777757655468953
2023-08-29,0.8791091915737277,1.9608098683007114,1.44603778719167,1.9768344332895587,1.1781746798315196,1.1685627046304705,0.8570036655524995,0.6465800170896474,17.785876072581356,1.6002312839248758,0.6581767773324676
2023-08-30,1.9470580272619782,1.9463298662219988,2.1513490299069518,1.9847742406146243,0.8280094285876353,0.8234987230502586,0.5064296694919488,1.4565713636745117,17.92332895567185,-0.2731544652533313,1.3754576062807966
2023-08-31,1.8782939047774654,1.6531395623401917,1.9421722953578864,1.5647260621856112,-0.4713301889684237,-0.4622077230820136,-0.021541727250859025,1.286173488332081,17.923009898767134,-1.1408099631832944,-0.2477449201463342
2023-09-01,1.7548560949638994,1.460644249214564,1.6333885782065298,1.4926599380828038,0.00793971419555945,0.014094574572379713,-1.315625201342396,-0.7523913572152797,17.638321971340204,-0.9598454047945445,0.2138676701906952
2023-09-05,1.231828592125675,1.2239596871527252,1.2259599881438015,1.2510476350358206,-0.4564074276562688,-0.4473816303721773,-0.11960425577140453,-0.8617354357880006,17.628376013944006,-0.4507697692985949,-0.0040914458146603895
2023-09-06,1.0329506343147214,0.8194575917809296,-0.06337612030874766,-0.18837960697132097,-1.9863452781035198,-1.9971205634330162,2.4160838329654295,2.352789217758827,18.219247325468725,2.0052980033239867,-2.3521174804714646
2023-09-07,-1.5413440438457096,-1.4195696782459244,-1.4230503510998493,-1.1595386563580319,-1.311738436767644,-1.3124433491017538,0.8764560852031527,2.294581334385406,18.538364227986985,0.6046073569183262,-1.5879605143975508
2023-09-08,-0.8585384400228968,-0.957979204845252,-0.697455510992974,-1.129072643601117,0.12078354824758826,0.12810551203384446,-1.39571906780071,-0.25784867814619283,17.998343615421724,-0.48421706248817503,0.18760299181326198
2023-09-11,-0.6171943090406586,-0.998077133999998,-0.8368337826198646,-0.9154117743618208,0.3211695103705829,0.32572807988995156,-0.4666198320537293,-0.6079784319965016,17.89225278746573,-0.1856924405418389,0.08156933668023564
2023-09-12,-0.7124867599923354,-1.0136922723220272,-1.1708485477873651,-1.3486491473745978,-0.7787774506649833,-0.7714415823047115,1.0965967650387864,0.5378491366529139,18.31942513606511,0.9104777356113893,-0.5918601122284265
2023-09-13,-1.1543016128632209,-1.2913131276838656,-1.1298628457456088,-1.369592517896561,-0.36875835973519616,-0.3603755064600918,-0.4557991026985626,0.0008632654466167767,18.249511579404626,-0.035116414008073,-0.5757157812093108
2023-09-14,-1.2739258579939048,-1.2089066361104877,-0.9763975306127773,-0.9090647673201563,0.937680689265783,0.9323029733997474,-0.8642279349471835,-0.9574764549978444,17.924674781206146,-0.45323704293633604,0.5067466411550855
2023-09-15,-0.7039253618046373,-0.9355928502548788,-0.7713803755752534,-0.8488706161314762,0.1744598175037178,0.18052999540585857,1.4483548038262846,0.7690535386467886,18.5087383326383,-0.45479991628359046,1.0179041103698252
2023-09-18,-0.5580780628367966,-0.272063706796553,-0.18742945744643763,-0.15775675643572984,1.34545915973661,1.332215802899027,-1.0910209310646988,-0.9816712050194802,18.02404059608157,-0.28872757710014335,1.4232595309438065
2023-09-19,-0.18124747960483323,-0.009477271238072451,0.45794430476015935,0.5704541167292683,0.6773580818194235,0.6781790531861818,-0.69459599006891,-1.4065367673795475,17.763419896751827,-0.7715316968441326,0.8547772001149129
2023-09-20,0.9794018018884751,0.5938450062150497,0.025962529049150015,-0.7864492958756234,-1.0709241176855384,-1.0703211942229034,0.22401867049043547,-0.9068865517521317,17.88344613588911,0.876541412012379,-0.6342182000013754
2023-09-21,-1.3263958668957403,-1.2706129189610977,-0.9443394807342637,-1.3076955917802306,-0.5638421816187135,-0.5599846311899846,0.18571878286392868,-0.4513487340832538,17.959405328782186,-0.7434164427801949,0.6920843096606714
2023-09-22,-1.0321877522164702,-0.6736414761498073,-0.6781680340245547,-0.7125261468859195,0.5521672692384444,0.5554713991210006,-0.37319051414135296,-0.6502783848553807,17.85373265779867,-0.1965905729176836,0.5985667236752423
2023-09-25,-1.058713970344372,-0.5867193552538632,-0.462425067130189,0.13686608334868838,0.7403205209986057,0.7419896902461771,-0.5755446054548257,-1.0116411150821931,17.64789929396329,-0.41770110423093026,0.17604950759461696
2023-09-26,-0.6061700190546262,-1.3853652944238246,-1.7913012265621753,-1.7185090216215695,-1.571140778459046,-1.579112477986269,1.0798767191097338,0.25018578652684775,17.983553142846095,0.961218396584024,-1.0896008432830557
2023-09-27,-1.4524219349755256,-1.8655283042459994,-2.126406449464437,-1.8088766605860171,-0.5156032756778783,-0.5103634441489081,0.029292332710847035,0.6119228117780803,18.019035346452377,1.4880264739011884,-1.2596210771566967
2023-09-28,-2.0636028849988604,-1.727714547508554,-1.876505846337782,-1.3380686626179172,0.3441221494980265,0.3485660966290991,-0.5701256150476831,-0.09567662697094963,17.84610563878617,1.6245481175570966,-0.6639917969766157
2023-09-29,-0.8924856959797554,-1.1080628765174834,-0.8258268820373229,-0.9661214571577804,0.40343067948210526,0.40715067304378944,-0.1360781103444426,0.3654539723553117,17.763174820236458,-0.6961306106265924,0.4592468888368889
2023-10-02,-0.9592910833558256,-0.5329245990744116,-0.49846968395745933,0.0036356401489244456,1.3759877956869677,1.3657479540611674,0.09341517735465962,0.5602323502385603,17.76991276403763,0.10457211522466418,1.501521632856227
2023-10-03,-0.4603229032854775,-0.6334100847640434,-0.38569159777089285,-0.33259621784892124,-0.3320396405556504,-0.32674618649613013,-0.3328634793271864,0.05138245496217992,17.719392534964026,-0.7291650091266592,0.5501268089718427
2023-10-04,-0.85924879289274,-0.21307100376672058,-0.17285970222121902,0.4147736612103079,0.7439680086462258,0.7434831139588711,0.40494447593469907,0.5797742032397175,17.786185435912017,0.005135671243048989,-0.3834490644136798
2023-10-05,0.6675819247823087,0.5677173952250059,0.710231983180111,0.9900052885793791,0.5954934032375759,0.5953702702396455,-0.42062195144873266,0.00030582700248632755,17.69764946884907,-0.8758012610520987,0.7985542067589788
2023-10-06,0.7622372748498314,1.8398662968950459,1.0583587418105305,1.7916587055361344,1.1070000159915723,1.0996328831708724,0.9562418057361651,1.2716504914656455,17.862485713762506,1.7344705023266023,0.14469564136005567
2023-10-09,1.90211864135977,1.9115521769601196,1.9921399368066024,1.8941979198772407,0.5648352504384245,0.5654637969128454,-1.4390438414468092,-1.7709230366336646,17.562441939116322,-0.45387407883367065,0.05733820073569412
2023-10-10,1.8798245130224622,1.6437909726653746,1.947357242421828,1.3199517854266143,-0.8380392021341505,-0.8365542781594768,0.49915096938666353,-0.8785578529584243,17.59281291531245,-1.7548442685477923,-1.354312540086397
2023-10-11,1.4663890449199544,1.3295627381694255,1.4264905683717488,1.4044428253573749,0.3480981599821364,0.3504058595065181,0.8903351563299119,0.640775699590372,17.67731550126174,-1.0137539897679884,0.09371646942944746
2023-10-12,1.6247323890506058,1.6690015668147193,1.5199418052444287,1.3671824253103706,-0.09611101893681503,-0.09278022312655364,1.3567618286927032,2.0188786300432744,17.854044638653825,0.208280753914766,1.0397664665071706
2023-10-13,1.5384144541413944,1.2555106057661607,1.026541810232248,0.6628319265703027,-1.6845675933195747,-1.6892555543460164,-0.7447061995759016,0.8107698389120119,17.7556758482837,0.6833230091421645,-1.2191455429057847
2023-10-16,0.1534835309982309,0.25037706167218954,0.40088351700462366,0.4787018741985787,-0.4463585374909407,-0.4429267769690176,0.08563736532366702,0.8523409190837549,17.776647503712127,-0.5916317078016854,-1.658733679988681
2023-10-17,-0.005819284147827384,-0.15191254216402267,-0.3223905585033308,-0.3313362116083212,-1.411192382302424,-1.4135459696825943,0.5226137860410223,1.2728648087394634,17.868154284737425,0.5665312120694203,-1.053941166727308
2023-10-18,-0.6260030786263703,-0.7723283906862602,-0.451514119764001,-1.2709676559535454,-1.0116095225544963,-1.0121453451516815,-0.438903126675895,0.658516995670804,17.818550924037513,-0.6453665300094661,0.7480493264074729
2023-10-19,-0.5899153403691195,-0.9378880493658969,-0.6231858457991278,-1.612476862583017,-0.29952311664889697,-0.29649480807088724,0.39827587734604153,0.9758618063370372,17.898168783513363,-0.4245299137332884,0.8398881459611746
2023-10-20,-1.1038965259873461,-1.8176415570482087,-1.8748092144131012,-2.036432209373144,-1.5312774291987474,-1.5375518228758505,0.49865451450204434,1.3131235566754331,17.97734710368201,-0.01072013735753384,-0.1911905531801666
2023-10-23,-2.08181182879055,-1.7710799896431884,-2.0582086779828583,-1.5002104864518542,0.5787391517570588,0.5807894092983369,-1.6373847868462599,-0.24012193697157283,17.840506846265747,1.6861537683813412,0.3934767473495853
2023-10-24,-1.086566858822708,-1.4518446357022121,-1.2107543351214167,-1.0847625089259876,0.7323735441371589,0.7332810768463394,-1.7873940272035886,-2.1617825668845176,17.595523321802236,-1.0367022551069245,-0.6123022030639619
2023-10-25,-1.1739415429346272,-1.3012982246636235,-1.1882706908149856,-1.4773069293199377,-1.237584272146482,-1.2396258308925863,1.7621958592813751,-0.2568319652680305,17.861312442889542,-0.8050505221389881,0.19099445232863882
2023-10-26,-1.3291242866916577,-1.4913992036721497,-1.9897768258952568,-2.0243815045873244,-1.9964619510007182,-2.0049655635241574,1.2509421918692134,1.419211920993126,18.0728990093687,2.360836323821269,-1.4442315987821142
2023-10-27,-1.9595300382489758,-1.8008562263193297,-1.3739077209723285,-1.3426139286785188,1.450058033348178,1.4411592361552645,-1.1608146113876476,-0.43606844976110587,17.884521944562636,-0.7489988627488723,1.6662373283405099
2023-10-30,-1.0753493536360983,-0.9418707808465318,-0.6625146612789109,-0.6430392172272663,1.519738449278436,1.510489394850429,-0.7749061842998083,-1.2192585178092006,17.749901544411973,-0.6056056768824843,0.03495234808175615
2023-10-31,-0.8032768977514184,-0.8552301332091388,-0.775912209515472,-0.35119676705087854,0.5648783336522626,0.5668126027745679,-0.6273649202354892,-1.4523248193122662,17.618744978614146,0.051892512897862904,-0.5953413910897123
2023-11-01,-0.13647326945071495,0.45566236734833354,0.0694838246448676,0.8896378095076128,1.489151577260404,1.477206016750948,1.2533876728596702,-0.03823018608223197,17.857419085400355,0.8053160679240349,1.0290902129280743
2023-11-02,1.538879940482125,1.854317593294417,1.9236456875066195,1.8838418582919296,1.3024877359911,1.2931579801674669,1.3756106741015595,1.6336221405731397,18.163654619230662,-0.7160680243237445,0.2174738985322812
2023-11-03,1.1758200063804707,1.330087802549418,1.1297084904825687,1.3064460772152011,-0.5293468215991808,-0.5231706882323875,-0.0531436126888275,1.4564514333485497,18.194579084246445,0.18263261629510835,-1.6133319557553085
2023-11-06,1.5205193962806383,1.6903434703437161,1.5731291377488665,1.5722918078961174,0.7539380542371583,0.7527713339763606,-1.0161557724870154,0.018571233594718614,17.971910889970857,0.01853686370746687,1.3419878432963983
2023-11-07,1.7733125444050302,1.8001301312732463,1.7145812398165656,1.638823341454828,0.644505413262541,0.6442677594873458,0.16944761476293604,0.189864193675739,18.071548723362724,0.09048715011150987,0.9902489079044935
2023-11-08,1.8028165767214523,1.5259990495024265,1.6708974608616987,1.423400518170834,-0.06555518756515337,-0.058993565155921995,-1.366144020237923,-1.3416450888666438,17.71425176957383,-1.1628998334077654,0.2731418675449448
2023-11-09,1.4674207474679573,1.3081119304110171,1.3788072665485405,1.1239022433465446,-1.3248646518539386,-1.3269136406987083,0.45073634287595477,-0.7043941443648687,17.80010537482663,-0.8097279400688319,0.17440256597879222
2023-11-10,1.3821931973711516,1.467452346789007,1.398090931216271,1.5557969091587924,1.296330267727023,1.2904562616190403,0.9059142120205423,0.2396279042269763,18.007184487331898,-0.01007584053444368,0.5129035965367931
2023-11-13,1.3863962339934863,1.144017457332449,1.2390411625790596,1.0676558710386042,-1.4805059706962416,-1.486480555158591,-1.447155542236712,-1.3587893056760008,17.591198266356486,-1.3759921943551936,-1.180458987480945
2023-11-14,1.4274523729260828,1.3536805664566882,1.3757535054846006,1.4042639535173234,0.4145663658274882,0.417630570226617,1.1987330562810612,-0.30824780040117566,17.911660173430448,-1.140416584481907,-0.8226531053847297
2023-11-15,1.2507179593007736,1.4048228453810427,1.4272688554113702,1.3207846830654355,-0.4450284843361758,-0.4407895697816348,-0.5046943339910971,-0.6941559392414816,17.800607448204936,-1.1104862133967475,-0.04764024431536905
2023-11-16,1.2877013413643967,1.4000278208702301,1.2924758537113528,1.3969029733937834,0.21871133623324843,0.2229492995603786,0.09432083136686993,-0.33474369522021474,17.812111834445673,-0.3650333045570632,0.6071368197114174
2023-11-17,1.2439312210441589,1.1348836583917634,1.1407223768461099,1.2331967633721714,-0.770809283895745,-0.769127348504422,-0.19458993988591938,-0.24706969388629346,17.74581937423727,-0.8179429554991764,-0.7584979554760289
2023-11-20,1.0466792346356835,1.3492120266838705,1.286882490556835,1.4559796882322307,0.26679940235581306,0.27070238534559,-0.353697619439125,-0.5167312734004496,17.65507256346583,-0.3900876355467761,-0.13170393973474093
2023-11-21,1.2919429611042919,1.0488504570205148,1.0954865493308048,1.026973120020137,-0.9638895809792186,-0.9659491376816166,-0.6394914857123716,-1.249798015114932,17.45662996840243,-0.7166925090220457,-0.663666546220278
2023-11-22,1.121429646353516,1.276717610750295,1.2050594585252543,1.0400693804913475,-0.1231179467395411,-0.11922311335221457,0.2041189295849139,-0.8252497914820306,17.494786571301724,-0.039676666433404985,-0.25275954712750764
2023-11-24,0.7936419015101119,0.4429716226903826,0.5617242427467355,0.46637163721508934,-1.1293425727904536,-1.133605402471881,-1.4556046502929787,-2.0822094449981323,16.99557490752996,-0.8583087986504855,-1.2875673346749092
2023-11-27,0.24312936396129967,0.190554198813556,0.2542053570816677,0.25159269192791694,-0.37190683329940766,-0.36930049020280675,2.140083815708348,0.6220182804133193,17.51811047950191,-0.5779757558288041,0.46824792453793246
2023-11-28,-0.07196189948085109,0.21626935169314973,0.37764475333531006,0.43482509744311865,0.03154683410857413,0.03447942819851966,-0.2513934268171698,0.24742429058018137,17.463969004860132,-0.9085658631956142,0.5786488659081611
2023-11-29,0.6596311552306634,0.9276641701019451,-0.27103085161835083,-0.6655034376248735,-1.1437578611579635,-1.1452219313360565,0.43853499277017244,1.2551471003032033,17.577040874949343,2.5167159765674447,-1.023337748507043
2023-11-30,-0.7739515404660972,-1.1496530692616265,-1.365504189051826,-0.39347292486838925,0.35843675779317374,0.3607022011677373,0.4045159112659987,1.7155401667232186,17.703126130634413,0.23571444907685593,-0.07866768528710943
2023-12-01,-0.21104213067706984,0.2705612193395958,-0.08926939547174863,1.1507865502569707,1.1230820979057636,1.1221345168430517,-0.27706655629407934,1.1936471402372586,17.637155821093373,0.6595746776079009,0.657022162416436
2023-12-04,-0.6887496743928959,-1.4313209368517255,-1.8774561413135378,-1.1903485186856648,-1.496765474172901,-1.5007801302923358,-0.23351065390554207,0.8689041360280167,17.5857280573627,1.0770694391648077,-0.8452154638131214
2023-12-05,-0.4062376925933337,2.1701763791095687,1.0135312466311985,2.364429242890345,2.2726232571336737,2.263832418283746,1.426612726873599,2.0807071605072966,18.014641486051747,2.315933321583331,2.6385275869514873
2023-12-06,2.6127827629132385,1.7394504110187987,2.0116655757077786,1.1971048697173297,-0.740700362563414,-0.7423467740695204,-1.2776484859117738,-0.1234827667804042,17.531268064123456,0.24163911959946763,-0.3073615258594608
2023-12-07,1.5846883544141563,1.524260040877301,2.1091015712217054,1.8630259919855685,0.9148323564313192,0.9182264458487546,0.25030265767865917,0.24531444677252828,17.675770706145904,-1.1514057783705125,0.15564995438411772
2023-12-08,1.476790511958663,1.5327162254792113,1.5913931769692395,1.8404582476931042,0.48857192778158015,0.49253979204992515,0.012064151354327183,0.3062028928754265,17.792896138654108,-0.18011577767735018,0.1750767138339182
2023-12-11,0.7510830826831135,0.29020319422505153,0.4576908902462303,0.5707369924919585,-1.4335059797212462,-1.4413541269631653,0.32364773085195636,0.6973081495257585,17.925461061545143,-0.498238013994899,-1.7983199633625617
2023-12-12,0.5885546394035683,0.7081610323171917,0.48823807025829496,1.0307858231537923,0.5380332821788052,0.5415579680028333,-0.8057588502536674,-0.5096094407934233,17.780067207228456,0.5194901534571127,0.3117003516717399
2023-12-13,1.3019507381363924,1.6532921972333172,1.4691598565414126,1.8089549769640154,1.1104538770219847,1.1073475046197352,1.0052100592668778,0.9341191294234641,18.069763492643347,0.662281867031762,0.20636673940995973
2023-12-14,1.9093145645000504,1.7447994453441726,1.5598874889130536,1.4781989141117804,-0.31821263910109093,-0.31354271443146803,-0.433889812159611,0.2618877134845882,18.017686595507353,0.850632389615356,-0.30411535657770145
2023-12-15,1.3682682162525535,1.0741869885807223,1.4640038472421089,1.0475266355016921,-0.5394353405980075,-0.5362654412406146,2.0630271032857896,2.4023048197370134,18.669544290162865,-1.4113080278596684,-0.3443019692838619
2023-12-18,0.6733130495958108,0.26378356656588314,0.4057684651951624,0.27684835118545503,-1.075077169872864,-1.0770576436944392,-1.5599282803665755,-1.1246312895425836,17.836422066377864,-0.4038534222632602,-1.2285756186019317
2023-12-19,0.5810019466087569,0.3084599521568376,0.9346410245137133,0.6302473543048455,0.3792797202013204,0.382618613239535,-0.7109494638449351,-1.3641389001784665,17.522085052325213,-1.51820247598702,0.28248994321847043
2023-12-20,0.8320282145230697,0.5496562828347892,0.26315545981723165,-0.6439139778179276,-1.2246684529728646,-1.2270316867894329,0.4761164945426122,-0.8385311474079552,17.771412659412366,0.6654559282437722,0.8054146010923449
2023-12-21,0.2733371723954119,0.1253017863398106,-0.4629775751341688,-0.7754027103402121,-0.10907133176470911,-0.1049889829632043,-0.44182505668136457,-0.9357644968393397,17.654586477149827,1.272660136748081,-1.0215303636681963
2023-12-22,-0.32823447407347156,-0.7593340406838008,-0.6995767628672489,-1.1858373013038428,-0.49224231974597893,-0.4903460710891065,-0.57604489874701,-1.0571711682625087,17.4297419210096,-0.08346560861427862,-0.39517235548455787
2023-12-26,-1.3695203382394727,-1.684379736224802,-0.9510535533303411,-1.4655820536217097,-0.34208225927940006,-0.3397953333723966,-0.528340834486152,-1.0656655831602904,17.180019784838255,-1.4127753856475997,-0.6198228644695762
2023-12-27,-1.898351502910379,-1.6527722216574516,-1.825589797579378,-1.2213289038187107,0.16782560711942598,0.17180383742186614,1.2681191984672708,-0.274871755400871,17.688537005914377,0.0911686384743338,0.4953950131937162
2023-12-28,-0.8400586623589473,-0.8665619072770523,-0.5587620275644051,-0.8277090067188478,0.9020935963260117,0.9016329415267015,-0.6614981926628982,-0.5821938390560647,17.343337683066583,-0.7563753685989114,1.0289504537335403
2023-12-29,-0.8102141990012788,-0.8547552235333562,-1.1059648595840692,-1.1880893955888283,-0.5263551366513364,-0.5248415739355807,0.438972683799801,-0.05657922604403821,17.568040662612805,0.6811989767002539,0.23981748853606094
2024-01-02,-2.476905527358021,-2.391454150726599,-2.575458573127183,-2.5418242146316827,-2.5747266232569195,-2.582319864218719,1.8765590613521728,2.6696339633315205,18.228171884349607,2.0317051674233575,-2.366586087939966
2024-01-03,-2.1216104219296055,-2.073197736796302,-1.851031664252915,-1.9708697690450288,-0.12538454680333327,-0.11896714262465592,-0.8321300717381088,1.006287487907257,17.88307472177044,0.076777003225046,0.5918421524305422
2024-01-04,-1.8219684541378938,-1.8999232809144708,-1.7707224431083985,-1.8288726550221461,-0.44450998287710436,-0.4364218279201397,0.2525815456301254,1.212540873620334,18.091948887149307,-0.25737154128705525,-0.3148500265430443
2024-01-05,-1.4454010969608924,-1.5190669797274339,-1.4775909164640337,-1.5084034723597637,0.29035546483806274,0.2918404462860407,-0.5079085791785758,0.573339049464305,17.947524967907768,0.15400150575036173,0.146042477734438
2024-01-08,-1.1606774640045059,-0.8127976388996124,-1.0099029527231431,-0.5560823856758323,1.9597064623121245,1.934769826648028,-0.3282408244077324,0.2671841130287265,17.895494177034,1.4726531591815561,1.4442088045036376
2024-01-09,-0.6794074896987269,-0.7339568931628944,-0.6362773354207458,-0.49798855302066863,0.14219244238933584,0.14836886067099428,-0.8269117270537231,-0.5960051011565631,17.573024842809552,-0.13415920344794713,0.34515919896674147
2024-01-10,-0.4585853586992483,-0.34721065501380316,-0.2748437597924188,-0.1586092356656967,0.6086267465498942,0.6106354966276255,-0.049537429791553615,-0.635995716661445,17.661242061347895,-0.26640800304699136,0.35172364164790687
2024-01-11,0.1086858488328374,-0.0706965670594691,-0.20101854897339552,-0.1416842022373798,0.04393840343294947,0.050590325573612815,-0.004767719813575395,-0.5406408092407292,17.70994785730947,0.6358926341755076,0.12549250058866243
2024-01-12,0.23062444004592902,0.05813089233283843,0.4615083116001175,0.17395838900921823,0.3804071238576425,0.38505088422319145,-0.6638565208679021,-1.093938844520341,17.515446191651268,-1.4260362536019369,0.4756023768897513
2024-01-16,-0.9615484974541395,-0.717489236721131,-1.0234302138857847,-0.49879498695459806,-0.5055682913372682,-0.4997334829140562,1.3051099568352125,0.043770877897188025,17.999131999819177,0.4875017086860794,-0.3818169424390826
2024-01-17,-1.2064051721185571,-1.263164721232004,-1.130623672003667,-0.8556845753191171,-0.3393627681460792,-0.33756387194307025,-0.8993537263449098,-0.6942160233813943,17.672388671643855,-0.08631929482680512,0.34710474876424413
2024-01-18,1.2140209195676155,1.8333528067142388,1.617051958067117,1.7588602976985652,2.0246091706183114,2.016084730283733,1.705892485362338,1.3664835040129746,18.17229375368329,0.6029148730326848,2.3447992504496713
2024-01-19,1.9062913841412417,2.0549678137868197,1.99454117140759,2.0307981991806248,0.7148132769631865,0.7212678226559031,-0.46408020957973295,0.9241229928876386,18.04585639139806,0.19630859668163927,0.12529803427255742
2024-01-22,1.9973193664147826,2.1023022653252887,2.0816052250330177,2.004152734682015,0.37394219753207203,0.3804623352949074,-0.4866612017561418,0.32095450574927215,17.912084317013168,-0.0009112788697527352,0.70373258018754
2024-01-23,1.9041859533111203,1.6217895534415705,1.7724733610923484,1.6983870485825054,0.1188783702010944,0.12505598981988547,-0.8788532572874163,-0.8876077090200126,17.561611225335124,-1.365778391930883,0.08149363740941647
2024-01-24,1.507690617748201,1.371852005347401,1.4438796250060628,1.2253009652972113,-0.6631785767638565,-0.6635189151096335,0.5740722402176058,-0.09794918471322761,17.797643429475237,-1.0513008074843195,-0.7807825194552812
2024-01-25,1.1754548206585367,1.0907226122154383,0.9839109023220907,0.9459547932783131,-0.4602003259289155,-0.45842590524438037,-0.11363388284220284,-0.1264203555972637,17.819603973533187,0.43701411372252574,-0.948889190910788
2024-01-26,0.8265135624778925,0.6547179887059217,0.62052210880443,0.4587299431680842,-0.9432497397840093,-0.9485737299885239,-0.6342482461977897,-0.9126988169976986,17.613109901216994,0.10681125513924994,-0.9862966018348867
2024-01-29,0.3153530686332186,0.061217147976186874,0.0942793501631184,0.1992963912657985,-0.49386147407665104,-0.49246032621580604,-0.01132534318292134,-0.8486773896483765,17.66875126470606,-0.36741325262871777,-1.0619043147770553
2024-01-30,-0.05402531817627953,-0.2040937754691468,-0.5228230749817177,-0.8403005030448685,-1.47943993963248,-1.4956501958337485,0.5776085479146952,0.08602090840312605,17.838348395187147,2.0791464672749274,-1.4880543594335498
2024-01-31,-1.3919996320335974,-1.8763079942438208,-1.6667530673652173,-2.0463576569466033,-1.266543398219101,-1.2769774012225057,-0.1902876022992438,-0.09035049407080467,17.831313248195315,-0.12005051851240722,-0.17142918837953428
2024-02-01,-1.9791870702305085,-1.6679472803129276,-1.6127581412989958,-1.2106560007240308,1.1163799124571265,1.1129290365112774,0.9649331492935839,1.3201820624918423,17.988133210299278,0.47314037902080697,0.5215840913472648
2024-02-02,-2.021829763349058,-1.2817671571744043,-1.9103248681459994,-1.2060618111534185,-0.2145519431738662,-0.209632354831093,2.044338165126905,2.5561507105856753,18.44554896063563,2.655321693876164,-1.2113028814087323
2024-02-05,-0.3830756325933277,-0.64685381167434,-0.49778831803735585,-0.6072889900621085,1.1793172628960913,1.176092961487365,-1.3400721611113424,0.45025073809767857,18.05926315715533,-0.002518020394121384,1.9233911797449603
2024-02-06,-0.49042879667960027,-0.49216151673183806,-0.1874989424432656,-0.055252755726935686,1.0318583494267226,1.0305004366037003,-1.4490491586239702,-1.0654570086637425,17.588060002431344,-0.5229636020084152,1.1480027231815784
2024-02-07,0.3698552295584801,0.1390631855492223,0.376561271309217,0.13841098918385225,0.2800843436204183,0.2844572112967174,0.6831058332102222,-0.4605123932567273,17.794051393155655,-0.6278455882845664,-0.25274621413987
2024-02-08,0.2577703597282308,-0.15339368621031566,0.24362790290881414,-0.03287970055523745,-0.2428193718276889,-0.23791928128693307,-0.8223425809793612,-0.9695347077803115,17.52815539004134,-0.6907537020053811,-0.12271806161698927
2024-02-09,0.30690116524210354,0.3974151111701294,0.6991450676499116,0.4989614489171398,0.5094176100016147,0.5119608312629818,0.22096285266032295,-0.728555074404249,17.625616024991423,-0.7414884487137868,0.2881411710697307
2024-02-12,0.36504133001493466,-0.14367639385038256,0.41325328228456587,-0.15340954863523332,-0.5854029269922433,-0.5813328629283232,-0.3446667000607125,-0.8354639111010074,17.547973813296938,-0.7380881700522605,-0.4087206087264706
2024-02-13,-0.3017987273199618,-1.391021391621828,-0.6254159705069054,-1.1881425462567574,-0.9380141931990814,-0.9371796315929504,1.0178215066415974,-0.03302076505096147,17.8502732014411,-0.2130046906671637,0.5395279514905528
2024-02-14,-0.3948163821785186,-1.55366767705471,-0.907270265503927,-1.6932368082117855,-0.5645037946390709,-0.5625844112553967,-0.23926092892095682,-0.12012144815216474,17.81610291111513,-0.015733027523119114,-1.2314702284643666
2024-02-15,-0.9444729207902492,-1.7032173618669069,-1.124008867874492,-1.4655003548660381,-0.015053553621772424,-0.011840378323244635,0.5055924578532156,0.47835191663753135,17.996560215554354,0.018383685334959852,-0.3756200247629053
2024-02-16,-1.4726696024904604,-1.284138777154403,-1.3031818691413934,-1.696635017195971,-0.8980073043075881,-0.8988144343918628,-0.79528654495242,0.2821075668513366,17.72154367980436,1.0278033110828972,-0.1109777738498255
2024-02-20,-1.5925654656666755,-1.6845259127649421,-1.4742408152553061,-1.5076743893073905,-0.15293969287434045,-0.1504710098183259,0.3392079925538396,1.1129041632043004,17.798282776940614,-0.141670712992055,0.9306826630774432
2024-02-21,-1.2386111531657957,-1.2114689010155277,-1.0258608232167654,-1.021660328078981,1.4527311784904735,1.4502650472011271,-1.1443828835183212,-0.5497198191639625,17.541919415966284,-0.5132537856022669,1.2666707994115491
2024-02-22,-0.6015023568816452,-0.3725363117055094,-0.326398236646845,-0.15845055275269235,1.9479443763513986,1.9420937315374578,1.1219996680527011,0.831828665914356,17.7723577974567,-0.048755623254744196,-0.9417870010897738
2024-02-23,0.11486087825491606,-0.19992830062691383,-0.2643912346456218,-0.7325209732835039,-0.9524652998787803,-0.9546840371153418,-0.8098334177371707,-0.34167749382223894,17.62482953835907,0.45360549679229867,-0.9139532714946004
2024-02-26,-0.897818831664345,-1.0882140624131442,-0.7907030795752766,-1.2514198156529233,-0.46938676096102305,-0.4687427230761569,-0.4993041826172326,-0.990363339269117,17.52584326164173,-1.0449085114350667,0.22531498538739794
2024-02-27,-1.4067576047113044,-0.30586721565009745,-1.5260211170210065,-0.281679077394857,1.3487799180555406,1.3482493163210456,1.240955542632326,0.7864164278084683,17.810382809051283,2.355749427093488,1.4520979164581325
2024-02-28,-0.3812286682219951,-0.7837008345057319,-0.924075949864342,-1.0553381929124173,-0.636642702556736,-0.6364193303480755,-0.505732788854492,-0.04207586818572693,17.70638961733029,0.1855445126557052,-0.10061714946794033
2024-02-29,-1.1155394157771348,-1.0671779220236088,-1.2193409629408214,-1.33929415261522,-0.25395973469042044,-0.2515075606162174,2.679694536433149,2.761669637899939,18.733172014881045,0.27805888461081324,-0.889934328153723
2024-03-01,-1.7788282697194664,-1.9623019142883413,-2.0366663345465743,-1.7359001559916016,-0.5048675811950301,-0.5039366421097944,-0.919746611459206,0.26000202228169317,18.112632699155377,0.49111187376998605,-1.459097525130159
2024-03-04,-2.2552528180587323,-2.3721412442029344,-2.3356759410053756,-2.446314049135483,-2.0693600787620605,-2.0823469628747775,-0.07395295912069122,0.33085342904849613,18.21623750918164,0.5150740416845758,-1.9549970616427375
2024-03-05,-2.3313677937027295,-2.3165264311476284,-2.2304674234214885,-2.3198372338011595,-1.7052991570362142,-1.7139050599693086,0.005361165899243353,0.5214182522259219,18.37078017401057,-0.5048460426551815,-1.057049376398129
2024-03-06,-1.6434642672443731,-1.762008968941903,-1.7416996156731883,-1.782638191349239,0.12433318493556286,0.1296187041113672,-0.7011567937955456,-0.5018754650591509,18.043623790908224,-0.35297386477428966,-0.1357716936273077
2024-03-07,-1.531747820074084,-1.4410744083121525,-1.3980917340541696,-1.418462274621126,0.7274796349659869,0.7269864028305865,-0.1457132866354911,-0.45023692488610184,18.088908857357907,-0.8871741600898364,-0.1213467770433212
2024-03-08,-1.2719773420240377,-0.7474594145873106,-1.080699911007897,-0.9144594190015859,1.361280951655337,1.3509066764889255,-0.1561659427048839,-0.44937478784790563,18.14775067039383,2.097145580659415,2.0277732966575694
2024-03-11,-0.44674440412521965,-0.4868683075440842,-0.35947701277300587,-0.4327690037448465,1.2084126412095215,1.2000560936147444,-0.5698332607404808,-0.9798002735273856,17.91217743818395,-0.8805174026574064,1.37837177615365
2024-03-12,-0.2794775330339893,-0.40895911199386775,-0.4304923982283695,-0.1982197233912838,0.6043666070162148,0.605606124861044,-0.1885969160112105,-0.8961450361291005,17.906940894619655,0.12437156630225533,-0.10252682036541921
2024-03-13,-0.19360256316506516,-0.4432120965207816,-0.33318506172397133,-0.48627481474306977,-0.4774221254204506,-0.4714511289637136,-0.3730858730912004,-0.9963850076619554,17.77610848535129,-0.6113518450498765,-0.20010085902414243
2024-03-14,0.05196085630471884,0.0714529269859684,0.28160605872495836,0.19154103380452148,1.0576744618105043,1.052403668501407,1.716366909992649,0.011765004702267892,18.104784378734294,-0.7482539895111885,1.32400727371321
2024-03-15,-0.34486203533522763,-0.3883153988974807,-0.16197169040395354,0.47500694866308085,0.11817392286998828,0.12408409764128946,2.082407306660079,1.8254531157707312,18.61677946658376,-0.5299353868955891,0.5423261953277415
2024-03-18,1.8514239431243715,2.183500463302633,1.793121515237061,1.2455566770618962,0.5680560827642994,0.5680399909987719,-1.3027181525488778,-0.0922905554124092,18.14102240838894,1.4191035495807947,0.09304098116406599
2024-03-19,1.0107488812118288,1.2834508925374688,1.1961047424017326,1.8132095048197103,1.1773890879939906,1.1730769842330602,-0.7965294932868338,-0.7384659037783667,17.826748853771875,0.6277026777148964,0.5768658891888905
2024-03-20,1.3065355486432257,1.688342805752013,1.7411062333569425,2.044374130874982,1.071690449526892,1.0670322515182413,-0.15069546821169338,-0.6686933149368303,17.79375381338098,0.48013469817308435,0.2541257063424407
2024-03-21,1.5298858574823495,1.0358361694583658,-0.5159602035856111,-0.8105027730294897,-2.4882780393193045,-2.4990909802649632,2.00133217361702,1.483229440553432,18.480658577823036,2.2457536565844025,-2.4615010927614627
2024-03-22,-1.0534652515329501,-0.978139270900361,-1.1247586058174808,-0.5287993459116371,0.2541925763624728,0.2577563720873758,-0.8681164527822905,-0.020454190987684612,18.07969073153292,-0.23398220239044729,0.45842940817927696
2024-03-25,-1.3805568140306255,-1.2439716725859755,-1.2147923133124916,-1.0096835238796473,-0.4412776865087807,-0.43027934715987143,-0.6560759049350514,-0.7277840678829767,17.809819310494166,-0.6266520422715559,-0.14105841026285418
2024-03-26,-1.3291951594758082,-1.22931681495924,-1.0005631412072375,-1.2087500160089706,-0.2856418291239428,-0.2758936320813096,-0.03488467459466976,-0.592094065907891,17.86535276769953,-0.9778772632845459,-0.08553763058354026
2024-03-27,-0.994704098100577,-0.4315557610896784,-0.6715746142957179,0.05734539069430566,1.121394371725216,1.1054007629596705,-0.08804989040834907,-0.5643988283917348,17.914399794160158,0.13088829265041133,0.7678857825137789
2024-03-28,-0.4198684027237025,-0.8338358392438118,-0.3828081339191941,-0.5764159050938593,-0.5553892873621893,-0.5451605341369405,0.065239385488529,-0.24693315245683514,18.00019388721323,-1.0888310816889146,-0.5504341669656363
2024-04-01,-0.637906657242941,-1.0854783990801107,-0.8483282177713721,-0.965844866474412,-0.3972685217222985,-0.387463728706998,-0.6486667600175574,-0.8317213444173496,17.649366617044787,-0.9728582160236992,-0.1631284371975819
2024-04-02,-1.1805106093172222,-1.3876218965433786,-1.205974439169113,-1.124513880160476,-0.24266715088302082,-0.23368759370837536,0.15191189784894416,-0.36846181043602916,17.71403285761041,-1.140315691471314,0.2519884438701499
2024-04-03,-1.0481599264362016,-0.7733261844046203,-0.8499195797438297,-0.6988004108620867,0.49258890699339236,0.49523938159492253,-0.17659219918543606,-0.4512565222518237,17.68026795749322,-0.41317138462567016,0.5033252059909512
2024-04-04,-0.3448821689574484,-0.17073077908755427,-0.8854186487517035,-1.220835604173293,0.041219564901464875,0.04812035127650567,0.20995284919809912,-0.049268684484420185,17.799005511428202,0.2533164734795965,0.724223365964498
2024-04-05,-0.734637096463677,-0.9460666827691315,-0.5854193808470811,-0.5852237296895103,0.5567690247714796,0.5626249270109381,-0.8159977963249163,-0.6584991685051814,17.55449362282273,-0.9766467589743913,-0.8145083467127859
2024-04-08,-1.0748383224059157,-1.4828296361157343,-1.2464807376339924,-1.1064475780833,-0.45672559648940786,-0.4565563516780779,-0.3890775131616562,-1.0803207487924997,17.43786287495391,-1.2712082374102274,-0.6240739537125345
2024-04-09,-1.1393006729916657,-0.6839900076693243,-0.9146832388998117,-0.19670798839037576,0.7952008045657881,0.8005084139992161,0.9936101260195788,0.6531933838049641,17.563865762429778,-0.23421448194153124,0.8186484115484017
2024-04-10,-0.8824060827259137,-1.1422712670752977,-1.7419252785453347,-1.2377690978342506,-0.9734424273545204,-0.9784344165409204,1.0904498283306574,2.030822001007792,17.72170261641496,0.0776631403367835,-0.18222285204830088
2024-04-11,-1.0576580697097073,2.3385887317956255,-0.5356334469687016,2.4840553660857596,2.5925200801428336,2.5831811935461975,2.4482427225227292,2.7200850069409195,18.327142304688422,2.6983272991481546,2.5276469557544385
2024-04-12,2.498848392323715,2.2389207464806207,2.6955356911932307,2.0907726222129295,0.35295823642598384,0.36351596957620796,0.11843136210246252,1.9494436132374937,18.436488155895475,0.7661110937084823,1.2677260012292952
2024-04-15,2.0633215141995835,1.320995195171267,1.4326119640053125,0.6609242504434131,-1.3514157091877603,-1.3731788486682694,-1.16601612162337,0.4689042264509145,18.1132285372765,0.6472405903049624,-1.0509950605736706
2024-04-16,0.5043987732136704,0.36421003220835774,-0.4722965087110982,-0.46534576224718804,-1.061914022397111,-1.0739742522214293,-0.23448257126332353,0.25909348689314377,18.115665326615694,1.131713064739216,-1.2912097458148506
2024-04-17,-0.3935554824523447,-0.5761146270926438,-0.5604724538335082,-0.8428413749013749,-0.39356796480144757,-0.390958805528801,-1.080873000563657,-0.7097268161401535,17.745397076527258,-0.30992590159484146,-0.32468343319647436
2024-04-18,-0.8991470503165225,-1.015883781377321,-1.0314422633741465,-1.042170652956443,-0.2581076454217155,-0.2532046243903891,-0.514378268223933,-0.9253658896688247,17.579564759667488,-0.5251630943438574,-0.3269682826197988
2024-04-19,-1.3145898646826542,-1.3705116018539971,-1.5540443331333742,-1.3521135080956117,-0.5114256698322152,-0.5121323374194511,1.3020994886621253,-0.1152381700890066,18.03166117855,-0.4550299972468843,-0.3465837796589086
2024-04-22,-1.2864241061872543,-1.054758068801287,-1.101127296448885,-0.9959393798035532,0.3430590450214421,0.35426720216628166,-0.9748927975449964,-0.9560015558317542,17.689133654087478,-0.48986173724786813,-0.37813082146794014
2024-04-23,-1.1382876871285657,-0.9779701959200175,-0.8951403659018741,-0.6345053667083744,0.41720646369401126,0.42875538360775384,-0.10503335590329503,-0.8830309636959965,17.718246592667263,-0.7369550572665835,-0.4250690567323764
2024-04-24,-0.710394848488242,-0.46987875564944476,-0.46954403634594033,-0.13360456098443804,0.6202036108974643,0.630103057927033,-0.19986535204345354,-0.8294567462944977,17.691943711477524,-0.26899603195370936,0.6090489005341607
2024-04-25,0.087436228441898,-0.06212904533608338,0.11580745691690748,0.24938310847675613,0.6612906331081907,0.66287914057893,0.2928142147190673,-0.47032188322646185,17.73863770359902,-0.5841253314224828,0.8254702945418311
2024-04-26,0.3501273460856491,0.36796575951958277,0.7624125154536917,0.44421342691875515,0.05666996455768403,0.061794780745844276,-0.2389905810234571,-0.4099458714317145,17.61857549540751,-0.7102568634399659,-1.0831891419540056
2024-04-29,1.7622112499080902,1.9341025721255716,2.17477114192343,2.1118298916836924,1.8829011755791327,1.8695483551456662,1.6415280944442596,1.7626856858049826,18.037506356443973,0.05440010189118976,1.8674308398388701
2024-04-30,1.552312700089771,1.4672135836645732,0.9012274070722708,0.7444770596959942,-1.4840871435709395,-1.4956250355768532,-0.1906900074343568,1.599045358440748,18.004176948095473,2.6261714350674237,-0.33081486550313444
2024-05-01,0.28601836168489936,0.6817122995794581,0.5324818887847894,0.2764975657750132,-0.5470838990581849,-0.5443663918078239,-0.9164530169427079,0.13742815535877762,17.735166379197736,0.8549811551183812,-0.33501962859861284
2024-05-02,1.0495269372582565,0.7386904148064528,0.9586963744426109,1.377441466548976,1.318266311508632,1.3127042832991305,1.9128050927332456,2.1124962580862983,18.361088911750084,-0.4444002449301256,0.9484168537409985
2024-05-03,2.491149973537981,2.4302945635653526,2.4559250065439087,2.503023084641527,2.2830304574035516,2.2615141002608143,1.4281453740190908,2.3934947273646414,18.91063466728708,1.0740429364506985,2.254298019720417
2024-05-06,1.4024149703824593,1.4979114104167877,1.5438345384986234,1.6275060641652848,-0.8286323597613006,-0.8352581657901234,-1.4674578621763865,-0.12911989275282304,18.179496699621026,0.44254418707534354,-1.3160578597936499
2024-05-07,1.2644835465181918,1.3011414463450606,1.3562156367502571,1.3814760690514487,-0.23866620584854925,-0.23196492292903376,-0.3145410319649315,-0.3091490722598323,18.163279556020033,0.09382383678163855,-0.23016659993105618
2024-05-08,0.9729321142470009,0.8367861897855688,1.1279792430586135,1.1585973667406377,-0.2757400634795892,-0.27004489568686807,-1.0600465438159805,-1.1265941657356167,17.623441154458394,-1.584126899681912,-0.20557133471906683
2024-05-09,0.7583964713456627,0.8988761988437357,1.0147576942275953,1.1712550902494672,0.06554458408970443,0.07623818438245286,-0.0010424881765643645,-0.9566540204563536,17.706983877517455,-0.7116284083476857,-0.018764797906628033
2024-05-10,0.9584651522615211,0.8388290696009365,0.8720393036515506,0.8005101673129611,-0.6657393984453973,-0.6685954504470614,-0.14178270218310132,-0.8768773723937884,17.742609370186884,-0.4111811819129522,-0.78105778919469
2024-05-13,0.8555230220287966,0.9765929894523607,1.057262044849463,1.078887576130965,0.45777018070577286,0.47124620833762465,0.7128064895293528,-0.29426607320888504,18.09279871958282,-0.812696632352415,0.6918012083978492
2024-05-14,0.9820899714026889,0.9802263707409793,1.123693037273913,1.0724206117829727,-0.1849688423680105,-0.1789456599257598,-0.7230396067952527,-0.6502397938736629,17.77429502351361,-1.1485719371145924,-0.2500191585093694
2024-05-15,0.9942505421111393,1.2795745093295026,1.2254750169113116,1.423623951585021,0.023651475505327455,0.03260301388470805,0.46625417474052644,-0.24792073018572444,18.069703835332817,0.3237283490584268,-0.31647839069551986
2024-05-16,1.8509609807692826,1.6344798310933413,1.8954597982131467,1.5525332999999244,-0.4621551109377614,-0.4631623859719011,-0.6649175700518763,-0.46370258691235394,17.782877461994847,-1.4484989310306666,-0.13541816425574665
2024-05-17,1.2641430519306733,1.2481162919901996,1.3573355771109281,1.2394276182073773,-0.42266454682303606,-0.4197838392241477,-0.4454986795290058,-0.6561600146137925,17.53595895283112,-1.083377103126093,-0.13431285379778193
2024-05-20,0.9928262477134504,1.2755859517449144,1.0782612994240115,1.2888205918973363,0.1416673605403127,0.14476497993852686,0.3533867984697508,0.08861513686792573,17.60787804824,0.5268258743682736,0.381087763655157
2024-05-21,1.262012392042526,1.2179744899519076,1.3122299764595609,1.3575903852153677,0.19766383137230634,0.20062882373624397,-0.08075231594111679,0.4340161336094599,17.560519865186436,-0.7649915051668521,0.21625506102989836
2024-05-22,1.3523465648114044,1.0796335533480237,0.950372976514866,0.7854288509219757,-1.5019518636071454,-1.5067117067920721,-0.7447094414917104,-0.8432516599783256,17.360765021481132,0.2237761196330493,-1.0068745033208193
2024-05-23,0.8295951390800688,0.3353278169926135,-0.3547795326428778,-0.6653173649719565,-2.0242971423873546,-2.0358839781007223,1.5262556602001964,1.5918415688076337,17.747451889877542,2.0455461873632963,-1.645429974142462
2024-05-24,-0.25467500169590174,-0.06728716008535346,-0.08054253254835518,0.281618205377757,1.1013683323252657,1.094356212164553,-0.9703327491201641,-0.6656310597560936,17.407179555390893,0.04115921852376921,0.8814066080182261
2024-05-28,0.9948116146269104,1.2104673668738544,0.29606543281779313,0.11765089771971475,-0.18639267357556005,-0.18098415077984964,1.415266045938895,1.9399654701953757,17.772126378623554,1.2552776895277065,-0.09499956340125953
2024-05-29,-0.4027476941732819,0.5854349555313972,0.41597536963828596,0.14722642865472185,0.0013250606899447809,0.00603376840671454,-0.07289333255466433,1.5396398008958478,17.78708468686269,0.011425687095691325,1.1338521980907568
2024-05-30,0.2977744990002499,0.3788924000647619,1.0567920787566074,0.7332651559762794,0.44272824756166484,0.4444671741962139,-0.2030578732927854,1.2174083824420978,17.726491040153864,-0.9971088530487002,1.1908092569781914
2024-05-31,0.7985652502381891,0.6592912098857278,0.4632138247187909,1.1390553341375151,0.37139029724021505,0.3735262049391489,1.4573052958661197,2.2232885042914323,18.135107127144938,-0.01968344863462828,-0.6048269473598856
2024-06-03,1.5690623939222792,2.1553491630182524,1.7659024687441538,1.6573323186286244,0.6845254662901973,0.6830999368273701,-1.2625117834793487,0.13163786606166997,17.729142288699688,-0.3701678452283385,0.7028938985938508
2024-06-04,1.9803586327963916,1.7250753672636783,1.5514070243686144,1.4287945499798376,-0.011478329326585901,-0.006837726408115939,-0.31663645928319756,-0.16866683993161607,17.67563800346886,-0.49739395389254,-0.24375578975233225
2024-06-05,1.7338819168214172,1.8799178925466553,1.8050373167946439,1.634440106723316,0.5812670912928709,0.5813370598937295,0.23935728731742023,0.17355034651432394,17.807394119092677,-0.8468746922090827,-0.6521802516985862
2024-06-06,1.4679062747694605,1.3245509169660246,1.2272886351871928,0.9199041610229174,-0.8821334964254107,-0.8771745747177444,-0.9404242675436358,-1.0736058065007992,17.533506993430308,-0.46255933970794316,-0.9591734649250222
2024-06-07,0.8530600388910955,1.232818670985062,1.042833891720992,1.5630197027457942,1.0602369165213343,1.0591782355954589,0.8343437702263726,-0.061085078495237165,17.78776094867381,0.3668677233999619,1.3375678958174733
2024-06-10,1.455133667466574,1.1879960191720413,0.06995705264992659,-0.05908193760587437,-2.285477533179844,-2.2933547120940454,1.86981249251514,2.0220119061740207,18.392919964598434,2.2685270231124153,-2.1234209719426365
2024-06-11,0.03655308682149542,2.5219507651068005,0.6235684418074825,2.5793334972312847,2.6367658958978932,2.6216371094673088,1.447316720294657,2.393560839451221,18.96517303761147,2.7405805031357815,2.5654391494818696
2024-06-12,2.5961836000720266,2.4914038196197055,2.6843501648766304,2.2265604840797386,0.6844597283800166,0.701118080755751,-0.12734022055431266,1.5880476214897172,19.104455646604343,1.728384275079863,0.46066466047040466
2024-06-13,2.3015824940198573,1.5645884242876416,2.170041373021482,1.7227878019628289,-0.24936651521601907,-0.24337204393736134,-1.4581459103738323,-0.5143622028795748,18.399076044098358,-0.07819779348504328,-0.19402458226462993
2024-06-14,1.6187626966472672,1.1340980228263733,1.5939998431334976,1.2141072411771905,-0.7265644957270696,-0.7345546580381189,-0.792052526408495,-0.862056617850717,18.06575713695599,-0.37097921833956854,-0.6107866854793834
2024-06-17,1.2442181223510125,1.2081718023377626,1.3764557240906357,1.3223548412085442,0.3232192217086223,0.33819870823511583,0.44130366087999073,-0.5119753954583418,18.355910740024722,0.05222969838252668,0.16688972794200177
2024-06-18,1.3394948899287993,0.9654380579420933,1.1352305555801794,0.8824266464846467,-0.7972821552571068,-0.8064532708752894,-0.6361496047658944,-0.7640110080858995,18.196828203865003,-0.15289653574883155,-0.7744340022459838
2024-06-20,0.7927105247878848,0.41236390555657015,0.5512600473150726,0.2755281095235076,-1.013580464469641,-1.0317859187165188,-0.113344486833925,-0.6630330202156097,18.271861670817042,-0.2701205941173181,-0.8913283893705228
2024-06-21,0.3012495947104069,0.019463074405526085,0.2332730345964375,-0.1308734534795696,-0.6064321176286186,-0.6086372858296952,2.2308344490628564,0.9596765352384711,19.32255364055978,-0.4860149182907936,-0.5061534441115391
2024-06-24,-0.15579373414350617,-0.08765671077678616,0.02729973456325878,-0.22464111211874147,-0.09812537613219176,-0.08728452772689832,-1.2129410338224313,-1.0438168072468148,18.206583662161417,-0.23500710806583602,0.08010852591891124
2024-06-25,-0.15357462818081252,-0.8199849284505518,0.10330789379260613,-0.6469213529241103,-0.14091162254513223,-0.13149845762244572,-0.5761968467658412,-1.0599278344350973,17.853529906197828,-1.0102436935563306,-0.226601249644955
2024-06-26,-0.13935979119014347,-0.20041710322860587,0.3735196182375279,0.46195164360063906,1.0544526098506966,1.0537545829112356,0.14036435559778096,-0.7391798869102749,18.008390411903665,-0.5334099771140591,1.2954129486899033
2024-06-27,0.6719343066627345,0.2721760060075253,0.8879972729912086,0.6922747662982008,0.25522458094302436,0.26080546723592674,-0.38922746664558167,-0.7914557290268338,17.722977219002537,-1.1971266828801352,0.31386884429730827
2024-06-28,0.9696215529369421,0.4318060886779829,0.06685841005171131,-0.316864433019453,-1.0269233906065742,-1.0300678230329547,0.7232264169380191,0.061255068375092314,18.228826305281295,0.7863577704917086,-0.8316316483557472
2024-07-01,-0.17374822373905666,0.8603588445616935,0.733995994334243,1.3777984422121503,1.5904966083281626,1.5789646261654178,-0.5854420824840152,-0.43024655733566547,17.916547691552974,0.47429838463743323,1.6921441849338184
2024-07-02,1.0016237280210039,1.716174872127301,1.7188218012474747,1.9236555401111746,0.8712523125149721,0.8735647773217572,-0.20936638266205204,-0.353451219955722,17.87674982038353,0.2461110374547546,0.6074620175757952
2024-07-03,1.858065949960704,1.7366783773865697,2.103975445913974,1.6829560642681638,0.14731999003358745,0.1542246151625982,-0.6181970181688612,-0.7209167767671756,17.43637347632038,-1.6347515896334242,-0.13148768963282081
2024-07-05,1.690728716103784,2.0123611415132365,1.882473183722365,1.822612896171436,0.9722326704233021,0.9704461903901077,0.6430987506009331,-0.05164602275726702,17.916704956400427,0.050782511616725826,0.8387415570191878
2024-07-08,1.9242189111402739,1.6990939996206538,1.6492334217700801,1.5775591644872364,-0.22897882438877426,-0.223049756589607,0.05685683778307902,1.7565452105607695,17.894502892156215,-0.0810838551334863,-0.18133501913709565
2024-07-09,1.6068259588653435,1.522345531844889,1.6808120676054572,1.369424537242515,-0.45158403953763,-0.4460430456689718,-0.511350361032043,0.812930956705661,17.688295750892944,-1.0653981510289963,-0.3779068186872432
2024-07-10,1.4586110200017506,1.6628118620649956,1.6308815331116555,1.55813113820508,0.6072559959427469,0.6080701592913808,0.6600639781153752,1.6539061249055156,17.95271824617976,-0.5768050471262623,0.05692725997209812
2024-07-11,1.4158341456572787,1.2598693622689892,0.9256647976381941,0.6804226557553388,-1.8282603868754772,-1.8400557535214923,-0.043733113056520674,1.4240310214140124,17.98543559458111,1.3862434012024556,-1.581089304837776
2024-07-12,0.8673241775818952,1.0750853605776856,1.1054746670565552,0.9024317309083855,0.3351791841801891,0.3396604685986685,-0.6625797099030035,0.35282270743301286,17.786679464204358,-0.5869321580720979,0.19709108633634387
2024-07-15,1.525955319236648,1.4718944995407082,1.4641719528467336,1.3667399725146678,0.4128536071476985,0.41439967382119686,0.5888287153684866,1.1526639860437098,17.952775727078436,-0.37979267111861675,0.5753218494837334
2024-07-16,1.1759500905919011,1.1442934558959892,1.193008036098647,1.275865725032867,-0.4881914586918252,-0.47963840758130394,-1.0538015772106726,-0.3722976553747045,17.58214474278905,-0.3840383925239145,-1.0190349608646418
2024-07-17,0.14206408449019384,0.13391120277463606,0.007604636990439958,-0.1186352485093761,-1.7962365872777384,-1.8025530816885518,0.9110512501399186,0.6933845032870596,17.864611925576416,0.5278231868640716,-1.3705120068693497
2024-07-18,0.12886575274113718,-0.37675725002409105,-1.1797156518710155,-1.5475723829783472,-1.2147616415848774,-1.2146640778263775,0.21361579695033972,1.1923754816756755,18.005689420191466,2.2422926118323914,-1.2371294060225648
2024-07-19,-1.497148458261135,-1.4833470903561456,-1.0206547397775045,-1.3529860375497198,0.0820745011977574,0.08916527003666994,-1.1203990375892732,-0.890899111923127,17.710417943256957,-0.6739437734678567,0.7228445347623679
2024-07-22,-0.8679787394430556,-1.1846915730333034,-1.0619500614395285,-1.22603723764446,0.0016175333107695206,0.008980012888186622,-0.1020212677456357,-0.784648399470422,17.690906943467997,0.05545524649408594,-1.0098357982231019
2024-07-23,-1.3639383773011808,-1.260059908840895,-1.0058349872530374,-0.8441309850736535,0.3778435341262402,0.38299907321109483,-0.7674246214422888,-1.5649690412367616,17.50339704424879,-0.30787311136005086,0.6739386847652403
2024-07-24,-1.200365082831855,-1.4220722850320828,-1.7119855081108084,-1.7106306343607132,-1.346039240712223,-1.3525205021331586,1.8825401093694112,1.0446488815107002,17.939051413363753,1.5663430281367121,-0.2898215208845407
2024-07-25,-1.7016488662833467,-1.7009569636701456,-1.6351816779611543,-1.471685949574118,-0.025289307178424605,-0.018155669512059838,-0.6339901852086042,0.06504831253529843,17.754977529000836,0.7683038356040378,0.14825328438376772
2024-07-26,-1.3647570933641855,-1.491174641900458,-1.1291517436590175,-1.1220928495917848,0.5241356897517583,0.5272282959282261,-0.707960974863068,-0.9475092273381133,17.54364199878093,-0.8599954297516474,-0.6597029433810232
2024-07-29,-1.3975871204933934,-1.290983647896803,-1.0077887302398376,-0.914957865928287,0.6562985111126287,0.655984924528487,-0.3794064198497781,-1.1119109180183329,17.407653342821423,-0.7895484991096621,0.6054822638670913
2024-07-30,-0.8835136643888115,-0.983094236742191,-0.856745141362101,-0.737730754187244,0.7475197563470489,0.7459439656779392,0.46873548326421466,-0.4522031285754837,17.544663079965805,-0.4528245324064249,1.2440955105030493
2024-07-31,-0.26642164227840764,-0.05985945193586878,0.41696260835204974,0.3288141703197185,1.4136878465571454,1.3988811412550188,0.7637996657274798,0.7832405709537213,17.728259319967393,-0.9510111066609673,0.12906900072444114
2024-08-01,0.7095124797304276,0.314973966753394,-0.4738200097314428,-0.7039175897807427,-1.1685215581000397,-1.164702942887529,0.8876082552720901,2.0353423256964533,17.950693130578376,1.5588588300266217,-0.32306222646878086
2024-08-02,-0.6822761554132705,0.7237026236049158,-0.12240985818285359,-0.06328531972027009,0.7049852497633297,0.70327843369391,1.8403871014369257,2.4884256253461947,18.474871546007275,1.3957666006355478,2.3103909683023787
2024-08-05,-2.652498362061158,-2.098827812865003,-2.6820678659754,-2.3252360817261652,-2.163727892765041,-2.178177019592538,0.005213028485145536,1.7518101130364296,18.59923354958349,2.6249244422566282,-1.6142733760309491
2024-08-06,-1.402600437502655,-2.011387953477605,-1.52030110279022,-2.0321882629046613,-0.09105637470446332,-0.08174598140878946,-1.5277010094675498,-0.2073155840860442,18.059144014952064,0.48997626323648874,-1.3792114452290687
2024-08-07,-0.9843604406917849,-1.052067812413371,-0.7073711950366413,-1.1877744868893838,0.8976871818664339,0.8870647752487417,-0.42345788680845803,-0.3946947218163966,17.966808713978054,0.07385341291787312,1.3636417466395199
2024-08-08,-0.1612873598500766,-0.7895588752299546,-0.33506910580167243,-0.4234445465742582,0.9491379730013247,0.9365112049304897,-0.9183014581448118,-0.8715265529050201,17.66907997941691,-0.3347781801085658,-0.4062342391928266
2024-08-09,-0.2073814939374681,-0.25758548383628455,0.10288745013599397,0.18047258995991364,0.7178659535887306,0.7118161961910321,-0.4733873303547922,-0.9833520517813219,17.557968716675223,-0.5110256118052563,0.5204653988851518
2024-08-12,0.32856353923083614,0.2884677616953381,0.5873502562037435,0.49488461729766525,0.3554161107968976,0.358078138650933,-0.4647065883466611,-1.062029507329556,17.453835944395262,-0.7328177641940326,0.33896883882086154
2024-08-13,0.6958381307608893,0.6833200666343879,0.943105140600102,1.1192013029371906,0.7553908786332681,0.7475601536845418,0.3686347094054031,-0.8206408734604088,17.603223545756833,-0.9105687450422054,-0.06767040023783955
2024-08-14,0.906284734180319,0.909989622220428,1.045144100692021,1.2086324064292941,0.09306937394167823,0.10082962110586009,-0.23205630786345302,-0.7700612211330884,17.552241664554714,-0.825688945375462,-0.20586170343455804
2024-08-15,1.3960186347276988,1.2805872025919636,1.2470499114033071,1.4451178030503318,0.5240717795456278,0.5205744710104382,0.3317101696646906,-0.4933318868188574,17.653111717370063,-0.8429360076192844,-0.2643499395317757
2024-08-16,1.1715663079182856,1.4595774689567391,1.1914882854849183,1.3908670992467032,0.14392807815947462,0.14997212008506045,0.12090020970032501,-0.2388893377446676,17.607402295295074,-0.6224076855383333,0.3916829068819113
2024-08-19,1.230282534577489,1.0677338334794648,0.9979727503209213,1.1183186837397425,-0.9856614978333488,-0.9828404409605733,0.03230769870031015,0.44317530016153767,17.52143887575516,-0.7450730204143796,-0.9284139330653699
2024-08-20,1.0629767730782498,1.1032699970425046,1.1655606880201186,1.0546290600961836,-0.9795113686548528,-0.9792044707511487,-1.389802958303733,-0.4539101432214639,17.226625299639036,-1.2391537136537094,0.2659458225528012
2024-08-21,1.0560388311633113,1.0722976930405757,0.966153017629269,0.9174701760947184,-1.1835635042298571,-1.185887537697108,1.3114864191610673,1.4148725799997592,17.36413610245701,-0.4548063725356913,-0.7422994368649207
2024-08-22,1.0831956008993902,1.036963762221553,0.6515138203968407,0.38579083379335427,-1.7250552773394778,-1.7330581015644477,1.6125923467621073,2.256307820225069,17.592751125680085,1.145068892142547,0.007706162026112727
2024-08-23,0.5569938874884508,0.9273798730566881,0.6610335094503658,0.8871225012278449,0.7126707380291238,0.7140833695424629,-0.7437667044317091,1.1469407678054544,17.47076344845192,0.8561628818442045,-0.1578478484214638
2024-08-26,0.7618586190876141,0.48636271011815424,0.381341569153415,0.9923889843709915,-0.38176329111148805,-0.3792077272604835,-1.1846663293281747,-0.27511171770087206,17.236582492440483,0.338483147328573,1.1274708569113783
2024-08-27,0.3364022805756396,1.1190942034120253,0.7482354722925221,1.2645114779416113,0.11764169315117481,0.12031235091127677,1.062809140589648,0.7419248548479594,17.39721120544193,0.9102328859834415,0.546525054034883
2024-08-28,1.4745391907731593,1.690049318518465,1.4291365428270855,0.21444952883215412,-1.3098026627612165,-1.3128586558718287,0.3224871109215867,1.046777560407987,17.45446948553988,1.0102363977688076,-0.08787017328173281
2024-08-29,2.0768581734587253,2.3548242868682836,2.445061569391517,2.1666254173389015,1.759951145496179,1.7532795376139125,1.636414369051772,2.2372567655595903,17.764950747317997,0.6236480677419356,2.0059908051467854
2024-08-30,1.7045747798846425,0.8659280434113614,1.260393094492891,1.264508201462692,-0.6722017844208931,-0.6717442959885901,-0.07502291647607473,1.6344177793476742,17.785628890414333,-0.6683745881711637,-1.6414720871165183
2024-09-03,0.608482041621478,-0.0011650082950051324,-1.8651007810734923,-1.9608737227942978,-2.250034944564657,-2.2626319805975665,-0.45697476122996217,0.9596966578508729,17.731338336056336,2.4727285496578997,-0.8139788013576862
2024-09-04,-2.2041321967684366,-2.3566514439878103,-2.142398757795795,-1.9314157940189496,-0.5297755952797291,-0.5242637294168201,-0.9724523067852222,-0.049626192826543035,17.59606178544754,0.1664030033125504,-0.7747985040068854
2024-09-05,-1.6504632413165108,-0.9143012058772828,-0.7343887561872785,-1.1312474715577705,0.7219783001504276,0.7212812342403351,-0.9670249360186058,-0.9749190402492537,17.415979502213048,-0.217994417917839,1.167215027666507
2024-09-06,-0.7380492207610115,-0.8502921029882015,-1.0607989064646193,-1.3563510269440913,-0.4544251250615849,-0.44830091759482277,1.463590236689642,0.3817579278830147,17.69548548607487,0.819627956169353,1.015733936049012
2024-09-09,-1.390422484305737,-1.5786026873153882,-1.4711354720794003,-1.080199500727505,0.2672940586489297,0.2708478295226907,1.3851762297563994,1.585045028370206,18.022886157033803,0.15406841493343323,-1.1901091230772598
2024-09-10,-1.4677284093503082,-1.2334156173480568,-1.1809895689746817,-1.0550664654939896,-0.046857882717333474,-0.04168221388986614,-1.3528426226154033,-0.3026093915145023,17.75885781601767,0.1925137259670724,-0.7235941171875166
2024-09-11,-0.720453376988581,-0.700211200714421,-0.7581338607191634,-0.25839595450758046,1.1678623034081959,1.1615514237609021,-0.7717611481951513,-1.1215489262060745,17.61295515991286,0.41371195659540155,0.20516307504914072
2024-09-12,-0.3597176069644063,-0.4601053832099328,-0.21581064120261653,-0.12802550198770865,0.17637410754975402,0.1807848930727314,-0.7505812241698836,-1.52563723994816,17.43980351645655,-0.6956423442399061,-0.5295052881200764
2024-09-13,0.0725290159586541,-0.15892710410476815,0.5711300620207804,0.009196404564685819,0.1883425524214378,0.19188447645056445,-0.01685911115523151,-1.1948400655627571,17.42010040951595,-1.5259199699172872,-0.3380361976670481
2024-09-16,-1.7079224275707547,-1.9139699116573259,-1.8545380021617126,-2.4617752662041212,-1.7070403398645624,-1.7125764636589458,1.9694951021125848,0.848640756588173,17.899087372172144,-0.7692208953539343,-2.1135197751036445
2024-09-17,-1.7751087312113556,-1.7115192112859616,-1.2960718951942318,-1.6373825539838163,0.453178904960123,0.45415903667588764,-0.8560277679843122,-0.28856765628362535,17.633646991776924,-1.386755513317066,0.5693907873063374
2024-09-18,-0.932320570520681,0.20472245279610332,-0.18061993421547126,0.04072970945658508,1.4712938139376797,1.4558232010999639,0.7954670171427096,0.7991609001416154,17.90810193425364,0.950895059604523,1.6325349667448914
2024-09-19,1.3429974032925625,1.9421244740172292,1.9161633937146778,2.1809817961451996,2.010855812192521,1.989268742876818,0.05834424609239014,0.8751844774660763,18.016933674170815,0.7085735323982946,1.3768203872997158
2024-09-20,2.023305007843829,1.9558431682452053,1.9271439251578135,1.5090961145749566,-0.3796103251677311,-0.37398283485914247,2.763651387938377,2.764734526098276,19.579697711819932,0.9063153705735414,0.06300796711716053
2024-09-23,1.1567673993734338,1.005547578328852,1.2086187447820917,0.9082021630445508,-0.5978009440064422,-0.5947794546036617,-0.9057306266216731,-0.6128716138482502,17.807194678268687,-0.45253075779054935,-0.5858113249197175
2024-09-24,1.1507444812892216,0.8154141033206262,0.9722810461703759,0.9158927370724922,0.035182902352687596,0.04281241358477254,-0.4097900577922576,-0.6756290527106561,17.58956034329929,-0.36570517886791243,0.16169778035487117
2024-09-25,0.34521137234145916,0.35839310501093313,0.5051533388949097,0.597164436923172,-0.36741502096274364,-0.3624041648961577,-0.2875481256078029,-0.6414721266532343,17.560503320263223,-0.4909554599550234,-0.0909277184307916
2024-09-26,0.6969555054455803,0.48601634130479227,0.6617370659396128,0.7217962047730863,0.16873736248919027,0.1765722509870353,-0.37316506554905954,-0.6726572603242541,17.416561055506914,-0.5889935367013153,0.10187006601955859
2024-09-27,0.7929443922112336,0.5645515257711133,0.8862822637093477,0.6538362480181259,-0.07690047878428152,-0.0696273386082603,-0.31894885431172154,-0.659472660410651,17.34263552561351,-1.3602978288031555,0.137682962281499
2024-09-30,0.9088994307290926,1.036872850674302,1.1631645114103362,1.4887482286718934,1.0885288921380762,1.0935692778179127,0.21466697083419484,-0.35137495404450725,17.814479789926473,-0.4058132016972174,1.2452667572272718
2024-10-01,0.7042784312923044,0.14123468454116295,-0.4364585903384007,-0.3432332197415425,-1.8367064625887026,-1.860168012661669,-0.16800216369037754,-0.24741963046728957,17.963158908010218,1.4629425745321591,-1.712494554774736
2024-10-02,-0.9358235081106828,-1.1786240721878058,-1.3194411589786657,-0.5393177529187962,-0.0195786484981655,-0.011714508790149169,-0.6022897690251772,-0.5158304033057094,17.30839340657401,0.3247139503158813,0.09720226094873384
2024-10-03,-1.3452284960664795,-1.189764869669662,-1.0470304265453605,-0.9008763383039412,-0.2748194991597512,-0.2687385779853559,-0.19313933679808115,-0.40593962103485354,17.343170267685633,-0.2838175276778321,-0.215295667843559
2024-10-04,0.21804842394852544,-0.5021013018123176,-0.5280104927785062,-0.28873299807423114,0.42324569679493945,0.42642687036848215,0.4686437361539491,1.6225358409756536,17.43303097736223,0.20839580082946238,-0.2602210595716203
2024-10-07,-1.3659317279545151,-1.393339120696652,-1.449000253566692,-1.9021069438536724,-1.3902994878634238,-1.3934671013937334,0.20266747864619578,1.6618072719498855,17.4919479547013,0.6677071643783478,-1.1123962670309284
2024-10-08,-1.1742068208735006,-1.02266162148054,-0.5305522550889965,-0.3577898089646548,1.183720854182382,1.1760878917294253,-0.7131214113280772,0.6797338143290785,17.276726919255125,-0.8781429023987957,0.9055570114936726
2024-10-09,-0.7609301563583972,0.6070254546063006,0.09735435271819452,0.8505070368813422,0.900483017197497,0.8967840131725665,0.14974717601788956,0.8213233949608533,17.329771738663688,0.9744644298023806,0.8360840253162278
2024-10-10,0.42692273938120834,0.4410688382673895,0.954097645152822,0.6116312896628803,-0.17650328185307132,-0.16847376244772608,-0.6117725615043804,0.09700765408125248,17.154247293765575,-1.2182496657499668,-0.025106764693219926
2024-10-11,1.0625563391500934,0.4062286515115677,1.0183801457726873,0.11668199050552802,-0.3842163087703565,-0.37671652080151474,0.345676426430601,0.47156102958887386,17.273693036596026,-1.3964946952747201,-0.9538577552395093
2024-10-14,0.9241174758180815,1.7277866431251465,1.7053758925900873,1.6304507940455204,1.0590692221528184,1.0534382625711864,1.2089175323443935,1.5144295033327155,17.501438184719355,-0.5273748255282018,1.0843803748050176
2024-10-15,2.221692662727688,2.3926856156617315,2.064195609955106,1.8017439990578745,0.5894286019112592,0.590835769362944,1.9974865806647517,2.401132495277785,17.98606589537548,1.256734459171381,1.686626171569621
2024-10-16,1.2127324137151323,0.7009922894456446,1.0544493238207437,0.9788491141975795,-0.8231924037483689,-0.819862065458256,-1.7788446153081805,-0.0241550277981881,17.34428584117331,-1.0703944371423075,-1.2040609109661893
2024-10-17,1.398937034553833,0.971969448020322,1.0194346565287673,0.8863092770624348,-0.09928114658847587,-0.09306696901863909,-0.23182052031428615,-0.2603238180375055,17.31183025330017,-0.12377190614263492,0.1194177843716861
2024-10-18,1.6171727760289984,1.2779989645739742,1.5237358333259636,1.3135264674165994,0.6349851972689207,0.6359235291277321,1.0844281910673164,0.7406787022593819,17.65348868770961,-0.9666773355916535,0.5888603090950648
2024-10-21,0.9924805161664058,1.2097975932327822,1.396710576411953,1.5639757589963639,-0.022595922116252627,-0.01808320896573284,-0.7897128542649641,-0.13181816974236799,17.4060740970743,-0.6261615541199232,0.42826544469312827
2024-10-22,0.7065200391666049,0.9037413355797655,0.7589779404415501,1.1949102255817223,-0.7462820395695826,-0.7446850780977635,0.01936184229687566,-0.03944956551201081,17.475131140602937,0.3894438711388388,-0.47589851763586305
2024-10-23,0.631930745051427,0.43011013563933514,-0.9812446911761978,-0.554146972925046,-1.937906592481342,-1.9499854901574314,0.7655669656781514,0.7857622029099082,17.77225835129714,2.394616224518692,-1.1900630145533053
2024-10-24,-1.0217529979156492,-1.1240792289063593,-0.8328919750648983,-0.7102902697204007,-0.13540806620419626,-0.1300213246227362,-1.329607165454758,-1.0516755247081617,17.253023828886615,-0.5654599183578924,-0.29022487534509
2024-10-25,-1.1640482800761538,-0.4874253847915944,-0.5189319207482757,-0.6850657217375511,0.1704218447493198,0.17460000313049062,0.4567879800529521,-0.5065556179742475,17.473990106958794,0.06997623192738596,0.21023880196472522
2024-10-28,0.14493768858049383,0.03158645559727892,0.5799246875382923,0.12888610966217676,0.7458988055631334,0.7439194329740102,-0.33325182901244094,-0.6266398905075261,17.401446046432213,-0.7610991145067654,0.4477579801302566
2024-10-29,0.06135711511517123,-0.008375647780927987,0.48326705996801445,0.2651153443655765,0.1237375765983314,0.12740516559072906,-0.013262668059634405,-0.30571891893514336,17.382708164045706,-0.6976397958028575,-0.014481014338278675
2024-10-30,-0.23969637631202867,-0.5685836538288569,-0.6963698401703636,-1.2369158144173795,-1.3953231877811154,-1.3944257267002025,0.9913422893393362,1.0972171776733115,17.66716555489797,0.38532866632617047,-1.5811073811937297
2024-10-31,-1.464792495792916,-1.8384797958409576,-1.778945032086323,-1.9998265218083473,-1.3204242009947422,-1.3217663576514473,0.9385081679506079,1.9491346391864433,17.980159813081475,0.6732149112952603,0.0984583611521347
2024-11-01,-2.5108052159144583,-2.2059322099993546,-2.155830888613951,-1.9501860393808683,-0.7387563303766337,-0.7357595167348463,-0.20160942457983946,1.4532913732326014,17.99414573119117,0.9173689764322045,-1.7079620022744726
2024-11-04,-1.7740468539075296,-1.9806256423131543,-1.7156755578345158,-1.6564941255682881,0.21726079691031122,0.22142971950379534,-1.3574663469136954,-0.4116222668550138,17.620938975469443,-0.3657314304271889,0.34261971964591753
2024-11-05,-1.2767855432902828,-1.361958344783522,-1.146271730658448,-1.121516065171565,1.0834221089619858,1.0806510385745363,-1.2746977533255683,-1.4412280863739972,17.151682224273472,-0.5016405194024958,-0.209053482754087
2024-11-06,-0.9225780166303318,-0.7429713608763795,-0.9457996493380038,-1.0457147948064587,0.0251777357569033,0.029331284630246805,2.097436354020914,0.5985154527485111,17.814831750914642,1.3061043793315799,-2.1386409561697355
2024-11-07,-0.43634709188747317,-0.2814820342428888,-0.20923587368656293,0.038117512126615204,1.8570239434480862,1.8441824748613085,-0.8035032270316038,-0.5256021832952718,17.55645340861097,-0.20402343484833887,1.4620799503034043
2024-11-08,0.14418674398346823,0.041705061963949325,0.27258910520771107,0.07472128482361616,0.04771833747626166,0.05324163868356239,-0.37087365799642746,-0.7727739866453891,17.461712155886524,-0.995840690546075,0.004787102619617869
2024-11-11,-0.13618078572276004,-0.4964558517146782,-0.5910147806020261,-0.4081006530035957,-0.6909105111773371,-0.6914474404194694,0.059812511281813675,-0.5441541433485325,17.553313524499227,0.581376434554155,-0.52647662282657
2024-11-12,-0.0640349694431965,-0.37411035308050256,0.07116372671538011,-0.23286923396201634,0.33353675742972877,0.33972671986531333,-0.2770738953049189,-0.6702624805897344,17.514298287591618,-1.3268856295484155,0.7985536165407788
2024-11-13,0.018390019663949656,0.2581211954270967,0.12108817413842939,0.40742592656378535,0.5285582272451708,0.5336016958987613,0.3746883205222315,-0.011252411658365463,17.698438394256435,0.2521845457660745,0.7223802985551152
2024-11-14,0.6917970526947033,1.408000568902449,1.1080706493455221,1.6257925722088102,1.1714237617407535,1.1715339848965518,-0.23879535390222614,0.05092017925925535,17.620480527340796,0.25938621523430744,1.5897584822314685
2024-11-15,1.1186725451579023,0.3540281246772297,0.6339680219624667,0.07402099003567728,-1.3982837684964446,-1.4069895863281237,0.12909980421401204,0.9722986126020697,17.68512074167731,-0.7693533302238804,0.03686549416329532
2024-11-18,0.40567919462769964,1.5356911656085939,0.8961725271945875,1.2598157430061654,0.9321113410704973,0.9324029884502102,-0.31225269499888836,0.4772699319030579,17.615170833799944,1.105810585138156,0.7068014338143869
2024-11-19,1.2840711271956027,1.5201878460377387,1.3696488700044285,1.1345309302383073,-0.10348479047868057,-0.09856972236991249,-0.7505830045498437,-1.1904080552860095,17.404895618146483,-0.08278918663599988,-0.20189589761576787
2024-11-20,1.7339313939253491,1.1264652002497453,0.8242869974365498,1.3046316685984476,0.018335100301416173,0.023319901252659522,0.04996917871672255,-1.0001705698977275,17.375692659489594,0.6802541202970976,-0.0003674289329625779
2024-11-21,1.7028389954285696,1.0390194602574474,0.6161995608462556,0.9233481633590979,-0.2971574596700612,-0.29329537795822413,1.4742271042940251,0.5464477312547436,17.555755452613166,0.9793940599219805,-0.9161196613474039
2024-11-22,1.0819907640419837,1.1324373608182956,1.6657601670154003,1.3125938739832772,0.49913594470836614,0.5013644540630957,-0.7780406323894193,-0.45382584882401,17.457515912334365,-1.1944606752489202,0.07840717989469685
2024-11-25,1.993356347738988,1.787544992726473,1.9399628901304864,1.919150154337979,1.0782545009726803,1.0743493247383282,2.733151751476177,2.715888648534898,18.31701657756908,-0.11245171156988595,0.7860766308742224
2024-11-26,1.9159463450741385,2.017599287536716,2.1923758904305424,1.96364299137809,0.5392501798093682,0.5398078278225634,-1.1812721361947405,-0.29893628114334647,17.64385193119002,-1.680000971852396,-0.05723040581022474
2024-11-27,1.7315461831919525,1.6085876751284505,1.7530335850103813,1.5134330344049787,-0.5541867829165097,-0.5498619745595441,-0.6249732613335278,-0.9131732344640919,17.327008264312834,-1.5698697499897813,-0.10778094211974837
2024-11-29,1.4466853926872678,1.7001266647332252,1.3975266656052683,1.6387686658665759,0.7444120557011636,0.7433815007086104,-0.36469678612253364,-0.9983020325766825,17.164761835713872,0.42866114415873213,0.3899230423433845
2024-12-02,1.6127398681761065,1.8942593640172238,1.6777112082632157,1.7240662617798643,0.5688946435497458,0.5702006450960623,1.0921555098910012,0.25762197674931575,17.689563768314784,0.08391218181871221,0.7026033410608382
2024-12-03,1.7258509919423288,1.7333286336314675,1.5890714465343487,1.768513947663556,1.1754136787461416,1.1733695207021335,-0.5021769488101355,-0.2585449470785268,17.475501760717165,0.4384495915635595,1.5177562443199832
2024-12-04,1.7833688594317592,1.5414503177495873,1.575077554156,1.4453409358550113,-0.871162196530767,-0.8702235996304468,0.04728188742136249,-0.004550344328812214,17.60838737156068,-0.6241009617517715,-1.3441400801138275
2024-12-05,1.5513957545173596,1.3106243509258582,1.400772860262903,1.1860688300548579,-1.0136250025791447,-1.0135284571935195,-0.3817408425324293,-0.3278316235981323,17.505237178131694,-0.9274704648783889,-0.2248962779324448
2024-12-06,1.1155637321870742,1.1124059207447898,1.193891193606595,0.9799844845989037,-1.2393764524673674,-1.2407778589302492,-0.294891854678211,-0.4466315367413252,17.4229250705928,-0.6369575169838235,-1.344313540361799
2024-12-09,0.7764962753445033,1.3862296278653483,0.9694144205078821,1.5238927132633464,1.397241372380465,1.3933087835991527,0.18131108898520318,-0.015492551312944183,17.61434697038983,2.064565988947387,2.1124832201408124
2024-12-10,1.5287065842458694,1.3420389728431101,1.5108807520513825,1.4477749768985753,-0.34388503114656077,-0.3416837718327505,-0.40813444832460444,0.24380097755121966,17.42412313969831,-0.34642349750283064,0.21571736637659214
2024-12-11,1.4333958055450053,1.54145243988696,1.4025037179168391,0.976192510736535,-1.4294566445347783,-1.4346998950274243,0.6678391274977642,1.4852248817254659,17.62673597727546,0.9635237980207669,-1.753475536664442
2024-12-12,1.0197571035509252,0.9627672793221401,1.0797035325612259,1.195389404636282,0.07920934513694255,0.08219991201098088,-1.0470311693384016,-0.6691881449267669,17.305252892864427,-0.5216598646136958,0.6811515895217716
2024-12-13,1.1097557038049182,0.9895089513769764,1.12673552950457,1.1200430865165671,-0.5726477238707607,-0.5715137801109009,-0.12165507816315703,-1.027694812609163,17.316713171314248,-0.43924974099349307,-0.3415091503204836
2024-12-16,1.0403653009711864,1.402237481277724,1.3757505918436372,1.7383725405836328,1.0266563930052635,1.0273648529458963,2.0803830724588885,2.1434553922895594,17.760867773493636,0.23390440422110328,0.36361832757525514
2024-12-17,1.4899341365894987,1.7202559765864058,1.7239074181027123,1.836376493346251,0.8185629722888627,0.8203382548808045,-0.2415409805749326,1.4100229000807654,17.754300140903144,0.5197895946285043,0.898946618363094
2024-12-18,1.6692124681963716,1.480269529006012,0.8385462778683923,0.15445846080304568,-2.2472585434273493,-2.258373962847274,0.2397842709060756,1.4938300674027072,17.85459081139636,1.9785490606855816,0.24871706035344263
2024-12-19,0.09839299909668599,0.6522650143621072,0.45545034995445266,0.5496794699883165,0.4000932895743246,0.4017146400461839,0.03125384683233983,1.2956263493775984,17.924453066467066,0.6306272818357175,0.17021618971186459
2024-12-20,0.12380014925597688,1.4503616242871018,-0.3035517806885822,1.8394038498217575,1.214025711307642,1.2035469398411678,2.505279040858202,2.6334097707309665,18.809306875609565,2.29737917748159,0.06524152704518114
2024-12-23,2.230583723379548,1.3890910005181165,2.40515629113578,1.5945119561963776,-0.03576187261950698,-0.030685252464399727,-1.4925008847187702,-0.908121484102118,17.52563280282139,-1.0692411292221493,-1.1003124137791627
2024-12-24,1.7760787546431867,1.7661510660610482,2.025711493789889,1.7805384620023992,0.6527219929558712,0.651394534274966,-0.8991472421210738,-1.260242009986168,16.961157451901094,-0.7449050391004747,-0.44109030937454424
2024-12-26,1.816551675787462,1.7175641839781277,1.857387777821079,1.5529260493005372,-0.17269444226909697,-0.16675229629309377,0.13920200597632526,-0.9463190572991984,17.12009060920619,-0.8203661973161774,-0.3919510825757431
2024-12-27,1.3631723931936142,1.1194790408561421,0.6438886778771858,0.5811343212391866,-1.3470231187570845,-1.345520129345851,0.6499285307598722,-0.5054707930658116,17.561604142421523,0.4773408507232661,-1.1704511683847003
2024-12-30,-0.049146249676021506,-0.6075175952109871,-0.016025048562945635,-0.4292888830433385,-1.1343557470938304,-1.1326934428674833,-0.5333771648803849,-0.6740358108765614,17.386661690549982,-0.7529380297670395,-1.1145494707002124
2024-12-31,-0.11645410048904524,-0.8127610352840701,-0.40957481833620835,-0.9020877648847899,-0.5318781038547082,-0.5270235560324326,-0.0023263334531455067,-0.44849662319564126,17.491322528197657,-0.26788258189255276,-0.9404889473812837
2025-01-02,-0.999399032235676,-1.7649480909335449,-1.7461443381428001,-1.864530861014986,-1.5222155709965064,-1.5321210335898305,0.4431314025502289,0.04415720488009917,17.836221156185857,1.099000679049258,-2.447395200691387
2025-01-03,-1.753973158784615,-2.0469741320533914,-1.418532913069026,-1.6310295334860025,-0.013701607272138415,-0.007635059985839365,-0.6565297197380255,-0.29113251980292193,17.510473992081813,-0.8142934416467036,-1.1738583114177579
2025-01-06,-1.377188148869771,-1.1859511968200815,-1.0432401187793938,-1.1494695038025908,0.6424789459255301,0.6445681618112573,-0.0009210231645038576,-0.03164105240990657,17.623185890192012,-0.030467787224408537,0.5333593126204446
2025-01-07,-1.3799896873992783,-1.2221108100018567,-1.1970482212483988,-1.2816832227465915,-0.5683419749559531,-0.5639397338943218,-0.15862998879849768,1.376163024065557,17.525564271785825,0.31743800107047343,0.5070532385873295
2025-01-08,-1.2390018399109985,-1.2265851553201037,-1.1323949212496218,-0.9830037270402525,0.6149174048456922,0.61678643153457,-0.3684118675564207,0.8510502473212853,17.443282956721927,-0.10030124938325967,0.5307211759719078
2025-01-10,-1.2321081345413774,-1.4158508407326007,-1.670337381966441,-1.4884060589434498,-1.3862334333204827,-1.3902013878785835,1.6125821158778777,2.152218043908437,17.937971150741628,1.6739094026789594,-0.43587138327361896
2025-01-13,-1.7188540720157786,-1.7604361992999333,-1.7225265486749943,-1.562186982892202,-0.0436283213060302,-0.03887272115192239,-0.9130208078939375,0.6779856564794917,17.720120171985332,0.3513448494034922,-0.6586993671197228
2025-01-14,-1.3432839620353716,-1.34011569445783,-1.1380556626172085,-1.470486561868714,0.40641239745395735,0.409678171753657,-0.7810785646560209,-0.34031693969585675,17.49017193759859,-0.3705119017017511,0.12276508436668114
2025-01-15,-1.1355240314611543,-0.7402578515546678,-0.7065253173751485,-0.5892616571452287,1.8559026563652767,1.8405370267217624,-0.11699284126179685,-0.49046833765115516,17.5001811924096,0.01936955502732888,0.942756052839088
2025-01-16,-0.5630569294584813,-0.7703084350957221,-1.512268845445719,-1.8953529855518991,-1.7829583251477894,-1.8000962407910006,1.824889303657029,1.8190126514929599,18.08882524776566,2.159905805116327,-2.187090145174175
2025-01-17,-1.3985769758474627,-1.5663180151196772,-1.1564220364222275,-1.2635631891736976,0.7723851793218701,0.7708776090192813,-0.30999823960789613,1.1355602886398763,18.0421735003253,-0.41079506032554336,0.45152713773185227
2025-01-21,-2.055330896512623,-2.0208897172732327,-1.8919302313936914,-1.7958132927789834,-1.2259724031858092,-1.2285325623805385,0.8179813831744679,1.8733129591709683,18.401196156276225,0.10510993593391021,-1.8965424794674763
2025-01-22,-1.9264153847387384,-1.6144621688697445,-1.4846182173734648,-1.3372037580882987,0.7535086905258559,0.7546830157501115,-1.1219205169121875,-0.301024179290738,17.976368268588665,-0.2960482389589054,0.6302960886785007
2025-01-23,-1.0406951798532937,-1.0143780677359537,-0.966055342945377,-1.1285081491090916,0.3699072801650944,0.3756671272131892,-0.4006635969347791,-0.6332077366927557,17.913760832950565,-0.16384088093383534,0.33880350896600886
2025-01-24,-0.8609688946820665,-1.0295299586190632,-0.9589913944678128,-1.0985363951410114,0.23697695853484843,0.2441070768292856,-0.47685325813825397,-0.9856233837168399,17.817335893712624,-0.48028980261704907,0.6778638683773982
2025-01-27,-0.8111572852603572,0.14288092701324953,-0.37690070465799175,0.22332115094875124,1.599449325363239,1.5769218659880628,1.5581774630011376,0.8881438702173508,18.36794853060677,1.4079569701259511,2.188845891770514
2025-01-28,0.36133551964904725,1.3241671981595016,0.8625575623973413,1.5474654991574304,1.404730080088877,1.3862597109550432,-0.7510043000777299,-0.23622932323894924,18.142389122878207,1.4344561514710392,1.1313095770727504
2025-01-29,0.9332634772402523,1.1424674085940603,1.3668845406996342,1.4489862833629423,0.07201574816295386,0.0825847160085531,-1.1324936189146984,-1.5091780332024871,17.63291736472747,-0.14992720317089472,0.3749053749477502
2025-01-30,1.4949167676313002,1.2135652513531496,1.7320617586781997,1.1957573215317554,-0.314336343291175,-0.30397500707025465,0.2785948991175534,-1.0690230254700335,17.834741788982406,-1.0592953140005896,-0.4077373244206793
2025-01-31,2.0614725440735446,1.6886038254783096,0.9735138559940668,0.8084395235027365,-0.5202313908170606,-0.5147463261128147,1.6514316540877712,0.6956536506076705,18.431374372748586,2.2737505151240356,-0.14715037755338417
2025-02-03,0.02110229955652239,-0.18196125875034924,-0.16904312896624038,-0.3139315109959677,-1.4584848609070962,-1.4752045340486255,-0.8091475230707944,-0.36671460256931915,18.10683676035289,-0.1108631743260188,-1.0343269304200366
2025-02-04,-0.3567422595851833,-0.14005075426795474,-0.14693538231632844,0.2449294649610504,0.7870016184379476,0.7892040089062988,-0.857332268474337,-1.2709835400148943,17.623667508249756,-0.04576918796856208,0.43418555819502885
2025-02-05,-0.34067422132381253,-0.3517152019608825,-0.02023611481527706,0.06594022070023527,-0.25931810613291756,-0.2506751571583188,-0.33310867955264356,-1.190472805887386,17.494852196378964,-0.7519201280037433,-0.46591422596721055
2025-02-06,-0.054521689681855466,-0.3113094154169667,0.2523676230876528,0.035995123166138794,-0.05589080103655394,-0.04657594038345048,-0.5655524099989823,-1.284045259878681,17.214214867837256,-1.0094893474325564,-0.26030056216426045
2025-02-07,0.022864446584346505,-0.49817745645938744,-0.6029929380261714,-1.3993563258861337,-1.1677310730245907,-1.1732940914096566,0.6185228991128786,-0.6735929555512672,17.497043114599506,0.008707025500274305,-0.8444810301974651
2025-02-10,-0.5426868601608537,-1.0581070414359661,-0.7107689716914485,-1.2221617894472991,0.09275010942563329,0.10181871281497229,-0.32085135181904717,-0.6737449340710951,17.31551505861166,-0.9026434577917236,-0.25623305329787827
2025-02-11,-0.71646912395344,-0.09220004235787084,-0.39557392042913925,0.022070084897963138,1.3774192402799168,1.3646687507774478,1.3483757673406953,0.871777254914403,17.79926616372583,0.35773802578967173,1.6678394781226888
2025-02-12,-0.17689933184218218,0.3075082457199131,0.38520273764555446,1.223978344412287,1.0298605975969413,1.0248827818874688,-0.5394808014518143,0.20932318353384669,17.62756517295169,0.04329280283462125,1.405858363625522
2025-02-13,0.8129323902708662,1.2959528710795796,1.9892288347824767,1.951361444789211,0.9156338854568024,0.9108769744776131,0.3052695019972084,0.707758173930231,17.797322669800195,0.057589446793960615,0.524643946252698
2025-02-14,2.2075749911910543,2.07035600225858,2.282166132014245,1.8806019658588444,0.45600584532150623,0.45881121500290456,-0.6021132515224145,0.530308766751661,17.52654773161337,-0.8010213922595042,0.6449961705033315
2025-02-18,1.906128602545168,1.513516880157003,1.7616729751893958,1.4466623174032909,-0.5361907888261127,-0.5285010862832202,0.6086158695800727,1.4859871202245665,17.703701850621435,-1.2672413410873975,-0.641833997254717
2025-02-19,1.5290798297639565,1.3086791701817282,1.5160060493743854,1.205612400995082,-0.2658895418337369,-0.2589842326916511,-1.1179810194671183,-0.1922707676478876,17.28760746784322,-1.2467725898727708,-0.3520222616293374
2025-02-20,1.259663361802247,1.1609979362241718,1.3278896162529146,1.0868624448493354,-0.1394252703298941,-0.1327439541409417,-0.04899951046322625,-0.20738437479908853,17.291100902118927,-1.2082213889761122,0.28986842535128565
2025-02-21,1.1352725272349178,1.185591295810961,1.1693131379024104,0.8598869517188081,-0.47740716162468266,-0.4704952006976242,1.5459906598797843,1.58972040017694,17.78952009973505,-0.7162652205668584,0.784106010571974
2025-02-24,0.8111868128268906,0.9991244736380233,0.8803384097047051,0.9137553066034355,-0.23254277954566885,-0.22920728071698507,-0.31185085634247095,1.012245604134289,17.753715817135788,-0.09737800517421874,0.23171183218525193
2025-02-25,1.0413656865881964,1.0921994383224736,0.7989138977971776,0.839887063821861,-0.9366680775715494,-0.9382031106998733,-0.43564039262409837,0.29642450456809366,17.686988634652565,0.1758385968046529,-0.6810240175335258
2025-02-26,0.3395434019416713,-0.1478086310169692,-0.40067321554769875,-1.0610605233997885,-2.3085261769577614,-2.322999015564585,-0.31086084638910005,-0.039364450952678987,17.609506520468685,0.8725686411310818,-2.4018407039893686
2025-02-27,-1.225059409260386,-1.406363949666372,-1.3454841869628371,-2.076045157418817,-1.0057855361053107,-1.00198230306776,-0.3439129695209647,-0.4916317755988541,17.532821990371655,0.7390642352888275,-0.023042169415114572
2025-02-28,-1.976943121700757,-1.5159609031336327,-2.3374495098530796,-0.6551434689756231,1.4761414571807747,1.4612630277660428,1.1641144990398113,1.400103592608688,17.855634756634863,2.61120965689486,0.037789036623401724
2025-03-03,-0.5286549209643668,-0.6969231221283275,-0.9166480280598426,-1.4371481973718518,-1.01651188740636,-1.0150749982687894,-0.7549021200385884,0.012420789255805158,17.66956543123082,0.9125582858055175,0.010058542720550933
2025-03-04,-1.3866665565916851,-1.62855823024299,-0.9976576826224735,-1.5174879480575094,-0.41110467525981076,-0.4058834815180807,0.3482070851569444,0.7623419229357874,17.800748727111277,-0.00610062884031924,0.0912089996871838
2025-03-05,-1.5089614396892017,-1.8439437099226734,-1.5294467947866062,-1.239420047136675,0.2252133944593612,0.23055093252456293,-0.7157359258280963,-0.44821411965567726,17.670489046595367,0.584797118971333,-1.0702196668959063
2025-03-06,-1.353840399306588,-1.2234049800320959,-0.718070095317257,-1.0796344049346585,0.20063196351404894,0.20608437493904191,-0.39144901699633317,-1.1953258514571916,17.625952585164992,-0.5503049491464063,1.0760555355167207
2025-03-07,-0.9953419257869193,-0.336825458810963,-0.30429453750990737,-0.16125601103018725,1.3008242131278693,1.2947795554399444,0.1775627155139632,-0.7390012449068344,17.65008218365997,0.07050150461802095,0.7115489762491519
2025-03-10,-0.736929319581017,-1.278700397620463,-1.7760637091312115,-2.041550279647278,-2.0373921265519397,-2.058830986609301,2.1167163125087702,2.1673905412655095,18.093165091115875,1.8304169492541777,-1.419508130567751
2025-03-11,-2.3134818061368883,-2.394527984082933,-2.146728404869946,-2.2543963056100527,-0.8823718558278428,-0.879132983321036,-0.0477599034743436,1.6030177635207565,18.148050173846933,0.49386249663654413,-1.1489346053554312
2025-03-12,-2.0478733646547274,-2.0377740029855054,-1.8182126410477255,-1.9202016781176763,-0.37309481212855444,-0.36412662265944107,-0.9714450162653229,0.06221827385521701,17.95143684204072,-0.14458987505745904,-1.296000590231533
2025-03-13,-1.841539923121918,-1.8545195267420949,-1.8511474574974498,-1.8843656993319524,-1.0066296340966692,-1.006587274675148,-0.33981845193869425,-0.3513732711777174,17.93240398944564,0.4691870205160236,-0.9149088737077132
2025-03-14,-1.711227838935624,-1.6076123914018974,-1.3497981729010258,-1.2378184262252216,1.42790703472971,1.4138390481442085,-0.20237159904377225,-0.39528731825757046,17.911646864054216,-1.1140649643858362,0.26021929213575956
2025-03-17,-1.2360487442335182,-1.213817761069879,-1.0759513638329792,-0.9750534000170682,0.5882608759229033,0.5920854566011291,-1.0169632382289824,-1.3116958497111622,17.688239588355554,-0.6075506897306644,0.24096327477148358
2025-03-18,-0.9496172577453181,-1.0002419140630203,-0.7670778223005614,-0.8955711777445514,0.1831257864962845,0.19186360607286232,-0.5156584934643322,-1.3489306056960788,17.563422802897797,-1.2191207177802668,0.8303975664826626
2025-03-19,-0.7720505481491436,-0.5287564597626211,-0.4146534682477851,-0.5173959258847538,0.9170864393766717,0.9135390440072987,1.0826447001813848,-0.4444360059357551,17.81160631183953,-0.5741883344794391,0.4999431666929665
2025-03-20,-0.6415138227624554,-0.5036122578334694,-0.42464300180986325,-0.48330864177629007,0.17172797024044728,0.18092321292399868,-0.560672344588519,-0.8423070508376881,17.704528995752153,-0.507989003754957,0.39336766873471823
2025-03-21,-0.7820706580727772,-0.1739019683716583,-0.43849204880118003,0.39776256399462906,1.226940072526144,1.2154772535923217,2.2052068086744723,1.5061553571768567,18.360164001941694,0.4236981973101886,1.8635021794963271
2025-03-24,1.1884682867563323,0.8075083378192938,1.724796272673844,1.4301316702312983,0.7415662505521879,0.7420813509549644,-1.4096235507398773,-1.083193150381475,17.60648397084357,-1.5127229665381945,-0.06046530831264223
2025-03-25,1.385260780668962,1.746846066828854,1.8333138834721856,1.900514626908041,0.7124966468733949,0.7109346676284465,-0.5231571523350084,-1.290649760887988,17.3562843865375,-0.7966463021764145,1.1356237873995447
