Date,open_std,high_std,low_std,close_std,daily_return_std,log_return_std,volume_change_std,relative_volume_std,log_volume,high_low_range_std,excess_return_std
2023-01-18,1.15253744106748,1.171527064241941,1.1372464461851108,0.7917254685275733,-0.6396391884848577,-0.6350496919634995,0.32087514444963977,0.0,18.192152734928804,0.12800513968900312,0.0
2023-01-19,0.5677263044343548,0.3499869877182182,0.5300276997125054,0.33117266508282966,-1.0260532072063262,-1.031420274426507,-0.6844578003103798,0.0,18.049656206722926,-0.9913840223957349,0.0
2023-01-20,0.27520735077800823,0.5681721747896763,0.4500994080233908,0.9153570108351438,0.8327817416218658,0.8345176637283908,-0.18373370495104968,0.0,18.027364059022396,0.4344259764029237,0.0
2023-01-23,0.8992308887245596,0.5337474420777201,1.0148432458899095,0.8560455077753187,-0.39148606070717673,-0.3830901274957328,0.5759611289458719,0.0,18.152815690850062,-1.755213424550429,0.0
2023-01-24,0.6016421534895773,0.487584912841264,0.92533913579373,0.3628678843432006,-0.8340461945981551,-0.835963431243936,-0.6974924947957578,0.0,18.019150399498457,-1.3853558262867613,0.0
2023-01-25,-1.124747176214057,-0.1904984894990958,-1.3078554499820476,0.7276972343943535,0.02977990346601919,0.0416263051782013,1.4653516524766677,0.0,18.361584464250903,1.8643564625046403,0.0
2023-01-26,1.0293726523382307,1.3052742545816702,1.4011827192650028,1.643305833912772,0.8202943289577108,0.8251318290260689,-1.267204874298677,0.0,18.042688784038113,-0.7450210679574188,0.0
2023-01-27,1.3534608557209253,2.3551571821328903,1.9291291090927036,2.1409114993799,1.0647382134277124,1.0628083473185275,1.232079039882461,0.0,18.29029412704745,0.27260616631015977,0.0
2023-01-30,1.5349622997494548,1.2282495370648918,1.3311911402576464,1.1920119514281629,-0.8996369442600365,-0.9028116036446804,-0.8881490255061887,-0.3001201925829434,18.073841569849492,-0.5369781368781947,0.0
2023-01-31,1.329486163490561,1.4774785073291963,1.6097530479693487,1.6246299229977537,0.8876493362716106,0.8897236234221509,-0.3233619867561624,-0.6713890144660865,18.01312296273042,-0.8544462276725188,0.4368399512580605
2023-02-01,1.4071832976174903,1.7818446500063423,1.2980958680480912,1.6845610406788596,0.4751044559401445,0.48084089438306926,0.8331791205016404,0.867538131011313,18.20314768684004,1.0695346635131624,0.29930714627870675
2023-02-02,2.1914843989578308,2.3019590763212854,2.154606927141598,2.3220087334169492,2.0900268518110168,2.0606206794872417,2.2853803930935612,2.6432479138486467,18.879081070752317,0.7503752154985724,2.2892912103171033
2023-02-03,0.975950320073505,1.064102337082999,0.6940242427696948,0.3317187977830944,-2.234370473864776,-2.283304674415839,-0.5784787831009077,1.2920045301748386,18.787923260884405,1.4176611999142412,-2.2711666198741476
2023-02-06,0.3920800534642062,0.0614752608070722,0.19974383970524479,-0.010044328785720619,-0.416036725896836,-0.3947774193765441,-1.2288017956126471,-0.7086467098503605,18.221561301341783,-0.4057604714894291,-0.25901739628203685
2023-02-07,-0.06596791708188651,-0.3500262032625283,-0.4241849605107186,-0.16567842407897745,-0.17876215779534124,-0.1580334591200566,0.7891498616649445,0.17694773180229534,18.598837816305863,0.20358710195964969,-0.4890891673913648
2023-02-08,-0.11369610567082528,-0.46863591681047667,-0.569153918484254,-0.7887760598767483,-0.5727825899530031,-0.5537007220097822,-0.960217215002397,-0.9598470503786357,18.14464131216365,0.03561163428010337,-0.30196605042587815
2023-02-09,-0.4627431432539301,-0.7879826190828625,-0.9743261723335063,-1.1953930877572334,-0.4287517739038458,-0.4107211433017932,-0.49804432318259795,-1.1546223240454476,17.984073220799544,0.2250651408214883,-0.25022963109114216
2023-02-10,-1.49567042534283,-1.2852805859276184,-1.1793702662410424,-1.1368940065522541,-0.06265247568650488,-0.044309677986748223,-0.473441237676134,-1.168731195374981,17.780886653942567,-1.0284307557089232,-0.12883494614086408
2023-02-13,-1.2022546074260447,-0.9960252125300332,-0.8902905302902258,-0.6582357498884253,0.49224167605461827,0.5018452878522786,-0.08174740229954836,-0.9915640790609559,17.78280744372516,-0.906486408351491,0.354487168073606
2023-02-14,-0.9239775691571295,-0.6505699008057533,-0.6149093571575119,-0.534860562799616,0.10756716219914572,0.1246898879365997,0.037078971428758406,-0.8002990355231522,17.844478932748775,-0.5611630678446987,0.18709034028705226
2023-02-15,-0.6395501021863261,-0.4871136774098615,-0.29513593197638255,-0.12196912195868806,0.4516853355325335,0.4633002565542006,-0.3838527331079687,-0.8133510342540243,17.685827866021793,-1.0200418861721299,0.4854224357371345
2023-02-16,-0.5119295362479374,-0.5217852624475722,-0.2062805842338694,-1.059461311936847,-0.5557130412286195,-0.5354666632839247,0.9300662290392472,-0.24059820344633906,17.8469011385583,-0.971964286275436,-0.19215539774410967
2023-02-17,-0.9888687662790845,-1.6710923080136457,-1.5295117258099793,-1.327317326180995,-0.23582624097055943,-0.22972327967938888,0.44463132744065076,0.6701079688957157,17.910345016834082,-1.1893580228530103,-0.2429616700329647
2023-02-21,-1.7718936210075495,-2.0718677303485347,-2.0477990568281834,-1.9702778139385249,-1.1592131902578913,-1.165499040679291,-0.19320889261816918,0.5890838176475961,17.851173211122585,-1.7678259503413951,-0.22779182560223837
2023-02-22,-1.4711142247850493,-1.162912482175981,-1.3122067970585631,-1.1978033218415949,1.065907489583418,1.0651460747872903,0.672389793383817,1.7959267094356066,17.90205983239227,-0.6506358057730799,1.577844660589481
2023-02-23,-0.8717420037872735,-1.1828114697920848,-1.586672217672417,-0.9666447957276242,0.26058042056883735,0.2674491231189775,-1.18356000364314,0.778099327324344,17.69639373258362,0.22230763974967188,-0.3339486179270808
2023-02-24,-1.8379838341182837,-1.6955718377632347,-1.71941252051686,-1.5707227392777494,-1.0866861687836586,-1.0880085099954933,1.332901342847077,1.4020130620798792,17.859505257819833,-1.013485885103791,-1.0936646011711273
2023-02-27,-1.1628628755302108,-1.1581658499239529,-1.0771304417663214,-1.186797642319644,0.36907358778636085,0.3750712068605153,-1.2405574522027034,0.36587861858526116,17.67561483135425,-1.1264240847846005,0.09067526966020831
2023-02-28,-1.340041624694548,-0.9725714542841949,-0.9621739531116833,-0.826869176007211,0.6316794456117112,0.6337503782020519,-0.47320015909513424,-0.07837185899572252,17.598774786554348,-0.7312923556423075,0.9001396658222995
2023-03-01,-0.8353030286417832,-0.8081147144667823,-1.2524906928766244,-1.3149876160228786,-0.8354098563702609,-0.8333277623362743,1.2608765524134287,0.8235765297593711,17.772497387880648,1.731450465484469,-1.2263826371545936
2023-03-02,-1.5581734042540512,-1.5386544930808397,-1.508664963722396,-1.2988196054100798,0.5710996359126607,0.5750969233056712,0.2715142772624137,1.1667247373197431,17.832062951759628,-0.4060096746625292,-0.2823841656668179
2023-03-03,-0.8698797313464025,-0.1901155926701413,-0.31098795502920507,0.30483614938001713,1.8600810705135307,1.8412508238769485,-0.01562156091289924,1.0811349352335857,17.836560168723796,0.3481444977276311,1.465381584222223
2023-03-06,0.7858513704252753,1.0382133932299786,0.6073198727354635,-0.24332641717802111,-0.4807162092871135,-0.4757381677037333,-0.4568436752861259,0.35298444133278717,17.768913501433236,1.0896628971989235,-0.8813114334643918
2023-03-07,0.0858148146899826,0.026091419269162332,-0.01727989947939322,-0.3199179206883662,-0.07208548832828843,-0.06505513466068588,-0.3973944018899289,-0.2542995568302598,17.709383869648576,0.11673124712753134,1.130426944191483
2023-03-08,-0.15026688090979576,-0.4939708903495954,-0.3590729196314537,0.13245480108482957,0.3778746408351994,0.3847549934105238,-0.5046107468834058,-0.7810544815047559,17.61992833024032,-0.46346052766722984,0.39732739601668926
2023-03-09,0.12993828342654876,1.2360288814332445,-0.22816404013230093,-1.241420556714616,-0.8732036369408875,-0.8760111852412725,1.6267457819423412,1.4093634823991297,17.84476001751937,2.22804193001389,0.18140519378678713
2023-03-10,-0.7644755455273876,-0.9126912684958866,-1.6902887805996056,-1.9058103209718058,-0.8919466641923345,-0.8960676281729069,1.4174818726079839,2.302876129354976,18.06153848727078,1.1123159868172758,-0.17496979441329755
2023-03-13,-2.0866199021763685,-0.47771892379264885,-2.1433706201309506,-0.45663762165636845,1.2033788529764815,1.203824264157818,-0.10243510152656228,1.6350435073662715,18.0976768151178,2.3906273416627064,1.5060349506911006
2023-03-14,0.4887327701768213,0.33258317551902244,0.6382010860186766,1.3445561498033494,1.3644203857290043,1.3600618758827712,-1.3956826183332869,0.021910904907896336,17.924952265943762,-0.5235809599044127,0.6459188073279513
2023-03-15,0.12480173713602806,1.291989803224569,0.7407065446065489,1.6817673205729757,0.5467900538169349,0.5525442980832742,0.8681426854510008,0.7766597155775772,18.074405831716412,0.3797133994433327,1.2960170502399302
2023-03-16,1.4516973345179285,2.4669667460778073,1.6435335568596172,2.2613677573429323,1.5342437618311484,1.5205417040566944,0.9501371699800578,1.449526033749308,18.251633504274775,1.2880736173993512,1.1665064726255432
2023-03-17,2.2385267898447267,1.6695531075016616,1.8047102757347204,1.4482726155333907,-0.7711132086854071,-0.7714417012488411,-0.1447399089397797,1.0689071690408323,18.28486332321268,-0.33642307414813727,-0.6333089645029224
2023-03-20,1.3786307248626049,0.7354463095514372,0.9884618645943913,0.8581872265795004,-0.8500371930700578,-0.8519766603912527,-1.761492698320063,-1.087350637355101,17.948897948929417,-0.5884944062052251,-2.077295067308909
2023-03-21,1.0593602085623806,1.273023265712536,1.4219612897993164,1.3909455699785274,1.0470496324113596,1.0460908853834912,-0.517716530003457,-1.3656771023589578,17.88619919546606,-0.6301301023312049,0.7037202487597976
2023-03-22,1.401287307476686,1.3400881734519294,1.2761719000940577,0.6953167693416581,-1.0615913965468682,-1.066764320065038,-0.3311487272378219,-1.464351847004629,17.866867605535678,-0.308404233994283,-0.6430500902733808
2023-03-23,1.1244419888620125,0.8343530878396838,0.8167231893831246,0.550798432375884,-0.32150489692515544,-0.3134501052968343,-0.0812042022458817,-1.2176797702645683,17.86832629605981,-0.25592351275770425,-0.6340877308017772
2023-03-24,0.36019901168919133,-0.18631821209198524,0.3328894714272062,0.19866962368333738,-0.6831803327612735,-0.6797533752264802,-0.09452613580723203,-1.0109041277430566,17.84256438852287,-1.1958926001195813,-1.1039485754819558
2023-03-27,0.5203320945956404,-0.00539796996815772,0.4267942026628465,-0.09316237059511505,-0.3470171948794768,-0.34061313187904424,-0.9177226770628398,-1.2255253116847353,17.659710742843107,-0.9016211752214124,-0.3828256688773381
2023-03-28,-0.015348228153474731,-0.7367884825126828,-0.1863767633302787,-0.9267042770906538,-0.5600713826708708,-0.558991105074449,-0.9294250313948708,-1.3188478093037663,17.47186942884032,-0.9380861151973804,-0.545919568126824
2023-03-29,-0.0007213415771610593,0.268032578586946,1.294455682600621,1.2442388557979434,1.2656307045212858,1.2670252125867356,1.8099289746402292,-0.38669825325988966,17.72319016447699,-1.0299882222438015,1.1525982951584994
2023-03-30,1.8687540217116587,1.7164614608967503,2.198600710501526,2.0017076722596183,0.8656680545760111,0.8718046243714919,0.7042745987411618,0.3220889909560049,17.797682584946905,-0.996735527513855,0.9758790930873841
2023-03-31,1.7402678382077545,1.5371936073778518,1.8888666742876512,1.9114577185429331,0.4717193276384548,0.4789173192613032,0.5613645068177059,1.6942621040887078,17.854171518276477,-1.3838048427104839,-0.11199031085533684
2023-04-03,1.4144270468486615,1.1652242132258472,1.3179498831423,1.1823903914765894,-0.7852150048488793,-0.7851477361408121,-1.5707686509018695,-0.3647156957090728,17.532386939888852,-0.7598030273509822,-1.1820217476506742
2023-04-04,1.3347514639710083,1.3010735828013797,1.2974254076289797,1.5033805062595917,0.7690559173975217,0.7732849786323673,1.111314383459625,0.9386821095179656,17.70041929145055,-0.34914359899251435,1.7298440973722007
2023-04-05,1.514778528136178,1.0198081128052685,0.6052070149757289,0.24579269891970315,-1.792863547958397,-1.811934889112339,-0.3583766603313876,0.4896234473247193,17.626063270994205,1.43636379959099,-1.6698269240666332
2023-04-06,0.00662083477508535,0.301060080201228,0.11451496206366492,0.5170527590805841,0.3583179164129035,0.36416851054470684,-0.09722383420457688,0.4120317344537507,17.59532702989719,0.9529408609632647,0.44438533551313963
2023-04-10,-0.03429123177421244,0.06464857963989047,-0.14198685591349194,0.42405846602088293,-0.18681860782662943,-0.1791917144107094,-0.7006684325755038,-0.39941614866026603,17.43346315557584,0.8912960626956844,-0.0464471759863571
2023-04-11,-0.22456805413172934,-0.6862038033987797,-0.5792363129469006,-0.7887854556294814,-1.3028076381603373,-1.30790234460559,2.1732606470297884,2.089200428293082,17.91679433802711,-0.378538886427799,-1.336411291209588
2023-04-12,-0.709719376254845,-1.391583520339138,-1.6618165431359109,-2.0527929224591444,-1.1031893436636646,-1.1049474230426657,-0.492436883862103,1.2074385554362579,17.853901879833032,1.1775797633378235,-0.8951992484294892
2023-04-13,-1.7958572794519503,-0.07451098059339491,-1.0137045751322413,0.3928126915334152,1.950340547085176,1.9258422893980613,0.5778463942592551,1.7115802601614822,18.0339162002097,2.0261837412295964,1.787070231696506
2023-04-14,0.4014427295434934,0.4370693357363361,0.6042483365386841,0.42252396134906695,0.01615025512595999,0.026170423514996384,-1.008920112505362,-0.056512943673916315,17.75613075780625,-0.5508876216617934,0.24562486625904226
2023-04-17,1.0421511260931273,0.8440493331877333,0.9811715390963351,0.5991512757035337,0.11810448285303934,0.12861628221084473,-0.7990998691105099,-0.9615133575082359,17.50237550932941,-0.6382542924016132,0.015672131656105537
2023-04-18,1.3137589846431117,1.0832117559864796,0.9205068897695671,0.35079115639254554,-0.2029365210867101,-0.19514985461300752,-0.09792474224559695,-0.9784808314120463,17.499138773427138,0.06471239157684924,-0.24572489110426954
2023-04-19,-0.04496549730635313,1.5565402547726535,0.9396642636619049,1.450373580392548,0.8640347760999665,0.8715484137263928,1.4362380570948152,0.7483839060067031,17.882807629128234,1.398671355333704,1.125473806833495
2023-04-20,1.22110605425068,1.398173877007636,1.7050684703217196,0.9673222417018712,-0.3789834078559725,-0.37457984719651016,-0.23722309781456394,0.43192799810473104,17.870714021197134,-0.983492291006854,-0.03729462030580129
2023-04-21,1.9063518850624304,2.024482664240975,1.889310397614129,1.8312362328558287,1.1754137455757923,1.1774411658416297,1.237888343558211,1.8258670059894453,18.278819911948617,0.34872007822318796,1.382658333533734
2023-04-24,1.827979961732263,1.7629675543255912,1.4427904330742576,1.2267528063837172,-0.5062662618243619,-0.5027756298682792,-0.9379884924878452,0.17927303846275994,18.05792450349918,1.4380358347879625,-0.6054196609340353
2023-04-25,0.6412908696755559,0.2769529227349453,0.28004363136208954,-0.23743771865318186,-1.558873307090818,-1.583693252379222,-0.37670692494673935,-0.12366222237351672,17.990310065955033,0.03067459365901166,-1.2268363024307516
2023-04-26,0.5450818589062112,0.5949718610731471,0.8433699473512027,0.6497883170545222,0.702661473203302,0.7070836551138093,0.2941688672677582,0.3546574340661368,18.116920792309454,-0.5785622097782456,1.0690379642488457
2023-04-27,1.6076533350989686,1.8657361287602374,1.8246896418648912,2.132724393426732,1.6955866462701754,1.6729461673062884,2.17595215030022,2.39945020040691,18.825887158602264,1.2776629025009496,1.1242368885630036
2023-04-28,1.1556914916693133,1.0838553053063302,0.42448046309201765,0.2300050976819747,-1.5706942647760187,-1.58956133465165,-0.7000229255682543,0.9867195771139041,18.687381752674423,1.9196195128488784,-2.060209205986668
2023-05-01,-0.19645269051926095,-0.7530415616254411,-0.9750673588251737,-1.1594028066400102,-1.0810698490675337,-1.0859392315529883,-1.3112603240537117,-0.9088464060728452,18.12936676410226,0.10154993368571456,-1.16300808662498
2023-05-02,-1.5166468008209115,-1.2957426033328563,-1.2905233305403407,-0.5890866907949145,0.46067928670380565,0.4699591235606424,-0.34214809297558646,-1.075941652559903,18.112379564575612,-0.6405501711697346,0.8744872802810287
2023-05-03,-0.7457255581299638,-0.4618823616709629,-0.2643944588981489,-0.5446961365090591,0.014788934878044903,0.02795825908971655,-0.44729740104881477,-1.1470039600631274,17.990695986169882,-0.6503061143399687,0.21554277255171392
2023-05-04,-0.6415602329413015,-0.721725797459044,-0.2530806763233014,-0.4035613713191322,0.09607695037592223,0.10899675810877092,-0.800268613065243,-1.3584391006592529,17.62982152342996,-1.3313484100269353,0.30356706147645174
2023-05-05,-0.4417018439182421,-0.45434240603332493,-0.022106178251295367,0.38694994741848143,0.6025665048836429,0.6097994751603422,0.585176175644955,-0.8356354993999106,17.857032604504152,-1.0307817688567704,-0.05822947765934057
2023-05-08,0.05490696952283585,-0.17876434217296075,0.7217373694148332,0.48594450037693493,0.05805891625467207,0.07044832882817136,-0.3832654757822438,-0.8421834756198375,17.7160863129139,-1.4641832935112005,0.04855089442644085
2023-05-09,0.25417039163103544,0.0875419365395412,0.8285172410388861,0.6856998626967826,0.13120944114880628,0.14163934969117645,-0.31378804531042287,-0.8092257180406885,17.6017299713947,-1.0417566100017377,0.3601324012069997
2023-05-10,1.2986510903717636,1.5019683569532716,1.8237419924779645,1.7040787019320915,1.0818264059330907,1.0736888420128285,1.4811692248350297,0.06144239449190769,18.180233353518794,-0.23964402824865613,1.017714765802732
2023-05-11,2.014685884182478,2.056684216978085,2.1008395809622447,2.0084172127465054,0.6960576660638017,0.69471763023497,-0.06911883800012525,0.585811531556438,18.13199551517415,-0.032685959328752054,0.6976813528474436
2023-05-12,1.817860510490019,1.5184778251690454,1.3324483537509157,1.1361307012452406,-1.1659102670313226,-1.1640807447759478,-0.8350193320967751,0.10187943371206062,17.72372835275269,1.0682887645216705,-1.1232618070584912
2023-05-15,1.2146639578759124,1.1370744537857944,1.0697688258708136,1.1685072863882484,-0.013329395487492532,-0.007335493616928653,0.18529548592984535,0.5820626832689322,17.786011902414405,0.8592250737657142,-0.284426302234382
2023-05-16,0.9987241006567235,1.4644071086326365,1.355394197238948,1.4402643539661444,0.7761562954774364,0.7774294879841631,0.9052975614674581,1.7236623906709867,18.084828928829925,1.5650004602312995,1.2490891531077017
2023-05-17,1.6065626327687772,1.36973946829955,1.741382049963848,1.5884687423427084,0.554541816365439,0.5567236805617937,-0.37277520571501416,1.0511881998275108,17.999927378728177,-1.2196239804188536,-0.1972863016908336
2023-05-18,1.59854522857984,1.594544968558503,1.7393938318715552,1.7523638692562205,0.7255489782948437,0.7241537536556344,0.08981106230825359,1.120366078715155,18.108352104850084,-0.4414063022042755,0.2896859271124234
2023-05-19,1.546931835482441,1.2640454733722772,1.3073849887489801,1.0727512700397566,-1.5650341188988588,-1.571604597384557,-0.874705675565356,-0.2226784080679503,17.822665563687355,-0.010625504265617697,-1.5147183461935227
2023-05-22,1.0398893624424097,0.7602185171004646,0.7883692166938648,0.6177462098827226,-1.089935699359375,-1.089094696572805,0.6363982167446284,0.6119370405257852,18.07453730565781,-0.23320318554868363,-1.106902576867808
2023-05-23,0.26134923178854547,0.7727591639390438,0.5193711672676923,0.47253867065666344,-0.4441226102817908,-0.43700399927597594,-0.39650326773787614,-0.09040248509108739,18.02876790262366,0.8043081779724944,0.24543024130577232
2023-05-24,0.4502969209065155,0.7045564317494529,0.7801082577109797,0.9360185751392562,0.5995994731988536,0.6017052533340077,-0.28188577855027347,-0.35607017729030543,17.966359910275667,-0.7276231872621919,1.0539505137493783
2023-05-25,0.7624014748469208,0.37125446263013784,0.3875396099794007,0.1437522916782429,-1.0797121746635394,-1.081352824363206,0.1799744443630272,0.12495160505424135,18.01266289537296,-0.3039148024782066,-1.4997780921998196
2023-05-26,0.39602413263479863,1.875025951265375,0.9059896597668832,1.8287926423710195,1.8430904990635781,1.823093128891827,1.6870066083898267,2.071378914846079,18.3879498963903,2.284837550152999,1.3488081672448093
2023-05-30,2.1245362116107125,1.9715188733194706,2.1334242086510384,1.9354999260592378,0.1910769211143753,0.1995883043185485,-1.498856473173347,-1.0719436759684118,17.979300349344165,-0.01478387841339155,0.2935955893694258
2023-05-31,1.5567723940705736,1.3196890280904072,1.5676635709518685,1.244093528727666,-0.7690972289465112,-0.7695367954425755,0.44653723100830667,-0.19284127549608204,18.10323751585364,-0.07033870948240431,-0.42587868107358706
2023-06-01,1.0369184754195582,1.486593145235293,1.4743479407383073,1.5696848191497805,0.6007671163828293,0.6087161829636828,-1.047112656249916,-1.4455898012539827,17.811416904842662,0.4193364840056268,0.20337674416084076
2023-06-02,1.7900503911126258,1.7852540090755826,2.023392257444417,1.5592216214381398,0.36006190578632047,0.3693957261133226,0.4591251813323757,-0.6241081071233884,17.929902831826016,-0.8711642577062528,-0.3290784989005374
2023-06-05,1.1028672716180297,1.273138122561094,1.3481381690095902,1.4284029883027853,0.04518122345189343,0.05318093189755927,-0.9298705086323616,-1.4604663376984206,17.685671465652295,-0.45420253703095836,0.29586398501116146
2023-06-06,1.2345677822208707,1.3574729693375378,1.4516379980258172,1.4001970911057333,0.04194917969468983,0.049331479148711936,-0.11953696586188658,-1.1955124474932286,17.63750383940948,-0.8039077917444234,0.034576230546697735
2023-06-07,1.3986413123493964,1.1173750850444284,0.25126214649613327,-0.05427599901076186,-2.072747336575453,-2.0990875789339247,2.3856083978177964,1.7022941692268287,18.376345303252243,2.1525212850330546,-1.980214565931647
2023-06-08,0.27022957105443374,0.5148836207974231,0.5430516718923158,0.6290070424503841,0.7730729979139224,0.7712074241307599,-0.9434567689708357,-0.24314490606425312,17.945211018786694,-0.14211587482915666,0.8063542104475121
2023-06-09,0.4252920387123265,0.44543389792159255,0.6971046662026397,0.19299008931898398,-0.6032042539519873,-0.5921190251286897,-0.48615059837696983,-0.6895140554359839,17.75378595401827,-0.6446399385791765,-0.616286828722161
2023-06-12,0.22757163100212488,0.7495287021706002,0.7271862881042508,1.3645122700194585,0.9833876789173649,0.9699293877028344,0.006358699511516302,-0.3064574867543295,17.75394179614747,-0.07444873574861743,0.8233876551525822
2023-06-13,1.7349254117275583,1.314558370449213,1.246747723086318,1.138248594542524,-0.173746569121039,-0.16291805594274808,-0.10965543259630431,-0.2395348002082493,17.738766259782135,-0.1244167132089927,-0.39920238712719847
2023-06-14,0.9180823997385084,0.4083392282752709,0.5966291333296403,0.8852859151596811,-0.34385600921812537,-0.33164653754111195,0.04137452744145645,0.12363082517164169,17.774846465518817,-0.3915163881633825,-0.1874820688166803
2023-06-15,0.03603497846320534,0.9430730687257116,0.5852114118979276,1.0245265902784872,0.09383564830014492,0.10129034576159368,0.23477886043131177,0.6250134005691942,17.91746775375649,0.033705195733925455,-0.3412662003960874
2023-06-16,1.2355597689990432,0.9611614227718326,1.1250366412360298,0.0987468232396182,-0.7075761064204356,-0.6974905420150519,0.7473641171479424,1.6895911157099701,18.2485641509364,-0.5823470650988233,-0.43928258323717284
2023-06-20,-0.36238298735632135,0.1511685886254199,0.47568615961796085,0.22859209916562898,0.08999594750878516,0.0979974108234782,-0.9566609952561703,-0.21765505129335594,17.857334775034246,-0.45095007301091644,0.5598840001372796
2023-06-21,-0.0041149424931802205,-0.3669161504687316,0.1153219740368421,-0.1916843488424869,-0.3264356077402632,-0.3169001672105057,-0.37404066056421326,-0.6663320093149921,17.769398872670507,-0.3884389302942188,0.05323881076562481
2023-06-22,-0.10224408777201849,2.192340772408248,1.0310698021310256,2.21003130355346,1.9837073040609923,1.9709637146558918,2.1230088893196353,1.971320905131332,18.31925249788965,2.5955736582994167,2.1937445110500673
2023-06-23,1.7324686851844147,1.8510515120702966,2.4700119935535962,1.3874634075441925,-0.6105839724380797,-0.6126836701821036,-0.8217569765957965,0.5367150929939687,18.09016355478669,-0.8175340927344616,-0.10149368744957184
2023-06-26,1.4613206270384664,1.7065205351643633,1.3166774523261546,0.21967296429656197,-1.0439222059058662,-1.0561928205331483,-0.6992032651944863,-0.3903370193162585,17.9096767876194,1.20591438135636,-0.8936147304444214
2023-06-27,0.9097185532834263,0.7535955907887625,1.2962142109694297,1.0943501829059936,0.7390767068374311,0.7502281191607068,-0.775314586212753,-1.1753260344511405,17.661415149548024,-0.8305147792803629,0.12776778716521597
2023-06-28,0.9998256724634671,1.2377091205146233,1.4366042231897482,0.8477030679654695,-0.18332064104017862,-0.17819584826885973,0.2199043229630523,-0.8154450144580482,17.769625170813022,-0.26644358116213895,-0.17770482754740302
2023-06-29,0.7628642321050533,-0.02564400498276249,0.6273070418198621,0.1569021882464026,-0.5932220409329715,-0.5956159219169295,-0.7075781986338406,-1.274896632063124,17.523236324407826,-1.1837934546967566,-0.9413993730913071
2023-06-30,0.9426161914182609,0.8867017595496061,1.2863440988232142,1.2082538210475284,0.9212779142901497,0.9304772771496811,0.8570495839274656,-0.3629902863890847,17.810228154788955,-0.7637998461385643,0.32953780362296
2023-07-03,1.344239317443255,0.999054735074826,1.4614191379147212,0.942740988380336,-0.28510673792426927,-0.28076191615405055,-1.201802622019374,-1.4608211844385934,17.15712780755728,-1.1121419080103365,-0.34990941706157647
2023-07-05,0.900812489041321,0.6047744716141917,1.039339703876056,0.856002878025377,-0.14505800240364866,-0.13890302425977194,0.7381709864133996,-0.7272835595431609,17.39611973940267,-0.9656882670445178,0.05628597256206469
2023-07-06,-0.4334669251553046,-1.8588889196235467,-0.42799878953339504,-0.7966692487027848,-1.0245654794712833,-1.0352038892421358,0.28901465674199545,-0.317920440173261,17.52026092520791,-1.0636318532354418,-0.6479441984464488
2023-07-07,-0.7885694066304714,0.2247800308226002,-0.14622444452200473,0.5602552332682605,0.9374042774522644,0.9389259893011737,0.28202253860578297,0.43621521433424915,17.551481138461945,0.4411772545391336,1.75334252871789
2023-07-10,-0.1777396276507959,-1.1441208479690386,-1.6811603492790712,-1.485398773167993,-1.3855473996695515,-1.393777145433648,1.5170106873014744,2.2994606197483027,17.94085787942006,0.9511556958223193,-1.8302735076467422
2023-07-11,-1.4241204895791817,-0.5731520174487912,-0.5769790517728032,-0.30228319485155447,0.8835488409099813,0.8829064725434688,-0.7300419423959279,1.1056180730815537,17.72656311265739,0.14183597547233903,0.7022195280062324
2023-07-12,1.1106085032830928,0.6463082780021647,0.5067830560463398,1.245109820645926,1.0674793011400938,1.064226769338581,0.09382120321830528,1.1357961959857472,17.804916756150753,0.1354511764228251,0.8161534551929094
2023-07-13,2.3924146347796285,2.2134200203093144,2.1481123942916756,2.251699376120479,1.4512714889444218,1.4396509013367789,0.2650907710439819,1.3014837215591528,17.92918216055281,-0.5403273874224145,1.3579184517906964
2023-07-14,1.7144465668425437,2.09533954946616,1.9128870204566881,1.7557786315059318,-0.1638492468325398,-0.15684160115825366,-0.6449191293047644,0.5394885026605699,17.811655956283275,0.35492368931827134,0.08985795846977727
2023-07-17,1.4745369778641446,1.320346293322845,1.2573409158302902,1.0695254006737016,-0.7410188061628776,-0.7381786957346077,-0.5007546621720789,0.0911697768403046,17.696047044899256,0.08718928676123443,-1.05370969469227
2023-07-18,0.662738765414936,0.5882851181209726,0.5303258344398479,0.6685386443114681,-0.5097157847822057,-0.5050641911932598,0.25354522013417924,0.19690225016354918,17.822281785327995,0.19724201188850438,-0.949776526560234
2023-07-19,0.7741452215364274,1.101405167434498,0.8119208264679216,1.2862573940978568,0.9643339272341929,0.9627661963273803,-0.3449847231953391,-0.24750590570467712,17.81427992360154,1.3875230207532738,1.0946204435938556
2023-07-20,0.8398561956763244,0.5534557523728121,-0.3624337064736132,-0.6272126725419503,-2.0349410232415965,-2.0528485858027543,0.23495811129610994,-0.1059432979843253,17.906860657922696,2.515574021983993,-1.790792751967061
2023-07-21,-0.33041367733882604,-0.7292259428698474,-0.7048138294141014,-0.62437617299008,-0.0021739031879179625,0.006865848860794572,2.5432648447884616,2.6942225872888366,18.70785019253498,0.033150417701768284,0.16062687394422315
2023-07-24,-0.8670264775340027,-0.8030597160235912,-0.9360963600156409,-1.2345097166820855,-0.5626392349220636,-0.5527848246424679,-1.5148662418273016,-1.2435872699253818,17.63522310193092,0.4089801175458532,-0.7207729959709667
2023-07-25,-1.6096134251882137,-1.6484952668852215,-0.9719496033696351,-1.13824087021453,0.114719240076182,0.12221796544767807,-0.433785337395919,-1.240292381762286,17.48512311675203,-1.4918031488699037,0.1388364558864328
2023-07-26,-2.097398436124046,-1.5646901213056914,-1.6415420559099172,-1.2897722244142575,-0.3175046012900257,-0.308931421999122,0.5822685688026027,-0.5419284146776746,17.802828420918956,0.1726068256560779,-0.22443832065245906
2023-07-27,-0.28491792405850525,-0.1840530293291236,-0.8242163459294318,-1.0228540710309362,0.3532005231718592,0.35624070377844264,-0.21266078846370526,-0.4596542631024864,17.778430098081248,1.3837283039251493,0.8909435429589956
2023-07-28,-0.6455163020648287,0.10562586506680542,-0.07439529138326326,0.5543793774558822,1.7469722359172952,1.723072129053475,-0.4087112463795531,-0.5988322799295451,17.65102827998296,0.3319321870432231,1.5287843781798156
2023-07-31,0.8864581124318754,0.5845272063597016,1.4308510606672205,1.1312514220282137,0.5753664314515714,0.5778838993739105,-0.3616719489378309,-0.6708388732412505,17.550832207639747,-1.269468648084252,0.6741421856759653
2023-08-01,0.969359935497961,0.5128478516752198,1.0366602574306991,0.39673432304266637,-0.7305463654625018,-0.7241946137929955,-0.1270352869765984,-0.531947450832406,17.555522692318,-0.7915114896246739,-0.6864195754815076
2023-08-02,-0.3348211503620763,-0.9116575705085697,-1.0555403746865644,-0.9365696948151051,-1.0799582676820692,-1.08233489556426,0.2570460763298938,-0.11778553288559689,17.74787724037325,0.24201618740305877,-0.5612819787802008
2023-08-03,-1.2515441749489253,-0.9401483204836882,-1.0424319806999023,-0.5089317415097053,0.3966900066258189,0.40349945801840775,1.1129812619425163,1.0916872616313469,18.29947537002127,0.4929575754691323,0.6958805219204557
2023-08-04,2.405969805262135,2.5861630318755378,2.4271524959428694,2.3999203863525755,2.453247892424321,2.429976622715594,1.46934854431408,2.5871581331532885,18.84554775201741,0.7998145197895019,2.630394086361598
2023-08-07,1.7074454518082522,1.6782286373411148,1.680235725070312,2.002078806513618,0.2855757854730142,0.3028509445328166,-1.6136358631212873,0.08433066766706371,18.081187362264753,0.2449671356938643,-0.04020994246238261
2023-08-08,1.2874841764891407,1.093441178856309,1.2469910627000234,1.2289070548853114,-0.7836461362176675,-0.7941099244629745,-0.9059274499195871,-0.527660493134829,17.7611714329737,-0.897059377099732,-0.7308666371244524
2023-08-09,0.9710720904451835,0.8174053110494925,0.8202845524264317,0.6835825939574863,-0.7137106255424879,-0.7211075425179759,-0.22975089956152892,-0.5391352097961418,17.727879523541304,-0.13026032776790086,-0.597324246824139
2023-08-10,0.6551037341335488,0.6838483514320706,0.7284853323064457,0.6609803982267469,-0.09614261528882724,-0.08393951324735698,0.2427574426128674,-0.3095259546212302,17.891833722558303,-0.2548744252928586,-0.16066004180085391
2023-08-11,0.21333596243655528,0.3654672760717086,0.49812167879662483,0.5096985548950203,-0.19773857627849903,-0.18926820006355036,-0.8144552278872145,-0.7146558279072406,17.572798402789548,-0.7558031667315243,-0.25599877003719484
2023-08-14,0.29851459790045576,0.4891921652808357,0.5381939048312704,0.787327764741123,0.3283807806238839,0.3477843008037134,0.039814327201478886,-0.6061483263227274,17.668817016293065,-0.3991108764024046,0.07521583835704523
2023-08-15,0.5327668135943652,0.4929215975545269,0.32761278823739,0.10081128500017299,-0.8127688923777004,-0.8274378915030635,-0.4037428303628693,-0.7025522564688825,17.571616347492032,1.1363259971438213,-0.5763839093998422
2023-08-16,-0.2542365853111214,-0.609340698053653,-0.39068578005006865,-0.7614131822433022,-0.8004362802020213,-0.8154840219544133,-0.18602922200704558,-0.6551303826341507,17.545433606043495,-1.1994850236072578,-0.659006269840346
2023-08-17,-1.8911097380198447,-1.8463036902511933,-2.078887227264004,-1.7892402637318516,-0.3991951125635506,-0.39778748073114284,0.4910020564642586,-0.2821700544027995,17.694061595294567,-0.5915466429653617,-0.25656130397207855
2023-08-18,-2.2598274887192975,-1.9748062211853292,-2.15122447594499,-1.5610672969440011,-0.07927270140335997,-0.07322838336214463,0.36422455536861525,1.0671225523427639,17.69644324958551,0.22567073029249748,-0.4094783815118539
2023-08-21,-1.2221843197273987,-1.2647168718384827,-1.2185675878247473,-0.9003768349923332,1.279563529640793,1.2777230993902498,-0.6522544933848462,0.8852626652629916,17.539817506410976,-0.5007630333632018,0.9054617249171404
2023-08-22,-0.6147447585199853,-0.8924811053512959,-0.6516952089109105,-0.8792616021876912,0.0723845556365953,0.07792624030036416,-1.1406739982740204,-0.40544136446339907,17.310049546698654,-1.400173047116047,0.1708469354274566
2023-08-23,-0.6655116506769081,-0.6295722003027454,-0.7079265127048622,-0.27636114883966445,0.90803825390966,0.9072640704046455,1.6294278891298328,1.3241403585216394,17.572072048129,0.11783118406042384,-0.09911800079199433
2023-08-24,0.17570679563251076,-0.18325109762354733,-1.0663567340603317,-1.400182514312316,-1.5568353194542932,-1.5668895480891647,0.20574860944725828,1.486369215398213,17.591629094391017,2.298511998784609,-1.5122327045890205
2023-08-25,-1.1592594675250243,-1.1273683141750288,-1.2928267888497906,-0.6979941644127212,0.9550373259693035,0.9535522983552942,-0.007189377884392869,1.2416545772260974,17.603046880920754,0.4027123503070943,0.8619735729639413
2023-08-28,-0.5117088020320795,-0.9386060482713887,-0.6277342122338244,-0.6976626527150741,0.3253672901609023,0.3303168752169347,-1.2792447161142806,-0.23700356420773033,17.34505427554757,-0.8548282143686075,-0.49268136888937913
2023-08-29,-0.5703523414164804,-0.2166496790508418,0.42256173653990714,0.8212548329262105,1.1192860523175638,1.1128352268979254,0.785835958274961,0.44215683360286184,17.469956448219484,-0.9038299108038811,0.349558759357717
2023-08-30,0.5538939435987351,0.4459229167954161,1.1613200762347267,0.9636201524511607,0.09130635411947824,0.09624577008592827,-0.3778404353435209,-0.17049666416169326,17.402827856840595,-0.9604661560120326,-0.037663437083255424
2023-08-31,0.6897755492593668,2.199587830215451,1.6667131754685622,2.132748419161522,1.3759539846930597,1.3610836648602707,2.2535934638077126,2.4567682945734255,17.889334352088806,0.9263277962583845,2.3984600964471587
2023-09-01,2.353840228526603,1.9780205892911522,2.020776237112066,1.6183898489010473,-0.21831499204069868,-0.21109782283494727,-1.1318574865005189,0.1726919450548493,17.527820877781146,0.19471253864153654,-0.1437356012713523
2023-09-05,1.1728479453934981,0.7240605733068297,1.1491359123075608,0.997534507712605,-0.6096767123146374,-0.6031459122796853,-0.1299537214931022,0.08160950938512344,17.520182181758432,-0.7622544850993064,-0.18191460959202174
2023-09-06,0.4339182639200394,0.4557601862413557,0.4684614959289872,0.05204260216167327,-1.043000147489079,-1.0404030996012632,-0.0884571343353243,-0.03653944741285422,17.54805997129434,-0.023202480898002985,-0.6211367770081899
2023-09-07,-0.6711640872120256,0.6289430857669109,-0.27140703748865314,1.0429999292125092,1.100658932688751,1.0944970352934205,0.4882279015556127,0.7553359751108569,17.69705169585716,1.5242831482274624,1.6723204740097295
2023-09-08,0.6748187271275399,0.8831383517861364,1.2529955451950325,1.0461270811539551,-0.18344881562853027,-0.17863442411029135,-0.8489986092975937,-0.5873189619072456,17.462218174638117,-0.699240215525737,-0.14875812912948064
2023-09-11,1.2712396795244334,2.0861064650834353,1.7724862231728518,2.190931288765266,1.9026708594515438,1.8894636842266441,1.385627768153203,1.4439857792533692,17.854421705914106,1.5869748398250922,1.7076605162994347
2023-09-12,1.9675503626623185,1.5079759963588049,1.968922568461205,1.2620375407337752,-1.200210844363122,-1.2081396966670672,-1.0113425152487427,-0.48913376852246016,17.568971524479142,-0.5464029418189785,-0.939418940929731
2023-09-13,1.210793235099181,1.6980113601819329,1.5827039299218528,1.8654925541356806,1.0818287845536914,1.0818631395630904,1.014020319630353,1.1570382791425755,17.91757856743315,0.671050551546868,1.1306793261695252
2023-09-14,1.8783144650587469,1.5694304318918804,1.7216543885090296,1.4466028878941088,-0.46570860006809117,-0.4609987913654461,-0.12891955071023586,0.9467094432280403,17.974918519176462,-0.4616993640966841,-1.0886029004811435
2023-09-15,0.9687822805595997,0.7012152332386994,0.6607449497776743,0.08458227051086628,-1.6111089663346354,-1.6313522229776078,1.6037052748210834,2.441545367183737,18.448895935214946,0.13920557074585344,-1.3115599398299465
2023-09-18,0.2852993908064826,0.08128793109365791,0.3061251313207799,-0.09896613164183542,-0.22397815811374439,-0.21611420783036286,-1.7915208540969376,-1.1376869051552032,17.572597598642986,-0.6335718399641909,-0.4068190055193219
2023-09-19,-0.2690079172535842,-0.898248325855626,-0.8607184289647142,-0.8510097754787597,-0.8397296205514622,-0.8403881053257712,0.842625635757994,-0.2300478015062274,17.934263155703167,-0.009705258085238063,-0.9594263644497802
2023-09-20,-0.4004035269792398,-0.8541604707506139,-1.0183589173593761,-1.5791833202705292,-0.8246090515613961,-0.8249983992908005,-0.8413413484790837,-1.0090427145002148,17.64986821589078,0.7297050382748312,-0.5392939058619878
2023-09-21,-2.1208893250927963,-2.228562161693849,-2.2098259920126035,-2.156921627510713,-1.5910765962838305,-1.61582259841718,0.9404089240077229,0.11556715934975477,18.067354486897933,-0.18147094953157344,-1.3757698519293016
2023-09-22,-1.776924135631263,-1.7193154448700636,-1.7473631240556233,-1.6454317330661623,0.2073791640070045,0.21828297810429842,-0.6646315719825671,-0.5591732734135278,17.908258863512973,0.3829069030006604,0.23343144726088785
2023-09-25,-1.613583863702632,-1.373857165513434,-1.3301307446472967,-1.0327632301437446,1.2161661116880667,1.2098449378001814,-0.7072484434632507,-0.9990876847986765,17.644538857857462,-0.09256433321043438,1.182080395353676
2023-09-26,-1.1807669570639945,-1.2827774578245792,-1.4959792771943965,-1.4685622710488229,-1.27134909272708,-1.2803714528528727,1.0493653816249668,0.08813057102477512,18.106630068889903,2.2814110190422436,-1.1480151981782527
2023-09-27,-1.4781436060936615,-1.4039903862834695,-1.334232614070389,-1.2166468291426906,0.6992678291368534,0.7016138355622411,-0.42917830446028277,-0.1755832094954506,18.013515205932364,0.16347869268203072,0.7285367250166126
2023-09-28,-1.4377487678855299,-1.302243315767096,-1.2699546084983346,-1.0570708703143488,0.6923081179697215,0.694746108506608,-0.5781698268620916,-0.5744537874632393,17.81471994340146,0.326356606074257,0.24576034519391887
2023-09-29,-0.6416179974526938,-0.7266451207479756,-0.5939480818064748,-0.7071469738287685,0.9419371345828798,0.9363289351809502,0.31869929901856947,0.5491965143940527,17.948716810565358,-0.6698484248623616,1.3031421986608416
2023-10-02,-0.658825888254325,-0.31949885277914664,-0.4060674560118665,-0.06371234202485829,1.1933133701029257,1.1808163053016298,-0.8482127615966615,-1.0899757701378572,17.68733014834576,0.5784875501281662,1.412333576741927
2023-10-03,-0.3463315340605831,-0.6380553718966561,-0.8146642644611384,-1.1654278870418013,-1.150212608117533,-1.1502231882806966,0.1738620443775501,-0.48088963696318787,17.758353725125307,0.95833731655081,-1.104160884510943
2023-10-04,-0.8536408226186626,-1.0759345465401837,-0.23620196897508086,-0.2863482090288024,0.9761554699646221,0.9685159275708843,-0.5730719516362168,-1.2143033949278168,17.60432360107198,-1.838215325809067,0.7623838154352717
2023-10-05,-0.4464392731522687,-1.140024291550414,-0.7173126343620958,-0.6361777801225852,-0.27275631743207107,-0.261592693422123,-0.2839401279747997,-1.2433816940559468,17.495868834748467,-0.9617248162157066,-0.4099943273767822
2023-10-06,-1.383268730325585,-0.13804531418669386,-0.6752930828968924,0.41778565467107753,0.7566925827454185,0.7527994132552459,0.7048217593957352,-0.15461444951892864,17.66130617158196,0.8905034232132378,0.3019157433282797
2023-10-09,-0.23697546855562746,0.28953915590578566,-0.07835250284415916,1.010370674132139,0.21150198881311724,0.21858861231506602,-0.716764898357405,-1.0622281003788399,17.47325276549859,0.4763876406015121,-0.13005189310285575
2023-10-10,1.410697023773512,1.6126781098505698,1.9560725134109438,1.440103868647389,0.40453048151418,0.40611008375141044,0.8761297562044218,-0.11741082923099765,17.55742356508695,-0.7579583312727223,0.293475384441596
2023-10-11,1.495090408245478,1.7743259791302213,1.9614498798619222,1.93862602164618,0.7892110973109671,0.7819643944950382,0.024198010735858432,0.20961843853005738,17.52276517495323,-0.900212075768788,0.9366010718727196
2023-10-12,1.9952378006175728,2.0719987052860795,1.942868257677908,1.6175000188437312,-0.07465284291472099,-0.06608906232893016,1.8675946435885697,2.0917552725462403,17.832408779311375,-0.06084418342327414,0.5045274048322367
2023-10-13,1.7157676176687722,1.2509002736599157,0.8588037830843186,0.4607738862655635,-1.1564471472067983,-1.1501029946350274,-0.8495818371897502,0.9999456133088961,17.63950205169682,0.9489340529879681,-1.1829860589186236
2023-10-16,0.745891763707612,0.9917671576596635,1.171782866684907,1.3179297120810756,0.9954259882181733,0.9860688193010977,-0.37758837856912275,0.5002526204187588,17.572817080195286,-0.6395725989529927,0.8350608839687023
2023-10-17,0.5496737018978227,0.6651858583402805,0.42418890475248755,0.77339738810586,-0.9858668938460193,-0.9832824500571083,0.7951299510901848,1.283694096828327,17.714338915629927,0.7021767297099824,-1.0444461529446114
2023-10-18,0.2623769545622704,-0.1686080757537228,-0.10193875402043238,-0.7422251232278676,-1.6585144205495475,-1.6693430222366086,-0.8084480900908271,0.22500281497677563,17.5696977919479,-0.19319937679612578,-1.1699265279156386
2023-10-19,0.3817360150912932,0.3080994395202991,-0.2712578239151886,-0.8729145238752573,0.0049374118716544796,0.011928190596686478,1.684570851078087,1.8848158459386608,17.92575145136204,1.4332980953689336,0.8787944523887689
2023-10-20,-0.9779182527774327,-1.7148537607384424,-1.5126459008529334,-1.9491134506289096,-1.366898022783621,-1.3731162893552995,-0.5235854715874939,0.9516208326999426,17.84697390939546,-0.20398590014071322,-1.1148307552775116
2023-10-23,-2.2308007734447086,-1.6826470876988775,-1.816064739038979,-1.195038880166009,0.7085626881953626,0.7103523563342151,-0.8609683142883774,-0.31671928757266693,17.692113638882255,0.7533258516574701,0.9561456844955446
2023-10-24,-0.8144475469059442,-1.0876621697547382,-0.677903444261553,-0.3618130820175685,0.9146346240598244,0.9129320895938777,-0.3024987735812832,-0.7423317329468179,17.654476752421306,-1.1279288055569012,0.5498509177303504
2023-10-25,-1.235249738352301,-1.587628498798198,-1.985835127037357,-2.0425361009660494,-2.02161522877646,-2.0450387550522646,1.8392013510009413,1.9278190162983206,18.127349424510754,2.0286486548043543,-2.1780560250093965
2023-10-26,-2.086447671123227,-2.124391917258544,-1.9439989234756192,-1.8333988072772718,-0.22067059366323208,-0.20942578547287533,0.9254667086739039,2.254151156846342,18.42486697942883,-0.23140505906182154,0.10281656884433128
2023-10-27,-0.3987361041421672,0.255241966999384,0.031068978534352927,0.19435210654728657,2.065316816077752,2.0247535761013467,0.43736002302027144,1.9153242198231941,18.64629564695976,0.7313663495508967,2.3600050086612585
2023-10-30,0.7462945549448406,1.1254766563684588,0.9853463956833673,1.4106542850027033,1.0820024439614968,1.083562133900194,-1.6541190441248979,-0.5821413637076072,18.098897113618097,0.42998916334633913,0.7091867098477866
2023-10-31,1.4859650617924922,1.2191415414667066,1.613572673314538,1.3874763583605019,0.030811219269592512,0.0467036909657545,-1.0181105557505847,-1.2605860880045083,17.758826802376145,-1.6735333610841718,-0.3173722153427904
2023-11-01,1.5012950130822078,1.6977557341203324,1.6401474299985244,1.6889946772067712,0.636452881331465,0.6436321226760675,0.3248363855743927,-0.9001112391222984,17.93502568358071,-0.2958046587327043,0.33387271354326425
2023-11-02,1.9068436609597397,1.5886241863066055,1.6653837219668906,1.4650861492674288,-0.0004961728466973984,0.015017911861963145,-0.5682647033012498,-1.0104676621325661,17.771295890096084,-1.1228758821431652,-0.5920719605634411
2023-11-03,1.4898082768695313,1.3418558655169823,1.4154712060092827,1.231712090580982,-0.20995918816817233,-0.19477705137167428,-0.5558407136932225,-1.06016788547236,17.599863837582756,-1.1486601679717956,-0.4396237263420011
2023-11-06,1.1683245502225081,1.235132175958936,1.2358455463001174,1.1285642465497923,-0.06746083273392695,-0.052517882574090756,-0.04451417993465855,-0.9022102476344854,17.62151507576295,-0.7721429748037132,-0.01472626573856511
2023-11-07,1.1631095896796926,1.3019063048800343,1.2266052911111587,1.2278801780754975,0.31157418990656705,0.32275266572602984,0.41937530009644974,-0.6001038387484838,17.796191730872234,-0.47585982680952454,0.35102760669021066
2023-11-08,1.2201292528084817,1.0436535318998215,1.104266531619662,0.9741838678914421,-0.8466027103100605,-0.85307884056416,-0.5860982609346668,-0.6652353967326945,17.611487291188897,-1.0390687904330926,-0.67277468114106
2023-11-09,1.0002662471802477,0.9529522833482206,0.8473043847714885,0.7114176793270955,-1.1419730516084547,-1.159704615943771,-0.5075021862485328,-0.6690593667502827,17.405547127112552,-0.16815776515422937,-0.55447398265081
2023-11-10,0.5949106596489615,1.036427105098195,0.7476320025193552,1.2662273933511898,0.5958013853770738,0.6012529486434978,1.7211431007187066,1.2321057705456673,17.713187164174478,0.8953514184408873,0.04897940647490244
2023-11-13,0.8714861783330622,0.7943547542173495,0.8423061415754666,0.8642294335215265,-1.068902630577159,-1.0725313298371382,-1.0252035712295775,0.008280801196059189,17.390117709704626,-0.15282201668833886,-0.714425684963396
2023-11-14,1.5384040075456187,1.831982103661797,1.808947938303986,1.7158403367454207,0.9576342313091324,0.9573213759179343,1.9340492296723812,2.23818031326031,17.85283671419193,-0.3239640183660151,0.11687671423080492
2023-11-15,1.9476433758986167,1.5275591416305583,1.0052759770456718,0.6242315400240144,-1.567290223717773,-1.577735212842472,0.32957906068332765,2.015118339227359,17.97244958098761,2.2389861467655288,-1.694354784378268
2023-11-16,-0.37373055124205923,-0.03742921590059769,-0.4642313446378926,0.31988675506735287,-0.42225063942927504,-0.4174729155645564,-0.8761824340951685,0.6866353057651913,17.720579459564654,1.0270229853184194,-0.2895184528936172
2023-11-17,0.1725899943780372,0.6072822572144696,0.8452264375741008,1.2840879332741262,0.7826047249252106,0.7843840764753951,-0.1571492531582219,0.5020371955296563,17.720241057591007,-0.41301836061745856,1.2634903722808795
2023-11-20,1.0200747884030767,1.111819857229185,1.6085645765553431,1.5245332104096547,0.1315333873829356,0.13805395350099078,-0.6321557469022318,-0.2371121964667801,17.552017619788298,-1.2326995420472209,-0.12102291113667267
2023-11-21,0.33532467407498523,-0.32740325003962334,-0.11612443449465279,0.18100735474033347,-1.089860187385534,-1.094498971089616,1.7508998426357143,1.6320479815577538,18.081368492303543,-0.4134706045515804,-1.0939398809944272
2023-11-22,0.5672294780098567,1.3426976643302633,1.2073571226432178,1.405224463877562,1.0257002121360939,1.0243571010136436,-1.1129092650916934,-0.3978626879621597,17.636932500272888,0.07304498771437606,1.4435209727761957
2023-11-24,1.2534430183949012,0.8843220454788974,1.2606812200817556,1.276277509902981,-0.27667446623380004,-0.2701406416359264,-1.3056978072093939,-1.9184292083712364,16.923606810574363,-1.2182219862119779,0.0015175683352496839
2023-11-27,1.350502693533868,1.5307008881816062,1.5504130035361914,1.4447789815446168,0.2708695914989626,0.276488538267953,2.1392694548602362,0.3067569461486443,17.80008491464021,-0.567369203097365,0.7737500968882045
2023-11-28,0.9062751021988658,0.5729509710899885,0.7916364166411527,0.887557090745559,-0.5698904253415554,-0.5655054316158576,-0.5793133143387567,-0.5948198681673142,17.569983468763056,-0.7923054531957424,-0.4987358273670371
2023-11-29,1.090263907459504,0.9676367849412879,0.8946602737157681,0.43376618533585665,-0.4301090508736309,-0.425914715158777,-0.21364470565920213,-0.5276109678773262,17.519547086069895,-0.2641435833896849,-0.27266258386385994
2023-11-30,-0.15225052855538546,0.14684277692567954,0.10706942883324261,0.1495721055039848,-0.34592643952907987,-0.3422679695126662,0.8366229231738667,1.3488831169968165,18.00234315481586,0.045636152298956345,-0.6298825406165829
2023-12-01,0.23206938323593806,0.1373308145173938,0.5341590732868424,0.6869052652676461,0.33452926193378973,0.33860412975222604,-0.8177516071857085,-0.4568505734241854,17.50250325827715,-1.4259287447928906,-0.051932604813501475
2023-12-04,-0.4590811585817746,-1.143008516050916,-1.217567538698818,-1.253807196056762,-1.3861255768100866,-1.3927311300337795,0.13756474008801733,0.18860105438366512,17.69282204930297,0.5214203741179245,-0.9583591825735054
2023-12-05,-1.4178236514528444,0.8494865818571926,-0.8679987434514572,0.4842384535963166,1.1871134660050775,1.1850489088290834,-0.27955888377798727,0.001310369835346702,17.66187230021582,2.611728240233836,1.4756947702300773
2023-12-06,1.0133643088384816,0.20512296308941733,-0.4412607164170664,-1.8613518869375831,-1.4383740617031198,-1.445929341644623,-0.3577135567094468,-0.16102303111935665,17.496332663652726,0.7095466825765705,-1.2805330865756115
2023-12-07,-0.06134177359409631,0.25254536492009594,0.3360435348667023,0.46858795259710745,1.4752230039167804,1.4678961031529325,0.3533475828033166,0.8615805052958171,17.773515999102568,-0.15032399291451579,1.0216026057160679
2023-12-08,-0.45410547777711757,0.1205037433093599,0.3761442203701913,0.8939002753444166,0.28694634123748974,0.2912141969977427,-0.6647924107916799,-0.6301662991984774,17.549793519422355,-0.339099786003278,0.006438222387471311
2023-12-11,-0.20377214090569662,-1.1952331150518671,-0.8552002500204764,-0.41148680585345454,-0.8153435996543653,-0.814975107445225,0.6016673472369891,0.5472308903480955,17.74551690934844,-0.23002079824648383,-1.2825936991121523
2023-12-12,-0.20715938960038238,0.1045314240482347,0.6584095233485457,1.1231895988716418,0.8932079826635126,0.8933098909737337,-0.5362293836506878,-0.29871024406071806,17.62093452552695,-0.605294878513254,0.8422639420302379
2023-12-13,1.7705309673244016,1.7006996083304082,1.7359286704878316,1.7455952224397189,0.6239430152352994,0.6255249756489346,0.36727057106812017,0.41485779210975837,17.781381411128397,-0.2187577667954318,-0.2991497813290941
2023-12-14,2.0232101563142253,1.8138031894143407,0.585336838184165,0.5375322141634525,-0.8453391909971442,-0.8429411742753279,0.41147229313073824,1.6934633568100277,17.88284016345782,1.5460463342712927,-0.997653777855485
2023-12-15,0.9619585126664554,1.4123043951164982,1.7978787452562002,1.7784225534950329,1.1363116003381557,1.1319285130889292,2.3560759427301767,2.6812522764360254,18.516346324230824,-0.4580868619526258,1.538153653474411
2023-12-18,1.57539238941496,2.351544424968094,2.0941511697071884,2.347947307089026,1.4924974524843995,1.480149746723228,-1.4061583298426252,-0.0755479922762576,17.950881909734697,1.0289450502802648,1.5159402681299583
2023-12-19,2.1898594564335507,1.7408309374781785,2.141220319711491,1.634439592764044,-0.46440988640580005,-0.4595767214331232,-0.9399794258502344,-0.9989830144254439,17.58068650374654,-0.7438955328275253,-0.6214265828063497
2023-12-20,1.3121884523635465,1.4566703936610477,1.3616261940156777,0.9202927006811961,-1.2138906231172464,-1.2186811410841663,0.22595248542388768,-0.6740847665723099,17.73395492226703,0.7853845728226376,0.15249042253859846
2023-12-21,1.155775074749022,0.8020742612560734,1.2246519294620837,1.2011705162651667,0.5124452508849002,0.5171205289080353,-0.7858424584574915,-1.0999989774687842,17.407485339245248,-1.1133332734659849,-0.018659575638722066
2023-12-22,1.0676317729119487,0.742213674581148,1.1374563300737017,0.8728346951123029,-0.5201841469745836,-0.5171103889385649,-0.5526932047200013,-1.2028165177656378,17.199226051331102,-1.1521908395589895,-0.4309478781186169
2023-12-26,0.837659753200625,0.4900811423550754,1.0508577571687854,0.722272763875078,-0.42414311506409985,-0.4205510886630609,-0.35871536094259243,-1.1064481305873144,17.037070816514127,-1.3777905158759864,-0.5522225890783217
2023-12-27,0.7224036667454379,0.6495564901995531,0.9092378195957316,0.5495518275255956,-0.3652111909945418,-0.36183496040449303,0.6021662188069066,-0.6920986249220062,17.26342296806327,-0.8061532628552686,-0.2628705137902835
2023-12-28,0.6469293079033673,0.16420565567810763,0.6921277938916933,0.42136720847799247,-0.2340304479981121,-0.23008305111717525,-0.34095829889402646,-0.6892625497506014,17.113456346774967,-0.9906139062482623,-0.1429244164937833
2023-12-29,0.2042108266362907,-0.16880383671161955,-0.4068491357765139,-0.7891738917577926,-1.0397075879137383,-1.0458153885630648,1.0758825491438055,0.03978990129415205,17.499101075277174,0.36014455865599715,-0.8382360679600146
2024-01-02,-1.306627442216537,-2.166466685463968,-2.176486895944102,-2.3715619059869404,-1.1178503423970498,-1.127522756096487,0.791763205115723,1.7675119664008956,17.672853508822616,1.1178705316077653,-0.78413370695005
2024-01-03,-2.467572586168335,-2.1595056495723055,-1.7810630137545183,-2.1423834700419357,-0.8306842381536498,-0.8315009274081644,0.1475825440613305,1.8326085682817739,17.71597706354014,0.3945082882049527,0.31674153747921957
2024-01-04,-2.4164819686946175,-2.4159703809173836,-2.2627814632580994,-2.3057281512243697,-1.9851966878735945,-1.997781427617679,0.35507300107973916,1.6641558420259577,17.8415727283918,0.8989756533312565,-2.50839974734303
2024-01-05,-1.862273561064491,-1.8966295237640938,-1.5634774622214485,-1.5546492255961863,0.8745073253331425,0.8724936276379187,-0.859129830219393,0.7832763339528085,17.624942564635298,-0.09563272915810764,1.0217667237460129
2024-01-08,-1.036987359314317,-0.7861648781371433,-0.9044627728867374,-0.34682050944492826,2.1606292507583316,2.1426092407836856,-0.04306985115395641,0.6657145734706238,17.660476695212516,0.8975128608637616,1.7831052322403331
2024-01-09,-0.47242374154808725,0.0640998229547092,-0.22303937749545663,0.3984008311633079,1.1069205600704823,1.1064645423510093,-0.5797439747490638,0.2218572831259534,17.5954320280346,0.894054131127484,1.6494491258811537
2024-01-10,0.648550641187361,0.9680274122804369,0.910011646384868,1.1017791587731778,0.9657918117336571,0.9658028880412581,-0.3078374670570062,-0.052507691909332695,17.609240920408276,-0.2476540034434885,0.860209376040981
2024-01-11,1.396576198291008,1.6201594997280575,1.2841508058668785,1.3842841895132452,0.5056246634789426,0.5102421507481131,0.24087054423736254,0.008886485894407253,17.70881345036619,1.1106678521700377,0.7451861474283171
2024-01-12,1.3630482201692358,1.1836314897652371,1.451352747745696,1.1453698767854517,-0.28077811121719837,-0.2740020505803492,-1.2067942197439827,-1.4128855783731928,17.51583182912257,-1.3422795773702827,-0.4408468661907627
2024-01-16,0.8576449068261107,0.7918014384619702,0.8609940128323775,0.7000099421995645,-0.6417671223178344,-0.6374967394448212,0.09324853253890077,-1.347721706238926,17.538419413080817,-0.38197291289973445,-0.5640262366235871
2024-01-17,0.3319538643605245,0.012179178423576438,0.18973218925062924,0.2648178632365901,-0.6803325308431277,-0.6763877677431112,-1.1241564936404314,-1.5271610879875308,17.36952633235323,-0.9892362216654788,-0.4476412604914676
2024-01-18,0.5617038209543158,0.38630158425367833,0.6154493268628026,0.6069030498319277,0.5349244384404166,0.5378844648763671,0.8485289365272853,-0.9024189355136221,17.449146848269564,-1.2082375191243326,0.1010569277258304
2024-01-19,0.6744182877934403,0.7714505371911533,0.7207175501074131,0.9713730708053754,0.4020510847636918,0.40596116586948533,2.129559225749505,1.0967116338402159,17.74799677637539,0.30461906672729705,-0.5618784325772271
2024-01-22,1.3647223941415536,1.101384330033665,0.9828549968777422,0.7682774032332633,-0.8233199156673568,-0.821881309742224,-0.9654221341309259,0.09550496568100632,17.592572600848147,0.33595085350963455,-1.068245049450657
2024-01-23,0.5919134441507932,0.6598196118702274,0.9393898411505869,1.3477492528645052,0.34101043441279527,0.3443145922810194,-0.7474371835944706,-0.5748302878220217,17.452728255079805,-0.785314604076133,0.333306936792905
2024-01-24,1.6936193547448282,1.5609008761262277,1.9833166075770385,1.5817142952008327,0.1965741009942537,0.200310786197585,1.3796548079448252,1.1860798568439204,17.698049158983288,-0.9973538699924913,0.5468324593956775
2024-01-25,1.0479924544109749,1.2389556758784155,0.7272779788643563,1.5975074955522393,0.3567774707205101,0.35947413396322553,-0.607029967422903,0.3488912207216654,17.591452660670097,1.5108832084709112,0.006892417911904795
2024-01-26,1.4045144309679984,1.7462266491030771,1.8137968282677301,1.713815362508451,0.7378304811534853,0.7382149468378729,0.7799542056716248,1.4164436621916903,17.748265190407253,0.14289167919144652,1.7503798246152562
2024-01-29,1.4168570050124774,1.503919476108939,1.65452817718579,1.8288606997701835,1.0617930844615844,1.057835939299316,-0.7448805530789071,0.3001467684857669,17.62816397733624,-0.5680287561329393,0.8900803434921478
2024-01-30,1.4752303611606576,1.3010268442870956,1.2049449438625326,0.8600147884073123,-1.8654140699596773,-1.870670289812974,-0.13248320981566944,0.1320825760289972,17.626771370336755,0.7261091437585014,-2.0741738368337193
2024-01-31,0.05909171770461338,0.2917615180325148,-0.22042615699681442,-0.7058928952528862,-2.1119205908962346,-2.119608157601081,0.35095027502759263,0.5669128021048612,17.733205467688745,1.6982250035880309,-1.1125009913971249
2024-02-01,-0.6343135025355754,0.4370659678954153,-0.05309940897484691,0.8398755305030119,1.567606214391243,1.5504992249110412,1.8441876046409635,2.47492704147231,18.153355406688537,1.2869499511470177,1.5199595889782458
2024-02-02,2.5918478386287216,2.625015976269078,2.5256860068848557,2.59014853530456,2.45487799034296,2.4302500624648373,1.6098583523162562,2.4801017359088777,18.579007557296958,1.5880283886655222,2.648693584455179
2024-02-05,1.8967822234874179,1.6218158141690997,1.8233981920261757,1.6738469514801058,-0.6644544490769704,-0.6702063534615694,-1.8680308800605172,-0.6547484072793855,17.82432085173459,-0.6126946083511134,-0.6000702029084589
2024-02-06,1.3731209771257307,1.3183926888674655,1.4132594159320337,1.180860461106186,-0.5339731334409045,-0.5356782705684616,-0.8819683289184306,-1.1803186877820944,17.565144060812738,-0.488558728942096,-0.6761623861247166
2024-02-07,1.1190278953851667,1.0925603666492079,1.2977189617260003,1.1355213257682797,-0.020339779976413255,-0.008050236774423273,0.19401348874243182,-0.841241000324867,17.669355592333545,-1.5334617234387866,-0.2663810134138879
2024-02-08,0.9383066043181058,0.9743530896884323,1.0567937371487117,0.8398157738924052,-0.4093596936202473,-0.4070932817420838,-0.46325653592129146,-0.9329624395625749,17.560687662512052,-0.7800254910860159,-0.4356796445752074
2024-02-09,0.9347442938687232,1.2717825668261589,1.087576749817667,1.2517360530914394,0.5935198529969953,0.6112376622220431,0.8405163040708895,-0.29232900268525497,17.85831619914384,0.7937150553143337,0.6047066611381099
2024-02-12,1.2558441230788597,1.0875735274469427,1.0122610057644037,0.7668739741634749,-0.6333931990869037,-0.6381874217797454,-0.5063009336514323,-0.5114505205729569,17.748323957588173,0.14942379465316816,-0.6587327508714587
2024-02-13,0.05082886032978288,0.23505468274956998,-0.022190910249318574,0.0799204361471754,-0.898954104982567,-0.9146408558133685,0.08287966910227372,-0.31908252354554184,17.847005855895155,1.2761205105518787,-0.555108743205645
2024-02-14,0.11694925807310075,0.08711193316316025,0.2395261719404996,0.30887297020545207,0.12998239812238824,0.14483071883637996,-0.8061532887068655,-0.7182788401725717,17.57241076788045,-0.6194076917361777,-0.10977084447140505
2024-02-15,0.2504324011795569,-0.45462778901953776,-0.5002152723458482,-0.5754722777266105,-0.47331714623691423,-0.4740892059272637,0.5148006618741306,-0.2224910748415378,17.72463338192881,0.03612218427592309,-0.6936271272649445
2024-02-16,-0.7008906433356549,-0.7372094847767925,-0.737047860162863,-0.609999490902786,-0.03199321591149939,-0.025826174704389075,0.06407158070250073,1.0665929485553176,17.688264549872695,-0.09478163298705346,0.5264778855216559
2024-02-20,-0.9903812699685351,-1.404465819446071,-1.3187324273185965,-1.5465227760010554,-0.8639954630979686,-0.866994645676032,-0.614713431022847,0.1923218078418961,17.552711042412046,-0.38342511830961246,-0.5689757995176362
2024-02-21,-0.4154594003750737,-0.6303215815901934,-0.5378503364089252,-0.7630712575369204,0.6288142127467099,0.6340908643779339,0.2562399547627576,0.5568477577800821,17.612697204516582,-0.286763132560547,0.8239051623851916
2024-02-22,1.2932003339645035,1.2491217869466258,1.5034046519357993,1.5959303232509239,1.7823234970732191,1.7699588491847873,1.1452561122869271,1.898864185345018,17.829952976244407,-0.6348979410638763,1.1988338263769784
2024-02-23,1.4026631097649787,1.3123722138745801,1.7221548921448422,1.3696516267678496,-0.04318258581500224,-0.035123065166929576,0.16187039002869572,1.748480337919015,17.905097169067446,-1.6048472524960145,0.06195660420173706
2024-02-26,1.498962085153127,1.3990945729575361,1.5405258854001875,1.2516943049298657,-0.10796422261233173,-0.10139253569513239,-1.4533167340173734,-0.3417049310605303,17.608042592544727,-1.2446745222226385,0.3261676124041848
2024-02-27,1.0253160575265166,0.8178678324901592,1.0249842944213545,0.775399281237587,-0.4764626229515444,-0.4740150596383647,-1.4027109263497206,-1.6694610364780722,17.25405834715573,-1.2600007320860476,-0.9475945290566572
2024-02-28,0.34260868446411474,0.49211172007817056,0.6880515161572032,0.5113999274993095,-0.3505809781298435,-0.3480340406664483,-0.24009191831408508,-1.4149639085210866,17.15414084284313,-1.2950692842243414,-0.1105626288641332
2024-02-29,0.42463449503580236,1.3144479169375762,0.7174411179464936,1.3767948701077863,1.1724260761386638,1.1776989459074312,2.459102770424621,1.2598771709791596,17.800884410427813,1.7237419180043367,1.4813210836346182
2024-03-01,1.4020080295395194,1.4106010033481606,1.3500275980991905,1.4114237319763019,0.23021628936079808,0.23763804443169328,-1.1131024476996918,-0.9356019673445324,17.279876804462898,-0.14967630159022724,-0.31409737851179587
2024-03-04,1.3402474067140209,1.4455197351658595,1.4052995349373254,1.0095173072869061,-0.5750939257693699,-0.5744961904553958,0.3790410097864175,-0.17363088104738414,17.436686514348683,-0.09627561854361524,-0.5616825181925712
2024-03-05,1.0223765030330827,0.3820835159295798,0.04696973800459809,-0.18671465615268107,-1.5472161328149965,-1.5658121549250001,-0.11926928871391378,-0.14440192201414176,17.432579809567184,1.0668112028207972,-1.359651121651646
2024-03-06,0.33408151629105304,-0.024947594762146814,-0.29770380214621445,-0.9003689850313175,-0.4211223894868369,-0.41817224638593337,-0.421888830978101,-0.5466843243548828,17.284083089974523,0.5653884662763333,-1.0414130198406244
2024-03-07,-0.16491484651487812,0.6354268596879958,-0.16018025290023682,0.7978574387056914,1.470007863661133,1.4642501727032373,0.16188383798817677,0.03266500579166227,17.34373114570758,1.446544094347465,1.1104503203598206
2024-03-08,0.6513153848174255,0.8806701516333182,0.17939994161737358,-0.015696733660875883,-0.6908467987851772,-0.6898871860536584,0.287762021005972,1.060701322298629,17.449234030267665,1.2845238466339564,-0.17120224644156826
2024-03-11,-0.5050806203094373,-1.2002708602862229,-1.2737838957557135,-1.4683963281391215,-1.2816574758639614,-1.2900658599691164,-0.6908616830101998,-0.20959549367109387,17.164881204739178,-0.13775681676689694,-1.636030997996661
2024-03-12,-0.9123252350420454,-0.20796265049272,-0.9065801066043153,0.04979427517860804,1.2291548555355558,1.2249808239395112,0.6130618228246328,0.8953251233698137,17.415848401241377,1.3559753417862197,0.9540957530031458
2024-03-13,0.28000342203254824,0.07033540881290551,0.8222857755883879,0.4768927906884066,0.3014987827402577,0.3073881546540476,-0.5985815132664292,-0.3564970410818826,17.242135274112474,-1.5436201084193928,0.8121986604414485
2024-03-14,1.254241147815199,1.0712730693631893,1.0626408991563447,1.3452266915191886,0.7781423298841768,0.7792746190613226,1.629148321272498,2.2249199301943543,17.59299139725127,-0.3972210464758055,1.4646636368529096
2024-03-15,0.5111735221463036,0.1638855522045559,-0.1306204881169791,-0.503827954277848,-1.3722232554095155,-1.380813650998696,1.919806788272924,2.5699053859142222,18.093779572212668,0.5834916311873768,-1.3642741433268681
2024-03-18,0.033121065738633555,-0.44734005115754366,0.30458803099933596,-0.34393917012577085,0.12275009459199447,0.12988282875570115,-1.7337441530935527,-0.6222482711437616,17.25755236589509,-1.202282083067469,-0.3329102838234909
2024-03-19,-0.9902783496060933,-0.7873776957198254,-0.22109312859988897,0.3108886077678419,0.4643262925493722,0.4681594863170708,-0.4716290505993518,-0.8348037668777744,17.1069265924027,-0.8561893282982519,0.2866711587947755
2024-03-20,0.45750553650079123,0.7382045691613779,0.4398339956065178,1.20955922096339,0.650550192033394,0.6511180760885813,0.17427347198800427,-0.5877076079848639,17.21494642239887,0.4364914846380789,0.3059620051038071
2024-03-21,2.092972979637416,1.8716789275113828,1.8814117924852407,1.075926371891502,-0.0587811727585414,-0.05212400285735477,0.11306068224211294,-0.35170857420203117,17.30667968318154,-0.16879241305920123,-0.22136205921130392
2024-03-22,0.7980232848539373,0.7238106108008653,0.9862100362650549,1.150934004110137,0.14041828698665468,0.14577028303157838,-0.5008919362548161,-0.5937219808137747,17.146432138394072,-0.7860140174069161,0.4929476145331638
2024-03-25,0.7598175544441359,1.3835552360047305,1.039979468708979,1.3842027176028124,0.018267395240900083,0.023418751835031497,0.012885780137523598,-0.4576896758070802,17.210538984020502,0.5313500669959355,0.5573044310734616
2024-03-26,1.5577688618961438,0.8889438578589823,1.236650646493959,0.5184767422001992,-0.869120795154588,-0.8621036219193022,-0.11378629094194355,-0.36537094341583815,17.20527621238059,-0.7633720896730858,-0.6601303217802117
2024-03-27,1.1372622415983227,0.5132159453681252,0.733073792702943,1.084580526282755,0.6026963651059353,0.601367150787329,0.18608137686805767,-0.11061291052660115,17.320244823478102,-0.625486131036881,-0.0365862526884315
2024-03-28,1.0730353345030055,1.2225624055902513,1.4532548653120867,1.183845238556867,0.20020637465299176,0.20328048044694924,0.3622796796412977,0.3931667678385204,17.454453717602295,-0.9039094670216626,0.4059227461787294
2024-04-01,1.1008033246714808,1.4464465283069772,1.4225000848817624,1.2444808297738825,-0.07745524842711728,-0.0748488481714483,-0.7978900186873915,0.8035872297365103,17.18880563230596,0.1607130133361638,0.8587113014057984
2024-04-02,0.21553170774286648,0.2951550845272433,0.5412687707669391,1.0366454549982789,-0.8743677729263003,-0.8730659114543381,0.759974372016598,1.4131985419120605,17.30017557553172,-0.9076274010308637,0.7953556652981952
2024-04-03,0.49411493020979785,1.371847108398988,1.1699882655328488,1.8916693383227552,0.9885082654932474,0.9872857212054564,-0.5467508469135705,0.716064923000244,17.250999891752603,0.13949589499890006,1.1940820893191197
2024-04-04,2.344491185571868,2.0746185227074387,1.2596867969782977,0.0534028716591987,-2.017732412143483,-2.0233407725579857,1.819962047831637,2.135053348911956,17.544194713331088,2.410668634701759,-0.7283157916326704
2024-04-05,1.154236227263444,1.8683794023464675,1.9142281813116528,2.3059030252305317,2.1929086853834794,2.1791074599008518,-0.12496397752213105,1.5265484643673906,17.561129472891817,1.1662541680579952,2.0521989975162698
2024-04-08,2.1977420942287034,1.7297719120153012,2.2228476780894004,1.7171331507426886,-0.25935324228246953,-0.2557473031146656,-0.770113406327452,0.6198832411944879,17.484730550033397,-0.8386592195051907,-0.5012239487326247
2024-04-09,1.7273263048469876,1.3632024467694384,1.511566719053863,1.4691307551663528,-0.06575655607024992,-0.061074960063823666,-0.6322458672872182,-0.13991995897919063,17.414106952603664,-0.047074439302348295,-0.37923729224290614
2024-04-10,0.15671202177592802,0.8069199311278249,0.7405171159251156,1.3004271714527036,-0.263223197818571,-0.25997426463984524,-0.305917761864994,-0.5970730835365813,17.39566832623356,0.3833251662632485,1.0336043032550417
2024-04-11,1.2072530094048894,1.6513026080811837,1.518947905561841,1.8011200756562038,1.044135104519452,1.0464254234413675,0.5472794213224679,0.05585558117837069,17.504907403208332,0.867051784997456,0.5843203224206435
2024-04-12,1.2204131519878594,0.9623594325736201,1.0958288428852128,0.6863341376918052,-1.448494538917914,-1.4596158109286606,-0.3133426461919108,-0.2882358199824128,17.467578221140613,-0.25860129593050435,-1.1313895458934136
2024-04-15,0.9253280200982814,0.8797834865423354,0.18527178583340242,-0.2770073175527017,-1.0791913056584537,-1.0844688111986318,1.3113772191653537,1.197678293247783,17.687802660914695,1.7835091281098137,-1.037040315210943
2024-04-16,-0.5756220441918779,-0.9001388482385487,-0.33384058590266025,-0.5382089662420881,-0.22738388075031035,-0.22219749596492436,-1.8111317784578789,-1.7504924038397052,17.308718773478997,-1.0903438515686206,-0.635650461767335
2024-04-17,-0.45536168129920424,-1.3001713295272233,-1.5532782900956903,-1.2536782219396008,-0.7494034877391887,-0.7511324412611613,-0.34243174936304926,-1.6299285836727178,17.26103421896225,0.8242161869922257,-1.2206872475415926
2024-04-18,-1.4680044122853495,-1.8993040289941485,-1.8406851670973097,-1.902406329204203,-0.7887906244352382,-0.7912567858081099,-0.0018413622899551337,-1.2934232670376649,17.24054818905851,0.040023787497030866,-1.4498979701444803
2024-04-19,-1.9387623676009376,-2.0996528276536153,-2.2793453114045334,-2.1273172618391136,-1.6600102267538734,-1.6730978846780828,2.5115868977115556,1.9824653960574679,17.839969010595308,1.6020550948927472,-1.9376965324933437
2024-04-22,-1.7790477584172621,-1.582768489449114,-1.5031078075249722,-1.1970577442997679,1.4148265820689907,1.409142847055408,-1.1022248185518664,-0.27489176921027453,17.45111847278017,0.33783459863132914,0.7984243214382868
2024-04-23,-1.1896432547806934,-1.0617180897446785,-0.9530389217274428,-0.5523310731919397,1.1218717738268535,1.120170542800468,-0.1954901191901983,-0.3532604790889147,17.42768446530062,-0.13880226704586565,0.1963780864674469
2024-04-24,-0.6275470115341111,-0.7995956258926723,-0.7465473265913143,-0.9916662254050658,-0.7603175629920411,-0.760083983762781,-0.34273071299030095,-0.6340411464180692,17.34730046383788,-0.019058527450858377,-1.5199687891726628
2024-04-25,-2.054651404035028,-1.7719231303573428,-2.0418166989437356,-1.4332391137543266,-0.6189044207473412,-0.6186104117895179,1.0706274528613262,1.010747882051153,17.712407763071862,2.2390481572115073,-0.8232048471715441
2024-04-26,-0.4050080837144581,-0.12689182366029514,-0.10479643017190608,0.22195691881923416,2.033663379911716,2.0191283014467265,-0.4758947649666629,0.29119809142217673,17.59787582418989,-0.015241601650439442,2.2081176207477102
2024-04-29,0.8185904223797836,0.8315957995794162,0.709043307855098,0.7736613992060347,0.47550276187759716,0.48389130234022953,0.49215535888549095,1.2740869026572006,17.805677256771467,-0.3461149960364704,0.5365011568839053
2024-04-30,0.49733271813604407,0.7711762606595455,-0.18792658880421637,-1.0153275185921702,-1.3584444900492805,-1.3745509416045127,1.5192851961373055,2.3177221494968725,18.365588674927206,1.8571363386011253,-0.9860065216072749
2024-05-01,0.7570655440876508,1.4186759956154742,0.37811056262709997,0.5835663122997053,1.0632026483837644,1.0615724839030338,-0.44155011265473937,1.3228703972964206,18.365644675167538,1.534637041709192,1.6707167479644824
2024-05-02,0.5688325582919164,1.2130244196080497,1.2229984795179158,1.972358637659873,1.1766248634342766,1.1681194307609275,-1.3065433590331526,-0.7690353710411008,17.810099257963852,-0.319046177430431,1.1693718386059495
2024-05-03,1.6413932455283184,1.5227167438439757,1.839952897754029,1.751668046966393,0.06341096239575045,0.07294498519898486,-0.8180671231165602,-1.148865347434152,17.48347278935126,-1.4016618849012006,-0.47895790716322373
2024-05-06,1.186359896155875,1.3617455608169566,1.3376195571211669,1.7023243093406764,0.31064319498314885,0.3178773029034722,-0.4406329457366863,-1.1697624865226393,17.362979114673664,-0.6952739134777609,-0.004907807687532155
2024-05-07,1.3476449119383485,1.2890768110458022,1.3946663034373559,1.3465546020748447,-0.22329615994435523,-0.2132130312305466,-0.17096579877275292,-1.054331809462812,17.3433083139743,-1.1412485427987746,-0.2379797217465738
2024-05-08,0.8949994737699181,0.7945122466560167,1.0195267093315659,0.9860382783451044,-0.5000977069164014,-0.49111883996513483,-0.7204268507943712,-1.178924562025948,17.078839574967503,-1.1784947186264416,-0.5342736928948781
2024-05-09,1.1820000876567585,1.531340002025616,1.1292073724018385,1.07680016287368,-0.04909022041301983,-0.04010155264329585,1.5723631162429725,-0.4288852917472387,17.58524164632856,-0.22316677186628067,-0.19423322991031633
2024-05-10,1.09282455120418,0.8624827590801102,0.8444057855834777,0.5393016122884791,-0.8375799893077142,-0.8314723502801548,-0.6278255613995336,-0.6522156835391365,17.34603302730764,-0.6516153997669653,-1.045647026178243
2024-05-13,0.6118172037946564,0.18759646982601397,0.40055812695376697,0.24842571807154665,-0.4425157684945743,-0.4346206661790253,-0.6406249252171836,-0.7755958437682828,17.030322175117558,-0.5801186959346974,-0.41565841334628195
2024-05-14,-0.7791662559306392,-0.27662141365228493,-0.2563085398129217,0.15548525136740243,-0.311201553061645,-0.3071222507970279,1.6277210976117384,0.2482153057128559,17.4713036711314,0.1626047230520992,-0.38847982196907643
2024-05-15,-0.2534150156195223,-0.9429338663312078,-0.9449945234850088,-0.8876864782411764,-0.784454828273284,-0.7877371218303314,1.8616550733635397,2.6143583992544115,18.139111960546224,0.5393094546885485,-1.4732026866979702
2024-05-16,-0.875681459679146,-0.9158779138262089,-1.0967274664301678,-2.0833614537540397,-1.4171084138560883,-1.4228559510825085,-1.1153368458021784,0.41902698665879057,17.474819610519393,0.6595366367324497,-0.8367782323869862
2024-05-17,-1.4958292842080525,-1.7104724809821774,-0.9768178285021898,-1.2545995322665497,0.7929427728629012,0.7946548775487094,-0.4496195473040752,0.051565261808630726,17.317328268328556,-1.4627617626628,1.209478684550475
2024-05-20,-1.0398829910546925,-0.8088246205830921,-0.8869503556093776,-1.4495299138451938,-0.5192456563408692,-0.5173902137292805,-0.3200671117606052,-0.14359815985460725,17.23362408477695,0.21791046836000455,-0.2921969331742199
2024-05-21,-1.5284944968331395,-1.8292568189973428,-1.6758576393719486,-1.3119248744983392,0.12897522182094648,0.13207027349444247,1.0343224003508886,0.8928222155073651,17.744176321202353,-0.7547482664370059,0.13674699604891993
2024-05-22,-0.7082082449675434,-0.823427869780479,-0.9029252146893721,-1.0747527417029508,0.3679154167395959,0.3706345102570993,-1.0664070523075304,-0.6246679326656941,17.153015318392413,-0.06892335612216346,1.0384959702556353
2024-05-23,-0.6485009207464535,-0.9089393705550797,-1.524463468793934,-1.717195624150409,-1.1101518158477248,-1.111975867494171,0.2488723562101305,-0.21506155017844852,17.332123760825407,1.6211106029565243,0.23831492937962057
2024-05-24,-1.4431517754643632,-1.7324652818461164,-1.2929829038456542,-1.4929418971133814,0.340866216954442,0.3430936194400769,-0.5262637933622131,-0.6223399222796783,17.127297359576737,-1.2313802461832992,-0.5414568675934199
2024-05-28,-1.978229408342302,-1.4700305341093163,-1.5140891306241528,-0.6825491577145694,1.4905287960580482,1.4856894472566826,-0.04289096967495212,-0.5823338853229459,17.214271674340722,-0.5312697841958157,1.523628787204214
2024-05-29,-0.8398474512605644,-0.40162360542608727,-0.09832432721796444,-0.618504534854601,0.3034215241782449,0.3061126226586331,0.014521808797473536,-0.3662204268227036,17.281537074781657,-0.6486121242495281,1.1823214676788394
2024-05-30,-0.8796134681934543,-1.4964347475129411,-1.6437643126823636,-1.8752097844282787,-1.4750097532187376,-1.4795252034353663,-0.13795908845391242,0.01611064589651744,17.191362815029727,0.030565391426836015,-0.9522850432658133
2024-05-31,-1.9594081270016295,-1.9188039939175525,-2.329857030870939,-2.1688299967643725,-1.4929211588102624,-1.497278713829596,2.0983671332837344,2.4042212076147558,17.891417877328475,2.089261051927938,-2.1437859320212147
2024-06-03,-1.6657146800719254,-1.6009552635369273,-1.2778134779663286,-1.1384372100591558,1.6018998663640203,1.594907329891498,-1.1919157276887433,-0.2175581958924089,17.242590120822193,-0.38406929266243595,1.25662744075093
2024-06-04,-1.366934651196658,-0.9913434065792732,-0.9117500121660378,-0.5611112265212239,0.8517572531678872,0.8516428432385104,-0.4058249296195397,-0.522360716784485,17.11866874277351,0.17556941154955827,0.5915073414432814
2024-06-05,-0.21518196826197522,-0.18935476957889105,0.029776987236197348,0.44487117810787863,1.1635830476603268,1.1593960062027957,0.37332325932326355,0.23993036354511127,17.284877392197053,-0.49988686253235015,0.056762277938849755
2024-06-06,0.6865483913297539,1.3789024620922739,1.13622693620751,1.8781142770476187,1.5905652091337357,1.5798058997068722,-0.23086118758354127,0.041833314745276136,17.261400864419663,0.1586370311579792,1.651096927101695
2024-06-07,1.953807321134252,1.6941318848179396,1.5120891978249937,1.2901295491459834,-0.4856775897736024,-0.48130882392497104,-0.36779957891869536,-0.2745861693515521,17.148482666317747,-0.2790885829587078,-0.24229314247568134
2024-06-10,1.3286767778279494,1.5695407039115894,1.3683767526207578,1.6881949038596806,0.9401858345724183,0.937864255222943,0.39938923505925933,0.27094670288093864,17.356310477993098,0.1276883985518364,0.7980705951967266
2024-06-11,1.7658964714964906,1.3721340617824402,1.2872873203238668,1.387186647248853,-0.15763806180587872,-0.1520776517412993,-0.6517491036914667,-0.5632191922095257,17.121118090718348,-0.1748386977831341,-0.26680676470901343
2024-06-12,1.5627761323634946,1.2737835873841346,1.2877309727898931,1.0793134523493941,-0.3719615444394331,-0.3667702947352493,0.4534718859009943,0.13696676058091553,17.34140629811428,-0.6075424756985354,-0.7928356159014389
2024-06-13,0.8849523203139131,0.8985542482117255,0.5012780887293702,0.22018290247815983,-1.523805711350385,-1.5300258248108651,0.1966813843353068,0.5592519089739496,17.497403185953928,1.4815783954860922,-1.266125183017929
2024-06-14,0.010559865072234569,-0.25142218950835493,0.23088467117604328,-0.010457960709769286,-0.46655581536970003,-0.46218715852080483,-1.2314145822230196,-0.9158913652542788,17.05247778210691,-1.9182001428416604,-0.15154181130020158
2024-06-17,-0.31338455586520353,-0.08261059048659951,-0.28482901800433064,-0.08089485717170572,-0.09885984593362178,-0.09417176815492997,1.4934935360494102,1.3329277219739195,17.387909593272994,0.6252391116000743,-0.46665838788539477
2024-06-18,-0.16057846828980996,-0.6413072001863798,-0.553111901603939,-0.9209706272486865,-0.8067308512521802,-0.8061407009855555,-0.1114098775595318,1.1061608318774643,17.417175005266525,-0.353335546053151,-0.6785070891739744
2024-06-20,-0.7286133504064851,0.20415520790309685,-0.1201393928157479,0.6259828316607777,1.3066738007473984,1.3034512969503176,0.6808176928285522,1.8256843644133742,17.61608345485463,0.5547171863027176,1.509741233507734
2024-06-21,1.3349943503946264,1.4754809169591052,1.600894148589063,1.7538110604218282,1.2501058603016597,1.247044514096429,1.721393357754256,2.463454155333957,18.10503532956843,0.09715346525168911,1.363270015538557
2024-06-24,1.5553237320900866,1.725714185746874,1.0597141479317636,-0.02955524149330762,-1.5133982280719815,-1.5216893571948482,-1.296672358912979,0.31379912814345207,17.73966766649418,1.7960779085755425,-1.0498841668882706
2024-06-25,0.4352742619451092,0.6830316709167491,0.9589256562593896,0.40129525940461097,0.3771715894816456,0.3816437702943651,-0.5190603269972994,-0.18656510361467427,17.641943016545422,-0.14666105040028646,0.1980728786807356
2024-06-26,0.4871017534414428,2.045096460490175,1.2173874371251874,2.316118749428834,2.064277589763281,2.0470980027148253,0.8860945635499811,0.7163088630090797,17.99149502857856,2.2800646733642362,1.990161186833852
2024-06-27,2.2552388910583008,2.1292611129881767,2.472867329702847,2.1574012201944144,0.890448446284719,0.8935767812361758,0.05578542863168399,0.7814962047661904,18.12493291052953,0.5352763877440716,0.8828327409142391
2024-06-28,1.945315896576378,1.472071737870278,1.524083093626721,0.9919018264216024,-1.4914034721464657,-1.505887162290328,-0.24396319024809157,0.482171377230255,18.158409088196557,0.8328781310032358,-1.2890457587068034
2024-07-01,0.9256395070652594,1.1262338524544937,1.2653313575291931,1.38632638494995,0.6737220465100908,0.6769503111558253,-1.6813177594003033,-1.761067544939471,17.533754644984672,0.2525972656011163,0.5980988477646492
2024-07-02,1.3244873307576572,1.2097556591091811,1.4983527458549202,1.470099799000955,0.2915520873123971,0.29845818356491666,0.10975912172879465,-1.3134538508546802,17.63541829641444,-0.3712553113954167,0.008154107085489125
2024-07-03,1.4368696940102914,0.9710762852810909,1.3541222237095707,0.8952480401178695,-1.0001554867163074,-0.9980885724551308,-1.0099049730424963,-1.5762350039890198,17.268601252300332,-1.0965098226372534,-1.2540204409902072
2024-07-05,1.036855490733054,0.9082200522893098,1.3372531328899884,1.0975544861671944,0.24212151912280114,0.24979134450041818,0.6358278275474082,-0.9860248479467325,17.50085630086857,-1.3640634929139503,0.05630665309324825
2024-07-08,1.068349471527617,0.8772022930123572,1.060929653190922,0.7897990754641173,-0.45416264516514876,-0.4474092298045084,-0.3394400499440734,-0.9652121125274958,17.364187876582275,-0.8878009620996455,-0.4357790622094633
2024-07-09,0.7711720853212741,0.5852445478612944,1.0722984459178282,0.6736967664732981,-0.3911269924684977,-0.38431186029327097,-0.1938149059039218,-0.832192695085352,17.302888724547728,-1.3621787054371992,-0.31576775043639865
2024-07-10,0.7633919219837408,0.3475315601144125,0.6617680472179821,0.7946458672244567,-0.26911653119367135,-0.2616598677112009,0.017605115772695048,-0.6464850394686316,17.308490723660615,-0.8660950020800107,-0.6820415633568563
2024-07-11,0.8319785532094766,0.2983674295157124,-1.1727740995642253,-1.2666978622705032,-1.473549923638235,-1.4810706567778482,1.4487995012970203,0.2757315595503737,17.612459377986088,1.6363326059434649,-0.9755532016172523
2024-07-12,-1.4229426365313889,-2.2699922439594267,-0.7615017437421249,-1.2308627079721,-0.08422588173171941,-0.07741676240953062,-1.0087775254421674,-0.2674144882428386,17.236461578794607,-0.6403726444615965,-0.3634394281604966
2024-07-15,-1.2510333413623647,-1.8027885236752352,-1.69448084724405,-1.8343500246580768,-0.6711315745992367,-0.6676883736649625,1.2252309249243283,2.039521455231502,17.521325813364584,0.8822239742648722,-0.770342974470806
2024-07-16,-1.0691969620937716,-1.3301527367006376,-1.1439220792810263,-1.3701157245540485,0.3254100438562153,0.3292332293787815,-0.6980903057948342,0.8380537298546753,17.341715217492926,0.40489465490603593,0.0851068179988018
2024-07-17,-1.9519309970643124,-2.212081722151548,-2.0561480847741467,-2.0066789995475087,-1.6920826740891668,-1.6996354478825408,1.3453010459317614,2.0285761865964056,17.688295750892944,1.0535469748636983,-0.6771912727459379
2024-07-18,-1.7775562567875953,-1.8956423391155819,-2.0068685109490687,-1.9733481469336838,-1.168139266112173,-1.168834809757513,-0.05807193754632595,1.5926587008017905,17.748190747019933,1.8091622196403867,-1.0443474767791256
2024-07-19,-2.2329123674582663,-1.9956542011769165,-1.6522761888783133,-1.5796642355233277,0.47983637882521196,0.48190658270857023,-0.7585599768323888,0.5988105175596131,17.57861121532105,0.21881061431614587,1.851999364628882
2024-07-22,-1.2690272395418662,-1.5145269136719275,-1.060249749483353,-1.3321362822408296,0.494081067595575,0.49601527426624115,-0.45646471659845006,0.10007618988440246,17.502686086220713,-0.8015760635464609,-0.8507756035501659
2024-07-23,-1.1413844578496146,-0.6379998513238705,-0.7428454218005696,-0.5855183953878209,1.915899057509705,1.8988916727713248,0.5033813888347104,0.5951943654627317,17.677033659450576,0.4973115035880929,2.4852319991662686
2024-07-24,-1.0610111942158202,-1.0985097511189936,-1.0808467154660781,-1.3198253215186901,-1.2731410610069203,-1.2830562717449379,-0.6953961074250483,-0.4246041096384393,17.541984427564493,0.004516991798134094,-0.05669841257913629
2024-07-25,-0.9521243781377368,-1.1796251693046036,-1.384898455630978,-1.236115378446343,0.16988156276908378,0.17671337591294198,0.20237015594786054,-0.061480693671793755,17.61019495146518,1.2125557161489018,0.3870383139193578
2024-07-26,-1.1508782419036916,-1.094320205332532,-0.6442391629171839,-0.5948900878874291,1.2571336529544126,1.2524869597348052,-1.506472758874733,-2.0180686488332227,17.200104224351062,-1.2524918831553347,0.6164405110915648
2024-07-29,-0.3833404704962588,-0.6337041026851385,-0.0445434699620575,-0.288739111820489,0.5177521085991339,0.5225896016522286,0.5875472892232672,-1.167060063000365,17.32016968375801,-1.2901618321902686,0.4423945189755723
2024-07-30,0.027977096586364464,-0.18484117729655372,-0.7553190527969296,-0.6084927443874845,-0.13350866590344906,-0.12610580011081615,0.7063751362860492,-0.4696663974121822,17.49202895300339,0.7240988575348286,-0.12296977618589167
2024-07-31,0.4198191907844848,0.8607444151241063,1.496506631119999,1.7440036072433125,1.60092455621423,1.5861537956691092,0.3221265659211747,0.028191325719261074,17.54522723048258,-0.721275044327381,1.0862590071238292
2024-08-01,2.1810552143834703,1.8599183476164567,0.3132382045266104,0.4222627795574976,-0.9042340527779033,-0.9038630516507292,2.263661331665316,2.4011648110482673,18.070209389329854,1.748061529264084,-0.38140450485576366
2024-08-02,-2.640161752513509,-2.6137523026980722,-2.6974091756542147,-2.579801906620698,-2.4132834526480735,-2.4423782136488934,2.1002747213646185,2.5696293055938075,18.76744555130013,1.5284974764170085,-2.593010475662226
2024-08-05,-2.368051727228845,-2.130745813730998,-2.2309897910652863,-2.202287932655696,-0.8416451541936768,-0.8237215555477609,-1.2920458854845542,0.3656598069899872,18.236149559728798,2.0722533479228904,-0.24373174211540904
2024-08-06,-1.3071996929259606,-1.4559204484492971,-1.2657249006902895,-1.5705535351954996,0.5757470725764351,0.5753452445971601,-0.8366344479170253,-0.3535520976263444,17.909034800482818,0.23742943943358158,0.1339907727575766
2024-08-07,-0.7439493618542872,-0.9878545376064497,-0.8422843456891933,-1.1882744805344194,0.45707248822957625,0.45855940763896125,-0.6246156626685623,-0.670389918055477,17.69517979948192,0.016395119680906345,0.7919787030939501
2024-08-08,-0.7055221258468767,-0.8814436767712626,-0.625278633123694,-0.7465098530504513,0.7619334224389809,0.7500553015652653,-0.3387327621054627,-0.708344863533594,17.613607602151653,-0.5724663754553633,0.07468815508951739
2024-08-09,-0.4914782494358509,-0.5799371824951863,-0.25224014499064207,-0.5078445209355134,0.44923631382593593,0.450880977723504,-0.6201187670524693,-0.9199806077716645,17.410106832228852,-1.0560928607472502,0.36359622086568627
2024-08-12,-0.23132321566058545,-0.44936798188186483,-0.10261965968849097,-0.38800919355435215,0.23628737320960647,0.24535437634973312,-0.5206731941310478,-0.9950580289134784,17.219131699944842,-1.1626733932821434,0.2502466756002262
2024-08-13,-0.1246628474026703,-0.07748458033534522,0.10815967624859853,0.08769818073327619,0.7577736383657976,0.7454475988525685,0.5040532778601483,-0.6925850848201605,17.485153699895353,-0.6072277918305136,0.41395309279357695
2024-08-14,0.48237962371164744,0.2706404811445159,0.558266568590394,0.3572891894346381,0.24785594137643455,0.25565160518664626,-0.6517325309171728,-0.8272933781506042,17.177405657813182,-0.7930080535673262,0.14271091383729645
2024-08-15,1.5180650077843976,2.1687099343094616,1.6718203655089128,2.150980689184909,1.2800357095664592,1.237913880010944,1.5198822330135378,-0.1121889885846006,17.760939344861026,-0.5449228330649477,1.2960584045512988
2024-08-16,1.4748024951869114,1.65885799175741,1.5293985237220604,1.5553883412216505,-0.3945635250553929,-0.3844640610688871,-0.8225572928237853,-0.34477775612875416,17.265155219620976,-0.9117196399402361,-0.5836728522907965
2024-08-19,1.4678048611758854,1.3526863677104892,1.375220279317605,1.4017442683236498,-0.2636427565218409,-0.260295622740701,0.10377243597943334,0.2934167731915367,17.253676149849976,-1.0285316549149244,-0.527212739560945
2024-08-20,1.278730582450844,1.2243182305912295,1.3227605887396143,1.2425731354448675,-0.4481496434090419,-0.44748418028624787,-0.35217846842800027,0.14614060452364688,17.083374660709424,-1.216391883408647,0.21840568571566069
2024-08-21,1.3211228739679135,1.4712223476293176,1.2952153357105525,1.2163859290714252,-0.23842195052913367,-0.23473145190432315,0.9369474034031237,1.790771873202635,17.387830942694414,0.3650220516871348,0.023211107162819742
2024-08-22,1.3104905293695337,1.0938097675730016,0.5997601943583281,0.37538757892789354,-1.6555009297229724,-1.6814440527968133,-0.32479258579555154,1.1602113871845456,17.282729766372107,2.0736255964354093,-1.3658462122463773
2024-08-23,0.4128744974632887,0.4664211979541956,0.3686406169428864,0.4062115831315693,-0.04999606634126044,-0.04269542930297336,-0.3290694253421829,0.6404044355376567,17.187968935591822,0.3538939601263878,-0.6342524404723798
2024-08-26,0.10977043373070514,-0.0696406847955389,-0.024675018406668338,-0.1730999234975437,-0.7911202526881234,-0.7939022066421945,-0.7047770486778655,-0.5913774563088711,16.923061493384935,-0.13411271640653916,-0.5141246829991171
2024-08-27,-1.0200438244635943,-1.1052838257452509,-0.9444711781558066,-1.1141788939282,-0.8731676075626613,-0.8806487454580769,0.8577689488454726,0.8608027057768927,17.21142738869232,-0.4324662254077339,-1.113955848059627
2024-08-28,-1.3931077192946184,-1.7432279024378377,-2.1416444793739187,-2.046619612123018,-0.7642594644867142,-0.7694550664265202,-0.2125297870620261,0.5822294533695405,17.184356943838104,1.2112343912819854,-0.447938402361074
2024-08-29,-1.397119998895817,-1.2390846040052093,-1.2282897528331391,-1.245031379907554,1.0083954078796786,1.0051564305458776,-0.21590675639735893,0.5042493645546409,17.0891700168915,0.20009121432464075,1.5649738289871233
2024-08-30,-1.258172745344301,0.3301152517367247,-0.5288788303018187,0.785693431369069,2.1754052944156705,2.1562862582900677,2.0567272830134695,2.461839376938368,17.586647212106428,1.7159624185163609,2.2569279489749983
2024-09-03,0.3700345881514595,0.11188808151940186,0.37051758998161605,0.13336680669750253,-0.6840780625368873,-0.6857191039946606,-0.6235862216663405,1.1571372769574455,17.448282542861275,-0.5640107305674185,0.6467845810235091
2024-09-04,-0.5573555845128744,-0.560302434078635,-0.3924900882783946,-0.669957690820051,-0.7717161711414766,-0.7765048378800957,-0.8385801530006323,-0.1188067263745022,17.226961887749546,-0.4228374590567735,-0.9996980653876542
2024-09-05,-0.23883762395276656,0.9688664638144473,0.7807746666733278,1.0923684491613073,1.3877349597153446,1.3889475052855804,0.9751256428264982,1.1164271784829816,17.508643478251717,0.572610752772969,1.7118066850093872
2024-09-06,1.104927358709572,0.5971965418052698,-0.7701630111036932,-1.1470718588333426,-1.557334851143103,-1.5816844595913104,-0.0862151946227881,0.9372636288105993,17.540396454416413,1.9701772442716385,-1.14199240786543
2024-09-09,-0.24051609165528234,-0.43035813439612913,0.4406446598718786,0.36201185675045655,1.034695234940941,1.035832276631778,-1.1049406656662761,-0.7021408105292221,17.184095246670573,-1.095818378246178,0.5525099544305417
2024-09-10,1.3860050298745952,1.4204514008001752,1.6678929137664242,1.5074806422896736,0.8699634825311768,0.8710997500441016,0.5567658833605499,-0.128252021231645,17.40550297042375,-0.3431689280751091,0.8095880216117678
2024-09-11,1.8993894127304878,2.0686084437883134,1.0028061848699175,1.9902219376554156,0.8496355776934086,0.8475731770317552,0.3766264022885884,0.47622800316988007,17.566535852724936,1.9956882217987368,0.5422127964599297
2024-09-12,2.224139787397189,1.9523682368047366,2.401327143720232,1.8427689582438884,0.17199116717488225,0.1807450212327842,-0.8777308304217749,-0.940963108626793,17.33070607342183,-0.4876632361747147,-0.20585747256536777
2024-09-13,1.9211827830139032,1.6836205985605615,2.0091168631823684,1.379828330096676,-0.45900158561415577,-0.4474389416747977,-0.8189679802752499,-1.6775567836445826,17.092481728725588,-0.9632142578619067,-0.9335350264344116
2024-09-16,1.257051908233267,0.9003802121797267,1.185598404747836,0.9148812841689679,-0.5540047098684335,-0.5448605877090582,0.05669892928346864,-1.324737063147582,17.076123197177445,-0.8243714809865855,-0.8507912489197917
2024-09-17,1.2583450418029773,1.3124312209481062,1.3477930897260293,1.0277572074780912,0.21707557858669885,0.2245381089217928,0.07703887604849032,-0.9704646015344867,17.07712785238129,-0.49665965730551825,0.38924095544247866
2024-09-18,0.9722728891284627,0.9883687886746596,0.9511366411666063,0.7831166966571307,-0.48721632912225543,-0.4758868943588736,1.2459199187922074,0.18658401290713797,17.354964430537393,-0.31492688259307183,-0.3486954580232889
2024-09-19,1.3548394608483232,1.1550320450710407,1.2330319862896029,1.1258031813367537,0.596801935177338,0.5964310987724414,0.6186806098270077,1.0392728372370144,17.492904328423915,-0.7042790490670856,-0.11587506527703566
2024-09-20,1.1356401089744368,1.098458272492373,0.9102028110115585,1.3426390573750395,-0.1732783154902812,-0.16759417952501807,2.610467599023001,2.7057039691446727,18.42445960505469,0.21961236890783387,0.5170391480604823
2024-09-23,1.2738270467024224,1.577297639557753,1.316624826413767,1.6963048938662177,0.1503297484313657,0.1553047997439851,-1.3553090613083099,-0.3650815873931581,17.426241993763313,-0.12049537850628785,0.35092459824549543
2024-09-24,1.643309578129,1.6359983949568981,1.0534413409004342,1.531058891509677,-0.666891383022484,-0.665029184254952,0.08233092018000267,-0.09794970937150413,17.587786343908878,0.4445501215618487,-0.64805844694683
2024-09-25,1.3720531002508096,1.0269039993112679,1.6218117257461115,0.9281898300793547,-1.2241957429873878,-1.227023989219392,-0.790745624347442,-0.7148702089850674,17.088537427957853,-1.573466358668364,-0.8841570185054488
2024-09-26,1.2530371011042774,0.9890182755277576,0.6003128825047147,0.41433337438286294,-0.978965521108864,-0.9809528037974911,0.4198627816563469,-0.26059221181324604,17.408289297383504,1.269787205103101,-1.275911111087001
2024-09-27,0.09992752217871796,-0.23298172439105153,-0.251413286940502,-0.603407359389689,-1.5602247795591737,-1.5695807154764083,-0.27785852089163887,-0.3482542481058341,17.39909341104447,-0.01530106491365869,-1.51721708336531
2024-09-30,-1.1256964835722245,-1.3258875917903516,-1.41546674057938,-1.2429654614134118,-0.849396628792023,-0.8487365793905343,-0.022813591395010286,-0.20925201310493288,17.54322365513722,0.17367215103229505,-1.1759009690785458
2024-10-01,-1.6346943621893464,-1.7535613570451172,-1.5628947317241666,-1.4640101958598286,-0.5106390886876737,-0.5083810359099531,-0.4970144420156294,-0.5082531391428438,17.400275969250252,-0.8076034335592148,0.5656814864220922
2024-10-02,-1.5676503581056138,-1.4152077485305035,-1.2615705972290225,-1.4247367178251629,-0.10601782772915559,-0.10143253029478438,-0.7229857277520991,-0.8928677378625642,16.9811586291107,-0.8386342806716448,0.03818774079431826
2024-10-03,-1.4955306579224212,-1.708379393894474,-1.6790006365222814,-1.6375446770092643,-1.1740689317423276,-1.1787326158625555,0.2892764562161179,-0.49656180836022185,17.22349488942327,-0.821532254033171,-1.0033408055336366
2024-10-04,-0.7347062604158816,-0.6006008036226363,-0.7978699276831923,-0.4540782002267078,2.1889325016564234,2.1788460998758814,1.0703941035550053,1.5987448554821868,17.526403453526743,0.5154510729975352,1.87097320570346
2024-10-07,-1.1050256821887314,-1.2391788321345858,-1.3340371518140952,-1.4512798410968726,-1.6672717045565306,-1.688964969840023,-0.04898540815259424,1.3871051235550627,17.561814247528908,-0.009036855249417918,-1.3538341586620337
2024-10-08,-1.1026357764170043,-1.1403381444149376,-0.9612004041330029,-0.8598388755162414,1.0863861812173958,1.0884096479261363,-1.24676477606509,-0.4788333033337129,17.0878172290275,-0.9916048583190272,0.6516259930440208
2024-10-09,-0.7537130652125292,-0.32819922797695067,-0.548356819323939,-0.026775636718865143,1.0534495793084788,1.053501969354406,-0.12942654070575804,-0.5598867810953034,17.0867169770385,0.5937388717881286,0.9727387966681719
2024-10-10,0.7668234297460678,0.6918400480830673,1.0997877629063861,0.8063316367060462,0.6154141857943008,0.6195343810676976,0.22635710489886868,-0.18817633562806313,17.1400069006868,-1.1887628263513612,1.053641286100993
2024-10-11,1.0093366817020195,1.5577159057131935,1.468890194559958,1.6152326640486823,0.6766285290349003,0.6778940080454516,-0.2846065990304588,-0.3319659188610548,17.064007357898532,0.6848173388906434,0.5440481080751319
2024-10-14,1.993222330480692,1.3574288611511958,1.5794514956804797,0.9962194477721886,-0.4650411849380805,-0.4577284332656966,-0.37997342949947477,-0.48996964441646473,16.934097473698284,-0.8002052299484699,-1.1418821104346566
2024-10-15,0.9401031527668565,0.6825114992008312,0.4013640636780503,0.9051238709256396,-0.04308512266946119,-0.03567576832401346,1.480278502160511,1.0333703679874349,17.286821547298345,1.0299958434053205,0.7211811748964068
2024-10-16,0.6028188902043238,0.3890923639954077,0.7285741184229684,0.5197453197337366,-0.34327930525326683,-0.33542229153685377,-1.154414802445655,-0.5679905765499326,16.970671032130472,-1.154615645125731,-0.631073780157942
2024-10-17,0.8589386729740304,0.6771712726884882,0.7161372956743032,0.6033831216371175,0.02012323176037293,0.026739395009782046,0.23676319142501756,-0.26775811921013515,17.035961182184803,-0.20735365736373448,0.2512682862254178
2024-10-18,0.38978850274466065,1.180919561253246,0.7018509093989569,1.0212184431533455,0.4871393286190464,0.4868085002618897,1.7363885014042337,1.9254407334246209,17.43765443918901,1.5978639948470998,0.4166755039850582
2024-10-21,0.5826114076902434,0.5496936842384545,0.6144424903826914,1.0056276735919178,-0.5930755024721374,-0.5905886928267277,-1.1091840523390544,0.12167640972463573,17.019857386269162,-0.05368606600328574,0.06434066114824279
2024-10-22,0.5914593515512309,1.518864329370645,0.8271865705165348,1.3829139891278979,-0.06776648628286071,-0.06482683943519932,0.5890825549631336,0.9152028129858899,17.204992953017083,1.3764611162262952,0.22884586189987774
2024-10-23,1.004376198519759,-0.1971819898234773,-2.041290737103222,-2.0706457928472406,-2.4299531289501415,-2.4389005179914123,0.09538302365779912,1.019951900502712,17.279278932699473,1.8481532304644,-1.7485395439619689
2024-10-24,-1.9376776695815994,-1.646321180270065,-1.4615127952816385,-0.9029304625466492,0.8426473056545545,0.837479674115015,-1.1350828810074163,-0.8527232091714387,16.890395959017276,-0.2929450816533782,0.809788683465166
2024-10-25,0.02654722123167059,0.815770152797444,1.2311204642959177,0.13592076035332676,0.7910336081588614,0.786204196323089,0.9595752500354239,0.45774465846541545,17.1952153190958,-0.5890839768715673,0.8895515877997997
2024-10-28,1.516893447130991,0.6024517324795432,1.5237628528302203,0.45772693821560645,0.24240923277089135,0.24440346325253895,-0.36462614695673057,-0.06758396324753917,17.145240616350087,-1.337351790915323,-0.09651785253128309
2024-10-29,0.5771164014913943,1.2031506764168385,1.0298573585353608,1.5836006588569143,1.0242365063521661,1.0139844856451192,0.7800069017018567,1.2817602498435412,17.390386727280127,0.1447278065185407,1.1764431640622837
2024-10-30,2.5001764346768707,2.3002192752579154,2.237034833142529,1.8306520185101383,0.6181883402138831,0.6142904603031455,-0.0943556547656027,1.0984782246472289,17.44537225013319,-0.4391251912473472,1.1551807728720371
2024-10-31,0.6551745038893068,-0.014737956607379983,-0.6441059709219301,-0.9007730611628776,-2.042543843148969,-2.0479873617473987,2.0726201912870423,2.567999652911173,18.134954105060267,1.3956137544779461,-1.5959404060689362
2024-11-01,2.2596139244036655,2.3372735063864085,2.2441790233688232,2.247819053523497,2.24596073691364,2.2130394537149227,0.44049048216140096,2.0690417124414706,18.417553870374615,-0.33217575346158135,2.4769474195159904
2024-11-04,1.2741479726598848,1.2000664935612513,1.2513367929856956,1.3307004279951382,-0.5674183194543607,-0.5651540690383645,-1.7336208606746528,-0.7422927047244102,17.46596360937684,-0.6581931693981039,-0.6811748229434913
2024-11-05,0.9644817234059306,1.4001566009381796,1.2838907926269565,1.6197657642421224,0.5195873129892639,0.5311948486675899,-0.6701936767321403,-0.971301460130697,17.235359610708898,0.06829773950774606,0.01122453578890441
2024-11-06,1.4182879561122106,1.9893668623632266,1.5024162963156331,2.039874781016652,1.0289737108124535,1.03007893512992,1.919613000017145,0.41939914869597394,18.09622681132444,2.43604567418556,0.16962788233875775
2024-11-07,2.0182315109491866,1.9239022169717575,2.0456084921503654,1.7789712418288612,0.07752790701925194,0.08894195635865623,-0.8314170091937524,-0.4963235123208807,17.78350551477518,0.37423390536698625,-0.13629256182979302
2024-11-08,1.7544395933503365,1.2906477508153065,1.5685422280463284,1.2405522430575582,-0.7414690638311789,-0.7397559230153242,-0.772980270531307,-1.0097209857838556,17.401132866119912,-0.9219078457821627,-0.9799770575913778
2024-11-11,1.2723634999136944,1.0314176070383194,1.0784413430859396,0.8897217659102247,-0.6015408909402544,-0.5972476395426158,-0.2886463672932407,-0.9565106561550005,17.383803077293063,-0.2178930393614369,-0.6712870864994631
2024-11-12,1.0579482598757413,0.8415903212536737,0.9370794496038676,0.937594140878005,0.02224231066715875,0.03427974750492729,-0.07081875234987323,-0.7436936282972022,17.47760705436298,-0.489877675722328,0.2913855444316722
2024-11-13,0.9860190895731467,1.2725127011518913,1.0998766400525508,1.270071247099457,0.5115790789809392,0.5216922526573486,0.05248992169188144,-0.4753624967868445,17.6487695594953,0.6673461078285466,0.7706688087087968
2024-11-14,1.4441654320528554,1.2590020049030606,1.2615389927081608,0.8952071139466667,-1.041819612132052,-1.0524466015082936,-0.23355846109648354,-0.34871822116457196,17.56784124702182,0.20393870549598533,-0.7149201776872058
2024-11-15,0.17704922444441135,-0.18523614854408318,-0.6777553485842065,-0.6851592653527097,-1.9256922584101728,-1.9514395223792365,1.4794737921877297,2.1293378443603292,18.27670760843727,1.4833236835518853,-1.8555625686675457
2024-11-18,-0.44365625668258485,-0.9455889820682011,-0.6586669858310675,-1.1683002489092007,-0.33821107207747614,-0.32762274772252375,-1.142034100576684,-0.5535799651760644,17.413165253066015,-0.6233577713171435,-0.5436100171606852
2024-11-19,-1.647888948720659,-1.1690831606062317,-1.2746329689890998,-0.7613943969233353,0.5188334997917268,0.5235740851352325,-0.4482059525955957,-0.8158179142601383,17.25586137487558,0.7204688300391477,0.636800998983815
2024-11-20,-0.9984038409466685,-1.4337894183913025,-1.1418502714308298,-1.0265010911674057,-0.34736534506443356,-0.33784685142018606,0.12663757043219784,-0.42821243487176996,17.304993535010436,-0.6202928931313562,-0.44113523223136947
2024-11-21,-0.7508630770055192,-1.0909350418691752,-1.4967742528117685,-1.5738097081774782,-0.8782656784836266,-0.8749312412390856,1.4322124628549677,1.1036160625320903,17.889652429875657,1.5365577640446362,-1.3175371261704008
2024-11-22,-1.5023301613930138,-1.524489465479573,-1.0549958482179538,-1.4124861516950102,-0.056551956071538664,-0.04785505309831301,-1.1051922285719604,-0.5573114111700855,17.26647543557534,-1.2991197916725317,-0.29409521551094914
2024-11-25,-1.0471955306247052,-0.8423585780686812,-0.5056237322527917,-0.519654056108661,1.175326626538185,1.1657939513094513,0.34244170133440477,-0.08000502091596218,17.521387261901783,-0.9831392990083203,1.149604122449769
2024-11-26,-0.41596795148107907,0.2933787251836622,0.11653152097316405,0.6689149022822242,1.3815423643638096,1.3665845226814466,-0.17310624846575962,-0.08464785468691795,17.545380816349297,0.5088222810495334,1.3486078120010243
2024-11-27,0.6866559958547463,0.4361109758023365,0.968757662855553,0.5515811026070778,-0.2979270246404303,-0.2891958368990025,-0.7438279262739053,-0.7833851117298714,17.149912687318853,-1.1155793281217452,-0.13355169223615723
2024-11-29,0.925463111293954,1.1088607866285194,1.464111053116903,1.3449748370959824,0.5479717453055781,0.553014056027174,-0.3251070220870341,-0.8127222214501172,17.03007313413493,-0.5651045038009609,0.4275721214980973
2024-12-02,1.813713470509023,1.9353662129323579,1.9859259994203,1.581418723669882,0.5638749987402129,0.5691852480777388,1.3047314229957323,1.0772604564977355,17.492398424527426,-0.5151720301963797,0.6245710072422677
2024-12-03,1.4901282522462662,1.616938466702858,1.5288306400864071,1.619130928967694,0.4263528352691595,0.43166851375427884,-0.5932018341710464,0.18324195464034432,17.287936563289175,-0.09020047803016522,0.5812278011359189
2024-12-04,1.9131628333237185,1.9124475583053064,1.8690945606563445,1.7727867852774692,0.8939720341034342,0.8931549058357949,0.9514529392235285,1.4865824829890018,17.702127566904252,-0.07987069452101103,0.7504380858181987
2024-12-05,1.6598017769442912,1.6485768592076468,1.571431788291589,1.5795262209044867,0.14741675638624382,0.15400693446133065,-0.5945277663259081,0.47300740408767467,17.532496327933107,0.18312106099902864,0.43378112740612706
2024-12-06,1.5459828375192202,1.685441298887604,1.574070635562943,1.7725440457081687,1.1417140280297935,1.135430799057965,0.14200279812887087,1.1163426483075494,17.6037397717821,1.5536913546756979,1.273101255713679
2024-12-09,1.7770341490130779,1.6011752104618884,1.701673063008195,1.3951935866987604,-1.3432100845450545,-1.3453010288406968,-0.05652450706621309,0.9891469685255491,17.661808226267283,-0.1555100438213276,-1.007844485844085
2024-12-10,1.3583637592858226,1.246689168796082,1.268475124949727,1.0748472878692128,-1.1134189532857512,-1.1153208756259598,-1.0973313254329042,-0.6345107326782295,17.255925479697755,0.09611325668277076,-1.0997851127218996
2024-12-11,1.172519103772689,1.2067506455229466,1.2519904879238166,1.3565244793672084,0.9809594343976673,0.9791075167525158,0.3402588690759006,-0.10137196519998386,17.381821195946287,0.3569777343784122,0.5862967062802709
2024-12-12,1.2860319106122227,1.0038105509430322,1.1730278107618557,1.0242315613783262,-1.3312370613729028,-1.3357154535037334,-0.7856729360440275,-1.0418440323625693,17.15497795086699,-1.3264823194160662,-1.15390158313202
2024-12-13,0.9570307167736434,0.7671029301923245,0.8185329745644324,0.695117544595642,-1.1625064517331252,-1.1660285237617696,-0.10303757887764849,-1.2365488323881733,17.174777727092703,-0.37074697220581965,-1.5142449510365128
2024-12-16,1.0281264493416682,1.0171327572234634,0.9702431417709836,1.3354707476752967,0.9717624956630218,0.9711390761696929,1.1034161289945745,0.05355052142861362,17.441239886673074,0.19053203568700267,0.978129029346969
2024-12-17,1.2513699573559625,0.929737782887385,0.8805556672289582,0.9521557601453731,-1.0301737209021185,-1.0329380094583864,-0.32318390588310325,-0.25841974783067007,17.397586817370343,0.046544842266534235,-1.030713169425491
2024-12-18,0.8304292685209596,0.5003558740938757,-1.1336421563412453,-1.559592739885229,-2.1459337067293967,-2.171538370523216,1.0169313973050127,1.0394147857887759,17.583233562588564,2.6593019842805425,-1.5861623970261332
2024-12-19,-0.8227019553913231,-1.8384235627766439,-0.6895430783993884,-1.061482224897921,0.5020109388196035,0.5053378041589185,-0.4858625031789723,0.514648328117922,17.502355468797937,-0.8839820893175548,0.6331695647885939
2024-12-20,-2.1560771390842226,-1.6285092834312682,-1.8516980355021289,-0.5599579917480194,0.402044593874547,0.4058741228939253,2.5530627753656296,2.623157959239982,18.29601508856423,0.9239778442456213,-0.4827327137356436
2024-12-23,-0.6434317219928134,-1.1172021732090613,-0.20043919053189652,-0.4909827116359208,0.044856620785198247,0.0534274856601223,-1.4819294869720925,-0.7887998641167342,17.15021198396329,-0.8845063489926597,-0.6627951050965306
2024-12-24,-0.14513808815742607,-0.2516566841904134,0.42606881173775263,0.43796660051863534,0.7620897784896752,0.756652481886258,-0.9928966659018674,-1.305422548979073,16.524060700741483,-0.7812015753311327,0.41945848284672943
2024-12-26,0.22321750898584228,-0.39741752192268853,0.5748429728028538,0.0026895052738148267,-0.3852189306638177,-0.3740463990383982,0.08123698373910998,-1.0097227055147089,16.59722631432066,-1.0314106095761812,-0.7096318895032938
2024-12-27,-0.4566334834121645,-1.0955632482446607,-0.9643181679773617,-0.7314448387498762,-0.6237592165964797,-0.6133623848402193,1.0561095116908978,-0.3687752786402058,17.124852156517765,0.09615835014987342,-0.23804941617334974
2024-12-30,-1.4985687276127027,-1.6172806271929339,-1.3335546574877903,-1.1219072249973596,-0.4184457812035392,-0.407883535991272,-0.16855750226509775,-0.31750318494591195,17.159121234082683,-0.10073816891317214,-0.0025750181291061295
2024-12-31,-0.6585500393173971,-1.289309649961157,-0.992700822750779,-1.3779131364488213,-0.15783625978979526,-0.1487099243911387,-0.38182234460415765,-0.40256350126602347,17.02714829093167,-0.1879516828990816,-0.20464083699616778
2025-01-02,-0.7446917759268091,-0.5457883228021124,-1.0280811867661772,-1.0269277555209178,0.4702795672136537,0.4720175583846156,0.44695866104381143,0.13862147792782775,17.340593826059028,0.6869825212502548,0.8989101499093155
2025-01-03,-0.46585544398360923,-0.3049468695535252,-0.007245159510864371,0.12351560137746849,1.3480465837505955,1.3431929386926622,-0.49542425895741454,-0.09866921015161953,17.130263710868743,-0.32176261847498144,0.701950877386469
2025-01-06,0.9233089074318256,1.2027383647680838,0.9063109357649036,1.0491423906748287,1.0705542005958026,1.0695538070578408,0.08946684330768959,0.24248187320836953,17.27654169192525,-0.2605774386533742,1.5128723402013255
2025-01-07,1.0914218267679439,0.8496920329972387,-0.20641458662162793,-0.5720522609249717,-1.5672734245424649,-1.5795970681623852,-0.23774934694680172,1.375650029977176,17.150717734193794,1.5225304381212228,-1.6198434235135464
2025-01-08,-0.5100727460090705,-1.0627170464487183,-0.49253913955017276,-0.47259512584128094,0.08878860333214035,0.09538101383763509,-0.4385416282403481,0.7582580043591141,17.035717536454236,-0.6306882629170492,-0.15957356226063074
2025-01-10,-0.9118401953125469,-1.437624069695663,-1.3779264400351177,-1.2490227473103868,-0.7343974923148089,-0.73400077604644,1.1626379872601191,1.816191273907234,17.42132088148663,0.441415897308957,0.2793047022270207
2025-01-13,-1.6585516662027595,-1.7420016442708737,-1.272201988837518,-1.1896652695169918,0.11703200940534068,0.12322790467332495,-1.0984694936057913,-0.0005525861696610586,17.12103006222963,-1.2533702248688607,-0.5175702221425226
2025-01-14,-0.7071380947088182,-0.7508561405171837,-1.1131653856298587,-1.1545100760057665,-0.04409126000635195,-0.038305924076116334,-0.4406959526425572,-0.5317396691904513,17.022787414122444,0.6667932670430301,-0.5894174517428856
2025-01-15,0.0045797913294077655,-0.17952241304488603,0.4421095201030231,0.6309425451536993,1.6132157775301554,1.6010634365976266,0.89413260302561,0.606373550609425,17.258850693559854,-1.1524886289515768,1.0163362029943666
2025-01-16,0.5054866802932478,0.13998709386177324,0.23503574596705387,-0.29457293945308993,-0.8185814458044905,-0.8172669009126945,-0.8995169330768704,-0.9698132454098825,17.024630993377,-0.170040360655362,-1.268296433080188
2025-01-17,0.8331674001030491,0.7098421174604236,1.0020728774991592,1.1761996491607942,1.2332343603018843,1.2277279120550897,1.980779725905334,1.9461841683553809,17.561953506361995,-0.6411123788391647,1.5520431560168355
2025-01-21,1.4267162124518697,1.7719256870347242,1.7265629772403186,1.8809302960479855,1.0319335133240815,1.0303197477743848,-0.4175707321452743,1.0330406417693656,17.503176801435707,0.2729543087677922,1.1937187467762111
2025-01-22,1.7766933111651333,1.971221304176651,2.0567160595078633,2.0569605211438855,0.8573350176916205,0.8585002383868356,-0.08354102610408042,0.8886556005844306,17.539955036914915,-0.22802309162211226,1.1418221889479956
2025-01-23,1.7463520645930655,1.5675151566687058,1.5883806781672112,1.5799903448626302,-0.2784437042471622,-0.2724823688124741,-1.1779799586582338,-1.1441566624625212,17.08904125876834,-0.2334255980630056,-0.7053465924006098
2025-01-24,1.4068070553491923,1.3410749891466094,1.4126403533176146,1.1962305238091713,-0.5338072106485031,-0.5296912482102192,-0.2005563011368093,-1.0826226784607351,17.069394427452323,-0.7738166570364424,-0.2578953077684233
2025-01-27,-0.09296904749920051,0.9954963138111117,0.21743994810857037,1.0399467065007617,-0.3639851666704417,-0.35923705897889885,1.952732858261801,1.5273886790670261,17.716033712853452,2.553483018885374,1.346425916200831
2025-01-28,1.1509794376893856,1.5574752374362024,1.2654529658287936,1.163942953111875,0.2162788399695019,0.22173715806588673,-0.6365898678229999,0.3407412114431847,17.54330300962267,1.165977872955025,-0.26628540097703285
2025-01-29,1.6517123725031764,1.1359423209366606,1.388515919897915,0.8744489606597116,-0.986638274279027,-0.9866404126599441,-1.030971748139711,-1.2790809925494113,17.07712785238129,-0.3654924312476676,-0.5856835967920176
2025-01-30,1.089859020798923,0.6063697173778495,0.547659510725613,0.3371492242587053,-1.1697469197896313,-1.1742543542721902,0.3627436204590612,-0.5927744554631175,17.28189315786035,0.229247488553118,-1.70277319245417
2025-01-31,0.8031544601833936,0.9140122848071598,1.2179607049709746,0.8747238877675936,0.46259853662798356,0.4665429060404248,0.05933133933788943,-0.352027789089733,17.403530490620195,-0.6389067585465847,1.1365032371825408
2025-02-03,0.10109337272412765,0.5950795386779947,0.2589977580863589,0.8244116673517627,-0.5840727182830457,-0.5818314686632395,-0.01456500606364664,-0.04970513596139211,17.434125823881953,0.42362078350867827,0.14354930787274472
2025-02-04,1.152842657251862,1.4849658236697805,1.4396524024399686,2.3340788987834644,1.4389839360648093,1.4343387005887507,-0.6082096179497938,-0.6618578785370871,17.20712217597723,-0.481363089233833,0.7024664544731812
2025-02-05,0.497341621781443,-0.19452117837181276,0.4950275784422618,-0.32727398197765534,-1.9856644568881023,-2.00001812166122,0.6704945033522086,0.5712391236359128,17.472055361481956,-0.9947833909641633,-2.032618402320078
2025-02-06,0.6459290852504831,0.2019400128325101,0.6006246303549593,0.7259669937533756,0.7503640049077454,0.750040203739838,1.1243712353197302,1.8711674087215555,17.924696128919827,-0.7331802998603956,0.3855425959820852
2025-02-07,-0.740666173310439,-1.7220998950723436,-1.3979349924485551,-2.2512008640555843,-2.051593320311317,-2.0668767665749095,0.26846228372739644,1.806021030550083,18.166295475464334,0.5923449594059224,-1.6809068324677126
2025-02-10,-1.8457733143328352,-1.7947566199632428,-1.4244122058488313,-0.939383778007427,0.9274154909137791,0.9202582033771138,-1.6604326874102533,-0.7688244325767675,17.382784395284,-0.1722311098611574,0.7207056964884867
2025-02-11,-1.1862327289207821,-1.5160778497326297,-0.9591838622770692,-0.864687778170875,0.025584700025031423,0.034051571579364066,-0.9501046532568896,-1.2164412546140115,16.981563540335017,-0.9750101274998481,0.010537983780510591
2025-02-12,-1.3294215173653685,-1.6532774281020135,-1.221659613977385,-1.4648549960965098,-0.6679317865290081,-0.6598796053761593,0.8091459756285063,-0.7011121114647699,17.29011950982478,-1.0286708419647381,-0.5818687939553737
2025-02-13,-1.4157929129327118,-1.4342318675238603,-1.1590787768933135,-0.9607800860998799,0.4029519039657974,0.40720945280963955,-0.24971278727518714,-0.7071709537901588,17.260613207968955,-0.9086103070064783,-0.10209922108419378
2025-02-14,-1.0672328578159285,-1.2487017724616352,-1.009814562977024,-1.0837119458394453,-0.19117976605470838,-0.1818232364968437,-0.48290961965250195,-0.8277948181631214,17.112498649942506,-0.9511919481013459,-0.15132838539291338
2025-02-18,-0.9703348634305381,-1.1195881674825072,-1.4467388699502304,-1.2117536014095176,-0.2306400580652671,-0.2214712632287594,1.2945987086732635,0.1406061705954687,17.57613145943403,1.2528198132354842,-0.3073384808196266
2025-02-19,-1.512202845289231,-1.4671319717415912,-1.263264208809305,-1.113518840710025,0.3662402734540421,0.37113641404225917,-1.0133999620351484,-0.7063143649041504,17.167752296766153,-0.5042619331810053,0.4211865079746087
2025-02-20,-1.4156440655024858,-1.5091833230348113,-1.4360126487873461,-1.5830480063737884,-0.6573778169814187,-0.6498097190221283,0.007809044433951783,-0.4844947346518572,17.216764638019047,-0.368899432105245,-0.4775834950942316
2025-02-21,-1.7136943875884125,-1.7096414765498569,-2.316773818203668,-2.2453523012202035,-1.1104810397437235,-1.1105500571237121,1.7458310597091726,1.2689488280976622,17.82871557926667,2.1920061558985973,-0.25520431499422525
2025-02-24,-2.2006755699620286,-2.088001843565129,-1.8917403451574222,-1.9653276145379512,-0.7892644152910996,-0.788901582116253,-0.5790061329470799,1.2091238229392636,17.562366448191135,0.6596055219250225,-0.830321698158988
2025-02-25,-2.1340551323214143,-1.996131811975572,-2.0616294693231394,-1.50949163786693,0.8878381338263807,0.8870570675687632,0.6697228872705687,1.7991778579785602,17.892335900928664,1.9428538317821498,1.9921625296022634
2025-02-26,-1.2920320926592934,-1.0215824874438362,-0.81172396818042,-1.0719493612255502,1.3223945363055727,1.316088514469113,-1.1053436221321995,0.003925865931444226,17.482159765998567,0.10838137791365217,1.7789435167031604
2025-02-27,-0.6237490059498989,-0.5821944643668882,-1.1353634562538806,-1.4391998135801878,-1.3339116212530986,-1.338021243832457,-0.11827543851849587,-0.019801016194583975,17.518011837314013,1.9009351867088806,-0.599752304247263
2025-02-28,-1.6250660160415562,-1.4460749346337327,-1.0755655748334325,-0.8186046826763701,1.7199505831609123,1.7070180131059594,0.4026626846469668,0.552607987692206,17.76235424520522,-0.06985982508429037,0.8619073627590703
2025-03-03,-0.7967649759412531,-1.0212266724635866,-1.350267292934677,-1.477509504637894,-1.4039955811436515,-1.4150961496438605,-0.6947549869970503,-0.4189369053662166,17.575509976365073,1.5291168687389447,-1.2232950948441308
2025-03-04,-1.986776286985307,-1.7557458769349985,-1.575597203524227,-1.3651936586166924,0.2677912543085886,0.27503059202822683,0.8367902242184593,0.7692167793848341,17.92397333747977,0.7823378559639721,1.2051321151142644
2025-03-05,-1.1474800299810124,-1.0547304026576223,-0.7311770183474252,-0.6024383094536769,1.561038897820999,1.549560694666882,-1.1710000976360768,-1.1668216154912372,17.469024484139613,-0.26611571068948203,1.3980561960670024
2025-03-06,-1.0105473258752753,-1.4762582119715246,-1.2935833627239752,-1.7308735604948184,-1.2351102209741047,-1.2447023666443011,0.4473290658048066,-0.5793691407603122,17.724805866607735,-0.12111347330362757,-1.3456327824611816
2025-03-07,-1.4261208390912468,-1.6824900708601254,-1.7257133673150982,-1.5893456916208493,0.04329544997130407,0.05258440421405902,0.488611252879623,0.37599920290263056,17.90656305728881,0.8279058526070672,-0.7685934217965832
2025-03-10,-1.5447008042882302,-1.8431527405504469,-1.5540701456901347,-1.7629121575826934,-0.7145305233806641,-0.7106874505320789,-0.12367365314321184,0.37295328061946337,17.948288680667545,-0.8388624444763313,0.5227936119210232
2025-03-11,-1.3750536888023175,-1.1024766501265106,-0.9808447203432642,-1.1736435730811836,0.8417711021351574,0.843532817738607,-0.5870185718619211,-0.1540750340479354,17.804548325307785,-0.3972887162852644,1.5180046285584985
2025-03-12,-0.4174330358890295,-0.7613108476438853,-0.5880262425623408,-0.6789490248182452,0.8599154998583061,0.8611992841225783,-0.9122948538652873,-1.310879181663758,17.592384886525625,-0.7953273672052151,0.6311408926869096
2025-03-13,-0.629387042546595,-1.0113162542495562,-0.9869969079692336,-1.2410177169240497,-0.8211710256781546,-0.8181505613905479,-0.3375445730799476,-1.320327476370643,17.535665810311922,-0.19888179727065916,-0.783765672643838
2025-03-14,-0.6050214815722438,-0.872578124731477,-0.17545273270075373,-0.4190491758970003,1.2332322553528494,1.2260069565386473,-0.3003890724995341,-1.231275763660306,17.45563824842147,-1.823036319321583,0.08538120160662646
2025-03-17,-0.16449106713068123,-0.7013283819149886,-0.2541463639430497,-0.7282651187959976,-0.32998806860180624,-0.32149192884216365,0.8375849479356559,-0.3175913465886955,17.672904205263933,-1.0493999808698764,-1.251195820651984
2025-03-18,-1.4987213575171923,-1.4722288936550325,-1.2654824889518645,-1.1311183744657096,-0.46389846241857546,-0.4568204684802897,-0.6024742247645426,-0.6978257357276628,17.514709111561533,-0.844947898533801,-0.13532173083795718
2025-03-19,-1.1002315075811124,-0.9841387262075616,-0.5254058463274993,-0.4117542077392144,1.0352249372419045,1.0329837026387212,-0.2252389697518565,-0.8161773703879243,17.490364639760426,-1.0221590616945808,0.5633355579734006
2025-03-20,-1.084108761589526,0.26591105124619613,-0.21896954743601804,-0.49859158441448836,-0.014391049449293395,-0.007013141722990604,0.01666579056948357,-0.6400829780993385,17.477047103679492,0.5851703972623326,0.0678371707335335
2025-03-21,-0.9373920495891185,-0.5147305061573021,-0.10291450022321463,0.2737059686763249,0.47696541323577696,0.481659557767821,2.377449551153403,1.8234162504895883,17.910803020786616,-0.6906323826048067,0.539875131165241
2025-03-24,1.2106998432105724,1.7632720375505617,2.2172958730215457,2.2707828493761926,1.7191372182359754,1.7002553362156647,-1.196908831522747,0.07935009707168773,17.544221139852112,-1.1089104728307486,1.4443394481847005
2025-03-25,1.6810503493452684,1.8871757360428012,2.0714464654540006,1.9937767703195124,0.4016705862606373,0.40816028713438063,-0.8863301827768633,-0.970621175304927,17.255005181639667,-1.2880287390167193,0.9070454322035413
