Date,open_std,high_std,low_std,close_std,daily_return_std,log_return_std,volume_change_std,relative_volume_std,log_volume,high_low_range_std,excess_return_std
2023-01-18,0.27380370945371685,-0.8261409698384365,-0.6379343154062294,-1.3741364016455548,-1.5222929230896272,-1.530050888801342,-0.33903352992874003,0.0,17.814037830156725,-0.12870547289703982,0.0
2023-01-19,-1.9586829446888243,-1.9456139067486573,-1.6889447932586743,-1.8110186571992775,-0.7973674610617095,-0.7955513923712237,-0.6874821545150038,0.0,17.569875764138388,-0.35694842984725583,0.0
2023-01-20,-1.5292399803846701,-1.149606348888472,-1.0542319826383963,-0.6055047678381253,1.1687497703423728,1.1638676104454166,-0.0662872092011725,0.0,17.622270842952485,-0.15630357739177297,0.0
2023-01-23,-0.5054050705767452,0.04781210320546446,0.27086379606795297,0.2697822524662729,0.8377848951586113,0.8384829154220127,-0.7648597450792561,0.0,17.332512753224503,-0.2065742806183847,0.0
2023-01-24,0.3906590616384791,0.5756279595813797,0.6208617929577819,0.6003116673420267,0.3239837228838037,0.3290817712748278,-0.5317073500211968,0.0,17.100799433441356,-0.02974486869703273,0.0
2023-01-25,0.44402923203513783,0.749066864578047,1.0294254037092008,0.9551012034711673,0.3974865263827182,0.40182351206889466,0.11968168087527578,0.0,17.17795675089597,-0.29322533333013046,0.0
2023-01-26,1.5221681372523672,1.1889773219865547,1.600848516357806,1.3954261339318594,0.6470138294429381,0.6480462137346328,0.021056197695753256,0.0,17.21789060666665,-0.6119348584792716,0.0
2023-01-27,1.7047309550625012,1.508383524932448,1.8095090743917754,1.2664269234504688,0.011253238396715463,0.01856192111117519,-0.036950046331582484,0.0,17.215537288014467,-0.7120518064212722,0.0
2023-01-30,1.1262266828734457,1.132747300676554,1.3423307349961133,1.043879195965128,-0.3016167472203192,-0.29453795509854064,0.08034083421029725,-0.406322702150576,17.12435508595264,-1.9155746382532797,0.0
2023-01-31,0.9612055014840106,0.8832168078319159,0.9589405585707775,1.0709239718191914,0.17197624526003225,0.17681344230801055,2.2541947670173212,1.3943080263035927,17.47695203504616,-1.0788705200129007,-1.487105962757389
2023-02-01,0.8490803376553008,1.4694590104700387,0.8883903119502627,1.2965727817319705,0.6148840611798779,0.61472574672002,0.7117587732748797,2.024723094434828,17.609621291885443,1.9631035261002905,0.05724053575499792
2023-02-02,1.5605075242958961,1.3983232466279345,1.0970944961343823,1.4089792167608517,-0.3944869338860546,-0.3916523214376458,-1.1467486070100217,0.7234865892991071,17.33387155385133,0.8617998271277837,-1.5712431883044802
2023-02-03,1.2926543144252918,1.6198936701088469,1.515173608477801,1.5697214569388498,0.16819347923089117,0.1702291361139112,0.5212628056946564,1.1298613164935922,17.43749407441654,0.4889814451410942,1.8190325364624036
2023-02-06,1.373140163065944,1.0007666075793327,1.3899726263915673,1.2660165282889808,-1.3336367275691248,-1.3344628024870333,-1.0667789961578003,0.13798852948467352,17.198652618900624,-0.9561430172730819,0.11310565188789241
2023-02-07,1.078077148120208,1.5045737086955822,1.4207589829931586,1.5831329143928106,0.8218082068564636,0.8212587731137623,1.7545813979712688,1.3560539165929097,17.601974898229816,0.6290405489260328,-0.5243424990782632
2023-02-08,1.3298448854369862,1.0847481935256817,1.5499435268654522,0.9736410684060056,-1.6744251613634789,-1.6790999038180878,-1.4219925241021594,-0.6019603156053048,17.148885846796315,-0.6984129231745327,0.20796139314482864
2023-02-09,0.8823179363151592,0.12304289858411888,-0.06618188561918038,-0.5642042931629233,-2.209391151200313,-2.2187729316818796,0.71684644649957,0.09382450326380787,17.378177513743378,0.36900487224083334,-1.3958160032563158
2023-02-10,-0.5730664996325601,-1.2260975209771001,-1.0909630611290067,-0.8901097890125143,-0.42204775270795164,-0.41666597583797554,-0.38952240081564377,-0.44353517925400193,17.308949810922346,-0.5066707215373841,-0.6227411461154481
2023-02-13,-0.8197891371450108,-0.9699396965939312,-0.4140824335463182,-0.9042333903752122,0.09208362332332995,0.09615391174329167,-0.5391109136895613,-1.2004709327286145,17.18844223530662,-1.1999722269280397,-0.7954445789674376
2023-02-14,-0.6791448842077021,-0.7638561507739895,-0.3994983301528975,-1.044810765809377,-0.12746176564985845,-0.12248460675830106,0.5219949977527393,-0.28836281651661944,17.33078637356358,-0.6827170129608274,0.054807965452262804
2023-02-15,-1.5486186114305807,-1.2962290810330548,-1.1163040006109355,-1.0332598765655576,-0.0783373200057612,-0.07392912100269508,-0.9893369731883117,-1.4773674511007946,16.972515276977493,-0.872103280320144,-0.30419743852803866
2023-02-16,-1.050376186751133,-0.9940562684416496,-0.8906304930954594,-1.3013624440937066,-0.6130211111914488,-0.6091137557390126,-0.10238711598827527,-1.1939058309181436,16.937042580619103,-0.7746840815327275,0.6837948794272065
2023-02-17,-1.4376178742735546,-1.2024946439243593,-1.4915814647409102,-0.9528610870802197,0.5903322350978276,0.5910048040692111,0.9096646775906456,0.11799896787151846,17.16761226379306,0.6421123141432425,0.9874112594806356
2023-02-21,-1.4126206231332896,-1.39829432799246,-1.7410039428031545,-1.82023965758573,-1.733371763565804,-1.7398791460800624,0.8582112422355131,1.2995300328469657,17.42828892807293,1.2395471968799245,-0.1694451344959359
2023-02-22,-1.79637186501287,-1.770678756085368,-1.609535698470396,-1.7901119360406348,0.029081590923316247,0.03300528337270142,0.11710472093064747,1.7597831771970205,17.46747705999474,-0.4402246681132684,-0.38447076536683306
2023-02-23,-1.4535575212575433,-1.485504585544335,-1.6619690935130427,-1.5667842957180131,0.592391939518989,0.5921172782382786,-1.315835838558731,-0.14515838425497504,17.16499353904225,1.1773772636881141,-0.42997804530459477
2023-02-24,-1.8865128610384623,-1.6281460077820402,-1.352461653336736,-1.3081343439368442,0.37758858593756467,0.37796938450959766,-0.2139378096865632,-0.2121401406114469,17.113071899169128,-0.6194606608090837,1.7325658949076854
2023-02-27,-0.7426692358636725,-0.7832833145590152,-0.6914760296877089,-1.0624166490967664,0.5118945658628705,0.5108342251219766,0.5138311947545425,0.3932412509208551,17.221280834652816,-0.12409162526100467,-0.30474812329421896
2023-02-28,-0.7423709882750389,-0.9154279312345897,-0.5293687190639226,-0.7547467072354936,0.8425585608602122,0.8376105830980051,0.26444621441324345,0.6550823246177976,17.300454579267,-1.4924475999630944,0.9743697598200461
2023-03-01,-0.921676344886808,-0.7744278867475531,-0.7223941597484732,-0.8509541951016759,-0.06007769899636418,-0.056270316856884765,-0.541087162407719,0.08819199356803013,17.192469924524293,-0.12052653907649619,-0.04696040924545023
2023-03-02,-1.1960313041703488,-1.5323661352996543,-1.7495657548761738,-1.4093852816799834,-0.9242243416689161,-0.9197287793182027,1.9345730151451943,1.8481309105995156,17.613405861356554,1.0648580364438038,-2.231729861688967
2023-03-03,-1.1001158360093335,-0.21502325791152405,-0.38785360738764896,0.10805663535808867,2.0115184942589965,1.9950338534697016,-0.8652791732069729,0.5207471374368884,17.481865760019026,0.45418142429238667,0.6379624481341966
2023-03-06,0.577441250575557,0.8271005822019455,0.7932835982190228,0.3681588147285639,0.07879075527720888,0.08383820910927892,-0.47913150591523573,-0.17621171656912857,17.416833968602898,-0.013850901534446267,-0.06489672755641916
2023-03-07,-0.4598127178395113,-1.2313314745136215,-2.0198972234314705,-2.4425481905580373,-2.169251827681075,-2.187306393166844,1.5385156185152389,1.77672409649736,17.78306856799415,2.335981941207911,-1.414553004248837
2023-03-08,-2.4467959517645257,-2.374362761353303,-1.9230359252125684,-2.1544495194841473,-0.6670865297807326,-0.6624149606395044,-1.0301740211220696,-0.00012981344400382226,17.50552938774317,-0.2725234785502657,-1.0320417523725418
2023-03-09,-2.0508752671578967,-2.144714728120631,-2.5041517289365713,-2.5107116323039596,-2.29459644285115,-2.3152652037592434,2.59983590985845,2.638587431139136,18.538089496240133,2.641660261234485,-2.224381060704428
2023-03-10,-2.4098636636152535,-2.2464768602684164,-2.1695294252285886,-1.86324152279786,0.11038287305059902,0.11904073427744491,0.2994649630257372,2.062215125832526,18.923459484219325,1.9254314844772875,0.9171147201863327
2023-03-13,-2.135403460811131,-2.0999112895599694,-1.8823447691011044,-1.9829281481043175,-1.5666393373828507,-1.5744719624327785,0.01571478741743407,1.5428887525609418,19.201853916189666,1.2815642387989905,-1.9870439973577019
2023-03-14,-1.2272554953174981,-1.4375767939227968,-1.2794097109748857,-1.433572079233354,0.9436430368285699,0.9361391837484303,-0.9121263351397163,0.021233854117034327,18.854122827822195,0.7391136195573756,0.36870003615890773
2023-03-15,-1.6894137818392534,-1.6720654308681513,-1.2821554797260242,-1.2424335947421945,0.28512222399409964,0.29396873043570226,-0.6700768734664142,-0.6002878820216531,18.691504517964525,-0.36800578265176015,0.6449619886757036
2023-03-16,-1.1805648793139105,-1.0127480943514857,-0.9089212807223253,-0.8481508802589391,1.0765234527709726,1.0638354919665127,-0.5893424742033004,-0.9228581416683218,18.500866219895567,0.23511380100096832,0.6190532425073694
2023-03-17,-0.8722446379600101,-1.1334204707109157,-0.9143314430260999,-1.127322600922496,-0.7310710696318075,-0.7224922616883902,-0.04258331929508437,-0.7644813837772639,18.68815118812847,-0.3492414407199023,-0.5847875290008352
2023-03-20,-0.88817372216744,-1.0645307625752745,-0.7742688959246707,-1.0210751153044089,0.6504403045960374,0.6539283227405654,-0.893174211251397,-1.247813043295803,18.215391857710795,-0.9183285275796125,0.3162742622921667
2023-03-21,-0.5705468202283511,-0.6525430254898099,-0.16223832425885074,-0.42847624070771484,1.4320341460815447,1.406680183613303,-0.18540885285040395,-1.0587809817049776,18.256452130247688,-1.3064569087823386,1.3926894908318568
2023-03-22,-0.372507629760261,-0.6818109367431661,-0.7554798195962517,-1.1058435762449672,-0.5554637358864297,-0.5443255621190081,-0.42493122999591865,-1.0420529059793173,18.158353191810967,-0.3638435797738953,-0.0998464436398523
2023-03-23,-0.9656970054805246,-1.207866334209537,-1.886175664552183,-1.553372121702696,-0.44955965979027335,-0.4389812861520864,1.1426366527092366,-0.6303971837602251,18.47266485916825,0.21545230614628896,-0.6877384251532317
2023-03-24,-2.0855734809924242,-1.8540268122613397,-1.9750892063607801,-1.3289452802472428,0.6044755974080063,0.6096965022217896,-0.22713159249585083,-0.5192233285275631,18.388908313743283,-0.29307760561888724,0.6859210038643568
2023-03-27,-0.4355256846088595,-0.06133847525096448,0.3514242044966089,0.616811529841126,1.7543584191711428,1.7283184375582672,0.47584391865053066,-0.06992910741273241,18.4450786887422,-0.8811697290327727,2.262492581613763
2023-03-28,0.385266114880228,0.1722515041975617,0.5653007130699023,0.18754407074666068,-0.3921166980553386,-0.38353799434264485,-1.363618922205522,-0.9636358804140251,17.96523465368238,-0.9483582289044412,-0.35997247151569295
2023-03-29,0.4631567320646618,0.3437342505287203,0.8468309893574724,0.9791858443012283,0.6414708912846174,0.6492816561178147,0.13777447966586848,-0.6827156711972082,17.953335992755424,-1.2003271615747848,0.3422060263382738
2023-03-30,1.004241231128485,1.0284953625357927,0.651295943920852,0.5941975772213919,-0.3818063092228261,-0.3729969851332445,0.4087192799355216,-0.06243035149689668,18.026557587053347,0.27274793780656964,-0.614102930480879
2023-03-31,0.5587636627037187,0.2840661987469931,0.7531591138231694,0.9205796206056595,0.29540128893512546,0.3068450346900279,-0.47798153626564543,-0.31115026869646445,17.849434349465895,-1.2727604726059236,-0.09399083121068894
2023-04-03,0.5195273087279763,0.7366883351187545,0.7314532540416243,0.7514923586478843,-0.14228894228006472,-0.13162522704996232,-0.2756276258750097,-0.6030909171222918,17.766692755422547,-0.47847233656081645,-0.13928319398874822
2023-04-04,0.3995087330311412,0.18297876840936603,-0.09570342336016764,-0.11376910166992436,-0.7900555830157365,-0.7935302972427641,0.5341175881509211,0.12794913347065595,17.84501968386274,0.5357004529458996,-0.5363859404950455
2023-04-05,-0.7701214150326979,-1.0298355690872298,-0.36518342053336955,-0.6663738668251352,-0.5513353371477251,-0.5505101408280718,-0.6171949406839442,-0.8404726939938417,17.682523666002414,-1.0700937182063963,-0.29382324642500063
2023-04-06,-0.6265891922708502,-0.8221049684268528,-0.2841570304549294,-0.599488240653284,0.18599082257255034,0.19667506456885164,-0.41731335265139247,-0.9845636862817072,17.53435167005569,-1.18899103744392,0.22261744669946704
2023-04-10,-1.2569356079921579,-1.1135134687256123,-0.8758705937674971,-0.7618345284086048,0.023709146638544322,0.03321690979117264,0.39703813102437896,-0.35278939557432853,17.518606009254423,-0.782309724873521,0.1558630661347973
2023-04-11,-0.5350792045216615,0.479425899652137,0.10618902293597657,1.2145400243174076,1.687164787142663,1.674939919576057,2.223483704405083,2.675491170577368,17.888992348135275,0.7288392731037369,2.252583634001576
2023-04-12,0.7992652823916184,0.9738922457320481,1.1843509074651455,0.5226814458456103,-0.6097651031272102,-0.606624680039141,-1.1561107158015913,0.6891739791653363,17.60679543825686,0.02331792219566814,-0.17254423417772627
2023-04-13,0.5302170551437076,0.14347339775233753,0.8032460802574766,0.7763127713317275,0.22089859942218423,0.22745482208181103,0.8753126839498347,1.5182308119428287,17.771768625963766,-0.9427955180654443,-0.5576468232693801
2023-04-14,1.750301433670418,2.096968911871631,2.200116697371496,2.0567848862762608,1.7373532760962742,1.724459328979409,1.8687908256789871,2.4024073200743494,18.211326691475513,0.07637297267555679,2.0096862455816757
2023-04-17,1.8515618729138261,1.9713520182767303,1.7813295962094562,2.157553530998781,1.2231910955405787,1.2199608846296575,-0.13244532527876823,1.6660296769170257,18.24280211472255,1.4790629081678681,1.1302697309074146
2023-04-18,2.0685934439304425,1.8269195251429675,1.7207926440730925,1.715177417271434,-0.031601539802206854,-0.02343610847102478,0.9483913298748413,1.8509091312655743,18.55607490928802,1.484299231948454,-0.03888900403849747
2023-04-19,1.1555348921679305,0.9307447351824085,1.3404516141531126,1.0080628845234918,-1.350029093787417,-1.3609729530039067,-1.5225677821133814,-0.10239321647771579,17.998997850616618,-0.9214966130422573,-1.2517447243235924
2023-04-20,0.7307575604856799,0.7857373618106743,1.0862624779040502,0.6999819235599062,-0.7927212929454701,-0.7922294521793505,-1.1278905468144373,-0.9581625745449583,17.58120754754752,-0.714007292136378,-0.37544752292181655
2023-04-21,0.5019707908269486,0.3994129893010674,0.5411524335609176,0.5228017151321265,-0.4801519646225209,-0.47603611785704886,-0.06695704570763436,-0.9445190487817465,17.61680312212407,-0.3454116780057359,-0.48532550643384026
2023-04-24,0.39291938036525076,0.14328953809836523,0.617691452779301,0.2417588629272744,-0.58347490181457,-0.5809772670447256,-1.1003839225129755,-1.4137147701833865,17.148439841142345,-1.2292172017713172,-0.585115773977998
2023-04-25,-0.2383156944104952,-0.5077950688413249,-0.7335059496555619,-1.0260945794189376,-1.6386132609380315,-1.6610905241108087,1.7365822575103735,-0.5095949872776379,17.721893709271765,0.36236180469672574,-0.9825679576743563
2023-04-26,-1.3221907008724862,-1.3576767025920589,-1.587854857050465,-1.5519868388621265,-0.7085272596742274,-0.7070154088902122,-0.37148493660951754,-0.6308518208523863,17.640850881467557,0.13610541901815865,-0.6337050461067623
2023-04-27,-1.6682254957457168,-1.3745993481251606,-1.3739168977113783,-1.0522000654424728,0.7156531972663543,0.7207892591644909,-0.7336524423012297,-0.9099841507212258,17.31383770540391,-0.26744843070597035,-0.3145052979967563
2023-04-28,-1.3660132920417483,-0.6979032015631452,-1.1490434521642976,-0.45111139071046424,0.8103463307108131,0.8122229877210165,0.9335901457488651,-0.2255506218155591,17.6339435252957,1.000775093157511,0.5563516988710031
2023-05-01,-0.00958443636289868,-0.39616303840214134,-0.2557192409693892,-0.6375905759626664,-0.2696317412435341,-0.26323509773195364,-0.5760330213531454,-0.4174137564963465,17.344127388148678,-0.34113140204813386,-0.3950477794011428
2023-05-02,-0.7772843180576644,-1.4109039669537853,-1.7707620522454974,-1.615661955467506,-1.4143407246864483,-1.4231048881760837,1.9610860528789122,2.4261690230647144,18.075337086385318,2.139834619358737,-1.471256009820334
2023-05-03,-1.542587664824251,-1.6328109051038624,-1.3169534764378696,-1.6035206472985384,-0.2057142812784827,-0.19882847355037,-0.6745968032060613,1.0556291235610278,17.750067770251356,0.21347102074198993,0.3213146761017423
2023-05-04,-1.7981836882807947,-2.026332468722843,-1.940401292542947,-1.9554577858439492,-1.2319767269689605,-1.2383426008358016,0.8671174317589343,1.8850129635775015,18.22434708659582,1.2363724177412398,-1.7854777515571207
2023-05-05,-1.3913166375225736,-1.5015612597489603,-0.9678556978040258,-0.9491052834645062,1.6421638859854812,1.6280899340172716,-0.9392025232576936,0.17783597656886246,17.728535081705484,-0.9692711969019555,1.553700867305137
2023-05-08,-0.6369887665006647,-0.9473288689822656,-0.5942777483018605,-0.820235650329259,0.3018909342476548,0.3109619262979922,-0.819834688653314,-0.7416217453984573,17.349065756380103,-0.8801294417595664,0.5781996788860327
2023-05-09,-1.3435532122052902,-1.1713303959594292,-0.9983183000684739,-0.7032164901516121,0.15373186714116807,0.16211085033625172,-0.2072426887733931,-0.7316362989959531,17.28712915498886,-0.38840340196425344,0.8475377651001418
2023-05-10,-0.4074323208844163,-0.7558622030295,-1.0757370721227326,-0.9643465627979658,-0.4462200886102682,-0.43954206482766417,0.592599018580405,-0.11576478751806533,17.609794549267075,1.0485238082247348,-1.0038849627821747
2023-05-11,-1.4417768021445945,-1.2107444872915196,-1.0435491734292963,-0.7094850398670145,0.4340127390640332,0.44067568421825776,-0.6268802540765137,-0.7191486074438296,17.36792004893858,-0.44002635743283336,0.8275432997434432
2023-05-12,-0.6120676190594949,-0.9595644000528578,-0.8650698382236847,-1.0157926397046226,-0.2006400698006347,-0.19408079781710774,0.05651181360720461,-0.4977391404515562,17.45575898649556,-0.11969828605183491,-0.2618373582973153
2023-05-15,-1.1491992480422593,-0.40532806740052685,-0.5882922107624778,0.27545246387319317,1.3469891461649672,1.3406615190776179,-0.1601505591018573,-0.5362380227442044,17.47193915763228,0.25065898046664187,1.6485020620566317
2023-05-16,0.4071254546204953,0.02089257558711034,0.33261652600090025,-0.3899691170717824,-0.4604521469834552,-0.4557332552086209,-0.341199880541469,-0.5388942117702571,17.32249339498459,-0.5800086981179501,-0.12928311512971724
2023-05-17,0.4663693998844507,2.306850630284812,1.579769531918418,2.3310103309807984,1.879707660879978,1.8600737713931745,1.8833332737982256,1.26714670757203,17.9386110273784,1.0417763528607833,1.9115132366173795
2023-05-18,1.7733817490730095,1.387890651644919,1.754390527553396,1.6198393552634267,-0.4783563676029808,-0.47614785088682915,-0.47765424753664326,1.3514597472229757,17.75019682067253,-0.8773292341181583,-1.0224170291410166
2023-05-19,1.412958036034154,1.420505113861963,1.4607698113346894,0.7595767867162623,-0.7896247854471861,-0.7972227717938716,-0.18757206845772498,1.0905603338716616,17.72721753346022,-0.3074424650737906,-0.7531982066889655
2023-05-22,1.0091552801620103,0.8079427645937141,1.2352275154374939,1.0184822428550806,0.31560846907188267,0.3263147513121059,-0.9356677417488366,-0.29099208688164485,17.41210203830509,-1.3358029513168657,0.4485270457570035
2023-05-23,0.8588922514457201,1.6230908300415456,1.4148095258987412,1.1830755375321542,0.27800632652304313,0.2881070886443409,0.8927260751011289,0.7884223996286858,17.755156531951382,0.35916257248061767,1.0297187260195388
2023-05-24,0.7788899844478276,0.45902725968413977,0.7073773976368917,0.24282806915174635,-1.0609925965916496,-1.0730367570640051,-0.2027067240940082,0.5450196284509695,17.739598508357535,-0.9129367084493555,-0.8304174883121422
2023-05-25,-0.017583936439086584,-0.21378041490802485,0.3387571633050191,0.24452671821850677,-0.02547478110662565,-0.017379733934355483,-0.7507984527240068,-0.5825652802416722,17.517251966375568,-1.4460774291396037,-0.5471624217037824
2023-05-26,0.3149606207773652,-0.06468897046505709,-0.05364251753649504,0.3649129877398402,0.022898926232157273,0.031107407944506057,0.9461906456195743,0.7656645870352379,17.87386692747148,-0.023318327822135873,-0.6735018540080773
2023-05-30,0.5063769492995776,-0.003287121377044856,0.189449034175067,0.09410191728936032,-0.23827502591908936,-0.2337929949355972,-0.8929508998268274,-0.9403261996186284,17.54887571102972,-0.2969299374315602,-0.16107556725156424
2023-05-31,-0.5411102700736199,-1.3976218246490855,-2.007644898664829,-1.982480112758093,-1.033669201522865,-1.0463240669249179,0.9167944475595937,0.6317565032897744,17.941114756742248,0.5286979060935981,-0.6876040398484033
2023-06-01,-1.5356622333674965,-1.00110650464942,-1.4251243670587448,-0.9183685415459774,0.9457393048579792,0.943622981203917,-0.33977905935358926,0.354254821521608,17.86600947918977,0.6650667441055321,0.12166379160916968
2023-06-02,0.8866197083898072,1.8394965824153529,1.4780237049661906,2.1280619078799585,2.108320827462705,2.0906126836786014,0.33060710471808197,1.1794057424971534,18.012879424025257,1.5301387271678988,1.6327584595868438
2023-06-05,2.4943195673823078,1.2326957331453137,1.618531813816188,1.2592708254855283,-0.5752943705769238,-0.5734992925887898,-1.4615978877110951,-1.778349689637599,17.363914593989776,-0.5339542883816146,-0.3873851925155314
2023-06-06,1.076529230897851,1.8925643856791552,1.5637492604477012,2.0386044186365395,1.2610329072505453,1.259471405737418,0.7629664699893671,-0.7552566459793714,17.65060718325559,1.8072705206551856,1.540207805882113
2023-06-07,2.1560893925176297,1.7639417673940556,1.9980325275688873,1.8007637275849033,0.283558200581128,0.2909337032464532,-0.2243609728978272,-0.7204877891558852,17.61105819486657,-0.07100552938608787,0.936836521019184
2023-06-08,1.5722445311565154,1.080635731682213,1.4884596132974783,1.135014077550272,-0.8899301347879655,-0.8927547111359729,-0.29885782547609424,-0.7809275541020214,17.540796697451253,-1.2899159771865334,-1.2049219304019327
2023-06-09,1.162330028660144,0.9096477188389512,1.2844022600871567,0.9737299987874591,-0.22450942013857358,-0.21910620382224558,-0.7497267016308147,-1.3395913820730976,17.302022909085668,-1.5570304764784484,-0.08003278028156431
2023-06-12,1.075844245830853,0.9423117470131981,0.851252380408825,0.6277589572320861,-0.5584859903680626,-0.5569646187226266,0.83374084931932,-0.3204307977511211,17.529358220834812,0.08658846490775783,-1.1276899553369686
2023-06-13,0.652181590563722,1.0655099168203044,0.8378771251896081,0.8345816318536289,0.28874464541074574,0.29599740266243163,0.0063605020643148595,-0.17132844453777518,17.57014968574294,0.5577532307698383,0.10074295947896744
2023-06-14,1.144393072191574,0.8329912534121885,0.6472488430171578,0.25457177636118183,-1.0577495135368318,-1.0648227280228408,-0.36054431129612646,-0.2655081910713891,17.461555603385186,0.40295360561345034,-0.8748775166675297
2023-06-15,-0.25935698526002876,0.16140969583371473,-0.19268118058286476,0.7382006534586771,0.2038051998125827,0.21090117194337582,0.41794176493336027,0.5009094507565367,17.55424867662631,0.573038137781796,-0.3445425417452356
2023-06-16,1.12455138178402,0.677336140392225,1.0450859807968091,-0.02321400177079299,-0.7265579555616155,-0.7275447663539961,1.0270059382058796,2.327622947012186,17.786334424344023,-0.5806332064066054,-0.1070500428332501
2023-06-20,-0.4887515888775462,-2.1407263397244267,-1.3201376327681882,-2.0886519754168216,-1.0776584482974876,-1.0832780312714447,-1.4359390870500028,0.09281242554689594,17.480120398136293,-0.7785633034322208,-0.4138457918729587
2023-06-21,-1.65502420016669,-1.713646238925536,-1.6545342684705335,-2.195442946098918,-0.9691085837354257,-0.9709600011235465,0.08485265410959546,0.2454679176732945,17.493162240895465,-0.6495976785593949,-0.12150986990840901
2023-06-22,-1.8641043899804837,-2.0959979447100237,-2.3505363889441426,-2.3684087604742996,-1.7152854313207002,-1.7264401088463264,1.2887457617900595,1.4697262004501601,17.742282284328404,0.4706498281576727,-2.077096843538066
2023-06-23,-2.2648350503299306,-2.1657124136598025,-2.0147185729602,-1.8978278285078616,-0.2529493497560032,-0.24918488268744818,0.1979306927337445,1.4020601999341962,17.822814670046853,-1.4331789413777172,0.7973557191533313
2023-06-26,-1.5903120598632177,-1.2198886345691262,-1.2919298539938244,-1.067546984688899,1.519200327232069,1.5136237988166492,-1.0328653790707076,0.1713821339853964,17.676646523314517,-0.4929549948679862,1.9669793379773404
2023-06-27,-0.92005538220401,-0.8533885268346635,-0.8265917878130088,-0.6752714537897366,0.7532799694989303,0.7551563740257725,-1.034321175362287,-0.9717918148824986,17.48116746903092,-0.6484013578518474,-0.20496124397664658
2023-06-28,-0.5622732023172772,-0.8614513453176638,-0.7453925946099178,-0.7809039274790976,-0.1411344040482053,-0.1367871124747924,-0.19424198888380154,-1.0220513222349583,17.44792021109,-0.9692662587319689,-0.08736162323439026
2023-06-29,-0.01955162661653129,0.42591155743571735,0.30206213266195486,0.3359960008637339,1.7541875385504235,1.7435659927466807,2.3241802830722107,1.8047916017647043,18.040538308441658,0.6899569134295777,1.5545776235893953
2023-06-30,0.7511926788646901,0.7317673784464868,0.8531206909358041,0.616220571694626,0.26749992024650066,0.27336146759376123,-0.9796010837746568,-0.21546765368263004,17.734920234639088,-0.3951562555889591,-0.6794197269589111
2023-07-03,0.5966304694669146,1.3991767690276695,1.1074040144484665,1.7252020290099377,1.2794128256716697,1.2755804147423613,-1.090983209194584,-1.5729093314933842,17.24936230166212,1.6824640657800707,1.2730158520241477
2023-07-05,1.4812022254746853,1.3405525961041307,1.5531672195510644,1.3371768985819381,-0.368098335627487,-0.36312023645358205,0.4983633497880334,-0.8567184242006506,17.439638161520868,-0.27036144865486805,-0.11777145616008121
2023-07-06,0.7497224678021804,0.22117537532270032,-0.20026855275714986,-0.25165543418907743,-1.6819901597374622,-1.6942258812461564,0.8737061494725046,0.31336631143634636,17.768637137465433,1.4891976390845931,-1.1807235503336342
2023-07-07,-0.26873953315949056,0.16536307885841364,0.13919981880193819,0.15437493265821278,0.47085677381390434,0.47361825657261813,-0.9654131120105628,-0.9774987855940264,17.34865685996857,0.17057825812062682,0.769426157329632
2023-07-10,0.19154955687917058,0.0436951569006099,0.40247315586603133,0.2831177412893823,0.08909849134567893,0.09472904973891538,0.11243914045120178,-0.5184695957584435,17.401415564161958,-1.12125358893868,0.019260575455099155
2023-07-11,0.19252020890334262,0.45626507537089106,0.1203689038023114,0.9991177241092326,0.662107928481839,0.6612141958379634,0.2602754862454825,0.09399655045849321,17.528563001883164,0.9765148738119456,0.4164661936796848
2023-07-12,2.014512166515949,1.9116675534910792,1.9037712533293227,1.4781769401584384,0.5459163873143131,0.5464684729036184,-0.10570397261124574,0.11414052758384542,17.549733791900724,0.4249338110085168,0.20772158957638487
2023-07-13,1.5872995254952242,1.608434434569462,1.754953439137954,1.779740483941588,0.35546194873302683,0.3575146396411712,-0.30853460824475026,-0.17170388413660037,17.49406188511908,-0.9059339037854095,-0.046772232235566306
2023-07-14,1.8841027729491304,1.6042163001157927,0.7477439292355411,0.3588650146512111,-1.403773376841093,-1.4019838414186891,1.5512134212494735,2.1663663689507353,17.887277162220375,2.2327567414928677,-1.417381918908788
2023-07-17,0.21602511600013183,0.3853989518192122,0.7761327846523107,0.8637148402175006,0.4991690033907032,0.5000998970580094,-0.6738865375142791,0.9975050019554463,17.717022535578085,-0.860220347344189,0.4473415603841144
2023-07-18,1.4176449967059526,1.993279794191891,1.7851764473903773,2.2303205054198227,2.001904033960899,1.9749058436076052,2.166078123125334,2.4533872643439625,18.40306449498822,1.2959026847944055,2.1678766795540314
2023-07-19,1.9334614949278122,2.035727732652194,2.006624557877057,2.094474766149275,0.921994392428579,0.9206201042985906,-1.0081570605852321,0.5598754940988964,18.07282113056193,1.1942383113874844,1.1185396307676343
2023-07-20,1.7558559001961334,1.6070756381746696,1.9054300144155716,1.6843071490325852,-0.4029159036983849,-0.3977345180509674,-1.063543282313503,-0.7725130875597331,17.556242174020195,-0.6380844857389478,0.20872129365800793
2023-07-21,1.7339870409835452,1.4803007667797743,1.5821470147644634,1.502647495127296,-0.15181799750005398,-0.14509260139267388,1.2140425969990796,0.3283581531108879,18.075561644734012,-0.106423046013944,0.022135753070347756
2023-07-24,1.466858210698976,1.634444334737612,1.6005568054303072,1.5726387741745316,0.47798605609461264,0.48307937131378875,-0.494874037463419,-0.23807688107539474,17.982929001900448,0.40276824179991716,0.4765280987277564
2023-07-25,1.653621168963714,1.3047716074999762,1.3687716190240555,0.9903862276444817,-1.3921902563424982,-1.4019326571321635,-0.6643402400715783,-0.9098547102241996,17.751421969768813,-0.22505897225796867,-1.5068530836027332
2023-07-26,1.009131757329202,0.9063220151894374,1.159428614923711,0.9737665337080994,-0.10792414820106426,-0.09983778133287073,-0.5589131349414739,-1.1995787995349338,17.548756142721867,-1.3283542391738767,0.01533975522725471
2023-07-27,0.9578652438363384,0.884588836997408,0.7278864332420713,0.48238747967109713,-1.0882864495856641,-1.0936335379861604,-0.006254971156287958,-0.9784911404061496,17.633871047444185,0.5409577110042292,-0.8351121017283475
2023-07-28,0.5789948840556176,0.24200861651400157,0.4909190756955458,0.2788303211747707,-0.6008284931997747,-0.5978696935742808,-0.6272079456698147,-1.1560928220047268,17.320962874354827,-1.0849775281370606,-1.1375893022217312
2023-07-31,0.17572373252145224,0.11402800605335678,0.4283193051626556,0.19635118180107172,-0.3025876447225257,-0.29650590329593995,-0.32163914218564865,-1.0568110102341717,17.186021936666123,-0.9966267645034036,-0.3274750741659579
2023-08-01,-0.19007179249378897,-0.8279045824388087,-0.4748546169994715,-1.059405190379618,-1.0434290303822222,-1.0461736258982397,0.618256754791848,-0.677695107378841,17.303252571596435,-0.6111032154886965,-0.8507509869971566
2023-08-02,-1.697401902268344,-1.9350772925546715,-2.038382107369532,-1.8705078550483791,-1.0171054167173128,-1.0194601525761804,0.6731503164922216,0.16705882300979497,17.475349926030155,-0.5150416329835947,0.010762551283531922
2023-08-03,-1.814453744769779,-1.2675476673652173,-1.5232832849219835,-1.1803949546084935,0.6298336541482009,0.6337519783030063,-0.9343013009363774,-0.6894053014917008,17.145333699215634,0.36621269438189197,0.8656525273944252
2023-08-04,-0.9020000567390914,-0.9099442975946959,-0.8281597806767,-1.1656077470838189,-0.11826829806319723,-0.11327961959812477,0.9467745771366259,0.13117758764358564,17.241566424638073,-0.5203859531808217,0.24124677773786363
2023-08-07,-0.6927121773705509,-0.35788264666517167,-0.23151744730042162,0.25314684851628544,1.8129093050333764,1.8030380053171429,0.4797417584611144,1.1838510438228467,17.27325212227242,-0.4506949314799638,1.1462195828257529
2023-08-08,-0.7365383560402682,-1.261178052523585,-1.663707359301716,-1.0634239167694974,-1.3651424564157708,-1.3730397631298774,1.9059511768437398,2.4226298606537573,17.643103600774808,1.5641829963493947,-1.5094454922793168
2023-08-09,-0.7287452818552179,-1.0917745923331588,-0.8441675114196604,-1.7418631253046155,-0.7029925281518813,-0.7032672024088953,-1.3332522149504356,0.45645715337171106,17.2408183014409,-0.7341345658031512,-0.4005822627350878
2023-08-10,-1.0392039222107516,-0.9200519611443131,-0.7437265518202862,-1.2384625479153821,0.49932204721029316,0.5040331333472277,-0.5046037798491622,0.021340430488280385,17.076011932815547,-0.12330385935215643,0.47244145270505283
2023-08-11,-1.3780046820037157,-0.558451909403606,-0.7006344277545594,-0.23363667044738196,1.0640152401493432,1.0634850979360846,1.2754495131778312,1.1092638329447324,17.390938547234107,0.7585044045784747,1.3339730997055377
2023-08-14,-0.5412509313058571,-1.3061813326532095,-0.5768998648662939,-1.0634879949502976,-0.6499776058142468,-0.6487005331907442,-0.4994811962500366,0.4772662539514732,17.29870875971517,-1.37302995537583,-1.5480304587448375
2023-08-15,-2.0593437666402563,-2.1962948986207262,-2.24868395716747,-2.309060063831131,-1.731608108574299,-1.747021829373654,0.9890272680826316,1.5192211692902091,17.586110565227614,1.1106630568761124,-1.531030040115466
2023-08-16,-2.367346062788108,-2.2740243191293787,-2.1807200531291695,-2.1354238059768855,-0.967523488218816,-0.9676371684314939,0.1327366470463881,1.4473708909197724,17.67033658174992,0.530737548035013,-0.8418574044671935
2023-08-17,-1.953912744150526,-1.8767898524927373,-1.6811163641403037,-1.5916225641426607,0.4204031344047591,0.4262263050063177,-1.03408328744228,-0.009420879680631851,17.431878484159764,-0.7326011456966095,0.9320104767872625
2023-08-18,-1.7888549878696736,-1.589145965417352,-1.4338038351976483,-1.382639423027771,0.0844789681583693,0.09151995145714832,-0.6989921189524717,-0.880973737406481,17.26289156687091,-1.0200256287680067,-0.08064533223645173
2023-08-21,-1.2630888089743328,-1.3378196875555004,-1.3501570424210032,-1.1284511245974669,0.7762648577731797,0.7770627506781136,0.2636723404450603,-0.4824774811043875,17.369686532828446,-0.1617491346641967,0.06308302976996512
2023-08-22,-1.1156763751792325,-1.135170746426938,-1.3887270624986685,-1.477493304786389,-1.0952027311181247,-1.0957588578337245,0.30700812424137247,0.161203482807954,17.442152867407838,1.9425995617577023,-1.2621906970058234
2023-08-23,-1.4902216231226801,-1.4910127223720258,-1.316236011187301,-1.1819613543228282,0.5995510210963394,0.6014868128377842,0.6482062782677654,0.857969955666883,17.615184260733624,-1.1129506356108745,-0.2877697775153152
2023-08-24,-1.2623723924004233,-1.010499332166566,-0.9384899607572423,-0.8400852973027606,0.95639093532669,0.9533985758305302,-1.467284520865026,-1.3101594334072473,17.279206913550865,-0.5259662981540226,1.7566868253987376
2023-08-25,-0.8332522904110612,-0.877137106957832,-0.8699822078990126,-0.8565035775910022,0.3948289747645943,0.39811262639427014,0.3095615510818682,-0.7790538362329619,17.349290578159422,-0.026560303528824727,-0.23165339783425137
2023-08-28,-0.6707695571351944,-0.4917746863766101,-0.40363004416588205,-0.3989952475724797,1.1680100717341493,1.1595482741209546,-0.27660468956335993,-0.8772814666612874,17.314294345044335,-0.5105897998560409,0.6878870859355528
2023-08-29,-0.17200710484852527,0.24841185067050583,0.15172716846151357,0.8222494949851524,1.357764294406286,1.3467610643946235,-0.3647031238330966,-0.9236539672141065,17.230880400835364,0.3014484711227867,0.3103717559818568
2023-08-30,0.8685491397811856,0.5160035722280194,0.9203436995626083,0.5661110530273032,-0.34932772132509105,-0.3436840103978977,0.7559740513466845,0.012332898010059119,17.32305999354768,-0.910539156851829,-0.4375521161231106
2023-08-31,0.89794057663782,0.48850851052750127,0.5929458015916137,0.31559940909146866,-0.31299268131493213,-0.30756483487065733,0.7182308689735442,0.9229985910911713,17.432974592518363,-0.19243381290798467,0.1337488865079915
2023-09-01,0.37463849990776715,1.0371521451632892,1.409028206078276,1.2676743161677366,0.9426806018060105,0.9379334713662348,-0.5516875989731703,0.2293658326460427,17.37632937042624,-0.7072647618458586,1.034463344045864
2023-09-05,0.9738476617678319,0.9600256528129192,0.5010904679333025,0.3040953302791201,-0.9086383175313508,-0.9051131948766705,1.6914590700656986,1.8403257317257125,17.655900087146858,0.9339923047221945,-0.3582398286976167
2023-09-06,-0.6234285247122034,-0.7942348462606384,-0.8493911466144525,-0.7062996595272459,-1.1037968553308277,-1.1061332154045276,-0.38059306661193465,1.179868896886582,17.62267516609651,0.042773968631753284,-0.10444877426365522
2023-09-07,-0.7037323598946734,-1.0808908044327699,-1.175555560371447,-1.559589877825884,-0.9482998449227609,-0.9497927378195121,-1.215544935341802,-0.19059899556185983,17.371532706491674,0.4749949802791494,-0.5819702909571111
2023-09-08,-1.6647415702026704,-1.531811891614117,-1.3736791530812267,-0.7348645348982659,0.8589037816324887,0.8608683210452275,0.13723496705071897,-0.10482292805963447,17.413203595363097,-0.3770934408030892,1.3193403080263648
2023-09-11,-0.3696326848107787,-0.25535900323105126,0.06108771535018976,-0.4159900466650587,0.3598614947138205,0.3636049039959328,-0.49966790428721447,-0.580207616129085,17.34680890087695,-0.9773112939219397,-0.24901543843187574
2023-09-12,-0.5485568806700882,0.9765354645310108,0.03631569197678281,1.1489743018053742,1.4713817742525757,1.4660090985558785,1.2436911067315894,0.6585081304715608,17.5599193455203,2.0876406811675934,2.30376366924932
2023-09-13,1.4008456183793145,1.0372075264666787,1.0198515615674104,0.8716192628633018,-0.307794023246238,-0.30463231574702393,-0.9181577523620136,-0.6583825428157037,17.432241300089405,0.11353722973413222,-0.5050370124659664
2023-09-14,1.3880943993741006,1.502251123961702,1.8540378625618195,1.5762530526890384,0.951729576191295,0.9523077901937579,0.9069917792762207,0.5660057504414518,17.614024404200986,-1.1064353437127572,0.11113574020052508
2023-09-15,0.7531545819809381,0.44336477485360193,0.7615913091470288,0.44728533524480213,-1.187730026729806,-1.191274895467008,1.5020623714204733,2.093263700011573,17.929102053897783,-0.9408085967678597,-0.2290901518511974
2023-09-18,0.3160628258691975,-0.3007173785601269,0.1209601819042306,0.2886594509226886,-0.1990961839436659,-0.1950701053844978,-2.0717678386987077,-1.9415258327118354,17.064034540305023,-1.0566200570061743,-0.4700695206097086
2023-09-19,0.2611877769141357,0.1644374401474415,0.17557966375729184,-0.049134819774289205,-0.39708645157175076,-0.39426100798728264,1.155332854708621,-0.6851412476643473,17.367656383478764,-0.05858891579849476,-0.3410109127773142
2023-09-20,0.297220044709448,0.13978668493351393,0.12197955713429026,-0.419960914900258,-0.43950316293962505,-0.43700439420740067,-0.7775562981148054,-1.1840985680930094,17.09796573161128,0.023521768184337148,0.45950899932406963
2023-09-21,-1.0223545736257451,-1.097981026452556,-1.3954607494947513,-1.887887994974209,-1.6344136770765898,-1.644113512881707,1.299502710740202,0.22478744651772406,17.500916511453607,1.0173978136302892,-0.44462054842092835
2023-09-22,-1.8117612723945626,-2.0581432507083672,-2.0827599028558215,-2.0926447891976054,-1.0997578554441887,-1.10365298194329,-0.10289341567306053,0.2960401519804213,17.53599528682687,1.0293709843563459,-1.407983785591706
2023-09-25,-2.1320925382475897,-2.18211860568571,-1.852551569696206,-1.6346771693055053,0.15187968719376516,0.15702204042208226,-0.7763851243391443,-0.580257559763278,17.30438912280136,-1.1530799515045633,-0.6174019716242934
2023-09-26,-1.7579289655709798,-1.7180671111397814,-1.7544771348139887,-1.7270947915136683,-1.060976915409807,-1.063973423927789,0.6726463956761024,0.46354141338296034,17.558816666113213,0.7336923449733584,0.2537338073994701
2023-09-27,-1.484964253669404,-1.237027545316138,-1.3102739126624494,-1.2545420586363478,1.0152815725088762,1.0159769429144276,-0.4606995148565029,0.015729205527640084,17.460863869852297,1.0456694834132472,0.9305486680798953
2023-09-28,-1.2747299005812534,-1.002412981391655,-0.9912471051285956,-0.6988648542290189,1.7916486122099486,1.7831738785387892,-0.23677807508548981,-0.001221305564461469,17.41922150868071,0.311320274901746,1.0952600386503464
2023-09-29,-0.15474899662381827,-0.3279165815293361,-0.688548338980606,-0.809156869855403,-0.15659011230910796,-0.15277946310218923,0.2923517011132008,1.1745031467865383,17.519608644001185,1.8013843614721134,-0.4376689796437687
2023-10-02,-0.8981863977091121,-1.1284568303441957,-1.4297941551887794,-1.5732022100347214,-1.628335674692488,-1.637938367077477,0.5933348974701419,1.839629845171684,17.73527553682624,1.78339040759073,-2.3172457224021814
2023-10-03,-1.6668018458392446,-1.8728712575948057,-1.9166982905504648,-2.050232328743216,-1.5471730293211052,-1.557053380471413,0.6427584211262084,1.972383989702122,17.94497289252134,1.1175982626030232,-1.08997714217258
2023-10-04,-1.9723354202225887,-1.9736041639014459,-1.800691326830029,-1.638304442846321,0.8140121003372243,0.8153711110914287,-0.915202370095795,0.7407964868920464,17.835426088806347,-0.6676840812705924,-0.07020399306695764
2023-10-05,-1.6517294771583302,-1.509779992729147,-1.4793263222235762,-1.213021080844915,0.8859613359162407,0.8844722898188504,-0.8779592527615454,-0.1857557729525005,17.708230471707548,0.005440942424376546,1.1714349536026354
2023-10-06,-1.3528745981032428,-1.0959444549579043,-1.2896810561364132,-0.9818486439332159,0.46021443549008806,0.4627047770786631,0.750361955682671,0.5227941684715379,17.8780324578462,1.2828589348879962,-0.6046771298995635
2023-10-09,-1.1047883782244512,-0.7559467107655699,-0.7967999137685989,-0.4987727710121385,0.9842769508609562,0.9791104923110268,-1.755072750508798,-1.5487934438774469,17.503231866686665,0.364040303887792,0.7476598813478766
2023-10-10,0.032184297307003326,0.5248803272047887,0.397382733873825,0.6049869506083219,1.6325297323423316,1.6123202823002811,1.2949494288714052,-0.34792784341884153,17.765986693567708,0.7145854630641642,1.8228124955488396
2023-10-11,0.7661123713196147,0.7530225154988763,0.8976605455645292,0.684559456712613,0.07064666995013624,0.07782539894711589,-1.2832318485573397,-1.4905483188704305,17.46638178956098,-0.8051913395383871,-0.05658660292874547
2023-10-12,0.5430346705014729,0.35516776545899126,0.6198612817355441,0.6921024476798898,-0.13315308506303314,-0.12585377923459906,0.48321367034777457,-0.9570682742837457,17.60536143223296,-1.3225027845392578,0.4147937824877012
2023-10-13,1.3550904331856497,1.4329063120762686,0.7067466412977117,0.6415994504832592,-0.18938300245492876,-0.1821227452905952,0.8207007324077736,-0.10365897302408436,17.82447334195187,2.333061168485962,0.22945459171411342
2023-10-16,0.9912483861633851,0.6247496116997582,1.08852328825676,1.0268780672929638,0.5252157353688998,0.5277218878456746,-0.016296507760453865,0.07861541952555781,17.855354952430517,-1.0440394954426673,-0.11400804509308037
2023-10-17,0.7172732548371097,1.3539484954027903,0.8234956246018756,1.738576334423798,1.5527811344202807,1.5514864725605353,2.015180329067877,2.32541368801735,18.373004070122406,1.5983425679578762,1.7944298685572688
2023-10-18,1.1586888427059252,1.3092587543622904,1.3364256148288174,0.9793432246601896,-1.3518084306502387,-1.36203535443343,-1.0960657754963663,0.41825475443886007,18.040460793314505,0.29864404151082924,-0.1700797770290907
2023-10-19,0.596517612921797,0.7820789838335295,0.6378147491381172,0.14611530293299277,-1.211964755518546,-1.220159164229297,-0.6394494145277734,-0.2733432401031602,17.886432967303527,0.4734364778869578,-0.660873757290018
2023-10-20,-0.3427217741897826,-0.8480734765011262,-0.9181798758923404,-1.5241443116639253,-1.5662480305314486,-1.5814719930292054,0.037754098072242843,-0.0196000778628923,17.943125488819053,-0.17588207948956336,-1.3079020304479425
2023-10-23,-2.1265530503246426,-2.1127257832983783,-2.3456225252043628,-2.2733025387166936,-1.4012269402795756,-1.4148110446023336,-0.3785844381665508,-0.3754789578128074,17.90747230019101,-0.1623631379630091,-1.8296487348275032
2023-10-24,-2.0773574010524927,-1.868682720696689,-1.8132813147561757,-1.735008871930787,0.12314699332843175,0.13007346114298707,-0.36653447206524764,-0.5932326362473619,17.840428243818643,-0.8852061326845788,-0.6273740739976189
2023-10-25,-1.844921329954887,-1.6017104865660354,-1.6121857417504588,-1.2791272386596482,0.5704321554117784,0.5758884457377237,-0.8511710793124463,-1.262050354533966,17.63371509243702,-0.8462358007369697,1.3009484242951974
2023-10-26,-1.3303152758106227,-0.6768275691637538,-1.0136564812807483,-0.4455672982106698,1.4357227223363,1.4275546420573442,0.9578709440136768,-0.44031213986895107,17.925088517241665,0.6534547649091232,1.7640715112990542
2023-10-27,-0.49432050640472885,-0.8203181036800006,-1.306933946136494,-1.3112035746395765,-1.4865963853776851,-1.5012918677500602,0.059381698435240514,-0.2421454293845562,17.985415504935236,1.4903366653453638,-1.4524334267938368
2023-10-30,-1.161903332357505,-0.9444518435971969,-0.7476767562266392,-0.572499362977988,1.166365187194665,1.1620704805216684,-1.1735610397985399,-1.2629841472438073,17.550603072652674,-1.0568596138904178,0.4026442142198204
2023-10-31,-0.5135623994505343,-0.1549249518475523,-0.08385729928139653,0.42133594736194524,1.3528914678442496,1.3438832018445226,1.1130364107672845,-0.5156866176954273,17.729665309606037,-0.2914936131501094,0.9253622284680528
2023-11-01,0.6346473539009655,0.40118381705834844,0.810392082463356,0.8005744113362419,0.2474249393431874,0.25636751065871705,-0.48502164547978793,-0.8333044983836575,17.600751934062323,-0.9997392306934637,-0.326319684798075
2023-11-02,1.3548889702994276,2.1629459109104365,1.8076988399553808,2.2676844065029838,1.636572153895352,1.612992023030111,1.68013435560756,1.4664480573125664,17.96305303213782,1.317766576581906,1.1276623645908115
2023-11-03,2.4050417201079353,2.35388574727643,2.4479624986752913,2.107742562989669,0.8077443754020681,0.8065809139177069,-0.154005688297886,1.2806539339147014,17.952199171789843,0.07726695375745826,0.6448045966242446
2023-11-06,1.9155408106523564,1.6119506190076718,1.6784667277827772,1.5218989306655766,-0.5941468090464384,-0.5843698495342122,-1.064709422764882,-0.455744662586368,17.634277294867495,-0.09317523120737613,-0.5843049897283991
2023-11-07,1.177689058211992,0.9727282546375845,1.2763348063817774,1.1157110705964934,-0.7032129833826,-0.6945538104444923,-0.9377529180113093,-1.381720736596753,17.314496893215892,-1.4840091686046417,-0.7962886843007555
2023-11-08,1.0338957120109615,0.7552740304929707,0.8627103778169449,0.7305515930523833,-0.7769674989357543,-0.7702464256992424,-0.12234244010618751,-1.2585986863387704,17.27799119939522,-0.7357110232366827,-0.7307754695134352
2023-11-09,0.7874062388491794,0.5214916346861281,0.5095777611790961,0.32197457630229787,-0.75533755475035,-0.7514591409119787,0.20014809007053153,-0.8362359524819868,17.289583516979256,-0.10084565626836038,-0.30104800871044957
2023-11-10,0.4030679721596383,0.11895942958928794,0.30780872065009257,0.29219504892940623,-0.21861159145407416,-0.21144995559569954,0.24818789618059733,-0.3897949664144786,17.307721051760506,-0.888944594632362,-0.8850325873354961
2023-11-13,0.022954335496909756,-0.0024352963939435804,0.2202424539151162,0.1293580605885523,-0.36260893467471794,-0.3580684338521458,-0.5334724221000707,-0.7953218514167092,17.16617930018418,-0.8165299264688861,-0.02889771304028876
2023-11-14,0.9894792903070674,1.6179441963332024,1.347467268603481,1.8107779515475224,1.841213273929186,1.8305537443749291,2.5886713630206017,2.158295324963805,18.015360140402915,1.0783776229344528,1.858553784954375
2023-11-15,1.7052463634906745,1.7733884270841598,1.935457544381332,1.9791780182094543,0.07825465114526499,0.08940474539717015,-0.7608451207856348,0.5012393152088873,17.66499625981588,-0.5726241262230124,0.3775658204892111
2023-11-16,1.8230101214187913,1.3778749508262627,1.6382526318078727,1.4405246339699556,-0.4628852644606378,-0.4618803532358258,-0.4704970176944105,0.0025390200227914344,17.425152007627503,-0.6478846592325141,-0.4232210037432797
2023-11-17,1.6605065683567264,1.4264290314760677,1.5856497850482165,1.5226464413415943,0.47801619491970637,0.491802202055388,0.0477784614560219,0.4103479807551946,17.465994784118255,-0.6626481770650623,0.7936877669481321
2023-11-20,1.543233920274572,1.358099575540866,1.4104631117279276,1.2414381510768189,-0.2542866002182465,-0.25008503576407864,0.31230769574690115,0.9906664150645028,17.66103901848705,-0.2936687978608422,-0.558105564358087
2023-11-21,1.2351384400083714,0.8940205424664945,0.9845462977697605,0.7435107119765029,-0.8562458387555016,-0.8673299810763303,-0.419387406699063,0.33548364481585397,17.543896766048686,-0.7157584321364698,-0.7698699425018116
2023-11-22,0.7933454927582897,0.5523984192103779,0.780015318068303,0.5698977915363393,-0.3742566239397078,-0.37248544236143405,-0.19769439075054865,0.10734347742875953,17.539339621849088,-1.3570087004114564,-0.5128746868163562
2023-11-24,0.3882299580160707,0.5100901473123108,0.5899149713677433,0.5236427507096838,-0.24626988160863414,-0.24250089254513144,-1.2494258793353152,-1.8193939469093119,16.576507415896767,-0.4863461875248505,-0.020441789864426886
2023-11-27,0.3728810039308103,0.09023652346382058,0.4842609461436913,0.144102808199636,-0.6656953711637547,-0.6720843695464315,2.0176850127247676,0.20587367109469998,17.554120234254626,-1.3967705165348938,-0.5477784492592672
2023-11-28,0.032449168684916534,-0.6875357237605829,-0.10461907703467786,-0.5186963370581101,-0.4037200897770141,-0.4033216522647572,-0.6300239938063608,-0.8735724001058971,17.206852904565807,-0.5888212818397613,-0.3889690090791195
2023-11-29,0.8859634374360779,2.24815140063634,1.585149511266493,2.1381845355461215,1.9996266321779217,1.9899543291129826,1.2062162100652423,1.7327334748155236,17.875175697081627,2.1296320327440452,2.136477696813204
2023-11-30,2.175965359675528,1.9093098154493762,2.3046012997779495,2.183455132479657,0.897994131823759,0.9019216342484506,-0.369820257064095,1.021051006865473,17.77723190551957,0.3997672491226247,0.6856329946920554
2023-12-01,1.9271398245265314,2.0343722814653624,2.14008245336513,2.09417313197764,0.8439700478122844,0.8464301049555969,-0.43098250409696726,0.31538312482114594,17.64606536185177,1.2447778000885021,0.5135074054204208
2023-12-04,1.6483115544631126,1.475180543411238,1.786995160317468,1.4267998135599418,-0.7046909608401041,-0.7050840883752365,-0.47729161627182937,-0.3389539548882723,17.44811858416168,0.041733989928537704,-0.13758653354386724
2023-12-05,1.503374487353132,0.9550570737020991,1.1449368456531122,0.8832233591675904,-0.8702811992202595,-0.8731621904029474,0.1039841590346306,0.348975588305904,17.638114220487576,-0.022958146497152086,-0.8663879035620269
2023-12-06,1.328464732121741,1.5424994889615338,1.087923030725754,0.6560853323955737,-0.4826117773222532,-0.4812413159194969,-0.10582174308478641,0.5442210739196571,17.72358780913255,2.0513430171087883,-0.1205514157761003
2023-12-07,0.8341580797688085,0.6217197182242441,1.0285126472824178,0.6913602928286431,-0.00155208712791699,0.003376194977561236,-0.6875305164838826,-0.6821889624335374,17.302873433958176,-0.5816641619762831,-0.7307078743424462
2023-12-08,0.7976422061219922,0.740132491393783,0.9493374448294404,0.9611876855050018,0.4364034380170341,0.4417277835288584,-0.20580146136612906,-1.0065280848294678,17.364748591190047,-0.08959138850108903,0.17533946720787028
2023-12-11,1.0529316018794426,0.5124933872505337,0.9498056658460626,0.6481075424931809,-0.793529370813508,-0.7946867662985884,-0.2540795725187367,-1.0007201640921786,17.289152655526504,-0.8638723363128539,-1.0564517213528386
2023-12-12,0.6802204219979944,-0.21516848397848323,0.28386247403945214,0.2757732026634789,-0.7584153743133517,-0.7591892141915139,0.04099994096208297,-0.8858711118022791,17.35840137778091,-0.7275707783561046,-1.0115799823135787
2023-12-13,0.5797396811110617,2.333400449691499,0.8776676418450297,2.6372747381504595,2.387660764601171,2.375561573407915,2.4029765497428524,1.6671278097671776,17.915026740939528,2.3259316076251553,2.2646809494882985
2023-12-14,2.769842762715677,2.6157897608878016,2.798196564199805,2.6007697854434033,2.1468375104561503,2.134775207582305,1.7626225405576856,2.5007186060002544,18.490113527996932,1.5531390554040598,2.3967156379268393
2023-12-15,2.3696091557955725,1.7851187524678476,2.209919320453092,1.6541785359318495,-0.790613594954631,-0.7996095662797916,-0.8785326572350685,0.9491552053618661,18.2431341807096,-0.13822944953557273,-0.7427468863452648
2023-12-18,1.6523743493441398,1.2672559886585955,1.6767541751974682,1.2127673967251826,-0.5752881235527935,-0.5775150392325817,-1.4148537114941444,-0.7752874485510635,17.52160844537632,-0.8304965378958412,-0.6602119697835852
2023-12-19,0.9301113084508634,0.9645109688737084,0.97252122092862,1.0325166493810167,-0.3077571063817421,-0.3032684627815839,0.06017359178947094,-0.5540686650901381,17.611781486442478,0.13533160177985804,-0.3988944939066768
2023-12-20,0.9688410477609222,0.8179654846965134,0.8906061951175323,0.5210560514921835,-0.992229643679949,-1.007532476586173,-0.13556617517522437,-0.4586350522780021,17.615739082990974,-0.02082897769050857,-0.27300706721706053
2023-12-21,0.7054380820476168,0.49327389304295505,0.684402873345104,0.535760153362245,-0.06556814524934441,-0.05586480879975831,-0.8363020514301239,-0.8828450549292702,17.291373168388603,-0.5019910927610891,-0.3894217306923689
2023-12-22,0.5358799963079686,0.5118932387614985,0.7614459576788613,0.5687595240890053,-0.04294683299039177,-0.03292322620417936,0.18511869178140816,-0.6761258522648081,17.433379955655322,-0.681572710908199,0.025637484413243386
2023-12-26,0.5793745890977637,0.6082624376991955,0.742504036364016,0.8037220244453337,0.13798816247462897,0.14994472465961925,-0.8896453027677321,-1.0224396529520683,17.028183222956734,-0.47920461171820616,0.10911630336631227
2023-12-27,0.7723916326309443,0.5451205212077441,0.9164444054088987,0.8173160472416487,-0.44644596384151997,-0.4437561147014071,-0.12883505582197113,-0.9160930690461493,17.014126571843754,-1.085582173699391,-0.43207361520200216
2023-12-28,1.0378934776286972,0.7239853766940256,1.5048718174741016,0.9797117055255109,-0.22333992189952376,-0.2185931479714716,-0.18710523566977721,-0.776220446752216,16.897402224839528,-1.1629939449003013,-0.17314354146182712
2023-12-29,1.2607109266175383,0.9082569629093443,0.791150579574286,0.44078542668014287,-0.6278611309547584,-0.6251682993429404,1.5483299421685541,-0.09447571803693373,17.149064193374908,-0.42991997092604495,-0.26380369490306543
2024-01-02,-0.3519995854450305,1.2611888920678342,-0.05151590552352735,1.0436782570782581,0.7134452240325899,0.7133355530337772,1.2887930426734673,1.9042590548161744,17.417431388242562,1.157823420998078,1.8341181827770627
2024-01-03,0.5302547446005808,-0.25974932667220163,-0.09164731949368589,-0.15981765106974033,-1.2588727645870295,-1.2591564273792397,0.9626991991486217,2.039110165801993,17.64390629384649,-0.10058831650447439,-0.6892485846289302
2024-01-04,0.09901219689793786,1.764303974280376,0.6739438239186691,0.5987362102203408,0.7727985276595183,0.7721831924772352,-0.6381637049247867,1.2223243632629497,17.500246464429132,1.100416947676318,1.403454245860092
2024-01-05,0.8290928396783293,2.0762072251602066,1.0533264257375634,2.0443805436295306,1.635606243570627,1.6264220916613696,0.8242435331630452,1.5645226174069944,17.711991427698894,1.7309320816624474,1.6377251994783504
2024-01-08,1.9527541824298362,0.784166540732978,0.6934919381339327,1.07400934604474,-1.1322359348003646,-1.1343555950969155,-0.9971141613920825,0.645835979216083,17.510717476387136,0.3523962778366308,-2.1988556301731097
2024-01-09,0.25242029390879256,-0.8923500579960014,-0.0880983237023055,-0.9160368778760044,-1.4746128035889585,-1.4826876351506935,-0.23384927747238018,0.44812195730528576,17.48594089387519,-0.9191608178605074,-1.1968205663036626
2024-01-10,-1.0140658251535888,-1.3659818379003505,-1.3788338407958118,-0.8851791068351544,-0.016565857110429516,-0.012057758040460864,-0.824276480760171,-0.09883472406441668,17.368112022435593,-0.5742422986839003,-0.4671717772333966
2024-01-11,-1.2505689778134854,-1.428939392647007,-2.1756145919717746,-1.7734101979553125,-1.0493007587584546,-1.0531537050521653,1.3727921331989796,0.6484182396691455,17.703048249814124,0.6230462132078792,-0.8494828460123746
2024-01-12,-2.427059721401331,-1.68153813000321,-2.4407964059537526,-1.8670243258592587,-0.6646767499472152,-0.6647675712568202,1.4859271911024667,1.882723910363596,18.12389470251548,2.0429319005576225,-0.6277459805706671
2024-01-16,-1.5838625244240447,-2.029719046518201,-1.8477400373706254,-2.0639517947240718,-1.296796506991592,-1.3061886159855722,-1.1916528872501209,-0.02135012806529662,17.88318256588773,0.0179486939277706,-0.9122789820958047
2024-01-17,-1.842055884722306,-1.9040811793675503,-1.82457462246636,-1.776555934336287,-0.30905384571373057,-0.3060217331092762,-0.8247698516562162,-1.0662964755388804,17.703472421882214,0.19240308572083598,0.15565969237674881
2024-01-18,-1.3946889412572163,-1.6001016382318556,-1.3151663826687467,-1.429970865314903,0.2755166882727236,0.281594116798821,-0.9990687460890846,-1.656462100993249,17.384603749426756,-1.0643960284400427,-0.3211288097331789
2024-01-19,-1.0851334524019358,-0.9335257053900026,-0.9330181223953786,-0.7596636037139474,1.5642141508368943,1.561809776680091,1.1149683766397687,-0.5320695907167264,17.71407137337424,0.010848414879229605,0.9933270591218669
2024-01-22,-0.39029233549663517,-0.005906767445243268,-0.03490752554245702,-0.27009174367726535,1.3877703865276267,1.3866998575739704,-0.4511944610752405,-0.7516522648573235,17.59750234657083,0.09229082100589775,1.8486846893580515
2024-01-23,-0.01445907270661599,-0.03796210961479801,0.21408123498466652,0.1948588295399123,0.9058488461062356,0.9077873957153516,-1.058211350174117,-1.4271719794483237,17.216821299867583,-0.7202656979408208,1.1680321918293648
2024-01-24,0.8626824909291947,0.8373126292238279,1.1070625487410668,0.6756179363912029,0.7126238695171735,0.7145215342363792,0.5714935880961047,-0.7982334066971006,17.41018649719431,-0.8171974288084757,1.1120119254687724
2024-01-25,1.2773849948964713,1.0738062184869626,1.1580695189587533,1.4805651652568013,1.0390153248353555,1.0364364536818413,0.6212310612621135,-0.18606219137067032,17.648576954033857,-0.19683672214522435,1.0580627034532684
2024-01-26,1.5691725901058133,1.3476382612355906,1.6497005608439779,1.4062125241896593,0.025312903771136888,0.030479824333422667,-1.0387042294569035,-0.9512473187259795,17.2443166539797,-1.0679878851270064,0.3655158479333484
2024-01-29,1.2481777745602238,1.16377997041648,1.225184019621691,1.3833337687163079,0.2627738613437011,0.2660100302787706,0.14265331206025497,-0.7489580296579842,17.225644588560808,-0.8869710998822873,-0.20496693003874877
2024-01-30,1.5070766101609314,1.9373083262252442,1.5174600632065594,2.0041380014988825,2.2498813346301367,2.236170285073457,2.2438134982796463,2.320512952132736,17.915103009230258,2.064794090603391,2.509742822394462
2024-01-31,1.7520854078246342,1.6393446374518643,1.39441940091311,0.9643252234584428,-2.0198880272399964,-2.0413570399997196,-0.40290181416059134,1.382743144118154,17.817666747467662,1.75216569616495,-0.8719744799919896
2024-02-01,0.8691255396683982,0.6795272802244416,-0.006888330159303388,0.2948342575250805,-1.2275997742449567,-1.2313734944198416,-0.15448149550017973,1.086792322958842,17.860048457056884,1.8715156179542622,-1.9156911226401452
2024-02-02,-0.0015239008054857574,-0.10252113709226333,0.13742042624070866,0.023581108314616326,-0.40820389206835184,-0.4031544988502981,-0.8282940884872768,-0.1343067560378818,17.51437254538317,-0.4504419834825775,-0.9067577354906127
2024-02-05,-0.5943637293706187,-0.7308365749860197,-0.5974280422211123,-0.8786812157867862,-0.9718149885323095,-0.9758468116040375,0.061345252727863044,0.09450443538929265,17.589948273389787,-0.6702852174965876,-0.6564042782703801
2024-02-06,-1.1114229087526264,-0.7797243017373525,-0.7593583276951453,-0.8886237759100517,0.035783741781447886,0.04318530693789346,-1.0634353828673644,-1.2065484227342165,17.1182862942296,-0.542739817933618,0.007703532001254021
2024-02-07,-0.8462699502686504,-0.9094855184976053,-1.204057019574357,-0.6930899665370526,0.21860654966568216,0.22649305493050192,0.13829282925447803,-0.9145337012220491,17.20531329992787,-0.15287439576672024,-0.13206672200974492
2024-02-08,-0.8147731957857253,-0.8362776490201245,-0.8135713569018151,-0.7340004035127794,-0.07101961825454692,-0.06456026008981053,0.530548545234355,-0.24142947689567418,17.422425903445514,-0.5647820986681669,0.028905645019642552
2024-02-09,-0.6436055988180477,-0.789709505837156,-0.6085269757039773,-0.735187455879461,-0.034437645461455925,-0.027714618042360223,-0.22322701140702003,-0.4190815885863856,17.403906501142522,-0.8093417210489346,-0.2229624472188601
2024-02-12,-0.7316734467062542,0.19115471187276661,-0.24659698754004689,0.24198312378708056,1.0026464755507352,1.0077504949732572,-0.31242488441961463,-0.6581625028715241,17.346577665691623,0.764110838868995,1.1298267846236802
2024-02-13,-0.3873066099262697,-0.6041710181949582,-1.3823340069626469,-1.4165927668931821,-1.5359467472383943,-1.5453498191719734,1.3979594305869294,0.5666167262643109,17.595178644165884,0.752503947004752,-0.5070130127869581
2024-02-14,-0.6241200151010688,-0.8393296542786398,0.17957712397628944,-0.22689851875699626,1.1200686411689327,1.1156500163629097,-1.3839998078940616,-0.816188654818377,17.141765296154574,-1.0613870231280336,0.6765323319398695
2024-02-15,1.5234184836698177,2.084175197152851,1.689354934677867,2.183754285024121,1.7514813271865333,1.7343076248446165,1.6798698544568096,1.6023969005805143,17.54560635283377,1.1666282034929896,1.9243769647646525
2024-02-16,2.642181783292594,1.4948128602755846,-1.1638647067580434,1.7001402875246923,-0.08906554883744128,-0.08220187375656773,-0.7786800485336335,0.32113870535039857,17.31978788676361,2.2807175931650328,0.3840026297827756
2024-02-20,1.5960617275767588,1.0917736296263723,2.149919284219554,1.1402449920090607,-0.47648432634788074,-0.4709119644438498,-0.30998596589168126,0.1105547455776378,17.229061354356613,-0.9500903310433012,-0.011111385684151145
2024-02-21,0.2738004831615799,0.2147590754039458,0.5945666402471671,0.48277131644187443,-0.6629542416988975,-0.6592756410469239,0.7120023296431052,1.0718694679907306,17.449904813189683,-0.3812477581259157,-0.9273395284421683
2024-02-22,0.21534360102564845,0.7984575345195246,0.8797804936842822,0.2090264395073126,-0.2753723528446452,-0.2694569744649757,0.2383177618313574,1.4001010695941738,17.571041167219708,-0.09979053478581255,-1.6931571433556756
2024-02-23,1.0715544002400361,0.6011604109167801,0.9544706476495863,0.7088231326777711,0.4526682470108179,0.45737661743353064,-1.0970744569516098,-0.6987835073892761,17.2360529785849,-0.4516905455320936,0.5857059942192023
2024-02-26,1.0162974568448713,0.8482239999839077,0.861311371963871,-0.08469825085660916,-0.7103971055871691,-0.7072812085352301,-0.0007642699462927619,-0.5273893114189039,17.25365687552881,-0.21998029381358072,-0.4435921789378052
2024-02-27,0.6853436068983332,1.1736454241766847,1.0274054965061996,1.209890302877634,1.1399572377885288,1.1368858666802328,0.8723650054986286,0.9011970191200429,17.517708451608637,-0.08737657670899292,1.2347205200109062
2024-02-28,1.672420111473678,1.3406804924182707,1.5705724720205858,1.2246662208359507,-0.3133470635162826,-0.3097214856826563,-0.17339242264625196,0.7766334568914457,17.49304087860666,-0.5435001062615039,0.012119160793991907
2024-02-29,2.008729176657882,1.999146270857181,1.6399533907731734,2.036486607009651,0.6697345891256559,0.6751029517259086,0.16244879063401602,1.0739726157068632,17.59659084012744,-0.5858377327217601,0.3746394070237131
2024-03-01,1.8152408822316644,1.5192912086554953,1.1362618998066039,1.2676675572439442,-0.678925764125653,-0.6791704316357324,-0.6953147993283683,0.12422371640880005,17.464198053418674,-0.19742245451651083,-1.0073765120841023
2024-03-04,1.0801790009969359,2.123129992854183,1.4411201385018482,2.0483218753611423,1.6567927853514028,1.6509560195606041,1.158525287382199,1.5108145114501363,17.71011068265191,2.363993574618366,1.589682109380412
2024-03-05,1.6902263265385007,1.830169324819328,1.8831133945067473,1.7418288306231975,0.16860389424666283,0.17384584753518526,-0.4962810706952288,0.7007369276527242,17.67816685405276,0.7080298380290223,0.9230084043760043
2024-03-06,1.9644343982736008,1.5194477191060574,1.685894390354274,1.3958494086308515,-0.4575386394105555,-0.4545783510904086,-0.04390444763470577,0.6398799643521007,17.71038132112084,-0.01093012945571948,-0.5022630864282837
2024-03-07,1.506877876846213,1.3278503171128289,1.5257945348339526,1.3467662621328484,-0.0658915622832145,-0.061358980551455625,-1.3644648446537249,-1.247801442643218,17.396267379730265,-0.33019373790797724,-0.7885738300007068
2024-03-08,1.4460508006292265,1.3212144438926874,1.48214233590712,1.0732697822495576,-0.613561834268264,-0.6120499849091615,0.8010303579112852,-0.5128519636807642,17.570870419970156,-0.4737070963959907,0.06519475117101198
2024-03-11,0.7267202286572796,0.8952873232130487,0.9941917110534747,1.2731681064086213,0.08938979471308074,0.09362537183016614,-1.1692606436812933,-1.870645147984235,17.345731298820034,-0.269865925127631,0.2508316394631064
2024-03-12,1.1806329990428373,1.0148211518288281,1.4402796542726164,1.150591294855457,-0.44244939146112316,-0.44124826138847617,-0.7129416175275928,-1.7708741595430038,17.19174565817868,-1.3581686756480704,-1.097027445144158
2024-03-13,1.072275699552697,1.2674585838136603,1.3926774401701305,1.1700322711803146,-0.3060621839411676,-0.3039417793426347,1.4474423465296018,-0.46962758117307113,17.460688902923863,-0.8321799152351751,0.1173983421882838
2024-03-14,0.8435938461113277,0.7567119183283004,0.538847604128076,0.350023211678882,-1.570586277644535,-1.582464906600009,0.20059257539914477,-0.07577728395818162,17.508832653914602,0.18124403557284166,-0.8397686566707017
2024-03-15,-0.372948818172777,0.13106978460890673,-0.05623251971412798,-0.727942876012925,-1.166266663335773,-1.1715955575692165,2.1477272033316037,2.0699010222483625,18.058822403681432,0.2796270120268805,-0.4344928495096025
2024-03-18,0.13241084512752072,0.23589138015189362,0.028063269015588563,1.1532672158315174,1.8214184584348825,1.811669987550359,-1.0080446279944202,0.4306914777645613,17.739815846397736,0.28463471146245956,0.9750465209948002
2024-03-19,0.7505880092426387,1.3518104272672915,1.2534299099457462,1.0174074835282128,-0.16185395648623674,-0.1585574554881285,-0.39343611054167144,0.08611495767158729,17.646622834097094,-0.7243749261891623,-0.6826066606501486
2024-03-20,0.45562997076079126,2.2623047910911476,0.6934031609998187,2.2816109295937084,1.6790696263224665,1.6717323442969996,-0.4422415838905616,-0.2664258061122808,17.51728158254922,2.280970626098247,1.2307182514160429
2024-03-21,2.4115162489942206,2.3994534795212927,2.4436989244123164,2.3117568145756775,1.3971897983683217,1.3925649616793259,0.04863830535651972,-0.1221956606367574,17.581802363395614,0.0948485548399515,1.53532603698112
2024-03-22,2.111470494200833,1.7210985415144258,1.8388642072629817,1.2424737508195074,-1.329008894773805,-1.3350143227421611,-1.0396657602111887,-1.1636228249087146,17.181284575408803,-0.4002498521520626,-1.2700013276670061
2024-03-25,1.303565855575074,0.9763140477748257,1.2624762299857113,0.7859566344568293,-0.6288096865034677,-0.6270141174983084,0.08791699489157696,-0.9421172784812449,17.232587883249167,-0.9909390287436922,-0.29217881592685335
2024-03-26,0.9550525987012859,0.7449683015032881,0.9880903788978501,0.926930284348721,0.24452653342376227,0.2501430496282663,0.17928152832197328,-0.7412327873051985,17.33221879583712,-1.0490511843217558,0.6842327350074183
2024-03-27,1.0542151187463669,1.3459174330369024,1.287781586820754,1.48913667176503,1.0785742074025806,1.0770069367742572,0.1793444631471721,-0.44804872396954265,17.408710291502103,-0.37694352682849247,0.7834263677134146
2024-03-28,1.3025968587898595,1.2529998501942956,1.2228707168311457,1.3111737037703617,-0.25984432824818926,-0.25454439400696,0.42142249730664455,0.0690107186728042,17.559410749659918,-0.4342428836653496,-0.2621124771086015
2024-04-01,1.3208513140253821,1.4367001025886446,1.061464240872445,0.6960711042262655,-1.280537363441166,-1.2843811108087568,-0.832099008016636,-0.2284208857884515,17.339161562201998,0.9772368402104407,-1.2336304226094688
2024-04-02,0.23708565233785162,0.18122418764582257,0.5433945881099678,0.20730093887214396,-0.7468212163142587,-0.7459167979824892,0.3292387946106339,0.40935603855900043,17.36532335668503,-0.9504453980863704,-0.11956864264392128
2024-04-03,0.3929721784515797,0.8732037019901349,0.5887126356040644,0.2965956091411563,-0.012996178574937615,-0.007356359801488491,-0.14543476814765757,0.5069117368402338,17.322223473268348,0.3325992106691229,-0.06775353740933761
2024-04-04,1.0036799437170985,0.6031367659979185,-0.907683777830697,-1.16368759772507,-1.165111489252236,-1.171426668778467,1.507753770412371,1.9794600120534112,17.574107311104157,2.0242787144202583,-0.41228592870384057
2024-04-05,-1.532486005592901,-1.0319145612777054,-1.3197255431463082,-0.52732157847892,0.5943850125181452,0.5986220492265147,-1.3446334745698705,-0.03166990903656917,17.243609525272504,-0.13883674089627362,-0.8020056005861848
2024-04-08,-0.36790105728759115,-0.37604689201603886,0.15272210483757434,0.4282760752854099,0.913235145599231,0.9141303164758533,-0.3515187076577354,-0.4825100069247253,17.19889356843844,-0.8014511280435077,1.3401671440924245
2024-04-09,0.3941973513127486,0.0029535060395640272,0.2982545318008823,0.8959001526791192,0.3764037608959144,0.37984982896192926,0.2197684245432923,-0.3129140051630732,17.248778181032154,-0.3415259743515716,0.3263263891421837
2024-04-10,-0.6305601951416662,-1.5804051737035445,-1.8797516821845661,-1.8376566595118629,-1.9907952156624913,-2.004583007910698,1.0702506898963278,1.0804986625125474,17.44279916893275,0.11232014781480229,-2.0720013106177264
2024-04-11,-1.5159798999347962,-1.9499178314182328,-2.1338174666119167,-1.8285008249368555,-0.36328009914494214,-0.35705039607608374,0.03530095921374989,1.036693757952245,17.468866481913214,0.20482638822990606,-1.3555158936314324
2024-04-12,-2.2473662808619532,-2.084236920745863,-2.093336879182146,-2.0326109634532417,-0.7997395838714016,-0.7963666770789951,1.0731308663158718,1.979721839135307,17.668172039781478,-0.46332291642902745,0.2545091771907791
2024-04-15,-1.1433613651248205,-0.8921451714806383,-1.359693866351612,-1.379491616866112,0.69894412588207,0.6987456263259315,-0.5862069737582676,1.0293053594104047,17.608569853514457,1.536184062155722,1.5796917337978285
2024-04-16,-1.2300566361013954,-1.4229956254922804,-2.2271115598068767,-2.051304558647298,-1.7773924006104351,-1.7873589277377946,2.5709294779870886,2.622813716036241,18.375328723088796,2.609350457994139,-1.950723887079238
2024-04-17,-2.0197211976011618,-1.5681108776151718,-1.2851601684421017,-1.1795270747974596,1.2677827443934313,1.2570369096538014,-1.0565340133434042,0.5262302502943703,18.00442868026815,0.3243118699054167,1.4106301165499933
2024-04-18,-1.0478809280615335,-1.0467969436662181,-0.7075789345649346,-0.5148582482191931,1.0107867767192842,1.003589629110165,-0.9047563749725679,-0.566127166370164,17.611139085743,-0.04785281687773527,0.9900739401312282
2024-04-19,-0.29223123749165086,0.5682086198811357,0.22793309791534552,0.7295104761324869,1.5699252909374837,1.5489401484988707,0.3468564274268593,-0.1716555663510487,17.845154825964244,0.3300939099592109,1.6927664086116148
2024-04-22,0.8448513764866605,1.5352274632339042,1.118691294919762,1.4374911391168395,0.8862462770486716,0.8845420406394437,-0.7518538207238832,-0.8839511783037812,17.59667518935417,0.12960118679730973,0.324694209942585
2024-04-23,1.7867259885342772,1.8413354877445736,1.8392713251668773,1.8026341301040656,0.6599387899258163,0.6623013964880501,-0.44516422289808555,-1.0827637399774597,17.483684652942227,-0.868114578937172,0.01833413864907199
2024-04-24,1.5712900491600224,1.5224639736659835,1.5866131147563571,1.4054620245104272,-0.2944146801440896,-0.28444963905427145,-0.6894061036871806,-1.291606332793785,17.171382800318597,-0.9955895711126448,-0.37544534943747426
2024-04-25,1.2352423384832791,1.0730342411431193,0.9298724310998435,0.9143182281155317,-0.7396489713370282,-0.7318589338816892,0.7720773536109797,-0.6761282061658943,17.531907922436382,-0.2035804643733591,-0.6697862800133106
2024-04-26,1.0055065464816084,0.9080504693350057,1.0073388389061013,0.7014612016603143,-0.4043257324127024,-0.3942985665065283,-0.695808584468057,-0.9533548246584245,17.171316528148047,-0.9300017696263533,-0.8850911113871285
2024-04-29,0.7726162692188149,0.5580976438832735,0.6404319938797293,0.3856452308278455,-0.602244607368603,-0.5936702609524089,-0.21521930898105715,-0.8399285556962705,17.09034322396187,-0.6527320373611644,-0.6636863286901239
2024-04-30,0.25799999022580367,0.07109828474347148,0.13374789764737985,-0.24701011601904455,-1.325069125234447,-1.3336575609062278,0.8258309209131693,-0.3491711898840216,17.22612350705708,-0.37779401357296016,-0.32991184260827294
2024-05-01,-0.08841633200977393,-0.3468198824419891,-0.2969091600577366,-0.6256293860017091,-0.4147531952729143,-0.41057228853753164,0.4049762810294632,0.434338762718743,17.289710570162743,-0.013470800716305284,-0.19368149035595505
2024-05-02,-0.16415488850425033,-0.9407043203893615,-0.856505026883642,-1.1752399751259044,-0.3293825412529677,-0.3253175394291441,0.32830340767476046,0.9355887658736499,17.366859232557026,0.4728165694844652,-0.8118768347564974
2024-05-03,-0.8738401679213138,-1.0993437765767808,-0.41545593463657043,-0.6039304993623088,0.8007365209614058,0.8045200126863611,0.02230997994555915,1.4307347581167233,17.344300511479737,-1.2015020491281752,-0.01474645761661956
2024-05-06,0.03101128595118133,-0.4097067310986273,0.0700136039802941,0.20904023375849465,1.176633921772115,1.176123919716238,-0.6639002785702098,0.6318926759331333,17.162684641465592,-1.197340222826545,0.7961357813037797
2024-05-07,0.2409874862959546,0.5969397288097329,0.8694180083777298,0.6581658587875551,0.6401089889120233,0.6424691050348409,0.1543261010154994,0.8084444239187629,17.186918645156926,-0.9622803463456682,1.07584679252019
2024-05-08,0.3832134855541407,-0.12609604492543722,0.6619823460197973,0.6177844330576548,-0.22277265471943286,-0.21938807185902587,0.48333438432726356,1.1845478129228064,17.306039708534385,-1.4997914527041492,0.07583206311370197
2024-05-09,-0.09590143698809804,1.5964580017421748,0.47971419714581903,1.6975132711281302,1.5366583235391402,1.5303895086525066,-1.0157108242695463,0.2355678701416942,17.105977513252665,1.691584047566127,1.7045403507507024
2024-05-10,2.3374261952037525,1.9998850286264003,2.038320600864099,1.6347876338715541,0.30290109391196146,0.30638344451597055,0.15334424152684745,0.2000593355136782,17.124559791991647,-0.7212964311218563,0.5527233136243626
2024-05-13,1.905532925825212,1.5474916382800836,1.3878427938757842,1.0032846476126924,-0.8869759717760357,-0.8858233782709086,-1.001224199144164,-1.1486684061667733,16.996086247417452,-0.02107435663081022,-0.9938997906756031
2024-05-14,1.167185243942025,1.2430628052488786,1.3503279824693941,1.202097583711821,0.4729330247942553,0.47548135448892953,1.2714855846643502,0.12714179630834632,17.133137943378387,-0.7037706216050261,0.45962204408818363
2024-05-15,1.504310367065139,1.5736288608666236,1.5719694261233519,1.5260514757942893,0.7978940743043331,0.7980123820477765,1.5905129245586318,2.045589992614054,17.344350388911828,-0.4215587067853122,-0.06409793589401626
2024-05-16,1.359219869819584,1.4228917102870053,1.269768167672778,1.6943785906445965,0.2638294951369189,0.2660320626486991,-0.3374924611607028,1.2961663781600523,17.29841698127097,0.6499190154700876,1.5848193688797196
2024-05-17,1.7258478390102119,1.3589537395571232,1.605766433901045,1.5063127982510587,-0.533375338044575,-0.5307101849642609,-1.2827534783992058,-0.5805612107016822,17.05565072561559,-0.9409372314997398,-0.26796388615543776
2024-05-20,1.1624151976104744,1.1176006387063757,0.8386448648980261,0.5541161644443949,-1.8190699296525437,-1.8261137007964718,0.6749444504299567,0.24699220092286275,17.160835792308546,0.6989497151793324,-1.9336712987116627
2024-05-21,0.2906143966723575,1.299277794994706,0.6486301047902816,1.61812650871408,1.6514882819502235,1.6418770534013836,0.6591291067690281,1.0567102085901394,17.274951721648584,1.6003258205259574,1.8431553446695557
2024-05-22,1.1348560140679487,1.3216737048245888,1.4050259987076201,1.529253814773635,-0.26530900627867027,-0.2610363141397063,1.664061397225359,2.2609623439302844,17.57292680290952,-0.6154505401241955,0.27175165887455743
2024-05-23,1.7002891725676463,1.2005807009021285,0.5557507821625955,0.3358090841834105,-1.5762578401794671,-1.5842584134136126,-0.8077596893382104,1.0422853566513466,17.47994108291962,1.4203371021905473,-0.9660238699054827
2024-05-24,0.24446006965258316,0.8799655859222492,0.7438037209695953,1.112974891342699,0.8955163629329118,0.8950199613692577,-1.8938682102334292,-1.474234099895693,16.913894225818442,0.4075904809069043,0.5244735923546162
2024-05-28,1.1345205155290328,0.6405277346784939,0.7407395426609216,0.21227520421200616,-1.0581651153101344,-1.0582818722284415,1.3549394113257751,-0.304767275241752,17.25650223824811,0.01689900854742193,-1.1533042491421925
2024-05-29,-0.9974439290260498,-2.083439767495077,-1.5020886559664843,-1.4573404052887113,-1.2271148290298552,-1.2316892677623617,-0.6640184683205915,-0.9506042570232778,17.099331108957628,-1.23847895610957,-0.8115019321462994
2024-05-30,-1.2489928114399476,-1.264072359015447,-2.4893647505371352,-1.4737794374873419,-0.1339259569147996,-0.1286970917146687,2.130801137756692,1.7780877097380259,17.747504823528107,2.3238360344194064,0.2904509306765069
2024-05-31,-1.1942252999834173,1.3449210483429375,-0.28425569769445214,1.451997320571811,1.9720066702520607,1.9589140512153336,0.06572598534538376,1.5932374145455348,17.879196597307025,1.4583790253234292,1.9153534061750737
2024-06-03,1.6880992054783683,1.3023913626762724,1.0626947264743605,1.0210217391219112,-0.2589589007197404,-0.25362958057623336,-1.332111572026552,-0.8263391677055639,17.278072710994007,-0.08500949438292657,-0.44740869808787814
2024-06-04,0.7110867803134052,0.9652492829928331,0.9908847024625757,0.4844586032779117,-0.44720323074428475,-0.44430412000788044,-0.5295038094951681,-1.100983201965888,17.110391448651256,-0.37207084036157745,-0.7364580969695019
2024-06-05,0.9152222396037538,0.5405634333734275,0.9765402412319835,0.9603235871810076,0.408684066589641,0.41740176435102505,0.4414575529288955,-0.4702243140050599,17.345989091929077,-0.8374071887583392,-0.4520937557826894
2024-06-06,0.9414881248526072,0.5115067031902543,0.780521145918503,0.4541819414496022,-0.42309463361850597,-0.42143573458358813,0.18062577571846453,0.041832365687363725,17.470740178718817,-0.6079032121489546,-0.4818942014924021
2024-06-07,0.23837691455990237,0.8553336351949264,0.8153028353863659,0.905101794655684,0.40423747665250304,0.41258103777706245,-0.8534442501446214,-0.8151082293075453,17.07086105984656,-0.2977765809812242,0.7496715785417035
2024-06-10,0.6949833405803715,0.5147314367997413,0.6221498215158968,0.6334790912219821,-0.24166490623770437,-0.23824291195417155,0.7646013944203742,-0.04768447358586038,17.431354184203123,-0.39535658544122027,-0.434649374889993
2024-06-11,0.22055204545433216,-0.5129587427451452,-0.5134575748248319,-0.8601035922375568,-1.3090492342931916,-1.326141056242356,0.2508435880448186,0.41066358041572854,17.61389445230832,0.220022541942888,-1.6260938349315581
2024-06-12,0.9509258045651774,0.501342420798414,0.38960407235857525,-0.004963962864444121,0.7836182022343209,0.7901154524621701,-0.5777807876628002,-0.2397296723384276,17.478166691677167,-0.216134788700226,0.4627957735392996
2024-06-13,-0.3277992187558313,-1.8056548129019199,-0.27371897845340587,-0.8455986602834108,-0.40981205498705586,-0.4067194721884702,0.04794372432855245,0.1288717228945309,17.50485742782245,-1.117760057605565,-0.3607227133919235
2024-06-14,-1.596108130909701,-1.0085478790152609,-0.627396751979457,-0.747526046750328,0.0773504334050984,0.08149695759791395,-0.6161932367852858,-0.2583444591472299,17.29205969272575,-0.5406611748299572,0.4667132010920874
2024-06-17,-1.3388244248677235,-0.6452692468752208,-0.2874274267695371,0.27733773777374965,0.728851962024488,0.7288510078724499,-0.8112679828551198,-1.2250578718899852,17.078801313420673,-0.5321930177866644,0.3506430957388516
2024-06-18,0.543685819179182,1.3290976964717778,1.3668373507109006,1.5487151073069438,1.031076208886374,1.0263613825683109,0.5710508551656978,-0.5537941143246718,17.24317137363056,-0.40522074252675944,1.2362507958540527
2024-06-20,1.2561179221979266,1.7808255338713994,1.796339096312539,1.3353531255987567,-0.07140211051190803,-0.0666204975156105,-0.23758190584013,-0.6824695377691135,17.19593707774239,-0.5200832243262655,0.4157026016407222
2024-06-21,1.3402189702206364,0.4595661956798928,0.6326754979644481,-0.08479329659781516,-1.1659187564185705,-1.1653202370354625,2.5566867461672165,2.5988527556835446,18.095663659827522,-0.589469482906908,-0.8997313042169792
2024-06-24,0.8703175128051662,1.4758167969742622,1.2033299090627831,1.2508872487740317,1.1208195257878368,1.1161315303937214,-1.2620028709300857,-0.6961056801244163,17.251589154608606,0.44948493762197295,1.5944117319343303
2024-06-25,0.804521687896894,0.6558946596673325,0.3923101938365596,-0.35440579603226346,-1.2226830560720579,-1.2244684709558404,-0.14566979606216549,-0.5912218642433862,17.24719191247114,0.6239108608203636,-1.3726577520380714
2024-06-26,-1.0896392366501617,-1.2637981989249207,-1.8618533739585847,-1.486306029578557,-0.9129875771841806,-0.9121752192893433,0.6167741311880423,0.4633504106448393,17.606725479387457,1.9230631070264044,-0.8964361443562247
2024-06-27,-1.8014535137908585,-1.0454548644503805,-1.6406367269959543,-0.7198996223669345,0.6642957117162288,0.6661820640059136,-0.7360674634856005,-0.5705536348754126,17.198686558968102,2.046783350348687,0.6453026558192932
2024-06-28,0.7078535911045828,0.5702386123962975,0.3371089781638374,0.5695793143616272,1.0870776222650953,1.0834216799823577,1.0296011237918772,0.9361731640637492,17.76729645646268,0.31919068592687083,1.3520652983634232
2024-07-01,0.9227981115899722,1.0604979317186003,0.8844147126100795,1.0055716323523431,0.366073583072319,0.36923004675069876,-0.9711916631574513,-0.7782033732022235,17.102811130300868,-0.18711395267766492,0.17714132226740417
2024-07-02,0.941018006171983,1.8579594086179931,1.180724400103447,2.111950817333397,1.5093372048588196,1.498386095129627,0.25664064621694155,-0.2648112293680149,17.388589101338688,1.3719662723154915,1.0548098422672778
2024-07-03,2.1103884359687513,1.6972772309106308,1.8506522105085819,1.5838569394610091,-0.24384096664703,-0.23860008923738465,-0.951899542501425,-1.2801910255219757,16.654630014784697,-1.4810371398284545,-0.5491300479809292
2024-07-05,1.4992013829979811,1.0965289356427927,1.0449515705548829,0.7379718657818587,-0.9833818580650834,-0.9848086175204471,0.34837000277683466,-0.7573689669605813,16.97204282699509,-0.43077867972195116,-1.1676403017007553
2024-07-08,0.8729987656741313,0.9967939459967715,1.0208167245708593,0.8631512454398996,0.18467599418412045,0.18993472384654622,0.2669852691874663,-0.06612931415358603,17.101241007230964,-0.8027478269491223,0.2322985713197795
2024-07-09,0.9101312917084147,1.606607637821003,1.0387919334890072,1.5375333797401511,1.2262120452866303,1.221849622602478,0.4641330559476168,0.7300032725180241,17.36216957883946,1.734061115692576,1.2409274577440634
2024-07-10,1.2587906200195993,1.211749184798007,1.2606894804301885,1.4877650952438948,0.1623116715631595,0.16707654339618888,-0.7731189115922417,-0.30345242142263024,17.04763428063156,-0.536068579783819,-0.4352094362570318
2024-07-11,1.4562254705728395,1.1635050135273128,1.344457431253742,1.3269986356096213,-0.5321958207077471,-0.5287323963231311,0.6247254277285779,0.892924682556082,17.33669893594268,-1.0501046858752214,0.464789229521094
2024-07-12,1.0724534661417249,1.0984802253019161,0.9565797509414127,0.9306539084631734,-1.0313892905131075,-1.032546107057432,-0.3583301322757051,0.5172763221998883,17.276755171255815,0.32774706409849186,-1.1331738485849698
2024-07-15,1.328576160825809,1.3679934516456942,1.583151753919307,1.1614170076818076,0.18659897383340046,0.19128662931616683,0.352114686804673,1.5230130046746044,17.4168721704934,-0.8290090774721739,0.191838573893375
2024-07-16,1.8010886949760863,2.5357841992105548,1.8477746581614516,2.4699939711929453,2.3464608378546346,2.330253116844587,2.0749767999675464,2.4845156919019886,18.14562924886605,2.481254873249405,2.207411028581911
2024-07-17,2.2240150798962985,1.8068478405800732,2.305538253015919,1.679342268781645,-0.5863739991650858,-0.5897318602622259,-0.6277840954079072,1.2257697964999996,18.0008164787726,-0.19489949372275908,0.2555597663275347
2024-07-18,1.6125841927895412,1.2993763085725738,1.2602302989891987,0.7485931820466493,-1.330496663061919,-1.3547095992108078,-1.0694383228010722,0.017040845304367693,17.69808829530563,0.6677068183369466,-1.022908398677413
2024-07-19,0.7523100975263779,0.6438606899542435,0.8578376181967372,0.5148914608744014,-0.44007305116740497,-0.4380746011943496,-0.5352666885097093,-0.4538557818949247,17.59749323561785,-0.20261143428906675,-0.1563170159310951
2024-07-22,0.4059859289707279,-0.03946071027290038,0.031466601518244375,-0.17979625605802227,-0.875157117734991,-0.8844014284452653,-0.3132413034504933,-0.6431991147654061,17.572943143560362,-0.15222375833797572,-1.4605708206255723
2024-07-23,-0.20568440706042515,-0.21338476081213242,0.07819959799916927,-0.1817006293334423,0.0028612280617484613,0.011890605699253688,-0.49969820600359377,-0.8840195098671463,17.418426295191942,-0.5976434176678107,0.06574623320580855
2024-07-24,-0.2867280293803922,-0.36176261521798064,-0.152937294183238,-0.4907653254667743,-0.3193069239342653,-0.3166661394973095,-0.2270625487016906,-0.9396191586890448,17.414662249050348,-0.486665859420466,0.6599902033942875
2024-07-25,-0.6981690088524518,-0.898261237629455,-0.7618164896871373,-1.039877256840236,-0.5807627006390201,-0.5854181654894641,0.1956814209214693,-0.6623992039837684,17.54346410390619,-0.5930452893527333,-0.5080015078443357
2024-07-26,-1.358332009593816,-1.269899269476836,-1.2357644983942182,-1.0718653245036738,-0.030085163807866917,-0.021431649531636714,0.414681539788582,-0.2787245613103572,17.767701923540265,-0.6937677676762461,-0.7233119052238292
2024-07-29,-1.048632769457935,-1.2592078036112642,-1.5461597479241853,-1.4666739822740347,-0.5850232603153108,-0.5907398927798847,-0.8548848956173852,-0.8229902080723259,17.43001934003728,-0.038672573527771675,-0.7683325985156046
2024-07-30,-1.5675860844386853,-1.0405816025530266,-1.3841792310212253,-1.1031836231623529,1.3163240204392923,1.3106689617352152,1.234335868921495,-0.18549959755139409,17.603402443719144,1.2019336037571258,0.8780807077261065
2024-07-31,-1.1532255409134355,-1.3652893667838895,-1.729365677087469,-1.8660027921056346,-1.4943562148448644,-1.4998343625151018,0.8472867704449668,1.2940328646243628,17.744422164722305,1.2917015064839172,-1.8546380229396855
2024-08-01,-1.8254624758653528,-1.9730649906972435,-2.1197709823571347,-1.9697585471290244,-1.2057360969637758,-1.2076750962196616,0.838628342872115,2.0038469133153938,17.911650191414882,2.1107891034430404,0.018745761934928194
2024-08-02,-2.4836375526050767,-2.3734014633332405,-2.2455933973125006,-2.2659159677792795,-2.2703463644922017,-2.286157385362188,1.1138282511694442,2.105812304897879,18.155777271422977,1.4717965986519415,-1.1161105255375938
2024-08-05,-2.311322110904014,-2.149242940923105,-2.1328138510306784,-1.9318656348546408,-0.6602565046113202,-0.6521769039944435,-0.45718065004660063,1.3100505627655283,18.147232895873294,2.026300370409274,0.7001694901239006
2024-08-06,-1.4240100947312269,-1.5024865536381324,-1.2220324201280264,-1.407062754195167,1.257023844265246,1.24435179351161,-2.091206199300998,-1.0232769278770701,17.51962587954291,-0.48062908229534307,0.2836297017854807
2024-08-07,-0.6637174980882636,-0.739142155046617,-0.7509383277585722,-1.0076524054102165,1.2279196857738892,1.2164595816571648,0.21964444474586242,-0.8193265607567137,17.62111473236083,0.5615522091878793,1.4919404440713815
2024-08-08,-0.6302063863075271,-0.6632493221998583,-0.44343584105653744,-0.4325970249276089,1.5221896118742873,1.5021289087461567,-0.823192108934969,-1.1877724295194647,17.41440515503887,-0.8131705457540261,0.4782661229266611
2024-08-09,-0.34747895239617915,-0.5045847477885408,-0.18585174036526106,-0.25128125361227693,0.46455046220761725,0.4703478224710777,-0.9667037720418492,-1.3606074045259817,17.089298758438137,-1.369133197625855,0.19248438080236968
2024-08-12,-0.03274468780555096,-0.20800909839087514,0.022611983997596785,-0.1661049205554026,0.1968217080893708,0.20517575883082384,0.912881880224918,-0.922331675607563,17.313247696524254,-0.8960966682250222,0.12268822802510287
2024-08-13,0.04844091729103379,-0.19095288666234897,0.30647808970456053,0.28592800786206524,0.6610726188029665,0.6626178116225031,-1.177860574169396,-1.2273282474999403,16.886048820715683,-1.3876488609450766,-0.1396238518689955
2024-08-14,0.39981249111533934,0.46728310709022014,0.8374297665003976,0.9372347868431837,0.589598553837716,0.59002515417508,0.8051105826490016,-0.7734868073375905,17.060401086928252,-0.9505477675472218,0.624499163327741
2024-08-15,1.4288598581150234,1.6524577224490231,1.3393306929771271,1.3683365934965037,0.3200208081928476,0.3241282423118742,1.4915872001133936,0.08767022438070578,17.436641036275006,-0.42539629334601264,-0.6010302349128858
2024-08-16,0.8819983486428277,1.1067629245754045,1.1040001780959068,1.3656894428208373,0.26355181038873754,0.2669896803983665,-0.7452529443194982,-0.1482465890029813,17.107138616387797,-0.7925488264740219,0.6221439377979545
2024-08-19,1.301912752262126,1.3383987807353985,1.5096404510757202,1.464709145243527,0.059809947195924855,0.06310189569226968,0.2259328237734531,0.9873990382707483,17.12125745331294,-1.182601439945479,-0.1716422597953705
2024-08-20,0.8154243702954541,0.5297933839324674,0.0374884589753246,0.13963850794483063,-2.3608521188642313,-2.3746212641454165,1.7250782663874926,2.36144098022756,17.6096685468757,0.7749734403871789,-1.897889696135548
2024-08-21,0.2622184105290025,-0.03413118130640574,-0.06644252889069244,0.01815488075100436,-0.18929723784825428,-0.18291508045952534,-0.7583060806651434,1.060751712818309,17.334523596972943,0.09827448753126625,0.1505102848168008
2024-08-22,-0.09710452920412366,0.4274845461813406,0.10663632811090988,0.8250818871342968,0.9343546048685163,0.9257319164999984,0.014749975508242181,1.0417592051748326,17.382832389749176,0.7428779110816858,2.013374437331184
2024-08-23,0.8514206828721109,1.7731752267754632,1.2599625552520692,1.5076073933471748,0.8632501906161429,0.8557216657759465,0.5762262647373517,1.4536958278355767,17.635782265249482,1.2745640668856446,0.296184033527105
2024-08-26,1.885274490723361,1.4346827321473734,1.6033069763060264,1.4985613102507116,-0.07113558263670988,-0.06547312492935713,-0.29498121423066587,0.9931016379970301,17.614577631004416,-0.30934610500260146,0.6155787450162468
2024-08-27,1.527113091334858,1.1483502441648146,1.245469531005264,0.8356853125527657,-0.8311339115979263,-0.8226490630999138,-1.1458151395347331,-0.395167275306163,17.291317483591026,-0.4949928288447992,-0.6320743302689796
2024-08-28,0.026084360627208078,1.198720146203267,0.5562590056664174,1.175688750363037,0.3650213564119349,0.3661734084414086,0.5434084684207566,0.12678647552239142,17.52175095991937,1.2619099350736984,1.003165727163799
2024-08-29,1.3733503009377654,1.1117482058719554,0.8166019464532642,1.3009746965933946,0.22847188362812687,0.23125890407238123,-0.5872880222035322,-0.5847159558528764,17.365438270152012,0.6045365284134363,0.2913634685524358
2024-08-30,1.2848098688678982,1.5903971227665934,1.507399039717723,1.7368745872029396,0.9247853664188401,0.9174030042503788,1.0656190438306705,0.6805739865091819,17.709332952582304,0.0850237233065364,0.20562111750949305
2024-09-03,1.5613131990596092,1.3061999235547594,1.3662562383259276,1.3225091322854978,-0.3298644211621395,-0.3228999931141741,-0.36100234371785134,0.0979444146973109,17.696853733634264,-0.5074025234797532,1.2092881818382737
2024-09-04,1.3291165011117196,1.1373983547742286,1.2074654996922363,0.8812263409256538,-1.2772302929748303,-1.279702543358234,-0.8232591761236778,-0.9652713122622351,17.49508689698573,-0.3727090223756609,-0.9477107345320187
2024-09-05,1.2703987060869826,1.0204331537923739,0.6574981636259768,0.124108832944533,-1.4518444439444658,-1.4564395861789794,-0.7034937772441927,-1.4559852079368867,17.34816011801571,1.1649463862466478,-1.135438342114739
2024-09-06,-0.11914463728695676,-0.9472943135746497,-1.8344589087668461,-1.998875683960216,-2.1989240563384502,-2.21198214448019,1.2564378853549272,0.12817080382871193,17.665819870002768,2.234233266125859,-1.3717220504648844
2024-09-09,-1.2905383181895664,-1.2731272716743123,-0.7238759334088715,-0.6212176488804706,1.3886142318252428,1.3758801853231222,-0.8259421725292091,-0.8731611843059397,17.442785874755558,-0.6275708763094723,0.3980268057222492
2024-09-10,-0.05062245989283457,-0.8950814633734627,-1.7134132534113649,-0.8715733357666838,-0.29712573572208417,-0.29079958227461317,1.3469288087054663,1.4815922882620158,17.804196430449448,2.028015993916401,-1.0211769809115485
2024-09-11,-1.4722251683564342,-2.0072293682472266,-1.6535675035983426,-1.2133279155741048,-0.46421847937529925,-0.4582430392234142,-1.050853965354825,-0.6430422324363045,17.53370609069,0.41581781558052316,-1.5455016257951921
2024-09-12,-1.3423498428847713,-1.2041106358461933,-0.8179162035140766,-1.2793002758078107,-0.26116593504046987,-0.2553518066214443,-0.21320571221154302,-0.6947746389328947,17.50310921721053,-0.3042467900555644,-0.9429371029423954
2024-09-13,-1.317626078851841,-1.2861519864652693,-0.7953601788400722,-1.1828925852275887,-0.01752035763694021,-0.011772348712968481,-0.8120806578719659,-1.510051603196321,17.277718400722804,-0.7209211945860214,-0.4425198579519228
2024-09-16,-1.1540200666542968,-0.9060258952655607,-0.22065677153701257,-0.40927932878745243,1.2220439340278273,1.2175213898762154,-0.5634482259770269,-1.5920322477330755,17.08646260864921,-1.2547657782505692,1.1463251047239293
2024-09-17,-0.3213119891693835,0.12636599375311464,0.5241263553725235,0.5392313738456694,1.034074807731501,1.031426921027777,0.3429254568032117,-0.9974829348566748,17.139445289010734,-0.7573203428990919,1.506106907586458
2024-09-18,0.4033874140515502,0.8786111482093852,1.1166715169224017,0.9864660700050428,0.24507080660992578,0.25001312308849416,1.6596428981769835,0.8920384523481082,17.565668561214032,-0.47570089970284746,0.7527775525590248
2024-09-19,1.5749807006776322,2.2335852839602652,1.9634396498390991,2.4124668318506313,1.759090883770936,1.7406183703529488,0.894293218845657,1.746331809458683,17.87557075386721,0.4006573141089088,1.3303106559429612
2024-09-20,2.0232953330902235,1.3737892477602256,1.6878400621433511,1.191434494064536,-1.3220034225086155,-1.333602557667495,0.4928326617622994,1.8609270277468934,18.074309689291177,-0.9266878262237387,-0.9395901216563158
2024-09-23,1.0778635727675965,0.8086740933524806,0.8826263242254099,0.5353131758753851,-0.8055681120157827,-0.8095598352283656,-1.7178889196641411,-0.8343735156808181,17.272294038396996,-0.3469134972095646,-0.7711876989387734
2024-09-24,0.5018191754014631,0.14303363629941182,0.11775481476139626,-0.0957658790093008,-0.7854132252996355,-0.7890582354899672,0.08173154653131662,-0.5217241764984485,17.29782394802969,0.07126872508976283,-0.749269079004477
2024-09-25,-0.5117697149357837,-0.7531480998230434,-0.5235994718426482,-0.43259036886315794,-0.41503127214980895,-0.4128687868928227,-0.406573260740521,-0.6450590786936302,17.178175024552477,-1.0263182902023777,-0.0817356417361987
2024-09-26,-0.35041306532775207,-0.364432652149961,-0.37077816849444806,-0.1536753746152772,0.35280110496460154,0.3600273682551845,0.9749729969833854,0.15396827620507117,17.494375054386772,-0.14658605122750604,0.3252049708275563
2024-09-27,-0.04163142061656363,-0.23829317599352728,-0.12312103491505225,-0.5504518335945996,-0.36358638898981077,-0.3601968506577808,-1.0083221072350124,-0.7055376843974458,17.14274204455877,-0.4471266311073012,-0.1722959259230432
2024-09-30,-1.04047553171885,-0.6045039813117452,-0.9453613559967391,-0.1402210139854195,0.4081300257352169,0.4155119223702585,0.5149808408031376,-0.29543106966707483,17.37243454845358,0.7020892211292401,0.36436129818400853
2024-10-01,-0.5082334760656808,-0.9737073582970005,-1.0137817771599804,-0.9697235230466563,-0.7920955283246671,-0.7969615426924862,-0.8734724234267097,-0.9384433301244153,17.084744878431753,-0.24296619596018026,-0.02065768930821266
2024-10-02,-0.9533594670322096,-0.8595661966390704,-0.6723892176469759,-0.836903223188656,0.08494885143239925,0.09176875140634366,-0.33902264990551,-0.8908993284807306,16.96407983456419,-0.8934657969484049,0.30598550313608247
2024-10-03,-1.2157368998263898,-1.2373058378552655,-1.1316101410828348,-0.7731276056711361,0.5879121335583248,0.5904201329288197,0.5249098895585393,-0.33967073928632396,17.07476799880033,-0.45980494508691044,0.9043906109584661
2024-10-04,1.0622634320263156,1.2616862169273446,1.3907934520563785,2.014592259919009,2.160004432684276,2.1500580051567337,1.1387335322322663,1.9937688705737338,17.348025663058923,0.13418155284952504,1.8523821915099024
2024-10-07,1.7966550812321795,1.7783140365017034,1.7276447365962029,1.4286880441752097,-0.4073006163322145,-0.40542814603458993,-0.8875833960010978,0.49893556455833926,17.117900019855433,1.0421073861562165,0.7723871213619823
2024-10-08,1.2477470669016684,0.9098026919126654,1.5664680219562728,1.0940125051375078,-0.2193593741337193,-0.21644354252501863,-0.19032318541688048,0.32592423978066243,17.07451441501656,-1.901984948908718,-1.8410593913220872
2024-10-09,0.6542336932409468,1.2383857258182918,1.0726719723184042,1.4349378775817176,0.458770665397415,0.4632295747267057,0.13685498442863644,0.5338435598965793,17.126819737631962,0.5488968918998287,-0.29429080268718083
2024-10-10,0.8266983754361317,0.4756267262184645,0.9834743214855349,0.7138413563137525,-0.7288962662294366,-0.7304448836571145,-0.11650758420626467,0.6169049056729063,17.08059420610404,-1.4782554331756832,-0.6418168517232872
2024-10-11,1.5265720591100131,2.4812790122043444,1.7799754305316877,2.514756666170146,2.4471370189630735,2.4350460243932655,2.4115567814704186,2.489316747658207,17.74066103978909,2.645443506053769,2.5934260696816955
2024-10-14,2.3682585662193447,1.7543180145233037,2.3192666076111736,1.7405009137530592,-0.37008689764390823,-0.36854150231781907,-1.255780910163815,0.017938449293819898,17.151241023218862,-0.5509297326351897,-0.8150038762527595
2024-10-15,2.2224228465459346,1.9452648752033104,1.8712877290185836,1.509953521843951,-0.11015859550558223,-0.1043898692748937,1.9816782861841225,2.01521288276266,17.93438513419246,1.1737153663278426,0.492370850309482
2024-10-16,1.1475201726042035,1.3734421645879282,1.506186870076535,1.601212070322324,0.40664669528307046,0.41759103564506755,-0.8840777364898593,0.24550978372443094,17.56355005604154,0.31079118599133226,0.2867310056506587
2024-10-17,1.3198635928830385,1.0855871462833635,1.4414155429534468,1.1868512835306873,-0.7631541060159936,-0.7697164610974322,-0.6851427746810059,-0.6968296939916498,17.272098526966694,-0.5862990051076099,-0.6553830602346539
2024-10-18,0.8329251291053283,0.6718966563686718,0.9336864885668487,0.7817785382350034,-0.713345591547121,-0.7211368237903536,-0.2208018984890147,-0.6704065887168454,17.236298158744674,-0.5210242787036782,-0.8579788126661816
2024-10-21,0.5569758970815879,0.36300462924155247,0.48438908765104793,0.18437692312901482,-1.0020137001037448,-1.0175315613973275,-0.4149216564233512,-0.9106685906725891,17.096026996589558,-0.21185472565852798,-0.7759748427080171
2024-10-22,-0.03744333772233829,0.2114856786785202,0.19620551857778823,0.5284070611610958,0.39321783652612646,0.4045889361858801,0.48020998003591814,-0.23781946462580225,17.429246145879162,0.0566207166665863,0.5492876768560304
2024-10-23,0.2758626280605377,0.09237553638211246,0.49337037576556664,0.4228072431634131,-0.24706979137096202,-0.2428510798927605,-0.6085201656390811,-0.8206015844068753,17.16784680793886,-0.7492935132572157,0.29053558935236806
2024-10-24,0.2227548532411158,0.04771367505247876,0.26767967945530413,1.0915148334496867,0.03868990162966279,0.04692050558774893,-0.21177983886759005,-0.7814588210019725,17.161618008529658,-0.3114795256648746,-0.0569620517283198
2024-10-25,1.1013751427299912,0.6909682887517475,-0.645200258020746,-1.0930484508194402,-1.6370255353800547,-1.6455142393641624,-0.09908165992465187,-0.5706220167111736,17.128492237728594,1.4185164803906132,-1.4909715953602098
2024-10-28,-0.7382332792711672,-0.09025158301108437,0.08861610490930819,0.8199461785501966,1.290759279908017,1.2844098959153498,-0.3474839240030989,-0.7135746184154544,17.015309612838134,-0.18117832037028003,1.0202882813722538
2024-10-29,0.6545021013915067,0.34402583162145417,1.5087922921216665,0.44392656286175447,-0.2556287136209438,-0.25049149256811826,-0.05282862500584301,-0.7468644536737329,16.920702479242927,-1.4075974412196315,-0.3772605640820177
2024-10-30,-1.3910575006436237,0.8784643329888315,-1.0859182085207053,-0.07290157571381083,-0.3683975330608544,-0.3646323654508043,2.288387862787151,2.4407143599655776,17.45573798961677,1.779591543572593,-0.11386724567302656
2024-10-31,0.12418177235448072,-0.5420698548379017,-0.42562977915191835,-1.3366300253693242,-0.8501346215248934,-0.850623305210501,-0.9396711142166817,0.5138774740785762,17.152638677258626,0.012658046527378125,0.5765310466682998
2024-11-01,-0.17404822131451367,-0.9681790755251936,-0.4891269989868587,-1.22151915760268,-0.014221863909356675,-0.009104036301616582,0.2462299717877969,0.9335050501518156,17.256569505082307,-0.2776208930228982,-0.6083513314334379
2024-11-04,-1.2915614212185462,-2.0359716597202517,-1.9876654175600479,-1.898094669839735,-0.8402291047000195,-0.8401151425342509,-0.17461018591898844,0.6741998133762418,17.253043115413067,0.47921710449545,-0.8608683727833933
2024-11-05,-1.4272150805087662,-1.6279995393026419,-1.110594141948941,-0.5303356338880906,1.2788128473730136,1.2762455678459785,-0.05964159826694533,0.717600752233781,17.244692720574633,-0.4399781204989204,0.08844921659926104
2024-11-06,2.525417904879069,2.6817000646320315,2.5289590039568317,2.632162817951111,2.631768848015246,2.616391605976193,2.7107794460750703,2.737295745275521,18.51677880420645,1.7560112196218411,2.580294649173998
2024-11-07,1.8752043669246163,1.6953635827614646,2.014389678562351,1.5726669240223885,-0.6448649474639598,-0.6559225641804425,-0.900902254709809,0.0669104438107322,17.693763747866736,-0.5523298422180819,-1.0631790590306804
2024-11-08,1.5110073239119166,1.4665580413440744,1.713809446085409,1.4140478848742404,0.007056881721873267,0.020028067925695364,-0.475021958197015,-0.3939698263348177,17.46179042294739,-0.8426923833535234,-0.014714376250500387
2024-11-11,1.4036169830524285,1.5988528227891468,1.596508037096321,1.5286582998379512,0.44253868252301115,0.4641063642559517,-0.12353867845093469,-0.33328815466121153,17.583513089328978,0.14857259713211796,0.687514757627505
2024-11-12,1.3463977544476666,1.2369862912555547,1.3661563259254141,1.13542333202668,-0.43585781191558287,-0.4372609802012417,-0.4012616910071794,-0.6111696486831356,17.457190982632277,-0.887877230241266,-0.33204513173699074
2024-11-13,1.1198391041022482,1.019124017275733,1.1013736731860182,0.932616798225026,-0.2852720744062561,-0.281097658674797,-0.2234066596843269,-0.5700085323458094,17.423827821580165,-0.6200670545449364,-0.2551630021032369
2024-11-14,0.8092424646325759,0.6950454354162476,0.8599202322703853,0.7745427051026559,-0.3201412942776591,-0.31748117378400764,-0.2513034463841431,-0.6013522352551232,17.391588016046057,-1.110955412159645,0.05723297576094576
2024-11-15,0.490979316160542,0.8713026689742869,0.6472539111279649,1.016543165518005,0.2431853066641485,0.26044839049061813,-0.06243824685380175,-0.4305366609029782,17.51653844513566,1.0518786588262694,0.9931123836962811
2024-11-18,1.0169315536355934,0.8575661045156737,1.0245321801188751,0.9186088202635935,-0.4854939699726706,-0.48832634924376883,-0.4239498885265117,-0.6448587785279244,17.292798262291054,-0.7568922281327254,-0.625146894316904
2024-11-19,0.4434302574838865,0.6284195953484316,0.6715994948195241,0.8003883499930937,-0.616528552657457,-0.6251967850681416,-0.3155868186101857,-0.6829823618185283,17.166610456287557,-0.35005901859651634,-0.814106194592362
2024-11-20,1.197957821106912,0.5166260350578887,0.5040040651887219,0.16706786285596326,-0.7973370213571165,-0.7983754062405685,0.42438369561311423,-0.6765945135967087,17.148464822717543,0.04925236926829866,-0.6037974805029286
2024-11-21,0.7291350323956648,1.1564957772190347,1.1471085204535842,0.69225663061173,0.4901043949171435,0.494780997579615,2.4890020894431077,2.1124688005355767,17.629623027591073,0.15261130048165586,-0.06246725659791363
2024-11-22,0.5592361340741617,1.5923354470023652,1.0642712461471837,1.6603129902743823,0.7300371927015586,0.7336435187840885,-0.7639656909464319,0.870000855275218,17.452996739008746,0.801005755369362,0.2782534439993451
2024-11-25,2.026055148692259,2.019245602171189,2.275299000705917,1.908512755615023,0.8597157469297191,0.8617635863017877,0.4417103962578768,1.3903228580189524,17.570145003952643,-0.6271306667761005,0.3637745442746422
2024-11-26,1.7856768935536302,1.6465484175000327,1.7067526894364287,1.7322913451522097,0.1416595466764688,0.1454091618880384,-1.1510532680903984,-0.24111439771143423,17.22670780720643,-0.41722505125168285,-0.3291386350742053
2024-11-27,1.670283518312427,1.4695985813670271,1.7616585671599083,1.4074626135324928,-0.4403635129213689,-0.4376832433267336,-0.8076452710808588,-0.9673170799222178,16.96303649290154,-1.3753782000937358,0.030751340408892276
2024-11-29,1.303515975660142,1.389866887129315,1.2413188715093366,0.8500435797816077,-1.0100129253524746,-1.0114212793587887,0.05272265284896937,-0.7725027952721215,16.962331728869685,-0.5092242857725244,-1.0422322071478654
2024-12-02,1.051447218671728,0.7552950613176922,0.1887146187029739,0.029887390593661797,-1.3173126510984354,-1.321351313317606,1.6299328304778222,0.9295764152219941,17.39601108448387,1.5286017291724103,-1.2648938383588508
2024-12-03,0.4200218295585157,0.061281315381978084,-0.15500488401692464,-0.35484120862156043,-0.6020473180253503,-0.600431810695923,0.03135494615997071,0.9333286111489153,17.456349343216985,0.6746481947487183,-0.34609933354214434
2024-12-04,-0.7817206285733066,-1.3315266882809986,-1.0540022573350674,-1.0926670316730354,-1.1245052195979894,-1.1270354187322675,-1.1434076883871642,-0.8589185019679028,17.03203566205208,-0.20892990039445947,-1.4767157740313726
2024-12-05,-0.9981320644333446,-0.6503072155124082,-0.6021990647219322,-0.24458921555086155,1.2751514781026945,1.2713101018841353,0.6177229710327464,-0.06327234185711696,17.267784408842434,0.22555220129419584,1.5735863864966608
2024-12-06,0.1467010879311878,-0.5569035171667782,-0.3944465062605812,-0.3750661718607006,-0.11416537980450248,-0.11035461503315722,-0.2619794675013418,-0.08312477926458102,17.180448472320275,-0.13504215577270806,-0.1122000241316069
2024-12-09,-1.0190918949342445,-1.1972476423897118,-1.3141733265595341,-1.6928330396885818,-1.659623182653862,-1.6692093807975357,0.6314774257207614,0.9108439400479308,17.361122837297586,1.0058991828304542,-0.8644605088229721
2024-12-10,-1.7402594160427887,-1.6465486066789103,-1.4558462382614212,-1.5059599012955505,-0.03720788854609162,-0.03330310713168894,0.05287794329635455,1.226511296643244,17.389702832435486,0.11712413743742965,0.3666113307655193
2024-12-11,-1.2546470200201882,-1.457272769700856,-1.307930586488292,-0.8046367745560932,1.133413510028088,1.132904547120963,-0.060580330491963326,1.0495590968459907,17.420750244819168,0.022254656313603793,0.3265340992029
2024-12-12,-0.8525037219499865,-0.7565573426396176,-0.4613199463802472,-0.6687526529766418,0.33541409488861956,0.3393249179089716,-1.428406142714884,-1.1420429117258524,16.994285003606638,-1.3116649877514268,0.9811445395046408
2024-12-13,-0.7806258914132284,-1.2595718713529342,-1.4219303975968836,-1.341076147879211,-0.6072778796526487,-0.6057428341007276,1.0366049486265976,0.058052514276388106,17.309053152499693,-0.03842061207832055,-0.5577692589819794
2024-12-16,-1.499801393543894,-1.7412478523043045,-1.564783745443468,-1.4428015524053086,-0.1782686931853541,-0.17457943380607105,-0.7033979484722127,-0.7353387109152492,17.12351023031765,-1.5846319581317527,-0.548324857784825
2024-12-17,-1.810510358841312,-1.9602242339252787,-1.961534202941223,-1.7348117437075783,-0.6587980554262128,-0.6576035715704484,0.7724193662315588,0.5831090612365669,17.313671327885856,-0.8412364265074361,-0.2329870247695492
2024-12-18,-1.455732056589707,-1.2306890358428457,-2.305185959724369,-2.357774042421303,-2.143517089233389,-2.1578949364051576,0.8277023751964545,1.574317024801678,17.54773444657015,2.791696928386212,-0.3420760918884001
2024-12-19,-2.0952421964212773,-1.9110268116354039,-1.7112777110586435,-1.7939724776244672,0.3962878983366365,0.3978510408734374,-0.540394048432093,0.6604430012999186,17.468337899603455,0.7183725011644531,0.4114954999445997
2024-12-20,-2.065355506498745,-1.5958286730060092,-1.503013658519883,-0.8948586393980182,1.689437472857404,1.6707133714378273,2.2380844953295185,2.505119203354182,18.122573868236515,0.8307061136493865,1.6844852840717615
2024-12-23,-1.1448806975754133,-1.5392291522452373,-1.4036068439080867,-0.9491960104737098,-0.14408760978975094,-0.13749623045759804,-1.4641942407175936,-0.6287882148393358,17.381510288470157,0.7733676149619242,-1.62714213810458
2024-12-24,-0.9130189007390966,-0.9649036086339949,-0.3252719531470155,-0.3738932478461539,0.9874445501244044,0.9818381456120098,-1.4146717182846635,-1.733404063377069,16.304940379437117,-0.8442536422366412,0.4971289335752901
2024-12-26,-0.5126609002517888,-0.6241205982296222,-0.052448453385540196,-0.06905214767272232,0.505898992293459,0.5078810559926444,0.6284449994130051,-1.1298904968975334,16.59292517929843,-0.8252877200783436,0.99367479911743
2024-12-27,-0.3377302508002005,-0.21061239109487165,0.09171480066696243,-0.1296495233500548,-0.06859115265169352,-0.061979320017891526,0.08437910036110527,-0.8987693425889133,16.704353425480726,-0.4164063083194457,1.2642579188468448
2024-12-30,-0.5878648880701567,-1.0751296848170415,-0.34042386515497014,-0.5439043045874437,-0.41747816259079545,-0.4105429610181275,-0.29957262716363087,-0.82036279279183,16.594938402500823,-0.6180372143894881,0.3747430833645071
2024-12-31,-0.21988279840515892,-0.7870339802163808,0.10633384261203735,-0.3257734071653526,0.29835700617072947,0.3026134179719809,-0.1087658965089862,-0.6912579878007198,16.59497564621519,-0.7560364259972264,0.8214041937873686
2025-01-02,0.15516795571741804,0.19274098704513315,0.5299514485973993,0.663327590010464,0.6509662724060856,0.6498710242464667,1.055175574260575,0.021069541944258453,17.0585169252959,-0.31016298041197143,1.2363845067596257
2025-01-03,1.8695394631372297,1.5587938486568076,1.082757050195022,1.5965566137020568,0.9610554938880602,0.9617549709023321,-0.2861871050813459,0.06944966427417373,16.97062413631578,-0.34410845201941487,-0.3969211251599692
2025-01-06,1.9297882218631186,2.5766381250589565,2.013629849471089,2.2134170994690754,0.9156548614292049,0.9151890631988958,0.44184365293768996,0.6855375199091291,17.233843647840125,0.673486112285619,0.7258596016748952
2025-01-07,2.4033623653721032,2.0867628868010475,1.9643263263598767,2.1554080805974936,1.2055709076939958,1.2014556674890646,0.79902910297995,2.2835251951065723,17.53179117275042,0.7009268267340972,2.1498853004190996
2025-01-08,1.4573120487573261,1.294075880641713,1.6448859503209738,1.7069119824668515,-0.2930189702671421,-0.2891274857301216,-0.29934793732225995,1.6062579137484747,17.51052120285564,-0.6850931173135834,-0.6162791338880883
2025-01-10,1.2528773896317529,0.8738764547762777,0.3593439942258319,0.2978553716011537,-2.144228522919941,-2.15510348239152,-0.5934197979560086,1.0524353593921019,17.52275290247003,2.021115665580598,-1.5234232778470567
2025-01-13,0.1701740333402452,0.03944093382265106,0.22466742679461751,0.17633328736885678,-0.19427786479057457,-0.188255201088791,-1.0742338909231306,0.29239215302345317,17.35221740374361,-0.5722628607315263,-0.7782601017608342
2025-01-14,0.5945817772248406,0.5509076037367584,0.7531653305084254,0.8668200185910233,1.0136045268540916,1.0067741802041323,-0.14780098719356013,0.15440822097093224,17.40950227053428,-0.4213782796075648,0.9570178409264434
2025-01-15,1.7721840928648183,1.7188851105406378,1.9551545227786307,1.8218821731834107,1.5563107882322076,1.537475512917571,1.5126005613140916,1.0096321552197876,17.861273951675827,-0.7738079393152358,0.42335622131665174
2025-01-16,1.3591691020898014,1.4633446659406557,0.7331116891659668,1.1366265434038496,-1.0651452416637581,-1.0621776793403184,-0.6432209668595933,0.3869091160112758,17.846902913519774,2.128537599172412,-1.1780643069094574
2025-01-17,0.8106292434311102,0.6730492816339466,0.8727220293304833,0.8584751093670902,-0.4914511246474775,-0.48505247581144023,-1.17322952160758,-0.8557823745554932,17.610687361270433,-0.33424774759305453,-1.2737901295149827
2025-01-21,0.674143704938444,0.8591214531669341,1.2547743261622482,0.8586865156934765,-0.09128071159897477,-0.08450136380142155,0.26853294299443387,-0.7530100302648128,17.768466290981543,-0.8156325993586198,-0.6800712136966757
2025-01-22,0.49925159404379027,0.19229268972212066,0.08070707922214368,-0.45544769776388155,-1.2182486587062709,-1.223828229398829,-1.1088962286359334,-1.609364309878514,17.51176775448333,0.20783331764565113,-1.6245882809837289
2025-01-23,-0.3285260923717847,0.38265319687904426,0.4359847248997714,0.3878093475851697,0.7731933083184868,0.7761513619624295,-0.5523678939262161,-1.5564571411626442,17.380076036812582,-0.11447629858420891,0.8915131679316138
2025-01-24,-0.10048409671710683,0.2586509623557642,0.5049711173537224,0.5251121619166416,0.12675757860795164,0.13387716092555924,-1.1022465212618533,-1.7445302279690942,17.020494374164116,-0.5216200705753741,0.6601425259655297
2025-01-27,0.324487342277734,0.5211790879442548,0.6782113082149027,1.151721527902414,0.5753603561005226,0.5794459789234624,2.0352476619289996,-0.24170163302230427,17.60559191518094,-0.25289737498035747,1.7196730152554656
2025-01-28,1.1123846415750396,0.9393222352845896,1.142368122806789,0.6671751246008767,-0.6665674859586473,-0.6639362462306182,-1.0912903083663665,-1.2115832723538975,17.11713070554779,-0.3793609382734628,-0.9281038144142789
2025-01-29,0.2559166848405479,0.838562828834596,0.9043662542537804,0.31588096789928116,-0.3073144757737608,-0.30286013975777887,-0.3677176201618994,-1.1340865810771217,16.980204752795544,-0.32786839923022437,0.2643651213034538
2025-01-30,1.2993962680891615,0.1992117332198113,0.4429958736820756,0.3716745952260885,0.0133999875110736,0.017665301437263935,0.9266709294132444,-0.3270661123867669,17.255925479697755,-0.31096069647781416,-0.21636620773282902
2025-01-31,0.21473830105312006,-0.8886903004919796,-0.4258072123102409,-0.733250574119423,-0.8807099974480826,-0.8791864670537197,-0.039450097376645274,0.01811017333705879,17.22971961936963,-0.8803855565841759,-0.10516096654667215
2025-02-03,-2.168314687947659,-1.7492792479008759,-2.2634643525487594,-0.8562322397489733,-0.1374335898580016,-0.1331242728249668,0.48692107491235276,0.9830235418972908,17.41275983026763,2.555371525481139,0.45117859472233396
2025-02-04,-0.26592602490469486,0.4121626172384531,0.23132680754052115,0.4777846826224112,1.0602476603035977,1.0576769790974156,-0.28797737679746055,0.9822941545445731,17.30880085868403,0.06179184208590302,0.23606324018528657
2025-02-05,0.8684081322929071,0.29337466156948,0.8436831489003069,1.4441128767475409,0.7249563933787416,0.7264690257626635,-0.4823838215384953,0.2993634196989828,17.136820256047148,-1.3115067578476858,0.1299085290441296
2025-02-06,1.3652644977862398,2.0433972527251076,1.5037497414544203,2.128587650976397,1.3276405684374493,1.3244157797263716,1.0118493994426048,1.7000564899032111,17.49921165248756,0.009687851278553613,0.5775413844208093
2025-02-07,1.5514008557826597,1.523794874768075,1.4482220432302915,1.0979393234481352,-1.0621029411803098,-1.0639486396136315,-1.0671909173682375,-0.3531144657802129,17.092832671450015,-0.8249728905578584,-0.07156263598559469
2025-02-10,0.8322765204815243,0.5380875393827446,-0.14263517630621647,-0.37567392037184816,-1.5757494453395822,-1.5844872264082384,0.09388866026468183,0.0048971679221429575,17.101117535894808,1.2405333188520582,-2.04118121380774
2025-02-11,-0.45533910657002735,-0.6812833171322084,-0.26840526877228793,-0.10725697861871673,0.288786267239827,0.29244632059324827,-0.9594235508385655,-1.063604024772091,16.82686521414572,-0.5836973200934705,0.2608790091153312
2025-02-12,-0.39663027876265794,-1.1426724709643497,-0.6907527634437607,-1.1356031783797709,-1.134265126638846,-1.136585154474469,1.4437136474555534,0.3868580515852579,17.209250233268694,-0.5577964417769317,-0.8907804339865956
2025-02-13,-0.3836313886598906,-0.9824763205267626,-0.563508113622868,-0.7905988418443951,0.3384932266050648,0.3423769605629549,-0.42483285316835345,-0.21576297722512902,17.104486944603963,-0.628913002896592,-0.664560314883517
2025-02-14,-0.4058787598806547,-0.09508216290323211,0.18101035840174048,0.29042089604122856,1.1559525412655574,1.151636811980458,-0.1729849551508546,-0.33827023739267453,17.07208674853536,-0.58779637162887,1.2740115629815143
2025-02-18,-0.6035140349221882,-0.9671716128511149,-0.6466399718873567,-0.6662109242871238,-0.9008070950118516,-0.8993440240374874,1.3838690734511923,1.7647490701980848,17.44845705000661,-0.9665562698909202,-0.9211307853089123
2025-02-19,-1.5989071533369028,-1.5717352327626064,-1.6576881143192672,-1.4119306573536063,-0.8875614076030871,-0.8878444719746302,-0.07830433022371767,1.4469939653977215,17.478246247701215,-0.07371626303987923,-0.905791339348306
2025-02-20,-1.2482316780045002,-1.11974682711782,-1.6691599317659174,-1.8553469617495522,-1.039193620839921,-1.0433155806503684,-0.15774470083478406,1.1017517533412402,17.504417536699403,1.8518597902759426,-0.558539095159662
2025-02-21,-1.6686743547826361,-1.66622178766891,-1.7735284756157028,-1.9268907793845602,-0.4788787283119741,-0.4778144894362997,0.19396168072660502,1.3679858523036041,17.587947328579784,0.9811416959309132,1.0501784395013072
2025-02-24,-1.6552793810108508,-1.5616187194022026,-1.6121786695642564,-1.7921976205934844,-0.15463473231869596,-0.15115516904042792,-0.9888423099206186,0.10399548165307913,17.385386885538562,0.7442539042139091,0.26640509880732965
2025-02-25,-1.859968395419791,-1.834961748422532,-1.9993612165757157,-1.7197944574833504,-0.6241672990733914,-0.6247646297082592,0.06252996064336444,0.17797315912052858,17.45622342969124,2.1699690748675913,-0.32256067667694943
2025-02-26,-1.7779985787374408,-1.6597704446918442,-1.198834417601454,-1.359731129548217,0.6968860401464867,0.7022564447011925,-0.9740916271131851,-1.0326538722104666,17.289081344001175,-0.3566393908113981,0.48595368826223484
2025-02-27,-1.3592373288841992,-1.1176393928187505,-0.9177752044823183,-0.9766957398556018,0.9439062552815445,0.9469090892637266,-0.6842846487130219,-1.3670853611259675,17.16463191793514,0.03302662080203093,1.8798509261904675
2025-02-28,-0.9262432579446241,0.5582578492819846,-0.5323297449039477,0.7852181371651409,2.487216112918344,2.4755349525579478,2.5626567407979364,1.8350833056197007,17.952612855950065,2.1693347568375216,1.8347963628936805
2025-03-03,1.1160393619236653,1.5086599142248143,0.7141777867360014,0.5040326523412086,-0.49655351905511647,-0.4998204732772393,-0.8554627911780854,-0.16679774394095198,17.66450858427204,1.2255926565387874,0.31163175452956793
2025-03-04,-0.339214804257286,-0.869131109364039,-2.171342360632035,-1.8749179093451196,-2.103749579061413,-2.147281301343788,1.1707483008026234,1.7600272088549047,18.17577844112789,2.2326935006804356,-2.245230176786502
2025-03-05,-1.991035965373532,-2.123326125064811,-1.8096210466743412,-1.6818818546301004,-0.03140013270675876,-0.019437889174074116,-0.9050584616185686,-0.2906058251440897,17.77801564783814,-0.43951200207512603,-0.764342819840525
2025-03-06,-2.0243997883838407,-1.9175690254603222,-1.7667514628916159,-1.7108459687196715,-0.42217986747291836,-0.4116603452093247,-0.01060293652047188,-0.023520027548731844,17.87773647818225,-0.5289508384469359,0.017622226034921504
2025-03-07,-1.5369371637190818,-1.4205393159075699,-1.4186575995844575,-1.2458878151162447,0.4422489857338402,0.44983266802401023,-0.45068588458176084,-0.5014183597797799,17.740477448691035,-0.2600551464179405,0.10184306384385898
2025-03-10,-1.595946213644637,-1.5499670373441943,-1.707352397002162,-1.6407058016723253,-0.9846389796384312,-0.984562190568251,0.7578094327906582,0.8031402986633251,18.165767861852665,0.2406034087860098,-0.3304424003680412
2025-03-11,-1.5096557957254104,-1.219038594937958,-1.303197703309042,-1.3662891452025057,0.13384275677356014,0.14620887741688463,-0.9033431739867821,-0.8654572151054732,17.73962814814461,0.14354734691533533,0.21996204920541826
2025-03-12,-0.9841494353126231,-1.0526091723212314,-1.083615029119639,-0.9994994661821273,0.5604012744176494,0.5672645049127827,-0.5456027408753733,-1.2775329872804695,17.56007778533399,-0.13152549991581783,0.2357521826722987
2025-03-13,-0.9374108935031333,-0.9687996964686041,-0.8373739769779802,-0.9057282895630895,0.1252807188467977,0.13778686140054766,-0.436574229899404,-1.4298357569406421,17.446922459283268,-0.9951575757219447,0.5527660599024117
2025-03-14,-0.6475534896761712,-0.4728408742529331,-0.2766478775549812,-0.19024914872109913,1.6240071919881809,1.5902630785466325,-0.11605229070779036,-1.1790991487428193,17.398471034954248,-0.8579312439562563,0.8269690655035903
2025-03-17,-0.1293100306689071,0.19945207857582614,0.3795466131441879,0.5887830252606426,0.817170271471486,0.8126548760849447,0.040308352324020476,-0.8987562440103058,17.43296922236742,-0.20947197515221364,0.6837122958001268
2025-03-18,1.0481187263530316,0.7957663362112872,1.261493010200479,0.967582701997494,0.3564839750736764,0.3627668274159675,0.2203268315311639,-0.5981816999943532,17.4436974457661,-1.8311556210063944,1.4024079468329018
2025-03-19,1.3057849934900179,1.825431797244785,1.3240102105268003,1.5090305471990109,0.6704705878666869,0.671169827019971,0.5445489608461647,-0.06881133262396157,17.564334426135204,0.8409569335717066,-0.10476319525129574
2025-03-20,1.2214122579796494,1.4813147769306123,1.4356342127717276,1.4463661288699148,0.17895330818088293,0.1851182970562872,-0.09487714225000089,0.0645954601115722,17.529524015046395,-0.27679845753031923,0.5762700540358753
2025-03-21,1.4393858099141923,1.2016139667308146,1.370635851738248,1.224054013401614,-0.16452450225923837,-0.15542161010020283,1.8001921814787565,1.6383123578909917,17.990067059693242,-1.0494122938830373,-0.7585163607925767
2025-03-24,1.6721605711323062,1.3337140465585184,1.6273998212283676,1.3647688304300774,0.5699588109589983,0.5748029330473946,-1.6365659142995452,-0.5668840514254598,17.238016001814103,-1.6511392240824836,-1.5297193940971345
2025-03-25,1.6139652671122633,1.3371750218439862,1.4692977575817323,1.2663983031954984,-0.4088866081810902,-0.4066993946470369,-0.5032294900896696,-0.802392621916849,17.05204164737114,-1.1745130378298967,-0.3523464801820986
