Date,open_std,high_std,low_std,close_std,daily_return_std,log_return_std,volume_change_std,relative_volume_std,log_volume,high_low_range_std,excess_return_std
2023-01-18,-0.5347941276823212,-1.1566948360907667,-1.8633064985275192,-2.1497048678955295,-1.630961541455298,-1.6435775025865782,-0.17921960748409316,0.0,15.041049433804258,1.8736925052564046,0.0
2023-01-19,-2.3522562923226555,-2.3783630332206656,-2.060210936108462,-1.9901729867031872,-0.6084093257889981,-0.6071438928141181,0.4049489467057545,0.0,15.100492034039421,-0.6637373617848265,0.0
2023-01-20,-1.8428200026839112,-1.4482486886495483,-1.5573177800937283,-0.9273676580460594,1.2562154183126677,1.2535558365136266,0.13850265067088754,0.0,15.142612349516265,0.6188015336564232,0.0
2023-01-23,-0.8739747674145331,-0.7187947869709612,-0.8880356749719459,-0.6654275640252406,0.39660172113036823,0.40105845405462637,-1.0671665626699152,0.0,14.942613441002543,0.8141110865109606,0.0
2023-01-24,-0.7624172568251805,-0.5560184338310347,-0.6262431955396759,-0.4041197597155777,0.384312777907253,0.3881067791780036,-1.327545240563312,0.0,14.619438985434948,0.48605590868117904,0.0
2023-01-25,-0.7875907342709464,-0.5187928388869009,-0.4796893226897995,-0.19982818990408388,0.3068662491671585,0.31101539533490874,0.3273723718554042,0.0,14.648333155417026,0.08607166099980677,0.0
2023-01-26,0.11454012650255652,-0.14240145727681391,0.009003146736621455,-0.2376831200693904,-0.011209009391479452,-0.006913460480729842,1.408982246218853,0.0,14.865143014477116,-0.4312937408759176,0.0
2023-01-27,-0.31500571919020465,-0.45676979350143904,-0.06791801955765793,-0.5241691876366836,-0.278837049246126,-0.27493575515148644,0.29632065147497266,0.0,14.924469468588823,-0.8748009678412877,0.0
2023-01-30,-0.6434516750593716,-0.9226207003801555,-0.3100905392682973,-0.9804976293431279,-0.28145172848094857,-0.277617343435687,0.6599172252429966,1.1729128893931222,15.060990210244807,-1.3458130313210348,0.0
2023-01-31,-0.48180299145752215,0.03932227245974416,-0.6047605161860558,0.9049065337791828,1.367703889287768,1.361643463678939,0.240448725390381,1.267508688132462,15.111169072542316,0.7622870810940814,0.3380476732037594
2023-02-01,0.45703483649593146,0.6028343639171493,-0.19460965576313263,0.35604710307128284,-0.46251787804659933,-0.4608976514421904,-0.34090387263164534,0.8198847076125492,15.073488760596854,1.1856725408335815,-1.3058848192418735
2023-02-02,1.3629321572105404,0.44561341673235816,0.7729088061913483,0.9716700577267189,0.26848139959624345,0.2721720060827968,1.3276080802070311,1.770135469629466,15.301967172155825,-0.4700490012113347,-0.759309590068963
2023-02-03,0.6412144902095439,-0.5527966203791708,-1.1650697825718777,-1.198963997764605,-1.5139760127619553,-1.5213877831217422,0.9384393946854277,1.9440318317586383,15.499258036516382,0.657245458407536,0.5408119580885657
2023-02-06,-0.7686307887689005,-1.9558637432052528,-1.2125165468579335,-1.0435644860724753,0.0535635924907657,0.05671150620156665,-2.0603349275570615,-0.6723961084562184,14.905116073821619,-1.0893667508428155,1.100106297276095
2023-02-07,-1.0821142572926752,1.338377834279463,-0.3606039928203975,1.4296167560645676,1.701795717615466,1.6976615955752656,0.9051287061110332,-0.1110936758327843,15.147005749449473,1.7484099215031028,0.6275674288264561
2023-02-08,0.6568736049312794,0.8167258944902329,0.6529631206966608,-0.8125823035854873,-1.3947322053196738,-1.4029444585144077,-0.788250280006707,-0.8695810545626995,15.030423599064406,0.33302477888279836,0.04681532468516877
2023-02-09,0.3922195302056185,-0.2144925808082515,0.10996130482914131,-1.198289037456864,-0.30856949843479364,-0.30545714706640276,-0.07890009119244873,-0.8257509386057347,15.057126196631817,-0.30009839514468606,0.9117025710236457
2023-02-10,-1.1429861393520053,-0.9348722477900914,-1.2927263538661509,0.10681539970850025,0.8552039487088499,0.8565980471987498,-0.9193038058827541,-1.3512237795550512,14.847983400253131,-0.20849068668482282,0.9547158931870071
2023-02-13,0.44549429547134833,1.0265888135662287,1.989260678413941,1.5713374791242642,1.0018457313081217,1.0002164707201635,0.6215231610653776,-0.7108087202756236,14.99769807682563,-0.8540959142333163,0.27723346071172933
2023-02-14,1.7229096323837254,1.0327423648517122,1.2488393255828585,0.25408535147931594,-0.9213283891474408,-0.92167821915004,-0.49162704076663083,-0.855899005434733,14.882666922659514,-0.029561675842698275,-1.0367011553696637
2023-02-15,-0.07177716848499723,-0.8718540731390111,0.6086747420521023,-0.24235265573220427,-0.3466310863726593,-0.342971607129891,-0.6840881169263805,-1.0651515198305803,14.695428134541258,-1.7553813672045835,-0.8955900083080667
2023-02-16,-0.9821119353650988,-0.8054179617909392,-0.2409864622611689,-0.7491951367468925,-0.35482171258002876,-0.35165337995661206,0.7972948772095276,-0.378596404934531,14.845737290692007,-0.8020570267414762,1.3772834137299195
2023-02-17,-0.9680372794366849,-1.369937601662769,-1.1197737050582661,-0.7021466237124014,0.025823365962112522,0.030075098686635927,0.0668583995035233,0.21619160043436397,14.816326612487538,-0.8661283729557541,0.2791727438267674
2023-02-21,-1.2111867311448818,-1.6279748259295022,-2.384308159142177,-2.086059495813038,-1.4679094179133447,-1.4761574552781753,2.061709264972346,2.2825997474231507,15.23405451536591,1.3560152792425872,0.20967384855200602
2023-02-22,-1.8184249660278164,-1.783462716080612,-1.463098554067685,-1.5224147332706406,0.48660805397915013,0.4899262295141687,-1.2492537432342063,0.2606467875821947,14.880049211185622,-0.5001846592964065,0.3437081901226221
2023-02-23,-0.9901902496802257,-1.337334263908257,-1.4905669991491473,-1.24673468228806,0.1673009931794858,0.1709531787757795,-0.24833465904877264,0.06072380982786582,14.822154111312562,0.8465858554000865,-1.0781048943403517
2023-02-24,-1.7624402236217722,-1.0678118438247197,-1.2388690358264078,-0.8608212219821318,0.4776740804026268,0.479836800377183,1.1821679109832977,1.4721541314082114,15.111935188163098,0.9246020077757734,1.6658599843447435
2023-02-27,-0.6253218178272453,-0.8512390805814867,-0.611729621950842,-0.5638808987717266,0.4672435528836937,0.46926566678459686,-0.21417752247217325,1.051320517071015,15.110840557517601,-0.3171874746988922,-0.2758240238948382
2023-02-28,-0.3677257868370719,-0.5955544249965063,-0.10300834337626516,-0.26383395436048296,0.6766858215447797,0.6752805549973674,0.907611554515596,1.7481188826170895,15.370872571312669,-0.9019580166441094,0.478313740410605
2023-03-01,-0.47719194907195595,-0.7165148429125291,-0.3410603011202261,-0.29611812049588515,0.024587434469137543,0.027224723344625168,-1.2057550591173527,-0.08008599532196602,15.03846241524801,-0.27970325131630963,0.05700364291919349
2023-03-02,-0.4734651990773158,0.7918808917503256,-0.41276172852151033,1.2064578515857816,1.5067819080822795,1.4955500249688423,-0.48541666004694395,-0.6719354371517697,14.963579772593745,1.4427985303741493,-0.14821466976798686
2023-03-03,1.9238601613238306,2.472374119075701,2.2503665365841123,2.2507568272919576,1.6157870383433202,1.6036975177889563,1.1765058437000941,0.7834220828837318,15.318031410620712,-0.2828755797001296,-0.6755134480340527
2023-03-06,2.1273066936066813,2.3587892349252266,2.2717049358647676,2.2373986770478655,1.2250228566103263,1.2182480274042125,-0.024940291991342647,0.7766273000087346,15.402662165326456,0.013180954083181805,1.674248160242807
2023-03-07,2.01991187467584,1.5977402254965567,1.348512147991867,0.8118390456860475,-2.2062619725772166,-2.2177297158029856,-1.0532455096254858,-0.7830074767823112,15.099135501394079,1.1609156283471052,-0.9514760939014284
2023-03-08,0.7135331756845569,0.6504143378741133,0.9261734593411675,0.7035223932128836,-0.19857794371498397,-0.19375279770641388,-1.055404254607503,-1.6724778888937548,14.809355118204449,-0.9511320155532681,-0.4978249640114034
2023-03-09,0.6401769735437608,0.6092483512339913,-0.31968311451917303,-0.7837561797993119,-1.7712742779798318,-1.7780717679677462,1.3122357637838664,-0.3746704010343051,15.184023003773637,2.152525823463373,-0.8936416375262555
2023-03-10,-1.0917616613874763,-0.8294636756256255,-0.8726065837151039,-1.0331982109712101,-0.31293992200040516,-0.3070824030289273,0.9361866108140805,0.9517760989064216,15.482235953686281,-0.04594811884090944,1.40057675658479
2023-03-13,-1.2164219789426018,-0.893351505158757,-1.0877963445645715,-1.1136294881828996,-0.1590111914902323,-0.15327078456001347,-0.4278400618496204,0.4008876161889488,15.423547689763119,0.3937513259506754,-0.6387970070092507
2023-03-14,-0.21775421815041338,-0.7304616130273869,-0.8080875585639277,-0.5933402237123189,0.6339649222977612,0.6352716413772572,0.026737740818756572,0.787410553494308,15.474024498466733,0.2665556727616558,-1.4811328237094759
2023-03-15,-1.4092684708420133,-1.862380674010442,-1.7714395269837864,-1.7012212983691914,-1.5054508089342769,-1.5120470876917993,0.9328060508861192,1.70820018575826,15.78441166355494,0.0919119396950549,-1.9016036733813617
2023-03-16,-1.6481297826672767,-0.9865683917498352,-1.3987504430413205,-0.825484318128507,1.0316139597493916,1.0280194901030342,-0.7986618262581562,0.4474632854251221,15.660131416476188,1.7184045938527186,-0.27034620319319014
2023-03-17,-0.7264977458811415,-1.2381833247931089,-1.4447903972276963,-1.6760221843112089,-1.3822939477734555,-1.3898133427527524,2.470343039918675,2.530701797281873,16.563383918917435,1.3187028625275474,-1.4070413475136114
2023-03-20,-1.2872056715023554,-1.0170297253864486,-0.8946190416206271,-0.4241619668289194,1.7222838781841054,1.7074661901271766,-1.3116538825173016,-0.5933115058817021,15.616560239224903,0.0009426949437025933,1.825668819306786
2023-03-21,0.27194118083824,-0.087331688463689,0.4813173464447833,0.25820494981878517,0.6503929196116542,0.6537737444744078,-0.6373046793624781,-0.9675790769154536,15.368166667984381,-1.3104663628619246,-0.09412247313955051
2023-03-22,0.28276279020129086,0.42488716457723275,0.21500839072108832,-0.4801781117200081,-0.5510104496842031,-0.5459869779770057,-0.8314780846103783,-1.3438423976741822,14.94248384441386,0.3583537733709831,0.4875530119242035
2023-03-23,-0.01862804648212689,-0.8301071842051969,-0.480739769849083,-0.6946767475702024,-0.14949986575298574,-0.1419398972568233,0.3215967540112175,-0.9644724427336335,15.205747387333142,-0.2836515391452639,-0.4274438745548283
2023-03-24,-1.4749442954490406,-1.3873549988968024,-1.0563267313962208,-0.4179492748105331,0.1932482850625169,0.2002616250239133,-0.19095388501194238,-0.820184352937041,15.177871024844219,-0.15446444733962597,0.05025991602127817
2023-03-27,0.08443132837454485,-0.0255450208304565,0.5753475814326268,0.5506158460179074,0.6262680769958536,0.6287189882253685,-0.18184655651214351,-0.705168058320109,15.1593933806581,-1.1295155061600848,1.1588273047386626
2023-03-28,0.5558259346128245,-0.03332819148622013,1.129714839030357,0.7829743860372388,0.08478360775417207,0.09225524272831756,-0.6994983482591203,-0.867871490632919,14.706073551690404,-1.6810434984975695,0.4121195854976162
2023-03-29,1.1521645041525976,0.9035661662871355,1.4953359515828353,1.381620944809835,0.47861073861778,0.48151792669758736,0.1269461237460685,-0.6068411319551665,14.790070575320824,-1.3778197292173504,-0.3710481858050453
2023-03-30,1.4007971263480818,1.4583414621994824,1.0454689803185213,1.1323052533052471,-0.12436432250499602,-0.1174645195221617,-0.020717867162932214,-0.4268448605971513,14.806538007147626,-0.1423069245373873,-0.5545609822510189
2023-03-31,0.9272304469029725,1.4977183657719437,1.386035617589977,1.9093851354895794,0.6438318840654187,0.6468757873199995,2.1854128207485592,2.2786338561216715,15.428980530706976,-0.47331812325464095,-0.34211202000629454
2023-04-03,1.4470750078457921,1.7347477024162548,1.6881938685583284,1.7033118766111845,0.23900594937280642,0.24170539387467183,-0.16150547861889578,1.8106947744349076,15.397022340621499,-0.6328077379907938,0.5031480916017566
2023-04-04,1.4443768857548176,1.2874253570310334,1.1883933748098672,1.155673640580132,-0.7143640278752467,-0.7117797488456961,-1.1645374254632495,0.15328102320391868,14.823578326345341,-0.2899581335374711,0.4949797282568548
2023-04-05,0.7074323465423878,1.114030564501892,1.099139026350481,1.1760947009069438,0.126515564480949,0.12918124341905043,-0.49240449038594464,-0.2407168105438738,14.654704671512128,-0.5517369950900627,1.2846737603166216
2023-04-06,0.9153607129715687,1.2861514008844546,1.1027387878332346,1.3675739607882338,0.4105607175292477,0.41240398360960734,0.8808669536485156,0.5016465686310421,14.956991066205488,0.24265972519245102,0.5022417518381925
2023-04-10,1.2341881888931583,1.2293848111913812,1.3168607184134804,1.223816767336846,-0.7676735746539521,-0.7667716904846258,-0.6902938623501949,-0.18043141756820907,14.661765446073503,-0.2069681900942188,-0.35751375214801523
2023-04-11,1.3467604684831547,1.4555246099080803,1.4417931093659548,1.259775689413268,-0.06433547051167672,-0.06215856317122159,0.7462328354687633,0.5584383034431102,14.949972821121142,0.6750507838918067,0.7546085337537313
2023-04-12,1.92687934824671,1.4949672337824047,1.634500735371397,1.3230610125922264,-0.2636108575444488,-0.2616673621505426,-0.554948534291236,-0.05900369749144778,14.794814022552632,-0.5900532173566022,1.3241068295676948
2023-04-13,1.407618381171915,1.6605472057406192,1.236267997296545,1.8188194861316431,1.397762659082032,1.395653224971189,0.4474021795382331,0.46622666186267986,15.01646912403502,1.9420409651204005,-0.793345107202971
2023-04-14,1.7908900764992488,1.871792117335445,1.9902495791841643,1.8416466391927007,0.12672098747008997,0.12877372414346225,-0.450207496378707,-0.1579329693447408,14.90588937779449,-0.251099665423348,1.3225121215703477
2023-04-17,1.6682448673670929,1.783727227692598,1.7088519861696052,1.9842554289025276,1.634650029571078,1.6303337632055623,0.5858263493494819,0.9357157623147423,15.046758296353234,1.184784735348678,1.493338614827984
2023-04-18,1.9075449979970356,1.6158170152910443,1.7944451906958392,1.6117096250499965,-0.39738108042085424,-0.395691401485089,0.15767418213913478,1.6879515646045216,15.091208776978108,-1.04737429225121,-0.5482732952322106
2023-04-19,1.3336940618951683,1.143501107051158,1.4592965509404887,1.099434975060085,-1.8308490115267044,-1.8369996904003143,-1.386436499060154,-0.6204520900083111,14.693559713174526,-1.8855270842663379,-1.7035965471895267
2023-04-20,0.880854439131424,0.935040718173935,0.9938247467546726,1.032754418551284,-0.3935453556045885,-0.3917657863880402,-0.09032887554640993,-0.7821378076721032,14.702743574032105,-0.6751566036510418,1.0425862111573216
2023-04-21,0.7557491763531242,0.8667356801199356,0.8776815288093411,0.939860648084722,-0.4269206715328565,-0.4255317552430408,-0.018965532994026552,-0.6157750534244166,14.693351895142571,-0.40785146595432936,-0.4908310015800415
2023-04-24,1.0201243716227182,1.0722274627067772,1.220848230730946,1.1063369567277892,0.21882999723641827,0.22100077898028803,-0.3813671753523684,-1.0371064931052292,14.63171616812217,-1.20896245005457,0.1975937252232488
2023-04-25,1.2276100042769484,1.1030762345987768,1.013751551179019,0.5812982398688115,-1.4905326358445476,-1.4946166093830686,0.815169210494178,-0.13944918143350002,14.75246668210076,-0.3746660631860113,1.2306982235807504
2023-04-26,0.36080617824202255,-0.16837981809313562,-0.47709141166302743,-0.9103897822294914,-1.8206442005889092,-1.8277207107074438,0.31843793688245736,0.18468170472309375,14.815627967719603,0.9600499455858483,-1.6956430342994075
2023-04-27,-0.020543425886515577,1.2130617655969682,0.29171010603018616,1.2260460552322667,1.7638230835747246,1.7553416949879794,0.6223800740472174,0.8450153933677631,14.897316067298997,1.1780012769441752,-0.7320604392621525
2023-04-28,1.0791443272820973,1.932628344455387,1.4409471242279515,1.8905388430132957,0.5004575528635662,0.5034212858911266,-0.1560626996781134,0.6465508228339806,14.88352651634471,0.1158774855187583,-0.5027364886591874
2023-05-01,2.2485854597652035,2.2166927943176282,2.0936809804468672,1.8217658138156654,0.3665898318088148,0.3699101658669662,-0.9818560184996011,-0.136045951719121,14.716200629899054,-0.070350737378395,0.6580614821483154
2023-05-02,1.8705042687968423,1.2468132118861401,-0.15980900019892028,0.20525478240814174,-1.4438186685135266,-1.450423007453524,1.9722051039785595,2.1868041954182087,15.029384484011837,2.296690434666238,-0.46392431147650287
2023-05-03,0.6496052257081285,0.322692616835312,-0.055411604601496744,-0.7651356147828762,-0.852998807504362,-0.852926436545648,-1.4493297385328354,0.20599663201608848,14.79150350990255,0.6334241505343745,-0.4875464079127748
2023-05-04,-0.7400556582722622,-0.576734509883233,-1.7234240632768905,-1.5441227348652782,-0.8775467767472622,-0.8787354342210543,0.944834801598797,1.1144183597155362,14.974151526204626,1.9761833121059222,-0.6310998835521447
2023-05-05,-0.8417710657345271,-0.9431517990078641,-0.09428647493916534,-0.31304714333903605,1.1214510348451825,1.1209462450348497,0.859661794864406,1.7184066833772782,15.16863611612394,-0.9215548835402387,-1.1046903661117138
2023-05-08,0.8782108774846692,1.0999047728077438,0.8484404214578636,0.3890633477314143,0.6273290913206533,0.6307842297138516,-1.076420654460482,0.16396403442619284,15.010160337639357,0.027374272281082225,1.1304629841180627
2023-05-09,-0.3442715427643792,-0.3690947572577354,0.15037940511259554,-0.023424931923505685,-0.3761912703900194,-0.3723953443671511,-1.4784724478037772,-1.7719014959834611,14.641176556167686,-0.7487241413071506,0.37653254302891553
2023-05-10,0.001956819876676495,-0.8513796038931923,-0.9697721162103987,-0.757426502084284,-0.6376505259051091,-0.635689669844931,0.6238129030602111,-0.9541792353082407,14.786214093493497,0.552773512990479,-1.8392486205467558
2023-05-11,-1.7097514224773154,-1.7070707302279768,-0.9539558544715421,-0.7345821933176642,-0.0011623738618396294,0.0026476099892579073,-0.18907798768351583,-0.9029607377615055,14.75117284384371,-0.7917812563567278,0.3250775701043721
2023-05-12,-0.6502523787746189,-1.0181150909565546,-0.5894033821303624,-0.6309776948832967,0.17142064725354125,0.17510469853222058,-0.9638683960517737,-1.4742103968532982,14.47680632525722,-0.5342606967266619,0.378213122692274
2023-05-15,-0.7939187250868214,-0.9951209000027162,-0.6026109393194417,-0.0178668929255732,0.6677997164271636,0.6704908000027516,0.5085233224684644,-0.9117687071446305,14.599412558413583,-0.5681023266957119,0.339281859284105
2023-05-16,-0.8340428924377313,-0.5185109920432732,0.3467496360270118,0.24861715089404993,0.19211566269746147,0.19531788392266833,0.016463649377155953,-0.6784952156642493,14.576083182237824,-1.0534359000071192,1.4263666378018929
2023-05-17,0.44098241735198324,1.036170926709164,1.213236439375046,1.7688091249983637,1.3821797720499824,1.3792687220925959,1.6933074828068602,0.7978999543072393,14.929602745693924,-0.4039718259929298,-0.05213288812347907
2023-05-18,1.0959758205345678,1.403259080884324,1.3894963178179085,2.1298442992269675,0.6815889709103061,0.6832183148547789,-0.3972368326725584,0.5246595289655522,14.846914453445109,0.32875950283164584,-0.3616080952260301
2023-05-19,1.9474434802874192,1.9208719043492013,1.8759091056403079,1.7097958515753324,-0.017790771031456168,-0.015427596217540987,1.817695386414255,2.3517242398991116,15.279437262624183,0.7438984124306802,0.5571408796962808
2023-05-22,1.5839964858006779,1.1716827203683702,1.40734082160324,1.0907313801159113,-0.9003608926052203,-0.9016175378912413,-1.278860582222544,0.29070992376763805,14.83164698679903,-0.6725271358672347,-0.7805629415240312
2023-05-23,0.69516586089536,0.4863267752984184,-0.12653249889665197,-0.7411673994102289,-2.2246562510981263,-2.233789893843842,1.192930674040019,1.3646883539280228,15.209103469747312,1.7412449431018553,-1.177532251646075
2023-05-24,-0.7755799427875532,-1.0600908863978347,-1.0699371059762197,-1.402893226429489,-0.9859919500699257,-0.9834250305255672,-0.9250729092236527,0.08004309024361139,14.93767692515989,-0.30728591554477525,-0.35315506776070227
2023-05-25,-1.3431844098892944,-1.4896412147535403,-1.4190410343233544,-1.4505977840537192,-0.3105985650288894,-0.30646354545701965,0.8487394123719438,0.997265179978514,15.261346837341518,-0.8014295465024671,-1.9950329226269357
2023-05-26,-1.1816438889892844,-0.9367979072990031,-0.8672244759751117,-0.972715435770282,0.6438072232525478,0.6439517606199481,-1.017905280757064,-0.4261405841630718,14.987807229084654,-0.6335395684007674,-0.9770652542296473
2023-05-30,-0.77934982023399,-0.9173379902470744,-0.9825443355689742,-0.5543318220672282,0.6169503752473974,0.6172816898769827,-0.25703619913019266,-0.6792165635367619,14.988550124945325,-0.15135502436062453,1.1476598624709848
2023-05-31,-0.904604332725119,-0.8497768529060916,-0.7811221598156403,-0.7285526627620156,-0.304842203174,-0.30056169405942057,1.7413111237747096,1.6967367300959104,15.636019602421621,-0.6649677997250467,0.9390563220019513
2023-06-01,-0.7204437635651793,-0.5641677314918724,-0.6162779095305764,-0.1731955969718232,0.9473488190369644,0.9442281479614634,-1.2037177382776851,-1.1023311417903368,15.03199506349719,-0.0548414851064413,-0.12771080541838759
2023-06-02,0.20015699527676645,0.976847343768769,0.60062747097503,1.335098927279314,1.933615765223392,1.9204250689236138,0.12518280101457502,-0.6413505577746459,15.19231023690737,1.7038147766283478,1.1952877529175978
2023-06-05,1.5770485993266303,1.2087256036089113,1.5165783814106384,1.2485002123779514,-0.21842150552840198,-0.2143403980531682,-0.6015405512558515,-1.1348279895227278,14.944264326980504,-0.4488157680082327,0.30309854946206133
2023-06-06,1.254862766661627,1.720753195280522,1.7705975349601797,1.9615287272977096,1.1949868475324537,1.1918585333037224,-0.1253737639909013,-0.9585633733495598,14.972832223773374,0.9659864768390125,1.7885561073992582
2023-06-07,1.9008547357128833,1.6318434814893685,1.777543439200977,1.705690623385238,0.2547952983975979,0.2588450205445305,0.30664157564329625,-0.283932815748746,15.13132907353454,0.3576336599627096,1.1650878156507354
2023-06-08,1.6158081292943023,1.342825268884017,1.6782399333409321,1.397875090406111,-0.42452127473836,-0.4227841481768425,-0.7873130426054386,-1.0512171544293947,14.830487944747818,-1.2987644453413127,-0.6556070014219132
2023-06-09,1.3156727484075634,1.2550821589782628,1.4282758163144647,1.0705169184882217,-0.9323483649041235,-0.9346333996103635,-0.15191438187021633,-0.8855883998300053,14.778379867394904,-0.9043206278319146,-0.6952306987402287
2023-06-12,1.0041075830839958,0.7354886609066196,0.8199461106923946,0.6483860578661095,-1.113442093448268,-1.117982626319469,0.15591929483460876,-0.5052541930961427,14.871006903578463,-0.539109322444703,-1.9478622076208796
2023-06-13,0.5413084094005112,0.7836625716274044,0.6617198837348894,0.9379175926999113,0.48644478647413303,0.4902736002644044,-0.040813617778506554,-0.34506220627858225,14.898332499364676,0.391453198584001,0.11951220677274724
2023-06-14,1.0682423678163608,1.3063268091287525,0.8483057762977507,0.7353221888076654,-0.7456431956008591,-0.7460163675637831,2.2254041455448035,2.597239466949427,15.457338406825844,1.3896139770070213,-0.298097002046759
2023-06-15,0.7383265561584447,1.6191240146560546,1.120482140372053,1.634744372030659,0.7879556874998622,0.7904196850140734,-0.8844701537839199,0.9401755807828382,15.225326358313799,1.0432223661094322,-0.10854878673350812
2023-06-16,1.8818204517620043,1.2722568842027717,1.5602123820224285,1.0015202464154938,-1.0079419609589435,-1.0100793784203719,2.134241051821445,2.410036829428561,15.953951990535073,-0.40867878663788887,-0.06706059157450261
2023-06-20,0.8367125326263365,0.5408090871379667,1.0763458858368833,1.1388722762676933,-0.2906071995651776,-0.28824337935308353,-1.3898164801544608,-0.30471080593379607,15.137719895101213,-0.9842351356974138,0.7086767509846044
2023-06-21,0.435612112896439,1.1110231476002992,0.8857428274115253,0.9292170177707131,-0.3159406536893859,-0.31423092137624287,0.16088386051435502,-0.02181305011594533,15.32114252354984,0.6231076210057774,0.8125081767612834
2023-06-22,0.9250907839361663,-0.009524318987335629,0.3989384814086035,0.005281106117337998,-0.954131292250156,-0.9565812321366663,-0.7041913502473466,-0.6096440470721154,15.010432829497322,-0.5140153709170127,-1.0551678041978998
2023-06-23,-0.7538567955753926,-0.6914973158732294,-0.4193000644343356,-0.8381883199999666,-0.8350481827366938,-0.8370065261211798,0.42628587522114103,-0.15591127597966922,15.308796828295588,-0.5544571531225673,0.6581716239919035
2023-06-26,-0.6842190420082517,-1.2520338511709166,-1.3614762991393503,-1.269847122657415,-0.5138653448798796,-0.5136058967756348,-0.7914083881238493,-0.8506413003738275,14.985171692044645,-0.11710663415062474,0.3503134969908824
2023-06-27,-0.9652317390654226,-1.0130442584762154,-0.25749839232908583,-0.8645992530872026,0.539271564117004,0.5422405708766254,-0.5413629057398868,-1.0650969704975006,14.780820380183217,-1.2714230915574392,-1.5400433079343316
2023-06-28,-0.43145794499552836,-1.1396529111374145,-1.2563203698994327,-1.2527319145192686,-0.5582024189680409,-0.5586313906147085,0.19770381034983106,-0.7544097740717391,14.97085000082659,-0.15921058835450255,-0.4830691989396619
2023-06-29,-1.0845746351967518,-0.7091380913765744,-0.41839708885819626,0.047382585722233736,1.3511435847388948,1.351643555123779,-0.4861141333564959,-0.8269838035616952,14.731361593186023,-0.7156112598821631,0.8045804520829405
2023-06-30,0.8269490993187083,1.6184224740909043,1.5110516581147266,1.8133194788406064,1.9689947674731443,1.9651048345689635,1.340878044358727,0.2642842336081383,15.324155507571176,0.7438941192355168,0.0166902194632417
2023-07-03,1.7494638151058277,1.3470756782324653,1.409309789254082,1.713046442952266,0.3173268021704743,0.32020081945497825,-1.157248662422494,-1.1607708772676348,14.532081741892032,0.19032268087275492,0.34092743518248686
2023-07-05,1.2384734355912048,1.080515415355792,1.3132142871179753,1.3061173770789638,-0.36953126965314753,-0.36808932298190283,0.8600657010290632,0.17771625786307746,14.870066808782497,-0.523999051335041,0.24830689865309058
2023-07-06,0.9540402500283235,1.0118874837097,1.1871307416878014,1.0961146008993201,-0.19680776003678505,-0.1947194708746485,-0.3142776368848142,0.08632984635389214,14.750937420565304,-0.8476255892256649,1.5573049031953565
2023-07-07,1.1189408251835695,1.4320369146129746,1.3695175710847027,0.777588493215802,-0.507029663325094,-0.5063414118089292,0.2381251255997108,0.7566628350401875,14.894192551186972,0.45041499081978115,0.11223349178122083
2023-07-10,0.903209318224535,1.0121724389072997,0.9786592517308211,0.686558172685942,-0.21051099429522183,-0.2087892440962558,-0.041933952962426996,1.1322020308666132,14.902893701778368,0.2874244443899918,-0.5025787789687693
2023-07-11,0.9669352678861045,0.9372786888243673,1.1245163425152975,1.1473152789895646,0.7680131066781012,0.76983065266737,-0.3121924932512063,0.680714353323651,14.82889206525924,-0.7850558618125363,-0.0928711370394435
2023-07-12,1.8712483202524024,1.4511796474502785,1.703501776950702,1.4500971341833664,0.5549895841897493,0.5570707323776352,-0.047889449709097,0.7358814228193238,14.879221139795819,-1.9772712876011036,-0.7938645006682922
2023-07-13,1.5423321975294066,1.230970630513954,1.2970491638434327,0.8216801902819251,-1.5078026897719083,-1.512490300310858,-0.1887345582147958,0.5404086073372131,14.856423462965228,-0.7652316600214353,-2.457421570769206
2023-07-14,1.279115568385341,0.737543002291744,0.05919457955820662,-0.7123276675963331,-1.4516247455887397,-1.4566350643256054,-0.33611453940778235,-0.005877562285481342,14.79732719834861,1.6100359483412958,-0.8770804160135034
2023-07-17,-0.37902697292654436,0.9443015976568233,0.22260798816805413,1.1508409403710451,1.5921493496245824,1.5881140221402834,-0.35624842771040843,-0.152771511461553,14.673960713967094,1.563245657792731,1.020239268104808
2023-07-18,0.7346044481281767,1.427936098364295,1.2073193662649893,1.425783693154186,0.4175131316363944,0.4194449752468259,0.3503863509099004,0.10612829259131056,14.757586378630036,0.3605813907477974,-0.45452966290152563
2023-07-19,0.6474787776521244,0.2825519786629674,0.2775204250622431,-0.26273699791717026,-1.449390780393789,-1.452837633377322,1.6189970446514113,1.9116436898461613,14.924766336535235,-0.046397511538661736,-1.2678803056234724
2023-07-20,0.017079226526531415,1.0543250629030785,0.6157447486317452,1.5980028520893395,1.510278000154101,1.5052800795039387,0.12572097251129247,1.7630471027527845,14.961642680464264,0.5181587488554129,2.2327961821256412
2023-07-21,1.4400547589389707,1.3434049721455381,1.5638442669333588,0.9745956027868304,-0.5465346939508721,-0.5443840581840019,0.3998880545445328,1.6623320324891724,15.010008921183552,-1.0869509123975778,-0.12477676141364932
2023-07-24,1.2215018791359136,2.3507914728280115,1.721984913318179,2.0475179923788294,1.1235767300624453,1.1213603198725792,-0.26368589413748283,1.1620333304728423,15.000117345665718,1.38308090290199,0.8390625529242142
2023-07-25,1.8659438689566585,1.3005919072872687,1.090584057324427,0.9723579217686181,-0.8877620750288854,-0.8878713471503343,-1.0323939853719017,0.11403178457392782,14.918778989953527,0.45892389231392455,-0.7240706045471047
2023-07-26,0.9301207114141241,1.5271697727097124,1.6293548164888736,1.4503119757396759,0.6305087917213805,0.63287667745895,-1.1255244820208856,-0.8697129015738784,14.802409229733312,-0.3487187971966818,0.7268138220387542
2023-07-27,1.6535805774628753,1.2684933451378382,1.5677757290849548,1.0399616544452048,-0.39720400408077366,-0.3944165551392063,0.10073419733225907,-0.6962834252879819,14.811241108118365,-1.441963839802122,0.4323898394760316
2023-07-28,1.1302433470127906,0.9622945444769985,1.2205098344601117,1.0577218778868924,-0.15632828257740952,-0.15316301360597534,-0.8578686325413873,-1.2829038301048512,14.721064253613724,-1.1522173618129623,-0.9935570668480879
2023-07-31,1.2027371020550917,1.2422263048788467,1.5644398738648246,1.4679187209690596,0.5665053900697545,0.5684455932316101,0.512726711254207,-0.9543390263925423,14.779295757813115,-1.4600786784611333,0.41911544154044045
2023-08-01,1.3319411497556546,1.3368733757359885,1.494902655405089,1.2544143697116878,-0.1673435154283673,-0.16438175041526643,-1.2407685177144727,-1.566909078815687,14.645502822304818,-1.137536519509929,0.21728550893158935
2023-08-02,0.9471238121173657,1.0076646002362446,0.8288371925968968,0.8261965436221764,-0.9053155115555723,-0.9059699897746281,2.465589024500238,0.6621270399153095,14.942354231027728,-0.014608351703753129,0.8389355523582758
2023-08-03,0.38682820972561954,1.5281058120587858,0.596676611245037,1.5807547181993677,0.9821253182255576,0.9824688177953154,-0.34606805150796166,0.399877421352856,14.89460052004829,1.5934756066440785,1.0249000965903092
2023-08-04,1.7766716923610586,1.6678867479940611,0.4347609751646444,-0.3053008124810261,-1.784875530007057,-1.791028915283171,-0.19398346759686674,0.4119016351143678,14.860018939504005,1.6248800913774337,-1.091710608985759
2023-08-07,1.9583420962926852,2.6120817657806277,2.2347078380330014,2.581526921746087,2.5368676207180774,2.5271664040832076,2.566930994698893,2.70632612588424,15.498180530481669,2.38764699901229,2.108952259819752
2023-08-08,2.137955764908734,1.7903852946350585,2.279462713050288,1.9377634059085664,-0.11789542267532702,-0.1136239444767488,-1.2142763277396678,0.2723817227770232,15.04772119534863,0.48333186712643117,0.13469480252792915
2023-08-09,2.2045112873508135,1.4121501270286427,1.1953497705185077,0.705950422590741,-1.3112844494407085,-1.3281256308231482,0.5677163471979779,0.9575325007402095,15.302690662867128,1.3987635043233568,-1.2407320073822514
2023-08-10,0.9586882230528981,0.8569404875385427,0.9451566441863625,0.3839657038104301,-0.372510464639608,-0.3704306780911461,-0.9893336152649099,-0.49587893899151597,14.946525820445396,0.5228792902458277,-0.631991897127247
2023-08-11,0.20053206902060958,0.17998525425138426,0.08399398374566172,0.5125254813691617,0.09643215265871556,0.10335739472210231,-0.6770634534709066,-1.0748332448165951,14.721832162808614,0.2739940983345756,-0.01852828302411245
2023-08-14,0.4974384067779106,-0.005247239162269683,0.934742490766933,0.41710509757271474,-0.11281774006714229,-0.1077353623031624,-0.5814745210435972,-1.3003091357240972,14.50399739597776,-1.3596310554345241,-0.8938697467419925
2023-08-15,0.0991255306120384,-0.3438865455059569,-0.04339068639741353,-0.5056800059326377,-0.8199152355729511,-0.8261484220700291,0.893002489030563,-0.5600754501719947,14.867625402171331,-0.620491053630825,-0.312496692382742
2023-08-16,-0.6155380945213518,-0.34318691944703544,-0.2639856298872204,-0.7087990332529687,-0.1404644117848692,-0.13546059570539487,-0.6482677025646527,-0.9528865141211151,14.60219407326795,-0.23218421850590218,0.2981013618528217
2023-08-17,-1.034959657965464,-1.1154470919371267,-0.9442172447714294,-0.9026906994860354,-0.17660096920899157,-0.1723712542976382,0.5850940202655432,-0.31227011330349036,14.862022560047537,-0.6335108734963065,0.2215116386370259
2023-08-18,-1.5742794647426146,-1.6022871757061619,-1.4277228908292579,-1.2354956648344293,-0.18905098457587488,-0.18515855937373704,-0.13675016570491358,-0.261749850725603,14.870031973478584,-1.0801017398655408,-0.4920389522900963
2023-08-21,-0.7636026072900564,-1.325988099023753,-1.576885347585902,-1.1406614352685327,0.26081319494864746,0.26252625311887273,-0.27527908651261845,-0.12268551660713034,14.74767503269543,-0.2127940833991908,-1.3109162077003478
2023-08-22,-0.8690136256079122,-1.2578418053231029,-1.351638356303798,-1.498695958881231,-0.11502516536330316,-0.11216779789157104,-0.2371314769863894,-0.1440235751404767,14.675569928505427,-0.5456199453939743,-0.06877750103345104
2023-08-23,-1.243083864278171,-0.9123080448751384,-0.48007461991717837,-0.09355154476315218,2.0809875952313326,2.073690078795683,-0.04227457110931804,0.42655371826448296,14.621763631157634,-1.0807660324775368,-0.03516038978064109
2023-08-24,-0.05323130515729516,0.34105101996277887,0.7384765240045776,0.023444450558680566,0.1542003261604452,0.15671805068253516,0.5613831100029217,1.5025577209700773,14.740206268834417,-0.7165424693046,1.9352755523325542
2023-08-25,0.30688065114840485,0.5241244976630522,0.19939398905701006,0.8900938607536248,0.939510738624213,0.9401132548349889,-0.7182655317225602,0.16997507385755634,14.574820408767296,0.6345078820523186,-0.43571719835916567
2023-08-28,1.7526555237258896,1.1074955231043828,1.2934493477045355,1.133341362861431,-0.04673486464655323,-0.04426053919437262,-0.8994343237040506,-1.590479679460625,14.362475807049675,-0.13848126014877907,-1.1913609901391584
2023-08-29,0.5057325098559402,1.122671420018638,0.9599841670772897,1.9289036101723118,1.364799542001226,1.3653874877116743,1.6848169430866176,0.9631250603820192,14.64213956742048,0.683315148071776,-0.9422088168196582
2023-08-30,1.7626231151721112,2.132075072506496,2.1575051393574785,2.024620094056089,1.1081623364649797,1.1085839339932066,1.4025065471010347,2.3410067072961094,14.933370090973828,0.20907888942194994,0.668566801867956
2023-08-31,2.045034248544632,1.5452281235166485,1.7109942351420988,1.3589575796304452,-0.8404157313122883,-0.8408859027318848,-0.45189174110542213,1.3401568342679302,14.860124493361024,-0.8605258319688958,0.05698944800788085
2023-09-01,1.541532525361791,1.4156852164741067,1.5756572690131927,1.5244937519079287,0.6754466840325472,0.6767372733587043,-0.41184129494037947,0.7353198515368788,14.785494083124558,-1.3606030009955588,0.7596221793433962
2023-09-05,1.5416359303085982,1.681664873116623,1.1713852139036536,0.8359849255424726,-1.384734793189577,-1.3875626644849217,0.5195502693895405,1.1775433006731495,14.906359791945695,2.2736766097978554,-0.24019161302559858
2023-09-06,0.48937326723393354,0.6528794450258542,0.825554417261027,1.0282967862652286,0.03773501163368885,0.04002725919763071,-0.7055981069576075,0.24759907261104985,14.792256862072671,-0.3394298112090106,1.3202721519767997
2023-09-07,0.5823856138904004,0.6477693341205387,1.1051983144881117,0.89002265742857,-0.38983059598156716,-0.3879970771841916,0.876438200225396,1.129750728570938,14.998403025070248,-1.2541116472354465,0.2685370321557935
2023-09-08,0.8725445162441247,0.945016794742618,1.1339332051492512,1.171967051585058,0.27973621580524366,0.28131984855086345,-0.5475845409061115,0.3891996714668099,14.92046966291573,-0.7059454431254687,0.31174784030920943
2023-09-11,1.3711001763476687,1.3144845409051564,1.643090594617635,1.6598053061139466,0.8348916667334074,0.8345409235398039,-0.41345420817335016,-0.1262657626029894,14.887642311660931,-1.2217274790645836,-0.18986993164610005
2023-09-12,1.300305326049402,1.9798093878195104,1.5787481779128731,2.028425820423632,0.6146710033374851,0.6147115577177298,-0.42008267724983056,-1.061059576048813,14.879669763580885,0.8752880872942418,1.656332134714895
2023-09-13,2.0535746691157404,1.7354605589377765,1.5947836472336794,1.618167457381046,-0.5793993617947547,-0.5774793532047187,0.5260979113672084,-0.33695631100383444,14.997667415626058,0.7872104622136276,-0.9524497222612021
2023-09-14,1.7545253470478603,1.2286539536031018,1.7706043043488233,1.6252137476217885,0.5537466849740335,0.5542168928298925,0.8648001333722491,1.1559248129633262,15.11572974008804,-1.1044605400388312,-1.2369367409139576
2023-09-15,1.0464486519664578,1.0048401885298945,1.2396284189704392,0.9373925033281539,-1.5021585623348872,-1.502968207659156,2.8072912129162177,2.8223931272353773,16.266084614915837,-0.5636000281222195,0.8262968548236346
2023-09-18,1.034596977242341,1.1025372275774228,1.0719143625654823,1.348049292710054,1.0803094709056857,1.0782510656611946,-1.2246131132678555,-0.7984622360431697,14.95683138051768,-0.04072790252070544,0.5084301300633579
2023-09-19,1.3053510156516823,1.3393412824890942,1.0491172989835469,1.1465450094500949,-0.7164209361293181,-0.7149840103730182,-0.42543863803548954,-0.8761934568389443,14.772444452369196,1.2423627059508255,-0.3202221697917069
2023-09-20,1.051349370547344,0.6517035686444008,0.3754349814733004,-0.10179242906108792,-2.097750928635129,-2.102382825467269,-0.3696090159144965,-0.8853975325361026,14.63458573596127,0.8968107727549356,-0.7052363497137792
2023-09-21,-0.4780242542978058,-0.9393919956799238,-1.3146190333592616,-1.5138509345442148,-1.5652798923860936,-1.567276509607819,0.30950092854813244,-0.46257909333089453,14.97195172084872,0.5115516766602058,0.7392279541110156
2023-09-22,-1.7860996540427267,-2.0932098528998377,-2.186563289860268,-2.094751250644281,-1.1283741677443722,-1.128873175160595,0.06581164636910704,-0.17797199391007082,15.194125759667507,-0.027446290635176323,-1.5015797301337628
2023-09-25,-2.097095802924451,-1.9287615034470116,-2.02027467653507,-1.3400852323280896,0.7995360966614006,0.7998112116873751,-0.6786536946574183,-0.6185580909234868,14.75403272988537,0.689543985309627,-0.3616801659333622
2023-09-26,-1.5067189860842418,-1.6272399216503033,-1.4263227299977872,-1.4917095740585407,-0.6402251740150534,-0.6388944802340187,0.014424868984869072,-0.39993046374229924,14.935199498615656,-0.8790269983499384,1.2500488036159503
2023-09-27,-1.1711820025266406,-1.3220137116444923,-1.6427777501124692,-1.4380103104497801,-0.28815524360368694,-0.2858660210324046,-0.047550505258479314,-0.2080227767319071,15.078337287937305,1.9123380435434563,-1.1686434733740598
2023-09-28,-1.2765222017915399,-1.2216547130043418,-0.9780635741697393,-1.2683557976742754,0.2407383834851971,0.24355253175390587,-0.4908503509418833,-0.39724658684564845,14.820435050052387,-1.0195566629054666,-1.505979509206305
2023-09-29,-1.1052100727347143,-1.2639366903469629,-1.7848396857501103,-1.8185239387326044,-1.8527933737372708,-1.8615692470186187,1.8151333010031028,2.544521080372998,15.411437811090916,2.390268447494062,-1.9512950028532765
2023-10-02,-1.770243332228044,-1.8450300617156596,-1.7024667158815334,-1.6775843437848827,-0.023881711728567085,-0.020979085674979223,-0.9568479831153642,0.7571646148843386,15.076128594474975,-0.0031637880125278232,-0.5381414628257293
2023-10-03,-1.661859300022222,-1.6844972106156664,-1.6841388262423025,-1.85387302533533,-1.0635145008907498,-1.064438547127788,-0.4903414429334696,0.1945323397052252,14.963452865054283,0.7583907352441671,0.2772397605871313
2023-10-04,-1.8224646395861137,-1.7910646444146059,-1.6158817521962712,-1.4301418336799727,1.1913423793676812,1.1887310151715138,-0.16018350828853134,0.06476510077825398,14.992502942162789,-0.10781724175323423,-0.3992370372036626
2023-10-05,-1.4023465747572668,-1.2625495276032186,-1.049049380363093,-1.029377210317016,1.1912742592205727,1.1874970083654268,-0.31390444467138245,-0.20551709086386566,14.92318202144803,-0.6005703483833985,1.2409865962307474
2023-10-06,-1.1090661696422204,-0.7134328998893543,-0.923958741035848,-0.6937180893807251,0.9492622827609003,0.9467867751016973,0.08822173648830595,0.07834654458667276,14.970724012646006,0.9695969068204786,-0.6238389199864429
2023-10-09,-0.8922147266475875,-0.929414257923564,-0.6361401397088213,-0.6707185421681735,0.2662229682522462,0.26868049226040375,-0.5547896628422335,-0.5593251019235501,14.831755578148533,-0.9036783479952365,-0.6009099201012938
2023-10-10,-0.3686697861868867,-0.24699798816820845,-0.0726391191725837,0.0046324734114051806,1.4027965039215429,1.394973189417446,0.029428808444745578,-0.4610422337967968,14.86584290227868,-0.5490264713475967,1.3857867175415997
2023-10-11,0.19184736365989505,-0.05925798895398845,-0.011408528584626315,0.20486838654879708,0.2603437421480503,0.2631627241805693,-0.28115807191845205,-0.6364110518226401,14.778990554203697,-0.12714394461192657,0.05338980771503279
2023-10-12,0.19350661377920614,-0.04195282029033271,-0.23344694606397495,-0.344465094343558,-0.5420124556433616,-0.5382213787768277,-0.018002784979627092,-0.6462036936926661,14.800394454786698,0.26147486594551483,0.42245427962922794
2023-10-13,-0.1060109040346575,0.2723879431735344,0.3972560981165767,-0.4432833014800661,-0.025406145607084808,-0.02231226978859645,0.8975794776223703,0.28320377094372035,14.846843149680703,-0.1829693420299332,1.1123687013225247
2023-10-16,0.855854767791085,1.0443345408334983,1.380459679716826,0.26809093876159434,0.568926186359312,0.5694037260854058,1.5011756001036973,1.92157460818559,14.95263850359965,-0.5364503152790321,-0.902838965953608
2023-10-17,0.09489938529637977,0.2518617681184176,0.4018226559034766,-0.3978956969320566,-0.6633869945824665,-0.6621798632073544,-0.4836072666626791,1.257058561168246,14.913656404531846,-0.25846737442068674,0.0656141678854538
2023-10-18,-0.7293481942132684,-1.7751963599600138,-1.9294375308336624,-2.2749804916345098,-1.9242421394661353,-1.93053258032492,-0.014401164391157139,1.1169473333521842,14.906460566194331,0.32100185835125444,0.46093620866065205
2023-10-19,-2.1018277598894626,-2.082075092112107,-1.9225486928096882,-2.078660360617371,-0.738905348406684,-0.7376191840690072,-0.9665211936859581,0.24573228079130197,14.823943183192334,-0.3242712545481102,0.9051887583135244
2023-10-20,-1.986427621052213,-2.0231972919001757,-2.1761540139423565,-1.9491638868382302,-0.8268826295241375,-0.8270265863295663,2.2054040613769033,1.9646962999966135,15.058540889052393,1.5914357363925788,1.1563093187077478
2023-10-23,-2.017564319486672,-1.7191324863175053,-1.7199797572326825,-1.3410852454402482,0.8224248928362056,0.8234593545028873,-1.628840289687773,-0.057045385592175944,14.843056756082648,1.147924817840326,1.0609866576626044
2023-10-24,-0.9799009899881228,-1.1919748214461994,-0.6325113199089605,-0.7879282310169389,1.3765400232139566,1.372727304627231,-1.0895083246877337,-1.170079637791263,14.67234890568288,-2.3224363044243916,-0.4087192801686726
2023-10-25,-0.7357175730483917,-1.017392001274953,-0.7388017312023508,-0.9861619344908993,-0.29852365488311,-0.2961256800819744,0.7717877255892108,-0.5082010301486884,14.779905885726288,-1.1241845837966473,1.7587763709964477
2023-10-26,-0.8598909654189758,-1.0695872457721445,-0.811418321335176,-0.9575580539899183,0.10049015144899003,0.10296235803854345,0.11125041552153636,-0.4456533356753836,14.803340623004678,-1.0633444140351187,1.419690170702594
2023-10-27,-0.8703646530711664,-1.2576374528275227,-1.5041731135110892,-1.5852963436970522,-1.4209714336028587,-1.4243472636876227,1.7658788190362262,1.7444491996093627,15.0987198681473,1.2061047644128329,-1.5253614007761174
2023-10-30,-1.3500724744740844,-0.6514113752638272,-1.0286405480037581,-0.12222915550866612,2.1455546650705055,2.1365326500768504,-1.3796130228899308,-0.6835303088746431,14.784280261033341,1.3045852819635824,0.5249398362544575
2023-10-31,0.04230335340835052,0.5976308577119684,0.6304124257928585,1.4201627017928127,1.247043420082738,1.2466421881870002,0.7134996371579398,0.449698625332738,14.93617816347531,-0.3082503937090866,0.3982983288594326
2023-11-01,1.47190795686192,2.048677578930333,1.5909264632482865,1.8577770921047956,0.6481671725317741,0.6510873341997484,-0.5002532120355957,-0.20802506021616862,14.841444979595817,0.20922627372387104,-1.0591495923363035
2023-11-02,2.2212409666101234,2.234884784030053,2.000787238436619,2.1206328103841807,1.2048083935577865,1.201276008403264,0.8843730929245489,1.0816584834143392,15.04914924617695,0.22815490316378123,-0.9297299587924389
2023-11-03,2.034524786654436,2.11270723974648,2.0501445807481637,1.8445141649169146,0.34985237892241067,0.35272809645031306,1.1132172675216594,2.1650989992189786,15.299181371766515,0.04576218020172854,-0.47915659702100727
2023-11-06,1.8927656532870334,1.5402316017157314,0.8735748028242314,0.8320675598172952,-1.5648182196292668,-1.5703392019115179,0.7581623480414682,2.04230096411624,15.517746588525238,2.2988589538527138,-1.9438524085244226
2023-11-07,0.6826758051300102,0.38389133249851853,0.7750595587534946,0.6323609983146166,-0.3171118332415453,-0.3122312952908055,-1.9572161957086702,-0.8312045807526893,14.934873064038896,-1.0531244959145447,-0.40586128401785204
2023-11-08,0.5660689849955787,0.42504051853609315,0.694870623298386,0.5194934460372985,-0.2203499945891919,-0.21524757699847297,-0.6981184116954672,-1.2209815293343709,14.771945038401887,-0.7615045547622054,0.15844210234998363
2023-11-09,0.5426888449400354,0.5993655380377404,0.8566416941281099,0.6604994409490157,0.16977505192158504,0.17402132869046244,0.46397413603064896,-0.7457052022901778,14.931340763892656,-0.8313055485804469,1.8260105204414403
2023-11-10,0.6770924158744474,0.639271875654785,0.9987709567105646,1.0241360989446646,0.13631250610644402,0.1397987027114257,0.696250558559462,-0.020657841877081324,15.124140900917572,-0.9340298685132925,-0.8918111671065929
2023-11-13,0.6529982782647764,0.3834574584986918,1.0045109451778285,0.8195961340381852,-0.623374545006327,-0.6190719836693218,-1.556834555287471,-1.3498676933609473,14.602239607477584,-1.0349103717111674,0.16663095784963824
2023-11-14,1.1055284051007501,1.5722019091075028,1.5003164051754703,1.795761068424938,0.981860600163847,0.9782964782151531,1.5108351818119798,-0.1998969911869652,15.035603039373003,0.1646680411179614,-0.48818456170777685
2023-11-15,1.6465843670477394,1.5970188969466952,1.931239580551331,1.9349946332933319,0.40004929090668123,0.401835860941607,-0.06214655304343855,-0.11686871643129523,15.088888428813114,-0.5503823690663483,0.9815527213732025
2023-11-16,1.8206116751792931,1.707066491882692,1.8739596692610558,1.8824781927447045,0.7132342789830548,0.711610751414498,-0.7471130403685909,-0.6516597122794126,14.853133929301729,-0.4858229671171921,1.005937542464336
2023-11-17,1.7767642590911104,1.4632402350656868,1.5688771290616599,1.3502398443670556,-0.5988440146098319,-0.5948799745433901,0.44027024190802794,0.019858219982969768,14.997238060091309,-0.5085642527623464,-0.2717012107571427
2023-11-20,1.2863662244556824,1.4663004642027098,1.2793798499140665,1.4094934389428166,0.49715787595686906,0.4987219501025311,-0.017305167556918213,0.9187615611161916,14.983431534910629,1.4490591012732235,-0.11160925009705214
2023-11-21,1.231607074570718,1.2663740292745178,1.3485801825022352,1.1159305147072092,-1.0243291355842006,-1.024556643116216,-0.44856671901915696,0.2122331053782363,14.886683473480094,-0.4295474446792942,0.07637376416373726
2023-11-22,1.203933645282521,0.9812764790693631,1.1137037710845419,1.070436441996459,-0.44714823510106444,-0.44530461534166216,-1.0508932296980857,-1.4709806668383245,14.562293761578747,-0.7073951270298501,-0.3421883721157965
2023-11-24,1.1457044551521771,0.9438579741569363,1.1407682545976112,1.066191462981776,-0.3399557121450026,-0.3380788422281664,-1.1751990521586804,-2.017138423082038,14.06393269649365,-1.001903095999438,0.49996492538490606
2023-11-27,1.0007932275690237,0.6851555396298716,0.6455347475790018,0.6332881030814235,-1.2576481123588634,-1.260415660313114,2.1922036373579834,0.4480086500978334,14.763416616759441,0.11407745908208468,-0.41278851066308736
2023-11-28,0.6329689894855594,0.4467130710891706,0.4153832509015226,0.09635973505438772,-1.1490123649529742,-1.150929261425508,0.12520875171940918,0.8146148307427028,14.898501804310714,-0.15477378637450992,-0.9332064022887546
2023-11-29,0.292923799263043,-0.013214854991869826,-0.18895008843603914,-0.8896873923233908,-1.0339402354190055,-1.035167700848302,0.04922519267655713,1.0780616167610415,14.960083933368345,0.5148890215191351,-0.7246434567610468
2023-11-30,-0.8241709659339542,-1.232581878984235,-0.5162271372069457,-0.4452855884157482,0.6093651380007427,0.6111112301161772,0.932293788072603,2.1160549787563996,15.343044247847283,-1.1099689673813735,0.11560474378985466
2023-12-01,-0.8317510721853241,-1.4696598741055975,-2.1836566173748424,-1.9086268612402852,-1.660063134209615,-1.6645654882849523,-0.22047957089953796,1.4481393557243536,15.364285310339351,1.982585687035855,-2.5349414958714416
2023-12-04,-2.299059819550316,-2.2606890237196002,-2.0276541268994217,-1.6914534359593614,-0.11887337328756471,-0.11692629250582101,-0.9716318157022718,-0.11633478566131125,14.931766609308692,0.8914030559056728,1.2377711624697556
2023-12-05,-1.8711598207743614,-1.957968783907584,-1.846885761617955,-1.7623420456681211,-0.7611723703998364,-0.760539361365964,-0.1361184569775848,-0.0835671901354982,14.93431788058713,1.1886264720787796,-0.3642897177719222
2023-12-06,-1.2165986061706635,-1.2592958643304732,-1.5051663915086417,-1.8953585773292512,-1.2344537197972512,-1.2361523496823228,-0.18061785325156288,-0.13029009567502434,14.927072305963323,1.7311816792535364,-0.1859294331933085
2023-12-07,-1.8436274551759697,-2.0146482306884916,-1.4097449990255613,-1.4076841848100692,0.871858676651929,0.8724247692533857,-0.3907537407459693,-0.4812814981425207,14.855787622976248,-0.954173922574934,-0.7726313399479526
2023-12-08,-1.2605911010627162,-1.43195754994685,-1.1421867809676278,-1.0953752858326904,0.9915597028186297,0.9916731865687535,0.047748423574137014,-0.5138813942263726,15.00609442921493,-0.6763444202709035,0.13720575325465134
2023-12-11,-0.5727510160825963,-0.1765718726058794,-0.10037379766051385,0.27285310165134585,2.15704222544496,2.151272296547228,-0.44800174984035973,-0.7807225570717409,14.94961900402609,-0.19262738352190253,1.724479957799684
2023-12-12,0.4543455494713002,0.88102258159143,0.8709272825841943,1.3007810745028354,1.2921469584925596,1.291300966362871,-0.0007375383341734608,-0.6490815192634867,14.975155542038209,0.03443459934257305,0.914061382360482
2023-12-13,1.3042533904003024,1.4157354732798677,1.5782566389419486,1.6196117539501556,0.7159754502136145,0.7173028711448335,-0.1742798299486355,-0.6169975943843289,14.957406129695407,-0.431205529875859,-0.8699930286830154
2023-12-14,1.953385400985995,1.6480104460030902,0.8198518394195412,0.534848843091587,-1.3999976610506997,-1.4047639078969705,2.53005520207338,1.9723179741219723,15.522492698312384,2.1804705532979223,-1.333625853749088
2023-12-15,0.2639841769140158,-0.01955106764078235,0.05843526522798227,0.04465617604888178,-0.6246115634768461,-0.6231538051365811,1.4069709020725916,2.5151799222059763,15.964734775819876,-0.1416709610696584,-0.25607069962248663
2023-12-18,0.16110745446282598,0.7705054163625253,0.9279660549089426,0.8940766678671562,1.0559992748215496,1.0548399440506944,-1.6296596393757818,-0.08257133209169955,15.325437700455538,0.04935645598905549,1.1283569667463544
2023-12-19,0.781246461239019,0.9565606797337343,1.308632586046728,1.222670980756368,0.5456362628145404,0.5469759547966919,-1.0209224628196418,-0.8452891168594528,14.941932871462742,-0.3312108486539475,0.39649250914254536
2023-12-20,0.9607421291369136,0.5969485273806939,-0.08553905801281539,-0.6891770405202158,-1.996742605284026,-2.0036119450220986,0.5060668559627448,-0.4036692719348174,15.183310191114657,1.4543610196770396,-0.12110078304105819
2023-12-21,-0.6944851551511099,-0.8338043246111276,-0.8014704578602447,-0.6343303321755597,0.12927153142826164,0.13289039238458583,-0.8723809978308864,-0.9160017354324514,14.863250866988084,-0.370410023354116,-0.8682687043226459
2023-12-22,-0.766648404550737,-0.8443628980615531,-0.34869974391281067,-0.7637158254562515,-0.007377822517390169,-0.0031265508975704963,-0.5385628606335567,-1.0079804073131302,14.66232301484797,-0.8488846851309585,0.23365846273427962
2023-12-26,-0.7503527942288121,-1.0753046263824608,-0.10503918690961517,-0.6015278110446048,0.12008959357464169,0.12345359640145102,-0.44618155347687705,-1.015626939701156,14.490697922208389,-1.3340964925556917,0.014677723769527149
2023-12-27,-0.9931447721728677,-1.1259861059112035,-0.3535197493714981,-0.43453446360758125,0.14233789011929252,0.1454032422067266,0.5417568841202351,-0.6640031319977855,14.723164499912524,-1.169208575534248,0.5332997730134996
2023-12-28,-0.32813341474950236,-0.38526264805824617,0.5293461671172704,0.016773181452236573,0.3723088721150591,0.3739817389789052,0.12523620366849428,-0.4772673498989729,14.823687797377774,-0.8846581558716212,0.8358375534408816
2023-12-29,-0.08444108981080081,-0.5829066663743042,-0.32215671621649544,-0.3823279950981837,-0.2998522666684114,-0.2955232859368951,0.5958604520806641,0.006998043932678554,15.000117345665718,-0.4462713929073774,0.5087346814073965
2024-01-02,-0.6840316719267512,1.3814510207241013,-0.028554276930038678,1.8201753606125792,1.6713164973888117,1.6581949352812606,1.5012866676629515,2.20108399364169,15.370914793009941,1.7101516454251502,2.596913903756593
2024-01-03,1.7361373771387616,2.223835831614185,2.17367105770415,2.175450869587353,1.0892700617924282,1.0849799014420498,-0.43111080027175863,1.5307561123682367,15.279182771490554,1.4025182504351534,1.7225704312223555
2024-01-04,2.3033388441157734,1.8960612378549873,2.184597791695916,1.223649229714177,-0.9437493948951469,-0.9426662965606653,-0.40215393291845863,1.0118867150575939,15.236882687079472,0.8440830441430399,-0.7013053783260396
2024-01-05,1.381663592800189,1.0371811731777307,1.7335262916571337,1.3467266036718315,0.34251906737130866,0.34581662880021097,-1.1515489253572415,0.06433472933727344,14.902455379010025,-0.7194674227873289,0.05460676892118204
2024-01-08,1.3107328042884219,1.167170886917202,1.3779421800922942,1.499750475666794,0.5268825838758263,0.5296048103587644,0.5230848756970257,0.34058298761356215,15.05263792503912,0.20466297551157528,-1.0095166291762192
2024-01-09,1.3678699917405512,0.9058364902987407,1.2179469918528147,1.0041048681080682,-0.8656464428789874,-0.8662053098494946,-0.7866524174654708,-0.22955786709363737,14.913723100077709,-0.2251643193479608,-0.4865027947008445
2024-01-10,0.8304095692410612,0.8783035927444881,1.1701601208821657,1.0041032876870073,-0.042089800777087696,-0.0388424949848463,-1.002862002122526,-0.9533925553087773,14.710823179933193,-0.3820326108698257,-0.5800670254462502
2024-01-11,0.953211576487228,0.5422597838413808,0.19828495352190548,-0.13868408086359169,-1.61243603356692,-1.6199820955383435,1.5528100180891664,-0.033649742957448596,15.090258923840583,0.8023343253808181,-1.24134155677442
2024-01-12,0.5264310042061894,0.13206306149988883,0.17715276895436344,-0.25974111058710986,-0.10664653639193593,-0.10273242126197085,-1.0677174036506483,-1.1318410016729934,14.779867763635714,-0.10328295933631283,-0.1519769645361659
2024-01-16,-0.5241858666441233,-1.5033824784077798,-0.8713436718443448,-1.5777407944970372,-0.8932978854662006,-0.8931888608131165,0.5024153348767137,-0.60846291196451,14.92950427691616,-0.5082234078408323,-0.4097686338546099
2024-01-17,-2.0881865622416256,-1.9731837935734502,-1.9273049544542997,-1.8098191964653412,-0.5426202437284666,-0.5405467803430415,-0.5388781933579708,-0.8524949492828832,14.751721949384216,0.1706725143596846,0.16637551646327886
2024-01-18,-1.6624219378282412,-1.4649125186794338,-1.4731540343235021,-0.6211041685452047,1.3725380983772186,1.3686848191671643,0.7843819284675236,0.2590382252983811,14.916719804948508,0.23184081454234642,0.5987088825290918
2024-01-19,-0.618956326101705,0.8025797351333812,-0.38875841946987333,0.806355417328976,1.5032383324789735,1.4968759327010681,1.2070576884365949,2.191381133837525,15.217604692699195,2.09339821158652,0.6115847432231233
2024-01-22,0.9828882556113141,1.0020880538335744,1.3991707916859262,1.0132863611467708,0.2864772074097472,0.2895013312709087,-0.6803765950143195,0.9406003076023385,15.08316242044526,-1.1679040326146868,0.8040293364364816
2024-01-23,0.880655439434139,1.685069936754616,1.4697431196170427,1.7954575033680389,1.2192165757739617,1.2164685531415529,-0.7593367149623652,-0.039472205564225066,14.878944963550813,0.19752589374826984,1.8619696492002376
2024-01-24,1.6872927287967638,2.0891024214578136,1.910397221853238,1.9687115097052916,1.0741133907907687,1.0713229363641905,1.6359963726918763,1.7980206325358576,15.339238282858098,0.7358600099875089,1.743408833250137
2024-01-25,2.0494506460114135,1.8857649681332926,2.060957866510637,1.8973398372030408,0.8592094521912811,0.8579838598837692,-0.6772821779381962,0.676088306090546,15.21565875993315,-1.1899168710709789,0.7646818449935614
2024-01-26,1.7070384779765255,1.81962245494726,1.7055818252293435,1.7777764690240234,0.8046148370669322,0.8035174321918365,-0.5012379363969774,0.07085974984298762,15.102371525504942,0.6633917920729472,1.6504183705220201
2024-01-29,1.6584075227613524,1.4009156284614848,1.26608059877893,1.216450660004735,-1.3436341358933428,-1.3442345196269474,-0.05567732411745086,-0.010198364582676351,15.14982744332949,1.0245999938904709,-2.0500143751248285
2024-01-30,1.1424609164708919,1.2889278553264025,1.1103487483363088,1.3095788351023356,0.4710024325769158,0.47170729690858176,-0.8108368919110035,-1.0400884294017392,14.94397319213158,1.3303548227930897,0.9297666393153525
2024-01-31,1.211871034551201,1.0995020114871812,1.2371805640228626,0.8108789839810276,-1.959313335243946,-1.9623744409147268,0.6788007393868503,-0.3025563535884562,15.165244923081529,-0.5883711126082711,0.3743945341509979
2024-02-01,0.806347302506002,0.8127236842727897,0.8589803745361564,0.9690313808816715,0.07122023407029113,0.07442039580171393,-0.9539803651091252,-1.4854218354191926,14.896332533273716,-0.186340093255041,-1.1235154714281532
2024-02-02,0.9803642687635237,1.2883531505892598,1.3524394347951514,1.3069660168972674,0.6253200364704442,0.62467220110748,1.004082066171124,-0.06616055136325202,15.152299761868113,0.2687353121897762,-0.4095972049168915
2024-02-05,1.2175653931413306,1.3109859976652585,1.5025955415600663,1.1944478994248315,-0.758039067482233,-0.7539184418933563,-0.2674124574896457,-0.25885581143556224,15.110758411895821,-0.9925766182274214,-0.1095517832609882
2024-02-06,1.2024350526303327,1.3100064864856882,1.4577778096113823,1.5423042130300337,0.2504451608356285,0.25279843305277805,-1.1349508383212412,-1.5712209873703296,14.76073892832392,-0.9743984554325409,0.1834076829723278
2024-02-07,1.8451739050371372,1.869151650707174,1.832186508240411,1.8621614365510644,0.5886905274820449,0.5887247455845361,1.490134259766331,0.0026394813933425486,15.047137730889423,-0.3075261313026491,-0.15185548454587025
2024-02-08,1.824139599713626,1.4779166959545162,1.498919453873391,1.4729917260764542,-0.631719320998773,-0.628436569980592,-0.10564067085514323,0.17336288668075397,15.02676707155934,-1.1240333805630218,-0.412347775051084
2024-02-09,1.4768095614249073,1.1541728303690153,1.3200745407246683,1.2924045226029246,-0.1633837737104881,-0.16006846563207425,-1.0234840977471444,-1.3016386096407788,14.735714025096389,-1.554046332441339,-0.5938887249308505
2024-02-12,1.3532773680284393,1.1326520982607566,1.1461109436645485,0.9867794361637219,-0.8243620587945375,-0.8222999068023098,0.5287651128689803,-0.2664424243543435,14.851502839524851,-0.8861831058770346,-0.501419350271303
2024-02-13,0.9153463495069986,0.9735976426999923,0.3244028100099733,0.32372257720590336,-1.3439070477218584,-1.3461888548653456,0.7909011325904465,1.0436288514183787,15.056345816165427,2.1628176698769104,1.1813212365026782
2024-02-14,0.4045335335909379,0.6502679727652093,0.45704674330879297,0.973461032808002,0.9718935088803349,0.9706527650223827,-0.9067856662897343,-0.44947997277376595,14.797289734655607,0.4660569712039411,-0.11268919801933305
2024-02-15,1.0690463549602285,1.7778725631908612,1.4369103751203465,1.825242166005089,1.1521170509605039,1.1494646953513352,0.5338164130472992,0.43923080822522376,14.939140934705149,0.8020618125604216,1.2909212066834617
2024-02-16,1.8905384401266139,1.8606894552808615,2.0117172237582492,1.8416734736224083,0.39230732295043347,0.3942501656688567,0.6155583433417624,1.506331216195515,15.077431747354044,-0.3288427371674237,1.869365619486978
2024-02-20,1.806279864606182,2.0382023881959683,2.004703833171338,1.6907064868799762,-0.20924250345969123,-0.20635960755462765,-0.08775478939521851,1.298272754606958,15.077006992763778,0.19414953732923906,1.1307311083669953
2024-02-21,1.7522558637025245,1.404243477564009,1.6487851800455569,1.6507955162430883,0.2119984983010223,0.21432277311774886,-1.2347964813708208,-0.7361915885223772,14.815260063800183,-1.1456662115474265,0.12332085909783556
2024-02-22,1.7435601395717975,1.8836833240560757,1.7506120295153997,1.9048463626556165,1.5236878704049728,1.5184845558860933,1.5600724138372297,1.3421450400489847,15.120486669085626,0.334222476519054,-1.6040174106974656
2024-02-23,1.9242285581826006,1.803829030940825,1.8144626051843058,1.6380238007846402,0.013606703670061334,0.016466669556366685,0.23878674675622832,1.4613649291126605,15.205697582828265,-0.4428068455668972,0.2828119077150357
2024-02-26,1.7798339278964648,1.9967655093715888,0.7052712956995948,0.44722821027661935,-2.2028931876537503,-2.2117113331760696,2.277885299567377,2.5907997726955863,15.8213460591939,2.736944566521396,-2.1856691989213086
2024-02-27,0.2466247401258962,-0.07696384971797156,-0.26410973109027175,0.284605198871809,-0.33951573795322687,-0.33381863706186427,-1.363390392568333,0.06569956169765678,15.343543385109756,0.2583859402803566,-0.4900169228072063
2024-02-28,0.03611275370458374,0.28239393684964753,0.3678532405231078,0.63300749123661,0.37761910179187874,0.3783655343424453,-0.5133911543625942,-0.4025428848128286,15.218514778504387,0.006345861226857697,0.9116562143359969
2024-02-29,0.47460805259605665,0.014278085090367602,0.31200996155336946,-0.09246586290047139,-0.9564509984911824,-0.951454665801823,0.2505829441386214,-0.09575769798148563,15.393499288514592,-0.29024072701206166,-1.3464820703426943
2024-03-01,-0.2950226172044226,-0.5754882253254455,-0.48427737398841375,-0.836888097541711,-0.6883392413785562,-0.6837088747189964,-1.044401100910788,-1.1886002935943443,15.00399432407701,-0.3492268133186017,-1.2176961472990941
2024-03-04,-1.1672037544261022,-1.2000603766687825,-1.35579378729222,-1.6118540523476241,-0.8729233298373228,-0.8705827573695908,0.5461238094608941,-0.5260151088980564,15.2456784927969,-0.429952227661868,-0.5162011615667191
2024-03-05,-1.422657816183754,-1.3174193369459564,-1.5235619919168724,-1.7271485388487406,-0.5096353360809501,-0.5061615736310792,0.1176385046681158,-0.22189695644158894,15.365559547291717,-0.4089159280747358,0.8273623955653204
2024-03-06,-1.2540369562251077,-0.7414198719373052,-0.8247577021887124,-0.914670329490277,0.917811370163333,0.9174866652721281,-0.747528024695494,-0.8783703767776113,15.16074878257148,-0.25152635529201894,0.7633469926411086
2024-03-07,-0.5407864672131392,-0.7300713120568876,-0.9947972242548275,-1.008552259378605,-0.09418144950694272,-0.09027673252522617,0.07792657098402928,-0.5934040029387813,15.246133000093707,-0.061423942088766004,-1.0487041870090497
2024-03-08,-1.097180691302218,-0.9104467981066544,-0.8666436378026154,-0.7626737374318805,0.6427623008882536,0.6440789925603099,-0.6040934371762025,-0.8799766566481592,15.04239908006445,-0.7501306959131412,1.2844729133248904
2024-03-11,-0.7024106358030773,-0.7474757638332821,-0.0023925654701711396,-0.22996600686566493,0.8068066699621708,0.8083065314181453,-0.8937171822210538,-1.7540619245756641,14.704101570431005,-1.7018413453074865,0.7750649903480984
2024-03-12,0.2577271296344853,-0.13892541276533912,0.3321204323636778,-0.06453369976422252,0.23739925090517938,0.24022150068349923,0.5230242132820999,-1.0967177681160374,14.77742492202351,-1.086517756894104,-0.8104718257729425
2024-03-13,-0.05148746481057722,0.5621218707519512,0.5131748763368553,1.2356340131858035,1.3953723998985883,1.3931028232397453,1.4624348645350342,0.4707611863943018,15.092157728750749,0.2037572910359441,1.303017562721406
2024-03-14,1.399084286063137,0.9893278490023266,0.550067001334874,0.9590839596088984,-0.46425205360207605,-0.46244474454903933,0.17860979007825675,1.0806625977738933,15.133178319797075,0.8204059746769844,0.12746440608072004
2024-03-15,-0.12274105645327875,0.9124603320412117,0.3543062160029207,1.434736405525462,0.5416121741467688,0.5431262267263488,2.373778364084782,2.5665989653454924,15.83689930066687,0.8708328425743592,1.0646888526280711
2024-03-18,1.3744955654642705,1.4652793582128294,1.6219521966831714,1.231372288613869,-0.1159039253326195,-0.1137293422031636,-1.3289617823214803,-0.0843741163690643,15.14409661879025,-0.09860679546490583,-0.7639435333656333
2024-03-19,1.2116214468596846,1.6644016595996765,1.889535465334683,1.900680991649638,1.234831163394723,1.2331123752696962,-0.6467987329649518,-0.5799993513956284,14.843629206698477,-0.41349821940367154,0.21208496272201965
2024-03-20,1.678349457873081,2.0368115976877315,2.0357356250928236,2.096631561829148,1.571637667578749,1.5681489963408053,0.01742621561602686,-0.4028736886184267,14.891502593554252,0.08288212258844918,0.12157390403357535
2024-03-21,1.9950265650424548,1.7377186371227364,1.859893570552936,1.2506778415219442,-1.6421505647815005,-1.6463595300526073,0.261413797611596,0.003959941947963508,15.039756761109027,-0.057686289273295416,-1.33039184496872
2024-03-22,0.9979199033849236,0.814162832403822,1.133407300045818,0.5752662332165712,-1.2852856696087547,-1.2874354663066825,-0.4117719069352583,-0.30332341532410567,14.9139898377871,-1.1170932457688816,-0.5286397666983782
2024-03-25,0.29766071011254436,-0.15243817057282938,0.4005351479620593,-0.010359582581698472,-0.895518399905468,-0.8959771613754073,-0.35057139369508006,-0.5460943985976289,14.84662920787705,-1.70758923079223,-0.05064471690264283
2024-03-26,0.03278599117480756,0.15864086975582556,0.2120818200650961,0.32856414989145083,0.39595340773814425,0.3983238173648725,-0.06855534500964744,-0.5034287927566292,14.892252422918004,-0.25684063281892877,0.9053642053551328
2024-03-27,0.8677616963225181,1.2698149089127329,1.2032181464262277,1.6133742809346059,1.5944548448959974,1.5904264020991759,-0.10253751593890338,-0.4168665898731208,14.889147202325647,-0.41055394491782254,0.6702442680270383
2024-03-28,1.5597933699725106,1.8245460924051915,1.4799752499304697,1.9256520430951647,0.7740863542955322,0.774850584076777,0.9845723822927113,0.6591048318405552,15.291965727238205,1.1231672841781548,1.0036182024137907
2024-04-01,1.9550855860762224,1.5203941578092928,1.7009666050633319,1.458117170160034,-0.5359337756735525,-0.5339468574265112,-1.1368280157905277,-0.09569957752578863,14.814707954009068,-0.23872312690439026,0.14445772690383485
2024-04-02,1.2438707343970297,1.1207753938532152,1.460437505110543,0.9649055804259159,-0.7863553506569808,-0.7857928548721661,0.6548256624896158,1.02768849551452,14.970787008720427,-0.9864801156712336,0.5480596810305314
2024-04-03,0.8851854245308445,1.1032711353984197,1.286890282465255,1.0567454062802235,0.15856784032668902,0.16174556998478556,-0.6857176462696161,-0.06669360527751872,14.823760771408901,-0.4323569858267376,0.12978851396730315
2024-04-04,1.5621692280717878,1.3712672260753063,0.13412037173246394,-0.14366764166921814,-1.5606039675027557,-1.5681424614946495,1.2804206113813774,1.6655258122110095,15.15066977008571,2.580837783730384,-0.13764689590309448
2024-04-05,-0.0034477433020960522,0.1691945396826835,0.31787310686292936,0.5528088811454498,0.89737070467473,0.8974927464454335,-1.0560051781391282,-0.313549550173423,14.822848213046786,-0.18361500097074634,-1.2927349853697545
2024-04-08,0.2700707510487683,-0.08519030502247339,0.27135751475420755,-0.23055521555597597,-0.9706710105522373,-0.9705966883433145,-0.38788701949865,-0.7178300039349563,14.726065270287574,-0.599073528711207,-1.784543274435559
2024-04-09,-0.2872329833105397,-0.6731708105633779,-0.9469138955436576,-0.8901266440498262,-0.5629594775489537,-0.560560743714737,-0.4066618456724532,-1.1015639592170772,14.618901760430859,0.3219624988505994,-1.2579255680329753
2024-04-10,-1.560847404240272,-1.9499610411749806,-2.2323023323036617,-2.262606135754184,-1.471048006852512,-1.4768102267826873,1.1655996431071574,0.5409050423757606,14.953760460050159,0.642137492346959,-0.9461836215858104
2024-04-11,-2.073564577443234,-1.9310452324603677,-2.078523198522017,-1.8456525025872712,-0.19451878917740392,-0.19135940325260245,-0.3705196967117068,-0.015052830959106847,14.8767328034465,0.9684388170912934,-1.795620616317067
2024-04-12,-1.9034944482986627,-1.9207762467973901,-1.8106291413933977,-1.9045916545407784,-0.9708012678987916,-0.97175725583482,0.7154191451340958,1.4969820955601025,15.058887039473783,0.3601369112962622,1.1328611256242325
2024-04-15,-1.2487410125493892,-1.2530695445523852,-1.5592043693420923,-1.7484823800071287,-0.39171818605790404,-0.3899077135229996,-0.7081206712311092,0.28500359844333056,14.914889552638202,1.475936321329076,1.1336366522751076
2024-04-16,-1.637157437581004,-1.8117250647195904,-1.5601162881657866,-1.6505880606061507,-0.44453525324173526,-0.44326438605739843,0.4815563219389182,1.0495724323791804,15.049673324531671,-0.3956850771797092,-0.7739646169868458
2024-04-17,-1.4713319394458955,-1.5816586550606038,-1.3543235828525033,-1.2648703931359977,1.1468993433916623,1.1483683310984885,-1.1915054181942297,-0.9005731460845379,14.717946149128698,-0.9174431360285346,1.6449821908094466
2024-04-18,-1.188266634812682,-0.9589989407613788,-0.7464220683471963,-0.8165750368578049,1.3128089260682636,1.3116571266419073,0.44524661578920877,-0.110179490996834,14.797402121524293,-0.6790310566000547,1.3286215942241164
2024-04-19,-0.8253147057887752,-0.4595485144857621,-0.4579652015654594,0.004010479522105454,2.0237743986435217,2.016850429558432,1.7459423028652807,1.850594641911899,15.200829693706442,0.024834565725355646,2.102349095818448
2024-04-22,0.19256294020857645,0.609090903878269,0.7684906689606859,0.7738705244354391,1.2301031754240546,1.2291560121489717,-1.1416822505728614,-0.1800216835378079,14.907635515999692,-0.34312816054221107,-0.1722872313774292
2024-04-23,1.0870191269584568,0.7299374569900123,0.9790065107467061,1.0461043658439209,0.14881077488188782,0.15282526067696398,-0.9691855832272355,-1.5334096877470451,14.643014228162563,-0.34807071729537664,-1.3057783053341283
2024-04-24,0.6412772860349892,0.2342617462287025,0.7171066490596462,0.5639167791067928,-0.7581736253968696,-0.7580599486446846,0.37220785514471133,-0.861542371727275,14.734557886931105,-0.9656387105367641,-0.7672747877466675
2024-04-25,0.1800335924933719,0.00530549148898135,-0.15149899088969718,0.4107455750878189,-0.24132704590856777,-0.2383097265187622,0.19158538579550158,-0.4862118920946138,14.797664308441844,0.350274861952988,-0.026693602514559725
2024-04-26,-0.03706164469172454,-0.28344425112457133,0.14953905400599157,-0.21841027201969151,-0.8861793644660955,-0.8873474197663496,0.5021217639010049,0.3561182064470573,14.921793683722827,-0.9724285469971774,-1.5346605864846397
2024-04-29,-0.2649265994310438,-0.1534443414007897,-0.2338000357569359,-0.5057491093041253,-0.4224322549870909,-0.4205453803022836,-0.8935121425104398,-0.7353465677011937,14.675696861536998,0.30143508499479965,-0.45231982831125167
2024-04-30,-0.8166086535164205,-1.2309881211561204,-1.276149168161269,-1.4868019146574927,-1.40392979464931,-1.4097329324144177,1.0719737774598728,0.8088200578397593,14.937351298431395,-0.26205640496240706,0.4363577967437237
2024-05-01,-1.65959969616265,-0.9764647748873042,-1.3422374946263096,-1.10215387244557,0.5806382997454831,0.5833005498803062,-0.7386175990101829,-0.24999832741782213,14.77294361704669,1.4436839222461986,0.6913167968844478
2024-05-02,-0.6285364215021283,-1.1068166883750337,-0.8383495509559192,-0.6430758889730642,0.6402727124875895,0.6427260190619095,-0.0002584569034868157,-0.11426293279948446,14.798413035360348,-1.0855465778629336,-0.2864653370279235
2024-05-03,0.17303285645657146,-0.2604888076257661,-0.4301635097891026,-0.474194548711185,0.2761832995922461,0.2787922916293855,1.9892889136703877,2.439760178311303,15.231145493632283,0.6626941321217017,-0.9355368806150289
2024-05-06,0.11203920658948434,0.11016183863811281,-0.2607912318130542,0.6804973325485882,1.7397822658489361,1.7340420015217843,-0.41568273131854505,1.4395559582238937,15.181321815316377,1.1303540312646017,0.5037478142081702
2024-05-07,1.1756928369275372,1.189515041160807,1.435059945994953,1.23165769867005,0.5620415841015496,0.5640091880286829,-1.1225727090073543,-0.0699967216712873,14.941803186638829,-0.9747257103846635,0.589520157056688
2024-05-08,1.0777270623946527,1.22242338475396,1.5059078970959348,1.2676324468651963,0.0733215003853621,0.07599985843606649,-0.9686964039912439,-1.110325006662918,14.690187732114667,-1.0827672534690234,0.35517670222117764
2024-05-09,0.9262230553760121,1.5725749882699285,1.6204050431759582,1.6257138080055793,0.8056334359838891,0.8051886096733238,-0.11967337524961516,-1.0351158082131469,14.672730884601439,-0.9535549384252843,0.41942812726552886
2024-05-10,1.5634394646731118,1.924112562523599,1.9096620404830627,1.7470824344087539,0.9165173246734418,0.9142506087510043,1.0462622426878012,0.0606055714173758,14.941900451833432,-1.1458998868531702,1.024586298080855
2024-05-13,1.8269394285019644,1.7406774730300965,1.586986480363723,1.2483106728017654,-0.7785505740840043,-0.7755226389475135,-0.6262651740807826,-0.600880168129563,14.812570256798757,-0.2467800219529737,-0.3936153824255159
2024-05-14,0.8977880152880153,0.9446539520937443,0.9796319818605081,0.8998012943392519,-1.3851263837801218,-1.3874081432032397,-0.0943815242591025,-0.5091236524483848,14.798487877228869,-0.7655786174631464,-1.0901014630846368
2024-05-15,0.8097043022602923,1.1313367359210145,1.1476788760487664,1.2238094209185113,0.6231630141092191,0.6242107049648129,0.15922825217599348,-0.280870544367015,14.864442636489521,-0.7206874468914161,-0.6642593458097725
2024-05-16,1.422946426310922,1.536555274819097,1.4288239277158539,1.119058577014183,-0.5205520811201819,-0.5194847252945209,0.7815278395456031,0.5304256024840663,15.082373932552331,-0.5608488381533175,0.8169999709583491
2024-05-17,1.201031286361719,1.4428217461488853,1.3337120434637204,1.786736772741252,1.1590069567042256,1.1577788139953697,-0.7784395143104205,0.09881819223777798,14.91034940280639,-0.2105395250643539,1.5928667443017508
2024-05-20,1.644770847326577,1.2133179796444595,0.9871536731159104,0.5849890773322914,-2.010498432630135,-2.016254118393339,0.5582257443861628,1.3057596959520814,15.005759925215857,2.3062815916553845,-1.6931127025890704
2024-05-21,0.5676122454238521,0.6519645191935827,0.8118363833886157,0.8414207749111604,0.22716839132804592,0.22920780654037587,-0.9562960396525869,-0.08862916866155762,14.820508261827362,-0.9838981344495682,0.23108586096182684
2024-05-22,0.7986182152635398,0.9812258506286302,0.8226809325117049,0.5897413217803448,-0.48470350752093305,-0.4820981340809836,-0.2872637651521306,-0.5002354519113835,14.795489824840113,1.2212313232385912,0.3747657758616712
2024-05-23,0.045280729439909066,-0.7484463507862843,-2.109714178393969,-2.2186779004466315,-2.180503303490129,-2.1884775138614923,1.2451881783133292,1.2293616821760447,15.037019010164476,2.7016547832711058,-1.516577239034694
2024-05-24,-2.0908813949950082,-2.14130416214013,-1.5111079148851467,-1.3521759775767594,0.5864231939021997,0.5862485844039611,-1.8396253757085057,-1.9421960786050123,14.541947920017897,-0.9568844248138979,-0.08827330016707251
2024-05-28,-1.2790520502858191,-1.5503226314969167,-1.8265799540981666,-1.738454552353141,-0.7932726481912337,-0.7895087283224022,1.985335604031567,0.8776162442640115,15.014089139595587,1.1887025476996331,-0.8303609386199069
2024-05-29,-1.9823960459469578,-1.6907026210197968,-1.4906628938694964,-1.3614751082566579,0.2245437808251383,0.22741251247741137,-0.08820368267585374,0.7712007657209938,15.047137730889423,-0.020800693594784543,1.329175073910789
2024-05-30,-1.428978353836206,-0.8285804810130379,-1.027344606558367,-0.3230624827181009,1.3096065236815901,1.3020507191440507,-0.662286630589641,-0.4662461458739096,14.882047557358373,0.8931151937804522,1.8032969300618484
2024-05-31,-0.44647810750367617,0.5927593241847109,-0.13152682634349425,0.8600935002226544,1.3210747500527287,1.3133419235916777,1.8933846413089952,2.3495285247474915,15.46224444782028,1.5572472664281967,0.57441377018942
2024-06-03,0.9051890994806759,0.913007961059903,0.3876236768004115,1.0494865260775523,0.1414443038298894,0.14556479465111982,-0.4311346337786268,1.2706175429239484,15.405358024590111,1.0300715922010504,-0.007132591177309993
2024-06-04,0.9980768366276545,0.7820227466252346,0.004703612729375357,-0.03793928819211873,-1.1475651211017743,-1.1475502205782322,-0.6155455967905041,0.2861688587137922,15.239775091021237,1.3532265797810048,-1.4220294505156685
2024-06-05,0.06506097157038156,-0.4084165039415375,0.008192677324141607,0.1479398307886382,0.17806726700626402,0.18224892651229568,-1.082678374852246,-1.2030406365227517,14.784166389637296,-0.7558125058955839,-0.923173790979793
2024-06-06,0.25502479586581833,-0.03964614587160621,0.9088145810413375,0.558257481134969,0.3531833611925678,0.35645010771042196,0.548007288003587,-0.48218778916694083,15.050662501561828,-1.0108420553301867,0.4632976746119717
2024-06-07,0.5273567948049964,1.0601429766376411,1.4762665639373944,1.0182251444139254,0.5533504671837811,0.5549741509735134,-0.48287625287146446,-0.8063674575414068,14.894634509941737,0.0007844733069178271,0.7216818397449538
2024-06-10,0.8546973004589195,0.4426716110633849,1.0563343729724857,0.1909798722249439,-0.925847390760215,-0.9254968554524804,-0.4592991964241493,-1.149524048074712,14.796577657688228,-0.8117139908655794,-0.913711482015668
2024-06-11,-0.23821590561894893,-0.909813777212036,-0.1400783400522392,-0.6291918061104816,-0.8268719636846069,-0.8258439312464666,0.8913459937068626,-0.21869921713708845,15.098082228125596,-1.3815008598656515,-0.7982336971251085
2024-06-12,0.12518827496413742,-0.34257206254969397,0.05859623782813736,-0.914684497819706,-0.06355392782650819,-0.05986839549305778,-0.1819160234731058,-0.2325385629016196,15.082993511084155,-0.5295792338871304,-0.6068726893910161
2024-06-13,-1.316885594084655,-1.5205899777976088,-1.9175020681805162,-1.6892068113552094,-0.818726726275647,-0.8187653318873583,0.5764689730456121,0.45843999673835206,15.333556823107578,-0.5542753326628308,-0.6344930543410338
2024-06-14,-1.8560859506930716,-1.5427346826312303,-1.5554317949987246,-1.4557446093367716,0.2100345091840686,0.21228474076163545,-1.3757828791327653,-0.912113286465737,14.833852696429089,-1.000578403790107,0.6367011419027795
2024-06-17,-1.424946525789766,-0.9459367214573677,-1.1725994652496683,-0.7193156324351371,1.0226180381541388,1.0210945990508016,0.827562351199804,0.34713233356629414,15.041196222752253,-0.25387328449612234,0.300528808649524
2024-06-18,-0.7915516800195933,-0.5967016107774572,-0.36590801327292877,-0.39836125151179674,0.4058017146748072,0.40728342066074236,0.513724572481548,1.4448267693228847,15.203129291715452,-0.9701543426882691,0.48888741460179863
2024-06-20,-0.5071338086389221,0.21659535031878577,-0.7916594500887164,0.11039967235601955,0.6401362060464574,0.6407770206580283,0.4891088575938392,1.7614812449062451,15.393396088296376,1.9753278875481528,1.2340175454787943
2024-06-21,0.43631970583584284,0.06551874144064147,0.6981448600299398,0.3741728238514207,0.31487665021554156,0.31656087363354607,2.0961933048905492,2.517031893658527,16.0137791456875,-1.0789708576358643,0.8135700020797734
2024-06-24,0.7912946528733037,2.052742263094788,1.6295252299507987,2.141159605859783,1.9086646680004935,1.902440637415275,-1.4916353615029814,-0.05777498468470828,15.411518895990701,1.6401397869997032,2.050596874781638
2024-06-25,1.8902696664028378,1.1751769555795089,1.4291866626931986,0.8952252024839514,-1.314675287138125,-1.3178566130537333,-0.8135471775055169,-0.7740053677487829,15.171294421624355,0.1342757960000384,-1.1911991417782632
2024-06-26,0.44646982764734555,0.02641467313998029,0.43381821089474476,0.525575957734216,-0.412775778126875,-0.4110646400607131,-0.5050995895276108,-0.9621542975893017,15.019773620161319,-0.6853418984608229,-0.24712135694769594
2024-06-27,0.5713483755849166,-0.053986373894504516,0.10855841839459855,-0.36403806769837044,-0.9731923431736538,-0.9742979180193362,-0.22560993717386513,-0.9092031426209923,14.984457351060573,-0.29769740772172304,-0.7095343288233386
2024-06-28,-0.1654784045403514,-0.19083581050490667,-0.2111407996046947,-0.8919009734016163,-0.5892132695510569,-0.5884627879126398,1.9195134894124832,0.7367908350564479,15.735340850508303,-0.05413669899050425,0.22513669167192593
2024-07-01,-0.3800648028706796,-0.47817901308767236,-1.0950959066995383,-1.5085403456538775,-0.7282227263204395,-0.7282565307230024,-1.2786195302123424,-1.0763958335807242,14.90545236642087,0.8400795274320716,-0.8104704758272083
2024-07-02,-1.8157466760194778,-1.2737828902971,-1.0901503499824172,-0.7220738275897376,0.8863260708605863,0.8878468266404941,-0.039771997250674686,-0.8495953271571599,14.985171692044645,-0.6912979776428648,-0.11102308179534302
2024-07-03,-0.6748702341011505,-1.237932041546958,-0.8783667365445049,-1.089628076641798,-0.5061804239697032,-0.5054468445057074,-0.787554276758247,-1.1216754684632142,14.493696880920854,-1.0039056604763565,-0.9266637151767634
2024-07-05,-0.9504738951632806,0.1928160050088758,-0.594696407013625,0.8223999393358913,1.8442200609685302,1.8404801232858745,1.91471097339361,0.29101126384704207,15.454352114972522,1.313864030422169,1.1696802036700742
2024-07-08,0.7974323389321941,0.8524957628445597,0.7049325488077088,0.09124396761920152,-0.6956240595861957,-0.6963982023774246,-0.5289211438511089,0.09734969086877114,15.085130924464359,0.7235296615064375,-0.5190474672843031
2024-07-09,0.19615608591999445,1.1452200436225342,1.152379151963924,0.9190170340646432,0.6935709754645871,0.6973768298443538,-0.37202079737689503,-0.15021821764215454,14.910683940366535,0.40041909028738126,1.0255644802081807
2024-07-10,0.9931642156993111,1.2780504194894062,1.560981362423712,1.8634545720239633,1.1404652438410554,1.1419837178283518,0.1725060326053102,0.5455148524646882,15.14835166207703,-0.03472584573466372,0.0062820955833509775
2024-07-11,1.7783039059389134,2.0831161248959087,1.9402414107552444,2.1989835526662067,1.382096452970484,1.3803912040866422,-0.1426090762752382,0.605735024265614,15.217973746236076,1.6215486836767752,2.336409431282178
2024-07-12,2.250721259216132,2.303783499398902,2.370272220563584,2.1245658763334845,1.2724832663604115,1.2701921858794447,-0.004582683321713862,0.9146801474254075,15.39130916019646,1.4699102743914723,0.7257082389821373
2024-07-15,2.087381535532243,2.11080765865715,2.113069903627198,2.18209499648126,1.8267329231220513,1.817706186137175,-0.20796919983015913,1.1684484112192868,15.340457768382045,1.745134669568659,1.6047678793495426
2024-07-16,2.2038721026112027,1.8063801108246145,2.077835531807314,1.8520970334601792,0.2655434570782997,0.2690687889621799,-0.3396441027354773,0.5725084263160557,15.272659622951727,-0.4999137913680833,-0.0661130158055841
2024-07-17,1.6677744930106735,1.7607793328696464,1.757826564715419,1.744703473294084,0.7103992163886776,0.711279650648294,-0.028229507112156663,0.7108137774516257,15.379239763658637,0.9067399915764786,1.735014403989306
2024-07-18,1.6940158785071038,1.5438280271700644,1.4717415923304227,1.1969369314278866,-1.7753972542165881,-1.782151936291315,-0.3603570999135151,0.021086264644586565,15.349858693355003,1.3806441001619756,-0.7903696700823694
2024-07-19,1.204875894303587,0.9026317690178823,0.8251590183884068,0.5366478277406439,-1.8092704294399935,-1.8188635540850768,-0.5599726265369876,-0.5071029679966115,15.2407373695399,1.0902118349694443,-1.2589736407139729
2024-07-22,0.5285972323726043,0.43193706029947965,0.5792391717357422,0.5011009182869642,-0.2532907566257192,-0.2474171308566963,-1.6590734404100118,-1.8876995671961334,14.912688818905945,-0.7078032315338162,-1.0684269941298463
2024-07-23,0.5487908801414536,0.2681477582586141,0.5442790921472955,0.176449442438493,-0.830883083679997,-0.8272281814441598,-1.1289029870429041,-2.057268640717195,14.688058784775922,-1.383112333210104,-0.6730607251625563
2024-07-24,0.1017541811520456,-0.18222473889209553,0.10831395681505582,-0.16945580760487897,-0.589793165813798,-0.5855565686806439,1.7737382072396846,-0.9570615696919968,14.960911326227603,-1.2401901878687702,0.8859506575319135
2024-07-25,-0.4165116173359651,0.09501962129509477,-0.029596712689818585,-0.40040979701051305,-0.19195293645723266,-0.18670125038494126,0.3686140836362897,-0.5686214586472093,15.019773620161319,0.3658219745656955,-0.040600836362302335
2024-07-26,-0.11136973609116561,-0.2619595592831493,0.22901873208848467,0.18365825033192196,0.5811630341483145,0.5846775570919566,-0.8250938537192245,-0.889832815953077,14.815260063800183,-0.9632944974935455,-0.5249780778087748
2024-07-29,0.12043448911637002,-0.29501517696455587,0.4581892490435312,0.25098897760005356,0.057619583867723756,0.06184124911141642,0.03111890306622285,-0.675323614756903,14.778685257416596,-1.1515459438114304,-0.2658584019170348
2024-07-30,0.4315729855763075,0.6408685424236842,1.3940346105802988,0.8793008428439759,0.6653590548003454,0.666693668853134,1.8470976607793081,1.026703677082191,15.133633406618094,-0.777774459197601,0.5665691090274246
2024-07-31,0.4594343615823015,0.056657073333696926,0.9568061623636649,0.5251511749540422,-0.5959069810560533,-0.5929064198991613,0.08228839852079625,1.381591464505313,15.150196048591923,-1.2081582121590593,-1.848052197314265
2024-08-01,0.7093091175476942,0.3447590250873102,-1.028746829368032,-1.3161601370664693,-1.4864703204121599,-1.4896354133674363,0.09375834862420845,1.4991715632743263,15.17451105742709,1.624045645444143,-0.08758868497710477
2024-08-02,-1.7976900173874872,-1.181161538827405,-2.1600180132118023,-1.7784731372405505,-0.879165598387173,-0.8778725436115136,0.31165241255764126,1.5882797737999628,15.262782655019059,2.1863503943977602,0.7649613787433834
2024-08-05,-2.5624950546431506,-2.6828227943419254,-2.5343002111869453,-2.4758354838260175,-2.3131419616772755,-2.3250363179270117,2.2050291422469916,2.3830210643026057,15.856094450575087,1.5199486254460808,-0.5203522595566844
2024-08-06,-1.6084242160050102,-1.1021901771795333,-1.262653466027806,-1.1381181741286415,1.5422751735501965,1.524154301074409,-1.3867939430030995,0.4083940543397238,15.452310881755915,1.285812575814336,0.5979437047982873
2024-08-07,-0.50872962155457,-0.3372907282680894,-0.2206181539593774,-0.48720994717672905,0.8207091596087948,0.8177096743692019,-0.48491003711791525,-0.04331020149090875,15.372728641647239,-0.08932915303032282,1.4292711715585291
2024-08-08,-0.15691960725933027,-0.3618072581793626,0.006481987609576246,0.05931557430068943,0.6783777281095009,0.6774513920882786,-1.0794847062583801,-0.995192023713912,14.962913328262083,-0.7484925664799437,-1.0976625213699294
2024-08-09,0.16024239721995245,0.013059126559248613,0.29802507531299727,0.14988198272556127,0.10037674716414738,0.10676645455573557,-0.6184540216895635,-1.2572458742806414,14.772021887555873,-0.7728397856466378,-0.41085316320530285
2024-08-12,0.44731050693801894,0.005087075777983269,0.25394389092800523,0.09627658354685137,-0.08040225751180965,-0.07299626497750547,-0.3530007779187081,-1.2733592556756856,14.680929380340006,-0.667045306017767,-0.2705256442130938
2024-08-13,0.2975893988529007,-0.030745446777392483,0.08232605393592211,0.5416658134605664,0.4267872490635478,0.4302432551889858,1.189521292128319,-0.56378862895754,15.06024164278077,-0.2695328762947664,-0.8198828374446497
2024-08-14,0.5537781296996312,0.9595351400105722,0.8844673056013311,1.4414668574266098,0.8600554448902078,0.8556321477444945,-0.5454762913729333,-0.7476994587475909,14.866402460046812,-0.34771321065387095,0.8431997564045962
2024-08-15,1.555003841140124,1.426870550770888,1.4746769077198438,1.447104670432189,0.2112251212749432,0.21570621785565194,0.2678388233161581,-0.4269349130903131,14.986877832484218,-1.1163264738020977,-0.9763879494071206
2024-08-16,1.2460286223989807,1.4640592664760539,1.3146474593645934,1.4695384669110403,0.30226301991212345,0.30459170932344826,0.031379905341788326,-0.2249585985711143,15.022977550498084,-0.7276323604602941,0.5884494745364168
2024-08-19,1.4952361825139153,1.8935509792169904,1.6813309687252393,1.7057130825958424,0.20776021847942397,0.2106396308614238,0.28209043657403404,0.5847361937406134,15.034953382088652,-0.616670201459161,-0.04004258079520811
2024-08-20,1.6697501441641103,1.5215000733345945,1.530852394746685,1.3873516029919977,-1.2135740757648648,-1.2142893835134545,-0.48783183036515454,0.5076042882417171,14.882460510179909,-0.9529612587340166,0.16145173087503953
2024-08-21,1.4127983385123581,1.291179196132701,0.9956818143067997,0.97137859389249,-1.3673885938234742,-1.3704030952548487,0.29978821056155724,1.3292656588357195,14.92357833559955,1.438375659931779,-0.6190094030502156
2024-08-22,0.7872278212852483,0.8855634605420679,0.9014457192665337,1.0606777623767474,0.2487099369017094,0.2512368051607299,0.6737815616154111,1.6794236610044013,15.069073492116063,-0.37327780791292164,1.698500865404092
2024-08-23,1.0682878963930593,1.173897569761245,1.1618823160664828,1.3331822946866836,0.8049484718669682,0.8051766041754136,-1.128021899183557,0.2064696761667796,14.847057045723052,-0.45065321371237144,-0.15897278701038384
2024-08-26,1.432680150013517,1.5395960257073489,1.3984555714507427,1.2909623094974858,-0.5692192712147536,-0.5673154981497505,1.0366205710039698,1.3881145377322914,15.089699764957517,0.20672221884696465,0.5775050137831869
2024-08-27,1.3140790035137986,1.6655809315259078,1.4390230545673448,1.8509558726758166,1.2170933062523661,1.2141463328388793,0.22419650857723045,1.3623614077807435,15.141179000391888,1.2753588982893593,1.0832721602033557
2024-08-28,1.8196057471790459,1.800034481068395,1.921428504125525,1.85286147036322,0.5232563351398121,0.524224458316937,1.405070677922533,2.1188970468030397,15.392032846329405,0.21531707109357512,1.2692338216436923
2024-08-29,1.9328161152076928,1.716634827262171,1.7090888342514958,1.7878486063522396,0.38184999369748746,0.38322125895094056,-0.7596883783929352,1.0305505791058938,15.310525010043797,0.8289977687214529,0.3997419893795182
2024-08-30,1.785423558702316,1.867464387758751,1.887803631869444,1.899598454867201,1.4872438240773784,1.481746957174983,2.2120627744324954,2.403932328362349,15.825843283935887,0.6745094639711949,0.11579995718762523
2024-09-03,1.7013379799451624,1.7713556124418768,1.679444867317419,1.5130581522150999,-0.6627810563165675,-0.6613246042109426,-0.3944932158818315,1.4145431012729406,15.831999120869655,1.7539108130821484,1.7200428217630999
2024-09-04,1.5610203291364388,1.4951150702788103,1.3565159262966326,1.3259622383838905,-0.4921689406144501,-0.49015105900547856,-1.3942919158220324,-0.4025987564026099,15.484989580828678,1.9625485679570247,-0.3004150831846504
2024-09-05,1.2960867440972246,0.8835372934753307,0.22303582663907606,0.02375137034634787,-2.639596946354117,-2.64647484465837,0.23600442036970262,-0.14088163066193954,15.642186780043536,2.495376509143782,-2.4305790525476088
2024-09-06,-0.1835201169150418,-0.21188611314172792,-0.39914156336859624,-0.6913207295748849,-1.0662010699855147,-1.0584188360927518,-1.1630033522612984,-1.2388116636274584,15.297183505639603,0.3963635954999851,0.012324125068552457
2024-09-09,-0.3596465198532824,-0.6333460778513782,-0.5108051514335548,-0.8058453723711042,-0.0787699537271301,-0.0723026015088724,-0.15599419853906576,-1.2046337604215842,15.335242776084367,-0.5515979441354324,-1.1398293304626357
2024-09-10,-0.7484537377382663,-0.9513030624934814,-1.0130543849386562,-1.014922284768503,-0.19463249738963057,-0.18756867961801724,-0.8754397012660037,-1.460069640902858,15.080795089172355,-0.17719511739682167,-0.655215837060096
2024-09-11,-1.3451467352061939,-1.579356305289679,-1.962954280417344,-1.4835425795782238,-0.8581001793055483,-0.8528281685517641,1.532903687515182,-0.39419299966358434,15.568650639873091,1.0790597104976598,-1.4516596948259535
2024-09-12,-1.4656030791982124,-1.5088601653727731,-1.2369997396187808,-1.3845288569472036,-0.16036006720041734,-0.15430263973614253,-0.987191187922276,-1.0578017821273487,15.1650633902123,-1.0326461060540986,-0.612086737381792
2024-09-13,-1.43825201204449,-1.3879622112230094,-1.1744671226180738,-1.3384100272015733,-0.2331710130076807,-0.22759497258003972,-0.08598830759212024,-0.858075632430303,15.172015847832746,-1.0916775945869992,-0.49982058247616834
2024-09-16,-1.3424984660105517,-1.0839717240344202,-0.8747075237704401,-0.7930098297878211,1.3494270706470846,1.338380883381678,-0.39232726773961707,-0.9117123773372586,14.998586842912186,-1.1386743012693292,0.8538002653459132
2024-09-17,-0.7458482930549012,-0.28216912711360725,-0.24511891364157226,-0.1665186310232527,1.290639385342603,1.2814648511862676,0.6688820765641398,-0.16371622604937938,15.156886263444814,-0.24082967680757528,1.2879749302632
2024-09-18,-0.14548986801892586,-0.22494934558761398,0.23346823128319638,0.12659310476405716,0.38837973859495895,0.39135282173537156,-0.6167442844380631,-0.6640786714173327,14.93562370432132,-0.8624271063757342,0.715504665722966
2024-09-19,0.826421040005414,0.4102131736459808,0.8482551399913922,0.9920438671411271,0.9537122520595557,0.9538434155343052,0.9292388078228664,1.1523793416611183,15.174254106980369,-0.838968095379704,-0.47765772495244685
2024-09-20,0.15703631011242558,-0.215849323967735,0.32941448654799427,0.07129806422991718,-1.0889886498134145,-1.0905813412815248,2.249466864292214,2.6663945092715267,15.951899498166338,-1.0093523746248638,-0.13720655142771324
2024-09-23,0.23254413497540694,0.3430387261386066,0.3672446314954123,0.1130057502699905,0.03240764324142132,0.03601461777337006,-1.2857172783537272,-0.28629618163808146,15.064007583105447,-0.07523895783650421,0.18421792917912413
2024-09-24,-0.33227649657174896,-0.5479926290634937,0.07803228551258605,0.12835487062516868,0.0002960106258713672,0.0038882790273434952,-0.43085568536949953,-0.5674383634195909,14.91741774581871,-0.8315234920692968,0.16899422390471971
2024-09-25,-0.11074795807228224,-0.42656226955777543,-0.2744582616942917,-0.48724514105580213,-0.6692828790947996,-0.6685140163163451,-0.14917809435638546,-0.4450520650287282,14.860476259105551,-0.4917930363617527,0.02030201341996874
2024-09-26,-0.6226528170019451,-0.1381897659213291,-0.31310292640559656,-0.06013266343822874,0.4730731737019176,0.4754616948539487,0.1825700156969422,-0.15970464989919048,14.997851368723442,0.4201610686417724,0.2526734076376761
2024-09-27,0.1377241117109962,0.08247300520892385,0.7922272648203367,0.8881693639111461,0.768592980616073,0.7687896941324881,-0.4516758060466585,-0.4657863405611252,14.819079664514337,-1.3307058203329376,1.1709049345500648
2024-09-30,0.6829536875323273,0.8133807299547827,0.4587178213718441,1.6438637125206115,0.6757009366799939,0.6763275430636623,0.5050604462797321,0.07997136071725576,15.105046466038257,0.6911517414938719,0.3459704847709934
2024-10-01,0.7672280620288987,0.5240618054838185,0.5132282689236546,0.4523502940958074,-1.0906821687568564,-1.0908016198437926,-0.4735555174463558,-0.2845618968888087,14.928584767120826,0.12067216106759038,0.7764897235223223
2024-10-02,0.5827120508178087,0.06739721207090316,0.22497650501143124,0.15219477055112676,-0.2810805197276524,-0.27854258496783973,-0.3276411142663502,-0.45697212409570337,14.84634388092074,-0.29223816026561444,-0.028759217677432572
2024-10-03,-0.47612108583950774,-1.0949164539714473,-1.3483707492865553,-1.1194302899482549,-1.1390113717100248,-1.1406981684068975,-0.2666651587304369,-0.4865141922991908,14.75735246059151,0.2701483779787556,-1.0887126742831064
2024-10-04,-0.5654774198516329,1.70344298181046,0.43221320341947744,1.8346367752135,2.2335990603188596,2.2257255270152827,1.0442574136337286,1.989207522587556,14.943746695302053,2.15638638313479,1.8505842772400036
2024-10-07,1.967500722410589,1.4529365614172876,-0.36424778587097084,-0.8223473293827852,-1.7410007629031472,-1.7541204244949862,0.22359480189351633,1.7614659735086484,14.985544189217197,2.0932960473818047,-1.4267890846239097
2024-10-08,-0.3287594901571115,-0.5351122483754444,-0.16705651642639222,-0.6941003192910302,0.07523974981749808,0.07993960509728813,-1.5195814242404297,-0.5803136752231068,14.619349467974285,-0.5001719942478028,-1.2636314631426817
2024-10-09,-1.2996965606293691,-0.5353745637902534,-0.593638812150969,-0.17136469106880056,0.36798414314908107,0.37175502655409454,-0.022019034343170388,-0.5806599387755662,14.606737261972361,-0.13943908412115588,-0.30737104251112174
2024-10-10,0.13920623636948287,-0.7477080509810483,-0.48851602543773975,-0.5305872533450057,-0.22727008680346444,-0.22299770656438667,0.49102822228984166,0.08117536787731172,14.680845201748339,-0.4625508196751806,0.052192392107056
2024-10-11,-0.4531579992399452,1.549155401570122,1.6697025360555104,1.0928242063766533,1.0228320283733972,1.0223634522466971,1.5287140658116536,1.7219345925887137,14.991701289729283,0.7366127835739755,0.9798608464781807
2024-10-14,1.451044428377187,0.8755779236034533,2.0762107912789243,1.03983938180374,-0.04636926854496289,-0.0416938985248363,-0.4218927735204036,1.0923234622917972,14.904005505167053,-1.0403983430689523,-0.9661524875777341
2024-10-15,1.0313653069045434,1.8407474151236878,2.0685326066360763,1.485024087639201,0.44752257365516207,0.45100482307610007,1.3530175931025088,1.949000028527207,15.184124792688454,0.009561349647294718,1.7288996703241697
2024-10-16,1.3945571137269692,1.2947013227283894,1.8207478655231835,1.671889607571977,0.42765277527830964,0.43077703319649396,-1.048984458132346,0.5134628162445805,14.96807458755085,-1.0950171717105843,0.2611785881173697
2024-10-17,1.603984569612946,1.448010799261019,1.7317461392527376,1.3646260338292047,-0.2526876865988426,-0.24794072358840608,-0.991508343717217,-0.6805940083752909,14.740126935268064,-1.065158037154341,0.017390844022881737
2024-10-18,1.4151582776025204,1.025997525817757,1.199991549947059,1.0261337273856,-0.3619254754749113,-0.3571983974065602,2.486400076314426,2.2619303962067017,15.5445966101108,-0.8056984401662909,-0.677386077064933
2024-10-21,0.8148366905599634,0.6285984836543479,0.7108065755906263,0.7337450667760463,-0.8066123437545282,-0.8074140885128444,-1.0784383089768215,-0.23453641946205417,14.957023000283336,-0.5436252571950089,0.12829342848061986
2024-10-22,0.5815206358812463,0.3303177352806709,-0.29743948536532167,-0.0297672356544681,-1.4263348792456216,-1.4310404922028925,-0.1151314208602754,-0.2582478294899661,15.014028813248128,1.5843666273694996,-0.8429233978764001
2024-10-23,-0.5558757729811147,-0.39441085948175475,-0.20931018305327706,-0.425896461303506,-0.5429613827438223,-0.5424692552316117,-0.04542327016941635,-0.18668091659861583,15.111661642814003,-0.2900387400286378,0.9694093810114375
2024-10-24,-0.488516650655743,-1.6643856602019722,-1.7027520955952664,-1.6578131773726177,-1.1980261835878572,-1.201668876771676,-0.17702554823302402,-0.3002230649085773,15.148799897369036,1.1463341609190458,-1.1595717090404716
2024-10-25,-1.5373140206742644,-1.7628416892259615,-1.6699710146592082,-2.034713954283326,-1.4256460937005093,-1.4295315473274057,-0.6634914173275104,-1.0938033166712005,14.858927563413483,0.8972921224527001,-0.9037367937185589
2024-10-28,-1.848536241096777,-1.5359176852763292,-1.0041716807077208,-0.7883706871104774,1.6981429203087155,1.6941247093717975,0.698867860183097,0.04677382075772303,15.227326700014558,-0.5483806858484278,0.936594250495595
2024-10-29,-0.8883081453944839,-1.2922833909236806,-0.9537502052690618,-1.3852804826297362,-1.105593902138191,-1.1089224615496054,-0.22039545961459192,0.021017041058471308,15.198098308081242,-0.26112995798608474,-1.2510015579962863
2024-10-30,-1.4809504286672237,-1.3041059260790668,-0.8909624521234462,-1.0733586379781566,0.5638779636583602,0.5668480754033814,-0.7997243140765863,-1.0794422105010244,14.805832487616502,-0.7239190259476381,0.8923215382424097
2024-10-31,-1.1177751332122299,-1.271788662886563,-1.4022449144576488,-1.5815944530676997,-0.9887735603820271,-0.9920963747221492,0.49872274941670963,-0.2911786875121106,15.113055942433148,0.7606718531888261,1.413609661976921
2024-11-01,-1.6377319981504965,-1.4511400061084039,-1.2142194734429756,-1.1107334548130063,0.9064900147295499,0.9088845935424311,-0.5750819979858617,-0.8781769652768552,14.90451046200229,-0.6063786262030444,-0.13226306556382403
2024-11-04,-1.5369894442168777,-1.9684572205178343,-2.5449901695299015,-2.230883205054003,-2.0098423888007613,-2.0211214695653257,2.160714269922369,2.323228575501644,15.561784571453844,2.516662968963659,-1.7782692895355077
2024-11-05,-2.229888934729885,-2.1771579521125686,-1.5151188438491814,-1.3879403476986,1.0771148922478782,1.0739287816299832,-1.2278906926078192,-0.7022703721382781,14.964309178563004,-0.5793001082304821,-0.38177339680488787
2024-11-06,1.0755393472175114,1.877110254421276,1.2887463985810994,2.035690873432827,2.5430525058653726,2.5278964069894587,1.8511751001171854,1.9949598556725474,15.748017136305252,1.081775587424837,2.150913315301839
2024-11-07,1.8317301301345277,1.440171128244097,1.18707557565771,0.7934973126902066,-0.9152040441303947,-0.9287816322293433,-0.8941757293854874,-0.11101897629555778,15.259602253770712,0.563645400818216,-1.5493700537764532
2024-11-08,0.8435674513832673,0.9881304627680215,0.9562018296895304,1.02937508392184,0.23188176923480527,0.24379508535444466,-0.5297941292914191,-0.7195606291762664,15.080004731717477,0.06861414389217756,0.28253174536650527
2024-11-11,1.1532233396695213,1.2448512281467354,1.2871199328228105,1.2735306739002819,0.30526769501365136,0.31779093809300657,0.09476616171962797,-0.23577579273301183,15.231145493632283,-0.13623505388241178,0.5505093446496787
2024-11-12,1.1483589549448423,0.8483117448540591,1.1806917455771977,0.9640949312213242,-0.2418191147449517,-0.23631906051882892,-0.09184882881476818,-0.04184302498124439,15.297228956042881,-1.114730303108623,0.03270349194666697
2024-11-13,0.8305323103391566,0.7084881619305506,0.8980129593118028,0.9599790383393869,0.04053912814112494,0.05029642157621483,-0.8312600967392029,-1.1652307745909813,14.866926761243986,-0.7799724932227071,0.23686025691378437
2024-11-14,0.9091917896310605,0.678746087370344,0.9085094582541869,0.7528932326628631,-0.23055593784748998,-0.22478421728640588,0.36928669898301153,-0.467749222123108,15.14452029139723,-0.937948357957859,0.3755060751837561
2024-11-15,0.5420367845841471,0.8040327918927224,0.6810517060648564,0.8264369544652193,0.06829079966023664,0.07813380827485704,0.6282774236064311,0.6096699464587143,15.576415724485651,0.08459098543042995,1.0667062958136682
2024-11-18,0.8488135358984741,0.7037370045826473,0.9193975290341942,0.9343889185735845,-0.14399306261393388,-0.13802821025846268,-0.8995038584292576,-0.7678362012625043,15.0269755258093,-0.7042998877474834,-0.23518729299836336
2024-11-19,1.1840851515104147,0.5779204107571477,0.44195958175429856,0.4473421050003571,-0.6632777376982482,-0.6687386861182862,-0.03222479894085791,-0.5647557000509389,15.111935188163098,-0.111200130559195,-0.9508376704037869
2024-11-20,0.8303430451869023,0.421421557384312,0.6553068795047775,0.4410979130562847,-0.009722330903309137,-0.006021770858948651,-0.44288154663502194,-0.8539487720757212,14.920602143910697,-0.559441610148804,-0.024140151964346355
2024-11-21,0.5714470084928601,1.7650949645279963,0.8364594057848952,1.345771642069752,0.8672396964837271,0.8663292837770948,1.0095590557418974,0.7323538482772002,15.2305869634167,1.4083372669704997,-0.1912699416682669
2024-11-22,1.5655648502056272,2.081625028707857,2.328300910110501,2.2035894526699606,1.2777015374831713,1.274268613976393,-0.35478267293547744,0.27873457945784763,15.172685277897287,0.3224717997875822,0.3801256278055246
2024-11-25,2.437443380958948,2.199548302185245,2.3696562341882115,1.763792818084588,-0.06974131713166837,-0.06750474483646725,0.8575917418599022,1.5552640140588778,15.473090996323997,0.2778220010379002,-0.48109627296768903
2024-11-26,1.6109813015903607,1.2085777954323809,1.1000853751104662,1.5925238339520946,-0.05266989942812457,-0.05052710152584934,-1.1201422869434283,-0.4790752241872103,15.019083582388873,0.7199899000754743,-0.6961306390211509
2024-11-27,1.6876825246135898,2.253138198433764,2.00395342035063,1.8703007842732877,1.230239444300106,1.2270968342492687,1.3146996771742838,1.2758084355861148,15.49434411409504,2.186273287215886,1.2225493774374137
2024-11-29,1.805853957896451,1.1579403971626085,1.6324236108274202,1.4613117093531554,-0.6668840707128713,-0.6648193468386794,-1.234295458911109,-1.1622103220163147,14.903971832310303,-1.187833409446755,-0.8584315844511048
2024-12-02,1.3798347005839542,0.8416878735093233,0.36499976201763085,0.2961956362980849,-1.9466507594493367,-1.9523528848306397,1.4862152058020284,1.182228938802957,15.431228907103394,1.59965487422833,-1.613635658962266
2024-12-03,0.2083592969699785,-0.19809768867843064,-0.6268814551406147,-1.0050237683870773,-1.716637603045405,-1.7220134790113593,-0.3183057371992746,0.7022154736023511,15.411174239750462,1.0505990914929368,-1.374818315136392
2024-12-04,-0.9861173853160218,-1.246431136624159,-1.0694864520883995,-1.3237878926822428,-0.47087546714852324,-0.4669630401451913,-0.6868930958645869,-0.4576982070653224,15.186970683861944,-0.8371409182638575,-0.7973367875793781
2024-12-05,-1.317094208287205,-1.118401559392787,-0.7701000562522736,-0.9816785753229125,0.523390082604203,0.5245107111398728,-0.5849871265800947,-1.1863978302382998,15.015535881228743,-1.1344586111119344,0.9484496712840023
2024-12-06,-1.065826475149213,-1.131577095737177,-0.9631536825207819,-0.939764425944288,0.01884826963153469,0.02245033152859809,-0.13926255265366028,-0.976757235232571,15.000576040088788,-0.8620070816829416,0.0017773358623492336
2024-12-09,-1.00642583882707,-1.034243579591009,-1.4121651476575154,-1.603057946103994,-1.3688534452502958,-1.3710943196762473,0.22239691094496297,-0.4129998144003638,15.136786549504409,0.604832193314619,-0.4368661490962729
2024-12-10,-1.515743569741126,-1.4931481823389234,-1.534622672949409,-1.400605859179686,0.02059844972322885,0.024282263704856026,-0.1290215393633629,-0.21906156998530454,15.109826956273015,-0.44075280646827597,0.4399016819481206
2024-12-11,-1.3098411950157456,-1.1600573717257152,-1.2917348879225454,-1.2342203167168553,0.15542977847079392,0.15889690782663662,-0.005618421596561526,-0.05854807990523149,15.170546681119403,0.018840110641490052,-0.6411996126093481
2024-12-12,-1.17217101043169,-1.2137459454197281,-1.1641502026455595,-1.3346839969693842,-0.12568051121481,-0.12266385345543994,-0.9828798562114508,-1.2313402516331295,14.759922554463342,-0.30060638102980447,0.7883466129591818
2024-12-13,-1.1831497735291026,-1.3693822379151603,-1.243555655986361,-1.3173400172963412,0.578710202697604,0.5800632015115577,1.0201876172927447,-0.10816102162865816,15.060903865668301,-1.1479497321580627,0.5728821074309863
2024-12-16,-1.2989975218747756,-1.2931612092655527,-1.4439879148434172,-1.5209023418674377,-0.19553380825420252,-0.1926516500511513,1.3427333088243916,1.6864893361443802,15.322694457892602,0.07965031347582571,-0.6843034869003479
2024-12-17,-1.7533055234942552,-1.6156090129958587,-1.5028153664665616,-1.172103805156383,0.8200905169303767,0.8192704327086662,0.44173425675472416,2.034803019660795,15.436383045750167,-0.46259860911371437,1.2896834143094438
2024-12-18,-1.0956473355500274,-1.0196456932317493,-1.8111603770694191,-1.8898189451248493,-2.0710094682764413,-2.0767640970693177,-0.7962906897530425,0.877566679358499,15.288418529475148,2.465669491728376,1.5687456078652913
2024-12-19,-1.5653013636268174,-1.4970318042840984,-1.1860793233491504,-1.2595451651158796,1.4242467989646068,1.4158914565415397,0.060283516425768915,0.84926839154644,15.3513452016297,-0.43826225554808523,1.182380321487017
2024-12-20,-1.592194342747862,-0.544637660568892,-1.2690144529983234,-0.5751569505809607,1.4383733148086841,1.4306584802048097,2.673622223169544,2.6634323333041476,16.37613526991989,1.5342389588772305,-0.16892635888619756
2024-12-23,-0.8321283758402667,-1.267655006277062,-0.6699846818927078,-0.2259226778809197,0.5800762290827612,0.5802363917061777,-1.3045185843702791,-0.7195182097185651,15.15994097567365,-0.5731315504201071,-0.5977249435062821
2024-12-24,-0.263758156948383,-0.0389398018132269,0.3101831343656271,0.7920590157827134,1.1849797455205207,1.178428874806469,-0.9272613632158516,-1.2402261658927312,14.38150652065826,-0.5064510940758901,-0.0920776846111601
2024-12-26,0.3068819109770946,0.3263951470630132,0.8195643087173473,1.005859635038382,0.1594930580291105,0.16261940470436975,0.164465238867508,-0.9400877748506202,14.585434040374874,-0.779450682331959,0.1896087022351445
2024-12-27,0.5057212555311926,1.1323103778941415,0.6550072112322576,0.46141966596483125,-0.5977168639602474,-0.5927998870336656,0.4460230308932449,-0.5885225570294937,14.990374068004824,0.09425697260782692,0.7788814818899258
2024-12-30,-0.22232647295362012,-1.1554674631474644,-0.5937407728513624,-0.4877525479068342,-0.9109684857622864,-0.9077666757612061,-0.4016223625167417,-0.6517441595906641,14.856282200124642,-0.31247574692364827,0.009810620515237735
2024-12-31,-0.7438310914909074,-1.0572984746812761,0.07483815010831468,-0.15414334260011067,0.3172096419720205,0.31943564365141464,0.08163487570626447,-0.36790621384882527,15.033593642405235,-0.925253204934671,0.853842703437534
2025-01-02,0.5837474574689868,-0.08954699471062685,-0.1987140481210053,-0.5894981578834081,-0.4216119401135206,-0.4168408865651984,-0.04252194189314839,-0.13240426372216144,15.136306203774346,0.12377249161218706,-0.9388935721277409
2025-01-03,-0.5185546315963109,-0.8163060051800224,-0.3404584869548187,-0.17970277264551668,0.6096378739784607,0.6104809739226519,-0.5215910756368327,-0.33456767211191,14.874897146800002,-0.5148401046506146,-1.5326489033634674
2025-01-06,-0.10223328169331114,-0.28634825791237073,-0.24791078952544668,-1.0277131707259661,-0.8112997509841388,-0.8103869120958181,0.36060989274822164,0.15949464639894131,15.21986607992709,-0.016672025446079188,-1.677182375823488
2025-01-07,-0.8800214196499816,-0.08957493611039827,-0.230414461117701,-0.4842471910494327,0.5759420364763204,0.5774840780509115,-0.2776336066540737,1.682706419397153,15.070328841423475,0.2717323074248343,1.949829045602089
2025-01-08,-0.4745628847777321,-1.0887795290110145,-0.8571252873125966,-0.7473549839255725,-0.31537399269508504,-0.31317455315189535,0.219525626776183,1.6741324376612885,15.184989580395014,-0.5739758210762509,-0.5981291966414682
2025-01-10,-0.8203199232907848,-1.201830904806904,-2.437726887713596,-2.3095179711276494,-2.2308769147432264,-2.238351243174762,0.9814538466149965,1.9859292112576612,15.515136646015597,2.584612275485058,-0.6686933151414386
2025-01-13,-2.6142780348490224,-2.3641993414188605,-1.6788332249832216,-1.6268952234932135,0.8012699960630273,0.7993943688483033,-1.465221150522564,0.11944704472271506,15.10727471002356,-0.7093135034158807,0.16599752180181607
2025-01-14,-1.400405001926153,-0.9121699374067896,-0.8845392697509187,-0.0667677254626072,1.6294680302021574,1.6177880501471285,0.2504270099576505,0.3110477808617048,15.215609446633172,0.20169088754173253,1.4397812487510682
2025-01-15,0.8763536532757811,1.2852740419383015,1.1228182710176942,1.636784456846264,1.6156845891419565,1.6036569444570399,0.33901808350477125,0.5818346339600099,15.367192442728731,-0.05386785075504269,-0.017778020818605002
2025-01-16,1.319918095265134,1.6602048526189954,1.6979107332096328,1.8335443367702753,0.6548040246428454,0.6557348189496448,-1.1249001109749117,-0.7716151087779332,15.061306743255656,-0.5557876323640661,1.1791304960680726
2025-01-17,1.8264577190736226,2.030545409277992,1.7529802136673747,1.8415777731915857,0.6650759049539771,0.6646530843796874,2.013820839940505,1.497923823100049,15.682223035059922,0.5132269947216725,-0.04672903562388659
2025-01-21,1.892806867394181,1.7414398256559604,1.7648689452137725,1.4775816566638451,-0.17948140388512088,-0.17398046484766364,-0.9337454358410329,-0.27406245697447235,15.406825435796357,-0.3646719669349851,-1.0261447484093191
2025-01-22,1.2800900583840276,1.0308317245367833,0.32984060413642907,0.49382007438124664,-1.5189199236326891,-1.522015482995189,0.28534003381654677,0.3299134780557548,15.579984643774761,1.848747942093867,-2.0872853883841858
2025-01-23,0.4503501848237957,0.49294386432395493,0.5442874764473359,0.34447710472075715,-0.24085482104220082,-0.23473297854819278,-0.8623046628382165,-1.0372104925387633,15.302668061703756,-0.13763623496736477,-0.47381856705387687
2025-01-24,0.1297829638634579,0.2934518755204203,0.3636868573956167,0.5839380213285683,0.3722711502289348,0.3754453678676404,-0.8757822603205306,-1.636280579117847,14.93728616035983,-0.21552145572308812,0.9825207776597017
2025-01-27,0.5512723469251102,1.2062105640547998,0.972532404127537,1.5299092621378532,1.517613186571306,1.5048158704605592,1.0969277066339367,-0.2660546870357877,15.327468157557794,1.1389964200782297,2.154638994858242
2025-01-28,1.408543729606639,1.0077429930226576,1.3851045078342814,0.9079538742758156,-1.2245862103539877,-1.2256009656769546,-0.8377673829899817,-1.2118828242144666,14.997636753486347,-0.9538786497610264,-1.1661120072837179
2025-01-29,0.8513768098688426,0.9599536080677683,1.1506546079647146,0.7039854313429721,-0.4540357592857931,-0.4494476908561011,-0.5980223471272448,-1.383277283564954,14.741435134971711,-0.47268284010691475,0.12761871042181122
2025-01-30,1.0599860011216666,0.8521341502678272,1.1336512292938774,1.0736014451392248,0.3026873449513274,0.3074369624677659,0.03339720243442839,-1.0207676684552316,14.75246668210076,-0.7633950225755445,0.01796570244038168
2025-01-31,0.8276458472862581,0.3814579928666136,0.59686432047037,0.2401968939320385,-0.7635565068735093,-0.7632946714085258,1.9117371276031925,0.9085682238309412,15.509767629566788,-0.5846204524344527,-0.13374577759001313
2025-02-03,-1.1496886548079237,-0.9299832431986238,-1.3887125901838353,-0.5163035858808734,-0.6803625265948527,-0.6807991220190779,-0.5436334701603842,0.44345208230648575,15.25818548881514,1.4043354500313392,-0.023489140324898843
2025-02-04,-0.3559798344730635,-0.531463378846393,0.02699002863135257,0.0876545232817152,0.5321428546532467,0.5377557540628909,-0.5720815798253668,-0.2664730261465013,14.990590247429648,-0.7225363852572777,-0.05954803495829977
2025-02-05,0.5530963084223293,0.8128263716928711,0.8980842349866044,1.1271668116348201,0.9517915974824648,0.9546739827088523,0.3042495245807587,0.6840269267676942,15.145975298477905,-0.5750229356877478,0.4061564006812992
2025-02-06,1.2988207473295947,1.3663405832111737,1.343347061809106,1.5987119239485794,0.3281079432599307,0.3330254344970838,-0.08848929473353104,0.7499623264129356,15.159080334536807,-0.720342328792534,-0.04060802742008043
2025-02-07,1.4080447926867459,1.2928404672583536,0.9977640217992828,0.44298075870520337,-0.9898237523208452,-0.9934953855722911,-0.5235169938091208,-0.12178272461240057,14.980254161100905,-0.24700717829373317,-0.22063131992545595
2025-02-10,0.5921870393841515,0.22251255861651223,0.35588094424875527,-0.12732499419748136,-0.5265022353663509,-0.5246334425649883,-0.24658210109159737,-0.25053211342030945,14.882735717352443,-0.47979555565070325,-1.255879979320562
2025-02-11,-0.13296179059541172,-0.0657430423989188,-0.0913630575146937,0.48100311718364575,0.5664643134569995,0.5689289583597436,-0.5307596046000452,-0.9127418295771409,14.658198236345669,0.10024406446966531,0.7527572781796222
2025-02-12,-0.06311922965928897,-0.2615077528359775,0.16444093079577352,0.16860986173832623,-0.29724318446575154,-0.29401895180535964,0.7990794791568695,0.1646710765124981,15.008705792369135,-0.7810773240795968,0.09472914522746363
2025-02-13,0.18396089861033207,1.6380979044532589,0.6946028064666399,1.8465859407412677,1.7115965741728671,1.7044509828244427,-0.2088493576452095,-0.15316815697553995,15.001737125173676,1.3086629421117277,1.1592661760520955
2025-02-14,1.6777244544355676,1.7049784019014118,1.6268469531784981,1.3004707042935835,-0.45098844170110663,-0.4483580382664906,-0.44251401532510304,-0.40897807557722204,14.854302422195868,-0.5187015029310307,-0.4770597735860349
2025-02-18,1.320088207897848,1.3488759695977466,1.3321027662164162,1.6103954990927243,0.3323773358251015,0.33587192134958677,0.9180856365132529,1.2077945269534889,15.024769665137786,0.3337798343305733,0.432971300653905
2025-02-19,1.505751700896146,1.268893004620635,1.6051263717256083,1.4779549658975961,-0.17471681594002522,-0.17118603203986787,-1.2410717407757237,-1.0090855096827371,14.706073551690404,-0.9770178839615076,-0.3466893401334772
2025-02-20,1.400757772895555,0.9505378529998474,0.8916723769367981,0.88624109811248,-0.7172147541183516,-0.7175292523142818,0.5067405941354887,-0.05993683395121335,14.790447862487236,0.14492132490350948,-0.09584353940123333
2025-02-21,0.6740730885334285,0.707055851180976,0.700242807836834,0.25349536562342645,-0.8195363462775942,-0.821920568740531,1.8543450901995469,2.3931087943918943,15.222857010572795,-0.007462092103203588,1.4740307351286634
2025-02-24,0.972116942194333,2.353528609173827,1.373985657417835,2.280395118657814,2.4494054903054154,2.4400381994576836,2.4258060552242853,2.7074507754850736,16.10424020606307,2.6654566137847424,2.6010142683717614
2025-02-25,2.321085549548793,1.8609218155089082,1.9364291896006767,1.7932307964718122,-0.24164925765307585,-0.23840746067434085,-0.932365105563316,0.7983004336944475,15.72616370511645,1.1865228673645183,-0.03998480153029519
2025-02-26,1.484870216779867,1.016933786048886,1.6453080040127757,0.9739341942557199,-1.0529384337734256,-1.0658360980013035,-1.126945131974763,-0.6036414729745853,15.080625779439266,-0.32235113229634504,-1.1754709604323466
2025-02-27,1.0208635084868758,1.2354806289151976,1.5926331729916738,1.5182834816367567,0.6718647162845041,0.6805667447556976,0.262508978690465,-0.2799316039687883,15.32129782541149,0.03186078651469336,1.3420997031533688
2025-02-28,1.6805442090150922,1.6489498838927323,1.935817384360562,1.8733045369988721,1.00046019677233,1.0070566879672531,0.6090146807771596,0.3548591031658475,15.739803150878844,0.30908412253869005,-0.14998617191754055
2025-03-03,1.7807436544112294,1.4789342324710641,1.602708956189066,1.2500325901435434,-0.834343018377409,-0.8389415284056396,-0.7532414446159893,-0.4174838664447988,15.447160154370248,0.41331682472353626,-0.02214917911601539
2025-03-04,0.8869898648981834,0.590718097826111,0.3039514230499888,-0.0019683102724665663,-1.571410993732592,-1.5941929132612211,0.04753511485410083,-0.19506541512247913,15.628150667994339,0.8390641411233605,-1.3016647834877673
2025-03-05,-0.12181521242664375,-0.15739719461315363,0.06978980450894352,0.10498149173902341,0.10989482597227215,0.1189633771066102,-0.7259751744351568,-0.7764125944251005,15.36642934297216,-0.517697019907663,-0.7332167647400559
2025-03-06,-0.172737372134085,-0.5302840004947741,-0.1602779198537311,-0.11870171752279624,-0.24522454809927335,-0.23795799450411814,-0.5373337124244746,-0.9935757217275528,15.199226848714744,-0.7981997588692156,0.35465206044727454
2025-03-07,-0.4447362350039652,-1.069725552612646,-0.6106094038826623,-0.7788698856150985,-0.41809375365043244,-0.4125197714710941,-0.23620012242484806,-0.8762315481358587,15.161555937444,-0.7239447959570826,-0.8841099202041074
2025-03-10,-1.4219595691100084,-0.6870328508375062,-0.846698149299341,-0.5239806100527088,0.2217428369793802,0.22739934860134875,1.6513848869730856,0.4461902008094337,15.650010340561863,0.040068589386175475,1.4077300931793006
2025-03-11,-0.5374768495981191,-0.7359132849164353,-0.6064716782893422,-0.5871188526290638,-0.0762873368456109,-0.06983382292911855,-0.4927405724194132,0.22156678378624128,15.494157505187022,-0.7223389705194257,-0.0032574000819231975
2025-03-12,-0.30988405998731333,-0.8132270658904016,-0.9246089172711852,-0.6778719074629014,-0.07889853644070663,-0.07257207851810642,-0.9930531741360342,-0.9781641599899784,15.169049520668647,-0.12951477786497753,-0.735387326539711
2025-03-13,-0.4564462456531662,0.36480241211592657,0.06885537841554185,0.5653061166281671,1.190603385279061,1.1841643678033227,0.7787433982803496,-0.01554338675236128,15.4455744841091,0.9589769478311343,1.5199030658818706
2025-03-14,0.9034677263756101,1.463164504506704,1.4877185018422379,2.0701666409304504,1.5249471934609062,1.510744907413893,0.3822835075571876,0.9369297622118348,15.56915287822137,0.8658119947231504,-0.3895783389198492
2025-03-17,2.0110627075421226,2.1696600463937887,2.4226943242538996,2.229788697129103,0.9884599410692128,0.9828392520567761,-0.39106988459129793,0.45652362682222175,15.4913728995929,0.2686712987833873,0.27305945474341314
2025-03-18,2.1982850960681946,1.8266340142037436,2.1101966407088204,1.6398655542728335,-0.5691706271027445,-0.5681846795863136,-0.35016874467245374,0.20298312344962754,15.396096424345826,-1.3835890489619302,0.1900353972315613
2025-03-19,1.6251691174410292,1.3179754644993833,1.5311575114702927,1.4086460995191572,-0.1333429087502065,-0.1297646153451756,-0.8126162094388942,-0.8307915843338091,15.149985433650805,-1.4381795412770473,-1.023866032409398
2025-03-20,1.193780880311352,1.2851387452168785,1.3201664858616509,1.3194839298767018,0.058666072272171875,0.06270190046453628,0.14514313059776932,-0.6531800094895399,15.218022943085224,-0.7161370701368651,0.10313439861449292
2025-03-21,1.2010316446090081,0.9568740067076811,0.9693920537583418,0.6701223656320631,-1.77902285978384,-1.7904090105970956,2.2128074744709583,2.2779711474187887,15.961009115721954,-0.5696764442749614,-1.4039684232871117
2025-03-24,0.6949089812279435,0.6749042130751786,0.8395488433165594,0.7946531561147854,0.18314927533076347,0.18738435849309196,-1.0913772197413465,-0.3258541603914917,15.39632283861781,-1.1973049181459399,-0.993184159293916
2025-03-25,0.8304260262823678,0.9810763137637587,0.964879309913842,0.8832222135015962,-0.06976686733989855,-0.06526239437251083,-0.5051702441046723,-0.8056983061775341,15.19296622263646,-0.6099534676524019,0.10752469867905991
