Date,open_std,high_std,low_std,close_std,daily_return_std,log_return_std,volume_change_std,relative_volume_std,log_volume,high_low_range_std,excess_return_std
2023-01-18,1.1927454585611637,1.16008096326282,1.203396671443422,0.7537292535671563,-0.26571833403459905,-0.26027179244199156,-0.5421572341463642,0.0,17.186822485039816,-0.5836029838079817,0.0
2023-01-19,0.5382433969243752,1.2731574687302023,0.9839187316618281,1.3084572340961045,0.9746294793846898,0.9752789090310304,0.9274349405428874,0.0,17.426439308387607,1.2328201155431964,0.0
2023-01-20,1.76665350100937,2.1931354358586,2.000477667623328,2.2361374317634852,2.1077304864635154,2.0922440379228253,1.845206999350414,0.0,17.96167404224083,1.3064822943899375,0.0
2023-01-23,1.9520383975052835,1.976215276811378,2.045512684462562,1.9548231566220495,0.23344026934666723,0.24315381278194084,-1.2765985647313447,0.0,17.504517528947588,-0.33050114690740845,0.0
2023-01-24,1.5207191191522025,1.4349367485711537,1.492979577478685,1.14693640595268,-1.4327921950003544,-1.4533327014545485,-0.733578854338374,0.0,17.314394112703678,-0.6072800639090403,0.0
2023-01-25,0.7175664045319675,0.3907686279416543,0.43231645777006067,0.3385022137700719,-1.330806646898504,-1.347766242952003,0.6619492317733546,0.0,17.561006636121014,-0.2887248366626366,0.0
2023-01-26,0.8409872433476266,0.6535860391863688,0.7639938937826901,0.8441583103734481,0.7382679284030648,0.7459563230723236,-1.048659728784209,0.0,17.22050077107227,-0.773877501803848,0.0
2023-01-27,0.9148881926423146,1.2134475138917384,1.1275800900122634,1.1377182702425068,0.42301192901220463,0.4321443923737204,0.21146702865941536,0.0,17.338329554059094,0.9470765415116135,0.0
2023-01-30,0.8035557150336128,0.45923969136127196,0.6790068896003882,0.2946738334181528,-1.1525358074385843,-1.1624839031521876,-0.7364633332542836,-1.1253545817253707,17.119690339676243,-1.4752032357721465,0.0
2023-01-31,0.4378652292939839,0.5077373963556346,0.6712934432999917,0.7398201759397246,0.44032880514941847,0.4492363859398828,0.19035141302799333,-0.7589624403435666,17.21238865827982,-0.9994371167210835,-0.05701303033615557
2023-02-01,0.9921656731276454,1.255682153605238,0.8291966486140111,1.2346104768394968,0.2354433734626003,0.2454827164608384,0.38305590816690943,-0.32282866448830627,17.385918955414645,1.5950854531975263,0.01816433296898449
2023-02-02,2.638182168039925,2.5292692451760965,2.617626396066348,2.54522458788616,1.7786432113063133,1.7493598014015184,1.92645671475974,1.6295705276102612,18.062344434996433,-0.8787461943091083,1.998694141562992
2023-02-03,1.3260763337059518,1.7646553673824101,1.3106889577234921,1.3112549509939322,-1.08638434848202,-1.1001652628808083,-0.31765940688176,1.540547087276449,17.994645019019543,2.3966925625890916,-0.8316770412082712
2023-02-06,0.9623365552886092,0.763868709967947,0.9311207989786545,0.7075776212314756,-0.6606372925492136,-0.6614621635823961,-1.366036801148239,-0.7214613976290256,17.281233991936265,-0.3663949745451815,-0.5293571379807359
2023-02-07,0.9938645579401568,1.3233861081778162,1.0382672883449553,1.4666779873017963,1.060143405722379,1.0626013351128887,0.9882192547347661,0.30712658296999545,17.707539018081157,1.615444909182967,1.0532449963422323
2023-02-08,0.5200746784550666,0.09214287781263725,-0.4096793682537438,-0.547163764360382,-1.9236760363060952,-1.969997935327031,1.5207372908148937,1.8859607434887817,18.366683808545314,1.4331526175513303,-2.069345268411671
2023-02-09,-0.22290579524609636,-0.7715864341154355,-1.508367864185304,-1.4512653559184912,-0.9456724303460577,-0.9449289956405935,0.05891393814253061,1.5919318624658854,18.59845029774961,1.8365146023270338,-0.9428190901954187
2023-02-10,-1.5225453169334509,-1.3798234859800278,-1.1706023709641074,-1.2990759881720277,-0.012820136795892358,0.007012852269907858,-1.3357117492063062,-0.6425220812518874,17.822492790711035,-0.6162954375405628,-0.06477629332894867
2023-02-13,-1.488107088235199,-1.5145454402144507,-1.1370750911202296,-1.1790702671267776,0.046117553108956565,0.06557943885020813,-0.5110701141467202,-0.897993670004495,17.729054426293917,-1.2446245922742651,-0.1892341984095029
2023-02-14,-1.3876401759106076,-1.3652148685997012,-1.267446696364505,-1.0189359216430884,0.09825817556736376,0.1174729709009317,-0.16129582078095334,-0.8395571849931163,17.817851319946516,-0.5317894845119276,0.17591318411765572
2023-02-15,-1.1634742067312938,-0.8149262742271683,-0.7686380678082866,-0.5258370410188242,0.6138625397728399,0.62551196635783,-0.4411547931608958,-0.9537315728600431,17.730907883963997,-0.2962598868833261,0.7025711271256513
2023-02-16,-0.8018172210391739,-0.5627127120009084,-0.503571248116508,-0.6372999207284603,-0.09680061972321273,-0.08087321835182076,-0.4266200295300569,-0.9184795047809077,17.564134270017473,-0.39930756282734287,0.30342407897267154
2023-02-17,-0.7642910344644503,-0.8237953657399921,-0.7123702388179057,-0.7158840131837058,-0.06630538562977806,-0.05051911495242296,-0.47984854270778976,-0.9078433262703621,17.350192276977204,-0.6063245002180963,-0.030264393767144057
2023-02-21,-1.0459269189348221,-1.1190649925442968,-0.9475404380055238,-1.0618326353813845,-0.4780509776605841,-0.46356992057258034,-0.22510565996223386,-0.8629421582164216,17.33090829848706,-1.1115984905715244,0.035973374239217634
2023-02-22,-1.257592828934854,-1.3715284789376825,-1.5133298481800717,-1.4257880531362015,0.5008101404311467,0.5033447249175572,-0.24652283921941995,-0.7756295781866146,17.245748840790068,-0.8375229639801031,0.48500980680833694
2023-02-23,-1.1493546196281883,-1.354816965588264,-1.8298121516173131,-1.6167033106510729,0.02439083900288568,0.03251385848470545,1.5567564084212324,-0.16066550017072215,17.534104166329676,-0.2471954035180068,-0.5284348941150722
2023-02-24,-2.0797806417085845,-1.766436445476181,-1.7733273688243816,-1.7721773823500095,-0.9396325119518452,-0.9437404285444301,-0.12604057622048798,0.7263428018682799,17.41515163899073,-1.1576153750867109,-0.5298110695327786
2023-02-27,-1.446061779697978,-1.3142670374882133,-1.1413453364361488,-1.1748046415087114,0.9056638416489591,0.9088207712267329,-1.1658811055976106,-0.31729755638861296,17.129780231863705,-1.4929285573724569,0.7408177454838228
2023-02-28,-1.3333450204745234,-0.7634190413472361,-0.9411084858663019,-0.9031467085070747,0.4699086199550555,0.4761476520997709,0.7736953161154538,0.5910789346240659,17.221430139138057,-0.042959849341631565,0.5892799621960346
2023-03-01,-0.8629094992662022,-0.6896398460112892,-0.6506432550858788,-0.6414586678171259,0.5301367041002288,0.5359454054918961,0.44766800255382677,1.269117571426217,17.253078473078844,-0.7014104481266578,0.7803311532713274
2023-03-02,-0.8194565419917877,-0.08972300279391887,-0.5389787011544138,0.2178693328674021,1.6949649582556539,1.682034864964492,0.39243235911783286,1.5359987081380762,17.287613678193818,1.3460391344043516,1.4021491906519221
2023-03-03,0.675252248147847,0.9529268480394787,1.3231570902820606,1.3659702828327442,1.318005092200815,1.3097936583522531,0.5899026761171599,1.6789247541099435,17.375422503359605,-0.7347211620686845,0.3104431645271749
2023-03-06,1.7014380828753453,2.1232981060945195,2.055213923147994,2.0088583909223563,0.9601937931369097,0.956076983393585,-0.49729269061319,1.0341135520962332,17.30102767238969,0.46915632840422294,1.477123081546762
2023-03-07,1.8040317066555724,1.5490701627939507,1.4770034309170843,1.1092134211213953,-1.190941309275159,-1.1924538636292565,-0.8595971885309618,0.11145238493931393,17.141822778359987,0.6508602510542837,-0.06650464106253502
2023-03-08,1.1526496220115554,1.331001338119609,1.3579337777520346,1.0858879666000734,0.09754257363334204,0.10311486832241093,1.1477954812843676,1.27222859468259,17.34490474108765,0.2494267664368594,-0.009041954454559813
2023-03-09,0.9649754107336507,0.950166247729316,0.30667268902998135,0.12140393191945036,-1.5048859910282282,-1.5104468180932002,-0.8944489963146827,0.1082313611570605,17.176354619983165,2.1278936322062156,-0.9024487320459789
2023-03-10,0.04752539029997005,-0.28719550982221287,-0.5154366331142658,-0.8198042252398547,-1.3799536377844235,-1.3832938703785789,1.440769019305936,1.5656529246394344,17.39738929090734,0.5111819969555873,-1.458695030711597
2023-03-13,-0.9229987241311689,-0.5621536486857182,-1.0194427557722416,-0.68200747989657,0.2655895070570067,0.27087414066330245,-0.0032031031375149327,1.4329147160351543,17.435457879818024,1.2843253540656159,0.37826139726605323
2023-03-14,0.07694676223219771,0.2090652057280914,0.3801000633803469,0.7439592309181998,1.5638554059842824,1.5488065690594595,-0.44208334019613926,0.792212194963983,17.400422997269146,-0.4583337920374864,1.4090489748254469
2023-03-15,0.27775757586070193,1.4175727042391184,0.3536362375779681,1.6026842092578293,0.9030833199997882,0.9011315742305117,1.8720205353273633,2.318678214820026,17.73989881755379,1.857934546164043,2.1708420659153163
2023-03-16,1.6630229459507537,2.3089118165298927,1.6088785664223078,2.2463949268330126,1.6195643680377445,1.6014855069467073,1.0461101216241313,2.222155815927255,17.99743857101056,2.03015733093791,1.4447372309836113
2023-03-17,2.2492164267155417,1.9551202854657692,2.26916762763435,1.8496773014200028,0.21304148924581737,0.22219706296456834,-0.7012425500392341,1.1165056679271839,17.926851542528063,-0.3528808520644064,1.017769806108922
2023-03-20,1.6213183696292472,1.2931234564205298,1.6352479295404476,1.3753175609867452,-0.4815877518464842,-0.4759890845975336,-1.8922992628189559,-1.2122549019462798,17.310817429193673,-0.9740190479733345,-1.510934464941155
2023-03-21,1.5057083404655942,1.6128217080965983,1.5202410893333616,1.6496127314434534,1.1318342996201718,1.1270812532649852,0.7631128177168665,-0.6492996169387847,17.55580294805842,0.38425163083486374,0.8544372478941608
2023-03-22,1.655857408070741,1.4775764472252553,1.5213973638302034,1.0863879683390851,-1.0274163821949083,-1.0298939388090285,-0.10182112300482286,-0.5995470378455122,17.586601159294112,-0.23048781030833687,-0.6146487009933675
2023-03-23,1.404844368519454,1.1423850041340486,1.362250734954469,1.20987619319671,0.3671611858152696,0.3744146157855698,-0.5083622205903899,-0.9031141805508935,17.52413874086307,-1.102787061831568,0.3986957128428883
2023-03-24,1.1297711730000726,0.8246085697311804,1.0316287764882162,1.0035260190836492,-0.8865831999887396,-0.8849050857240892,-1.0418356866611818,-1.3515992511985306,17.22973278025111,-1.0798966482599768,-1.3347569625146944
2023-03-27,0.9105237842023935,0.5430223367484236,0.535452155230318,0.24646962620836446,-1.7151545271303288,-1.7330091480202143,0.033246680506288324,-1.0553399588485106,17.25339020929751,-0.18717418081070078,-1.940257233026499
2023-03-28,0.30067871215071645,-0.3016570247654121,-0.14046819270550198,-0.41066715979028323,-0.9048778373097932,-0.9046062017663037,0.032224927552459134,-0.83652108206652,17.28305423201047,-0.2816484144497006,-0.8860015312003534
2023-03-29,0.046596624959752767,-0.7141521946226251,-0.15982748344017964,-0.6843742884363313,-0.08807795020079044,-0.07810146916212089,-0.32697154942580253,-0.7745277439544259,17.17517739553309,-0.7586024164630731,-0.6481110070588679
2023-03-30,-0.8663641362501124,-1.3849403542975502,-0.9497414627365676,-1.0034640073653442,-0.29866836407440406,-0.29208665921956667,0.9410404805797149,-0.056271888828183673,17.314626865207718,-1.2395074868724734,-0.5011967898440624
2023-03-31,-0.7657176734856944,-0.05570769679453344,-0.3127971971809056,0.3878086120066582,1.2589297065815317,1.2561514212629898,0.6611443385695412,1.4671945813408478,17.422729773990756,0.5589240593218247,0.9760534638877308
2023-04-03,-0.3439617791521047,0.14327483108142183,0.08420535838581213,0.5787445108779211,0.13795816919297466,0.1471908436858757,-1.7080764338245504,-0.8127549609819879,17.035801421193298,0.14013120708998555,0.21119003557983398
2023-04-04,0.6849965280498709,0.6963059211860043,1.112578226069815,0.7983370903110644,0.2083701574500176,0.215720863761425,0.111988954504401,-0.5218514394352649,17.010917162592417,-1.1015625464296213,0.811518009501379
2023-04-05,1.3656247349204726,1.0482581454363566,0.8647097366227597,0.583476693954278,-0.22137587194464284,-0.21442827302057435,1.1547018645288005,0.8369312170762802,17.158036652558902,0.39677390063640605,0.19229966149249145
2023-04-06,1.041190148541958,2.031278885099233,1.2579985265874774,2.021077452607402,1.8477970496764575,1.8308187487101657,2.3484122147854096,2.5485230197919897,17.701425720335667,2.3143376765838233,2.0162574628510166
2023-04-10,1.6400001834224154,1.1485059916797409,1.4827996105119015,1.0847536390961807,-0.9656049361046413,-0.9701521516279394,-1.5144698175483702,-0.11560516277478385,17.11384064663764,-0.15270518263227537,-0.9211459487960938
2023-04-11,1.2233601986363258,0.6959303697068167,1.0409964840057413,0.5209147637464248,-0.7385149624864382,-0.7405964697609292,-0.16980180539494022,-0.21722573871254586,17.085528103733346,-0.4855818003748985,-0.6154604552896106
2023-04-12,1.0072916462607735,0.5588076165251996,0.7194468525863004,0.09082790145848157,-0.6037643166531066,-0.6035502922148303,-0.28136735234653687,-0.4219601570984989,17.00887577677665,-0.0626034473854001,-0.20889814886801567
2023-04-13,0.5507340946271883,0.7036229774241171,1.2243379435581687,1.1430743425242529,1.1083773741047007,1.1104066614648163,-0.024875856709767434,-0.3778254347521397,17.02811077231662,-0.8302730023103245,0.6731592958665032
2023-04-14,0.8700081503032606,1.3125802460442244,1.5571048980257893,1.6530258308680297,0.305171076354345,0.3131911511892765,0.16289910252187348,-0.054732716112702307,17.095594401498694,-0.4854928400185813,0.6537915125544062
2023-04-17,-0.6059383413611846,-0.515632923711115,-0.007678268318505907,-0.05793142413399686,-1.4650317473550625,-1.482513513905545,1.09033977584642,1.314248976346036,17.44174838403416,-0.7708201235700537,-1.6979760622874653
2023-04-18,0.5952175077482278,-0.4732232718156324,-0.703986764439485,-0.95302366415248,-0.6977605999075865,-0.6974605817663493,-1.040293443934607,-0.24316548881812117,17.096286463846074,0.1292900112994061,-0.7502272206228743
2023-04-19,-2.0908080489760223,-1.6004277748687914,-1.4626572403806406,-1.076364771742448,-0.1342734055259721,-0.12619051406830104,-0.7246322923159272,-0.9689590567092848,16.855532454858288,-0.49911653809082723,-0.07077848541733398
2023-04-20,-1.406232089845198,-0.633361306646002,-0.7537635100302423,-0.495859117574904,0.47003322766183986,0.47911465572397816,0.7963209387236708,-0.027355440244424458,17.141294536280885,0.005090654018521393,0.84569544178912
2023-04-21,-0.18021927959309067,-0.6916204652840642,0.06367538059757845,-0.2754123772815462,0.23845503517539707,0.2458412052907555,-0.16617867123673116,0.3727296581233718,17.065888964612867,-1.8928557087268396,0.23344067549809458
2023-04-24,-0.04810309700796336,-0.016467454610854897,0.027819620510181692,0.14617744429754206,0.37041966654779745,0.376327707130775,-0.42758000407944796,-0.13156777293591235,16.97433064167275,-0.11827464617473023,0.37407659772245233
2023-04-25,0.3188759963554104,0.04554162942747422,-0.6948361414667787,-1.1352244143144745,-1.151026065048696,-1.1549111971940507,2.3152951709898804,2.387737442983921,17.658485711822664,1.653013334167389,-0.26212604567915904
2023-04-26,-0.3676269547218391,-0.2444242183601833,-1.4382373245341447,-1.1016421309088245,-0.03552736323804618,-0.028254739186605815,0.03746684656654058,1.8135178867395074,17.79233956750323,2.1708076332178536,0.16762151375839782
2023-04-27,-0.6725728116938908,1.4600768446517074,-0.557380611850408,1.2366571454890427,2.0210103955502925,1.9997747292532777,-0.4850761439882379,0.9500198774609954,17.729315993918895,2.1642024217478157,1.1626189999962042
2023-04-28,1.69256316024462,0.9258869566199774,1.3732213466120315,1.4349019559221443,-0.05909037005601606,-0.05146854518908705,-0.9198472802643961,-0.34735510791668617,17.402905336749058,-0.2680077923457479,-0.5961822230105569
2023-05-01,1.2051109040602348,1.2984918084114911,2.1745742037695437,1.1496806944970146,-0.16640219357871378,-0.1610166705082454,-0.715296944331378,-0.8829093485390163,17.099488532601583,-1.1811072874355597,-0.16792324210026002
2023-05-02,1.3131150963214886,0.422808958258687,-0.4134820438439329,-0.18531202862650914,-1.1628968917885658,-1.175140171817291,0.25773213212030005,-0.5615434389491145,17.249407468050425,0.7823316245376708,-0.8295708745290346
2023-05-03,-0.12121554494096669,0.5876250615417468,0.4938238823592348,-0.22117499607222457,-0.027285165113713702,-0.020394913038652346,-0.9143198731203892,-1.255269664537163,16.897209542200677,-0.11252743638566792,0.5477598995599849
2023-05-04,-0.3643652654471907,-1.565291976163106,-0.3801978875187166,-0.6922215615057881,-0.40808979121760725,-0.40617317914564227,0.11816335182542079,-0.9777891460685509,16.96907960933128,-0.7775415502255606,-0.09843114849855555
2023-05-05,-0.9784805479673092,-1.2095298396764955,-0.19970666071122653,-0.06867658004363603,0.5136007569933496,0.5227257653243923,0.22924115490655367,-0.6775185019783101,17.0973649754139,-0.7453988165892074,-1.17948153833601
2023-05-08,-0.5608022262584149,0.9344806203939476,0.6686851539206914,1.2532322839837613,1.1116109202631919,1.1156215447691904,-0.17223265956876033,-0.6623146079733837,17.093085424850695,0.05981979982783654,1.7364343033282148
2023-05-09,1.8724309594035722,2.0461616186515017,1.7188904021844618,0.8101109377447094,-0.47210070642221347,-0.4704412689499402,1.6736974259621014,0.30184200690609797,17.408982605047473,0.1506001065060561,-0.14503478691566019
2023-05-10,1.2327155324982015,2.2805314597130195,1.7247534941793619,2.3587516522005405,1.721003846550353,1.7120964163730572,2.105596497140083,2.1904643432265534,17.96107726120925,1.5944705189016908,2.040120586701209
2023-05-11,2.6167386681507048,2.352284011432848,2.5398649175947274,2.378135025777099,1.7109107637729695,1.7028400084310642,0.4940006395634027,2.0812646140987017,18.183691798490372,0.5157199265583688,1.8846864621851533
2023-05-12,1.9671040371340092,1.7027554118596364,1.9791704280422056,1.8168657251842548,-0.060186714896629204,-0.051647592986144644,-1.5454947702385466,0.036996233265845044,17.53088103095638,-0.7975830531517961,-0.03779221118201648
2023-05-15,1.4121862822112865,1.3911342007231207,1.4899770894096795,1.2708268479235298,-0.8279244464988942,-0.8308704417540566,-0.5849594483504822,-0.29556652892749646,17.406413307755265,-0.4942060066947075,-1.0802407724982048
2023-05-16,1.192521975949475,1.4099633635706457,1.253713800790041,1.4274045794619916,0.6772877542478104,0.6842230156201445,0.43549710237588907,0.032193457680230846,17.62296386828691,1.1001787770480802,0.9702746005636557
2023-05-17,1.3927356167121574,1.2489163820730882,1.3418433568475534,1.318683517058661,-0.1497494116408241,-0.14219031422638692,-1.0411099078653858,-0.6607146616495332,17.321776442652716,-0.28977660957977025,-0.6474346931507295
2023-05-18,1.3015272251190741,1.2516632321201526,1.3464010354617142,1.3442200470894787,0.013557432731871133,0.02113119797473163,-0.1053845878737628,-0.6604506031853596,17.377527788169985,-0.6612348121271765,-0.29731002948189655
2023-05-19,1.4157345843826241,1.4287687762976804,1.300960799761778,1.1301701512913946,-0.8967262623407368,-0.8980595547222591,0.22259964102219082,-0.46845343834237546,17.537106469306785,0.3558295872400246,-0.7051685973149736
2023-05-22,1.14151317757784,1.3110004110608657,1.2046995561887106,1.2916391972260695,0.19987764195320853,0.20788548374715135,-0.6571371928390422,-0.8122104460407199,17.378061218350567,0.17911700650976162,0.25389253287458025
2023-05-23,1.173432230266442,0.8503601848975995,0.9661657469486862,0.739810148061784,-1.659400815739883,-1.677384216250963,-0.22737448273536162,-0.7630166820537284,17.343231950297422,-0.8578907617206731,-1.1064093882232477
2023-05-24,0.4265516783753142,1.3756154253145755e-06,0.2945730466667527,0.13534757357313254,-1.1228762901868328,-1.1284063520693002,0.15287379544251134,-0.4968112361456708,17.347227329889304,-1.0965198210339338,-0.8063716149995679
2023-05-25,1.1962165895182595,0.8919437550523039,0.8287740162874376,0.8460458777252197,0.9811458339734319,0.9778245585794454,1.1807010643532505,1.3601902779751638,17.56069947816397,0.45595869842934406,0.5358162739643747
2023-05-26,0.6287985331975697,0.7254874888881625,0.8390393570364716,1.0592636594750626,0.20010758015165422,0.2062286034611135,-0.8981141392655615,0.3406916506754948,17.38886414272924,-0.3468001243939413,-0.5778692323681035
2023-05-30,1.260880328678125,0.7736095310916437,0.5205385906957485,0.5993127035985416,-0.8699277191616096,-0.8660602098390081,-0.14984427747516949,0.2466676479914567,17.373047678856732,0.6456761938193221,-0.9034242005227294
2023-05-31,-0.0498483951525028,-0.2182386428406905,0.7351882286643262,-0.06362946210288634,-0.6463902491939602,-0.6420521878146533,0.4722973813283623,1.0822885449617754,17.435195361306615,-1.7530956183217383,-0.1681256571309885
2023-06-01,-0.23835179216429828,-0.20499189786582325,0.7610574888461898,0.4096689260367806,0.31378928480780993,0.31920419563408026,-1.2715158522419157,-0.4821954299810632,17.24213852375125,-1.179721132621905,-0.4272943701755416
2023-06-02,0.42945780619894386,0.8818527042823228,1.5681384754743806,1.0088353076422205,0.4513608717293651,0.4558625569237797,-0.7479622024664366,-1.1349945618880797,17.10997985964902,-0.47401048316833516,-0.7049259009949378
2023-06-05,0.404138968200922,1.5214373670237675,1.3115005305685818,1.5618954222794441,0.5828632979172292,0.5856249790840029,1.459691906787621,0.34576604142779216,17.290748083289376,1.0212226175257206,1.2020019662246264
2023-06-06,1.5225856678753031,1.6705137607621405,1.8643795374591356,1.8477388437970355,0.6518573385509269,0.6535886257014992,-1.0568709801499216,-0.8815429980610219,17.097860625326394,0.2887418779271522,0.9937416428483148
2023-06-07,1.6371254033521192,1.5574863433639445,-0.36251980123125627,-0.8154689782769659,-2.2373701970686373,-2.25303004890338,2.5690399991682447,2.4379958609492,17.77706632795639,2.5052733905227558,-2.316700404052871
2023-06-08,-1.262670441382976,-1.4201012524393173,-1.2834902224028057,-1.22043156149064,-0.25042946900694657,-0.24093495109059043,-1.2474218573247902,-0.6205608923334494,17.196137851907825,-0.7049538368471278,-0.4419820578077404
2023-06-09,-1.0324339248745689,-0.992785581281156,-0.7204106263215316,-1.023202110513483,0.11274663376864424,0.11794644413149336,-0.4876752252297446,-0.9837982980164276,16.983619307861936,-0.6856797470405241,0.3237013480703005
2023-06-12,-0.678359594428546,-0.7597817904610178,-0.8285004164723472,-0.13958636686173284,0.8209580666988642,0.8131092028972874,0.41948080765940404,-0.22187722134736748,17.15859852078336,-0.31218025145996886,0.4786879054838094
2023-06-13,0.6695533878206694,-0.1940029548940282,0.2914576809752607,-0.03669578820424609,0.08908726173419906,0.0944813489691772,-0.5714733699670113,-0.8111701689248412,16.91912371338317,-0.4800796341970307,-0.14180558012816474
2023-06-14,-0.5031716934006827,-0.7329510794841239,-0.9641049455236252,-0.18256919055577023,-0.14037202807878815,-0.13194276002552782,0.8134535508046228,0.47901399929358884,17.2362589339585,-0.14062976142554923,0.13373651559591437
2023-06-15,-0.5047832504929454,-0.10002672677074194,-0.22210918668290808,0.5813857035765222,0.6944654457330085,0.6877846943824705,0.1939220616930865,0.9074411138356533,17.377871145546155,0.06514259808161586,0.22811946005893147
2023-06-16,1.041465123401288,0.2239408533873556,0.4970238899724752,-0.27616952115330057,-0.7675264157986017,-0.7565400341003873,0.438615567610338,1.488659009338851,17.633530550872564,-0.13352040282198369,-0.39873660136311156
2023-06-20,-0.626583446573564,-0.4132887670989896,-0.2750533013967526,-0.391621161218033,-0.08504877784494135,-0.07759934078939126,-1.1075842750017857,-0.5990694194266265,17.077350120582437,-0.3121954848319536,0.5386324296252907
2023-06-21,-0.758000102276187,-1.185744887316063,-1.9836041342939055,-2.0023595272328785,-1.0270234457286904,-1.0208306426438518,0.17415901133689832,-0.21746021253949413,17.226866202655582,-0.17703134327707698,-0.7541188275202483
2023-06-22,-1.8572340126135545,-0.9045675349907902,-2.0647258528673627,0.046583899155048965,1.7209694479053703,1.7082940191566554,-0.30436232354719106,-0.15725138056825108,17.1095755217433,2.4703449506276836,2.2326621870039385
2023-06-23,-0.9058212663810951,-1.2176849247515624,-0.3985041477147157,-0.639928224325568,-0.5511052865164215,-0.547551168013087,0.9042259752178836,0.8539495034681778,17.367576123668545,-1.0695708209249024,0.24740217205046244
2023-06-26,-1.1052061274160947,-1.5022650761444536,-1.7368947472075307,-2.2682321275277864,-1.8322852561579852,-1.84800652015179,-0.3709345624281106,0.40293889678286754,17.34098542579634,1.2520284449432524,-2.0082494203289287
2023-06-27,-2.0102672375627257,-2.159197585952891,-1.955701745687383,-1.651035800792921,0.2724283189464309,0.2783267020545853,0.3844339398840666,0.8887247550304516,17.49271970316045,0.31382815657848295,-0.5211968339344305
2023-06-28,-1.545430468582982,-1.2146803683631837,-1.307937000497297,-0.7040641795943395,1.116529447550613,1.11144163460607,-1.3791783836208777,-1.218441885543697,17.11472692922458,0.8130609596702216,1.3726596821995505
2023-06-29,-0.6314410609298964,-1.105093435212978,-0.5855427836330018,-0.9514931965668799,-0.3212769638433262,-0.31429907008525165,-0.47651070772581133,-1.321008073078927,16.997344775303013,-1.2977582154580032,-0.6497585744371056
2023-06-30,-0.19689551684380893,-0.5210768547985065,0.10078796669679764,-0.5558561434783611,0.5774550305129783,0.5816779064120968,0.8302847959613721,-0.34049306263257073,17.200568428918963,-1.3706709616423591,-0.16721360567002547
2023-07-03,-0.4001152260741623,-0.8228118305231563,-0.10752838727588736,-0.3137644884590994,0.2842222987842594,0.2900319211242657,-1.578337629741989,-1.9485449489056572,16.487443029343403,-1.1388379951862266,0.31058494010298343
2023-07-05,-0.24785920415040763,0.837143574420044,0.3444731495668914,0.8647019507494794,0.9671081040539662,0.9630448011381884,2.1652325944391335,0.1596529641465412,17.13277549059703,0.6168542551452141,1.2527592070796303
2023-07-06,0.2854052453742535,-0.6248959467311382,-0.11189921886958212,-0.10995747933237356,-0.8183484264634019,-0.8129953440479977,-0.37101514120906737,-0.20730918417800528,17.024142129188235,-0.6434334081620422,-0.2800654520735786
2023-07-07,0.4905404918952632,0.07943861972440364,0.5591491788899761,-0.3403360757816827,-0.1625829810461725,-0.1556446463302133,-0.4195967588506216,-0.5886373205067971,16.892481792626036,-0.7357302890107728,0.07096939380871826
2023-07-10,-0.638265454519699,-1.7311939538734442,-1.5052505259972022,-2.039362653992546,-1.2908909126812989,-1.2932345845014648,1.2996733829597047,1.5396168055405726,17.379824052441414,-0.19674118946527933,-1.396636357229328
2023-07-11,-1.7023646745855694,-1.6629885616372764,-1.5717689800288666,-1.3362781476425916,0.5376149178675942,0.5400720980392375,-0.8691866060819537,-0.14405886144531926,16.954425048514704,0.19298636666442184,0.19941219294278792
2023-07-12,-0.021192847743707485,0.09196846847408618,0.24037510664496256,-0.2255092265143488,1.0660920526612256,1.0609169637184221,0.5741572322206322,1.3229518953396384,17.230097925635164,-0.303291975466322,0.6977969687208184
2023-07-13,1.3521764986186133,2.075345137561697,1.2946678991304676,2.137535162580534,2.1857373218661804,2.163469960763858,0.7189664184352436,2.0553613838870133,17.606447852402983,2.2243925078857556,2.115911801201771
2023-07-14,2.310914051484093,1.9677793108556871,2.0321992146958623,1.7686405373201453,0.08857194035249197,0.0976081276677738,-0.8037371423213653,0.5113422769691195,17.320070490681584,0.821144367800271,0.30042131978645525
2023-07-17,1.909399538194253,1.5610956914358816,1.7220635521456569,1.2065358922572789,-0.5263332319941907,-0.5236799018881207,-0.6424142117756799,-0.31422249673977587,17.062631740358757,0.28948151162635294,-0.7184662984775952
2023-07-18,1.1677921518655057,0.6873358395583533,1.0525966011517607,0.7765390028135031,-0.5238557913987268,-0.5215416289178365,-0.2548002396656251,-0.6095502862489878,17.082277133126674,-1.0140988343099733,-0.8391221205365995
2023-07-19,0.9571063691424202,0.7341643967530871,0.5696917507939335,0.23798881771110747,-0.7117998133713604,-0.7156214000062232,0.9831615505423698,0.5954421018912013,17.43246429937101,0.8866185907448946,-0.778033809908349
2023-07-20,-0.04819286815693908,0.3187005641028728,-0.5943197714232897,-0.5902143062365405,-1.06902640453458,-1.0825376635526511,-0.2143313639116902,0.3636725120141549,17.450641099864452,2.2247518283075234,-0.7023875971829137
2023-07-21,-0.3101611059816394,-0.5902698507129955,-0.40310591765502246,-0.36239382391216063,0.293521722352813,0.3044961863395893,1.7356210978437943,2.1924825149985985,18.10511896585369,-0.5737420208511923,0.47547158980741316
2023-07-24,-0.10063012761093576,-0.15714553963842862,0.18707082403866743,-0.0676367519422118,0.420225068381869,0.43008033861284467,-1.4631707682535855,-0.9923751021992357,17.206189514438226,-0.7616620903200177,0.43542883636209145
2023-07-25,-0.4779922856338879,-0.3896879876007962,-0.0028213821111299072,-0.008128619195031911,0.061103813482132625,0.07014572126813831,1.2214622485490265,0.3096070553551375,17.776506587032515,-0.6428300008502114,0.07277360422072889
2023-07-26,2.165786268515754,2.1507704579297418,2.150060652423982,2.051080820226545,1.9146061094203557,1.899447956629973,0.007088923246159916,0.5530908744771899,17.93750434954454,-0.412453522905516,2.086971737684456
2023-07-27,1.8639927008712462,1.9469381100718244,1.6701177006761778,1.6100795814589852,-0.1393124793196669,-0.13177651766595658,-0.7665095457459301,-0.4269026309123592,17.621108058612723,0.9014062136405468,0.18251176095012497
2023-07-28,1.304415038984422,1.5807832604774719,1.6228772295939324,1.8098838359062988,0.8248400003834073,0.8366352418053493,-0.6087461297309393,-0.8899464978822217,17.41531835963245,-0.04584460351156384,0.478425727267796
2023-07-31,1.3999354333244238,1.250831058390765,1.4782224898964753,1.4347534135534092,-0.24306346098692608,-0.23633550285343358,-0.7056709871223206,-1.280872946728074,17.149695284787125,-0.9359019422286734,-0.25177934959583403
2023-08-01,0.8353371951947193,0.8823370119489992,1.0360695286619286,0.9973657729453014,-0.6715659700417514,-0.6738921897273301,-0.5330916129033664,-1.3378193720723228,16.95823082041125,-0.8037752706465618,-0.5710156468052325
2023-08-02,0.473157087304084,0.302122491375038,0.3566685666817015,0.31589373975340257,-1.2374318055230098,-1.256799286450791,0.16487836779297577,-0.9381228144251926,17.084063810410147,-0.2909899947425504,-0.8199145694575493
2023-08-03,0.05598636367166834,0.0648433959706318,0.18019878926198057,0.17917739119906567,-0.3298911222800274,-0.3248069009320241,-0.5532455748933628,-1.0043566117006835,16.81570789825467,-0.6812938133750455,-0.28280422463871674
2023-08-04,0.17855667419706,0.3469069064079719,0.10926770055086353,-0.08051636308848881,-0.4281216607620818,-0.4252349864505488,0.8673079438269179,-0.3546689031798632,17.078594675766983,1.1361539524789928,-0.28419047454306434
2023-08-07,-0.053003187286231476,0.20008599561420873,0.24195256293213635,0.6841354348228926,0.8119819046121831,0.822176130928628,-0.4346342022151931,-0.5512232464316953,16.939913096734898,-0.1241052846889855,0.4553896910900597
2023-08-08,0.2695546221824989,-0.21473190957585167,0.26004075351237566,0.5900387548906495,-0.36958180322400785,-0.3646178853698832,0.45922711590568477,-0.13400770974914344,16.97400777325255,-0.8087522746448448,-0.3006515827466199
2023-08-09,0.8703367798493863,0.07774372729894216,-0.15792062367029688,-0.40415638798438935,-0.8813323983604782,-0.8831663487371204,0.6732367931660383,0.983981771435938,17.03089633971082,0.38788005761952865,-0.9774220435559626
2023-08-10,0.6720972441005592,0.17725577351935312,0.10977798882911743,-0.40713142520233847,-0.0064528042502396766,0.0004857142394730172,-0.5705914513353435,0.8921433387234201,16.853238584913974,0.12439298710390587,-0.20918276265616834
2023-08-11,-1.005210086886566,-1.1666285082457282,-0.6338888234352794,-0.34096115113699277,0.09456686018983242,0.10069762804338274,-0.08465639005148497,0.9774655718514008,16.789467510741133,-0.9767798606592509,-0.03948949151407735
2023-08-14,-0.3650787125828385,0.1490793706040582,0.1865277018060151,0.9791553495150834,1.0541142073402792,1.0553869053204366,1.387486367200652,1.8813312771496056,17.02213568857103,-0.06359040743620027,0.8440649973388016
2023-08-15,1.003711138097867,0.35076491599532494,0.8183997593327932,-0.0070401711633186655,-0.7476320227542389,-0.7472880840882857,-1.0518278059971746,0.548351520687392,16.79971165228248,-0.5973324152556206,-0.2701408890873892
2023-08-16,-0.8458193799420907,-0.9089830939018806,-1.0539280751669895,-0.9030788560149292,-0.7208092199245005,-0.7228912177461769,1.2715159497312216,1.587141208215743,17.042993277025122,-0.04370952890650515,-0.5496008126755206
2023-08-17,-0.15147204394583758,0.8605337763033183,0.6987618104088582,-0.0419623548938336,0.6711316370021324,0.6769691571115987,1.2403045896054385,2.1955651203694178,17.325451755464123,0.31427009424035046,1.6610922713448992
2023-08-18,-1.1588774102002555,-1.9357180072003746,-2.374131827135734,-1.9195706384859492,-1.3345279016509912,-1.3457644747932012,-0.6163861775741017,1.2147836797751863,17.23295198778189,1.1704315899611462,-1.9408393031063969
2023-08-21,-1.7200398895602937,-1.742390109548415,-1.609073574033073,-1.001813520645624,0.8960337999838572,0.8964284363086072,-1.0021221393014426,0.0941408551136379,17.04428526681772,-0.5036487006608107,-0.0003541958934233639
2023-08-22,-0.6640081528927657,-0.3753514778400536,-0.007204791512163762,-0.2647101160546147,0.6650142559135562,0.6669264194791471,-0.6707935811775577,-0.6260918592227401,16.909616541192033,-1.0993641661188451,0.7928389611268936
2023-08-23,0.6577635091317199,1.7740504770600434,1.2130869126060129,1.9415716747751337,1.7903380322184437,1.7762805181719523,1.0458596091724102,0.43061901151494136,17.14125499673826,2.0809889186757062,1.1549655683319966
2023-08-24,2.3255323359064164,1.7916798993439071,0.9434990084645521,0.10255250995844561,-1.3377680785890587,-1.3453374944730285,-0.1230907787596582,0.2634708047544687,17.165439241427617,2.3093583546573835,-0.7999552408886468
2023-08-25,-0.07923535658492856,-0.2405035543076355,-0.8564861464881576,0.15044195652911269,0.028881055276906906,0.03551762931414963,-0.533449746437087,-0.4469316827348669,17.102527195420322,0.843825568483977,-0.7059667004083814
2023-08-28,0.7507282620653765,0.7035840491070309,1.2213229908965362,0.9984864979354251,0.6179151702403065,0.6220344587264316,-1.1037938636380384,-1.4720680419341672,16.838045460360267,-0.5594947672444543,0.12920911920556477
2023-08-29,1.1132001792236834,1.9528554886981526,1.9136032396237095,2.1376916310646576,1.46357743975629,1.4528410973412922,2.4548161145061074,1.8350687173864233,17.578467292689524,1.2965070286611122,0.9272149089290675
2023-08-30,1.7023620865135387,1.4130259560448861,1.9254358098145228,1.8755238727983947,0.26978450151132477,0.27534765530621064,-0.9879896673929546,-0.5384230946120581,17.15893054602273,-0.970296051492921,0.2582274291946368
2023-08-31,1.6160755194565302,1.5355480165518003,1.8184199347013235,1.499114026436585,-0.17339617679340005,-0.16634725130665873,0.047436531290902396,-0.06890176773425737,17.2184997001311,-0.894944753334703,0.20524409266724783
2023-09-01,1.5827674384112103,1.1230560254959125,1.2355849368127436,1.107873495359356,-0.7466813645141985,-0.7436863736290403,-0.7331835937937602,-1.170327862281399,16.884707071520896,-0.4355437759330256,-1.1422193968434977
2023-09-05,0.8252633297659815,0.6586517965236168,0.962448353296727,0.9512631821330149,-0.3595153441780902,-0.35428516566076446,-0.3097758630827291,-1.2019009476403564,16.780943456620474,-1.0867139831219685,0.2035221260272414
2023-09-06,0.855085639486105,0.5541593394015072,0.5174857696113212,0.35325612295850783,-0.9573954565546146,-0.9587983686531638,-0.1840885162587338,-1.1156002789814212,16.743204914631278,-0.20267505946892395,-0.678406198998952
2023-09-07,-0.18269469312947753,0.062021341343787055,0.16150611121559785,0.5496223964875758,0.29917431824582974,0.3045718187941714,-0.012433900044568201,-0.8166182819180194,16.751721091928584,-0.32143566491224335,1.0948334003162852
2023-09-08,0.3189471571112028,0.43343536299681457,0.6983420450597247,0.8362392445334976,0.3312332893023878,0.33639492655126274,0.5202105702733352,0.05093084612507802,16.974988800395217,-1.0655205105039003,0.5972347522234144
2023-09-11,0.8841328792723318,0.7469048446187879,1.0894251813494578,1.0314546413359775,-0.14101304143024296,-0.1372502764723344,-0.36056649990432216,-0.25248999608688016,16.848702427506982,-1.0176192146773744,-1.08874174972825
2023-09-12,0.6139862495716779,0.12169912890788305,0.6764957629697136,-0.3917537003129619,-1.350245008733779,-1.3603176275931972,-0.38328741676659156,-0.5997727351772663,16.728160145288673,-0.8737358033727299,-1.3162990143208917
2023-09-13,-0.47921841835893453,0.11802103102285184,-0.4849412056403161,1.164570104629846,1.1030253267549286,1.09943980991447,1.0162855296803075,0.7352988722523334,16.848032756159046,1.1254979748721234,1.1232843351854087
2023-09-14,1.4171908046777781,1.8579559422802823,1.406083537742549,1.979708317050042,1.0958487718240022,1.0923819049657424,1.1918186400708424,1.8311070844656223,17.02437649060556,0.3762579190152619,-0.020298217023130463
2023-09-15,1.3746801618122753,1.4721197242086617,1.442153252669673,1.08601597735869,-0.7448653194709646,-0.7426124518889312,2.137447685360286,2.5631836493635283,17.476720749282087,-0.4642098338198047,0.822069098042832
2023-09-18,0.4640336073685272,1.6252297028792608,1.2568692627653666,1.4028125078200944,0.49986182005173707,0.5012503606551826,-1.7435201127313258,0.061181078071189075,16.900228554037778,0.6085856322320919,0.35752528301861136
2023-09-19,0.8956378367322901,0.7995414798564093,1.0344468009352017,1.0310045431857222,-0.3619837027682118,-0.35811803941077947,-0.39469778524254057,-0.2334018340330598,16.828773320638888,-0.9462907113921093,-0.36078224630596495
2023-09-20,1.1297200416875202,0.3951222503987412,-1.228980421404693,-1.9608446434650861,-2.386057040530634,-2.3955391503276453,1.273609355054253,0.8019419553460114,17.214288381521744,2.4782477465712627,-2.4125828272107124
2023-09-21,-2.3767712474559723,-2.562684233332213,-2.4277083930091554,-2.3394342500691407,-1.4405436645486236,-1.4405339880268704,-0.13504902276337594,0.6437930249434469,17.2651393410355,-0.1188600625159659,-0.8010310413566937
2023-09-22,-1.9096896993555088,-1.8548892896414013,-1.8351172197243075,-1.724060073981207,0.2152882320161675,0.22015981308785365,-0.7024555498651607,-0.1517492099503121,17.08877232804172,0.14009703300845439,0.24949154766247972
2023-09-25,-1.6465939451051812,-1.6089967425524285,-1.550592624972547,-1.1589222471796765,0.7564620059743208,0.7546408658464507,-0.8885259775084862,-0.9933833060717554,16.815961729982817,-0.2080265821948635,0.3810126319639007
2023-09-26,-1.3093175165413327,-1.4367467653508705,-1.5691304935829598,-1.4752753638861924,-0.9591367030278006,-0.9547748554257853,0.635883997895505,-0.4246784775477422,17.062728950615014,0.8841675075269242,-0.43387939364126316
2023-09-27,-1.3026937090396877,-1.051218529855904,-0.9885796916219826,-0.7924382641205537,1.2681606071984362,1.2577240835706838,-0.5287027550079607,-0.8333580732161343,16.93992188933466,-0.21170751741094943,1.5395280400703586
2023-09-28,-0.806772800016019,-0.30589504423689845,-0.531462426975198,-0.20895733115672974,1.1063261709394612,1.0997199780515017,-0.13942969381345846,-0.7149362336242067,16.929607964389852,1.0910762710000963,0.7068267909266617
2023-09-29,0.20224533894599975,0.024167167326025436,-0.23605595870681692,-0.4688210139605423,-0.38447841732078025,-0.377260844885949,1.250405247836715,1.2029961046211337,17.244585750505305,1.0509541672574372,-0.7024751525778707
2023-10-02,-0.24728027179231388,0.3268222329267955,0.21136289621681875,0.8014450581088338,1.5137581534138884,1.499676160226289,-1.182290000125298,-0.6982750571395171,16.919559019868917,0.4051998977631943,1.847959277773199
2023-10-03,0.8139306742149507,0.5174550655382042,0.9597030834152267,0.5769926991306523,-0.4775366366219983,-0.47149504733842945,-0.03322796356791759,-0.5984749479985177,16.950543841593493,-0.7602078277645716,-0.011395442912728163
2023-10-04,0.9461972746640552,1.5717578631825138,1.5985844724021507,1.841817758723516,1.1295415242651308,1.125332961098182,0.7154939486046598,0.47138864380646955,17.10213104629848,0.29009018327144015,0.799344502367865
2023-10-05,1.6640383898692819,1.218836715978237,1.6187351948137427,1.3646181531822172,-0.3186272190486104,-0.3123942984284121,-1.02707072812227,-0.9036548848969108,16.802837656796278,-1.373768086379237,-0.5149090189399207
2023-10-06,0.9644371012990034,1.8088845938076716,1.4575340198448514,1.7718797848265175,0.8211796169124205,0.8207706674952466,1.3848047603460711,1.300295589937949,17.132717485958747,1.548843808552475,0.09337028716503104
2023-10-09,1.6624951163325499,1.6105632435614674,1.617513682099623,1.5551307232609783,0.034988468629545875,0.04196483330067022,-1.2348692428443595,-1.0818850222646104,16.774480346445017,0.2134379418942687,-0.569030201700885
2023-10-10,1.6726719458618264,1.5475703012699178,1.799618401346692,1.2319648507722554,-0.7227069230851269,-0.7190337394978569,1.3862584266231872,1.1171023575003927,17.140064484054665,-1.0208545383309695,-1.2412174433734589
2023-10-11,1.429552459230191,1.6788662096006866,1.737603888644937,1.6244395593564012,0.7629861697976937,0.7638890114950629,-0.40988500499415964,0.41155569007454296,17.06914720389712,-0.8634078581633049,0.8318819148101966
2023-10-12,1.7745562416824545,1.3734845263879367,1.3218217331822322,0.917686824150761,-1.099527132700188,-1.102456264584903,-0.30857319581098913,-0.036045811237973666,17.024962153963386,-0.16202015096874936,-0.818245170825333
2023-10-13,1.006728925581388,0.7748917399193915,0.6205152457031574,0.2318769996069603,-1.1127850310590317,-1.1159110806370243,-0.21620993162490584,-0.04244912644186147,16.969122307877715,0.6141125006287591,-0.9976337635296427
2023-10-16,0.48385704526095547,0.4931650502639553,0.9458532410706276,0.7621515267245407,0.6688806723870706,0.6719608369526388,0.6604133152989882,1.1460067101113511,17.165481344768803,-1.583563413323789,0.05016642058074315
2023-10-17,0.5093661519211633,0.45735834914503687,0.47582318490117315,0.9612783420810277,-0.08125798775710978,-0.07583043294162709,-0.7922942544980633,-0.4746912522528941,16.973183136144954,-0.16515181867869355,0.32737086629165807
2023-10-18,0.6987013728454355,0.7284325336876144,0.4213860459948393,-0.21300390376586478,-1.231837612867206,-1.2363184038297585,-0.0790030025792284,-0.33506627498412994,16.96717767591977,0.624263980600901,-0.005970970612989621
2023-10-19,0.09710706746008364,-0.260894498124636,0.2555568508887305,-0.7777863899882683,-0.29841338344279744,-0.29378418561664094,0.266231970819999,0.1798422257285408,17.076142379436956,-0.8162034448153277,0.7998335389750552
2023-10-20,-1.151516647592093,-1.9971439069210926,-1.8593179475420478,-2.011606805750276,-1.2336948315808607,-1.2395748273322569,-0.0190631090118544,0.42450270536787243,17.085657314969993,0.1682725010303634,-0.537799873654743
2023-10-23,-2.2075798492623675,-1.7406831035954105,-2.1030200082450845,-1.1156772894541525,0.6893658357549374,0.6930186206575502,-0.24834435076879904,-0.11165212696118251,17.08575991200113,1.6180636262355022,0.977340970660963
2023-10-24,-0.362068376656554,-0.29258741492882173,0.3025360161101096,0.3856822267336721,1.2641686831642769,1.2603360282849807,2.5705490054147075,2.720899253169401,17.61803786519575,-1.1855471070481973,0.9716123164742474
2023-10-25,-2.562281066615029,-2.7185418461031365,-2.6797730898012797,-2.7092733204398196,-2.6578782827469074,-2.674041604867981,2.055782298942187,2.6020981143537054,18.250677417274524,0.9958089164459065,-2.7837664419106773
2023-10-26,-2.2510850720722244,-2.1968225206172547,-2.15652994327951,-2.118362354243759,-0.4444308856162529,-0.41971163876908485,-1.2189137416792304,0.546626098562782,17.859633199041916,0.7650796617928093,-0.2758911890470472
2023-10-27,-1.6813405216395694,-1.7032501610951245,-1.681785368422036,-1.5813480593602594,0.3170178660260715,0.3206170663212619,-0.8691606601987945,-0.30741400568965827,17.612493036119666,0.8348153801702799,0.37334845311009374
2023-10-30,-1.2856119167901767,-1.1275853329249046,-1.0759070697057764,-1.0267496458415004,0.8903740384132793,0.8663478151056281,-0.9974941127642252,-0.9867381023221401,17.18073876914079,-0.1320832850019641,0.45736955621692604
2023-10-31,-0.8407442580357708,-0.9250753274743811,-0.886735368227634,-0.8840954736808212,0.2528951574237088,0.25941699406217483,-0.39788832074747577,-1.0260098461141154,17.08478671664938,-0.12200147012899815,-0.08745828039078665
2023-11-01,-0.8042444950876034,-0.6199288430294215,-0.5982020618574307,-0.42464352336259603,0.8014731929705802,0.7820382574953945,0.13938489788396002,-0.8154895464461049,17.219450874339152,0.04846213424157855,0.5458346609895828
2023-11-02,-0.017770843210682154,-0.11791030598046486,0.003357396569508052,-0.13736923864078113,0.44805755838047717,0.44644464137726814,-0.3957496946438139,-0.8527430637630368,17.11595166003929,-1.3739922921084085,-0.09217739254831138
2023-11-03,0.08204490455288106,0.11987096005149935,0.2993715569662633,0.24651253814611007,0.48859811930545854,0.4837126893407059,-0.2153434189162706,-0.7888007566327421,17.08812053390419,-1.593157836668677,0.39448454475942646
2023-11-06,0.45467411581608935,0.47946106055987464,0.6032920932353936,0.6469326634889282,0.3739152344265785,0.3745949907068498,-0.7276227476939924,-0.9360590889630676,16.762719434263374,-1.3034188952713177,0.5440748162085189
2023-11-07,1.5343342282292507,1.5961770929309431,1.5076821369845206,1.4920654558450812,0.3148088092300624,0.3180310259130742,1.334770681958913,-0.34397427062105856,17.208585071612077,-0.8595911450095153,0.41150924607448675
2023-11-08,1.373714329768001,1.377732432747413,1.3997569801588623,1.378232390679447,0.12969739193809435,0.1344283321455725,-0.12036244052156948,-0.006865456435836829,17.089851401465523,-1.4044101400184057,0.625215466828543
2023-11-09,1.33640793604061,1.2020757587565616,0.9969864837731409,0.7661250283133448,-1.9050907993509645,-1.9145775626079071,-0.17193515647549315,0.4339293613252296,16.98300049468457,0.22867622262235854,-0.7789982439488852
2023-11-10,0.634779773154707,1.106835326281948,0.6825146768625143,1.2817470755309412,0.9798350531412672,0.9759772629784442,0.6058511855552551,1.905521281630787,17.108131183333068,1.646828161028358,0.17361472544940446
2023-11-13,1.0242787959819082,0.8677150921976226,1.0745634935140287,0.9394342800261165,-0.9887493019358399,-0.9872083549415149,-1.1919670941773903,-0.20259169545253522,16.72376594619644,-1.2388213322914208,-0.47398871921830854
2023-11-14,1.5457640802503445,1.7202983780663945,1.5714396828014627,1.3931516289206627,0.43342086231324156,0.4351477485608658,1.9944196961791152,2.12926864911883,17.29352085250816,0.27628142948681067,-1.236364372871487
2023-11-15,1.69192554810257,1.3279382697431148,1.57624649768775,1.570684916615029,0.13669185695996777,0.1398949559831914,-0.7943837230046471,0.5519323177678389,16.987776881289076,-0.8947691223383528,0.9333755762164794
2023-11-16,1.442873895085131,1.785563386509085,1.5590327594783044,2.0102778589997214,1.0789177837691692,1.0734532924222564,0.3302119373590907,1.0643864394809792,17.148186421320826,1.088819997780679,1.9773401141680063
2023-11-17,1.4639498593009985,1.0968693572716786,1.0530045239752992,1.099546968853045,-1.5442036981636516,-1.548176893748762,0.64346838006624,1.7510455477590339,17.432910148803604,0.3238543359221539,-1.7209047405358584
2023-11-20,0.35513553243089363,1.1617351793615007,0.86720596857027,1.234352275303648,0.22308804328158777,0.22707523732466597,-0.9306168907927781,0.10487539413515716,17.14110401319342,1.0003507258687048,-0.1116108320908826
2023-11-21,1.2809982617100333,1.156951411720932,1.6049718096660297,1.2514630845104773,0.06965483651895685,0.07425032526435942,-0.5988233668950088,-0.720014798517512,16.935021236753617,-1.272741367431165,0.7659877381479361
2023-11-22,1.4410920978068156,1.6967616609222052,1.692851940482391,1.468607438449535,0.5624942753733047,0.5640760817500596,-0.6371944335790942,-1.3018772414195288,16.695489665531767,-0.48382286948874914,0.7085452759283851
2023-11-24,1.3323716685891376,0.9450600852943422,0.9119530101112796,0.6379168454532486,-1.624373828016575,-1.6291803100857467,-0.7970730284410801,-1.6443932917185835,16.342382628311746,-0.15848381574237308,-1.435147253191153
2023-11-27,0.36693192235634375,0.9158304999258414,0.816513191059971,0.3600101534607437,-0.486488910395734,-0.4822291167473405,1.7869887206551014,0.06821450668992636,16.969805236786474,0.42272032270890286,0.005587258627871901
2023-11-28,0.21893938229270457,0.10811066120312036,0.34327124461029196,0.6804974065036568,0.19634418354838368,0.19997107144650011,-0.6158425285724114,-0.6829909546708512,16.745637127810554,-0.5997588820611045,0.4370514649668517
2023-11-29,1.0874163926874272,0.7280121449524167,-0.18673182739419986,-1.2057969096386307,-1.5241479171201342,-1.5293528253875648,0.668225895709052,0.3756779455661306,16.992196828628604,1.6383620677154307,-1.4234546922383116
2023-11-30,-0.8295904685121946,-1.5971265678509643,-2.063180480643455,-2.2629112793665707,-1.3368184702313837,-1.3420815417182954,1.25114224984758,1.7990307159160177,17.47877218473364,1.9843370337902717,-1.5483718373576962
2023-12-01,-2.0983431821004572,-2.339583638646141,-1.7493081173522718,-1.8331972923295337,-0.1256695368975783,-0.12091131207630151,-0.6422536108727406,0.7297928616861827,17.263311619943153,-0.9767090009486563,-0.5035486200839755
2023-12-04,-2.0058509510308165,-2.094235912752113,-1.988689523316926,-1.9937835086655065,-1.3080038433143308,-1.3122347176266766,0.2579863459500743,1.3374131822188717,17.417466840289297,-0.17016329711485106,-0.7991188127281765
2023-12-05,-1.751750897386191,-1.13688910315998,-1.4571963102695102,-1.1320622350948244,1.3818410664850058,1.37586052891242,-0.7587120570298822,0.21363670944550714,17.125498709421684,1.446840785104815,1.4812804371823534
2023-12-06,-0.823976506054612,-1.0066901373224768,-0.8144193862983896,-1.1579773691589812,-0.18930375834056953,-0.1844158090684517,-0.4972197067291747,-0.2779661544551506,16.975748328982597,-0.5549587875388154,0.16227596040042758
2023-12-07,0.32530457065021207,0.9932647386063574,0.682189797266133,1.0490877274622648,2.4859955830294775,2.4706291480484586,2.053124807482284,1.914860251337179,17.854467508139294,1.022623567152902,2.3820933659744643
2023-12-08,0.20369297151051047,0.4155955433379549,0.5674409288642757,0.49873565931529246,-0.6014707870481996,-0.6056364072884574,-1.0939180289275292,-0.4674120719525982,17.288529282768902,-0.4172988032486969,-0.8118303635807417
2023-12-11,-0.31053659467406597,-0.399300888746794,-0.17087747929997438,0.02997236282447529,-0.47435809961905123,-0.47525392678451955,-0.2873304216284312,-0.6382730550068879,17.25393952834686,-0.7063642486890673,-0.6269715777383463
2023-12-12,-0.38396033004942637,-0.38723887721026606,-0.06369002354463164,-0.09167936564237411,-0.11488841932626397,-0.1074066333687074,-0.37833847550726296,-0.9728937484830923,17.183936817739685,-0.9316087652428481,-0.2546959018465044
2023-12-13,0.47738132051548726,-0.05848173896619283,0.22240139372720197,0.03239341734315368,0.09206498378022726,0.10326795573051747,-0.13956067282455026,-0.8649068815112687,17.220195218661196,-0.6143966188751474,-0.40824746685874685
2023-12-14,0.6120510069020535,0.10558727693185804,-0.5638536185869187,-0.22027654834190163,-0.21646583099992003,-0.21154133038517225,0.4083278991482788,-0.014846278917259356,17.471928827747675,1.542952680866678,-0.19873748387259307
2023-12-15,-0.3123580824343903,-0.03953666397851906,0.08999246667929807,0.03908055478718102,0.2049176077534897,0.2171202858196553,0.3636588852569728,0.7529207650593399,17.743706100071122,-0.32069719735858404,0.36226788095302914
2023-12-18,0.08667241748648714,1.2589498428785877,0.5110937886118213,1.2245057417157033,0.9229762822095076,0.9352450036475846,-0.8330024888150234,-0.6173417165049616,17.289276663459326,1.620906634212155,0.9107168384801065
2023-12-19,2.092339585848222,1.1351810983328183,1.8455267774940742,1.2927333743712002,0.09003964013036429,0.10031796987302698,-0.550921849284553,-1.0125565705267445,17.053278831335696,-1.1234661974081965,0.015427627011098965
2023-12-20,2.1061645368722517,2.0164424278192286,1.925604054190923,1.6627930157163486,0.2971635426522746,0.30872636414906307,1.274228166805012,0.5204393975516854,17.70951624188904,0.6070445797139451,1.1297866125146336
2023-12-21,1.7222063388347368,1.453226398355248,1.7579988602166863,1.9219141597275848,1.0073761361506108,1.007964691867675,-1.0457094653932442,-0.9632380652349845,17.129271053938993,-0.960056357764507,0.3685056318493285
2023-12-22,1.6012940352338132,1.4508718830469498,1.6513986988169391,1.6732815526742781,0.2615066034734875,0.26617209283178817,-0.19366463074638132,-0.875152265682543,17.093206120354154,-0.9968982578799332,0.31460346192379723
2023-12-26,1.4178145188216238,1.296627746200657,1.377076617494596,1.3184432704110562,-0.629248997903854,-0.6283512717780395,-0.9025251584293229,-1.5251766881983955,16.635716196863903,-0.768829643358812,-0.5302814509556136
2023-12-27,1.1543052394886357,0.9441484955230945,0.8847370841155212,0.8377896130620973,-1.4474857806082282,-1.455789645558979,0.3313625457800598,-0.9912452550373064,16.792498295246293,-0.265601299460367,-0.9757336047363028
2023-12-28,0.7752848699529817,0.5511429627991801,0.6916652964342674,0.6455879710007344,-0.6860989317167435,-0.6852657151917599,-0.45427794267512256,-1.0836271194937703,16.590951521194665,-0.7908693726701671,-0.4689190964569126
2023-12-29,0.34459273145184344,0.16539249560033967,0.30620786423413626,0.3396917018087877,-0.9994547390644138,-1.0018226778587969,0.40780142049215945,-0.5327683121399035,16.745487623851062,-0.4974976315098206,-0.5186120060328181
2024-01-02,-0.19759607153931685,-0.5342407047331158,-0.6738011800385239,-0.5599842413982186,-1.3718004475741252,-1.3795817671019859,0.6629169614713528,0.6384467004668953,16.981458110491335,0.6285279948122882,-0.7757535926349174
2024-01-03,-1.3692778962557595,-0.6975570943814166,-0.9336098469694006,-0.4248264277362883,0.36650442210498896,0.36963360840924964,-0.02672167952958696,0.8106840887516028,17.002363107470227,0.7023369272338227,0.9793477696949107
2024-01-04,-0.883686777049113,-1.4096580580398075,-1.3989351951780618,-1.966148777116439,-1.7158401969888304,-1.7252567954834492,0.14629765619500676,1.0480001645003283,17.116434499866266,0.8526530447878207,-1.3548401379174002
2024-01-05,-1.5863042673020546,-1.9762480198387777,-1.6072662438399572,-1.787106621310784,-0.3093046092479537,-0.30552841374494866,-0.5251490031415346,1.070781892230539,16.929292542724674,0.11540479325123323,-0.5872275801042791
2024-01-08,-1.4388065940199872,-0.7336125193565171,-0.8864253048224413,-0.15076133242688888,2.1160734884674146,2.1034176633749793,-0.22015252596595056,0.8293975348924866,16.87908842513357,1.0177109431838285,1.1839640376796359
2024-01-09,-0.22648894958974167,0.7662190144579571,0.12381047275592937,0.9884317904093874,1.2714300837999202,1.2711987401424736,0.7126597874876406,1.2713713247490774,17.024723890949694,1.4688927547698207,1.67208216154299
2024-01-10,1.1561071699845153,1.602233061543147,1.5915807336619783,1.552763432976527,0.7013809137432612,0.7053231116391795,-1.0752513178738248,0.3730572006023481,16.87516558498483,-0.5134041978463539,0.33023262846478424
2024-01-11,2.002199239615828,2.039838463238317,1.339892942803045,1.2563110983850185,-0.21923300451959538,-0.21431102965733734,0.5926138705506063,0.6931390320796099,16.993926864276535,2.058977125414871,-0.21106110962251456
2024-01-12,1.3989187681779145,1.0009483456967243,1.5934856281847,1.2713367361313481,0.1822954274856208,0.18769263512468146,-1.4938380408983487,-0.9957095540871576,16.747695871954328,-1.3698934570088777,0.15784317084216998
2024-01-16,0.9675904626578152,1.1917398076951047,1.1989076313224083,1.0178091638005438,-0.26159246257696395,-0.2566151500855615,1.0383415462044423,-0.182379902867098,16.93657512193074,0.11708630501977396,0.05197755879334767
2024-01-17,0.6000300051548663,0.16652054626218446,0.0943855804109353,0.5027140188721068,-0.8160075017626445,-0.8148529081601641,-0.4873378347053956,-0.8685167080940112,16.858536686298763,0.2357272460091269,-0.43454736984422065
2024-01-18,0.7035980447200099,0.8814935236326708,1.1040046648857633,1.0463615969503803,0.8859794226951306,0.8862646050574273,1.2525910414587649,1.1125812215039625,17.06380540831541,-0.6067363438720302,0.4367704748899222
2024-01-19,1.367452040986855,1.3622129603388553,1.5617253809144018,1.6837987967510635,1.216226423720579,1.2138054944763959,1.3805968379283167,2.29797837039274,17.321089005780152,-0.6940137610408419,0.6160269180089588
2024-01-22,1.7122630116921655,1.7578521976212123,1.7011687467777918,1.488076798820623,-0.9555937591475734,-0.9562635663149843,-0.47554022781694505,1.3155630902556892,17.28748946385324,-0.25000236142577925,-1.4733847365338943
2024-01-23,1.193649362690487,1.1606954979124249,1.3667195113291801,1.6302379975290382,0.1562006517484887,0.16020403396928753,-1.6636439928978672,-0.977089338889104,16.889873820108242,-0.9908545965597105,0.10130008685239027
2024-01-24,1.8027700036189453,1.7526823769522597,1.7977711173165303,1.7548279250577024,0.6853350769602705,0.6877127999303478,0.6797145926043411,-0.14580088055660406,17.043683074367426,-0.7764274325710954,1.6396707855818082
2024-01-25,1.751383038627177,1.9819626740689682,1.6715399606581995,1.9711272889836318,1.4831953668279374,1.4783644790923463,0.49867304378389987,0.4172218750931643,17.187934629804925,0.8210768282122388,1.9215710466034452
2024-01-26,1.5582216424760358,1.4112128615228932,1.5812595167509131,1.562089111752151,-0.4994099988959519,-0.49668125865667057,-0.6343847394481412,-0.2415815354355966,17.078039604045312,-1.109420534382358,-0.31749563508064654
2024-01-29,1.4153709144752102,1.3686481788393206,1.3266830638173022,1.4715165840831284,0.1316231915466274,0.1358573931968678,0.033861012773097825,-0.23230555744155965,17.139981706920643,-0.1437647502916747,-0.5506238829029128
2024-01-30,1.292438878626766,1.080364738641664,1.0387063232897888,0.8083419436260123,-1.70751977598723,-1.7163527249096677,1.1877032955669486,1.0469000600007734,17.40820397632402,0.084345752526629,-1.9282402214414278
2024-01-31,-1.1263423159961994,-1.390822506543137,-1.734658267283217,-1.8577558481486007,-2.6431739276180637,-2.6568707725772716,2.340714876270322,2.554790264999229,18.09092590898495,2.200342151245324,-2.6386904579169337
2024-02-01,-1.5376859722589629,-1.5332576517498375,-1.4160712795349664,-1.4467118600386872,0.31729357286528376,0.31975257329755397,-1.3815883715297637,-0.20816940119064498,17.515985054008734,-0.08145227903237252,-0.049510596629150264
2024-02-02,-1.770423511427987,-1.3910402365906354,-1.7849583027762868,-1.0282100561414094,0.4087185834850576,0.40728021941090825,0.9959171256087118,1.0242246447246035,17.95020662004137,2.3758671922785672,0.13739157330864848
2024-02-05,-0.8472518539630541,-0.6661826530969578,-0.5348300935967552,-0.6989052624095087,0.37974089408172224,0.37908499240126375,-1.082442742883299,-0.5915835659015297,17.46630907513318,-0.08964616969220296,0.724649401265564
2024-02-06,-0.4302524335688531,-0.6372954104993656,-0.4118889405420815,-0.547137154876798,0.16885993515607395,0.17595194580777376,-0.8004529909343592,-1.1770891206597214,17.18721736939036,-0.4838207659184432,0.19486216611149337
2024-02-07,-0.3288499740371305,-0.4869229545432061,-0.20256677440203721,-0.2068320111115531,0.434535838049148,0.4317733772763646,-0.4747059616670248,-1.222920441787824,17.042707704401884,-0.813172431355158,0.29598633961631654
2024-02-08,-0.015732157380229015,-0.20876900215580177,0.10096349821202961,-0.019483248017620972,0.2393484960210442,0.24334979428446382,-0.34659318971810593,-1.1288656169116214,16.93185745444484,-0.9354276225632101,0.39510328405832607
2024-02-09,0.28920551245820597,0.6215120103679315,0.4437149396451433,0.7525042972010687,0.8457386153799673,0.8241261528198671,0.251539746731756,-0.8047159278088094,17.105012623645177,0.23296714841751814,0.9655767833625485
2024-02-12,0.8953877564457209,0.8407721894062452,0.8901632708074971,0.6886677489792008,-0.23137046733428626,-0.21355605024805635,-0.5514548210478389,-0.9153018105547578,16.886540499274872,-0.591938901442314,-0.16347008415110012
2024-02-13,0.2400345218911777,0.3805624935126964,0.2346544728848653,0.24823425042405087,-0.45348378469695155,-0.43193390361800105,0.5358639345362879,-0.4663233624331612,17.14190181099767,0.05966250041952818,0.09746101817103683
2024-02-14,0.5882517365996812,0.21403283676290755,0.2410985606631971,0.3882725673071577,0.130136967637732,0.13438125116709249,-0.38020725334542216,-0.42741554350000627,16.93806053140831,-0.19756535394256264,-0.6622338430024743
2024-02-15,-0.604858179807173,-1.1871251874659532,-0.9399263879985748,-1.175664930274007,-1.737190909527594,-1.7461504820288825,1.7243482476475174,0.9674916350866359,17.442267263943226,0.23722697791890324,-2.2306621873515526
2024-02-16,-1.139751377781295,-1.4294762634699207,-1.570536258154699,-1.8688818745561282,-1.0445925957239228,-1.04541893384458,-0.4350026679429385,1.3791233361742088,17.263944548447085,0.9697256605668131,-0.7208677827319868
2024-02-20,-2.1072024474865207,-1.5298973570864391,-1.478252740900235,-1.3560500029716078,0.44017701636150597,0.44493355882809743,-0.6510511316868557,0.6239824327923088,17.04015773648549,0.310964498250449,1.064697975479098
2024-02-21,-1.1270140746339352,-1.0839756149574873,-0.8828398551370311,-0.7414176432277847,0.7919165972459562,0.793266028445618,-0.28439109995209644,0.33184245542059,16.964637554253375,-0.5580050642126781,0.8413094467576013
2024-02-22,0.19888139217183773,-0.18144904508705123,-0.07294787137444407,-0.13341179479423443,0.8295469012522306,0.8304296998619282,0.45377253367876674,0.806111442713333,17.118429729574764,-0.4305218569117163,-0.5969172537167818
2024-02-23,-0.20364871075989643,-0.24098323424930204,0.22536740597435762,-0.11163240948766985,0.025106849980550835,0.03143476329933977,-1.0179837306295254,-0.615794210591409,16.785607075557976,-1.9351260480013168,0.1475094115088728
2024-02-26,-0.6439416079201529,-0.9368305251761463,-1.59327605581928,-1.9204750347980972,-2.1082710784160144,-2.1252564028743186,2.5173776295315484,2.414505742960409,17.797839191503886,2.3801913274154174,-2.056923110817378
2024-02-27,-1.883511621552607,-1.9545943143425835,-1.5162019738307877,-1.2443524385471207,0.847862570922958,0.8425227492246842,-0.84389203319887,0.20253298894072097,17.31501970108313,-0.44840841019615785,0.9074349072481044
2024-02-28,-1.4827375439426727,-1.8457957268975675,-1.6400233883802695,-1.6295092795316641,-0.6536030624159186,-0.6439042813716706,-0.021374154460971153,0.39065786462033614,17.435270373628097,0.03949073541157471,-0.4800649680077879
2024-02-29,-1.410872189139135,-1.2714206737976341,-1.0868542905354228,-0.79665552426177,1.0588144545349907,1.0488128132883037,-0.07003454920364718,0.4811220516267283,17.556341863319584,-0.13541054704026328,0.9726438982826456
2024-03-01,-0.8094164913191226,-1.030067885214217,-0.7441424018769979,-1.0405941218545944,-0.30835536267858776,-0.2979835261145882,-0.5546430783323779,-0.4808075479155463,17.25334522244154,-0.5447448134711028,-0.7012299936238132
2024-03-04,-1.4134114267262623,-1.660812321708105,-1.7820621256791782,-1.7086466149976076,-1.1527216815446781,-1.1475067939375039,0.9581943712268597,1.3128186579492507,17.840851552213646,1.1826443168755798,-1.0698879338782816
2024-03-05,-1.840031086624464,-1.7341258598449683,-1.5810695039189133,-1.4520703927678205,0.04582649782168368,0.054244895183707474,-0.6890410236197743,-0.2046959021035322,17.50924821686741,0.0770439417386745,0.7677793906552609
2024-03-06,-1.2147180998257245,-1.2967088811494774,-1.2268573929016988,-1.3905001378963113,-0.08749611953359367,-0.07868077283047291,-0.4345495532653222,-0.7270239548225936,17.37992032362904,0.14712889005466762,-0.26539854732101764
2024-03-07,-1.1075775315306509,-0.8104027625468992,-0.8904650207928969,-0.5543621114299906,1.4628322308554267,1.4455964606800107,-0.13073086430306038,-0.596625068569416,17.44618342851202,0.5843690036566125,1.1609127566163908
2024-03-08,-0.6058311216051551,0.27605768106239914,-0.08191339903461792,-0.06035011444651441,0.6595334775871635,0.6615800905612537,-0.2252582202502626,-0.7499682429066342,17.487831193441387,1.0642751566056523,1.0960586442825366
2024-03-11,0.24452383998097088,0.9034771803792767,0.7778872453939595,0.8185749103055274,0.9954324473174126,0.9927859773395019,-0.5049924413400355,-1.1503974371602803,17.29483499823076,0.08221812015055757,1.1516450021654705
2024-03-12,0.6870379532059983,1.010102621943861,1.1281544158165895,1.1816599916372803,0.3772381765862705,0.38283107155023594,-0.5334464730118365,-1.3325277123645591,17.131999399979456,-0.8529303983568232,-0.19516416838360023
2024-03-13,1.400560449817347,1.4062372769442286,1.5040961275012357,1.3753869006555877,0.43956286444364,0.44302060486215716,-0.4505198244858638,-1.31810220812686,16.965987663373674,-1.0949245981482671,0.679563148934073
2024-03-14,1.740306443080584,1.7412165103009023,1.5839017411462184,1.881102649129452,1.242919134623279,1.2332800442749416,1.864640440657175,0.6538119191531527,17.570959305738224,0.13844925399271996,1.3915026231247227
2024-03-15,1.705976054555114,1.3273949763364572,1.2592873903621773,1.135317944382156,-0.9860617833868811,-0.9832730289974284,0.13864974845154188,0.9238919342970415,17.716686971217037,0.02772123932765154,-0.6323144036281806
2024-03-18,2.0804378848929788,2.1738028556062017,2.010706766045813,1.9010210655282906,1.9954232537319587,1.9766774962310565,1.0087352894270032,2.2319603720904673,18.053575897184206,1.91427699233337,1.8210373745299864
2024-03-19,1.5371709656410624,1.2788150895648993,1.426054042610178,1.4007938476186783,-0.8357424579749114,-0.8373528806603331,-1.7210197253467718,-1.066954823356293,16.9964934693629,-0.7323381341633601,-1.0612581708298945
2024-03-20,1.2198021600332845,1.0791934982548959,1.2747410826742491,1.4374629194816653,-0.05876200335873553,-0.05172152480024344,-0.3560103803169227,-1.0364689433222602,16.8747574380091,-1.2118521149218158,-0.4794035131076956
2024-03-21,1.216654671869716,1.141999330967441,1.1115320148575423,1.018053072820857,-1.0091224958499538,-1.016045557859869,0.3209262454468977,-0.6185405160676314,17.02456232440661,0.26053594793479123,-1.1066104282560678
2024-03-22,0.9742527007914127,1.1343180766423775,1.2817013920786704,1.3911686185966952,0.60399078143797,0.6108455798709472,0.32719512119421784,-0.18493114774338273,17.188846763268977,-0.5717531016466467,0.8018530744252174
2024-03-25,0.9539288640984012,0.7375670374663293,0.8701164631269338,1.0436992827506275,-0.7485367177376953,-0.7500985481110325,-0.9053222487819015,-0.7989963299585222,16.771945767450326,-0.5086694675949128,-0.48093461315498853
2024-03-26,0.8783150014756586,0.9858950316253343,1.1763150124232713,1.012751353111591,-0.25557712472014804,-0.24974766027067674,0.22036112023758608,-0.5270561918768247,16.913307466724298,-0.8234797471606841,-0.07318181335939868
2024-03-27,1.0074265568010878,0.7066659793069735,0.7609945467332615,0.9340385892637704,-0.3567186112055513,-0.35239618304048315,-0.11863864290720488,-0.4885095752734758,16.945738802537438,-0.34703410635447,-0.7649212496830812
2024-03-28,0.8309606783032891,0.502614363450224,0.9962164733841585,0.7914979496032737,-0.2923422260655926,-0.2884724821555621,0.2168784386597,-0.1527022255216996,17.01358762035835,-1.5730299559760677,-0.2582742061803033
2024-04-01,0.9388786073827695,2.2245832389906055,1.4140780901741334,2.240010288767079,1.1595535988419874,1.1646933547173743,0.884150017138326,0.7394454507674951,17.272798407489095,1.693580164269657,1.3782293098914502
2024-04-02,2.109280537349401,1.3880899999925667,1.706284932424195,1.4436896409472442,-0.8370382847104998,-0.8406932900115578,-0.6223189996667455,1.3861908047286535,17.017687773882976,-0.2480793545414331,-0.16226504745685436
2024-04-03,1.6511686549624698,1.2695493892501697,1.5897830705445135,1.298967075757918,-0.24173705887036273,-0.23789439410667454,-0.08457793122629877,1.1270840288528552,17.022516250739624,-0.4018570241324594,-0.2586460106545416
2024-04-04,1.3340370267431791,0.9599473374089872,0.3229992381653269,-0.44177241436480286,-1.854960109789704,-1.8772696560790012,1.481636515247312,1.9908375456580978,17.362961836056453,1.2440522190269332,-1.2717915419260761
2024-04-05,-0.7408910079740251,0.17056680061495888,-0.36478661845947463,0.17742353185782747,0.6049143509714535,0.6080981466716646,-1.3781837771383652,0.062373675908387965,16.970351244309946,0.7726572723258878,-0.14936460677548208
2024-04-08,0.7482548725864169,0.9446604366906136,1.3159698570096494,1.0596961563012521,0.8213773196723678,0.821476810900727,-0.44819336793908815,-0.28142175078761333,16.845740920230345,-0.30435411117362665,0.9492119197205043
2024-04-09,1.9626097464209558,1.968699573827594,2.080872913693222,1.4615329489318631,0.45131631101867575,0.4547619046786106,1.5864715149442183,1.1028240727137373,17.253136328380887,0.20753186714785438,0.40789900336340923
2024-04-10,1.547493028325642,0.87612669510165,1.4006636663064858,1.0367079462135942,-0.4263791928711568,-0.4194699005260775,-1.0618004488801416,-0.5285437195565678,16.94396268868695,-0.9571072587250841,0.15540396747045956
2024-04-11,1.4384907041562864,1.755167037367152,1.7041860421776602,1.7936739466301779,0.9325945983841237,0.9285497604318248,0.46838291947656235,0.08377866586022928,17.11749151035406,0.061512071094278066,0.5477043099451189
2024-04-12,1.4591256093353167,1.6529329028555073,1.5256229796759675,0.9788105971060783,-0.8801311834876765,-0.8760424510083415,-0.36726187766851554,-0.4754539573787306,17.047468477856185,-0.2476907169923891,-0.24318555993382604
2024-04-15,1.445863059935903,1.011574746371419,0.4161534483618055,-0.1393322689253582,-1.1275272909766236,-1.1274699328263464,0.1935393154793485,0.12156317793630236,17.1163902799623,1.6031955271051854,-1.002779355500843
2024-04-16,-0.3075325459382803,-0.5030183931514388,-0.10632231255004522,-0.3154400049307676,-0.18872849654876075,-0.18129569318511704,-0.8957236600597571,-1.1565965288608497,16.849477529872534,-1.0230461928356434,-0.4133721801322243
2024-04-17,0.15378828222950888,0.013031300465719023,0.2926410013683432,0.08782533333015408,0.4056235157989028,0.4099760991240438,0.0951359631200786,-0.748948312080755,16.895726478989722,-0.7608632638169481,0.8693556216926879
2024-04-18,-0.02301417006303839,-0.1512201934961796,0.15725149256073673,0.1124295871207392,-0.014387298066287503,-0.008838112426651413,-0.2352786180909588,-0.8426211051180339,16.805375703534438,-0.7939140061511251,-0.08920439118318223
2024-04-19,0.10590537908677405,-0.6903181181126953,-1.484134868865628,-1.1404986513175812,-1.0525380711958778,-1.0540532360984698,1.8743820637650772,1.944293764933265,17.288690590598534,1.2993234605436572,-1.2431458167758522
2024-04-22,-1.267235361752178,-0.10237047777016345,-0.4678349776187476,0.11379739169962623,1.049029771006102,1.0479012663152707,-0.7953383268746549,0.2998539334999845,17.090623076463277,0.5738057989290138,0.1166449797933103
2024-04-23,0.4733041994798729,0.7198982682087846,1.0028260841737637,1.1536679394871225,0.9063123934323775,0.9068811853248575,-0.712497549004101,-0.6260144179480797,16.867226157991183,-0.4120296585233128,-0.48061586562823927
2024-04-24,0.7194639498585689,0.9011208262894086,1.2863557046189684,1.316108129021595,0.2773148092877043,0.2822138578671726,0.2112102288857653,-0.2173080092986197,16.941354050762076,-0.8531253885071296,0.2521786098559068
2024-04-25,-2.0468969591177886,-0.8457017882410005,-1.800786652931337,-0.1330805954150363,-1.4102691227515045,-1.4158797703499402,2.5301352862430617,2.637484597569469,17.860484555116923,2.048981533334173,-2.0515292199986366
2024-04-26,2.688258112886144,2.7653102031025627,2.6716007665020585,2.713564902239461,2.6689599005420317,2.651817793016041,-0.08190540787335501,1.7934824699369327,17.98473530957979,0.9045423247316067,2.751135501410079
2024-04-29,1.4509863613408525,1.4318883474105444,1.407074762141015,1.2734334700819223,-1.1324427162294461,-1.1740973232183238,-0.790071126682332,0.3241183003849428,17.6356375706129,0.5320590208856496,-1.3102762354420296
2024-04-30,0.8047709082193444,0.9841889983242844,0.7990343621321951,0.5563324702921295,-0.6985990827381231,-0.7121818755041609,-0.7258987026723347,-0.5368342128976508,17.328931878020455,1.211454811718572,-0.3225275111683159
2024-05-01,0.5126338623060713,0.6855040287280305,0.7273330835106665,0.605063373884679,0.020292190237983912,0.03748972195849458,-0.24104969662701953,-0.634218074811052,17.326853020973214,-0.028613760925859023,0.12504466981579443
2024-05-02,0.45929486922401663,0.49509878367042215,0.7029422027711334,0.8955925340470006,0.2560026150617375,0.2784198824207255,-0.6863731103362628,-1.1235340018974205,17.00576058640561,-1.0804290957038492,0.04803965179945402
2024-05-03,0.6855774190269763,0.5391528687715996,0.42799688028725524,0.832003666111771,-0.13749694835480658,-0.12507126552091807,0.6103140340961947,-0.47445921090468385,17.36116611278958,0.6222182215761791,-0.43134463775365073
2024-05-06,0.5262778815975313,0.4286237894412694,0.774138958874639,0.8197175165158663,-0.07471131157494121,-0.060508240943254875,-0.7896535814080061,-1.0160898227471744,16.900685878766563,-1.3911004480864733,-0.28876299407811934
2024-05-07,0.5361601795628205,0.8869714801759031,0.9860318944351243,1.1839981406524536,0.27530822203680977,0.29760369301222833,0.28805795633290965,-0.6911315811886857,17.149131956735722,-0.5741594510146163,0.3312479335502915
2024-05-08,0.47097255794803927,0.43988566859463846,0.8617416089411982,0.6553038660539817,-0.4725892489016479,-0.47348446828801044,-0.6758874390963555,-0.9863013268969872,16.78946240065741,-1.6829082448938084,-0.45211621964037824
2024-05-09,0.47988913281961787,0.49126608746743566,0.8549491790903199,0.7414794125833667,-0.15760305435193975,-0.1461911515650654,-0.45522618485953437,-0.9651091006756276,16.546411090332402,-0.8159436626674788,-0.22528906463174017
2024-05-10,0.35834925856237543,0.5159600690097471,0.2779564790694777,0.4712559167582965,-0.3590190497408817,-0.3508563064366751,2.213536979214605,0.7576361314495746,17.210015629322463,0.1251123611431592,-0.34587349044874843
2024-05-13,-1.3328769886094998,0.1852766232608437,-0.5903376526290556,0.5407530640677825,0.08798241485537717,0.09313284712174004,0.057244860085034016,1.474000912376527,17.26001008802085,1.2313631152294335,0.35512081167140996
2024-05-14,1.1692675043928091,1.1234508470600475,1.1559236229711352,0.8828033920577291,0.2732015196847207,0.2767912249764526,-0.5628947330048221,0.6252380659069056,17.039457542737946,-0.6755384948451851,0.19140956415531105
2024-05-15,1.3100949773245543,1.515767746959507,1.4791799296558494,1.7794877496507142,0.7918027458324337,0.7921620896174232,0.07522995834080565,0.9535651673315779,17.109434521462585,-0.7652515831308474,0.16728759123007375
2024-05-16,1.919915994465064,2.0563018182310366,1.7298302945016035,1.9577202001254597,0.5912775328947873,0.592870910186386,-0.09632964874647082,0.8550952199215562,17.142986082664233,-0.5185268060521537,1.2745377894169472
2024-05-17,1.6646329861579414,1.8610757568190113,1.6664365695231658,1.9834408386714821,0.6222930974806081,0.6232253810806873,-0.3659985304378581,0.46620159739005823,17.01333846127916,-0.26492715362892816,0.8547162563422572
2024-05-20,1.7055466096953944,1.9726182708104347,1.763651359567074,1.7129188410143323,-0.030940004705942402,-0.02684197235027746,-0.34997421401342804,0.02624763192840754,16.931440771167615,-0.2443633357123883,0.140981730644794
2024-05-21,1.4578613146160877,1.3801378162689213,1.323843679204681,1.5263058348905811,0.18826122516992277,0.19094366763784365,-0.6713035280993171,-0.768666980044241,16.648100236993645,-0.4432768740799659,0.20812290504207367
2024-05-22,1.1217960275669585,0.8999393473229459,0.9655834063439825,0.905567490795497,-1.7350036361373482,-1.7379928869779413,0.06790382483001704,-0.7661150910635908,16.699193383638054,-0.86876926203702,-1.1638487232291768
2024-05-23,0.9979637373617687,0.984632967619672,0.3277735414492817,-0.002403617907497959,-1.9016747761383588,-1.908161752390529,0.32209684780404735,-0.5921388189426879,16.861218055132056,1.6533978138925545,-1.3773018479621137
2024-05-24,0.3872850895480641,0.1566758780827691,0.3535721913027723,0.2795530359238433,0.5039397332954291,0.5041066072465265,-1.1443813653058694,-1.2651250998945547,16.62325531343861,-0.6329664236497279,-0.14257007375787692
2024-05-28,0.01563943620159655,0.48773132237290034,0.43236749943684283,0.6456326569453467,0.41624893864839163,0.41704071956681865,1.5961498231576594,0.3282228399100331,16.83945125639114,0.20112882890013456,0.8190671358375865
2024-05-29,0.22963444176568198,0.11985197408012985,0.4518367834672318,0.2590570783015885,-0.6519829991571733,-0.6467682505601792,0.79926005536284,1.1812974368748999,16.967763600464068,-0.5554633009767148,0.26407903227522495
2024-05-30,-0.18516478848170678,-1.2976387857641696,-1.6513136195254534,-1.9244494325998087,-1.85631691151336,-1.8627904615035482,-0.09051123030848313,1.142406760262902,16.949207551160068,0.6875023524310203,-1.940774031271239
2024-05-31,-2.1829791567134236,-2.134267925889964,-2.159623448132899,-1.4314632537395777,0.28803738399352685,0.291345273805001,2.229897358473811,2.5144861861636763,17.44354867459313,0.7787895339973419,-0.6496569743276696
2024-06-03,-1.4588255681870488,-1.080375855015762,-1.086801637215001,-0.8969033381661533,0.5265826681848752,0.5275119320231239,-1.1306966545006487,0.7460275155463953,17.12820821923941,0.41295322106338067,0.5489860431178846
2024-06-04,-0.8558554657413273,-1.1942585149460025,-0.5987217215016,-0.4551540893472721,0.514010877577195,0.5150661023320076,-0.2511724974893865,0.4896604716004111,17.106878229759054,-0.8749483325812898,0.4888087049016304
2024-06-05,0.3191506313502816,0.4744447960705656,0.5610706155182018,0.6193371764152592,0.993559717589677,0.9889716707694594,-0.8752618964158938,-0.38059673739931005,16.909661855672496,-0.2350291169978297,-0.0805297528138723
2024-06-06,0.8213377161222345,0.7743495186859483,1.4671222256948087,1.379459455697866,0.676911768492719,0.675206731072035,-0.003976336245917605,-0.378221497456073,16.961858742834295,-1.3500493810362661,1.112307455762878
2024-06-07,1.5475400814753417,1.2726898921941778,0.617123110924379,-0.05312655644842143,-1.309638542041615,-1.3058877085197738,-0.6505724626291555,-0.8978056759454159,16.794167931588877,1.0219193866417704,-1.3611432718046927
2024-06-10,0.35245549121504055,0.7729162616042258,-0.0374941743209666,0.3951282955363288,0.4139467675643983,0.41511270975997194,0.5543266895506374,-0.49777001662996095,16.984321848998846,1.499722619385953,0.32966185649225505
2024-06-11,0.954635536429292,0.6620009160388352,0.5128671865442109,1.313656865755272,0.8835020897559768,0.8789270610763982,-0.479974229164865,-0.8391007809090251,16.885450130881733,0.1041610584981514,0.9647208326843238
2024-06-12,1.6323850610955082,1.9361859334772573,1.489552414354715,1.612566499109627,0.5283618624271331,0.5278273061115251,0.9152168912192743,0.09999685510048338,17.14287124862137,1.1257235465713904,-0.027942268241747514
2024-06-13,0.5241197449207132,0.2035007182137889,0.7471842159827216,0.1253467726230393,-1.9339750677045988,-1.936494462661502,-0.951159258529159,-0.8487176751124894,16.855895925994385,-1.155706963039891,-1.945017029983323
2024-06-14,-0.5997468890373322,0.1888449071122887,0.23560708089001542,0.9120363547589845,0.7481525717774329,0.7455883855626504,-0.43056618455483653,-1.2190172308481668,16.709409476996544,-0.04209928123384691,1.1730792647251267
2024-06-17,-0.08817988911993718,0.7391189175668424,0.5062105179737352,1.0381096196998614,0.007679205955933573,0.011657164521206981,0.5938841269331157,-0.4229353903161573,16.79198360755175,0.5746133366374765,-0.47339270843588116
2024-06-18,0.964861749573712,-0.08814934390337034,-0.3059698064296713,-0.7559383439359528,-1.2990356203157662,-1.2983815682429958,0.6605187264200945,0.9002941511517625,16.900621865893733,0.21031427237179154,-1.258837808852798
2024-06-20,-0.5669981347792402,-0.2596862981233447,0.4913338869732533,0.19491705732480213,0.6349058175395428,0.6351019411903487,-0.47480195514374585,0.18019425589734647,16.81921601107553,-0.7847615939771168,1.0746517685610135
2024-06-21,0.7052932476723016,1.9470803333513649,1.7638498897317227,2.02540415726898,1.516155751164573,1.5054688510842387,2.7353445648076016,2.7837983085882194,17.885950006187578,1.0270951272280833,1.7102028588293954
2024-06-24,2.1093243996992532,1.4974262557401659,2.1367502265507285,1.4278936412071812,-0.504489325450138,-0.5000243282306173,-1.211270817610468,-0.6691928227959095,16.7223023768724,-1.138238848930166,-0.017221249689219172
2024-06-25,1.400918702430528,2.107863146175554,1.8798064436359436,2.350943284708444,1.7080284868025013,1.6950537086758908,0.18699197553701796,-0.23308099984899874,16.961196186316897,1.5577623860079506,1.480533876737639
2024-06-26,1.9476191302003183,1.6274538456932055,2.1303120727457934,1.66106004274244,-0.38598991868608146,-0.38166098607045745,-0.41465070741769094,-0.4956250499418332,16.803160305730675,-1.124919310857931,-0.34250437064252287
2024-06-27,1.8015292610269245,1.6192156685065684,1.8382305135453196,1.5828898288521558,0.3156173542073134,0.3209994174876354,-0.22357758089639435,-0.4476801938808948,16.751965167771377,-0.9375760960602286,0.3182491281134512
2024-06-28,1.418837232800948,1.105921514692166,1.028010383633408,0.5918799207920633,-1.624117525975108,-1.6360588698905107,0.5325064668071621,0.3046258495530353,17.188191894524635,0.036411213251893726,-1.3224300819779147
2024-07-01,0.8917685677073568,0.6037963675412237,0.6900983474897315,0.6652191670073181,0.08213932599446418,0.08805912575921787,-0.8511877135857999,-0.7662158914708931,16.58848052002292,-0.4914370271874766,-0.06237982447088285
2024-07-02,0.4686551538847626,0.9111626110621389,0.6104616945119166,1.0502339276362236,0.5796293156410025,0.5831180361719458,-0.0927519750467214,-0.5931652346895449,16.670399111732856,0.8620010826371168,0.18165328233988326
2024-07-03,1.0971489694437275,0.9169586291424842,1.1559375075618663,1.0660711326015866,-0.2388215015425942,-0.2334507473081807,-0.6976127136284063,-0.9722499029416815,16.142017332311212,-0.8451957728150011,-0.6521807049549965
2024-07-05,1.2762799787513661,2.1275103415789536,1.5290705637006956,2.044977850067929,1.3039530532561996,1.296699488796181,1.066609649903914,-0.08419745735595048,16.85848422553356,1.402174489186532,1.1905398890119305
2024-07-08,2.1125725023960737,1.5126130765664023,1.8257518356395341,1.2838377822602691,-0.9647822205602139,-0.966081050750254,-0.03425765542539192,1.21486982396509,16.861741107462386,-0.6068303579335947,-1.0789812687362592
2024-07-09,1.688885902340458,1.5926309886236831,1.686397492007131,1.1190236653367747,-0.40997461948127034,-0.4052968659597718,-0.7430007581712256,-0.18321395285016603,16.531621583153264,-0.44360901806786873,-0.3490448396558798
2024-07-10,1.1421389946872322,1.3562602007355875,1.4604046232613066,1.4502819191720069,0.6516908410275545,0.6543538783776942,0.03310662198909999,0.21221840468561629,16.585126177410736,-0.22032425508296238,0.056681750847173404
2024-07-11,1.1117097165416099,0.8762547572557066,0.053647572301795586,-0.36411457200793296,-1.9098789767302111,-1.924557409677062,1.0182800619109391,1.7748583000317124,17.059110253470894,1.955267689555513,-1.7054107260569775
2024-07-12,-0.43988198038024123,-0.38884437260175597,-0.16755915111189565,-0.5117713057836799,-0.1667934189791963,-0.15950811449618438,-0.4453130618945697,0.9437620163296521,16.946577640759056,-0.5481404028515648,-0.5059631866660599
2024-07-15,-0.5177644770252359,-0.12484626912912364,-0.12996746271784046,-0.2125829336722957,0.37096219427426397,0.374585877423673,-0.6505401016696158,0.07392972764358163,16.61729399918504,0.0020472789999600883,0.5242574088695867
2024-07-16,0.15242414693246403,-0.1723309891864964,-0.8761110459370363,-1.2889746344507547,-0.9453619905376972,-0.9425854013537842,0.062021076407774406,0.288798977964844,16.721903346587208,1.2902435627718636,-1.4098032910568479
2024-07-17,-1.5398703962647404,-1.9990959768528491,-1.976073461542756,-1.8130712690536064,-0.8679607762709313,-0.8668993129267564,0.10381218334971072,0.5924514431413963,16.847290294079336,0.14374022596934316,0.14986827904821978
2024-07-18,-1.5836385060967801,-1.8472401590059928,-2.063654370015481,-1.9280094139085022,-0.8623117870903549,-0.8631516728978937,0.17247155438090392,1.1521113302463288,17.046935354094995,1.5566175756452827,-0.49683230878880663
2024-07-19,-1.8218076127850644,-1.7777325782590885,-1.449590802473817,-1.5005338949271172,0.5355115263395317,0.5387086071101423,-1.0007068508451442,-0.5780301064364051,16.753714402172196,-0.3445860627980313,1.3229941963938538
2024-07-22,-1.1251341559701997,-0.962861875468196,-0.6153505155829946,-0.5042347707925521,1.6862293067391105,1.6715795981864654,0.7982003425692806,0.7001951910022929,16.997734888009443,-0.8893596955856202,1.4044429364549469
2024-07-23,-0.6094893428780775,-0.593246771452611,-0.17320504702520534,-0.34269012050097897,0.2816330489879345,0.28810559773161426,1.2974329173795358,2.0768706385615436,17.408779064547808,-1.1101356094657184,0.5036506005520346
2024-07-24,-2.0048067565801553,-1.859583931955666,-2.001186796169864,-2.016213884527242,-1.9752422159961929,-1.9979889091121068,0.68318129852816,2.1333158473044573,17.7192029802394,0.49210242763173595,-1.5782281822278428
2024-07-25,-1.7549516099066296,-1.8552618648629684,-2.017904377128914,-2.068555419132604,-1.010590399621213,-1.0072971979270178,-0.6906226081575213,1.0224941069554148,17.618878760858458,1.6932507537987864,-1.3605851351953386
2024-07-26,-1.925471151263959,-1.9528427873902547,-1.8181789270308188,-1.5901828599554564,0.4037010981856545,0.40953367479415326,-0.6419684725272999,0.3058143498655173,17.537266145692445,0.16520566000617568,-0.3896876511351135
2024-07-29,-1.3118219267422464,-1.2858853612706338,-1.0331275665897603,-1.0127732232584492,1.1372714106269532,1.1284615134610096,-1.888445943696417,-1.5937202000152053,16.825826027919142,-0.9410880798168577,1.353164877483356
2024-07-30,-0.9302781551164196,-0.9874641485442273,-0.7957518963396203,-0.7307372697883779,0.5464414977667162,0.5495248925271488,-0.3762876836683508,-1.4452244953906526,16.757826284624606,-0.5747185779835255,0.8451445331143901
2024-07-31,-0.29949313192321686,-0.35675616970372587,-0.4145479256308834,-0.3876497337514231,0.5651656831356023,0.5663398744129907,0.8833243015958304,-0.8414311750913182,17.063133243888483,0.3306455896917217,-0.29186842316026856
2024-08-01,-0.6803863791925744,-0.2622248195468532,-0.4831139476706964,-0.41205939483756854,-0.03662033112962478,-0.026415328390438808,-0.28845673664174226,-0.7923054579247443,17.015464528342026,1.0783240596288337,0.7199050916796771
2024-08-02,-1.1541290561108275,-1.0714665221608193,-0.9777444342519493,-0.9485171404817707,-0.7960079489924217,-0.7864801358358469,0.32152640757967355,-0.5222488704435865,17.187282596145536,0.13285352997633637,-0.15275917170315725
2024-08-05,-2.152104427422666,-1.5171316881501493,-1.95100422696875,-1.8323205960423454,-1.3791201856597597,-1.3829834443568683,1.80882137535973,0.7619342767316787,17.79763224191601,2.4070020898948052,-0.5866928255784127
2024-08-06,-1.3972039368151865,-1.9677370917525712,-1.600504599102787,-1.8322345493725722,0.3314093298015932,0.33873644605488673,-0.4709499026452103,0.43835495388793344,17.707424749625947,-0.14540442059984443,-0.5874285713466493
2024-08-07,-0.882435161429748,-1.20846461132718,-1.0165685570309946,-1.3523050847129678,0.6410205067110419,0.6412312033162783,-1.2411429161168965,-0.7886197895783719,17.039915111208813,-0.027142927332690515,1.117683706078234
2024-08-08,-0.8249382062606598,-0.8687748756151955,-0.5759305325164642,-0.641078345394781,1.1874407764872148,1.1712430540739032,0.011475608231444933,-0.48394576892946706,17.057274480459732,-0.4279601664177493,-0.16518775331907162
2024-08-09,-0.7639600938041732,-0.7320307863397901,-0.6738972284483007,-0.26921278938407817,0.6175107792821015,0.6159501818440034,0.21813370609696914,0.06025541962769485,17.168997727099242,0.1514126475043897,0.46897229643289046
2024-08-12,0.041288602423651455,-0.39975590838869957,-0.08332917455807973,-0.407021930609687,-0.22895278423733467,-0.21895612884414126,-1.263479814002248,-1.211017255405756,16.58153408892031,-0.7449303327686868,-0.6143595108830576
2024-08-13,-0.003552696136791551,-0.3153470392932575,0.24528328938080612,0.08576510935580982,0.7910860650188946,0.7865038418150586,0.2736209416090969,-0.9221217712461884,16.73607204092691,-1.2751209268157915,-0.1816285661878123
2024-08-14,0.013453416522446016,-0.5017541700844655,-0.6708985010431371,-0.5861553655920768,-0.8493450471792678,-0.8429548377782846,2.006865375129862,1.0114503374149222,17.51905941335482,0.47135259918101297,-1.7830299855722491
2024-08-15,-0.28860019584271573,-1.0366673405603486,0.007400030640641796,-0.1506688684716374,0.5686916133603164,0.5707814293449661,-0.6631370893918174,0.02493066901580645,17.266269266690767,-0.9928671137925871,-0.269300374978215
2024-08-16,0.24458130263008346,1.0650218232241198,0.7678521419240771,0.7977812731834566,0.6414329970099611,0.6394357771701056,-0.5878586697278799,-0.575023921702979,17.002218541205735,-0.18076015150726812,1.188342687021597
2024-08-19,1.7486012770340864,1.677448275349095,1.6881619911603645,1.8367471336186332,1.3134721713410586,1.3020908977417947,-0.14498271257668774,-0.3569100793810146,16.925294514328147,-0.9456182878867522,1.2543801225736633
2024-08-20,1.858182240263238,2.0604792067787905,1.9811817910431615,1.6294026661427035,-0.18787448866530865,-0.18104980063661286,-0.3509677998179428,-0.45454723392640367,16.724676864409833,-1.1520725153414066,0.4983700977460626
2024-08-21,0.9030198527511182,0.9489365063531144,0.9988448165734178,0.954361138879669,-0.8805812792119518,-0.8760559836253844,0.4229565105446897,0.3529051288786939,16.94673484461973,-0.7153043940279531,-0.73354145418553
2024-08-22,1.4065643883729666,1.0641591449114973,0.4158732068906164,-0.011179925825791723,-0.9821244507779743,-0.9808504383243813,-0.16146144624095699,0.28181533471225406,16.928728089509946,0.7590253445895845,0.004640406994026604
2024-08-23,0.2605279078853526,0.3020598845457439,0.4607194823712954,0.6940982933031782,0.7102129885525705,0.7116702063419623,-0.8190622296149228,-0.955635394790705,16.451398656582366,-0.47419935408872105,0.320989254676185
2024-08-26,0.8754424940643697,0.802927263471978,0.5903700250767924,0.7597750868509471,0.06104033375387895,0.06684203211115916,-0.07769240151236978,-0.9709381124935088,16.4680763080745,0.08478738979054812,0.7600556735359332
2024-08-27,0.5341010250842543,0.21285668942531738,0.5256414222449096,0.09579723271606466,-0.6918095361459641,-0.6882856064942445,-0.41475244623412044,-1.2641922616613321,16.285464386113826,-0.7890952187071644,-0.6136348088226371
2024-08-28,0.08411814054329377,-0.3264780612359553,-0.896403419366233,-0.967557780211404,-1.1029326938319748,-1.1067007972759795,1.932255303929795,0.3710147626648968,16.61324307148582,1.3406605014617823,-0.47804648527752075
2024-08-29,-0.5677071741458757,-0.6500281904395965,-1.6336273312544782,-1.6270800799427507,-0.5930691895071222,-0.5918259973645378,0.9230392210850644,1.7133649077005015,16.796119092134354,2.0072283481173554,-0.7094219253944829
2024-08-30,-2.0208958155528176,-2.1236924295557738,-0.9647150662777844,-0.7929585856751031,0.8219145385144692,0.825939415591675,0.46667432902907924,1.8043135770239151,16.912164555299427,-0.7554140954910334,0.15037303898314316
2024-09-03,-1.8453805494696436,-2.10036100401163,-2.1611483698354776,-2.3022557624213262,-2.242493898410585,-2.2577685351246006,2.0318400178014824,2.444811082994299,17.477668681154693,1.4855327042708237,-1.580004110924842
2024-09-04,-2.3975357436393825,-2.190747707630181,-1.7696817546268524,-1.862602957699015,0.05483483311422299,0.060674580254762245,-1.5442075299050662,0.002988375822224164,16.77839939225794,-0.18701843712309715,0.15505051638378264
2024-09-05,-1.7632162684730466,-1.5260520113807199,-1.3821896264207725,-1.2933314544403778,0.7319403244014112,0.7297059944154366,-0.20045587715738097,-0.03568486555631491,16.743429674608638,0.023204302459560632,1.5671512547425035
2024-09-06,-1.216910562785044,-1.5513370516775182,-1.9440106289930983,-1.9684058482447533,-1.8027376022132906,-1.8109233787994692,1.8490424938363208,1.5299673922921693,17.450780906690163,2.0330713486663594,-1.8736349545059183
2024-09-09,-1.709060851451977,-1.8713924965273248,-1.8350546334452071,-1.7298969735904948,-0.17385837733700862,-0.1654636332280097,-0.33533074612397734,1.0222433091832155,17.485729507811147,1.1974786507217152,-1.552640176058516
2024-09-10,-1.6251403992525273,-1.7367261644089897,-1.3178844907295344,-1.3944776636255767,0.6437633384071212,0.6437605420343043,-0.8039263008102007,0.018832674073947144,17.253322728254595,-0.5938659929287015,0.38242209906424396
2024-09-11,-1.3838632729553744,-1.3536621080793094,-1.215343264813681,-0.8057772684507423,1.3550354647981737,1.3393244621035896,-0.4929398375074059,-0.47149469926551796,17.203545054375144,-0.14589376455285305,1.184280533500474
2024-09-12,-0.5309550560093336,-0.5874641227359337,-0.17339846663718786,-0.04314754074770524,1.3437454455125404,1.327191332062367,-0.2963613987108606,-0.6866749359715039,17.2064892731078,-1.0981603555083155,1.5637248589461832
2024-09-13,-0.03260161465396501,0.33093130386068126,0.4626719077145348,0.6387592153252893,0.9158872954155574,0.9100194815232808,-0.2643843161734443,-0.7660747640949586,17.20298761158922,-0.46682096197961226,1.0811744291441034
2024-09-16,0.6457126789307018,0.4993397269967154,1.0436502774842074,1.0778892266181967,0.31006012365346697,0.3167657654114282,-0.9331231892152413,-1.4091255958061983,16.726762847847347,-1.258286712410002,0.36672549361207984
2024-09-17,1.3859282433673656,1.2402897526477363,1.3544160292178056,1.2683116250986324,0.34980075021682994,0.3535842601281206,0.30488156196881316,-0.9691660963865237,16.846397645865437,-0.8183110227961531,0.5793807887367237
2024-09-18,1.380727721591843,1.1163262327931072,1.2444053292683677,1.1992315318355469,0.0363683403911312,0.04417205136314777,0.20599385691407285,-0.6651919064406713,16.98002738344355,-0.8615312412199956,0.3810931059995584
2024-09-19,1.7872940926732586,1.631036671403587,1.5069227430283236,1.4259408666950695,0.6014606417994918,0.5994259162380942,0.11009496214426524,-0.44685763210453106,17.095959298405635,-0.5459884239343196,-0.1421507631559449
2024-09-20,1.394430457957847,1.3072339535170538,1.296222951891242,1.3501331828628387,0.06236335075827266,0.06692082134012135,2.099974203385367,1.1677236188283,17.526552622031208,-0.8419536439969714,0.679131262190563
2024-09-23,1.245224054521813,1.3288144880679993,1.0266505542709956,0.8595380616561191,-1.906466035197779,-1.9168401990722306,-1.4308937727591304,-0.4372934331841951,16.999832245855526,1.2143190244309685,-1.9788281093906495
2024-09-24,0.8295885476759132,0.7268785024753912,0.6926565992582837,0.8433113824195317,-0.6256516733557829,-0.6218799627415899,-0.14776014976602883,-0.32923468652110316,16.965340695665084,-0.09331920886671544,-0.5205276810612965
2024-09-25,0.3567307704319334,0.5058937579047205,0.7709957932936398,0.519607643876154,-1.133027176207419,-1.134732962131133,-0.6610550181158332,-0.8039242189330801,16.75304157410593,-1.1284230006364564,-0.7711795512806874
2024-09-26,0.8122077909136177,0.7996215096863973,0.9985735014235316,0.8929412101133829,0.3036079709212207,0.3065420951019185,0.27955852315184143,-0.3057050846701095,16.827081780476576,-0.6620146509719419,0.15506345592251614
2024-09-27,0.3961586417282931,1.2208940216061368,1.0350121643132557,1.2776337502699258,0.47194916322584385,0.4731476793205026,0.1263998890523339,0.04242295490586172,16.864845255313245,1.0792188653323793,0.93037327385824
2024-09-30,0.4782074738561908,1.3023629336707514,1.2641789111727733,1.8490024189782825,0.8827148755900066,0.8804006371952559,-0.28761516330210707,-0.26154796583150647,16.83172664832081,0.664450519029873,0.650900294672164
2024-10-01,2.170587457843819,2.021010941207676,1.7215943753812735,1.8520200889948704,0.2811292111687381,0.2833749177758842,1.2073557333204148,1.0466547133970385,17.15971778221881,1.9356316020554085,1.5163909267773088
2024-10-02,1.3450436635592284,1.1564255736197755,1.662635366951147,1.12719017137126,-1.2487794247713757,-1.2488277510718917,-1.287962967678701,-0.9391614345151045,16.692470613031823,0.04635975643189005,-1.006882053810728
2024-10-03,0.19169454325499752,0.5885223173794117,0.8761780649542228,0.9213042211080748,-0.3037448901625758,-0.3001535068196391,-0.4531412785244038,-1.1024053938603795,16.528422322493363,-0.03668249973096743,-0.09605049615106315
2024-10-04,1.6215571132851359,1.1115930071185005,1.511827366095484,1.2263836420776635,0.6892659268479047,0.689624117590296,1.2077355027029615,0.48158739381800686,16.76244121978331,-0.15301039411773823,-0.3577833312653424
2024-10-07,1.1914481851549927,1.0185525768151944,-0.26821536130548645,-0.7429890952540479,-2.3672864050852325,-2.3758799747485835,0.7220998116356924,1.4165152315022898,16.927384565419974,2.1802275662881843,-1.8412582365277095
2024-10-08,-0.43029916586563277,-0.7864149129187145,-0.3985935630919548,-0.1759267996425109,0.664935548549682,0.6625844033835987,0.02052354887739112,1.299164599506294,16.954160701753658,-0.8519080750626072,-0.24115974234231197
2024-10-09,-0.8132377294827111,-0.9794667369614805,-2.1600272038433,-1.5743296697809421,-1.3004329626860573,-1.2971609482964415,1.1791536709097103,2.0128368035546207,17.255345181311284,1.380831469852775,-1.881219614179657
2024-10-10,-1.6266853450057472,-1.7544828445567078,-1.440332275315661,-1.3537091129521406,0.14444733423759906,0.14880079829424514,-1.8382349049701523,-1.1533930912893091,16.46480820467117,-0.5543028744227921,0.38437514353588603
2024-10-11,-1.0557250971655514,-1.1385292487509742,-0.8651811240217504,-0.6989684176253493,0.6422584622768085,0.6414968899223291,0.2149533196111057,-0.7567355878079892,16.54625469270127,-0.5355861129831506,0.2586003757763968
2024-10-14,-0.47507972306820395,-0.024004977217091494,0.254862301481534,0.22478584479892952,0.9488841988296817,0.943444223792387,0.6170651087733281,-0.060965544695777064,16.76079659932485,-0.4259621830239695,0.4715767161633477
2024-10-15,0.49084089357284005,0.814637861722721,0.8910622336285476,0.6160861388263968,0.34147034110008606,0.3440409440937759,0.17553855030667428,0.3974386956086422,16.82352711974103,-0.16479906593084023,1.3859436862861811
2024-10-16,0.03374200879876978,-0.08708165155088732,0.5006372220368284,0.500489617176502,-0.12902375675764927,-0.12322564689481968,-0.83154994489221,-0.4326039557056285,16.61315774049814,-0.8609573146115997,-0.3945922337950849
2024-10-17,0.5000997245799444,0.2390192236931074,0.0327284050030554,-0.6494570764816494,-0.9855954721327868,-0.9815844224692389,0.8456290874384522,0.37070560614652187,16.881393745548376,0.2923431138939052,-0.9105775176378985
2024-10-18,-0.46357146220926054,-0.5219172182161161,0.40439213845716193,-0.17784181980757857,0.4406629509806222,0.44289432678052115,-0.4607093939367301,-0.060255778514013,16.79905389736141,-1.1003106103655407,0.31338288518494756
2024-10-21,-0.4448554819793915,-0.5083721654189469,0.11252564159608412,0.24930722698852353,0.3748115056874872,0.3766938604766743,0.10711562535105575,0.27269361672773423,16.857482173677134,-0.8146496197214929,0.8073725926281308
2024-10-22,-0.35953600752553977,0.35917107372900714,0.3400088316955959,0.9888803107363286,0.7044273980669048,0.7034082163374767,-0.7943850973757596,-0.4975914949608154,16.62298977812782,-0.05082502215213593,0.8123549665356864
2024-10-23,0.7038627206814813,0.32359813573449575,-0.6098597082237648,-0.9563154604706076,-1.7839850708155487,-1.7869887655701018,0.4803928038730577,0.6800900907615981,16.7213455306169,1.6689347422799963,-0.7810332399365983
2024-10-24,-0.8022713895331334,-1.6054627675303506,-1.5572575533870092,-1.1528628271181165,-0.09516756528216153,-0.09111927697589518,0.9406000916325387,1.6790412637475163,16.925129441513484,-0.4493898507084744,-0.33801868644466687
2024-10-25,-0.29863314047455625,0.008449519358352458,0.4672653974558974,0.9520761231803153,1.520237709518413,1.510679366884388,-0.8492377481182051,0.2621110414470847,16.802651077881002,-0.6151194791927179,1.662520615368655
2024-10-28,2.2725285326724323,1.8846089764106306,0.9084069815279083,1.7093320713427314,0.8257841915268125,0.825143952480332,2.1225300805836405,2.4727750903691934,17.285568389012628,1.9294527732173994,0.4956788314357279
2024-10-29,1.439976330044836,2.078778903823442,2.396938209348077,2.255872536639554,1.4198356868926556,1.4118154672672443,0.7848475878111743,2.2137683733949522,17.557195935615244,0.36479120987836483,1.4385416819704044
2024-10-30,2.628306476700022,2.634097059525976,2.5825687438602323,2.326472020008934,1.708327840186169,1.694769518333078,1.5389174933949556,2.2854150982653865,18.0480332147336,2.3488335674282146,1.9884402427126486
2024-10-31,1.0350001765131656,1.3194590969285545,1.3759406735678072,1.1527315487841658,-1.7012238916571794,-1.7126685482707382,-1.4176697026937188,0.26198924268700224,17.6170265159186,1.0583426790667267,-0.7094530558166046
2024-11-01,0.4022480000705915,0.46398036028203693,0.7301115892137987,0.9769414573982245,-0.2630567640565025,-0.2567716469063874,-1.105111018605754,-0.6803756907931077,17.27486681024996,-0.24108933610644911,-0.8954220408939073
2024-11-04,0.26726388652230754,0.10032758236740291,0.4157911194087901,0.35633097353106774,-0.9965210306565773,-0.9972852101134432,-1.0213179858466364,-1.178142605506235,16.883223947086574,-0.7050874982744411,-1.1850265430235936
2024-11-05,0.0640620440323761,-0.017867423973980924,0.4836198526633311,0.3744335113350683,0.006562969331675077,0.013379784716345013,-0.5844927546489054,-1.2466871614768595,16.719242722380525,-1.1589366497742661,-0.9995748456848019
2024-11-06,0.7403920812361259,0.9309605899026201,1.2920296296710172,1.6690141631219004,1.7734254065470807,1.7568751365277429,1.578151192252255,-0.47582495290644183,17.332874884926795,-0.22364819583228202,0.6492635200467096
2024-11-07,1.206163276076504,1.3922474027604455,1.724047434996048,2.0035247706779904,0.732247906788603,0.7345549296649585,-0.737947819596559,-0.8184209550894503,17.048403719323776,-0.1018419915572075,0.655216187420426
2024-11-08,1.536606054564118,1.1480780380475408,1.5396040172151626,1.2294486364433832,-1.0788472607581527,-1.0827802380524403,-0.48340086055847403,-0.8911621667627428,16.90683483524286,-0.717286059400512,-1.4365568705382148
2024-11-11,0.9097895944506779,0.89362627905506,1.3693281327854057,1.3632914784936219,0.16105273027322384,0.16966038848489468,-0.5014752841169013,-0.8806411910089145,16.674873186291368,-0.9181500290186219,0.3468644644300832
2024-11-12,0.9708552397855793,1.0690425977797358,1.2876215449054338,1.3062951526503224,0.002739840545945269,0.011356261190085046,0.9450442245881492,-0.3040449508972264,17.039767916370202,-0.37014577817136607,0.37693637452756923
2024-11-13,1.1214174616815875,0.7848908785625768,0.9367489875847189,0.6295518082802929,-0.9416360383674546,-0.9471171340473428,-0.07340203022109529,0.1708721172304393,16.958972986675796,-0.6659153516303489,-1.205291975168202
2024-11-14,0.5307913895981249,0.27753446720678604,-0.044816090864003844,-0.1402665269921847,-1.129718258097931,-1.1401566009653892,0.8174441104622555,1.932535916649904,17.249739700921882,1.7633448833392271,-0.8372085846590824
2024-11-15,-0.5888396464919398,-0.8039822952201,-0.8351504444949349,-0.8555480590290953,-0.9312334409157317,-0.9374948600368336,-0.013625718220027977,1.7142727909580033,17.29689220651076,0.02887825233091367,-0.21217188248324503
2024-11-18,-0.836509294750564,-0.7166855060800106,-0.6507106152023028,-0.4357124489873005,0.6353847785226981,0.6424703379268407,-1.1223271672329314,-0.16618917532797256,16.821519891167984,-0.4343520067865322,0.8811361649048315
2024-11-19,-1.0819767742202098,-0.05463903902085546,-0.7399915021801687,0.11457591895487713,0.5483856819662992,0.5552902879789929,0.21560994827886865,0.13200162697905415,16.969736964879413,2.0087476390191528,0.7048973738421089
2024-11-20,-0.00035464317537861487,-0.5283945993127892,-0.6793377006833315,-0.6143932619717686,-0.713876695507532,-0.7114901050379482,-0.6196835668849795,-0.316901430032149,16.759796946541993,0.5623161510994719,-0.8972688049171058
2024-11-21,-1.0276365442991047,-1.4296394977932045,-2.2684232387583654,-2.155459200999916,-2.002682063794342,-2.0251727619874558,2.6651036471187375,2.468941741382709,17.905418643561188,2.6298718619819614,-2.2762920961799638
2024-11-22,-2.2215285144858616,-2.250916990244544,-1.6375669550050151,-1.90362703924774,-0.4660071455106603,-0.45702651035141556,-0.7389021328932637,0.5353217262608181,17.468882024222864,-0.49519970720602907,-0.6529617444865248
2024-11-25,-1.602857792204704,-1.3875790295005965,-1.0823753807305407,-1.112512681289813,1.1754334542411062,1.1661452375275696,-0.4631304405550573,-0.12586345881955374,17.316109767513304,-0.3781921370086372,1.0266293825767856
2024-11-26,-1.0657300314443074,-0.9637989227167046,-0.582492910108493,-0.6935264878394456,0.743479277776352,0.7443563500318723,-0.6634920520751759,-1.015259034328244,16.835286501883854,-0.6663953680693978,0.5214526315364341
2024-11-27,-0.6470789126776835,-0.8600934422503448,-0.3428506552429405,-0.5240144401330014,0.2849309936585249,0.2918355233577416,-0.23723159891274423,-0.9896549621270354,16.77387844632161,-0.9161604100215427,0.4903840614570948
2024-11-29,-0.6098531491798072,-0.7096298867309003,-0.40861574911475274,-0.45593972008182326,0.09740638589622107,0.10574177154297462,-0.42215245423170356,-1.0597952937570903,16.472772670374376,-0.5176165478361037,-0.10865170579225453
2024-12-02,-0.4253965112220556,-0.02938126136908887,0.024370464136157358,0.15516884398273934,0.7479949788156729,0.7424677022314925,0.7028409165130057,-0.22604440898716305,16.984738092578148,-0.08566284505625492,0.7568389342491622
2024-12-03,0.33501693133405114,0.18839025926775416,0.7243347552990324,0.22749800163784456,0.06214373090021903,0.07034406602115911,-0.28427865059543245,-0.35655631798246,16.917794182849754,-0.6892697197801427,0.16704352582883222
2024-12-04,0.32881465580814556,0.9977520910728309,0.9442115251756631,1.2959625143220068,0.9843531017650486,0.9728431799209699,0.31602796660291665,0.24323537891268854,17.269145444155814,0.09757364884668744,0.8076172677430418
2024-12-05,1.767809789100534,1.5203394983688587,1.5093168208734609,1.0451033286867988,-0.4128016729831714,-0.4007109439822531,-0.6303594613040322,-0.5127544505454535,16.876852700432806,0.04795059971344562,-0.18186194514823265
2024-12-06,0.832102904440384,1.1326569231165424,1.1348437490659888,1.3866658993261662,0.651071079316266,0.652289623571638,0.15682160732594452,0.015252455548546196,16.881813171480665,0.49405755737962187,0.6813988436738464
2024-12-09,1.274054372753562,1.326923810169139,1.5632059044026305,1.4721787667379647,-0.1594492350843468,-0.155202227814593,0.5343010053468642,1.1904970031569977,17.049850238709016,-0.2734887799542301,0.7331314141078299
2024-12-10,2.382670070047877,2.4156404845332373,2.399375288273735,2.4772971231099024,2.516912014848933,2.503161103520237,2.0976673314252445,2.598530599628415,17.81943796830576,1.8875212584480519,2.6095334037523226
2024-12-11,1.9560010679089195,2.3008320432695863,2.078281191851131,2.360426287434625,1.7536002507466852,1.7482615794770895,0.0926541300949456,1.8864893738802986,18.03345971099342,2.5647142972180794,1.5017616603542108
2024-12-12,2.1522144900304365,1.6567692277303023,2.0611471256728,1.486657472687266,-1.2314037665165727,-1.2506012443109822,-1.286269248040832,-0.09649273356618218,17.365630720630573,-0.353997012826246,-1.037602594764622
2024-12-13,1.3357415820777943,1.1397953862591188,1.4141524698126993,1.0279184410799365,-0.9053284424867165,-0.9126353207783511,-0.8597675541369104,-0.7422102002315233,17.04011001157378,-0.5152475391820293,-0.9600006205587265
2024-12-16,1.2395809678755885,1.3981255412337394,1.3893688726273161,1.3760182643889403,0.8138446666013887,0.8219724173664111,1.2104776224148481,0.12074807567015072,17.62072535588981,0.643162434562172,0.7463694044064365
2024-12-17,1.3458280951572001,1.3082115567927735,1.310935776209498,1.0315911173774286,-0.734865751934644,-0.7348411824488091,-0.38780339459689334,-0.15590278704959043,17.588363468840782,0.496997770840405,-0.6485096990213165
2024-12-18,0.9504634009909834,0.7354478018226366,0.4207683288061002,0.20330781042193558,-1.413816555679661,-1.4400400031751104,-0.61479520961993,-0.5946337485743308,17.34674451164001,1.3673191056600096,-0.7132196504980157
2024-12-19,0.4389325242464436,0.20588406580019392,0.3483665517100216,0.04947124409799017,-0.28536400586052246,-0.2742362429306863,-0.3725868199864977,-0.7629994395737357,17.289499838993297,-0.33775478828073996,-0.45442967919308447
2024-12-20,-0.46442169194381017,-0.008123791454597153,-0.28356638771940457,0.25604979764500513,0.18408474461434687,0.19804736096081796,1.317973892079957,0.3542959619494258,17.965966056909966,0.6636896589502077,-0.3102286663782365
2024-12-23,0.34872292213082223,0.065762433664101,0.3673394790583271,0.7665790043615803,0.1920175733864464,0.20563470528246636,-1.2018540926713337,-1.1668651748735952,17.061028352727288,-0.5182874439496262,-0.10402414417314686
2024-12-24,0.6801489623533782,0.10877353285861427,1.1282930940166715,1.024701690613395,0.05789425154801704,0.06989898115969644,-1.0419869604254715,-1.46869043341976,16.15763371759581,-1.2879262411088475,-0.4850268175597246
2024-12-26,0.6264245917801029,0.29608066302517344,1.1045777957127263,0.854111688862869,-0.1433348354485656,-0.13440803961318948,0.3553824690504303,-1.3010779734659645,16.304293103421593,-1.1478563029042224,-0.24857989821556517
2024-12-27,0.5663041126213507,-0.2199394191504959,-0.0327773761468583,-0.053705720715674525,-0.761494781549661,-0.7578694466663373,0.9098378168419375,-0.5672707554333815,16.75421740295303,-0.22581090705620158,-0.4403955174862088
2024-12-30,-0.9671424348410955,-1.1941524036913707,-0.4947817399478934,-0.5957601384320566,-0.44791638030839803,-0.4405998015702616,-0.5865299170666979,-0.7980866274723246,16.473298582017495,-0.770794642900232,-0.039410621460871424
2024-12-31,-0.5189063959462752,-1.14418704360322,-0.5587291120040939,-1.0110636191062083,-0.41667160699440137,-0.4091712907132748,0.4225678583373421,-0.25830417638933334,16.6758182765637,-0.6274310460278459,-1.0533142665977704
2025-01-02,-0.4997356849005127,-1.1407449685555349,-0.7240483510149364,-0.7913287196519675,0.2378374352581387,0.2431125275133,0.26188745947134384,0.33449461356814275,16.829613109963017,-0.08861678662002893,0.5738042449946202
2025-01-03,-0.14606680867483413,-0.3872665775520683,0.07743689925827413,-0.1077240165394729,0.9683629394361852,0.9681817024029946,-0.28411988812394995,0.3120227384237855,16.738467870510277,-0.5637912710481715,-0.16381644138205972
2025-01-06,0.6668764354758249,1.738431364569235,1.1871428888833149,1.4437313138977423,1.6434859666792707,1.6326928449460256,0.9284721254625229,1.4177460124624766,17.20205446665188,0.10925566390482046,2.322841494485906
2025-01-07,1.650577772689502,1.9660849279907984,1.26073026694546,0.7758094367569083,-0.6939027791512452,-0.6933360687014158,-0.26926135750960617,1.7894963595907947,17.09217219315142,1.8679887754354698,0.19900225260149498
2025-01-08,-0.24192344391042442,0.32088872988156797,0.34197480071315534,0.25150873988877376,-0.607399099705961,-0.6076383552412198,-0.3400502901032833,1.249436170832767,17.028963746881576,0.021468360342355552,-1.2120731448638133
2025-01-10,0.509968551577403,0.38290320814980866,-0.3225862387597889,-0.3110496040062351,-0.6256271786910929,-0.6274778703013081,-0.20041910938670812,1.0120520347196664,17.098869939959553,1.5686802035197258,0.48670619855208824
2025-01-13,-1.0423173539694615,-1.1389431921384674,-1.2229749908911873,-0.5611651707847983,-0.24400814323208903,-0.24077347259061432,-0.9366270176280016,0.12604225940302657,16.898507139018275,-0.47288657441063486,-0.9220603725094301
2025-01-14,-0.42579236778765134,-0.7574312118763479,-0.726210539192194,-0.9317441350558215,-0.4612361916330879,-0.4611911586879078,-0.8956062412409469,-0.5819830918717631,16.658959631863933,-0.5355686115124992,-0.9700556914520251
2025-01-15,0.2541814232016348,0.4528120665813974,0.534016883147224,1.0895703365147753,1.855077533050014,1.84918807945237,0.8053112554578774,-0.2051382512443365,16.8963190497955,0.06361354187534025,1.1354026488211806
2025-01-16,0.605836554936986,0.08194153935222058,0.7343018591676006,0.01566673741944952,-0.9802945835854211,-0.9877709928918478,-0.822574160786003,-1.0219961453474398,16.695573865890275,-1.4399763367554825,-1.1875809214708308
2025-01-17,1.3682823093194174,0.5013978671572252,0.9112245200516189,1.02573381167036,0.760921445333383,0.7671598939937516,1.6215792764380779,0.509547308142737,17.138209353072916,-0.6529585663629319,0.445479704704848
2025-01-21,1.7761725030016644,1.635318394665208,1.8032390339962328,1.4408574986064269,0.43717021900777053,0.4451125530798224,-0.006529385331410936,0.5189433205983008,17.215750848427398,-0.04137383256072543,0.017277261585522865
2025-01-22,1.386440589639589,0.9917074073514979,1.3936671951118544,1.3994412623322554,0.054350906952799066,0.06104836699148387,-0.56163243045458,-0.046025888054625236,17.08129290739953,-1.063495959782612,-0.42909401868799935
2025-01-23,1.0261468417879474,0.9837507921240768,0.6987979306574106,1.0993845338725274,-0.2387646666937072,-0.2345225054885459,0.018185584972578696,0.2417642534658401,17.109545839125797,0.9096851108430392,-0.6287806093136117
2025-01-24,0.8312930158335546,0.9637861327906542,1.2085423431475881,1.4062749130216643,0.5793262932886145,0.5857348314023878,-0.5477941272883071,-0.29480577991293394,16.98844719277146,-1.014868589514431,1.5266469437319434
2025-01-27,-0.8161177884860817,-0.1138877398568189,-0.6775230210828557,-0.9288251778061039,-2.134964615179822,-2.158478167869633,1.970082093184259,2.2681551974539147,17.546704516251612,2.0312885364112283,-1.96492923663557
2025-01-28,-0.8895272695745351,-0.7099281476427765,-0.8809078906922347,-0.08618514013157161,0.7753812364473427,0.7718777255683168,-1.3281381824666931,-0.5506151731990799,17.000122048117603,0.6986449808680313,0.8192251395823704
2025-01-29,-0.12235483266584445,-0.5704514215838765,-0.2661241343964431,-0.2916535254479953,-0.12991308880420588,-0.11975492404560618,-0.8313642752262188,-1.3912929404041439,16.717937196271382,-0.5694135351007716,0.4252710032223501
2025-01-30,0.6411116135577808,1.0316549654639289,0.9991037414538527,1.416374080496404,1.276797343350618,1.2564154427203946,0.7274829635251783,-0.49617181123487597,17.008235448407532,-0.24730436142830794,1.5423737455789672
2025-01-31,1.6412758823001783,1.8652083480216888,1.7270404304756333,1.8167861074257576,0.5183328472765317,0.51680234018345,0.5420604699782555,0.261778758347471,17.282558131397835,-0.45531658681014064,1.1344386629408723
2025-02-03,0.9923064579391998,1.0585423095447737,1.0173833748460204,0.8264745765461254,-0.8397978738730348,-0.8288754483014776,-0.524369850355514,-0.2910323790590955,17.141923364269402,-0.4606382995618797,-0.5910059680973572
2025-02-04,1.4845207732220351,1.6303594217154378,1.4135838048097744,1.6663174967335554,1.0207781580087405,1.0090165669275628,1.262491983534944,1.4617616876688184,17.596431241043646,0.04154300042108833,0.8786358371480997
2025-02-05,-1.4615800057781,-1.5964571088711625,-1.5451902516428182,-1.4255552026386484,-2.169944478402566,-2.193604406196736,1.0838343165424265,2.1374039754267358,18.06933302796116,0.6400945684432756,-2.44623595447458
2025-02-06,-1.4174199339003264,-1.3677389483591411,-1.1688326103271727,-1.140292490481298,0.13050519319425877,0.14239340472322998,-1.48317675505195,-0.7285767032658318,17.193009366981272,-0.5691514120973319,0.000248909937757928
2025-02-07,-0.9083069226463235,-1.2315946851053994,-1.5928028745711833,-1.658223786865699,-0.7711662626367398,-0.7561580209718994,1.0066238633931595,0.3252180703926113,17.713738872648037,2.3475678035164615,-0.5687074840042866
2025-02-10,-1.3817202500716979,-1.3970451106554993,-1.054419516036577,-1.291520392729042,0.27470491586482587,0.28226822220267334,-1.1918266950830276,-1.0424962051623046,16.95558561363399,-1.0887976330013023,0.09130525029304401
2025-02-11,-1.4435985032132634,-1.3035490030327077,-1.1047463484453963,-1.1922043791747625,-0.04506857004265497,-0.03067500741380527,-0.37178075628730617,-1.023081934758445,16.871373260653375,-0.7255519508363739,-0.05715907474674574
2025-02-12,-1.35165893509022,-1.2513868330537683,-1.1651933184926486,-1.1516356326360448,-0.11457491188164305,-0.09931124475152613,-0.18311371541591906,-0.9592224465611737,16.909847623577058,-0.316811774740167,-0.016750558358325576
2025-02-13,-0.9800273799040836,-0.9072263033200164,-0.8240736187682417,-0.7005064326945434,0.7367115472670783,0.7293035540234133,-0.257605529849075,-0.8847699932188102,16.87901834232229,-0.39783275414807906,0.41386763725950343
2025-02-14,-0.7242059957629828,-0.7354151054841332,-0.5346810544309181,-0.6545129065082559,0.15994779105294415,0.16944139724164148,-0.21219124632011488,-0.7612233645725575,16.833415246686986,-0.9420940378846755,0.22340610178401338
2025-02-18,-0.5003676953562637,-0.6492349386234616,-0.7471522109055033,-0.6918340149390467,0.029491745572414862,0.04144234753018904,0.771091528797937,-0.18218502252857738,17.213927444296207,0.3076396340854114,0.023807813701469446
2025-02-19,-0.8707564855061355,-0.892344995990961,-0.3710331907292845,-0.40501544022743574,0.7323027729596003,0.7222621092883627,-0.8139530974078981,-0.5613807654744846,16.788455204540064,-0.9399589231633112,0.7463859621939335
2025-02-20,-0.4756843003670626,-0.8038742629122573,-0.5892939237783036,-0.5198931840258029,-0.02433146251742811,-0.018417035501417097,0.2119293542505869,0.08268849092857614,16.83307775504587,-0.4219664175736431,0.6049549004446734
2025-02-21,-0.1880057875675314,-0.6889209645228933,-2.1226130849533074,-2.516057594750695,-1.3958384824214956,-1.3983503442881366,1.5262422796411577,1.7597419983800073,17.376533941447065,1.3696057290683505,-0.5185386058661703
2025-02-24,-1.869566365919516,-2.0253443807962745,-1.6318265704558859,-1.852142320029618,0.08936695606673184,0.09412454646011796,-0.4438565703727953,1.5629922621401402,17.211836124918786,0.7542019206175489,0.9304507522309534
2025-02-25,-2.5092901163044643,-2.566862331315922,-2.213630300435,-2.106773992554906,-1.2844295935955101,-1.2880429172437193,0.9289498185764654,1.9400253285055205,17.551116166692278,0.5592781878690294,-1.749108143633143
2025-02-26,-2.19572201294049,-2.1792473287445175,-2.0596664949104713,-1.9180670596784926,-0.682165829940901,-0.6797408032319803,-0.7541716255498495,0.8664163599671614,17.383106196461018,0.7966373133865047,-1.3008859205370178
2025-02-27,-1.7618654252174633,-1.803498624043039,-1.9301386341940552,-1.8948643454676124,-1.186241243986815,-1.19093666123382,0.07625357920905904,0.8821280411903387,17.50416501176754,1.7750525732763387,-0.41222495706176004
2025-02-28,-1.9429762403016781,-1.8453621081179068,-1.5918127531848545,-1.2805628841895371,1.4952453115494269,1.4869658945530393,0.2337713517707349,1.0437074680272926,17.689428728215667,0.00989401958865151,0.11839035242029738
2025-03-03,-1.1267285325660317,-1.104532886099804,-1.3683773361254752,-1.4100926326494416,-0.677804103601541,-0.6762138493109022,-0.8011969514916053,0.03480920993996189,17.523469363167322,1.7303872987168363,0.5595880669974269
2025-03-04,-1.5620717547130267,-0.9176097639529354,-1.123960977214773,-0.6782404754774445,1.7918208173110557,1.7789518672908504,0.102709560613884,0.17480361558713503,17.63075833292527,1.3712945629186788,2.4700811820464903
2025-03-05,-0.7679037236402457,-0.6742905072181268,-0.5130344917887947,-0.2006350168639265,1.0851175752435651,1.08655005137065,-1.3016239484023329,-1.5737527411693495,17.248041896739434,-0.22542688765276328,0.19282715744653883
2025-03-06,-0.6157831053505916,-0.3344523461786874,-0.10468477470344213,-0.13479954554042684,0.16084555941864467,0.1690888125593377,-0.49948233443625806,-1.8408834317143536,17.158443066827644,-0.680034626972136,0.9192011089693851
2025-03-07,-0.3388635896594095,-0.10549612873300952,0.0307634921896807,0.437345713526828,0.7193864899280396,0.7232097045393214,-0.12951114371072311,-1.4364617699694695,17.12553522536139,-0.339221909734182,0.15347909870614607
2025-03-10,-0.8680895765378839,-1.8815953660392128,-1.4769879124204082,-1.6245251836089452,-1.7706154941629257,-1.791219621142267,1.8829297408880747,-0.08968221147791851,17.590659470164063,-0.23690805131551926,-1.0228550138708603
2025-03-11,-1.6105036958535315,-1.9293472924403134,-1.825574525872167,-1.7189355664534278,-0.22560429985778588,-0.21596876925293623,-0.44136128260664614,-0.26812566275719724,17.494021469036515,0.14022018809592696,-0.23449568613425906
2025-03-12,-0.9220557200608456,-1.3104456979584633,-0.9545759799568274,-0.6360145229965742,0.9960118291371176,0.9888152695711444,-1.0876153913000781,-1.0854754353804825,17.160927434857133,-0.8431845575565928,0.7185280295767517
2025-03-13,-0.970253366841073,-1.401017851363142,-1.1535765220417613,-1.5346919089533329,-1.0436156306501145,-1.039109596123075,0.42314862947523707,-0.5407869536722224,17.273598571319642,-0.7195742638302903,-0.9734559576291648
2025-03-14,-1.582320100858024,-1.0896349231355087,-0.876181071615721,-0.6831162048548561,0.8583409402270605,0.8548064808563045,0.08055714247433861,-0.17958118638638784,17.281118358809294,-0.749564278291239,-0.47979417626305715
2025-03-17,-0.8079942349483631,-0.9329078501500251,-0.4434798976304189,-0.8871156185251119,-0.27279563326777956,-0.2615448832632769,-0.09840037272264615,-0.03246652172079827,17.255425353068734,-1.5870096470379145,-0.9500779165817309
2025-03-18,-1.1361256199058871,-1.1903733034776187,-1.7607311774094347,-1.3809321617922188,-0.7791345439508341,-0.7721723205180435,1.1858874104570667,1.908823056049747,17.554959568380525,2.4095397699149275,-0.744023621612902
2025-03-19,-1.4291561719927783,-0.6219341802374498,-0.6116557426429807,-0.5183720661174336,1.1605257625494698,1.150777290227515,-0.8547537851531448,0.4076229444939941,17.349944317905166,0.21760285134373952,0.9792366165968373
2025-03-20,-1.242537661490908,-0.7717403837606218,-0.47769124802794977,-0.6410109411534296,-0.05978399730612622,-0.04977306998363173,-0.7750828562333069,-0.7228022776752643,17.152649338864205,-0.47632841815014426,-0.03375868640164724
2025-03-21,-1.2860429236545685,-1.356566956751329,-0.3622017150021211,-0.055810862647281814,0.5946271723402609,0.5982372100927786,0.8664634835458429,0.4851496271946555,17.41626349536952,-0.7953645950178339,0.9700992532920398
2025-03-24,1.3800388546855715,1.6578573585625636,1.479206770330309,1.6401117851831581,1.172820394539993,1.1664943807849577,-0.6711001505702323,-0.26705768208146213,17.245590170002767,-0.8264759195437842,0.6618851517593424
2025-03-25,1.6894206600106596,2.106485183490574,1.9114161113700594,1.964277898553597,0.7206388280891937,0.7204621409021422,-0.8610718151148863,-1.1676968788875826,17.000804821333787,-1.1568735030722432,1.3837912520159141
