Date,open_std,high_std,low_std,close_std,daily_return_std,log_return_std,volume_change_std,relative_volume_std,log_volume,high_low_range_std,excess_return_std
2023-01-18,1.1080712098591317,1.176870788416664,0.5454644678946227,0.07662494222188514,-1.162005636255936,-1.166839229278965,-1.021205525312918,0.0,14.898061551815415,2.022544229567768,0.0
2023-01-19,-0.47641043479013306,-0.7552430598857531,-1.1904840833107597,-1.6542289459643396,-2.1074899954872155,-2.1285499506456333,1.8719022126292406,0.0,15.49434411409504,1.3979110791690705,0.0
2023-01-20,-1.718676707626735,-1.5122127659805205,-1.4227997674269848,-1.045854776481181,0.7477374942716314,0.7448158062697964,-0.992641158328859,0.0,15.130604523522177,0.08850762214516893,0.0
2023-01-23,-1.1447118691128069,-1.1528409676501317,-1.000743810586426,-0.9236917538594509,0.11538220447107742,0.12234106221123296,-0.43345261642071276,0.0,14.99043583832365,-0.4701351086114573,0.0
2023-01-24,-0.8364865560674534,-0.9687793116801268,-0.7112997355627011,-0.6134337526717857,0.3885566191980391,0.3920504860377459,-0.893690790586907,0.0,14.570646605805074,-0.9612625370322995,0.0
2023-01-25,-0.7894010953306012,-0.9065419838906162,-0.8023843699645068,-0.613246128906214,-0.024962531561517055,-0.016896298812421804,-0.22269372594278516,0.0,14.538411182016102,-0.40708145319533445,0.0
2023-01-26,-0.7994679807406226,-0.6337401603766853,-0.5539439716384644,-0.8876291690339617,-0.42150644557714195,-0.41225328416203355,1.4988384268506396,0.0,15.083950287114826,-0.3404149126914381,0.0
2023-01-27,-0.8849008734331737,-0.6097819532321919,-0.5586334663531614,-0.3460310287095434,0.8565041527689458,0.8501973572056502,-0.7042331283581512,0.0,14.83117628797277,-0.34346356545760276,0.0
2023-01-30,-0.2584074971425903,-0.4785715331749722,-0.06535976021313432,-0.6078696611154457,-0.17177175694465902,-0.16382993061382767,-0.24477653431908356,-0.6364677048066191,14.78746340700687,-1.4024159686275581,0.0
2023-01-31,-0.043816389636750545,0.7029637914713678,0.5432618625221421,1.7359210418939772,1.7258423244211103,1.7002564944288039,0.6606444862023384,0.42391596901685247,15.075901785738123,0.7234576047589639,1.349549062277129
2023-02-01,1.8999219102010458,2.373106088360385,1.9176701154149594,2.1032814924062224,0.5629659160573744,0.5645910604199608,-0.46870218154053966,-0.09613474919450687,14.939303470207323,1.9834437038392116,0.33380989483399665
2023-02-02,2.494906693701516,2.3921589094946087,2.6222771500263984,2.3677249649296064,1.746655890302475,1.7371674724560102,1.387991121324361,2.1325125577995165,15.379239763658637,0.3389666909450271,1.4979528396744322
2023-02-03,1.7215461874181264,1.2412796902521464,1.6861975974251233,1.1016583071962336,-1.6116828232541007,-1.630938740821094,-0.9058778967430744,0.45099386845455813,15.036252274876762,-1.1774064537186912,-1.129952130014012
2023-02-06,1.031676595212307,0.6597161591081289,1.0742308308915,0.6913042901938078,-0.5950084840431774,-0.5916557813036698,-0.9462970996779733,-0.7966910084286396,14.61737805372919,-1.2281995971670838,-0.21253309794020336
2023-02-07,0.31758431374401463,0.08805096724358064,0.17476123126119394,0.14102107414833437,-0.7637617860968794,-0.7645137715108964,1.4406644041489316,0.8160988547858222,15.167601856441378,-0.2657497305033145,-1.575853453241012
2023-02-08,0.0925861774702351,-0.37606648453067987,-0.07022046998030806,-0.4319241566072698,-0.738379932131705,-0.7392360095889695,-0.8808173723363198,-0.7406674619376529,14.836954143936087,-0.8057250019932622,-0.07880086915091761
2023-02-09,-0.0033613117589094675,-0.47301781678786425,-0.7429831491289671,-1.1193236890938707,-0.831135197770418,-0.8340529667714324,0.16184093158765342,-0.2375271627658465,14.935003650657022,0.7281805902608679,-0.5582047309379224
2023-02-10,-1.3833483934520958,-1.3494941139360088,-1.068831575439743,-0.9920111436394643,0.14736183115430374,0.15729036491010429,-0.40452207697754955,-0.6444036693909959,14.833924932470499,-0.706402952403756,0.09987147305219268
2023-02-13,-0.917598956468845,-0.5967019032478866,-0.7173874616021731,-0.2652005404860513,0.8927613412872542,0.8967281119553049,-0.4477221097726003,-1.0299522512005637,14.704430504141904,0.3524675813401803,0.7554863014485822
2023-02-14,-0.5305613564271751,-0.6738888556887797,-0.7218588130016785,-0.8532285532879829,-0.7297964988561437,-0.7312205054662548,0.8889469213820813,0.27080212608973314,15.033623221631865,0.15990265143015434,-0.928914161863666
2023-02-15,-1.0969491119878243,-0.7324645063254919,-0.6674525570401787,-0.45498377540906937,0.48359081059314674,0.49350123728666184,-0.7140137182884839,-0.6698355238752519,14.765429857590723,-0.19020010444189547,0.5332735390770186
2023-02-16,-1.0466483439781162,-0.2509065769528509,-0.6551170509622345,-0.1990571312314527,0.5197729635288142,0.5262069037769677,0.618250021059623,0.7906315599197554,14.968990063610217,1.292439871588632,1.518124299329675
2023-02-17,-0.2854230667111522,-0.806314878427197,-0.9157690745430664,-0.7084555362849658,-0.4954011125946465,-0.49395208026417303,1.275129300014668,2.319341580738403,15.422044457832651,0.6027438705872532,-0.3952739538109057
2023-02-21,-2.1816460169953644,-2.4903203928157085,-2.657126489102511,-2.654800421789551,-2.4559117036779603,-2.479332039444193,1.9734727223564092,2.5943993333150877,16.20352086231876,2.279861461197034,-2.2278920137388787
2023-02-22,-2.1893654211107725,-2.255043622385773,-1.8503298650627662,-1.8058775892417964,0.47084856348309967,0.4707124106945021,-1.1974442485529169,0.33284193258026445,15.594201842547207,-0.6547106968106534,0.49009280167705443
2023-02-23,-1.6829003717705482,-1.67866733568025,-1.4709412865011724,-1.2038669960329775,0.6586122253004029,0.6512307384123577,-0.8112215503430348,-0.3868664647508115,15.286720580762395,-0.7514490885998102,0.4739927229362646
2023-02-24,-1.63310912606499,-1.4209611160005495,-1.3579640468396292,-1.166928088845521,-0.11870727063424465,-0.10475687912072534,-0.5102752438376527,-0.6317678286064746,15.12743179639653,-0.2190636905050906,0.2565624434350696
2023-02-27,-0.7997022805998512,-1.003636489457623,-0.8805339895504031,-0.9981761836035989,0.16735224353566158,0.17484376780872282,-0.46334409367350843,-0.7883106810709882,14.990559367515763,-0.6899708274140911,-0.0806721641440943
2023-02-28,-0.9850655888400107,-0.9513967353400516,-0.7735277048274973,-0.7845810911331618,0.4384271928314322,0.4363561541544235,0.16998808854939512,-0.5952950669240875,15.189099799783186,-0.9495521055963914,0.5001331348576022
2023-03-01,-1.0644223825650447,-1.1429679082498876,-1.0787581120288185,-1.0387870174260918,-0.4525572805018025,-0.43367736822461705,0.6995951014852531,-0.0234070396024509,15.591327111616351,-0.5595808526416336,-0.5701662437346311
2023-03-02,-1.159404618872856,-0.9251686257231485,-1.0378662315011455,-0.7009863211054953,0.6980290624771109,0.6869748382680851,-0.8816424345555084,-0.6836652232208634,15.227399807428146,0.11212698915860002,0.26327198841869154
2023-03-03,-0.3941274791072846,-0.3412698677871554,-0.16043078718271073,0.05360391789711899,1.0280392730270083,1.0043797813344262,-0.26069038952971374,-0.6661025421729474,15.210938332192459,-0.6186697075170943,0.4953381840467527
2023-03-06,0.43255577624949687,0.2221687140663148,1.2030507502509487,0.833215439112198,0.2124758116874097,0.2184159597160634,-0.2476118396275268,-0.5895448382068736,15.140780482977647,-1.0821896759439293,0.23002853108336496
2023-03-07,1.0591790698278216,0.2926535631595963,-0.7647405813935438,-1.5925533991607679,-1.7799683100616859,-1.7902059285927256,0.8675194324944734,0.4195901006381092,15.322339942324437,2.07847200328487,-1.2835507692742938
2023-03-08,-0.8782353832489322,-1.2232174973047831,-0.6385769108813557,-0.5528813965484018,0.7874971716238972,0.7868319192135794,0.14284444439804145,1.1769086245960916,15.358872982064945,-0.7457630968497845,1.3185617105900942
2023-03-09,0.1736828429656467,-0.3659275395540911,-0.6576402317036355,-1.358350251247213,-0.6595984192446847,-0.6558553275829393,-1.214776458871746,-0.6238429866207638,14.993550288145432,0.7064821347396447,0.9831709936523536
2023-03-10,-1.0049844306335345,-0.712322948034859,-1.4338360636409109,-1.4507880140292277,-0.23262042333950542,-0.2266157874131884,1.4108072970356633,1.1206476714640112,15.36962622858584,1.714844508914342,1.0949362150318784
2023-03-13,-1.709968773335927,-0.8580973279872581,-1.4502181661579605,-1.1212283843951771,0.23637550755507944,0.24167105491185664,-0.8064668829714682,-0.1836076995106882,15.174459672619356,1.5588524042584966,0.19812333699540113
2023-03-14,-0.3182739700790072,-1.4805549099103914,-1.3933849043616553,-1.115698258053933,-0.02637968136529983,-0.020311149428193637,0.8558962364926741,1.0912578696901294,15.447883637146058,0.8180857236937891,-1.8294084209264847
2023-03-15,-1.3287038630385686,-1.4581601572614151,-0.9303178244977681,-0.4670192927599077,0.689414800732151,0.6898264306405242,-0.24884765420907634,0.9976583442707917,15.39149530094298,-0.09766574342218746,1.4028846962001618
2023-03-16,-0.6794696818615814,-1.4804529862214157,-0.38440553589627435,-0.664355424438153,-0.24001405401926604,-0.2344281096421157,-0.5171896084968549,0.2308587557800851,15.297160779663288,-1.3157637161241624,-1.6799461563846632
2023-03-17,-0.3963726856754767,-0.20774204450946684,0.035021387374681724,-0.0564434631850548,0.8108431847485863,0.808619689791484,2.1722342308456764,2.440009926333082,15.93681367361435,-0.32798616356619437,1.1928337569110985
2023-03-20,-0.33672164129775195,-0.7369379419799894,0.5181795228330544,0.7979455926585564,0.5009692406658997,0.5020565274584221,-1.5205587024563103,-1.1097054474915902,15.117825577190533,-1.3371929084995624,-0.43234598249789635
2023-03-21,1.1214711455253625,0.7270904401811432,0.9721214119296456,0.8218598619152916,0.041398835798081714,0.04443574345934422,0.5245041958401919,-0.2662947863579627,15.381665324728742,-0.39228630012772076,-0.8701135684688568
2023-03-22,0.6258120373522218,-0.03172716605875131,-0.9421442119743658,-2.206492918295662,-2.198353247146428,-2.207143632040931,-0.6464242178463021,-0.8630634779193382,15.130148055891633,0.9081200958292753,-0.3870167559221066
2023-03-23,-0.8847923212375196,-1.9011162406470652,-1.512334450096708,-1.2420469742432414,0.663013793485622,0.6608261276744007,1.0510663095232058,0.44852989880471406,15.608236393443352,-0.24957732072555142,0.2838667560931555
2023-03-24,-1.484844530271035,-1.7720084928931044,-1.0476324632665845,-1.3248604019046033,-0.22581107512675272,-0.22042662034218394,-0.9355852208069974,-0.8992209108535535,15.163843672469824,-0.8238891600595181,-0.364994601625574
2023-03-27,-1.0579161784650966,-1.3920294485363636,-0.90988183533664,-1.5297670135552865,-0.483928902850146,-0.47805455417694565,0.031033093362820743,-0.6106424725270228,15.26705435933385,-0.71139194330639,-0.21888165142934696
2023-03-28,-1.552988564012965,-1.4943687517892783,-1.1505797221268161,-1.3421428279811667,0.004316770483719221,0.008364236990557678,-0.4440453487551803,-0.8097189074155918,15.105652159409097,-0.878713079894275,0.2494313780194677
2023-03-29,-1.2348437755115869,-1.0518481376249944,-0.6292221218258354,-0.46297113305951265,1.1668358356361797,1.1578032451880451,-0.13604577602950388,-0.6368814360649392,15.098525846830402,-1.0045586589452709,-0.012509799038160506
2023-03-30,-0.0595761432803447,-0.3981257223632511,0.2972986360466452,0.19129145303755465,0.7952826039046876,0.7910967233216025,-0.2391969452722635,-0.6096030287223281,15.048887103966797,-1.185377524215697,0.4942525653658968
2023-03-31,0.42067852484751467,1.8257572214845632,1.2581919046769254,2.1491884839800535,2.2001065550102896,2.179875810215494,1.6230883979335666,2.091058708412941,15.57347209083805,1.6513376728401397,2.4512317788695612
2023-04-03,1.8655837385333254,1.7593029252921935,2.33182212301567,1.9439497235169312,0.40132912775834095,0.4077349695040816,-1.0098011873146198,0.015502391041764551,15.203703365893114,-0.7416981502408123,0.7003966670583885
2023-04-04,1.8806949684120275,1.6673555519435455,1.7419259290404174,1.2604584981810179,-0.7481310473673118,-0.7481930977132106,-0.7188790816302334,-0.8349667744836025,14.902623987427829,0.15570431713216795,-0.3596890829582231
2023-04-05,1.2425649942342445,0.8970613826259404,0.5826335787694888,0.19794272009451264,-1.602265543937684,-1.6218835899973694,0.765492537329254,0.2274605110587047,15.20240498900619,1.1824218535233233,-1.6948369599965096
2023-04-06,-0.046188585132716495,-0.06501451776246459,-0.2365915771927119,0.11602205788903386,-0.1326060066398382,-0.12682466401056772,-0.5607158421620898,-0.27731224851274333,14.976597051033552,0.44695537115729717,-0.16013386276454158
2023-04-10,-0.2980458710454635,0.26946370651861795,-0.06912918656878847,0.40985147525770305,0.40245994425109094,0.40923136329663756,-0.4161018656338305,-0.6771948342007079,14.845094617377496,0.9409918361088626,0.8163800668541146
2023-04-11,0.6636678026439189,0.5270339054122426,0.8976118493633829,0.6839443934172008,0.3095306110268261,0.3157789259348852,-0.2972833899464675,-0.802124956275187,14.730600969742406,-0.7166152663956115,0.7564165733339557
2023-04-12,1.0548313415520651,0.9256141606578917,0.3307142676299284,-0.1050121112244569,-0.9727590014571684,-0.9750489745203054,0.9498926481080449,0.3432816912557142,15.021900738081523,1.3621262570270114,-0.7195628895658147
2023-04-13,-0.08707470519196225,-0.44935930096176113,-0.5596032976282231,0.0948920861290521,0.1801240008095825,0.18708648218604043,0.036126155005817624,0.4866373536033852,15.069929583012142,0.15948636517129913,-0.7055299006210443
2023-04-14,0.044973349564732285,0.27311713297928414,0.5580814002655005,-0.09891177422866851,-0.15459292864298646,-0.1485309950252402,-0.7832684208588953,-0.6548489893974361,14.791277393536829,-0.6251054767184433,0.1739835259588412
2023-04-17,-0.20040596770176586,0.04524739243049471,0.4818060856559712,0.9729658295438114,0.9978797803526172,0.9932151734113103,0.17051243216979217,-0.0809652462231216,14.779410185155882,-0.8850100985095234,0.9623146810173185
2023-04-18,0.9795297169644435,1.174615793609259,1.5784016901116265,1.9601005481562825,1.0328462679970725,1.027843373880408,0.4466764487122821,0.8852998828188586,14.862057675477224,-1.2627285229985257,1.2005656393925683
2023-04-19,1.0803234124785879,0.9851430064112812,1.3011233854915916,1.189778031268517,-0.6871368576988702,-0.6818370019951329,-0.0016771163327520178,0.8482686262042186,14.876525162321599,-1.094179668864319,-0.6321106594805481
2023-04-20,0.9023475358460615,1.5259879872932112,1.1429925680501984,1.3478543109473977,0.27995993618897236,0.2824063663130108,0.9670864661978227,1.9074073874689783,15.030957580941289,0.26851012056070733,1.143773315682439
2023-04-21,1.8032275041239938,1.6956191857277938,1.6477908804980421,1.4498469179874403,0.1303430739441216,0.13328512578608695,0.11825619081882606,1.5910135644069354,15.070186267432323,-0.6640762845083019,0.10517400399499591
2023-04-24,1.2888207013468207,1.1028248548486195,1.3546110181785274,1.4832521914708752,0.2345387504568393,0.23695959623149826,-1.5634796059253677,-0.5285238783619332,14.737942792146198,-1.0284476697978997,0.21390323816416348
2023-04-25,1.3388039444522228,1.0843948793291378,0.5070646427024305,0.018293696710936835,-1.8936524042206853,-1.900342073847278,2.303981695514692,2.1791238554468495,15.326122336866375,0.805463434191216,-0.4915366220420957
2023-04-26,-0.1977744908228063,-0.752607412838035,-1.4690278114491409,-1.9049171067628268,-2.0934827469830455,-2.102031579650997,-0.5340590966098675,1.027273084994376,15.211111726088587,2.0949406767122967,-2.248119592797907
2023-04-27,-1.7911260904789814,-1.302769277056873,-1.4176008729728062,-0.5643214453022599,1.3547610867727635,1.3410311826420764,-0.7949477355214427,-0.24493174716089122,14.957693380455485,0.9881430866378779,-0.014816816894349981
2023-04-28,-0.5371598911311888,0.46756161413349856,-0.17025817971441004,0.8824440610077192,1.2188043812640497,1.2076114758236947,0.7122932996493178,0.7211933737838793,15.21726011980496,0.9895413104490295,1.0766737705752323
2023-05-01,0.5332641541466303,-0.07449726277057554,0.6362153595156776,0.10993144960216596,-0.6384341191311589,-0.6326253103718056,-0.9862874285066845,-1.0632958559071677,14.904072847479162,-1.2328645497394795,-0.82344105299472
2023-05-02,0.3466870897784031,-0.36901588325399265,-0.7228345336340816,-0.6326982031243572,-0.6225461951643725,-0.6184034982139363,0.2780136836818082,-0.49458673544774856,15.043161118624718,0.8914926736129204,0.06818288482019136
2023-05-03,-0.5424413291986396,-0.3566496816408124,-0.3292935081459319,-0.8037008471778162,-0.180623245035282,-0.1735823648470084,-0.6938971140878444,-1.3254282575483374,14.824708949537568,0.19452133020302176,0.24166282516779225
2023-05-04,-0.8644202836627902,-1.418800728458426,-1.4920553008841617,-1.7880571536729892,-1.1897199940260403,-1.1964979416155055,1.3881614493684744,0.8258786357799776,15.302215931132501,1.2943860639791587,-1.3372830358638712
2023-05-05,-1.6239391307741358,-1.867934626441723,-1.1101356850812993,-0.8601237687811644,0.931975703800055,0.9333772920887065,-0.5232956539958443,-0.004086637185051958,15.152168409365357,-0.5815567434913793,-0.12786259933435892
2023-05-08,-1.0202755397541154,-1.6190915740411524,-1.2298673477550108,-1.0023954976051759,-0.07476313305296503,-0.06693065090484993,-0.29307703859344725,-0.3732808704440457,15.133660169982582,-0.493252390289804,-0.15780970551830698
2023-05-09,-1.3516218753971265,-1.1206620381917707,-0.778154781093448,-0.3376877644107093,0.6215221771345657,0.6258357551226887,-0.9954240900702458,-1.5507747780974253,14.759416845976386,-0.4962816053861079,1.3726879500516374
2023-05-10,-0.07589941889574355,-0.4199595602597005,-0.7010855908920613,-0.7050140226445811,-0.3768574478150339,-0.37116329669386566,1.1365900100521218,0.25016503053959627,15.08835650661015,0.7224217056320545,-0.8055976459608488
2023-05-11,-0.7629302251061054,-1.1993308413378854,-0.8127401134310914,-0.8314912906754919,-0.1886298207708252,-0.18305682419432745,0.07070219738905828,0.5381662554080837,15.166100277300847,-0.757324995533012,-0.0944411668467798
2023-05-12,-0.7759733249780831,-0.6987221446728367,-0.1531173724516478,-0.04041440940432111,1.1275956714514461,1.1244437195691928,-0.43304701964654535,0.055001347658296215,15.049847956299205,-0.995407359119321,1.399391239708935
2023-05-15,-0.19209474477423086,-0.564623715430066,-0.04174915382728102,-0.4544122196859711,-0.3142298554248305,-0.30923319709405983,1.4194593112375378,1.998042476509411,15.493279976564821,-0.9947188610482971,-0.7488922279149135
2023-05-16,-1.9957216006777814,-1.6256180742920128,-2.27692681246335,-2.105560682553127,-1.3850667106246382,-1.3894417754020572,2.181886458816625,2.652432795880915,16.330145979366975,1.5826742436665684,-1.0799727615371986
2023-05-17,-1.542615998533644,1.1612137177281217,-1.0634389003816196,1.404448026156088,2.0083753171136185,1.9889901219105586,-1.0780114451803018,0.4888732967703742,15.889550160407193,2.081677608811193,1.8812722141513885
2023-05-18,1.3645513525078679,1.7017910253351565,1.6772542610122327,1.730249738068085,0.3914191428986851,0.39863683243041687,-0.9920510684554781,-0.6513451791390916,15.329978452732348,-0.6387213880017855,0.0017088366728738326
2023-05-19,1.6315718753616726,1.3010490370325458,1.0679577124692001,0.40853666816640033,-0.9341866849735203,-0.9398759975789941,-0.24076581504760283,-0.6483189238088719,15.312876818693482,-0.17900885264540742,-0.9456810530186376
2023-05-22,0.4432015812546329,0.3023434356479282,0.520578058519382,0.26500657579861236,-0.11362218847140551,-0.10719695528770601,-0.48765788071419486,-0.8159506009095137,15.133579877740187,-0.44520810802790783,-0.050282098933909926
2023-05-23,0.04843491714728603,1.4454328403618109,0.7010322413251029,1.2695944791860354,0.8011585985490813,0.8072034719376426,0.5059775432732961,-0.4319954830334167,15.493018436138803,0.6159163606842248,1.697296339158068
2023-05-24,1.531702798084578,1.1552478909261048,0.7800772901697116,0.1843099327316908,-0.8199863873249357,-0.8224245768641422,-0.3728219355903842,-0.5574532004648969,15.42057913875623,0.2504821785662205,-0.4887706614791279
2023-05-25,0.3640433876441739,-0.44124731150564916,-0.16247854081749694,-0.940327268115855,-0.8394383629233081,-0.8425956084519078,-0.09084674608456829,-0.4512344445822231,15.49370950167913,-0.2947052788469945,-1.3944727441703544
2023-05-26,-0.5531957021946903,-0.0891037328648433,-0.20576847371405715,0.5853616002112629,1.0856623615076568,1.0882620394788125,-0.493374462006792,-0.6461938719915215,15.347224954652347,0.21837890755399653,0.5644144243648574
2023-05-30,0.5914283207951185,0.1436706334128388,0.47337679058966253,0.3781755771414776,-0.15968264946726687,-0.15228005228596284,0.09215291681991673,-0.3891217600305119,15.462880083788706,-0.655579684950952,-0.07958023772498929
2023-05-31,0.11674219271331172,-1.1677871436798184,-1.0925858568276425,-1.8456003427091872,-1.3260395689307212,-1.3393092766203742,2.726698782924203,2.658834857269928,16.72179946327017,0.43541113414478866,-1.0506339531415616
2023-06-01,-1.5489719443938437,-1.2661742482864327,-1.832459956850316,-0.19354753033915942,1.1443374280744696,1.1412771793330407,-1.035088793279909,-0.5381371303127911,15.275311156660514,1.6061852416050977,0.676255659775232
2023-06-02,0.33119697708376034,1.4374725444513643,1.367509213994977,1.8506552535102536,1.4188679260378976,1.4102882382735407,-0.18000403296740708,-0.4560536218270153,15.322827368835156,-0.33191275197506265,0.842116699108101
2023-06-05,1.5573428010826824,1.0966280266939545,1.5579705633635716,0.8956158975740384,-0.6500985992221309,-0.6463215653049552,-0.5697470498666393,-0.7410693969026774,14.923677389600902,-1.4793016167991317,-0.4987454066495661
2023-06-06,0.47253081762098187,1.2129945230905397,1.3114221064057963,1.3082972021481685,0.4145930659187817,0.42049611488303745,-0.275042885630037,-0.7229026421558125,14.864722846550826,-0.9824995199491391,0.47946384568769823
2023-06-07,1.4551102312848923,2.0131439172619388,1.854741121442852,1.874641968522268,0.9054496130038205,0.9051806127309142,0.5447043703340334,-0.18649260682927343,15.39298318088768,-0.9380103938970779,1.6130890777743863
2023-06-08,1.908444317364129,1.9107214458439359,1.7981498333508514,1.3700106145326838,-0.36724671753421045,-0.359967111344362,-0.46737598176123774,-0.40549110535751354,15.13921143846162,-1.0006033126452498,-0.5698462458355276
2023-06-09,1.3267417996751627,0.9670819596276161,0.9003071777321285,0.6178321107013945,-1.010697122511696,-1.0096384563509884,-0.28058924925826706,-0.39765119231628804,15.064208417947869,-0.5428163287073758,-1.1416969276591966
2023-06-12,0.7436879653005767,0.9636465900999147,0.9212961670288937,1.0035925923927147,0.5187657254398899,0.5228298940249152,0.06318354367580006,-0.1413090295749932,15.309896925821283,-0.6135318624364094,0.16726890143663978
2023-06-13,1.1616720242431515,1.0050008644864852,0.8773630584471926,0.7141087097834292,-0.3771492585638636,-0.3704775608713183,-0.32595700084709617,-0.20823815915014257,15.212596727478948,-0.3335390027992574,-0.7075499730080882
2023-06-14,0.7596005863846402,0.5827253418040924,0.29333288166577426,0.5420480873124528,-0.5286415471443692,-0.524955160871415,0.2134890323615077,2.0377795300908637,15.244864648008184,0.6808631263734284,-0.27852240023836095
2023-06-15,0.6439459929718483,0.678341960430966,1.0010861347191686,1.0760582618760135,0.24209649850280465,0.24767936993745,-0.1482164971850305,1.499087131554003,15.228860834434325,-1.5172594209538444,-0.3886360943321176
2023-06-16,1.3016365814319928,1.1784629807773552,0.99667376213096,0.40188301882639604,-0.6845968776521699,-0.6834352394061473,2.480839411694173,2.6596278183688673,16.195834260080463,0.7141449838530015,-0.03313658535603818
2023-06-20,-0.037715536610167445,0.0024076479894367237,0.2534401708834303,0.693484868286969,0.06277197183329283,0.06701002397813356,-1.334288769144886,-0.38606460305200313,15.030749955203138,-0.8113629090070813,0.7471470105253634
2023-06-21,0.8856010041416125,0.11233892639803576,0.9942087322126937,0.12824332374038092,-0.4328733575138463,-0.4305736568787364,-0.5208357495149171,-0.6826838283317226,14.813676532777695,-1.6057239933866518,0.3051872522607023
2023-06-22,0.045254403441579716,-0.4626847769092887,0.5374345350458749,0.5464582927265877,0.2575438134100545,0.2604285660887073,0.07808491615319535,-0.4579695128793741,14.931307999040428,-1.3752526568560761,0.1085670023379843
2023-06-23,-0.5521071665651915,-0.6783865653313161,0.382285182533669,0.2828726715576041,-0.17082035830650238,-0.1678919701722996,1.9004292860934187,1.222116189906003,15.95861926469871,-1.1520624935662898,1.1518977766684049
2023-06-26,0.7311291109298931,2.4604163687141956,1.7052313441546305,2.730918115741226,2.2895432850944086,2.2827432272835306,-0.8688617449416703,-0.31629332699636203,15.306187681897429,1.5468940002381921,2.452402615980358
2023-06-27,2.362483694874351,2.4603212185250847,2.446223669869032,2.435032012784154,1.5154429745661038,1.5162134318231288,-0.0339962087561908,-0.07030335860550065,15.49120445335371,1.339268058649835,0.40730004455327173
2023-06-28,2.219760937498321,1.4274141245521297,1.4341048632268856,0.6795915964530006,-1.949102608837339,-1.966519410827489,-0.554167923770947,-0.5497638221801255,15.208184774458347,0.8513117539002207,-1.9347283108973927
2023-06-29,0.7248302067118543,0.31554986854652095,0.7225529099265905,0.7925020090994596,0.11819036998986313,0.12369560956317983,-0.45030323368876446,-0.7017877424381093,15.00326281766855,-0.5347544203549104,-0.18740703612353418
2023-06-30,1.1539170766662095,0.8403441415217453,1.5297857690457632,1.141070913169784,0.48302099556302236,0.48645602431414875,-0.24851583440889796,-0.6162504146360084,14.987962044574315,-1.034934800808657,-0.42939255381798797
2023-07-03,1.0029680103100627,0.701309369606438,1.3233896807205359,0.8292135702794576,-0.4096476392238413,-0.40405783868732953,-0.740917980723915,-1.1967570710656623,14.20978056748393,-1.1181564042210188,-0.4209784982697706
2023-07-05,0.9680450028269045,0.7218916788636586,1.2932292118872095,0.8122929162505622,-0.04932335052036025,-0.04349882537270177,0.8258619977676999,-0.4415884839246946,14.7302004091124,-1.0240000509482157,0.21306833369602207
2023-07-06,0.006941101604801744,-0.3339315737482972,-0.7948059412141433,-1.1432352865795417,-1.7798257199304879,-1.7913842010532897,0.9771892121460426,0.818629192601287,15.390005203912384,0.8714273833644852,-1.3808156141674264
2023-07-07,-1.2292838937303274,-1.0535018791217479,-1.030789189925007,-1.0542615399903825,0.12086430436805125,0.12753532890145444,-0.7532378329679279,-0.3884222501583381,14.8976888790256,-0.007912270150769006,0.36204577567258667
2023-07-10,-1.1239686301742924,0.010197699639659085,-0.6176555263094452,0.5520061353256751,1.2002717690460014,1.189745275204211,0.19128935746411144,0.5467376236236462,14.99314996184336,1.0081874024389195,1.2775472228906182
2023-07-11,1.3325093529122032,1.150739782449814,1.293385323769507,1.194585209821903,0.5348583417976994,0.5371386004570068,-0.31753904389029636,0.3163568218264344,14.884968972396427,-0.5484565736802837,0.35706119641751016
2023-07-12,1.6684131620796308,2.2424995779536796,1.915253751843357,1.7761177496366056,0.68611702078666,0.6857769048109459,1.3650776853537951,2.198640515409354,15.483311902356718,0.23856661073257496,0.4387301693125059
2023-07-13,1.6342845508838846,1.3012815841286003,1.1238083169052608,0.9434793538996785,-0.8393462021688819,-0.8333411294070087,-0.8988803737969536,0.36616350600779884,14.989725249187575,0.23483007574205023,-1.4264615191814225
2023-07-14,0.8306831056220996,0.8056220572556875,1.0317559919070363,1.0827698596351818,0.22269712129636052,0.22745713886556365,-0.3617385681650489,0.05563880085061983,14.894260557556475,-0.9580769342008421,0.5375297326524703
2023-07-17,0.842304831620376,0.83235759371188,0.8659997432262487,0.8509927422209642,-0.23009337353342,-0.22313000188857404,-0.713032213069799,-0.7389637823464018,14.509907457300306,-0.4423087830760602,-0.4384070436126994
2023-07-18,0.5358805966719148,0.773953672077102,0.4414335651522662,0.8242805982394322,0.00033751549822524127,0.006638715475016628,0.03346198610412035,-0.6876853123202357,14.655784235006998,0.8218058871922215,-0.3901923803676973
2023-07-19,0.8221450308624009,0.9024487352428595,1.049987208190674,1.0707384587627184,0.4052546537991386,0.40814485930074235,-0.11761947274692106,-0.6788423571177514,14.674765644932656,-1.0616864470702525,0.47839905872537497
2023-07-20,1.1224607346305147,0.992293104896123,1.0526085944995065,0.8902108326224798,-0.7271900690673536,-0.7270709450271415,-0.22370157795463613,-0.602541965090672,14.558352731307984,-0.7073512211188251,0.26508623983471125
2023-07-21,1.1375452818504748,1.0793098949173723,1.2481245957006721,1.3268121199245893,-0.15082452375271174,-0.14707979019178838,1.6382133038060411,1.0429955853543982,15.116492370994502,-1.1945525581988723,0.13201563106721076
2023-07-24,1.3222639998402086,1.9411858106329805,1.6593270192936778,2.1755803460431027,1.3377439800552504,1.3324746284314017,-0.7837773855805814,-0.11910179414796647,14.779410185155882,0.4759940209371311,1.0764574617095934
2023-07-25,1.9708533019337968,1.8198923634802677,1.8856428238769376,1.6678374083328362,-0.5021751677077199,-0.4996891122528498,0.0897890202973538,0.16467130064989963,14.877044184315906,-0.7721360785782045,-0.41862889704515405
2023-07-26,1.4276448391026872,1.978678647504185,1.508974879728182,1.9165996067391176,1.3656121490554474,1.3618784376166322,0.5750987996124237,1.6412235749702,15.053334202680096,1.6795556844959616,1.3115369024989871
2023-07-27,2.0394760322849144,1.7737390294701403,1.8256769612264003,1.5140113132233732,-0.7384217333758101,-0.7386434639916009,-0.8272102904773948,0.31130083240163575,14.774324620265636,0.20949639978899579,0.4166987397442549
2023-07-28,1.5884850868741232,1.354544150339456,1.4875263190929284,1.430687863192768,0.0709925667705041,0.07374131044529009,-0.4532754421174415,-0.16739832322870032,14.6344975642415,-0.540695880248496,-1.1209707469450567
2023-07-31,1.2364007056279562,1.2489747866464134,1.4383233079331643,1.4830734798930927,0.35273362005495745,0.3552883076517803,0.41183300734814954,0.3299604344337201,14.805052123325165,-1.0290030961040668,0.3074812379490815
2023-08-01,1.0668410340941106,1.1674618920807442,1.170456660935093,0.996165932443805,-1.5566844690788635,-1.562213647610046,-0.32127977268597724,-0.11092031604702306,14.750505667220063,0.1343691455912274,-1.1477209754060382
2023-08-02,0.6194671654981767,0.5966466407772006,0.4901487147845613,0.2057306291063072,-1.7146814901570717,-1.7225367696897738,0.1075776648581734,0.09791165972870466,14.82805684082039,0.4720958342729804,-0.14374192410589048
2023-08-03,0.003824200010068709,0.3615299195244357,0.27862912379569926,0.32460035017073074,0.09761184818871571,0.10097983832799118,-0.5314842389407706,-0.899718985744694,14.71212946198763,0.2961108362175373,0.43119943244020736
2023-08-04,-0.0559831302800742,-0.583349101717281,-0.5134380787214516,-0.9348603350179845,-1.3774696595023654,-1.3815431646468963,1.937459101325158,1.9183551370303007,15.093941551682144,-0.03280614937887694,-1.2309123237920452
2023-08-07,-0.6326885696513231,-0.9184759188320698,-0.3947207073653479,-0.15505311327088372,0.8785060869521228,0.8782630616291006,-1.6757127466610067,-1.3644810083967527,14.562672800539488,-1.0183259619472023,-0.4289050988945854
2023-08-08,-0.9787080599173095,-1.5339582647278056,-1.5453212089362476,-0.9438472131315856,-0.601641121454685,-0.5992088524060325,1.6382812323124594,0.9687763045065405,15.001095639544324,0.7773202390562383,-0.37025176218556427
2023-08-09,-0.9270396784474707,-0.42847600474498926,-0.43645538951597024,-0.673814807824524,0.2322795789813426,0.23499541028694754,-0.6220721087269644,0.08080571044162226,14.80835521107546,0.19914251022384763,1.2860737360570957
2023-08-10,0.6354683428986103,0.5186479187070123,0.4424131730430117,-0.12005985254945932,0.5222294542823991,0.5237303474906417,0.2893251563906766,0.7479925025957586,14.938848304211808,-0.01054175753675979,0.40768100996766765
2023-08-11,-0.23011002299944622,-0.030633009945990063,0.2570269689262406,0.6727886110720512,0.739833862230683,0.7400650247466869,-0.20440492878461636,0.46777689190721095,14.947880265699238,-0.8442125806044386,0.8392785808429436
2023-08-14,1.3377379714166127,1.0536923803259999,0.4887928943509969,0.42902055602239625,-0.35446573858322855,-0.35171181198642826,0.6913685085740457,1.5710573010538358,15.195485241924299,1.4631446316188585,-1.8373626075948415
2023-08-15,1.4970502029082926,2.254739428540851,0.7711015339295013,1.7523639078005826,0.9592645358486124,0.9576316031274349,1.0934802260800818,2.2431805269902827,15.583813904000431,2.5902476958780567,1.986753598401514
2023-08-16,1.5539927447968198,1.602108062242262,1.8385133398711848,1.6606681234581542,0.22496578403765033,0.22690013866024683,-1.2693566458259076,-0.17571012668424205,15.138306123910843,0.597538593613595,0.810643195215285
2023-08-17,1.5542146718266672,0.8123874782407535,-0.19825607721838862,-1.0156811796738068,-2.0351309152257957,-2.0415447321762574,-0.19053167559608247,-0.301099258621595,15.172659538871955,1.4699142831353738,-1.3226594366870024
2023-08-18,-1.5143780083738032,-1.093625075717025,-1.2665842375631051,-1.0838765708111013,-0.005039854779286047,-0.0016918226794923714,-0.4618369217348158,-0.6107914085957505,15.06009762323534,-0.3822033688025634,-0.2710378621551911
2023-08-21,-0.9465261288949289,-1.2697819867220048,-1.3556608998867836,-1.8709658802722817,-1.1514118093301164,-1.148963056737222,-0.6167989094510057,-1.176567160443206,14.950037138054428,-0.5247595813759266,-1.709716371693403
2023-08-22,-1.2809495646270261,-1.4989089941156422,-1.7061289284876677,-1.400698097431464,0.3083125873462187,0.3099895858704537,-0.7050175752854307,-1.3397094122618904,14.764152693989352,-0.5103107443161655,0.24228279608865966
2023-08-23,-1.302143804673839,-1.1505656653864866,-0.8631958579498263,-0.7680999197447037,0.7299691481623826,0.7281614645745312,0.13091718450459408,-1.0493677201804772,14.819079664514337,-1.0872540861492053,-0.5819449199516121
2023-08-24,-0.9284828178033913,-0.5804152050964833,-1.160497418717826,-1.4459205430228401,-1.0715153875403862,-1.0696187148595022,-0.3838158159509509,-1.0238313591509958,14.727793670047236,0.5502570582431391,0.25804387779055576
2023-08-25,-1.148871566604985,-0.9907437695115509,-1.2023046178962793,-1.1108431479921614,0.4282632381963667,0.4299400013739667,-0.1190091943445177,-0.8809045480902186,14.69849307934243,-0.26248239094179404,-0.4469778137520778
2023-08-28,-0.9851354542593541,-0.6250273451748325,-0.5717737994471693,-0.18784778199704583,1.2348582846955096,1.2287340392274704,-0.41509131898138557,-0.8577617715989896,14.55740075872525,-0.5146150387903767,0.3113446856269601
2023-08-29,0.04136522872815766,0.05857638111660013,0.6930701130048021,0.9669987076512951,1.256917207616883,1.2509273063747164,1.967827318213676,0.29683028642769727,14.78181013968015,-1.1501375469585533,-0.21435644065382087
2023-08-30,1.1385359239872983,1.4403909382375615,2.0294721797641904,2.0770341913167285,1.0550450020057829,1.0514751134952247,-0.7756593380193787,-0.04773951587339615,14.629192983375978,-0.6252057470643653,1.2282606688753002
2023-08-31,2.218554644804162,1.9061525328770235,1.9521769504402593,1.5316467142640253,-0.33721053737633505,-0.33368771949629905,1.8696686783983156,1.9380192423750222,14.885277799606971,-1.125080506633595,0.31122456688175465
2023-09-01,1.7451490499931117,1.6198785804157945,1.7005158839066752,1.6812959499411506,0.7593779129158336,0.7588753202203248,-1.0252033301119758,0.7140292533065321,14.655827393314697,-1.2964307984901482,1.0268666910458737
2023-09-05,1.340847969000014,1.0533474463722825,0.6926586493332851,0.3897010368144944,-1.9538767196884126,-1.9598357195632974,1.6144568435872728,2.0324003771220043,14.960179436720425,0.6162289202832513,-1.8387571012125044
2023-09-06,0.2753032580625279,-0.04676980807103858,0.16815608929340062,-0.10245905037760152,-0.7023066726781898,-0.6984471286058217,-0.09827663838116327,1.5087862657725077,14.9785679259044,-0.6312834661599811,0.3651672058973277
2023-09-07,-0.37453509118813266,0.20014969029184,-0.19378836584084894,0.374141093549847,0.634786745988782,0.6352869229650608,-1.1251007319753457,0.1391834346277997,14.713230311750873,0.9954287824233932,1.4526834977096525
2023-09-08,0.11701334530636463,-0.015163564078031521,0.257080209606117,0.2911805748655054,-0.19596105450091328,-0.1915004583695219,-0.4964697477955877,-0.3588967916555358,14.608639263314704,-0.8594896740809349,-0.1874185517737069
2023-09-11,0.4201293840378871,-0.08793020928228147,0.34313110683496506,-0.02826295854403362,-0.3962197421979838,-0.3915475463854541,-0.2799563295556445,-0.6477217101934195,14.551621916929301,-1.0608433908536168,-1.209081578056292
2023-09-12,-0.5931577760244737,-0.865518540077922,-0.55221660711103,-1.1186202672666028,-0.8326307699538935,-0.8299846783951107,0.12274383660523946,-0.6603607522187472,14.599640842752763,-0.4282739535101593,-0.11663738926081584
2023-09-13,-1.0113044126297173,-1.3186715255261405,-0.9973912532324216,-1.1617343253909669,-0.10461033572156658,-0.1009463348895869,0.7661629573130884,0.22374996149088017,14.757196484828267,-0.339207756278867,-0.4073052449101182
2023-09-14,-0.433420093020656,-0.015113914168634654,-0.7274832775846942,0.5353949550426405,1.4610526216375816,1.4542644216181593,0.10731172811163434,0.3371068362744369,14.811573560947295,1.2704953785362783,0.4884646097518016
2023-09-15,-0.3288543869385942,-0.48081185061581905,-2.0315473244989497,-2.034637070230826,-1.9837775283453534,-1.993757547058348,2.695965136226311,2.705476558725618,15.777378557667394,2.3274699333177304,-1.5035847553507489
2023-09-18,-2.2449130126951946,-2.576646570456144,-2.2582202515298224,-2.2682765924205768,-0.7400924356829208,-0.7368234338298313,-1.2663719141989205,-0.49348437092995423,14.823614818021047,0.2615006000879245,-1.288735793925325
2023-09-19,-2.2837725041001034,-2.3472922453494385,-2.162786970215301,-1.940147010237646,-0.41798194979726067,-0.413189238108369,-0.13766492624896398,-0.37522891085524557,14.83670205982941,0.2255418913584859,-0.44728794949823214
2023-09-20,-1.7656295280121135,-1.7471713526053834,-1.7472592661655992,-1.8266011316700375,-0.6813645330910282,-0.6779551148439538,-0.4078971228305936,-0.5530041685732285,14.657078174676883,0.601272247596813,0.10479626717066075
2023-09-21,-1.9028725334048353,-1.9091883362400035,-1.7442644677381234,-1.7403699357699183,-0.6452194026283263,-0.6428073794402581,0.12996433833771068,-0.24643573896960752,14.833093902787795,-0.17248433255337617,1.2172500603320426
2023-09-22,-1.707781405816826,-1.6554628711993304,-1.441878959635597,-1.4473091172620536,0.39396224100909655,0.3977632439306256,-0.4867122959836765,-0.571174002487717,14.643713406350818,-1.023194552221775,0.5101558442918452
2023-09-25,-1.4825885931522687,-1.3392746223191059,-1.2625895147987967,-1.1125984884439164,0.9307227206897732,0.9311303891350434,-0.47047130316167324,-0.7917918349176686,14.44800552257707,-0.7674603955679127,0.3304597805003148
2023-09-26,-1.1950774668281703,-1.2081823203084132,-1.300749617378904,-1.251948779872314,-0.5311641124443812,-0.5285807679372871,0.4661658533962399,-0.2865191015692683,14.792143895421436,-0.06745170184698022,0.8424780230151029
2023-09-27,-1.1117436926563504,-1.1241303963281395,-1.2505404269999216,-1.102393406309587,0.5157383059413356,0.5195964319972716,-0.2766475507698272,-0.344275744843216,14.737346287881998,-0.0678851214063278,0.1020161787623048
2023-09-28,-1.0695558839200872,-0.9068461061752591,-1.0247065174659136,-0.8383069212791303,1.5303398474355772,1.5227539099823955,-0.2634945425071557,-0.37154292408097367,14.678232144507737,-0.16445393471671352,0.5635640304711328
2023-09-29,-0.5653788772390819,-0.7228808568936914,-1.0325442668700833,-0.9285939498026484,0.25798946269797063,0.2611823826348336,1.5538685012578075,2.5104688274379394,15.069016393322858,1.5748208591158797,0.16654130718459179
2023-10-02,-1.1437513552329066,-0.9943283223437301,-1.1616769465446255,-1.2384968419667588,-0.32726518223778184,-0.3250919670550703,-0.9038093622936599,0.9068304080025734,14.84755595863782,0.7364118759903461,-1.7986790980663663
2023-10-03,-1.4324412015784627,-1.722158603684507,-2.0989304125268142,-2.2188538927180272,-2.0603010958707126,-2.070519142534456,0.8818093253044947,1.6596888368029599,15.098996976172154,2.2074883814028725,-2.194943309652084
2023-10-04,-2.040802884286156,-2.122532274247895,-1.6594934504511007,-1.683756020478008,0.8072649004665166,0.8052162676893051,-0.8841659066092689,0.43454801901309625,14.899449382659197,-0.27548997557443283,-0.7680539906376982
2023-10-05,-1.7906386360861462,-1.802970520882788,-1.3486935698681053,-1.4212154490023359,0.28728811775428276,0.2894246820607472,-0.6797073759058225,-0.25620834968980305,14.719445672601832,-0.9812806876356336,0.5279450209706735
2023-10-06,-1.5612661938805312,-1.1760885487552983,-1.4607233935598838,-1.0036023278913995,0.8486091021629569,0.8445557906162925,0.49746856066014966,0.230394117977048,14.887779213524071,1.351134439843194,-0.8830328666089258
2023-10-09,-1.305834512111775,-0.8193093127460018,-0.9062400143872333,-0.40978125082250944,1.2063136900145586,1.1974516495450567,-1.3287642291629174,-1.4094708100139923,14.47297926422863,0.47877758896919725,1.2353108477711061
2023-10-10,-0.07983226237035408,0.25280261963165546,0.19080126293887154,0.4554841961071128,1.2977540756218893,1.2859476702870205,1.7544181884674128,0.3470930542201148,14.952157279510294,0.1411436475810715,1.8524628770341207
2023-10-11,0.586783176998709,0.3760025843596361,0.43906994826047563,0.3053402787084309,-0.24821950877857737,-0.24222263672002017,-0.9011627272533308,-0.9348180789155067,14.64528477220389,-0.22687069655423633,-0.7552307906476706
2023-10-12,0.27525283411376167,-0.1546172372033801,-0.47871502933693477,-0.6829813463919823,-1.1531274861670655,-1.1519004145457619,0.17522022278843688,-0.6214329346135252,14.750191547661222,0.8231948480853691,-0.9453769811746338
2023-10-13,-0.599075573933233,-0.7209703629288091,-0.2925903145691316,-0.8352885392971605,-0.03208419827249419,-0.026717832564455236,-0.5466769673373134,-1.0181307559692994,14.553966134080227,-0.8568271551340934,0.8516394469809687
2023-10-16,-0.04692234559496583,0.5716533360729167,0.8213823392471709,1.0306232556221726,1.440739072429886,1.4283129463973074,0.6516252659393638,0.00520683713549091,14.758248849412999,-0.33798301901718586,1.4317601097284034
2023-10-17,0.7092605277636779,0.5652286231315294,0.9581992870696889,0.42102910802535903,-0.598930012578946,-0.5962390225257276,-0.5124951322126241,-0.4675686780695962,14.57617665761017,-0.7253407284878838,-0.39150695314059253
2023-10-18,-0.4511244225285368,-1.1433384378267781,-0.7753060982528761,-1.4197753577503076,-1.5393869662782917,-1.5481386264802333,0.8054729333654678,1.2902063154325298,14.816179569935732,-0.7461870202791798,-0.5985532708056285
2023-10-19,-1.0204631655874452,-1.6516305929003305,-1.5161418671742595,-1.8953533227346764,-0.8197227857519759,-0.8189402884885162,0.19190049541302565,1.5179986988703011,14.923611354690202,-0.12313613201253067,-0.20215621524972796
2023-10-20,-1.9399654878355697,-1.9994934086113278,-1.8781440183324734,-1.5418025549560879,0.07114825677770847,0.07683427173752815,-0.2808857607907908,1.0723948068058853,14.874689124127555,-1.0516807362901603,1.5349284042211084
2023-10-23,-1.5978975444458974,-1.3834857410435129,-1.3751799800951192,-1.4134049611059558,-0.10132762274704672,-0.09635638872207225,-0.5997044714328919,0.07638836283716771,14.767516249628615,-0.5795596722143953,-0.30124545931697627
2023-10-24,-1.1298907815080668,-1.183549773324456,-1.4702622070184401,-1.415029183285644,-0.07474780653330175,-0.0704574165863161,0.23983538189691553,0.5443364510565257,14.810686774341288,1.2670207530797697,-1.3550718710170986
2023-10-25,-1.670837502271782,-1.6580582450619834,-1.613510864244461,-1.49520723621884,-0.24595078174810353,-0.24290485053939898,0.3744722788283427,0.8654222413125592,14.901645662639778,-0.3649814069260875,0.9227035251259009
2023-10-26,-1.5143260055990755,-1.3217864671729802,-1.450073001190081,-1.530678574407673,-0.5334233132680465,-0.5335080105782253,0.12000827508452218,0.8934323697054515,14.949554660193215,1.4559047800994158,0.22438881040047126
2023-10-27,-1.3925936269011736,-1.492990789134077,-1.5450023225030485,-1.3793098856762627,-0.01597330457205125,-0.011655484979144738,-0.7574095421860547,-0.11973674683641118,14.882735717352443,1.1581506093874994,-0.03986216305794117
2023-10-30,-1.3174334389990991,-0.9063915178985736,-0.953573955709955,-0.5136782242998041,2.4360228854216737,2.426160648142063,0.25901692375107166,0.16174256265703305,14.938620643499437,0.8961640789489217,0.9507026779312433
2023-10-31,-0.3530474179463512,-0.18592890178403007,0.0094583241862465,0.32240391141883434,1.3765186883885343,1.37688670608184,-0.4925874217506974,-0.8432318412404001,14.926051746878368,-0.9062350815845959,0.6418702334323974
2023-11-01,0.47714459938369047,0.37599400234693214,0.3219939486120426,0.9983978248295923,0.7992473625523108,0.8036581698488979,-1.259742658947265,-1.7735997023057049,14.826129533155425,0.0783358320735257,-0.6049711016752379
2023-11-02,1.6916140090075586,2.1191714137826088,1.9914414006667234,2.11525093203956,1.946997086092149,1.938147150131244,2.3783727174029266,1.7040512288999965,15.104192365851084,-0.20741269581312682,0.9546179412402758
2023-11-03,1.89010296046766,1.9349480100588128,1.9761186370035613,1.7324673515522473,0.03381819359005155,0.03962416482708852,-1.2370837471015674,-0.5448875873742408,14.937546687192148,-1.3908974342045783,-0.8547048597770074
2023-11-06,1.5430654295542365,1.3617919515690677,1.4494393857794587,1.2689443476499944,-0.5457162954175089,-0.5441626587635143,-0.5842025764272373,-1.2899027498992266,14.87687120691428,-1.5525529743421378,-0.7371690679748627
2023-11-07,1.2539526910070016,1.079029936782523,1.2084625077633175,1.0601805569306824,-0.27552278131755964,-0.2715159384944436,-0.7007570277245799,-1.6711494408156522,14.782114484084712,-1.7353071747448814,-0.5963948951017788
2023-11-08,1.0658786680109016,1.1067819063080846,1.0393600271260295,0.9880480260988109,-0.1200710460549189,-0.11542853629161919,-0.41092103878160974,-1.5613353389827065,14.713596992532068,-0.4449652274084046,0.45107316609484005
2023-11-09,0.49803129141944086,0.2567757909569827,0.12228564119931339,-0.20122787619414342,-2.0926792788557735,-2.1112454838959214,2.4188021527740236,1.9221077439754493,15.216472078487561,0.7407040780779385,-2.223173875229493
2023-11-10,-0.05613538696403663,-0.10634094640470476,-0.19972135743964728,0.15824556220121402,0.5125679750429099,0.5141586987946473,-0.5772724256168281,0.7548680879902384,15.111196443923513,0.6504834819075882,-0.13734452702995686
2023-11-13,-0.6521776171992986,-0.6749692374848887,-0.377055181020774,-0.7939370158169798,-0.9787104672250507,-0.976121439352049,0.7296163461565707,1.6551358701570016,15.338671587238462,-1.2572879990687476,-0.988194452230563
2023-11-14,1.918865876191828,2.238917864135652,1.7938458929388557,2.046601098755487,2.1477548855560356,2.1238409896152333,1.7850526138284373,2.447867651039496,15.889034751621942,2.2487962662275303,2.439606971341321
2023-11-15,1.9415847373742756,1.78643654887438,1.9431745416650503,2.0150020557514283,0.3388122741148523,0.34946917500874963,-1.5548762790363189,-0.4592930435966772,15.198273942517183,0.2610387391325064,0.8019905776399504
2023-11-16,1.6724639777582564,1.287926883787677,1.5083184715649147,1.3619458618170868,-0.46181915665018103,-0.4593367899859696,-0.6810406519167834,-0.8768081354414153,14.951418952506408,-0.4575215355373966,-0.4462895826861583
2023-11-17,1.5682441186707758,1.139123712743134,1.3320733077601998,1.195148889969488,-0.06414970957521164,-0.05533250675137683,-0.4153578283141269,-0.9603098055171645,14.834466536519916,-0.6408275975514273,0.06010668072153125
2023-11-20,1.1220076218862316,1.0306328398199804,1.1131262977069545,1.0673390379601253,-0.08189291165409016,-0.07329905114129848,0.43211854096734403,-0.5350466110872794,15.056490377020161,-0.2830200212308374,-0.3384371341616908
2023-11-21,0.7550311813195136,0.47666470278468825,0.5688240595184281,0.6004948666091696,-0.6006191023821674,-0.6011781634712492,-0.5497303524929825,-0.807209781963702,14.906494155353904,-0.48567748671381045,-0.48891845893481234
2023-11-22,0.8117050203853661,0.7785292716527549,0.8955824942369465,0.8703355451519924,0.36842767678655075,0.3800023316089786,-0.2916315102990686,-0.847175098283209,14.871041704937529,-0.6841219836571378,0.5183078294840641
2023-11-24,0.8491992311809151,0.7920533061989022,0.9333353333937672,0.888391581129751,-0.15812200561303968,-0.15203764386306015,-1.3643403023646907,-1.3510569201835974,14.046543704412192,-0.7341505359025627,0.09100425305765714
2023-11-27,0.910962250592998,0.8629346390354156,1.0105435726124499,0.7735521279900424,-0.3135165820231095,-0.3106345971182926,2.167394823484874,-0.2731619036934412,14.911653466888989,-0.5732602109085458,-0.06658720912921598
2023-11-28,1.2139162882097534,1.8945752815825148,1.2401202246409253,1.750618775255414,-0.04525728406467609,-0.03813100374316402,-0.07198879620173748,-0.023041944970215063,14.952349796936122,0.5592588930059054,0.1165900311765233
2023-11-29,2.2162820466893676,1.7740704006289991,1.9045958205098206,1.4190263169397739,-0.511395091447123,-0.5089996572095293,-0.03673242326792721,1.1883217286848506,14.941673484994581,-0.8386256872510577,-0.24863380012705655
2023-11-30,1.4236007769904269,1.3149512093405884,0.9619318899766409,1.682016807397007,0.8482037023544873,0.8479778960779566,0.6755179813138553,2.212120561285799,15.318187196358664,1.7507722660291662,0.579558004806995
2023-12-01,1.4077587981599078,2.0384780131415527,1.7070198838386998,2.162303355394988,1.8716912820773826,1.862455670338286,-0.5821372035093756,0.9470845092428684,15.100215340054838,2.2427254677943336,1.7553008408575261
2023-12-04,1.9375292792235401,2.01411662610791,2.067333202884456,2.012521213262115,0.939238972369212,0.938655877778556,-0.1255490593864683,0.8565944883268793,15.157827169151588,1.1300353819459237,1.824659362562688
2023-12-05,1.7386964642597127,1.4145869846642702,1.6625215507571232,1.477614723325945,-0.838428553441155,-0.8373528630800172,-0.4432938750923251,0.26959705243377663,15.000239684752506,-0.42727914586820115,-0.8203102623291022
2023-12-06,1.703266878200647,1.6245310951362066,1.7973254854248366,1.4879923933505437,0.11351673858109332,0.11660302755345592,-0.3177930112313084,-0.039568480350581324,14.92433749898519,-0.33912007454179227,0.7736055165696527
2023-12-07,1.4816312382399484,1.2258046645180605,1.4663595737747042,1.2161625783054335,-0.8572050977988084,-0.8584721176829218,-0.34753335250884493,-0.38271632553319174,14.824307906967357,-1.1628778514590834,-1.6784962409790671
2023-12-08,1.2029452425480511,1.0040042853219746,1.2297715637822457,1.0370625635791377,-0.6738844720515236,-0.6739820042074044,-0.1989657737940817,-0.8129117049063523,14.876525162321599,-1.3250470276770914,-0.9426353994503913
2023-12-11,1.4114132566124362,1.386610557093303,1.3853249344011909,1.4079554696594998,1.0633928998843147,1.0636512207637403,0.9803711601509667,-0.06963890613351503,15.074170675474276,-0.7023945449442477,0.6423310198596521
2023-12-12,1.276390013115564,1.4227612799657585,1.310263201131563,1.3736403458492825,-0.16565987716787375,-0.16269624277369496,-0.925294210197692,-0.9814455284491833,14.877943184791723,-0.08834193837056219,-0.45042329577950796
2023-12-13,1.5187947609114372,1.9850204290626778,1.2474187897850195,2.06700556700817,2.0677012443027087,2.0584581542421745,2.3987854241350046,1.9047575249270825,15.577274801398545,2.347627342309377,1.1271822495038442
2023-12-14,2.2600732919375406,2.1504216500436835,2.2761550389753316,2.1340946161079115,1.1757463926951646,1.1753391336734582,0.5740692122053324,2.1950322412983105,15.842974492220424,-0.11022055081162235,1.3075361836202917
2023-12-15,1.6497330018511394,1.6991000357432735,1.6717485607742886,1.7294886528864082,-0.3841421098608768,-0.38156600607090574,0.8577182413908964,2.110738451794438,16.232566630027886,0.766966974026737,-0.1305949464552559
2023-12-18,1.6438314919169275,1.367502746383603,1.5531953980104392,1.1691459260660366,-1.4016045584212435,-1.4130375074886896,-1.5995221625704292,-0.5955445110997016,15.301763596046724,-0.20235391758397972,-1.5937941724720122
2023-12-19,1.1782514591703344,0.9958369376387091,1.2646255008447138,1.0443743957063742,-0.42061373607500985,-0.41773683595717115,-0.14747142783895012,-0.5357993786190862,15.353388234621749,-0.8032979753984082,-0.5757322878052319
2023-12-20,0.9356473779214345,0.9394160252958301,0.8866180592903294,0.6080543804638677,-1.2521104311165165,-1.2607293294820252,-0.8785049997895664,-0.9693820218199721,14.997084674142204,0.40753541250975417,0.13341669129978093
2023-12-21,0.8329758189597736,0.5793930964675429,0.6159471637981084,0.4887958424050491,-0.4549020650577775,-0.45186680578727323,-0.5147232299101079,-1.0337299248432448,14.843056756082648,-0.05681553270157178,-1.1437188715257345
2023-12-22,0.42791860286871275,0.34055760139431274,0.4384088159094676,0.29095616501729055,-0.5852011632304879,-0.5835333112455394,-0.7095075829434832,-1.127252910109949,14.523497581355842,-0.35637483068929315,-0.5526850371317709
2023-12-26,0.19991216556168973,-0.019383770269569802,0.4602266398428281,0.20640921836436021,-0.25512327813356783,-0.2510847371309068,-0.4942043997251453,-1.0591269532436691,14.276411003676202,-1.2072373578505988,-0.39028212794396966
2023-12-27,0.20896881301891737,-0.5337031247091143,0.13386593206157235,-0.37895481250415997,-0.51714962694655,-0.5161789847966429,1.2392229260810383,-0.6337226717074241,14.832298358085225,-0.821267233379699,-0.4775619200842218
2023-12-28,-0.9416666016766985,-1.5369924270987578,-1.3537048921687977,-1.2789749300769828,-0.47197763353782435,-0.4715965848432586,0.06745523103448187,-0.420938552798691,14.866122720300858,-0.6432569631606095,-0.33706707565393274
2023-12-29,-1.7512517546266773,-1.6358189162029393,-2.015281186585877,-1.3178291663434814,-0.16500938247521835,-0.16266704377670158,2.5765858870837928,1.7301524457902466,16.150146587969182,0.12185909335054532,0.5183607627542275
2024-01-02,-1.8171749048214645,-1.3707522231372868,-1.5015174921581151,-1.7637549770873917,-0.39229422211668513,-0.3903529911005483,-0.8746729562611076,-0.11113707661778353,14.857058898918606,0.08127015136322588,0.849948475789367
2024-01-03,-1.832801370502306,-2.0738780390401326,-2.3263806306947115,-2.4675639652075994,-2.3851650209558812,-2.390519043117242,-0.028995338252668767,0.17813317734014059,15.012338196280611,1.362160097784039,-1.8116638922931956
2024-01-04,-1.8491626349015553,-1.529955698561059,-1.4492181625908547,-1.7673958156348555,0.7458744230715558,0.7433080145826908,-0.10377884918520185,0.3889060136551215,15.11089531751686,0.07410429512047638,1.222720535103395
2024-01-05,-1.7304638984336833,-1.1087644444627613,-1.2927508537377426,-0.593903927798508,1.8086627124039072,1.7946083049120019,-0.510559627708487,-0.12096208755229058,14.795339686017721,1.2994523157447018,1.9360691269378851
2024-01-08,-0.3741415757043441,0.3631711205971791,0.05399877088333525,0.6402246609249972,1.5582411841666248,1.5489953203622087,-0.20911572268425024,-0.12209847065509363,14.822081019938445,0.649331612012382,0.17924271253244414
2024-01-09,0.3030412363437327,0.6973426826741752,0.5901374816482412,0.2832384827595474,-0.4523528442013244,-0.44864481220127955,-0.41322734955320867,-0.4070378906941007,14.664849619396742,-0.28618244976466434,-0.472012902405705
2024-01-10,1.3878951544824911,2.178146034531435,1.651472877622611,2.0676374252186953,2.0550602697788363,2.0407389095199813,0.46748603180400033,0.2924207823198401,15.228763499015665,1.3591666501054334,2.2911966247180984
2024-01-11,2.0865827737213154,2.051408545619335,1.7964922712533424,1.5783685644903804,-0.2257336611895196,-0.22076294385794543,-0.41965831400263787,-0.1359238743577072,15.076922020191457,1.7280639755809366,-0.24868541893510787
2024-01-12,1.7427246658985593,1.3081216521698424,1.4603089874380808,1.1943443228776787,-0.34640810553610424,-0.3423564284381413,-0.683110002472385,-0.9321695914697732,14.486463764235628,-0.3190451138913723,-0.5586716739719796
2024-01-16,1.3248533857086482,1.1855272057952078,1.4621643309968755,1.2688996340719818,0.3050216824289286,0.31123476498806674,1.7240629391910827,1.6008375573087847,15.115538991450837,-1.4199866118868891,0.7717787398235115
2024-01-17,0.9375790581446972,0.9821195294195361,0.9563115294134419,0.7590483504348841,-0.7685503004716208,-0.7683299956946876,-0.7845560547543858,-0.05306150858232788,14.788597793752436,0.1402097022676098,-0.5024239622966304
2024-01-18,0.7130229326814508,0.6859671274388615,0.7904934716402129,0.8727353333941615,0.040872958593003654,0.04617250397580642,-0.21520964393369746,-0.13075733493603717,14.736072554984291,-0.5158922422033624,-0.7308678937885641
2024-01-19,0.8716310442358525,1.10657683545034,0.9472351272404398,1.3481421969409706,0.4981234817013452,0.5035135280196081,0.5089968978731746,1.0810813484717494,14.98910693488429,0.8152975996809209,-0.36648214108497973
2024-01-22,0.853881924715097,0.7666148561963346,0.7723810701759347,0.2608784037875142,-1.4929354321753223,-1.5065574085420934,0.291421241154221,1.5385858560357466,15.202729741304232,0.18596872993266342,-1.6942354508776947
2024-01-23,0.03803416294529388,-0.6474765886168746,-1.043607158186566,-1.1194391415704639,-1.2359244278567052,-1.2463210929542465,-0.3183526148663471,0.9681774506274227,15.170933513255328,0.9170908494844219,-1.4281075146293694
2024-01-24,-1.5009773965818234,-1.998448391744526,-1.8705230558117558,-2.0586231620120143,-0.7201861541538431,-0.7210362331833837,-0.49900383227892803,0.18265894635059057,15.060932648022188,0.05279676526414027,-0.6751800614961413
2024-01-25,-1.5517433248928794,-1.5860365836713914,-1.3214595908810585,-0.9694863564528656,1.1442944598826452,1.1414952227545625,-0.3825878869404872,-0.169185942121206,14.935297408213192,-0.7652061584262638,0.9579036758187216
2024-01-26,-1.5087756950691773,-0.27598831643223537,-0.43556167944053675,0.0420042949162642,1.0897140698272374,1.0866351740883515,-0.010723058624631712,-0.00196031405726366,14.971668537322824,0.5684643349833657,1.4089194905551552
2024-01-29,-0.15884127054781494,-0.41079123175902527,0.15889940947526537,0.13355220318211874,0.09234953294079713,0.09733571198527108,-0.6408515457786924,-1.1813435335661164,14.820544865704962,-1.5743784046616929,-0.31480146661497227
2024-01-30,-0.2750851223049718,0.3717076767141939,0.5574225710110782,0.4939857008193379,0.3742575510656169,0.3779992959654656,-0.6493602043495058,-1.364512967434168,14.66416506911311,-0.5412648568283094,0.7889728516432398
2024-01-31,0.9103814709768165,0.4155689364720258,0.08545186789571779,-0.40425421985904103,-0.9298668367143528,-0.9284898100857487,1.9370514175423275,0.2849024615817876,15.032765068638,0.9786817110381377,0.7022564040264783
2024-02-01,-0.5959734358318537,0.7060843279902185,0.1333023659126422,1.1306444581677286,1.4592051809655262,1.4506102626166921,-1.287290828880132,-1.3088400127689561,14.707140086754775,1.5386115072466688,0.8586943248304066
2024-02-02,-0.17950594098549508,0.7270813897555591,-0.4677737963393047,0.734445461323777,-0.5069667905797011,-0.5037986384808882,1.764952264334895,0.7458323076422643,15.123194788947911,1.9772375641822593,-1.2010155666046824
2024-02-05,-0.2105793650670329,-0.30960457118912565,-0.014004379113154459,0.23541168894389006,-0.45728692839386603,-0.4539931186686938,-0.9843961673819447,-0.6716105287298658,14.79150350990255,-0.4414679643521869,-0.03339695391642574
2024-02-06,0.4779304222827418,0.35407581828439033,1.2574611504052418,0.40242869474738013,0.14461299775009598,0.14946748468573828,-0.6993554720411715,-1.3941930491054266,14.531055524891968,-1.117641036271649,0.11336046600099647
2024-02-07,1.7703721980063563,1.9279666068187433,2.0283878586821227,1.9161715218314797,1.258772443268175,1.2551298892022715,1.6192019352038567,1.313883398131619,15.00097340513586,0.06742202544931938,0.8763898221794659
2024-02-08,2.2083578225817564,2.000743137170032,2.234246584623834,1.7608372633231832,-0.07382649887466186,-0.06916292431985399,-0.7335088816993736,-0.1554924292731052,14.740523540176648,-0.9303016772685705,0.08539107554250927
2024-02-09,1.8668780610032498,1.2725575615140077,1.511655502321268,1.262966666027883,-0.36997708490552444,-0.3671031793302257,-0.20604480173523365,-0.2143796699411532,14.686762500455611,-0.929985014092512,-0.7995675222873511
2024-02-12,1.4449682475680357,1.830175189700349,1.6717080913391358,1.4399612927163767,0.34581462156469295,0.35053027938619885,0.6688578281324798,1.1032923042208784,14.953247721860025,-0.5407882224948969,0.7565605959727859
2024-02-13,0.05919608957963597,-0.5155438914088287,-0.38554428978605876,-0.4377875737251394,-1.6902913575621024,-1.7036120630449063,-0.23635648257925965,0.7326335784589726,14.949007570391515,-0.06196785836115256,-0.8429303430378744
2024-02-14,-0.2267711517868865,-0.6292509667241648,-0.40651529352949983,-0.48176890737545713,0.019751468766912642,0.025194018818191253,-0.19971197829128504,0.5898974903592722,14.913756446182603,-0.26223891423792717,-0.6909220323538667
2024-02-15,0.0526650245638915,0.0050972964865607946,0.09609181232090776,0.28589828979097337,0.7191850330635401,0.7193938020893242,-0.5058497573797575,-0.3092625797210132,14.794889134253154,-0.25355076202015975,0.5120183564579895
2024-02-16,0.3667867262005985,0.49129231850314287,0.4423811290894116,0.5086938525651677,0.20006407254586112,0.2036308431577492,1.3708163521136516,1.9174228533694055,15.176256571707198,0.07626586069225237,1.1586740700343459
2024-02-20,-1.2378327136086251,0.6668264015961116,-0.8647521303455609,0.42358710759890295,-0.15234338239642395,-0.14721209545746328,0.4966457961786821,1.975400301133337,15.390357232668071,2.641038960374429,0.750942752650724
2024-02-21,0.17108082273505262,0.4789709708500935,0.2303657275178276,0.8149736006598426,0.20818260623688467,0.21132999666128469,-1.3430586250651457,-0.38490698824577985,15.003018863239246,0.2988503149293101,0.2000369730303421
2024-02-22,1.746689413995937,2.00337748815342,1.8103847734674678,2.1741386520491295,1.6973470015170502,1.6797996532036892,0.01787182526974093,-0.20579594866142936,15.035603039373003,0.07925909209567181,-0.2947981503422072
2024-02-23,1.9947411972149054,1.6974123853737089,1.817893688108093,1.703403715384396,-0.06054792907997941,-0.05569594841319933,-0.21626972450473142,-0.4018280468003878,15.03875673190719,-0.8066077374488143,0.1391584689525401
2024-02-26,1.698225182474971,1.4087064550333652,1.4770621841435732,1.2947389861592453,-0.3244742215595668,-0.3189732543853884,-1.2344915638662277,-1.5774203062409455,14.716078735711998,-0.7680883982296113,0.23887379609179935
2024-02-27,1.2798939610056623,1.2968089019454914,1.2417328832591703,1.5482599832519142,0.7499107539333181,0.748264746196579,0.5427310152443972,-0.9135654442634424,14.846165510222434,-0.28887962843209875,1.2402676755040867
2024-02-28,1.3281655553849416,1.495327105169234,1.45081109376381,1.4807735324661202,-0.0033362439796201042,-0.0006149906467806381,-0.7510713107699644,-1.2195604098990407,14.640782329567266,-0.4589566647062942,0.7867139616637462
2024-02-29,1.3845330839934253,1.4494276279993383,1.4658736361313214,1.5393510381949922,0.30769300280014045,0.3110509345748487,2.19670607256159,0.9173127934253252,15.293198575677993,-0.898068363989204,-0.43147593677249474
2024-03-01,1.2682466791682427,1.536269170385272,1.3381468753629169,1.613286539295142,0.6175581632536646,0.6208361748965187,-1.0879508805347866,-0.7912736310206835,14.827257277194134,-0.1735835384417684,-0.6172772314747675
2024-03-04,1.2634953293661824,1.2114414713993624,1.1197464162335595,0.8940690527992594,-1.9056756053916746,-1.9161449694690236,-0.16168374370062238,-0.6620904551590939,14.7783035053149,-0.5204493483155337,-2.294812461061273
2024-03-05,0.8454454364513568,0.5645129397955673,0.6402634023022234,0.47864892201002585,-1.0841778299805267,-1.0852113611800123,0.3917702775995774,0.3108305497672599,14.917982389007458,-0.9107545750269127,0.5764022831785327
2024-03-06,0.8875785965801799,0.6500970303219847,0.7393555848037486,0.5694392339622809,-0.10774721657616233,-0.10391680565306358,-0.5286912701031815,-0.407753341252102,14.730320594149427,-0.814078812536195,-0.694989573354693
2024-03-07,0.6288752741937723,0.6102307959849506,0.5296045202500598,0.22495742801145407,-0.6353255154908847,-0.6328187604618037,-0.17193750513813585,-0.37519683325504755,14.677767823554003,0.5507461802869537,-1.9281751541031886
2024-03-08,-0.2860725120136779,-0.5247817223046923,-0.5415417147047271,-0.7698041024898767,-1.2418634628905583,-1.2436049639477456,-0.24534337608156584,-0.4668132624498154,14.586729736393398,0.185720553586554,-0.32646604777475635
2024-03-11,-1.339920893852775,-1.6489121585542466,-1.5289370677278287,-1.5399771944430234,-0.7006778247620143,-0.6989698285001693,0.6954188749731006,0.7195281985741855,14.857094189079607,-0.49199049320830723,-0.4890814005588469
2024-03-12,-1.2417628267825807,-0.9215613231582586,-0.7044192936994189,-0.6149163824453863,1.0330230267783744,1.032042499274661,-0.12074901572507026,0.6198021692103065,14.860652095586518,-1.397581727195555,-0.24318829574423312
2024-03-13,-0.15404659973200324,1.105454893135855,0.3998342126267073,0.745657232120303,1.3193349614270715,1.3157443442139016,0.6278468119008019,1.6146286703853852,15.140248879257618,2.434898346130985,1.971522286793439
2024-03-14,0.4917972241198514,0.3006872218090068,-0.751374349012431,-0.379117505741291,-1.0627601919853555,-1.0652048257068667,0.10451860049222549,1.8501890738761226,15.170701431930928,2.1641969165530393,-0.6714309668271647
2024-03-15,-0.7251014645119779,-0.12471921114611174,-0.4781348076500612,-0.962616948183681,-0.40417997646556053,-0.4024546812224854,2.6516832950693825,2.6636973605660765,16.038457136587663,0.6103209578295256,0.4016196808180583
2024-03-18,0.28494915177157376,-0.2664253056302883,-0.8570775901111177,-1.2273375371692166,-0.26767750663041473,-0.2654495665314209,-1.4553997072291345,-0.3937653358961789,15.05550695085217,0.8442196298695342,-1.037318265717528
2024-03-19,-0.26063815306332727,0.38525292058051724,0.07530698522243279,1.4910635041188107,1.9750908342813651,1.9677017448520906,-0.1958519464656563,-0.39035059052451915,15.066500813274532,0.5928971865893609,1.7342663304674908
2024-03-20,1.5440401751299881,1.7453551221017451,1.4094948563300012,2.110652352979156,1.0758652766921952,1.077261407257814,-0.6167180440813043,-0.7470632736480974,14.827257277194134,1.5870072660779087,0.5184048138662144
2024-03-21,2.474776171593569,2.4499561151521636,2.616705500562406,2.379220722185005,1.7537129405437015,1.7442785075147176,0.6842061627891988,-0.17547781017009784,15.253495871895122,1.1192749432292475,1.946910480560859
2024-03-22,2.184129462385066,1.7061083297220312,1.9369583892951474,1.3341939301159353,-1.2397744975898626,-1.2469640381075615,-0.8251772600417706,-0.8107441157277318,14.883973213217805,-0.21802060128100467,-1.129282937409228
2024-03-25,1.152143668514655,0.734163120629024,0.7694928080298621,0.36986913677859373,-1.3629925981990658,-1.3721737237245577,-0.3336811356410438,-0.8181462041353125,14.80278189114753,0.07579408751000444,-1.2094254142682037
2024-03-26,0.14907995650792974,-0.11395501195848426,0.18057390421557692,-0.1742357313162068,-0.700656161781173,-0.6998857737836871,-0.1691992219547031,-0.7177288243528404,14.816216332600751,-1.7154479663427888,-0.5741472882635206
2024-03-27,-0.14472645509276746,0.1264030767545472,0.304636079995743,0.534280484400424,0.8691036458881305,0.8729072731975749,-0.24709671470259537,-0.6429310416217809,14.74629613023284,-0.9553688026472521,0.5393805063394274
2024-03-28,0.6377157289679332,0.21101775868825137,0.047128799437768716,0.12166218721224532,-0.5293108897110277,-0.5260114943482754,0.8602225956093217,0.09192020292777558,15.228495777752787,0.9115326105996492,-0.5865483716546438
2024-04-01,-0.3250916768583505,-0.5491556912185827,-1.559445554039836,-1.77326611705772,-1.9069995464373446,-1.929321051864707,0.1662700745147484,1.8903131522073755,15.281817087829854,2.6154056387227826,-1.991640302467056
2024-04-02,-2.103930197785474,-2.1779768121915675,-1.7925292258003451,-1.9069467676117042,-0.5444328695390641,-0.5368973773618662,0.0324142694302284,1.600809670191187,15.352485513695278,-1.0371171532080146,-0.1780925969488857
2024-04-03,-1.817373191535022,-1.9116669217654492,-1.7104819467803591,-1.653481372226235,-0.17648481555186082,-0.16798939720749892,-0.16420574116267436,1.2275861307333649,15.367954960608065,-1.029878953497259,-0.23849025891427736
2024-04-04,-1.3950193968901348,-1.3295833109133315,-1.4757956806713552,-1.4167661864307743,0.046558074014343406,0.05499249284180416,-0.5298640309839295,0.5746446910077037,15.292924740678755,0.406908764573848,0.7119748978440293
2024-04-05,-1.4002405906020685,-1.4127763816383432,-1.2521338997493519,-1.171314943317113,0.7265435230924712,0.7266021795608897,-1.0269746048140413,-0.3425120392327632,14.992133028585794,-0.870639291499326,-0.11787307173870912
2024-04-08,-1.1481357547491626,-0.9808670705887154,-0.979104951976063,-0.6910242011857194,1.2160142850613587,1.2062357529882877,1.1097398273869357,0.4258845290656347,15.28329296636639,-0.274983189620678,1.3303947447822433
2024-04-09,-0.5593083313299099,-0.671545304664565,-0.6908997777225064,-0.5937840245016246,0.26526529519808656,0.2698995560098831,-1.273296015362011,-0.9530098695779747,14.921628276959101,-0.138908845087686,0.1782498985285332
2024-04-10,-1.2751797120649684,-1.2672099079487822,-1.3503729662916353,-1.2741186412160737,-1.2923441656053227,-1.2927311600320217,1.5303226631581828,0.4382906519129758,15.385209430937218,-0.2598864117178267,-0.9181645276728538
2024-04-11,-1.105578148247804,-1.2085723657282241,-1.4167371430387472,-1.391755267788985,0.08368767626902052,0.08999649747912518,-0.7256660783888783,-0.7535253946109732,15.227643460213413,-0.011578219470565625,-0.5048715013954794
2024-04-12,-1.4151559977308787,-1.5376165885660475,-1.7526944350041649,-1.8235215304720924,-0.12663153297701543,-0.11932162887835121,-0.5533872569860265,-1.1777711141563216,15.081584822455614,-0.37651710518152715,0.7010218494402302
2024-04-15,-1.462901163565314,-1.5119730099424336,-1.778684899157044,-1.8268534648165309,-0.5431327171314202,-0.5393605852925639,0.5674307905553093,-0.2585733509016832,15.252783401423603,1.9498866789516769,0.25654074739633126
2024-04-16,-1.9067611906324446,-1.8204219453110113,-1.7067334011232236,-1.6302012115688684,-0.10901092315824232,-0.10400271632156016,0.16629787550064884,0.32499272717117783,15.325238847219397,-0.10648630470464772,-0.20935223436349723
2024-04-17,-1.475263619556449,-1.4661852039736822,-1.4176579945557755,-1.4185734451111354,0.16235817911287784,0.16684840222383265,-0.2760817492986971,0.228927885001654,15.268014153178282,-0.14405226901737667,0.3893842937818118
2024-04-18,-1.289857795272341,-1.221402535518344,-1.1905470968132654,-1.1388704669795908,0.6536783980808217,0.6547548494520362,-0.516753268365272,-0.5060418492324182,15.128508425285114,0.1986462952081971,0.7121118861095105
2024-04-19,-1.1225683099421042,-1.076797888142346,-0.8834167891395556,-0.7547594107728625,1.1669453024954581,1.1617532766424847,-0.7180626724556787,-1.4561583643858622,14.939173443919074,-1.503189300269646,1.5901512857161257
2024-04-22,-0.6218699124763373,-0.5921347387963196,-0.6276905262589274,-0.5458881083393862,0.9086979099644429,0.9056101803423738,0.07920212426455589,-1.003447362301821,14.951033521906606,0.1911609975189022,-0.27919496436345864
2024-04-23,-0.5357660143894893,-0.36838321286583586,-0.1488183450310305,0.004103500497873461,1.2840277337217543,1.2756789102415738,0.6245515148823277,-0.17840702752905485,15.12314069836077,-0.9865508318817241,0.02799893814031492
2024-04-24,-0.5335939886342705,-0.6432917867893314,-0.769331377943257,-0.8826179552358382,-1.3643770458719673,-1.370310433530252,0.7117864076963606,0.8731067433168046,15.209078651238858,0.24200307218809533,-1.4842437148720642
2024-04-25,-1.6650808831123578,-1.4582112983095348,-1.7038840064793819,-1.0808844722786568,0.15234094863159053,0.1563886773072454,-0.45319400912131647,0.36494823525258546,15.14729619758923,0.47487857990422083,0.35315235338980655
2024-04-26,-1.2239574654702994,-0.628391546466498,-0.5522008521999154,0.08085716179504822,1.2170847627054093,1.2128209117074038,-1.947399163923994,-1.8938578606452063,14.717824467537634,-0.39803780369570896,0.1140697982420104
2024-04-29,-0.1038402319041087,0.09608516302463456,0.7686432549431903,0.9256102037470519,0.6177667031111728,0.6182627699889622,0.1742731883604123,-1.349672833864069,14.702331695617731,-1.6002183755574666,0.38192453131171994
2024-04-30,0.18926723186656155,0.18057945386918026,0.24644141927847468,-0.23361159779890697,-0.8746492952177368,-0.8714489228115004,1.647081426195514,0.22980446646462654,14.943649609525723,-0.23739251182354526,0.8928616659861195
2024-05-01,-0.6357014863860289,-0.7248581735088847,-0.9883105337830218,-1.1739795311104395,-0.7524466888397954,-0.7488135559748749,0.3782947629784873,0.8977375494586441,14.999536030524844,0.991908503546696,-0.3473176845811184
2024-05-02,0.2493815916348296,-0.381193149260864,-0.37840713065052056,0.28280782654862174,1.0616741332476627,1.0572094527284512,-0.097707013832736,0.8146110991939984,14.982902673204658,0.18592747281636743,0.20783482192338093
2024-05-03,1.6696490531373744,2.381434974218935,2.0379056304463856,2.148024932529868,1.7232798134843819,1.7107918984678003,1.3343277706698655,1.8304893316443354,15.242251082988941,1.162000921658139,1.3247213867253065
2024-05-06,2.03619896143373,1.6830314057596585,1.5711707766517722,1.5202750232890685,-0.30809779114675645,-0.3035084232741668,-1.0884279530493748,0.30402178669731567,15.029265659224489,0.6166589875230898,-1.2574904763463364
2024-05-07,1.2787500479873697,1.2535227479087763,1.3303898877384623,1.0309941761702206,-0.4622193760509152,-0.45914605588539975,-0.6301045601837468,-0.3087179163400126,14.890752201524494,-0.24456484691328093,-0.5046683505407604
2024-05-08,0.33919216366393107,0.20100771343855608,0.6433728554285271,0.45244305457225326,-0.7484326946957113,-0.7498739513692344,0.3691677962847685,0.24104867530981489,14.954368995385286,-1.817877403568197,-0.7615918283709063
2024-05-09,0.281609425590666,1.3640752664902895,0.7430821794573331,1.8703802383785142,1.7328814203379617,1.726354625181931,0.9453740461470106,1.2588779697854364,15.150880240959816,2.133880383745349,2.04703540777634
2024-05-10,1.602247015753628,1.3514042285470806,1.5730958063477871,1.3045965180567392,-0.5218811508349845,-0.5207203641865324,-0.8661105178861245,0.2791339605128256,15.043307597950449,-0.19477195729017352,-0.587825999468324
2024-05-13,1.3563280978846537,0.9539448935167532,0.5695908111829671,0.1657609471787291,-1.268396057647314,-1.2796364368289954,0.7017210230894295,1.0910840246812303,15.215609446633172,1.359773424812501,-1.3738867798660104
2024-05-14,-1.068605177035174,0.019565914735802038,-0.9452637162598183,-0.053920988289235514,-0.2500100371832868,-0.24564130485798155,1.7786408402924465,2.3427001983212246,15.582687162746076,1.9836591463412279,-0.3847188819974717
2024-05-15,0.6642362540104397,1.0702921891370987,1.2581979023173577,1.532630838792476,1.3150506291704664,1.3119113929270905,-1.4422246456306704,-0.15816961958964573,15.23888415822556,-0.345610485824644,1.137816947687201
2024-05-16,1.0529243208280135,0.46423644305965234,0.683603745526797,-0.12446571457129256,-1.218554889630476,-1.2275800471743867,-1.0939778547816033,-1.3355956849123016,14.947428987753042,-0.4186980035957357,-1.0421700988397944
2024-05-17,0.256971864865927,-0.5813872751888883,0.07316436928078182,0.28328443127156566,0.26778655126763956,0.27499501090965844,-0.42124149555745555,-1.299261236157092,14.823103813341898,-0.786881896395819,0.5185814580592139
2024-05-20,-0.45016530194467624,-1.1399616503934138,-0.7054067429800255,-1.3446598756661066,-1.1174851352702169,-1.1260108317267448,0.6840667560835825,-0.6360942556198755,14.9902814053718,-0.4685294209652533,-1.2649069509789928
2024-05-21,-0.7943278612793798,-1.6509311267895306,-1.6060631949470592,-1.463397350595492,-0.23878804067781081,-0.23345783747200138,1.0327221759244676,0.2896591620095223,15.26831828580491,0.1528268402283298,-0.29129154494686976
2024-05-22,-1.4734920972502472,-1.979189066605887,-1.7470684816113728,-1.9568865612667548,-0.873601287296582,-0.8774546404674103,-0.44630737909181084,-0.12676949269159457,15.207886637884249,-0.11972355251792535,-0.7108428040082672
2024-05-23,-1.6745261062320376,-1.8962157865962332,-1.6644655831419968,-1.8445085267283194,-0.39531352101531075,-0.39326312193568025,-0.1313943818568002,-0.0887905719303474,15.207066303693775,-0.5609604982182835,0.335949340084166
2024-05-24,-1.7423275055707714,-1.749612391934332,-1.4871069322353547,-1.5919849081248132,0.05974542491814915,0.06608845436335523,-1.238712605393285,-1.2115001454234695,14.822081019938445,-1.2777849246724942,-0.4787422135681994
2024-05-28,-1.4759929877854752,-1.0653201266811643,-1.183825733359585,-0.925500713099388,1.0721049042376742,1.0754399256998688,1.2575166642341657,-0.005824472480154336,15.152483626390946,0.3390681555406306,1.471402061386793
2024-05-29,-1.1281485147480919,-1.2621534463040087,-1.0710489523203532,-1.0354190855134446,-0.30636942724857197,-0.30257458292833866,-0.22751011171336552,0.26977507438925086,15.070043673110929,-1.5541387417026975,0.3255635907565207
2024-05-30,-0.7286212974574814,-0.45124463372823126,-0.4100164189687283,-0.21531127839841704,1.8028443612366845,1.7948881453679928,-0.6609992641741368,-0.5206965761153404,14.887710764935267,-0.32854238062711916,2.0310867867186695
2024-05-31,-0.09274427971952073,0.4389644865665123,0.11493212238749341,0.7693061530627379,1.4227414812558226,1.4178664648202226,2.2335972480688757,2.2992853547077865,15.530713084397467,1.3778626527715403,0.8021617255546223
2024-06-03,0.7034648165513043,0.40755653841383543,0.14795169129758157,-0.1548905643606618,-1.1511431809695574,-1.1581541086825875,-1.1018103981407423,-0.15359990726313702,15.127297136247572,0.944151004622842,-1.2465357937287622
2024-06-04,-0.38514271157393215,-0.19299865833045327,-0.038034653916542954,0.06457459851918078,0.21335539055714278,0.21947896781580092,0.20118882325293572,0.33879237239310955,15.273381350304694,-0.4401691093801206,0.07917599069000371
2024-06-05,0.2003718097426123,0.15094582703220008,0.5018750035401116,0.7417602502318842,0.5215068460455472,0.5259424442316604,-1.1082684616514504,-1.4229472645926449,14.70026975503892,-0.42649781811521087,-0.3128448647282191
2024-06-06,0.697488843010084,0.6042482169625861,1.2969818324887417,0.8606225874777278,0.13063366796310402,0.13597745619368898,0.4832773236292503,-0.5799355836923611,14.90723283156562,-0.7887639473848569,0.21618621851990408
2024-06-07,-0.4635421674190026,-0.3099691534866772,-0.4259099819876214,-0.32219550818861165,-1.0418614090944975,-1.0418819591318846,-0.3785026336633751,-0.7697821280484438,14.764772128535123,0.01035113777211658,-0.8065942580924722
2024-06-10,-0.17149114109251876,0.7339585820561402,0.5004751205121694,1.0622720183272,1.0422665078090683,1.0379623874423198,-0.04091115681323483,-0.680974656418333,14.805572433843347,0.7738951896635067,0.946134054980781
2024-06-11,1.4487835601283514,1.4550227770863962,1.7064374490133027,1.5429018264456926,0.5008279350224596,0.5036562496563519,0.44842683630299746,0.07517339565734227,14.994442746653803,0.5671654224636281,0.40720980050743816
2024-06-12,2.5699724975939575,2.6282883591856563,2.6908668625831513,2.3484809230169814,1.324587814511736,1.3130854762716249,0.9568263586183313,1.3939416301952914,15.382667286779343,1.2302105281734634,0.9733439433710412
2024-06-13,1.7153347661005007,1.6870087013079693,1.8391993286722423,1.9851352940486284,0.3790584250331472,0.38277764769184097,-0.9221294765948943,-0.14659664225696395,15.033623221631865,-0.25953985213252456,0.5554822031506874
2024-06-14,1.2499139309843406,1.234736781049974,1.2975293094067488,1.4385754928800056,-0.4914348509595323,-0.48613900223318923,-0.6798359816339584,-0.6048545392829269,14.766782644983117,0.05465355144931792,-0.2823295600870099
2024-06-17,1.0477699800404434,1.2736040661085946,1.2914432040824864,1.381321134623304,0.12055508342041789,0.12513027447446945,0.10906303414955913,-0.27314514208032586,14.80140234967468,0.5746855863323522,-0.3273696729911147
2024-06-18,1.4862948847378754,1.4579636090091985,1.624866943526408,1.4606075830986047,0.4743252047458852,0.47705648028101444,1.1347900580778087,1.2548339040741356,15.11160692476379,-1.2942091937083182,0.6774381815081558
2024-06-20,1.1272760401321378,1.0738075092112493,1.1153598766161876,1.1479348581715336,-0.752381567958461,-0.7500843236873403,-0.2691168810233503,0.8683153255343611,15.113301793627215,-0.39677374400600707,-0.40111205950412043
2024-06-21,1.1376117518580109,0.9922944849547332,1.1048341743942005,1.1364655197324292,-0.05591251318141636,-0.051108038616132036,1.9810729122730157,2.3030662256104426,15.702034755234582,-1.509594243779803,0.36358868743452777
2024-06-24,1.1526247761299162,1.0030181287280444,0.8335414364273558,0.4964150870236278,-1.9137429832088424,-1.9253815059491497,-1.2476386162559991,0.12812585242279606,15.26920675888452,0.9077431558881175,-1.9340910338083637
2024-06-25,-0.22750674574374136,-0.5658299004778957,-1.3032241206914588,-1.406859962315596,-2.2380736797878074,-2.2541306716033747,0.1290733280683691,0.34580348709471864,15.42104104635039,2.5735926522123584,-2.4947208925296263
2024-06-26,-1.6679670355707357,-1.7411287015433168,-1.1983546156641645,-1.1465616910115362,0.4989092618595048,0.5001514203597783,-0.9986756955375737,-0.929260622653565,15.029027967283415,-0.4799825299562993,0.5473947461171483
2024-06-27,-0.9214033670492837,-1.0974601384286353,-0.9252097311226505,-1.1046094979348218,-0.019790144891914017,-0.012914722395765804,-0.37722471402451163,-0.9597639115916867,14.88455705436641,0.06465426261477622,-0.004036079979313265
2024-06-28,-1.035035254720176,-0.8966934964950225,-0.5300148801913912,-0.5635564036777887,0.6189004523017786,0.6163158600645788,2.0482165031247717,1.1776258168797729,15.663020199926065,-0.6098916133270151,0.8944688479721639
2024-07-01,-0.5919715028674906,-0.921025503071239,-1.150651955076057,-1.478297267702684,-1.258203687910153,-1.2541275852916616,-1.2881286351977004,-1.288326524957808,14.787652560850416,1.0929681911480968,-1.3032670994304243
2024-07-02,-1.585621656680938,-1.6502722903231688,-1.247444011877209,-1.2997924434498707,0.03139445161690037,0.03831716760958231,0.015446609004604622,-1.0049765582377783,14.912755579014535,-0.6717090561181951,-0.29456360665651216
2024-07-03,-1.064860722478206,-1.0316590899203737,-0.9276047920849189,-1.1961343008036383,0.12284596767654032,0.12859521211194994,-0.8361532019020502,-1.3689659906194365,14.365365145731621,-0.0926609364985087,-0.14508309385430648
2024-07-05,-1.3011879623527223,-1.257430783167192,-0.9771045518277867,-0.8964561819222178,0.5510967419328119,0.5518813551328632,1.326862733060258,-0.3011699148287289,15.050255311866012,-0.7326759381815828,0.2750234231068069
2024-07-08,-0.7498935574305424,-0.44445413989757326,-0.36072775360012305,0.0051010285212346575,1.2361924430539386,1.2243380086532039,-0.06622871180323939,0.1750102674780311,15.078082687518554,-0.27517174313228676,1.2151617575314078
2024-07-09,-0.09098819461759507,-0.6388787243387263,0.029312973430933503,-0.31297302335175803,-0.22556655736636777,-0.21741394962752375,-0.7263794129937574,-0.6619413834427161,14.628350505038808,-0.9148785019671806,-0.11251637943284376
2024-07-10,0.018694750541351488,0.8439803201398284,0.6468629487308226,1.348273651570119,1.5177362433521366,1.5052775292954772,0.5868037943918956,0.5299518489073494,14.998188528207054,0.6386205186055689,0.9438657612341292
2024-07-11,2.111251999204018,2.1835274832056584,2.0885270438098775,2.2274558499335693,1.624724948592884,1.6115855297713235,0.19982515062099657,1.1121156950734963,15.237871866264516,1.5236893107292961,2.01993219901654
2024-07-12,1.975594545617032,2.258941379385011,2.319482606944377,2.033906982282208,0.7481523383569896,0.7490414547884932,-0.33623779167855505,0.7294804165664661,15.206767833426285,1.3994939844952805,0.48099583377462096
2024-07-15,1.7923774058807607,1.4933721845569012,1.7737507406490851,1.48002884420957,-0.49813331818279977,-0.49268979708230237,-0.640503316356428,0.263232277621172,14.874689124127555,-0.2887914072774094,-0.4313205016880479
2024-07-16,1.4711630016110604,1.6714414240773132,1.657072488829826,1.7708409547000992,1.4233165135587997,1.417220803979345,0.060088757597936616,0.47646089342702114,14.98190640942246,1.351816861957768,1.092763326253745
2024-07-17,1.5689401106295828,1.5996734639915593,1.6396798441699973,1.5161892742816072,-0.2285016073427291,-0.22291026844705633,0.3414740898942358,1.084318674952572,15.199577690651273,0.9938336167150383,0.79457433714549
2024-07-18,1.4228858665443969,1.2981753583203928,1.3219314637312196,0.915375529962099,-1.6380055217730094,-1.6492128614999633,-1.1945146116503784,-1.3156843279709431,14.6888942063636,0.8901225829977847,-1.1146261627207832
2024-07-19,0.9741047711937068,0.6117427945730287,0.8532565967792131,0.5693207073604954,-0.9829602337699461,-0.9827058393320598,0.09592892867212181,-0.9834523495202238,14.721549317496041,-0.9780958634871063,-0.6469027361541846
2024-07-22,0.6707480212452452,0.4432159168923558,0.6302290153865701,0.4149533277273819,-0.44457070993681724,-0.4394966698910869,1.6449303247163405,1.070934789080002,15.214054831594314,-0.7257779276999416,-1.1071959876413897
2024-07-23,0.6132450289185498,0.10634045642371781,0.32137534308132165,-0.16800687412844753,-1.0117770864854414,-1.0140760190195663,-1.263628755597008,-1.163766686908156,14.74598068538004,-1.0240761342964764,-0.940682297913524
2024-07-24,-0.46367437699764863,-0.7171872096283365,-1.1567644725044777,-1.7012722213124445,-1.5100714701402749,-1.5260771017919383,0.9518551559556556,0.1964783745008217,15.070585423393842,1.4937532833082938,-0.5034366052662916
2024-07-25,-1.8871129975459877,-1.3667358314809839,-1.5090589672249488,-1.2308223030154068,0.5243580005540296,0.530393047559709,-0.25848006447159005,0.1372158858020825,15.008705792369135,0.5779480738071592,0.7974978054087571
2024-07-26,-1.0928761523522463,-0.804701275724731,-0.55977429971551,-0.2957917814344706,1.073936640321805,1.073898972467882,-0.762538165931624,-0.8568421099809799,14.707099087202073,-0.6428499760450003,0.29093650701687723
2024-07-29,-0.4002487550646242,-0.6414025878988716,0.05463583103462186,-0.021193723932765522,0.3047554302156863,0.3114888706766663,-0.4217555826894898,-1.0738574520690023,14.577297681072412,-1.57822919830525,0.09885856100170264
2024-07-30,0.15136207622167747,-0.24602584133036706,0.11357670212405872,0.39430915398760763,0.5315023466060383,0.5339582329338571,0.7630063511182742,0.0811441010139018,14.841122312324995,-0.8104813784684101,0.7385574716665267
2024-07-31,0.5510840012592118,1.285118853161212,0.8639032606377341,1.3189815049705256,0.972556144667611,0.9693724058615685,0.6455651321875598,1.4361857754734952,15.075703285885922,0.7529353550362238,-0.43899245640956447
2024-08-01,1.3906094669118125,1.3827675002684852,-0.7019750498295152,-0.29918068666246,-1.5883728208688388,-1.5945832510081575,-0.06726912292547499,1.2428720808391671,15.13966378857448,2.336391687983472,-1.339026420985347
2024-08-02,-0.940587426163652,-1.6269173751041939,-1.6061767003007974,-0.7416639552299945,-0.4396376309818804,-0.4325799514281981,-0.264189314773086,0.827035598521127,15.141152437504651,0.12637161853790632,0.9281439095469681
2024-08-05,-1.2731623666865406,-1.4719003908526933,-1.45574945011436,-1.374745879138734,-0.7406976019207273,-0.7366113740091486,-0.020558581518665273,0.9951299885974602,15.157827169151588,0.03251045000363369,1.202721009601607
2024-08-06,-1.27341919220522,-0.5743238102653172,-0.91543643862552,-0.5972813049755382,0.7795235833289701,0.7787218618334678,-1.3045201706703329,-0.7305917532544534,14.856176239897069,0.5810117619818624,-0.40111395187861526
2024-08-07,-0.2903194710337707,-0.8421642283392707,-1.4153568243447299,-1.940062159957769,-1.74635861115478,-1.7558940536624092,0.9740380964363667,0.27372960039268784,15.04780868566278,1.1642577145801436,-2.140690322385408
2024-08-08,-1.730271984307599,-1.5721004731540302,-1.2919491655769981,-1.008939198096522,1.0222502707485357,1.0156640503263301,0.103513847592005,0.431928066622759,15.093969398682926,-0.4242069912987437,-0.48233605963516973
2024-08-09,-0.9050685483831947,-1.0021936069188746,-0.6330916806140378,-0.8055275320559172,0.2231939335719101,0.2293787358904974,-1.7276466233085894,-1.5262361525682056,14.654834280684492,-0.7429267995994495,-0.24317736724469047
2024-08-12,-0.4712594559675359,-0.8352863318988039,-0.8656908080914159,-0.9468256359291765,-0.22491415003130533,-0.21707410001960764,1.9454277168941498,0.38847019377969355,15.158427840197534,-0.08049711953363356,-0.4980832604189336
2024-08-13,-1.204920492380395,-0.48405544857582483,-1.037803523220471,-0.28201942836920174,0.9226081600986424,0.9202096722281518,1.5956866352379047,2.2052393366873364,15.670025866546522,1.0245897470425918,-0.06918675532264101
2024-08-14,-0.20794013965708602,0.5677176609526293,0.9614197371048021,0.960310524778121,1.0861936434976747,1.080638564540938,-0.9274732347741087,0.3699974584805624,15.387205273180642,-0.17361318810840093,1.1900603871578324
2024-08-15,1.958738481929042,2.054437540135183,2.3272609382339096,1.7232761884094254,0.7239299551905715,0.7226605698951039,-0.8293183840499172,-0.7244692146304789,15.089699764957517,-0.98115251962037,-0.20663801395729406
2024-08-16,1.341672015856233,1.3496753852477021,1.8470248767245339,1.6730474104083704,0.2209944890569628,0.22603397815093496,-0.3112523031457629,-0.8002246608279133,15.011945322521912,-1.6580160022065527,0.4961905499160738
2024-08-19,1.358028014928509,1.219312053615777,1.5908229525789797,1.4162408702162816,-0.0657767696375628,-0.058365735980600714,0.1354711358683042,-0.37984396096789413,15.106092433365667,-1.523143097441654,-0.2982851558761954
2024-08-20,0.9199156143865255,1.3714127361005544,1.1407864057393413,1.5338824428224556,0.5185376047927512,0.5175734679860134,-0.3311239304456429,-0.6117627361132258,15.056606010659387,-0.333428420562574,1.5011390207887731
2024-08-21,1.5511105413626236,1.581982190898086,1.5293939304892574,1.53381832067961,0.09639549818728434,0.09956719433636932,0.6739338439023482,0.3046223599623953,15.338867787451381,-0.876875104634832,0.5535335596426171
2024-08-22,1.4245974821831342,1.2674979262514583,0.947149224300237,0.7728165563670424,-1.9339741267702826,-1.940577276066133,-0.4690975905764753,-0.16035086927003364,15.225839022221844,0.08328126345838527,-0.6397624868652584
2024-08-23,0.7555964105061509,1.4157162104120187,0.8216330477527285,1.546390597250219,1.7162565704989654,1.7014110129200033,-0.7143551136635629,-0.9403562130394351,15.046962625146994,0.8093795765247989,1.5575830414061815
2024-08-26,1.442838069242371,1.432582614930586,1.3673652147964885,1.2203195893780683,-1.0458497770710122,-1.0453628690209273,-0.9150107627293351,-1.3767089241371913,14.71245576605452,-0.6276293848680252,-0.4361627417344836
2024-08-27,1.0186843705110418,0.7616094142377049,1.1124445978386204,0.9835281156842379,-0.7657300253111603,-0.7641297008723182,-0.8807284735408988,-1.786203890396702,14.39229300909588,-1.0285991857917687,-0.8312641590854701
2024-08-28,0.8764084147322708,0.7997354396222903,0.9268972648103607,0.7739874487386378,-0.530755608890179,-0.5284867288425517,1.3949398177295886,-0.8494529644070892,14.612252145529878,-0.245779019464534,0.30697124638052203
2024-08-29,0.9671353733508637,0.6738093672898332,0.5785327984900669,-0.003908741199558882,-0.990181677871381,-0.9948681859113689,1.0255933033593516,0.05520872048918041,14.808169933319489,0.2675029756063648,-1.2662476084429926
2024-08-30,0.26588028136799297,-0.0941138480508553,-0.019252029188684294,0.14088070853465395,0.1262177212410054,0.13197263929235184,0.766249332038148,0.801043913849054,14.983866858165227,-0.12781365302503028,-0.7811520596244734
2024-09-03,-0.15121164397265227,-0.7029261874616203,-0.6326608244244012,-1.0729665395818797,-0.9103140760805516,-0.9146845105488697,0.42802546194410684,1.210948982485545,15.095916764249267,0.12717075066320885,0.9453902504955305
2024-09-04,-1.4754406606755772,-1.9439300401939652,-1.5927388732106111,-1.0685264749847274,-0.012609448811032575,-0.007355034389643494,-0.5323811312935466,0.6315424893274474,14.985295873186594,-0.05236676860486499,0.013452353391257096
2024-09-05,-1.1183725025175304,-1.6567365844190807,-1.6684747095345274,-1.4676905386947698,-0.5172233662952691,-0.5183816227021026,-0.5143197957326201,0.3905978347484813,14.841265732854671,0.5987185142600723,-0.6256809939935604
2024-09-06,-1.3218702702950316,-1.2873780495638627,-1.0868679032300752,-1.6430926004622706,-0.37922457187676134,-0.37890578779816525,-0.7732371774246434,-0.18353264418918383,14.61697433067951,-0.08213973455483421,1.1690746051009049
2024-09-09,-1.2558218053809487,-0.9037585648230798,-0.8474976238288883,-0.26516599690830384,2.322431484339396,2.3157053110554084,1.0519464231631566,0.7629898853361168,14.826238725275793,0.35890193207292653,0.39174210056209924
2024-09-10,-0.42014172836609837,0.6996247028393284,-0.1577919367607194,1.1634391743140424,1.639498156993032,1.6366820809961742,-0.08229498506630245,0.6195751686010099,14.840620178424746,1.9025192495244263,1.0722812049716093
2024-09-11,0.7266072168716119,0.6307891526470353,-0.08743893199563081,1.0905316525606399,-0.10437647722320828,-0.10067461286480774,-0.057788420101173146,0.5732828418092678,14.893137860625547,1.667028181063476,-1.4791769786927442
2024-09-12,1.3252059542822665,1.5985194488053718,2.0225491217482685,1.7420576276882032,0.988986603536956,0.9901793021766153,-1.2592547062836146,-1.3056191535046955,14.677683378394539,-1.5359167334597066,0.24934132532944525
2024-09-13,1.9409497504245343,2.241357073761327,2.1629715540940206,1.9660454472841793,1.1595689115058139,1.1574198763908696,0.3707776091272774,-0.8376994091239266,14.737664467768475,-0.2601469542772528,0.8053346615892694
2024-09-16,2.1310668463704947,1.8182831590610156,1.9333377406597632,1.677898867850483,0.1700792550177707,0.17429064228247096,0.9667082059686024,0.4921165380780542,14.872537018799058,-1.3616299138500905,0.02563959546191662
2024-09-17,1.6968929954022414,1.7089863969265002,1.6249674532119565,1.4182024772244748,-0.2080100018265375,-0.2043188280746169,0.23810369584824478,1.1385006728957283,14.896502177133982,-0.3219266508452872,-0.015572363186850537
2024-09-18,1.3863176774081587,1.6650161988242194,1.2388029050815572,1.2064995345261798,-0.38130047872620937,-0.37794556059992424,1.1846210575574738,2.0996566233846146,15.08228941482032,1.8460816822644472,0.2089071441933237
2024-09-19,1.6186807964708756,1.2758345567243397,1.4575545249416828,1.513240654552309,1.1467478614303694,1.1440331664203398,0.12157729343448093,1.6663172860652467,15.138199562413169,-0.9247599909006556,-0.6455070702294934
2024-09-20,1.1236825638160752,1.0589107712156423,1.193624367360929,1.2781201796765878,-1.3004852801804183,-1.3029071444636362,2.5016906595214397,2.5454816584611786,15.700183549427127,-0.8350219994875269,-0.3251247541233621
2024-09-23,1.1736663646487202,0.9780986036815982,1.0280339936036598,1.3063076340330502,-0.24630027479555527,-0.24368157636503723,-1.972115632993028,-1.0179805014812784,14.73272126653007,-0.5601723129892011,2.026213877953834e-05
2024-09-24,1.3629849463944645,1.55452282647003,1.4188436584018576,1.8030095623554556,1.8168784868155547,1.8111065937995172,1.3300205451820082,0.14974521383321113,15.216127115036713,0.30636533402791366,2.0568482024616155
2024-09-25,1.6651191809106294,1.3227446436966697,1.510553602926962,1.1910707543547416,-1.7538892134066182,-1.7638369974068224,-0.9514583130755013,-0.8112647081123059,14.840584302067585,-0.5465672906226667,-1.626325052859879
2024-09-26,1.3193991990550482,1.1274317045957791,1.3060975223857316,1.0035592577064645,-0.6782637981066216,-0.6770654355589443,-0.1850064549355181,-0.7929276410669455,14.86265444919589,-0.7652597131877347,-1.036449546315011
2024-09-27,1.1719263494617267,1.394722916241762,1.4296729511419761,1.167049843621285,0.2316902499103298,0.23592909310229623,-0.5325539033109888,-1.0151621497905436,14.712537325437339,-0.39032512022318155,0.7152561420916732
2024-09-30,1.04454184686125,1.42680300670013,1.2679621853017256,1.5778326655805563,0.8771129818296461,0.8786265647498374,0.7248897451205115,-0.28824263761835844,15.051563546282342,-0.003581431817248102,0.8125716444422572
2024-10-01,1.34507717398582,1.7646237179463717,1.3341941404435056,1.663472098091271,0.3108634305608258,0.3146519168824805,-0.21615987906055661,-0.27543496322087263,15.06145058878192,1.0513535203854183,1.4931368491448636
2024-10-02,1.605801547968715,1.470802570206316,1.5845867738291644,1.6084802837453958,-0.16324442131402625,-0.1591657095128351,-0.21909817697883285,-0.22242051196194723,15.048450047517496,0.30041651063575836,-0.0022251764468091306
2024-10-03,1.4262727474828074,1.358749908621003,1.4867641208818367,1.3281023394446962,-0.5193379007906517,-0.5172195051038381,-0.24306772600481028,-0.18500311367776565,15.015686463183105,-0.02261409844108003,-0.3494298957015282
2024-10-04,1.364251562844202,1.0264364049813817,0.22233006544683842,0.7595981131650286,-1.3087335173141015,-1.3137158237218947,0.5374180322518054,1.6995423158183482,15.199051381576908,2.3551162808077555,-1.8134591384873955
2024-10-07,0.3758019020360992,0.6010109566768754,0.39442597828239284,0.574690940761186,-0.4956461774659138,-0.49328177703180326,-0.8514747441886541,0.13611465654737678,14.999627839595094,0.59524365681629,0.3832078128450959
2024-10-08,1.2021273294381554,1.332364379682944,1.6576711949531362,1.287075659350859,1.3876947106957762,1.3829373223039163,0.5979393196248364,1.1235575864930747,15.122193639165623,-0.14278366232317868,0.22498476314381394
2024-10-09,2.143405986583872,1.7041765083820914,1.6559618292335216,1.3223723258986602,-0.025291636795133268,-0.022098354200149238,-0.33144115163935034,0.6501143052371436,15.104137237555122,0.6853295022111867,-0.6231573660100468
2024-10-10,0.377897040664342,0.6207388720518996,0.8585209723647845,0.1368148744475656,-1.9298962623448541,-1.9379689964040252,-1.002056704327157,-0.6656062648186176,14.927631525517947,-0.4396670817398049,-1.42664534810532
2024-10-11,0.3764775006940059,0.16969012829197352,0.9361140219839469,0.42487914646247726,0.17711861413402705,0.18070056848881214,-0.7264541488650059,-1.674623338545406,14.815186466771115,-1.4690580985116264,-0.2882676305534042
2024-10-14,0.4040066174345206,0.9188649509565722,1.2548883981288055,1.340916419156653,0.695030326290069,0.6948963662547911,-1.4047828782581167,-1.9614335608280213,14.552052899609992,-1.01949499396033,0.0011076293423391216
2024-10-15,1.504054719096883,1.8270436671283101,1.6271849529894933,1.1287980329932585,-0.14803580733082247,-0.14409878677964794,2.520537458558218,0.8119144143906111,15.121949964617226,-0.35713273331961404,0.9681441626045523
2024-10-16,0.4805008863579716,0.880451965405685,1.113779442479144,1.5897580591491258,0.650604835962138,0.651268184939445,-1.097250486328217,-1.0585880307449635,14.70299061967628,-0.9206540296995893,0.3742937929062733
2024-10-17,1.2291487999189115,0.779884459859254,1.0284472110178033,0.6185776175133185,-0.9208447292209249,-0.9195387982687326,-0.5006269387451009,-1.2940432564940494,14.51553453903717,-0.9675472616011901,-0.6505340898614771
2024-10-18,0.6779677190772982,0.04186310146071943,0.657687280095115,0.30481280708317715,-0.36716821407852046,-0.363308942417448,0.6887401255959962,-0.28621430110252966,14.706114593310305,-1.3466699887243387,-0.7416839315251952
2024-10-21,0.41118316336758265,-0.24030622741508847,-1.8534847235769596,-2.118394657832586,-1.8491872709823185,-1.8574217126368338,1.2991998010863293,1.5665693711567779,15.123708503654504,2.209062804160887,-1.9242266820116496
2024-10-22,-2.357764692323699,-2.490558980768708,-2.3126029950760083,-2.084069713459648,-0.8198945025895478,-0.8167546677011454,0.4072990339580581,1.9260715655964302,15.316628245786587,0.21336774348076815,-0.7568458822012568
2024-10-23,-1.5537759829714335,-1.6425532214972742,-1.631648428613284,-1.7677486594278389,-0.15700410867814887,-0.15253107381334735,-0.8990286219978776,0.39680024309877143,14.965766396340044,0.6177239470633489,0.9296987226883785
2024-10-24,-1.1084735510054418,-1.318919212511587,-1.1807061494432614,-1.0924693338408864,0.9832816284546175,0.9799456730310735,-0.6112916683445127,-0.2856479102187755,14.751721949384216,0.0378647265147704,0.9357970319598952
2024-10-25,-0.8163635534350859,-1.166119351685743,-1.005535471228596,-1.294236411622995,-0.6535585328564466,-0.650370191529349,-0.6843527548702479,-0.9028792942033741,14.478920435352332,-0.19614668350885037,-0.7047771182188949
2024-10-28,-0.7025515244279831,-0.7114918676579041,-0.39821812244909544,-0.6328981776559541,1.339893265586777,1.334008616712578,0.6579668837980077,-0.26781753297909483,14.765816555048481,-0.8830349546594198,1.0707997379701006
2024-10-29,-1.4647623365050948,-1.2995344111062874,-1.5467349377874986,-1.3205859402875482,-1.3255697132997308,-1.3302704176184583,1.2813706580397095,1.1631151599119838,15.156467798790732,1.3529036174742985,-1.5741651862977997
2024-10-30,-1.087621101329043,-1.2191138578931808,-1.0125864790825827,-1.3908475314382973,-0.008524663968257825,-0.004014754878402734,-1.0090601155414716,-0.19212364735416146,14.843557668290012,-0.26409996552311393,0.28299384037971437
2024-10-31,-1.3308889735451324,-1.267169589673755,-1.0399622258714385,-1.0708759092041795,0.81361202234197,0.8147038047166905,-0.5158308062329653,-0.7039920009947562,14.739214146599782,-0.5196455150866603,1.9076388778891327
2024-11-01,-0.7012379733013736,-0.7053143655835566,-0.7717133014957465,-1.2309438287329488,0.24530511220074633,0.24967634135154795,0.6971619537409987,0.08912062959255852,15.002683328694495,-0.09123387593385171,-0.2973390498249757
2024-11-04,-1.1362675993726064,-0.2267628643903304,-0.828293217763795,-0.47800627253764133,1.0704678864260209,1.068391720278856,-0.6294865451622377,-0.43595963359359335,14.80523797958967,1.433286113218714,0.860388436611738
2024-11-05,-0.4356328347641524,-0.22310101081186545,-0.1059522721691861,0.6855030416260071,1.1827962994131185,1.177567148893704,-0.1713177102293724,-0.296584758072413,14.730400709483506,-0.15942329231035934,-0.13455036864763675
2024-11-06,-0.500639010702927,-1.576398039577851,-1.9706845250958955,-1.6507873189452116,-1.9578567178174622,-1.9682095689211914,2.588883672169982,2.646551866220108,15.780298677260287,2.0275437340483857,-2.357057930292149
2024-11-07,-0.9380224737392094,0.07414492821948536,-0.23900141638656106,0.8040079364992423,1.7589223779132015,1.7399226055272714,-0.8575731484103081,0.40685127125953646,15.279483526781892,0.5597441527376018,1.0972331845639485
2024-11-08,1.8377013605444203,1.6931713278719749,1.6280212579256252,1.7324886607143388,0.8379888055273668,0.8368101477060438,-0.5746043174690554,-0.36476282201294297,15.053508196366304,-1.140801419188529,0.6033949885236114
2024-11-11,2.1263155221783565,2.19062037567578,1.9109912049980025,1.7792188306919916,0.26195037409416766,0.26817228573128854,0.031124056024756045,-0.1103427409824225,15.21952228549902,-0.7034823261508988,0.28687718837294607
2024-11-12,2.043590774879499,1.971316422210222,1.1079032514068596,0.791571053008957,-0.9246613645717885,-0.9215372955986567,0.3625193340829856,0.7002038683035321,15.546652874098003,1.75748523993038,-0.42697644712836474
2024-11-13,1.1368891008660238,1.2028371036463177,1.3557103798816914,1.455185216281674,0.7955520944352268,0.7933486785555682,-0.8802873882170046,-0.8347809948920046,14.941446466630092,-0.6247079343770585,0.7000754909908041
2024-11-14,0.8243445845680046,0.8528728251525438,0.8769305744907164,0.677394005066899,-0.8163403318065082,-0.8112855965269851,-0.09840733227800147,-0.721651424478976,15.02390387740052,-0.35137228581349356,-0.17420983733773163
2024-11-15,0.13355835624393864,0.38290601067954544,0.5689381201949578,0.8440247461826342,0.11893587344283352,0.1258706739410925,-0.22685056286264407,-0.7067081392187308,14.990929863561714,-0.6492420709688436,0.7945458230248188
2024-11-18,0.31209449947216916,0.7263733516842522,0.5556195131895625,0.9663395635797418,0.10032869568520941,0.10740595401236944,-0.14152198526593038,-0.6345037669508904,15.037608406760269,0.17472647580093667,0.043585473915858146
2024-11-19,0.5491619721315169,0.13405254812406253,-0.08378344469734851,0.3271799450857449,-0.6189259280666068,-0.6131609685536332,-0.28873951477249443,-0.7177364585954211,14.990898994133527,0.48041027024896954,-0.5458170385483001
2024-11-20,0.05080776288836276,-0.6275274804802106,-0.4239016846445698,-1.4976400562433425,-1.3153743476375332,-1.323470784182898,1.525113151456884,0.8654016815864307,15.369900979932318,-0.32237161507047685,-1.4287707993805034
2024-11-21,-1.4713089052597657,0.23597999042541543,-0.9763899868694885,1.04217770343174,1.5967281255428547,1.586024867203695,-0.844837516848722,-0.027905384785267745,15.129825717950284,1.0748465792864952,1.2602659962914113
2024-11-22,1.1724022799579719,2.125848711346885,2.0503207662914478,2.196428193853258,1.2764453746336324,1.272152447276491,0.8936162196388127,0.9935560724715126,15.411356719615835,0.2308850205615264,1.0809408817104118
2024-11-25,2.3291036147820265,2.3736091534603028,2.5230264222556738,2.1936361982816863,0.95418008752827,0.9538248447262455,-0.4503750747001066,0.5093616246310406,15.329362472559753,-1.082431951076524,0.8109816092309646
2024-11-26,1.975174992849862,2.1770553116512983,1.7808666312415469,1.67853727004903,-0.29497183624665296,-0.28843585051536547,-1.2714721188917324,-1.0335463075223579,14.83023422512621,2.0665976986969308,-0.6498353588007003
2024-11-27,1.629841180887936,1.2131612407558356,1.594436341369219,1.3146597062231138,-0.3293321596764698,-0.32379095610073666,-0.6678284458167331,-1.3882926161605034,14.645590029034093,-1.446581417433955,-0.059369869669974096
2024-11-29,1.2826459005398072,1.0481899638603156,1.3500814803574643,1.1948593368163902,-0.12311587695154395,-0.11703253117029665,-0.37499511534724944,-1.3418378198704104,14.522906244715804,-1.3629120114090483,-0.4233425324153635
2024-12-02,1.0751039821423565,0.8170715366500072,0.824913020184923,0.8244139148373827,-0.7149303169458175,-0.7129990697303803,1.0360532723481972,-0.5478915094047899,14.777577774577267,-0.30185528513049426,-0.7200892291148357
2024-12-03,0.930125991096847,0.6829321594088845,0.68070282097388,0.8434390144656272,0.03264084367124597,0.03904403297960769,0.10100887114851155,-0.34757169079741973,14.813934487836722,-0.22029817309980776,0.19615929064967516
2024-12-04,0.5158422628154553,0.38250744575806944,0.6973447889116733,0.5713047257678531,-0.6563669559858688,-0.6538346184211343,-0.9212669998597367,-1.0292373907551686,14.492935285982462,-1.1210409545153592,-0.9377256429480004
2024-12-05,0.3850181416210961,0.3115207794264071,0.5956676101320815,0.28039162363522685,-0.8678810712133856,-0.8701881422602004,1.2273223559953519,0.013370975520239714,14.74115778103739,-0.8423492682544376,-0.5100688878429922
2024-12-06,0.5155785257034176,1.1332841457508478,0.7079201306727414,1.2222035670389981,0.5800167127514054,0.5848288248761049,0.9110232967488454,0.9683011134309651,14.966525841740939,0.5312628893509357,0.5698243468608439
2024-12-09,1.7423076102094186,1.3811204259811365,1.3557743270131164,0.6609962484649706,-0.9479228809537198,-0.9518000992212048,0.3862478492033633,1.6720105524282727,15.04690424975174,0.4562836132482515,-0.032038763697731204
2024-12-10,-0.7598109490303162,-1.299128359655208,-1.582089518109336,-2.213680427107875,-1.9719216564793838,-1.981003231587448,-0.0759952013430487,1.6172014519362843,15.025932819755823,-0.2171513990920492,-1.5963645632709078
2024-12-11,-1.4683935160277473,-0.9390921733332551,-1.4804638672845236,-1.8725648059322626,-0.20574280689364455,-0.20254091594884893,0.9399635692766942,1.7946451091394382,15.253258438135058,0.4290572490362345,-1.1766978977495433
2024-12-12,-2.063263171087748,-1.8575883263448374,-2.371665335251779,-2.258903195747324,-1.5554666597960198,-1.5616493650966567,-0.9659381986547338,0.8134835044738012,15.116682937879837,1.464974851307221,-0.968359999814849
2024-12-13,-2.228804453129727,-1.9620316535476063,-1.6019589046467253,-1.364491202397028,1.0164746559485665,1.0155723816975566,-1.4765365822370042,-0.5097754833162338,14.789881878344586,-1.126197965381922,1.1561565164981031
2024-12-16,-1.3826116114146483,-1.4525482961461738,-1.6626437494824697,-1.7462665285873633,-1.1591640909170777,-1.1615324479685831,0.2768298159995106,-0.3457697497547348,14.873162300847678,0.6375134828615237,-1.5399656419600742
2024-12-17,-1.933184337759637,-1.8577954322228702,-1.7011087832967113,-1.5580180254711686,-0.05704477086146099,-0.05302574969147161,1.069587759214863,0.42534997996406737,15.130980281652166,-0.8395964915507756,0.3773428650192594
2024-12-18,-1.7001919350323174,-1.4039045069779543,-2.089020668908244,-2.0992843321742236,-2.0816543346583076,-2.0969497491233047,0.1975238524574374,0.5625429705731189,15.25664839162503,2.4971221566931256,-0.19461536558282647
2024-12-19,-2.0185915869979056,-1.9879801632596266,-1.9299005689380513,-1.9255297801179645,-0.883099674311599,-0.8809192213162315,0.0374472665479629,0.5456671352994726,15.336357883476516,0.6412480326354454,-1.456566940203405
2024-12-20,-1.9825796731165222,-1.6314124217377188,-1.5717147962475542,-1.1602825956726983,1.8725775287108453,1.8551017219105483,2.2649273811098993,2.3352732823085236,15.900735468679011,0.5762939421597804,1.5236587114678397
2024-12-23,-1.2093848882694491,-1.3563242358289265,-1.09559993831492,-0.979481816633509,0.5368315359005086,0.5420366143460852,-1.9511120739687033,-1.625352367733803,14.704964790764857,-0.43827713417542646,-0.01269753269757038
2024-12-24,-0.9416732137227098,-0.9426905599532033,-0.7036058021075022,-0.56065190431067,0.9553635992102631,0.9535673987607303,-1.059664111720911,-1.663760980943699,14.146683779571612,-0.6005302782456773,0.4930878728669065
2024-12-26,-0.7530337284517588,-0.8117983945889523,-0.47765975160689755,-0.4933485687988425,0.22845122589799272,0.2350433210408483,-0.07382353756247047,-1.2975393292620678,14.092764192788055,-0.886659610894325,0.3552904320739083
2024-12-27,-0.6311624317242409,-0.6876166110914014,-0.3556980878833064,-0.5517403986243078,-0.03479329327840573,-0.027407652974346167,1.0152103732964697,-0.722728492954888,14.479589830774255,-0.7569931395687088,0.9153169139112131
2024-12-30,-0.6151628016462337,-0.9255273053408757,-0.7410442542839095,-0.7805987956094201,-0.13023654047395425,-0.12308437089331295,0.40058976431095444,-0.37880135125757886,14.709433383024482,-0.46312635591207757,0.6539033180530145
2024-12-31,-0.5398185549732121,-0.8086285117995552,-0.4268431380019512,-0.7271418655427881,0.2720163993398566,0.27740890028849685,-0.4251397862064395,-0.45163605528243195,14.594698269395229,-0.7019889739000835,0.6291763846927246
2025-01-02,-0.07433550482436296,-0.5051328391671588,-0.514028206975966,-0.8834392892861889,0.22951878298978465,0.23511943666662388,0.13334332663820347,-0.16849485743841164,14.69750007210001,-0.25956221720460443,0.3268042552906358
2025-01-03,-0.3435420712167114,-1.2810994833162967,-0.5377522074597673,-0.5441169141920277,0.27172115982274153,0.27623584241133214,-0.25912256020108654,-0.09564514373652627,14.61822982306239,-0.41489928346323407,-0.945851147730887
2025-01-06,0.028142114888941295,0.2961527244427178,0.12804468023742774,-0.7584406730549403,-0.08243687283829111,-0.07922942344796782,0.9042820313566199,0.8003342701678839,15.001676049030335,0.10745880221774877,-0.7249444594802051
2025-01-07,-0.28259002137048533,-0.7057840652482503,-1.6676189837803346,-1.8089822259825563,-1.8005219708994387,-1.8075553234476363,-0.711279180307909,1.2650318241782355,14.637183310408139,2.284358061210794,-0.05897678220519021
2025-01-08,-2.6605649339126294,-1.90566947253431,-1.8850283322183647,-0.8004984362720499,1.313600646985252,1.3104943959175537,0.6316612762292384,1.609386123340635,14.862303448964488,1.246777079011641,1.2999445731543753
2025-01-10,-0.416333492769072,0.21175930129983894,-0.5093655367211749,0.14117453490234133,1.31021692815278,1.3066086666093721,1.948810297410738,2.3130189714296145,15.487622942776047,1.3000638897298384,2.325640856849594
2025-01-13,0.07613469281240766,1.4474700835281276,0.5570249062333412,0.1389761187850291,-0.049500923960573796,-0.04653930549997834,-1.3101927544750032,0.47469285857539967,15.071952749809027,0.9773218335820489,-0.5937799120349272
2025-01-14,0.3846244559861875,0.8578356012112823,1.3907667116769498,1.8185196171438391,1.3017918008942793,1.2969804813565444,-0.3800478892356933,0.1301457442346463,15.040814526660503,-1.1524727599154212,0.6631388784875015
2025-01-15,2.5917320544119735,2.6001926819019148,2.501816527348677,2.650006164605904,2.423664419304936,2.411501421147479,0.6106590300823566,0.6995590377189477,15.338257260331662,-0.31055624021983436,1.213644711531141
2025-01-16,1.7699635114852503,1.951733361405537,1.915115741205303,2.0201116273158286,0.23141612691571498,0.2379240848246225,-1.38080268436269,-1.1417319556032555,14.65098204740647,-0.5283793036781341,0.5806982466064011
2025-01-17,1.853842426219418,1.7764314871419251,1.7611522445435304,1.5221774118443447,-0.43220045538724067,-0.43056959881657764,0.6788403451627706,-0.5407367006573846,14.987683359433769,-0.6841037174126514,-1.1715588036601459
2025-01-21,1.394138455161151,1.7216634184840618,1.6251209605266423,1.740496078770618,1.1311221984382809,1.1328200033224016,-0.05106372873291315,-0.4809771818061829,15.087544079456285,-0.017467453762015788,0.7568546805778193
2025-01-22,1.391436842461357,1.185726803327281,1.063809341553508,0.8566053201827009,-1.6179307015240088,-1.6331853968323016,-0.18754622523150766,-0.4480254158714055,15.091264622605173,0.5651953109196626,-2.083446879621474
2025-01-23,0.7503557260114723,0.7739605804474375,0.8336419168816981,1.0041955027925176,0.19619754502072909,0.20215252345698617,-0.11882171262017509,-0.3793728918489903,15.1610613069086,-0.7906980029529378,0.07136886107703191
2025-01-24,0.7976788001942507,0.654791985800832,0.8489242919608267,0.8417780397380149,-0.46307725850316594,-0.4583863289690009,-1.0604332894610922,-1.2152990785880569,14.678316543341225,-1.5430714630126328,-0.051559808930840924
2025-01-27,0.7187658389653082,1.4422032071436603,1.001367111294662,1.4670424790289407,1.0514643754322817,1.0489539160445565,1.5255745959754468,0.20831305754962268,15.123627408348824,2.2702952969080368,1.9759736472907012
2025-01-28,1.3868311597581875,0.9861366589485429,1.1713643764083843,0.7964090267667229,-1.287878077860567,-1.292958345179176,-0.7963407652519237,-0.7052895790274576,14.85164477907942,-0.14548106239902125,-1.3909542075081724
2025-01-29,1.1426856554716898,0.7458139016572077,0.4299340896432932,-0.09170318889368285,-1.009783581703045,-1.0118631358984478,-0.5063979132965536,-0.9732543836790916,14.684668172009076,1.043619010399157,-0.5168438903615831
2025-01-30,0.2843520711558493,-0.14518483956489328,0.1971561295688172,-0.05633538063560787,0.03075460567315853,0.0374744010570794,0.8081514353523329,0.5141862145048632,14.940862468360297,-0.6160163174838158,-0.14489668250394933
2025-01-31,-0.7102975647879813,-0.5684956628028581,-0.4504924132543234,-0.662648253456722,-0.4547811542517488,-0.45064258611671726,-0.5398716746185872,-0.3497079969154718,14.831393561116021,-0.480595380838534,-0.001332451598262273
2025-02-03,-1.8780624970724926,-1.4938385588884038,-2.34870338898427,-1.3214110271052717,-0.5092787299501027,-0.506080474568833,0.1049368976767707,0.045584485665461055,14.878910436156602,1.369945362881177,-0.008952644216771848
2025-02-04,-1.0277999465734726,-1.0855270608843108,-0.9189383662625034,-0.6006884662692475,0.6153955464514226,0.6209487341254591,-0.8605836722089327,-1.1228895261954324,14.581350888860829,-0.40988134597249526,0.04934194464449097
2025-02-05,0.14435742030766807,-0.47395518376269824,-0.40904884497427857,-0.18902151354195812,0.3942619869112569,0.39984822254892133,0.1489292186594041,-0.5978649854540595,14.60945330061814,-0.1720752964273762,0.025743753855536507
2025-02-06,0.02857976837353065,0.02101642863562965,0.6056070330312935,-0.10689835653124488,0.07157397596722913,0.07699037922379842,-0.20023167612767945,-0.5676344063434718,14.520438571204018,-0.9807288960973425,-0.2153545803760482
2025-02-07,-0.30573645026250595,-0.713680081364772,-0.7469609675294048,-1.3133317745936581,-1.1735584477203735,-1.1819691102886518,0.8240584890055077,0.6787776540275903,14.743809304188302,0.05580462961548939,-0.40963353887831855
2025-02-10,-0.7214196527661606,-0.4288205972913623,-0.13753214832678706,0.3619354684789513,1.7654564441914233,1.7559204234821697,0.2837494415317014,1.4743981915458697,14.777768807419832,-0.5005859053423831,1.5222950828216868
2025-02-11,0.1709140794153926,0.27077935680501314,1.005405066038684,1.3734885384192772,0.6230033731644612,0.6252718402463884,-1.8396171281176852,-1.7440524248267109,14.181403584529848,-1.4086240910792265,1.126434609394463
2025-02-12,-1.0838661766281563,-1.9238728358557404,-1.4214531085219475,-1.4985443437958377,-1.778277141804835,-1.7873696526914586,2.542107194959113,2.165497500229834,15.035455427046395,0.49845130935730175,-2.296966373181496
2025-02-13,-0.8662079330671905,-0.5039948850810951,-0.03277051307868989,0.21956784526458817,1.0768914940946066,1.0725450212631058,-0.34196771173263707,1.3019612494805037,14.936504172369764,-0.564641462365323,0.4780022135335039
2025-02-14,1.045301359911628,1.3533713047890108,0.28822667965015947,-0.6305838953906184,-0.5248510382816806,-0.5196369382179321,-0.20904497743910216,0.9525164618325124,14.915588771639099,1.1354540915449018,-0.6546553126842732
2025-02-18,-1.1964609801722301,-1.6718303342723864,-1.776082216837421,-1.889979445068774,-1.050481572610532,-1.0497619541146053,0.45081785880896186,1.6663030828831564,15.20030404333343,1.1724911127712443,-1.492588285310178
2025-02-19,-2.442831035403109,-2.4161014677630197,-2.1494153081543965,-2.193959323491802,-1.1170576985694933,-1.1199637084818665,-0.382501957139109,0.9155577502492476,15.145234832146,-0.4247625570726982,-1.483742369327249
2025-02-20,-2.0448187707673995,-1.9826092636942594,-1.73444928862733,-1.6797980689195486,0.19451250098364434,0.2006577870020919,-0.7734270350949464,-0.5062416030750947,14.81005815769501,-1.2722150855726369,0.7194134151689857
2025-02-21,-1.2661176800530742,-1.2728892915638443,-1.879600392639237,-1.942778110968752,-1.1268191822546976,-1.1330336489684074,1.3531524105252757,1.550438708165069,15.48076172436075,2.2947220907294397,-0.058292407875389994
2025-02-24,-1.798802010186444,-1.805335501626595,-1.7544217445525256,-1.6317782215261438,-0.08835389485451581,-0.08209498722842926,-0.1837902984671531,1.1722850245984398,15.559829127356245,0.4646166308222447,0.27372403368762743
2025-02-25,-1.459838696475121,-0.3375785642290244,-1.0100053714354342,-0.5809681528626284,1.9923048711919789,1.9778856228990678,-0.0145425737021259,1.1928179289632292,15.735941860428252,2.009852311020358,2.267800673719497
2025-02-26,-0.40048247428555805,-0.4058458486241503,-0.4940330081982369,-0.6732459914475776,-0.053093638418970635,-0.04612939182496219,-1.1472428746617729,-1.477437825090336,15.1691528451067,0.3423143026133497,-0.18105374457712428
2025-02-27,-0.7497367830836403,-0.6211149942396619,-0.3965257558155257,-0.5509411952070307,0.2321063074010425,0.2400575957527159,-0.7868507158982907,-1.6852484932321898,14.854054674135973,-0.43056687247430553,1.0242332862333976
2025-02-28,-0.1757713081070754,-0.3315449969094568,-0.040333558682882,0.3104239271292869,1.2631897102608478,1.26537263425411,0.9785548356399162,-0.7016979803791544,15.265601211713292,-0.6231098706681807,0.09723208253726542
2025-03-03,0.4085232089558045,-0.09428658693072849,-0.32844354175744017,-0.4135982924917052,-0.7677206708160855,-0.7703737746803196,-0.6684855798254621,-1.0887512755473363,15.038580152306562,0.3635885908984768,0.040034715103989815
2025-03-04,-1.2161294440816666,-1.6047075515255023,-1.4846512933925362,-1.5606374877055709,-0.9000567618982132,-0.9053408052318596,0.4989625981280826,-0.41117773086707243,15.29365480077459,-0.00013580150308687685,-0.5915114252392077
2025-03-05,-1.8783151513182283,-1.3830629788841173,-1.3575120963436522,-0.5386918840726094,0.8537695192542175,0.8580802561281656,-0.9254301788158034,-1.0842159107788274,14.838069753186975,-0.07935311084465996,-0.13401811802280938
2025-03-06,-0.925624048068783,-1.0479583449018381,-0.6574870858014595,-1.1815858694242698,-0.5105571088282884,-0.5074017449942944,0.8639867048114079,-0.3445072111880475,15.255819744244945,-0.8648411252237427,0.2166208094665032
2025-03-07,-1.2678794385096717,-1.679002975395468,-2.0317604001771,-1.640520714185234,-0.6729237631181331,-0.6729424671348383,0.12370599648073555,0.04350957702235417,15.33587700925542,0.8182811191118493,-1.4415911721577932
2025-03-10,-1.299323073415269,-1.1926158690722422,-1.2678176556944216,-1.5958850082647855,-0.23566666860743288,-0.23011190155897063,-0.5714495398512718,-0.23355854548718782,15.126677465897746,0.28460622212505265,1.111249007481527
2025-03-11,-1.398170953403925,-1.758406150027772,-1.6280868214697326,-1.7844522428847092,-0.8642086795965377,-0.8671679913109339,0.2272927322020417,0.9835213409758374,15.205124652665981,0.21923562726146797,-0.8202708484660229
2025-03-12,-1.3443735824436074,-1.62886987473675,-1.580208011683432,-1.6140591844793846,-0.20640524347441258,-0.20198656668153123,-0.5926638170123555,-0.06535973627703422,15.029829951256424,0.8156022769068919,-1.0761856811648078
2025-03-13,-1.6574875745206812,-1.7950077832396922,-2.020256107623091,-2.0210931509266556,-1.8831065275626893,-1.905580308865728,2.087085629352606,2.5225832408679985,15.770295636639469,2.431641510899127,-1.6596691760057036
2025-03-14,-1.9638874560225925,-1.9578914931929092,-1.5805951092986203,-1.4137467620760276,1.466351544986697,1.4548353542113452,-0.7061407681311352,0.8667174909898983,15.522202396267398,-1.1581714133559524,-0.25996972313857164
2025-03-17,-1.569777221525493,-1.3479646119547692,-0.9719303395855224,-0.9997179561669646,1.0103410033374978,1.0058974245171295,-0.9072038411217753,-0.6776109085308673,15.118776780275882,-1.3115059103748374,0.5379175564193791
2025-03-18,-1.1619079162186778,-1.1956472952457546,-1.0164193399928343,-1.0990394252272297,-0.30101563851624824,-0.29303036364984075,-0.47461298380079914,-0.9803747138598199,14.9168527836279,-0.7138318756835498,0.21717832712549137
2025-03-19,-1.051567553767641,-0.9531160528647424,-0.7397724891629851,-0.6598667482019762,1.194159877131436,1.184448138193018,-0.17304161988776984,-1.0438951897074071,14.9108511671877,-0.8425919359279593,0.4002620802424583
2025-03-20,-0.6720839791762345,-0.21132227760116842,-0.3063759533160612,-0.3236504512474341,0.7421384668682195,0.7402385628334506,0.2553614002025175,-0.5992217296117773,15.036694693901389,0.17845145194748532,0.9407267439598276
2025-03-21,-0.7613574610818276,-0.8286800980177377,-0.7823643660636977,-0.6423591274885118,-0.3644719895779069,-0.35563938499069453,2.096564170251349,1.8879029124159017,15.920303153950735,-0.3606373644782827,-0.6293632174503204
2025-03-24,-0.3414583783853979,0.6169316326557647,0.47147716770878484,1.3008046168920688,1.7906838411948862,1.7644699758990745,-1.0224677905894395,-0.46343296259896954,15.207588412398223,0.4331900273742374,1.7840333165965203
2025-03-25,0.8629355453402601,0.7658729429834092,1.4714444531184694,1.0642807369109537,-0.31427624774841706,-0.3051804993097263,-0.6186828532657138,-0.9386981886374725,14.844951744977665,-0.8360169565093418,-0.3402224864480905
