Date,open_std,high_std,low_std,close_std,daily_return_std,log_return_std,volume_change_std,relative_volume_std,log_volume,high_low_range_std,excess_return_std
2023-01-18,0.5467370623154584,0.5436167542549024,-0.030505434883043425,-0.7613491925375171,-1.9791013118277103,-1.9952796458341244,-0.3706362000218744,0.0,16.410212948243256,0.5794796325177077,0.0
2023-01-19,-1.2167721650751313,-1.4410565939178992,-1.2992057156321515,-1.4312084346385687,-0.7830991084799005,-0.7795415279604299,-0.17972857960683306,0.0,16.40353027478837,-0.3015316197505232,0.0
2023-01-20,-1.2322923381185606,-1.5763887304596724,-1.2980091179858528,-1.27064675619087,0.15203400329716638,0.15902515192888111,-0.30717527926693955,0.0,16.387550181515383,-0.4656144463516778,0.0
2023-01-23,-1.144703979318066,-0.5518476727886121,-0.7361802595660097,-0.3836022075017125,1.020290206961941,1.0170603942100391,-0.7500318379846909,0.0,16.165656583741843,0.1007528718363666,0.0
2023-01-24,-0.4591633356452252,0.32711192433388325,-0.5547260633994622,0.03328079460811343,0.46836897558795615,0.4721700514760335,-1.0702762603548155,0.0,15.753532678159052,0.8874241369330033,0.0
2023-01-25,0.26218349688044634,-0.1579949470070652,0.4863081434054937,0.27410085812954554,0.26746171164574034,0.27328462102630363,0.7141637460160623,0.0,16.009061841454198,-0.6465093487603064,0.0
2023-01-26,0.8377663492966724,0.20701589736252166,0.9748748648627207,0.5910037915793336,0.35899174451870053,0.36406631239298826,-0.5573820446695937,0.0,15.828759010463445,-0.7297502101972182,0.0
2023-01-27,1.2891388552724632,0.6653045779807587,1.525459868173789,0.6773438806467728,0.10600840254848916,0.11280742844198217,-0.013085736102026083,0.0,15.82906613778255,-0.8085445992124413,0.0
2023-01-30,0.5621571246404855,0.396564178217388,0.9455315035984817,0.45872602418186065,-0.4198160780520618,-0.4129454408690195,-0.07045771892210029,-0.834081433256241,15.721981832928082,-1.0481323408820185,0.0
2023-01-31,0.9754286896678827,0.4854664360079548,0.7376936281024754,0.9292676911180782,0.48696802391407673,0.48795713252345774,1.824445895469654,0.45620571742579435,16.03348513504841,-0.5293958305379293,-0.6822461245776597
2023-02-01,0.22397470319220467,0.8759684531292471,0.5910744033694422,0.6066615458230034,-0.5712525654710527,-0.5679166275474707,-0.08036493545763003,0.6602175569852682,15.995001146894746,0.3070010210224256,-1.2308560278407372
2023-02-02,0.890834514864094,0.5239685079176463,0.39305771176488924,0.09932696870721026,-1.0941621125999517,-1.0955241873133672,1.3414382371646147,1.9783697052413252,16.28548130372363,0.057320917802154224,-1.5320333976458964
2023-02-03,-0.19486693346165082,1.770048037332516,0.29706278866837793,1.602465064885724,1.3722300526239142,1.3681141745900338,-0.16467445596918212,1.6172322478715784,16.257962022663154,1.187673531091047,2.0035189565330476
2023-02-06,0.9362255485813905,1.5370164044774672,1.3277158555791564,1.9657993093593402,0.3614473510115701,0.3639420406009482,-1.1032779738048744,0.345782855516516,15.944480205753116,-0.24735216041302444,0.8278351561358567
2023-02-07,1.6624263471638936,2.1372894785072765,2.0178215095925127,2.2138659317067813,1.150346187825493,1.1483135781633245,0.7906519955449752,0.8659479756161261,16.161911654955755,0.9138675074246104,-0.05793132096392381
2023-02-08,1.954529666066644,1.5299601278649366,2.011516307733458,1.2238028500090805,-1.1826691281985597,-1.1851472662143352,-1.3812680532090809,-0.5860970628237419,15.755402778413474,-0.6088469166091139,0.3168293252451548
2023-02-09,1.662855027817129,0.8965624903582589,0.28805906396412373,-0.22320255006337933,-1.6332841953452693,-1.6421004944988522,-0.3547979748193139,-0.8633292546448337,15.678520503925277,1.0499587508359023,-0.5019128995458595
2023-02-10,-0.29056081962026564,-0.39195736125153086,-0.507200730692837,0.13083612195947253,0.393307378752057,0.39687651154034725,0.03936272025840767,-0.8555102172304646,15.699986087600792,0.14697636763821376,0.17030968783568604
2023-02-13,0.49873631772738486,0.37773857456963916,0.8007718014887708,0.9230218919151532,0.8582873832202664,0.8573125850088816,0.2254689217594377,-0.7202518388234712,15.780466885815743,-0.8613959185400275,-0.007612794435004968
2023-02-14,1.0039382022960701,0.9319229725152013,1.10370643613077,1.0864175605474915,0.21517252757098332,0.21889276758075946,1.2131813264623836,0.3689083346393694,16.040069350635044,-0.6733708285787,0.3054172410400179
2023-02-15,0.349823575088284,0.8165311002636543,0.7456758143269769,1.2062418692899946,0.12298784756720016,0.1268428889244848,-1.1226767493088696,-0.7891460203361272,15.721833218040848,-0.14266223264202935,-0.07450703604746847
2023-02-16,0.9783492140531849,0.2589204681394232,0.8344474859681609,-0.3426524831778361,-1.4811598906597443,-1.483693343767854,0.9938057838067081,0.3546124745755692,15.915404148373476,-1.0988120545107893,-0.46849905691078436
2023-02-17,-0.5858862395097898,-0.38382546769515885,-0.6051930133905128,-0.08308057907002867,0.2180897035401057,0.22150736431147922,-0.06494340804163179,0.7550384389778506,15.888531657646332,0.5320865846810281,0.7109772814443218
2023-02-21,-0.9269003094769321,-1.643394571183315,-1.482261104852223,-1.7895252700051247,-1.5009109348722318,-1.5056886405996284,0.9782414163501524,1.730762902832052,16.11772568252844,0.2191331672376113,0.14399301492744307
2023-02-22,-1.8115269707461843,-2.1414385819189103,-1.769503703199369,-1.8299017176143137,-0.403465814495578,-0.3993717634342286,0.3938425230356613,1.8856019021173498,16.223131203821456,-0.6267595376185645,-1.5971203597795312
2023-02-23,-1.4901932332583785,-1.3054116755710026,-1.199859550954054,-0.9484138567645648,0.9393506175182142,0.9373835665486364,-1.5292637485905232,0.04895627260611067,15.903416302002688,-0.3222470139703083,0.5297053368790993
2023-02-24,-1.040486124188444,-0.4308210759544548,-0.49236151813325446,-0.24587679069592588,0.8556471818618429,0.8529391651105638,0.3862924810584719,0.349807003314468,16.026736764502527,0.34892903703029465,2.4834241317602594
2023-02-27,0.8088354193138203,0.6932250867929408,1.0410256640337443,0.41138508157206066,0.7624856114216126,0.7608421349195016,0.1778045271148358,0.498927451697514,16.119564671419205,-1.611754193569918,0.3275789448658526
2023-02-28,1.148112363798385,0.8763016947217503,1.0206680955711127,1.0195611953488255,0.7697288998483518,0.767849022921752,0.18474828724265144,0.6828696615063278,16.21520430344977,-0.8827862111685678,0.9736799010124056
2023-03-01,0.6763918285710209,0.7282383961397653,0.9405752547088179,0.6263805312511563,-0.5081319640429047,-0.5032856439843709,-1.5956501875095779,-1.4150657185819004,15.781111423292057,-1.1285322104821771,-0.6980426858719638
2023-03-02,0.7075261131510697,0.18763753854281603,-0.25539958643127036,-0.08438493126119885,-0.8121751594257969,-0.8098938979456679,1.8320662950003486,0.4792306200319559,16.2230681813596,1.4779513884300977,-2.014342721760504
2023-03-03,0.376783416787146,1.011842942992855,0.7030711300387891,1.3393918449273179,1.5024559333526437,1.4922818266365803,-0.7189662657828687,-0.6437407793621389,16.068180459182585,0.7742539166499053,-0.019121930862065893
2023-03-06,1.310639833303024,1.0588009414126736,1.3286682054791947,0.7918974076910184,-0.5478900501992437,-0.5441396226872348,-0.27441594772019723,-0.8290938628492094,16.041355093513875,-1.4825320828503656,-0.7508867752312154
2023-03-07,0.40310409157544597,-0.05671601471188126,-1.1532195047177582,-1.4440883828655033,-2.080150034412514,-2.094627566409153,0.8387598541797553,0.6240232161445793,16.2791596074961,2.4123815288892447,-1.2067196344108222
2023-03-08,-1.7012263092186655,-2.0835550111443055,-1.5244327391009485,-1.7160748267285517,-0.39667178525407804,-0.38960684094515297,-0.6277655606358546,-0.2236875568029906,16.118345719688527,-0.5892949381035274,-0.5963077162065014
2023-03-09,-1.8950618576862297,-2.0273188687971877,-2.4929121842882376,-2.491283051820411,-2.2174577873215515,-2.235934564070564,2.5316013155572024,2.6961174285508718,17.069294000254253,2.586058551941077,-1.9804416281194517
2023-03-10,-2.490636412667219,-1.9518509860354514,-1.9057490402279749,-1.3175013457190052,1.3074055004394065,1.2861601516951238,0.38765560441078956,2.14197934845164,17.442506656200845,1.6631780134736929,2.1120205280673607
2023-03-13,-1.498271970567561,-1.709262812599739,-1.27186830563067,-1.4209902437522712,-0.4444684446220513,-0.4335583830264853,-0.18681667122986428,1.409286105371283,17.574408047904587,0.36357321131132886,-0.58885577946502
2023-03-14,-0.5687686777304012,-1.042162775810206,-0.7750643569861346,-0.6116776150923693,1.2679453312154358,1.253264194472797,-0.8889816605759081,0.030636649781164368,17.20490863413936,0.1542346652306849,0.6966253867255358
2023-03-15,-1.1432796791743018,-1.6307535925466936,-1.2595406956538338,-1.4718875856167606,-1.3172257590343452,-1.326190948814607,-0.1791950728834329,-0.04917656545644522,17.35009018362885,0.11421558174740275,-1.3805223565871216
2023-03-16,-1.3469013390576359,-1.1454620121377157,-1.1154013666091487,-0.8268147254209088,0.8958000510305194,0.892831792654606,-0.8160181054540261,-0.8047349345220545,17.0165686251786,0.7168701618773394,0.375461360970261
2023-03-17,-1.0481726795187525,-1.5018022015663826,-1.008967022730606,-1.46237579252527,-0.8441695096939092,-0.8419084675304083,0.5813418379437022,-0.24987587306144943,17.463463871509944,-0.6067716330461161,-0.7326800871046923
2023-03-20,-1.1204433059185295,-1.136369984561173,-0.8221552505477757,-1.0856097401456517,0.7121262524438193,0.7173531430958175,-1.031647335214115,-1.2162696545341765,16.945577070525367,-0.5885199016188825,0.4416796491223591
2023-03-21,-0.23990482709951183,-0.4753997233530871,0.3750050782134955,-0.12981946244129203,1.0138469510014398,1.0056652198920166,-0.6226921889443184,-1.307360016421727,16.695147177682106,-1.3081585949390802,0.8067551204929494
2023-03-22,-0.06802081665469786,-0.6516254085395228,-0.42152461450936546,-0.9683797511560529,-0.5626876081479838,-0.5510606400544958,-0.3292361134516633,-1.2112432074465485,16.66333435354767,-0.49997731885069735,-0.12762819511961593
2023-03-23,-0.8264537476348086,-0.907417014320865,-0.7821485159032274,-0.9147157203562611,-0.011170553950801992,0.0015907108221590552,-0.11110146223898637,-0.9933430970685221,16.629577119611028,-0.3686907826484135,-0.10966623419991278
2023-03-24,-1.4259610473311208,-1.844442479321434,-1.6305577508224245,-1.2793799226704206,-0.33133562740742895,-0.3202115631695878,1.1163964732751963,-0.5244863602814557,16.920594915258274,-0.8511263744088257,-0.6832587467442705
2023-03-27,-0.8260479085698076,-0.3733805669350956,-0.22609018033997821,0.012270500049559322,1.0738206518482298,1.0647220852137234,-0.37915543011724007,-0.5264273793220565,16.7522304000493,-0.36196503101135796,1.5841067232545183
2023-03-28,0.14300878768428524,-0.2096423146153029,0.7124425922506009,0.5289137562332394,0.26382371799244136,0.27385264499378936,-1.1696264954101099,-1.078633852467112,16.196953133452983,-1.3089894078753497,0.5036081960571689
2023-03-29,1.038496769110147,0.32478717709979094,0.6540544715758768,0.6072120842998728,0.05056977611779771,0.06023905143234486,1.1134883887876428,-0.2819241769948397,16.49621018555889,-0.5217324404638509,-0.6022995725987182
2023-03-30,0.801062803760983,0.4133011259603882,0.4951619865263843,0.5777530190585575,-0.0797955611303137,-0.07019383755586983,-0.4492281108495822,-0.4445145595614559,16.311579757366683,-0.37462312597605646,-0.3177210097565696
2023-03-31,0.5499793008735916,0.439807612456164,0.9333897422398566,1.2176271893280204,0.4987511126280381,0.5037872319463569,0.5500720929374052,0.8521626079340044,16.388519732279406,-1.3167203012297877,-0.08092684240895523
2023-04-03,0.5485428693262421,0.9549186895961507,1.001118754193153,0.9253887891176308,-0.21537187393346566,-0.20834727902445582,-0.2669988880717423,0.6990082675750272,16.28152325248859,-0.5510589412908751,-0.2169885684576907
2023-04-04,0.9068285901210802,0.5499356609684177,0.15879451584237825,0.06906059760291122,-0.7832594005237925,-0.7831966360690608,-0.0001879846276808001,0.7177420004308583,16.26478148084978,0.7559596114151057,-0.28108380417108925
2023-04-05,-0.5544643770428616,-0.27584422897254046,0.16153198876906524,0.10189554561538064,0.024229600263122177,0.0299377431157225,-0.5867059176694289,-0.22354975201277966,16.078803839277597,-0.994172307175041,0.5189933681833802
2023-04-06,-0.4375123719953409,-0.29129432636740615,0.29363378378080857,-0.09788390445973535,-0.1968421831328422,-0.19245580471817303,-0.2221454712871986,-0.530299271348615,15.985729407854816,-1.3946504164612137,-0.16543039828529188
2023-04-10,-1.0512764631357217,-0.8421825830531864,-0.6455101308263906,-0.17409609512356491,0.008844497542835441,0.013803493993484319,0.6996637669036526,0.8289515413852587,16.064410129053794,-0.14060320073177995,0.22969451726877654
2023-04-11,0.1509628251717664,0.005304436959771095,0.7774352134838939,0.6121352709787552,0.6304023310877397,0.6308543528059543,0.6937207315092626,1.792041602849011,16.168437087472867,-0.9163145019727542,1.2057855190188342
2023-04-12,0.8175648777075919,1.5120837325281262,1.2117215363278724,0.48541719430755764,-0.1022626294946749,-0.09923944859053284,0.6459999509695371,2.0930315710444747,16.28538825332772,0.5497432882365357,1.0688842026229841
2023-04-13,0.22209817548046829,-0.10492274101830917,-0.38864759137941646,1.0151891462399363,0.47867451354271673,0.4800824180462793,0.5488751340681659,1.841083167610307,16.33724732532298,0.36554412789832125,-1.2809576718981894
2023-04-14,2.581672201488202,2.7483621580607385,2.7199082656741735,2.7843109952469596,2.7461626256191085,2.7387080527957823,2.8239037350820926,2.783440163299782,17.598137630810502,2.136355058725919,2.7876483835150387
2023-04-17,2.335434396271017,1.9655303283639622,2.186786064890059,1.995327936009901,-0.007800234169028041,0.0027671183727072603,-0.966865017609481,0.00995258311349943,16.591250622006392,-0.012931923566179303,-0.09718806658375168
2023-04-18,1.716819215054307,1.6892826587058158,1.7728701917025051,1.6780268323783871,0.07747255497192863,0.09003874348079732,-0.3835102819936902,-0.25336689823851466,16.43728373055881,0.2873409607474186,0.0704031435827077
2023-04-19,1.4507816788451142,1.290444703456818,1.5355612458114627,1.297612419130735,-0.5111306682730838,-0.5177959766853251,-0.561709437548576,-0.6484120760814206,16.03014940074723,-1.261141271964122,-0.4235168730505265
2023-04-20,1.0081384308608277,1.0403909122484865,1.1587317567755975,1.004490334042896,-0.5569712076949805,-0.5653526696896105,-0.03410147767721184,-0.526384807570956,16.175061918561585,-0.6862883860949265,-0.24752587370886375
2023-04-21,0.8029930169659243,0.8108240316269918,0.8061220840059227,0.7873891459258002,-0.5103509465626054,-0.5168547362420229,-0.10215324520836498,-0.45391559036244605,16.28720539822167,0.008895108517845404,-0.495191578962816
2023-04-24,0.7616398207615868,0.6545160786074382,0.8405786132939318,0.6615757565934404,-0.36149502759044594,-0.3624392543388598,-0.598464239572012,-0.7889086264049789,15.83937345202204,-1.1867662832206982,-0.3517278073590255
2023-04-25,0.458728291073233,0.2973883828287357,0.26551230729145936,-0.03487992015778947,-1.1319879769250942,-1.1646985685709528,0.243446470474189,-0.4691625919732168,16.17912499086534,0.06429160128478979,-0.5586706785997564
2023-04-26,-0.16079642747281597,-0.3888202606591872,-0.7043025371002996,-0.8515987188384367,-0.8672588558099527,-0.8859738702695819,0.16159963463685215,-0.131673439485718,16.48385626491004,1.4067310194147928,-0.7753758052906793
2023-04-27,-1.4745028330943868,-1.539520547699686,-0.9450495598857133,-1.0931284145389983,0.2636639957058119,0.28033071589270764,-0.6076443874130977,-0.5214959061727834,16.017291516987708,-0.1046759231646242,-0.4931712368290214
2023-04-28,-1.458435699244106,-1.1423853887204427,-1.019266784068955,-0.49173881602540076,0.7623558743268711,0.76120861269482,0.4731510735262236,0.4963409457333183,16.106205340561104,0.5349710840099053,0.2284541395349183
2023-05-01,1.4354553188976111,1.5742754758767938,1.12458595806913,0.8207305005353036,1.51140385392713,1.4990005182144448,2.176564155781906,2.5886414992174847,16.831819717822096,0.28235507074850225,2.1622980055498755
2023-05-02,0.9139614290364456,0.9945956561682214,0.12944862019553777,-0.1164877723117165,-1.037484748828828,-1.0391491519381806,-0.8534600008373229,0.894399159128233,16.462635329511937,1.582684227826201,-0.39817696692392285
2023-05-03,-0.37418387625912514,-0.7807266077385514,-0.8307166233012077,-1.235084092695812,-1.1480360095612896,-1.1530976052634103,-0.43453138351237264,0.4090197080894326,16.375130431228264,0.4376186412969742,-1.1785185888587677
2023-05-04,-1.5569396086691332,-1.6561135083932172,-1.8064161482754975,-1.5878281554231521,-0.5741720113572222,-0.5713758096133709,0.4466101774193939,0.9602158753209505,16.65395730151201,1.3414929768635337,-0.3312911199140522
2023-05-05,-0.7822888888988084,-0.6072852376766631,-0.2437909310725784,-0.3738480064514784,1.2748875086677105,1.2708509101087466,-0.8952598597667897,-0.2913705541316925,16.23668733734633,-0.7961850646542141,0.3729518918834609
2023-05-08,-0.24765824252236215,-0.44734301375730173,0.10747626533200244,-0.07666478862094489,0.2822332084915144,0.28980397119336865,-0.8930676589019149,-1.1556660950649007,15.82839834929549,-1.4736101818118472,0.44452046053871264
2023-05-09,-0.7441145376367048,-0.7407856750346163,-0.318880084253171,-0.3446042862923059,-0.24943003467545286,-0.24287553107023044,-0.1252474291745618,-1.0686120593222537,15.809339879741172,-1.0513114801439265,0.17488308381857653
2023-05-10,0.08649627727420435,-0.2828682594314332,-0.5103975527321402,-0.3905264406046108,-0.03399859578569476,-0.0272629858366546,0.21629183152082088,-0.7050498140185266,15.911489721232844,0.6389760893380348,-0.3152239489656728
2023-05-11,-1.060288829536769,-0.7457897032685604,-0.45978327690561116,-0.5539196482290175,-0.17529388965344206,-0.1692852756218073,-0.4016696379696313,-0.9162215817124417,15.769573241758644,-0.795946342794257,-0.09742079105015426
2023-05-12,-0.342132961693888,-0.6030893099742337,-1.0278458466027738,-1.2396138195835449,-0.785272783783218,-0.7862618420620116,0.7904152481292974,-0.24867579152532526,16.116734825455158,1.2073244959591367,-1.0941795073159046
2023-05-15,-1.240873029328526,-1.062775076796307,-0.5931932861031882,-0.6182116488827717,1.010822069618781,1.0126463685139366,-0.6451441505157589,-0.43501058346651233,15.848842844873516,-0.9252828938900319,1.4290475173126025
2023-05-16,-0.5859967875738304,-1.0600927714334532,-0.4531580885016902,-1.1802465126538733,-0.28896766677412866,-0.2847070714131471,-0.41376917431514687,-0.5229728830032383,15.683799030569139,-0.5134674184224528,0.4315104421310634
2023-05-17,-0.10451715464103234,1.4604746130072317,0.6430274603709261,1.7782866526167365,2.0184588881112346,2.0071935711564857,2.2099808472249225,1.7695718305449042,16.358017732180265,0.6433748439379962,2.2603052903446263
2023-05-18,1.4802291063779542,1.844428273420726,1.928408423269248,1.8216264553005568,0.268719644254389,0.27535756100685266,-0.36913747414291453,1.5529008651118419,16.2133695573775,-0.45062272567661776,-0.31833515043289984
2023-05-19,1.8328963444901611,1.7727976002062,1.678336649068473,1.3196545551913006,-0.3390678742460984,-0.33670249288861254,0.4048288069360634,1.7650974311975915,16.417511191251922,-0.029913301908402436,-0.16680712139713152
2023-05-22,1.8228619280456742,1.7782431151658686,1.2247018566860721,0.6466039386546877,-0.7175577789482054,-0.7208212959469531,-0.6599789654731522,0.7642019827093758,16.249343275268053,1.5156782210273867,-0.9336505027811782
2023-05-23,0.15879280312824526,0.3722108920594224,0.46645733152548263,-0.10474880188111581,-0.8195784920490806,-0.8245676362808477,-0.6362632373587969,-0.012037785959521827,16.06836965403398,-0.13466189081807747,0.14745213357008688
2023-05-24,-0.704493557907772,-0.8573838541804091,-0.3215228279420217,-0.6724265937424083,-0.6303893801955048,-0.6325270002433799,-0.3993080216779848,-0.4130759273101834,15.964711460636247,-1.3131067320515637,-0.1905643412309127
2023-05-25,-0.9527651722186251,-0.8515749734351331,-0.5796898237671899,-0.48352705767988935,0.198142827543817,0.20539890930318824,-0.20644947518811618,-0.62998852121292,15.952336300492254,-0.8050707537443441,-0.6521996822700165
2023-05-26,-0.3350406927578299,-0.2543434656123221,-0.1520851641788678,0.00833576240787302,0.5702085320971102,0.577447963122463,-0.03442880927427056,-0.5510618545926484,15.964932932936039,-0.36718940211997775,-0.5098950772333642
2023-05-30,-0.1517916667436246,-0.32208696845008805,-0.03818546814139185,0.1834362607941009,0.16810390424333493,0.1747083456978364,-0.49529109711205255,-1.0058982133254977,15.816977179706528,-0.7140164923302177,0.5045091695984291
2023-05-31,-0.258206203378535,-0.8784452868354321,-1.2760168943749113,-1.0601432299720586,-1.0622856933492284,-1.070945603194795,1.7813862507194385,1.0083923628639428,16.470153020289818,0.2126351823323923,-0.773581612579951
2023-06-01,-0.4047722237101512,-0.08862529505148319,-0.49521022953886307,0.2645362113105674,1.543547281349832,1.5374472003062698,-0.509558405394384,0.37616988872741314,16.32088146252994,0.7031230501870804,1.4239814779890998
2023-06-02,1.0483928151417503,1.4419344492847326,1.886129392778806,1.9479153836012597,1.7828368323104096,1.7742547581313115,0.011582613636364354,0.5634398646137518,16.374070391981835,-0.2629054072946251,1.5385084024395161
2023-06-05,1.275812467524236,0.7976338720163275,1.1415253657899007,1.114010821448081,-0.830607241603165,-0.8317527932369461,-0.9728374387690519,-0.8597848105201341,15.95697585985683,-0.39701327900666167,-1.0755056179691465
2023-06-06,0.8346940305844515,0.9792234987830919,1.1155438254708179,1.1083282624364041,0.06919818071251638,0.07444228577830939,0.22518585912633346,-0.25333956981494893,16.048692088006316,-0.3909157154057559,0.12751683051246232
2023-06-07,1.1224478014794368,1.3467644869198943,1.2147835232130055,1.4432194256895237,0.6069850498445677,0.6098002085841818,-0.12019535169332646,-0.24315695366245615,16.04352306319517,0.8445058131183217,1.9734517278322565
2023-06-08,1.3615376058980635,0.9517602221407682,1.243927059689512,1.203201906473147,-0.3600006954181238,-0.3558440023301326,-0.6740640328312142,-1.0624001058275403,15.812670564749494,-1.5621797428143722,-0.7923387212361697
2023-06-09,1.0326409131666425,1.1955232194355625,1.3060930493007084,1.126175040029831,-0.18842987100401276,-0.18391666976262894,-0.11745776231181033,-0.9799877291745963,15.796388019142222,-1.0800053490767105,0.06674078262401019
2023-06-12,1.1930323263164528,0.7631962860872061,0.8872981603882689,0.9200725427398482,-0.3014205191738379,-0.29755544249677285,0.059566547203754455,-0.7171446889389363,15.843211468374228,-0.9695555592744578,-1.2582800347948504
2023-06-13,0.6937546558806302,1.3358422262418355,0.8823688584408456,1.190906852438927,0.3848287237271484,0.38872001439202364,-0.0855805073317472,-0.7088592701259465,15.856938787289035,1.173977373297711,0.1149534988246623
2023-06-14,1.7931686341157895,1.6236163082886839,1.107586708842123,0.8747574559641258,-0.8901476155182432,-0.8910944550151558,1.355387678124385,0.46793416990611014,16.02033959242981,1.3233733611348504,-0.60223752455929
2023-06-15,0.16070083150489473,1.3732506926086128,0.6332414807425951,1.8726246969118978,0.8471778422221221,0.8493770045156462,0.2994549949045371,1.013169039574018,16.050148767948922,1.806143483228018,-0.010505922778855972
2023-06-16,1.6770763976252132,1.4164258724420276,2.1063867243591794,1.5177672899569699,-0.12730132023232707,-0.12445259255135155,2.0757682440704244,2.5506347983799675,16.441055649947184,-1.0106303505359233,0.8690566047336952
2023-06-20,1.0973136527691194,0.5907325932023161,0.7995182715280983,0.8322681987367119,-1.3997704367493435,-1.4039101425889586,-1.8193837660674943,-0.018849462526027348,15.947141361283101,-0.2711823668701037,-0.023619911192476056
2023-06-21,1.1167031117541018,1.180167653901746,1.1579611435547903,0.5242814300261364,-0.6509251056793747,-0.6504165325420791,0.635698285172842,0.5773332926285293,16.110718607359708,0.19132270241388044,0.557706531616851
2023-06-22,0.5223556495757152,-0.13528212339228507,-1.4126198926946905,-1.8395816922578887,-2.278740632897619,-2.2882114167872225,-0.07741967757787337,0.5221831543482867,16.125587615970222,1.659235801916083,-2.4063885589611798
2023-06-23,-1.9481373876461805,-2.2928262009346336,-1.9312082543242446,-1.8426313958313958,-0.47637603043269505,-0.4723026995155412,-0.3164005233216189,0.2076749586817206,16.10880270498036,-0.8857664716227313,0.6078229632053721
2023-06-26,-1.4548752731862231,-1.4208848782343209,-1.457035775044089,-1.3221166997300664,0.4507988184011933,0.45243445191005405,-0.8344785113383053,-0.6334257786546271,15.947271860784364,-0.03623288426693976,1.0189111313134793
2023-06-27,-1.1510026245327036,-1.3073514572922822,-0.8130598285950589,-1.112010662561349,0.16070742755662687,0.1638720791950065,-0.27944070221796774,-0.8544941680489931,15.914019285000524,-1.296820040624115,-1.0267045083493038
2023-06-28,-0.9445680997987754,-1.2996088048288164,-0.9706260189821838,-1.170024512847072,-0.2548827159049255,-0.2511358604612344,-0.4150809661922719,-1.1491893891016465,15.83819667812126,-1.0958180076677668,-0.1580835891206813
2023-06-29,-0.34885863208900325,0.8188413751788564,0.15214070979166605,1.1740819432475063,2.3806571040017426,2.366361975381459,2.357245516711563,1.6860512150797418,16.551383492104783,1.4614876899955576,2.1606391926929405
2023-06-30,1.5816218977438945,1.607445534337307,1.7178655517023085,1.7278748433189224,0.8599042953779747,0.8674359146185414,-0.44038665668851956,0.8240803135389397,16.46935100541673,0.10207554728899144,0.043826374003266756
2023-07-03,1.7751605082195387,1.718688285073267,2.031510351921719,1.7234755090906844,0.39066585085223215,0.39850312963269363,-1.0840816420659238,-1.0182346178840846,15.897648585855254,-0.8569707071724445,0.402037079037547
2023-07-05,1.3783947580723002,1.1374738281003276,1.4299227679830897,1.176145107626823,-0.613370459777176,-0.6135453178796235,0.15069234227508904,-0.6233019532171317,16.005475626491897,-1.0954445773774004,-0.40410523407956367
2023-07-06,0.6893228843435698,0.47400582057010016,0.4928529631668496,0.6488855774338355,-0.7528047402328482,-0.7555248456817947,0.10412817034212991,-0.2405502482104836,16.08861544862772,-0.13330775951026713,-0.16621247346924733
2023-07-07,0.8548705969922562,1.0399783076211402,0.8028684265055415,0.8162505997880922,0.28543512556186484,0.292995905613956,-0.2961631945301278,-0.41339611781329794,16.010232116471954,0.9784602677173113,0.614857645542151
2023-07-10,0.8528701907427857,0.8961009601766147,1.0316040425528377,0.8767726273149572,0.03163766871651626,0.03755792024207702,-0.07154864176358618,-0.2736931560019864,16.023796070326586,-0.6099608788307873,-0.05091246658242292
2023-07-11,1.1897608043926762,1.201152800901032,1.1652704265792848,1.3113274307239724,0.6933965567210068,0.6995115538978856,0.41565738762642873,0.4087882423528988,16.237264481512803,0.12803833389757743,0.4261300989841799
2023-07-12,1.3057592308162753,1.5231108172892718,1.3021296147744825,1.3223826536199639,-0.15910326471349298,-0.15417755214156625,-0.20653133263990725,0.20558691164956372,16.24236436461791,0.8047174543887505,-0.6986564507754338
2023-07-13,1.5272901568764141,1.3628756886853242,1.4077680616313148,1.6347195807894173,-0.2487000616628247,-0.24454584115378972,-0.2593868505869236,-0.08982816357853796,16.234535651813744,-0.6869243456190471,-0.8151742074665124
2023-07-14,2.123657777415389,2.0243481209764433,1.5081102182021793,1.623077473750232,0.12487032144729017,0.1280476955923588,2.651070587357721,2.658162528528744,17.11177699835498,2.242867567207254,0.7993647058111081
2023-07-17,1.3187065162842662,1.6901356846677595,1.7242439838969903,2.049937549998311,1.8637052120792437,1.8520442224754758,-0.9125005403333568,0.6270816902280085,16.664041341708582,0.9505241334191462,2.0035169147772525
2023-07-18,1.7039860673369949,1.4413168063340205,1.8207639931441433,1.583518294138752,-0.3709119009631103,-0.36765410921189384,-0.7022202784570726,-0.27007108573649324,16.417585313637353,-0.7994568997754978,-1.0131362553730259
2023-07-19,1.2145905288827574,1.3080724038236746,1.295781501533469,1.3668841006675125,-0.3005444481886975,-0.2973383632521672,-0.35827351269755536,-0.5400970921675571,16.342038962379142,0.386096821603167,-0.2951609922827195
2023-07-20,1.3817491364191081,1.3877113681904762,1.5386932030878862,1.4907765945359683,0.5312262554538679,0.5354544661333892,-0.5607289521784934,-0.9301761939073443,16.111665119337644,-0.4834378623780552,1.4630060144717707
2023-07-21,1.4147391809287784,1.0660018121022459,1.3473225743629555,1.0075832985470747,-1.7334462790156377,-1.7451901158210945,-0.033243288964281664,-0.7884579097008234,16.17948242931848,-1.0048321704247518,-1.2334463769225812
2023-07-24,1.0323464147408665,1.5100406525561512,1.1464753680494155,1.5165588558570344,1.184389505105638,1.1825462845290777,0.46535784072159436,-0.26418350029965193,16.481446332493395,1.1979779279772786,0.9913974291288565
2023-07-25,1.4604750394116637,1.0428769365369932,1.2679770440320712,1.0018860910123213,-1.3367788963081697,-1.3433575963308597,-0.7280417045651669,-0.8601053246897991,16.112550404458762,-0.8393314859693414,-1.1973176891108985
2023-07-26,1.1098373673672624,1.0298275639093752,1.1578584217053869,1.0927007040359085,-0.03489497241857275,-0.030365214823771587,-0.3389102827411031,-0.8860331855844227,15.982115662969479,-0.5563242763346086,0.16900474656597428
2023-07-27,1.31155721885478,1.1817610631496072,0.7799506779397318,0.38335817800165006,-1.3561753247988664,-1.36342652282922,0.30302060027959765,-0.5012299605225398,16.19305478220192,0.42198271911615554,-0.772429852783634
2023-07-28,0.9208165853170224,0.4845585949054034,1.0583319013460917,0.6762630454100184,0.08381260221368433,0.08909148373728497,-0.33136887881489097,-0.5079664425929378,16.024202576585623,-1.2543073848934105,-0.6223576038686978
2023-07-31,0.7939822349183409,1.2683386993496588,1.3424671913399455,1.107966343993466,0.3886357478211856,0.3922746809607728,0.10362119045145232,-0.10914124586428742,16.0007413858667,-0.06919585111510743,0.3723527988230631
2023-08-01,0.7714640649601244,0.270472415622914,0.5624481592183105,0.45820092475157814,-0.735358226523343,-0.7342847513163598,-0.8714406284817171,-1.045630767012909,15.740328537192152,-0.5019200108037186,-0.4199370714065613
2023-08-02,-0.7796890003180555,-1.649428950167674,-1.5305487364133095,-1.2349118497732923,-1.12999842949975,-1.1341584468150194,1.0157631532688944,0.5873451056954132,15.931693901487844,-0.4566846544697442,0.060285666786513786
2023-08-03,-1.4092072898835386,-0.6805736844313965,-1.1221836178644884,-0.36496523065808495,0.5852320951574581,0.5893693994707365,-1.0511982601933174,-1.0994743043818143,15.621173096726856,0.43780440006479376,0.954572208919008
2023-08-04,-0.15427090071824903,-0.08882072781579915,0.07465321164213488,-0.9173794622395339,-0.2895462492571401,-0.2860769975260416,0.2127769452724326,-0.6053229462941884,15.641123961067635,-0.20282035845344035,0.15716841925483466
2023-08-07,-0.1405781525866357,-0.08409730840333726,0.7931492685169287,0.05259663129026522,0.7372921350724143,0.7377695223176207,1.0705102862847657,1.5194885168061565,15.796760409774363,-1.3900928766387965,-0.7150650853644169
2023-08-08,-1.866862428384403,-1.4159192838233428,-2.0339434395993004,-0.8863398720685008,-0.6896415753364199,-0.6871900783636179,0.9776097410474843,2.15024542784637,15.969990112390258,1.689865862454152,-0.4725183482607275
2023-08-09,-0.8233253362423644,-1.4008899766901612,-1.1370442736543103,-2.1553152321396998,-1.3759329517008378,-1.379550552198379,-1.2552886151215683,-0.007992985865749737,15.652530317888653,-0.09505426224218316,-1.2112268629117056
2023-08-10,-1.3206728008163313,-1.1894248424175404,-1.1287774323284376,-1.7132836807514704,0.009308311134089125,0.012601722621039178,-0.025095823385241328,0.09313048613350584,15.606453193674646,0.4662705848014979,-0.3520913204599756
2023-08-11,-1.7822132762461118,-1.444596870676961,-1.1378641797686584,-0.8879697222071069,1.0016503304610787,1.0001803995991503,-0.5246954098587023,-0.46264448756395665,15.45992963241836,-0.35684697945775085,1.1674218771655362
2023-08-14,-1.1239095770586158,-1.0523693841874942,-0.8143642172879095,-0.5215031515890884,0.5930759407713269,0.5942872592445779,0.06891797972547589,-0.22860971785741657,15.433769649147695,-0.15171442567237117,-0.7723638669900021
2023-08-15,-1.4214855981330774,-1.7757305871496045,-1.8793023223325571,-2.252218677236337,-2.1080470379529457,-2.1169709044004925,2.525447934272439,2.5106448843046105,16.147683676073843,1.3073530216081406,-1.9357791188995963
2023-08-16,-2.0102740735289486,-2.089692216363093,-1.6115941029976515,-1.8066218648363297,-0.08984442434268847,-0.08493886346956818,-0.9040333828600224,0.5394717167623796,15.758301705129139,-1.2138977384574576,0.6328271410013825
2023-08-17,-1.4240489174364144,-1.484082240025506,-1.6210631929262371,-1.7798897255447923,-0.5698110275435956,-0.5646405906903448,0.8099668969591781,1.522514719445513,16.113475092600726,0.9749053816971595,-0.10430233394357122
2023-08-18,-2.0224248687114814,-1.6989593154109883,-1.5573660155987576,-1.3114790710803603,0.7081280627785455,0.7069059188904252,-0.5740770137255571,0.5202528106281741,15.95756310024446,-0.11703876307857329,0.7985517694294404
2023-08-21,-1.0569934760109965,-1.233833614874519,-1.2023305344323396,-0.9518154280943459,0.8507115233754936,0.8476772223910802,-0.22521042518342907,0.2788628656987894,15.93501392530922,-0.2888139919116781,-0.2443583759797499
2023-08-22,-0.9921796382730954,-1.1607053039402075,-1.5827057599656598,-1.6431490816621306,-1.3416702225887427,-1.3422431659921,0.23858334035990275,0.7935584484713838,16.085779152766218,2.0988443023882266,-1.877362361743961
2023-08-23,-1.6871332799107364,-1.5481947369126297,-1.382420773086702,-1.0571718983909768,0.9779397283814203,0.9728118552516253,-0.6620903043326494,-0.2594720601501005,15.877042806359379,-0.22695503915202586,-0.10256898805317805
2023-08-24,-1.0478205860510241,-0.7107797400131861,-0.6851443865578789,-0.9073798811964375,0.28452252399705896,0.2877114324168375,-0.5722713691763502,-0.9612675734340981,15.692530024188748,0.12267984808135364,1.6048354764968191
2023-08-25,-0.9360028982390144,-0.8716228201875184,-0.9562404500290945,-0.8267112204254387,0.3372125891467588,0.3398111074026242,-0.13499016988793563,-1.0317156061687687,15.71694636627179,0.5125853938434292,-0.5048517345480897
2023-08-28,-0.6805610365752669,-0.7962354270009663,-0.23308867905577937,-0.547051312998731,0.7532688528996925,0.7514191107155054,-0.7235729458949146,-1.6610968218617985,15.443593761572725,-1.1997108349877308,0.07836930173812659
2023-08-29,-0.4781414798793082,-0.5406415540330994,-0.01547802771267548,0.49099804688136806,1.0896038634801577,1.0832142366920061,1.1207667761903746,-0.7675686977522683,15.661916186109018,-0.7764370906080525,-0.45874381397271224
2023-08-30,0.27749610410045583,-0.1248882715696842,0.2493008333468068,0.2029954588436846,-0.31150909273319943,-0.30650895094205716,-0.08427414955800569,-0.6649474160396991,15.652450668993684,-0.5384312021449085,-0.5157539229680996
2023-08-31,0.28064071275057884,-0.8665877809300415,-0.8749951902698903,-1.2952530983715242,-1.211602854318697,-1.208496893128213,2.409453305262206,1.8011336660139798,16.207378704070134,0.1906070106289711,-0.7552465555394701
2023-09-01,-1.5137638346391071,-1.006635251615677,-0.9630802348353279,-0.681870042909878,0.5297140409568919,0.5300142766295947,-1.0024305355592618,0.2533257788431012,15.882639231446074,0.1298925896391885,0.7856076548268892
2023-09-05,-0.4350208233118563,-0.6989973644686405,-1.5047410855327488,-1.8880157080763114,-0.8799331486592487,-0.876802938087652,-0.11364217570127884,0.28387698047505794,15.876622764020572,1.1437321582659061,-0.2200983594183941
2023-09-06,-2.1185833120713378,-2.4886351505555036,-1.848971706175179,-1.6635874212778718,-0.10219971381654565,-0.09900660289613818,0.25469031419100885,0.8810220840548205,15.970662474764177,-1.2835092851034282,1.1212741229120577
2023-09-07,-1.8758082077336167,-1.9121537633971855,-1.8274567953778245,-1.8420238448695891,-0.9143949690469186,-0.9139327693238769,-0.23096066927982128,0.6270924915383973,15.940606519167849,-0.42604252139502063,-0.34437574776187135
2023-09-08,-1.7064738853920653,-1.8773348704764405,-1.7164759404935606,-1.374178986876641,0.4593050269457887,0.46139318880727465,-0.6556004572328554,-0.20007639598992719,15.776717540191198,-0.9348809253686076,0.7074063827068947
2023-09-11,-0.7902417602446973,-1.096627611817599,-0.8938850579487718,-0.8396349645348335,0.8723426958449202,0.8720078333165656,-0.2373111294147874,-0.39932645797753075,15.74037230692775,-0.9383603345455577,0.26403504035296066
2023-09-12,-0.7564773586852065,0.17909244996302293,-0.5346954889745121,0.27838660456380254,1.6553960264645369,1.6483234594807958,0.5017929822684797,0.13385452568331307,15.939351806512244,1.7046343803084234,2.357421383144989
2023-09-13,0.7811978804561652,0.47627195845022435,0.7555466898915429,0.5517614055023932,0.26302760479163473,0.26648300667061775,-0.21511214625440545,-0.16290462204041675,15.934881816202758,-0.3716789167296769,0.016237443561986534
2023-09-14,1.1651228219064085,1.5962365614503498,1.8537745470390912,2.1146194594393752,1.8405101251510754,1.8315663948499965,0.4647243647174364,0.6387368342241745,16.12157967469306,0.25472091148796444,1.1411527561241495
2023-09-15,1.6424221078420478,1.314947727736677,1.7996331889624624,1.468802792650032,-0.5100673903574704,-0.5083627301902214,2.558734995153513,2.7556986866206246,16.802408977672627,-0.9402602599337773,0.7769320556307955
2023-09-18,1.0429159703770998,0.929016829041508,1.250703690216781,1.3464979092806701,0.05367974053867652,0.057904597068963524,-1.7969869760931734,-1.1196939953454577,15.689218763392706,-0.8089036786370437,-0.19939399666784485
2023-09-19,1.413720078892924,1.0670475398045993,0.8356211351934152,1.0267823962524605,-0.47459343217996447,-0.4735432018289602,0.33483157017289866,-0.6451950716636907,15.887852079044471,0.9079096160697462,-0.3904727517097449
2023-09-20,1.1845613340599517,1.059282379227218,1.037368653447627,0.6102620716180871,-0.7894569278193245,-0.791134012457015,-0.3446446642064268,-0.6766045948839515,15.807759024330158,0.17690748174119758,0.19777988567053198
2023-09-21,0.1901628867556716,0.31624276124914785,0.2227240346125007,-0.06045271891723769,-1.2474228848171227,-1.254822857530739,0.0494854356828753,-0.4061536279729671,15.901480865793381,0.3372926045026266,0.5180689172871736
2023-09-22,-0.14964169140346809,-0.6236122334360531,-0.7428318736843214,-1.0293508365809196,-1.2118861321290884,-1.218696148785221,-0.4950920634392014,-0.6234600599014211,15.771611602994053,0.41238915784313396,-1.5446493457128905
2023-09-25,-1.3643264752750968,-1.6486901214070155,-1.6370907233317393,-0.8776835637776903,0.3908964849935895,0.39557620631876783,-0.2151179445635379,-0.593079287878979,15.76778626096642,1.0580121445462523,-0.5254536141771405
2023-09-26,-1.8455472553690209,-1.7448369424723047,-1.3528396256879067,-1.639142610777114,-1.0823098691057196,-1.0888270414093233,-0.019461457649450186,-0.4011147108832222,15.826191477970797,-0.8849121201948635,0.1856438190910426
2023-09-27,-1.2246010124652087,-1.3293058160796407,-1.0361998459116855,-1.0193175192676318,0.6965906455700038,0.7012306173843944,-0.38893413812810235,-0.49651621986339445,15.720271426804354,-0.860222813200038,0.3116817142566611
2023-09-28,-0.5291522398364972,0.37922876870092476,-0.09321012598227148,0.20689434827505554,1.822874203842681,1.8163065916438692,0.6031176090880909,0.1515790641075756,15.997971238918254,1.3737950082751897,0.6186889739860041
2023-09-29,0.7636471524374093,0.3880070628340146,-0.6189113318141859,-1.207741628815835,-1.6444130807263098,-1.6528209405671854,1.1568379989463966,2.645286631666081,16.293367500187635,2.1020739822718717,-2.232866504072479
2023-10-02,-1.0724339805352843,-1.2819466054759858,-1.5881191872864422,-1.595839418381878,-0.5523255130691629,-0.5504346435837145,-1.4464142696372047,0.8038724488849207,16.031513381888715,0.7863327102963521,-1.1406862898391608
2023-10-03,-1.5304514782976408,-1.7897078553535268,-1.3920885904844509,-1.7610505412087443,-0.3464581851345422,-0.34370726085794456,-0.01784266895222608,0.716030765312691,16.059523402831417,-1.3780130022875245,0.7111610894496934
2023-10-04,-1.3342984425772857,-1.514835865715182,-1.45498691720933,-1.1763037812786046,0.8238499636010628,0.8259249545985893,-0.8611757495070573,-0.0504404886399025,15.910911690160248,-0.8906432312201281,-0.43272549305617086
2023-10-05,-1.133945093218207,-0.9682035001958813,-1.2698521603154485,-0.6457101234621205,0.659855571607112,0.6618996762357856,0.17895808261257065,0.09939608078387555,15.964501599518066,0.005806730335020461,0.7913010665116128
2023-10-06,-0.5097683570150424,0.5074896396162188,-0.24637447742463017,0.7777478175650349,1.408669630909458,1.4012002759906346,0.7637685745033097,0.6284068183364869,16.144679254984673,1.3921378478879507,0.4100240630298039
2023-10-09,-0.027414229304827963,0.25693886252278975,0.6684159531394585,0.623506876462242,-0.18022975216284967,-0.17558978100585104,-1.5378422674863554,-1.078912958323049,15.756393951168247,-0.4876956896053845,-1.046812010177456
2023-10-10,0.8686333116144831,0.8363189786786037,1.5259636955572884,1.0253173999288776,0.4745549021900561,0.47697625049222603,1.8521202649230322,0.7457847104418166,16.239321730309058,-0.9114372107655184,0.20554391616252898
2023-10-11,1.2232887385024964,0.907157283146481,1.1718637990396485,1.1561115689095314,0.23930040234107228,0.2430866175101395,-0.9651450546494327,-0.8140032801312873,15.978626780633352,-0.24417692794646625,0.06789260381620729
2023-10-12,1.0095390556418642,0.8550520095904025,1.2062916225473888,1.0565566429253344,-0.20472285886662653,-0.20058108527947016,0.5143409297466336,0.02533486939861907,16.165399091453985,-0.5388757371823201,0.7808610430550788
2023-10-13,1.8650800501367573,2.327821981757869,1.8849205506093147,1.7217106047031523,1.4839844953608927,1.479908718449293,2.5537107673641457,2.7529245337896944,17.19742321219696,2.212857022885064,2.172903169550939
2023-10-16,1.6605218325182463,0.9745164211369652,1.1381750157617267,1.3039810934713152,-0.6215333520306278,-0.6204988218831539,-1.1081718800713753,-0.22432769853514223,16.354234476734447,0.2726792715901245,-1.4941505106075494
2023-10-17,0.7957244134299013,0.7436155522805596,0.9559360805929241,0.9896635168166323,-0.9389782757690184,-0.9410995164613172,-0.3694953418633218,-0.42118224592835346,16.256352199927637,-0.06176009933432597,-0.3199292570052053
2023-10-18,0.28845025969624005,0.0014728097314095651,0.23490698672332247,-0.03656095354730992,-1.653590831662733,-1.662835728809719,-0.46836026512578977,-0.7006018731461707,16.079386111133687,-0.46218469717023813,0.12766482780265417
2023-10-19,-0.37754457320092294,-0.37658238626070506,-0.23604786915072462,-0.7818015184825902,-0.7058218126991028,-0.7055366240699681,-0.004327410203980833,-0.47240921996881574,16.2263759897807,-0.40796580369620183,0.35663786498727795
2023-10-20,-1.0440392330276325,-1.1366008352747643,-1.9133154615658623,-1.978070627542225,-1.7009755011682741,-1.710827861244017,0.05280603443407715,-0.16501454381377714,16.405677793417265,0.5404965159205438,-0.4660354045034598
2023-10-23,-1.7931978978035985,-1.5271140938257393,-1.9949384673792943,-2.104302821667859,-1.1699893172151752,-1.1735881832518547,-0.6186135529026152,-0.6811072740506615,16.131347555317625,0.39698238615232856,-1.338051910556874
2023-10-24,-1.8913702287803753,-1.6905539358800803,-1.6030202624235812,-1.5347780382598135,0.4731900299737006,0.47699879533268874,-0.3377075657677628,-0.717089302465506,15.999469872794203,-1.1669900891079314,-0.5963490757993464
2023-10-25,-1.585160774106051,-1.4425402457982648,-1.4741227906838235,-1.410555661948382,-0.16888025516982363,-0.16551373514647946,-0.28529123018453156,-0.7337683458487207,15.924826507416794,-0.7881082013627585,0.8707688854222069
2023-10-26,-1.4263518509887716,-1.0805135271476705,-1.200454017603024,-1.0512420312513786,0.6704385016782193,0.6738859041556703,0.007116967879422708,-0.5230141682258146,16.024817515153423,-0.286327735077345,1.2131864466637126
2023-10-27,-1.3303320486189838,-1.4988038887010058,-1.8331446673724037,-1.8844331413466928,-2.3879445867653057,-2.3974665912272903,2.333782532211997,2.3558936540751074,16.673973088532733,2.102943949171364,-2.148084930411262
2023-10-30,-1.6477944225516696,-1.4435790009554181,-1.3039450388960752,-1.1840915303900137,1.5127619082597101,1.496078553477883,-1.2554999525433934,-0.030989952796184755,16.103540334415303,-0.4204623842043831,0.25084442477425606
2023-10-31,-1.0932632203117103,-0.9629401758806545,-0.7785947017178614,-0.5973654682826313,1.2244534010353034,1.2146592562622347,-0.13968921289406566,-0.010037983428384085,16.08479746894269,-0.6568529637128026,0.5554651400698913
2023-11-01,-0.49340733304697326,-0.425643474474397,-0.33191091594619804,-0.4892354189443119,0.27189738020202325,0.276255813844526,-0.19774053804728853,-0.12023239709099283,16.059618827221392,-0.30909719944126374,-0.6371039709339605
2023-11-02,-0.024015497359526294,0.14113660592303964,0.1762054806829992,0.7217328213147458,1.2672721935753244,1.2545014668705614,0.11713629965866183,0.16898303024894576,16.13654451919881,-0.10626410604866213,0.1989029592224406
2023-11-03,1.1608959371441532,1.4519203411351274,1.4504892660695403,1.4548547127005031,0.6940267422410034,0.691212252592099,-0.21584404891809766,0.11436785365033635,16.07028061619563,-0.4505749644905274,0.3713845958444457
2023-11-06,1.6147919217156066,1.5773107921178116,1.5821558127707194,1.5491448665499803,0.3467182201913401,0.34846784947673215,-0.6172814823216043,-0.5364772063027629,15.846956126271662,-0.9303242575728359,0.5506667346740413
2023-11-07,1.4662361436726583,1.3227108751184438,1.3412804811106376,1.2716066785312061,-0.16944597282715237,-0.1607671714121895,-0.5245214372390966,-0.9500438396027971,15.655726961243598,-0.890534315073215,-0.183717140139667
2023-11-08,1.3794673548338199,1.270862803803114,1.3195859789729083,1.2357052914775704,0.1191056956519516,0.12415216643717734,0.47764794427168755,-0.4759478734709555,15.846050810550532,-1.058797630813405,0.4360936974738893
2023-11-09,1.4473398112186378,1.2836754700908557,1.1085598581138316,0.9282083530184658,-0.3663556327507207,-0.35588093389057285,0.0435673098233859,-0.3301271246350025,15.894014285033423,-0.12845768190232085,0.6608306265024201
2023-11-10,1.0400635344208693,1.2749773894564016,1.0473720390321952,1.3743941272550144,0.9896610793942934,0.9886216932587131,0.3195911412432652,0.762029522040525,15.892862543040502,1.290016424869383,-0.2708225270314052
2023-11-13,1.1222608531001612,1.0464460122871297,1.2374817213370817,1.0054570540748708,-1.3142008882930565,-1.3178389647344046,-1.0454241761093053,-0.4074294011355276,15.71407464962585,-1.511741873022626,-0.7035970783753457
2023-11-14,1.3111258398654384,1.8317990158984487,1.4961972752731383,1.6423123937588262,1.3479576973435,1.344712350277458,2.2505683136683374,2.1890492081814132,16.110839488571802,1.5093889969343648,-0.07834979822469951
2023-11-15,1.7002729659216005,1.7534569138098823,1.8305993530407318,1.8266752387374068,0.14689689646454607,0.150413707748732,-0.7627461244525628,0.8580770869822067,15.939602875019277,-0.30486307932759926,1.477505469267554
2023-11-16,1.9062715036131017,1.7874173156271023,1.940863449427148,1.8751555733777976,0.5952028995118316,0.5968474686139588,-0.11356835618313213,0.7782292899628439,15.910604090641073,-0.6472986562039301,1.6515705943181276
2023-11-17,1.9457862630735288,1.6834769516753856,1.7969228094960494,1.7393066880936958,0.31480998369010843,0.31764084120111874,-0.17303045737587472,0.6109275888896648,15.871222900946503,-0.7412093716192849,0.9389089265540767
2023-11-20,1.4844761204797805,1.5167216267740993,1.4806859957684662,1.458583452037811,-0.4185299328835596,-0.41587390755434395,-0.5353751573191112,-0.06674772996300221,15.764131458182986,0.10157634528928058,-1.2085958142549702
2023-11-21,1.4503543841817177,1.2139789058950945,1.3374759359736077,1.1218940276390656,-1.0558036009381622,-1.0567975825780467,-0.0884217405730753,-0.29892442179842776,15.77327883497468,-1.1232472933864348,-0.49951389396569545
2023-11-22,1.2371195520633618,1.0737931960800584,1.1681873107350649,1.0117384663158848,-0.4436129657749902,-0.4410911945845593,-1.2199660228075968,-1.7648306330699977,15.459253467345732,-1.1436014685242728,-0.6946947404193032
2023-11-24,1.0590819210730518,1.0492001014850907,1.0694159136387387,0.9242993340143362,-0.661581286316019,-0.6602119182804379,-1.1939412350742988,-2.051886740146513,15.067387705664794,-0.7118156587137423,-0.13599743031494083
2023-11-27,0.8552096439305533,0.6080732640037056,0.7632337491899386,0.6576732283569688,-0.9533938678847003,-0.9551416930490711,2.202455353236773,0.030323051474270925,15.649547122539703,-1.0464528494289596,-0.36319015925826803
2023-11-28,0.6546397751422264,0.6667058661346525,0.6486688159932734,0.7323175301858692,-0.4508135679199401,-0.4495027555103372,0.028840489788955682,0.20359637152734386,15.699955705397226,-0.489481918637703,-0.14694876092835849
2023-11-29,0.9953775262839482,1.5094325837128328,1.208325153048817,1.1515600849559644,0.25363967719523955,0.25569983177818834,1.074159932171813,1.8537918032405636,16.02664910768854,0.8769804741814776,0.7012628095285762
2023-11-30,1.4210653883383257,1.697654821780651,1.439436925783887,2.235823208779607,1.443964806271049,1.4420527125150298,0.07996672934819539,1.6687252393266725,16.10499024909901,1.2264045252538784,1.0155871498768112
2023-12-01,1.952033555359501,2.1655609412933017,2.094734877426291,2.073482869732473,0.31260043062503845,0.3145922313852981,-0.4467122429613465,0.9626684177047377,16.003021555308518,1.5698840016883564,-0.6317150561381114
2023-12-04,1.6302629363699768,1.699493209525597,1.6490408840632125,1.9420000468927263,0.966860525020316,0.9675608815892452,0.05382066989840669,1.0082137718513258,16.07805470550648,1.451713296584816,2.071022619752658
2023-12-05,1.9262604215821841,1.4897799808508743,1.7912102715137317,1.471788301026685,-0.736335068838659,-0.7363842527803257,-0.35614696777377297,0.567826908617202,16.027689536544184,0.16958967903347444,-0.4573580298598717
2023-12-06,1.9895352375627986,1.4412972066523981,0.9665034601599605,0.5150927008875825,-2.147158425708381,-2.1540837609401096,-0.13060856232700654,0.4479831828394978,16.052596775494784,2.223208361677049,-1.55801251742896
2023-12-07,0.6957485330261541,0.42126137291066373,0.8692405862089028,0.6112794544799883,0.13881688832382613,0.14113862686928402,-0.6896392511263718,-0.3416025218338993,15.911182299491697,-0.7463202760751342,-1.1228864972155737
2023-12-08,0.8197524219590335,0.9378119432361214,1.134452817846902,1.2512330144893122,1.2000437603378458,1.195643171360836,-0.7009149510386992,-1.38753722095279,15.812412663152184,0.08304910560038718,0.7832890352175925
2023-12-11,1.23947647333055,1.0432699246640396,1.5259511140814204,1.3218511931729262,-0.02428534076046571,-0.02141966818873413,0.427276628000486,-1.1044710120066248,15.906621373060714,-1.0015989758236221,-0.41492704124367535
2023-12-12,1.4017959493993597,1.662460250878231,1.6963392212779829,1.7554081577170475,0.6962509903082551,0.6949774364943452,1.246329520566349,-0.16419077654777067,16.14015073955779,-0.13734894755909963,0.2969453680872378
2023-12-13,1.7255266403053404,1.9418274957421706,1.7712990772616681,1.7174819581968372,-0.14668078908855803,-0.14336734329417608,1.2928459043532494,0.927038748314255,16.33152020545958,0.5511889974506929,-1.5755604731403507
2023-12-14,1.851966757953887,2.263910386485113,2.0653966226101597,2.1454429309598697,1.7613835880736692,1.750970842984767,0.4582029307596816,1.3596137645031636,16.42873720084267,1.4576728338990044,1.673161143113421
2023-12-15,1.8087956764809645,1.749312899040439,1.7376353323294325,1.848983702037629,0.3063195383432822,0.3088324716996021,2.099152117856403,2.2556127506131687,16.826422091425137,0.9478274950127329,0.6036054767682667
2023-12-18,2.0374469690838604,1.7326807477399906,2.027494247558562,1.6092920691424915,0.12373434458178949,0.12685659517996967,-2.161999969397111,-1.230446195172059,15.95199395808063,-0.760763674549916,0.011529239423166852
2023-12-19,1.5592545741184813,1.5910493342248042,1.5144172720829077,1.642835682413659,0.8967850004079093,0.8946434022840152,0.5583713712189795,-0.6129052795514172,16.15208162906999,0.8065046892575586,0.6823199811051319
2023-12-20,1.5926390132853345,1.4181827929955768,1.402143534964302,0.986199118263773,-2.2462161446570774,-2.255390560034305,-0.08220910755950653,-0.4634261418737279,16.188992136089237,0.9654113664671514,0.036548874839404055
2023-12-21,1.079589340371528,0.9328498752299051,1.000779430617464,1.0408144308675624,-0.12233018918121775,-0.1184585758028561,-1.106362319622336,-1.138509674703038,15.843882596003017,0.12667585166567552,-1.082836066930912
2023-12-22,1.0569685077304958,0.8070531083594088,1.20690344124855,0.8487937039024256,-0.7681860168158365,-0.7653030345778637,-0.5740801258745193,-1.2206680937572378,15.698770078880523,-1.5494870917662804,-0.623902855631154
2023-12-26,0.8817318051550169,0.8244963877010149,1.0114522985430026,1.002430921065276,0.024643460033001184,0.028118208331395226,-0.8986351235046737,-1.3434536437859799,15.359577816467658,-0.9176739758246379,-0.10650491309228217
2023-12-27,0.8657282787686347,0.9564912190281835,0.9942414241032569,1.2042397423831173,0.07306160052966638,0.07638812924796448,1.0734042932845964,-0.7601327985937528,15.6762674986687,-0.5340726562350722,0.29181495601134577
2023-12-28,1.28394318343318,1.432342770732574,1.39433119187143,1.5460812935744253,-0.03957381067572064,-0.03599323504748326,-0.02340202247505013,-0.5567244220244092,15.659245747008004,-0.7336892411723634,0.16869196494470676
2023-12-29,1.4450947570723518,1.2770343317064339,1.4734174300025453,1.273999882825235,-0.7315672435947744,-0.7279971057336645,0.10869386104983653,-0.2675960354417764,15.67676515030759,-1.229039615875478,-0.24363046155922272
2024-01-02,0.9436306694882518,1.9028069560716774,1.0852297617300057,1.8714114253941143,1.0750079462237403,1.0709209042090715,1.6725642739000566,2.1271071265482258,16.115833193530566,1.472131363297693,2.306598581677265
2024-01-03,2.0289572211877953,1.4789314744241602,1.5752347914279214,1.2095009979098834,-0.9937591450113815,-0.9923975563079032,-0.21503936540678437,1.5058730325555272,16.103215589928006,-0.494234762814993,-0.021403092673287116
2024-01-04,1.5423451917858853,1.9934786877996855,1.742416076377976,1.4162187325972395,0.636425850808962,0.6365635252716396,0.6297837293640578,1.7372242040334491,16.29812299472364,0.9366338766441324,0.9808700957912866
2024-01-05,1.516138450098487,1.5123319489718314,1.6684627685360742,1.4937959172818724,0.21578191712742373,0.217579503876401,-0.6647684323504112,0.956257825967608,16.12449522990098,-0.06385268772029597,-0.13492859328291595
2024-01-08,1.4280643009430745,0.887944288260723,0.5895773948458958,1.1403797453094802,-0.9635766361958791,-0.963563808463259,0.19489530651951553,0.9695124228717742,16.234090511003462,1.1724701221639413,-2.1978300487120515
2024-01-09,1.02347960720604,0.48540853724769734,0.7576261327153286,0.30264315430103067,-1.7469747612331494,-1.7516178256541712,-0.7268291634497143,0.32204206799471685,16.11042641742329,-0.5132639125787175,-1.016121387464046
2024-01-10,0.07462048796184989,-0.058501254485172786,-0.09487547498444591,0.3738476833683775,-0.012435219716234399,-0.009789530021990383,-0.5330157207295281,-0.10660526912062625,16.084559653149338,0.06302325653694457,-0.6154117750154788
2024-01-11,0.07863349667179871,-0.7444314176027812,-0.571642890941631,-0.4072438663321728,-0.8916942289653662,-0.8918359534584351,0.7286601086969843,0.30708968984678947,16.293686356309117,-0.5042850013157859,-0.5173072280116148
2024-01-12,1.8783447316113826,2.219124523064152,-0.4608143750024068,-1.5234232831098073,-1.1353039010372592,-1.1381955748448356,1.8125215020877388,1.8887275606336653,16.782287698531764,2.6422117616186584,-0.8437209338911257
2024-01-16,-2.256884105652364,-1.7353702943634337,-2.4145290385803673,-2.008369172170122,-0.8486301370391751,-0.8495581709921166,-0.8860891221393292,0.49033174497063475,16.660792023715405,0.5537717820206368,-0.21066353628258824
2024-01-17,-1.1717897261342696,-1.1076788643604842,-1.130660004815523,-1.8407453014691435,-0.5854447414049632,-0.5849407900842172,-1.4472092142916504,-1.5836823526535926,16.223131203821456,-0.14080074382716434,0.35365204002589024
2024-01-18,-1.0386864396727298,-1.4103624735365339,-1.357560778094615,-1.3112267616000701,0.6885258675906685,0.6901843726540271,-0.6503139343690748,-1.617496962477361,16.054335600067475,-0.3462006608556549,-0.5103757380719078
2024-01-19,-0.7415040297691363,-0.18570364898608793,-0.4400661061035285,0.26946422442353385,2.3256449847732172,2.3190525016704537,1.1794503227811894,-0.461497694411411,16.38922149734644,0.30389895291848174,1.4776554372986814
2024-01-22,0.3484293240389368,0.4258600958083505,0.9101300698906359,0.3128534102296442,0.008353909699696332,0.01174144584062056,-0.2743936823739362,-0.5312762225322429,16.367881211115733,-0.4636602437710282,0.20381003285212781
2024-01-23,0.15267188156975994,-0.36536628836683305,0.3388890814941609,-0.2162972468001759,-0.6344296426939553,-0.6363502647805501,-1.1378379708592086,-1.3520645896729544,15.939064793868203,-0.8853004182204518,-1.3297221720290036
2024-01-24,0.12662060011113424,0.17799949382850774,0.6649205716909607,0.8797900844650288,1.130541994547772,1.1337702340903668,0.46726056981536596,-0.7980077065344566,16.114800327338603,-0.44917827909700647,1.8955587801803508
2024-01-25,1.143627123616479,0.868914990039138,1.4902128865376174,1.9898210559201752,1.4340096858270581,1.4334211541057498,-0.44960156305189075,-0.9063854028853818,15.998579977651854,-0.49809265366032535,1.5454137433141117
2024-01-26,1.0918530016914718,0.7630125557227813,1.5077491158948535,1.340221441662197,-0.5476090480953134,-0.5466498457457714,-0.49153122655669934,-0.9650660933097184,15.822784685696465,-0.9047306216963129,-0.31170353308954457
2024-01-29,1.1053218200263741,1.0528787871812253,1.1165979753453237,1.2496929085859505,0.04890163326332619,0.05289651222550722,0.04586774998616038,-0.8502165336653841,15.75729807779263,-0.884906083966083,-0.6600669923994051
2024-01-30,1.1725027727833797,2.0130001660797103,1.4347165235202641,1.943349530895701,1.5945464228875619,1.589450385111243,1.861041136366853,1.4820276495613807,16.197100989981777,1.7945488981901876,2.103481160377392
2024-01-31,1.8800193925991349,1.831314129969234,1.56675559768571,1.052117245234411,-1.435006612663683,-1.4425507276585536,0.10875011645452237,1.4805721071164735,16.25975153781825,1.4363072707477311,0.34287649904534545
2024-02-01,0.7890504388227535,0.5988943873549256,0.35083821622762346,0.6704258674872051,-0.679985772226228,-0.6786505450471582,-0.7906172318240932,0.31477391523177745,16.05140024541704,0.8178291105041617,-1.613904176056667
2024-02-02,0.5097611851391852,0.7833799437350166,1.0390671496441068,0.9117074002359224,0.3208087328192295,0.3253928351092517,-0.25732887454967945,0.23555266456924348,15.968156208078922,0.08914723484045589,-0.4725425835465891
2024-02-05,0.6336951493533105,0.39923168768921746,0.7002875623663684,0.6534308929613417,-0.39834888488522896,-0.39558571165795214,-0.27453528642845604,0.12442865100910673,15.872220815515977,-0.2818116886573338,0.11171390461193768
2024-02-06,0.8513327293922205,0.5566138810537511,1.0049929295906317,0.840461818979172,-0.01706069592913127,-0.012930391742264099,-0.5905157900135986,-0.5160731000881645,15.72724340304202,-0.4579696971250239,-0.06068065523174139
2024-02-07,1.417369935558744,0.4081845503365943,1.0753296326428086,0.9582500616869677,-0.11080001323477602,-0.10705013111211388,0.3806691673728942,-0.08675607565602499,15.79312713211924,-0.6299039466709998,-0.6585496351210348
2024-02-08,0.7490367440159927,-0.04099322782293775,0.6066187728839002,0.3378816574492057,-0.5640244685052459,-0.5640023992791908,-0.645142984503065,-0.7395142103675824,15.617270026778982,-0.745806884152101,-0.32359511855748635
2024-02-09,0.5988085008976985,-0.34309516514368166,0.5532893710413717,0.35971336033118034,-0.04937063387223413,-0.0459139003585501,0.17951834921443158,-0.6529704205355397,15.655536403415152,-1.097073287253743,-0.3470395497564347
2024-02-12,0.27049354524637254,0.7885084694915159,0.4380982801224104,1.1189854585317411,0.3261230060235434,0.3304866734282299,1.3067303602761322,0.8041501582942102,15.960189712297753,0.5116302272110334,0.5637472601758237
2024-02-13,0.6319034465496789,0.2983386832690526,-0.8471108642803058,-0.8533221741241247,-1.362697771823602,-1.3635311177995972,-0.013529681115118269,0.9773514892263526,15.94345662778536,1.1728676445229829,0.9853092653293909
2024-02-14,0.5702446308472819,0.6472706125034164,1.2947310353503554,1.5680377735880786,1.6870939781650443,1.6812899144656135,-0.7528026061329355,0.40412969603747984,15.769488219806634,-0.9099874052336501,0.4342099601763887
2024-02-15,1.5391244745259685,2.659651917197901,2.4190005503470204,2.6744638753711687,2.212460222077004,2.2033818192920993,1.3236496856564661,1.833601878853898,15.981519742781767,1.7924877897291105,2.2287162758228978
2024-02-16,2.619007818173258,1.7591278006322189,2.3314280418718796,1.5909939632860266,-0.8290319271034966,-0.8316016923847697,-0.4201141178164768,1.100601980890193,15.91329545193193,-0.6483234803084421,-0.2132448302811818
2024-02-20,1.7225917941468916,1.525753533660176,1.764249012503971,1.4902552227833419,0.10808671758211373,0.11223155524242719,0.8516637011889885,1.6443441269358048,16.084332124239513,-0.37853285378564244,1.0946812019356753
2024-02-21,1.5919484161006434,1.3758672155734373,1.402648705565064,1.5276825865903227,0.3742386425201218,0.37861896609985934,-1.491169163666203,-0.38716457109550423,15.76539864167881,0.040194216396147106,0.3613220748517972
2024-02-22,1.745042276229022,1.7195366634009799,1.8013235437076331,1.7154157404286574,0.8554798069082324,0.8576915788290873,1.2610850017110389,0.9593918972753409,16.04514865076961,-0.33225073746209377,-1.5558907239514381
2024-02-23,1.769825426963062,1.7202181918284039,1.7644500961645728,1.5410744941623047,-0.01688041063609134,-0.013072660476292897,-1.2040666743402775,-0.9236714280828169,15.776422050667739,-0.5640214013899761,0.19101841690096952
2024-02-26,1.3753539255460847,1.2347752564053454,1.2494131998249183,1.1087763499697525,-0.9132857577616315,-0.9140907768424024,-0.13164487599930833,-1.156747683761778,15.78197949093431,-0.6744092075798808,-0.5207804776354682
2024-02-27,1.0317552559570347,0.7819415474335061,0.9757144861422717,0.9349984516271925,-0.42423678710920937,-0.4217317017722668,-0.8631882562965526,-1.6718913033226588,15.558972416698417,-1.163483963354955,-0.6441105159107765
2024-02-28,0.8879418486288548,1.11351501785813,1.0344699279082745,1.105357275531644,-0.07968311993202112,-0.076418085864963,0.39701343676348894,-0.9995012977917357,15.628966448363645,0.023230526661876093,0.4956461335488977
2024-02-29,1.387888585859797,1.4393185310716887,1.1718430590276565,1.5682207195625257,0.45827194321582443,0.4620099500991173,1.8797869716109952,1.1359691301807533,16.081742925194682,0.3481139563148402,0.032826911501529936
2024-03-01,1.2907389095028725,1.1794191664107134,1.4162349881283234,1.0169003499138696,-1.2402358007358618,-1.24191732019563,-1.1979936602094348,-0.790079491507518,15.65793161376117,-1.600219926299796,-1.8722685700353852
2024-03-04,0.7146639329747836,1.3845672446114445,0.9053307567046062,1.3886081979480525,0.6330381449846203,0.6337610241803202,0.3300898865272646,-0.12679015550742415,15.770465536091967,1.9463520915542747,0.9505616047986784
2024-03-05,1.3000423813224466,1.7198532154595834,1.544108874608257,1.844495336427181,0.9426165865090838,0.9413694556668218,-0.21084407092008317,-0.07584495190525554,15.705273697504193,1.0367641634947178,1.9126457019990926
2024-03-06,2.151465553009463,1.7189176756017719,1.8814479786323979,1.8213242470430067,0.09343331841109134,0.09575697407730537,0.38329931444872767,0.6254580152573044,15.840086775252026,0.2570178100945171,-0.23619873145816114
2024-03-07,1.83581413240887,1.498962961171468,1.1468497623435987,0.8888323119371567,-1.809171726257816,-1.8136764142373147,-0.006315112037095656,0.9642611146187539,15.846063936922977,1.7762474211177677,-1.8653405907596468
2024-03-08,0.9870273165250177,1.1855696795473025,1.4131595385246267,0.8574943363542569,-0.06907475098898198,-0.06620737282550286,-0.8077912264554562,-0.35518717161600327,15.634690784926963,0.06085270023541188,0.6146199873281433
2024-03-11,0.3803009441407462,0.2704935764543512,0.4635842034980802,0.7309517597212569,-0.3866767196468906,-0.38381632892669465,-0.2798823642099557,-0.5999374705294027,15.56689949324841,-0.3394667266677338,-0.0189129091188713
2024-03-12,0.9240939486209708,0.8759885034814163,1.146003536484679,1.312191293454419,0.7799685318585429,0.778974798111936,-0.13834838686460993,-0.7857380393725771,15.557449507388794,-0.5066988208364358,-0.404365276842534
2024-03-13,1.3578609178910315,1.4399490013260232,1.7760192946020246,1.7529580966324332,0.6924699833445382,0.6919795347576904,1.1781359157637452,1.0227788526756108,15.86905733037787,-0.9457047511414913,0.7210460970739125
2024-03-14,1.3431393907616458,1.1711811144291502,0.12843936677541687,-0.23343529200320376,-2.1090278904883317,-2.116106688816368,1.3483077390861788,2.4030147543079905,16.14871224305742,1.8676579708706378,-1.1962302240568763
2024-03-15,-0.890706417107441,0.6498400600348517,-0.3825362974949336,1.0398371592914009,1.0303050362544834,1.0240993202949769,2.094145756110325,2.5142711975708907,16.660890819275565,1.4736249515323194,1.2179341548792748
2024-03-18,1.0372682723902145,1.7063496567562413,1.7005949315690412,1.9897221721677252,0.9391379558072946,0.934391894236851,-1.7016577895473763,-0.1478087447228391,16.014267405219567,-0.2297829088956093,0.2537175817283541
2024-03-19,1.7453653519329406,1.8795684026692414,2.148728042650885,1.8413982797712574,0.3220575124613863,0.3242456638668539,-0.40507406428709464,-0.3923061210639084,15.95306781207196,-1.2485331271129856,-0.053093697014288684
2024-03-20,1.7817141871252151,2.14394205825854,1.872652830378738,1.9775433480964197,0.9440775195468852,0.9393554802750278,0.11890596856799215,-0.1877189190626641,16.05270353894903,-0.03445499363226498,0.2610900211479494
2024-03-21,1.8745616858677823,2.0874986200883976,1.9487402103393505,1.9602143784806216,0.8444613616734505,0.8391936695779459,0.3429969135327354,0.18887868576372105,16.231763653690653,0.15865279323680778,0.7062503181005687
2024-03-22,1.8387418884692084,1.7205032573884693,1.514432030136259,1.0611455827959024,-1.5013739776367334,-1.4999987399109727,-1.06817187160923,-0.746501405174768,15.908090536152782,0.799827860171661,-1.2950726443808143
2024-03-25,1.0125151948978208,0.6784732242566917,0.7827551420435608,0.44256454235146536,-1.063065491194563,-1.0594092829297892,-0.08115652158244602,-0.6991289297111473,15.96959575864915,-0.44673594033483227,-0.7267235087126286
2024-03-26,0.3712022907116903,0.4600732085611547,0.5586335012936198,0.55881472608442,0.13143866689245176,0.13605979766404214,-1.0519733814748606,-1.2938299207019162,15.600832852971328,-0.45770727694819124,0.4667238192293713
2024-03-27,0.7235116801271421,1.0810209709877463,0.9841828130536434,1.3293772529477104,1.1807906956204082,1.173078086949693,1.090745338944685,-0.5405532271313114,15.981794826996522,-0.02324224567346355,0.7663185499629278
2024-03-28,1.2214148027047182,1.1590982024535421,1.3140606884767383,1.382265318426445,-0.2456001621920729,-0.24040269377628198,-0.13615825132535725,-0.4059964757306239,15.970558172298986,-0.9486150757204025,-0.18809443381627425
2024-04-01,1.306613704194913,1.0817184863370144,1.2796739420806533,0.831863338326335,-1.049007942909983,-1.0483151801340627,-0.39219927823812684,-0.527922464448283,15.804617160280142,-0.6253904371107125,-0.9305353305017184
2024-04-02,0.6528066167319889,0.5469450248696557,1.0034379287607318,0.6587203165615345,-0.34585139537604104,-0.3417101313007757,-0.1674075817652088,-0.4881476334401573,15.763518647659495,-1.3002185618891577,0.6393827316307733
2024-04-03,0.7851228736225352,0.29002561525421705,0.688602182928543,0.24690534936385702,-0.48797234935311845,-0.48496745254882845,1.1847783650759272,1.0580594138873671,16.051250578441817,-1.1755683674770918,-0.7377956273488354
2024-04-04,1.2065476395718828,0.8823341323192828,-0.02175311549865239,-0.614863088594811,-0.7677112141696949,-0.7684793114622133,-0.14959823911359837,0.9596352765669497,16.039463722667406,1.6622565387687873,0.38887178590815963
2024-04-05,-0.4486079073793998,-0.13352078119980715,-0.29607290275109177,0.42658451771338285,0.9703858069312518,0.973168730289317,-1.039379446709942,-0.5100626401015718,15.692070782000691,0.3252796734867006,-0.3426161238572207
2024-04-08,0.3717126604266762,0.4600620663245508,1.072883690432046,0.8307868558989095,0.4160742265754012,0.42028109969503635,0.7810669753778836,0.7122508442914347,15.895077216816631,-1.3983138419686358,0.5850398500699988
2024-04-09,0.4905901867675505,0.23080039222591403,-0.7103236250857362,-0.14593825208169006,-1.0021023668159723,-1.0053738276044564,-0.3625322105205826,0.22118607442882715,15.811380391115538,1.4293884648306254,-1.6189986734225317
2024-04-10,-1.4088766290518704,-2.0464163843291305,-1.5467656670312906,-1.6829741918617733,-1.0004893042121559,-1.0046877417243343,-0.01636200224160296,0.17492115641157455,15.854312510362007,0.26430471876003747,-0.0596085871268639
2024-04-11,-1.207658283552486,-1.8560795698409902,-1.7461994959042741,-1.3454469575985466,0.2076391022763758,0.21049859189604783,1.4079241678059726,1.9512773057405133,16.131771804582858,0.7214442811122659,-1.2901651720193277
2024-04-12,-2.62812732737109,-2.6964493823686966,-2.693387194629231,-2.7690944454669486,-2.7311965451450084,-2.7383027634463097,2.7183874044022502,2.7854820082618303,17.265694941564895,2.3027109134751975,-2.690009606775169
2024-04-15,-2.2139416615413565,-2.018489727859679,-1.877554195242595,-1.8614102990199985,0.39113097597368895,0.3899368056203932,-1.0269060775219623,0.13165099510490144,16.50787849938477,1.2355786553220127,0.9544997738217633
2024-04-16,-1.7787982070322925,-1.9580380888898612,-1.6836676567329878,-1.622719080843331,-0.13186954434032336,-0.11966865338043589,-0.15189790112745377,0.10981842092988833,16.615945512465473,0.07932046886214929,-0.21317701839544684
2024-04-17,-1.5308028229552935,-1.5556492337454568,-1.3657757182702293,-1.346178103556683,0.23400820968017425,0.23774514995201854,-0.8011950696861682,-0.7725969151722608,16.01463344348397,-0.2282279808067587,0.4031812485983706
2024-04-18,-1.2605016127798683,-1.147716876036705,-1.0270655867422085,-0.9765314597535361,0.655107609092243,0.6455756516844273,-0.12308030888368018,-0.6453572013535408,16.0728577749358,-0.08629267746443928,0.7672696063160181
2024-04-19,-0.883174267376114,-0.6391244343490157,-0.6806476955237096,-0.2904943225360446,1.337561588280032,1.3032197307966056,0.24593470142108098,-0.3012112376136005,16.409286634973046,0.5468789897745738,1.6365353667580889
2024-04-22,-0.2487980894267118,0.12084387493684434,0.10243783453350745,0.34248213783503423,0.9813080930897862,0.963631215136196,-0.4374852151813251,-0.5324872597592655,16.260436959558604,0.0574065854268665,0.5251312622225315
2024-04-23,0.7476004693341601,0.659630830834179,0.9788776551724333,0.9153977073503576,0.6688155295959255,0.6618048111647022,-0.509090544714742,-0.7613852405408121,16.028652337388493,-1.6144140593105458,0.09586127618292425
2024-04-24,0.8291790018118447,1.0281501369196766,1.1054395959899748,1.1791566715811956,0.23379517129202249,0.23948120983176194,-0.5061836320476791,-0.8930265537998598,15.756393951168247,-0.6706376032297018,0.1818213083648385
2024-04-25,1.463737367047071,1.3627826172192972,1.443434469012976,1.345979184937749,0.0910344859006183,0.10030096987878592,0.33698982138065603,-0.5112341571122082,16.09812771199892,-0.8361783799641389,0.18440451872952124
2024-04-26,1.4477017319034187,1.2879970690890552,1.414527477360946,1.1043830871400209,-0.4649898420855222,-0.46205632497357635,-0.7652295234943324,-0.9436307042568797,15.67394704137284,-1.3879881537819547,-1.2835003305831714
2024-04-29,1.150327757526017,0.9636007906004753,1.054413730234797,0.8735597125701623,-0.5993152012033071,-0.5974624586788401,-0.3533922001049009,-0.9525320610106469,15.499647881903071,-1.2013561471560155,-0.7030507528412518
2024-04-30,0.8361048670582137,0.9156915965419957,0.7496574382089153,0.4598212531371535,-1.3120162787815537,-1.320125991595791,1.543695008943659,0.9908887942772882,15.913982492569557,0.2789701567147726,0.1344059827598862
2024-05-01,0.5828436073192169,0.6707037547613228,0.4465692928175978,0.32671811245618027,-0.5655154692165093,-0.564149580863346,-0.3471924697771472,0.5331159186083535,15.823093653101653,0.5713099190563666,-0.2087155224475114
2024-05-02,0.6297074299207275,0.26690249214807943,-0.043026101366024305,0.03250011161434645,-0.6383240725491721,-0.6380436847584483,-0.4117661734389303,0.06897371146106862,15.687574392938098,0.8283391540920112,-1.1772143766252408
2024-05-03,0.12999827120153573,-0.5975092549632794,-0.9365260580774712,-1.157160760595965,-1.005165278242453,-1.0091818844158977,1.2108712373577941,1.9191575318599416,16.0041204687172,1.068648515448656,-1.8846992917526728
2024-05-06,-0.5610351354795811,-1.3507745900983832,-0.6802762794778066,-0.3246751714156378,0.993362624333417,0.9947216298720165,-0.37405979917735266,1.2801954102714777,15.883777520955281,-0.5155374279180397,-0.058089701050069845
2024-05-07,-0.6906507310212543,-0.7852188769780091,0.5538757012980918,-0.5349260184120722,-0.24049569012024258,-0.23853945993955059,-0.15897753071989723,1.0072880509352178,15.85527541255051,-1.5657753434365727,-0.015450864173541155
2024-05-08,-1.6656938865941264,1.973430196749277,0.03254529497075244,2.1624178283153195,2.4005837121075415,2.3938581904771308,0.4740014908835517,1.4608817898965356,16.0377096593696,1.9206793862235223,1.9350152403055623
2024-05-09,2.0625387412726073,1.838190373377728,1.9657615986304644,2.1344506080758863,0.8789332240047557,0.8828607529455313,-0.5408069682148755,0.6761700397277239,15.892110691665142,-0.45504207612035713,0.503374737275928
2024-05-10,2.42016257847757,1.919753568960758,2.21647302037962,1.8749281897661039,0.44081225035858074,0.4450784271813777,-0.3941012504503456,0.18146138526523045,15.834379171804018,-1.3452191797881097,0.42118440088480363
2024-05-13,1.7889167749473966,1.5837816645771432,1.6070507955374893,1.4393076743304045,-0.3608794497418181,-0.3587244909570647,-0.4809603461357288,-0.6524291860217836,15.76842483503241,-0.8420201045210313,-0.06752163856899386
2024-05-14,1.4286782591756269,1.618662868955633,1.298541783509034,1.6645431590469548,1.1093716819371622,1.110253309644196,1.1284588639844015,0.7011554780756089,15.966830919439984,0.22904982006550384,0.7804274694735984
2024-05-15,1.6915301864354737,1.4761901913784987,1.3359276317099662,1.4088478164259501,-0.2842104532062357,-0.28145703007841805,-0.28794178993916214,0.24843216679308802,15.940164561939964,-0.058798657523848365,-0.7633902707144654
2024-05-16,1.357322925304149,1.480468969182093,1.4426054845793808,1.2036013018666036,-0.4814438056601035,-0.47963650703586674,-0.13810787192546858,-0.10187041613928033,15.955329749789081,-0.25802874740662757,0.2736545425203304
2024-05-17,1.3535596563603411,1.308132781218627,1.3418022090978634,1.4222401041824198,0.6145122958975929,0.617222031836587,0.6489906698251916,0.999252085095598,16.04126870883052,-0.3085759215987789,0.7847400866908631
2024-05-20,1.2065556596374545,1.276677822926885,-0.4600843658070949,-0.8404354920184091,-2.6311297261829623,-2.6414884093748343,2.618665987713521,2.729887069014634,16.670445160461284,2.5153429440797974,-2.55487931140371
2024-05-21,-0.5301155633659662,-0.4419266078728717,-0.3221774805707097,-0.04716963768067809,0.8568029273731704,0.8434893171965745,-0.8725956392991774,0.9765755417534927,16.48418223612856,-0.10501405966978879,0.8612420351125469
2024-05-22,-0.33203363847681494,-0.2892980111668822,-0.2728675880167338,-0.5901873655398503,-0.42049782641180633,-0.4072476227961349,-1.1700153273203637,-0.65938614431533,16.058908227127915,-0.03731976142733958,-0.147353800424175
2024-05-23,-0.9367933194502702,-1.337282641606806,-0.9975889080783874,-1.0518053160780951,-0.3826761525464533,-0.370598802619401,-0.5537195723498187,-0.9820531055315849,15.90358981196464,-0.4029632004216934,0.08951456217626069
2024-05-24,-0.9056912971990754,-0.4721090472096559,-0.3489448729173642,0.2313430560413526,0.9588762254403947,0.9462001058834191,-0.3752707706290251,-1.0640249119824396,15.810945431265669,-0.13081243123190217,0.7117969277412565
2024-05-28,-0.1608631874041387,-0.6460265381598831,0.07775964648021767,-0.23281356286951418,-0.3459348858059097,-0.33421675359034303,-0.2921993785827924,-1.0776008322102542,15.748509283598654,-0.7007638416734493,-0.2907551636666113
2024-05-29,-0.8050873209107858,-1.0422482205386938,-0.5860088050450687,-0.6087041552679507,-0.2927717420636882,-0.2821714288311779,-0.3577305227793457,-1.0510843567772483,15.62707281788719,-0.4979717198750012,0.13344641640035684
2024-05-30,-0.4784603191622229,-0.599815371805975,0.07938811737972563,-0.07294009758549348,0.3961198904648716,0.39891511189425655,0.29879813636617475,-0.720603670209173,15.736791453136297,-0.6798672504646844,0.6696196555382182
2024-05-31,-0.09753195447202465,0.7686658254548427,0.24813679522121157,1.1530963568340546,0.8372900603328112,0.8301040297856301,2.0587912868301066,0.9186055032185838,16.483981117506108,0.5311908508120424,0.4381093417264581
2024-06-03,1.2685409024685013,0.5992642817682392,1.4002061336858296,1.2017755992334296,-0.14162064441921227,-0.13183947931145726,-1.1737919693303434,-0.7852167641221244,15.678706732306058,-0.15056874343645474,-0.2347688002182495
2024-06-04,0.7703311052329272,0.8369494892113664,0.5142683821201639,-0.25608258805619094,-1.202304081916251,-1.2093765732608066,0.1846417385625441,-0.34445791078955307,15.739511150277,0.7444628283421547,-1.6633325586585945
2024-06-05,0.36764669797731275,-0.5521897166987607,-0.921304046012909,-1.127761727246782,-0.7573824198310846,-0.7593342386607888,0.44969227088144376,0.7564412560570909,15.937963814974886,0.036718901927569,-1.7871374393952222
2024-06-06,-1.1937978252664843,-1.345265471960441,-1.8071357439846925,-1.1560956733442103,-0.10154651171426675,-0.09709446666333302,-0.30846384256934434,0.4749820824288656,15.848947558272386,-0.09600952262919248,-0.0035151437774456344
2024-06-07,-1.0304712776736227,0.1705212989089676,-0.567975546140946,0.22331434711642914,1.168372083904718,1.168230835338566,-0.33101034416770825,0.14186967926967642,15.756336518695539,0.885935387148229,1.3277522783426763
2024-06-10,0.034803435349169715,0.11549357755747663,0.5934318639596685,0.10113970182461468,-0.11840627782992057,-0.11431381340197697,-0.41390347670471034,-0.29906104593763283,15.61906700178391,-0.483112734039187,-0.23200303282033372
2024-06-11,-0.7106642887742031,-1.3564589596499685,-2.1389929631032447,-1.8912699264148334,-1.8331048051876817,-1.8481367169179952,0.9256519063192264,1.0342189617598552,16.03854376447902,1.1614618076862524,-1.7285227935341196
2024-06-12,-1.570281010302313,-1.6241575921592337,-2.116214425406489,-2.000575351826695,-0.8367945899919524,-0.8354622418818254,0.5016879586080252,1.7077527303335895,16.36114386357875,1.6569376271396898,-1.0781962716962592
2024-06-13,-2.152975262697045,-1.8278456138485006,-1.662366420333202,-1.1104209461657157,0.9983001809118245,0.9975337598530185,-0.9235834669737746,-0.14120833085026677,15.965853265844615,0.06821362343556496,1.0037891292971586
2024-06-14,-1.744560871916682,-1.397329248691212,-1.1891095295584047,-0.9003911496285143,0.4072564077932352,0.41163063240724695,-0.5540359048567673,-0.4394098738042361,15.74325688186761,-0.07827088870883553,0.5681974221597895
2024-06-17,-0.9699479034920301,-0.9500051295607451,-0.6532345249600587,-0.39489003937350614,0.7502093570084312,0.7512677240912033,0.7522693170410331,0.28122479035751474,15.981748984882028,-0.6300028184957953,0.37025098281721797
2024-06-18,-0.46766704239530804,0.10198092062066898,-0.014200537733697957,0.40450097646769523,0.8814732661209282,0.878922217817683,-0.09300588179269838,0.19669012438842293,16.015287541804515,0.290600423951876,0.8281431437485777
2024-06-20,0.30555293909887926,0.7733614061831512,0.7797922884130742,0.9301049597493464,0.5989482546184318,0.5987901571077933,-0.2473574819395685,-0.0034760687952948813,15.982402036702213,-0.3355898208170976,0.8526768845961357
2024-06-21,0.4581265693246228,-0.1893338100370762,0.09536172085365721,0.11253537740228102,-0.8698901789051627,-0.8648565849021891,2.4151838756049675,2.4863259837371396,16.858722661384075,-0.7907094438826747,-0.5433676998157629
2024-06-24,0.8669533717592092,0.8721137944844152,1.2117445403629536,1.1304699421488675,1.03266313489161,1.0265151289376355,-1.22440652001415,-0.47356462636226526,16.096453234287086,-1.3785542570250686,1.2532947924941327
2024-06-25,1.0900237428566617,1.4067698073990271,1.5662075058000853,0.9568677160573535,-0.25556419703364586,-0.24885304636218925,-0.7416844979954317,-1.1451686335488915,15.749333811050127,-1.17124324293169,-0.35565698079837293
2024-06-26,0.8595148293424402,0.3027083618659868,0.8228259356521912,0.570175878284442,-0.4926813527859408,-0.48842892257951936,0.0729018398959929,-0.7849665166725999,15.864312592401221,-1.4159849551468657,-0.3830341527789963
2024-06-27,0.7673741846814572,1.0605401099138487,0.8772818534588989,1.155825078274277,0.5930531469069047,0.5936693459430628,-0.04931182348544336,-0.5162337693645264,15.884080846121803,-0.00845298327691577,0.5763586307616737
2024-06-28,1.4649413999374454,1.8121486918137615,1.5280049879196917,1.9407930764985348,1.2745667294468257,1.2686229453023308,1.3107325026831809,0.944300480436244,16.54386006038532,0.512410725101049,1.5383228983081596
2024-07-01,2.0465347412879153,2.3008698560334953,2.085237707418813,2.184961777720778,1.0612185613180818,1.056733306400096,-0.8309825059739906,-0.3154466058059175,16.138466842081645,1.6576685399833009,0.758562489610356
2024-07-02,2.065001318859466,1.9702509082470732,1.9858013429182146,2.118901131549183,0.9635921692395906,0.9598487896717282,-0.5700450332309945,-0.7350641493603889,15.8700061455905,1.0044923659109035,0.3837667315343522
2024-07-03,2.1461610970248626,1.699739260990402,1.9327965512834984,1.5630374288446667,-0.6451964340784949,-0.6413134826154402,-0.5902166940292797,-0.9950490053293152,15.531270703457736,-0.4461188375507767,-0.9679002751467302
2024-07-05,1.4152828285431671,1.0621212875029837,1.1788769365374254,0.8008261953168125,-1.4505213212934274,-1.4557939807507834,0.5277709495797832,-0.40028329464824963,15.906522528320885,-0.18197944531180804,-1.585463011548348
2024-07-08,0.8242672880754477,0.7953787731438912,0.88002535650679,0.7182649668195954,-0.3069982415554286,-0.3023235403005469,0.19072681012709,0.4144299533497056,15.979637972660866,-0.05592407974588839,-0.180818852185675
2024-07-09,0.7755123400200181,1.1387863230437583,1.002326430412066,1.0373513875000662,0.6897886236723952,0.6908191420304778,-0.023800176792913783,0.5696194171955387,16.01925836823317,1.2564073722334415,0.7352698523961811
2024-07-10,0.7211245968060644,0.6130774170875797,0.8467385043813139,0.8962098135936613,-0.46398537890763897,-0.4596176620341825,-0.39802772048053875,0.09612872641953797,15.935194045968933,-0.9249484580672901,-0.9889280648548996
2024-07-11,0.5909941296181341,0.5080712736077152,0.6603780372804899,0.6958247077660494,-0.7432491821779763,-0.7398756235060159,0.49849926477133905,0.8171377567130582,16.18183081824358,-0.7813536409315565,0.2947464548254569
2024-07-12,-0.2628283761251398,0.11357906182993509,-0.6400788563649518,-0.4164118786437196,-1.4001226490493257,-1.4045763147711774,0.7939152258512044,1.689428488079003,16.55269235032531,1.9075873833547874,-1.3976381344351956
2024-07-15,0.8590234628243504,2.11165541751245,1.2511206381569964,1.8065884729980728,1.6340447161049554,1.6240813524468558,-1.0180750293575886,0.5311997866893189,16.1875938214269,1.091724944868954,1.5097862241158935
2024-07-16,1.9455784311818114,2.1786016883656387,1.679469377531938,2.2474113697226987,0.9821995455180389,0.9823569714350168,0.11053540914287444,0.686409830243169,16.26280195848522,1.476139547207373,0.7037010215691786
2024-07-17,2.281708292775239,2.2211189078983757,2.3842430299150847,2.104910020545592,0.8598877491217759,0.8614032724543684,-0.2610402864495726,0.40032942239015235,16.26414223829931,0.276996053425321,1.6303170479523166
2024-07-18,1.957159193624992,1.4845619451502667,0.8946544993118293,0.2919380870782511,-1.9430339151609293,-1.9598718755083826,-0.14449935627019886,0.24808576992341705,16.33442411221149,1.9232451976948353,-1.3889403332436183
2024-07-19,0.6850828602385236,0.29745741525085606,0.6503730855492753,0.12262065008549716,-0.21392230725986885,-0.20573179526053317,-1.5675793021466724,-1.6866622244244869,15.906868442173748,-0.6099165336036165,0.15354816578733146
2024-07-22,0.37650561289251677,0.12317832764476026,0.7340995090940577,0.1302307550968638,-0.012252862899897007,-0.004861507729748972,-0.2792409284358815,-1.4963760743147687,15.8519403395446,-1.1591620483954703,-0.6491725483842357
2024-07-23,0.39830883042382637,-0.12320259008234578,0.49647227876420935,0.06688766758712733,-0.07337913238551245,-0.06591231393558176,-1.004559754456716,-1.6652958523954708,15.530623116712,-1.122009479792036,0.002423564967453678
2024-07-24,-0.10315024207148472,-0.08901130300916754,-0.004750497661934745,-0.49404734383510424,-0.5401578925219671,-0.533482555473889,0.9713282040766169,-0.9812660457842934,15.778277964555167,-0.16497582998149063,0.636189904346934
2024-07-25,-0.46285037593021816,-0.7957215955257233,-0.10782517603875987,-0.5220318404295053,-0.01984135787876272,-0.012471881665183919,-0.3139062529818611,-0.9206140761658854,15.67240227828738,-1.1793469692162093,0.0893396898459817
2024-07-26,-0.5812223937889511,0.02879394206742935,-0.22162779989802506,0.47037552518733255,0.8277134633318918,0.8241296012030007,1.3227206365862705,0.016758375176039998,15.898421200349976,0.2735804626309579,-0.02484801310369208
2024-07-29,0.6499230106286332,0.13962878331565448,0.7346416202303518,-0.10724211030646032,-0.4788404273303158,-0.47104850168847445,-0.7604172476294929,-0.38502598876158706,15.692468804081168,-0.5160040869958314,-0.7493118056633726
2024-07-30,0.7537952870620385,0.9534977074963434,1.6553138907394596,1.4281113800852407,1.3025992414215697,1.2899261629289183,1.4772545733980729,1.0497825451246492,15.99600722288679,-0.5275444037611685,1.2929270874842285
2024-07-31,1.326909169924006,1.3650548566543355,1.6329722472683674,0.9523667199623077,-0.6350173378898837,-0.62955908414532,0.09381436941601672,1.3645738468079869,16.020659322500975,0.06462664241827314,-1.6064266451271059
2024-08-01,0.8973433070908929,0.38403062812082367,-1.5285114719959567,-1.2224801909000027,-1.7114309594420252,-1.7265880483771918,0.7589007132519152,2.0271452492395508,16.20597840652068,2.4749420248111247,-0.6785118882765215
2024-08-02,-2.177391541200373,-2.3323640152432374,-2.535541338838537,-2.4440869742388944,-2.040522383156742,-2.0605640409955344,1.8897080820269647,2.3334363295200453,16.70819635861932,1.9276403644390843,-1.335959462151967
2024-08-05,-2.4489025035676755,-2.3950226218757225,-2.1997643689628235,-2.0902397126465,-0.7396053350596931,-0.7346828731261693,-1.0852460220612936,0.8729816844275402,16.4493400318382,0.6402220603852052,0.5552205760322636
2024-08-06,-1.6285512315931592,-1.0998861514040779,-1.3681112566228457,-1.0070203666945317,1.4918740939220532,1.4766535691692162,-1.1504468029337425,-0.13595538207995422,16.176911673538825,1.674079819394054,0.9424215167196642
2024-08-07,-0.44867890759919776,-0.5209222458315549,-0.4893097413796913,-0.8392228122894255,0.1869661156131683,0.1960599547100799,-0.6488574084932756,-0.5846618527341493,16.035192297202244,0.20856105569936514,0.44882318226158063
2024-08-08,-0.499161293595715,-0.5575495634671929,-0.2154492982263747,-0.2488476268357794,0.8840969412402716,0.8825438340649979,-0.7037249929568387,-1.0091296465171988,15.8646476482253,-0.9249832975853687,-0.2444960055330633
2024-08-09,-0.2917382159213968,-0.23420715523749333,-0.0031136107544673572,0.09988384568165716,0.5109559638203143,0.5165816027407556,-0.9277869507594803,-1.30647760119791,15.527541339653753,-0.6816271539323083,0.27826750099626324
2024-08-12,0.19228640227949473,-0.03673160558867589,0.19661335950281145,0.24089491972506433,0.1752065315934326,0.18417417892226648,0.6669640451469344,-0.9557987408637286,15.75223594161782,-0.7649203075253468,0.10604427942618774
2024-08-13,0.4896836437573458,0.2654840161184278,0.6182078289545049,0.757319205681761,0.5517278436617961,0.5558274265712739,-0.27435127703117523,-0.8982308301520404,15.669900635671501,-1.1185928775179472,-0.35363937794396866
2024-08-14,0.6921251754892624,0.9988595519391971,1.1406615934861972,1.354368981466665,0.562163389222222,0.5645852618304694,0.29759351197418143,-0.6281672546384461,15.76139227804406,-0.719162701864881,0.6006893000448074
2024-08-15,1.6267169806841713,1.655972077532572,1.5855782132603786,1.4155098476685641,0.21554234929142504,0.2218147955906427,0.04269540533558598,-0.4407156420988751,15.761563696796062,-0.908002525469468,-0.8292483172771041
2024-08-16,1.1509044957645032,1.3319568926178404,1.3100531048488064,1.4497347486999965,0.32459819087711045,0.32810948379150584,1.0996397315677449,0.4123107097578491,15.886315032332764,-0.8697483147005672,0.6973477521831434
2024-08-19,1.3228904705861335,1.5007385186972262,1.4450413740469523,1.4990077382803184,-0.39685451231759333,-0.3954452122821386,-0.9344126221844544,0.19432157179554538,15.622290158130745,-1.0165430309912675,-0.5764089475336809
2024-08-20,1.395898994620572,1.333481070238296,1.2887125442987228,1.107932188446412,-1.7532233336769236,-1.759735172976113,-0.15434176588891513,0.4061069984848753,15.54539480077919,-0.8121736477775147,-0.37073345384629436
2024-08-21,1.0434331654409608,0.9038065631064884,0.9405085933873515,0.9906007759270271,-1.0214367455675066,-1.0216417330587257,-0.2105755550855201,0.3880012951047562,15.464611585677403,-0.9927369946515545,-0.4527277884424545
2024-08-22,0.9162705179043292,1.1293438061444518,1.0569797840115693,1.2468042057877156,0.6747459038110797,0.6744670382405539,0.21290377954845294,0.6497576610466017,15.473186291578308,-0.4823412847679028,1.9659411100209336
2024-08-23,1.4431555275739203,1.4392833728041348,1.300920623002755,1.387292401168528,0.35926405291643376,0.36048123553346195,1.8763607401182223,2.1948950676361614,15.791534279064964,-0.04921833848300633,-0.4936102594694292
2024-08-26,1.5044222465687114,1.3561414563269663,1.444524793475332,1.4027753901120774,-0.4445173533221795,-0.4417561648278467,-1.4690121407889172,-0.12089810982639437,15.445770381969366,-1.4419718261051349,0.6644455132415256
2024-08-27,1.3811585874642949,1.4325308627563547,1.518532821352138,1.4763495002397344,-0.23302260982078374,-0.23053856687988272,0.108862543903588,-0.053227275304815275,15.461319164564598,-1.558348478220575,0.09070221253329216
2024-08-28,1.2242127531113505,1.7032572103654988,1.3804631081333298,1.5243443355266961,-0.022902752935249873,-0.020843858723397914,1.1971267626164193,1.4917364749796367,15.688297019529514,1.2359982429367073,0.9651106380205196
2024-08-29,1.6692132691123924,1.531087152302211,1.0798141679441935,1.5190338592112949,-0.17305307525569336,-0.17086625945760617,-0.11571972779574485,1.176050762247374,15.674321170299846,2.0623764719832973,0.02055292305037158
2024-08-30,1.472703354807886,1.7479508805476982,1.6605237009772031,1.7568759122380582,1.4745090204298323,1.469750160033395,1.3535930205876285,2.226793111551961,15.964256705870072,1.1601113626534032,-0.23279125318574906
2024-09-03,1.156912795779475,1.1073721826126082,0.6287617414082854,0.3340369244687382,-2.469011669659301,-2.4757013080045924,-0.06359588581730535,1.625424443318034,16.007845533993155,1.8716440083455494,-0.3590208390798026
2024-09-04,0.6071514555502344,0.39351735591922105,-0.20155749460487304,-0.12341906555888553,-0.7373516629047813,-0.7306900689101423,-1.029545511423981,0.34521436604740097,15.815570766963909,1.4586947470519351,-0.9079898402186154
2024-09-05,0.13944180828260877,-0.22600194230515838,-0.9542174269339502,-0.9924548845618404,-0.9608675333150793,-0.955707365993758,0.128656028341341,0.4350327672311162,15.903403907281897,1.1324812314909902,-1.1523758203849892
2024-09-06,-1.3652178203804612,-1.2859244600033437,-2.3101149895648514,-2.195822218462668,-1.831217267513682,-1.8371679950742896,-0.4500802149366991,-0.08291013113577064,15.866681346261359,2.103685542091559,-1.3535222415577495
2024-09-09,-2.031238391183149,-1.413887497376445,-1.0813329648396457,-0.7819887483539097,1.5449964136603334,1.5310095762421616,0.5961754077664809,0.5374040471527137,16.005498010372996,0.03062776899609367,1.141750541061185
2024-09-10,-0.5287016527409814,-1.1090367120705535,-2.4656710839173583,-2.2667146985367705,-2.1751232453226526,-2.1950676732932135,2.7794222986919137,2.733080747062185,17.162142666571174,2.68741860492453,-2.725168213931402
2024-09-11,-2.543131254776784,-2.485122513431642,-1.649373996086273,-1.4876165443138467,0.6572890678781541,0.6558070749483388,-1.035345017917124,-0.1322530872936678,16.42988731241671,0.010057728813632007,0.1087867662954837
2024-09-12,-1.5557442218446553,-1.6482304369316443,-1.0056437269698948,-1.256625588659091,0.17219948379978142,0.17980231497429042,-0.681893979346292,-0.8776502940128265,16.018916104802035,-0.4708418319778673,-0.20604740657517714
2024-09-13,-1.3238924914332568,-1.3954212431070054,-1.0171271426419273,-1.2691891167383114,-0.13935503659620907,-0.12914067871469112,-0.07663490768798498,-0.7116658360993384,16.14051260302557,-0.2802755184598954,-0.4211534162064992
2024-09-16,-1.1937805043744598,-1.1076673036223432,-0.5419472368249953,-0.6363128767183279,1.1710709839442426,1.1583864073845156,-0.3908325453126274,-0.81360844667482,15.97132280452904,-0.762277399569712,1.2011159929792299
2024-09-17,-0.7509427274446437,-0.6892706946000783,-0.09103815010236654,-0.26610180928776267,0.5471454354885918,0.5480124404163771,-0.32301080222044304,-0.8069664584364592,15.840139593773804,-0.7692942527422802,0.66879366675984
2024-09-18,-0.4090549247743975,-0.31165479002855634,-0.08909257429098612,-0.43324208560565935,-0.13703460732010325,-0.12626027355802247,-0.07537232842728442,-0.644350720480237,15.92692315995318,-0.26432290038027567,0.0899275112418607
2024-09-19,-0.1155633136763834,-0.04650245041168906,0.2538117608181895,0.45555191579748877,0.7844360090367384,0.77880548731197,0.30655750277703775,-0.20843480188833874,16.269545630031278,-0.28198948473466123,0.20891224589856122
2024-09-20,0.08212453860300814,0.0067571955478387445,0.8516641753820635,0.6832145477446072,0.1600395510062308,0.16673536859093532,0.6927932397210221,0.6308737128245767,16.854541803794667,-0.7102649209304489,0.5256495532483424
2024-09-23,0.4840331239808243,0.3220573195760476,1.3592500074855618,1.3852563875263684,0.20324813308398257,0.20846484007800628,-1.0153509267762368,-0.8070288797276242,15.79285029638861,-0.675411871912536,0.28679785689815507
2024-09-24,1.3145134143439914,1.427775025881251,1.2731772249027753,1.1764255667941432,-0.24559580935874992,-0.24183783538797787,0.11391388570634839,-0.6794335591655684,15.806558085433831,-0.6633329864687896,-0.05305934953045392
2024-09-25,1.3218488808180757,0.8805287170619284,0.5236395859601244,0.4813974562671088,-0.8674973425029152,-0.8683100215082472,0.4659844785240266,0.060556543503578496,16.01012072069501,0.2701580124290105,-0.35326758382303863
2024-09-26,0.8555470020664071,0.44665983208940174,0.5469959024865969,0.19006113867138968,-0.38007195257146503,-0.37718794051951016,-0.49615951953691967,-0.2824195400738749,15.870595496221336,-0.41103121196201065,-0.5635262469506271
2024-09-27,0.47179182307011674,0.7601780400398418,0.5972387421059665,0.37840391931288186,0.05146947259459209,0.05518476445340717,-0.3537493843015889,-0.40122417193618015,15.766052961543082,0.10702176080426057,0.5277334965784622
2024-09-30,-2.0600635895217545,-0.8450807127875449,-1.936577454342669,0.48964215391655713,0.04037928014224107,0.04328341142257862,0.40678140317847294,0.12445127462465118,15.974664098793456,1.8605126909349778,-0.3727450698653212
2024-10-01,-0.6639164417235686,-2.3799409606143147,-1.1698354688996861,-1.9281909451586352,-1.9936658544009551,-2.0041314556770473,-0.2667783371518807,-0.01484878970651917,15.96028339239271,-0.33519207846002014,-1.4697728452711343
2024-10-02,-1.4763715325253397,-1.7857038435651986,-1.306257295530365,-1.7043494955231144,0.1575925519785133,0.1607623651628225,-0.9133448510501547,-0.8579269387176416,15.575246194257497,0.06172561214455774,0.6388270286666272
2024-10-03,-1.5083527250473372,-2.1413435980157067,-1.5741880634013534,-1.9487008829357324,-1.0638597885334187,-1.0601547059532623,0.5640622243758451,-0.15736589996119024,15.796691459007803,-0.6930623534622747,-1.2397464650851209
2024-10-04,0.5151152039360278,0.9457403532436282,0.22443603992965278,1.2231181418413568,2.4923814632563266,2.4792216506734492,1.327331198824704,2.3428829963137376,16.139044777635586,1.2570510126792769,2.603093783268633
2024-10-07,1.1804367314677107,1.404162562803069,1.3950358935279823,1.0310718852295782,-0.1311277067424491,-0.12627776396458842,-1.4420476760067902,0.038508377210422384,15.720435157458269,0.1457001979117747,0.6995334193868767
2024-10-08,0.9273763506725816,0.5910280221200321,0.8787976565045587,0.9216543737172735,-0.0826304672106249,-0.07724923133947753,-0.4466176920381874,-0.4366120406789087,15.610896941977968,-0.516042460459963,-0.9436354255760105
2024-10-09,0.5976539840178968,1.4562904640784278,1.1487147582668376,1.5390191153299688,0.7341777309517035,0.7420889624556082,0.6453694255541478,0.41142757664211266,15.7648435566661,1.0650513150862275,0.4100398132643273
2024-10-10,1.9486638894950499,1.3298133066457025,1.5795289539548092,1.099782033447567,-0.3417308640511711,-0.3387114345211523,0.39460408908431904,0.892853376094737,15.885797953002157,-0.352071064357866,-0.20000690765801685
2024-10-11,1.6512429581731993,2.3326328200220936,1.9444020511963653,2.2522578154489126,1.9506957640098164,1.9395025781122623,2.4289844877922655,2.5824224718790214,16.723542180670343,2.405974024576023,2.0938455205805107
2024-10-14,2.2016573525019636,1.5936021342738185,1.9568451179245034,1.562522535763784,-0.47332390950219067,-0.4709712233625388,-1.1734719445961468,0.003940420737616417,16.018153871838017,0.21425015768015843,-0.9220918193451855
2024-10-15,1.6626168838692608,1.441886513627874,1.7993799320069197,1.3520428179417343,-0.21308395300516356,-0.20761681126518097,-0.15667672624744458,-0.005038658854107078,16.038597903100538,-0.4155377185533057,0.3498484294090242
2024-10-16,1.1838767237447845,0.9788567926147742,1.331951000328658,1.2502625530113265,-0.154579834987395,-0.14832437268408588,-0.8017692612165341,-0.8450717218667269,15.66907058477618,-0.8238694748956897,-0.3159318030657249
2024-10-17,1.2406874779278163,1.121115113285832,1.4019354107169726,1.1979381465373986,-0.371594878272708,-0.3689924798918161,-0.12737611214989789,-0.7768909508467816,15.682717732455119,-0.9004941221152669,-0.23234789707231193
2024-10-18,1.1117385396539115,0.9340028484838327,1.1291358307040562,1.1069265871525342,-0.16692404820664242,-0.16316850744982442,0.07192402864826601,-0.446099632533849,15.761492275887047,-0.6451056675998786,-0.3124214999351555
2024-10-21,0.9439650601998284,0.7319508177075462,0.900623208371831,0.5614288859070194,-1.0810264226579551,-1.0969514705407384,-0.465298541689018,-0.7042884888142854,15.585365362162015,-0.5913950639356523,-0.803105128186525
2024-10-22,0.43749941593415814,0.5227402535294378,0.45103657079480275,0.633916020514826,-0.08399675133057959,-0.07847296627972214,0.9673754849585705,0.17681865855084847,16.075897814568222,0.0022946921376238256,0.07081141693370235
2024-10-23,0.42404769970781314,0.24611463580151438,0.6120943722238248,0.317323607448587,-0.5270128390677857,-0.5299167357842202,-0.8246845639555648,-0.6882108713791322,15.636909894109209,-0.7384322082144875,0.105837732776639
2024-10-24,-0.35158779401025847,0.06516196304683519,0.2059448029742338,1.179816867433763,0.0933642180976502,0.10106991446287107,-0.18451482189738677,-0.605162907674908,15.607636793258765,-0.21963964127359192,-0.01821754913888683
2024-10-25,1.1047276659203584,0.6249494321428358,-0.6292881147025267,-0.9664070495886891,-1.7255607034571347,-1.7284687340111142,0.37030332431427326,0.19587323956943037,15.667063087671178,1.4452118888047925,-1.458023818689714
2024-10-28,-0.33302624375063017,0.5087446658892532,0.8770081319255579,1.3661361577495326,1.5501431324788013,1.5410002466131636,0.26193669536833203,0.8739957106373701,15.73873693606936,-0.6092417616467545,1.2077633876472624
2024-10-29,1.0630161042478055,1.6260629466924017,0.6113143320858244,-0.9717797860618946,-1.304507755534001,-1.307000203140648,-0.13066230122420078,0.9869362926366144,15.699545455277173,0.8709847285121808,-1.5736607430499305
2024-10-30,-1.1276872798704833,1.077504730690767,-0.7883269574951498,0.3352781776233411,0.7005929024284598,0.7017833186853285,0.177899021436446,1.1734519001774915,15.77713951667621,1.422220410863664,1.031562196525087
2024-10-31,0.6041380440716656,0.02280761487899696,-0.38108128646331596,-1.4708969116546236,-1.030770488900477,-1.032040086148355,0.2239657465443509,1.355830956340425,15.873460424208893,0.3699066166070222,0.6854080553197344
2024-11-01,-0.2103555133666189,0.7688360219686267,0.7806200144016305,-0.5225666735336351,0.5786151248494459,0.5816023083129465,-0.5506459144717718,0.45521017222346555,15.750432124512512,-0.19744034245708952,-0.08486805658613712
2024-11-04,-0.804924928623605,-2.059209302418993,-2.213616011122236,-2.0644820037722997,-1.2522523152547484,-1.2559098973715577,0.5116019888424608,1.1486187481840402,15.923248090311539,0.9983591330601734,-1.3036632835499187
2024-11-05,-2.0370640262334354,-2.279533951195827,-1.272985819302164,-0.8570941354366793,0.8549008140128804,0.855788949749904,-1.5748799321502194,-0.7443177891067014,15.538402326442622,-1.5718376960067886,-0.4739454677757478
2024-11-06,2.6216130747065174,2.793521849263114,2.732291262076967,2.7770521334444624,2.7387576321850866,2.7269540236392196,2.820093358197616,2.7753305289997874,16.993055967421554,2.7066116808244596,2.708819214154828
2024-11-07,2.408549020653312,1.676473258302337,1.8934829686584764,1.1572588134080846,-1.1677989641836681,-1.2207360406738141,-0.5783254743276347,0.7746065477445205,16.61590296302712,1.1626894705534394,-1.5066526957933206
2024-11-08,1.3430239577935863,0.9056929241139745,1.5027042066194853,1.002981455849615,-0.11108414412539118,-0.0967874600660253,-0.621306472169502,-0.5038121286251289,16.067023490013703,-0.5108506982942477,-0.14557736716694997
2024-11-11,1.1429074054558448,0.9799361653289049,1.4975235865376062,1.0351395747300198,0.07394352121986231,0.09469187109144565,-0.2667674579353393,-0.5990901246646316,16.01463344348397,-0.6670120398105467,0.14687331937103779
2024-11-12,0.9850404843677284,0.7538194504837159,1.1743875914683335,0.8716705412157814,-0.16646909187413453,-0.15457073257985762,-0.41828499707025885,-0.8744275049921856,15.741363907424365,-0.7192174932338324,-0.03782667371032778
2024-11-13,0.8079933271060212,0.8329547383201491,1.100076833870338,0.848438181965888,-0.030810560992748655,-0.013775719887789445,0.35700631589717,-0.2253038348952975,16.255472228873302,-0.3794386344086111,0.04267039274501325
2024-11-14,0.8232358496735664,0.6916648838399049,0.9716252978134675,0.7499191984335557,-0.1580680080943583,-0.14588826362832297,-0.3337816738412357,-0.4221455280785143,16.135169165454755,-0.5000709146865129,0.11193006685856663
2024-11-15,0.569101819195852,0.7443383828935188,0.8384309250983978,0.9162354038111701,0.09667520056671176,0.11734319461360487,-0.13539254641778312,-0.2966651991317535,16.259491127954224,-0.06421654096945326,0.5560369270999613
2024-11-18,1.1460273953793065,0.7811259959343431,0.8831002633988786,0.7770464573929245,-0.32029469775176816,-0.31472578636135845,-0.4089995373367847,-0.5863810495281956,16.018562677698604,0.003989562622354064,-0.3861778047151289
2024-11-19,0.25870164779671667,0.29286377845386086,0.8656283358706293,0.42270895948077036,-0.44573901446350045,-0.44646677499292814,-0.4486667121040558,-0.8460666181740046,15.73135921130599,-0.4998457114642955,-0.5541579529967716
2024-11-20,0.804258898802152,0.24794438681751338,-0.32600210099620525,-0.05450460901948722,-0.438976306352455,-0.4273510121922016,1.1165607556149508,-0.17935026489384853,16.014433802858612,0.705978082733917,-0.3559035610950482
2024-11-21,0.41413078118338187,0.5570587901572367,0.9446059393058182,1.0737563704242146,1.5169112550811223,1.5107870055251191,-0.02282634795303155,0.46829827704648413,15.9883856332854,-0.5660738681232944,0.6301424939464284
2024-11-22,0.4270975034225931,1.7234353133955285,1.3419200421525384,1.8993316318859463,1.1406941693244266,1.1377416836380725,-0.3585380082006576,0.05471530978412352,15.894614667720361,1.4950047995520717,0.5819197865714191
2024-11-25,2.01190675085734,2.2720659341660623,2.456068816288789,1.8116351473450851,0.26628651261401076,0.269915365902034,0.7894742103357356,1.3188736498869542,16.14720784863252,0.5589276091411339,-0.06741731683642542
2024-11-26,1.7003468272958429,1.1162928461519637,1.6522626040763237,1.3897818466442429,-0.5962397253472993,-0.5934664701542693,-1.3329206411151062,-1.2867271603180315,15.642009721972371,-1.4711990779984636,-0.8759560105470174
2024-11-27,1.1249113178484478,0.9590103292380927,1.3841179544705748,1.0964784857402532,-0.4534923474147544,-0.4505130327969934,-0.3137233908370279,-1.2288835101613176,15.515209744081618,-1.374366554376308,-0.019873458714041982
2024-11-29,1.035264393732488,0.9296719120233486,1.2450456904541047,0.8874747709364197,-0.3696937615434363,-0.3664681479783143,0.165955424295703,-0.823015406371671,15.519312930423416,-1.273502119950434,-0.6294143520674875
2024-12-02,0.7833560528723739,0.36098937914003026,0.04291661378015549,-0.17159207193169526,-1.424619515694385,-1.4329425275740117,1.9582390217888275,1.5514017116994527,16.00152823863241,0.6426985067706036,-1.4297822299520944
2024-12-03,0.3602060427889803,-0.04872182020961481,-0.11503496430782571,-0.591218030036889,-0.5632375927537046,-0.5615537390379794,-0.840228068277872,0.17037002136337354,15.7112847877278,0.18188923101557108,-0.37089119537849596
2024-12-04,-0.8866172032523197,-1.2178058626221695,-0.7874475918456175,-1.035442431160774,-0.5925048447653215,-0.591058880575371,0.19215979393097996,0.45722221725511347,15.809707479202409,-0.6203738592411093,-0.948416395606274
2024-12-05,-0.7077339353584766,-0.8052966442395435,-0.3795565219452205,-0.6950418444513514,0.6724193926908557,0.674933657631105,-0.37861322398213343,0.045675805175205454,15.698404987735268,-0.840080120615011,1.0904670398373193
2024-12-06,-0.7704008192059065,-0.7608577061809773,-0.4366576086462976,-0.0822888365519704,0.7604889540611276,0.7617515557865169,-0.515452973725505,-0.4747689863306498,15.523834250119544,-0.552649443427895,0.6741328450409232
2024-12-09,-0.4110978738613226,-0.6452108872617288,-0.8983734949445076,-1.2141734935081154,-1.508978464223615,-1.5133636249850189,0.8462999963399763,0.756576595605445,15.772290134468816,0.5645601950513444,-0.5785167843412606
2024-12-10,-1.4820585416621814,-0.470963877038739,-1.2181995271079749,-1.2704920734199232,-0.11948147973278338,-0.11607349218577406,0.8632424646042737,1.9499286159691827,16.024696753489703,1.7882866551237713,0.348951195711862
2024-12-11,-1.185459517446657,-1.668157264785606,-1.0153325562836726,-0.8526142472768662,0.6797187646165845,0.6810948533530848,-0.6894493151935454,0.8314245278310914,15.880396808467637,-1.0528620530074084,-0.21992255931720855
2024-12-12,-1.294219746295742,-1.3934839453674046,-1.24733336923987,-1.3883298900454524,-0.6096890976802783,-0.6078566169795708,-0.9505893713287534,-0.5385303205704909,15.626059232653294,-0.3635140922052893,0.18157333137983223
2024-12-13,-1.4000244157255006,-1.624068100414227,-1.9708504478171887,-1.7980158535645312,-0.3283641831596926,-0.32563725153880324,1.6899261962810768,1.6749436497996326,16.156614290792717,-0.03470440194940431,-0.2922430290052883
2024-12-16,-1.6899350079348465,-1.8505125708147412,-1.921964768484967,-1.5148872373844902,0.169167378033529,0.17246159436088493,-0.5497236407258972,0.7321191752487684,16.016284495529078,-0.2481352498463316,-0.32283880978835333
2024-12-17,-1.9226910629901621,-1.7978003990536295,-1.6836902469270023,-1.5225336941665153,-0.3408931616514651,-0.3383478091151322,-0.5341667039758785,-0.05871991486433823,15.905347999533483,-0.8017067837060712,0.22129054427267286
2024-12-18,-1.3818119219152944,-1.3861219597482157,-2.2676707381524284,-2.309774476846074,-2.312221991968022,-2.3242236340043476,1.0223583152182103,1.333525751898088,16.242293710722258,2.560931295770382,-0.37466584930777896
2024-12-19,-2.1927654572367024,-1.5973613034062317,-1.331174183857256,-1.37824211832327,1.3090883720753215,1.2961880485573674,-0.1769931376450003,0.9784509674797403,16.282830209137106,0.05058309623974482,2.256796049277318
2024-12-20,-1.6748482311466788,-0.7424566235819912,-1.199409925607056,-0.32559582218732236,1.6581964371708755,1.6404117144311028,2.470473701338142,2.695456402678721,17.292075149559743,1.293280456966534,1.547366640396676
2024-12-23,-0.6866672498052955,-0.7398175517945299,-0.39988944418500766,-0.02946012735038228,0.39049531699757273,0.39371153784974194,-1.3654549124916708,-0.9989799840252174,15.96860919338172,-0.303034281165139,-0.48150252408440747
2024-12-24,0.17460955974427433,0.6974828228335713,0.6356527883786194,0.9442592906825412,1.0910942388505973,1.0824475117841301,-0.9365425067837352,-1.3501322671459355,15.131677743803552,-0.3681762910906869,0.8525951877707472
2024-12-26,0.7702859179675506,1.085213142675971,1.127386755466807,1.1722687043879538,0.22903275782023758,0.23408507560161704,0.08773943278038261,-1.0460808674076991,15.308819291366861,-0.7778099067758966,0.4890579278095343
2024-12-27,1.1207327786361612,1.2165888439152748,0.9961694292190281,0.6972296751183944,-0.5304146876560979,-0.5224352430323138,0.14960804738238315,-0.8025434441042716,15.561261166609716,-0.43773535342291414,0.26912098372383964
2024-12-30,0.18833700105630666,0.2413763803577771,0.30815805154337755,0.25147343300099734,-0.493044883507167,-0.4850691182818028,-0.16924097256297346,-0.6457598636865562,15.560143653156157,-0.27421343015632244,0.14550112920226868
2024-12-31,0.5628150722230705,0.46657594632572563,0.7555900335560637,0.34586174418390153,0.09639050923372704,0.10257404998679627,-0.3856807847764603,-0.6247448086909465,15.398810018085312,-0.7736524612264988,0.4954477968034381
2025-01-02,0.7192863747858833,1.031775105004633,0.7630367689774049,0.3742284832888075,0.02772968180871751,0.034340695943353206,0.9586469995468833,-0.03448966489131581,16.036983313100993,-0.2781509075382504,-0.06765310815383772
2025-01-03,1.2512678941011264,1.3294186714764502,0.8318450366868957,1.1340583094562748,0.8504154401053986,0.851258328701624,-0.20334721337827313,0.08118184882635537,16.06586518071653,0.4100440518133753,-0.7381957884944335
2025-01-06,1.2878152676141923,1.7930581744670904,1.1061004390974913,0.6993099194605871,-0.8885623105537886,-0.8895305860813485,-0.1818301770571401,0.21407605316158632,16.109841781300783,0.6503271608846817,-2.2535077630856297
2025-01-07,0.8272179018019762,1.3205224399974025,1.2372761655416455,1.536381619927324,0.8003481621893996,0.8021003169480222,-0.23472394109472505,1.6581011178084002,15.984952868529358,0.7329469189925798,2.220347149698976
2025-01-08,0.9580351361122158,0.8021574626485962,1.0233958228508382,1.2792928223118443,-0.3156648482288434,-0.3126855733034405,-0.18688886946563849,1.3001838031398731,15.975990580601596,0.04026581695580085,-0.6684126387551569
2025-01-10,0.9233285911153701,0.4691236996203864,-0.17358788636904418,-0.39865595659198105,-1.5577178728870011,-1.5651415592190727,0.15665040634743455,1.3026845839868124,16.14345155571692,1.282927318689362,-0.14067764151924897
2025-01-13,-0.7117782362894989,0.6914897701364069,0.0357391734193281,1.5423084966849285,1.6822370729620277,1.6752343884972474,-0.4564795689406366,0.7896022335904953,16.11862561050495,1.456126105319427,1.3847221579557005
2025-01-14,0.6521330642482229,1.631354710532999,1.6047640097218956,1.9678433756002447,0.9916817586775828,0.9909488243822949,0.4375429536788964,1.127263356249644,16.333803707366968,1.1076405098680344,0.7608090406596422
2025-01-15,2.428600131523214,2.3625314936585053,1.9412348364984597,2.191907433459563,1.289852013401208,1.2836567822802365,1.031757747594498,1.8836432552369844,16.73049367853766,2.482364314335144,-0.404714867893665
2025-01-16,2.172639774721797,2.1280364125262206,2.6017192945661085,1.857861769640078,0.10588820237442893,0.11030937970573039,-1.0156411689627785,0.42104030584992064,16.54286005709936,-0.4188302586727986,0.455501639772849
2025-01-17,1.6388705725298884,1.9379780004191525,1.7948429474059178,1.9272924891031253,0.981750320240905,0.9774428505952777,0.38656865924934064,0.6765257756815188,16.687837199902695,1.2965081354265449,0.3396956012941485
2025-01-21,1.8702229370571053,1.7818234680484997,2.0424447792031417,1.7757222616779162,0.5809445527014755,0.5816755613367991,-1.304943241639452,-1.0393265321789702,16.433789285603538,-0.6423512948437367,-0.04601059069185374
2025-01-22,1.656664635879557,1.3095102591708472,1.5898199416389407,1.3783900575376828,-0.888749701646332,-0.8842464217508387,-1.4419188173538113,-2.0314146452218727,16.015165623713592,-1.2023124360675894,-1.6316248881119653
2025-01-23,1.444918224994947,1.3544935440149501,1.5209724306245698,1.3645983734526959,0.25823728014421304,0.261490156925357,0.5716297005218428,-1.2823312999370449,16.190388498197642,-1.105307050032866,0.14406425015765822
2025-01-24,1.0857117760052324,1.1311693141145955,1.1593013030594181,1.0220265671737006,-1.1414427576948818,-1.138688433370817,-1.1324943627725266,-1.5567814532866682,15.852344788435666,-0.6740790859029361,-0.9976390840505749
2025-01-27,0.9359521944549608,0.8439428101765796,0.9001147759887723,0.9880258572301491,-0.7757237295124292,-0.7728685832600067,-0.07327651340115814,-1.2345176639281696,15.833382633165005,-0.7245905445915912,1.428206113608897
2025-01-28,0.9909228987381427,0.8938611809532188,1.0100868658570377,1.0155161796205496,-0.5152126034411224,-0.5122561502253442,-0.07797290397184325,-1.0163509030462512,15.813660831593362,-1.006053140132829,-1.2052634836416325
2025-01-29,1.1161235927517896,1.3440010966514009,0.9660099151757842,0.8338765185859951,-1.1059912700313048,-1.1080482130072866,0.23949805930755413,-0.7314823360267798,15.85476805263373,-0.024919834209318405,-0.20943607191468477
2025-01-30,1.2104839670602805,1.0672322877239948,1.0870187243894118,1.04585282622177,0.0056725179106961645,0.009049288423833447,1.0002604952975738,-0.16860622231218408,15.984964292595135,-0.6982940786577388,-0.4247382737233849
2025-01-31,1.1663944331534761,1.2643721988858965,1.0105271484051042,0.8091451982447749,-1.0509147517017425,-1.0536712807263715,-0.641860856079816,-0.3045479868435067,15.789077701971536,-0.21945003090803672,-0.2349487941531611
2025-02-03,-1.0203783231289179,0.29604197016761974,-0.6820784286891807,0.5315625999784553,-0.7229760647927366,-0.7231739754491676,1.1235077329928698,1.1206076011224373,15.941525642255499,2.114995134732616,0.4040322127509452
2025-02-04,1.441035859362455,0.7912810757352732,1.1213625605069137,0.998819248766058,0.46192008463689677,0.46427035555022983,-1.2831979728557659,-0.24015098878599,15.542909445778102,-0.6822740993706521,-0.7011051729824405
2025-02-05,0.9099930941951563,1.0559831401035993,1.4897165959760135,2.151991791948376,1.1611828305541492,1.1603715985815328,0.23006632578078717,0.09759836180579697,15.556748540148009,-1.1174371797018139,0.3299628918911347
2025-02-06,1.6151579716150581,2.3649919225845086,1.8702861743990786,2.558314204857766,2.38338828214392,2.3760080776691788,1.5048481574500459,1.7841544699497494,15.798496401484089,1.2002100506484814,1.8596500504426337
2025-02-07,2.027249989107398,1.9294474554914711,2.0077075287321744,1.6577732730044736,-0.9710512204901831,-0.9763038452540462,-0.34377476639942295,1.1765420575268943,15.740911976205268,-0.16747637299976048,0.022976431829955565
2025-02-10,1.390533961723424,1.1019431656609582,0.5432298863693228,0.32569807395429307,-1.7968215228620181,-1.8122334977797943,1.198040693575171,1.9232450037183595,15.970453858953656,1.408846814766697,-2.2597650262307627
2025-02-11,0.018616504724595428,0.9179490099137109,0.4400899889684582,1.1112439405641146,1.017249483546245,1.0172374914873257,-0.9138475177918226,0.6706746300913514,15.78909159790296,1.1317690124277038,0.9733436547121787
2025-02-12,0.7263122314376261,0.8072657841860152,1.1744124627203474,1.0050537441368477,-0.14723426540180062,-0.14232242797042455,-0.37913476209131375,0.17640170727954785,15.715212357097604,-0.7769268078856797,0.11073784571031636
2025-02-13,0.8635576408274023,0.7696634481906205,1.0729866663049197,0.9987149441539848,0.011181067592586422,0.016233377912358272,1.1277141029817104,1.4209739045358056,15.94358760899796,-0.8034109790597798,-0.791696255922379
2025-02-14,1.0360690511814912,1.1099909178046972,1.3600903916501357,0.882239708868565,-0.22623888757548866,-0.22159652145998845,-1.4034068138849667,-0.8368537958977421,15.553974905924267,-0.9224129833745831,-0.09845862726600045
2025-02-18,0.8884752568037406,1.1517786350128598,1.2090998879018342,1.4968088816776846,0.6501082509277957,0.6517332827914788,1.418928889622125,1.031641711505939,15.884876637212313,-0.14265588599971749,0.5763948241458178
2025-02-19,1.1410933857113257,1.125143726804558,1.3247303522622882,1.175815333320056,-0.5863505369147746,-0.5827749080174102,-0.6903626362338672,-0.023281662469753574,15.76244889254136,-0.7009079738591291,-0.5912848467384193
2025-02-20,1.1086552458330627,0.49966455885605104,-1.9181388299081337,-2.2113532241402383,-2.287387969307795,-2.306045792799859,2.2244578758865923,2.5439068315492865,16.44355756727885,2.5158441975080916,-2.0936499092835326
2025-02-21,-2.0122655304912898,-2.496008787195598,-1.8828523209985624,-1.9094364066437135,-0.2994117775630511,-0.28925287703164304,-0.47952680849039275,1.294154478319154,16.367733196278767,0.39887711751706223,0.6447539252232346
2025-02-24,-1.8962189754828334,-2.015907629611522,-1.8684026931376847,-1.744884117630046,-0.33727597066516923,-0.3272468739933375,-0.7410466646363686,0.04238916412678051,16.15469764980885,0.8993701086143312,-0.08769988366741895
2025-02-25,-1.8062526421835425,-1.9257744340925609,-1.8570596964862551,-1.7164936463391938,-0.5967827151725794,-0.5861319645274544,-0.35037201124916206,-0.2711045608659338,16.07814837792432,1.144207813525078,-0.47016296457767454
2025-02-26,-1.870551495961543,-1.6502769284689798,-1.1603924011393396,-1.228107948624529,0.7136195256606161,0.7087909194755507,-1.0408832564945312,-1.4077131164174033,15.597825736612515,-0.45967385340763683,0.6487952112101483
2025-02-27,-1.1833518877487372,-1.0454583523964547,-0.8676328207343961,-0.9777340509929966,0.4421047729585933,0.4427976011283573,0.7110921324306911,-0.6425988662336533,15.920181275575695,-0.03213124974016437,1.2542752581392058
2025-02-28,-0.9144963892931057,-0.736884155895452,-0.7034155899862485,-0.24852464193799445,1.4342304026921104,1.412518017522531,0.45390480532286215,0.07844922774631294,16.163747658164688,0.1954121693815875,0.4608710512807552
2025-03-03,-0.3980072776303075,-0.41138496678203584,-0.5622123016511388,-0.5646877960586336,-0.519548338192282,-0.5107449227336153,-0.6000328308002363,-0.5840355754850353,16.019192132839844,0.5357189206316424,0.2379493432569166
2025-03-04,-1.2127643806470991,-1.3483895646678585,-1.6485415488598039,-1.5885376698954083,-1.4525283043342239,-1.4601794894759936,0.909564489161429,0.6004299928602321,16.41564891746867,1.303142892326103,-1.2967088658191606
2025-03-05,-1.4546272096874107,-1.6325658616829635,-1.4242530148099883,-1.4735568860749109,0.7534663592609225,0.7540849918446224,-1.145112164758712,-1.07479279728937,15.877475392796574,-0.8937077040746577,-0.0458472054684107
2025-03-06,-1.7558006716050387,-1.891279236214059,-1.6556392577743944,-1.7910474359148403,-0.7156695672288993,-0.7114410966975789,0.8030075843881131,-0.14044549569160236,16.11641433834406,-0.6152019534882383,-0.04860375516231067
2025-03-07,-1.7057174421676498,-1.7195686546737146,-1.7694604812121755,-1.7963832826645623,-0.5108270633280383,-0.5051565611347176,2.039114203182848,2.3858948762780834,16.835872076247277,0.18475395475734605,-1.3687932522696062
2025-03-10,-2.023702866057054,-1.9916335940417507,-2.074781750941849,-2.0374950345935514,-1.4886418691090535,-1.5015570169861379,-0.48503805181244963,1.2865656021312921,16.75399505486205,0.9590535949045603,-0.67054939814475
2025-03-11,-1.7939466972768177,-1.7366773800722917,-1.6543599351236113,-1.68855339765269,-0.093779140551134,-0.08463248069843947,-0.40649182939349837,0.7160720654511734,16.713795424469975,0.0777496297820385,-0.06262000639397292
2025-03-12,-1.2541036776008037,-1.2980274285443074,-1.2769119863906246,-1.3911763616126205,0.36376191347406117,0.3713004076397347,-0.6785622259879509,-0.08757389102674097,16.59146865996343,0.12418326561502734,-0.29413610850373884
2025-03-13,-1.3153171255188907,-1.3364506916827958,-1.2330931351633159,-1.271884265476074,0.09882548532728419,0.10746182938582576,-0.25925198862125004,-0.28451084760168344,16.616923650194888,-0.8818172883670793,0.8974832785799703
2025-03-14,-1.1601947631319969,-0.8842554488414265,-0.8081567843897334,-0.6104539765043379,2.121230487548564,2.096581755376778,-0.8216233332597354,-1.0673701560249247,16.297253959955107,-0.7137858331259989,1.548518580112363
2025-03-17,-0.7881200342501534,-0.5467802400599274,-0.41317637874486013,-0.3319803037050515,0.7711802765114256,0.7770116305921788,-0.6255103564530606,-1.328736063661815,16.075814363020505,-0.7904332931744213,0.6538863686324082
2025-03-18,-0.31893873046708315,-0.3417546060536783,0.070317537719364,-0.07565963303596458,0.5339242528981887,0.5407029481099425,0.11928675412099721,-0.9580247479539218,16.152004299275486,-1.9332792972696953,1.6306775195276058
2025-03-19,0.05270499190056297,0.7118909391462028,0.518827201483974,0.7147035029088263,1.074738204824442,1.0729911807504502,-0.24378810891924407,-0.9934704764646345,16.130083607412015,0.6955297982993593,0.7589890881038381
2025-03-20,0.48033005062099793,0.9130240596773578,1.0854355265999471,0.9966771544959465,0.12309267852884671,0.1318756250783254,-0.537530967590326,-1.0862860177788545,15.935194045968933,-0.42398639886789535,0.29269910206448474
2025-03-21,1.3182299020956505,1.3027823548068083,1.345523641059152,1.5249109433637171,0.5525625645585425,0.55567458707958,2.7673718986577716,0.8947313171017398,16.777008517586815,-0.21097036194440508,0.8880753752894799
2025-03-24,2.216448817239136,1.8845438200258866,2.004967858195055,1.8565825493772652,1.2924249999010835,1.2892282999040596,-1.060567447869182,-0.6958112301164305,16.058632335814185,-1.044644025587316,0.6302122671963682
2025-03-25,1.9512532956833084,1.7320547469729612,1.7916705091200533,1.6789701390290497,0.22474467124897593,0.2307580708167268,-0.05208638817189211,-0.41897464723435857,16.044201609765892,-0.9269422012735767,0.7013833944358439
