Date,open_std,high_std,low_std,close_std,daily_return_std,log_return_std,volume_change_std,relative_volume_std,log_volume,high_low_range_std,excess_return_std
2023-01-18,-0.5651293586136054,-0.742103072765232,-0.35356215976640326,-1.2331437112481227,-0.7604499859308192,-0.7551627054510214,-0.3924408531726563,0.0,14.649419615580628,-0.35504288326680195,0.0
2023-01-19,-1.1568093012425824,-1.254544506943208,-0.4348739638094683,-1.1650551336506192,0.03619788459518611,0.04348888148369006,0.43326440991709564,0.0,14.793197754883698,-0.8979442968905468,0.0
2023-01-20,-1.6765990738310281,-1.9256724004872046,-1.707208505159343,-1.6216142578431705,-0.6464879058768965,-0.6401919052786318,2.2888515023682157,0.0,15.500408570871599,-0.20144894692964346,0.0
2023-01-23,-1.3598397382103506,-1.7659995237231618,-1.5113762516300733,-1.7328672811898718,-0.33932084777445976,-0.33261151628445734,-1.1477143353802577,0.0,15.040197632736996,-0.44907592065691043,0.0
2023-01-24,-1.2258962977473147,-1.4035742519015588,-1.1107416587956735,-0.9800888586188343,1.034439596582743,1.035888026972366,-0.8853870881511327,0.0,14.62310231884587,-0.7990770894813305,0.0
2023-01-25,-1.171192753451843,-0.8379193977361861,-0.5891314592274312,-0.4301484972789897,0.8144350849828836,0.817840419489535,0.12378400739438124,0.0,14.733120818876943,-0.9463959249153443,0.0
2023-01-26,-0.24481326766340525,-0.35844605787317824,-0.2749964366716557,-0.5379637468042732,-0.14566151829124538,-0.14145812291511478,-0.07773284256697871,0.0,14.76182639111267,-0.425727082944306,0.0
2023-01-27,-0.8432825222228119,-0.8125491010819291,-0.8775294220948963,-1.2097738515949938,-1.1127720858126526,-1.1172319420847303,-0.38536856249111257,0.0,14.675696861536998,0.7313488549467166,0.0
2023-01-30,-0.9540114314319754,-0.7154618055679425,-1.042281192190895,-1.337168132111881,0.12562969348358377,0.13058594097560247,0.039812494178771314,-0.4854068311856115,14.789202274255757,1.8029366430982348,0.0
2023-01-31,-1.5499008852723712,-1.2278211103897567,-0.9691613492013718,-0.5209598232656747,1.2919333504667223,1.289838284428709,-0.36622776338376,-0.6369849561665502,14.69376748802712,-0.8946634702382299,0.13033834685539006
2023-02-01,-0.9972391366105272,-0.8081308335801841,-1.2232591374843396,-0.7625206858993419,-0.18481598056477488,-0.1805142973424299,0.41489764889514025,-0.13314208981575626,14.911085237766397,1.5662754174976041,-0.4737985569035086
2023-02-02,-2.2855180007679246,-2.4949060144385746,-2.6848742802491317,-2.3741656796927395,-1.9825026729218806,-1.9985303411143185,2.6650198781217536,2.540238344251348,16.383271420975984,2.7057651252556347,-1.819685123278125
2023-02-03,-1.7665493235157492,-0.7756584338305489,-0.9699596243470762,-0.649940702865263,1.5897590142722369,1.5719369772805416,-0.7178575404548132,0.2603359323227694,15.550823301218953,1.0686997915064187,1.7538484577128493
2023-02-06,-0.10070237899102397,-0.46439785012330753,-0.2986628987430074,-0.7978664272591766,-0.17668003172110738,-0.16868615931050734,-0.6139906865433926,-0.5366163094735357,14.932519584167736,0.08219019794374134,0.23629530435856724
2023-02-07,-0.9555558649564576,-0.8344329501865749,-0.42275336248140916,-0.3232798485852597,0.47597165633270544,0.479929455044968,-0.39283535930965957,-0.6984928912127982,14.71733759305521,-0.09273468460309642,-0.06286521457413186
2023-02-08,-0.4057074121029668,-0.3173247133800527,0.2724682175435559,0.04696768967307527,0.3478877182549178,0.35317059516214144,-0.23049537665021538,-0.6626094728368429,14.690729680833737,-0.8500253025195448,0.8456399717528779
2023-02-09,0.24145129330117943,0.9033497456625542,0.7488344191644396,0.5081420009278599,0.2978167649320016,0.3031858959634574,0.01992391325505649,-0.43430031718227674,14.938100081449864,-0.5061998876663536,0.6187373039188763
2023-02-10,0.9307915890836039,1.1602819109476175,1.0179559223077959,1.2197417484646647,0.5653385950435614,0.5658227005246372,-0.5165920473814178,-0.705614148689215,14.498607907721096,-0.7443341475921565,0.3189687649674345
2023-02-13,1.5505990733600143,1.524581642176598,1.2539352822619076,1.7811573760724133,0.7717467567194682,0.7672647101671134,-0.0681038532616315,-0.5521008762156684,14.644761257892796,-0.8335586012091459,0.1740122668016581
2023-02-14,1.8810783937514908,1.7589800327226126,1.2959108460974103,1.2491501816538284,-0.39804633037405046,-0.3893422113588257,-0.30543227367934256,-0.5770045026687092,14.523004825108934,-0.5150183716464649,-0.20485601746288146
2023-02-15,0.9406003706130143,0.4555482517813232,-0.11310902010811155,-0.8324457947647446,-1.7330139667366162,-1.7417447932912296,0.42579247740785287,-0.10601047163146507,15.096639106692649,0.7484639431594518,-1.4539059463055317
2023-02-16,-1.424762674843313,-1.9267544324650447,-1.5170262875322806,-2.034527250896374,-1.3933454435856052,-1.3944562822159567,0.16217752067880975,1.3570031793965958,15.111388022617374,-0.1458142850670867,-0.7218875194534187
2023-02-17,-2.0091826584933914,-1.6502574057787542,-1.8122563140049792,-1.3564484514770507,0.6038981364645772,0.6031152130174364,0.007358287653231253,1.8678054470869374,15.122653751370747,1.4576175814452546,0.7157357093509434
2023-02-21,-1.210216944916606,-1.3153943623133018,-0.9668257559147592,-1.2273367151254218,-0.006546928959910286,0.0009231927821420653,-1.0379462276949503,0.40271372236399,14.738022299170884,-0.6755226527891386,1.0187838331273424
2023-02-22,-0.9152055166402558,-1.0416187250569422,-0.8705679531342518,-0.8794759176774445,0.45901939489909416,0.4606375019669091,-0.28191062500584646,0.1596384826419884,14.68252742870648,-0.27471744205644616,0.29017983038119827
2023-02-23,-0.8481471979091155,-0.8663344315446231,-0.7910511082729809,-0.8795566516641423,-0.07444117620691978,-0.06656973151404594,-0.2979817401208598,-0.09383516090589564,14.617288351580628,-0.027339727823947828,-0.5514593193030736
2023-02-24,-0.8769514266911883,-1.1932162773220658,-1.112761562229186,-1.2155722066273855,-0.7435413406334923,-0.7369426387635574,0.45078028546516746,0.385975294932373,14.768943305534838,-0.0061552939614911715,-0.284365310686277
2023-02-27,-0.990705456083762,-1.2682428332460707,-1.231473285797456,-1.367122586180788,-0.46881389850659017,-0.46215034533501514,0.3419189030676813,0.6848574716398047,14.928519055485143,0.09055552714146234,-0.8143373694920771
2023-02-28,-1.3516318627204247,-1.5984051481996975,-1.5119535187739388,-1.6021378565850326,-0.41223994900521516,-0.40618423129211334,0.722698365595653,1.3785063414575076,15.193495743299003,-0.6729879534237382,-0.41985884839347193
2023-03-01,-1.6574330655367875,-1.3511672149785912,-1.5254723913380839,-1.2634738839969584,1.2785617861203757,1.270541847117121,-0.6366372835531229,0.4837396415736057,15.091097076366907,0.1128241824247962,1.127129269608477
2023-03-02,-1.4286505345008107,-1.317994474928776,-1.1763638793344715,-0.9745323143983744,0.7090462106673807,0.7103306698798573,-1.0220166759912992,-0.6030382907987445,14.875105126208018,-0.734967626321331,-0.21572140777573173
2023-03-03,-0.6546023096685276,-0.6453442831951872,-0.39425597208149604,-0.3759005350054573,1.1692811872015036,1.1644799480795442,0.2402398884184999,-0.18003649290346518,14.915056077703442,-1.1015105268240346,-0.3363390012259219
2023-03-06,-0.4796283724155786,-0.4975532740326412,-0.15340312736450798,-0.17019114606621355,0.42033234872941905,0.42355565065521245,-0.5012069306684591,-0.47048149481587687,14.798974212890112,-1.874811327146691,0.26535742285161884
2023-03-07,-0.0744457025269019,-0.34518430143207024,-0.9709064961508246,-1.2313990035437783,-1.6047711284416526,-1.6131760921405247,-0.22044595541355044,-0.6074537239661588,14.778990554203697,2.2027989967777173,-0.5938145283136801
2023-03-08,-1.1429814139766776,-1.2739563175607913,-0.869400235846783,-0.7965573602056641,0.8520199041309573,0.8517225306515975,-0.7886812870136105,-1.1886674746227748,14.654142837567681,-1.244550908511857,1.0248024615735865
2023-03-09,-0.7171959488755612,-0.10201160626688857,-0.13601222786200762,0.3481636770758855,1.1766375221263645,1.17033807367617,2.297755587570515,1.4143836778726606,15.181678994533058,0.05257997584738054,2.2088754442967478
2023-03-10,0.8328724878729438,1.8772726698776523,0.7010527432672374,0.024818484406786256,-0.2789694666975463,-0.27234772542646385,0.3307755162107252,1.5973796871773411,15.340979950130125,1.875096754489678,0.5290684400277533
2023-03-13,0.7024148890408155,2.139417209217927,1.5266968294130936,2.105067409171438,1.7243067150751639,1.7046165289169886,0.24664331194023043,1.5792968466838129,15.478603164485747,1.8470506669800042,1.590635838610817
2023-03-14,1.859789288443056,1.0720881970310865,1.9200890467477285,1.8934794001542956,0.19971852361245587,0.20503456896933792,-0.8731236304675655,0.3723975492243348,15.2539942993668,-0.5047043044148177,-0.951440742502584
2023-03-15,1.7235849718879366,1.3855182781690627,1.8671132542341338,1.6959522307706043,0.1727152966208004,0.17824081970435324,0.27148786876352854,0.73322841284083,15.372286028629846,-0.21983863772759765,0.514413597117911
2023-03-16,1.567842773043469,1.164373504855135,1.508632889763903,1.3331908535598125,-0.306255041754751,-0.29934691478399444,-1.1389360275261795,-0.7413658635020475,15.06775939431636,-0.29291865890781404,-1.3175309526638872
2023-03-17,1.6439458767821755,1.306442198358525,1.5393440614699017,1.0522447261730103,-0.3123896679675594,-0.30601787711879974,2.440795119659323,2.1724459729702423,15.97650916010644,-0.31276458396922496,0.20262397519870395
2023-03-20,1.056314770489436,0.9513929057461492,1.3213734597016715,1.299255834935031,0.6024844016321005,0.6043621537496067,-1.2700006067078218,-1.0617778875107824,15.079891772499305,-0.88246648493862,-0.1464258136656289
2023-03-21,1.383377149770543,0.834147313881201,0.9948294563096337,0.8359525191785944,-1.2641948767328768,-1.272931289190241,-0.38074301783490516,-1.1687130464581337,14.991207645542302,-0.36311985325437335,-1.4758933710347615
2023-03-22,0.9051686914973154,0.9599323387322759,1.1699219897512814,0.6851496807302363,-0.5436109715450589,-0.5426724855131523,-0.614670685241815,-1.431170321263549,14.720619404933796,-0.8316373549388331,0.49551336235497523
2023-03-23,0.6597513822320324,0.9404593407024088,0.9575730836800336,0.8099280017438222,0.010762330164452999,0.015709822610234077,0.05286619526935829,-1.0458972802720103,14.81002116793636,-0.707356296831267,-0.12657458851823147
2023-03-24,0.8673392896535267,1.2725955649903193,0.5766442974893565,1.7315835646015587,0.3801515613936139,0.38585036743672163,-0.031817540403557186,-0.7731634862142829,14.842233283783012,0.35123632056400256,0.07281368774280296
2023-03-27,-0.5592211315344313,0.8416703498594428,-1.1654653571163034,1.1363532573161481,-1.1242030370556937,-1.1253112979833055,0.11708125610577695,-0.393580166111457,14.947654652182612,2.574880983425123,-0.4824168025901968
2023-03-28,1.5933076965214747,1.7267120597258683,1.9301770547880654,1.7464408433204186,0.8555657332754033,0.8559998709567274,-0.47273672494577545,-0.5856033630826933,14.704718232410027,-1.039143610267305,0.6959243282766426
2023-03-29,1.9215871248109169,1.7050739733692697,1.4754825119637118,0.9385091853268567,-1.001586398960616,-1.0029964197130714,0.14901509846536706,-0.19721982693137974,14.824854743332185,-0.5467243779601361,-1.3306492437315256
2023-03-30,0.9166241844423231,1.8628031708208501,1.4804160722983344,1.854449324207702,1.3471625266795355,1.3438119662477097,-0.48692075705598914,-0.45801469944253165,14.579535964945428,-0.46929714090223235,0.6019246399801739
2023-03-31,1.8218704171984696,1.8972206650737617,1.834732027041928,1.9175425987923373,0.46106249137179,0.4633964759644098,1.6017481282279127,2.2679692447244024,14.891741236617298,-1.083218049619508,-0.47268002675878096
2023-04-03,1.5987599881309105,2.3518176192483256,1.5941364697805311,2.1711947404290837,1.7319396883214135,1.72346489457243,0.18181939708873146,1.893566654214434,14.927236814768369,0.8362204061904024,1.2417839387224034
2023-04-04,2.0795143615251237,2.213281909743993,2.0133772004034634,1.9166255459185275,0.4928115759116692,0.4954524332044468,0.7722858948970442,1.9215971979544961,15.092520325404163,0.2580351375832616,1.018383236750309
2023-04-05,1.9374639781927687,1.9584938743394644,1.9037518656955625,1.9655237907835756,1.3594973154172474,1.35366263824068,-0.49588159097072226,1.2413084471077505,15.05176689568001,-0.0836199877997631,1.4175387949349123
2023-04-06,1.849119625320785,1.7383780190831,1.769889950565313,1.8262359981120366,0.6933107415347901,0.6934677896505899,-0.0843544828376596,1.004736825292298,15.077290182535949,-0.6137032060869821,0.5054871696361217
2023-04-10,1.5946934427722248,1.3036678600308507,1.3284531743949044,1.3491567053676183,-1.2081014657518283,-1.2093014067099785,-1.9312351116318676,-1.1129865532175793,14.440379433102688,-0.47936249871930803,-0.7187342209618873
2023-04-11,1.2964881528361936,1.0987747553656606,1.1738765214591649,0.9241180911713288,-1.5357680713737383,-1.5407706157072028,0.4102071236866107,-0.7502529327560667,14.522067918773926,-0.39533616774629265,-0.9482882499898431
2023-04-12,0.8315864522890318,1.1356944602636438,0.9496336796913727,1.0897744824777686,0.4371344892164691,0.43989878646996866,1.1247692951629495,-0.0015454396599051427,14.798562713496505,1.3203462016667162,0.8239349574382111
2023-04-13,1.2294626506445612,1.1589850726368378,1.263477365413683,1.3472633199186792,0.542172461363551,0.5427510826433524,0.11437702488567217,0.1401857971672051,14.859279750374865,-0.5881180261728389,-0.4321309523009257
2023-04-14,1.1743591765057333,1.0656774948931231,1.2467034508170196,1.1360464013796499,-1.019893290128388,-1.0180510801019047,-0.9540790339446693,-0.8821829986122398,14.643145361314916,-1.106381308992006,-0.5556632363108639
2023-04-17,1.0752728188927712,0.962141368262672,0.9787514739683887,0.8024278120160667,-1.2434375915453584,-1.2453031613136578,-0.41813191677861805,-0.9608536319806589,14.53807138460005,-0.8204952859331118,-1.3774131619635992
2023-04-18,0.8058309077118619,0.6757225193317364,0.7516869619660723,0.3491038673429482,-1.03629008006932,-1.0377194799389735,-0.2108556598013603,-0.860517919736461,14.470592877116866,-0.7473069105006189,-0.9736787975308533
2023-04-19,0.3211480352345313,-0.11599900037034022,0.22468828281434605,0.2732057475675003,-0.25662730706027176,-0.2523337754759334,0.72951871933869,-0.07386166121474363,14.591619719431742,-0.9329662492975175,-0.1310887968651513
2023-04-20,0.32161394390705145,1.0084469671837575,0.6217956657061678,1.1453077001033942,0.814841929327683,0.8170137863708972,1.15771893481068,1.413297222472671,14.833093902787795,0.5864101268723373,1.4473765040944682
2023-04-21,1.6137008126238892,2.3121799667559397,1.9355444504669068,2.2318558792853525,1.9134572455708112,1.9039765748334478,1.1654147756625024,2.3119694628359784,15.119102698873537,1.3693726331803884,1.813460824801103
2023-04-24,2.0990019966454443,1.7980688114257,1.9056672372988408,1.468705659078652,-0.7617442578847664,-0.7626265970441629,-1.9553871144910375,-0.39590131197366324,14.53807138460005,-0.22502803015711773,-0.7418600507007792
2023-04-25,1.5633340205338804,1.766038790598741,1.7329022328730674,1.4179601796968053,-0.15207179230377849,-0.1475708851949702,0.8764195465741919,0.3643256514269759,14.789542134032885,0.2786082508524134,1.0155203512914053
2023-04-26,0.8225261543899535,0.31583532394945085,-0.49980008842422097,-0.07690541253282616,-1.7346528163938777,-1.7519834594957737,0.5921192776189041,0.9565031037531702,14.966462576648476,2.2871385589356996,-1.4758993454525706
2023-04-27,1.8423750576455147,1.945683332821371,1.0438489129230757,1.6991826408045183,1.900275630082146,1.8865825119180588,1.5997170244692995,2.0318723674942283,15.421201659862227,2.4438473775675607,0.8887792345209435
2023-04-28,1.89133933256916,1.8122714401983266,1.9582609784165874,1.7448645694604967,0.47935730598838544,0.48658953084663153,-0.18477691049118783,1.4354367023105137,15.492420372464201,0.7916331467048378,0.06776432635928652
2023-05-01,1.3987155992781626,1.5671474641144671,1.4693389609266934,1.9283253297234308,0.9027724345725299,0.9031275690389113,-1.175725558385811,0.07642147638181554,15.224324684947042,1.2269377680105809,1.1077031378598576
2023-05-02,1.721084910913495,1.4794521430123524,1.6515972772615435,1.4226268233151353,-0.7278477071009329,-0.7241118939891328,-0.5571897551767687,-0.42341396005865484,15.1725308338069,0.4514199405211023,-0.15430188902346817
2023-05-03,1.784256603331702,2.11026471540037,2.0544803709233577,2.2383887058476057,2.0296678686976035,2.0029721706510513,2.416389601315546,2.1259047711181727,16.130992231411966,1.5406363416682876,2.3173702403977336
2023-05-04,2.054210366337732,1.57382915118068,1.9616098347197692,1.5823113526569828,-0.7697900110403431,-0.7716355125805563,-1.2465272964324061,-0.9720269645308384,15.219325778460119,-0.9753851006771309,-0.5821112183385502
2023-05-05,1.4564068128000802,1.2023349771270775,1.4727582719381274,1.2315965378946905,-0.47224941732548814,-0.4689399038257706,-0.6804869396955676,-1.254548733071913,14.82816582270807,-1.0255947335562845,-1.1388476436376098
2023-05-08,1.0961341054997384,1.1358622103133158,1.1217212098918838,1.1874841500846025,-0.03908739950176841,-0.028204006734954674,-0.39664037753635245,-1.2572266325052321,14.723204846066391,-0.15629750680798826,-0.05162008239239457
2023-05-09,1.1445020004241704,0.9607797838123692,1.1115134262680528,0.8037532535210234,-0.8011437510023058,-0.8062192326810322,-0.11425532355670844,-1.0531246167997181,14.771637582714398,-1.0995951418115388,-0.57347476526963
2023-05-10,0.6934505573700199,1.002496608479288,0.8762327240915678,1.046611570495816,0.10726345751777372,0.11870300810815626,-0.07052272030040228,-0.8403256826619203,14.83302160668897,-0.11228484231168623,0.0038536409173178976
2023-05-11,1.171186085923676,0.7581402723795787,1.0187321573871957,0.880257426011093,-0.5331641342028811,-0.5347680116151949,-0.1771277507524978,-0.6865705072807801,14.769444220485717,-1.2352238491803702,-0.41885785636995926
2023-05-12,1.2575983084211995,1.2978169581930379,1.1176062881814735,0.7645366859738519,-0.42805966344385626,-0.4274685653237333,0.7087058591718488,0.050667472711184804,15.186285361336314,-0.07747617137105796,-0.36943597723879096
2023-05-15,0.8189813391008403,0.3583895235934415,0.7591966790393274,0.6426067065856457,-0.31908856542441016,-0.31715774388589124,-0.8037078278671218,-0.5694246463775602,14.619662744034365,-1.052943902628656,-0.4352403449004285
2023-05-16,0.6022046070709184,0.6664634862406522,0.7729226820884869,1.3175248049758288,-0.1494156364423549,-0.14300169818511463,-0.18481039369553884,-0.47289638434108494,14.571069468393722,-0.41211662083285366,0.11508070011066562
2023-05-17,1.206584039463191,0.6367616851039904,1.1078433027176262,1.2249693633262386,0.017604373532899283,0.021257008024069393,0.4979495526391585,0.7427328486410496,14.637139339887728,-0.784841972632696,-0.9744863123843898
2023-05-18,0.6604946179524026,0.6162357086101573,1.0636500475966548,1.1026558497724699,-0.20003189780020367,-0.19719901780163948,0.0955590828272098,1.1870942699484777,14.634453475466097,-0.803912742301443,-0.7131042365021089
2023-05-19,0.908967581772712,1.9380492441182111,1.7227219632419641,1.8115063403014824,0.8503351023684798,0.8515500558262152,1.6319794242706818,2.237521836085629,15.051795942218666,0.03239941130754279,1.0531148798267558
2023-05-22,1.5613430399234423,2.172568435096208,0.21763468941190262,-0.362985475329055,-1.95517790042969,-1.9667607837627095,0.6421981700289439,2.0661909784897565,15.296660677472898,2.5411501779434773,-1.7363676478445587
2023-05-23,-0.6331729696264723,-0.8011638420950328,-1.9394102049164508,-2.4203998659518517,-1.9117290656706756,-1.9210512475040842,-0.24833419407638435,1.44039629469959,15.31783107900444,0.8678957660868247,-1.0694177244043936
2023-05-24,-2.2451670388525544,-1.5212246872472661,-1.802784719007351,-1.4646824925836808,0.7294108154840317,0.7268546273160555,-1.1506578891119883,0.08860352875072564,14.95750188911717,-0.13556899542706216,1.3143194961464588
2023-05-25,-1.4165391359956712,-1.3664324145841529,-1.4628056623269057,-0.9997575976709095,0.4638081581096278,0.46453058490628746,-0.4286279833978745,-0.2661555764524513,14.874064796343523,-0.25292584412065516,-0.2664815746253132
2023-05-26,-1.3054921022389225,-0.7720642179893645,-0.7188528372219082,-1.0343518418002073,-0.1431506882816371,-0.13729421119889046,-0.6294229794745324,-0.5955271379296488,14.664977920421915,-0.2900160944154104,-1.0454387541593444
2023-05-30,-1.1852772602195258,-0.9812252006927239,-0.8038581663126559,-0.6823190304639684,0.44368507447704186,0.44478903813684345,0.31323866736241196,-0.48495461952911945,14.769367172977029,-0.5864464857796313,0.5439645621935572
2023-05-31,-0.6350909714351132,-0.662595806074266,-0.42281439638509444,-0.24711980419009316,0.5982432018716664,0.597431038027113,1.5566834559904659,0.578291868517705,15.18945421213199,-0.5863327980384345,1.1855562201884688
2023-06-01,-0.09011424682415205,0.05742243586881801,0.25758485099049544,0.8738450000363737,1.300923128996171,1.2889142308637458,-1.0886579712639524,-0.7039096239980327,14.885174867800231,-0.24153503414790192,0.6574619127874416
2023-06-02,1.1675127693107716,0.8527632676707458,1.430880531599392,1.5624129186566689,0.9165586268628498,0.9115058312805377,-0.625045489897045,-1.11113273651106,14.731281554799569,-0.4723639762461822,-0.017896682686567345
2023-06-05,1.4172326211521655,1.1793125839871452,1.9418978015345267,1.7263466313538043,0.29510849059663014,0.29875675439105914,-0.5174167507210609,-1.1497936337172576,14.563998306638926,-0.7816178154491055,0.6692851780014497
2023-06-06,1.82436415845285,1.5596775391657187,1.440347001801613,1.2921543405039668,-0.4262260805487828,-0.41922550747102383,-0.8661143321936214,-1.4274650205368993,14.217838082333833,0.06995567148452553,-0.49301049671983704
2023-06-07,0.8244758538914504,1.0725674011313566,0.7605344338541402,0.3386910490256486,-2.056846704356696,-2.067091279451046,1.9477016585352984,0.3510741637462474,14.71498101889318,1.9647333209953628,-1.1761315471996272
2023-06-08,0.22916129104718183,0.9504685983068281,0.24211680651033218,1.2605998619423733,1.576559369960048,1.5668637635504508,-0.513900761673935,-0.19191945945146435,14.528607903955722,2.4189387368487854,1.4709597303411612
2023-06-09,1.4014238272908868,0.9622398102473667,1.2669022191484665,1.071930764611621,-0.328844156443142,-0.3244677779718452,0.03613042488625852,0.07944032718183508,14.548840008464333,-0.7364960562935329,-0.1139761862504057
2023-06-12,0.8792530340833352,0.539173406303697,0.6124972909907268,0.8249576191631908,-0.588874359822435,-0.5855655397052519,0.5584787193508324,0.912422939671757,14.758093013412932,-0.13372107345231127,-1.3948072801781712
2023-06-13,0.4542615778147356,0.4497220260341981,0.9562352860766277,0.7653628906570757,-0.3196310774942341,-0.3153237445212324,-0.9310241344921306,-0.5436836038104016,14.384398087298614,-1.1499975689975537,-0.7092312163773674
2023-06-14,0.3897483736842884,0.6304307079899041,1.075201848211016,1.1261555984040799,0.025084619997222935,0.029801420902481408,0.8049149882297248,1.0338613443002391,14.587145853829592,-1.0211662935624992,0.4739187694399039
2023-06-15,0.9864751953936436,2.5845087702982577,1.7112676161174478,2.0150451862793535,0.9653603653176539,0.9648766598018067,0.15790199424449275,1.3372082958448417,14.642795634688282,0.12615234837010364,0.3071352486031267
2023-06-16,1.917102907167686,1.9024081413070224,1.3124219461142757,0.48744543146425445,-1.3558559889028605,-1.3623820710997698,1.9384524777325853,2.5129186713924074,15.272985628839951,0.27035147366086104,-0.9700652978826005
2023-06-20,0.03027406718036647,1.0962540679696786,0.719933131804296,1.173928261077052,0.6802425930035861,0.6829491408369409,-1.191663368645853,0.21667504047719333,14.734318518957158,0.2722731973329937,1.5556586916012345
2023-06-21,1.3510440548254639,0.9930438364923888,1.3626830615095258,1.1228507329769069,0.004259606738283233,0.009288829850146263,-0.426741646044973,-0.22658662499159843,14.668861916049554,-1.0632532896400377,0.7258223035693593
2023-06-22,1.1624821281035105,1.8282757623122772,1.55951296566418,1.8901534717639437,0.574799166307362,0.5770227738708338,0.4709874299014192,0.3750318868955934,14.884522720203673,0.006492186068552453,0.4865728857524984
2023-06-23,1.3724870203991981,1.1364064869878192,1.2355102067525194,1.607955386486178,-0.053698462212010904,-0.050133178205604596,1.2786405065002773,1.6433834178659728,15.390791920696218,0.061682402652391714,1.0017225406565022
2023-06-26,1.9487240002017168,1.5774290692290656,0.4096812066704424,0.2737339364451231,-1.6046797179256787,-1.6084715258685314,-1.0631854181294604,-0.16582174078046544,14.983244909773735,2.387837396020808,-1.0496267783831645
2023-06-27,1.2380149439119796,1.58553886486802,0.8839902396473487,1.933319873164587,1.8193145540627198,1.8051410949762254,0.387674779016459,0.4462179603116254,15.23589252845004,1.6930026902625879,1.2311847157202684
2023-06-28,1.5833759088197907,1.3972448888794244,1.8116346658692555,0.7622549609632157,-1.1858004303609138,-1.189638692348596,-1.0143958912777862,-0.9559554679567192,14.86447766704142,0.30595154986495454,-1.5035966953453743
2023-06-29,0.2697246966613921,0.8415989451898633,1.518502576993561,1.484645300702601,0.662335261285249,0.665047050739589,-0.7573824933761353,-1.413843143572394,14.563335773209994,-0.5403921319158778,0.4929722505003923
2023-06-30,0.8791356912688377,1.274992661917845,2.002399166822827,1.6658150781344476,0.48322812240493956,0.48746548139179785,0.8323114616643263,-0.5404210837187787,14.969967750046944,-1.065781610277232,-0.5262054601552159
2023-07-03,0.9237350475711759,0.4940949899806281,0.6567883805463672,0.38425860142786017,-1.428994339767305,-1.4359345055554245,-0.8415253499707348,-1.1625074247853062,14.563714417488162,-0.2532119141114101,-1.6950565035549403
2023-07-05,0.12613199186858012,0.5376548002182416,0.9892934339875875,0.9444677404208853,0.46074760666795594,0.4650875956227331,-0.08599467224391344,-0.9489231974980736,14.571726899430582,-0.5950115827552126,0.8565657526785243
2023-07-06,0.18291622002638197,0.5085885192123694,1.0887879216565304,0.33542690923856383,-0.55906819164958,-0.5552866251980604,-0.0545099764520404,-0.7810113660946666,14.600188512636532,-0.9507068782945421,0.12183083187107736
2023-07-07,-0.22271464602492638,-0.9281349348396835,-0.9989138278512857,-1.6330357844877443,-1.4644089983358968,-1.4762178709884697,0.7349458884912414,-0.023810442421010786,14.885037608908128,0.6122576743104224,-1.5376282098712346
2023-07-10,-2.264747276088948,-2.5872467857668515,-1.1859421039525142,-1.2177391606789294,0.2253292524747632,0.2322534532564893,-0.8497188336875503,-0.6390312135950876,14.514342052158547,-1.113424060851054,0.20934720775599786
2023-07-11,-1.943093494601948,-2.129351194823616,-2.2578215085740405,-2.2503725330355824,-1.539220667543791,-1.55185485582766,1.8083273781835985,1.5991988050779804,15.0889444041683,1.0604886286829711,-1.9445056716716864
2023-07-12,-2.2195509941446914,-1.9946511271190224,-1.8369112997797115,-1.5710178758775009,0.5273000997421231,0.5304313133412201,-0.41486950709556664,1.323274276847093,14.949425960105748,0.32238282099173166,0.17888270814617405
2023-07-13,-1.552839799299047,-1.6377885379356032,-1.4536223621884468,-1.5889026231180026,-0.5397294847413221,-0.5335549354558681,-0.3547942231774923,0.7859048453091348,14.868114160563703,-0.07622335811004083,-0.8797272905308618
2023-07-14,-1.1800120697593095,-0.694087666836329,-0.7233398147796222,-0.286062359264238,1.9612651933109873,1.9403644232708186,-0.14461807717214192,0.6279319194581275,14.898840328234554,0.43736004644583987,2.007566333119805
2023-07-17,-0.301455028912932,-0.5312949670497643,-0.3722355316796728,-0.3356444131771188,-0.030248745977460755,-0.022130219718877638,-0.6560849325396614,-0.23063481020244536,14.669032295497775,-0.47634748040494485,-0.13775768778740372
2023-07-18,-0.39664703949067154,-0.12768561890185906,-0.08576188334278849,0.15541684139027254,0.6089158952370035,0.6151043958220958,-0.28215565398978576,-0.5424110143433842,14.621048930950638,-0.12198847570450569,0.3143229382232007
2023-07-19,0.21160121362335754,0.22725087067858343,0.455577779225272,0.6144762568537719,0.4265223306001753,0.43416129982711904,-0.16052555965102014,-0.7065422683313258,14.609769691808653,-0.8045181398567728,0.4134354135174679
2023-07-20,0.8581437918986631,1.6762613822444261,1.5411686624388932,1.8143767461867133,1.1326413506783302,1.1293284664701642,0.42107634350389683,-0.11732218858321182,14.780287026722196,0.41239227659120337,1.4328141248307429
2023-07-21,2.023184392582197,1.7338136353251992,1.894145102684307,1.3283970806476793,-0.3446582011992367,-0.3376232487428957,-0.5205107641565041,-0.740013406104859,14.616031675887522,-1.3224703563842735,-0.15974232517549972
2023-07-24,1.3332426691210955,1.2707991411633137,1.2144540247860498,0.9299493578857359,-0.40869124118544625,-0.4024779898301855,-0.18282803302597542,-0.9481031119590105,14.599732141898587,-0.3375635534092092,-0.3805779081183236
2023-07-25,0.7479522999068631,0.6107101988523387,0.9027156534463281,0.5990119836291072,-0.5551488150643767,-0.554466180858105,-1.199338915588088,-1.4902723338503516,14.36813107882729,-1.7333927858968237,-0.4504462826010517
2023-07-26,0.30791963327845034,-0.19257066562685046,-0.28067561009568265,0.04171522551184022,-0.7754989229809187,-0.7788503055667987,1.257690603068294,-0.48128774084686243,14.488353495439874,0.4814312522948499,-0.5243934406696489
2023-07-27,-0.061093051866732584,0.0784928587816274,0.2112595205279825,-0.05107580285043318,-0.1132403695416345,-0.10793813483205525,-0.04413315858438266,-0.30427151514172096,14.448642837040559,-0.528541373823107,0.3391410589723277
2023-07-28,-0.004873705718458203,0.0832105443441773,-0.01474526825464626,0.45614313901829373,0.5930593003313366,0.5980827130528216,-1.2399723519070018,-1.729867834657507,14.178486310055028,0.315060187839503,-0.21208404593155208
2023-07-31,0.5520727840776231,-0.1920810708115848,-0.34642214747271766,-0.5840337004666071,-1.0413073509498159,-1.0462849233010296,2.1980329372184078,1.7597226470623828,14.562293761578747,0.5209265954858538,-0.852903961825906
2023-08-01,-0.3817297719796247,-0.6886651894334022,-0.3958351757348976,-1.0608199679537373,-0.3827228694864479,-0.381270916263796,-0.7862128597147281,0.17174343475148346,14.368361228293121,-0.6409743840040756,-0.04313540582854041
2023-08-02,-0.5553175486150611,0.16161335610486596,-0.5109476544331446,-0.7338748264626079,0.2974773075146683,0.30310198431933694,1.3403817186721307,2.0094460606440396,14.67696530647962,1.4144432490119985,1.1801981704231426
2023-08-03,-1.4255799634920667,-1.3997518838805543,-0.9995552922522377,-1.7845920817006677,-1.3942027824596817,-1.3991103061322983,0.020763650382783154,1.7236030245855258,14.696837519035295,-0.6158045598558408,-0.7380391946092115
2023-08-04,-1.6152079606346543,-1.5284243872180379,-1.2175556804287713,-1.4578428818371683,0.5570517430294177,0.5591990232610436,-0.9447013816531711,0.2124219004611362,14.441342566055766,-0.8179881479667562,0.7966223232182439
2023-08-07,-0.3950492505682281,-0.7687415722501375,-0.023616488721712334,0.045593371225562236,1.551430521069563,1.5463160175257915,1.0158341988038266,1.3911701557883862,14.71012852292075,-1.1989519615703748,0.1717261844883009
2023-08-08,2.8088199140627856,2.828838353483289,2.8249088040211805,2.82428440296813,2.8132456250539497,2.8083718201678134,2.8126511000349415,2.8110042858229547,16.52984106327293,2.7790316786093268,2.8012900281057393
2023-08-09,2.15311538715947,1.8065969672752988,2.156791741864095,1.966077627329939,-0.14842131197219688,-0.1364777365437628,-0.6836529659956302,0.06039540609835455,15.497566948091496,0.45287284831929364,-0.044247279070761945
2023-08-10,1.6522086721287483,1.3248372282260974,1.6534729251149873,1.3929075413286334,-0.5013227999924328,-0.5142315816139309,-0.42611595683570075,-0.32517662606465086,15.228568799751184,-0.31338431735284733,-0.5239814821685407
2023-08-11,1.3040219755246856,1.133331989869091,1.2997358603949127,1.2640247788903036,-0.039831304242536815,-0.021241022132252006,-0.5040713893402388,-0.6978543728968096,14.74115778103739,-0.013656601969174708,-0.07042154482442389
2023-08-14,1.238977128069123,1.1477848340246066,1.2705979479426024,1.2367013464443581,0.052280687671030696,0.07532113171693575,0.0594937263470529,-0.404549490909046,15.19706897217055,0.06020177781369515,-0.11456914100045296
2023-08-15,1.1414535409973403,1.0325109308077778,1.1270744640428696,1.1704733539347003,-0.08684425416852448,-0.07125039361562116,-0.44564487219023113,-0.6394304235341424,14.854656241555672,0.028671503474050845,0.09483242127987172
2023-08-16,1.135535830165797,0.9541695273267782,1.1086357767540422,0.9541104379854052,-0.4375526577203695,-0.4439827601878941,-0.2949265023878648,-0.625181978897036,14.769906380916758,-0.3071571041258498,-0.32168564958406975
2023-08-17,0.8582933397298897,0.7038625452314928,0.8108646112275594,0.5957342979975763,-0.7463615676521268,-0.7769029236305207,-0.25551292255507146,-0.5716834138722212,14.751565092851544,-0.23800765155551662,-0.6388264066580537
2023-08-18,0.4899240930824555,0.5502830498195252,0.5831540857848585,0.7335614904182659,-0.09733479675389892,-0.0821316670829678,-0.1748701452964874,-0.4776712548114472,14.899956644803868,-0.03867903858906707,-0.14462537651091073
2023-08-21,1.1582721814088168,1.205632477368694,1.310401739692155,1.2258517749089917,-0.29751445720196773,-0.2939619209361318,-0.3654550148491596,-0.5305573423032646,14.65076518891316,-0.8094953996944371,-0.49630402780307464
2023-08-22,1.234580508407118,1.1810897144863632,1.303606466176426,1.264274083551826,0.025936356430957864,0.03106822258523047,-0.09114316797200038,-0.5201653924578236,14.476703083518144,-1.0872630961886547,0.049832117167788924
2023-08-23,1.510403028176155,1.077283359286528,1.16644833102985,1.0245646208685755,-0.4949253728503005,-0.4898082773045815,0.538721534779535,0.32563658897217,14.567540137669372,-0.8271451053178195,-1.3534404157751199
2023-08-24,0.9845930716221948,0.9293115970936071,0.9229666793985597,0.3999901925628423,-1.258144663733036,-1.2590285567333361,-0.4128993517783381,0.2198808160957948,14.390268831865061,-0.6412864235717675,-0.3006890998275358
2023-08-25,0.5681474796679568,0.8199154349975194,0.8290871264867528,1.0753005574945154,0.45550060463812697,0.4584730306374209,0.18368634467129105,0.5210324094485033,14.429398598781134,-0.7649136953084209,-0.22917469332802276
2023-08-28,0.48727637108472327,0.737161038522605,1.1089609457701564,0.966498104967486,-0.23907000403224105,-0.2342489247718574,-1.0845627536148785,-0.41665870794291854,14.133019115274013,-1.5603966523355777,-0.8471372558067315
2023-08-29,0.8239215556964552,0.6215382410791125,0.9105875633457464,0.7981514482300315,-0.15005069822231368,-0.14576036641139198,1.6398303284735953,1.6122696179186466,14.346845030181806,-1.1926692953796802,-1.4732879533404597
2023-08-30,0.9081540091388365,0.8536357340665417,0.3068715191712284,-0.3614090444488806,-1.0957121364596105,-1.0965907167194235,1.473824579678693,2.3315426430607054,14.599914715187435,0.5610789637570796,-1.1763265853185647
2023-08-31,-0.42925451354939864,0.6200578341028219,-0.6301312582766738,0.8784081539933526,0.9357599936588366,0.934904565548827,1.5114720513644044,2.3995012758184995,14.928486198047976,1.7064606682070236,1.152860176206786
2023-09-01,1.2670515251537628,1.6911749977436958,1.9902824023828385,1.5369412514008054,0.43293098802520935,0.43479238711026397,-1.2813408051320347,0.6444076687356711,14.523546843628687,-1.2074359857639096,0.4907206841278926
2023-09-05,1.6129423669627514,2.4119057346014015,2.012040718865951,1.4639934794592158,0.05983709646919039,0.06307133441270564,0.3557531979292018,0.8784401098956857,14.629636108103783,-1.1913465214554724,0.6794228162882899
2023-09-06,1.563774758968472,1.6377896757248884,0.7994654396957074,1.527425722658317,0.2763675966855273,0.2790299662657142,0.10864974722625413,0.8907350000377766,14.701053793379767,0.09849297173886085,1.058054191607952
2023-09-07,1.7205285681382287,2.6695421451685815,2.0565243357065937,2.3972828511880433,1.9935913894899475,1.9820672568351212,1.5576269355705865,1.8894652778150092,15.125760727512992,1.3566471679081276,1.8857789222668597
2023-09-08,2.027686535493945,2.332162230914709,2.1386090224188177,2.3240759028066043,1.5275826131587995,1.522267474108149,0.14210848592953845,1.5913445917287419,15.276054184826906,1.5798770614805997,1.2007415354073203
2023-09-11,2.2521675352681902,2.0725822666874127,2.183042790057654,1.9975757414789923,0.7446061882506786,0.7471057345758806,-0.7656239123904899,0.6615995629743607,15.170443500605776,0.724988401052049,0.2354167830061463
2023-09-12,1.8104806245708003,1.6583887049691397,1.7374322196292036,1.6355605358341057,-0.15703257644173974,-0.1524216594510024,-1.1016273521429023,-0.4480841609619374,14.982435798137233,0.4776577157871382,0.3485304260114368
2023-09-13,1.5512466801569789,1.296110134543515,1.5043884270404038,1.2768349760743194,-0.8003090585889286,-0.799097292100978,-0.4515007510444766,-0.8877568398892061,14.955457029961554,-0.6497688173845683,-0.9029293427393947
2023-09-14,1.4150389311588252,1.1000665129481744,1.143657177107717,0.7515141920099568,-1.803828014335269,-1.8162720957445049,-0.115847737683637,-0.8660147740245117,14.992564581124304,0.05942909773943748,-2.187785491709347
2023-09-15,0.8557443108402149,0.5492838599934082,0.15961521694105676,-0.2309764944578831,-2.003035288473734,-2.0189164553870733,2.112502841264149,1.425034684036365,15.596933623489296,1.6682135856240985,-1.3588410823762702
2023-09-18,-0.1258966471693345,-0.5148236663706255,-0.6457403402051177,-0.6288199405909769,-0.6470068090066805,-0.6416316114029617,-1.6848601434390207,-1.488509532392155,14.817465459751991,0.3506825256977941,-0.8049506920009584
2023-09-19,-0.7054781310182816,-0.6833173333894693,-0.337601252965162,-0.5719658022606959,0.2120659082269588,0.21817892510063633,-0.6670904806645844,-1.5390532711809621,14.597172609699813,-1.3976650890500237,0.2830243748789398
2023-09-20,-0.7520540310736874,-1.2321551039827514,-0.6928371326191102,-1.1721530020649427,-0.678952367567843,-0.6744052834654495,-0.4655697035323248,-1.3897838871252992,14.441396046252866,-1.5925132494900929,-0.203171153252108
2023-09-21,-1.35643511080008,-1.6172045209055537,-2.1637045089444054,-1.9747385647012072,-1.6906765279589036,-1.7050111425667096,2.075889419095049,0.11814792900449221,15.214202994339507,2.186020787238552,-1.1807558532078901
2023-09-22,-2.0358603997867877,-1.8159382571921212,-1.4379024519810675,-1.4800591297977284,0.45100398545074255,0.45456677972672904,-0.859924321160938,-0.8051792096408356,14.67154202627054,-0.7430430795417386,0.5223125082747835
2023-09-25,-1.4808489905009805,-1.5105966494003014,-1.2304721837261288,-1.1232582197464656,0.7646353685035863,0.7624458035380658,-0.5651240646359802,-1.0312473379889244,14.338166526427633,-0.7704668148459541,0.2911912554171829
2023-09-26,-1.1628523108137687,-1.1662293264779997,-0.9100750983509179,-1.0438760609121855,0.3313344481992945,0.33465769450665744,0.09731827761514593,-0.6575274745931495,14.438396741877765,-0.7708856462829957,1.3676268278099868
2023-09-27,-0.995427242636398,-1.0828247633167858,-0.9773963180780745,-0.9251415565300518,0.6092350487837421,0.6092481365049122,0.022512006225611194,-0.3685121972975705,14.510756035558442,-0.460091642387761,0.31179516190468926
2023-09-28,-0.7859380630362459,-0.9530463183515525,-1.0084506911091191,-1.1692220243677665,-0.11211959072201386,-0.10557147654279657,0.03571579107378837,-0.056289388919165205,14.59428528345979,-0.0893096623671938,-1.18636615493964
2023-09-29,-1.0667664466514999,-1.212355573790433,-1.4141513786882254,-1.4283472325072653,-0.5737057003171074,-0.5662134535247688,0.7024846250526968,1.9090348148216596,14.903095939812548,0.6117237748731736,-0.7830979487414422
2023-10-02,-1.5157831856589226,-1.3521742358517896,-1.4350089266661181,-1.109649866246096,0.6776123664178135,0.6748413887390202,-0.27562251941183813,1.2968445859092312,14.84873098372449,0.5991680884541682,0.43692224825665965
2023-10-03,-1.2628340358530534,-1.3959585985232346,-1.756712731614521,-1.840385358791839,-1.253259088569916,-1.2502461639918205,0.12961617696083227,1.3834366626161534,14.999107476712895,1.4203119925857408,-0.7169344328425251
2023-10-04,-1.812205168230343,-1.372678373887701,-1.1781747684675938,-1.2176631944233833,1.3461156623128498,1.3330477827453253,-0.9071350244248282,-0.17149144303864197,14.613198368167344,0.033586206740168385,0.7978012960482964
2023-10-05,-1.0032390481507751,-0.5999786579229409,-0.37067882651326256,-0.06395059526547023,1.6485190841645052,1.6354189235025152,1.2064826254637138,1.0309529379807703,14.897553327205795,-0.046810534678476595,1.8836392013401024
2023-10-06,0.19447268071844828,1.9992634446165634,0.7039039642019419,1.891625610439808,2.1632798376109843,2.1433758441851554,1.7571425644044436,1.9796826727946615,15.372201699172315,1.8116706038269748,1.9739635029430385
2023-10-09,1.832076632507457,2.1308222808159245,1.9464495635892345,1.825530943087574,0.41383532777659626,0.4231096144097982,-0.901203735841258,0.9014948062774385,15.252522035012783,0.3256274600492548,0.11111510653205456
2023-10-10,1.7664796618714385,1.8157587231885062,1.8043107845690345,1.7204098009836961,0.40856985768326803,0.4168720473371685,-0.9322378427214443,-0.08700680796583561,15.075873431028645,0.14691586425403877,0.31791640090694495
2023-10-11,2.1681757533130406,1.991017151566874,1.8669719512984937,2.0166858003630215,1.5402103776168368,1.52720760926554,1.5264950369486365,1.3575295418710278,15.58205494897389,1.2519389331115207,1.782098885501242
2023-10-12,1.8120571546426767,1.5947091475154958,1.819246832560576,1.625018095746721,-0.14323857089081257,-0.13387595603639144,-1.1705115420431313,-0.6848212972735632,15.217555475268636,-1.321011070530599,0.2584336876495927
2023-10-13,1.6460611807631984,1.6010411972620449,1.4110757802362939,1.2557695260224142,-0.7330196279170428,-0.729736315111015,-0.2912399825526893,-0.7909503808116177,15.192713971355515,1.3853080179516668,-0.5888666842087861
2023-10-16,1.1573747235074643,1.1133607850393312,1.2667808199407484,1.1900136057535948,-0.08200333950757893,-0.0730735971434523,-0.8613763316791728,-1.4201695350629118,14.894430553249194,-0.8606688543548473,-0.6674168711997396
2023-10-17,1.124272927432018,0.8859325810750988,0.9191374970203648,0.7919386324645385,-1.5808535555365102,-1.6011129481518531,-0.13810357239519733,-1.1541623834949193,14.884248004455479,-0.0472996547597856,-1.5793609778054984
2023-10-18,0.6484528250574927,0.6109188288773869,0.7930450463024703,0.6225553383389946,-0.817423617143193,-0.8191004789434063,-0.9357242611061685,-1.5207840402362613,14.532911718343936,-0.8778949766010664,-0.04608878271055437
2023-10-19,0.4307100396516917,0.013951330169279127,-0.34236098501453993,-0.3074684541242666,-1.5982646107121359,-1.6216423806675926,1.5186957843204192,-0.4951306645492742,15.066472190742472,1.2810524812288218,-1.4995927764513792
2023-10-20,-0.455174120941044,-0.673798403614529,-0.5450300803164815,-0.8901371120075195,-0.7144116079045493,-0.7140795684927781,0.06810123326012148,-0.14200987112234184,15.114748359255625,-0.3171107676883218,-0.20750517231658566
2023-10-23,-0.9612406067503524,-1.3886042975085644,-1.0391142769443025,-1.5276094012901449,-0.7332831199310013,-0.7353068826344643,-0.6744418034856142,-0.6255269977994999,14.838645064922915,-0.8462191414329455,-0.9257944103397053
2023-10-24,-1.6409944558234093,-1.1228091676571386,-0.9866102885090454,-0.590868357060754,1.161712797052957,1.164493849347263,-0.20479897927417576,-0.575341332639847,14.783634818273285,-0.3077566256842889,0.8509207321309513
2023-10-25,-0.3713828950848777,-0.648401079459845,-0.47126326109939776,-0.8681444803701029,-0.4498612431547582,-0.4459837868824695,-0.2560680891399634,-0.6358532721869595,14.641132760886094,-0.4566099304961116,0.22940275276879202
2023-10-26,-1.3026135704200485,-1.5170370032633167,-1.5188303297780184,-1.6400709575051728,-1.4004391625275483,-1.4162339682900826,0.8356129356981661,0.8524926482688552,14.861601078681836,-0.2960497181549725,-1.3136059531114668
2023-10-27,-1.79584684346626,-1.6977407264153384,-1.6232204500535121,-1.6036899665766393,-0.32513122148131973,-0.320185996798432,-0.14041136877135427,0.9789141350278157,14.815186466771115,-0.20668968919850758,-0.4351116097951429
2023-10-30,-1.0743175499819309,-1.280622721410699,-1.0773105456267382,-1.1094634001821353,1.0691782155563152,1.0737193636835638,-0.5649631727306076,-0.01740996668040767,14.644455747931012,-1.010091508108411,0.1084423907931101
2023-10-31,-1.0533391708027806,-1.2708535584019311,-1.6356104839769416,-1.485838195071607,-0.6671167752102418,-0.667636071063801,1.5426292472884884,2.071359052238049,15.113356419018587,1.4327447283193175,-1.48967726290402
2023-11-01,-1.5892166300761037,-1.6408939329102044,-1.27470059783681,-1.2759211532407233,0.5608523588044199,0.5695445379243841,-0.8244455530820559,0.46937622400241175,14.892524948801984,-1.4304833982120742,-0.17318825566969898
2023-11-02,0.1087095636570062,1.0008867548636193,0.31781690533948165,0.5815300296548257,2.0432147426247567,2.0249460646094284,1.9663444669342518,2.351102546740648,15.460566741001857,1.8978862625062787,1.7881434333217827
2023-11-03,0.22228506819501653,0.10262585058129718,0.05931113843104061,-0.21364963189688835,-0.7767316446342339,-0.7809964557982413,-1.1759801193668875,0.014420572874548142,14.932421402203095,0.12119556897805453,-1.318601138037589
2023-11-06,-0.2819049933001105,1.0533772178305065,0.4246308088466797,1.4965743598424743,1.5599008215999455,1.5488498075415353,0.5616286844413915,0.7407347797462834,15.196415673150707,1.583215271271615,1.86136883567899
2023-11-07,1.5687434490461458,1.2232588311422325,1.6881896715512181,1.6273864593236602,0.23173307696071102,0.24538206223073256,-0.7287335031239492,-0.312324868280902,14.968674476873476,-0.7589570508441595,0.27503851650841077
2023-11-08,1.972080824800261,2.0071580711495227,1.6620408585741853,1.9622191227599384,0.9130737270098335,0.9176661257085127,2.135850535921702,2.222532599373946,15.866604192722821,1.7474833479494782,1.1398625662820898
2023-11-09,1.745829148573489,1.2011117597085241,0.9029826771288989,0.5695841198257678,-1.5978584704469467,-1.6254372942465891,-0.6541924233181016,0.69040639648463,15.65284885004422,1.2860929317137957,-1.2874192402617752
2023-11-10,0.5917317249831354,0.3181699139366991,0.8740798547001137,0.7001338057831531,0.12891449327391272,0.14183717237127588,-0.9327938040718491,-0.9549690393565152,15.109114080807663,-0.782752657973223,-0.1667272994973676
2023-11-13,0.44261478850516567,1.0298578845205146,0.2777124238593397,1.123066762804361,0.5409951095538816,0.5478651816211549,0.5648241634283955,-0.08006571629876538,15.563805829848693,1.6477357342116914,0.7954277423880046
2023-11-14,1.0137159484274259,0.7877547181410626,1.6279237239562423,0.9210051893310356,-0.39711457976020736,-0.3837729595728481,-0.7480953172431253,-1.0287013897310406,15.15774879414753,-0.8103820643888264,-0.8315380269590776
2023-11-15,1.044569960063367,0.5302557593960374,0.22975661205333187,-0.44500961411922213,-1.3137823127136419,-1.3215286860758668,-0.07444184374274126,-0.8073503987945033,15.271097978843441,0.4188915729859743,-1.2358376780467863
2023-11-16,-0.32285067559883546,-0.8064448393120678,-0.11385497827463653,-0.5207134209366916,-0.05637829687253984,-0.042921858630766585,-0.5980375299700371,-1.1327527668351092,14.924238510351973,-0.8913374206663454,0.05013097580500315
2023-11-17,-0.4034967698125687,-1.0038956782727173,0.24906442993900046,-0.6724880378749193,0.01206189559931403,0.024780502719820973,-0.3854130762581839,-1.141146900150962,14.78181013968015,-1.1601329701603702,0.09301805209721292
2023-11-20,-0.9341137685948929,-0.3064494714085795,0.5111291587114105,-0.1571574321343433,0.3748282889909362,0.3803489136440045,0.018754018935484965,-0.8345701583831437,14.854797734254355,-0.593679110282395,0.2513054441018769
2023-11-21,-0.17949490391961323,-0.6337178437622887,0.6148441875795367,-0.5593255546722494,-0.31255220028486563,-0.3003731389124511,-0.6872811300828809,-1.0881331685828717,14.431561228212557,-0.9364249826095368,-0.08487584609414318
2023-11-22,-0.40739601416115523,-0.7220202639811133,-0.030270797800278096,-0.15017209280450347,0.35990066173567214,0.36485606694078637,0.6284376955544732,-0.7955795772087371,14.53442343369207,-0.5590767725565747,0.39131724108844795
2023-11-24,0.14125957412853726,-0.11695926245259192,1.1499123783526808,0.44474090135096717,0.5040665550115007,0.5045060566369415,-0.7838006299309487,-1.16548675629648,14.109448769901382,-0.9093809667367532,0.7227629026251651
2023-11-27,0.44459557021992424,-0.17251739388786877,0.28391168674842965,-0.6399697592578818,-0.9072449194609952,-0.901002966034438,2.1054820644815417,0.5741140115333307,14.782760908562446,-0.33589590908147804,-0.5846579213321362
2023-11-28,-0.8565407000788645,-1.0479104390309506,-0.15062980097015005,-0.49086817630352725,0.23667134181129773,0.2404345098551546,-0.6590877009448027,0.09546776552043412,14.3999031361317,-1.0265994308258377,0.3953356761501947
2023-11-29,-0.6781018401663131,-1.0573716188573996,-0.9006392106041461,-0.3026830852379519,0.24687270245806808,0.2504723564213985,0.18901509429472307,0.753008004818151,14.461881070909406,-0.32611427710480706,0.4223292461779834
2023-11-30,-0.8199583743212874,-0.6904229626770912,-0.5618707232922403,-0.6170496225094781,-0.23141977452681187,-0.22739545094652563,2.415767998230258,2.74370950281185,15.548651901432306,-0.12130503073545898,-0.6557797537436397
2023-12-01,-0.7631241344800049,0.5825220120187045,-1.4042506204899567,-1.9508723793736218,-1.252325399526826,-1.2530814730777045,-0.703422241076059,0.9571132399894314,15.106367506186054,2.1256532919114353,-1.815398605841288
2023-12-04,-2.121759670335585,-2.1218522382817753,-2.136524167835412,-1.2974751608522561,0.43602828346970196,0.4384223538275028,-0.5865687831504975,0.15204770988650204,14.762175681726397,0.44431715558164214,1.1895104858089456
2023-12-05,-1.5017583125296987,-1.040874799879976,-1.0682102758835372,-0.6506325910039547,0.715920641143754,0.7160666148478072,-0.38172375406289066,-0.142424185107672,14.58436846130098,0.3750293102654519,0.7594538549721428
2023-12-06,-0.18771319904573663,-0.526306389890019,-0.19172179324187016,-0.35028919167789924,0.3105905259550749,0.31266362035533,-0.2533661143125549,-0.28671742765883895,14.554157256355584,-0.4364513924717592,0.7212263671216471
2023-12-07,-0.48886758220949417,-1.1728318464140972,-1.053849380358818,-0.4278033462518313,-0.0708572296766695,-0.06726189747945092,-0.19742381837865783,-0.34600885613260746,14.55506458866523,0.09849813701060835,-0.826866281435995
2023-12-08,-0.22698825466389608,0.5947719040400944,0.25340747791380214,2.0892610826100038,1.9360982737989598,1.9235081294811696,-0.04525432148458737,-0.2669131954716793,14.709392477390093,0.5262981397244507,1.4069856503818396
2023-12-11,1.8467509083801055,1.292885970115308,-2.100103637105314,-1.215168655190131,-2.1227726251842003,-2.1349446975975295,1.376442326507384,1.4327969956359667,15.540792026479576,2.5842604273282777,-1.9778571940202312
2023-12-12,-1.3194898280363223,-1.445438586182992,-0.307113828653034,-0.8601999573099435,0.223782300038638,0.22747903858248691,-0.899500140460221,-0.4628423753314454,14.861460545407015,-0.8124826567974487,-0.025206183587400052
2023-12-13,-0.8861813139640802,0.736536984535878,0.44608967187402393,1.6385249390533023,1.6274860963255682,1.614101781179519,-0.15900901365222225,-0.41230316010787155,14.950937141040189,0.20961866194186024,0.8190980148481504
2023-12-14,1.0786374184872285,0.04948765437450594,-1.5052768148923246,-1.9526464799307575,-2.034950478952983,-2.0518324257423495,1.12240227145701,1.4148816635632004,15.478660028427978,1.2048696618119628,-2.0120771686413357
2023-12-15,-1.9051052273983364,-2.2001386632317828,-1.8330050195142356,-1.6592772706138617,-0.050959350588765856,-0.042466919019200904,-0.23432157698106396,1.115919536560795,15.486213075617032,-0.38713275490713744,0.10512063688432463
2023-12-18,-1.1620017006235945,-0.9479524832169894,-0.03979044950442525,-0.6625992185273114,0.7735613290250067,0.7698970086941882,-1.0268719094800183,-0.5702714279562613,14.925359808167071,-0.8873832373214645,0.763077184189092
2023-12-19,-0.6421540596706468,-0.607902060982502,0.18965301965191303,-0.55373246829933,0.07349199847846975,0.08120171480597789,-0.7077786526345994,-1.0774691142952435,14.600644675195229,-0.7551433473687021,-0.010275504589717866
2023-12-20,-0.9023185413117151,-1.000495087105975,-0.600619648635839,-1.2892409730580159,-0.7060859866581123,-0.6984971312752465,0.14998019928917958,-0.7778412233494123,14.788975636884777,-0.5291944478636362,0.26418472842538415
2023-12-21,-1.199764637216285,-1.2449248232004002,-0.8428696376777238,-0.9081729808122203,0.3016537481286292,0.3076474412324208,-0.7565489934371108,-1.1933355518920152,14.395769516199154,-0.6853800537150438,-0.06143138948808541
2023-12-22,-0.8393295117691968,-0.949188494429274,-0.6442742071263522,-0.9263625987401604,0.09844048681413746,0.10596673348644427,0.25842451465421146,-0.8227189299983468,14.615537549468252,-0.5668077390318282,0.21302867928222383
2023-12-26,-1.1259255444025043,-1.0947602213520196,-0.6151914086107756,-0.734072391543167,0.16059348615933677,0.1666209662443261,-0.5219389255357367,-0.8935861353481425,14.33353083800938,-0.9311642327311209,0.12153204098627997
2023-12-27,-0.8177726116069888,0.16594760857385973,-0.053602565504572965,0.5611130085871369,1.0797961995756935,1.0689611238490013,0.7516517511019647,-0.40144411581235206,14.58719207841359,0.29633220356780704,1.3148909025514974
2023-12-28,0.7116698893003733,0.822073593314697,1.7042953511233943,1.2072878733965384,0.09673764750830609,0.10315612452851869,-0.2732231669569476,-0.4238587674854528,14.49531968079887,-0.6497011494525405,0.18307050582569426
2023-12-29,1.509664561848985,1.1011610173000717,1.2731374150669352,1.2957478394318522,0.20006948702027882,0.20425030733233962,0.28525749687477714,0.04485661564755801,14.50765773869101,-0.7549468733318853,0.7396778162578265
2024-01-02,0.8296552920452673,1.719105167109281,1.0459991680531961,1.9796587137112895,1.1892098428492248,1.185327670548229,1.8437016968431788,2.5547053708786365,14.986970811023909,1.744037481884966,1.8279753750788206
2024-01-03,2.373051196825174,2.529612551095951,2.377937542227771,2.4771163454884095,2.2615064336338135,2.2456628266709697,1.421512557045357,2.43891061075785,15.45067488988961,2.259434711072338,2.391304721352425
2024-01-04,2.432904040223499,2.1769528432541367,2.2088907562400015,1.6467381396438545,-0.6748356888800487,-0.6766071959154896,0.22184426897998843,1.8255398603289357,15.651685716648768,1.7963461088575745,-0.5181194858964124
2024-01-05,1.381585736751447,1.120142897473163,1.5140032504157457,1.4462843420029197,-0.11546761379521733,-0.11026696501871262,-1.7259842646133923,-0.3409343530958365,14.692020836059589,-0.3682209467028198,-0.19711476947319825
2024-01-08,1.4042936083899646,1.1269380792317307,1.190380500856977,1.42133542434728,0.20368736714139205,0.2115731361856671,-0.2222464426235369,-0.4084983898211543,14.713189561140933,0.6016309079011106,-0.622069618850304
2024-01-09,1.3756710843578623,1.2034232090489754,1.5134360703097833,1.1443185002852723,-0.7183656862435259,-0.7220860046514042,0.24339288379341667,-0.23950668183074686,14.886717733536537,-0.40569892805901725,-0.5110333897047323
2024-01-10,1.077806014385743,1.103412909677448,1.314367096673127,1.1474824342437506,-0.18136903496620274,-0.1769346953290076,-0.5503975195441064,-0.5015479737466577,14.80099184845066,-0.44523073721715595,-0.48062815096853156
2024-01-11,1.1237578541579298,1.0177802006707803,1.1971077134917567,1.1718265177956877,-0.019069480031608067,-0.013236100739342577,-0.23298693929295014,-0.5495782216606739,14.805163641228923,-0.3420240498648668,0.024497845928983516
2024-01-12,1.079845604631288,1.028555807208148,1.1925832144136168,1.3073582925375413,0.07987937804292787,0.08640266204272917,-0.8329952852138434,-0.9000412754313655,14.541319004697062,-0.5637562907074533,0.020179882792498063
2024-01-16,1.1603041985409215,1.1159263536410922,1.0587421395343228,0.7579080381451065,-1.4455845221802786,-1.4642056089080902,0.2188707799471338,-0.7038364226027359,14.696630381145763,-0.13979671008582775,-1.0476560109731157
2024-01-17,0.9008757021194087,0.6165133361982077,0.43868382997587796,0.16290718826913686,-0.9622694875346374,-0.9707013239323923,-0.4213946567772707,-0.6829648343326249,14.568859212002494,0.14910420710095154,-0.563859168079385
2024-01-18,-0.9084134997713017,-1.2295596895306138,-0.950105802068842,-0.556477540152294,-1.0407425330610844,-1.0406728295531973,1.8103178152264148,0.4073197475324043,15.034864759749444,-0.5132651637173045,-2.0156099681045525
2024-01-19,-0.7430289738155416,-0.5135606633507409,-0.24806442981414067,-0.1226817457610798,0.6467697473569336,0.6473877152887836,-0.20156319484183982,1.7385152827238806,14.953504123817648,-1.0378551660043194,-0.3577157969984425
2024-01-22,-0.13605891400791123,-0.3790502195671004,0.16945188378944956,0.037538688968455,0.1767829722674426,0.18042399447349733,-1.3764537839158444,-0.47347514604584096,14.523645360894655,-1.5706855681162177,0.32356442349150827
2024-01-23,-0.5310952704708904,-0.8202397768609385,-1.3651670930809618,-0.24222518117957237,-0.2911445811115321,-0.28725313290055454,0.7709151358378592,0.47865634678720725,14.741752016731123,1.4888510429465691,-0.3968306773098404
2024-01-24,0.21611680061196578,0.8359767197023109,0.9558211957780118,0.35219193639369567,0.5723970051716447,0.5736853266155961,-0.38337923883556657,0.11769839444678871,14.6383258658398,-0.3114986263487098,0.7596454866232396
2024-01-25,-0.600170089143435,-0.4912711201770997,-0.03305743622671594,-0.7352095819388372,-1.0100341848605325,-1.010155901450406,0.14407300656646865,0.3980873710047254,14.694265971608877,-1.2941206072779723,-1.2683217071536523
2024-01-26,0.6899847885065412,0.4196841679929974,0.7179895929263316,1.2584688322504956,1.6883075679795654,1.6799945609289793,-0.06580197138107681,0.39142681789809625,14.695262193933509,-0.7736366263196138,1.8463858504620252
2024-01-29,1.13986329994761,1.1556766365748194,1.6454211240053365,2.0520153569649078,0.8308634610988603,0.8329486497942019,0.28809262197716456,0.7521908231906685,14.815591183417961,-1.4899900719699744,0.384100305594376
2024-01-30,1.5859013858672422,1.3375185315912133,1.5224751701818162,1.5802705030727757,-0.18305751054641284,-0.1792457245241148,-1.0174833851901233,-0.9021276462865345,14.511703595189692,-1.2176727896426858,0.21337503233187813
2024-01-31,1.6961768360134997,2.143963758356521,0.9242844779275368,1.3068408463520846,-0.1972349566574721,-0.19371887713913577,2.40606702036138,2.4706019416454312,15.367107682617805,2.4964425512719695,1.4069440187168907
2024-02-01,1.1453594968359435,1.493461754392939,1.2961053880105484,2.0819841316419163,1.7807254314627101,1.7726900356853417,-1.0339776638300675,-0.35947285381001925,14.72951908759488,0.8461148290089416,0.7012228914751967
2024-02-02,1.9462087115604174,1.7895184558308896,2.013745862546168,1.8967447449742303,0.4980646377762879,0.501790621706325,0.2543655927310664,0.4182476903957566,14.920105249655139,0.07041420607746662,-0.3355039798895163
2024-02-05,2.347697061746475,2.3573858036190907,2.2144643813571165,2.3975017822930123,2.444747080084388,2.429603410056679,1.9148104013434393,2.439047634692581,15.843974676416643,1.7168451672068104,2.4855059111308306
2024-02-06,2.437576274170939,2.170945225705383,1.90926275700645,1.7039226212646246,-0.6975195917142683,-0.7027613542621346,-0.26571448371769457,1.5230217599025404,15.918094853286753,2.2830042426119084,-0.6620044133188457
2024-02-07,1.2128696272340729,1.5878406304946915,1.8165620797676165,1.7442188486090222,0.7723229906194243,0.7824881594981091,-0.7813538769424156,0.09195220346279209,15.573023760936989,0.8570038492683207,0.45419090315137056
2024-02-08,1.3471044699470525,1.273658640743114,1.7881713797899086,1.5769767777200219,-0.10993404167270301,-0.10332774118946046,-0.5953674275667655,-0.5498373552253432,15.3495568131349,-0.46648491370625755,-0.020880160557885847
2024-02-09,1.229219139361674,1.1292421853845005,1.5484760718339825,1.347732246390843,-0.4899267718522006,-0.48981963482270663,-0.7871442235949916,-1.187215583615648,14.857164765665642,-0.7013777080140072,-0.6184663522816606
2024-02-12,1.110095374488392,0.8365956026501432,1.1019200435654877,1.0444709068745943,-0.9273022285505294,-0.9377037405788792,-0.17402640748938633,-1.0237806492186163,14.891297997019608,-0.6234179942276893,-0.7565092119303426
2024-02-13,0.6908202676092302,0.7370487390656368,0.989868002172649,0.996741935995336,-0.36054746092025325,-0.3576393435675776,-0.29630103306196176,-1.0149141079225712,14.866437422013439,-0.8205124690636888,0.39840605128907775
2024-02-14,0.9541190506503323,1.1425175387042754,1.214450206961192,1.2421794985698973,0.26164511934782264,0.27138794371146313,0.2161628298483211,-0.6439635301480107,15.037608406760269,-0.303362943968384,-0.08954572180218351
2024-02-15,1.1310878511842972,1.0246194655125693,1.215271050993383,1.116415857353031,-0.7372039469443937,-0.7426023222153691,-0.6385298869167272,-0.8753270663539897,14.734597776023477,-0.6815998689030734,-0.841990572971574
2024-02-16,1.6107531117818907,2.1227351864676534,1.4945662606699734,1.8308001277291184,0.8224443356462589,0.8313635306876004,1.3479956545791352,-0.06841514100450127,15.425088660571273,0.4411577036625266,1.0240510842313924
2024-02-20,1.9730185022093274,1.6941385359596597,0.9549704130698556,0.5823936164926086,-2.1508516296075246,-2.1723409497534667,-0.16992150602168254,0.17657070874864922,15.363307294565942,1.0178295622644966,-1.883957450832899
2024-02-21,-0.25245326021128445,-0.34557658591489954,-0.17313792890966223,-0.0891046982559287,-0.9502344213643094,-0.9450448490539589,-0.5511780649650135,0.1513666028674618,15.08209217899523,-0.43484338124265964,-1.0276928713821059
2024-02-22,0.6950144744730883,0.6880084780106146,1.067812438688146,1.140016132615065,1.2570827803597349,1.2441826409239047,-0.257988374903281,0.26310642441679294,14.968421935756073,-0.07901050969785746,0.3393170924720942
2024-02-23,0.9908399102787956,0.651421586657384,1.2177339532814941,0.9336817704742874,-0.24771372764243413,-0.23851101922727871,-0.5937398748184263,-0.43676922246824484,14.688810695604651,-0.46795864996098113,-0.19251234663943925
2024-02-26,0.6948757684562472,0.6246812090068097,1.3398349801946436,0.8973241379777694,-0.07315467348782477,-0.06396425820612192,-0.22767106417279903,-0.6434154378916589,14.623681860765421,-0.9176731763967955,0.1759105405405033
2024-02-27,-0.24140735706907004,0.10220492414221859,-0.40501549690245625,0.27101245624160136,-0.6362236692745253,-0.6298642667360056,0.45967155233528517,0.06634039860401487,14.814928834505887,0.7724891933808958,-0.727201222216661
2024-02-28,-0.028459065430851214,-0.7335127393723176,-0.12497582260554067,-0.540717091653242,-0.5726804983806477,-0.5669017869934402,-0.11032195426893897,-0.02871789005486445,14.814781586262384,-0.943824189928166,-0.4475488558250987
2024-02-29,-0.7259463933495127,-1.0867410142192235,-0.8367276587306899,-0.8634687173266732,-0.2477509084208721,-0.24024142271610022,0.9458784478250303,1.5308545509798615,15.177871024844219,-0.7222914091445013,-0.47037388758615123
2024-03-01,0.30583849782914596,0.6343805287698,0.8889764517464732,1.3942753454589947,1.4768354279462923,1.4659308649075202,-0.040299508049620555,1.440646038169959,15.26019198060511,-0.07353568444423364,1.4143579612305752
2024-03-04,1.6915186182019606,1.606915314928397,1.9944402777628436,1.863861470575231,0.5383363422105282,0.5464135646232843,-0.399610351446815,0.9970688961984182,15.165037454254922,-0.5206437248655886,0.9121108275476291
2024-03-05,1.1144286329297872,0.895601009648129,0.7265712395474913,0.65755693420064,-1.1377881034173711,-1.15001410905955,-0.7394115745071963,0.24414246536548942,14.96883228269122,0.44866301236421896,-0.657706646987652
2024-03-06,0.9226903376137054,0.7145958275752957,0.8900992537835049,0.6778312715184357,-0.09887261674664968,-0.09147746521260021,-0.9020828524261203,-0.6111861325714844,14.739214146599782,-0.5406668900521907,-0.33841448337241764
2024-03-07,-0.0294614943624993,0.9266425771189963,-0.12248789063751443,0.607813708297866,-0.06259891394929704,-0.05627887249153407,1.8912519095509461,1.2969939066580167,15.196139148878032,1.9824875353032616,-0.7430652443690934
2024-03-08,0.5151335479529927,-0.050826196335970714,-0.5262372813171277,-0.8209858566789658,-1.290022481164096,-1.3067302084941512,-0.24275684691053526,0.9098236956061552,15.21247306155585,0.8725800135195692,-1.0511144962750592
2024-03-11,-1.2187939277273176,-1.39220315442388,-1.7961597477979974,-1.9869031905230368,-1.5450412321564306,-1.5690458338204119,-0.3980879178000581,0.37758326550996935,15.193999788143456,1.2722539190911104,-1.6962228665416306
2024-03-12,-1.6361695888934564,-1.2169605029195643,-1.0857821520114235,-0.7082400166469108,1.2740118401495848,1.2689386832375906,-1.246515842007979,-1.5365853113939756,14.809392132607867,-0.16112577438344633,1.0610195930996034
2024-03-13,-0.6754946492620498,-0.9099435115818324,-0.6036241311039718,-0.5462689065417418,0.15736571676549302,0.16734700866009453,-0.5098701066157373,-1.703208653182262,14.673112717667815,-0.6817486236354047,0.39319772746523435
2024-03-14,-0.3092417303704864,-0.5961918139625143,-0.4355821197362906,-0.43433613918397446,0.11720333971975769,0.1271067374372253,0.5485586806484098,-0.9603901556899834,14.789126734172452,-0.2816227472399371,0.35369483562187287
2024-03-15,-0.7635925110585623,-0.8612599329130426,-0.4375332417529141,-0.6628502647608069,-0.275237535084827,-0.2669657073575867,1.383032595100736,0.6594869092898373,15.131731374594718,-0.969721594640795,0.06236477010468359
2024-03-18,-0.21290466109451786,-0.1751080919596846,0.4027508963961701,0.015784499402415733,0.8036470967331347,0.8045585865838739,-1.0614784664339123,-0.7577901002387077,14.740325257384288,-1.1628070085028452,0.6141660625955222
2024-03-19,-0.32822706652028877,0.2454859614461328,0.29850110883629094,0.797991317666785,0.7450596592318507,0.7442930307268094,-0.0019779604761251054,-0.5402277928314639,14.754384752906617,-0.10990574266050006,0.6725238853263166
2024-03-20,0.7915019424923043,0.3433551500677633,0.6997079188873911,0.9126796759096589,0.04562965178412929,0.05368133685910145,-0.7401677069354939,-1.1294545523245805,14.527479983441822,-0.5010673145251285,-0.3791536038576803
2024-03-21,1.09794679700959,1.3886651954983211,0.9638817991198212,0.8769855688920695,-0.12172626689815544,-0.11301202025978281,1.7282368510755801,0.5796371499687427,14.918513526806713,0.4703742304414574,-0.256675052761699
2024-03-22,0.9568183877919809,1.078757762845297,1.4690610353680251,0.8009656917483401,-0.04655404110369751,-0.038723240530546876,-1.0569502854281183,-0.7564972102480552,14.498456381166534,-1.3361586041562363,0.19559298741502096
2024-03-25,0.873758973927902,1.0379068124737232,1.4393877434873381,1.0499264257536447,-0.18769205355457202,-0.18417800644634494,-0.16733826695423334,-0.6529027748164944,14.406957737223687,-1.262342019901537,0.4118214246610045
2024-03-26,1.188498779948655,0.8795418335058085,1.3400312659299711,1.062503732660092,-0.055517234583056255,-0.05268189745232426,0.5348644906209259,0.1947596382443502,14.556972075219997,-1.2022743759842625,0.5099201137154213
2024-03-27,1.4483083174010603,1.5325128409403952,0.9662904209448495,1.2300815684229451,0.24508782647838953,0.24779561528221125,0.22227984993685196,0.5962289366866503,14.647419615783527,0.6466136048185919,-0.9005195650868887
2024-03-28,1.3078733938138434,1.8798712536379572,1.6363909929292018,0.9877125390346728,-0.3958601666154744,-0.39376778751292985,1.1136406857424594,1.931674945022784,14.981594873332067,0.5231021586380815,-0.2864146271751622
2024-04-01,0.6536908286837553,-0.18476904003607345,-1.232044740823487,-1.8640819418375423,-2.4062284374474414,-2.4161070784646665,-0.3572671473081342,1.4427426039510494,14.887539622962656,1.5768457293469649,-2.155337704977081
2024-04-02,-1.9204031981381184,-1.7500964163434833,-1.1395446313734527,-1.3477792773199082,0.47089505861271297,0.47103280121135166,-0.5514139628673407,0.6465512961662969,14.76979086083173,-0.7626114381396049,1.3267988577088572
2024-04-03,-0.8053745690269913,0.9698567932704235,0.23284693089119174,0.7179895752673096,1.6095697618546083,1.5933588792763054,0.47983957050873854,1.134938966815043,14.928978946282326,1.0546749021106603,1.4240684424550625
2024-04-04,1.128431358753781,0.8612353968796564,0.42235888513544667,-0.5581690350061844,-0.9540195088644972,-0.9505124633557605,-1.027397108244517,-0.3047697857851202,14.671626991611104,0.6469751466881308,0.12397765539104116
2024-04-05,-0.7767338447848661,0.6174719814239542,-0.3014641846977585,1.609350336241983,1.5843104362695108,1.570792662151342,-0.40949213734865436,-0.5438458336353005,14.563099047709622,1.2161933580208835,0.736845343205231
2024-04-08,1.284003120035,0.3340873837629684,1.0187199680722605,0.5362963598074297,-0.7777491199922071,-0.774823820412116,-1.061679669645995,-1.3628193409953278,14.324855686337603,-0.8894790907019396,-0.9436412307403643
2024-04-09,0.4003706625607103,-0.5807707574914716,-1.5320535935332726,-1.650548034343293,-1.581741844497233,-1.592044787407837,1.7187505560676635,-0.02616333022872333,14.717621631976943,1.5108315368977394,-1.8504325092220193
2024-04-10,-1.751689350380946,-1.647007747465369,-1.4909908360606272,-0.9229644643457192,0.514196222419801,0.5181613063948456,-1.1881722427351484,-1.4067395191359056,14.346315852176911,-0.10821067859722662,1.1214783506167811
2024-04-11,-0.8399027014716198,-1.4197050705671346,-0.9108419234272229,-0.9634658593350351,-0.05458995351487053,-0.047759373366565626,-0.20761528703242565,-1.2591705832836992,14.282259521527013,-1.08639930411506,-0.6128157799914015
2024-04-12,-0.6970299932091027,-1.1671898126817748,-0.8449773184420137,-1.412381857454862,-0.4666258003733904,-0.46172562971166914,1.8459865579326398,0.7045512440013837,14.727793670047236,-0.8091443511180946,0.326267312758008
2024-04-15,-0.5254620667084693,-0.6404155884110124,-0.8019750505999131,-1.276109341973484,0.0036849555829517465,0.009879207089599348,-0.22347740351338832,0.6696833819972894,14.673579204618244,0.13435704904922757,0.6226517969601498
2024-04-16,-1.1838761467571168,-1.633264531113359,-1.2533169579478785,-1.3150945311885054,-0.23256790565623203,-0.22704456350576704,0.18909992315357027,1.0757528833114263,14.759339021966783,-1.3433628686798935,-0.30391343914841806
2024-04-17,-0.4902566416649931,-0.03738405608881513,-0.8774734763101928,-0.8150862305139205,0.6911057560128941,0.6944583697703134,0.5350665725103195,1.8522590981319151,14.936992986519652,1.4366628014225566,0.8205813134650332
2024-04-18,-1.087116581433602,-1.387748411322952,-0.8167797306505603,-0.984155714280842,-0.2901189210592894,-0.285257804453645,-1.4062913946428661,-0.6333963274443987,14.356264430281223,-1.2501062574014907,-0.3044980725840313
2024-04-19,-0.9211827730889285,-1.3215895029354607,-2.045675505118186,-2.0240773421064078,-1.6800828801113168,-1.685248768910514,2.0101402060885363,1.7483136510256805,15.069387477214626,1.4794264464862448,-1.0692028787858165
2024-04-22,-2.0598418286374742,-1.888135114311758,-1.6600050932384405,-1.4653786092484435,1.0734681960622612,1.0675450704519025,-0.9590518728509024,-0.16110659591619322,14.671669471574374,-0.6554524332349427,0.034703321206073445
2024-04-23,-1.0171168810849984,-1.010352061230085,-0.8840033463810675,-0.1249271420450935,1.7141331332382868,1.698088655219175,-0.4176047472924451,-0.5314246921010956,14.529440767422592,-0.22427347014564694,0.6125556239344783
2024-04-24,0.14290281536996352,-0.3064258134326343,-0.9308563066325657,-1.1177920582710945,-1.0912645035124824,-1.0933021167476544,-0.10778653569080505,-0.5601372165522472,14.573227977908761,1.0081337302615865,-1.4853932928814744
2024-04-25,-1.8579323634785136,-1.828149389539084,-1.474902921658181,-1.4735604512120806,-0.4126424691858039,-0.4082557389484824,0.23868566706320735,-0.12141182150066647,14.774401286775174,-0.9169683297299154,-0.3564978963928162
2024-04-26,-1.5172052785603392,-0.9138732101860031,-1.0292035635017938,-0.5230239295490801,1.0259459581576873,1.0237874780124854,-0.6546821635823423,-0.9540126621586773,14.513247688568434,-0.027290997814506727,0.3494021560539782
2024-04-29,-0.47411783129960466,-0.533215235796244,-0.12327488624483648,-0.027841916061080104,0.4794879091318171,0.48331067390641674,0.5886668597368593,0.11235547132689708,14.79594010610465,-0.6984571123007094,0.4912116469524952
2024-04-30,1.901099756937671,2.266035699248397,2.2903664573457103,2.428349998007088,2.299088898599892,2.274293353598373,2.2465614990118215,2.541251197193854,15.821991680338144,1.1251717884957686,2.6554285668738293
2024-05-01,1.5772419627234504,1.440370266876535,1.7692100701184128,1.6657298427039928,-0.38386237940045626,-0.37973975041915076,-1.0681355295409256,-0.3669422905194202,14.845880050911115,-0.4019568863248886,-0.2207509705238715
2024-05-02,1.3746313095109433,1.0019233126071712,0.9153243466309446,0.5613922904712432,-1.1026428273168203,-1.1200160136056858,-0.11494103961657079,-0.2594643512738866,14.980410150258104,0.6511294539062332,-1.2471452898796656
2024-05-03,-0.22691813474508532,-0.4111686175846437,-0.3832509330459857,-0.5281096532398243,-1.1237912570952713,-1.1418041142378659,0.40990954842087507,0.5462340835470274,15.340501293943852,-0.335522264876887,-1.2188795882421988
2024-05-06,-0.5166865825794662,0.44034260553323407,-0.14077265223756655,0.888103656741159,1.305050046218663,1.3044564460315546,-0.6645586470922986,-0.2753962137212239,15.038786158809444,1.7572430544419628,0.9299268499856316
2024-05-07,0.8249966101448661,0.8150730439608983,1.0527659423048317,1.1700689185221662,0.3416158727328843,0.3558985176675271,-0.4948864347870586,-0.6268198971814818,14.873092844368907,-0.3279790719461024,0.3230839890482054
2024-05-08,1.0909525779551763,0.764916083248996,1.246239837936425,0.8541508528229736,-0.3431856308509373,-0.33516774884065165,-0.6188071539009035,-0.9887216876804202,14.552579404096724,-1.1448015538092118,-0.2218684642530395
2024-05-09,0.8258387184432553,0.7285664420506428,0.9196443473488821,0.5487855810481596,-0.3991347883374356,-0.3921012296087803,0.10640307924586194,-0.6673690230393075,14.740602842286403,-0.4873105713573396,-0.3895318169355874
2024-05-10,0.5468868740294821,0.25419270930887583,0.30065200488494226,-0.22286548988843013,-0.6645763264425553,-0.6653915682794145,-0.4771508310164937,-0.8484738552030856,14.548984090233867,-0.10281879637976357,-0.5383565338020992
2024-05-13,-0.24180905147066314,-0.8483770832612094,-0.45456700452599696,-0.5746181413621909,-0.2152163591654715,-0.2057015919433699,-0.31639635923014847,-0.8192598338881192,14.430101966480432,-0.7273282334192186,-0.1134581096955005
2024-05-14,-0.8679625047388231,-0.631331367995802,-0.2815369949638068,-0.0039483890004569444,0.4963615460593567,0.5069662004924813,0.4490383925102603,-0.5397748785914194,14.486514885033573,-0.5851835705613473,0.4448041231785195
2024-05-15,0.11250068304041383,1.251652721553947,0.6872058039624515,1.587145823692067,1.2962271803399643,1.293153494036603,1.7674183886827637,0.8143551411724848,14.926809035570935,0.9647020672575994,1.0421513079944282
2024-05-16,1.3449830607911308,1.0157395279468922,1.0096942924779957,0.38915218835514703,-1.0056807635832745,-1.0124074294478456,-0.8226972174077958,0.019612974052390098,14.648289672448646,-0.16678215454484155,-0.7623259845696163
2024-05-17,0.45445360985276084,-0.0864689115995432,0.6795840118558016,0.09263396772930005,-0.3241517088076587,-0.3184257621967503,-0.7680011917764639,-0.44330164827423796,14.328514407672705,-1.2195125275630894,-0.26228689933876365
2024-05-20,-0.27021866139250206,0.7654152713462691,0.4790819401742775,1.2393842467136627,0.9389847082734147,0.9417872039278558,1.1311355454915732,1.1422730388540705,14.59886446328161,0.6273220738768261,1.2257664297099373
2024-05-21,1.7144630658604845,2.311800151655347,2.1739170763044724,2.0818344056959326,1.2987565016625366,1.295839271282617,2.110073068950687,2.533610039794311,15.282117051997924,1.5083250792856366,1.5079566032106169
2024-05-22,1.7736828650390999,1.2407437669269423,1.7996534663911938,1.5555736737857426,-0.24757572736328376,-0.24113976409962762,-1.4494040880255499,-0.3803104486584135,14.385077242523568,-1.188591613973376,0.05676464331965984
2024-05-23,1.7127577796079425,1.6071738081953848,1.652136244741861,1.441192925139115,0.1159667482924075,0.12337742648395687,1.1794113967636448,0.8453576025579075,14.922686407783926,0.2483195514243159,0.7144004158632745
2024-05-24,1.274615446554046,0.8991914652704899,1.368016845557628,1.134513563428522,-0.4984410874884067,-0.4939121770088857,-0.9810426628186993,-0.5550483703472577,14.389086166890484,-1.4421060773845293,-0.9762186558085201
2024-05-28,1.0740876216599657,0.691033198382722,0.4535175553388256,0.9804449228239032,-0.4096763388938953,-0.4043883985296806,0.4782901388821164,0.06467941043319742,14.725179816187001,0.6683471900299491,-0.36359189629198496
2024-05-29,0.658002658722881,0.9024480637429806,1.0295809584076008,1.0170403541390112,-0.11854247951978403,-0.11203193107680884,-0.3434450289083825,-0.18554598486935622,14.682611465815636,-0.41806822456676496,0.4481049034747181
2024-05-30,1.0266401613000238,0.9578315198164933,1.05993296656946,1.010012709799159,0.06427467435211784,0.06964487230487734,-0.45404261569088555,-0.47427813747032194,14.501784673029544,-0.23086497759484104,0.4301830935115088
2024-05-31,1.1242444147840411,1.0926299454931545,1.1306723379897272,1.1428083627244072,0.027144815471818903,0.031183283490281714,1.6722546926499893,1.617695699233823,15.313368878535202,-0.013570075823080183,-0.817972959468883
2024-06-03,1.208829446001876,1.6641098401352985,1.3794749189530762,1.7696074758213205,0.6546554286719879,0.6590673908053899,-0.9981826401406627,-0.4086265932552139,14.74657206287707,0.5629619398606038,0.43197388041978946
2024-06-04,1.905532736106097,1.4353875495235122,1.8021266013192743,1.7214356052148414,-0.5676050206517129,-0.5685023841397305,-0.6886784778558422,-1.0083115706570276,14.37415501716979,-0.8997810773986943,-0.6803853016682648
2024-06-05,1.3633766027111396,1.337356629489678,0.9375259525524666,1.3096273386427293,-0.9856563620161146,-0.9876816451757138,0.3005707967364145,-0.2687357167067239,14.58977725085086,1.113914069326732,-1.7119155000484965
2024-06-06,1.4049899327314788,1.5927525546751793,1.6470020873191524,1.4331972292353283,0.5471562675245105,0.54912919966343,-0.27539156359004757,-0.4324266529420974,14.561724933619168,-0.13546524272580202,0.3798137198789757
2024-06-07,1.300685046393962,1.6841807156293098,1.5367056073892713,1.791669317306293,1.801308138206489,1.7979357317879974,0.20702282226853844,0.21152535164619587,14.71924316564604,0.7639874749336573,1.3358715444506766
2024-06-10,1.8270300802396595,1.8602371603541477,1.7038177589872283,1.9564907942861065,1.6767951099030123,1.6732428336272256,0.5164290061514124,1.0504330181454065,15.052289604333243,1.086874556400684,1.0026145533814816
2024-06-11,2.1944630381902304,1.8005177765797582,1.5651137344694719,1.562946442283006,-0.9479045900387838,-0.9493388125795154,0.13941250870529662,1.280812044579629,15.228714827753286,2.0571717469423794,-0.793560872319552
2024-06-12,1.4118418126635024,1.1042576167615248,1.353108344389526,1.3349696790255146,-0.761806338592166,-0.7620523624133049,-0.9356626240474936,-0.38798419986044286,14.768943305534838,-0.1530279716730391,-1.077577145257134
2024-06-13,1.0576331487597268,1.4051794170361074,1.4528539292760165,1.6768187492680053,1.395644224403543,1.392931079517567,-0.472166120303229,-0.7767345446566388,14.623503575945143,0.667817110536897,1.1311265014245127
2024-06-14,1.3398682702645557,1.1562013239616042,1.7355878099173023,1.1985548146173464,-1.4437041293029351,-1.4495611340397303,-0.2154436555744713,-0.6984833076836924,14.520240894009243,-1.6905550367382713,-0.8552385032363632
2024-06-17,0.9527477678382262,1.2394755237524713,1.4207429574379828,1.2362818364617159,0.13846936025237674,0.1422728715082245,0.8573245166808755,0.06169101158669384,14.744599442981725,-0.5563407099008958,-0.2868604211884557
2024-06-18,1.118877358966601,1.16183697277123,1.405912559293895,1.2751333242769503,0.04944730516333723,0.05310338486041634,-0.4174231396772524,-0.3203720097084896,14.706278742947841,-1.246879876355512,0.14809092715819855
2024-06-20,1.1821122859690751,1.4830795326087833,0.620862745298674,0.8672965851690624,-1.4154518336075386,-1.4202972303355073,1.247976525974869,0.7965217331767035,15.027451829558391,1.8122501690460813,-0.8582912827044282
2024-06-21,0.685965837001169,0.595065440877588,1.0088018271497252,0.6359391585400712,-0.848047037832983,-0.8479753438322394,-0.20992401856466747,0.5489850065459105,15.053508196366304,-0.8975124730658175,-0.46177681922695357
2024-06-24,0.9161589541125423,1.3160990697446024,1.070754675482356,1.0422397069093845,0.27667639480005385,0.2806458449642247,-0.8291263339993125,-0.3517830292607611,14.872676004157523,0.06497810256282462,0.8802788521800647
2024-06-25,1.0710479295158812,1.4810579992472117,1.4094115618815042,1.8495647681630911,1.3969820727696973,1.3945112513786062,-0.07468402300682636,-0.19013431427994149,14.859244537259807,-0.20429465489457063,1.2436088216718297
2024-06-26,1.7947393799595384,0.993124333835273,1.5497805686530035,1.3184800504891385,-0.8848816390074498,-0.8857899959201057,-0.8054030003396496,-0.8906227295026174,14.618453852355605,-1.0647997944584542,-0.9057039164739817
2024-06-27,1.4067593334396298,1.1614303097551228,1.4785680172622373,1.7308259274824616,0.4398840494311944,0.4432507967126856,-0.5993021001207411,-1.2283176962988174,14.482365609889834,-0.7722073783105499,0.5338296103394631
2024-06-28,1.7647914072983362,1.4387192754688791,1.6289149514728671,1.1090213331915646,-0.8419914453650451,-0.842324017803951,2.2239823935141305,1.386467796520557,15.032024690045661,-0.59767151700335,-0.30468620745904
2024-07-01,1.4136497429683876,1.3604366124676348,1.2292490928906556,1.5554041217882555,0.7845591374621169,0.7855529727518141,-0.9837238165433179,-0.527082183218002,14.750073727383352,-0.37438920054366215,0.6666125384383661
2024-07-02,0.47522490132893225,0.6706418636479681,-0.903422686458782,0.7024193150027807,-1.3007060118319138,-1.3050254934231102,1.777827633136026,2.0210365421149965,15.338213636985227,1.6477963830287166,-1.9862200512735135
2024-07-03,1.0871965825783074,1.2334550709903074,-0.44807177323879055,-0.180291798704002,-1.152107958638496,-1.156280524267348,-1.0086768561314368,-0.24808421143188586,14.939920864297546,1.3465770646368846,-1.5009818581529717
2024-07-05,-0.2761596330516463,0.8051359596687941,0.4744015680607687,1.1899868306442194,1.4977625862506678,1.4924004706668983,-0.26215132879904557,-0.3559777003526852,14.873613650407863,0.15096766539791256,1.0991547241222381
2024-07-08,1.5113833803090024,2.0855807070095973,1.532664183229383,1.4013942296175745,-0.008929207310768267,-0.004494044018791432,-0.4921951812434561,-0.8049548306320307,14.67611985531557,-0.2265029930118895,0.08366117508057024
2024-07-09,1.9892739784484206,2.0398105389189225,1.7265694875674593,2.2190591216959272,1.0479379654151442,1.046503202854332,-0.041514182893554075,-0.5970107910992754,14.697624251944042,-0.41020903009673804,1.1681385141291531
2024-07-10,1.967536726753866,2.052186284804168,1.845544196501399,1.9414603958570409,0.3998267660278172,0.4034362436854604,0.1503333074306526,-0.15782149527657405,14.802558310964598,-0.5133597906127672,-0.31797654526889496
2024-07-11,1.3719049274014032,1.4391106834874585,0.797327330538083,1.2184255869312555,-0.9560698363706148,-0.956159759213714,-0.03728718419457925,-0.05973032922918725,14.864617776978912,0.5287538784920418,0.10564400342187914
2024-07-12,1.264771110776676,1.5684375189392958,1.4176127966472887,1.6405610166406337,1.0300261277505365,1.028907002073498,-0.6669943937622324,-0.9556586744377095,14.654963873060495,-0.5533099611150756,0.7642889948362462
2024-07-15,1.8073553334252979,1.834520523263985,1.5388689476521995,1.3844422447434845,-0.26707282773943336,-0.26257819930653503,0.056712751813126586,-0.6086306615297038,14.67362160173423,-0.32941120222728143,-0.2407036045357371
2024-07-16,1.3820220035768362,1.0512419076905448,0.9175030463350723,0.7303742447843883,-1.1178869055754805,-1.1206498790080404,-0.39019936330613253,-0.8498025746531612,14.563051695884129,-0.38001678395855165,-1.3315445763949756
2024-07-17,-0.9644313569362191,-0.81549682667137,-0.8045755564399689,-1.2492569479317628,-2.261680658710597,-2.278214248107429,2.643806886243428,2.616729360671971,15.250738168254545,0.4644940608013469,-1.7488804380822218
2024-07-18,-1.0739980371006157,-1.5506066507622225,-2.4451902545136317,-2.478620723837664,-2.196941318726593,-2.2145428431816567,1.629836264543923,2.561397382054579,15.850164047579756,2.797008577796228,-2.3249182384802487
2024-07-19,-2.1926407286898417,-2.155526158761364,-1.5372421226599053,-1.6441315886523438,0.6394687890698149,0.6353832560471787,-1.330084166045585,0.08421908937456316,15.145816673271657,0.21513760546451477,1.027669811994429
2024-07-22,-1.694542637363933,-1.72902333758388,-1.1713862067828142,-1.1597536215657276,0.5999650431634568,0.5970888668385058,-0.716314434440193,-0.48283216256213696,14.881772160708003,-0.31458466913397115,0.20948108125344606
2024-07-23,-1.2265850077808018,-1.0718362233775327,-0.8247839574099206,-0.70590792694718,0.7780954286368207,0.7690677890656212,-0.7328257689826767,-0.8813664216781795,14.55157401849696,-0.058098923719313904,0.9756373412968709
2024-07-24,-0.9458889465879495,-1.0907533738421995,-0.8659227092412551,-0.9453686705171098,-0.4868283922774124,-0.47183558638766837,0.4488244732970488,-0.48405847627128207,14.818382941175882,-0.09068544977592616,0.3241513115884293
2024-07-25,-1.2894782205987438,-1.4200361323426052,-1.5102379732353248,-1.4481808085566235,-1.1651605240708491,-1.161887563142628,1.4601794752249717,0.7302192070562762,15.514423659708184,1.0355789581386508,-1.273193650581402
2024-07-26,-1.6173408495794368,-1.6301240067541407,-1.3025814891443017,-1.45180630384966,-0.1597276886604776,-0.14708669289253343,-0.7310168419574025,-0.10192468853450497,15.244361648082132,-0.37878558596949696,-0.7500357683139455
2024-07-29,-1.3216539614174063,-1.332192028056282,-1.0863062808558264,-1.1980189716265288,0.7491203850962928,0.7492737083008433,-0.9108604590289635,-0.8964913717212787,14.721225967718901,-0.4191843783173892,0.6572529726134517
2024-07-30,-1.1918381429972291,-1.2478433961019084,-1.569729131592557,-1.461625567405757,-0.1788119726930012,-0.16641264122264224,0.5877430317950031,-0.35990527414639545,15.163220263603307,0.9505592136051118,-0.1581380610566741
2024-07-31,-1.336839677002289,-1.3094519168493777,-1.0137534525190282,-0.938727357515818,1.0729634505771288,1.0606034883006947,-0.5671155477617275,-0.5971860335151895,14.901274323407335,-0.670946172109725,0.5055387930717208
2024-08-01,-0.21587787555169316,-0.2907137591317374,-0.08259683608806552,0.007306493987362545,1.5162110282162409,1.4938362833574201,0.6801875756822041,0.7352646343231277,15.216866176772399,-0.52633078039022,1.9202485617085696
2024-08-02,-0.6623989606887978,-0.8246935664681322,-0.9257334592997134,-0.7287876558785196,-1.0700220205822357,-1.0736037032975854,-0.4448757670974606,0.24731436308725796,15.072806380394201,0.6193584261405375,-0.48062557714016213
2024-08-05,-1.939409563963482,-1.4183954684684963,-1.665651118381104,-1.357021593198353,-0.9596692018557142,-0.9647220558399152,0.43566912586793827,1.0151603801354194,15.3549124121241,1.492757053270692,-0.10254386112265652
2024-08-06,-0.8520556596796734,-0.8482730629905467,-0.439026067728171,-0.6790284019785393,1.1862687434224126,1.1849662222033153,-0.8637911266695726,-0.4228693833632281,15.05028440234351,-0.6653918594549737,0.6801974946511798
2024-08-07,-1.0766774731829771,-1.5766785163550119,-1.1615423014512445,-1.5191301855036399,-0.5768164596497627,-0.5718382350199738,0.34288671556145883,0.2709041804286043,15.298863796298276,-0.4444653940621807,-0.5041694496532748
2024-08-08,2.0685317990657284,2.235543022704749,1.4546522220078137,1.8592020114819123,2.234367808881239,2.1982920136990804,2.071365477484946,2.5415727614306545,16.05992624388395,1.519598925896422,2.072512203107074
2024-08-09,1.2893976199543866,2.095416411192259,1.9538430349669986,2.2116866603476195,1.0222138360446293,1.0303475073088584,-0.8912277100027703,0.6708948059585842,15.70069980378253,0.8838067664974415,1.1467176173557077
2024-08-12,1.7775038760287092,1.513009222509335,1.845262663939658,1.5209401286299815,-0.4193242443855716,-0.4090750058051544,-1.0343132819904328,-0.7167290010096029,15.25204664827078,-0.9939399108185137,-0.6150119062798352
2024-08-13,1.2457103577957123,1.3540786317956655,1.5196848747870777,1.5526780196831602,0.2861073894013978,0.3048796624195952,-0.4970767176477339,-0.9664437021020882,15.070214783856787,-0.6718259721458043,-0.15171274015453348
2024-08-14,1.2378266244125538,1.3594259311839227,1.386748708344196,1.5245713725284766,0.24791941436050227,0.26660742722095726,-0.16404936661228176,-0.948996630031301,15.086085658627992,-0.3453648586131062,0.1771643354710816
2024-08-15,1.359793962541438,1.1663537944845626,1.3410978004711998,1.2376464022968459,-0.26213875869111974,-0.24780368988134485,-0.39038492544432934,-0.9725807205723358,14.940440479625028,-1.1826610975112617,-0.8310806768447451
2024-08-16,1.0089422362380331,0.9306190367484981,1.0781556765358784,0.8910635758130719,-0.6270025637087681,-0.6244613608682186,-0.5764765812427541,-1.0848191566027394,14.67624671856688,-1.0331290836594436,-0.7590707352516229
2024-08-19,0.7714751281094853,0.6138582814223993,0.8809669016216635,0.7300838787433414,-0.5175783695851299,-0.5140570729010464,0.013081101911510276,-0.8459069247254825,14.680339981337298,-1.2494536238307594,-0.6714298292534794
2024-08-20,0.8078631107302232,1.1755068463717433,0.9470005879849219,1.0338200610449846,0.3241033692826647,0.3422701951353949,1.7416832575251744,0.22116016999515786,15.417218873888363,0.4045167296581918,0.6523725496844274
2024-08-21,1.492420909178093,1.15554849110343,1.1516838504286997,1.169452498694038,-0.5972448808099993,-0.5983983803067316,-0.9190801631526316,-0.6478256004335595,14.777539563629137,-0.7328266797500169,-0.5411034826855238
2024-08-22,1.1321728737024794,1.543805088407694,1.3596397214215337,1.2037823707447393,-0.48743133753684137,-0.48419355249811563,0.5662717997956653,0.19277087492958328,14.973554914501694,-0.12683310707766365,0.1560214127487907
2024-08-23,1.2079179809694698,0.8603755690416607,1.0738154259880217,0.9597943488137987,-0.5574394973951761,-0.5555087402880563,-0.6995743694663725,-0.5066624478688526,14.539817685433698,-0.6107764587919957,-0.8786669559294188
2024-08-26,0.7580128287537767,0.47656658672569685,0.9170540143152573,0.7906870809569444,-0.6756795740938527,-0.6756076706383282,0.11106431329775893,0.020322239654605546,14.588393168223483,-1.0437844041955644,-0.10021931446880684
2024-08-27,0.8188935735749666,1.2102562665067647,1.1772683652380926,0.9095188121268798,-0.08245771807398075,-0.07734022623835445,0.6627491215778488,1.2862705736160367,14.884660049782175,0.18541877698780068,0.052553222856328935
2024-08-28,0.8167431216512241,0.25649579267641864,0.6312636569283459,0.3854759935300242,-0.7200631879905839,-0.7249570414798956,-0.9148335483868218,-0.5686019676042231,14.347197660010536,-0.5341427702827757,0.045819258986704255
2024-08-29,0.7267523545491481,0.08778893231382101,-0.07686448013533559,-0.3556188546515947,-0.8899063024652696,-0.8979434556162147,0.019544830769169755,-0.29798274711422773,14.382414579229136,0.29305067371450033,-0.6739021350881846
2024-08-30,-0.20315731052634595,0.17636821482405982,0.15690985586018485,1.0845884715070335,1.3798038434770674,1.3833752256467937,0.7541999432303245,0.9908393848518872,14.75360231117132,0.10211801249591279,0.641444898959821
2024-09-03,0.9137368367908835,0.978589568358133,1.412628884543541,0.8661187920038983,-0.5936677099972799,-0.5945682141161109,-0.22029983840221995,0.7446780478068339,14.74349307377861,-0.39444224610258427,0.9238174833228893
2024-09-04,-0.7609757963727971,-1.085990242893557,-1.00923778523106,-0.9503553383237031,-1.1524496998286125,-1.1606875479135612,-0.6549308459723561,0.13490778798969782,14.452986982278661,-0.6564939346518083,-1.0127018853546892
2024-09-05,-1.9767993910289532,-1.8882348281187626,-2.6235972397006653,-2.592812832303028,-2.211423836904584,-2.230891846552804,1.7215119855262515,2.1872290341732707,14.979005371094026,2.4538246305223748,-2.088730905815616
2024-09-06,-2.56510882775931,-2.1905738145623674,-2.1557151418548366,-2.064648656534932,-0.39347270206580326,-0.3871923502797375,0.03650628723311935,1.8006424843792532,15.050982320047213,1.6948705140642686,0.6223603184852148
2024-09-09,-1.9645795146091192,-2.008544126120222,-1.5096487915233077,-1.3768444589969637,0.7432711384270416,0.743552627170054,-1.0550103711024095,0.11604104205721111,14.693435027538024,-0.18598354825255228,-0.26568525821924555
2024-09-10,-1.4321630198749034,-1.5262667872866034,-1.2317494544128482,-1.3301329947198008,-0.17260185528054947,-0.16582370944419236,-0.6691088837463058,-0.627392455546663,14.473238311320177,-0.2323369103666531,-0.6491847313534381
2024-09-11,-1.563985460673906,-1.0095651732258208,-0.9361142332820592,-0.3869699024760985,1.5077086119934362,1.4953930593683358,0.9895491473709392,0.6001097030038625,14.816547135782859,0.2733361236893412,0.909809770529634
2024-09-12,-0.3817881952569498,-0.13383264424100896,0.0633930357663658,0.29967523006383384,0.9413123160984713,0.9390240185012478,-0.48125095013631847,-0.0028528149131261883,14.736510583686954,-0.5635382437204799,0.6199175729240803
2024-09-13,0.3707132078571771,0.18946141012992235,0.2904483174902744,-0.13964559583663527,-0.585604287425964,-0.5792570584257307,-0.7195687330921029,-0.9746966273517824,14.531104416255856,-0.3906963343974856,-0.9686961872058248
2024-09-16,0.13285470649000514,-0.1913753408101198,0.33180036998410567,0.024112789863214495,0.2220976993508661,0.22848182686284005,-0.4438875853875741,-1.1680427595262213,14.380995375118887,-1.2328598548765917,0.13945848859410268
2024-09-17,-0.24983879925551586,-0.7361714974078905,-0.43554569637149626,-0.8095715639436716,-0.8081330931825251,-0.8058073900394689,0.7510507031363205,-0.26499518199666017,14.625551934835478,-0.367053469568748,-0.8655250876675229
2024-09-18,-1.1314354046808637,-1.0616449691972998,-0.17635509817137104,-0.7954493540053137,0.1797221060306039,0.1866787601647488,-0.7504615512340875,-1.015179781226958,14.390437669882832,-1.168052325744844,0.5507125524641666
2024-09-19,-0.4751752221671673,-0.7843412201514908,-0.11953685719093463,0.0783318733272447,0.8220632827874739,0.8244824357037054,1.4188244512505364,0.43609396405375217,14.710169398458422,-0.9385624043854389,-0.22692484572492844
2024-09-20,0.3315655791863697,1.2670526248156342,0.5714418976779949,0.5102136086090412,0.3889805781817769,0.3933578284056071,2.746933096214399,2.80144915769958,16.110245015201766,1.5801273717747524,1.127656546111732
2024-09-23,0.165290162922987,-0.4248621344472665,0.09136841815034527,0.14098875666423383,-0.3491214468872547,-0.3443598405735399,-0.9798662649113004,-0.4516506147302548,14.644935793116847,-1.015880019251854,-0.256534393738711
2024-09-24,0.1975483727189569,-0.1904204885178839,-0.09252783855983539,0.5669430948280378,0.30999971402647686,0.3145275891554846,-0.08443045636668024,-0.2967907933630758,14.833419170567359,-0.2038788784380946,0.5282712390982717
2024-09-25,0.9752285634022619,0.9784998727940318,1.127653259030801,0.5317687866505478,-0.02956082017851434,-0.024849691034553242,-0.5392618893196393,-0.5969805092585544,14.406127103862328,0.21593000059299888,0.4714471499660258
2024-09-26,-0.2584670880954129,-0.5903226987992538,-0.7405217391906759,-1.0077530781730102,-1.357001013789402,-1.359445394776603,0.2062019557789585,-0.21565836767473961,14.806166743126752,-0.007416570717405949,-1.453271450343134
2024-09-27,-2.152804302957153,-1.9262669353694968,-2.4173448844534486,-2.4303605898832137,-2.095750423199131,-2.107522439578591,0.25827847395173475,0.28814588973019406,15.291942882371526,1.6831097469595455,-1.9896142574063798
2024-09-30,-2.401996478532768,-2.005972544755025,-2.214991187982895,-1.43363587607584,0.8995993295603328,0.8944362305433323,-0.5766132892963919,-0.24232072699054671,14.992502942162789,1.716893401938319,0.8286457298937832
2024-10-01,-0.9526564195361307,-1.3771720053516388,-0.9584891454336428,-1.2500949111219293,0.04931719118389899,0.05513115885683643,-0.5041648699297621,-0.5137656722037925,14.713719189586374,-0.8335126619312464,0.8344689478086458
2024-10-02,-1.149291550221527,-1.0574191027288367,-0.8113104568814725,-0.7707384317406001,0.6257513915254366,0.6233105827301428,-0.5354423871809064,-0.7324226206246599,14.376040784815817,-0.5560769186041136,0.7454740513786208
2024-10-03,-0.6079623766789489,-0.9439291358287283,-0.5873366690901389,-0.881082327939651,-0.22172436429576292,-0.21396652628716398,-0.12435940355912237,-0.5732106242734661,14.49592755245131,-1.0677011134733267,-0.11198187831432375
2024-10-04,-0.620520697741959,-0.9146397356656517,-0.6267244535438031,-0.6417634530758735,0.41792915449941237,0.4191191110827803,0.10321097602331702,-0.15009495511210924,14.493798383102476,-0.7449164655357017,-0.1941474412891065
2024-10-07,-0.2931989343464243,0.0356204625634606,0.10967346692275352,0.0904225023814873,1.0408718956120524,1.0305714838058289,1.1015829062363773,1.05042533292099,14.885620829130426,-0.2500259731701409,1.5236768954832167
2024-10-08,0.4231292336615715,1.000984692617639,0.8532846584809536,1.1761168043021895,1.1855718085450708,1.1727708297113373,-0.7478118632482379,0.08181005198460051,14.603968372873895,0.3183487730409328,0.5500793245357238
2024-10-09,1.3962003851085278,1.3175388273604645,1.6041354719880077,1.711219934176338,0.452698272452228,0.4543139981467707,-0.6269467816174367,-0.5542623236897198,14.414402552018709,-1.1513400589336593,0.0706955226734847
2024-10-10,1.627229399973902,1.3597046417368268,1.185718220317134,1.0560497620720153,-0.6804129567564493,-0.6708238380222517,-0.21828692282228723,-0.5653664205829266,14.335554165274674,-0.02691514639813557,-0.504452112605532
2024-10-11,1.144783788642303,1.5557097750329556,1.2358680959558874,1.8320217290991607,1.6844219367206066,1.6749532767094826,1.445046297854974,1.1782537420342682,14.64576441968092,0.7367114600175968,1.269668749836987
2024-10-14,1.8041881823361565,1.4363933426002014,1.7119884557691507,1.3264845609122056,-0.7161836177498933,-0.715327168127772,-1.0215150887440432,-0.14772642096429828,14.254024165113272,-0.9756563019924561,-1.2270610447556645
2024-10-15,0.9624728909898184,0.7043406690382363,0.526628027799805,0.30792704788615094,-1.6354573515750022,-1.6464375979128982,1.4103771807420502,1.4143694534801998,14.641526849388583,0.8799170805297619,-0.9623574710655481
2024-10-16,0.05143379292090364,0.08041349479331254,-0.20676475666408678,0.36220483898854977,0.04088771148715765,0.04653179464373945,-1.0102684035626257,-0.208553923207142,14.313494681471736,1.0415780908874752,-0.15996617421283366
2024-10-17,0.5631929518441158,0.7204715320207942,0.8315538549205546,0.24871798400542108,-0.23040797310705866,-0.22515573350175305,0.8542199718978624,0.9989796797257358,14.59996035330184,-0.39418088335866697,-0.014391126129631353
2024-10-18,0.14055241504010407,-0.2999779233604653,-0.17225896562231674,0.11386963201741919,-0.20945905919256422,-0.2041794529242229,-0.04870473121273476,0.9570639649523314,14.642708183917543,-0.23027602811504597,-0.41048574006209604
2024-10-21,-0.02495917735602545,-0.9492343742219252,-0.5381329712029842,-1.4499260919629813,-1.0844968897762,-1.088318036710943,-0.9346423342403459,-0.49012896775678166,14.280627893698219,-0.43247516497202143,-1.031057734536994
2024-10-22,-1.8372394257857663,-1.6466031380559,-1.033220742345524,-0.9674748946870236,0.32824968303186786,0.33364631829425534,-0.40016677921755917,-0.8156033246940405,14.146109149886666,-1.0347793395048677,0.6935984764991613
2024-10-23,-1.1665368089634764,-1.577783075467817,-1.546034610129817,-1.3173647977189575,-0.4174544703479116,-0.4151671718090398,1.9773265941186886,1.8810557600492732,14.788786733164285,0.17242024450104254,0.5203712434218105
2024-10-24,-1.4606069318854407,-1.7415859998445984,-1.4793416119365201,-1.8470052078242654,-0.9532704644743483,-0.957434618971267,-0.9362266266485384,-0.2844443243959349,14.40168536897202,-0.9395391385135331,-1.324788802453978
2024-10-25,-1.1003607881552129,-1.3206299946471272,-1.1099896522680632,-1.4383337516763999,0.7541606062935222,0.7538393619929096,0.4235637379716246,0.767548928401423,14.616749969647566,-0.846756228163293,0.8742978855213724
2024-10-28,-1.351774801030462,-1.321958530773644,-0.9127552332705114,-1.0440798096880972,0.8561081728647508,0.8546617507845723,-0.38832368629329345,0.1399950021353564,14.549848145172392,-1.7508275197475887,0.5497590800454224
2024-10-29,-0.8704172103879854,-0.3292810552064632,-0.006971245085616747,-0.17478459530887158,1.3530671449255038,1.3463896590986695,1.0762039955492275,1.8971875084508274,14.97474778217426,-0.9434052330558406,1.2524863695575088
2024-10-30,-2.7432632237968253,-2.3918788385241343,-2.7830149057729754,-2.538535778696847,-2.66777015566423,-2.676991018981791,2.7526182835524526,2.794161386076309,16.720070135510863,2.8348135078934464,-2.663727297563462
2024-10-31,-1.3101842785570006,-1.9410092277782702,-1.1549884439596656,-2.102307566623972,-0.5014256945966286,-0.4853890298675487,-0.7340122894883421,0.05269268183726916,15.699970896614394,0.24216473465529192,0.2999769807709925
2024-11-01,-1.2216314675183364,-1.927012651343534,-1.0891152397579056,-1.778397813929206,-0.09150136711359146,-0.08068158224534355,-0.4321631941364527,-0.2817320560763618,15.476838776538939,-0.19645287489969213,-0.4204798212853871
2024-11-04,-1.3986387320475722,-1.7261956306971535,-1.1064665691166953,-1.598829735351103,-0.2044143730689374,-0.19210172195045888,-0.4718986678839593,-0.5669717943651417,15.181117655612761,-0.19276981086477893,-0.19238655533303278
2024-11-05,-1.1468119213561259,-1.551225133260107,-1.0060743014909677,-1.2786764814555567,0.5765921732711172,0.572995693499731,-0.3436049810449219,-0.6311992886573778,15.132803386845424,-0.3781280989824148,-0.09040731061407199
2024-11-06,-0.6932711592224032,-1.0243889430920368,-1.2816214165356208,-1.5297258789386132,-1.0195871938225483,-1.0089944927629466,0.44281944671612683,-0.02676745481997152,15.926680996981402,1.0437064029938914,-1.8412752660758078
2024-11-07,-1.1680966093183178,-1.2054061850338451,-0.8852286881967842,-0.8776640709970795,1.4945939250604283,1.465557109188037,-0.6053665602657087,-0.6008939502314469,15.332306946562026,-0.08067363825632143,1.2294328137948731
2024-11-08,-0.5959770807908547,0.054609690801592545,-0.29421855917404455,0.00769105416406512,1.623461930278417,1.59256108199209,0.02733205462678025,-0.30503896398091424,15.791381786173263,0.5458169321326646,1.5460435650496223
2024-11-11,0.33473352429608766,0.13398899140818674,0.4321479605658632,0.21896770480691635,0.2618279818251993,0.2737016209727474,-0.6434002101430151,-0.7574161562117141,15.022319636259786,-0.49622058682484704,0.3180231448526936
2024-11-12,0.9470926060467847,0.07803960359255663,0.5250588371031448,0.1182969533071148,-0.23120895812673734,-0.2184562211612155,-0.26759986785043294,-0.6564314176138561,15.032972276451305,-0.4091989786216973,-0.04552236726192764
2024-11-13,0.2590655853604737,-0.014894396192515539,0.40485832535085153,-0.06435084720694098,-0.19834023163221526,-0.1899607375550021,-0.09467808865947733,-0.8355756088864849,14.933697016461595,-0.5777697084503977,-0.07262222926350116
2024-11-14,-0.27900728442283806,-1.0391645885733287,-0.8846089112591017,-1.2259690573343285,-1.0773293764417615,-1.0894203663590551,0.48404603005721947,-0.04191924933145976,15.201505124150154,0.04391993686371723,-0.6041997278236763
2024-11-15,-1.7781395143259275,-1.9620118582136619,-1.9791772047343954,-2.071916407193586,-1.438723719269404,-1.4637972765153773,1.1900628054136557,1.6581978615377826,15.808113571351647,0.6190773268595879,-0.8908016008383824
2024-11-18,-2.2668391797609835,-2.25451829976044,-2.0721213556023534,-1.8820432410435444,-0.5493262261787683,-0.5441731059177592,0.0749125277883028,1.6095084925716303,16.029745305222725,-0.23146384919557014,-0.5776252084165044
2024-11-19,-1.898914178468307,-1.7115161681300712,-1.5308134922645014,-1.3980318578875148,0.4455978741877258,0.4583126930062366,-0.9348564776199937,0.04955833093000796,15.578956454330772,-0.7618529651386565,0.389305304934647
2024-11-20,-1.130538334100662,-0.8775978400370563,-0.8397251622132267,-0.7209250003420298,1.1709951429983194,1.1650121944025336,-0.3517799285781653,0.017748095292754878,15.456234130277203,-0.2701843660779267,1.3446305325300378
2024-11-21,-0.7657982504586054,-0.8303308272290845,-0.7265513379034114,-0.6777349566480183,0.035049110617110045,0.0477768669817191,-0.6223111390150629,-0.45056519828646757,15.236979235451125,-0.6759023682776268,-0.19283349486552073
2024-11-22,-0.41349865402428726,-0.5036112436371585,-0.37668989647585954,-0.5738684104033768,0.34027416623662315,0.3492327007665775,-0.09645292323151516,-0.3057119508451889,15.205672679645613,-0.9421285766401792,0.1927949699772313
2024-11-25,-0.43281501385991383,-0.5061997730001335,-0.34835217861904283,-0.22986681972599285,0.8140055725926175,0.8166051823602416,0.8957951223022115,0.2945988913373813,15.554308851435549,-1.0579013480370925,0.7846748701476843
2024-11-26,0.6762531543809418,1.085481241751906,0.8039194693484126,1.1108341763013312,1.706455082025964,1.6811980691763315,0.13336208133400976,0.43512657991871817,15.705998751050194,1.4976726527986033,1.7509209189289594
2024-11-27,0.9947842610262463,0.9625738802480313,1.3433834251376258,1.3574714251079734,0.03476417678261522,0.04757076014009472,-1.5894616806699933,-1.557523775263293,14.814192376372095,-1.1578552978891299,0.20235733473201759
2024-11-29,1.2861310649870186,1.2344990571383359,1.594713466105388,1.5196495315720515,0.279426140388466,0.2893254260539228,-0.49848957459101745,-1.452091732200739,14.607099826960441,-1.3114195258424808,0.13764529770557518
2024-12-02,1.3270797585518646,1.2070074086527258,1.4112343064438206,1.330514884024272,-0.07800121416069257,-0.06961303087979294,1.085422017227645,-0.8290387812404346,14.878703246752632,-1.2667267834220528,-0.05135530116912218
2024-12-03,1.2022479144173202,1.3028460678857905,1.3232010399234417,1.4670206421356546,0.34274690840221905,0.3517622854630035,0.07827730805360679,-0.553755829494585,14.8387169556232,-0.40282117505973214,0.47865678721096305
2024-12-04,1.6830000256470377,1.7864469329393085,1.5811407355951819,1.6401639106704586,0.4489014642205722,0.4570914801359846,1.2066230816019732,0.6301585863479051,15.169049520668647,0.8961356764641334,0.2539671031623378
2024-12-05,1.379101498444943,1.0640642019430717,1.2091512838929361,1.204572233939338,-0.9292945060384045,-0.9375766756384115,-1.0743855301733722,-0.46962141371817134,14.700682483422868,-0.6116257934920064,-0.6935270439674206
2024-12-06,1.155105879410073,1.1488494332640196,1.2352258820795885,1.0349794618641686,-0.5719975616985031,-0.5731390941276856,0.6650396748031404,0.25567847797969656,14.929701204776542,-0.34193097119107535,-0.653217681747403
2024-12-09,0.8443477828571859,0.43470014028680964,0.2635988171320737,0.039734055758508524,-1.862768268619515,-1.8901783612958851,0.008649834876563182,0.43707879038899533,14.971133416210575,0.6200286866153669,-1.7557140336637092
2024-12-10,0.05999019434151829,-0.23672219172516248,-0.1902312286320603,-0.48112251804884154,-0.5635764558873143,-0.5597655751939693,-0.4258603550791008,0.31730258980806186,14.80698334210439,-0.11140164086384956,-0.4452110029995105
2024-12-11,-0.8604444303051474,-0.9927009933729272,-0.9919752615377941,-0.7860414678192652,-0.39536763561949545,-0.38871288397926584,0.9388313119423592,1.87870082672421,15.071383257658178,-0.5164426619209121,-1.1036496138907979
2024-12-12,-0.8790921596630056,-0.9467804147508341,-1.474025444857592,-1.5629090699809816,-1.1213520169018931,-1.121163438900091,-0.8717561155838174,0.7049158428847206,14.853594407690228,1.3676822366700188,-0.8647855770347216
2024-12-13,-1.790515474933153,-1.2950325390276225,-1.5109310769431699,-1.056720412646185,0.6346505210865525,0.6367176428937692,0.08087549688065097,0.8017223999368405,14.933729703132725,0.8006536837658309,0.7941708667444218
2024-12-16,-0.8861686948885731,-0.929225813752001,-1.1633070005705102,-1.367445124742355,-0.6864900997449295,-0.683157997554475,0.3177606358335376,1.1316218582346913,15.046962625146994,1.205969174265016,-1.0472064435768107
2024-12-17,-1.3515636618470022,-1.2642449924721362,-1.0751905424829278,-1.1203049580658584,0.28199881338648763,0.28756974912819955,0.3475855860544161,1.4568041251535728,15.182826207276383,-0.6634461349490095,0.6721905148978807
2024-12-18,-1.209326926517833,-1.4293364099077361,-1.267902519977293,-1.4762159598592386,-0.9031300337770722,-0.9010471463698154,-0.7091522037915758,0.4862972909842518,15.025724148013303,-0.2850126357336151,1.4768359843856922
2024-12-19,-1.3688494600074954,-1.3890295893344122,-1.422572084608032,-1.5068142196928396,-0.07978837109551755,-0.07483296774310515,0.7695997041814647,1.2046883931990275,15.209922135165053,0.5834328842162508,-0.31105351713752194
2024-12-20,1.0173074759373018,0.8230781795964873,-0.6583104797350363,-0.9118389093793619,1.6559972193191927,1.645666555166276,2.674128184471506,2.725077081682843,16.11230904077693,2.5905578554887194,0.6526403871463651
2024-12-23,-0.21905079161765942,0.2583315257557278,-0.051335109102453584,1.0523473653534665,2.257039149606511,2.2424821904491026,-1.3864735754734607,-0.6438198152791235,15.10262001723048,0.43630237021984036,2.096976167962964
2024-12-24,0.349811673192287,0.29546281475782044,1.3742833773317638,1.075379555828756,-0.02394277456448933,-0.01663108617569884,-1.2484772075520592,-1.560807853850905,13.968575791765224,-1.1618253876283653,-0.7765585466987147
2024-12-26,0.5673034742720477,0.776369009553724,1.6164756259126822,0.9947389844634917,-0.10838250865495504,-0.10185700809071846,0.08100399718623587,-1.1950632433105555,14.05782987347037,-0.9741171134239299,-0.15153061321853298
2024-12-27,0.3175797791975233,-0.05827034884065476,0.5209149565435414,0.18741272139425405,-0.8590339471912899,-0.8650331437846193,0.8423957157645671,-0.715379291439519,14.555780322578293,-0.6714762974586517,-0.31932229173586774
2024-12-30,-0.6293476889387357,-1.03784676745062,-0.1853182533863671,-0.387549409078835,-0.6125492922588238,-0.614978542881544,-0.45683281659316677,-0.7456005274964829,14.357312037729143,-0.9964051300705792,-0.13113796314892923
2024-12-31,-0.9595445333723974,-1.2066460599004687,-0.6609924505756399,-0.46562707867056125,-0.09930533993351379,-0.09321751030353417,0.36309983332084894,-0.3687007002743642,14.660090872022197,-0.7541172604563557,-0.03885988892171505
2025-01-02,-0.26809465119701914,-0.21290155962103272,-0.015169107079152068,-0.018120523679428385,0.4813055726528657,0.4909428651278896,-0.41492398454188323,-0.3983639582077271,14.47763187567532,-0.2462183055411429,0.5939387808817442
2025-01-03,-0.480961961664661,-0.3639107767559996,0.20330647160077822,0.15066658820160592,0.17930511226011722,0.18727686143607455,-0.2778612425245619,-0.34806612988933755,14.402797653658029,-0.6258169499119003,-0.7301440336625217
2025-01-06,-0.23298686557058557,-0.6005848217596744,-1.1786232851214347,-1.3622603712815482,-1.3772264485267092,-1.3943145753061899,1.4040859471842295,0.7674337126995956,15.199577690651273,0.38386682639986847,-1.7953269457336807
2025-01-07,-1.830791858232103,-0.5315551958888599,-1.2344349686184606,-0.7365267425891624,0.6064446099300997,0.614734097326778,-0.26427712215899385,1.9423814253579021,15.089783658724567,1.2111286171640894,1.2632668870802533
2025-01-08,-0.7165335760772543,0.4874482369760368,-0.2949595598480375,0.6839632371601616,1.5745043791332671,1.563500595049704,-0.25954367888924956,1.4789512832481448,15.062083263397486,1.3266656634035534,1.1772564551457247
2025-01-10,1.1947395503723546,1.2661326532164896,1.1910706124007702,1.7812223699137242,1.165976981796824,1.1609077937156573,-0.10835880614371815,1.2431502100396363,15.195057456069383,-0.04248868578177076,1.649331984775784
2025-01-13,1.4458330875791174,1.7840208405834919,1.342689443092059,1.4551346030281764,-0.26466958514453753,-0.25870193166722105,-0.5470473092100909,0.6133918821770613,15.119455657525922,0.9764989169286646,-0.5050812489242599
2025-01-14,0.4599828258853234,-0.37723511177355695,-2.4613364282698478,-2.034206432783339,-2.468899290218738,-2.4872334047624776,2.2421468200278567,2.266884920788845,16.154716930818086,2.635459339675693,-2.297209041438727
2025-01-15,-2.104414978306518,-2.1965957130288305,-1.544404884352297,-1.493884725319157,0.2315892589932383,0.23719696088572817,-1.0077216325435647,0.11640244869508974,15.562429727029327,-0.0981645726016445,-0.41630509567622737
2025-01-16,-1.6731371618426782,-1.2651176991828026,-0.81431661403095,-0.803020994018403,0.6352643365489157,0.6275009848900281,-0.8736481181135557,-0.9279208583439013,14.93728616035983,-0.21902700147161513,0.6608749097025606
2025-01-17,-1.3016072597284083,-1.4855310358085791,-1.4600759166611676,-1.7308330298919619,-1.2640502705274042,-1.2541877385769247,0.70442742786822,-0.27826717239009924,15.5311268315294,0.5947464798446261,-1.3308909687336055
2025-01-21,-1.6192731552909745,-1.601679314075831,-1.1229808013483114,-0.8635058375030743,0.9407968415827194,0.9269340715711424,-0.474632737199203,-0.7117082093248457,15.449211917739781,-0.5829893181319327,0.6228876707355986
2025-01-22,-0.7925806078720347,-0.6600393007718622,-0.4792723833114109,-0.35330667782518055,0.5682073326568882,0.565462741528814,-0.5786646769419509,-1.050867731404354,15.134008028555357,-0.23162970707040154,0.3799863033411262
2025-01-23,-0.6060168915731563,-0.2902741090706155,-0.1835149109662129,0.17341910478474085,0.5776729531725061,0.5745507562196698,-0.4141092661441132,-1.0362537867300419,14.95564891323571,-0.16320936364064847,0.47977712262160793
2025-01-24,0.08204401742948522,0.8032461891363207,0.590633372958807,0.9377864643080661,0.8037954556710771,0.7918512090201503,0.24879700804883853,-0.5936019402571044,15.243570708090257,0.26199603614710965,0.9158608001856737
2025-01-27,0.978513300149785,1.5968692726965283,1.5191857418416748,1.716293580132039,0.8787040777212625,0.8638577646141937,-0.2881180431270534,-0.5589069001015302,15.180377227085305,0.23302395159962896,1.3061988583325022
2025-01-28,2.0448758648639225,1.7118993273751206,2.1035182400885146,1.5004531781772996,-0.17007007913726996,-0.15301196690695595,-0.5664380150402673,-0.7642094111711751,14.848268259860221,-0.9206498454327621,-0.3046214819519894
2025-01-29,1.6799471550098284,1.208187922961613,1.548951179465691,1.1749775092949415,-0.4335196311972697,-0.41993381387950274,-0.6386957813260434,-1.3379990908925026,14.418514735836785,-1.7435441764978012,-0.0366534672089717
2025-01-30,1.3502857142914595,1.3936044983717715,1.3714429157864287,1.4133610163008974,0.6504397029782553,0.6450126010163993,1.1142122763560744,-0.2550212697816186,14.787425571944281,-0.43304079046350186,0.4114654192499936
2025-01-31,1.4195468452629643,1.1884063225598696,1.2420941745196021,0.8548530713864363,-0.9694963106740968,-0.9584633012720399,-0.17557187853623538,-0.3025968247639389,14.75653331628621,-0.8066667484806797,-0.5764109788186663
2025-02-03,0.696013724360388,0.723422936329016,0.7997296252869575,0.7033801058849504,-0.797327546077613,-0.79282210848632,0.5035603345336126,0.6560712178607845,14.848268259860221,-0.6479483167598377,-0.2649765834222507
2025-02-04,0.7551997429598596,0.9732187345494783,0.7886546495988405,1.131133951745516,0.5720871785466903,0.5745561373002843,1.5983458718240768,2.425895109521822,15.274056043362409,0.2934979787777804,0.06468708840031825
2025-02-05,1.3460297113218984,1.4843032175322894,1.460246541287465,1.6126181624144158,0.5528925134389926,0.5554324145778528,0.021627815416368205,1.823663994494532,15.336969570964364,-0.7174063726225405,0.23964129613639049
2025-02-06,1.3587761985556255,2.3366884714863607,1.4890802012144768,2.1869658956512685,1.2460412742954152,1.2370097016877346,1.3156474954844588,2.1462647878226075,15.781013368296854,2.3237620050364405,0.9306991572235505
2025-02-07,2.1701660536209015,1.7922593712245254,2.1958744390094718,1.8557266899777998,-0.13947286604536477,-0.13230034125881016,-1.243962156904772,0.41662811114752185,15.303029619034529,-0.2969586146929276,0.35335805236157297
2025-02-10,1.7312231631312092,1.1883382712329909,1.4511566211521447,1.204292867135606,-1.1265616263887996,-1.1309728857783075,-0.9230296134971997,-0.3591129448340604,14.935754192959044,-0.103956751281283,-1.5364828880445893
2025-02-11,1.0925663882250662,0.8201044804875544,1.1976382092741873,0.8773037983124738,-0.7314902442231869,-0.7294916508408392,-1.0338034996669219,-0.9967944406170398,14.48036165371935,-0.6555691048676717,-0.8298136686901728
2025-02-12,0.5998812210639181,0.7688779759246166,0.8502140667923664,0.9603060126272853,0.05345475907204927,0.06049915620821428,0.5818444573520348,-0.7563141404580156,14.745073226758047,-0.07297096290529582,0.26026766645885446
2025-02-13,1.0759092355292035,0.7905076625360462,1.0581215419626182,0.7502815812983757,-0.4719614297851315,-0.4680734292666274,-0.20025388787683884,-0.7710094014595503,14.720902513352865,-0.56214744190409,-1.0981463773389344
2025-02-14,0.6874909878086681,0.34755517400785885,-0.005325117665052989,-0.41141004455886604,-1.9149915214806055,-1.9354502906211464,0.642652208714587,-0.3729959523055861,14.985606258591536,0.7676238680846595,-1.785164197876765
2025-02-18,0.04279155737448324,-0.34168732202954943,0.23682824063138788,-0.07914281146650551,0.5167498175467683,0.5200847983632351,0.6391616272633882,0.1440296981471281,15.27165765411581,-0.9323971341937054,0.4896783303927669
2025-02-19,-0.20165380981120676,0.5314300622121415,0.4011616617180405,0.36124259731650205,0.3582965334753805,0.36360929643796464,-0.8107568317274672,-0.36751078677041327,14.980378954373213,0.10238864138907104,0.30687350218677406
2025-02-20,0.27576787314748347,0.2989339800143215,0.7989951606657897,0.7628029868881152,0.18194286605852206,0.18869287999755566,-0.226035566976092,-0.301354946719989,14.910884609196417,-0.5425253386706792,0.4556629883678723
2025-02-21,1.4047987650201583,1.785363291593714,1.5356776120396558,0.748525095842757,0.0005881229736491949,0.006624229228195577,1.0904212015997028,1.4764691766624716,15.18679305274497,0.16510703517333913,0.955023256859044
2025-02-24,1.1537846840114243,1.4523420363297777,1.116626877803039,1.4102152769680332,0.6152948074104204,0.6140923358303287,-0.8149504869450007,0.541859901838041,14.919806994544729,0.46428776129931665,0.7718631136776739
2025-02-25,1.7873857293107607,2.099696336402637,2.0577858108574536,2.085560432782268,1.326761623243008,1.3096868894461335,1.7523505871364542,2.078002834358599,15.446964528600938,0.09114927774798742,1.3167923804098072
2025-02-26,1.7270302861284905,1.9110067351493416,1.7521570803552686,1.9414116426125982,0.6048765380628878,0.6022679589709368,-1.4575216746767603,-0.3119073104577333,14.924997172912512,0.6312877083389955,0.4107774917473466
2025-02-27,1.976915508496956,1.5545048183424957,1.6135083420999559,1.1783142861674694,-0.9586926522973391,-0.9514179007685549,-0.1495281758924639,-0.4062503277188527,14.942192190667008,-0.09306159564327376,-0.11985188452808122
2025-02-28,1.0185877970803268,1.093568729143949,0.8746703552122299,1.435301749688112,0.7223722257647907,0.7185234892066446,0.6298884262199937,0.39435637943874174,15.219424036806446,0.925433955556528,-0.46754774053002324
2025-03-03,1.2452113212533549,1.371129888243018,1.419084319032945,1.4828991394190807,0.015446184926187483,0.01960062067692042,-0.2714975394766648,0.09488375119354613,15.19674237601058,0.6303470879274486,1.5605957763240754
2025-03-04,1.376676377808114,0.9591064635745982,0.898366593629943,0.591000191190663,-2.0107141252711074,-2.020632546643373,-0.5425160364778079,-0.49311210501833314,15.022529019563908,0.7611587881411065,-1.7986268278009236
2025-03-05,0.41978391988314834,0.8543124034237617,0.6921975865705327,1.19022394052456,0.9736147760686359,0.9681479346377886,-0.33927307304784404,-0.7803084984897036,14.949972821121142,1.2711763645203493,-0.2469168053620964
2025-03-06,1.142256003780326,0.785873427865241,0.3271045759204581,0.2507643052857737,-1.4325346995250163,-1.4363974875215881,0.005689028058052151,-0.649462975065718,15.001248411546769,1.952997155463426,-0.9632015641745483
2025-03-07,0.01702203758697505,-0.9892542122128606,-2.030773535032901,-1.956594812910273,-2.0542821551662453,-2.073643905757046,1.2071204551757957,1.115532998994986,15.387890424992442,2.54670907321936,-2.4654667808693107
2025-03-10,-2.46250057500758,-2.5962044967299716,-2.4384839074447013,-2.3636901453172983,-1.5011694069502326,-1.5104738028724898,0.38550879350443135,1.4906231183894776,15.60106766558607,1.2334768326926577,-0.8173493641005932
2025-03-11,-2.2258954664855746,-2.255801066568634,-1.9520801266911414,-1.7871761613195853,0.07384452400789186,0.08465232608408291,-1.3188873809098898,-0.3126535632188758,15.149590411035891,-0.8502809351458188,0.13153079658673864
2025-03-12,-1.813246770703731,-1.6084422600564137,-1.4542497219264054,-1.417044339047871,0.33035273218204436,0.3384028016102642,-0.9187918850877781,-1.1643009884258768,14.919044382648359,-0.7277410027389163,-0.15255813822451514
2025-03-13,-1.3511420737478195,-1.472468642064324,-1.4554476906600737,-1.4317913368576607,-0.5346119934938226,-0.5260454674326912,0.535399248528317,-0.5772443742890633,15.087039482143659,-0.20264023762140967,-0.2294109470070174
2025-03-14,-1.3243115789736848,-1.263252567734989,-1.0934984376850225,-0.9804253008752548,1.1354454154790459,1.1284080655711337,-0.5296214576704953,-0.8526606759648871,14.947654652182612,-1.3517550843907336,0.010161714014422129
2025-03-17,-0.8536076643306628,-0.8153712773705697,-0.6328869414809363,-0.6108282843471182,1.0609435443573987,1.0560801148952434,-0.6488261382360101,-1.1199533554210386,14.750270086801832,-1.2524003792209348,0.9162749487944472
2025-03-18,-0.373760342903519,-0.5220521922168875,-0.5295359168553937,-0.5122861535474903,0.2992909852690173,0.3077146041051177,-0.27302734982079835,-1.0674472206865613,14.672009246332465,-0.2394201070476211,0.8179952803601328
2025-03-19,-0.4944565313709542,-0.2382225296424185,-0.18357603522009858,0.03921103916926486,1.178617016444084,1.1670889923539076,1.7572729831217062,0.31573048345978827,15.1480087582959,-0.3324809709714458,0.7819324778817776
2025-03-20,0.19442725194875415,0.4023354320180136,0.744830623333887,0.755958933223085,0.5985393595099693,0.600242688096431,0.2879686652902943,0.6934214262173385,15.297728774187643,-0.35423909752005345,0.8132165832394738
2025-03-21,0.7592366853934889,0.8408902909872835,0.8974506458707997,0.9925667781661026,-0.12105396889321779,-0.11119653223322559,0.9860435849874477,1.716763526962776,15.601218587442206,0.32160016329417007,-0.5123264048175266
2025-03-24,1.49192913007423,1.8289918193026815,1.6315913046816322,2.0572902810004616,1.7553421955634934,1.7378510525311033,-1.3917780495108378,-0.305762448508323,14.947686885801572,1.4618861538816494,1.5219321792534612
2025-03-25,2.07133756528638,1.684409106672984,1.7121228281274845,1.0908339632458612,-1.0660267665208747,-1.0680271212136407,-0.4708467225234786,-0.5810138811238509,14.79781409867962,0.7746255186287165,-1.5218978700101435
