Date,open_std,high_std,low_std,close_std,daily_return_std,log_return_std,volume_change_std,relative_volume_std,log_volume,high_low_range_std,excess_return_std
2023-01-18,1.2246131356932939,1.0011731703562636,0.8429327292438599,0.23322287122537555,-1.3938553840249985,-1.404295433347632,0.007890568891157183,0.0,16.82196024432645,0.228469850316593,0.0
2023-01-19,0.21487615468086413,0.8806713945200301,0.521671971217786,0.9148207757052904,0.9619592688129084,0.9626476517952055,2.030390029241127,0.0,17.169798041648086,0.7368984828696794,0.0
2023-01-20,1.024470379389202,1.4556526512061743,1.0686899124164664,1.602481454940072,0.7978195703742331,0.7984407457507756,-0.13178927427009574,0.0,17.172010424133546,0.5908747944021996,0.0
2023-01-23,1.6225452229284083,2.0746142200415476,1.867609459606447,1.9755233002763068,1.0001263420724382,0.9972034549419316,-0.30296541834342855,0.0,17.128608734802956,0.2919626567639059,0.0
2023-01-24,1.6856673190899019,1.8021088989109566,1.8739660850592486,1.5888094846834595,-0.6248699751209178,-0.618860666537021,-0.9942633056637025,0.0,16.90519759315827,-0.726555119501949,0.0
2023-01-25,1.4030521205099773,1.090641391548628,1.3801932297364015,0.9556961885501565,-0.9941674818452243,-0.9959124597420684,0.9585632889177134,0.0,17.09724853715202,-1.0494332861612616,0.0
2023-01-26,1.7564142932756097,1.7612749244183459,1.6592426345351077,1.811931362463077,1.46910543716727,1.4560573629196798,-0.2967586451531546,0.0,17.053486842097744,-0.14811511657411772,0.0
2023-01-27,1.894734306881139,2.035562283944945,1.8632616590389603,1.8903271389394471,0.932716273130841,0.9327564082744086,1.5707425743837067,0.0,17.392673254916705,1.0292330436886459,0.0
2023-01-30,1.593007930046648,1.3079122430669776,1.377659173704532,0.8875883068608096,-1.5525895178146418,-1.5686643895235124,-1.1492622575338676,0.24158340501623762,17.149146222121324,-0.3537802544711155,0.0
2023-01-31,1.079083580719379,0.9028641375832868,1.187376492220384,0.9932221266499152,0.13112259277325478,0.14083349777831103,0.040544748613646486,0.2708478051537436,17.211430739668433,-1.7673842817241652,-0.5319864668537464
2023-02-01,0.8956293837897331,1.2893742335550622,0.9238230434634548,1.4662455058243582,0.6061237304585197,0.6061825788748139,2.145900526964323,2.4799148975613026,17.834790298090027,1.3038501564834224,0.4466129484506233
2023-02-02,2.678231687587848,2.7349703758411685,2.66820462323079,2.7049644644777637,2.713194734639245,2.684171938861002,2.3968486528980035,2.6821294075195325,18.829312173968418,2.5952478007160087,2.7699635131554485
2023-02-03,1.8588263165335028,1.858362370185511,1.9430119055554698,1.7899948016308391,-0.5874962766400569,-0.6105423449236239,-1.1181581722642315,0.20982610666018825,18.156841505244987,1.387298190259408,-0.42424725393485335
2023-02-06,1.5418072714637368,1.2432786254885602,1.5754840457567698,1.3707146722149575,-0.4161427135599933,-0.42119511153716416,-0.9427431678278818,-0.7071452484411431,17.564633408296224,-0.4818532381297475,-0.32984539015696995
2023-02-07,1.1950317390149203,1.1144723654749822,1.210613215803477,1.3078669869750512,-0.025784386186529652,0.004096006443078486,-0.16404812937591684,-0.6571128794338925,17.667373729795205,0.32613624028418847,-0.16230707369470004
2023-02-08,1.1508839582793104,0.8092808826575384,0.9313881519702686,0.7474921803597334,-0.9276335548405729,-0.9914523037157683,-0.6004691530594325,-0.8638342530353257,17.40288596733473,-0.07256130791326898,-0.8228797537011052
2023-02-09,0.7855554340039638,0.4837424530669063,0.4980604187139999,0.3415702421367496,-0.653492365718329,-0.6842542159630616,-0.22596188618558652,-0.7989082148778204,17.429634164714045,0.23999519335010705,-0.5882235913995153
2023-02-10,0.15029154704750805,-0.0023426407705108335,0.1526062569001897,0.0222482674139872,-0.47022914893879947,-0.48124365935703983,-0.3393150455034145,-0.7579845818675754,17.32507197021406,-0.6178280775354296,-0.5378383299995136
2023-02-13,0.10634189289650736,-0.0542372909335169,0.14739102825461758,0.1656252340162004,0.09917418842918486,0.13954238420144519,-0.3058804156042795,-0.7272977376200235,17.26432919867015,-0.7306401390640405,-0.009590680682440879
2023-02-14,-0.19504789816928672,-0.27843721444250924,-0.05806844675257501,-0.05249745474526756,-0.26722560065682754,-0.25589018018984405,-0.5191417810906152,-0.7740642121335285,16.99500505838189,-0.7490436807287204,-0.26707292910544567
2023-02-15,-1.1991074894177864,-1.281859016941836,-0.9245429547663979,-0.9327879295680246,-0.3800784654903597,-0.38160739301264723,0.03247410593281928,-0.5826816260231761,17.04666671000606,-1.2159859300996039,-0.4415763029998439
2023-02-16,-1.4805063128567202,-1.3117996607918052,-1.3604464633768678,-1.3975160636481259,-0.7410702236548535,-0.740993413269626,0.7445576723158696,-0.23739822878898095,17.066950412424156,-0.8424412277504745,-0.364132125990739
2023-02-17,-1.4630860080623385,-1.4065274946207862,-1.3916245217848944,-1.0770185435781392,0.4042893676410276,0.4146692566695816,0.17046504540800156,0.4681039873212205,17.00067657828938,-0.9982857973419444,0.6448845930940642
2023-02-21,-0.6867339327258533,-0.5496007210653994,-0.8352465067756459,-0.9920712386561759,0.11857660589176126,0.12985699918345717,2.283349570630797,2.084793435930504,17.359150373229443,0.2310211640672068,1.0879807069338805
2023-02-22,-0.9786958408625647,-1.2275340521006677,-1.1665322209859508,-1.2010744008842351,0.26636495840246976,0.27598444534988026,-1.3999282417155092,0.4743557451409599,16.926052606969566,-1.067930049104644,0.16897604988669446
2023-02-23,-0.7469703377250521,-0.9865838320623429,-1.2350922370712965,-0.8627818776214784,0.6537757768274792,0.6607876438150971,-0.33476353461059516,0.20828435677992704,16.812132485658637,-0.3020513323737253,0.2567995255175734
2023-02-24,-1.5567030655625835,-1.5332700647810296,-1.4818182638952924,-1.1074702410327615,-0.3408680573151,-0.3365043443355735,0.15150085841006278,0.38881620564778163,16.800753055690816,-0.9949063508112052,0.18330075285944278
2023-02-27,-0.4385195584586484,-0.7256113016507215,-0.836071734317821,-1.123695921944562,-0.16408503021914903,-0.15851994945326722,0.0445774171895454,0.42665605760042247,16.77442328525502,-0.06320294715929323,-0.7287945029273759
2023-02-28,-0.2769804155287351,0.6244209703438363,0.24007125855323783,0.5572489787328527,2.278485368303717,2.2601380026098012,2.5910811044778077,2.527209498337608,17.645262229174566,1.1810713320019028,2.257932000975695
2023-03-01,0.9777750070825758,1.0023214146735586,0.9326523497659465,0.37012740163293384,-0.3543417794592559,-0.35100462120197506,-0.8523334438767745,0.7264099190871272,17.24944618047393,0.5095091002282687,-0.34850905088466577
2023-03-02,0.22979958223544172,0.0875237680634043,0.522433006198972,1.2819695406405942,0.5194675129745838,0.526650159632483,-0.9270746223949694,-0.7140183178273177,16.66921838911909,-0.6408015623790126,-0.2810728345762446
2023-03-03,2.238731869385376,2.377642707911339,2.250239808217904,2.6255951303261913,2.3997064870726126,2.3866337706968817,1.9581600892967688,1.5758435259420664,17.64148973999,2.3685316992985097,2.045252083654814
2023-03-06,2.478899939065311,1.9761160755319185,2.4237847055320643,1.7790190016847771,-0.3909668386386546,-0.3893342785633579,-0.6311665489075449,0.2566664507819876,17.31834355645434,-0.12478026862796612,-0.5597460283942046
2023-03-07,1.8318786886066978,1.576186073405695,1.666669476726938,1.3358171116322506,-0.41415306193981155,-0.41314323553400156,-0.07410056650701816,0.49064054386726724,17.418328211371012,0.5832836536804238,0.3159283233347293
2023-03-08,0.8034910403940239,0.7217474987868951,1.002778260307751,1.1345743567627786,-0.24976640422120924,-0.2447688328121612,-0.82689448038118,-0.9462838314988025,16.782452385515448,-0.6863909457544696,-0.3839036275957137
2023-03-09,1.0402001335172437,0.9976426261936978,0.6817289588142567,0.5075832340996744,-0.9926574971234033,-1.010248322189308,0.23151018346541355,-0.44277805079299487,17.095774985682244,1.4328426039941835,-0.4080144022981823
2023-03-10,0.19470292880071177,0.28859696262430173,0.2969325824447809,0.03169084253153765,-0.7339810677837392,-0.7418168452560719,-0.305331140462181,-0.6010610714520955,17.060638792940107,0.08744867289907243,-0.31979096754105973
2023-03-13,-0.37386720013359986,-0.03659673484987238,-0.598612435594333,0.09356810302588485,0.04225712578617671,0.05332345875544377,-0.30643470694226455,-0.7311122418986861,17.023446803234076,1.3440226700278703,-0.0394053336159188
2023-03-14,0.9737943887962388,1.4917145857853873,1.4407970097394505,1.971941347486107,2.0066140098127128,1.9961841541159284,0.8689736081046457,1.0328832594106805,17.544634263737194,0.4611096282948991,2.0787806106333897
2023-03-15,1.4913459102102873,1.6247056091421677,1.7055021070552399,1.9150092588587369,0.18694388251532545,0.20250306309270397,-0.22853528733892908,0.8363139480266129,17.55611873540282,-0.04302947192760757,0.5365637074831183
2023-03-16,1.8851682755612102,2.1915430748222127,1.9531903660739842,2.0611514494815757,0.6414194256453903,0.6555569700988076,-0.03645921964688754,0.969640586818815,17.73643584027835,0.883031030128911,0.08506496100358829
2023-03-17,1.6835919692589982,1.283724445549946,1.4411341594760592,0.785185197276153,-1.607280342912438,-1.648852501199861,-0.18822071475402777,1.048081099402982,17.730351608969492,-0.46233765617989403,-1.8812620137826115
2023-03-20,1.1436235977433347,0.7903971657066413,0.9930377434068847,0.8609892367445768,0.12621746505653986,0.1409586309828794,-1.5052556446877043,-1.1028642225880048,17.04181079356045,-0.8745715385117977,-0.315679730720142
2023-03-21,1.370923006897213,1.0820869210075492,1.2479456659210988,1.0919023147477669,0.3860508707506346,0.3990112004525096,0.6006914083718311,-0.3508841257957361,17.27582557552938,-0.8992742535660752,-0.0058186187052773385
2023-03-22,1.0514682627646295,1.2461619685630263,1.1670858693371535,0.6861909256721758,-0.6075003587963981,-0.6016137671907661,-0.5992630331948205,-0.8313056111636898,17.164635429448392,-0.043936911002965665,-0.20555048193704378
2023-03-23,0.8911942391921893,1.0621029041801582,1.1742875253493095,0.9684354794187084,0.32120299379412826,0.3335418552474315,-0.27186709091162925,-0.8788184579175877,17.12567762478683,-1.0454811205353258,0.3521296058582893
2023-03-24,0.9654888742939985,0.8790816556718458,1.1197544048168073,1.0462596261594101,-0.19065315346450262,-0.17719343412663993,-0.12156692786957582,-0.830177145864058,17.137534889801973,-1.6023772645483387,-0.37819253707547673
2023-03-27,0.9229995549697395,0.5824509192559715,0.8671780339568462,0.5609600405107776,-0.8583507755467321,-0.8557529024082331,-1.0827787232861177,-1.4115535955553433,16.734750534504442,-1.1562421706232175,-1.0563764493626409
2023-03-28,-0.20186675829422424,-0.7634972704308799,0.010555379569314053,-0.14733977787438876,-0.589623342040122,-0.5781914446077095,0.3479196948673135,-1.02057621144696,16.76662724416525,-1.4611286379420707,-0.6176851797546445
2023-03-29,0.6515008373624124,0.37510934859123196,1.0461889722624385,0.9879661685475598,0.7823395564398218,0.7797138454214669,0.1524087432573919,-0.744556141093382,16.75208187864065,-1.1785203997547689,0.5100739122457715
2023-03-30,0.4310993913228711,1.0274646588539138,0.9235895841856919,1.4642153599717602,0.47464128590573335,0.47745241886483836,1.0998449426705,0.10545044868712007,16.93382769768901,0.0316847060037994,0.45598169238387987
2023-03-31,1.6586529504852585,1.6925937446274637,1.6152333678279092,1.9429064897551669,0.7611663922795703,0.7605103500753807,0.6931174214605605,1.7264312105738107,17.05184512812721,0.1535386735853932,0.19797006517912022
2023-04-03,1.8836515030194094,1.6951633290363965,1.7485047870399861,1.716650521650378,-0.14690667214877398,-0.13980017423057883,-1.4550408389127247,-0.13474807205667796,16.70168468478799,0.11400193366216275,-0.1590552970715647
2023-04-04,2.166151463107445,1.7635843935932807,2.0363263672340945,1.560673004275764,0.11212339104583928,0.11818426085333243,1.0982256213263928,1.0128755218569538,16.86128939656166,-0.8791597875442698,0.9441500419933038
2023-04-05,1.7034825701435696,1.2196277617303373,1.1582855975340784,0.7699926636665227,-1.4075067192870816,-1.4118813522914575,-0.31366696745737166,0.7100939829186667,16.78060840249759,0.6009471873559232,-1.2517798402341158
2023-04-06,0.5036332493075069,1.2583890581322859,0.7153508517370032,1.3595014069272466,1.090476659491859,1.0855100153105168,1.5473741285969798,1.8646619789966266,17.077614478767707,2.308752479534238,1.437874739454837
2023-04-10,1.344728942407355,0.8409770497307635,0.955683330444858,0.9036884141993528,-0.6919348804441847,-0.6882251430999652,-1.4565702685126938,-0.17039634847375887,16.59470870227289,0.001350000028711291,-0.6851580496705738
2023-04-11,1.1957813929743302,0.7385511071090509,1.235475426602043,0.5864661069028221,-0.6866809436664971,-0.6833201579381528,0.10429975034692482,-0.1470701719563114,16.631523944838168,-1.328749330898001,-0.613701817912963
2023-04-12,0.931443287476997,0.8249796840789209,0.9777333733122645,0.504033664997902,-0.45043997526535445,-0.44549730081802896,0.4906347211151033,0.32537915521814803,16.758485360483892,-0.40814347802919065,0.1415470290123801
2023-04-13,0.950810275580094,1.7420187207495923,1.496333912795665,2.0142506336459913,1.6124408652736877,1.60138274689277,0.7680124594460834,1.291093779962655,16.964410213781175,0.17050981090258843,1.1972075775694766
2023-04-14,1.3556422289100403,1.8112254065737494,1.746593082574842,1.8984071304597683,-0.09332201551031674,-0.08730907096334392,-0.4137349631411728,0.6277546814844012,16.887796428549205,-0.36768007657504903,0.2865754301826761
2023-04-17,1.5922315817765051,1.2106307573544388,1.34166868522786,0.907414396149917,-1.076650961159054,-1.0825561710969505,-1.073346728819763,-0.9108433087423571,16.55518222220368,-0.6859680541967856,-1.468423988509178
2023-04-18,1.390722255365298,0.8543813898139928,0.8885579100596274,0.482343277169354,-0.4735284979046542,-0.4710738767582147,-0.8320312547664404,-1.6032561605377367,16.32356399201911,-0.35607954050271096,-0.5665517780831328
2023-04-19,-0.6499150305373786,-0.35908103365491434,-0.1751368058559769,-0.23683958039782402,-0.7243682410993573,-0.7266516939257905,1.174314977521678,-0.31248604632028715,16.581710226095392,-0.2561254284919383,-0.7778205788790705
2023-04-20,-0.6178429813914593,-0.6842143809487866,-0.34373624522529844,-1.2167248165705593,-0.9103333378477896,-0.9165000882636684,0.09335886571534917,-0.05481273412361222,16.617378977965586,-0.43971245383633023,-0.5416254714955333
2023-04-21,-1.7823087709468584,-1.6093996697591777,-1.5815843059317956,-1.082443211001724,0.047572166365211825,0.05353985108607305,0.4041833014574716,0.866476483785957,16.69004653355406,-0.40818037165825743,0.041608537633663165
2023-04-24,-0.5802062348860773,-1.281962474912582,-1.1678133407904205,-0.9997070311099606,0.031344741917242305,0.03708541852171932,-0.6757849160736141,0.009213387920531156,16.5724081279489,-1.0407371825117004,0.024150549853845373
2023-04-25,-1.231711030842725,-1.654142870388283,-1.7734319154546845,-1.8645067387590528,-1.5191414177051414,-1.5387075070365612,0.9600293545386508,1.0762086754613522,16.77032713469142,0.11380656964300088,-0.7293498373994375
2023-04-26,-0.6477577141166391,-0.7849372829199397,-1.0737531910500324,-1.2046901646398218,0.7442107800358851,0.7503408250277082,2.5256561020933734,2.6484367884350832,17.55300637543087,1.5701894983414764,1.3605379775899535
2023-04-27,2.6124461054810917,2.589589034118261,2.579889185183496,2.4869675115319065,2.78467651143742,2.7757552947242106,1.1327588434873526,2.348189540375434,18.08095423191621,0.4255533874299698,2.7848505721468095
2023-04-28,1.7743426420806898,1.7646613782812268,1.768377905779439,1.885714436328422,-0.03692090388263158,-0.01834140199876112,-1.2075379282327394,0.3165408639982374,17.493177410146,0.10821161702550157,-0.2303834148946407
2023-05-01,1.3748234315604217,1.5686672708204006,1.4303270382743851,1.5934183381407017,0.009034605211438106,0.029713676069678823,-0.8443250951912267,-0.35860768470596793,17.187756220739157,2.399804007099897,0.03179643000780644
2023-05-02,1.3622809122686688,1.2969494976814864,1.295038526531584,1.0728161676289898,-0.5662301879747359,-0.5817815632346838,-0.6548178038015806,-0.7051896467922069,17.008046555328214,0.7072698809015606,-0.40397442636835035
2023-05-03,0.904977898919602,0.8889616359608918,0.6965260479398394,0.7646535182204585,-0.4195498237345363,-0.42422388459059135,0.5123796509330061,-0.3404537565211038,17.35542298637145,2.155924042116366,-0.36646182806289834
2023-05-04,0.5370058666948736,0.5246033738715357,0.5731121238960493,0.412210364043345,-0.5313756653256622,-0.5441720286164837,-1.119959336643174,-1.0565580398310168,16.699718972531954,-0.15644024926432795,-0.5008054514442739
2023-05-05,0.13131969766655419,0.15932244011093777,0.22127106883239228,0.24113628730858752,-0.2779833849407827,-0.27313116281859534,0.6467568922103417,-0.6353279853282747,17.110565674037293,-0.43978289761500616,-0.7874004877774654
2023-05-08,-0.0786629003130939,0.07911131112053886,0.1130116855761664,0.14183851475427253,-0.1714319106703187,-0.16007303934488207,-0.9182859695737023,-1.002954935384581,16.61282244110831,-0.25680766282210216,-0.21121566089969812
2023-05-09,-0.33736326719889737,-0.14132611570890571,-0.03458279289184373,-0.07442314864474399,-0.26863392794126423,-0.26395142146143946,-0.14233089708378482,-0.8622502037763117,16.640786661775348,-0.685910866972836,-0.16367438055658587
2023-05-10,-0.14511614681247065,-0.7209067880380458,-0.8832468767918623,-0.8971923175612713,-0.2817614232164771,-0.2781123386300038,0.30728465583411296,-0.5612176400450674,16.76619321526853,0.19342573847956845,-0.3861300989519538
2023-05-11,-0.7546798984423263,-0.23252326216245597,-0.26816988253853596,-0.10037464229470842,1.2734877858515958,1.26873248897384,0.3680875105616488,-0.025500617442412193,16.8334445884041,-0.00047674706669577756,1.4121361276596447
2023-05-12,0.23193918637640137,-0.4817561232454266,-0.4231420383096362,-0.49698516437043977,-0.5836309475176622,-0.581373496487982,-0.5320699151855168,-0.18018377998691437,16.597758789069637,-0.3693574039100854,-0.5010856192173863
2023-05-15,0.33072041157241233,0.6127976331407258,1.0003918324104357,1.5250649679113868,1.9990939297625139,1.9885115207671318,0.7856268295410441,1.0665270360592225,16.843380877464718,-0.7231547077308808,1.7194134206829592
2023-05-16,0.31555703262224744,0.8219238417466503,1.6754304511460758,1.5740158304135177,-0.003925731550742095,0.0007814181759998073,-0.437156642782197,0.5759556097796675,16.714941215403343,-1.1383768396725398,0.5303464970675903
2023-05-17,1.423383250642343,2.158160867034983,1.9754916196489554,2.065724067144162,1.184613465946934,1.1837712812653318,0.5551451241195304,1.7028378114183538,16.869186262151885,0.5455574240548033,0.24399397047917257
2023-05-18,1.8223464196631316,2.0751666333438,1.9933163271067043,2.0784422085428975,1.214768936828134,1.2137738812461794,0.111042443519891,1.532640863290899,16.94853655643623,0.6610845395799517,0.5492030360522066
2023-05-19,2.1944276447349984,1.7854024778128539,1.8185126310371145,1.41676801677586,-0.9982184219064425,-1.000252140852266,-0.28529574848910894,1.1347429240917475,16.888194659648992,-0.42513522230548373,-0.9231083469351653
2023-05-22,1.4015456535730828,1.921776111048202,1.6335078765281126,1.483026504409105,0.4405332464248121,0.4443053275975791,1.3519702252959487,1.661030373765819,17.138331933899895,2.3354518517350478,0.6879595396489832
2023-05-23,1.3668153976020039,1.277127041805686,1.4848058706032636,0.9949516463995131,-1.0865183150714224,-1.0885594884777263,-1.8338522955802135,-0.4665275837904374,16.691789082246803,-0.8173604442243118,-0.014464681529422107
2023-05-24,0.8747740366542588,0.7794960952576159,0.9900957025809912,1.1910811684252558,0.2992745700105604,0.3033219335406568,-0.06955638881627847,-0.6234945311201309,16.690447193779747,-0.8836545321704553,1.2143658518155183
2023-05-25,1.828836996889557,1.4169683997176694,1.402330666971252,1.4509905423539384,0.6341867218858116,0.6361110063393124,1.0359619550029542,0.40326951162627367,16.923293960025568,0.5689039316876375,-0.15834832983357078
2023-05-26,1.3798413691738673,1.8656999846207931,1.6568209032650232,2.176345132175134,1.9451385664568441,1.9303176319230002,0.39469740439704487,0.8353520158075887,17.06305939481939,2.0010367164245793,1.747709497888158
2023-05-30,2.1298507996290152,1.9380132525380582,2.092429107333591,1.6906421080293506,-0.5996703268579969,-0.5987505882569151,-0.5452615331928762,0.11773886317547701,16.985889217734623,0.4292358634172809,-0.7673611419374339
2023-05-31,1.249050990760182,1.2654284786429877,1.3968511251577465,1.5693050839892413,-0.16364919557238763,-0.15885314734532577,0.09227603489640804,0.2214353818590346,17.05315714460516,-0.12490659362080432,0.7128660139788566
2023-06-01,1.5506017890838528,1.7624450836270078,1.7891714331939763,1.8350475310068528,1.2956614110805331,1.2939766407207791,-0.1651618369846891,0.10127872185781454,17.058473973409544,0.6087048548416403,1.1163090304859682
2023-06-02,1.7390221242972872,1.4893972400856914,1.7648867044748269,1.4230369593072327,-0.7122248571441178,-0.7129442996291854,-1.2052585048635251,-1.3119966371512066,16.781056834130958,-1.4490912419951467,-1.9315333103214858
2023-06-05,1.2002181882555516,1.2302222796311024,1.287552245038444,1.0742057550318276,-1.0355904359222996,-1.041929802480589,0.2589375351612907,-0.7753389718623785,16.84771462562249,-0.5157103149975205,-0.9158180949073469
2023-06-06,0.979151821863881,1.0804980259788477,1.0672301329656666,0.8631601251822575,-0.6834146272631072,-0.6844497595322906,-0.24971702702388776,-0.8227157422093313,16.781762577691712,0.07461494839983705,-0.8342143812184186
2023-06-07,0.9445036793584822,0.698804786147967,0.24515978658913237,-0.07931732297618588,-1.9041508292283185,-1.9277136598612452,1.7280291501953866,0.9735234338397094,17.07987972798518,1.9339488075695261,-1.7903764119422634
2023-06-08,-0.5032322600592586,-0.2664051881879988,-0.4173177912583369,-0.19192237603544737,-0.13426245566638537,-0.1263290462836063,-1.2378868936813536,-0.9771565894138923,16.855231056237244,0.6235257019267488,-0.2920958222537163
2023-06-09,-0.43266583889052446,-0.5532655341955742,-0.2571769201138668,-0.4739594565631629,-0.19473673305754496,-0.18739855624036653,-0.9738269359294077,-1.6196854548875452,16.645099754488875,-0.5893341444057544,-0.07565574780691009
2023-06-12,0.12069753768811152,0.018714709744522894,0.18784756299682745,0.7576099622684235,1.2559075459234805,1.2489212989615086,-0.29776735769154233,-1.4672390388971908,16.552634071308542,-0.41190752833461075,1.0001863034309901
2023-06-13,1.3996852233270562,0.8160116818827252,0.8283028622018876,0.6673243874350663,-0.15520965901706105,-0.1481972351926984,0.4100069461906409,-0.8790678880571717,16.598297167046375,-0.3046790508962641,-0.4084156036183796
2023-06-14,0.6759722667336975,0.5007449227149595,0.5155952773671113,0.9885065470200168,0.2678592982716196,0.2739307720295504,1.0783261060639837,0.37578042491987745,16.76912317247882,-0.2687369747297641,0.6187237169059432
2023-06-15,0.625934280038861,2.0634809576927364,1.0637524327755477,2.1073587942404486,1.749321749123116,1.7313161117140985,1.5217107595698376,2.078332413175776,17.072587383948417,1.8300527750037623,1.6100071198408512
2023-06-16,2.114648744602781,1.9319220804913186,2.081049012925569,1.5278746983435154,-0.38412368775973516,-0.3780049518172672,1.9834149752312191,2.4772879815877875,17.579091581232653,-0.2436187566459053,0.04496739726292419
2023-06-20,1.0160346755295706,1.185388804760859,1.2000279526342499,1.5526083708259688,0.44649168098511677,0.4508448842999214,-1.6786638463147125,-0.2994915899775247,16.84572159823995,0.0623393387428913,1.1431229807942362
2023-06-21,1.3291312674990141,0.9127361291595857,1.254723420317144,0.9895959246496384,-0.8171872565649717,-0.8138826517022382,-0.19400461379678852,-0.33750175249150116,16.83867320521341,-1.1118992144335238,-0.4908414158953409
2023-06-22,0.6676652684100175,0.89638477921143,0.960912886030428,1.1550175918127317,0.301153248844542,0.3069796978763488,-0.472133747157497,-0.5203630526861776,16.681310725113295,-0.19788222090424307,0.29200740445223644
2023-06-23,0.811840135557353,1.2284092764886798,0.9650367962446126,1.3667028601984244,0.3855484273330187,0.3907748945678877,2.5027520603916154,1.9331620730945183,17.747108733449615,1.2187441239665446,1.3979455812804993
2023-06-26,1.565233535468226,1.096415505135154,0.6215167870982962,-0.19752252324306388,-2.1915477457524544,-2.2111621496931537,-1.0118757263590168,-0.3773114827610778,17.00321355996012,1.4600285810862552,-2.2728570685214473
2023-06-27,0.41473995230589794,0.8977382320276753,1.0544694447237448,1.035192934193275,1.274059415705975,1.2588489819901671,-0.1801165279981767,-0.3795212098435686,17.077763867704032,-0.056857931640029453,0.8932452383452321
2023-06-28,0.7570551375466243,0.7968103675593091,1.4781480681323325,0.5896328494373608,-0.5710948890703555,-0.5621744685509293,-0.7257038081998934,-1.0798368596867973,16.632241815621274,-1.254241465022308,-0.6714417048891819
2023-06-29,0.556668355120658,-0.20998953985941024,0.6316250077031681,-0.6240382491200797,-0.7902690208153292,-0.7851290061877513,-0.297576771387286,-1.0261122519351713,16.549598872568456,-0.9984043188100452,-1.1522438390587295
2023-06-30,0.507864993477849,0.6501463915426672,1.6798779164200228,0.9234462061927874,0.9059018676259776,0.9029658720807441,0.20778556968342862,-0.5570237557247475,16.794910227720703,-1.278027450054666,0.34005283757281457
2023-07-03,1.032592630247129,0.7139749392334972,1.4372375217931719,0.4914180104039395,-0.2752453485813761,-0.2661900081211964,-0.7835170790251919,-1.1381375262907407,15.97067406325546,-1.0911554914445527,-0.32057934220729645
2023-07-05,1.131079659850807,2.3826660294438593,1.5231786612684963,2.015416342751931,1.2211117691765239,1.210728683096161,2.250156063066918,1.0204134029245928,17.33790738455685,1.291670888311042,1.5292953519471344
2023-07-06,2.215725808859585,1.778356640503417,1.9921197348523236,1.1847646886694592,-0.5716946709438964,-0.5635341259583949,0.012113667989046534,1.4028049664073565,17.678353844356344,-0.4182451539567633,-0.1550138170954304
2023-07-07,1.186369001294305,1.098403029451783,1.1297108398110056,0.7263860796699397,-0.34449728071861785,-0.33585206742020707,-0.711064012448928,-0.20220009908669861,17.055999174713303,-0.14649158393614753,-0.20767038637009533
2023-07-10,1.5167048228283049,1.2372643014635651,0.6069363199426526,1.2403755349819623,0.49486708562494514,0.5009421553232594,0.2297759549814195,1.0089988394217893,17.42800293319423,1.0504573809456526,0.5229535422430939
2023-07-11,0.9972530298343725,1.3179714797085451,1.5206526501980169,1.6977711966141094,0.4474179766630604,0.45391868636682203,-0.49320659069030315,0.1261532644152941,17.132815366834247,0.25845769581185274,0.21917789822992687
2023-07-12,1.8456080919605757,2.017774404215729,2.227265006047314,2.202753742607897,1.7032209642854983,1.6920283760573565,0.06222303437244575,0.6802840500997732,17.417663167332716,0.5751120854433205,1.5719977494446733
2023-07-13,2.2291265002942344,1.9737815854929281,2.262952709349534,1.8641919259069266,0.21594807063793264,0.22322837898833078,-0.46178143594581894,-0.047888173393744474,17.226031044111288,-0.7904748728914386,-0.12546376340798449
2023-07-14,1.5469715080470219,1.4545824504244773,1.5010890350055772,1.170417346231628,-1.4220322279847557,-1.4329991751227251,-0.5200892777362701,-0.7948217266569171,16.93239799736956,-0.23139400891779663,-1.4462129282002492
2023-07-17,0.9245268519316674,0.9313686657974715,0.9959335741007505,1.1009886734822905,-0.14575925246889987,-0.13899340970059085,-0.12988954709040526,-0.6395532240325937,17.047227620094993,-0.5217302733375645,-0.32560428922991663
2023-07-18,1.0540224320301024,1.0290560784839216,1.0675200111474885,1.046950175403342,-0.26530674419314965,-0.2592666053993552,-0.48102903082926,-1.3072219217635268,16.848760219837096,-0.8631051185529919,-0.65102798912846
2023-07-19,1.0856997922381093,1.2554579444316387,1.1291362675996888,1.184144837761073,0.3776476640597257,0.384176377055081,0.14330466060403776,-0.9295335619406944,16.89575404821018,0.01590473774481283,0.5112034380424182
2023-07-20,0.9319854865732328,0.728055714117418,0.13280412416984316,-0.35054439537537324,-2.194647202568011,-2.2178147786858053,0.43148063465538866,-0.4071249688541839,16.986745400101043,2.0303957886863135,-2.156184089554835
2023-07-21,-0.27536525075353985,-0.7087485702071882,-1.188255977666286,-1.451567220724209,-1.2394165432919133,-1.23838740906391,1.986090565856396,1.424003047697577,17.555313636896386,1.8242637278797538,-1.344430739742852
2023-07-24,-1.4707259668294386,-1.7977750138590058,-1.5865814673289695,-1.6603032406530955,-0.3629793897653071,-0.3525911053985979,-1.2033789940223005,-0.2922223307963365,17.03100872496309,0.21573280089318586,-0.47724984823904204
2023-07-25,-1.620813887429714,-1.592287312437781,-1.1549400413815882,-1.2145426053776107,0.475011931720343,0.4809881043056371,-0.661314061368177,-0.7927956716711891,16.790305211361304,-0.716482954046311,0.5679477730957758
2023-07-26,-0.7678901829453572,-0.9649947233270078,-0.9873004091685892,-0.6271240869134456,0.8863968067064308,0.8798384973311693,2.3149854342815233,2.112119705716372,17.671109254149393,0.4242403686525709,1.1746050832783033
2023-07-27,1.8998835420030802,1.6270424351023265,1.0606624063908945,0.8621946949092645,1.825159121764996,1.7946803373478468,0.334279345754214,2.0284912122595427,17.977968509486665,1.549433724974521,2.1141344025588555
2023-07-28,0.899345017624134,1.4084746168697138,1.3573988835707427,1.774676590864754,1.4111816727794835,1.3924388142269464,-0.9741535961252663,0.15479189207366692,17.484705053358812,0.3699097664787117,1.1628250022396653
2023-07-31,1.2912146651021597,1.1239961594415733,1.3843318419063328,1.0243393671666419,-0.8401684587708778,-0.8372970249478906,-0.7780152107128782,-0.6892888456098775,17.06586958465598,-0.8190150712398732,-0.8752193497552535
2023-08-01,0.6331530407303081,0.861464763498553,0.9972704887326279,1.1827641675562706,0.31822856593620524,0.32923113156326744,-0.4053830809351004,-0.89311863356309,16.94305591744905,-0.5000263092342403,0.4433163688085454
2023-08-02,0.6166188294147527,0.3823574688011385,0.6456175072381621,0.5436325629196037,-0.8622012440311804,-0.8624977564439058,-0.355958829617965,-0.9885614780872187,16.83403612935664,-0.9980995469808163,-0.4700594013904666
2023-08-03,-0.0774648941990754,0.17408460723757,0.5075746746726929,0.3712577592856893,-0.28046266742556686,-0.27098630664585804,-0.548624296072582,-1.1244340639465609,16.535502570950815,-1.2352279672116349,-0.22062227010764585
2023-08-04,0.28662861025759356,0.2791730983468344,0.3947809298416762,0.05090325641091005,-0.5596461782512803,-0.555360066586713,0.2715692145049287,-0.7308986929504143,16.683420880397712,-0.4209222925438159,-0.42444826784474465
2023-08-07,-0.0366434840317764,-0.005502594365233353,0.2600643524593409,0.4034022958463988,0.42807131229138395,0.43716785177091033,-0.226937558903202,-0.7006797737582922,16.602772413818876,-0.8429157915593771,0.021717326217441203
2023-08-08,-0.16122506009435647,-0.16426181758204692,0.0219554065741389,-0.24530813493657003,-0.7509954592688649,-0.7497835125347339,-0.23384392330612472,-0.7012713319123451,16.53571993575126,-0.4792745433027307,-0.7211907879342101
2023-08-09,-0.7966308032270145,-1.4424633879320221,-2.094229909074176,-1.66417624881791,-0.996290037668523,-1.0046035009937309,1.4227757807587726,-0.10582648155168566,16.80903043597508,0.6446191985220695,-0.9218662079246732
2023-08-10,-1.575098398541079,-1.3695940643932019,-1.4540820510235462,-1.3307952556919298,0.15685234932883843,0.16775451505642536,-0.7462598090294145,0.012705740042562166,16.4798805866222,0.0776139276102722,0.10159196111986328
2023-08-11,-1.8740414722433787,-2.044165625598265,-1.642541508113472,-1.6142487068217146,-0.392373865561368,-0.3879653202049007,0.26216927610906743,1.0925435707574973,16.45226531011009,-1.8165011316787463,-0.6286823806570946
2023-08-14,-1.7517969928299542,-1.4718230328805537,-1.6530165634695158,-0.7451345900424474,1.1975192277827051,1.194000060650699,0.8285168930709845,1.8878690921669852,16.56546383300974,0.2555020689358661,1.0189195119881989
2023-08-15,-0.7076131327081926,-1.116491131061024,-1.11014457508206,-1.2884630810858588,-0.4913062399414848,-0.4879684286642372,-1.0635973471257805,0.4439463650729735,16.26854815810974,-0.10550164861384959,0.13117207153018773
2023-08-16,-1.440169822369112,-1.6744483659625198,-1.6605056181969462,-1.8873258497504546,-1.277059989759408,-1.2869856199058285,2.040157927213041,2.1797653852339756,16.735856404027132,-0.23209036929419768,-1.4175531652095232
2023-08-17,-1.8439378585138522,-1.7598363165558708,-2.070405906592324,-2.073823885591323,-1.3211239717464218,-1.333456228496953,0.7816561627597639,2.1529973673213183,16.991483098931305,1.8221953283210894,-1.5131249803932976
2023-08-18,-2.2208155720591547,-2.049113989379553,-2.121136123917654,-1.6602444623497734,0.1579349554106481,0.16585220361929423,1.0825191757817936,2.1597922747933076,17.343669493880732,1.60109755830139,0.03163056647193556
2023-08-21,-1.413420630093759,-1.263248099944054,-1.1804347786346256,-0.8776893910512293,1.8226202740864714,1.8102018160152047,-1.4366626990835636,0.20258681901865686,16.820276950698467,0.2376256966221215,1.79535747618632
2023-08-22,-0.4941452828488521,-0.8614138193579862,-0.5934009458939224,-0.9339915097837976,0.013707415639204034,0.021718252038317096,-1.1107785266881391,-0.8092543304081727,16.380452300012198,-0.835772648128727,0.041492485633565133
2023-08-23,-0.7141374088443019,-0.24030845622709904,-0.3731670181086056,-0.08806262589083932,1.390004666436694,1.3823668284745632,0.9707166666025842,-0.10082993241831359,16.721701037540424,0.6837814196928712,1.1394212351565773
2023-08-24,0.4557151915100887,0.18953271021890614,-0.33708200607999333,-0.7985449322334108,-0.9529633770945632,-0.9569460760331333,-0.21561210850060356,-0.23433866615921925,16.7257340160266,1.5279387055381521,-0.5932895142234998
2023-08-25,-0.7779003005371736,-1.118921718127302,-1.2904720522430888,-0.7818673670181643,0.047103178911392374,0.05626429877018859,0.5102858654354014,0.2790152728222875,16.981044718282252,1.3074463457023677,-0.5365612045635999
2023-08-28,-0.4307944661697569,-0.5479743169820857,-0.004991417674206287,0.06695536784595942,1.0786600845026177,1.0789778177645244,-1.1830008747268896,-1.0025322717907448,16.471516375664642,-1.2716962392908893,1.0790122162015494
2023-08-29,-0.18805117692968298,0.9526866793971072,0.5993029487170933,1.7863788561138474,1.246707744754407,1.239324668199951,0.8548243572755447,-0.29545216956015546,16.852600730416114,0.46384278731425443,1.026513342405959
2023-08-30,1.280168377925371,0.9010103318899635,1.5452729760542723,1.1390625294359509,-0.48774159259699584,-0.4803846792562351,-0.573015102302349,-0.631122231573972,16.690035245025538,-1.567888045006141,-0.834662117841984
2023-08-31,0.9671175844680301,1.251719918527262,1.4894039361243046,1.0589690457699386,-0.06738113698046747,-0.059477586696069555,-0.14860110074537783,-0.47922639458113003,16.662156862695383,-1.1222727286556842,0.3056465444336788
2023-09-01,1.3439478306797326,1.1903392738471819,1.1471716066775208,0.9842454356525979,-0.17476871105936478,-0.1669975477810634,-0.6427252809747046,-1.1380252354171048,16.366501486715418,-0.4302821245192029,-0.132334596844872
2023-09-05,0.7730798527147438,0.9214583648711074,1.0763524385309173,1.4058025207016935,0.5601026411085788,0.5640293469262444,0.49099315097807567,-0.14096506536028838,16.520623181941936,-0.7502480659210512,1.3667399826264706
2023-09-06,1.348122314077013,1.0833229729763585,0.9113135575029037,0.9953396661452928,-0.45880309693641896,-0.4523923648182352,-0.07858047643361576,-0.18608941700522877,16.551052766764684,-0.2588436020292743,0.12880199933991335
2023-09-07,0.5490736134205711,1.4427944029268855,0.29524029753979647,0.7778619165140394,-0.22402767236994728,-0.2177383579182079,2.3533117696294874,2.547765995212084,17.33445248565321,1.5819054441091367,0.030049267102936962
2023-09-08,0.7533848653387171,0.9514340545936867,0.8382620805094971,0.4827738011658592,-0.575855688744503,-0.5753243243739443,-1.1511215053824493,-0.181773477228922,16.68045059825479,-0.015967620212689777,-0.6205355548796084
2023-09-11,1.0015821933620452,1.4650521784379287,1.6823226642195224,2.200975031463877,1.7829988137506276,1.7746668542681787,0.09469566357553674,0.27791715417970464,16.785376206294675,-0.10243556240674193,1.802113186497888
2023-09-12,1.7070402326160035,1.3461175137596049,1.3016959255919254,0.7287828977575082,-1.4614316750920984,-1.477554107154889,-0.8049542511115756,-0.7921203315378815,16.41674741078046,0.041424191463404626,-1.3459319686247928
2023-09-13,0.7979789409230693,0.7866935301430381,1.4425187552884646,1.3183448653222931,0.6290411894310409,0.6353592230685787,-0.1000475013109226,-0.6345255812313307,16.39655288007721,-0.6525951607257878,0.5618678290796476
2023-09-14,1.6199614843355423,1.8249460959591677,1.8268270226714876,1.9964755191769248,1.1164320340534157,1.1159075168034405,0.8029514282065153,0.38355841141690555,16.777846376397772,-0.10979501704975907,0.6802823975760942
2023-09-15,2.019331145708295,1.2967258219403506,0.1610151069338899,-0.3213904410669604,-1.9341341674912427,-1.9552257122883312,0.6608924214760807,1.3162347733127464,17.15150790195726,1.477856659587934,-1.856627771802314
2023-09-18,-0.8708008236823916,-0.91710365272352,-0.1792633808184696,0.017229876416438243,0.2626335159714771,0.26962458366156755,-1.1909712741574876,-0.8214329896978183,16.471158147860102,-0.880610697314717,0.21218525624125356
2023-09-19,-0.07564625358716563,-0.41795192789269675,0.2607301046181302,0.478354946233987,0.33203846213944277,0.33834839475889683,0.024226300756656615,-0.5625477161140111,16.58336314490033,-0.736735262535226,0.5281228053578368
2023-09-20,0.4411905483605099,0.025259924211547793,0.04924958915188863,-0.7686585088649331,-0.8775007506798856,-0.8737633134892229,0.181004480429721,-0.135164512828773,16.77972641590139,-0.03771952357897709,-0.6870672683400046
2023-09-21,-1.5398829168597687,-1.8741809652406265,-1.9598319275508425,-1.4690667159663753,-0.5879044880241848,-0.5813421024649199,0.2407582020495002,0.7942653072324597,16.874241151529798,-0.3734774452165854,0.08977507943766082
2023-09-22,-0.7737598551984196,-0.5173940631356004,-0.41513346504001136,-0.8108081442744998,0.5023484754104175,0.5077300138189084,0.3594253125533094,1.203323292454228,17.049062204214895,-0.30744370102699886,0.6646217058879965
2023-09-25,-1.2867136763956424,-1.3281245361742253,-1.4713430333722375,-0.3070554093940194,0.4300639864478663,0.43442080802626565,-0.9396630090514383,-0.05291112494876908,16.759265145093167,-0.174588431012196,0.04047109912049328
2023-09-26,-0.7345910685882568,-1.1862916358461955,-0.6658416174119134,-0.6565964880252686,-0.3121411428211197,-0.30295894232083925,-0.19600893300059036,-0.19892104043101866,16.78166988067663,-1.2608740894594619,0.42467776303239124
2023-09-27,-0.16031484015045494,-0.8071120021736861,-2.072892467170224,-0.7615744123258488,-0.10520654207218716,-0.09707237198139505,1.8479903125993882,1.8483521214659242,17.410897706438945,2.0433361407241954,-0.5423285507294686
2023-09-28,-0.3218362424576526,0.48917360171823215,0.16389900227409773,1.2575658154892073,1.383518356901163,1.3676179105802622,-1.1767117517967527,-0.42355291249914884,16.914119810750975,0.3619586871793826,1.0669270022470936
2023-09-29,1.8912719593932579,1.7650922652852838,0.8118103756923131,-0.05986986018947736,-0.9859844813662788,-0.9869487967640586,0.23607684996430345,0.261381010126271,17.048549648582025,0.960100879611667,-1.5197773303767275
2023-10-02,0.5683866038513955,0.6833458030874249,1.1810198992620202,1.7398539647245912,1.44150687094907,1.4346552482940083,-1.1659719723913209,-1.336490592012763,16.60456306771416,-0.8775677992095225,1.5890714552342362
2023-10-03,0.8828970866314892,0.5512759885251025,0.7294418687842487,0.17498387544743613,-1.1643723740768728,-1.171303253660194,0.016091688452300523,-1.120570753768903,16.66981180449597,-0.3930490242244226,-0.8377889966222293
2023-10-04,-0.36015100496957575,0.6341685196714906,0.4946877895644216,1.3112849385692706,0.8904048379610315,0.8913794633129544,-0.17969355757857708,-1.0193960909361088,16.641669726786425,0.03375505743647257,0.20964271374031046
2023-10-05,1.0014924584958238,0.30653228974499946,0.5900152299998067,0.9210154812804813,-0.40218788563970276,-0.39678532258440347,0.25647424774578764,-0.5274043495460614,16.76676839369035,-0.5039498483095824,-0.5917982986411793
2023-10-06,0.07017983693027638,2.0744385567647456,0.8288014100500617,2.315654257966723,1.7015428969861026,1.68796081799197,0.2877006947921496,0.0653396813886559,16.896686359240984,1.6445026830241336,1.5150222662242876
2023-10-09,2.1190623355728526,1.965931690888098,2.0742499406475368,1.915120633265354,0.2003463116497349,0.20802587659936764,-0.08888981979502916,0.1147051218734552,16.929190342536725,-0.2672808961197766,-0.24782652609287797
2023-10-10,2.1801902768557064,1.8989523399929435,1.9922562321082864,1.7453552718856455,0.2017509086370467,0.208787781595653,-0.5681571033499725,-0.42216365597299904,16.761947592319913,-0.9150031838398326,0.01598474340992792
2023-10-11,1.8830933783442274,1.8066861992074246,1.947260777312828,1.801174069830005,0.5276355065656041,0.5308880464808204,0.8829674943235306,1.0475078517799445,16.90820169694778,-0.9527703723168566,0.6188126161532485
2023-10-12,1.7779516443288728,1.5215974751777706,1.474865080657535,1.1407652907438253,-1.023378994282462,-1.02429662629675,-0.453296790531465,0.5765646614597705,16.837422192009587,-0.281193649891064,-0.9060784244590655
2023-10-13,1.0872542506828053,0.78708811552903,0.3567349033602254,0.07064017163371179,-1.7048516579248785,-1.7196979527665768,0.2735245537091828,1.1363541908320194,16.876140709954267,1.2434859179196323,-1.9912757382256254
2023-10-16,0.5015013517122475,0.3316928805611875,0.541490581186845,0.6287894546141533,0.7937417472025416,0.7938642082308923,-1.8293929766537145,-0.8179561759599612,16.621056488210915,-0.7369858884629742,0.5570244027324273
2023-10-17,0.3386695037761871,0.46465764753991406,0.5744352101337096,0.8019791052304291,0.07313999240144932,0.08072395238538446,-0.08486426077287836,-0.9392250626339148,16.612047774543687,-0.4886595553737803,0.3770588306338626
2023-10-18,0.5141839700201392,0.504735851026387,0.23514440070655593,-0.30032025902429704,-1.2811278733175393,-1.2851338554588532,0.16517444913441642,-0.9087581889115934,16.639920619526336,0.4639469975415228,-0.8275983393293165
2023-10-19,0.1807164420882148,-0.5056434132385558,-0.4956328387947624,-1.427573937434776,-0.7732250588624345,-0.7688956159379569,0.8477660276745197,-0.05570701779390269,16.744525992902282,0.3373434658725967,-0.5192702173395999
2023-10-20,-1.2613175731263395,-1.9742277434931725,-1.7537532544390482,-1.769390717173353,-0.6379993262850834,-0.6328564320353338,1.378244127067229,1.421777144484726,16.9195320991919,0.2920217284277809,-0.056087263040721654
2023-10-23,-1.9609975682325766,-1.3231765548640495,-1.367959448214479,-0.7555312175869076,1.0098008427749194,1.0073940402895256,-1.2832200841381483,-0.29545567923509747,16.694529280009778,0.7586057862876004,1.3781355198225413
2023-10-24,-0.4861782890583335,-0.9279058963845038,-0.6357133066267442,-0.8212891296040513,-0.10434421209536478,-0.09641350839452471,0.6021395311172141,0.36818153276981097,16.787231912771837,-0.41299864529646674,-0.8786384993411568
2023-10-25,-1.389372585382957,-1.7799698175872813,-1.9609566450374676,-2.059974783762214,-1.6468870469816,-1.6658148131616886,2.6796687919681648,2.7134761726832624,17.557753061793672,1.446207627047334,-1.5619182543053685
2023-10-26,-2.375814225506349,-2.444284566499698,-2.4947718418672333,-2.1905400208597072,-1.1822706013023145,-1.1895836318926287,0.9804583506074352,2.3195921307921936,18.015477116655113,2.1577114139108162,-1.1805062126659325
2023-10-27,-1.765801713986589,-1.504416286312577,-1.0513076344818704,-1.126077697493106,1.4275498176976555,1.4124632974782183,-1.427302546914296,-0.19634215598315816,17.203159945269146,-0.8906110176853993,1.7989685936562225
2023-10-30,-1.0510030443637233,-0.42614241909926814,-0.4204152873888694,-0.4644693519363712,1.0586599068318248,1.054865152344966,-0.380962226606641,-0.3868461609407244,17.16313489067734,0.19368378162608368,0.4626538087905319
2023-10-31,-0.506572245588787,-0.803764250439296,-0.4672765248195035,-0.4474337226807869,0.10137033536094056,0.1120175329612628,-0.8770316453895489,-0.9163438451194376,16.7825450100264,-0.9810456047203914,-0.4325902907482532
2023-11-01,-0.5063520713198851,0.27030095188751846,0.13954658277463555,0.8221606255974706,1.3788956925386038,1.3631284084045834,-0.11714989826267011,-0.8308329487908178,16.832740149465696,0.30283649687892666,1.1674658832670455
2023-11-02,1.2985796531286227,1.0546134115143495,0.8849366567199115,0.7458280937768645,-0.10834641710092696,-0.09632801678000262,-0.09156576478632616,-0.7235064020719654,16.889675058448194,0.0823499771611962,-0.9462398805946085
2023-11-03,0.7778108118318273,0.6554299995123222,1.0751293558842143,1.0565377603833181,0.3771591584930537,0.38429231303605726,-0.5839771732118895,-0.8522994412282028,16.634153622088846,-1.4851192033020604,0.16310796195975208
2023-11-06,1.041808661874341,0.9670619373251912,1.2538045369646942,1.144358092295769,0.11623542231904523,0.12683532701128977,-0.58659994245619,-0.9326633448924528,16.37178400369397,-1.327577474155707,0.22716477878143204
2023-11-07,1.1545027428891896,1.2072090892481078,1.2138332978931954,1.3026999028813755,0.28595712956064945,0.29415527125191415,0.06751547813218765,-0.7537268046632802,16.458531521991983,-0.7740767021219507,0.3630663713593599
2023-11-08,1.1011912851587267,1.0465323204415116,0.9856042999846124,1.127554185610403,-0.18424257249724543,-0.17412973741673266,0.09934572554843675,-0.5450493414055,16.426293405245985,-0.5061292460438824,-0.006599601153605564
2023-11-09,1.0263507116564734,1.199741491682652,1.2741283836413142,1.1036338148183216,-0.6190870606188507,-0.6182322823897801,1.2587045377312696,0.5124428285418882,16.59452242010367,-0.7324971044145829,0.30037339501773996
2023-11-10,0.9404840825427957,1.5814425013110487,1.1612223434292261,1.714273848914184,1.1789238789865926,1.1805564468825065,1.2053809520918166,1.6339637489026948,16.764999972709965,0.6843001843997519,0.5293191761685796
2023-11-13,1.471803205940157,1.5496700901670184,1.528785830889227,1.4398766095822615,-0.5670411252646556,-0.5670404642309144,-0.44454954742134506,1.399299876136171,16.64335072763324,-0.2819394301323492,-0.051401395957489805
2023-11-14,1.9235080659755406,1.8950355145474567,1.929428619413709,1.8841087820343627,0.8428868775661228,0.8477230846901588,0.11830623756512514,1.2435932305082475,16.659221607789146,-0.873532181542441,-0.13545207018115224
2023-11-15,1.92072470039678,1.5300084962490712,1.333778786552782,1.1770194497303796,-1.5697684186008256,-1.58138416852544,-0.8494035040378288,0.5711896956761294,16.49180868870321,0.6562572128546111,-1.2621691817182181
2023-11-16,0.7383412354093125,0.8748120714425903,0.7286414547205555,1.1342707005834607,-0.27247133325194384,-0.26853645774281254,1.619531951755749,1.4523581733379842,16.75639591469773,0.931162835008427,0.04830306717942946
2023-11-17,0.6849257498137755,0.8217970752870566,0.9380200577309573,1.0330856833052668,-0.3653390715208308,-0.36233688739932984,-1.2611609054004584,0.3088553549910556,16.48927299488932,-0.28963707902317554,-0.24661751444398308
2023-11-20,1.0480816160936175,1.3757883978277798,1.3117809665006388,1.388861501039215,0.6770571019259265,0.6802149365686871,0.7392757933644393,0.6863678114939694,16.64639772798607,0.35874241207869856,0.6154912160585668
2023-11-21,1.2246047977495136,0.9359194266028822,1.2751139157388494,0.8282904998533868,-1.217576855118798,-1.223570098186675,-1.4575103865110257,-0.9698447934371834,16.302739592261872,-1.5816218321975282,-1.2418463316379003
2023-11-22,1.1235659107198561,1.2326299375159449,1.4135585940114714,1.3008597178745596,0.5590361322569583,0.5628821792240059,-0.515566315968034,-1.6827598116499194,16.18600669748361,-1.165528232756136,0.8872717041237919
2023-11-24,1.0772255821595345,0.9734405151735357,0.9781642785101203,0.6965959406960921,-1.1494137591216,-1.1533011997890878,-1.7168920166402246,-2.212054283223713,15.514332214431992,-0.7415833023504493,-1.3701266573895028
2023-11-27,0.31623944283690636,0.39249476094478514,0.4010652305589124,-0.3305573269734414,-1.0430685153206039,-1.0461989372577398,2.6758978614140347,0.8494509768812434,16.56818358526597,-0.2655495803746832,-0.9582332922755247
2023-11-28,-0.5537043990800907,0.05136026771336981,0.050963890680629155,0.7624690321763239,0.7994711391618375,0.8014725554687234,-0.4248221533714762,0.1011689224890576,16.35215548228814,-0.03966719292236003,1.395758677615879
2023-11-29,0.9684253650570456,0.17860811914088828,-0.5779131829959451,-1.344706705864438,-1.5316975907844552,-1.5410199323061637,0.2313280510473499,1.0568275693302112,16.58962942144063,1.4699400733233632,-1.6070395918994924
2023-11-30,-0.861825752527375,-1.6599017977197583,-1.9601740894056352,-2.0782951657550086,-1.0634984240989918,-1.065208737211417,0.4058722063311019,1.86147656159473,16.95734986204783,1.9786275389631063,-1.4128722526726196
2023-12-01,-1.9890819509378879,-2.300212329077403,-1.8276982841935634,-1.8498572081742797,-0.34306326120506697,-0.33869753948786707,-0.6570784028943301,0.3444146201660398,16.541053596668092,-0.10602937932159003,-0.7274919499818632
2023-12-04,-2.2475895677481796,-2.150635879014976,-1.989740081994844,-1.8575343886114288,-0.7866837603592821,-0.7877844130183559,0.13313068345361037,0.8759543610071585,16.761900317331644,0.3981059902868028,-0.32094687366121794
2023-12-05,-1.5213038570109885,-1.5190090107651983,-1.37901351990427,-1.57697163365582,0.09877060039893816,0.1042664286328799,-0.3515371331769786,0.4225496883603382,16.64590233691158,0.09256701929201158,0.20371238562683294
2023-12-06,-0.9614511651203771,-1.1800547572012767,-0.9796611160677541,-1.3175106504906007,0.2902156302649689,0.2959816453233988,-0.6721209586877517,-0.6991430372250127,16.239808820179064,-0.6129980458042608,0.6929490686098214
2023-12-07,-1.159851442624231,-0.3828008242454335,-0.7404301294563169,-0.15760202225191763,2.256965194873694,2.2464367271893844,0.3389120074000955,0.008492662371980155,16.582150433349558,1.5167965201560736,1.9965834959339435
2023-12-08,-0.42784593800234116,0.33719095829799883,0.021308894325827058,0.7444897327405979,1.2549455492248542,1.2565060291421717,-0.5054026071244039,-0.9518834760320782,16.460088407146248,1.067832223987792,1.2188651828359536
2023-12-11,0.46762090613666507,0.04301349910814886,-0.22263600735592243,-0.15658914735362964,-1.1357970404231847,-1.1451546274655025,1.8587246239132125,1.420112613391238,17.06598198317816,0.8054388453763526,-1.378361280870921
2023-12-12,-0.05865724369921673,0.8550325508781277,0.8054252182943837,1.3919861054753095,1.4857259421693714,1.4813076807986867,-0.9703085252881253,-0.406428441947458,16.73249725304212,0.5994942711623864,1.4848285212001744
2023-12-13,1.6313595497853932,1.5706577046056087,2.1927552504188723,1.3588715196815262,0.035536401189485624,0.043827896642577566,-0.4494959291468244,-0.7654910717871379,16.60994033095374,-1.1931543611224793,-0.5653096006756256
2023-12-14,1.5053087885086756,0.9215716174908348,1.2197131080506558,0.9582506296432215,-0.38150963656493125,-0.3762838306306711,0.42232002317218464,0.23354461223158168,16.791412554839845,-0.8438297687105346,-0.37314582235562366
2023-12-15,1.02323497148003,1.2473906988199224,1.3110471352276798,1.0046705662875592,0.11974912302651167,0.12753871363822367,1.0577534647996307,1.7296549437976318,17.216761304869145,-0.30000739895564665,0.3078021757648429
2023-12-18,1.4711276511600275,1.8738605289011658,1.663803300355012,1.7314836473130188,1.2131924734882438,1.2073383161045885,-1.055558282452265,-0.3670856218503302,16.759628485599187,0.8930130003183789,1.2158465763325301
2023-12-19,1.8743607058882013,1.9120915405023549,1.932166108166237,1.8143425974303125,0.39981600576492526,0.40468123112814375,-0.33290165647664555,-0.5480331864847354,16.690734892933712,-0.16062188868873115,0.31932832380935683
2023-12-20,1.6595960115333324,1.6420208717329803,1.676594339035653,1.4581656288213778,-0.7435228904608625,-0.7378904951256569,-0.4434095393293243,-0.9621961547992842,16.610954901680895,-0.8988773063713626,0.3055130801667503
2023-12-21,1.6757671216278722,1.423329896646111,1.451521286150601,1.5527670051896887,0.3461220228151796,0.35115449445871705,-0.30394463976473335,-1.0023295655053401,16.542683482077507,-0.732637498231488,-0.0798900978171054
2023-12-22,1.528241172773724,1.2052513892808407,1.3101496843399125,1.183258037699829,-0.5135847865680808,-0.5081540546281172,-0.7010369039906854,-1.3881687267418035,16.28057166453522,-1.11644981326197,-0.4150853429910847
2023-12-26,1.186080516821098,0.9964613114497701,1.2766808397131175,1.1422992436541248,-0.3832197931649096,-0.3799015707980949,-0.36771381487251775,-1.3118418725923928,16.107903991987865,-1.7635231237716609,-0.46944971389029455
2023-12-27,1.1057658362755551,1.004973500317355,1.2270546129677915,1.194167219791876,0.14894515947241685,0.15412628002799508,1.2286320076531791,-0.4833723150922894,16.396325769096713,-1.4013031806019955,0.29302283072332713
2023-12-28,1.1975520041257488,1.0911046657011465,1.198140533337765,1.0373692792201352,-0.5265064165061982,-0.5255248893683165,-0.38747715446616304,-0.6147669441466599,16.283508474103737,-1.0679374464143345,-0.47213822072887157
2023-12-29,0.94485369319347,0.7844009599487541,0.4619989071888546,0.39986003531769887,-1.5788855968259414,-1.5919402233458533,0.9418915426330798,0.18904281057732034,16.52225998008688,0.5891828916468138,-1.541901743070419
2024-01-02,-0.12045328688785856,-0.7182080222903164,-1.3453479077501147,-1.313068112808539,-1.7241814248123148,-1.7392847700846885,1.242442591208702,2.071393944824604,16.76216817938597,1.9256847570869697,-1.6514090991634294
2024-01-03,-1.524895457470029,-2.0561619776083915,-1.133769836341053,-1.6971924372296678,-0.4537144233026647,-0.44882124953506763,-0.8880802966473429,0.9820888642803495,16.553190820904927,-0.5903127653313343,0.23263510632130083
2024-01-04,-1.5438610044410226,-1.5897762003214904,-1.0311502853322934,-0.9954676852670701,0.8174077806743252,0.8161827745388155,-0.9069351136197917,0.08901779263971989,16.308707828715317,-0.48009337894746873,1.1902551434852502
2024-01-05,-1.017062849629341,-0.40854763266964805,-0.5006442718216433,-0.05766167716390848,1.1460548798814658,1.1394900529220449,0.6419580855935466,0.6943306067644265,16.448887570797968,0.33679285497951283,1.2859223553097388
2024-01-08,0.3446474587225891,0.6814248260011322,0.442166265257185,1.1563374267814264,1.4533610267532757,1.442289272790733,-0.06429168356947297,0.615903438177086,16.446694185468157,0.20642022335745355,0.4503803830504873
2024-01-09,0.6295375653339463,0.9089375601031893,0.8926852711383952,0.8067328246144431,-0.3785857326502339,-0.37302550772317755,-0.3019616604088548,0.279840690825107,16.41552266188457,-0.32718310205786283,-0.3549893475864344
2024-01-10,1.1208185122742218,2.072576662830687,1.28201279819023,2.0506278487364167,1.9299669206340258,1.9117667163690744,1.9548848710072024,2.05323243775162,16.911866189541392,1.7376733242608715,2.0797504057885523
2024-01-11,2.0193065595380895,1.5619578474992348,1.5204663011772532,1.52884528518065,-0.33286662337841283,-0.3276257326394606,-1.0038311230658958,0.33791706075914174,16.660733904120256,0.4960369314362155,-0.3798928328970451
2024-01-12,1.4573113961886965,1.5732326437782422,1.8042696370140046,1.575376336388602,0.5020830707344877,0.5086363793246431,0.1543074055803254,0.5604958845349135,16.775392882949525,-0.3011358933820023,0.5920895208365057
2024-01-16,1.4440384693957307,1.1727439303225686,1.256266658721696,0.7753081000358963,-1.2776226813452005,-1.286300493878147,-0.8620173385489905,-0.8282597395941977,16.54381433042374,-0.027968232422534666,-1.3681170510542542
2024-01-17,0.6480830466149372,0.43816513592690065,0.30051493920528816,0.6952416889704996,-0.24933656699302612,-0.24355878863887379,-0.5812394894084896,-1.2373494466369137,16.359063481771702,0.7460489034338532,0.14416862733649957
2024-01-18,0.9191032193598774,0.9897058648605173,1.3142511202691225,1.2203178372892538,0.7870409215445525,0.7888766662185744,0.9041543606294488,-0.008270082068131858,16.610001478817797,-0.8427076478124362,0.41030715322391814
2024-01-19,1.375100731839669,1.4785627893791027,1.6621126953090293,1.6463388474181126,0.593453407370853,0.596614883232032,0.82108186190629,1.0837973197293793,16.88217187408237,-0.7839345468104792,0.01929980498452165
2024-01-22,1.8291427340541198,1.7213121071242212,1.6331601083102492,1.2763029081995845,-0.77515054579424,-0.7730081875068966,-0.8154225287475948,-0.2680708100281097,16.687972951876354,0.18341547402761937,-0.9263014787961185
2024-01-23,1.2541452964068565,1.2853005335687044,1.4122357065707873,1.375598794791147,0.10591806868878709,0.11308237225038117,-0.5743170913131215,-0.8961330077141891,16.556744117347463,-0.8176722100067725,0.06987866236272924
2024-01-24,1.4963155921611466,1.7628163247855555,1.5822823308052407,1.7234735870367912,0.33677814127699024,0.342612224269752,-0.12239113352072588,-0.8389922481521558,16.569075788053244,-0.24020682290657694,0.540848840580197
2024-01-25,1.2931681398849428,1.3284249369819539,1.1317319879285614,1.5326613053486975,0.025743613853237264,0.031093133300223147,-0.0918161329629225,-0.7392111986187287,16.52961579030906,0.8338594513479387,-0.28591199904630316
2024-01-26,1.3686017038281284,1.1816441670078983,1.3774926180192748,1.3048288728225441,-0.3399746356266471,-0.3337569311063541,-0.6115375787610192,-1.1135804483621408,16.39297367532646,-1.5286684848700163,-0.12071925376396381
2024-01-29,1.1646007788442965,1.3941239897274473,1.2142816226155673,1.5211067660570567,0.8576710367809149,0.8547644770498674,1.7326601973622875,1.1415354343472788,16.74629894823256,0.8325457135247603,0.6714607943989854
2024-01-30,1.5369657245702326,1.3557601911442456,1.4187624203152174,1.2149926857579996,-1.198761983906615,-1.2013322750995634,-0.20941021981158175,0.7916462191788336,16.739462202844617,-0.6684826620265298,-1.1153230961702367
2024-01-31,0.05471457275760747,0.505224184740087,0.17169261794061008,0.0700922459301704,-2.194142167451112,-2.2075915155436756,0.09417494150557122,0.8697091658915053,16.820242264867115,1.5301275721349836,-1.6159218770113328
2024-02-01,0.4808246882290545,0.6803199525919584,0.7840588879938495,0.5093190718645578,0.5303484308022164,0.5307294032755677,1.6481919620865886,2.16078858421351,17.20756967928806,-0.35627750577470285,-0.413282661033076
2024-02-02,2.766409313542879,2.795780733868017,2.7447225978449215,2.77586632642923,2.7953013108292213,2.7845786231004444,2.648857498613895,2.72333458321567,18.2536280347428,2.73567741144825,2.8279556935820693
2024-02-05,2.0332063181610405,1.6671848520352688,1.9769109825326,1.6173642714611713,-0.8031866148960247,-0.852578917793359,-1.1214906861268998,0.19826537650215517,17.524986466367217,0.058326202722445125,-0.7732602714187837
2024-02-06,1.4211659204090417,1.2187593069946696,1.3690646712168406,1.1766046099451655,-0.4293980944673438,-0.4369012660362371,-0.9511948443980548,-0.7193739183479747,16.890756214508823,0.18520505625517966,-0.4638222934931763
2024-02-07,1.0145664718726903,1.0822021424497468,1.1780143502007974,1.2803941199388718,0.18367836236493867,0.22362868346019704,-0.16150351083076508,-0.6631945313803115,16.953870273121876,0.26151634593313566,0.10602479594270438
2024-02-08,1.0591536212230617,0.8658168136886176,1.1665939371697103,1.0490989946148246,-0.2820660239920057,-0.27470156782755156,-0.5074486600658882,-0.8114633957496098,16.750170350052667,-0.9184067612376839,-0.2761318930934149
2024-02-09,0.9699077346315356,0.7706972192231002,1.0115226432708486,0.8168914197889877,-0.34415111754836625,-0.34238887884745683,-0.2838682443038949,-0.8049705424559267,16.728572980089297,-0.8512595162196019,-0.4124543715269562
2024-02-12,0.680460337593827,0.7510942992428958,0.8092321935007761,0.6789288951001977,-0.23531806457868987,-0.2243157915614234,-0.11940977427267094,-0.685034356234881,16.779855409870894,-0.06797435017444572,-0.20525783475325227
2024-02-13,0.2166721143468048,0.2916257446436876,0.3196716670318478,0.2871538901375137,-0.5073681764014701,-0.5225306900050344,-0.09265757695604396,-0.567877619469845,16.856053707860898,-0.06547807968700071,-0.3204581400905136
2024-02-14,0.43060067524184337,0.33169440556695845,0.5736235047397654,0.588351740709249,0.10882378465532916,0.14440729989036286,-0.4559870726433817,-0.6337043799411854,16.64035966618275,-0.6287789112017215,0.014015742292563244
2024-02-15,1.4601366561303644,1.85995278837764,1.569344892821211,1.8459203037063774,0.004697669070020143,0.033813319051040874,0.48714123215839067,-0.247858482320146,17.002371367768415,0.29162683774532777,-0.04765415083943509
2024-02-16,1.4811185383499441,0.7190735865644208,0.9379111283883159,0.6169434886546857,-0.9899640352648911,-0.9927384018874542,0.14919601142068137,0.7632955648536979,16.96424289249461,-0.4526929855500431,-0.9377340500654123
2024-02-20,0.26017933093314505,0.22054749052468778,0.4299877331597601,0.30184064232227337,-0.32042974483000053,-0.31389835325845555,-0.7333163273583752,0.9163258924234031,16.706743111935836,-0.38730831276080147,0.03924431983572082
2024-02-21,-0.18458853881450474,-0.903689814860272,-0.441145696949334,-0.3746465118739986,-0.5279420417824113,-0.5237533045116285,-1.183502622605997,-0.566379651365173,16.378696900689775,-0.8112348325403259,-0.7812736681909533
2024-02-22,1.5221178510941817,1.777392859005657,1.7296574909213536,1.8262423134900247,1.7444624004906693,1.7313669585138427,2.088516749088874,1.8528961358842315,16.889397650558664,0.9737210274537859,1.2468897000044117
2024-02-23,1.8343811601243267,1.701687700359869,1.8931412773404348,1.2393413234818573,-0.3745208310053171,-0.36881669162942154,-0.6038926879797228,0.7812772401251987,16.72646356152328,0.2597520333883545,-0.47578439307634396
2024-02-26,1.0929287648419284,0.6564050843983927,1.316059536704427,0.7974814169330428,-0.39082532545711673,-0.38534917186735274,-1.0514141526013816,-0.8715137369610375,16.308831788988357,-1.613739523440187,-0.26431302951136676
2024-02-27,0.5930456407918026,0.6675943947855688,1.0133062042572825,1.1353562535830388,0.3406073781293651,0.34981250123815877,-0.2798008628683299,-1.0369429483904098,16.19594527866592,-0.8873298334383792,0.5156670048804821
2024-02-28,1.0280947758649324,0.9015114509599517,1.1836165569565407,0.6897344337601745,-0.604795385331087,-0.6022100979412697,0.5505017625038632,-0.31721623585249537,16.358332358342878,-0.49727208787377764,-0.612162383239868
2024-02-29,1.222401831374079,0.8022226565076593,0.955699254176618,1.2402727218318763,0.5050809885057771,0.5132515835426615,0.9880425032536718,1.015677906295177,16.690881531242297,-0.2913105224593279,0.49975601478181947
2024-03-01,1.3390845899184458,1.7225132162827173,1.5918756313372129,1.9353127240944792,1.170095796905758,1.1718687916602988,-0.2612307330056581,0.6923001946068668,16.605054782302684,0.9832666784543392,1.3475814236082175
2024-03-04,1.8244247701261984,1.3606770769809955,1.5763550334845071,1.2278913885370883,-0.8448308644700493,-0.8499594577690831,-0.6794145195139291,-0.20568103270950944,16.32706733405622,-0.6085463329545612,-1.033214093992696
2024-03-05,0.8950026800892172,0.41818369462244215,0.6046774873427931,0.32505282673865293,-1.1649063785308686,-1.1770060379588063,0.6548563655284155,0.8801268296861269,16.545015680702964,-0.5740820714099303,-0.787682960937438
2024-03-06,1.0956825681632123,1.1887944873303489,1.3019950790664312,0.8941970594188269,0.3545951380770398,0.36271830937426824,-0.8163575567196838,-0.4560755338259963,16.280035998109604,-0.29239906922166187,0.3579015315129773
2024-03-07,1.4531572375681314,2.1561849759575775,1.7715931476382376,2.0417589202978026,1.7295739709193183,1.7182068011704246,1.8141498089184995,1.8922227991192246,16.737940742245993,2.3241025642737085,1.788551882215438
2024-03-08,1.8847418369661684,1.764811158713289,1.2006147816137223,1.1251396194203223,-1.0212722645324819,-1.0252861894622711,-0.13107361460315445,1.4794153603898341,16.737337969505514,2.258426958795736,-0.926009708226299
2024-03-11,0.1457714296694023,-0.3723894513086009,-1.5199585745471227,-1.1778605403644242,-1.9920353880912534,-2.0164554390968275,0.06217385873628818,1.355086466624572,16.83243180131901,1.489043002875674,-2.3589466730333033
2024-03-12,-0.4339718448791363,-0.09106383400873795,-0.6046786519146351,0.37563562020899105,1.239680429538548,1.2261372445006924,-1.1033535917743675,-0.24429726984315214,16.5530031143989,0.6728953861476323,1.1030368263774426
2024-03-13,-0.347779280695952,-0.3290513607206716,0.06017824620527132,-0.21985018074421991,-0.4444785269141911,-0.4337067473994671,-0.8400030725269368,-1.2598788200058437,16.30794720271324,-0.6213843181472246,-0.37108364304404273
2024-03-14,0.17610164165470935,-0.427140022277472,-0.39565889975987306,-0.7027147595535268,-0.3310800139734257,-0.3207044774868865,0.18428858611868412,-0.8320278841284706,16.35079349431664,-0.15027089597365256,-0.21861091660853707
2024-03-15,-1.4104439084924496,-1.2067462706227996,-1.0860351401820316,-1.2969344482243943,-0.5214350617135475,-0.5152194153580104,2.3973890488441456,2.099011380961387,17.187680730397613,-0.5417451841467741,-0.33470269363816607
2024-03-18,-0.816648770022493,-0.5721021848581468,-0.2933303351178055,0.15112873819630523,1.0506015037902336,1.0472485037852042,-1.308116152743179,-1.0862603090273237,16.279814845753528,-0.6213825473169681,1.0444055655949709
2024-03-19,-1.1518095367570018,-0.664237229360927,-0.875404275163807,0.0012557820685705895,-0.12099694245487606,-0.10974018493810753,-0.2625392110584546,-1.0135621697964303,16.20455780215107,0.11297081154209178,-0.3367062695370255
2024-03-20,0.2983727279130047,0.4116447118411377,0.8063739886783793,0.9047078230983916,0.6593496970940337,0.6630150352979827,-0.04525068396229191,-0.8410708426135991,16.276047753357336,-0.531028562811096,0.5001718226687689
2024-03-21,1.7445767748649708,1.206054997734503,1.8647641779772897,1.2971279784598968,0.222411827812208,0.2314944123871145,-0.3887027077213217,-0.8914364998380828,16.088924376618138,-1.1199460080589316,0.1886917352214689
2024-03-22,1.1382249133779032,1.1140180455895357,1.5057958995150318,1.3868953448866264,0.1177778982111418,0.12712720388341872,-0.34050607567568203,-0.8750228699023096,15.909471308941532,-1.5201200842412628,0.3355255967128655
2024-03-25,0.8451761987092267,0.5885792581564161,0.9120443050152905,0.5122012356715429,-1.0005003265033605,-1.005868980579485,0.06613116430161207,-0.5302642974906152,15.941430188263714,-1.1464053686587994,-1.0014420833561803
2024-03-26,0.6299082892927269,0.8374107046804664,0.2557438036882786,-0.3520784461201522,-0.9465155683840478,-0.9514795552081258,0.5569293290070956,0.2123052083892411,16.23190645217163,1.1419141309939131,-0.9895252164961877
2024-03-27,-0.09140053140779474,-0.5235070076251082,-0.5134242797116032,-0.5824195699421526,-0.2728819302225566,-0.26839656589843147,-0.3563159749890582,-0.04555272742787125,16.117065220246896,0.24212097341189587,-1.0074855060157208
2024-03-28,-0.7371021819934457,-1.2315155623353549,-0.7873735408042855,-1.4077217583677861,-1.0482396811488188,-1.0546854496703653,0.7870480456608361,0.9518664116349536,16.537647802442073,-0.8132938254687458,-1.2339847422198333
2024-04-01,-1.3190216680524007,-0.8103693364988147,-1.1688385142282258,-0.9401433703964837,0.7141157474882385,0.7184534882978272,-1.0427868227326624,0.5236272097977738,16.03980984070295,1.2992616548761684,1.1529860096323046
2024-04-02,-1.3527096224715451,-0.7994818895214687,-0.81400508445858,-0.16236559263675387,0.9921744965440309,0.9915600461303664,0.6408980277477594,1.2013423826736542,16.220742578163023,0.45835650136185985,1.614045944241865
2024-04-03,-0.06737513331011204,0.37981864913794083,0.5596293713047381,0.8809391337978164,1.23217971424686,1.2266204353100978,0.18589059847493333,1.276823650253798,16.30864997532884,-0.6218291230455139,1.181922468481025
2024-04-04,1.4270076860981973,2.1637878837046123,1.4958022393119104,1.2419866033498506,0.5708638596169751,0.5736626852645796,2.2923535038360967,2.5286481023881158,17.091760588943153,1.7246561026330727,1.2125830412520917
2024-04-05,1.4059395283239242,1.722966300404019,1.5950757005656764,2.086326394044463,1.7770074590410476,1.7619834483414618,-0.9041888025475913,0.8231113106162472,16.772605999872994,0.8308004315734868,1.034187340629567
2024-04-08,1.82306000804466,1.4078570537088624,1.5928507606474005,1.2329727206721035,-1.019651132996559,-1.0236775040561419,-0.9277975407789767,-0.3414600383073758,16.400307865978437,-0.141957928544466,-1.0298734356632042
2024-04-09,1.110016081302405,0.8666668981225426,0.6138946468392981,0.898591879846908,-0.4494863547643098,-0.4448018868208014,-0.5937686827263549,-0.8355323215607475,16.202565559484487,1.3009148611009766,-0.5334766227655664
2024-04-10,0.2320536728321716,0.5643052481771464,0.46176910314869024,0.9105473277044456,0.054869759526632665,0.06172825330929467,-0.061490096342475,-0.7213605132444605,16.25074549263096,0.6417614204345974,0.5803852675684391
2024-04-11,0.8343202461863153,0.5111974014162116,1.0566237366772655,0.936761697624869,0.03516246143230283,0.041822289066188095,-0.3619480435589071,-0.8762702049514496,16.154379459472228,-1.5513440226787187,-0.5132273499945046
2024-04-12,0.48537698923731487,0.11407569571219339,0.35176336543310194,-0.05063278309388292,-1.7040789020174765,-1.717066885148784,0.24091285731181447,-0.4848991800774029,16.295815050721096,-0.7167066650581868,-1.091517424919179
2024-04-15,0.2623967982673669,-0.2083039777588909,-0.8712853622311358,-1.343167739975123,-1.382576501881676,-1.3916648767432378,0.08407097565599454,-0.3147264405956086,16.419155416714986,1.4495060437335376,-1.108999071088478
2024-04-16,-1.6703940227579661,-1.8036803170043694,-1.3107105068806004,-1.4782417267916366,-0.08882126764666655,-0.0811554319927083,-0.7305464519039533,-0.7924789378249976,16.102768893993296,-1.1265494890333965,-0.17941939990166408
2024-04-17,-1.2968434623922298,-1.787601990100986,-1.9256325732159174,-1.6411134708863648,-0.5299327290241129,-0.527373324398747,0.3959861578307008,-0.36016045481565717,16.31643006489341,0.3855841561805382,-0.5113997525116173
2024-04-18,-1.308876295231083,-0.7219250942334559,-0.6159906975792167,-0.8326502283901734,0.991022117829368,0.9945347882000429,1.1517155876094718,0.9807634550645029,16.51072547139107,-0.14972445312117236,1.322707015252014
2024-04-19,-0.8520548163988795,-1.3428784911004235,-1.9447303770253568,-1.895224706548799,-1.9110709763594076,-1.928462846812675,2.12173338409514,2.6297201604930547,17.038816594934975,1.9937879610022677,-1.9576339100431996
2024-04-22,-1.6616193958337406,-1.8090571067225638,-1.639562921889687,-1.4330404585783925,0.5114840076045993,0.5140911585703222,-1.2557024016346923,0.7034956697681872,16.664545200262175,0.556367441081342,-0.26787777513676375
2024-04-23,-1.2503707809512448,-1.003038166294083,-0.4364383433055269,-0.34410469068280486,1.6275466823774518,1.6057902728002824,-0.6620664692740339,0.08457672960973536,16.5288269350555,-0.7339484801799406,1.2345482361245075
2024-04-24,0.2944153061671847,0.13481499174044181,-0.6059797643291294,-0.3831356723483113,-0.012023090286603876,-0.0027577678173139964,2.3882650918802724,2.1180769663039407,17.447097203913632,1.3243703380328256,-0.15024696695259762
2024-04-25,-2.67731197824558,-2.5982254424541424,-2.5892961791603453,-2.5108829302573414,-2.398915134454499,-2.433173815728782,1.4001297489486386,2.3464777430978256,18.23303344252314,1.950910128933748,-2.579853676383896
2024-04-26,-1.4875576915675977,-1.8087340610734253,-1.488629305604431,-1.760078853029433,0.47512840325085204,0.4747976523231374,-1.2855278703320392,-0.2821501507069522,17.30262263492491,-0.32872266504070397,0.21452976365128643
2024-04-29,-1.241005779622708,-1.5650109116916366,-1.2719043678068753,-1.637319017920969,-0.2733573174326041,-0.24960375818717323,-0.7963338071134108,-0.794332472633375,16.883684462524982,-0.6286131890434578,-0.3619972264023532
2024-04-30,-1.2008482104131166,-1.2449990863826579,-1.0075962552315094,-1.355981802792941,0.22707951558871672,0.23713224933541524,-0.5384135555245029,-0.9440964118289903,16.72946325385895,-0.8773984211034226,0.6882015699317957
2024-05-01,-1.0343816720163497,-0.7513122954998926,-0.8921303213155962,-0.8555453246628657,0.8139759170110469,0.7958861872811982,-0.16414904727270094,-0.8538615893442454,16.82834087334563,0.70478034959373,0.9581539905069033
2024-05-02,-0.5976930974454435,-0.7720652218221191,-0.5798142380316101,-0.6177106763797121,0.4564025557080141,0.45705168733414103,-0.5942248557176006,-0.9402123296331631,16.5382063863767,-0.7557850216048774,0.2693287756144975
2024-05-03,-0.24945538259655536,-0.2910549362324131,-0.06165435005650098,-0.12654522856583586,0.7457474483045262,0.7262582196569928,-0.039493345370803394,-0.7196225550032253,16.618210175159998,-0.7872209589449646,0.545517081384787
2024-05-06,0.19303280852269142,0.2676244423545136,0.3938116720499281,0.5072161088053032,0.8195465386850174,0.7954681759277378,-0.3218340599622447,-0.6728411515117753,16.529847688180155,-0.44031386972426073,0.7070114265128176
2024-05-07,0.748083683302125,0.6874195979468546,1.0011694358595824,0.8897379793619142,0.2720920101905662,0.27854160037095915,-0.36465553519202726,-0.656116293369882,16.411272673481072,-0.7985467285392727,0.3194401572917464
2024-05-08,1.3681582247682798,1.6886166394528535,1.517974190665827,1.5747169377638741,0.3306938179066962,0.3339436305954665,-0.20987591977515413,-0.5286234479561929,16.27372246932823,-0.3941122652136962,0.4171365709992823
2024-05-09,1.477023327883345,1.3461132815703827,1.4807662318409773,1.3670708239985754,-0.10343056546565665,-0.09620163342439157,-0.12181512486809432,-0.5118202204917933,16.060222970325864,-1.034475102296878,-0.23414220826984314
2024-05-10,1.48214840554477,1.1576635521995902,1.2692533812404263,1.137145161884875,-0.3642028286933602,-0.3569986433711948,1.465966100925727,0.9198346591759401,16.190416405561198,-0.9516562380549949,-0.3428578271932701
2024-05-13,1.0009420215374458,0.7293781009403333,0.7149427834531628,0.5419553146342743,-1.7900591792607312,-1.8052776631056828,2.0439728840739906,2.4043027432043003,16.501233415354292,-0.3415052140104038,-1.9272111884741332
2024-05-14,0.3282863546054211,0.5299751575203577,0.4031340496630956,0.6375189610722919,-0.0879977237507448,-0.0819665417979326,-1.221380624147846,0.7637737382493123,16.16484573557986,0.04681438120408291,-0.1591288020720197
2024-05-15,0.9646044999083206,1.1215747914223937,1.03728487945289,1.1868041703848835,0.8499211328324541,0.8493977323418839,1.2368109491725876,1.6875213066889323,16.388161031714894,0.084146864897344,0.5211061718627774
2024-05-16,0.8703118639412201,0.6360887122914862,1.1579577394677871,0.3462707949935181,-1.5513540470630636,-1.559792061052247,1.0754968056227099,1.947295240952962,16.62540716747567,-2.0937800084755316,-1.5550089370581706
2024-05-17,0.28190163410041025,-0.40414749919491083,0.5699347865482868,-0.1214265480042195,-0.48760079646803434,-0.4827682029298705,-1.346055963054422,0.3487649404293465,16.195732482215377,-1.6621090943065093,-0.4487617543138811
2024-05-20,-0.0888498951519106,-0.625078831840901,0.15019000330607635,-0.9468701190007645,-0.6070185333066167,-0.6030806241935561,0.3304875098964149,0.5832241463680576,16.278946775442176,-0.9019305663935336,-0.625447683843541
2024-05-21,-0.7070458891847411,-1.3082134392126021,-0.9972741983257092,-1.6503236434168214,-0.6796491236587638,-0.6773878700378296,-0.06271370212441943,0.4882367104563806,16.27869983349757,-0.07237336552205109,-0.8769333989380732
2024-05-22,-0.7243132711881346,-0.3720127006222347,-0.2705092141922516,-0.8418194424915605,0.6468728926722037,0.6502482884063964,-0.6278696066411018,-0.23901646234661744,16.125925021292776,-0.06782693978241675,1.3545595169425013
2024-05-23,0.4030155812130977,-0.13814669519102982,-1.054693569227535,-1.0139247520994625,-0.19511303951126452,-0.19047053343466405,0.4820436373138756,0.20369709473040454,16.27918514429885,1.3840273465201138,0.6427829455515969
2024-05-24,-0.6932850898726235,1.2856917521794426,0.1168864928966585,1.306925908907185,1.7617814909520473,1.7517152367830195,-0.0652045264186381,0.1208348045879618,16.301441766046462,1.2561991883366344,1.73617685026554
2024-05-28,1.4104882377309738,1.2370962132684693,1.5963913336063114,1.2794330246299588,0.07089830567378981,0.07711135450446871,-0.6482840877117696,-0.643376330306975,16.135523008553214,-0.8270317275440793,0.21981189393595357
2024-05-29,0.8262938870334448,0.8093046937373598,1.1455168331842764,0.2932672197976012,-0.8700110236545394,-0.8731355177065453,-0.5059832165786612,-1.2262267457643934,16.03755792911882,-0.6322022165622069,-0.41524333405596087
2024-05-30,0.07553958107811465,-1.0024882011288352,-0.645488447782392,-0.7869086671014756,-0.9625544650048968,-0.9696249482445374,0.9010334413605637,-0.051556682487090666,16.189038712920382,-0.2220295691122287,-0.7378612202603024
2024-05-31,-1.3411150876605773,-1.3301484626008844,-1.9383461833832487,-0.6921343423174863,0.06940547629824981,0.07521125304061163,2.1972973026275637,2.670864756635816,16.643995150843875,1.6839200227471343,-0.7680184699631564
2024-06-03,0.1024646224784887,0.9875946578823761,0.4015230155215573,1.1068976945736109,1.5292598621501456,1.5268331184977135,-1.468656554269172,0.007756764753695404,16.2384886997873,0.5365552002247205,1.6652937892450026
2024-06-04,1.4315715777741809,0.6834802748241664,1.0633774743377198,0.8475261979763499,-0.2059881277696971,-0.20097206717518182,-1.2866576696127738,-1.4142600922075141,15.77401266592535,-1.0873975120482753,-0.39680154830131575
2024-06-05,2.0782613206799723,2.407072283822957,1.8683161522013445,2.2570547721947722,1.8128723806273932,1.800799055406874,2.32259748436376,1.515576280964285,16.568566055365775,0.6910616721158499,1.5676200579528432
2024-06-06,2.1669393707626963,2.0347671362345654,1.8500734223162199,1.5784677048122773,-0.46624432977823943,-0.4629225263592544,-0.8297140178597289,-0.264669895111464,16.182693639077694,0.34196164391481665,-0.5443311585586612
2024-06-07,1.7691690729881346,1.3072467458916555,1.3924697015089595,1.219854488713984,-0.42762200205562073,-0.4237480348768872,-0.3623644607442893,-0.5764087514895071,16.05416505166548,-0.3816115985865289,-0.3666316194567611
2024-06-10,1.2567702762002224,1.2886005156102904,1.312782778462838,1.5896222994141107,0.8715708119343901,0.8777045661719648,0.2460681124149112,0.0854341615985159,16.234713652670575,-0.13096993992838216,1.0096366089795898
2024-06-11,1.418959104135179,1.3133243301237087,1.336173131553454,1.4993412084074391,0.23872005730402193,0.24681280908604772,-0.4372211134820188,-0.4480510787469211,16.084921524300068,-0.23722587499351755,0.20028737844430253
2024-06-12,1.782626060172346,1.3681008697848782,1.3730928600529777,1.2622786514352675,-0.2860445714373834,-0.2810311952630281,0.25993395035805145,0.16595217744511506,16.299016310286806,-0.32525593586989937,-0.7752294208225903
2024-06-13,1.0150851870873856,0.8939930945006395,0.970523627086887,0.7991014425804358,-1.164152462097866,-1.1746707599462656,-0.4924387016463346,-0.4996678395171679,16.113545414315567,-0.8492185928853399,-1.184352572609132
2024-06-14,0.7054453213772016,0.654922488643335,0.8808365522705472,0.7165243137129687,-0.46684488133211927,-0.4647146411920752,0.013862743176873794,0.04612618897549793,16.142134488909008,-1.288023863295386,-0.28048651060596774
2024-06-17,0.4904180773230148,0.8225213898677814,0.33597007964225334,0.7916064921930163,-0.0899422061582003,-0.08469547289104948,0.07537041578585031,0.5126843411102296,16.237353243365785,1.786416211961032,-0.474714829513502
2024-06-18,0.6440449550015659,0.1395696819272658,-0.010118487443010813,-0.2822014869037968,-1.2665021035917428,-1.280863311957391,0.09476736327952157,0.9209105333140903,16.38509538578223,0.3214539918525981,-1.395189796809022
2024-06-20,0.15132038596929295,-0.5181694330403365,0.07624086682196662,-0.03168168697756218,0.3127820973091534,0.3168066088931849,-0.45793697024510677,0.9654871408607784,16.283711863917713,-1.0763398443450756,0.7949778866584674
2024-06-21,0.2360096288170013,-0.6045113466611788,-0.9635635800723497,-1.3945997021866916,-1.3386731699455638,-1.3442235442496087,2.543215090030535,2.6779207344030405,16.956671340709033,0.6879244114176727,-1.017418239253016
2024-06-24,-0.6489721384018798,0.21792298659178025,-0.7378700821934745,-0.8993518747744713,0.6458978649073689,0.6480530577187958,-1.3689527088516202,-0.0859367095122516,16.420072637532357,1.3279675625842358,1.0711409704651724
2024-06-25,-1.3026297263801534,0.8851864353415697,-0.5178837090558576,1.4577213673502623,1.870681626189968,1.8572117199056328,-0.43623463456885725,-0.47046972540295806,16.30952568269401,1.478885501989681,1.7037735251581558
2024-06-26,0.6840074028556153,1.431503997138906,1.5695050079620692,1.5860163097845228,0.3240434099214837,0.328940485055368,-0.8193405431681173,-1.187748663717055,15.999571203023766,-0.48546646287720435,0.3504229396215569
2024-06-27,2.2693678485578843,2.3465127581791165,2.325298725455186,1.9254902958146538,0.8670039959243492,0.8680931830921973,0.2832923006881542,-0.7389232299157084,16.130142890671497,-0.5529710678129254,0.8885365851031973
2024-06-28,1.9406757691916752,1.605298964512402,0.6894802369154427,-0.1479123865847152,-1.9453239695483011,-1.9596394078848212,1.145629297290705,0.3979657474245336,16.579001836164505,1.6629108753891273,-1.7861517862928675
2024-07-01,-0.022755807527215444,-0.6020095602718307,-0.7908336929592,-0.09299159510324069,0.04599011844227835,0.05267201834668252,-0.9807556987737011,-0.840486765914152,16.15038867297687,0.3957517416785981,-0.08295045530508782
2024-07-02,-0.6685621587492181,-0.032889964871362296,0.08126816326475143,0.51128202908823,0.5718910560107854,0.5737454799964893,-0.6511400976158778,-1.1483492838984928,15.861847773203374,-0.24198107322726672,0.2365112462896075
2024-07-03,0.1867283693549781,0.003565147797572899,0.8665137948681827,0.44678569615269786,-0.08683259351317459,-0.07973073330035385,-0.49752598046854446,-1.1653512127419563,15.608203091752172,-1.5472921564883526,-0.418980798941549
2024-07-05,0.8338014103382347,2.3542963131548773,1.3104070307337612,2.347795568574645,2.207757999337204,2.1792659480195016,2.4968465876480317,1.3922148585836485,16.87675436350221,2.354235213519996,2.2541390941801556
2024-07-08,2.47224231780971,1.806121571905737,2.094513900980637,1.2318284332232785,-1.118298048354352,-1.1301780047519865,-0.48566373363366083,0.8008562988791382,16.518045645413732,0.23249557913388363,-1.1688883021259104
2024-07-09,1.4080589531193013,1.132105151909896,1.6653164118995132,1.0626100851988116,-0.21068991219899566,-0.20216818566519007,-0.6103872395030915,-0.48806617871289926,15.984930020006269,-0.690746903276505,-0.156359416550129
2024-07-10,0.9906627196447866,1.0046289469688168,1.3380256689204442,1.1619824456121424,0.1723984509266692,0.1840668233886211,0.09336410558691757,0.08818919016093435,16.211886586386022,-0.43106521151439475,-0.1525968328884494
2024-07-11,0.8176461924774726,0.6176160960894743,-0.2899674982706658,-0.5156007463946821,-1.513518407972453,-1.5433495845316836,0.28298669737070675,0.9775138601696827,16.61634052795856,1.5508491475116242,-1.2884608927061898
2024-07-12,-1.264596997039077,-1.143345537882817,-1.164712550547383,-1.265918597111199,-0.8251125254860122,-0.8309469172022999,-0.06066957485277619,1.124754265673239,16.798689416078272,-0.14518672022996051,-1.0506968154930223
2024-07-15,-1.0191114358591937,-1.0581446735279638,-1.078842041511991,-1.3072232846826164,-0.15480038671182553,-0.14456495836367292,-0.5854735280731447,-0.15164520172971208,16.34437037503064,-0.15849185728685186,-0.15988415211000598
2024-07-16,-0.8145814163431107,-1.1860343067631762,-1.4478831658853921,-1.4474098698944162,-0.37709395097297893,-0.371150501425823,-0.09673062892251667,0.008242756064851484,16.459967639784605,0.4650557921912434,-0.5316241328971968
2024-07-17,-1.6848223874041997,-1.9174650954489447,-2.0546952388361754,-1.990039924456675,-1.510517781993437,-1.547433205152911,0.7390483183293003,1.5878024289581694,17.150447082786556,0.7277529787392114,-1.1933505664125637
2024-07-18,-1.489785355076919,-1.512567510514403,-1.4072525940988747,-1.166752969656438,1.078750688556195,1.0812671930920517,-0.7055052044345783,-0.25820967935396727,16.77391477815394,-0.22606018551494006,1.4317542102024179
2024-07-19,-1.1783363214674294,-0.9927515546239158,-0.7992894882275883,-0.9379444061117957,0.5555071938459865,0.5614107882774076,-0.569674320074747,-0.7232269530006937,16.53347155118421,-0.7374904495823988,0.8426038729594053
2024-07-22,-0.6215921152180197,-0.627611590579422,-0.34653048126285035,-0.38352645395967333,1.1048094903140948,1.0941930281655128,-0.5834736664972372,-1.0670755583836622,16.302340440487345,-1.0911151864976307,0.7832071407863404
2024-07-23,-0.3339185518279374,-0.34937206632520024,-0.019365465528605057,-0.17664310783279846,0.38013150844416727,0.38823445443085497,-0.672537707609237,-1.4185972399924736,16.062107246508013,-1.1707318111898872,0.46946628152251046
2024-07-24,-1.0478938008646712,-1.1069644878528457,-1.2850731106608622,-1.4592456431900218,-1.3736708324888856,-1.386639630164991,1.4684539236864307,-0.1451470338653283,16.686229400690173,0.26255761543210193,-0.8670511827525067
2024-07-25,-1.6157027906509163,-1.7335377365588154,-1.8606060314879647,-1.6221887179055139,-0.17948667074857855,-0.16585091186009157,-0.11857305714593025,-0.009787518201342616,16.719155009338508,1.5894445422361256,-0.13721566429041096
2024-07-26,-1.2437329791872642,-1.0894608166263506,-0.7238952069563147,-0.6855281201886851,1.0856018868671033,1.072183971410662,-0.5501823969070246,-0.4739522073419057,16.470328814781166,-0.6797268581113972,0.811740049226036
2024-07-29,-0.6609606434456021,-0.6480918743323469,-0.2365587536024446,-0.5373102438783727,0.19049777599876236,0.20214965442597205,-0.5620917082513995,-0.883231157438845,16.24381167045968,-0.8730003259551876,0.08753631127285214
2024-07-30,-0.8193681795459345,-0.6179138126226019,-0.6547439822401817,-0.5822239581298099,-0.009056274399088364,0.005046233858213755,-0.10178379092381729,-0.7173360537477188,16.24828154112497,0.5562753345311048,0.024717307211787932
2024-07-31,-0.2826738298833388,-0.21113420782661746,0.0338938523423008,0.3104801324463919,0.8446050291068624,0.8355049501236133,2.102504968266521,2.182126764045886,17.005402416541084,-0.5670911081304834,0.2794077575563447
2024-08-01,2.4568539637246833,2.3886998901262726,1.480626829891333,1.7135038940689917,1.5093446259198664,1.4761290467889965,1.1248432430940527,2.4512679381540288,17.57864139002026,2.3375265120442337,2.301129450501416
2024-08-02,0.5399461230840181,0.8509885833776645,0.45239748259280904,0.9085860246152638,-0.7411828727204506,-0.7309369316521384,-1.0709652756543842,0.319752442660463,16.99542519759891,1.0289605619682443,-0.26925576601794765
2024-08-05,-1.2529219861858958,-0.02647780300430675,-0.9603406408403683,0.16094916660907038,-0.7781268621763568,-0.7727774457101516,-0.4961169661192229,-0.10009630778022995,16.878723940868458,1.5852645769187805,-0.01489193960058037
2024-08-06,0.2207543783118129,0.9098335948644559,0.955480417744217,1.3451632251402348,1.1305742712312086,1.1214067623476842,-0.3759891000945911,-0.35037502888681815,16.857887887062617,0.37980041019294086,0.8321702609760825
2024-08-07,1.2041682221806298,1.0560635374675131,1.2199648937519905,0.8173842373504243,-0.6301896369796934,-0.6263881664381773,-0.27198566926489315,-0.42842104528042346,16.81649406960159,0.20321854175795623,-0.6132093946218677
2024-08-08,0.7671281532920393,0.8629595964470766,1.4351812178202181,1.7369238726957479,1.1116335877982544,1.1068165530687528,-0.5377286461407722,-0.6993476616728337,16.597851633540177,-0.5800567336999435,0.2943870506464942
2024-08-09,1.01776950651701,1.055644032175899,1.6040612643549614,1.6759173223145398,0.1866945087589408,0.19829793981448743,-0.46553833040509807,-0.8524956046040489,16.432658257826134,-0.8986064213022963,-0.08437133300619955
2024-08-12,1.1562515539462992,0.8576249008795108,1.3918339828019435,1.2798049145300363,-0.5243800528235993,-0.5167105440216542,-0.7156391294138326,-1.1031279580643627,16.094560970206043,-1.25838871184381,-0.807477660587476
2024-08-13,1.0565357579597012,1.337675196170543,1.4734350652086652,1.6117168758380027,0.405512682521057,0.41411409060891224,0.5964693261236137,-0.7573202222331918,16.43609844405595,-0.7698801691682394,-0.30184607703494115
2024-08-14,1.14434418048851,1.311063364156416,1.3586437606012884,1.2499719089663424,-0.5271077411958223,-0.5194758862754453,-0.4039621259952923,-0.723024908012117,16.25299369678678,-1.0141774699264205,-0.9170300867325413
2024-08-15,1.195145930426737,1.4481320020241837,1.2300761331292216,1.4157301208045057,0.5117299335077511,0.5195891302036798,1.097168110862548,-0.06964582678897452,16.41687351183757,-0.666491521893277,-0.19171934233556165
2024-08-16,0.9804889575085193,0.8935654057853072,0.9362370781048218,0.7609514369421632,-1.121114528922832,-1.1263738778644798,0.6064392831766623,0.733981146397111,16.508562241533397,-0.8953100867428995,-1.7781436072702108
2024-08-19,0.7268900755629039,0.6823111729089104,0.7982846476349298,0.7378509241879536,-0.3579652300965726,-0.35066864899703737,-1.232841096043033,-0.4216276170572961,16.10599280610822,-0.883123632768367,-0.6506087037399233
2024-08-20,0.7300656791645095,0.49284732712077817,0.8580098595473791,0.42990460872481684,-0.6112892027882,-0.6092978521563784,-0.5490753080952092,-0.7205644320552427,15.887977961781596,-1.3284467137237712,-0.24772274193833763
2024-08-21,0.48825212901996856,1.075234606031608,0.8348212353991185,1.127626115548902,0.3811127112412304,0.3885686974597827,2.054314583896062,1.936869945974428,16.412502635415628,0.40517737922580116,0.8926625790129405
2024-08-22,1.3415840576783975,1.4146492545814389,0.9472885131452334,0.6301345501201385,-0.7461320200288688,-0.7437377660202333,0.39315392991475345,1.9685013187232774,16.569699856706784,1.4671443224499237,0.3219263586104645
2024-08-23,1.3009669281288372,0.7629780193213163,0.3445641394749437,-0.1231168703175304,-0.6856258426494874,-0.6844589587805532,-0.9036825527336341,0.5035675956458511,16.242426182681893,1.1104857361542742,-1.4813604485916108
2024-08-26,-0.387218093122616,-1.4156487982370372,-2.0743829697329037,-1.7577078282855145,-0.9744322246122473,-0.9776672468032902,-0.5934713195185121,-0.21888300149357015,16.07560570367793,0.5167394436461821,-0.5550700536359834
2024-08-27,-1.9793023268756615,-1.6976190381982672,-1.7236668912463102,-1.6329315290621398,-0.17865011361254435,-0.17409981813900433,-0.9662165081730627,-1.1832578608105213,15.653310541521206,-0.7291816987896551,-0.02453596645892681
2024-08-28,-1.6576848298798945,-1.6145309293578611,-1.6929256809958468,-1.5666290426881953,-0.21853874900377693,-0.21425200087024088,1.2012725254872172,-0.15327492149409208,16.024455186403316,-0.6513493301760294,0.5793957584802346
2024-08-29,-1.1596518299428735,-0.6521297833931735,-0.9310925043604746,-1.1481502316835757,0.6714024594098501,0.6751045393626899,-0.25276475506107815,-0.2942478695078279,15.933860384188964,0.2671128189145661,0.7274603742528382
2024-08-30,-0.6793200444560941,-0.9546813875531387,-0.8327808357901673,-0.5474714651381954,0.8563600987590083,0.859356716331775,0.28439364246906834,0.3091255647997537,16.03008388283521,-0.7096938360026634,-0.15518400366763482
2024-09-03,-0.7890817472324828,-0.6121665797848425,-1.4574909632971422,-1.5470703338822673,-1.549099285444105,-1.5599368411485637,0.8424650424479475,1.319433362146557,16.337961917837756,1.5205199635848659,0.5669918411572883
2024-09-04,-1.823729387860474,-1.356639371512876,-1.5893780797372594,-1.1368898134440322,0.4652454492759844,0.46916909473570056,-1.0867224504334863,-0.5074586432387534,15.93599818905323,0.19567132739806772,0.5621118828344548
2024-09-05,-0.9995216034389937,-0.6470374341074064,-0.5489561467954097,-0.4661550878959991,1.3778351077983597,1.3719836847045739,0.1580916743438518,-0.09448015675894733,15.972017417750614,-0.49267643235031267,1.469892547527135
2024-09-06,0.2160069947455763,-0.10155094750448176,-1.8963974098567968,-2.2231742812721222,-2.1105979497151,-2.121778938489881,1.8407602539740395,2.2369752488904617,16.506380757678528,2.4713343017802107,-1.2602089899960751
2024-09-09,-1.5600693044209872,-2.1735887797262916,-1.222492596127249,-1.354896067350032,1.017751620592246,1.0108102321479009,-0.8411300575627633,0.7147124220206423,16.21774196159912,-0.5656741900098414,-0.13835389120561098
2024-09-10,-1.0863119757760773,-1.295520714462553,-1.2340406862051827,-1.101069286234988,0.2405205457160462,0.24405303558924682,-0.446461523625673,0.1917054422188823,16.107944400922243,0.29084114357811564,-0.502358933666706
2024-09-11,-1.0301191508534382,-1.1958287511314685,-1.4741608392794237,-0.01548241244184208,1.0929501187060093,1.0821234560471809,-0.024170457483825486,0.19033140609171023,16.193435100247,0.7528195607596837,0.49034637271435777
2024-09-12,0.4892850908389053,1.037108822114438,1.1395046876759864,1.6070149260515283,1.5222439963099754,1.5016243239723925,0.16287696633912754,0.44366456458533826,16.299858801872727,-0.47289089597548717,1.9114654352748413
2024-09-13,0.9486349268185461,1.1653771004170814,1.3346702964756667,1.2885290204236552,-0.19473525392001104,-0.18654632139509536,-0.6503860553007429,-0.4851075905449911,16.149730064617657,-0.63559956676435,-0.8225515726048513
2024-09-16,1.4745491127493633,1.7260974316331132,1.3381571594191808,1.800026548511857,0.8676955189597111,0.8638871528374329,-0.3829651499572717,-0.8451171169610342,16.069703512566118,0.33417444982446287,1.269078153519378
2024-09-17,2.103227073167292,1.9210269669249789,1.9543750225235257,1.5566489313738696,0.05088374779327869,0.05743522363340541,0.6824007392533521,0.24041656394977132,16.274312851203508,-0.570660520995536,0.23018357756425759
2024-09-18,1.557597936303128,1.5821157848029386,1.6407339809212163,1.322586558262833,-0.1267031158366205,-0.11867407106056789,-0.6096936254308045,-0.6135073900133609,16.149933504673438,-0.7296598929815723,0.253392771805255
2024-09-19,1.8313302089844277,1.9884331260636245,1.7946261509543873,1.888963460659449,1.6370003850521593,1.6128959181143105,1.3591228775282937,1.2680639512946936,16.565789827194205,0.05063350691905285,1.4828095604213611
2024-09-20,1.7621261411448224,1.5822112256621745,1.7221288480717487,1.5665515843146836,-0.5931174860264069,-0.5932020778448338,1.3599269881564688,2.4781089729603294,16.909584819833892,-1.4115923502374614,-0.046026661350092084
2024-09-23,1.6837826894611705,1.5899510161785038,1.5403560760600479,1.3838426318438704,-0.4516331635509473,-0.45000723268382803,-1.6718538621134231,-0.3728768719290324,16.367351372667443,-0.5805297192464199,-0.4439060448659685
2024-09-24,1.2597585858949853,1.0738859600194592,0.9767424576436324,1.134515690507136,-0.9816363308867664,-0.9882471926232503,-0.17748287943035054,-0.4198838482437095,16.37992138582939,0.0830869413501457,-1.1735712922673824
2024-09-25,0.9653442504225093,1.2909701077360483,1.2399759396237255,1.1976733124303407,-0.13913574419009628,-0.13430472388780532,0.6817987058988676,0.3427900508473782,16.621497849155134,0.12324840862883549,0.3110006329227976
2024-09-26,1.2804318398292545,1.0983713161921207,0.9729328314925267,0.9730683011913687,-0.7024585091571768,-0.7071566532655634,-0.6373422063588668,-0.2957202270990207,16.482794387999217,0.7086453001367387,-1.0730338644010868
2024-09-27,0.8436252957303271,0.6039774068361001,0.9254072533654704,0.8057372307600271,-0.717008839326036,-0.7220640534333312,-1.2222630204096792,-1.387055368373247,16.05605012638752,-1.761657746644618,-0.6556426845122234
2024-09-30,0.573829031684551,0.7218025416904063,0.848974189607949,1.0032744786273944,0.14912218299112967,0.15608802103196726,0.8666453946553822,-0.642472062246751,16.36435406355055,-0.6204237335908332,-0.021556502773082943
2024-10-01,1.1475926681103117,1.237370814752503,1.1389821737255421,1.2079612064904166,-0.022467544084271922,-0.017429543633779992,0.3624015046266475,-0.12803190570281361,16.540699776742624,0.334154847607857,1.2060534818109676
2024-10-02,0.869338856971075,0.5117205928621757,1.0993206619967208,1.0003206639215594,-1.005706205281455,-1.0176275600089058,-1.5796196742663144,-1.6556834374119505,15.691105686368301,-1.3827680843965175,-1.184960413074573
2024-10-03,0.08655463363240039,1.4154862003494326,0.9675335356886918,2.0021923616232233,1.9178801448535485,1.910374245471949,1.694943878015796,-0.4393501980187166,16.26487646851484,1.018500860242507,1.660112520547291
2024-10-04,1.9631243384292125,2.3019380866666745,2.1650899686357254,2.300929378542104,1.8368611673778967,1.8295433219865749,0.45380555050705657,0.7734457469344046,16.46660239580332,0.9457969733490889,0.9088710081633303
2024-10-07,2.3112052513618395,1.9730499704514302,1.7738586985935265,0.958476766510836,-1.868935629929352,-1.8824595329057887,-0.5591481600154954,0.07048065901180257,16.301599924733395,1.493790697479202,-1.2699175324226655
2024-10-08,1.1758739629606254,0.9336513485403085,1.6206763936329918,1.4096739659946693,0.7119818055713633,0.7122309149456109,-0.9178221542814108,-1.0621542253773306,15.876966448147188,-1.1090087562122097,-0.06841723277804673
2024-10-09,1.287581071674825,0.8309206718055608,0.9257750729075512,0.9663890758299521,-0.6373357929489056,-0.6334609472196113,0.47326324379751755,-0.12131003958913113,16.069923900531684,0.14153795940686956,-1.2725992195902238
2024-10-10,0.5713066624255327,0.3417984529330139,0.8475794920810816,0.1940757827603731,-1.0665715203507304,-1.0675259396645338,-0.5011464064216538,-0.5363505201759712,15.86196405300941,-0.8647108673227067,-1.0190925432363718
2024-10-11,0.1944614267318688,0.2824921239463489,0.7097227220297052,0.6900249652027062,0.4836126794483989,0.48702755461302777,0.12360480662065708,-0.17141025659523318,15.965771751551213,-0.7639713453090533,0.15906626449947817
2024-10-14,0.9585440301182959,1.071743758379664,1.3750298412087973,0.598186814669899,-0.17857500758156808,-0.17262051183634394,-0.16289238461502245,-0.09944975678214515,15.925966274356016,-0.38679739322822215,-0.721843666042199
2024-10-15,0.39023155935298653,-0.1678162941464989,-0.0751853932974069,-0.11464399024832012,-0.6461388266120788,-0.643389749574591,0.3797211308646487,0.9485406361490755,16.07353762365068,-0.19905562101459276,0.0657871330555053
2024-10-16,-0.7511039988627305,-1.5818503944210671,-1.188466767941533,-1.8939075921536794,-1.1624708802967956,-1.166786830444641,0.2750236191329491,1.4708422206462732,16.237512994849617,-0.8423172337231553,-1.5835549424309416
2024-10-17,-0.9735134785004234,-1.2116008736908042,-1.4017017895263273,-1.5479390305744387,0.08738518494840342,0.09353956723193949,-1.0537765780072763,-0.010326906568595164,15.978971620074354,-0.2827802200074057,0.38548166778068405
2024-10-18,-1.2571674103559642,-1.104371988295366,-1.1516630204753031,-1.3403188793651297,0.2338947532274505,0.238506057659908,-0.3835403487064515,-0.15640772168754327,15.855990482922449,-0.4272843848981521,0.06013787333180753
2024-10-21,-1.71811854444963,-1.7190995050793092,-1.690741965809042,-1.2531780472355416,-0.07201794988119656,-0.0680234291851396,0.4219988043115665,0.5441339242667875,15.916212120308824,-0.5648583236811322,0.4971680905499031
2024-10-22,-1.5150359258421453,-0.6412300424626399,-0.9891690136710747,-0.13187640006989357,1.5788963291312648,1.5725419066305282,0.16637469531684027,0.6634160972467522,15.960798476103443,1.2018823851803206,1.7323265386976354
2024-10-23,-0.539800904879805,-0.2988449948679551,-1.7751779674508616,-2.038374246200829,-2.0990414094642498,-2.1122711106801337,2.372601899614038,2.4820028674945678,16.472155247856545,2.7444704992327473,-1.6364502006991606
2024-10-24,-1.8198467603689437,-1.898982722191269,-1.4584638995651946,-1.2201822961330226,0.7616999393116414,0.7588118020965928,-1.7547573414118134,-0.8483240186458774,15.787464462154757,-0.6614639542791232,0.7557936774887092
2024-10-25,-0.782135207595131,-0.3059691213865363,-0.17446383140581964,-0.45538974720195474,0.9568132393124729,0.9503770581743863,1.4280827644725291,0.8185367348424356,16.243661742129554,-0.2314463926712982,1.0887879413042234
2024-10-28,0.4841263967434037,0.28195948761241946,0.43977006829069837,0.3891442369025262,0.786658646216858,0.7831106351044045,-0.33893818122454517,0.36775606034454783,16.206573543754452,-0.2214726368977673,0.6211638255923808
2024-10-29,0.44203358086702926,1.7841889847710874,0.8309510492767016,2.132305741709929,1.5591877785537047,1.5392126115848388,0.30657763330557763,0.9527088964852137,16.381928144741753,1.3394231052981982,1.6378141528763892
2024-10-30,2.3790436110996636,1.950000005658403,2.1552778222921214,1.495131302455838,-0.34867373396491774,-0.3405321977589179,1.9048893729691043,2.454140349546716,17.106331197046142,-0.04926757344902079,-0.193221233271861
2024-10-31,0.5520724178471775,0.5734170694726478,-1.016870014667563,-0.944839310235076,-1.9467941568946923,-1.9597870482183442,-0.4367595666025576,1.373736849495424,17.105344293032275,2.0085555110975672,-1.5860324732314433
2024-11-01,-1.137490351473478,-1.06689513370341,-0.884198356937986,-0.8522653414696633,0.03447832472121267,0.04333033805885587,-1.2261869007701738,-0.5011731882665131,16.543572580166387,-0.36229843050786387,-0.39053437265548113
2024-11-04,-1.2427357170299018,-1.3592649876165062,-1.1817328597619912,-1.2113310881583332,-0.4418856844663348,-0.4313795616476776,-0.6994756705096912,-0.9692480936567649,16.305786185628275,-0.45240916337035175,-0.5809572271677887
2024-11-05,-0.8463657493624773,-0.7767014378363044,-0.19267910144380898,-0.1032928600184439,1.046741765530294,1.037661373741279,-0.5961441906282223,-1.1588571858887498,16.095379686012187,-0.9737739081045769,0.6144643024668821
2024-11-06,-1.028649864588146,-0.6926704680197537,-1.238569603858826,-0.22287972602058928,-0.12311323447125712,-0.11369380708229489,1.37495503468946,-0.07037973402061491,16.72270671087943,0.8291122703965577,-1.654348563627358
2024-11-07,0.0701617840838345,1.0283736365090606,0.6011385263477733,1.2829355444033703,1.4071252186056658,1.386138442500612,-0.7183131517776608,-0.6607783024930765,16.50020348950862,0.821574884783814,1.445025852111723
2024-11-08,1.0874192869241923,0.7444918115454368,1.2552007000454013,0.8981305002362454,-0.3257782325943557,-0.31560350726999087,-0.8433907885814729,-1.0871873701193797,16.057889172957573,-0.9090832723303196,-0.4269750846527142
2024-11-11,0.6302462573903715,0.18625240848817662,0.5170856194153663,0.34696416941855146,-0.532530728434281,-0.5245218525134129,0.0038971039295965363,-0.8641093583328504,16.13879013533368,-0.6126988093417967,-0.5332078136708996
2024-11-12,0.7122559553725522,1.1662645797197928,0.79034417670241,0.591142679929639,0.2057749775787579,0.21396615845368316,0.8904569019737663,-0.18289917479633527,16.6059208410912,0.7248910934662434,0.6219706555649036
2024-11-13,0.48776971383626505,0.16059367545432537,0.5473559365596057,0.2986991384547292,-0.320790653064225,-0.3125494914710785,-0.7476401072825086,-0.5383813839730713,16.19112313244933,-0.5968160897243918,-0.23832554880011037
2024-11-14,0.04996754268710362,-0.20759251660345301,0.23650968380055865,-0.06996530618292483,-0.45359428763210197,-0.4526590979395172,0.09822033833780579,0.0362510642554992,16.21827586197749,-0.9492095184252759,0.2547753337599363
2024-11-15,-0.5431806591061163,-0.9532231333713992,-1.6069207974507616,-1.860762896890834,-1.910892153964435,-1.9396442416711372,1.1583360445777453,1.9055118552963168,16.689803802103775,1.5026125369826684,-1.3708516892592506
2024-11-18,-1.6632501816649883,-1.7907445145227874,-1.512982668415383,-1.641395713284136,0.07836617234382161,0.08699879580401877,-0.6346914556712282,0.6696613211273793,16.479030578269505,-0.5392766425411128,0.04882957755654282
2024-11-19,-1.6669555768134765,-1.406112613357555,-1.2156887301750128,-0.9843412648349602,0.7474325830427522,0.749527125055798,-0.9064792011384603,-0.7929491075011098,16.069157580851343,-0.4636330200588186,0.7662712819728789
2024-11-20,-0.8571959179463824,-0.9608250609537625,-0.9384664610414324,-0.6061350461537248,0.4708113817498281,0.4760013695835707,0.10399735680703949,-0.3677909474582349,16.09761749754574,-0.11636386800791357,0.6016070265427508
2024-11-21,-0.3175241148609279,-0.5602265416261683,-1.0640738598147732,-0.6238261308013108,0.03902394910775496,0.04505916913901211,0.31922766108381817,0.22144711542665793,16.227371581365823,1.5614385404349482,-0.480260895860126
2024-11-22,-0.6027208653877817,-0.8319592309622142,-0.5349258032609957,-0.7649716400233485,-0.13090046988703344,-0.12329247432216534,-0.6577202589400917,-0.608647686278537,16.03079343167817,-0.7423226810342305,-0.527062738288388
2024-11-25,-0.5694785809444742,-0.055294847148903266,-0.2619613281006177,-0.12441581381157371,0.9209008640705393,0.911240662057983,1.097824526868447,0.805348537006148,16.425565718246286,0.4835318214464879,0.9293561796957812
2024-11-26,-0.04207119735342545,0.7607076642164861,0.7472128365494581,0.9134927571450143,1.0545566792912313,1.0421418128314888,-0.7255402546780119,-0.21092139363469467,16.153134652159615,-0.19922479988557534,1.0046748475189011
2024-11-27,1.1880334842171758,0.7159710939337702,0.9081170776368267,0.654887156156438,-0.3661259501854055,-0.35616908504074857,-0.9489985331859554,-1.296752570642481,15.789619500263287,-0.4982038550114533,-0.15411027338215347
2024-11-29,0.6100297418520361,1.31775226449206,1.5831040233774811,1.4641643310500034,0.5800048354801085,0.5777256870672363,-0.02865582067019751,-1.0463641412170939,15.779892056401568,-0.48583093873169114,0.4481801110753609
2024-12-02,1.5565171234372095,2.1964978145821448,1.918341191040368,2.3283271661989167,2.0954506072752457,2.0822167659206863,2.06917516138917,1.6167993936604044,16.343029678413043,1.27530427461407,2.2006541295618827
2024-12-03,2.231688989510407,2.3066023345290607,2.1924361666096965,2.3444722140824914,1.6812388920801282,1.6722207595268774,0.38793117092668145,1.9788519271187561,16.517354942759972,1.5761749959876448,1.8112231818585591
2024-12-04,2.2862321757388657,1.8010378002812069,2.0672317471083246,1.698126064898456,-0.5906424174157948,-0.5890717569474591,-0.3024033599922294,1.2972573047641451,16.503154017329916,-0.6209951089332014,-0.7822534212457067
2024-12-05,1.7839020660153675,1.4684562167383943,1.6122889528081878,1.1704646431306147,-0.9638992657895211,-0.969128678800944,-1.3175579790807215,-0.7835879742612311,15.905051058065515,-0.5822204077086878,-0.6846899307320329
2024-12-06,1.1565665664687914,1.4787691756559305,1.3508556553176578,1.435732570984884,0.8606781886855694,0.863671764877547,1.9250624441867523,1.4135406792752085,16.64492262749881,1.2166949945835515,0.8709908069296651
2024-12-09,1.4010463076903823,1.1084300114152936,1.0227363569892103,0.8345380916883962,-1.470873175171729,-1.4829543143008526,-0.8662596563734221,-0.199508047980813,16.251402105786234,0.8333842373043019,-1.153736632812201
2024-12-10,0.9367892264939481,0.887022052238503,1.113299421714374,0.9097988235119931,0.0018228662803962958,0.009646901232950091,-0.21787280196596664,-0.21682042152113695,16.20783589287357,-0.7267371067478706,0.23872764214457048
2024-12-11,0.9989858203276033,1.2066935364737377,1.2640871622404928,1.2684313870301698,0.6459140839235478,0.6502062296649961,-0.2011353936942404,-0.28054797244301555,16.198495310301645,0.020305072488020274,0.2782873893483839
2024-12-12,1.1437593412592908,0.986093318871682,1.3111909075318426,1.0490553757488825,-0.7702615823114404,-0.7675677566500895,-0.8173351482530145,-1.2461345139789684,15.827034676441002,-1.4467943860774248,-0.4603076015960427
2024-12-13,0.833202750400831,0.5969413668425514,0.6509883677022801,0.2953100497359897,-1.2571932567136175,-1.2650544277153184,0.059180633455603926,-1.0570945457797074,15.950067573936739,-0.49307645246352183,-1.3727519040427398
2024-12-16,1.0480686600835165,0.5667098456577121,0.7348716012113913,0.5827569258765923,0.09656272716435213,0.10451892453994577,0.5327828294966469,-0.23038297867395774,16.202951464723263,-0.6829046839201187,-0.10514804475172802
2024-12-17,0.6255098432009054,0.5790569369783473,0.39163551352375886,-0.11250673857984084,-0.6128131091644098,-0.6105792497789859,0.29836471425989736,0.5862891115421304,16.372567389684793,0.2300072131933747,-0.4125301311030312
2024-12-18,-0.21774527041581987,-0.39656654173155165,-1.8623961482555162,-2.071248769857164,-1.8016150869944663,-1.8214636088811265,0.5310762128460083,1.653660046862748,16.653155304132707,2.335671996975387,-0.6238819600125526
2024-12-19,-1.533045721718363,-2.3536458976186525,-1.6038886092450921,-1.7614164957099743,-0.03962397927257404,-0.031224016287844998,-0.5981031441211684,0.6153580520088162,16.520763583950558,-0.025720263062141317,-0.28059223598978295
2024-12-20,-2.4495880020418994,-2.1109017932732526,-1.9957990427150787,-1.7982568418969345,-0.67988086620135,-0.6757550643770976,2.7145888557729396,2.6890142272369393,17.707114526554907,1.0474389633243664,-1.9387362096994494
2024-12-23,-1.770343574174181,-1.673346430142815,-1.2800968059510054,-0.7593709755721127,1.4473496674937134,1.4336513600100325,-1.2275104405244208,-0.7043422442636115,16.138466842081645,-0.22431146223388973,1.3098103300843935
2024-12-24,-0.7824640724184205,-0.9725952364295514,-0.3911859689694793,-0.21002800912541064,0.7825611652351756,0.7836228181946855,-0.8167766284429344,-1.017315936281709,15.368611107639014,-1.1061896841540042,0.29318805460890685
2024-12-26,-0.4979320683381945,-0.8973827472322671,-0.2910393811287457,-0.33842162589176034,-0.15883260241511107,-0.15120302926112675,0.13721627661533067,-0.7888474007864279,15.620745655029559,-1.084712804440081,-0.24539213565912238
2024-12-27,-0.7170406012801821,-1.010642117416531,-0.7386776983539153,-0.4341915229589275,-0.06176709687454378,-0.054049536846490664,0.11379352613121503,-0.6064335621008576,15.905422221125294,-0.4799884605188453,0.6990825714296833
2024-12-30,-1.1606312610045562,-1.129126442829831,-0.8715741077674539,-0.9250899795702993,-0.5726959108374826,-0.5675739671712624,-0.4148225857088517,-0.6518758282213616,15.765114021187715,-0.529454813870152,-0.11521095326485746
2024-12-31,-0.7811260787389904,-1.140068777029116,-0.8796791999555591,-1.2583993455270888,-0.2080475547173154,-0.201299573674197,-0.3743572166531333,-0.6418849385277813,15.61051492348396,-0.6662232410493434,-0.1993478751673612
2025-01-02,-0.8521718246750122,-0.06438853148862386,-0.36668063939222023,0.3786671418122203,1.4041403489370505,1.395054993162229,0.9613882730220786,-0.04883439503719283,16.355717957387203,0.266772515849499,1.7641123238580052
2025-01-03,0.914520540586567,1.051036891900996,0.9090765946062592,0.9566622388190862,0.5007721214056696,0.5072422930011692,-0.3553020610594827,-0.04349502011530319,16.252346871944233,-0.10458942252575365,-0.2557821535110144
2025-01-06,1.7149113326736705,2.5084324601378243,1.7341864296335918,2.282582129278909,1.8328733525447065,1.8172030579844705,0.018325959340315407,0.2585899152406885,16.493843612955878,1.7611924690080432,1.7683008268074905
2025-01-07,2.270611578956547,1.80773321350625,1.610572785299875,1.0960821634776239,-1.2465747253988824,-1.2584961544797189,-0.34930576520475537,1.7839595143754121,16.30635794325409,1.5191806156402567,-0.9260278999602382
2025-01-08,0.7238422667387183,0.4898372892400385,0.8069996233188225,0.4443579296170447,-0.6926885002006834,-0.6942607550885471,-0.5320270162932687,0.9499488137126806,16.126639151104907,-0.12414891765476814,-1.0020640495736204
2025-01-10,0.40402601081095707,1.2295051812991882,0.1988960244212151,0.7566111091202832,0.35785465233975694,0.36843121805505274,1.485942147247002,2.0179082050713126,16.773364469009092,2.0103827015052196,1.0853174695967494
2025-01-13,0.16783594695764287,-0.2521307804493678,0.3351023844462466,0.15023739079182014,-0.6724909436936694,-0.6742499359820816,-1.1572440929952488,0.010367525128794892,16.193666930526764,-0.855622968399256,-1.0099804481020536
2025-01-14,-0.03026548735418319,-0.5319760154358165,-0.8001812654514222,-0.8457249679177589,-1.0651804204452884,-1.0772042890848081,0.2387955173560993,0.36043836293857506,16.425433354608767,-0.03723113966398063,-1.2776968899840448
2025-01-15,0.2239093914540884,0.536332830896399,1.0506133344509696,0.67188491933472,1.4314530931540563,1.4252830549500088,-0.052086424137703646,0.40874602614748773,16.55791716061561,-0.30368853155605274,0.7868690432939341
2025-01-16,0.19081098098683333,-0.1366922161018943,1.2292578888725674,0.03378269627327524,-0.5908840205497359,-0.5873406410260987,-1.1327784767446283,-1.5088753628308433,15.938406745694236,-1.4444985261320464,-0.520453280067103
2025-01-17,1.2966536595095854,0.5368987560007665,0.298726242769398,0.04936844692544267,-0.002651060339975308,0.007512882507825405,1.8023125532352433,0.49855594939722403,16.665095100827962,0.4153198995110889,-0.39916773736390043
2025-01-21,0.4368500269105926,0.06488917135408474,0.915378762067972,0.3284299849730191,0.1699951903760221,0.1812145846930652,-0.8098680009582577,-0.8943835287092695,16.272874790406313,-0.7063326683956375,-0.15730554960839366
2025-01-22,0.9207179390687692,1.3195508853192084,1.7945515047448943,1.363127141654665,0.6751373340121234,0.6838673178867551,-0.0668249817318275,-0.6177315970552706,16.32299384340421,-0.38667290212769934,0.5336119558150512
2025-01-23,1.6049945083569954,1.4752446552207008,1.5629216998100408,2.015208316462293,0.9724364420596349,0.9756655903551517,-0.5198295230015649,-0.9482680072650809,16.10907518864337,-0.13129239250728714,0.9903009370767342
2025-01-24,1.8721540765061615,1.9534451049393555,1.9098996741323706,1.9661007862029318,0.6350176472894081,0.6397670679715539,1.2468905241028199,0.821465084842459,16.763380539242537,0.09320138980422846,1.0445366751706637
2025-01-27,0.7481985969291669,1.9154568533075822,0.9990666936692855,1.8822843453551963,0.657657505215787,0.6614514635503512,0.6234176710273187,2.1926563851401792,17.161871568932856,2.488035728491418,1.6422240972632887
2025-01-28,2.3890901220138208,1.9699916949609546,2.1507630019458253,1.8164560819506403,0.651915085615362,0.6534242334708987,-0.8254156072997727,0.4747258398705089,16.857654025323185,0.414305950261269,0.35630152440925716
2025-01-29,1.9730431759199165,1.508031202609403,1.8518394359533135,1.5287764812658076,-0.7423096601283372,-0.7407444292950989,-0.23855242251630457,0.33517718010844044,16.87786360513766,-0.4255940953546964,-0.14167726177788606
2025-01-30,1.975791070956854,1.8604469306392968,1.6960890490496725,1.4832369354347563,0.4659264455454241,0.46776394326407683,0.3844093731418351,1.0643886885424132,17.193879372789446,1.3032235904401812,0.11497168951631706
2025-01-31,1.3935738267392548,1.3493914022793896,1.5570759430210326,1.2636607816433743,-1.140507400008984,-1.1416314885086913,-1.0142673413285062,-0.6368039592832868,16.7772568452436,-0.3279191287325834,-0.18299245258819688
2025-02-03,0.7344880076729781,1.0737950222384922,0.9987102322540524,1.2782346724135618,-0.14717610661126163,-0.14398546092245598,0.05714517672020661,-0.3430097936350504,16.879634902560767,0.6243023983998646,0.6583579489729259
2025-02-04,1.3014050181125156,1.007014630380137,1.2998658919794417,1.2836617521663978,-0.5592083644115842,-0.5566085527737409,-1.0580874471262462,-1.317706118625595,16.442083205827544,-0.8049811342352501,-1.2168524707007091
2025-02-05,1.104470145730595,1.1502953085440453,1.2815357254589135,1.152062444634,-1.4612690382384057,-1.4645531870502178,0.4342044367980288,-0.8334090207960144,16.693483601828518,-0.5491240629831002,-1.5252664345577065
2025-02-06,0.995033890622527,1.0519448782769767,1.2231063221302376,1.2840866107828777,-0.16598370181455457,-0.16282014033784276,-0.855892921435285,-1.361656541951108,16.38664849582943,-0.9209599628823307,-0.5177837697328254
2025-02-07,1.1716876485527774,1.18542299972912,1.2823853613914615,1.2619906170433302,-0.8760446314773138,-0.8765564561245803,0.7081093557247736,-0.7748869929994902,16.614443028918632,-1.0318138098504157,0.18805376627844173
2025-02-10,1.3007086055697237,0.9019775097015359,1.2598896901046428,1.2712464761661484,-0.654974614671989,-0.6549895124851227,-0.6239025696291635,-0.9721368116436808,16.37307122461557,-1.2879124619402906,-1.43572184697067
2025-02-11,0.8652729847950587,0.91783385797347,1.0174996439584558,1.2103964014215072,-0.6614499938547085,-0.6613101618213572,0.07335093905863137,-0.7005559783127722,16.38030613437134,-0.6781844827687488,-0.5058492210604145
2025-02-12,0.8486203950553571,1.277848337084349,1.0145040256087448,1.4042604710771454,0.15686622996184524,0.15906860407297532,-0.19797136685035274,-0.604517497058551,16.301791346524322,-0.5466573063434235,0.522381379746485
2025-02-13,1.0661139430492867,1.1974280658238061,1.1694217789727746,1.386439882103486,-0.4107188870940657,-0.40968337958091344,0.42948693661305654,0.08379361618175217,16.34675205851794,-0.9458563813884405,-1.400967134170742
2025-02-14,1.135909454095884,1.8392324090201264,1.3739065225761495,1.7032754979626628,1.1427903768569314,1.1420781426832907,1.3697122998708842,1.7827238886745924,16.642895242457055,-0.1581170594013441,0.703396410330516
2025-02-18,1.9131462695122128,1.2740158703426834,-0.2669202573485894,-0.15771079293401158,-2.7107551187722585,-2.714981215462163,1.032787723244185,2.3766178342816526,16.903762804130572,2.521460148815732,-2.435009451350464
2025-02-19,-1.1714720738995528,-1.839883773399047,-1.5792926739783912,-1.3829849667121537,-1.4036917775492863,-1.3987142822082665,-1.061182768683935,0.9069446443597345,16.67973801257683,-0.5991505471342448,-1.2968919670583323
2025-02-20,-1.6179854931895843,-1.5852618358427517,-1.5703345570288378,-1.8405026741874935,-0.8618779310109262,-0.8554923136686616,-1.142926960842728,-0.20215730331338666,16.348206951032644,-0.4170948886110382,-0.42712342674884185
2025-02-21,-1.443358794352631,-1.4111922160626005,-1.905865875452712,-1.9079218611420465,-0.9258979914174122,-0.9222728030481485,0.8662521166374424,0.39002368567531087,16.56664585484021,1.0918570881721763,0.2634269927202413
2025-02-24,-1.652267975265476,-1.841583142337913,-2.0988612376591367,-1.9121582415048028,-1.1291784153300055,-1.1306617429760597,-0.07147931805322005,0.3266759117315202,16.56770529183838,1.3646987707406686,-0.871122826289452
2025-02-25,-1.9485776843736748,-1.9493659900252855,-2.0219317371078587,-1.7129270965789682,-0.5274506195385781,-0.5237944125304519,1.0943295208341985,1.1308019310186355,16.839815759596025,1.33312500786131,-0.33182427897580286
2025-02-26,-1.641415382819775,-1.056091474369644,-1.1316129218760176,-0.909239560742285,1.8132375679296706,1.8005862495340395,-1.3378608682873356,-0.5792704458902159,16.488879662245115,0.8871991051064795,1.7601647693352014
2025-02-27,-0.601723713106828,-0.6732876174342803,-0.9370499284220316,-1.1837223119676588,-0.7856364439330592,-0.7891805796536582,-0.6694060875132234,-1.2176157965931942,16.341239282272525,1.345065126347518,-0.04522651630287854
2025-02-28,-1.2559360074291896,-1.175443796006572,-1.1984124798968843,-0.6786032464593656,1.2864363944862447,1.2884274517090355,1.1922645908454315,-0.041210067379268626,16.67966387450742,0.7543529959245516,0.32452729323522705
2025-03-03,-0.5172385575227688,-0.5729339256339466,-0.7799149314525351,-1.0855255252868932,-0.47220170575914316,-0.4714921330446227,-1.2826907504660876,-1.4527915668343083,16.199104138270375,0.9596516941816479,0.3460411773115391
2025-03-04,-1.6107678826914014,-1.877511558595393,-1.588823469712511,-1.563741925789396,-0.7070909493870223,-0.7117651611614098,2.166643948852733,1.5698306929654993,16.88334025888066,0.5365576646235998,-0.44056833868053913
2025-03-05,-1.4848210535408404,-1.1131848919114702,-0.8317683204445775,-0.5785356219293866,1.608369869510883,1.6043249450704071,-0.9329744087904771,-0.4688139197233095,16.438002943326477,-0.3972100029294576,1.2862420653008524
2025-03-06,-0.9473040425141026,-1.3327870798815242,-1.3309698809199377,-1.9201486008300503,-1.443432498925697,-1.4658368478070556,-0.23169936022539123,-0.5993845930585755,16.414229481468695,0.4293314174009941,-1.5023623067749088
2025-03-07,-1.7309686616415982,-1.7750838732319263,-2.040963709248576,-1.6465692905083622,0.21279030118780712,0.2235547226090007,1.064277094028607,1.2726629515917858,16.87776536757098,2.221675367904411,-0.3133065279915272
2025-03-10,-1.9118038467512433,-2.041061190017341,-1.9156260770213185,-2.078880358082147,-1.3080802755776382,-1.3223424341217664,-0.1833855405194931,1.0317762349683337,16.906548511312465,-0.5445442747123119,-0.8680277519910965
2025-03-11,-1.7612681252667557,-1.4178308397744614,-1.294650753055095,-1.3575868141740142,0.7816077544090702,0.7847707011222989,-0.5902909300618877,0.14229230224837877,16.672067024832018,-0.9419090459491026,1.3275314650096135
2025-03-12,-0.39584198266740467,-0.6031048507055599,-0.5411861312971797,-0.6667762419215466,1.173535331362726,1.1661575507884814,-0.39561123753138083,-0.3267397914811843,16.572160492406702,-0.5174331117238148,1.297518518789752
2025-03-13,-0.6041855019514782,-0.9231908391092599,-1.2289915403003584,-1.454762408355103,-1.260730822119263,-1.2697869426072654,-0.11845134868207112,-0.3395922029848496,16.61767634684191,1.780459519658977,-1.5516222623040372
2025-03-14,-1.0773418290337378,-1.1380507145107834,-0.6953331095100374,-0.6397318750325495,1.2642386918979627,1.2534965039969472,-0.6513577896274443,-1.092699693904936,16.33034010228023,-1.7852570946666253,0.6431812732862084
2025-03-17,-0.7748511319170368,-0.8595950878122187,-0.4034448335104686,-0.6092136523217089,0.09846558900445132,0.11180013056830596,0.37636847038991944,-0.5757268542313801,16.554665356242456,-1.2852093214971787,-0.33869129480063576
2025-03-18,-0.9722147935601128,-1.249916317742947,-1.3732584919740856,-1.3708622818374092,-0.9037536768834846,-0.9011367093463882,0.98041851881754,0.9369004019862913,16.826018186367083,0.3955314286294333,-1.0267321206393034
2025-03-19,-1.477491839703579,-1.463678293167633,-1.283986634820488,-1.2581737572610425,0.4780450816618191,0.48760496919674323,-0.21414032499482707,0.626614167302025,16.837763090019077,-0.7835794231025877,0.024519748710964507
2025-03-20,-1.4191173275575675,-0.2591180159040384,-0.8884550231697278,-0.9594653146831256,0.3577310970916367,0.366447891574613,0.3837801230758147,1.0762363185881336,17.007487880054317,0.9890647308927629,0.5960396638009763
2025-03-21,-1.1352174162899358,-1.0652337343169958,-0.6120137783617472,-0.08754579478652837,0.7696092698565452,0.7685950657802522,-0.01669528385676256,1.1338175823512169,17.035022220644763,-0.8129678259208649,1.0064534024209912
2025-03-24,0.807245077643984,0.9254714285154556,1.6383127183325643,1.4149825379751313,1.2412986736672647,1.2204797117244932,-1.6187027737221718,-0.9838161370130456,16.571798453192123,-1.4173113432933746,0.9734218417876754
2025-03-25,1.2236032283044356,1.4584086094443105,1.6905312924381728,1.5358972755373992,0.30208701429990953,0.31009850763087443,-0.1713185622235279,-0.8978562600375799,16.54418011157534,-0.9664927915041778,0.5512131444715825
