Date,open_std,high_std,low_std,close_std,daily_return_std,log_return_std,volume_change_std,relative_volume_std,log_volume,high_low_range_std,excess_return_std
2023-01-18,1.8306398507007535,1.490207638530852,1.6450234711764893,1.2069747214754736,-1.3764246159584086,-1.376121401439479,-0.7146717830840814,0.0,19.901430376364598,-0.7656253399373559,0.0
2023-01-19,1.0171371782790588,0.7348224603592489,0.9465307064152765,0.5298763752014131,-1.4983088988555666,-1.5105979730159163,0.011748210160479423,0.0,19.93125256401218,-0.9958081732462761,0.0
2023-01-20,0.8275359778591219,1.1736894468322594,0.8641618300666116,1.346223151391728,1.2995607461121914,1.27612602919199,0.757840517713912,0.0,20.152277882095323,0.7455601677320596,0.0
2023-01-23,1.629660937181584,1.994233786809045,1.640530536467937,2.044649977259772,1.3952546953908167,1.369137386187584,0.348257128562933,0.0,20.300394619128436,1.6204693754309103,0.0
2023-01-24,1.8272429503534644,1.661778339410479,1.9395195747070169,1.6234851346475347,-0.5142193706265789,-0.5028575762831794,-1.0426125025036184,0.0,20.022497692470402,-0.5928860286299159,0.0
2023-01-25,1.5221720414842288,1.2744539765838259,1.3701788259513625,1.3478864501836867,-0.4856337543351024,-0.4745980333761305,-0.5472087452469806,0.0,19.923728724394742,-0.30923703956974263,0.0
2023-01-26,1.7073300015237038,1.5647554821536358,1.5528660461535888,1.4196751163762746,0.07731453321758,0.09249585194254732,0.1351820265661409,0.0,20.008966520953656,-0.21678075422021792,0.0
2023-01-27,1.2404416180430002,1.534798137525955,1.3924606053676607,1.4908814183715153,0.19168394977312717,0.20619122089696693,0.5792006822435681,0.0,20.11103851955431,0.9162135392118612,0.0
2023-01-30,1.3638940312540448,0.9666272227821581,0.9857338628564805,0.411599466856654,-1.6783629983780681,-1.7140853349905554,-0.7595181630099158,-0.800553226925637,20.007077231884427,0.16162919945374252,0.0
2023-01-31,0.5493706023385077,0.4556846420544548,0.6458007903578956,0.588258701982438,0.21324445590770408,0.2304201301894147,0.07628419726485866,-0.5182473551006347,20.026144772960436,-0.578302640729987,-0.11153233458335346
2023-02-01,0.8464584070663553,1.4038016585435489,1.0491390651859407,1.4526857996891873,1.177653652361707,1.1583120305648473,1.5940465973912907,1.1737037385812543,20.308472860729943,1.5371415005439923,1.3034976437856163
2023-02-02,1.6730431486137398,1.7429317693812882,1.7125629669087352,1.8560914230724617,0.24137756978336755,0.25427660568672833,-1.002484491865223,-0.23934947531243725,20.151054053238255,0.27018568103302976,0.061615741739778386
2023-02-03,1.538693264646926,1.4055190319882855,1.6337828575669229,1.1429224488220324,-1.110994561253247,-1.1098869485120444,-1.2319584163013442,-1.4229036890672868,19.877820262351534,-0.5297725203164756,-0.9448547892752814
2023-02-06,1.1537113251989182,1.010645449368554,1.3932994341921878,0.9252263479145211,-0.2941362881480147,-0.27771746408349723,0.42918645529015165,-0.8459411750786272,19.929628485764923,-0.8932786215643276,-0.07616424350428623
2023-02-07,1.4671858054160634,1.3740162385741053,1.4196563676361336,1.5863974533010994,0.9606700787293038,0.9510120297914538,1.9397997576258557,1.7150217858007173,20.31401858704847,0.038589567903993954,0.9256425089412228
2023-02-08,1.8952156529746464,1.5926971739512568,1.7670886051919308,1.3027376020865566,-0.3462945261204894,-0.32809791076538036,-0.8990644100968557,0.11988937414717683,20.14282393491584,-0.904142710265019,0.0147173219858529
2023-02-09,1.5744545848612779,1.3660602084875928,1.4480323081177604,1.1520904692495506,-0.17931237441836514,-0.16164196827763452,-0.4064157893285837,-0.39783376794986847,20.07676557496884,-0.7576624351452261,0.08777758458326361
2023-02-10,0.6436682432152971,0.396720766319653,0.18819738919721668,0.10462700657460619,-1.2639103276358907,-1.2772605425686683,0.1344996859901131,-0.02181299800953784,20.12676794100777,0.7386445866689471,-1.5717945710114212
2023-02-13,0.38319947361031803,0.2193115135194152,0.18160229523377808,0.4480078016394356,0.3111932638637389,0.324475849511751,-0.690045679633369,-0.9084091203182979,19.97865482324748,0.06783213537260734,0.08823094010239012
2023-02-14,0.25434615883951495,1.38112476004117,0.47138273796782904,1.826420795865561,0.9836881130330595,0.9779269010615987,1.4085525556649896,1.1028169500003555,20.33092522609681,1.5548971502924953,1.188543649532919
2023-02-15,1.3578321763259917,0.9174888559026108,1.4112227630883374,1.2380233252810136,-0.5375702848284651,-0.5258798172386483,-1.3365616632967385,-1.282668893009636,19.857133382947197,-1.1928894607210243,-0.6754261363146179
2023-02-16,0.5798286269421717,0.26792716394750327,0.9059122850126355,0.04934972071885044,-1.0350432441429622,-1.0416361769963711,-0.07547167449275505,-1.0193606821874397,19.8365970145458,-1.2618871451551055,-0.7820303395603045
2023-02-17,-0.34591952853656277,-1.2283610888894563,-0.7969677372894061,-0.9782607898571147,-0.8727652572244322,-0.8733941025209038,0.36391525887586984,-0.5077293941187295,19.95945582200163,-0.6343365590392408,-0.9171739562797814
2023-02-21,-1.5757854872256498,-1.628615175371715,-1.3487974141584365,-1.8463405218316125,-0.9102198588313335,-0.9146356070811849,-0.5322577445834855,-1.0171413697420104,19.831704304798187,-0.2718561632524065,-0.49304009357199857
2023-02-22,-1.6864840092952358,-1.7062335183084865,-1.3816353847898892,-1.3360534499900216,0.35239036587204753,0.3668078256684744,1.1144962776627185,0.5845294243417913,20.05614501523929,-0.7331129836907998,0.2903613780173644
2023-02-23,1.9132457750568754,1.7838081732214692,1.9156890488944418,1.7330271791470764,2.3697795302432056,2.325864289186739,2.4397146047517153,2.6507108345887915,20.834802740291863,-0.45270863542536316,2.3918476539822575
2023-02-24,1.4301777130169977,1.1715727391520214,1.5212159845325588,1.1551899327495792,-0.3811102530086604,-0.37420736440007096,-1.2045117769445475,-0.002444775151071607,20.19515162473861,-1.172895603526108,-0.26172032747163443
2023-02-27,1.469544936795867,1.2836014513001088,1.5476851800414073,1.0962486866543621,-0.03790964389868571,-0.0158968991616123,-0.6146315456162896,-0.5628395297560559,19.931389440534016,-1.18469253161634,-0.16037982967473494
2023-02-28,0.9661570319807368,1.0016156734295325,1.0681175162648573,0.6994818208730533,-0.36874037596088943,-0.3639092580645464,-0.14811157231305963,-0.5216723628001569,19.93792222602889,-0.5501821608443302,-0.4259572143192409
2023-03-01,0.6520966564322727,0.42992832232942796,0.35048960441004895,0.2709587502003643,-0.43204770040837387,-0.4373506005857997,-0.05786766077853919,-0.32190935571449975,19.94679356976304,0.26253089358081044,-0.4690629073149732
2023-03-02,0.002050695660105417,0.49092491772383406,0.25172813334726757,0.7470766602124046,0.4538254031894748,0.49242964262735034,-0.47902577005504365,-0.6496835618249627,19.780156173529654,1.255114173512346,0.25584091146942467
2023-03-03,0.653138095282597,0.8217265971339501,0.744835233479842,1.018739796270959,0.3031586019876334,0.33566456423784946,-0.015333330447510398,-0.5279640917719034,19.83748733857606,0.08092481934639509,-0.04027678926885954
2023-03-06,0.959375567662685,0.9372641006890537,0.8674840760461361,0.5961494745149861,-0.4989032973638336,-0.5045858078813334,0.0044417868028664926,-0.3708893422204493,19.89642496716399,0.020522645025582893,-0.5815413381238317
2023-03-07,0.5595936327561642,0.6877431621089743,0.5093910338941591,0.19706545402832992,-0.5048575136624935,-0.512641920546814,0.20436459792980213,-0.07453488071571018,20.059976444995094,0.8561911774617286,-0.2053197850614833
2023-03-08,0.3240927404253338,1.1173863279688583,0.9209459214391915,1.7863864752389427,0.4532453721418397,0.4868397668318101,-0.15263782703539044,-0.06543940220917904,20.056902740811854,0.18745587861948912,0.45989690996545285
2023-03-09,1.6165679689025612,1.4546667164024807,0.6926400787000099,0.005947087311822114,-1.2688169128077373,-1.2839425809613725,0.17979389200251011,1.5297597699125707,20.032629503569808,1.5726311379808693,-0.8155312968327508
2023-03-10,-0.10919323210486662,-0.6740561365550604,-0.9296794910694312,-1.0289776016737981,-0.7891265676557877,-0.7898858468871313,-0.328004718900997,1.3001583583647436,19.97854321904244,0.6800150896929437,-0.4213041664420168
2023-03-13,-1.247154960065918,-1.239551164706703,-1.5248889727095727,-0.861901978158511,0.08714712182936013,0.09831985687605087,-1.1631793124654835,0.20803845168688703,19.860255176884827,1.2829249145454518,0.024207332697745908
2023-03-14,0.23573413101300283,0.7847445017002885,0.963592312045943,1.2740040739796763,1.5580647258327107,1.5437100223274565,1.1491545430171697,1.0253284685406183,19.97863587246796,-0.960860147991637,1.3716214780786058
2023-03-15,0.6446898466846538,0.7742933484554781,0.5999160173297691,1.3449287975744895,-0.0007191750758775744,0.01114280827891243,0.8111201792598408,1.4276275902176883,20.077929295263313,0.28897334026298904,0.3173837379717235
2023-03-16,1.0751007636754688,2.323735916548637,1.4759388281342214,2.2584171878233374,1.4867880632967438,1.4725802906925494,0.7428717111422617,1.6563018419431952,20.18413161415905,2.572732641187302,1.3756903837738144
2023-03-17,2.517120466888967,2.1576918864391677,2.46388750842066,1.7698092313245593,-0.0212443103151721,-0.008205326087997658,2.337974816213138,2.489441334144915,20.55903603415097,-0.9987843398375014,0.3707516660223718
2023-03-20,1.5673049882629861,1.362594722815521,1.438840453143578,1.4787187115831775,-0.10917881044945534,-0.0970279324774287,-2.1502839267599008,-1.178807652487183,19.88566382189837,-0.44413867089042053,-0.7987747151761145
2023-03-21,1.5757472813751736,1.3421370639459298,1.3203215829327066,1.3637719052131736,-0.023250691024443326,-0.01103394847784249,0.9114262587360487,-0.23219368438154359,20.12070497083232,-0.1007315667052615,-0.7152623613781925
2023-03-22,1.380835259304827,1.7056441030416172,1.5456896903851913,1.258484841461507,0.03426293502597841,0.045949507451591744,1.3260894163658423,1.2794082353394558,20.496735307542117,0.7282767583719014,0.9423823335445588
2023-03-23,1.4513956152909,1.291949206771528,1.4406534212833675,1.399596256580623,0.5456354116347014,0.5548025804684115,-1.1469139231816303,-0.5135840747150454,20.152139811403156,-0.8826272964789912,0.6486282875333301
2023-03-24,1.1314103554358461,0.8907603763437196,1.0067495357541396,0.9477568409525929,-1.4415491865623684,-1.4637847129264057,-0.7596070591387837,-1.1362097226185655,19.935632139478706,-0.7455991379802214,-1.8576360183371357
2023-03-27,0.8584477583738996,0.6456790132104318,0.8803697874382744,0.6484508931184054,-1.0755098999744512,-1.0849994059334942,-0.7509883937209494,-1.4609340462450946,19.704460538634233,-1.03713794445234,-1.1624196472675747
2023-03-28,0.42953499266341566,0.06794152703348343,0.32441897595003577,0.38070462531075167,-0.7144199707482679,-0.7175694855690301,-0.10463306099256159,-1.1919307345159613,19.690733383792864,-0.8452755959053068,-0.6026517712419375
2023-03-29,0.6306074860921932,0.5443090166462182,0.916771262342075,1.135237547347423,0.5350341122743385,0.5449815003890313,0.2696412181047416,-0.7724207021605587,19.7910845183074,-1.1264276238978743,-0.0011189481629636734
2023-03-30,1.2465208397839302,1.0587497142503068,1.5587001257578192,1.5373557572740573,0.5769671016561707,0.5798114891354625,-0.23698268960273836,-0.6976138786909933,19.71408100694056,-1.428579878827703,0.2810006628608408
2023-03-31,0.8870002656694007,1.319989024825717,1.2426821099048482,1.7655930414841814,0.48625622219607173,0.4895102213464176,0.7570106886957162,0.2053785446134268,19.888400704571506,-0.2657593806647919,-0.20387799103613505
2023-04-03,1.5295945548420973,1.4038722630127223,1.3869400268800505,1.6579154954899684,-0.07475542500127237,-0.06853635673938745,-0.4099687278870826,-0.10240195538524899,19.80375994447831,-0.40698624079446344,-0.026403783117860357
2023-04-04,1.9654338114567662,1.2151707673973227,1.217892286502276,0.6510576810054454,-1.4657514452239608,-1.4737627480428084,-0.2594739417689343,-0.15868399098012903,19.725200901933597,-0.18109540910243774,-0.9688843433407911
2023-04-05,-0.6286946066281578,-0.7335478759320444,-0.6441450637945657,-0.49561535413845215,-1.2845338752716773,-1.2919517459198648,2.044624745666024,2.19101309252824,20.059706586359134,-0.29272978086905,-1.1616075270377304
2023-04-06,-1.0148157495161623,-0.477217887867303,-0.5163386447204732,-0.1615487143280971,0.4121680062249744,0.41770897462011486,-1.060613611705883,0.8454021361236939,19.80109284092877,0.21509415961388234,0.6212546898964549
2023-04-10,-0.43123376313716644,0.5154279408991096,-0.09562123052330895,0.7330230216140061,1.0962423363024805,1.0910850705035384,-0.036331123453275056,0.7613126438589608,19.79510240517617,2.0798183660374727,1.7308387434498038
2023-04-11,1.234798933945583,0.6964001310776117,0.6929985077269439,-0.20531640302608845,-1.0794535848927216,-1.0789517275662792,-1.0959561683566852,-0.42226385047811404,19.566106644697168,0.03824735366143218,-1.2006962965270107
2023-04-12,0.38141476643896133,-0.18072910402422832,-1.0633216384288564,-1.7478374267195202,-1.3885243305201944,-1.3949273577728525,1.6361560297414024,1.177020359109714,19.91641006116283,1.820238249336602,-1.363154177838894
2023-04-13,-1.0033008174427762,-1.5385731719309774,-1.215529006256861,-1.489878113921973,0.0370612916017941,0.04449317582971731,-0.9151376202854409,-0.2831438268627734,19.68371931147044,-0.6831792019376794,-0.7330698298055077
2023-04-14,-1.2195886827856242,-1.254956461130626,-1.1858380346344455,-0.7625424075474964,0.8213973250857397,0.8222882440272946,0.3591446637664271,0.2070004675328082,19.79606581709164,-0.29290381459016285,1.2716107288220717
2023-04-17,-0.9303545021243087,-0.8061870798436634,-0.5569144878993361,-0.16371304199820216,0.7530269669010053,0.7547914767871795,-0.748712981307186,-0.8973831042993663,19.588417898506894,-0.8070225194996636,0.6767531248127965
2023-04-18,0.8777958292097038,1.5329786590069294,1.6045592821152728,1.4596635594231604,1.4366001636971175,1.426192651100038,2.1471877618895023,2.1905093550250525,20.22042822555601,0.13548706193174015,1.5382604896478407
2023-04-19,0.7978571405215144,1.3006120770061231,1.3677757287213226,1.6857556067046024,0.45407314636813767,0.45848642550813495,-1.1659201779793613,-0.68022628692357,19.69788542527271,0.20340737110130966,0.5536814087962286
2023-04-20,1.1921250234927079,1.1027650693383095,0.6629760576979158,-0.03379986154359236,-1.6628192823103276,-1.6725650128146057,0.4044531840463774,0.34338872618722616,19.87396297021001,1.4620153001792473,-1.378990808567242
2023-04-21,-0.3724852000856246,-0.6511221191878482,-0.07841123872215422,-0.019908622989062052,0.005392388185169583,0.013620581571237444,-0.6126332027608059,-0.5878067216458828,19.659353484060556,-1.422171215384881,-0.0058509890542776605
2023-04-24,-0.28758623031075353,-0.22009604582830664,-0.20548308729947895,-0.07158518273172909,-0.05921293086902943,-0.05142918602935824,-0.147787999061999,-0.5282956146988476,19.642342180896758,-0.11332986012796425,-0.07411285682151435
2023-04-25,-0.0002539400648135385,-0.36097166521511487,-1.0670483477061694,-1.4026123180532677,-1.4008918008990197,-1.4070086132165152,0.11839774131401384,-0.19354977514306868,19.751797965153436,1.3697752480486516,-0.7269620081173879
2023-04-26,-0.10101771465819437,-0.15650278053416208,0.038599962473854096,-0.1444303125054505,1.3090707942000535,1.2948106575749867,0.1036706091965403,0.2683042634889196,19.822693424987726,-0.4802372193198854,1.6267672171030358
2023-04-27,0.6728105730864495,0.0684908488214895,-0.24403273560579536,0.26307000145525905,0.3590335589127884,0.3641560341296133,-0.35575603592452654,-0.1935145401610052,19.748182712604258,0.6855722755521396,-0.7553620097600876
2023-04-28,0.15117441329831208,0.5215174474362885,0.7506350980110373,1.125253754155575,0.7683252594377294,0.7661248594644409,-0.6829080751922614,-1.0422529430667191,19.49300381621963,-0.36796270229550143,0.4722146293508661
2023-05-01,1.7569426263582402,2.273420783135151,1.8962857399310722,2.115157228521592,1.4861418725473052,1.4646252475153199,1.8229610942419803,1.5790043148979764,20.1617239470169,1.8250799169355392,1.6999951883772138
2023-05-02,2.3708283959467953,1.5218973097549322,1.9033922473168934,1.003197781338306,-1.0835489023725506,-1.0867647140713637,-0.8045204156968023,0.30699094681037264,19.813776922674236,-0.4043297896895416,-0.7531110181829126
2023-05-03,0.6821617475575925,0.7340356246262987,0.7549101581722654,0.4876702047400956,-0.5764119579310779,-0.5710723373043823,-0.273450403267984,-0.07822986937011431,19.764555483462704,0.21533060876330268,-0.4203971726353818
2023-05-04,0.34121071773633965,0.013407913021168148,0.3104789915156054,0.10820368364345773,-0.46223030348951033,-0.4557987842102217,-0.489913916371962,-0.7267240871062868,19.589596159569936,-0.7604796379815673,-0.2602061312076991
2023-05-05,0.5219852485696994,1.0853184397790128,0.9452602636169222,1.274559646287555,1.3405487019006428,1.3307560923424262,0.2252487582028146,-0.19226177197567484,19.705756004681277,0.7532678311462164,0.8227459484204817
2023-05-08,1.4416459156978558,1.3798885984458764,1.5002873387752487,1.4258715271755509,0.33222658140566247,0.3417707054188228,-0.25112877680010437,-0.47809880326251564,19.658994106476516,-0.12447401466565501,0.4163475289654162
2023-05-09,1.6000308550886233,0.8686759426153976,1.3986058320973804,0.6630107216096814,-1.1754876505466627,-1.1810754538934656,-0.3111945287798185,-0.7650414067213942,19.567667240450792,-1.3927467377215148,-1.149071003107194
2023-05-10,1.4365750330764144,0.903448048156524,1.1737749459554248,0.9263489117638343,0.1614127285031772,0.171849616764927,0.40086398420060576,0.15068212670106607,19.72725526464648,-0.81808390460651,0.07538378637439866
2023-05-11,1.040988596175966,0.5022816862830832,0.7042399262412008,0.3060999121935848,-0.6506440582658394,-0.6474572500409478,-0.43288181851295515,-0.4566525617726915,19.590524732504228,-0.47016722354305257,-0.7805892362738571
2023-05-12,0.3052462410990704,-0.027473106905891543,0.1433354580010939,-0.2577594196281835,-0.4457923798291199,-0.44081161233766575,-0.5211323124876575,-1.1673535417326897,19.429448558926914,-0.32730047982018706,-0.5546922786876682
2023-05-15,0.1473083044115991,0.4688141599455577,0.31025063254709245,0.9511150189036671,1.0159537308019155,1.020896436974031,0.8846207110108856,-0.39148479048592527,19.498838596342967,0.3538179271588412,1.2806736470930975
2023-05-16,0.774131664540007,1.8668816443014984,1.502387689899256,1.174598946147273,0.27713186957185093,0.28629278497837446,2.381155129585683,2.5077199323993824,19.92343504582448,1.3121299844728689,0.8515083856790836
2023-05-17,1.69339303598642,1.7813618164967269,1.9213949945574742,2.0295465934883037,1.227517276852822,1.223366815499899,-0.31652791001003,1.5828000090606962,19.88517380822941,-0.21407419691869561,1.0407118609418606
2023-05-18,2.1690654498198367,2.4752892189825726,2.261852460727321,2.448894106336437,1.5525265169989144,1.5360937373947734,2.0892524866758992,2.450923827314518,20.433882319190477,2.2035139427889607,1.7242714313606349
2023-05-19,2.294592701606562,1.6301579760313303,2.020972435433261,1.5280865279864149,-0.9861005080098456,-0.9908943208916928,-1.3176969001014198,0.2667557013704443,19.97652377010401,-0.7905865933907523,-1.071049599473213
2023-05-22,1.301041660028555,1.2498578824802729,1.3806554227701784,1.1715174683440512,-0.43697674614901205,-0.4319734508570916,-0.7820037935580331,-0.4885160691799619,19.734404414925592,-0.09356962351696732,-0.48095290844560606
2023-05-23,1.122917353238588,0.8687722726834144,1.0810705736165098,0.6372098520722811,-1.0549637050163843,-1.065049729638614,-0.29115191107442684,-0.6424302759144728,19.691151713371305,-0.8239040991685788,-0.6651206877342952
2023-05-24,0.3294910681069913,0.20954159646882256,0.26667805619681817,0.3964989059604073,-0.4830015582111849,-0.4801291451380578,1.9265103361429168,1.2380901093851469,20.39673066514978,-0.2436372343286737,-0.23092222657421527
2023-05-25,2.6481549542543776,2.661293878332508,2.5776149589341824,2.602472497917621,2.736294886243682,2.714034447581589,1.6046533421338973,2.2754281268136385,21.157584645048264,2.50303461605616,2.7782460624333303
2023-05-26,1.7376005156958316,1.8016048635951794,1.964948712504363,1.9735371839617013,-0.11994253942080128,-0.09713140430135109,-1.3038765362297884,-0.3666241496132843,20.38694938958942,0.4187986502874784,-0.2783803083156885
2023-05-30,1.7798994873328127,1.8004363952966436,1.879748093511343,1.6860649847091613,-0.07230393817769083,-0.045511237634737314,0.06950085525916201,-0.1111896265278564,20.64357415207383,0.6698895029313314,-0.052978102396901774
2023-05-31,1.2219594413196952,1.1584817910785825,1.0912877200028213,0.9272028750569771,-1.0501688036146948,-1.1349686973433972,-0.21021859384612418,-0.11537026808724052,20.725842515457288,1.2475901135965959,-1.0073056438483472
2023-06-01,0.8173956352576527,0.9065907885151211,0.995892688372426,1.1335147796997591,0.2504665505161277,0.29878140599924174,-0.8955553463630216,-0.9554771264438986,20.270509417402636,0.0977906356541028,0.1572929574007703
2023-06-02,0.9705295307580288,0.8197110174232993,0.9585285493028737,0.8416737281484048,-0.4329182973391425,-0.43668798477360976,-0.5471687365766928,-1.03315344171765,19.99497012272423,-0.24133516069417307,-0.6100971826850919
2023-06-05,0.5531101536808065,0.4804958315859778,0.7089622855340659,0.6487258403565843,-0.35883134537887174,-0.3547390547030788,-0.4848089616731636,-1.0444986471803306,19.797162117312094,-1.0322465384521962,-0.3240794747230792
2023-06-06,0.3883426519469388,0.24392560751007267,0.42189327138449545,0.37605833683367973,-0.4560450858248305,-0.4624033017455747,-0.24013163954008662,-0.9576932125026281,19.778393003278506,-0.7921761905658684,-0.4773971788573573
2023-06-07,0.24828271091860296,0.15502074544842154,0.007977204870481727,-0.18264179214415477,-0.6393634893394581,-0.6674431586092794,0.29487850753217787,-0.6829468398948131,20.053831278699285,0.6844321848241264,-0.580446881734277
2023-06-08,-1.3496937263639432,-1.0964621134369235,-0.6278938639209449,-0.31025585323200544,0.016673592486342443,0.05334694161437434,-0.45260762964393,-0.6852948362339161,19.85044638952278,-0.5671396084680373,-0.006527268438403369
2023-06-09,0.047643121575116486,-0.18116116457484918,0.33418645263492514,-0.10420082131046685,0.1305065893746141,0.14401783216281172,0.38126816775606265,-0.39673303172689967,19.873972322231776,-0.8407065673782123,0.22939721211171712
2023-06-12,0.0923886356331538,-0.4376283194574661,0.27860439916414687,0.6915366684395079,0.5202469011552726,0.5276769355297116,-0.24729683922409598,-0.35505577628296997,19.77832097106997,-1.0590652086931711,0.3628546933347685
2023-06-13,1.5159350067555886,1.9154756747968245,1.8788433791821053,2.0059339381688472,1.1061832122390225,1.0962981053281264,2.086223835222181,1.3765739483060582,20.234214752822016,-0.23925496103643096,1.1510039103634426
2023-06-14,1.7662253849194278,2.405050860288183,1.9705051331953798,2.2737428168094147,1.2437888782303381,1.2344079111620996,0.7056993803600086,2.2749928018314582,20.422788926544346,1.7456299627709362,1.4481192704592458
2023-06-15,2.185209786759537,1.8239677398530738,2.1427369915372445,1.5590390933806217,-0.605949164683645,-0.6009630258905592,-0.9225667660226964,1.0118814467223958,20.15872644971435,-0.6234256981514692,-0.8958072119275128
2023-06-16,1.9116749915558948,1.5766767023057109,1.7642829090639283,1.2576821784057854,-0.30956012649090253,-0.3002701821244609,0.3718925753676181,1.1440245103663327,20.30122765245395,-0.6815337782806912,-0.04246269955175261
2023-06-20,1.3061511951296458,1.3420446021359294,1.374927852076423,1.3961674414741354,0.5908052249489603,0.5962698991594889,-1.2997875766776679,-0.14694246754103288,19.927317088272275,-0.3223536858566817,0.8999021404082004
2023-06-21,1.2384058904978095,0.951682512956737,0.8925262054548427,0.8700956209572774,-1.1310568423984868,-1.133404652151369,0.5545718019005027,0.21898922647939686,20.128339144405242,0.031428200454248004,-0.8864542454644949
2023-06-22,0.5193897192659827,0.6986895697433587,0.799195994978052,0.716051738119512,-0.6871116659193054,-0.6834392506536269,-0.9135376854780797,-0.6325825903786814,19.850362608259054,-0.46821623558953435,-0.7335576740480927
2023-06-23,0.47737634679076063,0.2326215824604535,0.5448223494632728,0.1430045890922452,-1.2379412229244853,-1.2502981086417568,-0.5760584251739576,-1.0836262299666597,19.696434532165092,-1.1013733675019501,-0.8818202270814832
2023-06-26,0.3238849711720731,0.02863778192876428,-0.8341903377918901,-1.1335761044618835,-1.5504071061942455,-1.5742078623307205,1.689045034818371,0.32293046476397125,20.20293181967522,1.9806145293408561,-1.4503248175253305
2023-06-27,-1.1691509877993043,-1.1667138779677924,-0.9062637810369775,-0.5309182419228379,0.8615577710993279,0.8644155513127676,-0.8199334158699695,-0.7882203064918296,19.951454167366467,0.029757809456361344,0.5308851172563602
2023-06-28,-1.4322080379061346,-1.6575458767425701,-1.0138866746093975,-1.3354100913869127,-0.700887060818958,-0.6994563227865056,0.7184510357620674,0.1925307125145079,20.183078343263098,-0.23039673692299212,-0.7213713135594951
2023-06-29,-0.721223182670653,-1.5234199906116346,-0.9423027771268226,-1.29183837386155,-0.10557469114543949,-0.09675460399401761,-0.9939485904772946,-1.0584806651491168,19.757033530909677,-0.6171264343838808,-0.32009471336100853
2023-06-30,-0.501108199029376,-0.32553998374833576,0.0182016542390672,0.14264642170134664,1.506810015793074,1.4946430103129764,0.8426651205476544,0.33100767423893024,20.03241202660149,-0.5497233314794229,1.2339845881888811
2023-07-03,0.46985335673918377,0.1955123254352012,0.8208404817014573,0.2787314079324789,0.12316572425799743,0.13427264548961065,-1.4558013226590087,-2.0548366528772255,19.1048325925525,-1.087937574959764,0.14300351826124066
2023-07-05,0.1547714294533962,0.7556344652166439,0.821005061143096,0.39852861287538516,0.042656081990386285,0.0530403101513858,1.357554965113213,-0.5319585963517229,19.595074368919146,-0.37294984399131065,0.25303481754913887
2023-07-06,0.010255594133527116,-0.5616747346935902,0.04982456230928969,0.28632213608174223,-0.1388688234234538,-0.12967214966039223,-0.20484953499763714,-0.42489527949650363,19.53116231648457,-0.6564206972297595,0.3529793367581254
2023-07-07,0.705309180117697,1.251359813702105,1.076118151589234,0.959824310105144,0.4691120933264627,0.47784318154798594,0.25527702396762186,0.2263979234845559,19.690106966082755,-0.3243724764835428,0.7884452114238479
2023-07-10,1.1342922117780574,0.5469520714033407,0.4884965741926126,0.5049139908802186,-0.35778544235394766,-0.3499839872597329,-0.20918922310576799,0.12172560361561689,19.684547553141513,-0.15700386026759028,-0.5019087897770332
2023-07-11,0.877498543452532,0.45569348327943415,0.8561901933148667,0.6943311160189533,0.0537956592903218,0.06178166260945996,-0.43327873389713967,-0.1334832401199035,19.513422504741687,-1.3335963421099248,-0.24402065893362823
2023-07-12,1.3892243529967268,1.7900893705284138,1.5008330401749757,2.0459997805689603,1.6899738656883423,1.684473439259156,1.337512762442191,1.8277182138488042,19.991953547966414,0.577400871062373,1.689130544491376
2023-07-13,2.399010949894271,2.4551468809253407,2.3285154367043117,2.4005157273298945,1.7546069202727037,1.7451470607889188,-0.15695649287146857,1.623320942484486,19.985547979745633,2.098172034991512,1.8043732645103163
2023-07-14,2.416263562793577,2.2956894705620194,2.0101625945930905,1.5952947637414474,-1.058815564368797,-1.0682741349943226,1.1538979225429367,2.2171334166750323,20.46459225482455,2.5929019554506763,-1.1172346187747597
2023-07-17,1.63978506816938,1.1611734996445184,1.6116041625516235,1.6564881432592684,0.6317100510100478,0.6412791362712953,-1.0011970749358234,0.5623621897146852,20.05087769088532,-0.1199721886825014,0.6205668098755707
2023-07-18,1.437258587301832,1.4291067352440832,1.4710609014744407,1.6436511537643133,0.5460669489669207,0.5545097706697905,-0.12311394366034692,0.48174858068997506,20.159679177274796,1.0069644128558617,0.3600144099243853
2023-07-19,1.4154630016459657,1.1231975312108176,1.5520544663287041,1.160958958175171,-0.9751550493643444,-0.9804305595307802,-0.97842605800674,-0.5202556136974656,19.87346952703189,-0.5782294005462201,-1.1310058257750122
2023-07-20,0.8005446341857091,0.660721580967927,0.5384518281965329,0.31000494442477067,-1.7021596698327877,-1.726319844490325,0.4786503010010586,-0.11415754572816587,20.10311815912919,0.7035256661356328,-1.5557290584443286
2023-07-21,0.31291702283026634,-0.012238105650120828,-0.11785320532107003,-0.41904433639045946,-1.17164792291139,-1.1803168761811378,1.595690224056214,1.479257557069286,20.686362198341367,0.28335648292165744,-1.2583988324267463
2023-07-24,-0.40819083721428995,-0.5720832915331238,-0.3590589560011736,-0.458260208124377,0.034743905836317944,0.04643751237418331,-1.5312352215240337,-1.379305435636465,19.762281043035642,-0.7447130602382355,0.0058261395366145325
2023-07-25,-0.5374825216749621,-0.21240181548180823,0.09721444655930832,0.0249226399246406,0.6019014976753404,0.6075752436687041,-0.43807952544180967,-1.4345259708591498,19.667945772148247,-0.6223625560297126,0.7088600087984297
2023-07-26,0.06959200979078539,-0.6220345991631671,-0.4672432153253385,-0.3544492019288397,-0.34663195346622677,-0.3372776415725102,-0.017640394638840144,-1.0913201762842455,19.71331531537465,-0.38778074042946875,-0.30138870010989055
2023-07-27,0.44202452703197476,0.5927551297281559,0.7643090950903977,0.1032478571191664,0.4844324894411594,0.48972419123824473,0.40393031946913716,-0.5836139297646028,19.93795073670772,-0.07636920273726082,0.9351577772619196
2023-07-28,0.6084248789124544,0.3689937182555296,1.2419214393164162,0.8008765618956429,0.7520728407632182,0.7507929469260973,-0.6718890386395747,-0.8575239976623983,19.618214867388634,-1.6953172568747221,0.4110593210389847
2023-07-31,0.6401125286090741,0.40964465413275325,1.1387813793307675,0.7409184322715745,-0.061180550300962144,-0.0521049462036359,-0.6286084957007315,-0.99642521338903,19.341182600581178,-1.414218940059206,-0.07086753528297354
2023-08-01,0.32754800469098044,0.29519548963742837,0.6117859981018658,0.7053191657435294,-0.1548040893399454,-0.14635878460469048,-0.09473758019228326,-0.790489273205021,19.287184419124806,-0.7895785091306174,0.021947732899318485
2023-08-02,-0.26851478322094646,-0.8274906082272946,-1.5902748465941987,-1.3870125688821702,-1.8143716851687328,-1.8318415587639678,2.039807936694648,0.8365772000485601,20.088655455039664,1.8444283123745084,-1.568232696149451
2023-08-03,-2.005163526392471,-1.3951582880687152,-1.0130032542983243,-0.9590016488502439,0.3541720652772938,0.3587666935638499,-0.8140600355519727,-0.17678909120523953,19.596797139232812,0.059526257819256884,0.5363283815246537
2023-08-04,-0.6843191299851868,-0.7158195067085615,-0.5280028446319932,-0.8673900619977033,0.13758158523290048,0.14418858530888357,0.23833520674737563,1.184717298176816,19.708992861232428,0.000888961152335182,0.44072138455650617
2023-08-07,-0.6167876484074485,-0.9530068019049927,-0.437420085798784,-0.19100722496547232,0.7206842718071746,0.7137445160857733,-0.35164532295162687,0.6058873704364186,19.590540253152074,-0.4738383237482777,0.307675148328229
2023-08-08,-0.8665695212600061,-1.1180888983715613,-0.7938556272828483,-0.8682558497417041,-0.7516662324365292,-0.7387172351975322,0.06784598491338269,0.837351289643613,19.684363872722837,-0.06797109248669794,-0.8101777910473665
2023-08-09,-1.1739703330052407,-1.6440271392425005,-1.784871389504664,-1.9908137322171846,-1.7024349813743627,-1.708682578981783,1.0783520400051365,2.100387981759188,20.189596267460306,1.492935140105311,-1.8768561798850796
2023-08-10,-2.03416923461159,-1.7648792832772813,-1.509260099147187,-1.5710447751692789,0.16131463573440175,0.17007659813141088,-0.4986536638104919,1.0380267581521034,20.015421177655494,0.7470871884250199,0.11356086249314566
2023-08-11,-1.7114081592796726,-2.045419648611474,-1.6941575866990821,-1.8365343293329133,-1.0013189793784785,-0.9965606737819278,-0.08568612773364954,0.9350730313618747,20.094191445962927,0.115927031384597,-1.2836314534190247
2023-08-14,-1.8135928732506672,-0.715615879105998,-1.5296326417503074,-0.12646530026190556,2.185395689285783,2.146122869617463,0.2545293061469345,1.3208673331476033,20.352616563879486,2.2851199159600406,2.2458223878380825
2023-08-15,0.44948141593293134,0.5250743209084331,0.5343585716893372,0.17200238015267505,0.26524022175946627,0.28272810159618794,-0.43238464071946847,0.6795615832712646,20.332460745255165,-0.29291007176776795,0.5699314201012646
2023-08-16,0.5418941735530348,0.13822279037226873,0.3365991034351483,-0.10224759698209805,-0.28040616389901374,-0.2705548045627554,-0.8703523500320242,-0.3989278007012752,20.08356652990051,-0.49545473785465644,-0.1324139945532328
2023-08-17,0.18841345105211543,-0.31468492775409024,0.12937075616950403,-0.12373251618133224,-0.03302520102753313,-0.019093522749160412,-0.7689684293480079,-1.1834227871062264,19.9300662521894,-0.696070133124335,0.12713531277401338
2023-08-18,-0.5091775373264252,-0.5972667894324841,-0.6039545774526499,-0.05630540629002818,0.05142388693100172,0.06644944746872294,0.7837471574254034,-0.3958379825783242,20.18501420330277,0.327538372206026,-0.021824415000409294
2023-08-21,0.7478165353836944,2.020528178559953,1.2382238150308222,2.161653198571232,1.9107797094256715,1.8890987004686297,0.299908010509959,-0.04365694433530303,20.355924207076328,1.049435165446911,1.8592617897267825
2023-08-22,2.111070466321596,1.9634437865903935,1.6973280531221935,1.2014575338181885,-0.715181767564932,-0.720226194044309,-0.057760675835581234,-0.06828273625786829,20.442616312724127,0.801375116595823,-0.7775959557711946
2023-08-23,0.9097214053846889,1.150037811991661,1.2811370258385437,1.5394206144958644,0.5223436427710957,0.5421632692355856,-0.0652439642718342,0.08571251123962954,20.47358065343944,-0.14858398292100794,0.2527348452713191
2023-08-24,1.9245697499059522,1.8549003576907295,1.705635455770848,1.2458504957529757,-0.26304522973694366,-0.2505601774396083,1.7641495746081994,1.779742894256353,20.868269669621004,0.8343850078249855,0.027679478885442112
2023-08-25,0.657367330634473,0.7203501738573728,0.5703759026073035,0.5649130297733623,-0.9661362880200951,-0.9828688236478641,-1.1899404652737973,0.001672885612381748,20.645672877271814,0.4980127407924639,-1.2912734261707242
2023-08-28,0.3094432081454278,0.22616013384746836,0.34735688436777235,0.8630218102709466,0.32286428660205185,0.34195630295471097,-1.1654812048173058,-1.196553798632091,20.34520965038229,-0.09965930471208581,0.09994298371711755
2023-08-29,0.30155012905013096,1.0056363207966632,1.085998679525871,1.532444414866392,0.8961858516191112,0.9104949451606559,-0.019818630994070274,-0.9092765558107664,20.368584619926963,0.5173628881274689,0.5771086111557924
2023-08-30,1.1110156314038349,1.1323848031543753,1.6927292056153884,1.4268952396473222,-0.09601777710554467,-0.08261361385202384,-0.0313994483697848,-0.7647150485925155,20.415661291377226,-1.3470943716512598,-0.1506777352430917
2023-08-31,1.028558244858143,0.8898297637089175,1.5206088344861748,1.2571646195855444,-0.3537558348730057,-0.3454099879649119,-1.323581399193622,-1.6592314977758942,20.08568580672682,-2.058034758880096,-0.23259346471661307
2023-09-01,1.0893666673245415,0.9173559589778,1.045031504871196,0.7122366353648584,-0.8492777487010661,-0.8570877077570104,-0.5298329300143759,-1.4965604093482578,19.955028665902848,-0.8266676588121465,-0.8810968155536353
2023-09-05,0.09537590842987662,0.056480038296433145,0.717492131362482,0.6152938888950861,-0.12040999078492556,-0.11056882270233968,-0.6115739710008569,-1.375051592555451,19.762639133865527,-1.2970772854117762,0.18588025112390683
2023-09-06,0.22087953007962519,-0.22888620037834345,-0.18847872513685845,-0.6915244496121343,-1.4542529931323842,-1.470544864156758,1.033738994794527,-0.7843438033291665,19.965409456150713,0.01141619191995994,-1.282893665542985
2023-09-07,-1.6157274074694636,-1.8062241892366986,-1.1411034155345885,-1.2271726763885464,-0.7264518741230405,-0.7262071049502875,-0.17639843285042298,-0.6784781067504961,19.887010122716223,-0.7948964309355595,-0.6479967431568803
2023-09-08,-1.128416312441906,-1.2972691553904367,-0.8903845169267857,-1.4342680361181874,-0.5110581918332872,-0.5076524875811058,0.9914296883800762,-0.02303832689581187,19.97475181530943,-0.4716714883671405,-0.5921778693732018
2023-09-11,-0.897170092197816,-1.3403672149052601,-1.373227624601094,-1.5202126229898218,-0.3351532033655796,-0.3291709175546746,0.3376209495571378,0.6584094506285857,19.976646149238686,0.5602807937778246,-0.7236738005557201
2023-09-12,-1.4810697511255337,-1.4236205984043644,-1.1891219397779706,-1.4032953990430277,-0.13758563429194726,-0.1302560645829835,-1.306145802913421,-0.4006306750085722,19.671315738487728,-0.568248726777459,0.2330959022590287
2023-09-13,-1.2974152474263125,-1.0332938538433962,-1.0226294233488817,-0.8618904926371306,1.5089430908535963,1.498842224817718,1.0606072369514215,0.7517371667227541,19.802854127998277,0.24907482994930677,1.4730325666337338
2023-09-14,-0.48290263406866724,-0.8253611892783269,-0.5332464104516208,-0.6524618655249582,0.7640212317494903,0.7654655291416226,-0.1070676214559517,1.0632917829623514,19.729275694108207,-1.0874333741768036,0.09491892485943772
2023-09-15,-0.6487755738632027,-0.8886396636851265,-1.1486374121723202,-1.4419794434042679,-1.6655275550799116,-1.6787768805312977,1.8401968230234091,2.2056409717976804,20.043688174627263,1.1267788059815806,-1.1654988110050946
2023-09-18,-1.8050209686751801,-1.5692372941972825,-1.8617321342197017,-1.200965485983303,0.7162760245581467,0.7171081503858094,-0.19096950114556235,1.5576077161318898,20.030660511556434,1.8299889609961824,0.7301388336484521
2023-09-19,-0.9792958259917308,-1.5324813668125954,-1.1164624043180458,-1.4618554983127086,0.040692296407568516,0.04749788176207445,-1.3516254076950527,-0.02920326673613303,19.737260547339563,-1.0058524928153556,0.13894200942482224
2023-09-20,-1.0817441328077257,-1.5142081925061879,-1.470478408561091,-1.9807226259107122,-1.2526530666075846,-1.255515511169894,-0.03813072578092719,-0.1000702392496662,19.721166643380737,0.6300168031645066,-0.9721020127588847
2023-09-21,-1.8995244080626563,-2.071969851830293,-1.7848331888945868,-2.021317755707048,-1.0718106573476878,-1.0726538103708698,1.044577874827019,0.8915591416278673,19.926392362438406,-0.5519941579916277,-0.3131299685451751
2023-09-22,-1.4751161898088274,-1.579049016863958,-1.3009705046017908,-1.2993330413414657,1.3021249212189356,1.292265996531998,0.22708921921525335,1.0652790145257884,19.987703729239094,-0.9769649267789582,1.68684920514164
2023-09-25,-1.2074444361433783,-1.0679531732011478,-1.0821195361919003,-0.755164981312953,1.0947125732584517,1.0881288342166107,-0.6504630668579383,0.2061085944066663,19.85359864046243,0.14126980496852265,1.0038194340633833
2023-09-26,-0.7828252799168195,-0.721128255962894,-0.6213677732972215,-0.7740967505078548,-0.038009045547082634,-0.0290747967464191,-0.379052451784159,-0.3293499341383892,19.81266389567554,-0.3549292283570362,0.6831807298074516
2023-09-27,-0.4559447740996531,-0.5390024855795634,-0.49268519177518927,-0.2735639073882472,1.0291919738868711,1.0242287024759256,0.4571354081254031,0.2199259297255752,19.91343876429342,-0.15518675800348466,1.0736376021822451
2023-09-28,-0.20074958271492435,0.07857357300129718,0.15191866998897027,0.4977845373316269,0.9823854133498839,0.9781088555628793,-0.41206745997261407,-0.3994456644456305,19.866806473522885,-0.12059699936900305,0.6511355104581499
2023-09-29,1.3858976159660183,1.1203381169943607,1.7928335264751152,1.0028525865034443,0.5874483080653515,0.5888462101696734,-0.3614574375302888,-0.5937326903800529,19.801535338835528,-1.1245582479308354,0.7515939505233603
2023-10-02,1.3070510274900613,1.878037311704273,1.776367354927388,1.950872142000886,1.3744458209377914,1.3580371956658144,0.7056818024216455,0.6230476138507184,19.886936273267693,0.2774199798681222,1.5861647731583692
2023-10-03,1.709637951742859,1.499424074275352,1.0945106251337513,0.8015179115342492,-1.297253875239211,-1.300214482435799,0.5589197293779885,1.1677483513650826,19.970050132044165,1.7892122290813204,-1.2498710649228029
2023-10-04,0.791126602042636,0.6035450891245377,0.9722889458799585,1.0447334382927351,0.3941008235389592,0.3982479584808085,-1.7914380805030732,-1.903359709096729,19.706660175122575,-1.2001105364885356,-0.2748037921523767
2023-10-05,0.8590807329542972,1.0395471104939202,1.2432217201452263,1.3430835201288567,0.3793689767291053,0.38143235730360053,0.8394988492742865,-0.7116139405685321,19.790548425396867,-0.6555640570038034,0.5050790231992003
2023-10-06,0.8087450702093063,1.4832078372633692,1.128121873177787,1.7501571313078348,0.8752086449799612,0.867561198278059,0.9213260521170963,0.7815312715897056,19.88955919838024,1.2874823148942476,0.21066410585953402
2023-10-09,1.1956453389636208,1.1061611232225157,1.2311132030550125,1.1086737799300845,-1.0204315887112592,-1.0148303261290887,-0.5491139760608195,0.013214618038711202,19.83087472283752,-0.17894495184397252,-1.7433485356645564
2023-10-10,1.4016441288065051,1.4073396104591267,1.5720140584708526,1.312453692832434,0.1530732585204031,0.15891039044779212,-0.8544257004744743,-1.102763147231097,19.72517377129694,-0.3925236121448621,-0.047574744749553116
2023-10-11,1.8286571424583173,1.6460103175619154,1.9589082604290802,1.7331567746781977,0.7036802908533281,0.700252050208075,0.33412376319361037,-0.48497852467239394,19.750767124427554,-1.179114979127668,0.7213737362704009
2023-10-12,1.9255900092560951,1.8347405495725102,1.7679409015915837,1.4847735076129016,-0.33483424687505614,-0.32532049236573285,1.8012028487861467,1.83159111844591,19.99205327765727,0.016521094494135642,0.11693809689543429
2023-10-13,1.580863060927226,1.1513720666154719,0.6746279692850334,0.13985995971413231,-1.6911089936125074,-1.7004440447420013,-0.3004660694065523,1.1593526350672045,19.97696046837579,1.2166685292654793,-1.7174137382140044
2023-10-16,-0.11673271430826053,0.24453199037417522,0.24672433023188545,0.5926424153924464,0.5453040420246292,0.5470676892552566,-1.3382195436941902,-0.7847587253582939,19.74270055175878,-0.030907193997305956,0.15039508407094387
2023-10-17,-0.9423048136657718,-1.0577877393941324,-1.7414495924150057,-1.4950892014855932,-2.0271667055380997,-2.041273110615076,2.640228571481727,2.6471710564615365,20.515420913811727,2.082327863981478,-2.1127436711945466
2023-10-18,-1.7560610838570379,-2.0178188119149234,-1.8049210290414952,-2.19470889591906,-1.3455361836177067,-1.3479776252603966,-0.8278782897324942,0.7447964196577278,20.256925889813846,0.13976820820876523,-0.9476583167879641
2023-10-19,-1.3623766655542267,-1.5777128205688906,-1.421090951113242,-1.6913656811145452,0.13180291222405602,0.1424678424890679,-0.6699647914372115,-0.3212517509287914,20.03258162279303,0.08421497868856079,0.5777308775508457
2023-10-20,-1.546136785525843,-1.584319010139766,-1.479308176685515,-1.563327391222791,-0.30492719064533147,-0.29422479238826815,-0.26153510367151467,-0.5016504842706426,19.983584547509405,0.16142805939540125,0.1674673689803961
2023-10-23,-1.4693605497359423,-0.9654667454374697,-1.238170857321995,-0.6645040029147778,1.5367884821246274,1.5136146790552485,-0.154804957632676,-0.5317010958715428,19.986229464906472,1.7508335666346109,1.6828685108904815
2023-10-24,-0.47331514271890934,-0.5989701504201604,-0.3154650125517457,-0.24128055014295044,0.7176276590785589,0.7213849536019883,-0.5320438830291225,-1.0384691584465313,19.810625935174578,-0.9267533949022725,0.42165981536730074
2023-10-25,-0.19673577620769378,-0.4837207585094406,-0.7029611349426887,-0.9676938893115447,-1.1052459209874277,-1.1131770627603632,-0.155613737853888,-0.9829786752722511,19.80291437395225,1.0636815918969178,-0.877000219157905
2023-10-26,-0.8411562478821281,-1.0988343681541457,-1.3958435197398538,-1.4688144816926236,-0.6785293419516467,-0.6769454959065142,0.6914678174098252,-0.04962176496109648,20.108931687086308,1.4433929454792804,-0.523515892459953
2023-10-27,-1.2653614264990551,-1.597107145501737,-1.175361301091817,-1.1459059401184661,0.5221881750175912,0.5328401238238996,-0.6330728700175791,-0.7105880621946374,19.848078662349998,-0.805675917253516,0.6079441316306381
2023-10-30,-1.1933715469991526,-1.1442468685737222,-0.8246059043584079,-0.6820931383347314,0.9138161283412672,0.9171192957821849,-0.29888214700118887,-0.8319162567710056,19.77658806250937,-0.6850674551662559,0.41220046233426105
2023-10-31,-1.525604015779925,-1.6604556152014265,-1.6198252713405137,-0.8414160606872921,-0.07995463026111316,-0.067903729759605,1.6808611205972448,0.7390245253158279,20.06542595480371,0.2146219668414284,-0.6021469240928823
2023-11-01,-0.8891011582997087,-0.10479652433587221,0.006261657597022826,0.5761977747700856,1.3453435326687926,1.330542249542233,-0.6631772309823868,0.2731931770384528,19.89679981488564,-0.23452834587249133,1.1652980427542041
2023-11-02,1.3868306869467866,1.2635426852629639,1.6447624252551294,1.359930702256945,0.8374847552819629,0.83626464091374,-0.3073493711800185,0.0028661129253162317,19.829646165947068,-1.2044943381218969,0.2958849374823722
2023-11-03,1.5400810496410098,1.8075024688373857,1.703779624126452,1.7925906962524532,0.8714337428372906,0.8648418833978025,0.1673110485179887,0.41707297664012977,19.866681660889153,-0.2087128829927411,0.8664613780462787
2023-11-06,1.7736789381401208,1.6792378958254792,1.7612171281050588,1.7024460805461672,0.3583662200661023,0.36546163825380934,-0.27591137787497627,0.11841884200275324,19.808805930587955,-1.028665592707601,0.6062825459107071
2023-11-07,1.5790799784797058,1.466342539778413,1.5242389229357542,1.478516341583965,-0.03679489939160292,-0.024125846717587638,-0.7292384941014945,-0.9681245583156987,19.653721941939697,-0.9944662697490195,-0.0399208652609951
2023-11-08,1.4277808480693739,1.4183564476522377,1.4578286775917977,1.3675808554134627,0.10784999141785441,0.11646749372364364,0.04110181119435747,-0.8534593198365945,19.66402521446068,-1.084521137506128,0.3731646919548805
2023-11-09,1.537936255732235,1.522703091139229,1.3886472933245764,1.2344509588029318,-0.5010396721009739,-0.4965457272814662,2.209789469881968,2.2297004209528986,20.107997796311263,0.2575395309233969,0.46619770062185983
2023-11-10,1.241588334936895,1.3044951346716647,1.2769889895317525,1.4396354587991105,0.7860723437095037,0.786316691757895,-1.008524091626147,0.2914844212281442,19.85872517249812,-0.5549024150054346,0.24178948254560428
2023-11-13,1.255659348749795,1.258931058769482,1.2712389416171037,1.2791963836880866,-0.7238664664464272,-0.7203043933550866,-0.450826871891223,-0.41469956895191556,19.766507217119702,-0.9044879718187643,-0.3612231838687595
2023-11-14,1.4802595834462764,1.3555886739352931,1.430459696963253,1.4830509923596131,0.11191801437099498,0.11724893960859856,0.40767004399983214,0.40136581078016725,19.848486464326033,-1.3498445000114228,-1.243709779997595
2023-11-15,1.4299011392527556,1.257363695540984,0.9851102379749842,1.010590863855771,-2.034137435481663,-2.0499319935907274,0.5308092560007973,1.1533577934375152,19.979871132884615,1.5735492011240229,-2.250217712265906
2023-11-16,0.7207914962521057,0.9114920581800723,0.9037694079205189,1.1687920430348238,-0.06614313043110222,-0.059745543151787976,-1.224549145846805,-0.9150805845183055,19.64373827382703,-0.15256365855475892,0.19643548582420006
2023-11-17,1.0049170004540893,0.8658507834079401,1.1383382715130477,0.8981045206738337,-1.0169954261003795,-1.0153648942773543,-0.16348725502216702,-0.8769177563813418,19.599966313748467,-1.3733498311968841,-1.0124959444482964
2023-11-20,0.7297361928210097,1.2100653791043328,1.0751159352214146,1.3610105696838908,0.9632568668160526,0.9606857597658959,0.9751907422615991,0.43632099634489835,19.841666347276945,0.551315906011564,0.8948531879899588
2023-11-21,1.1165182021975546,1.0832275676874257,0.9972148298935123,0.9057866181960774,-1.2219017790495665,-1.2239635300079748,1.0872287918815027,1.7136135799504186,20.1536575415359,0.28813420031116305,-1.0681673564639982
2023-11-22,0.8192504635324236,0.879351706289057,-0.6928940431294852,-0.3227026952657274,-1.6558849890624077,-1.6691562491723266,1.4743896128983238,2.383644225546555,20.61726067021239,2.3531736270964547,-1.952600132982431
2023-11-24,-0.7819652612767534,-1.111078591315246,-0.9102407389670664,-1.6822530482295475,-1.1087866240611477,-1.1124332894976987,-1.9025361818730302,-1.1921381753842353,19.50128180321254,-0.22387442541275496,-1.1153422783920655
2023-11-27,-1.7211931151347213,-1.7084646675757682,-1.1942592775229968,-1.0696110906790937,0.5829523640908899,0.5873641315253234,0.7465083997634088,-0.49084806513851026,19.796070871923924,-0.6796958689174366,0.9876764699791144
2023-11-28,-1.1478757128440462,-1.6287718404657514,-1.2544020864140355,-1.3460654222187074,-0.4259579453397227,-0.42051850759589116,-0.1842888487105252,-0.4557921961058164,19.81069567765034,-0.6843761870303079,-0.3375161981348722
2023-11-29,-0.7973435389727798,-0.8990448240523603,-0.5588774192277276,-0.8106747586485561,0.6331782531798429,0.6378637377682993,-0.3204969664557589,-0.5061592276367488,19.760944258108193,-0.6402661262671502,0.7845221072738476
2023-11-30,-1.0118413573679894,-1.3157436473199453,-1.8491092638648268,-1.6869010499515142,-1.4297732063899502,-1.4399973325837065,0.7612107449250503,0.35461737743105104,20.081281244132274,0.8253211674073652,-1.5474673518691615
2023-12-01,-1.923409059861289,-1.6649151698055928,-1.5706894841059802,-1.3266215658969833,0.33771383121617476,0.34440314766593916,-1.0297420602536194,-0.6205928755677302,19.72716591450648,-0.35592763776176606,0.08910632909161607
2023-12-04,-1.694083736883124,-1.8236043330794895,-1.8795420975117285,-1.6982528153747731,-1.0968590793936215,-1.1025454715603076,0.1911763433503819,-0.30627345438449494,19.896685546931995,-0.3018099498108801,-0.741854675924325
2023-12-05,-1.6043793542426517,-1.2009543515751036,-1.365971108946568,-0.8362803377613264,1.7761915446586896,1.7618561670281547,-0.5833422756302622,-0.6047356500745781,19.733646062935303,0.18109623286644594,1.7584337918208135
2023-12-06,-0.2969093995929605,-0.50974894665092,-1.0982420175320173,-1.4831514551038303,-0.7567917151260695,-0.7569980725066887,-0.03437639348550449,-0.33716304748163733,19.757233240804915,1.161046784887426,-0.5157650965988071
2023-12-07,-1.283929245532531,-1.0129310984694828,-0.7593910860478688,-0.36978354109451944,1.41789827603204,1.409206103823887,-0.15484845117364668,0.20298415885681018,19.675792383587662,-0.3857017474176801,1.1168886139743888
2023-12-08,-0.3755937246134555,0.22853203392888272,0.20089333470533413,0.5781051468801747,0.9726627204443282,0.9701223341028846,-0.07248388886016309,0.06933450006346199,19.699456710088832,-0.026619318496765004,0.8867074041188548
2023-12-11,0.49497357292345573,0.11564137529201114,-0.3518998860920554,-0.1741316246028219,-0.734154604522936,-0.731308230361816,1.661082926013617,2.100036628094519,20.049387810038333,1.0929613970711125,-0.9102415359250636
2023-12-12,-0.7121302473510318,0.3778918528729415,0.034808185145211265,1.053648615564848,1.001112441761922,0.9983660159388896,-1.1723772988207812,-0.13176922036030975,19.735444196742918,0.7063199293329586,0.9533810955371635
2023-12-13,1.090762123932237,1.6427339507286416,2.135504690816149,1.5827091463649126,0.4004848033779363,0.4079053118732807,0.6340365458047944,0.8252047194135147,19.919839399084168,-1.1200896950827899,-0.06576972311896781
2023-12-14,1.7796962649509735,1.5100433188640499,1.5165192707329436,1.4632185718007569,0.0971868939398247,0.1056002010661259,-0.5297556961924412,0.27943188430541693,19.784811294926563,-0.2985223326067248,0.14707322756333135
2023-12-15,1.2546503743815611,1.7068358782597781,1.6863486950112856,1.5211275985626882,0.32659329892328837,0.3325680861865318,0.8594642612125584,1.3337404415560241,19.989188324747957,-0.3265527444067013,0.5261175837455506
2023-12-18,1.7253412125763452,1.950208092644297,1.8674799462568024,1.8663998318093817,0.8344760034975752,0.8292450596357163,-0.7240616545781154,0.17823970392146352,19.837957653015454,-0.448765241738247,0.8362055345443558
2023-12-19,1.418747898153919,1.109480200153922,1.3353275456798879,1.2074111203762554,-0.9021411817156191,-0.8968454163679398,0.4119598094833865,0.730214001333575,19.956351551361713,-1.408183925166515,-1.0701051120529284
2023-12-20,1.2683865682449673,1.1000412234496841,0.6022598322049159,-0.034570851316005874,-1.878416976491682,-1.890894242462007,-0.7806229426218879,-0.6379790105966172,19.801696198631078,1.6028229488326957,-1.130596074760082
2023-12-21,0.5287646090165015,0.2074364825262538,0.6988136384597122,0.5831606430201159,0.7056271161357924,0.704404145352619,-1.1010924943833942,-1.8932487670537763,19.520708700090257,-1.5071320044461787,0.41089245454217477
2023-12-22,0.6847884000873623,0.3547649943942291,0.5935757129089894,0.3117134050733563,-0.3427420258930537,-0.33407736235375735,-0.6321005463739564,-1.8570309219800243,19.346949533027985,-0.8128346420466533,-0.3143379524658351
2023-12-26,0.36506867176843344,0.43709088732779683,0.9140348852349528,0.6566078314769525,0.2152154453435422,0.22051082877222294,0.12926824232139675,-1.4164034909232197,19.313498123735883,-1.2077290618346488,0.20743310646309707
2023-12-27,0.8968958008065152,0.3964035293365081,1.0871026802383197,0.6933225050051777,-0.061221082664701054,-0.05392482618358037,-0.058919639952651294,-1.1808004174433127,19.269326271542333,-1.094679340408075,0.0523929980204584
2023-12-28,1.0149528250373705,0.6116975462767218,1.3294903047749702,0.6972436828838229,-0.060596002966051735,-0.05340414532122571,0.7104307905364043,-0.6689981448627288,19.323225434409768,-1.1574477798399918,0.03034250482415199
2023-12-29,1.1297648380209475,0.7325494952534821,0.03435750270518503,0.5487912302609884,-0.16431574113379233,-0.15679076775471618,2.29560216499174,1.1745353240676717,19.77984283399626,0.5826222465559797,0.1273446971984145
2024-01-02,-0.3878906515455197,-1.0476259325652657,-1.9942585684067295,-1.5554178197518997,-1.4855678556699823,-1.4925564238317115,0.2205406099857261,1.4881240450444495,19.83472158887191,1.4202740299667744,-1.5757513155104454
2024-01-03,-2.5135829673456493,-2.3807071848054515,-1.7735664843969383,-1.8587393469039457,-0.4870302844582467,-0.4805876004013006,-0.9078439235060185,0.45940845229014,19.58662764417632,-0.2020297086199373,-0.013218204890763034
2024-01-04,-1.559051364546295,-1.3925374615276627,-1.1910587572930813,-1.0290142715578967,0.7744997999310316,0.7732399825881632,-0.10632232559774643,0.5575958788006653,19.540842502579267,0.01250931626988251,1.3344588999359865
2024-01-05,-0.5496962751132347,0.39569419584334237,-0.10730283602860195,0.3720766995805659,1.4280305781866076,1.4141257057691567,1.2589645300369678,1.6153441104488064,19.84388305209254,0.7960737921913682,1.6618846058571837
2024-01-08,0.6884947720108556,2.4164434375260533,1.2514974105009606,2.400618701620095,2.3728358123595243,2.3484222449861916,1.5448766363701516,2.1464963981847687,20.28089294037126,2.3676488020329565,2.300837878029334
2024-01-09,2.3015962336492226,2.289209843357287,2.241496317346542,1.9838561326274116,0.34020133349373594,0.3530544976222078,0.21486689751577534,1.7233942126712782,20.465918965584198,1.4913130191552144,0.5153051619386578
2024-01-10,2.0189023831703294,1.7294769621174908,2.1530348747753423,1.8266639408134715,0.5151290898441632,0.5270270480024555,-1.4183603784835699,0.0977311690252641,20.09552430333676,-0.4370180111827101,0.37750143670630576
2024-01-11,1.859513204255715,1.5374479881710792,1.6154652732846375,1.5254690481160382,-0.08231194544673384,-0.0721439751908067,-0.05412475274944628,0.0406085425308331,20.207023906437705,0.24600358815940046,-0.07182280408207141
2024-01-12,1.3402358537033394,1.1273634212133992,1.4807506487902444,1.1890752126952093,-0.4999211582472625,-0.4959561439976164,-1.4487413454318638,-1.419668564311787,19.68196162041889,-1.262799783305698,-0.6823583383967455
2024-01-16,1.187638066089076,1.3740808460817624,1.3199046446756617,1.3604142856590342,0.6855565337973423,0.6934715525792512,0.7090828968673754,-0.8224609543340562,19.923824373792847,0.30087768594078984,1.0284874859443494
2024-01-17,1.2742964273974013,1.0292605426753192,1.0377995290763002,1.0359453991421732,-0.9700995503294021,-0.979450323543476,-0.0057743115667446806,-0.6403089164755773,19.977548760120957,0.0779616667975209,-0.923434028886796
2024-01-18,1.2720710221493923,1.1675221318345872,1.2286135837621024,1.1575304564510094,0.009781542438974002,0.018536318024055965,-0.15930704915026542,-0.6344369663675679,20.013277641224406,-0.3447551016078032,-0.4435947990478704
2024-01-19,1.2686834980547763,1.5584117622026177,1.3666157261631395,1.6641052375262912,0.9643684521481458,0.9695753858091449,0.027490178856364823,-0.5115885963775528,20.113542106290172,0.4860115896813301,0.6665304461438845
2024-01-22,1.6332171605809962,1.6744589257631697,1.70098760129619,1.5678215091587866,-0.7983620603877373,-0.8016239833712572,-0.752257882168966,-0.8095644870515281,19.931303342972367,-0.8318953234368084,-0.9427563503280978
2024-01-23,1.3447668931432926,1.288601430521907,1.363272638920995,1.3691872576105684,-0.6691461983992522,-0.667824284820188,-1.2478495832273895,-1.2456722362155381,19.501312347978338,-0.6057200763610723,-0.8462989128950829
2024-01-24,1.3666288290804278,1.8460104549933822,1.5789179341662736,1.5768321625565092,0.6613671463691743,0.6662398072943138,2.284497188509192,0.8985475619352468,20.14393115499408,1.8114864429372717,0.8830087650057025
2024-01-25,1.6969272241926854,1.4283393932211441,1.523977961283467,1.3496504373983937,-0.5514221185958811,-0.5492958791015691,-0.48879762768890717,0.33595480469898703,19.995065409350417,0.05384131287680961,-0.832003633474354
2024-01-26,0.9633562875308488,0.906868513661341,1.1736610124925382,0.9335625754644541,-1.1962252455539466,-1.206018546733469,-0.5403216073920394,-0.3033224550807104,19.7824492936323,-0.82702888982754,-1.1523851603897595
2024-01-29,0.9011813452776433,1.0012753990966399,1.0887362351056924,1.3018097271942002,0.595745634211617,0.601093359051791,-0.4242601412410146,-0.9025810878781804,19.669817147259558,-0.47480705555137853,0.3700350346305288
2024-01-30,1.3999021887138614,1.1722536220025441,1.3603719540313584,1.1976457056169718,-0.3758636299176588,-0.3714924384410096,0.4224508909143381,0.016500205457042255,19.83345879808589,-0.9508054318319994,-0.16949080403149624
2024-01-31,0.5800388366699485,0.5201019842891549,0.5740696407332148,0.4958569063393952,-1.6330384426599907,-1.6509627238883218,0.19566316061573766,0.6087876561710425,19.93315611438332,-0.24354882634170605,-0.8836421902876423
2024-02-01,0.8273548478290764,0.9346626967385929,0.9778374478746257,1.3627443774756414,0.778614670282109,0.7817727553973272,-0.5724998266611028,-0.344999567261526,19.726702790416052,-0.31614782730568597,0.3546849249568051
2024-02-02,1.8202125430930145,2.1969467760714627,1.9276264382900563,2.2728493023448872,1.9412873759180382,1.9201797631857476,0.710770068398172,1.1634945403780874,19.98214196335965,1.6568368840226089,2.098495153017039
2024-02-05,2.4296454900234052,2.237696131567679,2.3402361067502677,2.2877542049337887,1.4235784320431633,1.4128643185461753,0.8927656920009339,2.099871289186782,20.337718056908983,0.42163477815082484,1.9311429910844808
2024-02-06,2.0040193868222076,1.7524083819413023,1.540537955513005,1.4751096160750004,-1.1876768702405884,-1.1956572118337787,-0.3611416972509471,1.3835925405074214,20.342167924095897,1.6185100140159294,-1.3764823176518886
2024-02-07,1.2676825057499486,1.4548908332486126,1.5600181474700134,1.5682687230068628,0.5548780149002326,0.5626636330621949,-1.2279697936534482,-0.09213639352889706,20.021229264558407,0.6416989812134523,0.38159696157166056
2024-02-08,1.3892869506002985,1.2804830779873095,1.6335469698371219,1.1572035161792396,-0.7481404834332573,-0.7452878555238001,-0.7340763926868361,-0.6653824013991867,19.842395338716475,-0.9843605547067878,-0.802873206154952
2024-02-09,1.220765133103364,1.3253640133423275,1.4522709405381762,1.4576337271061994,0.7387848597509253,0.7411271593185287,0.09330540495643776,-0.5370456027623212,19.894612746542343,-0.3060661439763922,0.7280170971379597
2024-02-12,1.4034937612163283,1.521071540243229,1.3853741514682327,1.2038213775325046,-0.5220619504592154,-0.5142131131288499,1.30867200745321,0.5630608879100671,20.235033063462488,1.1487191313349203,-0.4800328685979076
2024-02-13,0.6926902599464397,1.023293377027501,0.778104590214454,0.9707689589229104,-0.6146185906279794,-0.6084477245821223,-0.3363549239350334,0.17910799086199652,20.21673099625711,1.4335091076708555,-0.076512555136277
2024-02-14,1.2271072193416077,1.0686423234317388,1.2250704249759956,1.2927862472898644,0.25282132585465605,0.2619526658281219,-0.784244383431336,-0.6649651031326168,20.039904619276516,-0.4800747405890466,-0.026894842799655864
2024-02-15,1.3134949610730005,0.9401695300052778,1.2491952396449106,0.8455839899809898,-1.2310402889519718,-1.2406077052652118,-0.8202291194824469,-1.3267677490960763,19.856055705632386,-1.2571016240509028,-1.4417634353711093
2024-02-16,1.368959793263044,1.009255644099034,1.1883811828565234,0.7188301464926847,-0.4506117986902236,-0.444714639422708,0.6205587865970517,-0.6385776726023701,20.020728710508305,-0.736777095131301,-0.19942701905229646
2024-02-20,0.24508816863461044,-0.3289297898662475,-0.9994881622421061,-1.0228112438990051,-1.8431389855136422,-1.870091300426323,1.631801830679388,1.2403573129225316,20.37347145470233,1.5937447672815481,-1.774360747579612
2024-02-21,-1.5127291975594388,-1.7991506867794838,-1.6750269716541568,-1.9126239247378425,-1.102876482175588,-1.1050867054453601,-0.18980891103528238,1.2906164043231898,20.352633947827123,0.19594607409475182,-1.2683199324172265
2024-02-22,1.3913881402461348,2.024949834537325,1.5275546282924075,2.169929046313433,2.6108740044413143,2.5771282018927053,0.771491641583574,1.7615946649921104,20.57835566630654,1.235814276271621,2.5890465604373722
2024-02-23,2.2580225186866114,2.138081603996239,1.9279256706316803,1.658974774862802,-0.17852036850770325,-0.16281603782771645,-0.6114789693752398,0.8834243315983601,20.536198638587265,1.19692352636441,-0.17351760924953188
2024-02-26,1.4790936879591767,1.3083559670946237,1.6235043322243081,1.3576954850964849,-0.12456230625207355,-0.10666915849464852,-1.6569941297016044,-1.306380691592026,20.038033255156304,-1.0075143711960672,-0.04855857638215414
2024-02-27,1.1301684127877598,0.861999413557377,1.050034679110964,1.0310451172395185,-0.2599861436480718,-0.25099660311613436,-0.8458025580017665,-1.4773136976682353,19.786019565978606,-0.7048805020658855,-0.3059511955316057
2024-02-28,0.5641855073961827,0.6030654688154073,0.8524434311910829,0.6487841254711808,-0.3812654282621098,-0.38138340563932266,0.07565503899377611,-1.1256240701011968,19.789600031431984,-0.9073935559034746,-0.3533245904724194
2024-02-29,0.7701768708246383,0.703855136786887,0.9436883901824238,0.8309367907076074,0.18158929556451264,0.21600225563106523,1.0206945231711837,-0.45822268925750637,20.044591420851056,-0.9455968094844048,0.1404573992622005
2024-03-01,0.8196483792598496,1.0047099719014487,0.977282992571012,1.2260211299077501,0.45384169345906916,0.4947117264007372,-0.3927686823141193,-0.6543771099610443,19.987492954914405,-0.16044759441872647,0.4028141310013305
2024-03-04,1.3951774627630333,1.6208598614962577,1.449277127139053,1.4216383257657565,0.3187232987364992,0.35438022115831835,0.9084263662623038,-0.004204001604573592,20.238133952118815,0.41645809146248197,0.4345214340638877
2024-03-05,1.3222662757408985,1.102454941024574,1.1910482727739233,1.3145378794788067,-0.2635776637143147,-0.25431347163461326,-0.656860593867184,-0.31015636270239944,20.07056746320085,-0.39889017276544775,-0.040272082705800336
2024-03-06,1.8495630975161739,1.8167267818738708,1.9074451739788933,1.873462252305398,0.05975305079177247,0.08427915717549277,0.4803551056371846,0.22028210782308263,20.182874079295335,-0.41483895945617943,0.008247715094195062
2024-03-07,1.827144742752389,1.8293868273123781,1.8783562138945615,1.9274213238609201,1.3731631902884653,1.3636414058285378,0.26352271120673504,0.9247067037687872,20.225881146107685,0.060654177178601894,1.0987838389988123
2024-03-08,1.95422617902374,1.878437611599094,0.9685255347047624,0.7531097503390225,-2.17264084276711,-2.2021968882403393,2.2642028376947185,2.617185056703249,20.85628247298149,2.7631672594379237,-2.218943139927172
2024-03-11,0.3387006164440236,0.40255552850143667,0.3429566429894638,0.29108021141558366,-0.8929314079391832,-0.8816917851249658,-1.3645695094353703,0.32537007351148134,20.335194576470315,0.36852033133600165,-0.9402301294315445
2024-03-12,0.49136510184586896,0.7474200302748036,0.6371728159657736,1.2612601511590216,1.486287922066342,1.4492087167985286,-0.33437336714027666,0.03640032255848666,20.319911002144444,0.642955386621921,1.4310053336695778
2024-03-13,0.8795668610780418,0.5233049734624123,1.0292495862501034,0.9071967961853222,-0.7457742135900143,-0.7318796649416421,-0.41422408179596026,-0.3288558337802621,20.270257763168328,-0.45890330811208896,-0.7447455699072252
2024-03-14,0.4312151470385595,0.1854675152310038,0.3753545709773317,0.016934600125978097,-1.0913424193906018,-1.0919426245156387,-0.33076365104250516,-0.5462480790732358,20.216296104666792,-0.15521369688909029,-1.1409210871911135
2024-03-15,-0.48535822190439193,-0.3423183436541012,0.03480301745802978,-0.2335982569412234,-0.21726794183149,-0.200723034669091,-0.016442699562320577,-0.4927452570387575,20.280232810626597,-0.46332477229732744,-0.06873289842261786
2024-03-18,0.4546082000999493,0.44309477282202253,0.3113945849622209,-0.13296694506607284,0.07147574107569199,0.08842700342674895,-0.016405887916910115,-0.377386845462202,20.32125874450436,0.2905194847568108,-0.10003424962783004
2024-03-19,-0.9621774552312418,-0.40465089448215547,-1.082876965907631,0.13469790515534927,0.16219879307214793,0.17899235744524286,-0.1821966473862156,-0.4618910367333935,20.32602333189031,0.3237018246604187,0.07564344746672597
2024-03-20,0.14348454643371897,-0.4975253470881519,0.8763597617406583,0.5057997042413542,0.23090777032875753,0.24750325075683924,-0.9170581466140603,-1.1252817574601537,19.987342672822425,-1.0692225340809294,0.06057344516627041
2024-03-21,0.9639499681013851,0.4459536616278706,1.9721955735599837,1.1544902086879782,0.3743823998446602,0.3899572109186263,-0.04644437917017797,-0.9120010219401962,19.990071363790502,-0.9971662432593362,0.3829658353011106
2024-03-22,0.9134281933751638,2.0039916053017035,1.6228828666930444,1.8156731903889267,0.8109760087448018,0.8232499327778783,1.5081169500781357,0.11106196932056497,20.19005655959972,-0.17173220767806047,1.0582037164258589
2024-03-25,1.716675429323378,2.110012159039646,2.003993561784502,1.7026315824370888,-0.1117509743473576,-0.10097611266769042,-0.36553903911520225,0.0019707332578782094,20.12930495251833,-0.588815808394693,0.08267655736835479
2024-03-26,1.7938999790545467,1.4798330723838204,1.281922258319071,0.6870171806919784,-1.3914904754939021,-1.3957770519456534,-0.40328737991282904,-0.20424698064975608,20.057048765863886,0.024081684341317775,-1.3188098089801672
2024-03-27,0.7298749277004484,0.19728218592522329,0.05967454580625072,-0.19831487208893375,-1.1926789257155173,-1.193879802665544,1.0231352999861865,1.0047063562111729,20.188944677182878,0.26307931632277737,-1.5344737906270038
2024-03-28,-0.3491113314228923,-0.5994943533261717,-0.007874310407776017,-0.27164597647744937,-0.0970716789911717,-0.08903888321060294,-1.4932541021992287,-0.9983947863200513,19.89134382895301,-1.1574523792177769,-0.04267479662971338
2024-04-01,-0.41193235467428174,-0.3756082889851272,-0.1226297491772893,-0.4216114914629762,-0.16873995299498754,-0.1605598632561313,0.39126451927486294,-0.38458818401145306,19.930167928073068,-0.4167615923651752,0.08737650828367183
2024-04-02,-1.0007582818918144,-1.127258000258409,-0.7981655493251711,-0.9614847368661108,-0.6461561144863249,-0.6407149086198527,-0.07775368277500319,-0.25709471647465554,19.886396083358278,-0.652250468088137,-0.16588702430010263
2024-04-03,-1.1758356750027026,-0.9977339121414254,-0.7867213531628088,-1.1565944043530203,-0.29448460931017006,-0.28751535514960586,-0.6245292722027237,-0.802102632334259,19.729194630992637,-1.1248192244051887,-0.3063773213288126
2024-04-04,-0.41496679912256007,-0.9095932174216171,-1.68275520930742,-1.869859027688965,-1.489741432827869,-1.5051760813293067,1.1761090321107357,0.4133916556531174,19.890776128344818,1.8031639728333546,-0.9697620548618658
2024-04-05,-1.4487101748041944,-1.4112189538689461,-1.3082474558698312,-0.9005168826402369,1.316102901449224,1.30963730478727,-0.4860325345365715,-0.40361429334569154,19.80616978338778,-0.5851725795525567,0.830636438055871
2024-04-08,-0.6746278305703167,-1.045296877303075,-0.8117200229049717,-1.0173132534496367,-0.1267784442950781,-0.11914283779658866,-1.5340768087242171,-1.9835790471026342,19.46173454229001,-0.9064580809076824,-0.1604373675393104
2024-04-09,-0.9237145167755741,-1.2808410212937553,-1.8456552732376288,-1.5528895378073673,-0.5814866124890068,-0.5793229698005076,2.47040305235288,2.0137751496705905,20.037187614326264,1.5184299924275497,-0.7974571354403523
2024-04-10,-1.9691502938024013,-1.3543596792968486,-1.410524419350901,-0.6645954786204151,1.388937140584308,1.3821672721315763,-0.5176178898723712,0.8570988923793376,19.883771783164484,0.6003258922415685,1.8814596724001371
2024-04-11,-0.400056851104257,0.6022205843138195,0.12560020097715507,1.1984132546065018,1.8088008797543493,1.7887718510309565,-0.012629182297661995,1.0741263174919715,19.883095517516107,0.6090336419909324,1.6889763547337824
2024-04-12,0.7974306344943023,0.3384626327105407,0.531990976708542,0.04723609755147249,-1.027384448589747,-1.03459526018204,-0.13378189073109956,0.8287654136900724,19.871837794755276,-0.5342999611499141,-0.645141923939961
2024-04-15,0.5813086566425988,0.8638422087635821,-0.1403140578857915,-0.9821217492248618,-0.8049584269786828,-0.8078257026530087,0.03592899516665721,0.9107271843377914,19.909254130060713,1.174688527797972,-0.5818977633276048
2024-04-16,-0.7577249191050325,-0.8819088766726869,0.032210423426876515,-0.029908698308380412,0.716226930913149,0.7238437196753751,-0.6038551081623987,-0.16198068046058395,19.730237141752422,-1.050179428800253,0.8411911900271194
2024-04-17,0.27232426981170405,-0.2824421629498506,-1.0790356822345255,-1.6240612951637157,-1.1795552540983292,-1.1923974196191551,0.8902912193675397,1.2760860228157072,20.020876077038103,1.133708396264094,-1.3340693895431066
2024-04-18,-1.2743036599435682,-1.7010821981262678,-1.571629218700224,-1.1293618923926723,0.3277768378155565,0.33859625369978946,-0.43386509870455886,0.43851756338269615,19.91865064119868,0.3853928601450204,0.3676283124381537
2024-04-19,-1.6777473445743187,-1.954662673779319,-2.4525566991578773,-2.4769710803395246,-2.198983871950226,-2.243271960554037,1.9483164051415294,2.490070318346138,20.589960705580022,2.507245542649472,-2.2625286271445715
2024-04-22,-2.231537691960325,-2.2418545215735115,-1.6345178930365263,-1.2723391976986007,1.195599978490712,1.1650889318041724,-1.0805487587501474,0.1629057192645536,20.20632321074346,-0.15442404341460866,1.0102300067183463
2024-04-23,-1.1743312490965334,-1.1590208604095447,-0.6175899127064124,-0.5088092717387487,0.8638719035185896,0.8493237798195239,-0.8002555686708593,-0.8425933663035795,19.89900491260663,-0.7152985432155817,0.6203436898084569
2024-04-24,-0.33026280054180446,-0.6800049275515981,-0.7413768602878439,-0.9402023004081209,-0.5606229345908549,-0.5387521503506046,0.2805944964900957,-0.3748473395374068,20.054241352458924,0.41346223305172636,-0.6978740165341736
2024-04-25,-1.3168956652776542,-0.721447740170593,-0.785440747719577,-0.11718929477841111,1.0080376953924997,0.9910845237701271,-0.5803809285880553,-0.8892496814756508,19.86675466639622,0.45632009304983573,1.1687865072871064
2024-04-26,0.01836685595111651,0.8136522250633306,0.5958067664358141,1.2640797876529664,1.2374764459690606,1.2011370114572102,0.5720348374893989,-0.12863015870589295,20.127265332435123,0.1222969540991616,1.15073431403144
2024-04-29,1.1463841635276586,0.885682006582518,1.1386124481169382,1.1627581514834229,-0.05892761150177913,-0.03571499654339124,-0.8450539568290443,-1.0153060890702577,19.779015351246073,-0.8542082700152198,-0.11341314220828977
2024-04-30,0.9980871139202049,1.1138038994609822,1.399357507278664,0.8666621902918453,-0.3156641846190808,-0.2903580026842057,-0.3021284150014225,-1.052532482888659,19.711864658070006,-1.0077139501008232,0.0020208299749728954
2024-05-01,0.5341105384066358,0.2902257289109411,0.11900810087727945,0.009338590318819376,-0.7967314719166971,-0.7759655481518759,1.1122580269998688,0.11587840638444136,20.14320267069253,0.1488439700701798,-0.8140582621270738
2024-05-02,0.3583417261176765,0.3732366865710106,0.6312257116235018,0.6981478194973869,0.6209183738133811,0.6217085523859442,-0.8701174229672168,-0.8121523889215088,19.750134878546532,-0.6686624169348899,0.5193551733560986
2024-05-03,1.1498912781500126,1.1778226273749548,1.3953037551437966,1.305537901854789,0.5329020781473089,0.5392306045958808,0.3099649994756666,-0.3271188382598296,19.802818982848894,-1.2326531531357436,0.3122465426527808
2024-05-06,1.369326559688078,1.7831873664552014,1.5974237151672053,1.7553506650656818,0.6467249730312657,0.6498471277902412,-0.15672632001112172,-0.20594572074051412,19.745639451939205,-0.5090580117494184,0.5245736484535911
2024-05-07,1.4940229848794035,1.3458592981871826,1.2604378894234107,1.076508718721699,-0.7753836453131617,-0.76888333865918,0.4868263892207073,0.7346161240834669,19.896226057963553,-0.7910698522175975,-0.860516303433007
2024-05-08,0.8455469960391319,0.9526270040599786,1.1357933085554173,0.9185392469819869,-0.46009117489969636,-0.4480199213297994,-0.8740933462893746,-0.7122312629361351,19.601551747750182,-1.2316299586595654,-0.4575867630382326
2024-05-09,1.132369766419081,0.7996285686121161,0.7049419848477158,0.23055678987640998,-0.8074336584917811,-0.8064182006233152,0.49908688220567027,0.23570938058679336,19.75043914717229,-0.291646990315671,-1.0400137485442684
2024-05-10,0.8840177873187643,0.787069504384252,0.8630402509531436,0.5676031929682593,0.3811021437039923,0.39113983508825906,-0.3574752496898343,-0.04159154384207582,19.63061077173461,-0.7778556178038856,0.5039468600662516
2024-05-13,0.8040799362902141,0.48763615494925894,0.5002497616769725,0.647804284820648,0.09572507533681802,0.10735211208246812,-0.5346173710517915,-0.8547468189225335,19.484287426873745,-0.3973652463793262,0.22523984838918992
2024-05-14,0.33530683231340375,0.644227389315619,0.5435511697721569,0.8148925750675535,0.18439689813504734,0.1946913996875386,0.072926310596187,-0.6924023120667785,19.507581388264946,-0.15832645962199557,0.18585910219369342
2024-05-15,1.3407732990836507,1.7302726419566559,1.4699144474490433,1.8811314760651303,1.0422120867210172,1.0376145673476724,1.91070067951459,2.2394514241904697,19.85035782054625,1.0408868642692157,0.9126858366817656
2024-05-16,2.213101387961853,1.9722972017776634,2.325447728934108,1.576187613855315,-0.6036426023850862,-0.5987512002392537,-1.1156550327788568,0.17449787364618166,19.596105917720312,-1.6334427201102855,-0.3496494397184748
2024-05-17,1.5538205105699479,1.1848394626590917,0.9639853375440252,0.5147546296402098,-1.1657355912797382,-1.175458820144627,0.49639696861479454,0.9326344820980008,19.70075589028228,0.5294208955572447,-1.2324667540012972
2024-05-20,1.015134729985586,1.1646457595613293,1.4106107910939694,1.3894272428361152,1.1675041002317268,1.1661554108381162,-0.5564879828201219,0.07739630629238835,19.579961578178132,-1.3042551194120056,1.354423018018959
2024-05-21,0.7889074858886564,1.0293875938087944,1.0458360229552555,1.308985046225012,0.06029161092778541,0.06807958845457406,0.2118243542243884,0.5836137983104327,19.61140416455964,-0.4039559082387949,0.06900278561664767
2024-05-22,1.3477864035322333,1.0775921489412414,0.8830502652317274,0.921565660836603,-0.5489043139287314,-0.5443372154193208,2.131717470355994,2.450372868794612,20.122967629905883,0.4108143102596006,-0.29010003995126327
2024-05-23,2.3346246361233085,2.551063629326313,2.3922207943857265,2.4435825033890746,2.4709496448140817,2.4466520926226285,1.3113410279311342,2.3827347765515117,20.54302012529431,2.1579430383100418,2.6113494285266885
2024-05-24,1.9872699702277592,1.8149659167191996,1.898039500399638,2.0411340152557487,0.2628013050968495,0.2805629206808217,-1.5820018472224844,-0.19327111305444988,19.87811833188708,0.4661881022107024,0.08531321584218073
2024-05-28,2.059761516187918,2.1214660367015714,2.1124909443150823,2.1406841129695517,1.313625643322183,1.3161372613219007,1.0005452431967579,0.6837556333641824,20.296671062945713,1.4588578475768563,1.2950307768970422
2024-05-29,1.8073601809357438,1.6391068227377705,1.6857420177068476,1.669276645791911,-0.4435182464486009,-0.43717084672237455,-0.717428056122284,-0.14216973198943816,20.13886902180591,0.8436768749681286,-0.21523020013452
2024-05-30,1.5357760888584713,1.3192419675591325,1.2175519672051713,0.9501263059863353,-1.3621628865786608,-1.3993097074395655,-0.53372244223987,-0.5391562090186015,20.004493110799405,1.6791010968313311,-1.231540644136209
2024-05-31,1.042892076692113,0.8044690985221428,0.7119782601264996,0.691840624683306,-0.5925612267909701,-0.5894761435353895,0.3680312368369367,-0.11074264099516366,20.234304441041218,1.2442974384004364,-0.7790470426569943
2024-06-03,0.9587777999519209,0.866569076958082,1.1192677898312697,1.0931056883510495,0.6731747535774999,0.6856818324886236,-0.953163384960084,-1.015902851746928,19.89862404753746,-0.8451860898366778,0.6202310109787809
2024-06-04,1.0045767396882945,0.8750111135782923,1.1466823828153483,1.0583370017126434,-0.22912615709163195,-0.2146945844490259,-0.4346725694652244,-1.138427032091389,19.815250769602734,-1.2587491392363515,-0.26839146623412347
2024-06-05,1.1706630454498768,1.386937675910613,1.3692687823892526,1.5157578313583018,0.6428524362249333,0.6534978921062642,0.497052698855975,-0.6158255589532953,20.085367917509135,0.21069057050819245,0.35951438343053393
2024-06-06,1.761208264509226,1.7409763556833218,1.4369622776047637,1.2815513212700758,-0.9151600673826117,-0.9160708142663311,0.5300155301122299,0.05051603954080982,20.31484035274578,1.4451309256247806,-0.8811946847114139
2024-06-07,0.9516236900880529,0.9231703446672939,1.1914877061053408,1.09425024936819,-0.5046338930334582,-0.49492941864259393,-1.0909026561723516,-1.144899039735414,19.83747036433209,-0.798453085148124,-0.45317972191887185
2024-06-10,0.9665151455557565,1.0791762895253625,0.8727350715109589,1.099047358846583,-0.19811005961367414,-0.18491860333678797,-0.8172189817033506,-1.5041850436074575,19.56542156572699,0.6600778068168316,-0.25811415851475283
2024-06-11,1.0893999108073076,0.8427207326864017,1.0532581066180413,0.7523991156317444,-0.4972107876499395,-0.490916556139186,-0.8589984093571856,-1.715388608737173,19.22066774995168,-0.5581470134470728,-0.602100401892149
2024-06-12,1.1476317409498034,1.3640318945474237,1.4955511299237292,1.3004311702739215,0.9229412219055181,0.9255753957866175,1.292387371219859,-0.7210525017202919,19.51794212388736,-0.4763024566406526,0.8167993621167683
2024-06-13,1.8657311704843678,1.504490195088745,1.7980946126252106,1.6848637088701361,0.7744908606382392,0.7805511752858849,-0.37332208859607374,-0.7888857612246838,19.37889814381031,-1.240751088939508,0.8857062599587404
2024-06-14,1.5775747350190648,1.6809312369828078,1.7119778339903136,1.788489353315898,-0.060031733408601136,-0.050064768182579746,0.7783455998399041,0.13696195794655708,19.549888194096354,-0.07669246636372797,0.09291569835984725
2024-06-17,1.6914928505484084,1.5277231870593613,1.5570341686765892,1.339897179783422,-0.938397820678051,-0.9428005433457212,-0.22190382394064567,0.04873767757257221,19.480220898562106,-0.3774630496356998,-1.2591322834914238
2024-06-18,1.1412306786320494,1.6543581619707413,1.4187079994100245,1.7363038618719104,0.8679225233769834,0.8713898242285347,0.07121328915430679,0.22223238544146454,19.500229475544604,0.3778291520343861,1.0045734149920684
2024-06-20,1.9375908331164275,1.7767184022275886,0.987966623019714,0.7089276186322018,-1.773686315500223,-1.7974430515816306,2.054199526471535,2.169616328749385,20.065038597927114,2.2793339829125223,-1.675170906394371
2024-06-21,-0.06491674674240731,0.12231304028815729,-0.05530905677546142,-0.16471558603051048,-1.404969776912846,-1.4153479333820638,0.6296693968329369,2.252109483416265,20.300885521460113,0.4780088955455474,-1.3548596005414115
2024-06-24,-0.7730577116448886,-0.9567696523147726,-1.2536758095262919,-1.616142303608325,-1.8684017066074343,-1.8985572116978293,-0.9910395494047531,0.8417929782573275,19.981056347288963,0.54271517194561,-1.8532229249691772
2024-06-25,-1.148121270243467,-0.7142277478576217,-1.124938974372292,-0.28017121199772227,1.536649974536037,1.5006263352627454,-0.5452403944905851,0.3380881461076207,19.86945095583593,0.7925103595950636,1.5802475549117405
2024-06-26,-0.4106614994927443,-0.5778059235204789,-0.5805741181639736,-0.359972925075888,-0.06707652887351452,-0.04830800719095678,-0.7542334339120207,-0.26685610444407515,19.709847001595563,-0.07290004675878059,-0.06276834698163695
2024-06-27,-0.8112692160906314,-0.9027078707166879,-0.5196679862407164,-0.8224235413216602,-0.46862167348266937,-0.45485214249599104,-1.0263877885978252,-0.9636544060764679,19.34720573072588,-0.9135149242937209,-0.48558697940200685
2024-06-28,-0.6201326320390153,-0.591938674087487,-0.4583173081934347,-0.7662230306179718,0.013109630307592188,0.03038511982611269,0.5987868186300886,-0.6495713669310856,19.569722173568305,-0.4266834018998952,0.13964911840512273
2024-07-01,-0.6874336008121907,-0.9480566665324885,-1.0793081636582182,-0.4818851860880173,0.30341266965052205,0.32027227809784875,-0.3983165522868635,-0.8172790758592802,19.46759790663223,0.08477186894860987,0.2676233325780694
2024-07-02,-0.9006795933060293,-0.988773639398204,-0.4629371669237151,-0.6628684846151189,-0.19140361578079293,-0.17626067925041508,-0.7508630767275992,-1.1262512442082746,19.201719751708545,-1.5529487673015625,-0.35605018232327856
2024-07-03,-0.6526906298127935,0.03412472473436207,-0.21443983487305515,0.9332912197023189,1.292629195936053,1.2868191992445421,-0.067209444461546,-1.0027257611694107,19.18962625755788,0.4191310178870312,1.2579549627762345
2024-07-05,1.4562904649327413,0.8671455328942864,1.6338894278342186,0.4431962034553271,-0.4179991423601006,-0.4065632831226249,0.299311402991504,-0.7255142384166198,19.182311937886265,-1.260706803380645,-0.5410257874242319
2024-07-08,1.4517723632662687,1.703862190460186,1.7612955902879412,1.1550840468586696,0.4562548328792594,0.46888926801216463,1.1058364370457803,-0.09645491700489271,19.286424433449977,-0.8004817461284954,0.5009823462846892
2024-07-09,1.8221835916933151,2.0193530194732916,1.750586579972086,2.004504902844254,0.48053068317448455,0.49458619169911183,1.3071489872394086,1.1974486363492356,19.469285230931273,0.0423127304347407,0.5417189300350799
2024-07-10,2.012721905244147,1.7363345580197111,1.9774190408514591,2.06596221028448,0.9144045732913301,0.917919799228285,-0.499880881883782,1.1182141729250736,19.332877510976914,-1.1888089310761425,0.5958080526945501
2024-07-11,1.74235630875561,1.525355129969348,0.5519693672133792,0.09090880963999219,-1.9286359018479502,-1.960677419840162,1.9569503581059255,2.329936033428833,19.741856951980537,1.9467073066295157,-1.729365754687755
2024-07-12,0.17239548575586697,0.4322313209478697,0.4878194666251201,0.4448459765741736,0.3439084787100459,0.35161531339836744,-1.4245470086101653,0.431082421762476,19.34763640673778,-0.12983668719318914,0.2621894168077987
2024-07-15,0.519573637548413,0.22439950577905293,0.3760119293316976,0.10817915534932374,-0.3620751088823227,-0.34733831552323113,-0.6609822522404466,-0.10034785377533754,19.15461568324653,-0.3132322532361323,-0.38977192937279526
2024-07-16,-0.013990991085918232,-0.49058252037443584,-0.48945772949928235,-0.5837397968450343,-0.6160555979446353,-0.6042041883848964,0.14375200742801175,0.04138438958078521,19.18507592262203,-0.06829398155579985,-0.7782728830730978
2024-07-17,-1.557741412800416,-2.1638957791722855,-2.1336776874303176,-2.2672721240930382,-1.7218301884866074,-1.744403185535814,2.117803402735061,1.7807473503859594,19.78187830086996,0.3016915167540151,-1.5206981655496024
2024-07-18,-1.4632431057491504,-1.596649755261226,-1.7465353234696244,-1.2460493977800555,0.9232259893312248,0.912987149555907,-0.7540935276435742,0.5893573107566252,19.58688781924208,0.7887605453287595,1.3031226582957127
2024-07-19,-1.4235705243199905,-1.4073292458375983,-1.2702401224210425,-1.4883005363252857,-0.5850198895547003,-0.5685417997772165,-1.01645565383622,-0.9368765866076728,19.1964387210518,-0.2680056048836096,-0.4720110414787975
2024-07-22,-1.173640439972211,-0.809388370061095,-0.6854349186227171,-0.4058613874089486,1.3381948741870302,1.3108703965616602,0.3403598487115022,-0.4466369689429599,19.368737165371748,-0.38646745172069913,1.2382829998304081
2024-07-23,-0.6189904399661236,-0.560342952123991,-0.18501714803353178,-0.44063305963167143,-0.03825373866146571,-0.021494025351626866,-0.8631433643841616,-1.2952717885641514,18.974054237818187,-1.1685873071453992,-0.0061008410180384415
2024-07-24,-1.0355431790014356,-1.1669165379584172,-1.5145908965246353,-1.7058048501549508,-1.333050158028604,-1.3514681749911734,1.6442311068676794,0.6167975411935412,19.60784375504309,1.066595278660175,-1.0327092175463644
2024-07-25,-1.8353918411766013,-1.5426424286048865,-1.970289504591437,-1.575452458347592,-0.1446884948897839,-0.12787088712828987,0.656802768811146,1.8494686319656064,19.946882691188677,2.509874454240843,-0.11873690729945502
2024-07-26,-1.0109091483582744,-1.3620812569472809,-0.9617662554357366,-1.198559270742749,0.5435589523645854,0.5531509119731803,-0.981710270123604,-0.10125637929430223,19.497044359592113,-0.17927837410522143,0.2012085049429496
2024-07-29,-1.3226088822394964,-1.200692279958202,-0.8535218206566157,-1.245593518560375,0.010224225221637325,0.026655243715664387,-0.5420615210594975,-0.6620085078279258,19.329552426615116,-0.0761902484645063,-0.11855177470786064
2024-07-30,-1.5957406994590215,-1.8421639780187935,-1.8589918787867388,-1.9970328426658965,-1.2798533917032662,-1.296479644109613,1.4326778473804311,1.217258165962662,20.003432324708346,1.6418086517144557,-1.5125236966688407
2024-07-31,-1.0228365715744077,-0.2163060954445706,-0.38480991762943345,0.21811338942569677,2.200381006315917,2.1405674425589805,-0.27319400449430165,0.9906356943083883,19.974974168294818,0.525550867823347,2.228375803710005
2024-08-01,0.20135654866679434,0.29906001201622484,-0.873390112539762,-0.8839212078361641,-0.9558917452095935,-0.9855534716473547,-0.059557554790433676,1.0016919987963635,20.07597557231024,1.902344003990453,-0.9050186143441934
2024-08-02,-2.0977211239607723,-1.8184870386947876,-1.3691786042025569,-0.9855258469079223,-0.1641107504614494,-0.14221965510232012,-0.5150870416161573,0.2583486007638086,19.99351172640384,0.2215248953887995,0.11032716874283721
2024-08-05,-2.3149588473965417,-1.9873075351059473,-2.02165023673229,-1.6715855214167759,-0.750891409251922,-0.7724775999622495,-0.018233411403219855,0.3836129479420282,20.130583529719395,1.7030050031982957,-0.4384470781625978
2024-08-06,-0.7931491595325745,-1.0922051285877865,-0.7189614413079914,-0.9576928009080761,0.8410886769784722,0.8740571666624225,-0.9257605433394462,-1.2142428091079966,19.829255300366462,-0.2966527610243328,0.7115018095758536
2024-08-07,-0.18622359294621196,-0.7338930683168619,-0.8096637723109473,-1.5069598140727472,-0.6346683500680204,-0.641409376248798,-0.17955700740930075,-1.0875068762450282,19.835174734056164,0.5286056784111326,-0.6897754308923894
2024-08-08,-0.7827957774479366,-1.0805686696899122,-0.8228777124497442,-0.3633137481681651,1.0179430593493202,1.0363325209889171,-0.21093341281650324,-0.995602897380658,19.78654278210937,-0.06424796697043123,0.7908903535113624
2024-08-09,-0.19608465295781136,-0.7261501907681033,0.16849540263995227,-0.2746593822217351,0.056542812425119424,0.08687586057817162,-0.8465824946151738,-1.5099170161937905,19.488298290009848,-1.548947446232994,-0.057086426672467876
2024-08-12,-0.002594030204969842,0.15600817292476427,0.7811167961980853,0.6000332626161674,0.6198668245661358,0.6464985265251956,0.15247128554761535,-1.2099174705045175,19.601057030331656,-1.1185633767629384,0.7173737609506899
2024-08-13,0.8559642660463512,0.9788943469538148,1.3739926582767017,1.5049215842825492,0.8103915591310911,0.822246232628973,-0.04423364785468983,-0.9997100347789638,19.560584360186745,-1.0100280449769674,0.6995554082966032
2024-08-14,1.482477280815234,1.3808348646478377,1.5871303123790854,1.754335580998905,0.29126946112782065,0.3101564820186148,0.7302210582549165,-0.5622612334707796,19.642237247927326,-0.9376813079832927,0.2646850677373974
2024-08-15,1.4601310975403663,1.9291512301650178,1.6141979368333104,1.800187380869061,0.6131300525238695,0.6174889432309857,-0.1675014882157361,-0.4544929536881879,19.57783454823774,-0.5400466006756535,0.428955827963571
2024-08-16,1.4268396963108543,1.6172875140192182,1.5434144896932898,1.5226674674861123,-0.04432310236430975,-0.02404694605601262,-0.0920746704269664,-0.3084840356626083,19.527888984670394,-0.8913788879487258,-0.0005067402907331975
2024-08-19,1.4914268201532852,1.7009857676258229,1.4790859664642388,1.5964951426654377,0.49007268085257655,0.49208237144920447,0.7599002975978887,0.9143562126300804,19.57861045061424,-0.058161685417015954,0.5511643357796171
2024-08-20,1.5318554498139803,1.3295098230118156,1.3674169575412611,1.0809300781741311,-1.12659478204482,-1.1202394587672855,-0.30904194560828335,0.7638104565719029,19.519584326856855,-0.8058129769027603,-1.1280619471289566
2024-08-21,1.1364881134859304,1.0370415176674588,1.1928814759729596,1.0278586543177914,-0.6099972566652938,-0.6010185969450524,-0.9207190906325634,-0.09932254232390351,19.36801888216836,-1.2683819234924103,-0.6110418608214505
2024-08-22,1.2109383093668054,1.0068015834373574,0.7066880489611614,0.38599775935892217,-1.7143016839585694,-1.7401150614292007,2.335952092602552,2.4277252934794893,19.745602503119663,1.7513885668246858,-1.6010488876755349
2024-08-23,0.5943653666244564,0.7536979290706418,0.8320308786537861,0.9533395081904981,0.7426932834055632,0.7412850157492947,-0.9256598564935343,0.965101445583166,19.593875633310727,-0.5088823877838303,0.6984850776850168
2024-08-26,1.0221385954379199,0.9011006245539386,0.5906710548764073,0.37819017252631165,-1.1180446323520141,-1.1203712533370576,0.07898530139098005,0.9435052899680542,19.620539198938992,1.0437441620248884,-1.1515559299825011
2024-08-27,0.01858995675183719,0.36963595648174513,0.3421980553257854,0.6526015412611743,0.1429596003981034,0.15496801078922512,-0.5441014067566703,0.1576842961568258,19.52968749255649,0.057822253733332545,0.27230055131450615
2024-08-28,0.6157530209984107,-0.12933799996389791,-0.28292405780581115,-0.43410692133296536,-0.9012325058360044,-0.8995940516842327,1.8704218838757343,2.129699894267614,19.92052943679419,0.2752182486855031,-0.8251253055379087
2024-08-29,-1.596661059401619,-1.8971540082750462,-2.339265414043893,-2.3564938306267473,-1.7046263784046989,-1.73826113708058,-0.19484566723249097,1.4680510321517153,19.93145411921056,1.4666341053618808,-1.9523042758765616
2024-08-30,-1.852305731805705,-2.2295981200434376,-1.686049125854437,-1.4859671204590172,0.5338342785183453,0.5435457284303664,-1.2006965789004187,-0.46007316999123454,19.625907564670975,-0.46905488806021606,0.34915514475168735
2024-09-03,-1.9463528520982325,-2.249852915100869,-2.348202106786134,-2.3070892439869506,-1.8757589145400273,-1.9167997064648754,1.2903527388417133,1.1783802213595567,19.98335215532892,1.8830946513169013,-1.7304470273840216
2024-09-04,-2.285832762050238,-1.9068765749738577,-1.9244009146209884,-1.792346052230614,0.01310785450798869,0.031984174322571904,-0.9464363654291272,-0.4798074232963954,19.735667863746315,1.5995350312426253,0.02393762800050388
2024-09-05,-1.6863157570610148,-1.7498887802051055,-1.4340114912214408,-1.3196649731074008,0.6424406655055308,0.6465595234957813,-0.7776400888568761,-1.5012137932166176,19.5418718713006,-0.535786574982439,0.8094295378424206
2024-09-06,-1.1045987173194827,-1.4899724824908944,-1.4451938382014122,-1.3926649267143998,-0.5607088440037142,-0.5429692692998521,1.1060954231634175,0.02823636860070894,19.84050199732186,0.7448980109846275,-0.2647518974661531
2024-09-09,-1.1586942603253247,-1.3252490325532784,-0.9522106644254337,-0.8556348361570071,1.3495824419850158,1.3163804860193693,-1.2028439476111843,-1.5248569449569687,19.42831744853449,-1.4626713413011716,1.2210180806577995
2024-09-10,-0.7044513163793157,-0.8467131745519316,-0.6610710326607793,-0.5408349810764103,0.7278652285462761,0.7246654408056488,-0.12335258406853684,-1.2520185310377123,19.40755556438916,-0.6343428970700346,0.704116413443491
2024-09-11,-0.387352174365426,0.2282918441998305,-0.2152568700980254,0.6836318517856511,1.7593616139917514,1.7018699643273927,1.5659760160744836,0.45318657293479353,19.905512800385903,1.361686840604083,1.8435312878082222
2024-09-12,0.8527938277402594,0.9649202412001517,1.1995867939849556,1.2657513469798227,0.45213007424961177,0.4662532390210813,-0.5774767236917772,-0.13068974904808206,19.72114621321688,-0.5870281838622927,0.373757684995247
2024-09-13,1.3160703475305744,1.0060657064113503,1.5199105198603629,1.1995057691985618,-0.05602628939758091,-0.03413872936329651,-0.955546326596078,-1.2988874665669607,19.289285565943846,-1.3788072034572962,-0.19927842825414735
2024-09-16,1.0441809917951914,0.8152778309842846,1.109625748707105,0.9258158675530148,-0.38869552360403187,-0.36724405462563925,0.07067283098575684,-0.9073648346871057,19.332048582245758,-0.8264371064165185,-0.5261931395462974
2024-09-17,1.196915318783303,0.853654599523232,0.993950542819593,0.6051649766519525,-0.513706044022738,-0.509345931311026,-0.11946416250113608,-0.772035137099015,19.26192848637264,-0.6279056297454151,-0.566657196080643
2024-09-18,0.6533126090393782,0.5578549467185042,0.5880059282394318,0.13976920789219632,-0.765456907977661,-0.7697633998225221,0.9628679204336189,0.7401192294824269,19.553111039584174,-0.27344163952283845,-0.7679648780003381
2024-09-19,0.7467723674747511,0.745450897932382,1.0276580204374417,0.7353901452037561,0.8252495187368992,0.8358791832994379,-0.2880735009204664,0.3835392920455007,19.497410006193928,-0.9853946742104984,0.5742555622283673
2024-09-20,0.5470287216444473,0.40676580160386083,0.5834738826303151,0.24360988516008206,-0.872015811658134,-0.8810259502378889,0.8600677400555048,1.7396690995890558,19.76214090836008,-0.5084068524741581,-0.7677967379107412
2024-09-23,0.281612203430384,-0.23231007139085028,0.3242559228123508,0.10827057454692185,-0.22185151035729445,-0.21243843935110596,-1.4506809563033594,-0.9748077263120618,19.14449534017019,-0.8944707292342493,-0.19960600695766909
2024-09-24,0.0600075285074745,1.7995152253763635,0.28781577949406284,1.722138382327976,0.8425747673061463,0.8572046996302224,1.5735143887520235,1.0217485111022808,19.68753482475672,0.7672403974921255,1.0264295315503407
2024-09-25,2.454687671151542,2.2328707825687952,2.3895056154854797,1.9397251867774903,0.6988960689950144,0.7062494081286864,-0.5867793325633098,0.2980957078860933,19.466921616918064,-0.41684525425388047,1.054994394434424
2024-09-26,2.4238323875451395,2.111737337125778,1.7438144979328636,1.623950678438541,0.0011882867491644607,0.011273205678621036,0.08310483409987404,0.6728110587239682,19.5278658507821,1.2620479049166946,-0.06908155615440775
2024-09-27,1.2860645939401725,0.8857948176007475,0.8026788021021812,0.7779687948566593,-0.9796596244565422,-0.9872391352634193,-0.49620457569998155,-0.051907903132909154,19.417663330297138,0.4622181642608934,-0.9761244996594831
2024-09-30,-0.2575980347088166,0.09450988442483453,0.3285224726001959,0.6530822285607853,-0.16804012848235744,-0.15912902503791543,-0.6010757341645316,-0.915372703718655,19.238492565293576,-0.4823407487642356,-0.296439723131513
2024-10-01,0.57076768903603,0.2665809543897601,-0.5109966961604175,-0.6110715718334174,-1.4702414596058122,-1.491383514790721,0.7404832898190724,0.27951866035309036,19.526250443609303,1.505831084667313,-1.288569103559414
2024-10-02,-0.8747564178919653,-0.7211828818068818,-0.8755076719766525,-0.2978065847612114,0.4294598886801155,0.43786074627760835,-0.8143393244129482,-1.0498016642879562,19.21749355917045,0.052566525966143834,0.5873717332035919
2024-10-03,0.24389480662240234,0.6765135717928322,0.9166364726827622,0.8739950263453343,1.2048310520230248,1.195922550471287,0.5694464426873906,0.08260689676189861,19.439953969830803,-0.3076370464015585,1.36169876900106
2024-10-04,1.0947725375883082,0.7217563674190519,1.1650383355938843,1.295649322755343,0.3913116767419309,0.39761271446426744,-0.36513525788501505,-0.1744590656103303,19.311358654073537,-0.8324011567113828,0.04889391037906037
2024-10-07,0.9128820693409155,1.996789383341601,1.6816258112221592,1.780792168741176,0.534850930643384,0.5375250530799743,1.008231022812596,1.6863528898928624,19.66267219597107,0.49116541720938467,0.9628759388764991
2024-10-08,1.7822119898702944,1.9203990273507656,2.0313424047168684,2.101040338481286,1.2849916276605835,1.2657566375019507,-0.7249037575048033,0.481648537560903,19.47053162153767,-0.5958198950664517,0.9701169688867206
2024-10-09,1.854136574109397,1.603505297738957,1.7739607735797378,1.5474935433070613,-0.388679205788196,-0.37772818302752714,-0.6130154727521446,-0.4572687455384951,19.32162065659169,-1.2379271360249402,-0.6843142299185003
2024-10-10,1.2298680985932087,1.3686245194017008,1.3497178260897695,1.4910263339147702,0.32130931901440607,0.32849806663722714,-0.07361631178558038,-0.3074910120590795,19.30573382522739,-0.4785650501860268,0.46514633060281096
2024-10-11,1.2706765970912313,1.1995256199656317,1.381557191146683,1.190055174581221,-0.4969937770958519,-0.4856615389034265,-1.0871662870674936,-1.6381834722052637,18.95254059510722,-1.4683461827869992,-0.7490555130001608
2024-10-14,1.3252105079529206,1.4190143624021372,1.3801492760312566,1.3188092103924924,0.5104295892508244,0.5114380628247511,1.185972148751396,-0.1900088160854489,19.263745518890683,-0.7003550909464532,0.2528170291094894
2024-10-15,1.2259189982017256,1.0407816011236208,0.22237039601667324,0.27576857319007003,-2.407990132703041,-2.4290203628028944,1.7311390373445035,2.0969577842202876,19.749957566308947,2.496390410608339,-2.1536211328260517
2024-10-16,0.5434357756268328,0.6256032261074917,0.5213186727179174,0.8357757443702785,0.6999245027087511,0.6931761635828675,-1.0984660602340421,-0.03964222775567786,19.39478632238958,0.22118178366263103,0.6507054163953631
2024-10-17,1.335765447695351,1.2702745693771136,1.347379961965833,0.9589237384970395,-0.09328709173535116,-0.08107398188780982,0.3232616884536581,0.5665341631577059,19.540519159332334,-0.28449153544973954,0.017646592970934166
2024-10-18,1.035368415285663,0.7950377832592951,1.3030044475881164,1.1473285187979323,-0.10172245597402983,-0.08954347820476291,-1.2613820621886265,-1.3565016526934344,18.98650692739806,-1.1480884148380335,-0.20233981899490053
2024-10-21,0.8635645258752898,1.875873715116312,1.3247265470495495,2.2116329346818815,1.1271598714829554,1.107995687815613,1.2925994556878395,0.2933154184422385,19.393557840966697,0.5053308466645,1.432974026201703
2024-10-22,1.8779369297947117,1.626630671174294,1.7681680690115802,1.6173823508686356,-0.36772305522808507,-0.3543265321526255,-0.48816245813908143,-0.22549097860045544,19.237423373098924,-0.672256217939103,-0.29641720429672586
2024-10-23,1.2753663855108215,0.8690417096990913,0.5572796836288386,0.48934672137685137,-1.2576155943895873,-1.2554582776730037,0.521449986227039,0.6545105585292031,19.47125758707928,0.21241678266884062,-1.032434732867573
2024-10-24,0.7883107451152681,0.3917657360319187,0.6545225334596647,0.5732806689573519,0.06443425480961888,0.07571020254568765,-1.0971165417079238,-1.058795398705957,18.965066286844284,-0.5573289047126533,0.0035184651014033706
2024-10-25,0.6741545592185273,1.164803765824202,1.039865304535041,0.708882413116762,0.10799832112822245,0.11868704041425021,0.28119373034448586,-0.6677197056417303,19.139115974428833,-0.46432304207119074,0.13360870650639872
2024-10-28,1.166691964513148,0.6497247118003009,0.7281285509330969,0.36565190281569065,-0.36098521311025195,-0.349097121966644,-0.5007687406839477,-0.998359963450191,18.97218775011319,-0.5365613435799156,-0.5493658107303142
2024-10-29,0.10406584243184892,0.19281850478315812,0.2793689994696541,0.426608012699204,-0.10846844008990109,-0.10011318476578467,-0.17015121187133908,-0.9342675255950661,18.87553013177186,-0.259116300651271,-0.19327701632662142
2024-10-30,-0.6045825771684468,-1.0229034352238147,-1.0621246078849884,-0.5255074166564473,-0.9039850811958535,-0.9065526567626201,0.45355162057424747,-0.14325885618629763,19.005229399935065,0.040603541929464,-0.80737290160268
2024-10-31,-1.460034844409683,-1.8523419847386156,-2.270650670000768,-2.336768026220801,-1.8693561730493073,-1.8974556699618497,1.3930453516635735,1.9422006373900935,19.41407917657797,1.5132732111630518,-1.4562020325708993
2024-11-01,-2.0377346124995728,-1.7133545102905285,-1.1483699369768758,-1.291373259064215,0.8731053420442761,0.8724961758629757,-0.9388693128243416,0.31084678472684935,19.148846556854323,-0.805880769037663,0.7564765563523038
2024-11-04,-1.0023675329705721,-0.871267850801665,-0.6970986970139739,-0.9072097071262822,0.509794915096998,0.511391337240858,-0.34435157003980993,0.07378002760560187,19.049439797398325,-0.11203578794878223,0.7623566621818004
2024-11-05,-0.7450915321439529,-0.1818113974673452,0.04752017866930085,0.42364860840859425,1.3670747913894963,1.3461956095232717,-0.5275792046993721,-0.422246387374582,18.89403750142491,-0.5746519244611458,1.1545495080910473
2024-11-06,1.3090470903900684,1.8225888794495275,1.4277269268080108,1.7318661921839549,1.4965144752545836,1.4687906867036262,1.5905695412332326,1.624769613181099,19.30462967675923,0.9509599557588411,0.9167600916887783
2024-11-07,1.8435525195670062,1.8356122806521782,1.9114392645069391,1.8387285300171772,0.6555986209652929,0.6551189202665825,-0.6957935445890534,0.5505361693309893,19.149789973404825,-1.0010188047242585,0.7805883242985896
2024-11-08,1.7957583728975182,1.6075595155433238,1.5441448717885453,1.296366898862024,-0.5107792054961305,-0.49897089616321333,-0.6011643529418713,-0.21258874096880187,18.984093889931646,-0.23921031677192567,-0.8595607331515016
2024-11-11,1.442524979015771,1.1663097859301377,0.8602330914113884,0.7358289808020456,-0.7606463368541327,-0.7517633866256889,0.018377706985273214,-0.188148133860465,19.02130466314067,1.3167111873753026,-1.07618915881368
2024-11-12,0.8950195497125927,1.090577220992777,1.1144412666127241,1.0728731651289585,0.59243347675125,0.5950738513298146,0.14346286959790452,-0.0016516406076262189,19.106978022408846,-0.3002072406196518,1.1820019734482128
2024-11-13,1.0751906712551706,0.8458354111315045,0.897478945948877,0.6092346029282738,-0.7108442608387532,-0.7000238142361158,-0.2540869598801257,-0.33850655318302536,19.072502162497518,-0.4582755264013995,-0.8806980286852023
2024-11-14,0.6665101732239638,0.632207154276775,0.6927691950869932,0.5492912429037806,-0.3598294928546694,-0.3524269657913086,0.1369474734274117,0.23694108987893023,19.08575401941512,-0.2646791937618347,0.23015047540345202
2024-11-15,-0.025167382012602522,-0.35715656344580865,-0.6956274674378341,-0.6532172303785869,-1.632756822014398,-1.652551894375691,1.1688028942928466,1.760826511306319,19.33750293857517,1.6241694964801863,-1.3453360000360057
2024-11-18,-1.41130230475103,-1.5480214122230735,-1.59521949770339,-1.5042053572766763,-0.6801213516481971,-0.6759842419005079,-0.6875507571420673,0.5302489996521833,19.21758415849818,0.7222741743336991,-0.9800951369835663
2024-11-19,-1.2783886082889373,-0.17848780199779893,-0.7444634747811937,0.4444500079099984,1.6288191132043093,1.6127530147839786,-0.12127399891320141,0.33357457743576757,19.244131806197288,1.7823393382064492,1.9144077720581723
2024-11-20,0.42047040643688716,-0.05484286043825677,-0.22497367700376072,0.02828443882538419,-0.3373661452339914,-0.33069339817286414,1.8786990133366022,2.2153143603024588,19.55166890203464,0.5098902762139692,-0.3809752690722303
2024-11-21,0.8812453341916343,1.5751234234976594,-0.7058065687787747,0.4203922855988136,0.29074121500496025,0.3029549153049833,1.2075736151092753,2.1938096877062403,19.809338811815124,2.6490645048079116,0.04149460730882761
2024-11-22,-0.03778391366078615,-0.2257057141467485,-0.43923896274694313,-1.1420423688293362,-1.1542170362528663,-1.1710306425084736,-2.057984389441964,-0.6444576798956663,19.281062074116658,0.2422954753915824,-1.3702686548253828
2024-11-25,-1.0005641124415463,-1.4701754143894803,-1.641005402429261,-2.066009232302905,-1.2998301418229605,-1.3211675568781271,1.3952885927344683,0.6289950815124816,19.65888655791572,0.3489587596769465,-1.4435123661809213
2024-11-26,-1.6462498617637473,-1.6524811505748067,-1.3595625626400694,-1.4389808425760107,0.5454916369535994,0.5582412162088729,-1.5778361642906433,-1.4972695413959485,19.06404770064548,-0.6959405827059733,0.36752561066349376
2024-11-27,-1.704454977825093,-1.601126209130015,-1.8305392572850756,-1.406719344565454,-0.15746939333908194,-0.14736221899554927,0.39512338825605503,-0.9804841822115679,19.23768536688078,-0.012072386628679516,-0.002697235524779103
2024-11-29,-1.0821800069424947,-0.9456824638053031,-0.6313401446000533,-0.6262769014807504,0.9855300374185674,0.9912462073440886,-1.1668846900823335,-1.6108952325468984,18.770373777983853,-0.9807777862359633,0.8998075962046328
2024-12-02,-0.5330625935011193,-0.6090157921288581,-0.04856428823939899,-0.4597513271246428,0.18666611077621756,0.1985999748772069,0.565024746562343,-0.9884697409420816,18.96115915195122,-1.0902045007079908,0.21280335343546333
2024-12-03,-0.6172331737559997,-0.5643561777048023,-0.03379210838305253,-0.09721809340038659,0.438937832692553,0.4483315466274627,-0.20549660536470388,-0.8683561767785014,18.917898201193662,-0.982022654531767,0.5360762744440233
2024-12-04,0.13860139563326518,0.5211005321356452,0.6997629590513884,1.1026718967099955,1.5429981996054387,1.5196688955493824,0.9601059357085537,-0.10393850562631668,19.258898797370513,0.06849439010872897,1.4659172813594772
2024-12-05,0.8763096738053107,0.7093547305497214,1.67167479058091,1.1352962600976548,-0.006962294857747296,0.0034948461151931417,-0.7282737350326077,-0.48962041702530235,18.966610162210436,-0.8804499164214186,0.19556183351465578
2024-12-06,1.0423869531416268,0.920796253389506,0.8845558066999032,0.6875665501021332,-0.6512585099331587,-0.6441136837253638,0.3214128593673446,0.28793880326532706,19.054638277938754,0.03313562091058014,-0.6785830420104291
2024-12-09,-0.28258473798419786,-0.5367653170781318,-0.18853551082190878,-0.24827801119808657,-1.0305213180358954,-1.0304440156741015,-0.06500225488373673,0.42740876602144734,19.05888905096354,-0.7653986314325181,-0.7605995621876261
2024-12-10,-0.18615655591434652,0.04955220430339046,-1.0525510608875857,-1.2457202117275479,-1.3046182778081887,-1.3155595684812715,0.43936172630454823,1.7719569780875677,19.162717612300533,2.2375296718345647,-1.327757847874329
2024-12-11,-0.6738079283934632,-0.49865891946883395,-0.6394145252343966,-0.14723001452869516,1.3014102056106058,1.294375975243964,-0.6141878893099229,0.810803042591658,19.035353824679973,0.42768506504071224,1.188117506034679
2024-12-12,-0.8931463941780164,-1.1483388359086335,-0.6858789113954441,-0.821902113643703,-0.6952720790432837,-0.6915765123776791,-0.5633512455583263,0.18365750991246474,18.885743443131982,-0.68701337548263,-0.5074584387048255
2024-12-13,-0.37337101516408383,-0.7748557078500953,-1.4358514409960992,-1.4442920171590519,-0.8688362059336607,-0.8723607076038165,1.6478016116188543,1.7635836811037782,19.260154796589713,1.4054652344687972,-1.0075783584099895
2024-12-16,-1.5734522889375278,-1.8169728325120944,-1.5393060173777933,-1.568226183676382,-0.5242662502474064,-0.5214153649639224,-0.11534390757002458,1.3834345402141792,19.287575752543173,-0.15121519255688842,-0.7719206509751997
2024-12-17,-2.0039049365317245,-1.8018739931062047,-1.7087513520177295,-1.4705405777250526,-0.22972122303451878,-0.22291772103541255,0.10232294582175985,1.4028138664064462,19.373921539929402,0.19177449151548076,-0.06626522108594185
2024-12-18,-0.82173846234128,-0.6049211936484558,-1.15636023982349,-1.4286982941167587,0.01780338802966426,0.025743527397352108,0.18878230014960443,1.3609407514695169,19.44113147475242,1.660406735838715,1.5288827641993215
2024-12-19,-1.0722472253393789,-1.0109815916659468,-0.7954862630053237,-0.9469716144063712,1.292490840431062,1.3007936887072156,-1.4733277958493622,-0.6414783689855282,19.161280055819656,-0.27414494958810914,1.1595954438724503
2024-12-20,-1.3588516469357241,-0.5802863861021653,-0.9868682461965349,0.15304150729404334,1.619606655687489,1.6144285927657862,1.6769725581365698,1.3507008811829138,19.540821623832006,0.8455489117083349,1.1612157352423187
2024-12-23,0.42835359161277137,0.792506098558111,1.066320556825306,1.4497904857588448,1.4613380610984865,1.4537640226825266,-1.6152078874418614,-1.6827672414388017,18.986298489763513,-0.5493649485464566,1.3101521267748404
2024-12-24,1.3794651824211777,1.4257963490230718,1.6578280313700968,1.3016055629137386,-0.0017331570545951636,0.008385811945327214,-1.2258994032761017,-2.019457495609468,18.470965038971215,-1.0698805795801383,-0.5681999521267095
2024-12-26,1.1620964868481418,1.063437034739972,1.2697513700683094,1.1955441238812101,-0.13177512298359087,-0.12364732882905939,0.33964146885067464,-1.4071280152029917,18.57087160259737,-0.967971984494116,-0.16649839952927148
2024-12-27,0.8144694253067385,0.5004178757538363,0.5989726539801604,0.5240473352473556,-0.985886146111456,-0.9932503377564353,1.2050004185825334,-0.5674444525532967,18.954730200716476,-0.4824808287387676,-0.6102726241524833
2024-12-30,0.006189684944559231,0.8340988624629447,0.39466218866028574,0.5505709045078676,0.04820363327125927,0.05721598497803689,-0.09712203379437795,-0.41710298218146463,18.937894128464734,0.6123992554814591,0.5678463188502889
2024-12-31,0.7101523851875055,0.09695552179694698,0.27105253920355804,-0.24633011598080373,-1.2341994106142717,-1.2463943195833957,-0.24301239096517602,-0.38544105605705975,18.8631795665002,-0.48889960078287725,-1.4909826820107004
2025-01-02,0.0349653529225287,0.1606653361286238,0.31542566490894214,0.5583381647258749,1.1082546957956372,1.1055834262147781,0.7852283478991692,0.5476874417703252,19.105025299842364,-0.44980487320437224,1.3232883239466493
2025-01-03,0.9973346410116152,1.7972949349167253,1.4000986970790026,1.7748892163061736,1.390834116379043,1.3765403696163427,0.39066552132117854,1.309636864068203,19.25063987210232,0.21300057832588432,1.146468732200977
2025-01-06,2.1698951885090385,2.390856242513309,2.225284495284803,2.1737380284682346,0.8333730062036133,0.8328371796332713,0.2794744625664734,1.475607848484279,19.396663525520953,-0.5069310608797887,0.8625761510972629
2025-01-07,2.15669107541336,1.8657423362322496,0.554900585334929,0.01044502448980187,-1.9900758252675426,-2.0226933578486044,0.9146657892008296,2.052722649944872,19.678522794900257,2.687993259900649,-2.0254304287429594
2025-01-08,0.2567722374630101,0.11841102801306903,-0.07342399576023996,-0.007123844702611234,-0.031093103118535362,-0.016659907370315453,-1.4857126625927062,0.31659760934827597,19.242000802783252,0.3377721631893721,-0.13142525181103973
2025-01-10,-0.5957232770944983,-0.583774639696361,-0.7373719323793706,-0.860243688679883,-0.8310957614522722,-0.8246528552658101,-0.7693403622029313,-0.20222149266748649,19.151135756389607,0.055890240372848385,-0.5826463322840677
2025-01-13,-1.477183176983196,-1.422006962074911,-1.4158165347235916,-1.1941810644141204,-0.45965939960588376,-0.4475663456244321,-0.40588765762067924,-0.5154720487628214,19.13758791209925,-0.5930647778048534,-0.7364364205535747
2025-01-14,-0.5291521951788268,-0.8876506229787923,-1.125893780267635,-1.2588392888063924,-0.23144219678174796,-0.2168452038777441,-0.3878208276933094,-0.7172935228818911,19.09153375099107,0.2548736919794124,-0.39507587185053405
2025-01-15,-0.8512412602301004,-0.7895791076230949,-0.818157889610934,-0.3975067835480989,0.9815089462334248,0.9764035814192864,-0.4070942612607566,-0.8931385409521947,19.037040293739736,-0.19923143943685961,0.6072555792626346
2025-01-16,-0.13888734559863405,-0.4585973294087017,-0.41754253788975776,-0.8676274100944353,-0.5641169592266011,-0.5512382582333523,0.40268363700985754,-0.6799945433956642,19.158971452540847,-0.2390120466353292,-0.5983063209685504
2025-01-17,-0.43358865503043675,-0.4890230026450937,-0.08117211847749789,-0.09991475662772036,0.8857983134615864,0.8837964153073795,-0.30444934854393035,-0.7232959799502854,19.119754333606927,-1.0495720945586535,0.8783627148820369
2025-01-21,-0.06158264187111943,0.056820113652207876,0.2640543327987906,0.5730179423255559,0.7641921692920756,0.7647471795067907,-0.0984636886413303,-0.6072556492688448,19.102509112766153,-0.4142431823711395,0.7338150788947571
2025-01-22,0.8557448013510581,1.147142593632776,1.8749843253284544,2.065073138600546,1.3454532608785812,1.324549327946263,1.0732346360770857,0.11810216879506089,19.286315456230984,-0.7092191144579865,1.595703409522492
2025-01-23,1.3979228550252893,1.4356429928128525,1.6051917023836255,1.6249378899249751,-0.16208679409207213,-0.1510629947021156,-1.607492970624804,-1.4555948133145404,18.86482475820649,-1.249866696072801,-0.30698440620059514
2025-01-24,1.6766526936544648,1.4956577537048799,1.0793817467110465,0.7156857772162128,-1.1708351913022956,-1.1813206460876295,2.1773499435645256,1.9578793995189743,19.273637992605696,1.4555298307648854,-1.2596503439161617
2025-01-27,-1.7948736253008633,-1.7010398010375887,-2.1474034645747953,-2.1678808607143893,-2.5736051390862524,-2.6144591722475816,2.7403583084155283,2.8092243351085693,20.52338815041399,2.5930475104447535,-2.612873641924785
2025-01-28,-1.771796207668714,-1.418402749198428,-1.6817742444659738,-0.8458845816860517,1.3074489390755624,1.2183620988308583,-0.6641164452547412,0.9274778960971314,20.17796332534097,1.9594306273294968,1.3846378241167892
2025-01-29,-1.0334229668481287,-1.3907614068775507,-1.1096994700267455,-1.241044608737529,-0.5288880667517918,-0.48162070015891056,-0.5221291798610485,0.1728393187794406,19.962098028546023,0.20886156732051736,-0.46772809567837675
2025-01-30,-1.1789711802752976,-1.3172192244205791,-1.081157811416358,-0.9618874918794679,0.20635504866437995,0.22740099821682058,-0.4640781020784405,-0.28344359669610947,19.789130586978345,0.19492737990366305,0.17848983186585915
2025-01-31,-0.9187238506820181,-0.8533809634871762,-0.8294958525796763,-1.1663364981506148,-0.4090862574113095,-0.36560975235965026,-0.26413977681969636,-0.3957778705818907,19.78261299667186,0.5486093416264319,-0.34890581208386207
2025-02-03,-1.3826374752286483,-1.4005293617803252,-1.0859101688227863,-1.17974958595928,-0.20741573656401,-0.16991794741972568,-0.3135650204431332,-0.5497601203147716,19.732347731514515,-0.32494570248890975,-0.10758448743898312
2025-02-04,-0.9763245912157035,-0.9508686076845979,-0.6486338877920476,-0.8317098430554523,0.46764358453983246,0.4754402344045002,-0.5795581290202566,-0.9341160469075928,19.362834139250122,-0.7199103268347709,0.40092751086805745
2025-02-05,-0.4422638150589831,-0.47268860209940367,-0.17274569564491152,-0.16827924663255536,0.9596498308888937,0.9283757673668962,-0.16912170201438625,-0.8319411636362348,19.38473559379053,-0.8869056992533205,0.9963871077870853
2025-02-06,0.2733633829439867,0.09893038542826213,0.5468630228193673,0.5208006091451206,0.5961127068412297,0.5946220974407939,-0.28366326901778854,-0.8550825673766738,19.342888340606773,-1.167163485541942,0.5947359668351704
2025-02-07,1.3815926226844113,1.1404146732076417,1.5324636361868578,1.3289187910447595,0.22836273770514037,0.24907291511292656,-0.27500856971523924,-0.8178021725047642,19.24567296291549,-0.5945099380522,0.381491885475212
2025-02-10,1.3074317598805572,1.7674544060375184,1.89391780213208,1.593995720050122,0.38792825541131115,0.4046699280200535,0.5826177732933284,-0.7529030945398614,19.195357684436924,-0.6009753203458835,0.27929098314799394
2025-02-11,1.3955375262523773,1.3683535890648595,1.5762661144001469,1.2783418657446832,-0.29346069138838177,-0.2801913045824876,-0.6874067675822031,-0.8160718084192334,19.002350969294422,-1.2598513934590814,-0.3460335945115545
2025-02-12,0.85055065300868,0.8046529714897749,1.0193705984563457,0.8323474440845242,-0.6762327469297891,-0.669608734054365,-0.07975018133878184,-0.7357158493982695,18.892424115218954,-1.124023535839344,-0.6550996891349241
2025-02-13,0.9209794727289707,1.25488309574173,1.0980370629616707,1.2164597145565066,0.8000287119413937,0.8012666951139727,2.081395941970005,0.41487099836460417,19.100894654165497,0.06546203325151391,0.5462571105044309
2025-02-14,1.3380063868632446,1.3460211849438461,1.378617209753948,1.382369445756555,0.4688895507585482,0.4748712772388375,0.34408397277799735,1.15779258586871,19.09096658923462,-0.9211380089608148,0.6168564606568453
2025-02-18,1.6831858481954411,1.635141628351071,1.5014891264675743,1.285585450561915,-0.7219496744523474,-0.7180602659261696,1.079388378634223,2.230707694871228,19.205388360077468,0.8240342263286583,-0.8242114713270899
2025-02-19,1.2935967859785347,1.1660121340479461,1.2410560803087187,1.1944389209285367,-0.8519123299192062,-0.8514484946998662,-1.482027142020151,0.6518289927972681,18.936708817478248,-0.48457866112405357,-0.9835569294597312
2025-02-20,1.227125543222465,0.9056167519043054,1.022326538656935,1.2133743705080888,-0.33004655420415924,-0.32362365129561765,-0.6585183938507141,0.10564165082508689,18.78465419586694,-0.6460113447553901,-0.010187292217587384
2025-02-21,1.0207855702065078,0.9066477000738676,0.29964486619259617,-0.27817294401974185,-2.0699336372730723,-2.0937897555896434,2.342502065068048,2.0327708706604484,19.245810122128685,2.0467573330985633,-1.7677853360566067
2025-02-24,0.16919989526722512,0.08071934322487367,-0.943407810517679,-1.4319467646481492,-1.2900618572814477,-1.2950911365047868,0.28398533941543613,1.8172009730280938,19.34248067627475,2.048141860754109,-1.4658136623406797
2025-02-25,-1.3159461138272501,-1.7519583344434022,-1.920850939911773,-1.7800665776252083,-0.9673858059647695,-0.9684056679414705,0.14223455384545156,1.570089939548844,19.4192100514318,0.5663552325512798,-1.0881153249871933
2025-02-26,-1.1812715427855165,-0.908298211742689,-0.8860433853537377,-0.7204876508315936,1.3830617279845736,1.3689402326183915,0.45987354461661345,1.6115390711366124,19.591780505092594,0.06616668951738344,1.596351244804681
2025-02-27,-0.24243760212914384,-0.7321898442098304,-1.9457570917379945,-2.051873244928678,-2.017368466898593,-2.054712256698843,1.025278067089885,1.9158600340665708,19.909477091274912,2.591877643813179,-2.0371688568294077
2025-02-28,-2.3503611801740476,-2.0285843058343542,-1.791476853123964,-1.0811032674079146,1.2023102306091948,1.1782712875280419,-0.8734927910588147,0.7948366463022986,19.779324066965923,0.7164379850922482,0.8985907077090121
2025-03-03,-1.2554041820699542,-1.6478414815569034,-1.6859237864490253,-1.8322542984794066,-1.5433640670857527,-1.5667806603179182,-0.17787767910033014,0.5534483584637442,19.835031325118877,1.2891485536366576,-1.5531618420732336
2025-03-04,-1.9476019797831166,-1.6939701586323004,-1.4953782243765334,-1.2916205118939306,0.7562437170027995,0.7577187947626448,-0.4733667321261831,0.07886280863413046,19.802372783117136,0.5834805128301042,1.0720532622958665
2025-03-05,-1.0279807485832262,-1.4286581024073395,-0.8707111506340373,-0.953371307662822,0.5953931240106923,0.6025773974634213,-1.4297516809073536,-1.2856680356456804,19.46567388113712,-1.0395456199059758,0.2948587450300088
2025-03-06,-1.1633114754679619,-1.4058091467976155,-1.1264334948615367,-1.4793325896625944,-0.7469468774931305,-0.7377343044392153,0.08984493938981088,-1.33838570646636,19.58751819037953,-0.7057747951603107,-0.6162484134609065
2025-03-07,-1.1627495981360882,-1.344578294877735,-1.229935417159599,-1.0320209969603389,0.7405668948578391,0.7430378644645503,0.04856030563062119,-1.0947959644064584,19.6496061300006,-0.4143135017200918,0.6656679757996448
2025-03-10,-1.0967834921168835,-1.291198223647149,-1.274363088518673,-1.4459105360201925,-0.6570837239797211,-0.6412778478090247,0.11223126828915371,-0.8357258263663513,19.719474702165304,-0.20801279397758746,-0.29607620205473495
2025-03-11,-1.152804187575493,-1.0146508500314784,-1.1317969347625652,-0.9984175656140531,0.6094101731107576,0.6159711583292711,-0.40985365501588245,-0.859462351240446,19.687249968821273,0.0732948931950502,0.7827671871283115
2025-03-12,-0.23522074511321206,-0.3263764320640089,0.30502753968883817,0.19227554620139972,1.4005187199203981,1.362973194590766,-0.5803263923809989,-0.9287322053398451,19.59581416528266,-1.1673588806542958,1.478020365056943
2025-03-13,0.5716325801031347,0.08627775595042259,0.7693747580557317,0.2634349994623871,0.030753863894411957,0.05175161440313596,-0.3751602596030435,-0.9775379883094105,19.51606483091316,-1.0614119952651693,0.2521535349364011
2025-03-14,0.8742335685905193,1.220859157856291,1.7072812445750802,1.7837480224180458,1.1130812418528266,1.0927773679282815,-0.3859866854476066,-0.9826210472849451,19.44166837493959,-0.9821642550459377,0.7248324402756706
2025-03-17,1.785168553269302,1.5528943110243674,1.3619547131145913,1.0778358008740276,-0.5860607456982183,-0.572001412229431,-0.3451521953298347,-1.0946144168696192,19.35873884234616,-0.44644038023983545,-1.0642629813130362
2025-03-18,0.6424874584019727,0.5470152793330033,0.5297667093591725,0.2161262428819897,-0.84621715091191,-0.8431964631726532,1.4425323023396608,0.4993384631964319,19.518248824291337,-0.4192558754121054,-0.8627478219347394
2025-03-19,0.4958771743543379,0.8347991371706897,0.7293196736693689,0.6560819816452829,0.4170521476790727,0.4318280035568053,-0.8820060894228692,-0.4861121084245118,19.426542311605285,-0.33755687579059673,0.11470110169450164
2025-03-20,0.27839756883598443,0.6397744838272634,0.7431793216858432,0.7100229805713594,0.029188481940959448,0.04506019318553685,-0.7428542710884052,-1.0064302646483734,19.332279288714076,-0.8926255250663065,0.0737365208077368
2025-03-21,0.2506328222294559,-0.030207791032120578,0.40154108162130725,0.4259000532222964,-0.33475760705104335,-0.32157389387554003,0.9889767526535562,0.0779955435670968,19.400879176788877,-1.276920186935536,-0.5286675289296375
2025-03-24,0.742997665858376,0.9710061100341227,1.080095765688534,1.1354894232126072,0.6016563124472274,0.6113010052230985,-1.0707350508806723,-0.9879903158874258,19.24683887360459,-0.9615722270923229,0.1376227649930439
2025-03-25,0.9872849942050739,0.595950902040521,1.1644724604129313,0.9666099459286578,-0.5416631027082272,-0.5353530946724814,-1.7137912872504957,-2.3158115281518112,18.93617864162734,-1.5725503900323394,-0.5822666877409794
