Date,open_std,high_std,low_std,close_std,daily_return_std,log_return_std,volume_change_std,relative_volume_std,log_volume,high_low_range_std,excess_return_std
2023-01-18,0.9612094146936137,0.5989638782276664,0.32002875185314117,-0.06283827485213825,-1.9840905513626466,-1.998849997464527,-0.05574046056461374,0.0,15.67144926504539,0.7240428790511467,0.0
2023-01-19,-0.3441570960218517,-0.5034012416773028,-0.4698188714490467,-0.6202802380214966,-0.836656576287142,-0.8351114980598182,-0.4859864195145925,0.0,15.537741476540624,0.19508023812158973,0.0
2023-01-20,-0.7103823064625062,-0.49712521556298417,-0.5916035158032928,-0.061798948676655974,0.8274617957054623,0.8271578955751113,0.010230102348132488,0.0,15.532420934322635,0.5641312886058718,0.0
2023-01-23,-0.16743974027256267,0.7654829676143117,0.20369116022258446,1.0203897633315595,1.0938984642140586,1.0896897793783358,1.2245144213195522,0.0,15.815665491471957,1.3493254942439896,0.0
2023-01-24,1.116514836330829,1.3120269935033804,0.9201313578241131,1.2841124492374347,0.315594592864074,0.3206392653333633,-0.28301292541826706,0.0,15.762077776816225,0.9554381195214897,0.0
2023-01-25,0.6982718960047677,0.9629378338407425,0.5499373617159032,1.0211193816255713,-0.31040648494858014,-0.30439938250861903,-0.7577688239186866,0.0,15.589920558440705,0.8372425516573642,0.0
2023-01-26,1.3673356258743516,1.2628680450183127,1.399815997233475,1.0068737994363088,0.056716743028499016,0.06195050098673445,1.1184327985414997,0.0,15.803768531155262,-0.8044123045270348,0.0
2023-01-27,0.9474676669981839,0.5236973746455286,1.157735107125491,0.37123295060685263,-0.7794572040236232,-0.777308684506597,-1.1577629141722627,0.0,15.551898427812908,-1.9201545407490885,0.0
2023-01-30,0.12762186526815297,-0.3628182473241617,-0.27310490062552895,-0.6854660936046857,-1.209275679967826,-1.2145558692599487,0.33675988477157737,0.08630129743924252,15.648939822228144,-0.09877681063942209,0.0
2023-01-31,-0.3583650228136752,-0.40028226668329525,0.08134347127440793,0.1275117318812824,0.8994105633530605,0.8991878164952228,-0.09279992537662174,-0.0019610230158032915,15.64012452534318,-1.1902913882292476,0.04859694767341288
2023-02-01,0.18794256298351003,1.1961252560386568,0.6227077480447987,1.0521040156033405,1.0806744143374085,1.0766280932242407,-0.10530365512561585,-0.09719317009579014,15.630547166928784,1.3074439045590838,1.1855537246419663
2023-02-02,1.5593435870687615,1.421315417865134,1.04424691487609,0.4203777278865087,-0.8868453200302351,-0.8841215498760012,1.4937678438542275,1.749231803190945,15.928048448063976,0.8236146203825617,-1.9526444734947228
2023-02-03,-0.3212849910401646,0.45881772534743576,0.2733473121363506,0.5226943897914703,-0.0053960662567885,0.0001272291273657125,-1.4922497374861423,-1.2968106798314618,15.551017261952387,0.3353861350973737,1.3054797284681534
2023-02-06,0.5504356957865734,-0.33993617823016997,0.29125588186134455,-0.7521349933785793,-1.0187492009214307,-1.0198008473357996,-1.10996313561912,-1.9406656355878174,15.225814615613608,-0.8877713656833026,-0.3105946826920884
2023-02-07,-1.1046295994951725,-1.6147260151887883,-1.8681311680624242,-1.3321856272648909,-0.5966010870113408,-0.5948750417071118,2.5083144102140222,1.8950659793832245,16.037536251489232,0.15986234723158443,-1.4182588443352855
2023-02-08,-1.5909579166697412,-1.3451820543493342,-1.3385016617229097,-1.7577984926595394,-0.7396183508831398,-0.7401192907663067,-0.5772607797648305,0.5104133973666113,15.846864319994907,-0.31352634593692125,0.44013224644071847
2023-02-09,-1.1413266244068325,-1.1021073088384936,-1.2272889088987482,-1.4092340602545517,0.2641364857324318,0.26999288145802397,-0.8017253213901805,-0.978660997621256,15.41697698234369,-0.03725989838043411,1.037352928300856
2023-02-10,-1.3184406597449712,-1.2200295849147056,-1.0113662677925281,-0.8265490005542929,0.6530620635457656,0.6570786342156925,0.017568308743222284,-0.6677682799445156,15.486683252229668,-1.2686251159997834,0.5073161844694906
2023-02-13,-0.6054212813927796,0.2710343810313628,-0.18471396247977484,0.8365727954441136,1.7941496312805354,1.7844355089255057,-0.027029709911444193,-0.4147931422439284,15.531270703457736,1.104981210169276,1.1729600319643803
2023-02-14,0.6385994629942908,0.1731218832914489,0.2845872851268899,0.5155560208353446,-0.34878668653615863,-0.34562857640283223,0.527888687342509,0.6842505422955005,15.828384988976092,-0.13741228353281384,-0.20643623220431734
2023-02-15,0.47890275231600415,0.14176341636139833,0.6273018810886697,0.06987169537131689,-0.5682907994919746,-0.5695585832911763,-0.939447553018932,-1.062378872912297,15.281055235975954,-1.0739275231036263,-0.6576691222396942
2023-02-16,-0.4439077921213442,-0.4952931798842008,-0.2380670462119789,-0.345247739404045,-0.4515614542265429,-0.4511923820759628,0.6265195897164066,0.18601518686176596,15.597640646495815,-0.7002263309219001,0.5688918609906368
2023-02-17,-0.5764361658132862,-1.1823682159490532,-0.6759607325314462,-0.6022384170912074,-0.2124379938967797,-0.20951519570094018,-0.035824183513128396,0.36930230742144377,15.671558673363752,-1.2677903253375997,-0.09801321868787699
2023-02-21,-0.8873994238209748,-1.4102509304079014,-1.0118592169411393,-1.3463007294792846,-0.8518034592755404,-0.8587385723826926,-0.5852024740932419,-0.6028851800815817,15.475698807411243,-1.343997769889561,0.7063252720890962
2023-02-22,-0.8153224724339495,-0.9834799016744064,-1.161796182733224,-1.0259359442226375,0.26244288798142357,0.2692488997032285,0.4490568839146699,0.36632291310136555,15.58025864917541,-0.2840382566466268,0.04690334321180626
2023-02-23,-0.2992322710961501,1.1745296151414801,0.3332144480716881,0.7907467730489206,1.7596035498761877,1.7561208014522771,1.4086330768987654,2.1965632743030854,15.971577552069238,1.80501494970379,1.748745836925344
2023-02-24,-0.13208956444348868,0.5043136473367584,0.34086717203508665,0.6994976525094714,-0.10859398409937775,-0.10326386122110144,-0.7027877810430289,0.9730438650965599,15.851418228182311,0.5363831084235499,0.6768373334243062
2023-02-27,1.3471900013516103,0.4485864578040306,0.5338620841055322,0.0027507468322400925,-0.6419962740359663,-0.6435830457172365,-0.6369955177743786,0.10530733415497635,15.724875417441071,0.1812988956984025,-1.3713322210715293
2023-02-28,0.0033930876773559187,-0.3881605602186764,0.25866513862015195,-0.3653648790856828,-0.38232871008658814,-0.382104042204692,0.14466083047237224,0.3663428783911705,15.826137917548401,-1.0628643391702723,-0.5133972270972579
2023-03-01,-0.7481334353399938,-1.009555324035371,-1.273877995930391,-1.212186415478403,-0.8037498021879883,-0.8105020092883193,-1.1017363843958583,-0.9991720863958689,15.448626129072842,-0.1728005744101946,-0.8513308512576252
2023-03-02,-1.5494098581561941,-0.7644159437446463,-1.2907979105940712,-0.41436386066717157,0.7631797373971505,0.7709202459213876,-0.04713188833159369,-1.0857209840100397,15.482009290587328,0.16882293892503006,-0.299268642531332
2023-03-03,0.1709805553305184,1.2354732045724208,0.7587874992799634,1.619784167416057,1.7136761191111904,1.7094063465020897,0.12368745278660198,-0.8006038498846311,15.519986067600891,1.3727195031454127,0.7430328365800213
2023-03-06,1.9614986272663497,1.8187864325817547,2.283904378595443,1.550902306112131,0.186223393713964,0.1931178911017077,1.2932136810593629,0.5228097534137712,15.820336440947074,-0.02457768845937448,0.12835356248953253
2023-03-07,1.580612343153327,1.1066675922660407,0.9545060844108781,0.341461040727003,-1.2421357666634665,-1.2519510294540617,-1.210131750624633,-0.9714305503297673,15.498645115111419,0.7963267934068965,-0.30215381464680174
2023-03-08,0.4610666089001672,0.1720269521629551,0.8655636535507915,0.304933853468523,-0.07668171175105992,-0.07055491573167579,-0.22310986588465806,-0.9473159031699651,15.456292280506787,-1.2668096719120592,-0.25902854777538276
2023-03-09,0.30351678550675,0.6421021720281108,-0.7149247324400756,-1.0327982986656619,-1.2484002940676044,-1.2587561005335421,2.488063449722756,2.2008328049353754,16.17374802573499,2.1806083210333274,-0.04235689938037562
2023-03-10,-2.0566484178568665,-2.0360096876026588,-2.302866409877174,-2.1373889801643084,-1.6687242195965437,-1.6879777577125896,0.9306833448832942,2.3461147090141012,16.58992891789574,1.0439320976966338,-1.9290453664627225
2023-03-13,-1.867277337772833,-1.4325164878980696,-1.8773533932678,-1.2762153587412535,0.8060831009158411,0.8081472309978105,-1.0816181337086033,0.3876173401239153,16.147635132624874,1.8512392109480489,1.4125074046553727
2023-03-14,-0.5004236095293781,-1.032240443763969,-1.0330275358345222,-1.2006858110316825,-0.07044953709327668,-0.06285642756370731,-0.5377122700266591,-0.09827424184208293,15.982528015168537,0.5511597656861571,-1.7664952177451778
2023-03-15,-1.454804801883689,-1.7101204787642403,-1.2681109894508487,-1.5418917328133233,-0.8563585160584414,-0.8549905979367618,0.3917438476096404,0.32869894195183846,16.25463510233434,-0.9240118634469329,-0.8464375138179684
2023-03-16,-1.2525871629961904,-0.8774580843062979,-1.0607998902689435,-0.6547390674719372,1.2918977670851686,1.2851466717277245,-0.576793727576897,-0.2569891312237522,16.13279715235182,1.0096505506675728,0.579330085310696
2023-03-17,-0.38819684597470155,-0.42590226766963135,-0.10438605548713453,-0.336321115801427,0.5851130516612698,0.5891128440887251,0.3023630434368141,0.15027428990718522,16.385508763897953,-0.8727756742592401,1.4466026695565963
2023-03-20,-0.14374162606176505,0.3418089754926788,0.30631242756120997,0.6657256371638689,1.2750567400077895,1.2677284942332938,-0.8747724695110121,-0.8187802995647274,16.03224371065304,-0.00479540468343374,0.9278701151601927
2023-03-21,0.9931988266788419,0.6788850480822086,1.0349704764442296,1.1096882215935773,0.44562195286585266,0.4502017495930834,-0.8180539502284723,-1.3414838623080558,15.71518243400444,-1.0707002436584967,-0.36393919296308125
2023-03-22,1.1242429269864782,1.3399168109874677,1.5072160806987407,1.4088691203549768,0.23599083989731057,0.24254501521558794,-0.052167464771259525,-1.189256592419013,15.79426135804389,-0.6803455002876445,1.3448858625038702
2023-03-23,1.6262466509501659,1.5847415107469882,1.4420574947154203,1.2056330586503392,-0.15256537151702315,-0.14437379497863378,1.3151770171876533,-0.3043953796989072,16.190146601750655,-0.2506242641370521,-0.3225791732589389
2023-03-24,1.0533943899829141,0.8154555678192507,1.115641211454548,1.0865629161947898,-0.17277666272015402,-0.16734111921705314,-1.2646206931535158,-1.3921793395149393,15.582311300029948,-1.1864806155104337,-0.36688024678655534
2023-03-27,1.1066175189399263,1.4113609422422853,1.2655616582185838,1.6606101301338434,1.371323049844345,1.3631577521904288,1.1184379047855246,-0.2963731925452081,15.915991829060875,0.07600556361914558,1.3654612074866028
2023-03-28,1.4309669713602782,1.2528524422194292,1.308750255508542,1.2236524167828793,-0.7138394105382622,-0.7102642060227533,-0.7169283005240119,-0.8138033538356295,15.668506383429731,-0.5727325592313343,-0.5375133538392028
2023-03-29,1.175574167125002,1.0524956731507125,1.229464527922422,1.4100591755293812,-0.03253874867616264,-0.028238191034091687,-0.46751620240785957,-0.9630787902101718,15.470610126839304,-1.217176339925817,-0.9899236476902391
2023-03-30,1.356832483426697,1.1671330251594925,1.1365132250746004,1.1644796132075195,-0.8566803989254342,-0.8593298928013253,0.270188488121439,-0.45478014486906143,15.545518906530924,-0.17958358633779126,-0.9433097024220906
2023-03-31,1.0465093167893236,1.843117747698841,1.3269087068338499,1.969801999896835,1.6261118979387135,1.621663871343639,1.9398574342943866,2.3271317122808286,16.164626216537563,1.5641871587684881,0.7287766417458295
2023-04-03,1.8062716903862364,1.8162032651145916,1.8937598085955725,1.8144257430531074,0.2884496493787056,0.29382344481743283,-0.6223957593914207,1.0707258599204108,15.945039160574508,0.4632499464420501,0.3216042256181734
2023-04-04,1.9022865154400443,1.4780274919597431,1.7895070447939239,1.4474603672565396,-0.5951661081002951,-0.5951277290022894,-0.6755589271603747,0.06605250361410857,15.710353101448113,-1.0046612264237116,0.18106578487415845
2023-04-05,1.4317609607972803,1.5559385642613415,1.5896145034319162,1.435760455516324,0.16506725476588094,0.1702656271938822,0.13918481582139758,0.3886683099967747,15.827583042984537,-0.02667829021552819,0.8290825427363565
2023-04-06,1.3959179569660103,1.531289548007335,1.452670818181839,1.4840802536569861,0.18922841849991057,0.19407665716109007,0.4737681335808739,1.2257279835292498,16.028849159779117,0.786099231840034,0.23899566499730285
2023-04-10,1.4314924763359849,1.121491337268793,1.2104557389276382,0.6582425129546798,-1.9107497190918588,-1.9259728216084717,-0.38756837806869415,0.6603400004210956,15.97670499795379,-0.25633515343015845,-1.9052911949184874
2023-04-11,0.7213795926649448,0.5182031733779942,0.8706495586752316,0.6015345324894847,-0.20495950217278705,-0.1997501592928136,-0.28452899622687167,0.32958353511502336,15.919156910351656,-1.1720514730725227,0.09129049347673615
2023-04-12,1.0001346897955805,0.9344684378162066,0.90085893343332,0.4196704069535565,-0.48614158538987173,-0.48175028284206145,-0.2413100052023962,0.032560791556256054,15.899977078265318,0.2049305863746411,0.15302413822244815
2023-04-13,0.7428015979635616,1.0409896335829043,0.9232018848156992,1.1941744705254158,0.9605298511869738,0.9588601836422757,-0.8662018426542012,-1.2331294972611377,15.646522951365291,0.213092649227515,0.1503981671647
2023-04-14,1.3358812355590937,1.1931312434177432,1.2863795750987814,1.3908968179490482,-0.36456437187257823,-0.3592097217615163,-0.02990676045337569,-1.257244368676068,15.685017950013869,-0.7496227168228883,-0.02254672749579556
2023-04-17,1.457794052932395,1.075115350354683,1.7618236199004598,1.1114269387773923,-0.4622649061460492,-0.45713733555216823,-1.2419426207093882,-1.7730911225885935,15.378360090521939,-1.7514761887815715,-0.7822717109696712
2023-04-18,1.5739788651355133,1.5299118305001105,1.804286084411487,1.5794301712765622,0.6229172111669835,0.6230708186862483,2.1456675239001237,0.16142006162322542,15.792282543438388,-0.93655347658759,0.6751546146709747
2023-04-19,0.9492889117383465,1.1112075057822446,1.3356227298309131,0.7653172864756035,-0.9014218940700068,-0.8984719982647814,-1.3278596523944235,-1.3357372375572514,15.37706010948213,-1.025831696952676,-0.857472520999113
2023-04-20,1.1549273851429347,0.5598564133535368,0.23084473729886792,-0.298858866529089,-1.0035238608479948,-1.003341712321687,0.8338791420706686,-0.42136650682191096,15.576037496715475,0.409893821522063,-0.44314029683757217
2023-04-21,-0.03994390556048143,-0.5099265293443375,-0.2117143048485311,0.08176105905017664,0.3707733271586794,0.37446675819753517,0.9639519528048047,0.9968405392267167,15.808277166051052,-0.48714531193127286,0.43972722654960555
2023-04-24,0.2720947270522187,0.39028527627721316,0.4445612965645511,0.24451381775086345,0.16006439202065903,0.16372075666687014,-1.0974098187141799,-0.6244117525537222,15.405092845697856,-0.25059411011517524,0.22811019096662538
2023-04-25,-0.223629280463239,-0.5493877133605564,-0.892807900314501,-1.4991573660236057,-1.56820296600201,-1.5770089876284683,0.5984745667667902,0.5546086092767426,15.56797481793095,1.023498437701242,0.06974701551041583
2023-04-26,-1.9822932565399702,-1.9735593486943246,-1.6810812487344042,-1.8298945033504543,-0.37913567291383005,-0.3760861598309183,0.3174474183264574,1.3512865004303063,15.671105332381513,0.626411892643576,-0.12349499186115286
2023-04-27,-1.2755363181118875,-1.2216776504293416,-1.4931201172912236,-0.17077360712122927,1.6866021923429642,1.6784767145901323,-0.5207482464748415,0.47118170224641875,15.541076982529704,1.509398357397,-1.0573816424165514
2023-04-28,-1.0825692898866452,-0.6034315281489149,-0.3430164951623439,-0.4444390746228081,-0.2709162635449521,-0.267547227860265,1.3590900287041967,2.0527974258499997,15.95540035296736,-0.1946489750819285,-1.7037628904324547
2023-05-01,-0.29385890300809414,-0.02926631351709054,0.2667669678441567,-0.1758379131587436,0.2632510326680867,0.26700800683641807,-1.2569161432200986,-0.37871296963063417,15.512922900170437,-0.7303733573627906,0.5407247878117762
2023-05-02,0.02391890695087671,-0.6855221606352099,-0.6106033716231654,-0.0705964493099927,0.12166121122842093,0.1253689608656416,0.25318785028451285,0.15550705114396238,15.606453193674646,0.26152862382252845,1.8744879906164436
2023-05-03,0.3304439478994732,-0.172282290585877,0.6387919723522055,0.07909996894757779,0.10737889153468272,0.1109056843432185,0.20716501364962184,0.45387909959576034,15.724282543852958,-1.3867530540579533,1.001605500767234
2023-05-04,0.4469153490986938,-0.7342248806175988,0.4514599997262973,0.4231772405141703,0.2556357966845558,0.2584962208398993,-0.9773087900616698,-1.0330954556711645,15.432559631883276,-1.4682279628903918,1.117988029663457
2023-05-05,0.4901078801258691,2.4332524185065205,1.0377094155137572,2.345630589410773,1.958267034165866,1.9485796975339174,1.6518658900404268,1.3763803660291207,15.90275917000797,2.1042519808366276,0.11675928122643921
2023-05-08,2.4480025203395726,1.7841689609457811,2.307159648801954,1.649999290406912,-0.33639109466950406,-0.3335261336892025,-1.1961418240094817,-0.9589071679921422,15.486006127853107,-0.9639875061195148,-0.5419234523920664
2023-05-09,1.203697204412978,1.1102288768468278,1.4678508652375652,0.8399689330201167,-1.031125661970195,-1.0373034928569966,0.40818751740298137,-0.17937950355888937,15.661363721796393,-0.8612395953894071,-0.4588335201285982
2023-05-10,1.4589398549138997,1.5000375058964168,1.3097854322515317,1.716698149472076,1.1267369641356288,1.128747622100975,-0.3066914130307289,-0.40703362273239674,15.596428300830874,0.26583952247219655,1.0673593592604091
2023-05-11,1.6528440016477652,1.17336243237619,1.1720584161133258,1.292690217699047,-0.3931686968956663,-0.3920459918854605,-0.5137018674976872,-0.9288066182435956,15.453438935180333,0.14393335637244625,-0.2494557767166047
2023-05-12,1.378060124010743,1.1633020744917213,1.3823118427293595,1.303073204492159,0.1113336011324481,0.115489176390169,-0.044899108962963764,-0.7106579416381206,15.423888108413259,-0.396160018670886,0.2969459346766194
2023-05-15,1.2809967344936148,0.9778366489568786,1.1933240973625863,0.6742488750035585,-0.9744970369021563,-0.9792146640763291,-0.4470380917039883,-1.096800052981329,15.306998145749969,-0.5147255339575166,-1.9043647662588568
2023-05-16,0.5593490875612829,1.433166642421115,0.9264435333261437,1.2460230558306806,0.7287642309025902,0.7326227927776593,1.5720475940511132,1.224233098979372,15.746524739498788,1.1835086998652362,1.728961210167763
2023-05-17,1.5452853086173648,1.9987375478735665,1.8115935474669957,1.9478480701107435,1.0704504845331273,1.0707126124068986,0.8737891146118182,2.106674050301528,16.060042825486807,0.9804113339396063,0.010272286154790632
2023-05-18,1.8186778723321109,2.325138393463743,2.1049667433258104,2.3944714698956875,1.5842193246912226,1.5766903169885855,-0.15823100079608923,1.5095228928715254,16.118665588513053,1.6122292813766,1.4763477833277365
2023-05-19,2.3589380784952096,1.8386882372696314,2.281834715203363,1.8340066356061202,-0.10103430636505442,-0.09664334765994798,-0.6739244794394279,0.723772484673339,15.962482352025033,-0.48469313857760454,0.21257085794657818
2023-05-22,1.7179000445761852,1.4292279619545991,1.6074574126611596,1.106024381685013,-1.3499086492151535,-1.3574025627442243,-1.3338097787107597,-0.714808982450309,15.588851611433173,-0.22317172816988076,-1.5384666151074118
2023-05-23,0.8913805967003253,0.5970808537014565,0.04350261625626753,-0.37583868165843837,-2.1288098029967375,-2.1459715833095068,1.83525564292756,0.9820932449006344,16.122814599187482,1.8226819759578903,-1.8665436313593076
2023-05-24,-0.6421332075051623,-0.5855296293990258,-0.588687567689062,-0.5285407424834819,-0.20226450495056034,-0.19469144319787704,-1.0757609796044763,-0.5686503379898151,15.734768822737918,-0.11218927972177405,0.3093131663794694
2023-05-25,-0.11715527947026386,1.5687042572740266,0.02448766820447646,1.6837001517543981,2.1917258907847907,2.163306021819463,2.2099832863385815,1.9647585443678268,16.63269022330622,2.517667018887126,2.2907569217850123
2023-05-26,1.7884258772641808,1.6774200390009695,1.9186814729232724,1.2729659134915288,-0.34397816631506434,-0.33747592803065113,-0.6581516268599705,0.5647782831687562,16.45414644164081,-0.11821645098005659,-0.9312766847106015
2023-05-30,1.5372162207996602,1.30934403817381,1.5219513881358333,1.369012969505266,0.09029900799962944,0.1016112572190895,-0.7926408128217185,-0.8357103046539911,16.147334110633526,-0.4653605043504642,0.1888818356684449
2023-05-31,1.148731953818009,1.2468297838693292,1.2310853875530092,1.3482755293078572,-0.01282763284331551,-0.002125075115721828,0.2831120139705304,-0.11441626397064458,16.433891379989742,-0.10334503309334739,0.36972312298473703
2023-06-01,1.071654017173316,1.061160153669531,1.1812525981751234,1.1085970572957793,-0.24204139839548047,-0.23424896644514293,-0.8803751247945382,-1.3633919902886251,15.874226423969821,-0.44328019825158893,-0.6781632524806004
2023-06-02,1.3506064685649533,0.9218144062614227,1.2187418732410962,0.8982227866733615,-0.19773485551738598,-0.19047024752827035,0.013397087474308646,-0.9186305879560889,15.973254948486833,-0.8417249296967172,-0.7996923439233061
2023-06-05,0.9386668964929399,1.0086624616182862,0.9640036754333817,1.0398267647511867,0.24319071569472056,0.2559714502993148,-0.4002492870755659,-0.9996588579023952,15.822650322261177,-0.2192621329005047,0.4468627094397981
2023-06-06,1.0346988675361688,0.7978718719167543,0.963107797850171,0.8975042962941816,-0.16476413988934624,-0.15684071874637323,-0.3096198177068694,-1.029830624128161,15.764701177530439,-0.7066382867709101,-0.18515963073663969
2023-06-07,0.9324480142358803,0.9228092286877031,0.42872547067077404,0.14178400497343605,-1.1720175816901692,-1.1983876934087414,0.5633348802874832,-0.27834355543430744,16.102220403400228,0.7425187778346868,-0.8493290097196773
2023-06-08,0.3046319120579925,0.9276544808488192,0.4764995458510997,1.4575036805686654,0.5815195294010373,0.5956606213950512,-0.28677204696495,-0.4006067897475941,16.069609045710216,-0.03519213458246529,0.49016767140372763
2023-06-09,1.5850892629572513,2.253779442385775,2.077980075018536,2.192035451190403,1.4400830386651235,1.4313342138979888,1.132435400990228,0.906611669332454,16.347626837821192,0.7793203702618194,1.3551479478513018
2023-06-12,2.6421095723941668,2.6678065277251974,2.693929913156334,2.6030084941982223,2.3666127436229663,2.3462247230586137,2.632981858608077,2.723239791686936,17.481159792794312,0.9527327978629044,2.1527673662880527
2023-06-13,2.508215738863238,2.354757640800436,2.046938783760202,1.8418294790887917,-0.4109691317428888,-0.4084482788349043,-0.37152639770230156,1.4702062294480076,17.48395516047035,2.576110803575225,-0.5783630182909355
2023-06-14,1.0839928665518979,1.5658240578630886,1.5043887544735637,2.0093415625525632,1.40048431624227,1.3995161929163722,-0.73008330868868,0.28130485222829626,17.083717391195506,1.4889646747521443,1.5548742000115823
2023-06-15,1.5038500482060506,1.6778041935884802,1.8766035995143897,1.865968324294064,0.7046089530280079,0.7120173061516845,-0.2851766386780524,0.07885424417935152,17.128848967165588,0.792608396097413,0.41130222282995244
2023-06-16,1.6506861681467513,1.3128591785873498,1.7453416287567463,1.3516377975735276,-1.050982709827218,-1.0574606036287626,-0.6963405966447281,-0.5401017912400716,16.786514644545132,-0.8330381003240716,-0.8916970663702635
2023-06-20,1.0749927120356881,0.8719181923297149,1.068271659625488,0.7619422963926966,-1.436993882712042,-1.457098349668368,-0.516511488691869,-0.7993858871841596,16.605017912094233,-0.40203607431694255,-1.357439681593099
2023-06-21,0.6218050070348142,0.5052549997168732,0.6953930338971034,0.6165744245960282,-0.4578207025689532,-0.4491122780936468,-0.1893873508868756,-0.7992774362705286,16.68244314099979,-0.6245902898919902,-0.24170509435297097
2023-06-22,0.4358036953450332,0.2591251877687437,0.5087912971537069,0.2589746483776166,-0.9462879220971198,-0.948689050627864,-0.6243927329547202,-1.0223731864349646,16.317225241346016,-0.7541825026965177,-1.1123030900076165
2023-06-23,-0.046884031366840856,-0.40898759768594295,0.011010271175492288,-0.29027437779629944,-0.8985470970411706,-0.9028031171488085,0.5590513225398681,-0.645535482256454,16.797732020170443,-1.009532458971813,-0.6855117886440232
2023-06-26,-0.7537289988304392,-1.0606094705891496,-0.6810288785753075,-1.101488059631143,-0.7376031818349823,-0.7399843742291794,-0.8690212564108288,-1.0287486560196386,16.01128975791234,-0.5324796057330115,-0.6586630485412734
2023-06-27,-1.3098967027778625,-1.4533124445186862,-0.9353789341235361,-0.887015046296266,0.32137474356109325,0.3338306167718502,-0.3522060615189712,-1.0160030791559747,15.757183313362994,-0.7076945092750099,-0.14153738149726092
2023-06-28,-1.0164548750362792,-1.1361752555245428,-0.9174049596787106,-1.2556033683118593,-0.4676395334029488,-0.4647208837781988,1.1613724805707701,-0.6595611659301143,16.039106662927196,-0.5747046544000154,-0.5146774828488679
2023-06-29,-1.2665344175286348,-1.135414145856821,-1.3789813398305513,-0.7458103628072839,0.7983451914376547,0.8065958924630358,0.13490401933011492,-0.3494734790398759,16.038435478442214,0.35519015472424137,0.7981977208067748
2023-06-30,-0.08602042571369234,0.08650583489395194,0.05124223840580859,-0.20942486388606374,1.2970896650311914,1.2924360065684481,1.289537818369247,1.4199015658521017,16.432950258449292,0.22499395756046717,0.5906720495016956
2023-07-03,-0.443322082313456,-0.9004290833064651,-0.5302175131843122,-0.8227949657956787,-0.7031671119516992,-0.7012212849302274,-1.506717750853543,-1.183598507779572,15.270561329283016,-1.7968929026608067,-0.99047014909471
2023-07-05,-0.875711037204598,-1.2576940993558803,-1.0166860182370185,-1.192014204677428,-0.43998512823471,-0.4369935397324754,1.7014596264993656,0.5883126088912322,15.951627876200087,-1.1884030977802034,-0.21922145207829732
2023-07-06,-1.4389581314311706,-1.5351296433352246,-1.2039607309583868,-1.374917126738505,0.09813275612321883,0.10359230796741227,-0.2164968785942961,0.7098511799912125,15.892799910345289,-1.4797317166940107,1.2726831464925323
2023-07-07,-1.2261189965095776,-1.286816018110512,-1.1568494209143734,-1.684681372882129,-0.20156091170251308,-0.19727313420399542,-0.38226893614667257,0.36873346528319184,15.761535129044566,-0.8051623743314184,0.13980308319094586
2023-07-10,-1.2787613126538382,-1.4111255628484536,-1.370503574198552,-1.4577518758110386,0.1506843658510331,0.15559789960781634,-0.04895228042387859,0.846614986579518,15.751514805179436,-0.8901392707273846,0.08483919032952503
2023-07-11,-0.8957961837885013,-0.9954273959479139,-1.0276832699895997,-0.7286690662921785,0.8958456806028385,0.896386570665887,-0.3869257200883539,0.39272098581805975,15.626844033585499,-0.4508903226372856,0.7033326693757633
2023-07-12,-0.028942171837774137,0.5405471605044186,0.33689241398944003,0.11040277348708921,1.0759308171296431,1.07469482522215,1.3006874742466055,2.074145912821054,16.21445991138805,0.8028518145973703,0.796110269425446
2023-07-13,0.7244976203540062,0.7550312492332435,0.9398163217920167,0.9471740278925626,1.0662094425014923,1.0631217101712376,-0.5253223502217558,1.0573183884224326,16.05191321934004,-0.1123692367062498,0.801955717969281
2023-07-14,1.0868990405676016,1.1918890910986206,1.1858974054103748,1.6965701137515696,1.2547601130974102,1.2493908800535132,-0.5327437312098784,0.2769338602605686,15.859441625035455,0.9549702798166264,1.945815143689733
2023-07-17,1.5479514164586077,1.4000312971835644,1.5750004724644382,1.44889151234017,-0.3231379870967964,-0.3189867464921928,-0.3278076340076711,0.16117531937400645,15.722962137646652,-0.013484845069153711,-0.619030362522708
2023-07-18,1.3377494537974581,1.5800936514358368,1.1588768817261832,1.7685804890332226,1.255252671207182,1.2519580212489383,0.44444495537578615,0.9598961682588938,16.0023144727476,2.3244133624252865,0.9794997404225613
2023-07-19,1.7079121843947735,1.2728834390594839,1.1894359516337065,0.7353327765362057,-1.7963214818512498,-1.8061050774898015,-0.5407933695197443,0.07609387518757302,15.844842446581966,1.19576831449524,-2.0169632813449234
2023-07-20,0.23651446326270822,0.27927941134480494,-0.41341679797217284,-0.47868874478238377,-1.770756965555445,-1.7801093738234708,1.606994056971971,2.035156541265847,16.373745191270125,1.8252985963282375,-1.358579521370782
2023-07-21,-0.3024459871821743,0.23754671194413196,-0.03154964668200137,0.14143449572250005,0.8601732089429434,0.8563698777160275,-0.9568011208852192,0.03403157663708143,16.030062042577256,0.7319141438429305,1.2305264562093225
2023-07-24,0.21117570694512366,-0.3140187476565762,0.07341473108472435,0.1757636383764582,-0.003660559994417854,0.0026928783292958294,-0.9113318017657177,-1.2906935065089293,15.64012452534318,-0.8656915322518123,-0.06894203921156435
2023-07-25,0.035998206598432746,-0.8224681742263066,-0.13364362560722384,-0.07772841452033522,-0.2663788973974815,-0.25909598654975363,-0.12646874888816032,-1.2265168458447624,15.65069678636575,-1.028884821347909,-0.30476746819947637
2023-07-26,-0.5709603749076757,-1.4624833905884604,-1.60371623750948,-1.6166516754094125,-1.3107891129678706,-1.3135514347106532,0.8888806373067054,-0.08935348323352728,15.914754849489302,0.17145190548065015,-1.3276151169896102
2023-07-27,-0.5158899540926732,-1.285463160350037,-0.9150441828083592,-0.9247379052804315,0.5632912029053366,0.5662569067810981,-0.19232776148128572,-0.11480109492920502,15.875132099697026,-0.7285631159499227,1.0714940200711562
2023-07-28,-1.0542636064010886,-1.2047984001226244,-0.7425260341973138,-0.9602782373687676,-0.058597379806847455,-0.05216036198569395,-0.46307292323703225,-0.537520251710775,15.748538225897986,-0.9964638295731758,-0.6655070762021335
2023-07-31,-1.019679003686431,-1.014131215444469,-0.4523025923423917,-0.11504720368994516,0.8137972049439035,0.8133411967561505,-0.2174470831583849,-0.612488108204666,15.71808081310663,-1.2120461059015342,0.8484815599295665
2023-08-01,-0.512312491071103,-0.3325913900787998,0.2832610006562479,0.710505203838575,0.5893827368122248,0.5914291623014856,-0.6574533364300491,-1.0188908879245515,15.472976630030363,-0.86078766323017,0.7977709417173438
2023-08-02,-0.4590424404005084,-1.302964247670245,-1.8441119136829007,-1.083071080345562,-1.1628605906458276,-1.1625422823734592,0.6318282361576322,-0.31226583636113076,15.669900635671501,0.5881948126444336,-0.2716184437181583
2023-08-03,-2.0852026607733554,-1.7429371592062284,-1.5541034852581823,-1.737879477062367,-0.7335167863283709,-0.7294212996140385,-0.5804022676927328,-0.6410072772261625,15.46297635703227,-0.18243341111678477,-0.5956101283368808
2023-08-04,-1.5578257879214117,-1.3024259978675063,-1.2340367341973482,-1.4132342170120902,0.16258429687198525,0.1668294853503766,0.5417827111511964,0.4104563867261801,15.534251384580607,0.5035454617655213,0.5333320507439898
2023-08-07,-1.1621868852734274,-1.1118987237590814,-0.2880171797985339,-0.06325552248730602,1.3479851207320395,1.339738022351289,1.4784497160933534,1.9688946229268958,15.809802760712381,-1.2187106693166858,0.5722014317853915
2023-08-08,-1.3317874344071292,-1.7260045768169836,-1.0599246064572068,-0.6198121356167617,-0.43222750110912267,-0.4273834310640423,-1.5551889105074403,-1.0086005038397652,15.361966284209702,-0.9296088887771903,-0.22555786582806206
2023-08-09,-0.8356713003794674,-1.2695469106945918,-2.0897125269370282,-1.8226242996886342,-1.4028353387566068,-1.4081436532916214,1.5906833465748638,1.289566595850394,15.69381478144161,2.2368128615338834,-1.221843195514434
2023-08-10,-1.9239261394576772,-1.553878201403712,-1.4912245502991432,-1.451266396695691,0.17276504506603002,0.17767422442953348,-0.33745864028994765,0.8401185541950978,15.607953293712587,0.9110547257825375,0.023513608790659623
2023-08-11,-2.083160190723374,-2.0874305739864227,-1.7715056733283872,-1.1358544070730003,0.2764152283985736,0.28092282884066294,-0.48891904515692647,0.13752268630343512,15.480629315393141,0.47113333944831953,0.23033530138439526
2023-08-14,-1.2111720702586144,-0.1311613933978527,-0.40481530369947816,0.44713983497365306,1.7842710640226251,1.7728135079958045,0.7913280463621585,1.2856366242159765,15.686420182813611,0.6913936908585967,1.8992309889299634
2023-08-15,0.4812276293529822,1.7412617624316122,0.9674401229644642,1.716339972936041,1.0920439361455614,1.0915799286340724,1.6668626627711518,2.429743669919844,16.158488849558744,1.169957050355016,2.0845205405979423
2023-08-16,1.70219898862492,1.349353995932745,1.1479938192421848,0.40146143564234194,-1.1921313623324234,-1.1978540513086229,-1.4413050672748031,-0.3948560755299663,15.559829127356245,0.2176817177133695,-0.9537489850941616
2023-08-17,0.6127533597301905,0.5041134201416995,0.4731566855835597,0.05611650516920293,-0.32514225507038186,-0.32020013732187386,0.03715571409681679,-0.25991185335830086,15.637459860065622,0.002428406739415678,0.03663158343484992
2023-08-18,-0.22039159299532482,0.6058333556323054,0.19833688759080814,0.9658872600346287,0.8491672594318374,0.8500417536788775,1.1303889563485396,1.1798443797319602,16.057453635240613,0.7726326877348711,0.8166765860346816
2023-08-21,1.2785294193624128,0.7717488374451392,1.0891491314458281,0.9888645738117081,0.046244311590991946,0.052251989081241026,-1.1067487038378037,-0.6742386073895037,15.57529782003054,-0.7741707149365705,-0.7300014623233066
2023-08-22,1.3384501782745049,0.8333556928515911,1.2451005295893818,0.8348650867417421,-0.12565691820816927,-0.11990431315047495,-0.5778123529972243,-1.1750571259831175,15.417138249874577,-1.5277159073037239,-0.1130124081253583
2023-08-23,0.9435261679375768,1.8635929390599613,-1.1100820500769328,1.3292462581294293,0.6180789872869389,0.6205250975738356,2.56980747480321,2.2629657681283675,16.61991893498554,2.7897212836958842,-0.4365367870876118
2023-08-24,1.7058416327716337,1.194010804127473,-0.9068457001297523,-1.6517937695662332,-2.268947495155575,-2.285940867312715,-0.6276498285640496,0.5443374022223706,16.300075566066067,1.6340491096872582,-2.0176712288679832
2023-08-25,-1.4847999880819973,-1.046309622720209,-0.9483299610698689,0.0807807450885453,1.2254816290849828,1.207939009291216,-0.5982158514377444,-0.4765838090857553,15.985489658590298,-0.12106156565770813,1.0498729803707587
2023-08-28,0.02068261812222105,-0.12304182016548618,1.0724765175530029,0.5440888763585905,0.2812590503024944,0.2865884927109922,-0.7448403384551747,-1.2997717381971845,15.322871668557339,-0.7172030098740733,-0.1298199451224528
2023-08-29,1.7630751036140626,1.79547743243106,2.0325277250710716,2.116046523355467,1.376743543517018,1.3568412688693803,1.4247138341777155,0.5370810840865177,16.293770248919575,-0.431024012744718,1.136719989646237
2023-08-30,1.3342024397097878,1.5701808753836803,1.9345266508745993,1.6895373731752812,-0.058688828851953936,-0.04900091249439449,-0.7960810959781982,-0.9532175339992985,15.538598711143743,-0.8172297749716239,-0.1795555848893822
2023-08-31,1.1566895778541626,1.3320461417212088,1.4665000456522264,1.1237645785717272,-0.5335444240611359,-0.5221019381850697,0.32878765253441167,-0.19438448331860517,16.02486142487022,-0.6737223025146487,-0.4373235591843607
2023-09-01,0.9576440897768429,0.9799985168633202,1.1673332082853272,1.085010827192794,0.026052082349626478,0.03490788704961614,-0.5404433268806973,-0.6792753711186876,15.638429650994917,-0.6915646830413328,0.15163708491958608
2023-09-05,1.18727038832469,1.6309366473634643,1.2025074277691865,1.619552009959128,0.8871812031336404,0.8795257754831505,0.46066509349707524,0.27183838453584597,16.221518380320433,-0.17409964135039457,1.5778183399656531
2023-09-06,1.127936117660115,1.3840339053120165,1.2914121295660137,1.3481833438272803,-0.18297505387160448,-0.17186515626528379,-0.5467432106133955,-0.39014278304982036,15.982104206314187,-0.6390776605557309,0.30423411807540185
2023-09-07,1.1089942935550108,1.4620851380757784,1.0531620242056337,1.2391591157286284,-0.0036702004973046937,0.00583465758315239,0.321521177821954,0.924314159590655,16.289052961958983,0.18914291810783912,0.21827629918971214
2023-09-08,1.145034417307528,1.3304351619327848,1.311019910062992,1.39728445722313,-0.12022336618932195,-0.1150756706019321,-0.3679366444115863,0.678333071314339,16.175940035022442,-0.17925592879061025,-0.10271393407171837
2023-09-11,1.7090673271411325,1.3687418569152598,1.3562570316691387,1.298023256234148,-0.5055550639674106,-0.5047933623035956,1.0930616771996537,2.2421480158305185,16.91360088930715,0.5098371640001125,-1.0136731185707712
2023-09-12,-2.437886372405216,-2.367209144198543,-2.6046518118911237,-2.4911565865404643,-2.760570350023861,-2.7728603961665277,1.77229134792514,2.5896022746717304,18.043886194199356,2.610541422144581,-2.769533979118135
2023-09-13,-2.0896511145765033,-1.7775344558764279,-1.754822088517387,-1.5621282946861177,0.5837113052612561,0.5647186548679305,-1.0843031272182853,0.011072945041233944,17.11766082282914,1.3164885306915355,0.5597741303986058
2023-09-14,-1.0025616455432143,-1.1215322050385281,-0.9632189030813204,-1.0470861475534952,0.46355486044115524,0.4539740016153269,-0.7440405736417854,-0.5093123269471028,16.803699502011735,0.14137275601724758,0.2885818138191149
2023-09-15,-0.7551261405080953,-0.934991947750964,-0.7418647971912713,-0.8626148022847279,0.14299266474993483,0.15573393527780283,-0.15844120228598374,-0.42700137669089455,16.960072278665777,-0.25981970784114383,0.3884968879964014
2023-09-18,-0.7355092040591861,-0.890784652116364,-0.7328625845370219,-0.934726815532342,-0.18317517705539993,-0.15232560922824262,-0.9265981077485531,-0.9566346790710613,16.278861629935694,-0.22695074516351424,-0.23437774927424404
2023-09-19,-0.7213668448850657,-0.8270612613863801,-0.581614274497009,-0.6980591689981201,0.29513464890729096,0.2978989112576554,-0.4490982342430935,-0.9293320952012152,16.070595259674132,-0.7720228925639558,0.3276851280294808
2023-09-20,-0.5337972217108636,-0.535439174237952,-0.34625262180062144,-0.5417017859953569,0.2093147289321529,0.2177822398425639,-0.33679330642652067,-0.8822787344603329,15.987656728856798,-0.6977881154344743,0.39784405651760807
2023-09-21,-0.5852845374149219,-0.7363431822707172,-0.6649598468821759,-0.8755156625033675,-0.39964191896768647,-0.3620356815111529,0.28521266334341144,-0.6376178801912149,16.35283578127571,0.03511021648234911,-0.10385718479883607
2023-09-22,-0.7007997270751737,-0.9603329593231447,-0.6736731746945354,-0.8241581444329982,0.22140614093292516,0.23026502718688366,-0.3910985196455088,-0.625145697670104,16.226950145556497,-0.7704118922262848,0.2118296215786022
2023-09-25,-1.5428444109483148,-2.1251180225833513,-1.2220409528988796,-1.4791495469124292,0.17677829516104654,0.18823091551543497,-0.4098923627766037,-0.5722493261381513,15.944932150855188,-1.26686452466826,0.011908683277782939
2023-09-26,-1.601714635994012,-1.8522672054105718,-2.034107718233559,-2.077600758309638,-1.5670657396306849,-1.5763845375870924,1.7307656454328264,0.4348732577950316,16.396409049111956,0.5314136341861011,-1.2512213330940825
2023-09-27,-1.889907900371914,-1.8092876193045027,-1.7697294683159488,-1.5978004353859625,0.26752372353870996,0.27282993571692377,-0.7905976511330568,0.1302869278254649,16.003402947801796,-0.6087634129486401,-0.045853268934915245
2023-09-28,-1.6306481027299646,-1.1632799116740957,-1.3928768561494422,-0.9482952563283366,1.4286373770966825,1.4140981600770766,-0.38154111490558185,0.05610914377116129,15.813416747280547,1.4409857047071886,0.9190040267124494
2023-09-29,-0.6217827532162472,-0.7832465278045664,-0.6673571956350771,-0.8416729797823708,0.3386766393206016,0.34314853220157504,0.15711665264630695,0.9164197553275759,15.802850653842242,-0.5019154943274327,0.38733241311276334
2023-10-02,-0.83456305544642,-0.7937352996671561,-0.5467012135741178,-0.4549393402132133,0.8196156036987835,0.816243141112666,-0.509675133130292,0.24349981346955188,15.601168282687608,-1.0417376407094527,0.8638273425353488
2023-10-03,-0.49435550897644953,-0.705390315670996,-0.8973135321653832,-1.0222104464214699,-0.8490920838014008,-0.8448875974880916,1.3263504861695032,1.641179326816798,15.988362863062338,0.8897496487167968,-0.44161886223729235
2023-10-04,-0.8821564820097159,-0.2752059138264031,-0.45321700955710176,0.23224854414863474,1.6139920481341703,1.5975639066481209,-0.11227349001482356,1.3615996096539131,15.9951029309315,0.5444132272825689,1.7271764968660999
2023-10-05,0.2161383256115106,0.652259619340759,0.565826852862626,1.0997251401343109,0.7651148843076022,0.76543937783189,-0.40276910424624013,0.7535309039270021,15.850412395706547,-0.10893153115688604,1.1631686365775593
2023-10-06,1.0971695770156205,2.1113442061444325,1.5555796133183537,1.8340820869520111,0.8017203062100416,0.800098682745153,0.24117721071569906,1.0645747253569802,15.925190403981516,0.6415201042070606,0.1714989457698445
2023-10-09,2.1880365576509377,1.8132974802705033,2.0902593159013025,1.6522594663033119,0.07555031473578566,0.08271247966086642,-0.909983670200813,-0.5958307733686125,15.609334727564127,-1.3948779331214627,-0.5050177305557079
2023-10-10,1.4898681264823923,1.4357048666978285,1.5964930033434774,1.1047605902438393,-0.7852526655596354,-0.7814582953355755,0.8013738050723498,0.7329285723266641,15.748538225897986,-1.192255098556374,-1.520744170402331
2023-10-11,1.0969604196119647,0.9603117395327039,1.161698382121808,1.044725707287774,-0.16724842642312518,-0.16119321863511749,-0.7224640828878537,-0.32932482037512456,15.545696173748068,-1.2294511522893352,-0.46249060141036297
2023-10-12,1.0956725873242807,1.1407660717154204,0.9844586239248916,0.637952840689066,-0.640056659740648,-0.6362929193216192,0.7257703312650501,0.6119503652244604,15.702353059988605,-0.09370150782265758,-0.070973506459756
2023-10-13,0.6093810431555831,0.3097588708621327,0.39719175360089276,0.08643594741059286,-0.8119597226732025,-0.809958231364601,-0.484704678348963,-0.20105383586818174,15.586965443937332,-0.47127008390524544,-0.5294356990938054
2023-10-16,0.3591646366998376,0.20491002581228226,0.49435159930617945,0.21707897850392685,0.15193072359197804,0.15752492176597477,-0.35936153616441635,-1.0192825768106422,15.518074630603586,-1.0429509938983854,-0.7683925705808596
2023-10-17,-0.4531338974207706,0.1387364322417918,-0.43109814735014423,0.22937189430802485,-0.1611771236270053,-0.15727279856006107,-0.006729363938207924,-0.7600333852187027,15.475983921547215,1.2766006594736168,0.22216553432309347
2023-10-18,-0.3134981463759498,-0.20966074007690227,-0.11346546072695037,-1.0905249009675613,-1.11096321364569,-1.1137289878058252,0.12195415863570365,-0.3237330516974157,15.449426620969021,-0.07255018628578801,0.8766432221383919
2023-10-19,-0.37449171153421135,0.2162375908728299,-0.04272067400709117,-1.1079854526953237,0.06519143121218987,0.06843626435376851,2.2884552458210345,2.4887046105082273,15.893601312742124,0.21554339493603833,1.58167826390247
2023-10-20,-1.829363427137675,-2.5547509559217803,-2.733250737690007,-2.7568323725242765,-2.7572773451509227,-2.7621217616968052,2.6153963619801983,2.766028916626887,16.898740802601786,2.71880988050545,-2.646555472198647
2023-10-23,-2.6035732455917295,-2.375562461096337,-1.6160262298382229,-1.4994255871773141,1.1411434124594213,1.1150947593918714,-1.1010836682059133,0.301084508049536,16.1878643147739,0.2533459869120219,1.2600436037612186
2023-10-24,-1.38498306044823,-1.765713948326334,-1.1663899272170084,-1.3133216039443536,0.053682682516409876,0.06194063900920879,-0.8320326984546459,-0.5382184345433155,15.635857646013779,-0.25497836362106474,-0.4888307922791458
2023-10-25,-1.4393488117508617,-1.5660149831480048,-1.294556336373778,-1.4793557848811492,-0.4661297050606527,-0.4510546885677826,0.0060043965572045286,-0.4033239644965492,15.773024691050763,0.1277401239921626,0.019420006219704987
2023-10-26,-1.4115110124517471,-1.5574548685776748,-1.3004947897802133,-1.403717319318866,-0.10042343557333609,-0.08951342646166013,-0.10210257773182146,-0.3265944771485669,15.839122346860654,0.007463390583898931,0.27018344740470807
2023-10-27,-1.3065354042863544,-1.3058574158217027,-0.8991569575979529,-1.0060862648790578,0.5982387975112016,0.5938243759428823,-0.6571023916068349,-0.7166716614544529,15.465687453473276,-0.6978566045757708,0.6795498530637811
2023-10-30,-1.0410454474323239,-0.9883449931129028,-0.6773220821497193,-0.6637356051038406,0.6144720583366334,0.6096187802619143,-0.12503305851436844,-0.6472013942364205,15.508131043531113,-0.6823816267803898,-0.20680554027452147
2023-10-31,-0.6129703888422346,-0.5034288257026227,-0.4501131710632797,0.029322891281471468,0.9974411610856695,0.9804945196813021,0.013514425674396547,-0.5013891450733777,15.649435279138244,-0.08277488478674287,0.6247002061677538
2023-11-01,0.15849297412961758,0.6026215553623846,0.7171956447032278,1.1047922972519515,1.0346391588723607,1.0157813899100014,0.29821574131359235,-0.16659183521699203,15.967551908305076,-0.18451212258125282,0.6590824925525937
2023-11-02,1.5482837493619983,1.4915184074389711,2.168256329579787,1.8849711167921328,0.4809529529058698,0.48078746086956603,-0.6336132896294407,-0.5191437680834092,15.593559972426503,-0.6909266491150137,-0.3281733718416418
2023-11-03,1.848425365677461,1.959219848165462,1.8761017281146803,1.7344871619442854,0.39080042508099705,0.3942852159487998,0.9251168420367928,0.8277095102442761,15.800435492377789,0.36161218436881537,-0.11517511832413752
2023-11-06,1.6465129740937507,1.535453553028604,1.6376880698216791,1.598940130338355,0.3737023251319067,0.37722542325437536,-0.550210868711368,0.7178388396314017,15.617682462479918,-0.8755600335220259,0.7427163041992171
2023-11-07,1.7201398071605207,1.4920309969557555,1.5414851410503445,1.2441338840994849,-0.5498407011236679,-0.5443502885867699,0.7578334057829298,1.5205676828573245,15.818691947827668,-0.7688800135913444,-0.8486026388277828
2023-11-08,1.188175083073732,1.6037994133126343,1.3515199314244406,1.6369669139956688,1.7609341676168797,1.748671689208827,1.4877315324684297,2.275358021929249,16.212942177837693,1.9060925928127794,2.1492251249827716
2023-11-09,1.5778092395511876,1.4197284661197784,1.5768986750074248,1.3120382561578892,-1.2480580469131815,-1.2547194399588142,-1.3324818458378738,0.16458550988189963,15.740328537192152,-0.8035936772473288,0.04916777997360653
2023-11-10,1.2340089577041715,1.1582850032013576,1.1998040495019884,1.2884438262594111,-0.3492369523363426,-0.34627844714227335,-0.9273736502892942,-0.7473484168289654,15.470667447105416,-0.29884266261240605,-1.0273980849730677
2023-11-13,1.2607741897786042,1.2885711241473647,1.3662397744059656,1.360667811510188,-0.21949909772732773,-0.21583579224045837,0.16705857690912324,-0.578332527538595,15.563057046716843,-0.8971589361802405,0.39164632505360764
2023-11-14,1.5018169186090065,1.5857564825149493,1.5810601606250314,1.606832652509256,0.548860765322603,0.552945804561522,0.4128495918711802,-0.12485205505862787,15.722635476172977,-0.32437564800308305,-0.583718742741633
2023-11-15,1.584893608345294,1.297642140683854,1.2220873914102786,0.8423905650552469,-1.9953127032926519,-2.0115874387235535,0.2713934256838372,0.3053226694767668,15.815124087671801,0.392170040868454,-1.5581661616825335
2023-11-16,0.7012175632349461,0.9967711672675719,0.9070443292877532,0.8834061970255082,-0.14202321338867638,-0.13637155112020297,-0.1623903405896332,0.12647651563278575,15.827221957364674,0.340197413467355,0.10681048266824439
2023-11-17,0.8330873504415257,0.7584937537873239,0.9841314874174595,0.9739602683373965,-0.04948496941878962,-0.043877894988416245,-1.2808439965429432,-1.2097487693593745,15.382312540024111,-1.1074724220998438,0.12766681412725653
2023-11-20,1.0723221683495268,1.2221894445500248,1.3160606386258624,1.3748349189384361,0.5125794702131788,0.5162531903249115,0.5960962107113471,-0.5807557700905359,15.560929535124655,-0.7922687973015166,0.2527025164737804
2023-11-21,1.4238356179802214,1.3532221487237994,1.217179995449408,0.9697654740492566,-1.023650550673191,-1.0242084294845655,0.1244580341853538,-0.2616944799967319,15.606486553690436,-0.22424102188377706,-0.6175025057210626
2023-11-22,1.142884677319831,0.9713299659242643,1.055428018027186,0.8886727491960795,-0.20542337343638925,-0.20029606802411629,-0.9490861701104545,-1.1670545237098315,15.284237307656074,-0.5126885855817234,-0.2541356846199777
2023-11-24,0.8483694597937396,0.3846269445313465,0.7872468992614966,0.7727190073757652,-0.34821186032744117,-0.34290639305281817,-1.7310458657923764,-2.1660121384091706,14.589408349421287,-1.6720548338861705,0.07946624557201615
2023-11-27,0.41717982193631736,0.3752157575587146,0.8069364365626113,0.8308507722343152,-0.11163077277445889,-0.10683566159840377,2.51905815837937,0.48000310239804067,15.45747393570135,-1.1917375043741263,0.47211039701676094
2023-11-28,0.24367644402391017,0.2318445196757673,1.096864006467991,0.45650792714803134,-0.3889738713394427,-0.3846032130430824,-0.24146397983143278,0.2605715890888333,15.403234621881904,-1.608663908106558,-0.21662828925162417
2023-11-29,1.214683978286713,1.188331023116937,0.9822393818782739,0.40783348318017315,-0.046334719603188745,-0.04249058050682188,0.3328591197873301,1.250284334164948,15.628248596784193,-0.15105287236386808,0.24102916216387027
2023-11-30,0.6971716632912224,0.54744422840976,-0.041820112862420745,0.2333219628655228,-0.3416670689633445,-0.3400420450929683,1.1573760864898275,2.436498959977534,16.220255138788797,0.9196158498212282,-1.0440643273848773
2023-12-01,-0.27607301740441914,0.5772801833424909,-0.2640903949443534,1.7477279870257567,1.040732246305488,1.041590760183017,-0.9700171185622326,0.20121949894846033,15.562621449800183,1.2588022420381253,0.522817114453207
2023-12-04,-0.3398150333709686,-1.1307899173727003,-2.214774627214781,-1.4270548158988485,-1.7241497541134676,-1.7324128169491233,-0.2765571039339903,0.027333108957444938,15.536042696874862,1.1333122534428466,-1.3581413474358994
2023-12-05,-2.256450159908986,-2.379899594935381,-2.245938422964684,-2.407359381439312,-1.4208467828187468,-1.423170749588038,-0.10762058261382082,0.11589817199444535,15.592765510091164,-0.44291878418354413,-1.8296563867840154
2023-12-06,-1.4101544720727548,-1.915206323216246,-2.4343687469722046,-2.535916715500533,-2.0999313282588026,-2.1074686338782396,0.296201027128298,0.7359983482364122,15.871645217111197,2.1911691660220654,-2.1909325705253586
2023-12-07,-2.3244811524788167,-2.2795331575914415,-1.7726062367288231,-1.4842465619116143,1.1179321816628387,1.1124590989415761,-0.5152388566167565,0.0816509751686943,15.728425296398207,-0.7255905831067707,0.4693357187770356
2023-12-08,-1.8058760281400457,-1.4218533897160943,-1.4606995053544118,-0.8620087572719893,0.9038268877863662,0.9009483925010184,-0.15663734100574114,0.028877371318309242,15.863706629527687,0.47800308272782066,0.843975402011863
2023-12-11,-0.6864286991993611,-0.27729397804576683,-0.20542859280285805,0.09131762910931877,1.329022342538233,1.320501399516872,2.2824474577498566,2.2918177342075787,16.788189176353114,-0.15347250598857706,1.5983865463924218
2023-12-12,-2.5811645427343533,-2.5875406164118964,-2.6644968085733383,-2.674197517147625,-2.7412239284592474,-2.752789908521123,1.973536686356247,2.5523075948408587,17.870186990957446,2.48426652103882,-2.795998160757643
2023-12-13,-1.9606941658055446,-1.998680459186308,-1.9661142768910573,-1.622569769359344,0.7830767784525224,0.7541487730415467,-1.0467173680919832,0.15097705672347558,17.1962399250092,1.5582678038586413,0.5489220138980601
2023-12-14,-1.412768440331112,-1.6088362597760246,-1.4336496659293783,-1.5681523079418684,-0.29271721636766423,-0.26264235286429494,-0.591280011062937,-0.29480923162480993,16.94512670576384,0.11319380464771163,-0.2830033290365336
2023-12-15,-1.3818657118484592,-1.0681234523171739,-1.2127906874587786,-0.9069980672180561,0.951538731968728,0.9144389481540496,-0.030481064202332,-0.14866410688468068,17.22329291103434,1.6451200985054848,1.0218532221147525
2023-12-18,-0.66723748881742,-0.555654600841018,-0.5488918312058539,-0.504040813414113,0.5615364106388665,0.5514872514591066,-1.0261449004830356,-0.9717894449280414,16.416205737184317,0.3776642311715347,0.5480088045332963
2023-12-19,-0.28951088280117965,-0.38929338187481155,-0.13077948769323522,-0.17412078122804386,0.40867015469181384,0.407506031798143,-0.6083797089576936,-1.0393368842383461,16.128887310963158,-0.9811210561097783,0.37882364063310253
2023-12-20,0.03177347292966304,-0.2964103028284905,-0.13393113493732164,-0.4215387156064404,-0.2996013880013602,-0.26734406797211957,-0.36160194431739123,-0.9472368778429415,16.039268978614032,-0.5177801507280708,0.1003775428066608
2023-12-21,-0.06909796314515121,-0.19704069912978253,0.09099791105893666,0.023630907455208402,0.4811198084227303,0.47509420678065106,-0.40005170536720197,-0.8932337801809179,15.915734761255623,-1.0454686695727293,0.33578996404932904
2023-12-22,0.33854052022936937,0.11869325281316652,0.46787983767299174,0.29008726819326386,0.19766450296811514,0.20868461742189745,-0.559187353749018,-0.8757489523231767,15.552162626233798,-1.1909770178243306,0.23577713799095654
2023-12-26,1.2513221225214899,0.9316446428823373,1.0585637856611099,0.9380150218249559,0.1558934795079406,0.16909225769340605,-0.014899732229357861,-0.6973790643627067,15.567732103733178,-0.9486712271178631,0.136312239901128
2023-12-27,0.95732984712724,0.6238100256694139,0.9349624888855589,0.6767662224699141,-0.4188486821494629,-0.4106298467414369,0.5763815306903772,-0.6382174789701759,15.543158259427027,-1.0991438571441479,-0.3973975197905848
2023-12-28,0.6706384336332917,0.6475897805697614,0.7872759779907426,0.679261800703409,-0.019153531564963973,-0.011527022008077231,0.5653997461171123,-0.33573055989626044,15.554062797134693,-0.7489430332101136,0.06298084424214229
2023-12-29,0.7661877683998479,0.9452798042288469,0.28610000705343736,-0.0286379280987256,-0.9067506741337923,-0.9062505314399405,1.1499670277033116,0.3037985457741912,15.746626235094475,0.15350053174697798,-0.8238036491856747
2024-01-02,-0.9181345067174181,-2.5045930453356258,-1.8996179447489288,-1.7260677360397045,-1.1403409639207187,-1.1413997916058394,1.7422435606359197,2.4617773434882135,16.077013310050884,0.7874887414232328,-1.2064951507682689
2024-01-03,-2.0369548267225825,-2.350589506555481,-2.009212744902594,-2.178624248882925,-1.1093567093232586,-1.1117579369986825,0.008429752633395803,1.8580223553410793,16.06211782230629,0.3182670899832107,-1.091234122990575
2024-01-04,-1.8159312480281347,-1.6965368914988506,-1.2143403908485024,-1.5576639080597905,0.44039072014707614,0.44447277548968067,-1.249378175315049,0.8250330650833476,15.735707362945753,-0.890718329062599,1.2900162713061716
2024-01-05,-1.5036816201450165,-1.1534054035428634,-1.0822131747172545,-1.2498831705641305,0.29680391467376543,0.3007122675628297,-0.38617165584465885,0.5475560783053633,15.628950139276434,0.10963454742415757,0.17605836418756224
2024-01-08,-1.052263619393056,-0.35623631137245637,-0.9761102306505243,0.0056699553925188525,2.0661146955403766,2.053806506932395,0.6742403548291095,0.7771616350640328,15.766934194063406,1.7949810811998905,1.3143969714755843
2024-01-09,-0.4096395992013317,-0.4305352164343668,-0.16805105537705764,-0.5042166728299536,-0.7546157471726851,-0.7554633119652073,-0.4156548554902925,0.466104428882579,15.721372371481362,-0.5488020782678205,-1.1808092580746932
2024-01-10,-0.48124997792191876,-0.30369984190346516,-0.14824442300694257,0.08373873204458418,0.8197544406530183,0.8228748359225284,0.23449122805024294,0.4913693213111018,15.79933576047779,-0.29538244153635895,0.5812394377180793
2024-01-11,0.49110168486923533,0.39470055672895865,0.6167452971643627,0.8102925285527023,0.8258871351861478,0.8279388529766959,-0.9472491719086268,-0.33680704851310383,15.62690940587006,-0.5251081966684266,1.5769396145134569
2024-01-12,1.1310075283170145,1.7505787804435236,1.8454215943563987,1.945016750414009,1.3731946686740766,1.3684674631143685,1.9205689496769802,1.4519383593030728,16.087296282532655,0.06779922169542098,1.9564585041614793
2024-01-16,2.0410745380291537,1.6727906620840485,1.8450711573016971,1.5818561341216186,-0.1532277217510674,-0.14806835919203615,-0.9518845377907379,-0.33348540747572375,15.836687324011596,-0.6894626510370184,0.23440068623628438
2024-01-17,1.5912345091292401,1.6696817848535646,1.5267824913542076,1.2062661375758872,-0.3735906453012265,-0.36942648793079064,0.11187957455761716,0.13956995982414777,15.86597388258037,0.5263780706895587,0.21200447546181
2024-01-18,1.462542657904967,1.798053296792482,1.6105727929284623,1.790064017234607,1.4787682413495224,1.4733989469819442,1.1170401830745411,2.023935945566316,16.15368487438122,1.1724976016093858,1.1189837725663148
2024-01-19,1.8876016492695546,1.8025156010081562,1.9697343608538709,1.6998583373071754,0.17975696273962535,0.18399108695180202,0.0034250356425312442,1.5912372144118074,16.224372836346042,-0.924232377919138,-0.9873345709628424
2024-01-22,1.675141953440565,1.555057093323876,1.5848826407332401,1.5118640256257,-0.3518209804913129,-0.34779305305912706,-1.4064491447007417,-0.8537686308072516,15.828451788788168,-0.48785920541018,-0.33193226844299195
2024-01-23,1.4158866417486566,1.7143598767038049,1.3811549956735738,1.6436750899109884,0.9095588315731081,0.9091954969177927,0.6222457899459307,0.04730492170949073,16.03318036654004,2.3226909095033,1.0034922172624177
2024-01-24,1.8531474320845385,1.8762367557543285,1.9479413108470274,1.8540669772511367,1.399507428269382,1.395603461284376,0.6642377037653582,0.9927512362164279,16.275330227825993,0.3922841110717027,1.7164917540433895
2024-01-25,1.758958275854505,1.6231152060221672,1.7158517221877094,1.6131858434296777,-0.48968577133671254,-0.48710689715951455,-1.0070486718064098,-0.6971616849674025,15.998996862578837,-0.11579461608310444,-0.9092098479338675
2024-01-26,1.3622424016744878,1.1958092597180374,1.3713176654528447,1.2466206780170084,-1.2823480132588412,-1.286670872473524,-1.2805921481484404,-1.983032110110539,15.527830096145788,-1.06449293644852,-1.0905059271987603
2024-01-29,1.0300793149709482,0.7839775619709874,0.845714790932662,0.8083006154653181,-1.382320226198475,-1.3897714213663652,0.9601552334313708,-0.9830309774518202,15.763475879419582,-0.39547837524420626,-1.8533213550522976
2024-01-30,0.6333197563849722,0.5829368439310606,0.5869043003067353,0.7726609615681024,-0.3296274685602181,-0.32603567308133435,0.4915416174685032,-0.43180402881928365,15.92352753018464,-0.1594509827227029,0.05442454125694436
2024-01-31,0.6319156294461913,0.3910306234623419,0.11382845151316247,-0.2983199849494497,-1.967379147888921,-1.9811629339111712,-0.4931184437873411,-0.7017459890132876,15.815191779178885,1.0671210530814854,-0.7669196714077098
2024-02-01,0.10869046172798576,0.8614620167284353,0.2898059941606392,1.178833805731664,1.792642801980821,1.775476411300598,0.25664327201665693,-0.23825055419396918,15.88011773755378,1.6038943609699277,1.5323314957632925
2024-02-02,1.3274400061768237,1.0720677287211657,1.3215686345817208,1.1303620996134005,-0.21085377565536287,-0.20444278020509507,-0.6091459366452951,-0.6186527926181997,15.687220576773285,-0.9645189999554857,-0.9374557033177806
2024-02-05,1.0398623173070727,1.2345348324576533,0.9817272029128372,1.333746846755083,-0.03186510561709693,-0.02489993593308573,0.866864192184256,0.3478904312747005,15.905459329855486,-0.21447729500617096,0.3714813638668948
2024-02-06,1.8003588230219683,1.3598654618134514,1.0944151310530177,0.48974374807265025,-0.7894249439863611,-0.7902959017994,-1.4719086193233308,-1.354307087395583,15.349686201531227,-0.019539047104376973,-1.0129351960760478
2024-02-07,0.8462384615727963,1.5213145208235375,1.1084029393265968,1.5044958109713262,0.9441003769376015,0.9478590506669667,1.9242638765522553,1.3131817130083314,15.85320532869158,0.4566134219911505,0.7873113113754721
2024-02-08,1.475535687047392,1.370397346449535,1.3372837833562943,0.9538282748869041,-0.42767364281350373,-0.42448090510980635,-1.150672983135129,-1.0513612162465358,15.313525392268149,-0.3042174275463497,-0.4453439778938001
2024-02-09,1.1744029710386046,0.8501802332947391,1.0038991852990076,0.7802445568945038,-0.14208724094148723,-0.13607934374623082,0.6935687380751616,-0.0016681926570844285,15.571142033315374,-0.743184834776825,-0.45127755384313584
2024-02-12,0.5333803522295083,0.5260676081559033,0.6314710524167874,0.19356403967221356,-0.5751294854480253,-0.5736923779506156,-0.2551293920649397,-0.23812263030017547,15.50921627055397,-0.5727468734738039,-0.566553541575294
2024-02-13,-1.1413737038725345,-1.723802996010152,-0.9766758419850439,-1.0898055372300317,-1.10734237756119,-1.1166658328154706,1.2176601201342576,1.8939502295309454,15.916187645899814,-1.2015967796683826,-0.3891332694784003
2024-02-14,-0.8503227391868775,-1.450241175909257,-0.934375559737509,-1.3284089517408308,0.18455369223937365,0.192002775427569,-0.8314940175518775,0.1472140390323446,15.598246268605132,-1.020878023578379,-0.3524294194156115
2024-02-15,-1.1839463816363176,-1.461341566720937,-1.752120313781663,-1.8421406885255973,-1.0206146811656227,-1.0225302108247885,0.8728126871597136,1.6315302799824944,15.95033961998848,0.25831980881692085,-1.676450291597496
2024-02-16,-1.6255210509596127,-1.6842274920221578,-1.9073774018848768,-1.899937252089247,-0.8512980207288545,-0.852704841982312,-0.11255356536071941,1.3521938445912587,16.00505023752605,0.5292982630416455,-0.4079775654196133
2024-02-20,-2.060926446509093,-1.9733258088375445,-2.2677804586903116,-2.0822939981050435,-1.5357248804576973,-1.5489515018067486,0.3390527579202069,1.6741945861394019,16.211185276246237,2.3843755375560534,-1.4933739894383522
2024-02-21,-2.2213771010493146,-1.9601284035567537,-1.8524666070721456,-1.6072954889823736,0.2969248271749921,0.30240398649543937,-1.080942728675206,-0.05064438837600234,15.87826374546143,0.2233320395567432,0.368192444437672
2024-02-22,-0.6124127061665631,-0.6821482737885389,-0.7424775941207292,-0.5991685510810051,2.209258521814849,2.1934745400565068,0.24742824361722945,0.3647184801991407,16.008035330722546,0.7448369118791656,1.7188129844439257
2024-02-23,-0.3197360571780747,-0.05506306006295094,0.0026358022580794073,-0.16197546615859137,0.832122806411939,0.8368264739024862,-0.8908408373348474,-0.6811500773986111,15.831013531831879,-0.28685283647780213,1.5999120345479936
2024-02-26,-0.1705460297172663,-0.21036447204018963,-0.10856363982839723,-0.3592638059618343,-0.25856131583696085,-0.25357714310872503,-0.7059222139038696,-1.2769079150103206,15.66284679273765,-0.3663608029915644,0.09074634482587973
2024-02-27,-0.5551000702674174,-0.5027251120896125,-0.3830657660944572,-0.007593409893554339,0.4927911018642533,0.49948829138052725,-0.04366865269819819,-1.2002053581957892,15.70153435725612,-0.1604061176270272,0.7660415451547641
2024-02-28,-0.1686493711262151,-0.1318544938705339,0.29335893951559777,0.26747639433580445,0.30371291113435644,0.31000147609682993,-0.7704095083127737,-1.375937780986798,15.479114823597024,-1.4397044112912627,0.8784535218941143
2024-02-29,0.16256795958929765,0.24972386165245902,0.24585716093497345,0.5013634799794033,0.1540024047655789,0.16058965558109556,2.517168189453115,1.1779178745188894,16.316446466670016,-0.10979972542062454,-0.11664692159169786
2024-03-01,0.34136331268603465,1.2363716898624701,0.8328703000561959,1.6675698878205556,1.182177284336225,1.1782176117097778,-0.909643893091276,-0.5328561621272897,15.844145660407566,0.7929297413630857,1.316243183800232
2024-03-04,1.3723444037829646,1.4027931416336796,1.5468931566546156,1.4425593750670342,-0.005196714594796444,0.001210782141917124,-0.36061839141827695,-0.7111546513905855,15.700775701066826,-1.0723776120285813,0.4104237949104844
2024-03-05,0.7862844003836367,0.47560208415626676,-0.10783615488112389,-0.3803856252177597,-2.0336754447839747,-2.0523561908671746,0.42957126457882006,0.37451181957373963,15.924753712210666,1.7779927070871429,-2.1237571617441846
2024-03-06,-0.4391959456497688,0.2013720755636352,-0.2866336673215559,0.2667359531901104,0.5513597093026498,0.5532757863770124,-0.4998476158533429,-0.3607729773334757,15.71857300141707,0.8530382817405896,0.660336179909067
2024-03-07,1.762606174827644,1.5412298383647338,1.0112548958559489,1.679374486994115,1.227425931306324,1.2158035292210339,0.18933655688026574,0.3682846658967875,15.852840341444484,0.9425494563040204,0.9320953869006977
2024-03-08,1.4528949866523544,0.957036730176926,0.3067475433127435,0.036567181041443145,-1.2466758663165918,-1.2473689143227673,0.010604143194366653,0.6291480787944397,15.932260047126942,1.1473163672035538,-1.2614996446928044
2024-03-11,-0.5435037855732671,1.074205563993498,-0.06730890688076316,1.0942488678307651,0.7914926062560171,0.788853178391763,1.9306495385497717,2.52810834907422,16.832921198514285,1.6843757387580298,1.3698149011311025
2024-03-12,2.762932085817597,2.7920227143371155,2.7836713038414467,2.750705880211926,2.616314587728602,2.5910701234567237,1.3899948039748815,2.4813435389005702,17.697818429531726,1.7764860660688686,2.7120851999892466
2024-03-13,2.0088557082540657,1.8387230891307673,1.8944807184773795,1.6802976263313674,-0.6989157649108972,-0.7145632366660504,-1.2865513239149298,-0.3581210365695994,16.579960058926382,0.9029485510273523,-0.6879692576400512
2024-03-14,1.4432908025021112,1.3208067038201314,1.4601555207866357,1.3193976925446682,-0.30582489267701846,-0.30011418008703467,-0.6616026849479067,-0.6413102507939306,16.210301107000948,-0.30540264190097216,-0.23890479433519293
2024-03-15,0.8107343807731484,0.875728353647757,1.0141357911063755,1.0714084055029118,-0.2588727369284009,-0.2516796593246972,0.518585273121228,-0.2351752817179311,16.697043423242018,-0.675585487424823,-0.12433571486332481
2024-03-18,1.0223833439213732,1.040626044081475,1.2030895307142149,1.1296400107250246,0.144707505284635,0.16694088867177664,-0.7847094650688337,-0.667282345862113,16.319517055476993,-1.395549431512523,-0.0019658553629819556
2024-03-19,0.8979326388374348,0.8823197173820554,0.9439350310464512,1.0895692460730562,-0.13337666412210794,-0.12167630433371099,-0.5080044572301571,-0.7486327145461953,16.139955083148994,-0.5410786618542522,-0.25901869186055015
2024-03-20,1.0027481993520855,0.9015555462756005,0.9890109910381076,0.9118808900432259,-0.37506401215406254,-0.3744634992178407,-0.5316279017809427,-0.8169741213083024,15.940558749423738,-0.8657521508265777,-0.6071865637426699
2024-03-21,0.8987888782664195,1.0122835133933594,0.9070615302960628,0.7172201872856706,-0.3714621741832063,-0.3715554081794529,1.0593535460707688,-0.27724305312350933,16.697088261262156,0.5674650956596864,-0.45676596856280705
2024-03-22,0.5241633606999389,0.29727784977507726,0.5575494829995226,0.3714709331149346,-0.6042053973525254,-0.61864759595359,-1.0308489560107263,-0.8420989941214816,15.710999363199694,-1.4074177698238102,-0.5590657882993493
2024-03-25,-0.05185025542576029,-0.7616188876280361,-0.09313404691085088,-0.8013503056407761,-0.6172734845045249,-0.6333821276250914,0.02868373964558736,-0.6082164080408339,15.823201097652646,-1.1536648382511614,-0.5385119504217168
2024-03-26,-0.5872831746817476,-0.9708509844326593,-0.2999068007954874,-0.47501562308084044,0.37474228135973264,0.3790834472404145,-0.012614565467028788,-0.5002332427940646,15.770508006445189,-1.4761051721005147,0.8244126660272431
2024-03-27,-0.22989043185549127,-0.4557773061074446,-1.0804472932886116,-1.1980791930846697,-0.9812821430225371,-0.9836181947456261,0.21763911174924355,0.16384979146873097,15.909335781726288,1.2037062170672983,-1.716328512859466
2024-03-28,-1.107067878795063,-1.1341338964911116,-0.6732820018443069,-0.9967392445350708,0.27320819908765265,0.27759344778809375,-0.4741048546625556,-0.25489331208517935,15.700669443255828,-1.3496163470420734,0.3704756840429346
2024-04-01,-1.27516671001013,-1.1167273148123391,-1.235183276912149,-1.0697605155577237,-0.1075760479798141,-0.10352635959955644,-0.6809196292473174,-0.8810611722442346,15.23465949787496,-0.4387513676397629,0.38009443902718837
2024-04-02,-1.4791058643067965,-1.3783705495977023,-1.4997681869456796,-1.3809555273604648,-0.8487076726694307,-0.8486929867239945,0.37830149597946794,-0.10101310291490807,15.397042906804401,-0.5851030715860995,0.2592853358176872
2024-04-03,-1.2787033543782416,-0.621568044187023,-0.9511869894649116,-0.19288266303257065,2.0751956340568483,2.06607244445475,0.9339277365142565,1.4096390845066877,15.821036551283434,0.36734716425974345,1.8681235148438817
2024-04-04,0.37286557093838013,0.17155385811227145,-0.7990081993266147,-1.2618357414108181,-1.3011830569144767,-1.3086711977715768,-0.1385568151011704,1.2316194071587367,15.842118277146971,1.6261111971729802,-0.16112330365499247
2024-04-05,-1.1089945673169799,-0.7596702361142176,-0.6401865416371848,-0.6866385137688127,0.89685151421748,0.899044856077098,-0.8807157488282248,0.47039105741010895,15.404358136943141,-0.14397882670659248,-0.32148936791422633
2024-04-08,-0.6204203587810533,-1.3196325218130176,-0.9068063443414227,-1.1356041196404647,-0.17739457755574772,-0.17341656475810155,0.7928530986327865,1.2202276200674427,15.626942090409836,-0.6233243998583547,-0.22017843080842317
2024-04-09,-0.6491688914044278,-1.0552364915543149,-2.2187681723309285,-1.529483824456241,-0.4292637674367245,-0.42656537826804564,-0.3474543634368774,0.7419335726889018,15.53198975277613,1.3037290902814151,-0.6420670005097354
2024-04-10,-2.011642923411349,-1.814411971008084,-1.698614023259446,-2.1145365755198333,-0.9150537860823487,-0.9172986065294806,-0.6369263080191632,-0.12062609001201495,15.321785760018418,-0.4302319233512883,0.009792334555751738
2024-04-11,-1.4473003106202675,-1.0638430015859819,-1.3074630626709043,-0.6891110319895207,1.312698174075646,1.3099435388998428,1.6740349276397397,1.8588812595188065,15.805465069844226,0.3664251949544677,0.8237238212453073
2024-04-12,-1.1530016455352377,-1.810672042758015,-1.6062571369053535,-1.7842498345261615,-1.2387598092700467,-1.2450676414989557,-0.5719689506591278,0.8516880961951875,15.638381183778698,-0.8250883003509992,-0.3141866780237251
2024-04-15,-0.7426199182204322,-1.1430919336255358,-1.7254527232519967,-1.854263474543703,-0.5207817264391884,-0.518878753115292,-0.738208697546206,-0.2611135122787839,15.445045368118256,0.8494888004707895,0.406933796028171
2024-04-16,-1.456696545316889,-1.3694652711244952,-1.2149511161633673,-1.1508293535484557,0.7495283435494147,0.752508586189741,0.8582338587045217,1.1439355299848781,15.76142084987672,-0.6913583874418229,1.1553724830287604
2024-04-17,-0.8543861249154389,-1.257344836381264,-1.47830862247529,-1.7363330742500096,-0.9795496069699605,-0.9823020836506446,-0.7736768689593778,-0.33275906181012177,15.495705305186876,0.15633057873793538,-1.4700240092518448
2024-04-18,-1.7034555558166335,-1.9251349347195095,-2.0555990057903073,-2.009827183736479,-1.4071259529855853,-1.4155903996929011,0.6666442568650853,1.000226804109433,15.711990488058783,1.1865646934895366,-2.051947356706826
2024-04-19,-2.031087621002698,-1.9984264443766802,-1.8825058738310703,-1.7838453835134507,-0.15992109908062216,-0.15575596383639276,0.5111656401423214,1.6554805882141743,15.925760242493793,0.13780955824683203,0.3007760381911507
2024-04-22,-1.6170107834872416,-1.6357366198629124,-1.5396827248135403,-1.4897727490635888,0.4472036326838086,0.45229706196643055,-0.6279199057718875,0.47137450543151016,15.779190597436422,-0.4355071806350509,-0.9021702913732572
2024-04-23,-1.5698521853703,-1.4450621462549007,-1.1276202002188027,-1.0850238917048423,1.0200757035170427,1.0211959497852765,-0.8637582970643939,-0.9036934642015061,15.519312930423416,-1.5063953363569902,-0.3519582178307582
2024-04-24,-1.1926954471189033,-1.2003243109459383,-1.1662030021437748,-0.8243447855615196,0.6489302341252315,0.6517349110171694,-0.02005214247777248,-0.9295233300497104,15.571953854722642,-0.3597433382510362,0.6418259670483426
2024-04-25,-1.4107818903857592,-1.21061196173203,-1.2828425844960167,-0.8328473682967432,0.3095838186603808,0.3133830656381268,0.697195965627855,0.18208895338397374,15.731933192237031,0.26820039113975763,0.5645066875863572
2024-04-26,-0.1767193161088531,0.35183581479133585,0.0667245667388241,0.22108700726546535,1.9025985932182503,1.888901702886856,0.772065941329555,1.2268992172633153,15.938382808508283,1.2298427074359075,1.3465817154394224
2024-04-29,-0.012614909444150476,-0.19239934518527513,-0.13132300789870896,0.06009647521185932,-0.2762291983814863,-0.27151268933555206,-1.6540704203656984,-1.5724535650266753,15.42376797388647,-0.2517762990226333,-0.570232233359506
2024-04-30,-0.6836770253828254,-0.8426976414297755,-0.7872813311804794,-1.3383106876674153,-1.3399210648809976,-1.3491594183564992,0.9335346279973361,-0.39829977931123817,15.64564118085417,-0.5878721362091887,-0.2686367238081607
2024-05-01,-1.2384550375723957,0.025460201283496388,-0.7934827366179856,-0.6375033848997606,0.8342954980887697,0.8354993558759043,-0.5780740557824121,-0.9131177797396439,15.535344466716648,1.3656848054020478,1.4786954552229554
2024-05-02,-0.2014462772592225,-0.5191445813733496,-0.06933036850547868,-0.21866391480315153,0.3212144116313788,0.3254700223008794,-0.44778294425264936,-1.0410863024690027,15.42514865036103,-0.9023971839544521,-0.5436220179465301
2024-05-03,0.4740774965859795,-0.13784980704822591,0.7076455742511706,0.5287121672746018,0.5666912314054764,0.5681834380449693,-0.31252046144254375,-1.0779824319999505,15.316249276440448,-1.2578075011683751,-0.3603876846245488
2024-05-06,0.7437455644541218,1.3267377560383953,1.4377038415640073,1.9859962527723272,1.4237373570094456,1.4120397188014828,1.4145053445280165,0.6517954476555314,15.615965610783253,0.21084330852348943,1.3933455262684764
2024-05-07,1.6135568349716554,1.450545622672673,1.7433722157812948,1.319638196903846,-0.4530658176733385,-0.447585885316946,0.10378454946811697,0.795424622232876,15.677682046767663,-0.45247769131192667,-0.6128590459816106
2024-05-08,1.1389775849749952,0.5646406874711039,1.2760405233734278,0.8012917398118603,-0.4794009708940546,-0.47442615940114913,-1.1683531574175572,-0.8191831917873719,15.34936269914495,-1.5479856772843321,-0.4977958513707076
2024-05-09,0.7802938546606231,0.24967727435340084,0.7324878717054361,0.216948563625375,-0.5897203651532388,-0.5855529987091854,-1.022931972242216,-1.5078382464539677,14.989910668952184,-0.8744163936179541,-1.0956625151983694
2024-05-10,0.5858392684335093,0.33336656306816687,0.31230568498082456,0.2777080709294808,0.055268196300629374,0.060564480168613224,1.186934055364531,-0.19770818293611284,15.231970575987116,-0.05992616355704873,0.1775496200192407
2024-05-13,0.5566892170274932,-0.03627064957834076,0.4567513803189006,0.08273232088636945,-0.21586212056768028,-0.2106580079933584,-0.0015205017745851012,-0.1292205361664825,15.236206587347361,-0.9794799084869994,-0.028858937223664217
2024-05-14,-0.026520480653775838,2.4296648462297203,0.25589531763867807,2.1550211507341226,2.299568351059429,2.2899266672755227,2.790693918556011,2.7846713500383626,16.6953380870181,2.597300979232009,2.3746728616230164
2024-05-15,2.2330041476925837,1.6106459006113467,2.244027196159729,1.8575980724232866,0.018033719724526987,0.024494313354540793,-0.8009537173065391,-0.007907200008598434,15.703277085332653,0.19681905778912098,-0.4425626112164402
2024-05-16,2.2145901081299164,1.4091737003591043,2.1646522528919325,1.6219289347222017,-0.1294181375915939,-0.12442785488307859,-0.418141123318242,-0.36632015414423946,15.45631166316524,-0.4907347054316398,0.3659949005690721
2024-05-17,1.9447153731460018,1.4915682011603844,1.8526478358492167,1.6505446326057065,0.3120707830608266,0.320334591634583,-0.07094373369178913,-0.19357895424141458,15.636731899169945,-0.3646417572264124,0.5091745742448625
2024-05-20,1.6373837575681078,1.4715320848632227,1.6996481660179148,1.5295103779267851,0.23430459409192614,0.24231834743381742,-0.24247580693219492,-0.22182402708524207,15.605435178219368,-0.3545269518604285,0.35964347500781707
2024-05-21,1.4374562774490682,1.3363225521584214,1.4767197377043668,1.2412859562161678,-0.3669018575771657,-0.36594801647046993,-0.2677236208838781,-0.27544509393088906,15.529218571770569,-0.3280820572069264,-0.37052480368949287
2024-05-22,1.1921828337017604,1.0395686927834462,1.0415121838757724,1.0051311363251376,-0.49980940509743527,-0.5012286235547517,-0.20633382292536384,-0.27646668224821,15.556853716563136,-0.14077457843915728,-0.10513909687336594
2024-05-23,1.3857088832300484,1.2502951590021378,0.8180073797160339,0.698694047864621,-0.8398015761999843,-0.8481922848374205,-0.2041121330842296,-0.2996018400504322,15.62520833602696,0.7023602823455692,-0.1752031767290675
2024-05-24,0.37768994554553503,0.0700833275528886,0.13551158114307518,0.1507095618831574,-1.119206419322245,-1.1329877711363967,-0.10053210592642638,-0.15925612481741871,15.784872271082069,-0.13371899974937712,-1.5552482533876495
2024-05-28,0.16260537904422573,0.4883750881851113,0.5536563748169226,0.8329119515750798,0.4584440806342326,0.4666866533710741,-0.28852765155740573,-0.29640777371764565,15.748682924831128,-0.3661058479939219,0.563780271837068
2024-05-29,-0.2660866334173678,-0.2196646900295282,0.3052839852459681,0.10516621598504301,-1.1265646561906129,-1.1273542074467104,-0.9317465545734955,-1.5928591964320997,15.370513614892246,-0.9872576961413699,-0.07507853691951681
2024-05-30,-1.9410422809011627,-1.7932505723483643,-2.5630733682071214,-2.6597523698887264,-2.6276113210607552,-2.6382436942526213,2.660176590504585,2.7488147901044484,16.199823184668876,2.2687650150122844,-2.546133431333419
2024-05-31,-2.308596658866299,-2.4017860374642286,-2.2139032015832827,-1.8472812364663938,0.2551670577988402,0.2585774697916531,0.06340418899944239,1.9896818472147368,16.361481027224944,0.7305741341040409,-0.2011901558479173
2024-06-03,-1.4964977135713915,-1.3290392613126292,-1.0815746136359152,-0.9486716478362796,1.0749538564163774,1.0547615441780518,-1.1081345094858124,-0.24759057608860083,15.797380752827411,-0.20688162128609708,1.0702598317392498
2024-06-04,-0.8541919961213696,-0.8064724844758328,-0.5419449043447654,-0.5622245785315839,0.5154646036461311,0.5131300559401372,-0.16033877147259462,-0.2760991507618338,15.812656992639312,-0.5844267518824494,0.45372554881778937
2024-06-05,0.022208120707009078,0.08468425142244204,0.1059411354687568,0.34588507682310843,1.079097100251334,1.059712497571105,-0.5682373936178331,-0.7941986084616358,15.602877226288028,-0.10051846919523934,0.6168775392923924
2024-06-06,0.48296189653152,0.6465224823959692,0.7236069867604327,0.7029430345083394,0.36598906327991293,0.368163531292978,0.27781007176872374,-0.3588355267918718,15.809829982333538,-0.40671075702359477,0.46950599614256444
2024-06-07,1.1320301418139274,1.397731480831051,1.054982151848818,1.3755890031265252,0.8094971255118019,0.798009254056313,0.8530546615967829,0.767602197891972,16.261763087388314,0.5716701667485318,1.0202748639190404
2024-06-10,1.4510669248030237,1.3646216005422425,1.1378574681181284,0.8334467098764902,-0.5754966779031672,-0.55900893794193,-0.4715327833065768,0.12842029926276285,16.136956756730807,0.4205932976338749,-0.719084923251782
2024-06-11,0.842224259913962,0.6748323567231016,0.6299832509930354,0.6688930802469254,-0.2147910319454657,-0.20202842235069865,1.1061778078989448,1.576359029608471,16.726441791750705,0.015820680810974604,-0.3124483426057153
2024-06-12,2.320730244310989,2.5190179247482805,2.3361830036185616,2.5304931613578523,2.5252485615231577,2.4812249547900564,1.4583489756220227,2.3542605192817248,17.52593868767389,2.3443472179078846,2.5581682195731377
2024-06-13,2.090461790585066,1.8573051890324555,2.047876749463172,1.7599676416508447,-0.5372133898087568,-0.5487084539425869,-1.4377412842500688,-0.576483150577661,16.43532688968289,0.21998777234722747,-0.5233700183053913
2024-06-14,1.49975269676138,1.2647968343736777,1.4704824441477051,1.245395147211296,-0.6961918265458024,-0.7183625112062423,-0.5165508673046215,-0.677751123136821,16.243035327769157,-0.3960653782734543,-0.6504204497077758
2024-06-17,1.178257365496971,1.163678828318357,1.2723280334685088,1.3008273637177494,0.12135923607564926,0.14472897017022804,-0.32084512759281797,-0.6858065534130753,16.234348716807563,-0.06578651695663286,0.02592941412939822
2024-06-18,1.205187016590401,1.2723270503202362,1.316807040614482,1.3482484428848314,0.09469886254988691,0.11677266345838733,-0.2453102972765215,-0.6471761301595929,16.269047018439284,0.20625189198368385,0.1272852866880919
2024-06-20,1.3632311829527346,1.0715171813509896,1.149368224288052,0.9508696522518149,-0.6466373264156371,-0.6642029670611937,-0.7155216111050057,-0.8822287725116718,16.006046259006514,-0.1865295684306835,-0.5692333550624832
2024-06-21,0.9768687465023758,0.7308217437062585,0.7963504134993336,0.6370341286019331,-0.5505755568586465,-0.5616406298670916,0.7935384655079744,-0.39487869790751623,16.518943515986518,-0.30918430214430553,-0.49698263185963143
2024-06-24,0.37445693750517645,0.31886283722305436,0.4824227800416885,0.2985250730703417,-0.5069614904622958,-0.5163750709782973,-0.971739260641252,-0.8520277363335547,15.868775076486314,-0.842601345299793,-0.423945482395626
2024-06-25,0.05969631348255448,-0.15891945241471087,0.08218834104936497,0.0007031810300939289,-0.38464113831462504,-0.38599272789994277,-0.0662881372096731,-0.6829591904114903,15.95199395808063,-0.9816272189049031,-0.45641168040607893
2024-06-26,-0.24371177680050773,-0.6531664315249901,-0.26170085346187244,-1.1561763224538855,-0.4159208611439213,-0.41927472281963574,-0.16811152691256562,-0.5264388908468488,15.89947946066148,-0.4982646933482312,-0.4365707805659727
2024-06-27,-0.6369872021228464,-0.34835397975683796,-0.22429418879870677,-0.1952209699133986,0.9763674846646959,0.9815435210749688,0.06617581844424394,-0.13880491086931393,15.832837438582862,-0.5942420550482239,1.1549010528447468
2024-06-28,-0.49791517481622577,0.3295202436144053,0.040110767017338456,0.23666395691203274,0.4259144597882602,0.43287158191479974,2.6631992446509822,2.723624153545186,17.06645856756968,1.081671327084946,0.8367440398116119
2024-07-01,0.4067309312666004,0.7740632924801333,0.9949405528636474,0.9643947200052074,0.6850401957061473,0.6891574969354027,-1.0360609876939522,-0.5026437644631708,15.695342105328438,-0.051692786884020236,0.6334088638327935
2024-07-02,0.6754128769136221,0.7056553795718882,1.510916203998814,0.910451947089284,-0.010206628831471165,-0.004617758984622028,-0.2861994911576275,-0.5040632439601698,15.593931631657787,-1.7439373739275477,-0.4794481471813223
2024-07-03,1.008266885439272,0.9713480765071333,1.6392448354225466,1.4904906050286488,0.7668868825295289,0.7692001239080556,-0.5687045330615033,-0.7663507743687097,15.08549607751951,-1.8475356994993322,0.38215486795658354
2024-07-05,1.5923114304437362,1.488856067327341,1.5713841409419886,1.4465445280913394,0.18693838967425738,0.19094881734231556,0.3571875198388275,-0.37190297734073174,15.495500312725222,-0.8868193020288999,-0.21975118461063295
2024-07-08,1.374499460152057,1.0601974957658293,1.090771935049991,1.2407379349884278,-0.13234963066920943,-0.12853977528471325,0.47778076340748704,0.3956242133474585,15.969897337264687,-0.6800776113624862,-0.01926432133515356
2024-07-09,1.21805716735964,1.0421029033015123,-1.0228602252970422,-0.5437791919305243,-2.395876469245749,-2.407143627536911,0.42192726364825156,1.127472517264927,16.478158918041284,2.6282762464136518,-2.2324927037410545
2024-07-10,-0.465379647247842,-0.7438266436778409,-0.4680190869018649,-0.10184367444580789,0.5994539633594337,0.5969122690594544,-0.8615862454673064,-0.3375236897691197,15.664012771320259,-0.11224817796110549,0.03992936238011749
2024-07-11,0.09879074132759658,-0.09030221034673531,0.3828214742390583,0.21729518023001565,0.325805202371861,0.3267640022519076,-0.42633383505784705,-0.5165187260601529,15.472805056061832,-0.5129409416492698,1.0966217071547035
2024-07-12,0.09760004845861693,0.9380113468119862,0.06344267907192458,1.1844896172147545,0.8325372284461151,0.8235596781520748,0.15256173022676878,-0.11723212717982506,15.811815161857588,0.4876669453083185,0.5618099689173179
2024-07-15,1.564293138844414,1.6739174589885262,0.2623006513379309,-0.03082600242116169,-1.0018103346392415,-0.9931273241264961,0.27900177207872134,1.1803694921032855,15.97743041573699,0.802450466557298,-0.9769246336650956
2024-07-16,-0.20888581089602717,-0.7113987316499397,0.25982692303371413,-0.3505991777827996,-0.2527275793127362,-0.24525854220288787,-0.6188653659441493,0.453233389067388,15.78701897210068,-0.6769239262683588,-0.47536360814727857
2024-07-17,-1.5912115866444976,-1.5801602707107263,-1.2587815326346312,-1.864521633360044,-1.4233112215227324,-1.423487119079191,0.3276857529129111,0.8808289557933611,16.030029281295935,0.07621499464437208,-0.4312206802503243
2024-07-18,-1.6437906335085797,-1.8493852900353986,-1.5185605537064504,-1.7727669063038733,-0.3269946089095123,-0.31994663030755083,-1.1351483266471742,-0.5486774098210088,15.607053503752821,-0.12750749230059363,0.2518278756391354
2024-07-19,-1.5877925419669625,-1.3087554521066922,-0.9420570415535666,-1.2389755843312384,0.544309919257222,0.5465480118876669,-0.17440840764485124,-0.6338525507295115,15.625748412053332,-0.44528940077851087,1.0073484943547426
2024-07-22,-0.828116870246378,-0.9779700262936242,-0.30703817498660746,-0.4313844919025352,0.9600667571235121,0.9558985253286992,-0.37021494923364145,-0.7318166281229622,15.499536513014116,-0.8644670402470663,0.269301649755856
2024-07-23,-0.03821489070388311,0.25267926009730335,0.652657159619199,0.7561685988144253,1.3830911407995348,1.371763768186664,0.8832894541826574,0.5065977744956544,15.717230098656714,-0.6224485918910212,1.665612358856372
2024-07-24,0.10272389739080466,-0.045338511556377484,-0.8495053261912968,-0.9740977869310649,-1.7007228313722167,-1.7125441946340623,0.6000405976066538,1.0407042840485092,15.897299467419389,1.3095716045495818,-0.7174557851516389
2024-07-25,-0.5146975933509549,-0.6745233357539817,-1.0046460684530722,-1.105114782619459,-0.2106213031177362,-0.20332932417514243,-0.4652110205074318,0.4904570272167905,15.850817462919922,0.41835096570163777,-0.1439844152479752
2024-07-26,-0.9077181773489446,-0.9880614797662381,-0.5015053729844092,-0.49108879858636206,0.7945163707194903,0.7956996696327412,-1.3829591445490719,-1.1277884993121603,15.452447093675408,-1.0005717341514018,-0.11736420538024997
2024-07-29,-0.66453649850458,-1.1036031473651586,-0.6672576999613274,-0.6737788499462715,-0.1133364607484274,-0.10614066746609402,-0.7118490014346098,-1.3725297206187275,15.215362843649654,-0.5132175165581877,-0.5523176199940223
2024-07-30,-0.7055667279263966,-1.0783564313508733,-2.039109016810493,-1.6895026546496312,-0.8689269432870753,-0.867421551819337,1.9080259008359084,0.512377991807465,15.688189427381731,1.7695388086912955,-1.2623145974988026
2024-07-31,-0.05708532137773068,0.5256420669230031,0.32371828440339784,0.2947378968275393,1.5434622721705988,1.528827293081536,0.3193186219113644,1.290250047207806,15.787923666006334,0.11552263327829962,0.9869232923307208
2024-08-01,-0.4296021419768175,-0.44504616665988894,-1.3019479274116255,-0.6870454512595456,-0.7507794449573236,-0.7472182205015719,-0.7600824579412824,0.16128369728422037,15.591614956878146,1.4052549260752765,-0.15817572381486067
2024-08-02,-2.6292625676719608,-2.472463629636706,-2.1396158035306048,-1.9218391738276221,-1.320038808505564,-1.3301789636459151,1.1166189706694067,1.4591126954634654,15.9259178000896,-0.2733597399340017,-1.0457106217879404
2024-08-05,-2.348397214780088,-2.2815436213482347,-2.263965040125608,-2.2415055096124377,-1.3974840871272045,-1.413957521648694,0.5145862539270352,1.7843675976328948,16.15298014938352,0.38408271139392175,-0.7610371435312702
2024-08-06,-1.3542997282945095,-1.5393065416185931,-1.5095207830076842,-1.6863338928477918,0.6512405126558224,0.6580971349232472,-0.8316693614263883,0.4516652792386934,15.940630403184201,-0.09039085044446395,-0.3441592192668942
2024-08-07,-1.345476778282015,-1.348847286568077,-1.5342024250687787,-1.628669062275253,-0.43089629477671637,-0.4247954941067166,-0.0483869409097796,0.5234382767389893,15.969328901731256,1.3965652438519258,-0.6421543705869316
2024-08-08,-1.2243158692179739,-1.1664349413273294,-0.9479700251188218,-0.8491571384911426,1.3656354071620034,1.356820074668292,-0.9403082789065504,-0.6216514579694034,15.647003589585186,-0.7522390098537705,0.7937224067829021
2024-08-09,-0.9381245113281091,-0.5220118074645963,-0.6573666629294861,-0.13569974854620287,1.199148045351151,1.1942652750467915,-0.49747546390658687,-1.0397679401212183,15.537795075237545,0.7306282621108622,2.003415148220612
2024-08-12,-0.0882341576274859,-0.32555610250910294,0.07389696853686895,0.09685624719124912,0.32549036533208764,0.3351005988728124,-0.22594336181894398,-1.2924403766120602,15.53842018119103,-1.651486030699361,0.5139435958328206
2024-08-13,0.2058409807107788,0.2008495743631327,0.5107741601531669,0.5170213932874098,0.557474829697116,0.5622974952415793,-0.9474893327597624,-1.5322183729401058,15.279691689008555,-1.1845101432646958,-0.3162759745153176
2024-08-14,0.7118931305534502,0.8564363105833969,1.1253779626685183,1.0592545545659762,0.5609744563488154,0.5650064759681962,-0.1324316102943412,-1.2523746483472051,15.212893463312792,-0.8844906782427794,0.781454345620987
2024-08-15,1.8722994957579415,1.6912887377318282,1.6374335481949933,1.4670610858908226,0.4488118199331975,0.4531412047098272,0.749213533102846,-0.7742354573267163,15.36266894247991,-1.043840577543602,-0.4304802019869014
2024-08-16,1.4716114400011326,1.527581158348723,1.474651223853722,1.341420523103332,0.034291666923999646,0.04269077433056124,0.46664056790340985,-0.4147155733627358,15.403479860122886,-0.9755681206207278,0.28204626459142895
2024-08-19,1.3427185656737672,1.2622075237297818,1.2053893859916907,1.174216184304527,-0.3641247833992318,-0.35834213307176027,-1.1363452613816112,-0.7847635153649908,15.107933978078625,-0.7604402686076109,-0.7082323533493758
2024-08-20,1.1431808360284512,1.4342792611945476,1.2350838228596408,1.1982942246466708,0.06384814976372818,0.06889500034902511,0.6374112449741816,-0.2595283438653017,15.134141788100303,-0.3039745298339126,1.0416761529696839
2024-08-21,1.1410442923174318,1.2983016108252399,1.2176956336840852,1.3279656330203216,-0.4492432717742381,-0.44810629959602605,0.5439166130544731,0.8525701516180784,15.144387912988591,-0.3351314395555019,0.021509244288300897
2024-08-22,1.3875263883985396,1.3434402631200362,0.8408388877981643,0.6044317296291224,-2.2455324273843655,-2.2585903260812303,2.0494713864319407,2.4823691618296198,15.456873596898587,1.3489750912958083,-0.9915377987316755
2024-08-23,0.7584024118097535,0.7698115339464203,0.6171638223455503,0.8629378152469958,0.3511993192445874,0.3516970990376977,-0.6233906078149435,1.3887459296173634,15.329450492961177,0.9518471825820011,-0.5559565555739583
2024-08-26,0.8546979850746328,0.4899423161511626,0.9161083727405452,0.6272882319964658,-0.8329483556292118,-0.8270651481867437,-1.6026353649833671,-0.6407551017746745,14.819666002633474,-1.1018771257539417,0.23188593078478137
2024-08-27,-0.004471277569146346,0.3908713518669842,0.5575546953385802,0.21801712351286318,-0.774418404627649,-0.7694912935472052,1.5777986862584161,0.7867481163763343,15.169333637188291,-0.24080663156685725,-0.7062869491927131
2024-08-28,0.4128585603963248,-0.1946279659473608,-0.4037620519148627,-0.5631203229011336,-0.7670274193731272,-0.7631831972505815,-0.8439284904854516,-0.39935679795568485,14.921628276959101,0.20406649995522444,0.43594151849068224
2024-08-29,0.5262003076325367,1.400452684547538,1.523336440850203,0.8821876342359766,1.1631275659208018,1.1576335362813075,1.5566911702913708,1.5248752218387087,15.33904215533012,0.4618509126266582,1.6025671437135534
2024-08-30,1.3609284819466405,1.5500395389806039,2.0597324728729838,2.0765017313611054,1.2052003838665057,1.1992278670395295,1.6628035004144792,2.445594946782234,15.892536810179408,-0.6578857667552791,0.34817664981571805
2024-09-03,1.2209151381902679,1.6618522119472463,0.6893608484050562,0.2872266722435977,-1.3751288634341008,-1.3775474906038,-0.7149259558443719,1.1337693685517423,15.737011057962688,1.5782780762623774,0.9483111401516867
2024-09-04,-0.8759180054501782,0.5328604847133919,-0.2739523137435735,1.236377321176362,0.773424362481862,0.7734851263173912,-0.5204184444257304,0.47717165155256386,15.647019606881303,1.0676159216630499,1.3047791810529252
2024-09-05,1.646132532652905,1.7735097110690723,1.69465403794621,1.9896480251874855,1.079109106984875,1.0757609988637042,0.6574960232953933,1.1529719817134911,15.982642527276656,0.629270756514753,1.6439136359747746
2024-09-06,2.2620349096018706,1.6620277731902746,0.7360153322009373,1.1801563015365855,-0.8962704958463641,-0.8949493965688319,0.367715014884264,1.3958429615171426,16.227380546155803,2.0065505759492246,0.8621602151788699
2024-09-09,1.2100062202745179,1.0447438115236372,0.6728224551460366,-0.10696325361222453,-1.3612727859869438,-1.3665233884471115,1.3861931091294233,2.047894581928078,16.822845311672335,1.0409284446781784,-2.4168291483333295
2024-09-10,2.621574800755258,2.747273470502221,2.769794960906024,2.7292104526349257,2.7355224668394404,2.723725053491493,1.2388506365691379,2.0911336681397588,17.43649121152019,2.2747536176776713,2.6853956293523757
2024-09-11,2.0230285934760066,1.7944900496664546,2.0047581503030956,1.952722086112614,-0.1364643963232478,-0.12577356677892862,-1.7895291049904276,-0.8169192595807993,16.351593491127637,0.4545890508977912,-0.47761935257988525
2024-09-12,1.7057643702741108,1.6127773897428788,1.7616177486067246,1.7978859194834214,0.2806409416429867,0.30486300242799713,-0.01041738698681621,-0.704589466282153,16.609860833140164,0.18896495389741788,0.08292311408838271
2024-09-13,2.146189996068062,1.9339847390980114,1.5962809716227557,1.4412038329384842,-0.3172224965711476,-0.3140860507852571,0.5533910827419545,-0.19259173970913238,17.063082716167234,2.4847299696919505,-0.4612834516424648
2024-09-16,1.1188696776624498,1.4811987810149736,1.498286597741317,1.6757884122124007,0.8242993900102984,0.8512206229097664,-0.373666079427865,-0.28334300750441316,17.125484102672438,1.0664655100225038,0.8190520794815415
2024-09-17,1.2455262307143624,1.002067669541077,1.3502346314392466,1.1561399621920283,-0.9224726469773649,-0.9477719190836389,-1.4360623061701323,-1.2685594144556305,16.347626837821192,-0.7233986969915679,-0.8853800647961206
2024-09-18,0.8575466724802552,0.622541613376765,0.8931527962478525,0.7381341606073446,-0.8386614416418823,-0.8585928996700426,-0.4473173303317876,-1.1554297798703748,16.323026432083505,-0.7021436729561314,-0.7337901027252126
2024-09-19,0.6719404052673078,0.5187850052302225,0.796544061080506,0.8360271786490681,0.040123130864419876,0.05892763497004223,-0.6271701034944156,-1.0843495055209997,16.125657091078857,-0.7933755303478958,-0.28795964239908034
2024-09-20,0.5147864374482636,0.432092333007227,0.8733905337199341,0.7349144840005349,-0.382382011709079,-0.3778359955762857,0.1350118152011589,-0.8054205443571919,16.315937886459935,-1.073464458822361,-0.20045005519059533
2024-09-23,0.38912916907661693,0.009577896165946884,0.5227875967972472,0.3982486533836996,-0.7532013435866061,-0.767197736590224,-0.7808201855733322,-0.8415466053836954,15.884409344592374,-0.7532198509988624,-0.724668577449237
2024-09-24,-0.04782913224060252,-0.38038660790835127,0.29261422261003944,0.1998072751692451,-0.3411714559581375,-0.3355412459271221,-0.36106571230537143,-1.0214557417880408,15.632791726889291,-0.8286914783466367,-0.27746659326603246
2024-09-25,0.1667802467736266,-0.0057268806948047556,0.6655887514476556,0.12628424974984265,-0.13805052233729384,-0.12989915581664938,0.48884567989008415,-0.6950912734399952,15.78155955229797,-0.5182181494577965,0.09596145927324265
2024-09-26,-0.11341355575752324,-0.376804737749675,0.9936541587188901,0.6585649120804672,0.33028540433221276,0.3417495173206268,0.08006115622081754,-0.4926351904168586,15.775154677097083,-0.7517622960078668,0.27618575155886954
2024-09-27,0.5163880273967995,0.10256103412351344,0.9907234602944951,0.8717533543202695,-0.021727443673626848,-0.012940110956019876,1.2642798551601928,0.33414951371323154,16.009886749164266,-0.46162567731763277,0.14631538742840758
2024-09-30,1.3247791714630723,1.429809879056998,0.7739184805952379,1.8424059833289312,0.8000690705166518,0.800521635482903,0.731383420687791,2.2741324444240893,16.138907670607374,1.2348807970382625,0.8033865911791824
2024-10-01,1.91597518004033,1.4545325146223902,0.4778746182302126,-0.056232179689269864,-1.509598999775109,-1.5156437239901246,-1.0595416154876436,0.9494247331867522,15.843013992146105,1.55721286336974,-0.9527586711652449
2024-10-02,-0.16704129690355962,0.37068292558081567,1.3164028335963431,0.09838169955870826,0.12082054124477826,0.12528727300165696,-0.17346226635023598,0.7857169642190496,15.77179541740084,-1.10731662313724,0.38193259450503547
2024-10-03,-0.6906650082043276,-0.5881395153548978,0.2862234614770529,-0.4537115182244149,-0.4981132957962575,-0.49328820081516767,-1.2191420820726422,-0.3761020616931917,15.370640320107032,-1.1329473981154656,-0.4330056897902748
2024-10-04,0.6035379348577913,1.3333846505641411,1.638806073837606,1.7387803007692635,1.826817559420074,1.8122308002178402,1.5038087016889528,0.7948393284742555,15.669759732188744,-0.07652348638099984,1.6031710478074377
2024-10-07,1.4684561229281536,1.6765669292627488,1.9520499723074192,1.0118827565868889,-0.6693890871934152,-0.6667646157521667,0.23766155721694998,0.918995799738583,15.731108911349637,-0.00864851894465733,0.2260632823028104
2024-10-08,1.3764983778940936,2.1493654421486155,1.9687664479759712,2.1926282133799986,1.5346201209583987,1.5246349291753134,0.5008039141541275,1.263946713924324,15.875438058203027,1.1493973488688207,1.501182376557213
2024-10-09,2.30774936266244,2.259808259333277,2.2783722385779663,2.235948968685147,1.058147731190971,1.0547361093289747,0.0038853724096944197,1.1663849755000433,15.909951666573322,1.3203211843493323,1.146140936709833
2024-10-10,2.2206615578189437,1.6743040249753802,1.7977663240993145,1.227922093632632,-1.1679924896730773,-1.1719678266050468,-0.6696314832452669,0.28572397092861007,15.7778424153608,0.5977799964750908,-1.587440927054852
2024-10-11,1.2590148742749712,1.0825829938114735,1.4372208946927605,1.0698911129508832,-0.1494897353035306,-0.14260603048708842,-0.7378113614016724,-0.6095365300889025,15.58526314230439,-0.712343157388076,-0.6879430738334469
2024-10-14,1.2279678088478603,0.9310175207433158,1.3733928983923387,0.9546802973886162,-0.10465446514970413,-0.0978247087396375,-0.703982513728251,-1.1037259640754382,15.360666129777107,-1.184996648359893,-0.7230986216803538
2024-10-15,1.0760606579220822,0.9580114660684709,0.747105495282563,0.34754236469203176,-1.0797648940302291,-1.084843527394242,1.179024433611823,0.19519367769455592,15.581713045309098,1.1260535132274163,-0.6417536620337305
2024-10-16,0.14277704325108895,0.027971862811344526,0.01935020517277639,0.3740169292286174,-0.03720615934426678,-0.030719177455639478,0.3740799069238865,0.6963009164192289,15.669148920904327,0.042526821232633544,-0.287804600656386
2024-10-17,1.011341420988616,0.6822494460364346,0.9822640020982147,0.5103834899369701,-0.019177859553367847,-0.012788715303380438,-0.9160318699254426,-0.6185205258009859,15.515520351264513,-0.7545955928857233,0.23907832458661024
2024-10-18,0.6708344977187217,0.2337311569551392,0.6443705223868395,-0.05049912024231122,-0.6217954260116773,-0.6208914160012136,-0.474602415959563,-0.9859326563743334,15.425208636552226,-0.8885847061236061,-1.0497361994523688
2024-10-21,-0.3800963837863327,-1.0996777019913373,-0.2559473998629001,-1.170587598730407,-0.5968432270809516,-0.5956421547895342,-0.7929968900216753,-1.3967309913578054,15.2502142964778,-1.0950842590170047,-0.3377333441675516
2024-10-22,-0.2748942773700318,-0.8774762267424102,0.25068175298208184,-0.03346573076927556,0.7629593430859498,0.7665301540884211,1.8097254041390243,0.5664878421792524,15.52209351126963,-1.1918598272487513,1.209761597997669
2024-10-23,-0.975408341763062,-0.5583699920490535,-0.8453637117356011,-1.8181430845924766,-1.2100876597306638,-1.2118262009030334,-0.470390499806666,0.2438043240184863,15.390440044956883,0.30347244828223224,-0.09674178544731003
2024-10-24,-1.4403793587724576,-1.223994417180526,-0.7908784034981766,-0.4012487587549506,1.0334166369434359,1.0311840988974654,-1.1353532513221005,-1.3391510379957379,15.064839350708214,-0.6009741311173373,1.0738293817293967
2024-10-25,-0.4008717446151987,-0.040900543343231434,-0.5166765806335765,-1.0569506562706728,-0.4735855505017774,-0.4706869305257045,0.41804217243342034,-0.6377350807133678,15.116982326774908,0.6366819095000018,-0.5854520990672011
2024-10-28,-0.7262666992952316,-1.424476241313359,-1.137880742105756,-1.7463420897102082,-0.5435488865295652,-0.5414752157888281,0.8611810805702439,0.46595244535068936,15.281078330925528,-0.7216570446902956,-1.1919380067186596
2024-10-29,-1.5020067657045264,-1.3306005256354683,-0.8327764346880548,-0.6559488854580822,0.8392781269355432,0.8394236932975258,-0.154912204337646,0.39369096214214244,15.232067599758745,-1.0449273416629854,0.7580585701152845
2024-10-30,-0.47279762430849676,0.35739208019742347,-0.5533972706047428,0.4667839096274863,0.868266861403376,0.8681243168152422,1.7926032158716017,2.3993930782850157,15.57724045248815,1.5478668878690849,1.2955413410242738
2024-10-31,-2.0361542147565563,-2.391326484938185,-2.6217806918513986,-2.602473782386609,-2.4218173603101714,-2.4339639663376293,1.8726769281514197,2.536289173460549,16.064431231885678,1.4890149168911444,-1.8844025007733611
2024-11-01,-1.7745569039430034,-1.282499141569561,-1.3859131613791533,-1.2408788163845657,1.0340888965271762,1.02270485560389,-1.4139918901486876,0.32216980730971745,15.55256759495902,0.8534618109758104,0.9557292431966842
2024-11-04,-1.3206476674740573,-1.6522608548353914,-1.239155300543841,-1.151868099734006,-0.013724118768760035,-0.006772496434228004,-0.6562660857765742,-0.26391873822028405,15.385042930804987,-0.9702086067141823,0.01957703912614906
2024-11-05,-1.029920210963016,-0.8276780681266463,-0.4067920161537727,-0.12700868591975562,0.9617830718234843,0.9521171307903294,0.305203922844372,0.07501560588290639,15.512373278580217,-1.2344387093279134,0.15894300333187583
2024-11-06,2.1310604381285843,2.2775579104996924,2.0256722200870887,2.275839211882713,2.170810986304116,2.13640860551597,2.013497840939713,1.791217508426468,16.22110349124454,1.8360599781136697,2.0812054405146276
2024-11-07,1.9981234076837193,2.1494360613689194,2.026177760525903,2.1772666699522065,0.8791054740941718,0.8819700278609556,-1.0372553565152085,0.14078091624271888,15.864415698458394,2.009840616781289,1.1711710024983724
2024-11-08,2.09525723937679,1.9023151986391782,2.1045630097648997,1.8392764237213424,0.26933978480600196,0.27883314826169164,-0.137504377099412,0.07535039573975676,15.95797396342564,0.34422118671477425,0.4214490404422023
2024-11-11,1.943805508486778,1.5589960552687456,1.6976625867057067,1.4054079310140348,-0.4291501304519163,-0.419874065875893,-0.8907508621005312,-0.9842278681395574,15.602860486106856,0.07027176185315112,-0.5999140459890305
2024-11-12,1.2707433850136247,1.1637038605184296,1.27361917988629,1.1703026822733442,-0.2863987679426574,-0.2763125624766457,-0.03566234383370951,-0.8474971987537291,15.707100429923862,-0.21823027533266856,-0.09705737905312938
2024-11-13,1.0758621874963212,1.0531818368394308,1.1758715286760588,0.9642451696664979,-0.3466856635588916,-0.33720330844907975,-0.46945487971636574,-1.0058392741555402,15.555169565027235,-0.5013430254490003,-0.4110775068998694
2024-11-14,0.8501559653838716,0.6643752316275102,0.7731262170619427,0.5451858523556501,-1.2723367470679368,-1.292117342267472,0.7702885539906268,-0.0026406024490536104,15.870185549945457,-0.4713073009718346,-1.267595000280033
2024-11-15,0.22131233283304816,0.09404581217586343,0.09785770353793785,0.0005401412012194652,-1.2018397708943094,-1.2196993737971298,0.13039337307713061,0.3070070175574092,16.011211864601435,0.020806378314304305,-0.8420631350414904
2024-11-18,0.009711259243573972,-0.07428653751398918,-0.025919449037752975,0.06894204498556968,0.07134469527479977,0.08123350778012203,-0.9509953496876332,-0.8633626385336421,15.654694338374183,-0.24098102680206845,0.06458615893066288
2024-11-19,-0.2055971832254152,0.30809008948991573,-0.030106621519685222,0.6473079547395493,0.3458548654077874,0.35659092835032596,0.460472789000504,-0.22562715929743857,15.909471308941532,0.9641511715293457,0.48616662632730434
2024-11-20,1.2304554308116613,0.7647799280662468,0.8459551308776719,1.2489259835482116,0.32580383834578697,0.3309663308126151,-1.2892143697001368,-1.533431599183108,15.396590353046149,-0.6404273960925752,0.4943656450379867
2024-11-21,1.376961558761014,2.0158655637663507,1.8021879788936739,1.5228903033153691,0.4762139636446522,0.47838018198621873,2.4259738856049458,1.927153789657964,16.248623876086217,1.0067403341440881,-0.027761795472995725
2024-11-22,1.3599841596241862,1.1383916666390659,1.2748219764439286,1.2203085129244893,-0.21890367596564242,-0.2136998527933705,-0.8852266627554153,-0.22924100167878225,15.744042142165751,-0.6882678811777346,-0.9292165194953376
2024-11-25,1.51283171425288,1.1179118416724112,0.29144334378033193,-0.29533188436785507,-1.6460870936175651,-1.6535184096177828,1.5822939547735047,2.0979345920198806,16.53275179182481,2.365306059086017,-2.2754349213563407
2024-11-26,-0.18852038952088038,0.3760266817890685,0.3579722307406595,0.5276643907093825,0.8746352914955313,0.8725406976730816,-1.0927413351178272,-0.8154684554007353,15.676049698175891,0.1153788385054059,0.6361884532276886
2024-11-27,-0.010763372413146,-0.5308968089683961,-1.2433967003212172,-1.6170236617428935,-1.9367562315687075,-1.9521369924905914,0.15661137055092414,-0.3188080986021613,15.940021182503125,1.7650398530977005,-2.0444615310290333
2024-11-29,-1.1439887686390449,-1.1830947468570352,-0.6352323174219856,-0.8829506691346312,0.6643658307792089,0.6626269615866511,-0.8206270257734738,-1.2205655178610784,15.347635583371739,-1.4090170447878676,0.5260674756932284
2024-12-02,-0.8571612635339153,-1.3124914254661975,-1.371037900044354,-1.6167663103967749,-0.9064416613125998,-0.897252315939199,0.9848670104598346,0.14737617166416891,15.997023574833486,0.08116324204749785,-0.9808402102934632
2024-12-03,-1.634347801910727,-1.6124925923497504,-1.5597089888833906,-1.094554956406234,0.4994401630795841,0.5011283880493392,-0.30372848563061394,0.02061298903143805,16.003481451732245,-0.17602574954833172,0.6759330448660085
2024-12-04,-0.14546618373912204,-0.07948928350827265,-0.0014220485265158597,0.1936804226434576,1.4108266275008992,1.3903282315138186,-0.2726400383899346,-0.008641453515350863,16.002269561732593,-0.22586702652203816,1.3930258204340666
2024-12-05,0.1451168040186199,-0.2110951772310097,0.03379305954071497,-0.17432178019505656,-0.39685308343084763,-0.38750324698354555,-0.6892500246264129,-0.8475696957462184,15.671511785550182,-0.7014421324592841,-0.20145516037451733
2024-12-06,-0.23525690642648,0.7664517634266552,0.32890023310384187,1.2449395331003028,1.296137155316617,1.2832721137734735,0.8267483282291956,0.5791405142926218,16.167209667443835,1.088320451161713,1.419242386603532
2024-12-09,1.781911993947857,1.7892668709999446,1.1984986702105298,1.0398797855855744,-0.25203622649000035,-0.24184304357379732,1.041724944065749,1.9289560058027224,16.819111839505055,1.9379146525739395,0.08725082480035395
2024-12-10,-2.131961922174739,-1.8478851279929,-2.2998645713204304,-1.7398383158261936,-2.0197576838228013,-2.046237696887188,0.25328104286940134,2.0801757583603377,17.09273079753972,0.9951655231445777,-2.081317058429271
2024-12-11,-1.1104486711779629,-0.9928854357537767,-1.2687527960209044,-1.2501733152886803,0.35527967018535983,0.363032877208926,-1.316180766747642,-0.18216687870961024,16.394871036143886,0.6897813688481982,0.129839010212813
2024-12-12,-0.910534514522219,-1.2292510293821328,-1.0583144937631244,-1.5218810216165581,-0.517682553570093,-0.5016729022736022,-0.9079443975440042,-0.8594392468105175,15.91404381253581,-0.6694799069946286,-0.3209498062938544
2024-12-13,-1.1272870989525101,-1.2501003910006472,-1.2549483850871281,-1.4390443110402604,-0.1809495599165769,-0.16689871810186205,-0.27367497921435585,-0.9115091759020413,15.937903944422187,-0.25353995511271155,-0.18301258451119376
2024-12-16,-1.0548269523494367,-1.2245979704529695,-1.1150828226591332,-1.4086095925944786,-0.25798631938754,-0.2434058061918239,0.12975559759485755,-0.6723769300561857,16.07435283248177,-0.8194687380981208,-0.41424106892006884
2024-12-17,-1.1981935758662599,-1.1523457474175396,-1.112901350620144,-1.2841747962106833,-0.0653711661613219,-0.0525530924353209,-0.3299960357826351,-0.687144362669044,16.00606863011843,-0.5969481220822908,0.08648418568419594
2024-12-18,-1.0970494373850648,-1.0946036107671326,-1.289180286854739,-1.4125797734281176,-0.5300633815680055,-0.5177488497288062,-0.20985185607710752,-0.6341986460164644,15.992294417801387,0.5144379917692321,0.579878804443885
2024-12-19,-1.0737732789269974,-0.9156680654711512,-0.8585817314045759,-0.8450266094212311,1.1371124008571942,1.1217829271645035,-0.3528317760340601,-0.6954433055851351,15.942122023361168,-0.8668546962491475,1.1083411264404206
2024-12-20,-0.8672982089928599,-0.7335202226485835,-0.9326854958704458,-0.6153290906049541,0.7316086962030907,0.7261773260364611,1.2561327607729733,-0.011799178508687386,16.44093980278682,0.344893783910316,0.16361928518908544
2024-12-23,-0.7017151640959748,-1.2358936073793154,-0.7666936291134143,-0.6491967731408332,0.36228880044454165,0.3664296338296978,-1.3305236193752557,-0.6937110581780473,15.690108975584442,-1.384892245078444,-0.0027943545925104827
2024-12-24,-0.5686685347300172,-0.5392964923748795,-0.16865211107922431,0.03926995149159978,1.1782365031220303,1.176217790593812,-1.2715921696677148,-1.9189841749317402,14.712211047986864,-1.0180388566808454,0.5558282431499099
2024-12-26,-0.210264314560505,-0.13399385206795764,0.45337639702630955,0.4075089791877311,0.3810221491373674,0.3870085869872272,1.5822891123492477,-0.785592711810861,15.226522165517462,-1.2931614175435067,0.46334491129938704
2024-12-27,-0.027442560194420713,-0.5578554387350023,-0.5528388091484137,-0.4509547142462054,-0.8768243571867623,-0.8774015463276089,0.07844084028085538,-0.4394592608661279,15.284375429171458,0.1424158644439405,-0.23333656064197195
2024-12-30,-1.501606341478461,-1.970183237577869,-1.4461268445692155,-1.2003150920286116,-0.6000017976365364,-0.5972612361177895,0.39014425476388376,0.2597952514538514,15.474652692879673,-0.199809269838149,-0.005631884447024679
2024-12-31,-1.124993353782513,-1.8141557566673643,-0.7045685893446407,-1.0874401161094513,0.07382108844062242,0.07999134966069872,-0.454434312253897,-0.06901799217606991,15.275868479537415,-1.3885047097013792,0.24815688730370153
2025-01-02,-0.1347653842074985,-0.8839011708415337,-0.9801787500427724,-1.1228642197437784,-0.11479152361493375,-0.10874187632987638,0.467106948121886,0.8281250340424972,15.494623962180404,0.23099217831111815,-0.27278313827395784
2025-01-03,-1.151303857568354,-1.3477520842370496,-0.7771335704453323,-1.0952616367525774,0.10606587226359389,0.11101796441233373,0.09619960934150089,1.1913867929675115,15.586386986459688,-0.9259047761417577,-1.1193014014587372
2025-01-06,-0.7229419607498896,-0.7533372341084359,-0.6872222450354218,-1.146921081012641,-0.23753711127531976,-0.23404004432863806,0.20695406609704664,1.5192318649845102,15.739087597896006,-0.115793581832735,-1.065027492163635
2025-01-07,-1.4824679480819787,-1.3387955493466008,-1.8724911713916317,-1.8830686728764494,-1.7495848065604047,-1.759521224900473,0.2688932013174199,1.980757461654105,15.858314178210886,1.8798948608997956,-1.1754627967349556
2025-01-08,-2.0992524231534175,-1.6895060724029387,-1.409336110445597,-1.1970027349665104,0.9759840697561633,0.9744354642793602,-0.2746934768282877,1.4120335674297315,15.843158811859638,-0.32362887962050385,1.31758558495541
2025-01-10,-2.0213594046444205,-2.1264838702936397,-2.257692969289213,-2.288013180979762,-2.4207350620949,-2.4338456071782644,1.9234121913332731,2.1153703768812413,16.425131794237515,1.7758490341639452,-2.4734953371679893
2025-01-13,-2.201339779100149,-2.217471703479955,-1.9113041549171346,-1.8114533885170965,0.4089390262148797,0.4100963979164863,-1.552448680032116,0.3236198145442519,15.993495795994509,-0.997441164324252,0.1604948159122643
2025-01-14,-1.3238493221884897,-1.2822682478189469,-1.2234378642521082,-1.0946828293856283,1.2547092805768367,1.2340232378019216,-0.8116095458280521,-0.3327244615449664,15.818368122410453,-0.043455826052954526,1.4855986524488862
2025-01-15,-0.7193314272381872,-0.73984019761236,-0.5295234956946687,-0.5582424215313463,0.9201107999916136,0.9086499410814949,0.9945610849263521,0.357469591771344,16.185866536124017,-0.7428916804733599,0.00876279195644869
2025-01-16,-0.3089629531070654,-0.17150932875907005,-0.1776966133814704,-0.18359090853829044,0.5968208129618033,0.5940111447413484,-0.7952076344894969,-0.4630724687686853,16.0358656612599,0.01701348859902111,1.0707028143914494
2025-01-17,0.177826159938107,0.30661069217316567,0.386443429063394,0.2654812736037447,0.5970199276415756,0.5937224553580531,0.42731752325422456,-0.05098383739592755,16.268092085272684,-0.30943606537078844,0.30208769248213035
2025-01-21,0.7750397320994717,1.963439963742888,1.0050834321103352,2.158037482901673,2.173931995625678,2.1297802586133243,2.3323098771361823,2.3163405916326147,17.224411557088995,2.5403519403152206,2.3916849994585467
2025-01-22,2.6949826501484453,2.4925500889418215,2.5600466424692345,2.337974130967671,1.5316155797896696,1.511907958399386,0.4748248179961843,2.024149879184749,17.687305163493345,1.7187359627551055,1.6791613705759834
2025-01-23,1.3953355483873717,1.5229236084318458,1.8433506603305752,1.7954476341657897,-0.07839371426628003,-0.06317998484267771,-1.3483110938050558,-0.8035114303323987,16.667060691949338,-0.025724884683902428,-0.1499720598842356
2025-01-24,1.497902677425812,1.346150099974088,1.447075125392025,1.2451405399996016,-0.7827241095118566,-0.7798118768551793,-0.7595802056018361,-1.0854564054207327,16.31260933084113,0.448272380179947,-0.7163969235891497
2025-01-27,0.026811010833201553,0.11678477945381632,-0.9464632340760287,-0.7063472132607137,-2.477991645997257,-2.5304492801970406,2.152173512864605,0.7155006573140889,17.557968716675223,2.40861104771005,-2.4296042371607123
2025-01-28,-0.49950237795494634,-0.4788551558420923,-0.6689694682562312,-0.3649686918741762,0.4853712898996685,0.48247046484495876,-0.889548024399347,-0.7106726400826943,16.827081780476576,0.35593836389589467,0.4429252106015514
2025-01-29,-0.5029650773367766,-0.7080385028967255,-0.45755760080197355,-0.6001775613955971,-0.29637528423700127,-0.25963392303202343,-0.8273034326961826,-1.1862713899766397,16.104665975198625,-0.5781315936229068,-0.17905599434833805
2025-01-30,-0.512301734823029,-0.21735919122218236,-0.16386712659612318,0.015345930843835003,0.7070817402783696,0.6888333468687505,0.18185040345191295,-0.8097022256990217,16.522340081008743,-0.1185220370832591,0.7356630098238606
2025-01-31,-0.12887055663496064,-0.2007012119315817,0.19851870254163745,-0.1160738049366149,-0.16603381907268616,-0.13237881476570734,-0.6988301610482419,-0.9945138391731956,15.98141656668909,-0.794762194379485,-0.059889709016797625
2025-02-03,-0.7946494177788443,-0.5977720060620199,-0.38083111458126395,-0.34917815296638494,-0.24671089063896645,-0.2111083347828731,-0.3151024452492125,-0.871513054239004,15.92579660414239,-0.34261068756390173,-0.13689010152268338
2025-02-04,-0.20979322279039028,-0.510267966088233,-0.11996618501633896,-0.37077185678604374,-0.05278481019847697,-0.025206678323419534,-0.29335706713238763,-0.7441857057513743,15.729045231676155,-0.7272889187764184,-0.2079705527393601
2025-02-05,-0.16668421279519335,-0.1950024523726357,0.2214886641295256,0.1544752924656236,0.5489179455631387,0.5400124322217318,0.11686071566355134,-0.45141832646448316,15.878149345724985,-0.7150140739313338,0.5272469916346094
2025-02-06,0.45814294484847634,0.4817629738189841,0.7496031793684385,0.5047434837414247,0.20727363661757767,0.22035450840937645,-0.23802080481186016,-0.3916028057994566,15.766678432354626,-0.5824967685776359,0.1416880625195026
2025-02-07,1.6131420674802164,1.533142026425968,1.3138332608579926,1.2822542396145837,0.3126713746792956,0.3186393483162266,0.2731871464946507,0.028672090800568033,16.117225372375746,-0.5114791144832301,0.5289001774678144
2025-02-10,1.4497654635654458,1.6396234292856884,1.3987286371587233,1.8224516924092933,0.6212489913919232,0.629756486445093,-0.3954080004626754,0.8587776324669445,15.847061037411368,-0.1899235246628064,0.4042073532938267
2025-02-11,1.4169837463554753,1.2016616615497469,1.4347161550071006,1.2044617327561244,-0.870083023720284,-0.8768616446583031,-0.26570476729717535,1.1791816915973734,15.691733870304663,-1.2971263805610573,-0.9839618787185824
2025-02-12,0.7227300750882859,0.1435212511813083,0.20292389941147868,-0.04287480626561209,-1.5284347076312448,-1.5535746447020413,0.44431580748829935,1.5083981294593136,15.824368812330398,-0.2728451433959545,-1.525440876341049
2025-02-13,0.17882108978923922,-0.08107943718318507,0.3742906155157743,0.32339923986624514,0.45740369885630494,0.462092752691799,-0.350617747061185,1.1424719323184553,15.675193593843252,-1.3813171127324388,-0.1531852137198641
2025-02-14,0.3866413252713049,0.048586475736508705,0.4583247906411206,0.3013391461795596,-0.0482634330592744,-0.04093933639589772,0.6370183330742757,1.4124592926556856,15.798014483783826,-1.1854160397038882,0.035582053046800385
2025-02-18,1.0147460614968247,1.684867322994697,1.1930500099582722,1.5433242466921298,1.4294025872407925,1.4144939522195183,1.8771890821544426,2.25356432464322,16.251795866831397,1.8044969898616205,1.4626225592821762
2025-02-19,1.3715672752113728,1.3004829325011258,0.9643440861234402,1.688222842866994,0.09011245138017338,0.09743666907455308,-1.0604348736845925,0.8418821883578478,15.977510985239105,1.3609553845706097,0.05859466304206174
2025-02-20,1.7057268570017021,0.7429943762843829,0.31567014802016025,-0.014951101114387426,-1.6137869740063848,-1.6253390513380481,-0.12694380343249007,0.6638038004829372,15.983077553735988,1.0531626105034189,-1.483013062311431
2025-02-21,-0.03977437325528021,-0.4534795817262918,-2.114522778879798,-1.939909284482284,-1.7175529524576674,-1.736175212943787,0.18073011899433308,0.8249221083919321,16.089068510359674,2.1524904765479076,-1.330677833712378
2025-02-24,-1.1316405173741753,-1.1735204010138833,-2.0149079044739175,-1.1812457878544416,0.5871621392616384,0.591403419737413,0.2679584592976434,1.0313844911372305,16.18004654582688,1.6704406209945153,0.9336469568688236
2025-02-25,-1.985995357543471,-1.673039512828639,-1.548649927702132,-1.2053360718921382,-0.11135981897973815,-0.10038337890106869,-1.0374579406319286,-0.3161949921520998,15.933704073148434,0.3453668070642883,0.010250771577498272
2025-02-26,-1.153038038136662,-0.6648218630604048,-0.38419738479385446,-0.25823900036258635,1.0104751562845864,1.0036909720615708,-0.8133465134588426,-1.1898282203332182,15.74921812890347,-0.3428757725900742,1.12516914203846
2025-02-27,-0.4664150460542184,-0.4038451886741858,-1.1907712080414778,-1.529873578048683,-1.4639223256994485,-1.4723923787632087,0.21874949710654806,-0.8836248625616254,15.821951341226049,1.4754146630059288,-1.2943567526049158
2025-02-28,-2.1308693212569576,-1.8862170483351286,-1.5058772013725,-1.058844233369044,0.4379857233440303,0.4451234544552485,1.9353146570826183,1.353264662663706,16.368332910412246,-0.3791430799977031,-0.2927197149419132
2025-03-03,-1.1051649158436414,-1.3509679431606587,-1.1608793980756935,-1.3721025801721567,-0.6187386707693534,-0.6097392825799938,-1.2178617547439932,-1.002376558020441,15.90512530169925,-0.3462681525273847,-0.1964411859790385
2025-03-04,-1.7940287930343142,-1.894650107355833,-1.8381865407069047,-1.6238104593163032,-0.6018410634652621,-0.5950190879864795,1.55951596210488,1.4281663322772493,16.39359640650724,-0.11171975199085091,-0.46961665176152373
2025-03-05,-1.5273604089253399,-1.235020923493028,-1.1124973989321185,-0.9274082661842546,1.361955806459562,1.350700021631922,-1.2896570656970348,-1.2269024291289063,15.781363520567647,-0.6171306745125448,1.0803654837561307
2025-03-06,-1.3785378516686193,-1.623464323848253,-1.8622968272623224,-2.0615661083833023,-1.5941302736311065,-1.617732993563902,1.3767079010515766,0.8057058547216397,16.32683199508465,0.5038839465471248,-1.7215591883379904
2025-03-07,-1.7488666359744574,-1.385569912222232,-1.5668732522366595,-1.1298746114304605,1.0883201424838684,1.0752389788703642,-0.18002362705272626,0.7207902109281891,16.352891134086235,0.8839190384484273,1.0942005475294865
2025-03-10,-1.4055098010649487,-1.5112003746859455,-1.4039385213106446,-1.5681774190568663,-0.8544967001680394,-0.8500145064169402,1.10404173770997,2.131288034152275,16.882916818932937,-0.2501135918521225,-0.3391682362927253
2025-03-11,-1.6768039283508702,-1.7231984256608728,-1.8174529738414968,-1.627092482377462,-0.47633755396330296,-0.465408228418833,0.10960866338564676,1.7824347993447676,17.118734920944803,1.282815217380807,-0.649797312568062
2025-03-12,-1.1378221193815983,-0.8491114124773423,-0.8844614279562003,-0.7165800682630488,1.5928192454677494,1.5703303167425477,-1.2614501750416598,-0.4163690364486045,16.548181889427266,0.37586370225105453,1.8295101081943326
2025-03-13,-0.6236395070968678,-0.9753208730660229,-0.6774132040441345,-0.9520686768125287,-0.3110920634240174,-0.2974429293187023,-0.5005643225774891,-0.7632793427964852,16.46788602050642,-1.1360016648679312,-0.12134710472001843
2025-03-14,-0.5881313457700319,-0.7145991926851796,-0.2114672089893903,-0.5859798067807224,0.5843187494892454,0.595748161717795,-0.8465656613610062,-1.2097721022743604,16.048745680004657,-1.8529786189637072,-0.2243501021308584
2025-03-17,-0.2003476877789289,0.28835984420907446,0.421364675216389,0.39435377948536365,0.9602466252372772,0.956828840148935,-0.10892938546007724,-1.0674913615978594,16.106529115750227,-0.5052643523450424,0.995593956506417
2025-03-18,0.36657767455353873,-0.2546297557176283,0.18731687697238616,-0.3643677372948219,-0.6629523896804186,-0.6519909225232028,-0.2144614083642441,-0.9114852881424742,16.056486275681316,-1.1408634932935429,-0.6319035957805423
2025-03-19,0.03058738626586907,0.3908645187182887,0.7967533184781765,0.6815078220872114,0.6766201259075707,0.6829095501840686,-0.8154901659491206,-1.141321076199757,15.748407978953939,-0.9116713253034948,0.43351406062081915
2025-03-20,0.8207229600841326,0.650120684675748,0.9602215842648637,0.6909795016665072,0.005758583354367999,0.01951167449500987,0.09323171637184403,-0.9045162229570431,15.768765241205502,-0.9188019634931827,0.0521600408918687
2025-03-21,0.7871857482074178,0.577487303555376,0.716121358209376,0.70772622775814,-0.05778644666790606,-0.04482112582386115,2.3556272415333845,0.39114611138427974,16.68455658589873,-0.7195670466151186,-0.2062996847465086
2025-03-24,1.7929138526780268,1.2665873525032565,1.3458231263632867,1.2733464577524303,0.49951930852371007,0.5078403471096884,-0.9797330431293813,-0.5861072888309311,15.875807633212544,-1.1164311531363498,-0.09413474184944194
2025-03-25,1.1681540899456981,0.9332713297133354,1.2076642467075185,0.9242278367512803,-0.5509160582503588,-0.544220219289308,0.1599525843841481,0.06557332615564164,15.958067851312542,-1.069283568372199,-0.5928944225052273
