Date,open_std,high_std,low_std,close_std,daily_return_std,log_return_std,volume_change_std,relative_volume_std,log_volume,high_low_range_std,excess_return_std
2023-01-18,-1.0371491817651233,-1.026120756222508,-2.144409787224356,-2.0905916517871166,-1.4794517400697436,-1.4969580225657595,-0.2679434467461702,0.0,15.267522666536005,1.7424520616483197,0.0
2023-01-19,-1.2422188586985439,-0.5707763671603757,-0.5916084321885631,-0.3413564263871001,1.4223538945640966,1.421550539820046,0.1975557885890115,0.0,15.351388255890345,0.026315869133475764,0.0
2023-01-20,-0.5154456965293082,-0.6877600289605391,-0.10132391639878754,0.14112830130335569,0.376697740241617,0.3830997071863732,-0.0984403938352446,0.0,15.385479934539584,-0.8791460695051597,0.0
2023-01-23,-0.007257671544466599,-0.09981763816752981,0.06647315849249585,-0.3257338031247244,-0.41456204400885127,-0.41171158974600064,-0.0021055266352644547,0.0,15.387433709281101,-0.2434752734260361,0.0
2023-01-24,-0.8026465566082264,-0.6781858717855753,-0.3782953048239538,-0.041594312742817434,0.2420047770022987,0.24647278214436738,-1.036066421946612,0.0,15.09769390025772,-0.018621648003381983,0.0
2023-01-25,1.1695759722788799,2.293923355829545,1.6436684989074648,1.912991426623255,1.6179079094692004,1.609717373853225,2.7208429874700917,0.0,16.324288426180235,0.289895793861162,0.0
2023-01-26,1.6559328843166141,1.9220149027165792,1.4462050941348195,1.930139686129328,0.5223843952329421,0.5261923057728626,-0.9888535144328405,0.0,15.24011199384312,0.5115443757657692,0.0
2023-01-27,2.1150197557180093,1.5395237926727958,1.7704041414906966,1.2220110531507706,-0.6270163495373041,-0.6238189870159216,-0.2240349526705376,0.0,15.234611112740895,-1.0857151171852193,0.0
2023-01-30,0.9965156812893854,1.3067645554166494,1.2502176315465845,1.0492090622783752,-0.11945434588644624,-0.11403713603220839,0.06191316720291538,-0.2069203928590612,15.494157505187022,-0.5296863942349191,0.0
2023-01-31,1.3842260923709426,0.8712885627026956,1.0567511256814628,1.0567738781909517,0.07867447555590494,0.08396898617438642,-0.5943177582483087,-0.8151483134087486,15.07975055553078,-1.0423616663191537,-0.7600939935570642
2023-02-01,1.2826334920492033,1.5160980913296174,1.3375751176696684,1.5227543263199823,0.5364191455313508,0.5399271537967514,-0.11193490805306121,-0.6446519163756467,15.148325289037238,0.4250664164802364,-0.04515121156407245
2023-02-02,1.1489793105603114,0.7336015208192924,0.3402898299556265,0.16852807518107096,-1.8854394338360574,-1.8978446711553334,-0.019459142525009902,-0.3645570859773642,15.292262663023,1.336798842761846,-1.797634115189905
2023-02-03,0.3125260436884603,-0.2252133452280837,-0.6004226413629237,-0.5717613282226774,-0.870689704016979,-0.8704944521330794,-0.4067978147534254,-0.5711356712782573,15.076950345184498,1.1619925727988143,0.3102882878075608
2023-02-06,-0.7701848923627855,-1.292976182603239,-0.831798385694022,-1.3155134614800081,-0.7408276399640128,-0.7394027215780662,-0.36832020238291824,-0.6602901052351736,14.876317478072906,-1.1097223487563077,0.008649378149405142
2023-02-07,-2.1195380752888386,-1.7918075853440512,-1.914226592775048,-1.218851279818907,0.2565588509197732,0.26134352241802006,0.2057593379463487,-0.2531862990185167,15.186488468830891,0.627985485867567,-0.43749389376696196
2023-02-08,-1.553620592132999,-1.69475494154172,-1.2310860120818248,-1.562600923812316,-0.7519715067081666,-0.7499625450774707,0.11397464168648469,1.3157980888711829,15.170056478834066,-1.3051887650838059,0.5629761615575657
2023-02-09,-0.5756287599058971,-0.4298660806705488,-0.8049173458766502,-0.8129139628789431,1.0510826922975303,1.0494006102252942,0.17873260327884685,1.4140035002331164,15.228520119011392,0.9504895090261751,1.3713410524394818
2023-02-10,-0.5940862737830777,-0.8653071431144398,-0.9434716749870643,-0.4419258627641188,0.5158619948552609,0.5177423748368215,-0.504840285955919,0.6773025641883084,15.121814564206863,0.11701485005501117,0.22048342786388483
2023-02-13,-0.08447366947368583,0.2588297924847711,0.485558220249703,0.6296802951798972,1.3090395915636435,1.3026822585285651,0.20778174005968314,1.1261955205797547,15.147322597782901,-0.5440776965036984,0.3805290246935144
2023-02-14,0.5277050578294218,0.13636039138641687,-0.23261268690928938,-0.7749778856449595,-1.449464890114202,-1.4554994749038244,-0.846796196837019,0.10352446924363314,14.994596538342034,0.939272264534748,-1.1260972712596766
2023-02-15,-0.9048692301989981,-1.5057119538486927,-1.5000523534503314,-1.3085315145219782,-0.16983943643741495,-0.16525083044675223,-0.3304817729659342,-0.2634699572745641,14.925919985936007,-0.7036354633253954,-0.28781914688298843
2023-02-16,-1.6389793533874657,-1.482492141866762,-2.1148402873126693,-1.7442873798439569,-0.5073308311157501,-0.5045317924100412,-0.030333296019587945,-0.2057801021825226,14.89197982274342,1.4643900287293614,0.7117666548679483
2023-02-17,-1.356061223523735,-0.5427206803245598,-0.9664815754387693,-0.014577850591244727,1.444266386865496,1.4374079450399382,2.09919000798059,1.897722663058172,15.304677567565287,1.0394962450930563,1.5359003071462165
2023-02-21,-0.14397256418426208,-0.854634442565148,-1.0149792761317213,-1.564692495025031,-1.344179735073714,-1.3490544134701403,-0.8002279755318861,0.6710253208258231,15.169023687890933,0.6294805552758783,0.08609733936335971
2023-02-22,-1.375085400980069,-1.0572872339684587,-1.184037441673224,-1.4682328749239584,-0.11522334286679575,-0.1099518855827837,-0.4898339242414989,-0.1024153450556815,15.073403488532016,0.7058234945171737,-0.3726840920117886
2023-02-23,-1.2716981624811938,-1.72520339630554,-1.195250492498048,-1.0691495077426754,0.3202086815954214,0.32461915764415,1.0010516943678676,1.307241592427317,15.280385250313998,-1.445186472097471,-0.3770326805828944
2023-02-24,-1.4684341533703578,-1.721042126702586,-1.7180048432206845,-1.5172734081854862,-0.7690791493265263,-0.7681765388934725,-0.8465755278341561,-0.08137429012311753,15.08572072083601,0.32078523683323856,-0.1418236406157808
2023-02-27,-1.0788952732548154,-1.356024874293557,-1.0924812070613632,-1.3977491410228902,-0.004249079756316711,0.001013881668254831,0.29968380225815244,0.4156826774913916,15.166877237669116,-1.004969335608659,-0.5938875496276727
2023-02-28,-1.563480634417622,-1.6609834871412248,-1.71832092502029,-1.6967698715271478,-0.2544801702126029,-0.2511779283039168,1.061190378570144,1.709387514081908,15.420237591612674,-0.3748562866362727,-0.37025197659950854
2023-03-01,-0.6591265094893388,-0.8704808298412794,-1.1992761297724865,-1.2707406839528386,0.6888274816717354,0.6926945436920331,-0.8725166352837673,0.2315264501192241,15.255393315209659,0.9302996942039092,0.8099917526198888
2023-03-02,-1.6946759001322735,-0.9505745144460218,-0.9399377416788431,-0.5572078211297938,1.141727832704298,1.1412264842318722,-1.0240353788658283,-1.310878907711898,15.014390716755937,-0.4178077529430858,-0.02768735909953335
2023-03-03,-0.5186712623698239,-0.3780013188175396,-0.18514420274744886,0.12310525984778477,0.922967977954409,0.9227889109473992,-1.0361536586170161,-2.0322576513428565,14.717986706368961,-0.7936607129698235,-0.9862252048512381
2023-03-06,-0.08147769791997271,0.41905363319167466,0.6572425727981607,1.2086730701805546,1.1325447386474046,1.128922911666108,1.7840587445347806,-0.37471217461852524,15.075334538734216,-0.6917886220000886,1.6868151964909806
2023-03-07,1.1179797909913785,0.6676031222394797,0.5077346371822299,0.4803604679688415,-0.9728824723440346,-0.9729481387260257,0.11110607149496264,-0.08313860651070293,15.119211314805264,0.4117544363474274,1.213998209165292
2023-03-08,0.4629968229250802,0.7805700204149589,1.3602966234324023,0.9684946522879347,0.5979878696053622,0.599417432443787,-0.2754037832140095,-0.29214865556472513,15.07768651353527,-1.7880598025458108,0.5724280328951619
2023-03-09,1.5854179101543608,1.489611707937606,1.10791365840717,0.26569123611109297,-0.838176587241998,-0.8373018898655638,0.2731714365699207,0.23714413267768267,15.143990672585925,0.3862577748546217,1.332905196496748
2023-03-10,0.11145327359009598,0.2586085869746301,-0.02253563201730763,-0.3759972436463042,-0.776637151562968,-0.7757746400642997,0.09989045840831155,0.4208538455868893,15.194478395536093,0.6104240270061956,0.8304179350927493
2023-03-13,-0.6336119026163236,0.35214897754561014,-0.7225942648190219,-1.245441404064822,-1.118584956777703,-1.1205659773984795,2.261858105882767,2.4009355938918358,15.839545224493703,1.9770826479045163,-1.5067778496110453
2023-03-14,-1.1731003808096312,-2.1643621948639264,-1.5856524758714226,-1.2796951096317333,-0.03684582422438713,-0.03337587009517665,-0.7107591780142731,1.1041842908922688,15.630547166928784,-0.7322415274882215,-1.9697219012637002
2023-03-15,-1.939775393607136,-2.216859898485204,-2.206865801164615,-1.8900538538207816,-1.2515186760849835,-1.2550946901021933,0.1774058710899336,1.1976437294143663,15.777069199626448,0.24711004876955825,-0.5653901085464264
2023-03-16,-1.5409142682611932,-1.7469719126326384,-1.7608267817301535,-1.7867554696627792,-0.6495063804951896,-0.6489302233081669,-0.31732317544395844,0.7448720537202178,15.789633388668012,0.3598343846685185,-1.899845161873843
2023-03-17,-1.6262383015446156,-1.6122373109890658,-1.716274657837061,-1.6021979095130492,-0.25742990127500315,-0.2553616035033954,2.3663066127271883,2.422976413906449,16.749441946300202,1.019098775510287,0.4958636210283081
2023-03-20,-1.3078868918491722,-0.8696826349864144,-0.7260650304206153,-0.6310684316517875,2.3143348749786945,2.308364296932217,-1.439251642918356,-1.0254086925317332,15.446592734173924,-0.455941868166863,0.6995875434984505
2023-03-21,-0.25011586937751096,-0.32018017533795823,-0.49738227509882027,-0.8078145010009483,-0.3115706691144621,-0.30988908630724177,-0.5754455413099581,-1.1538786906319611,15.21165648268377,0.8212693017000091,-1.168753516600703
2023-03-22,-0.748858674378679,-0.8375180231644412,-1.2189805267004565,-1.702601273108258,-1.622166693819322,-1.637616132116699,0.9603672776548945,-0.44820158648500324,15.862984151489588,1.7804729104712786,-0.02845534129970255
2023-03-23,-1.7546446246067364,-1.7164293649034603,-1.82929053607363,-2.079712545577873,-1.3721997455847346,-1.382426415021965,-0.7214362323945801,-0.8804981896677273,15.529146490620137,1.029940421787227,-1.3260963298531765
2023-03-24,-1.9909106456831804,-1.8877442800683157,-1.5457290624873818,-1.474308789008417,1.0230670174539984,1.0244365168019798,-0.6742766565800601,-1.0654881326674925,15.175846136488763,-1.5672839294807523,0.7705958668414005
2023-03-27,-1.2288385920287257,-0.7859586825933536,-0.6496530268753589,-0.4269080090424737,1.6711946153611128,1.6612752018761403,0.5786640228607695,-0.5000332301173962,15.617484514572231,-0.4304003366160768,1.7137376813469316
2023-03-28,-0.5961572352299339,0.17780395641059227,0.12445197833628732,0.5994207035328077,1.2254081754659596,1.2220923437893323,-0.5703109058363999,-0.6516968408522701,15.332526336172744,0.19116683327836315,1.3579341750519516
2023-03-29,0.8288799285173982,0.7871652037626394,1.2638482757818215,0.912684880432357,0.3401086890540173,0.3458178771127707,-0.23537765535407085,-0.5234710849836602,15.297138053170492,-1.3188894661870105,-0.3297795928742645
2023-03-30,1.658413170250479,1.8424099705682904,1.827324565606347,1.6052511996453713,1.053250678997862,1.0479524204240138,0.007565632543582774,-0.2588449896499193,15.435492882176263,0.15899598276542437,0.9029513915652951
2023-03-31,1.4386829534424403,1.1720437737903389,1.5370526371725295,1.4822669390523413,0.1545451535470621,0.16077281547773134,-0.400717849171368,0.19034898220212487,15.173199919328376,-1.5292041012364015,-0.4563666338701352
2023-04-03,1.1998637980481213,1.335023767496471,1.4080941067925572,1.4383466344982627,0.22898587164016987,0.23452626303677224,-0.5906932072236739,-0.7187882061149339,14.901645662639778,-0.6586258118345442,0.27459493164130583
2023-04-04,1.16968771430493,1.000826456450675,1.093872467627047,1.0935539451666956,-0.4534455325004814,-0.44575161660230844,0.004943834239970669,-0.5453475820105155,14.93542793943302,-0.7697636410961947,0.08699486891566557
2023-04-05,0.9977502955166843,1.1464730606475992,1.0834032242549068,1.208487139753275,0.42968910735592736,0.43129162459621706,1.6713339956919233,2.2428211361668313,15.36901304957397,-0.04354264542738999,0.8223619901338953
2023-04-06,1.1453775370124868,1.1974828765333172,1.2261657049218673,1.1209938658368035,-0.8017889962341246,-0.8011223381080601,-0.8054429495620183,0.5566345920881938,15.059492514543681,-0.3497872545531271,-0.5733215366200501
2023-04-10,0.9500608047299887,0.7375449735213104,0.8816449865543432,0.8526413797127345,-1.4296892956789975,-1.4349410152773536,-0.2641150009800507,0.15590173070965282,14.995549519261393,-1.132779557666503,-0.9553400124631605
2023-04-11,1.0359745372245492,1.003005938830125,0.9757790850643236,0.7828467895193022,-0.6838491640067336,-0.6829425721176952,-0.2585822622115592,0.00723316324881019,14.878219637804593,-0.29762683777528315,-0.2358730370475978
2023-04-12,0.6992962062220772,0.8090792676159185,0.5606503844773278,0.7591688815113776,-0.4401353375000962,-0.4386460052376421,0.19986777088173746,0.31438860119092227,14.90676282802187,0.9636945862725258,0.4728132514126524
2023-04-13,1.035080365502926,1.09064219113855,1.1191259788151535,1.5641177080813613,0.5983394203388831,0.6014546247524734,0.06505041930836145,0.4408244496751132,14.907031428524224,-0.1009558311326091,-0.7636244398965624
2023-04-14,1.7673646323660503,1.075962054443185,1.2585111030269769,1.1381046289149692,-0.9764190046085686,-0.9770725115903197,-0.7252832909997389,-0.601912486844965,14.650114331124735,-0.20424966139919906,-0.22410570341409364
2023-04-17,1.261360646435264,0.968915157865415,1.413969622345779,1.452181201689582,0.3305757265744938,0.3330557644090881,0.9777936510525423,0.8157669465183477,14.860898214728412,-1.6416502229325132,-0.0710503992855108
2023-04-18,1.200466188534532,1.9121750564003948,1.5344536572558878,2.109915002431128,1.5774930156587814,1.5740743027503643,0.2331412526442077,1.125379378200636,14.937807146167913,1.403112657368382,1.551235546240776
2023-04-19,2.1168042216062655,2.0042365330293883,2.2004789927904604,1.7893789949365582,-0.36258080548055166,-0.36058305245795924,1.0512395745861447,2.155615757427436,15.213758440231063,-1.0992412990154956,-0.12550984464438
2023-04-20,-2.063525139575916,-1.1929860186180865,-2.0805321832838977,-1.9055779623375957,-2.69320730821235,-2.7006334521666036,2.577082442733395,2.725620956359148,16.01787755702261,2.545907620881112,-2.6603807336292133
2023-04-21,-0.8063286668837945,-1.4229055177087393,-1.3935494249762856,-0.9946112482026518,0.7004024655274825,0.6919187848467302,-1.232780504039008,0.3997190274902665,15.410241044489343,0.8202666096783063,0.792886710548914
2023-04-24,-0.7061665382122405,-1.019933743434108,-0.5859962914134718,-0.5847649910079783,0.3464861790151068,0.3468499494880079,-0.5693926271905195,-0.11003297558937399,15.226302634634562,-0.38621218573241456,0.38787349393998455
2023-04-25,-0.3985237687112735,-0.2949987970984759,-0.23055859707902787,-0.3618909207932842,0.18774239468454718,0.1917490847146981,0.03387194720268342,-0.010949487277407839,15.351474358851029,0.026338139190773935,1.1103232344850489
2023-04-26,-0.3564285702130322,-0.5483998729635724,-0.14054457314798702,-0.6366491910260068,-0.25804606018148063,-0.24607391675412071,-1.0875535165274992,-0.9799000843079989,14.72763301463708,-0.6385810154146468,-0.09341074632288755
2023-04-27,-0.6392017058898909,-0.44251720108404974,-0.5150450315547892,-0.17132681290704854,0.4116414272194604,0.4106391972691148,1.003535487158147,-0.2800737797517321,15.23403030845101,0.43710582509675966,-0.7524669851499519
2023-04-28,-0.004320657999150413,0.2973662806215658,0.11108311055734033,0.5462259829468677,0.6218289824327993,0.6147250237211401,-0.42367688276446924,-0.5267710694768921,15.164907764376956,0.2546746991394023,0.210241716234409
2023-05-01,0.7768150476910505,0.844627246984827,0.7082562014021024,0.18466656191433922,-0.3241952531886079,-0.3114699598477879,-0.8912604923759849,-1.0821356477609874,14.66600373645228,-0.1370255128475623,-0.29055339640659
2023-05-02,0.3507213449761805,-0.23736852842706851,-1.4074467100296095,-1.204950193084179,-1.0984341907367192,-1.0870200952974391,0.8605799221869167,-0.4339318628679816,15.154346630075112,2.235346324484285,-0.5717018671174021
2023-05-03,-1.279486838976838,-1.8620412121050123,-1.1040963156835295,-1.7380489651207454,-0.28666255998484863,-0.2758418739078578,-0.2942438308609913,-0.4382969103083241,15.090845704363229,-0.35726158303963457,0.013211234162198068
2023-05-04,-2.1810177574798453,-2.158696958755828,-1.9575793319677037,-2.0435848811309834,-1.0838978208982686,-1.082459210649535,0.5868362536377074,0.9587666776834363,15.312026326442236,0.2313465200111904,-0.7219166748604913
2023-05-05,-1.9563178965194916,-1.5136648160088921,-1.3906295268359308,-1.116502867430454,1.2009963873277163,1.1945396096665617,-1.12403133926318,-0.9451835728153533,14.702084487115465,0.12580841048971378,-0.3729953566119728
2023-05-08,-1.0826969580056793,-1.278803212827691,-0.7732536689468902,-0.9218089389972216,0.2349251130226171,0.23949038928771188,-0.19052964552726936,-0.8015847707632229,14.639116101726811,-1.0661310368061008,0.2602579168611011
2023-05-09,-1.0301124649030942,-0.8878663351670829,-0.8827948688042621,-0.7160869622944857,0.33814708604109356,0.3421777975020596,0.5911582172078771,0.43909277193846513,14.88304523491677,0.04861649366220507,1.5565060545591718
2023-05-10,-0.5263046964300758,-0.7478492535114984,-0.91585381647578,-0.824171750984811,-0.22030098357320083,-0.2148451195907571,-0.39932702610142407,-0.09441422971343845,14.796615148067264,0.4362442878282643,-0.7835091090083725
2023-05-11,-1.0516128864299346,-1.0726222898992246,-0.8505851909656311,-0.6932065346823598,0.28011048239981606,0.28448939697783515,0.8826869506599255,1.3831999464028308,15.083725245685157,-0.6364781239671868,0.7992135175471106
2023-05-12,-0.6201146575752455,-0.840069362211467,-0.3654234088667239,-0.5257391967662719,0.5609004482306732,0.562949314077996,-1.0544800921448605,-0.5064689308727426,14.617243497488738,-1.1036943871255387,1.0616158931820405
2023-05-15,-0.2687519133062316,-0.5928380614473153,-0.05076514729334345,-0.6192615818215427,0.30624427472950494,0.30967491514964807,0.31421738628250045,-0.07939679676778216,14.771060848391064,-0.7857453989370421,-0.09028428189311727
2023-05-16,-0.8432829633919802,-1.2294088599400568,-0.9583703717878771,-2.0471705117663106,-1.088963232402811,-1.091034422348733,2.445527392858197,2.5417577696760083,15.651781367698508,-0.4875319023130414,-0.5365119536519284
2023-05-17,-1.73146151940829,-1.7675052532117788,-1.8246399756054474,-1.8810733491267095,-0.19139680902378994,-0.18813241205550807,-0.4490836274862264,1.367146720785434,15.548581207584531,-0.07466820114351519,-1.8135886322414345
2023-05-18,-2.1906685138877,-2.2719935089320185,-2.3132973559874053,-2.0416792581055376,-1.134778361763891,-1.1381192305839631,0.6075410258271665,1.8519719491406257,15.943170791030262,-0.16676658709661593,-1.7344353889742399
2023-05-19,-1.4701419165271754,-1.206027646673217,-0.8032511886912349,-1.1782545678838479,1.6334622533617835,1.6272875359920471,-1.2448842977503434,-0.3504350277412308,15.208532488157374,-1.048402641745939,1.3088492944813743
2023-05-22,-1.229655388412811,-1.143111111478015,-0.9917632038492781,-1.0532979949301855,0.2484541671197413,0.2505371242128761,-0.6797591696740738,-0.8567214589907506,14.934775112883141,-0.7718244060432994,0.2822878794347229
2023-05-23,-0.6782394977434335,-0.850056903642321,-0.552729586281061,-0.9797072877249033,0.2780173001397804,0.2800509063572253,1.7698569584515154,0.764025681676218,15.85147045158726,-0.8803236991526265,1.4087521801661393
2023-05-24,-0.9519749858607855,-0.8796681067006712,-1.0286479513993834,-1.2593981490052704,-0.6480484452198472,-0.6465012818043062,-0.9862761243448843,-0.8768456014639421,15.133847493480909,0.6549451695805908,0.3641581638006482
2023-05-25,-1.6874114814983532,-1.9186430895969167,-1.9549988513890617,-1.9487444690124978,-1.8417128577886186,-1.8481736560223165,0.33858035725711105,-0.24785670652653471,15.526801020332872,0.9438970750990692,-1.7777368375742986
2023-05-26,-1.3662545451871804,-1.4106597061547683,-1.48960927568703,-1.529576261735339,0.7941385301249605,0.7941237939939956,-0.5399553296189612,-0.6883599604265558,15.379365368104027,0.9883703124697587,-0.48298715905066725
2023-05-30,-1.9675184191494302,-1.9406519336402996,-2.017531961684714,-1.6653488287691685,-0.2641752987392693,-0.26122492971289973,0.45490679973757525,0.08920558577876034,15.870313676210479,1.6046570871162082,-0.010130088952091663
2023-05-31,-1.704985026593114,-1.555263278364855,-1.3599080635341299,-1.4445568966860123,0.3040903917881969,0.3062291776736012,-0.4664987110362405,-0.20928169880020162,15.709360351598635,-0.28094083176717055,0.8098196156531112
2023-06-01,-1.324459816710919,-1.17657656363338,-1.076692026716452,-1.0944676796002786,0.7914990583042433,0.7908595813944092,-0.7153436408323272,-0.8609871842570674,15.294133613219454,0.23644938367172202,-0.26454576620893205
2023-06-02,-0.8688865884652472,-0.16421884551761068,-0.5779957534108572,0.19385194844933076,2.0573288647912964,2.045182662404792,-0.015868016193873413,-0.507000747689398,15.360623473129627,1.9361465658784134,0.5864053917961106
2023-06-05,-0.04089055996514212,-0.4250213720763685,-0.8133041179528585,-0.959845258333929,-1.497471146692394,-1.5071301005114557,-0.28904879939419575,-0.6110743144488843,15.31301104084611,1.6870718861565641,-1.0583937996889397
2023-06-06,-1.0133969351661272,-0.10360398325232305,-0.45613024549654607,0.5245586640944826,1.543369548025267,1.536990394692451,-0.26066996716140084,-0.7391860575666043,15.310121286903565,1.1865000847775797,1.4855345689465291
2023-06-07,0.7676657569185332,0.7884582495644227,0.855870032693803,1.350526865224602,0.6014832162174623,0.6052056048802484,0.35715215328692324,0.06400796254777712,15.438397821050536,-0.354674516946491,1.1217964846875539
2023-06-08,1.5986658145575472,1.4474540860686118,1.9144397456279538,1.3232630296114396,-0.059812627681762376,-0.05424417960755582,-1.4285530118673055,-1.7639224868970098,14.813418511160688,-1.483647898932508,-0.20884119703183038
2023-06-09,1.078594713853328,1.2236622851252823,1.4320625574009542,1.390832663115352,0.2302760625112181,0.2346157418996171,0.8660072610471193,-0.834955101706886,15.049178368847759,-0.9941570625175575,0.47354376708582757
2023-06-12,1.3254599355054704,1.2013232071431637,1.5034817073004885,1.1678587060419994,-0.12681571449340154,-0.12187446859246134,-0.5481869641900051,-1.0583485882066352,14.851467351488042,-1.3909065615512701,-0.7586595222423623
2023-06-13,1.066813371641005,1.4252805038275478,1.416409318109097,1.3809925292890433,0.3423298712645425,0.345454122415204,1.095478235779877,-0.035620747241913754,15.040403306331966,-0.7727666715158511,0.05139313883467497
2023-06-14,1.7545716190423812,1.7983847082615696,1.3916862290314895,0.9903458206452977,-0.5667824289846441,-0.5621568359334583,-0.25298190556141376,0.09943600474436441,14.929340140736599,0.03873899220523353,-0.23255412244094376
2023-06-15,1.2576025636917605,1.9829359310225925,1.4834930000205824,1.8959789003701009,1.130334304298556,1.1242905215610217,1.842951618419771,2.0645961856276127,15.368420657687734,0.452475105104271,0.5787663665891061
2023-06-16,1.6174568437659755,1.958705955133989,1.729603816648758,1.523095442272965,-0.16160772275975216,-0.1565707213921033,2.1168147998989784,2.604980798930465,16.06650768157941,0.3775175538667996,0.5110338690200348
2023-06-20,1.7021559820693108,1.7317037538147764,1.5201022103781818,1.342049778723077,-0.8093781561743457,-0.810867437530372,-1.2486737803317327,0.33519242349419814,15.430075504667409,1.3050845696128097,0.19656049718242963
2023-06-21,1.1216922665214695,1.3581137505063787,1.3357546265183833,1.8821619518650592,1.558342094467866,1.5572457537376083,-0.26808987733653705,0.18610284640668295,15.4002255623491,1.1748352465527214,2.06962446882011
2023-06-22,1.6718564530553395,1.447389221449226,1.6738781328368801,1.7018647847223538,0.1964339238469863,0.20002169936163589,0.19169580416241627,0.5009222106178922,15.569204819518713,0.31230691740279265,0.04126765223143467
2023-06-23,1.5086274951526413,1.4546403237526324,1.6633799668202482,1.5958630569516448,0.09248225468863858,0.0956935707183165,0.7933334795110172,1.1667753069702935,15.9978584688465,-0.04222050181427227,1.1360274025224488
2023-06-26,1.473229479139623,1.3082125840435541,1.2713677635918073,1.4626926816165091,-0.13257600299630254,-0.1298948824142004,-1.396288893329722,-0.8640641935416942,15.157252276425107,1.0295962728149122,0.5035987182337033
2023-06-27,1.486803234558378,1.1203410917514809,1.3790875041393686,1.1277291262288967,-1.0847402494481098,-1.0879418412486832,-0.5037256583131379,-1.0840250923307413,15.02315690655651,-1.1911327340894802,-1.9111186338215997
2023-06-28,0.9353216863456584,0.5857330471840652,0.7626294677327077,0.767472336070056,-1.0713598510806075,-1.0751286918607927,-0.40364078675919735,-1.1153651562111497,14.906225410481534,-1.17613982158223,-0.7782266928105287
2023-06-29,0.716493064804247,1.356009336743854,1.104504330117077,1.4653952096768106,1.1718645522852,1.1714014578534842,-0.0973306572785776,-0.9830296216229989,14.960720450166349,0.8411735660004214,0.5590853134124848
2023-06-30,1.650699749158409,1.5436024480684405,1.7383373109195261,1.1799465257860917,-0.728144569489778,-0.7284508138176026,0.2760029925902395,-0.6254524850301667,15.138572477985942,-1.5799008993203216,-1.492001043437886
2023-07-03,1.4668728416984862,1.4967524932994687,1.5106104452392242,1.475820886253194,0.5307254305784299,0.5335167825934192,-1.0769490667664476,-1.077629367975099,14.538750864009089,-1.0379532999208254,0.32066336324654854
2023-07-05,1.1783471342161984,0.9171058839524868,1.0320940806470913,0.6459996279267877,-1.7219458000070385,-1.7298901089606995,1.8855075497526752,0.06313464983578682,15.15518516037986,-0.9949370124175722,-0.940237838126768
2023-07-06,-0.17186568345357042,0.4292011350762769,0.25088916307407466,0.5539609219609084,-0.2755631339085484,-0.2725120008047751,-0.52971525887805,-0.21364794992931566,14.944296670065604,0.3497502259261792,0.6746233128787422
2023-07-07,0.6975312193213182,1.2066226896354553,1.0896550633918187,0.6440495208104263,-0.007317282238382045,-0.004074241376627221,0.9905256323927719,0.9607944287545284,15.364731477989782,-0.22756233653840366,0.3106941006775386
2023-07-10,1.0147186916307287,1.023732263158165,1.041928323782157,0.5629021693621068,-0.14209236079759838,-0.13916767350066203,-0.30340908922619725,1.6535962591287636,15.232116108114683,-0.5748330305753656,-0.21093886939831177
2023-07-11,1.0020954948009042,0.9178854729763799,1.27144211182194,1.4207166071569284,0.9207774011859494,0.9218665796597634,-0.5615889525650748,0.7443809919429297,15.044946702184218,-1.5141416716190472,0.29086162971501234
2023-07-12,1.3833842520712825,1.3696732003859968,1.6475122510809648,1.55451972337243,0.21130133522908778,0.21442878685535022,1.2281959052166007,1.910520109136164,15.539169792900513,-1.7113424197918314,-0.481034083117987
2023-07-13,1.5609784188365006,2.4467244273686983,1.7626298626574548,2.367446087912991,1.353674632875587,1.34902444089896,-0.3950663698243664,1.1861714657157723,15.502964695372917,1.0355372643361802,0.6598992037994601
2023-07-14,2.0469464217240465,1.7785417676624042,1.7383459081231074,1.0780858239134665,-1.4684627096825544,-1.4727492362845351,-1.169805387184169,-0.7155048062257152,14.8933761138088,0.17188588425069248,-1.0710980146954618
2023-07-17,0.7394340519218977,0.3276191033147019,0.08480895034142513,0.41472305301912027,-0.833717970425871,-0.8328133351915102,1.0076210483140595,0.47171144426250566,15.369541674520757,0.7859258953009743,-1.2882595428783432
2023-07-18,0.19103261538746594,0.570552317028431,0.3658747982488969,-0.18162964078546176,-0.7319538671212429,-0.7315706409547551,0.14596912133033718,0.8809104974348223,15.596680994078957,0.6634955347288267,-1.4351167225148223
2023-07-19,-0.381758228283376,0.2295636712724442,-0.030254178432767686,0.11971967888606978,0.3941602203036503,0.39721712903427303,0.4066187197639463,1.4189903936722745,15.850726010470757,0.7503733648084195,0.4358441294015353
2023-07-20,1.142159295368091,1.3337161953080703,-0.06274105937063418,-0.6562583549809342,-0.8674848031038536,-0.868102964210987,-0.7469354500197638,0.1489162398738596,15.695555744642911,2.2994289615409462,0.4313654489599091
2023-07-21,-0.3951922372105073,-1.1206667235642085,-1.3898736144900157,-1.3805745901535713,-0.8165692496302795,-0.8174528516838603,-1.0766011697639135,-1.3509522365437152,15.24883186302737,0.01753034879005626,-0.6092958880915843
2023-07-24,-1.4925772959166628,-1.5822173337283065,-1.1314251461149059,-1.2255647618231171,0.14033477512305775,0.14417345738762677,-0.03993660974188045,-1.0275752210456903,15.300405361849968,-1.2446649707432105,0.056010165376049054
2023-07-25,-1.5334316627763647,-1.6436838334031412,-2.1072767640033288,-1.364815198227576,-0.3985039276215753,-0.3971965429039761,-0.43346309825599655,-1.1543394856484643,15.21229990356681,0.6304736483911626,-0.4888534464974799
2023-07-26,-1.4011870254529954,-0.7083356009336914,-1.1003109743566006,-0.25167726688541014,1.3802942393722075,1.380732364443726,-0.1627689093340194,-0.9704052879545415,15.168506892147336,0.7840388074996653,1.7788984022880094
2023-07-27,0.023969918930261055,-0.1467931637082558,0.4937440609617421,0.41222634067383696,0.8459804644261005,0.8483657068685263,0.5256361894985635,-0.3070399347319428,15.350914557040694,-1.173197143788246,1.519279825292653
2023-07-28,0.7469536255320638,0.9465373361436425,1.0416709145454215,1.9682648694179508,1.7230503493123253,1.7190611340448148,-0.7958934082240198,-0.8898864133730723,15.173637156398334,0.018154473063241718,0.5481229874043755
2023-07-31,1.27629019605045,1.0160830981774034,1.468241063788554,1.4976866296909215,-0.31188122393930356,-0.30961469558041116,0.9103948985993637,-0.23620012570412602,15.37167447888262,-0.7341156941856789,-0.28981909783145315
2023-08-01,1.3831371469845744,0.9129142295723812,0.5053848272974099,-0.16113412417294987,-1.7472154740214572,-1.7560870373573003,-1.1634346488201552,-0.8589508381035511,15.033475316748634,0.7799425277009521,-1.5558070955871994
2023-08-02,-0.5871841608424503,-0.5898811814809002,-0.610002592509535,-0.4189547275899933,-0.28231715344211505,-0.27915479816626204,-0.3903584290712028,-1.0740986126860133,14.871076505085503,-0.034979377498393034,1.263193696812979
2023-08-03,-0.5590234746928171,-0.9269087416551223,-0.41886807545787436,-0.8790904204028458,-0.5528004131549447,-0.550795886800144,-0.5978203929775305,-1.70234318122802,14.652715224436726,-0.9932550153314894,-0.33013429131252187
2023-08-04,-0.8621188045774612,-1.0288715890928684,-1.1939812405472974,-1.7028563725552648,-1.2496843665921424,-1.2533993291452954,0.8242376716714513,-0.7166931774515102,14.75563538766898,0.49121569375892343,-0.8562663281922488
2023-08-07,-1.3070276708267743,-0.921668766113951,-0.7600507322069432,-0.7477515742465741,1.119477950405831,1.1178505137124075,-0.296822218392879,-0.8129024560652355,14.649853869350586,-0.269715409433775,0.11870504072628854
2023-08-08,-1.0241578413786634,-1.1505356300194987,-1.11213197107142,-0.7945403602320863,-0.06479329479752768,-0.06049552598823086,0.5291945416842807,-0.14842511501231365,14.70484151918632,-0.02570919217021858,0.27240493618896366
2023-08-09,-0.8390739032025137,-0.769865562477239,-0.35483037941070966,-0.7022018173125955,0.09056288408411999,0.09448626221728139,-1.030719238607064,-1.153285719043399,14.41955381003868,-1.2143043640872238,0.7718937990840329
2023-08-10,-0.36859173290470953,-0.13118644479010624,-0.4311389543435243,-0.776319991361032,-0.13212878852718637,-0.12846912349334205,1.7361188022677017,1.0311649164756989,14.691979211901588,0.8286289765235266,-0.43003011047960665
2023-08-11,-0.9677847563030479,-1.3927353125897355,-1.1932572810169904,-1.1877373193479828,-0.46981925178022127,-0.46790002369765016,0.5739505608350803,1.6632430631309945,14.787160686416797,-0.8699118136264119,-0.7036884716306877
2023-08-14,-1.0906732830223351,-1.3147871961412194,-1.1855221418207,-1.506949867838788,0.10173819006588354,0.10495647598788473,0.4287033415908295,2.059718635379696,14.832117464172137,-1.0822221775119023,-0.9945476794035388
2023-08-15,-1.9155481766425442,-2.066782030133198,-2.254201267107799,-2.115311157080508,-1.3637990198945737,-1.3695102156211143,-0.10045871397738189,1.543523112206749,14.805014947926798,0.10326089131024703,-0.08018050153336452
2023-08-16,-2.128846855189667,-1.6538065972903608,-1.9630562106298381,-1.9554798980729167,-0.4014510616706304,-0.39990506386682945,0.99992531784046,1.7993827960054163,14.985544189217197,1.4105904840373016,0.49807828406431354
2023-08-17,-1.7340828584375552,-1.6865204945562604,-1.8865855703118164,-1.7710059332120645,-0.3127504231266013,-0.31081375243614223,0.006633627936621185,1.4410487030508814,15.03504199657464,1.4536626635439116,0.5354109320442741
2023-08-18,-1.8102497454889248,-1.3175536889781114,-1.3107305802597273,-0.9004315632133048,1.6480863169010522,1.6448386346758523,-1.0459319889695393,0.5048663018984076,14.874897146800002,0.6606409911515299,1.7286112712265815
2023-08-21,-0.8488647743236003,-0.7010924569452808,-0.6075452994491032,-0.7513079427446959,0.4392231304210429,0.44222095217949764,0.1953835694375679,0.5399731188564013,14.944814017211574,-0.018779709413568536,-1.1028021194517499
2023-08-22,-0.9325947057354033,-1.16458902787643,-0.8868951664423425,-0.7954561220186978,0.010332775477302308,0.013071389896688688,-1.2460594581196054,-0.5959979715318274,14.715428382323639,-0.6203327183137487,0.05650595427743484
2023-08-23,-0.4718670908684513,-0.905311257979275,-0.4589189858378099,-0.4261146457380313,0.9517051669083072,0.953536304780006,-0.26621502843179856,-1.1019593363598883,14.715184390717365,-1.4162180111300482,-0.9872778039432378
2023-08-24,-0.5955213416835435,-0.019770054098520132,-0.14298786797855084,-0.5102311326471876,0.051667674582279915,0.05459471226550601,0.7024276600212733,-0.7399486079432392,14.81389764118768,0.32612600208085535,1.645802115959587
2023-08-25,0.23239787697314637,0.05266392611689633,0.2145202340661655,0.9930078182962618,1.580962188247255,1.5770450770448978,-0.7293226229911629,-1.162017647665174,14.721630138606235,-0.37626502346521273,0.5192437103559464
2023-08-28,1.4897453787978339,1.8531424834078782,2.136606020548558,2.176330238022824,1.0704100857286538,1.0695448076874907,0.5825329295737507,-0.6086340211761767,14.793611467429338,-1.1852465572714563,0.1549266561717417
2023-08-29,2.017057546177216,1.9095572528163085,1.6600937949647536,1.878527266105772,0.3270386592025309,0.32975455455739905,-0.5928797183071385,-0.8560692444178626,14.714655537920976,0.04174612937259363,-1.5087261837807415
2023-08-30,1.8933886189054445,1.7006477811801635,1.8298012394722645,1.739252869790924,0.4032463115156472,0.40528879834112985,0.6066629144669767,-0.31056958541412966,14.761010904907636,-1.139524536168619,0.14483564300488316
2023-08-31,1.6312596072207566,1.7316001751624142,1.4119828565689172,0.9187740076619937,-1.6606965224021617,-1.6654380281760697,1.629704177383762,1.6508629754090862,14.946429004121056,1.0797907660283876,-0.7098741540281681
2023-09-01,1.186337302327793,1.045449876113816,0.4151783935770647,0.43115434856134227,-0.9274430153302465,-0.9276792270263404,-1.3477532295843078,-0.0659131472631611,14.747123699854043,1.9972034944196722,-0.5774512553009252
2023-09-05,0.011389743410085099,-0.1357962315427823,-0.46720674757721375,-0.7617324148901583,-1.7227830241272917,-1.7291661681851698,2.481016675201312,2.6290832952482406,15.280616330562033,0.8135483112857096,-0.8970596420574292
2023-09-06,-1.176766822232954,-1.510490285133812,-1.589655182033283,-1.564149808088106,-1.2257186183199928,-1.2275412738579148,-0.014451988954054194,1.823479397501974,15.36109259620435,-0.12810111489308432,-0.13526298529730896
2023-09-07,-1.1049682763727442,-1.3095955951341935,-1.4063641886568643,-1.5215462556743113,-0.23093913909750965,-0.22770812699417364,-1.1692485652243576,0.14540815949638966,15.077091958116375,0.3437204158840256,0.27573136115271096
2023-09-08,-1.581494182975899,-1.5131336337942494,-1.3753698189712769,-1.1215074006856725,0.5760576107924447,0.5780148257022291,0.37704058780213245,0.5431340131640088,15.23400610095012,-0.6994942845192217,0.9906890617025691
2023-09-11,-1.0315685241072152,-0.5488074144347687,-0.49260736458366544,-0.3862390923198698,1.2513430892267474,1.2478561136121542,-1.4428138123225651,-1.2871707759387776,14.724817358867416,-0.2753362706936288,0.9908539669137713
2023-09-12,-0.3589846002482921,-0.4670677280378759,-0.24578808000521216,-0.34390015703230487,0.08920856863665107,0.09234925210666059,0.5901458641082693,-0.6643489890877612,14.937514125049738,-0.939849790411211,1.3355738726413697
2023-09-13,-0.10035909981020419,0.08233717254675026,0.3105909824910606,0.415205918901128,1.2470478265916611,1.2443853442034631,1.216987562947834,0.6365176165866231,15.36060214412352,-0.769964702723697,1.4997588581743095
2023-09-14,0.36648142542705864,0.7423674137928189,1.0052260931437602,1.4833879682700388,1.3873737819403065,1.3834480059478687,-0.5821379101284847,-0.13753030671672767,15.254065483015662,-0.5637053942693909,0.5720775221302641
2023-09-15,0.7872174028119795,0.9522282665451864,1.194483717589042,1.0550850175940365,-0.6287763324254572,-0.6267782004117763,1.2940123294105812,1.5195342624974244,15.750042072340257,-0.44748031049197584,1.1133276289781457
2023-09-18,1.6664071643571974,1.6183337567232814,1.5110155467343496,1.7360138715167661,1.213902478243309,1.2101873598564086,-1.1634253049402585,-0.599850331420885,15.3321972337046,0.6903144575069374,1.5859025612736086
2023-09-19,1.7725822971241794,1.6665540085678787,1.7101357721579524,1.526102372085421,0.09962941584215454,0.10285085289242626,-0.6210635818520639,-0.9947638744469777,15.13009434011629,-0.5570882256189499,0.427489678265695
2023-09-20,1.6613262994816993,1.7082561203491602,1.5441604782504803,1.414230211804346,-0.06157587126743147,-0.05885414308881165,-0.05684227480398943,-0.7315980402460709,15.141258684820345,1.8103530378492136,1.8411909220392706
2023-09-21,0.8535734978887742,0.6183079767235347,0.2613514772956182,0.09719239366278565,-2.2994248370870594,-2.3071723840702845,-0.28324251034352305,-0.7652118938113965,15.09413646440502,2.1749643579062727,-1.6576745889934845
2023-09-22,-0.037127604220156755,-0.5550763282806647,-0.8885472278562677,-0.8570287395274065,-1.1627856654764288,-1.1608488447104448,0.822584276123899,0.32382517172754977,15.40548039113476,1.164984825002833,-2.0107033754067722
2023-09-25,-1.8584605320259382,-1.6480122172191485,-1.589067816060594,-1.6515307899617098,-1.1309509747996593,-1.1311617032515988,-0.7876701730510812,-0.6021261548132513,15.224715701254716,-0.9962336423943942,-2.1050620568071885
2023-09-26,-1.7301875508535347,-1.8594182363650582,-1.911521617927876,-1.9826763809493053,-1.0875815220938934,-1.0887828461315034,-0.1548416967015938,-0.6151821842529839,15.246969709998556,-0.43292053347511505,-0.21356392540925104
2023-09-27,-1.7861511388029643,-1.7630831954251296,-1.7925969190884772,-1.7547059169776689,-0.4017657649615839,-0.3982913240873511,0.38374409496858397,-0.0011249671686026554,15.382688150316994,-0.4718182494362769,-0.9424485757366424
2023-09-28,-1.3586659425125345,-0.47256926197111143,-1.0896268438944055,-0.3405759860658344,2.174761410756684,2.1619349188604273,1.1500397747230262,1.2963925849194142,15.751774474209636,2.4857150571310584,1.7791585329780333
2023-09-29,0.10134204415799981,-0.20378812676715577,-0.3236445170068718,-0.47531469887341826,-0.2123138817860502,-0.2074627686988046,-0.9138035629634609,0.6242389059703087,15.489012066276796,0.4780664522744167,-0.3377955342131053
2023-10-02,-0.557439816630471,-0.6255422353546868,-0.7455850144437808,-0.8551422494705849,-0.5792992176451341,-0.5811972686142989,-0.18530004920332208,0.44327137400496447,15.483142092669574,0.502068412454899,-0.970896334714147
2023-10-03,-0.9949770300284868,-1.0511685377898128,-1.0633893817536237,-1.1875873097442544,-0.4572215626008451,-0.4580658245729762,-1.1001982726929023,-0.9554338471561558,15.233667134392947,-0.08392318831950615,0.1946068391261792
2023-10-04,-1.1568393625232463,-0.8868016338217978,-0.8938315597292041,-0.5148233273914004,1.138451935524701,1.148140356162387,-0.11403060351631468,-0.9278325110431315,15.23900460094423,-0.1930402636378223,0.5056960928004249
2023-10-05,-0.1488447197734772,-0.24848236794915768,0.04250037689473514,0.1566964511629273,0.6719735144738607,0.6811589439654632,1.0069668798525737,0.18405863011116638,15.511603300499383,-0.6474163446518305,0.8035260557608973
2023-10-06,-0.5127071893171384,-0.15954247142310116,-0.570972241348083,0.5420973738957325,0.24460931822615617,0.25244765946835496,-0.48157667085768074,-0.2699156728770492,15.422405439634867,0.6079490726938855,-0.7153129907333522
2023-10-09,0.24430323323803796,0.02215068630434928,0.6274547235019554,0.7095900287242874,0.11192858437555027,0.11876169174711222,-1.7968071758485613,-2.0415546657384724,14.714574151122438,-0.8527931573380587,-0.4437589659464123
2023-10-10,1.4099927424441114,2.1303242304568726,2.134826448618768,1.795180069853959,1.110143279817933,1.1120352125476503,2.576658764450135,1.2003676413536077,15.759075244285368,1.1151407547763958,1.0652964227605122
2023-10-11,1.6696678506060003,1.1785274202884968,1.2770930402236746,0.8578954399583153,-0.9026230967105014,-0.9054521196603795,-0.8678719389972752,-1.025153369550716,15.097610667520351,0.30258559616208724,-1.2025878193472888
2023-10-12,0.8395424517990999,0.5581994910602122,-0.1776244479872227,-0.23348700463655306,-1.104662606440553,-1.1090401370809142,-0.072419655967886,-0.6557144427891738,15.11311058125552,2.0115322221554437,-0.5591348660977898
2023-10-13,-0.6488719801623949,-0.4117200802600564,-0.24324096755878738,0.17555735938911085,0.3987345692957963,0.40331804250959546,-0.3302671985810058,-0.8084075395403981,14.953087437245497,-0.5934768974492465,1.067906660117929
2023-10-16,0.6570705833141216,0.37773687341032075,0.8072364652569057,0.8327239938911162,0.6847840835889425,0.6864465661459908,0.13412918235279464,-0.06542711284642846,15.119211314805264,-0.7597352800383353,-0.13139448841737467
2023-10-17,0.28580411941841066,0.23843648980948812,0.6958852829424389,0.9963451403189588,-0.0569492762630283,-0.05256599800643868,-0.5216438412917378,-0.808054794155059,14.814892024477652,-0.7977445844741432,0.3234222002263447
2023-10-18,0.6445033874117533,0.5981163868337206,1.0277523889718265,0.6321143728548698,-0.43393045512127654,-0.4305126284361803,0.4235776686001235,0.2997208737985511,15.161738108091036,-0.5934157152934137,1.0956292301268893
2023-10-19,-1.037846083169578,-0.5554393628834566,-1.4833316572654054,-2.001122013653994,-1.9938684931634865,-2.007214112767971,0.8123561097894755,2.023684200630442,15.716617733430734,1.6755609390058788,-1.4931550818259103
2023-10-20,-1.5756670927764866,-0.1276584082067265,-1.0347391225297948,-0.11234614547893292,1.364529243322265,1.3541464563443875,-0.4634751687011983,1.0209137314680445,15.53681197571035,1.3863431510993527,2.0190973677498096
2023-10-23,-0.25069210302197126,-1.2797113684803523,-1.0715597337499534,-1.4807998768291304,-1.0524566108864666,-1.05327258719525,-0.6714349800997902,-0.22104476110006518,15.216570617620363,-0.05771588768667015,-1.0856647188166162
2023-10-24,-1.447208073367213,-1.9251085184107717,-1.0327256056707963,-1.2968143426332948,0.17414271826056654,0.18008493008640614,-0.6848179486889399,-0.658182212838059,14.885449329077355,-1.1072812371365555,-0.47379989241114234
2023-10-25,-1.226353227681106,-1.5505134101988358,-1.2275634078212545,-1.5516028620686233,-0.39924857336382746,-0.39392631014420276,0.8993700911188388,0.13907139889752973,15.207215505427477,-0.3747576931320021,0.2961788117226682
2023-10-26,-1.3892637190478405,-1.871462250182493,-1.4051156886830851,-1.4198585346994927,-0.09478509242487644,-0.08869154803131307,0.00901538111747295,0.2322462183173725,15.273614054507755,-0.9557068411470745,0.3784032857554584
2023-10-27,-1.4571324963808552,-1.7099397836725292,-2.0585432608579,-1.9670271104296642,-1.3349766624584571,-1.3416858803523712,-0.21637777288990714,0.0426792933324837,15.27913649341624,1.2500089294776535,-1.2245042704025335
2023-10-30,-1.6541613166956575,-1.2518775522751358,-1.176026725538907,-0.779147368899335,1.5603424808783304,1.550123475750094,-0.47541350192137516,-0.4148381275507995,15.156180002728359,0.021734038351637036,0.549927489870679
2023-10-31,-0.8512293606289593,-1.2345978821508572,-0.816770718059591,-0.7463686541236996,0.11737373540979164,0.12494849835216715,-0.46242824299637686,-0.8675749292738677,15.064581289964444,-1.0426869177962015,-0.5164975987613226
2023-11-01,-0.5258854065906535,-0.9951476690228835,-0.6981620794752512,-0.703162253960588,0.17000433501427795,0.17756745633864557,0.46704877874644696,-0.2797141437833059,15.243522752221157,-0.8605637239314594,-0.5688979376627853
2023-11-02,-0.5349941500836898,0.14720516580820617,-0.3829330910037382,0.6723655635759747,1.3075201976434692,1.3021122770221834,-0.45869969092482393,-0.4281271572715593,15.096444681204078,0.9542316925251731,0.21950248614964157
2023-11-03,1.2395660408221056,1.566304143842694,1.6466982718186414,1.3408966458449831,0.4943381163263464,0.4998251748870797,0.5156484357639416,0.8470851896356101,15.184023003773637,-0.5371649336058383,0.11360855787707297
2023-11-06,1.6176863872596898,1.0106646858648787,1.141298352250033,0.8786047386195442,-0.44085457355338276,-0.43632355278646967,1.338100352584953,2.172119489934124,15.467337428589557,-0.6986320530091984,-0.4461319363830658
2023-11-07,0.8978325178941183,0.7683312795402784,0.9740066661057134,1.0570858357195865,0.20204397161249224,0.20809154287714354,-1.8705873952460919,-1.3427057026680633,14.942127367170023,-0.781375975209515,0.31606499764369717
2023-11-08,1.0086148390744327,0.8553307083968784,0.6263582542977401,0.18614364223252214,-0.8505051944820129,-0.8496005198325799,2.0874495038541996,1.4808637896153765,15.461299878723162,0.16545625509165446,-0.8698411394779476
2023-11-09,0.20431968811187126,-0.3218719294521713,0.16403624131944064,-0.13801835140870825,-0.3242170617785,-0.3187061982730978,-0.13964949436314003,1.1942703334838656,15.476553906064767,-0.9582179217122733,0.9192854207256103
2023-11-10,-0.21445988776302005,-0.6848006094460105,-0.7478101529222179,-0.54038208647138,-0.3273335935322542,-0.32429408898447676,0.2383374277323398,1.424102916815545,15.60861928320358,0.27750398599442083,-1.4264056807069228
2023-11-13,-0.5788307449398175,-0.3173514377871466,-0.21125975948756665,-0.293318613190744,0.29077564383463816,0.29579878306203355,0.5502110632090453,1.7497668440181684,15.848934469697154,-0.2447394893476471,1.2010740719886455
2023-11-14,-0.08030928522737091,0.14667013389890035,0.3134005918019752,0.02276674528938676,0.3352715408169967,0.3400389771575642,-0.9433458452272055,0.2584999132026961,15.640463155773393,-0.4122035048650873,-1.1041730480181506
2023-11-15,0.05730706427207353,0.6407810562299452,0.3770134324315649,1.4704621169299068,1.1831051421849732,1.1829784980789948,-0.21622917532875446,0.03844114918522532,15.655711082811415,0.3608480577958144,1.6694486690782329
2023-11-16,0.4300968542611977,0.824788129058066,0.24018994137270322,0.7850764128876772,-0.6984637377549847,-0.697480591497468,-1.0731854984743727,-1.3428357486935958,15.337078761510929,1.6577639042263173,-0.22533690726189406
2023-11-17,1.3193297500095567,1.184788192676967,1.3311169110042909,1.4930306206511819,0.8906801678454929,0.8917855263516599,-1.0471467551365716,-1.8137321784513794,14.933827756736093,-0.2807783001887778,0.9091249976370142
2023-11-20,0.96514340690964,1.3534374604332873,1.3439434417503238,1.5551250492389532,0.4195646179746078,0.4220648890658897,0.3895008582033379,-1.1912114338465196,15.058598589110773,0.2768241933579708,-0.01723333948674888
2023-11-21,2.0452622346247766,1.5925393641964292,1.9380401211498464,1.5521949950459255,0.38462512807599764,0.38720334056181066,-0.38103947722201115,-1.240139459120072,14.982280124663896,-1.3906092985588527,0.8292328866198168
2023-11-22,1.783933575710597,1.718288719142578,1.6488792986100473,1.7400206020142566,1.1230816227055467,1.1222709486610434,0.5753491718099435,-0.8309376677553124,15.070642432670121,0.19289595558646633,0.7018696148166912
2023-11-24,1.8431578945906582,1.639302693595447,1.8724817777571847,1.6077916027306427,0.10579288009916182,0.10822825318601419,-1.505582769524534,-1.2333261088274123,14.547927008190921,-2.0412229353107416,0.48369930530213184
2023-11-27,1.4754323670310292,1.2956541098819576,1.3637450660092691,1.1856059470639098,-1.352469828212964,-1.354812934581956,2.1050280133991786,-0.21252546198265368,15.062169506203812,-1.1283205510659755,-0.35669560561533226
2023-11-28,1.224334525250616,1.2463716119571902,1.1403842773618775,1.068924996050847,-0.5882417763831518,-0.5866214970456687,-0.7170902761222472,-0.5399667705367642,14.714248537674006,-0.48611216541460234,-0.1550734261949396
2023-11-29,1.1667376222331967,1.0503450709219828,0.8740683590934198,0.5639352420582022,-1.3292637348125362,-1.3325566768742036,0.34401363476482755,0.12157890069773288,14.781657932736252,-0.17224599803726945,-1.0999981057870327
2023-11-30,0.7886418908551215,0.5031750468378857,0.25089891079698107,0.17609652720343397,-0.8604247011553088,-0.8602154332544777,1.6116731826844117,2.474969599145274,15.278627293199058,0.5234339085232538,-1.3350744065032325
2023-12-01,0.07116237681840876,0.5281847877546931,0.2848849836558241,0.7284635781487935,0.8147905811856837,0.8148926903625558,-0.7404691304619342,1.052685219800491,14.977817574376417,0.5924315860382711,0.08436488470894465
2023-12-04,0.36193274273014187,1.1000356445211017,-0.4590539420393662,-0.94411770266977,-1.8856041028933723,-1.8921186064563313,1.5242779677566058,2.185804779041936,15.561138999383925,2.364936708658467,-1.2421066068637718
2023-12-05,-1.640221868336911,-1.3340172148384835,-1.7029071238753235,-1.6346152735028476,-0.6322252455744449,-0.6303019463519712,-0.9961774776812073,0.40039058429393465,15.098331787861927,0.9186727310235464,-0.6545784781279947
2023-12-06,-2.4230282893862602,-2.61396363038427,-2.328246300557363,-2.327354334904767,-1.6518936326487543,-1.6590213972651757,0.9025072441775384,1.3722676603568695,15.559409605678216,0.07638735880250498,-1.6862354008958682
2023-12-07,-1.4861207970972583,-1.7744655504711628,-1.4405948038119876,-1.6671244246074994,0.43941948896933725,0.4414264683188684,-0.36382927144788757,0.8543613416641628,15.522383844921285,-0.7173612775826022,-0.8508047057673164
2023-12-08,-1.2096078826914947,-1.3759979944193703,-1.1820587923558254,-1.2157731266501868,0.7945771011627034,0.7944140563854979,-0.9506129547773423,-0.4604184899479463,15.169979056502177,-0.7949700073868428,0.5506813872538188
2023-12-11,-0.651134407849485,0.006584846152358501,-0.1311690292916413,0.22992789404616595,2.03434055706328,2.023321285816284,0.01951832668631332,-0.3237216921081666,15.267148038320855,0.3811070644924796,2.3925868076317642
2023-12-12,0.15227060515680496,-0.1029327320808441,0.2377569884648421,0.2691960240495226,0.013953867547196883,0.01828724173843325,-0.412868023105959,-0.7691985143658298,15.211309853733464,-0.8692457292109849,-0.35280182739678695
2023-12-13,0.3687811380863772,0.9820983002795027,4.984796714326985e-06,1.4802674911611564,1.4223763908394647,1.418028057573055,2.2503215290572736,2.1707979576422574,16.248509777453442,2.0132749094458786,0.7132778696227119
2023-12-14,1.8760717298204999,1.889349189858943,2.102905337600451,1.4175493880287267,0.13048600587562928,0.135303125961749,-0.6314817287338172,0.5399341335730843,15.991046176666167,0.5823553667337207,0.28294496773283345
2023-12-15,1.3463079022801552,1.0079166242539093,1.5626081519770922,1.1837411928433308,-0.25349575821361076,-0.24946471695411365,0.9451797429884718,1.8814749243146922,16.683210633425503,-0.8559306081972174,0.008972373344042803
2023-12-18,1.369106375997378,1.0734220330853719,1.1667403762564705,1.2186385366101886,0.23784999479970448,0.24211901970011235,-1.208799354906971,-1.2369814535420245,15.342957415929291,0.09182280262277186,0.21118923642878273
2023-12-19,1.2415488739875509,0.9760123706305165,1.2906326006589592,1.1859120484665215,0.12156904190910844,0.12572608194947296,-0.47573825372149897,-1.2257496723479915,15.175948761087302,-0.731158762192333,-0.05418932646702185
2023-12-20,0.9523845968682546,0.6300468804737214,0.23821501593552966,-0.17870768204610712,-2.1749449018502087,-2.189077801075606,-0.015378017665056923,-0.8968845487162113,15.311085466368544,1.1143380872812516,-0.8806037841926667
2023-12-21,-0.11070947195688155,-0.07929174938446307,0.19350326619832345,0.24207687586471124,0.5328096075080584,0.5339446177403715,-0.4473496718442617,-0.8850923294324713,15.101321656932164,-0.6150639044154284,-0.16821081513732114
2023-12-22,0.2313585345711672,0.1946760494389043,0.4495984182403175,0.13580834076022977,-0.18386346562116557,-0.17836898599803977,-0.5820263836325017,-0.9624271153800035,14.762796341732876,-0.5031852775046319,-0.07544893099497971
2023-12-26,-0.21624926020200674,-0.09574511783943629,0.226714436497568,0.3760852595035109,0.17069372559796023,0.1740052400191465,-0.16407624439197308,-0.8216308710524957,14.774247947877894,-0.5118205876504365,0.24950277203980661
2023-12-27,0.12027382878894025,-0.04646515298131173,0.6533710669452031,1.0406994005221193,0.34309039562561344,0.34477916068920506,0.3305235490539351,-0.5364340534531197,15.128481523684977,-0.9659630729863338,1.6934627423569968
2023-12-28,0.501606528830654,0.5055918877013027,1.0016493091163614,1.2619225883338132,0.25677619029068455,0.25813011676531217,-0.14843906725161654,-0.3451425392516496,15.0468458709486,-0.5941554578130762,1.183444154084686
2023-12-29,1.3376757600739964,0.7905385770127092,1.337830252545903,1.066209104402973,-0.09416312652604479,-0.08972276074837099,0.13344344461750826,-0.044877845619083354,15.126327047508086,-1.1179151276150212,1.0230976310507582
2024-01-02,0.7470448866902599,2.3522887101244425,1.0549441245834879,2.044723517344759,1.395204936899368,1.3810122904890663,1.1952635827337166,2.6012542580337006,15.432619175174342,1.7962974622955732,2.605491342476337
2024-01-03,2.1521698514138192,1.5691044041469457,1.857618511642483,1.46337297800829,-0.3636703818340106,-0.35790255431835,-0.798461547693136,1.3845362977358013,15.237461837535054,-0.415747409173539,0.5108411931918764
2024-01-04,1.8113240031673339,1.9273949126431786,1.9347498523359983,1.34733463861729,0.07303683498698993,0.07685610048672903,0.8087205439087571,1.5886728078931394,15.460199970483547,0.06195481583269889,0.3324553113917979
2024-01-05,1.1979596918163342,1.0231942948767112,0.9154551848417669,0.9065688559672237,-1.3070824070072828,-1.3125903545851891,-1.369704535095357,0.21221355727550414,14.994719554665533,0.6038122926411454,-1.2584326211862082
2024-01-08,1.31116057914389,1.3210534292151086,1.6262231871618276,1.4419330934273307,1.1664241168922866,1.1678957892473318,0.5135170747196132,0.50246275307476,15.157931659602692,-0.5155633118864753,-0.9380812632831057
2024-01-09,0.8951483206268794,0.31683966999433033,0.5305898621362598,0.6824476467913172,-1.5080085556510454,-1.5147911805920093,0.3891191761416325,0.7005934449315366,15.324796809515666,-0.43692707790695623,-1.0749652727935903
2024-01-10,0.8008982986703558,0.7678493033562309,-0.8560584852506514,-0.6514804335270924,-1.6073132056387083,-1.6152357784309626,-0.09073529913343037,0.6000672205226149,15.391888150994482,2.208557667957612,-1.8134402323511145
2024-01-11,-0.7046364498537028,-0.5372833733333692,-0.6063259338695531,-0.013742970055684438,0.6953366027065341,0.6973841419987103,-0.5384687511666413,0.05176670144886707,15.31236213348261,0.08944146962900586,0.6135147134782553
2024-01-12,0.9536081046575542,0.6492788715858626,0.6854976312266966,-0.014492429076726616,-0.003260885847148486,0.00042029328637804603,-0.9844371951728816,-1.0888290421905966,15.094554006640612,-0.1286765685773226,-0.07221227287414976
2024-01-16,-0.21115599311613195,-1.4514162519258162,-0.5365213973301339,-1.5086016168680247,-0.9721417741481649,-0.9736275696231905,-0.40657909185347263,-1.4663595023551514,15.010796036510241,-0.6379831816451242,-0.4566781980775012
2024-01-17,-1.954418776428057,-1.7927404048581408,-1.422114971904459,-1.9525683821035682,-0.9022882476779756,-0.9030677265186041,-0.634382780972639,-1.5504095603280947,14.828347432798246,-0.2391424484161247,-0.1294600143029893
2024-01-18,-2.088459636121896,-2.0363445947498127,-1.8900993661113998,-1.8262484302860733,-0.43819254649059775,-0.43635416373779,1.3910814456514016,-0.30063477541911476,15.10771427034944,-0.07119129832691262,-1.3251495372559785
2024-01-19,-1.326109386161725,-1.512244971545899,-1.6994232688436173,-1.8748787972514702,-0.7840186532684537,-0.7853492720141185,1.97696352123625,2.0901453453698706,15.58903833533069,0.7524743002333648,-1.7022549780075977
2024-01-22,-1.8392134752355673,-1.491751875138259,-1.293631285981307,-1.3818886958570538,0.5580374055651519,0.5615306002683029,-0.7409214894869227,0.8749043122154058,15.46453469366777,-0.25579917921167655,0.5874134727837952
2024-01-23,-1.8546521969307819,-1.7215029687268821,-1.7515418876293192,-1.5064601555319717,-0.347245712742994,-0.3457754279180572,-0.719923394434002,0.01578447090472778,15.303752341761129,0.12470127588245535,-0.3205383437159025
2024-01-24,-0.9859332535935141,-1.3121290781198225,-1.2385076624111906,-1.6687329439845775,-0.8133974704659422,-0.8147431169538476,0.7743389703838108,0.9284532017342819,15.53148647254681,-0.42623739729307025,-0.38341965736788225
2024-01-25,-1.0978829992741097,-1.2321307334603404,-1.0102694161114916,-1.161837283546081,1.147471530848657,1.1479128578481697,0.8080509260842478,1.6325308160077532,15.791340193166649,-1.283570455165513,0.4923493474750841
2024-01-26,-0.7520857848511745,-0.8421681466759002,-0.8315863982521824,-1.1552711844755605,0.13263769882916454,0.13500287118905427,-0.8279552550479827,0.4764171502084154,15.596512539008643,0.08574250700748633,0.5106928492888226
2024-01-29,-0.9566680976445602,-0.9556540365358667,-0.6314648762444371,-0.45584330844949217,2.0399095152776443,2.03536390891636,0.02419605430515765,0.4830633856866134,15.688711909410632,-1.3582287509585484,1.1856525767002755
2024-01-30,-0.7618870465082292,-0.7316369802327,-0.9685186398032414,-0.2384502384088702,0.5599353519531696,0.5628565867741688,-0.5592763276452523,-0.15507348900680576,15.627154513883035,0.7244989674824415,0.9787277551048833
2024-01-31,-0.07663555545813004,-0.6739639116909316,-0.5346306976526444,-1.0852053026788884,-1.0436691913330962,-1.0461577820598145,0.2652174085269573,0.10716580367875594,15.806530774599254,-0.5553934150683462,1.3436908125302514
2024-02-01,-0.7039887216281445,1.3926470610317954,-0.0743531230061815,1.9667629783921774,2.33945719085211,2.329862102009195,-1.2973620186824346,-1.8814499229265411,15.458248034249072,2.2161486577208085,1.6963544551537464
2024-02-02,2.0387360233048786,1.5646523454613146,1.9498469537245398,1.3727792631332054,-0.36300466337721304,-0.36130574171377255,-0.14077115792927428,-1.5078283588931103,15.432122872716649,-0.043926013163751124,-1.447935366568095
2024-02-05,1.6214948707537609,0.7702339706225118,1.2277605631139583,-0.0772660479048154,-1.149496486319771,-1.1599075943581176,-0.40091675074162564,-1.375064142693268,15.357098017531273,-0.26955095061274353,-0.9710881460232963
2024-02-06,-0.29948514149780736,-0.6944992117665757,0.04434183434478486,-0.025769685442885444,0.03527608257798503,0.040795282112322855,0.3783034011939989,-0.9565836200744815,15.456466710909595,-1.0001463772724024,-0.0041163780894902455
2024-02-07,0.27983209339440035,-0.2577893486214246,0.37652691108837083,-0.36679885001939966,-0.2703916939464587,-0.2672611143613063,-0.4956607929941245,-0.9969335860365304,15.36185977775137,-0.7025445190410562,-1.0121673251263585
2024-02-08,-2.4227261943633733,-1.9898772469579682,-2.5696163531191725,-2.117990951079236,-1.7109783574773694,-1.7301179874334025,2.5983773621231614,1.8206256253310575,16.04124711149364,1.7446598322536513,-1.9327622594112672
2024-02-09,-1.7236778613391415,-2.0844258799455164,-1.6793756691088686,-1.5899777622136604,0.21608540077290705,0.22252775380823284,-1.3105278850512374,-0.724989275760102,15.418185855376112,-0.7158574394276069,0.00805709926925503
2024-02-12,-1.309069732835212,-1.1982565028692735,-1.056423301337336,-0.808296025703673,0.8185688938293224,0.8216499646347479,-0.5108021389600894,-1.0003688369804695,15.207364684903343,-0.3178197330151519,1.1540855522693703
2024-02-13,-0.8428821224960682,-0.9971945463285469,-1.227566114912456,-1.106333455698691,-0.43509402970008093,-0.43131372296300896,1.0028912283309612,0.3515393381650054,15.596428300830874,0.725811405169883,0.6285223236403685
2024-02-14,-0.907412272861851,-1.1769996192557257,-0.8113835111968708,-0.9290431991905886,0.14496194620370698,0.15144473194889987,-0.24850059912100186,0.3243313865902304,15.526584237786054,-0.9741933155311622,-0.34963355713758176
2024-02-15,-0.6167835482329055,-0.9968566936872494,-0.6413287826380379,-0.9145721933442224,0.19774422893596919,0.20118933178216655,1.0789418049527537,1.7226902485864914,15.986345642155635,-0.9487492269732388,-0.12695402027579325
2024-02-16,-0.802362828615289,-0.47837317669294455,-0.5695264126653758,-0.29862297903215745,1.034951135775144,1.0292185818140263,-1.224622565743456,-0.7684930614384841,15.293061667551575,0.32561460102667794,1.4361284209680263
2024-02-20,-0.11509198684105909,-0.3966476697856624,-0.06742334899771031,-0.1535548939376183,0.20243822376180098,0.20539739354992192,-0.14751518836582492,-0.7060898962756533,15.307965339732673,-0.5871263397818008,0.7321475704040898
2024-02-21,0.12325831546123898,0.5926836465162207,0.2749799484030468,1.1159522503574153,1.06598104589056,1.0578555442644972,-0.27498931941836063,-0.7561438320310134,15.244169962491915,0.46352878440479417,0.8661727892142281
2024-02-22,2.03055066476342,1.901526578793673,2.215915431693446,2.0827308687542727,0.6376734644616886,0.6357567245226391,-0.16874451301461524,-0.7092816165381391,15.24143444289375,0.022609725955017927,-0.9494047377938845
2024-02-23,2.374652693887633,2.082179124882549,2.3764687204558506,1.8139490231001674,0.19893367399453532,0.20126554007099806,-0.05174527745254196,-0.4307293143061538,15.197119208267658,-0.5700545902154788,0.2882772847159207
2024-02-26,1.8741040898224803,1.2397059037803229,0.9153529832927811,0.4320041781146269,-1.7869058566387224,-1.7921921297454118,-0.09667284272715036,-0.37639974650573615,15.187072173192584,0.8410205691626692,-0.9483906268364477
2024-02-27,0.5322065953081665,0.1935125617269937,0.608686737533413,0.1370074555934934,-0.39507462051836406,-0.39190003168816756,0.2966651432523024,-0.028586930958789565,15.320454468098278,-0.8964821318563967,-0.3747795600394636
2024-02-28,0.18398458436288623,0.04590567520734111,0.27394936829859723,0.28726420112831524,0.19443026939166652,0.19682336493298594,-0.8027494353350647,-0.6376911549569994,15.048566614582596,-0.5429487064801051,0.5798321030165121
2024-02-29,0.5896839077633282,0.11171442103153,0.3094014350601474,-0.390972406604395,-0.8659262295575648,-0.8641229050619053,1.766272426568353,1.200663231753786,15.56220309817268,-0.4542671306791417,-1.000614512855867
2024-03-01,-0.4882839942991683,-1.274457561150476,-1.1508394763610046,-0.8014864775023202,-0.3558104142362475,-0.35259055913601717,-0.3301532624968478,1.6918552713600796,15.44343670484685,-0.2809152043969181,-0.888390930442689
2024-03-04,-1.1459965935608873,-0.05622690346664712,-0.8355627740870843,-0.16562318529840828,0.6964110304681991,0.6966055746556897,-0.4500860257321985,0.9099190745486319,15.356798315154894,1.638104276967809,0.9706626283912808
2024-03-05,-0.4374450814996695,3.572821448780527e-06,0.2418854117019426,0.1308852582850995,0.2761274605871821,0.27826721787104686,-0.5672609448958815,0.12874053416190398,15.218588532957652,-0.5012710205380594,1.4848307192355317
2024-03-06,1.1453419062228762,1.1635023124800419,1.3006151221222437,0.9599431470618396,0.8550628345167995,0.8530899268925003,0.8535057247366568,1.1204548225895496,15.457667516523205,-0.4596315355329754,0.2806924802481578
2024-03-07,0.8839367394047328,0.9331228488010115,1.4296134709422836,1.523841622159065,0.7312777565888054,0.7300790828795981,-1.4788125616408883,-1.4383674403530178,14.859138890474242,-1.478982709360792,-0.592792317778571
2024-03-08,1.249604675419885,2.1206414886387805,1.5339246123620074,2.310536435995636,1.65840951838105,1.6497950356660354,0.6940904940953077,-0.5967843777572114,15.08203581875635,1.5498341129783373,1.8522241917556745
2024-03-11,2.1633209919797523,2.240329691093145,2.134005521566537,2.296200661156304,2.011644623928723,2.005232896137332,0.48945444679721667,0.15425290504616482,15.272123811017279,1.2461969747243533,1.4642069622926155
2024-03-12,2.2237447222988185,1.918573643759745,1.940003589017411,1.7510292107858727,-0.3180186458330211,-0.3160493286887396,0.2781105715233479,0.7097509980802239,15.404705150011258,0.8014216295078245,-0.9855162213233385
2024-03-13,1.7150280125146737,1.6284345165033878,1.8215676835826184,1.5730411879773256,0.23214081350165483,0.23532946629674867,-0.029279199620259957,0.734945250373204,15.477465206076326,-0.6828864498185213,0.4578702813207097
2024-03-14,1.2929786937856587,0.9913987847469875,0.7365596386300101,0.747493736351762,-2.166887814249798,-2.177985474612787,0.9032730241299178,1.7701962492592156,15.703216519658321,1.4320615476707135,-1.2449311335329323
2024-03-15,0.19957279504542616,0.7707383209473613,0.34010943593039694,0.7424319291636385,-0.17351607404735078,-0.16930488005352556,2.5391533686235794,2.673414848151844,16.61023380660694,1.671393644142102,0.41801004002746933
2024-03-18,0.7085227612259128,0.9726626584113193,0.8168664902473249,1.0951309209398845,0.6677300200990938,0.6672079824825541,-1.372976665765876,-0.28720797501767587,15.631084368036094,0.8881622443145791,-0.013255276715182108
2024-03-19,1.3235057174347495,0.9595100820310302,1.3526689151799518,0.7541932249364216,-0.9294162979882835,-0.9265660843217447,-0.30749964878112124,-0.3755817450390146,15.61873752339957,-0.8383198028682752,-1.0496490914931034
2024-03-20,0.6414543697365664,0.4059515883451819,0.7874166079587092,0.5974578474346631,-0.4984558670691166,-0.4944626598124654,-0.16449321986418566,-0.30972426238524614,15.662673355473967,-0.908859042359984,-0.9156214592981231
2024-03-21,0.6737621417606889,0.7006289632205634,-0.034694325378679544,-1.091923054477223,-1.5791535235275747,-1.5853967424119448,0.2129563255251897,-0.046378251728111615,15.94352807420992,1.2444876796354796,-1.4005511680988727
2024-03-22,-0.6393310672473823,-2.0488336105220912,-1.5321331568782934,-2.2645654480917554,-1.1945005819681926,-1.1978137957846167,-0.8012340744132757,-0.6974479677528801,15.6278078416885,0.20459670303261465,-0.8180876149041205
2024-03-25,-1.9634867240280423,-2.2282198727868954,-1.3525157803885461,-1.508891608586851,0.5306333739364711,0.5327536236180787,0.42796730684942474,-0.22300281330112895,15.975748484769891,-1.337271386204134,0.9743108832886834
2024-03-26,-1.1958803128376438,-1.6535897612952322,-1.4139975608143078,-1.607925400676959,-0.5471600914336153,-0.5442175402605616,-0.45537393246551305,-0.4607847456487819,15.878543334178085,-0.4992414642115226,-0.18327477967190814
2024-03-27,-1.3131510418210928,-0.7984527122057424,-0.909373339160781,-0.12153901715007086,1.8830855739986923,1.872619766765838,-0.08245928712545798,-0.3232763496250468,15.989898690630758,0.10487606277787889,1.4306216227024942
2024-03-28,0.1267004587862791,-0.36453554419098744,-0.10485587959480061,-0.5163645263462207,-0.49541020903901717,-0.4930762183882592,-0.8555017009307779,-0.8800270030964206,15.485460332916542,-0.5646910161299974,-0.4444365096210247
2024-04-01,-0.7796591602190112,-0.4769362966750991,-0.390519386442145,-0.537245745463409,-0.03172725622135176,-0.02686078062820447,0.7538149419053091,-0.48118494825693064,15.683721833752266,-0.28300345056135473,0.4333607937418412
2024-04-02,-0.632690975453194,-0.469556147569622,-0.1494296184032871,-0.077379862069494,0.6255399858958745,0.6307016148312539,-0.9713526762041986,-1.4261573812668857,15.39683722593934,-0.7909363898934039,1.4290740210049695
2024-04-03,-0.13507285438039243,-0.5391187308737008,-0.44047783265703366,-0.6944212462999773,-0.5757716981444955,-0.5753929557815055,-0.06846615920769365,-1.1321557491081597,15.389093494790512,-0.343812047037805,-0.6265271226643127
2024-04-04,-0.22911668180497327,-0.8596628752964257,-1.5733429215751689,-1.6462937654694594,-0.5672918653580348,-0.5673991154004276,0.42343785174008597,-0.49640906304461285,15.514606525177678,0.5876220795473449,0.46012222560179467
2024-04-05,-1.8314866776336836,-2.2884019337892765,-2.2437993661392985,-1.8281091698381111,-0.39205972654851434,-0.39068674140182374,-0.17954289135640417,-0.4120188771071082,15.44854799798407,0.121829476188301,-1.53581966119341
2024-04-08,-1.6402184776901456,-1.5210634632449191,-1.1599446342053494,-0.7330717284360769,1.0110130605553325,1.0150301010891722,0.10514839347963942,-0.16030398011009145,15.483613715064985,-1.0348801443023934,0.9626560162494175
2024-04-09,-0.7543427584291759,-0.5252915963600989,-0.11705268645491122,0.14364404174574444,0.8177645386298197,0.8220540845580884,-0.051077514850870274,0.11376775139097145,15.438496480252333,-1.270165445845842,0.6638844902384785
2024-04-10,-1.3191527386585669,-1.498202544387278,-1.6573823677930386,-1.242433901554646,-1.2906554560944852,-1.298860170421502,2.4137145315652693,2.54205073339939,16.077440413366688,0.7526301063909874,-0.540095803769021
2024-04-11,-0.9813731709637649,-1.279648374497798,-1.167832180633086,-1.2954418889058779,-0.02275088591485969,-0.019146603947502314,-1.0687025410327469,0.4935074641943584,15.595872150817154,-0.28900627159352194,-0.8750838329552006
2024-04-12,-1.4890197591859025,-1.3262214481247732,-1.1227919354496516,-1.5072034959562894,-0.42851601641873044,-0.4261575419867109,-0.3392140711854154,0.10534527499735015,15.52318182809753,-0.8050458669425461,0.8580304358787453
2024-04-15,-1.0809557833141221,-1.065012317656079,-1.501245799060366,-1.3998351571328296,0.03821016369113821,0.041884891512032826,0.9561905216404885,1.2436303437948921,15.866282655556336,1.9144241268835192,0.8414287771121219
2024-04-16,-1.4015659939600669,-0.8654178005904942,-0.8259650937993441,-0.3731731017451569,1.4357936604320114,1.4330309788128592,-1.207172541217688,-0.690509756611533,15.345385864124381,0.12713087700756018,1.109487022747494
2024-04-17,0.05294081910438136,0.5032583276766703,0.29823998246644035,1.0673259824331887,1.3008374719737577,1.2973292831277805,-0.057174137822738356,-0.6486989212632913,15.377227943962481,0.35200075066155256,1.305519748365719
2024-04-18,1.5903434200555613,1.5751828488169886,1.728334223784654,1.4945633465443495,0.6067381274689959,0.6082643355495673,-0.4654635642142324,-0.9660293973074912,15.21217620092899,-1.5123206565304086,0.45481151323603547
2024-04-19,1.8998699100099539,2.521687515409784,1.7842799837274004,2.310768473392218,1.948350244762152,1.933795229501808,1.9386959894303208,1.3000561704830793,15.979212936948597,2.2713820887100677,2.157500542942851
2024-04-22,2.273115987025138,1.845571868600024,2.0243404906549953,1.7673492175358854,-0.08697987113347379,-0.08187857209059407,-0.2851838127580041,0.8486917208225772,15.973798053031281,-0.009904385547822227,-0.9904310806029061
2024-04-23,1.9287456162635994,2.1873839932526056,1.835722430367064,2.1587961795420316,1.9331096963547447,1.9205026185435083,0.5972437971214182,1.6942359862085863,16.388542623692235,2.288505301647799,1.1158186846019966
2024-04-24,2.0157264223722557,1.841165160278242,1.852482593641034,1.812213446202347,0.27612833003753673,0.28332964580618697,-0.16487457075448672,1.450234926537198,16.423548950574155,1.3942418094777977,0.14535805880978153
2024-04-25,1.964222686447535,1.5513022041244324,1.4955411434342987,0.8400693960061435,-1.9781086868890687,-2.001295699460476,-1.171432740319222,-0.576358023152477,15.819379728858836,1.4051464109658447,-2.097368464037856
2024-04-26,0.7751369424438018,0.5986763789906194,0.9479956362013454,0.41860977630500784,-0.9433927997614091,-0.9409680705643085,-0.7321840310910707,-1.0865524596928573,15.50024163992813,-0.4649910959753083,-1.4634155854552073
2024-04-29,0.4313592753160995,0.2384777926404304,0.8159249087311631,0.4372758136177109,-0.0896903567111314,-0.08100950044767152,-0.7272787428022804,-1.2598540620346235,15.071326290601357,-1.0945459000393685,-0.1923267509331315
2024-04-30,0.45252200457776637,0.11440074714531759,0.44504008806143724,0.05620538553302282,-0.671368028188469,-0.6660453990255931,1.3747097179039651,-0.45289401067023927,15.700942654818444,-0.5318976903862754,0.1260967346162664
2024-05-01,-0.049544540645814955,0.41389053326214187,0.3885879005813415,0.3299210429997944,0.29186270146785603,0.2992672965888523,-0.2820282034523194,-0.536609030069051,15.681526952537688,0.29147047373621,0.4660593837277106
2024-05-02,0.5009305127794068,0.5941047292948254,0.9897373398962145,0.822063067454886,0.330972026956593,0.3378508925969616,-0.4964930281518381,-0.8073074543405626,15.539669222045557,-0.27030619164446035,-0.08226505552560644
2024-05-03,0.8996466910048077,0.46813089081475834,1.3058231800594498,0.7175457094988446,-0.16834498507783163,-0.16048347133258162,-0.04672008510091829,-0.6039597479907227,15.54040007927911,-0.5377152117938854,-0.7483231314162089
2024-05-06,0.8943082273174776,0.22205755301958507,1.463983571690083,0.6039865866464167,-0.17657844629542255,-0.1687917957548628,-0.48021959939216563,-0.6886563208878116,15.32346952280987,-0.9100595692353027,-0.6044819918817679
2024-05-07,0.8642410511712939,0.5465061279238469,1.7831481888310228,0.6799352516448676,0.06577926883137189,0.0713064006039848,-0.16446093125072395,-0.5542083427965513,15.191830590443052,-0.9166636575783921,0.1318295460200517
2024-05-08,0.5065992974347664,0.6952380614292619,1.27648491491794,1.444813013696712,0.6385409483353446,0.6371694026550632,1.1991293531832148,1.7354383967610996,15.570658081577347,-0.5057473044957812,0.7775538958999089
2024-05-09,1.313536391407529,1.5818819341453785,1.6499677654599494,1.7482924179252572,1.0778462321177749,1.0749062125064668,-0.8412514506315127,0.0669642088674201,15.161087346195115,-0.46542199805475815,0.6267758740911165
2024-05-10,1.6112643607000854,1.5196624835915093,1.793797772377338,1.4952218425188122,-0.43144463283060375,-0.42886494057173463,0.14294760809710697,0.48600689184817447,15.238450444285387,-1.2775803082055612,-0.24550352419665672
2024-05-13,1.4711644819218712,1.4264597566657513,1.272931856794072,1.0327050876696036,-1.080955582567507,-1.0821246348367728,-0.35118507826906076,-0.1298315874048112,15.164544543213566,-0.5110581435829333,-0.6175269357565067
2024-05-14,0.9746589434714782,1.2502174246970144,1.2621392376223959,1.2661885844275087,0.08169472284851853,0.08433233114303564,-0.4590680973482863,-0.5251238730086356,15.00721875857222,-1.0904866619229905,-0.028962173413352704
2024-05-15,1.2335577170041188,1.4097950479513144,1.3424105354341451,1.5525514213190499,0.49251771381538106,0.4946033179029234,0.1375230237998849,-0.1458545977777256,14.98817874600177,-0.9257050663104096,-0.5237282222565466
2024-05-16,1.5236719812930501,1.635207567539144,1.4761107124283286,1.3062816340342174,-0.5380252661206191,-0.537160260568439,1.483335352189716,1.674001613945146,15.301062072058986,-0.526660882443212,0.6413266524282975
2024-05-17,1.3765805807493936,0.9968947804393432,0.8163785494310011,0.5024644962490704,-1.8099912526267996,-1.8162231795855537,0.7061019760317677,2.0003010933552656,15.48468818315119,0.3454024196407565,-1.4172064159523854
2024-05-20,0.36695805432593237,0.4498029673918993,0.37563086868047346,0.12758773917901012,-0.7528233690408793,-0.7516836919532778,-0.14820566972694543,1.4853082962508222,15.490755124615191,0.10889866250711157,-0.5866347259594265
2024-05-21,0.2512543502012396,0.6567636336387286,0.14311071543629322,0.7098648849284923,0.5906915617391114,0.5918772029505115,0.3798961975281744,1.577984723109933,15.639995493105749,1.4518193809215203,0.690463580723338
2024-05-22,-0.4585721569745815,1.0858188986699773,-0.3327235190340359,1.7924915380598663,0.8761297148359525,0.8757619247915367,-1.3007082327695307,0.13641682050033307,15.298841108476575,2.1434757765214054,1.7431020581378172
2024-05-23,1.06241952791241,-0.07942612731617574,-0.6949948768255583,-0.6843483687724247,-1.9431777663739405,-1.9491700448364646,0.025089209493323106,0.11515068438342108,15.335723955315196,0.6672004672141554,-0.9858174583096618
2024-05-24,0.22903822457161868,0.15546885599041424,0.12303315684676513,-0.24520399880170546,0.34134103135476607,0.34338139773094795,-0.6709527145426125,-0.41196496677589406,15.214844779353196,0.02371840930539129,-0.48528597094321146
2024-05-28,-1.3194461738104435,-1.3983291628930796,-1.1421686000308544,-0.19005095084643037,0.057299338750168065,0.060357060651574986,-0.6736362291801344,-0.8986653772113264,15.085299473212286,-0.2546763630377709,0.2985411132008922
2024-05-29,-0.47966856158902044,-1.601283174844687,-0.7033055225695103,-1.0233532109709085,-0.5948307489317477,-0.5916499859152127,1.0348553860239946,-0.26831967335557266,15.311779996256877,-1.115368088471107,0.5729646537635307
2024-05-30,-0.7069288508853038,-1.5463054705158898,-1.033483852455563,-1.1304088044521046,-0.11472212767652065,-0.11157597603288973,-0.8201033111998891,-1.1057438242909998,15.170314509990696,-0.9697337305947952,0.6301969226269557
2024-05-31,-1.2052763158729052,1.6597400963867217,-0.108996264960257,1.9884299794061806,2.0183187629048476,2.007620227954473,2.4704699748983363,1.8061561849332475,15.834246357349999,1.9596915741874594,1.5064309125024355
2024-06-03,2.1326451362614924,2.3919718658945004,2.633773837097258,2.309359122033999,1.2552815755890618,1.2525430247442457,-0.6221378067936096,0.6836290857493691,15.661237401372787,1.7853012425374286,1.5295219784255365
2024-06-04,2.390533250797654,2.0649060390345255,2.5802211184095745,1.9836103361155852,0.39501897519115137,0.3982797317694983,-0.6575130091671928,-0.2411497659196525,15.440999166032572,-0.0009533858939076078,0.3048420198144128
2024-06-05,2.059005233878311,1.593317694705596,1.938822440498559,1.5985353674400764,-0.11352869214621185,-0.10915212619831895,0.030271079377628584,0.1388883736725625,15.47691472829518,-0.4427271023711822,-1.5295164739000335
2024-06-06,1.562514462905724,1.5028192972231404,1.6682824097579798,1.338936845315642,-0.15515456501622882,-0.15101076250486056,-0.36989434627102863,-0.29194301682778295,15.393994501364096,-0.17031526087208898,-0.05543450586443098
2024-06-07,1.217034478896099,0.9976982237368597,1.321765510052412,0.8428986258035602,-1.1971609232576088,-1.2030254619923295,-1.2551930975524677,-1.727337670534808,14.734557886931105,-0.9793751206701171,-0.9998405030910206
2024-06-10,0.851308167287268,0.6245442588521526,0.6864463927771237,0.7133036702264357,-0.36290369972479636,-0.36087719062827206,1.129695671634988,-0.6311149755991825,15.156180002728359,-0.18529560253011412,-0.6368864549657287
2024-06-11,0.6604579016087415,0.517537764451,0.5312964845383289,0.6301972969956571,-0.284477704528526,-0.28198001268788403,-0.21342665982337347,-0.6905536183644295,15.137613271112473,-0.06646346248897987,-0.5213478597538006
2024-06-12,0.8695593646435902,0.5625958385411315,0.2084513591244069,-0.20639131010883802,-1.5330094447415035,-1.5426514373772366,0.08995216463952542,-0.3654677866150251,15.222489755158934,0.879031684235778,-1.976414244651329
2024-06-13,-0.16368765485006279,-1.049213927414511,-0.4291057974816857,-1.302775520042291,-0.9381569745703677,-0.9398849232143558,-0.06427123458545435,-0.2771936268532634,15.265812283558008,-0.8143130038778974,-0.7472507945230659
2024-06-14,-1.2565561645438779,-1.8044787164059337,-0.9356710456973137,-1.3800503362192207,0.17366668026169899,0.17715357894808653,1.1356913631371894,1.3371739891048946,15.546032894912987,-1.0688751905411893,0.4878886199101244
2024-06-17,-1.7337387477083148,-1.5874870266220813,-1.4904580735955426,-1.306537705829749,-0.10608072390731565,-0.10346735233074113,-0.5505136364050423,0.847841078714196,15.392032846329405,-0.729749331698626,-0.6176512284931298
2024-06-18,-2.3162054288922915,-1.472558390649762,-2.1992813504244446,-1.6283921539673512,-1.0880306098132173,-1.0873889252571851,0.6735874639468468,1.5748702405338684,15.605752376142345,2.2071062217909576,-0.6418502210912911
2024-06-20,-0.7588212661317731,-1.2607919358060355,-0.9684446252306251,-1.3282490706117214,0.501877141396029,0.5027999505586862,-0.8717798825489245,0.3782463270629089,15.351538931206635,-0.3394878646432614,0.9989439041150942
2024-06-21,-0.7625042798892163,-1.0153091041841582,-1.0448874540900661,-1.1035091217473139,0.6753620364425286,0.6755494455777052,2.21427789174764,2.3397498526930494,16.121400284636707,0.4112266813378694,0.9492743875794468
2024-06-24,-0.42736982265476897,0.5820930301281426,-0.13598531099359978,0.8814902081587012,2.3931825499873582,2.384515906084377,-1.1842311635241658,0.21886710731454373,15.685326301674728,1.2021394013984001,2.204633692333382
2024-06-25,0.8839245705731591,0.755553005205055,1.2790803246178626,1.1372250991029293,0.23282739373469497,0.23739525444665063,-0.007457542336665836,0.2780303576751266,15.799033122060019,-1.04219982765357,0.0016614186416062308
2024-06-26,0.5762355456013134,0.9475799934900684,1.323350524200371,1.216528641537352,-0.03611800115724015,-0.03256344880741049,-1.0907526405348054,-1.1921733278884457,15.279159632721104,-0.907683747004501,0.002373771090497233
2024-06-27,1.2925743532121607,1.2130770932489214,0.9588463639480862,0.7163902426599433,-0.5423041791735883,-0.5432979110243185,-0.24963790523166313,-1.1826269698268304,15.237582451673445,-0.20161362248740128,-0.4034673477772814
2024-06-28,0.7175922829684984,0.4684376682640799,0.7217379631280184,0.3624468193028687,-0.42070161003638457,-0.42072373722854084,1.2330807572465852,0.03767264721085455,15.80330284795742,-0.7161429144385597,0.16848315778349104
2024-07-01,0.9227590858836777,1.7209737907352447,0.8290483107722885,0.2279766842277602,-0.16233310889173294,-0.16027325004040124,-1.1937025723029693,-1.4634694096337226,14.882391696550929,1.0177950552374309,-0.33195853319220947
2024-07-02,0.31945697954885777,0.22861935614343376,0.6534788766410908,0.5661369466914984,0.4044624364935664,0.4094892574741234,0.43745759184838456,-0.8862867782811613,15.174690883463867,-0.8686667567811226,-0.29925429875065973
2024-07-03,0.6216050101569169,0.08010631821484056,0.5256321826159449,0.16817287765029504,-0.5466683165823464,-0.5484358794077315,-1.0152488794147565,-1.3448307193806943,14.314952229733208,-0.7586627057756209,-0.9428567370829067
2024-07-05,-0.2581489708034335,0.43052121042990343,0.025508501876176842,0.9558156537971281,0.6828036261242364,0.6881241331943078,1.4857663424999707,-0.4929363457501432,15.087824301315367,0.4900378462807566,0.11370919623444718
2024-07-08,0.8433102814769906,1.3666713190605013,1.5046014634594065,1.950150328912375,0.28323866531623343,0.28745015437820454,0.9606254805812859,1.1822874022657708,15.620729211314996,-0.24883941505288334,0.3468080223389198
2024-07-09,1.9051857178733373,1.0281644326171409,1.1585179779455397,-0.21404790144462524,-1.8979034784905433,-1.90315038743812,-0.6333978711735802,0.41838138367898037,15.310659548211468,0.3276971118568782,-1.7511361628380075
2024-07-10,-0.07465620952382358,0.8823973317683454,1.1447980172079464,1.788862407544857,1.7325261379319146,1.727229809435441,-0.6150875755058977,-0.1368992626722255,14.94352014716009,0.13820572763523456,0.6583765445367793
2024-07-11,1.544447136611894,2.3862736588426423,2.2987416259045883,2.5313321770335158,2.1478740142933432,2.139164120967912,0.2201555642861325,0.5162944599209791,15.189099799783186,1.786203521659091,2.637288441432253
2024-07-12,2.5329102139278987,2.2547697479465314,2.536819044736048,2.0746612335047985,0.5564469484639119,0.5600913699005529,-0.4002739649139218,0.17622393961151436,15.080145912799107,0.42632473646210606,0.15150116060027216
2024-07-15,2.036816381753926,1.4827601872566232,1.7525656337051947,1.222620655274634,-1.289929074265166,-1.2954863560867451,-0.08253183637281471,0.6572669349405105,15.09835951287746,-0.458923829721769,-0.9946731380286428
2024-07-16,1.2435384895194026,1.2005453908757042,1.3310637730466186,1.418334925660336,0.5442891314772776,0.5471545232097846,-0.6502963898934184,-0.30846946702540307,14.82032522233901,-0.1152459268977451,0.18374297858831773
2024-07-17,1.447343199301668,1.8461520755945808,1.6368940431138979,1.8237811731645541,1.358362133823216,1.352883948718585,1.3704359843657852,1.6810001232432992,15.503944661433579,1.8274261509192375,1.9029180933064742
2024-07-18,1.4682235110755686,1.551222672482716,1.5610454010178785,1.1882324287256416,-1.218595648072451,-1.2212737931361857,-0.6760667683502537,0.5226577412232937,15.321918791783716,0.7349097984743665,-0.3770585298356282
2024-07-19,1.5064569132346288,1.0799223214246758,1.2108048706344734,0.8561487453190408,-0.6916540202012867,-0.6897183003201921,-0.06409888025562342,0.5465205973366021,15.388118704650955,-0.07412671799809546,-0.13023441089546337
2024-07-22,1.0398950731121068,0.580004078816756,0.9181409413991406,0.7351212058691795,-0.30467486992388704,-0.3003636027192412,0.3138618457983877,1.3803540289197125,15.538473743523584,-1.3315102856215675,-0.9073718778336018
2024-07-23,1.4031315156128277,1.7156943120306505,1.2654305409185738,1.616913241457277,1.2112103712564053,1.2074012535681728,0.6527718546192995,1.9176644073794065,15.838421562177942,2.089285121075655,0.962730961757915
2024-07-24,1.478935845979889,1.593903326507266,1.6735442811116734,2.034570980057684,0.7376289711941522,0.7389900256622182,-0.4476029597281703,1.075564661174132,15.812399087541257,0.49331952847304633,1.5164263627413948
2024-07-25,1.9180215805843717,1.836835816703535,2.0666898442649777,1.9705805455403567,0.710478109361334,0.7119292171340953,-0.43031486524302914,0.4228276418280647,15.758115393340983,0.394720012157852,0.5589894974362769
2024-07-26,1.8292947194317601,1.3835210885877949,1.8373435029143923,1.5383993177550614,-0.4654270310387554,-0.46142626091483957,-0.868506303979833,-0.8103185663255734,15.498515053170166,-1.2181209363053935,-1.01684363358522
2024-07-29,1.4544222797491557,1.3985221629782014,1.4142346124146887,1.5058641022204344,0.05608134046618336,0.060646849085590517,-0.47927337579333784,-1.1541891226094516,15.391371210961866,0.058239449921405555,-0.1821475904739845
2024-07-30,1.4136339462197531,1.2928804022136253,1.4894385308021996,1.301479051290177,-0.49829950226087044,-0.49491929425632514,-0.12867099754829195,-1.2531551800905396,15.449192396978377,-0.9786700311311607,-0.25266859622417803
2024-07-31,1.2039575191967462,1.4279545981183333,1.303071411095477,1.1641335363015493,-0.2287577355273232,-0.2250290545379647,0.3759291204767459,-0.8245785111006939,15.523798015616357,0.4003172886338128,-1.1355410507103965
2024-08-01,1.4326053399399605,1.5123498589768989,1.2977526355933398,1.4733276291083186,1.2180536866465492,1.2164227978577677,1.2880806786315413,-0.05285806396162818,15.77401266592535,1.0204395791352632,1.243328680843705
2024-08-02,1.7001967653185508,1.5177776319557208,1.1494925250465504,1.3255888157667037,-0.7886004678305565,-0.7884803094278581,-0.06973465336204054,-0.05867476810228795,15.817787672826515,1.600492814290293,0.4844314904016061
2024-08-05,1.150153663527958,1.0913313406408804,0.2987555110811351,-0.2028020604008163,-2.5235688384532975,-2.5360985629869055,1.761105971371627,1.2661986059411463,16.203410681632427,1.8541937566164617,-1.0468514398079147
2024-08-06,-0.22358020622466107,-0.022064312188636047,0.1295346303473998,-0.17082349284051265,0.08706390258613154,0.09290473463253585,-1.7431752053505623,-0.7936295280157412,15.652163880432477,-0.2380847631800647,-0.7954963744368115
2024-08-07,-0.07402867844639784,0.2553780150537095,0.6360415740702795,0.4811238142920036,0.6221497012193952,0.6176701219848274,-1.3739512469779827,-1.6815298181726503,15.10881232659844,-0.22906496981983582,0.8309709329432653
2024-08-08,0.1831207169003987,0.34879252717445997,1.1364281054632002,0.662577732974164,0.13169911037185128,0.13648777997216782,-0.00040137770535303766,-1.2940207541386939,15.08203581875635,-0.4585781452902701,-1.3145834022167842
2024-08-09,0.7098273507777796,0.00555052495451192,1.4546193698581158,0.34064150144418065,-0.32302682735253035,-0.31293231216615247,0.257010336267593,-0.9190268286738631,15.154346630075112,-1.286329749848878,-0.6819928050116558
2024-08-12,0.4460063819083467,-0.025876348973551067,1.3332778284749942,0.2874634735523546,-0.059497872335340166,-0.05216245815344679,0.8147249377997903,-0.3320777826463272,15.39665207698339,-1.0502493438445852,-0.17836396079794947
2024-08-13,0.3422260637304614,0.8764565111345316,1.1960102729987008,1.293098925736276,0.8309325305652642,0.8225045385195642,0.1780261995459924,-0.09429944759449507,15.488505447479147,-0.23248718076118519,-0.23424963829816411
2024-08-14,0.9982808571426847,0.7229093731582452,1.7265192581102995,0.6626258754347194,-0.5040999046972301,-0.49370237281882856,-0.8376993277050505,-0.6314646479172218,15.21863769957127,-1.0535153385746288,-0.7689333196119011
2024-08-15,0.7684035257679692,0.5861798276459793,1.1005835930779189,1.0703421038065397,0.3761051156057375,0.3771859581274986,0.3256465494912935,-0.21600723452253712,15.302148093911956,-0.6493129572585365,-0.6747573250455223
2024-08-16,1.4225918488546578,1.1786741960158338,1.2657472516157158,1.1449605058972345,0.07939141311547221,0.08493272643702161,-0.46825529756605716,-0.35403600873210445,15.125841650007898,-0.6298683457212001,0.29637192758549863
2024-08-19,1.2454719591607963,1.3901753278637723,1.4473757570794075,1.2433063562088382,-0.14258213504835726,-0.13984076845713095,0.31152096220819275,0.7069592294302594,15.124221954593793,-1.0610235496278686,-0.2672636914363053
2024-08-20,1.286419672779865,1.4301803449904258,1.3734792545543835,1.486589113328175,0.05262252663406455,0.05562622033187738,0.32704340179236424,1.3678251073602465,15.160436160532361,-0.705376881887698,0.8288357704783254
2024-08-21,1.5458472501679912,1.8056873329973018,1.6758984771809782,1.768284218225515,0.8280252642120498,0.8295629713723125,0.42774366908769423,1.523662236238563,15.240905673119562,-0.35205878718456823,1.1327684852128959
2024-08-22,1.7465298869564712,1.487229944623833,1.4593190779213185,1.4442833457636808,-0.40143478458813026,-0.3998752633198121,-0.18318572836169958,1.21536947084399,15.240136053987708,-0.24294042441949684,1.6144657267884222
2024-08-23,1.4240629937089662,1.294563320194507,1.4522264670493543,1.2434920178760247,-0.538751346650309,-0.5378600887752165,-1.6689913911480798,-1.3240865129871688,14.879014014763017,-1.1395196650401764,-1.253643205342415
2024-08-26,1.1506716831270407,1.9060312156288683,1.458226837271089,1.7185010099096014,0.8061460166391098,0.8073337269265892,0.6272387615408469,-0.5857034200594425,14.934481201836142,0.7674190138802297,1.50053422777307
2024-08-27,1.8870233268266299,1.862299957545506,1.8376220795017117,1.8183295564485868,1.1957472691693125,1.1929475250810717,1.163543397688842,0.7838774868530632,15.071582616804625,0.4801055846553682,0.8514698563844549
2024-08-28,1.8098393815209233,1.6424760825191083,1.687829440218872,1.5301910758855024,-0.8845918931460867,-0.8848403342291897,1.5306326105780557,1.943293902614305,15.303910367754927,-0.22630942925794334,0.6218022998409549
2024-08-29,1.5418335212667027,1.2598873064064324,1.3131708860532327,1.242167957954126,-1.0543110000692897,-1.0557526332842504,-1.053839193008834,0.4786725843269275,15.101819100497087,-0.10319311227100864,-0.419385544202817
2024-08-30,1.1959290403971317,1.3155476058351092,1.3647825748402502,1.3815261612342924,0.4448471727917797,0.4463537189786151,2.081248650795661,2.2273738401479055,15.538795057285485,0.04572846274526357,-0.8697815785009291
2024-09-03,1.3639079092883442,2.0128845936369046,1.5181679386437796,2.0032438996371322,2.2357941596219195,2.2299661305751326,0.24009962643722818,1.828184178399824,15.664374893302327,2.6638906894776166,2.443208766610199
2024-09-04,1.9615088072435685,1.8747476694652512,1.967147359209071,1.815856768463094,0.14911839088425122,0.1521493744577608,-0.893258038666259,0.6105336573817223,15.490867475729017,0.9956981014883287,0.0852442035515442
2024-09-05,1.7707433388060387,1.4738799066103423,1.452957526384213,0.977129713171694,-1.9109923341415884,-1.9220578467530685,6.002053812820193e-05,0.5981857105350475,15.545075600960764,1.1695262204195371,-1.0031674324917503
2024-09-06,0.8267180658343058,0.9111889518474114,1.1955297135171874,1.0451468950103704,0.04322247821393454,0.04679161308494626,1.3907520802565854,1.6571908795825974,15.945241258806586,-0.22478062605769222,0.9544279189453553
2024-09-09,0.9305637295939985,1.3461785914084767,1.290822404067842,1.49759839026841,0.8545950676899392,0.8535653205584481,-1.799532416547762,-0.9941494599887564,15.319032467152548,1.0314736613001332,-0.5206460061845118
2024-09-10,1.4607505649035415,1.0214202830179153,1.0720693496163003,0.9846941361504457,-1.1164074119598777,-1.1172827057665429,0.006124593386176079,-0.9507409683268546,15.409205395955965,0.606826694774628,-1.0846199936162175
2024-09-11,0.8564152950180136,0.2674704989718298,0.13223969216723724,0.08107685682929214,-1.4021941995259233,-1.4080789621142844,-0.49323247381005997,-1.2088514059252111,15.32094281428149,0.5124592937843331,-1.4604301060940732
2024-09-12,-0.10209321667002776,-0.3840354940044819,-0.597575158412162,-0.4435654041555482,-0.6399144027493765,-0.6380593205562897,0.8361950681067604,-0.31126019678111194,15.616527213585941,0.2807908722506999,-0.7587209838922145
2024-09-13,-0.3151170879955998,-0.4485301138302921,0.03669691006777542,-0.011097874443044674,0.5024528045402363,0.5057970737945139,-1.2728702878868163,-1.4447618281848498,15.145129006468835,-1.1660225899966548,0.028025496036964963
2024-09-16,0.3903884644109463,0.15769834328070229,0.687190460986307,0.08282110864872645,0.05630887558098081,0.06097816333297982,1.270090394820261,-0.35679409404149176,15.529218571770569,-0.9740304618042346,-0.04849395018954061
2024-09-17,-1.1611777941651957,-1.5916042141603002,-2.201897624638447,-2.037341448503196,-1.8171743359548618,-1.8268183612050495,0.27957091485247565,0.23515645973830906,15.663177816735026,1.8312224219956907,-1.3045359558789675
2024-09-18,-2.0428292850830743,-2.1409863386563117,-2.157437311183958,-2.2370418901121387,-1.2092455142163454,-1.2124480270746443,1.058404323008396,1.434632959391916,16.056071406376745,0.9363546405365499,-0.6797672055211514
2024-09-19,-2.2350773350286404,-2.1486665613799034,-1.8556344834029475,-1.9211028528270562,-0.4991768108089651,-0.49532670083089547,-0.7634427983401273,0.4209460217990685,15.85524940035417,-1.149091895851575,-1.2510411999462363
2024-09-20,-1.886176619973787,-1.566959723060423,-1.4892584960245296,-1.1986197194877193,1.0786322341234365,1.0768989344588022,2.248631322137891,2.5293473667948523,16.726469003892372,-0.6460360974399838,1.569233244957222
2024-09-23,-1.0772837348008573,-1.0612166819278008,-0.8167705081942299,-0.9022346826829125,0.7144863190838877,0.715873566184485,-1.5506716524899369,-0.9389745718843094,15.349966485637655,-1.2840881230233587,0.7278275739628608
2024-09-24,-1.0509402816300892,-0.8934503150660863,-0.7687655011986,-0.6975170631557439,0.5035761994011086,0.5061533888928169,-0.4367939700234818,-0.9586373252393189,15.215929939623159,-0.6950171019425667,0.5553511266257741
2024-09-25,-0.34425573397317055,-0.27962431645689245,-0.2475954795497792,-0.3634451729209273,0.6366280860300362,0.636926347315248,0.6622299371357315,-0.43240975083952976,15.683304867932325,-0.16723147264326702,0.9252311169459163
2024-09-26,-0.3659301957232847,-0.15494907665924346,-0.14686273174408723,-0.021548690462411254,0.5670266678066214,0.5674813118929712,-0.30304420874537147,-0.4240354852222236,15.664107250567254,-0.04876259842871334,0.38232244368111196
2024-09-27,0.17270937423444072,0.014150049753403853,0.4647881254666557,0.05095813678478233,0.09589761630222052,0.10010224726004792,-0.4229165924767429,-0.5649200384582862,15.615006853946236,-1.2785762473836217,0.3427412754510269
2024-09-30,0.5815031813120968,0.5394586682449426,1.120950197533912,1.1681912199206939,0.8473298872777804,0.8446701105827986,-0.02585537936830321,-0.3707480955362828,15.753950157536956,-0.7311976527971782,0.5682583752042937
2024-10-01,1.085608030317154,1.0946799234422175,0.9904955405693884,0.5891064108670402,-0.6714428961243257,-0.6671275428329908,-0.5880994433968313,-0.5987638461630224,15.51407612316259,0.16743831180322052,0.4559597538283286
2024-10-02,0.17898269235179637,-0.4396253396144066,-0.12454098306203236,-0.5725015200249282,-1.2694019698482946,-1.2703667583754497,-0.7104793786654016,-0.8025690105957884,15.046612321649222,-1.0174345353339191,-0.6577477014751653
2024-10-03,-0.7806866592965598,-1.319422099528199,-1.547525718539134,-1.9857254606114998,-1.5705302059372312,-1.5739411524626317,0.3888780246923288,-0.3951583288608424,15.324730487003858,1.217903784221361,-1.501488488646336
2024-10-04,-1.9944341059374324,-1.6861679627649055,-1.6924122219956343,-1.0624860437390298,1.0369149491657599,1.034863776826118,-0.09024196732074127,0.36886542317397863,15.232455600736525,0.564942721567744,-0.3851581771513238
2024-10-07,-0.894600521730806,-1.4825385098799908,-0.8715296972526566,-1.0978618361390766,-0.15023563701291315,-0.14743220370759946,0.6860988879839697,1.3009841460928402,15.446768864554697,-1.811632388461691,1.536601869133574
2024-10-08,-0.642271379356539,-0.8431441276675085,-0.8216416320238462,-1.0278231957926207,-0.00814588631462059,-0.0054220272107971925,-1.1112952620177956,-0.7403140531183269,15.074539851967833,-0.07820703753023005,-1.4890828708788555
2024-10-09,-0.8283737406714171,-0.1462748366503888,-0.33831566516528655,0.3293394540380357,1.6500102346931391,1.6442131081255396,-0.19716633973476827,-0.7081165500731992,14.982529190590132,0.6055224117502804,0.9488362513163541
2024-10-10,0.5852547352104893,0.9642974802266155,0.07891993450963694,-0.31775493565165597,-0.7481555156430982,-0.7481534670133059,0.6515742539030586,0.2499322647522323,15.098304062077693,2.029553554839063,-0.43288672530866695
2024-10-11,-0.07084804535117221,-0.15440915822615095,0.14277263193261328,0.4923942135530853,0.8439666885307613,0.8452315134620652,-0.8950173426212139,-0.8094187781601899,14.782532806458395,-0.6512286893759749,0.2659356791745261
2024-10-14,0.382142218292156,0.19395597782505794,0.9266323487121126,0.7914006812868,0.12656193063184498,0.12989175153926802,1.5619753624200017,1.4457038937210382,15.129073191778598,-1.1705815776521755,-0.8069702528469684
2024-10-15,0.9152308862886238,1.3748744447897747,1.5970003237858608,1.3399476722799069,0.42528844138522354,0.4279054078786604,1.3863136312466553,2.334394369117017,15.519658652057988,-0.19521544367891802,1.6696270124816166
2024-10-16,0.7769731517277174,0.8784031445316203,1.171279787455958,1.5434458034973353,0.43885023219969743,0.44081026031348564,-1.5792815054482978,-0.4447948209189615,14.843056756082648,-0.42067765581430056,0.06453260725655328
2024-10-17,1.321500363887958,0.7849465780973651,0.9877065741726632,0.48204386589662285,-1.347756438452148,-1.3508464572541066,0.13599308659236126,-0.2059384974150271,14.890240247559134,-0.21611469065133496,-0.7355425246350986
2024-10-18,0.28446123882215246,0.31029807021038724,0.09452213334871251,0.4467901628385052,-0.06551075134294626,-0.06312632110464461,0.9813286353274996,0.9376146834723204,15.213239543867484,0.39025111942350604,-0.34205011107439676
2024-10-21,0.32491584132127327,-0.3641339498712993,-1.1563693858152448,-1.4527006680976817,-1.6001311910271585,-1.605853737174369,0.9114256576032345,1.8372842881252878,15.537473439955242,1.049679706752631,-0.9128931429107415
2024-10-22,2.4988679171784303,2.821943913461276,2.6408201512127554,2.815720813196315,2.7920853901566387,2.7865987990813488,2.340969316836022,2.5783491086566612,16.48355794281696,2.7861824839503084,2.8049266662325194
2024-10-23,2.6898736328650434,1.8273466729389785,2.6049697367755558,1.8860453769829182,-0.2794729671505452,-0.27701504913020075,-1.1975090939870414,0.18015625590039666,15.760477548099297,-0.008684858038541538,-0.004652571813402817
2024-10-24,2.049361579998712,1.5909016687071973,2.0631763631179325,1.6031209797964134,-0.01784255189360041,-0.0038662001857405555,-0.654745050136001,-0.3539909248708389,15.497994636178031,-0.30475438649592107,-0.06518665784958948
2024-10-25,1.6677174429732704,1.3034898786101206,1.3133174649100672,0.8927488995583762,-0.8714867607884401,-0.9024062917285129,-0.7273539294611201,-0.8079000559004775,15.173482859261345,0.4675710256656176,-0.8568895866102937
2024-10-28,0.8548755813137215,0.6898666047103161,0.9374753481454674,0.8201376033910125,-0.11305163080296989,-0.10204255528863707,0.3907974323584363,-0.4167007493758044,15.524956868995572,-0.34245875903494677,-0.20600486728566028
2024-10-29,0.7988128068704776,0.7837452797202453,0.9834892220251502,0.8190195920766807,-0.0347756024550409,-0.020698963515209397,-0.21663165451367092,-0.3570649122404181,15.520349736963265,-0.2923691691001059,-0.07185975984959522
2024-10-30,0.8462042585243308,0.6557883196351839,0.9422204627765098,0.7425435193006922,-0.15290784304869973,-0.14347428889995373,-0.6103795039206095,-0.68493253992511,15.29388283529362,-0.5925672761516012,-0.07215042017348125
2024-10-31,0.8000381795853806,0.8248417920897704,0.9155352904521411,0.6914317063289334,-0.1750220533334984,-0.16656955893365755,0.18573849421592648,-0.448649037389416,15.550100025049943,-0.23504605283174645,0.2964579639419413
2024-11-01,0.7413049245594104,0.5166057315280034,0.4632576256912343,0.11162938110244904,-0.6888606682685362,-0.7062345682367784,-0.2001791225358923,-0.41919009611383734,15.579076464254022,0.0012036939913429977,-0.8596778961548739
2024-11-04,0.23132152853399915,-0.6785708084037236,0.07858724953801101,-1.0024140518428102,-0.347391941441656,-0.3463492193135606,-0.6751546560133144,-0.7061996224664163,15.18058153799512,-0.40887532076833216,-0.33240961505676214
2024-11-05,-0.5163189469276668,-0.061842817696047624,0.0753255866131914,0.749608749203172,1.1923586218611044,1.1833362943369201,-0.1826867573877829,-1.0707366555039868,15.019533661025207,-0.2043014532552819,0.015642402214093805
2024-11-06,1.1743402671255954,0.4264165896255709,-2.4898649618594786,-2.5065068825508234,-2.348652025243785,-2.3638153759980476,2.672023392743834,2.636264680959503,16.140131175639485,2.6715540872891013,-2.5127412058982053
2024-11-07,-2.3119042617784267,-2.4820407154160598,-2.060285398007388,-2.047741886497935,-0.2743390652512905,-0.2628796015483785,-0.22282017588827724,1.6963554279502866,16.17120988143498,0.21759998400154879,-0.35944914933498745
2024-11-08,-2.103001944152672,-1.7717299276022944,-1.5687890338520334,-1.0288853657429144,1.1010039942932184,1.0822996985744546,-0.8046552417043762,-0.04018567362400303,15.666309236042784,0.2562650282683246,0.7717229186131829
2024-11-11,-1.2879852924133535,-1.3816998407410683,-0.9801327667913746,-1.1561396326510807,-0.2979945839757371,-0.2859534008891391,-0.4372993477018135,-0.4607365856666491,15.445045368118256,-0.36722117065670307,-0.1399612117368688
2024-11-12,-1.0819491897743898,-1.3633359768017292,-1.029935937367819,-1.1026182566643743,-0.014684752053550845,-0.005479419791732268,-0.46672288060155437,-0.7865784473438366,15.160227691530556,-0.4323565632962523,0.18625658029152334
2024-11-13,-1.1084845475758902,-0.9819548538733406,-0.755451749943859,-0.6653476365705187,0.6617534898371881,0.659117876867724,0.20585797479995782,-0.42240358164481,15.412025527709266,-0.4178932796416949,0.5734605011307041
2024-11-14,-1.099162163860799,-0.2649647788575527,-0.7218516572994018,0.36189662634621217,1.2199412606363411,1.2019555127165877,0.333006367667009,0.1855768083390303,15.740022095389108,0.7461033671263222,1.283268111482471
2024-11-15,0.28513323000315904,0.485047499876919,0.9873171670762344,0.6010448313601497,0.20396553912637969,0.210736451505115,0.20184133944414062,0.6906400563109302,16.020041820785153,-0.7138579911555992,0.6823232797765649
2024-11-18,0.7785763852654847,1.1306784271130037,1.2624485181056542,1.549189808743088,0.9968504357206629,0.982761143140253,-0.8509478819331282,-0.7568619908499926,15.406153139608683,-0.09011574187311283,0.7315080623891693
2024-11-19,1.2563314632243263,1.0085780413046777,1.472580499118076,1.0601783625319383,-0.6356638076585438,-0.6238434586323965,-0.10190762885932432,-0.6768137657192029,15.517090181357114,-0.3995940904731703,-0.5292101088308167
2024-11-20,1.0271238591117757,1.120556213876562,1.1970067190184999,1.1179159320066694,0.1637317765214955,0.17040004485742147,-0.6447730289068458,-0.8564587474384279,15.244074105916285,-0.4412924337530652,0.13139517294975334
2024-11-21,1.1235583162192297,1.195654002413282,1.4358735159870617,1.166271572809244,0.025319804714333496,0.031560146743368496,-0.25790072763349886,-0.8883456761098827,15.097860344952279,-1.0689820233803127,-0.3536142257199503
2024-11-22,1.2716364839650125,0.8770186590136227,1.0034240541039152,0.5846707554072897,-0.8912829029577405,-0.8921274317249427,0.48992397857070275,-0.277147711186279,15.228495777752787,-0.6161036393295531,-1.0207208960726688
2024-11-25,0.7266551611383018,0.4522892383493853,0.6038475192883116,0.6919078189984766,0.07269805897135938,0.07851625446670948,0.13740766402710453,-0.025389070117513745,15.288922769571958,-0.6046073951674141,-0.15238134103174408
2024-11-26,0.5984407973516698,1.111217155620058,0.9593394419882938,1.2145188341021782,0.44550826228516727,0.4491186154921354,-0.8426402619343707,-0.764324628693302,15.05755947833438,-0.13881478361182487,0.037469063322458696
2024-11-27,1.109670367437622,1.3784327753986683,1.2880544070071518,0.999022796063726,-0.6686495270416126,-0.6655483235711996,0.5766981207033701,-0.20431011243891067,15.215239519349257,-0.8454656675128999,-0.3125102500391699
2024-11-29,0.7970003800125851,1.2587083624810196,1.3793989811938319,1.5730667493505004,0.4914853072370214,0.49484979348364405,-0.6428266261097855,-0.5224742040106504,14.995887455598018,-0.753733321814455,0.11744561509427642
2024-12-02,1.3567577321699487,0.6937396702491719,0.6616138403966975,-0.1430971981882792,-1.3349650762598955,-1.340540470973355,1.3718547406673491,2.175811893554523,15.235336644049044,-0.3382487892129601,-1.3385332738570317
2024-12-03,0.4399066411437347,-0.29940773134661586,-0.7353082024541027,-1.1133550544666961,-0.8070758413738744,-0.8049012077533111,0.7096034476613405,2.146170411534716,15.371421314377717,1.4054209150114656,-0.6317739764207465
2024-12-04,-0.8681588221125186,-1.4092525477707731,-1.115390166065835,-0.5544553626369468,0.560179878961663,0.5616191387242302,-0.0864756300424702,1.6116253374908047,15.35478369821825,-0.3346863434097893,0.24762366696721047
2024-12-05,-0.09599332086482727,0.9387953103565482,0.6866591511751253,1.0914282369855073,1.313704435261905,1.3070460363694603,-0.681969715694064,0.8067683786919247,15.24732808575746,0.5654909683262342,1.7864398385826965
2024-12-06,0.8653963079402467,-0.16444758674871168,0.11016407352112262,-0.5720900198739346,-1.2315242323273248,-1.234849165257565,-0.13135780854889642,0.6069564622050563,15.25356709103145,-0.8422472144116159,-1.2548221096898093
2024-12-09,-1.277385444328673,-1.221023059516592,-1.7887592726232633,-1.7671120768521735,-1.1052812854504779,-1.107021840266283,0.6479920014713146,1.0296350779208006,15.375653388779579,2.185797971910797,-0.5184522799823398
2024-12-10,-2.293221200400177,-2.036756809900396,-1.5743649858134328,-1.2876993614922134,0.28464502991871427,0.2895474334841212,-1.1650145997846788,-0.22742814747306128,15.148114279675816,-0.7156643533966812,0.6392937253107492
2024-12-11,-0.9982381163952118,-1.4182659977014702,-1.7822331721999705,-1.8773243691320358,-1.0740176856818007,-1.077911046957752,2.7232083157067,2.629376363300375,16.13215643321042,1.9262182676110096,-1.5411967620483034
2024-12-12,-1.6643186245258668,-1.8589431386258286,-1.4089844413449502,-1.3854184226884296,0.42759601472612563,0.4324838323912594,-1.0461426029581917,-0.20780409139990635,15.453477810887122,-0.8877850340885602,0.857114054690276
2024-12-13,-1.7681764380474043,-1.5287813268074768,-1.272084828956799,-1.3214018193489725,0.17352892635579126,0.1787577135810823,-0.7925913427254628,-1.2259573832911912,14.988952296553656,-0.7644038640247451,0.17344122824751362
2024-12-16,-1.1523947740679084,-1.3548211248482378,-1.1596076945217648,-1.3161971401975943,-0.14229418837865465,-0.13800653186743023,0.8572053948159962,-0.1332554239620998,15.509124347822683,-0.7943033418067533,-0.3914537114555878
2024-12-17,-1.5376009002188726,-1.4084601103675303,-1.1669783501759525,-1.034900097634428,0.3531645742149378,0.3573156602393336,-0.25084687127805333,-0.21984680206892088,15.478660028427978,-1.081953512542383,0.6041112997251331
2024-12-18,-1.2325815963045739,-1.353035324372324,-1.2538041457090452,-1.3408101858093244,-0.7209669701152338,-0.7208723023262129,-0.3549725090327062,-0.44874881982384257,15.367277195655989,-0.8173570696563156,1.3388068711482908
2024-12-19,-1.3060463679616316,-1.533198712712839,-1.894008012124778,-1.9309426666965426,-1.3597285623980977,-1.3638172912650628,0.47639098353334164,0.4559116509769658,15.75933295775838,0.9228940604635598,-1.0236704300995922
2024-12-20,-1.743602976566228,-1.298307624600063,-1.595202158690852,-0.9159637113703857,1.9882264776676282,1.976530439265026,0.38563281263304905,1.2305961263162033,16.14448448269186,0.6624245166473292,0.6377936567822995
2024-12-23,-1.0528479238386403,-1.4206555674036845,-1.3480385840198887,-0.9383535857410422,0.029477652746845693,0.03421800471199873,-1.1307504755584539,-1.113022154637461,15.1230595569938,-0.053358567148498605,-0.629765344530906
2024-12-24,-0.9520323925589039,-1.1324064727569485,-0.9284933236659269,-1.2191134919673479,-0.22151434094922604,-0.2177537946884916,-0.5498211261928575,-1.2198827699192007,14.84748470060211,-0.6039048085511295,-0.9676399199339212
2024-12-26,-1.1344346230620868,-1.2042931427392276,-0.7642009012259332,-0.9285459242321495,0.44451780246503547,0.4486031933270918,-0.21884680335678847,-1.16172965306718,14.701589886699233,-1.1530957464570248,0.332354987663069
2024-12-27,-0.8951576252705984,-1.1781125179597518,-0.7664860518092171,-0.9100649787903481,0.12684505332188376,0.13126083200520652,1.1918378683305317,-0.2790195665912487,15.182494925424107,-1.0544347199392663,0.9200980665434281
2024-12-30,-1.0531652141461332,-1.4082129058296355,-1.4217273423633163,-1.5226106136698925,-0.7883643262178437,-0.7894301089011679,-0.5577941083378266,-0.6002785274544283,15.020403239073802,0.4009936156907576,0.059762297639619925
2024-12-31,-1.3990712201948252,-1.465063767671586,-0.9104215486435148,-1.1006613565099317,0.6256259650372856,0.6293218687580535,0.6538970350876389,0.05269613530014858,15.296615201233202,-1.1973247777925042,0.6170023028239373
2025-01-02,-0.5029026638122938,-0.33821260402917735,-0.578772101624383,-0.43028112937870383,0.8779759475408678,0.8798187828064131,-0.6582006544408926,-0.3436580082043938,15.035957220081471,0.36703437665194616,0.6840780287728253
2025-01-03,-0.1447352652161692,0.03971585115498096,0.8389228242919338,0.6632743616734365,0.826218489767217,0.8268263810628563,-0.14648763152199226,-0.2605108581587988,15.0245010526005,-0.798054766615268,-0.2729925841844595
2025-01-06,1.0180205924225936,0.8734272135105058,0.07512791789362976,-0.5100679430855741,-0.9933659929719968,-0.9955260697897709,1.0887359252920092,0.9038575609354258,15.42366785075496,1.1317123066235533,-1.2386222942628506
2025-01-07,-0.8807696852363281,-0.2863560750838264,0.06390881175629128,0.13499897366425417,0.6889007973773925,0.6897673290447154,-0.03385779106692946,1.9175351744770017,15.411518895990701,-0.4966542934527841,1.3997987135058414
2025-01-08,-0.9295411873415059,-0.17153429310054533,-0.8378460643621086,0.9489810565069553,0.6391301600621473,0.6396987682637876,-0.971334489632822,0.47576408699368206,15.087908352563144,0.9263796723599322,0.17071165076339745
2025-01-10,-1.865769150667627,-1.649012810705017,-2.5126612272812445,-2.549210328968417,-2.5423167185494324,-2.5508032696901086,1.1620701386095589,1.5137815255939242,15.495444398396396,2.3934640573866064,-2.0280325741413945
2025-01-13,-2.58206703890912,-2.4950680245304704,-2.0446722854178496,-1.653023847276337,0.48945075606190286,0.4881905488626247,-0.22270642278932562,1.1976299180322234,15.551916043212714,-0.08824747647130958,0.16359483286792123
2025-01-14,-1.531745631965234,-1.4736293027606857,-1.1009540028710068,-0.9155027880850657,0.7123336178385129,0.706373062012723,-1.133855325939923,-0.3707619356164276,15.187351215753711,-0.6006218954261029,0.6158369659456016
2025-01-15,-1.1066973341059638,-0.927092238428841,-0.9738399204543275,-0.7775456050078519,0.10784869210473345,0.11250119399128297,0.8778830659034448,0.5462411097486378,15.49712046976553,0.29595939121190523,-1.2738267170777866
2025-01-16,-0.5606473871812122,-0.1837853786505601,-0.29221050264396803,-0.04686505319553311,0.7790748817444235,0.7700020836067124,1.0969330250180038,1.6924179021246708,15.876762797738374,0.3119346615192327,1.0883532970742114
2025-01-17,0.08775699584387432,0.7927469845360858,0.2961431408074023,0.8816723189991755,0.9542225812397956,0.9411823152683533,-1.2773866706718096,-0.5307064288440932,15.458402782077156,1.0696544836112323,0.5140759502827129
2025-01-21,1.4096231048844137,1.5855113792084141,1.6775746753491034,1.7096972725886834,1.0408153537517575,1.0262653659898446,0.13005090292505697,-0.3493775904206472,15.601185051220316,-0.26184155259120584,0.7306569908923279
2025-01-22,1.7134833320454097,1.1942243244715671,1.4957071988281285,1.112994536082866,-0.5697999090908895,-0.5577704606933465,-0.8901792904536883,-1.3448923542356148,15.30418121137351,-1.079885892964178,-1.0040990277820674
2025-01-23,1.2429095575940028,1.616048972045868,1.4134191342538736,1.6692314484340085,1.0113316643152215,0.9976798240654584,0.469867758531809,-0.5054678273561896,15.49732513041006,0.6453392086175512,1.1539951695902357
2025-01-24,1.7559045139210834,1.7247583251935823,1.798107075783934,1.7173612187974006,0.5874652895088457,0.5844308943134121,-1.0938827194982237,-1.530715866320206,15.119971296178873,-0.4495320775725661,1.1130196445001754
2025-01-27,1.9578746103306148,1.943766223489826,1.891739943703051,1.8574632900783687,1.4021784912849886,1.3942003501296782,2.140558912827561,0.9831187957670114,15.849562528149738,0.9181780914150323,1.9621944817947008
2025-01-28,1.5546209374125457,1.4839968569569495,1.4396265041526268,1.230535524118203,-1.7190266283930706,-1.7259157010274262,-0.8565711045385499,-0.527467995745432,15.445162973646323,0.8197118438881127,-1.407875501987043
2025-01-29,1.2466955586216024,1.1606196751884568,1.319962066749475,1.1363601068128955,-0.34687009880200914,-0.34123740514344086,-0.6848195486109878,-1.1919211562333496,15.168610272664491,-1.2215021451091117,0.20792906790478008
2025-01-30,1.180309131039147,0.9324295212581581,1.085906608933916,1.1159193297768284,-0.33755167082285054,-0.33179792015165194,-0.4073828167070213,-1.2014664496300818,14.991608750004227,-1.162848432800369,-0.43208196140998406
2025-01-31,0.9884321418934873,0.9348482462586574,1.0212180632196546,0.9337152269468129,-0.7653200898776461,-0.7619904274197733,1.2452357359360666,0.5392590110371006,15.489087099089618,-0.7258424461058675,-0.15355304029883557
2025-02-03,0.5664290631115305,0.7536499642682997,0.5463279069872284,0.846367817732549,-0.4621337846979275,-0.4579431099926334,-0.057791814991631205,0.6993052958316938,15.54418839982501,1.0961179561586234,0.11963568588016459
2025-02-04,1.044273275876638,0.6437413804361294,0.9173925521780156,0.693423464122483,-0.45071115569215287,-0.44754638403794406,-0.2823026226137043,0.47304340493536545,15.471393219564455,-1.1157328524169745,-0.7369482248466361
2025-02-05,0.8259622520826428,0.6795708380522636,0.9407196374967804,0.9057834827732542,-0.1782344667266816,-0.17383791415462488,0.9543672063267352,1.8280498360758044,15.944158962696788,-1.176017026011378,-0.3896737765583566
2025-02-06,2.7370406306783637,2.7719517302415477,2.6714487371057625,2.7822753581141573,2.734135975350328,2.723806529299081,0.8875815834263547,2.230284532083218,16.43676761280825,2.5796517592948596,2.550081637884277
2025-02-07,1.8548460819157127,1.8054556609538583,2.202632738629406,1.8159910342816559,-0.5551157750875034,-0.5660152448182737,-1.23961594359146,-0.1684764278340501,15.790632847239047,-0.4432496211635179,-0.3165834171412968
2025-02-10,1.2856922071004857,1.4905557615875618,1.579970217720487,1.5948578047100768,0.0776316488661869,0.0958810110541016,-0.5393519430428521,-0.4486771104253459,15.59042917949356,0.3997917847523385,-0.08965956302444635
2025-02-11,1.2876558800059736,1.353140552407218,1.4577804421796146,1.3870874050249344,-0.1390269593695678,-0.12992654020094654,-0.5353396394222388,-0.7085290028557018,15.422866504610896,0.22704277961974975,-0.15422246421767719
2025-02-12,1.055047423820155,1.2420782179272611,1.2648819188720575,1.2844041182551318,-0.0660970386986911,-0.053909058067008915,-0.09942822117554993,-0.6871982637347126,15.477332359870855,0.5123820649216839,0.0220266733608694
2025-02-13,1.0950600747800383,0.9916139908153443,1.1790024467276516,0.9835416892620388,-0.5498691731672238,-0.5613043621035141,-0.07245207362216043,-0.6805950557374391,15.566205121227034,-0.5680417825491973,-0.8470407301219534
2025-02-14,0.8713084912715026,0.9354050904944419,0.9824928290293263,0.9322600355572817,-0.19077329843150248,-0.1837678512920686,-0.6033531376131662,-0.8748495779889955,15.379574673793865,0.019531963577676247,-0.15378319071566587
2025-02-18,0.852023126318768,0.7276571122796947,0.8888093182394861,0.5883468475068094,-0.7156145357256117,-0.7362741981734938,1.422266793456038,0.07284214251568248,15.8933133826806,-0.48216131368602716,-0.7223415499327605
2025-02-19,0.6129992427086615,0.48659570093681087,0.596438377653705,0.600361949029271,-0.22496745522011738,-0.21904019488775298,-0.5283558404740547,-0.2620721222600082,15.768850324646175,-0.3466414149760205,-0.24515789169566454
2025-02-20,0.6002613464033123,1.473997018460998,0.8343943245995895,1.3710562579759669,-0.09876640768570447,-0.08747146868263876,0.03478923418829087,-0.004663825885310422,15.821238415133413,0.5618173440786556,0.055458197841911853
2025-02-21,1.504793271658902,1.759852747815508,1.6709977621211134,1.874307859247246,1.2559601657557753,1.2491323215107542,-0.05276276311844479,1.0846086155055916,15.7780250881195,0.8080878719405797,1.947163017898968
2025-02-24,1.998209978977561,1.914973025565272,2.0684627222390493,1.9777737008507783,0.46179390135418324,0.4627109486751971,0.6899388999365245,1.8625090016718049,15.977418905278183,-0.8490556001944002,0.5715248008901356
2025-02-25,2.1077447971208536,1.8604411032209105,1.9613708677169435,1.7715190209740077,0.010595398542402766,0.014476455884637583,0.02980855551897834,1.5170813059044428,16.050683779032667,-0.861980957737205,0.19790009531211336
2025-02-26,1.6395243294429116,1.495274293056007,1.2006698532041127,0.784584099935318,-1.8647948434003945,-1.8717539669042635,-1.2496599126673966,-0.28781131766790735,15.741961309384797,1.1502119952391106,-1.3820296229891353
2025-02-27,0.8004271884992804,0.6208137957709648,0.8061550478277806,0.4372305325971869,-0.6473882095792683,-0.6431373415088243,-0.5893372297431376,-0.8981755076690924,15.619396371647998,-0.6625060856516688,0.31325714272475347
2025-02-28,0.7636533926998852,0.5174628305272042,0.5915617079331477,0.6842078751715834,0.36455036709422195,0.3673769293527701,1.5771178788169748,0.952924568586595,16.08296586255,-0.34140446289626736,-0.9020262271890865
2025-03-03,0.4714265333159286,1.1530383360520917,0.6501866903729709,1.4586345431593337,1.3512862037520368,1.3412773737348263,-1.422815481251798,-1.742135348821941,15.51277636394761,1.6954118000787017,1.5849010462699111
2025-03-04,1.2607367469898687,1.1412761075451574,0.44533023154394286,-0.25753788191341936,-2.070426771441613,-2.0826155105838935,0.47154908352020247,-0.9558713462676055,15.646955536157453,1.8102340563922237,-1.3914554086615816
2025-03-05,-0.40584502358147356,-0.7370801670271117,-0.2153752655751575,-0.8667843478362365,-0.45732731592740644,-0.4488693536559578,-1.0428476097025992,-1.5851111321139675,15.260026892144444,-0.947609247778165,-1.1054326252639803
2025-03-06,-0.9108094359760532,-1.3697133849516325,-1.27201104287402,-0.8839806569099006,0.07735232511177732,0.08424135700073901,0.8096104491770627,-0.7726289761207449,15.49341072113103,-0.648782592550324,0.5886675255861691
2025-03-07,-1.0810172121955361,-1.3648004374887472,-1.943172885466482,-1.7142581147742872,-0.9261143074006946,-0.9237780255379417,1.2178622907385814,0.5294897802326064,15.886478928503141,0.22547342828681288,-1.1522322194227839
2025-03-10,-1.557389600228779,-1.7589183094855176,-1.739078678398182,-1.4376044022446361,0.08000399708085668,0.08672899622077501,1.0972641892660424,1.8545585228858426,16.28772879928351,-0.938947896677289,1.003627180633206
2025-03-11,-1.3987867729786072,-0.8083612032730109,-1.2646633227003423,-0.6849914871517614,0.8667605979641597,0.8670572280528177,-1.3148958096844328,-0.4301489356046292,15.57115931297509,0.1664121323663227,0.6480020077375925
2025-03-12,-0.8208761361646787,-1.0092741120328819,-0.9603466463874003,-0.8422200192372237,-0.20401845107795075,-0.1972372862380695,-0.37942218309508324,-0.573708303898102,15.460470235485817,-0.7344879120935833,-0.6464104137159894
2025-03-13,-0.722533693986921,-0.7769316901372811,-0.8627449798884241,-0.9792319919490292,-0.2223939835307156,-0.21564829711462932,0.3165083516491927,-0.09401355267374847,15.6494832135563,-0.457125807667022,0.22147546410417535
2025-03-14,-1.0023335537113909,-0.8742615601031861,-0.8767592493001657,-0.32230026887436897,0.7681034465969561,0.7687573777654819,-0.34429860778603716,-0.14007083709573281,15.527757914839308,-0.7304639664412708,-0.6997786680587256
2025-03-17,0.06306857934970508,0.7178245188038883,0.7534450651566965,1.9749429963081127,1.7719845494924455,1.753134401430863,0.396858008858645,0.31236723953375894,15.71473348012676,0.5233971404128228,0.9554760194187762
2025-03-18,2.114423679994453,1.8708677968203375,1.869936215190195,0.8821563772057823,-0.9803566802705741,-0.9846045474730084,0.3628226308855696,0.7763064128481523,15.897648585855254,0.9146774552241667,-0.23759015840199194
2025-03-19,0.9649451933194942,0.43322491605730773,0.9278210981894792,1.022952650840826,0.17403763515158027,0.17978554161184288,-1.5181926307407816,-1.218285243986229,15.25114279037752,-0.8126367832924988,-0.6976929037092052
2025-03-20,0.930234218894874,0.34317368888979377,1.1819621645995257,0.7330403018785946,-0.2722465576170701,-0.2682136482065924,0.3860013626381011,-0.767304273799774,15.428183432262376,-1.5296887954854912,-0.15376325088629483
2025-03-21,0.668675994381009,0.11923306092724281,0.3066780692413202,0.07693756149831306,-0.7126012891226244,-0.7141990206188534,2.1928802734461925,1.6712456866314813,16.23094216646872,-0.3482944412758912,-0.7702732844649861
2025-03-24,0.3213935341843905,0.15746823113061822,0.4464780015037121,-0.017668621898180133,-0.10197869615894833,-0.09766599336237636,-0.9613320050906757,-0.02148076299906824,15.618935223456608,-0.534599149111238,-1.2928100013425878
2025-03-25,0.1814206548494539,-0.2541923035143798,-0.15784015732445683,0.3222813900891792,0.31963320547292967,0.325638763621219,-0.8504738919847212,-1.0798072170538624,15.149748438807494,-0.3131654571608302,0.5119835622825599
