Date,open_std,high_std,low_std,close_std,daily_return_std,log_return_std,volume_change_std,relative_volume_std,log_volume,high_low_range_std,excess_return_std
2023-01-18,-0.1467219308418396,-0.18845988406328174,0.03073187776262825,-0.4365337190299528,-0.7968416460701108,-0.7980563147907901,-0.5174496758843334,0.0,15.329186408510719,-0.6666745386548717,0.0
2023-01-19,-0.6865460176888755,-1.596254596114605,-0.9425805239492729,-1.3196171430254575,-0.5699803176196977,-0.5685826223176929,0.5954368133965516,0.0,15.491803244449839,-0.6995029286459632,0.0
2023-01-20,-2.052998921433082,-1.7701432461699027,-1.962708847002556,-1.4409450034591118,-0.0532974135705817,-0.0481661190295084,0.44345857366872204,0.0,15.586761320680878,0.9320427024057089,0.0
2023-01-23,-0.6800122289961045,-1.2670467375500556,-1.0447462134332604,-1.4147968112140832,-0.32338391123688437,-0.31982775047188705,-0.4123239527145129,0.0,15.484424385645147,-0.7217313883660221,0.0
2023-01-24,-1.1636814440495005,-0.7547800916454697,-1.1609595730212032,-0.6109668919660277,1.4569241373257797,1.4501340701925054,-1.1027202845310737,0.0,15.16402542687287,1.5980868981814202,0.0
2023-01-25,-0.318992839073355,0.2999074579706707,-0.056968615250393,0.541742027719998,1.6959082523071347,1.6872055508470531,0.3936112181710982,0.0,15.28626118037747,1.0055628436830686,0.0
2023-01-26,0.6507379046182439,0.6864178018604675,1.126137604761653,0.8593779061436702,0.43448756369294633,0.4375836037977547,-0.5598909457197202,0.0,15.152719973971099,-1.3621954967821825,0.0
2023-01-27,0.7046878645048323,0.2884613495309372,0.486068835608329,0.04714194864888178,-1.0949053142738623,-1.0974748747226197,0.2079031369204221,0.0,15.21711240935361,-0.7138825074583623,0.0
2023-01-30,-0.04323922374424536,0.359338107383571,0.25154430089808116,0.4404840728386922,0.34087392294353525,0.3450288518972554,0.8234340078593452,0.38119006186840615,15.316293868524335,0.1369303003224244,0.0
2023-01-31,0.9788573964046843,1.577824441736027,1.4005572107552917,1.637171820709084,1.4504087331706272,1.4458125247659714,1.7343622922127842,1.9704773867776917,15.619363439542962,-0.09294223503042444,0.13384818898111256
2023-02-01,1.455528445463532,1.9582276369116984,1.5286486590819226,1.8186000381900138,0.7909910830576197,0.791539921636473,0.6135918842133442,1.904792721084713,15.777195766756204,1.2908957847464078,0.1536536515708529
2023-02-02,1.4367222965074176,0.8522212285780968,0.1254160795390482,-0.17465958265207815,-2.0786922368575107,-2.0904777156693655,0.838688951602621,1.8979789697565403,15.974883378032711,1.7360856565880671,-1.9825209671707948
2023-02-03,-0.43471569378180824,-0.9559315056516098,-0.789369907758657,-1.0608535737453075,-0.8595628698958219,-0.8550493327588403,-1.6705264772001338,-0.0565585583716284,15.530659104757495,-0.5079496861943956,0.1345104102270551
2023-02-06,-2.0081788468516746,-2.056455169786899,-1.8714493501995224,-2.0595536672659835,-1.3100047891631166,-1.3125326218360458,0.4177407944968756,0.31862910839513675,15.65831178161302,-1.0481483886669518,-0.704731115288346
2023-02-07,-1.7906896780116488,-1.6066828736452041,-1.8904252660902625,-1.3669459160463089,0.5811281269199077,0.5838210392993048,-1.2202312297093758,-0.6747654735236585,15.415322488938255,0.5556183763504555,-0.011729044218139768
2023-02-08,-1.1644922434579694,-1.0892520072999134,-1.0755944558946222,-0.884461055862887,0.5858035895143425,0.5880992249532704,-0.9088149505629395,-1.153007541653725,15.205423613703868,-0.3065007985623372,1.3310184532412388
2023-02-09,-0.1967111895842602,-0.5904480146155732,-0.6053130529380413,-0.9921661462988077,-0.19209762112127043,-0.1855303100590067,0.004255110167769423,-1.0699239564914775,15.237799520468945,-0.1738636530396269,0.39437798025894255
2023-02-10,-0.5626621818584706,-0.8578850378277058,-0.5305209694933071,-0.591772421012755,0.5543865946505178,0.5564103922520771,-0.6750336694433066,-1.2609535875777635,15.084709428264652,-1.5194586332890199,0.3812209958980605
2023-02-13,-0.1623039062319809,0.011937028153632628,0.03967858833054241,0.38593020801031336,1.2676608086456287,1.2574700368496659,-0.01448059203208244,-1.0623627022932478,15.081866718978342,-0.07477510022826063,0.7379635891976368
2023-02-14,0.3375688163395332,0.4243999314939975,0.5236928052398981,0.8119336114996973,0.48450884243969555,0.4877997322470173,0.9986488656076768,-0.49925156300687923,15.249523318642847,-0.00673922201242659,0.5637837550540469
2023-02-15,0.764019371233334,0.9127965763000446,1.539952651733688,1.2547473866465093,0.17890254536720127,0.18472541916953386,1.3111907551507394,0.41623187400612,15.48974339616147,-1.1739311985648784,0.03457658644201002
2023-02-16,0.721813476230157,1.2271491356082367,0.9691033574270136,0.8852848804919919,-0.4604254112536736,-0.45560236181537844,-0.4040644841368493,0.7387822130792269,15.36077276343578,0.7358986662633421,0.6828456362225713
2023-02-17,1.2671426584050818,1.5326433254312406,1.466705745734615,1.6063811060833202,1.21578447798635,1.2083047695356506,-0.05439957539074844,0.7911630074749444,15.345407520156854,0.17095630311276058,1.5340343402734462
2023-02-21,1.433628939525489,0.9501818963898311,0.6722911443739787,0.5606064283163359,-1.731277026371958,-1.7417613706506843,1.262795294053688,1.8855057450632446,15.546953868213008,0.9351539805061487,-0.18143637001420795
2023-02-22,1.1270064105325819,0.7537960257898059,1.0712113480656262,0.5193381065833539,-0.13149602738918673,-0.12679019094432897,-1.783913436604546,-0.2892533310279951,15.0796658157764,-0.9388687453136927,-0.5864624970110373
2023-02-23,0.21898922686632652,-0.48102615464108445,-1.2565701780048308,-0.8124757951982262,-1.4674645316841206,-1.4762277457039856,1.9388270258089806,1.39510807867399,15.531648268816538,1.8494228473058467,-2.385006906543881
2023-02-24,-1.5341082344233028,-1.4654413915490545,-1.4101615801986938,-1.2124111624959448,-0.27377498282610463,-0.2687109704039628,-0.7923618943022559,0.27870401904043945,15.340174806043096,-0.06468548878602585,0.4005069456511935
2023-02-27,-0.9348553547715822,-0.9420408193862853,-0.6020278506246041,-1.462931511907089,-0.18883281622942555,-0.18377725667318015,0.2993152390932855,0.637674009892367,15.480931938704519,-0.5371391315763628,-0.6995223838874328
2023-02-28,-1.5206205464451674,-1.62917312712914,-1.3726150354905682,-1.8257529391521912,-0.9832783001252315,-0.9854220604511239,-0.03831495793767711,0.642241033212377,15.546971570928127,-0.36181980286306764,-0.9656935167145613
2023-03-01,-1.6756654957202939,-1.835050095600993,-1.7456595033129163,-1.6386537765844902,-0.19736138786878568,-0.193608618232416,-0.9550647900282226,-1.229870124629389,15.28655981463336,0.028727390947225425,-0.1538684386187312
2023-03-02,-1.5719144567885075,-1.6758288972450452,-1.2437416184312646,-1.3306718759773717,0.33265656269731625,0.3378869005027343,0.1691768855310828,-0.6566658116204869,15.346186825147198,-1.9619648169857877,-0.6769348174768346
2023-03-03,-0.8556490845087807,-1.04764817302507,-0.8648421273660719,-0.8689387151599406,0.8107328461026918,0.8137574528449677,-0.37949013888334215,-0.9765170824863159,15.262500361922143,-0.9732596024181762,-0.7058625108289026
2023-03-06,-0.7972940634357383,-0.25074920639794873,-0.4605210287898051,-0.032938470014943606,1.737209010231891,1.727583247480359,0.11555585132595224,-0.5664539031855473,15.31916586567349,0.472488569528237,1.4354014176422834
2023-03-07,0.039676046898434424,-0.15458191912036898,-0.2016518791854397,-0.26406664848238776,-0.3471471192637586,-0.3436997747100894,0.12282902395289676,-0.03290737119768921,15.359257498778108,0.07849631809414875,1.0883931948433063
2023-03-08,0.1845404701379993,0.02304880966462121,0.44632467591627006,0.1733088136117147,0.5670883954810321,0.5695762383870951,-0.462980429998395,-0.7533088872106956,15.295545913815864,-0.5875169980871805,0.3318407862256068
2023-03-09,0.8269529595348714,0.07943611244897304,-0.8553924437165524,-1.2023330280365674,-1.46274899672762,-1.4690657254584423,1.9192917538297907,1.7349383167738393,15.57620943616364,1.6507305495805455,0.47787464143813063
2023-03-10,-1.1970985138547943,-1.0395588177160129,-1.7087503167436988,-1.8411339592454907,-0.8948488424775816,-0.8958320014313566,0.3166197066635097,1.6598201300359943,15.661158443004178,1.2974396326324875,0.49326611077565
2023-03-13,-1.6817231650440017,-0.6790966178792189,-1.1084548829948895,-1.3888807342353287,0.5247025649105072,0.5280302728739783,0.184012012443028,1.5482650954736543,15.71857300141707,0.6870352402717969,0.3724119216939381
2023-03-14,-0.5918501930782163,0.1640892997976596,0.13569281593688098,0.8730509443216228,2.0108688839399096,2.000000987171162,-0.3880705308184846,1.0564417853350194,15.685418788635287,0.031042328242269563,0.7040719098663795
2023-03-15,0.9500750066160317,1.4476428836230046,1.4626441782180957,1.4210653985071926,0.6666795671180411,0.6701734015678968,1.1188526425132481,1.5126807460997824,15.869826709043844,-0.07055443687743244,1.5365853960885871
2023-03-16,0.42537332852893994,0.08745826158063781,0.0465644260726497,-0.3552087986282404,-1.5238468062913855,-1.5341761972694652,-0.10087182474013938,1.152785409358283,15.921338520832874,0.046398120496718175,-2.4977216635365216
2023-03-17,-0.798168551645409,-0.7212307533949471,-0.48164253143592134,0.18286137953301446,0.4571602210914654,0.4619193038778625,0.27740395520055655,1.1343772524539308,16.030782519354435,-0.18095310927552893,0.8960333512972216
2023-03-20,0.3929758397105235,1.9666347041746508,1.2527364415962237,1.694948387746012,1.4111183038317974,1.4045038357000255,-2.2915390572147705,-1.656911253686356,15.538580859582686,1.387246300107919,0.6052194803493259
2023-03-21,2.0093711127280685,1.7828186792766931,1.7920163376688194,1.0422297864497716,-0.5290241755122458,-0.5249569778379496,-0.22809343769026602,-1.5104444854585317,15.530946962505942,-0.4565795065881479,-1.1831513794366373
2023-03-22,1.1323522426514583,0.9726642173595444,1.1268228625739503,0.4401302219241515,-0.574968851871542,-0.5719963516645779,-0.975558335074446,-1.7607590283192132,15.348197223253948,-0.9325196273039028,0.37585913277268407
2023-03-23,0.14716772619008894,-0.17200976921250022,-0.2271791150175602,-0.18196971978140553,-0.6240038677490255,-0.6217003191197362,1.475363071653479,-0.811809175569778,15.617946332086325,0.299626534242817,-0.6301221133564333
2023-03-24,-0.49652800665475594,-0.8564759853127666,-0.6850696110753212,-0.25427371386344627,-0.039769400989521246,-0.03360913036491506,-1.2203766088825097,-1.292708771825148,15.29865958737005,-0.7800082245607141,-0.18785052859044726
2023-03-27,0.17726654314978227,0.2895874905382837,0.7219612334401794,0.40605159848504174,0.46415106851272653,0.4688802790066851,0.5952770195908833,-0.7771038660855066,15.414069710688485,-1.5074847659047617,0.4487146370805841
2023-03-28,0.14707918610929763,-0.4470116924159748,0.31663889091406056,-0.4518487347527853,-0.618336943610271,-0.6158416476593442,-1.1302406215133711,-1.1682938546543826,15.057501718286353,-1.9253612505267574,-0.2630697693805321
2023-03-29,0.32512343024055973,-0.2958180995888446,0.8785882570139945,0.41127500288511215,0.61878230390483,0.6227408550168468,0.8006362766055101,-0.619091993165449,15.193016665257863,-2.0734666256357195,-0.19495537272047364
2023-03-30,0.5607669675046808,0.39314586467536133,0.9416492926623871,0.8655912992810242,0.31025340376713545,0.31504992405743115,0.7962756755145102,0.17572971418541658,15.341980036960134,-0.9660763816347068,-0.02661007214475637
2023-03-31,0.810460233051265,0.3893392764902214,1.2303484770341262,0.9102774722526077,0.016083709657065064,0.020561885467660745,0.6800047457834967,1.9376613197172428,15.469558672590901,-1.2482343926404995,-0.9091965965329505
2023-04-03,0.7281887242105336,1.5109536907527723,1.036541534905978,2.1030888126137346,1.5470912684705975,1.5417110107449887,0.3162753589738508,1.8244857594049186,15.551510810489948,0.6870161425894188,1.3388041163787376
2023-04-04,1.375211379970016,1.2326582872488812,-0.18186606375551745,1.44073555448307,-0.543456350006254,-0.541206903898856,0.8517588189688232,1.97405316108573,15.754971527121123,1.8709787294160887,0.4957645024955037
2023-04-05,1.9092782806055073,2.3225980938641433,2.0407920511440922,2.050943163719562,1.7314943598683363,1.7234539756988463,0.5084729924272411,1.7827719456510454,15.922518748963153,1.0176857813904503,2.0360697544964665
2023-04-06,2.14651897276038,1.6561072529182377,1.9536336478547867,1.6928236616426653,-0.22643149774687543,-0.22329758360194174,-1.9173350538052891,-0.43559667021982373,15.265601211713292,-0.4018814769637935,-0.14487206358812843
2023-04-10,1.6050202527245827,1.3536339744584558,1.4140898677465414,1.4557498884234115,-0.33477822627788417,-0.3319342029813562,0.5272864034096493,-0.12350909039332578,15.421843856066804,0.24724955280655805,-0.015023243586651079
2023-04-11,1.5268144181120156,1.17769639567432,1.6121236695106567,1.1597970262261903,-0.5702920454373674,-0.5691220059449618,0.29594498382837586,0.10894616432087847,15.52932668375523,-0.975385336666824,-0.11624053374704167
2023-04-12,1.1488863575175672,1.1011105223501338,1.2180104829191467,0.8380947645069856,-1.072576560647974,-1.0766835923287106,-0.9678640012038582,-0.6736495060518101,15.366747371975269,-0.32262925348321775,-0.04488243994486468
2023-04-13,0.9389995570268846,0.8832739628290783,0.8649587514245044,1.0077570459033118,0.17963744613040739,0.18323826785358524,-1.18468459811274,-1.4515385895653032,15.065641780738538,-0.1694734050775768,-0.9859086794236817
2023-04-14,0.8221504482978205,0.5597268066588521,0.8311755603513469,0.5163316598630376,-1.1305866025103897,-1.1359277734317819,-0.3032906562860209,-1.3355701186652513,14.987187727336277,-0.9146312161763162,-0.4744803053376318
2023-04-17,0.9215408841547643,0.609334115767122,0.8143556370837761,0.909941196878292,0.2817525928746106,0.28566295458479873,-0.3325954108639613,-1.1839599570560735,14.876213619771539,-0.9743522579953121,-0.015008464272785009
2023-04-18,1.1827960022825856,1.1889425633602535,0.8636118924065417,0.6559758636912559,-0.5061532121015482,-0.5061579495395246,0.6801027143230048,-0.697768677946081,14.999566634484815,-0.24225733700674915,-0.47622353344576246
2023-04-19,0.5498724240972156,0.08980785607983961,-0.22016021061571428,-1.7835392872847042,-1.5038016967225434,-1.5136151568627854,1.8271331346271913,0.6815564939002504,15.411153962154224,0.3565175891036934,-1.2372782491314802
2023-04-20,-2.4876465219270676,-2.4824307109239374,-2.5628439880601173,-2.6326293953337485,-2.1747637141843983,-2.1814932413111667,1.1545928245153412,2.2296944908588507,15.720018335780008,2.0993535295812147,-1.8633217027712032
2023-04-21,-2.269328918733729,-2.1683949615173295,-1.7965507357373856,-1.7260368261826953,0.5425772723677001,0.5428525826087902,-1.4282172922939238,0.28144021525396096,15.2795991778129,0.18487403144786052,0.7268601529435627
2023-04-24,-1.2962923024443191,-1.5363984347938462,-1.1807384620447914,-1.4742913081943874,0.03996859688945306,0.043224773728078335,-0.39515592122555243,0.03465984301362078,15.173740007931464,-0.5122473546513824,0.02643068150722684
2023-04-25,-1.0038592444353167,-0.14095086752865935,-0.7366357375443459,-0.26929263567289796,1.7075597076095244,1.6963613100080852,1.726627273235071,1.551638264037614,15.670948960239892,1.7739344367648302,2.573600532537478
2023-04-26,-0.8563944844919488,-0.18212369377154974,-0.8174532009077707,-0.056642415640814424,0.28598932149796463,0.2893041223416625,-0.9642345294492959,0.24918747686559575,15.324575717368202,1.6166993340985658,0.4661954421519541
2023-04-27,0.35001009338231726,0.6980662636944621,0.6747857625242775,0.8843955214494171,1.1520064138785353,1.1480571042797558,0.8265269291877609,0.9913806165702814,15.661253192298405,-0.2509616240723319,-0.684648463333976
2023-04-28,-0.5623190848231255,-1.0477838952777863,-1.4795645933892974,-1.745312243611483,-2.2642800624193784,-2.278328502847432,0.8896399163691993,1.6845741593760768,16.059587020103145,1.6157978560353117,-2.236784006574541
2023-05-01,-1.1931823213585906,-1.72388611999753,-1.4321634728875932,-1.5884736412197493,0.002382652318377193,0.009510912516506966,-1.3312384144988836,-0.4252172635478954,15.575246194257497,-0.3009677765624931,0.044061407377262544
2023-05-02,-1.6187591611480536,-1.799123452843826,-1.8949899392763299,-1.9512889080068585,-0.805313116841827,-0.7988148288057548,0.05220603756162524,-0.30896190690193764,15.727213837803289,0.9079352004636904,-0.12388349197885112
2023-05-03,-2.097126794933921,-1.8762057674648647,-1.604490279260634,-1.584635565900967,0.17110731301643237,0.1771713460910083,-0.6580606371609822,-0.9557782631291178,15.532618497081334,-0.9167468768245343,0.42245348157353696
2023-05-04,-1.6667467408446575,-1.3217823328161091,-1.1689614373059711,-0.9765387936262384,0.7825239526876914,0.7774292615377448,-0.41542663488830567,-1.0390976264994303,15.394345128815505,-0.6666411004722126,0.8983326587548387
2023-05-05,-0.9806503923033925,-0.556040838256713,-0.705387930904987,-0.24879891263877205,1.0319149369482432,1.0210160524942258,-0.04726504607893638,-0.8738994630335823,15.44316179620806,0.5050246506985785,-0.017935810943679353
2023-05-08,-0.05455242009660033,-0.3531630244757756,-0.10368086541377325,-0.02317882202058564,0.30457188639076144,0.30856817407280007,-0.5060038447168956,-1.114310991155594,15.32545979281885,-1.0147206424721402,0.2426436484804318
2023-05-09,-0.03620373331684118,-0.2900914188559091,-0.29696423479145284,-0.5034408176577241,-0.640692279822125,-0.6316406857354069,0.35284805972161204,-0.6318869146854257,15.4325794800409,-0.01639245413216069,-0.2967301281485842
2023-05-10,-0.39010603988077325,-0.42325772761504055,-0.42883073382210407,-0.35604353600665345,0.24491312086606964,0.2503101554563058,-0.35702256440557006,-0.7146248465410643,15.371125874760365,0.029034815929602064,0.10213810229932185
2023-05-11,-0.5689345920865597,-0.16468268060502356,0.24531491972426364,0.2631076002721239,0.5785840960628515,0.579012155822527,-0.4622823071098253,-0.77654275950666,15.23567504526607,-0.7861192190489099,0.6427274437111631
2023-05-12,0.3248430807034117,0.7535919848438745,1.2327460053953219,1.1933900038864729,0.8619324903997689,0.8606490882660907,0.11152663358117214,-0.7966965224334986,15.18027505597466,-1.022469938275408,1.1700559139139783
2023-05-15,0.9876090795045415,1.2399424305944045,1.5549137448780037,1.3024062892074602,0.21726673466102858,0.2212216634727857,0.5901903849731275,-0.20062607737664517,15.217973746236076,-0.9253182702222461,-0.1467956017973553
2023-05-16,1.3035478379995387,1.0884636446637497,0.9322747732030654,0.5924477923994453,-0.9744020545249734,-0.9728768586765382,-0.47705368935422343,-0.37374764882491884,15.11240004359733,0.3799116221516483,-0.32971238150663007
2023-05-17,1.0408180349201273,0.6180279887122146,-0.9103610784625915,-1.1593883309716648,-1.5358883346432621,-1.540321038588957,2.7287441173663036,2.782288765969787,15.725438321960223,2.2169019768446816,-2.1687026817011947
2023-05-18,-1.8013343933973598,-2.5242087710586993,-2.552834267793337,-2.3735424634448115,-1.736840517288243,-1.746667172572757,1.667318485093165,2.5459540897236126,16.268221183595955,2.159328858115542,-1.9514775195715002
2023-05-19,-2.1198177683489114,-1.9959867918491576,-1.3694167382038898,-1.464666289918469,0.8229126242728915,0.8212610356367821,-1.120025894509287,0.6744161705946831,15.858832702435185,-0.13866617358965064,0.8111582032139018
2023-05-22,-1.1847581211622322,-0.6411982349101474,-1.4226273716112858,-0.17363955451855875,1.5450243566869064,1.5328512212710583,0.0852774209144308,0.719597204286425,15.999852622021248,1.9398119296394791,1.3008984084424382
2023-05-23,-0.523792031783331,-0.7289113988960504,-0.04045961355397572,-0.25198872592984894,-0.10018466651745073,-0.0944171167966101,-1.1456675920296464,-0.5474851872877865,15.483255302331536,-0.8061581558387612,0.639560090012116
2023-05-24,-0.23382364590784496,-0.6757837971281173,-0.16760874658918556,-0.7830188694791702,-0.6613739983484395,-0.6572919262880338,-0.38656392523234634,-0.7170078748658469,15.38300105115856,-0.5322070797368486,-0.09169091632036834
2023-05-25,-1.8603553124911933,-2.010642626006798,-1.5852414476742478,-1.8608845369113793,-1.6631198371164118,-1.6748693394179546,1.581197208662425,0.476042147158075,16.048574175499187,-0.11530558887653666,-1.6623742630827507
2023-05-26,-1.6726590477819667,-1.698205891975355,-1.4531205852683626,-1.5860989272462724,0.12642074149875615,0.13273727919626943,-0.45549385187690106,0.013000366036833555,15.9958151292566,-0.18705556850881297,-0.47104622970835164
2023-05-30,-1.5354058867249893,-1.5067431562728135,-1.310917769283406,-1.327134961826374,0.4564450923285458,0.46123346000141824,-0.730939143084625,-0.7495216621140302,15.743358709662061,-0.4935035358778554,0.4155166884960755
2023-05-31,-0.814889304497308,-0.43235097634581676,-0.6550585746828277,-0.4789960407495542,1.2776905898684476,1.270611549895476,-0.06612237086504331,-0.6605698450773009,15.871069287202072,0.4401907294943938,1.2916540109886174
2023-06-01,-0.27555973988031524,-0.09178713369071832,0.2237636770636232,0.28086788102538435,0.8582689169618279,0.8562769074991813,-0.5937653812038832,-0.9402941086176554,15.647371922503371,-0.5827595645569967,0.26908913128447126
2023-06-02,-2.1514256498334507,-2.118022459279012,-2.4330381516698862,-1.9391869677255966,-2.226971401288566,-2.245121483493481,2.7656266619931036,2.706212925497178,17.432891351937812,2.259810339931022,-2.226718883601333
2023-06-05,-1.0833788006162175,-1.2802662103254911,-0.8748283561273162,-1.2813585613088543,0.5526837146782916,0.5522909152219241,-0.7305589716729572,-0.5089558692232741,16.02030651106984,-0.44391405178153265,0.5824283620781128
2023-06-06,-1.049685884174502,-1.2778459020123032,-1.3004315090096392,-1.731936350054896,-0.8270374823140687,-0.8166574155928654,-0.13789600741539815,-0.2526910474600902,16.225082932714383,1.0909746629200945,-0.6670355934105049
2023-06-07,-1.3468967300083619,-1.606045376422465,-1.285797981561435,-1.716585098795149,-0.2116621772635126,-0.20041962218444737,-0.2968444086882656,-0.31993151524407365,16.237983226072746,0.031615165140208734,0.07628378589016106
2023-06-08,-1.3877589870585338,-1.075657525792763,-0.7828512205866068,-0.6996732803151572,1.428624134033266,1.4057262643558324,-0.4326811853540055,-0.609376962593085,15.985443985546029,-0.28564252430655823,1.1874955548853412
2023-06-09,-0.548497336998831,-0.5305070985322926,-0.17491083607576746,-0.3344234981797999,0.4471184972267575,0.450864490155137,-0.4330929209257799,-0.7722397256396492,15.540578256141854,-0.7551402423652759,0.47833625276393393
2023-06-12,-0.06085113402049285,-0.43753363100465115,-0.20062023688272218,-0.37756583018982814,-0.057382553131409435,-0.04564642775299745,-0.32997871587938343,-0.7488724054196689,15.308841753933557,-0.46448411086871105,-0.272724600405308
2023-06-13,-0.2736068446992273,-0.6141810981022452,-0.1720706083980282,-0.4864058149027304,-0.13057704750510984,-0.1183170707632106,-0.1345321828873901,-0.6082605844151288,15.452388719410347,-0.9262627041778265,-0.22660413350257674
2023-06-14,-0.5147772928177401,-0.7788448443003505,-0.39513870729817335,-0.8187538995596987,-0.31276825667001945,-0.30089836494197464,0.1597964041228381,-0.2357487678710723,15.9784083207996,-0.5462707799166876,-0.14384394780325838
2023-06-15,0.2467245710657885,1.4274996127066915,0.6990711421278313,1.3331318141696031,1.5176511205123049,1.4938708607258144,-0.262989430588543,-0.23646762964401574,16.002101127460133,0.3815030321274601,1.1973629137839035
2023-06-16,0.5964751685102815,0.5011729991710582,1.154697646926418,0.40920126568729664,-0.6673325661755779,-0.666545655909769,1.1012224540254274,2.1299986523975907,16.381513283515716,-1.1507838047192611,-0.3940679070080526
2023-06-20,0.8622959092796183,0.49619405394085797,0.7367396204496125,0.6475872361499913,0.13940570169703662,0.1493264370898887,-1.3533249390059043,0.06627847420112198,15.765355953769117,-0.459323084035365,0.5712142475932332
2023-06-21,0.5749816966211997,1.58027837258721,1.225492589162609,1.1555645620839596,0.42199342865809036,0.4311270085257608,-0.18765584684603528,0.10915853769690693,15.699211052917189,0.6942340440111021,0.9221369514058319
2023-06-22,1.690219236220706,1.630986019733575,1.962601116807591,1.787621242019047,0.37098432823698274,0.37900324374997385,-0.6510136134620067,-0.312495240706659,15.392776663231027,-0.6660263641511484,0.3427645429948325
2023-06-23,1.9421660415109816,1.3566142750009207,1.521524692317066,0.7452229572934048,-0.851865185695366,-0.8565933705746969,0.2539029080337511,0.013622244637408135,15.487942236516039,-0.2807101354727194,-0.3236134824480826
2023-06-26,1.1957187421567574,1.2640883445371305,1.384173749105738,1.4637346346760218,0.7794695283317624,0.7864912638571193,-0.5655815706145876,-0.432008669238324,15.30316516933847,-0.31151474577010846,1.1794554490048506
2023-06-27,1.8124286827723128,1.6022492565934208,1.7386050426676312,1.564250636169666,0.3469690230260571,0.3546501787108983,-0.3686333179405984,-0.7168703978563197,15.213313688406364,-0.5894890050593753,-0.34443196029067485
2023-06-28,1.7849022455254822,1.2082160469306424,1.4434457392967546,1.2840809136099847,-0.2651485842358897,-0.25953372551416887,-0.5756271369185743,-1.0920630066613575,14.998249817720039,-1.2126766087221479,-0.2802894694666783
2023-06-29,1.351000776477314,1.4935176695139634,1.5073777555197574,1.3928221863865138,-0.17904170571412534,-0.17344509894278567,0.04985915481631628,-0.8860487140639411,14.9376443672581,-0.8801212453979254,-0.5773233466844202
2023-06-30,1.5412213609406913,1.7767176186285696,1.5662670654354724,1.6960316379459988,1.0066797466705701,1.0024585195614777,1.8526705393438248,0.29430949440422033,15.39097815773802,0.5017916564117878,-0.13290203189967303
2023-07-03,1.698419542237726,1.624516498195279,1.5680794743012056,1.495211953407337,-0.3850992235793198,-0.38073938995505757,-1.530742916933932,-1.5708289224172083,14.437484455953475,-0.48381800615798587,-0.4207237542410939
2023-07-05,1.3444966923391735,1.3126078126210876,1.2559525195577579,1.333607510342749,-0.5502825297662481,-0.5460492261369789,1.9311087505522768,0.9261928320090134,15.01676998440769,-0.34741021494678914,-0.16025905604427815
2023-07-06,1.1057741117481228,1.1115873311019058,1.288443665535625,0.9867573587212637,-0.899628792998274,-0.8978240861686718,-0.16175145756737308,1.0487149685922017,14.949683343719103,-1.577563603773569,0.19624149707835542
2023-07-07,0.8705172181280871,1.0103807990746798,0.8278489895774188,0.7386300563482837,-0.579377092996599,-0.5769647023481774,-0.09661866708274915,1.0432756471538749,14.937351298431395,0.8599908207067839,-0.23390642660060967
2023-07-10,0.9331169921924246,1.0250346870137519,0.7702831046954559,0.30202348766065096,-1.2205513408303534,-1.224967769712677,1.5553363434931966,2.457241988681284,15.542678349086396,1.3086187597446817,-1.3966672277302816
2023-07-11,0.20115092539301668,0.7633774537890557,0.5691320251503462,1.1794077963027412,1.2736018490931253,1.2731649184308005,-0.892112932673307,0.6962456158279007,15.107384618220102,0.9824388442414143,1.1463276310465818
2023-07-12,1.7772776868633091,1.2814482556297992,1.519514481382641,1.4859795421916466,0.4424198362685788,0.4454564911867228,0.147232381139263,0.9988145874860788,15.271447812594351,-0.24915702137144013,-0.6954233005043596
2023-07-13,1.6025478080451423,1.20527762015515,1.0908660545383064,1.2146724703801992,-0.7212172830544934,-0.7214495150514207,-0.6367231148261515,0.1645377147258263,15.046174269641941,0.5693218634997704,-2.0012603241212097
2023-07-14,-0.015636543027407097,0.27275470877036045,0.2703862085007211,0.1575291075454125,-1.2867285669331578,-1.2921866251600698,0.10615598843901791,0.46655866146880226,15.212844013454815,-0.051667105584728625,-1.0618647642325554
2023-07-17,0.12862862151685053,-0.9428630725838977,-0.9617993556649904,-1.5866316299316712,-1.6621303405573171,-1.6697705327452634,0.26146188988994995,1.026017746274508,15.406560645796702,0.07050051749778502,-1.9051671398607464
2023-07-18,-0.9829451493406295,0.33322164769056273,-1.1781032798440951,-0.9475462911318326,0.5639247429080948,0.5663121071841019,-0.23729095194141878,0.8481474331721179,15.475983921547215,2.0999405142842966,-0.1458231188039707
2023-07-19,0.47856104179099435,0.14321958252208275,-1.2203116975534412,-1.4201663188416327,-0.6935289718935442,-0.6931954983123776,-0.47961969364234536,0.1385237649190453,15.396055252606349,1.6865119925913292,-0.6712849670918916
2023-07-20,-0.7654808327539522,1.3611189190639574,0.211792890627896,0.7124491867029626,1.8822536327987514,1.8747857279699978,0.08277235654357618,0.31423615207270367,15.510924494928908,1.223210538278592,2.4056972310096523
2023-07-21,1.2456576060955702,1.7202710687025105,1.8421483732237585,1.1367105233845143,0.4541919352885582,0.45813729344455517,2.2103781798901254,2.5876307167944046,16.35815146039486,-1.0022773607469622,0.6146498783687016
2023-07-24,0.8384716336786671,1.8381942085566032,1.6824005874346093,1.2095052185607151,0.1224025781538862,0.1265359832659201,-1.3482552481708632,-0.7721522178253876,15.427345794519224,-0.5653312655074815,0.030662140977497122
2023-07-25,1.73075859463635,1.658193102962843,1.5098434044671687,1.5565163799683643,0.6837720086017378,0.6861189009132984,-0.5114503766906286,-1.026639758515266,15.267522666536005,-0.5176285496248973,0.5357628089377378
2023-07-26,0.9466422672025027,0.513781303854304,0.6090327041205781,0.6639188676458266,-1.058793410489553,-1.0619496135961954,-0.10915193471215173,-0.8356874593774444,15.305354020120687,-0.5120436602366253,-0.6549920666420026
2023-07-27,1.2225265306354598,1.0718178278378996,0.29190945891393616,-0.04569546888316445,-0.8271448058105185,-0.8281815816046193,0.23578922096597682,-0.4710727366669659,15.531270703457736,1.3227322424886785,-0.08887937322542719
2023-07-28,-0.8435367842851469,0.5649124006219227,-0.5093510815677995,0.5001736703930664,0.6388135484622911,0.641699165642181,0.45170852670145034,0.14527678843274536,15.854533799669912,1.747660353193559,-0.17800195976844277
2023-07-31,0.22410381654680278,-1.1434628597244503,-1.2797110059618457,-1.3959760234043388,-1.9032507053694356,-1.91508433619202,-0.737468073700935,-0.5501776385468878,15.544312655379084,1.0184356123201934,-1.754785368481647
2023-08-01,-1.4715101026289512,-2.256895019721006,-1.791056245384278,-1.4857447489843407,-0.2522568880343257,-0.24715719306804837,-0.6431328439176798,-0.8825452609574173,15.242779142017087,0.00461008752022058,0.020401018944737212
2023-08-02,-1.566982592028703,-2.06530961577209,-1.6954305795287288,-1.872948171727595,-0.8067306747637907,-0.8046801545417066,0.10343836595276874,-0.5690681372532993,15.38622863978249,-0.6490206601472406,0.2597244220408045
2023-08-03,-1.9196603027461612,-1.8776664225560795,-1.5198263805528387,-1.548948410541792,0.038232380650177505,0.04247859151091213,-0.8628964004312292,-1.0183142978214923,14.828420067600298,-1.336235659657899,0.25981258561185205
2023-08-04,-1.3791570635491208,-1.313113366669076,-1.2884969479623256,-1.425632131244527,-0.1280855949083802,-0.12388693432347306,0.7841449135634191,-0.7318336038929104,14.995887455598018,-0.4482252630793001,0.35550479252392053
2023-08-07,-1.205106049613299,-0.8616724004775332,-0.8788520750452656,-0.5592874779912725,1.715493102872234,1.7056879821416568,0.349697176998941,-0.24926048066282128,15.083697111945233,-0.29723027442023675,1.0218645425998847
2023-08-08,-0.6700391418872066,-0.5688055806899105,-0.21841104567607883,-0.5588594750611684,0.1530022974932756,0.15769459075276618,-0.36120635853437383,-0.4566579614152674,14.991855503576698,-1.1993031755193766,0.5164403978801151
2023-08-09,-0.6228532314913376,-0.12860136102396627,-0.10421440256555904,0.25265329701064004,1.1894654153029929,1.1866057903986638,0.8602715899246491,0.4119303880557069,15.224764567544584,-0.1489808940530677,1.762055940404597
2023-08-10,0.7851947555620332,0.5711217088879782,1.1735415785762433,0.4195340526288141,0.1528837875289267,0.15740162906958424,-1.2299703190420501,-0.8685631387558292,14.728917535813814,-0.5544118696398669,-0.010729261592473418
2023-08-11,-0.02394217648338971,0.4176385983519478,1.0032136195701955,1.3041447008941334,0.5878735737119742,0.5901357954278373,0.8335286137159991,0.3310359603010529,14.875659526584519,-0.8273252483062256,0.4569859609984865
2023-08-14,1.5548522899033879,1.5768178037523382,1.7179544021052167,1.745544243905532,0.8715473010755782,0.8732222953166409,0.41210537730028446,1.2944702607858514,14.95263850359965,-0.4379794029422938,-0.14449206609978424
2023-08-15,1.2509846319039173,1.157354015945489,1.3595263300834168,0.9745114827593057,-0.9030688507780489,-0.9039378628371487,-0.5492043415265443,0.47413164705727306,14.79552735602384,-1.0203394826966106,0.16954523769684532
2023-08-16,1.1798859669280932,0.9933254341915767,1.118647902457102,0.6176655544408444,-0.5646916510135653,-0.5636849718655464,0.2477701874141191,0.9827628898086453,14.829146125598484,-0.7464723866745854,0.1706922600347484
2023-08-17,0.8198038865331984,0.4592480523289439,-0.398949012176832,-0.7201373215613943,-1.6250246336632925,-1.6336143462805068,1.585918960675394,2.2902528101951525,15.18065814382573,2.1561812669683635,-1.5654924084416915
2023-08-18,-0.8976923570744274,-1.2806174236289454,-1.0220873903660899,-1.229325304009627,-0.3320980048519158,-0.32873762433390746,-0.5042675405501369,1.3039131305200722,15.097166642548862,-0.202172717482912,-0.82478261549738
2023-08-21,-1.36311857192572,-1.792175963611801,-1.6951722117666344,-1.4679836678734222,-0.49593030366881763,-0.4935922567051057,0.47702923317821727,1.5534258326269568,15.236472252474169,0.14748079441418271,-1.7011202206588774
2023-08-22,-1.6011335173216121,-2.020885066828937,-1.6308569117309255,-1.509229437791559,-0.2920250447859676,-0.2891098240326048,-1.0167100653154946,0.17411782197933545,14.991053331746127,-1.259690340433879,-0.23482555796581117
2023-08-23,-0.8087363948409487,-0.8986023370672674,-0.5445156955850545,-0.5902247675918818,1.412862717059874,1.4085137426710723,0.030343254343889417,0.2886364842676752,14.999627839595094,-1.16336454034084,-0.39216839363500017
2023-08-24,-1.2862750964237943,-1.0021435322854648,-1.650221370658811,-1.8178903417326886,-1.9849914525330783,-1.994365590912142,2.3699853529248402,2.3364696609759226,15.64006001130563,1.882534696772727,-1.2569549746601152
2023-08-25,-1.8135222423393238,-1.7173880470234926,-1.8191138995598024,-1.4009663598565918,0.41795834756219225,0.4202875771762899,-0.5539328866417295,1.178692603328135,15.561679912398935,0.9138081536876537,-0.7326849548945173
2023-08-28,-0.9194966039543594,-0.8712691434460857,-0.533981645810404,-0.3681419724415656,1.6643036071416826,1.6533396342829787,-1.0569194237910682,-0.518905051093594,15.195611026474147,-0.752122479674305,1.4801389042424162
2023-08-29,-0.19531409981541334,0.1824462477333416,0.09519057801541343,0.7320549956664939,1.1660873708872759,1.1611394566871838,-0.5384387606216668,-1.0571024290324293,15.068930739019576,0.1844285758377772,-0.05332802215185785
2023-08-30,1.0575369459054584,0.8652249458861778,1.3048712110124672,1.3553781549684099,0.4773905337932122,0.47969228849369633,-0.41829987232188537,-1.267938137843304,14.974025953317406,-1.018367708623993,0.7517769403910591
2023-08-31,1.4472831594646092,1.2691959260044137,0.8555831241475124,0.5260283762948956,-0.7815497775760714,-0.7774287931337015,2.0200030246694287,1.1125672130626059,15.706708190289387,0.42370410544520976,-0.657515064971347
2023-09-01,0.9159875489490804,0.8987117401647442,0.9460471902620489,1.1478881889617334,0.6462738353604268,0.6460945655417221,-1.2013912237209,-1.238493346711872,14.927302610713454,-0.50036506236711,1.3908156942907433
2023-09-05,0.9393605330094797,1.3874413990418428,0.9421070298211864,0.7285050732395157,-0.393358482712891,-0.3875518933574042,0.35708785375325597,-0.5485402899298708,15.171655199785521,0.6495800614817651,0.40559867271208283
2023-09-06,0.6301002338125852,1.214640852315979,-1.2603396141017769,-0.9843849259058312,-1.5338317323756734,-1.5371237559092639,1.997929946011315,1.9071075537690787,16.168284931146403,2.605673737319252,-1.6407290403296149
2023-09-07,-0.6417347131932988,1.4226217465670543,-0.06048211160743977,0.9025989794971312,1.5515574062779671,1.5379950225708658,-0.6329226380261052,0.570811123385055,15.951119863229868,1.4396533115001384,2.3242545704074793
2023-09-08,0.9875376846680051,0.9027246907602161,0.9688254720428331,0.945054416912209,-0.057624939723817846,-0.05205266023993851,-0.856283105356733,-0.8003572305880324,15.267850351135959,-0.09432152302744236,-0.025202953496819665
2023-09-11,1.1490422336972284,1.7190940758235567,1.4756935486631695,2.075689240711813,1.06382963100301,1.059046126651957,0.10888890381681861,-0.2765655365260344,15.477882607866324,0.1820004342873465,0.8300203604189011
2023-09-12,2.041108035951716,1.2160886929500827,1.5175461049341832,1.5275029249767913,-0.36727230460227833,-0.36186056406676936,-0.3614558153313484,-0.45653279278799835,15.397063472564344,-0.6353660525584168,0.14936357730274263
2023-09-13,1.5676923440937363,1.7720309100507785,1.5216076547718163,1.6690747996226885,0.5021100390995644,0.5056353091698074,-0.12211807924196885,-0.32979160925190315,15.506915663522816,-0.332642632296367,0.4181113692262286
2023-09-14,1.6967158937101707,2.029732907473719,1.617369215688411,1.7196363533226742,0.5585040398838833,0.5612135431875199,0.11797096956667351,0.09172681305152859,15.788368753300167,-0.12686792647218692,-0.12626406182098074
2023-09-15,1.8707788697267695,1.7575416430250275,1.346972675027619,1.0410339444696717,-0.9578463672386067,-0.9560665873554458,1.7631929192012479,2.1841055350361906,16.788189176353114,0.08977474249934288,-0.1580468720313815
2023-09-18,1.2661252934438934,0.9570709622205766,0.8769962018296139,0.5193700464343427,-0.7773907946647957,-0.7753862049190973,-1.292065028737652,-1.089483450490742,15.20200514903681,-0.35570750853014815,-1.1470194547858226
2023-09-19,0.3864048080126665,0.3730408396276865,0.6047472217206634,0.9131694401165399,0.5665079428810381,0.5693061412322592,0.0333295940714138,-0.8025886975518671,15.474272016104104,-0.6890475299326673,0.7670846877077768
2023-09-20,0.8243207588904331,0.4956046884997804,0.9382611432431707,0.6886331251860935,-0.7830026646473052,-0.782075180574597,-0.6324003860377507,-0.9105924567233314,15.038138566842738,-1.1088166402110893,-0.06904232556743947
2023-09-21,0.3781043729990357,0.36749579623296896,0.0729290678764894,-0.6294921762898869,-1.5381603758230673,-1.5464310849132838,0.20692811344365497,-0.5126847418306925,15.273520979324578,0.8077143541915274,-0.46647714813042557
2023-09-22,-1.138014637048412,-1.5039093472604568,-0.6904580316745242,-1.4638809893082105,-0.5326948411898642,-0.5298833579990418,-0.6216562593979569,-0.7120162009782118,14.970912988965,-1.8227655116967865,-0.9994803738990867
2023-09-25,-1.5573298542350653,-1.4381902849008834,-1.735220833378049,-0.8938746672863876,0.5284402445545074,0.5313575432939893,0.12663523933320145,-0.4488104749689749,15.179176056745545,-0.5723640175647848,-0.41091922039905704
2023-09-26,-0.7579883298935054,-0.7627735460628192,-0.5232870501507871,-0.5768349069134644,0.31530296866314017,0.3188522104559381,0.025742316933532926,-0.23633618038688223,15.35474078990109,-0.8483331404247271,1.73796480721795
2023-09-27,-0.57372270552193,-0.9103177304304741,-1.2490456261441005,-0.9867839709831079,-0.47540130743007686,-0.472906275035552,-0.6091766500766197,-0.45511786827670114,15.038374103356254,-0.09182939234610013,-1.073337045132192
2023-09-28,-0.5246975931824125,-0.7834593141363301,-0.5845615562855704,-0.8443580045967645,0.3148638618915793,0.31824297177828426,-0.39296234541909353,-0.448671320722741,14.842233283783012,-0.7917601149785198,-0.9394428157369309
2023-09-29,-0.7033367514277566,-0.5723593705922868,-0.11779255713217666,-0.39521219759772214,0.5138508923140592,0.5161131030355729,0.2549087989732779,1.2505676778426251,14.846736184500264,-0.9227308427038322,0.326764177864335
2023-10-02,-0.38577930677219635,-0.73303359570999,-0.9831654857542844,-0.9542688733831705,-0.6304195681169047,-0.6283949083223772,0.19172589347454425,1.4054282928547939,14.892388695143788,0.17571356283749814,-1.0067196508785439
2023-10-03,-1.0868251351225946,-1.6753660630350116,-2.1164553229883825,-2.346062637475998,-2.010702021084525,-2.0168160430511364,1.7634889548983317,2.4682447245150794,15.312496424730536,1.1492792081203604,-0.9278655608735169
2023-10-04,-2.1828469871618443,-1.5905204738998333,-1.8877575594531775,-1.0330899317934823,1.5548504229043976,1.5447405535867165,-0.8945005972042804,1.0626947852999424,15.08510283024421,1.015846743244877,0.46316666097078424
2023-10-05,-0.8103591330703382,-1.394421634023893,-0.9588585440195107,-1.2363178651207347,-0.320277696865987,-0.3159939682701929,0.09341085074647766,1.059072786981003,15.120052688508668,-0.21944354963804258,-0.40600247309853804
2023-10-06,-1.2868219159873153,-0.4558215460661698,-0.7727157470249227,0.013060198033280845,1.2457023889062762,1.2387944319446165,1.001083480277942,1.639088792848879,15.398789488213424,1.2756045187342797,-0.028716139732942757
2023-10-09,0.20058632368862628,0.6233220416209903,0.5016368868445555,0.8480893209930878,0.8060011039122443,0.8046590980770922,-0.943983420134325,0.4713780716390479,15.150643458111471,-0.0952652213768179,0.20239914223749775
2023-10-10,0.8891786947406153,1.8001867551252537,1.3804346453325351,1.9310992622833403,1.3446362048426819,1.3362621741958836,-0.05921151240587867,0.4255792396795087,15.140408390048993,0.4913577793387054,1.9493107948384716
2023-10-11,1.8184635114812893,1.8589760256008885,1.7684503980515376,1.7232218555815335,0.23368923956191956,0.23726860249376067,-0.14609244390925338,0.23344229090714103,15.137933108978725,-0.5638899397598386,0.10857607819887488
2023-10-12,1.8651988949020706,1.5757137700777148,0.6890160844243157,0.6746305075954302,-1.2511593715763556,-1.2514868449966425,0.18057616862196688,0.3458389722719813,15.232794978142241,2.334270140284742,-1.2772594898291472
2023-10-13,0.8775897793472226,0.7435790448236476,0.999528640853511,0.8137826478145664,0.212506184879767,0.2169513780773735,-1.104184810135669,-1.3223928973503287,14.972769356411856,-0.6863435754589784,1.3465700278194799
2023-10-16,1.1456349251461626,1.1035021689622633,1.3878897806921238,1.2194973434742256,0.6797467515458493,0.6789528989796632,-0.3312841523619314,-1.5852536221385192,14.917185152982384,-1.0000264577745512,-0.06690287729130724
2023-10-17,1.0763203502419154,1.0766829598378367,0.9369610401185652,0.8755295374327788,-0.8465821881815123,-0.8430357984855854,1.2025586774901542,-0.24120398334506823,15.114011691074122,0.39567927660546826,-0.7913571500971788
2023-10-18,0.5965531156098992,0.251998458706928,-0.09891317618473298,-0.705449053415186,-1.9007228464886936,-1.9098655024959028,1.8762559145133244,1.8155183940204878,15.513710164688572,0.8644818028711877,-1.3213274880655412
2023-10-19,-0.690358862290237,-1.3306743967200112,-1.2323525734389362,-1.750411908477194,-1.0671432903328066,-1.065397618869529,0.6328818933607365,1.9186145452389043,15.722353273546947,-0.11455900367000625,-0.7346160924366805
2023-10-20,-1.64368032304956,-1.883759779669067,-1.7568966215723547,-1.7784417276260833,-0.3885522900227989,-0.3834534028380533,-0.8244707207276691,0.8537438585384186,15.560056294801122,-0.42232841594344095,0.8862712205488847
2023-10-23,-1.9036590807912765,-1.5061736969634796,-1.4314438630662694,-1.2109945235606792,0.5919854013546171,0.5946309699847973,-1.6758468289935229,-1.1105404351799646,15.025396147273256,-0.30349305422676165,0.8729311815987889
2023-10-24,-0.865695086056385,-0.3251880197130635,-0.428599900067926,0.23202544051890958,1.8493353730832447,1.8350252681209938,1.4519165637854483,0.1831208591841425,15.433928231391057,0.2550326701691919,1.8893468036092462
2023-10-25,0.8734245628083596,0.6847332242056178,-0.7771232983943487,0.3117133703598985,0.06355617666526518,0.06969089360794209,1.7866387714338272,1.9022415221994187,16.043145893833792,2.3251298599829866,1.2118435936673286
2023-10-26,-0.5657905211070591,0.7297461793040602,-0.31184088207046184,1.0297762582562269,0.8977082932781935,0.8980091792581452,-0.8479039184503411,0.45748665004337236,15.796787988749864,1.4983795888600677,1.8022570376035307
2023-10-27,0.8822599243322619,0.706741600865668,0.1887153024527408,-0.14051004638070227,-1.272651537847908,-1.2792014292689622,-0.919292424574447,-0.6675484622736962,15.507394625937293,0.7891909278888783,-1.5394511136353666
2023-10-30,0.2758093507789095,0.22534247276566421,0.6135133347621095,0.6799596021366134,0.8251725821791226,0.8274997794399213,-0.5519510953549217,-1.1005201628408414,15.390440044956883,-0.3642530124912185,-0.36342158781263156
2023-10-31,0.4873544049632308,1.2425993666322095,1.9790076459311476,1.593365708931371,0.9677896749905821,0.9665285893565208,-0.6084823456184415,-1.3398925853883163,15.194755379365281,-0.3060164688735327,0.3811428946584558
2023-11-01,1.6029889440759886,1.4853640222798588,2.174151092290835,1.5746765369501738,0.32005656205274985,0.3247431341203412,0.11275307717416602,-0.9485912023812756,15.268786001613412,-0.9316980572748755,-0.6684250219008772
2023-11-02,1.3763814674791823,1.517835622179745,1.718607338638467,1.6031248198708095,0.3055113418506804,0.3090973458057783,0.30487430504268764,-0.4576161788772766,15.400737946584533,-0.4818398469396294,-1.1528939337431114
2023-11-03,1.7156012467276345,1.7173884620725903,1.9443569026636967,1.5727875966713938,-0.06121215448785215,-0.05559446044833509,-0.3702896537032003,-0.54987401038689,15.27966856201197,-1.2790347180188217,-0.557353549596858
2023-11-06,1.4450085472374457,1.6174590075303705,1.5707916448280776,1.3103099372077454,-0.652977796739763,-0.6465891275447954,-0.8009554167274806,-1.01999004718762,14.995365142204875,-1.065781266809554,-0.4827197790488379
2023-11-07,1.2259226888832837,1.121261435639192,1.2122271296591338,1.0080412666243819,-0.5399418074603985,-0.5335186878288807,0.2303647759414509,-0.7025140416059834,15.069416016426507,-1.1714415237602847,-0.46226254734029115
2023-11-08,0.8334247129059984,0.8237380402771344,0.8154199073940229,0.6758446141769853,-0.6831154241493997,-0.6770273913813396,0.6548050123140079,-0.2955236193677223,15.084878048064219,-0.7036094582572088,-0.3369210292483341
2023-11-09,0.5167012969722617,0.6239078967888692,0.7131328484402056,0.6250747108317903,-0.11041441219046928,-0.10536035894277195,0.040150228159785764,0.15074225061497223,15.023635032169812,-0.8278355678466897,1.5868508490628879
2023-11-10,0.7057916849360436,0.5511440734216019,0.4696402154385269,0.8189150479398228,-0.06702993178895497,-0.06424862101187127,1.5074013329969513,1.8742062378742381,15.204526462323424,-0.17587457729636044,-1.3318692804986154
2023-11-13,0.632258823603371,0.4914232537550616,0.6224023990672694,0.5306429054449223,-1.0367279228066861,-1.0389564790882782,-1.1827104160219248,0.2891952915094321,14.963516320837204,-0.8353291814404796,-0.007962755561036445
2023-11-14,0.9647742350332849,0.9080149163975336,0.42250828736053914,0.16745605398744992,-0.7208106640041094,-0.7205589883860561,2.3562432303842593,2.40647796777122,15.476173952486723,0.7201376596644585,-2.0268147545708897
2023-11-15,-0.3470798145087041,-0.5670835037051944,-0.4306879619995979,0.27823219685637574,-0.042728101226840974,-0.04081539671577223,-0.5529856888274924,1.2618593961698754,15.357739934608645,0.12491858517522235,0.5564279315319225
2023-11-16,2.1143658941690195,2.1098731172188208,1.2639842605291136,0.9652711009326319,0.3936153537832375,0.3951936188404885,-0.8025064041441392,0.1889115607501351,15.107769201807354,1.673677033011913,0.5706473443042914
2023-11-17,0.6124879016186929,0.7315705182132597,1.1972912044217079,1.4777685189122953,0.5285366847994025,0.5295314464019758,-0.375329928241472,-0.16684686063342044,14.999627839595094,-0.5551165102188855,0.4557614222272359
2023-11-20,0.33957999172366393,1.2377788802426888,1.3344013289709562,2.22072896564826,1.5351082807122765,1.5332743713336887,0.6679176947334803,0.49706965103098977,15.203728318165657,0.10954158569672975,0.16143906869728136
2023-11-21,1.841485986956828,1.556451514964032,2.0167553824118882,1.725375085944603,-0.09222565574402111,-0.09094563658166664,-0.8602726832563549,-0.7835464941914771,14.950872881968152,-1.1632562098764205,0.6616711550162834
2023-11-22,1.127281983000513,1.3766223419008614,1.8739126649546807,1.6720305681751748,0.19651902599513288,0.19755048021989297,-0.26144163421019356,-0.9928810433665802,14.884968972396427,-1.7022824657653879,0.042534014736990644
2023-11-24,0.8274320826095884,0.9372846010492216,1.1832949882171446,1.4052518846735849,-0.38507939291537663,-0.3841927728744435,-1.5138365762244894,-2.0989405742737746,14.109225148137282,-1.0996094674342833,0.46590941324547797
2023-11-27,0.7704451848628039,0.8140446860911982,0.85191436074647,0.9591121004866855,-0.8966788011160187,-0.8969210807442486,2.53561677705833,0.7077656355953028,15.182418460177907,-0.5210892681768047,0.45337766420138764
2023-11-28,-0.07491741517779935,-0.05149660529494688,0.5166640994110792,0.29931471629692885,-1.5964912222765528,-1.5989268306364866,-0.4893694603825052,-0.20363032590208316,14.945912492025288,-1.1432447598937332,-0.20908409486847204
2023-11-29,0.5762267286720663,0.8398689756428707,0.9921311563012414,1.5447430960160144,2.027051092412414,2.0241306137443162,0.4208391842903913,1.3509416884304195,15.280269690162614,-0.8457748653627193,2.4134436419964502
2023-11-30,0.4381886672613151,2.529369479146579,1.2682661432044173,2.2860404467356643,1.9034040816718487,1.900373800193343,0.21210354410835963,1.9440449038010466,15.537580663210782,1.9183794785098556,1.380653992674097
2023-12-01,2.304031352543618,2.4638877584705874,2.4078835188800256,2.316010503634243,1.6593984026971236,1.6566631737133852,-0.5312507481995888,0.6852072740035937,15.29504500317263,1.7658984616613684,1.0344296028676059
2023-12-04,2.1847070629543963,1.9284248462487061,2.1510901026322973,1.8697275331758676,-0.046172441045965316,-0.04399159299470072,-0.31135104204821823,0.30607445533754574,15.233231151349656,0.7755058176428518,1.3492319596622908
2023-12-05,2.1199180690759545,1.7739784139960606,1.8291470688871938,1.7697081619251709,0.7357051681646798,0.7370365692641828,-0.047120282206799355,0.5545582003460634,15.336641927770982,1.2856736204122907,1.0000657889539357
2023-12-06,2.065080014989555,1.6413727206509505,1.8940947648414308,1.732999210796858,0.9049101778419004,0.904781544042322,0.007249247263043851,0.8087657402862415,15.50811263969914,0.2856400300777787,1.5635767875383983
2023-12-07,1.7324063690449376,1.575187012618566,1.758011610353052,1.5416284331818273,0.036384113544977066,0.0386514297261998,-0.5705640902866456,-0.2701967884656751,15.25823274666651,0.039019027506916874,-1.2418343426284386
2023-12-08,1.5469923147013973,1.2795088090660107,1.181249039768777,1.2455911502182948,-0.9808672856886033,-0.9801852878844532,-0.4894555459560994,-1.3583458511430033,15.148219789922145,1.1709754282937357,-1.3182258597684378
2023-12-11,1.4695386991337076,1.6810482588143774,1.779113003639,1.5464165686208122,1.563109810261123,1.5575509650773414,1.2560625625505493,-0.07502103151394285,15.458538166785583,0.17464247719212864,0.9767715106071476
2023-12-12,1.518206214745348,1.5567697406831849,1.6073111205788626,1.613201255922633,0.3929028524130017,0.3943137737392641,-0.4159971971065238,-0.568808003240964,15.434760375829601,-0.14439393225778077,-0.16811525143314035
2023-12-13,1.2766040525254163,1.147579202463642,1.2311678642329769,1.1733065254762163,-2.0178889955265813,-2.0235575264414947,-0.03431792462903963,-0.424540094299597,15.463265121164227,-1.457436008768316,-2.3405574848056205
2023-12-14,0.7651630732169512,0.5067223764125025,0.4398228167931803,0.2049535584103161,-2.1986372124677738,-2.206856989979277,0.49979125998992,0.5211670049714596,15.566205121227034,0.35144299861584816,-1.6953682728775086
2023-12-15,0.13149213020542505,-0.05008526479647986,-0.15236852354522104,-0.22721801836810981,-0.7533804335305299,-0.7494419228121183,2.30338316688594,2.504359393307383,16.127630152792328,0.8205700976216506,-0.36658380098889487
2023-12-18,-0.2605808180203765,-0.25720192770132644,-0.2733925625317537,-0.39423237595135185,-0.16581350497578776,-0.16121933268420577,-1.8473664163622838,-1.3195720732150118,15.21971875393049,0.22118450339072263,-0.20899400493517165
2023-12-19,-0.7013776171156804,-0.7517692356525577,-0.35515625745614837,-0.7847022845848306,-0.39798261299894694,-0.3939460045832449,-0.9257711338248387,-1.5571807870637604,14.817171687824853,-1.7885668150903415,-0.4710960445424629
2023-12-20,-0.8370612297376105,-0.9164792065568558,-1.0596724374495923,-1.3955050429718403,-0.8508047045468642,-0.8503334038574072,0.9646290356423561,-0.7251962302703978,15.167886384505653,0.9067224889113181,0.9818935165915802
2023-12-21,-1.3395126600623655,-1.4125450832288096,-0.9030812448594616,-1.04233137796602,0.37097340197689643,0.3747436261546629,-0.5473261959710419,-0.8956355563141477,14.982902673204658,-1.8433968066319202,-0.33367206268951044
2023-12-22,-1.1851195176204505,-0.9225189152152075,-0.884546405904779,-0.6013774531915667,0.5806371081949457,0.5833425387353596,-0.4482016844354899,-0.9637166899000185,14.839363739459335,-0.29976895350552446,0.6673424525858243
2023-12-26,-0.9933234994210459,-0.2350762940585095,-0.9372209081707399,0.06086316751135116,1.0502750073582512,1.0476938050094906,0.16318408181787178,-0.6515282220851764,14.911185536958973,1.9986019627038796,0.7963000201927932
2023-12-27,-0.3472874245153315,0.7702695165990627,0.4073518267566265,1.0120569494219795,1.1306262715955975,1.126665120378805,0.4220972243287516,-0.21384634968089253,15.08967179880439,0.7265666613910434,1.0764311608556703
2023-12-28,1.5265808106486827,1.6542666878262102,2.1849577956280117,1.9244946175641036,0.8579923286048019,0.855720980595628,-0.4513212895506274,-0.3483586104168897,14.918447150007504,-0.9198124626020542,0.955811097976086
2023-12-29,1.9399288300599167,2.0588345734728124,1.9410783778265288,1.969127121254919,1.1190229355149697,1.116071703559081,0.6349738968098839,0.32983306919307304,15.16822254060523,0.3778161466777027,1.5364269291357426
2024-01-02,2.020141096084409,2.0748367140370565,2.0233598747459163,1.8945205943571302,1.0872775763795524,1.083544419361782,0.9844131738893992,2.506143880011018,15.434839591577893,0.5379069036407221,1.5898103923441957
2024-01-03,2.1171277084002043,1.8463193501333193,1.852918757897871,1.487822735246769,-0.4615761493616717,-0.45834422271419567,-0.5077591121852064,1.4857739022639824,15.34343489820044,0.4162324070339592,0.6139872889431918
2024-01-04,1.5407168129875968,1.2270145979234794,1.4862073164074743,1.2438013256982647,-0.5058718919590337,-0.5024897604503368,-0.799924728215546,0.6892624983836978,15.218834341855747,-1.216542554465346,-0.15359772980415967
2024-01-05,1.0885123060328805,0.9718742720801667,1.0988480633407127,1.3113218526894679,0.3359437112825695,0.3369667812222401,0.46874805177158924,0.8778975033440477,15.33125320591608,-0.6548970656186047,-0.1339181407695084
2024-01-08,1.185356193927259,0.9573496262369489,1.0448414150195349,1.1264386769697738,-1.5233082747712856,-1.5246794735053364,-0.7302110838454603,0.30491882849635343,15.235022311776452,-0.8447153118417035,-2.4470987099615713
2024-01-09,0.8807676679745335,0.7529540569867353,0.702102845204274,0.9076896650602946,-1.5167047643077847,-1.5186361066812717,-0.3505749554180426,-0.001383664822781941,15.227107345700162,-0.2518960255242778,-0.5697925699291673
2024-01-10,0.7937078463936554,0.5763792160900224,0.6242245823724387,0.8220012499390776,-0.8640749662538134,-0.8639227102172131,0.2551720574011069,0.07235955256835323,15.320076946275808,-0.4256199793754282,-1.0638857681054297
2024-01-11,0.6039303917456804,0.12398851808448502,0.5122533793046291,0.047382078378101655,-1.8500175749475893,-1.8555360980399307,-1.1383507973649614,-0.9590438865833308,15.113520277291379,-1.25950176279926,-0.9881991060194246
2024-01-12,0.6938629589583108,0.3840774825085854,0.6811383568920173,0.0844922229171327,0.0069151752841463444,0.009147871122535844,-0.57055139144023,-1.4777497874971022,15.037608406760269,-0.8780781794897896,-0.07751382935468115
2024-01-16,-0.855287274966844,-0.8399625249877142,-1.9624267700704685,0.5824135407128005,0.3607453083764808,0.362452646497007,1.9547135392160988,0.13378228426913188,15.392384162145062,1.8485134313010738,0.6231773690445145
2024-01-17,0.3823529210195536,2.148985916958405,1.2851867987869938,1.8843725348114275,1.4615402851794936,1.45776896437466,0.7366718576011133,1.2711525929352494,15.537920127692747,0.5892807133728574,1.4193234750949468
2024-01-18,-0.49708148726901713,1.967609490616542,0.5210860988296205,1.946086291004802,0.5042472692507645,0.5049293767266142,-1.3953230952617692,-0.7677051972382231,15.212002991524079,1.6249898183813816,-0.6589516134170706
2024-01-19,1.9241835842143837,1.8536910831050546,2.055017714180316,1.6898273931903887,-0.029126880814460524,-0.02726797408328387,0.18883991143477916,-0.3423807973217357,15.269860918510174,-0.49742761719279877,-1.1152806650045264
2024-01-22,2.078434662748283,1.2980554302789926,1.56958684613412,0.7463864211469349,-1.2930956248812784,-1.2937341641226474,0.9373410844147462,1.0857297516243432,15.474367198884622,-0.8346741852977191,-0.5297822721928116
2024-01-23,1.363667871893859,1.0864165898409435,0.7793447405577878,0.06869377011338308,-0.9375767075559398,-0.9372430420219683,0.5764644355639089,1.6046872883637346,15.639091800961832,0.3521946036762191,-0.6718715893344553
2024-01-24,-0.009384626777436539,0.00724725475424727,-0.4882218904455903,-1.3883607347478337,-1.7788763740174836,-1.7833353316924876,-0.6015399700663873,0.6723560145906144,15.56349245397144,0.9049521133702534,-1.0672599458715437
2024-01-25,-0.7363526870073465,-1.041788434351347,-0.4099400995397368,-0.7922982982819737,0.6807028204948972,0.6810537643013155,1.1082221073719551,1.6908414119582398,15.847559215074707,-0.915591399154858,0.11942163937449818
2024-01-26,-2.064694735507211,0.7840445003767889,-1.7399887775031457,-1.1350530166998076,-0.4636839676558474,-0.46107817389177735,0.2519434506475546,1.5809092905309161,15.99959371945823,2.517435451511047,0.0634840353151948
2024-01-29,-0.7988683134526201,-1.2136227304248723,-1.4109688437755175,-0.3940562512252369,0.9629363708657693,0.9612045313579735,-1.5004784423030777,-0.5511393222061207,15.703201377666565,0.8790523285073952,0.10675994186885311
2024-01-30,-0.34339819561575335,-1.1439238201858366,-0.3463811797733547,-1.3428339984607571,-1.2564490655941567,-1.2576367316246462,-0.3180088301366332,-0.7376747957911165,15.687728187015207,-0.3831244078285915,-0.5464035478014211
2024-01-31,-0.40930153108359024,-1.5538497970002223,-0.8442343279041524,-1.3408485498280724,-0.19419717296579836,-0.1917766080787119,-0.8704974890535878,-1.2455233420240257,15.506934089396724,-0.24796738317503428,2.46662792145468
2024-02-01,-0.9506303344392357,-1.1517828585013858,-0.820027277823414,-0.283455725053781,1.5478280005858505,1.5436609605989213,-0.5310434017698467,-1.3946653951548262,15.445535299931509,0.02774098335957347,-0.07912653541542382
2024-02-02,0.03275258649898131,-0.7959248899546784,-0.08352265733251522,-0.7526828096355901,-0.39808371649076074,-0.3962714913299889,-1.0036682767469962,-1.6028057238716888,15.242034978445366,-0.5776567485031517,-1.3974931114948974
2024-02-05,-1.3387625350855088,-1.3559473972521536,-0.8485427025249772,-0.3668172376193222,0.47671027736461874,0.4788196556306901,0.21765078771791455,-1.196866466809205,15.276773467264663,-0.39413328471970455,0.9894615430770931
2024-02-06,0.013010624967469546,-1.0638911353869913,-0.1186327149691621,-1.6064127488298003,-0.7431413062689575,-0.7423674148551921,-0.07394813593116362,-0.9855381498083544,15.236761988504943,-0.7289013768155933,-0.6159604473000005
2024-02-07,0.06229351506875834,-0.9227995263905691,0.24808643830880084,-0.3198699375660113,0.8938784095480108,0.8940690093789508,-0.4592281568052781,-0.944839063931103,15.12026970233954,-0.8005922162160279,-0.08802543313487352
2024-02-08,0.193418611650229,-1.0082119126607165,-1.4106846735828245,-1.3225782276452938,-0.7587825714696326,-0.7585556994069377,1.1629916025086988,-0.46705799875733245,15.214770748253684,0.009795801123875762,-0.35008631221257525
2024-02-09,-0.3752353243491265,-0.25518236902231445,-0.14289987712816338,0.548162600215195,1.2517092955646272,1.2498473512715806,1.3533009147586894,0.5377047082900258,15.314128858731827,-0.06736425481941609,0.6116442700555735
2024-02-12,0.4580802617906984,-0.5566842072238491,0.8005403832070187,0.14254826147607647,-0.3116859728407179,-0.30965166369194186,-1.7037958795489967,-0.5498827467713728,14.997820712223694,-1.6957080723160052,0.1294067852208489
2024-02-13,0.5321879761757697,0.80722467737429,-0.6692129945519544,-0.3653043331378301,-0.3030041336758333,-0.30125013798835126,2.3004702117471765,2.1644480652356757,15.380704168124346,1.2905586494819659,1.429406439813147
2024-02-14,0.027894986689615885,-1.1920711989702177,0.7714712237458174,-0.5359529771488353,-0.09612746442847957,-0.09390008495464205,-0.9071759723132391,0.7517180364572521,15.145895989020026,-1.5029680180825642,-0.886428820139399
2024-02-15,-0.045354762380511345,-0.7859940219283091,0.5562894670191703,-0.05454746269038867,0.33338795726301285,0.33552641919505194,-0.415249096013901,0.2788170124619987,15.028522684241347,-1.0219652148227674,-0.23274109020466605
2024-02-16,-0.6392146055095513,-2.0710155503379215,-1.1277116744160354,-1.9306791719912257,-1.3162959167532116,-1.319399289172792,1.403863183869547,1.7162127108021477,15.34032718032862,-0.2238104157479199,-0.08725673156225494
2024-02-20,-1.3419257515318448,1.8593249297981145,1.233088471144048,1.0825283518639603,1.7122557143465253,1.7084896420394524,-0.5501142112677692,0.7997088469581244,15.218342663622687,0.2682402080586467,1.9758639083057115
2024-02-21,2.1582273060677335,2.016184688215407,2.0767805320546366,2.3869553338706218,1.5749153297771632,1.5710471903260748,-0.2182086740821806,0.48727130113073003,15.183641203038945,-0.7365882373582863,1.1123382753886517
2024-02-22,2.0703881030836535,1.780972705956751,1.6017211484222214,1.4467949833389422,-0.6194227058669103,-0.6188289387894239,0.32404069729464896,0.9411059139272254,15.295932809350477,-0.24381842218486444,-1.9655216243656324
2024-02-23,1.5556414697780847,1.890790687338842,1.6379541523549246,1.6102288002163727,0.423977484970463,0.426658515056738,-0.5395452021283185,-0.0208436787272979,15.179176056745545,0.5325933394526357,0.35463359418879253
2024-02-26,1.0787734287536244,0.8426212222667562,1.025263037080184,1.0579223723211237,-0.5938227239971002,-0.593388971520848,-0.04472385977787931,0.03970548359416737,15.17843418867245,-0.4105505287150633,0.0834191343440102
2024-02-27,1.1907523898944616,0.8690748211925208,0.8773849065368072,1.247518867699934,0.4170667912030016,0.4198094175650428,-0.6782911493128752,-1.3467113398830517,15.040403306331966,-0.05097256104359305,0.16959282525036437
2024-02-28,1.4713658980428361,0.6627769449538566,0.8612286463143709,0.5634274044423477,-1.0003393583693891,-1.0019464372610551,0.056405515177743934,-0.9607606302824927,15.025664519516708,-0.5587993990484866,-0.2150970801558858
2024-02-29,1.6785189473532638,0.8963256789800824,0.657492473205181,0.5226255653708588,-0.10249408478490803,-0.09976614408013762,2.1225248665983596,2.0389748177430977,15.450304472653254,1.12754219798288,-0.3655585705950669
2024-03-01,0.16444189550323324,0.18461035886978877,0.18096159679208101,0.43180667708286996,-0.17120408041579593,-0.16861997646685548,-1.4900156527433295,-1.2268349566430918,15.00894836355208,0.010605909941976337,-0.63331572193015
2024-03-04,-0.018714970628584536,-0.1137351124478208,0.3384112976834909,0.23614170719319996,-0.42317758004551936,-0.42178964399592916,0.32757180390153096,-0.5005266050572139,15.077205234024607,-0.8883648663095083,0.11730188302280545
2024-03-05,1.6928107538376544,2.5813930432975347,2.5100875750263776,2.677721153083025,1.9226377483887338,1.918431799218555,2.5877170784146686,2.655567771048259,16.0182201760344,2.4959408399665812,1.9585373648672533
2024-03-06,2.153699524501619,2.2483002861524617,2.6315581605121197,2.321472445949889,1.0706253292980294,1.072687801868698,-0.8504522888273693,0.48339009884361633,15.594539503515508,0.6914746830235637,0.3257228269094654
2024-03-07,2.349096077024231,1.7973386172896626,0.915901752836822,0.1503170511154033,-2.1248683360080185,-2.136178186565824,-0.20601293342807434,0.3376476369318008,15.599540397090331,2.3872231555151067,-2.092715307890269
2024-03-08,0.05353043526346109,0.08970813989682438,0.35463526768847314,-0.15625517674378792,-0.29788958007416616,-0.2938583801925808,-0.6304817113435393,-0.5230114458908449,15.306953137208465,-0.2540230942990318,0.3430640364736686
2024-03-11,-0.13054053369448965,0.07862965485937157,-0.03465447686171021,0.29377670175900106,0.41838799595427784,0.42062860517531336,-0.294098578533275,-0.6586395502987288,15.235747544916292,0.19653969437113405,0.43262353690331334
2024-03-12,-0.1068963192728293,-0.48805116440739327,0.059741883252418464,-0.47164027855142454,-0.7012797357470553,-0.6987384049790581,-0.32593013168705715,-0.8279415557152175,15.150590832085943,-0.945484465817227,-1.0795643294252142
2024-03-13,-0.268285243691583,-0.4045704575409622,0.10204718301196647,-0.2531175271063351,0.21001333047153548,0.21344616913569908,0.08018863569147533,-0.5509433126838292,15.3064804251765,-0.8115593153589187,0.3891318920312781
2024-03-14,-0.7517103744745844,-1.1681315458955936,-1.23052969745332,-1.1113772809118965,-0.7753986068120378,-0.7732683546802755,-0.2992426202444317,-0.6204256245124389,15.193621778330355,-0.7146136371539527,-0.225605183709824
2024-03-15,-0.7354435069718303,-0.41682349098442517,-1.3702277781408658,-1.5378496278278029,-0.5779831965883567,-0.5752633621651918,1.7954511905789174,1.41895566910927,16.102911046163168,0.8771730709006902,0.04041002102253545
2024-03-18,-1.409836830260533,-1.703886790696138,-2.126698845964953,-1.5543335245011027,-0.2883287872957673,-0.2845546017460801,-0.9554725901077719,-0.6704712756521949,15.384751488850146,0.24882289119919632,-0.5871684050065548
2024-03-19,-1.1839358583182777,-1.3392427553344057,-1.1144918496795657,-1.3985706601520798,0.07757254001197102,0.08087367959336074,-0.5788865766208952,-1.090918250843798,14.988859502075726,-0.8832373073573062,-0.2744440028521005
2024-03-20,-1.3816699223321982,-1.2708319922302465,-1.227361630268308,-1.1195824963156784,0.972655399492961,0.9700991882288893,0.3372416161689302,-0.4240496260538261,15.203703365893114,-0.6638079275456846,-0.015037250376532228
2024-03-21,-0.971844773310311,-1.0526546315692027,-0.9942650597061563,-1.038161951905199,0.16249120763397124,0.16444185549932716,-0.3798083951734193,-0.5941232934713301,15.013183862037543,-0.1848588331674466,-0.12162938997066444
2024-03-22,-0.8972088428501581,-1.0645613427064682,-1.438027356467604,-1.018551648810797,0.019799530028565552,0.02172170253288091,0.0027015342170706065,-0.3407783331288503,15.08144384438903,1.0474708627100242,0.5150642832576687
2024-03-25,-1.4207911312936932,-0.9837298935131695,-0.5293016666003492,-0.5477111252143079,1.3521566539342798,1.350617722929511,0.15794733292065657,0.07431045132322424,15.24673072145429,-0.8512632714819668,1.460919795583949
2024-03-26,-1.0153684635472222,-0.5901913376817651,-0.5535605233471784,-0.4160589314285147,0.39089951351553204,0.3921568390964802,-0.18431566840381794,0.014197699562762166,15.249618654321033,-0.056998745623663256,0.8659534260783426
2024-03-27,0.5374489814863509,0.1726986624688599,0.9385070098242586,0.9658704378808889,1.6420110099330654,1.6386027040124418,-0.045768525624914534,0.1788532309617627,15.31508918376173,-1.0433252795516872,-0.0202506102604026
2024-03-28,1.3118271799218575,1.2509857423129778,1.5824004584233466,2.364726656143327,1.642858872790173,1.6396661353134516,-0.398739041033347,-0.2178649370115107,15.181525933347316,-0.2848726306777836,1.408024934342194
2024-04-01,1.5949156066683885,1.4347548778403103,1.1938384283956165,1.3777687918219406,-0.9829613322179412,-0.9840675958147472,-0.4060672917807642,0.013514420640735485,14.996255983220724,-0.15490498934276625,0.09835881368674854
2024-04-02,0.24417311779291076,0.22487762775463657,0.6295477576600986,0.5852122680799403,-1.0742434889248678,-1.0758673073469458,1.332331456122693,1.7292623529638342,15.232552577462913,-0.9182743992435093,0.8066265626560262
2024-04-03,0.21376393483345968,1.2317540624672012,0.8530352880571067,1.4806488525411383,1.3403880771374836,1.3390086501984577,-1.2731867291707764,-0.2968760970308192,14.992903527515782,0.4343619275527931,1.1135432012322368
2024-04-04,1.6757734741254358,1.7827334494071099,0.6103606944598527,-0.26374286730433866,-1.8559715800964793,-1.8619205634310247,0.2056671592009022,0.014057300566703122,15.01896352719936,1.9718141176425346,0.11441237313400687
2024-04-05,-0.5397714029975628,-0.34539422847780565,-0.5253873261560212,-0.8236337029128397,-0.5665017257823549,-0.5645986838715864,-0.34168355912408993,-0.5793250433062935,14.972454960306017,0.266455172539559,-2.4121813698467145
2024-04-08,-1.4777182650195295,-0.9250587238402788,-1.6063919107144293,-1.1281406242039347,-0.2647242140263319,-0.26222951834588853,1.3841595076097126,1.5122916585333046,15.204800677316175,0.7964953099765477,-0.27464651768909776
2024-04-09,-0.6720490684434324,-1.1684666021140258,-0.9403683405396679,-0.9889563381270563,0.12253229066178442,0.12496753049483307,-0.900749802252332,-0.1964717367342028,15.027154166302036,-0.5710294218695555,-0.15172377649681898
2024-04-10,-0.7817360779533898,-1.5069587856671423,-1.551394090677872,-1.4439706196307813,-0.6000653567243656,-0.5986756304025332,1.4911175758759492,1.9639777767881423,15.305917381247129,-0.2689863752933794,0.8512921616106595
2024-04-11,-0.972571442152296,-1.2679709209777534,-0.9398841647343934,-0.9469251495652415,0.510148321167002,0.5120837695634278,0.27570756872299684,1.8456815160623277,15.38222905190724,-1.079928364011419,-0.8861887281729376
2024-04-12,-1.0828341125480887,-1.107469685990992,-0.9149470191747695,-1.2941674682503599,-0.445111762405041,-0.4438464202757338,-1.0445938347066477,0.1609760404102512,15.15769654073204,-0.8809484511966711,1.4480258555973415
2024-04-15,0.5413043271289859,-0.07447164196270632,-0.9732386562538358,-1.2451544600799842,0.07040129150605799,0.07247105947952981,0.6105216851869907,0.8740574309261179,15.318387456653214,1.198122936003258,1.17036081358611
2024-04-16,-0.5623430382422383,-1.0561546266266024,-1.0309364398833216,-1.0398142698665869,0.2713769035498282,0.2732457358194224,-0.8215480858628491,-0.1824440853720509,15.153244990908393,-0.7057485315281484,0.04114961883672918
2024-04-17,-1.1609887273054624,-0.8376897987846756,-0.5813286141219547,-0.7406013968570546,1.068275337490594,1.0658912237440354,0.20983048468123613,0.0358657053030674,15.226083055547269,-0.9197056666092469,0.7782339427968977
2024-04-18,-0.7684588982120532,0.30320171639476245,1.0627196341218417,0.7586639829656617,1.8430568704865478,1.8403973023159723,-1.1303562178608424,-1.3939637406207839,14.993119160873372,-0.4662937114448747,0.6102584480358748
2024-04-19,1.0817496918307288,1.742672834263232,2.162557925087842,2.29177465600229,2.113238083765595,2.1093796562402924,1.8347064308065417,1.062937485384715,15.426127974509825,0.09368331271850125,1.8196155504935227
2024-04-22,2.3105351385851156,2.4868722226292084,2.435190227404121,1.721253689453461,-0.18446755245027538,-0.18302013388825397,-1.0580413282768875,-0.9621484288020797,15.12435702945654,1.6272956128482776,-1.6447617653985085
2024-04-23,1.1266309759871231,1.4470740858025766,1.8572479642385094,1.8514938882511194,0.9754852294715184,0.9761472062909966,0.29125598163250627,-0.4247481959927251,15.242251082988941,-0.32224508383097594,-1.224124042213431
2024-04-24,0.8878430446684302,1.4716267789690316,1.3272955124323247,1.802104200760613,0.8491979094644692,0.84974783054789,0.41487733493132994,0.5066573722853664,15.365983932380017,1.157638492032274,0.16599209806200652
2024-04-25,1.7371561573177832,1.4408215023515707,0.7970058189925004,1.3424420689887002,-0.7064118879096585,-0.7059697519409113,0.7464747110552581,1.8903974185540513,15.576346966439859,2.0384646893245395,-0.1508883934040057
2024-04-26,0.1407221076766941,0.7050590388332438,-0.11443016707524839,1.0511382851569704,-0.8218974175308612,-0.8223329992918581,1.0486010620044781,2.2471636648847864,15.891069697866136,1.6090176772383256,-1.501774223232772
2024-04-29,0.9402334807499548,0.8341477177428471,1.5167220232153273,1.005815119632551,-0.28920961895408637,-0.28812007094637726,-1.8143435565239405,-1.229048566612663,15.054290793533072,-0.7029995945592246,-0.35138148069175995
2024-04-30,0.9899155851414471,0.5464766059024583,1.1938856247823972,0.8123218166515407,-0.9416536140356054,-0.9425380204443905,0.40142496161747504,-0.6747386674810097,15.23194631857326,-0.8054846353855153,1.2611386098277328
2024-05-01,0.9911108524112594,1.6539609247922884,1.587931404746324,1.5052037829749139,1.2264047924400505,1.2258091624848302,1.0266332523242243,0.5097978523867807,15.610730864912181,0.3379180402257201,0.8010789886871442
2024-05-02,1.867474776754622,1.3901644698151945,1.6195746656473449,1.0145516735022844,-1.383840348462394,-1.3868889877998607,-1.347832941315118,-1.2546548969429734,15.0538271061845,-0.574586126569995,-1.2608512538532664
2024-05-03,0.7396125591395565,0.32433328204740897,0.7139326741846418,0.5611607666178937,-0.8788228277436547,-0.8794768488135126,0.54639347088462,-0.5341537396808186,15.268271502190112,-0.6890097891773571,-1.214485588836458
2024-05-06,0.13601273169965794,-0.15484514760224682,-0.7499943880176534,-2.0525470712046,-2.24783984544681,-2.2545413574702704,0.8479439459655073,0.38471768412006785,15.61097997016891,0.9005095077920009,-1.652169466967718
2024-05-07,-1.026672914078318,-1.9598508982685738,-0.8240208891427452,-1.7850137819304304,-0.08242617103123148,-0.07968240151754873,-0.872276074615562,-0.541280888406749,15.344042273358511,-1.1777037713923155,0.04089533075762149
2024-05-08,-1.2090785826416641,-0.6859539301617286,-0.31261863628547043,-0.9673969357081269,0.8594882032307707,0.8578929096764186,0.079360001234511,-0.20600569846055378,15.44592707263157,-0.39668457163334947,0.5760025330952065
2024-05-09,-0.4938417862605378,-0.059642007885561454,-0.18798675238841417,0.6614273316711695,1.6251316981958273,1.617266166237846,-0.31614193330422247,-0.2373579621831867,15.378841912135345,0.2066435324199202,0.7340954137648136
2024-05-10,0.29354145145985827,0.07512079509626797,0.5542803641050429,0.20854052649867788,-0.4518540316016955,-0.44905838422049776,-0.9166513833313501,-1.2633001858744972,14.941997707568435,-0.7787636667847185,-0.19096847770977102
2024-05-13,0.690239551289388,0.09519745782330691,-0.24741426766029068,-0.4671455726179324,-0.6650138904851571,-0.6634019949847634,0.4601053458559807,-0.6345510563864033,15.120106946381702,0.5847558625623102,-0.19210084990235166
2024-05-14,-0.19850699173294953,-0.3767686328305257,-1.0735724477114694,-1.0656101096103263,-0.6543575075858832,-0.653070760073536,0.6499925522335493,0.3948492429840722,15.353925181866266,1.20553976556867,-0.5100020140595272
2024-05-15,-0.8767649072713186,-0.6697115979797494,-0.17228494280261955,-0.6920966504149643,0.5094237872154184,0.5119257549620485,-0.05432431739983486,0.7765626349015989,15.351818696575702,-0.7420801041405125,-0.30593147370280704
2024-05-16,-0.8678333438790513,-0.9538637755819481,-0.4146219110153402,0.30907298399218625,0.9159399816931196,0.9159802229773428,-1.2718227981471633,-1.2745811595612735,14.984177687363667,-0.6821303173877264,1.3111079008244382
2024-05-17,-0.4726682802038413,-0.38369602448548973,0.3962025363150737,0.8916462277066869,0.4179045567035449,0.4200914309878913,-0.33308452825591695,-1.2840723739507873,14.887573853700426,-0.777360704291524,0.5400907124087956
2024-05-20,0.7112068967981454,0.004600515516469017,1.1581935846606937,0.6237146434710488,-0.2987092674698251,-0.29698559799938223,0.32894889218056944,-0.7626781008318607,14.908574482889952,-1.248305798858153,-0.0059776942798592195
2024-05-21,0.832167957014771,0.7616993756775342,1.600867079784597,0.9943002185922265,0.2817234958108524,0.2840679414140807,0.4735721683985802,-0.09597010849655598,14.984270917286437,-1.142510966738704,0.23960759981195437
2024-05-22,-0.13219484425691166,2.062794062073405,0.7888722419858164,1.780276103853899,0.972339154037725,0.9727477663525269,1.3593192446887128,1.6019726035772113,15.250071374713645,1.283374443784671,1.456301429527422
2024-05-23,0.717204883987413,1.3280160776798238,1.6788961593819636,1.1310822808416705,-0.7689156018524649,-0.7683679915159608,-0.5907941761849249,0.8020574675845139,15.104523071820392,-0.5320160408503375,0.7330486326470671
2024-05-24,1.5521099670070622,1.6440983519001855,1.8049275076076252,1.6572142026901275,1.1095987077110272,1.1081881416381993,-0.05068130895229492,0.68939331193068,15.129798851764575,-0.4637633821600016,-0.042312809177337984
2024-05-28,1.6995146284049076,2.344632212547873,1.736632399609494,1.8803935421211306,1.2162100345743603,1.2135702783503355,1.9296635040184387,2.159136484901679,15.561104091720798,1.881645189148408,0.9819600514528385
2024-05-29,2.2313331847814633,1.8034535234986442,2.1184227490785115,2.010217862807329,1.3746030853339126,1.3716814502509518,0.1086406988662217,1.7288558357359654,15.634561049607914,0.28753302629507455,1.793984792578787
2024-05-30,2.0845816332053975,1.9025828945968801,1.973718402007416,2.021858193915541,1.3452556688698516,1.3419063990115225,-0.19064001259572666,1.274470521799385,15.641736025093818,0.9257495370227817,1.5660938616428814
2024-05-31,1.9460155404118553,2.2381376193480818,1.9799108306596813,2.285761441500059,2.463579724312707,2.455871824383609,1.2590665172147688,1.715954100101328,15.977027470825963,2.3552959924630468,1.6268696099849063
2024-06-03,2.1962766966113123,2.0132978158525083,1.8080717214571753,1.386314722068326,-1.5883972034944807,-1.6022772399303966,-1.0125268696772245,0.6747104144422479,15.869839527007862,2.141830567193315,-1.7820104035596174
2024-06-04,1.405451963048142,1.578451913266334,1.7490865271872837,1.825014682730113,1.5721772608596092,1.5661276303588025,-0.812162188501755,-0.0846523913298628,15.794883252822482,1.1130842827051475,1.511261517778443
2024-06-05,1.9230632698034176,1.527978434491811,2.041831787906193,1.6996294694596108,0.2916123435882771,0.2967050592252524,0.4852945592674758,0.28533880963176095,16.0097864588907,-0.3671930563397327,-0.672014327239599
2024-06-06,1.6293530858800758,1.392712006379199,1.6899629375762677,1.286885454222507,-0.905834805216216,-0.9066720533732278,-0.9769157125552981,-0.8018142561879925,15.850386256702722,-0.2195638866993474,-0.8705394166871662
2024-06-07,1.2218296343380017,0.9052537845382256,1.3327957316144423,1.0766427140485273,-0.711386424767777,-0.7099683602489267,-1.1880225580534263,-1.7145092056519708,15.606303059830044,-1.1104596275938372,-0.5115618230166623
2024-06-10,1.0689223425039136,0.9922328232748461,1.098664947049471,1.0361498274563417,-0.3315955796386419,-0.3272402519637211,0.18330652846307535,-1.392598264009225,15.728764832367997,-0.40590630470991634,-0.472805906455899
2024-06-11,1.0294292168100259,0.5993520712524795,0.7333057561758272,0.461938760743941,-1.3765989029534575,-1.3858609404303166,0.22716516860416472,-0.9841594353834007,15.807622626612753,-0.4544905181497051,-1.495337149773266
2024-06-12,0.13962150319016864,-0.42319984941278393,-0.7784449662829649,-0.842142880611536,-1.6678307931814587,-1.684482897579298,1.7377276390785588,0.3912769455953663,16.206390462326922,1.0321113805396473,-1.9135856953636434
2024-06-13,-0.7211852891513925,-1.4487574242614742,-0.5300451129266994,-0.7880185615684947,0.259856876053157,0.2671473279925135,-1.775908179542803,-1.4977907967993946,15.510153400077433,-0.8914167674950687,0.3395079163289172
2024-06-14,-0.7854456000543784,-1.2845546068782139,-0.43263831234790645,-0.5328646452035821,0.2904191130277925,0.29644534695459185,-0.7887286608321743,-1.6511695499231025,15.213041798216688,-0.8759384785220747,0.4790368665595481
2024-06-17,-0.5294790366005303,-0.226558580318815,-0.4058437810571652,-0.22743462255298294,0.3684976617463904,0.3731014998949488,1.6969540296181571,-0.35795021129500665,15.701352332254787,0.43462657992128667,0.07887718648523989
2024-06-18,-0.03188263794879287,-0.42678296273516586,-0.2555432587670351,-0.11639406641528746,0.12264144769146074,0.12691165835296642,-0.46960196395052634,-0.582360836797825,15.55807995807157,-0.2612770960371446,0.20668904763410756
2024-06-20,-0.5082913828056198,-0.045347597228973406,-0.10465744231331806,-0.47709580746887553,-0.4249714868264813,-0.41856451737822903,0.37985937906997447,0.18160244668208556,15.702034755234582,0.13544635546079142,0.01996591027656373
2024-06-21,-0.7853979239959238,-0.5399803222161048,-0.5372325426780559,-0.2240257878903984,0.30998932414963803,0.3122262271183083,1.9983153213516527,2.320322182331757,16.447485797246106,0.18666048833515478,0.5618421524332071
2024-06-24,0.2135365121553945,0.15995272131757993,0.40534268332983486,0.49689420548173724,0.7196533984434952,0.7167909658508663,-1.3133074852482471,-0.5085394418471797,15.600295931288086,-0.5209580800094312,0.9865400971825448
2024-06-25,0.8439196509495605,0.46148407455724916,1.1150270249893945,0.6522948087831778,-0.013409160199671036,-0.008458276996352496,-0.20531129580001362,-0.45972434636687454,15.59222423818033,-1.1580750313065196,-0.15999369257017124
2024-06-26,0.3956408007944319,-0.1674104151319597,-0.4843959078196307,-0.14245268335811032,-0.612000705199456,-0.6049363916072512,-0.34474370090421697,-0.5421138906949919,15.486344747353565,0.47862746720655974,-0.48139603488194754
2024-06-27,-0.08845697971470717,-0.12844092876799745,0.5212240903361988,0.6275822915311151,0.7350889181200075,0.7348743489075668,-0.756787049079575,-0.9692467828897589,14.965259778796,-0.9628541920148026,0.7468070145969655
2024-06-28,0.8151146282681905,0.7995724126037689,0.6920795082966539,-1.104544129528142,-1.2650457368861288,-1.2662715982065815,1.0052512025172937,-0.16085512977193756,15.45882821516962,-0.023376288877247756,-0.5184336962121926
2024-07-01,0.590840820431138,1.1132793156036425,1.0286382129669691,2.0332568112699745,1.888963632531654,1.8813154909453498,-0.8601165192884246,-0.9300375705713957,14.996440196114857,-0.5071771643224633,1.793544664939647
2024-07-02,0.9486904705495726,1.7545592067052918,1.46292497012135,1.9798013983776348,0.46773169512342755,0.47109764531713094,-0.028638022694880964,-0.7103602319310671,15.01469220299492,-0.5537493547627942,-0.27792095808436046
2024-07-03,1.461468627569153,1.0419511633444267,1.3375629798677287,0.6626837227170607,-1.0913997634885566,-1.0949239515230398,-0.9356071647553738,-1.1403092819145655,14.31804248390254,-1.266219686312613,-1.5439279971811763
2024-07-05,1.1999033223173283,0.8256825548265726,1.0561265068804917,1.039881409415033,0.3513549220248204,0.35475594359653273,1.4510472742173464,-0.29152593084409995,14.996163864046698,-1.0811192235187794,-0.1154612735122852
2024-07-08,1.2193967275370956,1.1075910743457027,1.0739953367126105,0.8057958633836182,-0.22666041579064763,-0.2236060069650934,-0.421139557597237,-0.20145540020960773,14.678485319641721,-0.7420771431818521,-0.10066049227177076
2024-07-09,1.4693510493233988,1.2362871944015061,1.0096502327085612,0.6117712853174849,-0.17101260845310307,-0.16807631494804504,0.46176861560734944,1.0220958462480494,14.894192551186972,-0.42506663194880767,0.03959862754366496
2024-07-10,0.4387878222846106,1.5314909140008213,0.9774009123656919,1.3536638025214387,0.8241301481914931,0.8258804054771521,0.20951050298390633,1.7073261906669428,15.021002507804127,0.26900443821054204,-0.09068169834527867
2024-07-11,0.8443217389944485,1.1287187155483613,0.36452957351104204,0.015393153746646362,-1.3231597291163815,-1.327737764418854,0.6895400685109749,2.2526883027354168,15.375401229718829,1.5378487960781138,-0.030207444967128873
2024-07-12,1.003570933205041,1.0574276798685438,0.8877087757727692,0.46625664395101063,0.3522644482039248,0.3557809211887528,-0.934119232696443,0.5043371195313723,14.928650474438772,0.10644224081250399,-0.03824500616749195
2024-07-15,-0.12838464892226434,2.119245762612364,1.0038755912718116,2.265251300897298,1.1096501556451974,1.1078982888660585,0.5776284030706431,1.3022855450376394,15.208855256940293,2.1140312912061137,1.2966300170002376
2024-07-16,2.587736845564053,2.2254709989898163,2.6804562704430928,2.1215984624753177,0.6563353322126643,0.6568967619945395,0.49845838269243964,1.6521411731954267,15.508830138287106,0.37856725784716333,0.304359397006605
2024-07-17,2.3337104509826747,2.090291705052905,2.174906668253647,1.7780412215984744,0.1697404191629378,0.17251318538297314,-0.3788232160284283,1.0603904069656123,15.469635179280205,1.0364192035690116,2.0729792721343374
2024-07-18,1.6443897977072555,1.0238102579995805,1.4026369947932047,0.8884435237689517,-1.3551246815243825,-1.3566167313053876,-0.877588157983438,0.05039096845253665,15.259342663746857,-0.5368148724237172,-0.17246862678265013
2024-07-19,0.7764054871429132,0.5893283082344123,1.2250924829395757,0.6100241608617029,-0.4305767113396832,-0.42799632658731906,-1.3716597857149542,-1.2244809408643589,14.729759607021792,-1.5398780294479637,0.5009411809280628
2024-07-22,0.2764235937655525,-0.38109562063056385,-1.4440470855661085,-1.655901039780563,-2.2446249367496205,-2.254861734103396,1.7110557108241948,-0.10025625890970562,15.295090550873491,2.170116017809448,-2.551997812843157
2024-07-23,-1.3856683388972275,-2.029750494615454,-1.5741640745693435,-1.6708469657380203,-0.3301755725539773,-0.3242076139462164,-0.6758187913073129,-0.8440500806668391,15.102316296734935,-0.7216905547494076,-0.17338408625943696
2024-07-24,-1.4324710940764913,-1.6066770709275042,-1.6559395390539802,-1.2422107981955266,0.3662613346164999,0.3685473714688322,0.3906988466505316,-0.24287073107497803,15.31949928414276,0.5486040843208685,1.4482500956741773
2024-07-25,-0.8691436724929194,-0.5070918571995785,-1.169893136923089,-1.5172435285533326,-0.746799532027041,-0.7414436045748438,-0.3174251990114283,-0.34321652008255554,15.242539149753286,1.7696089839534204,-0.37310384355325155
2024-07-26,-1.4995020005652122,-1.5200284021910364,-1.2589168944564262,-1.1532439545608169,0.4247881436527718,0.42659668063775136,-0.8575984672935179,-1.1524367925528123,14.95244604175221,-0.24489093696509517,-0.570164122855603
2024-07-29,-1.2597935396673416,-1.1070439862173793,-0.7637586555939067,-0.6151377748138843,1.0518798067992863,1.0449048181104046,-0.6470674800061725,-1.3104150391308504,14.691312989636032,-0.7105974407081704,0.3985909348459205
2024-07-30,-0.5408281654718499,-0.6880341849124831,-0.9324248046595637,-0.8805797662361273,-0.46355667748088986,-0.45817977138727184,2.0281857668410987,0.9592399444445088,15.39409763984761,0.8260571269948557,-0.21134792610492906
2024-07-31,0.49621769481085093,1.026527474552353,0.13166046077898386,1.4284754416646204,2.398960553170195,2.38128615377011,1.0380284389701557,2.3627250659487014,15.89952923356639,1.5293741859434744,1.3360838466855651
2024-08-01,1.2433856832528298,2.051376220816422,1.7520630926180787,2.164687113542993,1.2726817726811468,1.2733074550806374,-0.9047424642283228,0.45470487421651684,15.469616053156617,1.0779159095378525,1.6648065796758778
2024-08-02,2.388160137946982,2.252301455995421,2.439090300531436,1.8999225356587108,0.283602718826099,0.2923102749899003,0.6144739321036026,1.257167780170724,15.885255362883242,0.6913260488081857,0.9225529989341579
2024-08-05,2.065549825837199,1.6299442443895844,1.4050074612749452,1.2179416007026498,-0.936425939729444,-0.9435829374176328,-0.6304875373056328,0.32366893857004553,15.690845104081916,1.7780760508295748,0.4538493515471878
2024-08-06,0.9192307494034174,1.2030841373700905,1.2786094421645005,1.3671129986435286,0.5290956482590872,0.536794930375059,-0.8686330232712441,-0.7265357259414299,15.31783107900444,0.608755750998339,-0.45813135390108845
2024-08-07,1.133832665964525,1.1165319469017279,1.4318063163398687,1.188853495094154,-0.23230352946143032,-0.22666287636748472,-0.08631777266727571,-0.5866239888721893,15.36006877106614,-0.6158893888064293,-0.013117142698807965
2024-08-08,0.9987038760726777,0.9039048514461019,1.169472685221181,1.3295632763227927,0.3753869560517207,0.3822565630948348,0.11122575724957023,-0.29400470703966297,15.508756572376338,-0.6269889232513168,-1.1643307054712324
2024-08-09,1.2319478182341899,0.8090160637176592,1.2161566570383378,1.1808018366385682,-0.4791215263182092,-0.475650551454921,-1.1427268235191443,-1.3703916093508073,14.84591573778167,-1.3842587182394395,-0.9130445693599238
2024-08-12,1.1296936699471987,0.7967707541815087,1.154025696975527,1.1020136831392677,-0.39677807026381623,-0.39264213931414305,-0.17543848709901877,-1.3101327948052248,14.870101642872951,-1.5066513184958923,-0.5303372914546184
2024-08-13,1.2221754894679213,0.8804179896290161,1.137389358815043,1.1724932060278141,-0.6378476263566208,-0.6371585259288336,0.696904331214456,-0.7619185401155959,15.133767216278333,-1.2184224187447275,-1.5165560289538358
2024-08-14,0.9593713895452276,1.277608968923384,1.198797249400897,1.322148169728735,-0.16555678391244524,-0.16142663066619783,-0.28945543079698005,-0.7166192767704298,14.993581075839346,-0.814823529731163,-0.3973219155947987
2024-08-15,1.2606822607225805,1.4320891640697868,0.698301869137418,0.6470709517995495,-1.5314865803642899,-1.5359523807118567,1.238095850507205,0.23710095686112848,15.357376232191084,-0.07850411328558146,-1.7643654899066075
2024-08-16,0.5058723959559577,1.101625597694416,0.7016848292736421,1.0232678286890728,0.6575932934841584,0.658793611776921,-0.9457593597652395,-0.3302272080177774,14.966620731875631,-0.27022300040594005,0.5856813454774005
2024-08-19,1.1672895734363098,1.745853250736346,1.449075264133416,1.2810933122118917,-0.057680779598444025,-0.054330061583730736,-0.27007421466829923,-0.26572826840191505,14.840261356919882,-0.6450183188129314,-0.19975765439705237
2024-08-20,0.985146269044803,1.1625733751581795,1.325997686561598,0.6099828346468456,-1.3964827302464584,-1.3989938250640022,0.14852358991460066,0.12834805876733357,14.875209099693487,-1.0639932262737037,-0.14301846002147015
2024-08-21,0.686578520379575,0.4640200631169341,0.7539190495476765,-0.03535931922259609,-0.8401754920345295,-0.839377644875881,0.44581877120867036,0.9134922855228159,14.994934796824554,-0.9068920995977262,-0.29059774910187275
2024-08-22,0.2880851187141666,0.3293061285690182,0.631486280642355,0.6269374778667027,0.5732495859931439,0.5739756461654764,-0.1727157076465029,1.066453578334905,14.925689362503842,-0.6903598025872757,1.505727560507124
2024-08-23,1.5362469390381641,1.6230727219477572,1.314581894276326,1.9478632843787718,1.2584004755327847,1.253980220374678,-0.8409826620346809,-0.12685754807290278,14.724212971236708,0.2200311369114581,0.2187024379011199
2024-08-26,1.9145779489958947,2.0370908973075683,2.0591943528180026,2.1426812540620603,0.9031679687308015,0.9017082649053504,0.053900311253563954,-0.16028420628896842,14.746690296420772,-1.1725838826500363,1.1964908790253896
2024-08-27,2.1167521104777043,2.395381651347339,1.8752116703958839,2.302724593262882,1.56927079080939,1.5607008283845125,1.680006257561789,2.0642014793118877,15.120323948439461,1.3776712540626912,1.2207569251213881
2024-08-28,2.3114777050209403,1.9257354963854096,1.6384512273425915,1.1007925948249044,-1.5100135884059,-1.515880040246999,0.21344042716292339,1.8707026579648585,15.217407808441154,1.368063653648572,-0.533733778140382
2024-08-29,0.8890221872240299,0.5266319856600108,0.8111947170956076,0.5087556601514581,-0.9570764007247465,-0.956456339985778,-0.7637802312946005,0.8143410751156527,15.021511604016636,-0.5528073931386854,-0.8750400195736097
2024-08-30,0.5003794337520169,0.369440563618407,-0.10989479364167165,0.15363569989543502,-0.5190459895959699,-0.5164672776985939,0.7040861519858558,1.3122477100155514,15.180351685286277,1.3456406618688654,-1.2692457064407359
2024-09-03,0.2797892474562416,0.5587529025212781,0.9037540807058491,0.6923955371314401,0.73146506411848,0.7336326641626608,-0.6699343392224569,0.4850148969786905,15.088888428813114,-0.44350713313282497,1.9132039895121045
2024-09-04,0.5642924353217937,0.6704715870135155,0.08210047236527644,-0.0791978712724804,-1.02011105546806,-1.021325919595064,-0.5735482210950116,-0.2060545643276053,15.00195086230408,1.5114126406530286,-0.7038315931128327
2024-09-05,-0.41767836462097246,-0.6206831134488092,-0.8432560132688411,-0.9778119139693637,-0.8996652357664637,-0.8998262488597162,0.34675596420774074,0.1954414345148181,15.0889444041683,0.12170720026609881,-0.6017231472218099
2024-09-06,-1.095072384127842,-1.4668702612738074,-2.1535932399982256,-2.199941532842141,-1.587765608192129,-1.5986864644302041,1.731664264410694,1.883944355363519,15.490155705396985,1.5970091279595364,-0.40004538319306365
2024-09-09,-2.099175463314974,-1.7915255187249386,-1.5303509999051503,-1.1545030704294932,1.046090688962898,1.0453090026412464,-1.391521103592437,-0.45520237028227983,15.16087901291528,-0.4620573916593148,-0.09429840202338374
2024-09-10,-1.0890685248406047,-1.2099850457706463,-0.8641720867683613,-0.6235460521838928,0.6260960255442931,0.6296099016450661,-0.9685817654603152,-1.725326823257457,14.922256677162213,-0.9870420187639771,0.08576570986998604
2024-09-11,-0.6822580918580169,-0.3820572500396972,-0.7462132487732002,0.27497237554234244,1.1370839636957262,1.1341925451173784,1.199676648923335,-0.24604693942951908,15.211136494191036,0.9188280909996842,0.07024729267773343
2024-09-12,0.48667975487144594,1.295022016788521,1.1724835064554837,1.6315133441316954,1.4973392075349408,1.4871169181773167,-0.36986697943028357,-0.5088209870130881,15.132856957303042,0.024333425275467963,0.9077799227472032
2024-09-13,1.403725249136897,1.311534390875466,1.5442358403733611,1.4529204216247391,0.02607921070113025,0.03146608361831519,-1.604527045871874,-1.988296768656687,14.475825098117902,-0.9411277201299023,-0.36255751097100847
2024-09-16,1.8342180534021477,1.7921511394060334,1.8166436306481175,1.7445478853845733,0.8932174408515313,0.8900464785687757,1.4129732641399455,-0.7012541829153902,14.868986349684464,-0.7105419799476643,0.8481976573670105
2024-09-17,1.4826668140004906,1.276734198552724,1.1469099417409498,0.8430265371333617,-1.196441364635679,-1.1977709030703518,0.6259416311048601,0.18616829949606614,15.101846728996549,0.15459698656272727,-1.7136948245767385
2024-09-18,0.7908187184742018,1.2222477483322245,-0.4419282551788545,-0.5892853788937651,-1.7195599808393973,-1.7303901231694263,1.9122375375734204,2.1357181881249585,15.80342613814528,2.649249977729584,-2.0244971593496532
2024-09-19,-0.13554964252921772,-0.00538072685665309,-0.06762247780753605,0.07282920946231519,0.7944386438523767,0.7917880433015955,-0.6403155062297106,0.9318561144180662,15.635647063462292,0.09307292225820976,0.041689246934047935
2024-09-20,-0.3970892523336215,-0.5321257221289905,-0.08185219673600927,-0.16207686947036,-0.2863225427849113,-0.27766104004359105,1.5338584291254869,2.2192150105800663,16.32363727326254,-0.674712178413033,0.2416583366235089
2024-09-23,-0.3583176145703723,0.16547310122285194,0.1295835441394733,0.580508498015827,0.7330477197137609,0.7298452663883822,-1.380658030512407,-0.476110268923566,15.329670510074996,0.03970829635073826,1.027422683596651
2024-09-24,0.06599380211904599,0.27243930800738797,0.6753885014864305,0.09132273446690564,-0.48358930601301425,-0.4751325670383377,-0.3609103636036841,-0.5776291955347951,15.299680215253609,-0.5271923653135614,-0.45833358585530565
2024-09-25,0.37248969871851606,0.16807590107566228,0.8120975570149922,0.6448474101197491,0.431758057026751,0.4345737802469065,-0.8507596842055455,-0.9851453957826913,14.796390184707223,-0.6812639580157667,0.8644207088211375
2024-09-26,0.33142905867596467,1.6263925746274543,0.7267662550981734,0.5787384626798173,-0.055317354212528695,-0.04845162843935303,-0.20497823379300056,-0.8666891034659422,14.782190555715317,0.7801192040095117,-0.17126386131895485
2024-09-27,0.5843670341604563,0.5452357710856512,0.969514153634818,1.144874372275097,0.5556523318178734,0.5564029774820259,0.05232357755613514,-0.7503753096918567,14.965449790453786,-0.5126294495190835,0.8579663016957075
2024-09-30,1.63469916468422,1.135649342671167,1.5265948569963395,1.5063089965723198,0.3820059328941495,0.3848741323767844,-0.18873868130848,-0.6937614505583949,14.992194690351912,-0.5822836909789126,0.2780520778910469
2024-10-01,1.2383922982534512,0.6683255604948035,0.8109127806395057,1.183235283304339,-0.22918708390923087,-0.22167752682653807,0.0492292583448026,-0.5040174095908249,15.1243840422398,-0.2612385416604236,0.6475996693957681
2024-10-02,1.2133503386980515,1.2243028374556506,1.4232487175812667,1.5719188303933656,0.5480228313218968,0.5500123846141889,-0.8300009376750555,-0.7039640154632681,14.624261067010666,-0.421006291024718,0.7544289180175133
2024-10-03,1.3863928047266507,1.2406446075900375,1.687927848470644,1.2808780361467957,-0.6683447870071278,-0.6673220589239551,0.6066710925498667,-0.27637471044457723,14.880945515404376,-1.0700626281171863,-0.4218406099738583
2024-10-04,1.1275210114181533,0.9856487554384107,1.1016157852932775,1.20501318423276,-0.49395220868337525,-0.4921256872324323,0.01131912712121199,0.927977714477802,14.791880256930044,-0.5421359525223068,-1.4241744635289177
2024-10-07,1.1543244502381356,1.3271307625515294,1.356680030377997,1.0069505601883884,-0.5021702217889026,-0.5007037028182152,0.10801556131305559,1.3691596257249117,14.790598737506052,-0.34803768255862383,0.8598818736622039
2024-10-08,1.3336208431194037,1.7938366601483013,1.5034939057383123,1.7662091368178594,1.6354783219306186,1.6319658380276179,1.0181480135925012,2.1888802709000363,15.012579888051668,0.26416070526660645,-0.06964153636740476
2024-10-09,1.821018111780135,1.8482522029301784,1.6822600263696892,1.6667379490988383,0.02073232850617805,0.023087512207539393,-1.445527389696505,0.23485417090430433,14.623592722328468,-0.26058070876589384,-0.8852577572126348
2024-10-10,1.9845155204978298,1.7793350323427057,1.4828819184821396,1.2417284381303042,-1.266523887478649,-1.2698838770080232,0.567511655870963,0.7501642721385381,14.771676019845287,1.7820370963797245,-0.696572586972389
2024-10-11,1.4182674984057189,1.1158177619980756,1.5220542541937538,1.5317387156531908,0.7011020277401664,0.7030558923976129,-1.1753087179955861,-0.7128820545976616,14.391281432642065,-1.5854426189498145,-0.17066180586398244
2024-10-14,1.4487910970637417,1.4850675216763796,1.5536735016782515,1.9000600482868595,1.4507854161788891,1.4487053654758704,1.5840983411308664,1.0115498977000272,14.792219207940182,-0.4957887573102206,0.5116921467848456
2024-10-15,1.5872716302954069,1.6796768420139179,1.731350649478943,1.7350210022966261,-0.0014746386032168483,0.0011204634803561452,0.779272251832517,1.7985168529182023,15.034125934666356,-0.19519970764871747,1.4950388694678252
2024-10-16,1.3710338798913826,1.7539622035800888,1.486967426167638,1.8167598739634256,1.1581237316637525,1.15742530276251,-0.8828522606152656,0.5059509240465065,14.81984916281379,1.6856576893302437,0.7652700839358593
2024-10-17,1.859991480278829,1.6968797557183888,1.8185672660192604,1.7378715555790707,0.5847365964768088,0.5860754755836042,0.4489502300541684,1.0643190797831337,14.971668537322824,-0.34388027301158386,0.9359723509491065
2024-10-18,1.60100515660316,1.5039645548377076,1.6145123960464611,1.5603226622299888,-0.22855237965641367,-0.22596361568931905,-0.023404725884622612,0.9842291058555109,15.019773620161319,-0.6515749863682135,-0.6355332496707581
2024-10-21,1.5112026815981376,1.3330258963978412,1.3860523682907104,1.2295495063042658,-1.4649547648291863,-1.4669304831822296,1.0144078782594668,1.8626460475485096,15.344692623345587,-0.5369664115557983,-0.8136707700418236
2024-10-22,0.5509834999450673,0.554060331544482,0.6657339878755025,0.31393345416418333,-2.2751768360189843,-2.2833143085323995,0.737103621620873,2.0014741443071173,15.618358489006562,-0.5961604524326617,-2.2355370124381517
2024-10-23,0.04602280717395355,0.5791126630214946,0.03300020745984284,0.601070401706429,0.5136191205153965,0.5137750836992745,-0.96087059933391,0.7555077817646383,15.472919441978306,1.7390828356584465,1.4863870879011902
2024-10-24,1.3642757498981086,2.3079945611235457,1.0468346162539628,2.317073036584876,2.508456935777769,2.4905072532468098,0.6748790776048085,1.2005532809989108,15.749984273891812,2.706697959941254,2.459660734187221
2024-10-25,2.3600454107515656,1.770336810208909,1.8460634079321696,0.8495659952618285,-1.6297098840998467,-1.661044416923169,-0.954809135696401,0.27368903639371006,15.683937969823731,1.177058787630751,-1.652971316624216
2024-10-28,1.1897010513084427,0.6354021643466142,1.7258207663797782,0.939587510807253,0.03527450127179157,0.04563607526041453,-2.0952693304405803,-1.98641578250801,14.820654669299383,-0.736903690340831,-0.11018112001352688
2024-10-29,0.8558427415125908,0.5246691325386015,1.254440700177974,0.43371208127142785,-0.5225418207665763,-0.5201196575163193,0.38004665283107647,-1.3706700829749618,14.963135525726074,-0.5035625869613908,-0.5869348070547988
2024-10-30,0.29423151441881956,-0.15712626778511918,0.200793703273371,-0.4023831941461832,-0.6843346290037505,-0.6876089849569859,0.8277625418773238,-0.8267068741220374,15.254871877100014,-0.3786949860241122,-0.5741421850047689
2024-10-31,-0.1960369575342982,-0.20121772845895827,0.15956081039636524,-0.3429576669978802,0.041319557244379565,0.05231100126093301,-0.3115849540682009,-0.806198247566343,15.239197279125781,-0.39103670371790694,0.7252001530268266
2024-11-01,-0.30395655121041026,-0.5021382498684427,0.09952861494234909,-0.3155677136336724,0.011439426446678669,0.02203507149929069,-1.0618624283948908,-1.1540009081098461,14.8878134360616,-0.7040861561125691,-0.25739800688653924
2024-11-04,-0.04419895913401687,-0.4419118364612015,0.262440627538288,-0.11609871419396128,0.14755476910842796,0.15968568048873075,-0.4934437420313057,-1.0620955723462655,14.713189561140933,-0.7415370056268793,0.16048300184348804
2024-11-05,0.18817890031520906,-0.08445356919094373,0.645188052828851,0.44385167525400243,0.3917409126045988,0.4041514272043764,0.6825026660202436,-0.6317271031045759,14.868009446730806,-0.571178975167189,-0.19729618859654208
2024-11-06,1.1223641266452118,1.0816307419554207,1.9977771209283173,1.486702588961141,0.732674208168835,0.7429184669672432,1.2844123158526517,0.2745371310006921,15.230368323168678,-0.20081807057565018,-0.2589674989776768
2024-11-07,1.2518468612643996,1.254582315885026,1.7503551559422634,1.512461028401958,-0.1510424696789879,-0.14397242829181853,-1.0481847552555985,-0.3789909460299354,14.756182048929503,-0.07142109167568661,-0.5078265938428557
2024-11-08,1.681876042309371,1.9062623829071261,1.9315585552668357,1.8301641332627108,1.1246859388239485,1.122939485736405,1.0041700915487042,1.55091045909139,15.054464620872551,0.9321590422475413,1.15339964891625
2024-11-11,1.6858375615815648,1.7555041364218718,1.7217906557383778,1.7802519208189516,0.7139425142608019,0.7158511954278547,-0.27716714354316613,1.0731228193267186,15.034273743358426,1.4621983525682383,0.937595074438479
2024-11-12,1.5898345036215502,1.3695736400107004,1.5253539921443429,1.4521415815631282,-0.2601335655877309,-0.2553806417753155,0.6411245522493001,1.6408595141199058,15.256932341300644,-0.3227191768609666,0.26322287902806735
2024-11-13,1.4101721583069957,1.337368246492725,1.4937487452704223,1.3819888602875119,-0.0011382229105341636,0.0024426445491545256,-0.44123020538490704,0.9971913424950621,15.15583977329005,-0.5884758731112285,0.2992394139614038
2024-11-14,1.360151422891131,1.2449257297413967,1.0941931958491016,0.7545990547444691,-1.8814883129748547,-1.892337132148824,-0.0015435739040232767,0.9799185091914898,15.182877163975684,1.7140536751179134,-1.139191632330547
2024-11-15,0.7520468754944865,0.6060211334376702,0.5289013917064045,0.26344320475284916,-1.2780983218962054,-1.2805715265844482,-0.21919349454839554,0.6981948211098639,15.186666154054878,0.7990647724199454,0.1617497543451028
2024-11-18,0.3886339778168207,0.43146126961276765,0.27445637314407584,0.37734487727602056,0.03644371728130991,0.04143656961377305,-1.5058572067483462,-1.3905451194936145,14.708696825472792,0.988877226194236,-0.04382212541733675
2024-11-19,0.24048399479560525,-0.3165612463256118,-0.4583849294871027,-0.9332903053627473,-1.4682766900299604,-1.475838933678393,1.5255409304255498,0.26865650702874705,15.158401731566306,0.5858620289412735,-1.9599552100331865
2024-11-20,-1.1694531086227145,-0.9909609333090937,-0.5637167961651175,-0.33619244567692713,0.7365049863161293,0.7372066080950047,-1.0106217550165293,-1.2075555652326457,14.772213984606967,-1.4549937361506984,0.7485525979086225
2024-11-21,-0.502463278965065,-0.6494589017477357,-0.5488420601539999,-0.15320050373188346,0.22232637022644455,0.2264154077219385,-0.2662044977718081,-1.3865718191367487,14.72783382986726,-0.32739745970507905,-0.32645380546208497
2024-11-22,-0.3330517774899717,0.36891914971416,0.5343868560688545,0.49772485803737043,0.5780167783474326,0.5788416526395279,0.07275239164233861,-0.9936553980580399,14.747989943611703,-0.3175124398125321,0.21335110926837178
2024-11-25,0.8448777083902557,0.8217464862338438,1.3656866780556007,1.118233846410034,0.6508261566077626,0.6505675765318272,2.3041719050506058,1.9211754663046294,15.522637817737762,-1.2880287318516015,0.3456624357554564
2024-11-26,1.5241224263824378,1.9384653940423249,1.8990831327436277,2.105403081454423,1.5840190896769857,1.5715800987587307,-0.9633922127648763,-0.18518878107956088,14.99450426616735,0.07373702406146022,1.3558420705076268
2024-11-27,2.0477745570385366,2.090895431357862,2.0637669065897275,1.9615038201080244,0.5394182808300937,0.5417436714269143,-0.07740097802899286,0.019494040846472334,15.023455761853299,0.47413230296076714,1.0120585587812414
2024-11-29,1.7087902664076142,1.5240391070406802,1.6385566481601812,1.5828995029096677,-0.11784882858327321,-0.11296029667343314,-0.9418830033112439,-1.2359466495896518,14.40662556666877,-0.7562019731986193,-0.5511180762904329
2024-12-02,1.4914474331740974,1.2634144982726583,1.1563750638760224,0.9581228973240117,-1.2654391857340925,-1.2649297319811397,1.254410410855609,0.48146456414013616,14.998433663723791,0.8713140654679088,-1.1499588406646328
2024-12-03,0.9100119626464206,0.7777067174006551,0.9722179968247138,0.7910484096757215,-0.34675789998164336,-0.3419756052708284,-0.5456085082077501,-0.28334202616334186,14.797139865846734,-1.216626361751192,-0.12729956910357138
2024-12-04,0.6634680831124352,0.424147376560067,0.5302683647048626,0.30859748423279443,-1.3819614905573674,-1.3867486635718902,-0.1066980667436597,-0.08120638818613407,14.802409229733312,-0.5712421572241918,-1.605411860942838
2024-12-05,0.22602831002395107,0.2764585939692156,0.34915826597093463,0.34687320463248267,-0.04736930799850897,-0.04370089957285042,-0.18752654661891816,-0.1462787106050967,14.799908809517106,-0.3934838692032757,0.4562793398339585
2024-12-06,0.33639262308488865,0.23215477740372256,0.6256861321306305,0.12249573737114315,-0.4797058531722782,-0.47777824562742366,-0.5133740844051866,-0.7437471176875122,14.59350473326086,-1.4772849991905106,-0.4590507343392039
2024-12-09,-0.2817162406667791,-0.6203106536545308,-2.5991574770104164,-2.6072347766687023,-2.6324410163005796,-2.6453334173609453,2.103596325872721,2.1336474175386906,15.650872313117992,2.801536632177122,-2.5310225771719184
2024-12-10,-2.4826156263960524,-2.590550155579176,-1.6388048971724394,-1.4362748864121155,0.9725030131048839,0.9532172845481384,-0.3960134251054694,1.4229494268194807,15.493111851286436,0.11888526118470788,1.2081137315740964
2024-12-11,-2.0048745443683234,-1.6636553389261723,-1.0256925721078323,-1.0573344045375284,0.34173973224592247,0.34326085259562183,-0.7078309412737657,-0.05854692552289125,15.05080788628058,-0.192845965108917,0.014687344144544187
2024-12-12,-1.7346645701343433,-1.692340145166319,-1.1995990138429988,-0.9990806228930565,0.028400224148443176,0.03750932936149547,0.04109550082656731,0.30045924601940854,15.218563948744306,-0.1472083656656512,0.34645195514101496
2024-12-13,-1.1616569944006812,-1.472396051630334,-0.8958946168813858,-0.9907920963725148,0.01609888601110903,0.02539038006571416,-0.670554733691874,-0.7418843885846084,14.878634174077444,-0.5746398159422694,0.03445900543820925
2024-12-16,-0.9192395437369989,-1.1301466581510025,-1.0200755909442523,-1.122566633852398,-0.20851171572867638,-0.19543224150061375,0.6112266296091303,0.3169380655307712,15.317296665073446,0.11099030292129215,-0.38731904418305424
2024-12-17,-1.2626437885956787,-1.3960744921296222,-1.7854868953472378,-1.8131857019129642,-1.2111882808141996,-1.2019004326269425,0.7199853633739989,1.5200555587298639,15.860593676377116,1.2902460971292298,-1.1198572752746605
2024-12-18,-1.9909641856972178,-1.7870546284039126,-1.3889456223664145,-1.4372070294483268,0.39617814886835606,0.39952033617372384,-0.7625391618521532,-0.1476155736392815,15.463611528090748,-0.33504145554531906,1.4156828520076135
2024-12-19,-1.488078120275672,-1.5559926170008826,-1.3139417115591432,-1.4640840247502245,-0.05456960412002106,-0.04343859827131825,-0.35050495752143296,-0.47230658952387233,15.416452683183527,-0.3443744647413978,-0.1551886414386327
2024-12-20,-1.4378108686444084,-1.3448100340359443,-1.2146239891254211,-1.0541119336754612,0.8579157901954721,0.849557153835481,0.7585665923501167,0.9502632946161851,16.025552748707135,-0.5163825599344138,0.2813360383690304
2024-12-23,-1.0533498149049516,-1.074529419421238,-1.0076714002394864,-0.7130478823966452,0.581963334396661,0.5826562213859207,-1.395992044979289,-1.566725456173752,14.94095982509264,-0.0009487357195024035,0.036930167210079974
2024-12-24,-0.6234449158668449,-0.7043760014735405,-0.37575827993329386,-0.37594455184982534,0.7547967861625285,0.7501002311957856,-1.0188237419014705,-1.7149217714494212,14.160376752258884,-0.7563625243415906,-0.019401964408560738
2024-12-26,-0.5950765164934456,-0.3939952651520689,-0.33073632320663304,-0.11135443571701963,0.5404152235963151,0.5396515939406888,0.5077893420502042,-1.203125499460222,14.458732455350908,-0.10855315517165881,0.45392788242880017
2024-12-27,-0.2876221317420771,-0.36574738229122356,-0.030750696530103514,-0.05328260337294297,0.10309712666979666,0.10837686843103148,0.10872342853785015,-0.8779608639434237,14.580978865220017,-0.6126072121335847,0.6851762168483353
2024-12-30,0.005675661519095619,-0.4496240901336628,-0.32812319112487254,-0.4762871508572253,-0.40333396799841653,-0.39452804287814847,-0.18685515350511855,-0.7733228549441523,14.5860358223156,-0.28477460523313197,0.16249261566816092
2024-12-31,-0.4159560314460661,-0.787151048928715,0.36890827306729435,-0.31036906092780936,0.29175554948637017,0.294494644836581,-0.1291967977823719,-0.6070480606298022,14.566879947444598,-0.96183418454956,0.32847652143310907
2025-01-02,0.9672195430845282,-0.30332364854044935,-0.5479686303908602,-0.9148580816024785,-0.6659618149809169,-0.6637409432243329,0.7547968070622327,0.11882550128913451,14.86300532626936,0.4734441690846293,-0.5222103767817636
2025-01-03,0.16834495278351058,-1.125312390216557,-0.34432606288064016,-1.0006754126056019,-0.1646666166323823,-0.1613438926194925,-0.1740794667361121,0.2723929374950662,14.822702126397422,-0.9522242355951512,-1.807401815249958
2025-01-06,-2.460995795710373,-2.5889236498659938,-2.690307440281944,-2.4984088023957853,-2.4110019179746915,-2.4209612309226576,1.6986228885273231,1.7930296081544936,15.545341607884543,2.2862921334495705,-2.495752764101105
2025-01-07,-2.0965510352051284,-1.7459331046785171,-1.4651335982743952,-1.771292630994256,0.3181731925737312,0.31974806372180686,-0.3278817658942262,1.8296572708578516,15.432777939952947,0.3402147458057878,1.0430370511709077
2025-01-08,-1.1247820730692435,-1.300682468866258,-1.0618999576633845,-0.8236599069893772,1.4781435939989882,1.461274684007275,-0.9867745291387675,0.5213064241097207,15.000300848683787,0.04331633892265812,1.0432236409449893
2025-01-10,-1.1976286485768997,-1.4616098464816596,-1.2503967433214949,-1.4208334015287252,-1.1313674062134513,-1.1295880626813495,0.2924775974663801,0.7178352886224205,15.24472095955898,0.026753206322759113,-0.1651224180150925
2025-01-13,-1.1848446803564825,-0.8245057276896961,-0.8778521571179716,-0.7829010447592761,1.1107687832774111,1.1048073350559695,-0.6308124274198811,0.14220141895838226,15.10886719777328,0.7513930299307194,0.6631462604226187
2025-01-14,-0.6059045078797103,-0.840168432977263,-0.5986805798540521,-0.46764173944125514,0.5400445942464259,0.5419774386026259,-0.3355826754334211,-0.13766451651861017,15.078902834676294,-0.33623199787240254,0.2772182750020193
2025-01-15,0.1297695937447621,0.08453383729317773,0.08859883322713459,-0.3207856672162894,0.22220634696097816,0.22666445351726636,-0.5262405174488675,-0.6137935201345095,14.952061006896987,-0.08165929066348174,-0.9420847922103791
2025-01-16,-0.4041154739055595,-0.015622631895742126,0.15067072752741337,0.35124595298677036,0.6851956067476426,0.6839802007249838,-0.723457147496006,-1.2298015268360512,14.695635521585537,-0.5127326886271705,0.7925434122902578
2025-01-17,1.4029434913866472,1.2596590678310733,1.4710917398219918,1.5931074505792029,1.025783320488016,1.0174123412457698,1.434223263114945,-0.04827630292276942,15.264756478538894,-1.438004284824415,0.4557783794784934
2025-01-21,1.4451286395790628,1.8022191948501214,1.7170638603212076,1.727685872261185,0.14299123570122316,0.14835549587667426,-0.5036839132106188,-0.5856834149176777,15.12395175012032,-1.1722591507303217,-0.3115473910782157
2025-01-22,1.3916571311061654,1.5488088829298128,1.386375901137603,1.0174817964775518,-0.8418124611958011,-0.8373867612309014,0.3385819123805465,0.041001525986498595,15.232334366601984,-0.6668590451139169,-1.2179891291292664
2025-01-23,1.0047001817018464,0.8000569403559779,0.4205854681339882,0.12788014654291094,-1.0465593896906094,-1.0445113663252237,-0.3937787347420555,-0.06368493679247378,15.10430261332646,0.7976988944659429,-1.2065449325110222
2025-01-24,0.31666302552597936,0.37882247976294253,0.430320342906511,0.9332193111093998,0.9594663213660646,0.9561748482116241,-0.5584067264132598,-0.7136686685995669,14.95286299561525,-0.4509407339619841,1.437333363309393
2025-01-27,0.16974029160630566,1.7872963105770296,0.6230299422241669,1.6464462991833504,1.0125351222163763,1.0101709132595753,0.9846609283965168,1.1753981000351987,15.239365842086011,2.175976901689096,1.8004429013910965
2025-01-28,1.2671117916750523,1.615155790086397,1.1836161096902957,1.2677240852160392,-0.5945571539238329,-0.5920494749816266,-0.2762561086322486,0.756372856169474,15.19566133586433,1.1949850141239204,-0.6902345216237749
2025-01-29,2.7229290055174027,2.6919124663721936,2.6908498774103786,2.6132570045341024,2.6104129872454296,2.598138130309681,2.2190409327416183,2.6229403168318473,15.99700100045344,1.88014879828647,2.35704276086852
2025-01-30,1.9213967845356774,1.8116365315947525,1.9015994106873002,1.7754315499961604,-0.602981495858704,-0.6084482518984657,-1.2491963542792668,-0.31321037832162296,15.251832650484603,1.0222161321765224,-0.6211724727785475
2025-01-31,1.1312110931006518,0.9923310389946737,1.2003361731496804,1.2553428336284387,-0.6499070567687608,-0.6571202928459432,-0.6423715663337138,-0.9368135105150165,15.020852724285966,-0.08295126801449139,-0.27760244269136763
2025-02-03,1.046682830349539,1.0584787341359712,1.1352199641257332,1.4784461200608523,0.6167696946273836,0.632871122958947,0.1113096172288577,-0.5938864181793975,15.129234495066498,0.3513871264664742,0.7913257997464112
2025-02-04,0.8874859826010429,1.0705662518653425,1.1823939682874676,1.111773841383172,-0.5269001766354571,-0.5294426807392829,-0.3853780446524608,-0.7676543279294796,15.005151449310526,0.006112297179068657,-0.7066046633616693
2025-02-05,0.8540170658909239,1.0282746303452162,1.15831583800729,1.3421476800756278,0.5061981873288719,0.5202725721950361,-0.20212478163290656,-0.7046604212816224,14.956767499102009,-0.42145706185621556,0.25919400314797
2025-02-06,1.1701438065295056,1.2550366401201956,1.4343832368770977,1.4968055376325347,0.2814629845782461,0.29335114470514745,-0.040647745992009585,-0.5426756228893397,15.00097340513586,-1.020549906844411,0.0666136625441691
2025-02-07,1.311654137641333,1.3500268774483497,1.421403754817903,1.1858038270091567,-0.745846629864091,-0.7524563122849521,-0.07295379412656539,-0.4511357900412562,15.04935308706412,-1.103011907358168,-0.31479730029403363
2025-02-10,1.7791859465565483,1.6717924363368097,1.64907332393027,1.7676107316441267,1.0502582939214116,1.0582311628427383,0.7095490456982899,0.3361979735216679,15.402212148023878,-0.4591308474441533,0.7410270621970786
2025-02-11,1.6590775793449577,1.780085679457592,1.6628502703985262,1.759797582482444,-0.2150836591193688,-0.2076366197326541,-1.0396850678122278,-0.7693502147763134,14.770329840425537,0.1504377697234063,-0.21941117695428966
2025-02-12,1.4056679160850662,1.389141424923751,1.4497618012795355,1.1159280558786575,-1.286882361812641,-1.2974429903074312,0.9779600375057539,0.46224646127679003,14.984892228079548,-1.0727347170897432,-1.1713388465106993
2025-02-13,1.0195229057304487,1.5714556518125213,1.1543822088502902,1.6336830924499453,1.3872084801554179,1.3790429262235586,0.7001043044523637,1.5311522068625514,15.166152093443714,2.6559076058198032,1.0201432858546204
2025-02-14,1.7152015650842969,1.632575973862195,1.6663863432358126,1.6897702379679178,0.3606604393264678,0.36660254314661744,0.746322843001845,1.9242682392258195,15.391453939326844,0.3818424914154061,0.49621913846289034
2025-02-18,1.5808405201814915,1.2949511514109326,1.2459473758893538,0.8386883284091464,-1.7412191698257513,-1.7596119461228739,-0.9092088243441893,0.5788617598303537,15.171165540730485,0.8747975618387008,-1.948836196714887
2025-02-19,0.7703183028512771,0.5553851141843092,0.8159683277525122,0.7084613029293159,-0.4666130791757381,-0.4575212960613112,-0.27805057424566754,0.29419837267267307,15.147269796698566,-0.8014515196674219,-0.5665357722350833
2025-02-20,0.6679504056259369,0.571457023461902,0.9680771221745997,0.7831671094106322,-0.07062163837523114,-0.0609688574927351,-1.0586276447451852,-0.9430123306815015,14.84323568210473,-1.038686247160574,0.19938412150838963
2025-02-21,0.8302001906232805,0.6770220282838136,1.012916126753167,0.6076581536925796,-0.3806873677281463,-0.37302781390083767,0.7898397134129563,-0.08179970099937235,15.083668977413778,-0.7770623172095591,0.41420280237601087
2025-02-24,1.061138031636649,1.410277090542306,1.487002716037497,0.9916528667311032,0.11487113261441466,0.1239729975900392,0.3689004026434725,0.47138003802314277,15.236520547642657,-0.1539778595659679,0.35305516319944824
2025-02-25,1.0499390841256713,1.1103194771968206,1.35420650720524,1.2282057943316953,0.17806240490045888,0.18563565317201633,-0.587997094458441,-0.0923932391099235,15.072977019103837,-0.6894601726614297,0.3514645598721853
2025-02-26,0.3744897089735033,-0.09377595384982938,-0.018147483356147322,-0.33287987989103635,-1.3534206856747149,-1.3636006992630296,0.9181213635492851,0.8522616991046172,15.313659527401896,-0.14006643166967017,-1.4735181012681666
2025-02-27,-0.3981968495995046,-0.7073281619836397,-0.15941155595286766,-0.617941143089862,-0.06897160042970245,-0.060016633309881544,-1.0662760600832002,-0.7582893989261307,15.085833023572862,-0.7027943907814236,0.5680230975058338
2025-02-28,0.38835193951048713,0.5794381186585967,0.4030405504845511,1.2804528960627182,1.2683581894133713,1.255205707905454,1.1931302523882314,0.9251928172028435,15.367552593072086,0.5135115741903361,0.19604864632980737
2025-03-03,1.2791656396563773,1.8951568580142928,1.769757035265195,1.8657399231725245,0.6350292209644686,0.635202635549411,-0.6626256171066435,0.17313658202229007,15.208135091201521,1.1547277116953523,1.2169539445094963
2025-03-04,1.9721487779072056,1.2551512666969187,0.23145450978051127,-0.4189995565829197,-1.8414277164944317,-1.8503856968006829,0.560685976831017,1.1412187748356897,15.361923682987594,2.417456184779457,-1.438920477971383
2025-03-05,-1.328709551958207,-1.2779984753714106,-1.7152189467312866,-0.9750539450747067,-0.437456832221746,-0.428998087322016,0.2058619355635389,1.3294901167936886,15.456641110891745,0.23165033112579203,-1.257364035562456
2025-03-06,-1.1602405104493059,-1.135910576330433,-1.079204947018307,-0.842914245661454,0.07514590546840175,0.08233481406365048,-1.7005722447585463,-1.7952853055575586,15.002286642665366,-0.6002231438834166,0.6681703464346699
2025-03-07,-0.8232120848295623,-0.5579426091632409,-0.5005992462408803,-0.2391692849360229,0.48122618777539866,0.4841585839536394,-0.0552887000432196,-1.4470895621271556,15.006276838791209,-0.355006771202597,-0.07208089819783224
2025-03-10,-0.34781216903487966,0.5484169120843206,0.12974693541638194,0.1665581964186426,0.3185941500956264,0.3235926570578373,1.8073361488577857,0.9664030063699237,15.459060193319866,1.0431770725612877,1.2719878933157107
2025-03-11,-1.3131043546228376,-1.5179657064465537,-1.9844858065057887,-1.8438506061027935,-1.6266405888941213,-1.6381287992296831,-0.2628849375178878,0.5765874670342951,15.458596183193027,0.6226029392430025,-1.364419203495217
2025-03-12,-1.6748439948281122,-1.5826977010881291,-1.9397080018953134,-1.6087939054228348,-0.08336255235703784,-0.07445587090813377,-0.8931208972523147,-0.7346424922510628,15.197546113230784,1.1487940876357676,-0.5825030018969043
2025-03-13,-1.065164530989127,-0.5390825013224266,-0.5402278688167619,-0.825843155805338,0.7808448231512392,0.7782293916087357,0.021317965639948797,-0.5657699745476523,15.249785469890842,-0.004200214005026782,1.03307849987861
2025-03-14,-1.2893015424444678,-1.1622540197400404,-0.9376071505919832,-1.1407814072238296,-0.404310034409443,-0.3952182861869863,-0.6272019522755032,-1.0618685563666503,15.07144022146994,-1.0520991807134794,-1.3292765642490032
2025-03-17,-0.9635119586465173,-0.38775786789974814,-0.7361696097328334,-0.19885414073351299,1.1769245459897006,1.165708980066275,0.7461024682360673,-0.0503724636433809,15.281009044476614,0.9461015627504278,0.4954087457533459
2025-03-18,0.6802572437485196,-0.16925811045440162,0.35522188605553895,0.03862803828825367,0.22849982303776953,0.2330340830066921,-1.0056971942720447,-1.1717014408434585,14.94332592218027,-1.3405837681979862,0.4939467732287017
2025-03-19,0.8575565518581417,-0.02633395868720178,0.5242701620363273,-0.26062819170454593,-0.28865029011931015,-0.2796481913035079,-0.10587635322458114,-0.9924191692139972,14.889420575662037,-1.3012830406557763,-0.786381506838572
2025-03-20,-0.07782659558288954,-0.7056266546945233,0.08701154024201738,-0.6939694901682858,-0.41129559720415315,-0.40236957517486294,0.8986289090456336,0.038755178341169705,15.131677743803552,-1.5434422056854802,-0.24516806253931067
2025-03-21,-0.9021230484453919,-0.6738945127400993,-0.23534072296177766,-0.8512439167700263,-0.07501408425625997,-0.06773363367497909,2.465688958921096,2.569655908111968,16.03547473088299,-0.7937678764825147,-0.1648376279500295
2025-03-24,0.48231479008829575,0.2810300983539911,0.8839283611328943,0.5359647093497352,0.9563066930702813,0.9501602153163179,-1.318152864047578,-0.8542406776803732,14.879152102884861,-0.9697898189827496,0.0056450107096851195
2025-03-25,-0.0068467961031898495,0.3520300928844631,0.40689963018027325,0.32439270020439603,-0.16718581581025313,-0.1631991414893667,-0.058230434523122945,-0.5834235433649713,14.91008169215583,-0.24387434824548365,0.025823182811851492
