Date,open_std,high_std,low_std,close_std,daily_return_std,log_return_std,volume_change_std,relative_volume_std,log_volume,high_low_range_std,excess_return_std
2023-01-18,1.8918351674083334,1.7834591380751865,1.4581967919744243,1.212474682995755,-1.076269325296216,-1.084404511680977,0.30169873560245375,0.0,19.09199276812763,0.47923256977156015,0.0
2023-01-19,0.7428424342237144,0.7532247591961698,0.9176399091619604,0.7984698108818512,-0.6914347749386257,-0.6909886261242711,-0.8144698889777092,0.0,18.953024587250127,-0.7361763841425799,0.0
2023-01-20,0.7306626909261345,1.0714333271846177,1.077900189326029,1.493905073514729,0.8721306296929097,0.8785636154060257,-1.0687293838850296,0.0,18.748963113551355,-0.6595797080008294,0.0
2023-01-23,1.53973904644213,2.1253598579040354,1.8910697607679956,2.1919474172331275,1.3645096081507646,1.3510458184935321,2.418477358115161,0.0,19.12930356171767,1.804888450563328,0.0
2023-01-24,1.8298398959313265,1.6657263790126329,1.9614955989233287,1.645497236416363,-0.4895470670759959,-0.4822578152286806,-1.0966502711987423,0.0,18.882520520704286,-1.3627413703704867,0.0
2023-01-25,1.334301011378836,1.31980944953297,1.2922849474313913,1.3757604885815589,-0.4546131767161705,-0.4463523830938067,0.9014964158149511,0.0,19.07682311961987,0.22845182237047867,0.0
2023-01-26,2.093544977728719,1.962365428966408,2.0488824865499407,2.04282429250387,1.7847493154286802,1.7579391549279217,0.8286401014877676,0.0,19.27430895816019,-0.9778522074220527,0.0
2023-01-27,1.6782448741945155,2.1763344535387907,1.8421932208390026,2.1529605680854838,1.3864349276525174,1.3696749591539747,1.0117970884080159,0.0,19.541023868354795,2.3359912934837874,0.0
2023-01-30,1.9580630214349803,1.6254041310603544,1.6956940042248767,1.2103534228101902,-1.6157593831228216,-1.6635263967893308,-1.214235844685091,0.2568331472851227,19.257403459802408,0.5837472837794845,0.0
2023-01-31,0.9714821906448851,1.08408279379133,1.1761328316974424,1.2632048707687358,0.17238307114268916,0.19678814274677028,-0.7117137385939809,-0.5207783328487936,19.09776714287165,0.1654405673702731,-0.05016485934330554
2023-02-01,1.2059253894760564,1.2571461462906954,1.2930373889287956,1.364209919389131,0.2009983155538254,0.22242059590717475,0.19874172368229284,-0.17250008098298872,19.180581027589607,0.5713071966719928,0.11185658398095222
2023-02-02,1.528253495649521,1.5150188168976222,1.608325309139636,1.4176120529416498,-0.06500515696893448,-0.04147417047091141,-0.13637730924417732,-0.25388181789885994,19.197471683686985,0.2907298916131121,-0.23607635720743375
2023-02-03,1.1481811033523754,1.3530804398985474,1.3852013070447502,1.2651360041529467,-0.5278020644280261,-0.5077085836922293,-0.02656256870674814,-0.32081422191087816,19.265097318848877,0.40681014996789266,-0.290036752990414
2023-02-06,1.3730265686507486,1.088940095574732,1.428348977762263,1.253372009149013,-0.13275974520096795,-0.11046364209411302,-1.0349843251631525,-1.1733734367946367,19.0422680163614,-1.0611038617823945,0.03500574092290197
2023-02-07,1.3089060845073843,0.8964387324664398,1.174555911157925,1.1700594780231217,-0.44046995186258775,-0.42170427206474165,-0.17507207473412584,-1.162184961938198,19.041312611864395,-1.1588558992637112,-0.6866315305538102
2023-02-08,1.1835072679575815,1.1505206459786401,1.3336721249923766,1.3474810467519205,-0.24151226897554579,-0.21979289797558244,-0.20552589159802576,-1.0534677933086645,19.012202651918063,-0.9359179175988792,0.034457477097885165
2023-02-09,1.5964745820702657,1.7091255425625227,1.642891326349667,1.5170268957451132,0.07232137892154492,0.0903789688210579,1.0907088804484015,-0.18922844903726063,19.18815309200599,-0.9381740071552053,0.3203539205339066
2023-02-10,1.03628674023505,0.8872431233719514,0.6815430185963514,0.5703337569775635,-1.6213906231051358,-1.6197772438048321,-0.13830157400289525,0.13332930832659542,19.1373203098009,0.2987981001312425,-1.818611238152449
2023-02-13,0.34202925222517494,-0.05441998647314612,0.14934179697173616,0.2226792267728265,-0.9476001442022683,-0.9309901263044706,-1.1101391256813382,-0.9725846875858893,18.965765761161034,-0.8027541740779317,-1.1971416861523378
2023-02-14,-0.08112701099763227,1.1151190320347695,0.10783714024685287,1.5574117456079752,1.634548293197435,1.5915297671117195,1.676092052689891,1.0972922497214868,19.192896470151748,1.895968444535768,1.5955688087451472
2023-02-15,1.766586799030915,1.5481598552634008,1.7748335475327761,1.7482243811137577,0.20247291614510246,0.21467523211116094,-1.0500561233779848,-0.3896216036703322,19.01404295324567,-0.8049466293649752,0.12905525613530602
2023-02-16,1.3193852517114741,1.5055993934202474,1.0201339428846072,0.1735653915342017,-1.6560153023707394,-1.6826651238960129,1.4415245037876598,1.6873020114200632,19.25179042712727,0.7872990854304243,-1.3309043951899093
2023-02-17,-0.061468354528506554,0.24347022198628288,0.30964222211288756,0.8349646152570933,0.5296875378625753,0.5371617574388019,-0.42259682787535324,1.0474870715067268,19.180263867842832,-0.08944050896570924,0.5550095339800171
2023-02-21,0.47774483946036045,0.27889199841898854,0.1677090194714471,-0.8241428727408452,-1.2477752711950174,-1.2592857406092441,-0.9841698270925571,-0.4884471528967316,19.008570742404277,0.18984325041894815,-0.8912285249792867
2023-02-22,-0.5597767702446435,-0.9511019526522198,-0.7225809298437921,-0.37376668280487363,0.33517857183299826,0.35114385666125164,0.29451530276086907,-0.08448433080320773,19.07211230687149,-0.3534993000647273,0.28831562874916655
2023-02-23,0.2019752374964131,-0.5120349097441257,-0.034871203680282785,-0.19523151459411583,0.10987217662258207,0.12897008390669187,-1.2324530452707236,-1.8733614761507884,18.801579904947747,-0.764883206000088,-0.07543713253547016
2023-02-24,-0.7713532964276711,-1.3309479856109376,-0.4518307005907055,-0.8374100727736609,-0.49662227905935724,-0.4851713242653325,-0.004733747099886624,-1.402432134069508,18.772942671843694,-1.4535039015043643,-0.3430547775816261
2023-02-27,0.09414569040551696,0.34037571021786,0.8655073370730794,0.6806557982512168,1.117477409020614,1.1084626498418872,0.7793921593744896,-0.4067375453217085,18.89709069010948,-0.6512906080640143,1.1162734015005333
2023-02-28,1.1316778983753293,0.45710509139488575,1.092939057910307,0.2295292514219658,-0.36145602772823743,-0.3440536261340912,-0.2896298918572936,-0.6459760366376849,18.84689509653274,-0.7550434909493517,-0.44980984849503614
2023-03-01,0.32151595436307534,-0.19124727866369523,-0.0417009207243672,-0.19212608487234725,-0.32501185134770827,-0.3096466637254546,0.3019982190304723,-0.15397933331581484,18.87081835026746,-0.3057095291709112,-0.3909420320492947
2023-03-02,-2.111987833755764,-1.8004804168485538,-2.0086164341376374,-1.982533192814567,-1.2326155742025076,-1.2490826167679816,0.9659536522861113,0.8292546932725713,19.016770073920675,-0.44825037765093534,-1.6711522712416362
2023-03-03,-0.818198784171458,-0.691593140717541,-0.5722581305441868,-0.5954176804787613,0.9999897769925492,0.9951760260952501,-0.9266823260870721,0.14198182247483385,18.853717574570037,-0.4676971776594811,0.6007674581334316
2023-03-06,-0.2447996523210687,-0.8325179733914745,-0.5758409396271909,-1.1070428951577027,-0.37444953957776933,-0.36153611268393954,-0.9434933642174169,-0.8034135242157695,18.66832255531318,-0.8925549307054069,-0.46418351833095056
2023-03-07,-1.0513502883391992,-1.2663342667789714,-1.3753397573543897,-1.6980065598779184,-0.8012685947760437,-0.8000919182051682,1.1711930391596845,0.7449772047434733,18.813572477433986,0.44688065583295555,-0.38309800773338387
2023-03-08,-1.4996280486947426,-1.774204959053059,-1.7587175072116716,-1.7940757574106279,-0.6286563501969021,-0.6263583660003985,0.28073223816044257,1.2011688232096207,18.83871849083185,-0.38962647054797583,-0.7261841402467683
2023-03-09,-1.5556371014931074,-1.4764925655762944,-1.870349297268579,-1.9253544662106352,-0.9897051894527316,-1.0057642548739656,0.8061048364013158,1.7268590330100122,18.95144899109698,2.5524564872957107,-0.5995649792289935
2023-03-10,-1.5626111916488616,-1.6523952938791056,-1.6610719374191505,-1.4401377792669847,0.42296721935783216,0.44001350567618563,0.7193525576616724,1.947566092009802,19.07034040668079,1.129143959114982,0.816890233533787
2023-03-13,-1.6398832972124828,-1.3868080402156395,-1.5651075117262294,-1.1256698625244896,0.8193136294572247,0.8253428786471878,-1.0551766903771194,0.565778492726676,18.938225549373325,1.969308613265792,0.8169260308253764
2023-03-14,-0.7637198547212108,-0.6812882596422457,-0.4090427400929514,-0.25207777207716303,1.742144526368075,1.7168504745062727,-1.0670932860080007,-0.7115567174202966,18.783362915315855,-0.67067315136329,1.4500728537320526
2023-03-15,-0.3100930267898423,-0.6950644648644401,-0.3580672824285722,-0.3687601247843291,-0.12217637058660735,-0.1072571158495781,0.10635147867281153,-0.5691175736288786,18.799087049081702,-0.7091718804787677,0.04124446551307494
2023-03-16,-0.2885888738770066,-0.18103721642373052,0.00262784720756871,0.13494333798048003,0.7344794523876543,0.7428511248490921,-1.035678299673283,-1.323197788714565,18.61243105170595,-0.5087397517773034,0.24436156728941288
2023-03-17,0.2838904141280391,0.06023602707543361,0.008613213645912676,-0.167451491824582,-0.4371994872252981,-0.43061315612844603,0.7982830376742664,-0.5691044837115375,18.707340551569455,0.07273787800386963,-0.2326506718200936
2023-03-20,-0.3055548892790072,0.3859244929190861,0.11085589355004515,0.6142890863040587,0.7483365311031835,0.7563292696533573,-0.2846565695003627,-0.8518249063909284,18.680614372200164,0.3610397731255324,0.5365084387262586
2023-03-21,1.4664821171732645,2.3010841654265293,1.8563330080884117,2.2922063001005806,1.8911780005221068,1.8563634214448865,1.3867450705945408,0.36153864909321703,18.848503389263648,0.043023600490985324,2.0426775176101737
2023-03-22,2.150672563506023,1.8918454198223484,1.7343276196636994,1.157995856886454,-0.989632742788765,-0.9987904571971457,-0.2063806469370497,0.20503698425717404,18.828652048923946,-0.19247510061866996,-0.8351406592799256
2023-03-23,1.3236124017581918,1.3459465867918867,1.1623453959946508,1.0660173940106934,-0.16603463712281458,-0.15343228592785912,-0.26261934140021964,0.11603410305022613,18.786669486497622,0.3303814752367498,-0.31779006329936327
2023-03-24,0.7726017588794996,0.3949592385763728,0.8130396709870539,0.6770645068708218,-0.5701812527957926,-0.5672103915586689,-1.2547084473208276,-1.145477218954103,18.57179024121109,-1.3900090420034044,-0.8759924780586632
2023-03-27,0.94091390479492,0.8698383663896079,1.0869143081688681,0.7380949264005379,-0.07875377395176004,-0.06472203672613487,0.5422476595876285,-0.25251466307707016,18.6100739128539,-0.5469041351982303,-0.04508712883877367
2023-03-28,0.489070317742503,0.03982131112043899,0.25884025714662723,0.20133964216911746,-0.5517128270750752,-0.5528104813999637,-1.2380778925245108,-1.6198452050450762,18.40713542898038,-0.7321120558045462,-0.6000368470411709
2023-03-29,0.5036779522238868,0.33707028993139226,0.7606837989100592,0.8440422183944916,0.550154114183856,0.566699500370127,1.69177027316246,0.6890580919438624,18.633046430181388,-1.2492409933517106,0.27054074397919553
2023-03-30,0.7074867818395671,0.5492861684141263,1.3295698226852464,0.9064506132355649,0.029388941274220516,0.04356324479937198,-0.7386104263019193,-0.4974949137140222,18.518281035810777,-1.9014795763129435,-0.10546857898903458
2023-03-31,0.8404347503357683,1.9448634835814251,1.5187514365740122,2.259628967450534,1.413711164436486,1.4098901255467018,2.206598849796799,2.354591633407651,18.952614618787347,0.8033493095872003,1.423903064073485
2023-04-03,1.4387091251842945,0.933449817009831,0.5292084309970324,0.07540960754065262,-1.6470129211930842,-1.6925341517161288,-0.22552077878672766,1.5439591171580884,18.94863425048432,0.9005275644789283,-1.8876100398171662
2023-04-04,0.591889171034683,0.07449326478423993,-0.07314822553586721,-0.2521510536218564,-0.2779929724362738,-0.2647771752886599,-1.0798091666151655,-0.14128609237384204,18.65546666707804,0.23759942067701306,-0.03288677938887186
2023-04-05,-1.4153726251349992,-1.2948555644885789,-1.5113454551138166,-1.3573283726814227,-1.021889878849925,-1.0260150983984144,0.19945110905712465,0.2413942558922055,18.71247311504119,-0.15443017835634051,-0.9438938133641996
2023-04-06,-2.2114045276541443,-1.573958035728787,-1.7890535353421426,-1.1942436641450127,0.024295034812188147,0.03937607221794089,-0.34421356639099415,-0.10365282544742628,18.634645506778035,-0.0630926511299787,0.03885908140933679
2023-04-10,-1.9411702485065794,-1.4623069187082052,-1.7873479616733727,-1.1032291966611545,-0.009838916622025792,0.005140274790700305,0.45633535693938526,0.4586337090687492,18.772425762755205,0.9239845781362942,0.07263047495354086
2023-04-11,-0.7421895226260921,-0.7409707154389004,-0.270859964338951,-0.6740809603847697,0.4333727127423604,0.4456960452930296,-0.8430001238648044,-0.7052596698422519,18.567123804824167,-1.3924574152498574,0.602389705222197
2023-04-12,-0.10702215351968473,-0.3985920889064602,-0.9539949663619267,-1.294790770978815,-0.8434921373869083,-0.8425138184776951,0.9363321932951724,0.44933341020089357,18.827853067272315,1.4013269798711827,-0.7272530181653634
2023-04-13,-1.05807551833083,-0.9241976333015575,-0.7219690719815712,-0.5027171785223155,0.9450075635359975,0.94752968516408,-1.0421131433786124,-1.195464617044355,18.542305289330656,-0.6268740884886027,0.7430189272959198
2023-04-14,-0.7514281919915549,-0.7888590485547409,-0.43038339436937595,-0.49390904957494003,-1.4659754403515351e-05,0.015813599891688276,-0.6202511160345985,-1.6142899486643507,18.384418141671805,-1.2547930995381436,0.13661104121237042
2023-04-17,-0.28134034314527384,-0.17228433685078953,-0.13971185645308198,0.06586244808146041,0.7796692100909788,0.7783912625354127,1.1784127243901072,-0.4219570708895948,18.574793145904177,-0.11319746068160211,0.7509633510753039
2023-04-18,0.056709371358758955,-0.37624440295378575,0.281507666425892,-0.4709178558780759,-0.4566945015614564,-0.4494023849048987,-0.8355447282350592,-1.2613169807737918,18.338027141691263,-1.0498502971708137,-0.566452429714336
2023-04-19,-1.4967695784869917,-1.6155892263019573,-1.2337080148355093,-1.7361168097000959,-0.671839994704268,-0.6674936296107378,1.5317793664908028,0.8342520810037211,18.649668790880572,-0.19336716749333796,-0.7330062169979463
2023-04-20,-2.438775144151995,-2.6231154425729275,-2.614395162087161,-2.7021917819200305,-2.4448483892133677,-2.4749450888974485,1.9394826986372418,2.4801924832536453,19.16723029797815,1.3012362951768395,-2.5223316048587274
2023-04-21,-1.8219225650460475,-2.031663848424555,-1.7630305845097571,-1.7153447516972675,0.6617238598284533,0.6531391599978821,-1.353232313855454,-0.11975920956382004,18.6320674617496,-0.5013142435788168,0.7310276529998628
2023-04-24,-1.4375639209016755,-1.5514331128415024,-1.563871801847904,-1.5081216976577292,-0.09362976872764318,-0.07515489547900313,0.24943822592497963,0.3714645221200385,18.757200129462053,0.5743757025441653,-0.10941778413613742
2023-04-25,-1.4632117270087286,-1.3729388660295447,-1.2424589631887597,-1.3304776889971734,0.08178318679339391,0.09566101440171777,-0.5384693749362737,-0.2080453147858556,18.619525873172922,-0.5358281101372,0.5671690015529317
2023-04-26,-1.1704260163611442,-1.3014128016216193,-1.3590351023069922,-1.480946766935756,-0.7865897763818389,-0.7644851854304545,0.6188425438051451,0.6713895600056405,18.848325397345693,1.1891731640252787,-0.773110049200218
2023-04-27,-1.4285023331690467,-1.0704523827608257,-1.1469150516376045,-0.8016580363577211,1.5085599992962506,1.4582907380815615,-0.6968265003715141,-0.19542902929635214,18.659817330173627,1.230742438397977,1.108557347710834
2023-04-28,-0.6149464437393958,-0.5473538610277988,-0.6082567269361027,-0.3349644950092078,0.9390248871850794,0.922967030164977,-0.3211548293107237,-0.5151413683740118,18.62375056738595,0.7125340601026277,0.8620820542911983
2023-05-01,-0.26910033011749745,-0.5585137318513629,-0.33138644336531003,-0.4024774929024091,-0.036633025090752856,-0.018474767375335835,-0.4532836647100761,-0.8599361570209504,18.506996054577336,-0.9276364856961823,-0.01756292286012284
2023-05-02,-0.2180675421613458,-0.12621601572153213,-0.11814975028176924,-0.42567466755788863,0.09818897188876013,0.11401439050188286,0.3240839344508416,-0.4789167510801767,18.66956768048003,-0.006777347878295895,0.4314832465097596
2023-05-03,-0.37316200743535055,0.19503162173576388,0.6514565427165326,-0.19786104951211259,0.33230182661517704,0.34145251062275356,-0.329695792151743,-0.6491578412113223,18.60073306965454,-0.8648198464158392,0.5355811443067126
2023-05-04,0.4666451294810287,-0.4249750816327666,0.6099794753968542,0.04890493897603505,0.18936066362815823,0.19987568025356597,-0.7443224451748828,-1.5047860684092382,18.370528913636228,-1.5250902958473158,0.5383134436283428
2023-05-05,0.8753588012101591,2.2169240307849805,1.6654759008454671,2.1052875613019864,1.7436958814319923,1.7217972448319827,0.8107249161639294,-0.5104737524612551,18.492451496220042,0.49362122287703825,1.5271411981593508
2023-05-08,2.2702912711791323,2.066346501832061,2.0945086773919006,1.7951692283252072,0.1473266120043628,0.16018016273256552,0.3558730754285279,0.11842780866261955,18.536233748269506,-0.9042758905278472,0.18794127244274322
2023-05-09,1.0976224805637556,0.9267177138507183,1.243790119348708,1.0515592429734597,-0.7166220433711684,-0.7125365653777461,-1.1423468689758074,-1.1719485879129716,18.30375360316345,-1.3541177471147066,-0.7066019568756994
2023-05-10,1.356294236980416,1.5287401648254009,1.0522563293459017,0.8132879804263372,-0.5433135370871371,-0.5407595833374116,1.9483151823807012,1.795977656646787,18.60167392718203,0.8483773750004407,-0.9762911661123191
2023-05-11,0.616901828788825,1.1298989323912725,0.9452839575495123,1.267031222245393,0.6253664371317775,0.6368981669427917,-0.7067795545025152,0.5272316931868363,18.458842252115275,0.5321012193722638,0.9549846744772382
2023-05-12,1.5895748839998138,1.4938739841034177,0.8680752659661665,0.33812958563330076,-1.1548159984290143,-1.1745853726265056,1.921602539225837,2.466742681261112,18.875425426607894,1.9023660623145047,-1.430988775289594
2023-05-15,0.007014665186312355,-0.11546096349566737,0.06849918397212215,-0.1007017406468228,-0.5676083435129188,-0.5683750002717604,-1.3325966042487503,-0.11616559513405295,18.475097913457297,-0.3771903981728632,-0.9210859057408567
2023-05-16,-0.4610312327327675,-0.2703843793936725,-0.1572368046590152,-0.23074515708480825,-0.13665050500936352,-0.12864576949204973,-0.27202804077186526,-0.31610813922902237,18.403420651872416,-0.3169754873854534,0.17814323829135637
2023-05-17,-0.10082664333391811,0.709833629481634,0.6074833413780026,1.4183018011037662,1.41723808994929,1.4147956357722866,0.8680580631832436,0.8684644370608381,18.647605943811712,0.5480891661937325,1.2890651190862126
2023-05-18,1.0684145223473942,1.3534452418601703,2.1705389190925133,1.9583317854407538,0.3077167865758576,0.31959775248546457,-0.6382432184964837,-0.09816188156699143,18.511620487297154,-0.8675012898079778,0.08638268084708997
2023-05-19,1.4913251742425986,1.9713621569641677,2.22302529329122,1.9306884547469378,0.6134890854784246,0.6203264738743516,0.6746984941747657,0.909347445562331,18.728343376398776,-0.337003855048113,0.8654300686397389
2023-05-22,1.772389596209981,2.195237465898992,2.0562852026457485,2.200994773413309,1.5895220911938746,1.575337630054656,-0.2822937110992692,0.4939415664451422,18.698323094130686,1.0262687251910463,1.7785681175867654
2023-05-23,1.9217735917440195,1.9023691561087377,1.9658105805379809,1.3730271320358485,-1.067122076981125,-1.0734252651345002,0.3812261818344252,1.1045874892459544,18.87145122759144,0.09085029360305791,-0.647963643693944
2023-05-24,1.0765634793233767,0.653655010208405,0.8133609323923146,0.832796516298452,-0.9414565726353612,-0.944612222994943,-0.6454985826124756,0.013135017730728383,18.739898553997328,-0.5405013329923922,-0.7816625436923157
2023-05-25,1.3324525379745886,0.8004519850679265,0.9273879716750283,0.8471018074180223,0.05301406774853552,0.06442373481906381,-1.1806370172935847,-1.6330355993487058,18.38888766787891,-0.41247105749778284,-0.32046792131420293
2023-05-26,0.9138103154737218,1.6493530605337765,1.1691248162088201,1.4749884304155547,1.2953145434062516,1.2887969657368976,2.06919457980116,1.3398516227224229,18.90348645695569,2.471946294158032,1.0627269337007486
2023-05-30,1.962218529677692,1.7055200568382594,1.9770386054969333,1.801926962561099,0.8730832337683992,0.872749406235502,-0.8870278939331682,-0.40298451459266066,18.673916555194264,-0.3770173606657483,1.164390884029619
2023-05-31,1.5616762730173337,1.3821032502987018,1.427012526154106,1.7050390962983601,-0.2859781244638985,-0.27506492531922283,0.3210753981481793,0.23313989863877832,18.830879304909036,0.23273300602332336,0.043407830098369495
2023-06-01,1.5131510791410019,1.548321241677317,1.5406919104875871,1.6143350596467034,-0.021111002149774127,-0.010932716251968967,-0.23153674334233929,0.000426229514900976,18.812924845106096,0.6563831547091945,-0.4494680580857082
2023-06-02,1.7168064765019067,1.7239511363220554,1.8987816397246837,1.6906257650115661,0.4991348573856525,0.5048175613357379,0.13668037469192815,0.365284092202636,18.916163268050955,-0.5886917987897037,-0.045355006564770546
2023-06-05,1.7723784659922865,1.6012188971252939,1.7188177932006559,1.5538506258910465,-0.09893471389843629,-0.08840937241751931,-0.4339833552877933,-0.27061294532948527,18.833737634747454,-0.8921510930878911,0.08611242752200497
2023-06-06,1.3177248673127921,1.3065501322161461,1.2514134662685852,1.4227364214805123,0.03970046150149354,0.048863557911491995,-0.2467372845297502,-0.47368523890590253,18.805341610115832,0.08481512491550527,0.04167577600971605
2023-06-07,1.6397420006624528,1.4957874049647346,1.5418729589581286,1.3218160088775708,-0.2587787764694913,-0.25106857446805575,0.7831711657725032,1.20561594696047,19.03970118833639,-0.5917648021480661,0.15009768342283897
2023-06-08,1.1595356016030933,1.4765273921142932,1.269147427640648,1.6154966502322095,1.4004419809674886,1.39782969267958,-0.5840382505046526,0.06843405000685106,18.91835851830701,0.7545609715567184,1.375602087889745
2023-06-09,1.9795654558064595,1.9818301185862377,1.8988299490418372,1.788721583437532,0.8591813293087284,0.8614056865532301,0.46100124469864173,1.1106384573070958,19.11323925628116,-0.1696463146940912,1.1723425620129915
2023-06-12,1.571715382690154,1.49824314048674,1.64053608790811,1.6738652818812354,-0.3140201881004748,-0.31012055003047034,-1.4419251989326591,-1.5207991975061435,18.828395991929288,-1.535147665730321,-0.8149047103023579
2023-06-13,1.4672596943470442,1.5465435472102207,1.5553617662358667,1.6738620515123943,0.8507201437161769,0.8544378339408024,0.2799971637764621,-0.9799542061419481,18.905476312299918,-0.7315004087702409,0.6387141482800869
2023-06-14,1.447947869840457,1.3534651607837889,1.254462994171701,1.2842510675075167,-1.9966460083426882,-2.014484670774834,0.17724653765977105,-0.518177335846813,18.95468857778588,0.459935146726903,-1.8829787479739268
2023-06-15,0.7100174726435919,1.021162368179312,0.9163667071207444,1.036719174294399,-1.4068548892073136,-1.4127223413227508,-0.512282260831951,-1.0080538130640466,18.89175380739944,0.8961080224910091,-1.7990556944897411
2023-06-16,1.0851642965509218,1.0754260395146997,1.2418448667915636,1.0901604414676833,-0.10915145356101796,-0.10151595036904937,0.21940258094831422,-0.4987411647437532,18.93687414140959,-1.3776698342545632,0.2632004513745725
2023-06-20,1.0324035132295757,1.4321837559317006,1.222945918638462,1.559821513102943,1.473896828386573,1.4599441238798951,-0.20646607497681518,-0.6084432953360955,18.925153436516915,1.142153558583697,1.6730559583733327
2023-06-21,1.5961917216914883,1.3733003357351152,0.8954490801907646,0.5274041677932708,-2.2203446235191913,-2.250449367104015,1.3511020454445126,1.1596195311274229,19.171139303596924,2.0743289143042976,-2.029773152652113
2023-06-22,-0.1674224730085882,0.42296033836748237,-0.005670222084529365,0.7920695544641857,0.08871404604002264,0.10135187818882556,-1.265705082712295,-0.7340394501351918,18.93276098635515,1.2676492460783766,0.05704603141948186
2023-06-23,0.335715024870666,-0.022590218414997632,0.2483304338584538,-0.1900125929449089,-1.1862867721708508,-1.182666275979398,0.23361331575208505,-0.1993394959739448,18.98930781376877,-0.42398835705202925,-0.9580213354293231
2023-06-26,-0.782420032660175,-0.6316069606344284,-1.6563005045475632,-1.919485571301965,-1.5776268094561572,-1.5979204859253449,0.12816969762687044,0.3971760764073524,19.00841519082448,1.3639719625252507,-1.5302129454178814
2023-06-27,-1.4356575801185976,-1.6383589372014316,-1.4532798446977044,-0.8775673219828286,0.9448047813468125,0.938421970387214,-0.7855025358980428,-0.8800181312701408,18.921263292079615,-0.5736329149140912,0.7275892883289409
2023-06-28,-0.6571874397451192,-0.42533571283578625,-0.24047363085338735,-0.15472797327785587,0.636002781694029,0.6411024132725719,-0.2924593713084505,-1.0812953525991023,18.889250852448033,-0.39188658089313505,0.6882070520932156
2023-06-29,0.278459463338718,-0.3034250959042757,0.39852655482415034,-0.01795489285193085,0.1037810495317257,0.11989968708761103,-1.1724919580706037,-1.9159851750369283,18.69286891087002,-1.171577546750994,0.0018591390463998149
2023-06-30,0.4391933284790839,0.10254629651888264,1.0599946579937631,0.402870650905305,0.3535865495828508,0.3644279069081121,-0.8343856867954419,-1.8860772553061906,18.53639587407626,-1.3947499861234824,0.054358438954261526
2023-07-03,1.6628082263726744,1.8393922364391677,2.0581706606492345,1.7669781204346968,1.391590583944157,1.3585069573543465,0.6261654557878503,-1.1493611958242107,18.600381377458874,-0.695055572232863,1.4813954566287686
2023-07-05,1.4760155362464895,1.521809964339239,1.7444616826167998,1.7241524751452733,0.14363258733579473,0.16058202625022192,0.7507805451536332,-0.46924197036003384,18.694752370569756,-1.0220874672534628,0.24749821652176032
2023-07-06,1.34996195894898,1.1190593235195376,1.147579002770797,1.0357630254894408,-0.7643104352541465,-0.7543272239051834,-0.329491384890754,-0.48256094071937894,18.605765986579375,-0.7052642228631422,-0.5772808335954509
2023-07-07,1.1104680060128373,0.989160023745063,0.988337451976776,0.775230223713894,-0.3243909386933062,-0.30930899349420776,-0.23960846905447875,-0.4934851891595477,18.548211678532812,-0.5809271247800368,-0.2614292867035013
2023-07-10,0.8104142441571167,0.6000921192963373,0.29989613067323717,0.3375470654282637,-0.6502696966797537,-0.6403351776607253,0.928909579848203,0.29832268551447827,18.598202474990575,0.6832068398248108,-0.7363344943401791
2023-07-11,0.13653086257220695,-0.03158538066288343,0.23971038479116016,0.17867844801067617,-0.4049268034143455,-0.3991034616569326,-1.574936065736194,-1.0563805133372255,18.33699910087714,-1.234739164507749,-0.5956938680545568
2023-07-12,0.5900858006480054,0.28324123957014913,0.5175145813899024,0.21876355873667408,-0.02006481262112033,-0.009031423342591811,0.7762814940124461,-0.037723442509419405,18.3764372883205,-0.8839675985801605,-0.23308028254369553
2023-07-13,0.25457314187389957,0.4513425324203965,0.26352425839030325,0.7264014524442269,0.5247390526217074,0.5400939719701029,1.5317958524834796,2.0726119652953314,18.54007582179249,0.6454914750491065,0.32468087154041647
2023-07-14,0.43230696634592536,1.0833962501151901,0.9686206058284792,1.0627500097281686,0.13152230018328068,0.14430260223901778,0.5228216214556747,1.931877365043623,18.601092987500625,0.5675340473129763,0.2817499567000176
2023-07-17,2.146113032784954,1.928765800136726,1.9054169027931693,2.0095200678321405,0.8084331586559895,0.8204797836864192,0.6534260972224968,1.9112540200933468,18.695046554731206,0.22818017290171816,0.7574795138100708
2023-07-18,1.9345011535659165,1.7915155815334,1.7260314796428189,1.7786941689719198,0.3212589320608585,0.3274589868189609,-1.1616225416106651,0.579716040780354,18.537883175535264,0.44865055922955255,0.03098972981731135
2023-07-19,1.930778881245064,1.7098580525245208,1.689609064623507,1.2816433547600987,-0.6074376542769414,-0.6035596958359429,1.6581184588172038,1.7578684798737678,18.773837312661563,0.4886886876725455,-0.6915936753947945
2023-07-20,-0.10130000575676401,-0.31855791306238807,-1.3992609587724165,-1.468419534754947,-2.5970612722595523,-2.619455464095399,1.1412480605896962,1.9929659139690987,18.9812007001473,2.4585713607858657,-2.5808140759933504
2023-07-21,-1.2533900413344128,-1.404644882613012,-1.5103252027260812,-1.4074427671876477,-0.1725331779182867,-0.15103826816918597,-0.7957971553377806,1.009704748242985,18.897226060875717,0.6502169840685539,-0.10566867184277154
2023-07-24,-1.827089753422366,-1.0812754885457927,-1.4002721112396839,-0.6451097775805985,0.9139525432473771,0.884046060748368,-1.0395113877394444,-0.009062575476643592,18.73189744903835,1.2833678671466369,0.9819279354232575
2023-07-25,-0.45935545953009677,-0.8382354689103669,-0.5095653503915993,-0.8947827089424005,-0.344775988174647,-0.3184624916456285,-1.2598150049108368,-1.1117962345575814,18.540748288130885,-0.5666212570345696,-0.3773773227249305
2023-07-26,-1.0595206605849516,-1.127746615690514,-0.6725846668995118,-0.8712994641168881,-0.0352532526689501,-0.017000752484045967,-0.9407227449767857,-1.656699925892697,18.378359720198986,-0.9716736798050565,0.027065434604578963
2023-07-27,-0.5871761000781267,-0.8977742056599927,-0.9897912191810712,-1.2358165052261014,-0.6635779342025024,-0.6382377580900782,0.4704299847619916,-1.1564663474281947,18.456986645860084,0.7087799481114481,-0.5237020924497877
2023-07-28,-1.0436014781898897,-0.870429037098511,-0.6392324370635475,-0.3843546752568926,1.1497705002067902,1.1170185485406645,0.4193737210221214,-0.7491225501057804,18.529050735591156,-0.4511985408070163,1.063137522172187
2023-07-31,-0.35700759821569966,-0.5770711441816879,-0.10306874931905051,-0.17087277160298547,0.29012878865639724,0.29980607676824467,-1.1822416761014714,-1.2347494897300624,18.253234412370436,-1.1965478985525786,0.32682267791046055
2023-08-01,-0.3042267229785458,-0.6553235867565184,-0.2207936705810037,-0.5509416308994175,-0.33524550327477726,-0.313926629220398,-0.003381270259765152,-1.026680003039547,18.23634918044769,-0.901972116761177,-0.28431667561574653
2023-08-02,-1.3635519992527756,-1.7876103651505075,-1.7545628910174318,-1.729881030996352,-0.3565927820817587,-0.3361475964967626,1.4576642694863946,-0.22836575827261948,18.438057892937056,-0.2586252941466204,-0.03203331981165179
2023-08-03,-1.6126554037365015,-1.5992383559949956,-1.1469714983385004,-0.5874695880698224,0.8308813965081999,0.8383060381592138,0.04536322924195376,0.1118909986504254,18.39607141314397,-0.21233300277893838,1.0795447737979014
2023-08-04,-0.18860254132967189,-0.4757358357654244,-0.8371486658063761,-1.3738894733741993,-0.7139575517582857,-0.7134106334673451,0.3840494275388865,1.002277747910093,18.413077925634262,0.7012337366028647,-0.6802134580572918
2023-08-07,-1.4508747053420281,-2.0166389992111826,-1.9600012721617575,-1.4427126526940737,-0.12861594746686636,-0.11959648038677144,0.8988442468724269,1.9978870238336963,18.525922361542097,0.9209797789494335,-0.6556019403130043
2023-08-08,-1.6111800737537945,-1.8368157790344615,-1.3272330254133438,-1.3671676595152629,-0.050402777373896805,-0.04046747998405092,-0.8862412592238224,0.8787262149244872,18.386526067139773,-0.8840726392893623,0.08246826033793868
2023-08-09,-0.9386079807758885,-1.4027389660593697,-1.3993472929206126,-1.8068543663786238,-0.8900905551914828,-0.8986660749920049,0.2852722653013141,0.9821143845785529,18.436517684965573,0.2249674305139587,-0.8375704735190569
2023-08-10,-1.354065984955608,-1.0697923499585793,-1.0232492619358327,-1.155425433299014,0.7183152907521064,0.7278699472198538,0.4915933043400235,1.2062109469673816,18.511422330883505,0.2777242569101976,0.7777005575560502
2023-08-11,-1.409316718367449,-1.6390008454482339,-1.3110539229805975,-1.2218142715299407,-0.10430557759472923,-0.09700197741094692,-0.7016210497037667,0.47932733862470406,18.409282034805575,-0.9227508581033955,-0.2166368153554943
2023-08-14,-1.6858571761276826,-1.609321237040275,-1.5555407709015598,-1.387498231291861,-0.07081716642162604,-0.06376450684313063,-0.2198216456235423,0.20184856141757745,18.40653416123641,-0.5026131590131113,-0.5936946426136069
2023-08-15,-1.1905144396219647,-1.3475780375682809,-1.4867718592024408,-1.7800186368085176,-1.009986977880998,-1.0168030912319643,-1.0505265694294508,-1.2366427426734783,18.29509032106062,-0.10176300394754825,-0.5789796057424041
2023-08-16,-1.8142461004183998,-1.5988832581754582,-1.786046094540634,-1.8637214800555002,-1.1336850359600976,-1.1430725629745135,2.1098403582823804,1.2583100074819755,18.538326001228857,0.4307667554005462,-0.93741192100824
2023-08-17,-1.5243877326256607,-1.7442199587180993,-1.849413690667025,-1.865974896795213,-0.833994341298807,-0.8368117081563456,0.3712142988029482,1.5249863455376944,18.608971126809305,0.13591650245939568,-0.6198373974519759
2023-08-18,-1.9660149735604409,-1.9648413979356534,-1.8758309915295146,-1.6628503653197781,-0.06090901796204258,-0.05483576222112546,0.6869150909186963,1.8523953190658204,18.726794659015916,-1.1858024438410155,-0.2786607415857684
2023-08-21,-1.1075510370756703,-0.5975211797767305,-0.9329100691932197,-0.2731559195500527,2.5633115653951943,2.5447075233078222,-0.2234726588993573,1.317078386044219,18.725977028807453,2.143024285743973,2.6041125124480007
2023-08-22,0.5225677067075745,0.27462429353438916,-0.00469554572268301,0.04153051699077017,0.45593580648867166,0.4779761999596825,-0.6514678550672688,0.5127987022625711,18.68763370270195,1.3987892792964935,0.5324735887712004
2023-08-23,-0.27708847689431576,0.23864106887707587,0.1028126126371099,0.474685163869513,0.5548550868712663,0.5748008598408779,-1.6782396324075703,-1.38784845980134,18.431399106526325,0.597718661145357,0.21248139559245116
2023-08-24,0.7927927374161671,0.43588153660065393,0.17164114708081019,-0.07741861390775188,-0.7097021692285121,-0.7205882062984429,-0.08701815941304286,-1.1536760745137342,18.41845227275386,0.9386687639391964,-0.42170146159189814
2023-08-25,0.11164882979698967,0.5332447358841446,0.6253860994142382,1.0311096206044672,1.1002809036527827,1.113142143490597,0.3928175581429745,-0.7221257943162176,18.484708519056383,-0.1729738999756394,1.0437783155661209
2023-08-28,1.263063624972634,1.131432344630003,1.294690535814256,1.0873985431552038,0.023918164659527574,0.039763134636064505,-0.051871138711081906,-0.6704233384068684,18.49461592474995,-0.1945486988190714,-0.23419579649918143
2023-08-29,0.8273298202674025,1.9281180776669749,1.4282415242846396,2.103421893881984,1.6352592467890308,1.6182652307604382,1.3377558623848604,0.41125351120249426,18.713705526178753,2.4557409166760436,1.5881339278996465
2023-08-30,1.7750570926068192,1.6217287154533584,1.98512170083708,1.553002104117388,-0.3891292747110068,-0.37914519742405145,-0.8327448565748475,-0.30020696187257234,18.61943652440724,-0.3502833484543832,-0.5065563120359536
2023-08-31,1.4699958088561513,1.3288223041039022,1.738534260498213,1.3252291341066587,-0.35117603061437735,-0.34138608612980686,-0.8057916727864337,-0.8265389631202477,18.505588836422383,-1.187327676458514,-0.25673399709020644
2023-09-01,1.3629155148373113,1.0709667190087475,0.5729912702791782,0.21841855369668775,-1.5994915715240572,-1.6397587345209836,1.4636446468350894,0.7699685800205532,18.700374754117114,1.297427619077357,-1.7647006297065617
2023-09-05,0.17131501565863758,0.8081734950823048,0.6869425443618585,1.0279984341846031,0.9816591532929806,0.9816704428064564,-0.17856661720391143,0.8626831472952471,18.67895667023507,0.3012962429894245,1.2762914208906693
2023-09-06,0.991497587784702,0.4224267951511401,0.564690253418683,0.4747949530270959,-0.6957284608202943,-0.6907539402090607,-0.6511577446917455,0.1183590680275013,18.577340852527907,-0.3283928772787242,-0.5178248848735625
2023-09-07,-0.14684844586762222,0.015546864329404721,0.23846532960595518,0.30952969458792534,-0.2214949206042597,-0.20699955518825963,-0.27307974793473394,-0.2774438047546971,18.56315986969985,-0.4774320606788064,-0.14143135051658162
2023-09-08,0.4180804058915369,0.2875430703800381,0.49385212842225346,-0.2427073480335749,-0.5574261251867969,-0.5502524222692906,0.023958237682347838,-0.3147684850613671,18.58930644759058,-0.3913624934157779,-0.5895086282766544
2023-09-11,1.685477510267977,2.2073293922049637,1.8995052348357875,2.129871029576684,1.8677409476027886,1.8364649440654548,2.1760962202692276,2.4023844222865827,18.97839702038613,0.3535387668624781,1.8797656911463658
2023-09-12,1.795582562278658,2.017912095843098,1.9279418425133144,1.2658081088879694,-0.7300892669437908,-0.7327437851784986,-1.2531573707627548,-0.13165716174402534,18.728164715758886,-0.28478999363021035,-0.6444055670161716
2023-09-13,1.4478158266825307,1.2732986169182747,1.6176394586789165,1.3598223971617158,0.1950221982943184,0.21672673244253346,-0.8600775773300204,-1.182818676623609,18.53109179316704,-1.2865630287889533,0.15540356828723337
2023-09-14,1.2596132871740824,1.1762541218124027,1.4307964193256706,1.4286782735636006,0.22660284226458235,0.24803356246326475,-0.1939621617160859,-1.1251423806659504,18.49495114077163,-1.2188293219439332,0.021466203159097152
2023-09-15,1.440502456842987,1.1324127610063175,1.2133077608206433,1.05719852875971,-0.3061719197485579,-0.2951770015693948,0.9396169185341904,0.009202060115306651,18.70903359887927,-0.8823257037299824,-0.04993912874759228
2023-09-18,0.7496873109229959,0.33910349443261834,0.4907851752202236,0.15418463543777672,-1.05262017739405,-1.0824696207951274,-1.0595757823198504,-1.236061999123391,18.435995876311022,-0.8135688927215582,-1.1800748026447598
2023-09-19,0.024931950249680836,-0.09281056578192959,0.14280965335438894,0.17965089723072689,0.004274954729762021,0.021009703423505763,0.10758562324867806,-0.8383119487606978,18.457051254904844,-0.9616103830317193,0.03337500967602671
2023-09-20,0.1773155420932851,0.3622747113643486,0.1115804525687483,-0.3341184454229682,-0.5215421572713492,-0.5262459389691919,0.6969951183424445,0.07768964933579141,18.623740772683007,0.7941453668971904,-0.33542802114569553
2023-09-21,-1.1500696715774195,-1.4059455994265542,-1.1024051183610404,-1.197544982882604,-0.7411747987343624,-0.7582296628681321,-0.21794613032305332,-0.08441468670578055,18.59908631828576,-0.7502732541820791,-0.43138181476053405
2023-09-22,-1.5439964847366818,-1.8994223588434203,-2.212145274975228,-2.185008958940772,-1.0169576732711292,-1.0506329192108554,0.17111168650257533,0.2414379577486404,18.663815932150296,1.5204584892734896,-1.1459509324523938
2023-09-25,-2.2014842121256017,-2.0738041614684226,-1.9621889759787299,-1.4970515278617673,0.8885404583642124,0.8886765275724751,-0.8491786616316819,-0.5043131166876729,18.46600396234742,0.29094459649444565,0.6060449435785825
2023-09-26,-1.637257206867672,-1.42877528233429,-1.3038012419960014,-1.3696955833086932,-0.13246858931976288,-0.12297804769681832,-0.0506971206401622,-0.32276987733253576,18.440420633986488,-0.002962501788827725,0.4223724242966054
2023-09-27,-1.2172501931121165,-1.3956327320616655,-1.4526573812940013,-1.3160815569100877,-0.15995599330816998,-0.15150574723752316,1.6987459050148177,2.004290468326805,18.732547014407867,1.0826214691315796,-0.4359450421459248
2023-09-28,-1.239711401632847,-1.0019065283669475,-0.9522583573135273,-0.711401120219667,1.7675961488887233,1.748007109270957,-0.8905055026431736,0.30641535958481925,18.578187793435422,0.12614374070998147,1.3407495400956604
2023-09-29,-0.34180315285809054,-0.2689420195526599,-0.2019374473649847,-0.22007817575221192,1.1251216999513751,1.1213742959266604,0.5001760858240158,1.1359610972158216,18.670241866089963,-0.2594720581078523,1.1820418357592006
2023-10-02,-0.6582046261174724,-0.17202274166214918,-0.39580278890342213,0.07792501546935948,0.519137104547819,0.5238263124366273,-0.42780942334992655,0.46799915230893513,18.634261929225325,1.0140018200753458,0.3900465557956466
2023-10-03,-0.1197002750999983,-0.478838879834738,-0.039981195926244384,-0.37868935229125034,-0.6102168049955338,-0.6046027609374972,-1.1245720781481316,-1.4016034395050965,18.440339253020873,-1.5572722177060518,-0.21782203177327836
2023-10-04,0.06588283108664493,1.5198143148760914,0.779177275792987,2.0377687344888598,2.033579634260574,2.002968430762278,1.420034101136094,0.7986863367721161,18.680901181294544,1.5540930884168191,1.9991755142883259
2023-10-05,1.8749426087249699,1.641392599743823,2.1273349734141425,1.605726198558571,-0.2254302948101979,-0.2150154782063657,-0.5251009710617645,-0.09555383005576254,18.59597098051665,-0.9886588505323242,-0.2781625296133733
2023-10-06,1.0718378655938983,1.1950614381032132,1.0197380967837442,1.3155219217309104,-0.19870195376332583,-0.19116549289629653,-0.08818189934596175,-0.08598327294785567,18.585745937466733,0.499742786827951,-0.8706072722665764
2023-10-09,1.0511229051837718,0.9429933914511407,1.0096083410822962,0.9809112453024079,-0.3664893598187347,-0.362513649719376,-0.8547518732060514,-1.3505381062376516,18.434365686513217,-0.18143010717809846,-0.7503887613093608
2023-10-10,1.16672075559619,1.5541530102110093,1.4344911482027434,1.2041099144199334,0.31975805769086957,0.33207929046725226,0.9515498674218817,0.07233121410193069,18.6248942553153,0.38851101582691944,0.20398280037769742
2023-10-11,1.776152266055076,1.273073486991136,1.5755891659470767,0.9851111999496284,-0.5342955797234998,-0.5336994732869491,-0.8687051104402901,-1.10469081255961,18.457073433166755,-0.8486227690097105,-0.7081534337148573
2023-10-12,1.1678826531859645,0.6965249466716577,0.8245077689058835,0.22882524095459822,-0.9374178527128657,-0.9510335169406738,0.4506002372350994,-0.24892224699175552,18.529607800933743,-0.3608777416770413,-0.7000183435509919
2023-10-13,0.47151833528552944,-0.32752858852801825,-0.28213420146442714,-1.12670293451485,-1.251610211531731,-1.2786941915638883,-0.469445522123997,-0.7745354603583949,18.441206648835923,-0.07853006725994255,-1.2048627562054885
2023-10-16,-1.0051303140381505,-1.0850498948195038,-0.772937931885178,-0.7090500841804568,0.40496068724754636,0.4194353850615879,-0.6779456911186332,-1.4727181150478752,18.30321616883204,-0.8282422280947644,0.0674970292871807
2023-10-17,-1.054198626319947,-1.165690127029348,-1.185518467131045,-0.9378951610389358,0.004083857609641905,0.01459913770962684,0.34383999949160177,-0.9130872690545003,18.35414450604008,0.3082457342005444,0.17570751213313146
2023-10-18,-0.7629005976536815,-1.380108177939005,-1.7819102303585752,-2.2202617882034246,-2.1147145416360176,-2.1301324748332626,2.0216023397902987,2.0298456540400727,18.645006004772785,1.8440585025940746,-1.980355324809701
2023-10-19,-2.5002380856731152,-2.52888793314235,-2.548491664705739,-2.498547982377716,-2.321768138544986,-2.3474470052713574,1.608507319558699,2.479599929780327,18.955843996333762,2.1254802349557482,-2.500501735337117
2023-10-20,-2.0577158540878067,-2.134938596769667,-1.9754411625302635,-1.999005349315649,-0.5135340013584901,-0.49358145215612437,-1.08775847860129,0.8235528578874397,18.74083485406136,-0.050079404283703034,-0.23378201562777193
2023-10-23,-1.7558927710617418,-1.6386597882060787,-1.7288362962384622,-1.5070236123772234,0.5983838217557415,0.5971979130818322,0.1839254723710299,0.89933212151114,18.830691511544806,1.9128448499022834,0.6785326972784811
2023-10-24,-1.149310941222708,-1.1227693153322647,-0.9661086036451507,-1.0539936948068684,1.1718444762834659,1.1449416099526366,-1.1003398638254944,-0.3023388397792539,18.588151750153205,-0.4379577910617044,1.064848751505416
2023-10-25,-0.9732312410191062,-1.0047936894608227,-0.8710028370300112,-1.03128836210643,0.04966045382858775,0.06435407930713655,-0.5630223713598715,-0.7381511836256668,18.488947627974177,-0.5031991565295941,0.40957139929397235
2023-10-26,-0.9948605785500636,-1.0558713209090633,-1.0228387527910834,-1.1217836454518741,-0.272907778178986,-0.255158398925869,0.26645095982247236,-0.4403877850629956,18.561421346413916,0.20882339931699265,-0.08172917726372693
2023-10-27,-0.8653780993425604,-0.9823966232271768,-0.8077700714997651,-0.8599601754744379,0.7456539382289935,0.7399206336168704,-0.8852335188539041,-1.0793347904492359,18.36813615122801,-0.9244991594624594,0.8726026133271514
2023-10-30,-0.7765019931667554,-0.8920848383836856,-1.2102492414554749,-1.1834145109618643,-0.6907527393056891,-0.6762029863345733,1.5196584016658796,0.12288424950257588,18.73145562071511,1.9257156703483458,-1.2473537660655183
2023-10-31,-1.3793272034904132,-1.2493864219418747,-1.1457603979650086,-0.9438207473482481,1.1363264113991027,1.1193727189222518,-0.7319133937705689,-0.6968172334778465,18.586773837010977,-0.36229123046329104,0.9059730800106719
2023-11-01,-0.947784276619559,-1.1815473928318811,-0.9264776114778277,-0.48004696789701273,1.0649984150864455,1.0455367360049999,0.05022337061835971,-0.4544349482859623,18.616754808347125,-0.5191432870650885,0.8087327544341665
2023-11-02,0.4084053801209742,0.755327026620754,0.9026709124179436,1.4436177680856448,1.8545813542596916,1.819433816986956,0.2521102672734019,0.1602013176472537,18.651694055311783,-0.6342233923130278,1.5931682403776086
2023-11-03,1.4914549140441415,1.5351975071992199,1.523004594239974,1.3697197523878055,0.0799661874203448,0.0938701603949414,-0.28406596802972284,0.021300385710993516,18.596992620404322,-0.6144038996985899,-0.1374820524832019
2023-11-06,1.458747885235595,1.2604776556124557,0.9252293504675381,1.0982220059312484,-0.22072206859843108,-0.2075334782255543,-0.028485739561979563,0.4766002825789688,18.580550475923108,0.5149663723866899,-0.19017280085496066
2023-11-07,0.8905981073072153,0.8431809917368212,0.9709217763905256,1.2843968765702456,0.33133722420762146,0.3439742664984167,-0.08135875208841288,0.42589444078141797,18.576830290428237,-0.6953277892435317,0.3909368040921243
2023-11-08,1.1015011005571256,0.8860756380594355,1.064774633945364,1.0804788570394235,-0.17277347616168715,-0.15964144188854928,-0.5839221836627372,-0.677671320871595,18.484451479793226,-0.9045622375382338,-0.05867341767462167
2023-11-09,0.6158569133195996,0.4188191692149242,-0.11068040081989028,-0.2528769484247902,-1.69020925460652,-1.7158140389465169,1.5010341189722112,1.860619228317766,18.77211548899987,1.2843269403178015,-1.4601699444383984
2023-11-10,-0.4365606246137458,-0.2509425526744875,-0.21464381118668663,0.17580969593668583,0.5298929571681363,0.5369037464047056,-0.661471772863126,0.5618559517699151,18.690662086223725,-0.022382143058857714,0.3219158871189186
2023-11-13,0.102000961588002,0.7642697850910952,0.26518612418962584,1.03436097195734,0.9447226091994733,0.9349730935130226,0.47951757530957106,1.315507017661008,18.760345030556973,1.5060113978540821,1.3986511004546154
2023-11-14,1.9290136823103614,1.8817527486940053,1.9959935043803763,2.110955810822476,1.2719484343430518,1.2477597273909067,0.30311281127191597,1.434616544843433,18.824622031635688,-0.8969008331997425,1.1404339101958616
2023-11-15,1.8844291897865737,2.175996577598649,1.9861513922326421,1.9936327079965876,0.16210028400654405,0.17529931346648875,-0.19241933992596955,0.9843605291147306,18.828503078285177,-0.0928237680092174,0.36013583127208926
2023-11-16,1.4756291787178544,1.2325609808610167,1.1468990648573474,0.8764952038935625,-1.3150340837223142,-1.3209887211846107,-0.8280240337161718,-0.22453853476544242,18.734153369939147,-0.1718270777246685,-1.4234231983498042
2023-11-17,0.6080917120579721,0.7429117575688903,0.6334698881037191,0.7846789740902322,-0.111104336072531,-0.09517658227113425,0.14226678909611915,-0.05067687507260458,18.775082713641204,0.11653452888908815,-0.05312434939148782
2023-11-20,0.6902202506375353,0.5992830687625101,0.8674378651924431,0.7457799144991624,-0.06386067950413978,-0.048086177307503,-1.3607448086366187,-1.7263018281589044,18.571856440043465,-1.2289383955758337,-0.18571107619934274
2023-11-21,0.6425202343076543,1.001492975174717,0.8854144315152457,1.0342640169539126,0.4321007706920508,0.4406750899230484,0.272512212946398,-1.1825497897661403,18.62188948464222,-0.04841539635320648,0.6814683420753412
2023-11-22,1.0666911977553717,0.8494441324795419,0.5945142969915215,0.31362293575316486,-0.9528159278179216,-0.9477094534924639,-0.38863362636803994,-1.4293213491703312,18.585776459184373,0.5613029016338712,-1.0751173061806645
2023-11-24,0.20245123782796767,0.2124611153971143,0.5282704013295141,0.2591169601938727,-0.22128715358012568,-0.20794291811460514,-2.4374272784694546,-2.351855147694305,17.991822144405404,-1.289332789312361,-0.08714110048684319
2023-11-27,0.35421718429366705,-0.1212521376315657,0.360825050738695,0.12515511356859083,-0.2443271768489739,-0.23177447311567043,2.390517891169623,-0.35634834136104654,18.534293326456744,-1.1015207004215408,-0.0823644261103349
2023-11-28,0.08263464731631529,1.5127119817764894,0.8258089909989488,2.0492345940233734,1.1547214169824505,1.1481563815001923,0.9096849221872161,1.0214584229333026,18.816431493430393,1.3771262667379898,1.3261280970302076
2023-11-29,2.2628472868615215,1.9734465078731358,2.2800923727476254,1.188011266172314,-0.5473563280313085,-0.5389646819508157,-0.3798709081190167,0.6438143679861417,18.723753526963495,0.012173333912148625,-0.44769071734100396
2023-11-30,1.2146133407709534,0.5422861149862477,0.880847217496375,0.42114634580101284,-0.6467174637739156,-0.6426272052370996,-0.15918904001659454,0.6647890771370115,18.700984672215707,-0.4677752661597173,-0.7163014205506039
2023-12-01,-0.8091160841679571,-0.4459764215128023,-0.31388673148322455,0.03904316858769677,-0.3676008605374618,-0.3617926916810716,-0.3600389337291654,0.275191728488031,18.612733969080722,-0.33941803906588935,-0.5253948785504876
2023-12-04,-0.4440656120128587,-0.6728195674749646,-0.17422757004719197,-0.7636210330518449,-0.6730275950269248,-0.6732904145383017,-0.47585841247245103,-0.2380996805941355,18.46086062195993,-0.9954671606202422,-0.3470922711676605
2023-12-05,-0.7841092773502472,0.6712551578099436,-0.13977404393429377,-0.09401781829887246,0.5448396379942334,0.5546920825228806,0.8226523457545134,1.0139237698554866,18.74255480814803,1.2842244770504947,0.5653029975201344
2023-12-06,0.7200189283306827,0.5749719003249856,1.1871410381007192,0.11334120543876681,0.16315211076800745,0.1733915310784786,-0.4007978443592982,0.4205889482721188,18.655248398988746,-0.6557147036709683,0.35353820242416323
2023-12-07,0.48358567772993677,0.04025649686943093,0.4659359045983097,0.7642693870983621,0.555688719647147,0.5660727779137862,-0.567479659457843,-0.37915795754320475,18.489668424759177,-0.5860780928759979,0.14859319689026804
2023-12-08,0.13994865109506444,0.16829090874508112,0.905054379480631,0.8920554538401009,0.07217176550644844,0.08081759955574903,-0.4005134936201105,-1.3905587243990527,18.450046333354756,-0.9823532742872757,-0.10140474624836475
2023-12-11,0.5025490152526261,-0.429101947014014,0.27075234886710037,-0.3721097834975313,-0.9699730004928465,-0.9801026029641099,-0.27283820640096784,-1.444333560746096,18.39959908924925,-0.9415671717781331,-1.0826518480486353
2023-12-12,-0.3462677093931409,-1.2722563896993933,-0.792072452731169,-1.0641955048083758,-0.6312606573232971,-0.6297483513301982,0.07252340849026953,-1.1144734726857655,18.372837292009464,-1.0829096700797893,-0.8382940804285021
2023-12-13,-1.0654391854771323,-0.8973447026201757,-1.9584200078148737,-0.0917283943362462,0.9427567843665249,0.9429366070035236,2.280853587810725,1.7812544637838486,18.801076225242557,1.6484189912418963,0.10902257652815298
2023-12-14,0.7267580765662272,2.1901484737177066,1.3573300325804978,2.384758011023336,2.319520542044394,2.3006938792614124,0.2735652052756348,1.774913264621103,18.89585349648088,1.3939474347816594,2.35551514300402
2023-12-15,2.1418740834005714,1.648708687372449,2.067937219701019,1.9339991618036014,0.19147043620643392,0.20111556177320125,-0.818755417716727,0.5248650560639755,18.72611039971965,-0.7968388145594013,0.3399973582331933
2023-12-18,1.8380900537925284,1.8010188580485849,1.8226125574300935,1.3498908372354073,-0.6912512719350998,-0.6935566040511041,-0.7571105494468859,-0.39164793977281936,18.57268484438283,-0.40261568165420925,-0.7065984258485742
2023-12-19,1.4344401228402457,1.3658695075832046,1.55055987593704,1.6154643963944708,0.6871486968259488,0.6962942844963087,-0.3563330315882356,-0.5574328347252544,18.485882179688492,-0.8502834453490894,0.5906593006097841
2023-12-20,1.4442888365744628,1.2525143818132727,0.6678172535715323,0.1147270234378868,-1.7930203472623407,-1.8225253371011567,0.7392264410795312,0.2747136081976325,18.644600002328044,1.3351389812171317,-1.1856529525250135
2023-12-21,0.7089009168756486,0.5048406445165813,0.7087516264813664,0.9695064130527392,0.9861681260044447,0.9850237168502595,-0.68188422110915,-0.4417726488208698,18.512295020494435,-0.5641069565692237,0.8256486525634024
2023-12-22,1.078905604699985,0.7656407710213241,0.8728976630960517,0.5731284860828434,-0.4530685006006446,-0.44489161125058435,-0.7281729920737327,-1.0811561605487352,18.350792482437665,-0.43334773289928047,-0.4518050832893568
2023-12-26,0.653398582243653,0.5851108398609691,0.8635777696714843,0.9407887993227103,0.3677346353932052,0.37612105376012483,-0.342165547613428,-1.2359869527330059,18.280181141072582,-0.8892241177943866,0.387020884674087
2023-12-27,0.9422440719417045,1.1903560060872678,1.1704938188832825,1.4711864728109356,0.3649873763745678,0.3717223656631517,0.860925433072477,-0.49566889397042974,18.483602968961804,-0.7162051545716837,0.51255891607601
2023-12-28,1.6469880083619874,1.8046880358110597,0.5233177497317211,-0.19245255985598742,-1.3783567671048382,-1.3865789353363334,0.5757795235098927,0.10059709049122241,18.548369233767403,1.2183409306908,-1.5546456840625384
2023-12-29,-0.11496712719534041,-0.9525653843405555,-1.1012949248740966,-1.2465219761200836,-0.7564745652590447,-0.7493266452998649,-0.5489738305335653,-0.04737598603508549,18.42681490147978,0.10764343549200103,-0.7411195516941441
2024-01-02,-1.4132569874000136,-1.74380480766578,-1.6347106801708229,-1.0574741748373868,0.06616571578904357,0.07638811166541161,0.42555091262969635,0.7891440338281287,18.466172149385486,-0.23371724877204134,0.41789157793354104
2024-01-03,-1.9047885399601145,-1.9972230980304833,-2.1755059253364,-2.0608163305469294,-1.3306797264368304,-1.340158774650552,1.0468233162402365,1.7557966188238154,18.61198352355208,0.6957069843284925,-1.335332302209503
2024-01-04,-1.9857806588207334,-1.767790567522074,-1.4741414583712902,-1.5965541279751514,0.21483245521294986,0.22541516620812707,-1.08719334634295,0.2385651693215297,18.44663403472469,-0.9295965828634433,0.35852253717223126
2024-01-05,-1.677889908090556,-1.5786561666298864,-1.4702124401015328,-1.3537848959855552,0.08635709824070582,0.09605819554591864,-0.5756473130367363,-0.23761460820679436,18.341414578858245,-0.689903927041605,0.003675737305186777
2024-01-08,-1.3801343359107963,-1.1720704057000382,-1.148586757405247,-0.823035853583043,0.9116013458192304,0.9080905139037065,-0.45918418104325687,-0.6149611076547731,18.260119907902443,-0.3613540419735859,0.2505007752799048
2024-01-09,-0.9610271857909176,-1.1412434381396648,-1.2208930605571577,-1.1723661381992594,-0.7743558126517844,-0.7691081038024818,0.9446543492448104,0.2449301902492299,18.38718291421829,0.10012671610582155,-0.8179961553680397
2024-01-10,-1.0261965060192615,-1.195554493182666,-1.0670843936104368,-1.0580123302564388,0.24971774432373717,0.2571537242609655,-0.49986844165129724,-0.5789035941860249,18.333252927536602,-1.1096521211062897,-0.047159344617498836
2024-01-11,-1.1977558111196296,-1.3625234887903592,-1.5091700814674274,-1.6338646899289022,-0.8818700156652209,-0.8801396039722879,1.2548756574154323,0.9845839491265085,18.477756497153795,-0.4547972743118058,-1.0115532741838869
2024-01-12,-1.8818689943450368,-1.7258380892152434,-1.9612019612439864,-1.9922609690913118,-1.2715758399375963,-1.276669305984503,1.137189424620626,1.9376983754041015,18.626792075006485,1.4190110105580642,-1.5425021465077224
2024-01-16,-1.8558740311886854,-1.5940655414226608,-1.8860376836484962,-1.4978581453336095,0.9013051096013333,0.8991015655860206,-0.6646171714879873,0.9283414370244449,18.563524896650737,2.1788571644126846,1.2259443594658446
2024-01-17,-1.522779624567398,-1.871637764235226,-1.5256512918061296,-1.604463198820611,-0.3247450149794103,-0.317121546770013,-0.8651966078068587,-0.08750770312509613,18.451834399951878,-1.0171130628444258,-0.021112169081997256
2024-01-18,-1.1080673308908078,-1.3573928353044036,-1.4322917550534766,-1.519257147607402,-0.34312071930037147,-0.33666334130480846,0.4797982136503003,0.577648879483088,18.503139616501105,1.0801499137816457,-0.8558847009445233
2024-01-19,-1.400939938461308,-1.4109869560374813,-1.2497321651343916,-1.1993147035618361,0.7954268615199462,0.7969133324473967,-0.5886327690574849,-0.03489648453006281,18.441422155942465,-0.22980049355974394,0.2611919153990686
2024-01-22,-0.9794624170794417,-0.801266289089849,-1.1204572799889756,-1.2253334654580894,-0.20992311262064278,-0.2033277982274404,1.1140203551616634,0.9377273732525074,18.585792567493115,1.6710298902456686,-0.1691671758642756
2024-01-23,-0.882665518866775,-0.8545719703707315,-0.8298173397647,-1.0364826854827147,1.0945903317382326,1.0917664108436835,-1.0896176812405995,-0.4904376007331216,18.4846494246367,0.2719759972488695,1.0903765980995213
2024-01-24,-0.6950638751658376,-1.0360689609755211,-0.7850238704279626,-1.0120486122405046,0.4219095211076,0.425747951258761,1.0844569003425022,0.7923227989719508,18.630697725583193,-0.4048328475967755,0.5467715055876302
2024-01-25,-2.3083354108147724,-2.331040280775757,-2.4495800213615295,-2.442341544793803,-2.645654422725893,-2.664524157459873,2.4056676223715088,2.6638970573585246,19.104165397289705,1.9339572467860997,-2.6606451970687077
2024-01-26,-2.0091406073140896,-2.031654058031986,-1.7489802438209254,-1.7826887036471035,0.6352935071199254,0.6200330239474192,-1.808014557726846,-1.0826844582049489,18.491541745397438,-0.8480116798859288,0.6924614475357784
2024-01-29,-1.527682747751005,-1.3204418149326944,-1.2981199021228564,-0.9846194958210414,1.3018300606543887,1.2389127392930614,0.4733125764429197,-0.30399389773403973,18.6439290977746,0.13862774315314258,1.181158298884924
2024-01-30,-0.6287226311925944,-0.7748730125921385,-0.6205461111550845,-0.7659309502120895,0.3890065619892274,0.3907215716217534,-0.5428754178772423,-0.7650538821052942,18.515830010810898,-0.4796733047813655,0.4795354810822876
2024-01-31,-1.044303831508141,-0.7912341436943103,-0.8126710940417446,-0.9069781857249699,-0.22234854411165256,-0.19576296945838312,-0.348506046786471,-0.9215117344144795,18.45238676354372,0.216813417094908,0.21357171545338113
2024-02-01,-0.7626238783535361,-0.9201256691214668,-0.7667749575531674,-0.6268334686001438,0.44619772928881474,0.4440595056988069,-0.4610516675812247,-1.0813407222896503,18.335594432833847,-0.6100386529075029,0.2150770771942078
2024-02-02,-0.85993844816598,-0.833355881680545,-0.7844626217246125,-0.5587756212825192,0.14624442446606728,0.1596212693638603,0.5652646598532556,-0.42325553848204434,18.520572240752536,-0.2549989367200669,-0.04830075215645284
2024-02-05,-0.7694147655102618,-1.0100234858651846,-1.163834501764899,-1.0162965389592789,-0.5383952570051489,-0.5057960122744057,0.5801827790311912,0.3380048130845321,18.715544970378684,1.0560527379915474,-0.4239067530455127
2024-02-06,-1.2759624398623504,-0.7376531685914303,-0.8587332947152349,-0.46647954292692423,0.7558117936209455,0.7375300365883117,-0.4833147029396802,-0.1130872182284136,18.625057299678705,0.760874464640895,0.7523943844835143
2024-02-07,0.33598361641234736,-0.08816997254174677,0.07827383115819841,0.27234169907863115,0.5027604309880366,0.49955802791246245,-0.4104662107415958,-0.36603806180337456,18.52985080307629,-0.2789176593452432,0.3835798478122941
2024-02-08,0.5349688026795526,0.462923599116397,0.6100879086957197,0.6749399778510998,0.3008430944461996,0.3087732285912881,-0.9276042974716431,-1.4842700542750997,18.23476073247938,-0.6455876998376099,0.4388878777323628
2024-02-09,0.674007102624362,0.9529206224788324,1.2046158868936359,1.482852304219971,0.6821249657979654,0.6836644455117012,0.18854548539768515,-1.045798303314279,18.25198159145225,-1.4262132168489183,0.6521979323095604
2024-02-12,0.9044612506643227,0.9730871897913663,0.6591159319048362,0.01909285464406399,-1.2805329031101438,-1.2813389223192524,0.9492419528470996,0.15287837039164504,18.374622156129,0.12926844523638012,-1.3519291129605104
2024-02-13,-0.6101390041013165,-0.8284517196192948,-0.2318318740543144,-0.9741577656844653,-0.826575430107518,-0.822309381817014,-0.5158397416089661,-0.3761800036368024,18.278650492408023,-0.9899996952545126,-0.2133606523220015
2024-02-14,-0.25613024383746413,-0.22722101840358663,0.10660839490831749,0.37014010580946094,1.087560003662837,1.0780502514802415,-0.33354403003549027,-0.6534254974289488,18.21246276257705,-0.6593175700139283,0.9686154994477824
2024-02-15,0.6397661268636251,2.1228534349281376,1.1677801766025582,2.2121147118270517,1.876345426001857,1.843223652456325,2.0558904777044438,1.8157323021236884,18.609910062131174,1.8094927156776925,2.000644495599189
2024-02-16,2.1549053283108406,1.8003298661204168,1.9447787566496784,1.5777861217457305,-0.30732021691214473,-0.29601104324215166,-0.4667944303557174,0.9561071251794415,18.52660351051752,-0.7716733058047899,-0.13195302158614364
2024-02-20,1.007366970539133,0.8702330754985318,0.5140303739716385,0.46810580992069445,-1.3231800032647114,-1.339958593109784,-0.25270478583846356,0.8070674768347404,18.465135820430753,0.8666042533182746,-1.3070122737913108
2024-02-21,0.45506307708827715,0.8373532928100111,0.8870851084875354,0.503371952187445,-0.008790752749324091,0.003813001998853506,-0.02774606814354141,0.8343858456746786,18.45840034060921,0.11880712671171301,-0.039619671681488326
2024-02-22,0.46759532103509205,0.4969510223434524,0.6095009133317855,0.8114338635810436,0.2851481830346919,0.2981750716974188,-0.524406387840882,0.13868806935449093,18.345305056279084,-0.08428535136194992,-0.4675561144404332
2024-02-23,0.5914912141517192,0.25006900216722605,0.5148448983271093,-0.24723891525048677,-0.9716070141102812,-0.9806784218968922,-0.8473734649540731,-0.9522881301333601,18.182955152083924,-0.47194286714654415,-1.077991417351694
2024-02-26,-0.015342432914695022,0.8907018608667225,0.5603102592522985,0.9860523499231967,1.1094264619132932,1.1122840457845464,1.6297502594467184,1.1282077613310657,18.531748849287005,0.9488750372363062,1.3881897738385696
2024-02-27,1.6277891344343767,1.2735365362318598,1.4851611144201833,0.8562972901087572,-0.15881406395325973,-0.14674554915179977,-0.26408338898881273,0.6423054214813074,18.50359993519283,-0.22562504433274935,-0.19672612131429637
2024-02-28,0.9012443779597644,1.1122162724723919,1.3089589299773015,1.2064335058077507,0.06487930579321458,0.07754457197880588,-0.5071864835824654,-0.24522990545933415,18.418740873619974,-0.5134261731365937,0.2200624957033256
2024-02-29,1.3501397907232855,1.1861369741840897,1.19512913259786,1.0657678967013808,-0.2846750221028468,-0.27527674933950863,-0.7155495957510374,-1.5063052378196888,18.268775885379615,-0.5832532521917257,-0.4200487166071497
2024-03-01,0.5066601023416597,0.794276220846372,1.0011629412824126,1.1474013168852253,0.12550883176211813,0.13421381138886299,-0.10114758288003926,-1.2792388936587262,18.223438842341196,-0.9315594458485046,-0.1705475239683426
2024-03-04,0.19246910620397217,-0.5717139649131295,-1.5686599337461846,-1.855366787759591,-2.1601473190609917,-2.1907102929631157,2.2463425953032714,2.065739657573321,18.71584650114994,2.3295282427082005,-2.113941057875526
2024-03-05,-2.116299512130698,-2.480761848583588,-2.2384855879532726,-2.1285626778954083,-1.046699905770382,-1.0363931659345946,-0.5558240277707271,0.9056471564734546,18.600171639869995,-0.07074785629473489,-0.6922001269421646
2024-03-06,-1.8454059369432032,-1.9501813022377212,-1.8977829198646767,-1.8639705973232317,-0.44173471977696394,-0.42655989425785545,-0.4739018296242871,0.19231130642317298,18.496909118605796,0.3671745871043999,-0.5533119844464398
2024-03-07,-1.7855715003857262,-1.5898838809586973,-1.4599160200324177,-1.2927927685933283,0.6832012465538104,0.6842249424654667,-0.33189917007391895,-0.21845041675552626,18.441747287855605,-0.3801848209462011,0.4138572518040469
2024-03-08,-0.9295069504613206,-1.0977424564210632,-1.1111702138315567,-1.2921813080191207,-0.32167689704267416,-0.305932169311036,-0.7384621729792114,-1.2291851301096062,18.261864375039018,0.3067215984207195,-0.09152894855734359
2024-03-11,-1.1971407869533035,-0.8910070430574675,-0.9098689574097496,-0.8879824062773969,0.905910834667181,0.8933907654530728,0.038849483589610226,-0.8984571993940379,18.262757133900042,0.37560323656284916,1.0681230023878068
2024-03-12,-0.8285795323066403,-0.9744300549132727,-0.9153317867262198,-0.7391732718268861,0.36768777976900674,0.37275487214276043,0.11386096809352617,-0.5541870954593511,18.285910881883915,-0.14617762752873134,0.03139572894779589
2024-03-13,-1.0069082179509916,-1.054678254040347,-1.0048301401805253,-1.1936691026702344,-1.0123760251913836,-1.004564257112969,0.7992241266908646,0.4739074817053702,18.483885572992882,-0.20131670103372482,-0.993327191893677
2024-03-14,-1.260704431044344,-1.2808515161407743,-1.5355347699805368,-1.5350997956853583,-0.7098568240515313,-0.7010014272988356,0.5328896385183617,1.0787354306774175,18.654374058305557,1.6153755540160721,-0.647458007502662
2024-03-15,-1.4842172748482134,-1.6698534389953128,-1.5118976889782068,-1.461735668480501,0.9583695664426292,0.9541792928690378,-1.0787966264075708,-0.6396941575056734,18.38993181408981,-1.4178556391072923,1.2489438769244587
2024-03-18,-0.726103760850873,-0.5116262280404164,-0.7326426109963657,0.03264457208845024,2.1056713299370693,2.071582064407698,0.8519211795590408,0.37892424132450825,18.499625011638454,0.8642017831033667,2.1123263167537516
2024-03-19,-0.21107882256404553,-0.6654603694920954,-0.3421841520108097,-0.22785275505847805,-0.2980955881644235,-0.2883509728577752,-1.5019836559673154,-1.3107343079619798,18.162834470973557,-1.0241994093519249,-0.4392295562939272
2024-03-20,0.03065563790048703,0.02252992613008546,0.33855090651710834,0.5355640318493896,0.7919955709439376,0.7997233234832868,0.5544693588327375,-0.5359882180015455,18.24450070139271,-0.8965306167950617,0.637973764254801
2024-03-21,0.6394950722922241,0.4158067734070935,0.5748604040099117,0.15611325060880826,-0.4147879771171501,-0.40649024750806384,-0.6198511498182091,-0.9765771272608299,18.108405400975627,-0.4394668924006054,-0.4984842105210882
2024-03-22,-1.0530256349588758,-0.7185867467618701,-0.35299670358050117,-0.13300680864423328,-0.29449839267759853,-0.28374770460775683,0.17493960658540933,-0.7414123428935889,18.139043047400204,-0.9178284126054187,-0.194533447052599
2024-03-25,-0.47615459838790414,0.2946301494195,0.3242522928411423,0.33578686902230187,0.41167489618844016,0.4264189157862017,-0.0953411363859867,-0.7350927607355242,18.122660092088697,-0.1006095320240628,0.605624756236847
2024-03-26,1.641576569549329,1.9430684685322461,1.8870822444920328,1.37534284331956,0.8627127941408103,0.8689437516145072,2.000997689997312,1.4996541613811154,18.544544817009747,-0.07151157305048492,1.009064916747101
2024-03-27,1.6888809692065971,1.2326823138480438,1.3150804747339169,1.406973761930537,0.20080933081118543,0.21387899859047965,-1.1123120944343217,-0.24191748620514078,18.219836712357264,-0.4384363148302622,-0.04254184647252424
2024-03-28,0.8131510093175902,0.6606128878165181,1.0046865918225405,0.5376333467729917,-1.1739092345035553,-1.190670202206988,-0.1137950637658646,-0.04338695485642246,18.167783934366263,-1.282489226201435,-1.1652267203185458
2024-04-01,0.4443184041421992,-0.08456789261359986,-0.18909938646669971,0.23384772078680935,-0.39642626619617527,-0.3906303169304198,0.1968859443167544,0.39058370878688525,18.2168752635153,0.3482013734403035,-0.23440364511837053
2024-04-02,-1.6186281205743596,-1.749300981528986,-1.6245625272018034,-1.9009749988159739,-1.8911686933838652,-1.917361377219202,1.4817380479298299,2.178585210719862,18.574693708583034,-1.327855130796004,-1.6586293206734743
2024-04-03,-1.397558156488282,-1.319771727411802,-1.4087467747514621,-1.2567882084029351,0.5002440778139599,0.5046024046395257,-1.2211291015572543,0.02216070809431012,18.23374979220095,0.13785597954881565,0.5263246940535784
2024-04-04,-0.375591770970234,0.20393471186006357,-0.4028759515118537,-0.4829015025852884,0.8102143779909331,0.8070150601083402,1.35353798681224,1.6130185452696988,18.62901112804676,2.2476972275925866,1.2623909569090472
2024-04-05,-0.4227153451513215,-0.7987888279289941,-1.4450565812971776,-1.5237594235258414,-1.2720486163979166,-1.2729560405621352,0.1476430125235412,1.542074845712488,18.76604689081037,2.0931304143894027,-1.6085551557569417
2024-04-08,-0.4365012572933512,-0.2164672484229032,-0.22115182349040666,0.09645904020238244,1.5786768361368309,1.5486009906379214,-1.062105585576987,-0.2236650860824455,18.46396339816488,0.058565796699394934,1.4852699167378924
2024-04-09,0.09008151346028888,0.5664042361496484,0.4353010191977388,0.7842180511495705,0.6430126681651145,0.6467906095612193,-0.2733953330496049,-0.5258756561128463,18.45249623097403,0.2291379763822169,0.5637132828761837
2024-04-10,0.22086289251580943,-0.04504865173118597,0.2659631665222297,-0.12386874032588598,-0.8499197676530632,-0.8473250705775408,-0.6609086432028116,-1.0362899088309832,18.252645462618602,-0.7694843516016565,-0.5582085148857304
2024-04-11,0.3670443887458917,0.3234452748190459,0.13821057360659,0.6816414385259003,0.6175578427016845,0.6253450526391579,0.28198478951070977,-0.6721988583256323,18.364279700881816,0.31963287812323743,0.3422404899537115
2024-04-12,0.5022943720572427,-0.041398771104802994,0.7907195885248527,-0.07865668837414257,-0.587141528636204,-0.5782480096415163,-1.1664424023617668,-1.6007417066496321,17.98227811761478,-1.4395596972463947,-0.19675296890461103
2024-04-15,0.12557530631674282,-0.7148385369265569,-1.27414247745344,-1.8236566665734066,-1.3784199746550034,-1.3975915402249335,1.4581442312392894,-0.293963421571627,18.42313075023443,1.141119832274375,-1.1930505170796477
2024-04-16,-2.414628233818609,-2.4057371831466634,-2.076897421724769,-1.9366152025323051,-0.6605721873718472,-0.6532940167994914,-0.17329737461804215,-0.211393421876837,18.390221546776935,-0.8932271226769548,-0.7136207620879029
2024-04-17,-1.7658084975856534,-1.7681907976193354,-1.5936707852320637,-1.6350604315508277,-0.09517659510469642,-0.08098895542643421,-0.6247599744391776,-0.749433449067157,18.2275776870998,-0.7942081656732696,-0.030527254489895392
2024-04-18,-1.885750222812253,-1.8137888761455019,-1.684648686908434,-1.69732934500873,-0.7077035277736111,-0.7081020486778346,0.6320934057951028,0.09592840878370114,18.3808873972758,-0.9907581674272969,-0.7664898791039547
2024-04-19,-1.5979274485360742,-1.4840346168385827,-1.5327077870387102,-1.5311988848871199,-0.2635539879438086,-0.2526003434538478,-0.3269504610338697,0.17932847093677226,18.269917166412267,-0.21902163662725985,-0.15061773679587526
2024-04-22,-1.7410804862998983,-1.5621353537036522,-1.664110772779145,-1.511423901200094,-0.6204680269018932,-0.6178120953614099,0.862040801129027,1.7233054461314263,18.489251135540584,0.5188593640915573,-1.2666103020680894
2024-04-23,-1.2136378182770775,-1.1032787517673797,-1.1965519289465787,-1.0809377075422597,1.6586567962953118,1.6452835005877617,0.4597689771702413,1.9582778344684764,18.640178465297915,0.765010247066789,1.233381907683197
2024-04-24,0.44294341220338174,0.700336002432927,0.3268386748596254,0.5095241323903202,2.527805448193978,2.4934066000425097,1.27728551308957,2.2880942162367712,19.014990536917924,1.8745498544265013,2.6053977364010548
2024-04-25,0.2537562162482622,1.0626130353639631,0.5586913603355955,1.3793677236546045,0.9779925592706816,1.00778658651508,-1.2332057004177654,0.34734570241459034,18.65517958721438,1.8820172859171829,1.0401305387225124
2024-04-26,1.292959827807202,1.221159177178871,1.5559660236847075,1.2736333885899898,-0.2050974466473531,-0.1895211856685142,-0.7818105128497453,-0.47434861639316633,18.51431407317371,-0.49540737719693895,-0.41596854888073825
2024-04-29,2.2213330073166997,2.275187965590748,2.2257051766452522,2.244549855754803,1.980531269007388,1.9497953395610705,2.442285622463864,1.992074648340374,19.312144628327047,1.5328476026221862,1.9496348637427452
2024-04-30,1.5794094555259335,1.3866455931311679,1.5688523350634345,1.2463807564484484,-1.0479153544315076,-1.0884044497934942,-1.2257381164389438,-0.6083593530713692,18.659948014652425,-0.1399724203515088,-0.845238028986235
2024-05-01,1.054149253404571,0.9180545219079829,1.0861739216872748,0.8770909360766381,-0.4963729387759252,-0.4892373941151851,-0.7494787429348159,-1.269583110672894,18.346277200429423,-0.5032330071115322,-0.4577650901008062
2024-05-02,0.9027407012166063,0.69404836439386,0.748207657567304,0.7166487886533441,-0.2984612825567337,-0.28012205723092315,-0.23604711338606707,-1.166985274803733,18.305808479139245,-0.10397807065959938,-0.4226569868668122
2024-05-03,0.6992347540713335,0.5567542581868977,0.7215299898550926,0.6283388686089545,-0.2459176263760613,-0.22513435638203452,-0.4564314953740438,-1.222957749322277,18.139530638346404,-0.8943850249152615,-0.3854976351109018
2024-05-06,0.656714090416176,0.5735600980090971,0.8067248512607446,0.7066228513874171,-0.13566462480497113,-0.11163209163318533,0.12252106794336773,-0.882808926214877,18.2509630359011,-1.122549016923518,-0.24620688362215024
2024-05-07,0.43040426740263066,0.059517475700614775,0.3149155770331006,-0.03915991020946593,-0.8984020972164654,-0.9201166575727395,-0.28957607742691327,-0.8169215483643124,18.133610497630134,-0.8331087439199916,-0.8942384896138177
2024-05-08,-0.7742267126116053,-0.8675652282171595,-0.6530958091131867,-0.634701666229621,-0.45035409583930075,-0.44847185167553666,0.15818722405287391,-0.458799964627457,18.197155882448666,-0.5951482306665565,-0.4215503214993355
2024-05-09,-0.8354505308306613,-1.0569248506988111,-0.921044404279296,-1.0625062128068359,-0.3182072511913105,-0.31200095105985975,-0.3919317019641024,-0.5535987886899513,18.004412001180867,-1.0319465543615678,-0.36365116215004556
2024-05-10,-1.36057457993235,-1.4203761531047217,-1.626082535923779,-1.5587473538036882,-0.3807364092413917,-0.37913110018038565,0.16060039789197839,-0.2681801509044784,18.10085007904545,-0.54524727020625,-0.3835207175968118
2024-05-13,-1.5081437812282832,-1.0264550338994478,-1.168340637453942,-1.0198481485100597,1.3303684700232166,1.31581867714101,0.1354586402572241,0.7977637006669899,18.020485242048867,0.2889444062924946,1.813526337412293
2024-05-14,-0.6017284766865475,-0.20588764942300303,-0.09699379506258589,0.14253612473443597,1.5968002817536204,1.5810923438662494,1.8779155345333205,2.5648408283988116,18.274583889827923,-0.5283317497055157,1.6966424435083605
2024-05-15,0.4554765706479758,0.0034697538966359733,-0.1830894666052158,-0.45387504259749034,-0.7466529954693446,-0.7439924545719678,-0.49339257310338286,1.5642047897021756,18.193315807616763,0.7825659129689965,-1.040191583615379
2024-05-16,-0.5135257716881293,-0.6946707497082314,-0.44960233171846203,-0.1839882476006626,0.3322908160029384,0.3415814605103455,-1.3455322401633474,0.186650046973626,17.906720228209885,-1.4046663954052554,0.6256002253778916
2024-05-17,-0.4830125258114025,0.24000732444807055,-0.04078018612275538,0.47652228578031963,0.7222514374347621,0.7267463754177065,1.4852004712640885,1.2530624875132585,18.16508890773445,1.308553269681493,0.8064553989126015
2024-05-20,0.6332210434593759,0.048140304898224275,0.5301496729921201,0.19740353356239165,-0.40125519442637725,-0.39456672242046553,-0.9688201538337754,0.11131820763734873,17.938238490778406,-1.326509994392275,-0.3193157378652614
2024-05-21,0.3660295473304178,2.3160474820353705,1.2866272068530966,2.3557482872511812,2.130174921940141,2.1062263545834594,2.335412352693377,2.285509772564326,18.562757405297358,2.5442496333734224,2.0681055971928397
2024-05-22,1.9782948066012995,1.2085546180931204,1.8859827909564233,0.8566167985300465,-1.2419939783856206,-1.265504812310478,-0.8202881941681796,0.7035366755976855,18.296403553093544,-0.28206672684986894,-1.0678456493974293
2024-05-23,1.3330255083902198,0.6117715859545461,0.16770592617635233,-0.4500824233383465,-1.126848846293884,-1.1440579584685315,-0.6767865194280567,-0.29952190676597323,18.091836355188548,0.8738826982986142,-0.8952582575957324
2024-05-24,-0.40311624698267684,0.0022921069596911997,0.15535809763665087,0.5192237186415122,0.7564836545796597,0.7643302892027588,-0.35015212051533734,-0.728705371447631,17.997250744177002,-0.1579594946664224,0.6192203868220297
2024-05-28,-0.21062592515290432,-0.6649542642058933,-0.3578489193770976,-0.20089710150284315,-0.5173446790187437,-0.5109796675820582,-0.33962593738171415,-1.0137400026120171,17.905455472581842,-0.6196646406205395,-0.5006406560337746
2024-05-29,-0.8580502045113653,-0.6404141771916907,0.09041847446926941,-0.3092495963502482,-0.09005548584656733,-0.07717853584698295,-0.2277355977109178,-0.9610544979889212,17.81888320150445,-0.9113701283242595,0.1631321460243383
2024-05-30,0.5041031112252629,0.655550734544224,0.767861522671469,0.24970780147656121,0.3739538069210439,0.388775127128206,1.0222935581534633,0.40566140376357057,18.16945661016622,0.3029634782658279,0.563977633803369
2024-05-31,0.3589431712084203,-0.2152179748478697,-0.2675151211179437,-0.031354371907763356,-0.20054722663093233,-0.18918231043796624,-0.5334982765072601,-0.31362154782788654,18.024887725021447,-0.08016809078965877,-0.5009671298396361
2024-06-03,0.10412560877807833,0.48146198366895104,0.05296733477159404,-0.49748415838100246,-0.31687464118982345,-0.3087780176612477,-0.02935843408768256,-0.14424098801186302,18.04334965171487,0.5476659779456241,-0.3868203490285161
2024-06-04,-0.9303609468305742,-1.20248744187204,-0.31767956523750274,-0.9117921696931018,-0.29067761667570263,-0.2819282714324961,-0.46866741150839214,-0.6414487988991248,17.910793030211227,-1.223669680792006,-0.37111194218835175
2024-06-05,-0.7310222954478588,-1.5804446008194195,-1.2803241882676475,-0.9018899616932159,0.37177936232250125,0.3801687185479152,0.10221998126003998,-0.3338478664930929,17.875156716625785,-1.1058705042206536,-0.19931435451290969
2024-06-06,-0.8595370174925875,-0.015891265958381716,-1.0232823113918632,0.6899382421206542,0.9562128952803295,0.9559796523368516,1.1610855901454595,1.6039266450524672,18.062390224245043,0.5398082406985715,1.0789669482624988
2024-06-07,-0.011790460828786075,-0.07722846753050903,1.5632665681409255,0.2817596860945322,-0.33494887846284477,-0.3313252520089699,-0.9893887741468036,-0.09468622995783814,17.845225946051055,-1.1542203825002337,-0.14573091039256658
2024-06-10,-0.12974184054249907,-0.37922611463828654,-0.6072568712890312,-1.6797751118888056,-1.511726047691467,-1.5236185196260048,-0.4520780398365189,-0.6637690348414697,17.744778039054133,-0.06096048218692297,-1.3636703621162691
2024-06-11,-1.1734989872147028,-1.6813945148063798,-2.5220664862221027,-2.138905328914631,-1.1909512809265037,-1.196604158302349,1.2133668864202483,1.0568730161279762,17.98622804088271,1.0713224736510225,-1.0794636074991515
2024-06-12,-1.9767183093851608,0.508964296032141,-1.198359923201089,0.5148088287641556,2.0999397991657967,2.0835626085159005,1.3992684928987715,2.343503531383682,18.319637572913383,1.9880416480078495,1.7629714572577848
2024-06-13,2.5349645800293628,2.457419192768195,2.1458809278852,1.9443464006038464,1.3591630681052378,1.3587847164801568,1.1793691801670434,2.321280097416743,18.59450043710784,1.1215625608073532,1.4673761765313662
2024-06-14,1.5407449054753408,1.1015750628234604,0.8359146338923269,0.5240357900250465,-1.1415886474478432,-1.153469847346627,-1.4871656597403569,0.2834427299482435,18.22269556260038,0.7803321815794708,-1.044497491210446
2024-06-17,0.09445506237944246,1.3747500939806936,0.7636877509162089,2.1210586967290683,1.734491427332183,1.7171042017090379,1.0213954639623966,1.1118256402310824,18.51404449432773,1.4648520408385128,1.6887861395539294
2024-06-18,1.3200838608549645,0.8863746566187289,1.58965542677172,1.2455734374492022,-0.7255717428567146,-0.7249416237667611,-1.4741109696819654,-0.7663681472857541,18.049360522411547,-0.9585962847229194,-0.7285217667085266
2024-06-20,0.8319875826407812,0.3971013820764649,0.8380748614726805,0.4805775293602451,-0.7746777596195372,-0.7764018738426657,-0.7630267492823996,-1.230911107575346,17.838951513693104,-0.7746663391360576,-0.662242717035658
2024-06-21,0.33529448422635183,0.07878357374726437,0.8631009856337251,0.6506258306548571,0.1711379708189687,0.1846971378534117,0.33760756822018284,-0.7930925305747653,17.95911344459297,-1.2952267642530657,0.3303674236418837
2024-06-24,0.636056452977934,0.8403233066636876,1.0243393312566063,0.46700710260727024,-0.19838159616127646,-0.1881910351816268,-0.2233291549612245,-0.8169232638983348,17.94251753166708,-0.4754310452872988,-0.023130380399229405
2024-06-25,0.4158837178556301,0.5321370918184694,0.7559042893931068,1.1460263994545878,0.6675489611861528,0.6763394656205812,-0.11408853968943267,-0.7915552781035674,17.969354418868093,-0.5796597449282335,0.6641709583919152
2024-06-26,0.6369812457889994,2.184275999783787,1.4494818060623855,2.2458063199819214,1.1864303734528303,1.178820364131932,1.3752498312760493,0.28252022710664687,18.377116461545395,0.9920586655747915,1.3227966250072851
2024-06-27,2.1616583103246865,1.8309069026565334,2.366723740892645,1.7895916673789398,-0.21354117644308065,-0.2027371109423461,-0.8618966046405326,-0.4036939127664086,18.102491366639285,-0.9405768350227617,-0.22239295611535037
2024-06-28,2.0567669667945294,1.8773447489357784,1.8049112664169573,1.4292171278380075,-0.23133023081349757,-0.22179981852578248,0.9813095154380174,1.02332523078068,18.373988438238293,0.12529622677429225,-0.06337401473120587
2024-07-01,1.6642692932555265,2.0903053986838107,1.8698881375078775,2.0702068472455393,1.5403731890819716,1.5280971344546217,1.1025420845547573,1.9198046314950015,18.72589375507436,1.2644592921531477,1.6017244446336534
2024-07-02,2.308776421438383,2.234635478634369,2.290187650089186,2.3101690166255873,2.116417552678166,2.0871368282101614,1.2584052063148217,2.308841275847334,19.138754173222274,1.3190564306493948,2.100993787110082
2024-07-03,2.1580098154278957,2.0830114176714205,2.149262188248709,2.054008081092282,0.9417233868206769,0.9508597110103367,-1.0720666249767719,0.8797994793432886,18.93087517455786,1.0447881776063015,0.9054298483689855
2024-07-05,1.9788610382363232,1.66650202411431,1.8207812759432185,1.6773547984172055,-0.3737142201204502,-0.36527756620974017,-0.749768379189439,0.24871876364571477,18.855712427734645,-0.1550089667563967,-0.5225358522309442
2024-07-08,1.4588380374710783,1.5063296680595661,1.475671831463204,1.3659949447375208,-0.8051819764515409,-0.8101038559575329,-0.38732675338294104,-0.03744032563221997,18.873154118481608,0.8933225889210482,-0.8354294621978825
2024-07-09,1.2687801151695468,1.3718757564182704,1.3528312413956816,1.3684722088685097,-0.006986116821946758,0.0068299515030837725,-0.39727218477710474,-0.32796944431487995,18.892001636475754,0.7487961928446593,0.04579665849877897
2024-07-10,1.3703077299926225,1.1909942579872868,1.330446117139761,1.1568410977878272,-0.9352053558388747,-0.9444922163462857,-1.0218246440367247,-1.1144323769393634,18.671590431447882,-0.9565480950980347,-1.1807668621272434
2024-07-11,1.1595060993905013,1.0870538429905936,0.5003515488546707,0.22334779673262362,-2.1208028062977995,-2.183249297555881,1.7574773667383674,0.2062459714331361,19.216868605934238,2.526799043948375,-2.046737122810166
2024-07-12,-0.0277089829592704,0.23447926242829,0.07035771261375164,0.3589562183649537,0.11218850532716362,0.13179753021761964,-1.2211479026749514,-1.1216184254419717,18.865083198146078,0.62778554647515,0.05336738486036403
2024-07-15,0.6977715956525495,0.7137292051621057,0.8482949732332123,0.42426575806748923,-0.16353668263548218,-0.13894166237362043,-0.42626947028902895,-1.1650808951201441,18.80535045893539,-0.37896451215893273,-0.16886583608040448
2024-07-16,0.5579000925708306,0.12297006719480742,0.355284858541681,0.6179040556372316,-0.12150348940398911,-0.09861403296305235,-0.5248194806542226,-1.1726233818871805,18.654427885966385,-0.4504125910500753,-0.19590367832129418
2024-07-17,0.18838034931440112,-0.1891714652141255,0.20697882655223032,-0.5536582411522144,-0.9630550106161263,-0.9420450331723377,-0.20371602480313517,-1.244664083431087,18.565515026319645,-0.48746132051472285,-0.6641221201609759
2024-07-18,-0.18600788105665647,-0.5634871715380585,0.19381653748826894,-0.5050780001501469,0.03373522272527738,0.04892894016034806,-0.10082814660278103,-1.0880152203370066,18.523859891155038,-0.7498266917693128,0.29615816896532043
2024-07-19,-0.5726157206406525,-1.5964247297161471,-1.1602524374839311,-1.5317269234221849,-0.9654802558354775,-0.9474811519247306,-0.652086514143518,-1.2716862118968217,18.286050473496978,-0.33148863741069456,-0.9216939080449158
2024-07-22,-0.9429390865549995,-0.9115371018938135,-0.20307746636924945,0.032864669204674186,1.2457534696588637,1.2124774556544546,0.5907549509258976,-0.6560057096380129,18.43286028134662,-0.7581907152466117,1.1453523325976984
2024-07-23,0.16208469227842268,-0.43855155911417854,0.12051278853936924,-0.4666064213474491,-0.37717379442222143,-0.35746350424123785,0.3765957615790365,-0.10234676487898424,18.533368161190946,-0.5868110605502507,-0.41086623408843836
2024-07-24,-2.1043334114121794,-2.4047199002135833,-2.43960043557006,-2.5403417460557023,-1.9501099524779841,-1.9958297714007796,1.349598185228604,1.2728423929360513,18.939134604596934,-0.249430505961031,-1.911142067069999
2024-07-25,-1.9955460443668647,-1.7934571356592508,-1.6763755203529085,-1.6355023014868273,0.5554063952623703,0.5531580643257171,-1.3823300187449596,-0.14212075505646166,18.427025582823926,-0.4766714933971141,0.7219481684142355
2024-07-26,-1.3944463552164865,-1.5521258332326102,-1.4106495760454334,-1.3104173720965038,0.18715169214926325,0.20263783450882636,-0.1525494816710926,-0.09494036746742072,18.365211384033856,-1.8004611515487916,-0.12413640178659761
2024-07-29,-0.9405918371346604,-0.6504344735563247,-0.6280838395048294,-0.39250975923659603,1.2191579523264786,1.174080464736806,1.2853056202896669,1.4514297628557922,18.676886088844103,-0.31741572218479214,1.3539442948110632
2024-07-30,-0.33107730597236357,-0.6219458704759825,-0.7832614096626025,-0.8502670663580282,-0.5377383453833041,-0.5112494767986268,-0.8426969734737297,0.1817692796976218,18.426268115479655,1.4666693041831058,-0.6086664544654293
2024-07-31,-0.4923519665532816,-0.3304820119828985,-0.17760181061569577,-0.06420272730150606,0.8806643044073883,0.8630756567022989,-1.0670205062683993,-1.1041778447497559,18.027593725226104,-1.1076784350409452,0.6755641154658446
2024-08-01,-0.36732764102219456,-0.3948054298326491,-0.946478501996148,-1.0113211758083596,-0.9274213400082575,-0.9115534049424368,0.7432275059498081,-0.27127543602720794,18.244681968183563,2.3658881670296465,-0.8639775939819014
2024-08-02,-1.1703024326272942,-1.35920901991667,-1.3067906114394554,-1.3560194676061244,-0.5192773285938781,-0.49251685273910595,-0.15765791773550958,-0.42545569321264676,18.232905555104047,0.1893757864356837,-0.30261133992167555
2024-08-05,-2.2166302133723814,-1.8047988312176189,-2.1388511540760553,-1.6770453249546666,-0.3825627096767781,-0.3583092623438392,0.5692161854279825,0.388098853304832,18.423763995842364,2.425083185654613,0.05914122824466376
2024-08-06,-1.1696066315718865,-1.6982655566859575,-1.3168112364735292,-1.3966810702962953,0.5115407482187758,0.5228993184652168,-0.856430284542209,-0.7947433880254153,18.116651122142482,-0.1464641834141707,0.2655005751724147
2024-08-07,-0.9569330013336541,-1.30213888315746,-1.1376614224672343,-1.613728522882043,-0.7954148731206057,-0.7946635975985519,0.05743044713291678,-0.3786385575330424,18.0804386242431,0.1828629919808627,-0.8850011259086306
2024-08-08,-1.0690462247077128,-1.208215087859156,-0.9070273077953166,-0.9126644450468434,1.06335064093136,1.0641220644092813,-0.2928281770262091,-0.5951689009106835,17.990419245744132,-0.4910391248429994,0.6712149599919334
2024-08-09,-0.8154025156790137,-0.9880517156213778,-0.5864352414008367,-0.6881707841293722,0.3287360197643854,0.3474206158321169,-0.3274086593870464,-0.8045302055932663,17.887069164187217,-1.0619118605586633,0.23592270171189378
2024-08-12,-0.5580766598244087,-0.9021457210776446,-0.4691347033125415,-0.7088283430737801,0.07581933716918168,0.0931750671593159,0.7403822692209348,0.4600421709561765,17.97509497345806,-1.1381822195814892,0.029080691863923095
2024-08-13,-0.4447599292707574,-0.13277872597903728,-0.16388341435418538,0.22378577965103663,1.400980516442299,1.3805141358323183,1.0211340973256584,1.8944833599245552,18.149493887624978,0.07359989586669924,1.5275970492942885
2024-08-14,0.40329112738019285,0.08462006545981152,0.27071223788172766,-0.10823430385838778,-0.45703750839589624,-0.4467587411540009,-0.5803456203711133,0.9994121830690125,18.067570880413005,-0.3118471407062928,-0.868470696638139
2024-08-15,0.5878053599135277,1.624608076285017,1.3657157477499202,1.9291933562062114,1.5703235253080907,1.5494454838291707,1.5327687045201934,2.0675247399928796,18.313635487693517,-0.020521062448541277,1.7714043655099647
2024-08-16,1.561932588326447,1.9680939525068093,1.8987507100559624,1.7529034873847458,0.12132419929365398,0.13827679319528632,-0.1876446771167357,1.4598659631078286,18.301504123958246,-0.42094770502593387,0.2414614215836168
2024-08-19,2.0192314637203768,1.7267273139640353,1.8557950399891103,1.807671127595771,0.534646776518648,0.5437006119856628,-0.7667191143460726,0.6727745552821413,18.15195389409917,-0.35758928072471685,0.6141218827399617
2024-08-20,2.006876692086863,1.6883713187333869,1.7864581656811307,1.2923544136129705,-0.49768486404398177,-0.4859128922373155,-0.29274034171192237,0.3608924210457988,18.119591880766475,-0.4205935721331023,-0.3261697346616501
2024-08-21,1.3767532154408453,1.0859995825781918,1.3597407165260549,1.2472261222069871,-0.19850426396757354,-0.18617271540877453,-0.42716209074572525,-0.03677894598773242,18.06608935647299,-1.2564178057214563,-0.09746224563616368
2024-08-22,1.2059226626238082,0.9050896506436036,0.4064082943492099,-0.08445021445783826,-1.7315767151777806,-1.768740759322744,0.7624678918313834,0.4726052478146457,18.19144996550697,1.7630290895351788,-1.6908531865398275
2024-08-23,0.20980299969095137,0.4412417695777398,0.6535405434863537,0.7541230665638149,0.924190286099766,0.9207123000425659,-0.11772824646539191,0.2685886822469186,18.216422745137997,-0.6944762234338306,0.9487985593572007
2024-08-26,0.4988510168063038,-0.043905977618728755,0.1387941006757352,-0.2624718443974334,-1.0131022873714974,-1.0118941142264153,-1.7091296512779648,-2.0913983478194726,17.89814011671396,-0.5557739803464571,-1.0046083280900313
2024-08-27,-0.3795122987948692,-0.7775359493154753,-0.6317305499617585,-0.8623633088140734,-0.5316398353192716,-0.5212333039612838,0.45482642917544175,-1.272469489560361,17.955806353640803,-0.12721071026347647,-0.5860115190007131
2024-08-28,-0.9702448895326844,-1.7212961841348315,-1.5657458208229547,-1.6290210285000575,-0.5267735322538322,-0.5161589689712976,0.13212940549901692,-0.979414284101329,17.976210754997453,0.20504277598605142,-0.3718867409064268
2024-08-29,-1.167556039029883,-1.067796442075345,-1.0051884570235559,-1.269114245341246,0.19778310200781152,0.21030207316256225,0.013411977848425792,-0.7662505151371941,17.947613241838074,0.098781725082559,0.28480626489485394
2024-08-30,-1.2591136729936874,-0.9674871341542677,-0.7175493906190543,-0.08190015386015512,1.1832496209946328,1.1728454847645147,0.38989716202331254,-0.2302386840605003,17.964510605237685,-0.47107627940880353,1.1586574726753207
2024-09-03,-0.1417058751032815,0.07322588364508356,-0.1762003317464016,-0.45899781395948125,-0.36454137153612315,-0.35357663014319796,1.593334751466936,1.4478826832681915,18.155597399134162,0.5858784940135112,0.3436917556008081
2024-09-04,-0.7520927485853396,0.7360983388910317,0.1881362584177786,1.021419847555127,1.2305252942034308,1.2199746834804073,0.27469663621887763,1.499388809429537,18.205651693346294,0.9571563472979407,1.463743425370582
2024-09-05,1.5570995263736276,2.266809715443072,2.275107641064663,2.163200169988497,1.2077072146945047,1.1958398982521519,2.153559898140145,2.3940216138628747,18.59761281184025,0.9552620974311913,1.3970616673085057
2024-09-06,2.251061529287686,1.6310305774927771,0.081678002162068,-0.4340939622857775,-1.977291910855495,-2.022250048302528,-0.5720419388451207,1.3794731870063552,18.535588547866464,2.6679179403488966,-1.917824531315916
2024-09-09,0.0493544557689842,-0.10135288701050708,0.6866347587950529,0.37404043591185904,0.6625258818796509,0.6640919552173171,-1.694161399475218,-0.5868884488370762,18.02680078312184,-0.9627528330490774,0.3609552425774807
2024-09-10,0.5417103090073094,0.624847328300486,1.3136306332358494,1.3733590940366007,0.9270696570440702,0.9105432575998899,0.5279243496123246,-0.2373398648115859,18.18357899111535,-0.65614636285953,0.9043461760673528
2024-09-11,0.9360583977744115,0.7228778225100257,0.8263261811587285,1.2733755414175096,-0.01965185198826106,-0.0006934314472080489,0.03110165923191284,-0.20049543996964564,18.240939068401094,0.10350740680272885,-0.36634359356531615
2024-09-12,0.7756278057779386,0.914701843997687,1.593632191758541,1.1995194036704793,-0.11208438510333357,-0.09114368566723265,-0.7551110678944604,-0.8208082570680466,18.092454430070035,-0.7061983168481125,-0.34815961220202185
2024-09-13,0.9892916839833689,0.8974356487740135,1.5583351369417864,1.060749715526247,-0.2421688532343117,-0.21847393670950271,-0.8150346444186327,-1.2881331522118775,17.90174063663384,-0.8621789726213626,-0.4214321920441103
2024-09-16,0.9898989149169246,0.3559848981382593,0.9522501341665788,0.49830174719585935,-0.5455823321859297,-0.5214725509057511,-0.4068481440686543,-1.2870835282998925,17.810458286374978,-0.7829921943605366,-0.6671152620303153
2024-09-17,0.8289469702081915,0.9905764640932037,1.1835233075174099,0.49019931217989166,-0.09757471553398753,-0.0776918170347245,0.8850397636118429,-0.6134321379559093,18.016638637896364,-0.45285709132107843,-0.061747302684744425
2024-09-18,0.8437625061031316,1.0113822400000338,1.0421643559343587,0.2844703916993692,-0.18956844717447247,-0.16905579779109187,0.5776203437854502,-0.06927364793333358,18.17235015815392,-0.25170782062359587,-0.07382848875786695
2024-09-19,1.2784065942245735,1.963978082613425,1.5157230667325854,1.969203175860799,1.624999914350028,1.5677852862743988,1.405602354148714,1.436300100998518,18.447270102922943,0.31039945596508517,1.6248664162314368
2024-09-20,1.9389751188856241,1.5042827879399157,1.6944112934396343,1.191816240083768,-1.2437689839818251,-1.2685125221143552,-0.17956376003721872,1.5828338261187542,18.419471022534378,-0.3035888009434027,-1.1775038938128821
2024-09-23,1.69058687931696,1.829828868319899,1.9213091694106952,2.063769198297549,1.107911581879654,1.113617710676189,-0.9672164639437045,0.5559230181249719,18.280581556216383,-0.4563387132061581,1.3153877853733102
2024-09-24,2.142637605820438,1.9193613966976868,1.949601326777504,1.8047747469827595,0.1696751616074212,0.18435935940702813,-0.03280598331077297,0.5227688385734649,18.29841142119221,-0.4993451029884111,0.26479286170866945
2024-09-25,1.5174118431785983,1.4822965830852322,1.7418491871145652,1.5529594394183994,-0.0533176249793624,-0.04119215618471636,-1.347789549322937,-0.6193434214637639,17.99042539636348,-1.7387201185707233,0.13263086664925744
2024-09-26,1.700714071991544,1.4919616958342574,1.3229801815245101,1.0673892995779455,-0.7155615163006804,-0.7201516410449441,0.13144580361069855,-0.4706708021508381,18.02232333122489,0.7226272740066787,-0.8762523142653919
2024-09-27,1.160710602101311,1.1391153091314963,1.240955550788654,1.2509490015582692,0.39091163502820553,0.4061589403923254,0.15011759421268317,-0.4168285547821975,18.07802282941126,-0.9145732660106489,0.571188503804339
2024-09-30,1.0646420913294572,1.2666332493657741,1.148562777032782,1.1139802313814746,-0.3581612375388281,-0.35106748739116117,0.48668583965744,-0.16936447801894017,18.206319775106817,0.0887557805726066,-0.4918152433573096
2024-10-01,1.1407772656941368,1.0097796907649432,0.3698095629768319,0.6844530334260738,-0.89124120251368,-0.8997714974601718,0.27374937098955593,0.022544841305606876,18.28597839173646,2.0041143338916028,-0.6337506339497209
2024-10-02,-0.38551459574404123,-0.559655843363637,-0.5962369981123193,-0.49195076842920044,-1.3372285609052335,-1.363864437074761,0.2952959141750081,0.29374814209253397,18.35863405960914,0.1974561633151474,-1.475136669484939
2024-10-03,-0.9984004820934992,-0.892787076685369,-1.2837760912808784,-1.4758947457926666,-1.1980599682727464,-1.2110512936799243,-0.9982922131215175,-0.345451975287793,18.206610914134064,1.0709986379565464,-1.1914414018383275
2024-10-04,-0.8516278571257535,-0.9734992980480925,-0.521586459370455,-0.5487899578778969,1.184807080728034,1.1774284407150017,0.6121481194785292,0.614877549017137,18.276500868366053,-0.8298588851724418,0.9671324944461178
2024-10-07,-0.6915822273982247,-1.1566148914422418,-1.1215616991581372,-1.5852527612507823,-1.2526617569250844,-1.2628679722139984,-1.42689411114061,-1.1325673024752172,18.036683067760297,0.07226535824342939,-1.0245933992467329
2024-10-08,-1.2430180814718288,-1.3814949084122397,-0.9515418598568668,-0.9125443141638332,0.7062994415983612,0.7122229201359662,-0.9493176100269602,-1.7051435798130228,17.846261947621556,-0.951547188594691,0.40818852861408067
2024-10-09,-1.0121962713584478,-0.9968915440193922,-0.9103346775805049,-1.093354448246589,-0.3049557760055462,-0.2955604657841103,1.2250117890216659,-0.6472195569936532,18.009542086658694,-0.3738511680985466,-0.6047793753200914
2024-10-10,-1.055441124162554,-1.301551831261173,-1.528948101358186,-1.107223985112019,-0.13383070908443478,-0.1227065008848176,1.4104999676111256,0.8815049474827806,18.235400025154053,0.5802017981289187,-0.03617576933914976
2024-10-11,-2.268203326761868,-2.231774353615931,-2.316874268727255,-2.1887445578943434,-2.045300878095615,-2.0888798538006568,2.310433255819969,2.5272855054238814,18.77575671721857,0.19811010554316383,-2.2787359662375164
2024-10-14,-1.694175424050855,-1.7720333390047842,-1.8051204371431917,-1.636020107171532,0.6704934015711885,0.6729886639520549,-1.4270169813602958,-0.13620109851138273,18.273246304604555,-0.14048294444533582,0.5229877027094886
2024-10-15,-1.4349828043198096,-1.3305666011406379,-1.2320754754996903,-1.3275493156864,0.49189340929273384,0.4987341628355542,-0.8657183710246893,-0.9566667622764365,17.958467506649527,-0.48523918347261824,0.7898812158655929
2024-10-16,-1.0715664892195211,-1.1633156994308893,-0.8873753558588278,-0.9727958881676757,0.5449295393257212,0.5472371300161942,-0.5864153994718302,-1.1541590835691469,17.720162483609606,-1.6732872169912523,0.4964438372552404
2024-10-17,-0.8653686707028458,-0.9959082528626234,-0.7974782033028176,-0.8297205617922431,0.17470864500295982,0.18624480624950987,0.07762020103853114,-0.8659726173036113,17.743245501884914,-1.3006874510509725,0.2591149592165956
2024-10-18,-0.7620385785737814,-0.8066419125703831,-0.5439769602741457,-0.6948113782349808,0.3668782571157152,0.36922645487097194,-0.03558143921778976,-0.6707511546553686,17.719741302430403,-1.499117175452065,0.30108073263927065
2024-10-21,-0.7564422968592381,-0.7913323375842071,-0.6940231168175433,-0.698415661025855,0.025601293596784605,0.038105592225487296,-0.16021893840172555,-0.6353517363072133,17.672633794539454,-0.6173654156299883,0.1772149485523415
2024-10-22,-0.7496430244957951,-0.8363569676366721,-0.60317701239409,-0.6490279426775001,0.2524813669765854,0.25625102708285596,-0.3165777622005052,-0.7306894905945793,17.582940090950803,-1.1877433555413015,0.312609322495216
2024-10-23,-0.668284013614958,-0.7118678049011211,-0.9864328550987651,-1.0837879084469622,-0.2930246415967816,-0.2721619845075978,1.8968219295147888,0.769554797873356,18.20920511936083,0.3069540429794295,0.03743962120741676
2024-10-24,2.7945089940710006,2.8145216949561243,2.7458391382888645,2.80733172185979,2.658039332326301,2.6063454888065474,2.1276682714318453,2.384938614028803,19.136038928750896,2.463561053328271,2.6376722409406215
2024-10-25,2.271970568888753,2.0753384692357844,2.275214306224989,2.0979897512784667,0.14353604451158444,0.18391016840973237,-0.5427808249914164,1.3410199299927048,18.900708346141602,1.0866792164461945,0.14840963080430206
2024-10-28,2.0589232601636147,1.6586289621390635,1.870750763528853,1.3646477650549316,-0.6290019996321611,-0.6619276150412704,-0.7656511767333217,0.25041940500963267,18.49442923221378,0.473825929781909,-0.6841133510572803
2024-10-29,1.3736308954931873,1.0467979656520932,1.2019245907315754,1.0015760656628727,-0.42024376881405445,-0.4285946009080358,-0.6331645449819251,-0.29625005604940763,18.204038525599486,0.1723283811446023,-0.4428863691229614
2024-10-30,0.8776100679369386,0.8039589320668434,0.9925087775572274,0.7517862271493998,-0.34392307051229537,-0.3443327109636654,-0.7328267123132561,-0.7702813851486713,17.804376097506868,-0.24518611297906284,-0.3092417922541949
2024-10-31,0.7141100894518876,0.5215868967522754,0.5398537623735533,0.3060854192984601,-0.6015503543364609,-0.6316752179100144,0.16192645234546382,-0.5827380272871219,18.013844210870722,0.2625017571782624,-0.39170445686857186
2024-11-01,0.313106461078037,0.1589355095330674,0.2902229926278567,0.14956415176283486,-0.24057303507907643,-0.22989900552185988,-0.4255265278848142,-0.7362980556344001,17.868074350215572,-0.45584273157184474,-0.33593927832405235
2024-11-04,-0.20237911933314218,-0.22428407938622852,-0.2622573023559838,-0.28933062264456133,-0.4997983378639714,-0.5173370713119115,0.0785999060260361,-0.5829001716281906,18.046749200550455,0.08553670692135082,-0.5077649867618357
2024-11-05,-0.2670557984484101,-0.11317500626804436,-0.018036490799689612,-0.010459564612388238,0.2510025120835755,0.299238473860562,-0.2488640019433593,-0.6288397736425955,18.053702921451396,-0.3843451440693798,0.07397690677975217
2024-11-06,2.132915687746038,2.2048101103633764,2.138607853711685,2.284236559123453,1.360373376794274,1.3903353930518747,1.7114029117620932,0.6641946259162482,18.922841138827824,0.40234176272143,1.1589065248090415
2024-11-07,1.7804225020358315,1.9824981306877731,2.0061202920800363,1.9408802586487919,0.2773818037510033,0.3093602560122278,-0.6096622630913356,0.4373094775491258,18.580323750445153,0.946844246741251,0.22973762820744106
2024-11-08,1.7429843850537101,2.1868496108239874,1.9060602019173252,2.081259989944034,1.100510149334942,1.1265283401208597,1.116736575846493,2.106796051282927,19.137460468110966,2.684089412489184,1.2837839122811083
2024-11-11,2.293943373277136,2.0775532176032274,2.21593675118703,2.0214413421231883,1.0061252564734893,1.0228370383912946,-0.24360314406319353,1.453585999389638,19.165098823399084,0.8208766216001063,1.2039835183808587
2024-11-12,1.6046270169142571,1.3478219166744037,1.3903737655253015,1.1488449586344565,-1.3516616604061842,-1.4029875578327913,-0.7784806673228858,0.30780933001284605,18.863608617081898,0.7630470471456763,-1.4444260601489334
2024-11-13,1.142822805042661,1.0672933143502328,1.103675726691461,0.9738644326537239,-0.3384475120271096,-0.31827939207267436,-0.697085065597302,-0.3667925007139021,18.64706385023741,0.5666325929493687,-0.3364667065497392
2024-11-14,0.7683034950331892,0.5838980140876775,0.6219358151987038,0.3724052239753286,-1.2200840466825835,-1.2540012861947523,-0.34364948885698937,-0.5703494198088269,18.609034909582896,0.2314860770322675,-1.1895551489145761
2024-11-15,0.2111740792178398,0.31799845341491195,0.448016236071482,0.47759401836404003,0.046662535269415696,0.07583458474211227,-0.3905311669113864,-0.8188409862640902,18.555563856341955,-0.5311651169152708,0.3146011750521649
2024-11-18,0.8773357148114247,0.8112336061889647,0.9448664676561319,0.8751141475163022,0.31987693342871754,0.34322278925994526,-0.0722940536116691,-0.7692430059255262,18.65612829762491,-0.29989852843232095,0.34212645267780034
2024-11-19,0.6211412255817721,0.6997955538674616,0.9942556417393873,1.139084551989116,-0.1990376718491467,-0.1717345975169818,-0.7589698505651139,-1.297531383954861,18.302488260733767,-1.0628176490477448,-0.2489073537034048
2024-11-20,0.8645879037954707,0.5377501392847479,0.9486942397732397,0.8133751586283767,-0.5770933759619109,-0.5581241407648451,-0.6450367053293192,-1.2348213775507806,18.01031415820456,-1.2833204834725036,-0.604504566481253
2024-11-21,0.6935035066211059,0.5277001887967654,0.9152713052973432,0.5444128145310494,-0.41711141282973313,-0.39727970351834074,-0.3000544733200028,-1.0807512309745897,17.876155289542947,-1.0953607453829568,-0.5429063668128812
2024-11-22,0.3831900511742193,1.42665390069975,1.0086153063232295,1.2582721254000964,0.58319237398431,0.5943919106590069,2.3977328447518396,-0.36323621905685144,18.305726589485865,1.0567907039565778,0.5142695898172439
2024-11-25,1.700376964373132,1.3756988032888446,1.0133418817444004,0.30640631878868196,-0.913208383106932,-0.9080763267995132,0.5061412082948604,0.3569368635235943,18.378721655268848,0.9855369507876472,-1.0100286320193035
2024-11-26,0.22213163144316445,0.08067851463903025,0.6487167458933891,0.20082737643815124,-0.12993102769300777,-0.11380758134828467,-1.1242544684556128,-0.5383701922431575,17.94740618705059,-1.3327702607779142,-0.2761692036771467
2024-11-27,0.23783722886202735,-0.27913679789109247,-0.22587005800593288,-0.26337150152657357,-0.4837704437383916,-0.4707871677324248,-0.09317107865782,-0.3927382942003299,17.874165781716634,-0.16676590768177113,-0.37330521203818634
2024-11-29,-0.287356487120545,-0.1854372243401205,0.376188006875547,0.6708530457102673,0.8629967086033736,0.8636873163936477,-1.0229226430513845,-1.2191039353700497,17.43094799889381,-1.1246282952159228,0.7088481277657863
2024-12-02,1.1598794706125901,1.250429537015406,2.4006217422104483,1.9200374729873368,0.7661169614749099,0.7691988023422457,2.29813962124078,1.6351921257109794,18.172046305573982,-1.294686174713113,0.8081261298215815
2024-12-03,0.8945135017169014,0.5533899098064003,1.4885205669329007,0.9353500099515959,-0.7370287938708207,-0.7322768337902816,-0.5383672697855689,0.7689363146880701,17.8805499029561,-1.2179127664378913,-0.6832879226898811
2024-12-04,0.8655584624631378,0.7253774061259641,1.2274398339587225,1.4239995851479041,0.5527691835282676,0.5608434088711188,-0.3148312337404815,0.35669044813533096,17.74362147614247,-0.752126122086015,0.45224830951983863
2024-12-05,1.3943225090131663,1.986750508494422,1.8152382042746213,1.8625406863254754,0.8770973221223455,0.875192463986652,1.0316235954341124,1.841963477791347,18.214930068323522,0.1794181805253071,1.0559382430882671
2024-12-06,2.104155576961028,2.0931344913341556,1.9456857317833915,2.1497619599474245,1.2919509537091443,1.2719590965210332,-0.23943870754763658,1.3664357196832944,18.21557111208454,0.45142977103513277,1.3119280416537973
2024-12-09,2.191699814723157,2.020197791061201,1.7553989456042722,1.6150696460495357,-0.30670546723737124,-0.29398019626586697,0.2253106015582443,1.619570169346982,18.383593443854235,1.6021977289137366,-0.05110207046453047
2024-12-10,1.4917982281359488,1.6521352793473945,1.7789308380650348,1.6148488760435302,0.47869139618751816,0.485582757306322,-0.1336695083660096,1.330006085335824,18.39601504124992,0.5326362874135862,0.663486534448886
2024-12-11,1.6713115156763347,1.6636363041268498,1.7047776402121995,1.8524476332092386,1.3714913190430222,1.3533210593800766,-0.1077944441762866,1.1078819769632073,18.462663034668566,0.8583570524984373,1.218994223736663
2024-12-12,1.6755155588508872,1.4373027279950261,1.7148339555486865,1.3303723570268067,-1.4906689807366558,-1.5013853976404126,-0.6058186075648918,0.17543208979014352,18.29002750261677,-0.4212008816811509,-1.400991078493406
2024-12-13,1.248824055269854,1.3540593566989367,1.4113957922043616,1.5409749978013354,0.7262718695233558,0.7276658102437672,-0.3173817801462824,-0.28974702624172544,18.30414918612083,0.4349313130689539,0.8144001915613319
2024-12-16,1.527621638148008,1.6643232262124577,1.629129951418457,1.7597418498610498,1.1941737326631963,1.1814237574392323,0.8901284053852332,0.6871837740240122,18.552443832798907,1.0185828426899757,1.1875791331509404
2024-12-17,1.8834716032962697,1.7251841506723453,1.7394935950721988,1.7058543322547546,0.1782721174690841,0.1874878517177146,0.21523583996390586,0.8849887021298045,18.692408731608822,0.6089818868125108,0.37953777802057265
2024-12-18,1.3443417619540743,1.5154606261997607,0.7025186976574163,0.545395245545061,-2.3669306508115318,-2.400351724762672,0.042706865740110025,1.1451909927215942,18.821741507157284,2.6911764102023437,-2.2700501966401005
2024-12-19,0.7994291598757219,0.5273279185882803,0.3264971033611838,0.27981614455144305,-0.592091981204977,-0.5651441585783917,-1.6917374073430995,-1.2337881285314665,18.59098117736486,0.6658347002891509,-0.8118827124099631
2024-12-20,-0.18097684592602284,0.0924720847873115,0.0718402298967345,-0.37166702835908594,-0.9486402313277325,-0.9340545260874413,0.36612178602166473,-0.7365833052533491,18.699949027041253,0.08189706178405955,-1.430226654756537
2024-12-23,-0.11423182688010132,-0.5027930683191266,-0.24084841815362568,-0.19901210678126927,0.2542940429781106,0.2687416640359343,-2.0943358412786512,-2.3124134897450013,18.101825821117195,-0.6283632490280814,0.07909455114536991
2024-12-24,-0.11120483480863522,0.45406326839966715,0.7079200287642796,1.0264735395425475,1.1646348831772777,1.135041104251686,-0.7174972570768778,-1.8664194988818554,17.902357096801122,-0.11527255164980842,1.1088667445761478
2024-12-26,1.074897773742906,0.42582789023329004,1.418284692996831,0.4987736683195282,-0.5257381560701078,-0.5055586838638599,1.1836103118628267,-1.042109819622747,18.151053379919357,-1.015013484427406,-0.6164918588723628
2024-12-27,0.17432047692604277,-0.48952090295151457,-0.251914702953563,-0.751794500208438,-1.0517573523342196,-1.0498467786597756,0.25521487192953,-0.7060878309475126,18.230328640459827,-0.37498258557702674,-1.0024930162071948
2024-12-30,-1.4191013200737224,-1.586270079629038,-0.9822222623544414,-1.288998228865009,-0.5899397606985366,-0.5769625362098857,-0.8710974433466698,-0.9982131818389514,17.988989738748696,-1.1318715051902724,-0.5023327227240668
2024-12-31,-1.0258907908792847,-1.2297670947471282,-1.4389389792403802,-1.501308690587493,-0.43586581731354457,-0.4233323221100977,0.8208107718434777,-0.43014468450667276,18.15704198065617,-0.04452520599961862,-0.4944470237093517
2025-01-02,-1.9654678078543155,-1.993580667987444,-2.2042947174181737,-2.0109379470871427,-0.8679146041132761,-0.8807036629106366,1.519499758299862,0.8632320045024534,18.51335746834577,-0.3392452163011641,-1.0797456490068533
2025-01-03,-1.7513722435209522,-1.1018325544810434,-1.4467338380235308,-0.5892620333385682,1.7717174249241825,1.7517908503484207,-0.44862950612714786,0.8507693369145238,18.37383335187851,1.3632978652260657,1.7576242504763002
2025-01-06,-0.05275923011628826,-0.36111430578442266,-0.4251492053771036,-0.46052904386723,0.12686933909373557,0.15098819196957927,-0.3981839521487808,0.6054634274169248,18.26421990943806,0.3365991205161244,0.06043273686386073
2025-01-07,-0.6568144782684282,-0.7410400418542481,-0.7733342621375956,-0.9776826086720336,-0.7015691307324127,-0.7040519275044987,-0.3539785915810772,0.5392556499054703,18.142282126576177,0.4447827744968913,-0.5769614490976039
2025-01-08,-0.9606627781577409,-1.0417133252740298,-0.7417824918291662,-0.7932861008116829,0.18280149597817927,0.20792327386627354,-0.25367567604939517,0.25509000094756173,18.106501378453597,-0.8703634870284654,0.15668278352238943
2025-01-10,-0.8363608205520439,-0.9876180995503022,-0.9389912658556682,-0.6725181966004387,0.3563556056933804,0.38074884371215156,-0.7997732498795042,-0.6844977208870237,17.94726812670416,0.26965303178034855,0.7472361115445195
2025-01-13,-1.0297111070094402,-0.6812823248726475,-0.7487417604127873,-0.05445891434012914,0.7771295645301582,0.7973584082611335,0.4200118789711606,-0.29966371763440525,18.028830052658865,0.3670719490547052,0.7621319762494664
2025-01-14,0.7060999133800387,0.76100202618403,0.32280623921076523,-0.3838350590494447,-0.2360834836005771,-0.22323704026144475,1.1063877250678318,0.8845141585551403,18.253031039215504,0.7980148229883836,-0.3623407970740827
2025-01-15,0.5222631345809202,1.2598669576126025,1.417025568210991,2.022077236119634,1.6192132103511467,1.5994415762067618,-0.3898928085156709,0.345869191582991,18.214584815156083,-0.1733230368934936,1.4671702068246981
2025-01-16,1.3854034027663815,0.880292813550638,1.5290121459994734,0.8157820387605188,-0.7796989314145294,-0.7824103936535239,-0.8371626204011033,-0.9519713204123141,18.039935579768386,-1.5800720865485052,-0.8346017414838997
2025-01-17,1.0238111557307668,1.6826745530010356,1.7710331588556467,1.4883383239137422,0.4266171775820048,0.445936454618476,2.0916407690206524,1.856572938991449,18.36929692967854,-0.736350064275056,0.2953540641255619
2025-01-21,1.3983489284290802,0.9765776006361077,0.6697897602182227,1.1036897243138466,-0.27372550858058065,-0.2632964026738988,-0.4656846536798819,1.1050230163358474,18.285100407962,0.8392872964761147,-0.5775278282131229
2025-01-22,0.48005766477368356,0.5887484987945724,1.0987121023630564,0.4254146758304438,-0.636806415077556,-0.6383268923519696,-1.3933714967306488,-1.038798176849079,17.92578261813906,-1.5507046701773957,-0.8996321733466551
2025-01-23,0.36608034506233483,0.02600241647718614,0.5847064414271286,0.1100564042911508,-0.3531070157766573,-0.3469374969530354,-0.7070263478697033,-1.4324405749714457,17.741251066760174,-1.3988429948594576,-0.46681311802082215
2025-01-24,0.14042934563811524,-0.2505885590418595,0.2550909338403921,-0.4637222664140064,-0.5261596562518143,-0.5261942437378,0.5569018690135724,-0.7420662892802138,17.848460115242712,-1.0794566260784508,-0.39998730531657384
2025-01-27,-1.259010582030239,-1.4437969838670246,-1.1937732456142296,-1.3158365921052535,-0.7103575429070764,-0.7186129310281361,0.08689630003520407,-0.6106252091420932,17.87811504118949,-0.17504301859651447,-0.23100615851317582
2025-01-28,-1.498068510822387,-1.8576146192538956,-1.627542650067402,-1.134440799048558,0.09499800216998566,0.11208165334411962,-0.6887098539929944,-1.1097109429909855,17.705506764860182,-0.6028584513100135,-0.0769662820959403
2025-01-29,-1.3127491500138877,-1.5352053569989181,-1.527662247777074,-1.6543498901435736,-0.6281151542976889,-0.6350480561409152,1.6567018676126972,0.620253036745585,18.035512273450134,-0.44086206768504793,-0.4834927247088559
2025-01-30,-0.11502223718285853,-0.4232935078834609,-1.2287783799619882,-0.6584382311363749,1.6229836054735491,1.6161709151909236,1.4415932311184454,1.995754570165318,18.401425556983384,1.9705310932322908,1.7841681653839672
2025-01-31,-0.6747963164587992,0.1548444088687007,0.09379793021645927,-0.23067776076419938,0.6421460284549443,0.6504131647271829,-0.73388571525352,0.8376459838746924,18.241173634882205,0.13033238415339796,1.1264675170953193
2025-02-03,-1.4332300043687678,-1.6991977276928807,-1.5827622395418313,-1.6002207059321065,-1.888121468982956,-1.9165527752949976,0.39711916785112944,1.2973435607216726,18.355951281920074,-0.28149510475528,-1.7527583251786145
2025-02-04,-1.530075581069391,-1.1431703400740936,-0.865328894152163,-0.7692417770751745,1.227307014733968,1.2178785312445843,-1.3815054551336194,-0.4378973763121115,17.859827708441724,-0.5759232282770368,1.076560559674175
2025-02-05,-0.9413046695849181,-1.3131230598203623,-1.121267098060328,-1.70478058232392,-1.0492304414283948,-1.0506868262050264,-0.0804520322218711,-0.43297186139159444,17.86247173354127,-0.5011301153284826,-1.3886070847045393
2025-02-06,-1.6913085202994775,-1.7446983202289676,-1.7123632086093952,-1.6496061603817842,-0.03290579176761739,-0.021287501110330474,1.0621510008910668,0.44388524988137934,18.171170129249685,-0.606083563639002,-0.22433842009340663
2025-02-07,-1.574301500162863,-1.1474539616700021,-1.6148448986137307,-1.954952544553756,-0.8464712974669949,-0.8451286109657011,-0.5597368007459974,-0.1709464978835429,18.068258188636783,0.9937945043045185,-0.6241888911593995
2025-02-10,-1.8365684968312148,-1.7313471197528174,-1.7297446805731993,-1.8752136529080776,-0.6670271963922817,-0.662059888614849,0.14635310219106898,0.0392127255376323,18.165980746809623,-0.5889299584188725,-0.9764757935499833
2025-02-11,-1.7526256355935006,-1.763734057774896,-2.102934106251219,-2.02706135473405,-1.4469750709162355,-1.471475178744357,1.3378387739208402,1.5784981859349296,18.590789704649698,1.7525781341835673,-1.5513345182779072
2025-02-12,-1.7843541272058934,-1.4525446932710535,-1.4623238780613146,-1.3213448250544484,1.1352292605375947,1.1283383748333617,-0.6603345976357835,0.46886617764260713,18.47310905346648,0.29442205851988834,1.2694435289641604
2025-02-13,-0.99923045164536,-0.7806294886778561,-0.7304806748308393,-0.43909431767465573,1.7771278633829928,1.7449040053040885,-0.6436456106923488,-0.20277949762070496,18.309095349430603,0.08162893607667765,1.630871544734635
2025-02-14,-0.16024466211235777,-0.5055215053731209,-0.3866447134869462,-0.2888924560329839,0.30997635171166327,0.3275851478548886,-0.9026578582918936,-1.1275740788770023,18.039087926696826,-0.2193941320088697,0.37318950274973595
2025-02-18,-0.31060012019868094,-0.5301357054998197,-0.1396251631314621,-0.2461919877612601,0.07198952144042355,0.08824244821381104,-0.77384147384728,-1.4874768952572452,17.759646402274775,-1.1945199031156704,0.07033433352257572
2025-02-19,-0.22920183507099917,0.17696445367717661,0.2570506424641168,0.32700529919131266,0.7402638787894261,0.7495102982102628,0.9445088605899201,-0.6912359550009567,18.02161115583743,-0.3660972769958008,0.75714927418076
2025-02-20,0.5034809178890409,-0.008173686423652385,0.08007317634109754,0.08936607802113448,-0.32755291288466065,-0.3148166939713897,-1.1246877713628087,-1.4930563474530696,17.64339951927109,-0.24851513000098482,-0.18374339576584886
2025-02-21,0.024365789560424598,-0.5627904972969923,-0.8652300237161392,-1.0466256394864073,-1.0228245834836647,-1.030938197920348,1.7188424562714366,-0.0515008885116116,18.120367243182205,0.9984764785782797,-0.6512800926130404
2025-02-24,-1.1682153545398868,-1.7518373044971933,-1.419110594891192,-1.3454213314682948,-0.36849488244300965,-0.3561171793351827,-0.07361719547160268,0.020564158807927977,18.146931832622116,0.5222014801722203,-0.27389332046968373
2025-02-25,-1.6507355751643948,-2.1035193000513277,-2.226058104361938,-2.1565935288439726,-1.6433037924846612,-1.6800711098094436,1.6181597293288326,1.756645834108768,18.715056371994514,2.2967357787853713,-1.736496541255969
2025-02-26,-2.134553806365818,-2.2085322533221756,-1.9219876715511375,-1.9602241052197296,-0.7027233812040082,-0.6923607455107522,-0.7575405154112216,0.739640957417078,18.421863054747426,0.8277713605248803,-0.8440245694363724
2025-02-27,-1.9554088297095393,-1.9153163929823769,-1.6508424536660882,-1.6907502363365183,-0.35268807272947755,-0.33859624902455343,-0.0926117528937125,0.8228303147425572,18.438011701540994,0.15561507088154147,-0.026003098406029237
2025-02-28,-1.7269540192202106,-1.5377656195144047,-1.4590290203123797,-1.0708705046672227,1.6647217825067775,1.6270895706813437,0.14954091313042772,1.062125937892971,18.566485271343954,0.7200769771939611,1.3509166253383162
2025-03-03,-0.856659051024117,-0.9671158042725198,-1.0880460802618819,-1.0888755806552894,-0.2014989012991573,-0.18645619292711132,-0.2908500487456506,0.6807497132539159,18.565226019232536,1.3118893568843852,0.22068652363624883
2025-03-04,-1.4208742951325226,-1.305063704970737,-1.2635020986151684,-1.2076590143947192,-0.5477397371270181,-0.5401451047776091,-0.12200375041875688,0.5731209350030714,18.65738474338175,0.7580719104074675,-0.4311561997105435
2025-03-05,-1.111685895597089,-1.219201438364282,-0.9214463722489089,-0.8363728405314461,1.4262030937433292,1.4150616789639074,-0.9519477096448699,-0.7148097959053252,18.35926162973541,-1.1644140814893815,1.2047026257366662
2025-03-06,-0.9739601527779589,-1.2418597102896034,-1.0444326392491463,-1.2534957579281376,-0.7482349608281491,-0.7499022974893692,-0.2175262176518979,-1.0919933306420966,18.405075624979144,-1.045867832679988,-0.5481450147303664
2025-03-07,-1.2477417113504101,-1.30359190926749,-1.2851739028627933,-1.1632457959166578,0.5759016462104581,0.5891790235833207,-0.07730993634525701,-1.0384906408413073,18.4441003612621,-0.40493240108019907,0.3991240457116562
2025-03-10,-1.3448678917678485,-1.5945541574965996,-2.1982619214574473,-2.351542631349849,-2.116170829033151,-2.181112934146654,1.8802885555854474,1.4005210983123617,19.057664373867116,2.231478486299274,-2.1505617114658997
2025-03-11,-2.024618535414027,-1.8635409649793684,-1.7590606657888515,-1.542549008932985,1.1056568172675325,1.0654176417333807,-0.43758796224997865,0.8673031599837964,18.97970436230427,0.4418901309226312,1.364136622076456
2025-03-12,-0.9082568563469021,-1.012913501661922,-0.6140195117762447,-0.6648049052504656,1.3772685064515309,1.3102069626046282,-0.8423727706928806,-0.45683841102544614,18.772855484146717,-0.9476813784347791,1.4542257137150691
2025-03-13,-0.7039287093207901,-0.9646868790643445,-0.8118138722484515,-0.8014766464573685,-0.24843606465548046,-0.21327630649495435,-0.764409449573596,-1.1849242455292284,18.558819639464485,-0.2839254998126834,-0.15045555421150514
2025-03-14,-0.5998918319488811,-0.6553891343050201,-0.30621540306226824,-0.2596837154811218,0.8051115970534609,0.7917366451412688,-0.4646557662434901,-1.271987349397515,18.423100823196847,-0.8435242130487254,0.4792008277568407
2025-03-17,-0.6006892095185223,-0.86754102690374,-0.553659448512351,-0.6872519980863054,-0.48904557651946373,-0.45403169488004214,0.271387376819157,-0.752108601933818,18.533121544134577,-0.4607086876012293,-0.74493564631621
2025-03-18,-1.3736108978708497,-1.5300116390532679,-0.9521083410024503,-1.12864927512705,-0.5542584418981653,-0.5204666318556883,-0.07780450031591056,-0.5813883046814298,18.529334240791396,-0.8466996631333757,-0.5132344403726427
2025-03-19,-0.9780906663431606,-0.6594143173804362,-0.39680265519465313,-0.4062980892899669,0.900245819346616,0.8833849804035703,-0.14133127933417075,-0.5823209668336302,18.533954079513315,-0.35539190231764994,0.8251211544312697
2025-03-20,-0.7424908779938821,-0.8099568488409687,-0.1531030447176462,-0.2222872003340082,0.15642531072603547,0.1810438276440552,-0.48213161364566814,-0.8726958316799774,18.410916235933065,-0.8366792475515382,0.19869947543030547
2025-03-21,-0.4514974417464667,0.6293759650614963,0.552134533164866,1.1536686845094175,0.8043891811542713,0.7860179887467025,0.8758538411079286,-0.02290925266386791,18.70381776076929,-0.01082676216180336,0.885582278285738
2025-03-24,1.7058244900244728,2.3951048114123306,2.0871366367379425,2.389602759249558,1.7029444683639365,1.6503173657622452,1.45392905847274,1.4526752275046708,18.945881948141047,1.46458978526763,1.6158974524969256
2025-03-25,2.3302930506957784,2.01023951242595,2.2126831797629265,1.9922845344972944,0.19927354940928943,0.22248147467915264,-0.5879392752467072,1.2161973525206873,18.828552959318593,0.47349544830437496,0.2687905122326135
