index,subsequence_idx,score
114,114,2.38268
129,129,2.47176
143,143,2.89686
144,144,3.17859
279,279,2.68472
342,342,2.39304
343,343,2.35409
356,356,2.84861
393,393,2.50657
394,394,2.48283
427,427,2.59375
429,429,2.56083
430,430,2.43941
