index,subsequence_idx,score
129,129,2.37882
130,130,2.26476
143,143,2.63011
144,144,3.11366
145,145,2.26981
279,279,2.58411
342,342,2.36965
356,356,2.7892
393,393,2.40296
394,394,2.60659
427,427,2.39118
429,429,2.3131
494,494,2.28285
