index,subsequence_idx,score
114,114,2.35104
129,129,2.52313
130,130,2.3476
143,143,2.58596
144,144,3.2098
145,145,2.39864
279,279,2.44293
287,287,2.35249
342,342,2.48458
343,343,2.46692
356,356,2.78156
358,358,2.61053
393,393,2.41776
394,394,2.56057
425,425,2.33374
427,427,2.53011
429,429,2.42773
430,430,2.33107
495,495,2.3711
