index,subsequence_idx,score
129,129,2.40182
130,130,2.37365
143,143,2.66449
144,144,3.05293
279,279,2.56685
286,286,2.29199
356,356,2.67521
393,393,2.51683
394,394,2.43458
425,425,2.37011
427,427,2.5718
429,429,2.48332
510,510,2.29425
