index,subsequence_idx,score
114,114,2.32119
129,129,2.42883
130,130,2.46029
131,131,2.39621
143,143,3.01882
144,144,3.22737
145,145,2.48325
279,279,2.50199
287,287,2.49379
342,342,2.47028
343,343,2.36902
356,356,2.81608
393,393,2.4281
394,394,2.49145
425,425,2.35824
427,427,2.57474
429,429,2.5963
