index,subsequence_idx,score
129,129,2.54592
130,130,2.39007
143,143,2.49581
144,144,3.19504
145,145,2.3397
279,279,2.69342
287,287,2.37005
342,342,2.42317
356,356,2.71665
393,393,2.52508
394,394,2.28652
425,425,2.37634
427,427,2.67041
429,429,2.53397
430,430,2.33321
494,494,2.33699
