index,subsequence_idx,score
114,114,2.37097
129,129,2.3628
130,130,2.44356
143,143,2.71574
144,144,3.20381
145,145,2.38469
279,279,2.55151
287,287,2.31079
342,342,2.33095
343,343,2.50134
356,356,2.72056
393,393,2.63963
394,394,2.49187
425,425,2.31679
427,427,2.45932
429,429,2.45356
494,494,2.32393
510,510,2.39314
