index,subsequence_idx,score
114,114,2.37656
129,129,2.34295
130,130,2.38211
143,143,2.84373
144,144,3.16561
145,145,2.34701
279,279,2.61424
287,287,2.36908
342,342,2.60278
343,343,2.40455
356,356,2.9956
358,358,2.34127
393,393,2.3935
394,394,2.53107
425,425,2.36777
427,427,2.39354
429,429,2.42406
495,495,2.33164
510,510,2.28773
