index,subsequence_idx,score
129,129,2.34966
130,130,2.41838
143,143,2.60436
144,144,3.09466
279,279,2.43781
287,287,2.35156
342,342,2.40194
343,343,2.33018
356,356,2.80907
393,393,2.40787
394,394,2.53752
427,427,2.7261
429,429,2.52767
430,430,2.40685
494,494,2.41598
