index,subsequence_idx,score
114,114,2.37843
130,130,2.41192
131,131,2.35815
143,143,2.6845
144,144,3.24965
145,145,2.35595
279,279,2.62797
287,287,2.33899
342,342,2.3938
343,343,2.36833
356,356,2.79286
358,358,2.4208
393,393,2.42182
394,394,2.49958
425,425,2.4811
427,427,2.46758
429,429,2.44673
430,430,2.4851
