index,subsequence_idx,score
129,129,2.56513
130,130,2.55805
131,131,2.41403
143,143,2.59905
144,144,3.163
145,145,2.4562
279,279,2.52748
287,287,2.60671
342,342,2.456
356,356,2.75685
358,358,2.52805
393,393,2.39035
394,394,2.50712
427,427,2.34286
429,429,2.47375
430,430,2.54629
