{
  "aida": 0.161,
  "iforest": 0.09042906761169434,
  "lof": 0.014837980270385742
}