{
  "aida": 0.133,
  "iforest": 0.06450200080871582,
  "lof": 0.04535484313964844
}