{
  "aida": 0.175,
  "iforest": 0.09401392936706543,
  "lof": 0.036070823669433594
}