{
  "aida": 0.112,
  "iforest": 0.0642549991607666,
  "lof": 0.022064924240112305
}