{
  "aida": 0.135,
  "iforest": 0.07100200653076172,
  "lof": 0.022064924240112305
}