{
  "aida": 0.186,
  "iforest": 0.09456706047058105,
  "lof": 0.030135631561279297
}