{
  "anomalies": [
    {
      "anomaly_index": 4,
      "feature_importances": {
        "Close_0": 1.1713944171197385e-12,
        "Close_1": 1.1430134704055862e-12,
        "Close_2": 1.0965542494146108e-12,
        "High_0": 1.160897354636422e-12,
        "High_1": 1.1492339518771814e-12,
        "High_2": 1.0776984149538384e-12,
        "Low_0": 1.1554544333487764e-12,
        "Low_1": 1.1568151636706877e-12,
        "Low_2": 1.0953879091386868e-12,
        "Open_0": 1.1428190803595989e-12,
        "Open_1": 1.1772261184993588e-12,
        "Open_2": 1.1408751798997255e-12,
        "Volume_0": 0.18445041501160045,
        "Volume_1": 0.4148117981353923,
        "Volume_2": 0.40073778683762135,
        "daily_return_0": 5.831701379620338e-16,
        "daily_return_1": 0.0,
        "daily_return_2": 0.0,
        "daily_return_zscore_0": 9.641746280972293e-14,
        "daily_return_zscore_1": 7.464577765914033e-14,
        "daily_return_zscore_2": 3.123848039016628e-13,
        "excess_return_0": 3.887800919746892e-16,
        "excess_return_1": 0.0,
        "excess_return_2": 0.0,
        "high_low_range_0": 3.887800919746892e-16,
        "high_low_range_1": 0.0,
        "high_low_range_2": 0.0,
        "log_return_0": 5.831701379620338e-16,
        "log_return_1": 0.0,
        "log_return_2": 0.0,
        "log_return_zscore_0": 9.563990262577355e-14,
        "log_return_zscore_1": 7.678406816500111e-14,
        "log_return_zscore_2": 3.123848039016628e-13,
        "log_volume_0": 2.52707059783548e-15,
        "log_volume_1": 7.775601839493784e-16,
        "log_volume_2": 5.831701379620338e-15,
        "relative_volume_0": 4.470971057708926e-15,
        "relative_volume_1": 2.3326805518481352e-15,
        "relative_volume_2": 8.553162023443162e-15,
        "relative_volume_zscore_0": 9.933331349953309e-14,
        "relative_volume_zscore_1": 1.2849182039763478e-13,
        "relative_volume_zscore_2": 1.3237962131738169e-13,
        "volume_change_0": 4.31545902091905e-14,
        "volume_change_1": 8.164381931468474e-15,
        "volume_change_2": 8.747552069430507e-15,
        "volume_change_zscore_0": 2.0994124966633219e-13,
        "volume_change_zscore_1": 3.460142818574734e-14,
        "volume_change_zscore_2": 5.909457398015277e-14
      }
    },
    {
      "anomaly_index": 47,
      "feature_importances": {
        "Close_0": 1.2353045719832875e-12,
        "Close_1": 1.2718679722435518e-12,
        "Close_2": 1.239790878763688e-12,
        "High_0": 1.2015451134607734e-12,
        "High_1": 1.2713071838960019e-12,
        "High_2": 1.2373234100344678e-12,
        "Low_0": 1.222855070667676e-12,
        "Low_1": 1.2422583474929083e-12,
        "Low_2": 1.2099569386740244e-12,
        "Open_0": 1.2190417099043355e-12,
        "Open_1": 1.2665965617765812e-12,
        "Open_2": 1.2593063132584304e-12,
        "Volume_0": 0.2188807351073483,
        "Volume_1": 0.5979243843996677,
        "Volume_2": 0.18319488047603483,
        "daily_return_0": 3.3647300853004016e-16,
        "daily_return_1": 0.0,
        "daily_return_2": 0.0,
        "daily_return_zscore_0": 1.7855500985994132e-13,
        "daily_return_zscore_1": 1.8629388905613224e-13,
        "daily_return_zscore_2": 2.4674687292202945e-13,
        "excess_return_0": 0.0,
        "excess_return_1": 3.3647300853004016e-16,
        "excess_return_2": 0.0,
        "high_low_range_0": 0.0,
        "high_low_range_1": 0.0,
        "high_low_range_2": 0.0,
        "log_return_0": 3.3647300853004016e-16,
        "log_return_1": 0.0,
        "log_return_2": 0.0,
        "log_return_zscore_0": 1.784428521904313e-13,
        "log_return_zscore_1": 1.8719115041221235e-13,
        "log_return_zscore_2": 2.4674687292202945e-13,
        "log_volume_0": 3.476887754810415e-15,
        "log_volume_1": 3.925518432850469e-15,
        "log_volume_2": 4.374149110890523e-15,
        "relative_volume_0": 8.075352204720964e-15,
        "relative_volume_1": 6.729460170600804e-15,
        "relative_volume_2": 6.61730250109079e-15,
        "relative_volume_zscore_0": 1.4625360104105746e-13,
        "relative_volume_zscore_1": 1.969488676595835e-13,
        "relative_volume_zscore_2": 9.589480743106145e-14,
        "volume_change_0": 3.2189251149373844e-14,
        "volume_change_1": 1.2337343646101473e-14,
        "volume_change_2": 5.8321988145206966e-15,
        "volume_change_zscore_0": 1.8651820439515228e-13,
        "volume_change_zscore_1": 9.196928899821098e-14,
        "volume_change_zscore_2": 4.587248682959548e-14
      }
    },
    {
      "anomaly_index": 50,
      "feature_importances": {
        "Close_0": 1.2816745219525724e-12,
        "Close_1": 1.3984837306501632e-12,
        "Close_2": 1.3775097014641318e-12,
        "High_0": 1.3439512547664813e-12,
        "High_1": 1.3150716299641763e-12,
        "High_2": 1.4228458722431692e-12,
        "Low_0": 1.3160396620804548e-12,
        "Low_1": 1.3237839190106817e-12,
        "Low_2": 1.3658933160687912e-12,
        "Open_0": 1.4617284955803506e-12,
        "Open_1": 1.3102314693827845e-12,
        "Open_2": 1.4181670503478237e-12,
        "Volume_0": 0.5694626273538541,
        "Volume_1": 0.21338552700892352,
        "Volume_2": 0.21715184561872541,
        "daily_return_0": 0.0,
        "daily_return_1": 3.2267737209279264e-16,
        "daily_return_2": 0.0,
        "daily_return_zscore_0": 2.5539914001144535e-13,
        "daily_return_zscore_1": 1.7134168458127288e-13,
        "daily_return_zscore_2": 1.9070232690684045e-13,
        "excess_return_0": 0.0,
        "excess_return_1": 3.2267737209279264e-16,
        "excess_return_2": 0.0,
        "high_low_range_0": 0.0,
        "high_low_range_1": 3.2267737209279264e-16,
        "high_low_range_2": 0.0,
        "log_return_0": 0.0,
        "log_return_1": 3.2267737209279264e-16,
        "log_return_2": 0.0,
        "log_return_zscore_0": 2.542697692091206e-13,
        "log_return_zscore_1": 1.7198703932545848e-13,
        "log_return_zscore_2": 1.9183169770916522e-13,
        "log_volume_0": 2.097402918603152e-15,
        "log_volume_1": 4.84016058139189e-15,
        "log_volume_2": 5.162837953484682e-15,
        "relative_volume_0": 1.435914305812927e-14,
        "relative_volume_1": 9.518982476737382e-15,
        "relative_volume_2": 7.260240872087834e-15,
        "relative_volume_zscore_0": 2.6862891226724985e-13,
        "relative_volume_zscore_1": 1.003526627208585e-13,
        "relative_volume_zscore_2": 7.550650506971347e-14,
        "volume_change_0": 4.888562187205808e-14,
        "volume_change_1": 4.194805837206304e-15,
        "volume_change_2": 6.453547441855853e-15,
        "volume_change_zscore_0": 3.0751153560443136e-13,
        "volume_change_zscore_1": 2.7266237941840976e-14,
        "volume_change_zscore_2": 4.259341311624863e-14
      }
    },
    {
      "anomaly_index": 84,
      "feature_importances": {
        "Close_0": 1.1425902389953303e-12,
        "Close_1": 1.3347379329376628e-12,
        "Close_2": 1.416461834915815e-12,
        "High_0": 1.1833878404552896e-12,
        "High_1": 1.2048805831802526e-12,
        "High_2": 1.403591929092484e-12,
        "Low_0": 1.1451642201599964e-12,
        "Low_1": 1.1953568528709875e-12,
        "Low_2": 1.3490235284015602e-12,
        "Open_0": 1.320709735590232e-12,
        "Open_1": 1.1688448468749256e-12,
        "Open_2": 1.352241004857393e-12,
        "Volume_0": 0.6167805730192168,
        "Volume_1": 0.18390842931211682,
        "Volume_2": 0.1993109976511724,
        "daily_return_0": 6.434952911665523e-16,
        "daily_return_1": 1.2869905823331045e-16,
        "daily_return_2": 0.0,
        "daily_return_zscore_0": 2.981957179265803e-13,
        "daily_return_zscore_1": 1.7876299188606822e-13,
        "daily_return_zscore_2": 1.881580231370999e-13,
        "excess_return_0": 6.434952911665523e-16,
        "excess_return_1": 2.573981164666209e-16,
        "excess_return_2": 0.0,