feature_0,feature_1,feature_2,feature_3,feature_4,feature_5,feature_6,feature_7,feature_8,feature_9,feature_10,feature_11,feature_12,feature_13,feature_14
-0.0050752561550349,-0.6366825236653693,0.0150444854372071,-0.0002732339318015,-0.0753868535907948,0.0195951110948135,0.0136674848686704,0.2447432413102561,0.0360452136364825,0.0658875911674183,1.2292576419213974,0.0595047227691072,-0.0051638465828047,-0.1850610856229703,0.015059420428459
-0.0002732339318015,-0.0753868535907948,0.0195951110948135,0.0136674848686704,0.2447432413102561,0.0360452136364825,0.0658875911674183,1.2292576419213974,0.0595047227691072,-0.0051638465828047,-0.1850610856229703,0.015059420428459,0.0036589019682382,-0.5292554873806059,0.0117164349867993
0.0136674848686704,0.2447432413102561,0.0360452136364825,0.0658875911674183,1.2292576419213974,0.0595047227691072,-0.0051638465828047,-0.1850610856229703,0.015059420428459,0.0036589019682382,-0.5292554873806059,0.0117164349867993,0.013310744797836,0.1730717549045954,0.010564570683097
0.0658875911674183,1.2292576419213974,0.0595047227691072,-0.0051638465828047,-0.1850610856229703,0.015059420428459,0.0036589019682382,-0.5292554873806059,0.0117164349867993,0.013310744797836,0.1730717549045954,0.010564570683097,0.0085342077593426,0.8719358533791524,0.0287824146838797
-0.0051638465828047,-0.1850610856229703,0.015059420428459,0.0036589019682382,-0.5292554873806059,0.0117164349867993,0.013310744797836,0.1730717549045954,0.010564570683097,0.0085342077593426,0.8719358533791524,0.0287824146838797,0.0204912147049429,-0.2579855586831477,0.0165016505805202
0.0036589019682382,-0.5292554873806059,0.0117164349867993,0.013310744797836,0.1730717549045954,0.010564570683097,0.0085342077593426,0.8719358533791524,0.0287824146838797,0.0204912147049429,-0.2579855586831477,0.0165016505805202,0.0252824215493245,0.3884215734784759,0.0217091970143943
0.013310744797836,0.1730717549045954,0.010564570683097,0.0085342077593426,0.8719358533791524,0.0287824146838797,0.0204912147049429,-0.2579855586831477,0.0165016505805202,0.0252824215493245,0.3884215734784759,0.0217091970143943,0.0107833266618331,-0.5376574008077928,0.0172166720697569
