feature_0,feature_1,feature_2,feature_3,feature_4,feature_5,feature_6,feature_7,feature_8,feature_9,feature_10,feature_11,feature_12,feature_13,feature_14
-0.0020325306489176,0.1300766050583657,0.0164722532477291,0.0050916756090235,-0.1520376597175521,0.0150478979993777,0.0280310984786069,0.9614884370142436,0.0328035586984775,-0.017082849660845,0.186149566567473,0.0281407082697843,-0.0197191713481149,-0.0742003217801532,0.0218878041948754
0.0050916756090235,-0.1520376597175521,0.0150478979993777,0.0280310984786069,0.9614884370142436,0.0328035586984775,-0.017082849660845,0.186149566567473,0.0281407082697843,-0.0197191713481149,-0.0742003217801532,0.0218878041948754,0.005455100633771,-0.4603092783505155,0.0157480659445077
0.0280310984786069,0.9614884370142436,0.0328035586984775,-0.017082849660845,0.186149566567473,0.0281407082697843,-0.0197191713481149,-0.0742003217801532,0.0218878041948754,0.005455100633771,-0.4603092783505155,0.0157480659445077,-0.0030518288024151,0.3115841178878429,0.01298698420349
-0.017082849660845,0.186149566567473,0.0281407082697843,-0.0197191713481149,-0.0742003217801532,0.0218878041948754,0.005455100633771,-0.4603092783505155,0.0157480659445077,-0.0030518288024151,0.3115841178878429,0.01298698420349,-0.0353741438462963,0.1941410232403304,0.0240113104697546
-0.0197191713481149,-0.0742003217801532,0.0218878041948754,0.005455100633771,-0.4603092783505155,0.0157480659445077,-0.0030518288024151,0.3115841178878429,0.01298698420349,-0.0353741438462963,0.1941410232403304,0.0240113104697546,0.0038786028113386,-0.3603686796529254,0.0124157635629298
0.005455100633771,-0.4603092783505155,0.0157480659445077,-0.0030518288024151,0.3115841178878429,0.01298698420349,-0.0353741438462963,0.1941410232403304,0.0240113104697546,0.0038786028113386,-0.3603686796529254,0.0124157635629298,0.0066737732497073,-0.1785295960338863,0.0140548678407071
-0.0030518288024151,0.3115841178878429,0.01298698420349,-0.0353741438462963,0.1941410232403304,0.0240113104697546,0.0038786028113386,-0.3603686796529254,0.0124157635629298,0.0066737732497073,-0.1785295960338863,0.0140548678407071,-0.0038380741080301,0.0317007659913122,0.0095037120455409
