feature_0,feature_1,feature_2,feature_3,feature_4,feature_5,feature_6,feature_7,feature_8
0.0090421303656598,0.0115708164081018,0.012244966298013,-0.0001054323555959,-0.0641428778837371,0.0095985442450652,0.0092781354421813,-0.0867510952875633,0.0106909560095584
-0.0001054323555959,-0.0641428778837371,0.0095985442450652,0.0092781354421813,-0.0867510952875633,0.0106909560095584,-0.0042307619837581,-0.1799931620402923,0.0093812518591973
0.0092781354421813,-0.0867510952875633,0.0106909560095584,-0.0042307619837581,-0.1799931620402923,0.0093812518591973,0.003514472206344,0.0388939149588953,0.0110045109499382
-0.0042307619837581,-0.1799931620402923,0.0093812518591973,0.003514472206344,0.0388939149588953,0.0110045109499382,-0.0070044081353357,-0.3929910115933029,0.0087185939048049
0.003514472206344,0.0388939149588953,0.0110045109499382,-0.0070044081353357,-0.3929910115933029,0.0087185939048049,-0.0009475118360194,0.6862979919578516,0.0093700599769786
-0.0070044081353357,-0.3929910115933029,0.0087185939048049,-0.0009475118360194,0.6862979919578516,0.0093700599769786,0.0032141295850927,-0.0527019229346577,0.0088701583353192
-0.0009475118360194,0.6862979919578516,0.0093700599769786,0.0032141295850927,-0.0527019229346577,0.0088701583353192,-0.0054096461151873,0.1197124070034414,0.0165105312855643
