feature_0,feature_1,feature_2,feature_3,feature_4,feature_5,feature_6,feature_7,feature_8
-0.0067498245596645,-0.353030074051685,0.0150340044040706,0.0037754754146095,-0.0378416257883672,0.0137427439947356,-0.0057358179820502,0.0725904345714978,0.017683028345949
0.0037754754146095,-0.0378416257883672,0.0137427439947356,-0.0057358179820502,0.0725904345714978,0.017683028345949,-0.014942189236309,0.6118153010411951,0.0170438545832239
-0.0057358179820502,0.0725904345714978,0.017683028345949,-0.014942189236309,0.6118153010411951,0.0170438545832239,0.0048961952709625,-0.3835135514674905,0.0107444624859429
-0.014942189236309,0.6118153010411951,0.0170438545832239,0.0048961952709625,-0.3835135514674905,0.0107444624859429,0.0035349975528367,-0.5526195899772209,0.0077593405817575
0.0048961952709625,-0.3835135514674905,0.0107444624859429,0.0035349975528367,-0.5526195899772209,0.0077593405817575,-0.0084729836166481,2.2418533604887982,0.0105262801136356
0.0035349975528367,-0.5526195899772209,0.0077593405817575,-0.0084729836166481,2.2418533604887982,0.0105262801136356,-0.0002880040275773,-0.0505732684152662,0.0180250079110882
-0.0084729836166481,2.2418533604887982,0.0105262801136356,-0.0002880040275773,-0.0505732684152662,0.0180250079110882,0.0045138856738173,-0.2115798180314309,0.0166506972609524
