feature_0,feature_1,feature_2,feature_3,feature_4,feature_5,feature_6,feature_7,feature_8
-0.0104934977501859,-0.0925925925925925,0.0136247146974063,-0.0117295839222785,0.0059249506254115,0.0194963733711791,0.0084505246414234,-0.2100785340314136,0.0176778980532238
-0.0117295839222785,0.0059249506254115,0.0194963733711791,0.0084505246414234,-0.2100785340314136,0.0176778980532238,0.0101312023744928,-0.2850041425020713,0.0150611877489313
0.0084505246414234,-0.2100785340314136,0.0176778980532238,0.0101312023744928,-0.2850041425020713,0.0150611877489313,-0.0016143209748145,0.0799536500579374,0.0086383677475507
0.0101312023744928,-0.2850041425020713,0.0150611877489313,-0.0016143209748145,0.0799536500579374,0.0086383677475507,0.0060746173323695,-0.5976394849785407,0.008684402268639
-0.0016143209748145,0.0799536500579374,0.0086383677475507,0.0060746173323695,-0.5976394849785407,0.008684402268639,-0.0278460184733072,4.304,0.0300604807084041
0.0060746173323695,-0.5976394849785407,0.008684402268639,-0.0278460184733072,4.304,0.0300604807084041,-0.0041979875296422,-0.3871292106586224,0.0191011844538567
-0.0278460184733072,4.304,0.0300604807084041,-0.0041979875296422,-0.3871292106586224,0.0191011844538567,-0.0021789123058163,0.3141919606234618,0.0100165483250717
