feature_0,feature_1,feature_2,feature_3,feature_4,feature_5,feature_6,feature_7,feature_8
-0.0024867389040758,0.0722779820464407,0.0096394307589215,0.0035613196553183,-0.1347502394118191,0.0143421131098111,-0.0028389309519186,0.1254239708665072,0.0154843463481314
0.0035613196553183,-0.1347502394118191,0.0143421131098111,-0.0028389309519186,0.1254239708665072,0.0154843463481314,0.0035587127025773,-0.1520208108622549,0.0139485446984028
-0.0028389309519186,0.1254239708665072,0.0154843463481314,0.0035587127025773,-0.1520208108622549,0.0139485446984028,0.0046099283136351,0.2091657313879535,0.0106496001508003
0.0035587127025773,-0.1520208108622549,0.0139485446984028,0.0046099283136351,0.2091657313879535,0.0106496001508003,0.0056476563091731,-0.6019615729711334,0.0095439569345097
0.0046099283136351,0.2091657313879535,0.0106496001508003,0.0056476563091731,-0.6019615729711334,0.0095439569345097,-0.0105299930807108,1.5209483093664984,0.0149306821480366
0.0056476563091731,-0.6019615729711334,0.0095439569345097,-0.0105299930807108,1.5209483093664984,0.0149306821480366,0.0010642125711062,-0.0951837691169216,0.0085470004191681
-0.0105299930807108,1.5209483093664984,0.0149306821480366,0.0010642125711062,-0.0951837691169216,0.0085470004191681,-0.0070871603108683,0.0695518827738967,0.0092990070599189
