feature_0,feature_1,feature_2,feature_3,feature_4,feature_5,feature_6,feature_7,feature_8
-0.0038391663763489,-0.174468085106383,0.0113103971974422,-0.0002962971258245,-0.2936481543066178,0.0125884725616853,-0.0002965016308172,-0.0749764595103578,0.0128598222108645
-0.0002962971258245,-0.2936481543066178,0.0125884725616853,-0.0002965016308172,-0.0749764595103578,0.0128598222108645,-0.0039302495099151,0.3748568520167961,0.0103584422412943
-0.0002965016308172,-0.0749764595103578,0.0128598222108645,-0.0039302495099151,0.3748568520167961,0.0103584422412943,0.0106461154176202,-0.3909301249421564,0.0093492206491931
-0.0039302495099151,0.3748568520167961,0.0103584422412943,0.0106461154176202,-0.3909301249421564,0.0093492206491931,-0.0015470909055913,-0.4234918705363927,0.0077870296668256
0.0106461154176202,-0.3909301249421564,0.0093492206491931,-0.0015470909055913,-0.4234918705363927,0.0077870296668256,-0.0016967376673555,1.1874011597258831,0.0139023898025773
-0.0015470909055913,-0.4234918705363927,0.0077870296668256,-0.0016967376673555,1.1874011597258831,0.0139023898025773,0.0030300280808037,-0.0310880829015544,0.0174262463446745
-0.0016967376673555,1.1874011597258831,0.0139023898025773,0.0030300280808037,-0.0310880829015544,0.0174262463446745,-0.0033156790914367,-0.2747170749906727,0.0122257988618997
