feature_0,feature_1,feature_2,feature_3,feature_4,feature_5,feature_6,feature_7,feature_8
0.0044483047801604,0.302893085223519,0.0251240320080187,0.0025434499923802,-0.2344210515196011,0.0186731251936015,0.0147146207531354,0.1701415719174301,0.0229809169025866
0.0025434499923802,-0.2344210515196011,0.0186731251936015,0.0147146207531354,0.1701415719174301,0.0229809169025866,-0.0087948290200496,-0.2908286901919165,0.0119083062598468
0.0147146207531354,0.1701415719174301,0.0229809169025866,-0.0087948290200496,-0.2908286901919165,0.0119083062598468,0.0133834523937017,-0.1101771714098055,0.0128183207147196
-0.0087948290200496,-0.2908286901919165,0.0119083062598468,0.0133834523937017,-0.1101771714098055,0.0128183207147196,-0.0095462588750101,-0.4891475982695955,0.0151141624964805
0.0133834523937017,-0.1101771714098055,0.0128183207147196,-0.0095462588750101,-0.4891475982695955,0.0151141624964805,-0.010436645163583,1.8686785550983085,0.017055599884066
-0.0095462588750101,-0.4891475982695955,0.0151141624964805,-0.010436645163583,1.8686785550983085,0.017055599884066,0.0128173288336399,-0.1942873537568937,0.0179364459982108
-0.010436645163583,1.8686785550983085,0.017055599884066,0.0128173288336399,-0.1942873537568937,0.0179364459982108,-0.0200299079669284,0.2680419713227613,0.0275711806966676
