feature_0,feature_1,feature_2,feature_3,feature_4,feature_5,feature_6,feature_7,feature_8
0.0053481119318214,0.0121713465652162,0.021150978232659,0.0060172690315976,-0.3591177218068244,0.0129642228456784,0.0135227841374803,0.1955627908918247,0.0141978993967487
0.0060172690315976,-0.3591177218068244,0.0129642228456784,0.0135227841374803,0.1955627908918247,0.0141978993967487,-0.0071843161104405,0.0466106872894227,0.0172026094270377
0.0135227841374803,0.1955627908918247,0.0141978993967487,-0.0071843161104405,0.0466106872894227,0.0172026094270377,0.0013784009905961,-0.2754824612613213,0.0154099103660095
-0.0071843161104405,0.0466106872894227,0.0172026094270377,0.0013784009905961,-0.2754824612613213,0.0154099103660095,8.59562810044956e-05,-0.5008402974422728,0.0108375241866499
0.0013784009905961,-0.2754824612613213,0.0154099103660095,8.59562810044956e-05,-0.5008402974422728,0.0108375241866499,0.0018925465066386,1.3822986809334932,0.011433518663634
8.59562810044956e-05,-0.5008402974422728,0.0108375241866499,0.0018925465066386,1.3822986809334932,0.011433518663634,-0.0019747580782933,-0.0527946101872107,0.0080262387428243
0.0018925465066386,1.3822986809334932,0.011433518663634,-0.0019747580782933,-0.0527946101872107,0.0080262387428243,-0.0002581362031414,0.2523402689776397,0.0139703583940347
