{
  "aida": 0.021,
  "iforest": 0.05687308311462402,
  "lof": 0.02649402618408203
}