{
  "aida": 0.021,
  "iforest": 0.06259894371032715,
  "lof": 0.05993008613586426
}