{
  "aida": 0.023,
  "iforest": 0.0915062427520752,
  "lof": 0.014852285385131836
}