{
  "aida": 0.03,
  "iforest": 0.08695697784423828,
  "lof": 0.07755684852600098
}