{
  "aida": 0.031,
  "iforest": 0.09201693534851074,
  "lof": 0.037190914154052734
}