{
  "aida": 0.021,
  "iforest": 0.06479883193969727,
  "lof": 0.020694971084594727
}