{
  "anomalies": [
    {
      "anomaly_index": 26,
      "feature_importances": {
        "Close_0": 1.027663491822491e-09,
        "Close_1": 1.0549215537311685e-09,
        "Close_2": 1.1038022886587673e-09,
        "High_0": 1.0591589142177524e-09,
        "High_1": 1.087660236175603e-09,
        "High_2": 1.077212935786469e-09,
        "Low_0": 1.0247245143604776e-09,
        "Low_1": 1.047206831427844e-09,
        "Low_2": 1.0649791272014875e-09,
        "Open_0": 1.05346503511202e-09,
        "Open_1": 1.0416385379244304e-09,
        "Open_2": 1.035529989377079e-09,
        "Volume_0": 0.7020850554103729,
        "Volume_1": 0.14786411349680162,
        "Volume_2": 0.15005081836674544,
        "daily_return_0": 1.2471261402076987e-15,
        "daily_return_1": 6.235630701038494e-16,
        "daily_return_2": 6.235630701038494e-16,
        "daily_return_zscore_0": 7.371014339083583e-12,
        "daily_return_zscore_1": 3.238038310435269e-12,
        "daily_return_zscore_2": 2.401341382969924e-12,
        "excess_return_0": 8.729882981453891e-16,
        "excess_return_1": 2.4942522804153976e-16,
        "excess_return_2": 2.4942522804153976e-16,
        "high_low_range_0": 0.0,
        "high_low_range_1": 1.2471261402076988e-16,
        "high_low_range_2": 0.0,
        "log_return_0": 1.2471261402076987e-15,
        "log_return_1": 6.235630701038494e-16,
        "log_return_2": 6.235630701038494e-16,
        "log_return_zscore_0": 7.354926411874903e-12,
        "log_return_zscore_1": 3.2345463572426873e-12,
        "log_return_zscore_2": 2.3954798901109477e-12,
        "log_volume_0": 1.213453734422091e-13,
        "log_volume_1": 1.1523445535519137e-13,
        "log_volume_2": 1.4067582861542842e-13,
        "relative_volume_0": 3.7513554297447577e-13,
        "relative_volume_1": 2.07022939274478e-13,
        "relative_volume_2": 2.2211316557099116e-13,
        "relative_volume_zscore_0": 6.965448918288039e-12,
        "relative_volume_zscore_1": 3.4027836735567062e-12,
        "relative_volume_zscore_2": 1.852231743436474e-12,
        "volume_change_0": 6.173274394028109e-13,
        "volume_change_1": 1.8208041647032401e-13,
        "volume_change_2": 2.0278271039777181e-13,
        "volume_change_zscore_0": 5.542477992311055e-12,
        "volume_change_zscore_1": 1.03025090442558e-12,
        "volume_change_zscore_2": 1.1378778903255044e-12
      }
    },
    {
      "anomaly_index": 92,
      "feature_importances": {
        "Close_0": 1.2467703859663399e-09,
        "Close_1": 1.2880432618859123e-09,
        "Close_2": 1.3432798051841341e-09,
        "High_0": 1.2824064436840929e-09,
        "High_1": 1.3206870153527863e-09,
        "High_2": 1.3038472252985085e-09,
        "Low_0": 1.2280123425440728e-09,
        "Low_1": 1.2795501875548818e-09,
        "Low_2": 1.3455146659184445e-09,
        "Open_0": 1.2471450841202865e-09,
        "Open_1": 1.312158734483801e-09,
        "Open_2": 1.2642320743660605e-09,
        "Volume_0": 0.17276060940503515,
        "Volume_1": 0.15661481080023545,
        "Volume_2": 0.6706245642759231,
        "daily_return_0": 1.257376355525195e-15,
        "daily_return_1": 5.02950542210078e-16,
        "daily_return_2": 2.766227982155429e-15,
        "daily_return_zscore_0": 5.829951210028119e-12,
        "daily_return_zscore_1": 4.188069164983319e-12,
        "daily_return_zscore_2": 6.714641213775646e-12,
        "excess_return_0": 5.02950542210078e-16,
        "excess_return_1": 1.257376355525195e-15,
        "excess_return_2": 2.011802168840312e-15,
        "high_low_range_0": 0.0,
        "high_low_range_1": 2.51475271105039e-16,
        "high_low_range_2": 1.760326897735273e-15,
        "log_return_0": 1.257376355525195e-15,
        "log_return_1": 5.02950542210078e-16,
        "log_return_2": 2.766227982155429e-15,
        "log_return_zscore_0": 5.875719709369236e-12,
        "log_return_zscore_1": 4.146827220522093e-12,
        "log_return_zscore_2": 6.745321196850461e-12,
        "log_volume_0": 9.681797937544001e-14,
        "log_volume_1": 1.6823695636927108e-13,
        "log_volume_2": 1.0964321820179701e-13,
        "relative_volume_0": 3.1610441577903403e-13,
        "relative_volume_1": 3.7419520340429803e-13,
        "relative_volume_2": 6.025347495676734e-13,
        "relative_volume_zscore_0": 4.412888057351224e-12,
        "relative_volume_zscore_1": 4.2660264990258815e-12,
        "relative_volume_zscore_2": 4.044225309911237e-12,
        "volume_change_0": 6.928143718943825e-13,
        "volume_change_1": 3.0579392966372744e-13,
        "volume_change_2": 2.934716413795805e-13,
        "volume_change_zscore_0": 4.850203553802887e-12,
        "volume_change_zscore_1": 1.9969651278451145e-12,
        "volume_change_zscore_2": 1.1137839757242178e-12
      }
    },
    {
      "anomaly_index": 97,
      "feature_importances": {
        "Close_0": 1.0612607359464265e-09,
        "Close_1": 1.078179724213617e-09,
        "Close_2": 1.1778124938018524e-09,
        "High_0": 1.0773469826201672e-09,
        "High_1": 1.1159311854218672e-09,
        "High_2": 1.1352871309810963e-09,
        "Low_0": 1.0464422109466928e-09,
        "Low_1": 1.091233898241577e-09,
        "Low_2": 1.1841793501104232e-09,
        "Open_0": 1.0513791107991265e-09,
        "Open_1": 1.1194961516108318e-09,
        "Open_2": 1.0992427614097506e-09,
        "Volume_0": 0.16238530759717346,
        "Volume_1": 0.2517015603625729,
        "Volume_2": 0.5859131187523069,
        "daily_return_0": 7.634577982577702e-16,
        "daily_return_1": 0.0,
        "daily_return_2": 1.1451866973866553e-15,
        "daily_return_zscore_0": 4.924684527661747e-12,
        "daily_return_zscore_1": 3.3036727575109362e-12,
        "daily_return_zscore_2": 4.4059149537455915e-12,
        "excess_return_0": 1.9086444956444255e-16,
        "excess_return_1": 7.634577982577702e-16,
        "excess_return_2": 7.634577982577702e-16,
        "high_low_range_0": 5.725933486933276e-16,
        "high_low_range_1": 1.9086444956444255e-16,
        "high_low_range_2": 1.5269155965155404e-15,
        "log_return_0": 7.634577982577702e-16,
        "log_return_1": 0.0,
        "log_return_2": 1.5269155965155404e-15,
        "log_return_zscore_0": 4.952550737298155e-12,
        "log_return_zscore_1": 3.26301862975371e-12,
        "log_return_zscore_2": 4.450004641594978e-12,
        "log_volume_0": 1.269248589603543e-13,
        "log_volume_1": 1.4524784611854079e-13,
        "log_volume_2": 1.152821275369233e-13,
        "relative_volume_0": 2.8954136998925936e-13,
        "relative_volume_1": 3.275233954525834e-13,
        "relative_volume_2": 4.195200601426447e-13,
        "relative_volume_zscore_0": 3.885427599783357e-12,
        "relative_volume_zscore_1": 4.283761706024349e-12,
        "relative_volume_zscore_2": 4.4265283142985515e-12,
        "volume_change_0": 5.901528780532563e-13,
        "volume_change_1": 3.2275178421347237e-13,
        "volume_change_2": 5.48162699149079e-13,
        "volume_change_zscore_0": 4.8031038732891964e-12,
        "volume_change_zscore_1": 2.488490693421202e-12,
        "volume_change_zscore_2": 2.074505702315926e-12
      }
    },
    {
      "anomaly_index": 110,
      "feature_importances": {
        "Close_0": 1.130984133152007e-09,
        "Close_1": 1.1815077741178707e-09,
        "Close_2": 1.2289902463606716e-09,
        "High_0": 1.1373535498099508e-09,
        "High_1": 1.1948043569494547e-09,
        "High_2": 1.1889069647647895e-09,
        "Low_0": 1.1089756470382656e-09,
        "Low_1": 1.168735509568983e-09,
        "Low_2": 1.2290759714030897e-09,
        "Open_0": 1.0989223538705436e-09,
        "Open_1": 1.1877568076661576e-09,
        "Open_2": 1.1499350416347456e-09,
        "Volume_0": 0.19701671285843517,
        "Volume_1": 0.14700317320824016,
        "Volume_2": 0.6559800998767118,
        "daily_return_0": 7.667713990879476e-16,
        "daily_return_1": 4.600628394527686e-16,