feature_0,feature_1,feature_2,feature_3,feature_4,feature_5,feature_6,feature_7,feature_8
0.0033793249915006,-0.2126894827316768,0.0237617797408315,-0.0221771587468107,0.1722905915045653,0.0282225186880936,0.026387251938337,-0.0943108703013884,0.033625730994152
-0.0221771587468107,0.1722905915045653,0.0282225186880936,0.026387251938337,-0.0943108703013884,0.033625730994152,0.02232461961297,-0.0547765937558422,0.0263612152340854
0.026387251938337,-0.0943108703013884,0.033625730994152,0.02232461961297,-0.0547765937558422,0.0263612152340854,-0.0243964038700987,0.2138053797468353,0.0541180534812004
0.02232461961297,-0.0547765937558422,0.0263612152340854,-0.0243964038700987,0.2138053797468353,0.0541180534812004,0.016081705072152,-0.3125305523871599,0.0246239998626691
-0.0243964038700987,0.2138053797468353,0.0541180534812004,0.016081705072152,-0.3125305523871599,0.0246239998626691,0.0064823839456389,-0.3496089120644702,0.0120072903148366
0.016081705072152,-0.3125305523871599,0.0246239998626691,0.0064823839456389,-0.3496089120644702,0.0120072903148366,0.0249818529069085,0.504737609329446,0.0310722485335256
0.0064823839456389,-0.3496089120644702,0.0120072903148366,0.0249818529069085,0.504737609329446,0.0310722485335256,0.0088134222224287,0.402518769677888,0.0142312436733056
