feature_0,feature_1,feature_2,feature_3,feature_4,feature_5,feature_6,feature_7,feature_8
0.0166241728605403,0.0416905937751235,0.0262582258605624,-0.0017652979308421,-0.1348401323042999,0.0188519188334226,0.0032577032432703,-0.1443863897030712,0.0091197037528655
-0.0017652979308421,-0.1348401323042999,0.0188519188334226,0.0032577032432703,-0.1443863897030712,0.0091197037528655,0.024492045894517,0.4052725647899911,0.0261141840909422
0.0032577032432703,-0.1443863897030712,0.0091197037528655,0.024492045894517,0.4052725647899911,0.0261141840909422,-0.0185639072657339,-0.2447270800211977,0.0233502428696493
0.024492045894517,0.4052725647899911,0.0261141840909422,-0.0185639072657339,-0.2447270800211977,0.0233502428696493,0.0134711535018738,0.0797081111422959,0.0171697644134845
-0.0185639072657339,-0.2447270800211977,0.0233502428696493,0.0134711535018738,0.0797081111422959,0.0171697644134845,0.0088310188328057,-0.252534442422667,0.0127030354551209
0.0134711535018738,0.0797081111422959,0.0171697644134845,0.0088310188328057,-0.252534442422667,0.0127030354551209,0.0175976918694147,0.2460441662319596,0.0221278623666061
0.0088310188328057,-0.252534442422667,0.0127030354551209,0.0175976918694147,0.2460441662319596,0.0221278623666061,0.0071834524874314,0.0830309796260118,0.0177367857583375
