feature_0,feature_1,feature_2,feature_3,feature_4,feature_5,feature_6,feature_7,feature_8
-0.014981959397205,-0.24458646932683,0.0183519906257441,-0.0280373805019695,-0.1357007681175553,0.0407505988301258,-0.0099925273273899,0.0523570324574962,0.020749315021809
-0.0280373805019695,-0.1357007681175553,0.0407505988301258,-0.0099925273273899,0.0523570324574962,0.020749315021809,-0.0024757431469109,-0.1689615078636558,0.0072699648897515
-0.0099925273273899,0.0523570324574962,0.020749315021809,-0.0024757431469109,-0.1689615078636558,0.0072699648897515,0.0072547026682174,-0.1863033873343151,0.0207932587525969
-0.0024757431469109,-0.1689615078636558,0.0072699648897515,0.0072547026682174,-0.1863033873343151,0.0207932587525969,-0.0026535229005059,0.0016289592760181,0.017422934240622
0.0072547026682174,-0.1863033873343151,0.0207932587525969,-0.0026535229005059,0.0016289592760181,0.017422934240622,-0.0026604343686287,-0.0501445608962776,0.0203337336826199
-0.0026535229005059,0.0016289592760181,0.017422934240622,-0.0026604343686287,-0.0501445608962776,0.0203337336826199,0.0261050852329158,0.1134785503662132,0.0321839134218659
-0.0026604343686287,-0.0501445608962776,0.0203337336826199,0.0261050852329158,0.1134785503662132,0.0321839134218659,0.0103993193273024,0.0567230480095677,0.0149142290485361
