feature_0,feature_1,feature_2,feature_3,feature_4,feature_5,feature_6,feature_7,feature_8
0.0131449092741571,-0.1212201125175809,0.0252934099414942,0.0040877506837846,-0.1055316594978493,0.0109430223384461,-0.0141605663802978,0.1728919704764036,0.0222801492348262
0.0040877506837846,-0.1055316594978493,0.0109430223384461,-0.0141605663802978,0.1728919704764036,0.0222801492348262,0.0065536451289851,0.0347063310450037,0.0138613945695603
-0.0141605663802978,0.1728919704764036,0.0222801492348262,0.0065536451289851,0.0347063310450037,0.0138613945695603,-0.0002676415401866,-0.2773682270549207,0.010657305865874
0.0065536451289851,0.0347063310450037,0.0138613945695603,-0.0002676415401866,-0.2773682270549207,0.010657305865874,0.0055312448763027,0.0881152767151236,0.0165651725381968
-0.0002676415401866,-0.2773682270549207,0.010657305865874,0.0055312448763027,0.0881152767151236,0.0165651725381968,0.0075415006526147,-0.1495370912926286,0.0150115010172752
0.0055312448763027,0.0881152767151236,0.0165651725381968,0.0075415006526147,-0.1495370912926286,0.0150115010172752,0.0028178697489105,0.1416563318175554,0.0112279783946014
0.0075415006526147,-0.1495370912926286,0.0150115010172752,0.0028178697489105,0.1416563318175554,0.0112279783946014,0.0054444433393072,-0.0359686179843089,0.0123077057220122
