feature_0,feature_1,feature_2,feature_3,feature_4,feature_5,feature_6,feature_7,feature_8
-0.0017837562741233,0.008041577413351,0.0086832392682384,-0.0013331098932317,-0.1151675607886852,0.0130717299725384,-0.0043170468615449,-0.0695669291338583,0.0109820863057628
-0.0013331098932317,-0.1151675607886852,0.0130717299725384,-0.0043170468615449,-0.0695669291338583,0.0109820863057628,0.0105257220079115,-0.0523843777768374,0.007908058006836
-0.0043170468615449,-0.0695669291338583,0.0109820863057628,0.0105257220079115,-0.0523843777768374,0.007908058006836,0.0001128493937834,0.1257423532038402,0.0087538645716887
0.0105257220079115,-0.0523843777768374,0.007908058006836,0.0001128493937834,0.1257423532038402,0.0087538645716887,0.0046006348827902,-0.1524334615842291,0.0125523985810692
0.0001128493937834,0.1257423532038402,0.0087538645716887,0.0046006348827902,-0.1524334615842291,0.0125523985810692,-0.0010676393971627,-0.1913141145638337,0.0109440806029728
0.0046006348827902,-0.1524334615842291,0.0125523985810692,-0.0010676393971627,-0.1913141145638337,0.0109440806029728,0.0077064290424011,0.3226851851851851,0.0129374493543214
-0.0010676393971627,-0.1913141145638337,0.0109440806029728,0.0077064290424011,0.3226851851851851,0.0129374493543214,0.0077311366424124,0.3380731536576828,0.0113775418372076
