feature_0,feature_1,feature_2,feature_3,feature_4,feature_5,feature_6,feature_7,feature_8
0.0033105783961284,0.4725980228812618,0.0227390452394502,-0.0101523122987546,0.0263542970930319,0.0279069249371093,-0.0107692455958727,0.088497266153213,0.0190153569638546
-0.0101523122987546,0.0263542970930319,0.0279069249371093,-0.0107692455958727,0.088497266153213,0.0190153569638546,0.0036289308247046,-0.162455946095575,0.0329000192000025
-0.0107692455958727,0.088497266153213,0.0190153569638546,0.0036289308247046,-0.162455946095575,0.0329000192000025,-0.0123967685268971,-0.2962628575113661,0.0201940843481265
0.0036289308247046,-0.162455946095575,0.0329000192000025,-0.0123967685268971,-0.2962628575113661,0.0201940843481265,-0.002353648367065,0.3568384879725086,0.0216701821225586
-0.0123967685268971,-0.2962628575113661,0.0201940843481265,-0.002353648367065,0.3568384879725086,0.0216701821225586,0.0146789203945667,-0.1983419444163036,0.0222279925944599
-0.002353648367065,0.3568384879725086,0.0216701821225586,0.0146789203945667,-0.1983419444163036,0.0222279925944599,0.0010333992047393,-0.1690642178647402,0.013277748595658
0.0146789203945667,-0.1983419444163036,0.0222279925944599,0.0010333992047393,-0.1690642178647402,0.013277748595658,0.0041289211733408,0.83047754232992,0.014436647212596
