feature_0,feature_1,feature_2,feature_3,feature_4,feature_5,feature_6,feature_7,feature_8
-0.0010382022317561,0.2903944561721505,0.0460393488862979,0.0847134074064344,0.1863839744556057,0.0642892337929281,-0.0276576949956929,0.0905608506251327,0.0629563470325167
0.0847134074064344,0.1863839744556057,0.0642892337929281,-0.0276576949956929,0.0905608506251327,0.0629563470325167,0.0317070677700681,0.0314487225487327,0.0440630103469696
-0.0276576949956929,0.0905608506251327,0.0629563470325167,0.0317070677700681,0.0314487225487327,0.0440630103469696,0.0009975342741403,0.4839226438490154,0.0658834669408948
0.0317070677700681,0.0314487225487327,0.0440630103469696,0.0009975342741403,0.4839226438490154,0.0658834669408948,-0.0242775771497234,-0.1995624734006664,0.0617671053687308
0.0009975342741403,0.4839226438490154,0.0658834669408948,-0.0242775771497234,-0.1995624734006664,0.0617671053687308,0.0177539405279694,-0.2595248670490122,0.0466048616823827
-0.0242775771497234,-0.1995624734006664,0.0617671053687308,0.0177539405279694,-0.2595248670490122,0.0466048616823827,0.041614187810671,0.0236503053158823,0.057985439172471
0.0177539405279694,-0.2595248670490122,0.0466048616823827,0.041614187810671,0.0236503053158823,0.057985439172471,0.009839333628292,0.0482023732636438,0.0310170144559894
