feature_0,feature_1,feature_2,feature_3,feature_4,feature_5,feature_6,feature_7,feature_8
-0.001126675770515,0.3638784770171632,0.0076368264238832,0.0074686874532443,-0.4030519997107109,0.013843299421333,-0.0064480707625937,-0.2306760358614005,0.0110669331771817
0.0074686874532443,-0.4030519997107109,0.013843299421333,-0.0064480707625937,-0.2306760358614005,0.0110669331771817,0.0183817230156961,0.5078740157480315,0.015909944964871
-0.0064480707625937,-0.2306760358614005,0.0110669331771817,0.0183817230156961,0.5078740157480315,0.015909944964871,-0.0144247357592097,-0.2004177545691906,0.0179824620020492
0.0183817230156961,0.5078740157480315,0.015909944964871,-0.0144247357592097,-0.2004177545691906,0.0179824620020492,0.0047237913027875,-0.4655172413793104,0.0084906854712281
-0.0144247357592097,-0.2004177545691906,0.0179824620020492,0.0047237913027875,-0.4655172413793104,0.0084906854712281,0.0092873184112522,0.2409579667644183,0.0102897440924529
0.0047237913027875,-0.4655172413793104,0.0084906854712281,0.0092873184112522,0.2409579667644183,0.0102897440924529,-0.0024054100893313,0.4253643166601024,0.0095476842592035
0.0092873184112522,0.2409579667644183,0.0102897440924529,-0.0024054100893313,0.4253643166601024,0.0095476842592035,-0.0015691412096451,0.2151146725614809,0.0113610111108844
