feature_0,feature_1,feature_2,feature_3,feature_4,feature_5,feature_6,feature_7,feature_8
-0.0249251405209858,0.9858528055952948,0.0372951280077355,0.005623625905361,-0.5810453854158328,0.0156752048310544,-0.0055921775905951,0.0813909056171189,0.0179192909000511
0.005623625905361,-0.5810453854158328,0.0156752048310544,-0.0055921775905951,0.0813909056171189,0.0179192909000511,0.005623625905361,-0.3348056537102474,0.013442619940508
-0.0055921775905951,0.0813909056171189,0.0179192909000511,0.005623625905361,-0.3348056537102474,0.013442619940508,0.0013981420332656,0.1354581673306774,0.0146608090348213
0.005623625905361,-0.3348056537102474,0.013442619940508,0.0013981420332656,0.1354581673306774,0.0146608090348213,0.0173879274808013,1.3866666666666667,0.0255108784474497
0.0013981420332656,0.1354581673306774,0.0146608090348213,0.0173879274808013,1.3866666666666667,0.0255108784474497,-0.0237025582513474,0.2275801234930903,0.0300479176574784
0.0173879274808013,1.3866666666666667,0.0255108784474497,-0.0237025582513474,0.2275801234930903,0.0300479176574784,0.0258114583855828,-0.288942115768463,0.0258081558591695
-0.0237025582513474,0.2275801234930903,0.0300479176574784,0.0258114583855828,-0.288942115768463,0.0258081558591695,-0.0004983519840542,-0.2171569728273074,0.017827974158719
