feature_0,feature_1,feature_2,feature_3,feature_4,feature_5,feature_6,feature_7,feature_8
-0.0009522134185474,0.2446663440812915,0.0134777709644703,-0.0076264167508985,-0.2951758261176886,0.0181554097087227,0.0072044137679723,0.1394975680689967,0.0125120413999279
-0.0076264167508985,-0.2951758261176886,0.0181554097087227,0.0072044137679723,0.1394975680689967,0.0125120413999279,0.031950683858217,0.2924532453245325,0.032365554391618
0.0072044137679723,0.1394975680689967,0.0125120413999279,0.031950683858217,0.2924532453245325,0.032365554391618,0.0004620258569671,-0.2697558816519696,0.0222222006370012
0.031950683858217,0.2924532453245325,0.032365554391618,0.0004620258569671,-0.2697558816519696,0.0222222006370012,-0.0055427794297825,-0.0758578888474449,0.0154061588483033
0.0004620258569671,-0.2697558816519696,0.0222222006370012,-0.0055427794297825,-0.0758578888474449,0.0154061588483033,0.0074315013471819,-0.2960496443166338,0.010426338381149
-0.0055427794297825,-0.0758578888474449,0.0154061588483033,0.0074315013471819,-0.2960496443166338,0.010426338381149,0.0039188211883913,0.9306959076901024,0.0134632774304879
0.0074315013471819,-0.2960496443166338,0.010426338381149,0.0039188211883913,0.9306959076901024,0.0134632774304879,0.0084960693488309,-0.1828946879988121,0.0138439887403938
