{
  "aida": 0.03,
  "iforest": 0.08639383316040039,
  "lof": 0.036538124084472656
}