{
  "aida": 0.019,
  "iforest": 0.06090807914733887,
  "lof": 0.038674354553222656
}