{
  "aida": 0.021,
  "iforest": 0.06345319747924805,
  "lof": 0.05957293510437012
}