{
  "aida": 0.02,
  "iforest": 0.06345868110656738,
  "lof": 0.035971879959106445
}