{
  "aida": 0.03,
  "iforest": 0.08586812019348145,
  "lof": 0.06264781951904297
}