{
  "aida": 0.024,
  "iforest": 0.08408808708190918,
  "lof": 0.01455998420715332
}