{
  "aida": 0.126,
  "iforest": 0.06065011024475098,
  "lof": 0.041455745697021484
}