{
  "aida": 0.114,
  "iforest": 0.06980514526367188,
  "lof": 0.021306753158569336
}