{
  "aida": 0.174,
  "iforest": 0.09363198280334473,
  "lof": 0.04757094383239746
}