{
  "aida": 0.153,
  "iforest": 0.09771418571472168,
  "lof": 0.014868021011352539
}