{
  "aida": 0.12,
  "iforest": 0.06358981132507324,
  "lof": 0.02389383316040039
}