{
  "aida": 0.173,
  "iforest": 0.09844493865966797,
  "lof": 0.03664278984069824
}