index,subsequence_idx,score
2,2,2.54919
30,30,2.42518
32,32,2.58533
35,35,3.35269
46,46,3.96624
57,57,3.77877
68,68,3.59335
104,104,3.10114
105,105,3.15472
106,106,2.96118
177,177,2.63851
178,178,2.55158
180,180,2.68725
213,213,2.50647
214,214,2.47571
244,244,2.6894
245,245,2.69283
323,323,2.55162
419,419,2.51745
429,429,2.47801
462,462,2.49989
521,521,3.01389
522,522,2.77198
523,523,2.64696
