index,subsequence_idx,score
2,2,2.45249
13,13,2.46151
32,32,2.58392
35,35,3.09582
46,46,3.90647
57,57,3.73632
68,68,3.57293
104,104,2.82738
105,105,3.02306
106,106,2.95573
178,178,2.38754
180,180,2.68089
213,213,2.37497
214,214,2.39891
244,244,2.57679
245,245,2.51608
323,323,2.47219
429,429,2.38655
462,462,2.44215
521,521,2.78508
522,522,2.77679
523,523,2.58279
