index,subsequence_idx,score
2,2,2.48745
13,13,2.5406
31,31,2.3908
32,32,2.7021
35,35,2.90837
46,46,3.82753
57,57,3.91065
68,68,3.67885
104,104,2.6766
105,105,3.08964
106,106,3.02684
178,178,2.38248
180,180,2.77192
214,214,2.38828
245,245,2.40265
323,323,2.46816
335,335,2.43043
429,429,2.4677
462,462,2.62064
521,521,2.7382
522,522,2.91146
523,523,2.76333
