index,subsequence_idx,score
2,2,2.56484
13,13,2.52724
32,32,2.53655
35,35,3.20216
46,46,3.90816
57,57,3.85429
68,68,3.58375
104,104,2.99877
105,105,3.06938
106,106,2.95988
177,177,2.49843
180,180,2.65376
244,244,2.55364
245,245,2.45709
323,323,2.56169
429,429,2.42854
521,521,2.93775
522,522,2.88009
523,523,2.60303
