index,subsequence_idx,score
46,46,2.60769
73,73,2.58681
104,104,2.7761
105,105,2.67694
177,177,2.76335
178,178,2.66537
213,213,2.85261
244,244,2.90752
245,245,3.06801
270,270,2.34544
286,286,2.64365
288,288,2.83209
310,310,2.70251
341,341,2.8963
387,387,2.97766
405,405,2.40287
406,406,2.39977
419,419,2.94632
420,420,2.61981
521,521,3.06502
