index,subsequence_idx,score
2,2,2.46833
13,13,2.47468
32,32,2.65666
35,35,3.04085
46,46,3.82495
57,57,3.73808
68,68,3.71084
104,104,2.75011
105,105,2.96282
106,106,3.04387
180,180,2.70488
244,244,2.46555
323,323,2.53726
429,429,2.54641
462,462,2.53081
521,521,2.77535
522,522,2.7429
523,523,2.70155
