feature_0,feature_1,feature_2,feature_3,feature_4,feature_5,feature_6,feature_7,feature_8,feature_9,feature_10,feature_11,feature_12,feature_13,feature_14
0.003514472206344,0.0388939149588953,0.0110045109499382,-0.0070044081353357,-0.3929910115933029,0.0087185939048049,-0.0009475118360194,0.6862979919578516,0.0093700599769786,0.0032141295850927,-0.0527019229346577,0.0088701583353192,-0.0054096461151873,0.1197124070034414,0.0165105312855643
-0.0070044081353357,-0.3929910115933029,0.0087185939048049,-0.0009475118360194,0.6862979919578516,0.0093700599769786,0.0032141295850927,-0.0527019229346577,0.0088701583353192,-0.0054096461151873,0.1197124070034414,0.0165105312855643,0.0030627849018582,0.1343788795328053,0.0113183742769528
-0.0009475118360194,0.6862979919578516,0.0093700599769786,0.0032141295850927,-0.0527019229346577,0.0088701583353192,-0.0054096461151873,0.1197124070034414,0.0165105312855643,0.0030627849018582,0.1343788795328053,0.0113183742769528,0.0067912698519807,-0.0638413424491335,0.012313068137514
0.0032141295850927,-0.0527019229346577,0.0088701583353192,-0.0054096461151873,0.1197124070034414,0.0165105312855643,0.0030627849018582,0.1343788795328053,0.0113183742769528,0.0067912698519807,-0.0638413424491335,0.012313068137514,-0.0094646093939255,-0.0501277383847825,0.0138703982173633
-0.0054096461151873,0.1197124070034414,0.0165105312855643,0.0030627849018582,0.1343788795328053,0.0113183742769528,0.0067912698519807,-0.0638413424491335,0.012313068137514,-0.0094646093939255,-0.0501277383847825,0.0138703982173633,0.0210632675960968,0.5355881031125043,0.0221895119530126
0.0030627849018582,0.1343788795328053,0.0113183742769528,0.0067912698519807,-0.0638413424491335,0.012313068137514,-0.0094646093939255,-0.0501277383847825,0.0138703982173633,0.0210632675960968,0.5355881031125043,0.0221895119530126,-0.0056869975227616,-0.3833005144953203,0.0137941486027021
