feature_0,feature_1,feature_2,feature_3,feature_4,feature_5,feature_6,feature_7,feature_8,feature_9,feature_10,feature_11,feature_12,feature_13,feature_14
0.0092428713709613,-0.2920208655332302,0.0203921484149726,0.0100787082197677,-0.3351071087460772,0.0145094070412948,-0.0124384717545193,0.6616047609275599,0.0126077739475596,-0.0120415253072736,-0.1349882672594787,0.0197120930068285,0.0109274135825168,0.6057966876070817,0.0264424904627271
0.0100787082197677,-0.3351071087460772,0.0145094070412948,-0.0124384717545193,0.6616047609275599,0.0126077739475596,-0.0120415253072736,-0.1349882672594787,0.0197120930068285,0.0109274135825168,0.6057966876070817,0.0264424904627271,-0.0123798629373322,0.083133279985774,0.0293909232017801
-0.0124384717545193,0.6616047609275599,0.0126077739475596,-0.0120415253072736,-0.1349882672594787,0.0197120930068285,0.0109274135825168,0.6057966876070817,0.0264424904627271,-0.0123798629373322,0.083133279985774,0.0293909232017801,0.0311038063683961,0.1412740108356591,0.0601666520359683
-0.0120415253072736,-0.1349882672594787,0.0197120930068285,0.0109274135825168,0.6057966876070817,0.0264424904627271,-0.0123798629373322,0.083133279985774,0.0293909232017801,0.0311038063683961,0.1412740108356591,0.0601666520359683,-0.0038557081265288,-0.3743796302956196,0.0273112668124982
0.0109274135825168,0.6057966876070817,0.0264424904627271,-0.0123798629373322,0.083133279985774,0.0293909232017801,0.0311038063683961,0.1412740108356591,0.0601666520359683,-0.0038557081265288,-0.3743796302956196,0.0273112668124982,-0.0193533692253023,0.047137272936307,0.0291784352537096
-0.0123798629373322,0.083133279985774,0.0293909232017801,0.0311038063683961,0.1412740108356591,0.0601666520359683,-0.0038557081265288,-0.3743796302956196,0.0273112668124982,-0.0193533692253023,0.047137272936307,0.0291784352537096,0.0070582260069278,-0.1776460254721124,0.0170908069413173
