feature_0,feature_1,feature_2,feature_3,feature_4,feature_5,feature_6,feature_7,feature_8,feature_9,feature_10,feature_11,feature_12,feature_13,feature_14
0.0048961952709625,-0.3835135514674905,0.0107444624859429,0.0035349975528367,-0.5526195899772209,0.0077593405817575,-0.0084729836166481,2.2418533604887982,0.0105262801136356,-0.0002880040275773,-0.0505732684152662,0.0180250079110882,0.0045138856738173,-0.2115798180314309,0.0166506972609524
0.0035349975528367,-0.5526195899772209,0.0077593405817575,-0.0084729836166481,2.2418533604887982,0.0105262801136356,-0.0002880040275773,-0.0505732684152662,0.0180250079110882,0.0045138856738173,-0.2115798180314309,0.0166506972609524,0.0143417039114015,1.7022660511959713,0.0268417378342019
-0.0084729836166481,2.2418533604887982,0.0105262801136356,-0.0002880040275773,-0.0505732684152662,0.0180250079110882,0.0045138856738173,-0.2115798180314309,0.0166506972609524,0.0143417039114015,1.7022660511959713,0.0268417378342019,0.0245075819896645,-0.4647876387918317,0.0329472201932947
-0.0002880040275773,-0.0505732684152662,0.0180250079110882,0.0045138856738173,-0.2115798180314309,0.0166506972609524,0.0143417039114015,1.7022660511959713,0.0268417378342019,0.0245075819896645,-0.4647876387918317,0.0329472201932947,-0.0150887276616064,-0.0410561439141157,0.0237870170378763
0.0045138856738173,-0.2115798180314309,0.0166506972609524,0.0143417039114015,1.7022660511959713,0.0268417378342019,0.0245075819896645,-0.4647876387918317,0.0329472201932947,-0.0150887276616064,-0.0410561439141157,0.0237870170378763,-0.0142924781029586,-0.2290468986384266,0.0149182794250578
0.0143417039114015,1.7022660511959713,0.0268417378342019,0.0245075819896645,-0.4647876387918317,0.0329472201932947,-0.0150887276616064,-0.0410561439141157,0.0237870170378763,-0.0142924781029586,-0.2290468986384266,0.0149182794250578,-0.003695958097984,0.902668759811617,0.0158276478411641
