feature_0,feature_1,feature_2,feature_3,feature_4,feature_5,feature_6,feature_7,feature_8,feature_9,feature_10,feature_11,feature_12,feature_13,feature_14
0.0129928453328875,0.1056037764580477,0.0177865914692924,-0.0021828255150918,-0.495627022932305,0.0093416051237072,0.0057142917429204,0.801201529219006,0.0162623316169367,-0.0012428749911269,-0.1275015160703456,0.0144411012852108,-0.0039999767528703,0.1552562988705472,0.0103046733118511
-0.0021828255150918,-0.495627022932305,0.0093416051237072,0.0057142917429204,0.801201529219006,0.0162623316169367,-0.0012428749911269,-0.1275015160703456,0.0144411012852108,-0.0039999767528703,0.1552562988705472,0.0103046733118511,0.0157073068672786,6.5624576972249375,0.0243770723136495
0.0057142917429204,0.801201529219006,0.0162623316169367,-0.0012428749911269,-0.1275015160703456,0.0144411012852108,-0.0039999767528703,0.1552562988705472,0.0103046733118511,0.0157073068672786,6.5624576972249375,0.0243770723136495,0.000351407067954,-0.8322062889078939,0.0147853549664554
-0.0012428749911269,-0.1275015160703456,0.0144411012852108,-0.0039999767528703,0.1552562988705472,0.0103046733118511,0.0157073068672786,6.5624576972249375,0.0243770723136495,0.000351407067954,-0.8322062889078939,0.0147853549664554,0.0093983072654406,-0.19202275825283,0.019453573692438
-0.0039999767528703,0.1552562988705472,0.0103046733118511,0.0157073068672786,6.5624576972249375,0.0243770723136495,0.000351407067954,-0.8322062889078939,0.0147853549664554,0.0093983072654406,-0.19202275825283,0.019453573692438,-0.0090497746861577,-0.2327440768722951,0.0180967785473923
0.0157073068672786,6.5624576972249375,0.0243770723136495,0.000351407067954,-0.8322062889078939,0.0147853549664554,0.0093983072654406,-0.19202275825283,0.019453573692438,-0.0090497746861577,-0.2327440768722951,0.0180967785473923,0.0074640385370832,-0.1088910133843212,0.0098573762551789
