feature_0,feature_1,feature_2,feature_3,feature_4,feature_5,feature_6,feature_7,feature_8,feature_9,feature_10,feature_11,feature_12,feature_13,feature_14
-0.0016143209748145,0.0799536500579374,0.0086383677475507,0.0060746173323695,-0.5976394849785407,0.008684402268639,-0.0278460184733072,4.304,0.0300604807084041,-0.0041979875296422,-0.3871292106586224,0.0191011844538567,-0.0021789123058163,0.3141919606234618,0.0100165483250717
0.0060746173323695,-0.5976394849785407,0.008684402268639,-0.0278460184733072,4.304,0.0300604807084041,-0.0041979875296422,-0.3871292106586224,0.0191011844538567,-0.0021789123058163,0.3141919606234618,0.0100165483250717,0.005168446038924,0.6629213483146068,0.0122905441361396
-0.0278460184733072,4.304,0.0300604807084041,-0.0041979875296422,-0.3871292106586224,0.0191011844538567,-0.0021789123058163,0.3141919606234618,0.0100165483250717,0.005168446038924,0.6629213483146068,0.0122905441361396,0.0121919243783577,-0.1223723723723724,0.015970060837255
-0.0041979875296422,-0.3871292106586224,0.0191011844538567,-0.0021789123058163,0.3141919606234618,0.0100165483250717,0.005168446038924,0.6629213483146068,0.0122905441361396,0.0121919243783577,-0.1223723723723724,0.015970060837255,0.0084641269695751,-0.1197604790419161,0.0164633839632953
-0.0021789123058163,0.3141919606234618,0.0100165483250717,0.005168446038924,0.6629213483146068,0.0122905441361396,0.0121919243783577,-0.1223723723723724,0.015970060837255,0.0084641269695751,-0.1197604790419161,0.0164633839632953,0.0026349419159024,0.0782312925170067,0.0271408627273794
0.005168446038924,0.6629213483146068,0.0122905441361396,0.0121919243783577,-0.1223723723723724,0.015970060837255,0.0084641269695751,-0.1197604790419161,0.0164633839632953,0.0026349419159024,0.0782312925170067,0.0271408627273794,0.0147840936635472,-0.2176656151419558,0.0126495395603453
