feature_0,feature_1,feature_2,feature_3,feature_4,feature_5,feature_6,feature_7,feature_8,feature_9,feature_10,feature_11,feature_12,feature_13,feature_14
0.0046099283136351,0.2091657313879535,0.0106496001508003,0.0056476563091731,-0.6019615729711334,0.0095439569345097,-0.0105299930807108,1.5209483093664984,0.0149306821480366,0.0010642125711062,-0.0951837691169216,0.0085470004191681,-0.0070871603108683,0.0695518827738967,0.0092990070599189
0.0056476563091731,-0.6019615729711334,0.0095439569345097,-0.0105299930807108,1.5209483093664984,0.0149306821480366,0.0010642125711062,-0.0951837691169216,0.0085470004191681,-0.0070871603108683,0.0695518827738967,0.0092990070599189,0.0096360230806378,0.6493022366660295,0.0165051693800131
-0.0105299930807108,1.5209483093664984,0.0149306821480366,0.0010642125711062,-0.0951837691169216,0.0085470004191681,-0.0070871603108683,0.0695518827738967,0.0092990070599189,0.0096360230806378,0.6493022366660295,0.0165051693800131,0.0024743611010122,-0.2494156283202936,0.0099608243762813
0.0010642125711062,-0.0951837691169216,0.0085470004191681,-0.0070871603108683,0.0695518827738967,0.0092990070599189,0.0096360230806378,0.6493022366660295,0.0165051693800131,0.0024743611010122,-0.2494156283202936,0.0099608243762813,0.0211565219534692,-0.0321202450198178,0.0272084974742794
-0.0070871603108683,0.0695518827738967,0.0092990070599189,0.0096360230806378,0.6493022366660295,0.0165051693800131,0.0024743611010122,-0.2494156283202936,0.0099608243762813,0.0211565219534692,-0.0321202450198178,0.0272084974742794,-0.0069061356208676,-0.191565175769824,0.010782590119735
0.0096360230806378,0.6493022366660295,0.0165051693800131,0.0024743611010122,-0.2494156283202936,0.0099608243762813,0.0211565219534692,-0.0321202450198178,0.0272084974742794,-0.0069061356208676,-0.191565175769824,0.010782590119735,0.022253219788211,0.2911650549305966,0.022538128123829
