feature_0,feature_1,feature_2,feature_3,feature_4,feature_5,feature_6,feature_7,feature_8,feature_9,feature_10,feature_11,feature_12,feature_13,feature_14
-0.0048260354659813,-0.0857029842218608,0.0217264552824861,0.0046556330222133,-0.4262846704802192,0.0192383111239915,0.0344662383386367,4.282195224130708,0.0202114342397534,0.037144057559675,-0.1515949431340513,0.0452802319667136,0.0436425715670292,0.382249560632689,0.03716907102416
0.0046556330222133,-0.4262846704802192,0.0192383111239915,0.0344662383386367,4.282195224130708,0.0202114342397534,0.037144057559675,-0.1515949431340513,0.0452802319667136,0.0436425715670292,0.382249560632689,0.03716907102416,0.0112088357449497,-0.2294030920723376,0.0174801342604451
0.0344662383386367,4.282195224130708,0.0202114342397534,0.037144057559675,-0.1515949431340513,0.0452802319667136,0.0436425715670292,0.382249560632689,0.03716907102416,0.0112088357449497,-0.2294030920723376,0.0174801342604451,0.0109992258144189,-0.1798809920836916,0.0280276635513526
0.037144057559675,-0.1515949431340513,0.0452802319667136,0.0436425715670292,0.382249560632689,0.03716907102416,0.0112088357449497,-0.2294030920723376,0.0174801342604451,0.0109992258144189,-0.1798809920836916,0.0280276635513526,-0.0011806242525229,0.0086038995783661,0.0192917778700716
0.0436425715670292,0.382249560632689,0.03716907102416,0.0112088357449497,-0.2294030920723376,0.0174801342604451,0.0109992258144189,-0.1798809920836916,0.0280276635513526,-0.0011806242525229,0.0086038995783661,0.0192917778700716,-0.0040530619025,-0.2935809018567639,0.0153793654605019
0.0112088357449497,-0.2294030920723376,0.0174801342604451,0.0109992258144189,-0.1798809920836916,0.0280276635513526,-0.0011806242525229,0.0086038995783661,0.0192917778700716,-0.0040530619025,-0.2935809018567639,0.0153793654605019,-0.0072913056333225,0.9166416341243616,0.0169215938072871
