feature_0,feature_1,feature_2,feature_3,feature_4,feature_5,feature_6,feature_7,feature_8,feature_9,feature_10,feature_11,feature_12,feature_13,feature_14
0.0106461154176202,-0.3909301249421564,0.0093492206491931,-0.0015470909055913,-0.4234918705363927,0.0077870296668256,-0.0016967376673555,1.1874011597258831,0.0139023898025773,0.0030300280808037,-0.0310880829015544,0.0174262463446745,-0.0033156790914367,-0.2747170749906727,0.0122257988618997
-0.0015470909055913,-0.4234918705363927,0.0077870296668256,-0.0016967376673555,1.1874011597258831,0.0139023898025773,0.0030300280808037,-0.0310880829015544,0.0174262463446745,-0.0033156790914367,-0.2747170749906727,0.0122257988618997,0.014489628788568,1.214849108367627,0.0199807052205615
-0.0016967376673555,1.1874011597258831,0.0139023898025773,0.0030300280808037,-0.0310880829015544,0.0174262463446745,-0.0033156790914367,-0.2747170749906727,0.0122257988618997,0.014489628788568,1.214849108367627,0.0199807052205615,-0.0077242879392489,-0.1086165518309204,0.0108159898542697
0.0030300280808037,-0.0310880829015544,0.0174262463446745,-0.0033156790914367,-0.2747170749906727,0.0122257988618997,0.014489628788568,1.214849108367627,0.0199807052205615,-0.0077242879392489,-0.1086165518309204,0.0108159898542697,0.0096937347146508,-0.2435296161195067,0.0129554245694683
-0.0033156790914367,-0.2747170749906727,0.0122257988618997,0.014489628788568,1.214849108367627,0.0199807052205615,-0.0077242879392489,-0.1086165518309204,0.0108159898542697,0.0096937347146508,-0.2435296161195067,0.0129554245694683,-0.0189104421106472,-0.1380022962112514,0.0180214179810643
0.014489628788568,1.214849108367627,0.0199807052205615,-0.0077242879392489,-0.1086165518309204,0.0108159898542697,0.0096937347146508,-0.2435296161195067,0.0129554245694683,-0.0189104421106472,-0.1380022962112514,0.0180214179810643,0.0002224053948594,0.0491475759190196,0.0103677132372122
