feature_0,feature_1,feature_2,feature_3,feature_4,feature_5,feature_6,feature_7,feature_8,feature_9,feature_10,feature_11,feature_12,feature_13,feature_14
0.0100995667443137,-0.0193618576503986,0.0151079575792491,-0.012855230189294,-0.4898650210326816,0.0160544170569884,-0.0012299676874211,1.0259610810321005,0.0151956645245118,0.0041288919712658,-0.0469351015296538,0.0118214423186233,-0.0160151094243231,0.232757862133291,0.0247624641061036
-0.012855230189294,-0.4898650210326816,0.0160544170569884,-0.0012299676874211,1.0259610810321005,0.0151956645245118,0.0041288919712658,-0.0469351015296538,0.0118214423186233,-0.0160151094243231,0.232757862133291,0.0247624641061036,-0.0181816976096016,0.4234559617791356,0.0314030697987079
-0.0012299676874211,1.0259610810321005,0.0151956645245118,0.0041288919712658,-0.0469351015296538,0.0118214423186233,-0.0160151094243231,0.232757862133291,0.0247624641061036,-0.0181816976096016,0.4234559617791356,0.0314030697987079,-0.0044801456908806,-0.1890484229528474,0.0102004303802699
0.0041288919712658,-0.0469351015296538,0.0118214423186233,-0.0160151094243231,0.232757862133291,0.0247624641061036,-0.0181816976096016,0.4234559617791356,0.0314030697987079,-0.0044801456908806,-0.1890484229528474,0.0102004303802699,-0.0201771558469157,-0.005824786465719,0.0158423736356411
-0.0160151094243231,0.232757862133291,0.0247624641061036,-0.0181816976096016,0.4234559617791356,0.0314030697987079,-0.0044801456908806,-0.1890484229528474,0.0102004303802699,-0.0201771558469157,-0.005824786465719,0.0158423736356411,0.0134732137722533,-0.2024289819256876,0.0293686709633102
-0.0181816976096016,0.4234559617791356,0.0314030697987079,-0.0044801456908806,-0.1890484229528474,0.0102004303802699,-0.0201771558469157,-0.005824786465719,0.0158423736356411,0.0134732137722533,-0.2024289819256876,0.0293686709633102,-0.0072514217622556,-0.149440346034073,0.0152311327178842
