feature_0,feature_1,feature_2,feature_3,feature_4,feature_5,feature_6,feature_7,feature_8,feature_9,feature_10,feature_11,feature_12,feature_13,feature_14
0.0110973505650591,-0.2130035828992768,0.0141848907465384,-0.0129973834523704,-0.2974980212081577,0.0157364460857825,-0.0020484570059012,0.87277754249139,0.0177941041834215,0.0057913543409251,-0.2008192349540246,0.0135135272175358,-0.0161078272899414,0.2796155899626267,0.0255858576234085
-0.0129973834523704,-0.2974980212081577,0.0157364460857825,-0.0020484570059012,0.87277754249139,0.0177941041834215,0.0057913543409251,-0.2008192349540246,0.0135135272175358,-0.0161078272899414,0.2796155899626267,0.0255858576234085,-0.018223521541556,0.6267357054641343,0.0325259316892552
-0.0020484570059012,0.87277754249139,0.0177941041834215,0.0057913543409251,-0.2008192349540246,0.0135135272175358,-0.0161078272899414,0.2796155899626267,0.0255858576234085,-0.018223521541556,0.6267357054641343,0.0325259316892552,-0.0050554368562633,-0.1938299438549513,0.0110201458757536
0.0057913543409251,-0.2008192349540246,0.0135135272175358,-0.0161078272899414,0.2796155899626267,0.0255858576234085,-0.018223521541556,0.6267357054641343,0.0325259316892552,-0.0050554368562633,-0.1938299438549513,0.0110201458757536,-0.0196420911953653,0.1666719692534806,0.0166536139797231
-0.0161078272899414,0.2796155899626267,0.0255858576234085,-0.018223521541556,0.6267357054641343,0.0325259316892552,-0.0050554368562633,-0.1938299438549513,0.0110201458757536,-0.0196420911953653,0.1666719692534806,0.0166536139797231,0.0133055360783953,-0.2532076716871331,0.0303313792565179
-0.018223521541556,0.6267357054641343,0.0325259316892552,-0.0050554368562633,-0.1938299438549513,0.0110201458757536,-0.0196420911953653,0.1666719692534806,0.0166536139797231,0.0133055360783953,-0.2532076716871331,0.0303313792565179,-0.0074050933821052,-0.1390771522888609,0.0150907867369313
