feature_0,feature_1,feature_2,feature_3,feature_4,feature_5,feature_6,feature_7,feature_8,feature_9,feature_10,feature_11,feature_12,feature_13,feature_14
-0.0083749191744499,0.114406681627837,0.0315217356375348,0.0044868754939888,-0.5295424348114931,0.0168820731264689,-0.0097216573914786,2.4140593972022417,0.0220016014154195,-0.004510475601016,-0.2170333221311687,0.0147334371841096,-0.005863656952963,-0.0405117622781675,0.0213629238860603
0.0044868754939888,-0.5295424348114931,0.0168820731264689,-0.0097216573914786,2.4140593972022417,0.0220016014154195,-0.004510475601016,-0.2170333221311687,0.0147334371841096,-0.005863656952963,-0.0405117622781675,0.0213629238860603,-0.0072386365713202,1.3690232446103816,0.0457765741212814
-0.0097216573914786,2.4140593972022417,0.0220016014154195,-0.004510475601016,-0.2170333221311687,0.0147334371841096,-0.005863656952963,-0.0405117622781675,0.0213629238860603,-0.0072386365713202,1.3690232446103816,0.0457765741212814,0.0183636856812094,-0.5155421599244681,0.0366747738048344
-0.004510475601016,-0.2170333221311687,0.0147334371841096,-0.005863656952963,-0.0405117622781675,0.0213629238860603,-0.0072386365713202,1.3690232446103816,0.0457765741212814,0.0183636856812094,-0.5155421599244681,0.0366747738048344,-0.0090162708762172,-0.0804437448467131,0.0241716294683603
-0.005863656952963,-0.0405117622781675,0.0213629238860603,-0.0072386365713202,1.3690232446103816,0.0457765741212814,0.0183636856812094,-0.5155421599244681,0.0366747738048344,-0.0090162708762172,-0.0804437448467131,0.0241716294683603,-0.0278296214658597,0.1517631523174489,0.0303866975397205
-0.0072386365713202,1.3690232446103816,0.0457765741212814,0.0183636856812094,-0.5155421599244681,0.0366747738048344,-0.0090162708762172,-0.0804437448467131,0.0241716294683603,-0.0278296214658597,0.1517631523174489,0.0303866975397205,-0.0362179504561422,0.4418384101460764,0.0411037731401021
