feature_0,feature_1,feature_2,feature_3,feature_4,feature_5,feature_6,feature_7,feature_8,feature_9,feature_10,feature_11,feature_12,feature_13,feature_14
0.0061511639770044,0.1561199912415152,0.011279643994372,0.0041385110164287,-0.5507575757575758,0.007230766155578,-9.363802331896488e-05,0.6922428330522765,0.007254609731381,-0.0038408272094536,0.2780269058295963,0.0100630083362955,-0.0011283132844053,0.2378167641325537,0.0113486344040102
0.0041385110164287,-0.5507575757575758,0.007230766155578,-9.363802331896488e-05,0.6922428330522765,0.007254609731381,-0.0038408272094536,0.2780269058295963,0.0100630083362955,-0.0011283132844053,0.2378167641325537,0.0113486344040102,0.0103557606092217,0.5987401574803151,0.0155141368257691
-9.363802331896488e-05,0.6922428330522765,0.007254609731381,-0.0038408272094536,0.2780269058295963,0.0100630083362955,-0.0011283132844053,0.2378167641325537,0.0113486344040102,0.0103557606092217,0.5987401574803151,0.0155141368257691,0.015095123418277,-0.3075256107171,0.0201310284180651
-0.0038408272094536,0.2780269058295963,0.0100630083362955,-0.0011283132844053,0.2378167641325537,0.0113486344040102,0.0103557606092217,0.5987401574803151,0.0155141368257691,0.015095123418277,-0.3075256107171,0.0201310284180651,0.0216632678993138,0.1805120910384068,0.0219265999050313
-0.0011283132844053,0.2378167641325537,0.0113486344040102,0.0103557606092217,0.5987401574803151,0.0155141368257691,0.015095123418277,-0.3075256107171,0.0201310284180651,0.0216632678993138,0.1805120910384068,0.0219265999050313,-0.0116801659354272,-0.4063140137365948,0.0112052782595332
0.0103557606092217,0.5987401574803151,0.0155141368257691,0.015095123418277,-0.3075256107171,0.0201310284180651,0.0216632678993138,0.1805120910384068,0.0219265999050313,-0.0116801659354272,-0.4063140137365948,0.0112052782595332,-0.0027272454017071,0.3363101278668561,0.0139931082854919
