feature_0,feature_1,feature_2,feature_3,feature_4,feature_5,feature_6,feature_7,feature_8,feature_9,feature_10,feature_11,feature_12,feature_13,feature_14
0.0013784009905961,-0.2754824612613213,0.0154099103660095,8.59562810044956e-05,-0.5008402974422728,0.0108375241866499,0.0018925465066386,1.3822986809334932,0.011433518663634,-0.0019747580782933,-0.0527946101872107,0.0080262387428243,-0.0002581362031414,0.2523402689776397,0.0139703583940347
8.59562810044956e-05,-0.5008402974422728,0.0108375241866499,0.0018925465066386,1.3822986809334932,0.011433518663634,-0.0019747580782933,-0.0527946101872107,0.0080262387428243,-0.0002581362031414,0.2523402689776397,0.0139703583940347,0.0,0.8076119597858729,0.0177982553075725
0.0018925465066386,1.3822986809334932,0.011433518663634,-0.0019747580782933,-0.0527946101872107,0.0080262387428243,-0.0002581362031414,0.2523402689776397,0.0139703583940347,0.0,0.8076119597858729,0.0177982553075725,0.0081749751558308,-0.4819242298385641,0.0181328847748967
-0.0019747580782933,-0.0527946101872107,0.0080262387428243,-0.0002581362031414,0.2523402689776397,0.0139703583940347,0.0,0.8076119597858729,0.0177982553075725,0.0081749751558308,-0.4819242298385641,0.0181328847748967,-0.0117788333531062,-0.0262286510979435,0.018594475745719
-0.0002581362031414,0.2523402689776397,0.0139703583940347,0.0,0.8076119597858729,0.0177982553075725,0.0081749751558308,-0.4819242298385641,0.0181328847748967,-0.0117788333531062,-0.0262286510979435,0.018594475745719,-0.0107964172056588,0.0583624161073825,0.0128283904383796
0.0,0.8076119597858729,0.0177982553075725,0.0081749751558308,-0.4819242298385641,0.0181328847748967,-0.0117788333531062,-0.0262286510979435,0.018594475745719,-0.0107964172056588,0.0583624161073825,0.0128283904383796,-0.0218283683719986,0.3216484036796536,0.0273384932569523
