feature_0,feature_1,feature_2,feature_3,feature_4,feature_5,feature_6,feature_7,feature_8,feature_9,feature_10,feature_11,feature_12,feature_13,feature_14
0.0024541814276282,0.076482617586912,0.0125130272503486,-0.006691817516305,-0.5829533941236069,0.0125823806930376,0.0171432868978227,2.6170665047069543,0.0244144833787676,-0.0235313036020583,-0.0048694484090336,0.0301706991117234,0.0235468178598221,0.3333333333333332,0.0207511678646423
-0.006691817516305,-0.5829533941236069,0.0125823806930376,0.0171432868978227,2.6170665047069543,0.0244144833787676,-0.0235313036020583,-0.0048694484090336,0.0301706991117234,0.0235468178598221,0.3333333333333332,0.0207511678646423,0.014546672307115,0.1958364970893444,0.0139650134590096
0.0171432868978227,2.6170665047069543,0.0244144833787676,-0.0235313036020583,-0.0048694484090336,0.0301706991117234,0.0235468178598221,0.3333333333333332,0.0207511678646423,0.014546672307115,0.1958364970893444,0.0139650134590096,0.0118953251661173,-0.4642573681147151,0.0337656929463552
-0.0235313036020583,-0.0048694484090336,0.0301706991117234,0.0235468178598221,0.3333333333333332,0.0207511678646423,0.014546672307115,0.1958364970893444,0.0139650134590096,0.0118953251661173,-0.4642573681147151,0.0337656929463552,-0.0047755573891019,-0.322074074074074,0.0122126216184136
0.0235468178598221,0.3333333333333332,0.0207511678646423,0.014546672307115,0.1958364970893444,0.0139650134590096,0.0118953251661173,-0.4642573681147151,0.0337656929463552,-0.0047755573891019,-0.322074074074074,0.0122126216184136,-0.0011074763239139,0.305944055944056,0.0200897330266358
0.014546672307115,0.1958364970893444,0.0139650134590096,0.0118953251661173,-0.4642573681147151,0.0337656929463552,-0.0047755573891019,-0.322074074074074,0.0122126216184136,-0.0011074763239139,0.305944055944056,0.0200897330266358,0.0127752427767537,0.1237170905845603,0.0156694242354316
