feature_0,feature_1,feature_2,feature_3,feature_4,feature_5,feature_6,feature_7,feature_8,feature_9,feature_10,feature_11,feature_12,feature_13,feature_14
0.0009445648751575,-0.5297141909447731,0.0203021859763947,0.0067631745075666,-0.5132244034324673,0.0209323795017554,-0.0273395721604683,0.9553248007727602,0.0283048940639311,-0.0096369926259506,-0.1021365938001729,0.0218846996995902,0.0236781833859374,0.6398899587345255,0.0212560342553679
0.0067631745075666,-0.5132244034324673,0.0209323795017554,-0.0273395721604683,0.9553248007727602,0.0283048940639311,-0.0096369926259506,-0.1021365938001729,0.0218846996995902,0.0236781833859374,0.6398899587345255,0.0212560342553679,-0.0034852922284417,0.2191746351283341,0.0331125705397048
-0.0273395721604683,0.9553248007727602,0.0283048940639311,-0.0096369926259506,-0.1021365938001729,0.0218846996995902,0.0236781833859374,0.6398899587345255,0.0212560342553679,-0.0034852922284417,0.2191746351283341,0.0331125705397048,0.0265500184804965,-0.1816993464052287,0.0360691911955224
-0.0096369926259506,-0.1021365938001729,0.0218846996995902,0.0236781833859374,0.6398899587345255,0.0212560342553679,-0.0034852922284417,0.2191746351283341,0.0331125705397048,0.0265500184804965,-0.1816993464052287,0.0360691911955224,0.0113056238344098,-0.0950058853203296,0.0326428404144298
0.0236781833859374,0.6398899587345255,0.0212560342553679,-0.0034852922284417,0.2191746351283341,0.0331125705397048,0.0265500184804965,-0.1816993464052287,0.0360691911955224,0.0113056238344098,-0.0950058853203296,0.0326428404144298,-0.0140888819601338,-0.1395392047565961,0.0275503175801511
-0.0034852922284417,0.2191746351283341,0.0331125705397048,0.0265500184804965,-0.1816993464052287,0.0360691911955224,0.0113056238344098,-0.0950058853203296,0.0326428404144298,-0.0140888819601338,-0.1395392047565961,0.0275503175801511,0.0257845885168752,0.2370978190455626,0.0249923288214915
