open_std_0,high_std_0,low_std_0,close_std_0,daily_return_std_0,log_return_std_0,volume_change_std_0,relative_volume_std_0,log_volume_0,high_low_range_std_0,open_std_1,high_std_1,low_std_1,close_std_1,daily_return_std_1,log_return_std_1,volume_change_std_1,relative_volume_std_1,log_volume_1,high_low_range_std_1,open_std_2,high_std_2,low_std_2,close_std_2,daily_return_std_2,log_return_std_2,volume_change_std_2,relative_volume_std_2,log_volume_2,high_low_range_std_2
1.2512708545604407,1.0455139567111855,0.5379483823563044,0.0780344974509871,-1.6380332852022912,-1.6479753064777456,0.0272915269926982,0.0,22.181580814869555,1.375992974503874,-0.2056280732315974,-0.543183534564287,-0.2301167230549029,-0.5015503646336867,-0.7729007338264959,-0.7724761132773688,-0.7221881892717824,0.0,22.10743293730066,-0.7836467418038988,-0.408134951523421,0.1363835668756324,-0.2235159494244352,0.6515900243186937,1.244696914941578,1.24095771143235,-0.0069027939474792,0.0,22.112894632904343,0.7278003862381818
0.7495027730990246,1.449790405293408,1.2743406854874235,1.4039153469954104,0.8476609736843292,0.8473729850498428,-0.2518880119119721,0.0,22.095768022020113,0.6090171427028855,1.0701607189307976,0.8752212283376752,1.3850159007451872,1.1339902800309771,-0.3831463287774331,-0.3787385532608636,-1.540084233575039,0.0,21.92336012986152,-1.0251593071050176,0.4779915559869904,0.6314073268660765,0.2088534851870198,0.9242261804382612,-0.2625126881561721,-0.2581662832471412,1.2929730245102482,0.0,22.038069567184618,0.7256752403231802
1.5042689429647256,1.4370356925676289,1.5501535015447645,1.5322839859496016,0.8699500519276191,0.8702736377891916,0.374699767626523,0.0,22.060787409008423,-0.4862827521858794,1.493906412886872,1.6645128613931528,1.7215461481317125,1.370230128052026,0.0277613389746158,0.0322347476339474,0.4162501716362202,0.0,22.08623015700982,-0.5556541149611935,1.1280254495921709,0.84693519625633,0.8905522291013215,0.3435282634653029,-1.2217706697824433,-1.2259474463709938,-0.341936866060819,0.1744859948184676,22.058793081275667,-0.3488442548267802
0.5134850351383706,0.939656252316594,0.8757989720549382,1.1677582522757857,1.0516371885089952,1.0496229191370787,2.0647206151139117,2.2692333842462613,22.26641863738743,-0.0656927165869296,1.2155715595632692,1.6831341279015752,0.961324537336094,1.5082357217497675,0.551802785570353,0.5538703952727609,0.1992544867271282,1.848750321755324,22.30367238822346,2.2277339748403766,2.0044127466061243,1.941852566865352,2.0539854743571877,2.067050766821259,0.7937621539118963,0.7921625885203465,1.0886166301147122,1.9603767437596624,22.450373000963733,-0.4283332073341407
1.4560994073457076,1.4365841501323524,1.5061595243823107,1.1283638907592402,-1.4320508321565797,-1.4341157812095815,-1.4893305882403187,0.3702634945112655,22.269659578025927,-0.0885840463586551,0.967908780260566,0.4113891875954611,0.8321766487119143,0.547732321607032,-0.8305559862119415,-0.8289126745908717,-1.0110470290163676,-0.5204130688446847,22.137719964103216,-1.0954472781608813,0.5767895035768766,1.0339100597765447,0.6023903874088002,1.21578099509188,0.8692527715863262,0.8682218590985854,0.2052763171776305,-0.4866147138495863,22.19478790215262,1.106470493470388
1.2455306312950185,0.5627824626070324,0.8796031165853062,0.2522208307693428,-1.180035833871378,-1.1812272368340049,-0.738704845783784,-1.0557479933558358,22.116987547143236,-0.5914465561132989,0.8732767520420859,0.4065473459220237,-0.1219994158779459,-0.5436341210351067,-0.8073803617914139,-0.8065503831661778,0.3425682453218241,-0.7429186482892493,22.174926501731736,0.9581833986936672,-0.7055573442779998,-0.9458406248223794,-0.3571312120931497,-0.4090251860658584,0.1413544675140376,0.1465846618907155,-0.7554300790977714,-1.1704961447714626,22.08206566401388,-1.057734169500586
-0.2448222837813417,-0.1652894157238451,0.23116267672965,0.4671729872694137,0.7659166962719542,0.766792725628518,-0.84933625874945,-1.4558423631439084,21.96123998825831,-0.5721751730701234,0.2688912041801117,0.2170368846432902,0.1184200949846211,0.2893914519754997,-0.173098340363379,-0.1686515670877773,1.3011057166981177,-0.5910617493280881,22.091701680019497,0.0986947908230773,-0.1263282091450631,-0.1774734085451879,0.2471414180435545,0.5658368147767309,0.2082877078734594,0.2126601908300749,0.4205868118471781,-0.152066752399896,22.128377045768847,-0.5621201803494349
-0.1562963757347263,-0.4247814421008177,-0.1832269181389509,-1.1209060292576185,-1.2375976968598272,-1.242785425389718,0.4191213500268143,0.7144218857327019,22.144845292446895,-0.374843505755273,-1.3195171881791243,-1.8701482014660016,-1.8871644526644349,-1.2191076179193865,-0.1566038154623225,-0.1528440321525675,-0.1415239628577723,0.916997339031378,22.12086604568246,-0.8675246004770061,-1.6436349094771394,-1.9333055048281953,-2.3378276570215824,-2.227276312750614,-1.6132623259197725,-1.6221755601980037,0.2023295200029274,1.039401550788532,22.1395048484317,0.1874215294319288
-2.0229312759500564,-1.9329342616144731,-1.906696004514225,-1.7517817621526497,0.283284096823213,0.286929055398762,-0.0829939405513774,0.943883467095344,22.12919614505052,-0.5310991484264589,-1.344031140156889,-1.3463218905120444,-1.576209253714979,-1.1009389671675682,0.8431239232686705,0.8420925890476705,-0.4326972669602748,0.4591689215889412,22.097725443053186,0.560414504212414,-1.735834375039523,-1.677412827904362,-1.5540771607018031,-1.4192241476291017,-0.8231876957730724,-0.8203704853427419,-0.166492279477038,0.3150428664287134,22.078508031568717,-0.9124657891686492
-1.128815555891282,-0.8784199965236015,-0.8727143793548884,-1.0141125700010625,0.5981024316963315,0.5993911244026737,-0.1710634494035716,0.0828410259203059,22.067943617373132,-0.2052482019208127,-1.1217061297627011,-0.973457099766096,-0.7716927098291798,-0.9772204695744116,0.1283683844793,0.1315998750668769,2.5262208963429655,2.6046362995958976,22.341346294960132,-1.4211188655732887,-1.124732346838951,-1.1555814751056352,-1.0470678756354013,-1.0534721279484531,-0.0242946974477372,-0.0205877009127119,-1.445129191707317,0.0624957162441936,22.170062459691152,-0.8838106223150844
-1.3092269799038698,-0.7140006176707725,-1.0937396992544928,-0.4561431037295999,1.342072352009846,1.3356491967334072,-0.0911903900082601,-0.0897820132685867,22.168984099541795,1.5881866722192874,-0.0308667227712173,0.8500115663117571,0.6220120572867802,1.2351596279698998,1.7209018714883992,1.7089663358264535,-0.3529747578700077,-0.5518203460626052,22.13052146784755,0.6480692460690627,1.5614964967790164,1.7475403800106095,2.114055784036896,1.6682343392657994,0.1397943964042487,0.1439795297479559,-0.2111572966174959,-0.7352394629535115,22.109777674666553,-0.916928635162374
1.4122528001830286,0.9365009269644244,0.2553134127583674,-0.2343079880387673,-1.6685947637016965,-1.6776214264317637,-0.1707720873191063,-0.7952275415546429,22.0899950428264,1.63875334891722,-0.2101544024765793,-0.4541148640434765,-0.0433473530065324,-0.061744690792197,0.1497179030625305,0.1536532488868744,-0.7354633628690591,-1.422375369574652,21.986140368275155,-0.9506561838255588,0.151655795612198,0.0774989884172043,-1.469519394571947,-1.6930859639199864,-1.5353976266897789,-1.5434789439843095,1.595050940757345,0.7496469630291008,22.21510419711502,2.3656089678331633
-1.703307484805074,-1.8340903684188796,-2.0317907258288996,-2.027850063450436,-1.0773729882788168,-1.079032135512396,1.195925993462981,1.9362966242916215,22.431315745095425,1.2480011600764769,-2.103630648037268,-1.770736496252557,-1.8522852762081383,-1.584445573976108,0.1545301501834078,0.1593702369528103,0.7290281700112964,1.9937978095313695,22.60395456522698,1.2633713622188778,-0.9993225319292272,-0.9874717033918136,-0.7734776589969867,-0.5428546606002401,1.4253377891164676,1.418912344771783,-1.0306988017214525,0.7987083516888316,22.457726294392263,0.0107449235090857
-1.0452295318112197,-1.4099254170061433,-1.0465157493231951,-0.8229265011607386,-0.4426839648930488,-0.43855089791277,0.7608505690706657,1.2303008204767598,22.60942749827663,-0.3575269202901236,-0.8909436202367467,-0.2848761351480565,-0.6157821261747561,0.1761827635936412,1.3191121167161424,1.3145817289086656,-1.1293716845926625,0.0502970775657439,22.462993142574486,1.101887311815099,0.1847994353964747,-0.2478479474377373,-0.0312682530919774,-0.3006940547480269,-0.6210708424757787,-0.6197749967426764,2.201214698506147,1.939940934504708,22.9590998296272,-0.4699640486880757
-0.2027387033688424,-0.1074839234930428,0.4691014400344883,0.5520607202362985,0.8539553230953021,0.8569663608175551,-1.6792693895980235,-0.991996242191022,22.39982767566356,-1.1836878521724703,0.959629114487354,1.2202498124122092,1.5049056888421917,1.5162270706608625,0.9517406577723866,0.9515118300107254,-0.4742571528302014,-1.2497485061539568,22.316623146951944,-1.0713778716815865,1.3617424460076872,1.6257877162102163,1.0058606526211211,0.3445428766003217,-1.0709177358428787,-1.073960792092491,-0.4789509932257327,-1.4407021425715023,22.234652015167857,0.9789161052049058
0.7325670216218259,1.0076642728933023,0.6299956954457678,0.5295636447207758,0.1665114749479384,0.1720835460813366,0.1844398926513783,-1.0393441279612234,22.33102233679831,0.5810612940899491,0.2962936797292529,0.1788581229786289,0.3180386524495457,0.8490591674559079,0.2378258567046295,0.2423472267624719,-0.34288055484583,-1.0046234878507112,22.245831272052968,-0.3010234820989101,0.9923642446737172,0.7000618971752292,1.3965959380611586,0.9117417365806548,-0.1316597675665516,-0.1262687634276014,-0.2356759562305905,-0.9022799255925807,22.16630435968509,-1.2414784145193558
0.6413011983274258,0.014405654921562,0.7836322842416503,0.5775468156275898,-0.2758388439460609,-0.2711749219621449,-0.1788874769659461,-0.788298561271868,22.113203553230193,-1.1904960466669523,1.0671232588826025,1.2808490830923485,1.6392123555493816,1.9205739881013155,0.9829273153085956,0.9797673028417524,0.1793238647037434,-0.4558397335856359,22.145228937586996,-0.9352375029989412,1.9780400168059311,1.630079434937211,1.909059609967489,1.818159520105697,0.3469546632121632,0.3496108722534332,-0.1671418764030359,-0.3934118431870306,22.09212406865883,-0.9442606341174656
1.634621501237804,2.072355611553299,1.7942968141747986,2.12411574471006,1.033927785401882,1.0280118601120396,1.3386330216418516,2.037178099925204,22.232909933304676,0.0976358764683869,1.9658573166005937,1.8064095192772545,1.8486551626607144,1.7272557293571131,-0.0689387034320664,-0.0645448994707233,-0.5217082147563336,1.4933661237703215,22.166578324524767,-0.7661605157756743,1.750949551326293,1.4574986986776322,1.3082922801859724,1.1145399697978176,-0.9049796856766058,-0.9021449210755524,0.1275333612757691,1.340841687493178,22.16494760038239,-0.1893297925248052
1.0005637478150815,0.766450659876511,0.9015545140243844,0.7971336080719028,-0.9573149609040044,-0.9585574073905364,-0.6314833516544431,0.6989374413149476,22.10153306693093,-0.7544367542989372,0.6435513941299058,0.7282448366877561,0.7038996895734421,0.844327864989076,-0.0498434743396568,-0.0469426020535775,-1.1474659256318291,-0.143024135364176,21.972218699340104,-0.0425991500154617,0.5651669220564853,0.6150707951723721,0.6195690040961618,0.7487837107498391,-0.3683650703636802,-0.3664949341986145,0.1087755738631713,-0.1247578865607005,21.953973070667043,0.1956136507412383
0.8629697645103545,0.72599815327313,1.0171361627129163,0.602569047735274,-0.4937471548030482,-0.4925210689153823,1.0445499271410266,0.5025222232337817,22.022320613493847,-1.2181536831301445,1.000933313509668,0.909385119317966,0.6046205698732293,0.0034881416385212,-1.0267770467526929,-1.029253424844267,-0.021168442640409,0.3588505693892375,22.013357620468486,1.0674528827136154,0.2836700029127482,1.3702390839585867,0.9817793967440342,1.7282253673346009,1.520975615010562,1.5188149335459866,0.0195047516885544,0.2639838547474186,22.00325201156583,1.1102801389911596
1.5490347229281918,1.847521147434443,1.5285006789308684,1.3713265635091902,-0.6116535482676763,-0.6114835653358325,0.0152141581679752,0.1199472597979222,21.997424001741603,0.8364688751383981,1.2941430718936895,1.0375463549980004,1.694948613803028,1.5738039980700869,0.4194083798065747,0.4224198261510875,0.6026966743215324,0.950951153608419,22.007300425963916,-0.8626998024124446,1.7937625373594477,1.4536811066907889,1.8499578453790015,1.4013176953228657,0.0203535951531087,0.0228135140129454,-0.0796900140433857,0.8934710599491174,21.98644296110197,-0.8192098217542687
0.7969488589988405,0.9824010094588403,1.26658802939118,1.1188048550464953,-0.2891401628209445,-0.2881568998694607,0.5169281570404421,1.4024368448488471,21.99654826286869,-0.7445567463718105,0.3578908795091202,0.2894004858237484,0.3664317333704913,0.0363810853321895,-1.3171011397652015,-1.3229669821362786,1.1587280219068434,1.854697229061597,22.050892410665565,-0.2452729703595633,0.267544009191475,-0.381880155526982,0.1811942328263895,0.0792021924476152,0.0384520725379848,0.0408974398138876,-1.3361329346335538,0.9102919962228996,22.00745825665064,-1.0042704634487984
0.074573394894022,-0.4293697059723285,0.1965538228916389,0.120639752186987,0.0312831199798411,0.0337071493797902,-1.889160259807586,-0.9841986580706854,21.914439075504717,-0.812928282422185,-0.3682117420477127,-1.620215951656114,-1.9245041340409403,-2.137943106345846,-2.0266065667328252,-2.0372314912188685,2.508574462800707,2.037948901439277,22.10420588955572,1.486522979914901,-1.928946430524637,-2.3674952654849157,-2.089253504520426,-2.050873247790359,-0.4058844354833533,-0.4028972554200259,-0.5455680567664842,1.0440024121733025,22.067964467049567,0.368811093335299
-1.9688957220083552,-0.208157602118568,-1.0106282838357703,0.2680765886712994,2.244432454571074,2.2322011129601425,-0.3652964306750006,0.4494702419005776,22.04516833310752,1.8307519031049788,0.1628912155849075,1.1082811396630907,0.6707561260871859,1.089757143381576,0.81170660946762,0.8138201610851733,0.86924255788693,1.4094475109190523,22.131272765216583,0.4170496812041733,1.3393045063674682,1.4475859488154763,1.50979435517613,0.9633991149511796,-0.0898966674042036,-0.085985861438138,-1.731153691911656,-1.5553083684310274,21.923643185661454,-0.9935748674647096
1.2469339474010028,0.6450225417335486,-0.4693735704986488,-0.2109365001355883,-1.0896124793015445,-1.093715952241865,2.0588905140814777,1.7965271618786256,22.224256251893372,1.8528708803164728,-0.1564868191554715,0.1146181528232859,-0.3746306706657696,-0.8039908881040374,-0.5457338191197542,-0.5444744974037032,-0.5178381438559028,0.6910319403077128,22.169363306297544,0.8422580042706941,-1.246548834741338,-1.7024505998104509,-1.2699005028342982,-1.2628931622150397,-0.5512212121598841,-0.5500404262462321,0.7476482710805369,1.6605487387944298,22.316592660169498,-0.5159535914551004
-0.9718929380394568,0.2253331833825383,-0.1932155409742664,0.5158390933850772,1.5304451195812734,1.5262617701142505,-1.0321961041117291,-0.2364350749246531,22.15507595984569,0.8196410071565969,0.5743752055523454,0.0827862346405559,0.8654052146556587,0.5567959352415847,0.0301771280836358,0.0356461748603707,-0.8780960628017026,-1.529352860946209,22.015699966853283,-1.5599466486414617,0.2028724768663119,-0.2921445582830931,0.5457861047567355,-0.0052815744082023,-0.5366013620672829,-0.5353497591966875,0.2437830953122534,-0.9236310544982004,22.060931771079208,-1.4001989848332417
0.632262722089323,0.2820769157993238,-0.0876955558109645,0.3088125075434662,0.2281948382012716,0.2333240646160897,0.2959366670426109,-0.3877075782925373,22.12374905864792,0.4960962960799636,0.1247944384219448,-0.4652619348737473,0.1333179827999133,0.1088808582328144,-0.1847487567688158,-0.181589158275099,-0.525364386899232,-0.9023149967811732,22.045794711660378,-0.8100877376873561,0.3149433053025315,0.0186021819117486,-0.1074882057420579,0.0534382969952036,-0.0629931092452818,-0.0596036245295778,-0.3369079138419157,-1.0158060383288987,21.985622637396087,0.1727476425739467
0.0416335362340355,0.1171981150111582,0.6246144070148278,0.6775196711499956,0.4418879982562691,0.4467012821090411,-0.0545699615464045,-0.974908730135028,21.99363574695239,-0.5256171469495865,0.2799204091027948,-0.0138953594270718,0.5062918476486606,-0.338297866186118,-0.7978714669859296,-0.8010421791831223,0.4445099210674856,-0.5040000421464628,22.019143028215495,-0.6384606108070583,0.0376519556989137,1.2484607430797552,0.5626304731579894,1.2905350270371814,1.247739826345602,1.2494292796988236,1.0480706669028172,0.4762432746655495,22.119282780462004,0.8958011904791211
1.4845942174299267,2.4945046184063373,2.281345949687063,2.409018535732834,0.77587198363131,0.7788308155735404,0.0378698726381894,1.2777160066463888,22.104673276744133,0.6305345663976961,2.567965926166381,1.955486986954009,2.2759220854911284,1.6009268289043006,-0.4768572617445168,-0.4756332691654525,0.2366341587137496,1.4964735302966772,22.119980715641596,-0.1527462022840955,1.5232128620034449,1.4086013330861114,1.658073838498789,1.2872015554069167,-0.1990153515858036,-0.1968101092938955,-1.3368630274777875,0.1348867888738691,22.039277209289377,-0.4690925350656303
0.8497230302453979,0.5520406659135365,0.4036123058496629,-0.2215371035833423,-1.7207166689984468,-1.7280414653534737,1.491319546300652,1.349574189677324,22.147655278172728,0.3889940423325051,-0.6122112861767206,-0.9942249336414142,-0.8377628096909923,-1.0503040232172978,-0.9465907986193896,-0.9477796531197358,-1.2662004479139404,-0.0051857739511023,22.04212682448369,-0.671032894431699,0.0798884911777116,-0.1168839676891656,-0.0827801540396552,-0.0336441220417423,1.064604566956601,1.063980750011564,1.2328550849409892,1.0765007730300835,22.14583426667162,-0.1229578785307793
0.0349587698654237,1.1233972163968848,0.6311123478568654,1.287644206653641,1.2827634287850116,1.2788943893229805,-1.3378551389731168,-0.6567688120866173,22.03576833006178,1.6879458587226104,1.798286330248284,1.3410975118160853,1.4563391324153316,1.0464276227128493,-0.194362618652028,-0.1906220276938312,1.249702379033676,0.9436268348332932,22.165115522325056,-0.0618485712252861,0.5963897479362398,0.1416001330701245,0.4895941817846352,0.1780216324774207,-0.9096997152580026,-0.9092912768970132,2.2755595288991644,2.6855052734803415,22.51179843893391,-1.0265602601966577
0.2018778627362252,1.1321350023902512,0.5289816389670957,1.2225572963611149,0.997023508053164,0.996422873784664,-1.5589439821533688,-0.2160424764819929,22.203018664734845,1.7400764766143877,1.675324684911048,1.9820974078890683,2.000700006378774,2.02265929629091,1.3857389957177826,1.3814733582991232,-0.0629672598303209,-0.1968983826152462,22.21711330845553,0.7112862235336486,1.9826127870959769,1.6275283384127583,1.87030885445992,1.4336702791077087,-0.439170190657003,-0.436090770868089,-0.799216516913414,-1.0765515316354552,22.061758170791265,-0.7522549256272993
1.3581685152044058,1.1537747862410797,1.4114227726751865,1.2933442396358328,0.0180061692158685,0.0220576396878834,0.1346629325880212,-0.7760850472498161,22.10869982830436,-1.2516146873829976,1.2871112064884476,1.0887047498409574,1.146720564882016,0.8360364265259129,-0.837023479242328,-0.8368235174134901,0.5792976122016527,0.035452527030538,22.23570815027468,-0.3794372058499152,0.826622260168545,0.9365696382895052,0.9359950673341854,1.1460611059316823,0.2632507185267082,0.2662467280711318,-0.8946559496033438,-0.9860564886857128,22.06527910301049,-0.306187357104775
1.2672172510208102,1.2549239880352512,1.278121061559547,1.0932042574841176,-0.3336672522655497,-0.3312133441987366,-0.0899395140238249,-0.8399440952411217,22.054710587740068,-0.7439625061997679,1.169803812980457,1.3330279430540155,1.273397959942896,1.5427327205148629,0.9291723986762184,0.9301302980966214,0.1078887501406312,-0.6070641057492345,22.095884612311796,-0.216416776909425,1.6011403884922082,1.6002161624197335,1.6399392360437195,1.649778868762546,0.4656074240125319,0.4678500727083984,0.3608823148446861,-0.0983454889571287,22.176143502443352,-0.944568813943344
1.5180556403322745,1.6927069959320007,1.2422674441224533,1.5306865563003291,-0.6410538642862627,-0.6399680706898007,0.1645875010020551,0.8524429923244115,22.170681167505403,1.1682778939213476,1.391721308595648,2.0298373563551286,1.608289085399007,1.9772717656912395,1.220883330332872,1.2197902125188718,-0.1818826982754067,0.731783900441849,22.15278490400228,2.2824473756433106,2.099547701016581,1.633298861188605,1.8899733724530343,1.3135980667638043,-1.1984936248665166,-1.200858088406803,2.595942394775858,2.7117999448266303,22.647310088916168,0.0521000753355991
1.0467336043765687,0.6738598431837528,0.901830150428734,0.7792178820599687,-1.2660219314034336,-1.2687469178651378,-1.6904830618209372,-0.4673727958240845,22.123411326993548,-0.4501732073080112,0.6136327162090442,0.299833425748282,0.6120275510388536,0.2418892144752591,-1.124082409241859,-1.1262663596529905,-0.404870425072907,-0.7679792481877409,22.034117104534555,-0.901270242809328,0.0311177939190778,0.0803943208121383,0.2933703346374277,0.4034464390403355,0.1728360081629891,0.1754882701625848,-0.2145817421203339,-0.7577411529346236,21.979166734417525,-0.5659005951832224
-0.2082069556543838,-0.4819894261156777,-0.1858393177484724,-0.5994876308134984,-1.3330012809714225,-1.33705817110375,1.8658986918969585,1.322038530427906,22.523922277323535,-0.7877830447597122,-0.618882054309432,-0.8130045730938728,-0.8446474710053674,-1.4574656431696231,-0.7486374216442956,-0.7485022404912017,-1.2811473008297083,-1.0182616167857472,21.951452114996464,-0.2530295789677523,-1.0512847575055273,-0.3205766163319971,-0.8418058130481094,0.0547195391549396,1.4479747705983443,1.4459404746224247,-0.0063766673322197,-0.7848298148921422,21.996811344904145,0.6162770937525336
-0.1110591516251062,-0.1706565982360414,0.2228619543238356,-0.0293724399660201,-0.0797940167751124,-0.0768920752942443,0.0034618114888895,-0.5371405243085816,22.04217228820698,-0.6170808433795262,0.1100272563690276,0.0919252404537017,0.5994141540208187,0.5805595186754897,0.5510221644067418,0.5542374983615892,-0.1479676038484351,-0.4633136069517477,22.030695546482956,-0.692942923020346,1.3377590739727774,1.9083075006566803,1.9179783047924177,2.0406285568153275,1.6453566559317387,1.6423160734474078,0.0236977064562377,-0.2076466362401948,22.09023720598176,0.3186521846585378
2.0178058217114345,1.7388619742881262,2.010140994062502,1.7148898612824348,0.015931714532258,0.0190762819638605,-1.2090964506633657,-1.6582737782484878,21.43340778537379,-1.8101673417441184,1.4462329304477803,1.3305817387513126,1.4393455020365886,1.2196409248866324,-0.4900496747405063,-0.4884956209757566,1.6468490369102056,0.3087977423974044,21.97105072131602,-1.174326270581133,0.8295844129285018,0.4010958671581091,0.1777558815131735,0.3241660920289345,-1.2701056092717198,-1.2740171131347806,-0.0233248232896336,0.5020900059412302,22.026727351844663,0.7141963968152119
0.3001904482617847,0.7168200059568757,0.3660868760569579,-0.0062388667065767,-0.4606948107937842,-0.4591559933569026,-0.2130340762068806,0.3469552958241265,22.012630708161772,1.0332716364078394,-0.0475335944488896,-0.1585365046129264,0.0765839094377572,0.1068605595519527,0.1511607615155302,0.1542459418639201,-0.1478567006883405,0.9013846258424032,21.95570947353962,-0.7503587516554436,0.352007109936942,0.6169196287452766,0.3983696695489765,0.7712616298191178,0.6599283112636783,0.6616459856714983,0.0521953357387794,1.0278350801516962,22.010904929962273,0.3366697757088813
1.6043986472191154,1.7070525391801223,1.6810387212539488,1.4917191648982209,0.9025714328441772,0.9029026951566418,0.1267967669292043,1.2280018325934634,22.08943146785935,-0.4288296264787462,1.7968624842148848,1.94221056098535,1.8407891746942977,1.9726360482887104,0.8954875463265572,0.8950336576163748,-0.2058782457586238,0.8785801223008798,22.06861580048218,-0.1067948471883884,1.8536137187937245,1.7266261514555874,1.6332381798393911,1.456453908754579,-0.5644001106832964,-0.5625507615994967,-0.2937340967053251,0.4464402193670122,22.01729413052223,-0.10539331992432
1.3328472048947526,1.4376621466239423,1.373774460286413,1.4736470641891,0.4282763116841758,0.4298073315735745,-0.1921786490526931,0.2649821005646706,21.98689526560094,-0.0447682631008676,1.303783470341452,1.5668718914318562,1.275808057980644,1.6219463686245752,0.8938120048696654,0.8929488964502379,0.2908303799583222,1.3264654652036512,22.131813252230405,1.671594600693292,1.5984166453032405,1.4359048596540689,1.569102923607934,1.404500365730003,-0.0562544508310895,-0.0537870749004759,-0.1854373833676552,0.9644195949159936,22.13806747701989,-1.2422023387580057
1.1551378665939105,0.9959957819563628,0.8962696077576605,0.7373221196414508,-1.8967839457407245,-1.900769768969818,-1.2320106989430408,-0.89243978364362,22.04815542852938,0.5772903712865779,0.9030489130985369,0.6699565353572924,0.8631254039612274,0.6188809288097598,-0.5863285140686273,-0.5839934756667878,-0.6861590972824576,-1.666996931052325,21.995884652890368,-1.1847840957345754,0.6625515831810318,0.7214512284456095,0.8540802307300347,0.8838476154953069,0.1654924197440015,0.1672173585840361,0.8620342691086632,-0.5787390007038636,22.072961045877292,-0.8274545623411367
0.8871042822971815,1.1327573569415066,1.1314086522600122,1.1521015866170794,-0.0100238501447158,-0.0079613014335444,-0.2511366365120684,-0.7772363506495834,22.06154311025882,-0.0571913063533506,0.9063146036552135,1.1241986441242686,0.8629324160860641,1.0581739347524524,-0.520416400788359,-0.5185127558021472,0.5915575214267821,0.1654124086450262,22.107129747161864,0.6130111548662877,1.933415913599916,1.760287903584265,-0.1220017975954273,-0.3475217074453384,-1.5756296748719285,-1.5774524483202892,1.453040658714263,1.961933494768527,22.239098315890125,2.4872030248827066
0.5596183520147969,0.8950400171218142,1.4080957383062662,1.5916828762316626,1.5481406802851745,1.5428976084467072,-1.4847884722593936,-0.4293561270768919,22.104801393144303,-0.4659412809755821,1.191248547139974,0.9932758306935364,1.592737644663805,1.5895271501775703,0.0005639587714083,0.0029119373655796,1.0384561830415069,0.986763560748728,22.228142914115296,-0.6939178472645912,0.7888859869439089,0.2906609471287237,1.1146069187237286,0.7960522446918616,-0.6358122363706605,-0.6347874528054142,-1.102794799827117,-0.5368832105471587,22.120096990827953,-0.7431977515536723
-0.7430857376148231,-1.4523068824068035,-1.8473312418874777,-1.7270813611554312,-1.9137613026657232,-1.9209546829072288,0.5006172157357289,0.3256275166550707,22.175045926945323,0.68164362147262,-2.2506009400222067,-2.0725639496009625,-1.967935291261403,-1.7205859571394655,-0.2882465172283893,-0.2851874894794725,-0.4560630269573626,-0.3308735110139326,22.146162100751862,0.0915421959596456,-1.28136258651742,-1.138520049558295,-1.713760883285403,-1.8246579169244503,-0.6178371791634497,-0.6156632313858666,-0.2228953022995,-0.7323709040007923,22.14476082248981,1.4292254407123834
-1.5450608792252545,-1.4849395716519658,-1.0211841861159938,-0.6404756317119549,1.3742058197680596,1.3701980964949378,-1.483881441881901,-2.1062421476712374,21.974290152288543,-0.4548705701809253,-1.1221409243381135,-1.5107151592897012,-1.3569880487243733,-0.928961254178504,-0.3868286831940508,-0.3843911701607763,0.9634721447600813,-0.8774391033373297,22.080365654731924,0.015721653261952,-0.8593507387357024,-1.2206913708855849,-1.149469218010271,-1.3494898353060534,-0.6699276378500815,-0.6692304540857087,-0.1996340133590294,-0.885750485419086,22.05908236084001,0.0947520322835767
-1.0142232621829332,-0.4507205819392451,-1.0064350296055795,-1.082698838618096,0.2449009392411718,0.2480386087029086,1.5627912224008584,1.2349734878888634,22.228313873832455,1.7493588816292316,-1.501792600262844,-1.5114074833685889,-1.0858066243525246,-0.9904053872451728,0.2563318187348478,0.2588577288837614,-1.3878021845478576,-0.8482510688759469,22.04589862589656,-0.3929194968495146,-1.150320403033716,-0.9874747109354638,-0.7557192546594945,-0.2398279326237671,1.235625116033689,1.2338619793340475,0.4141482203982079,-0.0959033616862442,22.08332145358604,-0.2399581543166858
-0.4847501975831197,-1.2762141694976414,-1.5522385190662384,-1.831087860793157,-1.2025576501927648,-1.205206488317952,-0.1524450534497517,-0.19178882034233,22.06671793527143,0.2294903954174038,-1.8519856980666092,-1.8546318292576216,-2.059569599767407,-2.063289039962215,-0.823420975518664,-0.8239502774711172,-0.1199789663465144,-0.1648303715812968,22.04606380066245,0.2139579635256975,-1.7760479591183107,-1.92822965824751,-2.1707921859299546,-2.004163980604692,-0.7395133556726039,-0.7398255939311207,0.46824118566563,0.6651258283633614,22.09538520613857,0.8057002959097834
-2.299716056808209,-2.043480096978414,-1.9612430735510995,-1.5180090717871924,0.353334929352888,0.3562711285291774,-0.0103026469646553,0.7049996371965704,22.09454807819958,0.2626107817722996,-1.2449319383342756,-1.193230572757345,-1.1899988936795909,-0.7783573487633991,1.5742267607887086,1.5705288920627447,-0.6809419274684341,-0.4525170290695496,22.038829210054597,0.1568629668452378,-0.4354231797747174,-0.7843417866379193,-0.5780290113358898,-0.856598019480024,-0.0465075556126022,-0.0438186164302796,-0.5416827730411633,-1.1321355924884255,21.98251061051069,-0.909785718037694
-0.6653890686283163,-0.1436759450647284,-0.1553544348971915,0.3091736465847705,1.6474294105861518,1.6416182857526376,0.8941045795715465,0.1858640763645205,22.068027013470743,0.0351029257593903,0.7877761606355603,0.4494319084060808,-0.4983838916585231,-0.8956685046177831,-1.3960432953455189,-1.401234713213572,-0.1867797366929944,0.3820802344699834,22.03792186641541,2.4574668938564592,-0.6731623401312213,-0.5480751256356596,-0.8230866297355189,-0.0537575002685621,0.927125638854207,0.9271949227255104,-1.7519593626059822,-1.998086824025007,21.916030059456343,0.8525592334964034
0.3224111818526189,0.2804546628966067,1.1037506932146224,1.1743991413280803,0.8638201851765297,0.864374470176913,-1.2358816706667717,-2.1491214472912636,21.807518856665418,-1.6123178636897073,0.7428413378008062,2.0504688965709184,1.6735090865857956,2.283012378295852,1.4379064456154174,1.4314513662015895,1.795372596306508,-0.2137870265385835,21.93366395496209,0.9659867128263756,1.9798119492160824,1.892210012319357,2.2276112454608716,1.8533241019861852,0.1534583837379907,0.1568897181911764,-0.8279886848587545,-1.0040694835826094,21.843022989289988,-1.232781983437239
1.7074706272627214,1.583824059261591,1.7718079945538427,1.3509349511110904,-0.5922500764280453,-0.5885801894480445,2.203083869023918,1.959664775234716,22.096059472265846,-1.1370671515158397,1.583719400754602,1.4324193003997012,1.3443058084654882,1.2170889408380203,-0.1924506287467243,-0.1885045089019071,-1.1865383533483775,-0.0171701481478318,21.90076940172201,-0.3491218551428826,0.9961346921039854,0.7388329841901022,1.0267436221513917,0.716618766376404,-0.7883233538056503,-0.786104104426362,0.5827029894424349,0.8956035420549304,21.983500820564068,-1.151253518566855
0.4944982968730537,0.1019761113946467,0.0145794175236236,0.0105124791011838,-1.029603422201372,-1.0291320514108169,-0.2546394435967455,0.475835702424821,21.952570074456315,0.155446741740507,-0.7209957917117596,-0.7076559366325972,-0.2698181573627192,-0.3135327054300033,-0.4492645919891918,-0.4465157420381673,0.6605754890267751,1.3548385744811924,22.04868429494699,-0.6732914433502784,-0.3573515661788791,-0.3764078635736533,-0.0807513564875854,-0.4532036554497015,-0.0681995076725702,-0.0654839482856388,-0.8743822697484479,0.0175749323034677,21.90477521750081,-0.6558181808451469
0.0931283767292329,-0.1652380733283927,0.1313021002978552,0.1619791007123754,0.7698770063303055,0.7720507447436621,0.1577518404115148,0.2201869114684247,21.93815484245325,-0.643517143366884,-0.2594031712074118,-0.5246633594700957,-0.3611886040988731,-0.962095444959774,-0.974914227910916,-0.977643312176647,-0.0282570566264401,0.0953911716124251,21.957498169113403,-0.1977676919410426,-0.7382918547604937,-0.7154757362693751,-0.589098144831637,-0.6096954290397517,0.4337853642999273,0.4354520221189049,0.1093990054733858,0.2783839131650665,21.984402222048946,-0.3560600093277506
0.1309137766648636,0.5337188891160358,0.3916281717496363,0.9936137899497742,1.6928431575233314,1.6893628567240095,0.0703565476142026,0.3607893341454829,22.01764225837903,0.4120084991011894,0.5685149295201125,0.1499634019222621,-0.6455005226743813,-1.0853659944080107,-1.7137412882747132,-1.7199614371549814,2.7176143787234093,2.8062284531684516,22.659447387851188,1.728170805668547,-1.1530209437741932,-1.1221128688030555,-0.7294725502694767,-0.8161964385102599,0.3312202776727924,0.3336968339049078,-1.680803854879301,-0.919128143127048,21.87422702963346,-0.58562103827798
-0.9699412802458552,-1.614292885553995,-1.801397256379174,-1.0898106373652134,-0.1580251137731886,-0.155236933764667,0.2498310693773577,-0.4512872460191896,22.00832449726206,0.1394666977292189,-0.4955867720102906,-0.8461094206463423,-1.856615469780603,-2.058156463788436,-1.2227693120689591,-1.2242249276694996,-0.377480157395301,-0.6755328981442575,21.919745639015662,2.167353405879872,-2.406891739280818,-2.4878034432418983,-2.426838939032721,-2.371530086954601,-1.6915012793485,-1.697574739854028,0.1593793475764389,-0.2833174391707243,22.02136812460156,0.9556178232549178
-2.0782965320482507,-1.9462390722868752,-1.848595557228286,-1.789667225394365,0.1008643951611535,0.1043453276822523,-0.3972717808206795,-0.5492138442013884,21.932097816634357,0.4024883549717706,-1.848634323032184,-1.6742314691153095,-1.569857088564484,-1.2114333422652193,0.9693024416360534,0.9682850855448298,-0.2620547290909618,-0.6120507494158037,21.88505634727664,-0.1269875614470893,-1.4019917330816238,-1.5597162717302475,-1.5921584442127084,-1.6100215992111768,-1.2417473263203287,-1.24384217740871,0.092344376811542,-0.3318566290064741,21.96809455550532,0.743807843777448
-1.4092117940085795,-1.427151881571348,-1.4984493904548466,-1.2705712166306151,0.5506949792660758,0.5529563122409406,0.1505855891004545,0.004499482042386,22.07803857100135,1.114879987373614,-1.2721761601134791,-0.9275058563351636,-0.9986019504072916,-0.8128083525385398,1.3224871382066872,1.3178306775020354,-0.1858889557965017,-0.0271751688013441,22.070359284977,0.8466162497964475,-0.4056136771460608,-0.5694151770945343,-0.7071914092285337,-0.8032815989700355,0.1294886604929493,0.1325452463740488,0.1813214321078464,1.871388379745953,22.07547587132621,1.1531064130239363
-0.8572588107900132,-0.9002879089311006,-0.7743534976410417,-0.6604323805187149,0.5121044423344985,0.5134383750486665,-0.0777463830064823,1.4576117993502986,22.094106401139666,-0.6501776799363423,-0.9344387614074052,-1.0649094947656688,-1.3360529082086188,-1.6059977541303363,-1.0951642794678818,-1.09543369714548,-0.1028496953295905,1.1336452501089462,22.097950566587453,1.6589326895490923,-1.6357084947265037,-1.4524914177385415,-1.265648740458766,-0.8136604959720136,1.272938350045722,1.2675342250190835,-0.8787160367594316,0.35394893849136,22.05235472456024,-0.0301306747765897
-0.8962648401580249,-1.3039404134123684,-0.964324613655456,-0.8085407802231399,0.0453374028420717,0.0486138190248481,-0.8183866766862923,-0.2299064802463325,21.999039167884305,-0.7291158843171072,-1.373437233617715,0.7963078125333962,-1.0116060376249991,0.8862329667644685,1.3956316567751,1.3881064469223794,1.190710118019731,0.4353328946558937,22.084762767738994,2.5490023485653004,0.4162037463283713,1.4390079446985364,1.4394493450946249,1.8281562641335876,0.7180941350343366,0.7181244806128627,-2.1656832795116427,-2.017650048012434,21.87845692738221,0.0302554981963527
1.7488752338803963,2.0127992600374465,2.1973054967925214,1.7984547478357746,0.4477553682373549,0.4489551131925224,1.1513639748144937,-0.9256778134574984,21.98179500633439,-0.6308150567055713,1.7806127934834586,1.4082932710537568,1.6848695810055796,1.6611232296469205,0.2638501519050471,0.2659052006652337,0.3335007840758042,-0.4819839841251209,22.00466068751818,-1.0869293157789408,1.5640169084640905,1.2684942724449215,1.0573765587603443,0.9070216386405998,-0.9830646006123644,-0.9813213595195864,0.3786398630106929,-0.0504225516335163,22.035143717059388,0.2008110745850288
1.055164368500514,0.9334631538066316,0.700759302074059,0.3741005624497626,-0.7730644567252348,-0.7705317763342105,-0.4170092537496848,-0.3264223895976668,21.99486738303728,0.4039124412792137,0.6136862197240104,0.8700072402736945,1.0463895328050057,1.0728069703163947,1.0373100931989323,1.034130383412996,-0.3930891794039154,-0.5824866345877578,21.94996639826102,-0.7697901174680243,0.5363577460936323,0.8833973376914357,0.7886323066390923,0.9315734215332336,-0.5511154859046205,-0.548848871792262,1.221211927145497,1.2831004095966274,22.05691072158466,0.0019780588698592
0.6051590323268411,0.1040794773653333,0.0064450662480281,-0.6189572098008067,-1.8398875309564424,-1.8472505149708136,-0.3286710103989472,0.8123885727525298,22.027815835336177,0.1794980215546119,-0.2879636735711585,-1.163121245027857,-0.9470326064190736,-1.8796226282415016,-1.0563172959235574,-1.056360482226233,0.6765697564702066,1.4806253495263897,22.10196391950906,0.5400834014581749,-1.8776023210157755,-2.4289594833258863,-2.156528590239581,-2.1987705321411366,-1.2680593957314643,-1.271082896349099,0.0264520041162461,1.3615136837128694,22.110567191128556,0.0198103945919478
-2.331205102136178,-2.007758052654375,-2.0105777415611397,-1.6910658670633123,0.1340010928207584,0.1375816838771235,-1.2055305132017224,0.1396329578167251,22.051957568194663,1.0665190780704206,-1.418679687356346,-1.4733458930635543,-1.1680872400247124,-0.9671181228178686,1.2044474534408949,1.2031604477324869,0.0463525626414835,0.0717617468818082,22.063992586155727,-1.1062066498377725,-1.1829991391929764,-1.4869090091717037,-1.4285553446705774,-1.504669851674198,-1.1660078888733505,-1.170410472640417,0.0722076032487205,0.0639856602758613,22.076357540297025,-0.420808487443487
-1.6047540870199368,-1.6635536504179749,-1.6757193768690102,-1.6476496152705449,-0.7779325570544281,-0.7785550507708999,1.4325142437797893,1.483863136545826,22.176667292826817,0.1409613395950149,-1.5067572383017669,-1.5425960044101574,-1.5215591578885517,-1.4550945728261089,0.0154043426715265,0.0194335894698344,-1.1439222475170978,-0.0758098857875209,22.11442335398108,-0.0180170562270699,-1.342226111069739,-1.065636263960453,-0.9795394937394148,-0.744008559270833,1.8426526398266247,1.8365097231264,-0.6706411286262816,-1.2615479428038572,22.08709472880628,-1.1010164334142003
-0.7687457098288241,-0.7012197883568465,-0.5800799903704354,-0.2375546975981279,1.092536997134812,1.0935990012754857,1.2402235498801493,0.5216938849550693,22.17006010645928,-1.1364262111881296,-0.181010956414185,0.2424541018196814,0.3519611533165325,0.7397617077677002,1.211453658880706,1.2093005772494834,-0.362233426656962,-0.0506987889602787,22.16426142907308,-0.4975573263172824,1.3353291681552937,1.751288902229288,1.7499509801543929,1.9491201898144728,1.5317429373775302,1.5232991724456306,1.409939250097291,1.757924901556507,22.264377798523977,-0.0287274632617093
2.081997872648673,1.9814645160755828,2.0553138536669477,1.849694519881724,0.5712036140532923,0.5731790480848256,-0.5742601068757046,0.9062082822660876,22.242989085656113,-1.302412776883055,1.8038707723248717,1.5177232859954728,1.6467788482683483,1.4932406039562909,-0.1651769806886378,-0.1600827996987402,-2.2018191828326823,-2.2114378434568267,22.0197284842996,-2.215190526814533,1.4329814468228417,1.3515476750723612,1.3828306232116825,1.3188066601989683,-0.0230772645345529,-0.0182453503903508,0.3662997980953004,-1.4094979787097668,22.055956341911937,-1.3427002621699764
1.304396040986436,1.1367301510975505,1.1499841596671116,1.1004846965325976,-0.4093926953092041,-0.4056327532653996,-0.1808049248459237,-1.261550850054334,22.039542694948604,-1.048267825695374,1.1113381996847025,0.949500438900832,0.8194024103354851,0.6147468187487894,-1.6135208006218786,-1.620367622084508,0.5976926570349999,-0.5720545394737908,22.084442370341037,0.6650096283324869,0.686391890770743,1.0224338197723737,0.76070537970392,1.1471685106982823,1.0812867668988848,1.078838221275233,-0.6358472949582257,-0.9389543102536672,22.022116000423324,1.7739494753319498
0.9844086724759388,0.9269337450574502,1.0578967186332418,0.9730079994057128,-0.8156114997171863,-0.8148000135138324,-0.888231607390579,-1.3512493719403482,21.925108374163717,-1.073954017269636,1.4445764719568863,1.8436021308149435,1.6958844780390685,1.8541002586732709,1.3227655928976252,1.3186930858242212,2.434867895924832,1.5163794355622466,22.27090281118767,0.5068625123884931,1.863966024189796,1.7887008860147415,1.9227581876637732,1.7323900772092398,-0.4931899832488621,-0.490686620391022,-0.5409971968662319,0.7179083469014643,22.192790895848837,-1.050088458171294
1.509691246986357,1.3628006728712267,1.5026844610849523,1.4587745525288056,-0.3913711275014608,-0.3891995407991588,-0.5035788149689173,0.2170405350090373,22.10065062568859,-0.9548892918978528,1.380771192169865,1.2033865424081505,1.334749497416937,1.240493776857451,-0.2852362620713183,-0.2829446060274714,-0.2372415722651235,0.0904446326613035,22.052259421416775,-1.009229201663182,1.1469664021987471,1.4191900917166085,1.1996228086858842,1.376339075647312,0.41091588651428,0.414826199681192,-0.2877678711123255,-0.3177543745192,22.01656458785297,0.5857889220460551
1.276504177131835,0.984290440257467,1.1468252059402184,1.01949936213696,-0.6865318421312157,-0.6867503477278389,-0.2491504854714944,-0.5983446166081788,21.97918951968912,-1.2042307021271512,1.2169914624203466,1.1593002338517793,1.1595190114503124,1.0564466630915088,0.0164011946020471,0.0200981271465385,-0.7835111580837826,-1.428867230445311,21.836047267857357,-0.7228912326324836,1.0455880258262829,0.8877970426471381,1.099083008606379,1.022694241968645,-0.587477099008126,-0.5877261575146079,-1.9106855585225169,-2.3476079237087486,21.21765715485892,-1.3101389507985108
0.9627855867291673,0.7706287130306133,0.930454594217262,0.7216798090817363,-0.7924149076310515,-0.7958275798888758,2.460787515524093,0.2609567034987355,21.94821411022667,-0.8650712870085788,0.7052804734908839,1.092021996208676,0.7862596261950345,0.8916339710985559,-0.3611491885597926,-0.3607029034475069,-0.0316551794363454,0.4024400510931787,22.00037013710678,0.1331677712089466,1.4348322738701142,1.5210189020656504,0.8955942478852789,0.5716995232623399,-0.7650101973524601,-0.7655277857869616,0.4590255005840089,1.5313202600792142,22.209124950916355,1.327321796545673
0.6309081980616671,0.6518072521157625,0.3549541538368723,1.189213970118702,0.7976171330014854,0.7987527729914264,0.3584344477821996,1.8991740076907984,22.409535152669573,0.5994250638351472,0.6841555808535484,1.6374525590870364,1.0192888156941324,2.009670192610461,1.2190243463308457,1.2187057040483422,-0.6250478159637496,0.7136722158904536,22.204215618335105,1.2700738609061213,0.8061960106377628,0.2365755297157289,0.4514392088965461,0.6920639755631612,-1.660873905959715,-1.6645981082838464,-0.1942745506539336,0.5373882259555093,22.19800825110499,-0.1774865313798869
0.1827242288180885,0.4986165309436156,0.8017413283172597,0.4090026083523214,-0.2980372048318508,-0.2966816491715038,-0.4185735979350056,0.0357221655293123,22.086790423393893,0.0762839160298724,2.260772374575973,1.1499753379617603,-0.0688860831724633,-0.9263266991706672,-1.1602825778746908,-1.1611352317988457,0.0198233866278864,0.2103386318777947,22.169167832573464,1.2659891829132188,0.606472797669062,0.95309136262932,2.0903316499316063,1.3390625752351462,1.7427264431532328,1.7394921247794048,-0.4487357079484485,-0.3406061224870149,22.063223023119793,-0.2758603976184938
1.0190871797361158,1.7215586758510193,2.0635161444601207,1.781511464208822,0.7146455638783765,0.7156748852876389,-0.4252632784927512,-1.209381791402073,22.033491458980265,0.3392036395304162,1.7441485276914894,1.924922277972686,2.1850172460395036,1.8719956430754436,0.545621646023975,0.546657592669643,0.0848262691599557,-1.0458372151960815,22.06435622109632,-0.4364379888481953,2.2033481382995617,2.0236664854194077,1.9896747378095945,1.8798849700414084,0.6050299889567184,0.6056493087625227,-0.1319921444336447,-0.991282678227414,22.06046973907539,0.1817587206634733
2.141657733539814,2.382479347410212,2.1244931071686626,2.2625219854393688,1.8338612591442272,1.8271811531111128,1.96888815941238,0.5630727094297115,22.345353404273343,2.348447026665458,2.379485187442924,2.002332294790522,2.187163488380121,1.7780953106411252,-0.1145373165364271,-0.1120926646893666,1.3874105606301508,2.1100192613018445,22.566041562348808,0.4347488948572023,1.647670468133836,1.3736560010901742,1.7175346535945253,1.375316833989853,-0.4941906403245644,-0.4928695486658001,1.4033547941012166,2.2133421052628672,22.829711950845425,-1.1417100865254577
1.4211021909510293,1.3825066648452162,1.5654877070572886,1.3395992627925335,0.1741768767165318,0.1764724499496192,-2.166338649353304,-0.8609943579143919,22.124532551142384,-0.8846735154784793,1.3495301038537315,1.335859940577696,1.4353404198491748,1.3774154165510188,0.3319298279591319,0.3339230590862141,-0.1781029478608044,-0.7989900301717254,22.11628006932188,-0.7820764584405463,1.3065992012337364,1.2018653405009514,0.6465506048958575,0.2798757641590782,-2.468985600234392,-2.475975331132014,0.0531746637464614,-0.5856884375102452,22.15866459881063,2.07603337763742
0.6130753754286451,0.6355645029583835,0.652575706808171,0.8985073440599508,0.9127737775346234,0.9087664753385418,-0.8320738827499835,-0.9738831539951802,21.956170062576863,-0.0117922363936821,0.8975896933761208,0.8845070447402333,0.9707628066909124,0.902459433053187,-0.2113090174163414,-0.2071995991525568,-0.503338739273455,-1.061653210037408,21.83734785034643,-0.2385045276063411,0.8645234965470036,1.0176429324764642,1.2234786099708443,1.2207676738425537,0.1280878855681231,0.1308320622870725,-0.6542782464788884,-1.1515092515387972,21.64510514734876,-0.7148617138343741
1.117592503669156,1.122777335385408,1.3816581694960572,1.3882936833954924,-0.2035229939455192,-0.1995183631283335,0.3484188289860336,-0.8537269905912158,21.73430295372241,-1.0319758087723483,1.612058973137967,1.2707280188498042,1.5901111207865828,1.183722786582369,-0.1934904872120309,-0.1897681500212914,0.058899751921936,-0.6492873096266014,21.716095298944097,-1.0331112517659442,1.1878938773873975,0.8691408043581489,0.5041098427032832,0.5749792097220917,-0.5890649713024467,-0.5849564643158941,0.8960770544599945,-0.0615196833403253,21.863039262939353,0.2295671484587399
-0.493252966754817,-1.0907675871301736,-0.6364890647432703,-0.5173648851750654,-0.8873983398545812,-0.8843385124809764,1.2061325721450549,2.049221232774726,22.04316662431541,-0.0620128779224881,-1.4131017379408832,-2.008951790874505,-1.2782117330869784,-1.5824828585157469,-0.9994999741207468,-0.9983044332864288,0.3843719129364494,1.787473738793371,22.09717380266837,-0.1965534566866839,-1.8860439630350323,-1.5959878264016538,-1.3328925391284083,-1.5718854834831733,-0.2546261780107522,-0.2515513952161235,-0.4489980747746573,1.2368329479269773,22.03577371296085,0.2500119335561139
-1.575936223951221,-1.397464257139716,-1.363355950020816,-1.3219420169222291,0.3496884450474701,0.3520249805303447,0.2687161066692797,1.2161606251577382,22.069875577584657,0.8985685106217274,-1.0664671046995635,0.0875046830695918,-0.8162418845648106,0.4808359173191103,2.2359476015534163,2.2291513346319647,-0.3544169337438869,0.8656262480783455,22.04297157717623,2.184122437449157,0.0389034749998402,0.1493887329559488,0.0590997745630064,0.2808893441982562,-0.2493013049375688,-0.2474758486692195,-0.6933096995207454,0.4300369121261206,21.984552376665945,0.1313895972755286
0.5432638026833764,1.0272046828645958,0.7978601569093917,0.976919226092684,0.8707545515808225,0.8736520977147025,-0.5148307131897435,0.1101681364274207,21.97565159173421,0.0261027145936048,1.3114667251529797,1.1919581926812597,0.4435569922180319,0.8973483817955915,-0.1054145228709666,-0.102963242159162,0.4506512380536329,0.1497130495108914,22.047655538867087,1.3864689687004028,1.2527619099235057,1.2449165142740108,1.47686076526505,0.9916886847968308,0.115348981814443,0.1184811975587964,-1.0998900139230838,-0.9419040300940388,21.97211831256414,-0.6076711388158667
0.8134447945037188,0.6206274803626057,0.7887136420805233,0.5236451084373624,-0.5802048376546097,-0.5802445851316478,1.7830987906208344,0.5962386956920108,22.172664097109905,-0.432318458371915,-0.059204501981264,-0.5975884942322469,-0.258441763978494,-0.1936571088393742,-0.8797079486243041,-0.882079551864632,-0.9314901585099992,-0.5996081592866332,22.091548965518992,-0.8675378296090566,0.4088643133657609,0.60411932761359,0.4698802708055429,0.7675482380640336,1.157827587281492,1.1592434577652344,0.1947013419021606,-0.1541658702727311,22.114298952662292,0.3043119079206238
1.1403350796510905,1.8687609096150524,1.574760982136014,1.9417413898759988,1.3502021662261945,1.3488180514174808,0.5419770179710908,0.6841843328659785,22.178899676378165,0.996305508422338,2.023960972757544,1.9997776818383404,2.251521178993235,1.884149208538211,-0.15427424947374,-0.1515163459631438,-0.1351384522810808,0.712134919392931,22.181324891403293,-1.2831800798496662,1.70355632729529,1.4869287915246536,1.711073682933324,1.6608927905146298,0.144875818933044,0.1474857289339803,-1.0259442678170918,-0.9189668977649292,22.08751906744499,-1.26091636955145
1.782056330875261,1.726432477468964,1.6207044584952452,1.3744346783895178,-0.281468080814624,-0.2795138954368411,0.8454516851297605,0.5381711087335127,22.18884030757422,-0.055121317360748,1.3638999456009937,1.2740617202676747,1.3202806972790118,1.4706224159804464,0.5456309728927915,0.5478156304105131,-0.8872623006021072,-1.0312459966112204,22.114654699279832,-0.6879729456629714,1.1348933164585346,1.1499867911717452,1.222737121153514,1.1344313423807273,-0.5459400367117319,-0.5448727701254596,-1.4031329178559602,-2.1786628264891292,21.933240593766183,-0.8405861659993685
0.9842136850988268,1.2249050436016768,1.0686834758521997,1.396605712182751,0.8126786538581752,0.8135025963904492,0.3943757888551173,-1.4618343141917562,21.98319166253514,0.6058872938314858,1.230610858851362,1.0305720042584852,1.2251911265978237,1.1142067550021744,-0.7379032716753431,-0.7371548623738233,1.053129135262555,-0.4359371225439173,22.067729883122244,-1.4224185494811843,0.6761174452702875,0.5144806381818081,-0.0565580592569464,-0.529009213008858,-2.375353230721762,-2.3831395798847494,1.7974649062339076,1.3535832790422546,22.27000247302135,1.650139463135789
-0.3931447814933559,0.3867073264192852,-0.1683198323607372,0.7715480674799952,1.211302033425126,1.2042935345453698,-0.7004195616565456,0.5080560161901203,22.201704006795413,1.0312647086178022,1.2042510085221598,2.0978645417101194,1.3849373966651777,1.7775464975074329,1.0349195941666074,1.0299122870801611,-0.7818857169643652,-0.264935951564133,22.10312704992056,1.6236110264086507,2.009127686808128,1.2519902836675012,1.3941256925328898,1.1072304296212567,-0.6263763393603848,-0.6221970418212437,0.108355527975446,0.0268273870419385,22.11545280276963,-0.0247712950327129
1.4351982919983932,1.1079910298898843,1.5524885160247983,1.1533069990524858,0.0556390884481201,0.0591056146020133,0.7189859751779107,0.8345559955558489,22.214118392175255,-0.9623097876012776,1.6116137733742246,1.8352214811949128,1.845369796827017,1.685608957710775,0.6737145161545062,0.6728931752715525,0.7135909544794913,1.4949610691182889,22.311600637024092,-0.4693525907402163,1.6385212933110544,1.4537424008184616,1.6812461189262158,1.3653687376789367,-0.1871570165785489,-0.182923262252393,-1.046296126663023,0.1856447161323459,22.19156866490711,-1.2496837804907728
1.433788800279308,1.684649151012881,1.4930850571912164,1.515392223534186,0.3560125097470757,0.3577219650579437,-1.067573818118439,-1.0516414868334325,22.08756762484303,-0.4389113596688783,1.4810188519035448,1.5800394427522109,1.3975218969859589,1.1475870825292032,-0.3482827702924277,-0.3439507738830694,-0.360288641520186,-1.426613618595257,22.059776290559977,-0.289818437515216,0.2534010570965916,-0.0878950774886104,-0.2567473320145028,-0.1278450159713825,-1.4872918245366065,-1.4896568145530835,0.9705748488329202,-0.3662675381430989,22.18239003255354,0.6076604414921857
0.2898919706486553,0.4340512224333,0.2028261168489835,0.6460914652980555,0.8072599593539624,0.8057293716864788,-0.9383718158978148,-1.0896956937427018,22.070195474804063,0.4489822433769856,0.8189854373239578,1.0932466066186324,0.977017093217592,1.2536452987230486,0.4522850788244828,0.4532498692830862,0.7853905654456691,-0.158915881992209,22.143471166605977,-0.2291008820793297,1.522623607054575,1.0385814578105168,0.8123234435051954,0.4016236412032788,-0.8213063651783045,-0.8184860449061466,-0.7675308025469643,-0.8509296725255613,22.066984062032763,0.4734265127376374
-0.093784633606234,-0.4670852801746036,-0.5934085309483167,-0.7431420265377684,-0.9211118291896312,-0.9189289387982882,0.4892472143213859,-0.2836051068835031,22.118242398696975,0.4686188342521113,-1.2670282010932292,-1.045677800593554,-0.9524055028801296,-0.7039082836822018,0.0946346067639071,0.097669748409943,-0.5275143660892924,-0.6194537690104299,22.055206963939916,0.2220375473110576,1.4816738760850827,2.045038979803794,1.5634466665565578,2.1500472132206236,2.018694857103984,2.007470227867311,0.9477874295018928,0.9861427653688688,22.12240485142317,1.4501478453023786
2.191081877284826,1.7583699478402268,1.869463492151256,1.614281511082936,-0.1568456014817728,-0.1529706707410905,-0.9218775739504944,-0.4567809862457476,22.02421742844949,-1.10934572806577,1.5138235333999417,1.195811459938764,1.30582080997649,1.015564402238338,-0.4880704672849155,-0.4864414825028746,0.073963986669195,-0.2791585012534481,22.02724595434462,-1.1571819664015608,0.9776104956562172,0.76795552500001,0.9632449616527602,1.0090602022780366,0.0574015585161202,0.0618392200112849,0.7072738751848424,0.9899920467099858,22.090874197365537,-1.4603230626872608
0.6757353508851178,0.5556854168814658,0.8208240346641552,0.6921497401644388,-0.4931972017060774,-0.4928874513376427,-0.3397293282462426,0.5199679220388824,22.055465615574487,-1.4923955614936006,0.8586035415402219,0.9370772152394572,0.7250473091406777,1.0420775606152066,0.4223333472924823,0.4274602405470573,2.5080320153358135,2.725295379871871,22.37571342936294,0.7590940429473821,0.9286844704516444,1.3283217319032836,1.1199613798163617,1.4666325108726297,0.7353440887264916,0.7405136418856346,-0.7974069412253153,1.2225010938492242,22.281012481285615,0.8642697763143644
1.2711003237983685,1.2046107914103228,1.367865601359206,1.0999066836855476,-0.4798410542949333,-0.4797788204161295,-0.1969730487214993,0.8455523793242339,22.283185720591884,-1.0382601786049497,0.727051621977413,0.4189560098165206,-0.0485280522376044,-0.0746511232216395,-1.4778025264240453,-1.4890432428298237,-0.6304932848890576,0.0486007660947615,22.209045740037737,1.536650915287723,0.6664878514612996,0.7543747245360801,0.7259794714595907,0.4482033571929357,0.3193792500007796,0.3237611639992928,0.0428302877603831,0.0526467545705756,22.24038010565431,-0.0401260525096945
1.4970581715894082,1.6796266957840396,1.6569480773247656,1.8245309268979804,1.471623571680129,1.4663862118537572,-0.7249456656157919,-0.7581164222925153,22.14347358324697,0.2242442580821839,1.9558270496043888,1.7562217097160475,1.0554689200895446,0.6103924208390262,-1.1026630521229788,-1.1032180900867663,-0.0272226983322596,-0.775129887962674,22.160460040299203,1.9648871711074416,0.1215655021324969,-0.0803910037783783,0.0919087042199272,0.2937464915398783,-0.3264063739840505,-0.3236189253121609,-0.6265356402894046,-1.3261406955147346,22.083326586502924,-0.3354800038362664
0.7204904403511949,1.220883707647987,0.7305832220119113,1.6911786598172789,1.2918890480050915,1.288023367401842,0.2592884400932349,-0.908898509631686,22.1294878177957,1.2629114221850035,1.735489532440178,1.0594638988723328,1.6104514463599509,1.1781980672362244,-0.5300500601904586,-0.5273708134354435,0.2162866810443514,-0.6162780225750152,22.177893852550795,-1.0465905058109803,1.4590916230929256,0.8210458565226318,0.51105305151262,0.5546577274812217,-0.5460985518557295,-0.5440432408752082,1.5188428717915092,0.5421792047211923,22.268265490096553,0.4991046910302698
-0.5110544329541126,-0.6489593687624905,-0.2430071213620306,-0.5037265814032511,-0.8555622466825852,-0.856343245237625,2.7276273025318294,2.6725087755225414,22.77143211673908,-0.6572576841642549,0.6068015980787954,0.6672695352345088,1.1754886823118127,0.5076424943086043,0.7974722510816462,0.7989723219329871,-1.7973932299971451,-0.7437850766840507,22.11857444761521,-0.9029636169999014,-0.1070431817139052,0.6900758639760199,0.5660478021295559,1.3124842860599355,0.5598332695141987,0.561827063901754,-0.0939220141798073,-0.6253156652315185,22.117468842382372,0.3221780123949629
1.3515067166235173,1.8985341694898836,1.8465821872169288,2.085180361492502,0.9538050307881216,0.9536882536731492,-0.0514552642358374,-0.4748004952424144,22.12564267914236,0.5561688151398828,2.306951415182614,2.005017488815332,2.372826811655482,1.809063899557586,0.2534156415816276,0.2561090916783628,0.0001556839059848,-0.3299469279178957,22.160189147062813,-1.358784820606444,1.544518628688336,1.3104472948436754,1.573270976572741,1.3006386437938375,-0.6174176490771499,-0.6161754656902405,-0.7504693075049276,-0.9140696591866264,21.93957226872749,-1.3570039658996695
0.8768996159620137,0.7676294696976648,1.0709134809368523,0.779251651256693,-0.8485516896176316,-0.848450171347852,-0.1161615704508223,-0.8308988268660633,21.926646466271336,-1.2748138615136075,0.8872515261312397,0.7643184438046723,0.6592008907017047,0.3623671632835277,-0.6617746616524761,-0.6612074052733884,0.4611575564454473,-0.3167182833454939,22.076982769611032,-0.0894720498917987,0.6959988656017084,0.915125219154772,0.7315090905426149,1.1466216342186542,1.2593696431672785,1.2576230240592046,-0.1098698563811406,-0.2709878152607002,22.071468847203285,0.0918353671870045
0.962404325480588,1.051532539994645,1.129257505302359,1.042972355599325,-0.1671573578488948,-0.164776679073107,0.0645153107321821,-0.0314666694525088,22.10912760476131,-0.8234948512984126,1.013776405398756,0.956054158963669,0.662211727112587,0.7154472280579187,-0.9484790576536296,-0.9487850637849132,-0.5927879872523112,0.0506122677847274,21.925015171494476,0.2945375803110729,-0.4306853572631768,-1.042955033594466,-0.6377891369972676,-0.8143261765402476,-1.5495001194625164,-1.5542797203166616,1.4069265623197171,1.7648274099001129,22.08079800370593,-0.3893917325646771
-1.2115725302570106,-0.6638829316219166,-0.7566497129182125,-0.9295668279503088,0.086359829979925,0.0887381400722496,-0.3804692189398224,1.052492505444048,22.03247664969647,0.4869057406047665,0.5729229076294373,0.6591750612105918,-2.1445665744152573,-2.3214368440451345,-1.901855828616517,-1.9086291500984571,0.7560001195644723,1.6347385969994812,22.128303441128796,2.7242429515325304,-2.1310973455541795,-0.9712319593408856,-1.393739956107935,-0.410171258571542,1.719564765700117,1.7136732740581726,-1.1584490212200915,0.0757323303479677,21.943145454730907,0.909361464807484
-0.2748707451378764,-0.9219507079148408,-0.0456954405842492,-0.3745138376496991,0.0311235669294815,0.03422002462655,-0.2999806901878913,-0.3640056517752819,21.910554227596936,-0.5796387287360262,-0.0718556878258299,-0.6268236343519173,-1.010765611048531,-0.1043896670053516,0.2321675488819012,0.2350159065374412,0.2427434219841921,-0.2560426952148102,21.947241248865257,0.7063753200080025,-1.3688241586944043,-1.944994621880973,-1.3314866718998923,-1.3747055261767098,-1.1681030011433784,-1.169924893765416,1.0946118252669632,1.218196308947451,22.07028128347935,-0.1750285639295387
-0.996638626469612,-0.5921719048415688,-1.0763697112030246,-0.1501234532109813,1.154370776489437,1.1527697529649323,-0.7151876714685149,-0.0223131934038422,21.978705220930134,0.8447448014814728,-0.8545159059249091,-1.5400181652777931,-1.6111463640244947,-1.880314067165108,-1.4418416161898542,-1.447306099015879,0.9824544076880962,1.3981899344179092,22.10032266336609,0.5135454516450358,-1.3229604392936487,-1.4759874331399647,-2.190236480492464,-2.2366384076498065,-0.9602496557223562,-0.9615052090407744,-0.2377206498691383,0.9365070982437016,22.09703457925637,1.6911190081284544
-2.269714610322799,-2.357053380826794,-1.7640402730235392,-1.7390510926064051,0.1040519172004803,0.1080195535819371,0.0706114084403236,0.9673859751195404,22.111108998305767,-0.7165073812088618,-1.6036702695556362,-1.714150263330989,-1.7479312452754123,-1.641556976963165,-0.2436916834255846,-0.240371246768081,-1.023178339623087,-0.4198576219318774,22.00312410445962,0.178575678697073,-1.7187107115457734,-1.5973537429788298,-1.412484077669648,-1.3996796413103891,0.053660867462699,0.0573645805929825,0.1477258110562027,-0.0620385496954804,22.00967356251998,-0.2155670816811987
-1.5774844089018218,-1.6188699223978664,-1.576913405004,-1.49479223644372,-0.612903502439277,-0.6115135250196552,0.6915698512316394,0.5798788488997079,22.07877877398468,0.2230083927859537,-1.4297250677971651,-1.1053045963546162,-1.1653128722901651,-0.8296523713698546,1.578368134891088,1.573913277043558,-0.4226633353878387,-0.0607124710250859,22.063581702711403,0.2155103920520178,-0.760581888101337,-0.4701930078644804,-0.2395060588994038,0.0376117603617151,1.5836746935639152,1.578912035883496,-0.3874279882315772,-0.8108238808658195,22.045394940857083,-0.7333310015796974
0.1224698333794389,-0.1543418602468023,0.217103953528931,0.1944850363810364,0.2139292743681639,0.2178701704564683,-0.328266185146352,-1.0197505664132105,22.01983787733244,-1.0356018995049514,-0.6851956708454479,-0.5146504298555707,-0.6476959382487897,0.1062228835124346,-0.1996162891711632,-0.1963638647477092,1.0444573146804106,0.2366007602446817,22.09901731694239,0.1608909602403312,0.6726088722030071,0.8845109367925779,1.480599191847482,1.509887170978934,1.2958098199992925,1.2942044611502317,-1.384848315981494,-1.3452531237191927,22.005349021942457,-0.9117534987072426
1.610959014321247,1.5662541058170023,1.5787126444751678,1.5329146822187605,0.2912580453587843,0.2944704302064491,-0.5273156522190628,-1.565233186038102,21.960900664553392,-1.3531862793780125,1.1594513416740075,1.0068114809049853,0.3654821415123735,-0.2135681124523224,-1.7322322540569228,-1.7406725030659218,2.0729647043599573,1.8636118735326217,22.129968034588387,1.2307740137179468,-0.4522139800716337,0.5139421179779979,-0.1539339695515759,-0.5842841650333958,-0.3860986899924708,-0.3824551885795363,1.036066778361932,2.176101087650455,22.237110929857344,1.4930405051474196
-0.0322586427169775,-0.1986081661353812,-0.2325440582737125,0.3149147553147582,0.8733095965838239,0.8722162494991633,-0.6797250864184193,1.0758896438466017,22.20069348519615,0.1986486770922729,1.316713430558387,1.5163864876948896,1.5415029498218271,1.5521563163674668,1.021665390227796,1.01732671061303,-1.1831191619965054,-0.3232868841673041,22.090629640661614,-1.0750387530457095,1.4729676736065154,2.067207110132215,1.8860815533731816,2.006927658280513,0.7501681075318669,0.7489906727928877,-0.6541647766709541,-0.9039589079296696,22.02706135182324,-0.8626510802421011
1.7995528281353876,1.8158411389181437,1.825927683376923,1.59007022125295,-0.1116704237683991,-0.1074577169639106,0.7421192644239791,-0.0967992680104868,22.106528106168103,-1.4479317990524267,1.174007810151917,1.286012809654531,1.2741100614791208,1.2594606549828833,-0.2630708864859773,-0.2586623847879122,-0.4656511876271132,-0.596387607747898,22.069284929324684,-1.0607955594585534,1.276124265152856,1.442688488188189,1.2317710306337404,1.320047227110078,0.2160144374184704,0.2186764608447324,-0.2917378573015977,-0.7467349187494918,22.038968728341075,-0.5337964905234285
1.4767135470787005,1.4750957553104322,1.3146953868893454,1.1641304522861144,-0.0940147048262447,-0.0900625674531995,-0.3662831462973156,-1.0010113918967898,22.00915958423406,-0.6901164423007035,1.2677537594876505,1.1500329428346543,1.087203983110378,0.9526035715011614,-0.284134952138083,-0.2798982417702592,1.4490070339751415,0.4210326831890782,22.171527447801413,-0.7971061770697577,0.8985654488012214,1.1113747358587331,0.9663353031253504,1.0686876535883478,0.1371247132542414,0.1394986459243165,1.05853854455375,1.4168459557209814,22.284265323553896,-0.379313790791309
1.3209705454544738,1.6527046706762776,1.3414000433397808,1.697086602896428,1.2269806484423107,1.2259685489147405,-0.902457924171178,0.6379723412939332,22.19592365709825,0.937678239305863,1.845604272215018,1.6796872361539192,1.7599463918055642,1.429214204888511,-1.238683858213265,-1.2416841749420136,-1.1426381207676215,-0.6820427778710519,22.062853736741967,-0.4804165131265941,1.422739945652053,1.14245147030091,1.333212723528468,1.3364975091199929,-0.4830788680021919,-0.4823771805009594,-0.5914440939653529,-1.1314599277426165,21.998103360039565,-1.1347255409470505
1.2336298503702572,1.2459671667461518,1.3928869665047412,1.1702317416441914,-0.3885380382422685,-0.3880481323315756,-0.4232659608746056,-1.319495793956722,21.95293562765192,-0.8328977931351346,0.9075583403267686,1.0108554313958198,1.0646769350504222,1.1812804645366817,-0.0135792788552038,-0.011862535276404,0.7903476235380006,-0.4744443491750246,22.02134081928167,-0.4781969455984458,1.128220146482419,0.8405458160329852,0.6864561411734877,0.7413951116948598,-1.1939204798402157,-1.1974725933029888,0.4822647866783147,0.0240726426262081,22.070593252971182,0.7554194074417381
1.3619236043999718,1.0868409479825225,-0.1501534481436733,-0.3317650039916446,-1.6752625747872636,-1.6822324051460278,-0.0201032114926265,0.0071693718458094,22.076396305546297,2.594419420564152,-0.1609582204992548,0.1746723471901805,0.2787948111648782,0.4989009541989787,1.0107309184720128,1.0111373540076711,-1.7610804941718192,-1.7287864908655286,21.82371310800408,-0.1647379890550839,0.5979116808380935,0.0973890727594243,0.1809820853309406,0.4023917896434364,-0.2564234097150236,-0.2543624137029222,1.8853595110102368,0.1922422916159487,22.045432259561476,-0.1197514536800405
-1.0223747349110788,-2.1798891450600193,-1.148598362923297,-1.809079098467428,-1.3160407581171407,-1.320082542199533,-0.245927702727745,0.2458568188374998,21.990987788717717,-0.8402872288738517,-1.7992179831068935,-2.1466562096033432,-2.269373328397524,-2.133990543410994,-0.9899726215042964,-0.9905131271513504,0.6275526779453999,1.4453579038295077,22.063188981146045,0.1913559311522685,-1.763951453740007,-1.0590800387548398,-2.1361895426962096,-0.4620449162965076,1.523848765759543,1.5203180992978569,2.091563314007629,2.5595873303723944,22.416522702854497,1.925196168291658
0.1093595524777325,-0.1823050648990527,-0.7573830776232717,-0.1691461816241989,0.2686452514841491,0.2709863259553355,-1.4165270068043485,0.2861480492373319,22.121221935162676,0.8776287600140003,-0.4481504345612138,-0.2150573109611414,0.0238510057412354,0.2036623842018645,0.3272032259795668,0.3294427797980674,-0.5384913673567603,-0.333560926755432,22.03373151583976,-0.2497083978306682,0.7226052751766516,1.6421797410285772,1.2526402138523711,2.0364323771388535,1.6716305110642131,1.6667830890774664,-0.2309065433044731,-0.498485116911288,22.00182464228778,0.2460793476567449
1.7139584941266095,1.5375556715091467,1.8256765500906051,1.5768204763758216,-0.1635059113777692,-0.1607110013439587,-0.0291006336973546,-0.4044789108143227,22.00697083948127,-0.9282287904649866,1.2935548494758666,1.593701515517315,1.3561424138970957,1.139555269492228,-0.4360523435859089,-0.434179455146379,0.0499075521672988,-0.2362749051191679,22.029639983161054,-0.0922609677064584,1.0006610990413398,1.1124397069421372,1.1424914493734672,1.2176799786748775,0.2645090920479196,0.2671563006353702,-0.2804342190147036,-0.585865061621618,22.01036949905195,-0.5426417284901106
1.1219053625555826,1.1161750446178589,0.9138646016887512,1.2501890892357357,0.2435462973150611,0.2461186106581943,-0.1281106647109375,-0.5969328700658464,21.995279459980843,0.0775598056895116,1.7560494134710425,1.869941946868842,1.742939581018516,1.6330088229337776,1.0685363032403663,1.0683730468498187,0.5078507441384984,-0.0372352377206959,22.10022677713757,-0.5960545680580763,1.7623834102826923,1.4538016108730412,1.31435505220017,1.563989786038848,-0.3268262650199616,-0.3256627106383355,-0.6484498018233793,-0.6116807961075339,21.984671351106375,-0.5260207225275484
1.254161345274238,1.0824442248704376,1.1794307790522232,1.258900091328534,-0.7947726215413687,-0.7961731666199751,0.1470986341341528,-0.4748205387741189,21.958344789736604,-1.1115136602156572,1.1290590795349449,1.670482059656274,1.2606040311780768,1.6423745548037556,0.9507727608832672,0.9522618784550444,0.2848151221049956,0.2318187211999833,21.961013785248912,1.9731157423044217,1.6178706467230717,1.4569505007178722,1.7724632725895653,1.5923466470571812,-0.2621582007296737,-0.2607687663185659,0.5611751504846227,1.121452068158082,21.988614980760595,-1.4769759679303278
1.618774976150526,1.3848823299837545,1.2343238978656144,1.079488492968966,-1.319252657098113,-1.3221067624063136,1.26298483183882,2.1304970431311503,22.07057505742364,0.6951023288875147,0.8470560691069018,0.730787393796459,0.957335002822223,0.7516135133513068,-0.9786097846334052,-0.979691414118877,2.7572175489109614,2.795115552939667,22.636328066400672,-0.9704891598865042,0.5709064243335469,0.7962590325884779,0.7147517321791294,0.2623259440030971,-1.2531616636816802,-1.2554962213897558,-1.6402371979544943,-0.4082988321857546,22.030719892488374,0.2282597810704542
0.4491139922340721,0.2710709312473811,0.5521067276128375,0.6481202658441476,0.480835166938981,0.4824593652083244,-0.2132201039577156,-0.5034905012989683,22.0019638517453,-0.8604838653253212,0.2871325025553969,0.4130457547172938,0.6383890018757615,0.8798834632271649,-0.0819577757980541,-0.0802439827185353,-0.147060595486331,-0.5224121704288788,21.99412689989452,-0.4094490234569877,0.6289168023890609,0.5797786106572688,1.0428567705702685,0.949762946040516,-0.0716075929706914,-0.0702165062689963,-0.0626026374432176,-0.4175490001667816,22.001287111934463,-0.8280232791658667
1.0485351976392614,1.616035796273421,0.2134646004365016,-0.3780403423515414,-1.2734071472415325,-1.2760151150442705,2.0481724563114474,1.8283333371593815,22.69723852390551,1.7655925203560152,0.1221753628081743,-0.7309561850356384,-0.3293502140415348,0.3463768401274256,0.5137703433182207,0.5152252364021288,-1.283090113676269,-0.8299093881948046,21.972812209453476,-0.3326137767522742,-0.7504399056760312,1.0808556796914552,0.4152907093147114,2.0725818314556452,1.6512965512480262,1.648396536895919,-0.2736076353635227,-0.8524872739195339,21.926223126111328,0.8236084502380484
1.8504289887363203,1.932521973256016,2.668646960052779,2.229907236470929,1.1583165963186055,1.157568267532581,-0.7976746884707235,-1.3035315740565332,21.5023475653819,-0.4753680959106325,2.2983723771009488,2.094297440692309,2.2276513768007695,2.0810252805256653,1.0275918410780929,1.026676966056821,0.7936358948356046,-0.5159078880950997,21.902868077126307,0.0320211164230066,2.1513100235676705,1.7692031334392764,2.0459428864898297,1.6345790304260592,-0.274510847772926,-0.2728337232287305,-0.0651202967842855,-0.1867095395305274,21.88192846522916,-1.0868736869325824
1.7447953887166732,1.4899106458215765,1.6879544678323088,1.3791022877410273,-0.529773117124522,-0.5283041806943543,-0.0965669874431315,-0.0879439058724584,21.896651590873812,-1.1086921361518547,1.4585815894450904,1.8011493376013608,1.4763096072968165,1.8268894573144816,1.8451515780047216,1.8406161289473817,-0.0705870541311195,0.0268635554016626,21.928068297312574,0.6676426926401289,1.694853196577062,1.5015908876841857,1.057271952009312,0.7880350403746779,-1.9789767342187263,-1.9843733406643824,0.2885206049245415,0.543040303049427,22.114784030315203,1.3028773380522978
0.7861443800349351,1.3791688786145362,1.0568871241627331,1.086313709432864,0.5652429729201347,0.5657272025975473,-0.3614152787319571,0.2164533855214844,22.031674329679255,1.0206170403393602,1.2643232640088349,1.2485540097261152,1.217470271532229,1.1799054918708902,-0.0536081916732323,-0.0512127505825227,0.0249284397192294,1.260121283306844,22.009869688886702,0.5399956058689336,1.1408084475489535,1.1323530226161251,1.4180942198287356,1.6232272639994825,0.5713049675393533,0.5709542460454239,0.3793283437186874,1.4527495788592002,22.119946077866135,-0.6868958902907814
0.4276875425510907,0.1099728958555884,0.212766600410805,-0.2371244449451807,-2.0841911076269475,-2.0889675775746577,0.029238214388982,1.2630666402602373,22.16934917694806,-0.1842239749718024,0.219922163548763,-0.3132979125025987,-1.6036885616889156,-1.43110374271733,-1.0242922169538695,-1.022553942495482,-0.7642957673530798,0.5471802829272099,22.11143593801567,1.961440344487444,-1.8349768879640072,-1.7649611947037758,-1.9003922916153784,-1.8465788221134452,-0.7692165369056648,-0.7673849253634654,-0.8986177455355254,-0.1904034839211883,22.047836378869334,0.5283352841232759
-1.5243887195384942,-1.328099017555174,-0.9796912286394578,-0.5621279343911166,1.2521427697456238,1.248134981913693,-1.169740220417855,-1.163781994500171,21.939714493478345,-0.4393763602084877,-0.858244138239465,-0.9206814036768188,-0.4168705850024194,-0.6830518494874186,-0.1388937278873977,-0.1349723392119949,0.2604591910711998,-1.03114109403654,21.97608880392755,-0.9800394026881868,-1.7575487009174036,-1.9038470715624665,-2.081615979899803,-2.0849421729197415,-1.864298281906528,-1.8744273723994096,1.0266452452916732,-0.2367778169773053,22.09585419876358,1.5194970685294582
-2.113085311563029,-1.624111681369759,-1.772747796974816,-1.7559674012484474,-0.1767298298983158,-0.1718018872524513,1.536936486589269,1.0827811298569916,22.247607628244175,1.6243813016044613,-1.5289434001471276,-1.3279562780275849,-1.0392547817406652,-0.86584728566156,1.263110913220738,1.2569286476468604,-1.8272247646697632,-1.0429625635348083,22.014911549676818,-0.0441026438840079,-0.799741180844223,-1.1141345131528226,-0.7124664773708562,-0.6574290862517208,0.3475071754064773,0.3511571165082359,-0.5974296831309386,-1.257059863495565,21.941132670958165,-0.566047127911278
-0.6219671973865606,-0.9521977326348352,-1.1081008762337683,-0.8768292726122627,-0.0829798186598988,-0.0782782071787508,0.9950440167269156,-0.2575469355380426,22.05239178444106,0.9469523242493102,-0.0609039519099956,0.3640010542264161,0.4460192975703883,0.5909029684146703,1.4788593944394173,1.4696104281883742,1.4008528341444713,1.5230582573431912,22.23771371854304,-0.3681796712470807,0.7586542406351884,0.915848869091544,-0.8219344747349784,-0.5580412690943533,-1.001271620912609,-1.0008897935179402,0.0782829222092645,1.4310500445565892,22.271598262179342,2.2589323092997917
-1.8433362977029375,-2.1599429812750497,-1.866416717334148,-1.685630410565875,-1.1945023172437186,-1.197237102468995,0.4324972399789448,1.5198664425874853,22.363514195367756,0.2391173788998228,-2.5119352511710127,-2.3399832898205717,-2.3673576657521256,-2.333654455325421,-1.5834119517050715,-1.5951574378557971,-0.1599762419601029,1.1391121222163574,22.397226645583515,1.3739563076747898,-1.555668574973001,-1.3603093411072378,-1.4020563195693585,-1.4464730862586226,1.0371310363871753,1.0349997861384896,-1.193967601615939,-0.2039792737764843,22.26873893052431,0.8153026915488664
-0.7309849401355655,-0.9684677020875316,-1.1181105984261055,-1.4114737009877307,-0.2484105691609563,-0.2419297200202863,-0.3874496139337886,-0.5247775500409848,22.24020680892495,1.0525998427745678,-0.8680428729893542,-0.8194681447216586,-0.6818131527416755,-0.3518602540308632,1.4642506536927602,1.45173754139473,-0.8911432531109998,-1.0755175486030513,22.11375887153758,-0.0297923903912999,-0.3288300658845791,-0.4318708624613474,-0.0699190129870243,-0.054343058588748,0.4108516648684662,0.4163423947436623,-1.1134194166601856,-1.5555297622474475,21.98070357622568,-1.0042739263284772
0.0387870325619981,-0.2179166113416822,0.2325253101142428,0.0531916298148925,0.1309296437232779,0.137980104412044,-0.4397784715458941,-1.5522680488574698,21.935254429132996,-1.3286597639936508,0.3311125572963972,0.466469502453431,0.7237747077622985,0.8795208973227171,0.9713050386838964,0.9681811781515596,0.7703694899631387,-1.020790965681908,22.017713513706063,-0.8963621709833832,0.9885077625751334,0.9306143063773028,1.2876476502960186,1.258560641791901,0.2996417905292453,0.3056457711064335,-0.5636531999721688,-1.0033548576635212,21.941156339527183,-1.1510018398793824
1.64249690481633,1.9830304237887744,1.7767042739997545,1.7683570500191892,0.858602918614336,0.8555225758132002,1.307184898982745,-0.3539027611868147,22.03787889482232,-1.0316924712700757,1.520602647263154,1.6138400277449425,1.5164076402393611,1.448838998970739,-0.1286341412624655,-0.1210555995276755,-0.6955686534002117,-0.4899787408328824,21.93451907478285,-1.04528100219652,1.443801650162874,1.6233778077606251,1.4064978074525754,1.483106227677388,0.2001724345628817,0.2040885812006758,0.0701617724337916,-0.2392862801484021,21.893283640202757,-0.4159203820620953
1.4839197879059058,1.377412038709226,1.347323862314154,1.1511549773901963,-0.8992532086155811,-0.9000217483076131,-0.3779550818788615,-0.312137638335178,21.820016394000525,-0.8628720810286714,1.202467668956437,1.2078255337682304,1.1805117136648415,1.17800218160649,-0.437011088859445,-0.4351598119276854,0.922021922731578,1.222459352834821,21.86099306426362,-0.6747196068703243,1.2717954272435206,1.0940999164747969,0.7991922883210772,0.601844500695525,-1.7164405912426208,-1.7253305267356558,-0.2281887783516132,1.0629710630521485,21.815702428861513,2.1437934631730293
0.8138906481565044,0.9194876514250848,0.8691477888831566,1.0361720788892854,0.7490836472394452,0.7502004849648831,1.3710209997970526,2.048677472708723,21.91474289389648,0.3603082078441765,1.0348571193754357,0.9179850149707764,0.9413366655376016,0.7687786542631265,-0.9621267366297912,-0.9620392322265744,-1.149011621097302,0.4004089445693855,21.801188905751275,-0.1761066538295907,0.4852110989184547,0.5228048214478218,0.7330621212567625,0.7901899802641468,-0.255060824659299,-0.2520554688108009,-0.3080048616461666,-0.0408772641995746,21.75252447512608,-0.81464910692398
0.7442503159308781,0.3001092428747529,-0.145137529452779,-0.1344363208701322,-1.0596117541302892,-1.061626210565048,1.173174336075199,1.4054556597085324,21.839537936168856,1.0171408493729213,0.1908315749376287,0.7809616043479948,0.4093693263030185,-0.3683943923346325,-0.1451891302920105,-0.1424685859282159,0.2781266612096314,1.4640955183784246,21.843522193998588,0.6814591794923488,0.1585865596911141,1.1228051576985618,0.1310760986967567,1.6253477549912685,1.1874615076791355,1.185956793867177,2.457885976388068,2.620189021408532,22.15497562683559,0.8949557911692873
0.555320722198973,-1.1488002393088206,-2.5174373022540766,-2.12103534173375,-2.081335906805941,-2.0920136198214005,-0.7356666859407702,1.346148893757673,22.07557674674383,2.291400678792476,-2.6418048159235603,-2.6753756913771234,-1.7743947262308564,-1.7194234077785326,-0.0271821562335647,-0.0228245643993747,-0.871128833009354,0.3351880798547427,21.969763505374857,-0.5619912126933656,-1.671921721888295,-1.9232232203636408,-1.7298121113101708,-1.5647004930729225,-0.1019487232604606,-0.0975959428071515,-0.0536637871443151,0.2385717607213541,21.982195467011415,0.027977496071703
-1.4890241894891685,-1.7728182803182313,-2.115302716253701,-2.102525221743264,-1.394043756018441,-1.3966134928877825,0.3719046462571698,0.538946179104077,22.06424897561789,1.8302852687995583,-1.8581859698319112,-1.7855025564348743,-1.281854246785648,-1.0358751245804334,1.4032592427267496,1.3949715637061868,-0.1578644004563399,0.3361760273349388,22.06507002592829,-0.6385659015872558,-0.9415640389324152,-1.249058123862132,-0.9697730770156668,-0.5752248149396918,0.6246361748937677,0.6255440923888149,-0.2147491652349824,0.0390840102806376,22.07086614646248,-0.4529641551442478
-0.6973994645003789,-0.1768788187013006,-1.2071846426759854,0.3305156011224914,1.0529162414994124,1.0486227652011124,-0.3161989820520642,-0.4493386068921618,22.068594964381557,2.0142016632833752,0.3444368928241164,0.5353668611096065,0.7227702906707398,0.9259874332705924,0.6430690616426921,0.6429047802077626,-0.5574900043937783,-1.1428871749582818,22.019381082085136,-0.453173811151517,1.111127845208865,1.177450358060695,1.6178611266995746,1.242320018067979,0.4091547625983588,0.4112458529253949,-0.4716470579643582,-1.4772962191661554,21.976254494543507,-1.1289343190580392
1.2955466662126196,1.2490190080346115,1.5455167464360728,1.4084079591968324,0.132473042536614,0.136749887392826,0.0014657497079225,-1.4295312108159468,21.957885201496435,-1.038766277856385,1.744483099791696,1.5896502961999055,1.3465954318236495,1.1675547453603663,-0.1990043022991312,-0.1945382101203394,0.2562635553628247,-1.1257756585051952,21.959783273038468,-0.3270901420975561,1.2227595627693926,1.4478222225627628,1.1247823225482405,0.801128216619302,-0.557392652908136,-0.5525771435598802,1.5153274175890152,-0.2026763835244181,22.0292689181054,0.0556094589986889
1.5420036954890564,1.5358617078927634,1.460874947083521,1.5046526295693328,1.393388836211786,1.3828170216929507,1.4979976451088353,0.7998564629002616,22.11567397106091,-0.5844993487091906,1.283217741404674,1.072886100046044,1.1146072693275957,1.2413118610130818,-1.131580998670535,-1.1340755475890802,2.815958864249272,2.773169308901689,22.785975681321563,-0.5897831795480668,1.1328730117454124,1.0285549659362845,1.1609858500641272,1.2595858708659715,-0.2707362087614073,-0.26883188738588,-1.6285068897917891,-0.7185180181370767,21.98443622129529,-0.9764179865730284
1.1336807745316646,1.0747354394190478,0.9381421780893052,1.3300247543209252,-0.2860910679030023,-0.2843079556529965,0.1139394932374576,-0.3919010558823341,22.07722035757774,-0.5259781144413403,1.1242079291831633,1.0513724305911538,1.1502837848172711,1.000946519370587,-0.8221273353100296,-0.8245349420202849,-0.3071782272418804,-0.5148718524690602,22.0110952976345,-0.8715462708951913,1.4101084767991323,1.3809032322386106,1.1866953196710726,1.2060664587564789,0.2415393691112331,0.2449839451369288,0.3680272518603186,0.0084692271544505,22.202863820853636,0.2582542636150963
1.09793842790989,1.110797680352445,1.0914362071738812,0.8761611544442345,-0.5637692762137747,-0.5650171836090349,-0.4832751355630134,-0.4072812864384281,22.08386539620824,-0.3818103437919673,0.3567419901920242,1.0707917019530475,0.4398041075111872,1.1453717326063595,0.3365365574439117,0.3403738001734141,0.1388344341517993,-0.1108938324635361,22.21070107377733,1.0058876371123866,0.9843575822037212,0.7289299743706269,-0.3492857736806602,-0.1938971132568397,-1.553785721113338,-1.563566007674595,-0.4384815371898872,-0.4518896571650627,22.115835467562334,1.5727704246169596
-1.2943436919720068,-1.1525981323759875,-1.2906115736340302,-0.8373661575088835,-0.2226140873963292,-0.2203595280528121,-0.2936256998591469,-0.5571328471561005,22.065882567857223,0.1091302157680749,-1.2426889672868553,-1.0541531420888637,-1.0188000399419306,-1.184433579645222,-0.3590719314777243,-0.3568358665210965,-0.2835336398396265,-0.6076666049321304,22.00349109836653,-0.1234087997393269,0.2831104050303347,0.4416706828921269,0.1427265845844348,1.083846235330706,1.6543870580785531,1.6480303252925412,0.0913184021201601,-0.3895751373681518,21.97012570236213,0.3670843832404749
0.193323414234341,-0.3753389244579383,-0.6347126760258197,-1.344827937030894,-1.5778836925956885,-1.5812935356808482,0.3454162420486044,0.0430827696992355,22.014642191626947,0.3598220297408483,-0.5919902418278028,0.5135571406283918,0.7585520602135296,0.9412402041723912,1.413201698323514,1.4089802740887123,-0.5555605930494637,-0.6144520567179103,21.945098205867804,-0.400956780462294,0.7364334042947368,1.8379730274925417,1.7587058411514875,1.8167104243187997,0.8533229294790338,0.8527400447200706,0.6559008684753295,0.2531801647839644,22.01808615116143,0.0722763585532076
1.620649693549624,1.4455920225409378,1.8759400582815269,1.204085909584875,-0.3912407601628502,-0.3884577079836171,-1.094037635764343,-0.9209533874297434,21.889159756297087,-1.4357609071276567,1.3063009071821496,1.7687196488646664,1.696884150051618,1.6380093396747435,0.6665110619460953,0.667168438742504,0.20457974287717,-0.5275281312889112,21.88913794098243,-0.2799341118682813,2.0314022369894458,2.037103431321237,2.011450176177933,1.8783358200497444,0.8242143165501311,0.8236981193727045,-0.4472444486877157,-0.9194604699401674,21.82362659648139,-0.5758869940519206
1.9548138890775224,1.517142764889933,1.2210904285817188,0.8747868177576683,-1.3517161111779472,-1.353101040474856,2.4774724188119976,2.5492568277216057,22.07964723337414,1.975061660672271,0.8568234502778266,0.903309411767824,1.0625817278823708,1.1142294843666247,0.3343352394973366,0.3364239802381879,-0.8501224450172323,0.9710875545945306,21.96662184151235,-0.8721484721532249,1.560843113539356,1.2441486293724735,1.3533631489009448,0.923968740219961,-0.3807132922220793,-0.3772318788640867,0.0095526651019313,0.8668346369096991,21.97030100457924,-0.8199594857491976
1.0344728682396191,0.9266291027526884,1.1956769290049925,1.1151599882253909,0.301670642315753,0.3037115108575642,-0.2772657473784497,0.4264775766109478,21.9395100390377,-1.5198775683515604,0.8258590320914339,0.689137762516725,0.6729156495112305,0.8571798015437407,-0.8388840523557679,-0.8371424856853427,0.0880002753836376,0.5406016880975844,21.949100911047996,-0.0490229844820922,0.1925631362124995,0.4604763987194479,0.4495972866604416,0.6675906919575685,-0.4475998558267638,-0.4454083559845176,-0.1980535061343364,0.2203390464704173,21.929859204894143,-0.0522822891703349
0.0527524016946243,-0.6352806016493082,-1.4774537970733477,-1.2143991157887808,-1.6557577226366156,-1.6595365907623538,0.4756083830726768,0.8247606669187131,21.98531413474952,1.954158783488774,-0.6306455936743927,-1.636137828941052,-0.8833143021381576,-1.0663343168889212,0.2891670473636796,0.29102491939067,-0.1083675053747329,0.588201327668075,21.98824813047665,-0.8112992974342204,-0.7081408466429681,0.2268685434420665,-0.4763647679726669,-1.0769503320862517,-0.0367870368396448,-0.034390319470356,-0.2343891843434169,0.1515573910193292,21.976394453155933,1.076292895042924
-0.3932165822932015,-0.6561874460381457,0.4565650781794568,-0.3180223749704756,0.7073050507851426,0.7069753202056066,0.2792562823300435,0.6417799445175258,22.02923911858843,-1.3769895028289294,-0.8838542298232624,-0.3248438663725267,-0.3613158339008723,0.0160602494631184,0.3316704346175358,0.3323675710728317,1.0142984814327738,2.2110592506630913,22.078869005169903,0.1950281903116097,-0.3408343080095186,-0.1490721999901194,-0.0132834149365727,-0.706761179370663,-0.7496828345346155,-0.7474468795952854,-0.5709833158279155,1.304661278877672,22.071629852290833,-0.1559585152393068
-2.294139691035181,-2.345802666578052,-2.33640720180581,-2.4693417360429426,-2.3802930338789876,-2.3850306898297005,2.29639427167154,2.3394343287766053,22.210685257052496,1.509403119714953,-2.3935859556110044,-1.7601539320141506,-1.451240746062349,-1.5086191421415067,0.9357029576263416,0.9312307332021186,-2.1034974704081915,-0.4155164700237816,22.057332256769214,0.1111661029194249,-1.7244166340385,-1.8529982589907097,-1.564636508507265,-1.438901386586252,-0.0573832026461717,-0.0540255465154982,-0.7697679302099691,-1.1870255533247434,22.00477174125161,-0.1563019751967028
-1.3846123709810807,-0.7095964346162712,-0.8514859110334733,0.0259516325405453,1.6180770545612326,1.606755829304111,0.4046281553886531,-0.7561196745750631,22.049892462303973,0.6693333064622398,1.32490319339727,1.9848754490442209,1.5904403937307618,2.008215622711801,2.048622464650501,2.033426720318271,2.6785652692219974,2.631136634317429,22.568491820898792,1.1796408637542886,1.9422784307845324,1.891718570620053,1.974912756623346,1.848255451227563,0.4055814025673506,0.4100139606735826,-1.1343616828693606,0.3381994943611755,22.317740354293612,-0.8756499406240376
1.7174770853546937,1.6807299206872457,1.703119190596838,1.574769886312932,0.0459623719306422,0.0510168328104906,-0.4204471047397674,-0.2362189501724498,22.26372659227009,-0.770026063635731,1.569652635129039,1.3600386417164485,1.4217692812126368,1.3000011498210606,-0.1857618343927599,-0.1809458961832301,-0.4409808139302687,-0.7297920017730771,22.18952597993497,-1.239004741705919,1.222057434612265,1.0601003996379588,0.989118327950526,0.9656732978600115,-0.4808705402685467,-0.4774940031216158,-0.2068292219617685,-0.7848661152670565,22.16863067187895,-0.0336629097391948
0.8980211765249981,0.8701642498159405,0.8695851249681081,0.8127605345970345,-0.2422161106226207,-0.2375918590906768,-0.1464339384173559,-0.7592959589253716,22.163143618350063,-0.53102259893095,0.7599764440867676,0.5996898756132202,0.5377990318336074,0.3890992131805653,-1.1248825020674786,-1.1324999784534944,-0.096298277358431,-0.6346931643738867,22.154669787938698,0.2812066311975044,-0.0084273681161909,-0.248508907343543,-0.3634658102556888,-0.4810073999543673,-1.4711294763875444,-1.4836412597406508,0.241615037507514,-0.2420279283210083,22.2473549896946,1.024208224984119
-0.6107990593843062,-0.6612551922957955,-0.5170924877722849,-0.6147048420854788,0.0709161602234531,0.0758132373739894,-0.6671466801644731,-0.916243391600391,22.10551703574008,-0.4363807480183439,-1.264878908366128,-1.0597430911417218,-1.2094868850083245,-0.7224905095214758,0.1616377889609919,0.1666709937316931,-0.0589140649907464,-0.79575363180052,22.118752816432803,1.3605879844975357,-0.6488576766580575,-1.0515921325953417,-1.0955767929202127,-0.6821044615092716,0.0347413101472053,0.0373276289451889,-0.2165836585025867,-1.050381314655394,22.051035557510573,0.9787104561407808
-0.1350013589319014,-0.0858449154031668,-0.5053281091140197,0.054131998307754,1.006079819304526,1.002532817345509,1.7437056387052476,0.5752206732766878,22.165496198632937,1.6282312516552482,-0.0011299859588546,0.221343464299367,0.6133758342999459,0.5975230333503934,0.6853779225984779,0.6843919344364264,-0.15444538439701,0.7434488332468543,22.144304561384786,-1.4315581829055015,1.003689579685255,1.3036016257179823,1.0955529147940768,1.097416700581672,0.5613130695227354,0.5611125633313596,2.4077126334243935,2.59401738487374,22.45193462547657,0.174049810044638
1.1794473979294464,1.3134862086217436,1.471333917648284,1.6188569169541067,0.8512971148626559,0.8483453319640705,-1.8386209975894403,-0.6058798867689541,22.067479599596695,-1.242746343362392,1.315512321576188,1.1383060914518657,1.244278874234953,1.067880246657199,-0.6591700693979048,-0.6554896267739373,-0.6392102222715639,-1.1303251464956232,21.936200365099733,-1.0178689000450087,1.0637813081576486,1.3770294911132404,1.324640699050436,1.3906815971108564,0.7114752293151855,0.7092345576915492,-1.201308684354082,-1.782003274720765,21.617073713327603,-0.6406245489931858
1.3517383740698612,1.252039771918144,1.4345372875022266,1.3894222452691778,-0.1785077814157935,-0.1769133769709444,2.3133407249083344,0.9184123616035336,22.20770046054249,-1.4763301414573196,1.1757501080978323,1.0314970956520433,1.1460868640261512,1.219109126183752,-0.7227254333715784,-0.7212059569953722,-0.3478291086475317,0.393631967344016,22.13303255449565,-1.203753803854415,1.467890965931359,1.4610853079488466,1.3065888111082131,1.5621557946191658,1.0128773176423802,1.011381195070544,-0.186152810630096,0.2137161324176147,22.110407339390743,-0.5845342427146263
1.5515134673855788,1.4103728949115126,1.325785930268615,1.182279110818567,-1.3232283243783205,-1.3230622613139775,0.004009397244913,0.3466944302660256,22.161208179782363,-0.7757469668633075,1.1831778143311933,1.318302059682851,1.347057950980182,1.300928248273846,0.0415150592629589,0.0429425357060058,-0.3042542039167312,0.0120398931772362,22.090588875395664,-0.8518786038984594,1.103556574114012,0.928031366380022,0.5297655968414738,0.2486188913820683,-1.7972508010527632,-1.8002002205212249,0.3354406998236561,0.7104159027124188,22.239811843413555,0.6689702696304454
0.2822272026837824,0.0701994134609327,-0.1325472528536591,-0.4841310695456,-0.862629447127094,-0.8619817357937042,-0.3634734054752757,0.493690460928651,22.12159004863463,0.7160434855817461,0.2068985480818402,0.8367570622792605,0.6377723303241165,0.9935029931200288,1.5078985945650256,1.5047112727809002,0.0492354181910324,0.6512996953663438,22.174867954750702,0.3669750754291169,0.5483380128258355,0.1783812357126548,0.1587924311702928,-0.4249225853680523,-1.27731814118081,-1.2790105418461044,-0.6018031805109273,-0.4546086490543308,22.02563768226568,0.0023956284401726
0.0947438232814293,-0.0524766382479699,-0.8629315885805648,-0.5709075738121265,-0.0744901028828441,-0.0724491430140152,-0.3225335402713366,-1.835158190285333,22.000013153613576,1.5896019526264158,-0.3782099845183055,0.1760595345537618,0.3543933833014005,0.4723132524138508,0.7070001087366572,0.7081790485143031,1.8654387659846337,0.7854894788616112,22.202845602350017,-0.4108071380469023,-1.4594506513311816,-1.9282405348660336,-1.104255917868409,-0.7564107565088349,-0.7893552547870091,-0.7892836790575004,0.1638194631873588,0.9625817801853526,22.237183547743147,-0.92750883658216
-1.4521663043901494,-0.7831752922672137,-2.7417748593244453,-2.731939357566978,-2.5584196562443053,-2.565999126324756,0.9939327638052328,1.817751546691308,22.380914698408663,2.81941458571058,-2.766531684902452,-2.7414677772014557,-1.8752919012257885,-1.8870593456225695,0.2522828419763929,0.254424612210761,-0.7082336764850656,0.7198004585847255,22.3118641047717,0.3302704489590122,-2.2784530656366133,-1.3695534533554634,-1.681684801365505,-0.9112182785379694,1.2214554522214789,1.2094280349567106,2.4491870419349384,2.560984109302952,22.83022769692484,1.393392065586768
-0.8709465487618263,-1.1573683745545185,-0.7604610619488099,-0.3030510790658935,0.7519260525796707,0.7475291186622963,-1.869956506082021,-1.2514487604025093,22.002331271626744,0.1171803029843231,-0.2467517429960015,0.0012379084673247,0.1334420833131154,0.490151540267347,0.9102134409977688,0.9025350006883696,-1.3914918911291887,-1.8582076581793248,21.287283352193313,-0.2122085446954563,0.3018748468937317,0.2691425608830419,0.4964694979065092,0.5438297058095037,0.0259040382767229,0.0309335475949378,1.4678682169285937,-0.877384459200425,21.789537424487943,-0.5017301041000948
0.1586502055428895,-0.4419644369320007,-0.2321853316356164,-0.2099861670628894,-0.8143277717393206,-0.8067973035849382,0.051331636057315,-0.622356969179669,21.873714439523617,-0.0592234373621247,-0.8039288862680483,-1.3730242949326843,-0.8247718103221583,-0.8579246705187478,-0.6765370046299081,-0.6698803915958917,0.0210978516299474,-0.4183374865256952,21.956773171665933,-0.1277978999320858,-0.659321244227916,-1.294224005445928,-0.6830466427348185,-0.9938914685982818,-0.0934156188644922,-0.0875114574854638,-0.3321903381717205,-0.4636630300389996,21.863771546272744,-0.4002196678227578
-0.7359579372306976,-0.9816948530761926,-1.098886808778787,-0.9841563680284188,0.0623356960202828,0.0675024102548974,0.2414589501134496,-0.0336487495779379,22.01020384380228,0.3102202888704918,-0.7771242813292715,-0.5684606433939371,-0.1549054764130233,0.0072785820929981,1.2912943316958398,1.287702063472597,-0.0786864484401737,0.1838591865198461,22.022732440853893,-0.5226339803010379,0.720177482716608,0.8508575325291362,0.8588023796337197,0.3844782007363175,0.4140214102143345,0.4167922746531813,0.6269357971640421,1.0350769118950889,22.32065545955161,-0.498342240876185
0.7758240734953823,0.3481292844191754,-0.4006903478479831,-0.6944780314320862,-1.1826117056692074,-1.1853617753519146,-0.2630168979714498,1.6137562202869236,22.231186948510633,1.7734439282715426,-0.8756982994385398,-1.0797484199452303,-0.6210192910279592,-0.4462006047398421,0.2816267800597138,0.2854841517428116,-0.2679645042427717,1.148151831067201,22.214312028738004,-0.7347886679422383,-1.0460272782740374,-1.4716399591140277,-1.429597482567891,-1.5999844447395668,-1.357890476953501,-1.36424813800378,-0.2327541528876865,0.961316027475642,22.281816688468968,0.519918835987238
-2.1274079208906573,-1.9032922853586536,-1.7344719322942763,-1.3178287784784968,0.5575068798395489,0.5608535366253673,-0.8954005078011075,0.3004329215201233,22.20967698962726,-0.41094450994225,-0.7725520379600068,-1.06837710554887,-0.9527453585638708,-0.990239824987299,0.3859932902392817,0.389190130279701,-0.7138504461360514,-0.2664208632924219,22.14451219806957,-0.3389336552820366,0.0243452571767295,0.5047531436885954,0.7993368304672367,1.057733389582952,1.7454269124166766,1.7357071981271102,0.4428953141802686,-0.0599747399020953,22.23719895085919,-0.8347344852717582
0.8913569004129996,0.5071030427188749,1.0629260044748918,0.6892357586687861,-0.311531094910162,-0.3076201224361099,-0.712337084763718,-0.831352863717279,22.17857540287053,-1.5075755194134803,1.1480775177608809,1.1483597560825167,1.424913302763297,1.3953540234803925,0.7585456749061147,0.7593184520712988,-0.0502418368137685,-0.9497043793129194,22.197303182595025,-1.2053592600457446,1.1476250397548753,1.378250039438188,1.4405545306698628,1.705250052372046,0.7016748987501485,0.7028715546765641,0.3491894038756696,-0.6776793660064431,22.271449429558395,-0.7508305590261509
1.6325515467871314,1.680492055549156,1.7768182201187128,1.702809142960059,0.4285834137306906,0.4315983387410901,-0.9806536194874156,-1.028740337655135,22.1872246956541,-1.296214036626253,1.3371906294092273,1.5083462522936353,1.3766038534943246,1.545772628461343,0.2021947454099364,0.2054795189297102,0.3770442851456641,-0.6764690085462622,22.212173192968383,-0.4350337376311948,1.3961584155849025,1.2695264783712037,1.201970611752324,1.1176395204444245,-0.6567621432433957,-0.6534282380168862,-0.6727737537786571,-0.9980778297258516,22.161737476861983,-0.5905504174752562
-0.0732136432690749,0.1052967462739545,0.0243868777709664,0.18997796231506,-2.003411096256689,-2.0143807187106857,2.201575238509658,2.0266637331004884,22.371684049213748,0.5214827036781137,0.3168104913600618,0.5442613299602168,0.1392426318912157,0.5944867050923553,0.5848213828803102,0.5859331348313819,-1.341716296870972,-0.3011787573993898,22.221468232092047,1.8875678105859015,0.560913926101657,0.2260385697006972,0.1575921947467886,0.0558037991621406,-0.8529549908688772,-0.8506733062157185,-0.7698664260587385,-1.2939406189721143,22.137980002624342,0.2270101257598903
0.2944012330822793,0.4803395834892099,0.2318843150234762,0.4272309249778449,0.4089793534561601,0.4104761198593461,1.050841849742736,0.4380271366455019,22.256820047921533,0.7980338257395133,1.0046504920849733,1.0521552877413174,0.1293213522070405,-0.4643663595865625,-0.8380376526212616,-0.8346974577577254,0.2472328789878065,0.7942957028552127,22.300959180296115,1.8857366398050888,-1.4950207913473317,-1.4064716915762538,-1.8439137038857751,-1.6423150305033751,-0.9457807888529542,-0.9442675371557536,-0.21902838260104,0.4116525830592964,22.29130033607744,1.7164348736761654
-0.8858028841093559,-0.8582353111978823,-0.5204755028092872,-0.4878399158752408,0.939023442985857,0.9375315196746046,-0.7065233822714664,-0.6168891304394254,22.20717680715291,-0.3126705954386803,-0.3547871447326365,-0.2691356961118523,-0.0894573730455444,0.184819747917998,0.5576536698471333,0.5590347885579049,0.569396909889372,0.2445879472787832,22.28272537978452,-0.3181632614059508,0.6623651518329047,0.3730078565947498,0.841924717668909,1.0042383043793943,0.5536313375774915,0.5550469183646308,0.0426891574378588,0.3238838348590584,22.301650551291505,-1.1674074939744372
1.0718900410411856,1.0166473852752702,0.5035615698281254,-0.6253744174754249,-1.0226114436562597,-1.0222581860397972,-0.3108175409447568,-0.2145834535291285,22.28496203560483,0.7546225315984929,0.1067536831298978,0.0096605437824375,0.9786891668832836,0.6655051933978285,0.84314856401022,0.8428211262479725,-0.642527201586263,-0.964522341074977,22.218136537640188,-1.4913906903242835,0.1253061396991082,0.1064461270563192,0.7556042499999626,0.738675377990945,0.0496429447348006,0.052391762652622,-0.4167868523573984,-1.2583767813970592,22.187650231511817,-1.025027481697124
-0.4136092662964108,-0.3657791562590581,-0.2918004435829189,0.0670203193836731,-0.484531770240422,-0.4819680068124323,0.8507266904441171,-0.4030840532767702,22.255382003414216,0.018436211228594,0.4679553048990347,1.300311083018732,0.9075483149215168,1.834089591856281,1.4357980454853725,1.4311394293751465,0.4694011555675724,0.2566077223078784,22.284311506240005,0.217161024276665,1.6796200116223343,1.5629960983194175,1.7420634356230134,1.4041157607920591,-0.2032646063856335,-0.2002764767544001,-1.3621043915489557,-1.3920237751295028,22.190031275745536,-1.359873348544928
1.5553556187944526,1.4054449918503864,1.499588003166319,1.558354554769669,0.0355634206766077,0.0380363502600554,1.2358124098140526,0.5982915290405407,22.267627483897694,-0.8467868303983493,1.2380708868634864,1.6093053262992576,1.4430208883959503,1.5263738821969957,0.1148957599343011,0.1171132164493944,-0.5179120232674124,-0.2275467262551622,22.241099295106057,-0.4546515235186984,1.3730187137809664,0.9785074305333624,0.6261896077098736,0.6766242254804224,-0.9349809957967146,-0.9344824886896336,0.9114763830149928,1.1431456868554135,22.294729778928467,0.2721317742903236
0.7032814287131821,0.2199286113698534,-1.1889031504239085,-1.5709132493707696,-2.0200286745557707,-2.028016233442162,1.6449430608283122,2.392039668647301,22.416044397664688,2.0207024412626615,-1.2590368730112087,-1.6651895684869356,-1.6020159073462867,-1.8312473835462504,-0.5729499212043213,-0.5692370289187523,-1.1701880763878392,0.7255073154329463,22.33072579471727,0.6457298974423106,-1.7495960886887882,-2.0664394339080254,-1.9937475587735027,-1.7198976792222258,-0.4031496084348457,-0.3997872398516967,0.7499329398244318,1.2912048012429975,22.404966735064356,1.1256726311563403
-1.5528088262721695,-1.393099913534139,-1.2979071575934966,-1.3531659028179868,0.2801986138375616,0.2826009315721859,-1.334326069954488,-0.4760138841446611,22.30627352822739,0.69210333209633,-1.2149808130004238,-1.3790349127707962,-1.7001100551036776,-1.8144131898001392,-1.5199975143975435,-1.523662630394034,0.3361032385831199,-0.0824946566131119,22.34417371727743,1.939219938336534,-1.9928650471369995,-1.4630778303680152,-1.4690625377940871,-0.7050396938072712,1.9558106112756577,1.9434735220482,2.0585407990172495,2.1538129461488627,22.585971380185516,1.2700054475256497
-0.6445233907877735,-0.89514343360601,-1.3680679177240482,-1.3959922826390847,-1.2611843383459354,-1.2667758336342034,-1.3345294350186,0.042280124622322,22.448502595790284,1.8900469630762369,-1.717689690220015,-1.8225674840925232,-1.5981441701485932,-1.606202122960063,-0.6118609799569296,-0.6111429178539876,0.4933450892984503,0.6847139704225735,22.537782714293243,0.8403854252822934,-1.5453562823438816,-1.5070282211510693,-1.282756462672374,-0.892285884697213,1.3973563870101655,1.3958165703377874,-1.2207141931161756,-1.2834213498171751,22.388321977932684,0.361662584970418
-1.2634650914930474,-1.6405705376126924,-1.3467417588952286,-1.6768099703375927,-0.9418629640141952,-0.9457179119732404,-0.2832002420484137,-1.3497005896442809,22.365186428459047,-0.2716747438294384,-1.510363298010921,-1.6080754942338331,-1.4656346302642778,-1.1079596420688491,0.7909569393780534,0.7940924493278275,0.710664779376071,-0.278892415815101,22.464633360011938,0.2087281134547988,-1.3743160744795997,-1.7950778939250465,-1.855190462907864,-1.9712158972859,-1.4679031723602698,-1.4789132891552326,0.6994986368156483,0.667442701498613,22.58102681927347,0.893714700276334
-1.7052103551291222,-1.7516576433942246,-1.63957366494886,-1.7325452776652364,-0.072938048785769,-0.0667118017647687,-0.3947586345918503,0.1825245584874806,22.551235080902472,-0.4083307471182485,-1.2517091194259355,-1.363838358730865,-1.2688140650253317,-1.2462071623504944,0.7584755445532773,0.7617879110823239,-1.2753910392175871,-1.4397456217166311,22.37573067145241,-1.1691067068255463,-1.2654238864298082,-1.3703388717012177,-1.3169442791451065,-1.432997356126784,-0.5611236497596979,-0.5575381555027615,-0.3316886002646019,-1.4098306042741746,22.33649256295297,-1.045010024636324
-1.2196961528903425,-0.8466830210223709,-0.677462296172671,-0.4566082205924039,1.739867710147838,1.7280561340023162,-0.0795755987610666,-1.2855746932761198,22.30495838207745,-1.2926611512524844,-0.5288689734860307,-0.2195948752584994,0.1346152788302112,0.0001846830203236,0.6216126931488019,0.6253123886531554,0.4249118333881193,-0.7467647547780795,22.33903764802649,-1.5841139165417288,-0.1666005285119338,-0.5697412665632933,-0.0983103436834495,-0.4483706723114031,-0.528531501259979,-0.5236530715549406,-0.5374683561380754,-0.9750241877336776,22.26362587449516,-1.7064956528546675
-0.3003007897529163,0.3796161995698725,0.4422040848996373,0.4433191966680367,0.9135430268375376,0.9136718718446516,0.0976973680120504,-0.7529368963234531,22.262300598416775,-0.1398837549334398,0.1672951825008398,0.5901312913484578,0.8928520512873488,0.4200330364749102,-0.0679837465569257,-0.0616087262097806,0.1289552841081366,-0.5678377060320219,22.266226283250088,-0.6471819675765212,0.0395002307700341,0.0660642569994834,0.5312571020046613,0.8604858319364829,0.1841865335004796,0.1899080142288574,2.7764358918823135,2.6218595547276724,22.96050781864702,-0.889417091156649
