{
  "aida": 0.02,
  "iforest": 0.05557870864868164,
  "lof": 0.019462108612060547
}