{
  "aida": 0.021,
  "iforest": 0.05761885643005371,
  "lof": 0.019557952880859375
}