{
  "aida": 0.021,
  "iforest": 0.05372905731201172,
  "lof": 0.03143668174743652
}