{
  "aida": 0.024,
  "iforest": 0.09206914901733398,
  "lof": 0.014729022979736328
}