{
  "aida": 0.033,
  "iforest": 0.08904886245727539,
  "lof": 0.07910490036010742
}