{
  "aida": 0.029,
  "iforest": 0.0818178653717041,
  "lof": 0.09487605094909668
}