feature_0,feature_1,feature_2,feature_3,feature_4,feature_5,feature_6,feature_7,feature_8,feature_9,feature_10,feature_11,feature_12,feature_13,feature_14
-0.0079943626265281,0.2868852459016393,0.0197533382402495,-0.0145013055844144,-0.0282074613284804,0.0153942542336312,-0.0140187702319578,0.0280898876404493,0.0179491668145742,-0.0029754937166134,0.4271402550091074,0.0129581331144471,-0.0092422926532901,-0.1882578174856413,0.0157108226853092
-0.0145013055844144,-0.0282074613284804,0.0153942542336312,-0.0140187702319578,0.0280898876404493,0.0179491668145742,-0.0029754937166134,0.4271402550091074,0.0129581331144471,-0.0092422926532901,-0.1882578174856413,0.0157108226853092,0.0218570965053181,-0.1926100628930818,0.0237422072018287
-0.0140187702319578,0.0280898876404493,0.0179491668145742,-0.0029754937166134,0.4271402550091074,0.0129581331144471,-0.0092422926532901,-0.1882578174856413,0.0157108226853092,0.0218570965053181,-0.1926100628930818,0.0237422072018287,0.0044249610309468,0.3495618305744887,0.020418864854138
-0.0029754937166134,0.4271402550091074,0.0129581331144471,-0.0092422926532901,-0.1882578174856413,0.0157108226853092,0.0218570965053181,-0.1926100628930818,0.0237422072018287,0.0044249610309468,0.3495618305744887,0.020418864854138,0.0446265972949631,0.5562770562770563,0.0351933574375909
-0.0092422926532901,-0.1882578174856413,0.0157108226853092,0.0218570965053181,-0.1926100628930818,0.0237422072018287,0.0044249610309468,0.3495618305744887,0.020418864854138,0.0446265972949631,0.5562770562770563,0.0351933574375909,-0.0144538361726965,-0.3481687528975429,0.019677430203952
0.0218570965053181,-0.1926100628930818,0.0237422072018287,0.0044249610309468,0.3495618305744887,0.020418864854138,0.0446265972949631,0.5562770562770563,0.0351933574375909,-0.0144538361726965,-0.3481687528975429,0.019677430203952,-0.0127166750225158,0.0369843527738265,0.0215801695823958
0.0044249610309468,0.3495618305744887,0.020418864854138,0.0446265972949631,0.5562770562770563,0.0351933574375909,-0.0144538361726965,-0.3481687528975429,0.019677430203952,-0.0127166750225158,0.0369843527738265,0.0215801695823958,0.0203464119622087,0.1879286694101509,0.0207187066112376
0.0446265972949631,0.5562770562770563,0.0351933574375909,-0.0144538361726965,-0.3481687528975429,0.019677430203952,-0.0127166750225158,0.0369843527738265,0.0215801695823958,0.0203464119622087,0.1879286694101509,0.0207187066112376,0.0007310986420783,-0.2655889145496536,0.015490818066441
