feature_0,feature_1,feature_2,feature_3,feature_4,feature_5,feature_6,feature_7,feature_8,feature_9,feature_10,feature_11,feature_12,feature_13,feature_14
0.0056760346946527,-0.3765803363201178,0.014112659780709,0.0002566442396956,0.3778302815514864,0.0160041018333096,-0.0001925572902397,-0.0554444126893398,0.0202539925010829,-0.0070543495596812,0.3225416036308624,0.0136755506006054,0.0029709426226816,0.2522306108442005,0.0125121083729269
0.0002566442396956,0.3778302815514864,0.0160041018333096,-0.0001925572902397,-0.0554444126893398,0.0202539925010829,-0.0070543495596812,0.3225416036308624,0.0136755506006054,0.0029709426226816,0.2522306108442005,0.0125121083729269,-0.0061818707526428,-0.4931031332785238,0.0145454902153511
-0.0001925572902397,-0.0554444126893398,0.0202539925010829,-0.0070543495596812,0.3225416036308624,0.0136755506006054,0.0029709426226816,0.2522306108442005,0.0125121083729269,-0.0061818707526428,-0.4931031332785238,0.0145454902153511,-0.0014903337970304,0.1027212110290143,0.0135223684397673
-0.0070543495596812,0.3225416036308624,0.0136755506006054,0.0029709426226816,0.2522306108442005,0.0125121083729269,-0.0061818707526428,-0.4931031332785238,0.0145454902153511,-0.0014903337970304,0.1027212110290143,0.0135223684397673,0.007008434198751,0.3141036117012583,0.0218335352987195
0.0029709426226816,0.2522306108442005,0.0125121083729269,-0.0061818707526428,-0.4931031332785238,0.0145454902153511,-0.0014903337970304,0.1027212110290143,0.0135223684397673,0.007008434198751,0.3141036117012583,0.0218335352987195,0.0065730047171885,-0.346971769680388,0.0101653600045551
-0.0061818707526428,-0.4931031332785238,0.0145454902153511,-0.0014903337970304,0.1027212110290143,0.0135223684397673,0.007008434198751,0.3141036117012583,0.0218335352987195,0.0065730047171885,-0.346971769680388,0.0101653600045551,0.0202943839337697,0.797752808988764,0.0301707342731523
-0.0014903337970304,0.1027212110290143,0.0135223684397673,0.007008434198751,0.3141036117012583,0.0218335352987195,0.0065730047171885,-0.346971769680388,0.0101653600045551,0.0202943839337697,0.797752808988764,0.0301707342731523,0.0050198361843367,-0.1771186440677966,0.0168982161025778
0.007008434198751,0.3141036117012583,0.0218335352987195,0.0065730047171885,-0.346971769680388,0.0101653600045551,0.0202943839337697,0.797752808988764,0.0301707342731523,0.0050198361843367,-0.1771186440677966,0.0168982161025778,0.0095523885925841,0.2802523171987641,0.0134031160613471
