feature_0,feature_1,feature_2,feature_3,feature_4,feature_5,feature_6,feature_7,feature_8,feature_9,feature_10,feature_11,feature_12,feature_13,feature_14
0.0085651823720784,-0.0364088587833726,0.0167735054774513,0.0261521013268615,0.191668726144383,0.0317517513397713,-0.0024947873690736,1.063499012988609,0.0200549852833383,-0.0409258665419235,-0.0009864172209834,0.0477611661995698,-0.0007400244541996,-0.4298020746393227,0.0197489785974435
0.0261521013268615,0.191668726144383,0.0317517513397713,-0.0024947873690736,1.063499012988609,0.0200549852833383,-0.0409258665419235,-0.0009864172209834,0.0477611661995698,-0.0007400244541996,-0.4298020746393227,0.0197489785974435,-0.0114254058622942,-0.2116289403523445,0.0193586325429655
-0.0024947873690736,1.063499012988609,0.0200549852833383,-0.0409258665419235,-0.0009864172209834,0.0477611661995698,-0.0007400244541996,-0.4298020746393227,0.0197489785974435,-0.0114254058622942,-0.2116289403523445,0.0193586325429655,0.0209567119685936,-0.1897452049798584,0.0120175724212896
-0.0409258665419235,-0.0009864172209834,0.0477611661995698,-0.0007400244541996,-0.4298020746393227,0.0197489785974435,-0.0114254058622942,-0.2116289403523445,0.0193586325429655,0.0209567119685936,-0.1897452049798584,0.0120175724212896,-0.0006637968711082,0.8725985637416371,0.0321163204760824
-0.0007400244541996,-0.4298020746393227,0.0197489785974435,-0.0114254058622942,-0.2116289403523445,0.0193586325429655,0.0209567119685936,-0.1897452049798584,0.0120175724212896,-0.0006637968711082,0.8725985637416371,0.0321163204760824,0.03435023169234,-0.1994875828990352,0.0340570662401353
-0.0114254058622942,-0.2116289403523445,0.0193586325429655,0.0209567119685936,-0.1897452049798584,0.0120175724212896,-0.0006637968711082,0.8725985637416371,0.0321163204760824,0.03435023169234,-0.1994875828990352,0.0340570662401353,-0.0039885348093974,-0.3574523840395258,0.0146786350646607
0.0209567119685936,-0.1897452049798584,0.0120175724212896,-0.0006637968711082,0.8725985637416371,0.0321163204760824,0.03435023169234,-0.1994875828990352,0.0340570662401353,-0.0039885348093974,-0.3574523840395258,0.0146786350646607,-0.0104694395049312,0.0842635173168218,0.0181956775366997
-0.0006637968711082,0.8725985637416371,0.0321163204760824,0.03435023169234,-0.1994875828990352,0.0340570662401353,-0.0039885348093974,-0.3574523840395258,0.0146786350646607,-0.0104694395049312,0.0842635173168218,0.0181956775366997,0.0028293845868363,0.5954099773731278,0.0332195597703467
