feature_0,feature_1,feature_2,feature_3,feature_4,feature_5,feature_6,feature_7,feature_8,feature_9,feature_10,feature_11,feature_12,feature_13,feature_14
0.0024931609651721,-0.4705284525155647,0.021616842660795,-0.0177326272882714,0.367962783804368,0.0478646116358969,-0.011998433937651,-0.0345260845358652,0.0333892680022772,0.0077432394508856,-0.0365088642119618,0.0512526660547557,0.0725263518202645,0.6840262051116144,0.0415952501456684
-0.0177326272882714,0.367962783804368,0.0478646116358969,-0.011998433937651,-0.0345260845358652,0.0333892680022772,0.0077432394508856,-0.0365088642119618,0.0512526660547557,0.0725263518202645,0.6840262051116144,0.0415952501456684,0.0192248536602115,0.0115506716679554,0.0363655553059153
-0.011998433937651,-0.0345260845358652,0.0333892680022772,0.0077432394508856,-0.0365088642119618,0.0512526660547557,0.0725263518202645,0.6840262051116144,0.0415952501456684,0.0192248536602115,0.0115506716679554,0.0363655553059153,0.0363082985346405,0.1975970714753725,0.049314082051807
0.0077432394508856,-0.0365088642119618,0.0512526660547557,0.0725263518202645,0.6840262051116144,0.0415952501456684,0.0192248536602115,0.0115506716679554,0.0363655553059153,0.0363082985346405,0.1975970714753725,0.049314082051807,-0.0454788483320965,-0.0060657599743096,0.0331064906267323
0.0725263518202645,0.6840262051116144,0.0415952501456684,0.0192248536602115,0.0115506716679554,0.0363655553059153,0.0363082985346405,0.1975970714753725,0.049314082051807,-0.0454788483320965,-0.0060657599743096,0.0331064906267323,0.0112469573321927,-0.4976915145459513,0.0295393577707732
0.0192248536602115,0.0115506716679554,0.0363655553059153,0.0363082985346405,0.1975970714753725,0.049314082051807,-0.0454788483320965,-0.0060657599743096,0.0331064906267323,0.0112469573321927,-0.4976915145459513,0.0295393577707732,0.02199069571055,0.2636631819679746,0.0282900034849703
0.0363082985346405,0.1975970714753725,0.049314082051807,-0.0454788483320965,-0.0060657599743096,0.0331064906267323,0.0112469573321927,-0.4976915145459513,0.0295393577707732,0.02199069571055,0.2636631819679746,0.0282900034849703,-0.0116244441614974,-0.1052314072956923,0.038563615059119
