feature_0,feature_1,feature_2,feature_3,feature_4,feature_5,feature_6,feature_7,feature_8,feature_9,feature_10,feature_11,feature_12,feature_13,feature_14
-0.0064628596548019,0.1375303152789004,0.0178572117876876,-0.0283857092969784,-0.0361552811583902,0.0322777517772783,-0.0152161298235573,0.0202764976958524,0.0327455604749321,-0.0259578941181034,0.0574525745257452,0.0203432742617057,0.0261812965565,0.5912352639671963,0.0183544277438099
-0.0283857092969784,-0.0361552811583902,0.0322777517772783,-0.0152161298235573,0.0202764976958524,0.0327455604749321,-0.0259578941181034,0.0574525745257452,0.0203432742617057,0.0261812965565,0.5912352639671963,0.0183544277438099,-0.004978230259689,-0.2511408170934665,0.0209656879609098
-0.0152161298235573,0.0202764976958524,0.0327455604749321,-0.0259578941181034,0.0574525745257452,0.0203432742617057,0.0261812965565,0.5912352639671963,0.0183544277438099,-0.004978230259689,-0.2511408170934665,0.0209656879609098,0.0243900962084442,-0.2396587569001361,0.0346784490946257
-0.0259578941181034,0.0574525745257452,0.0203432742617057,0.0261812965565,0.5912352639671963,0.0183544277438099,-0.004978230259689,-0.2511408170934665,0.0209656879609098,0.0243900962084442,-0.2396587569001361,0.0346784490946257,-0.019535884348936,0.0913633792193098,0.0181023096062504
0.0261812965565,0.5912352639671963,0.0183544277438099,-0.004978230259689,-0.2511408170934665,0.0209656879609098,0.0243900962084442,-0.2396587569001361,0.0346784490946257,-0.019535884348936,0.0913633792193098,0.0181023096062504,0.0080946765026361,-0.5067818574514038,0.016906668727288
-0.004978230259689,-0.2511408170934665,0.0209656879609098,0.0243900962084442,-0.2396587569001361,0.0346784490946257,-0.019535884348936,0.0913633792193098,0.0181023096062504,0.0080946765026361,-0.5067818574514038,0.016906668727288,0.0067942562327631,1.1923279033105625,0.0135217767157168
0.0243900962084442,-0.2396587569001361,0.0346784490946257,-0.019535884348936,0.0913633792193098,0.0181023096062504,0.0080946765026361,-0.5067818574514038,0.016906668727288,0.0067942562327631,1.1923279033105625,0.0135217767157168,-0.0239262957463135,-0.3386065835730265,0.0283019354550807
