index,subsequence_idx,score
42,42,2.16187
45,45,2.20803
74,74,2.15207
99,99,2.45702
106,106,2.57474
