index,subsequence_idx,score
74,74,2.2203
99,99,2.43847
106,106,2.33321
