index,subsequence_idx,score
74,74,2.14871
99,99,2.44967
106,106,2.44269
