index,subsequence_idx,score
42,42,2.21369
45,45,2.21551
99,99,2.32462
106,106,2.46766
