index,subsequence_idx,score
45,45,2.21212
74,74,2.16601
99,99,2.36505
106,106,2.34056
