index,subsequence_idx,score
42,42,2.15307
45,45,2.23498
74,74,2.13842
99,99,2.52834
106,106,2.39503
