index,subsequence_idx,score
42,42,2.17732
99,99,2.55999
106,106,2.31864
