index,subsequence_idx,score
78,78,2.20649
99,99,2.46291
106,106,2.33178
