index,subsequence_idx,score
42,42,2.17858
99,99,2.25546
102,102,2.15855
106,106,2.62633
