index,subsequence_idx,score
45,45,2.23647
99,99,2.3752
106,106,2.46242
