index,subsequence_idx,score
45,45,2.19491
99,99,2.44522
106,106,2.48215
