index,subsequence_idx,score
45,45,2.20824
78,78,2.14526
99,99,2.47137
106,106,2.35365
