feature_0,feature_1,feature_2,feature_3,feature_4,feature_5,feature_6,feature_7,feature_8
0.021328632584689,0.8424450549450548,0.0332713325190577,-0.0115264796863183,-0.215835383583091,0.0319832170371623,-0.0055331603054883,0.1811180832857957,0.0310988421469742
0.063870875576774,-0.0928117201964099,0.0654333953739442,0.1109093548393267,1.9183673469387752,0.0799183125398596,-0.0078203820432388,0.9695044086348434,0.0439241064962395
0.0261950828534733,-0.7875017367275422,0.0537066040591026,0.025297088369548,-0.2370504903741372,0.029125081054691,-0.0232194515411883,-0.1613978289849552,0.0355259677451883
