index,subsequence_idx,score
47,47,2.54844
58,58,2.66783
70,70,2.73723
119,119,2.4996
122,122,2.27918
144,144,2.45284
168,168,2.56449
