index,subsequence_idx,score
34,34,3.01402
98,98,3.00789
105,105,3.2601
116,116,3.26201
119,119,2.61554
122,122,3.15637
144,144,2.67088
156,156,2.55526
168,168,2.46193
