index,subsequence_idx,score
10,10,2.42568
34,34,3.31171
98,98,3.27211
105,105,3.20111
106,106,2.56769
116,116,3.43482
119,119,2.70485
122,122,3.07532
144,144,2.97285
156,156,2.48443
168,168,2.60553
