index,subsequence_idx,score
34,34,3.1486
98,98,3.19409
105,105,2.90858
106,106,2.4962
116,116,3.29056
119,119,2.78605
122,122,2.84816
144,144,2.91863
168,168,2.52894
