index,subsequence_idx,score
34,34,3.2402
47,47,2.39184
98,98,3.27373
105,105,2.89294
106,106,2.54986
116,116,3.28144
119,119,2.72112
122,122,2.8449
144,144,2.92392
168,168,2.56416
