index,subsequence_idx,score
34,34,3.32847
98,98,3.42768
105,105,3.10048
106,106,2.67704
116,116,3.50016
119,119,2.47894
122,122,2.97995
144,144,3.01687
