{
  "aida": 0.147,
  "iforest": 0.10018777847290039,
  "lof": 0.012807846069335938
}