{
  "aida": 0.131,
  "iforest": 0.06229281425476074,
  "lof": 0.022122859954833984
}