{
  "aida": 0.119,
  "iforest": 0.06875109672546387,
  "lof": 0.024857282638549805
}