{
  "aida": 0.128,
  "iforest": 0.06366109848022461,
  "lof": 0.040087223052978516
}