{
  "aida": 0.204,
  "iforest": 0.10092592239379883,
  "lof": 0.03724217414855957
}