{
  "aida": 0.198,
  "iforest": 0.09883904457092285,
  "lof": 0.029165029525756836
}