feature_0,feature_1,feature_2,feature_3,feature_4,feature_5,feature_6,feature_7,feature_8,feature_9,feature_10,feature_11,feature_12,feature_13,feature_14
-0.0167640096021423,-0.2825176408437417,0.0314979957782137,-0.0076647362392576,0.165404438834543,0.0216993544274381,0.029161555566374,0.1046076086465996,0.0536180224826107,0.0165484420939441,0.1296318993340688,0.0277647599805119,0.0117422026739493,-0.0066184448462929,0.0299992245282536
-0.0076647362392576,0.165404438834543,0.0216993544274381,0.029161555566374,0.1046076086465996,0.0536180224826107,0.0165484420939441,0.1296318993340688,0.0277647599805119,0.0117422026739493,-0.0066184448462929,0.0299992245282536,-0.0012810034412513,-0.176502712345724,0.0268820886110565
0.029161555566374,0.1046076086465996,0.0536180224826107,0.0165484420939441,0.1296318993340688,0.0277647599805119,0.0117422026739493,-0.0066184448462929,0.0299992245282536,-0.0012810034412513,-0.176502712345724,0.0268820886110565,-0.0170542367160305,0.5724390998717892,0.0315634841803994
0.0165484420939441,0.1296318993340688,0.0277647599805119,0.0117422026739493,-0.0066184448462929,0.0299992245282536,-0.0012810034412513,-0.176502712345724,0.0268820886110565,-0.0170542367160305,0.5724390998717892,0.0315634841803994,0.0075235520535903,-0.4698737593836983,0.0185043115785975
0.0117422026739493,-0.0066184448462929,0.0299992245282536,-0.0012810034412513,-0.176502712345724,0.0268820886110565,-0.0170542367160305,0.5724390998717892,0.0315634841803994,0.0075235520535903,-0.4698737593836983,0.0185043115785975,-0.0133342493849728,0.0023866348448686,0.0297829231195715
-0.0012810034412513,-0.176502712345724,0.0268820886110565,-0.0170542367160305,0.5724390998717892,0.0315634841803994,0.0075235520535903,-0.4698737593836983,0.0185043115785975,-0.0133342493849728,0.0023866348448686,0.0297829231195715,-0.0263343111735788,0.0974603174603174,0.0329364594959078
-0.0170542367160305,0.5724390998717892,0.0315634841803994,0.0075235520535903,-0.4698737593836983,0.0185043115785975,-0.0133342493849728,0.0023866348448686,0.0297829231195715,-0.0263343111735788,0.0974603174603174,0.0329364594959078,-0.0184803619225406,0.5385208755182722,0.0317909740969035
0.0075235520535903,-0.4698737593836983,0.0185043115785975,-0.0133342493849728,0.0023866348448686,0.0297829231195715,-0.0263343111735788,0.0974603174603174,0.0329364594959078,-0.0184803619225406,0.5385208755182722,0.0317909740969035,0.0461415711939101,-0.1276009024818249,0.0552342059413189
