feature_0,feature_1,feature_2,feature_3,feature_4,feature_5,feature_6,feature_7,feature_8,feature_9,feature_10,feature_11,feature_12,feature_13,feature_14
-0.0134574479656807,0.2872408090573719,0.022407462709794,-0.00429969771585,0.1600948710346872,0.0170406793728924,-0.0093067676750359,-0.0460005111167901,0.0193758092283233,0.0063128361562718,-0.0816144298598089,0.0171010164210728,-0.007841333812022,0.193388429752066,0.0193440948693296
-0.00429969771585,0.1600948710346872,0.0170406793728924,-0.0093067676750359,-0.0460005111167901,0.0193758092283233,0.0063128361562718,-0.0816144298598089,0.0171010164210728,-0.007841333812022,0.193388429752066,0.0193440948693296,0.0086561454166462,-0.1636793221443702,0.0138207218521387
-0.0093067676750359,-0.0460005111167901,0.0193758092283233,0.0063128361562718,-0.0816144298598089,0.0171010164210728,-0.007841333812022,0.193388429752066,0.0193440948693296,0.0086561454166462,-0.1636793221443702,0.0138207218521387,-0.0184327056466974,1.1987335606429617,0.0298450168708312
0.0063128361562718,-0.0816144298598089,0.0171010164210728,-0.007841333812022,0.193388429752066,0.0193440948693296,0.0086561454166462,-0.1636793221443702,0.0138207218521387,-0.0184327056466974,1.1987335606429617,0.0298450168708312,0.0104918393157762,-0.4523260965883916,0.0106148601331651
-0.007841333812022,0.193388429752066,0.0193440948693296,0.0086561454166462,-0.1636793221443702,0.0138207218521387,-0.0184327056466974,1.1987335606429617,0.0298450168708312,0.0104918393157762,-0.4523260965883916,0.0106148601331651,0.0225716131811328,0.3536930669039722,0.0269514712704293
0.0086561454166462,-0.1636793221443702,0.0138207218521387,-0.0184327056466974,1.1987335606429617,0.0298450168708312,0.0104918393157762,-0.4523260965883916,0.0106148601331651,0.0225716131811328,0.3536930669039722,0.0269514712704293,-0.0116988026915612,-0.101715173609036,0.0221212672591903
-0.0184327056466974,1.1987335606429617,0.0298450168708312,0.0104918393157762,-0.4523260965883916,0.0106148601331651,0.0225716131811328,0.3536930669039722,0.0269514712704293,-0.0116988026915612,-0.101715173609036,0.0221212672591903,0.0079658164961908,0.6171911383141508,0.0167429663387842
0.0104918393157762,-0.4523260965883916,0.0106148601331651,0.0225716131811328,0.3536930669039722,0.0269514712704293,-0.0116988026915612,-0.101715173609036,0.0221212672591903,0.0079658164961908,0.6171911383141508,0.0167429663387842,0.0344930838425734,-0.3111321375678789,0.046828628860614
