feature_0,feature_1,feature_2,feature_3,feature_4,feature_5,feature_6,feature_7,feature_8,feature_9,feature_10,feature_11,feature_12,feature_13,feature_14
-0.0133284604753788,0.2077216581517169,0.023637927276702,-0.0176277057896653,0.2878179384203481,0.0330488876811279,0.0330602178194863,0.2390436590436591,0.0625553331847525,0.0094547586366553,-0.2717540857075741,0.0255356337096663,-0.0041625765496968,0.515414036219529,0.0311565873828785
-0.0176277057896653,0.2878179384203481,0.0330488876811279,0.0330602178194863,0.2390436590436591,0.0625553331847525,0.0094547586366553,-0.2717540857075741,0.0255356337096663,-0.0041625765496968,0.515414036219529,0.0311565873828785,-0.0206159006135512,0.2330474974153136,0.0350600504874465
0.0330602178194863,0.2390436590436591,0.0625553331847525,0.0094547586366553,-0.2717540857075741,0.0255356337096663,-0.0041625765496968,0.515414036219529,0.0311565873828785,-0.0206159006135512,0.2330474974153136,0.0350600504874465,-0.0231835667958292,0.2825154130702836,0.0292569287847994
0.0094547586366553,-0.2717540857075741,0.0255356337096663,-0.0041625765496968,0.515414036219529,0.0311565873828785,-0.0206159006135512,0.2330474974153136,0.0350600504874465,-0.0231835667958292,0.2825154130702836,0.0292569287847994,0.009533283002,-0.571261008345191,0.0259714307042974
-0.0041625765496968,0.515414036219529,0.0311565873828785,-0.0206159006135512,0.2330474974153136,0.0350600504874465,-0.0231835667958292,0.2825154130702836,0.0292569287847994,0.009533283002,-0.571261008345191,0.0259714307042974,-0.0376744827382039,0.9220971431134232,0.0657109846118057
-0.0206159006135512,0.2330474974153136,0.0350600504874465,-0.0231835667958292,0.2825154130702836,0.0292569287847994,0.009533283002,-0.571261008345191,0.0259714307042974,-0.0376744827382039,0.9220971431134232,0.0657109846118057,-0.0566288069572804,-0.3951746505821686,0.0574750202401932
-0.0231835667958292,0.2825154130702836,0.0292569287847994,0.009533283002,-0.571261008345191,0.0259714307042974,-0.0376744827382039,0.9220971431134232,0.0657109846118057,-0.0566288069572804,-0.3951746505821686,0.0574750202401932,0.0132190870452255,-0.0072142278461478,0.0436629169874656
0.009533283002,-0.571261008345191,0.0259714307042974,-0.0376744827382039,0.9220971431134232,0.0657109846118057,-0.0566288069572804,-0.3951746505821686,0.0574750202401932,0.0132190870452255,-0.0072142278461478,0.0436629169874656,0.0091968482891733,0.0176420299992228,0.0274121248199813
