feature_0,feature_1,feature_2,feature_3,feature_4,feature_5,feature_6,feature_7,feature_8,feature_9,feature_10,feature_11,feature_12,feature_13,feature_14
-0.015959709648526,-0.1012488388894622,0.0274290735893568,-0.0176089569281711,0.49632521819017,0.0241603401013473,-0.0047169856934291,0.4807367613200306,0.0168306625555791,0.0191943576034014,-0.3288587125531254,0.0146304052519462,0.0045570297118424,-0.2201714418101784,0.016690188541101
-0.0176089569281711,0.49632521819017,0.0241603401013473,-0.0047169856934291,0.4807367613200306,0.0168306625555791,0.0191943576034014,-0.3288587125531254,0.0146304052519462,0.0045570297118424,-0.2201714418101784,0.016690188541101,-0.0017589480532913,-0.1541889483065953,0.0167625904831799
-0.0047169856934291,0.4807367613200306,0.0168306625555791,0.0191943576034014,-0.3288587125531254,0.0146304052519462,0.0045570297118424,-0.2201714418101784,0.016690188541101,-0.0017589480532913,-0.1541889483065953,0.0167625904831799,-0.0220264700529089,2.0531553682238615,0.0230787829853786
0.0191943576034014,-0.3288587125531254,0.0146304052519462,0.0045570297118424,-0.2201714418101784,0.016690188541101,-0.0017589480532913,-0.1541889483065953,0.0167625904831799,-0.0220264700529089,2.0531553682238615,0.0230787829853786,0.0213371842489813,-0.5648655903669901,0.0220824582149222
0.0045570297118424,-0.2201714418101784,0.016690188541101,-0.0017589480532913,-0.1541889483065953,0.0167625904831799,-0.0220264700529089,2.0531553682238615,0.0230787829853786,0.0213371842489813,-0.5648655903669901,0.0220824582149222,0.003574673910847,-0.1954701683264299,0.0124368259893099
-0.0017589480532913,-0.1541889483065953,0.0167625904831799,-0.0220264700529089,2.0531553682238615,0.0230787829853786,0.0213371842489813,-0.5648655903669901,0.0220824582149222,0.003574673910847,-0.1954701683264299,0.0124368259893099,-0.0093907378733913,-0.2198488333881038,0.0181207032098472
-0.0220264700529089,2.0531553682238615,0.0230787829853786,0.0213371842489813,-0.5648655903669901,0.0220824582149222,0.003574673910847,-0.1954701683264299,0.0124368259893099,-0.0093907378733913,-0.2198488333881038,0.0181207032098472,0.0039694395425609,0.290087054198259,0.0114194901591984
0.0213371842489813,-0.5648655903669901,0.0220824582149222,0.003574673910847,-0.1954701683264299,0.0124368259893099,-0.0093907378733913,-0.2198488333881038,0.0181207032098472,0.0039694395425609,0.290087054198259,0.0114194901591984,0.0137680590155657,0.0182847191989552,0.0187264373538457
