{
  "aida": 0.02,
  "iforest": 0.05465817451477051,
  "lof": 0.0417020320892334
}