{
  "aida": 0.031,
  "iforest": 0.09372878074645996,
  "lof": 0.0296478271484375
}