{
  "aida": 0.03,
  "iforest": 0.08249711990356445,
  "lof": 0.04551506042480469
}