{
  "aida": 0.022,
  "iforest": 0.06727194786071777,
  "lof": 0.028544187545776367
}