{
  "aida": 0.02,
  "iforest": 0.05376791954040527,
  "lof": 0.03073883056640625
}