{
  "aida": 0.024,
  "iforest": 0.08336210250854492,
  "lof": 0.014605998992919922
}