feature_0,feature_1,feature_2,feature_3,feature_4,feature_5,feature_6,feature_7,feature_8,feature_9,feature_10,feature_11,feature_12,feature_13,feature_14
0.0168411685340703,0.1434316353887399,0.0174249564467178,0.0002234663876048,-0.2467109548000521,0.0137521706966809,-0.0057428650934822,0.596057409648971,0.0158220142877934,-0.0320892853800462,0.5419284940411702,0.047943794211255,0.0061995852768734,-0.3584176503653737,0.026119542639942
0.0002234663876048,-0.2467109548000521,0.0137521706966809,-0.0057428650934822,0.596057409648971,0.0158220142877934,-0.0320892853800462,0.5419284940411702,0.047943794211255,0.0061995852768734,-0.3584176503653737,0.026119542639942,0.0027018014558797,-0.2187055087066038,0.0236105424288049
-0.0057428650934822,0.596057409648971,0.0158220142877934,-0.0320892853800462,0.5419284940411702,0.047943794211255,0.0061995852768734,-0.3584176503653737,0.026119542639942,0.0027018014558797,-0.2187055087066038,0.0236105424288049,0.0338459423373826,0.1761984861227923,0.0305946214646706
-0.0320892853800462,0.5419284940411702,0.047943794211255,0.0061995852768734,-0.3584176503653737,0.026119542639942,0.0027018014558797,-0.2187055087066038,0.0236105424288049,0.0338459423373826,0.1761984861227923,0.0305946214646706,-0.0120779696904897,2.0353950661422955,0.0473363409311608
0.0061995852768734,-0.3584176503653737,0.026119542639942,0.0027018014558797,-0.2187055087066038,0.0236105424288049,0.0338459423373826,0.1761984861227923,0.0305946214646706,-0.0120779696904897,2.0353950661422955,0.0473363409311608,0.0323015205524137,-0.5778563015312133,0.0309288455031852
0.0027018014558797,-0.2187055087066038,0.0236105424288049,0.0338459423373826,0.1761984861227923,0.0305946214646706,-0.0120779696904897,2.0353950661422955,0.0473363409311608,0.0323015205524137,-0.5778563015312133,0.0309288455031852,0.0315403372019658,0.2141927083333332,0.0440176311460377
0.0338459423373826,0.1761984861227923,0.0305946214646706,-0.0120779696904897,2.0353950661422955,0.0473363409311608,0.0323015205524137,-0.5778563015312133,0.0309288455031852,0.0315403372019658,0.2141927083333332,0.0440176311460377,-0.0038975739489043,-0.191574109536576,0.0241203723571986
