{
  "aida": 0.021,
  "iforest": 0.05633902549743652,
  "lof": 0.03961300849914551
}