{
  "aida": 0.029,
  "iforest": 0.0896151065826416,
  "lof": 0.02475714683532715
}