{
  "aida": 0.023,
  "iforest": 0.08066010475158691,
  "lof": 0.014544010162353516
}