{
  "aida": 0.02,
  "iforest": 0.06647777557373047,
  "lof": 0.029287338256835938
}