{
  "aida": 0.021,
  "iforest": 0.058357954025268555,
  "lof": 0.021071195602416992
}