{
  "aida": 0.029,
  "iforest": 0.09276914596557617,
  "lof": 0.03555703163146973
}