open_std_0,high_std_0,low_std_0,close_std_0,daily_return_std_0,log_return_std_0,volume_change_std_0,relative_volume_std_0,log_volume_0,high_low_range_std_0,excess_return_std_0,open_std_1,high_std_1,low_std_1,close_std_1,daily_return_std_1,log_return_std_1,volume_change_std_1,relative_volume_std_1,log_volume_1,high_low_range_std_1,excess_return_std_1,open_std_2,high_std_2,low_std_2,close_std_2,daily_return_std_2,log_return_std_2,volume_change_std_2,relative_volume_std_2,log_volume_2,high_low_range_std_2,excess_return_std_2
1.8918351674083336,1.7834591380751863,1.4581967919744243,1.212474682995755,-1.076269325296216,-1.084404511680977,0.3016987356024537,0.0,19.09199276812763,0.4792325697715601,0.0,0.7428424342237144,0.7532247591961698,0.9176399091619604,0.7984698108818512,-0.6914347749386257,-0.6909886261242711,-0.8144698889777092,0.0,18.953024587250127,-0.7361763841425799,0.0,0.7306626909261345,1.0714333271846177,1.077900189326029,1.493905073514729,0.8721306296929097,0.8785636154060257,-1.0687293838850296,0.0,18.748963113551355,-0.6595797080008294,0.0
1.53973904644213,2.1253598579040354,1.8910697607679956,2.1919474172331275,1.3645096081507646,1.351045818493532,2.418477358115161,0.0,19.12930356171767,1.804888450563328,0.0,1.8298398959313265,1.6657263790126329,1.9614955989233287,1.645497236416363,-0.4895470670759959,-0.4822578152286806,-1.0966502711987425,0.0,18.882520520704286,-1.3627413703704867,0.0,1.334301011378836,1.31980944953297,1.292284947431391,1.3757604885815589,-0.4546131767161705,-0.4463523830938067,0.9014964158149512,0.0,19.07682311961987,0.2284518223704786,0.0
2.093544977728719,1.962365428966408,2.0488824865499407,2.04282429250387,1.7847493154286802,1.7579391549279215,0.8286401014877676,0.0,19.27430895816019,-0.9778522074220528,0.0,1.6782448741945155,2.1763344535387907,1.8421932208390024,2.152960568085484,1.3864349276525174,1.3696749591539747,1.011797088408016,0.0,19.541023868354795,2.335991293483787,0.0,1.9580630214349803,1.6254041310603544,1.6956940042248767,1.2103534228101902,-1.6157593831228216,-1.6635263967893308,-1.214235844685091,0.2568331472851227,19.257403459802408,0.5837472837794845,0.0
0.9714821906448852,1.08408279379133,1.1761328316974424,1.2632048707687358,0.1723830711426891,0.1967881427467702,-0.7117137385939809,-0.5207783328487936,19.09776714287165,0.1654405673702731,-0.0501648593433055,1.2059253894760564,1.2571461462906954,1.2930373889287956,1.364209919389131,0.2009983155538254,0.2224205959071747,0.1987417236822928,-0.1725000809829887,19.180581027589607,0.5713071966719928,0.1118565839809522,1.528253495649521,1.5150188168976222,1.608325309139636,1.4176120529416498,-0.0650051569689344,-0.0414741704709114,-0.1363773092441773,-0.2538818178988599,19.197471683686985,0.2907298916131121,-0.2360763572074337
1.1481811033523754,1.3530804398985474,1.3852013070447502,1.2651360041529467,-0.5278020644280261,-0.5077085836922293,-0.0265625687067481,-0.3208142219108781,19.265097318848877,0.4068101499678926,-0.290036752990414,1.3730265686507486,1.088940095574732,1.428348977762263,1.253372009149013,-0.1327597452009679,-0.110463642094113,-1.0349843251631523,-1.173373436794637,19.0422680163614,-1.0611038617823945,0.0350057409229019,1.3089060845073843,0.8964387324664398,1.174555911157925,1.1700594780231215,-0.4404699518625877,-0.4217042720647416,-0.1750720747341258,-1.162184961938198,19.041312611864395,-1.1588558992637112,-0.6866315305538102
1.1835072679575815,1.15052064597864,1.3336721249923766,1.3474810467519205,-0.2415122689755457,-0.2197928979755824,-0.2055258915980257,-1.0534677933086645,19.012202651918063,-0.9359179175988792,0.0344574770978851,1.5964745820702655,1.7091255425625227,1.642891326349667,1.5170268957451132,0.0723213789215449,0.0903789688210579,1.0907088804484015,-0.1892284490372606,19.18815309200599,-0.9381740071552052,0.3203539205339066,1.03628674023505,0.8872431233719514,0.6815430185963514,0.5703337569775635,-1.6213906231051358,-1.619777243804832,-0.1383015740028952,0.1333293083265954,19.1373203098009,0.2987981001312425,-1.818611238152449
0.3420292522251749,-0.0544199864731461,0.1493417969717361,0.2226792267728265,-0.9476001442022683,-0.9309901263044706,-1.1101391256813382,-0.9725846875858892,18.96576576116103,-0.8027541740779317,-1.1971416861523378,-0.0811270109976322,1.1151190320347697,0.1078371402468528,1.5574117456079752,1.634548293197435,1.5915297671117197,1.676092052689891,1.0972922497214868,19.192896470151748,1.895968444535768,1.5955688087451472,1.766586799030915,1.5481598552634008,1.774833547532776,1.7482243811137577,0.2024729161451024,0.2146752321111609,-1.0500561233779848,-0.3896216036703322,19.01404295324567,-0.8049466293649752,0.129055256135306
1.319385251711474,1.5055993934202474,1.0201339428846072,0.1735653915342017,-1.6560153023707394,-1.6826651238960129,1.4415245037876598,1.6873020114200632,19.25179042712727,0.7872990854304243,-1.330904395189909,-0.0614683545285065,0.2434702219862828,0.3096422221128875,0.8349646152570933,0.5296875378625753,0.5371617574388019,-0.4225968278753532,1.0474870715067268,19.180263867842832,-0.0894405089657092,0.5550095339800171,0.4777448394603604,0.2788919984189885,0.1677090194714471,-0.8241428727408452,-1.2477752711950174,-1.259285740609244,-0.9841698270925572,-0.4884471528967316,19.008570742404277,0.1898432504189481,-0.8912285249792867
-0.5597767702446435,-0.9511019526522198,-0.7225809298437921,-0.3737666828048736,0.3351785718329982,0.3511438566612516,0.294515302760869,-0.0844843308032077,19.07211230687149,-0.3534993000647273,0.2883156287491665,0.2019752374964131,-0.5120349097441257,-0.0348712036802827,-0.1952315145941158,0.109872176622582,0.1289700839066918,-1.2324530452707236,-1.8733614761507884,18.801579904947747,-0.764883206000088,-0.0754371325354701,-0.7713532964276711,-1.3309479856109376,-0.4518307005907055,-0.8374100727736609,-0.4966222790593572,-0.4851713242653325,-0.0047337470998866,-1.402432134069508,18.772942671843698,-1.4535039015043645,-0.3430547775816261
0.0941456904055169,0.34037571021786,0.8655073370730794,0.6806557982512168,1.117477409020614,1.1084626498418872,0.7793921593744896,-0.4067375453217085,18.89709069010948,-0.6512906080640143,1.1162734015005331,1.1316778983753293,0.4571050913948857,1.092939057910307,0.2295292514219658,-0.3614560277282374,-0.3440536261340912,-0.2896298918572936,-0.6459760366376849,18.84689509653274,-0.7550434909493517,-0.4498098484950361,0.3215159543630753,-0.1912472786636952,-0.0417009207243672,-0.1921260848723472,-0.3250118513477082,-0.3096466637254546,0.3019982190304723,-0.1539793333158148,18.87081835026746,-0.3057095291709112,-0.3909420320492947
-2.111987833755764,-1.8004804168485538,-2.008616434137638,-1.982533192814567,-1.2326155742025076,-1.2490826167679816,0.9659536522861112,0.8292546932725713,19.016770073920675,-0.4482503776509353,-1.6711522712416362,-0.818198784171458,-0.691593140717541,-0.5722581305441868,-0.5954176804787613,0.9999897769925492,0.99517602609525,-0.926682326087072,0.1419818224748338,18.853717574570037,-0.4676971776594811,0.6007674581334316,-0.2447996523210687,-0.8325179733914745,-0.5758409396271909,-1.1070428951577027,-0.3744495395777693,-0.3615361126839395,-0.9434933642174168,-0.8034135242157695,18.66832255531318,-0.8925549307054069,-0.4641835183309505
-1.0513502883391992,-1.2663342667789714,-1.3753397573543895,-1.6980065598779184,-0.8012685947760437,-0.8000919182051682,1.1711930391596843,0.7449772047434733,18.813572477433983,0.4468806558329555,-0.3830980077333838,-1.4996280486947426,-1.774204959053059,-1.7587175072116716,-1.794075757410628,-0.6286563501969021,-0.6263583660003985,0.2807322381604425,1.2011688232096207,18.83871849083185,-0.3896264705479758,-0.7261841402467683,-1.5556371014931074,-1.4764925655762944,-1.870349297268579,-1.9253544662106352,-0.9897051894527316,-1.0057642548739656,0.8061048364013158,1.7268590330100122,18.95144899109698,2.5524564872957107,-0.5995649792289935
-1.5626111916488616,-1.6523952938791056,-1.6610719374191505,-1.4401377792669847,0.4229672193578321,0.4400135056761856,0.7193525576616724,1.947566092009802,19.07034040668079,1.129143959114982,0.816890233533787,-1.6398832972124828,-1.3868080402156395,-1.5651075117262294,-1.1256698625244896,0.8193136294572247,0.8253428786471878,-1.0551766903771194,0.565778492726676,18.938225549373325,1.969308613265792,0.8169260308253764,-0.7637198547212108,-0.6812882596422457,-0.4090427400929514,-0.252077772077163,1.742144526368075,1.7168504745062727,-1.067093286008001,-0.7115567174202966,18.783362915315855,-0.67067315136329,1.4500728537320526
-0.3100930267898423,-0.6950644648644401,-0.3580672824285722,-0.3687601247843291,-0.1221763705866073,-0.1072571158495781,0.1063514786728115,-0.5691175736288786,18.799087049081702,-0.7091718804787677,0.0412444655130749,-0.2885888738770066,-0.1810372164237305,0.0026278472075687,0.13494333798048,0.7344794523876543,0.7428511248490921,-1.035678299673283,-1.323197788714565,18.61243105170595,-0.5087397517773034,0.2443615672894128,0.2838904141280391,0.0602360270754336,0.0086132136459126,-0.167451491824582,-0.4371994872252981,-0.430613156128446,0.7982830376742664,-0.5691044837115375,18.707340551569455,0.0727378780038696,-0.2326506718200936
-0.3055548892790072,0.3859244929190861,0.1108558935500451,0.6142890863040587,0.7483365311031835,0.7563292696533573,-0.2846565695003627,-0.8518249063909284,18.680614372200164,0.3610397731255324,0.5365084387262586,1.4664821171732645,2.3010841654265293,1.8563330080884115,2.292206300100581,1.8911780005221068,1.8563634214448863,1.3867450705945408,0.361538649093217,18.848503389263648,0.0430236004909853,2.0426775176101737,2.150672563506023,1.8918454198223484,1.7343276196636994,1.157995856886454,-0.989632742788765,-0.9987904571971457,-0.2063806469370497,0.205036984257174,18.828652048923946,-0.1924751006186699,-0.8351406592799256
1.3236124017581918,1.3459465867918867,1.1623453959946508,1.0660173940106934,-0.1660346371228145,-0.1534322859278591,-0.2626193414002196,0.1160341030502261,18.786669486497622,0.3303814752367498,-0.3177900632993632,0.7726017588794996,0.3949592385763728,0.8130396709870539,0.6770645068708218,-0.5701812527957926,-0.5672103915586689,-1.2547084473208276,-1.145477218954103,18.57179024121109,-1.3900090420034044,-0.8759924780586632,0.94091390479492,0.8698383663896079,1.086914308168868,0.7380949264005379,-0.07875377395176,-0.0647220367261348,0.5422476595876285,-0.2525146630770701,18.6100739128539,-0.5469041351982303,-0.0450871288387736
0.489070317742503,0.0398213111204389,0.2588402571466272,0.2013396421691174,-0.5517128270750752,-0.5528104813999637,-1.2380778925245108,-1.6198452050450762,18.40713542898038,-0.7321120558045462,-0.6000368470411709,0.5036779522238868,0.3370702899313922,0.7606837989100592,0.8440422183944916,0.550154114183856,0.566699500370127,1.69177027316246,0.6890580919438624,18.633046430181388,-1.2492409933517106,0.2705407439791955,0.7074867818395671,0.5492861684141263,1.3295698226852464,0.9064506132355648,0.0293889412742205,0.0435632447993719,-0.7386104263019193,-0.4974949137140222,18.518281035810777,-1.9014795763129435,-0.1054685789890345
0.8404347503357683,1.9448634835814251,1.5187514365740122,2.259628967450534,1.413711164436486,1.4098901255467018,2.206598849796799,2.354591633407651,18.952614618787347,0.8033493095872003,1.423903064073485,1.4387091251842945,0.933449817009831,0.5292084309970324,0.0754096075406526,-1.6470129211930842,-1.6925341517161288,-0.2255207787867276,1.5439591171580884,18.94863425048432,0.9005275644789283,-1.8876100398171665,0.591889171034683,0.0744932647842399,-0.0731482255358672,-0.2521510536218564,-0.2779929724362738,-0.2647771752886599,-1.0798091666151657,-0.141286092373842,18.65546666707804,0.237599420677013,-0.0328867793888718
-1.4153726251349992,-1.2948555644885789,-1.5113454551138166,-1.3573283726814227,-1.021889878849925,-1.0260150983984144,0.1994511090571246,0.2413942558922055,18.71247311504119,-0.1544301783563405,-0.9438938133641996,-2.2114045276541443,-1.573958035728787,-1.7890535353421426,-1.1942436641450127,0.0242950348121881,0.0393760722179408,-0.3442135663909941,-0.1036528254474262,18.634645506778035,-0.0630926511299787,0.0388590814093367,-1.9411702485065792,-1.4623069187082052,-1.7873479616733727,-1.1032291966611545,-0.0098389166220257,0.0051402747907003,0.4563353569393852,0.4586337090687492,18.772425762755205,0.9239845781362942,0.0726304749535408
-0.7421895226260921,-0.7409707154389004,-0.270859964338951,-0.6740809603847697,0.4333727127423604,0.4456960452930296,-0.8430001238648044,-0.7052596698422519,18.567123804824167,-1.3924574152498574,0.602389705222197,-0.1070221535196847,-0.3985920889064602,-0.9539949663619268,-1.294790770978815,-0.8434921373869083,-0.8425138184776951,0.9363321932951724,0.4493334102008935,18.827853067272315,1.4013269798711827,-0.7272530181653634,-1.05807551833083,-0.9241976333015576,-0.7219690719815712,-0.5027171785223155,0.9450075635359976,0.94752968516408,-1.0421131433786124,-1.195464617044355,18.542305289330656,-0.6268740884886027,0.7430189272959198
-0.7514281919915549,-0.7888590485547409,-0.4303833943693759,-0.49390904957494,-1.4659754403515351e-05,0.0158135998916882,-0.6202511160345985,-1.6142899486643507,18.384418141671805,-1.2547930995381436,0.1366110412123704,-0.2813403431452738,-0.1722843368507895,-0.1397118564530819,0.0658624480814604,0.7796692100909788,0.7783912625354127,1.1784127243901072,-0.4219570708895948,18.574793145904177,-0.1131974606816021,0.7509633510753039,0.0567093713587589,-0.3762444029537857,0.281507666425892,-0.4709178558780759,-0.4566945015614564,-0.4494023849048987,-0.8355447282350592,-1.2613169807737918,18.338027141691263,-1.0498502971708137,-0.566452429714336
-1.4967695784869917,-1.6155892263019571,-1.2337080148355093,-1.736116809700096,-0.671839994704268,-0.6674936296107378,1.5317793664908028,0.8342520810037211,18.649668790880572,-0.1933671674933379,-0.7330062169979463,-2.438775144151995,-2.6231154425729275,-2.614395162087161,-2.7021917819200305,-2.4448483892133677,-2.4749450888974485,1.9394826986372415,2.4801924832536453,19.16723029797815,1.3012362951768397,-2.522331604858727,-1.8219225650460475,-2.031663848424555,-1.7630305845097571,-1.7153447516972675,0.6617238598284533,0.6531391599978821,-1.353232313855454,-0.11975920956382,18.6320674617496,-0.5013142435788168,0.7310276529998628
-1.4375639209016755,-1.5514331128415024,-1.563871801847904,-1.5081216976577292,-0.0936297687276431,-0.0751548954790031,0.2494382259249796,0.3714645221200385,18.757200129462053,0.5743757025441653,-0.1094177841361374,-1.4632117270087286,-1.3729388660295447,-1.2424589631887597,-1.3304776889971734,0.0817831867933939,0.0956610144017177,-0.5384693749362737,-0.2080453147858556,18.61952587317292,-0.5358281101372,0.5671690015529317,-1.1704260163611442,-1.301412801621619,-1.3590351023069922,-1.480946766935756,-0.7865897763818389,-0.7644851854304545,0.6188425438051451,0.6713895600056405,18.848325397345693,1.1891731640252787,-0.773110049200218
-1.4285023331690467,-1.0704523827608257,-1.1469150516376043,-0.8016580363577211,1.5085599992962506,1.4582907380815615,-0.6968265003715141,-0.1954290292963521,18.659817330173627,1.230742438397977,1.108557347710834,-0.6149464437393958,-0.5473538610277988,-0.6082567269361027,-0.3349644950092078,0.9390248871850794,0.922967030164977,-0.3211548293107237,-0.5151413683740118,18.62375056738595,0.7125340601026277,0.8620820542911983,-0.2691003301174974,-0.5585137318513629,-0.33138644336531,-0.4024774929024091,-0.0366330250907528,-0.0184747673753358,-0.4532836647100761,-0.8599361570209504,18.506996054577336,-0.9276364856961824,-0.0175629228601228
-0.2180675421613458,-0.1262160157215321,-0.1181497502817692,-0.4256746675578886,0.0981889718887601,0.1140143905018828,0.3240839344508416,-0.4789167510801767,18.66956768048003,-0.0067773478782958,0.4314832465097596,-0.3731620074353505,0.1950316217357638,0.6514565427165326,-0.1978610495121125,0.332301826615177,0.3414525106227535,-0.329695792151743,-0.6491578412113223,18.60073306965454,-0.8648198464158392,0.5355811443067126,0.4666451294810287,-0.4249750816327666,0.6099794753968542,0.048904938976035,0.1893606636281582,0.1998756802535659,-0.7443224451748828,-1.5047860684092382,18.370528913636228,-1.5250902958473158,0.5383134436283428
0.8753588012101591,2.2169240307849805,1.6654759008454671,2.1052875613019864,1.7436958814319925,1.7217972448319827,0.8107249161639294,-0.5104737524612551,18.49245149622004,0.4936212228770382,1.5271411981593508,2.2702912711791323,2.066346501832061,2.0945086773919006,1.7951692283252072,0.1473266120043628,0.1601801627325655,0.3558730754285279,0.1184278086626195,18.536233748269503,-0.9042758905278472,0.1879412724427432,1.0976224805637556,0.9267177138507184,1.243790119348708,1.0515592429734597,-0.7166220433711684,-0.7125365653777461,-1.1423468689758074,-1.1719485879129716,18.30375360316345,-1.3541177471147066,-0.7066019568756994
1.356294236980416,1.5287401648254009,1.0522563293459015,0.8132879804263372,-0.5433135370871371,-0.5407595833374116,1.9483151823807012,1.795977656646787,18.60167392718203,0.8483773750004407,-0.9762911661123193,0.616901828788825,1.1298989323912725,0.9452839575495124,1.267031222245393,0.6253664371317775,0.6368981669427917,-0.7067795545025152,0.5272316931868363,18.458842252115275,0.5321012193722638,0.9549846744772382,1.5895748839998138,1.4938739841034177,0.8680752659661665,0.3381295856333007,-1.1548159984290145,-1.1745853726265056,1.921602539225837,2.466742681261112,18.875425426607897,1.902366062314505,-1.430988775289594
0.0070146651863123,-0.1154609634956673,0.0684991839721221,-0.1007017406468228,-0.5676083435129188,-0.5683750002717604,-1.3325966042487505,-0.1161655951340529,18.475097913457297,-0.3771903981728632,-0.9210859057408568,-0.4610312327327675,-0.2703843793936725,-0.1572368046590152,-0.2307451570848082,-0.1366505050093635,-0.1286457694920497,-0.2720280407718652,-0.3161081392290223,18.403420651872416,-0.3169754873854534,0.1781432382913563,-0.1008266433339181,0.709833629481634,0.6074833413780026,1.4183018011037662,1.41723808994929,1.4147956357722866,0.8680580631832436,0.8684644370608381,18.647605943811712,0.5480891661937325,1.2890651190862126
1.0684145223473942,1.3534452418601703,2.1705389190925133,1.9583317854407536,0.3077167865758576,0.3195977524854645,-0.6382432184964837,-0.0981618815669914,18.51162048729715,-0.8675012898079778,0.0863826808470899,1.4913251742425986,1.9713621569641675,2.22302529329122,1.9306884547469376,0.6134890854784246,0.6203264738743516,0.6746984941747657,0.909347445562331,18.728343376398776,-0.337003855048113,0.8654300686397389,1.772389596209981,2.195237465898992,2.0562852026457485,2.200994773413309,1.5895220911938746,1.575337630054656,-0.2822937110992692,0.4939415664451422,18.69832309413069,1.0262687251910465,1.7785681175867654
1.9217735917440195,1.9023691561087377,1.9658105805379809,1.3730271320358485,-1.067122076981125,-1.0734252651345002,0.3812261818344252,1.1045874892459544,18.87145122759144,0.0908502936030579,-0.647963643693944,1.0765634793233767,0.653655010208405,0.8133609323923146,0.832796516298452,-0.9414565726353612,-0.944612222994943,-0.6454985826124756,0.0131350177307283,18.739898553997328,-0.5405013329923922,-0.7816625436923157,1.3324525379745886,0.8004519850679265,0.9273879716750284,0.8471018074180223,0.0530140677485355,0.0644237348190638,-1.1806370172935847,-1.6330355993487058,18.38888766787891,-0.4124710574977828,-0.3204679213142029
0.9138103154737218,1.6493530605337765,1.16912481620882,1.4749884304155547,1.2953145434062516,1.2887969657368976,2.06919457980116,1.3398516227224229,18.90348645695569,2.471946294158032,1.0627269337007486,1.962218529677692,1.7055200568382594,1.977038605496933,1.801926962561099,0.8730832337683992,0.872749406235502,-0.8870278939331682,-0.4029845145926606,18.673916555194264,-0.3770173606657483,1.164390884029619,1.5616762730173337,1.3821032502987018,1.427012526154106,1.70503909629836,-0.2859781244638985,-0.2750649253192228,0.3210753981481793,0.2331398986387783,18.830879304909036,0.2327330060233233,0.0434078300983694
1.513151079141002,1.548321241677317,1.5406919104875871,1.6143350596467034,-0.0211110021497741,-0.0109327162519689,-0.2315367433423392,0.0004262295149009,18.812924845106096,0.6563831547091945,-0.4494680580857082,1.7168064765019069,1.7239511363220554,1.8987816397246835,1.690625765011566,0.4991348573856525,0.5048175613357379,0.1366803746919281,0.365284092202636,18.916163268050955,-0.5886917987897037,-0.0453550065647705,1.7723784659922863,1.601218897125294,1.718817793200656,1.5538506258910465,-0.0989347138984362,-0.0884093724175193,-0.4339833552877933,-0.2706129453294852,18.833737634747457,-0.8921510930878911,0.0861124275220049
1.317724867312792,1.306550132216146,1.2514134662685852,1.4227364214805125,0.0397004615014935,0.0488635579114919,-0.2467372845297502,-0.4736852389059025,18.805341610115832,0.0848151249155052,0.041675776009716,1.6397420006624528,1.4957874049647346,1.5418729589581286,1.3218160088775708,-0.2587787764694913,-0.2510685744680557,0.7831711657725032,1.20561594696047,19.03970118833639,-0.5917648021480661,0.1500976834228389,1.159535601603093,1.4765273921142932,1.269147427640648,1.6154966502322097,1.4004419809674886,1.39782969267958,-0.5840382505046526,0.068434050006851,18.91835851830701,0.7545609715567184,1.375602087889745
1.9795654558064597,1.9818301185862377,1.8988299490418372,1.788721583437532,0.8591813293087284,0.8614056865532301,0.4610012446986417,1.1106384573070958,19.11323925628116,-0.1696463146940912,1.1723425620129917,1.571715382690154,1.49824314048674,1.64053608790811,1.6738652818812354,-0.3140201881004748,-0.3101205500304703,-1.4419251989326591,-1.5207991975061437,18.828395991929288,-1.535147665730321,-0.8149047103023579,1.4672596943470442,1.5465435472102207,1.5553617662358667,1.6738620515123943,0.8507201437161769,0.8544378339408024,0.2799971637764621,-0.979954206141948,18.90547631229992,-0.7315004087702409,0.6387141482800869
1.447947869840457,1.3534651607837889,1.254462994171701,1.2842510675075167,-1.996646008342688,-2.014484670774834,0.177246537659771,-0.518177335846813,18.95468857778588,0.459935146726903,-1.8829787479739268,0.7100174726435919,1.021162368179312,0.9163667071207444,1.036719174294399,-1.4068548892073136,-1.4127223413227508,-0.512282260831951,-1.0080538130640466,18.89175380739944,0.8961080224910091,-1.7990556944897411,1.0851642965509218,1.0754260395146995,1.2418448667915636,1.090160441467683,-0.1091514535610179,-0.1015159503690493,0.2194025809483142,-0.4987411647437532,18.93687414140959,-1.3776698342545632,0.2632004513745725
1.0324035132295757,1.4321837559317006,1.222945918638462,1.559821513102943,1.473896828386573,1.4599441238798951,-0.2064660749768151,-0.6084432953360955,18.925153436516915,1.142153558583697,1.6730559583733329,1.5961917216914885,1.3733003357351152,0.8954490801907646,0.5274041677932708,-2.2203446235191913,-2.250449367104015,1.3511020454445126,1.1596195311274229,19.171139303596924,2.0743289143042976,-2.029773152652113,-0.1674224730085882,0.4229603383674823,-0.0056702220845293,0.7920695544641857,0.0887140460400226,0.1013518781888255,-1.265705082712295,-0.7340394501351918,18.93276098635515,1.2676492460783766,0.0570460314194818
0.335715024870666,-0.0225902184149976,0.2483304338584538,-0.1900125929449089,-1.1862867721708508,-1.182666275979398,0.233613315752085,-0.1993394959739448,18.98930781376877,-0.4239883570520292,-0.9580213354293232,-0.782420032660175,-0.6316069606344284,-1.6563005045475632,-1.919485571301965,-1.5776268094561572,-1.5979204859253449,0.1281696976268704,0.3971760764073524,19.00841519082448,1.3639719625252509,-1.5302129454178814,-1.4356575801185976,-1.6383589372014316,-1.4532798446977044,-0.8775673219828286,0.9448047813468125,0.938421970387214,-0.7855025358980428,-0.8800181312701408,18.921263292079615,-0.5736329149140912,0.7275892883289409
-0.6571874397451192,-0.4253357128357862,-0.2404736308533873,-0.1547279732778558,0.636002781694029,0.6411024132725719,-0.2924593713084505,-1.0812953525991025,18.889250852448033,-0.391886580893135,0.6882070520932156,0.278459463338718,-0.3034250959042757,0.3985265548241503,-0.0179548928519308,0.1037810495317257,0.119899687087611,-1.1724919580706037,-1.9159851750369283,18.69286891087002,-1.171577546750994,0.0018591390463998,0.4391933284790839,0.1025462965188826,1.0599946579937631,0.402870650905305,0.3535865495828508,0.3644279069081121,-0.8343856867954419,-1.8860772553061904,18.53639587407626,-1.3947499861234824,0.0543584389542615
1.6628082263726744,1.8393922364391675,2.0581706606492345,1.7669781204346968,1.391590583944157,1.3585069573543465,0.6261654557878503,-1.1493611958242107,18.600381377458874,-0.695055572232863,1.4813954566287686,1.4760155362464895,1.521809964339239,1.7444616826167998,1.7241524751452733,0.1436325873357947,0.1605820262502219,0.7507805451536332,-0.4692419703600338,18.694752370569756,-1.0220874672534628,0.2474982165217603,1.34996195894898,1.1190593235195376,1.147579002770797,1.0357630254894408,-0.7643104352541465,-0.7543272239051834,-0.329491384890754,-0.4825609407193789,18.605765986579375,-0.7052642228631422,-0.5772808335954509
1.1104680060128371,0.989160023745063,0.988337451976776,0.775230223713894,-0.3243909386933062,-0.3093089934942077,-0.2396084690544787,-0.4934851891595477,18.548211678532812,-0.5809271247800368,-0.2614292867035013,0.8104142441571167,0.6000921192963373,0.2998961306732371,0.3375470654282637,-0.6502696966797537,-0.6403351776607253,0.928909579848203,0.2983226855144782,18.598202474990575,0.6832068398248108,-0.7363344943401791,0.1365308625722069,-0.0315853806628834,0.2397103847911601,0.1786784480106761,-0.4049268034143455,-0.3991034616569326,-1.574936065736194,-1.0563805133372255,18.33699910087714,-1.234739164507749,-0.5956938680545568
0.5900858006480054,0.2832412395701491,0.5175145813899024,0.218763558736674,-0.0200648126211203,-0.0090314233425918,0.7762814940124461,-0.0377234425094194,18.3764372883205,-0.8839675985801605,-0.2330802825436955,0.2545731418738995,0.4513425324203965,0.2635242583903032,0.7264014524442269,0.5247390526217074,0.5400939719701029,1.5317958524834796,2.072611965295331,18.54007582179249,0.6454914750491065,0.3246808715404164,0.4323069663459253,1.08339625011519,0.9686206058284792,1.0627500097281686,0.1315223001832806,0.1443026022390177,0.5228216214556747,1.931877365043623,18.601092987500625,0.5675340473129763,0.2817499567000176
2.146113032784954,1.928765800136726,1.905416902793169,2.0095200678321405,0.8084331586559895,0.8204797836864192,0.6534260972224968,1.9112540200933468,18.695046554731206,0.2281801729017181,0.7574795138100708,1.9345011535659165,1.7915155815334,1.7260314796428189,1.7786941689719198,0.3212589320608585,0.3274589868189609,-1.1616225416106651,0.579716040780354,18.537883175535264,0.4486505592295525,0.0309897298173113,1.930778881245064,1.7098580525245208,1.689609064623507,1.2816433547600987,-0.6074376542769414,-0.6035596958359429,1.6581184588172038,1.7578684798737678,18.773837312661563,0.4886886876725455,-0.6915936753947945
-0.101300005756764,-0.318557913062388,-1.3992609587724163,-1.468419534754947,-2.5970612722595523,-2.619455464095399,1.1412480605896962,1.9929659139690987,18.9812007001473,2.4585713607858657,-2.5808140759933504,-1.2533900413344128,-1.404644882613012,-1.5103252027260812,-1.4074427671876475,-0.1725331779182867,-0.1510382681691859,-0.7957971553377806,1.009704748242985,18.897226060875717,0.6502169840685539,-0.1056686718427715,-1.827089753422366,-1.0812754885457927,-1.400272111239684,-0.6451097775805985,0.9139525432473772,0.884046060748368,-1.0395113877394444,-0.0090625754766435,18.73189744903835,1.2833678671466369,0.9819279354232576
-0.4593554595300967,-0.8382354689103669,-0.5095653503915993,-0.8947827089424005,-0.344775988174647,-0.3184624916456285,-1.2598150049108368,-1.1117962345575814,18.540748288130885,-0.5666212570345696,-0.3773773227249305,-1.0595206605849516,-1.127746615690514,-0.6725846668995118,-0.8712994641168881,-0.0352532526689501,-0.0170007524840459,-0.9407227449767857,-1.656699925892697,18.378359720198983,-0.9716736798050564,0.0270654346045789,-0.5871761000781267,-0.8977742056599927,-0.9897912191810712,-1.2358165052261014,-0.6635779342025024,-0.6382377580900782,0.4704299847619916,-1.1564663474281949,18.456986645860084,0.7087799481114481,-0.5237020924497877
-1.0436014781898897,-0.870429037098511,-0.6392324370635475,-0.3843546752568926,1.1497705002067902,1.1170185485406643,0.4193737210221214,-0.7491225501057804,18.529050735591156,-0.4511985408070163,1.063137522172187,-0.3570075982156996,-0.5770711441816879,-0.1030687493190505,-0.1708727716029854,0.2901287886563972,0.2998060767682446,-1.1822416761014714,-1.2347494897300624,18.253234412370436,-1.1965478985525786,0.3268226779104605,-0.3042267229785458,-0.6553235867565184,-0.2207936705810037,-0.5509416308994175,-0.3352455032747772,-0.313926629220398,-0.0033812702597651,-1.026680003039547,18.23634918044769,-0.901972116761177,-0.2843166756157465
-1.3635519992527756,-1.7876103651505075,-1.7545628910174318,-1.729881030996352,-0.3565927820817587,-0.3361475964967626,1.4576642694863946,-0.2283657582726194,18.438057892937056,-0.2586252941466204,-0.0320333198116517,-1.6126554037365015,-1.5992383559949956,-1.1469714983385004,-0.5874695880698224,0.8308813965081999,0.8383060381592138,0.0453632292419537,0.1118909986504254,18.39607141314397,-0.2123330027789383,1.0795447737979014,-0.1886025413296718,-0.4757358357654244,-0.8371486658063761,-1.3738894733741993,-0.7139575517582857,-0.7134106334673451,0.3840494275388865,1.002277747910093,18.413077925634266,0.7012337366028647,-0.6802134580572918
-1.450874705342028,-2.0166389992111826,-1.9600012721617577,-1.4427126526940737,-0.1286159474668663,-0.1195964803867714,0.8988442468724269,1.9978870238336963,18.525922361542097,0.9209797789494336,-0.6556019403130043,-1.6111800737537945,-1.8368157790344617,-1.3272330254133438,-1.3671676595152629,-0.0504027773738968,-0.0404674799840509,-0.8862412592238224,0.8787262149244872,18.386526067139773,-0.8840726392893623,0.0824682603379386,-0.9386079807758884,-1.4027389660593697,-1.3993472929206126,-1.806854366378624,-0.8900905551914828,-0.8986660749920049,0.2852722653013141,0.9821143845785528,18.436517684965573,0.2249674305139587,-0.8375704735190569
-1.354065984955608,-1.0697923499585793,-1.0232492619358329,-1.155425433299014,0.7183152907521064,0.7278699472198538,0.4915933043400235,1.2062109469673816,18.511422330883505,0.2777242569101976,0.7777005575560502,-1.409316718367449,-1.639000845448234,-1.3110539229805975,-1.2218142715299407,-0.1043055775947292,-0.0970019774109469,-0.7016210497037667,0.479327338624704,18.409282034805575,-0.9227508581033956,-0.2166368153554943,-1.6858571761276826,-1.609321237040275,-1.5555407709015598,-1.387498231291861,-0.070817166421626,-0.0637645068431306,-0.2198216456235423,0.2018485614175774,18.40653416123641,-0.5026131590131113,-0.5936946426136069
-1.190514439621965,-1.3475780375682809,-1.4867718592024408,-1.7800186368085176,-1.009986977880998,-1.0168030912319643,-1.0505265694294508,-1.2366427426734783,18.29509032106062,-0.1017630039475482,-0.5789796057424041,-1.8142461004184,-1.5988832581754582,-1.786046094540634,-1.8637214800555,-1.1336850359600976,-1.1430725629745135,2.1098403582823804,1.2583100074819755,18.538326001228857,0.4307667554005462,-0.93741192100824,-1.5243877326256607,-1.744219958718099,-1.849413690667025,-1.865974896795213,-0.833994341298807,-0.8368117081563456,0.3712142988029482,1.5249863455376944,18.608971126809305,0.1359165024593956,-0.6198373974519759
-1.9660149735604409,-1.9648413979356536,-1.8758309915295144,-1.662850365319778,-0.0609090179620425,-0.0548357622211254,0.6869150909186963,1.8523953190658204,18.726794659015916,-1.1858024438410155,-0.2786607415857684,-1.1075510370756705,-0.5975211797767305,-0.9329100691932196,-0.2731559195500527,2.5633115653951943,2.5447075233078222,-0.2234726588993573,1.317078386044219,18.725977028807453,2.143024285743973,2.6041125124480007,0.5225677067075745,0.2746242935343891,-0.004695545722683,0.0415305169907701,0.4559358064886716,0.4779761999596825,-0.6514678550672688,0.5127987022625711,18.68763370270195,1.3987892792964935,0.5324735887712004
-0.2770884768943157,0.2386410688770758,0.1028126126371099,0.474685163869513,0.5548550868712663,0.5748008598408779,-1.6782396324075703,-1.38784845980134,18.431399106526325,0.597718661145357,0.2124813955924511,0.7927927374161671,0.4358815366006539,0.1716411470808101,-0.0774186139077518,-0.7097021692285121,-0.7205882062984429,-0.0870181594130428,-1.1536760745137342,18.41845227275386,0.9386687639391964,-0.4217014615918981,0.1116488297969896,0.5332447358841446,0.6253860994142382,1.0311096206044672,1.1002809036527827,1.113142143490597,0.3928175581429745,-0.7221257943162176,18.484708519056383,-0.1729738999756394,1.0437783155661209
1.263063624972634,1.131432344630003,1.294690535814256,1.0873985431552038,0.0239181646595275,0.0397631346360645,-0.0518711387110819,-0.6704233384068684,18.49461592474995,-0.1945486988190714,-0.2341957964991814,0.8273298202674025,1.9281180776669749,1.4282415242846396,2.103421893881984,1.6352592467890308,1.6182652307604382,1.3377558623848604,0.4112535112024942,18.713705526178753,2.4557409166760436,1.5881339278996465,1.7750570926068192,1.6217287154533584,1.98512170083708,1.553002104117388,-0.3891292747110068,-0.3791451974240514,-0.8327448565748475,-0.3002069618725723,18.61943652440724,-0.3502833484543832,-0.5065563120359536
1.469995808856151,1.3288223041039022,1.738534260498213,1.3252291341066589,-0.3511760306143773,-0.3413860861298068,-0.8057916727864337,-0.8265389631202477,18.505588836422383,-1.187327676458514,-0.2567339970902064,1.362915514837311,1.0709667190087475,0.5729912702791782,0.2184185536966877,-1.5994915715240572,-1.6397587345209836,1.4636446468350894,0.7699685800205532,18.700374754117114,1.297427619077357,-1.7647006297065615,0.1713150156586375,0.8081734950823048,0.6869425443618585,1.0279984341846031,0.9816591532929806,0.9816704428064564,-0.1785666172039114,0.8626831472952471,18.67895667023507,0.3012962429894245,1.2762914208906693
0.991497587784702,0.4224267951511401,0.564690253418683,0.4747949530270959,-0.6957284608202943,-0.6907539402090607,-0.6511577446917455,0.1183590680275013,18.577340852527907,-0.3283928772787242,-0.5178248848735625,-0.1468484458676222,0.0155468643294047,0.2384653296059551,0.3095296945879253,-0.2214949206042597,-0.2069995551882596,-0.2730797479347339,-0.2774438047546971,18.56315986969985,-0.4774320606788064,-0.1414313505165816,0.4180804058915369,0.2875430703800381,0.4938521284222534,-0.2427073480335749,-0.5574261251867969,-0.5502524222692906,0.0239582376823478,-0.3147684850613671,18.58930644759058,-0.3913624934157779,-0.5895086282766544
1.685477510267977,2.2073293922049637,1.8995052348357877,2.129871029576684,1.8677409476027889,1.8364649440654548,2.1760962202692276,2.4023844222865827,18.97839702038613,0.3535387668624781,1.8797656911463656,1.795582562278658,2.017912095843098,1.9279418425133144,1.2658081088879694,-0.7300892669437908,-0.7327437851784986,-1.2531573707627548,-0.1316571617440253,18.728164715758886,-0.2847899936302103,-0.6444055670161716,1.4478158266825307,1.2732986169182747,1.6176394586789165,1.3598223971617158,0.1950221982943184,0.2167267324425334,-0.8600775773300204,-1.182818676623609,18.53109179316704,-1.2865630287889531,0.1554035682872333
1.2596132871740824,1.1762541218124027,1.4307964193256706,1.4286782735636006,0.2266028422645823,0.2480335624632647,-0.1939621617160859,-1.1251423806659504,18.49495114077163,-1.2188293219439332,0.0214662031590971,1.440502456842987,1.1324127610063175,1.2133077608206433,1.05719852875971,-0.3061719197485579,-0.2951770015693948,0.9396169185341904,0.0092020601153066,18.70903359887927,-0.8823257037299824,-0.0499391287475922,0.7496873109229959,0.3391034944326183,0.4907851752202236,0.1541846354377767,-1.05262017739405,-1.0824696207951274,-1.0595757823198504,-1.236061999123391,18.435995876311026,-0.8135688927215582,-1.1800748026447598
0.0249319502496808,-0.0928105657819295,0.1428096533543889,0.1796508972307268,0.004274954729762,0.0210097034235057,0.107585623248678,-0.8383119487606978,18.457051254904844,-0.9616103830317192,0.0333750096760267,0.1773155420932851,0.3622747113643486,0.1115804525687483,-0.3341184454229682,-0.5215421572713492,-0.5262459389691919,0.6969951183424445,0.0776896493357914,18.623740772683007,0.7941453668971904,-0.3354280211456955,-1.1500696715774197,-1.4059455994265542,-1.1024051183610404,-1.197544982882604,-0.7411747987343624,-0.7582296628681321,-0.2179461303230533,-0.0844146867057805,18.59908631828576,-0.7502732541820791,-0.431381814760534
-1.5439964847366818,-1.8994223588434205,-2.212145274975228,-2.185008958940772,-1.0169576732711292,-1.0506329192108554,0.1711116865025753,0.2414379577486404,18.663815932150296,1.5204584892734896,-1.1459509324523938,-2.2014842121256017,-2.0738041614684226,-1.96218897597873,-1.497051527861767,0.8885404583642124,0.8886765275724751,-0.8491786616316819,-0.5043131166876729,18.46600396234742,0.2909445964944456,0.6060449435785825,-1.637257206867672,-1.42877528233429,-1.3038012419960014,-1.3696955833086932,-0.1324685893197628,-0.1229780476968183,-0.0506971206401622,-0.3227698773325357,18.440420633986488,-0.0029625017888277,0.4223724242966054
-1.2172501931121165,-1.3956327320616655,-1.4526573812940011,-1.3160815569100877,-0.1599559933081699,-0.1515057472375231,1.6987459050148177,2.004290468326805,18.732547014407867,1.0826214691315796,-0.4359450421459248,-1.239711401632847,-1.0019065283669475,-0.9522583573135271,-0.711401120219667,1.7675961488887233,1.748007109270957,-0.8905055026431736,0.3064153595848192,18.578187793435426,0.1261437407099814,1.3407495400956604,-0.3418031528580905,-0.2689420195526599,-0.2019374473649847,-0.2200781757522119,1.1251216999513751,1.1213742959266604,0.5001760858240158,1.1359610972158216,18.670241866089963,-0.2594720581078523,1.1820418357592006
-0.6582046261174724,-0.1720227416621491,-0.3958027889034221,0.0779250154693594,0.519137104547819,0.5238263124366273,-0.4278094233499265,0.4679991523089351,18.634261929225325,1.0140018200753458,0.3900465557956466,-0.1197002750999983,-0.478838879834738,-0.0399811959262443,-0.3786893522912503,-0.6102168049955338,-0.6046027609374972,-1.1245720781481316,-1.4016034395050965,18.440339253020873,-1.5572722177060518,-0.2178220317732783,0.0658828310866449,1.5198143148760914,0.779177275792987,2.03776873448886,2.033579634260574,2.002968430762278,1.420034101136094,0.7986863367721161,18.680901181294544,1.5540930884168191,1.999175514288326
1.87494260872497,1.641392599743823,2.1273349734141425,1.605726198558571,-0.2254302948101979,-0.2150154782063657,-0.5251009710617645,-0.0955538300557625,18.59597098051665,-0.9886588505323242,-0.2781625296133733,1.0718378655938985,1.1950614381032132,1.0197380967837442,1.3155219217309104,-0.1987019537633258,-0.1911654928962965,-0.0881818993459617,-0.0859832729478556,18.585745937466733,0.499742786827951,-0.8706072722665764,1.0511229051837718,0.9429933914511408,1.0096083410822962,0.980911245302408,-0.3664893598187347,-0.362513649719376,-0.8547518732060514,-1.3505381062376516,18.434365686513217,-0.1814301071780984,-0.7503887613093608
1.16672075559619,1.5541530102110093,1.4344911482027434,1.2041099144199334,0.3197580576908695,0.3320792904672522,0.9515498674218816,0.0723312141019306,18.6248942553153,0.3885110158269194,0.2039828003776974,1.776152266055076,1.273073486991136,1.5755891659470769,0.9851111999496284,-0.5342955797234998,-0.5336994732869491,-0.8687051104402901,-1.10469081255961,18.457073433166755,-0.8486227690097105,-0.7081534337148573,1.1678826531859643,0.6965249466716577,0.8245077689058835,0.2288252409545982,-0.9374178527128656,-0.9510335169406738,0.4506002372350994,-0.2489222469917555,18.529607800933743,-0.3608777416770413,-0.7000183435509919
0.4715183352855294,-0.3275285885280182,-0.2821342014644271,-1.12670293451485,-1.251610211531731,-1.2786941915638883,-0.469445522123997,-0.7745354603583949,18.441206648835923,-0.0785300672599425,-1.2048627562054883,-1.0051303140381505,-1.0850498948195038,-0.772937931885178,-0.7090500841804568,0.4049606872475463,0.4194353850615879,-0.6779456911186332,-1.4727181150478752,18.30321616883204,-0.8282422280947644,0.0674970292871807,-1.054198626319947,-1.165690127029348,-1.185518467131045,-0.9378951610389358,0.0040838576096419,0.0145991377096268,0.3438399994916017,-0.9130872690545004,18.35414450604008,0.3082457342005444,0.1757075121331314
-0.7629005976536815,-1.380108177939005,-1.7819102303585752,-2.220261788203425,-2.1147145416360176,-2.130132474833262,2.0216023397902987,2.0298456540400727,18.645006004772785,1.8440585025940743,-1.980355324809701,-2.5002380856731152,-2.52888793314235,-2.548491664705739,-2.498547982377716,-2.321768138544986,-2.3474470052713574,1.608507319558699,2.479599929780327,18.95584399633376,2.125480234955748,-2.500501735337117,-2.0577158540878067,-2.134938596769667,-1.9754411625302637,-1.999005349315649,-0.5135340013584901,-0.4935814521561243,-1.08775847860129,0.8235528578874397,18.74083485406136,-0.050079404283703,-0.2337820156277719
-1.7558927710617418,-1.6386597882060787,-1.7288362962384622,-1.5070236123772234,0.5983838217557415,0.5971979130818322,0.1839254723710299,0.89933212151114,18.830691511544806,1.9128448499022832,0.6785326972784811,-1.149310941222708,-1.1227693153322649,-0.9661086036451508,-1.0539936948068684,1.171844476283466,1.1449416099526366,-1.1003398638254944,-0.3023388397792539,18.588151750153205,-0.4379577910617044,1.064848751505416,-0.9732312410191062,-1.0047936894608227,-0.8710028370300112,-1.03128836210643,0.0496604538285877,0.0643540793071365,-0.5630223713598715,-0.7381511836256668,18.488947627974177,-0.5031991565295941,0.4095713992939723
-0.9948605785500636,-1.055871320909063,-1.0228387527910834,-1.121783645451874,-0.272907778178986,-0.255158398925869,0.2664509598224723,-0.4403877850629956,18.561421346413916,0.2088233993169926,-0.0817291772637269,-0.8653780993425604,-0.9823966232271768,-0.8077700714997651,-0.8599601754744379,0.7456539382289935,0.7399206336168704,-0.8852335188539041,-1.079334790449236,18.36813615122801,-0.9244991594624594,0.8726026133271514,-0.7765019931667554,-0.8920848383836856,-1.2102492414554749,-1.1834145109618643,-0.6907527393056891,-0.6762029863345733,1.5196584016658796,0.1228842495025758,18.73145562071511,1.9257156703483456,-1.2473537660655185
-1.3793272034904132,-1.2493864219418749,-1.1457603979650086,-0.943820747348248,1.1363264113991027,1.1193727189222518,-0.7319133937705689,-0.6968172334778465,18.586773837010977,-0.362291230463291,0.905973080010672,-0.947784276619559,-1.1815473928318811,-0.9264776114778276,-0.4800469678970127,1.0649984150864455,1.045536736005,0.0502233706183597,-0.4544349482859623,18.616754808347125,-0.5191432870650885,0.8087327544341665,0.4084053801209742,0.755327026620754,0.9026709124179436,1.4436177680856448,1.8545813542596916,1.819433816986956,0.2521102672734019,0.1602013176472537,18.651694055311783,-0.6342233923130278,1.5931682403776086
1.4914549140441415,1.53519750719922,1.523004594239974,1.3697197523878055,0.0799661874203448,0.0938701603949414,-0.2840659680297228,0.0213003857109935,18.59699262040432,-0.6144038996985899,-0.1374820524832019,1.458747885235595,1.2604776556124555,0.925229350467538,1.0982220059312484,-0.220722068598431,-0.2075334782255543,-0.0284857395619795,0.4766002825789688,18.580550475923108,0.5149663723866899,-0.1901728008549606,0.8905981073072153,0.8431809917368212,0.9709217763905256,1.2843968765702456,0.3313372242076214,0.3439742664984167,-0.0813587520884128,0.4258944407814179,18.576830290428237,-0.6953277892435317,0.3909368040921243
1.1015011005571256,0.8860756380594355,1.064774633945364,1.0804788570394237,-0.1727734761616871,-0.1596414418885492,-0.5839221836627372,-0.677671320871595,18.484451479793226,-0.9045622375382338,-0.0586734176746216,0.6158569133195996,0.4188191692149242,-0.1106804008198902,-0.2528769484247902,-1.69020925460652,-1.7158140389465169,1.5010341189722112,1.860619228317766,18.77211548899987,1.2843269403178017,-1.4601699444383984,-0.4365606246137458,-0.2509425526744875,-0.2146438111866866,0.1758096959366858,0.5298929571681363,0.5369037464047056,-0.661471772863126,0.5618559517699151,18.690662086223725,-0.0223821430588577,0.3219158871189186
0.102000961588002,0.7642697850910952,0.2651861241896258,1.03436097195734,0.9447226091994732,0.9349730935130226,0.479517575309571,1.315507017661008,18.760345030556973,1.506011397854082,1.3986511004546154,1.9290136823103616,1.881752748694005,1.9959935043803765,2.110955810822476,1.2719484343430518,1.247759727390907,0.3031128112719159,1.434616544843433,18.824622031635688,-0.8969008331997425,1.1404339101958616,1.8844291897865737,2.175996577598649,1.986151392232642,1.9936327079965876,0.162100284006544,0.1752993134664887,-0.1924193399259695,0.9843605291147306,18.828503078285177,-0.0928237680092174,0.3601358312720892
1.4756291787178544,1.2325609808610167,1.1468990648573474,0.8764952038935625,-1.3150340837223142,-1.3209887211846107,-0.8280240337161718,-0.2245385347654424,18.734153369939147,-0.1718270777246685,-1.4234231983498042,0.6080917120579721,0.7429117575688903,0.6334698881037191,0.7846789740902322,-0.111104336072531,-0.0951765822711342,0.1422667890961191,-0.0506768750726045,18.775082713641204,0.1165345288890881,-0.0531243493914878,0.6902202506375353,0.5992830687625101,0.8674378651924431,0.7457799144991624,-0.0638606795041397,-0.048086177307503,-1.3607448086366187,-1.7263018281589044,18.571856440043465,-1.2289383955758335,-0.1857110761993427
0.6425202343076543,1.001492975174717,0.8854144315152457,1.0342640169539126,0.4321007706920508,0.4406750899230484,0.272512212946398,-1.1825497897661403,18.62188948464222,-0.0484153963532064,0.6814683420753412,1.0666911977553717,0.8494441324795419,0.5945142969915215,0.3136229357531648,-0.9528159278179216,-0.947709453492464,-0.3886336263680399,-1.4293213491703312,18.585776459184373,0.5613029016338712,-1.0751173061806645,0.2024512378279676,0.2124611153971143,0.5282704013295141,0.2591169601938727,-0.2212871535801256,-0.2079429181146051,-2.4374272784694546,-2.351855147694305,17.991822144405404,-1.289332789312361,-0.0871411004868431
0.354217184293667,-0.1212521376315657,0.360825050738695,0.1251551135685908,-0.2443271768489739,-0.2317744731156704,2.390517891169623,-0.3563483413610465,18.534293326456744,-1.1015207004215408,-0.0823644261103349,0.0826346473163152,1.5127119817764894,0.8258089909989488,2.0492345940233734,1.1547214169824505,1.1481563815001925,0.909684922187216,1.0214584229333026,18.816431493430393,1.3771262667379898,1.3261280970302076,2.2628472868615215,1.973446507873136,2.2800923727476254,1.188011266172314,-0.5473563280313085,-0.5389646819508157,-0.3798709081190167,0.6438143679861417,18.723753526963495,0.0121733339121486,-0.4476907173410039
1.2146133407709534,0.5422861149862477,0.880847217496375,0.4211463458010128,-0.6467174637739156,-0.6426272052370996,-0.1591890400165945,0.6647890771370115,18.700984672215707,-0.4677752661597173,-0.7163014205506039,-0.8091160841679571,-0.4459764215128023,-0.3138867314832245,0.0390431685876967,-0.3676008605374618,-0.3617926916810716,-0.3600389337291654,0.275191728488031,18.61273396908072,-0.3394180390658893,-0.5253948785504876,-0.4440656120128587,-0.6728195674749646,-0.1742275700471919,-0.7636210330518449,-0.6730275950269248,-0.6732904145383017,-0.475858412472451,-0.2380996805941355,18.46086062195993,-0.9954671606202422,-0.3470922711676605
-0.7841092773502472,0.6712551578099436,-0.1397740439342937,-0.0940178182988724,0.5448396379942334,0.5546920825228806,0.8226523457545134,1.0139237698554866,18.74255480814803,1.2842244770504947,0.5653029975201344,0.7200189283306827,0.5749719003249856,1.1871410381007192,0.1133412054387668,0.1631521107680074,0.1733915310784786,-0.4007978443592982,0.4205889482721188,18.655248398988743,-0.6557147036709683,0.3535382024241632,0.4835856777299367,0.0402564968694309,0.4659359045983097,0.7642693870983621,0.555688719647147,0.5660727779137862,-0.567479659457843,-0.3791579575432047,18.489668424759177,-0.5860780928759979,0.148593196890268
0.1399486510950644,0.1682909087450811,0.905054379480631,0.8920554538401009,0.0721717655064484,0.080817599555749,-0.4005134936201105,-1.3905587243990527,18.450046333354756,-0.9823532742872756,-0.1014047462483647,0.5025490152526261,-0.429101947014014,0.2707523488671003,-0.3721097834975313,-0.9699730004928464,-0.98010260296411,-0.2728382064009678,-1.444333560746096,18.39959908924925,-0.9415671717781332,-1.0826518480486351,-0.3462677093931409,-1.2722563896993933,-0.792072452731169,-1.0641955048083758,-0.6312606573232971,-0.6297483513301982,0.0725234084902695,-1.1144734726857657,18.372837292009464,-1.082909670079789,-0.8382940804285021
-1.0654391854771323,-0.8973447026201757,-1.9584200078148737,-0.0917283943362462,0.9427567843665248,0.9429366070035236,2.280853587810725,1.7812544637838486,18.801076225242557,1.6484189912418965,0.1090225765281529,0.7267580765662272,2.1901484737177066,1.3573300325804978,2.384758011023336,2.319520542044394,2.3006938792614124,0.2735652052756348,1.774913264621103,18.89585349648088,1.3939474347816594,2.35551514300402,2.1418740834005714,1.648708687372449,2.067937219701019,1.9339991618036017,0.1914704362064339,0.2011155617732012,-0.818755417716727,0.5248650560639755,18.72611039971965,-0.7968388145594013,0.3399973582331933
1.8380900537925284,1.8010188580485849,1.8226125574300935,1.3498908372354073,-0.6912512719350998,-0.6935566040511041,-0.7571105494468859,-0.3916479397728193,18.57268484438283,-0.4026156816542092,-0.7065984258485742,1.4344401228402457,1.3658695075832046,1.55055987593704,1.6154643963944708,0.6871486968259488,0.6962942844963087,-0.3563330315882356,-0.5574328347252544,18.485882179688492,-0.8502834453490894,0.5906593006097841,1.4442888365744628,1.252514381813273,0.6678172535715323,0.1147270234378868,-1.7930203472623407,-1.8225253371011567,0.7392264410795312,0.2747136081976325,18.644600002328044,1.3351389812171317,-1.1856529525250137
0.7089009168756486,0.5048406445165813,0.7087516264813664,0.9695064130527392,0.9861681260044448,0.9850237168502596,-0.68188422110915,-0.4417726488208698,18.512295020494435,-0.5641069565692237,0.8256486525634024,1.078905604699985,0.7656407710213241,0.8728976630960517,0.5731284860828434,-0.4530685006006446,-0.4448916112505843,-0.7281729920737327,-1.0811561605487352,18.350792482437665,-0.4333477328992804,-0.4518050832893568,0.653398582243653,0.5851108398609691,0.8635777696714843,0.9407887993227104,0.3677346353932052,0.3761210537601248,-0.342165547613428,-1.235986952733006,18.280181141072585,-0.8892241177943866,0.387020884674087
0.9422440719417045,1.1903560060872678,1.1704938188832823,1.4711864728109356,0.3649873763745678,0.3717223656631517,0.860925433072477,-0.4956688939704297,18.483602968961804,-0.7162051545716837,0.51255891607601,1.6469880083619874,1.8046880358110595,0.5233177497317211,-0.1924525598559874,-1.3783567671048382,-1.3865789353363334,0.5757795235098927,0.1005970904912224,18.548369233767403,1.2183409306908,-1.5546456840625384,-0.1149671271953404,-0.9525653843405556,-1.1012949248740966,-1.2465219761200836,-0.7564745652590447,-0.7493266452998649,-0.5489738305335653,-0.0473759860350854,18.42681490147978,0.107643435492001,-0.7411195516941441
-1.4132569874000136,-1.74380480766578,-1.6347106801708229,-1.0574741748373868,0.0661657157890435,0.0763881116654116,0.4255509126296963,0.7891440338281287,18.46617214938549,-0.2337172487720413,0.417891577933541,-1.9047885399601143,-1.9972230980304833,-2.1755059253364,-2.06081633054693,-1.3306797264368304,-1.340158774650552,1.0468233162402365,1.7557966188238154,18.61198352355208,0.6957069843284925,-1.335332302209503,-1.9857806588207336,-1.767790567522074,-1.4741414583712902,-1.5965541279751514,0.2148324552129498,0.225415166208127,-1.08719334634295,0.2385651693215297,18.44663403472469,-0.9295965828634432,0.3585225371722312
-1.677889908090556,-1.5786561666298864,-1.4702124401015328,-1.3537848959855552,0.0863570982407058,0.0960581955459186,-0.5756473130367363,-0.2376146082067943,18.341414578858245,-0.689903927041605,0.0036757373051867,-1.3801343359107965,-1.1720704057000382,-1.148586757405247,-0.823035853583043,0.9116013458192304,0.9080905139037064,-0.4591841810432568,-0.6149611076547731,18.260119907902443,-0.3613540419735859,0.2505007752799048,-0.9610271857909176,-1.1412434381396648,-1.2208930605571575,-1.1723661381992594,-0.7743558126517844,-0.7691081038024818,0.9446543492448104,0.2449301902492299,18.38718291421829,0.1001267161058215,-0.8179961553680397
-1.0261965060192615,-1.195554493182666,-1.0670843936104368,-1.0580123302564388,0.2497177443237371,0.2571537242609655,-0.4998684416512972,-0.5789035941860249,18.3332529275366,-1.1096521211062895,-0.0471593446174988,-1.1977558111196296,-1.3625234887903592,-1.5091700814674274,-1.6338646899289022,-0.8818700156652209,-0.8801396039722879,1.2548756574154325,0.9845839491265084,18.477756497153795,-0.4547972743118058,-1.0115532741838869,-1.8818689943450368,-1.7258380892152434,-1.9612019612439864,-1.992260969091312,-1.2715758399375965,-1.276669305984503,1.137189424620626,1.9376983754041015,18.626792075006485,1.4190110105580642,-1.5425021465077224
-1.8558740311886857,-1.5940655414226608,-1.886037683648496,-1.4978581453336095,0.9013051096013333,0.8991015655860206,-0.6646171714879873,0.9283414370244448,18.563524896650737,2.1788571644126846,1.2259443594658446,-1.522779624567398,-1.871637764235226,-1.5256512918061296,-1.604463198820611,-0.3247450149794103,-0.317121546770013,-0.8651966078068587,-0.0875077031250961,18.45183439995188,-1.0171130628444258,-0.0211121690819972,-1.1080673308908078,-1.3573928353044036,-1.4322917550534766,-1.519257147607402,-0.3431207193003714,-0.3366633413048084,0.4797982136503003,0.577648879483088,18.503139616501105,1.0801499137816457,-0.8558847009445233
-1.400939938461308,-1.4109869560374813,-1.2497321651343916,-1.199314703561836,0.7954268615199462,0.7969133324473967,-0.5886327690574849,-0.0348964845300628,18.441422155942465,-0.2298004935597439,0.2611919153990686,-0.9794624170794416,-0.801266289089849,-1.1204572799889756,-1.2253334654580894,-0.2099231126206427,-0.2033277982274404,1.1140203551616634,0.9377273732525074,18.585792567493115,1.6710298902456686,-0.1691671758642756,-0.882665518866775,-0.8545719703707315,-0.8298173397647,-1.0364826854827147,1.0945903317382326,1.0917664108436835,-1.0896176812405995,-0.4904376007331216,18.4846494246367,0.2719759972488695,1.0903765980995213
-0.6950638751658376,-1.0360689609755211,-0.7850238704279626,-1.0120486122405046,0.4219095211076,0.425747951258761,1.0844569003425022,0.7923227989719508,18.630697725583193,-0.4048328475967755,0.5467715055876302,-2.3083354108147724,-2.331040280775757,-2.4495800213615295,-2.442341544793803,-2.645654422725893,-2.664524157459873,2.4056676223715088,2.663897057358525,19.104165397289705,1.9339572467860997,-2.6606451970687077,-2.0091406073140896,-2.031654058031986,-1.7489802438209254,-1.7826887036471035,0.6352935071199254,0.6200330239474192,-1.808014557726846,-1.0826844582049489,18.49154174539744,-0.8480116798859288,0.6924614475357784
-1.527682747751005,-1.3204418149326944,-1.2981199021228564,-0.9846194958210414,1.3018300606543889,1.2389127392930614,0.4733125764429197,-0.3039938977340397,18.6439290977746,0.1386277431531425,1.181158298884924,-0.6287226311925944,-0.7748730125921385,-0.6205461111550845,-0.7659309502120895,0.3890065619892274,0.3907215716217534,-0.5428754178772423,-0.7650538821052942,18.515830010810895,-0.4796733047813655,0.4795354810822876,-1.044303831508141,-0.7912341436943103,-0.8126710940417446,-0.90697818572497,-0.2223485441116525,-0.1957629694583831,-0.348506046786471,-0.9215117344144796,18.45238676354372,0.216813417094908,0.2135717154533811
-0.7626238783535361,-0.9201256691214668,-0.7667749575531674,-0.6268334686001438,0.4461977292888147,0.4440595056988069,-0.4610516675812247,-1.0813407222896505,18.335594432833847,-0.6100386529075029,0.2150770771942078,-0.85993844816598,-0.833355881680545,-0.7844626217246125,-0.5587756212825192,0.1462444244660672,0.1596212693638603,0.5652646598532556,-0.4232555384820443,18.520572240752536,-0.2549989367200669,-0.0483007521564528,-0.7694147655102618,-1.0100234858651846,-1.163834501764899,-1.0162965389592789,-0.5383952570051489,-0.5057960122744057,0.5801827790311912,0.3380048130845321,18.715544970378684,1.0560527379915474,-0.4239067530455127
-1.2759624398623504,-0.7376531685914303,-0.8587332947152349,-0.4664795429269242,0.7558117936209455,0.7375300365883117,-0.4833147029396802,-0.1130872182284136,18.625057299678705,0.760874464640895,0.7523943844835143,0.3359836164123473,-0.0881699725417467,0.0782738311581984,0.2723416990786311,0.5027604309880366,0.4995580279124624,-0.4104662107415958,-0.3660380618033745,18.52985080307629,-0.2789176593452432,0.3835798478122941,0.5349688026795526,0.462923599116397,0.6100879086957197,0.6749399778510998,0.3008430944461996,0.3087732285912881,-0.9276042974716432,-1.4842700542750995,18.23476073247938,-0.6455876998376099,0.4388878777323628
0.674007102624362,0.9529206224788324,1.204615886893636,1.482852304219971,0.6821249657979654,0.6836644455117012,0.1885454853976851,-1.045798303314279,18.25198159145225,-1.4262132168489183,0.6521979323095604,0.9044612506643228,0.9730871897913664,0.6591159319048362,0.0190928546440639,-1.2805329031101438,-1.2813389223192524,0.9492419528470996,0.152878370391645,18.374622156129,0.1292684452363801,-1.3519291129605104,-0.6101390041013165,-0.8284517196192948,-0.2318318740543144,-0.9741577656844652,-0.826575430107518,-0.822309381817014,-0.5158397416089661,-0.3761800036368024,18.278650492408023,-0.9899996952545126,-0.2133606523220015
-0.2561302438374641,-0.2272210184035866,0.1066083949083174,0.3701401058094609,1.087560003662837,1.0780502514802417,-0.3335440300354902,-0.6534254974289488,18.21246276257705,-0.6593175700139283,0.9686154994477824,0.6397661268636251,2.1228534349281376,1.1677801766025582,2.2121147118270517,1.876345426001857,1.843223652456325,2.055890477704444,1.8157323021236884,18.609910062131178,1.8094927156776923,2.000644495599189,2.1549053283108406,1.8003298661204168,1.9447787566496784,1.5777861217457303,-0.3073202169121447,-0.2960110432421516,-0.4667944303557174,0.9561071251794416,18.52660351051752,-0.7716733058047899,-0.1319530215861436
1.007366970539133,0.8702330754985318,0.5140303739716385,0.4681058099206944,-1.3231800032647114,-1.339958593109784,-0.2527047858384635,0.8070674768347404,18.465135820430753,0.8666042533182746,-1.3070122737913108,0.4550630770882771,0.8373532928100111,0.8870851084875354,0.503371952187445,-0.008790752749324,0.0038130019988535,-0.0277460681435414,0.8343858456746786,18.45840034060921,0.118807126711713,-0.0396196716814883,0.467595321035092,0.4969510223434524,0.6095009133317855,0.8114338635810436,0.2851481830346919,0.2981750716974188,-0.524406387840882,0.1386880693544909,18.345305056279084,-0.0842853513619499,-0.4675561144404332
0.5914912141517192,0.250069002167226,0.5148448983271093,-0.2472389152504867,-0.9716070141102812,-0.9806784218968922,-0.8473734649540731,-0.95228813013336,18.182955152083924,-0.4719428671465441,-1.077991417351694,-0.015342432914695,0.8907018608667225,0.5603102592522985,0.9860523499231968,1.1094264619132932,1.1122840457845464,1.6297502594467184,1.1282077613310657,18.531748849287005,0.9488750372363062,1.3881897738385696,1.627789134434377,1.2735365362318598,1.4851611144201833,0.8562972901087572,-0.1588140639532597,-0.1467455491517997,-0.2640833889888127,0.6423054214813074,18.50359993519283,-0.2256250443327493,-0.1967261213142963
0.9012443779597644,1.112216272472392,1.3089589299773017,1.2064335058077509,0.0648793057932145,0.0775445719788058,-0.5071864835824654,-0.2452299054593341,18.418740873619974,-0.5134261731365937,0.2200624957033256,1.3501397907232855,1.1861369741840897,1.19512913259786,1.0657678967013808,-0.2846750221028468,-0.2752767493395086,-0.7155495957510374,-1.5063052378196888,18.268775885379615,-0.5832532521917257,-0.4200487166071497,0.5066601023416597,0.794276220846372,1.0011629412824126,1.1474013168852253,0.1255088317621181,0.1342138113888629,-0.1011475828800392,-1.2792388936587262,18.223438842341196,-0.9315594458485046,-0.1705475239683426
0.1924691062039721,-0.5717139649131295,-1.5686599337461846,-1.855366787759591,-2.1601473190609917,-2.1907102929631157,2.2463425953032714,2.065739657573321,18.71584650114994,2.3295282427082005,-2.113941057875526,-2.116299512130698,-2.480761848583588,-2.238485587953273,-2.1285626778954083,-1.046699905770382,-1.0363931659345946,-0.5558240277707271,0.9056471564734546,18.600171639869995,-0.0707478562947348,-0.6922001269421646,-1.8454059369432032,-1.9501813022377212,-1.8977829198646767,-1.8639705973232317,-0.4417347197769639,-0.4265598942578554,-0.4739018296242871,0.1923113064231729,18.496909118605796,0.3671745871043999,-0.5533119844464398
-1.7855715003857262,-1.5898838809586973,-1.4599160200324175,-1.2927927685933285,0.6832012465538104,0.6842249424654667,-0.3318991700739189,-0.2184504167555262,18.441747287855605,-0.3801848209462011,0.4138572518040469,-0.9295069504613206,-1.0977424564210632,-1.111170213831557,-1.292181308019121,-0.3216768970426741,-0.305932169311036,-0.7384621729792114,-1.2291851301096062,18.261864375039018,0.3067215984207195,-0.0915289485573435,-1.1971407869533035,-0.8910070430574675,-0.9098689574097496,-0.8879824062773969,0.905910834667181,0.8933907654530728,0.0388494835896102,-0.8984571993940379,18.26275713390004,0.3756032365628491,1.0681230023878068
-0.8285795323066403,-0.9744300549132728,-0.9153317867262198,-0.7391732718268861,0.3676877797690067,0.3727548721427604,0.1138609680935261,-0.5541870954593511,18.285910881883915,-0.1461776275287313,0.0313957289477958,-1.0069082179509916,-1.054678254040347,-1.0048301401805253,-1.1936691026702344,-1.0123760251913836,-1.004564257112969,0.7992241266908646,0.4739074817053702,18.48388557299288,-0.2013167010337248,-0.993327191893677,-1.260704431044344,-1.2808515161407743,-1.5355347699805368,-1.5350997956853585,-0.7098568240515313,-0.7010014272988356,0.5328896385183617,1.0787354306774175,18.654374058305557,1.615375554016072,-0.647458007502662
-1.4842172748482134,-1.6698534389953128,-1.5118976889782068,-1.461735668480501,0.9583695664426292,0.9541792928690378,-1.0787966264075708,-0.6396941575056734,18.38993181408981,-1.4178556391072925,1.2489438769244587,-0.726103760850873,-0.5116262280404164,-0.7326426109963657,0.0326445720884502,2.1056713299370693,2.071582064407698,0.8519211795590408,0.3789242413245082,18.499625011638457,0.8642017831033667,2.1123263167537516,-0.2110788225640455,-0.6654603694920954,-0.3421841520108097,-0.227852755058478,-0.2980955881644235,-0.2883509728577752,-1.5019836559673154,-1.3107343079619798,18.162834470973557,-1.0241994093519249,-0.4392295562939272
0.030655637900487,0.0225299261300854,0.3385509065171083,0.5355640318493896,0.7919955709439376,0.7997233234832868,0.5544693588327375,-0.5359882180015455,18.24450070139271,-0.8965306167950617,0.637973764254801,0.6394950722922241,0.4158067734070935,0.5748604040099117,0.1561132506088082,-0.4147879771171501,-0.4064902475080638,-0.6198511498182091,-0.97657712726083,18.108405400975627,-0.4394668924006054,-0.4984842105210882,-1.0530256349588758,-0.7185867467618701,-0.3529967035805011,-0.1330068086442332,-0.2944983926775985,-0.2837477046077568,0.1749396065854093,-0.7414123428935889,18.139043047400204,-0.9178284126054188,-0.194533447052599
-0.4761545983879041,0.2946301494195,0.3242522928411423,0.3357868690223018,0.4116748961884401,0.4264189157862017,-0.0953411363859867,-0.7350927607355242,18.122660092088697,-0.1006095320240628,0.605624756236847,1.641576569549329,1.943068468532246,1.8870822444920328,1.37534284331956,0.8627127941408103,0.8689437516145072,2.000997689997312,1.4996541613811154,18.544544817009747,-0.0715115730504849,1.009064916747101,1.6888809692065971,1.2326823138480438,1.3150804747339169,1.406973761930537,0.2008093308111854,0.2138789985904796,-1.1123120944343217,-0.2419174862051407,18.219836712357264,-0.4384363148302622,-0.0425418464725242
0.8131510093175902,0.6606128878165181,1.0046865918225405,0.5376333467729917,-1.173909234503555,-1.190670202206988,-0.1137950637658646,-0.0433869548564224,18.167783934366263,-1.282489226201435,-1.1652267203185458,0.4443184041421992,-0.0845678926135998,-0.1890993864666997,0.2338477207868093,-0.3964262661961752,-0.3906303169304198,0.1968859443167544,0.3905837087868852,18.2168752635153,0.3482013734403035,-0.2344036451183705,-1.6186281205743596,-1.749300981528986,-1.6245625272018034,-1.900974998815974,-1.8911686933838652,-1.917361377219202,1.48173804792983,2.178585210719862,18.57469370858303,-1.327855130796004,-1.6586293206734743
-1.397558156488282,-1.319771727411802,-1.408746774751462,-1.2567882084029351,0.5002440778139599,0.5046024046395257,-1.2211291015572543,0.0221607080943101,18.23374979220095,0.1378559795488156,0.5263246940535784,-0.375591770970234,0.2039347118600635,-0.4028759515118537,-0.4829015025852884,0.8102143779909331,0.8070150601083402,1.35353798681224,1.6130185452696988,18.62901112804676,2.2476972275925866,1.2623909569090472,-0.4227153451513215,-0.7987888279289941,-1.4450565812971776,-1.5237594235258414,-1.2720486163979166,-1.2729560405621352,0.1476430125235412,1.542074845712488,18.76604689081037,2.0931304143894027,-1.6085551557569415
-0.4365012572933512,-0.2164672484229032,-0.2211518234904066,0.0964590402023824,1.5786768361368309,1.5486009906379214,-1.062105585576987,-0.2236650860824455,18.46396339816488,0.0585657966993949,1.4852699167378924,0.0900815134602888,0.5664042361496484,0.4353010191977388,0.7842180511495705,0.6430126681651145,0.6467906095612193,-0.2733953330496049,-0.5258756561128463,18.45249623097403,0.2291379763822169,0.5637132828761837,0.2208628925158094,-0.0450486517311859,0.2659631665222297,-0.1238687403258859,-0.8499197676530632,-0.8473250705775408,-0.6609086432028116,-1.0362899088309832,18.2526454626186,-0.7694843516016565,-0.5582085148857304
0.3670443887458917,0.3234452748190459,0.13821057360659,0.6816414385259003,0.6175578427016845,0.6253450526391579,0.2819847895107097,-0.6721988583256323,18.364279700881816,0.3196328781232374,0.3422404899537115,0.5022943720572427,-0.0413987711048029,0.7907195885248527,-0.0786566883741425,-0.587141528636204,-0.5782480096415163,-1.1664424023617668,-1.600741706649632,17.98227811761478,-1.4395596972463949,-0.196752968904611,0.1255753063167428,-0.7148385369265569,-1.27414247745344,-1.8236566665734064,-1.3784199746550034,-1.3975915402249337,1.4581442312392894,-0.293963421571627,18.42313075023443,1.141119832274375,-1.1930505170796477
-2.414628233818609,-2.4057371831466634,-2.076897421724769,-1.9366152025323051,-0.6605721873718472,-0.6532940167994914,-0.1732973746180421,-0.211393421876837,18.390221546776935,-0.8932271226769548,-0.7136207620879029,-1.7658084975856534,-1.7681907976193354,-1.5936707852320635,-1.6350604315508277,-0.0951765951046964,-0.0809889554264342,-0.6247599744391776,-0.749433449067157,18.2275776870998,-0.7942081656732696,-0.0305272544898953,-1.885750222812253,-1.813788876145502,-1.684648686908434,-1.69732934500873,-0.7077035277736111,-0.7081020486778346,0.6320934057951028,0.0959284087837011,18.3808873972758,-0.9907581674272968,-0.7664898791039547
-1.5979274485360742,-1.4840346168385827,-1.5327077870387102,-1.53119888488712,-0.2635539879438086,-0.2526003434538478,-0.3269504610338697,0.1793284709367722,18.269917166412267,-0.2190216366272598,-0.1506177367958752,-1.7410804862998983,-1.5621353537036522,-1.664110772779145,-1.511423901200094,-0.6204680269018932,-0.6178120953614099,0.862040801129027,1.7233054461314263,18.489251135540584,0.5188593640915573,-1.2666103020680894,-1.2136378182770775,-1.1032787517673797,-1.1965519289465787,-1.0809377075422597,1.6586567962953118,1.6452835005877615,0.4597689771702413,1.9582778344684764,18.640178465297915,0.765010247066789,1.233381907683197
0.4429434122033817,0.700336002432927,0.3268386748596254,0.5095241323903202,2.527805448193978,2.4934066000425097,1.27728551308957,2.2880942162367712,19.014990536917924,1.8745498544265011,2.6053977364010548,0.2537562162482622,1.0626130353639631,0.5586913603355955,1.3793677236546045,0.9779925592706816,1.00778658651508,-1.2332057004177654,0.3473457024145903,18.65517958721438,1.8820172859171829,1.0401305387225124,1.292959827807202,1.221159177178871,1.5559660236847077,1.2736333885899898,-0.2050974466473531,-0.1895211856685142,-0.7818105128497453,-0.4743486163931663,18.51431407317371,-0.4954073771969389,-0.4159685488807382
2.2213330073166997,2.275187965590748,2.225705176645252,2.244549855754803,1.980531269007388,1.9497953395610703,2.442285622463864,1.992074648340374,19.312144628327047,1.5328476026221862,1.9496348637427452,1.5794094555259337,1.386645593131168,1.5688523350634345,1.2463807564484484,-1.0479153544315076,-1.0884044497934942,-1.2257381164389438,-0.6083593530713692,18.659948014652425,-0.1399724203515088,-0.845238028986235,1.054149253404571,0.9180545219079828,1.0861739216872748,0.8770909360766381,-0.4963729387759252,-0.4892373941151851,-0.7494787429348159,-1.269583110672894,18.346277200429423,-0.5032330071115322,-0.4577650901008062
0.9027407012166064,0.69404836439386,0.748207657567304,0.7166487886533441,-0.2984612825567337,-0.2801220572309231,-0.236047113386067,-1.166985274803733,18.305808479139245,-0.1039780706595993,-0.4226569868668122,0.6992347540713335,0.5567542581868977,0.7215299898550926,0.6283388686089545,-0.2459176263760613,-0.2251343563820345,-0.4564314953740438,-1.222957749322277,18.139530638346404,-0.8943850249152615,-0.3854976351109018,0.656714090416176,0.5735600980090971,0.8067248512607446,0.7066228513874171,-0.1356646248049711,-0.1116320916331853,0.1225210679433677,-0.882808926214877,18.2509630359011,-1.122549016923518,-0.2462068836221502
0.4304042674026306,0.0595174757006147,0.3149155770331006,-0.0391599102094659,-0.8984020972164654,-0.9201166575727396,-0.2895760774269132,-0.8169215483643124,18.133610497630137,-0.8331087439199916,-0.8942384896138177,-0.7742267126116053,-0.8675652282171595,-0.6530958091131867,-0.634701666229621,-0.4503540958393007,-0.4484718516755366,0.1581872240528739,-0.458799964627457,18.197155882448666,-0.5951482306665565,-0.4215503214993355,-0.8354505308306613,-1.0569248506988111,-0.921044404279296,-1.062506212806836,-0.3182072511913105,-0.3120009510598597,-0.3919317019641024,-0.5535987886899513,18.004412001180867,-1.0319465543615678,-0.3636511621500455
-1.36057457993235,-1.4203761531047217,-1.626082535923779,-1.5587473538036882,-0.3807364092413917,-0.3791311001803856,0.1606003978919783,-0.2681801509044784,18.10085007904545,-0.54524727020625,-0.3835207175968118,-1.5081437812282832,-1.0264550338994478,-1.168340637453942,-1.0198481485100597,1.3303684700232166,1.31581867714101,0.1354586402572241,0.7977637006669899,18.020485242048867,0.2889444062924946,1.813526337412293,-0.6017284766865475,-0.205887649423003,-0.0969937950625858,0.1425361247344359,1.5968002817536204,1.5810923438662494,1.8779155345333205,2.5648408283988116,18.274583889827923,-0.5283317497055157,1.6966424435083605
0.4554765706479758,0.0034697538966359,-0.1830894666052158,-0.4538750425974903,-0.7466529954693446,-0.7439924545719678,-0.4933925731033828,1.5642047897021756,18.193315807616763,0.7825659129689965,-1.040191583615379,-0.5135257716881293,-0.6946707497082314,-0.449602331718462,-0.1839882476006626,0.3322908160029384,0.3415814605103455,-1.3455322401633474,0.186650046973626,17.906720228209885,-1.4046663954052554,0.6256002253778916,-0.4830125258114025,0.2400073244480705,-0.0407801861227553,0.4765222857803196,0.7222514374347621,0.7267463754177065,1.4852004712640885,1.2530624875132583,18.16508890773445,1.308553269681493,0.8064553989126015
0.6332210434593759,0.0481403048982242,0.5301496729921201,0.1974035335623916,-0.4012551944263772,-0.3945667224204655,-0.9688201538337754,0.1113182076373487,17.938238490778406,-1.326509994392275,-0.3193157378652614,0.3660295473304178,2.3160474820353705,1.2866272068530966,2.3557482872511812,2.130174921940141,2.1062263545834594,2.335412352693377,2.285509772564326,18.56275740529736,2.5442496333734224,2.0681055971928397,1.9782948066012995,1.2085546180931204,1.8859827909564233,0.8566167985300465,-1.2419939783856206,-1.265504812310478,-0.8202881941681796,0.7035366755976855,18.296403553093544,-0.2820667268498689,-1.067845649397429
1.3330255083902198,0.6117715859545461,0.1677059261763523,-0.4500824233383465,-1.126848846293884,-1.1440579584685315,-0.6767865194280567,-0.2995219067659732,18.091836355188548,0.8738826982986142,-0.8952582575957324,-0.4031162469826768,0.0022921069596911,0.1553580976366508,0.5192237186415122,0.7564836545796597,0.7643302892027588,-0.3501521205153373,-0.728705371447631,17.997250744177002,-0.1579594946664224,0.6192203868220297,-0.2106259251529043,-0.6649542642058933,-0.3578489193770976,-0.2008971015028431,-0.5173446790187437,-0.5109796675820582,-0.3396259373817141,-1.0137400026120171,17.905455472581842,-0.6196646406205395,-0.5006406560337746
-0.8580502045113653,-0.6404141771916907,0.0904184744692694,-0.3092495963502482,-0.0900554858465673,-0.0771785358469829,-0.2277355977109178,-0.9610544979889212,17.81888320150445,-0.9113701283242596,0.1631321460243383,0.5041031112252629,0.655550734544224,0.767861522671469,0.2497078014765612,0.3739538069210439,0.388775127128206,1.0222935581534631,0.4056614037635705,18.16945661016622,0.3029634782658279,0.563977633803369,0.3589431712084203,-0.2152179748478697,-0.2675151211179437,-0.0313543719077633,-0.2005472266309323,-0.1891823104379662,-0.5334982765072601,-0.3136215478278865,18.024887725021447,-0.0801680907896587,-0.5009671298396361
0.1041256087780783,0.481461983668951,0.052967334771594,-0.4974841583810024,-0.3168746411898234,-0.3087780176612477,-0.0293584340876825,-0.144240988011863,18.04334965171487,0.5476659779456241,-0.3868203490285161,-0.9303609468305742,-1.20248744187204,-0.3176795652375027,-0.9117921696931018,-0.2906776166757026,-0.2819282714324961,-0.4686674115083921,-0.6414487988991248,17.910793030211227,-1.223669680792006,-0.3711119421883517,-0.7310222954478588,-1.5804446008194195,-1.2803241882676475,-0.901889961693216,0.3717793623225012,0.3801687185479152,0.1022199812600399,-0.3338478664930929,17.875156716625785,-1.1058705042206536,-0.1993143545129096
-0.8595370174925875,-0.0158912659583817,-1.0232823113918632,0.6899382421206542,0.9562128952803296,0.9559796523368516,1.1610855901454595,1.6039266450524672,18.062390224245043,0.5398082406985715,1.0789669482624988,-0.011790460828786,-0.077228467530509,1.5632665681409257,0.2817596860945322,-0.3349488784628447,-0.3313252520089699,-0.9893887741468036,-0.0946862299578381,17.845225946051055,-1.1542203825002335,-0.1457309103925665,-0.129741840542499,-0.3792261146382865,-0.6072568712890312,-1.6797751118888056,-1.511726047691467,-1.5236185196260048,-0.4520780398365189,-0.6637690348414697,17.744778039054133,-0.0609604821869229,-1.3636703621162691
-1.1734989872147028,-1.6813945148063798,-2.5220664862221027,-2.138905328914631,-1.1909512809265037,-1.196604158302349,1.2133668864202485,1.0568730161279762,17.98622804088271,1.0713224736510225,-1.0794636074991515,-1.9767183093851608,0.508964296032141,-1.198359923201089,0.5148088287641556,2.0999397991657967,2.0835626085159005,1.3992684928987715,2.343503531383682,18.319637572913383,1.9880416480078495,1.7629714572577848,2.5349645800293628,2.457419192768195,2.1458809278852,1.9443464006038464,1.3591630681052378,1.3587847164801568,1.1793691801670434,2.321280097416743,18.59450043710784,1.1215625608073532,1.4673761765313662
1.5407449054753408,1.1015750628234604,0.8359146338923269,0.5240357900250465,-1.1415886474478432,-1.153469847346627,-1.4871656597403569,0.2834427299482435,18.22269556260038,0.7803321815794708,-1.044497491210446,0.0944550623794424,1.3747500939806936,0.7636877509162089,2.1210586967290683,1.734491427332183,1.717104201709038,1.0213954639623966,1.1118256402310824,18.51404449432773,1.4648520408385128,1.6887861395539294,1.3200838608549643,0.8863746566187289,1.58965542677172,1.2455734374492022,-0.7255717428567146,-0.7249416237667611,-1.4741109696819654,-0.7663681472857541,18.049360522411547,-0.9585962847229194,-0.7285217667085266
0.8319875826407812,0.3971013820764649,0.8380748614726805,0.4805775293602451,-0.7746777596195372,-0.7764018738426657,-0.7630267492823996,-1.230911107575346,17.838951513693104,-0.7746663391360576,-0.662242717035658,0.3352944842263518,0.0787835737472643,0.8631009856337251,0.6506258306548571,0.1711379708189687,0.1846971378534117,0.3376075682201828,-0.7930925305747653,17.95911344459297,-1.2952267642530657,0.3303674236418837,0.636056452977934,0.8403233066636876,1.0243393312566065,0.4670071026072702,-0.1983815961612764,-0.1881910351816268,-0.2233291549612245,-0.8169232638983348,17.94251753166708,-0.4754310452872988,-0.0231303803992294
0.4158837178556301,0.5321370918184694,0.7559042893931068,1.1460263994545878,0.6675489611861528,0.6763394656205812,-0.1140885396894326,-0.7915552781035674,17.969354418868093,-0.5796597449282335,0.6641709583919152,0.6369812457889994,2.184275999783787,1.4494818060623855,2.245806319981922,1.1864303734528303,1.178820364131932,1.3752498312760493,0.2825202271066468,18.377116461545395,0.9920586655747916,1.3227966250072851,2.1616583103246865,1.8309069026565337,2.366723740892645,1.7895916673789398,-0.2135411764430806,-0.2027371109423461,-0.8618966046405326,-0.4036939127664086,18.102491366639285,-0.9405768350227616,-0.2223929561153503
2.0567669667945294,1.8773447489357784,1.804911266416957,1.4292171278380077,-0.2313302308134975,-0.2217998185257824,0.9813095154380174,1.02332523078068,18.373988438238293,0.1252962267742922,-0.0633740147312058,1.6642692932555263,2.0903053986838107,1.8698881375078775,2.0702068472455393,1.5403731890819716,1.5280971344546217,1.102542084554757,1.9198046314950017,18.72589375507436,1.2644592921531477,1.6017244446336534,2.308776421438383,2.234635478634369,2.290187650089186,2.3101690166255873,2.116417552678166,2.0871368282101614,1.2584052063148217,2.308841275847334,19.13875417322227,1.3190564306493948,2.100993787110082
2.1580098154278957,2.0830114176714205,2.149262188248709,2.054008081092282,0.9417233868206768,0.9508597110103368,-1.072066624976772,0.8797994793432886,18.93087517455786,1.0447881776063015,0.9054298483689855,1.9788610382363232,1.66650202411431,1.8207812759432185,1.6773547984172057,-0.3737142201204502,-0.3652775662097401,-0.749768379189439,0.2487187636457147,18.855712427734645,-0.1550089667563967,-0.5225358522309442,1.4588380374710783,1.506329668059566,1.475671831463204,1.3659949447375208,-0.8051819764515409,-0.8101038559575329,-0.387326753382941,-0.0374403256322199,18.873154118481608,0.8933225889210482,-0.8354294621978825
1.2687801151695468,1.3718757564182704,1.3528312413956816,1.3684722088685095,-0.0069861168219467,0.0068299515030837,-0.3972721847771047,-0.3279694443148799,18.89200163647575,0.7487961928446593,0.0457966584987789,1.3703077299926223,1.1909942579872868,1.330446117139761,1.1568410977878272,-0.9352053558388748,-0.9444922163462856,-1.021824644036725,-1.1144323769393634,18.67159043144788,-0.9565480950980348,-1.1807668621272434,1.1595060993905013,1.0870538429905936,0.5003515488546707,0.2233477967326236,-2.1208028062977995,-2.183249297555881,1.7574773667383674,0.2062459714331361,19.21686860593424,2.526799043948375,-2.046737122810166
-0.0277089829592704,0.23447926242829,0.0703577126137516,0.3589562183649537,0.1121885053271636,0.1317975302176196,-1.2211479026749514,-1.1216184254419717,18.86508319814608,0.62778554647515,0.053367384860364,0.6977715956525495,0.7137292051621057,0.8482949732332123,0.4242657580674892,-0.1635366826354821,-0.1389416623736204,-0.4262694702890289,-1.165080895120144,18.80535045893539,-0.3789645121589327,-0.1688658360804044,0.5579000925708306,0.1229700671948074,0.355284858541681,0.6179040556372316,-0.1215034894039891,-0.0986140329630523,-0.5248194806542226,-1.1726233818871803,18.654427885966385,-0.4504125910500753,-0.1959036783212941
0.1883803493144011,-0.1891714652141255,0.2069788265522303,-0.5536582411522144,-0.9630550106161264,-0.9420450331723376,-0.2037160248031351,-1.244664083431087,18.565515026319645,-0.4874613205147228,-0.6641221201609759,-0.1860078810566564,-0.5634871715380585,0.1938165374882689,-0.5050780001501469,0.0337352227252773,0.048928940160348,-0.100828146602781,-1.0880152203370066,18.52385989115504,-0.7498266917693128,0.2961581689653204,-0.5726157206406525,-1.5964247297161471,-1.1602524374839311,-1.5317269234221849,-0.9654802558354776,-0.9474811519247306,-0.652086514143518,-1.2716862118968215,18.286050473496974,-0.3314886374106945,-0.9216939080449158
-0.9429390865549996,-0.9115371018938137,-0.2030774663692494,0.0328646692046741,1.2457534696588637,1.2124774556544546,0.5907549509258976,-0.6560057096380129,18.43286028134662,-0.7581907152466117,1.1453523325976984,0.1620846922784226,-0.4385515591141785,0.1205127885393692,-0.4666064213474491,-0.3771737944222214,-0.3574635042412378,0.3765957615790365,-0.1023467648789842,18.533368161190943,-0.5868110605502507,-0.4108662340884383,-2.104333411412179,-2.4047199002135833,-2.43960043557006,-2.5403417460557023,-1.950109952477984,-1.9958297714007796,1.349598185228604,1.2728423929360513,18.939134604596937,-0.249430505961031,-1.911142067069999
-1.995546044366865,-1.7934571356592508,-1.6763755203529085,-1.6355023014868273,0.5554063952623703,0.5531580643257171,-1.3823300187449596,-0.1421207550564616,18.427025582823926,-0.4766714933971141,0.7219481684142355,-1.3944463552164863,-1.5521258332326102,-1.4106495760454334,-1.3104173720965038,0.1871516921492632,0.2026378345088263,-0.1525494816710926,-0.0949403674674207,18.365211384033856,-1.8004611515487916,-0.1241364017865976,-0.9405918371346604,-0.6504344735563247,-0.6280838395048294,-0.392509759236596,1.2191579523264786,1.174080464736806,1.2853056202896669,1.4514297628557922,18.676886088844103,-0.3174157221847921,1.3539442948110632
-0.3310773059723635,-0.6219458704759825,-0.7832614096626025,-0.8502670663580282,-0.5377383453833041,-0.5112494767986268,-0.8426969734737297,0.1817692796976218,18.426268115479655,1.4666693041831058,-0.6086664544654293,-0.4923519665532816,-0.3304820119828985,-0.1776018106156957,-0.064202727301506,0.8806643044073883,0.8630756567022989,-1.0670205062683993,-1.104177844749756,18.027593725226104,-1.1076784350409452,0.6755641154658446,-0.3673276410221945,-0.3948054298326491,-0.946478501996148,-1.0113211758083596,-0.9274213400082576,-0.9115534049424368,0.7432275059498081,-0.2712754360272079,18.244681968183563,2.3658881670296465,-0.8639775939819014
-1.1703024326272942,-1.35920901991667,-1.3067906114394554,-1.3560194676061244,-0.5192773285938781,-0.4925168527391059,-0.1576579177355095,-0.4254556932126467,18.232905555104047,0.1893757864356837,-0.3026113399216755,-2.2166302133723814,-1.8047988312176189,-2.1388511540760553,-1.6770453249546666,-0.3825627096767781,-0.3583092623438392,0.5692161854279825,0.388098853304832,18.423763995842364,2.425083185654613,0.0591412282446637,-1.1696066315718865,-1.6982655566859577,-1.3168112364735292,-1.3966810702962953,0.5115407482187758,0.5228993184652168,-0.856430284542209,-0.7947433880254153,18.11665112214248,-0.1464641834141707,0.2655005751724147
-0.956933001333654,-1.30213888315746,-1.1376614224672343,-1.613728522882043,-0.7954148731206057,-0.7946635975985519,0.0574304471329167,-0.3786385575330424,18.0804386242431,0.1828629919808627,-0.8850011259086306,-1.0690462247077128,-1.208215087859156,-0.9070273077953166,-0.9126644450468434,1.06335064093136,1.0641220644092813,-0.2928281770262091,-0.5951689009106835,17.990419245744132,-0.4910391248429994,0.6712149599919334,-0.8154025156790137,-0.9880517156213778,-0.5864352414008367,-0.6881707841293722,0.3287360197643854,0.3474206158321169,-0.3274086593870464,-0.8045302055932663,17.887069164187217,-1.0619118605586633,0.2359227017118937
-0.5580766598244087,-0.9021457210776446,-0.4691347033125415,-0.7088283430737801,0.0758193371691816,0.0931750671593159,0.7403822692209348,0.4600421709561765,17.97509497345806,-1.1381822195814892,0.029080691863923,-0.4447599292707574,-0.1327787259790372,-0.1638834143541853,0.2237857796510366,1.400980516442299,1.3805141358323183,1.0211340973256584,1.8944833599245552,18.149493887624978,0.0735998958666992,1.5275970492942883,0.4032911273801928,0.0846200654598115,0.2707122378817276,-0.1082343038583877,-0.4570375083958962,-0.4467587411540009,-0.5803456203711133,0.9994121830690124,18.067570880413005,-0.3118471407062928,-0.868470696638139
0.5878053599135277,1.624608076285017,1.3657157477499202,1.9291933562062111,1.5703235253080907,1.549445483829171,1.5327687045201934,2.0675247399928796,18.313635487693517,-0.0205210624485412,1.7714043655099647,1.561932588326447,1.9680939525068093,1.8987507100559624,1.7529034873847458,0.1213241992936539,0.1382767931952863,-0.1876446771167357,1.4598659631078286,18.30150412395825,-0.4209477050259338,0.2414614215836168,2.0192314637203768,1.7267273139640351,1.8557950399891103,1.807671127595771,0.534646776518648,0.5437006119856628,-0.7667191143460726,0.6727745552821413,18.15195389409917,-0.3575892807247168,0.6141218827399617
2.006876692086863,1.6883713187333869,1.7864581656811307,1.2923544136129703,-0.4976848640439817,-0.4859128922373155,-0.2927403417119223,0.3608924210457988,18.119591880766475,-0.4205935721331023,-0.3261697346616501,1.3767532154408453,1.0859995825781918,1.3597407165260549,1.2472261222069871,-0.1985042639675735,-0.1861727154087745,-0.4271620907457252,-0.0367789459877324,18.06608935647299,-1.2564178057214563,-0.0974622456361636,1.2059226626238082,0.9050896506436036,0.4064082943492099,-0.0844502144578382,-1.7315767151777806,-1.768740759322744,0.7624678918313834,0.4726052478146457,18.19144996550697,1.7630290895351788,-1.6908531865398275
0.2098029996909513,0.4412417695777398,0.6535405434863537,0.7541230665638149,0.924190286099766,0.920712300042566,-0.1177282464653919,0.2685886822469186,18.216422745137997,-0.6944762234338306,0.9487985593572008,0.4988510168063038,-0.0439059776187287,0.1387941006757352,-0.2624718443974334,-1.0131022873714974,-1.0118941142264153,-1.7091296512779648,-2.0913983478194726,17.89814011671396,-0.5557739803464571,-1.0046083280900313,-0.3795122987948692,-0.7775359493154753,-0.6317305499617585,-0.8623633088140734,-0.5316398353192716,-0.5212333039612838,0.4548264291754417,-1.272469489560361,17.955806353640803,-0.1272107102634764,-0.5860115190007131
-0.9702448895326844,-1.7212961841348315,-1.5657458208229549,-1.6290210285000577,-0.5267735322538322,-0.5161589689712976,0.1321294054990169,-0.979414284101329,17.976210754997453,0.2050427759860514,-0.3718867409064268,-1.167556039029883,-1.067796442075345,-1.005188457023556,-1.269114245341246,0.1977831020078115,0.2103020731625622,0.0134119778484257,-0.7662505151371941,17.947613241838074,0.098781725082559,0.2848062648948539,-1.2591136729936874,-0.9674871341542676,-0.7175493906190543,-0.0819001538601551,1.1832496209946328,1.172845484764515,0.3898971620233125,-0.2302386840605003,17.964510605237685,-0.4710762794088035,1.1586574726753207
-0.1417058751032815,0.0732258836450835,-0.1762003317464016,-0.4589978139594812,-0.3645413715361231,-0.3535766301431979,1.593334751466936,1.4478826832681917,18.15559739913416,0.5858784940135112,0.3436917556008081,-0.7520927485853396,0.7360983388910317,0.1881362584177786,1.021419847555127,1.2305252942034308,1.2199746834804073,0.2746966362188776,1.499388809429537,18.205651693346297,0.9571563472979407,1.463743425370582,1.5570995263736276,2.266809715443072,2.275107641064663,2.163200169988497,1.2077072146945047,1.195839898252152,2.153559898140145,2.3940216138628747,18.59761281184025,0.9552620974311912,1.3970616673085057
2.251061529287686,1.6310305774927771,0.081678002162068,-0.4340939622857775,-1.977291910855495,-2.022250048302528,-0.5720419388451207,1.3794731870063552,18.535588547866464,2.6679179403488966,-1.917824531315916,0.0493544557689842,-0.101352887010507,0.6866347587950529,0.374040435911859,0.6625258818796509,0.6640919552173171,-1.694161399475218,-0.5868884488370762,18.02680078312184,-0.9627528330490774,0.3609552425774807,0.5417103090073094,0.624847328300486,1.3136306332358494,1.3733590940366007,0.9270696570440702,0.91054325759989,0.5279243496123246,-0.2373398648115859,18.18357899111535,-0.65614636285953,0.9043461760673528
0.9360583977744116,0.7228778225100257,0.8263261811587285,1.2733755414175096,-0.019651851988261,-0.000693431447208,0.0311016592319128,-0.2004954399696456,18.240939068401097,0.1035074068027288,-0.3663435935653161,0.7756278057779386,0.914701843997687,1.593632191758541,1.1995194036704793,-0.1120843851033335,-0.0911436856672326,-0.7551110678944604,-0.8208082570680466,18.092454430070035,-0.7061983168481125,-0.3481596122020218,0.9892916839833688,0.8974356487740135,1.5583351369417864,1.060749715526247,-0.2421688532343117,-0.2184739367095027,-0.8150346444186327,-1.2881331522118775,17.90174063663384,-0.8621789726213626,-0.4214321920441103
0.9898989149169246,0.3559848981382593,0.9522501341665788,0.4983017471958593,-0.5455823321859297,-0.5214725509057511,-0.4068481440686543,-1.2870835282998925,17.810458286374978,-0.7829921943605366,-0.6671152620303153,0.8289469702081915,0.9905764640932035,1.18352330751741,0.4901993121798916,-0.0975747155339875,-0.0776918170347245,0.8850397636118429,-0.6134321379559093,18.016638637896364,-0.4528570913210784,-0.0617473026847444,0.8437625061031316,1.0113822400000338,1.0421643559343587,0.2844703916993692,-0.1895684471744724,-0.1690557977910918,0.5776203437854502,-0.0692736479333335,18.17235015815392,-0.2517078206235958,-0.0738284887578669
1.2784065942245737,1.963978082613425,1.5157230667325854,1.969203175860799,1.624999914350028,1.5677852862743988,1.405602354148714,1.436300100998518,18.447270102922943,0.3103994559650851,1.6248664162314368,1.938975118885624,1.5042827879399157,1.6944112934396345,1.191816240083768,-1.2437689839818251,-1.2685125221143552,-0.1795637600372187,1.5828338261187542,18.419471022534378,-0.3035888009434027,-1.177503893812882,1.69058687931696,1.829828868319899,1.9213091694106952,2.063769198297549,1.107911581879654,1.113617710676189,-0.9672164639437044,0.5559230181249719,18.280581556216383,-0.4563387132061581,1.3153877853733102
2.142637605820438,1.9193613966976868,1.949601326777504,1.8047747469827595,0.1696751616074212,0.1843593594070281,-0.0328059833107729,0.5227688385734649,18.29841142119221,-0.4993451029884111,0.2647928617086694,1.5174118431785983,1.4822965830852322,1.7418491871145652,1.5529594394183994,-0.0533176249793624,-0.0411921561847163,-1.347789549322937,-0.6193434214637639,17.99042539636348,-1.7387201185707233,0.1326308666492574,1.700714071991544,1.4919616958342574,1.32298018152451,1.0673892995779457,-0.7155615163006804,-0.7201516410449441,0.1314458036106985,-0.4706708021508381,18.02232333122489,0.7226272740066787,-0.8762523142653919
1.160710602101311,1.1391153091314965,1.240955550788654,1.2509490015582692,0.3909116350282055,0.4061589403923254,0.1501175942126831,-0.4168285547821975,18.07802282941126,-0.9145732660106488,0.571188503804339,1.0646420913294572,1.266633249365774,1.148562777032782,1.1139802313814746,-0.3581612375388281,-0.3510674873911611,0.48668583965744,-0.1693644780189401,18.206319775106817,0.0887557805726066,-0.4918152433573096,1.1407772656941368,1.0097796907649432,0.3698095629768319,0.6844530334260738,-0.89124120251368,-0.8997714974601718,0.2737493709895559,0.0225448413056068,18.28597839173646,2.0041143338916028,-0.6337506339497209
-0.3855145957440412,-0.559655843363637,-0.5962369981123193,-0.4919507684292004,-1.3372285609052337,-1.363864437074761,0.2952959141750081,0.2937481420925339,18.35863405960914,0.1974561633151474,-1.475136669484939,-0.9984004820934992,-0.892787076685369,-1.2837760912808784,-1.4758947457926666,-1.1980599682727464,-1.2110512936799245,-0.9982922131215176,-0.345451975287793,18.206610914134064,1.0709986379565464,-1.1914414018383277,-0.8516278571257535,-0.9734992980480924,-0.521586459370455,-0.5487899578778969,1.184807080728034,1.1774284407150015,0.6121481194785292,0.614877549017137,18.276500868366053,-0.8298588851724418,0.9671324944461178
-0.6915822273982247,-1.1566148914422418,-1.1215616991581372,-1.5852527612507823,-1.2526617569250844,-1.2628679722139984,-1.42689411114061,-1.1325673024752172,18.036683067760297,0.0722653582434293,-1.0245933992467329,-1.2430180814718288,-1.3814949084122397,-0.9515418598568668,-0.9125443141638332,0.7062994415983612,0.7122229201359662,-0.9493176100269602,-1.7051435798130228,17.846261947621556,-0.951547188594691,0.4081885286140806,-1.0121962713584478,-0.9968915440193922,-0.9103346775805048,-1.093354448246589,-0.3049557760055462,-0.2955604657841103,1.225011789021666,-0.6472195569936532,18.009542086658694,-0.3738511680985466,-0.6047793753200914
-1.055441124162554,-1.301551831261173,-1.528948101358186,-1.107223985112019,-0.1338307090844347,-0.1227065008848176,1.4104999676111256,0.8815049474827806,18.235400025154053,0.5802017981289187,-0.0361757693391497,-2.268203326761868,-2.231774353615931,-2.316874268727255,-2.1887445578943434,-2.045300878095615,-2.0888798538006568,2.310433255819969,2.5272855054238814,18.77575671721857,0.1981101055431638,-2.2787359662375164,-1.694175424050855,-1.7720333390047842,-1.8051204371431917,-1.636020107171532,0.6704934015711885,0.6729886639520549,-1.4270169813602958,-0.1362010985113827,18.273246304604555,-0.1404829444453358,0.5229877027094886
-1.4349828043198096,-1.330566601140638,-1.2320754754996903,-1.3275493156864,0.4918934092927338,0.4987341628355542,-0.8657183710246893,-0.9566667622764364,17.958467506649527,-0.4852391834726182,0.7898812158655929,-1.0715664892195211,-1.1633156994308893,-0.8873753558588278,-0.9727958881676756,0.5449295393257212,0.5472371300161942,-0.5864153994718302,-1.1541590835691469,17.720162483609606,-1.6732872169912525,0.4964438372552404,-0.8653686707028458,-0.9959082528626234,-0.7974782033028176,-0.8297205617922431,0.1747086450029598,0.1862448062495098,0.0776202010385311,-0.8659726173036113,17.743245501884914,-1.3006874510509725,0.2591149592165956
-0.7620385785737814,-0.8066419125703831,-0.5439769602741457,-0.6948113782349808,0.3668782571157152,0.3692264548709719,-0.0355814392177897,-0.6707511546553686,17.719741302430403,-1.499117175452065,0.3010807326392706,-0.7564422968592381,-0.7913323375842071,-0.6940231168175433,-0.698415661025855,0.0256012935967846,0.0381055922254872,-0.1602189384017255,-0.6353517363072133,17.672633794539454,-0.6173654156299883,0.1772149485523415,-0.7496430244957951,-0.8363569676366721,-0.60317701239409,-0.6490279426775001,0.2524813669765854,0.2562510270828559,-0.3165777622005052,-0.7306894905945793,17.582940090950803,-1.1877433555413015,0.312609322495216
-0.668284013614958,-0.7118678049011211,-0.9864328550987652,-1.0837879084469622,-0.2930246415967816,-0.2721619845075978,1.8968219295147888,0.769554797873356,18.20920511936083,0.3069540429794295,0.0374396212074167,2.7945089940710006,2.8145216949561243,2.7458391382888645,2.80733172185979,2.658039332326301,2.6063454888065474,2.1276682714318453,2.384938614028803,19.136038928750896,2.463561053328271,2.6376722409406215,2.271970568888753,2.0753384692357844,2.275214306224989,2.0979897512784667,0.1435360445115844,0.1839101684097323,-0.5427808249914164,1.3410199299927048,18.9007083461416,1.0866792164461945,0.148409630804302
2.0589232601636147,1.6586289621390635,1.870750763528853,1.3646477650549316,-0.6290019996321611,-0.6619276150412704,-0.7656511767333217,0.2504194050096326,18.49442923221378,0.473825929781909,-0.6841133510572803,1.3736308954931873,1.0467979656520932,1.2019245907315754,1.0015760656628727,-0.4202437688140544,-0.4285946009080358,-0.6331645449819251,-0.2962500560494076,18.204038525599486,0.1723283811446023,-0.4428863691229614,0.8776100679369386,0.8039589320668434,0.9925087775572274,0.7517862271493998,-0.3439230705122953,-0.3443327109636654,-0.7328267123132561,-0.7702813851486713,17.804376097506868,-0.2451861129790628,-0.3092417922541949
0.7141100894518876,0.5215868967522754,0.5398537623735533,0.3060854192984601,-0.6015503543364609,-0.6316752179100144,0.1619264523454638,-0.5827380272871219,18.013844210870722,0.2625017571782624,-0.3917044568685718,0.313106461078037,0.1589355095330674,0.2902229926278567,0.1495641517628348,-0.2405730350790764,-0.2298990055218598,-0.4255265278848142,-0.7362980556344001,17.868074350215572,-0.4558427315718447,-0.3359392783240523,-0.2023791193331421,-0.2242840793862285,-0.2622573023559838,-0.2893306226445613,-0.4997983378639714,-0.5173370713119115,0.0785999060260361,-0.5829001716281906,18.046749200550455,0.0855367069213508,-0.5077649867618357
-0.2670557984484101,-0.1131750062680443,-0.0180364907996896,-0.0104595646123882,0.2510025120835755,0.299238473860562,-0.2488640019433593,-0.6288397736425955,18.053702921451396,-0.3843451440693798,0.0739769067797521,2.132915687746038,2.2048101103633764,2.138607853711685,2.284236559123453,1.360373376794274,1.3903353930518747,1.7114029117620932,0.6641946259162482,18.922841138827824,0.40234176272143,1.1589065248090415,1.7804225020358315,1.9824981306877731,2.0061202920800363,1.940880258648792,0.2773818037510033,0.3093602560122278,-0.6096622630913356,0.4373094775491258,18.580323750445153,0.946844246741251,0.229737628207441
1.74298438505371,2.186849610823987,1.9060602019173252,2.081259989944034,1.100510149334942,1.1265283401208597,1.116736575846493,2.106796051282927,19.13746046811097,2.684089412489184,1.2837839122811083,2.293943373277136,2.0775532176032274,2.21593675118703,2.0214413421231883,1.0061252564734893,1.0228370383912946,-0.2436031440631935,1.453585999389638,19.165098823399084,0.8208766216001063,1.2039835183808587,1.6046270169142571,1.3478219166744037,1.3903737655253017,1.1488449586344565,-1.3516616604061842,-1.4029875578327913,-0.7784806673228858,0.307809330012846,18.863608617081898,0.7630470471456763,-1.4444260601489334
1.142822805042661,1.0672933143502328,1.103675726691461,0.973864432653724,-0.3384475120271096,-0.3182793920726743,-0.697085065597302,-0.3667925007139021,18.64706385023741,0.5666325929493687,-0.3364667065497392,0.7683034950331892,0.5838980140876775,0.6219358151987038,0.3724052239753286,-1.2200840466825835,-1.2540012861947525,-0.3436494888569893,-0.5703494198088269,18.609034909582896,0.2314860770322675,-1.189555148914576,0.2111740792178398,0.3179984534149119,0.448016236071482,0.47759401836404,0.0466625352694156,0.0758345847421122,-0.3905311669113864,-0.8188409862640902,18.555563856341955,-0.5311651169152708,0.3146011750521649
0.8773357148114247,0.8112336061889647,0.944866467656132,0.8751141475163022,0.3198769334287175,0.3432227892599452,-0.0722940536116691,-0.7692430059255262,18.65612829762491,-0.2998985284323209,0.3421264526778003,0.6211412255817721,0.6997955538674616,0.9942556417393872,1.139084551989116,-0.1990376718491467,-0.1717345975169818,-0.7589698505651139,-1.297531383954861,18.302488260733767,-1.0628176490477448,-0.2489073537034048,0.8645879037954707,0.5377501392847479,0.9486942397732396,0.8133751586283767,-0.5770933759619109,-0.5581241407648451,-0.6450367053293192,-1.2348213775507806,18.01031415820456,-1.2833204834725036,-0.604504566481253
0.6935035066211059,0.5277001887967654,0.9152713052973432,0.5444128145310494,-0.4171114128297331,-0.3972797035183407,-0.3000544733200028,-1.0807512309745897,17.876155289542947,-1.0953607453829568,-0.5429063668128812,0.3831900511742193,1.42665390069975,1.0086153063232297,1.2582721254000964,0.58319237398431,0.5943919106590069,2.3977328447518396,-0.3632362190568514,18.305726589485865,1.0567907039565778,0.5142695898172439,1.700376964373132,1.3756988032888446,1.0133418817444004,0.3064063187886819,-0.913208383106932,-0.9080763267995132,0.5061412082948604,0.3569368635235943,18.378721655268848,0.9855369507876472,-1.0100286320193037
0.2221316314431644,0.0806785146390302,0.6487167458933891,0.2008273764381512,-0.1299310276930077,-0.1138075813482846,-1.1242544684556128,-0.5383701922431575,17.94740618705059,-1.3327702607779142,-0.2761692036771467,0.2378372288620273,-0.2791367978910924,-0.2258700580059328,-0.2633715015265735,-0.4837704437383916,-0.4707871677324248,-0.09317107865782,-0.3927382942003299,17.874165781716634,-0.1667659076817711,-0.3733052120381863,-0.287356487120545,-0.1854372243401205,0.376188006875547,0.6708530457102673,0.8629967086033736,0.8636873163936477,-1.0229226430513845,-1.2191039353700497,17.43094799889381,-1.1246282952159228,0.7088481277657863
1.15987947061259,1.250429537015406,2.4006217422104483,1.9200374729873368,0.7661169614749099,0.7691988023422457,2.29813962124078,1.6351921257109794,18.172046305573986,-1.294686174713113,0.8081261298215815,0.8945135017169014,0.5533899098064003,1.4885205669329007,0.935350009951596,-0.7370287938708207,-0.7322768337902816,-0.5383672697855689,0.7689363146880701,17.8805499029561,-1.2179127664378913,-0.6832879226898811,0.8655584624631378,0.7253774061259641,1.2274398339587225,1.423999585147904,0.5527691835282676,0.5608434088711188,-0.3148312337404815,0.3566904481353309,17.74362147614247,-0.752126122086015,0.4522483095198386
1.3943225090131663,1.986750508494422,1.8152382042746211,1.8625406863254752,0.8770973221223455,0.875192463986652,1.0316235954341124,1.841963477791347,18.21493006832352,0.1794181805253071,1.0559382430882671,2.104155576961028,2.0931344913341556,1.9456857317833915,2.1497619599474245,1.2919509537091445,1.2719590965210332,-0.2394387075476365,1.3664357196832944,18.21557111208454,0.4514297710351327,1.3119280416537973,2.191699814723157,2.020197791061201,1.7553989456042722,1.6150696460495355,-0.3067054672373712,-0.2939801962658669,0.2253106015582443,1.619570169346982,18.383593443854235,1.6021977289137366,-0.0511020704645304
1.4917982281359488,1.6521352793473945,1.7789308380650348,1.6148488760435302,0.4786913961875181,0.485582757306322,-0.1336695083660096,1.330006085335824,18.39601504124992,0.5326362874135862,0.663486534448886,1.6713115156763347,1.6636363041268498,1.7047776402121997,1.8524476332092383,1.3714913190430222,1.3533210593800766,-0.1077944441762866,1.1078819769632071,18.46266303466857,0.8583570524984373,1.218994223736663,1.6755155588508872,1.437302727995026,1.7148339555486865,1.330372357026807,-1.4906689807366558,-1.5013853976404126,-0.6058186075648918,0.1754320897901435,18.29002750261677,-0.4212008816811509,-1.400991078493406
1.248824055269854,1.3540593566989367,1.4113957922043616,1.5409749978013354,0.7262718695233558,0.7276658102437672,-0.3173817801462824,-0.2897470262417254,18.30414918612083,0.4349313130689539,0.8144001915613319,1.527621638148008,1.6643232262124577,1.629129951418457,1.7597418498610498,1.1941737326631965,1.1814237574392323,0.8901284053852332,0.6871837740240122,18.552443832798907,1.0185828426899757,1.1875791331509404,1.8834716032962695,1.725184150672345,1.7394935950721988,1.7058543322547546,0.1782721174690841,0.1874878517177146,0.2152358399639058,0.8849887021298045,18.692408731608825,0.6089818868125108,0.3795377780205726
1.3443417619540745,1.5154606261997607,0.7025186976574163,0.545395245545061,-2.366930650811532,-2.400351724762672,0.04270686574011,1.1451909927215942,18.821741507157284,2.6911764102023437,-2.2700501966401005,0.7994291598757219,0.5273279185882803,0.3264971033611838,0.279816144551443,-0.592091981204977,-0.5651441585783917,-1.6917374073430995,-1.2337881285314665,18.59098117736486,0.6658347002891509,-0.8118827124099631,-0.1809768459260228,0.0924720847873115,0.0718402298967345,-0.3716670283590859,-0.9486402313277325,-0.9340545260874412,0.3661217860216647,-0.7365833052533491,18.699949027041253,0.0818970617840595,-1.430226654756537
-0.1142318268801013,-0.5027930683191266,-0.2408484181536256,-0.1990121067812692,0.2542940429781106,0.2687416640359343,-2.0943358412786512,-2.3124134897450013,18.101825821117195,-0.6283632490280814,0.0790945511453699,-0.1112048348086352,0.4540632683996671,0.7079200287642796,1.0264735395425475,1.1646348831772777,1.135041104251686,-0.7174972570768778,-1.8664194988818552,17.902357096801122,-0.1152725516498084,1.1088667445761478,1.074897773742906,0.42582789023329,1.418284692996831,0.4987736683195282,-0.5257381560701078,-0.5055586838638599,1.1836103118628267,-1.042109819622747,18.151053379919357,-1.015013484427406,-0.6164918588723628
0.1743204769260427,-0.4895209029515145,-0.251914702953563,-0.751794500208438,-1.0517573523342196,-1.0498467786597756,0.25521487192953,-0.7060878309475126,18.230328640459827,-0.3749825855770267,-1.0024930162071948,-1.4191013200737224,-1.586270079629038,-0.9822222623544414,-1.288998228865009,-0.5899397606985366,-0.5769625362098857,-0.8710974433466698,-0.9982131818389514,17.988989738748696,-1.1318715051902724,-0.5023327227240668,-1.0258907908792847,-1.2297670947471282,-1.4389389792403802,-1.501308690587493,-0.4358658173135445,-0.4233323221100977,0.8208107718434777,-0.4301446845066727,18.15704198065617,-0.0445252059996186,-0.4944470237093517
-1.9654678078543155,-1.993580667987444,-2.2042947174181737,-2.0109379470871427,-0.8679146041132761,-0.8807036629106366,1.519499758299862,0.8632320045024534,18.51335746834577,-0.3392452163011641,-1.079745649006853,-1.7513722435209522,-1.1018325544810434,-1.4467338380235308,-0.5892620333385682,1.7717174249241825,1.7517908503484207,-0.4486295061271478,0.8507693369145238,18.37383335187851,1.3632978652260657,1.7576242504763002,-0.0527592301162882,-0.3611143057844226,-0.4251492053771036,-0.46052904386723,0.1268693390937355,0.1509881919695792,-0.3981839521487808,0.6054634274169248,18.26421990943806,0.3365991205161244,0.0604327368638607
-0.6568144782684282,-0.7410400418542481,-0.7733342621375956,-0.9776826086720336,-0.7015691307324127,-0.7040519275044987,-0.3539785915810772,0.5392556499054703,18.142282126576177,0.4447827744968913,-0.5769614490976039,-0.9606627781577408,-1.0417133252740298,-0.7417824918291662,-0.7932861008116829,0.1828014959781792,0.2079232738662735,-0.2536756760493951,0.2550900009475617,18.106501378453597,-0.8703634870284654,0.1566827835223894,-0.8363608205520439,-0.9876180995503022,-0.9389912658556682,-0.6725181966004387,0.3563556056933804,0.3807488437121515,-0.7997732498795042,-0.6844977208870237,17.94726812670416,0.2696530317803485,0.7472361115445195
-1.0297111070094402,-0.6812823248726475,-0.7487417604127873,-0.0544589143401291,0.7771295645301582,0.7973584082611335,0.4200118789711606,-0.2996637176344052,18.028830052658865,0.3670719490547052,0.7621319762494664,0.7060999133800387,0.76100202618403,0.3228062392107652,-0.3838350590494447,-0.2360834836005771,-0.2232370402614447,1.1063877250678318,0.8845141585551403,18.253031039215504,0.7980148229883836,-0.3623407970740827,0.5222631345809202,1.2598669576126025,1.417025568210991,2.022077236119634,1.6192132103511467,1.5994415762067618,-0.3898928085156709,0.345869191582991,18.214584815156083,-0.1733230368934936,1.467170206824698
1.3854034027663815,0.880292813550638,1.5290121459994734,0.8157820387605188,-0.7796989314145294,-0.7824103936535239,-0.8371626204011033,-0.951971320412314,18.039935579768382,-1.5800720865485052,-0.8346017414838997,1.0238111557307668,1.6826745530010356,1.7710331588556467,1.4883383239137422,0.4266171775820048,0.445936454618476,2.0916407690206524,1.856572938991449,18.36929692967854,-0.736350064275056,0.2953540641255619,1.3983489284290802,0.9765776006361075,0.6697897602182227,1.1036897243138466,-0.2737255085805806,-0.2632964026738988,-0.4656846536798819,1.1050230163358474,18.285100407962,0.8392872964761147,-0.5775278282131229
0.4800576647736835,0.5887484987945724,1.0987121023630564,0.4254146758304438,-0.636806415077556,-0.6383268923519696,-1.3933714967306488,-1.038798176849079,17.92578261813906,-1.5507046701773957,-0.8996321733466551,0.3660803450623348,0.0260024164771861,0.5847064414271286,0.1100564042911508,-0.3531070157766573,-0.3469374969530354,-0.7070263478697033,-1.4324405749714455,17.741251066760174,-1.3988429948594576,-0.4668131180208221,0.1404293456381152,-0.2505885590418595,0.2550909338403921,-0.4637222664140064,-0.5261596562518143,-0.5261942437378,0.5569018690135724,-0.7420662892802138,17.848460115242712,-1.0794566260784508,-0.3999873053165738
-1.259010582030239,-1.4437969838670246,-1.1937732456142296,-1.3158365921052535,-0.7103575429070764,-0.7186129310281361,0.086896300035204,-0.6106252091420932,17.87811504118949,-0.1750430185965144,-0.2310061585131758,-1.498068510822387,-1.8576146192538956,-1.627542650067402,-1.134440799048558,0.0949980021699856,0.1120816533441196,-0.6887098539929944,-1.1097109429909855,17.705506764860182,-0.6028584513100135,-0.0769662820959403,-1.3127491500138877,-1.535205356998918,-1.527662247777074,-1.6543498901435736,-0.6281151542976889,-0.6350480561409152,1.6567018676126972,0.620253036745585,18.035512273450134,-0.4408620676850479,-0.4834927247088559
-0.1150222371828585,-0.4232935078834609,-1.2287783799619882,-0.6584382311363749,1.6229836054735491,1.6161709151909236,1.4415932311184454,1.995754570165318,18.401425556983384,1.9705310932322908,1.7841681653839672,-0.6747963164587992,0.1548444088687007,0.0937979302164592,-0.2306777607641993,0.6421460284549443,0.6504131647271829,-0.73388571525352,0.8376459838746924,18.241173634882205,0.1303323841533979,1.1264675170953191,-1.4332300043687678,-1.699197727692881,-1.5827622395418313,-1.6002207059321063,-1.888121468982956,-1.9165527752949976,0.3971191678511294,1.2973435607216726,18.35595128192007,-0.28149510475528,-1.7527583251786143
-1.530075581069391,-1.1431703400740936,-0.865328894152163,-0.7692417770751745,1.227307014733968,1.2178785312445843,-1.3815054551336194,-0.4378973763121115,17.859827708441724,-0.5759232282770368,1.076560559674175,-0.941304669584918,-1.3131230598203625,-1.121267098060328,-1.70478058232392,-1.0492304414283948,-1.0506868262050264,-0.0804520322218711,-0.4329718613915944,17.86247173354127,-0.5011301153284826,-1.3886070847045393,-1.6913085202994775,-1.7446983202289676,-1.7123632086093952,-1.6496061603817842,-0.0329057917676173,-0.0212875011103304,1.0621510008910668,0.4438852498813793,18.171170129249685,-0.606083563639002,-0.2243384200934066
-1.574301500162863,-1.147453961670002,-1.6148448986137307,-1.954952544553756,-0.8464712974669949,-0.8451286109657011,-0.5597368007459974,-0.1709464978835429,18.068258188636783,0.9937945043045184,-0.6241888911593995,-1.8365684968312148,-1.7313471197528174,-1.7297446805731993,-1.8752136529080776,-0.6670271963922817,-0.662059888614849,0.1463531021910689,0.0392127255376323,18.165980746809623,-0.5889299584188725,-0.9764757935499832,-1.7526256355935006,-1.763734057774896,-2.102934106251219,-2.02706135473405,-1.4469750709162357,-1.471475178744357,1.3378387739208402,1.5784981859349296,18.590789704649698,1.7525781341835671,-1.5513345182779072
-1.7843541272058934,-1.4525446932710535,-1.4623238780613146,-1.3213448250544484,1.1352292605375949,1.1283383748333615,-0.6603345976357835,0.4688661776426071,18.47310905346648,0.2944220585198883,1.2694435289641604,-0.99923045164536,-0.7806294886778561,-0.7304806748308393,-0.4390943176746557,1.7771278633829928,1.7449040053040883,-0.6436456106923488,-0.2027794976207049,18.309095349430603,0.0816289360766776,1.630871544734635,-0.1602446621123577,-0.5055215053731209,-0.3866447134869462,-0.2888924560329839,0.3099763517116632,0.3275851478548886,-0.9026578582918936,-1.1275740788770023,18.039087926696823,-0.2193941320088697,0.3731895027497359
-0.3106001201986809,-0.5301357054998197,-0.1396251631314621,-0.2461919877612601,0.0719895214404235,0.088242448213811,-0.77384147384728,-1.4874768952572452,17.759646402274775,-1.1945199031156704,0.0703343335225757,-0.2292018350709991,0.1769644536771766,0.2570506424641168,0.3270052991913126,0.7402638787894261,0.7495102982102628,0.94450886058992,-0.6912359550009567,18.02161115583743,-0.3660972769958008,0.75714927418076,0.5034809178890409,-0.0081736864236523,0.0800731763410975,0.0893660780211344,-0.3275529128846606,-0.3148166939713897,-1.1246877713628087,-1.4930563474530696,17.64339951927109,-0.2485151300009848,-0.1837433957658488
0.0243657895604245,-0.5627904972969923,-0.8652300237161392,-1.0466256394864073,-1.022824583483665,-1.030938197920348,1.7188424562714366,-0.0515008885116116,18.120367243182205,0.9984764785782796,-0.6512800926130404,-1.1682153545398868,-1.751837304497193,-1.419110594891192,-1.3454213314682948,-0.3684948824430096,-0.3561171793351827,-0.0736171954716026,0.0205641588079279,18.146931832622116,0.5222014801722203,-0.2738933204696837,-1.6507355751643948,-2.1035193000513277,-2.226058104361938,-2.1565935288439726,-1.6433037924846612,-1.6800711098094436,1.6181597293288326,1.756645834108768,18.71505637199451,2.2967357787853713,-1.736496541255969
-2.134553806365818,-2.2085322533221756,-1.9219876715511377,-1.9602241052197296,-0.7027233812040082,-0.6923607455107522,-0.7575405154112216,0.739640957417078,18.421863054747423,0.8277713605248803,-0.8440245694363724,-1.955408829709539,-1.9153163929823769,-1.6508424536660882,-1.6907502363365183,-0.3526880727294775,-0.3385962490245534,-0.0926117528937125,0.8228303147425572,18.438011701540994,0.1556150708815414,-0.0260030984060292,-1.7269540192202106,-1.5377656195144047,-1.4590290203123797,-1.0708705046672229,1.6647217825067775,1.6270895706813435,0.1495409131304277,1.062125937892971,18.566485271343954,0.7200769771939611,1.3509166253383162
-0.856659051024117,-0.9671158042725198,-1.088046080261882,-1.0888755806552894,-0.2014989012991573,-0.1864561929271113,-0.2908500487456506,0.6807497132539159,18.565226019232536,1.3118893568843852,0.2206865236362488,-1.4208742951325226,-1.305063704970737,-1.2635020986151684,-1.2076590143947192,-0.5477397371270181,-0.5401451047776091,-0.1220037504187568,0.5731209350030714,18.65738474338175,0.7580719104074675,-0.4311561997105435,-1.111685895597089,-1.219201438364282,-0.9214463722489088,-0.8363728405314461,1.4262030937433292,1.4150616789639074,-0.95194770964487,-0.7148097959053252,18.35926162973541,-1.1644140814893815,1.2047026257366662
-0.9739601527779588,-1.2418597102896034,-1.0444326392491463,-1.2534957579281376,-0.7482349608281491,-0.7499022974893692,-0.2175262176518979,-1.0919933306420966,18.405075624979144,-1.045867832679988,-0.5481450147303664,-1.24774171135041,-1.30359190926749,-1.285173902862793,-1.1632457959166578,0.5759016462104581,0.5891790235833207,-0.077309936345257,-1.0384906408413073,18.4441003612621,-0.404932401080199,0.3991240457116562,-1.3448678917678485,-1.5945541574965996,-2.1982619214574473,-2.351542631349849,-2.116170829033151,-2.181112934146654,1.8802885555854472,1.4005210983123615,19.057664373867116,2.231478486299274,-2.1505617114658997
-2.024618535414027,-1.8635409649793684,-1.7590606657888517,-1.542549008932985,1.1056568172675325,1.0654176417333807,-0.4375879622499786,0.8673031599837964,18.97970436230427,0.4418901309226312,1.364136622076456,-0.908256856346902,-1.012913501661922,-0.6140195117762447,-0.6648049052504656,1.3772685064515309,1.3102069626046282,-0.8423727706928806,-0.4568384110254461,18.772855484146717,-0.9476813784347792,1.4542257137150691,-0.7039287093207901,-0.9646868790643444,-0.8118138722484515,-0.8014766464573685,-0.2484360646554804,-0.2132763064949543,-0.764409449573596,-1.1849242455292284,18.558819639464485,-0.2839254998126834,-0.1504555542115051
-0.5998918319488811,-0.6553891343050201,-0.3062154030622682,-0.2596837154811218,0.8051115970534609,0.7917366451412688,-0.4646557662434901,-1.271987349397515,18.423100823196847,-0.8435242130487254,0.4792008277568407,-0.6006892095185223,-0.86754102690374,-0.553659448512351,-0.6872519980863054,-0.4890455765194637,-0.4540316948800421,0.271387376819157,-0.752108601933818,18.533121544134577,-0.4607086876012293,-0.74493564631621,-1.3736108978708497,-1.530011639053268,-0.9521083410024505,-1.12864927512705,-0.5542584418981653,-0.5204666318556883,-0.0778045003159105,-0.5813883046814298,18.529334240791396,-0.8466996631333757,-0.5132344403726427
-0.9780906663431606,-0.6594143173804362,-0.3968026551946531,-0.4062980892899669,0.900245819346616,0.8833849804035703,-0.1413312793341707,-0.5823209668336302,18.533954079513315,-0.3553919023176499,0.8251211544312697,-0.7424908779938821,-0.8099568488409687,-0.1531030447176462,-0.2222872003340082,0.1564253107260354,0.1810438276440552,-0.4821316136456681,-0.8726958316799774,18.410916235933065,-0.8366792475515382,0.1986994754303054,-0.4514974417464667,0.6293759650614963,0.552134533164866,1.1536686845094175,0.8043891811542713,0.7860179887467025,0.8758538411079286,-0.0229092526638679,18.70381776076929,-0.0108267621618033,0.885582278285738
