{
  "aida": 0.167,
  "iforest": 0.09862518310546875,
  "lof": 0.014688730239868164
}