{
  "aida": 0.16,
  "iforest": 0.0890810489654541,
  "lof": 0.015823841094970703
}