{
  "iforest": 0.06429076194763184,
  "lof": 0.022066116333007812
}