{
  "aida": 0.141,
  "iforest": 0.09717988967895508,
  "lof": 0.01507115364074707
}