{
  "aida": 0.15,
  "iforest": 0.1089327335357666,
  "lof": 0.014964103698730469
}