{
  "aida": 0.167,
  "iforest": 0.10315203666687012,
  "lof": 0.01573014259338379
}