{
  "aida": 0.151,
  "iforest": 0.09656190872192383,
  "lof": 0.015993118286132812
}