{
  "aida": 0.157,
  "iforest": 0.13485288619995117,
  "lof": 0.016093969345092773
}