{
  "aida": 0.153,
  "iforest": 0.10118889808654785,
  "lof": 0.015614986419677734
}