{
  "aida": 0.16,
  "iforest": 0.10444021224975586,
  "lof": 0.01579904556274414
}