{
  "aida": 0.16,
  "iforest": 0.10223889350891113,
  "lof": 0.015718936920166016
}