{
  "aida": 0.158,
  "iforest": 0.08881926536560059,
  "lof": 0.014019250869750977
}