{
  "aida": 0.182,
  "iforest": 0.10962200164794922,
  "lof": 0.016643762588500977
}