{
  "aida": 0.025,
  "iforest": 0.09334111213684082,
  "lof": 0.014719009399414062
}