{
  "aida": 0.02,
  "iforest": 0.0673370361328125,
  "lof": 0.028710126876831055
}