{
  "aida": 0.02,
  "iforest": 0.0595247745513916,
  "lof": 0.038313865661621094
}