{
  "aida": 0.029,
  "iforest": 0.07943224906921387,
  "lof": 0.033753156661987305
}