{
  "aida": 0.03,
  "iforest": 0.0825650691986084,
  "lof": 0.04840278625488281
}