{
  "aida": 0.02,
  "iforest": 0.053878068923950195,
  "lof": 0.039311885833740234
}