index,subsequence_idx,score
10,10,2.39191
26,26,3.18413
81,81,2.63384
82,82,2.44716
89,89,2.87493
93,93,2.93262
99,99,2.34644
145,145,2.94218
156,156,2.49923
