index,subsequence_idx,score
10,10,2.57441
26,26,3.28402
81,81,2.54604
82,82,2.37803
89,89,2.88625
93,93,2.90524
145,145,2.99745
156,156,2.57238
