index,subsequence_idx,score
10,10,2.49849
26,26,3.30919
81,81,2.61064
88,88,2.38356
89,89,2.94392
93,93,2.92583
145,145,3.10741
156,156,2.52457
