index,subsequence_idx,score
10,10,2.37514
26,26,2.77091
56,56,3.18397
61,61,2.52152
93,93,3.07133
161,161,2.33642
