index,subsequence_idx,score
26,26,3.18009
81,81,2.49051
89,89,2.80751
93,93,3.00818
145,145,2.95658
156,156,2.57766
