index,subsequence_idx,score
10,10,2.42563
26,26,3.19302
81,81,2.54207
89,89,2.77742
93,93,2.92767
99,99,2.34677
145,145,2.94655
156,156,2.48417
