feature_0,feature_1,feature_2,feature_3,feature_4,feature_5,feature_6,feature_7,feature_8,feature_9,feature_10,feature_11,feature_12,feature_13,feature_14
0.0040860887397544,-0.1550535766000579,0.0163751161019457,-0.0045874586872207,0.0575130244036194,0.0180335503824917,0.0097377053004796,-0.1448110455694561,0.0214923363203421,0.0027238294824041,-0.0610172060941408,0.0145634742254842,0.00455164027394,0.1277042298999031,0.0130670882641742
-0.0045874586872207,0.0575130244036194,0.0180335503824917,0.0097377053004796,-0.1448110455694561,0.0214923363203421,0.0027238294824041,-0.0610172060941408,0.0145634742254842,0.00455164027394,0.1277042298999031,0.0130670882641742,-0.0024115569363595,-0.5806012884753042,0.0112194000619676
0.0097377053004796,-0.1448110455694561,0.0214923363203421,0.0027238294824041,-0.0610172060941408,0.0145634742254842,0.00455164027394,0.1277042298999031,0.0130670882641742,-0.0024115569363595,-0.5806012884753042,0.0112194000619676,0.0069595911546667,1.2251237412527731,0.0123356534669572
0.0027238294824041,-0.0610172060941408,0.0145634742254842,0.00455164027394,0.1277042298999031,0.0130670882641742,-0.0024115569363595,-0.5806012884753042,0.0112194000619676,0.0069595911546667,1.2251237412527731,0.0123356534669572,-0.0040014809253966,0.4007056838229654,0.0089377378806091
0.00455164027394,0.1277042298999031,0.0130670882641742,-0.0024115569363595,-0.5806012884753042,0.0112194000619676,0.0069595911546667,1.2251237412527731,0.0123356534669572,-0.0040014809253966,0.4007056838229654,0.0089377378806091,0.0094960227962561,0.0288045561579322,0.0126092985861484
-0.0024115569363595,-0.5806012884753042,0.0112194000619676,0.0069595911546667,1.2251237412527731,0.0123356534669572,-0.0040014809253966,0.4007056838229654,0.0089377378806091,0.0094960227962561,0.0288045561579322,0.0126092985861484,0.0041967821696138,1.4662798743812209,0.0155622485482579
0.0069595911546667,1.2251237412527731,0.0123356534669572,-0.0040014809253966,0.4007056838229654,0.0089377378806091,0.0094960227962561,0.0288045561579322,0.0126092985861484,0.0041967821696138,1.4662798743812209,0.0155622485482579,-0.0012250081661442,-0.4696551128760737,0.0261414062737893
