feature_0,feature_1,feature_2,feature_3,feature_4,feature_5,feature_6,feature_7,feature_8,feature_9,feature_10,feature_11,feature_12,feature_13,feature_14
0.0114198042180593,-0.0285823580744265,0.009594259954304,0.0090460250050756,-0.0386158351997243,0.0087106201841144,0.0030753320917169,-0.101556499923199,0.0120458257840392,-0.0020875025575822,0.0091893432112837,0.0069476142603913,0.0023534046536966,-0.2694995411872661,0.0064094900290945
0.0090460250050756,-0.0386158351997243,0.0087106201841144,0.0030753320917169,-0.101556499923199,0.0120458257840392,-0.0020875025575822,0.0091893432112837,0.0069476142603913,0.0023534046536966,-0.2694995411872661,0.0064094900290945,0.0013694244182109,-0.3242052372209875,0.0075678736387494
0.0030753320917169,-0.101556499923199,0.0120458257840392,-0.0020875025575822,0.0091893432112837,0.0069476142603913,0.0023534046536966,-0.2694995411872661,0.0064094900290945,0.0013694244182109,-0.3242052372209875,0.0075678736387494,-0.002279424280201,0.7898996253824817,0.0053696027069535
-0.0020875025575822,0.0091893432112837,0.0069476142603913,0.0023534046536966,-0.2694995411872661,0.0064094900290945,0.0013694244182109,-0.3242052372209875,0.0075678736387494,-0.002279424280201,0.7898996253824817,0.0053696027069535,0.0022846319256837,0.0517007237462254,0.007530080456341
0.0023534046536966,-0.2694995411872661,0.0064094900290945,0.0013694244182109,-0.3242052372209875,0.0075678736387494,-0.002279424280201,0.7898996253824817,0.0053696027069535,0.0022846319256837,0.0517007237462254,0.007530080456341,0.0050802861598502,0.3863764108952254,0.0105844472909902
0.0013694244182109,-0.3242052372209875,0.0075678736387494,-0.002279424280201,0.7898996253824817,0.0053696027069535,0.0022846319256837,0.0517007237462254,0.007530080456341,0.0050802861598502,0.3863764108952254,0.0105844472909902,0.0114049396046764,0.0814915462245646,0.0113356648830812
-0.002279424280201,0.7898996253824817,0.0053696027069535,0.0022846319256837,0.0517007237462254,0.007530080456341,0.0050802861598502,0.3863764108952254,0.0105844472909902,0.0114049396046764,0.0814915462245646,0.0113356648830812,0.0048690429213165,-0.0969421872783643,0.0130919855618292
