feature_0,feature_1,feature_2,feature_3,feature_4,feature_5,feature_6,feature_7,feature_8,feature_9,feature_10,feature_11,feature_12,feature_13,feature_14
0.0116183934694407,0.0790383743948102,0.0128032967211493,-0.0016024300648993,-0.3078929337135027,0.0130357955055784,0.0053503641100836,0.3844249992016095,0.0131261141102302,0.0460352025743096,0.2393513338946493,0.0221760999991886,-0.0031796966161027,-0.4411789340455827,0.0170490214746765
-0.0016024300648993,-0.3078929337135027,0.0130357955055784,0.0053503641100836,0.3844249992016095,0.0131261141102302,0.0460352025743096,0.2393513338946493,0.0221760999991886,-0.0031796966161027,-0.4411789340455827,0.0170490214746765,0.0076558599867839,-0.448615251386414,0.0103540524585949
0.0053503641100836,0.3844249992016095,0.0131261141102302,0.0460352025743096,0.2393513338946493,0.0221760999991886,-0.0031796966161027,-0.4411789340455827,0.0170490214746765,0.0076558599867839,-0.448615251386414,0.0103540524585949,0.000379681563033,1.19061282430759,0.0136758655935456
0.0460352025743096,0.2393513338946493,0.0221760999991886,-0.0031796966161027,-0.4411789340455827,0.0170490214746765,0.0076558599867839,-0.448615251386414,0.0103540524585949,0.000379681563033,1.19061282430759,0.0136758655935456,-0.0046834658601537,-0.3144535289332543,0.0082908356279093
-0.0031796966161027,-0.4411789340455827,0.0170490214746765,0.0076558599867839,-0.448615251386414,0.0103540524585949,0.000379681563033,1.19061282430759,0.0136758655935456,-0.0046834658601537,-0.3144535289332543,0.0082908356279093,0.0029252469525236,-0.1431559470656852,0.0147563417339816
0.0076558599867839,-0.448615251386414,0.0103540524585949,0.000379681563033,1.19061282430759,0.0136758655935456,-0.0046834658601537,-0.3144535289332543,0.0082908356279093,0.0029252469525236,-0.1431559470656852,0.0147563417339816,0.0051991003872378,0.4597925077457516,0.0141943817604778
0.000379681563033,1.19061282430759,0.0136758655935456,-0.0046834658601537,-0.3144535289332543,0.0082908356279093,0.0029252469525236,-0.1431559470656852,0.0147563417339816,0.0051991003872378,0.4597925077457516,0.0141943817604778,0.0090827269262934,-0.1798273117553422,0.0167597722069768
