feature_0,feature_1,feature_2,feature_3,feature_4,feature_5,feature_6,feature_7,feature_8,feature_9,feature_10,feature_11,feature_12,feature_13,feature_14
0.0121093613080465,-0.2854718326298588,0.0247258359104047,-0.0036782454627221,-0.0428277940639753,0.0144877075706487,0.0225363273696777,0.2734121554096647,0.0277952987255228,-0.0092245819767048,0.3661426639621365,0.0263093365920466,-0.0245875620699083,0.5897919034480077,0.0554623722778287
-0.0036782454627221,-0.0428277940639753,0.0144877075706487,0.0225363273696777,0.2734121554096647,0.0277952987255228,-0.0092245819767048,0.3661426639621365,0.0263093365920466,-0.0245875620699083,0.5897919034480077,0.0554623722778287,-0.01929541571319,-0.6724055502434902,0.0246309043617141
0.0225363273696777,0.2734121554096647,0.0277952987255228,-0.0092245819767048,0.3661426639621365,0.0263093365920466,-0.0245875620699083,0.5897919034480077,0.0554623722778287,-0.01929541571319,-0.6724055502434902,0.0246309043617141,0.0097538101944418,0.3428430823533404,0.0184252149789868
-0.0092245819767048,0.3661426639621365,0.0263093365920466,-0.0245875620699083,0.5897919034480077,0.0554623722778287,-0.01929541571319,-0.6724055502434902,0.0246309043617141,0.0097538101944418,0.3428430823533404,0.0184252149789868,-0.0087267963936846,0.0147322714842466,0.0179049627465757
-0.0245875620699083,0.5897919034480077,0.0554623722778287,-0.01929541571319,-0.6724055502434902,0.0246309043617141,0.0097538101944418,0.3428430823533404,0.0184252149789868,-0.0087267963936846,0.0147322714842466,0.0179049627465757,0.0066707735506774,-0.0485340891825719,0.0188466447083789
-0.01929541571319,-0.6724055502434902,0.0246309043617141,0.0097538101944418,0.3428430823533404,0.0184252149789868,-0.0087267963936846,0.0147322714842466,0.0179049627465757,0.0066707735506774,-0.0485340891825719,0.0188466447083789,-0.0284587467011242,0.3775919163361736,0.0363620630985528
0.0097538101944418,0.3428430823533404,0.0184252149789868,-0.0087267963936846,0.0147322714842466,0.0179049627465757,0.0066707735506774,-0.0485340891825719,0.0188466447083789,-0.0284587467011242,0.3775919163361736,0.0363620630985528,-0.0001069785337086,-0.2982059755210006,0.0219325888725678
