{
  "aida": 0.126,
  "iforest": 0.06967568397521973,
  "lof": 0.02343606948852539
}