{
  "aida": 0.186,
  "iforest": 0.10508894920349121,
  "lof": 0.04423189163208008
}