{
  "aida": 0.132,
  "iforest": 0.07116889953613281,
  "lof": 0.03419995307922363
}