{
  "aida": 0.159,
  "iforest": 0.09912395477294922,
  "lof": 0.015151262283325195
}