{
  "aida": 0.129,
  "iforest": 0.0694887638092041,
  "lof": 0.02248072624206543
}