{
  "aida": 0.207,
  "iforest": 0.09905481338500977,
  "lof": 0.03125810623168945
}