{
  "anomalies": [
    {
      "anomaly_index": 34,
      "feature_importances": {
        "Close_0": 9.87451609646606e-13,
        "Close_1": 1.0878568573765222e-12,
        "Close_2": 1.0514549548130865e-12,
        "High_0": 1.0264536481074302e-12,
        "High_1": 1.105257766843659e-12,
        "High_2": 1.0658557074755446e-12,
        "Low_0": 9.972521218752233e-13,
        "Low_1": 1.0992574532343015e-12,
        "Low_2": 1.0302538467266898e-12,
        "Open_0": 1.0118528849913266e-12,
        "Open_1": 1.117058383608729e-12,
        "Open_2": 1.0652556761146089e-12,
        "Volume_0": 0.45971067292552753,
        "Volume_1": 0.32742186497865,
        "Volume_2": 0.2128674620831583,
        "daily_return_0": 4.000209072905028e-16,
        "daily_return_1": 2.000104536452514e-16,
        "daily_return_2": 0.0,
        "daily_return_zscore_0": 2.000104536452514e-16,
        "daily_return_zscore_1": 1.8000940828072626e-15,
        "daily_return_zscore_2": 1.4000731755167596e-15,
        "excess_return_0": 2.000104536452514e-16,
        "excess_return_1": 2.000104536452514e-16,
        "excess_return_2": 0.0,
        "high_low_range_0": 2.000104536452514e-16,
        "high_low_range_1": 2.000104536452514e-16,
        "high_low_range_2": 0.0,
        "log_return_0": 4.000209072905028e-16,
        "log_return_1": 2.000104536452514e-16,
        "log_return_2": 0.0,
        "log_return_zscore_0": 4.000209072905028e-16,
        "log_return_zscore_1": 1.8000940828072626e-15,
        "log_return_zscore_2": 1.4000731755167596e-15,
        "log_volume_0": 6.000313609357542e-16,
        "log_volume_1": 6.000313609357542e-16,
        "log_volume_2": 2.000104536452514e-16,
        "relative_volume_0": 6.000313609357542e-16,
        "relative_volume_1": 6.000313609357542e-16,
        "relative_volume_2": 2.000104536452514e-16,
        "relative_volume_zscore_0": 1.8000940828072626e-15,
        "relative_volume_zscore_1": 1.6000836291620111e-15,
        "relative_volume_zscore_2": 1.4000731755167596e-15,
        "volume_change_0": 4.000209072905028e-16,
        "volume_change_1": 2.000104536452514e-16,
        "volume_change_2": 0.0,
        "volume_change_zscore_0": 8.000418145810056e-16,
        "volume_change_zscore_1": 2.000104536452514e-16,
        "volume_change_zscore_2": 8.000418145810056e-16
      }
    },
    {
      "anomaly_index": 47,
      "feature_importances": {
        "Close_0": 3.1906390808910035e-12,
        "Close_1": 3.0468614808892035e-12,
        "Close_2": 3.0335126901733694e-12,
        "High_0": 3.48486867625252e-12,
        "High_1": 3.2365255489766843e-12,
        "High_2": 3.1308476224763285e-12,
        "Low_0": 3.091357449941985e-12,
        "Low_1": 2.928669063092753e-12,
        "Low_2": 2.9281128634795933e-12,
        "Open_0": 3.423686718804946e-12,
        "Open_1": 3.098031845299902e-12,
        "Open_2": 3.0162705021654166e-12,
        "Volume_0": 0.14911362055152125,
        "Volume_1": 0.7384120101091654,
        "Volume_2": 0.11247436930166427,
        "daily_return_0": 5.56199613159767e-16,
        "daily_return_1": 2.780998065798835e-16,
        "daily_return_2": 0.0,
        "daily_return_zscore_0": 3.0590978723787185e-15,
        "daily_return_zscore_1": 1.9466986460591847e-15,
        "daily_return_zscore_2": 4.171497098698252e-15,
        "excess_return_0": 2.780998065798835e-16,
        "excess_return_1": 2.780998065798835e-16,
        "excess_return_2": 0.0,
        "high_low_range_0": 2.780998065798835e-16,
        "high_low_range_1": 2.780998065798835e-16,
        "high_low_range_2": 0.0,
        "log_return_0": 5.56199613159767e-16,
        "log_return_1": 2.780998065798835e-16,
        "log_return_2": 0.0,
        "log_return_zscore_0": 3.0590978723787185e-15,
        "log_return_zscore_1": 1.9466986460591847e-15,
        "log_return_zscore_2": 4.171497098698252e-15,
        "log_volume_0": 8.342994197396505e-16,
        "log_volume_1": 2.780998065798835e-16,
        "log_volume_2": 2.780998065798835e-16,
        "relative_volume_0": 2.780998065798835e-16,
        "relative_volume_1": 5.56199613159767e-16,
        "relative_volume_2": 2.780998065798835e-16,
        "relative_volume_zscore_0": 5.283896325017787e-15,
        "relative_volume_zscore_1": 3.337197678958602e-15,
        "relative_volume_zscore_2": 3.0590978723787185e-15,
        "volume_change_0": 8.342994197396505e-16,
        "volume_change_1": 2.780998065798835e-16,
        "volume_change_2": 0.0,
        "volume_change_zscore_0": 1.9466986460591847e-15,
        "volume_change_zscore_1": 0.0,
        "volume_change_zscore_2": 1.3904990328994176e-15
      }
    },
    {
      "anomaly_index": 98,
      "feature_importances": {
        "Close_0": 1.1924844703702587e-12,
        "Close_1": 1.2289985297343093e-12,
        "Close_2": 1.1483440568352356e-12,
        "High_0": 1.1980309097673297e-12,
        "High_1": 1.2444823397177992e-12,
        "High_2": 1.1998797228996866e-12,
        "Low_0": 1.1453397354951554e-12,
        "Low_1": 1.1890179457470894e-12,
        "Low_2": 1.1344779583425582e-12,
        "Open_0": 1.1830093030669293e-12,
        "Open_1": 1.22553200511114e-12,
        "Open_2": 1.2008041294658652e-12,
        "Volume_0": 0.2905357944778765,
        "Volume_1": 0.4589983462038832,
        "Volume_2": 0.2504658593039289,
        "daily_return_0": 6.933049246338714e-16,
        "daily_return_1": 2.3110164154462377e-16,
        "daily_return_2": 0.0,
        "daily_return_zscore_0": 9.24406566178495e-16,
        "daily_return_zscore_1": 2.079914773901614e-15,
        "daily_return_zscore_2": 1.1555082077231189e-15,
        "excess_return_0": 2.3110164154462377e-16,
        "excess_return_1": 2.3110164154462377e-16,
        "excess_return_2": 0.0,
        "high_low_range_0": 2.3110164154462377e-16,
        "high_low_range_1": 2.3110164154462377e-16,
        "high_low_range_2": 0.0,
        "log_return_0": 6.933049246338714e-16,
        "log_return_1": 2.3110164154462377e-16,
        "log_return_2": 0.0,
        "log_return_zscore_0": 9.24406566178495e-16,
        "log_return_zscore_1": 2.079914773901614e-15,
        "log_return_zscore_2": 1.1555082077231189e-15,
        "log_volume_0": 2.3110164154462377e-16,
        "log_volume_1": 4.622032830892475e-16,
        "log_volume_2": 0.0,
        "relative_volume_0": 4.622032830892475e-16,
        "relative_volume_1": 6.933049246338714e-16,
        "relative_volume_2": 2.3110164154462377e-16,
        "relative_volume_zscore_0": 2.5421180569908616e-15,
        "relative_volume_zscore_1": 1.6177114908123665e-15,
        "relative_volume_zscore_2": 6.933049246338714e-16,
        "volume_change_0": 4.622032830892475e-16,
        "volume_change_1": 2.3110164154462377e-16,
        "volume_change_2": 0.0,
        "volume_change_zscore_0": 9.24406566178495e-16,
        "volume_change_zscore_1": 6.933049246338714e-16,
        "volume_change_zscore_2": 6.933049246338714e-16
      }
    },
    {
      "anomaly_index": 105,
      "feature_importances": {
        "Close_0": 1.5117110973808625e-12,
        "Close_1": 1.5552604473564481e-12,
        "Close_2": 1.5213125288715429e-12,
        "High_0": 1.5876652786374942e-12,
        "High_1": 1.604639237879947e-12,
        "High_2": 1.5561177180252589e-12,
        "Low_0": 1.4721051924818062e-12,
        "Low_1": 1.4839355277113945e-12,
        "Low_2": 1.4366141867930416e-12,
        "Open_0": 1.5789211178156247e-12,
        "Open_1": 1.540001029451617e-12,
        "Open_2": 1.5370863091776605e-12,
        "Volume_0": 0.2508492031512332,
        "Volume_1": 0.21894931011129345,
        "Volume_2": 0.5302014867190676,
        "daily_return_0": 3.429082675242968e-16,
        "daily_return_1": 1.714541337621484e-16,
        "daily_return_2": 0.0,
        "daily_return_zscore_0": 1.200178936335039e-15,
        "daily_return_zscore_1": 2.0574496051457807e-15,
        "daily_return_zscore_2": 2.0574496051457807e-15,