feature_0,feature_1,feature_2,feature_3,feature_4,feature_5,feature_6,feature_7,feature_8
-0.0012119532987128,-0.019510269826285,0.0095984389566622,-0.02777527677818,0.6144381041488742,0.0154263419970283,0.0021726167437754,-0.2331318420281212,0.011188782734193
-0.02777527677818,0.6144381041488742,0.0154263419970283,0.0021726167437754,-0.2331318420281212,0.011188782734193,0.0179898236132465,0.3158132923836703,0.0237658066897804
0.0021726167437754,-0.2331318420281212,0.011188782734193,0.0179898236132465,0.3158132923836703,0.0237658066897804,0.037065552575783,0.1149747307366737,0.0231046713644237
0.0179898236132465,0.3158132923836703,0.0237658066897804,0.037065552575783,0.1149747307366737,0.0231046713644237,-0.0029274465907872,3.7719930579368777,0.0240312860822573
0.037065552575783,0.1149747307366737,0.0231046713644237,-0.0029274465907872,3.7719930579368777,0.0240312860822573,-0.007581049574092,-0.8300928298270459,0.016119744161035
-0.0029274465907872,3.7719930579368777,0.0240312860822573,-0.007581049574092,-0.8300928298270459,0.016119744161035,0.0039740450353507,-0.1955804676245706,0.0160369044632685
-0.007581049574092,-0.8300928298270459,0.016119744161035,0.0039740450353507,-0.1955804676245706,0.0160369044632685,-0.00439811229297,-0.0286389277276891,0.0145968616699731
