feature_0,feature_1,feature_2,feature_3,feature_4,feature_5,feature_6,feature_7,feature_8
0.0163239704250599,0.1151332327802916,0.0229276136232844,0.0094912045781567,-0.1405545536519387,0.0112391857985244,-0.0008679289856797,-0.0291147540983606,0.0071848867218408
0.0094912045781567,-0.1405545536519387,0.0112391857985244,-0.0008679289856797,-0.0291147540983606,0.0071848867218408,-0.0117263257639247,-0.1499392138322302,0.0183701966880274
-0.0008679289856797,-0.0291147540983606,0.0071848867218408,-0.0117263257639247,-0.1499392138322302,0.0183701966880274,-0.0020509396003431,0.6233910694422373,0.0142274784169257
-0.0117263257639247,-0.1499392138322302,0.0183701966880274,-0.0020509396003431,0.6233910694422373,0.0142274784169257,0.0022751838297776,1.101213782302271,0.0151437033737288
-0.0020509396003431,0.6233910694422373,0.0142274784169257,0.0022751838297776,1.101213782302271,0.0151437033737288,0.0057852083288822,-0.6587161091959377,0.007326543774299
0.0022751838297776,1.101213782302271,0.0151437033737288,0.0057852083288822,-0.6587161091959377,0.007326543774299,-0.0063342398945844,-0.047092547092547,0.0180107106537375
0.0057852083288822,-0.6587161091959377,0.007326543774299,-0.0063342398945844,-0.047092547092547,0.0180107106537375,0.0007327225426987,0.0908179343933532,0.0097693685692482
