feature_0,feature_1,feature_2,feature_3,feature_4,feature_5,feature_6,feature_7,feature_8
0.009851721894114,0.069685386650985,0.0167997795442824,-0.000924213386404,0.3650357339197361,0.0233495414283843,0.0041114680631222,-0.2246274667740636,0.0111943751375613
-0.000924213386404,0.3650357339197361,0.0233495414283843,0.0041114680631222,-0.2246274667740636,0.0111943751375613,0.0002046760370049,0.3590442799636411,0.0202925544246633
0.0041114680631222,-0.2246274667740636,0.0111943751375613,0.0002046760370049,0.3590442799636411,0.0202925544246633,0.0271210953583236,0.4303458819033059,0.0267729688354906
0.0002046760370049,0.3590442799636411,0.0202925544246633,0.0271210953583236,0.4303458819033059,0.0267729688354906,-0.0155440238185985,2.928189712758851,0.0260192669951168
0.0271210953583236,0.4303458819033059,0.0267729688354906,-0.0155440238185985,2.928189712758851,0.0260192669951168,-0.0137651401378987,-0.6029419267069127,0.0200082761935268
-0.0155440238185985,2.928189712758851,0.0260192669951168,-0.0137651401378987,-0.6029419267069127,0.0200082761935268,-0.0038998576894876,-0.1985095721444173,0.0195916047712587
-0.0137651401378987,-0.6029419267069127,0.0200082761935268,-0.0038998576894876,-0.1985095721444173,0.0195916047712587,-0.0241087704039272,-0.1615368173559901,0.02682438325101
