feature_0,feature_1,feature_2,feature_3,feature_4,feature_5,feature_6,feature_7,feature_8
-0.0110357859656944,0.1292983502285827,0.0237907680495003,0.0173257406422611,-0.1556513831441227,0.0127438611928884,0.0066872249308804,-0.1229429408562925,0.0109312769606103
0.0173257406422611,-0.1556513831441227,0.0127438611928884,0.0066872249308804,-0.1229429408562925,0.0109312769606103,-0.0082198788276868,0.090660610301982,0.0224479896379017
0.0066872249308804,-0.1229429408562925,0.0109312769606103,-0.0082198788276868,0.090660610301982,0.0224479896379017,0.0142148065589697,0.4086369084371481,0.0220411276402803
-0.0082198788276868,0.090660610301982,0.0224479896379017,0.0142148065589697,0.4086369084371481,0.0220411276402803,0.0028981874451858,0.7949841859185918,0.0091646690641781
0.0142148065589697,0.4086369084371481,0.0220411276402803,0.0028981874451858,0.7949841859185918,0.0091646690641781,0.0016580672784591,-0.6541297581996648,0.0086194462176565
0.0028981874451858,0.7949841859185918,0.0091646690641781,0.0016580672784591,-0.6541297581996648,0.0086194462176565,0.0007093610470758,0.0138021734616182,0.0122641150874082
0.0016580672784591,-0.6541297581996648,0.0086194462176565,0.0007093610470758,0.0138021734616182,0.0122641150874082,-0.0066164502508851,0.2257619619838322,0.0174009149714385
