{
  "aida": 0.019,
  "iforest": 0.053314924240112305,
  "lof": 0.03239727020263672
}