{
  "aida": 0.02,
  "iforest": 0.059983015060424805,
  "lof": 0.048209190368652344
}