{
  "aida": 0.024,
  "iforest": 0.08530879020690918,
  "lof": 0.014556884765625
}