{
  "aida": 0.03,
  "iforest": 0.08146786689758301,
  "lof": 0.05238604545593262
}