{
  "aida": 0.02,
  "iforest": 0.0583651065826416,
  "lof": 0.030948162078857422
}