{
  "aida": 0.03,
  "iforest": 0.08513712882995605,
  "lof": 0.03723287582397461
}