feature_0,feature_1,feature_2,feature_3,feature_4,feature_5,feature_6,feature_7,feature_8,feature_9,feature_10,feature_11,feature_12,feature_13,feature_14
-0.0217785881135964,-0.0853185993111366,0.0241426848914461,0.0051947806932415,0.3950733505922963,0.0256927062509241,-0.0263319239742334,0.1030759714333915,0.041914619569817,-0.0152913523074299,-0.1309645187601957,0.032822697158318,0.0151437226509745,3.112277820144307,0.0273055482128802
0.0051947806932415,0.3950733505922963,0.0256927062509241,-0.0263319239742334,0.1030759714333915,0.041914619569817,-0.0152913523074299,-0.1309645187601957,0.032822697158318,0.0151437226509745,3.112277820144307,0.0273055482128802,-0.0006319761218404,-0.8496191264157942,0.0175912017834837
-0.0263319239742334,0.1030759714333915,0.041914619569817,-0.0152913523074299,-0.1309645187601957,0.032822697158318,0.0151437226509745,3.112277820144307,0.0273055482128802,-0.0006319761218404,-0.8496191264157942,0.0175912017834837,0.000632375768226,-0.6225573894896603,0.0136933670742513
-0.0152913523074299,-0.1309645187601957,0.032822697158318,0.0151437226509745,3.112277820144307,0.0273055482128802,-0.0006319761218404,-0.8496191264157942,0.0175912017834837,0.000632375768226,-0.6225573894896603,0.0136933670742513,-0.0131479082213675,1.995727569741141,0.0160751024390416
0.0151437226509745,3.112277820144307,0.0273055482128802,-0.0006319761218404,-0.8496191264157942,0.0175912017834837,0.000632375768226,-0.6225573894896603,0.0136933670742513,-0.0131479082213675,1.995727569741141,0.0160751024390416,0.0001281976252747,-0.1212248322147651,0.0255418400757979
-0.0006319761218404,-0.8496191264157942,0.0175912017834837,0.000632375768226,-0.6225573894896603,0.0136933670742513,-0.0131479082213675,1.995727569741141,0.0160751024390416,0.0001281976252747,-0.1212248322147651,0.0255418400757979,-0.0151147236476637,0.0228162291169451,0.0257921090801685
0.000632375768226,-0.6225573894896603,0.0136933670742513,-0.0131479082213675,1.995727569741141,0.0160751024390416,0.0001281976252747,-0.1212248322147651,0.0255418400757979,-0.0151147236476637,0.0228162291169451,0.0257921090801685,0.0113149912663343,0.115269740526414,0.0111746442383349
