feature_0,feature_1,feature_2,feature_3,feature_4,feature_5,feature_6,feature_7,feature_8,feature_9,feature_10,feature_11,feature_12,feature_13,feature_14
-0.0015003720058162,-0.1309284401551088,0.013262015155873,-0.0050922342654495,-0.1050044286979627,0.0101001535744887,-0.0335207849921271,0.4006630709090009,0.0415632318026325,0.0112428277427005,0.0413693209920158,0.0176088012341571,0.0199176077593301,1.7435288530040371,0.0329030204087871
-0.0050922342654495,-0.1050044286979627,0.0101001535744887,-0.0335207849921271,0.4006630709090009,0.0415632318026325,0.0112428277427005,0.0413693209920158,0.0176088012341571,0.0199176077593301,1.7435288530040371,0.0329030204087871,0.0033249089144347,-0.7337889972919835,0.0159229826150632
-0.0335207849921271,0.4006630709090009,0.0415632318026325,0.0112428277427005,0.0413693209920158,0.0176088012341571,0.0199176077593301,1.7435288530040371,0.0329030204087871,0.0033249089144347,-0.7337889972919835,0.0159229826150632,0.0164436087071579,-0.5669627823259595,0.0143054254576871
0.0112428277427005,0.0413693209920158,0.0176088012341571,0.0199176077593301,1.7435288530040371,0.0329030204087871,0.0033249089144347,-0.7337889972919835,0.0159229826150632,0.0164436087071579,-0.5669627823259595,0.0143054254576871,0.0034253572220113,0.1938001126277118,0.0102579064312196
0.0199176077593301,1.7435288530040371,0.0329030204087871,0.0033249089144347,-0.7337889972919835,0.0159229826150632,0.0164436087071579,-0.5669627823259595,0.0143054254576871,0.0034253572220113,0.1938001126277118,0.0102579064312196,-0.0081023114208216,0.2871647423514083,0.0139560331495358
0.0033249089144347,-0.7337889972919835,0.0159229826150632,0.0164436087071579,-0.5669627823259595,0.0143054254576871,0.0034253572220113,0.1938001126277118,0.0102579064312196,-0.0081023114208216,0.2871647423514083,0.0139560331495358,-0.0076709218057405,-0.0011168894628459,0.0157310772128447
0.0164436087071579,-0.5669627823259595,0.0143054254576871,0.0034253572220113,0.1938001126277118,0.0102579064312196,-0.0081023114208216,0.2871647423514083,0.0139560331495358,-0.0076709218057405,-0.0011168894628459,0.0157310772128447,0.0016296138862292,-0.1489919284391487,0.0100824318052839
