feature_0,feature_1,feature_2,feature_3,feature_4,feature_5,feature_6,feature_7,feature_8
0.019671523322337,0.3366327879559685,0.0292873058094582,-0.0109845018990439,-0.1470740427384258,0.0264319478066315,-0.0215128358772842,0.0779202259601492,0.0258079924928367
-0.0104444805794345,1.8596292320635932,0.0230795169968145,0.0031326286572914,-0.6724026403550991,0.0295754911595929,0.0044681963646704,-0.2974605770064539,0.0132783867712784
0.0199933126904514,0.1674950937953483,0.0200341873952289,0.003986003327365,-0.2482964121957555,0.0159642066974833,-0.0162542756108851,0.6583930548272448,0.0274370146872554
