feature_0,feature_1,feature_2,feature_3,feature_4,feature_5,feature_6,feature_7,feature_8
0.0014588049521524,0.3519127119758116,0.0194575047756813,-0.0052438200600236,0.1082263710618436,0.0173467588420254,0.0087855421775009,0.4726682460296569,0.0226985075150462
0.0244824371603782,1.5057793136320303,0.0230895501915161,0.021724668176567,-0.693915400527855,0.0300494096868637,-0.0132199466877723,-0.1704342422123824,0.014929543078785
0.0042159558344059,0.0279052345725254,0.0194494004405593,0.0041981103179906,-0.2590871822902432,0.0116975481270859,-0.008082614242081,1.421000860691012,0.0299144710844507
