feature_0,feature_1,feature_2,feature_3,feature_4,feature_5,feature_6,feature_7,feature_8
0.0043892063465784,0.2304052589756555,0.0105811415200454,0.0015467074326922,0.1757815940114486,0.0079451273943983,0.002941491980748,0.2095723166803984,0.0172008722113671
0.001148725962885,0.8596404318120834,0.0068436239085704,0.0106440503908831,-0.4524274646480343,0.0170731707317073,-0.007270906047984,-0.2135487401941904,0.0113031710805228
-0.0017275992237127,-0.1406000309294293,0.0084223270123543,-0.0056305696475592,-0.0346999370182646,0.0096471266994713,-0.0028190326747165,1.1188715590629466,0.010497989497874
