feature_0,feature_1,feature_2,feature_3,feature_4,feature_5,feature_6,feature_7,feature_8
-0.0060210981809992,0.1352630114110771,0.0084186957913669,0.0020435427072702,-0.0687668546212306,0.0104158890183618,0.0065548914616104,-0.0015795708832433,0.0181857298536137
0.0054993827993534,0.1977587343441003,0.0129804831337812,0.0091392591774341,-0.3402311502476609,0.0170742337542252,-0.0137630842666405,0.2252252252252251,0.0183073329763895
0.0021692777321631,-0.0319989106753813,0.0127774526446689,-0.0090911102517131,0.3169222112814742,0.017150713556056,-0.0033491514787683,0.3722495193334758,0.0232523353369763
