feature_0,feature_1,feature_2,feature_3,feature_4,feature_5,feature_6,feature_7,feature_8
-0.0060700055653168,0.1917233106757296,0.0138047343552716,0.0036910792581266,-0.0809427948330816,0.0117819952423795,-0.0111660877682068,0.2001460253719083,0.0197021240503418
0.0031105382397276,1.7295817490494296,0.0177506426762101,-0.0090328296964428,-0.581378503371037,0.0278534216827356,-0.0038772894474814,-0.1888726207906296,0.0150045291163103
0.0030730223826314,0.4346898588775845,0.017063013898015,0.0124582185790804,-0.050154409241679,0.023007212169141,0.022391149238333,1.0508760310674936,0.0199667221297835
