feature_0,feature_1,feature_2,feature_3,feature_4,feature_5,feature_6,feature_7,feature_8
0.0096191311512976,-0.2379058979456594,0.0135944292709529,0.0030084349465608,-0.2391304347826086,0.0094442309520791,0.0054862233849422,0.4902857142857142,0.0148328725108126
0.0030084349465608,-0.2391304347826086,0.0094442309520791,0.0054862233849422,0.4902857142857142,0.0148328725108126,0.0222024352310123,0.062883435582822,0.0255268302854706
0.0054862233849422,0.4902857142857142,0.0148328725108126,0.0222024352310123,0.062883435582822,0.0255268302854706,0.0112018049003796,-0.0418470418470418,0.0194540575244407
0.0222024352310123,0.062883435582822,0.0255268302854706,0.0112018049003796,-0.0418470418470418,0.0194540575244407,0.0121497544502222,-0.1875,0.0105744058167601
0.0112018049003796,-0.0418470418470418,0.0194540575244407,0.0121497544502222,-0.1875,0.0105744058167601,0.0171270009600466,0.1121408711770157,0.0171306399757502
0.0121497544502222,-0.1875,0.0105744058167601,0.0171270009600466,0.1121408711770157,0.0171306399757502,0.000905561896505,0.0183333333333333,0.0111051025888528
0.0171270009600466,0.1121408711770157,0.0171306399757502,0.000905561896505,0.0183333333333333,0.0111051025888528,0.0098421932337291,0.0834697217675941,0.0134633208843333
0.000905561896505,0.0183333333333333,0.0111051025888528,0.0098421932337291,0.0834697217675941,0.0134633208843333,0.008727314813971,0.2220543806646526,0.0170615623572742
