feature_0,feature_1,feature_2,feature_3,feature_4,feature_5,feature_6,feature_7,feature_8
0.018062006331166,-0.2124019957234497,0.024840807251521,0.0050093648929412,-0.1314479638009049,0.0188837920428104,-0.0124611926264068,0.7294310274252969,0.0357827535223792
0.0050093648929412,-0.1314479638009049,0.0188837920428104,-0.0124611926264068,0.7294310274252969,0.0357827535223792,0.0271294271211615,-0.1967294244217321,0.0647602591972821
-0.0124611926264068,0.7294310274252969,0.0357827535223792,0.0271294271211615,-0.1967294244217321,0.0647602591972821,0.0487306479495426,-0.1593271188256723,0.0615479158310401
0.0271294271211615,-0.1967294244217321,0.0647602591972821,0.0487306479495426,-0.1593271188256723,0.0615479158310401,-0.0142524098301346,-0.4538937037981136,0.0199004975124378
0.0487306479495426,-0.1593271188256723,0.0615479158310401,-0.0142524098301346,-0.4538937037981136,0.0199004975124378,-0.0077241157344137,0.0891533928467238,0.0190533644466546
-0.0142524098301346,-0.4538937037981136,0.0199004975124378,-0.0077241157344137,0.0891533928467238,0.0190533644466546,-0.0021956192006541,-0.2043177800396421,0.0120797727186848
-0.0077241157344137,0.0891533928467238,0.0190533644466546,-0.0021956192006541,-0.2043177800396421,0.0120797727186848,-0.027005416278103,0.3519827644246953,0.0418815499932316
-0.0021956192006541,-0.2043177800396421,0.0120797727186848,-0.027005416278103,0.3519827644246953,0.0418815499932316,0.0034950097347612,-0.2433643742841491,0.0181061174963297
