feature_0,feature_1,feature_2,feature_3,feature_4,feature_5,feature_6,feature_7,feature_8
0.0227404000187572,-0.235406025488587,0.0229636438631687,0.002371690752392,-0.1122651469022827,0.012877580827495,0.023542464661058,0.3895081740709489,0.0228765484200717
0.002371690752392,-0.1122651469022827,0.012877580827495,0.023542464661058,0.3895081740709489,0.0228765484200717,0.006501541000625,-0.1353289202664886,0.011775959880408
0.023542464661058,0.3895081740709489,0.0228765484200717,0.006501541000625,-0.1353289202664886,0.011775959880408,0.0128618360734948,-0.0297394868593442,0.0203265722774067
0.006501541000625,-0.1353289202664886,0.011775959880408,0.0128618360734948,-0.0297394868593442,0.0203265722774067,0.0105726124450227,0.0086479850998983,0.0118579379341479
0.0128618360734948,-0.0297394868593442,0.0203265722774067,0.0105726124450227,0.0086479850998983,0.0118579379341479,0.0112192695474186,0.0841688244650269,0.0135055406602371
0.0105726124450227,0.0086479850998983,0.0118579379341479,0.0112192695474186,0.0841688244650269,0.0135055406602371,0.0074056911252007,0.0361501747703598,0.0092081748346226
0.0112192695474186,0.0841688244650269,0.0135055406602371,0.0074056911252007,0.0361501747703598,0.0092081748346226,-0.006910809093924,-0.0717466508267395,0.012293327154616
0.0074056911252007,0.0361501747703598,0.0092081748346226,-0.006910809093924,-0.0717466508267395,0.012293327154616,0.0248966700510169,0.1285773504565888,0.0250089971366369
