index,subsequence_idx,score
70,70,2.62409
97,97,2.42513
167,167,2.47051
