index,subsequence_idx,score
35,35,2.82573
47,47,2.81917
97,97,2.46311
118,118,2.98404
119,119,3.03505
120,120,2.73229
156,156,2.59918
