index,subsequence_idx,score
35,35,2.71589
47,47,2.63762
118,118,2.8268
119,119,2.90188
120,120,2.6645
127,127,2.42915
156,156,2.64643
