index,subsequence_idx,score
35,35,2.71227
47,47,2.6776
118,118,2.83752
119,119,2.83596
120,120,2.65292
156,156,2.49235
