index,subsequence_idx,score
35,35,2.71104
47,47,2.69335
58,58,2.43894
80,80,2.57151
118,118,2.7869
119,119,2.87526
120,120,2.68732
127,127,2.48347
156,156,2.59822
