index,subsequence_idx,score
35,35,2.72466
47,47,2.64595
118,118,2.82869
119,119,2.80963
120,120,2.65936
156,156,2.52266
