feature_0,feature_1,feature_2,feature_3,feature_4,feature_5,feature_6,feature_7,feature_8
0.0049075128749156,0.1904724002069486,0.0167200694603435,-0.0079479868072015,-0.2393608130244375,0.015665748571877,-0.0048260354659813,-0.0857029842218608,0.0217264552824861
-0.0079479868072015,-0.2393608130244375,0.015665748571877,-0.0048260354659813,-0.0857029842218608,0.0217264552824861,0.0046556330222133,-0.4262846704802192,0.0192383111239915
-0.0048260354659813,-0.0857029842218608,0.0217264552824861,0.0046556330222133,-0.4262846704802192,0.0192383111239915,0.0344662383386367,4.282195224130708,0.0202114342397534
0.0046556330222133,-0.4262846704802192,0.0192383111239915,0.0344662383386367,4.282195224130708,0.0202114342397534,0.037144057559675,-0.1515949431340513,0.0452802319667136
0.0344662383386367,4.282195224130708,0.0202114342397534,0.037144057559675,-0.1515949431340513,0.0452802319667136,0.0436425715670292,0.382249560632689,0.03716907102416
0.037144057559675,-0.1515949431340513,0.0452802319667136,0.0436425715670292,0.382249560632689,0.03716907102416,0.0112088357449497,-0.2294030920723376,0.0174801342604451
0.0436425715670292,0.382249560632689,0.03716907102416,0.0112088357449497,-0.2294030920723376,0.0174801342604451,0.0109992258144189,-0.1798809920836916,0.0280276635513526
