feature_0,feature_1,feature_2,feature_3,feature_4,feature_5,feature_6,feature_7,feature_8
0.0099538810859203,0.0757172209116505,0.0239888653127525,-0.0083666191184872,-0.3450764006791171,0.0165435518938564,0.0042018338239211,0.1083387340678332,0.0211844783566787
-0.0083666191184872,-0.3450764006791171,0.0165435518938564,0.0042018338239211,0.1083387340678332,0.0211844783566787,0.0100992061378686,-0.3462138193158561,0.0109216719899559
0.0042018338239211,0.1083387340678332,0.0211844783566787,0.0100992061378686,-0.3462138193158561,0.0109216719899559,-0.0159205923752783,0.9607214727584408,0.0212301442669762
0.0100992061378686,-0.3462138193158561,0.0109216719899559,-0.0159205923752783,0.9607214727584408,0.0212301442669762,0.0001181829086498,-0.318090242140875,0.0102145033271286
-0.0159205923752783,0.9607214727584408,0.0212301442669762,0.0001181829086498,-0.318090242140875,0.0102145033271286,0.0004393887461764,0.0639389040637716,0.0172814583939265
0.0001181829086498,-0.318090242140875,0.0102145033271286,0.0004393887461764,0.0639389040637716,0.0172814583939265,-0.0013853798341557,1.9646861573928531,0.0170927792438204
0.0004393887461764,0.0639389040637716,0.0172814583939265,-0.0013853798341557,1.9646861573928531,0.0170927792438204,-0.0118435006150919,-0.3574331966633677,0.0325385432300598
