feature_0,feature_1,feature_2,feature_3,feature_4,feature_5,feature_6,feature_7,feature_8
0.0205218230069919,0.3064994895036979,0.0212129248441711,-0.0115780083709957,-0.4582474826122508,0.0137422024429193,0.0128125789653616,-0.1786504638832499,0.0128543811732335
-0.0115780083709957,-0.4582474826122508,0.0137422024429193,0.0128125789653616,-0.1786504638832499,0.0128543811732335,-0.0011116277617333,-0.5640835628584768,0.0075438142073907
0.0128125789653616,-0.1786504638832499,0.0128543811732335,-0.0011116277617333,-0.5640835628584768,0.0075438142073907,0.003126453166502,1.179431244226952,0.0118022389615522
-0.0011116277617333,-0.5640835628584768,0.0075438142073907,0.003126453166502,1.179431244226952,0.0118022389615522,0.0108027411220217,-0.0778251695282066,0.0127988055083034
0.003126453166502,1.179431244226952,0.0118022389615522,0.0108027411220217,-0.0778251695282066,0.0127988055083034,-0.0100601119258895,0.4160885146994832,0.0181750352564378
0.0108027411220217,-0.0778251695282066,0.0127988055083034,-0.0100601119258895,0.4160885146994832,0.0181750352564378,0.00015832670386,0.0549313961758632,0.0123045652173736
-0.0100601119258895,0.4160885146994832,0.0181750352564378,0.00015832670386,0.0549313961758632,0.0123045652173736,-0.0116122831015478,0.0807085067944388,0.0184482134834915
