feature_0,feature_1,feature_2,feature_3,feature_4,feature_5,feature_6,feature_7,feature_8
0.014888568814227,-0.3221644325290438,0.0246906371383686,0.0130338972763108,-0.0231615640384021,0.0224457156730346,-0.0164308625295578,-0.0772380656742202,0.0234987786385951
0.0130338972763108,-0.0231615640384021,0.0224457156730346,-0.0164308625295578,-0.0772380656742202,0.0234987786385951,-0.0165354676340676,0.4406685953821987,0.045694988636643
-0.0164308625295578,-0.0772380656742202,0.0234987786385951,-0.0165354676340676,0.4406685953821987,0.045694988636643,0.0342603616685368,-0.1082165468005701,0.0266280719433734
-0.0165354676340676,0.4406685953821987,0.045694988636643,0.0342603616685368,-0.1082165468005701,0.0266280719433734,0.0074602585074419,0.230968720258289,0.0230782061638567
0.0342603616685368,-0.1082165468005701,0.0266280719433734,0.0074602585074419,0.230968720258289,0.0230782061638567,-0.0329354912286841,0.7505174432477124,0.0468535600596141
0.0074602585074419,0.230968720258289,0.0230782061638567,-0.0329354912286841,0.7505174432477124,0.0468535600596141,0.0228571428571429,5.600180896414564e-05,0.0486519962430331
-0.0329354912286841,0.7505174432477124,0.0468535600596141,0.0228571428571429,5.600180896414564e-05,0.0486519962430331,0.0319553140821404,-0.4262407668225825,0.0288477701948892
0.0228571428571429,5.600180896414564e-05,0.0486519962430331,0.0319553140821404,-0.4262407668225825,0.0288477701948892,0.0080662921357597,-0.2786468643825904,0.0132132292764336
