feature_0,feature_1,feature_2,feature_3,feature_4,feature_5,feature_6,feature_7,feature_8
-0.007998595443598,0.465034965034965,0.0181438873022733,-0.0002092991988514,-0.4958233890214797,0.0111411877236019,0.009277135851166,0.5183431952662723,0.0170512659975603
-0.0002092991988514,-0.4958233890214797,0.0111411877236019,0.009277135851166,0.5183431952662723,0.0170512659975603,-0.0144754441592175,0.8402182385035073,0.0354665849730842
0.009277135851166,0.5183431952662723,0.0170512659975603,-0.0144754441592175,0.8402182385035073,0.0354665849730842,0.0002478500870044,-0.5095298602287166,0.0099676121473921
-0.0144754441592175,0.8402182385035073,0.0354665849730842,0.0002478500870044,-0.5095298602287166,0.0099676121473921,0.0179227452929682,0.1709844559585491,0.0187422654025739
0.0002478500870044,-0.5095298602287166,0.0099676121473921,0.0179227452929682,0.1709844559585491,0.0187422654025739,-0.0141324560451544,-0.0781710914454277,0.0211071675508914
0.0179227452929682,0.1709844559585491,0.0187422654025739,-0.0141324560451544,-0.0781710914454277,0.0211071675508914,-0.0032437572949441,-0.2383999999999999,0.0147801318415046
-0.0141324560451544,-0.0781710914454277,0.0211071675508914,-0.0032437572949441,-0.2383999999999999,0.0147801318415046,0.0051852779762013,-0.0567226890756302,0.0087211896151009
-0.0032437572949441,-0.2383999999999999,0.0147801318415046,0.0051852779762013,-0.0567226890756302,0.0087211896151009,-0.0033389047683533,0.1369710467706013,0.0126414622581505
