feature_0,feature_1,feature_2,feature_3,feature_4,feature_5,feature_6,feature_7,feature_8
0.0128465174667704,0.0877632254750899,0.0220439455009989,0.0508108403081122,0.2325444136221448,0.0435730074762449,0.0062180938330858,-0.2499161997797251,0.0249722893826303
0.0508108403081122,0.2325444136221448,0.0435730074762449,0.0062180938330858,-0.2499161997797251,0.0249722893826303,-0.0154852748469627,-0.3513789581205311,0.0334003993472839
0.0062180938330858,-0.2499161997797251,0.0249722893826303,-0.0154852748469627,-0.3513789581205311,0.0334003993472839,-0.008565969240822,-0.407775590551181,0.0144722297444274
-0.0154852748469627,-0.3513789581205311,0.0334003993472839,-0.008565969240822,-0.407775590551181,0.0144722297444274,0.0390289068012352,3.6370284194781455,0.0591822060510571
-0.008565969240822,-0.407775590551181,0.0144722297444274,0.0390289068012352,3.6370284194781455,0.0591822060510571,-0.0094625588850136,-0.6173972259058815,0.017561784865856
0.0390289068012352,3.6370284194781455,0.0591822060510571,-0.0094625588850136,-0.6173972259058815,0.017561784865856,-0.0045592032260866,-0.3661826697892272,0.0142155962779603
-0.0094625588850136,-0.6173972259058815,0.017561784865856,-0.0045592032260866,-0.3661826697892272,0.0142155962779603,-0.008796859370448,0.0274903931421814,0.0152936237316941
-0.0045592032260866,-0.3661826697892272,0.0142155962779603,-0.008796859370448,0.0274903931421814,0.0152936237316941,0.0076280284485588,-0.0786823935558113,0.0164128442323048
