feature_0,feature_1,feature_2,feature_3,feature_4,feature_5,feature_6,feature_7,feature_8
0.0143204427852752,-0.1405509397475067,0.0226454697003352,0.0124723698735456,-0.0654434321702167,0.0159212448830676,0.0073786962865221,0.2091353612072923,0.0161817903721868
0.0124723698735456,-0.0654434321702167,0.0159212448830676,0.0073786962865221,0.2091353612072923,0.0161817903721868,-0.0195531457272066,0.8576597196918767,0.0360808102116261
0.0073786962865221,0.2091353612072923,0.0161817903721868,-0.0195531457272066,0.8576597196918767,0.0360808102116261,0.0996519038422583,0.5608904408555215,0.0292882406722413
-0.0195531457272066,0.8576597196918767,0.0360808102116261,0.0996519038422583,0.5608904408555215,0.0292882406722413,-0.0333353693541906,-0.3643523631523802,0.0258590170438831
0.0996519038422583,0.5608904408555215,0.0292882406722413,-0.0333353693541906,-0.3643523631523802,0.0258590170438831,-0.0194163019870481,-0.1808122601950181,0.0326443472169453
-0.0333353693541906,-0.3643523631523802,0.0258590170438831,-0.0194163019870481,-0.1808122601950181,0.0326443472169453,0.0056487663355799,-0.1426745703719817,0.0237113632918862
-0.0194163019870481,-0.1808122601950181,0.0326443472169453,0.0056487663355799,-0.1426745703719817,0.0237113632918862,0.0174548346223264,-0.3243878651400298,0.0171404206412208
0.0056487663355799,-0.1426745703719817,0.0237113632918862,0.0174548346223264,-0.3243878651400298,0.0171404206412208,0.0031461164982276,0.3360111729876591,0.0295187931997481
