feature_0,feature_1,feature_2,feature_3,feature_4,feature_5,feature_6,feature_7,feature_8
0.0142125813811622,-0.179685537127277,0.0232377118511448,0.012669581868677,-0.200202675620694,0.0172127109189779,0.0054972803260333,0.0769445337468559,0.015270148140446
0.012669581868677,-0.200202675620694,0.0172127109189779,0.0054972803260333,0.0769445337468559,0.015270148140446,-0.019669486494137,1.5071095872971276,0.0372506830905061
0.0054972803260333,0.0769445337468559,0.015270148140446,-0.019669486494137,1.5071095872971276,0.0372506830905061,0.1022435446984117,0.1322997669397667,0.0298261892097106
-0.019669486494137,1.5071095872971276,0.0372506830905061,0.1022435446984117,0.1322997669397667,0.0298261892097106,-0.0337307221967857,-0.2946758153136226,0.0262695730374686
0.1022435446984117,0.1322997669397667,0.0298261892097106,-0.0337307221967857,-0.2946758153136226,0.0262695730374686,-0.0202828367088847,-0.2641328655996492,0.0338253369836809
-0.0337307221967857,-0.2946758153136226,0.0262695730374686,-0.0202828367088847,-0.2641328655996492,0.0338253369836809,0.0066347121978602,-0.0020766977823728,0.0247102757360266
-0.0202828367088847,-0.2641328655996492,0.0338253369836809,0.0066347121978602,-0.0020766977823728,0.0247102757360266,0.0168435814406784,-0.2746438082954152,0.0173286737962487
0.0066347121978602,-0.0020766977823728,0.0247102757360266,0.0168435814406784,-0.2746438082954152,0.0173286737962487,0.003721135664104,0.426759143015909,0.0301134840245955
