feature_0,feature_1,feature_2,feature_3,feature_4,feature_5,feature_6,feature_7,feature_8
0.008966357652659,0.0862398979157805,0.016561322747444,0.02102669992544,0.1945178658835047,0.0189903590602744,0.0017096178665165,-0.3208490411407966,0.0180413381639328
0.02102669992544,0.1945178658835047,0.0189903590602744,0.0017096178665165,-0.3208490411407966,0.0180413381639328,0.0076028830170689,-0.1516833594787016,0.0149742485623631
0.0017096178665165,-0.3208490411407966,0.0180413381639328,0.0076028830170689,-0.1516833594787016,0.0149742485623631,0.003695806241996,0.2688477951635846,0.016692498800799
0.0076028830170689,-0.1516833594787016,0.0149742485623631,0.003695806241996,0.2688477951635846,0.016692498800799,0.0096655023687834,0.4323991031390135,0.0157341557862833
0.003695806241996,0.2688477951635846,0.016692498800799,0.0096655023687834,0.4323991031390135,0.0157341557862833,0.0653395691510996,1.914455662518588,0.0428508640775209
0.0096655023687834,0.4323991031390135,0.0157341557862833,0.0653395691510996,1.914455662518588,0.0428508640775209,0.0140493658772673,-0.4762876631398034,0.0310244415844918
0.0653395691510996,1.914455662518588,0.0428508640775209,0.0140493658772673,-0.4762876631398034,0.0310244415844918,0.0033053379711329,-0.1179878986770587,0.018617284555661
0.0140493658772673,-0.4762876631398034,0.0310244415844918,0.0033053379711329,-0.1179878986770587,0.018617284555661,-0.0069395109940548,-0.237718737282716,0.0131001705673715
