feature_0,feature_1,feature_2,feature_3,feature_4,feature_5,feature_6,feature_7,feature_8
0.0069116700627174,-0.328148634378835,0.0171762872076815,0.0196354165441667,-0.1325772057261798,0.0201246454309206,-0.0180905100531622,0.0447600391772771,0.0327255277105347
0.0196354165441667,-0.1325772057261798,0.0201246454309206,-0.0180905100531622,0.0447600391772771,0.0327255277105347,-0.0100110521693773,0.2228367863504265,0.013490188787528
-0.0180905100531622,0.0447600391772771,0.0327255277105347,-0.0100110521693773,0.2228367863504265,0.013490188787528,0.0119193810369599,-0.2298374731677399,0.0228155509112778
-0.0100110521693773,0.2228367863504265,0.013490188787528,0.0119193810369599,-0.2298374731677399,0.0228155509112778,0.0050306316869412,0.3266971929126021,0.0150354736894058
0.0119193810369599,-0.2298374731677399,0.0228155509112778,0.0050306316869412,0.3266971929126021,0.0150354736894058,0.0595495935649033,1.7900285114045618,0.0362660915371539
0.0050306316869412,0.3266971929126021,0.0150354736894058,0.0595495935649033,1.7900285114045618,0.0362660915371539,-0.0055690431981109,-0.6232267953906765,0.01869181301863
0.0595495935649033,1.7900285114045618,0.0362660915371539,-0.0055690431981109,-0.6232267953906765,0.01869181301863,-0.0268297812081994,0.1439991434995182,0.0305586041172211
-0.0055690431981109,-0.6232267953906765,0.01869181301863,-0.0268297812081994,0.1439991434995182,0.0305586041172211,-0.0277016065655891,0.4334601946593461,0.020072805276264
