feature_0,feature_1,feature_2,feature_3,feature_4,feature_5,feature_6,feature_7,feature_8
0.0137141842110093,-0.2655507703236691,0.0188916872943775,0.0089363154269621,0.0672228267440455,0.0089307066085298,-0.0111946058490258,-0.0504701484082927,0.0102487148222798
0.0089363154269621,0.0672228267440455,0.0089307066085298,-0.0111946058490258,-0.0504701484082927,0.0102487148222798,-0.0140581186128061,0.1183559028813459,0.0199289124035478
-0.0111946058490258,-0.0504701484082927,0.0102487148222798,-0.0140581186128061,0.1183559028813459,0.0199289124035478,0.0061828692175618,-0.1065414910830176,0.0113996397804667
-0.0140581186128061,0.1183559028813459,0.0199289124035478,0.0061828692175618,-0.1065414910830176,0.0113996397804667,0.0140457281661048,0.1999641783916097,0.0201208019499474
0.0061828692175618,-0.1065414910830176,0.0113996397804667,0.0140457281661048,0.1999641783916097,0.0201208019499474,-0.0076675381669932,0.0758744216130156,0.0115345805454462
0.0140457281661048,0.1999641783916097,0.0201208019499474,-0.0076675381669932,0.0758744216130156,0.0115345805454462,0.0081005999541552,-0.1728172401035885,0.0217527883439559
-0.0076675381669932,0.0758744216130156,0.0115345805454462,0.0081005999541552,-0.1728172401035885,0.0217527883439559,0.0003709100801445,0.1812489517526696,0.0199676295814096
0.0081005999541552,-0.1728172401035885,0.0217527883439559,0.0003709100801445,0.1812489517526696,0.0199676295814096,0.0095157158732077,-0.2132140659756732,0.011233131819754
