feature_0,feature_1,feature_2,feature_3,feature_4,feature_5,feature_6,feature_7,feature_8
0.043543301424241,-0.3186216147660301,0.0480758697334834,0.03653259955697,-0.2645835184902597,0.0312094744259298,-0.0333158978236539,0.1679340750047313,0.061869367898057
0.03653259955697,-0.2645835184902597,0.0312094744259298,-0.0333158978236539,0.1679340750047313,0.061869367898057,0.0370871860654327,-0.170959844438197,0.0651981962079793
-0.0333158978236539,0.1679340750047313,0.061869367898057,0.0370871860654327,-0.170959844438197,0.0651981962079793,0.0617557621630888,0.2975925546520472,0.0592898195476709
0.0370871860654327,-0.170959844438197,0.0651981962079793,0.0617557621630888,0.2975925546520472,0.0592898195476709,0.0002506997105471,-0.2940776136955524,0.0319705153505485
0.0617557621630888,0.2975925546520472,0.0592898195476709,0.0002506997105471,-0.2940776136955524,0.0319705153505485,-0.015440344727455,-0.0649457157474464,0.0291888424484999
0.0002506997105471,-0.2940776136955524,0.0319705153505485,-0.015440344727455,-0.0649457157474464,0.0291888424484999,-0.0388996254183425,0.539315771674608,0.0583964421509157
-0.015440344727455,-0.0649457157474464,0.0291888424484999,-0.0388996254183425,0.539315771674608,0.0583964421509157,0.0334293314060194,-0.3250170130907025,0.0365024359960716
-0.0388996254183425,0.539315771674608,0.0583964421509157,0.0334293314060194,-0.3250170130907025,0.0365024359960716,0.0346318305882755,0.0540966080794287,0.0257467519632497
