feature_0,feature_1,feature_2,feature_3,feature_4,feature_5,feature_6,feature_7,feature_8
-0.0030466225655828,-0.1363344363235276,0.0174916920067907,0.0048895060150035,-0.2288541155006666,0.009673207933347,0.002172207395332,0.0540511028608865,0.0162452243425926
0.0048895060150035,-0.2288541155006666,0.009673207933347,0.002172207395332,0.0540511028608865,0.0162452243425926,-0.0039014449392279,0.1734866535446666,0.0195956650859473
0.002172207395332,0.0540511028608865,0.0162452243425926,-0.0039014449392279,0.1734866535446666,0.0195956650859473,0.0201932631912846,0.2293058293852807,0.0263452218544476
-0.0039014449392279,0.1734866535446666,0.0195956650859473,0.0201932631912846,0.2293058293852807,0.0263452218544476,-0.0061428514072348,-0.4022692726598126,0.0175210046580402
0.0201932631912846,0.2293058293852807,0.0263452218544476,-0.0061428514072348,-0.4022692726598126,0.0175210046580402,-0.0235214179658992,0.2484131274904386,0.0160963511510458
-0.0061428514072348,-0.4022692726598126,0.0175210046580402,-0.0235214179658992,0.2484131274904386,0.0160963511510458,0.007736303480665,-0.1044316486759587,0.0273647212370988
-0.0235214179658992,0.2484131274904386,0.0160963511510458,0.007736303480665,-0.1044316486759587,0.0273647212370988,0.0028788926832636,-0.1043412851923489,0.0135655119322968
0.007736303480665,-0.1044316486759587,0.0273647212370988,0.0028788926832636,-0.1043412851923489,0.0135655119322968,0.0073069261284768,-0.1031793641271745,0.0099070078445452
