feature_0,feature_1,feature_2,feature_3,feature_4,feature_5,feature_6,feature_7,feature_8
-0.003682526435017,-0.4206823310765963,0.0092909248946902,0.0073920357818042,0.2029101741521539,0.0128992253982441,-0.0004203988098638,0.0241927802647872,0.016883928499512
0.0073920357818042,0.2029101741521539,0.0128992253982441,-0.0004203988098638,0.0241927802647872,0.016883928499512,0.0006117895700574,-0.2954524318794754,0.0170144485661096
-0.0004203988098638,0.0241927802647872,0.016883928499512,0.0006117895700574,-0.2954524318794754,0.0170144485661096,-0.0063812040324919,-0.0760295670538543,0.00811763139536
0.0006117895700574,-0.2954524318794754,0.0170144485661096,-0.0063812040324919,-0.0760295670538543,0.00811763139536,0.0044225624254616,-0.1808571428571428,0.0085938227687083
-0.0063812040324919,-0.0760295670538543,0.00811763139536,0.0044225624254616,-0.1808571428571428,0.0085938227687083,-0.0295953494178382,2.228287408440879,0.0288198986917738
0.0044225624254616,-0.1808571428571428,0.0085938227687083,-0.0295953494178382,2.228287408440879,0.0288198986917738,0.00193319299984,-0.4547026092593593,0.0192552138932848
-0.0295953494178382,2.228287408440879,0.0288198986917738,0.00193319299984,-0.4547026092593593,0.0192552138932848,0.004507016946692,-0.3122647117099266,0.009116372248936
0.00193319299984,-0.4547026092593593,0.0192552138932848,0.004507016946692,-0.3122647117099266,0.009116372248936,0.0078714780554876,0.0599250936329587,0.0122677633140326
