feature_0,feature_1,feature_2,feature_3,feature_4,feature_5,feature_6,feature_7,feature_8
-0.0072304872822102,0.0069766838706331,0.0116723716384756,0.0093161760554987,-0.1592232009478185,0.0103715794585944,0.0108459735041925,0.1715169709594413,0.0172295824116312
0.0093161760554987,-0.1592232009478185,0.0103715794585944,0.0108459735041925,0.1715169709594413,0.0172295824116312,-0.0001751479669539,-0.1984938420103025,0.0109039557725909
0.0108459735041925,0.1715169709594413,0.0172295824116312,-0.0001751479669539,-0.1984938420103025,0.0109039557725909,0.0068111811432114,0.2695093305493932,0.0108037232179469
-0.0001751479669539,-0.1984938420103025,0.0109039557725909,0.0068111811432114,0.2695093305493932,0.0108037232179469,-0.0095712383421502,1.176342096471616,0.0085894164054925
0.0068111811432114,0.2695093305493932,0.0108037232179469,-0.0095712383421502,1.176342096471616,0.0085894164054925,-0.0007247514309701,-0.5884777064046854,0.0137399768079335
-0.0095712383421502,1.176342096471616,0.0085894164054925,-0.0007247514309701,-0.5884777064046854,0.0137399768079335,-0.0009231469901805,-0.1363518980803993,0.0084778032693266
-0.0007247514309701,-0.5884777064046854,0.0137399768079335,-0.0009231469901805,-0.1363518980803993,0.0084778032693266,-0.00483987200556,-0.0553506761021961,0.0101948232322634
