feature_0,feature_1,feature_2,feature_3,feature_4,feature_5,feature_6,feature_7,feature_8
-0.0018644380191664,-0.1394028332485637,0.0202472047240841,0.01747700881666,-0.0769081713721007,0.0322766725625634,0.0057005720176583,0.2270456358369368,0.0217312854148445
0.01747700881666,-0.0769081713721007,0.0322766725625634,0.0057005720176583,0.2270456358369368,0.0217312854148445,0.0030391529768936,-0.1169552126458411,0.0192919785015418
0.0057005720176583,0.2270456358369368,0.0217312854148445,0.0030391529768936,-0.1169552126458411,0.0192919785015418,0.0393158598956384,0.5156681358066548,0.0284527322646039
0.0030391529768936,-0.1169552126458411,0.0192919785015418,0.0393158598956384,0.5156681358066548,0.0284527322646039,0.0040242652224904,0.4102895123665879,0.014740270334291
0.0393158598956384,0.5156681358066548,0.0284527322646039,0.0040242652224904,0.4102895123665879,0.014740270334291,0.0054512427931763,-0.4185518516504432,0.0205721944430123
0.0040242652224904,0.4102895123665879,0.014740270334291,0.0054512427931763,-0.4185518516504432,0.0205721944430123,-0.0019134221952424,0.0126493488274217,0.0244681381815931
0.0054512427931763,-0.4185518516504432,0.0205721944430123,-0.0019134221952424,0.0126493488274217,0.0244681381815931,0.0088401700766542,0.2732548295235897,0.0233449848570613
