feature_0,feature_1,feature_2,feature_3,feature_4,feature_5,feature_6,feature_7,feature_8
0.0038735092063821,-0.2928783382789317,0.016930222564594,0.0074199647939841,-0.1577843054972723,0.0200075027136564,0.0087649154085707,-0.0884404583956153,0.0198970896622399
0.0074199647939841,-0.1577843054972723,0.0200075027136564,0.0087649154085707,-0.0884404583956153,0.0198970896622399,-0.0067903270181255,0.7283410767969392,0.0276143918281652
0.0087649154085707,-0.0884404583956153,0.0198970896622399,-0.0067903270181255,0.7283410767969392,0.0276143918281652,0.064948795669429,0.6500632511068944,0.0510935493033234
-0.0067903270181255,0.7283410767969392,0.0276143918281652,0.064948795669429,0.6500632511068944,0.0510935493033234,0.0040038302824696,0.2934355534259703,0.0433237976740967
0.064948795669429,0.6500632511068944,0.0510935493033234,0.0040038302824696,0.2934355534259703,0.0433237976740967,0.0180136461510931,-0.3636363636363636,0.0241447956136695
0.0040038302824696,0.2934355534259703,0.0433237976740967,0.0180136461510931,-0.3636363636363636,0.0241447956136695,0.0071251840714674,-0.2004889975550122,0.0136860656667908
0.0180136461510931,-0.3636363636363636,0.0241447956136695,0.0071251840714674,-0.2004889975550122,0.0136860656667908,-0.0010059412090305,0.4521625163826999,0.0182259337224754
