feature_0,feature_1,feature_2,feature_3,feature_4,feature_5,feature_6,feature_7,feature_8,feature_9,feature_10,feature_11,feature_12,feature_13,feature_14
0.0037063314306062,0.5135807588637777,0.0658306821596404,-0.0030374897282626,-0.5739726027397261,0.025194186749709,-0.0075272985926891,-0.3866023579849946,0.0210735095783222,-0.0319629049691498,0.8413419535208806,0.0486916039963006,-0.0275152521466862,-0.1621749857657999,0.0514818851189415
-0.0030374897282626,-0.5739726027397261,0.025194186749709,-0.0075272985926891,-0.3866023579849946,0.0210735095783222,-0.0319629049691498,0.8413419535208806,0.0486916039963006,-0.0275152521466862,-0.1621749857657999,0.0514818851189415,0.0083762110221343,0.1519990938951183,0.050460389797357
-0.0075272985926891,-0.3866023579849946,0.0210735095783222,-0.0319629049691498,0.8413419535208806,0.0486916039963006,-0.0275152521466862,-0.1621749857657999,0.0514818851189415,0.0083762110221343,0.1519990938951183,0.050460389797357,0.0169620685501368,-0.1431520991052993,0.0337530481859552
-0.0319629049691498,0.8413419535208806,0.0486916039963006,-0.0275152521466862,-0.1621749857657999,0.0514818851189415,0.0083762110221343,0.1519990938951183,0.050460389797357,0.0169620685501368,-0.1431520991052993,0.0337530481859552,-0.008074561226579,0.2680436029833619,0.0356248713554854
-0.0275152521466862,-0.1621749857657999,0.0514818851189415,0.0083762110221343,0.1519990938951183,0.050460389797357,0.0169620685501368,-0.1431520991052993,0.0337530481859552,-0.008074561226579,0.2680436029833619,0.0356248713554854,0.0258666125700726,-0.1631526558682472,0.0426628100581498
0.0083762110221343,0.1519990938951183,0.050460389797357,0.0169620685501368,-0.1431520991052993,0.0337530481859552,-0.008074561226579,0.2680436029833619,0.0356248713554854,0.0258666125700726,-0.1631526558682472,0.0426628100581498,-0.0169423985376993,0.7093425605536332,0.0277645872566661
0.0169620685501368,-0.1431520991052993,0.0337530481859552,-0.008074561226579,0.2680436029833619,0.0356248713554854,0.0258666125700726,-0.1631526558682472,0.0426628100581498,-0.0169423985376993,0.7093425605536332,0.0277645872566661,-0.0140555671588359,-0.5998228744939271,0.0228334946638641
