feature_0,feature_1,feature_2,feature_3,feature_4,feature_5,feature_6,feature_7,feature_8,feature_9,feature_10,feature_11,feature_12,feature_13,feature_14
-0.0177438612946205,0.434634085002934,0.0292204416450118,-0.0267301324686057,0.0044993061135052,0.0332033620766997,-0.0168047213313787,-0.0096272704797638,0.021143022892387,-0.0051020814772683,-0.1726406367013699,0.0173121110028915,-0.0164100716626426,0.0474229731648445,0.0257386611319575
-0.0267301324686057,0.0044993061135052,0.0332033620766997,-0.0168047213313787,-0.0096272704797638,0.021143022892387,-0.0051020814772683,-0.1726406367013699,0.0173121110028915,-0.0164100716626426,0.0474229731648445,0.0257386611319575,0.0164232450303023,0.2837196692422394,0.0326230395481054
-0.0168047213313787,-0.0096272704797638,0.021143022892387,-0.0051020814772683,-0.1726406367013699,0.0173121110028915,-0.0164100716626426,0.0474229731648445,0.0257386611319575,0.0164232450303023,0.2837196692422394,0.0326230395481054,-0.0015387101844902,-0.1013463569165786,0.0297286894952259
-0.0051020814772683,-0.1726406367013699,0.0173121110028915,-0.0164100716626426,0.0474229731648445,0.0257386611319575,0.0164232450303023,0.2837196692422394,0.0326230395481054,-0.0015387101844902,-0.1013463569165786,0.0297286894952259,0.0070638443810766,-0.2115537146382303,0.0216145308170903
-0.0164100716626426,0.0474229731648445,0.0257386611319575,0.0164232450303023,0.2837196692422394,0.0326230395481054,-0.0015387101844902,-0.1013463569165786,0.0297286894952259,0.0070638443810766,-0.2115537146382303,0.0216145308170903,0.0109680492446622,0.0757093090407794,0.0235916183866735
0.0164232450303023,0.2837196692422394,0.0326230395481054,-0.0015387101844902,-0.1013463569165786,0.0297286894952259,0.0070638443810766,-0.2115537146382303,0.0216145308170903,0.0109680492446622,0.0757093090407794,0.0235916183866735,-0.012362829827313,0.5306790433472455,0.0211864610178384
-0.0015387101844902,-0.1013463569165786,0.0297286894952259,0.0070638443810766,-0.2115537146382303,0.0216145308170903,0.0109680492446622,0.0757093090407794,0.0235916183866735,-0.012362829827313,0.5306790433472455,0.0211864610178384,0.0168602608967307,-0.1826646754010816,0.016048840562373
