feature_0,feature_1,feature_2,feature_3,feature_4,feature_5,feature_6,feature_7,feature_8,feature_9,feature_10,feature_11,feature_12,feature_13,feature_14
0.006189235688383,-0.2161989070256599,0.0161731364120147,-0.0105890626234297,-0.1093580203900488,0.0169699003990505,-0.0017705775740053,-0.192472477320567,0.0148717984284805,-0.0054395080197671,0.5370872308277874,0.0317195153408812,-0.0147829210030595,0.063050117433423,0.0209611755035554
-0.0105890626234297,-0.1093580203900488,0.0169699003990505,-0.0017705775740053,-0.192472477320567,0.0148717984284805,-0.0054395080197671,0.5370872308277874,0.0317195153408812,-0.0147829210030595,0.063050117433423,0.0209611755035554,0.0214410367125372,0.1766717606824335,0.049566630636641
-0.0017705775740053,-0.192472477320567,0.0148717984284805,-0.0054395080197671,0.5370872308277874,0.0317195153408812,-0.0147829210030595,0.063050117433423,0.0209611755035554,0.0214410367125372,0.1766717606824335,0.049566630636641,0.027055907989425,0.0084163924690383,0.0203627245424795
-0.0054395080197671,0.5370872308277874,0.0317195153408812,-0.0147829210030595,0.063050117433423,0.0209611755035554,0.0214410367125372,0.1766717606824335,0.049566630636641,0.027055907989425,0.0084163924690383,0.0203627245424795,0.0178301101954376,0.3690538157006333,0.0280468337290537
-0.0147829210030595,0.063050117433423,0.0209611755035554,0.0214410367125372,0.1766717606824335,0.049566630636641,0.027055907989425,0.0084163924690383,0.0203627245424795,0.0178301101954376,0.3690538157006333,0.0280468337290537,0.0405366183257773,0.1899017989050142,0.0504405911610069
0.0214410367125372,0.1766717606824335,0.049566630636641,0.027055907989425,0.0084163924690383,0.0203627245424795,0.0178301101954376,0.3690538157006333,0.0280468337290537,0.0405366183257773,0.1899017989050142,0.0504405911610069,0.0116943526815529,0.269470939659076,0.0253690614585924
0.027055907989425,0.0084163924690383,0.0203627245424795,0.0178301101954376,0.3690538157006333,0.0280468337290537,0.0405366183257773,0.1899017989050142,0.0504405911610069,0.0116943526815529,0.269470939659076,0.0253690614585924,-0.0257665222495518,-0.3748277657441526,0.0282749850295932
