feature_0,feature_1,feature_2,feature_3,feature_4,feature_5,feature_6,feature_7,feature_8,feature_9,feature_10,feature_11,feature_12,feature_13,feature_14
0.0077367552913869,-0.2422072120718261,0.0137561834585211,0.0079047175158331,-0.0912875524433245,0.0081134336214539,0.0219490437220315,0.2527932098032039,0.0180564189291808,-0.0261705419672702,0.0421639214912712,0.0289188782201911,0.0126431628037491,-0.0636299771775095,0.0189397476598041
0.0079047175158331,-0.0912875524433245,0.0081134336214539,0.0219490437220315,0.2527932098032039,0.0180564189291808,-0.0261705419672702,0.0421639214912712,0.0289188782201911,0.0126431628037491,-0.0636299771775095,0.0189397476598041,0.0088461342847556,-0.1482790925488244,0.0114253332470763
0.0219490437220315,0.2527932098032039,0.0180564189291808,-0.0261705419672702,0.0421639214912712,0.0289188782201911,0.0126431628037491,-0.0636299771775095,0.0189397476598041,0.0088461342847556,-0.1482790925488244,0.0114253332470763,0.0218103523062465,0.2095630603801399,0.0300835314567374
-0.0261705419672702,0.0421639214912712,0.0289188782201911,0.0126431628037491,-0.0636299771775095,0.0189397476598041,0.0088461342847556,-0.1482790925488244,0.0114253332470763,0.0218103523062465,0.2095630603801399,0.0300835314567374,0.0191722904016078,0.14734764800326,0.016834472869314
0.0126431628037491,-0.0636299771775095,0.0189397476598041,0.0088461342847556,-0.1482790925488244,0.0114253332470763,0.0218103523062465,0.2095630603801399,0.0300835314567374,0.0191722904016078,0.14734764800326,0.016834472869314,0.0011722301935406,-0.0003190060167165,0.0087475966877651
0.0088461342847556,-0.1482790925488244,0.0114253332470763,0.0218103523062465,0.2095630603801399,0.0300835314567374,0.0191722904016078,0.14734764800326,0.016834472869314,0.0011722301935406,-0.0003190060167165,0.0087475966877651,0.0084634577208373,-0.2477510301096316,0.0087104280873236
