feature_0,feature_1,feature_2,feature_3,feature_4,feature_5,feature_6,feature_7,feature_8,feature_9,feature_10,feature_11,feature_12,feature_13,feature_14
-0.0098772828585231,0.2066720911310007,0.0216458552618049,-0.0053406509430448,-0.2761294672960216,0.0149847221566564,0.0080032662466005,0.7541220307405683,0.0118373719312989,0.0006029144244144,-0.3643822521972332,0.021936900617802,0.0014061797644675,-0.0628707494360431,0.015858582776002
-0.0053406509430448,-0.2761294672960216,0.0149847221566564,0.0080032662466005,0.7541220307405683,0.0118373719312989,0.0006029144244144,-0.3643822521972332,0.021936900617802,0.0014061797644675,-0.0628707494360431,0.015858582776002,0.0017052703322508,-0.0226452101814291,0.0096250160921788
0.0080032662466005,0.7541220307405683,0.0118373719312989,0.0006029144244144,-0.3643822521972332,0.021936900617802,0.0014061797644675,-0.0628707494360431,0.015858582776002,0.0017052703322508,-0.0226452101814291,0.0096250160921788,0.0073094564378708,0.5264766248574686,0.0186784552736522
0.0006029144244144,-0.3643822521972332,0.021936900617802,0.0014061797644675,-0.0628707494360431,0.015858582776002,0.0017052703322508,-0.0226452101814291,0.0096250160921788,0.0073094564378708,0.5264766248574686,0.0186784552736522,0.0021867946596865,-0.1443767180590415,0.0124950018848508
0.0014061797644675,-0.0628707494360431,0.015858582776002,0.0017052703322508,-0.0226452101814291,0.0096250160921788,0.0073094564378708,0.5264766248574686,0.0186784552736522,0.0021867946596865,-0.1443767180590415,0.0124950018848508,-0.0031738363791388,0.5233622014247801,0.0161016166091442
0.0017052703322508,-0.0226452101814291,0.0096250160921788,0.0073094564378708,0.5264766248574686,0.0186784552736522,0.0021867946596865,-0.1443767180590415,0.0124950018848508,-0.0031738363791388,0.5233622014247801,0.0161016166091442,-0.0072636359065062,-0.6057584301859111,0.018427166207259
