feature_0,feature_1,feature_2,feature_3,feature_4,feature_5,feature_6,feature_7,feature_8,feature_9,feature_10,feature_11,feature_12,feature_13,feature_14
-0.0045692272918416,0.0084372707263389,0.0117425478880159,-0.0038376367410503,0.3460652358433369,0.0112708436275337,0.0078561258970157,-0.4529321682731285,0.0081546497368307,-0.0014990306671796,-0.1009385806026675,0.0090273999334228,-0.0062302038084505,-0.2304029304029303,0.0120162957215889
-0.0038376367410503,0.3460652358433369,0.0112708436275337,0.0078561258970157,-0.4529321682731285,0.0081546497368307,-0.0014990306671796,-0.1009385806026675,0.0090273999334228,-0.0062302038084505,-0.2304029304029303,0.0120162957215889,0.0003774639944309,0.2563065207044264,0.0109973218135748
0.0078561258970157,-0.4529321682731285,0.0081546497368307,-0.0014990306671796,-0.1009385806026675,0.0090273999334228,-0.0062302038084505,-0.2304029304029303,0.0120162957215889,0.0003774639944309,0.2563065207044264,0.0109973218135748,-0.0003021321926063,0.1339268800909263,0.0085606430516099
-0.0014990306671796,-0.1009385806026675,0.0090273999334228,-0.0062302038084505,-0.2304029304029303,0.0120162957215889,0.0003774639944309,0.2563065207044264,0.0109973218135748,-0.0003021321926063,0.1339268800909263,0.0085606430516099,0.0172207012398397,0.3215836952890076,0.018923360361775
-0.0062302038084505,-0.2304029304029303,0.0120162957215889,0.0003774639944309,0.2563065207044264,0.0109973218135748,-0.0003021321926063,0.1339268800909263,0.0085606430516099,0.0172207012398397,0.3215836952890076,0.018923360361775,-0.023611522372136,0.5229427379598028,0.028147562070306
0.0003774639944309,0.2563065207044264,0.0109973218135748,-0.0003021321926063,0.1339268800909263,0.0085606430516099,0.0172207012398397,0.3215836952890076,0.018923360361775,-0.023611522372136,0.5229427379598028,0.028147562070306,-0.0074524729752067,-0.422808764940239,0.0159132229112215
