feature_0,feature_1,feature_2,feature_3,feature_4,feature_5,feature_6,feature_7,feature_8,feature_9,feature_10,feature_11,feature_12,feature_13,feature_14
0.0071394959891606,-0.171937569077081,0.0171460035619916,0.0055309879842242,-0.1259946056628658,0.0152742467519186,0.0254880073204661,0.2606638722102639,0.027258094078833,-0.0195662983396618,0.0244790562083703,0.0361194135311781,0.0007703673320778,-0.060973940990923,0.0275834538847617
0.0055309879842242,-0.1259946056628658,0.0152742467519186,0.0254880073204661,0.2606638722102639,0.027258094078833,-0.0195662983396618,0.0244790562083703,0.0361194135311781,0.0007703673320778,-0.060973940990923,0.0275834538847617,0.0087004212097439,-0.2323963397090749,0.018441631379593
0.0254880073204661,0.2606638722102639,0.027258094078833,-0.0195662983396618,0.0244790562083703,0.0361194135311781,0.0007703673320778,-0.060973940990923,0.0275834538847617,0.0087004212097439,-0.2323963397090749,0.018441631379593,0.0271737285983482,1.0968198877492903,0.0327435091590231
-0.0195662983396618,0.0244790562083703,0.0361194135311781,0.0007703673320778,-0.060973940990923,0.0275834538847617,0.0087004212097439,-0.2323963397090749,0.018441631379593,0.0271737285983482,1.0968198877492903,0.0327435091590231,0.009734519525435,-0.3426487384969681,0.0164838616718632
0.0007703673320778,-0.060973940990923,0.0275834538847617,0.0087004212097439,-0.2323963397090749,0.018441631379593,0.0271737285983482,1.0968198877492903,0.0327435091590231,0.009734519525435,-0.3426487384969681,0.0164838616718632,0.0021341222612625,0.0613791593386023,0.0162751809642579
0.0087004212097439,-0.2323963397090749,0.018441631379593,0.0271737285983482,1.0968198877492903,0.0327435091590231,0.009734519525435,-0.3426487384969681,0.0164838616718632,0.0021341222612625,0.0613791593386023,0.0162751809642579,-0.0037451694936054,-0.283797722750534,0.0193548423597997
