feature_0,feature_1,feature_2,feature_3,feature_4,feature_5,feature_6,feature_7,feature_8,feature_9,feature_10,feature_11,feature_12,feature_13,feature_14
0.0038501004844608,-0.7954786920080275,0.0090956100711835,-0.0111952343329349,0.7226551226551226,0.0136698535501195,0.0011531728670568,-0.3863293684034177,0.007895568132085,0.009529007410018,-0.2196287196287196,0.0195810153930004,-0.0064310300492933,-0.3876158824558334,0.0144457751538417
-0.0111952343329349,0.7226551226551226,0.0136698535501195,0.0011531728670568,-0.3863293684034177,0.007895568132085,0.009529007410018,-0.2196287196287196,0.0195810153930004,-0.0064310300492933,-0.3876158824558334,0.0144457751538417,0.011170274502066,0.6098257640674094,0.0149753936241144
0.0011531728670568,-0.3863293684034177,0.007895568132085,0.009529007410018,-0.2196287196287196,0.0195810153930004,-0.0064310300492933,-0.3876158824558334,0.0144457751538417,0.011170274502066,0.6098257640674094,0.0149753936241144,-0.0003095970002634,-0.334457061745919,0.0104025801370179
0.009529007410018,-0.2196287196287196,0.0195810153930004,-0.0064310300492933,-0.3876158824558334,0.0144457751538417,0.011170274502066,0.6098257640674094,0.0149753936241144,-0.0003095970002634,-0.334457061745919,0.0104025801370179,0.0116698456652892,0.1013063183151159,0.010497111162722
-0.0064310300492933,-0.3876158824558334,0.0144457751538417,0.011170274502066,0.6098257640674094,0.0149753936241144,-0.0003095970002634,-0.334457061745919,0.0104025801370179,0.0116698456652892,0.1013063183151159,0.010497111162722,-0.0045936367656366,2.20721374969741,0.0124153406098834
0.011170274502066,0.6098257640674094,0.0149753936241144,-0.0003095970002634,-0.334457061745919,0.0104025801370179,0.0116698456652892,0.1013063183151159,0.010497111162722,-0.0045936367656366,2.20721374969741,0.0124153406098834,0.0136394848015957,-0.4068986338591591,0.0187913271799105
