feature_0,feature_1,feature_2,feature_3,feature_4,feature_5,feature_6,feature_7,feature_8,feature_9,feature_10,feature_11,feature_12,feature_13,feature_14
0.0066249756289535,-0.2205693420785719,0.0142006413192853,0.0065629920240475,-0.1597553569879414,0.0161159658984706,-0.0005418559803372,0.0950905993495432,0.0167636527481516,-0.0096861637056036,-0.1624475557441191,0.0176868132499263,0.0103101296818801,0.0399054426746214,0.0164874574364364
0.0065629920240475,-0.1597553569879414,0.0161159658984706,-0.0005418559803372,0.0950905993495432,0.0167636527481516,-0.0096861637056036,-0.1624475557441191,0.0176868132499263,0.0103101296818801,0.0399054426746214,0.0164874574364364,0.0004875232792922,-0.2564949123186837,0.0111066411070205
-0.0005418559803372,0.0950905993495432,0.0167636527481516,-0.0096861637056036,-0.1624475557441191,0.0176868132499263,0.0103101296818801,0.0399054426746214,0.0164874574364364,0.0004875232792922,-0.2564949123186837,0.0111066411070205,-3.583965294751135e-05,0.2384072213729344,0.0118029869553527
-0.0096861637056036,-0.1624475557441191,0.0176868132499263,0.0103101296818801,0.0399054426746214,0.0164874574364364,0.0004875232792922,-0.2564949123186837,0.0111066411070205,-3.583965294751135e-05,0.2384072213729344,0.0118029869553527,-0.0106699138704428,0.2879731953914883,0.0195781339624888
0.0103101296818801,0.0399054426746214,0.0164874574364364,0.0004875232792922,-0.2564949123186837,0.0111066411070205,-3.583965294751135e-05,0.2384072213729344,0.0118029869553527,-0.0106699138704428,0.2879731953914883,0.0195781339624888,0.0113324512729122,0.3889827027520423,0.0265377037652508
0.0004875232792922,-0.2564949123186837,0.0111066411070205,-3.583965294751135e-05,0.2384072213729344,0.0118029869553527,-0.0106699138704428,0.2879731953914883,0.0195781339624888,0.0113324512729122,0.3889827027520423,0.0265377037652508,0.0052507474130065,-0.3329828481303805,0.0102979388023078
