feature_0,feature_1,feature_2,feature_3,feature_4,feature_5,feature_6,feature_7,feature_8,feature_9,feature_10,feature_11,feature_12,feature_13,feature_14
0.0011038103581182,-0.092760528742699,0.0130493354030284,0.0258547526072376,1.1211986446421007,0.027636348839962,-0.0004777016224466,-0.4740273354432275,0.0195655375174639,-0.0313098711135574,0.2841144202114534,0.0293826821409626,0.0139402844588276,-0.3434834666154233,0.0155114422598184
0.0258547526072376,1.1211986446421007,0.027636348839962,-0.0004777016224466,-0.4740273354432275,0.0195655375174639,-0.0313098711135574,0.2841144202114534,0.0293826821409626,0.0139402844588276,-0.3434834666154233,0.0155114422598184,-0.0097333611087303,-0.0299229972531184,0.0280108170955299
-0.0004777016224466,-0.4740273354432275,0.0195655375174639,-0.0313098711135574,0.2841144202114534,0.0293826821409626,0.0139402844588276,-0.3434834666154233,0.0155114422598184,-0.0097333611087303,-0.0299229972531184,0.0280108170955299,0.0084775202721583,-0.1277938957873969,0.0100885790740572
-0.0313098711135574,0.2841144202114534,0.0293826821409626,0.0139402844588276,-0.3434834666154233,0.0155114422598184,-0.0097333611087303,-0.0299229972531184,0.0280108170955299,0.0084775202721583,-0.1277938957873969,0.0100885790740572,0.0028022824215898,0.0328108784161367,0.0095249576884899
0.0139402844588276,-0.3434834666154233,0.0155114422598184,-0.0097333611087303,-0.0299229972531184,0.0280108170955299,0.0084775202721583,-0.1277938957873969,0.0100885790740572,0.0028022824215898,0.0328108784161367,0.0095249576884899,-0.0098409108104204,0.1396475316912295,0.0149693401313266
-0.0097333611087303,-0.0299229972531184,0.0280108170955299,0.0084775202721583,-0.1277938957873969,0.0100885790740572,0.0028022824215898,0.0328108784161367,0.0095249576884899,-0.0098409108104204,0.1396475316912295,0.0149693401313266,0.0077299587304195,-0.0417118827997829,0.0100588779267812
