{
  "aida": 0.188,
  "iforest": 0.09757399559020996,
  "lof": 0.056181907653808594
}