{
  "aida": 0.178,
  "iforest": 0.09884381294250488,
  "lof": 0.040554046630859375
}