{
  "aida": 0.192,
  "iforest": 0.09275627136230469,
  "lof": 0.036566972732543945
}