{
  "aida": 0.184,
  "iforest": 0.09346985816955566,
  "lof": 0.07046008110046387
}