{
  "aida": 0.184,
  "iforest": 0.10208988189697266,
  "lof": 0.037422895431518555
}