{
  "aida": 0.171,
  "iforest": 0.09432697296142578,
  "lof": 0.04612922668457031
}