{
  "aida": 0.184,
  "iforest": 0.0830087661743164,
  "lof": 0.03482794761657715
}