{
  "aida": 0.216,
  "iforest": 0.1121971607208252,
  "lof": 0.04201698303222656
}