{
  "aida": 0.184,
  "iforest": 0.09331202507019043,
  "lof": 0.0634768009185791
}