{
  "aida": 0.184,
  "iforest": 0.09740185737609863,
  "lof": 0.03999781608581543
}