{
  "aida": 0.214,
  "iforest": 0.10137510299682617,
  "lof": 0.03818702697753906
}