{
  "aida": 0.168,
  "iforest": 0.0988321304321289,
  "lof": 0.036332130432128906
}