feature_0,feature_1,feature_2,feature_3,feature_4,feature_5,feature_6,feature_7,feature_8
0.0045991885345939,-0.332400960956056,0.0237159317780992,-0.0180121882499273,0.0768846526326521,0.0346022804957298,0.01136216714378,0.5546494126111117,0.0286105940684573
-0.0214111191946723,-0.2995217029930859,0.0327843472706894,0.0003088756987408,0.2753512954358759,0.0303936655440042,0.0319343406754781,-0.2014047691264326,0.0330753220078982
-0.0102986745757792,-0.0054836961392218,0.0241163323758183,-0.0090201742490672,-0.0545171339563862,0.0240182057447038,-0.0334341714629955,0.4904216646016854,0.0243359117917245
