feature_0,feature_1,feature_2,feature_3,feature_4,feature_5,feature_6,feature_7,feature_8
0.0019075103258652,-0.0078903757203987,0.0141135954314259,0.0055653568799165,-0.2516828721017202,0.0154547451373559,0.0075734780449032,0.7004830917874396,0.0153959398642593
0.0170570336580611,-0.4488636363636363,0.0249747862100807,-0.0078170111580799,0.2311766797013863,0.0206896907036812,0.0094542738756899,-0.3984927670141195,0.0261779430837863
-0.0394493557409837,0.124375960061444,0.0354713828936489,0.0026591515481431,-0.062673440635273,0.0178386299616443,-0.0053043116309402,0.7186973354588932,0.0263981590232009
