index,subsequence_idx,score
7,7,2.61549
44,44,2.66357
90,90,2.86679
131,131,2.4241
188,188,3.10339
189,189,2.9404
249,249,2.75737
255,255,3.21958
256,256,2.61118
324,324,2.57182
325,325,2.83107
341,341,2.52319
395,395,2.60726
472,472,3.60184
473,473,3.37768
474,474,3.30652
510,510,2.49679
