index,subsequence_idx,score
44,44,3.13338
45,45,3.08677
50,50,2.51216
51,51,2.60861
90,90,2.91584
101,101,2.98869
113,113,2.66146
188,188,2.90238
189,189,3.11596
191,191,2.7584
255,255,3.48743
256,256,3.31495
258,258,2.98094
324,324,2.96524
325,325,3.15632
326,326,2.58752
395,395,3.46123
396,396,3.48346
397,397,2.89564
472,472,4.34788
473,473,4.35639
474,474,3.98332
475,475,2.74527
477,477,2.84896
478,478,2.82497
480,480,2.6601
484,484,2.4416
485,485,2.63239
486,486,2.65266
487,487,2.44303
