index,subsequence_idx,score
44,44,2.86221
45,45,2.85439
47,47,2.44278
50,50,2.43694
51,51,2.60733
90,90,2.8642
101,101,2.90476
113,113,2.78275
188,188,2.84749
189,189,3.04331
191,191,2.81452
255,255,3.35477
256,256,3.29278
258,258,3.1461
324,324,2.99433
325,325,3.07222
326,326,2.65463
395,395,3.21699
396,396,3.297
397,397,2.99489
472,472,4.05917
473,473,4.20497
474,474,4.01794
475,475,2.83086
477,477,2.75909
478,478,2.75849
480,480,2.75117
485,485,2.5503
486,486,2.58468
487,487,2.56764
