index,subsequence_idx,score
44,44,2.74219
45,45,2.82057
47,47,2.50426
50,50,2.52945
51,51,2.65396
90,90,2.95154
101,101,2.98807
113,113,2.83288
188,188,2.86412
189,189,3.00608
191,191,2.82318
255,255,3.34587
256,256,3.29047
258,258,3.18788
324,324,2.90344
325,325,2.96268
326,326,2.65509
395,395,3.26809
396,396,3.21336
397,397,3.0373
472,472,4.09589
473,473,4.12488
474,474,4.12713
475,475,2.85393
477,477,2.72872
478,478,2.75496
480,480,2.77462
485,485,2.54007
486,486,2.58337
487,487,2.53024
