feature_0,feature_1,feature_2,feature_3,feature_4,feature_5,feature_6,feature_7,feature_8,feature_9,feature_10,feature_11,feature_12,feature_13,feature_14
-0.022515837824463,0.474768875192604,0.0323858554815373,-0.0055630353325626,-0.2345566148622175,0.0229986590352478,-0.070451445693755,0.6454529943695615,0.0775058880974264,0.0041844909466002,-0.0322480298631273,0.0348056387811932,-0.0117988774738109,0.5676631308261009,0.0207976709263272
-0.0055630353325626,-0.2345566148622175,0.0229986590352478,-0.070451445693755,0.6454529943695615,0.0775058880974264,0.0041844909466002,-0.0322480298631273,0.0348056387811932,-0.0117988774738109,0.5676631308261009,0.0207976709263272,-0.016535536220719,-0.3459093705146606,0.0324356090328643
-0.070451445693755,0.6454529943695615,0.0775058880974264,0.0041844909466002,-0.0322480298631273,0.0348056387811932,-0.0117988774738109,0.5676631308261009,0.0207976709263272,-0.016535536220719,-0.3459093705146606,0.0324356090328643,0.0285686393339033,-0.5343782654127482,0.0296004187689217
0.0041844909466002,-0.0322480298631273,0.0348056387811932,-0.0117988774738109,0.5676631308261009,0.0207976709263272,-0.016535536220719,-0.3459093705146606,0.0324356090328643,0.0285686393339033,-0.5343782654127482,0.0296004187689217,0.009367681498829,0.281193895870736,0.0265546137596719
-0.0117988774738109,0.5676631308261009,0.0207976709263272,-0.016535536220719,-0.3459093705146606,0.0324356090328643,0.0285686393339033,-0.5343782654127482,0.0296004187689217,0.009367681498829,0.281193895870736,0.0265546137596719,-0.0188863448919663,-0.3161674548957786,0.0246101192691937
-0.016535536220719,-0.3459093705146606,0.0324356090328643,0.0285686393339033,-0.5343782654127482,0.0296004187689217,0.009367681498829,0.281193895870736,0.0265546137596719,-0.0188863448919663,-0.3161674548957786,0.0246101192691937,-0.0229389916886759,0.2456454918032786,0.0200851944675172
0.0285686393339033,-0.5343782654127482,0.0296004187689217,0.009367681498829,0.281193895870736,0.0265546137596719,-0.0188863448919663,-0.3161674548957786,0.0246101192691937,-0.0229389916886759,0.2456454918032786,0.0200851944675172,0.0093425920160443,-0.1122763726095003,0.0132357755213539
