feature_0,feature_1,feature_2,feature_3,feature_4,feature_5,feature_6,feature_7,feature_8,feature_9,feature_10,feature_11,feature_12,feature_13,feature_14
-0.0009248118470243,0.1110929586668845,0.0100519595093299,0.0066216235413163,0.4122923099544184,0.0225579869298004,-0.0351535081101184,0.4327954190525767,0.0503264671206728,0.0114360961827399,-0.1721406772271472,0.0266078282689221,0.0124665698589554,0.8515755288334943,0.0206380083227541
0.0066216235413163,0.4122923099544184,0.0225579869298004,-0.0351535081101184,0.4327954190525767,0.0503264671206728,0.0114360961827399,-0.1721406772271472,0.0266078282689221,0.0124665698589554,0.8515755288334943,0.0206380083227541,-0.0035078016091917,-0.5875325906612942,0.0146000910406734
-0.0351535081101184,0.4327954190525767,0.0503264671206728,0.0114360961827399,-0.1721406772271472,0.0266078282689221,0.0124665698589554,0.8515755288334943,0.0206380083227541,-0.0035078016091917,-0.5875325906612942,0.0146000910406734,0.006178095732148,-0.7520974600620618,0.0084928217579304
0.0114360961827399,-0.1721406772271472,0.0266078282689221,0.0124665698589554,0.8515755288334943,0.0206380083227541,-0.0035078016091917,-0.5875325906612942,0.0146000910406734,0.006178095732148,-0.7520974600620618,0.0084928217579304,-0.0004283451162027,0.5614279091330552,0.0098624654889502
0.0124665698589554,0.8515755288334943,0.0206380083227541,-0.0035078016091917,-0.5875325906612942,0.0146000910406734,0.006178095732148,-0.7520974600620618,0.0084928217579304,-0.0004283451162027,0.5614279091330552,0.0098624654889502,-0.0045714110312423,0.1496437054631829,0.0132660157056618
-0.0035078016091917,-0.5875325906612942,0.0146000910406734,0.006178095732148,-0.7520974600620618,0.0084928217579304,-0.0004283451162027,0.5614279091330552,0.0098624654889502,-0.0045714110312423,0.1496437054631829,0.0132660157056618,-0.0030856114561227,0.4656508264462811,0.0132209212335697
0.006178095732148,-0.7520974600620618,0.0084928217579304,-0.0004283451162027,0.5614279091330552,0.0098624654889502,-0.0045714110312423,0.1496437054631829,0.0132660157056618,-0.0030856114561227,0.4656508264462811,0.0132209212335697,0.0024473630254417,-0.1644052863436123,0.0098902329983531
