feature_0,feature_1,feature_2,feature_3,feature_4,feature_5,feature_6,feature_7,feature_8,feature_9,feature_10,feature_11,feature_12,feature_13,feature_14
-0.0017021103503317,-0.0184839432412248,0.0218184806115011,-0.0154753792345558,0.1460909263838692,0.0206878138772163,-0.0272412165973102,0.0846473029045642,0.0329451887574914,-0.0195139413139823,0.9631216526396328,0.0386183883859753,0.0112430930369262,0.1906228077013017,0.0284626829409879
-0.0154753792345558,0.1460909263838692,0.0206878138772163,-0.0272412165973102,0.0846473029045642,0.0329451887574914,-0.0195139413139823,0.9631216526396328,0.0386183883859753,0.0112430930369262,0.1906228077013017,0.0284626829409879,0.002693174669742,-0.651085141903172,0.0151947630670729
-0.0272412165973102,0.0846473029045642,0.0329451887574914,-0.0195139413139823,0.9631216526396328,0.0386183883859753,0.0112430930369262,0.1906228077013017,0.0284626829409879,0.002693174669742,-0.651085141903172,0.0151947630670729,0.0026171112210606,-0.3355849516840229,0.0142559319071778
-0.0195139413139823,0.9631216526396328,0.0386183883859753,0.0112430930369262,0.1906228077013017,0.0284626829409879,0.002693174669742,-0.651085141903172,0.0151947630670729,0.0026171112210606,-0.3355849516840229,0.0142559319071778,0.0008929766346892,-0.076249646992375,0.0138571327833909
0.0112430930369262,0.1906228077013017,0.0284626829409879,0.002693174669742,-0.651085141903172,0.0151947630670729,0.0026171112210606,-0.3355849516840229,0.0142559319071778,0.0008929766346892,-0.076249646992375,0.0138571327833909,-0.0083727736597055,-0.0583919290736777,0.0185094167354433
0.002693174669742,-0.651085141903172,0.0151947630670729,0.0026171112210606,-0.3355849516840229,0.0142559319071778,0.0008929766346892,-0.076249646992375,0.0138571327833909,-0.0083727736597055,-0.0583919290736777,0.0185094167354433,-0.0091356780811093,0.0824675324675325,0.0128133442005478
0.0026171112210606,-0.3355849516840229,0.0142559319071778,0.0008929766346892,-0.076249646992375,0.0138571327833909,-0.0083727736597055,-0.0583919290736777,0.0185094167354433,-0.0091356780811093,0.0824675324675325,0.0128133442005478,0.0062164467734382,0.6970605878824234,0.0150545162260562
