feature_0,feature_1,feature_2,feature_3,feature_4,feature_5,feature_6,feature_7,feature_8,feature_9,feature_10,feature_11,feature_12,feature_13,feature_14
0.0070823759103424,0.2877337844392131,0.020320745864626,-0.0076893213916738,0.1848497097082384,0.0256755727998251,-0.0359195430638062,0.3239079532943603,0.0520525517274273,-0.0027127569032651,-0.124002225410676,0.0277647387079832,-0.0173278784960116,2.2751084696585795,0.0398448023302803
-0.0076893213916738,0.1848497097082384,0.0256755727998251,-0.0359195430638062,0.3239079532943603,0.0520525517274273,-0.0027127569032651,-0.124002225410676,0.0277647387079832,-0.0173278784960116,2.2751084696585795,0.0398448023302803,0.0249465225877545,-0.7916733007548572,0.0253134786447226
-0.0359195430638062,0.3239079532943603,0.0520525517274273,-0.0027127569032651,-0.124002225410676,0.0277647387079832,-0.0173278784960116,2.2751084696585795,0.0398448023302803,0.0249465225877545,-0.7916733007548572,0.0253134786447226,0.0131700058029131,-0.5369201826412432,0.0145340417028734
-0.0027127569032651,-0.124002225410676,0.0277647387079832,-0.0173278784960116,2.2751084696585795,0.0398448023302803,0.0249465225877545,-0.7916733007548572,0.0253134786447226,0.0131700058029131,-0.5369201826412432,0.0145340417028734,-0.0072398672164969,0.286769217748249,0.0122883516238049
-0.0173278784960116,2.2751084696585795,0.0398448023302803,0.0249465225877545,-0.7916733007548572,0.0253134786447226,0.0131700058029131,-0.5369201826412432,0.0145340417028734,-0.0072398672164969,0.286769217748249,0.0122883516238049,-0.005867160012875,0.32933206169632,0.0204306341850901
0.0249465225877545,-0.7916733007548572,0.0253134786447226,0.0131700058029131,-0.5369201826412432,0.0145340417028734,-0.0072398672164969,0.286769217748249,0.0122883516238049,-0.005867160012875,0.32933206169632,0.0204306341850901,-0.0142879520320308,-0.1309096756636402,0.0193995440760055
0.0131700058029131,-0.5369201826412432,0.0145340417028734,-0.0072398672164969,0.286769217748249,0.0122883516238049,-0.005867160012875,0.32933206169632,0.0204306341850901,-0.0142879520320308,-0.1309096756636402,0.0193995440760055,-0.0096914064659316,-0.143241435260963,0.0173332115104249
