{
  "aida": 0.126,
  "iforest": 0.06913208961486816,
  "lof": 0.04110002517700195
}