{
  "aida": 0.191,
  "iforest": 0.10014009475708008,
  "lof": 0.04826068878173828
}