{
  "aida": 0.127,
  "iforest": 0.06898307800292969,
  "lof": 0.021164894104003906
}