{
  "aida": 0.155,
  "iforest": 0.13830184936523438,
  "lof": 0.017353057861328125
}