{
  "aida": 0.124,
  "iforest": 0.06325912475585938,
  "lof": 0.03121018409729004
}