{
  "aida": 0.184,
  "iforest": 0.09155988693237305,
  "lof": 0.028332948684692383
}