{
  "aida": 0.164,
  "iforest": 0.11031794548034668,
  "lof": 0.013019084930419922
}