{
  "aida": 0.156,
  "iforest": 0.09192895889282227,
  "lof": 0.015160799026489258
}