{
  "aida": 0.144,
  "iforest": 0.08986902236938477,
  "lof": 0.01471090316772461
}