{
  "aida": 0.159,
  "iforest": 0.09206008911132812,
  "lof": 0.015970945358276367
}