{
  "aida": 0.171,
  "iforest": 0.1000361442565918,
  "lof": 0.01573014259338379
}