{
  "aida": 0.15,
  "iforest": 0.10129404067993164,
  "lof": 0.01590585708618164
}