{
  "aida": 0.151,
  "iforest": 0.10350799560546875,
  "lof": 0.014942169189453125
}