{
  "aida": 0.169,
  "iforest": 0.09459686279296875,
  "lof": 0.01489114761352539
}