feature_0,feature_1,feature_2,feature_3,feature_4,feature_5,feature_6,feature_7,feature_8,feature_9,feature_10,feature_11,feature_12,feature_13,feature_14
0.008013343602774,0.4289152048635298,0.0177376406135049,-0.0132493553477429,0.0363410742776104,0.0217096779828687,-0.0010070822332904,-0.2633424563804311,0.0114981452856561,-0.0050403494167765,-0.1338964356205735,0.0142083925535197,0.001688627746134,0.1633097623915009,0.0135272107764101
-0.0132493553477429,0.0363410742776104,0.0217096779828687,-0.0010070822332904,-0.2633424563804311,0.0114981452856561,-0.0050403494167765,-0.1338964356205735,0.0142083925535197,0.001688627746134,0.1633097623915009,0.0135272107764101,0.0121376100037728,-0.0116098179303987,0.0172006824770109
-0.0010070822332904,-0.2633424563804311,0.0114981452856561,-0.0050403494167765,-0.1338964356205735,0.0142083925535197,0.001688627746134,0.1633097623915009,0.0135272107764101,0.0121376100037728,-0.0116098179303987,0.0172006824770109,0.0096600861997118,0.1148969658107201,0.0099733789169366
-0.0050403494167765,-0.1338964356205735,0.0142083925535197,0.001688627746134,0.1633097623915009,0.0135272107764101,0.0121376100037728,-0.0116098179303987,0.0172006824770109,0.0096600861997118,0.1148969658107201,0.0099733789169366,-0.000989737098036,-0.2074717000862722,0.0179759983928494
0.001688627746134,0.1633097623915009,0.0135272107764101,0.0121376100037728,-0.0116098179303987,0.0172006824770109,0.0096600861997118,0.1148969658107201,0.0099733789169366,-0.000989737098036,-0.2074717000862722,0.0179759983928494,-0.0056142022384416,0.0726702952333828,0.0116239942552764
0.0121376100037728,-0.0116098179303987,0.0172006824770109,0.0096600861997118,0.1148969658107201,0.0099733789169366,-0.000989737098036,-0.2074717000862722,0.0179759983928494,-0.0056142022384416,0.0726702952333828,0.0116239942552764,-0.0076387262377475,0.4377575496648009,0.0157506471498367
0.0096600861997118,0.1148969658107201,0.0099733789169366,-0.000989737098036,-0.2074717000862722,0.0179759983928494,-0.0056142022384416,0.0726702952333828,0.0116239942552764,-0.0076387262377475,0.4377575496648009,0.0157506471498367,-0.0187415832678198,-0.2745278377858106,0.027331712488865
