feature_0,feature_1,feature_2,feature_3,feature_4,feature_5,feature_6,feature_7,feature_8,feature_9,feature_10,feature_11,feature_12,feature_13,feature_14
-0.0041853830412913,-0.473720529039678,0.0164153086045849,-0.0031317792792417,0.1012529137529136,0.0244597576270779,0.0228174952551956,0.613639370287075,0.0224340181836511,0.0165695678279544,-0.1273621643779463,0.0191545708630638,0.0134374132955303,0.6005730928222472,0.0350959982375983
-0.0031317792792417,0.1012529137529136,0.0244597576270779,0.0228174952551956,0.613639370287075,0.0224340181836511,0.0165695678279544,-0.1273621643779463,0.0191545708630638,0.0134374132955303,0.6005730928222472,0.0350959982375983,-0.0118469881147074,-0.4524109999119537,0.0193941191907339
0.0228174952551956,0.613639370287075,0.0224340181836511,0.0165695678279544,-0.1273621643779463,0.0191545708630638,0.0134374132955303,0.6005730928222472,0.0350959982375983,-0.0118469881147074,-0.4524109999119537,0.0193941191907339,0.0095275911543804,-0.1228427484189087,0.0165486049905186
0.0165695678279544,-0.1273621643779463,0.0191545708630638,0.0134374132955303,0.6005730928222472,0.0350959982375983,-0.0118469881147074,-0.4524109999119537,0.0193941191907339,0.0095275911543804,-0.1228427484189087,0.0165486049905186,0.0253244698695356,-0.0656849566173775,0.0319645011918853
0.0134374132955303,0.6005730928222472,0.0350959982375983,-0.0118469881147074,-0.4524109999119537,0.0193941191907339,0.0095275911543804,-0.1228427484189087,0.0165486049905186,0.0253244698695356,-0.0656849566173775,0.0319645011918853,0.0098950311122034,0.0578117847099601,0.0164048439840484
-0.0118469881147074,-0.4524109999119537,0.0193941191907339,0.0095275911543804,-0.1228427484189087,0.0165486049905186,0.0253244698695356,-0.0656849566173775,0.0319645011918853,0.0098950311122034,0.0578117847099601,0.0164048439840484,0.0004555504058851,0.239258114374034,0.0099274767625357
0.0095275911543804,-0.1228427484189087,0.0165486049905186,0.0253244698695356,-0.0656849566173775,0.0319645011918853,0.0098950311122034,0.0578117847099601,0.0164048439840484,0.0004555504058851,0.239258114374034,0.0099274767625357,0.0029608339379514,-0.3772511848341232,0.0171572366209544
