feature_0,feature_1,feature_2,feature_3,feature_4,feature_5,feature_6,feature_7,feature_8,feature_9,feature_10,feature_11,feature_12,feature_13,feature_14
-0.0180132327056677,-0.001952200662565,0.0222834789846824,0.0064007272171999,-0.0748664233638449,0.0165145547676035,0.0058947237745257,-0.2874775182942735,0.0157067585693321,0.0271416170870937,0.7018639125464052,0.0272777026068785,-0.0209443178972333,-0.2949994338981772,0.0358403534886357
0.0064007272171999,-0.0748664233638449,0.0165145547676035,0.0058947237745257,-0.2874775182942735,0.0157067585693321,0.0271416170870937,0.7018639125464052,0.0272777026068785,-0.0209443178972333,-0.2949994338981772,0.0358403534886357,0.0020700811210834,0.1069409648615662,0.0262418055805652
0.0058947237745257,-0.2874775182942735,0.0157067585693321,0.0271416170870937,0.7018639125464052,0.0272777026068785,-0.0209443178972333,-0.2949994338981772,0.0358403534886357,0.0020700811210834,0.1069409648615662,0.0262418055805652,0.0084167759298672,-0.1916326935260009,0.0182651836313839
0.0271416170870937,0.7018639125464052,0.0272777026068785,-0.0209443178972333,-0.2949994338981772,0.0358403534886357,0.0020700811210834,0.1069409648615662,0.0262418055805652,0.0084167759298672,-0.1916326935260009,0.0182651836313839,0.0280751935257517,0.842798600101702,0.0324485078962343
-0.0209443178972333,-0.2949994338981772,0.0358403534886357,0.0020700811210834,0.1069409648615662,0.0262418055805652,0.0084167759298672,-0.1916326935260009,0.0182651836313839,0.0280751935257517,0.842798600101702,0.0324485078962343,0.0106279817154268,-0.2931471628039853,0.0165085725238044
0.0020700811210834,0.1069409648615662,0.0262418055805652,0.0084167759298672,-0.1916326935260009,0.0182651836313839,0.0280751935257517,0.842798600101702,0.0324485078962343,0.0106279817154268,-0.2931471628039853,0.0165085725238044,0.0030673321733989,0.2927654844902496,0.0115479205356391
0.0084167759298672,-0.1916326935260009,0.0182651836313839,0.0280751935257517,0.842798600101702,0.0324485078962343,0.0106279817154268,-0.2931471628039853,0.0165085725238044,0.0030673321733989,0.2927654844902496,0.0115479205356391,-0.0040042701499374,-0.4079238593287598,0.0194203276609938
