feature_0,feature_1,feature_2,feature_3,feature_4,feature_5,feature_6,feature_7,feature_8,feature_9,feature_10,feature_11,feature_12,feature_13,feature_14
0.0022873894577466,-0.1443655250705753,0.0139717683429394,0.0034236278402637,-0.0222968450962204,0.0140521670788902,-0.0207386339435552,0.1627236699891918,0.0259855545253999,0.0067633273639431,-0.1883908283412517,0.0146431288719332,-0.0009501478577821,-0.1684907101043522,0.01646369194168
0.0034236278402637,-0.0222968450962204,0.0140521670788902,-0.0207386339435552,0.1627236699891918,0.0259855545253999,0.0067633273639431,-0.1883908283412517,0.0146431288719332,-0.0009501478577821,-0.1684907101043522,0.01646369194168,-0.0012225179415427,0.0247168656259564,0.0189920390658461
-0.0207386339435552,0.1627236699891918,0.0259855545253999,0.0067633273639431,-0.1883908283412517,0.0146431288719332,-0.0009501478577821,-0.1684907101043522,0.01646369194168,-0.0012225179415427,0.0247168656259564,0.0189920390658461,0.0034682209815624,-0.2391755656784407,0.0100591020079
0.0067633273639431,-0.1883908283412517,0.0146431288719332,-0.0009501478577821,-0.1684907101043522,0.01646369194168,-0.0012225179415427,0.0247168656259564,0.0189920390658461,0.0034682209815624,-0.2391755656784407,0.0100591020079,0.0081322518376849,0.2439881431459925,0.0113467421581762
-0.0009501478577821,-0.1684907101043522,0.01646369194168,-0.0012225179415427,0.0247168656259564,0.0189920390658461,0.0034682209815624,-0.2391755656784407,0.0100591020079,0.0081322518376849,0.2439881431459925,0.0113467421581762,-0.0040332188979428,-0.0094208616064384,0.0133160637446036
-0.0012225179415427,0.0247168656259564,0.0189920390658461,0.0034682209815624,-0.2391755656784407,0.0100591020079,0.0081322518376849,0.2439881431459925,0.0113467421581762,-0.0040332188979428,-0.0094208616064384,0.0133160637446036,-0.0123515944182924,0.7418157488092014,0.0163743442019269
0.0034682209815624,-0.2391755656784407,0.0100591020079,0.0081322518376849,0.2439881431459925,0.0113467421581762,-0.0040332188979428,-0.0094208616064384,0.0133160637446036,-0.0123515944182924,0.7418157488092014,0.0163743442019269,0.0033487722473735,-0.2772844090397753,0.0163349686524561
