feature_0,feature_1,feature_2,feature_3,feature_4,feature_5,feature_6,feature_7,feature_8,feature_9,feature_10,feature_11,feature_12,feature_13,feature_14
-0.0064541781422429,0.4221736026154379,0.0412201959228926,0.0234774919281743,-0.4074929832184421,0.0306900610578928,-0.0079337848954645,-0.3558506553031241,0.0214472324201721,0.023087529260803,0.4067031284856037,0.0338234088176667,-0.0254552032751356,0.0040411221086016,0.0447250075058929
0.0234774919281743,-0.4074929832184421,0.0306900610578928,-0.0079337848954645,-0.3558506553031241,0.0214472324201721,0.023087529260803,0.4067031284856037,0.0338234088176667,-0.0254552032751356,0.0040411221086016,0.0447250075058929,-0.0043592124504445,0.2908626483451246,0.0447777992384921
-0.0079337848954645,-0.3558506553031241,0.0214472324201721,0.023087529260803,0.4067031284856037,0.0338234088176667,-0.0254552032751356,0.0040411221086016,0.0447250075058929,-0.0043592124504445,0.2908626483451246,0.0447777992384921,0.016672501820353,-0.3992211430548407,0.019769155547184
0.023087529260803,0.4067031284856037,0.0338234088176667,-0.0254552032751356,0.0040411221086016,0.0447250075058929,-0.0043592124504445,0.2908626483451246,0.0447777992384921,0.016672501820353,-0.3992211430548407,0.019769155547184,0.026631141154439,0.4638711172599776,0.0380664914272692
-0.0254552032751356,0.0040411221086016,0.0447250075058929,-0.0043592124504445,0.2908626483451246,0.0447777992384921,0.016672501820353,-0.3992211430548407,0.019769155547184,0.026631141154439,0.4638711172599776,0.0380664914272692,-0.0096983855196732,-0.1500395787857708,0.016562778142828
-0.0043592124504445,0.2908626483451246,0.0447777992384921,0.016672501820353,-0.3992211430548407,0.019769155547184,0.026631141154439,0.4638711172599776,0.0380664914272692,-0.0096983855196732,-0.1500395787857708,0.016562778142828,0.0026772369401968,-0.0274933679516847,0.0183995209836474
0.016672501820353,-0.3992211430548407,0.019769155547184,0.026631141154439,0.4638711172599776,0.0380664914272692,-0.0096983855196732,-0.1500395787857708,0.016562778142828,0.0026772369401968,-0.0274933679516847,0.0183995209836474,0.0016561242712878,-0.2559562156483786,0.0246883858577603
