feature_0,feature_1,feature_2,feature_3,feature_4,feature_5,feature_6,feature_7,feature_8,feature_9,feature_10,feature_11,feature_12,feature_13,feature_14
0.0,-0.1807058347659015,0.0114122569320966,-0.0070787222603365,-0.3671932856084917,0.0230880000528442,0.0042774022317264,0.8915545153110982,0.0133079261935889,0.0094653726499587,-0.5846566302330378,0.0127780628720988,-0.0103141088983963,1.5223435948361468,0.0203791610143008
-0.0070787222603365,-0.3671932856084917,0.0230880000528442,0.0042774022317264,0.8915545153110982,0.0133079261935889,0.0094653726499587,-0.5846566302330378,0.0127780628720988,-0.0103141088983963,1.5223435948361468,0.0203791610143008,0.0042633102768674,-0.1480314960629921,0.0142720851820793
0.0042774022317264,0.8915545153110982,0.0133079261935889,0.0094653726499587,-0.5846566302330378,0.0127780628720988,-0.0103141088983963,1.5223435948361468,0.0203791610143008,0.0042633102768674,-0.1480314960629921,0.0142720851820793,0.0056604344066208,-0.4549445471349352,0.0103431738890343
0.0094653726499587,-0.5846566302330378,0.0127780628720988,-0.0103141088983963,1.5223435948361468,0.0203791610143008,0.0042633102768674,-0.1480314960629921,0.0142720851820793,0.0056604344066208,-0.4549445471349352,0.0103431738890343,0.0150093193428137,0.9679949130987706,0.0202162809554067
-0.0103141088983963,1.5223435948361468,0.0203791610143008,0.0042633102768674,-0.1480314960629921,0.0142720851820793,0.0056604344066208,-0.4549445471349352,0.0103431738890343,0.0150093193428137,0.9679949130987706,0.0202162809554067,0.0101663566929401,-0.1997845988152935,0.0138952864724545
0.0042633102768674,-0.1480314960629921,0.0142720851820793,0.0056604344066208,-0.4549445471349352,0.0103431738890343,0.0150093193428137,0.9679949130987706,0.0202162809554067,0.0101663566929401,-0.1997845988152935,0.0138952864724545,0.0064044709310813,0.8492597577388963,0.0132722655888212
0.0056604344066208,-0.4549445471349352,0.0103431738890343,0.0150093193428137,0.9679949130987706,0.0202162809554067,0.0101663566929401,-0.1997845988152935,0.0138952864724545,0.0064044709310813,0.8492597577388963,0.0132722655888212,-0.0095454400214497,-0.3760553129548762,0.0193995419720223
