feature_0,feature_1,feature_2,feature_3,feature_4,feature_5,feature_6,feature_7,feature_8,feature_9,feature_10,feature_11,feature_12,feature_13,feature_14
0.0137535347885642,0.5219521661087663,0.0266783764540875,0.0011162550396697,-0.3825491946109056,0.0187515929068027,-0.0004287884168939,-0.146286481277533,0.0168495367811233,0.0111549540351871,2.3293624397815003,0.0743911898357493,-0.0418365071371709,-0.2737372330828889,0.0651187568397135
0.0011162550396697,-0.3825491946109056,0.0187515929068027,-0.0004287884168939,-0.146286481277533,0.0168495367811233,0.0111549540351871,2.3293624397815003,0.0743911898357493,-0.0418365071371709,-0.2737372330828889,0.0651187568397135,0.0278983236170733,-0.2699088855358914,0.0302466181188855
-0.0004287884168939,-0.146286481277533,0.0168495367811233,0.0111549540351871,2.3293624397815003,0.0743911898357493,-0.0418365071371709,-0.2737372330828889,0.0651187568397135,0.0278983236170733,-0.2699088855358914,0.0302466181188855,0.0067206809813467,-0.4845000627990089,0.0173725340470805
0.0111549540351871,2.3293624397815003,0.0743911898357493,-0.0418365071371709,-0.2737372330828889,0.0651187568397135,0.0278983236170733,-0.2699088855358914,0.0302466181188855,0.0067206809813467,-0.4845000627990089,0.0173725340470805,0.0326087602159952,1.6403162930805353,0.0226103124337826
-0.0418365071371709,-0.2737372330828889,0.0651187568397135,0.0278983236170733,-0.2699088855358914,0.0302466181188855,0.0067206809813467,-0.4845000627990089,0.0173725340470805,0.0326087602159952,1.6403162930805353,0.0226103124337826,0.0038955326115774,-0.5300700473973408,0.0132334275297381
0.0278983236170733,-0.2699088855358914,0.0302466181188855,0.0067206809813467,-0.4845000627990089,0.0173725340470805,0.0326087602159952,1.6403162930805353,0.0226103124337826,0.0038955326115774,-0.5300700473973408,0.0132334275297381,-0.0060270967298324,0.6262272840872576,0.0154845202116389
0.0067206809813467,-0.4845000627990089,0.0173725340470805,0.0326087602159952,1.6403162930805353,0.0226103124337826,0.0038955326115774,-0.5300700473973408,0.0132334275297381,-0.0060270967298324,0.6262272840872576,0.0154845202116389,0.0044854699596903,-0.3205229533030362,0.0133233920585172
