feature_0,feature_1,feature_2,feature_3,feature_4,feature_5,feature_6,feature_7,feature_8,feature_9,feature_10,feature_11,feature_12,feature_13,feature_14
0.0132726421429802,-0.1569078151463827,0.0320308519711065,0.0024623455930326,-0.3136748457454441,0.015158231157489,0.0150316049051701,0.4244198201965294,0.0191882432219624,0.0078400380234329,-0.189197123146925,0.018630225688013,-0.032124841488423,0.2619478638667631,0.0347360056152827
0.0024623455930326,-0.3136748457454441,0.015158231157489,0.0150316049051701,0.4244198201965294,0.0191882432219624,0.0078400380234329,-0.189197123146925,0.018630225688013,-0.032124841488423,0.2619478638667631,0.0347360056152827,0.0184064519576152,-0.090230956821116,0.0203819253047541
0.0150316049051701,0.4244198201965294,0.0191882432219624,0.0078400380234329,-0.189197123146925,0.018630225688013,-0.032124841488423,0.2619478638667631,0.0347360056152827,0.0184064519576152,-0.090230956821116,0.0203819253047541,0.0117406075586672,-0.3245033112582781,0.0115323363307167
0.0078400380234329,-0.189197123146925,0.018630225688013,-0.032124841488423,0.2619478638667631,0.0347360056152827,0.0184064519576152,-0.090230956821116,0.0203819253047541,0.0117406075586672,-0.3245033112582781,0.0115323363307167,0.0044299915925769,-0.0508870214752568,0.0144899138115112
-0.032124841488423,0.2619478638667631,0.0347360056152827,0.0184064519576152,-0.090230956821116,0.0203819253047541,0.0117406075586672,-0.3245033112582781,0.0115323363307167,0.0044299915925769,-0.0508870214752568,0.0144899138115112,0.0049854652015512,0.0093457943925232,0.010001012725661
0.0184064519576152,-0.090230956821116,0.0203819253047541,0.0117406075586672,-0.3245033112582781,0.0115323363307167,0.0044299915925769,-0.0508870214752568,0.0144899138115112,0.0049854652015512,0.0093457943925232,0.010001012725661,0.0010971800444286,0.8691520467836258,0.0123909394368683
0.0117406075586672,-0.3245033112582781,0.0115323363307167,0.0044299915925769,-0.0508870214752568,0.0144899138115112,0.0049854652015512,0.0093457943925232,0.010001012725661,0.0010971800444286,0.8691520467836258,0.0123909394368683,0.0118644891826882,-0.2702385608134532,0.0134286063058036
