index,stock_idx,score
22,22,2.57105
103,13,3.88306
104,14,2.5831
105,15,2.43619
118,28,2.54169
127,7,2.65386
150,0,2.63252
159,9,2.65057
176,26,2.49933
