index,stock_idx,score
22,22,2.69553
46,16,2.42375
103,13,3.66802
104,14,2.66211
105,15,2.49479
118,28,2.48531
127,7,2.65843
150,0,2.59664
159,9,2.71601
176,26,2.69114
