index,stock_idx,score
22,22,2.67888
46,16,2.5345
103,13,3.74421
104,14,2.64407
105,15,2.44106
118,28,2.43663
127,7,2.6095
150,0,2.56191
159,9,2.50523
176,26,2.63243
