index,stock_idx,score
22,22,2.622
103,13,3.77485
104,14,2.44481
105,15,2.51167
118,28,2.55378
127,7,2.65527
150,0,2.61671
159,9,2.68637
176,26,2.57842
