feature_0,feature_1,feature_2,feature_3,feature_4,feature_5,feature_6,feature_7,feature_8
-0.0405396559676868,0.5859061204862144,0.0554354099995558,-0.0308710422315594,0.1014974305224487,0.0654212360627772,-0.0280165908322883,0.0797498300389329,0.0462873223547876
0.0367211711700583,0.188355542357901,0.0407813060188076,-0.0847806085826956,0.3739593208946847,0.1249895184034586,0.039700313453107,-0.1220389290209438,0.0746563118393061
-0.0869356403930414,0.0572881260969475,0.1017099954854205,0.0169209396645071,-0.0321310102984724,0.0835527826468589,0.0112941081434421,-0.2858761719123787,0.0329228589008435
