{
  "aida": 0.024,
  "iforest": 0.0900421142578125,
  "lof": 0.014599323272705078
}