{
  "aida": 0.024,
  "iforest": 0.08885502815246582,
  "lof": 0.013668298721313477
}