{
  "aida": 0.023,
  "iforest": 0.08074402809143066,
  "lof": 0.014471292495727539
}