{
  "aida": 0.024,
  "iforest": 0.0854330062866211,
  "lof": 0.014535903930664062
}