{
  "aida": 0.024,
  "iforest": 0.09070801734924316,
  "lof": 0.014552116394042969
}