{
  "aida": 0.024,
  "iforest": 0.08611607551574707,
  "lof": 0.014584779739379883
}