{
  "aida": 0.026,
  "iforest": 0.09633207321166992,
  "lof": 0.01489114761352539
}