{
  "aida": 0.024,
  "iforest": 0.08352923393249512,
  "lof": 0.013139009475708008
}