{
  "aida": 0.024,
  "iforest": 0.12172174453735352,
  "lof": 0.015446186065673828
}