{
  "aida": 0.024,
  "iforest": 0.08129096031188965,
  "lof": 0.014555931091308594
}