{
  "aida": 0.025,
  "iforest": 0.08279013633728027,
  "lof": 0.014641284942626953
}