{
  "aida": 0.023,
  "iforest": 0.09005594253540039,
  "lof": 0.01465606689453125
}