index,subsequence_idx,score
2,2,2.46952
5,5,3.88943
6,6,3.89079
7,7,4.04119
13,13,2.52061
110,110,2.47856
111,111,2.52438
180,180,2.50573
181,181,2.62707
285,285,3.44853
286,286,3.59311
287,287,3.47251
416,416,2.44338
417,417,2.57141
427,427,2.86978
428,428,2.93487
429,429,3.29154
459,459,3.06604
460,460,3.11644
461,461,3.17576
517,517,2.59736
518,518,2.55256
535,535,2.49683
