index,subsequence_idx,score
2,2,2.6384
5,5,3.91131
6,6,4.06904
7,7,3.84321
10,10,2.46025
110,110,2.46486
111,111,2.48799
180,180,2.51795
285,285,3.48132
286,286,3.71214
287,287,3.39017
415,415,2.45915
416,416,2.52558
427,427,3.06171
428,428,3.10475
429,429,3.13881
459,459,3.12505
460,460,3.23203
461,461,3.03311
516,516,2.54634
517,517,2.63107
535,535,2.65303
