index,subsequence_idx,score
2,2,2.80402
5,5,3.95076
6,6,4.00973
7,7,4.03762
13,13,2.61787
110,110,2.62361
111,111,2.50134
180,180,2.65167
181,181,2.72208
285,285,3.57267
286,286,3.63377
287,287,3.49402
416,416,2.61601
417,417,2.59486
427,427,2.97641
428,428,3.20627
429,429,3.29665
459,459,3.14527
460,460,3.24966
461,461,3.22997
517,517,2.79959
518,518,2.58473
535,535,2.50984
