index,subsequence_idx,score
2,2,2.48853
5,5,3.92925
6,6,3.89608
7,7,3.95334
13,13,2.54884
111,111,2.4559
180,180,2.50062
181,181,2.53857
285,285,3.51321
286,286,3.58133
287,287,3.44432
417,417,2.49662
427,427,2.95375
428,428,2.95835
429,429,3.19582
459,459,3.14734
460,460,3.12125
461,461,3.15886
516,516,2.53046
517,517,2.60279
518,518,2.50113
535,535,2.60685
