index,subsequence_idx,score
5,5,3.36102
6,6,3.54748
7,7,3.18497
51,51,2.51076
129,129,2.57269
244,244,2.37124
284,284,2.70456
285,285,3.50579
286,286,2.69742
356,356,2.54212
388,388,2.64017
536,536,2.43448
537,537,2.58451
