index,subsequence_idx,score
121,121,2.00314
140,140,2.16148
141,141,2.02092
142,142,2.08244
143,143,2.02362
144,144,2.02875
386,386,2.10937
387,387,2.15873
388,388,2.12222
389,389,2.00299
391,391,2.09407
421,421,2.45039
422,422,2.6565
424,424,2.58234
425,425,2.55353
426,426,2.1198
499,499,2.07487
