index,subsequence_idx,score
121,121,2.11252
142,142,2.11401
144,144,1.9966
336,336,1.98004
387,387,2.22052
388,388,2.098
391,391,1.9706
421,421,2.37623
422,422,2.68084
424,424,2.43795
425,425,2.79211
426,426,2.24019
499,499,2.08533
