index,subsequence_idx,score
121,121,1.98266
139,139,1.98824
142,142,2.14698
143,143,2.08025
144,144,2.00204
387,387,2.28106
388,388,2.21567
391,391,1.9772
419,419,1.97968
421,421,2.46889
422,422,2.65035
424,424,2.51731
425,425,2.62589
426,426,2.08093
499,499,2.09463
