index,subsequence_idx,score
121,121,2.08948
141,141,2.02549
142,142,2.05426
143,143,2.21477
144,144,2.04855
313,313,2.02309
337,337,2.08234
387,387,2.07993
388,388,2.15501
391,391,2.02661
421,421,2.39215
422,422,2.64815
424,424,2.78753
425,425,2.6805
426,426,2.12335
