index,subsequence_idx,score
121,121,2.14806
142,142,2.10067
144,144,2.06624
311,311,2.02353
387,387,2.19216
388,388,2.30375
421,421,2.30416
422,422,2.48998
424,424,2.54626
425,425,2.66704
426,426,2.04002
