index,subsequence_idx,score
121,121,2.06214
140,140,1.99752
141,141,2.06328
144,144,2.0931
387,387,2.43103
388,388,2.09191
421,421,2.4479
422,422,2.67823
424,424,2.36955
425,425,2.67416
426,426,2.31669
499,499,2.04317
500,500,1.98589
