index,subsequence_idx,score
121,121,2.08351
142,142,2.24641
143,143,2.00923
144,144,2.09843
387,387,2.33047
388,388,2.14624
391,391,2.01698
421,421,2.32451
422,422,2.83164
424,424,2.62461
425,425,2.6153
426,426,2.17146
