index,subsequence_idx,score
121,121,2.0162
140,140,2.15461
142,142,2.06682
144,144,2.15036
387,387,2.15964
388,388,2.25652
421,421,2.29
422,422,2.53163
424,424,2.44293
425,425,2.62344
426,426,2.1484
500,500,2.08214
