index,subsequence_idx,score
141,141,2.16756
142,142,2.18168
338,338,2.00235
387,387,2.3544
388,388,2.10375
391,391,2.04365
421,421,2.54749
422,422,2.85995
424,424,2.40071
425,425,2.65597
426,426,2.17928
