index,subsequence_idx,score
121,121,2.05116
141,141,2.02705
144,144,2.01274
293,293,2.02808
386,386,2.08165
387,387,1.98805
388,388,2.14066
421,421,2.37776
422,422,2.48121
424,424,2.52882
425,425,2.76564
426,426,2.2479
