index,subsequence_idx,score
121,121,2.20818
127,127,2.00858
142,142,1.99934
386,386,2.12809
387,387,2.2486
388,388,2.25229
391,391,1.99204
421,421,2.39364
422,422,2.79026
424,424,2.29056
425,425,2.68805
426,426,2.21148
499,499,2.05054
