{
  "aida": 0.021,
  "iforest": 0.06383991241455078,
  "lof": 0.0667729377746582
}