{
  "aida": 0.032,
  "iforest": 0.09055900573730469,
  "lof": 0.0539700984954834
}