{
  "aida": 0.02,
  "iforest": 0.061753273010253906,
  "lof": 0.03316783905029297
}