{
  "aida": 0.031,
  "iforest": 0.09415507316589355,
  "lof": 0.025527000427246094
}