{
  "aida": 0.021,
  "iforest": 0.05997180938720703,
  "lof": 0.01967000961303711
}