{
  "aida": 0.025,
  "iforest": 0.09266519546508789,
  "lof": 0.01462411880493164
}