{
  "aida": 0.185,
  "iforest": 0.10346078872680664,
  "lof": 0.038015127182006836
}