{
  "aida": 0.124,
  "iforest": 0.059242963790893555,
  "lof": 0.030251026153564453
}