{
  "aida": 0.186,
  "iforest": 0.0939488410949707,
  "lof": 0.03762364387512207
}