{
  "aida": 0.118,
  "iforest": 0.06690502166748047,
  "lof": 0.037583112716674805
}