{
  "aida": 0.212,
  "iforest": 0.09268498420715332,
  "lof": 0.01483297348022461
}