{
  "aida": 0.126,
  "iforest": 0.0590510368347168,
  "lof": 0.042452096939086914
}