{
  "aida": 0.183,
  "iforest": 0.0933229923248291,
  "lof": 0.05386185646057129
}