{
  "aida": 0.13,
  "iforest": 0.07038402557373047,
  "lof": 0.020802736282348633
}