{
  "aida": 0.134,
  "iforest": 0.06995606422424316,
  "lof": 0.050910234451293945
}