{
  "aida": 0.147,
  "iforest": 0.09696507453918457,
  "lof": 0.014908075332641602
}