{
  "aida": 0.122,
  "iforest": 0.07032608985900879,
  "lof": 0.02595210075378418
}