{
  "aida": 0.187,
  "iforest": 0.09475922584533691,
  "lof": 0.04634594917297363
}