feature_0,feature_1,feature_2,feature_3,feature_4,feature_5,feature_6,feature_7,feature_8
-0.0099158324234492,0.1482087652300419,0.0232670346216025,0.0199870710330407,-0.0454545454545454,0.039996528139107,-0.0226426533399169,-0.065040650406504,0.0269136153089224
0.0199870710330407,-0.0454545454545454,0.039996528139107,-0.0226426533399169,-0.065040650406504,0.0269136153089224,0.0182739416903194,-0.3668145519077196,0.024096412437988
-0.0226426533399169,-0.065040650406504,0.0269136153089224,0.0182739416903194,-0.3668145519077196,0.024096412437988,0.0088029231467041,0.3831278026905829,0.0269151914898602
0.0182739416903194,-0.3668145519077196,0.024096412437988,0.0088029231467041,0.3831278026905829,0.0269151914898602,-0.0451901237903187,0.0297872340425531,0.0555727128951504
0.0088029231467041,0.3831278026905829,0.0269151914898602,-0.0451901237903187,0.0297872340425531,0.0555727128951504,-0.0183664620843679,0.4962613144431327,0.0247776777221549
-0.0451901237903187,0.0297872340425531,0.0555727128951504,-0.0183664620843679,0.4962613144431327,0.0247776777221549,0.0188000719772341,-0.25,0.0427572995923882
-0.0183664620843679,0.4962613144431327,0.0247776777221549,0.0188000719772341,-0.25,0.0427572995923882,-0.0237065613397987,0.1148518323689287,0.0470102841092137
