feature_0,feature_1,feature_2,feature_3,feature_4,feature_5,feature_6,feature_7,feature_8
0.0051825983099749,0.1861205010936568,0.012195108362583,-0.0036308933363964,-0.1961441743503772,0.0112533002628986,-0.0042270547638254,0.2502606882168925,0.0153169394256812
-0.0036308933363964,-0.1961441743503772,0.0112533002628986,-0.0042270547638254,0.2502606882168925,0.0153169394256812,0.004976894916679,-0.3729774812343619,0.0195215306718356
-0.0042270547638254,0.2502606882168925,0.0153169394256812,0.004976894916679,-0.3729774812343619,0.0195215306718356,0.0111426141990045,0.8145783453046023,0.0240858732155686
0.004976894916679,-0.3729774812343619,0.0195215306718356,0.0111426141990045,0.8145783453046023,0.0240858732155686,-0.0132526435975247,-0.2093534672335434,0.0287775358992027
0.0111426141990045,0.8145783453046023,0.0240858732155686,-0.0132526435975247,-0.2093534672335434,0.0287775358992027,0.0025547751168404,0.1188577786018914,0.008117599574084
-0.0132526435975247,-0.2093534672335434,0.0287775358992027,0.0025547751168404,0.1188577786018914,0.008117599574084,-0.012085902760997,-0.235996022538946,0.0235985865088589
0.0025547751168404,0.1188577786018914,0.008117599574084,-0.012085902760997,-0.235996022538946,0.0235985865088589,-0.0087700724266525,0.038177874186551,0.0257500900004361
