feature_0,feature_1,feature_2,feature_3,feature_4,feature_5,feature_6,feature_7,feature_8
0.007000249733863,0.2934226073257187,0.0112707024049497,-0.0067593782066893,-0.3440925700365408,0.0083552674992383,-0.0017014191963469,0.5139275766016713,0.01287024125521
-0.0067593782066893,-0.3440925700365408,0.0083552674992383,-0.0017014191963469,0.5139275766016713,0.01287024125521,0.0023239462852524,-0.2283042011652867,0.0105370446063539
-0.0017014191963469,0.5139275766016713,0.01287024125521,0.0023239462852524,-0.2283042011652867,0.0105370446063539,0.0104336604977643,0.7327637591893503,0.0163616664120775
0.0023239462852524,-0.2283042011652867,0.0105370446063539,0.0104336604977643,0.7327637591893503,0.0163616664120775,0.0084902062421701,0.1804838894622176,0.017907678661365
0.0104336604977643,0.7327637591893503,0.0163616664120775,0.0084902062421701,0.1804838894622176,0.017907678661365,0.0026543497159314,-0.2009713453132589,0.0157774952162184
0.0084902062421701,0.1804838894622176,0.017907678661365,0.0026543497159314,-0.2009713453132589,0.0157774952162184,-0.005900104930716,-0.2323121808898613,0.0173808062615243
0.0026543497159314,-0.2009713453132589,0.0157774952162184,-0.005900104930716,-0.2323121808898613,0.0173808062615243,-0.0047177219333838,0.3922406967537608,0.0127047575048459
