feature_0,feature_1,feature_2,feature_3,feature_4,feature_5,feature_6,feature_7,feature_8
-0.0034076579782967,0.3030262273032953,0.0135408987794868,-0.0043518815278148,0.3413501238645746,0.0079924511919327,-0.0088978541860009,0.2763370527125817,0.0147035621371664
-0.0043518815278148,0.3413501238645746,0.0079924511919327,-0.0088978541860009,0.2763370527125817,0.0147035621371664,-0.0173255570387951,0.1984806463282287,0.0266838108317292
-0.0088978541860009,0.2763370527125817,0.0147035621371664,-0.0173255570387951,0.1984806463282287,0.0266838108317292,0.0227600698392198,0.0725425093067713,0.0240461682320602
-0.0173255570387951,0.1984806463282287,0.0266838108317292,0.0227600698392198,0.0725425093067713,0.0240461682320602,0.0045590602429472,-0.3077861163227017,0.0187241587100488
0.0227600698392198,0.0725425093067713,0.0240461682320602,0.0045590602429472,-0.3077861163227017,0.0187241587100488,0.0150235121689805,0.1343000406559154,0.0235877806560995
0.0045590602429472,-0.3077861163227017,0.0187241587100488,0.0150235121689805,0.1343000406559154,0.0235877806560995,-0.004779542591093,-0.2337514934289127,0.0140012685589654
0.0150235121689805,0.1343000406559154,0.0235877806560995,-0.004779542591093,-0.2337514934289127,0.0140012685589654,-0.0038730154649236,0.1973181570125517,0.0140405857613593
