feature_0,feature_1,feature_2,feature_3,feature_4,feature_5,feature_6,feature_7,feature_8
0.0029863556537297,-0.1604372059153036,0.0183982529090965,-0.0092300377419605,0.1441081540912236,0.0125480946625278,-0.0112994896283208,0.1086512807802773,0.0251714884926414
-0.0092300377419605,0.1441081540912236,0.0125480946625278,-0.0112994896283208,0.1086512807802773,0.0251714884926414,-0.0066868924582436,0.1265788660437776,0.0348681362199889
-0.0112994896283208,0.1086512807802773,0.0251714884926414,-0.0066868924582436,0.1265788660437776,0.0348681362199889,0.0104651924527581,0.0796670907796286,0.0114435779651175
-0.0066868924582436,0.1265788660437776,0.0348681362199889,0.0104651924527581,0.0796670907796286,0.0114435779651175,-0.039367754926198,0.4343146582481025,0.0350005340648814
0.0104651924527581,0.0796670907796286,0.0114435779651175,-0.039367754926198,0.4343146582481025,0.0350005340648814,-0.0050437193143167,-0.3438120686990966,0.0188007584424404
-0.039367754926198,0.4343146582481025,0.0350005340648814,-0.0050437193143167,-0.3438120686990966,0.0188007584424404,0.0050060183231837,-0.1878844618539173,0.0221876271101557
-0.0050437193143167,-0.3438120686990966,0.0188007584424404,0.0050060183231837,-0.1878844618539173,0.0221876271101557,-0.0407945169079513,0.7680328158704339,0.0479481605895306
