feature_0,feature_1,feature_2,feature_3,feature_4,feature_5,feature_6,feature_7,feature_8
0.0112054119953486,0.2280788685867658,0.022809741763358,-0.0060442502400452,-0.298157425775865,0.0186194295589832,-0.0052928181824825,0.2529283541332312,0.0135304432370424
-0.0060442502400452,-0.298157425775865,0.0186194295589832,-0.0052928181824825,0.2529283541332312,0.0135304432370424,-0.0015849392186253,-0.0394218636485298,0.0104522362352568
-0.0052928181824825,0.2529283541332312,0.0135304432370424,-0.0015849392186253,-0.0394218636485298,0.0104522362352568,0.004422146082049,0.580308096489133,0.0157055492888343
-0.0015849392186253,-0.0394218636485298,0.0104522362352568,0.004422146082049,0.580308096489133,0.0157055492888343,0.0042899754775331,-0.4023626906462135,0.0146474499829384
0.004422146082049,0.580308096489133,0.0157055492888343,0.0042899754775331,-0.4023626906462135,0.0146474499829384,0.0232688893472201,0.8868143215392073,0.0302927333284417
0.0042899754775331,-0.4023626906462135,0.0146474499829384,0.0232688893472201,0.8868143215392073,0.0302927333284417,-0.0180159615534903,-0.2173563410956609,0.0233445776282344
0.0232688893472201,0.8868143215392073,0.0302927333284417,-0.0180159615534903,-0.2173563410956609,0.0233445776282344,0.005593448848602,0.0155692553586208,0.0138857538789875
