{
  "aida": 0.032,
  "iforest": 0.10078787803649902,
  "lof": 0.014754772186279297
}