{
  "aida": 0.03,
  "iforest": 0.09196901321411133,
  "lof": 0.025155067443847656
}