{
  "aida": 0.02,
  "iforest": 0.06497597694396973,
  "lof": 0.02985095977783203
}