{
  "aida": 0.021,
  "iforest": 0.05751204490661621,
  "lof": 0.035314083099365234
}