{
  "aida": 0.02,
  "iforest": 0.0658259391784668,
  "lof": 0.02874279022216797
}