{
  "aida": 0.032,
  "iforest": 0.08494997024536133,
  "lof": 0.03752326965332031
}