feature_0,feature_1,feature_2,feature_3,feature_4,feature_5,feature_6,feature_7,feature_8,feature_9,feature_10,feature_11,feature_12,feature_13,feature_14
-0.0041339308399044,0.2188886464470143,0.0115536577561955,-0.0009772436923851,0.1034400453501207,0.0129520254101283,-0.0143136982216592,1.186837551373567,0.0223919576905086,-0.0087756412723946,-0.333947426988798,0.0241612254169764,-0.0208683592016507,0.1532978150698918,0.0298588376920888
-0.0009772436923851,0.1034400453501207,0.0129520254101283,-0.0143136982216592,1.186837551373567,0.0223919576905086,-0.0087756412723946,-0.333947426988798,0.0241612254169764,-0.0208683592016507,0.1532978150698918,0.0298588376920888,-0.0233584381538495,0.275403608736942,0.0229352094571176
-0.0143136982216592,1.186837551373567,0.0223919576905086,-0.0087756412723946,-0.333947426988798,0.0241612254169764,-0.0208683592016507,0.1532978150698918,0.0298588376920888,-0.0233584381538495,0.275403608736942,0.0229352094571176,-0.0007715167374418,0.0573848076025089,0.0242079226207122
-0.0087756412723946,-0.333947426988798,0.0241612254169764,-0.0208683592016507,0.1532978150698918,0.0298588376920888,-0.0233584381538495,0.275403608736942,0.0229352094571176,-0.0007715167374418,0.0573848076025089,0.0242079226207122,0.0009926915416811,-0.5657404755084503,0.0175438566577488
-0.0208683592016507,0.1532978150698918,0.0298588376920888,-0.0233584381538495,0.275403608736942,0.0229352094571176,-0.0007715167374418,0.0573848076025089,0.0242079226207122,0.0009926915416811,-0.5657404755084503,0.0175438566577488,0.0027547608906353,-0.6361312664907652,0.0157953075066027
-0.0233584381538495,0.275403608736942,0.0229352094571176,-0.0007715167374418,0.0573848076025089,0.0242079226207122,0.0009926915416811,-0.5657404755084503,0.0175438566577488,0.0027547608906353,-0.6361312664907652,0.0157953075066027,0.0015384553747781,0.7150842208626029,0.0099656909556992
-0.0007715167374418,0.0573848076025089,0.0242079226207122,0.0009926915416811,-0.5657404755084503,0.0175438566577488,0.0027547608906353,-0.6361312664907652,0.0157953075066027,0.0015384553747781,0.7150842208626029,0.0099656909556992,-0.0063638711939737,0.2839337620012332,0.0182582034561991
