feature_0,feature_1,feature_2,feature_3,feature_4,feature_5,feature_6,feature_7,feature_8,feature_9,feature_10,feature_11,feature_12,feature_13,feature_14
-0.0032559348973285,-0.2580844235991113,0.011342032708867,-0.0042149791301091,-0.1777297177396994,0.0110298112782822,0.0083597980479084,-0.2837199892096035,0.0140561632113057,-0.0139574123021963,0.2719141323792486,0.0163182459944254,0.0019157120788597,-0.2308831149603968,0.0098133138020834
-0.0042149791301091,-0.1777297177396994,0.0110298112782822,0.0083597980479084,-0.2837199892096035,0.0140561632113057,-0.0139574123021963,0.2719141323792486,0.0163182459944254,0.0019157120788597,-0.2308831149603968,0.0098133138020834,-0.0164648721245715,0.4416746871992301,0.0179479262671672
0.0083597980479084,-0.2837199892096035,0.0140561632113057,-0.0139574123021963,0.2719141323792486,0.0163182459944254,0.0019157120788597,-0.2308831149603968,0.0098133138020834,-0.0164648721245715,0.4416746871992301,0.0179479262671672,-0.0189005299623696,-0.1106215368182121,0.0176250109675697
-0.0139574123021963,0.2719141323792486,0.0163182459944254,0.0019157120788597,-0.2308831149603968,0.0098133138020834,-0.0164648721245715,0.4416746871992301,0.0179479262671672,-0.0189005299623696,-0.1106215368182121,0.0176250109675697,-0.0068251336655865,0.9983485963068608,0.0149636660214979
0.0019157120788597,-0.2308831149603968,0.0098133138020834,-0.0164648721245715,0.4416746871992301,0.0179479262671672,-0.0189005299623696,-0.1106215368182121,0.0176250109675697,-0.0068251336655865,0.9983485963068608,0.0149636660214979,0.0223896765211177,0.2390128465179175,0.031361665578598
-0.0164648721245715,0.4416746871992301,0.0179479262671672,-0.0189005299623696,-0.1106215368182121,0.0176250109675697,-0.0068251336655865,0.9983485963068608,0.0149636660214979,0.0223896765211177,0.2390128465179175,0.031361665578598,-0.0145272806691698,-0.5502197968773685,0.0271317482330307
-0.0189005299623696,-0.1106215368182121,0.0176250109675697,-0.0068251336655865,0.9983485963068608,0.0149636660214979,0.0223896765211177,0.2390128465179175,0.031361665578598,-0.0145272806691698,-0.5502197968773685,0.0271317482330307,0.0017601323435545,0.1225397681315718,0.0139303723465182
-0.0068251336655865,0.9983485963068608,0.0149636660214979,0.0223896765211177,0.2390128465179175,0.031361665578598,-0.0145272806691698,-0.5502197968773685,0.0271317482330307,0.0017601323435545,0.1225397681315718,0.0139303723465182,-0.0035141632264852,-0.229914735198751,0.0155434831866592
