feature_0,feature_1,feature_2,feature_3,feature_4,feature_5,feature_6,feature_7,feature_8,feature_9,feature_10,feature_11,feature_12,feature_13,feature_14
-0.0002852160514346,0.1462119848839302,0.0141956627973798,0.0031387127759647,-0.1041683020645262,0.0096043312561389,-0.0027022299773608,0.4293725902558709,0.0122495818071429,-0.0222476470827508,-0.0229892103972535,0.0279361701913977,0.0046675292952289,0.0291773859572064,0.0164680941333311
0.0031387127759647,-0.1041683020645262,0.0096043312561389,-0.0027022299773608,0.4293725902558709,0.0122495818071429,-0.0222476470827508,-0.0229892103972535,0.0279361701913977,0.0046675292952289,0.0291773859572064,0.0164680941333311,-0.0206155429988074,0.1447384465309109,0.0250000056766332
-0.0027022299773608,0.4293725902558709,0.0122495818071429,-0.0222476470827508,-0.0229892103972535,0.0279361701913977,0.0046675292952289,0.0291773859572064,0.0164680941333311,-0.0206155429988074,0.1447384465309109,0.0250000056766332,-0.0136376136066768,0.0749360886237751,0.0135440416435222
-0.0222476470827508,-0.0229892103972535,0.0279361701913977,0.0046675292952289,0.0291773859572064,0.0164680941333311,-0.0206155429988074,0.1447384465309109,0.0250000056766332,-0.0136376136066768,0.0749360886237751,0.0135440416435222,0.0318604098434354,-0.0564336322647772,0.0319820560302288
0.0046675292952289,0.0291773859572064,0.0164680941333311,-0.0206155429988074,0.1447384465309109,0.0250000056766332,-0.0136376136066768,0.0749360886237751,0.0135440416435222,0.0318604098434354,-0.0564336322647772,0.0319820560302288,0.011214686660977,0.9915984036967024,0.0159286326615458
-0.0206155429988074,0.1447384465309109,0.0250000056766332,-0.0136376136066768,0.0749360886237751,0.0135440416435222,0.0318604098434354,-0.0564336322647772,0.0319820560302288,0.011214686660977,0.9915984036967024,0.0159286326615458,0.0062111849646373,-0.4884518034170007,0.0197427048514272
-0.0136376136066768,0.0749360886237751,0.0135440416435222,0.0318604098434354,-0.0564336322647772,0.0319820560302288,0.011214686660977,0.9915984036967024,0.0159286326615458,0.0062111849646373,-0.4884518034170007,0.0197427048514272,-0.0080391585210887,-0.0682403875889083,0.0131617660431232
0.0318604098434354,-0.0564336322647772,0.0319820560302288,0.011214686660977,0.9915984036967024,0.0159286326615458,0.0062111849646373,-0.4884518034170007,0.0197427048514272,-0.0080391585210887,-0.0682403875889083,0.0131617660431232,0.0128799630939839,-0.1511229118265294,0.0199476228959593
