feature_0,feature_1,feature_2,feature_3,feature_4,feature_5,feature_6,feature_7,feature_8,feature_9,feature_10,feature_11,feature_12,feature_13,feature_14
-0.0094498067307896,0.1001104158998895,0.0112936932704531,0.0033171794605024,-0.1691048997840567,0.0076110497067559,-0.0009170666005994,-0.0247080786265968,0.0104126753184869,-0.0195898102438929,0.273194715508182,0.0206980141375676,0.0037695840171743,-0.3904725407540607,0.0060665633910681
0.0033171794605024,-0.1691048997840567,0.0076110497067559,-0.0009170666005994,-0.0247080786265968,0.0104126753184869,-0.0195898102438929,0.273194715508182,0.0206980141375676,0.0037695840171743,-0.3904725407540607,0.0060665633910681,-0.0086154236127595,0.6034240944044107,0.0158508850986249
-0.0009170666005994,-0.0247080786265968,0.0104126753184869,-0.0195898102438929,0.273194715508182,0.0206980141375676,0.0037695840171743,-0.3904725407540607,0.0060665633910681,-0.0086154236127595,0.6034240944044107,0.0158508850986249,0.0004704195203699,0.0336007721541895,0.0106828245638926
-0.0195898102438929,0.273194715508182,0.0206980141375676,0.0037695840171743,-0.3904725407540607,0.0060665633910681,-0.0086154236127595,0.6034240944044107,0.0158508850986249,0.0004704195203699,0.0336007721541895,0.0106828245638926,0.011185599877836,-0.152182794443796,0.0155672460766116
0.0037695840171743,-0.3904725407540607,0.0060665633910681,-0.0086154236127595,0.6034240944044107,0.0158508850986249,0.0004704195203699,0.0336007721541895,0.0106828245638926,0.011185599877836,-0.152182794443796,0.0155672460766116,0.0141700123650678,0.7863903899769387,0.0209398075880523
-0.0086154236127595,0.6034240944044107,0.0158508850986249,0.0004704195203699,0.0336007721541895,0.0106828245638926,0.011185599877836,-0.152182794443796,0.0155672460766116,0.0141700123650678,0.7863903899769387,0.0209398075880523,0.0009411550535276,-0.0552986512524085,0.0194236568939692
0.0004704195203699,0.0336007721541895,0.0106828245638926,0.011185599877836,-0.152182794443796,0.0155672460766116,0.0141700123650678,0.7863903899769387,0.0209398075880523,0.0009411550535276,-0.0552986512524085,0.0194236568939692,-0.0126811390276179,-0.1526004487048745,0.0232506941990622
0.011185599877836,-0.152182794443796,0.0155672460766116,0.0141700123650678,0.7863903899769387,0.0209398075880523,0.0009411550535276,-0.0552986512524085,0.0194236568939692,-0.0126811390276179,-0.1526004487048745,0.0232506941990622,0.0007814014240046,-0.3659381919707326,0.0111146952404926
