feature_0,feature_1,feature_2,feature_3,feature_4,feature_5,feature_6,feature_7,feature_8,feature_9,feature_10,feature_11,feature_12,feature_13,feature_14
-0.0033372940338197,-0.3612467866323907,0.0200140886634263,0.0063480954286732,0.1556494617164705,0.0144561232182016,-0.0076946184137244,0.3171687271460908,0.0130153799877555,-0.0062869459062139,0.4866812082754974,0.0206498551495808,0.0036555497998003,-0.5010670460608216,0.0141034028936543
0.0063480954286732,0.1556494617164705,0.0144561232182016,-0.0076946184137244,0.3171687271460908,0.0130153799877555,-0.0062869459062139,0.4866812082754974,0.0206498551495808,0.0036555497998003,-0.5010670460608216,0.0141034028936543,0.0070041971619065,0.0615754767421137,0.0089660887401868
-0.0076946184137244,0.3171687271460908,0.0130153799877555,-0.0062869459062139,0.4866812082754974,0.0206498551495808,0.0036555497998003,-0.5010670460608216,0.0141034028936543,0.0070041971619065,0.0615754767421137,0.0089660887401868,-0.0162760039729337,0.1249055653487787,0.0186069760522849
-0.0062869459062139,0.4866812082754974,0.0206498551495808,0.0036555497998003,-0.5010670460608216,0.0141034028936543,0.0070041971619065,0.0615754767421137,0.0089660887401868,-0.0162760039729337,0.1249055653487787,0.0186069760522849,0.0184543720740524,-0.0782031191702111,0.0188094274487291
0.0036555497998003,-0.5010670460608216,0.0141034028936543,0.0070041971619065,0.0615754767421137,0.0089660887401868,-0.0162760039729337,0.1249055653487787,0.0186069760522849,0.0184543720740524,-0.0782031191702111,0.0188094274487291,0.009025250644965,1.960495426212256,0.0190316348695151
0.0070041971619065,0.0615754767421137,0.0089660887401868,-0.0162760039729337,0.1249055653487787,0.0186069760522849,0.0184543720740524,-0.0782031191702111,0.0188094274487291,0.009025250644965,1.960495426212256,0.0190316348695151,-0.015824868910111,-0.672910229416751,0.022462423118296
-0.0162760039729337,0.1249055653487787,0.0186069760522849,0.0184543720740524,-0.0782031191702111,0.0188094274487291,0.009025250644965,1.960495426212256,0.0190316348695151,-0.015824868910111,-0.672910229416751,0.022462423118296,0.0145412215237712,0.1736331717104162,0.0289559006598452
0.0184543720740524,-0.0782031191702111,0.0188094274487291,0.009025250644965,1.960495426212256,0.0190316348695151,-0.015824868910111,-0.672910229416751,0.022462423118296,0.0145412215237712,0.1736331717104162,0.0289559006598452,0.0154357455295508,-0.2541491559227865,0.0186619597989738
