feature_0,feature_1,feature_2,feature_3,feature_4,feature_5,feature_6,feature_7,feature_8,feature_9,feature_10,feature_11,feature_12,feature_13,feature_14
0.0048846300915053,-0.078633784462791,0.0152771604579334,0.0052567455718677,-0.246736778632994,0.0133098024593895,-0.008265432449443,0.0524209212803277,0.0110723537941834,-0.016044955255189,0.1758892617449665,0.0306447131846086,0.008297250074958,-0.2117679513338946,0.0122085254851223
0.0052567455718677,-0.246736778632994,0.0133098024593895,-0.008265432449443,0.0524209212803277,0.0110723537941834,-0.016044955255189,0.1758892617449665,0.0306447131846086,0.008297250074958,-0.2117679513338946,0.0122085254851223,0.0080576849884734,0.2413456026550007,0.0166313542265368
-0.008265432449443,0.0524209212803277,0.0110723537941834,-0.016044955255189,0.1758892617449665,0.0306447131846086,0.008297250074958,-0.2117679513338946,0.0122085254851223,0.0080576849884734,0.2413456026550007,0.0166313542265368,-0.0028344598772956,0.1369080603921797,0.0121336716024262
-0.016044955255189,0.1758892617449665,0.0306447131846086,0.008297250074958,-0.2117679513338946,0.0122085254851223,0.0080576849884734,0.2413456026550007,0.0166313542265368,-0.0028344598772956,0.1369080603921797,0.0121336716024262,-0.0215463685783519,-0.0183849465767657,0.0199662848164695
0.008297250074958,-0.2117679513338946,0.0122085254851223,0.0080576849884734,0.2413456026550007,0.0166313542265368,-0.0028344598772956,0.1369080603921797,0.0121336716024262,-0.0215463685783519,-0.0183849465767657,0.0199662848164695,0.0022659548852541,0.6394177370669942,0.0213644656812332
0.0080576849884734,0.2413456026550007,0.0166313542265368,-0.0028344598772956,0.1369080603921797,0.0121336716024262,-0.0215463685783519,-0.0183849465767657,0.0199662848164695,0.0022659548852541,0.6394177370669942,0.0213644656812332,0.0038841300743175,-0.2704595511558521,0.0196891507658545
-0.0028344598772956,0.1369080603921797,0.0121336716024262,-0.0215463685783519,-0.0183849465767657,0.0199662848164695,0.0022659548852541,0.6394177370669942,0.0213644656812332,0.0038841300743175,-0.2704595511558521,0.0196891507658545,0.0035802097394843,-0.0211041148471726,0.0114026803236187
-0.0215463685783519,-0.0183849465767657,0.0199662848164695,0.0022659548852541,0.6394177370669942,0.0213644656812332,0.0038841300743175,-0.2704595511558521,0.0196891507658545,0.0035802097394843,-0.0211041148471726,0.0114026803236187,0.009321758996029,-0.1789870384975966,0.0156384829255608
