feature_0,feature_1,feature_2,feature_3,feature_4,feature_5,feature_6,feature_7,feature_8,feature_9,feature_10,feature_11,feature_12,feature_13,feature_14
0.0015829873413548,0.605841622245425,0.0133191259404894,-0.0086932356621367,-0.2995055010865287,0.0199468093201175,-0.033484056234008,0.7099587190698355,0.0347778678484823,-0.0107230757868648,0.0305696817324723,0.0284757249149573,0.0036131383336746,-0.4430999112885341,0.0142021254163261
-0.0086932356621367,-0.2995055010865287,0.0199468093201175,-0.033484056234008,0.7099587190698355,0.0347778678484823,-0.0107230757868648,0.0305696817324723,0.0284757249149573,0.0036131383336746,-0.4430999112885341,0.0142021254163261,0.0113542828828161,0.2047191179032779,0.0234676544857551
-0.033484056234008,0.7099587190698355,0.0347778678484823,-0.0107230757868648,0.0305696817324723,0.0284757249149573,0.0036131383336746,-0.4430999112885341,0.0142021254163261,0.0113542828828161,0.2047191179032779,0.0234676544857551,-0.0194413673709333,0.296537333168051,0.0190050399210534
-0.0107230757868648,0.0305696817324723,0.0284757249149573,0.0036131383336746,-0.4430999112885341,0.0142021254163261,0.0113542828828161,0.2047191179032779,0.0234676544857551,-0.0194413673709333,0.296537333168051,0.0190050399210534,0.0041886037140863,-0.3156242530475659,0.0131726798397741
0.0036131383336746,-0.4430999112885341,0.0142021254163261,0.0113542828828161,0.2047191179032779,0.0234676544857551,-0.0194413673709333,0.296537333168051,0.0190050399210534,0.0041886037140863,-0.3156242530475659,0.0131726798397741,0.0205785930432123,1.1850144360622146,0.0262204318386459
0.0113542828828161,0.2047191179032779,0.0234676544857551,-0.0194413673709333,0.296537333168051,0.0190050399210534,0.0041886037140863,-0.3156242530475659,0.0131726798397741,0.0205785930432123,1.1850144360622146,0.0262204318386459,-0.0534060280008013,-0.1508066750495513,0.0652930951763672
-0.0194413673709333,0.296537333168051,0.0190050399210534,0.0041886037140863,-0.3156242530475659,0.0131726798397741,0.0205785930432123,1.1850144360622146,0.0262204318386459,-0.0534060280008013,-0.1508066750495513,0.0652930951763672,-0.0250431491665394,0.0802986572970259,0.0234768815752511
0.0041886037140863,-0.3156242530475659,0.0131726798397741,0.0205785930432123,1.1850144360622146,0.0262204318386459,-0.0534060280008013,-0.1508066750495513,0.0652930951763672,-0.0250431491665394,0.0802986572970259,0.0234768815752511,-0.006528257088493,-0.0719023336314743,0.021046325864853
