feature_0,feature_1,feature_2,feature_3,feature_4,feature_5,feature_6,feature_7,feature_8,feature_9,feature_10,feature_11,feature_12,feature_13,feature_14
-0.016410465707516,-0.3306460425190923,0.0165778753874548,0.0078096447278481,-0.2505713767458734,0.0093491232606785,0.0069273465304047,1.0640671894665503,0.012017015851398,-0.0510727550170545,0.2561474688962113,0.0355823608250794,0.0111821284433331,-0.1848342559487691,0.0181750898939478
0.0078096447278481,-0.2505713767458734,0.0093491232606785,0.0069273465304047,1.0640671894665503,0.012017015851398,-0.0510727550170545,0.2561474688962113,0.0355823608250794,0.0111821284433331,-0.1848342559487691,0.0181750898939478,-0.0035241766338146,-0.1435246155079418,0.0106265431537905
0.0069273465304047,1.0640671894665503,0.012017015851398,-0.0510727550170545,0.2561474688962113,0.0355823608250794,0.0111821284433331,-0.1848342559487691,0.0181750898939478,-0.0035241766338146,-0.1435246155079418,0.0106265431537905,-0.0062196354766322,0.0576948789945179,0.0147368723393962
-0.0510727550170545,0.2561474688962113,0.0355823608250794,0.0111821284433331,-0.1848342559487691,0.0181750898939478,-0.0035241766338146,-0.1435246155079418,0.0106265431537905,-0.0062196354766322,0.0576948789945179,0.0147368723393962,-0.0109214863790655,0.1214967448328172,0.0116828542394012
0.0111821284433331,-0.1848342559487691,0.0181750898939478,-0.0035241766338146,-0.1435246155079418,0.0106265431537905,-0.0062196354766322,0.0576948789945179,0.0147368723393962,-0.0109214863790655,0.1214967448328172,0.0116828542394012,0.0095533974806163,0.2856756391180846,0.0106673354137045
-0.0035241766338146,-0.1435246155079418,0.0106265431537905,-0.0062196354766322,0.0576948789945179,0.0147368723393962,-0.0109214863790655,0.1214967448328172,0.0116828542394012,0.0095533974806163,0.2856756391180846,0.0106673354137045,0.0092172759659714,-0.460713659477468,0.0166419924607062
-0.0062196354766322,0.0576948789945179,0.0147368723393962,-0.0109214863790655,0.1214967448328172,0.0116828542394012,0.0095533974806163,0.2856756391180846,0.0106673354137045,0.0092172759659714,-0.460713659477468,0.0166419924607062,0.0140037184711279,0.0292793158947179,0.0229419098046656
-0.0109214863790655,0.1214967448328172,0.0116828542394012,0.0095533974806163,0.2856756391180846,0.0106673354137045,0.0092172759659714,-0.460713659477468,0.0166419924607062,0.0140037184711279,0.0292793158947179,0.0229419098046656,-0.0115287456157217,0.1148439474349254,0.0178658720345535
