feature_0,feature_1,feature_2,feature_3,feature_4,feature_5,feature_6,feature_7,feature_8,feature_9,feature_10,feature_11,feature_12,feature_13,feature_14
0.0248814434487065,-0.1137837755184311,0.0188355571580767,0.0063937911524212,0.0319421264634651,0.0238248681415793,-0.0045708517628,0.667896858450931,0.0297160943004904,0.0931964033370096,0.5220414546302912,0.0472813555011641,0.0257227693274613,-0.4856759653440151,0.0337378492633115
0.0063937911524212,0.0319421264634651,0.0238248681415793,-0.0045708517628,0.667896858450931,0.0297160943004904,0.0931964033370096,0.5220414546302912,0.0472813555011641,0.0257227693274613,-0.4856759653440151,0.0337378492633115,0.0698043463753073,0.5197604623114642,0.0460125734373377
-0.0045708517628,0.667896858450931,0.0297160943004904,0.0931964033370096,0.5220414546302912,0.0472813555011641,0.0257227693274613,-0.4856759653440151,0.0337378492633115,0.0698043463753073,0.5197604623114642,0.0460125734373377,0.0081122580527579,-0.1459811743942346,0.0413972439215807
0.0931964033370096,0.5220414546302912,0.0472813555011641,0.0257227693274613,-0.4856759653440151,0.0337378492633115,0.0698043463753073,0.5197604623114642,0.0460125734373377,0.0081122580527579,-0.1459811743942346,0.0413972439215807,-0.0376660025876348,-0.1257386418676741,0.0561355983049377
0.0257227693274613,-0.4856759653440151,0.0337378492633115,0.0698043463753073,0.5197604623114642,0.0460125734373377,0.0081122580527579,-0.1459811743942346,0.0413972439215807,-0.0376660025876348,-0.1257386418676741,0.0561355983049377,-0.0078460784250077,0.2583625730994152,0.0540209490869554
0.0698043463753073,0.5197604623114642,0.0460125734373377,0.0081122580527579,-0.1459811743942346,0.0413972439215807,-0.0376660025876348,-0.1257386418676741,0.0561355983049377,-0.0078460784250077,0.2583625730994152,0.0540209490869554,0.0489542117258241,-0.2851484599592671,0.0267582269407553
0.0081122580527579,-0.1459811743942346,0.0413972439215807,-0.0376660025876348,-0.1257386418676741,0.0561355983049377,-0.0078460784250077,0.2583625730994152,0.0540209490869554,0.0489542117258241,-0.2851484599592671,0.0267582269407553,0.0124956788506542,-0.0799923356265625,0.0224034402753097
-0.0376660025876348,-0.1257386418676741,0.0561355983049377,-0.0078460784250077,0.2583625730994152,0.0540209490869554,0.0489542117258241,-0.2851484599592671,0.0267582269407553,0.0124956788506542,-0.0799923356265625,0.0224034402753097,0.0515557248664151,0.3101179200841011,0.0424029955381539
