feature_0,feature_1,feature_2,feature_3,feature_4,feature_5,feature_6,feature_7,feature_8,feature_9,feature_10,feature_11,feature_12,feature_13,feature_14
-0.0190658763543596,-0.4016174402250352,0.0250732133544978,0.001676268570437,-0.0158655541191679,0.0100819185377059,-0.008128136240508,-0.0453785526630045,0.009541104807612,-0.0153450840644194,0.6038278709031775,0.0190457066210083,0.0138299595550774,0.1730754231339208,0.0217790133558433
0.001676268570437,-0.0158655541191679,0.0100819185377059,-0.008128136240508,-0.0453785526630045,0.009541104807612,-0.0153450840644194,0.6038278709031775,0.0190457066210083,0.0138299595550774,0.1730754231339208,0.0217790133558433,-0.0121523990673043,-0.2473404255319149,0.0155298664180927
-0.008128136240508,-0.0453785526630045,0.009541104807612,-0.0153450840644194,0.6038278709031775,0.0190457066210083,0.0138299595550774,0.1730754231339208,0.0217790133558433,-0.0121523990673043,-0.2473404255319149,0.0155298664180927,-0.0061917452896517,-0.058833922261484,0.0145655391816693
-0.0153450840644194,0.6038278709031775,0.0190457066210083,0.0138299595550774,0.1730754231339208,0.0217790133558433,-0.0121523990673043,-0.2473404255319149,0.0155298664180927,-0.0061917452896517,-0.058833922261484,0.0145655391816693,0.0107390331075987,0.3453163131218322,0.0215004963105408
0.0138299595550774,0.1730754231339208,0.0217790133558433,-0.0121523990673043,-0.2473404255319149,0.0155298664180927,-0.0061917452896517,-0.058833922261484,0.0145655391816693,0.0107390331075987,0.3453163131218322,0.0215004963105408,0.0147613203926983,0.326658759506035,0.0260452948391188
-0.0121523990673043,-0.2473404255319149,0.0155298664180927,-0.0061917452896517,-0.058833922261484,0.0145655391816693,0.0107390331075987,0.3453163131218322,0.0215004963105408,0.0147613203926983,0.326658759506035,0.0260452948391188,0.0003597845944394,-0.4077833289508282,0.0206314952753171
-0.0061917452896517,-0.058833922261484,0.0145655391816693,0.0107390331075987,0.3453163131218322,0.0215004963105408,0.0147613203926983,0.326658759506035,0.0260452948391188,0.0003597845944394,-0.4077833289508282,0.0206314952753171,7.97722150778224e-05,0.2323949915638044,0.0107764391389746
0.0107390331075987,0.3453163131218322,0.0215004963105408,0.0147613203926983,0.326658759506035,0.0260452948391188,0.0003597845944394,-0.4077833289508282,0.0206314952753171,7.97722150778224e-05,0.2323949915638044,0.0107764391389746,-0.0012382875594827,-0.3409713215160685,0.0161981329987526
