feature_0,feature_1,feature_2,feature_3,feature_4,feature_5,feature_6,feature_7,feature_8,feature_9,feature_10,feature_11,feature_12,feature_13,feature_14
-0.0156304900778894,-0.2703623188405797,0.0223355672327217,0.0021817483399588,-0.1656569669281954,0.0317951210764025,0.0036285162940212,-0.1711700987977621,0.0372399779508693,-0.0309712802255214,0.1391641533821628,0.0526579342496577,0.0047257558453406,-0.429399899142713,0.0135084661948623
0.0021817483399588,-0.1656569669281954,0.0317951210764025,0.0036285162940212,-0.1711700987977621,0.0372399779508693,-0.0309712802255214,0.1391641533821628,0.0526579342496577,0.0047257558453406,-0.429399899142713,0.0135084661948623,-0.0173289224531834,0.7571807335395493,0.0239119353208047
0.0036285162940212,-0.1711700987977621,0.0372399779508693,-0.0309712802255214,0.1391641533821628,0.0526579342496577,0.0047257558453406,-0.429399899142713,0.0135084661948623,-0.0173289224531834,0.7571807335395493,0.0239119353208047,-0.0099509107430187,-0.0965673330818559,0.0131307497304225
-0.0309712802255214,0.1391641533821628,0.0526579342496577,0.0047257558453406,-0.429399899142713,0.0135084661948623,-0.0173289224531834,0.7571807335395493,0.0239119353208047,-0.0099509107430187,-0.0965673330818559,0.0131307497304225,-0.0171755108146505,0.7016005567153794,0.0407131108235482
0.0047257558453406,-0.429399899142713,0.0135084661948623,-0.0173289224531834,0.7571807335395493,0.0239119353208047,-0.0099509107430187,-0.0965673330818559,0.0131307497304225,-0.0171755108146505,0.7016005567153794,0.0407131108235482,-0.0007765750789655,0.0690332079175528,0.0347906208426209
-0.0173289224531834,0.7571807335395493,0.0239119353208047,-0.0099509107430187,-0.0965673330818559,0.0131307497304225,-0.0171755108146505,0.7016005567153794,0.0407131108235482,-0.0007765750789655,0.0690332079175528,0.0347906208426209,0.0091980185069067,-0.3391736801836266,0.0269744756139382
-0.0099509107430187,-0.0965673330818559,0.0131307497304225,-0.0171755108146505,0.7016005567153794,0.0407131108235482,-0.0007765750789655,0.0690332079175528,0.0347906208426209,0.0091980185069067,-0.3391736801836266,0.0269744756139382,-0.0128371156635529,0.2679171008452008,0.0320462629493791
-0.0171755108146505,0.7016005567153794,0.0407131108235482,-0.0007765750789655,0.0690332079175528,0.0347906208426209,0.0091980185069067,-0.3391736801836266,0.0269744756139382,-0.0128371156635529,0.2679171008452008,0.0320462629493791,0.0306892557692475,-0.1503059081362432,0.0353832986479267
