{
  "aida": 0.188,
  "iforest": 0.09810614585876465,
  "lof": 0.0391538143157959
}