{
  "aida": 0.116,
  "iforest": 0.06970977783203125,
  "lof": 0.04107069969177246
}