{
  "aida": 0.136,
  "iforest": 0.06694221496582031,
  "lof": 0.03316187858581543
}