{
  "aida": 0.122,
  "iforest": 0.0709989070892334,
  "lof": 0.052408695220947266
}