{
  "aida": 0.175,
  "iforest": 0.09493494033813477,
  "lof": 0.05495882034301758
}