{
  "aida": 0.158,
  "iforest": 0.10073590278625488,
  "lof": 0.014815092086791992
}