{
  "aida": 0.031,
  "iforest": 0.08811116218566895,
  "lof": 0.03933596611022949
}