{
  "aida": 0.02,
  "iforest": 0.053336143493652344,
  "lof": 0.026113033294677734
}