{
  "aida": 0.027,
  "iforest": 0.09416818618774414,
  "lof": 0.01485300064086914
}