{
  "aida": 0.021,
  "iforest": 0.06170392036437988,
  "lof": 0.02920985221862793
}