{
  "aida": 0.021,
  "iforest": 0.05822110176086426,
  "lof": 0.03980588912963867
}