{
  "aida": 0.028,
  "iforest": 0.08244609832763672,
  "lof": 0.04893612861633301
}