{
  "anomalies": [
    {
      "anomaly_index": 21,
      "feature_importances": {
        "Close_0": 1.7108101178394954e-12,
        "Close_1": 1.7539432699013881e-12,
        "Close_2": 1.6087836235392491e-12,
        "High_0": 1.8460159598796594e-12,
        "High_1": 1.850992862040647e-12,
        "High_2": 1.6531610011413889e-12,
        "Low_0": 1.717445987387479e-12,
        "Low_1": 1.6884140581150511e-12,
        "Low_2": 1.5391069932854225e-12,
        "Open_0": 1.8294262860097005e-12,
        "Open_1": 1.8136660958332397e-12,
        "Open_2": 1.6344976180376852e-12,
        "Volume_0": 0.050443829599489405,
        "Volume_1": 0.42956637577755247,
        "Volume_2": 0.5199897946022567,
        "daily_return_0": 1.2442255402469057e-15,
        "daily_return_1": 2.073709233744843e-15,
        "daily_return_2": 0.0,
        "daily_return_zscore_0": 2.90319292724278e-15,
        "daily_return_zscore_1": 3.3179347739917488e-15,
        "daily_return_zscore_2": 1.2442255402469057e-15,
        "excess_return_0": 2.90319292724278e-15,
        "excess_return_1": 1.2442255402469057e-15,
        "excess_return_2": 0.0,
        "high_low_range_0": 2.90319292724278e-15,
        "high_low_range_1": 1.2442255402469057e-15,
        "high_low_range_2": 0.0,
        "log_return_0": 1.2442255402469057e-15,
        "log_return_1": 2.073709233744843e-15,
        "log_return_2": 0.0,
        "log_return_zscore_0": 2.90319292724278e-15,
        "log_return_zscore_1": 3.3179347739917488e-15,
        "log_return_zscore_2": 1.2442255402469057e-15,
        "log_volume_0": 8.294836934979372e-16,
        "log_volume_1": 1.2442255402469057e-15,
        "log_volume_2": 4.147418467489686e-16,
        "relative_volume_0": 1.2442255402469057e-15,
        "relative_volume_1": 2.073709233744843e-15,
        "relative_volume_2": 0.0,
        "relative_volume_zscore_0": 4.147418467489686e-15,
        "relative_volume_zscore_1": 3.3179347739917488e-15,
        "relative_volume_zscore_2": 8.294836934979372e-16,
        "volume_change_0": 2.073709233744843e-15,
        "volume_change_1": 2.073709233744843e-15,
        "volume_change_2": 0.0,
        "volume_change_zscore_0": 2.90319292724278e-15,
        "volume_change_zscore_1": 3.3179347739917488e-15,
        "volume_change_zscore_2": 8.294836934979372e-16
      }
    },
    {
      "anomaly_index": 23,
      "feature_importances": {
        "Close_0": 5.342195853791515e-13,
        "Close_1": 5.424918576848642e-13,
        "Close_2": 4.969003569090612e-13,
        "High_0": 5.722908386043067e-13,
        "High_1": 5.713508076604757e-13,
        "High_2": 5.094027684620134e-13,
        "Low_0": 5.267933409228867e-13,
        "Low_1": 5.219991831093487e-13,
        "Low_2": 4.764076823335457e-13,
        "Open_0": 5.602584425232699e-13,
        "Open_1": 5.598824301457375e-13,
        "Open_2": 5.092147622732472e-13,
        "Volume_0": 0.18407818463097506,
        "Volume_1": 0.5262789830219108,
        "Volume_2": 0.2896428323407232,
        "daily_return_0": 0.0,
        "daily_return_1": 2.8200928314929697e-16,
        "daily_return_2": 0.0,
        "daily_return_zscore_0": 7.520247550647919e-16,
        "daily_return_zscore_1": 7.520247550647919e-16,
        "daily_return_zscore_2": 5.640185662985939e-16,
        "excess_return_0": 2.8200928314929697e-16,
        "excess_return_1": 0.0,
        "excess_return_2": 0.0,
        "high_low_range_0": 2.8200928314929697e-16,
        "high_low_range_1": 0.0,
        "high_low_range_2": 0.0,
        "log_return_0": 0.0,
        "log_return_1": 2.8200928314929697e-16,
        "log_return_2": 0.0,
        "log_return_zscore_0": 7.520247550647919e-16,
        "log_return_zscore_1": 7.520247550647919e-16,
        "log_return_zscore_2": 5.640185662985939e-16,
        "log_volume_0": 1.8800618876619797e-16,
        "log_volume_1": 1.8800618876619797e-16,
        "log_volume_2": 3.7601237753239594e-16,
        "relative_volume_0": 1.8800618876619797e-16,
        "relative_volume_1": 2.8200928314929697e-16,
        "relative_volume_2": 1.8800618876619797e-16,
        "relative_volume_zscore_0": 5.640185662985939e-16,
        "relative_volume_zscore_1": 7.520247550647919e-16,
        "relative_volume_zscore_2": 2.8200928314929697e-16,
        "volume_change_0": 9.400309438309898e-17,
        "volume_change_1": 2.8200928314929697e-16,
        "volume_change_2": 0.0,
        "volume_change_zscore_0": 3.7601237753239594e-16,
        "volume_change_zscore_1": 5.640185662985939e-16,
        "volume_change_zscore_2": 9.400309438309898e-17
      }
    },
    {
      "anomaly_index": 47,
      "feature_importances": {
        "Close_0": 6.6285133391372e-13,
        "Close_1": 6.660089254640601e-13,
        "Close_2": 6.320040933834735e-13,
        "High_0": 7.076648447627787e-13,
        "High_1": 7.029284574372685e-13,
        "High_2": 6.468204845043005e-13,
        "Low_0": 6.573862716150542e-13,
        "Low_1": 6.446344595848343e-13,
        "Low_2": 6.082007109270629e-13,
        "Open_0": 6.934556827862479e-13,
        "Open_1": 6.896908620916115e-13,
        "Open_2": 6.420840971787903e-13,
        "Volume_0": 0.17856875241101544,
        "Volume_1": 0.6191933464330875,
        "Volume_2": 0.2022379011479288,
        "daily_return_0": 2.428916577184756e-16,
        "daily_return_1": 4.857833154369512e-16,
        "daily_return_2": 0.0,
        "daily_return_zscore_0": 1.0930124597331403e-15,
        "daily_return_zscore_1": 1.214458288592378e-15,
        "daily_return_zscore_2": 7.286749731554268e-16,
        "excess_return_0": 3.643374865777134e-16,
        "excess_return_1": 3.643374865777134e-16,
        "excess_return_2": 0.0,
        "high_low_range_0": 3.643374865777134e-16,
        "high_low_range_1": 3.643374865777134e-16,
        "high_low_range_2": 0.0,
        "log_return_0": 2.428916577184756e-16,
        "log_return_1": 4.857833154369512e-16,
        "log_return_2": 0.0,
        "log_return_zscore_0": 1.0930124597331403e-15,
        "log_return_zscore_1": 1.214458288592378e-15,
        "log_return_zscore_2": 7.286749731554268e-16,
        "log_volume_0": 1.214458288592378e-16,
        "log_volume_1": 3.643374865777134e-16,
        "log_volume_2": 0.0,
        "relative_volume_0": 0.0,
        "relative_volume_1": 4.857833154369512e-16,
        "relative_volume_2": 0.0,
        "relative_volume_zscore_0": 9.715666308739024e-16,
        "relative_volume_zscore_1": 9.715666308739024e-16,
        "relative_volume_zscore_2": 3.643374865777134e-16,
        "volume_change_0": 2.428916577184756e-16,
        "volume_change_1": 4.857833154369512e-16,
        "volume_change_2": 0.0,
        "volume_change_zscore_0": 6.07229144296189e-16,
        "volume_change_zscore_1": 6.07229144296189e-16,
        "volume_change_zscore_2": 2.428916577184756e-16
      }
    },
    {
      "anomaly_index": 100,
      "feature_importances": {
        "Close_0": 2.753174937195897e-12,
        "Close_1": 2.604443211650093e-12,
        "Close_2": 2.60597202527538e-12,
        "High_0": 2.81847711919031e-12,
        "High_1": 2.7254378899942562e-12,
        "High_2": 2.6959536272208593e-12,
        "Low_0": 2.6660325605545225e-12,
        "Low_1": 2.5190480505804755e-12,
        "Low_2": 2.5369570101909835e-12,
        "Open_0": 2.698356048632025e-12,
        "Open_1": 2.7114601654202015e-12,
        "Open_2": 2.630433043279976e-12,
        "Volume_0": 0.6874221456478599,
        "Volume_1": 0.04624158148814321,
        "Volume_2": 0.2663362728319929,
        "daily_return_0": 1.3104116788176567e-15,
        "daily_return_1": 8.7360778587843785e-16,
        "daily_return_2": 0.0,
        "daily_return_zscore_0": 3.0576272505745326e-15,
        "daily_return_zscore_1": 1.5288136252872663e-15,
        "daily_return_zscore_2": 1.7472155717568757e-15,
        "excess_return_0": 8.7360778587843785e-16,
        "excess_return_1": 6.552058394088283e-16,
        "excess_return_2": 0.0,