feature_0,feature_1,feature_2,feature_3,feature_4,feature_5,feature_6,feature_7,feature_8,feature_9,feature_10,feature_11,feature_12,feature_13,feature_14
0.0062259879321457,-0.4747920806653418,0.0126964436174305,0.0036093479397252,0.4716928251121075,0.0207280819936849,0.005754187837544,0.2719482003427917,0.0143107117157829,0.0040866524019538,-0.2239107650845935,0.0125831545466352,-0.0288969919939487,0.1803800520883574,0.0337007777897391
0.0036093479397252,0.4716928251121075,0.0207280819936849,0.005754187837544,0.2719482003427917,0.0143107117157829,0.0040866524019538,-0.2239107650845935,0.0125831545466352,-0.0288969919939487,0.1803800520883574,0.0337007777897391,-0.0092205035656064,-0.0025333006455831,0.0190811316715928
0.005754187837544,0.2719482003427917,0.0143107117157829,0.0040866524019538,-0.2239107650845935,0.0125831545466352,-0.0288969919939487,0.1803800520883574,0.0337007777897391,-0.0092205035656064,-0.0025333006455831,0.0190811316715928,-0.03426393768424,1.0200720956906442,0.0327959507594009
0.0040866524019538,-0.2239107650845935,0.0125831545466352,-0.0288969919939487,0.1803800520883574,0.0337007777897391,-0.0092205035656064,-0.0025333006455831,0.0190811316715928,-0.03426393768424,1.0200720956906442,0.0327959507594009,0.0109505037597659,-0.3219775317354097,0.0276593281462014
-0.0288969919939487,0.1803800520883574,0.0337007777897391,-0.0092205035656064,-0.0025333006455831,0.0190811316715928,-0.03426393768424,1.0200720956906442,0.0327959507594009,0.0109505037597659,-0.3219775317354097,0.0276593281462014,0.0034662012118935,-0.2483550663955018,0.0260681854155018
-0.0092205035656064,-0.0025333006455831,0.0190811316715928,-0.03426393768424,1.0200720956906442,0.0327959507594009,0.0109505037597659,-0.3219775317354097,0.0276593281462014,0.0034662012118935,-0.2483550663955018,0.0260681854155018,-0.0115500831376709,2.6117300652554514,0.022348827156098
-0.03426393768424,1.0200720956906442,0.0327959507594009,0.0109505037597659,-0.3219775317354097,0.0276593281462014,0.0034662012118935,-0.2483550663955018,0.0260681854155018,-0.0115500831376709,2.6117300652554514,0.022348827156098,0.1085508624498565,0.4402555910543131,0.0502148059256159
