feature_0,feature_1,feature_2,feature_3,feature_4,feature_5,feature_6,feature_7,feature_8,feature_9,feature_10,feature_11,feature_12,feature_13,feature_14
0.0195779200929724,-0.0193340494092373,0.0286757237396305,-0.0057114484144696,-0.4337349397590361,0.0244474360938016,0.0116316127578985,-0.0009671179883945,0.022955664621998,0.0081360313527969,0.2294288480154889,0.0153320267172543,0.0046814350781116,-0.2125984251968503,0.0124331436038102
-0.0057114484144696,-0.4337349397590361,0.0244474360938016,0.0116316127578985,-0.0009671179883945,0.022955664621998,0.0081360313527969,0.2294288480154889,0.0153320267172543,0.0046814350781116,-0.2125984251968503,0.0124331436038102,0.0093095495601125,0.4019999999999999,0.0190846027833848
0.0116316127578985,-0.0009671179883945,0.022955664621998,0.0081360313527969,0.2294288480154889,0.0153320267172543,0.0046814350781116,-0.2125984251968503,0.0124331436038102,0.0093095495601125,0.4019999999999999,0.0190846027833848,-0.0205307636848196,0.2924393723252496,0.0283058569290188
0.0081360313527969,0.2294288480154889,0.0153320267172543,0.0046814350781116,-0.2125984251968503,0.0124331436038102,0.0093095495601125,0.4019999999999999,0.0190846027833848,-0.0205307636848196,0.2924393723252496,0.0283058569290188,0.0023005035959879,-0.3708609271523179,0.0249351469088392
0.0046814350781116,-0.2125984251968503,0.0124331436038102,0.0093095495601125,0.4019999999999999,0.0190846027833848,-0.0205307636848196,0.2924393723252496,0.0283058569290188,0.0023005035959879,-0.3708609271523179,0.0249351469088392,-0.0112995614830392,-0.1149122807017544,0.0261276197952393
0.0093095495601125,0.4019999999999999,0.0190846027833848,-0.0205307636848196,0.2924393723252496,0.0283058569290188,0.0023005035959879,-0.3708609271523179,0.0249351469088392,-0.0112995614830392,-0.1149122807017544,0.0261276197952393,0.0235641756646656,0.2309217046580773,0.027485343361375
-0.0205307636848196,0.2924393723252496,0.0283058569290188,0.0023005035959879,-0.3708609271523179,0.0249351469088392,-0.0112995614830392,-0.1149122807017544,0.0261276197952393,0.0235641756646656,0.2309217046580773,0.027485343361375,-0.0116470656833875,-0.4082125603864734,0.0205540400279869
