feature_0,feature_1,feature_2,feature_3,feature_4,feature_5,feature_6,feature_7,feature_8,feature_9,feature_10,feature_11,feature_12,feature_13,feature_14
-0.0028376755611461,-0.1317941583614966,0.023965216972126,0.0145247139383055,-0.4525310038528674,0.0143766345973168,0.0042655894057892,-0.0063549012629912,0.0166353274881368,0.0075061413600336,0.1439034016986566,0.0244002003937854,-0.0040427469347079,0.0976089762431151,0.0303207925371087
0.0145247139383055,-0.4525310038528674,0.0143766345973168,0.0042655894057892,-0.0063549012629912,0.0166353274881368,0.0075061413600336,0.1439034016986566,0.0244002003937854,-0.0040427469347079,0.0976089762431151,0.0303207925371087,-0.0234850533313264,0.1007113832970461,0.0229581545659672
0.0042655894057892,-0.0063549012629912,0.0166353274881368,0.0075061413600336,0.1439034016986566,0.0244002003937854,-0.0040427469347079,0.0976089762431151,0.0303207925371087,-0.0234850533313264,0.1007113832970461,0.0229581545659672,-0.0460806775829371,0.8462116163699638,0.0596423753120207
0.0075061413600336,0.1439034016986566,0.0244002003937854,-0.0040427469347079,0.0976089762431151,0.0303207925371087,-0.0234850533313264,0.1007113832970461,0.0229581545659672,-0.0460806775829371,0.8462116163699638,0.0596423753120207,-0.0006225930643647,0.0354849059522512,0.0266869100764937
-0.0040427469347079,0.0976089762431151,0.0303207925371087,-0.0234850533313264,0.1007113832970461,0.0229581545659672,-0.0460806775829371,0.8462116163699638,0.0596423753120207,-0.0006225930643647,0.0354849059522512,0.0266869100764937,0.0013080596333254,-0.4651155713554562,0.0283948304854673
-0.0234850533313264,0.1007113832970461,0.0229581545659672,-0.0460806775829371,0.8462116163699638,0.0596423753120207,-0.0006225930643647,0.0354849059522512,0.0266869100764937,0.0013080596333254,-0.4651155713554562,0.0283948304854673,0.01922240068285,-0.186229582811805,0.021415794895053
-0.0460806775829371,0.8462116163699638,0.0596423753120207,-0.0006225930643647,0.0354849059522512,0.0266869100764937,0.0013080596333254,-0.4651155713554562,0.0283948304854673,0.01922240068285,-0.186229582811805,0.021415794895053,0.0094605448136506,-0.138836629887629,0.0285217908754086
