feature_0,feature_1,feature_2,feature_3,feature_4,feature_5,feature_6,feature_7,feature_8,feature_9,feature_10,feature_11,feature_12,feature_13,feature_14
0.0086343112478137,-0.3285867321610535,0.0114178477764377,-0.0050355413190316,-0.2110752227886523,0.0142213855094875,-0.019087642545771,0.604523257534652,0.0341582719399635,0.0278616444994286,0.1048772614783959,0.0208423432375704,-0.013911620294599,-0.1782415136338341,0.0340280987832641
-0.0050355413190316,-0.2110752227886523,0.0142213855094875,-0.019087642545771,0.604523257534652,0.0341582719399635,0.0278616444994286,0.1048772614783959,0.0208423432375704,-0.013911620294599,-0.1782415136338341,0.0340280987832641,-0.0307613383407077,0.3969662084377328,0.018968133096463
-0.019087642545771,0.604523257534652,0.0341582719399635,0.0278616444994286,0.1048772614783959,0.0208423432375704,-0.013911620294599,-0.1782415136338341,0.0340280987832641,-0.0307613383407077,0.3969662084377328,0.018968133096463,-0.0406663460530587,0.2549081390275824,0.0261329343351658
0.0278616444994286,0.1048772614783959,0.0208423432375704,-0.013911620294599,-0.1782415136338341,0.0340280987832641,-0.0307613383407077,0.3969662084377328,0.018968133096463,-0.0406663460530587,0.2549081390275824,0.0261329343351658,0.002737392229132,-0.1913182037662965,0.0231104888566644
-0.013911620294599,-0.1782415136338341,0.0340280987832641,-0.0307613383407077,0.3969662084377328,0.018968133096463,-0.0406663460530587,0.2549081390275824,0.0261329343351658,0.002737392229132,-0.1913182037662965,0.0231104888566644,-0.0180172758288401,0.0291142717252415,0.0361829268529449
-0.0307613383407077,0.3969662084377328,0.018968133096463,-0.0406663460530587,0.2549081390275824,0.0261329343351658,0.002737392229132,-0.1913182037662965,0.0231104888566644,-0.0180172758288401,0.0291142717252415,0.0361829268529449,0.0243050393616974,-0.275537556424568,0.0169996535244843
-0.0406663460530587,0.2549081390275824,0.0261329343351658,0.002737392229132,-0.1913182037662965,0.0231104888566644,-0.0180172758288401,0.0291142717252415,0.0361829268529449,0.0243050393616974,-0.275537556424568,0.0169996535244843,0.0240383393640752,-0.103456560738083,0.0314009575681052
