index,subsequence_idx,score
114,114,2.38557
129,129,2.34102
143,143,2.79127
144,144,3.28087
145,145,2.33516
279,279,2.59069
287,287,2.39829
342,342,2.35635
343,343,2.38432
356,356,2.78611
358,358,2.37472
393,393,2.6703
394,394,2.55391
425,425,2.40965
427,427,2.43338
429,429,2.43421
494,494,2.3983
