index,subsequence_idx,score
129,129,2.46903
130,130,2.46745
143,143,2.88144
144,144,3.05395
145,145,2.38555
279,279,2.48146
287,287,2.46245
342,342,2.45518
356,356,2.88426
358,358,2.51786
393,393,2.55981
394,394,2.3607
425,425,2.30026
427,427,2.55507
429,429,2.43816
430,430,2.43848
494,494,2.33098
