feature_0,feature_1,feature_2,feature_3,feature_4,feature_5,feature_6,feature_7,feature_8,feature_9,feature_10,feature_11,feature_12,feature_13,feature_14
0.0012846665574159,-0.1271474689492876,0.0164542435770928,0.0025659664609516,0.1468393194498758,0.0194799500693324,0.0149908562899874,0.2015305999932763,0.0144586065848143,-0.0167507004075629,0.2491131438575593,0.0343746719574863,0.0068693397920391,0.6890705748708021,0.0362408669621612
0.0025659664609516,0.1468393194498758,0.0194799500693324,0.0149908562899874,0.2015305999932763,0.0144586065848143,-0.0167507004075629,0.2491131438575593,0.0343746719574863,0.0068693397920391,0.6890705748708021,0.0362408669621612,-0.048166983276325,0.1324257402295758,0.0892857142857142
0.0149908562899874,0.2015305999932763,0.0144586065848143,-0.0167507004075629,0.2491131438575593,0.0343746719574863,0.0068693397920391,0.6890705748708021,0.0362408669621612,-0.048166983276325,0.1324257402295758,0.0892857142857142,-0.009748200625674,-0.4173039249309486,0.0443626490477122
-0.0167507004075629,0.2491131438575593,0.0343746719574863,0.0068693397920391,0.6890705748708021,0.0362408669621612,-0.048166983276325,0.1324257402295758,0.0892857142857142,-0.009748200625674,-0.4173039249309486,0.0443626490477122,0.0124982887633608,-0.0882006301993238,0.0351276710181707
0.0068693397920391,0.6890705748708021,0.0362408669621612,-0.048166983276325,0.1324257402295758,0.0892857142857142,-0.009748200625674,-0.4173039249309486,0.0443626490477122,0.0124982887633608,-0.0882006301993238,0.0351276710181707,0.0166331939748571,-0.2574972762939965,0.0257146725571157
-0.048166983276325,0.1324257402295758,0.0892857142857142,-0.009748200625674,-0.4173039249309486,0.0443626490477122,0.0124982887633608,-0.0882006301993238,0.0351276710181707,0.0166331939748571,-0.2574972762939965,0.0257146725571157,0.0137360016829524,-0.1051608211004407,0.0226918787134675
-0.009748200625674,-0.4173039249309486,0.0443626490477122,0.0124982887633608,-0.0882006301993238,0.0351276710181707,0.0166331939748571,-0.2574972762939965,0.0257146725571157,0.0137360016829524,-0.1051608211004407,0.0226918787134675,0.007129902529277,-0.0988943547164088,0.0181353816912371
0.0124982887633608,-0.0882006301993238,0.0351276710181707,0.0166331939748571,-0.2574972762939965,0.0257146725571157,0.0137360016829524,-0.1051608211004407,0.0226918787134675,0.007129902529277,-0.0988943547164088,0.0181353816912371,0.0171930043848256,0.1611229590749998,0.0131501070957864
