feature_0,feature_1,feature_2,feature_3,feature_4,feature_5,feature_6,feature_7,feature_8,feature_9,feature_10,feature_11,feature_12,feature_13,feature_14
-0.0064736216926675,0.369622591712853,0.0103301973060005,0.0087170583386819,0.3780711051160998,0.0337624922148508,-0.0814419019743953,1.5617003425854716,0.0401781536363124,-0.0205265693757944,-0.4710698689956332,0.0432074223405089,-0.0451149973398415,-0.0031991744066047,0.0502713602350669
0.0087170583386819,0.3780711051160998,0.0337624922148508,-0.0814419019743953,1.5617003425854716,0.0401781536363124,-0.0205265693757944,-0.4710698689956332,0.0432074223405089,-0.0451149973398415,-0.0031991744066047,0.0502713602350669,-0.0305831801087331,-0.056579356040998,0.0368337505411033
-0.0814419019743953,1.5617003425854716,0.0401781536363124,-0.0205265693757944,-0.4710698689956332,0.0432074223405089,-0.0451149973398415,-0.0031991744066047,0.0502713602350669,-0.0305831801087331,-0.056579356040998,0.0368337505411033,-0.0010481431406474,-0.1635665294924554,0.0221406142999344
-0.0205265693757944,-0.4710698689956332,0.0432074223405089,-0.0451149973398415,-0.0031991744066047,0.0502713602350669,-0.0305831801087331,-0.056579356040998,0.0368337505411033,-0.0010481431406474,-0.1635665294924554,0.0221406142999344,0.0039870902033125,-0.1251639989504067,0.0209030099667736
-0.0451149973398415,-0.0031991744066047,0.0502713602350669,-0.0305831801087331,-0.056579356040998,0.0368337505411033,-0.0010481431406474,-0.1635665294924554,0.0221406142999344,0.0039870902033125,-0.1251639989504067,0.0209030099667736,0.0177656399112049,0.1669166166766647,0.0276098541758692
-0.0305831801087331,-0.056579356040998,0.0368337505411033,-0.0010481431406474,-0.1635665294924554,0.0221406142999344,0.0039870902033125,-0.1251639989504067,0.0209030099667736,0.0177656399112049,0.1669166166766647,0.0276098541758692,-0.0052367476604879,0.0129160776249839,0.0170993569703755
-0.0010481431406474,-0.1635665294924554,0.0221406142999344,0.0039870902033125,-0.1251639989504067,0.0209030099667736,0.0177656399112049,0.1669166166766647,0.0276098541758692,-0.0052367476604879,0.0129160776249839,0.0170993569703755,0.0007225594435253,-0.26168876482903,0.0137638607974569
0.0039870902033125,-0.1251639989504067,0.0209030099667736,0.0177656399112049,0.1669166166766647,0.0276098541758692,-0.0052367476604879,0.0129160776249839,0.0170993569703755,0.0007225594435253,-0.26168876482903,0.0137638607974569,-0.0036100273826058,0.6686715930572262,0.0265805583831275
