feature_0,feature_1,feature_2,feature_3,feature_4,feature_5,feature_6,feature_7,feature_8,feature_9,feature_10,feature_11,feature_12,feature_13,feature_14
0.0073479940999694,-0.2309025804251449,0.0249747451713276,0.0072944605698261,0.3944869378856741,0.0196929295933679,-0.0019750333060419,0.2310872042184477,0.0199866879520501,0.0093426450070439,-0.2493112354713732,0.022222216513734,0.0214876227662461,0.080224789976202,0.0214450554266964
0.0072944605698261,0.3944869378856741,0.0196929295933679,-0.0019750333060419,0.2310872042184477,0.0199866879520501,0.0093426450070439,-0.2493112354713732,0.022222216513734,0.0214876227662461,0.080224789976202,0.0214450554266964,-0.0288025638700321,0.2118911745189118,0.0498661887656013
-0.0019750333060419,0.2310872042184477,0.0199866879520501,0.0093426450070439,-0.2493112354713732,0.022222216513734,0.0214876227662461,0.080224789976202,0.0214450554266964,-0.0288025638700321,0.2118911745189118,0.0498661887656013,-0.0026658064514447,-0.3032327302991808,0.018388473415794
0.0093426450070439,-0.2493112354713732,0.022222216513734,0.0214876227662461,0.080224789976202,0.0214450554266964,-0.0288025638700321,0.2118911745189118,0.0498661887656013,-0.0026658064514447,-0.3032327302991808,0.018388473415794,-0.005011633027271,0.1410744035457203,0.0221848688205751
0.0214876227662461,0.080224789976202,0.0214450554266964,-0.0288025638700321,0.2118911745189118,0.0498661887656013,-0.0026658064514447,-0.3032327302991808,0.018388473415794,-0.005011633027271,0.1410744035457203,0.0221848688205751,0.0174613059408024,-0.1576540591168287,0.0283879739187639
-0.0288025638700321,0.2118911745189118,0.0498661887656013,-0.0026658064514447,-0.3032327302991808,0.018388473415794,-0.005011633027271,0.1410744035457203,0.0221848688205751,0.0174613059408024,-0.1576540591168287,0.0283879739187639,-0.0049504995255714,-0.3014585649813591,0.013391349423897
-0.0026658064514447,-0.3032327302991808,0.018388473415794,-0.005011633027271,0.1410744035457203,0.0221848688205751,0.0174613059408024,-0.1576540591168287,0.0283879739187639,-0.0049504995255714,-0.3014585649813591,0.013391349423897,-0.0106135823556705,2.037687265917603,0.023865515444459
-0.005011633027271,0.1410744035457203,0.0221848688205751,0.0174613059408024,-0.1576540591168287,0.0283879739187639,-0.0049504995255714,-0.3014585649813591,0.013391349423897,-0.0106135823556705,2.037687265917603,0.023865515444459,0.0177673903989139,-0.2853355937427757,0.0200467883512172
