feature_0,feature_1,feature_2,feature_3,feature_4,feature_5,feature_6,feature_7,feature_8,feature_9,feature_10,feature_11,feature_12,feature_13,feature_14
-0.0065491473554862,-0.1861282044893993,0.014533353190413,0.020583377332217,0.3546436880127341,0.0132888170691502,-0.0111065333950002,0.0249584778605083,0.0174918947323634,-0.0227442599602493,0.2036024516072136,0.0360984435118725,-0.0424120666946448,0.6523821735387321,0.0395144436152906
0.020583377332217,0.3546436880127341,0.0132888170691502,-0.0111065333950002,0.0249584778605083,0.0174918947323634,-0.0227442599602493,0.2036024516072136,0.0360984435118725,-0.0424120666946448,0.6523821735387321,0.0395144436152906,-0.0212916220882102,-0.2280660913328567,0.0276060997430863
-0.0111065333950002,0.0249584778605083,0.0174918947323634,-0.0227442599602493,0.2036024516072136,0.0360984435118725,-0.0424120666946448,0.6523821735387321,0.0395144436152906,-0.0212916220882102,-0.2280660913328567,0.0276060997430863,0.0279117781129711,-0.2384720327421555,0.044329928368637
-0.0227442599602493,0.2036024516072136,0.0360984435118725,-0.0424120666946448,0.6523821735387321,0.0395144436152906,-0.0212916220882102,-0.2280660913328567,0.0276060997430863,0.0279117781129711,-0.2384720327421555,0.044329928368637,0.0002994655191494,-0.1321352467517773,0.027722293388409
-0.0424120666946448,0.6523821735387321,0.0395144436152906,-0.0212916220882102,-0.2280660913328567,0.0276060997430863,0.0279117781129711,-0.2384720327421555,0.044329928368637,0.0002994655191494,-0.1321352467517773,0.027722293388409,0.0182635548931684,-0.156794576506888,0.0154616704484076
-0.0212916220882102,-0.2280660913328567,0.0276060997430863,0.0279117781129711,-0.2384720327421555,0.044329928368637,0.0002994655191494,-0.1321352467517773,0.027722293388409,0.0182635548931684,-0.156794576506888,0.0154616704484076,0.0085268665346223,-0.2861670875637788,0.0175949109492831
0.0279117781129711,-0.2384720327421555,0.044329928368637,0.0002994655191494,-0.1321352467517773,0.027722293388409,0.0182635548931684,-0.156794576506888,0.0154616704484076,0.0085268665346223,-0.2861670875637788,0.0175949109492831,0.0018951096529051,0.2519403631637846,0.017087281081035
0.0002994655191494,-0.1321352467517773,0.027722293388409,0.0182635548931684,-0.156794576506888,0.0154616704484076,0.0085268665346223,-0.2861670875637788,0.0175949109492831,0.0018951096529051,0.2519403631637846,0.017087281081035,0.0084872762393839,-0.0790369088811995,0.0130964095488821
