feature_0,feature_1,feature_2,feature_3,feature_4,feature_5,feature_6,feature_7,feature_8,feature_9,feature_10,feature_11,feature_12,feature_13,feature_14
-0.013001922060825,-0.1542165603098305,0.04474389569624,-0.070436348367472,0.9618342943702674,0.0921591268175147,0.1281209562539556,-0.0280570371829536,0.0672799356895968,-0.0667405969572064,0.1062781952185896,0.1249883569765285,-0.0177640778355049,-0.0791552705896871,0.0725066417576764
-0.070436348367472,0.9618342943702674,0.0921591268175147,0.1281209562539556,-0.0280570371829536,0.0672799356895968,-0.0667405969572064,0.1062781952185896,0.1249883569765285,-0.0177640778355049,-0.0791552705896871,0.0725066417576764,-0.0635778367329633,0.1469104978450399,0.1402580315169952
0.1281209562539556,-0.0280570371829536,0.0672799356895968,-0.0667405969572064,0.1062781952185896,0.1249883569765285,-0.0177640778355049,-0.0791552705896871,0.0725066417576764,-0.0635778367329633,0.1469104978450399,0.1402580315169952,0.0378297763007013,-0.2601651031107599,0.0712083124356469
-0.0667405969572064,0.1062781952185896,0.1249883569765285,-0.0177640778355049,-0.0791552705896871,0.0725066417576764,-0.0635778367329633,0.1469104978450399,0.1402580315169952,0.0378297763007013,-0.2601651031107599,0.0712083124356469,-0.0512229474963159,0.0059369881722326,0.1024419937202252
-0.0177640778355049,-0.0791552705896871,0.0725066417576764,-0.0635778367329633,0.1469104978450399,0.1402580315169952,0.0378297763007013,-0.2601651031107599,0.0712083124356469,-0.0512229474963159,0.0059369881722326,0.1024419937202252,0.0612677683086162,-0.0474683575069438,0.0818294055745433
-0.0635778367329633,0.1469104978450399,0.1402580315169952,0.0378297763007013,-0.2601651031107599,0.0712083124356469,-0.0512229474963159,0.0059369881722326,0.1024419937202252,0.0612677683086162,-0.0474683575069438,0.0818294055745433,-0.0020958561385853,-0.2578801255390268,0.0306487301517164
0.0378297763007013,-0.2601651031107599,0.0712083124356469,-0.0512229474963159,0.0059369881722326,0.1024419937202252,0.0612677683086162,-0.0474683575069438,0.0818294055745433,-0.0020958561385853,-0.2578801255390268,0.0306487301517164,0.0407637569301628,0.1193618439013053,0.04526630398922
-0.0512229474963159,0.0059369881722326,0.1024419937202252,0.0612677683086162,-0.0474683575069438,0.0818294055745433,-0.0020958561385853,-0.2578801255390268,0.0306487301517164,0.0407637569301628,0.1193618439013053,0.04526630398922,0.0653090669720295,-0.0396645901414762,0.0416741481409861
