feature_0,feature_1,feature_2,feature_3,feature_4,feature_5,feature_6,feature_7,feature_8,feature_9,feature_10,feature_11,feature_12,feature_13,feature_14
-0.0288385767146188,0.6537098298676749,0.028741531152896,-0.0116586567256999,-0.1902550546545688,0.015831771962795,0.0076449622523626,-0.0184400917593082,0.0210330427185561,0.0008564374877664,-0.2964494382022472,0.016087983706925,0.0063986064455174,0.8009454452536093,0.0240798971650702
-0.0116586567256999,-0.1902550546545688,0.015831771962795,0.0076449622523626,-0.0184400917593082,0.0210330427185561,0.0008564374877664,-0.2964494382022472,0.016087983706925,0.0063986064455174,0.8009454452536093,0.0240798971650702,-0.0426014672133666,0.2709988649262203,0.041219132967611
0.0076449622523626,-0.0184400917593082,0.0210330427185561,0.0008564374877664,-0.2964494382022472,0.016087983706925,0.0063986064455174,0.8009454452536093,0.0240798971650702,-0.0426014672133666,0.2709988649262203,0.041219132967611,0.008882490122164,-0.4247599910694352,0.0191967047917502
0.0008564374877664,-0.2964494382022472,0.016087983706925,0.0063986064455174,0.8009454452536093,0.0240798971650702,-0.0426014672133666,0.2709988649262203,0.041219132967611,0.008882490122164,-0.4247599910694352,0.0191967047917502,-0.0029766862908043,-0.2646031437997282,0.016752938522696
0.0063986064455174,0.8009454452536093,0.0240798971650702,-0.0426014672133666,0.2709988649262203,0.041219132967611,0.008882490122164,-0.4247599910694352,0.0191967047917502,-0.0029766862908043,-0.2646031437997282,0.016752938522696,0.00866237432856,0.3427892861855126,0.0215873274222884
-0.0426014672133666,0.2709988649262203,0.041219132967611,0.008882490122164,-0.4247599910694352,0.0191967047917502,-0.0029766862908043,-0.2646031437997282,0.016752938522696,0.00866237432856,0.3427892861855126,0.0215873274222884,0.0064201907633067,-0.1248894566178637,0.0161127550703697
0.008882490122164,-0.4247599910694352,0.0191967047917502,-0.0029766862908043,-0.2646031437997282,0.016752938522696,0.00866237432856,0.3427892861855126,0.0215873274222884,0.0064201907633067,-0.1248894566178637,0.0161127550703697,-0.0108114908430949,-0.1759487985627666,0.0134312568656544
-0.0029766862908043,-0.2646031437997282,0.016752938522696,0.00866237432856,0.3427892861855126,0.0215873274222884,0.0064201907633067,-0.1248894566178637,0.0161127550703697,-0.0108114908430949,-0.1759487985627666,0.0134312568656544,0.0054438908203717,0.3316528137348413,0.013643851756049
