{
  "aida": 0.166,
  "iforest": 0.10114407539367676,
  "lof": 0.015019893646240234
}