{
  "aida": 0.139,
  "iforest": 0.07294511795043945,
  "lof": 0.052326202392578125
}