{
  "aida": 0.185,
  "iforest": 0.1003110408782959,
  "lof": 0.035395145416259766
}