{
  "aida": 0.135,
  "iforest": 0.06990528106689453,
  "lof": 0.02089977264404297
}