{
  "aida": 0.31,
  "iforest": 0.09924507141113281,
  "lof": 0.03429913520812988
}