{
  "aida": 0.122,
  "iforest": 0.06519699096679688,
  "lof": 0.020483970642089844
}