{
  "anomalies": [
    {
      "anomaly_index": 9,
      "feature_importances": {
        "Close_0": 0.015045316312369423,
        "Close_1": 0.01866260514937599,
        "Close_2": 0.008211546265725435,
        "High_0": 0.013081358938260594,
        "High_1": 0.023086519336462975,
        "High_2": 0.023011367906331254,
        "Low_0": 0.021823975310250154,
        "Low_1": 0.026308010641442506,
        "Low_2": 0.029464370706974552,
        "Open_0": 0.01157332024028417,
        "Open_1": 0.0193289478298772,
        "Open_2": 0.009965079635465461,
        "Volume_0": 0.017815899036558662,
        "Volume_1": 0.018978241155929196,
        "Volume_2": 0.012880955124576019,
        "daily_return_0": 0.018026323040927467,
        "daily_return_1": 0.01336693437276111,
        "daily_return_2": 0.0238981547818855,
        "daily_return_zscore_0": 0.027675766669839723,
        "daily_return_zscore_1": 0.02694429274989103,
        "daily_return_zscore_2": 0.011753683672600289,
        "excess_return_0": 0.035426384164090635,
        "excess_return_1": 0.018276827808033188,
        "excess_return_2": 0.029950349955159647,
        "high_low_range_0": 0.03156861075066258,
        "high_low_range_1": 0.02188910654969764,
        "high_low_range_2": 0.03248044810292739,
        "log_return_0": 0.012805803694444303,
        "log_return_1": 0.01319158103578711,
        "log_return_2": 0.028898229933315627,
        "log_return_zscore_0": 0.020761835097721913,
        "log_return_zscore_1": 0.024759891180729167,
        "log_return_zscore_2": 0.01322665170318191,
        "log_volume_0": 0.02796134210434024,
        "log_volume_1": 0.009408959052490768,
        "log_volume_2": 0.015406043177001658,
        "relative_volume_0": 0.017790848559848093,
        "relative_volume_1": 0.02003036117777321,
        "relative_volume_2": 0.024589547939097282,
        "relative_volume_zscore_0": 0.01209938025120618,
        "relative_volume_zscore_1": 0.024940254613045283,
        "relative_volume_zscore_2": 0.033753012319824444,
        "volume_change_0": 0.028271968015551336,
        "volume_change_1": 0.026518434645811308,
        "volume_change_2": 0.02076183509772191,
        "volume_change_zscore_0": 0.014028266957920208,
        "volume_change_zscore_1": 0.026132657304468506,
        "volume_change_zscore_2": 0.024168699930359673
      }
    },
    {
      "anomaly_index": 70,
      "feature_importances": {
        "Close_0": 0.017241543865007255,
        "Close_1": 0.016621172787661297,
        "Close_2": 0.008327288692066887,
        "High_0": 0.01169638085057647,
        "High_1": 0.02244788882950294,
        "High_2": 0.0243614949988547,
        "Low_0": 0.0236838588989845,
        "Low_1": 0.025091624036038786,
        "Low_2": 0.0265280216843552,
        "Open_0": 0.017418111017790335,
        "Open_1": 0.023960639841185006,
        "Open_2": 0.014779147896464838,
        "Volume_0": 0.02024795754752997,
        "Volume_1": 0.015299305184393371,
        "Volume_2": 0.018520462701381996,
        "daily_return_0": 0.02452851798121707,
        "daily_return_1": 0.015141826372451705,
        "daily_return_2": 0.018253225929602195,
        "daily_return_zscore_0": 0.029372184469725896,
        "daily_return_zscore_1": 0.01690272581507216,
        "daily_return_zscore_2": 0.009587119187600213,
        "excess_return_0": 0.039049973276322814,
        "excess_return_1": 0.018816331984423916,
        "excess_return_2": 0.026890700160342066,
        "high_low_range_0": 0.027763991753836755,
        "high_low_range_1": 0.012502863251126211,
        "high_low_range_2": 0.02401790486370925,
        "log_return_0": 0.014044246774070398,
        "log_return_1": 0.011123730625334045,
        "log_return_2": 0.032512216538138496,
        "log_return_zscore_0": 0.01961804229976331,
        "log_return_zscore_1": 0.02155073680995648,
        "log_return_zscore_2": 0.009057417729250974,
        "log_volume_0": 0.02966805375276781,
        "log_volume_1": 0.013199587691837825,
        "log_volume_2": 0.011190539818278996,
        "relative_volume_0": 0.016411201038405737,
        "relative_volume_1": 0.025258647018401158,
        "relative_volume_2": 0.02525864701840116,
        "relative_volume_zscore_0": 0.01627281056730549,
        "relative_volume_zscore_1": 0.024156295334809497,
        "relative_volume_zscore_2": 0.0281600748262961,
        "volume_change_0": 0.02606990150416126,
        "volume_change_1": 0.027763991753836755,
        "volume_change_2": 0.02425650912422692,
        "volume_change_zscore_0": 0.02054859891578224,
        "volume_change_zscore_1": 0.025797892647171108,
        "volume_change_zscore_2": 0.02902859433458044
      }
    },
    {
      "anomaly_index": 98,
      "feature_importances": {
        "Close_0": 0.023125420763738393,
        "Close_1": 0.01668312866402292,
        "Close_2": 0.00795581305067838,
        "High_0": 0.012801045705384302,
        "High_1": 0.02528759355082826,
        "High_2": 0.01672244089651546,
        "Low_0": 0.021675782190575876,
        "Low_1": 0.023675792018633998,
        "Low_2": 0.024466950697546425,
        "Open_0": 0.016044304886019094,
        "Open_1": 0.021292487923773577,
        "Open_2": 0.012933724490046634,
        "Volume_0": 0.02432935788382252,
        "Volume_1": 0.011356321161283347,
        "Volume_2": 0.011602022614361742,
        "daily_return_0": 0.027081214158300535,
        "daily_return_1": 0.012520946048874932,
        "daily_return_2": 0.0209534199185254,
        "daily_return_zscore_0": 0.029965749217440874,
        "daily_return_zscore_1": 0.027046815954869553,
        "daily_return_zscore_2": 0.013631516616789272,
        "excess_return_0": 0.03323849257244508,
        "excess_return_1": 0.016132757409127316,
        "excess_return_2": 0.029552970776269175,
        "high_low_range_0": 0.034422773576282935,
        "high_low_range_1": 0.017100821134256188,
        "high_low_range_2": 0.029312183352252344,
        "log_return_0": 0.012864928083184683,
        "log_return_1": 0.010049189430906295,
        "log_return_2": 0.03550877399888943,
        "log_return_zscore_0": 0.021194207342542227,
        "log_return_zscore_1": 0.020471845070491747,
        "log_return_zscore_2": 0.009498818176010691,
        "log_volume_0": 0.025041892097749863,
        "log_volume_1": 0.012727335269460781,
        "log_volume_2": 0.014938648347166322,
        "relative_volume_0": 0.012009887026471874,
        "relative_volume_1": 0.02115489511004968,
        "relative_volume_2": 0.02752347677384164,
        "relative_volume_zscore_0": 0.011007425097912027,
        "relative_volume_zscore_1": 0.033282718833999185,
        "relative_volume_zscore_2": 0.02786745880815139,
        "volume_change_0": 0.02501240792338046,
        "volume_change_1": 0.03092889891350817,
        "volume_change_2": 0.02370527619300341,
        "volume_change_zscore_0": 0.015444793340507816,
        "volume_change_zscore_1": 0.026319539653757513,
        "volume_change_zscore_2": 0.022535737276350252
      }
    },
    {
      "anomaly_index": 105,
      "feature_importances": {
        "Close_0": 0.0237710082244964,
        "Close_1": 0.01859451359681237,
        "Close_2": 0.007509322798712688,
        "High_0": 0.01128385013139896,
        "High_1": 0.0357246241081615,
        "High_2": 0.020149732377498144,
        "Low_0": 0.021653867329621244,
        "Low_1": 0.02503107599570896,
        "Low_2": 0.02336233759599503,
        "Open_0": 0.014189952378519818,
        "Open_1": 0.024991344129049103,
        "Open_2": 0.011488185445649645,
        "Volume_0": 0.009297256798406185,
        "Volume_1": 0.009535647998365319,
        "Volume_2": 0.011442777598038382,
        "daily_return_0": 0.02416832689109496,
        "daily_return_1": 0.016732791844750572,
        "daily_return_2": 0.02177306292960081,
        "daily_return_zscore_0": 0.03114978346132671,
        "daily_return_zscore_1": 0.02360072879595416,