feature_0,feature_1,feature_2,feature_3,feature_4,feature_5,feature_6,feature_7,feature_8
0.0066226193882614,-0.1006570426520908,0.0166911400416824,-0.0170606560349754,0.5329168440675724,0.0303740838355297,-0.0118547356562127,-0.0675255781219915,0.0190826957451938
-0.0170606560349754,0.5329168440675724,0.0303740838355297,-0.0118547356562127,-0.0675255781219915,0.0190826957451938,0.0087823688776682,-0.2773547222607897,0.0145178260506855
-0.0118547356562127,-0.0675255781219915,0.0190826957451938,0.0087823688776682,-0.2773547222607897,0.0145178260506855,-0.0041539347060658,0.7933108687298631,0.0154182059766134
0.0087823688776682,-0.2773547222607897,0.0145178260506855,-0.0041539347060658,0.7933108687298631,0.0154182059766134,0.0169134857947956,-0.3841166758695336,0.0182210747983821
-0.0041539347060658,0.7933108687298631,0.0154182059766134,0.0169134857947956,-0.3841166758695336,0.0182210747983821,0.0061808097365998,-0.2294268603102103,0.014113927234711
0.0169134857947956,-0.3841166758695336,0.0182210747983821,0.0061808097365998,-0.2294268603102103,0.014113927234711,-0.019992197522005,0.1275264389728114,0.0245154116384721
0.0061808097365998,-0.2294268603102103,0.014113927234711,-0.019992197522005,0.1275264389728114,0.0245154116384721,-0.0088894568412504,0.0789185470650042,0.0140342944486394
-0.019992197522005,0.1275264389728114,0.0245154116384721,-0.0088894568412504,0.0789185470650042,0.0140342944486394,0.0049445285946831,-0.100280897539807,0.0174087832586582
