feature_0,feature_1,feature_2,feature_3,feature_4,feature_5,feature_6,feature_7,feature_8
0.0006687017063444,-0.2165529363110008,0.0148098162442969,-0.0070644187472029,-0.125635103926097,0.0135667856112247,0.0074992670250619,1.63791411968908,0.010204131844578
-0.0070644187472029,-0.125635103926097,0.0135667856112247,0.0074992670250619,1.63791411968908,0.010204131844578,0.0069662727470298,-0.4444285509941353,0.0103947771461584
0.0074992670250619,1.63791411968908,0.010204131844578,0.0069662727470298,-0.4444285509941353,0.0103947771461584,-0.0096663824442362,0.4235324407826981,0.0164845819539149
0.0069662727470298,-0.4444285509941353,0.0103947771461584,-0.0096663824442362,0.4235324407826981,0.0164845819539149,0.0104305869654606,-0.2655453065653825,0.0194548454920883
-0.0096663824442362,0.4235324407826981,0.0164845819539149,0.0104305869654606,-0.2655453065653825,0.0194548454920883,0.0097547726528504,0.1092888100866824,0.0147506223387332
0.0104305869654606,-0.2655453065653825,0.0194548454920883,0.0097547726528504,0.1092888100866824,0.0147506223387332,0.0175388770307212,0.5155618700883542,0.0205896547407957
0.0097547726528504,0.1092888100866824,0.0147506223387332,0.0175388770307212,0.5155618700883542,0.0205896547407957,-0.0051617436595116,0.1293393877252087,0.0201499680166046
0.0175388770307212,0.5155618700883542,0.0205896547407957,-0.0051617436595116,0.1293393877252087,0.0201499680166046,-0.0035207750610908,-0.4004150453955901,0.011761431611446
