feature_0,feature_1,feature_2,feature_3,feature_4,feature_5,feature_6,feature_7,feature_8
0.0015726440116268,0.0227827502034174,0.0108554294135885,-0.0139466675705166,-0.0665075576770087,0.015005215649711,-0.0112401492640685,-0.2064087267768877,0.0213109870684268
-0.0139466675705166,-0.0665075576770087,0.015005215649711,-0.0112401492640685,-0.2064087267768877,0.0213109870684268,0.0071049078044738,-0.2633161512027491,0.014507858833484
-0.0112401492640685,-0.2064087267768877,0.0213109870684268,0.0071049078044738,-0.2633161512027491,0.014507858833484,-0.0017002577120641,3.148979591836735,0.0167032552836855
0.0071049078044738,-0.2633161512027491,0.014507858833484,-0.0017002577120641,3.148979591836735,0.0167032552836855,-0.0047313089569763,-0.6166818916450003,0.0149097317111638
-0.0017002577120641,3.148979591836735,0.0167032552836855,-0.0047313089569763,-0.6166818916450003,0.0149097317111638,0.0062749281626135,0.2562786434463795,0.0158243174355049
-0.0047313089569763,-0.6166818916450003,0.0149097317111638,0.0062749281626135,0.2562786434463795,0.0158243174355049,-0.0150226132925331,-0.0541368743615934,0.0306230440383865
0.0062749281626135,0.2562786434463795,0.0158243174355049,-0.0150226132925331,-0.0541368743615934,0.0306230440383865,-0.003836966797499,0.1357605677260105,0.0184753169344372
-0.0150226132925331,-0.0541368743615934,0.0306230440383865,-0.003836966797499,0.1357605677260105,0.0184753169344372,-0.000288836016309,-0.3029068187992393,0.0144156139219323
