feature_0,feature_1,feature_2,feature_3,feature_4,feature_5,feature_6,feature_7,feature_8
-0.0021895732232655,0.107021009157838,0.009956867601398,-0.0004388616672094,0.3007299270072991,0.0101724357845252,0.0121180951701513,-0.1093652575134056,0.0186645391005457
-0.0004388616672094,0.3007299270072991,0.0101724357845252,0.0121180951701513,-0.1093652575134056,0.0186645391005457,0.00954354612909,-0.0501260151218145,0.0069972144406194
0.0121180951701513,-0.1093652575134056,0.0186645391005457,0.00954354612909,-0.0501260151218145,0.0069972144406194,-0.0116019478311907,2.655807783018868,0.0158730127044785
0.00954354612909,-0.0501260151218145,0.0069972144406194,-0.0116019478311907,2.655807783018868,0.0158730127044785,-0.0044343260990167,-0.7217047699689529,0.0094381003947777
-0.0116019478311907,2.655807783018868,0.0158730127044785,-0.0044343260990167,-0.7217047699689529,0.0094381003947777,-0.0035807923683675,-0.1490872210953346,0.0094836833254513
-0.0044343260990167,-0.7217047699689529,0.0094381003947777,-0.0035807923683675,-0.1490872210953346,0.0094836833254513,0.0006135585806581,-0.2370168568023156,0.0115901282105389
-0.0035807923683675,-0.1490872210953346,0.0094836833254513,0.0006135585806581,-0.2370168568023156,0.0115901282105389,-0.0220742868723238,0.3731309975451908,0.0233891988171466
0.0006135585806581,-0.2370168568023156,0.0115901282105389,-0.0220742868723238,0.3731309975451908,0.0233891988171466,-0.007076275558863,0.1888509670079636,0.0106758374939637
