feature_0,feature_1,feature_2,feature_3,feature_4,feature_5,feature_6,feature_7,feature_8
-0.0176880289826866,0.0459770114942528,0.0198461044872131,-0.0178315572372074,-0.0659340659340659,0.0237084662475992,0.0015670104686347,0.0389705882352942,0.0103850180762651
-0.0178315572372074,-0.0659340659340659,0.0237084662475992,0.0015670104686347,0.0389705882352942,0.0103850180762651,0.017802981342974,-0.102618542108988,0.015749450647528
0.0015670104686347,0.0389705882352942,0.0103850180762651,0.017802981342974,-0.102618542108988,0.015749450647528,-0.0180195505826261,1.1033123028391167,0.022252394195379
0.017802981342974,-0.102618542108988,0.015749450647528,-0.0180195505826261,1.1033123028391167,0.022252394195379,-0.0029963608793224,-0.362954630671166,0.0187292503450009
-0.0180195505826261,1.1033123028391167,0.022252394195379,-0.0029963608793224,-0.362954630671166,0.0187292503450009,-0.0186273258989235,0.6751030017657444,0.0449158760790806
-0.0029963608793224,-0.362954630671166,0.0187292503450009,-0.0186273258989235,0.6751030017657444,0.0449158760790806,0.0437312070160735,-0.4342937456078707,0.0432831491895727
-0.0186273258989235,0.6751030017657444,0.0449158760790806,0.0437312070160735,-0.4342937456078707,0.0432831491895727,-0.0203611170990573,0.0043478260869564,0.0184295945190016
0.0437312070160735,-0.4342937456078707,0.0432831491895727,-0.0203611170990573,0.0043478260869564,0.0184295945190016,0.0156119148450128,-0.3024118738404453,0.0186324328712939
