feature_0,feature_1,feature_2,feature_3,feature_4,feature_5,feature_6,feature_7,feature_8
-0.0071544746567072,-0.1679440409652264,0.0154754288757432,-0.0058865251644798,0.0227263585535577,0.0241792576197338,-0.0052066917333262,0.3465743726893731,0.0184017235348237
-0.0058865251644798,0.0227263585535577,0.0241792576197338,-0.0052066917333262,0.3465743726893731,0.0184017235348237,0.0287353901305271,-0.1717097961329516,0.0320693574341327
-0.0052066917333262,0.3465743726893731,0.0184017235348237,0.0287353901305271,-0.1717097961329516,0.0320693574341327,-0.0022305989280776,0.6130328996085899,0.0173788279855426
0.0287353901305271,-0.1717097961329516,0.0320693574341327,-0.0022305989280776,0.6130328996085899,0.0173788279855426,-0.0089421729366634,-0.2803427771948233,0.0197989355633164
-0.0022305989280776,0.6130328996085899,0.0173788279855426,-0.0089421729366634,-0.2803427771948233,0.0197989355633164,-0.0057417869102621,-0.0842041312272174,0.0139263803875562
-0.0089421729366634,-0.2803427771948233,0.0197989355633164,-0.0057417869102621,-0.0842041312272174,0.0139263803875562,-0.0023719416909641,0.2194838795276634,0.015019649207492
-0.0057417869102621,-0.0842041312272174,0.0139263803875562,-0.0023719416909641,0.2194838795276634,0.015019649207492,-0.0396939371981884,0.2441996464028288,0.0404910845521933
-0.0023719416909641,0.2194838795276634,0.015019649207492,-0.0396939371981884,0.2441996464028288,0.0404910845521933,-0.0099031614446206,-0.2277506940952713,0.02051950662584
