feature_0,feature_1,feature_2,feature_3,feature_4,feature_5,feature_6,feature_7,feature_8
0.0180090689136085,0.1318965926911561,0.0177256042707085,-0.0051595701133217,-0.3012574259504167,0.0121301611144146,0.0041984000178969,0.0577720362915339,0.0100509396301765
-0.0051595701133217,-0.3012574259504167,0.0121301611144146,0.0041984000178969,0.0577720362915339,0.0100509396301765,0.0078700931883957,0.6825811582265897,0.0083231374611502
0.0041984000178969,0.0577720362915339,0.0100509396301765,0.0078700931883957,0.6825811582265897,0.0083231374611502,-0.0023180307386012,0.5306539279565174,0.0100527117554501
0.0078700931883957,0.6825811582265897,0.0083231374611502,-0.0023180307386012,0.5306539279565174,0.0100527117554501,0.012596159533287,-0.3571168627796954,0.018633525367481
-0.0023180307386012,0.5306539279565174,0.0100527117554501,0.012596159533287,-0.3571168627796954,0.018633525367481,-0.0020530585581256,-0.2014031837518869,0.0147957826184141
0.012596159533287,-0.3571168627796954,0.018633525367481,-0.0020530585581256,-0.2014031837518869,0.0147957826184141,-0.0139175601311437,0.2555257222639888,0.0223917288651313
-0.0020530585581256,-0.2014031837518869,0.0147957826184141,-0.0139175601311437,0.2555257222639888,0.0223917288651313,-0.0040845950190194,-0.0383740226856683,0.0122209215326452
-0.0139175601311437,0.2555257222639888,0.0223917288651313,-0.0040845950190194,-0.0383740226856683,0.0122209215326452,-0.0023615811461008,-0.098366780529462,0.0071072283854584
