feature_0,feature_1,feature_2,feature_3,feature_4,feature_5,feature_6,feature_7,feature_8
-0.0086456690170214,0.0018961293172876,0.0417719334115292,-0.0068174820097393,-0.2631201394192832,0.0256451045587393,0.0137063585868175,0.1405816936573745,0.0320652991026893
-0.0068174820097393,-0.2631201394192832,0.0256451045587393,0.0137063585868175,0.1405816936573745,0.0320652991026893,0.0021105718471663,-0.0709367272909842,0.0189669846243131
0.0137063585868175,0.1405816936573745,0.0320652991026893,0.0021105718471663,-0.0709367272909842,0.0189669846243131,-0.0368794895125288,0.3694544943622888,0.0408829533671357
0.0021105718471663,-0.0709367272909842,0.0189669846243131,-0.0368794895125288,0.3694544943622888,0.0408829533671357,0.0015033743987329,-0.0129431704059144,0.0533809661865234
-0.0368794895125288,0.3694544943622888,0.0408829533671357,0.0015033743987329,-0.0129431704059144,0.0533809661865234,-0.0101441977457974,-0.2542761823091884,0.0224175788691918
0.0015033743987329,-0.0129431704059144,0.0533809661865234,-0.0101441977457974,-0.2542761823091884,0.0224175788691918,-0.0294346658720373,-0.0159650890999936,0.039788748364052
-0.0101441977457974,-0.2542761823091884,0.0224175788691918,-0.0294346658720373,-0.0159650890999936,0.039788748364052,-0.0289307382803326,0.2278021726576375,0.027330379316633
-0.0294346658720373,-0.0159650890999936,0.039788748364052,-0.0289307382803326,0.2278021726576375,0.027330379316633,0.0144574797685537,0.063229917290831,0.021440244164316
