feature_0,feature_1,feature_2,feature_3,feature_4,feature_5,feature_6,feature_7,feature_8
0.0030873750663458,1.0910386484828467,0.0216484679427182,-0.1349536909822882,2.096539926700247,0.0559179853620863,0.0203447274962436,-0.6039541903952588,0.0438078154053135
-0.1349536909822882,2.096539926700247,0.0559179853620863,0.0203447274962436,-0.6039541903952588,0.0438078154053135,0.016273270687837,-0.2694527253321556,0.0284948863632492
0.0203447274962436,-0.6039541903952588,0.0438078154053135,0.016273270687837,-0.2694527253321556,0.0284948863632492,0.0021995531188649,0.1692620039597576,0.0239999728732641
0.016273270687837,-0.2694527253321556,0.0284948863632492,0.0021995531188649,0.1692620039597576,0.0239999728732641,-0.0149240663242548,-0.4939959930200995,0.025900693154892
0.0021995531188649,0.1692620039597576,0.0239999728732641,-0.0149240663242548,-0.4939959930200995,0.025900693154892,0.0049906388169183,-0.1880092982859478,0.0181720418577912
-0.0149240663242548,-0.4939959930200995,0.025900693154892,0.0049906388169183,-0.1880092982859478,0.0181720418577912,0.0008867649433272,-0.0795922861547173,0.01991817430202
0.0049906388169183,-0.1880092982859478,0.0181720418577912,0.0008867649433272,-0.0795922861547173,0.01991817430202,-0.0304775078778855,0.4407720089779083,0.0289947691928501
0.0008867649433272,-0.0795922861547173,0.01991817430202,-0.0304775078778855,0.4407720089779083,0.0289947691928501,-0.003655322264943,-0.1182843315567223,0.0192608634848858
