{
  "anomalies": [
    {
      "anomaly_index": 23,
      "feature_importances": {
        "Close_0": 5.2828614234587436e-12,
        "Close_1": 5.134352111683076e-12,
        "Close_2": 5.319201385557194e-12,
        "High_0": 5.6491682414111244e-12,
        "High_1": 5.604106688409046e-12,
        "High_2": 5.429432603922494e-12,
        "Low_0": 5.3482733552359544e-12,
        "Low_1": 4.807776985625001e-12,
        "Low_2": 5.05077019885664e-12,
        "Open_0": 5.651590905551021e-12,
        "Open_1": 5.21962988940744e-12,
        "Open_2": 5.117635729117789e-12,
        "Volume_0": 0.10860172427830306,
        "Volume_1": 0.6915629130722335,
        "Volume_2": 0.19983536258573215,
        "daily_return_0": 7.2679924196901e-16,
        "daily_return_1": 2.4226641398967e-16,
        "daily_return_2": 0.0,
        "daily_return_zscore_0": 5.3298611077727396e-15,
        "daily_return_zscore_1": 2.277304291502898e-14,
        "daily_return_zscore_2": 5.0875946937830695e-15,
        "excess_return_0": 0.0,
        "excess_return_1": 0.0,
        "excess_return_2": 0.0,
        "high_low_range_0": 0.0,
        "high_low_range_1": 0.0,
        "high_low_range_2": 0.0,
        "log_return_0": 7.2679924196901e-16,
        "log_return_1": 2.4226641398967e-16,
        "log_return_2": 0.0,
        "log_return_zscore_0": 5.3298611077727396e-15,
        "log_return_zscore_1": 2.253077650103931e-14,
        "log_return_zscore_2": 5.3298611077727396e-15,
        "log_volume_0": 0.0,
        "log_volume_1": 4.8453282797934e-16,
        "log_volume_2": 4.8453282797934e-16,
        "relative_volume_0": 7.2679924196901e-16,
        "relative_volume_1": 0.0,
        "relative_volume_2": 0.0,
        "relative_volume_zscore_0": 5.57212752176241e-15,
        "relative_volume_zscore_1": 1.259785352746284e-14,
        "relative_volume_zscore_2": 6.29892676373142e-15,
        "volume_change_0": 1.45359848393802e-15,
        "volume_change_1": 9.6906565595868e-16,
        "volume_change_2": 4.8453282797934e-16,
        "volume_change_zscore_0": 8.96385731761779e-15,
        "volume_change_zscore_1": 6.783459591710759e-15,
        "volume_change_zscore_2": 3.3917297958553797e-15
      }
    },
    {
      "anomaly_index": 35,
      "feature_importances": {
        "Close_0": 7.960125758063727e-12,
        "Close_1": 7.597837698574631e-12,
        "Close_2": 7.425129297666226e-12,
        "High_0": 8.385459043591367e-12,
        "High_1": 8.068900972003468e-12,
        "High_2": 7.537012374861388e-12,
        "Low_0": 7.812280263198692e-12,
        "Low_1": 7.399378430692737e-12,
        "Low_2": 7.180052080953014e-12,
        "Open_0": 8.219410349658865e-12,
        "Open_1": 7.655555159032453e-12,
        "Open_2": 7.307030493960223e-12,
        "Volume_0": 0.24288950199158907,
        "Volume_1": 0.016546680814127978,
        "Volume_2": 0.7405638171016162,
        "daily_return_0": 4.439804650601666e-16,
        "daily_return_1": 0.0,
        "daily_return_2": 0.0,
        "daily_return_zscore_0": 8.435628836143166e-15,
        "daily_return_zscore_1": 9.3235897662635e-15,
        "daily_return_zscore_2": 1.0655531161444e-14,
        "excess_return_0": 0.0,
        "excess_return_1": 0.0,
        "excess_return_2": 0.0,
        "high_low_range_0": 0.0,
        "high_low_range_1": 0.0,
        "high_low_range_2": 0.0,
        "log_return_0": 4.439804650601666e-16,
        "log_return_1": 0.0,
        "log_return_2": 0.0,
        "log_return_zscore_0": 8.879609301203332e-15,
        "log_return_zscore_1": 9.3235897662635e-15,
        "log_return_zscore_2": 1.0655531161444e-14,
        "log_volume_0": 4.439804650601666e-16,
        "log_volume_1": 4.439804650601666e-16,
        "log_volume_2": 0.0,
        "relative_volume_0": 8.879609301203332e-16,
        "relative_volume_1": 2.663882790361e-15,
        "relative_volume_2": 1.7759218602406664e-15,
        "relative_volume_zscore_0": 1.1543492091564331e-14,
        "relative_volume_zscore_1": 8.879609301203332e-15,
        "relative_volume_zscore_2": 1.0655531161444e-14,
        "volume_change_0": 8.879609301203332e-16,
        "volume_change_1": 1.3319413951805e-15,
        "volume_change_2": 8.879609301203332e-16,
        "volume_change_zscore_0": 7.547667906022832e-15,
        "volume_change_zscore_1": 7.547667906022832e-15,
        "volume_change_zscore_2": 4.883785115661833e-15
      }
    },
    {
      "anomaly_index": 101,
      "feature_importances": {
        "Close_0": 1.4595582915820633e-11,
        "Close_1": 1.3595636654529362e-11,
        "Close_2": 1.3927606704947957e-11,
        "High_0": 1.5360425767544938e-11,
        "High_1": 1.4349380203656083e-11,
        "High_2": 1.386706505441569e-11,
        "Low_0": 1.4114276794089113e-11,
        "Low_1": 1.3315127007063194e-11,
        "Low_2": 1.3472535298447086e-11,
        "Open_0": 1.480848772019244e-11,
        "Open_1": 1.4078960831278624e-11,
        "Open_2": 1.3579492214387425e-11,
        "Volume_0": 0.08325639425764332,
        "Volume_1": 0.580287485800842,
        "Volume_2": 0.3364561197721878,
        "daily_return_0": 4.036110035484447e-15,
        "daily_return_1": 3.027082526613336e-15,
        "daily_return_2": 0.0,
        "daily_return_zscore_0": 2.3207632704035576e-14,
        "daily_return_zscore_1": 2.018055017742224e-14,
        "daily_return_zscore_2": 1.71534676508089e-14,
        "excess_return_0": 4.036110035484447e-15,
        "excess_return_1": 3.027082526613336e-15,
        "excess_return_2": 0.0,
        "high_low_range_0": 4.036110035484447e-15,
        "high_low_range_1": 3.027082526613336e-15,
        "high_low_range_2": 0.0,
        "log_return_0": 4.036110035484447e-15,
        "log_return_1": 3.027082526613336e-15,
        "log_return_2": 0.0,
        "log_return_zscore_0": 2.3207632704035576e-14,
        "log_return_zscore_1": 2.018055017742224e-14,
        "log_return_zscore_2": 1.71534676508089e-14,
        "log_volume_0": 3.027082526613336e-15,
        "log_volume_1": 2.0180550177422237e-15,
        "log_volume_2": 2.0180550177422237e-15,
        "relative_volume_0": 6.054165053226672e-15,
        "relative_volume_1": 4.036110035484447e-15,
        "relative_volume_2": 1.0090275088711118e-15,
        "relative_volume_zscore_0": 2.3207632704035576e-14,
        "relative_volume_zscore_1": 1.8162495159680013e-14,
        "relative_volume_zscore_2": 1.5135412633066678e-14,
        "volume_change_0": 4.036110035484447e-15,
        "volume_change_1": 3.027082526613336e-15,
        "volume_change_2": 0.0,
        "volume_change_zscore_0": 1.3117357615324456e-14,
        "volume_change_zscore_1": 1.71534676508089e-14,
        "volume_change_zscore_2": 1.0090275088711118e-15
      }
    },
    {
      "anomaly_index": 127,
      "feature_importances": {
        "Close_0": 1.2004000907613648e-11,
        "Close_1": 1.099031859577388e-11,
        "Close_2": 1.1071037742827788e-11,
        "High_0": 1.2595941319342304e-11,
        "High_1": 1.1508422888491984e-11,
        "High_2": 1.1241861984267453e-11,
        "Low_0": 1.1770603683961653e-11,
        "Low_1": 1.0555436369398178e-11,
        "Low_2": 1.0852658034906752e-11,
        "Open_0": 1.2375058692132773e-11,
        "Open_1": 1.1135487914506489e-11,
        "Open_2": 1.1054768767452582e-11,
        "Volume_0": 0.03451438626152117,
        "Volume_1": 0.3944107300765905,
        "Volume_2": 0.5710748835245594,
        "daily_return_0": 0.0,
        "daily_return_1": 1.8771894663699407e-15,
        "daily_return_2": 0.0,
        "daily_return_zscore_0": 1.564324555308284e-14,
        "daily_return_zscore_1": 1.5017515730959526e-14,
        "daily_return_zscore_2": 1.0011677153973018e-14,
        "excess_return_0": 0.0,
        "excess_return_1": 1.2514596442466273e-15,
        "excess_return_2": 0.0,
        "high_low_range_0": 0.0,
        "high_low_range_1": 1.2514596442466273e-15,
        "high_low_range_2": 0.0,
        "log_return_0": 0.0,