index,subsequence_idx,score
5,5,3.22621
6,6,3.08979
7,7,3.27782
9,9,3.38446
10,10,3.17818
11,11,3.4076
144,144,3.0099
145,145,2.80469
147,147,3.00959
197,197,3.0894
198,198,3.01777
199,199,3.4083
359,359,2.68778
480,480,2.55021
482,482,2.47831
530,530,3.4477
531,531,3.37895
532,532,3.70432
536,536,3.9457
537,537,3.6765
538,538,4.07453
