index,subsequence_idx,score
5,5,3.54708
6,6,3.05469
7,7,3.33089
9,9,3.72499
10,10,3.30879
11,11,3.54137
144,144,3.20774
145,145,2.93986
147,147,3.05146
197,197,3.28867
198,198,3.03825
199,199,3.32814
359,359,2.86451
480,480,2.64875
530,530,3.74831
531,531,3.47199
532,532,3.76576
536,536,4.32339
537,537,3.85059
538,538,4.17063
