index,subsequence_idx,score
5,5,3.30737
6,6,3.23327
7,7,3.23954
9,9,3.48315
10,10,3.44538
11,11,3.36242
144,144,3.00806
145,145,3.04364
147,147,2.95441
197,197,3.17662
198,198,3.23669
199,199,3.36991
359,359,2.76535
360,360,2.65908
429,429,2.45315
480,480,2.44642
481,481,2.45835
482,482,2.46064
530,530,3.48362
531,531,3.59808
532,532,3.61075
536,536,4.11126
537,537,4.01587
538,538,4.07732
