index,subsequence_idx,score
5,5,2.4047
9,9,3.40874
10,10,3.08525
11,11,3.30545
129,129,3.60849
130,130,3.59295
131,131,3.67206
144,144,3.103
145,145,2.52704
179,179,2.57983
197,197,2.93102
214,214,2.38126
258,258,3.04862
285,285,2.5638
311,311,2.50656
393,393,2.51033
408,408,2.57719
458,458,2.36355
494,494,2.44241
530,530,2.9906
531,531,2.64177
532,532,2.62324
536,536,2.49651
538,538,2.37094
