index,subsequence_idx,score
5,5,3.31686
6,6,3.41017
7,7,3.13189
9,9,3.59664
10,10,3.50251
11,11,3.2567
75,75,2.45117
144,144,3.01609
145,145,3.07766
147,147,2.80137
197,197,3.20031
198,198,3.21069
199,199,3.16977
359,359,2.74677
360,360,2.52975
480,480,2.46402
481,481,2.46941
530,530,3.54504
531,531,3.66657
532,532,3.43502
536,536,4.07207
537,537,4.06256
538,538,3.85279
