feature_0,feature_1,feature_2,feature_3,feature_4,feature_5,feature_6,feature_7,feature_8,feature_9,feature_10,feature_11,feature_12,feature_13,feature_14
-0.0141411198184243,-0.138956611279726,0.0194403485296111,-0.022498840540869,0.4541351938366222,0.0532670376868159,-0.0167598400390842,0.0278003705161093,0.0305167595722815,-0.0121969406549582,0.0901832351268812,0.0372851624214252,-0.0113505217946661,0.0695199843645375,0.0656376539528329
-0.022498840540869,0.4541351938366222,0.0532670376868159,-0.0167598400390842,0.0278003705161093,0.0305167595722815,-0.0121969406549582,0.0901832351268812,0.0372851624214252,-0.0113505217946661,0.0695199843645375,0.0656376539528329,0.0137303848052001,-0.2441039559263204,0.0345812089695528
-0.0167598400390842,0.0278003705161093,0.0305167595722815,-0.0121969406549582,0.0901832351268812,0.0372851624214252,-0.0113505217946661,0.0695199843645375,0.0656376539528329,0.0137303848052001,-0.2441039559263204,0.0345812089695528,0.0307622296418641,0.4616143872377922,0.0550615932879417
-0.0121969406549582,0.0901832351268812,0.0372851624214252,-0.0113505217946661,0.0695199843645375,0.0656376539528329,0.0137303848052001,-0.2441039559263204,0.0345812089695528,0.0307622296418641,0.4616143872377922,0.0550615932879417,0.036896813112029,-0.425653919405889,0.0345618586271788
-0.0113505217946661,0.0695199843645375,0.0656376539528329,0.0137303848052001,-0.2441039559263204,0.0345812089695528,0.0307622296418641,0.4616143872377922,0.0550615932879417,0.036896813112029,-0.425653919405889,0.0345618586271788,0.0039379099053151,-0.4026986115016174,0.0234403183777016
0.0137303848052001,-0.2441039559263204,0.0345812089695528,0.0307622296418641,0.4616143872377922,0.0550615932879417,0.036896813112029,-0.425653919405889,0.0345618586271788,0.0039379099053151,-0.4026986115016174,0.0234403183777016,-0.0020682120359187,0.105067660735852,0.0226530928102883
0.0307622296418641,0.4616143872377922,0.0550615932879417,0.036896813112029,-0.425653919405889,0.0345618586271788,0.0039379099053151,-0.4026986115016174,0.0234403183777016,-0.0020682120359187,0.105067660735852,0.0226530928102883,-0.0208676291431837,0.4679378618586367,0.0319946354671962
