feature_0,feature_1,feature_2,feature_3,feature_4,feature_5,feature_6,feature_7,feature_8,feature_9,feature_10,feature_11,feature_12,feature_13,feature_14
0.0055348050237271,-0.2295560287043608,0.0142431601026472,0.0044628773506043,0.1475946775844421,0.0185489151306164,0.014514242097797,0.0109703888690688,0.020381532303816,-0.0177226560016634,0.0023820026466696,0.0261285166085115,-0.0469934829485085,0.1606231297306812,0.0610705775912013
0.0044628773506043,0.1475946775844421,0.0185489151306164,0.014514242097797,0.0109703888690688,0.020381532303816,-0.0177226560016634,0.0023820026466696,0.0261285166085115,-0.0469934829485085,0.1606231297306812,0.0610705775912013,0.0061444270392507,-0.2246909835443997,0.0296669950007996
0.014514242097797,0.0109703888690688,0.020381532303816,-0.0177226560016634,0.0023820026466696,0.0261285166085115,-0.0469934829485085,0.1606231297306812,0.0610705775912013,0.0061444270392507,-0.2246909835443997,0.0296669950007996,0.0180414418195995,1.0353090766823163,0.0363272135708604
-0.0177226560016634,0.0023820026466696,0.0261285166085115,-0.0469934829485085,0.1606231297306812,0.0610705775912013,0.0061444270392507,-0.2246909835443997,0.0296669950007996,0.0180414418195995,1.0353090766823163,0.0363272135708604,-0.0031362668762532,-0.7139218607333365,0.0151140013652451
-0.0469934829485085,0.1606231297306812,0.0610705775912013,0.0061444270392507,-0.2246909835443997,0.0296669950007996,0.0180414418195995,1.0353090766823163,0.0363272135708604,-0.0031362668762532,-0.7139218607333365,0.0151140013652451,0.0104770077184619,1.0105828993784645,0.0107858677354657
0.0061444270392507,-0.2246909835443997,0.0296669950007996,0.0180414418195995,1.0353090766823163,0.0363272135708604,-0.0031362668762532,-0.7139218607333365,0.0151140013652451,0.0104770077184619,1.0105828993784645,0.0107858677354657,-0.0005742926627165,-0.7539476982204028,0.0142634256190175
0.0180414418195995,1.0353090766823163,0.0363272135708604,-0.0031362668762532,-0.7139218607333365,0.0151140013652451,0.0104770077184619,1.0105828993784645,0.0107858677354657,-0.0005742926627165,-0.7539476982204028,0.0142634256190175,-0.0226241163248349,0.9762308998302208,0.0280907630965829
