{
  "anomalies": [
    {
      "anomaly_index": 104,
      "feature_importances": {
        "Close_0": 1.0915487430815702e-05,
        "Close_1": 1.0463664611609597e-05,
        "Close_2": 1.1412832776449859e-05,
        "High_0": 1.0973738657068457e-05,
        "High_1": 1.0857731910923183e-05,
        "High_2": 1.1270055308485518e-05,
        "Low_0": 9.938922389867804e-06,
        "Low_1": 1.0185732098897237e-05,
        "Low_2": 1.0798627419971054e-05,
        "Open_0": 1.0143574452700253e-05,
        "Open_1": 1.0735088557425913e-05,
        "Open_2": 1.0623408659556088e-05,
        "Volume_0": 0.47699343600162836,
        "Volume_1": 0.3369756003233989,
        "Volume_2": 0.1859026433342538,
        "daily_return_0": 1.7980461277978612e-14,
        "daily_return_1": 3.5642684303249633e-14,
        "daily_return_2": 3.055087225992826e-14,
        "daily_return_zscore_0": 1.4817252605628381e-10,
        "daily_return_zscore_1": 1.7401776839255137e-10,
        "daily_return_zscore_2": 1.620634666678436e-10,
        "excess_return_0": 2.8641442743682744e-14,
        "excess_return_1": 4.471247450541584e-14,
        "excess_return_2": 3.802947119855653e-14,
        "high_low_range_0": 1.2093053602888269e-14,
        "high_low_range_1": 1.0342743212996546e-14,
        "high_low_range_2": 8.274194570397237e-15,
        "log_return_0": 1.6389270014440682e-14,
        "log_return_1": 3.5642684303249633e-14,
        "log_return_2": 3.0709991386282054e-14,
        "log_return_zscore_0": 1.4702925513343183e-10,
        "log_return_zscore_1": 1.7463340029241418e-10,
        "log_return_zscore_2": 1.621560739993815e-10,
        "log_volume_0": 2.0844605552346886e-12,
        "log_volume_1": 3.4635460233430125e-12,
        "log_volume_2": 3.2767401690036596e-12,
        "relative_volume_0": 3.7657132442888655e-12,
        "relative_volume_1": 6.031410484440524e-12,
        "relative_volume_2": 2.9998728891480595e-12,
        "relative_volume_zscore_0": 1.0686870147561893e-10,
        "relative_volume_zscore_1": 7.465980791908415e-11,
        "relative_volume_zscore_2": 5.742784301147379e-11,
        "volume_change_0": 5.011663739376971e-11,
        "volume_change_1": 3.518283002808717e-12,
        "volume_change_2": 5.537345597111997e-12,
        "volume_change_zscore_0": 1.0566019171096188e-10,
        "volume_change_zscore_1": 3.4220636671025784e-11,
        "volume_change_zscore_2": 4.843252056044116e-11
      }
    },
    {
      "anomaly_index": 106,
      "feature_importances": {
        "Close_0": 9.813632725909907e-06,
        "Close_1": 1.0024165098690418e-05,
        "Close_2": 9.932437341024676e-06,
        "High_0": 9.865567538256028e-06,
        "High_1": 1.03069333531454e-05,
        "High_2": 1.0145962280681747e-05,
        "Low_0": 9.304071984665952e-06,
        "Low_1": 9.628510370023407e-06,
        "Low_2": 9.790246265823437e-06,
        "Open_0": 9.492083395728816e-06,
        "Open_1": 1.0154346655134177e-05,
        "Open_2": 1.020861784614654e-05,
        "Volume_0": 0.2331517630993379,
        "Volume_1": 0.22347376595097823,
        "Volume_2": 0.5432558031238995,
        "daily_return_0": 1.680038906025625e-14,
        "daily_return_1": 2.6326382857308764e-14,
        "daily_return_2": 2.823158161671927e-14,
        "daily_return_zscore_0": 8.097475767246518e-11,
        "daily_return_zscore_1": 1.327819615376789e-10,
        "daily_return_zscore_2": 1.5859896352667619e-10,
        "excess_return_0": 2.4247984210679126e-14,
        "excess_return_1": 2.7711981955061856e-14,
        "excess_return_2": 3.533277699270387e-14,
        "high_low_range_0": 5.1959966165740984e-15,
        "high_low_range_1": 5.1959966165740984e-15,
        "high_low_range_2": 2.7711981955061857e-15,
        "log_return_0": 1.680038906025625e-14,
        "log_return_1": 2.6153182970089628e-14,
        "log_return_2": 2.8058381729500132e-14,
        "log_return_zscore_0": 8.07450946220126e-11,
        "log_return_zscore_1": 1.3262573523940723e-10,
        "log_return_zscore_2": 1.591176971888975e-10,
        "log_volume_0": 2.9395484858831865e-12,
        "log_volume_1": 2.927424493777847e-12,
        "log_volume_2": 2.8406513502810596e-12,
        "relative_volume_0": 5.166206235972407e-12,
        "relative_volume_1": 6.2192615502647576e-12,
        "relative_volume_2": 5.38824849138734e-12,
        "relative_volume_zscore_0": 7.755180830135339e-11,
        "relative_volume_zscore_1": 8.673746432002029e-11,
        "relative_volume_zscore_2": 8.429707790910266e-11,
        "volume_change_0": 2.167509988603885e-11,
        "volume_change_1": 7.499555116588614e-12,
        "volume_change_2": 6.49153177297324e-13,
        "volume_change_zscore_0": 7.459459342697385e-11,
        "volume_change_zscore_1": 6.915594376840575e-11,
        "volume_change_zscore_2": 5.8200011702472036e-11
      }
    },
    {
      "anomaly_index": 110,
      "feature_importances": {
        "Close_0": 1.598141657788131e-05,
        "Close_1": 1.685487786606437e-05,
        "Close_2": 1.7292073248301416e-05,
        "High_0": 1.588943189825785e-05,
        "High_1": 1.7100135131979448e-05,
        "High_2": 1.7770765539594723e-05,
        "Low_0": 1.4915635624957374e-05,
        "Low_1": 1.5812530056603363e-05,
        "Low_2": 1.702905851051518e-05,
        "Open_0": 1.510420986736459e-05,
        "Open_1": 1.630909541034527e-05,
        "Open_2": 1.7517178330445417e-05,
        "Volume_0": 0.1440813642502467,
        "Volume_1": 0.3273453858138914,
        "Volume_2": 0.52837567194279,
        "daily_return_0": 2.3422931974218607e-14,
        "daily_return_1": 2.5924410146222537e-14,
        "daily_return_2": 4.1842907604429355e-14,
        "daily_return_zscore_0": 1.236241882959669e-10,
        "daily_return_zscore_1": 1.5943057425713767e-10,
        "daily_return_zscore_2": 2.2738095472855896e-10,
        "excess_return_0": 3.979624364551705e-14,
        "excess_return_1": 3.183699491641364e-14,
        "excess_return_2": 5.889844059536524e-14,
        "high_low_range_0": 7.504434516011787e-15,
        "high_low_range_1": 4.775549237462046e-15,
        "high_low_range_2": 3.865920811278799e-15,
        "log_return_0": 2.365033908076442e-14,
        "log_return_1": 2.5697003039676725e-14,
        "log_return_2": 4.207031471097517e-14,
        "log_return_zscore_0": 1.231595955772938e-10,
        "log_return_zscore_1": 1.5953427189772258e-10,
        "log_return_zscore_2": 2.2807340936799096e-10,
        "log_volume_0": 3.229635727163618e-12,
        "log_volume_1": 3.4115614124002674e-12,
        "log_volume_2": 2.5374084948381673e-12,
        "relative_volume_0": 6.2602902360996506e-12,
        "relative_volume_1": 7.686132794141891e-12,
        "relative_volume_2": 6.19843550311919e-12,
        "relative_volume_zscore_0": 9.101946698785459e-11,
        "relative_volume_zscore_1": 8.364920266470484e-11,
        "relative_volume_zscore_2": 8.34047400251681e-11,
        "volume_change_0": 3.052121739793958e-11,
        "volume_change_1": 9.647746495206062e-12,
        "volume_change_2": 5.31723296525417e-12,
        "volume_change_zscore_0": 8.970232502674125e-11,
        "volume_change_zscore_1": 7.915063528301559e-11,
        "volume_change_zscore_2": 6.174125683429443e-11
      }
    },
    {
      "anomaly_index": 112,
      "feature_importances": {
        "Close_0": 1.4510697786200596e-05,
        "Close_1": 1.4690653474942396e-05,
        "Close_2": 1.5341555333862616e-05,
        "High_0": 1.4961985040489038e-05,
        "High_1": 1.5071585684573136e-05,
        "High_2": 1.538354517250316e-05,
        "Low_0": 1.3193172663321985e-05,
        "Low_1": 1.4253526335196676e-05,
        "Low_2": 1.4835240776603028e-05,
        "Open_0": 1.3370889404605585e-05,
        "Open_1": 1.4278456064558583e-05,
        "Open_2": 1.4925947099619458e-05,
        "Volume_0": 0.5381376516215037,
        "Volume_1": 0.2641461066329533,
        "Volume_2": 0.19754142293778942,