feature_0,feature_1,feature_2,feature_3,feature_4,feature_5,feature_6,feature_7,feature_8
0.0025673567204032,-0.055255440654422,0.0103727897322611,-0.0009248118470243,0.1110929586668845,0.0100519595093299,0.0066216235413163,0.4122923099544184,0.0225579869298004
-0.0009248118470243,0.1110929586668845,0.0100519595093299,0.0066216235413163,0.4122923099544184,0.0225579869298004,-0.0351535081101184,0.4327954190525767,0.0503264671206728
0.0066216235413163,0.4122923099544184,0.0225579869298004,-0.0351535081101184,0.4327954190525767,0.0503264671206728,0.0114360961827399,-0.1721406772271472,0.0266078282689221
-0.0351535081101184,0.4327954190525767,0.0503264671206728,0.0114360961827399,-0.1721406772271472,0.0266078282689221,0.0124665698589554,0.8515755288334943,0.0206380083227541
0.0114360961827399,-0.1721406772271472,0.0266078282689221,0.0124665698589554,0.8515755288334943,0.0206380083227541,-0.0035078016091917,-0.5875325906612942,0.0146000910406734
0.0124665698589554,0.8515755288334943,0.0206380083227541,-0.0035078016091917,-0.5875325906612942,0.0146000910406734,0.006178095732148,-0.7520974600620618,0.0084928217579304
