feature_0,feature_1,feature_2,feature_3,feature_4,feature_5,feature_6,feature_7,feature_8
-0.0112453378283103,-0.0232688533781889,0.0206223612488187,-0.0217785881135964,-0.0853185993111366,0.0241426848914461,0.0051947806932415,0.3950733505922963,0.0256927062509241
-0.0217785881135964,-0.0853185993111366,0.0241426848914461,0.0051947806932415,0.3950733505922963,0.0256927062509241,-0.0263319239742334,0.1030759714333915,0.041914619569817
0.0051947806932415,0.3950733505922963,0.0256927062509241,-0.0263319239742334,0.1030759714333915,0.041914619569817,-0.0152913523074299,-0.1309645187601957,0.032822697158318
-0.0263319239742334,0.1030759714333915,0.041914619569817,-0.0152913523074299,-0.1309645187601957,0.032822697158318,0.0151437226509745,3.112277820144307,0.0273055482128802
-0.0152913523074299,-0.1309645187601957,0.032822697158318,0.0151437226509745,3.112277820144307,0.0273055482128802,-0.0006319761218404,-0.8496191264157942,0.0175912017834837
0.0151437226509745,3.112277820144307,0.0273055482128802,-0.0006319761218404,-0.8496191264157942,0.0175912017834837,0.000632375768226,-0.6225573894896603,0.0136933670742513
