{
  "aida": 0.02,
  "iforest": 0.05825304985046387,
  "lof": 0.019097089767456055
}