{
  "aida": 0.032,
  "iforest": 0.08431100845336914,
  "lof": 0.03478384017944336
}