{
  "aida": 0.024,
  "iforest": 0.08324027061462402,
  "lof": 0.01445317268371582
}