{
  "aida": 0.037,
  "iforest": 0.10047173500061035,
  "lof": 0.03374290466308594
}