{
  "aida": 0.021,
  "iforest": 0.06004905700683594,
  "lof": 0.05461883544921875
}