{
  "aida": 0.021,
  "iforest": 0.05912590026855469,
  "lof": 0.03235006332397461
}