{
  "aida": 0.024,
  "iforest": 0.09522604942321777,
  "lof": 0.015408754348754883
}