{
  "aida": 0.026,
  "iforest": 0.09145402908325195,
  "lof": 0.01341390609741211
}