feature_0,feature_1,feature_2,feature_3,feature_4,feature_5,feature_6,feature_7,feature_8
-0.0200779606058929,-0.0926996788357583,0.0189009228763047,0.0090210026255574,0.0290430568942112,0.0144784760772256,0.0079005022408649,0.178963028182377,0.0374327272287525
0.0090210026255574,0.0290430568942112,0.0144784760772256,0.0079005022408649,0.178963028182377,0.0374327272287525,0.0370627076333058,0.5237382763611267,0.0203144667883704
0.0079005022408649,0.178963028182377,0.0374327272287525,0.0370627076333058,0.5237382763611267,0.0203144667883704,0.0243997822842507,0.3043654247543075,0.0646012509874138
0.0370627076333058,0.5237382763611267,0.0203144667883704,0.0243997822842507,0.3043654247543075,0.0646012509874138,-0.0179287770519486,-0.5474247087763261,0.0153867047552815
0.0243997822842507,0.3043654247543075,0.0646012509874138,-0.0179287770519486,-0.5474247087763261,0.0153867047552815,0.0192447440553624,0.1927372982165325,0.0304699705024429
-0.0179287770519486,-0.5474247087763261,0.0153867047552815,0.0192447440553624,0.1927372982165325,0.0304699705024429,-0.017652668946081,-0.2304596832071971,0.0225574102230153
0.0192447440553624,0.1927372982165325,0.0304699705024429,-0.017652668946081,-0.2304596832071971,0.0225574102230153,-0.0069116428815504,-0.1265281869491782,0.0259939084543652
-0.017652668946081,-0.2304596832071971,0.0225574102230153,-0.0069116428815504,-0.1265281869491782,0.0259939084543652,0.0024563689611876,0.0257753034883077,0.0142071779911857
