feature_0,feature_1,feature_2,feature_3,feature_4,feature_5,feature_6,feature_7,feature_8
-0.0125557382226754,0.2482190369925327,0.026959800355521,0.0147092150868102,-0.4191707350615417,0.0180377312426297,0.0474548150803195,1.3529063572866105,0.056518227370593
0.0147092150868102,-0.4191707350615417,0.0180377312426297,0.0474548150803195,1.3529063572866105,0.056518227370593,0.2737762589378656,1.2325534591194969,0.109049874768744
0.0474548150803195,1.3529063572866105,0.056518227370593,0.2737762589378656,1.2325534591194969,0.109049874768744,-0.0466266493042895,-0.624853511223294,0.0347213968853097
0.2737762589378656,1.2325534591194969,0.109049874768744,-0.0466266493042895,-0.624853511223294,0.0347213968853097,-0.0018653880415391,0.2065361047699148,0.0671113508567902
-0.0466266493042895,-0.624853511223294,0.0347213968853097,-0.0018653880415391,0.2065361047699148,0.0671113508567902,0.0076213745671456,-0.3827922724556861,0.0419171055249839
-0.0018653880415391,0.2065361047699148,0.0671113508567902,0.0076213745671456,-0.3827922724556861,0.0419171055249839,-0.0296751978862418,-0.4101323007421749,0.0316816450239301
0.0076213745671456,-0.3827922724556861,0.0419171055249839,-0.0296751978862418,-0.4101323007421749,0.0316816450239301,-0.040169585248752,0.526258205689278,0.0534248540022737
-0.0296751978862418,-0.4101323007421749,0.0316816450239301,-0.040169585248752,0.526258205689278,0.0534248540022737,-0.0173315303988802,-0.0623655913978494,0.0396288021118266
