feature_0,feature_1,feature_2,feature_3,feature_4,feature_5,feature_6,feature_7,feature_8
-0.0036221460186418,0.164957264957265,0.0155206874803443,0.0173981824831697,0.6802641232575202,0.0245260011523054,0.0121661354602229,-0.0406078071784123,0.0253034621262659
0.0173981824831697,0.6802641232575202,0.0245260011523054,0.0121661354602229,-0.0406078071784123,0.0253034621262659,0.0048750781199338,0.1830511560167484,0.0230834504095127
0.0121661354602229,-0.0406078071784123,0.0253034621262659,0.0048750781199338,0.1830511560167484,0.0230834504095127,-0.0197406858506346,-0.1302608294221743,0.0359650017144482
0.0048750781199338,0.1830511560167484,0.0230834504095127,-0.0197406858506346,-0.1302608294221743,0.0359650017144482,0.0038399047148813,-0.4260438782731777,0.0172577445036957
-0.0197406858506346,-0.1302608294221743,0.0359650017144482,0.0038399047148813,-0.4260438782731777,0.0172577445036957,-0.0062903479712846,0.2295006165228112,0.0168082002441776
0.0038399047148813,-0.4260438782731777,0.0172577445036957,-0.0062903479712846,0.2295006165228112,0.0168082002441776,-0.0038494996847195,0.2173749529898458,0.0315221426508145
-0.0062903479712846,0.2295006165228112,0.0168082002441776,-0.0038494996847195,0.2173749529898458,0.0315221426508145,-0.0158866768349064,-0.2624858407990937,0.026111237516286
-0.0038494996847195,0.2173749529898458,0.0315221426508145,-0.0158866768349064,-0.2624858407990937,0.026111237516286,0.0143979507408626,-0.0469142697570511,0.0161684889331103
