feature_0,feature_1,feature_2,feature_3,feature_4,feature_5,feature_6,feature_7,feature_8
0.0250027383308721,-0.1071240105540897,0.0216152410048736,0.0042288165104191,-0.0827423167848699,0.0187068566463097,0.0233018970862493,0.1572164948453609,0.0253984505962953
0.0042288165104191,-0.0827423167848699,0.0187068566463097,0.0233018970862493,0.1572164948453609,0.0253984505962953,-0.0208880482435224,0.272271714922049,0.0295664641988821
0.0233018970862493,0.1572164948453609,0.0253984505962953,-0.0208880482435224,0.272271714922049,0.0295664641988821,-0.0184322146722962,-0.2857768052516412,0.0274805069077485
-0.0208880482435224,0.272271714922049,0.0295664641988821,-0.0184322146722962,-0.2857768052516412,0.0274805069077485,0.0114111981752995,-0.2138480392156863,0.0175128705912785
-0.0184322146722962,-0.2857768052516412,0.0274805069077485,0.0114111981752995,-0.2138480392156863,0.0175128705912785,-0.0025021124342368,-0.0342946219797349,0.0213616871311129
0.0114111981752995,-0.2138480392156863,0.0175128705912785,-0.0025021124342368,-0.0342946219797349,0.0213616871311129,0.0018803330500944,0.1242937853107344,0.0139215334522851
-0.0025021124342368,-0.0342946219797349,0.0213616871311129,0.0018803330500944,0.1242937853107344,0.0139215334522851,0.027190647822159,0.4831299353912419,0.0301297751855545
0.0018803330500944,0.1242937853107344,0.0139215334522851,0.027190647822159,0.4831299353912419,0.0301297751855545,0.0094005139317543,0.1030977734753146,0.0237058688649184
