feature_0,feature_1,feature_2,feature_3,feature_4,feature_5,feature_6,feature_7,feature_8
-0.0059515049181794,0.1462787015043547,0.0088002745298924,0.0136335620488532,0.0514591607667069,0.0198501476079095,-0.0030495047603876,-0.0369792522034269,0.0205300882716799
0.0136335620488532,0.0514591607667069,0.0198501476079095,-0.0030495047603876,-0.0369792522034269,0.0205300882716799,0.004153582113282,0.2566864678964273,0.013947513723012
-0.0030495047603876,-0.0369792522034269,0.0205300882716799,0.004153582113282,0.2566864678964273,0.013947513723012,-0.0107419218344445,0.2180983398923417,0.0184034195806686
0.004153582113282,0.2566864678964273,0.013947513723012,-0.0107419218344445,0.2180983398923417,0.0184034195806686,-0.0002593662679033,-0.4479640529550476,0.0104711440626385
-0.0107419218344445,0.2180983398923417,0.0184034195806686,-0.0002593662679033,-0.4479640529550476,0.0104711440626385,0.0147197375506029,0.2736537620665298,0.0245246352083053
-0.0002593662679033,-0.4479640529550476,0.0104711440626385,0.0147197375506029,0.2736537620665298,0.0245246352083053,-0.0143463917208113,-0.1100430453957271,0.0175318779431662
0.0147197375506029,0.2736537620665298,0.0245246352083053,-0.0143463917208113,-0.1100430453957271,0.0175318779431662,-0.0041170237487649,0.0270623145400592,0.0144305134834436
-0.0143463917208113,-0.1100430453957271,0.0175318779431662,-0.0041170237487649,0.0270623145400592,0.0144305134834436,0.0087237500989654,-0.1887206749104356,0.0153957423539861
