feature_0,feature_1,feature_2,feature_3,feature_4,feature_5,feature_6,feature_7,feature_8
0.0139879879280064,0.3071990424076607,0.0158816541371132,0.0059505790502212,0.8204591536398718,0.0155397952585019,-0.0075288484879449,-0.4950238925017066,0.0144022447006028
0.0059505790502212,0.8204591536398718,0.0155397952585019,-0.0075288484879449,-0.4950238925017066,0.0144022447006028,-0.0176104310266528,0.0648405075299418,0.0119146662055346
-0.0075288484879449,-0.4950238925017066,0.0144022447006028,-0.0176104310266528,0.0648405075299418,0.0119146662055346,0.0052399598504826,-0.0201786231319183,0.0269512332385442
-0.0176104310266528,0.0648405075299418,0.0119146662055346,0.0052399598504826,-0.0201786231319183,0.0269512332385442,0.0126200293879454,-0.2493123906075967,0.0134394320013978
0.0052399598504826,-0.0201786231319183,0.0269512332385442,0.0126200293879454,-0.2493123906075967,0.0134394320013978,-0.0176104310266528,0.1841937925813777,0.0257702562824696
0.0126200293879454,-0.2493123906075967,0.0134394320013978,-0.0176104310266528,0.1841937925813777,0.0257702562824696,0.000827483581913,0.0803416180832565,0.0097033123671281
-0.0176104310266528,0.1841937925813777,0.0257702562824696,0.000827483581913,0.0803416180832565,0.0097033123671281,-0.0090937556403486,-0.1631242603550295,0.0221412810754025
0.000827483581913,0.0803416180832565,0.0097033123671281,-0.0090937556403486,-0.1631242603550295,0.0221412810754025,0.011401855344576,-0.0917472707732337,0.0147590860915884
