feature_0,feature_1,feature_2,feature_3,feature_4,feature_5,feature_6,feature_7,feature_8
-0.0090366508299252,0.1174908309093207,0.0228105557028075,0.0232125264389293,1.233080579447714,0.025195537889473,0.0067516568120813,-0.5434457593188556,0.036436399460788
0.0232125264389293,1.233080579447714,0.025195537889473,0.0067516568120813,-0.5434457593188556,0.036436399460788,0.0230031133919494,-0.0982960537270355,0.0255078387395416
0.0067516568120813,-0.5434457593188556,0.036436399460788,0.0230031133919494,-0.0982960537270355,0.0255078387395416,-0.0430707193114452,0.6108580573679676,0.0482255259689833
0.0230031133919494,-0.0982960537270355,0.0255078387395416,-0.0430707193114452,0.6108580573679676,0.0482255259689833,-0.0014386202976938,-0.2808559419182269,0.0258208852474217
-0.0430707193114452,0.6108580573679676,0.0482255259689833,-0.0014386202976938,-0.2808559419182269,0.0258208852474217,-0.0047335517908749,-0.214452709883103,0.0234649179698026
-0.0014386202976938,-0.2808559419182269,0.0258208852474217,-0.0047335517908749,-0.214452709883103,0.0234649179698026,-0.0113740042806261,0.0196834415584414,0.0149598928991227
-0.0047335517908749,-0.214452709883103,0.0234649179698026,-0.0113740042806261,0.0196834415584414,0.0149598928991227,-0.0168735286661881,0.0977114427860696,0.0309703128864689
-0.0113740042806261,0.0196834415584414,0.0149598928991227,-0.0168735286661881,0.0977114427860696,0.0309703128864689,0.0035462417272613,-0.0149262750785593,0.0190900224775308
