feature_0,feature_1,feature_2,feature_3,feature_4,feature_5,feature_6,feature_7,feature_8
0.00089256290191,-0.2980881779165041,0.0142847457065859,0.0186610571366097,0.5786548082267926,0.0198311910682524,0.001077701456448,0.3379401408450704,0.0214663255964647
0.0186610571366097,0.5786548082267926,0.0198311910682524,0.001077701456448,0.3379401408450704,0.0214663255964647,-0.0213269430865146,1.0021054016711624,0.0505860984475044
0.001077701456448,0.3379401408450704,0.0214663255964647,-0.0213269430865146,1.0021054016711624,0.0505860984475044,-0.0182855640214608,-0.5675320407492606,0.0371774675667538
-0.0213269430865146,1.0021054016711624,0.0505860984475044,-0.0182855640214608,-0.5675320407492606,0.0371774675667538,0.0180660208751959,0.7488601823708207,0.0257851339965665
-0.0182855640214608,-0.5675320407492606,0.0371774675667538,0.0180660208751959,0.7488601823708207,0.0257851339965665,0.0036453315974716,-0.5966109059309146,0.0146815129195666
0.0180660208751959,0.7488601823708207,0.0257851339965665,0.0036453315974716,-0.5966109059309146,0.0146815129195666,0.0024672050343608,-0.0352218871176217,0.0092013753550919
0.0036453315974716,-0.5966109059309146,0.0146815129195666,0.0024672050343608,-0.0352218871176217,0.0092013753550919,-0.0017776306501131,0.2412638160098248,0.0117662659707799
0.0024672050343608,-0.0352218871176217,0.0092013753550919,-0.0017776306501131,0.2412638160098248,0.0117662659707799,-0.008354847637329,-0.1704443245187983,0.0176917595893898
