feature_0,feature_1,feature_2,feature_3,feature_4,feature_5,feature_6,feature_7,feature_8
-0.0084807385649887,-0.1015500874511008,0.008494655853955,0.0059658741965376,0.3654763496946189,0.0131646099400996,-0.0026439559582257,-0.037752892139258,0.0199826952157306
0.0059658741965376,0.3654763496946189,0.0131646099400996,-0.0026439559582257,-0.037752892139258,0.0199826952157306,-0.0046562562773833,0.3370693750141373,0.0178261356077332
-0.0026439559582257,-0.037752892139258,0.0199826952157306,-0.0046562562773833,0.3370693750141373,0.0178261356077332,0.0154742628834387,-0.0271440776173438,0.0304061159760721
-0.0046562562773833,0.3370693750141373,0.0178261356077332,0.0154742628834387,-0.0271440776173438,0.0304061159760721,0.0058826532878519,-0.2691023545369179,0.015782380440854
0.0154742628834387,-0.0271440776173438,0.0304061159760721,0.0058826532878519,-0.2691023545369179,0.015782380440854,0.0121899906776266,0.2428802550498441,0.0223828008644699
0.0058826532878519,-0.2691023545369179,0.015782380440854,0.0121899906776266,0.2428802550498441,0.0223828008644699,-0.0070308691914708,-0.3340288479024492,0.0123699361957827
0.0121899906776266,0.2428802550498441,0.0223828008644699,-0.0070308691914708,-0.3340288479024492,0.0123699361957827,-0.0155637559922663,-0.0740011497556769,0.0248087605765327
-0.0070308691914708,-0.3340288479024492,0.0123699361957827,-0.0155637559922663,-0.0740011497556769,0.0248087605765327,0.004415241093858,0.0216976300228151,0.0194097879535826
