feature_0,feature_1,feature_2,feature_3,feature_4,feature_5,feature_6,feature_7,feature_8
-0.0046772371220431,0.1201980030462006,0.0245684220462672,0.0107197510639946,-0.0910223967972202,0.0147916463593819,-0.0045912297669876,0.2427390202351769,0.0249467104225145
0.0107197510639946,-0.0910223967972202,0.0147916463593819,-0.0045912297669876,0.2427390202351769,0.0249467104225145,-0.0346496485047005,3.3587548898324915,0.0577286681166208
-0.0045912297669876,0.2427390202351769,0.0249467104225145,-0.0346496485047005,3.3587548898324915,0.0577286681166208,0.0253400127694181,-0.5650169522728319,0.0393478205276927
-0.0346496485047005,3.3587548898324915,0.0577286681166208,0.0253400127694181,-0.5650169522728319,0.0393478205276927,-0.0041877518202168,-0.4611423633766555,0.0262985429411205
0.0253400127694181,-0.5650169522728319,0.0393478205276927,-0.0041877518202168,-0.4611423633766555,0.0262985429411205,0.0059822754143636,-0.1936053931995942,0.0248579426883391
-0.0041877518202168,-0.4611423633766555,0.0262985429411205,0.0059822754143636,-0.1936053931995942,0.0248579426883391,0.0030912195168359,-0.0262570512560367,0.0149487528372531
0.0059822754143636,-0.1936053931995942,0.0248579426883391,0.0030912195168359,-0.0262570512560367,0.0149487528372531,0.0031110584201214,0.2806534967075103,0.0201174922276522
0.0030912195168359,-0.0262570512560367,0.0149487528372531,0.0031110584201214,0.2806534967075103,0.0201174922276522,0.0097427940907206,-0.3556365529809945,0.016631113432551
