feature_0,feature_1,feature_2,feature_3,feature_4,feature_5,feature_6,feature_7,feature_8
-0.0219616948144646,-0.0238311778979505,0.0140380231136007,0.0210127325330569,0.0260443647216186,0.0205803665890361,0.0199346794403032,0.1777921789225014,0.0395567336407344
0.0210127325330569,0.0260443647216186,0.0205803665890361,0.0199346794403032,0.1777921789225014,0.0395567336407344,0.0468842390617656,0.2776880284325926,0.0289212922892371
0.0199346794403032,0.1777921789225014,0.0395567336407344,0.0468842390617656,0.2776880284325926,0.0289212922892371,-0.0236205516771366,-0.2719827543039128,0.0276157368143234
0.0468842390617656,0.2776880284325926,0.0289212922892371,-0.0236205516771366,-0.2719827543039128,0.0276157368143234,-0.0061158464864967,-0.2255814673301853,0.0138157980631793
-0.0236205516771366,-0.2719827543039128,0.0276157368143234,-0.0061158464864967,-0.2255814673301853,0.0138157980631793,0.0420223635820586,1.2578115285549338,0.0334128071749635
-0.0061158464864967,-0.2255814673301853,0.0138157980631793,0.0420223635820586,1.2578115285549338,0.0334128071749635,-0.0031021351123012,0.075619475466844,0.0396304370579085
0.0420223635820586,1.2578115285549338,0.0334128071749635,-0.0031021351123012,0.075619475466844,0.0396304370579085,-0.0116601463408608,-0.2251197747138207,0.0425419471562795
-0.0031021351123012,0.075619475466844,0.0396304370579085,-0.0116601463408608,-0.2251197747138207,0.0425419471562795,-0.0019722191568409,-0.3907153021467796,0.013158876036185
