feature_0,feature_1,feature_2,feature_3,feature_4,feature_5,feature_6,feature_7,feature_8
0.0051030735891381,-0.1853907134767837,0.0077668690938362,0.0075783396398341,0.0939802585847351,0.0143544397263692,0.0180372171695797,0.253272334477062,0.0187522987231921
0.0075783396398341,0.0939802585847351,0.0143544397263692,0.0180372171695797,0.253272334477062,0.0187522987231921,0.0122659717819761,0.0929831677144594,0.0116128682235664
0.0180372171695797,0.253272334477062,0.0187522987231921,0.0122659717819761,0.0929831677144594,0.0116128682235664,-0.0273526597786731,0.9261527043324984,0.0435070026478321
0.0122659717819761,0.0929831677144594,0.0116128682235664,-0.0273526597786731,0.9261527043324984,0.0435070026478321,-0.0162465287289996,-0.1297081206049514,0.0187152201016678
-0.0273526597786731,0.9261527043324984,0.0435070026478321,-0.0162465287289996,-0.1297081206049514,0.0187152201016678,0.0058505640220678,-0.621063700260114,0.0122186702999701
-0.0162465287289996,-0.1297081206049514,0.0187152201016678,0.0058505640220678,-0.621063700260114,0.0122186702999701,0.0046385326170219,0.3125456404264641,0.0165652285486036
0.0058505640220678,-0.621063700260114,0.0122186702999701,0.0046385326170219,0.3125456404264641,0.0165652285486036,-0.0123121939110268,-0.2011794814732391,0.0148489120480197
