feature_0,feature_1,feature_2,feature_3,feature_4,feature_5,feature_6,feature_7,feature_8
0.0027565441218631,-0.2092975304594537,0.0153565345778107,0.0352312126636804,0.4802389681914667,0.0359203386429825,-0.0130678567170977,-0.2483242167199569,0.0169973641936851
0.0352312126636804,0.4802389681914667,0.0359203386429825,-0.0130678567170977,-0.2483242167199569,0.0169973641936851,0.0256320221304848,0.4170922343180567,0.0291758412210671
-0.0130678567170977,-0.2483242167199569,0.0169973641936851,0.0256320221304848,0.4170922343180567,0.0291758412210671,-0.0008975138235036,0.0590157644397106,0.0203567941534339
0.0256320221304848,0.4170922343180567,0.0291758412210671,-0.0008975138235036,0.0590157644397106,0.0203567941534339,-0.0299198576183763,0.6063707178731166,0.0248412526040367
-0.0008975138235036,0.0590157644397106,0.0203567941534339,-0.0299198576183763,0.6063707178731166,0.0248412526040367,-0.0029204620264398,-0.583678862005975,0.0181726674121063
-0.0299198576183763,0.6063707178731166,0.0248412526040367,-0.0029204620264398,-0.583678862005975,0.0181726674121063,-0.0167880476957625,0.4357187058507594,0.0241959194332321
-0.0029204620264398,-0.583678862005975,0.0181726674121063,-0.0167880476957625,0.4357187058507594,0.0241959194332321,-0.0170021907553671,-0.2475305981376814,0.0308431824191659
