feature_0,feature_1,feature_2,feature_3,feature_4,feature_5,feature_6,feature_7,feature_8
0.0155976229794634,0.2688124794023947,0.0271599530824533,-0.0015358447059973,-0.4241991341991342,0.0149999765249399,-0.0024995585669437,-0.1001428464025261,0.0108505629136038
-0.0015358447059973,-0.4241991341991342,0.0149999765249399,-0.0024995585669437,-0.1001428464025261,0.0108505629136038,-0.019275132776764,0.3873339460272369,0.0171462140935241
-0.0024995585669437,-0.1001428464025261,0.0108505629136038,-0.019275132776764,0.3873339460272369,0.0171462140935241,0.0334118714911075,0.1986148750376393,0.0339843327703425
-0.019275132776764,0.3873339460272369,0.0171462140935241,0.0334118714911075,0.1986148750376393,0.0339843327703425,-0.0171168096835717,0.2285082650856655,0.0205705685697956
0.0334118714911075,0.1986148750376393,0.0339843327703425,-0.0171168096835717,0.2285082650856655,0.0205705685697956,-0.0042569865751618,-0.4511062942210952,0.0196078431372548
-0.0171168096835717,0.2285082650856655,0.0205705685697956,-0.0042569865751618,-0.4511062942210952,0.0196078431372548,-0.0176836894728006,0.5046568810073766,0.018426793791998
-0.0042569865751618,-0.4511062942210952,0.0196078431372548,-0.0176836894728006,0.5046568810073766,0.018426793791998,0.0278932073281685,0.2309596909973259,0.0379822356601528
