feature_0,feature_1,feature_2,feature_3,feature_4,feature_5,feature_6,feature_7,feature_8
-0.0007115529977539,-0.3228539576365663,0.0140141007938165,0.0221571078169202,0.1725386894962133,0.0174013005620924,-0.0040045491689668,-0.1285219507628943,0.0097206461740916
0.0221571078169202,0.1725386894962133,0.0174013005620924,-0.0040045491689668,-0.1285219507628943,0.0097206461740916,-0.0110130910090304,0.2817400644468313,0.0232890213032819
-0.0040045491689668,-0.1285219507628943,0.0097206461740916,-0.0110130910090304,0.2817400644468313,0.0232890213032819,0.0190013704385683,-0.2997569764518561,0.0209765315760847
-0.0110130910090304,0.2817400644468313,0.0232890213032819,0.0190013704385683,-0.2997569764518561,0.0209765315760847,-0.0250649283534531,1.2758496888463378,0.0273360504900426
0.0190013704385683,-0.2997569764518561,0.0209765315760847,-0.0250649283534531,1.2758496888463378,0.0273360504900426,0.0135218302028083,-0.493610979649787,0.0100813527696227
-0.0250649283534531,1.2758496888463378,0.0273360504900426,0.0135218302028083,-0.493610979649787,0.0100813527696227,-0.0093039801717101,-0.0156801661474558,0.0142705248600123
0.0135218302028083,-0.493610979649787,0.0100813527696227,-0.0093039801717101,-0.0156801661474558,0.0142705248600123,-0.0024808238619298,-0.3167000738474522,0.0183934572417321
