feature_0,feature_1,feature_2,feature_3,feature_4,feature_5,feature_6,feature_7,feature_8
0.003731360279338,-0.0749739567375451,0.0084584063120783,0.0065262154950305,-0.0322943923685866,0.0057610916838408,0.0061829991068982,-0.0079408543263964,0.0135715419555951
0.0065262154950305,-0.0322943923685866,0.0057610916838408,0.0061829991068982,-0.0079408543263964,0.0135715419555951,0.0001087839062881,0.125241512558653,0.0133070882885031
0.0061829991068982,-0.0079408543263964,0.0135715419555951,0.0001087839062881,0.125241512558653,0.0133070882885031,0.0045674314673711,0.1253142822100938,0.005322303272423
0.0001087839062881,0.125241512558653,0.0133070882885031,0.0045674314673711,0.1253142822100938,0.005322303272423,-0.0044384699551759,2.1593144600964553,0.0072921834824601
0.0045674314673711,0.1253142822100938,0.005322303272423,-0.0044384699551759,2.1593144600964553,0.0072921834824601,0.0069863736925956,-0.72997843898232,0.0096249978115198
-0.0044384699551759,2.1593144600964553,0.0072921834824601,0.0069863736925956,-0.72997843898232,0.0096249978115198,0.0001350277016867,-0.1683860870676163,0.013244327731597
0.0069863736925956,-0.72997843898232,0.0096249978115198,0.0001350277016867,-0.1683860870676163,0.013244327731597,-0.0098790853853771,-0.1287782770672504,0.0125705156749071
