feature_0,feature_1,feature_2,feature_3,feature_4,feature_5,feature_6,feature_7,feature_8
0.0076178121018803,-0.2965848529025165,0.0111111670364582,-0.002061852470728,0.0477015594740597,0.0107304042866159,-0.0141185884818169,0.5713915101987872,0.0282186675942144
-0.002061852470728,0.0477015594740597,0.0107304042866159,-0.0141185884818169,0.5713915101987872,0.0282186675942144,-0.0020955574483191,-0.3557587139113027,0.0134038502875993
-0.0141185884818169,0.5713915101987872,0.0282186675942144,-0.0020955574483191,-0.3557587139113027,0.0134038502875993,0.0171507468281517,0.6709910948811584,0.0160782619594291
-0.0020955574483191,-0.3557587139113027,0.0134038502875993,0.0171507468281517,0.6709910948811584,0.0160782619594291,-0.0041293108179185,0.1931755008147224,0.0152302022621458
0.0171507468281517,0.6709910948811584,0.0160782619594291,-0.0041293108179185,0.1931755008147224,0.0152302022621458,-0.0076019469971502,-0.4055460942771761,0.0193321343518909
-0.0041293108179185,0.1931755008147224,0.0152302022621458,-0.0076019469971502,-0.4055460942771761,0.0193321343518909,-0.0010446023850405,-0.1335675675675676,0.0090909169725149
-0.0076019469971502,-0.4055460942771761,0.0193321343518909,-0.0010446023850405,-0.1335675675675676,0.0090909169725149,0.0080165874639537,-0.0527793374508702,0.0129055053452663
