feature_0,feature_1,feature_2,feature_3,feature_4,feature_5,feature_6,feature_7,feature_8
-0.0007080692682306,-0.0843266124540492,0.0095553905924135,-0.0024405503022768,-0.3653284671532847,0.0114615202257349,0.0041039608441666,0.1092581943645774,0.0094899533934184
-0.0024405503022768,-0.3653284671532847,0.0114615202257349,0.0041039608441666,0.1092581943645774,0.0094899533934184,0.0070737648535623,0.0381890444098842,0.0171406463230204
0.0041039608441666,0.1092581943645774,0.0094899533934184,0.0070737648535623,0.0381890444098842,0.0171406463230204,-0.0060875014703514,0.2261984021304925,0.0224594417274131
0.0070737648535623,0.0381890444098842,0.0171406463230204,-0.0060875014703514,0.2261984021304925,0.0224594417274131,-0.0088732820191255,0.4547305551784988,0.014290275205152
-0.0060875014703514,0.2261984021304925,0.0224594417274131,-0.0088732820191255,0.4547305551784988,0.014290275205152,-0.0034067053413423,-0.2319679014649621,0.0100357982971656
-0.0088732820191255,0.4547305551784988,0.014290275205152,-0.0034067053413423,-0.2319679014649621,0.0100357982971656,-0.0017489148100651,-0.0358401166322439,0.0144442201201219
-0.0034067053413423,-0.2319679014649621,0.0100357982971656,-0.0017489148100651,-0.0358401166322439,0.0144442201201219,-0.0044597545073646,0.403225806451613,0.011948721167832
