feature_0,feature_1,feature_2,feature_3,feature_4,feature_5,feature_6,feature_7,feature_8
0.0048684196264245,0.229556837979094,0.0143727201840049,0.0009690811379219,-0.2790962828488565,0.0255287918743704,0.0251693320319223,0.2396007677543186,0.0249400694604215
0.0009690811379219,-0.2790962828488565,0.0255287918743704,0.0251693320319223,0.2396007677543186,0.0249400694604215,-0.0108592739969238,-0.228542407313357,0.0222861326474374
0.0251693320319223,0.2396007677543186,0.0249400694604215,-0.0108592739969238,-0.228542407313357,0.0222861326474374,0.0073985881073934,-0.079641612742658,0.0097340896915774
-0.0108592739969238,-0.228542407313357,0.0222861326474374,0.0073985881073934,-0.079641612742658,0.0097340896915774,-0.0023690439693515,0.9313665625708754,0.0194198367554641
0.0073985881073934,-0.079641612742658,0.0097340896915774,-0.0023690439693515,0.9313665625708754,0.0194198367554641,0.0125860206003085,-0.5361323890735655,0.0156546453937575
-0.0023690439693515,0.9313665625708754,0.0194198367554641,0.0125860206003085,-0.5361323890735655,0.0156546453937575,-0.0283771245647368,0.4627667861037545,0.050645284794507
0.0125860206003085,-0.5361323890735655,0.0156546453937575,-0.0283771245647368,0.4627667861037545,0.050645284794507,-0.0033791232046503,-0.343908088822621,0.0233122651131207
