feature_0,feature_1,feature_2,feature_3,feature_4,feature_5,feature_6,feature_7,feature_8
0.000765401673628,-0.1511637627333197,0.0103049511643852,0.0043802913118928,-0.0356926799758016,0.009464824185706,0.0130138177192862,0.2201569840389834,0.0227004804108612
0.0043802913118928,-0.0356926799758016,0.009464824185706,0.0130138177192862,0.2201569840389834,0.0227004804108612,0.0004783633577583,-0.0044600153051463,0.0128925355204751
0.0130138177192862,0.2201569840389834,0.0227004804108612,0.0004783633577583,-0.0044600153051463,0.0128925355204751,0.0193976112402298,0.205263094680455,0.0161333348365944
0.0004783633577583,-0.0044600153051463,0.0128925355204751,0.0193976112402298,0.205263094680455,0.0161333348365944,-0.0029481681663106,0.9755154510757456,0.0095745276267319
0.0193976112402298,0.205263094680455,0.0161333348365944,-0.0029481681663106,0.9755154510757456,0.0095745276267319,0.002083425588933,-0.6714907612451511,0.0094077792869605
-0.0029481681663106,0.9755154510757456,0.0095745276267319,0.002083425588933,-0.6714907612451511,0.0094077792869605,-0.0012742696165791,0.2197346600331675,0.0170504340218843
0.002083425588933,-0.6714907612451511,0.0094077792869605,-0.0012742696165791,0.2197346600331675,0.0170504340218843,-0.0042301844501497,-0.0769695596344134,0.0142432875593693
