feature_0,feature_1,feature_2,feature_3,feature_4,feature_5,feature_6,feature_7,feature_8
0.0006267630253105,-0.4612390869885348,0.0078682333445361,0.0010438151896541,-0.1401796173369777,0.0093526624148589,-0.0012513533716145,0.0479109900090826,0.0116829869002635
0.0010438151896541,-0.1401796173369777,0.0093526624148589,-0.0012513533716145,0.0479109900090826,0.0116829869002635,-0.007830452582508,-0.1449620801733477,0.0172377847387576
-0.0012513533716145,0.0479109900090826,0.0116829869002635,-0.007830452582508,-0.1449620801733477,0.0172377847387576,0.0048589023648883,0.664977192093259,0.0126889812003232
-0.007830452582508,-0.1449620801733477,0.0172377847387576,0.0048589023648883,0.664977192093259,0.0126889812003232,-0.0114579236074788,1.903957382039574,0.0176811137084735
0.0048589023648883,0.664977192093259,0.0126889812003232,-0.0114579236074788,1.903957382039574,0.0176811137084735,-0.004997922209333,-0.6204203574610829,0.0101735340070591
-0.0114579236074788,1.903957382039574,0.0176811137084735,-0.004997922209333,-0.6204203574610829,0.0101735340070591,0.0012826320276111,0.0513670256835128,0.0082697523146701
-0.004997922209333,-0.6204203574610829,0.0101735340070591,0.0012826320276111,0.0513670256835128,0.0082697523146701,0.0017076263372592,-0.374835828736538,0.0141041497581973
