feature_0,feature_1,feature_2,feature_3,feature_4,feature_5,feature_6,feature_7,feature_8
0.0230799833979857,0.1621752852634135,0.028587965980501,0.0155167170104844,-0.1002251468096464,0.0234054084535281,0.0062798037569089,-0.1713917193344512,0.0225908477475704
0.0155167170104844,-0.1002251468096464,0.0234054084535281,0.0062798037569089,-0.1713917193344512,0.0225908477475704,-0.0007008885740451,-0.0266181003082095,0.0152948920166698
0.0062798037569089,-0.1713917193344512,0.0225908477475704,-0.0007008885740451,-0.0266181003082095,0.0152948920166698,-0.0121393433298623,0.0378046440222605,0.0200505362519919
-0.0007008885740451,-0.0266181003082095,0.0152948920166698,-0.0121393433298623,0.0378046440222605,0.0200505362519919,-0.0269603733388412,0.8300973865877712,0.0330400307457729
-0.0121393433298623,0.0378046440222605,0.0200505362519919,-0.0269603733388412,0.8300973865877712,0.0330400307457729,-0.0076084806375782,-0.5413502180758802,0.0240782897221921
-0.0269603733388412,0.8300973865877712,0.0330400307457729,-0.0076084806375782,-0.5413502180758802,0.0240782897221921,0.0064414787762625,-0.1977162578939638,0.0136339978535066
-0.0076084806375782,-0.5413502180758802,0.0240782897221921,0.0064414787762625,-0.1977162578939638,0.0136339978535066,-0.0092526834637127,-0.1442496910896527,0.0106467041455416
