feature_0,feature_1,feature_2,feature_3,feature_4,feature_5,feature_6,feature_7,feature_8
-0.0026115629853884,-0.4800392311407551,0.0285396632372181,0.0324616274393696,0.1106279917939365,0.0257568036280749,-0.0191833175470356,-0.3083178975129943,0.0280784477477341
0.0324616274393696,0.1106279917939365,0.0257568036280749,-0.0191833175470356,-0.3083178975129943,0.0280784477477341,0.0112709085782625,-0.0199919883682976,0.0194477140884216
-0.0191833175470356,-0.3083178975129943,0.0280784477477341,0.0112709085782625,-0.0199919883682976,0.0194477140884216,0.0218318569501374,0.4641773081319214,0.025702378025983
0.0112709085782625,-0.0199919883682976,0.0194477140884216,0.0218318569501374,0.4641773081319214,0.025702378025983,-0.0366033589054903,0.4530452719574422,0.0443514644351463
0.0218318569501374,0.4641773081319214,0.025702378025983,-0.0366033589054903,0.4530452719574422,0.0443514644351463,0.0074588563236714,-0.4935601855805084,0.0194762207800325
-0.0366033589054903,0.4530452719574422,0.0443514644351463,0.0074588563236714,-0.4935601855805084,0.0194762207800325,0.0083294045919859,0.1187421843166458,0.0212134882790145
0.0074588563236714,-0.4935601855805084,0.0194762207800325,0.0083294045919859,0.1187421843166458,0.0212134882790145,-0.017700837879393,0.2169689281856772,0.0288214443906992
