feature_0,feature_1,feature_2,feature_3,feature_4,feature_5,feature_6,feature_7,feature_8
0.0132156685914506,0.0625156411511886,0.0203363454768523,0.0109794461266581,-0.1508850441113972,0.0089139934330298,-0.0182578890170493,0.059228259755296,0.0160190581109061
0.0109794461266581,-0.1508850441113972,0.0089139934330298,-0.0182578890170493,0.059228259755296,0.0160190581109061,0.0129306414424406,-0.0581309954171529,0.0171512892033647
-0.0182578890170493,0.059228259755296,0.0160190581109061,0.0129306414424406,-0.0581309954171529,0.0171512892033647,0.0078557380783754,0.2250066487754165,0.0127461685057729
0.0129306414424406,-0.0581309954171529,0.0171512892033647,0.0078557380783754,0.2250066487754165,0.0127461685057729,-0.0250369354975423,0.8585335767503823,0.0235097835385782
0.0078557380783754,0.2250066487754165,0.0127461685057729,-0.0250369354975423,0.8585335767503823,0.0235097835385782,-0.0035128117086369,-0.5530771048320939,0.0123789947489117
-0.0250369354975423,0.8585335767503823,0.0235097835385782,-0.0035128117086369,-0.5530771048320939,0.0123789947489117,-0.0012460185944024,-0.0195019662354017,0.0150380719729941
-0.0035128117086369,-0.5530771048320939,0.0123789947489117,-0.0012460185944024,-0.0195019662354017,0.0150380719729941,-0.0239767542998627,0.2987174283135121,0.0283298065445924
