feature_0,feature_1,feature_2,feature_3,feature_4,feature_5,feature_6,feature_7,feature_8
0.005571086486382,-0.1698844111215245,0.0078630929553642,0.0,0.0619449044106579,0.0124941482086633,-0.0046382937330329,0.0473456658870223,0.0226521722576104
0.0,0.0619449044106579,0.0124941482086633,-0.0046382937330329,0.0473456658870223,0.0226521722576104,-0.026095178025291,0.3596129119577722,0.0340527132605551
-0.0046382937330329,0.0473456658870223,0.0226521722576104,-0.026095178025291,0.3596129119577722,0.0340527132605551,0.0133972372141051,-0.4680702802249763,0.0124164385029008
-0.026095178025291,0.3596129119577722,0.0340527132605551,0.0133972372141051,-0.4680702802249763,0.0124164385029008,-0.0094428417569532,0.7168522503976795,0.0177118645305819
0.0133972372141051,-0.4680702802249763,0.0124164385029008,-0.0094428417569532,0.7168522503976795,0.0177118645305819,-0.0166825951912332,-0.3597122302158273,0.0252795559299161
-0.0094428417569532,0.7168522503976795,0.0177118645305819,-0.0166825951912332,-0.3597122302158273,0.0252795559299161,0.0004847481850909,-0.373765747361253,0.0077820939478691
-0.0166825951912332,-0.3597122302158273,0.0252795559299161,0.0004847481850909,-0.373765747361253,0.0077820939478691,-0.0116279460707164,0.4696207693353269,0.0181550959013621
