feature_0,feature_1,feature_2,feature_3,feature_4,feature_5,feature_6,feature_7,feature_8
-0.0105414755368353,-0.0689138576779025,0.019011978957918,-0.0070703954867047,-0.0125502815768302,0.0184096866711148,-0.0026822060684214,-0.2207919178751832,0.0186073990257748
-0.0070703954867047,-0.0125502815768302,0.0184096866711148,-0.0026822060684214,-0.2207919178751832,0.0186073990257748,-0.0203432666286044,0.7279381012128816,0.0373864973572347
-0.0026822060684214,-0.2207919178751832,0.0186073990257748,-0.0203432666286044,0.7279381012128816,0.0373864973572347,0.0122797471033844,-0.3124773084836015,0.0157526834854115
-0.0203432666286044,0.7279381012128816,0.0373864973572347,0.0122797471033844,-0.3124773084836015,0.0157526834854115,-0.0175058324486691,1.132019010737546,0.0159786187746252
0.0122797471033844,-0.3124773084836015,0.0157526834854115,-0.0175058324486691,1.132019010737546,0.0159786187746252,-0.0077293542092693,-0.5023117569352709,0.0150478861740848
-0.0175058324486691,1.132019010737546,0.0159786187746252,-0.0077293542092693,-0.5023117569352709,0.0150478861740848,-0.0079414539361163,0.3065693430656935,0.0233049979045224
-0.0077293542092693,-0.5023117569352709,0.0150478861740848,-0.0079414539361163,0.3065693430656935,0.0233049979045224,-0.004486910648884,-0.4000761808024378,0.0141927770581989
