feature_0,feature_1,feature_2,feature_3,feature_4,feature_5,feature_6,feature_7,feature_8
-0.0013869374535423,-0.1528304193666707,0.0054085140563007,0.0011573965011724,0.0876028286910088,0.0072661627387854,0.0045086944515286,-0.2610138004246284,0.0099025130256307
0.0011573965011724,0.0876028286910088,0.0072661627387854,0.0045086944515286,-0.2610138004246284,0.0099025130256307,-0.0018799157914968,0.163763691865685,0.0119839422888843
0.0045086944515286,-0.2610138004246284,0.0099025130256307,-0.0018799157914968,0.163763691865685,0.0119839422888843,0.01026227759534,-0.0489122049066501,0.01106587556577
-0.0018799157914968,0.163763691865685,0.0119839422888843,0.01026227759534,-0.0489122049066501,0.01106587556577,-0.0095492193771075,2.298831927319922,0.0104403104311399
0.01026227759534,-0.0489122049066501,0.01106587556577,-0.0095492193771075,2.298831927319922,0.0104403104311399,0.0013444733700935,-0.6800432772695977,0.0097555287075755
-0.0095492193771075,2.298831927319922,0.0104403104311399,0.0013444733700935,-0.6800432772695977,0.0097555287075755,-0.0026467788095297,0.5819243774976945,0.0092964193523172
0.0013444733700935,-0.6800432772695977,0.0097555287075755,-0.0026467788095297,0.5819243774976945,0.0092964193523172,0.0073075023433797,-0.3552273610571317,0.0111601290972556
