feature_0,feature_1,feature_2,feature_3,feature_4,feature_5,feature_6,feature_7,feature_8
-0.0291970939349817,0.4228399108430576,0.0421720423049379,-0.0026454771784942,-0.0942683376336159,0.0216009987257414,0.004746455842721,-0.0280801709227794,0.0196078346962351
-0.0026454771784942,-0.0942683376336159,0.0216009987257414,0.004746455842721,-0.0280801709227794,0.0196078346962351,0.0072253439088436,-0.2225478907149586,0.0291590330626094
0.004746455842721,-0.0280801709227794,0.0196078346962351,0.0072253439088436,-0.2225478907149586,0.0291590330626094,0.0213822438920174,0.2905614649252726,0.0227209285882604
0.0072253439088436,-0.2225478907149586,0.0291590330626094,0.0213822438920174,0.2905614649252726,0.0227209285882604,-0.0052675035629237,0.3697443922796035,0.0490612823237689
0.0213822438920174,0.2905614649252726,0.0227209285882604,-0.0052675035629237,0.3697443922796035,0.0490612823237689,-0.0336726925376821,-0.3196740041130322,0.0332347632636875
-0.0052675035629237,0.3697443922796035,0.0490612823237689,-0.0336726925376821,-0.3196740041130322,0.0332347632636875,-0.0075875244885073,-0.1675996417375728,0.0156360838376668
-0.0336726925376821,-0.3196740041130322,0.0332347632636875,-0.0075875244885073,-0.1675996417375728,0.0156360838376668,0.0033979914631474,-0.0991257565568258,0.0231197767038337
