feature_0,feature_1,feature_2,feature_3,feature_4,feature_5,feature_6,feature_7,feature_8
-0.0049307233183455,0.3645585472761428,0.0154431343198495,0.015101195019177,0.0534140969162995,0.0186496908438261,0.0062762720327087,0.0607248649590521,0.0218361188505248
0.015101195019177,0.0534140969162995,0.0186496908438261,0.0062762720327087,0.0607248649590521,0.0218361188505248,-0.0106259201638118,0.1217659137577003,0.020565488071739
0.0062762720327087,0.0607248649590521,0.0218361188505248,-0.0106259201638118,0.1217659137577003,0.020565488071739,0.0359560224189561,-0.0066996155958264,0.0305626241443759
-0.0106259201638118,0.1217659137577003,0.020565488071739,0.0359560224189561,-0.0066996155958264,0.0305626241443759,0.0056344512082338,0.4883163791832523,0.0177798635282672
0.0359560224189561,-0.0066996155958264,0.0305626241443759,0.0056344512082338,0.4883163791832523,0.0177798635282672,-0.0208426376362425,-0.6229662465020678,0.0245244022147451
0.0056344512082338,0.4883163791832523,0.0177798635282672,-0.0208426376362425,-0.6229662465020678,0.0245244022147451,-0.0054932088584461,-0.0430213464696223,0.0124653951830905
-0.0208426376362425,-0.6229662465020678,0.0245244022147451,-0.0054932088584461,-0.0430213464696223,0.0124653951830905,0.0121979270221195,0.2182566918325326,0.0253923933949733
