index,subsequence_idx,score
23,23,3.79223
26,26,2.51209
35,35,2.92903
59,59,2.73202
77,77,2.5406
79,79,2.95148
87,87,2.43003
92,92,4.10212
106,106,2.54567
