index,subsequence_idx,score
23,23,3.74394
35,35,2.80187
59,59,2.67902
77,77,2.44206
79,79,2.82952
87,87,2.37892
92,92,4.30499
106,106,2.6893
