index,subsequence_idx,score
23,23,3.61576
35,35,2.88602
59,59,2.57835
77,77,2.51718
79,79,2.70986
87,87,2.42187
92,92,4.11916
106,106,2.63854
