index,subsequence_idx,score
23,23,3.85697
26,26,2.56656
35,35,3.0451
59,59,2.8004
77,77,2.64032
79,79,3.03422
87,87,2.49699
92,92,4.01456
106,106,2.55112
167,167,2.44423
