index,subsequence_idx,score
47,47,2.31911
59,59,2.41666
65,65,2.43432
79,79,2.48958
92,92,2.53722
115,115,2.684
152,152,2.46388
