index,subsequence_idx,score
23,23,3.60563
26,26,2.40415
35,35,2.89608
59,59,2.59675
77,77,2.48255
79,79,2.72208
87,87,2.38027
92,92,4.0256
106,106,2.4486
