index,subsequence_idx,score
11,11,3.13256
21,21,3.56038
23,23,3.44192
34,34,2.59693
47,47,3.80442
70,70,2.45015
116,116,2.96423
175,175,2.65921
179,179,2.44567
