index,subsequence_idx,score
11,11,2.84804
43,43,2.30811
47,47,3.37617
122,122,3.05171
168,168,2.34122
180,180,2.42153
