index,subsequence_idx,score
11,11,3.23585
21,21,3.64221
23,23,3.55852
34,34,2.96774
47,47,3.87444
70,70,2.67215
116,116,3.00278
175,175,2.81225
179,179,2.47606
