index,subsequence_idx,score
11,11,3.15686
21,21,3.62308
23,23,3.51516
34,34,2.94919
47,47,3.7894
70,70,2.66619
100,100,2.52402
116,116,3.08694
175,175,2.73461
179,179,2.67172
