index,subsequence_idx,score
11,11,3.1158
21,21,3.59194
23,23,3.50146
34,34,2.61871
47,47,3.86949
70,70,2.57933
116,116,3.03148
175,175,2.71064
179,179,2.50074
