index,subsequence_idx,score
11,11,3.15773
21,21,3.53121
23,23,3.51587
34,34,2.52478
47,47,3.84462
70,70,2.50802
116,116,3.00013
175,175,2.72683
179,179,2.4796
