feature_0,feature_1,feature_2,feature_3,feature_4,feature_5,feature_6,feature_7,feature_8,feature_9,feature_10,feature_11,feature_12,feature_13,feature_14
0.0209919830121536,-0.2730486221324484,0.0265167121685693,0.0304373776044284,0.2809542989568556,0.0397869901842735,-0.0165296835614527,-0.1946292591563031,0.027572928680304,0.0256588177360086,-0.0589119828438619,0.0218508908227148,0.0195869710681486,0.209279498792225,0.0493875948785389
0.0304373776044284,0.2809542989568556,0.0397869901842735,-0.0165296835614527,-0.1946292591563031,0.027572928680304,0.0256588177360086,-0.0589119828438619,0.0218508908227148,0.0195869710681486,0.209279498792225,0.0493875948785389,0.0737993535294492,0.9658670405630324,0.0470242732892916
-0.0165296835614527,-0.1946292591563031,0.027572928680304,0.0256588177360086,-0.0589119828438619,0.0218508908227148,0.0195869710681486,0.209279498792225,0.0493875948785389,0.0737993535294492,0.9658670405630324,0.0470242732892916,-0.0843149762083984,-0.0871263614877125,0.061061279176835
0.0256588177360086,-0.0589119828438619,0.0218508908227148,0.0195869710681486,0.209279498792225,0.0493875948785389,0.0737993535294492,0.9658670405630324,0.0470242732892916,-0.0843149762083984,-0.0871263614877125,0.061061279176835,-0.011703250716856,-0.4324134128670654,0.0327868392681028
0.0195869710681486,0.209279498792225,0.0493875948785389,0.0737993535294492,0.9658670405630324,0.0470242732892916,-0.0843149762083984,-0.0871263614877125,0.061061279176835,-0.011703250716856,-0.4324134128670654,0.0327868392681028,-0.0006850625818668,0.4583075030630226,0.0441476524288125
0.0737993535294492,0.9658670405630324,0.0470242732892916,-0.0843149762083984,-0.0871263614877125,0.061061279176835,-0.011703250716856,-0.4324134128670654,0.0327868392681028,-0.0006850625818668,0.4583075030630226,0.0441476524288125,-0.0201742977796528,-0.3650420539358149,0.039380435692653
-0.0843149762083984,-0.0871263614877125,0.061061279176835,-0.011703250716856,-0.4324134128670654,0.0327868392681028,-0.0006850625818668,0.4583075030630226,0.0441476524288125,-0.0201742977796528,-0.3650420539358149,0.039380435692653,-0.0180910058248766,-0.1483401710370422,0.0431484995146103
-0.011703250716856,-0.4324134128670654,0.0327868392681028,-0.0006850625818668,0.4583075030630226,0.0441476524288125,-0.0201742977796528,-0.3650420539358149,0.039380435692653,-0.0180910058248766,-0.1483401710370422,0.0431484995146103,-0.0064128386310795,-0.1838740376803744,0.0269146445759113
