feature_0,feature_1,feature_2,feature_3,feature_4,feature_5,feature_6,feature_7,feature_8,feature_9,feature_10,feature_11,feature_12,feature_13,feature_14
0.0068855629374076,-0.1752524388156768,0.0170303870385015,0.0105207591201876,0.4755135920315418,0.0330121064221556,-0.0032969619241454,0.4806272414035581,0.0229301161229081,0.0139275977822324,-0.0890482522796353,0.0260655085250894,0.0034341048656947,0.3851728272769927,0.0226955844878209
0.0105207591201876,0.4755135920315418,0.0330121064221556,-0.0032969619241454,0.4806272414035581,0.0229301161229081,0.0139275977822324,-0.0890482522796353,0.0260655085250894,0.0034341048656947,0.3851728272769927,0.0226955844878209,0.0419233930148168,1.0786631036169974,0.1467060521204937
-0.0032969619241454,0.4806272414035581,0.0229301161229081,0.0139275977822324,-0.0890482522796353,0.0260655085250894,0.0034341048656947,0.3851728272769927,0.0226955844878209,0.0419233930148168,1.0786631036169974,0.1467060521204937,-0.0315322770080095,-0.556511189976099,0.0373577990446739
0.0139275977822324,-0.0890482522796353,0.0260655085250894,0.0034341048656947,0.3851728272769927,0.0226955844878209,0.0419233930148168,1.0786631036169974,0.1467060521204937,-0.0315322770080095,-0.556511189976099,0.0373577990446739,-0.0047483238874415,-0.176621891969134,0.0229126832292905
0.0034341048656947,0.3851728272769927,0.0226955844878209,0.0419233930148168,1.0786631036169974,0.1467060521204937,-0.0315322770080095,-0.556511189976099,0.0373577990446739,-0.0047483238874415,-0.176621891969134,0.0229126832292905,-0.0185720990104319,0.0498834730004462,0.047075360808177
0.0419233930148168,1.0786631036169974,0.1467060521204937,-0.0315322770080095,-0.556511189976099,0.0373577990446739,-0.0047483238874415,-0.176621891969134,0.0229126832292905,-0.0185720990104319,0.0498834730004462,0.047075360808177,-0.0298610125322213,-0.1964766447834506,0.0299068439180138
-0.0315322770080095,-0.556511189976099,0.0373577990446739,-0.0047483238874415,-0.176621891969134,0.0229126832292905,-0.0185720990104319,0.0498834730004462,0.047075360808177,-0.0298610125322213,-0.1964766447834506,0.0299068439180138,-0.0152112497142019,0.0300358549344619,0.0325055268179982
-0.0047483238874415,-0.176621891969134,0.0229126832292905,-0.0185720990104319,0.0498834730004462,0.047075360808177,-0.0298610125322213,-0.1964766447834506,0.0299068439180138,-0.0152112497142019,0.0300358549344619,0.0325055268179982,-0.007632079674856,-0.1277676329605113,0.0170401581838113
