feature_0,feature_1,feature_2,feature_3,feature_4,feature_5,feature_6,feature_7,feature_8,feature_9,feature_10,feature_11,feature_12,feature_13,feature_14
0.0197780341388327,-0.1655867970660146,0.0156017858508031,0.0182965781516757,0.2182257710057871,0.0263303004273581,-0.0025155242176903,0.2472639807576668,0.019907233610447,0.0323336821210784,1.35628194002507,0.0367494329103764,0.0133483223213739,-0.5275606662028891,0.0405128942272836
0.0182965781516757,0.2182257710057871,0.0263303004273581,-0.0025155242176903,0.2472639807576668,0.019907233610447,0.0323336821210784,1.35628194002507,0.0367494329103764,0.0133483223213739,-0.5275606662028891,0.0405128942272836,0.0324579642629456,0.2831961888263317,0.041337081083326
-0.0025155242176903,0.2472639807576668,0.019907233610447,0.0323336821210784,1.35628194002507,0.0367494329103764,0.0133483223213739,-0.5275606662028891,0.0405128942272836,0.0324579642629456,0.2831961888263317,0.041337081083326,-0.0392760168882754,-0.3097303317695501,0.0402319218059413
0.0323336821210784,1.35628194002507,0.0367494329103764,0.0133483223213739,-0.5275606662028891,0.0405128942272836,0.0324579642629456,0.2831961888263317,0.041337081083326,-0.0392760168882754,-0.3097303317695501,0.0402319218059413,-0.0070305737787267,-0.439761392528848,0.021760478918873
0.0133483223213739,-0.5275606662028891,0.0405128942272836,0.0324579642629456,0.2831961888263317,0.041337081083326,-0.0392760168882754,-0.3097303317695501,0.0402319218059413,-0.0070305737787267,-0.439761392528848,0.021760478918873,-0.0080419401385797,0.5060219933670798,0.0209615418903502
0.0324579642629456,0.2831961888263317,0.041337081083326,-0.0392760168882754,-0.3097303317695501,0.0402319218059413,-0.0070305737787267,-0.439761392528848,0.021760478918873,-0.0080419401385797,0.5060219933670798,0.0209615418903502,-0.0076666278553731,-0.1065136764024107,0.0169992089374977
-0.0392760168882754,-0.3097303317695501,0.0402319218059413,-0.0070305737787267,-0.439761392528848,0.021760478918873,-0.0080419401385797,0.5060219933670798,0.0209615418903502,-0.0076666278553731,-0.1065136764024107,0.0169992089374977,-0.011633055083381,-0.3424568685951485,0.027907799991181
-0.0070305737787267,-0.439761392528848,0.021760478918873,-0.0080419401385797,0.5060219933670798,0.0209615418903502,-0.0076666278553731,-0.1065136764024107,0.0169992089374977,-0.011633055083381,-0.3424568685951485,0.027907799991181,0.0014375077727484,0.5328467153284671,0.023624227201569
