feature_0,feature_1,feature_2,feature_3,feature_4,feature_5,feature_6,feature_7,feature_8,feature_9,feature_10,feature_11,feature_12,feature_13,feature_14
0.0241544940860012,-0.2885896527285613,0.0229608146830572,0.018970592755265,0.1250514710765757,0.0309320954860577,-0.0244541009046606,-0.1963884084321631,0.0196058024868502,0.0195996856471412,0.0971307049827003,0.0212765705958155,0.0160866165799808,0.1894967309102231,0.0369952914799256
0.018970592755265,0.1250514710765757,0.0309320954860577,-0.0244541009046606,-0.1963884084321631,0.0196058024868502,0.0195996856471412,0.0971307049827003,0.0212765705958155,0.0160866165799808,0.1894967309102231,0.0369952914799256,0.072786992308788,0.966834688484173,0.0212100923286044
-0.0244541009046606,-0.1963884084321631,0.0196058024868502,0.0195996856471412,0.0971307049827003,0.0212765705958155,0.0160866165799808,0.1894967309102231,0.0369952914799256,0.072786992308788,0.966834688484173,0.0212100923286044,-0.0274735435326313,-0.0654586613778872,0.0509845548272915
0.0195996856471412,0.0971307049827003,0.0212765705958155,0.0160866165799808,0.1894967309102231,0.0369952914799256,0.072786992308788,0.966834688484173,0.0212100923286044,-0.0274735435326313,-0.0654586613778872,0.0509845548272915,-0.0179422924859545,-0.5100299651045104,0.024342397171103
0.0160866165799808,0.1894967309102231,0.0369952914799256,0.072786992308788,0.966834688484173,0.0212100923286044,-0.0274735435326313,-0.0654586613778872,0.0509845548272915,-0.0179422924859545,-0.5100299651045104,0.024342397171103,0.0460640562777663,0.5315878948486856,0.0490690207895817
0.072786992308788,0.966834688484173,0.0212100923286044,-0.0274735435326313,-0.0654586613778872,0.0509845548272915,-0.0179422924859545,-0.5100299651045104,0.024342397171103,0.0460640562777663,0.5315878948486856,0.0490690207895817,-0.0768300556822517,0.9331384079232484,0.0520195677937145
-0.0274735435326313,-0.0654586613778872,0.0509845548272915,-0.0179422924859545,-0.5100299651045104,0.024342397171103,0.0460640562777663,0.5315878948486856,0.0490690207895817,-0.0768300556822517,0.9331384079232484,0.0520195677937145,-0.0438765153920664,0.2608252808899818,0.0683541782934878
-0.0179422924859545,-0.5100299651045104,0.024342397171103,0.0460640562777663,0.5315878948486856,0.0490690207895817,-0.0768300556822517,0.9331384079232484,0.0520195677937145,-0.0438765153920664,0.2608252808899818,0.0683541782934878,-0.0046311506890164,-0.5397371395086016,0.0265251989389921
