feature_0,feature_1,feature_2,feature_3,feature_4,feature_5,feature_6,feature_7,feature_8,feature_9,feature_10,feature_11,feature_12,feature_13,feature_14
0.0251215941262359,-0.2083423384482385,0.0246849762154687,0.0156312351043577,0.1824741973995705,0.0263716336077561,-0.0274054723412554,-0.1604147427326984,0.0193703856028499,0.0196019260948856,-0.0844773877390201,0.0216791361768503,0.0156202747647995,0.183163878279269,0.0383052666388942
0.0156312351043577,0.1824741973995705,0.0263716336077561,-0.0274054723412554,-0.1604147427326984,0.0193703856028499,0.0196019260948856,-0.0844773877390201,0.0216791361768503,0.0156202747647995,0.183163878279269,0.0383052666388942,0.0726609663269841,0.7665027318263453,0.0214004013488288
-0.0274054723412554,-0.1604147427326984,0.0193703856028499,0.0196019260948856,-0.0844773877390201,0.0216791361768503,0.0156202747647995,0.183163878279269,0.0383052666388942,0.0726609663269841,0.7665027318263453,0.0214004013488288,-0.0329044323184702,-0.2101813283686452,0.0456920953714169
0.0196019260948856,-0.0844773877390201,0.0216791361768503,0.0156202747647995,0.183163878279269,0.0383052666388942,0.0726609663269841,0.7665027318263453,0.0214004013488288,-0.0329044323184702,-0.2101813283686452,0.0456920953714169,-0.0166316962934368,-0.305523118451854,0.0243615877709934
0.0156202747647995,0.183163878279269,0.0383052666388942,0.0726609663269841,0.7665027318263453,0.0214004013488288,-0.0329044323184702,-0.2101813283686452,0.0456920953714169,-0.0166316962934368,-0.305523118451854,0.0243615877709934,0.0441672924343061,0.3193133382864741,0.0494650000003683
0.0726609663269841,0.7665027318263453,0.0214004013488288,-0.0329044323184702,-0.2101813283686452,0.0456920953714169,-0.0166316962934368,-0.305523118451854,0.0243615877709934,0.0441672924343061,0.3193133382864741,0.0494650000003683,-0.0744168797202718,1.1798641326899593,0.0520542370086418
-0.0329044323184702,-0.2101813283686452,0.0456920953714169,-0.0166316962934368,-0.305523118451854,0.0243615877709934,0.0441672924343061,0.3193133382864741,0.0494650000003683,-0.0744168797202718,1.1798641326899593,0.0520542370086418,-0.0454000261087979,0.3297609659260871,0.0719156185393799
-0.0166316962934368,-0.305523118451854,0.0243615877709934,0.0441672924343061,0.3193133382864741,0.0494650000003683,-0.0744168797202718,1.1798641326899593,0.0520542370086418,-0.0454000261087979,0.3297609659260871,0.0719156185393799,-0.006285317874218,-0.4956441094248792,0.0263408219181621
