feature_0,feature_1,feature_2,feature_3,feature_4,feature_5,feature_6,feature_7,feature_8,feature_9,feature_10,feature_11,feature_12,feature_13,feature_14
0.0242317725417147,-0.1522716641049385,0.0394937056529373,-0.0117074263670858,0.1711206459677692,0.0246453005624517,-0.004442268060341,-0.1420109239172243,0.0234824499143479,0.0218147165402664,-0.1538599479960548,0.0286854956722835,-0.0092188068193764,0.8380708911730423,0.0344220843755461
-0.0117074263670858,0.1711206459677692,0.0246453005624517,-0.004442268060341,-0.1420109239172243,0.0234824499143479,0.0218147165402664,-0.1538599479960548,0.0286854956722835,-0.0092188068193764,0.8380708911730423,0.0344220843755461,-0.0558276994813889,-0.0258490851571339,0.060344865385428
-0.004442268060341,-0.1420109239172243,0.0234824499143479,0.0218147165402664,-0.1538599479960548,0.0286854956722835,-0.0092188068193764,0.8380708911730423,0.0344220843755461,-0.0558276994813889,-0.0258490851571339,0.060344865385428,0.000259256535533,-0.0587364994821719,0.0408756098787788
0.0218147165402664,-0.1538599479960548,0.0286854956722835,-0.0092188068193764,0.8380708911730423,0.0344220843755461,-0.0558276994813889,-0.0258490851571339,0.060344865385428,0.000259256535533,-0.0587364994821719,0.0408756098787788,-0.0067408902920803,-0.3801163156240176,0.0351718555224783
-0.0092188068193764,0.8380708911730423,0.0344220843755461,-0.0558276994813889,-0.0258490851571339,0.060344865385428,0.000259256535533,-0.0587364994821719,0.0408756098787788,-0.0067408902920803,-0.3801163156240176,0.0351718555224783,0.0187940161402246,-0.1925983213733296,0.0280692477650945
-0.0558276994813889,-0.0258490851571339,0.060344865385428,0.000259256535533,-0.0587364994821719,0.0408756098787788,-0.0067408902920803,-0.3801163156240176,0.0351718555224783,0.0187940161402246,-0.1925983213733296,0.0280692477650945,0.0064052061115773,-0.0293327889703688,0.0240496599227314
0.000259256535533,-0.0587364994821719,0.0408756098787788,-0.0067408902920803,-0.3801163156240176,0.0351718555224783,0.0187940161402246,-0.1925983213733296,0.0280692477650945,0.0064052061115773,-0.0293327889703688,0.0240496599227314,-0.0412422214991662,1.2293456280837982,0.0487021607397308
-0.0067408902920803,-0.3801163156240176,0.0351718555224783,0.0187940161402246,-0.1925983213733296,0.0280692477650945,0.0064052061115773,-0.0293327889703688,0.0240496599227314,-0.0412422214991662,1.2293456280837982,0.0487021607397308,0.0361126421131994,-0.4100880216534719,0.0270553923707255
