feature_0,feature_1,feature_2,feature_3,feature_4,feature_5,feature_6,feature_7,feature_8,feature_9,feature_10,feature_11,feature_12,feature_13,feature_14
-0.003769823929222,-0.3993001955336008,0.013028278614396,-0.0131930979715439,0.2093541202672606,0.0220112726571767,0.0084982832959741,0.1818954526136846,0.0156830819353852,0.0157231181298389,0.4358144552319309,0.0167677941443199,-0.0102186474400925,-0.3716503881793138,0.017130021899
-0.0131930979715439,0.2093541202672606,0.0220112726571767,0.0084982832959741,0.1818954526136846,0.0156830819353852,0.0157231181298389,0.4358144552319309,0.0167677941443199,-0.0102186474400925,-0.3716503881793138,0.017130021899,0.0010223214887927,-0.1240866214959479,0.0189500034880167
0.0084982832959741,0.1818954526136846,0.0156830819353852,0.0157231181298389,0.4358144552319309,0.0167677941443199,-0.0102186474400925,-0.3716503881793138,0.017130021899,0.0010223214887927,-0.1240866214959479,0.0189500034880167,0.0013274520845063,-0.2184134688305778,0.0147255719924624
0.0157231181298389,0.4358144552319309,0.0167677941443199,-0.0102186474400925,-0.3716503881793138,0.017130021899,0.0010223214887927,-0.1240866214959479,0.0189500034880167,0.0013274520845063,-0.2184134688305778,0.0147255719924624,0.0028554173503472,0.1750436638851153,0.0130638776836325
-0.0102186474400925,-0.3716503881793138,0.017130021899,0.0010223214887927,-0.1240866214959479,0.0189500034880167,0.0013274520845063,-0.2184134688305778,0.0147255719924624,0.0028554173503472,0.1750436638851153,0.0130638776836325,0.0067114340566061,0.1174236168455822,0.0226757849284459
0.0010223214887927,-0.1240866214959479,0.0189500034880167,0.0013274520845063,-0.2184134688305778,0.0147255719924624,0.0028554173503472,0.1750436638851153,0.0130638776836325,0.0067114340566061,0.1174236168455822,0.0226757849284459,-0.0004039529145311,-0.0699083653561927,0.0117024683541601
0.0013274520845063,-0.2184134688305778,0.0147255719924624,0.0028554173503472,0.1750436638851153,0.0130638776836325,0.0067114340566061,0.1174236168455822,0.0226757849284459,-0.0004039529145311,-0.0699083653561927,0.0117024683541601,-0.0102061754442003,0.291117114253933,0.0157399935933046
0.0028554173503472,0.1750436638851153,0.0130638776836325,0.0067114340566061,0.1174236168455822,0.0226757849284459,-0.0004039529145311,-0.0699083653561927,0.0117024683541601,-0.0102061754442003,0.291117114253933,0.0157399935933046,0.0293004724327863,0.0398769230769231,0.0266775559617764
