feature_0,feature_1,feature_2,feature_3,feature_4,feature_5,feature_6,feature_7,feature_8,feature_9,feature_10,feature_11,feature_12,feature_13,feature_14
0.0078817351946758,-0.0090225205922963,0.0106146710193076,0.0090422314691915,0.1671511278737358,0.0292043148329558,0.0,0.3500257281053822,0.0092435189120272,0.0134415544205896,0.1276089707429373,0.0136836670908504,0.0248536238024401,0.1351658306404726,0.0297846639858531
0.0090422314691915,0.1671511278737358,0.0292043148329558,0.0,0.3500257281053822,0.0092435189120272,0.0134415544205896,0.1276089707429373,0.0136836670908504,0.0248536238024401,0.1351658306404726,0.0297846639858531,0.0211029346289435,-0.1733485790514305,0.0249679082079949
0.0,0.3500257281053822,0.0092435189120272,0.0134415544205896,0.1276089707429373,0.0136836670908504,0.0248536238024401,0.1351658306404726,0.0297846639858531,0.0211029346289435,-0.1733485790514305,0.0249679082079949,-0.0054807461872692,-0.2867990317560948,0.0120231319714144
0.0134415544205896,0.1276089707429373,0.0136836670908504,0.0248536238024401,0.1351658306404726,0.0297846639858531,0.0211029346289435,-0.1733485790514305,0.0249679082079949,-0.0054807461872692,-0.2867990317560948,0.0120231319714144,-0.0213546728726288,-0.0441625083335016,0.0197136855328704
0.0248536238024401,0.1351658306404726,0.0297846639858531,0.0211029346289435,-0.1733485790514305,0.0249679082079949,-0.0054807461872692,-0.2867990317560948,0.0120231319714144,-0.0213546728726288,-0.0441625083335016,0.0197136855328704,0.0157202241447489,0.0841629150550589,0.0215041347105452
0.0211029346289435,-0.1733485790514305,0.0249679082079949,-0.0054807461872692,-0.2867990317560948,0.0120231319714144,-0.0213546728726288,-0.0441625083335016,0.0197136855328704,0.0157202241447489,0.0841629150550589,0.0215041347105452,-0.004851066706725,0.0633590018520324,0.0117442108864009
-0.0054807461872692,-0.2867990317560948,0.0120231319714144,-0.0213546728726288,-0.0441625083335016,0.0197136855328704,0.0157202241447489,0.0841629150550589,0.0215041347105452,-0.004851066706725,0.0633590018520324,0.0117442108864009,-0.029596084198361,0.1344761206343385,0.0372901745018138
-0.0213546728726288,-0.0441625083335016,0.0197136855328704,0.0157202241447489,0.0841629150550589,0.0215041347105452,-0.004851066706725,0.0633590018520324,0.0117442108864009,-0.029596084198361,0.1344761206343385,0.0372901745018138,0.0009569292364988,-0.2656755009696186,0.0138888146630323
