feature_0,feature_1,feature_2,feature_3,feature_4,feature_5,feature_6,feature_7,feature_8,feature_9,feature_10,feature_11,feature_12,feature_13,feature_14
0.0409896463027594,-0.0428179700999173,0.0293788650762102,0.0301423652847143,0.4038050239187507,0.0393514015589658,-0.0308422572163628,-0.2161417201770105,0.028376987108166,0.0129879403876815,0.0642651060445576,0.0159978344766909,0.0278578971238439,0.8651837504733246,0.0443356751033751
0.0301423652847143,0.4038050239187507,0.0393514015589658,-0.0308422572163628,-0.2161417201770105,0.028376987108166,0.0129879403876815,0.0642651060445576,0.0159978344766909,0.0278578971238439,0.8651837504733246,0.0443356751033751,0.2328239685239961,1.7034314870376028,0.094360566465593
-0.0308422572163628,-0.2161417201770105,0.028376987108166,0.0129879403876815,0.0642651060445576,0.0159978344766909,0.0278578971238439,0.8651837504733246,0.0443356751033751,0.2328239685239961,1.7034314870376028,0.094360566465593,-0.0118662917627085,-0.4895541273441492,0.0758926399974502
0.0129879403876815,0.0642651060445576,0.0159978344766909,0.0278578971238439,0.8651837504733246,0.0443356751033751,0.2328239685239961,1.7034314870376028,0.094360566465593,-0.0118662917627085,-0.4895541273441492,0.0758926399974502,-0.0025196665824503,-0.4468953790992543,0.0279214777732203
0.0278578971238439,0.8651837504733246,0.0443356751033751,0.2328239685239961,1.7034314870376028,0.094360566465593,-0.0118662917627085,-0.4895541273441492,0.0758926399974502,-0.0025196665824503,-0.4468953790992543,0.0279214777732203,0.029882842803266,0.1082035976066171,0.0508677071219323
0.2328239685239961,1.7034314870376028,0.094360566465593,-0.0118662917627085,-0.4895541273441492,0.0758926399974502,-0.0025196665824503,-0.4468953790992543,0.0279214777732203,0.029882842803266,0.1082035976066171,0.0508677071219323,-0.0427409173460489,-0.2324009626025102,0.0432429681898624
-0.0118662917627085,-0.4895541273441492,0.0758926399974502,-0.0025196665824503,-0.4468953790992543,0.0279214777732203,0.029882842803266,0.1082035976066171,0.0508677071219323,-0.0427409173460489,-0.2324009626025102,0.0432429681898624,-0.0300386706858749,0.027109142175649,0.0529135747613936
-0.0025196665824503,-0.4468953790992543,0.0279214777732203,0.029882842803266,0.1082035976066171,0.0508677071219323,-0.0427409173460489,-0.2324009626025102,0.0432429681898624,-0.0300386706858749,0.027109142175649,0.0529135747613936,-0.0211892359704924,-0.0992812267637962,0.0319584256768045
