feature_0,feature_1,feature_2,feature_3,feature_4,feature_5,feature_6,feature_7,feature_8,feature_9,feature_10,feature_11,feature_12,feature_13,feature_14
0.0071907501425003,-0.7141146777116231,0.0223083931013924,-0.0142788248233676,0.499490662139219,0.0159651631585876,-0.016900097087406,-0.1514945652173913,0.0167735641297269,0.0039291971086592,-0.1429588114936393,0.0128331799577767,0.022994163024556,-0.2917791156321362,0.0407554503290697
-0.0142788248233676,0.499490662139219,0.0159651631585876,-0.016900097087406,-0.1514945652173913,0.0167735641297269,0.0039291971086592,-0.1429588114936393,0.0128331799577767,0.022994163024556,-0.2917791156321362,0.0407554503290697,0.0363463834153157,-0.077238751282427,0.038973367829992
-0.016900097087406,-0.1514945652173913,0.0167735641297269,0.0039291971086592,-0.1429588114936393,0.0128331799577767,0.022994163024556,-0.2917791156321362,0.0407554503290697,0.0363463834153157,-0.077238751282427,0.038973367829992,-0.0124597392970813,0.32925667090216,0.0174282075935657
0.0039291971086592,-0.1429588114936393,0.0128331799577767,0.022994163024556,-0.2917791156321362,0.0407554503290697,0.0363463834153157,-0.077238751282427,0.038973367829992,-0.0124597392970813,0.32925667090216,0.0174282075935657,-0.0219625570736332,-0.0641653722069542,0.0202117450633128
0.022994163024556,-0.2917791156321362,0.0407554503290697,0.0363463834153157,-0.077238751282427,0.038973367829992,-0.0124597392970813,0.32925667090216,0.0174282075935657,-0.0219625570736332,-0.0641653722069542,0.0202117450633128,0.0100333436039343,0.0469867211440244,0.0241779493530695
0.0363463834153157,-0.077238751282427,0.038973367829992,-0.0124597392970813,0.32925667090216,0.0174282075935657,-0.0219625570736332,-0.0641653722069542,0.0202117450633128,0.0100333436039343,0.0469867211440244,0.0241779493530695,-0.001892018939918,-0.0782926829268292,0.0195238022577195
-0.0124597392970813,0.32925667090216,0.0174282075935657,-0.0219625570736332,-0.0641653722069542,0.0202117450633128,0.0100333436039343,0.0469867211440244,0.0241779493530695,-0.001892018939918,-0.0782926829268292,0.0195238022577195,-0.0118483885090637,-0.1880127017729558,0.0269231439342185
-0.0219625570736332,-0.0641653722069542,0.0202117450633128,0.0100333436039343,0.0469867211440244,0.0241779493530695,-0.001892018939918,-0.0782926829268292,0.0195238022577195,-0.0118483885090637,-0.1880127017729558,0.0269231439342185,-0.0978417964204173,1.2776600945087178,0.0692963337526585
