feature_0,feature_1,feature_2,feature_3,feature_4,feature_5,feature_6,feature_7,feature_8,feature_9,feature_10,feature_11,feature_12,feature_13,feature_14
0.0021196752145622,0.2384344051010718,0.0157144638391176,-0.0093511067753666,-0.2226543243687353,0.0085431895689298,-0.0184291137329145,0.1019060033821872,0.0187378425432906,0.0127074647269256,-0.0087765574792575,0.0129365186325365,0.0179743848448847,-0.0095316431197987,0.0276612908596634
-0.0093511067753666,-0.2226543243687353,0.0085431895689298,-0.0184291137329145,0.1019060033821872,0.0187378425432906,0.0127074647269256,-0.0087765574792575,0.0129365186325365,0.0179743848448847,-0.0095316431197987,0.0276612908596634,-0.0074404097042266,0.3464901568071907,0.0255200039386374
-0.0184291137329145,0.1019060033821872,0.0187378425432906,0.0127074647269256,-0.0087765574792575,0.0129365186325365,0.0179743848448847,-0.0095316431197987,0.0276612908596634,-0.0074404097042266,0.3464901568071907,0.0255200039386374,0.0026852594264976,-0.3141053548106225,0.0225445289321915
0.0127074647269256,-0.0087765574792575,0.0129365186325365,0.0179743848448847,-0.0095316431197987,0.0276612908596634,-0.0074404097042266,0.3464901568071907,0.0255200039386374,0.0026852594264976,-0.3141053548106225,0.0225445289321915,-0.0121623556547764,-0.2776190979935823,0.01368777221252
0.0179743848448847,-0.0095316431197987,0.0276612908596634,-0.0074404097042266,0.3464901568071907,0.0255200039386374,0.0026852594264976,-0.3141053548106225,0.0225445289321915,-0.0121623556547764,-0.2776190979935823,0.01368777221252,-0.008923720457196,1.2517817045787365,0.0199304001215046
-0.0074404097042266,0.3464901568071907,0.0255200039386374,0.0026852594264976,-0.3141053548106225,0.0225445289321915,-0.0121623556547764,-0.2776190979935823,0.01368777221252,-0.008923720457196,1.2517817045787365,0.0199304001215046,-0.0119670950561889,-0.1735963581183611,0.0162986475308886
0.0026852594264976,-0.3141053548106225,0.0225445289321915,-0.0121623556547764,-0.2776190979935823,0.01368777221252,-0.008923720457196,1.2517817045787365,0.0199304001215046,-0.0119670950561889,-0.1735963581183611,0.0162986475308886,-0.0004613851871061,-0.3494176590944861,0.0181860264279463
-0.0121623556547764,-0.2776190979935823,0.01368777221252,-0.008923720457196,1.2517817045787365,0.0199304001215046,-0.0119670950561889,-0.1735963581183611,0.0162986475308886,-0.0004613851871061,-0.3494176590944861,0.0181860264279463,0.0056548948857553,0.0721932141201138,0.012045413014118
