feature_0,feature_1,feature_2,feature_3,feature_4,feature_5,feature_6,feature_7,feature_8,feature_9,feature_10,feature_11,feature_12,feature_13,feature_14
0.0078579885453866,-0.0817307692307692,0.0186541855525494,-0.0003997743387117,-0.2322703474535935,0.0123928598515783,-0.0059998299411908,0.1515809051456913,0.0185958397849745,0.0207241179839499,-0.0504710632570659,0.0233246025478905,0.0044681694238253,-0.1933380581148122,0.0234007201622155
-0.0003997743387117,-0.2322703474535935,0.0123928598515783,-0.0059998299411908,0.1515809051456913,0.0185958397849745,0.0207241179839499,-0.0504710632570659,0.0233246025478905,0.0044681694238253,-0.1933380581148122,0.0234007201622155,-0.0077844138046943,0.7429274292742927,0.0312291937769362
-0.0059998299411908,0.1515809051456913,0.0185958397849745,0.0207241179839499,-0.0504710632570659,0.0233246025478905,0.0044681694238253,-0.1933380581148122,0.0234007201622155,-0.0077844138046943,0.7429274292742927,0.0312291937769362,0.0049447156682498,-0.1428571428571429,0.0222739776560185
0.0207241179839499,-0.0504710632570659,0.0233246025478905,0.0044681694238253,-0.1933380581148122,0.0234007201622155,-0.0077844138046943,0.7429274292742927,0.0312291937769362,0.0049447156682498,-0.1428571428571429,0.0222739776560185,0.0019025009449724,-0.1806633733239238,0.012811216636323
0.0044681694238253,-0.1933380581148122,0.0234007201622155,-0.0077844138046943,0.7429274292742927,0.0312291937769362,0.0049447156682498,-0.1428571428571429,0.0222739776560185,0.0019025009449724,-0.1806633733239238,0.012811216636323,0.0055659283694013,-0.1831754234855009,0.023521550073972
-0.0077844138046943,0.7429274292742927,0.0312291937769362,0.0049447156682498,-0.1428571428571429,0.0222739776560185,0.0019025009449724,-0.1806633733239238,0.012811216636323,0.0055659283694013,-0.1831754234855009,0.023521550073972,-0.0078791414322139,0.6876977152899824,0.015966835119257
0.0049447156682498,-0.1428571428571429,0.0222739776560185,0.0019025009449724,-0.1806633733239238,0.012811216636323,0.0055659283694013,-0.1831754234855009,0.023521550073972,-0.0078791414322139,0.6876977152899824,0.015966835119257,0.000656131645192,0.3674893262522127,0.0148938607158396
0.0019025009449724,-0.1806633733239238,0.012811216636323,0.0055659283694013,-0.1831754234855009,0.023521550073972,-0.0078791414322139,0.6876977152899824,0.015966835119257,0.000656131645192,0.3674893262522127,0.0148938607158396,-0.0073461858444016,-0.1899177581480353,0.0242766461477318
