feature_0,feature_1,feature_2,feature_3,feature_4,feature_5,feature_6,feature_7,feature_8,feature_9,feature_10,feature_11,feature_12,feature_13,feature_14
0.0061381171428216,-0.0321566731141199,0.0212980778059802,0.0108315560695699,0.0803147639270547,0.0339132936429118,-0.0309150222901299,-0.0130650942305469,0.0304264709967437,0.0124556648253943,0.9256091846298032,0.0221511317635536,0.0203361999990714,-0.0714242258319645,0.0354116992862603
0.0108315560695699,0.0803147639270547,0.0339132936429118,-0.0309150222901299,-0.0130650942305469,0.0304264709967437,0.0124556648253943,0.9256091846298032,0.0221511317635536,0.0203361999990714,-0.0714242258319645,0.0354116992862603,-0.005290147102207,0.4969534167594838,0.0775581280822027
-0.0309150222901299,-0.0130650942305469,0.0304264709967437,0.0124556648253943,0.9256091846298032,0.0221511317635536,0.0203361999990714,-0.0714242258319645,0.0354116992862603,-0.005290147102207,0.4969534167594838,0.0775581280822027,-0.0209030719473297,-0.4520745798319328,0.0311614480405444
0.0124556648253943,0.9256091846298032,0.0221511317635536,0.0203361999990714,-0.0714242258319645,0.0354116992862603,-0.005290147102207,0.4969534167594838,0.0775581280822027,-0.0209030719473297,-0.4520745798319328,0.0311614480405444,-0.0453511748526385,-0.0536784088185957,0.0438526419102191
0.0203361999990714,-0.0714242258319645,0.0354116992862603,-0.005290147102207,0.4969534167594838,0.0775581280822027,-0.0209030719473297,-0.4520745798319328,0.0311614480405444,-0.0453511748526385,-0.0536784088185957,0.0438526419102191,0.0379779785229881,-0.2399763653245546,0.055637339158489
-0.005290147102207,0.4969534167594838,0.0775581280822027,-0.0209030719473297,-0.4520745798319328,0.0311614480405444,-0.0453511748526385,-0.0536784088185957,0.0438526419102191,0.0379779785229881,-0.2399763653245546,0.055637339158489,-0.0183579628396852,-0.2950910706352732,0.0226473750136789
-0.0209030719473297,-0.4520745798319328,0.0311614480405444,-0.0453511748526385,-0.0536784088185957,0.0438526419102191,0.0379779785229881,-0.2399763653245546,0.055637339158489,-0.0183579628396852,-0.2950910706352732,0.0226473750136789,-0.0148051009768466,0.944068063652119,0.042798405661785
-0.0453511748526385,-0.0536784088185957,0.0438526419102191,0.0379779785229881,-0.2399763653245546,0.055637339158489,-0.0183579628396852,-0.2950910706352732,0.0226473750136789,-0.0148051009768466,0.944068063652119,0.042798405661785,0.0067299264927767,-0.0776400032417538,0.0264883392231919
