feature_0,feature_1,feature_2,feature_3,feature_4,feature_5,feature_6,feature_7,feature_8,feature_9,feature_10,feature_11,feature_12,feature_13,feature_14
-0.0011807661451772,-0.2280240420736288,0.0201395471745302,0.0171428557466715,0.2330900243309002,0.022870658901692,-0.0065867622421527,-0.2248914759273875,0.0133490444347841,0.0103354059975935,0.9354674473366004,0.0192156772987514,-0.00289505945965,-0.4770814152308299,0.0256359546545251
0.0171428557466715,0.2330900243309002,0.022870658901692,-0.0065867622421527,-0.2248914759273875,0.0133490444347841,0.0103354059975935,0.9354674473366004,0.0192156772987514,-0.00289505945965,-0.4770814152308299,0.0256359546545251,0.0259388436097283,0.1519210211909702,0.0219189240749066
-0.0065867622421527,-0.2248914759273875,0.0133490444347841,0.0103354059975935,0.9354674473366004,0.0192156772987514,-0.00289505945965,-0.4770814152308299,0.0256359546545251,0.0259388436097283,0.1519210211909702,0.0219189240749066,-0.0075473119529871,-0.072765980675801,0.019961291171563
0.0103354059975935,0.9354674473366004,0.0192156772987514,-0.00289505945965,-0.4770814152308299,0.0256359546545251,0.0259388436097283,0.1519210211909702,0.0219189240749066,-0.0075473119529871,-0.072765980675801,0.019961291171563,-0.0138781955021926,-0.120216649005063,0.0158296150532715
-0.00289505945965,-0.4770814152308299,0.0256359546545251,0.0259388436097283,0.1519210211909702,0.0219189240749066,-0.0075473119529871,-0.072765980675801,0.019961291171563,-0.0138781955021926,-0.120216649005063,0.0158296150532715,-0.007133214617747,0.9153506423982868,0.0186092218831961
0.0259388436097283,0.1519210211909702,0.0219189240749066,-0.0075473119529871,-0.072765980675801,0.019961291171563,-0.0138781955021926,-0.120216649005063,0.0158296150532715,-0.007133214617747,0.9153506423982868,0.0186092218831961,0.0073785269816444,-0.3715892813471684,0.0136611421801798
-0.0075473119529871,-0.072765980675801,0.019961291171563,-0.0138781955021926,-0.120216649005063,0.0158296150532715,-0.007133214617747,0.9153506423982868,0.0186092218831961,0.0073785269816444,-0.3715892813471684,0.0136611421801798,-0.0256360493155569,0.6047145160393617,0.0371178819420126
-0.0138781955021926,-0.120216649005063,0.0158296150532715,-0.007133214617747,0.9153506423982868,0.0186092218831961,0.0073785269816444,-0.3715892813471684,0.0136611421801798,-0.0256360493155569,0.6047145160393617,0.0371178819420126,0.0087041971185193,-0.1360518292682927,0.0377051839978519
