{
  "anomalies": [
    {
      "anomaly_index": 1,
      "feature_importances": {
        "Close_0": 1.0276157844498245e-10,
        "Close_1": 1.0554010308848803e-10,
        "Close_2": 1.1047369723646782e-10,
        "High_0": 1.0698000784132937e-10,
        "High_1": 1.0517134958816676e-10,
        "High_2": 1.1149122709136472e-10,
        "Low_0": 1.0355057901000916e-10,
        "Low_1": 1.0223557806829798e-10,
        "Low_2": 1.0984811426419747e-10,
        "Open_0": 1.0810988729124624e-10,
        "Open_1": 1.0198789827927666e-10,
        "Open_2": 1.0929934607185554e-10,
        "Volume_0": 0.03822219416649598,
        "Volume_1": 0.1751256252543844,
        "Volume_2": 0.7866521792538704,
        "daily_return_0": 8.511332956059341e-16,
        "daily_return_1": 6.383499717044506e-16,
        "daily_return_2": 2.9789665346207695e-15,
        "daily_return_zscore_0": 3.641999371897792e-12,
        "daily_return_zscore_1": 3.3292078857626114e-12,
        "daily_return_zscore_2": 5.270217366391944e-12,
        "excess_return_0": 4.2556664780296705e-16,
        "excess_return_1": 4.2556664780296705e-16,
        "excess_return_2": 2.766183210719286e-15,
        "high_low_range_0": 4.2556664780296705e-16,
        "high_low_range_1": 2.1278332390148353e-16,
        "high_low_range_2": 1.7022665912118682e-15,
        "log_return_0": 8.511332956059341e-16,
        "log_return_1": 2.1278332390148353e-16,
        "log_return_2": 3.1917498585222528e-15,
        "log_return_zscore_0": 3.6445527717846095e-12,
        "log_return_zscore_1": 3.3309101523538233e-12,
        "log_return_zscore_2": 5.282346015854328e-12,
        "log_volume_0": 9.277352922104682e-14,
        "log_volume_1": 1.2703164436918566e-13,
        "log_volume_2": 1.3618132729694946e-13,
        "relative_volume_0": 3.5236918438085673e-13,
        "relative_volume_1": 3.0959973627665855e-13,
        "relative_volume_2": 2.4363690586719864e-13,
        "relative_volume_zscore_0": 3.5960381739350715e-12,
        "relative_volume_zscore_1": 3.666256670822561e-12,
        "relative_volume_zscore_2": 4.069268286291971e-12,
        "volume_change_0": 1.0713640358439696e-12,
        "volume_change_1": 3.1300426945908227e-13,
        "volume_change_2": 3.0066283667279624e-13,
        "volume_change_zscore_0": 4.1948104473938465e-12,
        "volume_change_zscore_1": 1.6443895271106648e-12,
        "volume_change_zscore_2": 3.168556476216991e-12
      }
    },
    {
      "anomaly_index": 23,
      "feature_importances": {
        "Close_0": 2.749794624878103e-11,
        "Close_1": 2.6820118260746552e-11,
        "Close_2": 2.636123099347972e-11,
        "High_0": 2.8160530008998903e-11,
        "High_1": 2.7827077529671862e-11,
        "High_2": 2.688985760217528e-11,
        "Low_0": 2.6910263261457352e-11,
        "Low_1": 2.7155011139552325e-11,
        "Low_2": 2.5888299831295223e-11,
        "Open_0": 2.7436969337514602e-11,
        "Open_1": 2.755868309346767e-11,
        "Open_2": 2.6857928747063334e-11,
        "Volume_0": 0.18956000870251635,
        "Volume_1": 0.5410904492886159,
        "Volume_2": 0.2693495416626803,
        "daily_return_0": 4.801331595781677e-16,
        "daily_return_1": 0.0,
        "daily_return_2": 9.602663191563353e-16,
        "daily_return_zscore_0": 1.4083505903326603e-12,
        "daily_return_zscore_1": 1.5233424820516316e-12,
        "daily_return_zscore_2": 2.6168457529909083e-12,
        "excess_return_0": 0.0,
        "excess_return_1": 1.2003328989454192e-16,
        "excess_return_2": 6.001664494727096e-16,
        "high_low_range_0": 0.0,
        "high_low_range_1": 0.0,
        "high_low_range_2": 2.4006657978908384e-16,
        "log_return_0": 4.801331595781677e-16,
        "log_return_1": 0.0,
        "log_return_2": 8.402330292617934e-16,
        "log_return_zscore_0": 1.4072702907236094e-12,
        "log_return_zscore_1": 1.5243027483707879e-12,
        "log_return_zscore_2": 2.609283655727552e-12,
        "log_volume_0": 5.941647849779825e-14,
        "log_volume_1": 8.078240409902671e-14,
        "log_volume_2": 8.234283686765575e-14,
        "relative_volume_0": 1.9313356344031795e-13,
        "relative_volume_1": 3.201287841487433e-13,
        "relative_volume_2": 1.3839838324840684e-13,
        "relative_volume_zscore_0": 1.6037647862809746e-12,
        "relative_volume_zscore_1": 1.1554404485248605e-12,
        "relative_volume_zscore_2": 1.2731931059114062e-12,
        "volume_change_0": 4.668094643998735e-13,
        "volume_change_1": 1.3745012025823994e-12,
        "volume_change_2": 1.1859289041580742e-13,
        "volume_change_zscore_0": 1.7211573437978365e-12,
        "volume_change_zscore_1": 5.992061831535533e-13,
        "volume_change_zscore_2": 5.435107366424858e-13
      }
    },
    {
      "anomaly_index": 26,
      "feature_importances": {
        "Close_0": 2.9119149960653434e-10,
        "Close_1": 2.910523413144972e-10,
        "Close_2": 2.912296053433487e-10,
        "High_0": 2.956370885096896e-10,
        "High_1": 2.921496900645301e-10,
        "High_2": 2.9578685852590293e-10,
        "Low_0": 2.8671914021738923e-10,
        "Low_1": 2.906913015169589e-10,
        "Low_2": 2.904477142120065e-10,
        "Open_0": 2.935219789409449e-10,
        "Open_1": 2.9494370880499854e-10,
        "Open_2": 2.932952739244546e-10,
        "Volume_0": 0.6710939843978374,
        "Volume_1": 0.26585126915944224,
        "Volume_2": 0.0630547428225121,
        "daily_return_0": 1.4470532967466904e-15,
        "daily_return_1": 7.235266483733452e-16,
        "daily_return_2": 2.1705799451200357e-15,
        "daily_return_zscore_0": 1.1236610024787508e-11,
        "daily_return_zscore_1": 8.782407633505122e-12,
        "daily_return_zscore_2": 9.704662934631679e-12,
        "excess_return_0": 9.64702197831127e-16,
        "excess_return_1": 7.235266483733452e-16,
        "excess_return_2": 1.4470532967466904e-15,
        "high_low_range_0": 7.235266483733452e-16,
        "high_low_range_1": 7.235266483733452e-16,
        "high_low_range_2": 1.4470532967466904e-15,
        "log_return_0": 1.4470532967466904e-15,
        "log_return_1": 7.235266483733452e-16,
        "log_return_2": 2.652931044035599e-15,
        "log_return_zscore_0": 1.1211286592094441e-11,
        "log_return_zscore_1": 8.82606040795698e-12,
        "log_return_zscore_2": 9.722027574192639e-12,
        "log_volume_0": 1.348171321469e-13,
        "log_volume_1": 3.062929478113828e-14,
        "log_volume_2": 3.2293406072396976e-13,
        "relative_volume_0": 1.128219220363503e-12,
        "relative_volume_1": 4.266395469908159e-13,
        "relative_volume_2": 5.262450489168798e-13,
        "relative_volume_zscore_0": 1.3707453528982483e-11,
        "relative_volume_zscore_1": 9.12849454697704e-12,
        "relative_volume_zscore_2": 7.152543270269433e-12,
        "volume_change_0": 2.983582722342218e-12,
        "volume_change_1": 2.517872736339241e-13,
        "volume_change_2": 4.1530429616630015e-13,
        "volume_change_zscore_0": 1.2365311596249928e-11,
        "volume_change_zscore_1": 2.231838534682312e-12,
        "volume_change_zscore_2": 3.2380229270201775e-12
      }
    },
    {
      "anomaly_index": 47,
      "feature_importances": {
        "Close_0": 1.3274548802653382e-10,
        "Close_1": 1.3908940359569746e-10,
        "Close_2": 1.3883177669830093e-10,
        "High_0": 1.3832380315311524e-10,
        "High_1": 1.3916478940614804e-10,
        "High_2": 1.4549226570200468e-10,
        "Low_0": 1.324338463739858e-10,
        "Low_1": 1.3354631548334528e-10,
        "Low_2": 1.3725078829969248e-10,
        "Open_0": 1.3851402902995315e-10,
        "Open_1": 1.3302378143894484e-10,
        "Open_2": 1.4191461013688274e-10,
        "Volume_0": 0.08186074489525708,
        "Volume_1": 0.8793916452999457,
        "Volume_2": 0.038747608071011345,
        "daily_return_0": 9.393870461131502e-16,