feature_0,feature_1,feature_2,feature_3,feature_4,feature_5,feature_6,feature_7,feature_8,feature_9,feature_10,feature_11,feature_12,feature_13,feature_14
-0.0058461121740415,0.0992493744787321,0.0139526310259591,-0.009781055948587,0.1121102477486064,0.0119155656248037,0.0018784366087418,-0.2809128979229413,0.0104338685718195,-0.0094355417899394,0.1612530274424548,0.0157576613838555,-6.117259008697751e-05,-0.0660034774326119,0.015233388704241
-0.009781055948587,0.1121102477486064,0.0119155656248037,0.0018784366087418,-0.2809128979229413,0.0104338685718195,-0.0094355417899394,0.1612530274424548,0.0157576613838555,-6.117259008697751e-05,-0.0660034774326119,0.015233388704241,0.0283952299778333,0.4264617967946407,0.02040072079049
0.0018784366087418,-0.2809128979229413,0.0104338685718195,-0.0094355417899394,0.1612530274424548,0.0157576613838555,-6.117259008697751e-05,-0.0660034774326119,0.015233388704241,0.0283952299778333,0.4264617967946407,0.02040072079049,0.0075412355981536,-0.1493490985681554,0.0117345792435393
-0.0094355417899394,0.1612530274424548,0.0157576613838555,-6.117259008697751e-05,-0.0660034774326119,0.015233388704241,0.0283952299778333,0.4264617967946407,0.02040072079049,0.0075412355981536,-0.1493490985681554,0.0117345792435393,-0.0005304690427259,-0.0495623917752838,0.0107329077629541
-6.117259008697751e-05,-0.0660034774326119,0.015233388704241,0.0283952299778333,0.4264617967946407,0.02040072079049,0.0075412355981536,-0.1493490985681554,0.0117345792435393,-0.0005304690427259,-0.0495623917752838,0.0107329077629541,-0.0061914237430004,-0.0771293372388414,0.0167721912975352
0.0283952299778333,0.4264617967946407,0.02040072079049,0.0075412355981536,-0.1493490985681554,0.0117345792435393,-0.0005304690427259,-0.0495623917752838,0.0107329077629541,-0.0061914237430004,-0.0771293372388414,0.0167721912975352,-0.0064672127766958,0.3450709024340381,0.0224933861238494
0.0075412355981536,-0.1493490985681554,0.0117345792435393,-0.0005304690427259,-0.0495623917752838,0.0107329077629541,-0.0061914237430004,-0.0771293372388414,0.0167721912975352,-0.0064672127766958,0.3450709024340381,0.0224933861238494,-0.0099135353422298,0.2471659297469908,0.0166149094279278
-0.0005304690427259,-0.0495623917752838,0.0107329077629541,-0.0061914237430004,-0.0771293372388414,0.0167721912975352,-0.0064672127766958,0.3450709024340381,0.0224933861238494,-0.0099135353422298,0.2471659297469908,0.0166149094279278,0.0469268831970746,0.3949140399382536,0.0207309010236596
