feature_0,feature_1,feature_2,feature_3,feature_4,feature_5,feature_6,feature_7,feature_8,feature_9,feature_10,feature_11,feature_12,feature_13,feature_14
0.0089767489483958,0.0944691158659669,0.0145270299367783,-0.0033687465997057,-0.4195253903848518,0.014512889314107,0.0072804534294392,-0.0029654734166489,0.0108686199181125,0.000430205843332,0.3437433609517739,0.0073307988433586,-0.0208135756654922,0.275098814229249,0.0206466216870667
-0.0033687465997057,-0.4195253903848518,0.014512889314107,0.0072804534294392,-0.0029654734166489,0.0108686199181125,0.000430205843332,0.3437433609517739,0.0073307988433586,-0.0208135756654922,0.275098814229249,0.0206466216870667,0.0095740282990162,-0.0197148171109733,0.0206780424631191
0.0072804534294392,-0.0029654734166489,0.0108686199181125,0.000430205843332,0.3437433609517739,0.0073307988433586,-0.0208135756654922,0.275098814229249,0.0206466216870667,0.0095740282990162,-0.0197148171109733,0.0206780424631191,-0.0069602267463961,-0.1345813306349608,0.0152530716351861
0.000430205843332,0.3437433609517739,0.0073307988433586,-0.0208135756654922,0.275098814229249,0.0206466216870667,0.0095740282990162,-0.0197148171109733,0.0206780424631191,-0.0069602267463961,-0.1345813306349608,0.0152530716351861,0.0035921568859367,0.0342005261619409,0.0170414836947822
-0.0208135756654922,0.275098814229249,0.0206466216870667,0.0095740282990162,-0.0197148171109733,0.0206780424631191,-0.0069602267463961,-0.1345813306349608,0.0152530716351861,0.0035921568859367,0.0342005261619409,0.0170414836947822,-0.0196421275755128,-0.0009892594686263,0.0290036513322277
0.0095740282990162,-0.0197148171109733,0.0206780424631191,-0.0069602267463961,-0.1345813306349608,0.0152530716351861,0.0035921568859367,0.0342005261619409,0.0170414836947822,-0.0196421275755128,-0.0009892594686263,0.0290036513322277,0.005431832858975,0.0340925166218701,0.0170107036610616
-0.0069602267463961,-0.1345813306349608,0.0152530716351861,0.0035921568859367,0.0342005261619409,0.0170414836947822,-0.0196421275755128,-0.0009892594686263,0.0290036513322277,0.005431832858975,0.0340925166218701,0.0170107036610616,0.0447258492050528,1.5508891928864568,0.0638164182237738
0.0035921568859367,0.0342005261619409,0.0170414836947822,-0.0196421275755128,-0.0009892594686263,0.0290036513322277,0.005431832858975,0.0340925166218701,0.0170107036610616,0.0447258492050528,1.5508891928864568,0.0638164182237738,-0.003391016306893,-0.3729822491553601,0.0122013681093122
