feature_0,feature_1,feature_2,feature_3,feature_4,feature_5,feature_6,feature_7,feature_8,feature_9,feature_10,feature_11,feature_12,feature_13,feature_14
0.0013387417889028,0.0329044505378612,0.0067150148555975,0.0013368400485318,0.3770335579606561,0.0140010895613693,0.0072097009100637,-0.1502965892239248,0.0098983125016647,0.0111344787702707,0.639954623461997,0.0180084834587505,-0.0083902815872829,-0.0866087264987583,0.011399795632556
0.0013368400485318,0.3770335579606561,0.0140010895613693,0.0072097009100637,-0.1502965892239248,0.0098983125016647,0.0111344787702707,0.639954623461997,0.0180084834587505,-0.0083902815872829,-0.0866087264987583,0.011399795632556,0.010936610882319,-0.496067732100899,0.0163539040972814
0.0072097009100637,-0.1502965892239248,0.0098983125016647,0.0111344787702707,0.639954623461997,0.0180084834587505,-0.0083902815872829,-0.0866087264987583,0.011399795632556,0.010936610882319,-0.496067732100899,0.0163539040972814,0.0015830023142417,0.3965935802088551,0.0092739390184179
0.0111344787702707,0.639954623461997,0.0180084834587505,-0.0083902815872829,-0.0866087264987583,0.011399795632556,0.010936610882319,-0.496067732100899,0.0163539040972814,0.0015830023142417,0.3965935802088551,0.0092739390184179,0.0068493450120519,0.0722622299478519,0.0086774084051335
-0.0083902815872829,-0.0866087264987583,0.011399795632556,0.010936610882319,-0.496067732100899,0.0163539040972814,0.0015830023142417,0.3965935802088551,0.0092739390184179,0.0068493450120519,0.0722622299478519,0.0086774084051335,0.0060178220364657,-0.1509186351706036,0.016367447581902
0.010936610882319,-0.496067732100899,0.0163539040972814,0.0015830023142417,0.3965935802088551,0.0092739390184179,0.0068493450120519,0.0722622299478519,0.0086774084051335,0.0060178220364657,-0.1509186351706036,0.016367447581902,-0.0093629073147383,0.4073097554323119,0.0218996829272073
0.0015830023142417,0.3965935802088551,0.0092739390184179,0.0068493450120519,0.0722622299478519,0.0086774084051335,0.0060178220364657,-0.1509186351706036,0.016367447581902,-0.0093629073147383,0.4073097554323119,0.0218996829272073,-0.0123392217465522,-0.0233434545728621,0.0186666870117187
0.0068493450120519,0.0722622299478519,0.0086774084051335,0.0060178220364657,-0.1509186351706036,0.016367447581902,-0.0093629073147383,0.4073097554323119,0.0218996829272073,-0.0123392217465522,-0.0233434545728621,0.0186666870117187,0.0053161326125021,-0.5650122373382136,0.0176612220036481
