feature_0,feature_1,feature_2,feature_3,feature_4,feature_5,feature_6,feature_7,feature_8,feature_9,feature_10,feature_11,feature_12,feature_13,feature_14
-0.0033534759589654,-0.0567236288807372,0.0096803314475687,0.0134590383975587,0.9284833538840938,0.0223023584608938,0.0088534114893852,0.3891402714932126,0.0137808159314098,0.0171128445793182,-0.2204361988386913,0.0302696154968753,-0.0116481181728347,-0.0845217549277863,0.0236065974001024
0.0134590383975587,0.9284833538840938,0.0223023584608938,0.0088534114893852,0.3891402714932126,0.0137808159314098,0.0171128445793182,-0.2204361988386913,0.0302696154968753,-0.0116481181728347,-0.0845217549277863,0.0236065974001024,0.0288083386426132,0.0029270228704667,0.0291875442614148
0.0088534114893852,0.3891402714932126,0.0137808159314098,0.0171128445793182,-0.2204361988386913,0.0302696154968753,-0.0116481181728347,-0.0845217549277863,0.0236065974001024,0.0288083386426132,0.0029270228704667,0.0291875442614148,0.0193042301186781,0.0748911753066878,0.0198857333955154
0.0171128445793182,-0.2204361988386913,0.0302696154968753,-0.0116481181728347,-0.0845217549277863,0.0236065974001024,0.0288083386426132,0.0029270228704667,0.0291875442614148,0.0193042301186781,0.0748911753066878,0.0198857333955154,-0.0079083901943657,0.0149102623101702,0.0164418764033225
-0.0116481181728347,-0.0845217549277863,0.0236065974001024,0.0288083386426132,0.0029270228704667,0.0291875442614148,0.0193042301186781,0.0748911753066878,0.0198857333955154,-0.0079083901943657,0.0149102623101702,0.0164418764033225,-0.0102790232722094,-0.0866509476738913,0.0245266652512016
0.0288083386426132,0.0029270228704667,0.0291875442614148,0.0193042301186781,0.0748911753066878,0.0198857333955154,-0.0079083901943657,0.0149102623101702,0.0164418764033225,-0.0102790232722094,-0.0866509476738913,0.0245266652512016,0.0086901397885503,-0.0261629350146452,0.0295053995253614
0.0193042301186781,0.0748911753066878,0.0198857333955154,-0.0079083901943657,0.0149102623101702,0.0164418764033225,-0.0102790232722094,-0.0866509476738913,0.0245266652512016,0.0086901397885503,-0.0261629350146452,0.0295053995253614,0.0037822977050185,-0.2186480424143556,0.028199095409072
-0.0079083901943657,0.0149102623101702,0.0164418764033225,-0.0102790232722094,-0.0866509476738913,0.0245266652512016,0.0086901397885503,-0.0261629350146452,0.0295053995253614,0.0037822977050185,-0.2186480424143556,0.028199095409072,0.0016746965538576,0.2410125921576302,0.0192592560298858
