feature_0,feature_1,feature_2,feature_3,feature_4,feature_5,feature_6,feature_7,feature_8
0.0219237809394701,0.4937949052906596,0.0149459085999261,0.0024637478972566,-0.1543506777437691,0.0107053905913846,-0.0088932153621983,0.015511892450879,0.0172209740230316
0.0024637478972566,-0.1543506777437691,0.0107053905913846,-0.0088932153621983,0.015511892450879,0.0172209740230316,0.0408224481340298,0.3029531568228105,0.0336907015141752
-0.0088932153621983,0.015511892450879,0.0172209740230316,0.0408224481340298,0.3029531568228105,0.0336907015141752,-0.0014175067756824,0.630715123094959,0.0299975908054918
0.0408224481340298,0.3029531568228105,0.0336907015141752,-0.0014175067756824,0.630715123094959,0.0299975908054918,-0.0163443412296441,-0.4826264078600527,0.0191585965747576
-0.0014175067756824,0.630715123094959,0.0299975908054918,-0.0163443412296441,-0.4826264078600527,0.0191585965747576,-0.0027679759946853,-0.1894395553496989,0.0160074765160074
-0.0163443412296441,-0.4826264078600527,0.0191585965747576,-0.0027679759946853,-0.1894395553496989,0.0160074765160074,-0.0031272570567376,-0.4234285714285714,0.0100468315321874
-0.0027679759946853,-0.1894395553496989,0.0160074765160074,-0.0031272570567376,-0.4234285714285714,0.0100468315321874,-0.0061099482331307,3.445986124876115,0.0128689553370655
