feature_0,feature_1,feature_2,feature_3,feature_4,feature_5,feature_6,feature_7,feature_8
0.0136934274059152,0.1985621580353733,0.0191131499585794,0.0191369836422927,0.1779287647964329,0.0330206784507175,0.0025772450915215,-0.1269884187283132,0.0248332130341618
0.0191369836422927,0.1779287647964329,0.0330206784507175,0.0025772450915215,-0.1269884187283132,0.0248332130341618,0.0005509290993979,-0.0553347442316626,0.0255311020458535
0.0025772450915215,-0.1269884187283132,0.0248332130341618,0.0005509290993979,-0.0553347442316626,0.0255311020458535,0.072306865260834,5.307141686246653,0.103305781867105
0.0005509290993979,-0.0553347442316626,0.0255311020458535,0.072306865260834,5.307141686246653,0.103305781867105,-0.0415881304117824,-0.6916665944709643,0.0384407340548786
0.072306865260834,5.307141686246653,0.103305781867105,-0.0415881304117824,-0.6916665944709643,0.0384407340548786,-0.0091072572383794,-0.3577971340264119,0.0209992724867039
-0.0415881304117824,-0.6916665944709643,0.0384407340548786,-0.0091072572383794,-0.3577971340264119,0.0209992724867039,0.0154982221985726,-0.3904882744137207,0.023356888035837
-0.0091072572383794,-0.3577971340264119,0.0209992724867039,0.0154982221985726,-0.3904882744137207,0.023356888035837,-0.0095830041615994,2.2760031584236593,0.0223311456308419
