feature_0,feature_1,feature_2,feature_3,feature_4,feature_5,feature_6,feature_7,feature_8
0.0018158223828286,0.2470881863560732,0.0183870869298134,0.0253757783039552,1.098982655103402,0.0501523139924194,-0.008838458533982,-0.4135314449167693,0.0402818863830073
0.0253757783039552,1.098982655103402,0.0501523139924194,-0.008838458533982,-0.4135314449167693,0.0402818863830073,-0.0117498964326444,0.2191437474596937,0.0208377539373387
-0.008838458533982,-0.4135314449167693,0.0402818863830073,-0.0117498964326444,0.2191437474596937,0.0208377539373387,0.0236730555629618,0.5579818858698673,0.0364567304908382
-0.0117498964326444,0.2191437474596937,0.0208377539373387,0.0236730555629618,0.5579818858698673,0.0364567304908382,-0.0302811725086752,-0.4245515175291557,0.0416666735296079
0.0236730555629618,0.5579818858698673,0.0364567304908382,-0.0302811725086752,-0.4245515175291557,0.0416666735296079,-0.0180727492409796,0.2456151224047102,0.0173410000605758
-0.0302811725086752,-0.4245515175291557,0.0416666735296079,-0.0180727492409796,0.2456151224047102,0.0173410000605758,0.0157916378087974,-0.3859090456761866,0.0299802704824029
-0.0180727492409796,0.2456151224047102,0.0173410000605758,0.0157916378087974,-0.3859090456761866,0.0299802704824029,0.008255678779607,0.4223788689029331,0.0224742748036101
