feature_0,feature_1,feature_2,feature_3,feature_4,feature_5,feature_6,feature_7,feature_8
-0.0050404199300195,0.0970525351252291,0.0094214823650342,0.0083633348137772,0.0277023734948145,0.0133051858751939,-0.0014567042141998,0.7489332881815103,0.0188272878980797
0.0083633348137772,0.0277023734948145,0.0133051858751939,-0.0014567042141998,0.7489332881815103,0.0188272878980797,0.0116701801100431,-0.2070634705495101,0.0182988137762932
-0.0014567042141998,0.7489332881815103,0.0188272878980797,0.0116701801100431,-0.2070634705495101,0.0182988137762932,-0.0044435575689465,1.07223090447353,0.0107800275169748
0.0116701801100431,-0.2070634705495101,0.0182988137762932,-0.0044435575689465,1.07223090447353,0.0107800275169748,0.0010641597107348,-0.557905776437039,0.0079020964312691
-0.0044435575689465,1.07223090447353,0.0107800275169748,0.0010641597107348,-0.557905776437039,0.0079020964312691,-0.0001772465048331,0.2013220673294773,0.0148051581847933
0.0010641597107348,-0.557905776437039,0.0079020964312691,-0.0001772465048331,0.2013220673294773,0.0148051581847933,-0.0048728447708689,-0.2670734413135123,0.0095036715920954
-0.0001772465048331,0.2013220673294773,0.0148051581847933,-0.0048728447708689,-0.2670734413135123,0.0095036715920954,-0.0050747610946152,0.3476523476523476,0.009814772301191
