feature_0,feature_1,feature_2,feature_3,feature_4,feature_5,feature_6,feature_7,feature_8
0.0088443977103886,0.105397684558713,0.0145500439193978,0.0071461463001067,-0.0036724700761697,0.0122835849460314,-0.0033648580224998,0.0723549488054606,0.0114984711406212
0.0071461463001067,-0.0036724700761697,0.0122835849460314,-0.0033648580224998,0.0723549488054606,0.0114984711406212,0.0069725896558401,0.0630171865054105,0.0088027940417297
-0.0033648580224998,0.0723549488054606,0.0114984711406212,0.0069725896558401,0.0630171865054105,0.0088027940417297,0.0102039644660141,2.2017964071856286,0.0141234888816683
0.0069725896558401,0.0630171865054105,0.0088027940417297,0.0102039644660141,2.2017964071856286,0.0141234888816683,-0.0040403351534417,-0.7074995324481017,0.0127137621321366
0.0102039644660141,2.2017964071856286,0.0141234888816683,-0.0040403351534417,-0.7074995324481017,0.0127137621321366,0.0044914366210822,-0.2424552429667519,0.0164783803587389
-0.0040403351534417,-0.7074995324481017,0.0127137621321366,0.0044914366210822,-0.2424552429667519,0.0164783803587389,0.0009374901017846,0.1200202565833896,0.0095520084095038
0.0044914366210822,-0.2424552429667519,0.0164783803587389,0.0009374901017846,0.1200202565833896,0.0095520084095038,0.0194537610723215,2.0919366993217783,0.0426776707426926
