feature_0,feature_1,feature_2,feature_3,feature_4,feature_5,feature_6,feature_7,feature_8
0.0105517728790607,0.0418877099911583,0.0272551428668899,-0.0035121271712666,0.9254800042431316,0.0439143356401791,0.0166728859548739,-0.1981378949398121,0.0262273364682578
-0.0035121271712666,0.9254800042431316,0.0439143356401791,0.0166728859548739,-0.1981378949398121,0.0262273364682578,-0.0009479381139165,-0.1641703881827551,0.0159732005757912
0.0166728859548739,-0.1981378949398121,0.0262273364682578,-0.0009479381139165,-0.1641703881827551,0.0159732005757912,-0.0019925511918607,0.8784266984505364,0.0197086519935507
-0.0009479381139165,-0.1641703881827551,0.0159732005757912,-0.0019925511918607,0.8784266984505364,0.0197086519935507,-0.0026621416406907,-0.5912611587607212,0.0243736106527029
-0.0019925511918607,0.8784266984505364,0.0197086519935507,-0.0026621416406907,-0.5912611587607212,0.0243736106527029,-0.0053383409979164,0.3061399282693646,0.0224302262709947
-0.0026621416406907,-0.5912611587607212,0.0243736106527029,-0.0053383409979164,0.3061399282693646,0.0224302262709947,0.0108300469114037,1.0606147540983608,0.0365486823780661
-0.0053383409979164,0.3061399282693646,0.0224302262709947,0.0108300469114037,1.0606147540983608,0.0365486823780661,-0.0125155215858295,0.610592891664512,0.0227735092404465
