feature_0,feature_1,feature_2,feature_3,feature_4,feature_5,feature_6,feature_7,feature_8
-0.0188621354576877,-0.0348443065609559,0.0256980127388134,0.0305706179522822,0.4999255930236019,0.0440993209720558,-0.0198776851834768,-0.2371319152313675,0.0462554840023089
0.0305706179522822,0.4999255930236019,0.0440993209720558,-0.0198776851834768,-0.2371319152313675,0.0462554840023089,0.0205925781542457,-0.0340872143683915,0.0255292566031259
-0.0198776851834768,-0.2371319152313675,0.0462554840023089,0.0205925781542457,-0.0340872143683915,0.0255292566031259,-0.0039740928311993,0.3993941025986267,0.0185643093993339
0.0205925781542457,-0.0340872143683915,0.0255292566031259,-0.0039740928311993,0.3993941025986267,0.0185643093993339,-0.0337631081396895,-0.1846381803661975,0.0326295119304777
-0.0039740928311993,0.3993941025986267,0.0185643093993339,-0.0337631081396895,-0.1846381803661975,0.0326295119304777,0.0139771931710848,-0.0036699196393802,0.0437439885389759
-0.0337631081396895,-0.1846381803661975,0.0326295119304777,0.0139771931710848,-0.0036699196393802,0.0437439885389759,-0.0203633566051152,-0.2777619859768808,0.0213799750394985
0.0139771931710848,-0.0036699196393802,0.0437439885389759,-0.0203633566051152,-0.2777619859768808,0.0213799750394985,-0.0121523379128941,1.338356838307642,0.0299600396505006
