feature_0,feature_1,feature_2,feature_3,feature_4,feature_5,feature_6,feature_7,feature_8
-7.080700896189285e-05,0.0479369852809314,0.0111620841349308,0.0072340789737053,0.0138219729879156,0.0194804890782717,-0.0037318376191349,0.1775085696478653,0.0206823292482361
0.0072340789737053,0.0138219729879156,0.0194804890782717,-0.0037318376191349,0.1775085696478653,0.0206823292482361,0.0113080159791294,0.0302579200988013,0.024066236853283
-0.0037318376191349,0.1775085696478653,0.0206823292482361,0.0113080159791294,0.0302579200988013,0.024066236853283,0.0011881255985848,0.4783208999154456,0.0103157980400219
0.0113080159791294,0.0302579200988013,0.024066236853283,0.0011881255985848,0.4783208999154456,0.0103157980400219,-0.0050956727949357,-0.3897669434770962,0.0138968151387447
0.0011881255985848,0.4783208999154456,0.0103157980400219,-0.0050956727949357,-0.3897669434770962,0.0138968151387447,-0.0014734510632427,0.1777163467242484,0.0164443629819135
-0.0050956727949357,-0.3897669434770962,0.0138968151387447,-0.0014734510632427,0.1777163467242484,0.0164443629819135,-0.019252158400451,0.0149801037626555,0.0262685083514829
-0.0014734510632427,0.1777163467242484,0.0164443629819135,-0.019252158400451,0.0149801037626555,0.0262685083514829,-0.0052300186305779,-0.0166448308718437,0.0113355443536048
