feature_0,feature_1,feature_2,feature_3,feature_4,feature_5,feature_6,feature_7,feature_8
-0.0016365392413768,0.2327569644572527,0.0189431879669413,0.0009207225424261,-0.3118132938517883,0.0116449833724913,0.0044870965823631,0.2247636301873974,0.0118140193295422
0.0009207225424261,-0.3118132938517883,0.0116449833724913,0.0044870965823631,0.2247636301873974,0.0118140193295422,0.0138702186702921,0.057227384089123,0.0198574551193443
0.0044870965823631,0.2247636301873974,0.0118140193295422,0.0138702186702921,0.057227384089123,0.0198574551193443,-0.0137025177156401,0.8779677320624371,0.0211843820923534
0.0138702186702921,0.057227384089123,0.0198574551193443,-0.0137025177156401,0.8779677320624371,0.0211843820923534,0.0094705147934228,-0.4164745873204349,0.0219496750303934
-0.0137025177156401,0.8779677320624371,0.0211843820923534,0.0094705147934228,-0.4164745873204349,0.0219496750303934,0.0023231500566827,-0.0633603319634521,0.0113946935434114
0.0094705147934228,-0.4164745873204349,0.0219496750303934,0.0023231500566827,-0.0633603319634521,0.0113946935434114,0.0103310953339719,0.2406815761448348,0.0185976869798437
0.0023231500566827,-0.0633603319634521,0.0113946935434114,0.0103310953339719,0.2406815761448348,0.0185976869798437,0.002534494340401,0.6590901287553648,0.0170012431837756
