feature_0,feature_1,feature_2,feature_3,feature_4,feature_5,feature_6,feature_7,feature_8
0.0065685326282454,0.3411967779056386,0.0146580985474268,0.0174420814515086,0.9088938562622773,0.0135453651968236,0.0251895968932545,-0.0078539914599671,0.0252110311675462
0.0174420814515086,0.9088938562622773,0.0135453651968236,0.0251895968932545,-0.0078539914599671,0.0252110311675462,0.0038676623758473,-0.3379868620274443,0.0144329262633465
0.0251895968932545,-0.0078539914599671,0.0252110311675462,0.0038676623758473,-0.3379868620274443,0.0144329262633465,0.0101981051900237,0.6402960615174054,0.0163117632682155
0.0038676623758473,-0.3379868620274443,0.0144329262633465,0.0101981051900237,0.6402960615174054,0.0163117632682155,-0.0023554139639355,-0.4437771727196873,0.0138384022303862
0.0101981051900237,0.6402960615174054,0.0163117632682155,-0.0023554139639355,-0.4437771727196873,0.0138384022303862,-0.006971204737897,0.1029548190987506,0.0123835947381964
-0.0023554139639355,-0.4437771727196873,0.0138384022303862,-0.006971204737897,0.1029548190987506,0.0123835947381964,-0.0025105430440643,-0.0762182573059646,0.0119238810017408
-0.006971204737897,0.1029548190987506,0.0123835947381964,-0.0025105430440643,-0.0762182573059646,0.0119238810017408,0.0008008953447402,0.0648004649360713,0.0089644725910434
