feature_0,feature_1,feature_2,feature_3,feature_4,feature_5,feature_6,feature_7,feature_8
0.0154840375767739,0.0775219965445104,0.0213433459319859,0.0073525100303237,-0.0539564638524667,0.0199461123088206,0.0091240191991683,0.1329990022351674,0.0187194225895552
0.0073525100303237,-0.0539564638524667,0.0199461123088206,0.0091240191991683,0.1329990022351674,0.0187194225895552,0.0318964650799729,0.4959005991432021,0.0374851235862315
0.0091240191991683,0.1329990022351674,0.0187194225895552,0.0318964650799729,0.4959005991432021,0.0374851235862315,-0.0165755921634899,0.1962641809193528,0.0278402944109504
0.0318964650799729,0.4959005991432021,0.0374851235862315,-0.0165755921634899,0.1962641809193528,0.0278402944109504,-0.0125026296783876,-0.4331966578988085,0.018519625713055
-0.0165755921634899,0.1962641809193528,0.0278402944109504,-0.0125026296783876,-0.4331966578988085,0.018519625713055,-0.0132820102569283,-0.0476807934666393,0.0170446096825094
-0.0125026296783876,-0.4331966578988085,0.018519625713055,-0.0132820102569283,-0.0476807934666393,0.0170446096825094,0.0184372877636784,-0.0621471625699703,0.0203395897695526
-0.0132820102569283,-0.0476807934666393,0.0170446096825094,0.0184372877636784,-0.0621471625699703,0.0203395897695526,-0.0138057462611201,-0.0200409223663655,0.0135252034276331
