feature_0,feature_1,feature_2,feature_3,feature_4,feature_5,feature_6,feature_7,feature_8
-0.010813578674192,0.4314399669921607,0.0161626413456691,0.0229047326030487,-0.0494811683320522,0.0238588728262482,-0.0081425099886724,0.0461942787829778,0.0278494550038835
0.0229047326030487,-0.0494811683320522,0.0238588728262482,-0.0081425099886724,0.0461942787829778,0.0278494550038835,0.013853323386695,0.3357487922705313,0.0200823577814765
-0.0081425099886724,0.0461942787829778,0.0278494550038835,0.013853323386695,0.3357487922705313,0.0200823577814765,0.0020241484615972,0.0828933092224231,0.0121951101319365
0.013853323386695,0.3357487922705313,0.0200823577814765,0.0020241484615972,0.0828933092224231,0.0121951101319365,-0.0227271860366878,-0.3378531828201189,0.0253754419818805
0.0020241484615972,0.0828933092224231,0.0121951101319365,-0.0227271860366878,-0.3378531828201189,0.0253754419818805,0.0077519410877298,-0.3861595884192474,0.0193010348336383
-0.0227271860366878,-0.3378531828201189,0.0253754419818805,0.0077519410877298,-0.3861595884192474,0.0193010348336383,-0.0215384303705751,-0.2691865242399343,0.0230971418204379
0.0077519410877298,-0.3861595884192474,0.0193010348336383,-0.0215384303705751,-0.2691865242399343,0.0230971418204379,-0.0041928804157742,1.0602653474252306,0.0143236314217316
