{
  "aida": 0.021,
  "iforest": 0.0641789436340332,
  "lof": 0.024031877517700195
}