{
  "aida": 0.029,
  "iforest": 0.08179521560668945,
  "lof": 0.03595709800720215
}