{
  "aida": 0.03,
  "iforest": 0.08838891983032227,
  "lof": 0.02501702308654785
}