{
  "aida": 0.02,
  "iforest": 0.06563472747802734,
  "lof": 0.04393792152404785
}