{
  "aida": 0.023,
  "iforest": 0.08324503898620605,
  "lof": 0.01228785514831543
}