{
  "aida": 0.021,
  "iforest": 0.0680079460144043,
  "lof": 0.025419950485229492
}