feature_0,feature_1,feature_2,feature_3,feature_4,feature_5,feature_6,feature_7,feature_8
-0.008249081333405,-0.2517992608441937,0.0155753933263087,0.0031686276026652,0.0964513193812557,0.0162075893244918,-0.012140911629454,-0.1892116182572614,0.0183220052200399
0.0031686276026652,0.0964513193812557,0.0162075893244918,-0.012140911629454,-0.1892116182572614,0.0183220052200399,0.015187815899847,0.1064483111566019,0.0195122625526517
-0.012140911629454,-0.1892116182572614,0.0183220052200399,0.015187815899847,0.1064483111566019,0.0195122625526517,0.0023621837339955,2.046782080084578,0.0158019906031519
0.015187815899847,0.1064483111566019,0.0195122625526517,0.0023621837339955,2.046782080084578,0.0158019906031519,-0.018460303623543,-0.5706354369984818,0.0244808115404027
0.0023621837339955,2.046782080084578,0.0158019906031519,-0.018460303623543,-0.5706354369984818,0.0244808115404027,0.001700661969811,-0.3103343772098191,0.0108390389168036
-0.018460303623543,-0.5706354369984818,0.0244808115404027,0.001700661969811,-0.3103343772098191,0.0108390389168036,-0.0100868324632,1.6833162443240075,0.0142813327739629
0.001700661969811,-0.3103343772098191,0.0108390389168036,-0.0100868324632,1.6833162443240075,0.0142813327739629,-0.026029073441926,-0.3321687865058136,0.0331674630690424
-0.0100868324632,1.6833162443240075,0.0142813327739629,-0.026029073441926,-0.3321687865058136,0.0331674630690424,-0.015226861474648,0.4915808402811836,0.0245858595925692
