{
  "aida": 0.02,
  "iforest": 0.06132197380065918,
  "lof": 0.029275178909301758
}