{
  "aida": 0.029,
  "iforest": 0.08998990058898926,
  "lof": 0.04477214813232422
}