{
  "aida": 0.021,
  "iforest": 0.06454086303710938,
  "lof": 0.03923392295837402
}