{
  "aida": 0.031,
  "iforest": 0.08606791496276855,
  "lof": 0.036041975021362305
}