{
  "aida": 0.023,
  "iforest": 0.0926971435546875,
  "lof": 0.014464855194091797
}