{
  "aida": 0.021,
  "iforest": 0.06074380874633789,
  "lof": 0.020138978958129883
}