index,subsequence_idx,score
21,21,3.14165
43,43,2.75782
44,44,2.43754
76,76,2.44353
77,77,2.71067
78,78,2.57046
109,109,3.15181
110,110,2.84271
132,132,3.46908
133,133,2.54301
155,155,3.03329
156,156,2.79323
178,178,2.67347
