index,subsequence_idx,score
14,14,3.00279
18,18,2.38437
21,21,2.28984
43,43,2.70896
104,104,2.37864
109,109,2.522
128,128,2.43062
132,132,3.10588
142,142,2.42991
155,155,2.60998
