index,subsequence_idx,score
21,21,3.07475
43,43,2.83446
76,76,2.43525
77,77,2.83495
78,78,2.6758
109,109,3.12302
110,110,2.76499
132,132,3.32416
133,133,2.50186
155,155,3.10687
156,156,2.83384
178,178,2.81842
