index,subsequence_idx,score
21,21,3.10028
43,43,2.74598
44,44,2.4328
76,76,2.43144
77,77,2.8092
78,78,2.65764
109,109,3.12082
110,110,2.82973
132,132,3.36949
133,133,2.56201
155,155,2.99596
156,156,2.80894
178,178,2.77
