index,subsequence_idx,score
21,21,3.08281
43,43,2.6752
44,44,2.37933
76,76,2.39581
77,77,2.56947
78,78,2.44547
109,109,3.05416
110,110,2.85094
132,132,3.34125
133,133,2.42786
155,155,3.01642
156,156,2.81466
178,178,2.59461
