index,subsequence_idx,score
21,21,3.00504
43,43,2.68302
44,44,2.37622
77,77,2.70771
78,78,2.54278
89,89,2.38338
109,109,3.01378
110,110,2.75093
132,132,3.32613
133,133,2.50808
155,155,2.98052
156,156,2.72568
178,178,2.70802
