{
  "anomalies": [
    {
      "anomaly_index": 26,
      "feature_importances": {
        "Close_0": 1.0804116174462787e-10,
        "Close_1": 9.77706579460802e-11,
        "Close_2": 1.11683180309471e-10,
        "High_0": 1.0786761646967679e-10,
        "High_1": 1.0171827643449754e-10,
        "High_2": 1.1500858247409423e-10,
        "Low_0": 9.984261398222329e-11,
        "Low_1": 9.42018917973747e-11,
        "Low_2": 1.0518274373288207e-10,
        "Open_0": 1.0023062287395233e-10,
        "Open_1": 1.0625019739851275e-10,
        "Open_2": 1.0669014110871438e-10,
        "Volume_0": 0.7533803960725062,
        "Volume_1": 0.0996845649482703,
        "Volume_2": 0.14693503770462843,
        "daily_return_0": 1.1445690021505766e-15,
        "daily_return_1": 7.153556263441104e-16,
        "daily_return_2": 1.0014978768817545e-15,
        "daily_return_zscore_0": 1.9404736720210336e-12,
        "daily_return_zscore_1": 2.0453448068430804e-12,
        "daily_return_zscore_2": 1.5352962452597296e-12,
        "excess_return_0": 1.0014978768817545e-15,
        "excess_return_1": 7.153556263441104e-16,
        "excess_return_2": 7.153556263441104e-16,
        "high_low_range_0": 0.0,
        "high_low_range_1": 2.8614225053764415e-16,
        "high_low_range_2": 2.8614225053764415e-16,
        "log_return_0": 1.1445690021505766e-15,
        "log_return_1": 7.153556263441104e-16,
        "log_return_2": 1.0014978768817545e-15,
        "log_return_zscore_0": 1.9240204926151193e-12,
        "log_return_zscore_1": 2.0586504214930807e-12,
        "log_return_zscore_2": 1.5287149734973637e-12,
        "log_volume_0": 8.312432378118562e-14,
        "log_volume_1": 7.310934501236808e-14,
        "log_volume_2": 1.0301121019355189e-13,
        "relative_volume_0": 1.030112101935519e-14,
        "relative_volume_1": 1.4121120064032738e-13,
        "relative_volume_2": 8.970559554355144e-14,
        "relative_volume_zscore_0": 2.3555230064258865e-12,
        "relative_volume_zscore_1": 1.3268416157430559e-12,
        "relative_volume_zscore_2": 1.0209555499183143e-12,
        "volume_change_0": 9.499922717849785e-14,
        "volume_change_1": 8.197975477903504e-14,
        "volume_change_2": 1.1588761146774588e-13,
        "volume_change_zscore_0": 2.109011457587706e-12,
        "volume_change_zscore_1": 7.123511327134651e-13,
        "volume_change_zscore_2": 7.481189140306706e-13
      }
    },
    {
      "anomaly_index": 89,
      "feature_importances": {
        "Close_0": 4.248638776174172e-11,
        "Close_1": 4.358951179091722e-11,
        "Close_2": 4.3206813868928955e-11,
        "High_0": 5.450678019914948e-11,
        "High_1": 4.2424668163476254e-11,
        "High_2": 4.574605645597477e-11,
        "Low_0": 4.509408630438582e-11,
        "Low_1": 3.677887246373503e-11,
        "Low_2": 4.227355528276728e-11,
        "Open_0": 5.521100263599563e-11,
        "Open_1": 4.550318346457023e-11,
        "Open_2": 4.2045429452010245e-11,
        "Volume_0": 0.1799007875939581,
        "Volume_1": 0.25061007784495415,
        "Volume_2": 0.5694891340110112,
        "daily_return_0": 9.103185584877813e-16,
        "daily_return_1": 5.461911350926687e-16,
        "daily_return_2": 9.103185584877813e-16,
        "daily_return_zscore_0": 2.304926590091062e-13,
        "daily_return_zscore_1": 1.2072644722664954e-12,
        "daily_return_zscore_2": 1.366206092578462e-12,
        "excess_return_0": 1.0923822701853373e-15,
        "excess_return_1": 5.461911350926687e-16,
        "excess_return_2": 9.103185584877813e-16,
        "high_low_range_0": 1.4565096935804499e-15,
        "high_low_range_1": 1.8206371169755623e-16,
        "high_low_range_2": 1.8206371169755623e-16,
        "log_return_0": 9.103185584877813e-16,
        "log_return_1": 1.8206371169755623e-16,
        "log_return_2": 5.461911350926687e-16,
        "log_return_zscore_0": 2.0573199421823854e-13,
        "log_return_zscore_1": 1.2218295692023e-12,
        "log_return_zscore_2": 1.358377352975467e-12,
        "log_volume_0": 6.463261765263247e-14,
        "log_volume_1": 2.0937326845218967e-14,
        "log_volume_2": 7.173310240883716e-14,
        "relative_volume_0": 1.2762666189998692e-13,
        "relative_volume_1": 9.321662038914879e-14,
        "relative_volume_2": 9.995297772195838e-14,
        "relative_volume_zscore_0": 1.2957474361515077e-12,
        "relative_volume_zscore_1": 1.1480937659647897e-12,
        "relative_volume_zscore_2": 5.800549854684142e-13,
        "volume_change_0": 1.806072020039758e-13,
        "volume_change_1": 1.0814584474834841e-13,
        "volume_change_2": 9.795027689328525e-14,
        "volume_change_zscore_0": 1.0171899572542467e-12,
        "volume_change_zscore_1": 4.943029772588652e-13,
        "volume_change_zscore_2": 2.117400967042579e-13
      }
    },
    {
      "anomaly_index": 93,
      "feature_importances": {
        "Close_0": 1.988296063476455e-10,
        "Close_1": 1.7234569853487604e-10,
        "Close_2": 1.724237036751839e-10,
        "High_0": 1.9808295551954944e-10,
        "High_1": 1.8728252022559263e-10,
        "High_2": 1.7599862217856227e-10,
        "Low_0": 1.8546493703760567e-10,
        "Low_1": 1.5960105382245959e-10,
        "Low_2": 1.747192533190953e-10,
        "Open_0": 1.8639782778063735e-10,
        "Open_1": 1.880689135099973e-10,
        "Open_2": 1.8059817730815285e-10,
        "Volume_0": 0.08705367961940526,
        "Volume_1": 0.7538051649449735,
        "Volume_2": 0.1591411532194061,
        "daily_return_0": 2.1139604419480572e-16,
        "daily_return_1": 1.2683762651688344e-15,
        "daily_return_2": 1.2683762651688344e-15,
        "daily_return_zscore_0": 3.5594865921521387e-12,
        "daily_return_zscore_1": 4.5843346144085564e-12,
        "daily_return_zscore_2": 3.696471228790373e-12,
        "excess_return_0": 2.1139604419480572e-16,
        "excess_return_1": 1.47977230936364e-15,
        "excess_return_2": 6.341881325844172e-16,
        "high_low_range_0": 1.2683762651688344e-15,
        "high_low_range_1": 4.2279208838961144e-16,
        "high_low_range_2": 2.1139604419480572e-16,
        "log_return_0": 2.1139604419480572e-16,
        "log_return_1": 1.2683762651688344e-15,
        "log_return_2": 1.2683762651688344e-15,
        "log_return_zscore_0": 3.5429977007049437e-12,
        "log_return_zscore_1": 4.587082762983089e-12,
        "log_return_zscore_2": 3.703235902204606e-12,
        "log_volume_0": 1.2831739882624706e-13,
        "log_volume_1": 5.263761500450662e-14,
        "log_volume_2": 1.3719603268242892e-13,
        "relative_volume_0": 2.2281143058132523e-13,
        "relative_volume_1": 1.1922736892587043e-13,
        "relative_volume_2": 1.6108378567644197e-13,
        "relative_volume_zscore_0": 2.6048220565683963e-12,
        "relative_volume_zscore_1": 3.5028324523079306e-12,
        "relative_volume_zscore_2": 1.6015364308198481e-12,
        "volume_change_0": 2.185835096974291e-13,
        "volume_change_1": 1.4987979533411726e-13,
        "volume_change_2": 1.2979717113561072e-13,
        "volume_change_zscore_0": 1.3512435144931981e-12,
        "volume_change_zscore_1": 1.265416720550107e-12,
        "volume_change_zscore_2": 1.0732577163770286e-12
      }
    },
    {
      "anomaly_index": 145,
      "feature_importances": {
        "Close_0": 2.1520000490195174e-11,
        "Close_1": 1.0954782634949783e-11,
        "Close_2": 2.121454977640016e-11,
        "High_0": 3.605239379707167e-11,
        "High_1": 1.6627877299202886e-11,
        "High_2": 1.8119827519347372e-11,
        "Low_0": 2.07599040405907e-11,
        "Low_1": 1.2621561178216138e-11,
        "Low_2": 1.5225259900881867e-11,
        "Open_0": 3.0053280381009215e-11,
        "Open_1": 2.4539204279314723e-11,
        "Open_2": 1.3546969396040325e-11,
        "Volume_0": 0.09415147491876298,
        "Volume_1": 0.31363979508019885,
        "Volume_2": 0.5922087297505102,