index,stock_idx,score
1,1,2.82805
12,12,2.73159
30,0,2.47666
31,1,2.51937
55,25,2.64301
57,27,2.86891
58,28,2.86118
128,8,2.51651
145,25,2.61201
156,6,2.6766
167,17,2.70774
205,25,2.67691
206,26,2.73498
207,27,2.85181
285,15,2.5886
286,16,2.74005
355,25,2.62295
357,27,2.77097
358,28,2.53627
451,1,2.60223
452,2,2.51012
531,21,3.53292
532,22,3.55283
533,23,3.60306
534,24,2.64463
535,25,2.46713
536,26,2.57519
