index,stock_idx,score
1,1,2.89617
12,12,2.70953
30,0,2.57009
31,1,2.55623
45,15,2.48333
55,25,2.70322
57,27,2.85011
58,28,2.93015
127,7,2.56092
145,25,2.70347
156,6,2.8278
167,17,2.72794
205,25,2.72232
206,26,2.80931
207,27,2.81062
285,15,2.8471
286,16,2.83338
287,17,2.50493
355,25,2.82755
357,27,2.8415
358,28,2.54607
451,1,2.69555
452,2,2.52069
531,21,3.62813
532,22,3.64543
533,23,3.67288
534,24,2.71745
535,25,2.49053
536,26,2.60417
