index,stock_idx,score
1,1,2.92873
12,12,2.55439
31,1,2.54435
55,25,2.76028
57,27,2.91576
58,28,2.96961
127,7,2.45864
128,8,2.52494
145,25,2.64008
156,6,2.76092
167,17,2.68332
205,25,2.71352
206,26,2.7283
207,27,2.78959
285,15,2.73733
286,16,2.72432
287,17,2.55573
355,25,2.61305
357,27,2.59706
358,28,2.71345
451,1,2.59681
452,2,2.60124
531,21,3.59613
532,22,3.55644
533,23,3.69116
534,24,2.52868
535,25,2.53272
536,26,2.60551
