index,stock_idx,score
1,1,2.84507
12,12,2.73174
31,1,2.5427
55,25,2.76637
57,27,2.78946
58,28,2.85457
127,7,2.50119
128,8,2.51274
145,25,2.68424
156,6,2.70302
167,17,2.51666
205,25,2.69136
206,26,2.73269
207,27,2.69621
285,15,2.67784
286,16,2.63243
287,17,2.54543
355,25,2.62993
357,27,2.4928
358,28,2.63472
451,1,2.61966
452,2,2.55256
531,21,3.59036
532,22,3.54542
533,23,3.6086
534,24,2.63704
535,25,2.46334
536,26,2.5143
