index,subsequence_idx,score
12,12,3.34822
47,47,2.84073
78,78,2.88403
106,106,3.37927
112,112,2.90645
121,121,2.60124
133,133,2.40802
172,172,2.44738
