index,subsequence_idx,score
12,12,3.25618
47,47,2.91637
59,59,2.32237
78,78,2.80864
106,106,3.22023
112,112,2.85089
121,121,2.56392
133,133,2.4972
