index,subsequence_idx,score
12,12,3.29425
47,47,2.87399
78,78,2.99008
106,106,3.29131
112,112,3.05122
121,121,2.64051
133,133,2.5398
172,172,2.44624
