index,subsequence_idx,score
12,12,3.00031
18,18,2.42694
47,47,2.42629
63,63,2.40147
70,70,2.51707
78,78,2.77393
172,172,2.5997
