index,subsequence_idx,score
12,12,3.31827
47,47,2.74028
55,55,2.61184
78,78,2.94164
106,106,3.26026
112,112,2.93213
121,121,2.4789
133,133,2.35366
172,172,2.48759
