index,subsequence_idx,score
12,12,3.39047
47,47,2.87345
78,78,3.01598
106,106,3.27261
112,112,3.01544
121,121,2.59588
133,133,2.46961
172,172,2.41516
