feature_0,feature_1,feature_2,feature_3,feature_4,feature_5,feature_6,feature_7,feature_8
0.0100555006020583,-0.3052109181141439,0.0131951097467662,0.0078394726915291,-0.288095238095238,0.0124167260891768,0.0046670500054555,0.0133779264214046,0.0100046731576924
0.0078394726915291,-0.288095238095238,0.0124167260891768,0.0046670500054555,0.0133779264214046,0.0100046731576924,0.0025119746674788,0.5379537953795379,0.0173351846371194
0.0046670500054555,0.0133779264214046,0.0100046731576924,0.0025119746674788,0.5379537953795379,0.0173351846371194,-0.0072549013931586,0.3916309012875536,0.0267577735172367
0.0025119746674788,0.5379537953795379,0.0173351846371194,-0.0072549013931586,0.3916309012875536,0.0267577735172367,-0.0131417009852093,0.0300693909020817,0.018224770030829
-0.0072549013931586,0.3916309012875536,0.0267577735172367,-0.0131417009852093,0.0300693909020817,0.018224770030829,0.0086123827457478,-0.2739520958083832,0.0168222849812271
-0.0131417009852093,0.0300693909020817,0.018224770030829,0.0086123827457478,-0.2739520958083832,0.0168222849812271,-0.0080651652274902,-0.1072164948453607,0.0179744582122318
0.0086123827457478,-0.2739520958083832,0.0168222849812271,-0.0080651652274902,-0.1072164948453607,0.0179744582122318,-0.0154750823706583,0.2424942263279446,0.0243501097001529
-0.0080651652274902,-0.1072164948453607,0.0179744582122318,-0.0154750823706583,0.2424942263279446,0.0243501097001529,0.0090345671149083,-0.0213754646840148,0.0225272325009978
