feature_0,feature_1,feature_2,feature_3,feature_4,feature_5,feature_6,feature_7,feature_8
0.0022140266798482,-0.0993012915519796,0.0078827798949003,-0.0019492432080601,0.1624353549600377,0.0111147236493078,0.0083333030894343,0.1526794742163801,0.0124526557733493
-0.0019492432080601,0.1624353549600377,0.0111147236493078,0.0083333030894343,0.1526794742163801,0.0124526557733493,0.008716341913836,0.2257894736842105,0.0148944636642298
0.0083333030894343,0.1526794742163801,0.0124526557733493,0.008716341913836,0.2257894736842105,0.0148944636642298,0.0047366500290706,0.2647774438242449,0.0118978119452692
0.008716341913836,0.2257894736842105,0.0148944636642298,0.0047366500290706,0.2647774438242449,0.0118978119452692,0.0,-0.1559352721511825,0.0141007363671153
0.0047366500290706,0.2647774438242449,0.0118978119452692,0.0,-0.1559352721511825,0.0141007363671153,-0.0100656141711535,-0.1874245877463467,0.0288591983880003
0.0,-0.1559352721511825,0.0141007363671153,-0.0100656141711535,-0.1874245877463467,0.0288591983880003,-0.0074650083029794,0.2474839135456195,0.0212108993527139
-0.0100656141711535,-0.1874245877463467,0.0288591983880003,-0.0074650083029794,0.2474839135456195,0.0212108993527139,-0.008429081767836,0.0944319534453115,0.0197999896213738
-0.0074650083029794,0.2474839135456195,0.0212108993527139,-0.008429081767836,0.0944319534453115,0.0197999896213738,0.0088929957785912,0.1022356495468277,0.0201887905109054
