feature_0,feature_1,feature_2,feature_3,feature_4,feature_5,feature_6,feature_7,feature_8
-0.0130303368179338,-0.1536484779978629,0.0253422419334211,-0.0038763695413579,-0.3444595158597663,0.0168830650448268,-0.0044691187068616,0.4493927769907841,0.0168602096646002
-0.0038763695413579,-0.3444595158597663,0.0168830650448268,-0.0044691187068616,0.4493927769907841,0.0168602096646002,0.0027863026974641,-0.0866122708953338,0.0223394735007546
-0.0044691187068616,0.4493927769907841,0.0168602096646002,0.0027863026974641,-0.0866122708953338,0.0223394735007546,0.0059627638135943,0.101005121792868,0.016187821472646
0.0027863026974641,-0.0866122708953338,0.0223394735007546,0.0059627638135943,0.101005121792868,0.016187821472646,-0.0183192061180392,0.3605350805350804,0.033168171285324
0.0059627638135943,0.101005121792868,0.016187821472646,-0.0183192061180392,0.3605350805350804,0.033168171285324,0.0019149791814472,-0.330995015691342,0.0248378585302282
-0.0183192061180392,0.3605350805350804,0.033168171285324,0.0019149791814472,-0.330995015691342,0.0248378585302282,0.0080353218061404,0.0366757846242442,0.0205028095695341
0.0019149791814472,-0.330995015691342,0.0248378585302282,0.0080353218061404,0.0366757846242442,0.0205028095695341,-0.0320977296372614,0.7063616058512423,0.052844991650464
0.0080353218061404,0.0366757846242442,0.0205028095695341,-0.0320977296372614,0.7063616058512423,0.052844991650464,0.0090351508470178,-0.2507172165892366,0.0184233593199968
