index,subsequence_idx,score
14,14,3.45345
35,35,2.64732
47,47,2.53971
106,106,3.87491
133,133,2.89581
153,153,4.47973
156,156,3.02492
179,179,3.35889
