index,subsequence_idx,score
106,106,3.92663
153,153,3.97898
156,156,2.42798
