index,subsequence_idx,score
14,14,3.383
35,35,2.73095
47,47,2.51317
106,106,4.03945
133,133,2.96132
153,153,4.45135
156,156,2.92828
179,179,3.31722
