index,subsequence_idx,score
14,14,3.47437
35,35,2.76025
106,106,3.9854
133,133,2.74152
153,153,4.52612
156,156,3.02885
179,179,3.33574
