index,subsequence_idx,score
14,14,3.27975
35,35,2.62343
47,47,2.59212
106,106,3.97543
133,133,3.00993
153,153,4.39703
156,156,2.82727
179,179,3.20587
