index,subsequence_idx,score
14,14,3.23549
35,35,2.70817
106,106,4.10494
133,133,2.76918
153,153,4.38863
156,156,2.90052
179,179,3.19243
