open_std_0,high_std_0,low_std_0,close_std_0,daily_return_std_0,log_return_std_0,volume_change_std_0,relative_volume_std_0,log_volume_0,high_low_range_std_0,excess_return_std_0,open_std_1,high_std_1,low_std_1,close_std_1,daily_return_std_1,log_return_std_1,volume_change_std_1,relative_volume_std_1,log_volume_1,high_low_range_std_1,excess_return_std_1,open_std_2,high_std_2,low_std_2,close_std_2,daily_return_std_2,log_return_std_2,volume_change_std_2,relative_volume_std_2,log_volume_2,high_low_range_std_2,excess_return_std_2
1.8306398507007535,1.490207638530852,1.6450234711764893,1.2069747214754736,-1.3764246159584086,-1.376121401439479,-0.7146717830840814,0.0,19.9014303763646,-0.7656253399373559,0.0,1.0171371782790588,0.7348224603592489,0.9465307064152764,0.5298763752014131,-1.4983088988555666,-1.5105979730159165,0.0117482101604794,0.0,19.93125256401218,-0.995808173246276,0.0,0.8275359778591219,1.1736894468322594,0.8641618300666116,1.346223151391728,1.2995607461121914,1.27612602919199,0.757840517713912,0.0,20.152277882095323,0.7455601677320596,0.0
1.629660937181584,1.994233786809045,1.640530536467937,2.044649977259772,1.3952546953908167,1.369137386187584,0.348257128562933,0.0,20.300394619128436,1.6204693754309103,0.0,1.8272429503534644,1.661778339410479,1.9395195747070169,1.6234851346475347,-0.5142193706265789,-0.5028575762831794,-1.0426125025036184,0.0,20.0224976924704,-0.5928860286299159,0.0,1.5221720414842288,1.274453976583826,1.3701788259513623,1.3478864501836867,-0.4856337543351024,-0.4745980333761305,-0.5472087452469806,0.0,19.923728724394746,-0.3092370395697426,0.0
1.7073300015237038,1.5647554821536358,1.5528660461535888,1.4196751163762746,0.07731453321758,0.0924958519425473,0.1351820265661409,0.0,20.008966520953656,-0.2167807542202179,0.0,1.2404416180430002,1.534798137525955,1.3924606053676607,1.490881418371515,0.1916839497731271,0.2061912208969669,0.5792006822435681,0.0,20.11103851955431,0.9162135392118612,0.0,1.3638940312540448,0.966627222782158,0.9857338628564803,0.411599466856654,-1.678362998378068,-1.7140853349905554,-0.7595181630099158,-0.800553226925637,20.007077231884427,0.1616291994537425,0.0
0.5493706023385077,0.4556846420544548,0.6458007903578956,0.588258701982438,0.213244455907704,0.2304201301894147,0.0762841972648586,-0.5182473551006347,20.026144772960436,-0.578302640729987,-0.1115323345833534,0.8464584070663553,1.4038016585435489,1.0491390651859407,1.452685799689187,1.177653652361707,1.158312030564847,1.5940465973912907,1.1737037385812543,20.308472860729943,1.5371415005439923,1.3034976437856165,1.6730431486137398,1.7429317693812882,1.7125629669087352,1.8560914230724617,0.2413775697833675,0.2542766056867283,-1.002484491865223,-0.2393494753124372,20.151054053238255,0.2701856810330297,0.0616157417397783
1.538693264646926,1.4055190319882855,1.6337828575669229,1.1429224488220324,-1.110994561253247,-1.1098869485120444,-1.2319584163013442,-1.4229036890672868,19.877820262351538,-0.5297725203164756,-0.9448547892752814,1.1537113251989182,1.010645449368554,1.3932994341921878,0.9252263479145212,-0.2941362881480147,-0.2777174640834972,0.4291864552901516,-0.8459411750786272,19.929628485764923,-0.8932786215643276,-0.0761642435042862,1.4671858054160634,1.3740162385741053,1.4196563676361336,1.5863974533010994,0.9606700787293038,0.9510120297914538,1.9397997576258557,1.7150217858007173,20.31401858704847,0.0385895679039939,0.9256425089412228
1.8952156529746464,1.5926971739512568,1.7670886051919308,1.3027376020865566,-0.3462945261204894,-0.3280979107653803,-0.8990644100968557,0.1198893741471768,20.14282393491584,-0.904142710265019,0.0147173219858529,1.574454584861278,1.3660602084875928,1.4480323081177604,1.1520904692495506,-0.1793123744183651,-0.1616419682776345,-0.4064157893285837,-0.3978337679498684,20.07676557496884,-0.7576624351452261,0.0877775845832636,0.6436682432152971,0.396720766319653,0.1881973891972166,0.1046270065746061,-1.2639103276358907,-1.2772605425686685,0.1344996859901131,-0.0218129980095378,20.12676794100777,0.7386445866689471,-1.5717945710114212
0.383199473610318,0.2193115135194152,0.181602295233778,0.4480078016394356,0.3111932638637389,0.324475849511751,-0.690045679633369,-0.908409120318298,19.97865482324748,0.0678321353726073,0.0882309401023901,0.2543461588395149,1.38112476004117,0.471382737967829,1.826420795865561,0.9836881130330596,0.9779269010615989,1.4085525556649896,1.1028169500003555,20.33092522609681,1.554897150292495,1.188543649532919,1.3578321763259915,0.9174888559026108,1.4112227630883374,1.2380233252810136,-0.5375702848284651,-0.5258798172386483,-1.3365616632967383,-1.282668893009636,19.857133382947197,-1.1928894607210243,-0.6754261363146179
0.5798286269421717,0.2679271639475032,0.9059122850126357,0.0493497207188504,-1.0350432441429622,-1.0416361769963711,-0.075471674492755,-1.0193606821874397,19.8365970145458,-1.2618871451551057,-0.7820303395603045,-0.3459195285365627,-1.2283610888894565,-0.7969677372894061,-0.9782607898571148,-0.8727652572244322,-0.8733941025209038,0.3639152588758698,-0.5077293941187295,19.95945582200163,-0.6343365590392408,-0.9171739562797814,-1.5757854872256498,-1.628615175371715,-1.3487974141584365,-1.8463405218316125,-0.9102198588313336,-0.9146356070811849,-0.5322577445834855,-1.0171413697420104,19.831704304798187,-0.2718561632524065,-0.4930400935719985
-1.6864840092952358,-1.7062335183084865,-1.3816353847898892,-1.3360534499900216,0.3523903658720475,0.3668078256684744,1.1144962776627183,0.5845294243417913,20.05614501523929,-0.7331129836907998,0.2903613780173644,1.9132457750568752,1.7838081732214692,1.9156890488944416,1.7330271791470764,2.3697795302432056,2.325864289186739,2.4397146047517153,2.6507108345887915,20.834802740291863,-0.4527086354253631,2.3918476539822575,1.4301777130169977,1.1715727391520214,1.5212159845325588,1.1551899327495792,-0.3811102530086604,-0.3742073644000709,-1.2045117769445477,-0.0024447751510716,20.19515162473861,-1.172895603526108,-0.2617203274716344
1.469544936795867,1.2836014513001088,1.547685180041407,1.096248686654362,-0.0379096438986857,-0.0158968991616123,-0.6146315456162896,-0.5628395297560559,19.931389440534016,-1.18469253161634,-0.1603798296747349,0.9661570319807368,1.0016156734295325,1.0681175162648573,0.6994818208730533,-0.3687403759608894,-0.3639092580645464,-0.1481115723130596,-0.5216723628001569,19.93792222602889,-0.5501821608443302,-0.4259572143192409,0.6520966564322727,0.4299283223294279,0.3504896044100489,0.2709587502003643,-0.4320477004083738,-0.4373506005857997,-0.0578676607785391,-0.3219093557144997,19.94679356976304,0.2625308935808104,-0.4690629073149732
0.0020506956601054,0.490924917723834,0.2517281333472675,0.7470766602124046,0.4538254031894748,0.4924296426273503,-0.4790257700550436,-0.6496835618249627,19.780156173529654,1.255114173512346,0.2558409114694246,0.653138095282597,0.8217265971339501,0.744835233479842,1.018739796270959,0.3031586019876334,0.3356645642378494,-0.0153333304475103,-0.5279640917719034,19.83748733857606,0.080924819346395,-0.0402767892688595,0.959375567662685,0.9372641006890536,0.8674840760461361,0.5961494745149861,-0.4989032973638336,-0.5045858078813334,0.0044417868028664,-0.3708893422204493,19.89642496716399,0.0205226450255828,-0.5815413381238317
0.5595936327561642,0.6877431621089743,0.5093910338941591,0.1970654540283299,-0.5048575136624935,-0.512641920546814,0.2043645979298021,-0.0745348807157101,20.059976444995097,0.8561911774617286,-0.2053197850614833,0.3240927404253338,1.1173863279688585,0.9209459214391916,1.786386475238943,0.4532453721418397,0.4868397668318101,-0.1526378270353904,-0.065439402209179,20.056902740811857,0.1874558786194891,0.4598969099654528,1.6165679689025612,1.454666716402481,0.6926400787000099,0.0059470873118221,-1.2688169128077371,-1.2839425809613725,0.1797938920025101,1.529759769912571,20.032629503569808,1.5726311379808693,-0.8155312968327508
-0.1091932321048666,-0.6740561365550604,-0.9296794910694312,-1.028977601673798,-0.7891265676557877,-0.7898858468871313,-0.328004718900997,1.3001583583647436,19.97854321904244,0.6800150896929437,-0.4213041664420168,-1.247154960065918,-1.239551164706703,-1.524888972709573,-0.861901978158511,0.0871471218293601,0.0983198568760508,-1.1631793124654837,0.208038451686887,19.860255176884827,1.2829249145454518,0.0242073326977459,0.2357341310130028,0.7847445017002885,0.963592312045943,1.2740040739796763,1.5580647258327107,1.5437100223274565,1.1491545430171697,1.0253284685406183,19.97863587246796,-0.960860147991637,1.3716214780786058
0.6446898466846538,0.7742933484554781,0.5999160173297691,1.3449287975744897,-0.0007191750758775,0.0111428082789124,0.8111201792598408,1.4276275902176885,20.077929295263313,0.288973340262989,0.3173837379717235,1.0751007636754688,2.323735916548637,1.4759388281342214,2.2584171878233374,1.4867880632967438,1.4725802906925494,0.7428717111422617,1.6563018419431952,20.18413161415905,2.572732641187302,1.3756903837738144,2.517120466888967,2.1576918864391677,2.46388750842066,1.7698092313245593,-0.0212443103151721,-0.0082053260879976,2.337974816213138,2.489441334144915,20.55903603415097,-0.9987843398375014,0.3707516660223718
1.567304988262986,1.362594722815521,1.438840453143578,1.4787187115831777,-0.1091788104494553,-0.0970279324774287,-2.1502839267599008,-1.178807652487183,19.88566382189837,-0.4441386708904205,-0.7987747151761145,1.5757472813751736,1.3421370639459298,1.3203215829327066,1.3637719052131736,-0.0232506910244433,-0.0110339484778424,0.9114262587360488,-0.2321936843815435,20.12070497083232,-0.1007315667052615,-0.7152623613781925,1.380835259304827,1.7056441030416172,1.545689690385191,1.258484841461507,0.0342629350259784,0.0459495074515917,1.3260894163658423,1.2794082353394558,20.496735307542117,0.7282767583719014,0.9423823335445588
1.4513956152909,1.291949206771528,1.4406534212833677,1.399596256580623,0.5456354116347014,0.5548025804684115,-1.1469139231816303,-0.5135840747150454,20.152139811403156,-0.8826272964789912,0.6486282875333301,1.131410355435846,0.8907603763437196,1.0067495357541396,0.9477568409525928,-1.4415491865623684,-1.4637847129264057,-0.7596070591387837,-1.1362097226185657,19.935632139478702,-0.7455991379802214,-1.8576360183371357,0.8584477583738996,0.6456790132104318,0.8803697874382744,0.6484508931184054,-1.0755098999744512,-1.0849994059334942,-0.7509883937209494,-1.4609340462450946,19.704460538634233,-1.03713794445234,-1.1624196472675747
0.4295349926634156,0.0679415270334834,0.3244189759500357,0.3807046253107516,-0.7144199707482679,-0.7175694855690301,-0.1046330609925615,-1.191930734515961,19.690733383792864,-0.8452755959053068,-0.6026517712419375,0.6306074860921932,0.5443090166462182,0.916771262342075,1.135237547347423,0.5350341122743385,0.5449815003890313,0.2696412181047416,-0.7724207021605587,19.7910845183074,-1.1264276238978743,-0.0011189481629636,1.2465208397839302,1.0587497142503068,1.5587001257578192,1.5373557572740573,0.5769671016561707,0.5798114891354625,-0.2369826896027383,-0.6976138786909933,19.71408100694056,-1.428579878827703,0.2810006628608408
0.8870002656694007,1.319989024825717,1.2426821099048482,1.7655930414841814,0.4862562221960717,0.4895102213464176,0.7570106886957162,0.2053785446134268,19.888400704571502,-0.2657593806647919,-0.203877991036135,1.5295945548420973,1.4038722630127225,1.3869400268800505,1.6579154954899684,-0.0747554250012723,-0.0685363567393874,-0.4099687278870826,-0.1024019553852489,19.80375994447831,-0.4069862407944634,-0.0264037831178603,1.9654338114567664,1.2151707673973229,1.217892286502276,0.6510576810054454,-1.4657514452239608,-1.4737627480428084,-0.2594739417689343,-0.158683990980129,19.725200901933597,-0.1810954091024377,-0.9688843433407912
-0.6286946066281578,-0.7335478759320444,-0.6441450637945657,-0.4956153541384521,-1.2845338752716773,-1.2919517459198648,2.044624745666024,2.19101309252824,20.059706586359138,-0.29272978086905,-1.1616075270377304,-1.0148157495161625,-0.477217887867303,-0.5163386447204732,-0.1615487143280971,0.4121680062249744,0.4177089746201148,-1.060613611705883,0.8454021361236939,19.80109284092877,0.2150941596138823,0.6212546898964549,-0.4312337631371664,0.5154279408991096,-0.0956212305233089,0.7330230216140061,1.0962423363024805,1.0910850705035384,-0.036331123453275,0.7613126438589608,19.79510240517617,2.0798183660374727,1.7308387434498038
1.234798933945583,0.6964001310776117,0.6929985077269439,-0.2053164030260884,-1.0794535848927216,-1.0789517275662792,-1.0959561683566852,-0.422263850478114,19.566106644697168,0.0382473536614321,-1.2006962965270107,0.3814147664389613,-0.1807291040242283,-1.0633216384288564,-1.7478374267195202,-1.3885243305201944,-1.3949273577728525,1.6361560297414024,1.177020359109714,19.91641006116283,1.820238249336602,-1.363154177838894,-1.0033008174427762,-1.5385731719309774,-1.215529006256861,-1.489878113921973,0.0370612916017941,0.0444931758297173,-0.9151376202854408,-0.2831438268627734,19.68371931147044,-0.6831792019376794,-0.7330698298055077
-1.2195886827856242,-1.254956461130626,-1.1858380346344457,-0.7625424075474964,0.8213973250857397,0.8222882440272946,0.3591446637664271,0.2070004675328082,19.79606581709164,-0.2929038145901628,1.2716107288220715,-0.9303545021243088,-0.8061870798436634,-0.5569144878993361,-0.1637130419982021,0.7530269669010053,0.7547914767871795,-0.748712981307186,-0.8973831042993663,19.588417898506897,-0.8070225194996636,0.6767531248127965,0.8777958292097038,1.5329786590069294,1.6045592821152728,1.4596635594231604,1.4366001636971175,1.426192651100038,2.1471877618895023,2.1905093550250525,20.22042822555601,0.1354870619317401,1.538260489647841
0.7978571405215144,1.3006120770061231,1.3677757287213226,1.6857556067046024,0.4540731463681376,0.4584864255081349,-1.165920177979361,-0.68022628692357,19.69788542527271,0.2034073711013096,0.5536814087962286,1.192125023492708,1.1027650693383095,0.6629760576979158,-0.0337998615435923,-1.6628192823103276,-1.6725650128146057,0.4044531840463774,0.3433887261872261,19.87396297021001,1.4620153001792473,-1.378990808567242,-0.3724852000856246,-0.6511221191878482,-0.0784112387221542,-0.019908622989062,0.0053923881851695,0.0136205815712374,-0.6126332027608059,-0.5878067216458828,19.659353484060556,-1.422171215384881,-0.0058509890542776
-0.2875862303107535,-0.2200960458283066,-0.2054830872994789,-0.071585182731729,-0.0592129308690294,-0.0514291860293582,-0.147787999061999,-0.5282956146988476,19.64234218089676,-0.1133298601279642,-0.0741128568215143,-0.0002539400648135,-0.3609716652151148,-1.0670483477061694,-1.4026123180532677,-1.4008918008990197,-1.4070086132165152,0.1183977413140138,-0.1935497751430686,19.751797965153436,1.3697752480486516,-0.7269620081173879,-0.1010177146581943,-0.156502780534162,0.038599962473854,-0.1444303125054505,1.3090707942000537,1.2948106575749867,0.1036706091965403,0.2683042634889196,19.82269342498773,-0.4802372193198854,1.6267672171030358
0.6728105730864495,0.0684908488214895,-0.2440327356057953,0.263070001455259,0.3590335589127884,0.3641560341296133,-0.3557560359245265,-0.1935145401610052,19.748182712604255,0.6855722755521396,-0.7553620097600876,0.151174413298312,0.5215174474362885,0.7506350980110373,1.125253754155575,0.7683252594377294,0.7661248594644409,-0.6829080751922614,-1.0422529430667191,19.49300381621963,-0.3679627022955014,0.4722146293508661,1.7569426263582402,2.273420783135151,1.896285739931072,2.115157228521592,1.4861418725473052,1.46462524751532,1.8229610942419805,1.5790043148979764,20.1617239470169,1.8250799169355392,1.6999951883772138
2.3708283959467953,1.5218973097549322,1.9033922473168936,1.003197781338306,-1.0835489023725506,-1.0867647140713637,-0.8045204156968023,0.3069909468103726,19.813776922674236,-0.4043297896895416,-0.7531110181829126,0.6821617475575925,0.7340356246262987,0.7549101581722654,0.4876702047400956,-0.5764119579310779,-0.5710723373043823,-0.273450403267984,-0.0782298693701143,19.764555483462704,0.2153306087633026,-0.4203971726353818,0.3412107177363396,0.0134079130211681,0.3104789915156054,0.1082036836434577,-0.4622303034895103,-0.4557987842102217,-0.489913916371962,-0.7267240871062868,19.589596159569936,-0.7604796379815673,-0.2602061312076991
0.5219852485696994,1.0853184397790128,0.9452602636169222,1.274559646287555,1.3405487019006428,1.3307560923424262,0.2252487582028146,-0.1922617719756748,19.705756004681277,0.7532678311462164,0.8227459484204817,1.4416459156978558,1.3798885984458764,1.500287338775249,1.4258715271755509,0.3322265814056624,0.3417707054188228,-0.2511287768001043,-0.4780988032625156,19.658994106476516,-0.124474014665655,0.4163475289654162,1.6000308550886233,0.8686759426153976,1.3986058320973804,0.6630107216096814,-1.1754876505466627,-1.1810754538934656,-0.3111945287798185,-0.7650414067213942,19.567667240450792,-1.3927467377215148,-1.149071003107194
1.4365750330764144,0.903448048156524,1.1737749459554248,0.9263489117638344,0.1614127285031772,0.171849616764927,0.4008639842006057,0.150682126701066,19.72725526464648,-0.81808390460651,0.0753837863743986,1.040988596175966,0.5022816862830832,0.7042399262412008,0.3060999121935848,-0.6506440582658394,-0.6474572500409478,-0.4328818185129551,-0.4566525617726915,19.590524732504228,-0.4701672235430525,-0.7805892362738571,0.3052462410990704,-0.0274731069058915,0.1433354580010939,-0.2577594196281835,-0.4457923798291199,-0.4408116123376657,-0.5211323124876575,-1.1673535417326897,19.42944855892691,-0.327300479820187,-0.5546922786876682
0.1473083044115991,0.4688141599455577,0.3102506325470924,0.9511150189036672,1.0159537308019155,1.020896436974031,0.8846207110108856,-0.3914847904859252,19.498838596342967,0.3538179271588412,1.2806736470930975,0.774131664540007,1.8668816443014984,1.502387689899256,1.174598946147273,0.2771318695718509,0.2862927849783744,2.381155129585683,2.5077199323993824,19.92343504582448,1.3121299844728689,0.8515083856790836,1.69339303598642,1.7813618164967269,1.9213949945574744,2.0295465934883037,1.227517276852822,1.223366815499899,-0.31652791001003,1.5828000090606962,19.88517380822941,-0.2140741969186956,1.0407118609418606
2.1690654498198367,2.4752892189825726,2.261852460727321,2.448894106336437,1.5525265169989144,1.5360937373947734,2.0892524866758992,2.450923827314518,20.433882319190477,2.2035139427889607,1.7242714313606349,2.294592701606562,1.6301579760313305,2.020972435433261,1.5280865279864149,-0.9861005080098456,-0.9908943208916928,-1.3176969001014198,0.2667557013704443,19.97652377010401,-0.7905865933907523,-1.071049599473213,1.301041660028555,1.2498578824802729,1.3806554227701784,1.1715174683440512,-0.436976746149012,-0.4319734508570916,-0.7820037935580331,-0.4885160691799619,19.734404414925592,-0.0935696235169673,-0.480952908445606
1.122917353238588,0.8687722726834144,1.0810705736165098,0.6372098520722811,-1.0549637050163845,-1.065049729638614,-0.2911519110744268,-0.6424302759144728,19.691151713371305,-0.8239040991685788,-0.6651206877342952,0.3294910681069913,0.2095415964688225,0.2666780561968181,0.3964989059604073,-0.4830015582111849,-0.4801291451380578,1.9265103361429168,1.2380901093851469,20.39673066514978,-0.2436372343286737,-0.2309222265742152,2.6481549542543776,2.661293878332508,2.5776149589341824,2.602472497917621,2.736294886243682,2.714034447581589,1.604653342133897,2.2754281268136385,21.157584645048264,2.50303461605616,2.7782460624333303
1.7376005156958316,1.8016048635951791,1.964948712504363,1.9735371839617013,-0.1199425394208012,-0.097131404301351,-1.3038765362297884,-0.3666241496132843,20.38694938958942,0.4187986502874784,-0.2783803083156885,1.779899487332813,1.8004363952966436,1.879748093511343,1.686064984709161,-0.0723039381776908,-0.0455112376347373,0.069500855259162,-0.1111896265278564,20.64357415207383,0.6698895029313314,-0.0529781023969017,1.2219594413196952,1.1584817910785823,1.0912877200028213,0.9272028750569772,-1.0501688036146948,-1.1349686973433972,-0.2102185938461241,-0.1153702680872405,20.725842515457288,1.247590113596596,-1.0073056438483472
0.8173956352576527,0.9065907885151212,0.995892688372426,1.1335147796997591,0.2504665505161277,0.2987814059992417,-0.8955553463630216,-0.9554771264438986,20.270509417402636,0.0977906356541028,0.1572929574007703,0.9705295307580288,0.8197110174232993,0.9585285493028736,0.8416737281484048,-0.4329182973391425,-0.4366879847736097,-0.5471687365766928,-1.03315344171765,19.99497012272423,-0.241335160694173,-0.6100971826850919,0.5531101536808065,0.4804958315859778,0.7089622855340659,0.6487258403565843,-0.3588313453788717,-0.3547390547030788,-0.4848089616731636,-1.0444986471803306,19.797162117312094,-1.0322465384521962,-0.3240794747230792
0.3883426519469388,0.2439256075100726,0.4218932713844954,0.3760583368336797,-0.4560450858248305,-0.4624033017455747,-0.2401316395400866,-0.957693212502628,19.778393003278502,-0.7921761905658684,-0.4773971788573573,0.2482827109186029,0.1550207454484215,0.0079772048704817,-0.1826417921441547,-0.6393634893394581,-0.6674431586092794,0.2948785075321778,-0.6829468398948131,20.053831278699285,0.6844321848241264,-0.580446881734277,-1.3496937263639432,-1.0964621134369237,-0.6278938639209449,-0.3102558532320054,0.0166735924863424,0.0533469416143743,-0.45260762964393,-0.6852948362339161,19.85044638952278,-0.5671396084680373,-0.0065272684384033
0.0476431215751164,-0.1811611645748491,0.3341864526349251,-0.1042008213104668,0.1305065893746141,0.1440178321628117,0.3812681677560626,-0.3967330317268996,19.873972322231776,-0.8407065673782123,0.2293972121117171,0.0923886356331538,-0.4376283194574661,0.2786043991641468,0.6915366684395079,0.5202469011552726,0.5276769355297116,-0.2472968392240959,-0.3550557762829699,19.77832097106997,-1.0590652086931711,0.3628546933347685,1.5159350067555886,1.9154756747968245,1.8788433791821053,2.0059339381688472,1.1061832122390225,1.0962981053281264,2.086223835222181,1.3765739483060582,20.234214752822016,-0.2392549610364309,1.1510039103634426
1.7662253849194278,2.405050860288183,1.97050513319538,2.2737428168094147,1.243788878230338,1.2344079111620996,0.7056993803600086,2.2749928018314582,20.422788926544342,1.7456299627709362,1.4481192704592458,2.185209786759537,1.8239677398530736,2.1427369915372445,1.5590390933806215,-0.605949164683645,-0.6009630258905592,-0.9225667660226964,1.0118814467223958,20.15872644971435,-0.6234256981514692,-0.8958072119275128,1.9116749915558948,1.5766767023057109,1.7642829090639285,1.2576821784057854,-0.3095601264909025,-0.3002701821244609,0.3718925753676181,1.144024510366333,20.30122765245395,-0.6815337782806912,-0.0424626995517526
1.3061511951296458,1.3420446021359294,1.374927852076423,1.3961674414741354,0.5908052249489603,0.5962698991594889,-1.299787576677668,-0.1469424675410328,19.927317088272275,-0.3223536858566817,0.8999021404082004,1.2384058904978097,0.951682512956737,0.8925262054548427,0.8700956209572774,-1.1310568423984868,-1.133404652151369,0.5545718019005027,0.2189892264793968,20.12833914440524,0.031428200454248,-0.8864542454644949,0.5193897192659827,0.6986895697433587,0.799195994978052,0.716051738119512,-0.6871116659193054,-0.6834392506536269,-0.9135376854780796,-0.6325825903786814,19.850362608259054,-0.4682162355895343,-0.7335576740480927
0.4773763467907606,0.2326215824604535,0.5448223494632728,0.1430045890922452,-1.2379412229244853,-1.2502981086417568,-0.5760584251739576,-1.0836262299666597,19.696434532165092,-1.10137336750195,-0.8818202270814832,0.3238849711720731,0.0286377819287642,-0.8341903377918901,-1.1335761044618835,-1.5504071061942457,-1.5742078623307203,1.689045034818371,0.3229304647639712,20.20293181967522,1.980614529340856,-1.4503248175253305,-1.1691509877993045,-1.1667138779677924,-0.9062637810369776,-0.5309182419228379,0.8615577710993279,0.8644155513127676,-0.8199334158699695,-0.7882203064918296,19.951454167366467,0.0297578094563613,0.5308851172563602
-1.4322080379061346,-1.65754587674257,-1.0138866746093975,-1.3354100913869127,-0.700887060818958,-0.6994563227865056,0.7184510357620674,0.1925307125145079,20.183078343263094,-0.2303967369229921,-0.7213713135594951,-0.721223182670653,-1.5234199906116346,-0.9423027771268226,-1.29183837386155,-0.1055746911454394,-0.0967546039940176,-0.9939485904772946,-1.0584806651491168,19.757033530909677,-0.6171264343838808,-0.3200947133610085,-0.501108199029376,-0.3255399837483357,0.0182016542390672,0.1426464217013466,1.506810015793074,1.4946430103129764,0.8426651205476544,0.3310076742389302,20.03241202660149,-0.5497233314794229,1.2339845881888811
0.4698533567391837,0.1955123254352012,0.8208404817014573,0.2787314079324789,0.1231657242579974,0.1342726454896106,-1.4558013226590087,-2.0548366528772255,19.1048325925525,-1.087937574959764,0.1430035182612406,0.1547714294533962,0.7556344652166439,0.821005061143096,0.3985286128753851,0.0426560819903862,0.0530403101513858,1.357554965113213,-0.5319585963517229,19.595074368919143,-0.3729498439913106,0.2530348175491388,0.0102555941335271,-0.5616747346935902,0.0498245623092896,0.2863221360817422,-0.1388688234234538,-0.1296721496603922,-0.2048495349976371,-0.4248952794965036,19.53116231648457,-0.6564206972297595,0.3529793367581254
0.705309180117697,1.251359813702105,1.076118151589234,0.959824310105144,0.4691120933264627,0.4778431815479859,0.2552770239676218,0.2263979234845559,19.690106966082755,-0.3243724764835428,0.7884452114238479,1.1342922117780574,0.5469520714033407,0.4884965741926126,0.5049139908802186,-0.3577854423539476,-0.3499839872597329,-0.2091892231057679,0.1217256036156168,19.684547553141513,-0.1570038602675902,-0.5019087897770332,0.877498543452532,0.4556934832794341,0.8561901933148667,0.6943311160189533,0.0537956592903218,0.0617816626094599,-0.4332787338971396,-0.1334832401199035,19.513422504741687,-1.3335963421099248,-0.2440206589336282
1.3892243529967268,1.7900893705284138,1.5008330401749757,2.0459997805689603,1.6899738656883423,1.684473439259156,1.337512762442191,1.827718213848804,19.991953547966418,0.577400871062373,1.689130544491376,2.399010949894271,2.4551468809253407,2.3285154367043117,2.4005157273298945,1.7546069202727037,1.7451470607889188,-0.1569564928714685,1.623320942484486,19.985547979745633,2.098172034991512,1.8043732645103163,2.416263562793577,2.295689470562019,2.0101625945930905,1.5952947637414474,-1.058815564368797,-1.0682741349943226,1.1538979225429369,2.2171334166750323,20.46459225482455,2.5929019554506763,-1.1172346187747595
1.63978506816938,1.1611734996445184,1.6116041625516235,1.6564881432592684,0.6317100510100478,0.6412791362712953,-1.0011970749358234,0.5623621897146852,20.05087769088532,-0.1199721886825014,0.6205668098755707,1.437258587301832,1.4291067352440832,1.471060901474441,1.6436511537643133,0.5460669489669207,0.5545097706697905,-0.1231139436603469,0.481748580689975,20.159679177274796,1.0069644128558617,0.3600144099243853,1.4154630016459655,1.1231975312108176,1.552054466328704,1.160958958175171,-0.9751550493643444,-0.9804305595307802,-0.97842605800674,-0.5202556136974656,19.87346952703189,-0.5782294005462201,-1.1310058257750122
0.8005446341857091,0.660721580967927,0.5384518281965329,0.3100049444247706,-1.7021596698327877,-1.726319844490325,0.4786503010010586,-0.1141575457281658,20.10311815912919,0.7035256661356328,-1.5557290584443286,0.3129170228302663,-0.0122381056501208,-0.11785320532107,-0.4190443363904594,-1.17164792291139,-1.1803168761811378,1.595690224056214,1.479257557069286,20.686362198341367,0.2833564829216574,-1.2583988324267463,-0.4081908372142899,-0.5720832915331238,-0.3590589560011736,-0.458260208124377,0.0347439058363179,0.0464375123741833,-1.5312352215240337,-1.379305435636465,19.76228104303564,-0.7447130602382355,0.0058261395366145
-0.5374825216749621,-0.2124018154818082,0.0972144465593083,0.0249226399246406,0.6019014976753404,0.6075752436687041,-0.4380795254418096,-1.4345259708591498,19.667945772148247,-0.6223625560297126,0.7088600087984297,0.0695920097907853,-0.6220345991631671,-0.4672432153253385,-0.3544492019288397,-0.3466319534662267,-0.3372776415725102,-0.0176403946388401,-1.0913201762842455,19.71331531537465,-0.3877807404294687,-0.3013887001098905,0.4420245270319747,0.5927551297281559,0.7643090950903977,0.1032478571191664,0.4844324894411594,0.4897241912382447,0.4039303194691371,-0.5836139297646028,19.93795073670772,-0.0763692027372608,0.9351577772619196
0.6084248789124544,0.3689937182555296,1.2419214393164162,0.8008765618956429,0.7520728407632182,0.7507929469260973,-0.6718890386395747,-0.8575239976623983,19.61821486738863,-1.695317256874722,0.4110593210389847,0.6401125286090741,0.4096446541327532,1.1387813793307675,0.7409184322715745,-0.0611805503009621,-0.0521049462036359,-0.6286084957007315,-0.99642521338903,19.341182600581178,-1.414218940059206,-0.0708675352829735,0.3275480046909804,0.2951954896374283,0.6117859981018658,0.7053191657435294,-0.1548040893399454,-0.1463587846046904,-0.0947375801922832,-0.790489273205021,19.28718441912481,-0.7895785091306174,0.0219477328993184
-0.2685147832209464,-0.8274906082272946,-1.5902748465941987,-1.3870125688821702,-1.8143716851687328,-1.831841558763968,2.039807936694648,0.8365772000485601,20.088655455039664,1.8444283123745084,-1.568232696149451,-2.005163526392471,-1.3951582880687152,-1.0130032542983245,-0.959001648850244,0.3541720652772938,0.3587666935638499,-0.8140600355519727,-0.1767890912052395,19.596797139232812,0.0595262578192568,0.5363283815246537,-0.6843191299851868,-0.7158195067085615,-0.5280028446319932,-0.8673900619977033,0.1375815852329004,0.1441885853088835,0.2383352067473756,1.184717298176816,19.708992861232428,0.0008889611523351,0.4407213845565061
-0.6167876484074485,-0.9530068019049928,-0.437420085798784,-0.1910072249654723,0.7206842718071746,0.7137445160857733,-0.3516453229516268,0.6058873704364186,19.59054025315207,-0.4738383237482777,0.307675148328229,-0.8665695212600061,-1.1180888983715611,-0.7938556272828483,-0.8682558497417041,-0.7516662324365292,-0.7387172351975322,0.0678459849133826,0.837351289643613,19.684363872722837,-0.0679710924866979,-0.8101777910473665,-1.173970333005241,-1.6440271392425003,-1.784871389504664,-1.9908137322171848,-1.7024349813743629,-1.708682578981783,1.0783520400051363,2.100387981759188,20.189596267460303,1.492935140105311,-1.8768561798850796
-2.03416923461159,-1.7648792832772813,-1.509260099147187,-1.5710447751692789,0.1613146357344017,0.1700765981314108,-0.4986536638104919,1.0380267581521034,20.015421177655497,0.7470871884250199,0.1135608624931456,-1.7114081592796726,-2.045419648611474,-1.694157586699082,-1.8365343293329133,-1.0013189793784785,-0.9965606737819278,-0.0856861277336495,0.9350730313618748,20.094191445962927,0.115927031384597,-1.2836314534190247,-1.8135928732506672,-0.715615879105998,-1.5296326417503074,-0.1264653002619055,2.185395689285783,2.146122869617463,0.2545293061469345,1.3208673331476033,20.352616563879486,2.2851199159600406,2.2458223878380825
0.4494814159329313,0.5250743209084331,0.5343585716893372,0.172002380152675,0.2652402217594662,0.2827281015961879,-0.4323846407194684,0.6795615832712646,20.332460745255165,-0.2929100717677679,0.5699314201012646,0.5418941735530348,0.1382227903722687,0.3365991034351483,-0.102247596982098,-0.2804061638990137,-0.2705548045627554,-0.8703523500320242,-0.3989278007012752,20.08356652990051,-0.4954547378546564,-0.1324139945532328,0.1884134510521154,-0.3146849277540902,0.129370756169504,-0.1237325161813322,-0.0330252010275331,-0.0190935227491604,-0.7689684293480079,-1.1834227871062264,19.9300662521894,-0.696070133124335,0.1271353127740133
-0.5091775373264252,-0.5972667894324841,-0.6039545774526499,-0.0563054062900281,0.0514238869310017,0.0664494474687229,0.7837471574254034,-0.3958379825783242,20.18501420330277,0.327538372206026,-0.0218244150004092,0.7478165353836944,2.020528178559953,1.2382238150308222,2.161653198571232,1.9107797094256715,1.8890987004686297,0.299908010509959,-0.043656944335303,20.355924207076328,1.049435165446911,1.8592617897267825,2.111070466321596,1.9634437865903935,1.6973280531221937,1.2014575338181883,-0.715181767564932,-0.720226194044309,-0.0577606758355812,-0.0682827362578682,20.442616312724127,0.801375116595823,-0.7775959557711946
0.9097214053846888,1.150037811991661,1.2811370258385435,1.5394206144958644,0.5223436427710957,0.5421632692355856,-0.0652439642718342,0.0857125112396295,20.47358065343944,-0.1485839829210079,0.2527348452713191,1.924569749905952,1.8549003576907297,1.705635455770848,1.2458504957529757,-0.2630452297369436,-0.2505601774396083,1.7641495746081994,1.779742894256353,20.868269669621004,0.8343850078249855,0.0276794788854421,0.657367330634473,0.7203501738573728,0.5703759026073035,0.5649130297733623,-0.9661362880200952,-0.982868823647864,-1.1899404652737973,0.0016728856123817,20.645672877271817,0.4980127407924639,-1.2912734261707242
0.3094432081454278,0.2261601338474683,0.3473568843677723,0.8630218102709466,0.3228642866020518,0.3419563029547109,-1.1654812048173058,-1.196553798632091,20.34520965038229,-0.0996593047120858,0.0999429837171175,0.3015501290501309,1.0056363207966632,1.085998679525871,1.532444414866392,0.8961858516191112,0.910494945160656,-0.0198186309940702,-0.9092765558107664,20.368584619926963,0.5173628881274689,0.5771086111557924,1.1110156314038349,1.1323848031543753,1.6927292056153884,1.4268952396473222,-0.0960177771055446,-0.0826136138520238,-0.0313994483697848,-0.7647150485925155,20.415661291377223,-1.3470943716512598,-0.1506777352430917
1.028558244858143,0.8898297637089175,1.5206088344861748,1.2571646195855444,-0.3537558348730057,-0.3454099879649119,-1.323581399193622,-1.6592314977758942,20.08568580672682,-2.058034758880096,-0.232593464716613,1.0893666673245417,0.9173559589778,1.045031504871196,0.7122366353648584,-0.8492777487010661,-0.8570877077570104,-0.5298329300143759,-1.4965604093482578,19.955028665902848,-0.8266676588121465,-0.8810968155536353,0.0953759084298766,0.0564800382964331,0.717492131362482,0.6152938888950861,-0.1204099907849255,-0.1105688227023396,-0.6115739710008569,-1.375051592555451,19.762639133865527,-1.2970772854117762,0.1858802511239068
0.2208795300796251,-0.2288862003783434,-0.1884787251368584,-0.6915244496121343,-1.4542529931323842,-1.470544864156758,1.033738994794527,-0.7843438033291665,19.965409456150713,0.0114161919199599,-1.282893665542985,-1.6157274074694636,-1.8062241892366984,-1.1411034155345885,-1.2271726763885464,-0.7264518741230405,-0.7262071049502875,-0.1763984328504229,-0.6784781067504961,19.887010122716223,-0.7948964309355595,-0.6479967431568803,-1.128416312441906,-1.2972691553904367,-0.8903845169267857,-1.4342680361181874,-0.5110581918332872,-0.5076524875811058,0.9914296883800762,-0.0230383268958118,19.97475181530943,-0.4716714883671405,-0.5921778693732018
-0.897170092197816,-1.34036721490526,-1.373227624601094,-1.5202126229898218,-0.3351532033655796,-0.3291709175546746,0.3376209495571378,0.6584094506285857,19.97664614923869,0.5602807937778246,-0.7236738005557201,-1.4810697511255335,-1.4236205984043644,-1.1891219397779706,-1.4032953990430277,-0.1375856342919472,-0.1302560645829835,-1.306145802913421,-0.4006306750085722,19.671315738487728,-0.568248726777459,0.2330959022590287,-1.2974152474263123,-1.0332938538433962,-1.0226294233488815,-0.8618904926371306,1.5089430908535963,1.498842224817718,1.0606072369514217,0.7517371667227541,19.802854127998277,0.2490748299493067,1.4730325666337338
-0.4829026340686672,-0.8253611892783269,-0.5332464104516208,-0.6524618655249582,0.7640212317494903,0.7654655291416226,-0.1070676214559517,1.0632917829623514,19.729275694108207,-1.0874333741768036,0.0949189248594377,-0.6487755738632027,-0.8886396636851265,-1.1486374121723202,-1.441979443404268,-1.6655275550799116,-1.6787768805312977,1.8401968230234091,2.2056409717976804,20.043688174627263,1.1267788059815806,-1.1654988110050946,-1.80502096867518,-1.5692372941972823,-1.8617321342197015,-1.200965485983303,0.7162760245581467,0.7171081503858094,-0.1909695011455623,1.5576077161318898,20.03066051155643,1.8299889609961824,0.7301388336484521
-0.9792958259917308,-1.5324813668125954,-1.1164624043180458,-1.4618554983127086,0.0406922964075685,0.0474978817620744,-1.351625407695053,-0.029203266736133,19.737260547339563,-1.0058524928153556,0.1389420094248222,-1.0817441328077255,-1.514208192506188,-1.470478408561091,-1.980722625910712,-1.2526530666075846,-1.255515511169894,-0.0381307257809271,-0.1000702392496662,19.721166643380737,0.6300168031645066,-0.9721020127588847,-1.8995244080626563,-2.071969851830293,-1.7848331888945868,-2.021317755707048,-1.0718106573476878,-1.0726538103708698,1.044577874827019,0.8915591416278673,19.926392362438406,-0.5519941579916277,-0.3131299685451751
-1.4751161898088274,-1.579049016863958,-1.3009705046017908,-1.2993330413414657,1.3021249212189356,1.292265996531998,0.2270892192152533,1.0652790145257884,19.987703729239097,-0.9769649267789582,1.68684920514164,-1.2074444361433785,-1.0679531732011478,-1.0821195361919005,-0.755164981312953,1.0947125732584515,1.0881288342166109,-0.6504630668579383,0.2061085944066663,19.85359864046243,0.1412698049685226,1.0038194340633833,-0.7828252799168195,-0.721128255962894,-0.6213677732972215,-0.7740967505078548,-0.0380090455470826,-0.0290747967464191,-0.379052451784159,-0.3293499341383892,19.81266389567554,-0.3549292283570362,0.6831807298074516
-0.4559447740996531,-0.5390024855795634,-0.4926851917751892,-0.2735639073882472,1.0291919738868711,1.0242287024759256,0.4571354081254031,0.2199259297255752,19.91343876429342,-0.1551867580034846,1.0736376021822451,-0.2007495827149243,0.0785735730012971,0.1519186699889702,0.4977845373316269,0.982385413349884,0.9781088555628792,-0.412067459972614,-0.3994456644456305,19.866806473522885,-0.120596999369003,0.6511355104581499,1.3858976159660183,1.1203381169943607,1.7928335264751152,1.0028525865034443,0.5874483080653515,0.5888462101696734,-0.3614574375302888,-0.5937326903800529,19.801535338835528,-1.1245582479308354,0.7515939505233603
1.3070510274900613,1.878037311704273,1.776367354927388,1.950872142000886,1.3744458209377914,1.3580371956658144,0.7056818024216455,0.6230476138507184,19.886936273267693,0.2774199798681222,1.5861647731583692,1.709637951742859,1.499424074275352,1.0945106251337513,0.8015179115342492,-1.297253875239211,-1.300214482435799,0.5589197293779885,1.1677483513650826,19.970050132044165,1.7892122290813204,-1.2498710649228029,0.791126602042636,0.6035450891245377,0.9722889458799584,1.0447334382927351,0.3941008235389592,0.3982479584808085,-1.7914380805030732,-1.903359709096729,19.706660175122575,-1.2001105364885356,-0.2748037921523767
0.8590807329542972,1.0395471104939202,1.2432217201452265,1.343083520128857,0.3793689767291053,0.3814323573036005,0.8394988492742865,-0.7116139405685321,19.790548425396867,-0.6555640570038034,0.5050790231992003,0.8087450702093063,1.4832078372633692,1.128121873177787,1.7501571313078348,0.8752086449799612,0.867561198278059,0.9213260521170964,0.7815312715897056,19.88955919838024,1.2874823148942476,0.210664105859534,1.1956453389636208,1.1061611232225157,1.2311132030550125,1.1086737799300843,-1.0204315887112592,-1.0148303261290887,-0.5491139760608195,0.0132146180387112,19.83087472283752,-0.1789449518439725,-1.7433485356645564
1.4016441288065051,1.4073396104591267,1.5720140584708526,1.312453692832434,0.1530732585204031,0.1589103904477921,-0.8544257004744743,-1.102763147231097,19.72517377129694,-0.3925236121448621,-0.0475747447495531,1.8286571424583171,1.6460103175619154,1.95890826042908,1.7331567746781975,0.7036802908533281,0.700252050208075,0.3341237631936103,-0.4849785246723939,19.75076712442755,-1.179114979127668,0.7213737362704009,1.9255900092560951,1.8347405495725104,1.7679409015915837,1.4847735076129016,-0.3348342468750561,-0.3253204923657328,1.801202848786147,1.83159111844591,19.99205327765727,0.0165210944941356,0.1169380968954342
1.580863060927226,1.151372066615472,0.6746279692850334,0.1398599597141323,-1.6911089936125074,-1.7004440447420013,-0.3004660694065523,1.1593526350672043,19.97696046837579,1.2166685292654793,-1.7174137382140044,-0.1167327143082605,0.2445319903741752,0.2467243302318854,0.5926424153924464,0.5453040420246292,0.5470676892552566,-1.3382195436941902,-0.7847587253582939,19.74270055175878,-0.0309071939973059,0.1503950840709438,-0.9423048136657718,-1.0577877393941324,-1.7414495924150055,-1.4950892014855932,-2.0271667055380997,-2.041273110615076,2.640228571481727,2.6471710564615365,20.515420913811727,2.082327863981478,-2.112743671194546
-1.756061083857038,-2.0178188119149234,-1.8049210290414952,-2.19470889591906,-1.3455361836177069,-1.3479776252603966,-0.8278782897324942,0.7447964196577278,20.256925889813846,0.1397682082087652,-0.947658316787964,-1.3623766655542269,-1.5777128205688906,-1.421090951113242,-1.6913656811145452,0.131802912224056,0.1424678424890679,-0.6699647914372115,-0.3212517509287914,20.03258162279303,0.0842149786885607,0.5777308775508457,-1.546136785525843,-1.584319010139766,-1.479308176685515,-1.563327391222791,-0.3049271906453314,-0.2942247923882681,-0.2615351036715146,-0.5016504842706426,19.983584547509405,0.1614280593954012,0.1674673689803961
-1.4693605497359423,-0.9654667454374696,-1.238170857321995,-0.6645040029147778,1.5367884821246274,1.5136146790552485,-0.154804957632676,-0.5317010958715428,19.986229464906472,1.7508335666346109,1.6828685108904815,-0.4733151427189093,-0.5989701504201604,-0.3154650125517457,-0.2412805501429504,0.7176276590785589,0.7213849536019883,-0.5320438830291225,-1.038469158446531,19.810625935174578,-0.9267533949022724,0.4216598153673007,-0.1967357762076937,-0.4837207585094406,-0.7029611349426887,-0.9676938893115448,-1.1052459209874277,-1.1131770627603632,-0.155613737853888,-0.9829786752722512,19.80291437395225,1.0636815918969178,-0.877000219157905
-0.8411562478821281,-1.0988343681541457,-1.3958435197398538,-1.4688144816926236,-0.6785293419516467,-0.6769454959065142,0.6914678174098252,-0.0496217649610964,20.108931687086308,1.4433929454792804,-0.523515892459953,-1.2653614264990551,-1.597107145501737,-1.175361301091817,-1.145905940118466,0.5221881750175912,0.5328401238238996,-0.6330728700175791,-0.7105880621946374,19.84807866235,-0.805675917253516,0.6079441316306381,-1.1933715469991526,-1.1442468685737222,-0.8246059043584079,-0.6820931383347314,0.9138161283412672,0.9171192957821848,-0.2988821470011888,-0.8319162567710056,19.77658806250937,-0.6850674551662559,0.412200462334261
-1.525604015779925,-1.6604556152014265,-1.6198252713405137,-0.8414160606872921,-0.0799546302611131,-0.067903729759605,1.6808611205972448,0.7390245253158279,20.06542595480371,0.2146219668414284,-0.6021469240928823,-0.8891011582997087,-0.1047965243358722,0.0062616575970228,0.5761977747700856,1.3453435326687926,1.330542249542233,-0.6631772309823868,0.2731931770384528,19.89679981488564,-0.2345283458724913,1.165298042754204,1.3868306869467866,1.263542685262964,1.6447624252551294,1.359930702256945,0.8374847552819629,0.83626464091374,-0.3073493711800185,0.0028661129253162,19.829646165947068,-1.2044943381218969,0.2958849374823722
1.5400810496410098,1.8075024688373855,1.703779624126452,1.7925906962524532,0.8714337428372906,0.8648418833978025,0.1673110485179887,0.4170729766401297,19.866681660889153,-0.2087128829927411,0.8664613780462787,1.7736789381401208,1.6792378958254792,1.7612171281050588,1.7024460805461672,0.3583662200661023,0.3654616382538093,-0.2759113778749762,0.1184188420027532,19.808805930587955,-1.028665592707601,0.6062825459107071,1.5790799784797058,1.466342539778413,1.5242389229357542,1.478516341583965,-0.0367948993916029,-0.0241258467175876,-0.7292384941014945,-0.9681245583156988,19.653721941939697,-0.9944662697490196,-0.0399208652609951
1.427780848069374,1.4183564476522377,1.4578286775917977,1.3675808554134627,0.1078499914178544,0.1164674937236436,0.0411018111943574,-0.8534593198365945,19.66402521446068,-1.084521137506128,0.3731646919548805,1.537936255732235,1.522703091139229,1.3886472933245764,1.2344509588029318,-0.5010396721009739,-0.4965457272814662,2.209789469881968,2.2297004209528986,20.107997796311263,0.2575395309233969,0.4661977006218598,1.241588334936895,1.304495134671665,1.2769889895317523,1.4396354587991105,0.7860723437095037,0.786316691757895,-1.008524091626147,0.2914844212281442,19.85872517249812,-0.5549024150054346,0.2417894825456042
1.255659348749795,1.258931058769482,1.2712389416171035,1.2791963836880866,-0.7238664664464272,-0.7203043933550866,-0.450826871891223,-0.4146995689519155,19.766507217119702,-0.9044879718187644,-0.3612231838687595,1.4802595834462764,1.3555886739352931,1.430459696963253,1.4830509923596131,0.1119180143709949,0.1172489396085985,0.4076700439998321,0.4013658107801672,19.848486464326033,-1.3498445000114228,-1.243709779997595,1.4299011392527556,1.257363695540984,0.9851102379749842,1.010590863855771,-2.034137435481663,-2.0499319935907274,0.5308092560007973,1.1533577934375152,19.979871132884615,1.5735492011240229,-2.250217712265906
0.7207914962521057,0.9114920581800724,0.9037694079205189,1.1687920430348238,-0.0661431304311022,-0.0597455431517879,-1.224549145846805,-0.9150805845183057,19.64373827382703,-0.1525636585547589,0.1964354858242,1.0049170004540893,0.8658507834079401,1.1383382715130477,0.8981045206738337,-1.0169954261003795,-1.0153648942773543,-0.163487255022167,-0.8769177563813418,19.599966313748467,-1.373349831196884,-1.0124959444482964,0.7297361928210097,1.2100653791043328,1.0751159352214146,1.3610105696838908,0.9632568668160526,0.960685759765896,0.9751907422615992,0.4363209963448983,19.841666347276945,0.551315906011564,0.8948531879899588
1.1165182021975546,1.0832275676874257,0.9972148298935124,0.9057866181960774,-1.2219017790495663,-1.2239635300079748,1.087228791881503,1.7136135799504186,20.1536575415359,0.288134200311163,-1.0681673564639982,0.8192504635324236,0.879351706289057,-0.6928940431294852,-0.3227026952657274,-1.6558849890624077,-1.6691562491723266,1.4743896128983238,2.383644225546555,20.61726067021239,2.3531736270964547,-1.952600132982431,-0.7819652612767534,-1.111078591315246,-0.9102407389670664,-1.6822530482295477,-1.1087866240611477,-1.1124332894976987,-1.9025361818730304,-1.1921381753842353,19.50128180321254,-0.2238744254127549,-1.1153422783920657
-1.7211931151347213,-1.7084646675757682,-1.1942592775229968,-1.0696110906790937,0.5829523640908899,0.5873641315253234,0.7465083997634088,-0.4908480651385102,19.796070871923924,-0.6796958689174366,0.9876764699791144,-1.1478757128440462,-1.6287718404657514,-1.2544020864140355,-1.3460654222187074,-0.4259579453397227,-0.4205185075958911,-0.1842888487105252,-0.4557921961058164,19.81069567765034,-0.6843761870303079,-0.3375161981348722,-0.7973435389727798,-0.8990448240523603,-0.5588774192277276,-0.8106747586485561,0.6331782531798429,0.6378637377682993,-0.3204969664557589,-0.5061592276367488,19.760944258108193,-0.6402661262671502,0.7845221072738476
-1.0118413573679894,-1.3157436473199453,-1.8491092638648268,-1.6869010499515142,-1.4297732063899502,-1.4399973325837063,0.7612107449250503,0.354617377431051,20.08128124413227,0.8253211674073652,-1.5474673518691615,-1.923409059861289,-1.6649151698055928,-1.5706894841059802,-1.326621565896983,0.3377138312161747,0.3444031476659391,-1.0297420602536194,-0.6205928755677302,19.72716591450648,-0.355927637761766,0.089106329091616,-1.694083736883124,-1.8236043330794895,-1.8795420975117283,-1.6982528153747731,-1.0968590793936217,-1.1025454715603076,0.1911763433503819,-0.3062734543844949,19.896685546931995,-0.3018099498108801,-0.741854675924325
-1.6043793542426517,-1.2009543515751036,-1.365971108946568,-0.8362803377613264,1.7761915446586896,1.7618561670281547,-0.5833422756302622,-0.6047356500745781,19.733646062935303,0.1810962328664459,1.7584337918208135,-0.2969093995929605,-0.50974894665092,-1.0982420175320171,-1.4831514551038305,-0.7567917151260695,-0.7569980725066887,-0.0343763934855044,-0.3371630474816373,19.757233240804915,1.161046784887426,-0.5157650965988071,-1.283929245532531,-1.0129310984694828,-0.7593910860478688,-0.3697835410945194,1.41789827603204,1.409206103823887,-0.1548484511736466,0.2029841588568101,19.675792383587662,-0.3857017474176801,1.1168886139743888
-0.3755937246134555,0.2285320339288827,0.2008933347053341,0.5781051468801747,0.9726627204443282,0.9701223341028846,-0.072483888860163,0.0693345000634619,19.699456710088832,-0.026619318496765,0.8867074041188548,0.4949735729234557,0.1156413752920111,-0.3518998860920554,-0.1741316246028219,-0.734154604522936,-0.731308230361816,1.661082926013617,2.100036628094519,20.049387810038333,1.0929613970711125,-0.9102415359250636,-0.7121302473510318,0.3778918528729415,0.0348081851452112,1.053648615564848,1.001112441761922,0.9983660159388896,-1.1723772988207812,-0.1317692203603097,19.73544419674292,0.7063199293329586,0.9533810955371635
1.090762123932237,1.6427339507286416,2.135504690816149,1.5827091463649126,0.4004848033779363,0.4079053118732807,0.6340365458047944,0.8252047194135147,19.919839399084168,-1.12008969508279,-0.0657697231189678,1.7796962649509735,1.51004331886405,1.5165192707329436,1.4632185718007569,0.0971868939398247,0.1056002010661259,-0.5297556961924412,0.2794318843054169,19.784811294926563,-0.2985223326067248,0.1470732275633313,1.2546503743815611,1.706835878259778,1.6863486950112856,1.5211275985626882,0.3265932989232883,0.3325680861865318,0.8594642612125584,1.333740441556024,19.989188324747957,-0.3265527444067013,0.5261175837455506
1.7253412125763452,1.950208092644297,1.8674799462568024,1.8663998318093815,0.8344760034975752,0.8292450596357163,-0.7240616545781154,0.1782397039214635,19.837957653015454,-0.448765241738247,0.8362055345443558,1.418747898153919,1.109480200153922,1.335327545679888,1.2074111203762554,-0.9021411817156192,-0.8968454163679398,0.4119598094833865,0.730214001333575,19.956351551361713,-1.408183925166515,-1.0701051120529284,1.268386568244967,1.100041223449684,0.6022598322049159,-0.0345708513160058,-1.878416976491682,-1.890894242462007,-0.7806229426218879,-0.6379790105966172,19.80169619863108,1.6028229488326955,-1.130596074760082
0.5287646090165015,0.2074364825262538,0.6988136384597122,0.5831606430201159,0.7056271161357924,0.704404145352619,-1.1010924943833942,-1.8932487670537763,19.520708700090257,-1.507132004446179,0.4108924545421747,0.6847884000873623,0.3547649943942291,0.5935757129089894,0.3117134050733563,-0.3427420258930537,-0.3340773623537573,-0.6321005463739564,-1.8570309219800245,19.346949533027985,-0.8128346420466533,-0.3143379524658351,0.3650686717684334,0.4370908873277968,0.9140348852349528,0.6566078314769525,0.2152154453435422,0.2205108287722229,0.1292682423213967,-1.4164034909232197,19.313498123735883,-1.2077290618346488,0.207433106463097
0.8968958008065152,0.3964035293365081,1.0871026802383197,0.6933225050051777,-0.061221082664701,-0.0539248261835803,-0.0589196399526512,-1.1808004174433129,19.269326271542333,-1.094679340408075,0.0523929980204584,1.0149528250373705,0.6116975462767218,1.3294903047749702,0.6972436828838229,-0.0605960029660517,-0.0534041453212257,0.7104307905364043,-0.6689981448627288,19.323225434409768,-1.1574477798399918,0.0303425048241519,1.1297648380209475,0.7325494952534821,0.034357502705185,0.5487912302609884,-0.1643157411337923,-0.1567907677547161,2.29560216499174,1.1745353240676717,19.77984283399626,0.5826222465559797,0.1273446971984145
-0.3878906515455197,-1.0476259325652657,-1.9942585684067295,-1.5554178197518995,-1.4855678556699825,-1.4925564238317115,0.2205406099857261,1.4881240450444495,19.83472158887191,1.4202740299667744,-1.5757513155104454,-2.5135829673456493,-2.3807071848054515,-1.7735664843969383,-1.8587393469039457,-0.4870302844582467,-0.4805876004013006,-0.9078439235060184,0.45940845229014,19.58662764417632,-0.2020297086199373,-0.013218204890763,-1.559051364546295,-1.392537461527663,-1.1910587572930813,-1.0290142715578967,0.7744997999310316,0.7732399825881632,-0.1063223255977464,0.5575958788006653,19.540842502579267,0.0125093162698825,1.3344588999359863
-0.5496962751132347,0.3956941958433423,-0.1073028360286019,0.3720766995805659,1.4280305781866076,1.4141257057691567,1.2589645300369678,1.6153441104488064,19.84388305209254,0.7960737921913682,1.6618846058571837,0.6884947720108556,2.4164434375260533,1.2514974105009606,2.400618701620095,2.3728358123595243,2.3484222449861916,1.5448766363701516,2.1464963981847687,20.28089294037126,2.3676488020329565,2.300837878029334,2.3015962336492226,2.289209843357287,2.241496317346542,1.9838561326274116,0.3402013334937359,0.3530544976222078,0.2148668975157753,1.7233942126712782,20.4659189655842,1.4913130191552144,0.5153051619386578
2.0189023831703294,1.7294769621174908,2.1530348747753423,1.8266639408134715,0.5151290898441632,0.5270270480024555,-1.41836037848357,0.0977311690252641,20.09552430333676,-0.4370180111827101,0.3775014367063057,1.859513204255715,1.5374479881710792,1.6154652732846375,1.5254690481160382,-0.0823119454467338,-0.0721439751908067,-0.0541247527494462,0.0406085425308331,20.207023906437705,0.2460035881594004,-0.0718228040820714,1.3402358537033394,1.1273634212133992,1.4807506487902444,1.189075212695209,-0.4999211582472625,-0.4959561439976164,-1.4487413454318638,-1.419668564311787,19.68196162041889,-1.262799783305698,-0.6823583383967455
1.187638066089076,1.3740808460817624,1.3199046446756617,1.3604142856590342,0.6855565337973423,0.6934715525792512,0.7090828968673754,-0.8224609543340562,19.923824373792847,0.3008776859407898,1.0284874859443494,1.2742964273974011,1.0292605426753192,1.0377995290763002,1.0359453991421732,-0.970099550329402,-0.979450323543476,-0.0057743115667446,-0.6403089164755773,19.977548760120957,0.0779616667975209,-0.923434028886796,1.2720710221493925,1.1675221318345872,1.2286135837621024,1.1575304564510094,0.009781542438974,0.0185363180240559,-0.1593070491502654,-0.6344369663675679,20.01327764122441,-0.3447551016078032,-0.4435947990478704
1.2686834980547763,1.5584117622026177,1.3666157261631395,1.6641052375262912,0.9643684521481458,0.9695753858091448,0.0274901788563648,-0.5115885963775528,20.113542106290172,0.4860115896813301,0.6665304461438845,1.6332171605809962,1.6744589257631697,1.70098760129619,1.5678215091587866,-0.7983620603877373,-0.8016239833712572,-0.752257882168966,-0.8095644870515281,19.931303342972367,-0.8318953234368084,-0.9427563503280978,1.3447668931432926,1.288601430521907,1.363272638920995,1.3691872576105684,-0.6691461983992522,-0.667824284820188,-1.2478495832273897,-1.245672236215538,19.501312347978335,-0.6057200763610723,-0.8462989128950829
1.3666288290804278,1.8460104549933825,1.5789179341662736,1.5768321625565092,0.6613671463691743,0.6662398072943138,2.284497188509192,0.8985475619352468,20.14393115499408,1.8114864429372717,0.8830087650057025,1.6969272241926854,1.428339393221144,1.523977961283467,1.3496504373983935,-0.5514221185958811,-0.5492958791015691,-0.4887976276889071,0.335954804698987,19.995065409350417,0.0538413128768096,-0.832003633474354,0.9633562875308488,0.906868513661341,1.1736610124925382,0.933562575464454,-1.1962252455539466,-1.206018546733469,-0.5403216073920394,-0.3033224550807104,19.7824492936323,-0.82702888982754,-1.1523851603897597
0.9011813452776432,1.00127539909664,1.0887362351056924,1.3018097271942002,0.595745634211617,0.601093359051791,-0.4242601412410146,-0.9025810878781804,19.66981714725956,-0.4748070555513785,0.3700350346305288,1.3999021887138614,1.172253622002544,1.3603719540313584,1.1976457056169718,-0.3758636299176588,-0.3714924384410096,0.4224508909143381,0.0165002054570422,19.83345879808589,-0.9508054318319994,-0.1694908040314962,0.5800388366699485,0.5201019842891549,0.5740696407332148,0.4958569063393952,-1.6330384426599909,-1.6509627238883218,0.1956631606157376,0.6087876561710425,19.93315611438332,-0.243548826341706,-0.8836421902876423
0.8273548478290764,0.9346626967385928,0.9778374478746256,1.3627443774756414,0.778614670282109,0.7817727553973272,-0.5724998266611028,-0.344999567261526,19.726702790416052,-0.3161478273056859,0.3546849249568051,1.8202125430930145,2.1969467760714627,1.9276264382900563,2.2728493023448872,1.9412873759180385,1.9201797631857476,0.710770068398172,1.1634945403780874,19.98214196335965,1.6568368840226089,2.098495153017039,2.4296454900234052,2.237696131567679,2.3402361067502677,2.2877542049337887,1.4235784320431633,1.4128643185461751,0.8927656920009339,2.099871289186782,20.337718056908983,0.4216347781508248,1.9311429910844808
2.0040193868222076,1.7524083819413023,1.540537955513005,1.4751096160750004,-1.1876768702405884,-1.1956572118337787,-0.3611416972509471,1.3835925405074214,20.342167924095897,1.6185100140159294,-1.3764823176518886,1.2676825057499486,1.4548908332486126,1.5600181474700134,1.5682687230068628,0.5548780149002326,0.5626636330621949,-1.2279697936534482,-0.092136393528897,20.021229264558407,0.6416989812134523,0.3815969615716605,1.3892869506002985,1.2804830779873095,1.633546969837122,1.1572035161792396,-0.7481404834332573,-0.7452878555238001,-0.7340763926868361,-0.6653824013991867,19.842395338716475,-0.9843605547067878,-0.802873206154952
1.220765133103364,1.3253640133423277,1.4522709405381762,1.4576337271061994,0.7387848597509253,0.7411271593185287,0.0933054049564377,-0.5370456027623212,19.894612746542343,-0.3060661439763922,0.7280170971379597,1.4034937612163283,1.521071540243229,1.3853741514682327,1.2038213775325046,-0.5220619504592154,-0.5142131131288499,1.30867200745321,0.5630608879100671,20.235033063462488,1.1487191313349203,-0.4800328685979076,0.6926902599464397,1.023293377027501,0.778104590214454,0.9707689589229104,-0.6146185906279794,-0.6084477245821223,-0.3363549239350334,0.1791079908619965,20.21673099625711,1.4335091076708557,-0.076512555136277
1.2271072193416075,1.0686423234317388,1.2250704249759956,1.2927862472898644,0.252821325854656,0.2619526658281219,-0.784244383431336,-0.6649651031326168,20.039904619276516,-0.4800747405890466,-0.0268948427996558,1.3134949610730005,0.9401695300052778,1.2491952396449106,0.8455839899809898,-1.2310402889519718,-1.2406077052652118,-0.8202291194824469,-1.3267677490960763,19.856055705632382,-1.2571016240509028,-1.4417634353711093,1.368959793263044,1.009255644099034,1.1883811828565234,0.7188301464926847,-0.4506117986902236,-0.444714639422708,0.6205587865970517,-0.6385776726023701,20.020728710508305,-0.736777095131301,-0.1994270190522964
0.2450881686346104,-0.3289297898662475,-0.999488162242106,-1.0228112438990051,-1.8431389855136424,-1.870091300426323,1.631801830679388,1.2403573129225316,20.37347145470233,1.593744767281548,-1.774360747579612,-1.5127291975594388,-1.7991506867794838,-1.6750269716541568,-1.9126239247378425,-1.102876482175588,-1.10508670544536,-0.1898089110352823,1.2906164043231898,20.352633947827123,0.1959460740947518,-1.2683199324172263,1.3913881402461348,2.024949834537325,1.5275546282924075,2.169929046313433,2.6108740044413143,2.5771282018927053,0.771491641583574,1.7615946649921104,20.57835566630654,1.235814276271621,2.589046560437372
2.2580225186866114,2.138081603996239,1.9279256706316803,1.658974774862802,-0.1785203685077032,-0.1628160378277164,-0.6114789693752398,0.8834243315983601,20.536198638587265,1.19692352636441,-0.1735176092495318,1.4790936879591767,1.3083559670946237,1.623504332224308,1.3576954850964849,-0.1245623062520735,-0.1066691584946485,-1.6569941297016044,-1.306380691592026,20.038033255156304,-1.0075143711960672,-0.0485585763821541,1.1301684127877598,0.861999413557377,1.050034679110964,1.0310451172395183,-0.2599861436480718,-0.2509966031161343,-0.8458025580017665,-1.4773136976682353,19.78601956597861,-0.7048805020658855,-0.3059511955316057
0.5641855073961827,0.6030654688154073,0.8524434311910829,0.6487841254711808,-0.3812654282621098,-0.3813834056393226,0.0756550389937761,-1.1256240701011968,19.789600031431984,-0.9073935559034746,-0.3533245904724194,0.7701768708246383,0.703855136786887,0.9436883901824238,0.8309367907076074,0.1815892955645126,0.2160022556310652,1.0206945231711837,-0.4582226892575063,20.044591420851056,-0.9455968094844048,0.1404573992622005,0.8196483792598496,1.0047099719014487,0.977282992571012,1.22602112990775,0.4538416934590691,0.4947117264007372,-0.3927686823141193,-0.6543771099610443,19.987492954914405,-0.1604475944187264,0.4028141310013305
1.3951774627630331,1.6208598614962575,1.449277127139053,1.4216383257657563,0.3187232987364992,0.3543802211583183,0.9084263662623038,-0.0042040016045735,20.238133952118815,0.4164580914624819,0.4345214340638877,1.3222662757408985,1.102454941024574,1.1910482727739231,1.3145378794788067,-0.2635776637143147,-0.2543134716346132,-0.656860593867184,-0.3101563627023994,20.07056746320085,-0.3988901727654477,-0.0402720827058003,1.849563097516174,1.8167267818738708,1.9074451739788931,1.873462252305398,0.0597530507917724,0.0842791571754927,0.4803551056371846,0.2202821078230826,20.182874079295335,-0.4148389594561794,0.008247715094195
1.827144742752389,1.829386827312378,1.8783562138945615,1.92742132386092,1.3731631902884651,1.3636414058285378,0.263522711206735,0.9247067037687872,20.225881146107685,0.0606541771786018,1.0987838389988125,1.95422617902374,1.878437611599094,0.9685255347047624,0.7531097503390225,-2.17264084276711,-2.2021968882403393,2.2642028376947185,2.617185056703249,20.85628247298149,2.7631672594379237,-2.218943139927172,0.3387006164440236,0.4025555285014366,0.3429566429894638,0.2910802114155836,-0.8929314079391832,-0.8816917851249658,-1.3645695094353705,0.3253700735114813,20.335194576470315,0.3685203313360016,-0.9402301294315444
0.4913651018458689,0.7474200302748036,0.6371728159657736,1.2612601511590216,1.486287922066342,1.4492087167985286,-0.3343733671402766,0.0364003225584866,20.319911002144444,0.642955386621921,1.4310053336695778,0.8795668610780418,0.5233049734624123,1.0292495862501034,0.9071967961853222,-0.7457742135900143,-0.7318796649416421,-0.4142240817959602,-0.3288558337802621,20.270257763168328,-0.4589033081120889,-0.7447455699072252,0.4312151470385595,0.1854675152310038,0.3753545709773317,0.016934600125978,-1.0913424193906018,-1.0919426245156387,-0.3307636510425051,-0.5462480790732358,20.216296104666792,-0.1552136968890902,-1.1409210871911135
-0.4853582219043919,-0.3423183436541012,0.0348030174580297,-0.2335982569412234,-0.21726794183149,-0.200723034669091,-0.0164426995623205,-0.4927452570387575,20.280232810626597,-0.4633247722973274,-0.0687328984226178,0.4546082000999493,0.4430947728220225,0.3113945849622209,-0.1329669450660728,0.0714757410756919,0.0884270034267489,-0.0164058879169101,-0.377386845462202,20.32125874450436,0.2905194847568108,-0.10003424962783,-0.9621774552312418,-0.4046508944821554,-1.082876965907631,0.1346979051553492,0.1621987930721479,0.1789923574452428,-0.1821966473862156,-0.4618910367333935,20.32602333189031,0.3237018246604187,0.0756434474667259
0.1434845464337189,-0.4975253470881519,0.8763597617406583,0.5057997042413542,0.2309077703287575,0.2475032507568392,-0.9170581466140604,-1.1252817574601537,19.987342672822425,-1.0692225340809294,0.0605734451662704,0.9639499681013852,0.4459536616278706,1.9721955735599837,1.1544902086879782,0.3743823998446602,0.3899572109186263,-0.0464443791701779,-0.9120010219401962,19.990071363790506,-0.9971662432593362,0.3829658353011106,0.9134281933751638,2.0039916053017035,1.6228828666930444,1.8156731903889267,0.8109760087448018,0.8232499327778783,1.5081169500781355,0.1110619693205649,20.19005655959972,-0.1717322076780604,1.0582037164258589
1.716675429323378,2.110012159039646,2.003993561784502,1.7026315824370888,-0.1117509743473576,-0.1009761126676904,-0.3655390391152022,0.0019707332578782,20.12930495251833,-0.588815808394693,0.0826765573683547,1.793899979054547,1.4798330723838204,1.281922258319071,0.6870171806919784,-1.391490475493902,-1.3957770519456534,-0.403287379912829,-0.204246980649756,20.05704876586389,0.0240816843413177,-1.3188098089801672,0.7298749277004484,0.1972821859252232,0.0596745458062507,-0.1983148720889337,-1.1926789257155173,-1.193879802665544,1.0231352999861865,1.0047063562111729,20.18894467718288,0.2630793163227773,-1.5344737906270038
-0.3491113314228923,-0.5994943533261717,-0.007874310407776,-0.2716459764774493,-0.0970716789911717,-0.0890388832106029,-1.4932541021992287,-0.9983947863200512,19.89134382895301,-1.1574523792177769,-0.0426747966297133,-0.4119323546742817,-0.3756082889851272,-0.1226297491772893,-0.4216114914629762,-0.1687399529949875,-0.1605598632561313,0.3912645192748629,-0.384588184011453,19.930167928073068,-0.4167615923651752,0.0873765082836718,-1.0007582818918144,-1.127258000258409,-0.7981655493251711,-0.9614847368661108,-0.6461561144863249,-0.6407149086198527,-0.0777536827750031,-0.2570947164746555,19.88639608335828,-0.652250468088137,-0.1658870243001026
-1.1758356750027026,-0.9977339121414254,-0.7867213531628088,-1.1565944043530203,-0.29448460931017,-0.2875153551496058,-0.6245292722027237,-0.802102632334259,19.729194630992637,-1.1248192244051889,-0.3063773213288126,-0.41496679912256,-0.9095932174216173,-1.68275520930742,-1.869859027688965,-1.489741432827869,-1.5051760813293067,1.1761090321107357,0.4133916556531174,19.890776128344815,1.8031639728333544,-0.9697620548618658,-1.4487101748041944,-1.411218953868946,-1.3082474558698312,-0.9005168826402369,1.316102901449224,1.30963730478727,-0.4860325345365715,-0.4036142933456915,19.80616978338778,-0.5851725795525567,0.830636438055871
-0.6746278305703167,-1.045296877303075,-0.8117200229049717,-1.0173132534496367,-0.1267784442950781,-0.1191428377965886,-1.5340768087242171,-1.9835790471026344,19.46173454229001,-0.9064580809076824,-0.1604373675393104,-0.923714516775574,-1.280841021293755,-1.8456552732376288,-1.5528895378073673,-0.5814866124890068,-0.5793229698005076,2.47040305235288,2.0137751496705905,20.037187614326264,1.5184299924275495,-0.7974571354403523,-1.9691502938024013,-1.3543596792968486,-1.410524419350901,-0.6645954786204151,1.388937140584308,1.3821672721315763,-0.5176178898723712,0.8570988923793376,19.883771783164484,0.6003258922415685,1.8814596724001371
-0.400056851104257,0.6022205843138195,0.125600200977155,1.1984132546065018,1.8088008797543491,1.7887718510309565,-0.0126291822976619,1.0741263174919715,19.883095517516107,0.6090336419909324,1.6889763547337824,0.7974306344943023,0.3384626327105407,0.531990976708542,0.0472360975514724,-1.027384448589747,-1.03459526018204,-0.1337818907310995,0.8287654136900724,19.871837794755276,-0.5342999611499141,-0.645141923939961,0.5813086566425988,0.8638422087635821,-0.1403140578857915,-0.9821217492248618,-0.8049584269786828,-0.8078257026530087,0.0359289951666572,0.9107271843377914,19.909254130060713,1.174688527797972,-0.5818977633276048
-0.7577249191050325,-0.8819088766726869,0.0322104234268765,-0.0299086983083804,0.716226930913149,0.7238437196753751,-0.6038551081623987,-0.1619806804605839,19.730237141752426,-1.050179428800253,0.8411911900271194,0.272324269811704,-0.2824421629498506,-1.0790356822345255,-1.6240612951637157,-1.1795552540983292,-1.1923974196191551,0.8902912193675397,1.2760860228157072,20.020876077038103,1.133708396264094,-1.3340693895431066,-1.2743036599435682,-1.7010821981262678,-1.571629218700224,-1.1293618923926725,0.3277768378155565,0.3385962536997894,-0.4338650987045588,0.4385175633826961,19.91865064119868,0.3853928601450204,0.3676283124381537
-1.6777473445743187,-1.954662673779319,-2.4525566991578773,-2.4769710803395246,-2.198983871950226,-2.243271960554037,1.9483164051415296,2.490070318346138,20.589960705580022,2.507245542649472,-2.2625286271445715,-2.231537691960325,-2.2418545215735115,-1.6345178930365265,-1.2723391976986007,1.195599978490712,1.1650889318041724,-1.0805487587501474,0.1629057192645536,20.20632321074346,-0.1544240434146086,1.0102300067183465,-1.1743312490965334,-1.1590208604095449,-0.6175899127064124,-0.5088092717387487,0.8638719035185896,0.8493237798195239,-0.8002555686708593,-0.8425933663035795,19.89900491260663,-0.7152985432155817,0.6203436898084569
-0.3302628005418044,-0.6800049275515981,-0.7413768602878439,-0.9402023004081208,-0.5606229345908549,-0.5387521503506046,0.2805944964900957,-0.3748473395374068,20.054241352458924,0.4134622330517263,-0.6978740165341736,-1.3168956652776542,-0.721447740170593,-0.785440747719577,-0.1171892947784111,1.0080376953924997,0.9910845237701272,-0.5803809285880553,-0.8892496814756508,19.86675466639622,0.4563200930498357,1.1687865072871064,0.0183668559511165,0.8136522250633306,0.5958067664358141,1.2640797876529664,1.2374764459690606,1.2011370114572102,0.5720348374893989,-0.1286301587058929,20.127265332435123,0.1222969540991616,1.15073431403144
1.1463841635276586,0.885682006582518,1.1386124481169382,1.1627581514834229,-0.0589276115017791,-0.0357149965433912,-0.8450539568290443,-1.0153060890702577,19.779015351246073,-0.8542082700152198,-0.1134131422082897,0.9980871139202048,1.1138038994609822,1.399357507278664,0.8666621902918453,-0.3156641846190808,-0.2903580026842057,-0.3021284150014225,-1.052532482888659,19.71186465807001,-1.0077139501008232,0.0020208299749728,0.5341105384066358,0.2902257289109411,0.1190081008772794,0.0093385903188193,-0.7967314719166971,-0.7759655481518759,1.1122580269998688,0.1158784063844413,20.14320267069253,0.1488439700701798,-0.8140582621270738
0.3583417261176765,0.3732366865710106,0.6312257116235018,0.6981478194973869,0.6209183738133811,0.6217085523859442,-0.8701174229672168,-0.8121523889215088,19.750134878546532,-0.6686624169348899,0.5193551733560986,1.1498912781500126,1.1778226273749548,1.3953037551437966,1.305537901854789,0.5329020781473089,0.5392306045958808,0.3099649994756666,-0.3271188382598296,19.802818982848898,-1.2326531531357436,0.3122465426527808,1.369326559688078,1.7831873664552014,1.5974237151672053,1.7553506650656818,0.6467249730312657,0.6498471277902412,-0.1567263200111217,-0.2059457207405141,19.745639451939205,-0.5090580117494184,0.5245736484535911
1.4940229848794035,1.3458592981871826,1.2604378894234107,1.076508718721699,-0.7753836453131617,-0.76888333865918,0.4868263892207073,0.7346161240834669,19.896226057963553,-0.7910698522175975,-0.860516303433007,0.8455469960391319,0.9526270040599786,1.1357933085554173,0.9185392469819867,-0.4600911748996963,-0.4480199213297994,-0.8740933462893746,-0.7122312629361351,19.601551747750182,-1.2316299586595654,-0.4575867630382326,1.132369766419081,0.7996285686121161,0.7049419848477158,0.2305567898764099,-0.8074336584917811,-0.8064182006233152,0.4990868822056702,0.2357093805867933,19.75043914717229,-0.291646990315671,-1.0400137485442684
0.8840177873187643,0.787069504384252,0.8630402509531436,0.5676031929682593,0.3811021437039923,0.391139835088259,-0.3574752496898343,-0.0415915438420758,19.63061077173461,-0.7778556178038856,0.5039468600662516,0.8040799362902141,0.4876361549492589,0.5002497616769725,0.647804284820648,0.095725075336818,0.1073521120824681,-0.5346173710517915,-0.8547468189225335,19.484287426873745,-0.3973652463793262,0.2252398483891899,0.3353068323134037,0.644227389315619,0.5435511697721569,0.8148925750675535,0.1843968981350473,0.1946913996875386,0.072926310596187,-0.6924023120667785,19.507581388264946,-0.1583264596219955,0.1858591021936934
1.3407732990836507,1.730272641956656,1.469914447449043,1.8811314760651303,1.0422120867210172,1.0376145673476724,1.91070067951459,2.2394514241904697,19.85035782054625,1.0408868642692155,0.9126858366817656,2.213101387961853,1.9722972017776632,2.325447728934108,1.576187613855315,-0.6036426023850862,-0.5987512002392537,-1.1156550327788568,0.1744978736461816,19.596105917720312,-1.6334427201102857,-0.3496494397184748,1.553820510569948,1.1848394626590917,0.9639853375440252,0.5147546296402098,-1.1657355912797382,-1.175458820144627,0.4963969686147945,0.9326344820980008,19.70075589028228,0.5294208955572447,-1.2324667540012972
1.015134729985586,1.164645759561329,1.4106107910939694,1.3894272428361152,1.1675041002317268,1.1661554108381162,-0.5564879828201219,0.0773963062923883,19.579961578178132,-1.3042551194120056,1.354423018018959,0.7889074858886564,1.0293875938087944,1.0458360229552557,1.308985046225012,0.0602916109277854,0.068079588454574,0.2118243542243884,0.5836137983104327,19.61140416455964,-0.4039559082387949,0.0690027856166476,1.3477864035322331,1.0775921489412414,0.8830502652317274,0.921565660836603,-0.5489043139287314,-0.5443372154193208,2.131717470355994,2.450372868794612,20.122967629905883,0.4108143102596006,-0.2901000399512632
2.3346246361233085,2.551063629326313,2.3922207943857265,2.4435825033890746,2.4709496448140817,2.4466520926226285,1.3113410279311342,2.3827347765515117,20.54302012529431,2.1579430383100418,2.6113494285266885,1.9872699702277592,1.8149659167191996,1.898039500399638,2.0411340152557487,0.2628013050968495,0.2805629206808217,-1.5820018472224844,-0.1932711130544498,19.87811833188708,0.4661881022107024,0.0853132158421807,2.059761516187918,2.1214660367015714,2.1124909443150823,2.1406841129695517,1.313625643322183,1.316137261321901,1.000545243196758,0.6837556333641824,20.296671062945713,1.4588578475768563,1.2950307768970422
1.807360180935744,1.6391068227377703,1.6857420177068476,1.669276645791911,-0.4435182464486009,-0.4371708467223745,-0.717428056122284,-0.1421697319894381,20.13886902180591,0.8436768749681286,-0.21523020013452,1.5357760888584713,1.3192419675591325,1.2175519672051711,0.9501263059863352,-1.3621628865786608,-1.3993097074395655,-0.53372244223987,-0.5391562090186015,20.004493110799405,1.6791010968313311,-1.231540644136209,1.042892076692113,0.8044690985221428,0.7119782601264996,0.691840624683306,-0.5925612267909701,-0.5894761435353895,0.3680312368369367,-0.1107426409951636,20.234304441041218,1.2442974384004364,-0.7790470426569943
0.9587777999519208,0.866569076958082,1.1192677898312695,1.0931056883510497,0.6731747535774999,0.6856818324886236,-0.953163384960084,-1.015902851746928,19.89862404753746,-0.8451860898366778,0.6202310109787809,1.0045767396882943,0.8750111135782923,1.1466823828153485,1.0583370017126434,-0.2291261570916319,-0.2146945844490259,-0.4346725694652244,-1.138427032091389,19.815250769602734,-1.2587491392363517,-0.2683914662341234,1.1706630454498768,1.386937675910613,1.3692687823892526,1.5157578313583018,0.6428524362249333,0.6534978921062642,0.497052698855975,-0.6158255589532953,20.085367917509135,0.2106905705081924,0.3595143834305339
1.761208264509226,1.7409763556833218,1.4369622776047637,1.2815513212700758,-0.9151600673826116,-0.9160708142663312,0.5300155301122299,0.0505160395408098,20.31484035274578,1.4451309256247806,-0.8811946847114139,0.9516236900880528,0.923170344667294,1.1914877061053408,1.09425024936819,-0.5046338930334582,-0.4949294186425939,-1.0909026561723516,-1.144899039735414,19.83747036433209,-0.798453085148124,-0.4531797219188718,0.9665151455557563,1.0791762895253625,0.8727350715109589,1.099047358846583,-0.1981100596136741,-0.1849186033367879,-0.8172189817033506,-1.5041850436074575,19.56542156572699,0.6600778068168316,-0.2581141585147528
1.0893999108073076,0.8427207326864017,1.053258106618041,0.7523991156317444,-0.4972107876499395,-0.490916556139186,-0.8589984093571856,-1.715388608737173,19.22066774995168,-0.5581470134470728,-0.602100401892149,1.1476317409498034,1.3640318945474237,1.4955511299237292,1.3004311702739215,0.922941221905518,0.9255753957866176,1.292387371219859,-0.7210525017202919,19.51794212388736,-0.4763024566406526,0.8167993621167683,1.865731170484368,1.504490195088745,1.7980946126252106,1.684863708870136,0.7744908606382392,0.7805511752858849,-0.3733220885960737,-0.7888857612246838,19.37889814381031,-1.240751088939508,0.8857062599587404
1.5775747350190648,1.6809312369828078,1.7119778339903136,1.788489353315898,-0.0600317334086011,-0.0500647681825797,0.7783455998399041,0.136961957946557,19.54988819409635,-0.0766924663637279,0.0929156983598472,1.6914928505484084,1.5277231870593613,1.5570341686765892,1.339897179783422,-0.938397820678051,-0.9428005433457212,-0.2219038239406456,0.0487376775725722,19.480220898562106,-0.3774630496356998,-1.2591322834914238,1.1412306786320494,1.6543581619707413,1.4187079994100245,1.7363038618719104,0.8679225233769834,0.8713898242285347,0.0712132891543067,0.2222323854414645,19.500229475544604,0.3778291520343861,1.0045734149920684
1.9375908331164275,1.7767184022275886,0.987966623019714,0.7089276186322018,-1.773686315500223,-1.7974430515816306,2.054199526471535,2.169616328749385,20.065038597927114,2.2793339829125223,-1.675170906394371,-0.0649167467424073,0.1223130402881572,-0.0553090567754614,-0.1647155860305104,-1.404969776912846,-1.4153479333820638,0.6296693968329369,2.252109483416265,20.300885521460113,0.4780088955455474,-1.3548596005414115,-0.7730577116448886,-0.9567696523147726,-1.253675809526292,-1.616142303608325,-1.8684017066074343,-1.898557211697829,-0.9910395494047533,0.8417929782573275,19.981056347288963,0.54271517194561,-1.8532229249691772
-1.148121270243467,-0.7142277478576217,-1.124938974372292,-0.2801712119977222,1.536649974536037,1.5006263352627454,-0.5452403944905851,0.3380881461076207,19.86945095583593,0.7925103595950636,1.5802475549117403,-0.4106614994927443,-0.5778059235204789,-0.5805741181639736,-0.359972925075888,-0.0670765288735145,-0.0483080071909567,-0.7542334339120207,-0.2668561044440751,19.709847001595563,-0.0729000467587805,-0.0627683469816369,-0.8112692160906314,-0.902707870716688,-0.5196679862407164,-0.8224235413216602,-0.4686216734826693,-0.454852142495991,-1.0263877885978252,-0.963654406076468,19.34720573072588,-0.9135149242937208,-0.4855869794020068
-0.6201326320390153,-0.591938674087487,-0.4583173081934347,-0.7662230306179718,0.0131096303075921,0.0303851198261126,0.5987868186300886,-0.6495713669310856,19.569722173568305,-0.4266834018998952,0.1396491184051227,-0.6874336008121907,-0.9480566665324884,-1.0793081636582182,-0.4818851860880173,0.303412669650522,0.3202722780978487,-0.3983165522868635,-0.8172790758592802,19.46759790663223,0.0847718689486098,0.2676233325780694,-0.9006795933060293,-0.988773639398204,-0.4629371669237151,-0.6628684846151189,-0.1914036157807929,-0.176260679250415,-0.7508630767275992,-1.1262512442082746,19.201719751708545,-1.5529487673015625,-0.3560501823232785
-0.6526906298127935,0.034124724734362,-0.2144398348730551,0.9332912197023188,1.292629195936053,1.286819199244542,-0.067209444461546,-1.0027257611694107,19.18962625755788,0.4191310178870312,1.2579549627762343,1.4562904649327413,0.8671455328942864,1.6338894278342186,0.4431962034553271,-0.4179991423601006,-0.4065632831226249,0.299311402991504,-0.7255142384166198,19.182311937886265,-1.260706803380645,-0.5410257874242319,1.451772363266269,1.703862190460186,1.7612955902879412,1.1550840468586696,0.4562548328792594,0.4688892680121646,1.1058364370457805,-0.0964549170048927,19.286424433449977,-0.8004817461284954,0.5009823462846892
1.8221835916933151,2.0193530194732916,1.750586579972086,2.004504902844254,0.4805306831744845,0.4945861916991118,1.3071489872394086,1.1974486363492356,19.469285230931273,0.0423127304347407,0.5417189300350799,2.012721905244147,1.7363345580197111,1.9774190408514591,2.06596221028448,0.91440457329133,0.917919799228285,-0.499880881883782,1.1182141729250736,19.33287751097691,-1.1888089310761425,0.5958080526945501,1.74235630875561,1.525355129969348,0.5519693672133792,0.0909088096399921,-1.9286359018479504,-1.960677419840162,1.9569503581059255,2.329936033428833,19.741856951980537,1.9467073066295155,-1.729365754687755
0.1723954857558669,0.4322313209478697,0.4878194666251201,0.4448459765741736,0.3439084787100459,0.3516153133983674,-1.4245470086101653,0.431082421762476,19.34763640673778,-0.1298366871931891,0.2621894168077987,0.519573637548413,0.2243995057790529,0.3760119293316976,0.1081791553493237,-0.3620751088823227,-0.3473383155232311,-0.6609822522404466,-0.1003478537753375,19.15461568324653,-0.3132322532361323,-0.3897719293727952,-0.0139909910859182,-0.4905825203744358,-0.4894577294992823,-0.5837397968450343,-0.6160555979446353,-0.6042041883848964,0.1437520074280117,0.0413843895807852,19.18507592262203,-0.0682939815557998,-0.7782728830730978
-1.557741412800416,-2.1638957791722855,-2.1336776874303176,-2.2672721240930382,-1.7218301884866074,-1.744403185535814,2.117803402735061,1.7807473503859594,19.78187830086996,0.3016915167540151,-1.5206981655496024,-1.4632431057491504,-1.596649755261226,-1.7465353234696244,-1.2460493977800555,0.9232259893312248,0.912987149555907,-0.7540935276435742,0.5893573107566252,19.58688781924208,0.7887605453287595,1.3031226582957127,-1.4235705243199903,-1.4073292458375983,-1.2702401224210425,-1.4883005363252857,-0.5850198895547003,-0.5685417997772165,-1.01645565383622,-0.9368765866076728,19.1964387210518,-0.2680056048836096,-0.4720110414787975
-1.173640439972211,-0.809388370061095,-0.6854349186227171,-0.4058613874089486,1.3381948741870302,1.3108703965616602,0.3403598487115022,-0.4466369689429599,19.368737165371748,-0.3864674517206991,1.238282999830408,-0.6189904399661236,-0.560342952123991,-0.1850171480335317,-0.4406330596316714,-0.0382537386614657,-0.0214940253516268,-0.8631433643841616,-1.2952717885641514,18.974054237818187,-1.1685873071453992,-0.0061008410180384,-1.0355431790014356,-1.1669165379584172,-1.5145908965246353,-1.7058048501549508,-1.333050158028604,-1.3514681749911734,1.6442311068676794,0.6167975411935412,19.60784375504309,1.066595278660175,-1.0327092175463644
-1.8353918411766013,-1.5426424286048863,-1.970289504591437,-1.575452458347592,-0.1446884948897839,-0.1278708871282898,0.656802768811146,1.8494686319656064,19.946882691188677,2.509874454240843,-0.118736907299455,-1.0109091483582744,-1.3620812569472809,-0.9617662554357366,-1.198559270742749,0.5435589523645854,0.5531509119731803,-0.981710270123604,-0.1012563792943022,19.497044359592113,-0.1792783741052214,0.2012085049429496,-1.3226088822394964,-1.200692279958202,-0.8535218206566157,-1.245593518560375,0.0102242252216373,0.0266552437156643,-0.5420615210594975,-0.6620085078279258,19.329552426615116,-0.0761902484645063,-0.1185517747078606
-1.5957406994590215,-1.8421639780187935,-1.8589918787867388,-1.9970328426658963,-1.2798533917032662,-1.296479644109613,1.4326778473804311,1.217258165962662,20.003432324708346,1.6418086517144557,-1.512523696668841,-1.0228365715744077,-0.2163060954445706,-0.3848099176294334,0.2181133894256967,2.200381006315917,2.1405674425589805,-0.2731940044943016,0.9906356943083884,19.974974168294818,0.525550867823347,2.228375803710005,0.2013565486667943,0.2990600120162248,-0.873390112539762,-0.8839212078361641,-0.9558917452095936,-0.9855534716473549,-0.0595575547904336,1.0016919987963635,20.07597557231024,1.902344003990453,-0.9050186143441934
-2.0977211239607723,-1.8184870386947876,-1.3691786042025569,-0.9855258469079224,-0.1641107504614494,-0.1422196551023201,-0.5150870416161573,0.2583486007638086,19.99351172640384,0.2215248953887995,0.1103271687428372,-2.3149588473965417,-1.9873075351059473,-2.02165023673229,-1.671585521416776,-0.750891409251922,-0.7724775999622495,-0.0182334114032198,0.3836129479420282,20.130583529719395,1.7030050031982955,-0.4384470781625978,-0.7931491595325745,-1.0922051285877863,-0.7189614413079914,-0.957692800908076,0.8410886769784722,0.8740571666624225,-0.9257605433394462,-1.2142428091079966,19.829255300366466,-0.2966527610243328,0.7115018095758536
-0.1862235929462119,-0.7338930683168619,-0.8096637723109473,-1.5069598140727472,-0.6346683500680204,-0.641409376248798,-0.1795570074093007,-1.0875068762450282,19.835174734056164,0.5286056784111326,-0.6897754308923894,-0.7827957774479366,-1.0805686696899122,-0.8228777124497442,-0.3633137481681651,1.0179430593493202,1.0363325209889171,-0.2109334128165032,-0.995602897380658,19.78654278210937,-0.0642479669704312,0.7908903535113624,-0.1960846529578113,-0.7261501907681033,0.1684954026399522,-0.2746593822217351,0.0565428124251194,0.0868758605781716,-0.8465824946151738,-1.5099170161937905,19.488298290009848,-1.548947446232994,-0.0570864266724678
-0.0025940302049698,0.1560081729247642,0.7811167961980853,0.6000332626161674,0.6198668245661358,0.6464985265251956,0.1524712855476153,-1.2099174705045177,19.601057030331656,-1.1185633767629384,0.7173737609506899,0.8559642660463512,0.9788943469538148,1.3739926582767017,1.5049215842825492,0.8103915591310911,0.822246232628973,-0.0442336478546898,-0.9997100347789638,19.560584360186745,-1.0100280449769674,0.6995554082966032,1.482477280815234,1.3808348646478377,1.5871303123790854,1.754335580998905,0.2912694611278206,0.3101564820186148,0.7302210582549165,-0.5622612334707796,19.642237247927326,-0.9376813079832929,0.2646850677373974
1.4601310975403663,1.9291512301650175,1.6141979368333104,1.800187380869061,0.6131300525238695,0.6174889432309857,-0.1675014882157361,-0.4544929536881879,19.57783454823774,-0.5400466006756535,0.428955827963571,1.4268396963108545,1.6172875140192182,1.5434144896932898,1.5226674674861125,-0.0443231023643097,-0.0240469460560126,-0.0920746704269664,-0.3084840356626083,19.52788898467039,-0.8913788879487258,-0.0005067402907331,1.4914268201532852,1.7009857676258229,1.4790859664642388,1.5964951426654377,0.4900726808525765,0.4920823714492044,0.7599002975978887,0.9143562126300804,19.57861045061424,-0.0581616854170159,0.5511643357796171
1.5318554498139805,1.3295098230118156,1.3674169575412611,1.0809300781741311,-1.12659478204482,-1.1202394587672857,-0.3090419456082833,0.7638104565719029,19.519584326856855,-0.8058129769027603,-1.1280619471289566,1.1364881134859304,1.0370415176674588,1.1928814759729596,1.0278586543177914,-0.6099972566652938,-0.6010185969450524,-0.9207190906325634,-0.0993225423239035,19.36801888216836,-1.2683819234924103,-0.6110418608214505,1.2109383093668054,1.0068015834373574,0.7066880489611614,0.3859977593589221,-1.7143016839585694,-1.7401150614292007,2.335952092602552,2.4277252934794893,19.745602503119663,1.7513885668246858,-1.6010488876755349
0.5943653666244564,0.7536979290706418,0.8320308786537861,0.953339508190498,0.7426932834055632,0.7412850157492947,-0.9256598564935344,0.965101445583166,19.593875633310727,-0.5088823877838303,0.6984850776850168,1.02213859543792,0.9011006245539386,0.5906710548764073,0.3781901725263116,-1.118044632352014,-1.1203712533370576,0.07898530139098,0.9435052899680542,19.620539198938992,1.0437441620248884,-1.1515559299825011,0.0185899567518371,0.3696359564817451,0.3421980553257854,0.6526015412611743,0.1429596003981034,0.1549680107892251,-0.5441014067566703,0.1576842961568258,19.52968749255649,0.0578222537333325,0.2723005513145061
0.6157530209984107,-0.1293379999638979,-0.2829240578058111,-0.4341069213329653,-0.9012325058360044,-0.8995940516842327,1.8704218838757345,2.129699894267614,19.92052943679419,0.2752182486855031,-0.8251253055379087,-1.596661059401619,-1.8971540082750464,-2.339265414043893,-2.3564938306267473,-1.7046263784046989,-1.73826113708058,-0.1948456672324909,1.4680510321517153,19.93145411921056,1.4666341053618808,-1.9523042758765616,-1.852305731805705,-2.2295981200434376,-1.686049125854437,-1.4859671204590172,0.5338342785183453,0.5435457284303664,-1.2006965789004187,-0.4600731699912345,19.625907564670975,-0.469054888060216,0.3491551447516873
-1.9463528520982325,-2.249852915100869,-2.348202106786134,-2.3070892439869506,-1.8757589145400273,-1.9167997064648752,1.2903527388417133,1.178380221359557,19.98335215532892,1.8830946513169011,-1.7304470273840216,-2.285832762050238,-1.9068765749738577,-1.9244009146209884,-1.792346052230614,0.0131078545079886,0.0319841743225719,-0.9464363654291272,-0.4798074232963954,19.735667863746315,1.5995350312426253,0.0239376280005038,-1.6863157570610148,-1.7498887802051055,-1.4340114912214408,-1.3196649731074008,0.6424406655055308,0.6465595234957813,-0.7776400888568761,-1.5012137932166176,19.5418718713006,-0.535786574982439,0.8094295378424206
-1.104598717319483,-1.4899724824908944,-1.4451938382014122,-1.3926649267143998,-0.5607088440037142,-0.5429692692998521,1.1060954231634177,0.0282363686007089,19.84050199732186,0.7448980109846275,-0.2647518974661531,-1.1586942603253247,-1.3252490325532784,-0.9522106644254336,-0.8556348361570071,1.3495824419850158,1.3163804860193693,-1.2028439476111843,-1.5248569449569689,19.42831744853449,-1.4626713413011716,1.2210180806577997,-0.7044513163793157,-0.8467131745519316,-0.6610710326607793,-0.5408349810764103,0.7278652285462761,0.7246654408056488,-0.1233525840685368,-1.2520185310377123,19.40755556438916,-0.6343428970700346,0.704116413443491
-0.387352174365426,0.2282918441998305,-0.2152568700980254,0.6836318517856511,1.7593616139917514,1.701869964327393,1.5659760160744836,0.4531865729347935,19.905512800385903,1.361686840604083,1.8435312878082224,0.8527938277402594,0.9649202412001516,1.1995867939849556,1.2657513469798227,0.4521300742496117,0.4662532390210813,-0.5774767236917772,-0.130689749048082,19.72114621321688,-0.5870281838622927,0.373757684995247,1.3160703475305744,1.0060657064113503,1.5199105198603629,1.1995057691985618,-0.0560262893975809,-0.0341387293632965,-0.955546326596078,-1.2988874665669607,19.28928556594385,-1.3788072034572962,-0.1992784282541473
1.0441809917951914,0.8152778309842846,1.109625748707105,0.9258158675530148,-0.3886955236040318,-0.3672440546256392,0.0706728309857568,-0.9073648346871056,19.33204858224576,-0.8264371064165185,-0.5261931395462974,1.196915318783303,0.853654599523232,0.993950542819593,0.6051649766519525,-0.513706044022738,-0.509345931311026,-0.119464162501136,-0.772035137099015,19.26192848637264,-0.6279056297454151,-0.566657196080643,0.6533126090393782,0.5578549467185042,0.5880059282394318,0.1397692078921963,-0.765456907977661,-0.7697633998225221,0.9628679204336188,0.7401192294824269,19.553111039584177,-0.2734416395228384,-0.7679648780003381
0.7467723674747511,0.745450897932382,1.0276580204374417,0.7353901452037561,0.8252495187368992,0.8358791832994379,-0.2880735009204664,0.3835392920455007,19.497410006193928,-0.9853946742104984,0.5742555622283673,0.5470287216444473,0.4067658016038608,0.5834738826303151,0.243609885160082,-0.872015811658134,-0.8810259502378889,0.8600677400555048,1.7396690995890558,19.76214090836008,-0.5084068524741581,-0.7677967379107412,0.281612203430384,-0.2323100713908502,0.3242559228123508,0.1082705745469218,-0.2218515103572944,-0.2124384393511059,-1.4506809563033594,-0.9748077263120618,19.14449534017019,-0.8944707292342493,-0.199606006957669
0.0600075285074745,1.7995152253763635,0.2878157794940628,1.722138382327976,0.8425747673061463,0.8572046996302224,1.5735143887520235,1.0217485111022808,19.68753482475672,0.7672403974921255,1.026429531550341,2.454687671151542,2.2328707825687952,2.3895056154854797,1.9397251867774905,0.6988960689950144,0.7062494081286864,-0.5867793325633098,0.2980957078860933,19.466921616918064,-0.4168452542538804,1.054994394434424,2.4238323875451395,2.111737337125778,1.7438144979328636,1.623950678438541,0.0011882867491644,0.011273205678621,0.083104834099874,0.6728110587239682,19.5278658507821,1.2620479049166946,-0.0690815561544077
1.2860645939401725,0.8857948176007475,0.8026788021021812,0.7779687948566593,-0.9796596244565422,-0.9872391352634192,-0.4962045756999815,-0.0519079031329091,19.417663330297135,0.4622181642608934,-0.9761244996594832,-0.2575980347088166,0.0945098844248345,0.3285224726001959,0.6530822285607853,-0.1680401284823574,-0.1591290250379154,-0.6010757341645316,-0.915372703718655,19.238492565293576,-0.4823407487642356,-0.296439723131513,0.57076768903603,0.2665809543897601,-0.5109966961604175,-0.6110715718334174,-1.4702414596058122,-1.491383514790721,0.7404832898190724,0.2795186603530903,19.526250443609303,1.505831084667313,-1.288569103559414
-0.8747564178919653,-0.7211828818068818,-0.8755076719766525,-0.2978065847612114,0.4294598886801155,0.4378607462776083,-0.8143393244129482,-1.0498016642879562,19.21749355917045,0.0525665259661438,0.5873717332035919,0.2438948066224023,0.6765135717928322,0.9166364726827622,0.8739950263453343,1.2048310520230248,1.195922550471287,0.5694464426873906,0.0826068967618986,19.439953969830803,-0.3076370464015585,1.36169876900106,1.0947725375883082,0.7217563674190519,1.1650383355938845,1.295649322755343,0.3913116767419309,0.3976127144642674,-0.365135257885015,-0.1744590656103303,19.311358654073537,-0.8324011567113828,0.0488939103790603
0.9128820693409156,1.996789383341601,1.6816258112221592,1.780792168741176,0.534850930643384,0.5375250530799743,1.008231022812596,1.6863528898928624,19.66267219597107,0.4911654172093846,0.9628759388764992,1.7822119898702944,1.9203990273507656,2.0313424047168684,2.101040338481286,1.2849916276605835,1.2657566375019509,-0.7249037575048033,0.481648537560903,19.47053162153767,-0.5958198950664517,0.9701169688867206,1.854136574109397,1.603505297738957,1.7739607735797378,1.5474935433070611,-0.388679205788196,-0.3777281830275271,-0.6130154727521446,-0.4572687455384951,19.32162065659169,-1.2379271360249402,-0.6843142299185003
1.229868098593209,1.3686245194017008,1.3497178260897695,1.4910263339147702,0.321309319014406,0.3284980666372271,-0.0736163117855803,-0.3074910120590795,19.30573382522739,-0.4785650501860268,0.4651463306028109,1.2706765970912313,1.1995256199656317,1.381557191146683,1.190055174581221,-0.4969937770958519,-0.4856615389034265,-1.0871662870674936,-1.6381834722052635,18.95254059510722,-1.4683461827869992,-0.7490555130001608,1.3252105079529206,1.4190143624021372,1.3801492760312566,1.3188092103924924,0.5104295892508244,0.5114380628247511,1.185972148751396,-0.1900088160854489,19.263745518890683,-0.7003550909464532,0.2528170291094894
1.2259189982017256,1.0407816011236208,0.2223703960166732,0.27576857319007,-2.407990132703041,-2.4290203628028944,1.7311390373445037,2.0969577842202876,19.749957566308947,2.496390410608339,-2.1536211328260517,0.5434357756268328,0.6256032261074917,0.5213186727179174,0.8357757443702785,0.6999245027087511,0.6931761635828675,-1.098466060234042,-0.0396422277556778,19.39478632238958,0.221181783662631,0.6507054163953631,1.335765447695351,1.2702745693771136,1.347379961965833,0.9589237384970396,-0.0932870917353511,-0.0810739818878098,0.3232616884536581,0.5665341631577059,19.540519159332337,-0.2844915354497395,0.0176465929709341
1.035368415285663,0.7950377832592951,1.3030044475881164,1.1473285187979323,-0.1017224559740298,-0.0895434782047629,-1.2613820621886265,-1.3565016526934344,18.98650692739806,-1.1480884148380337,-0.2023398189949005,0.8635645258752898,1.875873715116312,1.3247265470495495,2.2116329346818815,1.1271598714829554,1.107995687815613,1.2925994556878395,0.2933154184422385,19.393557840966697,0.5053308466645,1.432974026201703,1.8779369297947115,1.626630671174294,1.7681680690115802,1.6173823508686356,-0.367723055228085,-0.3543265321526255,-0.4881624581390814,-0.2254909786004554,19.237423373098924,-0.672256217939103,-0.2964172042967258
1.2753663855108217,0.8690417096990913,0.5572796836288386,0.4893467213768513,-1.2576155943895873,-1.2554582776730037,0.521449986227039,0.6545105585292031,19.47125758707928,0.2124167826688406,-1.032434732867573,0.7883107451152681,0.3917657360319187,0.6545225334596647,0.5732806689573519,0.0644342548096188,0.0757102025456876,-1.0971165417079238,-1.058795398705957,18.965066286844284,-0.5573289047126533,0.0035184651014033,0.6741545592185273,1.164803765824202,1.039865304535041,0.708882413116762,0.1079983211282224,0.1186870404142502,0.2811937303444858,-0.6677197056417303,19.139115974428833,-0.4643230420711907,0.1336087065063987
1.166691964513148,0.6497247118003009,0.7281285509330969,0.3656519028156906,-0.3609852131102519,-0.349097121966644,-0.5007687406839477,-0.998359963450191,18.97218775011319,-0.5365613435799156,-0.5493658107303142,0.1040658424318489,0.1928185047831581,0.2793689994696541,0.426608012699204,-0.108468440089901,-0.1001131847657846,-0.170151211871339,-0.934267525595066,18.87553013177186,-0.259116300651271,-0.1932770163266214,-0.6045825771684468,-1.0229034352238149,-1.0621246078849884,-0.5255074166564473,-0.9039850811958536,-0.90655265676262,0.4535516205742474,-0.1432588561862976,19.005229399935065,0.040603541929464,-0.80737290160268
-1.460034844409683,-1.8523419847386156,-2.270650670000768,-2.336768026220801,-1.8693561730493071,-1.8974556699618497,1.3930453516635737,1.9422006373900935,19.41407917657797,1.5132732111630518,-1.4562020325708993,-2.0377346124995728,-1.7133545102905283,-1.1483699369768758,-1.291373259064215,0.8731053420442761,0.8724961758629757,-0.9388693128243416,0.3108467847268493,19.148846556854323,-0.805880769037663,0.7564765563523038,-1.002367532970572,-0.871267850801665,-0.6970986970139739,-0.9072097071262822,0.509794915096998,0.511391337240858,-0.3443515700398099,0.0737800276056018,19.049439797398325,-0.1120357879487822,0.7623566621818004
-0.7450915321439529,-0.1818113974673452,0.0475201786693008,0.4236486084085942,1.3670747913894965,1.3461956095232717,-0.5275792046993721,-0.422246387374582,18.89403750142491,-0.5746519244611458,1.1545495080910473,1.3090470903900684,1.8225888794495275,1.4277269268080108,1.7318661921839549,1.4965144752545836,1.4687906867036262,1.5905695412332326,1.624769613181099,19.30462967675923,0.9509599557588412,0.9167600916887784,1.8435525195670064,1.8356122806521784,1.9114392645069391,1.8387285300171772,0.6555986209652929,0.6551189202665825,-0.6957935445890534,0.5505361693309893,19.149789973404825,-1.0010188047242583,0.7805883242985896
1.7957583728975182,1.6075595155433238,1.544144871788545,1.296366898862024,-0.5107792054961305,-0.4989708961632133,-0.6011643529418713,-0.2125887409688018,18.984093889931646,-0.2392103167719256,-0.8595607331515016,1.442524979015771,1.1663097859301377,0.8602330914113884,0.7358289808020456,-0.7606463368541327,-0.7517633866256889,0.0183777069852732,-0.188148133860465,19.02130466314067,1.3167111873753026,-1.07618915881368,0.8950195497125927,1.090577220992777,1.114441266612724,1.0728731651289585,0.59243347675125,0.5950738513298146,0.1434628695979045,-0.0016516406076262,19.10697802240885,-0.3002072406196518,1.1820019734482128
1.0751906712551706,0.8458354111315045,0.897478945948877,0.6092346029282738,-0.7108442608387532,-0.7000238142361158,-0.2540869598801257,-0.3385065531830253,19.07250216249752,-0.4582755264013995,-0.8806980286852023,0.6665101732239638,0.632207154276775,0.6927691950869932,0.5492912429037806,-0.3598294928546694,-0.3524269657913086,0.1369474734274117,0.2369410898789302,19.08575401941512,-0.2646791937618347,0.230150475403452,-0.0251673820126025,-0.3571565634458086,-0.6956274674378341,-0.6532172303785869,-1.632756822014398,-1.652551894375691,1.1688028942928466,1.760826511306319,19.33750293857517,1.6241694964801865,-1.3453360000360055
-1.41130230475103,-1.5480214122230735,-1.59521949770339,-1.5042053572766765,-0.6801213516481971,-0.6759842419005079,-0.6875507571420673,0.5302489996521833,19.21758415849818,0.7222741743336991,-0.9800951369835664,-1.2783886082889373,-0.1784878019977989,-0.7444634747811937,0.4444500079099984,1.6288191132043093,1.6127530147839786,-0.1212739989132014,0.3335745774357675,19.244131806197288,1.7823393382064492,1.9144077720581725,0.4204704064368871,-0.0548428604382567,-0.2249736770037607,0.0282844388253841,-0.3373661452339914,-0.3306933981728641,1.8786990133366024,2.2153143603024588,19.55166890203464,0.5098902762139692,-0.3809752690722303
0.8812453341916343,1.5751234234976594,-0.7058065687787747,0.4203922855988136,0.2907412150049602,0.3029549153049833,1.2075736151092753,2.1938096877062403,19.809338811815124,2.6490645048079116,0.0414946073088276,-0.0377839136607861,-0.2257057141467485,-0.4392389627469431,-1.1420423688293362,-1.1542170362528663,-1.1710306425084736,-2.057984389441964,-0.6444576798956663,19.281062074116655,0.2422954753915824,-1.3702686548253828,-1.0005641124415463,-1.4701754143894803,-1.641005402429261,-2.066009232302905,-1.2998301418229603,-1.3211675568781271,1.3952885927344685,0.6289950815124816,19.65888655791572,0.3489587596769465,-1.4435123661809213
-1.646249861763747,-1.6524811505748067,-1.3595625626400694,-1.4389808425760109,0.5454916369535994,0.5582412162088729,-1.577836164290643,-1.4972695413959485,19.06404770064548,-0.6959405827059733,0.3675256106634937,-1.704454977825093,-1.601126209130015,-1.8305392572850756,-1.406719344565454,-0.1574693933390819,-0.1473622189955492,0.395123388256055,-0.980484182211568,19.23768536688078,-0.0120723866286795,-0.0026972355247791,-1.0821800069424947,-0.9456824638053032,-0.6313401446000533,-0.6262769014807504,0.9855300374185674,0.9912462073440886,-1.1668846900823335,-1.6108952325468984,18.770373777983853,-0.9807777862359632,0.8998075962046328
-0.5330625935011193,-0.6090157921288581,-0.0485642882393989,-0.4597513271246428,0.1866661107762175,0.1985999748772069,0.565024746562343,-0.9884697409420816,18.96115915195122,-1.0902045007079908,0.2128033534354633,-0.6172331737559997,-0.5643561777048023,-0.0337921083830525,-0.0972180934003865,0.438937832692553,0.4483315466274627,-0.2054966053647038,-0.8683561767785014,18.917898201193665,-0.982022654531767,0.5360762744440233,0.1386013956332651,0.5211005321356452,0.6997629590513884,1.1026718967099955,1.5429981996054387,1.5196688955493824,0.9601059357085536,-0.1039385056263166,19.258898797370513,0.0684943901087289,1.4659172813594772
0.8763096738053107,0.7093547305497214,1.67167479058091,1.1352962600976548,-0.0069622948577472,0.0034948461151931,-0.7282737350326077,-0.4896204170253023,18.966610162210436,-0.8804499164214186,0.1955618335146557,1.0423869531416268,0.920796253389506,0.8845558066999032,0.6875665501021332,-0.6512585099331587,-0.6441136837253638,0.3214128593673446,0.287938803265327,19.054638277938754,0.0331356209105801,-0.6785830420104291,-0.2825847379841978,-0.5367653170781318,-0.1885355108219087,-0.2482780111980865,-1.0305213180358954,-1.0304440156741017,-0.0650022548837367,0.4274087660214473,19.05888905096354,-0.7653986314325181,-0.7605995621876261
-0.1861565559143465,0.0495522043033904,-1.0525510608875857,-1.245720211727548,-1.3046182778081887,-1.3155595684812715,0.4393617263045482,1.7719569780875677,19.162717612300533,2.2375296718345647,-1.327757847874329,-0.6738079283934632,-0.4986589194688339,-0.6394145252343966,-0.1472300145286951,1.3014102056106058,1.294375975243964,-0.6141878893099229,0.810803042591658,19.035353824679973,0.4276850650407122,1.188117506034679,-0.8931463941780164,-1.1483388359086335,-0.6858789113954441,-0.821902113643703,-0.6952720790432837,-0.6915765123776791,-0.5633512455583263,0.1836575099124647,18.885743443131982,-0.68701337548263,-0.5074584387048255
-0.3733710151640838,-0.7748557078500953,-1.4358514409960992,-1.444292017159052,-0.8688362059336607,-0.8723607076038165,1.6478016116188543,1.7635836811037782,19.260154796589713,1.4054652344687972,-1.0075783584099895,-1.5734522889375278,-1.8169728325120944,-1.5393060173777933,-1.568226183676382,-0.5242662502474064,-0.5214153649639224,-0.1153439075700245,1.3834345402141792,19.287575752543173,-0.1512151925568884,-0.7719206509751997,-2.0039049365317245,-1.8018739931062049,-1.7087513520177295,-1.4705405777250526,-0.2297212230345187,-0.2229177210354125,0.1023229458217598,1.4028138664064462,19.3739215399294,0.1917744915154807,-0.0662652210859418
-0.82173846234128,-0.6049211936484558,-1.15636023982349,-1.4286982941167587,0.0178033880296642,0.0257435273973521,0.1887823001496044,1.3609407514695169,19.44113147475242,1.660406735838715,1.5288827641993217,-1.0722472253393789,-1.0109815916659468,-0.7954862630053237,-0.9469716144063712,1.292490840431062,1.3007936887072156,-1.4733277958493622,-0.6414783689855282,19.161280055819656,-0.2741449495881091,1.1595954438724505,-1.358851646935724,-0.5802863861021653,-0.9868682461965348,0.1530415072940433,1.619606655687489,1.6144285927657862,1.6769725581365698,1.3507008811829138,19.54082162383201,0.8455489117083349,1.1612157352423187
0.4283535916127713,0.792506098558111,1.066320556825306,1.4497904857588448,1.4613380610984863,1.4537640226825266,-1.6152078874418614,-1.6827672414388015,18.986298489763513,-0.5493649485464566,1.3101521267748404,1.3794651824211777,1.4257963490230718,1.6578280313700968,1.3016055629137386,-0.0017331570545951,0.0083858119453272,-1.2258994032761017,-2.019457495609468,18.470965038971215,-1.0698805795801385,-0.5681999521267095,1.1620964868481418,1.063437034739972,1.2697513700683094,1.19554412388121,-0.1317751229835908,-0.1236473288290593,0.3396414688506746,-1.4071280152029917,18.57087160259737,-0.967971984494116,-0.1664983995292714
0.8144694253067385,0.5004178757538363,0.5989726539801604,0.5240473352473556,-0.985886146111456,-0.9932503377564352,1.2050004185825334,-0.5674444525532967,18.954730200716476,-0.4824808287387676,-0.6102726241524833,0.0061896849445592,0.8340988624629447,0.3946621886602857,0.5505709045078676,0.0482036332712592,0.0572159849780368,-0.0971220337943779,-0.4171029821814646,18.937894128464738,0.6123992554814591,0.5678463188502889,0.7101523851875055,0.0969555217969469,0.271052539203558,-0.2463301159808037,-1.2341994106142715,-1.2463943195833955,-0.243012390965176,-0.3854410560570597,18.8631795665002,-0.4888996007828772,-1.4909826820107004
0.0349653529225287,0.1606653361286238,0.3154256649089421,0.5583381647258749,1.1082546957956372,1.105583426214778,0.7852283478991692,0.5476874417703252,19.105025299842364,-0.4498048732043722,1.3232883239466493,0.9973346410116152,1.797294934916725,1.4000986970790026,1.7748892163061736,1.390834116379043,1.3765403696163427,0.3906655213211785,1.309636864068203,19.25063987210232,0.2130005783258843,1.146468732200977,2.1698951885090385,2.390856242513309,2.225284495284803,2.1737380284682346,0.8333730062036133,0.8328371796332713,0.2794744625664734,1.475607848484279,19.396663525520953,-0.5069310608797887,0.8625761510972629
2.15669107541336,1.8657423362322496,0.554900585334929,0.0104450244898018,-1.9900758252675423,-2.0226933578486044,0.9146657892008296,2.052722649944872,19.678522794900257,2.687993259900649,-2.0254304287429594,0.2567722374630101,0.118411028013069,-0.0734239957602399,-0.0071238447026112,-0.0310931031185353,-0.0166599073703154,-1.4857126625927062,0.3165976093482759,19.242000802783252,0.3377721631893721,-0.1314252518110397,-0.5957232770944983,-0.583774639696361,-0.7373719323793706,-0.860243688679883,-0.8310957614522722,-0.8246528552658101,-0.7693403622029313,-0.2022214926674864,19.151135756389607,0.0558902403728483,-0.5826463322840677
-1.477183176983196,-1.422006962074911,-1.4158165347235916,-1.1941810644141204,-0.4596593996058837,-0.4475663456244321,-0.4058876576206792,-0.5154720487628214,19.13758791209925,-0.5930647778048534,-0.7364364205535747,-0.5291521951788268,-0.8876506229787923,-1.125893780267635,-1.2588392888063924,-0.2314421967817479,-0.2168452038777441,-0.3878208276933094,-0.7172935228818911,19.09153375099107,0.2548736919794124,-0.395075871850534,-0.8512412602301004,-0.7895791076230949,-0.818157889610934,-0.3975067835480989,0.9815089462334248,0.9764035814192864,-0.4070942612607566,-0.8931385409521947,19.037040293739736,-0.1992314394368596,0.6072555792626346
-0.138887345598634,-0.4585973294087017,-0.4175425378897577,-0.8676274100944353,-0.5641169592266011,-0.5512382582333523,0.4026836370098575,-0.6799945433956642,19.158971452540847,-0.2390120466353292,-0.5983063209685504,-0.4335886550304367,-0.4890230026450937,-0.0811721184774978,-0.0999147566277203,0.8857983134615864,0.8837964153073795,-0.3044493485439303,-0.7232959799502854,19.119754333606927,-1.0495720945586535,0.8783627148820369,-0.0615826418711194,0.0568201136522078,0.2640543327987906,0.5730179423255559,0.7641921692920756,0.7647471795067907,-0.0984636886413303,-0.6072556492688448,19.102509112766153,-0.4142431823711395,0.7338150788947571
0.8557448013510581,1.147142593632776,1.8749843253284544,2.065073138600546,1.3454532608785812,1.324549327946263,1.0732346360770857,0.1181021687950608,19.286315456230984,-0.7092191144579865,1.595703409522492,1.3979228550252891,1.4356429928128525,1.6051917023836255,1.6249378899249751,-0.1620867940920721,-0.1510629947021156,-1.607492970624804,-1.4555948133145404,18.86482475820649,-1.249866696072801,-0.3069844062005951,1.6766526936544648,1.49565775370488,1.0793817467110465,0.7156857772162128,-1.1708351913022956,-1.1813206460876295,2.1773499435645256,1.9578793995189745,19.273637992605696,1.4555298307648854,-1.2596503439161617
-1.7948736253008633,-1.701039801037589,-2.1474034645747953,-2.1678808607143893,-2.5736051390862524,-2.6144591722475816,2.7403583084155283,2.8092243351085693,20.52338815041399,2.5930475104447535,-2.612873641924785,-1.771796207668714,-1.418402749198428,-1.6817742444659738,-0.8458845816860517,1.3074489390755624,1.2183620988308583,-0.6641164452547412,0.9274778960971314,20.17796332534097,1.9594306273294968,1.3846378241167892,-1.0334229668481287,-1.390761406877551,-1.1096994700267455,-1.241044608737529,-0.5288880667517918,-0.4816207001589105,-0.5221291798610485,0.1728393187794406,19.962098028546023,0.2088615673205173,-0.4677280956783767
-1.1789711802752976,-1.3172192244205791,-1.081157811416358,-0.961887491879468,0.2063550486643799,0.2274009982168205,-0.4640781020784405,-0.2834435966961094,19.789130586978345,0.194927379903663,0.1784898318658591,-0.918723850682018,-0.8533809634871762,-0.8294958525796763,-1.1663364981506148,-0.4090862574113095,-0.3656097523596502,-0.2641397768196963,-0.3957778705818907,19.78261299667186,0.5486093416264319,-0.348905812083862,-1.3826374752286483,-1.4005293617803252,-1.0859101688227863,-1.17974958595928,-0.20741573656401,-0.1699179474197256,-0.3135650204431332,-0.5497601203147716,19.732347731514515,-0.3249457024889097,-0.1075844874389831
-0.9763245912157036,-0.950868607684598,-0.6486338877920476,-0.8317098430554523,0.4676435845398324,0.4754402344045002,-0.5795581290202566,-0.9341160469075928,19.36283413925012,-0.7199103268347709,0.4009275108680574,-0.4422638150589831,-0.4726886020994036,-0.1727456956449115,-0.1682792466325553,0.9596498308888936,0.9283757673668962,-0.1691217020143862,-0.8319411636362348,19.38473559379053,-0.8869056992533205,0.9963871077870852,0.2733633829439867,0.0989303854282621,0.5468630228193673,0.5208006091451206,0.5961127068412297,0.5946220974407939,-0.2836632690177885,-0.8550825673766738,19.342888340606773,-1.167163485541942,0.5947359668351704
1.3815926226844113,1.1404146732076417,1.5324636361868578,1.3289187910447595,0.2283627377051403,0.2490729151129265,-0.2750085697152392,-0.8178021725047642,19.24567296291549,-0.5945099380522,0.381491885475212,1.3074317598805572,1.7674544060375184,1.89391780213208,1.593995720050122,0.3879282554113111,0.4046699280200535,0.5826177732933284,-0.7529030945398614,19.195357684436924,-0.6009753203458835,0.2792909831479939,1.3955375262523773,1.3683535890648597,1.5762661144001469,1.2783418657446832,-0.2934606913883817,-0.2801913045824876,-0.6874067675822031,-0.8160718084192334,19.002350969294422,-1.2598513934590814,-0.3460335945115545
0.85055065300868,0.8046529714897749,1.0193705984563457,0.8323474440845242,-0.6762327469297891,-0.669608734054365,-0.0797501813387818,-0.7357158493982695,18.89242411521895,-1.124023535839344,-0.6550996891349241,0.9209794727289708,1.25488309574173,1.0980370629616707,1.2164597145565066,0.8000287119413937,0.8012666951139727,2.081395941970005,0.4148709983646041,19.100894654165497,0.0654620332515139,0.5462571105044309,1.3380063868632446,1.346021184943846,1.378617209753948,1.382369445756555,0.4688895507585482,0.4748712772388375,0.3440839727779973,1.15779258586871,19.09096658923462,-0.9211380089608148,0.6168564606568453
1.6831858481954411,1.635141628351071,1.5014891264675745,1.285585450561915,-0.7219496744523474,-0.7180602659261696,1.079388378634223,2.230707694871228,19.205388360077468,0.8240342263286583,-0.8242114713270899,1.293596785978535,1.166012134047946,1.2410560803087187,1.1944389209285369,-0.8519123299192062,-0.8514484946998662,-1.482027142020151,0.6518289927972681,18.936708817478248,-0.4845786611240535,-0.9835569294597312,1.227125543222465,0.9056167519043054,1.022326538656935,1.2133743705080888,-0.3300465542041592,-0.3236236512956176,-0.6585183938507141,0.1056416508250868,18.78465419586694,-0.6460113447553901,-0.0101872922175873
1.0207855702065078,0.9066477000738676,0.2996448661925961,-0.2781729440197418,-2.0699336372730723,-2.0937897555896434,2.342502065068048,2.0327708706604484,19.245810122128685,2.0467573330985633,-1.7677853360566067,0.1691998952672251,0.0807193432248736,-0.943407810517679,-1.4319467646481492,-1.2900618572814475,-1.2950911365047868,0.2839853394154361,1.8172009730280936,19.34248067627475,2.048141860754109,-1.4658136623406797,-1.31594611382725,-1.7519583344434022,-1.920850939911773,-1.7800665776252085,-0.9673858059647696,-0.9684056679414704,0.1422345538454515,1.570089939548844,19.4192100514318,0.5663552325512798,-1.088115324987193
-1.1812715427855165,-0.908298211742689,-0.8860433853537377,-0.7204876508315936,1.3830617279845736,1.3689402326183917,0.4598735446166134,1.6115390711366124,19.591780505092594,0.0661666895173834,1.596351244804681,-0.2424376021291438,-0.7321898442098304,-1.9457570917379945,-2.051873244928678,-2.017368466898593,-2.054712256698843,1.025278067089885,1.9158600340665708,19.909477091274912,2.591877643813179,-2.0371688568294077,-2.3503611801740476,-2.0285843058343542,-1.791476853123964,-1.0811032674079146,1.2023102306091948,1.178271287528042,-0.8734927910588147,0.7948366463022986,19.779324066965923,0.7164379850922482,0.8985907077090121
-1.2554041820699542,-1.6478414815569034,-1.6859237864490253,-1.8322542984794064,-1.543364067085753,-1.5667806603179182,-0.1778776791003301,0.5534483584637442,19.835031325118877,1.2891485536366576,-1.5531618420732336,-1.9476019797831168,-1.6939701586323004,-1.4953782243765334,-1.2916205118939306,0.7562437170027995,0.7577187947626448,-0.4733667321261831,0.0788628086341304,19.802372783117136,0.5834805128301042,1.0720532622958665,-1.0279807485832262,-1.4286581024073397,-0.8707111506340373,-0.953371307662822,0.5953931240106923,0.6025773974634213,-1.4297516809073536,-1.2856680356456804,19.46567388113712,-1.0395456199059758,0.2948587450300088
-1.163311475467962,-1.4058091467976157,-1.1264334948615369,-1.4793325896625944,-0.7469468774931305,-0.7377343044392153,0.0898449393898108,-1.33838570646636,19.58751819037953,-0.7057747951603107,-0.6162484134609065,-1.1627495981360882,-1.344578294877735,-1.229935417159599,-1.0320209969603389,0.7405668948578391,0.7430378644645503,0.0485603056306211,-1.0947959644064584,19.6496061300006,-0.4143135017200918,0.6656679757996448,-1.0967834921168835,-1.291198223647149,-1.274363088518673,-1.4459105360201925,-0.6570837239797211,-0.6412778478090247,0.1122312682891537,-0.8357258263663513,19.719474702165304,-0.2080127939775874,-0.2960762020547349
-1.152804187575493,-1.0146508500314784,-1.1317969347625652,-0.9984175656140531,0.6094101731107576,0.6159711583292711,-0.4098536550158824,-0.859462351240446,19.687249968821273,0.0732948931950502,0.7827671871283115,-0.235220745113212,-0.3263764320640089,0.3050275396888381,0.1922755462013997,1.400518719920398,1.362973194590766,-0.5803263923809989,-0.9287322053398452,19.59581416528266,-1.1673588806542958,1.478020365056943,0.5716325801031347,0.0862777559504225,0.7693747580557317,0.2634349994623871,0.0307538638944119,0.0517516144031359,-0.3751602596030435,-0.9775379883094104,19.51606483091316,-1.0614119952651693,0.2521535349364011
0.8742335685905193,1.220859157856291,1.7072812445750802,1.7837480224180458,1.1130812418528266,1.0927773679282815,-0.3859866854476066,-0.9826210472849451,19.44166837493959,-0.9821642550459376,0.7248324402756706,1.785168553269302,1.5528943110243674,1.3619547131145913,1.0778358008740276,-0.5860607456982183,-0.572001412229431,-0.3451521953298347,-1.0946144168696192,19.35873884234616,-0.4464403802398354,-1.0642629813130362,0.6424874584019727,0.5470152793330033,0.5297667093591725,0.2161262428819897,-0.84621715091191,-0.8431964631726532,1.4425323023396608,0.4993384631964319,19.518248824291337,-0.4192558754121054,-0.8627478219347394
0.4958771743543379,0.8347991371706897,0.7293196736693689,0.6560819816452829,0.4170521476790727,0.4318280035568053,-0.8820060894228692,-0.4861121084245118,19.426542311605285,-0.3375568757905967,0.1147011016945016,0.2783975688359844,0.6397744838272634,0.7431793216858432,0.7100229805713594,0.0291884819409594,0.0450601931855368,-0.7428542710884052,-1.0064302646483734,19.332279288714076,-0.8926255250663065,0.0737365208077368,0.2506328222294559,-0.0302077910321205,0.4015410816213072,0.4259000532222964,-0.3347576070510433,-0.32157389387554,0.9889767526535562,0.0779955435670968,19.400879176788877,-1.276920186935536,-0.5286675289296375
