index,subsequence_idx,score
4,4,3.28766
28,28,2.57924
47,47,3.86639
50,50,3.55009
70,70,2.95273
76,76,2.76767
84,84,2.9041
88,88,2.95392
92,92,3.27315
139,139,3.13973
162,162,2.55923
