index,subsequence_idx,score
4,4,2.96453
28,28,2.52803
47,47,3.61232
50,50,3.44587
70,70,2.77446
76,76,2.53589
84,84,2.81505
88,88,2.63559
92,92,3.2401
139,139,2.78925
162,162,2.5602
