index,subsequence_idx,score
4,4,2.99338
28,28,2.64815
47,47,3.72738
50,50,3.64262
70,70,2.89683
76,76,2.64197
84,84,3.01318
88,88,2.77706
92,92,3.30912
139,139,2.87261
162,162,2.59746
179,179,2.57802
