index,subsequence_idx,score
47,47,3.49732
92,92,2.36851
106,106,2.72486
