index,subsequence_idx,score
4,4,3.20276
28,28,2.49204
47,47,3.88304
50,50,3.59762
70,70,2.79413
76,76,2.70814
84,84,2.89869
88,88,2.92447
92,92,3.14985
139,139,3.03831
162,162,2.65869
179,179,2.52541
