index,subsequence_idx,score
4,4,2.92592
28,28,2.45033
47,47,3.56419
50,50,3.64356
70,70,2.76434
84,84,3.11379
88,88,2.61075
92,92,3.21182
139,139,2.80579
162,162,2.64402
179,179,2.69082
