feature_0,feature_1,feature_2,feature_3,feature_4,feature_5,feature_6,feature_7,feature_8,feature_9,feature_10,feature_11,feature_12,feature_13,feature_14
0.0117899817850164,-0.2433776062922015,0.016094421127857,0.0143008338557844,-0.0266745121114053,0.0219851147820866,0.021409835954893,-0.0416120906801007,0.0225657752315998,-0.0107362146942183,-0.1839781328847771,0.0184183590069213,-0.0037208937160745,0.0292450399381603,0.0186955025355855
0.0143008338557844,-0.0266745121114053,0.0219851147820866,0.021409835954893,-0.0416120906801007,0.0225657752315998,-0.0107362146942183,-0.1839781328847771,0.0184183590069213,-0.0037208937160745,0.0292450399381603,0.0186955025355855,-0.0133831249507476,-0.1050194016773062,0.0220954017147788
0.021409835954893,-0.0416120906801007,0.0225657752315998,-0.0107362146942183,-0.1839781328847771,0.0184183590069213,-0.0037208937160745,0.0292450399381603,0.0186955025355855,-0.0133831249507476,-0.1050194016773062,0.0220954017147788,0.0014720351140364,0.201958041958042,0.0139874923853599
-0.0107362146942183,-0.1839781328847771,0.0184183590069213,-0.0037208937160745,0.0292450399381603,0.0186955025355855,-0.0133831249507476,-0.1050194016773062,0.0220954017147788,0.0014720351140364,0.201958041958042,0.0139874923853599,-0.0405290484992234,1.072608796835001,0.0398015516187019
-0.0037208937160745,0.0292450399381603,0.0186955025355855,-0.0133831249507476,-0.1050194016773062,0.0220954017147788,0.0014720351140364,0.201958041958042,0.0139874923853599,-0.0405290484992234,1.072608796835001,0.0398015516187019,0.007113127628193,-0.3861441724679991,0.024283035189523
-0.0133831249507476,-0.1050194016773062,0.0220954017147788,0.0014720351140364,0.201958041958042,0.0139874923853599,-0.0405290484992234,1.072608796835001,0.0398015516187019,0.007113127628193,-0.3861441724679991,0.024283035189523,0.0071715914503911,-0.250777391622462,0.0191675787678553
0.0014720351140364,0.201958041958042,0.0139874923853599,-0.0405290484992234,1.072608796835001,0.0398015516187019,0.007113127628193,-0.3861441724679991,0.024283035189523,0.0071715914503911,-0.250777391622462,0.0191675787678553,0.0098175310738388,-0.1536865234375,0.0226876289717601
