feature_0,feature_1,feature_2,feature_3,feature_4,feature_5,feature_6,feature_7,feature_8,feature_9,feature_10,feature_11,feature_12,feature_13,feature_14
-0.0233873767183282,0.3972772277227723,0.0499375949994258,0.0715081148543823,0.4143416002361972,0.0638673898264847,0.0142412947218932,0.166688411658795,0.0305672663381644,-0.0108640540644523,-0.4629509516673749,0.0202597085531654,-0.0234172582891193,-0.0646759953356654,0.0284304425695499
0.0715081148543823,0.4143416002361972,0.0638673898264847,0.0142412947218932,0.166688411658795,0.0305672663381644,-0.0108640540644523,-0.4629509516673749,0.0202597085531654,-0.0234172582891193,-0.0646759953356654,0.0284304425695499,0.0253581097497483,-0.1863840776526114,0.0281795140374286
0.0142412947218932,0.166688411658795,0.0305672663381644,-0.0108640540644523,-0.4629509516673749,0.0202597085531654,-0.0234172582891193,-0.0646759953356654,0.0284304425695499,0.0253581097497483,-0.1863840776526114,0.0281795140374286,0.0087954804738437,0.0841678979915723,0.0152126799387972
-0.0108640540644523,-0.4629509516673749,0.0202597085531654,-0.0234172582891193,-0.0646759953356654,0.0284304425695499,0.0253581097497483,-0.1863840776526114,0.0281795140374286,0.0087954804738437,0.0841678979915723,0.0152126799387972,0.0015386009226072,-0.2044823582858008,0.0173446241440168
-0.0234172582891193,-0.0646759953356654,0.0284304425695499,0.0253581097497483,-0.1863840776526114,0.0281795140374286,0.0087954804738437,0.0841678979915723,0.0152126799387972,0.0015386009226072,-0.2044823582858008,0.0173446241440168,0.0003073982208259,0.7626269035532995,0.0249717435632716
0.0253581097497483,-0.1863840776526114,0.0281795140374286,0.0087954804738437,0.0841678979915723,0.0152126799387972,0.0015386009226072,-0.2044823582858008,0.0173446241440168,0.0003073982208259,0.7626269035532995,0.0249717435632716,0.0417733821524843,0.3895748587062169,0.0477553750406377
0.0087954804738437,0.0841678979915723,0.0152126799387972,0.0015386009226072,-0.2044823582858008,0.0173446241440168,0.0003073982208259,0.7626269035532995,0.0249717435632716,0.0417733821524843,0.3895748587062169,0.0477553750406377,-0.02555294341188,0.007720007253698,0.0624147365357956
