feature_0,feature_1,feature_2,feature_3,feature_4,feature_5,feature_6,feature_7,feature_8,feature_9,feature_10,feature_11,feature_12,feature_13,feature_14
-0.0053237974995018,0.2262525301377469,0.024338984465195,-0.0056495758797544,-0.0484822811066639,0.0204571737708131,0.0131580199191607,0.2655398455610309,0.0219746994404498,0.0067882467737574,0.0598039691396963,0.0267026504876814,-0.0070359274281317,-0.1176430190234186,0.0173860313472969
-0.0056495758797544,-0.0484822811066639,0.0204571737708131,0.0131580199191607,0.2655398455610309,0.0219746994404498,0.0067882467737574,0.0598039691396963,0.0267026504876814,-0.0070359274281317,-0.1176430190234186,0.0173860313472969,-0.01387638762115,0.3409350352843503,0.0305689556158138
0.0131580199191607,0.2655398455610309,0.0219746994404498,0.0067882467737574,0.0598039691396963,0.0267026504876814,-0.0070359274281317,-0.1176430190234186,0.0173860313472969,-0.01387638762115,0.3409350352843503,0.0305689556158138,0.0320357958881878,-0.0016058817838831,0.0390928510566122
0.0067882467737574,0.0598039691396963,0.0267026504876814,-0.0070359274281317,-0.1176430190234186,0.0173860313472969,-0.01387638762115,0.3409350352843503,0.0305689556158138,0.0320357958881878,-0.0016058817838831,0.0390928510566122,-0.0353931048167986,0.5272179372892523,0.0603290542549448
-0.0070359274281317,-0.1176430190234186,0.0173860313472969,-0.01387638762115,0.3409350352843503,0.0305689556158138,0.0320357958881878,-0.0016058817838831,0.0390928510566122,-0.0353931048167986,0.5272179372892523,0.0603290542549448,-0.0460151345351819,-0.3213526631348539,0.0574603610568577
-0.01387638762115,0.3409350352843503,0.0305689556158138,0.0320357958881878,-0.0016058817838831,0.0390928510566122,-0.0353931048167986,0.5272179372892523,0.0603290542549448,-0.0460151345351819,-0.3213526631348539,0.0574603610568577,0.0088273639443565,0.0589912588229795,0.0415718980590018
0.0320357958881878,-0.0016058817838831,0.0390928510566122,-0.0353931048167986,0.5272179372892523,0.0603290542549448,-0.0460151345351819,-0.3213526631348539,0.0574603610568577,0.0088273639443565,0.0589912588229795,0.0415718980590018,0.0234374733003455,-0.2648157139704259,0.0427485872302464
