feature_0,feature_1,feature_2,feature_3,feature_4,feature_5,feature_6,feature_7,feature_8,feature_9,feature_10,feature_11,feature_12,feature_13,feature_14
0.0111477447248244,0.1189004991304101,0.0252860459257846,0.0091188942032807,-0.1875069504119698,0.0216774464489493,0.0246277169819948,0.8813889899866552,0.0275249570398609,0.0095421094047547,-0.4069892793132411,0.0282021019076918,-0.0296086258225832,0.1925305303072548,0.0381481735794633
0.0091188942032807,-0.1875069504119698,0.0216774464489493,0.0246277169819948,0.8813889899866552,0.0275249570398609,0.0095421094047547,-0.4069892793132411,0.0282021019076918,-0.0296086258225832,0.1925305303072548,0.0381481735794633,0.0005534086139926,-0.1931435331635933,0.0172517191976259
0.0246277169819948,0.8813889899866552,0.0275249570398609,0.0095421094047547,-0.4069892793132411,0.0282021019076918,-0.0296086258225832,0.1925305303072548,0.0381481735794633,0.0005534086139926,-0.1931435331635933,0.0172517191976259,-0.0028393393764305,-0.0168674279852681,0.0260582545517736
0.0095421094047547,-0.4069892793132411,0.0282021019076918,-0.0296086258225832,0.1925305303072548,0.0381481735794633,0.0005534086139926,-0.1931435331635933,0.0172517191976259,-0.0028393393764305,-0.0168674279852681,0.0260582545517736,-0.0296207210383244,0.1156707399744165,0.0389704230415566
-0.0296086258225832,0.1925305303072548,0.0381481735794633,0.0005534086139926,-0.1931435331635933,0.0172517191976259,-0.0028393393764305,-0.0168674279852681,0.0260582545517736,-0.0296207210383244,0.1156707399744165,0.0389704230415566,0.0272475398233356,0.0734689995693833,0.023403857022489
0.0005534086139926,-0.1931435331635933,0.0172517191976259,-0.0028393393764305,-0.0168674279852681,0.0260582545517736,-0.0296207210383244,0.1156707399744165,0.0389704230415566,0.0272475398233356,0.0734689995693833,0.023403857022489,0.0100163308973284,-0.0718024693788653,0.0326760878585311
-0.0028393393764305,-0.0168674279852681,0.0260582545517736,-0.0296207210383244,0.1156707399744165,0.0389704230415566,0.0272475398233356,0.0734689995693833,0.023403857022489,0.0100163308973284,-0.0718024693788653,0.0326760878585311,0.019209532477425,-0.2252221199965002,0.0253777214119636
