feature_0,feature_1,feature_2,feature_3,feature_4,feature_5,feature_6,feature_7,feature_8,feature_9,feature_10,feature_11,feature_12,feature_13,feature_14
0.0016743893044812,0.0392455370020192,0.0138360535949653,-0.0012536314882665,-0.2640977008835639,0.0071346167515922,0.0092059831358988,0.5127399212136452,0.0101284458045697,-0.0068415856923955,-0.3398066321300939,0.0092060353230045,-0.0102284882927449,0.2201544207125172,0.0163848105365651
-0.0012536314882665,-0.2640977008835639,0.0071346167515922,0.0092059831358988,0.5127399212136452,0.0101284458045697,-0.0068415856923955,-0.3398066321300939,0.0092060353230045,-0.0102284882927449,0.2201544207125172,0.0163848105365651,0.0033742867155952,0.2614220617315794,0.0111393528386065
0.0092059831358988,0.5127399212136452,0.0101284458045697,-0.0068415856923955,-0.3398066321300939,0.0092060353230045,-0.0102284882927449,0.2201544207125172,0.0163848105365651,0.0033742867155952,0.2614220617315794,0.0111393528386065,0.0030480363020779,-0.3318111180784645,0.0116879077191123
-0.0068415856923955,-0.3398066321300939,0.0092060353230045,-0.0102284882927449,0.2201544207125172,0.0163848105365651,0.0033742867155952,0.2614220617315794,0.0111393528386065,0.0030480363020779,-0.3318111180784645,0.0116879077191123,-0.0144594709604484,0.1768978109635433,0.0178685424926532
-0.0102284882927449,0.2201544207125172,0.0163848105365651,0.0033742867155952,0.2614220617315794,0.0111393528386065,0.0030480363020779,-0.3318111180784645,0.0116879077191123,-0.0144594709604484,0.1768978109635433,0.0178685424926532,-0.003721044228488,0.108636111496325,0.0157488887762725
0.0033742867155952,0.2614220617315794,0.0111393528386065,0.0030480363020779,-0.3318111180784645,0.0116879077191123,-0.0144594709604484,0.1768978109635433,0.0178685424926532,-0.003721044228488,0.108636111496325,0.0157488887762725,0.0141928134325977,-0.1219294816667969,0.0192946232682871
0.0030480363020779,-0.3318111180784645,0.0116879077191123,-0.0144594709604484,0.1768978109635433,0.0178685424926532,-0.003721044228488,0.108636111496325,0.0157488887762725,0.0141928134325977,-0.1219294816667969,0.0192946232682871,-0.0033670779413413,0.5133465106754278,0.0123090374406228
