feature_0,feature_1,feature_2,feature_3,feature_4,feature_5,feature_6,feature_7,feature_8,feature_9,feature_10,feature_11,feature_12,feature_13,feature_14
-0.0043658620952601,0.1450381679389312,0.0200177567629191,-0.0011789478413509,0.7122222222222223,0.0446676006591625,0.0236695510739268,-0.4578195976638546,0.029081133128832,0.0168481946028544,0.0789946140035906,0.0236448570096386,-0.0002268019853242,0.103161397670549,0.0245534708745492
-0.0011789478413509,0.7122222222222223,0.0446676006591625,0.0236695510739268,-0.4578195976638546,0.029081133128832,0.0168481946028544,0.0789946140035906,0.0236448570096386,-0.0002268019853242,0.103161397670549,0.0245534708745492,0.0207885949519404,-0.0502765208647562,0.022746819938371
0.0236695510739268,-0.4578195976638546,0.029081133128832,0.0168481946028544,0.0789946140035906,0.0236448570096386,-0.0002268019853242,0.103161397670549,0.0245534708745492,0.0207885949519404,-0.0502765208647562,0.022746819938371,-0.0345138107642265,0.1016410799364744,0.0440989762229283
0.0168481946028544,0.0789946140035906,0.0236448570096386,-0.0002268019853242,0.103161397670549,0.0245534708745492,0.0207885949519404,-0.0502765208647562,0.022746819938371,-0.0345138107642265,0.1016410799364744,0.0440989762229283,-0.0043870838648357,-0.4430562229697261,0.0231671717413179
-0.0002268019853242,0.103161397670549,0.0245534708745492,0.0207885949519404,-0.0502765208647562,0.022746819938371,-0.0345138107642265,0.1016410799364744,0.0440989762229283,-0.0043870838648357,-0.4430562229697261,0.0231671717413179,-0.0004172332329642,0.366695427092321,0.0177077380951136
0.0207885949519404,-0.0502765208647562,0.022746819938371,-0.0345138107642265,0.1016410799364744,0.0440989762229283,-0.0043870838648357,-0.4430562229697261,0.0231671717413179,-0.0004172332329642,0.366695427092321,0.0177077380951136,0.0026116537223552,0.0366161616161615,0.0162287521405261
-0.0345138107642265,0.1016410799364744,0.0440989762229283,-0.0043870838648357,-0.4430562229697261,0.0231671717413179,-0.0004172332329642,0.366695427092321,0.0177077380951136,0.0026116537223552,0.0366161616161615,0.0162287521405261,0.0185405981809791,-0.2131546894031668,0.021664410129183
-0.0043870838648357,-0.4430562229697261,0.0231671717413179,-0.0004172332329642,0.366695427092321,0.0177077380951136,0.0026116537223552,0.0366161616161615,0.0162287521405261,0.0185405981809791,-0.2131546894031668,0.021664410129183,-0.0018089959469024,-0.3250773993808049,0.0134552534120837
