feature_0,feature_1,feature_2,feature_3,feature_4,feature_5,feature_6,feature_7,feature_8,feature_9,feature_10,feature_11,feature_12,feature_13,feature_14
0.0234239902035844,0.1068536605726688,0.0279364867987913,-0.0109636069531179,0.0715740251904366,0.0150457069685788,-0.0171418788585655,0.0797438063063062,0.0242792328179209,-0.0019765699838418,-0.3841340199465485,0.0167158994686461,0.0226596800838174,0.1559060118543607,0.0351495653671329
-0.0109636069531179,0.0715740251904366,0.0150457069685788,-0.0171418788585655,0.0797438063063062,0.0242792328179209,-0.0019765699838418,-0.3841340199465485,0.0167158994686461,0.0226596800838174,0.1559060118543607,0.0351495653671329,-0.013898325306301,0.2789121875286147,0.0375290107294781
-0.0171418788585655,0.0797438063063062,0.0242792328179209,-0.0019765699838418,-0.3841340199465485,0.0167158994686461,0.0226596800838174,0.1559060118543607,0.0351495653671329,-0.013898325306301,0.2789121875286147,0.0375290107294781,-0.0287084259607066,0.0285673372950525,0.040567092134838
-0.0019765699838418,-0.3841340199465485,0.0167158994686461,0.0226596800838174,0.1559060118543607,0.0351495653671329,-0.013898325306301,0.2789121875286147,0.0375290107294781,-0.0287084259607066,0.0285673372950525,0.040567092134838,-0.010288448614112,0.0634136154809967,0.028527569917082
0.0226596800838174,0.1559060118543607,0.0351495653671329,-0.013898325306301,0.2789121875286147,0.0375290107294781,-0.0287084259607066,0.0285673372950525,0.040567092134838,-0.010288448614112,0.0634136154809967,0.028527569917082,0.0144214366117321,-0.0523008444066243,0.0220801386546766
-0.013898325306301,0.2789121875286147,0.0375290107294781,-0.0287084259607066,0.0285673372950525,0.040567092134838,-0.010288448614112,0.0634136154809967,0.028527569917082,0.0144214366117321,-0.0523008444066243,0.0220801386546766,0.0079374176534925,-0.1182483768476309,0.0132557275335119
-0.0287084259607066,0.0285673372950525,0.040567092134838,-0.010288448614112,0.0634136154809967,0.028527569917082,0.0144214366117321,-0.0523008444066243,0.0220801386546766,0.0079374176534925,-0.1182483768476309,0.0132557275335119,0.0195110183875886,-0.1597994673351088,0.0257647346047793
-0.010288448614112,0.0634136154809967,0.028527569917082,0.0144214366117321,-0.0523008444066243,0.0220801386546766,0.0079374176534925,-0.1182483768476309,0.0132557275335119,0.0195110183875886,-0.1597994673351088,0.0257647346047793,-0.0059372692803921,0.2679470445646092,0.0208394569791391
