feature_0,feature_1,feature_2,feature_3,feature_4,feature_5,feature_6,feature_7,feature_8,feature_9,feature_10,feature_11,feature_12,feature_13,feature_14
-0.0064611027107435,-0.5743947035477218,0.0382506574874888,0.0023178721666006,0.0433684896363562,0.0357073171320149,0.010342400054405,-0.2131761767231286,0.0247752242821932,-0.0563326610467224,0.26875,0.0456415033296625,0.0050532163051524,0.0574321682696066,0.0374297756745486
0.0023178721666006,0.0433684896363562,0.0357073171320149,0.010342400054405,-0.2131761767231286,0.0247752242821932,-0.0563326610467224,0.26875,0.0456415033296625,0.0050532163051524,0.0574321682696066,0.0374297756745486,-0.0237312081215719,0.0735016822568122,0.0328997397716925
0.010342400054405,-0.2131761767231286,0.0247752242821932,-0.0563326610467224,0.26875,0.0456415033296625,0.0050532163051524,0.0574321682696066,0.0374297756745486,-0.0237312081215719,0.0735016822568122,0.0328997397716925,0.0094760014133223,0.2831065954882039,0.0338584428907771
-0.0563326610467224,0.26875,0.0456415033296625,0.0050532163051524,0.0574321682696066,0.0374297756745486,-0.0237312081215719,0.0735016822568122,0.0328997397716925,0.0094760014133223,0.2831065954882039,0.0338584428907771,0.0316985501324222,-0.3000134210173131,0.0253803988343985
0.0050532163051524,0.0574321682696066,0.0374297756745486,-0.0237312081215719,0.0735016822568122,0.0328997397716925,0.0094760014133223,0.2831065954882039,0.0338584428907771,0.0316985501324222,-0.3000134210173131,0.0253803988343985,-0.0377793820926001,-0.0633484162895927,0.0425283566583305
-0.0237312081215719,0.0735016822568122,0.0328997397716925,0.0094760014133223,0.2831065954882039,0.0338584428907771,0.0316985501324222,-0.3000134210173131,0.0253803988343985,-0.0377793820926001,-0.0633484162895927,0.0425283566583305,0.0266031375832027,0.1522967329894375,0.0404139183794573
0.0094760014133223,0.2831065954882039,0.0338584428907771,0.0316985501324222,-0.3000134210173131,0.0253803988343985,-0.0377793820926001,-0.0633484162895927,0.0425283566583305,0.0266031375832027,0.1522967329894375,0.0404139183794573,0.0220771260523602,-0.2095857315426703,0.037267462153354
0.0316985501324222,-0.3000134210173131,0.0253803988343985,-0.0377793820926001,-0.0633484162895927,0.0425283566583305,0.0266031375832027,0.1522967329894375,0.0404139183794573,0.0220771260523602,-0.2095857315426703,0.037267462153354,-0.0210075884964511,-0.1308940531307592,0.0302393839834541
