feature_0,feature_1,feature_2,feature_3,feature_4,feature_5,feature_6,feature_7,feature_8,feature_9,feature_10,feature_11,feature_12,feature_13,feature_14
0.0247772923428677,0.2108961263711242,0.0284940104708683,-0.0134676642158505,-0.178571044798573,0.0281872278924434,0.0110716894828455,-0.2385699148385071,0.0156535516930965,-0.0098873054186338,-0.0826031680582758,0.020523478056273,0.0147106205038747,0.4599610472302333,0.0280181335946235
-0.0134676642158505,-0.178571044798573,0.0281872278924434,0.0110716894828455,-0.2385699148385071,0.0156535516930965,-0.0098873054186338,-0.0826031680582758,0.020523478056273,0.0147106205038747,0.4599610472302333,0.0280181335946235,-0.0074073579799331,0.3817134647699431,0.0288615377890299
0.0110716894828455,-0.2385699148385071,0.0156535516930965,-0.0098873054186338,-0.0826031680582758,0.020523478056273,0.0147106205038747,0.4599610472302333,0.0280181335946235,-0.0074073579799331,0.3817134647699431,0.0288615377890299,-0.0055437711318256,-0.3076673134231366,0.0137045893768727
-0.0098873054186338,-0.0826031680582758,0.020523478056273,0.0147106205038747,0.4599610472302333,0.0280181335946235,-0.0074073579799331,0.3817134647699431,0.0288615377890299,-0.0055437711318256,-0.3076673134231366,0.0137045893768727,-0.0189751011771271,-0.1550901094185797,0.0293303992322473
0.0147106205038747,0.4599610472302333,0.0280181335946235,-0.0074073579799331,0.3817134647699431,0.0288615377890299,-0.0055437711318256,-0.3076673134231366,0.0137045893768727,-0.0189751011771271,-0.1550901094185797,0.0293303992322473,0.0089608102157641,0.0692905887954293,0.0128877275736126
-0.0074073579799331,0.3817134647699431,0.0288615377890299,-0.0055437711318256,-0.3076673134231366,0.0137045893768727,-0.0189751011771271,-0.1550901094185797,0.0293303992322473,0.0089608102157641,0.0692905887954293,0.0128877275736126,0.0080146258655811,0.1559902635953456,0.0128093820016691
-0.0055437711318256,-0.3076673134231366,0.0137045893768727,-0.0189751011771271,-0.1550901094185797,0.0293303992322473,0.0089608102157641,0.0692905887954293,0.0128877275736126,0.0080146258655811,0.1559902635953456,0.0128093820016691,0.0030085343987307,0.0398787972164444,0.0092652511654718
-0.0189751011771271,-0.1550901094185797,0.0293303992322473,0.0089608102157641,0.0692905887954293,0.0128877275736126,0.0080146258655811,0.1559902635953456,0.0128093820016691,0.0030085343987307,0.0398787972164444,0.0092652511654718,-0.012212138823319,0.5136433227973134,0.0215827709073401
