feature_0,feature_1,feature_2,feature_3,feature_4,feature_5,feature_6,feature_7,feature_8,feature_9,feature_10,feature_11,feature_12,feature_13,feature_14
-0.0869356403930414,0.0572881260969475,0.1017099954854205,0.0169209396645071,-0.0321310102984724,0.0835527826468589,0.0112941081434421,-0.2858761719123787,0.0329228589008435,-0.0573742894513694,0.1295782236557279,0.0465432516476362,0.0191734377417398,0.0640559134870302,0.0550391031304635
0.0169209396645071,-0.0321310102984724,0.0835527826468589,0.0112941081434421,-0.2858761719123787,0.0329228589008435,-0.0573742894513694,0.1295782236557279,0.0465432516476362,0.0191734377417398,0.0640559134870302,0.0550391031304635,-0.0506700251998319,0.0723672332998297,0.0605916882715892
0.0112941081434421,-0.2858761719123787,0.0329228589008435,-0.0573742894513694,0.1295782236557279,0.0465432516476362,0.0191734377417398,0.0640559134870302,0.0550391031304635,-0.0506700251998319,0.0723672332998297,0.0605916882715892,0.016638645189327,-0.0317110492748181,0.0712990499193406
-0.0573742894513694,0.1295782236557279,0.0465432516476362,0.0191734377417398,0.0640559134870302,0.0550391031304635,-0.0506700251998319,0.0723672332998297,0.0605916882715892,0.016638645189327,-0.0317110492748181,0.0712990499193406,0.0642758424254668,-0.0873800990064692,0.0343728293517037
0.0191734377417398,0.0640559134870302,0.0550391031304635,-0.0506700251998319,0.0723672332998297,0.0605916882715892,0.016638645189327,-0.0317110492748181,0.0712990499193406,0.0642758424254668,-0.0873800990064692,0.0343728293517037,-0.0013823745953681,-0.0766522313054353,0.0348888407484089
-0.0506700251998319,0.0723672332998297,0.0605916882715892,0.016638645189327,-0.0317110492748181,0.0712990499193406,0.0642758424254668,-0.0873800990064692,0.0343728293517037,-0.0013823745953681,-0.0766522313054353,0.0348888407484089,0.052690744431658,-0.071696410865553,0.0315700015181299
0.016638645189327,-0.0317110492748181,0.0712990499193406,0.0642758424254668,-0.0873800990064692,0.0343728293517037,-0.0013823745953681,-0.0766522313054353,0.0348888407484089,0.052690744431658,-0.071696410865553,0.0315700015181299,-0.0175885544658014,-0.0795839960229616,0.0411759778074659
0.0642758424254668,-0.0873800990064692,0.0343728293517037,-0.0013823745953681,-0.0766522313054353,0.0348888407484089,0.052690744431658,-0.071696410865553,0.0315700015181299,-0.0175885544658014,-0.0795839960229616,0.0411759778074659,-0.0343009998828113,0.1729359710216964,0.0391129360199938
