feature_0,feature_1,feature_2,feature_3,feature_4,feature_5,feature_6,feature_7,feature_8
-0.0066679079513294,-0.190202125901856,0.0276008544155911,-0.0212888496997554,0.1660488999217872,0.0327514829176904,0.0164609087337208,-0.294808982210557,0.020548005540344
-0.0212888496997554,0.1660488999217872,0.0327514829176904,0.0164609087337208,-0.294808982210557,0.020548005540344,0.005976506259391,-0.0296513791820024,0.0219220772859605
0.0164609087337208,-0.294808982210557,0.020548005540344,0.005976506259391,-0.0296513791820024,0.0219220772859605,0.0398619778496074,-0.0067763382202522,0.0494992989244493
0.005976506259391,-0.0296513791820024,0.0219220772859605,0.0398619778496074,-0.0067763382202522,0.0494992989244493,-0.0053445836675412,-0.0416648787813773,0.0284545056029651
0.0398619778496074,-0.0067763382202522,0.0494992989244493,-0.0053445836675412,-0.0416648787813773,0.0284545056029651,-0.0307578249002397,0.2267395003134233,0.0401459872734492
-0.0053445836675412,-0.0416648787813773,0.0284545056029651,-0.0307578249002397,0.2267395003134233,0.0401459872734492,-0.0198814927972522,-0.2443244032411125,0.0226155665759591
-0.0307578249002397,0.2267395003134233,0.0401459872734492,-0.0198814927972522,-0.2443244032411125,0.0226155665759591,-0.005851360140082,-0.1042310664605873,0.0254187372517703
-0.0198814927972522,-0.2443244032411125,0.0226155665759591,-0.005851360140082,-0.1042310664605873,0.0254187372517703,0.0180497968787889,-0.0438908659549228,0.0166372767974642
