feature_0,feature_1,feature_2,feature_3,feature_4,feature_5,feature_6,feature_7,feature_8
-0.0072981927735887,-0.2537115162839584,0.0242655352202115,-0.027877983051759,0.1984038495393463,0.0306315230312788,0.0053241131094006,-0.2302745405281885,0.0174885952702963
-0.027877983051759,0.1984038495393463,0.0306315230312788,0.0053241131094006,-0.2302745405281885,0.0174885952702963,-0.0013239792620047,-0.1539717545273337,0.015194355809271
0.0053241131094006,-0.2302745405281885,0.0174885952702963,-0.0013239792620047,-0.1539717545273337,0.015194355809271,-0.00445926650537,-0.0369701982605208,0.0166493315908593
-0.0013239792620047,-0.1539717545273337,0.015194355809271,-0.00445926650537,-0.0369701982605208,0.0166493315908593,0.0029861809469131,0.6297954297017334,0.0213265555245536
-0.00445926650537,-0.0369701982605208,0.0166493315908593,0.0029861809469131,0.6297954297017334,0.0213265555245536,-0.0017099297788755,-0.1443149153625039,0.0159573311694224
0.0029861809469131,0.6297954297017334,0.0213265555245536,-0.0017099297788755,-0.1443149153625039,0.0159573311694224,-0.0006246802188286,-0.2775507157120729,0.0195805776454602
-0.0017099297788755,-0.1443149153625039,0.0159573311694224,-0.0006246802188286,-0.2775507157120729,0.0195805776454602,0.0167560541954376,0.3185399498850456,0.0255684565871336
-0.0006246802188286,-0.2775507157120729,0.0195805776454602,0.0167560541954376,0.3185399498850456,0.0255684565871336,0.020525484553173,0.1315387328082755,0.0256899965854925
