feature_0,feature_1,feature_2,feature_3,feature_4,feature_5,feature_6,feature_7,feature_8
-0.0152275877304018,-0.1345931537866266,0.0329687369425559,-0.0397897384879513,0.486548248567612,0.0458630379266063,0.00511485164648,-0.416186430608365,0.0210628300937575
-0.0397897384879513,0.486548248567612,0.0458630379266063,0.00511485164648,-0.416186430608365,0.0210628300937575,-0.0198386093789331,0.2699010354389803,0.0225958350171086
0.00511485164648,-0.416186430608365,0.0210628300937575,-0.0198386093789331,0.2699010354389803,0.0225958350171086,-0.01727912853719,1.053319576889174,0.0304903646628826
-0.0198386093789331,0.2699010354389803,0.0225958350171086,-0.01727912853719,1.053319576889174,0.0304903646628826,-0.0415221376732407,-0.0786147414226268,0.0385220711681405
-0.01727912853719,1.053319576889174,0.0304903646628826,-0.0415221376732407,-0.0786147414226268,0.0385220711681405,-0.0132633381119854,-0.0394023465627515,0.0292470105051334
-0.0415221376732407,-0.0786147414226268,0.0385220711681405,-0.0132633381119854,-0.0394023465627515,0.0292470105051334,-0.005411528639085,-0.11514082566279,0.0310657968319648
-0.0132633381119854,-0.0394023465627515,0.0292470105051334,-0.005411528639085,-0.11514082566279,0.0310657968319648,-0.011891159529355,0.0257817366388439,0.0235026730271382
-0.005411528639085,-0.11514082566279,0.0310657968319648,-0.011891159529355,0.0257817366388439,0.0235026730271382,0.0321950139987807,-0.2736110858093624,0.0244309584052171
