feature_0,feature_1,feature_2,feature_3,feature_4,feature_5,feature_6,feature_7,feature_8
-0.0243284875609025,-0.370738050189593,0.0371748901685408,-0.0280830011936518,0.6298225642802346,0.0406461051375461,0.0259732189440549,-0.4578610526955109,0.0346386649837466
-0.0280830011936518,0.6298225642802346,0.0406461051375461,0.0259732189440549,-0.4578610526955109,0.0346386649837466,-0.0657340813327042,0.7254166083181628,0.0496227085192105
0.0259732189440549,-0.4578610526955109,0.0346386649837466,-0.0657340813327042,0.7254166083181628,0.0496227085192105,0.0279581279421285,0.0264016491900138,0.0537373449665929
-0.0657340813327042,0.7254166083181628,0.0496227085192105,0.0279581279421285,0.0264016491900138,0.0537373449665929,-0.0410544869514118,0.6989760012651722,0.0389645851620752
0.0279581279421285,0.0264016491900138,0.0537373449665929,-0.0410544869514118,0.6989760012651722,0.0389645851620752,-0.0309832096875752,0.2659440289303316,0.058678300727136
-0.0410544869514118,0.6989760012651722,0.0389645851620752,-0.0309832096875752,0.2659440289303316,0.058678300727136,0.0465390972154586,-0.4347872442114396,0.0497896799821115
-0.0309832096875752,0.2659440289303316,0.058678300727136,0.0465390972154586,-0.4347872442114396,0.0497896799821115,-0.0214063628425389,-0.0771567396691795,0.0322381260595435
0.0465390972154586,-0.4347872442114396,0.0497896799821115,-0.0214063628425389,-0.0771567396691795,0.0322381260595435,0.0109035004534137,-0.3423881249251111,0.0202867182914778
