feature_0,feature_1,feature_2,feature_3,feature_4,feature_5,feature_6,feature_7,feature_8
-0.0012535682091345,-0.0792571997391274,0.0247282941333645,-0.0155180353699568,0.2754249925439904,0.0300474726831204,0.0093880107794821,-0.2541213609259909,0.0243874192476913
-0.0155180353699568,0.2754249925439904,0.0300474726831204,0.0093880107794821,-0.2541213609259909,0.0243874192476913,0.0273854889943636,0.2876400971862998,0.0467611482090117
0.0093880107794821,-0.2541213609259909,0.0243874192476913,0.0273854889943636,0.2876400971862998,0.0467611482090117,0.0407935354917563,0.2113336173838942,0.0587443273954214
0.0273854889943636,0.2876400971862998,0.0467611482090117,0.0407935354917563,0.2113336173838942,0.0587443273954214,0.0172885971581375,-0.1066529320134667,0.0380299255975604
0.0407935354917563,0.2113336173838942,0.0587443273954214,0.0172885971581375,-0.1066529320134667,0.0380299255975604,-0.0222199117894299,-0.3564136456956436,0.0352019738687607
0.0172885971581375,-0.1066529320134667,0.0380299255975604,-0.0222199117894299,-0.3564136456956436,0.0352019738687607,-0.007610862815114,-0.062052088795665,0.0154312653560225
-0.0222199117894299,-0.3564136456956436,0.0352019738687607,-0.007610862815114,-0.062052088795665,0.0154312653560225,-0.012292682570554,0.101565411852404,0.032363515858444
-0.007610862815114,-0.062052088795665,0.0154312653560225,-0.012292682570554,0.101565411852404,0.032363515858444,-0.0014317666836238,-0.3019370664862121,0.0196850566920628
