feature_0,feature_1,feature_2,feature_3,feature_4,feature_5,feature_6,feature_7,feature_8,feature_9,feature_10,feature_11,feature_12,feature_13,feature_14
-0.0015532074613879,0.1724579663730985,0.0168802442026349,-0.0090230102270586,-0.2325867249385413,0.015389499878095,-0.0131868069806775,-0.2950702972059085,0.0140172202170452,-0.00254535792882,0.4264074728603888,0.0137248741213822,-0.0076554988877186,0.0624778761061945,0.0151417300094015
-0.0090230102270586,-0.2325867249385413,0.015389499878095,-0.0131868069806775,-0.2950702972059085,0.0140172202170452,-0.00254535792882,0.4264074728603888,0.0137248741213822,-0.0076554988877186,0.0624778761061945,0.0151417300094015,-0.0160720156603921,0.0712976844910877,0.0323740933155039
-0.0131868069806775,-0.2950702972059085,0.0140172202170452,-0.00254535792882,0.4264074728603888,0.0137248741213822,-0.0076554988877186,0.0624778761061945,0.0151417300094015,-0.0160720156603921,0.0712976844910877,0.0323740933155039,-0.0049003884214852,0.0542683874980562,0.022675009107386
-0.00254535792882,0.4264074728603888,0.0137248741213822,-0.0076554988877186,0.0624778761061945,0.0151417300094015,-0.0160720156603921,0.0712976844910877,0.0323740933155039,-0.0049003884214852,0.0542683874980562,0.022675009107386,0.0078792453399145,1.2554572271386433,0.0168261378379402
-0.0076554988877186,0.0624778761061945,0.0151417300094015,-0.0160720156603921,0.0712976844910877,0.0323740933155039,-0.0049003884214852,0.0542683874980562,0.022675009107386,0.0078792453399145,1.2554572271386433,0.0168261378379402,0.0104234062334744,-0.6084880983520795,0.0110785319866834
-0.0160720156603921,0.0712976844910877,0.0323740933155039,-0.0049003884214852,0.0542683874980562,0.022675009107386,0.0078792453399145,1.2554572271386433,0.0168261378379402,0.0104234062334744,-0.6084880983520795,0.0110785319866834,0.0090264100978239,-0.2821112410222148,0.0090234860812419
