feature_0,feature_1,feature_2,feature_3,feature_4,feature_5,feature_6,feature_7,feature_8,feature_9,feature_10,feature_11,feature_12,feature_13,feature_14
0.0102678382637804,0.4249233912155261,0.0089191947210743,0.0060928678026572,0.0996415770609318,0.0098775083818417,-0.0068950052794791,-0.0808344198174706,0.0160461488393157,0.0145241656745325,-0.0092198581560283,0.0195229439644388,-0.0075615784490044,-0.0307802433786685,0.01551663470953
0.0060928678026572,0.0996415770609318,0.0098775083818417,-0.0068950052794791,-0.0808344198174706,0.0160461488393157,0.0145241656745325,-0.0092198581560283,0.0195229439644388,-0.0075615784490044,-0.0307802433786685,0.01551663470953,-0.0015998280988304,-0.0236336779911373,0.0064579943531829
-0.0068950052794791,-0.0808344198174706,0.0160461488393157,0.0145241656745325,-0.0092198581560283,0.0195229439644388,-0.0075615784490044,-0.0307802433786685,0.01551663470953,-0.0015998280988304,-0.0236336779911373,0.0064579943531829,0.0004557026392997,-0.1747352496217852,0.0085323337942527
0.0145241656745325,-0.0092198581560283,0.0195229439644388,-0.0075615784490044,-0.0307802433786685,0.01551663470953,-0.0015998280988304,-0.0236336779911373,0.0064579943531829,0.0004557026392997,-0.1747352496217852,0.0085323337942527,-0.0125114842275375,0.2951420714940422,0.0211639451692463
-0.0075615784490044,-0.0307802433786685,0.01551663470953,-0.0015998280988304,-0.0236336779911373,0.0064579943531829,0.0004557026392997,-0.1747352496217852,0.0085323337942527,-0.0125114842275375,0.2951420714940422,0.0211639451692463,0.0060116914410706,-0.254069355980184,0.0131987574756629
-0.0015998280988304,-0.0236336779911373,0.0064579943531829,0.0004557026392997,-0.1747352496217852,0.0085323337942527,-0.0125114842275375,0.2951420714940422,0.0211639451692463,0.0060116914410706,-0.254069355980184,0.0131987574756629,0.0009696880720475,0.0066413662239088,0.0104070730151063
0.0004557026392997,-0.1747352496217852,0.0085323337942527,-0.0125114842275375,0.2951420714940422,0.0211639451692463,0.0060116914410706,-0.254069355980184,0.0131987574756629,0.0009696880720475,0.0066413662239088,0.0104070730151063,0.0060939132551918,0.2525918944392082,0.0151130965264649
-0.0125114842275375,0.2951420714940422,0.0211639451692463,0.0060116914410706,-0.254069355980184,0.0131987574756629,0.0009696880720475,0.0066413662239088,0.0104070730151063,0.0060939132551918,0.2525918944392082,0.0151130965264649,0.0087141274902518,-0.0902934537246049,0.0151585353722494
