feature_0,feature_1,feature_2,feature_3,feature_4,feature_5,feature_6,feature_7,feature_8,feature_9,feature_10,feature_11,feature_12,feature_13,feature_14
-0.0266371936336166,0.4136202874557906,0.0156908445437818,-0.013871846789659,-0.2921067200408823,0.0237340369745958,-0.0030621666859474,-0.2139650479012197,0.0185311309572585,0.0106546614640588,0.3307758171216461,0.0229132299074315,0.001139723853953,-0.0726327064642282,0.0116434551910319
-0.013871846789659,-0.2921067200408823,0.0237340369745958,-0.0030621666859474,-0.2139650479012197,0.0185311309572585,0.0106546614640588,0.3307758171216461,0.0229132299074315,0.001139723853953,-0.0726327064642282,0.0116434551910319,0.0053125109086464,-0.0874919089460893,0.0184336233183453
-0.0030621666859474,-0.2139650479012197,0.0185311309572585,0.0106546614640588,0.3307758171216461,0.0229132299074315,0.001139723853953,-0.0726327064642282,0.0116434551910319,0.0053125109086464,-0.0874919089460893,0.0184336233183453,-0.0200057003922997,0.9820964371272748,0.0274461306242906
0.0106546614640588,0.3307758171216461,0.0229132299074315,0.001139723853953,-0.0726327064642282,0.0116434551910319,0.0053125109086464,-0.0874919089460893,0.0184336233183453,-0.0200057003922997,0.9820964371272748,0.0274461306242906,-0.0013481154839585,0.1432257345582579,0.0362467243521166
0.001139723853953,-0.0726327064642282,0.0116434551910319,0.0053125109086464,-0.0874919089460893,0.0184336233183453,-0.0200057003922997,0.9820964371272748,0.0274461306242906,-0.0013481154839585,0.1432257345582579,0.0362467243521166,0.037411976645963,-0.0610786614580599,0.0466486554794915
0.0053125109086464,-0.0874919089460893,0.0184336233183453,-0.0200057003922997,0.9820964371272748,0.0274461306242906,-0.0013481154839585,0.1432257345582579,0.0362467243521166,0.037411976645963,-0.0610786614580599,0.0466486554794915,-0.002323630284002,-0.2784911717495987,0.0215053974211207
-0.0200057003922997,0.9820964371272748,0.0274461306242906,-0.0013481154839585,0.1432257345582579,0.0362467243521166,0.037411976645963,-0.0610786614580599,0.0466486554794915,-0.002323630284002,-0.2784911717495987,0.0215053974211207,-0.0013042121653671,-0.261708697889861,0.0109529879450281
-0.0013481154839585,0.1432257345582579,0.0362467243521166,0.037411976645963,-0.0610786614580599,0.0466486554794915,-0.002323630284002,-0.2784911717495987,0.0215053974211207,-0.0013042121653671,-0.261708697889861,0.0109529879450281,-0.0175373233855316,0.1617400690360808,0.0336515079990206
