feature_0,feature_1,feature_2,feature_3,feature_4,feature_5,feature_6,feature_7,feature_8,feature_9,feature_10,feature_11,feature_12,feature_13,feature_14
0.0079289072698496,-0.6346454577943288,0.0174342135161874,0.0112281638774385,-0.1426996043736955,0.0197799037915947,-0.0012730508109578,-0.3344452438572394,0.0078348016476882,-0.0029033095663613,0.1559384588506349,0.0113701114096769,-0.0019173499914921,0.1186733672139199,0.0167891760451742
0.0112281638774385,-0.1426996043736955,0.0197799037915947,-0.0012730508109578,-0.3344452438572394,0.0078348016476882,-0.0029033095663613,0.1559384588506349,0.0113701114096769,-0.0019173499914921,0.1186733672139199,0.0167891760451742,0.0013517706610572,-0.3609879670677643,0.0075693578134993
-0.0012730508109578,-0.3344452438572394,0.0078348016476882,-0.0029033095663613,0.1559384588506349,0.0113701114096769,-0.0019173499914921,0.1186733672139199,0.0167891760451742,0.0013517706610572,-0.3609879670677643,0.0075693578134993,-0.0217437624222861,0.4045986124876115,0.0169294612249603
-0.0029033095663613,0.1559384588506349,0.0113701114096769,-0.0019173499914921,0.1186733672139199,0.0167891760451742,0.0013517706610572,-0.3609879670677643,0.0075693578134993,-0.0217437624222861,0.4045986124876115,0.0169294612249603,-0.0177234204861632,0.3562605251521737,0.0284328176014458
-0.0019173499914921,0.1186733672139199,0.0167891760451742,0.0013517706610572,-0.3609879670677643,0.0075693578134993,-0.0217437624222861,0.4045986124876115,0.0169294612249603,-0.0177234204861632,0.3562605251521737,0.0284328176014458,0.0134585428243385,-0.3728470252009905,0.0165855811533375
0.0013517706610572,-0.3609879670677643,0.0075693578134993,-0.0217437624222861,0.4045986124876115,0.0169294612249603,-0.0177234204861632,0.3562605251521737,0.0284328176014458,0.0134585428243385,-0.3728470252009905,0.0165855811533375,0.0086830644635065,0.0929864728849365,0.0195327573600574
-0.0217437624222861,0.4045986124876115,0.0169294612249603,-0.0177234204861632,0.3562605251521737,0.0284328176014458,0.0134585428243385,-0.3728470252009905,0.0165855811533375,0.0086830644635065,0.0929864728849365,0.0195327573600574,0.0214118763554653,1.066000121435366,0.0180358819364347
-0.0177234204861632,0.3562605251521737,0.0284328176014458,0.0134585428243385,-0.3728470252009905,0.0165855811533375,0.0086830644635065,0.0929864728849365,0.0195327573600574,0.0214118763554653,1.066000121435366,0.0180358819364347,-0.0161473573337025,-0.3087020836802868,0.0287510741667793
