feature_0,feature_1,feature_2,feature_3,feature_4,feature_5,feature_6,feature_7,feature_8,feature_9,feature_10,feature_11,feature_12,feature_13,feature_14
0.0128384181851042,0.0817223198594023,0.0164810572098817,-0.0003221811961168,-0.0146222583265637,0.0111218958266777,-0.0066624631438521,-0.1840478153338829,0.0121250956358658,0.0012980405132536,0.1242738065167972,0.0085897673702486,-0.0087509856884129,-0.0972815097730847,0.0199102901423318
-0.0003221811961168,-0.0146222583265637,0.0111218958266777,-0.0066624631438521,-0.1840478153338829,0.0121250956358658,0.0012980405132536,0.1242738065167972,0.0085897673702486,-0.0087509856884129,-0.0972815097730847,0.0199102901423318,-0.0041414735977434,-0.1316575410652065,0.0123456250233372
-0.0066624631438521,-0.1840478153338829,0.0121250956358658,0.0012980405132536,0.1242738065167972,0.0085897673702486,-0.0087509856884129,-0.0972815097730847,0.0199102901423318,-0.0041414735977434,-0.1316575410652065,0.0123456250233372,0.0004376899425342,0.4568644310690741,0.0108910654252045
0.0012980405132536,0.1242738065167972,0.0085897673702486,-0.0087509856884129,-0.0972815097730847,0.0199102901423318,-0.0041414735977434,-0.1316575410652065,0.0123456250233372,0.0004376899425342,0.4568644310690741,0.0108910654252045,-0.0213325649932586,0.5756443045445603,0.0272645122882158
-0.0087509856884129,-0.0972815097730847,0.0199102901423318,-0.0041414735977434,-0.1316575410652065,0.0123456250233372,0.0004376899425342,0.4568644310690741,0.0108910654252045,-0.0213325649932586,0.5756443045445603,0.0272645122882158,0.0290634755381145,-0.1223623423648395,0.0288268361011696
-0.0041414735977434,-0.1316575410652065,0.0123456250233372,0.0004376899425342,0.4568644310690741,0.0108910654252045,-0.0213325649932586,0.5756443045445603,0.0272645122882158,0.0290634755381145,-0.1223623423648395,0.0288268361011696,0.0130349170478618,0.6917057902973396,0.0179737891245395
0.0004376899425342,0.4568644310690741,0.0108910654252045,-0.0213325649932586,0.5756443045445603,0.0272645122882158,0.0290634755381145,-0.1223623423648395,0.0288268361011696,0.0130349170478618,0.6917057902973396,0.0179737891245395,0.0113659474643337,0.1667647800857792,0.014444666031945
-0.0213325649932586,0.5756443045445603,0.0272645122882158,0.0290634755381145,-0.1223623423648395,0.0288268361011696,0.0130349170478618,0.6917057902973396,0.0179737891245395,0.0113659474643337,0.1667647800857792,0.014444666031945,-0.1453561356231191,1.8956321176300992,0.135751143208177
