feature_0,feature_1,feature_2,feature_3,feature_4,feature_5,feature_6,feature_7,feature_8,feature_9,feature_10,feature_11,feature_12,feature_13,feature_14
0.0174701618773134,0.170786568963918,0.016829608358365,-0.0057235640268511,-0.1765731149359266,0.0140931562179332,0.0394367279867982,1.162120556116804,0.0450704254305422,-0.0162602055482684,-0.3549083303666785,0.0229954697598201,0.0268296154809704,1.1988238540337322,0.0541865892581225
-0.0057235640268511,-0.1765731149359266,0.0140931562179332,0.0394367279867982,1.162120556116804,0.0450704254305422,-0.0162602055482684,-0.3549083303666785,0.0229954697598201,0.0268296154809704,1.1988238540337322,0.0541865892581225,0.0461915084061921,0.1342656136030304,0.020343231719345
0.0394367279867982,1.162120556116804,0.0450704254305422,-0.0162602055482684,-0.3549083303666785,0.0229954697598201,0.0268296154809704,1.1988238540337322,0.0541865892581225,0.0461915084061921,0.1342656136030304,0.020343231719345,0.0,-0.4336952012169824,0.0175556266293935
-0.0162602055482684,-0.3549083303666785,0.0229954697598201,0.0268296154809704,1.1988238540337322,0.0541865892581225,0.0461915084061921,0.1342656136030304,0.020343231719345,0.0,-0.4336952012169824,0.0175556266293935,0.0031218250652833,0.0961916506917055,0.0176981142038926
0.0268296154809704,1.1988238540337322,0.0541865892581225,0.0461915084061921,0.1342656136030304,0.020343231719345,0.0,-0.4336952012169824,0.0175556266293935,0.0031218250652833,0.0961916506917055,0.0176981142038926,0.0156718954034005,-0.2886930951134477,0.0182547538501098
0.0461915084061921,0.1342656136030304,0.020343231719345,0.0,-0.4336952012169824,0.0175556266293935,0.0031218250652833,0.0961916506917055,0.0176981142038926,0.0156718954034005,-0.2886930951134477,0.0182547538501098,-0.0047056743548107,0.1401995020279052,0.0131245446723061
0.0,-0.4336952012169824,0.0175556266293935,0.0031218250652833,0.0961916506917055,0.0176981142038926,0.0156718954034005,-0.2886930951134477,0.0182547538501098,-0.0047056743548107,0.1401995020279052,0.0131245446723061,-0.0029686079323304,-0.244314124045487,0.0097141507714624
0.0031218250652833,0.0961916506917055,0.0176981142038926,0.0156718954034005,-0.2886930951134477,0.0182547538501098,-0.0047056743548107,0.1401995020279052,0.0131245446723061,-0.0029686079323304,-0.244314124045487,0.0097141507714624,-0.0049625911221152,-0.0667539029133271,0.0175556266293935
