feature_0,feature_1,feature_2,feature_3,feature_4,feature_5,feature_6,feature_7,feature_8,feature_9,feature_10,feature_11,feature_12,feature_13,feature_14
-0.0118740455513444,-0.282953240208974,0.0177312704745916,-0.0044320764599036,-0.2067511093599623,0.019564292105763,-0.0100510425392017,0.2945281328882012,0.0206641117109939,-0.0121927080286767,0.0363125153320207,0.0187056241369553,-0.000844854324867,0.0753729803221772,0.0182746531042696
-0.0044320764599036,-0.2067511093599623,0.019564292105763,-0.0100510425392017,0.2945281328882012,0.0206641117109939,-0.0121927080286767,0.0363125153320207,0.0187056241369553,-0.000844854324867,0.0753729803221772,0.0182746531042696,-0.0004698084011305,-0.1109825480324204,0.0152341671149824
-0.0100510425392017,0.2945281328882012,0.0206641117109939,-0.0121927080286767,0.0363125153320207,0.0187056241369553,-0.000844854324867,0.0753729803221772,0.0182746531042696,-0.0004698084011305,-0.1109825480324204,0.0152341671149824,-0.0246251653819874,0.2188636839799631,0.0199391180739847
-0.0121927080286767,0.0363125153320207,0.0187056241369553,-0.000844854324867,0.0753729803221772,0.0182746531042696,-0.0004698084011305,-0.1109825480324204,0.0152341671149824,-0.0246251653819874,0.2188636839799631,0.0199391180739847,0.0089134508443557,1.18732485337167,0.0250382784626665
-0.000844854324867,0.0753729803221772,0.0182746531042696,-0.0004698084011305,-0.1109825480324204,0.0152341671149824,-0.0246251653819874,0.2188636839799631,0.0199391180739847,0.0089134508443557,1.18732485337167,0.0250382784626665,0.1392550756237909,0.695449447165817,0.0207796514768131
-0.0004698084011305,-0.1109825480324204,0.0152341671149824,-0.0246251653819874,0.2188636839799631,0.0199391180739847,0.0089134508443557,1.18732485337167,0.0250382784626665,0.1392550756237909,0.695449447165817,0.0207796514768131,0.0073776443552953,-0.4444389822533411,0.0198515065780754
-0.0246251653819874,0.2188636839799631,0.0199391180739847,0.0089134508443557,1.18732485337167,0.0250382784626665,0.1392550756237909,0.695449447165817,0.0207796514768131,0.0073776443552953,-0.4444389822533411,0.0198515065780754,0.0119007520669529,-0.2631870354452141,0.0318869706167974
0.0089134508443557,1.18732485337167,0.0250382784626665,0.1392550756237909,0.695449447165817,0.0207796514768131,0.0073776443552953,-0.4444389822533411,0.0198515065780754,0.0119007520669529,-0.2631870354452141,0.0318869706167974,-0.0162019532494845,-0.1644872511915014,0.0248127224548345
