feature_0,feature_1,feature_2,feature_3,feature_4,feature_5,feature_6,feature_7,feature_8,feature_9,feature_10,feature_11,feature_12,feature_13,feature_14
0.004999577814658,0.0121621621621621,0.0098908353766117,0.0056336346175065,0.5829995549621718,0.0091743043718895,-0.010608379771787,-0.3893730671914535,0.0144585562342675,0.0077103236235931,0.1788674033149171,0.0233167049746571,-0.0089066234830376,0.0277289591876586,0.0122261485143229
0.0056336346175065,0.5829995549621718,0.0091743043718895,-0.010608379771787,-0.3893730671914535,0.0144585562342675,0.0077103236235931,0.1788674033149171,0.0233167049746571,-0.0089066234830376,0.0277289591876586,0.0122261485143229,0.014897439916145,-0.0229906897206916,0.0157366510345577
-0.010608379771787,-0.3893730671914535,0.0144585562342675,0.0077103236235931,0.1788674033149171,0.0233167049746571,-0.0089066234830376,0.0277289591876586,0.0122261485143229,0.014897439916145,-0.0229906897206916,0.0157366510345577,-0.0062400071302933,0.1610268378063011,0.0109467543868102
0.0077103236235931,0.1788674033149171,0.0233167049746571,-0.0089066234830376,0.0277289591876586,0.0122261485143229,0.014897439916145,-0.0229906897206916,0.0157366510345577,-0.0062400071302933,0.1610268378063011,0.0109467543868102,-0.0188372933931096,-0.0313232830820771,0.0229399888175022
-0.0089066234830376,0.0277289591876586,0.0122261485143229,0.014897439916145,-0.0229906897206916,0.0157366510345577,-0.0062400071302933,0.1610268378063011,0.0109467543868102,-0.0188372933931096,-0.0313232830820771,0.0229399888175022,0.0298650327738374,0.3674563375410686,0.0269188939959155
0.014897439916145,-0.0229906897206916,0.0157366510345577,-0.0062400071302933,0.1610268378063011,0.0109467543868102,-0.0188372933931096,-0.0313232830820771,0.0229399888175022,0.0298650327738374,0.3674563375410686,0.0269188939959155,0.0039653733117932,-0.0795397066262013,0.0128669641640564
-0.0062400071302933,0.1610268378063011,0.0109467543868102,-0.0188372933931096,-0.0313232830820771,0.0229399888175022,0.0298650327738374,0.3674563375410686,0.0269188939959155,0.0039653733117932,-0.0795397066262013,0.0128669641640564,-0.002534808510454,0.0177222145899162,0.0190245172473697
-0.0188372933931096,-0.0313232830820771,0.0229399888175022,0.0298650327738374,0.3674563375410686,0.0269188939959155,0.0039653733117932,-0.0795397066262013,0.0128669641640564,-0.002534808510454,0.0177222145899162,0.0190245172473697,-0.0064417587679143,-0.0711393088552916,0.0212739826048517
