feature_0,feature_1,feature_2,feature_3,feature_4,feature_5,feature_6,feature_7,feature_8
0.004603237303089,-0.3681633134698212,0.0081241440405983,-0.0013264272271406,-0.0090578018489121,0.0115290889642013,-0.0074861476559602,0.0789672069355447,0.0149908066031779
-0.0013264272271406,-0.0090578018489121,0.0115290889642013,-0.0074861476559602,0.0789672069355447,0.0149908066031779,-0.0164233397109628,-0.0717903930131004,0.018127626867101
-0.0074861476559602,0.0789672069355447,0.0149908066031779,-0.0164233397109628,-0.0717903930131004,0.018127626867101,0.0011132216324527,0.0011290929619871,0.0073082659898087
-0.0164233397109628,-0.0717903930131004,0.018127626867101,0.0011132216324527,0.0011290929619871,0.0073082659898087,-0.0035829121173709,-0.3421052631578947,0.0102091595859039
0.0011132216324527,0.0011290929619871,0.0073082659898087,-0.0035829121173709,-0.3421052631578947,0.0102091595859039,-0.0146311256398072,0.4991428571428571,0.0148502431257435
-0.0035829121173709,-0.3421052631578947,0.0102091595859039,-0.0146311256398072,0.4991428571428571,0.0148502431257435,-0.0096892445027462,0.0817610062893081,0.0233835184220236
-0.0146311256398072,0.4991428571428571,0.0148502431257435,-0.0096892445027462,0.0817610062893081,0.0233835184220236,0.0383736262969243,0.1443798449612403,0.0304441547789102
-0.0096892445027462,0.0817610062893081,0.0233835184220236,0.0383736262969243,0.1443798449612403,0.0304441547789102,0.003059226581811,-0.1128473558617504,0.0113425984714873
