feature_0,feature_1,feature_2,feature_3,feature_4,feature_5,feature_6,feature_7,feature_8
0.0093770477725565,-0.0238568588469184,0.0123981717019183,-0.0043821327975969,-0.0488798370672097,0.015758517164134,0.0100352272084207,-0.1159885795860099,0.0104588016714127
-0.0043821327975969,-0.0488798370672097,0.015758517164134,0.0100352272084207,-0.1159885795860099,0.0104588016714127,0.0089767489483958,0.0944691158659669,0.0145270299367783
0.0100352272084207,-0.1159885795860099,0.0104588016714127,0.0089767489483958,0.0944691158659669,0.0145270299367783,-0.0033687465997057,-0.4195253903848518,0.014512889314107
0.0089767489483958,0.0944691158659669,0.0145270299367783,-0.0033687465997057,-0.4195253903848518,0.014512889314107,0.0072804534294392,-0.0029654734166489,0.0108686199181125
-0.0033687465997057,-0.4195253903848518,0.014512889314107,0.0072804534294392,-0.0029654734166489,0.0108686199181125,0.000430205843332,0.3437433609517739,0.0073307988433586
0.0072804534294392,-0.0029654734166489,0.0108686199181125,0.000430205843332,0.3437433609517739,0.0073307988433586,-0.0208135756654922,0.275098814229249,0.0206466216870667
0.000430205843332,0.3437433609517739,0.0073307988433586,-0.0208135756654922,0.275098814229249,0.0206466216870667,0.0095740282990162,-0.0197148171109733,0.0206780424631191
-0.0208135756654922,0.275098814229249,0.0206466216870667,0.0095740282990162,-0.0197148171109733,0.0206780424631191,-0.0069602267463961,-0.1345813306349608,0.0152530716351861
