feature_0,feature_1,feature_2,feature_3,feature_4,feature_5,feature_6,feature_7,feature_8
-0.0001171161189614,-0.2363476218438051,0.0177872639325334,-0.0105596566551511,-0.1851211072664359,0.0220948095061541,0.0077077446094024,-0.2908704883227176,0.0152489723858462
-0.0105596566551511,-0.1851211072664359,0.0220948095061541,0.0077077446094024,-0.2908704883227176,0.0152489723858462,-0.0345963539815089,1.1321800842758925,0.0321827171027006
0.0077077446094024,-0.2908704883227176,0.0152489723858462,-0.0345963539815089,1.1321800842758925,0.0321827171027006,0.0174304019061177,-0.4552735593925525,0.0159057497436334
-0.0345963539815089,1.1321800842758925,0.0321827171027006,0.0174304019061177,-0.4552735593925525,0.0159057497436334,0.007547591552931,-0.0272102348672904,0.0103154681782329
0.0174304019061177,-0.4552735593925525,0.0159057497436334,0.007547591552931,-0.0272102348672904,0.0103154681782329,-0.0638524106224126,0.99362057120424,0.0619808111708767
0.007547591552931,-0.0272102348672904,0.0103154681782329,-0.0638524106224126,0.99362057120424,0.0619808111708767,-0.0040645462656326,-0.3155122335450204,0.0266115160979133
-0.0638524106224126,0.99362057120424,0.0619808111708767,-0.0040645462656326,-0.3155122335450204,0.0266115160979133,-0.0090550625746101,-0.4148446490218642,0.02542700334026
-0.0040645462656326,-0.3155122335450204,0.0266115160979133,-0.0090550625746101,-0.4148446490218642,0.02542700334026,0.0280568137848971,0.0050393313667649,0.0353320149057998
