feature_0,feature_1,feature_2,feature_3,feature_4,feature_5,feature_6,feature_7,feature_8
0.0211541160855839,0.042202478372691,0.0220740181058207,-0.002251637020266,0.0451486259113853,0.0138983964191039,0.0094785863377127,-0.4002146498524283,0.0246237574402251
-0.002251637020266,0.0451486259113853,0.0138983964191039,0.0094785863377127,-0.4002146498524283,0.0246237574402251,-0.0033534759589654,-0.0567236288807372,0.0096803314475687
0.0094785863377127,-0.4002146498524283,0.0246237574402251,-0.0033534759589654,-0.0567236288807372,0.0096803314475687,0.0134590383975587,0.9284833538840938,0.0223023584608938
-0.0033534759589654,-0.0567236288807372,0.0096803314475687,0.0134590383975587,0.9284833538840938,0.0223023584608938,0.0088534114893852,0.3891402714932126,0.0137808159314098
0.0134590383975587,0.9284833538840938,0.0223023584608938,0.0088534114893852,0.3891402714932126,0.0137808159314098,0.0171128445793182,-0.2204361988386913,0.0302696154968753
0.0088534114893852,0.3891402714932126,0.0137808159314098,0.0171128445793182,-0.2204361988386913,0.0302696154968753,-0.0116481181728347,-0.0845217549277863,0.0236065974001024
0.0171128445793182,-0.2204361988386913,0.0302696154968753,-0.0116481181728347,-0.0845217549277863,0.0236065974001024,0.0288083386426132,0.0029270228704667,0.0291875442614148
-0.0116481181728347,-0.0845217549277863,0.0236065974001024,0.0288083386426132,0.0029270228704667,0.0291875442614148,0.0193042301186781,0.0748911753066878,0.0198857333955154
