open_std_0,high_std_0,low_std_0,close_std_0,daily_return_std_0,log_return_std_0,volume_change_std_0,relative_volume_std_0,log_volume_0,high_low_range_std_0,excess_return_std_0,open_std_1,high_std_1,low_std_1,close_std_1,daily_return_std_1,log_return_std_1,volume_change_std_1,relative_volume_std_1,log_volume_1,high_low_range_std_1,excess_return_std_1,open_std_2,high_std_2,low_std_2,close_std_2,daily_return_std_2,log_return_std_2,volume_change_std_2,relative_volume_std_2,log_volume_2,high_low_range_std_2,excess_return_std_2
1.6363557855141313,1.5898676412049688,1.4618329312246925,0.9995696547510412,-0.984135015583704,-0.9895931758111736,1.0190346894146909,0.0,18.059320570016148,-0.0346619023861975,0.0,0.708620762939715,0.7549722520900702,0.9304868771966668,0.8460552003388715,-0.4742415292272693,-0.4726387125579239,-1.0335878424381428,0.0,17.880776419844135,-1.0846000127851998,0.0,0.885596589673241,1.161396410387713,0.9013172050603716,1.5549729903558762,0.7383696107463202,0.7444955210786436,2.0467881764509466,0.0,18.200328306353796,0.3276752588474628,0.0
1.653156733470491,2.111179870092804,1.8204080357632977,1.9672913791052984,1.5117496533320236,1.5069644327353962,0.0737533521862193,0.0,18.21930236591974,2.4485541616733117,0.0,1.8004441397955309,1.5516675799237427,1.8509035541534475,1.812169045566596,0.0915269948913352,0.0958763856064398,-1.1076006031571122,0.0,18.011736104289373,-0.8138690441871115,0.0,1.5789073392857982,1.1560279535058282,1.2248454987225028,1.3536909362461211,-1.218202457047444,-1.2219483752581897,-0.1462436999224819,0.0,18.002119773138816,0.1475600165201235,0.0
1.7347579996455975,1.3393434063915786,1.6600588603142272,1.5100783121887549,0.7213926290712568,0.7236236034594281,-0.9282725725441616,0.0,17.80643902772674,-1.252376568550485,0.0,1.3574504554403717,1.6516210166312713,1.551016638556094,1.574924994525612,0.4794364250503787,0.482089550018733,1.3972646594343552,0.0,18.071914458254852,0.5771124651077334,0.0,1.4904135167890384,1.0389901595601618,1.2426453299929854,0.7013592441458119,-1.960474646776289,-1.9727880654625465,-0.6051236587757777,-0.1811094127379559,17.974632690874326,-0.8638526225211669,0.0
0.7418599766973669,0.5707941909504766,0.8961745189519468,0.8482971798098222,0.2223148367176367,0.227097728134982,0.0501806945038549,-0.1133358888155928,18.00326198984455,-1.2478988012495569,-1.2575386290903123,0.8870083497221196,0.9928272091762068,0.4909304501528652,0.9886332434950268,0.0405327698496021,0.0459776487528879,0.7544120294585779,1.006823743271838,18.167897249979816,1.4532339630843445,-0.6921489567468598,1.7941151493608938,1.9051682898652869,1.9209136384443355,2.090243800541139,1.6825485064983428,1.6623834382913834,1.7706575340550392,2.3926658970116907,18.58906395339926,-0.5605735775656231,1.9004685866970696
1.3912965229215122,2.362735280156045,1.596735684034806,2.167212661942243,0.809855591600159,0.8088588897312717,0.9236176533777992,2.2005803293569626,18.85478060938106,2.367052703686066,2.015234671317402,2.000372788396252,1.1483645576792023,1.822122910750156,1.217121063247313,-1.4331702138228737,-1.441366294299338,-1.8796932450195512,-0.7368615936624526,18.06197947697851,-0.7192410607323765,-1.149680073154742,1.222296640100902,1.2638309289820122,1.393556786795608,1.4540766031851693,0.6032332674325259,0.6065278122861778,0.4049106723820206,-0.3265742419199328,18.238230390864523,0.2085477339425579,0.1153768722056479
1.5991678762314436,0.9421379599245432,1.2652128261853814,0.7256454250788308,-1.2652638195194683,-1.2690764122764606,-0.8825631036047371,-0.9113174269176216,17.97626846087594,-0.2910497877223982,-0.7494909438569813,1.2593510626405873,0.726493135473587,0.886597022962345,0.3641456874453854,-0.5962298672671852,-0.5911060310293239,-0.5766102761012785,-1.1124642006375265,17.840989044231957,-0.130344757239669,-0.160948511206037,0.1935869223314707,0.0412363674025318,0.5071370797757172,0.3376116676900315,-0.0663260160399362,-0.057747227318127,8.104932471530094e-05,-0.8941128451582643,17.866437764099306,-0.7970651913671238,-0.2013796733508112
0.4325569853735381,0.5483665761837757,0.7781883382562024,0.885279719534983,0.6178478692924492,0.6220721409974422,0.1324860820550389,-0.6769012501893485,17.94584949648718,-0.3044225952795776,0.1909836985051375,0.6126683889312923,0.2582687929041379,0.6240863429566518,0.5783157014363146,-0.5714984090763057,-0.566843635062873,-0.159613497934792,-0.6165684338983335,17.93791767415672,-0.5357432865071965,-0.6232436655514896,0.916025499017756,0.8487880327128533,1.7604464911554172,1.5238511512696604,0.3757470149474744,0.3828199587768013,0.1181074517682106,-0.3919236000056704,17.99868679914288,-0.5500011406403971,0.3550857218977071
0.9172933285920222,1.1200568159011517,1.6258893831255,0.4610158342332238,-0.7915037685141355,-0.7898485731903157,0.2527566054583236,-0.0090919992596562,18.037484352194543,-0.3866710310486699,-0.0727863429081472,0.1428748622477815,-0.7373103455365038,-0.1365124635351366,-0.1530960131124904,-0.4638625203978855,-0.4601525029423592,-0.325596804479984,0.866336502411805,17.895487413914086,-1.09923729896899,-0.7202795249861318,-1.106167559613775,-1.582598274427757,-1.621601756257369,-1.9514983824216008,-1.606051098675494,-1.6199811836008455,0.042116770331535,0.8832093971031092,17.89079463443502,-0.2020135364992912,-1.1966271357358995
-1.6235634781418795,-1.720383613995481,-1.7690164618109008,-1.3688752126142292,0.469429110643399,0.4742152389094561,-0.8653126030514453,0.3571975380907838,17.747557754376846,-0.105431320705134,0.6256589406879557,-0.769344552063678,-1.2153400495607487,-1.3509382462840036,-0.9806364018767142,0.3673897485092603,0.371649289931466,-0.3248171996607384,0.0582684815262138,17.694890550458997,0.5274483936085167,-0.5572006535302921,-1.8124022505726736,-1.8267309339050988,-1.5549284379208776,-1.6264338218754293,-1.1155888101713685,-1.1166943441107129,1.6005344536789423,1.248200573786088,17.831345698928207,-2.029480845175134,-1.222359300062814
-1.3048598245836371,-0.983991413614994,-0.7737394836954026,-1.0184894069116852,0.7198205168765887,0.7213326381011108,-1.582724318992082,-1.0062843220824955,17.622139736068654,-1.4087757560453926,0.699895256542084,-1.2769589224348104,-0.831045343842538,-0.8321493388216398,-0.9701844678471342,0.061725762671473,0.0670732361730633,1.2281472599091998,0.5155032220633496,17.7384141742722,-0.3633686550277327,-0.0494676932021266,-1.103289066328779,-1.1636084727878468,-1.2021527816793085,-1.3151366057256773,-0.7183883518149838,-0.7152948105722695,0.8628253119346647,1.6524354287104002,17.831515146759962,-0.266937924378502,-1.3355562856005498
-1.6006373519884096,-1.1220280991488134,-1.3319288700025622,-1.0050458379821174,0.9163146601211888,0.9145350550063136,-0.3621943821458336,0.9128520373859244,17.771322690816895,0.8077299501472079,-0.2548693764634679,-0.1003467388114,0.7843182497849193,0.1790827411479559,1.1899856255241896,2.1532538442715072,2.1331263093972153,2.0487384421699124,2.523297992295527,18.074412900647584,1.8223141342434583,2.328989830792783,2.1188958571016383,2.3105423747468743,2.4307692895106094,2.1140922490192504,0.9746830153851538,0.9763318932540692,1.0916917258562908,2.260162494346917,18.28781200029894,0.2074540655893884,1.6139698414549666
1.6409771752170903,1.2745814915597686,1.2780673973329744,1.0321415313215083,-1.0266904001722994,-1.032719132691781,-1.751396483493697,-0.0988144173243281,17.84410699666361,0.363614990709196,-0.1675377038341245,1.1172864491940877,0.9250223740928238,1.2285692990984058,1.22325590487938,0.3436624266953053,0.3513014778861481,-0.8040251712203753,-0.7454226614203683,17.670006161484746,-1.183894421770329,0.4415060779758575,1.141936668372807,1.0462918461729418,0.6087947245867974,0.4193446446078567,-0.9157716992151682,-0.919947915927476,0.4898369500841722,-0.3411789991901945,17.801408384082738,1.816201314484337,0.0313870351063641
0.1162037527927557,-0.0979224526434158,-0.2824595281149269,-0.3422928483961667,-0.9036984447116286,-0.907973828173599,0.9928676768062814,0.5757464743684895,18.043400693960344,0.6658582872104017,-0.3901033236391859,-0.5815250280801515,0.4631768616628584,-0.2620225986059863,0.2501194439220173,0.6664714361030392,0.6734945942607099,0.652790150470574,1.1177236361165397,18.251754282940663,2.0640421974531984,1.0295152618539416,0.3117009521458693,0.4221531970769533,0.4176644518390536,0.8088108031334189,0.6018924804411339,0.607927554381546,-0.8307563046426323,0.078999168856086,18.115457738245155,0.010972639215232,-0.7479990745987699
0.1646606765549709,0.2151409630154821,0.2188927451945152,0.8204346857343451,-0.16327791743372,-0.1564073565206173,-0.0479274433598341,0.0790078751039952,18.16149413837487,-0.055775680316928,0.3478014372084677,0.3193820418298496,1.5272804525229822,0.7579400259318873,1.859901359997009,0.7106551840820658,0.7136104103150551,-0.3334282811076454,-0.2475820675754304,18.148361404750453,1.083188445475241,-0.7809050817129238,1.6699298250953558,1.3779719005260085,1.6072413982303586,1.160737016572446,-0.5874055373823427,-0.5827361065121551,1.1016420205079338,1.010096840611905,18.410070665613677,-0.8949884381037223,-0.043035363839436
1.1107336442107951,1.6677372407801974,1.4470919289359443,1.7086494515669055,0.9710877801558702,0.9692952458401016,-1.1467937244876198,-0.3967702037280894,18.1147179391346,0.0565001337979564,0.3644843033268207,1.5961118420122151,1.7291718578941797,1.770861446877839,1.7135529821459028,0.5597540189673982,0.561222978452776,-0.2094444017367082,-0.5510259387572654,18.118741533118417,-0.6580569493401112,-1.0597731559022423,1.6692343275067822,1.878229111175684,1.6391548325471206,1.0535626910466256,-0.948230299379282,-0.9465767102532244,-0.2170830063227272,-0.8733553167261741,18.142312509406043,0.3946113566640022,0.5281821836779221
1.247136644772801,1.333481504121661,1.266503929336524,1.10464265409327,0.1321907449642308,0.1367976413916889,-0.7909916962909799,-1.589656318394434,18.029445425450476,0.0009063045245753,-0.1197247285153721,1.023602896950674,0.8529283227066692,1.0911999148443816,1.29015443764652,0.0682006908595132,0.0720503686968009,-0.7278454021061629,-1.639063237284919,17.89637299337775,-1.1980801876589058,-0.4200810783827501,1.15057945199516,0.8069486916344563,0.946421594904313,0.5461464411040772,-1.6082259698626418,-1.6137870679962192,-0.5233150861274661,-1.569517785844993,17.774232036739154,-0.7090854648720121,-2.360870185662903
0.4288095789992189,-0.0756160279919682,0.2153716864427851,0.1397217966311229,-0.6837098684600493,-0.6811964028064723,-0.5760674594320273,-1.4521809724554182,17.64398239660099,-0.9748937031999236,-0.6469651846857296,0.7747261324664803,0.7805359306230067,1.3016418914070291,1.4665595516495722,1.2435289867728638,1.2384348238665157,0.9373295706452104,-0.793963113329418,17.753312434570738,-1.4954992620470229,0.6333067046276626,1.6422531867073833,1.2524623934151455,1.840213836239724,1.7485646331621978,0.5195691606964437,0.5224924130986917,-0.0225491002984873,-0.631458719489155,17.717517590584865,-1.6821382487983791,0.3644975765706456
1.6289201624231835,1.964807920103228,1.6581621504771469,2.150903100696365,0.851669121506118,0.8499810130060268,2.326370852606472,1.51650240345463,18.045984399961313,0.1520960897168205,-0.0328072972718837,1.999143422995162,1.898393091167501,1.972143096142858,1.865428512625949,0.209848528518643,0.2137887580753741,-0.9444059452744332,0.5598883216249263,17.858144212294654,-0.7341172119863305,0.4695490586814612,2.0476881784204815,1.600944647746752,1.6935598349672356,1.3189660295193848,-0.6799132270033754,-0.6770623528989059,-0.8831688990336767,-0.2536302056751348,17.650183748293486,-0.9099256504296088,0.1713667033743457
1.1117789094543444,0.8014512422572901,0.4937555742675681,0.6017174117089917,-1.3756875196340368,-1.3797421123083178,0.7636779905738396,0.7558484178410655,17.757319543710565,0.874151615066611,-1.3515728353745289,0.2184371207186017,0.6399114982933054,0.4328494067148946,0.7228822340455762,0.1738927511988561,0.1784672835677476,-0.5149066406065069,0.1988488147148534,17.6308045995899,0.7825175264382992,0.3518779575260292,-0.2478199793045833,-0.4633569415469065,-0.3189632287150908,-0.1986061940386529,-1.3896684247253723,-1.3964768133001888,0.3324324686526546,0.5647227454396037,17.680796211760818,-0.5342346645408969,-1.8155962686228184
0.0150949142328904,-0.4190950075703255,-0.2801090426684816,-0.7802196237786408,-0.7794658361707156,-0.7779525921430501,-0.0270672172329744,0.48160679624863,17.679271480763383,-0.5442847459862001,-0.8125198467547659,-0.6864756121488784,-0.8594821542564586,-0.9750081546303124,-1.3752409737193687,-0.5021684139144854,-0.4984815476267065,0.1864901707352334,0.6617521982806976,17.730192046492654,0.1452276544101966,0.1639068268539296,-0.6968649062936098,0.810146258266551,-0.2295087308123141,0.914150625511562,2.098392749990392,2.083614966812723,1.594101468203669,2.2017696549600436,18.04154984174608,2.036802864287154,2.070617805121251
0.7992876237670944,0.8915650268029697,0.9761727320436634,0.6165224566908258,-0.26928966002123,-0.2650898767656003,-1.3338681036528752,-0.3169244701752424,17.715187685706766,-0.1621027658945752,0.0264336750707784,0.893682156324284,0.3653233227536629,0.9228010166288916,0.6049303971283035,-0.0118553459485261,-0.0057555251550524,-0.6652626474278021,-0.900753650557922,17.541594294562486,-1.2141727504098971,-0.2456648630607116,1.2250085415182157,1.2967172262812736,1.5345209829711457,1.1424699436768844,0.5232018844212486,0.5323721701302911,1.0150053153039795,0.4111120586259043,17.72599239640444,-0.7393806804418542,0.7056749986042908
1.185790081345197,1.4711001705931102,1.4183950688519922,1.4187879904404397,0.4079687490695178,0.4162036486679497,-0.3367829801017385,-0.0534400410181432,17.680865367255528,0.0879082605931344,0.6842152481380713,1.1819346060572682,1.1125832800626076,1.1533507153167395,0.8611728835634744,-0.569662588809776,-0.5703649786255457,0.4471609320431179,0.58942962907036,17.77549292539843,-0.1501147427748297,-0.0762341971812498,0.5479170389585601,0.4446967796562138,0.5861243818838424,0.2132422858333078,-0.7267601498400568,-0.7310474185107085,0.4013794051954008,1.0423577673127185,17.881752258049474,-0.4270030344083199,-0.9775896485640548
0.3822736940173202,-0.0680920709685239,0.1957318279534965,0.2172404334336094,-0.016649120007535,-0.0111607703819038,-1.3943474638682674,-1.1761806333954392,17.551979479509253,-0.6693642457500053,-0.0425012806844524,0.353836483962413,0.1008949856008923,-0.0323947528969884,-0.6479464201147567,-0.8850828207259466,-0.8932159857332299,0.6525684489779563,-0.257712761247501,17.701479094396433,0.272974746312608,0.4329816322357585,-1.2088857771518986,-1.145405440647797,-0.9728933777340254,-1.4047555452429692,-0.1893023912883253,-0.1856877478567487,-0.3615993699133778,-0.5907536423610473,17.633196531925616,0.1526786605731438,0.0716706447737448
0.0844077707088792,1.533098706411716,0.7394386525302912,1.7389614927979082,2.401366199973139,2.391504771195162,1.8169576315242568,2.14078055027966,17.988393635591276,1.8879474441354984,1.1603693623886362,2.2035481816679683,1.806501237410906,2.1188340990136316,1.78610952497347,0.4321709705168249,0.4385282649286934,-0.8568514931819391,0.5925824156489888,17.826640182139567,-0.4776051544149255,-0.4450844165485426,1.8748965664343995,1.6520401680177268,1.826962674452802,1.35440484427498,-0.2863170721321904,-0.2833962503118327,-0.4509171422290005,-0.0659665008766549,17.77580742287095,-0.9157620590960937,-0.4157849732154313
1.6928195880069228,1.2742992760272114,1.0390170570362975,0.751634265267697,-0.6604574383046383,-0.6626228862057743,-0.4617085818830728,-0.5807449897428699,17.695541243146362,0.7950594214360822,0.5868570066361116,1.156458100130427,1.2765139638887637,0.733749688824263,0.2790057927420071,-0.5638030260718826,-0.5655386289126891,1.3307138541942538,1.2179028638642464,17.99198796507739,1.8533305533605935,-0.1719992685056208,-0.6767176942939713,-0.4759150269921983,-0.6101974950391605,-0.4137516029180773,-0.809598721280568,-0.8153081519518529,0.7889443212123552,1.868184037767593,18.212861683029736,0.3438309212160227,-0.7035917098589176
1.374046876472106,1.9091282631141864,1.7717982536674652,1.965576798838792,2.2604544892191503,2.2494494163757417,1.19374657014995,2.2180524693559547,18.545694472803465,1.0925218323366783,2.608697355689765,1.46621149886701,1.3925258133097638,1.6800069600557863,1.4808742967995867,-0.2911129114463817,-0.2871918822094387,-1.963049995596752,-0.9027281743092742,17.840197760118635,-1.384472830710992,-0.6339611606146156,1.3046521009224827,1.0588804575307442,1.22282057025399,0.8111792168058493,-0.8029972043562921,-0.8105450082368933,-0.7488710864608246,-1.2635410344412734,17.629411255259036,-0.945890363193641,-0.9484552372772146
1.1366640448153005,1.0844287223071516,1.14007753148486,1.2131769076800938,0.2394591487103182,0.2497330388293029,0.4022573929418701,-0.8575572729479296,17.799379712408765,-0.6293706793527147,0.207900583396006,1.210553921757472,1.0691529101367518,1.0263141801178637,1.0405838638985423,-0.1282991515556189,-0.1228471511535037,-0.3250946532751422,-0.8251120078575587,17.717780173345137,-0.1477447486682115,-0.0569149373843438,0.98938011572491,0.7805418248067116,0.5553748951436197,0.6008753559865506,-0.4353099299316645,-0.4365505467177281,-0.3642102771846537,-0.8402248193026506,17.633174553082934,0.6024865280520351,-0.7082289755840842
0.675266247587791,0.3325333525708769,0.6084222109426298,0.3421079286039519,-0.2716417898287074,-0.2692265565277202,-0.6632390003707628,-0.9977617644895536,17.43361075130475,-1.1699145061404836,-0.8265854246338303,0.1822099864093144,0.1900344423671172,0.5840415585273551,0.2256983674784936,-0.1392718707814167,-0.1342115786184654,0.3660461389508032,-0.6865112277044938,17.55580294805842,-1.3365087412886336,0.3800899726124566,-0.0086961866785584,0.0019533034627985,-0.0817833588120714,0.2967562007211238,0.0156934896873323,0.0232943187116759,1.2094283347366457,0.0890317037562102,17.87511875463329,0.2872893654859283,-0.9346589167491148
0.4798363681866516,2.121961714232578,1.680089003875808,2.125049222387743,0.4956150695676153,0.5074799796564786,0.4022775582647119,0.6347738484670008,17.997510332924836,0.4987990396808797,0.1767207390865345,2.4875650961558944,2.2036951429387677,2.5025668966258032,1.67475524820142,-0.0638161666683931,-0.060784596601041,-0.4510133535564679,1.3593479175680845,17.836789699259008,-1.197573303886954,0.4448925401697902,0.5214807783430976,0.5461149606640275,1.0617473002447777,0.7779139861709856,-0.8330630660092786,-0.8336921990066297,-1.0549792127973097,0.1153096193009787,17.589900077246348,-1.2996612613424934,-0.8763426959375423
-0.1612493784582329,-0.6794158755973134,-0.5892513738935,-1.3183015224844907,-1.850452995240551,-1.8605582736687971,0.699510668693969,0.718160412064765,17.742368992205932,0.0659375006592694,-0.6093393298425309,-1.4189676336736057,-1.2873229679649008,-1.015565645632653,-0.925561416515992,0.3325074057963088,0.3354173201981693,-0.5677910278711428,0.1252268920152667,17.62535688505239,-0.2108664425072393,1.566810701733051,-0.4330229527379258,-0.0314762848578935,-0.1607437803153161,-0.0226834444126984,0.8956457507767605,0.8955858181911329,1.0385143001330366,1.0674659110143254,17.84190279642753,0.3089488809500771,-0.2172919657866012
0.2063535918269826,1.2392730806372672,0.7001069448254436,1.4065706550447006,1.4227368679168604,1.4162957257062958,-0.2890809738162361,0.6665537871151518,17.819839252412972,1.2340799324260667,0.237459740283247,1.8504134532963856,2.15622245065293,2.009425726453298,1.8347377129651496,0.8478973116998683,0.8465658155511834,-0.1922239548606951,0.4302272567213739,17.840226350130205,0.5805368203031795,1.4719065026094262,1.5372212933808385,1.6924122789268483,1.565370359946556,1.4102546365454391,-0.3652813007325938,-0.3609174519806995,2.2258485120513263,2.627091544690218,18.416926716400077,0.7222096000754376,0.723924991371173
1.3492396191720222,1.5388804412357968,1.3197294865222728,1.8925002046568544,1.1885361449751166,1.1828561150907604,-1.1681059563120135,0.1687487838964714,18.048192874974628,1.5471614893025407,0.6328349675936992,1.8745904429358364,1.5959692282470834,1.6629596981723884,1.6334330959950625,0.1513990244165368,0.1551500518254389,-0.4198057518695011,-0.2698733961049788,17.941771997587228,0.4007828216885004,-1.6641903006842933,1.7466962838378006,1.7989025689531053,1.0549706465061155,1.004693217145314,-1.0155235982701798,-1.014709353566653,1.9625613407735727,2.0491612561532757,18.61909299012766,2.687147926458144,-0.876553103047842
0.8656206167683244,0.5025571522732006,0.7151119673387851,0.740286886529034,-0.509206853053083,-0.5051841833036445,-1.295504432339487,-0.7383924290971273,17.9875628115222,-0.1799807767063934,-0.7409560546594605,0.3572617562472057,0.6176107373168107,0.5332159750521314,0.1900761761648543,-1.359711654190905,-1.364003228557091,-0.3094574342640541,-0.8576600051532309,17.941751011313396,0.543479234271258,-0.6724592930196681,0.0416632628020222,0.3688125742685012,0.4374376572775486,0.98009505792833,1.1478512827159324,1.145078247140149,-0.6044735646013163,-1.246593124450766,17.73182237328518,0.0885230591385518,1.2336114741785758
1.0430520719275032,0.709502222114246,1.6867196573763812,1.0891663869670516,-0.2619142152506628,-0.258097338933472,-0.1921497637100792,-1.0772773147215795,17.704688613321892,-1.1212216382679066,-0.0025881863018268,0.879554105562965,1.322603896094764,1.7742704113203946,2.010324263484234,1.172984728579878,1.1707538028899136,0.0799848149134703,-0.7637195742948069,17.809572449682747,-0.2351947525638669,0.6739309730265372,1.3191860486668714,1.196094626930276,1.869448190179317,1.414222419013884,-0.6424056147497013,-0.6411534392398194,-0.1343958569964337,-0.6522738530198804,17.821553838900513,-0.9729760899396228,-1.28543375446579
1.304654789955136,1.10027340772023,1.3172229304437268,1.4213350101998226,-0.0285869538366184,-0.0244818549297905,0.1209326315468287,-0.2691483657325484,17.866650097536485,-0.5178181566051994,0.50597956169205,1.3183091773253084,1.6983686145156125,1.6272893268135231,1.721468502038595,0.918429906807314,0.919486963512494,0.2555931311898199,0.1569620631752425,17.99654034816186,-0.2591425046289882,0.0806307440585558,1.8372865089069068,1.466644279472083,1.4150205549472512,1.0613247550657672,-0.8898532528441763,-0.8910570748154083,1.106187704230314,1.2828964963799392,18.43296104149211,-0.2854667550511032,-0.2551242687423177
0.8582833434494476,0.99734833226081,1.1792629148301526,0.8951687482138054,-0.2996369057825874,-0.2967359667061464,-1.5429805281091329,-0.4007708123710374,17.723507489623103,-1.176019851267415,0.8564036314191169,0.8479345016543816,0.5693865455417069,0.3928444641022426,0.3721009640402411,-0.951700041976378,-0.9533944686774588,-0.0517561648560188,-0.2747226530327265,17.71780036916339,0.2729879772471034,-0.2144683238328938,0.2827109096567118,1.1077046589819433,0.6815825524986151,1.517379248326279,1.2843853586019434,1.2818576328748887,0.0718783619815823,-0.0681959721798803,17.75213448397433,1.20501472739965,1.634447083808933
1.013568073602749,1.2403914156461533,1.3667542704511924,1.187118135685009,-0.6099047762130086,-0.6090278473444497,-0.0106037927948201,-0.0316785944033439,17.787297598539762,0.1219109992321601,0.6394338075786898,1.4301061588578412,1.3742419525519856,1.291518239987388,0.2211512124218921,-1.1031709706150503,-1.1072792675032168,-0.4901752000742621,-0.489669550634704,17.688557801036243,0.4173456633406204,-0.7581352260931152,0.7659564159436862,1.3294332436684078,1.4129887442891658,1.7475341558587014,1.426062138131137,1.4243758625164862,0.1126208698413057,-0.2946686671768501,17.742043798891906,0.2775489618769209,0.3610462619509154
1.7174664038372924,1.8264896021958936,1.9955587078041828,1.859357889043368,0.3513568493490382,0.35517711608877,-0.0640916502941749,-0.2749701234614387,17.751578180713345,-0.7915941048041829,0.7471071356440048,1.8161192852033676,1.6103180625381406,2.008860245177164,1.5819407881776368,-0.1430277663037925,-0.1393602661881126,-0.4143982626025005,-0.5720180791613654,17.651673617428443,-2.1137047348893097,-0.9911781986308504,2.089896843522855,2.3378076133006105,2.039947499642896,2.203451681261134,1.768295186287914,1.7615802072669215,2.0540502424647413,1.8150651007455856,18.258980314685985,0.8666816903285811,1.264747740726643
1.95830642939145,1.5666544989607112,1.631436123685704,1.3348032378698031,-1.0884649070866756,-1.0929525760847427,-1.525882711170051,-1.310401760450202,17.26417027023399,-0.5952738735572314,-1.7731567585673194,1.043994537496956,1.0383312986711073,1.0317240924148794,0.806949940424142,-0.8231649471503729,-0.8244192511796233,1.1171578853921995,0.0673890272015824,17.663960996903736,-0.3516361315374166,-0.8532178273002835,0.396188777817811,0.5788040970951323,0.4523264006522631,0.8038087309900668,-0.1596555099868374,-0.1553172421286829,-0.2588181501561666,-0.0886111220727998,17.624266432851986,0.3939883214132081,0.9791110947058852
0.7431535894258077,0.6602492953845133,0.6638851571866797,0.2862317263743258,-0.7639393846895212,-0.7658106400990713,-0.0607335666518753,0.0836361938424048,17.660923586270545,-0.0706512539044722,-0.6792170100410243,-0.1899002645451806,-0.5531901727744941,-0.747434027328947,-0.5984622069196486,-1.0785138263789538,-1.0847666872551678,0.5024551016943729,1.037994717337144,17.90855762880837,0.830649763109927,-1.6107139527244854,-0.3568066639495241,-0.985915913707604,-1.09498851097426,-1.1526740715303652,-0.406099650097626,-0.4038704782436791,-0.7384177447654853,-0.1367212421245408,17.657928383054088,0.4433991424803921,-1.0060843368184895
-0.3790166376236404,0.0005593692148735,-0.3952188407231651,-0.4254223607464329,0.7988389383450853,0.8038202948419867,0.5075978669837301,0.8324409891593375,17.922280948821435,1.145408855769924,0.3277663624641609,-0.0604543460865052,-0.3710969391959469,0.2293518030172111,-0.0805287757942567,0.3351006553245838,0.3406718776455991,-0.9019044270546476,-0.6607914321773514,17.537396771046275,-1.4343561849101651,-0.265118527898113,-0.3356731892576928,-0.4666877844133817,0.1006039816018776,-0.0595461662230357,0.0165285056948948,0.0210750912307892,-0.1626710492133421,-0.6118646635466971,17.542983148538735,-1.44889262957752,0.4521116086924916
0.810408302455894,1.498913504718765,1.3022749933302056,1.8244965894226408,2.0171864096373486,2.0093538064508856,0.6062084439543729,0.8327677073838335,17.737883834060977,0.1173256870038092,1.7536227140660767,1.9821153963719949,1.4183492527963597,1.522182135584756,1.460157539513538,-0.2492895961703159,-0.2465102680708188,-0.4550478499304783,0.180660036429772,17.69405539104458,-0.8323339210447193,-0.8118874071119047,1.4772703206120614,2.214714327420992,1.3726736232684904,1.6265755825862374,0.6359197234972108,0.6385945628535183,2.015063016301902,2.314281985377663,18.203858433928364,2.415631206904689,0.6195214790843727
1.8798098228731277,1.2317234421476415,1.0649165444913256,0.7061709839608499,-1.2212243383252517,-1.2257779223879648,-1.0695723779829331,0.2698057662656035,17.902850662817308,0.902577301031989,-0.165803365687112,1.1398508784458192,0.6139455175290462,0.448317582097681,0.1595764978085224,-0.7719181040040286,-0.7717772869939175,0.402122577198898,0.8664711333635576,18.09103437202059,0.6194300850603214,-0.5171915075685266,0.662709314414333,0.4546041532446339,0.7409253371259542,0.3576656676115559,0.2544569745608242,0.2580308938227178,-1.1757656563111638,-0.9563835396162056,17.630533578671617,-0.226676274858044,0.1783173840684055
0.4770006312417634,0.1163963956324427,1.00840678541979,0.6306343344189417,0.2036768027247202,0.2070234055846622,-0.6161502997682498,-1.31050442323704,17.43405340782949,-0.974237751506019,0.2583807709276386,0.5201577477275858,0.4993406702845631,1.1592394096351673,0.9791843809998596,0.274283364867284,0.2775286103048615,0.7841267292451195,-0.3912580746477814,17.675648536070728,-0.3089828748761431,0.6690663884535792,1.6380005669134814,1.054534733902667,0.402676943957529,-0.0371122560265375,-1.0029561368503273,-1.004886099437392,-0.17196469156618,-0.4771699436506528,17.67540204410831,1.1633009997094972,-0.1553665952377247
0.6953858285216722,0.6737360341945691,1.9685932715130523,1.7956971600604943,1.223051107394895,1.2211144955569255,-0.1170375958487426,-0.5019206718379897,17.692764069646728,-0.5126186970962557,0.4190092363413024,1.5867780920147128,0.4355681321257031,2.1067686539116544,1.7042161753645757,0.2604177784198182,0.2633355313358524,-0.6820016788797015,-0.962500956992167,17.474551771547425,-1.2553576169608545,0.4113321648092171,1.366044499909969,0.4777057998478998,1.575112573290109,0.9298347105460274,-0.7115842829142448,-0.710114685422773,-0.3285078316336295,-0.9823613683216712,17.375849032318104,-1.0347489321119605,-0.587353659057722
0.248802363396324,-0.721527799503587,-0.930903365900456,-0.8945488418497178,-1.6403711691000422,-1.6481641533085551,1.7621456453275028,0.7150067390694564,17.735289428760606,0.5189794585250347,-0.4564336630843492,-1.9056298087188328,-2.163465688675182,-1.4368928918922423,-1.4662328422950432,-0.754258357777478,-0.7527960791838205,0.7413931112979919,1.5951922296246084,17.930232761868652,-0.7188883859483142,-1.2834509268591403,-2.518038799041789,-2.4928711141076083,-2.6341491894475833,-2.6091040596654547,-2.4994539326400655,-2.5122658381317047,2.151420714267512,2.6245453280515436,18.56737254106184,2.05389301495246,-2.790229770477222
-2.134643519807087,-2.2182467223024096,-2.1924218008565552,-2.0752733655753928,-0.5781589790836031,-0.5669601643468897,-0.8087410849066111,1.1893730971278007,18.396143154595272,1.7126701830912827,-1.2747985344089972,-1.8179917103481689,-1.891892469680772,-1.5904098516053409,-1.4617415763101975,0.7280113736504714,0.7234707867695515,-1.1536290929842477,-0.0670916964029861,18.03241194316671,-0.1624514815234116,0.9483375913746256,-1.285066586268418,-1.3832313060275818,-1.3103154704961535,-1.3253751034107677,-0.0217040045106752,-0.0138740593895864,-0.4997825446492785,-0.3874939533034029,17.916143655833437,0.4801607835457273,0.2857243388018523
-1.193292949920194,-1.1395768966077384,-1.0060059729203177,-1.0939697279069336,0.4037891912534319,0.4059506673155061,-0.4264594861896447,-0.5973322245666451,17.817134768879264,0.0776682187178906,0.3224949148856624,-1.1740192800546367,-1.1399946930353928,-0.905699790203614,-0.8937440988836438,0.6273069657613454,0.6235988646728279,-0.2826459598405619,-0.6746270896010232,17.76652542343775,-0.5719590719234422,0.5253930133093593,-0.9033777777460616,-0.8208355234228364,-0.6589716143748561,-0.5343171512535271,1.1233363906564569,1.1079053408779405,-0.6012209989279165,-0.9405867510969068,17.5923001746224,-0.5004501798631351,0.6509589394974417
-0.6359665717119221,-0.7128199393037238,-0.5609938650434839,-0.7011456097503788,-0.1092274815419091,-0.1008510424942532,-0.1885849703798296,-0.9554827118632132,17.59108594557077,-0.5835464702266507,0.4267484853943937,-0.8613832815747432,-0.7834298019463961,-0.5309089136580005,-0.7689962350723145,0.2145613319484041,0.2188943947882165,0.1377706725048562,-0.7479355610435917,17.6649110934558,-0.7594960575071451,0.5353704094678824,-0.9182282868865916,-1.091338644530874,-1.8438899151358783,-2.005959596452639,-0.3379727520048182,-0.3278828831090422,1.0175401961600197,-0.1154960262481577,18.00611789158577,0.5409023731075724,-0.0419645324418717
-2.2738379360694205,-2.0245458953078694,-2.2426857037384456,-1.5313162346167046,0.7744009284439546,0.7755386373804528,-0.1484788771625081,0.2365208665292683,17.928254819394546,0.0467161676494147,0.4730264286340388,-1.016458786082966,-1.3353418460936457,-1.0475045123671252,-0.6636014422509343,1.1307916611911155,1.1282420891099252,-0.9520092906057316,-0.1454895045276302,17.650909527063792,-0.5600652212156894,-0.0595062441381714,-0.0925577441885457,-0.3917608157922045,0.2898404880877123,0.2275366741744678,1.0830912233482002,1.0810525214961355,-0.3242842444581725,-0.2462542778928398,17.55518295506087,-1.497319631802409,2.0947540288816597
0.7118785038531683,1.5666679152482326,1.2010781836241429,1.851898932227705,1.881039161897787,1.8688785662813148,1.2802201821350785,1.3282417521435368,17.780558576489224,0.7110844433412721,1.5905733378154447,1.5357680207463908,1.2580357883902955,0.146312730092512,-0.3055298434074541,-1.832264488941144,-1.8459251213408725,0.1359479621858204,1.3197421755570706,17.821857820971477,2.072678015003481,-1.9851326667021052,0.0744698039499141,0.2724849308556892,0.0886024541634132,0.6843038262323261,0.8310714487834934,0.83005399947941,-0.4037829051950803,0.7406857453397699,17.75611326511222,0.3539169584541176,0.5642515435982326
1.0979553756212217,0.9010924079535028,1.3089641997064072,1.3156324572747582,0.5751952781185871,0.5775689303984048,-0.8521958834066797,-0.348154310995942,17.595616889265163,-0.8335341911024635,0.1177775765546895,0.8791091915737277,1.9608098683007111,1.44603778719167,1.9768344332895589,1.1781746798315196,1.1685627046304703,0.8570036655524995,0.6465800170896474,17.785876072581356,1.6002312839248758,0.6581767773324676,1.9470580272619784,1.9463298662219988,2.151349029906952,1.9847742406146245,0.8280094285876353,0.8234987230502586,0.5064296694919488,1.4565713636745117,17.92332895567185,-0.2731544652533313,1.3754576062807966
1.8782939047774656,1.6531395623401917,1.9421722953578864,1.5647260621856112,-0.4713301889684237,-0.4622077230820136,-0.021541727250859,1.286173488332081,17.923009898767134,-1.1408099631832944,-0.2477449201463342,1.7548560949638994,1.460644249214564,1.6333885782065298,1.4926599380828038,0.0079397141955594,0.0140945745723797,-1.315625201342396,-0.7523913572152797,17.638321971340204,-0.9598454047945444,0.2138676701906952,1.231828592125675,1.2239596871527252,1.2259599881438017,1.2510476350358206,-0.4564074276562688,-0.4473816303721773,-0.1196042557714045,-0.8617354357880006,17.628376013944006,-0.4507697692985949,-0.0040914458146603
1.0329506343147214,0.8194575917809296,-0.0633761203087476,-0.1883796069713209,-1.98634527810352,-1.997120563433016,2.4160838329654295,2.352789217758827,18.219247325468725,2.0052980033239867,-2.3521174804714646,-1.5413440438457096,-1.4195696782459244,-1.4230503510998491,-1.159538656358032,-1.311738436767644,-1.3124433491017538,0.8764560852031527,2.294581334385406,18.538364227986985,0.6046073569183262,-1.5879605143975508,-0.8585384400228968,-0.957979204845252,-0.697455510992974,-1.129072643601117,0.1207835482475882,0.1281055120338444,-1.39571906780071,-0.2578486781461928,17.998343615421724,-0.484217062488175,0.1876029918132619
-0.6171943090406586,-0.998077133999998,-0.8368337826198646,-0.9154117743618208,0.3211695103705829,0.3257280798899515,-0.4666198320537293,-0.6079784319965016,17.89225278746573,-0.1856924405418389,0.0815693366802356,-0.7124867599923354,-1.0136922723220272,-1.1708485477873651,-1.3486491473745978,-0.7787774506649833,-0.7714415823047115,1.0965967650387864,0.5378491366529139,18.31942513606511,0.9104777356113892,-0.5918601122284265,-1.1543016128632209,-1.2913131276838656,-1.1298628457456088,-1.369592517896561,-0.3687583597351961,-0.3603755064600918,-0.4557991026985626,0.0008632654466167,18.249511579404626,-0.035116414008073,-0.5757157812093108
-1.2739258579939048,-1.2089066361104877,-0.9763975306127772,-0.9090647673201564,0.937680689265783,0.9323029733997474,-0.8642279349471835,-0.9574764549978444,17.924674781206146,-0.453237042936336,0.5067466411550855,-0.7039253618046373,-0.9355928502548788,-0.7713803755752534,-0.8488706161314762,0.1744598175037178,0.1805299954058585,1.4483548038262846,0.7690535386467886,18.5087383326383,-0.4547999162835904,1.0179041103698252,-0.5580780628367966,-0.272063706796553,-0.1874294574464376,-0.1577567564357298,1.34545915973661,1.332215802899027,-1.0910209310646988,-0.9816712050194802,18.02404059608157,-0.2887275771001433,1.4232595309438063
-0.1812474796048332,-0.0094772712380724,0.4579443047601593,0.5704541167292683,0.6773580818194235,0.6781790531861818,-0.69459599006891,-1.4065367673795477,17.763419896751827,-0.7715316968441326,0.8547772001149129,0.9794018018884753,0.5938450062150497,0.02596252904915,-0.7864492958756234,-1.0709241176855384,-1.0703211942229034,0.2240186704904354,-0.9068865517521316,17.88344613588911,0.876541412012379,-0.6342182000013754,-1.3263958668957403,-1.2706129189610975,-0.9443394807342635,-1.3076955917802306,-0.5638421816187135,-0.5599846311899846,0.1857187828639286,-0.4513487340832538,17.959405328782186,-0.7434164427801949,0.6920843096606714
-1.0321877522164702,-0.6736414761498073,-0.6781680340245547,-0.7125261468859195,0.5521672692384444,0.5554713991210006,-0.3731905141413529,-0.6502783848553807,17.85373265779867,-0.1965905729176836,0.5985667236752423,-1.058713970344372,-0.5867193552538632,-0.462425067130189,0.1368660833486883,0.7403205209986057,0.7419896902461771,-0.5755446054548257,-1.0116411150821931,17.64789929396329,-0.4177011042309302,0.1760495075946169,-0.6061700190546262,-1.3853652944238246,-1.7913012265621753,-1.7185090216215697,-1.571140778459046,-1.579112477986269,1.0798767191097338,0.2501857865268477,17.983553142846095,0.961218396584024,-1.0896008432830555
-1.4524219349755256,-1.8655283042459991,-2.126406449464437,-1.8088766605860171,-0.5156032756778783,-0.5103634441489081,0.029292332710847,0.6119228117780803,18.019035346452377,1.4880264739011884,-1.2596210771566967,-2.0636028849988604,-1.727714547508554,-1.876505846337782,-1.3380686626179172,0.3441221494980265,0.3485660966290991,-0.5701256150476831,-0.0956766269709496,17.84610563878617,1.6245481175570966,-0.6639917969766157,-0.8924856959797554,-1.1080628765174834,-0.8258268820373229,-0.9661214571577804,0.4034306794821052,0.4071506730437894,-0.1360781103444426,0.3654539723553117,17.763174820236458,-0.6961306106265924,0.4592468888368889
-0.9592910833558256,-0.5329245990744116,-0.4984696839574593,0.0036356401489244,1.3759877956869675,1.3657479540611674,0.0934151773546596,0.5602323502385603,17.76991276403763,0.1045721152246641,1.501521632856227,-0.4603229032854775,-0.6334100847640434,-0.3856915977708928,-0.3325962178489212,-0.3320396405556504,-0.3267461864961301,-0.3328634793271864,0.0513824549621799,17.719392534964026,-0.7291650091266592,0.5501268089718427,-0.85924879289274,-0.2130710037667205,-0.172859702221219,0.4147736612103079,0.7439680086462258,0.7434831139588711,0.404944475934699,0.5797742032397175,17.786185435912017,0.0051356712430489,-0.3834490644136798
0.6675819247823087,0.5677173952250059,0.710231983180111,0.9900052885793792,0.5954934032375759,0.5953702702396455,-0.4206219514487326,0.0003058270024863,17.69764946884907,-0.8758012610520987,0.7985542067589788,0.7622372748498314,1.839866296895046,1.0583587418105305,1.7916587055361344,1.1070000159915725,1.0996328831708724,0.9562418057361652,1.2716504914656457,17.862485713762506,1.7344705023266025,0.1446956413600556,1.90211864135977,1.9115521769601196,1.9921399368066024,1.8941979198772407,0.5648352504384245,0.5654637969128454,-1.4390438414468092,-1.7709230366336646,17.562441939116322,-0.4538740788336706,0.0573382007356941
1.8798245130224625,1.6437909726653746,1.947357242421828,1.3199517854266145,-0.8380392021341505,-0.8365542781594768,0.4991509693866635,-0.8785578529584243,17.59281291531245,-1.7548442685477923,-1.354312540086397,1.4663890449199544,1.3295627381694255,1.4264905683717488,1.4044428253573749,0.3480981599821364,0.3504058595065181,0.8903351563299119,0.640775699590372,17.67731550126174,-1.0137539897679884,0.0937164694294474,1.6247323890506058,1.6690015668147191,1.519941805244429,1.3671824253103706,-0.096111018936815,-0.0927802231265536,1.3567618286927032,2.0188786300432744,17.854044638653825,0.208280753914766,1.0397664665071706
1.5384144541413944,1.2555106057661607,1.026541810232248,0.6628319265703027,-1.6845675933195747,-1.6892555543460164,-0.7447061995759016,0.8107698389120119,17.7556758482837,0.6833230091421645,-1.2191455429057847,0.1534835309982309,0.2503770616721895,0.4008835170046236,0.4787018741985787,-0.4463585374909407,-0.4429267769690176,0.085637365323667,0.8523409190837549,17.776647503712127,-0.5916317078016854,-1.658733679988681,-0.0058192841478273,-0.1519125421640226,-0.3223905585033308,-0.3313362116083212,-1.411192382302424,-1.4135459696825945,0.5226137860410223,1.2728648087394634,17.868154284737425,0.5665312120694203,-1.053941166727308
-0.6260030786263703,-0.7723283906862602,-0.451514119764001,-1.2709676559535454,-1.0116095225544963,-1.0121453451516815,-0.438903126675895,0.658516995670804,17.818550924037513,-0.6453665300094661,0.7480493264074729,-0.5899153403691195,-0.9378880493658968,-0.6231858457991278,-1.612476862583017,-0.2995231166488969,-0.2964948080708872,0.3982758773460415,0.9758618063370372,17.898168783513363,-0.4245299137332884,0.8398881459611746,-1.103896525987346,-1.8176415570482087,-1.8748092144131012,-2.036432209373144,-1.5312774291987474,-1.5375518228758505,0.4986545145020443,1.3131235566754331,17.97734710368201,-0.0107201373575338,-0.1911905531801666
-2.08181182879055,-1.7710799896431884,-2.0582086779828583,-1.5002104864518542,0.5787391517570588,0.5807894092983369,-1.63738478684626,-0.2401219369715728,17.840506846265747,1.6861537683813412,0.3934767473495853,-1.086566858822708,-1.451844635702212,-1.2107543351214167,-1.0847625089259876,0.7323735441371589,0.7332810768463394,-1.7873940272035886,-2.1617825668845176,17.595523321802236,-1.0367022551069245,-0.6123022030639619,-1.1739415429346272,-1.3012982246636235,-1.1882706908149856,-1.4773069293199377,-1.237584272146482,-1.2396258308925865,1.7621958592813751,-0.2568319652680305,17.861312442889542,-0.8050505221389881,0.1909944523286388
-1.3291242866916575,-1.4913992036721495,-1.9897768258952568,-2.0243815045873244,-1.9964619510007184,-2.0049655635241574,1.2509421918692134,1.419211920993126,18.0728990093687,2.360836323821269,-1.4442315987821142,-1.959530038248976,-1.8008562263193295,-1.3739077209723285,-1.3426139286785188,1.450058033348178,1.4411592361552643,-1.1608146113876476,-0.4360684497611058,17.884521944562636,-0.7489988627488723,1.66623732834051,-1.0753493536360983,-0.9418707808465318,-0.6625146612789109,-0.6430392172272663,1.519738449278436,1.510489394850429,-0.7749061842998083,-1.2192585178092006,17.749901544411973,-0.6056056768824843,0.0349523480817561
-0.8032768977514184,-0.8552301332091388,-0.775912209515472,-0.3511967670508785,0.5648783336522626,0.5668126027745679,-0.6273649202354892,-1.4523248193122662,17.618744978614146,0.0518925128978629,-0.5953413910897123,-0.1364732694507149,0.4556623673483335,0.0694838246448676,0.8896378095076128,1.489151577260404,1.477206016750948,1.2533876728596702,-0.0382301860822319,17.857419085400355,0.8053160679240349,1.0290902129280743,1.538879940482125,1.854317593294417,1.9236456875066197,1.8838418582919296,1.3024877359911,1.2931579801674669,1.3756106741015597,1.6336221405731397,18.163654619230662,-0.7160680243237445,0.2174738985322812
1.175820006380471,1.330087802549418,1.1297084904825687,1.3064460772152011,-0.5293468215991808,-0.5231706882323875,-0.0531436126888275,1.4564514333485497,18.194579084246445,0.1826326162951083,-1.6133319557553083,1.5205193962806385,1.690343470343716,1.5731291377488663,1.5722918078961174,0.7539380542371583,0.7527713339763606,-1.0161557724870154,0.0185712335947186,17.971910889970857,0.0185368637074668,1.3419878432963983,1.7733125444050302,1.8001301312732465,1.7145812398165656,1.638823341454828,0.644505413262541,0.6442677594873458,0.169447614762936,0.189864193675739,18.071548723362724,0.0904871501115098,0.9902489079044936
1.8028165767214523,1.5259990495024265,1.6708974608616989,1.423400518170834,-0.0655551875651533,-0.0589935651559219,-1.366144020237923,-1.3416450888666438,17.71425176957383,-1.1628998334077654,0.2731418675449448,1.4674207474679573,1.3081119304110171,1.3788072665485405,1.1239022433465446,-1.3248646518539386,-1.3269136406987083,0.4507363428759547,-0.7043941443648687,17.80010537482663,-0.8097279400688319,0.1744025659787922,1.3821931973711516,1.467452346789007,1.398090931216271,1.5557969091587924,1.296330267727023,1.2904562616190405,0.9059142120205425,0.2396279042269763,18.007184487331898,-0.0100758405344436,0.5129035965367931
1.3863962339934863,1.144017457332449,1.2390411625790596,1.0676558710386042,-1.4805059706962416,-1.486480555158591,-1.447155542236712,-1.3587893056760008,17.591198266356486,-1.3759921943551936,-1.180458987480945,1.4274523729260828,1.3536805664566882,1.3757535054846006,1.4042639535173234,0.4145663658274882,0.417630570226617,1.1987330562810612,-0.3082478004011756,17.911660173430448,-1.140416584481907,-0.8226531053847297,1.2507179593007736,1.4048228453810427,1.4272688554113702,1.3207846830654355,-0.4450284843361758,-0.4407895697816348,-0.5046943339910971,-0.6941559392414816,17.800607448204936,-1.1104862133967477,-0.047640244315369
1.2877013413643967,1.40002782087023,1.2924758537113528,1.3969029733937834,0.2187113362332484,0.2229492995603786,0.0943208313668699,-0.3347436952202147,17.812111834445673,-0.3650333045570632,0.6071368197114174,1.2439312210441589,1.1348836583917634,1.14072237684611,1.2331967633721714,-0.770809283895745,-0.769127348504422,-0.1945899398859193,-0.2470696938862934,17.74581937423727,-0.8179429554991764,-0.7584979554760289,1.0466792346356837,1.3492120266838703,1.286882490556835,1.455979688232231,0.266799402355813,0.27070238534559,-0.353697619439125,-0.5167312734004496,17.65507256346583,-0.3900876355467761,-0.1317039397347409
1.291942961104292,1.0488504570205148,1.0954865493308048,1.026973120020137,-0.9638895809792186,-0.9659491376816166,-0.6394914857123716,-1.249798015114932,17.45662996840243,-0.7166925090220457,-0.663666546220278,1.121429646353516,1.276717610750295,1.2050594585252543,1.0400693804913477,-0.1231179467395411,-0.1192231133522145,0.2041189295849139,-0.8252497914820306,17.494786571301724,-0.0396766664334049,-0.2527595471275076,0.7936419015101119,0.4429716226903826,0.5617242427467355,0.4663716372150893,-1.1293425727904536,-1.133605402471881,-1.4556046502929787,-2.0822094449981323,16.99557490752996,-0.8583087986504855,-1.2875673346749092
0.2431293639612996,0.190554198813556,0.2542053570816677,0.2515926919279169,-0.3719068332994076,-0.3693004902028067,2.140083815708348,0.6220182804133193,17.51811047950191,-0.5779757558288041,0.4682479245379324,-0.071961899480851,0.2162693516931497,0.37764475333531,0.4348250974431186,0.0315468341085741,0.0344794281985196,-0.2513934268171698,0.2474242905801813,17.463969004860132,-0.9085658631956142,0.5786488659081611,0.6596311552306634,0.9276641701019452,-0.2710308516183508,-0.6655034376248735,-1.1437578611579635,-1.1452219313360563,0.4385349927701724,1.255147100303203,17.577040874949343,2.5167159765674447,-1.023337748507043
-0.7739515404660972,-1.1496530692616265,-1.365504189051826,-0.3934729248683892,0.3584367577931737,0.3607022011677373,0.4045159112659987,1.7155401667232186,17.703126130634413,0.2357144490768559,-0.0786676852871094,-0.2110421306770698,0.2705612193395958,-0.0892693954717486,1.1507865502569707,1.1230820979057636,1.1221345168430517,-0.2770665562940793,1.1936471402372586,17.637155821093373,0.6595746776079009,0.657022162416436,-0.6887496743928959,-1.4313209368517257,-1.8774561413135376,-1.1903485186856648,-1.496765474172901,-1.5007801302923358,-0.233510653905542,0.8689041360280167,17.5857280573627,1.0770694391648077,-0.8452154638131214
-0.4062376925933337,2.1701763791095687,1.0135312466311983,2.364429242890345,2.2726232571336737,2.263832418283746,1.426612726873599,2.0807071605072966,18.014641486051747,2.315933321583331,2.6385275869514873,2.6127827629132385,1.7394504110187987,2.0116655757077786,1.1971048697173297,-0.740700362563414,-0.7423467740695204,-1.2776484859117738,-0.1234827667804042,17.531268064123456,0.2416391195994676,-0.3073615258594608,1.5846883544141563,1.524260040877301,2.1091015712217054,1.8630259919855685,0.9148323564313192,0.9182264458487546,0.2503026576786591,0.2453144467725282,17.675770706145904,-1.1514057783705125,0.1556499543841177
1.476790511958663,1.5327162254792113,1.5913931769692395,1.840458247693104,0.4885719277815801,0.4925397920499251,0.0120641513543271,0.3062028928754265,17.792896138654108,-0.1801157776773501,0.1750767138339182,0.7510830826831135,0.2902031942250515,0.4576908902462303,0.5707369924919585,-1.4335059797212462,-1.4413541269631651,0.3236477308519563,0.6973081495257585,17.925461061545143,-0.498238013994899,-1.7983199633625615,0.5885546394035683,0.7081610323171917,0.4882380702582949,1.0307858231537923,0.5380332821788052,0.5415579680028333,-0.8057588502536674,-0.5096094407934233,17.780067207228456,0.5194901534571127,0.3117003516717399
1.3019507381363924,1.6532921972333172,1.4691598565414126,1.8089549769640152,1.1104538770219847,1.1073475046197352,1.0052100592668778,0.934119129423464,18.069763492643347,0.662281867031762,0.2063667394099597,1.9093145645000504,1.7447994453441726,1.5598874889130536,1.4781989141117804,-0.3182126391010909,-0.313542714431468,-0.433889812159611,0.2618877134845882,18.017686595507353,0.850632389615356,-0.3041153565777014,1.3682682162525537,1.0741869885807225,1.4640038472421089,1.047526635501692,-0.5394353405980075,-0.5362654412406146,2.0630271032857896,2.402304819737014,18.669544290162865,-1.4113080278596684,-0.3443019692838619
0.6733130495958108,0.2637835665658831,0.4057684651951624,0.276848351185455,-1.075077169872864,-1.0770576436944392,-1.5599282803665755,-1.1246312895425836,17.836422066377864,-0.4038534222632602,-1.2285756186019317,0.5810019466087569,0.3084599521568376,0.9346410245137132,0.6302473543048455,0.3792797202013204,0.382618613239535,-0.7109494638449351,-1.3641389001784665,17.522085052325213,-1.51820247598702,0.2824899432184704,0.8320282145230697,0.5496562828347892,0.2631554598172316,-0.6439139778179276,-1.2246684529728646,-1.2270316867894329,0.4761164945426122,-0.8385311474079552,17.771412659412366,0.6654559282437722,0.8054146010923449
0.2733371723954119,0.1253017863398106,-0.4629775751341688,-0.7754027103402121,-0.1090713317647091,-0.1049889829632043,-0.4418250566813645,-0.9357644968393396,17.654586477149827,1.272660136748081,-1.0215303636681965,-0.3282344740734715,-0.7593340406838008,-0.6995767628672489,-1.1858373013038428,-0.4922423197459789,-0.4903460710891065,-0.57604489874701,-1.057171168262509,17.4297419210096,-0.0834656086142786,-0.3951723554845578,-1.3695203382394727,-1.684379736224802,-0.9510535533303413,-1.4655820536217097,-0.3420822592794,-0.3397953333723966,-0.528340834486152,-1.0656655831602904,17.180019784838255,-1.4127753856475995,-0.6198228644695762
-1.898351502910379,-1.6527722216574516,-1.825589797579378,-1.2213289038187107,0.1678256071194259,0.1718038374218661,1.2681191984672708,-0.274871755400871,17.688537005914377,0.0911686384743338,0.4953950131937162,-0.8400586623589473,-0.8665619072770523,-0.5587620275644051,-0.8277090067188478,0.9020935963260116,0.9016329415267016,-0.6614981926628982,-0.5821938390560647,17.343337683066583,-0.7563753685989114,1.0289504537335403,-0.8102141990012788,-0.8547552235333562,-1.1059648595840692,-1.1880893955888283,-0.5263551366513364,-0.5248415739355807,0.438972683799801,-0.0565792260440382,17.568040662612805,0.6811989767002539,0.2398174885360609
-2.476905527358021,-2.391454150726599,-2.575458573127183,-2.5418242146316827,-2.5747266232569195,-2.582319864218719,1.8765590613521728,2.6696339633315205,18.228171884349607,2.0317051674233575,-2.366586087939966,-2.1216104219296055,-2.073197736796302,-1.851031664252915,-1.9708697690450288,-0.1253845468033332,-0.1189671426246559,-0.8321300717381088,1.006287487907257,17.88307472177044,0.076777003225046,0.5918421524305422,-1.8219684541378935,-1.8999232809144708,-1.7707224431083983,-1.828872655022146,-0.4445099828771043,-0.4364218279201397,0.2525815456301254,1.212540873620334,18.091948887149307,-0.2573715412870552,-0.3148500265430443
-1.4454010969608924,-1.519066979727434,-1.4775909164640335,-1.5084034723597637,0.2903554648380627,0.2918404462860407,-0.5079085791785758,0.573339049464305,17.947524967907768,0.1540015057503617,0.146042477734438,-1.160677464004506,-0.8127976388996124,-1.0099029527231431,-0.5560823856758323,1.9597064623121243,1.934769826648028,-0.3282408244077324,0.2671841130287265,17.895494177034,1.472653159181556,1.4442088045036376,-0.6794074896987269,-0.7339568931628944,-0.6362773354207458,-0.4979885530206686,0.1421924423893358,0.1483688606709942,-0.8269117270537231,-0.5960051011565631,17.573024842809552,-0.1341592034479471,0.3451591989667414
-0.4585853586992483,-0.3472106550138031,-0.2748437597924188,-0.1586092356656967,0.6086267465498942,0.6106354966276255,-0.0495374297915536,-0.635995716661445,17.661242061347895,-0.2664080030469913,0.3517236416479068,0.1086858488328374,-0.0706965670594691,-0.2010185489733955,-0.1416842022373798,0.0439384034329494,0.0505903255736128,-0.0047677198135753,-0.5406408092407292,17.70994785730947,0.6358926341755076,0.1254925005886624,0.230624440045929,0.0581308923328384,0.4615083116001175,0.1739583890092182,0.3804071238576425,0.3850508842231914,-0.6638565208679021,-1.093938844520341,17.515446191651268,-1.4260362536019369,0.4756023768897513
-0.9615484974541396,-0.717489236721131,-1.0234302138857847,-0.498794986954598,-0.5055682913372682,-0.4997334829140562,1.3051099568352125,0.043770877897188,17.999131999819177,0.4875017086860794,-0.3818169424390826,-1.2064051721185571,-1.263164721232004,-1.130623672003667,-0.8556845753191171,-0.3393627681460792,-0.3375638719430702,-0.8993537263449098,-0.6942160233813943,17.672388671643855,-0.0863192948268051,0.3471047487642441,1.2140209195676157,1.8333528067142388,1.617051958067117,1.7588602976985652,2.0246091706183114,2.016084730283733,1.705892485362338,1.3664835040129746,18.17229375368329,0.6029148730326848,2.3447992504496713
1.9062913841412417,2.0549678137868197,1.99454117140759,2.0307981991806248,0.7148132769631865,0.7212678226559031,-0.4640802095797329,0.9241229928876386,18.04585639139806,0.1963085966816392,0.1252980342725574,1.9973193664147824,2.1023022653252887,2.0816052250330177,2.004152734682015,0.373942197532072,0.3804623352949074,-0.4866612017561418,0.3209545057492721,17.912084317013168,-0.0009112788697527,0.70373258018754,1.9041859533111205,1.6217895534415705,1.7724733610923484,1.6983870485825054,0.1188783702010944,0.1250559898198854,-0.8788532572874163,-0.8876077090200126,17.561611225335124,-1.365778391930883,0.0814936374094164
1.507690617748201,1.371852005347401,1.4438796250060628,1.225300965297211,-0.6631785767638565,-0.6635189151096335,0.5740722402176058,-0.0979491847132276,17.797643429475237,-1.0513008074843195,-0.7807825194552812,1.175454820658537,1.0907226122154383,0.9839109023220908,0.9459547932783132,-0.4602003259289155,-0.4584259052443803,-0.1136338828422028,-0.1264203555972637,17.819603973533187,0.4370141137225257,-0.948889190910788,0.8265135624778925,0.6547179887059217,0.62052210880443,0.4587299431680842,-0.9432497397840092,-0.948573729988524,-0.6342482461977897,-0.9126988169976986,17.613109901216994,0.1068112551392499,-0.9862966018348868
0.3153530686332186,0.0612171479761868,0.0942793501631184,0.1992963912657985,-0.493861474076651,-0.492460326215806,-0.0113253431829213,-0.8486773896483765,17.66875126470606,-0.3674132526287177,-1.0619043147770553,-0.0540253181762795,-0.2040937754691468,-0.5228230749817177,-0.8403005030448685,-1.47943993963248,-1.4956501958337485,0.5776085479146952,0.086020908403126,17.838348395187147,2.0791464672749274,-1.4880543594335498,-1.3919996320335974,-1.8763079942438208,-1.6667530673652171,-2.0463576569466033,-1.266543398219101,-1.2769774012225057,-0.1902876022992438,-0.0903504940708046,17.831313248195315,-0.1200505185124072,-0.1714291883795342
-1.9791870702305083,-1.6679472803129276,-1.6127581412989958,-1.2106560007240308,1.1163799124571263,1.1129290365112774,0.964933149293584,1.3201820624918423,17.988133210299278,0.4731403790208069,0.5215840913472648,-2.021829763349058,-1.2817671571744045,-1.9103248681459992,-1.2060618111534185,-0.2145519431738662,-0.209632354831093,2.044338165126905,2.5561507105856753,18.44554896063563,2.655321693876164,-1.2113028814087323,-0.3830756325933277,-0.64685381167434,-0.4977883180373558,-0.6072889900621085,1.1793172628960913,1.176092961487365,-1.3400721611113424,0.4502507380976785,18.05926315715533,-0.0025180203941213,1.9233911797449603
-0.4904287966796002,-0.492161516731838,-0.1874989424432656,-0.0552527557269356,1.0318583494267226,1.0305004366037005,-1.4490491586239702,-1.0654570086637425,17.588060002431344,-0.5229636020084152,1.1480027231815784,0.3698552295584801,0.1390631855492223,0.376561271309217,0.1384109891838522,0.2800843436204183,0.2844572112967174,0.6831058332102222,-0.4605123932567273,17.794051393155655,-0.6278455882845664,-0.25274621413987,0.2577703597282308,-0.1533936862103156,0.2436279029088141,-0.0328797005552374,-0.2428193718276889,-0.237919281286933,-0.8223425809793612,-0.9695347077803116,17.52815539004134,-0.6907537020053811,-0.1227180616169892
0.3069011652421035,0.3974151111701294,0.6991450676499116,0.4989614489171398,0.5094176100016147,0.5119608312629818,0.2209628526603229,-0.728555074404249,17.625616024991423,-0.7414884487137868,0.2881411710697307,0.3650413300149346,-0.1436763938503825,0.4132532822845658,-0.1534095486352333,-0.5854029269922433,-0.5813328629283232,-0.3446667000607125,-0.8354639111010074,17.547973813296938,-0.7380881700522605,-0.4087206087264706,-0.3017987273199618,-1.391021391621828,-0.6254159705069054,-1.1881425462567574,-0.9380141931990814,-0.9371796315929504,1.0178215066415974,-0.0330207650509614,17.8502732014411,-0.2130046906671637,0.5395279514905528
-0.3948163821785186,-1.55366767705471,-0.907270265503927,-1.6932368082117857,-0.5645037946390709,-0.5625844112553967,-0.2392609289209568,-0.1201214481521647,17.81610291111513,-0.0157330275231191,-1.2314702284643666,-0.9444729207902492,-1.7032173618669069,-1.124008867874492,-1.465500354866038,-0.0150535536217724,-0.0118403783232446,0.5055924578532156,0.4783519166375313,17.996560215554354,0.0183836853349598,-0.3756200247629053,-1.4726696024904604,-1.284138777154403,-1.3031818691413934,-1.696635017195971,-0.8980073043075881,-0.8988144343918628,-0.79528654495242,0.2821075668513366,17.72154367980436,1.0278033110828972,-0.1109777738498255
-1.5925654656666757,-1.684525912764942,-1.474240815255306,-1.5076743893073905,-0.1529396928743404,-0.1504710098183259,0.3392079925538396,1.1129041632043004,17.798282776940614,-0.141670712992055,0.9306826630774432,-1.2386111531657955,-1.2114689010155275,-1.0258608232167654,-1.021660328078981,1.4527311784904735,1.4502650472011271,-1.1443828835183212,-0.5497198191639625,17.541919415966284,-0.5132537856022669,1.2666707994115491,-0.6015023568816452,-0.3725363117055094,-0.326398236646845,-0.1584505527526923,1.9479443763513984,1.9420937315374576,1.1219996680527011,0.831828665914356,17.7723577974567,-0.0487556232547441,-0.9417870010897738
0.114860878254916,-0.1999283006269138,-0.2643912346456218,-0.7325209732835039,-0.9524652998787804,-0.9546840371153418,-0.8098334177371707,-0.3416774938222389,17.62482953835907,0.4536054967922986,-0.9139532714946004,-0.897818831664345,-1.0882140624131442,-0.7907030795752766,-1.2514198156529233,-0.469386760961023,-0.4687427230761569,-0.4993041826172326,-0.990363339269117,17.52584326164173,-1.0449085114350667,0.2253149853873979,-1.4067576047113044,-0.3058672156500974,-1.5260211170210063,-0.281679077394857,1.3487799180555406,1.3482493163210456,1.240955542632326,0.7864164278084683,17.810382809051283,2.355749427093488,1.4520979164581325
-0.3812286682219951,-0.7837008345057319,-0.924075949864342,-1.0553381929124173,-0.636642702556736,-0.6364193303480755,-0.505732788854492,-0.0420758681857269,17.70638961733029,0.1855445126557052,-0.1006171494679403,-1.1155394157771348,-1.0671779220236088,-1.2193409629408214,-1.33929415261522,-0.2539597346904204,-0.2515075606162174,2.679694536433149,2.761669637899939,18.733172014881045,0.2780588846108132,-0.889934328153723,-1.7788282697194664,-1.962301914288341,-2.0366663345465743,-1.7359001559916016,-0.5048675811950301,-0.5039366421097944,-0.919746611459206,0.2600020222816931,18.112632699155377,0.491111873769986,-1.459097525130159
-2.2552528180587323,-2.3721412442029344,-2.3356759410053756,-2.446314049135483,-2.0693600787620605,-2.0823469628747775,-0.0739529591206912,0.3308534290484961,18.21623750918164,0.5150740416845758,-1.9549970616427377,-2.3313677937027295,-2.3165264311476284,-2.2304674234214885,-2.3198372338011595,-1.7052991570362142,-1.7139050599693086,0.0053611658992433,0.5214182522259219,18.37078017401057,-0.5048460426551815,-1.057049376398129,-1.6434642672443731,-1.762008968941903,-1.7416996156731883,-1.782638191349239,0.1243331849355628,0.1296187041113672,-0.7011567937955456,-0.5018754650591509,18.043623790908224,-0.3529738647742896,-0.1357716936273077
-1.531747820074084,-1.4410744083121525,-1.3980917340541696,-1.418462274621126,0.7274796349659869,0.7269864028305865,-0.1457132866354911,-0.4502369248861018,18.088908857357907,-0.8871741600898364,-0.1213467770433212,-1.2719773420240377,-0.7474594145873106,-1.080699911007897,-0.914459419001586,1.361280951655337,1.3509066764889257,-0.1561659427048839,-0.4493747878479056,18.14775067039383,2.097145580659415,2.0277732966575694,-0.4467444041252196,-0.4868683075440842,-0.3594770127730058,-0.4327690037448465,1.2084126412095215,1.2000560936147444,-0.5698332607404808,-0.9798002735273856,17.91217743818395,-0.8805174026574064,1.37837177615365
-0.2794775330339893,-0.4089591119938677,-0.4304923982283695,-0.1982197233912838,0.6043666070162148,0.605606124861044,-0.1885969160112105,-0.8961450361291005,17.906940894619655,0.1243715663022553,-0.1025268203654192,-0.1936025631650651,-0.4432120965207816,-0.3331850617239713,-0.4862748147430697,-0.4774221254204506,-0.4714511289637136,-0.3730858730912004,-0.9963850076619554,17.77610848535129,-0.6113518450498765,-0.2001008590241424,0.0519608563047188,0.0714529269859684,0.2816060587249583,0.1915410338045214,1.0576744618105045,1.052403668501407,1.716366909992649,0.0117650047022678,18.104784378734298,-0.7482539895111885,1.32400727371321
-0.3448620353352276,-0.3883153988974807,-0.1619716904039535,0.4750069486630808,0.1181739228699882,0.1240840976412894,2.082407306660079,1.8254531157707312,18.61677946658376,-0.5299353868955891,0.5423261953277415,1.8514239431243715,2.183500463302633,1.793121515237061,1.2455566770618962,0.5680560827642994,0.5680399909987719,-1.3027181525488778,-0.0922905554124092,18.14102240838894,1.4191035495807949,0.0930409811640659,1.0107488812118288,1.2834508925374688,1.1961047424017326,1.8132095048197103,1.1773890879939906,1.1730769842330602,-0.7965294932868338,-0.7384659037783667,17.826748853771875,0.6277026777148964,0.5768658891888905
1.3065355486432255,1.688342805752013,1.7411062333569425,2.044374130874982,1.071690449526892,1.067032251518241,-0.1506954682116933,-0.6686933149368303,17.79375381338098,0.4801346981730843,0.2541257063424407,1.5298858574823495,1.0358361694583658,-0.5159602035856111,-0.8105027730294897,-2.4882780393193045,-2.4990909802649632,2.00133217361702,1.483229440553432,18.480658577823036,2.2457536565844025,-2.4615010927614627,-1.05346525153295,-0.978139270900361,-1.1247586058174808,-0.5287993459116371,0.2541925763624728,0.2577563720873758,-0.8681164527822905,-0.0204541909876846,18.07969073153292,-0.2339822023904472,0.4584294081792769
-1.3805568140306257,-1.2439716725859755,-1.2147923133124916,-1.009683523879647,-0.4412776865087807,-0.4302793471598714,-0.6560759049350514,-0.7277840678829767,17.809819310494166,-0.6266520422715559,-0.1410584102628541,-1.3291951594758082,-1.22931681495924,-1.0005631412072375,-1.2087500160089706,-0.2856418291239428,-0.2758936320813096,-0.0348846745946697,-0.592094065907891,17.86535276769953,-0.977877263284546,-0.0855376305835402,-0.994704098100577,-0.4315557610896784,-0.6715746142957179,0.0573453906943056,1.121394371725216,1.1054007629596705,-0.088049890408349,-0.5643988283917348,17.914399794160158,0.1308882926504113,0.7678857825137789
-0.4198684027237025,-0.8338358392438118,-0.3828081339191941,-0.5764159050938593,-0.5553892873621893,-0.5451605341369405,0.065239385488529,-0.2469331524568351,18.00019388721323,-1.0888310816889146,-0.5504341669656363,-0.637906657242941,-1.085478399080111,-0.8483282177713721,-0.965844866474412,-0.3972685217222985,-0.387463728706998,-0.6486667600175574,-0.8317213444173496,17.649366617044787,-0.9728582160236992,-0.1631284371975819,-1.1805106093172222,-1.3876218965433786,-1.205974439169113,-1.124513880160476,-0.2426671508830208,-0.2336875937083753,0.1519118978489441,-0.3684618104360291,17.71403285761041,-1.140315691471314,0.2519884438701499
-1.0481599264362016,-0.7733261844046203,-0.8499195797438297,-0.6988004108620867,0.4925889069933923,0.4952393815949225,-0.176592199185436,-0.4512565222518237,17.68026795749322,-0.4131713846256701,0.5033252059909512,-0.3448821689574484,-0.1707307790875542,-0.8854186487517035,-1.220835604173293,0.0412195649014648,0.0481203512765056,0.2099528491980991,-0.0492686844844201,17.799005511428202,0.2533164734795965,0.724223365964498,-0.734637096463677,-0.9460666827691316,-0.5854193808470811,-0.5852237296895103,0.5567690247714796,0.5626249270109381,-0.8159977963249163,-0.6584991685051814,17.55449362282273,-0.9766467589743912,-0.8145083467127859
-1.0748383224059157,-1.4828296361157345,-1.2464807376339924,-1.1064475780833,-0.4567255964894078,-0.4565563516780779,-0.3890775131616562,-1.0803207487924995,17.43786287495391,-1.2712082374102274,-0.6240739537125345,-1.1393006729916657,-0.6839900076693243,-0.9146832388998116,-0.1967079883903757,0.7952008045657881,0.8005084139992161,0.9936101260195788,0.6531933838049641,17.563865762429778,-0.2342144819415312,0.8186484115484017,-0.8824060827259137,-1.1422712670752977,-1.7419252785453347,-1.2377690978342506,-0.9734424273545204,-0.9784344165409204,1.0904498283306574,2.030822001007792,17.72170261641496,0.0776631403367835,-0.1822228520483008
-1.057658069709707,2.3385887317956255,-0.5356334469687016,2.4840553660857596,2.5925200801428336,2.5831811935461975,2.4482427225227292,2.7200850069409195,18.327142304688422,2.6983272991481546,2.5276469557544385,2.498848392323715,2.2389207464806207,2.6955356911932307,2.0907726222129295,0.3529582364259838,0.3635159695762079,0.1184313621024625,1.9494436132374937,18.436488155895475,0.7661110937084823,1.2677260012292952,2.0633215141995835,1.320995195171267,1.4326119640053123,0.6609242504434131,-1.3514157091877603,-1.3731788486682694,-1.16601612162337,0.4689042264509145,18.1132285372765,0.6472405903049624,-1.0509950605736706
0.5043987732136704,0.3642100322083577,-0.4722965087110982,-0.465345762247188,-1.061914022397111,-1.0739742522214293,-0.2344825712633235,0.2590934868931437,18.115665326615694,1.131713064739216,-1.2912097458148506,-0.3935554824523447,-0.5761146270926438,-0.5604724538335082,-0.8428413749013749,-0.3935679648014475,-0.390958805528801,-1.080873000563657,-0.7097268161401535,17.745397076527258,-0.3099259015948414,-0.3246834331964743,-0.8991470503165225,-1.015883781377321,-1.0314422633741465,-1.042170652956443,-0.2581076454217155,-0.2532046243903891,-0.514378268223933,-0.9253658896688248,17.579564759667488,-0.5251630943438574,-0.3269682826197988
-1.3145898646826542,-1.3705116018539971,-1.5540443331333742,-1.3521135080956117,-0.5114256698322152,-0.5121323374194511,1.302099488662125,-0.1152381700890066,18.03166117855,-0.4550299972468843,-0.3465837796589086,-1.2864241061872543,-1.054758068801287,-1.101127296448885,-0.9959393798035532,0.3430590450214421,0.3542672021662816,-0.9748927975449964,-0.9560015558317542,17.689133654087478,-0.4898617372478681,-0.3781308214679401,-1.1382876871285657,-0.9779701959200175,-0.8951403659018741,-0.6345053667083744,0.4172064636940112,0.4287553836077538,-0.105033355903295,-0.8830309636959965,17.718246592667263,-0.7369550572665835,-0.4250690567323764
-0.710394848488242,-0.4698787556494447,-0.4695440363459403,-0.133604560984438,0.6202036108974643,0.630103057927033,-0.1998653520434535,-0.8294567462944977,17.691943711477524,-0.2689960319537093,0.6090489005341607,0.087436228441898,-0.0621290453360833,0.1158074569169074,0.2493831084767561,0.6612906331081907,0.66287914057893,0.2928142147190673,-0.4703218832264618,17.73863770359902,-0.5841253314224828,0.8254702945418311,0.3501273460856491,0.3679657595195827,0.7624125154536917,0.4442134269187551,0.056669964557684,0.0617947807458442,-0.2389905810234571,-0.4099458714317145,17.61857549540751,-0.7102568634399659,-1.0831891419540056
1.7622112499080902,1.9341025721255716,2.17477114192343,2.1118298916836924,1.8829011755791327,1.8695483551456664,1.6415280944442596,1.7626856858049826,18.037506356443973,0.0544001018911897,1.86743083983887,1.552312700089771,1.4672135836645732,0.9012274070722708,0.7444770596959942,-1.4840871435709395,-1.4956250355768532,-0.1906900074343568,1.599045358440748,18.004176948095473,2.6261714350674237,-0.3308148655031344,0.2860183616848993,0.6817122995794581,0.5324818887847894,0.2764975657750132,-0.5470838990581849,-0.5443663918078239,-0.916453016942708,0.1374281553587776,17.735166379197736,0.8549811551183812,-0.3350196285986128
1.0495269372582563,0.7386904148064528,0.9586963744426108,1.377441466548976,1.318266311508632,1.3127042832991305,1.9128050927332456,2.1124962580862983,18.361088911750084,-0.4444002449301256,0.9484168537409984,2.491149973537981,2.430294563565353,2.4559250065439087,2.503023084641527,2.2830304574035516,2.2615141002608143,1.4281453740190908,2.3934947273646414,18.91063466728708,1.0740429364506985,2.254298019720417,1.402414970382459,1.4979114104167877,1.5438345384986234,1.6275060641652848,-0.8286323597613006,-0.8352581657901234,-1.4674578621763863,-0.129119892752823,18.179496699621023,0.4425441870753435,-1.31605785979365
1.2644835465181918,1.3011414463450606,1.3562156367502571,1.3814760690514487,-0.2386662058485492,-0.2319649229290337,-0.3145410319649315,-0.3091490722598323,18.163279556020033,0.0938238367816385,-0.2301665999310561,0.9729321142470008,0.8367861897855688,1.1279792430586135,1.1585973667406375,-0.2757400634795892,-0.270044895686868,-1.0600465438159803,-1.1265941657356169,17.623441154458394,-1.584126899681912,-0.2055713347190668,0.7583964713456627,0.8988761988437357,1.014757694227595,1.1712550902494672,0.0655445840897044,0.0762381843824528,-0.0010424881765643,-0.9566540204563536,17.706983877517455,-0.7116284083476857,-0.018764797906628
0.9584651522615212,0.8388290696009365,0.8720393036515506,0.8005101673129611,-0.6657393984453973,-0.6685954504470614,-0.1417827021831013,-0.8768773723937884,17.742609370186884,-0.4111811819129522,-0.78105778919469,0.8555230220287966,0.9765929894523608,1.057262044849463,1.078887576130965,0.4577701807057728,0.4712462083376246,0.7128064895293528,-0.294266073208885,18.09279871958282,-0.812696632352415,0.6918012083978492,0.9820899714026888,0.9802263707409792,1.123693037273913,1.0724206117829729,-0.1849688423680105,-0.1789456599257598,-0.7230396067952527,-0.6502397938736629,17.77429502351361,-1.1485719371145924,-0.2500191585093694
0.9942505421111392,1.2795745093295026,1.2254750169113116,1.423623951585021,0.0236514755053274,0.032603013884708,0.4662541747405264,-0.2479207301857244,18.069703835332817,0.3237283490584268,-0.3164783906955198,1.8509609807692824,1.6344798310933413,1.8954597982131467,1.5525332999999244,-0.4621551109377614,-0.4631623859719011,-0.6649175700518763,-0.4637025869123539,17.782877461994847,-1.4484989310306666,-0.1354181642557466,1.2641430519306731,1.2481162919901996,1.357335577110928,1.2394276182073771,-0.422664546823036,-0.4197838392241477,-0.4454986795290058,-0.6561600146137925,17.53595895283112,-1.083377103126093,-0.1343128537977819
0.9928262477134504,1.2755859517449144,1.0782612994240115,1.2888205918973363,0.1416673605403127,0.1447649799385268,0.3533867984697508,0.0886151368679257,17.60787804824,0.5268258743682736,0.381087763655157,1.262012392042526,1.2179744899519076,1.3122299764595609,1.3575903852153677,0.1976638313723063,0.2006288237362439,-0.0807523159411167,0.4340161336094599,17.560519865186436,-0.7649915051668521,0.2162550610298983,1.3523465648114044,1.0796335533480237,0.950372976514866,0.7854288509219757,-1.5019518636071454,-1.506711706792072,-0.7447094414917104,-0.8432516599783256,17.360765021481132,0.2237761196330493,-1.0068745033208193
0.8295951390800688,0.3353278169926135,-0.3547795326428778,-0.6653173649719565,-2.0242971423873546,-2.0358839781007223,1.5262556602001964,1.5918415688076335,17.747451889877542,2.0455461873632963,-1.645429974142462,-0.2546750016959017,-0.0672871600853534,-0.0805425325483551,0.281618205377757,1.1013683323252657,1.094356212164553,-0.970332749120164,-0.6656310597560936,17.407179555390893,0.0411592185237692,0.8814066080182261,0.9948116146269104,1.2104673668738544,0.2960654328177931,0.1176508977197147,-0.18639267357556,-0.1809841507798496,1.415266045938895,1.9399654701953757,17.772126378623554,1.2552776895277065,-0.0949995634012595
-0.4027476941732819,0.5854349555313972,0.4159753696382859,0.1472264286547218,0.0013250606899447,0.0060337684067145,-0.0728933325546643,1.5396398008958478,17.78708468686269,0.0114256870956913,1.1338521980907568,0.2977744990002499,0.3788924000647619,1.0567920787566074,0.7332651559762794,0.4427282475616648,0.4444671741962139,-0.2030578732927854,1.2174083824420978,17.726491040153864,-0.9971088530487002,1.1908092569781914,0.7985652502381891,0.6592912098857278,0.4632138247187909,1.1390553341375151,0.371390297240215,0.3735262049391489,1.4573052958661197,2.2232885042914323,18.135107127144934,-0.0196834486346282,-0.6048269473598856
1.5690623939222792,2.1553491630182524,1.7659024687441538,1.6573323186286244,0.6845254662901973,0.6830999368273701,-1.262511783479349,0.1316378660616699,17.729142288699688,-0.3701678452283385,0.7028938985938508,1.9803586327963916,1.7250753672636785,1.5514070243686144,1.4287945499798376,-0.0114783293265859,-0.0068377264081159,-0.3166364592831975,-0.168666839931616,17.67563800346886,-0.49739395389254,-0.2437557897523322,1.7338819168214172,1.879917892546655,1.805037316794644,1.634440106723316,0.5812670912928709,0.5813370598937295,0.2393572873174202,0.1735503465143239,17.807394119092677,-0.8468746922090827,-0.6521802516985862
1.4679062747694605,1.3245509169660246,1.2272886351871928,0.9199041610229174,-0.8821334964254107,-0.8771745747177444,-0.9404242675436358,-1.0736058065007992,17.533506993430308,-0.4625593397079431,-0.9591734649250222,0.8530600388910955,1.232818670985062,1.042833891720992,1.5630197027457942,1.0602369165213343,1.0591782355954589,0.8343437702263726,-0.0610850784952371,17.78776094867381,0.3668677233999619,1.3375678958174733,1.455133667466574,1.1879960191720411,0.0699570526499265,-0.0590819376058743,-2.285477533179844,-2.2933547120940454,1.86981249251514,2.0220119061740207,18.39291996459843,2.2685270231124153,-2.1234209719426365
0.0365530868214954,2.5219507651068005,0.6235684418074825,2.5793334972312847,2.6367658958978932,2.6216371094673088,1.447316720294657,2.393560839451221,18.96517303761147,2.7405805031357815,2.5654391494818696,2.596183600072026,2.4914038196197055,2.6843501648766304,2.2265604840797386,0.6844597283800166,0.701118080755751,-0.1273402205543126,1.5880476214897172,19.104455646604343,1.728384275079863,0.4606646604704046,2.3015824940198573,1.5645884242876416,2.170041373021482,1.7227878019628289,-0.249366515216019,-0.2433720439373613,-1.4581459103738323,-0.5143622028795748,18.39907604409836,-0.0781977934850432,-0.1940245822646299
1.6187626966472672,1.1340980228263733,1.5939998431334976,1.2141072411771905,-0.7265644957270696,-0.7345546580381189,-0.792052526408495,-0.862056617850717,18.06575713695599,-0.3709792183395685,-0.6107866854793834,1.2442181223510125,1.2081718023377626,1.3764557240906357,1.3223548412085442,0.3232192217086223,0.3381987082351158,0.4413036608799907,-0.5119753954583418,18.35591074002472,0.0522296983825266,0.1668897279420017,1.3394948899287993,0.9654380579420933,1.1352305555801794,0.8824266464846467,-0.7972821552571068,-0.8064532708752894,-0.6361496047658944,-0.7640110080858995,18.196828203865003,-0.1528965357488315,-0.7744340022459838
0.7927105247878848,0.4123639055565701,0.5512600473150726,0.2755281095235076,-1.013580464469641,-1.0317859187165188,-0.113344486833925,-0.6630330202156097,18.27186167081704,-0.2701205941173181,-0.8913283893705228,0.3012495947104069,0.019463074405526,0.2332730345964375,-0.1308734534795696,-0.6064321176286186,-0.6086372858296952,2.2308344490628564,0.9596765352384712,19.32255364055978,-0.4860149182907936,-0.5061534441115391,-0.1557937341435061,-0.0876567107767861,0.0272997345632587,-0.2246411121187414,-0.0981253761321917,-0.0872845277268983,-1.2129410338224311,-1.0438168072468148,18.206583662161417,-0.235007108065836,0.0801085259189112
-0.1535746281808125,-0.8199849284505518,0.1033078937926061,-0.6469213529241103,-0.1409116225451322,-0.1314984576224457,-0.5761968467658412,-1.0599278344350973,17.853529906197828,-1.0102436935563306,-0.226601249644955,-0.1393597911901434,-0.2004171032286058,0.3735196182375279,0.461951643600639,1.0544526098506966,1.0537545829112356,0.1403643555977809,-0.7391798869102749,18.008390411903665,-0.5334099771140591,1.2954129486899033,0.6719343066627345,0.2721760060075253,0.8879972729912086,0.6922747662982008,0.2552245809430243,0.2608054672359267,-0.3892274666455816,-0.7914557290268338,17.722977219002537,-1.1971266828801352,0.3138688442973082
0.969621552936942,0.4318060886779829,0.0668584100517113,-0.316864433019453,-1.0269233906065742,-1.0300678230329547,0.7232264169380191,0.0612550683750923,18.228826305281295,0.7863577704917086,-0.8316316483557472,-0.1737482237390566,0.8603588445616935,0.733995994334243,1.3777984422121503,1.5904966083281626,1.5789646261654178,-0.5854420824840152,-0.4302465573356654,17.916547691552974,0.4742983846374332,1.6921441849338184,1.001623728021004,1.716174872127301,1.7188218012474747,1.9236555401111743,0.8712523125149721,0.8735647773217572,-0.209366382662052,-0.353451219955722,17.87674982038353,0.2461110374547546,0.6074620175757952
1.858065949960704,1.7366783773865695,2.103975445913974,1.6829560642681638,0.1473199900335874,0.1542246151625982,-0.6181970181688612,-0.7209167767671756,17.43637347632038,-1.6347515896334242,-0.1314876896328208,1.690728716103784,2.0123611415132365,1.882473183722365,1.822612896171436,0.972232670423302,0.9704461903901076,0.6430987506009331,-0.051646022757267,17.916704956400427,0.0507825116167258,0.8387415570191878,1.924218911140274,1.6990939996206538,1.64923342177008,1.5775591644872364,-0.2289788243887742,-0.223049756589607,0.056856837783079,1.7565452105607695,17.894502892156215,-0.0810838551334863,-0.1813350191370956
1.6068259588653435,1.522345531844889,1.6808120676054572,1.369424537242515,-0.45158403953763,-0.4460430456689718,-0.511350361032043,0.812930956705661,17.688295750892944,-1.0653981510289965,-0.3779068186872432,1.4586110200017506,1.6628118620649956,1.6308815331116555,1.55813113820508,0.6072559959427469,0.6080701592913808,0.6600639781153752,1.6539061249055156,17.95271824617976,-0.5768050471262623,0.0569272599720981,1.4158341456572787,1.2598693622689892,0.925664797638194,0.6804226557553388,-1.8282603868754772,-1.8400557535214923,-0.0437331130565206,1.4240310214140124,17.98543559458111,1.3862434012024556,-1.581089304837776
0.8673241775818952,1.0750853605776856,1.1054746670565552,0.9024317309083856,0.3351791841801891,0.3396604685986685,-0.6625797099030035,0.3528227074330128,17.786679464204358,-0.5869321580720979,0.1970910863363438,1.525955319236648,1.4718944995407082,1.4641719528467336,1.3667399725146678,0.4128536071476985,0.4143996738211968,0.5888287153684866,1.1526639860437098,17.952775727078436,-0.3797926711186167,0.5753218494837334,1.1759500905919011,1.1442934558959892,1.193008036098647,1.275865725032867,-0.4881914586918252,-0.4796384075813039,-1.0538015772106726,-0.3722976553747045,17.58214474278905,-0.3840383925239145,-1.0190349608646418
0.1420640844901938,0.133911202774636,0.0076046369904399,-0.1186352485093761,-1.7962365872777384,-1.802553081688552,0.9110512501399186,0.6933845032870596,17.864611925576416,0.5278231868640716,-1.3705120068693497,0.1288657527411371,-0.376757250024091,-1.1797156518710157,-1.5475723829783472,-1.2147616415848774,-1.2146640778263775,0.2136157969503397,1.1923754816756755,18.005689420191466,2.2422926118323914,-1.2371294060225648,-1.497148458261135,-1.4833470903561456,-1.0206547397775043,-1.3529860375497198,0.0820745011977574,0.0891652700366699,-1.1203990375892732,-0.890899111923127,17.710417943256957,-0.6739437734678567,0.7228445347623679
-0.8679787394430556,-1.1846915730333034,-1.0619500614395283,-1.22603723764446,0.0016175333107695,0.0089800128881866,-0.1020212677456357,-0.784648399470422,17.690906943467997,0.0554552464940859,-1.009835798223102,-1.3639383773011808,-1.260059908840895,-1.0058349872530374,-0.8441309850736535,0.3778435341262402,0.3829990732110948,-0.7674246214422888,-1.5649690412367616,17.50339704424879,-0.3078731113600508,0.6739386847652403,-1.200365082831855,-1.4220722850320828,-1.7119855081108084,-1.7106306343607132,-1.346039240712223,-1.3525205021331586,1.8825401093694112,1.0446488815107002,17.939051413363753,1.566343028136712,-0.2898215208845407
-1.7016488662833469,-1.7009569636701456,-1.6351816779611543,-1.471685949574118,-0.0252893071784246,-0.0181556695120598,-0.6339901852086042,0.0650483125352984,17.754977529000836,0.7683038356040378,0.1482532843837677,-1.3647570933641855,-1.491174641900458,-1.1291517436590175,-1.1220928495917848,0.5241356897517583,0.5272282959282261,-0.707960974863068,-0.9475092273381132,17.54364199878093,-0.8599954297516474,-0.6597029433810232,-1.3975871204933934,-1.290983647896803,-1.0077887302398376,-0.914957865928287,0.6562985111126287,0.655984924528487,-0.3794064198497781,-1.1119109180183329,17.407653342821423,-0.7895484991096621,0.6054822638670913
-0.8835136643888115,-0.983094236742191,-0.856745141362101,-0.737730754187244,0.7475197563470489,0.7459439656779392,0.4687354832642146,-0.4522031285754837,17.544663079965805,-0.4528245324064249,1.2440955105030491,-0.2664216422784076,-0.0598594519358687,0.4169626083520497,0.3288141703197185,1.4136878465571454,1.3988811412550188,0.7637996657274798,0.7832405709537213,17.728259319967393,-0.9510111066609672,0.1290690007244411,0.7095124797304276,0.314973966753394,-0.4738200097314428,-0.7039175897807427,-1.1685215581000397,-1.164702942887529,0.8876082552720901,2.0353423256964533,17.950693130578376,1.5588588300266215,-0.3230622264687808
-0.6822761554132705,0.7237026236049158,-0.1224098581828535,-0.06328531972027,0.7049852497633297,0.70327843369391,1.8403871014369255,2.4884256253461947,18.474871546007275,1.3957666006355478,2.3103909683023787,-2.652498362061158,-2.098827812865003,-2.6820678659754,-2.3252360817261652,-2.163727892765041,-2.178177019592538,0.0052130284851455,1.7518101130364296,18.59923354958349,2.624924442256628,-1.6142733760309491,-1.402600437502655,-2.011387953477605,-1.52030110279022,-2.0321882629046613,-0.0910563747044633,-0.0817459814087894,-1.5277010094675498,-0.2073155840860442,18.059144014952064,0.4899762632364887,-1.379211445229069
-0.9843604406917849,-1.052067812413371,-0.7073711950366413,-1.1877744868893838,0.8976871818664339,0.8870647752487417,-0.423457886808458,-0.3946947218163966,17.966808713978054,0.0738534129178731,1.36364174663952,-0.1612873598500766,-0.7895588752299546,-0.3350691058016724,-0.4234445465742582,0.9491379730013249,0.9365112049304896,-0.9183014581448118,-0.8715265529050201,17.66907997941691,-0.3347781801085658,-0.4062342391928266,-0.2073814939374681,-0.2575854838362845,0.1028874501359939,0.1804725899599136,0.7178659535887306,0.7118161961910321,-0.4733873303547922,-0.983352051781322,17.557968716675223,-0.5110256118052563,0.5204653988851518
0.3285635392308361,0.2884677616953381,0.5873502562037435,0.4948846172976652,0.3554161107968976,0.358078138650933,-0.4647065883466611,-1.062029507329556,17.453835944395262,-0.7328177641940326,0.3389688388208615,0.6958381307608893,0.6833200666343879,0.943105140600102,1.1192013029371906,0.7553908786332681,0.7475601536845418,0.3686347094054031,-0.8206408734604088,17.603223545756833,-0.9105687450422054,-0.0676704002378395,0.906284734180319,0.909989622220428,1.045144100692021,1.208632406429294,0.0930693739416782,0.10082962110586,-0.232056307863453,-0.7700612211330884,17.552241664554714,-0.825688945375462,-0.205861703434558
1.3960186347276988,1.2805872025919636,1.2470499114033071,1.4451178030503318,0.5240717795456278,0.5205744710104382,0.3317101696646906,-0.4933318868188574,17.653111717370063,-0.8429360076192844,-0.2643499395317757,1.1715663079182856,1.4595774689567391,1.1914882854849185,1.3908670992467032,0.1439280781594746,0.1499721200850604,0.120900209700325,-0.2388893377446676,17.607402295295074,-0.6224076855383333,0.3916829068819113,1.230282534577489,1.0677338334794648,0.9979727503209213,1.1183186837397423,-0.9856614978333488,-0.9828404409605732,0.0323076987003101,0.4431753001615376,17.52143887575516,-0.7450730204143796,-0.92841393306537
1.0629767730782498,1.1032699970425046,1.1655606880201186,1.0546290600961836,-0.9795113686548528,-0.9792044707511488,-1.389802958303733,-0.4539101432214639,17.226625299639036,-1.2391537136537094,0.2659458225528012,1.056038831163311,1.0722976930405757,0.966153017629269,0.9174701760947184,-1.1835635042298571,-1.185887537697108,1.3114864191610671,1.4148725799997592,17.36413610245701,-0.4548063725356913,-0.7422994368649207,1.0831956008993902,1.036963762221553,0.6515138203968407,0.3857908337933542,-1.7250552773394778,-1.7330581015644475,1.6125923467621073,2.256307820225069,17.592751125680085,1.145068892142547,0.0077061620261127
0.5569938874884508,0.927379873056688,0.6610335094503658,0.8871225012278449,0.7126707380291238,0.7140833695424629,-0.7437667044317091,1.1469407678054544,17.47076344845192,0.8561628818442045,-0.1578478484214638,0.7618586190876141,0.4863627101181542,0.381341569153415,0.9923889843709915,-0.381763291111488,-0.3792077272604835,-1.1846663293281747,-0.275111717700872,17.236582492440483,0.338483147328573,1.1274708569113785,0.3364022805756396,1.1190942034120253,0.7482354722925221,1.2645114779416111,0.1176416931511748,0.1203123509112767,1.062809140589648,0.7419248548479594,17.39721120544193,0.9102328859834417,0.546525054034883
1.474539190773159,1.690049318518465,1.4291365428270857,0.2144495288321541,-1.3098026627612165,-1.3128586558718287,0.3224871109215867,1.046777560407987,17.45446948553988,1.0102363977688076,-0.0878701732817328,2.0768581734587253,2.3548242868682836,2.445061569391517,2.1666254173389015,1.759951145496179,1.7532795376139123,1.636414369051772,2.2372567655595903,17.764950747317997,0.6236480677419356,2.0059908051467854,1.7045747798846425,0.8659280434113614,1.260393094492891,1.264508201462692,-0.6722017844208931,-0.6717442959885901,-0.0750229164760747,1.6344177793476742,17.785628890414333,-0.6683745881711637,-1.6414720871165185
0.608482041621478,-0.0011650082950051,-1.8651007810734923,-1.9608737227942976,-2.250034944564657,-2.2626319805975665,-0.4569747612299621,0.9596966578508728,17.731338336056336,2.4727285496578997,-0.8139788013576862,-2.2041321967684366,-2.3566514439878103,-2.142398757795795,-1.9314157940189496,-0.5297755952797291,-0.5242637294168201,-0.9724523067852222,-0.049626192826543,17.59606178544754,0.1664030033125504,-0.7747985040068854,-1.6504632413165108,-0.9143012058772828,-0.7343887561872785,-1.1312474715577705,0.7219783001504276,0.7212812342403351,-0.9670249360186058,-0.9749190402492536,17.415979502213048,-0.217994417917839,1.167215027666507
-0.7380492207610115,-0.8502921029882015,-1.0607989064646193,-1.3563510269440913,-0.4544251250615849,-0.4483009175948227,1.463590236689642,0.3817579278830147,17.69548548607487,0.819627956169353,1.015733936049012,-1.390422484305737,-1.5786026873153882,-1.4711354720794003,-1.080199500727505,0.2672940586489297,0.2708478295226907,1.3851762297563994,1.585045028370206,18.022886157033803,0.1540684149334332,-1.1901091230772598,-1.4677284093503082,-1.2334156173480568,-1.1809895689746817,-1.0550664654939896,-0.0468578827173334,-0.0416822138898661,-1.3528426226154031,-0.3026093915145023,17.75885781601767,0.1925137259670724,-0.7235941171875166
-0.720453376988581,-0.700211200714421,-0.7581338607191634,-0.2583959545075804,1.167862303408196,1.161551423760902,-0.7717611481951513,-1.1215489262060745,17.61295515991286,0.4137119565954015,0.2051630750491407,-0.3597176069644063,-0.4601053832099328,-0.2158106412026165,-0.1280255019877086,0.176374107549754,0.1807848930727314,-0.7505812241698836,-1.52563723994816,17.43980351645655,-0.6956423442399061,-0.5295052881200764,0.0725290159586541,-0.1589271041047681,0.5711300620207804,0.0091964045646858,0.1883425524214378,0.1918844764505644,-0.0168591111552315,-1.1948400655627571,17.42010040951595,-1.5259199699172872,-0.3380361976670481
-1.7079224275707547,-1.913969911657326,-1.8545380021617128,-2.4617752662041212,-1.7070403398645624,-1.7125764636589458,1.9694951021125848,0.848640756588173,17.899087372172144,-0.7692208953539343,-2.1135197751036445,-1.7751087312113556,-1.7115192112859616,-1.2960718951942318,-1.6373825539838165,0.453178904960123,0.4541590366758876,-0.8560277679843122,-0.2885676562836253,17.633646991776924,-1.386755513317066,0.5693907873063374,-0.932320570520681,0.2047224527961033,-0.1806199342154712,0.040729709456585,1.4712938139376797,1.455823201099964,0.7954670171427096,0.7991609001416154,17.90810193425364,0.950895059604523,1.6325349667448914
1.3429974032925625,1.9421244740172292,1.9161633937146776,2.1809817961451996,2.010855812192521,1.989268742876818,0.0583442460923901,0.8751844774660763,18.016933674170815,0.7085735323982946,1.3768203872997158,2.023305007843829,1.955843168245205,1.9271439251578135,1.5090961145749566,-0.3796103251677311,-0.3739828348591424,2.763651387938377,2.764734526098276,19.579697711819932,0.9063153705735414,0.0630079671171605,1.1567673993734338,1.005547578328852,1.2086187447820915,0.9082021630445508,-0.5978009440064422,-0.5947794546036617,-0.9057306266216733,-0.6128716138482502,17.807194678268687,-0.4525307577905493,-0.5858113249197175
1.1507444812892216,0.8154141033206262,0.972281046170376,0.9158927370724922,0.0351829023526875,0.0428124135847725,-0.4097900577922576,-0.6756290527106561,17.58956034329929,-0.3657051788679124,0.1616977803548711,0.3452113723414591,0.3583931050109331,0.5051533388949097,0.597164436923172,-0.3674150209627436,-0.3624041648961577,-0.2875481256078029,-0.6414721266532343,17.560503320263223,-0.4909554599550234,-0.0909277184307916,0.6969555054455803,0.4860163413047922,0.6617370659396128,0.7217962047730863,0.1687373624891902,0.1765722509870353,-0.3731650655490595,-0.6726572603242541,17.416561055506914,-0.5889935367013153,0.1018700660195585
0.7929443922112336,0.5645515257711133,0.8862822637093477,0.6538362480181259,-0.0769004787842815,-0.0696273386082603,-0.3189488543117215,-0.659472660410651,17.34263552561351,-1.3602978288031555,0.137682962281499,0.9088994307290926,1.036872850674302,1.1631645114103362,1.4887482286718934,1.0885288921380762,1.093569277817913,0.2146669708341948,-0.3513749540445072,17.814479789926473,-0.4058132016972174,1.2452667572272718,0.7042784312923044,0.1412346845411629,-0.4364585903384007,-0.3432332197415425,-1.8367064625887024,-1.860168012661669,-0.1680021636903775,-0.2474196304672895,17.963158908010218,1.4629425745321591,-1.712494554774736
-0.9358235081106828,-1.1786240721878058,-1.3194411589786657,-0.5393177529187962,-0.0195786484981655,-0.0117145087901491,-0.6022897690251772,-0.5158304033057094,17.30839340657401,0.3247139503158813,0.0972022609487338,-1.3452284960664795,-1.189764869669662,-1.0470304265453605,-0.9008763383039412,-0.2748194991597512,-0.2687385779853559,-0.1931393367980811,-0.4059396210348535,17.343170267685633,-0.2838175276778321,-0.215295667843559,0.2180484239485254,-0.5021013018123176,-0.5280104927785062,-0.2887329980742311,0.4232456967949394,0.4264268703684821,0.4686437361539491,1.6225358409756536,17.43303097736223,0.2083958008294623,-0.2602210595716203
-1.3659317279545151,-1.393339120696652,-1.449000253566692,-1.9021069438536724,-1.3902994878634238,-1.3934671013937334,0.2026674786461957,1.6618072719498855,17.4919479547013,0.6677071643783478,-1.1123962670309284,-1.1742068208735006,-1.02266162148054,-0.5305522550889965,-0.3577898089646548,1.183720854182382,1.1760878917294253,-0.7131214113280772,0.6797338143290785,17.276726919255125,-0.8781429023987957,0.9055570114936726,-0.7609301563583972,0.6070254546063006,0.0973543527181945,0.8505070368813422,0.900483017197497,0.8967840131725665,0.1497471760178895,0.8213233949608533,17.329771738663688,0.9744644298023806,0.8360840253162278
0.4269227393812083,0.4410688382673895,0.954097645152822,0.6116312896628803,-0.1765032818530713,-0.168473762447726,-0.6117725615043804,0.0970076540812524,17.154247293765575,-1.2182496657499668,-0.0251067646932199,1.0625563391500934,0.4062286515115677,1.018380145772687,0.116681990505528,-0.3842163087703565,-0.3767165208015147,0.345676426430601,0.4715610295888738,17.273693036596026,-1.39649469527472,-0.9538577552395092,0.9241174758180816,1.7277866431251463,1.7053758925900873,1.6304507940455204,1.0590692221528184,1.0534382625711864,1.2089175323443937,1.5144295033327155,17.501438184719355,-0.5273748255282018,1.0843803748050176
2.221692662727688,2.3926856156617315,2.064195609955106,1.8017439990578743,0.5894286019112592,0.590835769362944,1.9974865806647517,2.401132495277785,17.98606589537548,1.256734459171381,1.686626171569621,1.2127324137151323,0.7009922894456446,1.0544493238207435,0.9788491141975796,-0.8231924037483689,-0.819862065458256,-1.7788446153081805,-0.0241550277981881,17.34428584117331,-1.0703944371423075,-1.2040609109661893,1.398937034553833,0.971969448020322,1.0194346565287673,0.8863092770624348,-0.0992811465884758,-0.093066969018639,-0.2318205203142861,-0.2603238180375055,17.31183025330017,-0.1237719061426349,0.1194177843716861
1.6171727760289984,1.2779989645739742,1.5237358333259636,1.3135264674165994,0.6349851972689207,0.6359235291277321,1.0844281910673164,0.7406787022593819,17.65348868770961,-0.9666773355916536,0.5888603090950648,0.9924805161664058,1.2097975932327822,1.396710576411953,1.563975758996364,-0.0225959221162526,-0.0180832089657328,-0.7897128542649641,-0.1318181697423679,17.4060740970743,-0.6261615541199232,0.4282654446931282,0.7065200391666049,0.9037413355797655,0.7589779404415501,1.1949102255817223,-0.7462820395695826,-0.7446850780977635,0.0193618422968756,-0.0394495655120108,17.475131140602937,0.3894438711388388,-0.475898517635863
0.631930745051427,0.4301101356393351,-0.9812446911761978,-0.554146972925046,-1.937906592481342,-1.9499854901574312,0.7655669656781514,0.7857622029099082,17.77225835129714,2.394616224518692,-1.190063014553305,-1.0217529979156492,-1.1240792289063593,-0.8328919750648983,-0.7102902697204007,-0.1354080662041962,-0.1300213246227362,-1.329607165454758,-1.0516755247081615,17.253023828886615,-0.5654599183578924,-0.29022487534509,-1.1640482800761538,-0.4874253847915944,-0.5189319207482757,-0.6850657217375511,0.1704218447493198,0.1746000031304906,0.4567879800529521,-0.5065556179742475,17.473990106958794,0.0699762319273859,0.2102388019647252
0.1449376885804938,0.0315864555972789,0.5799246875382923,0.1288861096621767,0.7458988055631334,0.7439194329740102,-0.3332518290124409,-0.6266398905075261,17.401446046432213,-0.7610991145067654,0.4477579801302566,0.0613571151151712,-0.0083756477809279,0.4832670599680144,0.2651153443655765,0.1237375765983314,0.127405165590729,-0.0132626680596344,-0.3057189189351433,17.382708164045706,-0.6976397958028575,-0.0144810143382786,-0.2396963763120286,-0.5685836538288569,-0.6963698401703636,-1.2369158144173795,-1.3953231877811154,-1.3944257267002025,0.9913422893393362,1.0972171776733115,17.66716555489797,0.3853286663261704,-1.5811073811937295
-1.464792495792916,-1.8384797958409576,-1.778945032086323,-1.9998265218083473,-1.3204242009947422,-1.3217663576514471,0.938508167950608,1.9491346391864433,17.980159813081475,0.6732149112952603,0.0984583611521347,-2.5108052159144583,-2.2059322099993546,-2.155830888613951,-1.9501860393808683,-0.7387563303766337,-0.7357595167348463,-0.2016094245798394,1.4532913732326014,17.99414573119117,0.9173689764322044,-1.7079620022744726,-1.7740468539075296,-1.9806256423131543,-1.7156755578345158,-1.656494125568288,0.2172607969103112,0.2214297195037953,-1.3574663469136954,-0.4116222668550138,17.620938975469443,-0.3657314304271889,0.3426197196459175
-1.2767855432902828,-1.361958344783522,-1.146271730658448,-1.121516065171565,1.0834221089619858,1.0806510385745365,-1.2746977533255683,-1.4412280863739972,17.151682224273472,-0.5016405194024958,-0.209053482754087,-0.9225780166303318,-0.7429713608763795,-0.9457996493380038,-1.045714794806459,0.0251777357569033,0.0293312846302468,2.097436354020914,0.5985154527485111,17.814831750914642,1.30610437933158,-2.1386409561697355,-0.4363470918874731,-0.2814820342428888,-0.2092358736865629,0.0381175121266152,1.8570239434480864,1.8441824748613085,-0.8035032270316038,-0.5256021832952718,17.55645340861097,-0.2040234348483388,1.4620799503034043
0.1441867439834682,0.0417050619639493,0.272589105207711,0.0747212848236161,0.0477183374762616,0.0532416386835623,-0.3708736579964274,-0.7727739866453891,17.461712155886524,-0.995840690546075,0.0047871026196178,-0.13618078572276,-0.4964558517146782,-0.5910147806020261,-0.4081006530035957,-0.6909105111773371,-0.6914474404194694,0.0598125112818136,-0.5441541433485325,17.553313524499227,0.581376434554155,-0.52647662282657,-0.0640349694431965,-0.3741103530805025,0.0711637267153801,-0.2328692339620163,0.3335367574297287,0.3397267198653133,-0.2770738953049189,-0.6702624805897344,17.514298287591618,-1.3268856295484155,0.7985536165407788
0.0183900196639496,0.2581211954270967,0.1210881741384293,0.4074259265637853,0.5285582272451708,0.5336016958987613,0.3746883205222315,-0.0112524116583654,17.698438394256435,0.2521845457660745,0.7223802985551152,0.6917970526947033,1.408000568902449,1.108070649345522,1.6257925722088102,1.1714237617407537,1.1715339848965518,-0.2387953539022261,0.0509201792592553,17.620480527340796,0.2593862152343074,1.5897584822314683,1.1186725451579025,0.3540281246772297,0.6339680219624667,0.0740209900356772,-1.3982837684964446,-1.4069895863281237,0.129099804214012,0.9722986126020696,17.68512074167731,-0.7693533302238804,0.0368654941632953
0.4056791946276996,1.535691165608594,0.8961725271945875,1.2598157430061654,0.9321113410704972,0.9324029884502102,-0.3122526949988883,0.4772699319030579,17.615170833799944,1.105810585138156,0.7068014338143869,1.284071127195603,1.5201878460377387,1.3696488700044285,1.134530930238307,-0.1034847904786805,-0.0985697223699124,-0.7505830045498437,-1.1904080552860097,17.404895618146483,-0.0827891866359998,-0.2018958976157678,1.7339313939253491,1.1264652002497453,0.8242869974365498,1.3046316685984476,0.0183351003014161,0.0233199012526595,0.0499691787167225,-1.0001705698977277,17.375692659489594,0.6802541202970976,-0.0003674289329625
1.7028389954285696,1.0390194602574474,0.6161995608462556,0.923348163359098,-0.2971574596700612,-0.2932953779582241,1.4742271042940251,0.5464477312547436,17.555755452613166,0.9793940599219804,-0.916119661347404,1.0819907640419837,1.1324373608182956,1.6657601670154003,1.3125938739832772,0.4991359447083661,0.5013644540630957,-0.7780406323894193,-0.45382584882401,17.457515912334365,-1.1944606752489202,0.0784071798946968,1.993356347738988,1.787544992726473,1.9399628901304864,1.919150154337979,1.0782545009726805,1.0743493247383282,2.733151751476177,2.715888648534898,18.31701657756908,-0.1124517115698859,0.7860766308742224
1.9159463450741383,2.017599287536716,2.1923758904305424,1.96364299137809,0.5392501798093682,0.5398078278225634,-1.1812721361947405,-0.2989362811433464,17.64385193119002,-1.680000971852396,-0.0572304058102247,1.7315461831919523,1.6085876751284505,1.753033585010381,1.513433034404979,-0.5541867829165097,-0.5498619745595441,-0.6249732613335278,-0.913173234464092,17.327008264312834,-1.5698697499897811,-0.1077809421197483,1.4466853926872678,1.7001266647332252,1.3975266656052685,1.638768665866576,0.7444120557011636,0.7433815007086104,-0.3646967861225336,-0.9983020325766824,17.164761835713872,0.4286611441587321,0.3899230423433845
1.6127398681761065,1.894259364017224,1.6777112082632155,1.7240662617798643,0.5688946435497458,0.5702006450960623,1.0921555098910012,0.2576219767493157,17.689563768314784,0.0839121818187122,0.7026033410608382,1.7258509919423288,1.7333286336314675,1.5890714465343487,1.768513947663556,1.1754136787461416,1.1733695207021335,-0.5021769488101355,-0.2585449470785268,17.475501760717165,0.4384495915635595,1.5177562443199832,1.7833688594317592,1.5414503177495873,1.575077554156,1.445340935855011,-0.871162196530767,-0.8702235996304468,0.0472818874213624,-0.0045503443288122,17.60838737156068,-0.6241009617517715,-1.3441400801138277
1.5513957545173596,1.3106243509258582,1.400772860262903,1.186068830054858,-1.013625002579145,-1.0135284571935197,-0.3817408425324293,-0.3278316235981323,17.505237178131694,-0.9274704648783888,-0.2248962779324448,1.1155637321870742,1.1124059207447898,1.193891193606595,0.9799844845989036,-1.2393764524673674,-1.2407778589302492,-0.294891854678211,-0.4466315367413252,17.4229250705928,-0.6369575169838235,-1.344313540361799,0.7764962753445033,1.3862296278653483,0.969414420507882,1.5238927132633464,1.397241372380465,1.393308783599153,0.1813110889852031,-0.0154925513129441,17.61434697038983,2.064565988947387,2.1124832201408124
1.5287065842458694,1.34203897284311,1.5108807520513825,1.4477749768985753,-0.3438850311465607,-0.3416837718327505,-0.4081344483246044,0.2438009775512196,17.42412313969831,-0.3464234975028306,0.2157173663765921,1.4333958055450051,1.54145243988696,1.4025037179168391,0.976192510736535,-1.4294566445347785,-1.4346998950274243,0.6678391274977642,1.485224881725466,17.62673597727546,0.9635237980207668,-1.753475536664442,1.0197571035509252,0.96276727932214,1.079703532561226,1.195389404636282,0.0792093451369425,0.0821999120109808,-1.0470311693384016,-0.6691881449267669,17.305252892864427,-0.5216598646136958,0.6811515895217716
1.1097557038049182,0.9895089513769764,1.12673552950457,1.1200430865165671,-0.5726477238707607,-0.5715137801109009,-0.121655078163157,-1.027694812609163,17.316713171314248,-0.439249740993493,-0.3415091503204836,1.0403653009711864,1.402237481277724,1.3757505918436372,1.7383725405836328,1.0266563930052637,1.0273648529458963,2.0803830724588885,2.1434553922895594,17.760867773493636,0.2339044042211032,0.3636183275752551,1.4899341365894987,1.7202559765864058,1.7239074181027123,1.836376493346251,0.8185629722888627,0.8203382548808045,-0.2415409805749326,1.4100229000807654,17.754300140903144,0.5197895946285043,0.898946618363094
1.6692124681963716,1.480269529006012,0.8385462778683923,0.1544584608030456,-2.2472585434273493,-2.258373962847274,0.2397842709060756,1.4938300674027072,17.85459081139636,1.9785490606855816,0.2487170603534426,0.0983929990966859,0.6522650143621072,0.4554503499544526,0.5496794699883165,0.4000932895743246,0.4017146400461839,0.0312538468323398,1.2956263493775984,17.924453066467066,0.6306272818357175,0.1702161897118645,0.1238001492559768,1.4503616242871018,-0.3035517806885822,1.8394038498217575,1.214025711307642,1.2035469398411678,2.505279040858202,2.6334097707309665,18.809306875609565,2.29737917748159,0.0652415270451811
2.230583723379548,1.3890910005181163,2.40515629113578,1.5945119561963776,-0.0357618726195069,-0.0306852524643997,-1.4925008847187702,-0.908121484102118,17.52563280282139,-1.069241129222149,-1.100312413779163,1.7760787546431869,1.7661510660610482,2.025711493789889,1.7805384620023992,0.6527219929558712,0.651394534274966,-0.8991472421210738,-1.260242009986168,16.961157451901094,-0.7449050391004747,-0.4410903093745442,1.816551675787462,1.7175641839781275,1.857387777821079,1.5529260493005372,-0.1726944422690969,-0.1667522962930937,0.1392020059763252,-0.9463190572991984,17.12009060920619,-0.8203661973161774,-0.3919510825757431
1.3631723931936142,1.119479040856142,0.6438886778771858,0.5811343212391866,-1.3470231187570845,-1.345520129345851,0.6499285307598722,-0.5054707930658116,17.561604142421523,0.4773408507232661,-1.1704511683847003,-0.0491462496760215,-0.6075175952109871,-0.0160250485629456,-0.4292888830433385,-1.1343557470938304,-1.1326934428674833,-0.5333771648803849,-0.6740358108765614,17.386661690549982,-0.7529380297670395,-1.1145494707002124,-0.1164541004890452,-0.8127610352840701,-0.4095748183362083,-0.90208776488479,-0.5318781038547082,-0.5270235560324326,-0.0023263334531455,-0.4484966231956412,17.491322528197657,-0.2678825818925527,-0.9404889473812836
-0.999399032235676,-1.7649480909335449,-1.7461443381428,-1.864530861014986,-1.5222155709965064,-1.5321210335898303,0.4431314025502289,0.0441572048800991,17.836221156185857,1.099000679049258,-2.447395200691387,-1.753973158784615,-2.0469741320533914,-1.418532913069026,-1.6310295334860023,-0.0137016072721384,-0.0076350599858393,-0.6565297197380255,-0.2911325198029219,17.510473992081813,-0.8142934416467036,-1.173858311417758,-1.377188148869771,-1.1859511968200815,-1.0432401187793938,-1.1494695038025908,0.6424789459255301,0.6445681618112573,-0.0009210231645038,-0.0316410524099065,17.623185890192012,-0.0304677872244085,0.5333593126204446
-1.3799896873992783,-1.2221108100018567,-1.1970482212483988,-1.2816832227465915,-0.5683419749559531,-0.5639397338943218,-0.1586299887984976,1.376163024065557,17.525564271785825,0.3174380010704734,0.5070532385873295,-1.2390018399109983,-1.2265851553201037,-1.1323949212496218,-0.9830037270402524,0.6149174048456922,0.61678643153457,-0.3684118675564207,0.8510502473212853,17.443282956721927,-0.1003012493832596,0.5307211759719078,-1.2321081345413774,-1.4158508407326007,-1.670337381966441,-1.4884060589434498,-1.3862334333204829,-1.3902013878785835,1.6125821158778777,2.152218043908437,17.937971150741628,1.6739094026789594,-0.4358713832736189
-1.7188540720157786,-1.7604361992999331,-1.7225265486749943,-1.562186982892202,-0.0436283213060302,-0.0388727211519223,-0.9130208078939376,0.6779856564794917,17.720120171985332,0.3513448494034922,-0.6586993671197228,-1.3432839620353716,-1.34011569445783,-1.1380556626172085,-1.470486561868714,0.4064123974539573,0.409678171753657,-0.7810785646560209,-0.3403169396958567,17.49017193759859,-0.3705119017017511,0.1227650843666811,-1.1355240314611543,-0.7402578515546678,-0.7065253173751485,-0.5892616571452287,1.8559026563652767,1.8405370267217624,-0.1169928412617968,-0.4904683376511551,17.5001811924096,0.0193695550273288,0.942756052839088
-0.5630569294584813,-0.7703084350957221,-1.512268845445719,-1.8953529855518991,-1.7829583251477894,-1.8000962407910006,1.824889303657029,1.81901265149296,18.08882524776566,2.159905805116327,-2.187090145174175,-1.3985769758474629,-1.5663180151196772,-1.1564220364222275,-1.2635631891736976,0.7723851793218701,0.7708776090192813,-0.3099982396078961,1.1355602886398763,18.0421735003253,-0.4107950603255433,0.4515271377318522,-2.055330896512623,-2.0208897172732327,-1.8919302313936912,-1.7958132927789834,-1.2259724031858092,-1.2285325623805383,0.8179813831744679,1.8733129591709683,18.401196156276225,0.1051099359339102,-1.8965424794674763
-1.9264153847387384,-1.6144621688697445,-1.4846182173734648,-1.3372037580882987,0.7535086905258559,0.7546830157501115,-1.1219205169121875,-0.301024179290738,17.976368268588665,-0.2960482389589054,0.6302960886785007,-1.0406951798532935,-1.0143780677359535,-0.966055342945377,-1.1285081491090916,0.3699072801650944,0.3756671272131892,-0.4006635969347791,-0.6332077366927557,17.913760832950565,-0.1638408809338353,0.3388035089660088,-0.8609688946820665,-1.0295299586190632,-0.9589913944678128,-1.0985363951410114,0.2369769585348484,0.2441070768292856,-0.4768532581382539,-0.98562338371684,17.817335893712624,-0.480289802617049,0.6778638683773982
-0.8111572852603572,0.1428809270132495,-0.3769007046579917,0.2233211509487512,1.599449325363239,1.5769218659880628,1.5581774630011376,0.8881438702173508,18.36794853060677,1.4079569701259511,2.188845891770514,0.3613355196490472,1.3241671981595016,0.8625575623973413,1.5474654991574304,1.404730080088877,1.3862597109550432,-0.7510043000777299,-0.2362293232389492,18.142389122878207,1.4344561514710392,1.1313095770727504,0.9332634772402524,1.1424674085940605,1.3668845406996342,1.4489862833629423,0.0720157481629538,0.0825847160085531,-1.1324936189146984,-1.5091780332024871,17.63291736472747,-0.1499272031708947,0.3749053749477502
1.4949167676313002,1.2135652513531496,1.7320617586781997,1.1957573215317554,-0.314336343291175,-0.3039750070702546,0.2785948991175534,-1.0690230254700337,17.834741788982406,-1.0592953140005896,-0.4077373244206793,2.0614725440735446,1.6886038254783096,0.9735138559940668,0.8084395235027365,-0.5202313908170606,-0.5147463261128147,1.6514316540877712,0.6956536506076705,18.431374372748586,2.2737505151240356,-0.1471503775533841,0.0211022995565223,-0.1819612587503492,-0.1690431289662403,-0.3139315109959677,-1.4584848609070962,-1.4752045340486255,-0.8091475230707944,-0.3667146025693191,18.10683676035289,-0.1108631743260188,-1.0343269304200366
-0.3567422595851833,-0.1400507542679547,-0.1469353823163284,0.2449294649610504,0.7870016184379476,0.7892040089062988,-0.857332268474337,-1.2709835400148943,17.623667508249756,-0.045769187968562,0.4341855581950288,-0.3406742213238125,-0.3517152019608825,-0.020236114815277,0.0659402207002352,-0.2593181061329175,-0.2506751571583188,-0.3331086795526435,-1.190472805887386,17.494852196378964,-0.7519201280037433,-0.4659142259672105,-0.0545216896818554,-0.3113094154169667,0.2523676230876528,0.0359951231661387,-0.0558908010365539,-0.0465759403834504,-0.5655524099989823,-1.284045259878681,17.214214867837256,-1.0094893474325564,-0.2603005621642604
0.0228644465843465,-0.4981774564593874,-0.6029929380261714,-1.3993563258861337,-1.167731073024591,-1.1732940914096566,0.6185228991128786,-0.6735929555512672,17.497043114599506,0.0087070255002743,-0.8444810301974651,-0.5426868601608537,-1.058107041435966,-0.7107689716914485,-1.2221617894472991,0.0927501094256332,0.1018187128149722,-0.3208513518190471,-0.6737449340710951,17.31551505861166,-0.9026434577917236,-0.2562330532978782,-0.71646912395344,-0.0922000423578708,-0.3955739204291392,0.0220700848979631,1.3774192402799168,1.3646687507774478,1.3483757673406953,0.871777254914403,17.79926616372583,0.3577380257896717,1.6678394781226888
-0.1768993318421821,0.3075082457199131,0.3852027376455544,1.223978344412287,1.0298605975969413,1.0248827818874688,-0.5394808014518143,0.2093231835338466,17.62756517295169,0.0432928028346212,1.405858363625522,0.8129323902708662,1.2959528710795796,1.9892288347824767,1.951361444789211,0.9156338854568024,0.9108769744776132,0.3052695019972084,0.707758173930231,17.797322669800195,0.0575894467939606,0.524643946252698,2.2075749911910543,2.07035600225858,2.282166132014245,1.8806019658588444,0.4560058453215062,0.4588112150029045,-0.6021132515224145,0.530308766751661,17.52654773161337,-0.8010213922595042,0.6449961705033315
1.906128602545168,1.513516880157003,1.7616729751893958,1.4466623174032909,-0.5361907888261127,-0.5285010862832202,0.6086158695800727,1.4859871202245665,17.703701850621435,-1.2672413410873975,-0.641833997254717,1.5290798297639565,1.3086791701817282,1.5160060493743854,1.205612400995082,-0.2658895418337369,-0.2589842326916511,-1.1179810194671185,-0.1922707676478876,17.28760746784322,-1.2467725898727708,-0.3520222616293374,1.259663361802247,1.1609979362241718,1.3278896162529146,1.0868624448493354,-0.1394252703298941,-0.1327439541409417,-0.0489995104632262,-0.2073843747990885,17.291100902118927,-1.2082213889761122,0.2898684253512856
1.1352725272349178,1.185591295810961,1.1693131379024104,0.8598869517188081,-0.4774071616246826,-0.4704952006976242,1.5459906598797843,1.58972040017694,17.78952009973505,-0.7162652205668584,0.784106010571974,0.8111868128268906,0.9991244736380231,0.8803384097047051,0.9137553066034356,-0.2325427795456688,-0.229207280716985,-0.3118508563424709,1.012245604134289,17.753715817135788,-0.0973780051742187,0.2317118321852519,1.0413656865881964,1.0921994383224736,0.7989138977971776,0.839887063821861,-0.9366680775715494,-0.9382031106998732,-0.4356403926240983,0.2964245045680936,17.686988634652565,0.1758385968046529,-0.6810240175335258
0.3395434019416713,-0.1478086310169692,-0.4006732155476987,-1.0610605233997883,-2.3085261769577614,-2.322999015564585,-0.3108608463891,-0.0393644509526789,17.609506520468685,0.8725686411310818,-2.401840703989369,-1.225059409260386,-1.406363949666372,-1.3454841869628371,-2.076045157418817,-1.0057855361053107,-1.00198230306776,-0.3439129695209647,-0.4916317755988541,17.532821990371655,0.7390642352888275,-0.0230421694151145,-1.976943121700757,-1.5159609031336327,-2.3374495098530796,-0.6551434689756231,1.4761414571807747,1.4612630277660428,1.1641144990398111,1.400103592608688,17.855634756634863,2.61120965689486,0.0377890366234017
-0.5286549209643668,-0.6969231221283275,-0.9166480280598426,-1.4371481973718518,-1.01651188740636,-1.0150749982687894,-0.7549021200385884,0.0124207892558051,17.66956543123082,0.9125582858055176,0.0100585427205509,-1.3866665565916851,-1.62855823024299,-0.9976576826224736,-1.5174879480575094,-0.4111046752598107,-0.4058834815180807,0.3482070851569444,0.7623419229357874,17.800748727111277,-0.0061006288403192,0.0912089996871838,-1.5089614396892015,-1.8439437099226736,-1.5294467947866062,-1.239420047136675,0.2252133944593612,0.2305509325245629,-0.7157359258280963,-0.4482141196556772,17.670489046595367,0.584797118971333,-1.0702196668959063
-1.353840399306588,-1.223404980032096,-0.718070095317257,-1.0796344049346585,0.2006319635140489,0.2060843749390419,-0.3914490169963331,-1.1953258514571916,17.625952585164992,-0.5503049491464063,1.0760555355167207,-0.9953419257869192,-0.336825458810963,-0.3042945375099073,-0.1612560110301872,1.3008242131278691,1.2947795554399444,0.1775627155139632,-0.7390012449068344,17.65008218365997,0.0705015046180209,0.7115489762491519,-0.736929319581017,-1.278700397620463,-1.7760637091312117,-2.041550279647278,-2.0373921265519397,-2.058830986609301,2.1167163125087702,2.1673905412655095,18.093165091115875,1.8304169492541775,-1.419508130567751
-2.3134818061368883,-2.394527984082933,-2.146728404869946,-2.2543963056100527,-0.8823718558278428,-0.879132983321036,-0.0477599034743436,1.6030177635207563,18.148050173846933,0.4938624966365441,-1.1489346053554312,-2.0478733646547274,-2.037774002985506,-1.8182126410477255,-1.9202016781176765,-0.3730948121285544,-0.364126622659441,-0.9714450162653228,0.062218273855217,17.95143684204072,-0.144589875057459,-1.296000590231533,-1.841539923121918,-1.8545195267420949,-1.8511474574974496,-1.8843656993319524,-1.0066296340966692,-1.006587274675148,-0.3398184519386942,-0.3513732711777174,17.93240398944564,0.4691870205160236,-0.9149088737077132
-1.711227838935624,-1.6076123914018974,-1.3497981729010258,-1.2378184262252216,1.42790703472971,1.4138390481442085,-0.2023715990437722,-0.3952873182575704,17.911646864054216,-1.1140649643858362,0.2602192921357595,-1.2360487442335182,-1.213817761069879,-1.0759513638329792,-0.9750534000170682,0.5882608759229033,0.5920854566011291,-1.0169632382289824,-1.3116958497111622,17.688239588355554,-0.6075506897306644,0.2409632747714835,-0.949617257745318,-1.0002419140630203,-0.7670778223005614,-0.8955711777445514,0.1831257864962845,0.1918636060728623,-0.5156584934643322,-1.3489306056960788,17.563422802897797,-1.2191207177802668,0.8303975664826626
-0.7720505481491436,-0.5287564597626211,-0.4146534682477851,-0.5173959258847538,0.9170864393766716,0.9135390440072988,1.0826447001813848,-0.4444360059357551,17.81160631183953,-0.5741883344794391,0.4999431666929665,-0.6415138227624554,-0.5036122578334694,-0.4246430018098632,-0.48330864177629,0.1717279702404472,0.1809232129239986,-0.560672344588519,-0.8423070508376881,17.704528995752153,-0.507989003754957,0.3933676687347182,-0.7820706580727772,-0.1739019683716583,-0.43849204880118,0.397762563994629,1.226940072526144,1.2154772535923215,2.2052068086744723,1.506155357176857,18.360164001941698,0.4236981973101886,1.8635021794963271
