feature_0,feature_1,feature_2,feature_3,feature_4,feature_5,feature_6,feature_7,feature_8,feature_9,feature_10,feature_11,feature_12,feature_13,feature_14
0.0063123723579472,-0.035170891810502,0.0181654630335823,-0.00024286853865,-0.0645496274821534,0.020783129565067,-0.0270401265273845,-0.0745564249905755,0.0244636420577725,-0.0127308934549152,-0.0738180115948291,0.0227790821348453,0.0191318720090476,0.3810067649002759,0.0516507365216073
-0.00024286853865,-0.0645496274821534,0.020783129565067,-0.0270401265273845,-0.0745564249905755,0.0244636420577725,-0.0127308934549152,-0.0738180115948291,0.0227790821348453,0.0191318720090476,0.3810067649002759,0.0516507365216073,-0.0157542078080028,-0.1697839650627975,0.0335436794226075
-0.0270401265273845,-0.0745564249905755,0.0244636420577725,-0.0127308934549152,-0.0738180115948291,0.0227790821348453,0.0191318720090476,0.3810067649002759,0.0516507365216073,-0.0157542078080028,-0.1697839650627975,0.0335436794226075,-0.0088224430293879,0.1401767548321464,0.0229675081671065
-0.0127308934549152,-0.0738180115948291,0.0227790821348453,0.0191318720090476,0.3810067649002759,0.0516507365216073,-0.0157542078080028,-0.1697839650627975,0.0335436794226075,-0.0088224430293879,0.1401767548321464,0.0229675081671065,-0.0008052693108766,-0.1221325660199895,0.0319330256103101
0.0191318720090476,0.3810067649002759,0.0516507365216073,-0.0157542078080028,-0.1697839650627975,0.0335436794226075,-0.0088224430293879,0.1401767548321464,0.0229675081671065,-0.0008052693108766,-0.1221325660199895,0.0319330256103101,-0.0017392197020258,-0.0435592746614268,0.020157818126703
-0.0157542078080028,-0.1697839650627975,0.0335436794226075,-0.0088224430293879,0.1401767548321464,0.0229675081671065,-0.0008052693108766,-0.1221325660199895,0.0319330256103101,-0.0017392197020258,-0.0435592746614268,0.020157818126703,0.0158925996008321,0.0244230735171704,0.028156418320921
-0.0088224430293879,0.1401767548321464,0.0229675081671065,-0.0008052693108766,-0.1221325660199895,0.0319330256103101,-0.0017392197020258,-0.0435592746614268,0.020157818126703,0.0158925996008321,0.0244230735171704,0.028156418320921,-0.0484795718475957,0.5575014695204177,0.0532512816715824
