feature_0,feature_1,feature_2,feature_3,feature_4,feature_5,feature_6,feature_7,feature_8,feature_9,feature_10,feature_11,feature_12,feature_13,feature_14
0.0011631941927854,-0.140781622518737,0.0407114908184154,0.0108443334606869,-0.2273612239579341,0.0197444920785219,-0.0283524812376457,0.0424206349206348,0.0322708945670124,0.0082807207972597,-0.2622102097529407,0.021973600558229,-0.0011732021765704,0.5083329033589599,0.0251671011391288
0.0108443334606869,-0.2273612239579341,0.0197444920785219,-0.0283524812376457,0.0424206349206348,0.0322708945670124,0.0082807207972597,-0.2622102097529407,0.021973600558229,-0.0011732021765704,0.5083329033589599,0.0251671011391288,0.0199686101507985,-0.0003078712414052,0.0255603464699124
-0.0283524812376457,0.0424206349206348,0.0322708945670124,0.0082807207972597,-0.2622102097529407,0.021973600558229,-0.0011732021765704,0.5083329033589599,0.0251671011391288,0.0199686101507985,-0.0003078712414052,0.0255603464699124,-0.0222648729632554,-0.0408397207774432,0.0487421283446171
0.0082807207972597,-0.2622102097529407,0.021973600558229,-0.0011732021765704,0.5083329033589599,0.0251671011391288,0.0199686101507985,-0.0003078712414052,0.0255603464699124,-0.0222648729632554,-0.0408397207774432,0.0487421283446171,-0.0031409472266497,-0.1762365994184905,0.0246325322746954
-0.0011732021765704,0.5083329033589599,0.0251671011391288,0.0199686101507985,-0.0003078712414052,0.0255603464699124,-0.0222648729632554,-0.0408397207774432,0.0487421283446171,-0.0031409472266497,-0.1762365994184905,0.0246325322746954,0.0232375016451726,-0.1140728871180788,0.0223616987031151
0.0199686101507985,-0.0003078712414052,0.0255603464699124,-0.0222648729632554,-0.0408397207774432,0.0487421283446171,-0.0031409472266497,-0.1762365994184905,0.0246325322746954,0.0232375016451726,-0.1140728871180788,0.0223616987031151,0.0481139346429873,1.662796666096351,0.0719507832128365
-0.0222648729632554,-0.0408397207774432,0.0487421283446171,-0.0031409472266497,-0.1762365994184905,0.0246325322746954,0.0232375016451726,-0.1140728871180788,0.0223616987031151,0.0481139346429873,1.662796666096351,0.0719507832128365,0.0143224863589197,-0.0712574465546203,0.0382235591792943
