feature_0,feature_1,feature_2,feature_3,feature_4,feature_5,feature_6,feature_7,feature_8
0.0039360158298815,-0.0353663808834016,0.0125522114851353,-0.0121242713043477,-0.1145406500279381,0.0125800544839715,0.0105093310240409,0.0776972174930485,0.020529196048479
0.0108362162230266,0.1628372237708066,0.0181672664345376,-0.0049642021516211,1.567460109312548,0.0158915880665095,0.0047722495187012,-0.6683473755608038,0.0167113835019265
-0.0009356844635006,-0.0464776759314015,0.0121818403764203,-0.0305409811879491,0.387257657098927,0.0321141237602091,-0.023998767956246,0.0265070901343515,0.0160195755754143
