feature_0,feature_1,feature_2,feature_3,feature_4,feature_5,feature_6,feature_7,feature_8
0.0039595191692844,-0.118637592695568,0.0124457067896388,-0.0115395645010862,-0.1135603995492068,0.0124269002547685,0.0101226414592046,0.127353236804216,0.0204994418570159
0.0101676656054483,0.1928480204342273,0.018056307662154,-0.0050690211301545,0.5719930507858269,0.0149473080948394,0.0058952442589659,-0.4381341818219202,0.0186662985166885
-0.0012301112236196,-0.068962047087776,0.0131020978546109,-0.0311501816562657,0.4703714803696626,0.0333782882566015,-0.0246748826475415,0.0521660679976609,0.0166063525923866
