feature_0,feature_1,feature_2,feature_3,feature_4,feature_5,feature_6,feature_7,feature_8
-0.0011172112694531,0.636534055405124,0.0151554514722411,0.003269413161532,0.1252386407025583,0.0088120660308114,-0.0073750686584431,-0.1848207216378238,0.0188679082570131
0.003269413161532,0.1252386407025583,0.0088120660308114,-0.0073750686584431,-0.1848207216378238,0.0188679082570131,0.0041468933494255,1.0964340224781464,0.0266772207294367
-0.0073750686584431,-0.1848207216378238,0.0188679082570131,0.0041468933494255,1.0964340224781464,0.0266772207294367,0.0185838552001582,-0.4537030908729896,0.0301157821958803
0.0041468933494255,1.0964340224781464,0.0266772207294367,0.0185838552001582,-0.4537030908729896,0.0301157821958803,-0.0190894540324862,-0.0487036588320813,0.0276209535398159
0.0185838552001582,-0.4537030908729896,0.0301157821958803,-0.0190894540324862,-0.0487036588320813,0.0276209535398159,-0.0127442770585143,-0.0454661232806927,0.0132898650795128
-0.0190894540324862,-0.0487036588320813,0.0276209535398159,-0.0127442770585143,-0.0454661232806927,0.0132898650795128,0.0145659912115185,-0.2721814543028685,0.0157968016204308
-0.0127442770585143,-0.0454661232806927,0.0132898650795128,0.0145659912115185,-0.2721814543028685,0.0157968016204308,0.0157325034329733,4.468927589367553,0.0164594783011584
