feature_0,feature_1,feature_2,feature_3,feature_4,feature_5,feature_6,feature_7,feature_8
0.0021779042170786,0.3985441774956395,0.0208586179993085,-0.0067912638084333,0.0296978532044638,0.0157636594047734,0.0179968742894782,0.2200702688547486,0.0207420822067253
-0.0067912638084333,0.0296978532044638,0.0157636594047734,0.0179968742894782,0.2200702688547486,0.0207420822067253,0.0160128728092652,0.63060625844013,0.0184009370370938
0.0179968742894782,0.2200702688547486,0.0207420822067253,0.0160128728092652,0.63060625844013,0.0184009370370938,-0.0185635417434159,-0.3060585368796602,0.0305940652507737
0.0160128728092652,0.63060625844013,0.0184009370370938,-0.0185635417434159,-0.3060585368796602,0.0305940652507737,0.0041493182264449,-0.093101417890394,0.0184446025386604
-0.0185635417434159,-0.3060585368796602,0.0305940652507737,0.0041493182264449,-0.093101417890394,0.0184446025386604,0.0390147279990185,0.4184319749011405,0.0458499344828901
0.0041493182264449,-0.093101417890394,0.0184446025386604,0.0390147279990185,0.4184319749011405,0.0458499344828901,0.0218997235669515,0.1427502807051497,0.029042221824296
0.0390147279990185,0.4184319749011405,0.0458499344828901,0.0218997235669515,0.1427502807051497,0.029042221824296,-0.0232499669527878,0.0340428105783123,0.0329870446935875
