feature_0,feature_1,feature_2,feature_3,feature_4,feature_5,feature_6,feature_7,feature_8
0.001205351074047,-0.021980705824887,0.0150898060012523,0.0061053876626635,-0.1271070046198027,0.0124233868218091,0.0015384593938261,0.0522099842654841,0.0143958898809644
0.0061053876626635,-0.1271070046198027,0.0124233868218091,0.0015384593938261,0.0522099842654841,0.0143958898809644,-0.0075951127273614,0.9806960304513324,0.0144541018382029
0.0015384593938261,0.0522099842654841,0.0143958898809644,-0.0075951127273614,0.9806960304513324,0.0144541018382029,0.0148765728723123,-0.4358956760466712,0.0206950202691765
-0.0075951127273614,0.9806960304513324,0.0144541018382029,0.0148765728723123,-0.4358956760466712,0.0206950202691765,-0.0126250415247629,0.4780386908383014,0.0205225250354922
0.0148765728723123,-0.4358956760466712,0.0206950202691765,-0.0126250415247629,0.4780386908383014,0.0205225250354922,-0.0036041283919084,-0.2328778399736581,0.0142122000062795
-0.0126250415247629,0.4780386908383014,0.0205225250354922,-0.0036041283919084,-0.2328778399736581,0.0142122000062795,0.0037894747826214,-0.3082948814250456,0.0203458077135366
-0.0036041283919084,-0.2328778399736581,0.0142122000062795,0.0037894747826214,-0.3082948814250456,0.0203458077135366,0.0008580292741515,1.253490536766987,0.0127184737620256
