feature_0,feature_1,feature_2,feature_3,feature_4,feature_5,feature_6,feature_7,feature_8
0.0025455176073485,0.0860791868730486,0.0203077804549931,-0.0121305384668556,0.1147590284680275,0.0188971462997919,0.0069107475191123,-0.0781805129424459,0.0131435380351399
-0.0121305384668556,0.1147590284680275,0.0188971462997919,0.0069107475191123,-0.0781805129424459,0.0131435380351399,0.0188883671243891,1.905873482770423,0.024007731603595
0.0069107475191123,-0.0781805129424459,0.0131435380351399,0.0188883671243891,1.905873482770423,0.024007731603595,-0.0022825886331792,-0.6876552292741713,0.0124251482814926
0.0188883671243891,1.905873482770423,0.024007731603595,-0.0022825886331792,-0.6876552292741713,0.0124251482814926,0.0268385820221686,0.2698436987648924,0.0271429894487113
-0.0022825886331792,-0.6876552292741713,0.0124251482814926,0.0268385820221686,0.2698436987648924,0.0271429894487113,-0.0008150966382567,-0.146180860403863,0.0111245003662093
0.0268385820221686,0.2698436987648924,0.0271429894487113,-0.0008150966382567,-0.146180860403863,0.0111245003662093,0.0083206013732608,-0.0499067493321235,0.0110314027397327
-0.0008150966382567,-0.146180860403863,0.0111245003662093,0.0083206013732608,-0.0499067493321235,0.0110314027397327,-0.0175826697277926,0.5468594984322692,0.017421400593429
