feature_0,feature_1,feature_2,feature_3,feature_4,feature_5,feature_6,feature_7,feature_8
-0.0139712906302073,-0.0187864940340187,0.0184961431728833,-0.0036090278187068,0.4847347994825355,0.012242647790904,-0.0001343230104867,-0.3167203973163719,0.0247855057505145
-0.0036090278187068,0.4847347994825355,0.012242647790904,-0.0001343230104867,-0.3167203973163719,0.0247855057505145,-0.0116729847018609,1.0126243305279266,0.0240783103200869
-0.0001343230104867,-0.3167203973163719,0.0247855057505145,-0.0116729847018609,1.0126243305279266,0.0240783103200869,0.0112678690936904,-0.4672749160489133,0.026376542916613
-0.0116729847018609,1.0126243305279266,0.0240783103200869,0.0112678690936904,-0.4672749160489133,0.026376542916613,-0.0190628317940214,-0.2491674595623215,0.0264927981551213
0.0112678690936904,-0.4672749160489133,0.026376542916613,-0.0190628317940214,-0.2491674595623215,0.0264927981551213,-0.0132750047036964,1.1197528908601295,0.0171023830401696
-0.0190628317940214,-0.2491674595623215,0.0264927981551213,-0.0132750047036964,1.1197528908601295,0.0171023830401696,-0.0038835477146373,-0.0759228814825885,0.0202845821205633
-0.0132750047036964,1.1197528908601295,0.0171023830401696,-0.0038835477146373,-0.0759228814825885,0.0202845821205633,-0.0023669885250937,2.831069060326702,0.0277423785157982
