index,subsequence_idx,score
105,105,2.48952
211,211,3.39629
213,213,3.53517
214,214,3.66338
356,356,4.29114
358,358,4.20649
359,359,4.39301
443,443,2.78744
444,444,2.78513
469,469,2.74669
470,470,3.00707
471,471,3.06728
493,493,2.62359
494,494,3.10284
495,495,2.93424
496,496,2.84681
507,507,2.99452
508,508,2.97273
509,509,2.8553
533,533,2.46169
