index,subsequence_idx,score
104,104,2.60668
211,211,3.05687
213,213,3.86089
214,214,3.4011
356,356,3.9384
358,358,4.58447
359,359,4.15504
443,443,2.95575
444,444,2.73719
469,469,2.65304
470,470,3.2522
471,471,2.83761
492,492,2.48754
493,493,2.63076
494,494,2.99386
495,495,3.05345
496,496,2.80241
507,507,3.12083
508,508,3.22062
509,509,2.72265
533,533,2.58657
