index,subsequence_idx,score
104,104,2.52384
211,211,3.07944
213,213,3.59637
214,214,3.23859
356,356,3.94881
358,358,4.26608
359,359,4.0733
443,443,2.79527
444,444,2.65251
469,469,2.58341
470,470,3.03658
471,471,2.75457
492,492,2.48009
493,493,2.6121
494,494,2.88408
495,495,2.86555
496,496,2.6647
507,507,2.87399
508,508,3.01041
509,509,2.64152
533,533,2.61264
