index,subsequence_idx,score
104,104,2.45718
211,211,3.41838
213,213,3.65379
214,214,3.45128
356,356,4.22684
358,358,4.29047
359,359,4.19233
442,442,2.51663
443,443,2.84001
444,444,2.7636
469,469,2.90896
470,470,3.06082
471,471,2.84839
492,492,2.49477
493,493,2.60645
494,494,3.1826
495,495,2.88646
496,496,2.83677
506,506,2.56348
507,507,3.07994
508,508,3.02797
509,509,2.80247
533,533,2.51061
