index,subsequence_idx,score
103,103,2.39948
211,211,3.55907
213,213,3.40782
214,214,3.30229
356,356,4.47535
358,358,3.99903
359,359,4.15346
442,442,2.64566
443,443,2.55739
444,444,2.49575
469,469,2.97811
470,470,2.81451
471,471,2.77877
493,493,2.53465
494,494,3.36123
495,495,2.71738
496,496,2.59505
506,506,2.57112
507,507,3.07033
508,508,2.79864
509,509,2.60838
533,533,2.42811
