feature_0,feature_1,feature_2,feature_3,feature_4,feature_5,feature_6,feature_7,feature_8
-0.0132925765106894,0.3532119914346894,0.0200361679584499,0.001850803491004,0.0688345596961785,0.0098403056077994,0.0299436917622297,0.344955215041824,0.0360020299708451
-0.0066183441068287,-0.3928119324123507,0.0107367510990172,-0.0319206754619353,1.884427121102248,0.0407545999554239,0.0161163366166177,-0.5384180258319977,0.0206974947997834
0.0047153811741249,0.1785811546840958,0.0133384570194039,0.007765174002414,-0.3595401767662179,0.0137986829386231,0.0088483624875699,0.3429241453955083,0.0097936060205002
