open_std_0,high_std_0,low_std_0,close_std_0,daily_return_std_0,log_return_std_0,volume_change_std_0,relative_volume_std_0,log_volume_0,high_low_range_std_0,excess_return_std_0,open_std_1,high_std_1,low_std_1,close_std_1,daily_return_std_1,log_return_std_1,volume_change_std_1,relative_volume_std_1,log_volume_1,high_low_range_std_1,excess_return_std_1,open_std_2,high_std_2,low_std_2,close_std_2,daily_return_std_2,log_return_std_2,volume_change_std_2,relative_volume_std_2,log_volume_2,high_low_range_std_2,excess_return_std_2
-0.7389100715817972,-1.112547328336739,-2.2017733414198126,-2.230240987193964,-1.7410745424276712,-1.7585097807378791,1.4080183692937571,0.0,16.93674272658844,1.9014966924858083,0.0,-2.2569300951395213,-2.1536216207975225,-2.190527058035445,-2.1246692697824936,-0.7973717564304627,-0.7983124778679946,-0.972892987353502,0.0,16.668647686913356,0.5989757268791673,0.0,-2.203196612043477,-1.862840829299608,-1.7824217060080203,-1.1975114790261174,0.9746975967165652,0.9759686918968746,1.547804776765073,0.0,17.2013608058612,0.3343547439236446,0.0
-1.3627388733391772,-0.7443834182726318,-0.8154222762086802,-0.2798520747728699,1.3848942944295228,1.3771951806539329,-1.4916931712100556,0.0,16.391924788042598,0.6143693614319068,0.0,0.9847965183628278,0.9425771020736774,-0.3829906347126681,-0.0487682542605057,0.3168511018222305,0.3209074005229391,-0.0036463613033871,0.0,16.430655757833172,2.3140961979821753,0.0,-0.563327312807873,-0.6861646862917262,-0.5018891884454643,-0.233943642702557,-0.2464899589047258,-0.2406846229534079,-0.4174290728842337,0.0,16.340575061780047,-0.1829764822017854,0.0
-0.165629073750093,-0.1548648556573087,0.198056943660598,-0.139139460768447,0.1457652491015942,0.1508042962011311,0.5472615466874997,0.0,16.576722370395835,-0.6477601038932804,0.0,-0.2022768852097123,0.3191037261790409,0.356586960836884,0.5057873953540231,0.7147193200117726,0.7146452257257212,0.1804677412069276,0.0,16.728556687209355,-0.0952713839034009,0.0,-0.2812409094033827,-0.6059943464089957,0.280097455676892,0.076899373102387,-0.4851602488189981,-0.4802021195846683,-0.5868285025667143,-0.467228768042604,16.581678775303708,-1.2669749422216,0.0
-0.0564609300891357,0.3249773411566155,0.8997502051534426,1.2612591558691022,0.964023901618128,0.9606029802242178,-0.4558756895625606,-0.7141275096495817,16.461940712812826,-0.5164174545079564,-0.0087207493199546,0.6686620970029025,1.2045413380869,1.3688587628518047,1.3918805354095531,0.2939935251111184,0.2973693025915216,-0.253915764676151,-0.6527421229023156,16.368799970938777,0.1357853644488493,-0.4819379629420071,0.8730169643585803,0.6251934709087712,1.2782544278028662,0.6871686287937165,-1.2663800131847298,-1.268953597810248,0.9533775874501136,0.4397379933118307,16.695091020940538,-0.6434465752761224,-2.141335372022803
0.1762807257800231,-0.1394047496636687,-0.6592423010726604,-1.354911055896049,-1.5254139859820863,-1.5324100043363638,-0.0794442025037784,1.5610470901329616,16.657829438161862,0.3663222560984761,0.0333357989281716,-0.9814468986277792,-1.3974718586528665,-1.5167202079891962,-1.7796338927157191,-0.7274789467243288,-0.7266288032924513,-0.1349848052050944,1.1875515245096944,16.67507946399885,-0.4429274300224776,0.304710565349902,-2.201759737793508,-1.6667855607356363,-1.9779545568839985,-1.221233643194835,0.4366456114554256,0.439941841677066,-0.5274883498357392,0.4553242213484277,16.609206264789616,0.6004815148178542,-0.6981035386882336
-1.400483256389335,-1.46842827291114,-0.8998122680983494,-1.4271184915130153,-0.4819751600817994,-0.4797533080181436,-1.454953812282441,-1.536023818633454,16.274355618958097,-1.5734296092675863,1.1016798346394725,-0.8467498338105524,-0.774557940036987,-0.3662250338311683,-0.4984169198434582,1.1020959488498396,1.100977791836027,0.6480505843424242,-0.7347595441290762,16.38540160820116,-1.034390299642202,1.781043031504482,0.6065226860169284,0.5349490693154093,0.8126407487533295,0.9094486491133336,1.5344090335534897,1.5288058691260258,0.8281724723984273,0.3056069994562043,16.523740809523094,-0.3860830657396837,1.1745072580666105
1.333070589798939,1.4776762893539648,1.8026330019244432,1.681559992792924,1.2037212505514867,1.2000876381786862,0.2905405612961528,0.6453968867279561,16.58908635538502,-0.7541414117114894,0.3581186895772663,1.4790712668117418,1.561061051730084,1.4372062914865436,1.264224974322381,-0.404084315578176,-0.4007871056559947,-0.8151979707903659,-0.3990175734667344,16.44243754007301,0.6188779032263235,-0.1970471620010972,0.9778905106796124,1.2017832050285864,1.2308175180934824,1.506721551320721,0.6002384358676506,0.603407283431513,0.185471389365482,-0.2331850558544947,16.50160147585887,-0.0250128154283844,0.3511795681007946
1.1162420051509605,0.8489047572415048,0.9547333390193996,0.4910916045772002,-1.445678841252205,-1.452367130290763,0.8309440702250226,0.7135252774317337,16.607423913377282,-0.3634499600165943,-0.5368204651663491,0.8329358823030435,0.9708141295483128,0.9255639961382288,1.132523338376364,1.072731647988124,1.0695435188548734,2.19997538554905,2.423165039462887,17.02517210142844,0.3752457260306487,1.3925312473304796,-0.1825163312202047,1.2980547725599918,-0.2005423816915704,1.208737891972545,0.1365291382340127,0.1405780229480398,2.4571485378760185,2.6537092721831073,17.811762591570343,2.6874450481899963,1.655238817041048
1.303283124446056,0.8380169120740065,-0.1385952698081512,-0.1449888923566755,-1.7810105249569637,-1.788872873233759,-1.2834357140126849,0.3187375917148005,17.211494406081115,1.378785731640459,-1.9911553222746192,-0.015895934400823,-0.7795173115434244,-1.4608561475507404,-1.3771852350470768,-1.1622340768595667,-1.1614692754019915,-0.8783472591777208,-0.4474840595167349,16.907516229097553,0.5722654605744218,-1.5551645044368525,-2.084322698713559,-1.8334635066605025,-1.8920791956766072,-1.340604236457403,0.1392328317216315,0.1449257864527859,-0.3975288012907615,-0.6273367232302322,16.84194180875591,0.1965126837298338,0.6427995951836719
-0.9453072749975424,-1.4795941921892983,-1.1072659438862724,-1.5443060484434987,-0.4415955010612371,-0.4366526914176989,-0.5919267023992547,-0.8653553440738356,16.627758659148657,-0.3936301824627903,-0.7474361452014452,-1.4712227773798965,-1.3482600604936434,-0.7832332054853337,-0.9867278753411473,0.6303891403105812,0.6326046546686139,-0.0043443970958612,-0.7082000746030113,16.708877880229622,-0.9112947937282116,0.4145445226541548,-1.1604616226128923,-1.510293653887656,-1.285937039676876,-1.457076014819635,-0.8322930499951474,-0.8310436453978952,-0.6190743680042166,-0.9007197652355668,16.46735020175093,-0.696510341260072,-0.639687697643679
-1.3540181531070217,-1.3524497427301376,-1.0178185067159224,-1.0811208012574185,0.5574429138945064,0.5611534662802334,-0.0721744964657967,-0.7838552583353915,16.509157596389567,-1.0531494631983032,-0.315288835588915,-0.6808204567569895,-0.9669172662698096,-0.7226233991267846,-0.8354189376944755,0.3252839608773737,0.3293070198973353,0.1313650656818333,-0.5818294196931614,16.64216129751342,-0.8991196207988876,-0.8211231905796991,-0.7536757656961621,-0.8546938300133857,-0.4508394457133179,-0.6942605818896669,0.4012305656954316,0.4036137002187272,-0.0825923244646774,-0.439069429580249,16.632164071171903,-1.058647263277458,0.1624930133961623
-0.353739460717017,-0.4573636999753388,-1.2570127012709118,-1.479222364557706,-0.4834889792239462,-0.4796442390194016,0.6891489176862173,0.3357198129758746,16.67125642145212,0.4172375714134017,0.9262065724767063,-1.6394839833563188,-1.8793885028685329,-2.206209246859209,-1.93331047388794,-0.5352901867970666,-0.5326421715273078,0.9169849612230891,1.7042756764024576,16.764717153962582,-0.4869298627172089,-0.4979711271804837,-1.4212233876175262,-1.55897788697355,-1.8028222980255737,-1.8353013832894955,-0.5010798295242298,-0.4986875116729352,-1.2532619627356814,0.69548544387501,16.5509035803267,0.207191271002819,1.2738991605349632
-1.9219504695164455,-1.5614662360996965,-1.7302389698178176,-1.5430191791910663,0.3995247659050752,0.4016684394301025,1.747590472131498,1.86489602740024,16.81449757907629,0.6707613538334293,1.4078095804061188,-1.6886797298590948,-1.1972234287731356,-1.1626563946136024,-1.0728732874934197,0.9135907629533332,0.9125529129281842,1.743861773236581,2.198654896352938,17.152777269265695,0.2762036272929536,0.4289193695047856,-0.8985797163951349,-1.1509759191963012,-0.7567291556761413,-0.5218926501534653,1.2706196340808589,1.2666889476741323,-0.729598998738378,1.2064232661851495,17.05585824363389,-0.827283692173195,-0.9628112211003004
-1.1108848534450129,0.0571769284435246,-0.776994241952608,0.5389612202133828,1.7637276849023191,1.7568065074072952,1.039496559025032,1.527701132145822,17.316055443308063,1.7464606414338468,1.513387622663537,0.6637159432067206,0.4220142616266896,0.4913072786971006,0.1248376137619842,-0.6809390524711321,-0.6802666430204837,-1.0661379122838228,0.5295259143796447,17.179545940533032,-0.2298598978886842,-1.6579664567641856,0.0926163503538552,0.4179839646078837,0.4560481534288927,1.0801798875434836,1.1845094184932627,1.1835848376418985,1.5541700057131802,1.5161015696009812,17.578597288229698,-0.1114698795790624,1.182785575840088
1.281853507529408,1.922418526254975,2.1138881949172883,1.9519397485464631,1.2574587588688877,1.2549429706585713,-1.212847211031925,-0.0461128725730007,17.33976595659203,-0.0183000940408986,-0.0805068382581166,1.8656642916831965,1.487218128855034,1.5751287408127168,1.3315917019870511,-0.6365730353374986,-0.6349889320774976,-1.588226574679865,-1.764525747317998,16.7606546043019,-0.3123291364972632,-1.1389243818015171,1.1701305775940714,1.1081047346991897,1.2205866775899887,0.6353613686047952,-1.107678545578083,-1.1094851578079543,-0.2086213327823398,-1.4802703919456637,16.735894143841413,-0.5435558114407455,0.4918565662695017
0.8043852621646472,1.094418785446412,1.0083760501115688,1.0985657061220175,0.7656189742401421,0.7662192479590655,0.3648269867992274,-1.1121499452025383,16.908564668401205,0.2040523618794195,0.2078324049414367,0.9944726530625984,1.3086273315313752,1.360353311886692,1.504887176430746,0.6350791933363918,0.6356237214789585,-0.0662305415714823,-0.9174265319900592,16.94017684110378,-0.2702997531031558,0.106371687398687,1.5404017408077664,1.9666244945312712,1.8998466951496251,2.111736880049722,1.4600367305775044,1.4531011099598603,0.5497335786272288,-0.4061605119817264,17.10300162035803,0.3082979432109464,0.8810190648429935
1.550730684148573,1.422419633091828,1.5817464962556154,1.4686954427140746,-0.987734562502942,-0.9875062800005912,-0.8038243159065462,-0.7460650486354263,16.873414538334252,-1.4407013432282352,-0.3767520122644168,1.658395628092983,1.3713572262026636,1.4809561943840095,1.3966600478721398,0.0798185944054667,0.0833923325940139,0.5170376327043344,-0.2327493761547884,17.002561335796955,-1.3547698681255596,-0.7483075357303514,1.656061257883362,1.6696128690485204,1.6810475397492843,1.639207981576671,0.6331598074972898,0.6342915524720149,-0.3866978404653342,-0.3127483814850022,16.901037876340407,-0.99937335079378,0.1241384547174998
1.7070408924295262,1.8762332201102137,1.7664402192565596,1.7835624084416086,0.8448977275870627,0.8444482940479824,0.0136033855893269,0.1371803438598374,16.85372749104468,0.250784675575264,-0.3303235951519517,1.6516774771840443,1.5604904177831198,1.6126578147967487,1.6549463455416866,0.3915589165435884,0.3939216724879838,-0.1041705135293205,0.7414338538121453,16.799509312229194,-1.215094393677394,0.3921900910623869,1.4892821547082122,1.2181946824195955,1.178272147214563,0.9666465505361548,-1.6868493820361232,-1.6917686241201637,-0.666825523197359,-0.2094966546927622,16.712179171211293,-0.1136550642047009,-0.8771397713992628
0.8497052693463449,1.314057374178261,1.018735140894892,1.4765547311348364,1.1300825256130218,1.1247483147970871,2.128198564842864,2.446182327495086,17.094189999481088,1.975403012432123,1.8164453926800508,1.2234118801901166,1.4371768721280784,1.3063712340622684,1.53551696143312,0.0626475542893307,0.0661801780207443,-1.479303994049428,-0.7912315143691383,16.699847532015852,1.257595628435258,0.098396477500497,1.5608823238960932,1.26860612463505,1.5405866610210643,1.2255449486705323,-0.8981532874551118,-0.8959758761086501,-0.7315089942370884,-1.5418132043720616,16.490975650843584,-1.075298501304126,-0.6162386150854535
1.5014226373347914,1.0070312612790633,1.2283187759273972,0.8741105751733309,-0.8337003041500933,-0.83224100910743,1.1700494874520742,0.1649686783598219,16.726256729546687,-0.8287627899149194,-0.4654810546897261,0.8476905715701318,0.8573947865779826,0.8854432249145798,0.4472527410193868,-1.0405572175992075,-1.0405854661670355,-1.375367569497257,-1.7675666210746253,16.23229904288364,-0.0606178947558797,-0.2130259079238717,0.647661528594462,0.216288303420665,0.2373375529279862,0.3656307381613386,-0.3070630903596389,-0.3035654212352899,0.7981740945732357,-0.6970556615206791,16.401212393130354,-0.0877485103855401,-1.5823031982391265
0.1180679947699661,-0.1160635245510892,-0.0053112826502767,-0.5750189907839386,-0.991991276893417,-0.9936893564941532,-0.6412530383227734,-1.1498432302222854,16.16353745371238,-0.2428008933571269,-0.544605881657421,-0.3693415307580472,-0.5300989376852948,0.1461856194135942,0.1341752399003717,0.6775743340843156,0.6803994114322452,1.6036082839633938,0.8219042825999451,16.598464190948686,-1.182166094315101,0.398215878598067,0.4678019956122693,0.0915517603530265,0.91679574429954,0.3462910073748663,0.1780472104522194,0.1818625308462816,-0.5290802348231918,0.149503926574632,16.41688834621068,-1.4270230838358926,0.1583297342835932
1.1626020908313517,1.3719776786255735,1.0837660737078127,0.3650040205635829,-0.119065620793058,-0.1163181553802306,-0.2648341714562935,-0.0382661358215776,16.3359050811097,-0.1319725124212431,0.071571471841871,0.4913909189229433,1.0925378832786694,0.7949165056022355,1.4283574304416744,1.0975499934617523,1.096748266304577,0.4224279243473194,1.2630562203114877,16.428634578858208,0.3896867502526684,1.929153743362284,1.8797015304391655,1.8114580422814288,2.034472616870435,1.9037684555950976,0.9352541358611496,0.9351045135667452,1.9937615959888908,2.56992974350157,17.047697436363233,-1.0877595219729552,0.6513396984165336
1.320337537516422,1.8347731897238435,1.8525443168451936,2.0118841771196436,1.0609844985458812,1.0594080684299103,-1.272124022279867,0.0486760098526002,16.424071934206154,-0.6927888432427725,0.7731486414750641,1.9299369932633657,1.801361243581178,1.2445635762145475,0.9015609333140348,-1.554845106658719,-1.5571984066620992,0.4952147114784917,0.7550885587558244,16.66313143677491,1.8515098530618583,0.8934501943833746,0.2584114706242089,0.0720167300714728,0.3153748750644206,0.29642091077508,-0.966487654592976,-0.9653494419336376,-0.8232032562253647,-0.2967597170855886,16.37352833202773,-0.691027003922924,-0.3552150868056148
0.0415550402502075,0.3334903400325879,0.5948275016346436,0.5278311737998862,0.3267623767601929,0.3284870365385718,-0.158428897011319,-0.3568647834416207,16.36971011200267,-0.6237020653924993,-2.28289474297221,0.2695974993898191,0.3689264042097664,-0.0919339384923389,0.0030731268999752,-0.8562014915316001,-0.8544566568135321,0.0136373786835323,-0.2864189223944093,16.460876588668466,1.1117167042486684,-1.3719504093763173,-0.1514935310462107,0.5448145885226853,0.5309960061362259,0.4911052877477917,0.5595359855845267,0.5600722337577861,-0.5731640270930056,-0.758599259691613,16.249965751901662,0.2129375910016767,0.4090899169557768
0.1339998535590331,-0.8232050447247294,-1.3531267341619508,-0.1790550465400211,-0.7178289214933741,-0.7162109585587467,-0.1113965038261234,-0.7043617444195839,16.242920589668895,0.9559644055442053,0.796054149639528,0.1588277864757333,-0.1401870015499729,-0.3987082688177722,-1.2389665144302118,-0.7897498230221546,-0.7887768301566609,0.1117202654568391,-0.475220416185416,16.327910853134604,0.4336679191123215,0.1524143434115575,-0.5542514950516058,-0.9104583949350556,-0.8046904103523362,-0.5569860234992074,0.5623415868432616,0.5635990313733628,0.2338318268343195,-0.0652335904367288,16.45536763912157,-0.2208234931839204,0.9519489374734322
-0.7432062645665969,0.4610969271625409,-0.2036967074002971,1.3632912848583272,1.5254689500689351,1.5219352952245262,0.3143896344323177,1.2827396229935193,16.49351390641438,1.0654528129124858,-1.0758684078683591,0.5717307479560483,1.5058704384610229,1.715664394488942,2.273582246552899,1.10741975217567,1.1067301673647405,0.0345695274186639,1.159237414096162,16.51862868301721,0.2462196260526158,0.588447748254807,2.542397115356067,1.7835681917377446,2.2880468690842632,1.813369596790605,0.0863590625598247,0.0883826455836188,0.1935491099275123,1.5333714890099817,16.537444005922595,-1.7795615045917146,0.667683603103361
2.2071817461231817,2.074493386089593,0.9422206156635996,1.1243763410460688,-0.9971981862183388,-0.9978206183383408,0.18520493124718,1.3245551331781635,16.577272190735357,2.088209115928881,-0.7034204811513558,0.9824312739142108,0.8896875494429777,1.3435921391923071,1.2992192737193426,0.5100332052392854,0.51158613016005,-2.0009976903222833,-0.5987447720974818,16.29429861058888,-0.9359621629252192,0.4857065943008627,1.4467263500381329,1.267963404527157,1.4902136271701938,1.0267737942868893,-0.5082513510878356,-0.5070537280228696,1.9772798237152585,1.1403796041616778,16.595527931819706,-0.6750578261518877,-0.2413283454051909
1.111396164175963,0.897237412009903,0.3934753304639958,-0.0357886483502411,-1.6726009608924146,-1.6773917290300535,-0.3055008795100467,0.7343839544906756,16.595192873574454,0.9323681809841288,-1.551479877073446,-0.8541227368702279,-1.0484653463214544,-1.1216475381906632,-1.5916942925241817,-1.972251702601056,-1.9785746708395584,-0.5310011743318739,0.0398303821897712,16.557130986971618,0.2060498376122104,-0.9243285283078544,-0.6562889034491737,-1.2847225076818145,-1.5635980195678083,-1.6343306797874375,-0.2013543008510341,-0.1980307615371378,2.370644194294986,2.563830452952005,17.110825102397254,0.8318576692217354,-1.340116637681897
-0.2760856033496769,1.0616325671390656,-0.7064006895554461,-0.3184634068643765,1.561910464490638,1.5542301069735436,1.702154536834867,2.5392515838671144,17.660720478728745,2.139391481491487,0.7907594098082886,-0.7760834431691599,-1.2695329171473722,-1.2159943071709602,-1.2333259442083977,-1.134640604269147,-1.136519155759728,-1.4021107528861778,0.0623584566584979,17.13310895198988,0.1651929423983767,-0.8146384221622229,-1.787946947982969,-1.7231419543656448,-1.4003988294733705,-1.5900097730140976,-0.7742764103766295,-0.7744958865180768,-1.187340252925315,-1.065863336184513,16.595434871345407,-0.3737960050649203,-0.6698250655843405
-1.9720175477651427,-1.7646827879687532,-1.6324306883748114,-1.381361968914086,0.1532208703891412,0.1569718440490988,-0.1568534923643359,-0.92998479767493,16.60681682145823,-0.5201845075080439,1.65937975410919,-1.3562758599655151,-1.494789458586976,-1.549365130413991,-1.378305480883646,-0.1729264180981023,-0.169996205666449,0.3817380383167099,-0.5164290892365083,16.83667668151942,0.1010453337086857,0.6818634800629053,-1.6267814878131035,-1.5211224803723298,-1.6284545914170845,-1.6628993621060242,-0.7047326505764632,-0.7061469025969963,-0.2203010901415441,-0.5470717832633547,16.874175423216162,0.1286065225482189,-1.530573257277784
-1.6632472290405915,-1.4170310599174762,-1.277038466845089,-1.3237392786648912,0.7989035203857234,0.8029851663823994,-0.796498412597748,-0.9058674044058104,16.570501658844492,-1.188291411798033,-0.5574009727701996,-1.2073947196093149,-1.031710074869752,-1.0478923239772937,-1.2753852286346197,0.1845478073112578,0.1884577021811685,-0.1565038082053715,-0.7886572153430109,16.571874682867346,-0.6418399583855464,0.3562294543712917,-1.2665753232708472,-0.8381045715892236,-1.1213134128276396,-0.677279189639072,1.0234823253398175,1.0253978600310731,1.5447975452141214,0.2089906068801496,17.221058495552317,0.0944662180425374,1.5022239948149725
-0.7685045043224654,-0.4680947015654063,-0.4795155089865935,-0.2710655087452381,0.6749386277263761,0.67771150542411,-0.8257672611473019,-0.3844424873754443,16.823131925319746,-0.3020256846951843,-0.3376453308463336,-0.1658874726375365,0.3726608282148697,0.4354321211103424,0.9401017820608968,1.6514224920895462,1.6461104389700882,-0.0703458952569509,0.0682221444237279,16.769279613133037,-0.2085985821087665,-0.1277885123378554,1.3514021920474648,2.001619973949576,1.980928393638103,1.7446793528716316,1.0091105570102643,1.008272228193824,-0.492603235764964,-0.3784304644067248,16.559777027494913,-0.2597870642362133,1.067489526329804
1.570226084399917,1.223231602592042,1.3375770291208433,1.459151574291603,-0.1625187687687088,-0.1598460876119259,-0.2004177016375002,-0.532676235752041,16.52460028523855,-0.7983032842367827,-0.1149894190296479,1.1094232622260478,1.1394897862305318,1.3801046048710608,1.3349351946164945,0.0556906084334899,0.0581954103295614,1.3138580037910712,1.551567502995097,17.004195221894307,-1.5147413618507035,0.7659684982645272,1.4873443705855869,1.757769945332487,1.4132550619830235,1.8468925398098088,1.699879274931864,1.691994029951165,-0.6709460147628036,0.1907758991140117,16.75324294020602,1.6011166093425135,0.9821573082927384
1.732269394304258,1.7331357649626538,1.727264065385577,1.693782461841528,0.2816591627949525,0.2840192870107327,-0.4899364011393582,-0.4689788653229836,16.563031505061513,0.4544971711033036,0.4957262475927378,1.6916750264797389,1.538883692849322,1.756927744750266,1.6060539928038526,0.300497574925017,0.3026386677649128,-0.2629094390600576,-0.7494921335094903,16.504276065619408,-1.7120034180614363,-0.7315464861311148,1.5883754575930442,1.56189328945623,1.595270510969395,1.6170774402107542,0.3960822801153917,0.3979139652797409,0.0388617043580758,-0.5643036940253124,16.57164597640658,-0.9378681166266528,-0.2337968198979986
1.62515677237619,1.709574933431704,1.6658571725364726,1.676420056913822,0.8159050410430903,0.816598473768973,1.207776314585208,1.5651211592718823,16.864935293101215,-0.2718557825364884,1.2196125119749364,1.581228183092146,1.595862108563176,1.6522935322496866,1.5604178904651878,-0.3146830201888741,-0.3130375449716668,-0.5827706672248616,0.5166402450036592,16.714759518862603,-1.069662488001287,-1.4566471746034335,1.541981612765746,1.293237515023558,0.9505597904860716,0.7080297645267439,-2.409116313820883,-2.416100766726903,2.0663801986159154,2.4464886598623607,17.36155262411466,1.7186096160336224,-1.7183941571719712
0.3848113548811879,0.3003768457668118,0.3704754840513836,0.1075855912955745,-1.3557226846455168,-1.3553978840666994,-1.2413895287499912,-0.1005254339159952,16.810962842324948,-0.3655389778526202,-0.6565283328420422,0.0882325217440097,0.1029180962379199,0.0325547324222356,0.0529610601577851,-0.1361164592170847,-0.1318528684003495,-0.3042237316859542,-0.35345292328646,16.773073617346114,0.290142493095096,0.8776058652639369,0.1978684466045449,0.2259725182661816,0.3218062760699779,0.4976481875899696,0.5220271684226374,0.5224724436977807,-0.7937171218633836,-0.994153835129028,16.40383090458751,-0.4139814404467914,0.5162284587428171
0.4622434470505541,0.1656375519341224,0.4520292418118514,0.1566749920677839,-0.5044293149171918,-0.4998668644817431,0.9190401680577728,-0.0477149089659112,16.75863293394689,-0.8278084572917533,0.7507873349077973,0.1556120820227251,-0.3638081089772131,-0.2594354097150675,-0.3391838384486182,-0.4925862529551392,-0.4885930906370537,-0.7652988975606988,-0.8104278440488123,16.462132134960143,-0.3325124049247155,0.197587861817441,-1.066276608915239,-0.5007619387054358,-0.6149250282258102,-0.8934279999147237,-0.4929301422624022,-0.4895760970869071,-0.4579784850632183,-1.0345516100335876,16.308187027704996,0.2169906121079507,-1.7850978754874889
-0.6355730312132649,-0.6794074418856542,-0.1197125660543947,-0.138125733841033,0.7019373048804528,0.7024292669687342,1.067937448940461,-0.0285377710900644,16.75413270474777,-1.204095643924971,0.7142055754418521,-0.6826820371163792,-1.2260174505193626,-1.2557404627258597,-0.9003706010343298,-0.7259135114788424,-0.7240743177646088,0.1551704517604705,0.4082632296925584,16.884976494341274,-0.039281439907369,-1.0915612583247778,-0.1863587867501711,1.4055457057271543,0.6985795840693206,2.2164495186880124,2.030663542219768,2.0210645910805014,-0.4411264215755763,0.0007706218567285,16.763789575788365,1.6058307318184026,0.8696476879426744
2.111509425957454,2.126918985836589,2.1303163976479977,2.0892006761104738,0.5751131996175662,0.5789875843209688,-1.337833868621089,-1.7377883313424074,15.972780935433812,0.76874850868835,0.5785339675982647,2.17205412589333,1.8662137549115096,2.0394641832244007,1.5398312883109948,-0.4184479458712459,-0.4170854701389233,2.0209031395842527,0.986643315030299,16.682579627155956,0.0252392334409886,0.0226666798588561,1.5205858578148177,0.9787389426722036,1.333183955676686,0.702170086148269,-1.0084916469294287,-1.0124424457087668,-0.5019238962860295,0.19712846475961,16.484612078242385,-0.7757855651914292,0.1235187314840275
-0.0360333073913243,-0.3501293728035535,-1.088636938978355,-1.4300363154394775,-2.00707730450208,-2.022647170599016,0.5140343436215019,1.2786922248576005,16.79991900835623,1.7458121787163958,-1.8636506484418776,-0.8069475493869576,-0.8175058412044134,-0.4215940826004252,-0.5514469125968835,0.8317003107053222,0.8313457568858232,-0.8281380977746632,-0.3980036922747015,16.377979996814144,-0.9696990925650458,0.8447235109095684,-0.5881952122845279,-0.7813927880807258,-0.6961971055794755,-0.6543481294461325,-0.1141358420146478,-0.1089083339735838,-0.3876785776279876,-0.7687995414023081,16.254451887451825,-0.2378396694944797,-0.5467250611879159
-0.3203631651998643,-0.5322071055348951,-0.0940236937378153,-0.4691798604642685,0.1882032387470314,0.1924954409151908,0.6610700880841234,0.431478097628875,16.619470819512493,-1.010838600242766,-0.3471457387848334,-0.2929271313874412,-0.7170902930901019,-0.7855248658797954,-0.8970931724155812,-0.4592427589205018,-0.4547220317505304,-0.6900044582773279,-0.7033382396922355,16.288648308472148,0.1678271939742416,-1.117273894532567,-1.1916606181624805,-1.3185906268680951,-0.9203072280195742,-0.6280750711138305,0.2834558740601866,0.287186742597774,-0.2885496815820592,-0.730758434427549,16.15994761088206,-1.0293812468006982,0.7046569920681262
-0.9193592241321448,-0.9145965402340476,-0.667890620341574,-0.3967520355104733,0.2979021457043608,0.2998317008410122,-0.1090553870356507,-0.4820877556936492,16.131525169936012,-0.7724587122713309,0.051222909583395,-0.5927214602768308,-0.3397692139622824,-0.5003313812574168,-0.4163991310059222,0.0556856590394235,0.0592327500060924,0.504925082334322,0.4338763135885465,16.41354505444017,0.412878215073104,-0.5173463830879391,-0.3480671638957204,-0.5662787981256058,-0.444350209990632,-0.1946690618066062,0.2932254265793023,0.2950749476177634,-0.2789207387804369,0.2887093803606453,16.331019235870965,-0.169152890604236,0.3375651913198077
0.0983148031869737,2.339100802919841,1.772878882254556,2.568769643518665,1.715697621581029,1.6995897929553772,0.6217142631969942,1.2637699273769378,16.522740489403958,1.4993906124055882,2.196655966597863,2.647430220460607,2.25667413945477,2.6083798264045437,2.164360268024346,0.3670302328368477,0.3708526852543399,0.4584620276762224,2.000969065386222,16.64639772798607,-0.4378033373082028,0.4720967460507898,2.0113741786897457,1.8844319991972305,1.8497464694676016,1.8895858163917367,0.4624051058058804,0.4664234891711253,-1.1572033658964511,0.161604331522158,16.34362044486265,0.5767672656812733,0.2062032462095622
2.0743972893425324,1.7579481594092157,1.675552901628962,1.4041326479521643,-0.5706919306401977,-0.5710277845937621,0.7377043711671807,0.990719464557968,16.559815604018624,1.0044393848366386,-0.3446677853067417,1.20198045301547,1.4178061661467214,1.5291933347621516,1.3136042479116237,0.0876020595663213,0.0908210869553852,-0.1933240947424024,0.7862993428553443,16.529821188287908,-0.0321288174251655,0.2678784980120753,1.2410380129985297,1.1251723116132086,1.2815787806606629,0.874515603909115,-1.104944149496306,-1.1107440198472656,-0.7408828478329852,-0.0579746454195716,16.410795189846517,-0.427967732873537,0.019133019353527
0.7614453274156323,1.0326367400709322,1.1032506032514482,0.9941018514921948,0.216869751702977,0.220403795528544,-1.025548221568903,-1.2118213193415797,16.21524060108713,-0.2774112851585569,-0.7261497817721396,0.8548370599375561,0.7527315500204048,0.7729075126758645,0.8026995620463526,-0.5579855846997389,-0.5584773677604997,0.6963303696896456,-0.62885586964798,16.383010582783253,-0.2328326085084488,-0.3764931587469333,0.6977955669911268,0.5198448243345366,0.6494078644775746,0.2734705700741336,-1.1495212314964471,-1.155269284397642,-0.5481141594080838,-1.0534972941646392,16.28212602265165,-0.7147234661503261,-0.5115328500427173
-0.2163765996814085,0.3863142103396431,0.254593485555679,0.1198145995997758,-0.342780819074667,-0.3414862016918003,0.3294149724927399,-0.6344330935932118,16.353958053669242,0.1907497934962397,1.119988312747043,-0.3237249498343343,-1.008473541521908,-0.070956138192842,-0.1110823173352857,-0.2358558748904551,-0.2342275567609388,0.2653851183269209,-0.1955709280345312,16.395931987836654,-1.9150179815840935,0.1698659244444562,0.4227927783565726,-0.2100732569356808,-1.180290163720848,-2.1151914707022343,-1.464852272521309,-1.467378463141131,0.5391199717899706,0.8426303275415511,16.47310928568678,1.448504624348051,-0.3141522712481657
-0.1377642037303745,1.514289873282915,0.8199725173139877,1.8016650787858743,2.2840760696593856,2.2786579811495216,-0.153643349702978,0.6138955814294028,16.473592971771044,0.8403623633594328,0.5364855630862851,2.0005923827327106,1.7288900002921983,1.398810118725581,1.5473075443745778,0.0102569475895815,0.0127926970961135,-1.5805634950683638,-1.0803390434770903,16.214995566462967,0.924977426989118,0.5161269657043829,1.441265533386798,1.801158866749621,2.2539867308441455,1.496335779069488,0.1585375120784283,0.1614192973676138,1.385724569244836,0.8744658725911701,16.396454471651733,-0.8583636726943638,0.9967617473063436
1.5665348675906758,1.5699928405085617,1.5814701412384446,1.1255221784739369,-0.2920983246375145,-0.2907794837086986,0.8511130933277673,1.7435514442707274,16.53479745691422,-0.0688824564983291,-0.5619978874671898,1.0567276042840668,1.3231797664904097,1.330612135071433,1.637884642757809,0.865041283845676,0.8678145456310142,-0.7310931479728107,0.7020320903614425,16.4684074630453,-0.0637817343039889,0.5939915405293338,1.792827258101982,1.656321271515053,0.3192897074964734,0.4257511028614721,-1.3014946207379106,-1.306921885106232,2.144715998369384,2.362977050194931,16.85112202974573,2.3706193189002076,-2.122189136469175
-0.2290019388820106,-0.0813939443040215,0.002111126691106,-0.4257540138043826,-0.9061364740962168,-0.9079643498795308,-1.5819850948060052,-0.2935960366655982,16.493740591338625,-0.1405569432060535,0.4023959647619431,-0.126357754459869,-0.0227113116888736,-0.6291744624714946,-0.4259005642689076,0.017287512577161,0.0200743269625356,2.180579727739397,2.2018554141224733,17.11063609696145,0.8003257160405373,0.8054470162155063,0.7119882239060349,-0.0911768257128545,-2.3587377092015056,-2.332841189189863,-2.1718657531960184,-2.1835825074723223,1.7914944267660071,2.5319990708836495,17.79732453497941,2.574996188357228,-1.8466810133628992
-2.529358832773549,-1.8600074222125949,-1.7030418381693064,-0.932478226112319,1.3417734690733665,1.3326098101173287,-1.3166317134482015,-0.04024280131754,17.14610309103078,1.0814361399496606,1.258568118837422,-1.0969891402078833,-1.9682914586425504,-0.6661262817435091,-0.988959876287684,-0.1242351145057581,-0.119618625427708,-1.0676505125774385,-1.0064044961910217,16.567845614955548,-0.5934739627559602,-1.049470939101066,-1.1605827437475038,-2.0665143139121365,-0.9024018132585272,-1.0487771947182412,-0.1349236656099365,-0.1303782468058827,-0.1588539995211518,-0.9311097534996152,16.629163305432517,-0.9490625294659492,-0.0989491361654522
-1.0816388043016212,-1.1237612171864908,-0.6144549780954109,-0.3076045122749006,0.8432418317257501,0.8418064965506028,-0.5001253031472145,-1.008108776081816,16.469484719238807,-0.4892247805744943,-0.3508563062252592,-0.2894979477362623,-0.5125394540951511,-0.3104945736286342,-0.844867403280685,-0.5555686935270799,-0.5515931735114558,-0.2047567410903703,-0.8844853968363046,16.456929454027975,-0.2142658190960926,0.5830032621299817,-0.5883967607671462,-0.9967295547726418,-0.3203523035445367,-0.0928628987850259,0.796553842085701,0.7964774599225832,-0.4114571581247979,-0.8813496455724746,16.32242336953441,-0.7780287739334153,-4.755949795342419e-06
-0.0839434355008313,-0.3770756694947829,0.8006680445398043,0.8230882984079967,0.6382217605505773,0.6385543428404861,-0.1381778035278623,-0.7242577512607598,16.28960909327457,-0.9211778624225536,-0.1195961944571541,0.6449584350347214,0.7740442654960646,1.622794546550373,1.7229739465193772,0.75072156430842,0.7488559037719874,-0.0077036297740533,-0.5869718807705362,16.35729371611987,-0.6414458141969375,-0.6212843589758139,1.406020445742603,1.5357144596408892,1.9238049044043593,1.9564739772414048,0.5599555625104494,0.5599831700552738,-0.2768119806490591,-0.5041847011774485,16.21046523872943,-0.5616715755130455,0.5624924229827378
1.770780068600308,2.1025938654715346,1.8797001995997584,2.0113294579245777,0.6510267670775732,0.65154334559041,2.393340458300249,1.7284086899272664,16.790162238972247,0.1068974091265837,1.2271739992475386,1.9915825457705327,1.5737753411214133,1.1782236376435784,1.1744828266171412,-1.3419126232111485,-1.3428163298019922,-0.9796344393169468,0.7838479507275049,16.345510148782232,1.8236360467315245,-1.141980422545611,1.1940940697767632,1.1938348507920455,0.9761590852218236,0.422491973096866,-1.37561482200245,-1.3770832787791776,0.5864508811338334,1.3440792185882873,16.53742428147445,1.2316745767375423,-0.6015684003414111
0.4087479260011714,0.7430337919876782,0.6697534284077112,0.8425389547945834,0.6556956207974941,0.6555361951553863,-0.2008019078470957,1.0296942051992068,16.496169075592533,0.5362722657023214,1.8239835373006823,0.984457828070984,1.1480603320285494,1.310991231433554,1.4639116570085178,1.1790849091082316,1.174335995461717,0.7755096413814546,1.5701365837855097,16.766287358015468,0.0520099629915185,1.4998729958458488,1.374382926240433,1.0904687708371752,1.7288145869869964,1.384289655536321,-0.3738739718932131,-0.3702214697678119,-1.0994250594287456,0.0316544968491124,16.35452661234335,-1.4740723876853576,-0.2454704887351551
1.388621230555924,1.2510654474850502,1.724129894287827,1.4405290177065122,-0.0898944552961539,-0.086706306075193,-0.3003703923341569,-0.2551231329528622,16.2930653321549,-1.2100738697445323,-0.6416573624115571,1.4363455960279612,1.416199769026384,1.5777236688992424,1.3339581623891712,-0.3783021357673609,-0.3750264854845931,-0.1674138358580415,-0.4280834695821616,16.279984967291316,-1.0857319283765683,0.448252220520689,1.4359920868345215,1.757695787526978,1.4226777734270244,1.1374167703889533,-0.3929840580931188,-0.390140221256969,0.4808437458055201,0.1256264956550188,16.480256589274248,-0.3358521947063824,-0.5513421632343269
1.21971149431372,1.4207740916144591,1.1697641105096,1.2638833169208634,0.2660423878727735,0.2684600871473347,-0.1107034698592174,-0.0309194509547341,16.518467879007535,-0.5175625197461644,-0.8211006696110792,1.1078470015363755,1.097210906352522,0.6768950621127225,0.7456621189969699,-0.7969453373676273,-0.796425399395575,2.783792093210242,2.7904995263494214,17.97322422344632,0.2377077907848848,0.7176689604806371,0.6537737992733756,0.6048849068142645,0.2585325537026006,-0.0969866607556075,-1.347767236332415,-1.3510119156525129,-0.9785935030608957,-0.6889628448442959,16.38029074727153,0.5160139729755875,-1.2872498761515725
-0.2470401284623167,-0.6168855005808651,-0.4784927760031656,-0.4765225261419254,-0.3948763446024666,-0.3930395308282443,-0.172078156855536,-0.558433416341013,16.455966979821948,-0.0916222523810033,-0.149825087455009,-0.4835242817360706,-0.0685345119533849,-0.4099593947836498,-0.3426873600935542,0.3324440172730063,0.3347956472650785,-0.4694787662265468,-0.7150295448731215,16.13010336888901,0.6787409047367977,1.260566152438711,-0.065979448933149,-0.4989021457260913,-1.8438047540589464,-2.2071691813257783,-2.1167845726606136,-2.120517196059506,0.4921888757800678,-0.0976674708534197,16.748430872347726,2.025134663399481,0.3894242486541285
-2.1398982120818575,-1.8416317519104888,-1.3740995884081384,-1.392212154631644,0.6572233030280386,0.6566683293768447,-0.5317864433269915,-0.4453461921529614,16.396863181692108,-0.4230809317259082,0.4231836044557137,-1.5282314217588742,-1.5443080517744066,-1.1481676221780686,-0.5904686980374843,0.9554531248790552,0.9528681944964086,-0.4382200315901286,-0.578368395197354,16.16302130991817,-0.6859381573136867,-0.3563907812343591,-0.827640825826366,-0.9311568192531556,-0.5484700282481754,-0.918051052052236,-0.4166130695914389,-0.4137809397976104,0.0462577799899166,-0.3232401704463452,16.4852149324217,-0.926098210875998,1.2340800740390938
-1.3255690718837383,-1.6483757091970763,-1.8946236567710983,-1.3001067778318165,-0.5549015597760293,-0.5525372018058995,-0.1998879054006788,-0.2267726036462979,16.569871725579404,0.6142372915379658,-1.093650946937285,-1.093664303830873,-0.9510182076416348,-0.6397078186546103,-0.4436040735003327,1.187133760995815,1.1842953377502092,-0.4766665144748712,-0.4227537388833194,16.26799740257542,-0.8738674506504105,-0.5668663431994765,-0.0203194847756878,-0.536291107007788,-2.1196592310330087,-2.250477765448309,-1.8131318850808429,-1.8182639684502788,1.224613935682024,2.3442309312389944,16.751620260606085,2.4043334222916894,-1.7391279759417115
-2.3394311576206923,-2.2911120697784013,-1.961137576852451,-1.5744245454703567,0.4305580637673591,0.4317660304697165,-0.8938164830669304,0.4968692710746185,16.379898296208797,0.1372453221520646,-0.097889652629548,-1.6107909352281395,-1.4548613708274845,-1.3417117395959486,-1.713837025572505,-0.5058378751470863,-0.5023367640979012,-0.4208027781079447,0.0139344639257237,16.236172065797046,0.1838074065720587,0.6680696898039716,-1.2997701845402747,-1.038344304894587,-0.9474980462657844,-0.3173448945085716,1.6230833384467638,1.6146026442068644,0.6759868632079927,0.984271885001918,16.57271282599518,0.105482721295978,0.3634510147380842
-0.6627529378978225,-0.9371169774366516,-0.7798220560630033,-1.3687507681762114,-1.2058252721769347,-1.207315848638386,-0.3358585685810344,0.6680707744059182,16.473635020376296,0.0985955496528862,-1.3604121735747126,-1.474222691739392,-1.7979488431082598,-2.4978752991270112,-2.0197763728720073,-1.3795587626476766,-1.3847145428865089,2.525452279873604,2.6070589368734853,17.56774504410624,2.6091572218250767,-2.165696065928268,-2.178229412721432,-2.2361892885652983,-1.5015324586627383,-1.7198317201117803,0.0930412165342429,0.097199743584858,-1.010033902543704,0.1124013525784993,16.86110389825727,0.010334961906604,-0.4674678941605329
-1.3532431772252569,-1.0362992083497975,-0.6363263314858524,-0.7866565503896739,1.3805927801099878,1.3763043920635136,-0.5408345580571841,-0.4471928613102475,16.588992693491527,-0.1751350397871075,1.0058245724542914,-0.4148970433086448,-0.2992518037495902,-0.099228846431648,-0.3666180176656409,0.5800435908578939,0.5827113528804778,-0.501610105236702,-0.7900014573639864,16.302589929016367,-0.20265404901692,0.3802787732671921,-0.1713740488108258,-0.2435358132392562,0.3088673008363207,0.2005922600038092,0.6396093526902255,0.6418759319478543,-0.0498707772133276,-0.6890070110375062,16.419244216797274,-0.7375615816953656,1.169076990654625
0.438426977362083,0.5843331048624401,0.756622851152622,0.7505289003071373,0.583302833210734,0.5848134984862172,-0.1102399098646146,-0.5106652500192912,16.440831183884026,-0.6004235998817884,0.9387740692677248,1.0800131843726144,1.3270142899434996,1.141519718456399,1.40755984435719,0.796462533218074,0.7957192029069687,-0.1379846910677527,-0.4418463279075666,16.479128156918147,-0.483448403139593,-0.0566552316963454,1.0740108884854198,1.018080614526125,1.047843248420394,1.254963394219648,-0.0202147524248465,-0.015820884350079,-0.5213459720244659,-0.7506795316384369,16.203631030866653,-0.666034187316645,0.2740873109442012
1.3879611646873309,1.2060230037557391,1.0465258614379362,1.2450220734902988,0.042071830195179,0.0459105923449523,-0.1609601899368632,-0.6487119164023418,16.17249870004265,-0.4709044174531775,1.163456463999431,1.0772671127195288,0.8670110729631918,0.8224751286862492,0.7547746746415448,-0.7306232311990996,-0.7263477256714768,0.0153051389619255,-0.4446631995733989,16.279014886627923,-0.4656504630490057,0.2508546747507478,0.6861152158078305,0.4215415409116982,0.169747750840823,-0.3479697128349296,-2.0022821631036285,-2.0092300921829467,1.4920843293359476,1.4276181114780564,16.527333699234596,0.8975279198451782,-0.4699302332525861
-0.5233116642746403,0.4084091052237941,-0.4513842545687134,0.7422996670950192,1.400329610256665,1.3929686409268378,0.7598739791728144,2.1293514803261986,16.65441362597504,2.1000567442063955,1.5281498868035113,0.9253719556294508,1.6815791660948198,1.4042416896010237,1.7870337570565522,1.277774090087438,1.2723122350639728,0.0222645395937549,1.6567798698466845,16.679709498585215,0.1499364577284633,0.0858770807637466,1.7207389902531138,1.7736682871735965,1.7086881011497086,1.2363427919414691,-0.7009744161640409,-0.6985316461283994,-0.6765713836282788,1.0059523322596862,16.626225704938253,-0.1347181966056925,0.6589350398542164
1.1894564115687496,1.2682387081764606,0.9578035924812772,0.4144429904201924,-0.8966120888312815,-0.8963175899577125,-0.3733165607219948,0.6694360245007547,16.601761833512548,0.4067952205912223,-0.1650712814984138,0.1548004161131593,-0.3954927788023847,0.084103662480518,-0.1629254268102335,-0.5183422012615738,-0.5162650651545616,-1.0671118544494258,-0.0252090296547159,16.442329083739843,-0.9060050864217842,-0.7661328393418738,0.0650283092229186,0.6555781061677438,0.2309987793969913,1.1257286447487964,1.1280013192598717,1.1278112300515435,-0.5508063555812721,-0.3326792312195907,16.35346029951775,0.6888686104022826,-1.0859366488805302
1.0915569030969077,0.7997179447302537,0.9407738037238952,1.1616420560024725,0.1232239914300517,0.1274115946126258,0.6731168329213689,-0.1585819196157353,16.4665247612628,-0.7131372114117959,-1.426976324604658,1.5587052565415105,1.6894651495779014,1.340616006477832,1.6091420345554863,0.7235328174603294,0.7254119355429435,0.0777554258835564,-0.2904621869410156,16.516838280422,0.384171021450517,-0.872330586495516,1.3152745941643276,1.663781377348591,1.363390630764829,1.505188587286208,0.1078663220931081,0.1118235433730593,0.0424419014991479,-0.5055916362920987,16.55585374881094,0.5051245093512475,-1.9689397858276223
1.6204299046964878,1.418494368433827,1.495464939306817,0.9807085487695022,-1.1078318984540658,-1.1096186974702216,1.0129780008355895,0.2079967459223784,16.662748681651337,-0.7364707595584026,-1.4999613559709302,0.8435099667441645,0.8629659704109942,1.2225668558615548,0.9417234006229562,-0.1493536552332183,-0.146412554648417,-1.4761602945014067,-0.8076119528796194,16.491657278881334,-1.1480950372471437,0.0837556070822877,1.3500877316260116,1.2322829951699394,1.5910411912026776,1.1936153536912537,0.5344050093821646,0.5366460305664206,0.4526281804285628,-0.2383311200987769,16.525119610093302,-1.430833924811134,0.4229947573876645
1.1300771508117071,0.8533541865197002,0.422553320897267,0.2436250365046631,-1.38172008591865,-1.3855926899256683,0.4006619530918155,0.5155630043337425,16.562262170739423,1.2954010070555997,-0.7837815590535184,0.1708235766924015,-0.2902513681760812,0.1207847263608507,-0.1639025006787202,-0.5846967387330599,-0.583131149744149,-0.3039502914998858,0.3746269572086944,16.528886618134386,-1.143927228290839,1.344033226556522,0.1126650230493349,0.8358169938831849,0.3910289015391496,1.541230154954519,1.5187622267074312,1.5136035456910222,-0.656072840681489,-0.5647278400567831,16.477160806065054,0.8892277196489429,0.317219456410345
1.4364407444051437,1.6846025170436487,1.8187861424414948,2.0995536266950507,0.9018804578545998,0.9019450365866778,0.6341019488933564,0.201489736263715,16.550455887426686,-0.299708606120972,1.5704092006021917,2.1978706971487574,2.1020590998234385,2.0554208498402273,1.625117312725094,-0.4032937043831101,-0.4008103749316784,2.13013507602125,2.4877681792001867,16.800813686551912,-0.2141266217164922,-1.5417584332286542,1.7190743375770865,1.8633378696713736,1.6737243954965575,2.041411925715154,1.3288558894895426,1.3261467471401065,2.5733322965616514,2.7340037496630223,17.392617343548956,0.7505070062954792,1.321183940111617
-2.427786648622395,-2.353850626672061,-2.552553282688269,-2.465070032229684,-2.74319039521692,-2.7513334628344057,2.5180533483980234,2.657290643573823,18.396989315260093,2.3362994171138323,-2.648767650193793,-2.1002325911805997,-1.9639411767570376,-1.8429091368664776,-1.8352736141643728,0.037276391775713,0.0486630578104181,-1.2331477560275057,0.0448704936093581,17.56472755739801,0.5176316621273128,0.1206221315059833,-1.6242051785628595,-1.6937356241460906,-1.42234738300381,-1.4262791290834538,0.1927354326244338,0.1987965540736462,-0.8713310828652368,-0.6236845781886486,17.098791182529734,-1.1989383180004631,0.0741199792068693
-1.291475583955845,-1.2147655968633302,-1.261746577362866,-1.0760015586816918,0.3402342551274667,0.3406606235104793,-0.1535198074077233,-0.5628824241977656,17.195903044227336,0.6229445449586873,0.5483552703389254,-1.0113057268695689,-1.101466561731004,-0.9962681284270216,-1.0448174256729914,-0.0718020245073077,-0.0571008945731925,-0.4408847203243761,-0.6669547177021241,17.089499410740515,-0.5195331801027782,-0.0769648139589882,-0.9147030680941316,-0.90091194075999,-0.7780293683350271,-0.6860741460002587,0.486717507695154,0.4807761490816054,-0.8973436242057021,-0.979847972871874,16.452794959728482,-0.856846157659653,0.6449114699192429
-0.6307990080502448,-0.5578621063411324,-0.446383933218732,-0.4456477612761919,0.3675472378132288,0.3664741111939048,0.6529671556864075,-0.6526929958165345,16.96797735605614,-0.7510114143699764,0.5388241141529702,-0.3670449808667884,-0.1547348679241396,-0.1826106810899782,0.0051325854191965,0.623078046528151,0.6106547302277763,-0.289553342011258,-0.6213973949428021,16.97399927530729,0.1656772124472347,0.6921201576085627,0.2846629062437349,0.0164142746146221,-0.2111387586802538,-0.3083251135187828,-0.3396981968488354,-0.3186833172246056,0.0886400369969375,-0.4094336278299589,17.21325200810177,1.0177514751845798,-0.2592684947677011
-0.2881704411765255,-0.7653351820169113,-0.8107401176065938,-0.3319813892310626,0.2159931777945441,0.2213408935874732,-0.1882686823221839,-0.2873861420349116,17.214234917559903,-0.3848345736047621,0.1274349135932009,-0.6527907860474431,-1.15675528797492,-2.0235918534647968,-1.2794444769206257,-0.8850805410747686,-0.8840707339520137,0.852152343368536,1.5021599425382806,17.486063120847724,1.24476631075183,-1.166426844457223,-1.8255073938421913,-1.3542960705249096,-1.147063139049376,-1.1368425793666126,0.0453411649539828,0.0491148719586052,-1.0449671444459343,0.3264558211667781,17.02970347511585,-0.5095159539998173,0.6903328066423987
-0.8705881302627889,-0.632329366302642,-0.6676226467849373,-0.065448096815711,0.9862171842343967,0.9841051336975444,-0.4521431646085803,-0.0544407497209637,16.901257240722938,0.0008984099849604,0.9423364751286292,-0.1034617375846262,-0.5594376007473696,-0.6862437104012533,-1.1370259542761458,-1.0092417307351165,-1.0095287247059317,0.4937679116463757,0.6755491815935033,17.0906684505711,0.2060627841139808,-0.5267741975816461,-0.4814979294854027,-0.9716503327633416,-1.1368404099667366,-1.5193643428547006,-0.5811891878770831,-0.5782687404599383,-0.262635462145293,0.4482886141021509,17.048786245365548,0.3521821786894785,-1.1815054436061836
-1.6092855696860846,-1.8344123187237509,-1.7968210393585955,-1.7645583950295922,-0.8111272801571712,-0.8111174024529804,0.7330622084074866,1.269591306345767,17.343913143213484,-0.3060573062739045,-0.9685732284410202,-1.565868006001733,-1.643312782058355,-1.6520137346011428,-1.2555298479227983,0.6254572163735821,0.628739890828477,-0.5288928519139987,0.5967517313645947,17.277596087501134,-0.577732618363217,0.3223172269936021,-1.2199210085630354,-1.287947680102197,-1.1348262625414232,-1.1072076386875125,0.6677830665404585,0.6699628499778607,-1.369442620004427,-1.265786860889899,16.878055374482194,-1.2480777902336635,0.2740582436225238
-0.9955571195064395,0.0540840345216533,-0.7589385816305685,0.593576649241837,2.0409779791882516,2.032945492592056,1.8634220291473331,0.935745647721132,17.380772202814136,2.0913241323858194,0.958183495049476,0.3376549034512908,0.109016240797827,0.2606502128178867,-0.4623208841874651,-1.0514911843544352,-1.056237464929732,-0.5348388488406464,0.0514999801633523,17.245985181197888,-0.3184647141613547,-1.0309255615322537,-0.676690788213521,-0.1171825871320074,0.0041932954237033,0.0121175348051665,0.453141312674191,0.4574154726104947,2.238889062398214,2.6305040681699863,18.064055813048675,-0.3194822883597029,0.7803298123062484
0.4102217221031274,0.9468020378704398,1.1533078880736458,1.3887662841593975,1.273170536913864,1.2706915261012413,-1.3808565923187313,-0.7526155757538548,17.08568771518772,-0.3976123468134199,1.3201470981434964,1.3019276133160185,1.2956625487650522,1.622826182108923,1.658614851819344,0.3180077123101272,0.3227120743177907,-0.3623775274473227,-0.8750531541685875,17.01079020993236,-0.928809657499852,0.2047185702038217,1.5792696171593714,1.4217858192162502,1.21919057888166,0.4986754109886935,-1.1286068543858163,-1.1324550707291952,-0.3550433284504495,-0.9061656444501588,16.905088348318124,0.6934333377457201,0.6759226915467991
0.7197490584769977,0.7119763398829858,1.1870756460460763,0.974000825831753,0.5275306086427944,0.5307260988984192,-0.3185365921846109,-0.8925565450971571,16.81561829520062,-1.370949997925282,-0.1630747562544418,1.2994049733713082,1.5135562058239025,1.4814093234612085,1.609599775131767,0.8149871791049008,0.8146133283065917,-0.1547133870844041,-0.7293943717535147,16.781067140539985,-0.0630125943255683,1.30742125472199,1.5558754629537563,1.224440654743313,1.5990270995100069,1.2270364303044536,-0.4886818218720417,-0.4846867991252634,-0.7509011184337866,-1.005414972828644,16.273380059301036,-1.4187842470213676,-0.7684766848116418
1.148094015856776,1.592466146055438,1.3500790301209586,1.6682629371647706,0.5006362431884546,0.5027122703407049,1.018284115036869,-0.400371433234685,16.806029314726736,-0.2302907582231833,0.8407207359901201,1.6017238976928878,1.4376463779910544,1.6639366924049033,1.1950895781118027,-0.4636841720005707,-0.4596946149790782,-0.3545511762559611,-0.4284977541039759,16.635459911172855,-1.5322799641184597,-0.3795964508479593,1.176469740237762,1.0642849009141535,1.2191867228740438,1.064087085923302,-0.3963663428280827,-0.3928496835556098,0.4137461947044688,0.0740308209807277,16.904200291300608,-1.10589287602208,0.1466911719743708
0.926213863601465,1.6930724018548229,1.0918457991607722,1.6696307192893018,0.7682483065795164,0.7677721364261119,0.3075247005060488,2.176209397314633,16.974203206064836,1.1522239691469434,1.718097114539867,1.9523884395258215,1.6767665252230035,1.6702693294995123,1.321526515840638,-0.3769558727350925,-0.3735378032393155,-0.6750935030675879,1.007350198639902,16.747024312507886,-0.3185245065387818,0.6503243822920859,1.290388892138972,1.0012221837180788,0.6926298200187705,0.3687001124188283,-1.3561543326718688,-1.3586793856864476,0.0479974173259388,1.061949798417856,16.774708558650786,0.6986495946277131,-1.2509492702892966
0.4318925167535931,-0.0026505980730544,-0.6445818830233432,-0.5124350693663349,-1.1610972285590029,-1.1625372183352347,0.29546208051231,1.299279228942691,16.89326055679069,1.4706417859612466,-1.2544384293252897,-0.5788511489943302,-0.1289161356979354,-0.1076487923395217,0.4983025253623958,0.9892998247690392,0.98874245923759,-0.2884291771279161,0.8709613419290139,16.844716339929832,-0.0310144012010254,-0.7310814651419681,0.2050137035814783,0.6983778007662705,0.701230521756642,1.249157739546534,0.7033801604967816,0.7045103797370983,0.2370194007307717,1.0810319860838495,16.96492058524789,0.0185451140816974,0.7955320823386596
1.3320004330399666,2.0591559744579775,1.830541962929526,2.12588554569187,1.2060634421888583,1.2023766268961429,-0.8177314788347327,0.0613504692750362,16.817319381833958,0.3874134643858601,0.4887803233064133,1.999331613645585,1.735884867815349,1.7207461802862474,1.5012618801598137,-0.4229249028120451,-0.4201702042653237,-1.4784679255743405,-1.3905296923775874,16.479629839621197,0.0064719984715297,-0.3239494578016663,1.515234639448259,1.1889951227248243,1.4397163894386875,1.2956226415642282,-0.1460189606516614,-0.1427059983247029,-0.2514286222005236,-1.644739596979949,16.427710506782603,-1.1374384445594756,-0.2363541296035584
1.2397841739891915,1.4167928524458,1.494086219618722,1.2801634524820846,0.0704081690585902,0.0736174858498535,1.583211947009689,-0.5159656844120031,16.650633900341244,-1.259429575628169,0.5404010169913346,0.9928991865068708,0.9431779350598012,0.9522566101650984,0.7154541874472945,-0.8193610291237701,-0.8188293479105707,-0.5843410127227279,-0.7983977744935598,16.512014422607,-0.6994948017585767,-0.0442130731417367,0.7571844183541103,1.414545044475722,0.8458622116774287,1.4722202345259832,1.3595003143013529,1.3554708719925443,1.2519700529698234,0.296958036073354,16.716410092720842,1.684368181670423,0.6551713948479798
1.5210948037636436,1.206541521355967,1.0029876914392784,0.8715550244230114,-1.0985865213510777,-1.100254068839449,0.2359621561469759,0.5851323861200924,16.769138817645604,0.5800126440247548,-2.1515151285702796,1.0001906705103345,0.7467343647618637,0.9334960724926584,0.7917807821870816,-0.5214005969094951,-0.5195945279454417,-1.3011221095993843,-0.7423356109651481,16.450151076385243,-0.5284053166054684,-0.3288315937194769,0.5565060805497214,0.5774453097354155,1.0591364618880883,1.0049014442902149,-0.0519264199262086,-0.0491397655822338,-0.5142908694076209,-0.9647896289558142,16.305951946124132,-1.0957225676995297,-0.154004686023004
1.0381058788589477,0.7338143705109185,-0.6407334290455716,-1.4715872236278382,-1.827105654716617,-1.8369774161273544,2.430526865194671,2.2820700420161693,16.94808316231358,1.6174053372494956,-1.5995620453972754,-0.6522325858874093,0.3247200519561155,-0.7532710091000915,0.9738340589862828,1.595445808445494,1.5891260962804044,-0.8593185795950649,0.4872185219990898,16.61093046629261,0.9934436124221604,1.225807410542305,1.1006797275316589,1.8357450903540051,2.056028252176692,1.7948775736218432,0.7716098875579539,0.7723468165857342,-0.2579417945794023,0.1580349024085209,16.57212238918749,-0.1439618973308631,1.0468936841314769
1.8239389040048064,2.147564301027564,2.047491603333726,1.7662283773615313,0.2676990684375125,0.2710150411709576,0.245505896939123,0.612463025733035,16.71914404466728,-0.0106663245798911,-0.2353820118973806,1.6066577531512662,1.801172492196394,1.5894398924760724,1.6010076715172714,0.1126995657117227,0.116472539871789,-0.5562311324330299,-0.2998952286827163,16.541400742682697,0.3265154302021513,0.536579425240418,2.3014963059791724,2.174478940087526,1.8964466484985152,1.1428240606019622,-0.5373421412611227,-0.5338583432224915,1.4766468256034253,1.8549346760995675,17.078778355789858,0.9325738565073382,1.3306265007840736
0.997575002750709,1.7609751242137717,1.488244920903966,1.9770105841560044,1.627510417902825,1.618737786104383,-0.67025531959929,0.417919211308638,16.850112569625473,1.5376777036764564,0.5341527700973006,1.6660608263093573,1.8982482985998792,1.9747107650632676,1.7854980470501771,0.3426480423998677,0.3455345393441407,-0.0705104383650351,0.4904043662392187,16.891476336373476,0.5923422584967059,-0.6098870517657865,1.748867738338792,1.3322678355632442,1.5335603313641362,1.168758702501956,-0.9679729451219876,-0.9667766005890316,-0.5069098412443872,-0.3303324958627922,16.767557418408476,-0.5936083848876846,-0.4879479725662373
1.077694082060222,1.075803316563346,1.2886000972928244,1.2482666104924616,0.2676533523607333,0.271042686462114,-0.8119905760001135,-1.6077875627006513,16.46743482380175,-1.4073289566167573,0.2502338529836185,1.2706185582633285,1.096527119939822,1.3088284742062877,0.9868949722790912,-1.053668980977119,-1.0553297018993055,0.6666516626477654,-0.6172384110490278,16.65357101810313,-1.3454092910404447,-1.8156008124601375,0.8386297414435732,0.9185890695634636,1.135854059491607,0.8359306515802912,-0.5761867093770301,-0.5754355077899134,-0.6021817799725574,-1.109063639672934,16.48467445932414,-1.1496975514591166,-0.3422694806212635
0.7026749223264503,0.4290868134691477,0.8810477738570865,0.6469175242187203,-0.5173857170884778,-0.5169498989162481,-0.0971996925049901,-0.9688970068365824,16.477851912757476,-1.638952485624628,-0.9260398150990664,0.4844479725824706,0.6190598992237251,0.7831177085736134,1.0035352186933524,0.4128238178294426,0.4166255331935405,0.0843570940692976,-0.6572386280658906,16.509806670423764,-0.8332658874158406,0.7900512653624494,1.1709161211717642,1.1099112403027975,0.2284285209894203,0.1665337491458767,-1.1770076655983763,-1.1826098264766225,0.7162613765148415,0.1450708979979858,16.737284132838088,0.9967909628049262,0.7167221601724938
-0.2011308575102604,-1.344824430337504,-0.5226707546391381,-1.0739162757417724,-0.6797393211416327,-0.680237337041375,0.0981132128203221,0.7141318147660604,16.732443155127804,-0.6502693123517064,-1.60348413269352,0.4772838816988159,-0.5084435895771254,-0.7981818234434673,-0.099915318266986,0.6718819417215426,0.6731356681987789,-0.4719347085184396,0.4304593687885097,16.645707651825592,0.261234989908166,0.0282926763235889,0.9863698962604276,1.9657213955213744,1.1557231563537949,1.5832672183243048,1.1577668215237935,1.1566747514896096,1.600809916523095,2.1136694247311385,16.92338335588439,1.477613914309594,1.4668098099525393
2.7760785561222283,2.769754525262103,2.739029074030817,2.7516172684917386,2.5777279653769036,2.570482946402643,2.751168048508621,2.7696303173157975,18.089234867989216,2.585622617438358,2.389608684169547,1.24165954076577,0.953316282573678,1.2770503591546984,1.3462461316477496,-1.2182425169370923,-1.232403410162352,-0.9191816599969742,0.4995099099440134,17.518085819867135,0.3343527227151984,-0.9874812729922072,0.7442938042879573,0.7722838147916017,1.1993732921237308,1.5471340701639948,0.5196382881527348,0.5269584959745961,-0.6149071043584368,-0.2079833303880868,17.200334659392087,-0.1309893241442311,-0.8353422012642737
1.1486246927896409,1.0817940165518514,1.4848925398263415,1.2658818776003251,-0.2328170588280438,-0.2293215657618204,1.3855146133656848,1.1396429151349323,18.124506730146955,-0.087994738168891,-0.084292944204825,1.213497645443417,1.2255933000238763,1.0047040386675126,1.6980665404205857,1.0083969169479825,1.011929390021302,-0.976258626716452,-0.6578496741733554,17.28607232875882,1.381004425055467,1.0674546457781442,1.309448751386449,0.9777964775333824,1.5021565102492096,1.3240335463264898,-0.3955370416050773,-0.3927584296095454,-0.754987708159996,-1.123520982711291,16.706587678145073,-0.8035143774352144,-0.3415081805187752
1.0092645788566326,0.7764138505680303,1.268025719193394,1.1030445640575448,-0.4178094810559759,-0.4154253181503898,-0.4166937044072368,-1.089331216316655,16.510360754405042,-0.9061352140357553,-0.0696085941800804,0.7825795674430525,0.4440755071522165,0.5479067142325857,0.1751981451717277,-1.5055610745542929,-1.5195808495919845,0.7057214046143049,-0.5813077216902335,17.19122263043511,-0.1311408478096128,-1.3811254755691225,0.0213912103139873,-0.3571831308823748,-0.0176686171180621,0.1289921902075717,-0.1122055953504832,-0.106308573237284,-0.6498318797717014,-0.8417372628505898,16.760880735010307,-0.6183593012189464,-0.4160781334347778
-0.7792262885677154,0.0138631350947914,-0.0214488408665276,0.6771826928593462,0.3353241831144578,0.3417379128925245,-0.3970551657572173,-0.7987903433161629,16.59017842977383,0.038405499260167,0.4734064544690297,1.3895282312098594,1.6030244540764138,1.5991212279027505,1.4661835506061156,0.9228071475495424,0.9209929350228838,0.2833449317701874,-0.4602187298760087,16.79495596767656,-0.2877203619253806,1.5133255741282,1.4043611196201429,1.6214748365496017,1.750669867801229,1.7844674269830023,0.4410944034414005,0.4427182554287612,-0.5788269227680249,-0.6251240001818716,16.357010262732942,-0.6975982660590988,0.1148287180181788
2.0324288692748165,1.831885348604184,1.682587102611068,1.2139287199319715,-0.6846530246564333,-0.6809466879546776,0.2664441931742797,-0.2548392926048073,16.60023169639818,-0.3016594845891819,-1.099051383653078,0.554312209028325,0.5191509269430701,0.7289819757090993,0.7195564463438829,-0.6704183936141134,-0.6670244893829483,-0.3681538102876585,0.123883964413358,16.311357230217247,-0.6736562055398861,0.0358468307499848,0.5624553322189833,0.9857642661578236,0.7438625250672504,1.2524280645779526,0.8215302012585795,0.8197468127688708,0.4070710925894597,1.5270930376205056,16.46550789826927,0.739694886755047,0.7291520883733196
1.3826666356689874,1.6315380100939485,1.4091956632016185,1.6649593901677031,1.0001842480195804,0.995637455805058,0.2985106691556703,1.7971253142756656,16.62570215892637,0.920238566443596,0.0022826861338523,1.3726215236833477,1.197325795041675,1.3269804468611532,1.2122630022515015,-0.5205819145849744,-0.5156844675643311,-0.2693347619706606,1.253734277429641,16.584041119497353,-1.1149684414217054,-0.0859483125478792,1.2797397559804646,1.1401227770338804,1.0256979773523764,0.9926193937561212,-0.7898151621167354,-0.7887187905565838,0.2823416418732223,1.5419334945357337,16.623991201861916,0.5512966441198733,-0.1327862315014077
0.5304149301880675,0.71635450553118,0.7520453753097064,0.4582428543811107,-1.244750208657845,-1.2471808591259224,2.7073956418411327,2.7047232527122564,17.745463870362865,-0.400644396371706,-0.3259559738577393,0.4135281256511126,0.1805461221973883,0.5868977831138549,0.6233277788633639,0.0004004412769664,0.0035804515622321,-1.1366835195733318,-0.1572702155149867,16.63699068924805,-1.3524444291417907,-0.6383679176611775,0.7395315196350115,0.3744252351619142,0.876188637793677,0.4972861161512915,-0.249859031109017,-0.2476362995776027,-0.5089938802265997,-0.4899432142835634,16.329458157484748,-1.296114345574034,-0.8311315963385549
0.3502780397146571,0.6844943972132572,0.9901774769141658,1.123120066354504,0.7952282469432099,0.7974031588236553,-0.2402080100369812,-0.5564044727694611,16.301050423895276,-0.8082291890358045,-0.2889747936057684,1.090655124353911,1.2559574844974095,1.3482454859662707,1.290215445617762,0.1943901607244323,0.1970731442651038,0.0682000237014199,-0.3683711880749327,16.473382702219425,-0.3176635291264874,-0.1135768255245478,1.0499644670324553,0.943808109137186,0.821382006161517,-0.3542186265846095,-1.6732785921465234,-1.6794862541278084,-0.2489351688883807,-0.4297676513941943,16.456380600764653,0.05795991259993,-1.5198937186344577
-0.4101556123942576,-1.1296141962696595,-1.1708385068108371,-1.542460372722647,-0.8117905265314214,-0.811936383983733,-0.1874114335732712,-0.4052064574091609,16.46780848555944,-0.0975438141782058,-0.0392231104670178,-1.6616059023880918,-1.3865251004909471,-1.4806102875819354,-1.3768700882781018,0.028944537340709,0.0310348400586447,-0.2181485787353984,-0.386720318253601,16.435698183546513,-0.1058688069067276,1.06713891744745,-0.1933681261864162,-0.5032964932478029,-0.7329129224873251,-0.5432784133207603,0.8291682874412197,0.8288540657152964,-0.1235281789761711,-0.2949548667756888,16.48019393198267,0.454412509853363,-0.8775839342196193
-0.7522695032197032,-1.2104570771447427,-1.2763585602886818,-1.716755510544371,-1.3783463243203522,-1.38027839783454,0.0950944017042375,0.0016712772691919,16.67971520144858,0.1711485791910565,-1.7481019300134473,-1.615970817597233,-1.0354428613439697,-1.5837123092166652,-1.6414722954686614,-0.3170330485385947,-0.3145685346847302,-0.5261975289817188,1.5180446005670942,16.442900154978716,2.1624905248229864,0.7465092478724379,-1.9515276676091524,-2.0491245764617263,-2.362937673810328,-2.118339706585837,-1.7150463914262004,-1.720167495183262,1.886440983674709,2.4275033271554465,16.78644288941829,2.5609911863022083,-0.743844875446693
-2.0061373961500397,-2.0832077942915936,-1.646454923361922,-1.335084707977916,1.0069516698558036,1.00549897741395,-1.4384139208886522,0.5470709993191277,16.49756586721178,-0.5958231858665959,1.4674342758920231,-1.3554676610454015,-1.2678952856511534,-0.9558567222480148,-1.0206162177366251,0.638741274464308,0.6394751316077872,-0.2410355498681438,0.2706179921654671,16.485242641118237,-0.7998007863559428,2.1752378254822493,-1.105374975383114,-0.7781454411357759,-0.5414882705299761,-0.3865335325728956,1.2731381557734995,1.2694444722355525,-1.2804344729822612,-1.0571194675734246,16.150785565564846,-0.634335975815587,-0.4748805423802956
-0.8764132241465754,-0.6338908218773117,-0.5002202714638437,-0.3604736739376737,0.0991831471959915,0.101767850633026,0.3475220737918643,-0.7108753641656077,16.219758428401104,-0.276180799640126,0.0613957054917194,-0.274114471936016,-0.6090052794955394,-0.5605408186439046,-0.2098762713629781,0.234859501730594,0.2368233477549648,-0.3769637399180017,-0.9387124759822943,16.119684488087863,-0.0574408787628021,-0.0209130083345416,-0.604181650217698,0.9360060331551942,-0.2593483452617755,1.4420423771046698,1.7513158651789085,1.7415286232971032,1.7217583134348142,0.7453898470416918,16.53004641499113,2.04276032588537,2.1903325010803085
1.699585420374271,1.282743711637424,1.3242327658956492,0.6033296417017058,-0.9443419151525766,-0.944773094552916,-0.9719408349159888,-0.6743916799724821,16.212278013197256,0.1168725314675602,-1.4054611878145458,0.3544303357992231,0.9554888805478472,1.1849917283619722,0.7352420918618999,0.1112538757585676,0.1146153215140648,0.4233905257056455,0.0227881580913779,16.3233278270312,-0.1011716758090595,1.0947178468480994,1.4311648867323812,0.939302931950733,1.0986260313777063,0.2457615958132535,-0.4407613103790228,-0.4378721642958265,-0.5243468173663125,-0.4689318415942151,16.17231874429044,-0.0175006730759026,0.4317684079423047
0.323243557591098,0.0380710820099419,0.6292280881151534,-0.1687766400651849,-0.4401938911953995,-0.4387803134915455,1.4247418005934642,1.8347423454168597,16.505145636739933,-0.8186482255008828,-0.3136989588829103,0.4505725912953513,0.1675277461905941,-0.1633857515651098,-0.8679320288747611,-0.5878644027443369,-0.5877251119197353,0.031491431065756,1.628711135226982,16.545302746417736,0.4437750499950824,-0.126122611515536,-0.4085136071559015,-1.1867544952580986,-1.312370209828842,-1.802120941339853,-0.9574888747674426,-0.9604678125947488,-0.8332834063126574,0.3338711824209007,16.305529202546875,-0.1793347582676097,-0.590689882203
-1.302818150538599,-1.5917819491197491,-1.6357514981888537,-0.8977185770482073,0.8061597195984161,0.8095090959058463,0.455556787480726,0.8628635009126719,16.465945841044356,-0.3296861707832326,0.8131682513341937,-1.0123565107574208,0.0563602836189758,-1.2179736905597427,0.6352686560828934,1.347548036964265,1.3471286683864017,-0.0147258763858108,0.8161438039019653,16.51754275381,1.7875515673902862,-0.2519619593736766,0.5616394100238109,-0.1697404111783406,-1.7854447729353873,-1.613105919153603,-1.7821728385438678,-1.792736571944263,0.4702709338559097,1.419295042716567,16.703874802152537,2.0736232652289024,-1.9962612490055736
-1.8610906907967597,-0.8004438576821045,-1.078711100587387,0.3165411695825517,1.5946578253469093,1.5870034515733094,-0.0375880485952902,1.2049139380533125,16.734853081164477,0.7200780412445921,0.8811826708993767,0.3808395763587742,0.6648841466653348,0.9201314194282644,1.1672355448584464,0.6153338391316172,0.6165024892002468,-0.1788561535926557,0.9169143672101672,16.773696767357286,-0.6242472534025233,0.5412347211744196,0.4862044677735535,0.3801895750535411,1.229820278570792,1.0245253094843934,-0.1015732858004849,-0.0974699403436679,-1.916436671497407,-1.8374783739224916,16.21750659295053,-1.1943224518174456,-0.8827385041542681
0.7864271808941999,0.5427559075062491,1.0993427693167117,1.07862113070556,0.0888789614898825,0.092582296662159,-0.5787216516752567,-1.887861558787425,16.09637148068035,-0.931035386693035,-0.1024142259213745,0.7723901658320459,0.2065960260656496,-0.3004958593883943,-0.9257090167234056,-1.3962024520212406,-1.3990514104445313,1.7831879856604584,-0.4746456860954822,16.469400270483984,0.4609130691158135,0.1140569942249416,-1.0904737696937192,-1.98966129223846,-0.967732136786934,-1.5825249666016274,-0.6916437248622507,-0.6886971692710958,0.2466234888653015,-0.0340143312449346,16.554044764243727,-0.4944615667296604,-0.2914683648225053
-1.4764351224871075,-0.6652748014228049,-1.0368576001256806,-0.0100492001821218,1.228443130028669,1.222249241399936,0.3199024150937244,0.3377868845170836,16.68193684214785,0.7438348528627189,0.4465165698992854,-0.195973702856437,-0.5537050995464491,-0.0682952749534753,0.1537791070923934,0.1164206542699869,0.1211390459736886,-0.9265860025375886,-0.5470235705920432,16.469273583978513,-0.3349097903998393,-0.6520376412029557,0.4592136798583585,-0.3847735605192426,0.3172968425831735,0.3205929440355182,0.1160313379060589,0.1206107555903668,-0.877089096426809,-1.0943502809700434,16.224201978429363,-0.6884954861664133,-0.4605302194922592
0.81804186774121,1.6023563818844309,1.222006768598926,1.504004055148221,1.049541123376342,1.046806566131676,1.139628319161381,0.0576983803089131,16.491051410240317,-0.2206011216351703,1.1682652239629696,1.4358198486136622,1.3504249571876588,1.2245706037265822,0.748732303643505,-0.6738974010828703,-0.6717141365745544,-0.828793267298323,-0.6830042593647557,16.214832176683853,-0.445981570352303,-0.4487939769200944,0.8739352321628161,1.0930769161298115,1.0121632016387163,1.2326208709096829,0.5614187667538136,0.5638709495305476,1.06319466731498,1.0663147731774796,16.493135983978664,-0.4087957551323074,0.4401002853379224
1.0976746015848518,0.9525452098825888,1.2149283747102142,1.1211028124632558,-0.028031511117131,-0.0240008520784345,-0.740494627089679,-0.086075750787531,16.329700972174386,-1.1456856749660649,0.0769086600993188,1.232565476503792,1.7815270390206863,1.2237227071043582,0.9021213435605868,-0.2032286455411739,-0.1993524132926116,1.5258771558741446,1.970887666147048,16.773566976456994,0.8386339971779659,0.0736222762494821,0.9313527385377892,0.4338691360052182,-0.0451960658846192,-0.0894888360367146,-1.2913514502198034,-1.2962515724573838,-0.306333739146445,1.2366498578407834,16.748308409791697,1.0980750775419137,-1.4456261452085857
-0.2760550736418738,-0.7675252526608219,-0.1597463250051375,-0.523858845562474,-0.3456505413379633,-0.3432930490251632,0.4227524035768313,1.5917926549593264,16.917430050362825,-1.048955831711149,-1.0507068935724888,2.7302706618763533,2.6624695457443277,2.6191597550925714,2.747610989003891,2.7508449359838005,2.744828481837733,2.5237828614583764,2.677892721682443,17.918907374622286,1.9573083170881072,2.717549798186845,1.8769232748645948,1.9695075439651524,2.0643795060883448,2.044085424375267,0.0724198442609136,0.0840610872521415,-1.133882322302023,0.1107268602854774,17.194135112868356,1.0399112882701296,0.1544087704817601
1.5024481999924904,1.4631647891024413,1.640668138051783,1.3841437352497936,-0.644098551493315,-0.653929596721935,-1.0068807087517002,-0.9073793772079648,16.523654154704975,-0.0428557250245209,-0.535185670834935,1.2399596153861752,1.3156177180479445,1.4916087277461678,1.4352665062047905,0.3162378771072799,0.3325683543635419,-0.0133888631160641,-0.7260194447784891,16.65644116484504,-0.4683905705266746,0.2954402240734011,1.167150605566105,1.2279582051381956,1.2853451041459425,1.1857804196988473,-0.3057445705074995,-0.3037368692586926,-0.4560320862486206,-0.8594030193698045,16.515488331182606,0.0604935769326002,-0.0798904521216367
1.023883271424754,0.945572867078198,0.9859250859828442,0.8293025119827437,-0.5840250117367742,-0.5914528375033108,-0.0754514145742259,-0.7066227118866698,16.601934443926773,-0.0138360537355015,-0.2092190850787599,0.82572927991136,0.8366964751984681,0.971485845440592,0.8654933762328907,0.0119304082027748,0.0224402936100096,-0.6164912932599278,-0.8891407839836992,16.283084612413973,-1.0298489540396252,-0.2098439214334116,0.7083623768857075,0.5893736545701501,0.6899334145170298,0.5704498716542539,-0.5507129330829651,-0.5563989581732468,0.0764870484009291,-0.6595021390663064,16.40699705472344,-0.7091701181337479,-0.4637157692940971
0.3134665839499511,0.3106574665599455,0.5125921471939531,0.362768396651847,-0.4470427638098623,-0.4494548419084853,-0.3290103331768705,-0.6352838274123056,16.261208581192616,-1.0230056889195105,-0.1032049317567481,0.4457580316165224,-0.0720352733549024,0.6705757700331311,0.1332523277915185,-0.3867341010831009,-0.3871811254988788,0.1011077567762338,-0.4085354901622648,16.38456693161551,-1.4237806827615085,-0.1863676449502578,-0.3977357307516758,1.4970852038952964,-0.6787902109848175,1.7624411771214588,1.2777345320719309,1.2760069833841867,2.400458737122789,2.173217089205212,17.13449235351701,2.2219495524614,0.3677223682922514
1.702711170149321,1.1056851335366626,1.447604111566005,1.461777606945657,-0.1144363454285218,-0.1111592740085206,-1.2340108211340437,0.016179684843255,16.264677847651104,-0.4379093903900152,-0.4013584313062689,2.1037019126259775,2.2771244504246178,2.2550174048014315,2.233039570467177,1.0363967567216323,1.0366465995140917,0.449766597290878,0.5837900264468628,16.508839666873758,-0.0805691160561316,1.2128243657128932,2.1694028079929937,2.1234505380272988,2.050697116321276,1.9939615266046296,0.6366299908797921,0.6387522497248659,-0.1132703797870575,0.5870438906830797,16.522406826876082,0.0353790903318214,-1.3999095702546192
1.9569404494155376,1.7959996981961888,1.8915482436289877,1.5470754112709135,-0.2890335143228378,-0.2864298813608689,-0.4080022431568592,0.1993493222992332,16.39996091352607,-0.4245371592533525,-0.1901818731543635,1.703423503798681,1.4857179410329475,0.4173517936655189,0.0318627637416443,-2.1697435445448425,-2.1799018896609192,0.8912596531196081,1.2183551280712532,16.821846463775078,1.9813557238657835,-2.2592350987342056,1.1904049673077053,0.9984706049694326,0.9819097417077772,1.0598726377275711,1.3416508360866073,1.3333121965486534,-0.1599302772248358,1.0169940419920898,16.89131943092516,0.1989831515165623,1.3749607691589585
0.7911673241395405,0.4778811424131897,0.8796068730602857,0.6469981766320491,-0.5891291275912982,-0.5845095268460107,-0.9946645509084402,-0.4936426920183774,16.408337020613324,-0.6417275938048091,-0.8177595761501741,0.5494013768304878,0.3076883566781421,0.2326270092120212,-0.012410380220846,-0.8003547597887146,-0.7969930331706726,-0.456010934501482,-0.9070877820933404,16.275501113941836,0.1080876412164905,-1.3717231893079618,-0.1748922396026113,-0.1564192210772158,0.1622056211590679,0.3782797026608857,0.2904057130157241,0.2937324928773989,-0.2487750274674646,-1.0183231490544642,16.231120808062443,-0.4645983253243531,0.4400971618890746
-0.1655538521428779,0.2754897335889558,0.5681451825475546,0.8196329160763582,0.2862927466271004,0.2894500075602323,0.4727993751921485,-0.3236983897696608,16.348421428228225,-0.3192057124737948,0.605883376737852,0.3349384314695757,0.9850739737862244,0.7175694032173231,1.4159195540492882,0.350580535513123,0.3531198295737974,-0.2825485643153154,-0.5246682842086078,16.30896399634488,0.1624285314832633,-0.0593996111340114,1.6992462715729806,1.825547808203393,2.1107504620868114,1.4025553937260418,0.1199770107644877,0.1237592705891298,-0.0161748691231174,-0.3973670829995057,16.308178758835083,-0.9573846633389238,0.2425779341349255
0.8250704641392721,1.7994250122228004,1.5758727116837818,1.6621314183693043,0.4957066013879639,0.4971050674326007,0.5548546449400548,0.193786758846184,16.444575342263917,-0.2978000574361188,0.952970773352906,1.9945470066546895,1.8879334115151225,1.8316986778243791,1.2455356791434051,-0.2790610254658083,-0.2743306602023957,2.150007732345076,2.0481459530776593,17.069425326099704,-0.5975067643798166,0.1013853796833794,1.3446892042352732,1.8741770841944505,1.5167426891858673,1.999186007870592,1.3953231588715478,1.3926132599424876,-1.4304997188175643,-0.3696004487812661,16.338868474316413,1.3017617305274605,1.586245664925568
-0.0508655959122804,-0.0649058314661457,-0.308285735446693,0.0236850271426902,-2.272772489154108,-2.2827406378831805,1.4223299219322854,1.4310535245468248,16.855451134020317,0.9359932890677578,-1.9972707860679193,0.2446968077744425,1.0361596573417569,0.4678584630753095,0.9549666776138912,1.0188509558731216,1.0122436158024637,-0.9512131997870956,-0.0656951215416436,16.467166829404615,1.889832563549184,0.8657460197330233,1.309515228388365,0.8295227371402806,0.9088173407127074,0.2613334220814611,-0.8134046992825301,-0.8073662795692669,-0.4081968147675208,-0.423990774254719,16.372675929429167,-0.1008023042634701,-0.6971298651775568
0.5545622871805037,-0.0016479288564927,0.2444471609450957,-0.202928117510416,-0.3921017435660193,-0.3863936557746755,0.7623176781973425,0.5357489154060631,16.750255384513732,-0.6104046048133086,0.0448275954041347,0.4443611902135658,0.0525168268770865,-0.0492584120688868,-0.8284306867021161,-0.3976683704105876,-0.3924114440253938,-1.2569105649152958,-1.3835208614940409,15.974917996675478,0.2137181042056812,-0.5093791198267194,-0.7472105691466463,-0.4720382811858126,-0.2587068636502577,0.3271656233269447,0.7311666811587069,0.7304717989860997,0.0253979469134006,-1.0728775836434463,16.06009581263182,-0.418841357331402,0.1860539152062585
0.1448251512581843,-0.1671201853579767,0.5864253405679469,0.5781704698013971,0.142282183298694,0.1464210879272246,-0.7603846955163417,-1.3531585750752964,15.654074252435844,-1.321352528997691,-0.2254269304404853,0.8474466518734194,2.3543941030165954,1.4053486313778962,2.371073687894137,1.760594873398913,1.7457491785522892,2.3845920814079378,1.0193713126686397,16.887560193315068,2.3924052330017886,1.468061171964112,2.514418109367685,1.6954369979648032,2.323149159352301,1.456493819907198,-0.5796538448454057,-0.5759215005939871,-0.6427955310978488,-0.1392487979721464,16.306871417789292,-0.6948561160280416,-0.5044998325034604
1.7748970300808926,1.4603346855232844,1.89395193883751,1.4112769993997087,0.1283117105526847,0.1341099670993795,-0.4138505168025684,-0.5472842251955534,16.09363911300014,-0.9976877034616898,0.2654172547209987,1.5245384536825513,1.3333471902112437,1.52896028705303,1.4842099376775717,0.2910462203350928,0.2964438130344336,-0.0114745793755321,0.0312244286979961,16.195371549928925,-0.5913560108323509,-0.4911776207334627,1.279115025909993,1.088352728826241,0.8918133969717857,0.7745475895676532,-1.0626149455957783,-1.0704453749843374,0.2944613193276382,1.1123115049862355,16.564370017505635,0.530068125833831,-0.0239490854073694
0.8521715234770321,0.5708973925961858,0.6613455908430064,0.1700420575891967,-0.9618857092124398,-0.9678427810530076,-0.4671838557882486,0.2316385648841397,16.312452903972968,-0.2107971200039788,-1.4676473144499314,0.2201395183764937,0.3752685251057058,0.6302868565199002,0.3723267559527821,0.2434019167815067,0.2489491323319166,-0.3254919633313092,0.0337336032734501,16.13506102175212,-0.6103993653657783,0.3103179153044522,0.5475157400909636,0.5021850271695101,0.7537432378957621,0.6378654354826682,0.1726960083533512,0.1777803730320845,-0.2419463565121237,-0.1888947793051449,16.10164111454543,-0.5477070258742939,-0.1331597361568748
0.7676289494497975,1.3768487482383762,1.050772360184065,1.6949240165390405,0.9884422431044896,0.991315213174508,0.2127789731975273,0.6328789035872048,16.42070089195703,0.4524845050411031,2.0536390538209255,1.2826222136379744,1.8726150501008925,1.6090748753860455,1.387306512693981,-0.616847662232035,-0.6163946937620789,-0.5076511180928989,-0.604864145535807,16.184136262143568,-0.4355359053932832,0.1003546818013714,2.1013258545620155,1.617458204684404,1.8757000106562605,1.0523611996711624,-0.2694567119150482,-0.266636977367898,0.413912534189323,0.4517842956864479,16.2721464115081,-0.6496422888536217,0.3659254759597926
1.1597330336613558,1.1837015261179438,0.8517094688597141,0.3230336993492413,-0.832320052837407,-0.8324252896520619,0.238274666332117,0.8223925005278397,16.354439770130618,0.8818509333410093,-1.4074179351973315,0.3638649594850441,0.0558612085887866,0.5228391161089742,0.6527541549587648,0.3638298135978031,0.3670644621267054,-1.164105952137318,-1.1472205351557014,16.04160340791919,-1.1136899961530329,0.3223455953341511,0.3771796601941419,0.2505913324120896,0.8153169787395067,0.5274927151480721,-0.1384836710877003,-0.1355782191480589,2.492448888895662,2.4710529297114348,16.928616939130528,-1.292756767254705,1.3388273429754651
0.4418877157100955,0.0532914682548301,-0.0430707612897924,-0.5007250693774036,-1.1935695037275629,-1.197945804073815,-0.5015191529162496,1.189187201181335,16.75049450517574,0.2405646657752442,-0.4833310164474809,-0.2896155885565842,-1.0978658882589365,-1.988724923495529,-1.205195450846403,-0.6303288181560651,-0.6301205803825028,-0.4210898943476541,0.4493206593694597,16.636252396263327,2.0878184278974903,-1.2854709789434131,-1.3643806166936443,-1.7469928728073,-1.3612645742024594,-1.5435150469767382,-0.3546228383839374,-0.3533021488193769,-0.8976568868253735,-1.0298726045638753,16.149138884866392,-0.2081338994012518,-0.4292472439567041
-1.793095589646425,-1.5830170071184655,-1.360908792477526,-1.8162280727118163,-0.7736564993684475,-0.7763363937699943,0.2077788631976019,-0.6070349626831965,16.343037664070163,0.078231417306632,-0.2941718537338988,-1.8295453301254967,-1.8406276113426532,-1.7275542068988912,-1.915814031341409,-1.2336658036168275,-1.2357474776508373,1.2023102574976487,1.191164703122497,16.94703171783535,0.528358439265031,-1.6125797964361812,-1.6492294944481674,-0.860833183400282,-1.1642270082567563,-0.2225378822041123,2.4673559015263997,2.461873504486205,-0.6947809126435982,-0.141223588644379,16.66479992864465,1.3642247778747432,1.7929643695589672
-0.5738866566244221,-0.0741606849576446,-1.6275457405576228,-1.6456169149121518,-1.7128063500185453,-1.726873204129454,0.3328670450361156,0.6324948118395555,16.97585436249752,2.493932387173292,-0.0160707613824843,-1.983135902839672,-2.0205340872016246,-1.821900841570082,-1.897275004095065,-0.8982887561896306,-0.9005594728566544,-0.473981842751097,-0.0791176190857477,16.84904431689022,0.9242188543957311,0.8659492023491436,-1.690088612415605,-1.4984704120436798,-0.9143477760130536,-1.3994418916252398,0.66633263891337,0.6706330864166588,-0.7591876520820473,-1.2100800540149772,16.511157556381345,-0.362966015876318,-0.5746926446522632
-1.3305155364080394,-1.725154043998911,-1.46986107891051,-1.72182691983212,-0.708434254089302,-0.7096489035608323,0.5713893798109227,-0.3623822052613158,16.733238099926684,-0.0373850583247664,-0.2222609857362938,-1.8011933071496031,-1.479653431541138,-1.3809962496134676,-0.8466344586942637,1.324012966776358,1.322845945429019,-0.8876647815472967,-1.2361549624327357,16.340422949228635,-0.0278049587175983,-0.6290753359594135,-0.7129259837990152,-0.9416566040742502,-0.5319130252863734,-0.4256711548483153,0.6105879729454682,0.6145112050134249,0.1696633442719503,-0.7451100426315598,16.44058493734988,-0.6493062868797189,0.0136519024007293
-0.0768119639091428,0.3019457579585746,0.4771449013023166,0.5110139215327734,1.018983852705044,1.0184947422117068,0.4311329229218377,-0.2317798357466217,16.67113563705046,-0.2606883384781855,0.6611539880028799,0.1694938617334139,-0.3107929876492802,-0.5826171991071998,-0.0341459730228933,-0.5597429555923836,-0.5564646627254198,1.0239220261294404,1.0782823490789986,17.094837850835123,0.3062351806643143,-1.3498658750355732,-0.3413797919515786,-0.0159400030678634,0.6298520468998071,0.6324771903769523,0.6259784927668157,0.6281949903654381,-0.5837430560314067,0.5894584567393046,16.947895641197825,-0.8292748472946678,0.1761985612030911
2.678758604774952,2.672380029882682,2.743286012561015,2.7007375269523655,2.540770362192805,2.5231879990416406,2.196583979738671,2.3959232838389326,17.718845955169364,0.3763891312151721,2.3076477924675127,1.603811271943596,1.7414969894804675,1.8499208285622533,1.9501059979349304,-0.0453262334663371,-0.0362672231510344,-1.3570506124324309,-0.5089138141413957,16.804827346230606,-0.7057396108210748,0.0454330330624758,1.4451526391964968,1.448176235711935,1.618265841837441,1.5444923673279214,-0.2592015534582668,-0.2555484191476063,-0.7273006206968204,-0.9303773581571306,16.43358506555602,-1.787312555988164,-0.3729649827687413
1.2479720195611217,1.3465893157030988,1.3641126614089123,1.4190679802149702,0.0485575894825105,0.058812402033204,-0.0911839309806786,-0.8078362363098082,16.48509716189522,-0.5502639574302305,0.4895873508893806,1.3724225167749262,1.284959639708786,1.3040689703342905,1.3185547192035176,-0.1455348645017199,-0.1399377393696837,-0.0980244531259753,-0.6547652958010906,16.512297634209563,-0.5965785799066393,0.0381276495642737,1.1482643935416097,1.204194924386894,1.2008205009838429,1.1604281884130057,-0.3560785020830456,-0.3558891918405902,-0.0146098132803037,-0.5340290311514014,16.619543500529293,-0.2742346543088181,0.3459219835227932
1.0083474970321402,0.8966578955376042,0.9586682141526314,0.9938308549067164,-0.4869596628333545,-0.4905533073870513,-0.6893129887543985,-0.8593224863921843,16.32503672824059,-1.0109342296145725,-0.8151434311257209,0.9219894875073422,0.8495710755540024,0.9416157193349186,0.9169060789085602,-0.3129512046588821,-0.3117223582404615,-0.528137754912467,-0.9316617073902578,16.067665247331327,-1.2050006541245328,0.09674282824769,0.9678155899452732,0.8203226929200599,0.9106065337288014,0.8466097705443929,-0.5331618977093123,-0.539488724816782,0.4478102803130337,-0.5180373367884968,16.26287117819996,-0.9430937166225752,-0.5126740554193813
1.075181383660928,1.0138972624411238,1.1005302252341502,0.9553036172178492,-0.580547486757864,-0.5884537881654034,-0.3255731391840458,-0.5012367007496064,16.099351165632413,-0.9426974897174348,-0.1796791210015042,0.6985481367126338,0.8610500575767216,0.8289352510438543,1.082646980359712,-0.0454628436811313,-0.0438799510830874,1.1498617293425435,1.3692776654570358,16.288412184964628,-0.2387005191065142,0.1032255989942789,0.9260632727845532,1.5612322144513415,1.2020700265892392,1.5825847499712309,1.371290603594539,1.370227989722334,2.43162173531725,2.68156645437881,16.960955147794373,1.734638963057643,-0.3763141572781596
1.5685624005139271,1.703075372412468,1.5839892675207352,1.411607173775418,-1.207543819534043,-1.209603067798691,-0.3352269698069938,1.6485382473380874,16.936381018278514,0.485482456284481,1.706580708480962,1.569542991581001,1.1871671296754305,1.399531395102564,1.330101268345056,-0.6791775994180396,-0.6791725265516853,-0.710979211164806,0.7323837402759378,16.730184662605105,-0.5788384594539652,-0.2970340587954571,1.1987236852694132,0.9601156447256168,0.7798457607231516,0.7842329190848679,-1.497416720630227,-1.5019110063715793,-0.8704806896976377,-0.1138569802867537,16.386816668392612,0.8711718792152269,-0.5971244030658329
0.5610477996218538,0.6264937277345133,0.4877953632994856,0.1408037249812949,-1.2861698519685651,-1.2897580586573767,0.2023018928456645,0.1026948352967945,16.493005395756203,0.7436479171125434,1.067305272752723,0.331077630555563,0.7015564686511634,0.7083027276388036,1.1676086994089978,1.4040054308238652,1.4028218251299844,1.0663834922347586,0.9180666100329424,16.9183109334205,0.4564302833101459,-1.0603818741767808,1.064820548010874,2.093248381101307,1.8306980095170209,2.2916622915712836,2.107030247661324,2.100962958174011,-0.8313964191083033,-0.0475630332866773,16.688300943084155,2.1352479592149174,1.1457724138431438
2.007673066394696,1.6158448185495415,1.7549458424031743,1.718231574271079,-0.4287676240630112,-0.4275550371054717,-0.0050173188883132,-0.0343477714440361,16.78688871288235,0.9852465525228008,-1.6587383938142737,1.9598067916852264,1.9666979984823385,2.172548790302734,1.8804412498250895,0.7718569350145548,0.774438670963441,-0.8499994185576157,-1.11103030484141,16.515857901418965,0.5761445430509896,-0.1767088656908242,2.0295100388040153,1.9533415322965972,2.178730594931626,1.9085142310846417,0.8241184358800002,0.8257691783744189,-0.4795826841190637,-1.3395672521700113,16.380006043210628,-0.6723622269594958,0.1861274942579415
2.001971083881556,1.6355682028814245,1.80811927192072,1.4394363337526153,-0.6119304445227124,-0.6113268227643969,0.7771094077926873,-0.668244927423781,16.546391541966123,-0.9572590660200556,-0.6736202051717463,0.989232251467852,0.9021082896090103,0.3697309764861614,0.0516432392812773,-2.2000176869560923,-2.2136134725812524,1.2427518349132691,0.9298131507628972,16.863166224851774,2.101073473162841,-2.165537566139633,0.1170368029087754,0.200560596553216,0.2805673706061991,0.2353855353961625,0.2600469115070322,0.263657849980523,-0.9567484214332947,-0.3533578637358495,16.568209087824165,-0.3138992101964897,0.670648043226133
0.2964463562835482,-0.1686978685809962,-0.4170712959986343,-0.6072625529894609,-1.0961621558841983,-1.0933432280231687,1.0152599333041885,0.8512253696623862,16.884758174530592,0.8914234882132408,-1.8058299562479223,-0.4731233803145802,0.0799468358573592,-0.0755889712389943,0.0059077132592404,0.755165262183898,0.7527133397376251,1.8342676673027127,2.3059534113577302,17.49267923279463,0.4616127400035895,1.1225178551899235,0.0587493829022905,0.8103111193660771,0.6544003079716145,1.0999975314478865,0.8952262105613439,0.890452501999136,-1.6896663174299744,-1.1378988704415955,16.31261756315641,-0.0512205824811892,0.8622384156604597
1.3201048906702548,1.1741140103252454,1.4925313134181126,1.1853548578195916,0.1455975275091387,0.1501992433362035,0.306415445467759,-0.6606993575253907,16.50002604418708,-1.5895598361871195,0.2351873165464297,1.4104998788295469,1.650092989977212,1.5096433377782514,1.4850365208631735,0.4553614453982115,0.4564508124833716,-0.2243529462440281,-0.5703803461491317,16.46620004241176,-0.8236951448152156,0.693214583514997,1.2459952649876769,0.9403501001073988,0.1296514520138629,0.0916456222722258,-1.3239353642688116,-1.3240541137416737,0.2367935493746333,-0.2195466955685573,16.652311634873875,1.3525469823566272,-1.1855817524885404
0.10888059156364,-0.1131925918906666,0.4596559015482977,0.039228800745867,-0.0602768428435537,-0.0540287804541577,-0.913440637053908,-0.892032023057868,16.29197340900951,-1.1795305476493765,0.1465153397400144,0.2067797197568885,0.6931910960523182,0.7504654052229257,0.9329382075356796,0.8395474416481012,0.8373822054703468,1.0182460718144524,0.0010565155814767,16.759791682567077,-0.4630256777081062,0.583082019310797,0.8987699878044361,1.1542733936722394,1.06395747937454,1.1577366550998394,0.2719350228693051,0.2752630530504676,-0.5089875789608042,-0.2510199776696733,16.591481117839457,-0.3073489670564268,0.8705919066898358
0.998171886420912,0.4063888723290694,0.6141670502346422,0.2595005633414426,-1.0185771040779672,-1.0166104711058834,-0.1619047831991941,-0.1756757533610757,16.626015115932667,-0.7291667149438873,-0.6658373084288982,0.1682789762425877,-0.3808327678678923,0.1679330002732632,0.0373218784146405,-0.2827679720773803,-0.2772366797695922,-0.7558379640372128,-0.6391652495015466,16.269992449845994,-0.8593797081086639,-0.1336611186821434,-0.4510288037985829,0.3492867156795566,-0.0938102232413833,0.6607219809861195,0.3794326782257,0.381965952928535,0.1130479861236456,-0.0469905762393996,16.26508368301652,0.4997239323068896,-0.3615544730503762
0.4543425286172974,-0.1757041046787936,-1.7528118863058386,-1.935442105709157,-1.7930051357052763,-1.7996178534953091,1.2732769498021297,1.8208596242047417,16.63638937888539,1.77453649000798,-1.0403044294317152,-1.516660524523347,-1.981666720724248,-1.2515504756132183,-0.8943173042313975,0.7313929245134663,0.7305531015128134,-0.4382073949439939,0.908218672922458,16.541400742682697,-0.7868606259737181,-0.044238871551495,-0.9249626217361752,-0.5836214117579752,0.1562368778943589,0.1956426020523489,0.8152212165205808,0.8132402988404601,-0.6915714373137393,-0.3122712901980064,16.334254949058785,-0.7498472886906947,0.3660840330416107
0.1900714815576638,-0.7730575589905379,-0.5351668099702331,-0.9366169300023288,-0.8640786610657152,-0.8594615831809806,-0.3973281081964925,-0.6888342460386653,16.196232019644864,-0.3649424037362452,-0.793244659632042,-1.080537050496682,-1.087523127421258,-0.6686349826407528,-0.2645227027317778,0.5108277431858587,0.5117063656325053,-0.4341428905135198,-1.2469555062529365,16.074217010485274,-0.6487686981219621,0.1166216873830062,-0.3733391148526395,-0.263068012832538,0.2098378166955264,0.0973987461772174,0.2777516352514213,0.2805525159614556,0.4039592508110708,-0.6018738639858605,16.109508990883366,-0.587082983289258,-0.3856660408243264
0.9848413043938388,2.025679966773795,1.7968266954635526,1.9425066871494836,1.4081077315751005,1.3964816520361678,1.4500639317573452,1.1417635439385183,16.401483591809832,0.7345619450782974,2.491823658714542,2.185295609064534,1.432418071604483,1.6610148273255114,1.1307233933667458,-0.5610203604074488,-0.555215035305481,-0.6156697699077602,0.311729113913923,16.224552655252705,0.0278653350232918,-0.8368979020658991,1.3709031649201655,0.980489078389164,1.3773722223021132,0.6293349364646293,-0.4135018226607813,-0.4077730958499755,-0.6822846849404162,-0.6033780648696666,16.058844566657196,-0.4788342446842983,-0.1981158970284328
0.6295384373559739,1.0949660058668362,1.1540810316223125,1.0637292594726977,0.4144782056849804,0.4170451643650926,1.1490969436464091,0.8455292955500132,16.32706733405622,0.0354080748377765,0.2593307386715173,1.0262076387199843,0.7883421998670402,1.0393834707722005,0.3060627548554815,-1.0000070333221391,-1.0010351061988516,-0.8581157104957386,-0.0826696408733776,16.09281897033342,-0.3880957639252556,-0.3903206858147481,0.6966560628357648,1.3947892914623752,1.0382622017134089,1.600910456317984,1.3217641768920472,1.3188461881216091,1.1701928960780756,1.647919284519895,16.320228086648395,1.8836670924906216,1.3208336664333362
1.5002320720167874,1.9387523428096056,1.869370787023344,2.0509611571443265,1.1910961451289794,1.1892752241857016,0.2049867016426523,1.579259200979163,16.38492692347286,1.7348328022407016,1.6029351448105666,1.9926947558358885,1.503928868321557,2.0132979572591356,1.4864709548708042,-0.7844535833953505,-0.7840745256204639,-0.6418731775397762,0.6212614067813989,16.270464830570273,-1.0337063593072384,-0.672679395579009,1.757918327251032,1.2723272831888677,1.5205837126035464,0.816275553349701,-0.9864363590912923,-0.988922009979788,-1.1118427217709284,-1.0066978916011875,16.0082139300378,-0.6625626786977084,-0.6976057627788247
1.0986799895315449,0.9008690830190564,1.2926019331291825,0.8888976358291082,-0.0162075422435648,-0.0119746466169134,-0.4834381225443639,-1.4497362264437663,15.893726473871595,-1.3649997356915335,-0.2648745104913312,0.8322317629807471,0.5070366995463836,0.269302236091294,-0.2794817541654479,-1.3709440480773285,-1.3790834402308385,1.097366813539956,-0.1399840816642182,16.085820465686705,0.5963330629461403,-1.203014433684544,-0.4108483607738895,-0.8146020881230361,-0.2679542466424022,-0.6521485345559781,-0.4371509252014655,-0.4349393904408647,-0.2103564530544251,-0.2851666376083649,16.04216458721332,-1.2861306933866756,-0.1096342551636518
-0.7734848979480738,-0.1748406678886667,-0.47090647508645,-0.1554735534134032,0.5938774311175368,0.5970009276276007,2.0995385110182987,2.0687927798298995,16.558863615123073,0.6737484100055368,1.6181134492571332,0.5176403993459782,-0.1841978662852599,-0.1746193312747595,0.0356310201209212,0.196037481344092,0.2002674176072741,-0.8612226138253802,0.5082437684192056,16.31545367466806,-0.0013953210229966,-0.3393060097315132,-0.0277422248572892,0.2454485164686687,0.3653662587164844,0.2078589977898471,0.1254816886964849,0.1294405694751484,-0.305494340363812,0.1262607209720345,16.27774555373208,-0.2735180693639242,0.1136251017246109
0.4921663745014418,1.491650751213507,1.068041087166386,1.6581252721828246,1.4484637870162351,1.4435889084304852,-0.401048875899553,-0.2367909559038875,16.17754320383024,0.8329216363190791,-0.0419514782933087,2.3421197741063553,2.3920204434154924,0.1559077470134158,1.260086840632873,-0.4043683018896462,-0.4018928244597328,2.0527257417601397,2.19114386927529,16.809942035850302,2.7162989410317984,-1.8926404781480697,0.8653975268779821,1.05151933043499,2.016977301495275,1.498682220530235,0.5076512661393563,0.5100283084870995,-1.0639884719470327,0.0232758091495399,16.35441608458186,-0.2962548658896084,-0.0496683510479973
1.176964729707759,1.5310211743121485,2.069242201195971,1.830452545594555,1.1234354275393894,1.1203501185833828,0.0824359975009429,0.2284210200531896,16.48249574890921,-0.0882025723730009,0.5981703298444189,1.3667438565954355,1.2180503456553498,1.5147631388558398,1.0519670901689815,-1.0661868101246588,-1.066631005921254,-0.8911585732438636,-1.0603240610087006,16.16050368305576,-0.0489838699404992,-0.4925300208996269,0.8610768447156297,1.057545939135871,1.4237094577538527,1.3606661766449404,0.7449985952874637,0.7459613518342593,0.350792383096783,-0.4718027006780684,16.369647906511634,-0.3455362253881335,0.7732106670340806
1.0000873149978278,1.0459758207081815,1.3105821335910528,1.4658327676548617,0.1590795515266214,0.1617320285513494,-0.2406574402675901,-0.6322405757526264,16.365158911371886,-0.4365537466478358,0.2700203760130447,0.8980482830563792,0.8581559822184154,0.8195479456684128,0.476124116005417,-1.7969713783724648,-1.8036533423969232,0.5065466202700715,0.3426193663674953,16.57176033617529,0.0565661785913044,-0.4223747059519216,0.3191610921342311,-0.1555372418958056,0.338790598299463,0.0954223266921781,-0.5949573847148136,-0.5920184094038587,0.0664488052596502,0.578745964053481,16.670289737503584,-0.6408324750151564,0.8798191737174924
0.4686805410157942,-0.4151304976411526,-0.1087722382198664,-0.3951519344157288,-0.4604880625333225,-0.4573733514190921,0.9017432658845678,1.6525084711603697,17.045449005750495,-0.2329700224314213,-0.3975394509386872,2.152180697310853,2.5660110547205193,1.8352142846341923,2.16966222407682,2.223234450245288,2.2111135391083865,0.7006519562833488,1.9486382076444215,17.408454414240794,1.005276886321698,1.684601062604831,1.8915466261504432,1.2407037539558865,1.6861071037202895,1.9553744729448468,0.1912648985483719,0.1970648798131169,-1.6555486576096163,-0.5041032220507097,16.716008703821906,0.0214070481291248,0.1922667299409174
2.0078196481782857,1.7892520156688188,1.979393828316376,2.003902331698705,0.7048746252068012,0.709241905259357,-0.184148351885587,-0.5025679096942203,16.745594414674265,0.7920859242367275,0.2704152200619954,2.2366260976019645,2.0936053773825067,2.20617442959415,2.081669018860785,1.2588404267565456,1.2572613139185933,0.6013844422590536,0.0771516411430109,16.99317268660712,1.0707476755267928,1.1390328399638985,1.9297027438626737,1.5728313166748438,1.664065640951472,1.2970462317303488,-1.2156204898898413,-1.2220202180207267,-0.3127664307907837,-0.1366480173095031,17.037525490673946,0.7419669386397343,-1.6394334863547944
1.3010984756413273,1.4969396205811456,1.5449564094908343,1.56119084470497,0.9017773285608024,0.9031954034087372,-1.3331676171335227,-1.234284664940461,16.628341166494064,0.8264992895608289,0.6417528361358071,1.6466167192021717,1.2926789819198363,1.6152826243942588,1.3778598849668198,-0.0747498282424816,-0.0684455583299458,-0.6328877297801171,-1.346118439692946,16.4798805866222,-1.343913049042843,0.2418080101977054,1.3742944447201513,1.15607390968031,1.4127162618066715,1.2805799540649532,-0.1933162759085553,-0.1880574304015006,-0.7673736566255772,-1.360137314710656,16.217144379128314,-1.29033004756819,-0.5718450937146548
1.295539141572057,1.0874478410051265,1.2050079231902904,1.1189115351036305,-0.6585593898026804,-0.6561534809513535,1.3634761373929878,-0.5988682217881782,16.65884899919694,-0.9621456646638546,-0.6369126472377437,1.100559357543298,1.2148897427710217,1.1583007937947918,1.298693786353642,-0.1168583203570884,-0.1117316348181484,0.0508626888595253,-0.3275509296287333,16.693314841606522,-0.4700017920931636,0.0740585839512188,1.1571987481994168,1.3250538837350896,1.232678669819547,1.4210416586016827,0.1374720982737184,0.1413480378624414,0.0078008684524109,0.1725191028177264,16.66694517582983,-0.0717829306864751,-0.2110848991833479
1.5154957514248362,1.6170891860247685,1.5241439358271878,1.5306183421063182,0.0015495321100141,0.0057469141459529,0.8292188345113002,1.0643151931110864,16.903471039650455,-0.5124576034752074,0.4904387859001151,1.5822322374996454,1.6640486079321353,1.6685324103527353,1.4590266837212154,-0.4084747539954436,-0.4047111941667919,-0.6420430075954796,0.354718133448532,16.749553633867006,-1.1085488242100507,-0.4250911897381205,1.3624824085075915,1.2511296744582892,0.697047868377239,0.4051941434873377,-2.074852879449374,-2.084442961939454,0.3831606794752925,1.0115720830090331,16.856746696956467,1.667944496801154,-1.6345256815210942
0.4017290582185256,0.7173885024459222,0.6479634555002031,0.6711089329159554,0.2104317255098016,0.2132801300822275,-1.2065679763281747,-0.510604438808896,16.393034446662096,0.1885270957863749,0.7226555705962562,0.5553946531626403,0.8289274873618506,0.98159817338849,0.8010121174750554,0.0432157416885957,0.0467106551355112,1.4392605868393349,1.0304889197090956,16.795220202020218,-0.2194621169532493,-0.869256922154444,1.1732237170939617,0.7004052027997983,0.5264584162455764,-0.0593290719029413,-1.2130828274135406,-1.2077248482782266,-0.9937701201271548,-0.5036559736014967,16.475672258276425,0.6373302119415777,-0.6975518080091865
-0.3013799604303902,-0.1390804396482915,-0.3564868623782573,0.1235425744122056,0.1885993651550203,0.1914718398384084,-0.7684406034669802,-1.577281225399472,16.257501095012895,0.5540251121516768,0.2794631000173743,0.1096386930541662,0.7459366611308864,0.5311187513783984,0.7179806987251625,0.412111281865491,0.4127206292661168,1.4127704991218375,0.0658446727186074,16.633431149932157,0.3173447225925347,0.0779445279982644,0.7318781586576583,0.3152845416602242,0.6671026385290151,1.3063301804505252,0.3765085774099067,0.3774315357382213,1.0446007769718455,1.5593154028789808,16.97509491447194,-0.7378831274456944,0.9698609128007808
0.8567199974205109,1.0521302373277055,-1.210490461649251,-1.3799391340357376,-1.7005922743022592,-1.7028204516566612,-0.1047273734514719,1.2684400970607654,17.020920158864367,2.0539195628958633,0.8807750872242724,-0.4239557569055729,-1.7124528967913164,-0.7088692979658033,-1.2630074426490996,0.0128964586908569,0.017617425658859,-1.0387352378488648,-0.4088262301532588,16.62530480316715,-0.6366523309048169,-0.3224860080527538,-1.840356804320778,-2.1299120573886157,-2.318069845603167,-1.9875809558532485,-0.8306250396220176,-0.8273277464249558,2.504865403406646,2.5107970326074676,17.714460502087746,0.8212919040059902,-2.05960348772348
-2.20061192286642,-2.479447698657135,-2.494539750089447,-2.271182152664197,-1.5424897858448352,-1.5465344409290105,-0.8820920081540996,0.1291742083647186,17.081476092524525,1.6050201512559714,-1.9027017356071807,-2.019234590847832,-1.2616006837432612,-1.2818857536653503,-0.5761738213352526,1.946823185131846,1.9308542010770835,-1.0587639534970592,-1.3332066594191598,16.011890445317004,0.896085649230364,1.1919927152859473,-0.619497472868814,-0.9208408716451087,-0.1823253148155281,-0.3835252382648729,0.2276876102826224,0.2342050662571131,0.1393200943934728,-0.9372815204678198,16.212860318361443,-1.5607724265995997,0.2071642054981264
-0.6957178867978167,-1.034653571833201,-0.6782888375362482,-0.9616303666638536,-0.6955058314639431,-0.694471467538316,-0.1542242573164734,-0.8134242141173733,16.247754643008463,-0.5964332577532238,-0.0065843841934381,-1.234230430173415,-1.4283290773187027,-0.9812238506696566,-1.318992546352386,-0.5596715970363705,-0.5581580533094379,-0.4014678055613465,-0.8928249477809256,16.09689254545017,-0.9783564321977002,0.0256909794581408,-1.0718101915889855,-1.2261271276436427,-0.8407018407085369,-1.197172873206602,0.169953544957492,0.1770433620351541,0.0367159540478181,-0.6529509289023812,16.237450872305068,-0.9183317645127108,0.2537288230303932
-1.156799242979743,-1.1786113688615687,-1.0001858061092148,-1.2978804450071988,0.1404570307026089,0.1474348115471317,0.2768745140699602,-0.2011348057215042,16.511515235495843,-0.6420582187857593,0.0847701142168709,-0.9487475220731908,-0.6595093976091332,-0.4429352811707311,-0.5728663282813276,0.8851478000198718,0.8907951774925698,-0.4804705011552005,-0.3782662693201068,16.198255367170706,-0.4002732735422736,0.0177952432786673,-0.3320368255353993,0.507334710682156,0.2172205660088191,0.1414986961419205,0.6830514007229215,0.6888399410361333,0.2630784457608184,0.0272672693832384,16.49103074915586,0.4475942963302731,0.4426794951547168
0.7472349122959664,0.2088038549852501,0.1228603364637099,-0.340435700172092,-0.4039907514233626,-0.4007499840489905,-0.4612473353341206,0.6924541393396441,16.23481153963808,0.0870420121371747,0.5133840645910831,0.1156446028519707,0.0528859889792425,0.3985334524920201,0.5389202036279347,0.7874985666318787,0.7920211930014598,0.6323307122247513,2.0490508588901717,16.414757360520223,-0.5075957228478833,1.200364306634886,1.3503706944094849,1.7868545203849626,1.675174099967182,1.6681767275987722,1.3694254450370211,1.3647309895064297,1.0677996789396798,2.125174204052498,16.71367967065704,0.5539192232453998,2.617043359644304
1.066598306733173,0.6418498764233713,0.6573711164584973,0.3859767336392228,-1.3711001760692876,-1.3767983846889822,-0.2229332116977073,1.5028382291722524,16.739591124888374,0.2993104502589007,-1.6781643670290651,0.8289256268161351,0.1855829250694186,0.0055006747395484,-0.3654392780898426,-0.7056057132762679,-0.7037383860573034,-1.2431506159792676,0.2274830458847322,16.421838136761707,0.5726658231906098,-0.8648771234679047,-0.1405445545435264,-0.1797437241550125,0.2464789672694726,0.1856301733982583,0.5392839062953589,0.5414290072469586,0.7434898482376411,0.7252101725605666,16.668999370220284,-1.1583797348982967,-0.9652082744779004
0.268818012901494,-0.3066184737075771,-0.7334960110319092,0.0277286329269927,-0.1600533231516019,-0.1556100263218155,-1.0379990616529595,-0.4405167045178129,16.400843143371578,1.0567542430597214,0.1228978864632443,0.8233190942159232,0.2155256749586424,0.4308139983200325,0.6937425601679628,0.5076760753040269,0.5091262413794231,0.5941827243022707,0.1124028386826201,16.579827727538905,-0.4758844321511315,-0.22952818185948,1.288184407089373,2.1580507729198146,1.817042294683436,1.7355726722846472,0.9978789844611904,0.99439609789977,1.2987693688972577,1.3989904434432503,16.961708200349868,1.576756082698642,0.2270346422977329
2.2151420315998553,1.454659283068992,1.567703198295737,1.4659161587857237,-0.039296363682715,-0.0348332336383253,-1.288412953060611,-0.7920689624271535,16.560670335080705,0.2890425923353916,-0.3589618174446863,0.9791166719926718,1.025193424896551,1.079920673297092,1.6033908436995512,0.3148841831746153,0.3173154538630395,-0.5236747630497705,-1.2592984254762196,16.468639910597197,0.3477051389175781,0.0889474674573837,1.3516440685086208,1.6295841767808086,1.7127784158809098,1.7734132278209087,0.7488964378239468,0.7474076482889169,0.0366692533340174,-0.9207636570607904,16.521812631982307,0.3530758829300606,0.9750973704199708
2.260348207351995,2.183730427333774,1.994947551327886,2.2129017992435407,1.96200273190484,1.9463869209350264,0.8453069456120805,0.2321686175663921,16.7536455508021,2.302618699843695,2.440191080318763,2.0233796369182393,1.7095637422391898,2.056391652898814,1.5979321830923243,-0.7519465192043975,-0.7533079781176519,-0.8433512949066755,-0.7542193266387444,16.499377418441796,-1.0142887011006512,-0.7852496357053944,1.5805337410744411,1.4382871888065925,1.6810017494097291,1.3487760625355958,-0.5922234315458657,-0.5933627994789853,-0.8950252061761061,-1.4535918688791485,16.2368915956713,-1.1376610670869425,0.1931382684703979
1.3585753988959028,1.3924854530142994,1.383768048539961,1.432415038304825,0.4689758945870211,0.4741519155360845,-0.0258885848609554,-1.1258991245401333,16.214514397893165,-0.2021765697322496,0.0556648408543425,1.5040637702686466,1.188541785180578,1.2424917730519376,1.0444538282136602,-1.3371879767666277,-1.3466011674309597,1.496553728154854,0.3186036662694295,16.613639155717028,-0.5388342288128413,-0.3766922252824669,0.4751143710210747,1.2806493272374742,0.606604764133551,1.337446463652274,0.6415932314142202,0.6457161724083311,0.6340384874671323,1.1520136674269763,16.83516446405305,2.129030105546309,0.9094321010347012
1.5001619260616463,1.4091307491316736,1.5739563442373283,1.4867758395454485,0.461544167768073,0.4660782801243011,-0.9157384244303224,0.2355534739009766,16.536884995853026,-0.6108773440901352,-0.202943202149168,1.413978041609924,1.632144409878137,1.5282053563182183,1.7207835309114057,0.7630674579570181,0.7654283315852448,0.0807257757842474,0.4475108033343202,16.58350756690519,0.3208241588956692,0.2062376118774295,1.738559403338984,1.5435631589601175,1.696373084246396,1.558305017228083,-0.5694339793581151,-0.5674777425999639,-0.77988490961188,-0.5571404224714309,16.387244616431882,-0.8210382484556074,-0.6726917471162023
1.6257765291278892,1.3849818847011484,1.1856038153395163,0.7454481200628078,-1.8381209185364584,-1.8516305622986804,-0.2259151288306284,-0.65827215828727,16.337319610699897,0.2729224573127274,-0.9759683353086946,0.995232324884266,1.0747580923472253,1.065095015444606,1.2700484984121048,1.0860253669870326,1.0804564841619135,0.8884695200743471,0.5993325745129897,16.54170194156784,0.0214343159957232,0.6468571088023569,1.0474027617853514,0.8613783204957592,1.1030660367911052,0.8848597583525002,-0.856909385318171,-0.8530435006550495,-0.8970455865787549,-0.5746778327630355,16.296543129860478,-0.8687706831430216,-1.1555890037198575
0.6755287536999602,1.1754837760356664,0.9802943830653958,1.221961668544638,0.4390988303728191,0.4410635632011114,0.8642069881982023,0.3927718710165997,16.534309516966516,0.1570646164983545,0.8779432299626662,1.260172120152257,1.5358356708146728,1.36720340290173,1.5582553672640769,0.6576148316641146,0.657210738552843,-0.8210013724272637,-0.9544670553819472,16.349556596649936,-0.0993255693002887,-0.2377017083198738,1.4499519613881169,1.3771405347026948,1.1675787693840438,0.9519732745342224,-1.2879539850067123,-1.2866584980155251,0.5636627408477884,-0.0639383194435584,16.46235895821427,-0.1613631830018947,-1.3992624495650867
0.7246508395075404,0.4667888913602138,0.5719712139604473,0.6698824612813844,-0.5648954207246115,-0.5599661729504587,1.3481113413932002,2.160511207335312,16.71952773664495,-0.3026484404672515,-0.8111503006986749,0.6721021832981828,0.4967775134655568,0.4607525016321485,0.7019377855161802,-0.0948953537346395,-0.0896040107563467,-0.1128954010542752,1.5766824854251893,16.733713683039714,0.0616865826190803,-0.2018861926946732,-2.3079870397039435,-2.261565193768638,-2.575129339555142,-2.495987996737428,-2.5464573009892573,-2.5627881314665983,2.721892121898755,2.754084994397679,17.8310085205015,2.5602717389845253,-2.6530061151523907
-2.144763299341498,-2.333810263743868,-2.205430430573578,-2.1364187139335855,-0.7068037942473379,-0.6905803099537436,-0.8727929899503746,0.6216239852382088,17.37128141577701,1.2991367972858436,-0.0583066140332461,-1.9653664479665984,-2.019437181558568,-1.9044958337697415,-1.7660546019227217,-0.1795945872211914,-0.1659867098422799,-0.5248723555913766,-0.0080646005418401,17.208538023227746,0.9257434446518452,-0.0021502909633025,-1.4671494524161983,-0.9339657852139316,-1.130223570682935,-0.6810578801415095,1.7038428146048352,1.6622072698321362,-0.2845318991971963,-0.1873003216158937,17.194162387950275,1.704144726517384,1.9069764307791872
-0.5548968293061812,-0.6040903881381673,-0.5934898611219314,-0.8503250332646659,-0.3303301134035257,-0.316702152274685,-0.7524271000025959,-0.8880757064214644,16.7636112983766,0.4128702544978901,-0.4213172210230323,-0.8102131646038262,-0.6355035327066872,-0.5217700018592162,-0.5778119569106501,0.4498276387974149,0.4566405424188047,-0.3802661240159418,-0.9585713952134378,16.614710843113908,-0.1451620303859967,0.9171681295178836,-0.2507707407504722,-0.2855605576489584,-0.0791166161162674,-0.017221942724236,0.8723161140313865,0.8686263626035361,0.5116056152991214,-0.511252109088975,17.05227741949706,-0.8441806842630213,0.227749894012369
-0.0290935879038282,0.0701038540503762,0.0059134149683549,-0.1297265972099865,-0.1526617112752685,-0.1390956800220063,-0.6124637818984442,-0.8729623440540393,16.7263492649297,0.2161411162049451,0.3219876849000163,-0.5484371924515897,-0.6143340628075437,-0.5558929936831266,-0.7655135703188234,-0.6328203481243734,-0.6234366047458763,0.2955833066590491,-0.4691782779395078,17.04345319478487,0.0563605186595126,-0.4298782660231641,-0.8787257282106866,-0.8731804962113929,-0.3026039046623383,-0.2410738345588067,0.6171078818738066,0.6223932617464661,-0.5974293464692509,-0.7562921674835559,16.68562297428617,-1.437693466343232,0.0756307432293833
-0.8253461256744975,-0.8330159394856299,-0.5264310739098292,-0.9162107140749,-0.5258938238523954,-0.5235409341413535,0.5898971855514333,-0.3821920993741121,16.809130652437712,-0.6889725694872129,0.0006492232037056,-1.1449530450764402,-1.7301369606808474,-1.9279741149289804,-1.951725718824376,-1.230230466765297,-1.2467807735037464,1.8758116469095465,1.8574174401035664,17.396615501745032,1.2637765519218556,-1.647034862222276,-2.2698394481312705,-2.318679540096515,-2.345093485803891,-2.276404121188151,-1.4111192225689109,-1.433207397834735,-0.2486144333864618,1.496308635164708,17.3751010646861,1.643349681293947,-0.6755958577195214
-2.071672428725859,-1.8147021610356784,-1.6122834852958992,-1.7192858774435724,0.3377572974283152,0.3452060310152004,-0.6118224430868048,0.6913023898968941,17.171975566476007,-0.1396024802671441,0.4627048595159829,-1.4656911694040573,-1.4500500887867969,-1.618069162065624,-1.66031809453596,-0.6913766993828045,-0.6875087340946174,0.1401189144016223,0.8634981767896875,17.321116031873036,1.9909902866643192,-1.3653391219166424,-1.6254489358223505,-1.7090516222986225,-1.4211651380298724,-1.4019491449956485,0.2702554448175279,0.2786583792575445,-0.4716057922294964,0.3057971511027105,17.265745723929115,-0.8545121635427716,0.826673047684789
-1.3039999799534483,-1.3713266225110492,-1.138057251238795,-1.031770538401063,1.3945762399343495,1.3853187337411317,0.1551720852558207,0.5370256628556771,17.385060183879805,-1.1141695668536948,-0.1506522491247933,-1.0672812272158512,-0.6976351674516819,-0.7938105490455041,-0.4641796008192824,1.6591983226616072,1.6424571547767473,-1.0235305451205157,-0.7547343767451103,17.084995881485,0.5822141378503731,1.5271167442360318,-0.4113253560037213,-0.6154683898574638,-0.5311065994617418,-0.7253268951600381,-0.5362514820531418,-0.5304387158664972,-0.9891985212723436,-1.4527858543450685,16.69756454110652,-0.2717468406989886,-0.197525822179262
-0.6290637431443155,-0.6896197461206944,-0.3482267178733385,-0.3972428006788978,0.915659105335619,0.91751268442865,0.9049721850526664,-0.9021756444177786,17.01646274992016,-1.2273285154490914,0.3193698042086306,-0.5367303233765068,-0.4787587224907143,-0.1884800169755799,-0.4400963139538835,0.1701131867889924,0.1792375342463778,-0.8524446880380112,-1.4399219532491845,16.716135186202447,-0.7997218784089588,0.27163401164572,-0.603391911473447,-0.6614056652662257,-0.3025849499740715,0.0404451373980579,0.5443149679204546,0.5483952837368974,1.706575277973863,-0.2514062581907474,17.10380799972831,-0.7357268204280241,0.6065937825119257
