{
  "aida": 0.177,
  "iforest": 0.09349298477172852,
  "lof": 0.03620481491088867
}