{
  "aida": 0.124,
  "iforest": 0.07093286514282227,
  "lof": 0.03475618362426758
}