{
  "aida": 0.171,
  "iforest": 0.10085701942443848,
  "lof": 0.04751706123352051
}