{
  "aida": 0.116,
  "iforest": 0.0682380199432373,
  "lof": 0.03995180130004883
}