{
  "aida": 0.117,
  "iforest": 0.06519508361816406,
  "lof": 0.06867408752441406
}