{
  "aida": 0.149,
  "iforest": 0.09661602973937988,
  "lof": 0.01482701301574707
}