{
  "aida": 0.12,
  "iforest": 0.06270527839660645,
  "lof": 0.03982710838317871
}