{
  "aida": 0.185,
  "iforest": 0.08994793891906738,
  "lof": 0.038770198822021484
}