{
  "aida": 0.134,
  "iforest": 0.0624849796295166,
  "lof": 0.048707008361816406
}