{
  "aida": 0.125,
  "iforest": 0.06954073905944824,
  "lof": 0.04701685905456543
}