{
  "aida": 0.161,
  "iforest": 0.09579110145568848,
  "lof": 0.014544010162353516
}