{
  "aida": 0.173,
  "iforest": 0.0938711166381836,
  "lof": 0.046864986419677734
}