feature_0,feature_1,feature_2,feature_3,feature_4,feature_5,feature_6,feature_7,feature_8,feature_9,feature_10,feature_11,feature_12,feature_13,feature_14
-0.0012462065277928,-0.3113811577159284,0.0111218714594609,9.592378099476662e-05,0.4523719165085389,0.014440762350868,-0.0115173476000064,-0.1216357460151554,0.0165449824646443,0.0014563952433099,0.2811244979919678,0.0142787196525445,-0.0115377068699306,0.5857424822942063,0.0215856026016596
9.592378099476662e-05,0.4523719165085389,0.014440762350868,-0.0115173476000064,-0.1216357460151554,0.0165449824646443,0.0014563952433099,0.2811244979919678,0.0142787196525445,-0.0115377068699306,0.5857424822942063,0.0215856026016596,0.0543404589796119,1.1574168985210131,0.0325051694030628
-0.0115173476000064,-0.1216357460151554,0.0165449824646443,0.0014563952433099,0.2811244979919678,0.0142787196525445,-0.0115377068699306,0.5857424822942063,0.0215856026016596,0.0543404589796119,1.1574168985210131,0.0325051694030628,0.03674748124377,-0.5217199484151225,0.0313822558235741
0.0014563952433099,0.2811244979919678,0.0142787196525445,-0.0115377068699306,0.5857424822942063,0.0215856026016596,0.0543404589796119,1.1574168985210131,0.0325051694030628,0.03674748124377,-0.5217199484151225,0.0313822558235741,-0.008614460936995,-0.1250975661676009,0.0258525820268309
-0.0115377068699306,0.5857424822942063,0.0215856026016596,0.0543404589796119,1.1574168985210131,0.0325051694030628,0.03674748124377,-0.5217199484151225,0.0313822558235741,-0.008614460936995,-0.1250975661676009,0.0258525820268309,0.0018102827636563,-0.2105433901054338,0.0178880997529585
0.0543404589796119,1.1574168985210131,0.0325051694030628,0.03674748124377,-0.5217199484151225,0.0313822558235741,-0.008614460936995,-0.1250975661676009,0.0258525820268309,0.0018102827636563,-0.2105433901054338,0.0178880997529585,-0.009667515396281,-0.386172179987672,0.0200257238007812
0.03674748124377,-0.5217199484151225,0.0313822558235741,-0.008614460936995,-0.1250975661676009,0.0258525820268309,0.0018102827636563,-0.2105433901054338,0.0178880997529585,-0.009667515396281,-0.386172179987672,0.0200257238007812,-0.0059300276897662,0.0791631799163179,0.0228965320806393
