feature_0,feature_1,feature_2,feature_3,feature_4,feature_5,feature_6,feature_7,feature_8,feature_9,feature_10,feature_11,feature_12,feature_13,feature_14
0.0195503415477722,0.4676593659290533,0.0367886712633162,-0.0046980391066803,-0.0120207743639007,0.0197655356421202,0.030343912917452,0.5039664176064917,0.0292158321405447,-0.0070119671505202,-0.1981994648178836,0.0395926874863624,-0.0342717203749659,-0.0653792421481094,0.0292825777390271
-0.0046980391066803,-0.0120207743639007,0.0197655356421202,0.030343912917452,0.5039664176064917,0.0292158321405447,-0.0070119671505202,-0.1981994648178836,0.0395926874863624,-0.0342717203749659,-0.0653792421481094,0.0292825777390271,0.0234961847448555,0.1349751179513678,0.0242075341921106
0.030343912917452,0.5039664176064917,0.0292158321405447,-0.0070119671505202,-0.1981994648178836,0.0395926874863624,-0.0342717203749659,-0.0653792421481094,0.0292825777390271,0.0234961847448555,0.1349751179513678,0.0242075341921106,0.0461039834551593,1.031889956885689,0.0380149573275404
-0.0070119671505202,-0.1981994648178836,0.0395926874863624,-0.0342717203749659,-0.0653792421481094,0.0292825777390271,0.0234961847448555,0.1349751179513678,0.0242075341921106,0.0461039834551593,1.031889956885689,0.0380149573275404,-0.0397924126636832,-0.129341456323369,0.0493626132032327
-0.0342717203749659,-0.0653792421481094,0.0292825777390271,0.0234961847448555,0.1349751179513678,0.0242075341921106,0.0461039834551593,1.031889956885689,0.0380149573275404,-0.0397924126636832,-0.129341456323369,0.0493626132032327,-0.0322427121373291,-0.4276559568031248,0.0334905094512852
0.0234961847448555,0.1349751179513678,0.0242075341921106,0.0461039834551593,1.031889956885689,0.0380149573275404,-0.0397924126636832,-0.129341456323369,0.0493626132032327,-0.0322427121373291,-0.4276559568031248,0.0334905094512852,0.0154825492837937,-0.0168437308054132,0.0271873451163163
0.0461039834551593,1.031889956885689,0.0380149573275404,-0.0397924126636832,-0.129341456323369,0.0493626132032327,-0.0322427121373291,-0.4276559568031248,0.0334905094512852,0.0154825492837937,-0.0168437308054132,0.0271873451163163,0.000193035539816,-0.1145715086825263,0.0259488801011973
