feature_0,feature_1,feature_2,feature_3,feature_4,feature_5,feature_6,feature_7,feature_8,feature_9,feature_10,feature_11,feature_12,feature_13,feature_14
0.008685755983427,0.1479203458985445,0.02233907131727,-0.0495695161988958,0.926419098143236,0.0415246068071683,-0.0075631475587459,-0.1457053947622063,0.0229626699339626,-0.0118282684473175,-0.2495325897749983,0.0346023616661518,-0.0180750986330034,-0.1305356299128044,0.027950849689421
-0.0495695161988958,0.926419098143236,0.0415246068071683,-0.0075631475587459,-0.1457053947622063,0.0229626699339626,-0.0118282684473175,-0.2495325897749983,0.0346023616661518,-0.0180750986330034,-0.1305356299128044,0.027950849689421,-0.0170989799373496,-0.0235648651319039,0.0265398123291194
-0.0075631475587459,-0.1457053947622063,0.0229626699339626,-0.0118282684473175,-0.2495325897749983,0.0346023616661518,-0.0180750986330034,-0.1305356299128044,0.027950849689421,-0.0170989799373496,-0.0235648651319039,0.0265398123291194,0.0235558938242637,0.0792309638249431,0.0265324355231147
-0.0118282684473175,-0.2495325897749983,0.0346023616661518,-0.0180750986330034,-0.1305356299128044,0.027950849689421,-0.0170989799373496,-0.0235648651319039,0.0265398123291194,0.0235558938242637,0.0792309638249431,0.0265324355231147,0.0009757941538466,0.0507711780976043,0.0175914456457543
-0.0180750986330034,-0.1305356299128044,0.027950849689421,-0.0170989799373496,-0.0235648651319039,0.0265398123291194,0.0235558938242637,0.0792309638249431,0.0265324355231147,0.0009757941538466,0.0507711780976043,0.0175914456457543,-0.0085303642616444,-0.0804854109038993,0.0151477428122149
-0.0170989799373496,-0.0235648651319039,0.0265398123291194,0.0235558938242637,0.0792309638249431,0.0265324355231147,0.0009757941538466,0.0507711780976043,0.0175914456457543,-0.0085303642616444,-0.0804854109038993,0.0151477428122149,-0.0288430866695603,0.1828723920426977,0.0424720428544828
0.0235558938242637,0.0792309638249431,0.0265324355231147,0.0009757941538466,0.0507711780976043,0.0175914456457543,-0.0085303642616444,-0.0804854109038993,0.0151477428122149,-0.0288430866695603,0.1828723920426977,0.0424720428544828,-0.005568520388826,-0.0159973747897781,0.0237285326762975
