feature_0,feature_1,feature_2,feature_3,feature_4,feature_5,feature_6,feature_7,feature_8,feature_9,feature_10,feature_11,feature_12,feature_13,feature_14
-0.0009513366440276,-0.051549196775766,0.0185452347376464,0.0083793110671883,0.345643079129811,0.02148319105261,9.453430994654788e-05,-0.0060536612881019,0.0109494124530871,0.0082143708098694,-0.043259305598999,0.0186028765481999,-0.020322057124791,0.4669210542293878,0.0275440412209132
0.0083793110671883,0.345643079129811,0.02148319105261,9.453430994654788e-05,-0.0060536612881019,0.0109494124530871,0.0082143708098694,-0.043259305598999,0.0186028765481999,-0.020322057124791,0.4669210542293878,0.0275440412209132,-0.0015295887938605,0.1802114741101816,0.0363125798576443
9.453430994654788e-05,-0.0060536612881019,0.0109494124530871,0.0082143708098694,-0.043259305598999,0.0186028765481999,-0.020322057124791,0.4669210542293878,0.0275440412209132,-0.0015295887938605,0.1802114741101816,0.0363125798576443,0.0375299126349606,0.031482510615568,0.0452978686063633
0.0082143708098694,-0.043259305598999,0.0186028765481999,-0.020322057124791,0.4669210542293878,0.0275440412209132,-0.0015295887938605,0.1802114741101816,0.0363125798576443,0.0375299126349606,0.031482510615568,0.0452978686063633,-0.0013840680168952,-0.3734072268485584,0.0212184079646733
-0.020322057124791,0.4669210542293878,0.0275440412209132,-0.0015295887938605,0.1802114741101816,0.0363125798576443,0.0375299126349606,0.031482510615568,0.0452978686063633,-0.0013840680168952,-0.3734072268485584,0.0212184079646733,-0.00471265097313,-0.1265386365249041,0.010976747024891
-0.0015295887938605,0.1802114741101816,0.0363125798576443,0.0375299126349606,0.031482510615568,0.0452978686063633,-0.0013840680168952,-0.3734072268485584,0.0212184079646733,-0.00471265097313,-0.1265386365249041,0.010976747024891,-0.0160616749644089,-0.0278692363198462,0.0309091230328571
0.0375299126349606,0.031482510615568,0.0452978686063633,-0.0013840680168952,-0.3734072268485584,0.0212184079646733,-0.00471265097313,-0.1265386365249041,0.010976747024891,-0.0160616749644089,-0.0278692363198462,0.0309091230328571,0.0013210347295287,-0.1586188928924303,0.0237643859265774
