feature_0,feature_1,feature_2,feature_3,feature_4,feature_5,feature_6,feature_7,feature_8,feature_9,feature_10,feature_11,feature_12,feature_13,feature_14
0.0051576172263416,-0.1092118997912316,0.0255517161209402,-0.0051311527047606,0.1473560861286069,0.0132107722143672,-0.0005730809113895,-0.200817056044938,0.0103686808091728,-0.0011468190428813,-0.1469648562300319,0.0167920671969839,-0.0195178630267828,0.6477528089887641,0.0164803231558301
-0.0051311527047606,0.1473560861286069,0.0132107722143672,-0.0005730809113895,-0.200817056044938,0.0103686808091728,-0.0011468190428813,-0.1469648562300319,0.0167920671969839,-0.0195178630267828,0.6477528089887641,0.0164803231558301,-0.0152224293301043,-0.3037845209682919,0.0256103856092996
-0.0005730809113895,-0.200817056044938,0.0103686808091728,-0.0011468190428813,-0.1469648562300319,0.0167920671969839,-0.0195178630267828,0.6477528089887641,0.0164803231558301,-0.0152224293301043,-0.3037845209682919,0.0256103856092996,0.0315102433677734,-0.1743388834476004,0.0339689911501527
-0.0011468190428813,-0.1469648562300319,0.0167920671969839,-0.0195178630267828,0.6477528089887641,0.0164803231558301,-0.0152224293301043,-0.3037845209682919,0.0256103856092996,0.0315102433677734,-0.1743388834476004,0.0339689911501527,0.0230545758789799,0.7066034005535784,0.0301624399458994
-0.0195178630267828,0.6477528089887641,0.0164803231558301,-0.0152224293301043,-0.3037845209682919,0.0256103856092996,0.0315102433677734,-0.1743388834476004,0.0339689911501527,0.0230545758789799,0.7066034005535784,0.0301624399458994,-0.0123941465824425,-0.4477525486561631,0.0177142551967076
-0.0152224293301043,-0.3037845209682919,0.0256103856092996,0.0315102433677734,-0.1743388834476004,0.0339689911501527,0.0230545758789799,0.7066034005535784,0.0301624399458994,-0.0123941465824425,-0.4477525486561631,0.0177142551967076,-0.0239589998338535,0.8472834067547723,0.0349732196732997
0.0315102433677734,-0.1743388834476004,0.0339689911501527,0.0230545758789799,0.7066034005535784,0.0301624399458994,-0.0123941465824425,-0.4477525486561631,0.0177142551967076,-0.0239589998338535,0.8472834067547723,0.0349732196732997,0.004675637350002,-0.2081535316829434,0.0163456334129193
