feature_0,feature_1,feature_2,feature_3,feature_4,feature_5,feature_6,feature_7,feature_8,feature_9,feature_10,feature_11,feature_12,feature_13,feature_14
0.0022871022567698,-0.3843159986750579,0.0081304244520358,-0.0040373273016448,-0.0205783456624075,0.0119906498815707,-0.0022471493201537,-0.1624553694040098,0.0143693700308523,-0.0090972863650669,0.3554681095261518,0.0174575168389689,0.0095818301692007,-0.306157009797992,0.0151826107860026
-0.0040373273016448,-0.0205783456624075,0.0119906498815707,-0.0022471493201537,-0.1624553694040098,0.0143693700308523,-0.0090972863650669,0.3554681095261518,0.0174575168389689,0.0095818301692007,-0.306157009797992,0.0151826107860026,-0.004811717534638,-0.132670850767085,0.0090666368272567
-0.0022471493201537,-0.1624553694040098,0.0143693700308523,-0.0090972863650669,0.3554681095261518,0.0174575168389689,0.0095818301692007,-0.306157009797992,0.0151826107860026,-0.004811717534638,-0.132670850767085,0.0090666368272567,0.0138395067143086,0.7660301507537688,0.0228114849143289
-0.0090972863650669,0.3554681095261518,0.0174575168389689,0.0095818301692007,-0.306157009797992,0.0151826107860026,-0.004811717534638,-0.132670850767085,0.0090666368272567,0.0138395067143086,0.7660301507537688,0.0228114849143289,0.003981602990549,-0.2086273617118142,0.0146805545603439
0.0095818301692007,-0.306157009797992,0.0151826107860026,-0.004811717534638,-0.132670850767085,0.0090666368272567,0.0138395067143086,0.7660301507537688,0.0228114849143289,0.003981602990549,-0.2086273617118142,0.0146805545603439,0.0033118535659326,0.3956565511290091,0.0135282881150063
-0.004811717534638,-0.132670850767085,0.0090666368272567,0.0138395067143086,0.7660301507537688,0.0228114849143289,0.003981602990549,-0.2086273617118142,0.0146805545603439,0.0033118535659326,0.3956565511290091,0.0135282881150063,-0.0072536432604818,0.0705894476504533,0.0187668996176556
0.0138395067143086,0.7660301507537688,0.0228114849143289,0.003981602990549,-0.2086273617118142,0.0146805545603439,0.0033118535659326,0.3956565511290091,0.0135282881150063,-0.0072536432604818,0.0705894476504533,0.0187668996176556,-0.0095312019186319,-0.0487053614399846,0.0196243762056106
