feature_0,feature_1,feature_2,feature_3,feature_4,feature_5,feature_6,feature_7,feature_8
0.0065141700215773,0.2244944330833902,0.0106204962729292,-0.0629138535078212,2.1290901218531575,0.0822559803608439,-0.0293928771950869,0.4538230410374002,0.0498985253084713
-0.0629138535078212,2.1290901218531575,0.0822559803608439,-0.0293928771950869,0.4538230410374002,0.0498985253084713,0.0038060343912253,-0.3651592200799499,0.0179133853036527
-0.0293928771950869,0.4538230410374002,0.0498985253084713,0.0038060343912253,-0.3651592200799499,0.0179133853036527,0.0151664772019068,-0.4774898265153138,0.0260364795139051
0.0038060343912253,-0.3651592200799499,0.0179133853036527,0.0151664772019068,-0.4774898265153138,0.0260364795139051,-0.0029229828317627,-0.013608788325955,0.0301135099979027
0.0151664772019068,-0.4774898265153138,0.0260364795139051,-0.0029229828317627,-0.013608788325955,0.0301135099979027,-0.0120521370332844,-0.4106964760638297,0.0201452671456496
-0.0029229828317627,-0.013608788325955,0.0301135099979027,-0.0120521370332844,-0.4106964760638297,0.0201452671456496,0.0069238389782904,0.3341090191100768,0.0166914917244519
-0.0120521370332844,-0.4106964760638297,0.0201452671456496,0.0069238389782904,0.3341090191100768,0.0166914917244519,-0.0173543284810597,1.5481790792325176,0.0323988637747713
