feature_0,feature_1,feature_2,feature_3,feature_4,feature_5,feature_6,feature_7,feature_8
0.0022986336720214,0.235511584260937,0.0194344867642609,-0.0130327790427787,0.024055680322663,0.0187336786037745,0.0071408666120311,0.0711559241191026,0.0129207678371786
-0.0130327790427787,0.024055680322663,0.0187336786037745,0.0071408666120311,0.0711559241191026,0.0129207678371786,0.0143490248900208,2.5651696392331016,0.0250027850761054
0.0071408666120311,0.0711559241191026,0.0129207678371786,0.0143490248900208,2.5651696392331016,0.0250027850761054,0.0029403101992855,-0.6953137556924726,0.0102646959294852
0.0143490248900208,2.5651696392331016,0.0250027850761054,0.0029403101992855,-0.6953137556924726,0.0102646959294852,0.0264949027674321,0.0395311649989285,0.025648128886787
0.0029403101992855,-0.6953137556924726,0.0102646959294852,0.0264949027674321,0.0395311649989285,0.025648128886787,-0.0011317302674598,-0.2929531602678973,0.0105439813288626
0.0264949027674321,0.0395311649989285,0.025648128886787,-0.0011317302674598,-0.2929531602678973,0.0105439813288626,0.0080380692210766,-0.0261668548188132,0.0110542091425859
-0.0011317302674598,-0.2929531602678973,0.0105439813288626,0.0080380692210766,-0.0261668548188132,0.0110542091425859,-0.0184095536238269,0.7682274273167662,0.0177553794463254
