feature_0,feature_1,feature_2,feature_3,feature_4,feature_5,feature_6,feature_7,feature_8
0.006192537146763,0.269333721268548,0.0152616406287438,0.0103601099693206,0.0341073188621725,0.0197290564813342,0.008477125100363,-0.0323506594259115,0.0170312392407095
0.0103601099693206,0.0341073188621725,0.0197290564813342,0.008477125100363,-0.0323506594259115,0.0170312392407095,-0.0119292685589167,1.4020455612694849,0.0151889451637367
0.008477125100363,-0.0323506594259115,0.0170312392407095,-0.0119292685589167,1.4020455612694849,0.0151889451637367,0.0131431159261796,-0.5333937298843724,0.0108066441302128
-0.0119292685589167,1.4020455612694849,0.0151889451637367,0.0131431159261796,-0.5333937298843724,0.0108066441302128,-0.0040727339411975,-0.2932791056520095,0.0117831585229486
0.0131431159261796,-0.5333937298843724,0.0108066441302128,-0.0040727339411975,-0.2932791056520095,0.0117831585229486,-0.0032313109092727,0.1218496508046675,0.0084573245997211
-0.0040727339411975,-0.2932791056520095,0.0117831585229486,-0.0032313109092727,0.1218496508046675,0.0084573245997211,0.0088132551205182,0.0199649421287346,0.0150330462449043
-0.0032313109092727,0.1218496508046675,0.0084573245997211,0.0088132551205182,0.0199649421287346,0.0150330462449043,0.0155143715431578,0.9343653250773992,0.0165579678937626
