feature_0,feature_1,feature_2,feature_3,feature_4,feature_5,feature_6,feature_7,feature_8
0.0048991876908652,0.0998994464674469,0.0297171225260956,-0.014093153057096,0.1592139598459163,0.0221809446689331,0.0044245933560589,-0.096413586107623,0.0138897770933434
-0.014093153057096,0.1592139598459163,0.0221809446689331,0.0044245933560589,-0.096413586107623,0.0138897770933434,-0.0137931240585859,0.9600294885265904,0.0224618640296564
0.0044245933560589,-0.096413586107623,0.0138897770933434,-0.0137931240585859,0.9600294885265904,0.0224618640296564,0.0083471562068606,-0.4152662911195943,0.0273320905025313
-0.0137931240585859,0.9600294885265904,0.0224618640296564,0.0083471562068606,-0.4152662911195943,0.0273320905025313,0.0234311101014705,-0.1046557192816425,0.0306962491525288
0.0083471562068606,-0.4152662911195943,0.0273320905025313,0.0234311101014705,-0.1046557192816425,0.0306962491525288,0.0049353161131815,-0.2665196782770979,0.0180906812540869
0.0234311101014705,-0.1046557192816425,0.0306962491525288,0.0049353161131815,-0.2665196782770979,0.0180906812540869,0.0125506330476408,0.1394796392826183,0.0174741779376031
0.0049353161131815,-0.2665196782770979,0.0180906812540869,0.0125506330476408,0.1394796392826183,0.0174741779376031,-0.0295249677559938,0.5665237323637513,0.0358050346857015
