feature_0,feature_1,feature_2,feature_3,feature_4,feature_5,feature_6,feature_7,feature_8
0.0131052292607116,0.530702400235606,0.023189329262107,-0.0045275032093831,-0.1768879268879268,0.0118006694399484,-0.0014338045011105,0.1615719503287072,0.011920162024574
-0.0045275032093831,-0.1768879268879268,0.0118006694399484,-0.0014338045011105,0.1615719503287072,0.011920162024574,0.0091540844693094,0.7349452141628181,0.0091150852559317
-0.0014338045011105,0.1615719503287072,0.011920162024574,0.0091540844693094,0.7349452141628181,0.0091150852559317,-0.0046911562219171,-0.5385487528344671,0.0142021824911642
0.0091540844693094,0.7349452141628181,0.0091150852559317,-0.0046911562219171,-0.5385487528344671,0.0142021824911642,0.0073267507585521,0.0523951061035459,0.0104533036994613
-0.0046911562219171,-0.5385487528344671,0.0142021824911642,0.0073267507585521,0.0523951061035459,0.0104533036994613,0.0026832352929164,-0.0143603522913867,0.0120707816609914
0.0073267507585521,0.0523951061035459,0.0104533036994613,0.0026832352929164,-0.0143603522913867,0.0120707816609914,0.0015260029435244,-0.1030290179923668,0.0097395234766895
0.0026832352929164,-0.0143603522913867,0.0120707816609914,0.0015260029435244,-0.1030290179923668,0.0097395234766895,-0.0130285670440264,0.9155562159351088,0.0200936384649045
