feature_0,feature_1,feature_2,feature_3,feature_4,feature_5,feature_6,feature_7,feature_8
-0.0068244004953731,-0.0672959171137759,0.0320264997518299,0.0351198252206328,0.0202100903833701,0.0431555534799005,-0.0354034173790427,0.7591119781500746,0.0867818859141661
0.0351198252206328,0.0202100903833701,0.0431555534799005,-0.0354034173790427,0.7591119781500746,0.0867818859141661,-0.0321915714741358,0.2659805040245793,0.0509251944943146
-0.0354034173790427,0.7591119781500746,0.0867818859141661,-0.0321915714741358,0.2659805040245793,0.0509251944943146,-0.0668404308652728,-0.2737269077371295,0.0543883270006043
-0.0321915714741358,0.2659805040245793,0.0509251944943146,-0.0668404308652728,-0.2737269077371295,0.0543883270006043,0.0675640139302582,-0.1056028755984791,0.0601743238647294
-0.0668404308652728,-0.2737269077371295,0.0543883270006043,0.0675640139302582,-0.1056028755984791,0.0601743238647294,0.0024586639245962,-0.1475186566068754,0.045024442999741
0.0675640139302582,-0.1056028755984791,0.0601743238647294,0.0024586639245962,-0.1475186566068754,0.045024442999741,-0.0190665345119869,-0.3041639954608557,0.0283924954861068
0.0024586639245962,-0.1475186566068754,0.045024442999741,-0.0190665345119869,-0.3041639954608557,0.0283924954861068,-0.0036292717969877,0.2492163611362634,0.0404073245170888
