feature_0,feature_1,feature_2,feature_3,feature_4,feature_5,feature_6,feature_7,feature_8
0.0348717901746253,1.2054334126872988,0.044165840608976,0.0049936415595597,-0.3965966093085274,0.0136488450693744,-0.0031103472238612,0.0743975586656844,0.016407258457913
0.0049936415595597,-0.3965966093085274,0.0136488450693744,-0.0031103472238612,0.0743975586656844,0.016407258457913,0.0025492358123224,0.3585700293829579,0.0101943193069973
-0.0031103472238612,0.0743975586656844,0.016407258457913,0.0025492358123224,0.3585700293829579,0.0101943193069973,0.0061859340202286,-0.2157018239492466,0.0138126748330224
0.0025492358123224,0.3585700293829579,0.0101943193069973,0.0061859340202286,-0.2157018239492466,0.0138126748330224,-0.0130124201662911,-0.1116830591046971,0.0199624262043718
0.0061859340202286,-0.2157018239492466,0.0138126748330224,-0.0130124201662911,-0.1116830591046971,0.0199624262043718,-0.0023311562151506,-0.1816018211920529,0.0123585974179782
-0.0130124201662911,-0.1116830591046971,0.0199624262043718,-0.0023311562151506,-0.1816018211920529,0.0123585974179782,-0.0197647174339484,0.4369705398912631,0.0263044119651283
-0.0023311562151506,-0.1816018211920529,0.0123585974179782,-0.0197647174339484,0.4369705398912631,0.0263044119651283,0.0053533215187893,0.3362076550813901,0.0113476312688472
