index,subsequence_idx,score
10,10,2.81015
61,61,3.47221
62,62,2.438
70,70,2.59852
82,82,2.62014
85,85,2.51634
92,92,2.66304
99,99,3.00594
126,126,2.96235
