index,subsequence_idx,score
10,10,2.89042
61,61,3.45423
70,70,2.56768
82,82,2.54964
85,85,2.3944
92,92,2.72369
99,99,2.83191
126,126,2.80269
