index,subsequence_idx,score
10,10,2.9004
61,61,3.44438
62,62,2.3802
70,70,2.60578
82,82,2.65692
85,85,2.45504
92,92,2.80072
99,99,2.9323
126,126,2.87853
