index,subsequence_idx,score
10,10,2.68208
61,61,3.39783
70,70,2.53335
82,82,2.65605
85,85,2.3755
92,92,2.8393
99,99,2.8306
126,126,2.78587
