index,subsequence_idx,score
10,10,2.35932
61,61,3.2884
120,120,2.34736
126,126,2.58058
133,133,2.33514
145,145,2.65414
