index,subsequence_idx,score
10,10,2.99358
61,61,3.53747
70,70,2.5772
82,82,2.62854
85,85,2.40559
92,92,2.75053
99,99,2.82034
126,126,2.75422
