feature_0,feature_1,feature_2,feature_3,feature_4,feature_5,feature_6,feature_7,feature_8
-0.0079507897691496,0.8044069640914038,0.0120790602998642,0.0072858877109216,0.029247700889492,0.0153621095080422,-0.0050631965333489,-0.1693276695473854,0.0153228777319238
0.0254452336438157,8.178980779403986,0.0382072351859724,0.0035448342421673,-0.7237676259269221,0.0146428516932895,0.0141292511154993,-0.4110160650949301,0.0184331965487333
0.0003483232986076,-0.179596174282678,0.0094670565718792,-0.0031336843617976,0.4202648244099021,0.0101754707202576,-0.008382849999953,0.6256586947709768,0.0194346699376909
