index,subsequence_idx,score
14,14,3.10611
23,23,2.33068
36,36,2.63772
60,60,3.01814
85,85,3.69955
86,86,2.6333
89,89,2.59378
123,123,2.44402
125,125,2.54768
138,138,2.65894
172,172,2.89311
