index,subsequence_idx,score
14,14,3.11524
23,23,2.38305
36,36,2.66662
60,60,2.98111
85,85,3.72085
86,86,2.60835
89,89,2.68684
123,123,2.55458
125,125,2.57456
138,138,2.77358
172,172,2.90398
