index,subsequence_idx,score
14,14,3.03498
23,23,2.33051
36,36,2.68158
60,60,2.94333
85,85,3.71881
86,86,2.59797
89,89,2.54393
123,123,2.47319
125,125,2.48339
138,138,2.67997
172,172,2.83684
