index,subsequence_idx,score
36,36,2.40843
65,65,2.40994
70,70,2.4512
85,85,3.03075
123,123,2.88254
138,138,2.9641
152,152,2.80258
