index,subsequence_idx,score
14,14,3.07333
36,36,2.61407
60,60,2.93356
85,85,3.66664
86,86,2.57542
88,88,2.35464
89,89,2.59117
123,123,2.36713
125,125,2.59765
138,138,2.65636
172,172,2.82132
