index,subsequence_idx,score
14,14,3.11109
36,36,2.73554
60,60,3.00674
85,85,3.79576
86,86,2.63494
89,89,2.58679
123,123,2.69838
125,125,2.56856
138,138,2.83927
172,172,2.92688
