index,subsequence_idx,score
14,14,2.87804
92,92,2.33419
104,104,2.39969
112,112,2.96719
127,127,2.37679
152,152,3.14627
156,156,2.6548
164,164,2.84164
174,174,2.78816
