index,subsequence_idx,score
87,87,2.534
104,104,3.64978
106,106,3.69785
110,110,2.96262
112,112,3.41507
156,156,2.85599
174,174,2.64973
