index,subsequence_idx,score
87,87,2.42009
104,104,3.52233
106,106,3.57691
110,110,2.82695
112,112,3.3366
156,156,2.7665
174,174,2.57603
