index,subsequence_idx,score
87,87,2.46524
104,104,3.62153
106,106,3.72076
110,110,2.95079
112,112,3.49262
156,156,2.79413
174,174,2.70956
