index,subsequence_idx,score
104,104,3.35922
106,106,3.56733
110,110,2.85355
112,112,3.21677
156,156,2.735
174,174,2.62409
