index,subsequence_idx,score
48,48,2.41821
87,87,2.50725
104,104,3.61925
106,106,3.55662
110,110,2.81006
112,112,3.4534
156,156,2.71678
174,174,2.54508
