feature_0,feature_1,feature_2,feature_3,feature_4,feature_5,feature_6,feature_7,feature_8,feature_9,feature_10,feature_11,feature_12,feature_13,feature_14
-0.0210582058616803,0.4720954731085041,0.0234152869466592,0.0165881787854069,-0.2884234961053525,0.0135078102297996,5.2704430331340646e-05,0.4404374204427104,0.0206239755188029,0.00157895440888,0.0150707439350727,0.0144583693345273,0.0052551791477271,-0.0587943770257028,0.008130870027106
0.0165881787854069,-0.2884234961053525,0.0135078102297996,5.2704430331340646e-05,0.4404374204427104,0.0206239755188029,0.00157895440888,0.0150707439350727,0.0144583693345273,0.0052551791477271,-0.0587943770257028,0.008130870027106,0.00501857273693,0.5047339327579337,0.0140066537350086
5.2704430331340646e-05,0.4404374204427104,0.0206239755188029,0.00157895440888,0.0150707439350727,0.0144583693345273,0.0052551791477271,-0.0587943770257028,0.008130870027106,0.00501857273693,0.5047339327579337,0.0140066537350086,0.0092586715731102,-0.3336664081013009,0.0128298419171415
0.00157895440888,0.0150707439350727,0.0144583693345273,0.0052551791477271,-0.0587943770257028,0.008130870027106,0.00501857273693,0.5047339327579337,0.0140066537350086,0.0092586715731102,-0.3336664081013009,0.0128298419171415,0.0016492870277839,-0.0520981220235421,0.0118634852582689
0.0052551791477271,-0.0587943770257028,0.008130870027106,0.00501857273693,0.5047339327579337,0.0140066537350086,0.0092586715731102,-0.3336664081013009,0.0128298419171415,0.0016492870277839,-0.0520981220235421,0.0118634852582689,0.0078209382400245,0.1408300576768328,0.0104171952078929
0.00501857273693,0.5047339327579337,0.0140066537350086,0.0092586715731102,-0.3336664081013009,0.0128298419171415,0.0016492870277839,-0.0520981220235421,0.0118634852582689,0.0078209382400245,0.1408300576768328,0.0104171952078929,-0.0070965513996206,-0.2395821023398723,0.0119998035382755
0.0092586715731102,-0.3336664081013009,0.0128298419171415,0.0016492870277839,-0.0520981220235421,0.0118634852582689,0.0078209382400245,0.1408300576768328,0.0104171952078929,-0.0070965513996206,-0.2395821023398723,0.0119998035382755,0.0123920430445443,0.2894992448120286,0.0144225974068232
