feature_0,feature_1,feature_2,feature_3,feature_4,feature_5,feature_6,feature_7,feature_8,feature_9,feature_10,feature_11,feature_12,feature_13,feature_14
-0.0120733898753128,0.0116985718626556,0.0165465152580533,-0.0089889727018295,0.0486058967812985,0.0199157657230058,-0.0042805913886371,0.0628699637196867,0.0177127407532157,0.0017401776055843,-0.0641814507073882,0.014145614539665,0.0179829042028811,0.3005855250527933,0.0164135046432828
-0.0089889727018295,0.0486058967812985,0.0199157657230058,-0.0042805913886371,0.0628699637196867,0.0177127407532157,0.0017401776055843,-0.0641814507073882,0.014145614539665,0.0179829042028811,0.3005855250527933,0.0164135046432828,0.0288066651344596,0.1775711280859071,0.0272027330614503
-0.0042805913886371,0.0628699637196867,0.0177127407532157,0.0017401776055843,-0.0641814507073882,0.014145614539665,0.0179829042028811,0.3005855250527933,0.0164135046432828,0.0288066651344596,0.1775711280859071,0.0272027330614503,0.0059511789116251,-0.0937607721475353,0.0152269910635175
0.0017401776055843,-0.0641814507073882,0.014145614539665,0.0179829042028811,0.3005855250527933,0.0164135046432828,0.0288066651344596,0.1775711280859071,0.0272027330614503,0.0059511789116251,-0.0937607721475353,0.0152269910635175,0.004946226878943,-0.2346554168539714,0.0177716983667838
0.0179829042028811,0.3005855250527933,0.0164135046432828,0.0288066651344596,0.1775711280859071,0.0272027330614503,0.0059511789116251,-0.0937607721475353,0.0152269910635175,0.004946226878943,-0.2346554168539714,0.0177716983667838,-0.0119668907226898,-0.1139474992093254,0.0176193750767346
0.0288066651344596,0.1775711280859071,0.0272027330614503,0.0059511789116251,-0.0937607721475353,0.0152269910635175,0.004946226878943,-0.2346554168539714,0.0177716983667838,-0.0119668907226898,-0.1139474992093254,0.0176193750767346,-0.0072278994795877,-0.0106062923869256,0.0102685715645953
0.0059511789116251,-0.0937607721475353,0.0152269910635175,0.004946226878943,-0.2346554168539714,0.0177716983667838,-0.0119668907226898,-0.1139474992093254,0.0176193750767346,-0.0072278994795877,-0.0106062923869256,0.0102685715645953,-0.0100354462239804,0.1981652321805906,0.0175296980286327
