feature_0,feature_1,feature_2,feature_3,feature_4,feature_5,feature_6,feature_7,feature_8,feature_9,feature_10,feature_11,feature_12,feature_13,feature_14
-0.0062869459062139,0.4866812082754974,0.0206498551495808,0.0036555497998003,-0.5010670460608216,0.0141034028936543,0.0070041971619065,0.0615754767421137,0.0089660887401868,-0.0162760039729337,0.1249055653487787,0.0186069760522849,0.0184543720740524,-0.0782031191702111,0.0188094274487291
0.0036555497998003,-0.5010670460608216,0.0141034028936543,0.0070041971619065,0.0615754767421137,0.0089660887401868,-0.0162760039729337,0.1249055653487787,0.0186069760522849,0.0184543720740524,-0.0782031191702111,0.0188094274487291,0.009025250644965,1.960495426212256,0.0190316348695151
0.0070041971619065,0.0615754767421137,0.0089660887401868,-0.0162760039729337,0.1249055653487787,0.0186069760522849,0.0184543720740524,-0.0782031191702111,0.0188094274487291,0.009025250644965,1.960495426212256,0.0190316348695151,-0.015824868910111,-0.672910229416751,0.022462423118296
-0.0162760039729337,0.1249055653487787,0.0186069760522849,0.0184543720740524,-0.0782031191702111,0.0188094274487291,0.009025250644965,1.960495426212256,0.0190316348695151,-0.015824868910111,-0.672910229416751,0.022462423118296,0.0145412215237712,0.1736331717104162,0.0289559006598452
0.0184543720740524,-0.0782031191702111,0.0188094274487291,0.009025250644965,1.960495426212256,0.0190316348695151,-0.015824868910111,-0.672910229416751,0.022462423118296,0.0145412215237712,0.1736331717104162,0.0289559006598452,0.0154357455295508,-0.2541491559227865,0.0186619597989738
0.009025250644965,1.960495426212256,0.0190316348695151,-0.015824868910111,-0.672910229416751,0.022462423118296,0.0145412215237712,0.1736331717104162,0.0289559006598452,0.0154357455295508,-0.2541491559227865,0.0186619597989738,-0.0016288347531445,-0.228917963900296,0.0090983848521907
-0.015824868910111,-0.672910229416751,0.022462423118296,0.0145412215237712,0.1736331717104162,0.0289559006598452,0.0154357455295508,-0.2541491559227865,0.0186619597989738,-0.0016288347531445,-0.228917963900296,0.0090983848521907,-0.0052336309856452,0.3253653703244983,0.0169246497651362
