feature_0,feature_1,feature_2,feature_3,feature_4,feature_5,feature_6,feature_7,feature_8,feature_9,feature_10,feature_11,feature_12,feature_13,feature_14
-0.0165169792365751,-0.0778904715431084,0.0307666470868555,0.0072547999776155,-0.2363146753838321,0.0120091549252228,0.0095842389770992,0.3731996561584478,0.0161088453383389,-0.0034827743004481,-0.0403377769828747,0.0111766781010919,-0.0216460081897601,0.2542765478773678,0.0199734849575887
0.0072547999776155,-0.2363146753838321,0.0120091549252228,0.0095842389770992,0.3731996561584478,0.0161088453383389,-0.0034827743004481,-0.0403377769828747,0.0111766781010919,-0.0216460081897601,0.2542765478773678,0.0199734849575887,0.0023047826890785,0.4904054340904267,0.0201789607744612
0.0095842389770992,0.3731996561584478,0.0161088453383389,-0.0034827743004481,-0.0403377769828747,0.0111766781010919,-0.0216460081897601,0.2542765478773678,0.0199734849575887,0.0023047826890785,0.4904054340904267,0.0201789607744612,0.0026443348090081,-0.2614330679503795,0.0197738690777293
-0.0034827743004481,-0.0403377769828747,0.0111766781010919,-0.0216460081897601,0.2542765478773678,0.0199734849575887,0.0023047826890785,0.4904054340904267,0.0201789607744612,0.0026443348090081,-0.2614330679503795,0.0197738690777293,0.0040705274475376,-0.3218562585571861,0.0113728276574315
-0.0216460081897601,0.2542765478773678,0.0199734849575887,0.0023047826890785,0.4904054340904267,0.0201789607744612,0.0026443348090081,-0.2614330679503795,0.0197738690777293,0.0040705274475376,-0.3218562585571861,0.0113728276574315,0.0110775303692989,0.082983805610453,0.0152889955914119
0.0023047826890785,0.4904054340904267,0.0201789607744612,0.0026443348090081,-0.2614330679503795,0.0197738690777293,0.0040705274475376,-0.3218562585571861,0.0113728276574315,0.0110775303692989,0.082983805610453,0.0152889955914119,0.0072288113470804,-0.0642054890737106,0.0084645332835068
0.0026443348090081,-0.2614330679503795,0.0197738690777293,0.0040705274475376,-0.3218562585571861,0.0113728276574315,0.0110775303692989,0.082983805610453,0.0152889955914119,0.0072288113470804,-0.0642054890737106,0.0084645332835068,-0.0134567772399896,0.0323026417317864,0.020649667338595
