feature_0,feature_1,feature_2,feature_3,feature_4,feature_5,feature_6,feature_7,feature_8,feature_9,feature_10,feature_11,feature_12,feature_13,feature_14
-0.0014963564302908,0.129066478076379,0.0319308207108821,0.0310977614490515,-0.2428750391481365,0.0333833231336207,-0.001090085899048,0.1691830403309204,0.0120702239160309,-0.0029102542588038,-0.332743675924288,0.0151291454479998,0.0098504961157857,0.2470837751855779,0.0153846186092116
0.0310977614490515,-0.2428750391481365,0.0333833231336207,-0.001090085899048,0.1691830403309204,0.0120702239160309,-0.0029102542588038,-0.332743675924288,0.0151291454479998,0.0098504961157857,0.2470837751855779,0.0153846186092116,0.0072253477981369,0.7861394557823129,0.0119695294653198
-0.001090085899048,0.1691830403309204,0.0120702239160309,-0.0029102542588038,-0.332743675924288,0.0151291454479998,0.0098504961157857,0.2470837751855779,0.0153846186092116,0.0072253477981369,0.7861394557823129,0.0119695294653198,0.0057390199764544,-0.4326350868840752,0.013318895706962
-0.0029102542588038,-0.332743675924288,0.0151291454479998,0.0098504961157857,0.2470837751855779,0.0153846186092116,0.0072253477981369,0.7861394557823129,0.0119695294653198,0.0057390199764544,-0.4326350868840752,0.013318895706962,-0.0099858211367324,0.9425215019928675,0.0511766495501663
0.0098504961157857,0.2470837751855779,0.0153846186092116,0.0072253477981369,0.7861394557823129,0.0119695294653198,0.0057390199764544,-0.4326350868840752,0.013318895706962,-0.0099858211367324,0.9425215019928675,0.0511766495501663,0.0266570564813091,-0.2705183585313174,0.0273972687509938
0.0072253477981369,0.7861394557823129,0.0119695294653198,0.0057390199764544,-0.4326350868840752,0.013318895706962,-0.0099858211367324,0.9425215019928675,0.0511766495501663,0.0266570564813091,-0.2705183585313174,0.0273972687509938,-0.0066666383636603,0.0307920059215396,0.0102727920733209
0.0057390199764544,-0.4326350868840752,0.013318895706962,-0.0099858211367324,0.9425215019928675,0.0511766495501663,0.0266570564813091,-0.2705183585313174,0.0273972687509938,-0.0066666383636603,0.0307920059215396,0.0102727920733209,-0.0183680535863001,-0.3399396811719086,0.0165885683164418
