feature_0,feature_1,feature_2,feature_3,feature_4,feature_5,feature_6,feature_7,feature_8,feature_9,feature_10,feature_11,feature_12,feature_13,feature_14
-0.026408089402074,0.0852916148458466,0.030315886382994,0.0065691244151291,-0.3628468033775633,0.0143793675620866,-0.0067367395333285,0.2304051495645589,0.0208156224324932,0.0048748670740894,1.2884289890752425,0.021860275634361,0.0335372510760019,0.4126071608673727,0.0311054956973616
0.0065691244151291,-0.3628468033775633,0.0143793675620866,-0.0067367395333285,0.2304051495645589,0.0208156224324932,0.0048748670740894,1.2884289890752425,0.021860275634361,0.0335372510760019,0.4126071608673727,0.0311054956973616,0.0257142843382485,0.063044409538769,0.0279363561645243
-0.0067367395333285,0.2304051495645589,0.0208156224324932,0.0048748670740894,1.2884289890752425,0.021860275634361,0.0335372510760019,0.4126071608673727,0.0311054956973616,0.0257142843382485,0.063044409538769,0.0279363561645243,-0.0045761289717732,-0.256318982694159,0.0150784072113268
0.0048748670740894,1.2884289890752425,0.021860275634361,0.0335372510760019,0.4126071608673727,0.0311054956973616,0.0257142843382485,0.063044409538769,0.0279363561645243,-0.0045761289717732,-0.256318982694159,0.0150784072113268,-0.0005996064468503,-0.3088385814919622,0.01226370677664
0.0335372510760019,0.4126071608673727,0.0311054956973616,0.0257142843382485,0.063044409538769,0.0279363561645243,-0.0045761289717732,-0.256318982694159,0.0150784072113268,-0.0005996064468503,-0.3088385814919622,0.01226370677664,-0.0046000816684017,-0.0755259375408337,0.0110909303361202
0.0257142843382485,0.063044409538769,0.0279363561645243,-0.0045761289717732,-0.256318982694159,0.0150784072113268,-0.0005996064468503,-0.3088385814919622,0.01226370677664,-0.0046000816684017,-0.0755259375408337,0.0110909303361202,0.0014064433074219,-0.1478916372202591,0.0101050930603424
-0.0045761289717732,-0.256318982694159,0.0150784072113268,-0.0005996064468503,-0.3088385814919622,0.01226370677664,-0.0046000816684017,-0.0755259375408337,0.0110909303361202,0.0014064433074219,-0.1478916372202591,0.0101050930603424,-0.0026084104566223,-0.1763795200707729,0.0165103452083213
