feature_0,feature_1,feature_2,feature_3,feature_4,feature_5,feature_6,feature_7,feature_8,feature_9,feature_10,feature_11,feature_12,feature_13,feature_14
-0.000136529292094,-0.0584338372685578,0.0141834031994078,0.0128327978348976,1.1113115641349451,0.0194068361962592,-0.0318102241904553,-0.3634110911732034,0.0500771447464893,-0.0018098966935609,0.4116107382550336,0.0273663768953217,0.0001394998138939,-0.331193838254172,0.0268862050689722
0.0128327978348976,1.1113115641349451,0.0194068361962592,-0.0318102241904553,-0.3634110911732034,0.0500771447464893,-0.0018098966935609,0.4116107382550336,0.0273663768953217,0.0001394998138939,-0.331193838254172,0.0268862050689722,0.0409985006127666,0.0847373284993247,0.0513933339971614
-0.0318102241904553,-0.3634110911732034,0.0500771447464893,-0.0018098966935609,0.4116107382550336,0.0273663768953217,0.0001394998138939,-0.331193838254172,0.0268862050689722,0.0409985006127666,0.0847373284993247,0.0513933339971614,0.0127260137819669,0.3571662625335867,0.0452943323032857
-0.0018098966935609,0.4116107382550336,0.0273663768953217,0.0001394998138939,-0.331193838254172,0.0268862050689722,0.0409985006127666,0.0847373284993247,0.0513933339971614,0.0127260137819669,0.3571662625335867,0.0452943323032857,0.0093915224709388,-0.0963349268434013,0.0308991975988917
0.0001394998138939,-0.331193838254172,0.0268862050689722,0.0409985006127666,0.0847373284993247,0.0513933339971614,0.0127260137819669,0.3571662625335867,0.0452943323032857,0.0093915224709388,-0.0963349268434013,0.0308991975988917,-0.0248983613847646,-0.0008549748851127,0.0351231421894956
0.0409985006127666,0.0847373284993247,0.0513933339971614,0.0127260137819669,0.3571662625335867,0.0452943323032857,0.0093915224709388,-0.0963349268434013,0.0308991975988917,-0.0248983613847646,-0.0008549748851127,0.0351231421894956,-0.0172020742601199,-0.3063429243769386,0.0276811500996628
0.0127260137819669,0.3571662625335867,0.0452943323032857,0.0093915224709388,-0.0963349268434013,0.0308991975988917,-0.0248983613847646,-0.0008549748851127,0.0351231421894956,-0.0172020742601199,-0.3063429243769386,0.0276811500996628,0.0062901559106944,0.2123361603700848,0.0185796642730571
0.0093915224709388,-0.0963349268434013,0.0308991975988917,-0.0248983613847646,-0.0008549748851127,0.0351231421894956,-0.0172020742601199,-0.3063429243769386,0.0276811500996628,0.0062901559106944,0.2123361603700848,0.0185796642730571,0.003940765456704,-0.300496056982956,0.0234482337688577
