feature_0,feature_1,feature_2,feature_3,feature_4,feature_5,feature_6,feature_7,feature_8,feature_9,feature_10,feature_11,feature_12,feature_13,feature_14
0.0198624960772364,-0.3419314343784559,0.028574564429546,0.0069556228027884,0.4526502248262707,0.0198476396555322,0.0187035024573232,-0.3238595503861426,0.0252935199975635,-0.0172125673452653,0.1948208092485548,0.0371628794718494,0.0044581074253704,-0.2215341744717083,0.0244007771928092
0.0069556228027884,0.4526502248262707,0.0198476396555322,0.0187035024573232,-0.3238595503861426,0.0252935199975635,-0.0172125673452653,0.1948208092485548,0.0371628794718494,0.0044581074253704,-0.2215341744717083,0.0244007771928092,0.0058120986214846,0.4413343939544596,0.0299246365299837
0.0187035024573232,-0.3238595503861426,0.0252935199975635,-0.0172125673452653,0.1948208092485548,0.0371628794718494,0.0044581074253704,-0.2215341744717083,0.0244007771928092,0.0058120986214846,0.4413343939544596,0.0299246365299837,0.0267913631751171,-0.0792314856334724,0.0268231086872133
-0.0172125673452653,0.1948208092485548,0.0371628794718494,0.0044581074253704,-0.2215341744717083,0.0244007771928092,0.0058120986214846,0.4413343939544596,0.0299246365299837,0.0267913631751171,-0.0792314856334724,0.0268231086872133,0.0080834400362446,0.413238930096651,0.0302783294075406
0.0044581074253704,-0.2215341744717083,0.0244007771928092,0.0058120986214846,0.4413343939544596,0.0299246365299837,0.0267913631751171,-0.0792314856334724,0.0268231086872133,0.0080834400362446,0.413238930096651,0.0302783294075406,-0.0090336852670792,-0.0944731610337972,0.0285479161837521
0.0058120986214846,0.4413343939544596,0.0299246365299837,0.0267913631751171,-0.0792314856334724,0.0268231086872133,0.0080834400362446,0.413238930096651,0.0302783294075406,-0.0090336852670792,-0.0944731610337972,0.0285479161837521,-0.0239679922504074,-0.1318169842803196,0.0200883045428275
0.0267913631751171,-0.0792314856334724,0.0268231086872133,0.0080834400362446,0.413238930096651,0.0302783294075406,-0.0090336852670792,-0.0944731610337972,0.0285479161837521,-0.0239679922504074,-0.1318169842803196,0.0200883045428275,-0.0020989406634098,0.1084361723649605,0.0281615469590863
0.0080834400362446,0.413238930096651,0.0302783294075406,-0.0090336852670792,-0.0944731610337972,0.0285479161837521,-0.0239679922504074,-0.1318169842803196,0.0200883045428275,-0.0020989406634098,0.1084361723649605,0.0281615469590863,0.1036622075051874,1.652095881243536,0.0441131756776227
