feature_0,feature_1,feature_2,feature_3,feature_4,feature_5,feature_6,feature_7,feature_8,feature_9,feature_10,feature_11,feature_12,feature_13,feature_14
-0.0107649495808431,0.017343708783962,0.023715242903463,0.0170909366269678,0.3194723536656512,0.0320520561287404,0.0098736362839593,-0.0224263712510132,0.028164840530563,-0.0200705306248495,-0.1598824061510628,0.029209446005158,0.0204816073524631,-0.069986541049798,0.0319972218593097
0.0170909366269678,0.3194723536656512,0.0320520561287404,0.0098736362839593,-0.0224263712510132,0.028164840530563,-0.0200705306248495,-0.1598824061510628,0.029209446005158,0.0204816073524631,-0.069986541049798,0.0319972218593097,-0.0182420099298002,0.0526129602830036,0.0368481703994312
0.0098736362839593,-0.0224263712510132,0.028164840530563,-0.0200705306248495,-0.1598824061510628,0.029209446005158,0.0204816073524631,-0.069986541049798,0.0319972218593097,-0.0182420099298002,0.0526129602830036,0.0368481703994312,-0.0473070601404511,0.472029574409581,0.0541101992813158
-0.0200705306248495,-0.1598824061510628,0.029209446005158,0.0204816073524631,-0.069986541049798,0.0319972218593097,-0.0182420099298002,0.0526129602830036,0.0368481703994312,-0.0473070601404511,0.472029574409581,0.0541101992813158,-0.0457922290549882,0.2376040347854964,0.0453025888460691
0.0204816073524631,-0.069986541049798,0.0319972218593097,-0.0182420099298002,0.0526129602830036,0.0368481703994312,-0.0473070601404511,0.472029574409581,0.0541101992813158,-0.0457922290549882,0.2376040347854964,0.0453025888460691,-0.0068694708589791,-0.3633131529960254,0.0255161901381495
-0.0182420099298002,0.0526129602830036,0.0368481703994312,-0.0473070601404511,0.472029574409581,0.0541101992813158,-0.0457922290549882,0.2376040347854964,0.0453025888460691,-0.0068694708589791,-0.3633131529960254,0.0255161901381495,-0.0026697233375593,-0.2059001712103253,0.0263015694754275
-0.0473070601404511,0.472029574409581,0.0541101992813158,-0.0457922290549882,0.2376040347854964,0.0453025888460691,-0.0068694708589791,-0.3633131529960254,0.0255161901381495,-0.0026697233375593,-0.2059001712103253,0.0263015694754275,-0.0245905157784934,0.182930874353191,0.0323492925529865
-0.0457922290549882,0.2376040347854964,0.0453025888460691,-0.0068694708589791,-0.3633131529960254,0.0255161901381495,-0.0026697233375593,-0.2059001712103253,0.0263015694754275,-0.0245905157784934,0.182930874353191,0.0323492925529865,0.0147570082884163,-0.1301068334127807,0.0190125274658203
