feature_0,feature_1,feature_2,feature_3,feature_4,feature_5,feature_6,feature_7,feature_8,feature_9,feature_10,feature_11,feature_12,feature_13,feature_14
-0.0180121882499273,0.0768846526326521,0.0346022804957298,0.01136216714378,0.5546494126111117,0.0286105940684573,-0.0214111191946723,-0.2995217029930859,0.0327843472706894,0.0003088756987408,0.2753512954358759,0.0303936655440042,0.0319343406754781,-0.2014047691264326,0.0330753220078982
0.01136216714378,0.5546494126111117,0.0286105940684573,-0.0214111191946723,-0.2995217029930859,0.0327843472706894,0.0003088756987408,0.2753512954358759,0.0303936655440042,0.0319343406754781,-0.2014047691264326,0.0330753220078982,-0.0102986745757792,-0.0054836961392218,0.0241163323758183
-0.0214111191946723,-0.2995217029930859,0.0327843472706894,0.0003088756987408,0.2753512954358759,0.0303936655440042,0.0319343406754781,-0.2014047691264326,0.0330753220078982,-0.0102986745757792,-0.0054836961392218,0.0241163323758183,-0.0090201742490672,-0.0545171339563862,0.0240182057447038
0.0003088756987408,0.2753512954358759,0.0303936655440042,0.0319343406754781,-0.2014047691264326,0.0330753220078982,-0.0102986745757792,-0.0054836961392218,0.0241163323758183,-0.0090201742490672,-0.0545171339563862,0.0240182057447038,-0.0334341714629955,0.4904216646016854,0.0243359117917245
0.0319343406754781,-0.2014047691264326,0.0330753220078982,-0.0102986745757792,-0.0054836961392218,0.0241163323758183,-0.0090201742490672,-0.0545171339563862,0.0240182057447038,-0.0334341714629955,0.4904216646016854,0.0243359117917245,0.0007628591701605,-0.0749053748313799,0.0241171532980578
-0.0102986745757792,-0.0054836961392218,0.0241163323758183,-0.0090201742490672,-0.0545171339563862,0.0240182057447038,-0.0334341714629955,0.4904216646016854,0.0243359117917245,0.0007628591701605,-0.0749053748313799,0.0241171532980578,0.007412213736784,-0.2016642418417258,0.0165456889080302
-0.0090201742490672,-0.0545171339563862,0.0240182057447038,-0.0334341714629955,0.4904216646016854,0.0243359117917245,0.0007628591701605,-0.0749053748313799,0.0241171532980578,0.007412213736784,-0.2016642418417258,0.0165456889080302,-0.0117410706003372,-0.1558778902925751,0.0208504301567506
-0.0334341714629955,0.4904216646016854,0.0243359117917245,0.0007628591701605,-0.0749053748313799,0.0241171532980578,0.007412213736784,-0.2016642418417258,0.0165456889080302,-0.0117410706003372,-0.1558778902925751,0.0208504301567506,0.025846843279256,-0.0254090753675573,0.0282469525041605
