index,subsequence_idx,score
27,27,2.64063
28,28,2.82399
29,29,2.91321
30,30,2.97007
31,31,2.90209
32,32,2.87126
33,33,2.53433
34,34,2.64514
35,35,2.6238
36,36,2.47803
46,46,2.60894
57,57,2.49952
126,126,2.47733
144,144,2.97427
145,145,3.1679
147,147,3.07656
223,223,2.56895
312,312,2.45925
323,323,2.9322
334,334,2.6992
335,335,2.97564
346,346,2.83443
358,358,2.49539
359,359,2.45306
427,427,2.46405
428,428,2.70332
429,429,2.90385
445,445,2.72445
509,509,2.691
510,510,2.87504
511,511,2.72061
