index,subsequence_idx,score
27,27,2.5456
28,28,2.73669
29,29,2.72677
30,30,2.82416
31,31,2.9655
32,32,2.96936
33,33,2.49512
34,34,2.68626
35,35,2.64637
36,36,2.53574
46,46,2.73694
57,57,2.5432
126,126,2.50338
144,144,2.95903
145,145,3.25802
147,147,3.25238
223,223,2.51953
272,272,2.47339
323,323,2.88972
334,334,2.79187
335,335,3.03055
346,346,2.89784
358,358,2.61557
359,359,2.64088
428,428,2.8417
429,429,2.98149
445,445,2.78657
456,456,2.47469
509,509,2.53078
510,510,2.81486
511,511,2.7547
