index,subsequence_idx,score
27,27,2.58372
28,28,2.72159
29,29,2.86563
30,30,2.92944
31,31,2.7678
32,32,2.97416
34,34,2.52269
35,35,2.45139
36,36,2.54484
46,46,2.72397
57,57,2.47172
144,144,2.88708
145,145,3.03138
147,147,3.12049
223,223,2.55266
323,323,2.90797
334,334,2.64879
335,335,2.90155
346,346,2.86128
358,358,2.53209
359,359,2.48399
427,427,2.50173
428,428,2.72879
429,429,2.9337
445,445,2.67646
509,509,2.49761
510,510,2.69963
511,511,2.71942
