index,subsequence_idx,score
27,27,2.60166
28,28,2.60379
29,29,2.90101
30,30,2.88429
31,31,2.73845
32,32,2.97699
34,34,2.57318
36,36,2.57849
46,46,2.68759
57,57,2.45633
106,106,2.44768
144,144,2.84361
145,145,2.97105
147,147,3.21198
223,223,2.42505
323,323,2.89327
334,334,2.57154
335,335,2.80779
346,346,2.89373
358,358,2.4892
359,359,2.51524
428,428,2.66336
429,429,2.96228
445,445,2.73513
509,509,2.43963
510,510,2.73651
511,511,2.75289
