index,subsequence_idx,score
27,27,2.58156
28,28,2.57571
29,29,2.59938
30,30,2.83252
31,31,2.7108
32,32,2.94483
34,34,2.52668
35,35,2.48339
36,36,2.4891
46,46,2.68613
57,57,2.43517
144,144,2.88873
145,145,3.05433
147,147,3.19832
223,223,2.56259
323,323,2.88537
334,334,2.5959
335,335,2.88857
346,346,2.82937
358,358,2.4426
359,359,2.54592
427,427,2.4496
428,428,2.69647
429,429,2.90879
445,445,2.72917
509,509,2.44019
510,510,2.63498
511,511,2.73722
