index,subsequence_idx,score
29,29,2.49381
104,104,2.57931
105,105,2.45077
131,131,2.28711
144,144,2.88207
177,177,2.65192
270,270,2.3082
271,271,2.58963
272,272,2.61929
313,313,2.35512
317,317,2.3924
323,323,2.4515
356,356,2.28729
359,359,2.4389
388,388,2.46579
427,427,3.30262
429,429,2.63503
477,477,2.29328
509,509,3.1591
510,510,2.75434
