index,subsequence_idx,score
23,23,2.54456
35,35,3.4357
42,42,2.75365
47,47,2.48554
70,70,3.2335
85,85,2.83575
92,92,2.65134
110,110,2.56787
133,133,2.96693
156,156,2.64862
