index,subsequence_idx,score
35,35,3.48786
42,42,2.79846
70,70,3.24591
85,85,2.71394
92,92,2.616
110,110,2.57154
133,133,2.764
156,156,2.64922
