index,subsequence_idx,score
23,23,2.47302
35,35,3.37198
42,42,2.84722
70,70,3.10422
85,85,2.72906
92,92,2.56017
110,110,2.48955
133,133,2.88412
156,156,2.56853
