index,subsequence_idx,score
35,35,3.33961
42,42,2.8785
47,47,2.45301
70,70,3.16537
85,85,2.77199
92,92,2.50602
110,110,2.55373
133,133,2.90559
156,156,2.57385
179,179,2.45521
