index,subsequence_idx,score
23,23,2.44982
35,35,3.30942
42,42,2.68693
47,47,2.49743
70,70,3.10914
85,85,2.80337
92,92,2.40272
110,110,2.46827
133,133,2.95384
156,156,2.5095
