index,subsequence_idx,score
69,69,2.47104
70,70,2.83808
85,85,3.55576
122,122,2.44656
123,123,2.35529
156,156,3.46468
