{
  "aida": 0.02,
  "iforest": 0.06656694412231445,
  "lof": 0.04466986656188965
}