{
  "aida": 0.028,
  "iforest": 0.0824441909790039,
  "lof": 0.026700973510742188
}