{
  "aida": 0.021,
  "iforest": 0.06025218963623047,
  "lof": 0.018512964248657227
}