{
  "aida": 0.02,
  "iforest": 0.05299091339111328,
  "lof": 0.019543886184692383
}