{
  "aida": 0.032,
  "iforest": 0.09434318542480469,
  "lof": 0.026898860931396484
}