{
  "aida": 0.025,
  "iforest": 0.08337521553039551,
  "lof": 0.014583826065063477
}