index,subsequence_idx,score
5,5,2.50109
6,6,2.4553
7,7,2.48758
52,52,2.94843
53,53,2.88932
54,54,2.86587
247,247,2.87324
248,248,2.86772
249,249,2.85892
399,399,3.30365
400,400,3.85381
402,402,3.74895
403,403,3.55429
427,427,3.03029
428,428,2.84315
429,429,2.72318
464,464,2.91958
465,465,2.81334
466,466,3.08187
472,472,2.47772
473,473,2.49934
474,474,2.49458
494,494,3.04483
495,495,3.0216
496,496,3.05587
514,514,2.9784
515,515,2.92312
516,516,3.03771
