index,subsequence_idx,score
5,5,2.49954
6,6,2.53438
7,7,2.50843
52,52,2.95716
53,53,3.01578
54,54,2.88412
247,247,2.89189
248,248,2.97295
249,249,2.9243
399,399,3.30517
400,400,3.94616
402,402,3.89782
403,403,3.61905
427,427,3.04873
428,428,3.04271
429,429,2.75757
464,464,2.9569
465,465,2.95561
466,466,3.13939
473,473,2.51474
474,474,2.55518
494,494,3.06492
495,495,3.07783
496,496,3.09329
514,514,2.97082
515,515,3.03506
516,516,3.04806
