index,subsequence_idx,score
6,6,2.5466
7,7,2.52935
52,52,2.76842
53,53,3.02355
54,54,2.85385
247,247,2.55837
248,248,3.05731
249,249,2.8883
399,399,2.99832
400,400,3.77728
402,402,3.93907
403,403,3.64765
427,427,2.87233
428,428,3.04534
429,429,2.77244
464,464,2.71745
465,465,2.98173
466,466,3.11415
473,473,2.47912
474,474,2.53648
494,494,2.82141
495,495,3.14391
496,496,3.04014
514,514,2.64317
515,515,3.093
516,516,3.03047
