index,subsequence_idx,score
5,5,2.50954
6,6,2.45209
52,52,2.91678
53,53,2.92084
54,54,2.58791
247,247,2.90602
248,248,2.86745
249,249,2.7109
399,399,3.22603
400,400,3.84905
402,402,3.80015
403,403,3.44924
427,427,3.03176
428,428,2.93226
429,429,2.51438
464,464,2.91808
465,465,2.876
466,466,2.98356
472,472,2.4447
473,473,2.49295
474,474,2.46346
483,483,2.4102
494,494,3.0473
495,495,3.05841
496,496,2.88201
514,514,2.93928
515,515,2.96119
516,516,2.88583
