index,subsequence_idx,score
34,34,2.74438
52,52,2.60716
53,53,2.93311
54,54,2.88844
131,131,2.35402
247,247,2.61925
341,341,2.54709
343,343,2.37624
399,399,2.94927
400,400,3.68914
402,402,2.53357
466,466,2.4588
514,514,3.00679
