{
  "aida": 0.03,
  "iforest": 0.08461499214172363,
  "lof": 0.03643798828125
}