{
  "aida": 0.032,
  "iforest": 0.09153604507446289,
  "lof": 0.07330918312072754
}