{
  "aida": 0.022,
  "iforest": 0.06244301795959473,
  "lof": 0.02116680145263672
}