{
  "aida": 0.02,
  "iforest": 0.05469393730163574,
  "lof": 0.03076791763305664
}