{
  "aida": 0.02,
  "iforest": 0.05915689468383789,
  "lof": 0.019069910049438477
}