{
  "aida": 0.023,
  "iforest": 0.0812530517578125,
  "lof": 0.013622045516967773
}