feature_0,feature_1,feature_2,feature_3,feature_4,feature_5,feature_6,feature_7,feature_8
-0.0282426857408809,0.3200873033792428,0.0283968700285183,-0.0243989802501872,0.4557810718358039,0.0221892919307022,-0.0382494069428118,-0.1027946613196315,0.0451760474699041
-0.0243989802501872,0.4557810718358039,0.0221892919307022,-0.0382494069428118,-0.1027946613196315,0.0451760474699041,-0.0145314754979589,0.237551070293676,0.0374123537618845
-0.0382494069428118,-0.1027946613196315,0.0451760474699041,-0.0145314754979589,0.237551070293676,0.0374123537618845,0.0077608520404492,0.2722931171918537,0.0301842591475907
-0.0145314754979589,0.237551070293676,0.0374123537618845,0.0077608520404492,0.2722931171918537,0.0301842591475907,0.0111667878336199,-0.5722808398804606,0.0197138888669751
0.0077608520404492,0.2722931171918537,0.0301842591475907,0.0111667878336199,-0.5722808398804606,0.0197138888669751,0.0220868623959806,-0.4216325525323101,0.029908001876047
0.0111667878336199,-0.5722808398804606,0.0197138888669751,0.0220868623959806,-0.4216325525323101,0.029908001876047,-0.0014903919992179,0.2467221014411547,0.0196671157303957
0.0220868623959806,-0.4216325525323101,0.029908001876047,-0.0014903919992179,0.2467221014411547,0.0196671157303957,-0.0003730645529258,-0.0329168539325842,0.0213883565847365
