feature_0,feature_1,feature_2,feature_3,feature_4,feature_5,feature_6,feature_7,feature_8
0.0062095359620739,0.1505949938448911,0.0241012679728882,-0.0116859935471531,0.1066333808844508,0.0346575075960887,-0.0512819810253087,0.233644859813084,0.0662735346785006
-0.0116859935471531,0.1066333808844508,0.0346575075960887,-0.0512819810253087,0.233644859813084,0.0662735346785006,-0.0002801477905282,0.3738244514106583,0.037420816760246
-0.0512819810253087,0.233644859813084,0.0662735346785006,-0.0002801477905282,0.3738244514106583,0.037420816760246,0.0249335064409248,1.1118083285795777,0.0423859177974233
-0.0002801477905282,0.3738244514106583,0.037420816760246,0.0249335064409248,1.1118083285795777,0.0423859177974233,-0.0058767850288238,-0.7214118494507473,0.0260979472142645
0.0249335064409248,1.1118083285795777,0.0423859177974233,-0.0058767850288238,-0.7214118494507473,0.0260979472142645,0.0039868722836768,-0.4996767937944408,0.0122775474669071
-0.0058767850288238,-0.7214118494507473,0.0260979472142645,0.0039868722836768,-0.4996767937944408,0.0122775474669071,0.0026016871743641,0.1414728682170543,0.025576817840523
0.0039868722836768,-0.4996767937944408,0.0122775474669071,0.0026016871743641,0.1414728682170543,0.025576817840523,-0.0032777314872434,0.3432371250707413,0.0150366119382926
