index,subsequence_idx,score
101,101,2.60888
116,116,2.38953
127,127,3.54434
143,143,2.47657
