index,subsequence_idx,score
9,9,2.41799
101,101,2.43761
116,116,2.41408
127,127,3.28829
143,143,2.42467
