index,subsequence_idx,score
101,101,2.65588
116,116,2.45015
127,127,3.59312
143,143,2.39155
