index,subsequence_idx,score
101,101,2.60668
116,116,2.46743
127,127,3.65576
143,143,2.44905
