index,subsequence_idx,score
9,9,2.92781
31,31,2.51876
41,41,2.55133
56,56,2.65911
67,67,2.45963
143,143,2.69233
167,167,2.95999
