index,subsequence_idx,score
9,9,2.4895
101,101,2.58274
116,116,2.45104
127,127,3.51018
143,143,2.53922
