{
  "aida": 0.127,
  "iforest": 0.07114601135253906,
  "lof": 0.02686309814453125
}