{
  "aida": 0.111,
  "iforest": 0.06707882881164551,
  "lof": 0.028719186782836914
}