{
  "aida": 0.122,
  "iforest": 0.06957602500915527,
  "lof": 0.03536820411682129
}