{
  "aida": 0.148,
  "iforest": 0.09695816040039062,
  "lof": 0.013087034225463867
}