{
  "aida": 0.193,
  "iforest": 0.0963280200958252,
  "lof": 0.051763057708740234
}