{
  "aida": 0.177,
  "iforest": 0.09962987899780273,
  "lof": 0.03706073760986328
}