{
  "aida": 0.032,
  "iforest": 0.08224225044250488,
  "lof": 0.027637004852294922
}