{
  "aida": 0.022,
  "iforest": 0.05380606651306152,
  "lof": 0.033844947814941406
}