{
  "aida": 0.024,
  "iforest": 0.0823822021484375,
  "lof": 0.014760971069335938
}