{
  "aida": 0.02,
  "iforest": 0.05941915512084961,
  "lof": 0.041632890701293945
}