{
  "aida": 0.021,
  "iforest": 0.056250810623168945,
  "lof": 0.02789902687072754
}