{
  "aida": 0.03,
  "iforest": 0.09279489517211914,
  "lof": 0.0663900375366211
}