{
  "aida": 0.186,
  "iforest": 0.09811997413635254,
  "lof": 0.04929208755493164
}