{
  "aida": 0.126,
  "iforest": 0.06646084785461426,
  "lof": 0.022780179977416992
}