{
  "aida": 0.174,
  "iforest": 0.09757685661315918,
  "lof": 0.04859805107116699
}