{
  "aida": 0.18,
  "iforest": 0.09417295455932617,
  "lof": 0.015102148056030273
}