{
  "aida": 0.123,
  "iforest": 0.06939315795898438,
  "lof": 0.04107069969177246
}