{
  "aida": 0.133,
  "iforest": 0.06961512565612793,
  "lof": 0.021538972854614258
}