feature_0,feature_1,feature_2,feature_3,feature_4,feature_5,feature_6,feature_7,feature_8,feature_9,feature_10,feature_11,feature_12,feature_13,feature_14
0.01662505947123,0.166873508353222,0.0231372467975774,-0.0234262284235288,1.296531129837192,0.0595337249884228,0.0012328108498314,-0.4930442991752908,0.0132832781064226,0.0217866228340426,0.0936017708443133,0.0280949759065681,-0.0398828825525572,0.6950682730923694,0.0453850031612838
-0.0234262284235288,1.296531129837192,0.0595337249884228,0.0012328108498314,-0.4930442991752908,0.0132832781064226,0.0217866228340426,0.0936017708443133,0.0280949759065681,-0.0398828825525572,0.6950682730923694,0.0453850031612838,-0.0028412370054653,0.0075816448378476,0.0214724419734073
0.0012328108498314,-0.4930442991752908,0.0132832781064226,0.0217866228340426,0.0936017708443133,0.0280949759065681,-0.0398828825525572,0.6950682730923694,0.0453850031612838,-0.0028412370054653,0.0075816448378476,0.0214724419734073,0.0134955478505214,-0.4292782031264697,0.0127670235019801
0.0217866228340426,0.0936017708443133,0.0280949759065681,-0.0398828825525572,0.6950682730923694,0.0453850031612838,-0.0028412370054653,0.0075816448378476,0.0214724419734073,0.0134955478505214,-0.4292782031264697,0.0127670235019801,8.619080989435979e-05,-0.2772668842084446,0.0136162587294284
-0.0398828825525572,0.6950682730923694,0.0453850031612838,-0.0028412370054653,0.0075816448378476,0.0214724419734073,0.0134955478505214,-0.4292782031264697,0.0127670235019801,8.619080989435979e-05,-0.2772668842084446,0.0136162587294284,-0.0165570800391009,0.2072330916222009,0.0172446284396852
-0.0028412370054653,0.0075816448378476,0.0214724419734073,0.0134955478505214,-0.4292782031264697,0.0127670235019801,8.619080989435979e-05,-0.2772668842084446,0.0136162587294284,-0.0165570800391009,0.2072330916222009,0.0172446284396852,0.0031391876317281,-0.3251104982811378,0.0140735427213786
0.0134955478505214,-0.4292782031264697,0.0127670235019801,8.619080989435979e-05,-0.2772668842084446,0.0136162587294284,-0.0165570800391009,0.2072330916222009,0.0172446284396852,0.0031391876317281,-0.3251104982811378,0.0140735427213786,-0.0028146739165517,0.2457878533445283,0.0149449116339085
