feature_0,feature_1,feature_2,feature_3,feature_4,feature_5,feature_6,feature_7,feature_8,feature_9,feature_10,feature_11,feature_12,feature_13,feature_14
0.0250539310829081,0.1668640922372266,0.0250102459257261,0.0125972484341405,-0.34847049269085,0.0132576674780984,0.0173969185944682,0.0912018281915445,0.0252109272012639,0.0244068937980845,0.4099000475963827,0.0303915352219986,0.026250657728061,0.0106002295591114,0.0233642982275751
0.0125972484341405,-0.34847049269085,0.0132576674780984,0.0173969185944682,0.0912018281915445,0.0252109272012639,0.0244068937980845,0.4099000475963827,0.0303915352219986,0.026250657728061,0.0106002295591114,0.0233642982275751,-0.0036143579482006,0.1976884019241047,0.018639377991051
0.0173969185944682,0.0912018281915445,0.0252109272012639,0.0244068937980845,0.4099000475963827,0.0303915352219986,0.026250657728061,0.0106002295591114,0.0233642982275751,-0.0036143579482006,0.1976884019241047,0.018639377991051,-9.301749390233648e-05,-0.501589780777598,0.0100018663418266
0.0244068937980845,0.4099000475963827,0.0303915352219986,0.026250657728061,0.0106002295591114,0.0233642982275751,-0.0036143579482006,0.1976884019241047,0.018639377991051,-9.301749390233648e-05,-0.501589780777598,0.0100018663418266,0.0126046873087515,0.7203133743704533,0.0162790697674418
0.026250657728061,0.0106002295591114,0.0233642982275751,-0.0036143579482006,0.1976884019241047,0.018639377991051,-9.301749390233648e-05,-0.501589780777598,0.0100018663418266,0.0126046873087515,0.7203133743704533,0.0162790697674418,-0.0220938049944823,-0.0619348123088934,0.0302246522034046
-0.0036143579482006,0.1976884019241047,0.018639377991051,-9.301749390233648e-05,-0.501589780777598,0.0100018663418266,0.0126046873087515,0.7203133743704533,0.0162790697674418,-0.0220938049944823,-0.0619348123088934,0.0302246522034046,-0.0021135189584308,-0.2962063943408003,0.0217874804070592
-9.301749390233648e-05,-0.501589780777598,0.0100018663418266,0.0126046873087515,0.7203133743704533,0.0162790697674418,-0.0220938049944823,-0.0619348123088934,0.0302246522034046,-0.0021135189584308,-0.2962063943408003,0.0217874804070592,0.0074840587145428,-0.2446787544343712,0.0152650098769085
