index,subsequence_idx,score
2,2,3.18661
13,13,3.14847
24,24,2.90673
43,43,2.52692
144,144,2.55119
199,199,2.66163
200,200,2.69483
202,202,2.74897
250,250,3.08699
251,251,3.29213
252,252,3.06788
278,278,3.1939
280,280,4.00788
281,281,3.99119
282,282,3.48751
286,286,3.81059
287,287,3.84578
288,288,3.72021
319,319,2.77011
320,320,3.00068
356,356,3.99429
358,358,4.11574
359,359,4.03625
427,427,2.82118
428,428,2.94728
429,429,3.0963
