index,subsequence_idx,score
2,2,3.14014
13,13,3.04102
24,24,3.0877
42,42,2.50097
43,43,2.60588
147,147,2.60671
199,199,2.55108
200,200,2.56587
202,202,2.84919
250,250,3.01934
251,251,3.05353
252,252,3.1856
278,278,3.16999
280,280,3.9433
281,281,3.91555
282,282,3.64203
286,286,3.72867
287,287,3.63632
288,288,3.80317
319,319,2.59958
320,320,2.80928
356,356,3.95742
358,358,3.92444
359,359,4.13354
427,427,2.67116
428,428,2.84412
429,429,3.1768
