index,subsequence_idx,score
2,2,3.24004
13,13,3.15632
24,24,2.93101
42,42,2.69368
43,43,2.57945
147,147,2.5901
199,199,2.70074
200,200,2.66293
202,202,2.73131
250,250,3.11939
251,251,3.17508
252,252,3.08765
278,278,3.2152
280,280,4.10492
281,281,3.85375
282,282,3.47184
286,286,3.87754
287,287,3.81973
288,288,3.70758
319,319,2.88569
320,320,2.94509
356,356,4.14854
358,358,4.09778
359,359,4.02882
427,427,2.73532
428,428,3.02946
429,429,3.0755
