index,subsequence_idx,score
2,2,3.30076
13,13,3.06646
24,24,2.964
42,42,2.50297
43,43,2.53469
144,144,2.5155
147,147,2.56135
199,199,2.72925
200,200,2.52029
202,202,2.77558
250,250,3.17403
251,251,3.07509
252,252,3.10167
278,278,3.38231
280,280,4.03367
281,281,3.81782
282,282,3.50502
286,286,3.90885
287,287,3.66499
288,288,3.64041
319,319,2.79385
320,320,2.75327
356,356,4.15339
358,358,3.95668
359,359,4.02954
427,427,2.87611
428,428,2.93262
429,429,3.08306
