index,subsequence_idx,score
2,2,2.58486
41,41,3.45679
199,199,2.50051
202,202,2.56656
232,232,2.44401
233,233,2.72144
251,251,2.42787
278,278,2.95366
280,280,3.14379
286,286,2.33787
318,318,2.39964
319,319,2.72499
356,356,4.00939
358,358,3.70958
359,359,3.21873
407,407,2.34353
427,427,2.46485
517,517,2.36948
