index,subsequence_idx,score
2,2,3.15315
13,13,3.06609
24,24,2.94892
42,42,2.46349
43,43,2.43973
147,147,2.50412
199,199,2.57751
200,200,2.47873
202,202,2.68086
250,250,3.00528
251,251,2.99596
252,252,2.98002
278,278,3.26431
280,280,3.93791
281,281,3.77865
282,282,3.41757
286,286,3.80158
287,287,3.62842
288,288,3.6255
319,319,2.7851
320,320,2.76732
356,356,4.05067
358,358,3.9321
359,359,3.96087
427,427,2.65687
428,428,2.87954
429,429,3.14615
