feature_0,feature_1,feature_2,feature_3,feature_4,feature_5,feature_6,feature_7,feature_8
0.0023888448813227,-0.200210955020663,0.025003571793485,-0.0061214839186624,-0.1173413987777024,0.0173057274966055,0.0119892943837844,0.2816951197669706,0.0234385707922147
-0.0061214839186624,-0.1173413987777024,0.0173057274966055,0.0119892943837844,0.2816951197669706,0.0234385707922147,-0.0052964103352278,-0.1015437966807267,0.0248327407508602
0.0119892943837844,0.2816951197669706,0.0234385707922147,-0.0052964103352278,-0.1015437966807267,0.0248327407508602,0.0194768708550583,0.926365401971639,0.0357818894465772
-0.0052964103352278,-0.1015437966807267,0.0248327407508602,0.0194768708550583,0.926365401971639,0.0357818894465772,0.011270405492856,-0.5293685818642314,0.0132674255292843
0.0194768708550583,0.926365401971639,0.0357818894465772,0.011270405492856,-0.5293685818642314,0.0132674255292843,0.0136818934033267,-0.2213546428289258,0.0182661043212226
