feature_0,feature_1,feature_2,feature_3,feature_4,feature_5,feature_6,feature_7,feature_8
0.0203971086154961,-0.2083813917723952,0.0376913983869754,-0.0298366511460512,0.2197183098591548,0.0406876761940114,0.009785453244373,0.1074301186589152,0.034198533005132
-0.0298366511460512,0.2197183098591548,0.0406876761940114,0.009785453244373,0.1074301186589152,0.034198533005132,0.0160707727143019,-0.1169279447720408,0.0416717637913297
0.009785453244373,0.1074301186589152,0.034198533005132,0.0160707727143019,-0.1169279447720408,0.0416717637913297,-0.0011847458748571,0.532084690553746,0.0380420929068038
0.0160707727143019,-0.1169279447720408,0.0416717637913297,-0.0011847458748571,0.532084690553746,0.0380420929068038,0.0104382569270204,-0.6136919315403423,0.0189246952380198
-0.0011847458748571,0.532084690553746,0.0380420929068038,0.0104382569270204,-0.6136919315403423,0.0189246952380198,-0.0021717152538097,-0.2145019262520638,0.0233661638921767
