feature_0,feature_1,feature_2,feature_3,feature_4,feature_5,feature_6,feature_7,feature_8
0.0056055507969725,-0.0946631025901004,0.0151863149071055,0.004789201516822,0.0464263897373242,0.0119638271227882,0.0052351189402783,0.2210546798988129,0.0206902219332657
0.004789201516822,0.0464263897373242,0.0119638271227882,0.0052351189402783,0.2210546798988129,0.0206902219332657,-0.0072288590742534,-0.205816733067729,0.0171693522471652
0.0052351189402783,0.2210546798988129,0.0206902219332657,-0.0072288590742534,-0.205816733067729,0.0171693522471652,-0.0051675826479899,1.5111869168255243,0.0146462151358131
-0.0072288590742534,-0.205816733067729,0.0171693522471652,-0.0051675826479899,1.5111869168255243,0.0146462151358131,0.0277821410918019,-0.577609972431979,0.0201154057504437
-0.0051675826479899,1.5111869168255243,0.0146462151358131,0.0277821410918019,-0.577609972431979,0.0201154057504437,-0.007657554391935,0.0057699583806281,0.0245002233572324
