feature_0,feature_1,feature_2,feature_3,feature_4,feature_5,feature_6,feature_7,feature_8
-0.0111643924685481,0.2426745623636692,0.0240839465797918,-0.0149177382599353,-0.1463167855890565,0.0243953690889718,0.0141063471558764,-0.0240505358172357,0.0208897393549958
-0.0149177382599353,-0.1463167855890565,0.0243953690889718,0.0141063471558764,-0.0240505358172357,0.0208897393549958,-0.0030172668413017,-0.0132292503847333,0.0365054818567605
0.0141063471558764,-0.0240505358172357,0.0208897393549958,-0.0030172668413017,-0.0132292503847333,0.0365054818567605,0.0064632458853515,0.5430422058986,0.0232183727483042
-0.0030172668413017,-0.0132292503847333,0.0365054818567605,0.0064632458853515,0.5430422058986,0.0232183727483042,0.0359308269289737,-0.3069006225762568,0.0184546261451627
0.0064632458853515,0.5430422058986,0.0232183727483042,0.0359308269289737,-0.3069006225762568,0.0184546261451627,0.0120535878837135,-0.2511495385029333,0.0147131457297691
