feature_0,feature_1,feature_2,feature_3,feature_4,feature_5,feature_6,feature_7,feature_8
0.0106077546491767,0.1768254367223827,0.0176914965889031,-0.0060733971144287,-0.3107646304997864,0.0112396645618582,0.0012619716025985,0.0883173225906415,0.011582051569131
-0.0060733971144287,-0.3107646304997864,0.0112396645618582,0.0012619716025985,0.0883173225906415,0.011582051569131,0.0004643935271559,0.5123861047835991,0.0101421520116311
0.0012619716025985,0.0883173225906415,0.011582051569131,0.0004643935271559,0.5123861047835991,0.0101421520116311,-0.0145206360897356,0.8247199472841946,0.0279918834381158
0.0004643935271559,0.5123861047835991,0.0101421520116311,-0.0145206360897356,0.8247199472841946,0.0279918834381158,0.0067953607862172,-0.6418179942220388,0.016959422343486
-0.0145206360897356,0.8247199472841946,0.0279918834381158,0.0067953607862172,-0.6418179942220388,0.016959422343486,-0.0086875371361953,0.2614143741898314,0.0156801346982691
