feature_0,feature_1,feature_2,feature_3,feature_4,feature_5,feature_6,feature_7,feature_8
0.0185405981809791,-0.2131546894031668,0.021664410129183,-0.0018089959469024,-0.3250773993808049,0.0134552534120837,-0.0062695681249387,0.5435779816513762,0.013750986783729
-0.0018089959469024,-0.3250773993808049,0.0134552534120837,-0.0062695681249387,0.5435779816513762,0.013750986783729,-0.0050757805174073,-0.3959881129271917,0.0120293883956122
-0.0062695681249387,0.5435779816513762,0.013750986783729,-0.0050757805174073,-0.3959881129271917,0.0120293883956122,0.0092238178304688,1.5670356703567037,0.019583961754468
-0.0050757805174073,-0.3959881129271917,0.0120293883956122,0.0092238178304688,1.5670356703567037,0.019583961754468,0.0142748546210629,-0.4446574029707714,0.0166504186379794
0.0092238178304688,1.5670356703567037,0.019583961754468,0.0142748546210629,-0.4446574029707714,0.0166504186379794,0.0039394808492694,0.1665228645383951,0.0181604921277255
