feature_0,feature_1,feature_2,feature_3,feature_4,feature_5,feature_6,feature_7,feature_8
0.0075158873431444,-0.1282991202346041,0.0210302199379344,-0.0072685015740369,0.994565568997865,0.0192457563160346,-0.0011560957905,-0.1599091793707427,0.016380658591728
-0.0072685015740369,0.994565568997865,0.0192457563160346,-0.0011560957905,-0.1599091793707427,0.016380658591728,-0.0052083421483206,0.3254054054054054,0.0130249222692376
-0.0011560957905,-0.1599091793707427,0.016380658591728,-0.0052083421483206,0.3254054054054054,0.0130249222692376,-0.0170642054163819,0.1849510603588906,0.0168851504081172
-0.0052083421483206,0.3254054054054054,0.0130249222692376,-0.0170642054163819,0.1849510603588906,0.0168851504081172,0.0017755011841817,-0.3684637510140865,0.0262156799398076
-0.0170642054163819,0.1849510603588906,0.0168851504081172,0.0017755011841817,-0.3684637510140865,0.0262156799398076,-0.0078770720913196,-0.0368251002374556,0.0231721896841779
