feature_0,feature_1,feature_2,feature_3,feature_4,feature_5,feature_6,feature_7,feature_8
0.0090688389719566,0.4658605327757068,0.0196898051844692,0.0021461572926262,-0.3359176331948148,0.023042704562308,0.00709408092346,0.3724666106285608,0.0216773629107014
0.0021461572926262,-0.3359176331948148,0.023042704562308,0.00709408092346,0.3724666106285608,0.0216773629107014,-0.0171451482210703,0.1905410003402516,0.0223426074471363
0.00709408092346,0.3724666106285608,0.0216773629107014,-0.0171451482210703,0.1905410003402516,0.0223426074471363,-0.00946581443042,4.905172906544727,0.0276593117775723
-0.0171451482210703,0.1905410003402516,0.0223426074471363,-0.00946581443042,4.905172906544727,0.0276593117775723,-0.0072354782156569,-0.8880951689558712,0.0214771108643976
-0.00946581443042,4.905172906544727,0.0276593117775723,-0.0072354782156569,-0.8880951689558712,0.0214771108643976,0.0100384449296631,0.1131390018164517,0.0193921562352279
