feature_0,feature_1,feature_2,feature_3,feature_4,feature_5,feature_6,feature_7,feature_8
0.0163428577121707,-0.074832052081169,0.0224079801789465,0.0002485705443204,-0.090878466893738,0.0133482072048924,0.0040715770600034,-0.2181646012598295,0.0116199614723322
0.0002485705443204,-0.090878466893738,0.0133482072048924,0.0040715770600034,-0.2181646012598295,0.0116199614723322,0.0065870139334958,0.070405476566614,0.0151912348155089
0.0040715770600034,-0.2181646012598295,0.0116199614723322,0.0065870139334958,0.070405476566614,0.0151912348155089,-0.0128988473817437,1.1022039651694788,0.0158048159556662
0.0065870139334958,0.070405476566614,0.0151912348155089,-0.0128988473817437,1.1022039651694788,0.0158048159556662,0.0075491993718141,-0.4314615681640008,0.0111605575327881
-0.0128988473817437,1.1022039651694788,0.0158048159556662,0.0075491993718141,-0.4314615681640008,0.0111605575327881,0.0057431200370121,-0.1840128424128918,0.0140906158738294
