feature_0,feature_1,feature_2,feature_3,feature_4,feature_5,feature_6,feature_7,feature_8
0.0163742722237907,0.0833952543716252,0.0289514783481972,-0.0026850669598632,0.0120710546169497,0.0169491737124441,-0.0038461685180664,0.0443877205267795,0.0116595860764288
-0.0026850669598632,0.0120710546169497,0.0169491737124441,-0.0038461685180664,0.0443877205267795,0.0116595860764288,0.0,0.3559717956482242,0.0136346077300151
-0.0038461685180664,0.0443877205267795,0.0116595860764288,0.0,0.3559717956482242,0.0136346077300151,-0.0084941821079059,2.439434058572066,0.0293887142063837
0.0,0.3559717956482242,0.0136346077300151,-0.0084941821079059,2.439434058572066,0.0293887142063837,0.0019470107658241,-0.7431466666666666,0.0149195554911535
-0.0084941821079059,2.439434058572066,0.0293887142063837,0.0019470107658241,-0.7431466666666666,0.0149195554911535,-0.0147687200749002,-0.1644518272425249,0.0214285314218269
