feature_0,feature_1,feature_2,feature_3,feature_4,feature_5,feature_6,feature_7,feature_8
-0.003003270247313,-0.0298789929460342,0.0167854123178794,0.0197259615883609,-0.3716954362733506,0.0423327518310094,-0.0056222980137109,0.1706936133378496,0.0249491742606472
0.0197259615883609,-0.3716954362733506,0.0423327518310094,-0.0056222980137109,0.1706936133378496,0.0249491742606472,0.0022999316461806,-0.1517207014611094,0.0136276952008471
-0.0056222980137109,0.1706936133378496,0.0249491742606472,0.0022999316461806,-0.1517207014611094,0.0136276952008471,0.017210088103863,0.7461249857884564,0.0325031729228464
0.0022999316461806,-0.1517207014611094,0.0136276952008471,0.017210088103863,0.7461249857884564,0.0325031729228464,-0.0195507269761019,-0.5475746066196419,0.0209052582536909
0.017210088103863,0.7461249857884564,0.0325031729228464,-0.0195507269761019,-0.5475746066196419,0.0209052582536909,-0.0370050877259707,0.6078050418555563,0.0405612946417862
