feature_0,feature_1,feature_2,feature_3,feature_4,feature_5,feature_6,feature_7,feature_8
0.0220771260523602,-0.2095857315426703,0.037267462153354,-0.0210075884964511,-0.1308940531307592,0.0302393839834541,0.0163459748144794,-0.0260149987070079,0.031157398612744
-0.0210075884964511,-0.1308940531307592,0.0302393839834541,0.0163459748144794,-0.0260149987070079,0.031157398612744,0.0021179914751146,-0.2607264231096007,0.0157585516620985
0.0163459748144794,-0.0260149987070079,0.031157398612744,0.0021179914751146,-0.2607264231096007,0.0157585516620985,-0.0068027128616643,2.423430541588852,0.0260451268702905
0.0021179914751146,-0.2607264231096007,0.0157585516620985,-0.0068027128616643,2.423430541588852,0.0260451268702905,0.0339805854796564,-0.5755229642684795,0.0232053569064178
-0.0068027128616643,2.423430541588852,0.0260451268702905,0.0339805854796564,-0.5755229642684795,0.0232053569064178,-0.0261753629200153,0.2763580643566803,0.0323460939124896
