feature_0,feature_1,feature_2,feature_3,feature_4,feature_5,feature_6,feature_7,feature_8
-0.0062640963104352,-0.0414806217794756,0.0159822036927356,-0.0234136338103311,0.37993508641131,0.0481108264661577,0.0221921721951598,0.0137670208962985,0.0311744401016503
-0.0234136338103311,0.37993508641131,0.0481108264661577,0.0221921721951598,0.0137670208962985,0.0311744401016503,-0.0073971357744092,-0.1993211971613699,0.0238445470405908
0.0221921721951598,0.0137670208962985,0.0311744401016503,-0.0073971357744092,-0.1993211971613699,0.0238445470405908,0.0072705054592812,0.4954883267021994,0.0211004261004944
-0.0073971357744092,-0.1993211971613699,0.0238445470405908,0.0072705054592812,0.4954883267021994,0.0211004261004944,0.0221352942904136,-0.3727750057726866,0.0182751882105625
0.0072705054592812,0.4954883267021994,0.0211004261004944,0.0221352942904136,-0.3727750057726866,0.0182751882105625,0.0168304639182108,-0.2614977484687453,0.0138375876172535
