feature_0,feature_1,feature_2,feature_3,feature_4,feature_5,feature_6,feature_7,feature_8
-0.0072512669478448,-0.025365749986717,0.0160689491796641,-0.0220341789830302,0.3492302216179295,0.0480474650372969,0.0200410858119091,-0.1853651116582847,0.0302484168769409
-0.0220341789830302,0.3492302216179295,0.0480474650372969,0.0200410858119091,-0.1853651116582847,0.0302484168769409,-0.0066507800472874,-0.1790515702132129,0.0244159574543722
0.0200410858119091,-0.1853651116582847,0.0302484168769409,-0.0066507800472874,-0.1790515702132129,0.0244159574543722,0.0073095971689136,0.3016258862412708,0.0208217174232344
-0.0066507800472874,-0.1790515702132129,0.0244159574543722,0.0073095971689136,0.3016258862412708,0.0208217174232344,0.0225012931216164,-0.1569030574076197,0.0192564366375409
0.0073095971689136,0.3016258862412708,0.0208217174232344,0.0225012931216164,-0.1569030574076197,0.0192564366375409,0.0171756023891362,-0.217127442185815,0.0137238442138623
