feature_0,feature_1,feature_2,feature_3,feature_4,feature_5,feature_6,feature_7,feature_8
0.0059832317653056,-0.2047365056343807,0.0127642480542306,-0.0087232085386298,0.5124301106231852,0.0345107759006221,0.0031999969482421,-0.2231882908254333,0.0159808073334847
-0.0087232085386298,0.5124301106231852,0.0345107759006221,0.0031999969482421,-0.2231882908254333,0.0159808073334847,-0.0035885228413745,0.6718987755435504,0.0250809407951097
0.0031999969482421,-0.2231882908254333,0.0159808073334847,-0.0035885228413745,0.6718987755435504,0.0250809407951097,-0.0100040016922662,2.479684083218295,0.019983677078726
-0.0035885228413745,0.6718987755435504,0.0250809407951097,-0.0100040016922662,2.479684083218295,0.019983677078726,0.0347615447982154,-0.7074409354138251,0.0292584977921389
-0.0100040016922662,2.479684083218295,0.019983677078726,0.0347615447982154,-0.7074409354138251,0.0292584977921389,0.0035156309080774,-0.4580320767056876,0.020751713402432
