feature_0,feature_1,feature_2,feature_3,feature_4,feature_5,feature_6,feature_7,feature_8
0.0271274159323529,1.1289961437989802,0.0495758101763907,0.0033285580609634,-0.1922874671340929,0.0209328404794678,-0.0004326954926379,0.0245949074074074,0.0283765429466994
0.0033285580609634,-0.1922874671340929,0.0209328404794678,-0.0004326954926379,0.0245949074074074,0.0283765429466994,-0.0270562758648023,0.3803304151369668,0.0284623114980597
-0.0004326954926379,0.0245949074074074,0.0283765429466994,-0.0270562758648023,0.3803304151369668,0.0284623114980597,-0.0075639912962105,1.0407140299728912,0.0202150070558035
-0.0270562758648023,0.3803304151369668,0.0284623114980597,-0.0075639912962105,1.0407140299728912,0.0202150070558035,0.0146453816652591,-0.729785954183167,0.0195593567341069
-0.0075639912962105,1.0407140299728912,0.0202150070558035,0.0146453816652591,-0.729785954183167,0.0195593567341069,0.0033876333795663,0.2441331972915315,0.0197520137987405
