feature_0,feature_1,feature_2,feature_3,feature_4,feature_5,feature_6,feature_7,feature_8
0.0138663883164955,-0.1791251652000128,0.0177148588163494,-0.0027280663142716,-0.0752768397078457,0.0291279848544002,0.017628964788078,0.6096224892776763,0.0276144049820774
-0.0027280663142716,-0.0752768397078457,0.0291279848544002,0.017628964788078,0.6096224892776763,0.0276144049820774,0.00664268944663,0.1615090357472628,0.0263435986076717
0.017628964788078,0.6096224892776763,0.0276144049820774,0.00664268944663,0.1615090357472628,0.0263435986076717,-0.0059342249979662,0.354577872669044,0.0304245445751059
0.00664268944663,0.1615090357472628,0.0263435986076717,-0.0059342249979662,0.354577872669044,0.0304245445751059,0.032630128646983,-0.4797947617290988,0.0347474038056631
-0.0059342249979662,0.354577872669044,0.0304245445751059,0.032630128646983,-0.4797947617290988,0.0347474038056631,-0.0145104040627437,-0.1391825683341928,0.0318426273046814
