feature_0,feature_1,feature_2,feature_3,feature_4,feature_5,feature_6,feature_7,feature_8
0.0030085343987307,0.0398787972164444,0.0092652511654718,-0.012212138823319,0.5136433227973134,0.0215827709073401,-0.0036871611436112,-0.0484611682559362,0.0184331831953752
-0.012212138823319,0.5136433227973134,0.0215827709073401,-0.0036871611436112,-0.0484611682559362,0.0184331831953752,-0.0070752511853536,-0.1024928848198059,0.0189389640838797
-0.0036871611436112,-0.0484611682559362,0.0184331831953752,-0.0070752511853536,-0.1024928848198059,0.0189389640838797,-0.0097566008965527,0.3398410636509512,0.0134999344142734
-0.0070752511853536,-0.1024928848198059,0.0189389640838797,-0.0097566008965527,0.3398410636509512,0.0134999344142734,-0.0022141741196084,-0.6135903504519662,0.0127090237283532
-0.0097566008965527,0.3398410636509512,0.0134999344142734,-0.0022141741196084,-0.6135903504519662,0.0127090237283532,-0.0170864367412439,0.6271492878754334,0.0340493998084456
