feature_0,feature_1,feature_2,feature_3,feature_4,feature_5,feature_6,feature_7,feature_8
-0.0044436327853227,0.2514780217558332,0.0252507952942098,-0.0372624204873085,0.3117378295064592,0.0445307278240391,0.0029191775702188,0.0118141464303838,0.0305339304358315
-0.0372624204873085,0.3117378295064592,0.0445307278240391,0.0029191775702188,0.0118141464303838,0.0305339304358315,0.0033215807442994,0.1849786975045648,0.052958537254289
0.0029191775702188,0.0118141464303838,0.0305339304358315,0.0033215807442994,0.1849786975045648,0.052958537254289,0.0174914675767918,0.0279169149220306,0.0285566149784336
0.0033215807442994,0.1849786975045648,0.052958537254289,0.0174914675767918,0.0279169149220306,0.0285566149784336,0.0379035229952831,-0.3707482041421656,0.0168898490920248
0.0174914675767918,0.0279169149220306,0.0285566149784336,0.0379035229952831,-0.3707482041421656,0.0168898490920248,0.0120546534167558,-0.0272404439277569,0.0204449794854547
