feature_0,feature_1,feature_2,feature_3,feature_4,feature_5,feature_6,feature_7,feature_8
0.0003603424164022,0.1263732408484021,0.0185179967197385,-0.0133265321087781,-0.1329251634088715,0.0164523456133684,0.0112119796457168,-0.0154668007738532,0.0147916475931804
-0.0133265321087781,-0.1329251634088715,0.0164523456133684,0.0112119796457168,-0.0154668007738532,0.0147916475931804,-0.0025269737708729,-0.0372677282322587,0.0222031146752463
0.0112119796457168,-0.0154668007738532,0.0147916475931804,-0.0025269737708729,-0.0372677282322587,0.0222031146752463,0.0114259473414781,1.1480685417287029,0.0233542390974196
-0.0025269737708729,-0.0372677282322587,0.0222031146752463,0.0114259473414781,1.1480685417287029,0.0233542390974196,0.0046515789020473,-0.4705980204607835,0.0143403103381163
0.0114259473414781,1.1480685417287029,0.0233542390974196,0.0046515789020473,-0.4705980204607835,0.0143403103381163,0.0052915873636354,-0.2489704587112285,0.0094742526597952
