feature_0,feature_1,feature_2,feature_3,feature_4,feature_5,feature_6,feature_7,feature_8
-0.0175885544658014,-0.0795839960229616,0.0411759778074659,-0.0343009998828113,0.1729359710216964,0.0391129360199938,0.0181061797831159,-0.0876271201710852,0.0412344107061088
-0.0343009998828113,0.1729359710216964,0.0391129360199938,0.0181061797831159,-0.0876271201710852,0.0412344107061088,0.0085943002474555,-0.0899566318077784,0.0320253772511857
0.0181061797831159,-0.0876271201710852,0.0412344107061088,0.0085943002474555,-0.0899566318077784,0.0320253772511857,-0.0070024621581253,0.0710076007807749,0.0222665026476812
0.0085943002474555,-0.0899566318077784,0.0320253772511857,-0.0070024621581253,0.0710076007807749,0.0222665026476812,0.031520873492449,-0.1427625296202417,0.0241327716707671
-0.0070024621581253,0.0710076007807749,0.0222665026476812,0.031520873492449,-0.1427625296202417,0.0241327716707671,-0.0059303286301427,-0.2670371302568367,0.0199293876814145
