feature_0,feature_1,feature_2,feature_3,feature_4,feature_5,feature_6,feature_7,feature_8
0.0016139814444158,-0.1950335327170563,0.0153045012932209,-0.0099903759726448,-0.118216617878856,0.0200262845924548,0.0172526269040347,0.3695097037793666,0.0253906479192669
-0.0099903759726448,-0.118216617878856,0.0200262845924548,0.0172526269040347,0.3695097037793666,0.0253906479192669,-0.0064000244140625,0.0242401640872644,0.0168940395976225
0.0172526269040347,0.3695097037793666,0.0253906479192669,-0.0064000244140625,0.0242401640872644,0.0168940395976225,-0.0090176742730052,2.427271072273803,0.0196527501024114
-0.0064000244140625,0.0242401640872644,0.0168940395976225,-0.0090176742730052,2.427271072273803,0.0196527501024114,-0.0006499986176836,-0.5446191437373844,0.0243501081270249
-0.0090176742730052,2.427271072273803,0.0196527501024114,-0.0006499986176836,-0.5446191437373844,0.0243501081270249,0.0042276149842797,-0.0474746296512306,0.0130847112372721
