feature_0,feature_1,feature_2,feature_3,feature_4,feature_5,feature_6,feature_7,feature_8
0.0252673770501015,-0.1653766645834334,0.04823342802784,-0.0151084885449016,-0.2969875007200045,0.0204970759141969,0.0267315271352821,0.0660385088078656,0.0408902512731359
-0.0151084885449016,-0.2969875007200045,0.0204970759141969,0.0267315271352821,0.0660385088078656,0.0408902512731359,0.0025887653297607,-0.096994850511106,0.0345724579071679
0.0267315271352821,0.0660385088078656,0.0408902512731359,0.0025887653297607,-0.096994850511106,0.0345724579071679,-0.010623367196142,0.3670099582943229,0.0193962816922169
0.0025887653297607,-0.096994850511106,0.0345724579071679,-0.010623367196142,0.3670099582943229,0.0193962816922169,0.0379539003730033,-0.1615715086233734,0.0216193029179879
-0.010623367196142,0.3670099582943229,0.0193962816922169,0.0379539003730033,-0.1615715086233734,0.0216193029179879,-0.0077226385798784,-0.0624535868112282,0.0182919382967562
