feature_0,feature_1,feature_2,feature_3,feature_4,feature_5,feature_6,feature_7,feature_8
0.0125737536881578,0.0730687670402907,0.023600456222726,-0.0232013206942702,-0.0408785500536389,0.0161353323644699,-0.0019515254619707,0.3001118502384177,0.0187567152246691
-0.0232013206942702,-0.0408785500536389,0.0161353323644699,-0.0019515254619707,0.3001118502384177,0.0187567152246691,-0.0006703637831704,-0.076975322617161,0.0263914319486667
-0.0019515254619707,0.3001118502384177,0.0187567152246691,-0.0006703637831704,-0.076975322617161,0.0263914319486667,-0.0081619335532983,2.246701005641403,0.0179367592926579
-0.0006703637831704,-0.076975322617161,0.0263914319486667,-0.0081619335532983,2.246701005641403,0.0179367592926579,0.0161199449885474,-0.6869636165840687,0.0201490431865602
-0.0081619335532983,2.246701005641403,0.0179367592926579,0.0161199449885474,-0.6869636165840687,0.0201490431865602,-0.0106500897600727,-0.2578434211796505,0.0173045037036168
