feature_0,feature_1,feature_2,feature_3,feature_4,feature_5,feature_6,feature_7,feature_8
0.0067567886852248,-0.3030440915502571,0.0312145630490529,0.0039948864283341,-0.1886792452830188,0.0286321994532475,-0.0308770075579939,0.2235455057536011,0.0358375213687005
0.0039948864283341,-0.1886792452830188,0.0286321994532475,-0.0308770075579939,0.2235455057536011,0.0358375213687005,-0.0090326694461102,-0.3470568891811904,0.0281642960972418
-0.0308770075579939,0.2235455057536011,0.0358375213687005,-0.0090326694461102,-0.3470568891811904,0.0281642960972418,0.0044746512608699,1.5999194198227236,0.0284272263249912
-0.0090326694461102,-0.3470568891811904,0.0281642960972418,0.0044746512608699,1.5999194198227236,0.0284272263249912,0.007589491500419,-0.5655121648845498,0.0277823759097362
0.0044746512608699,1.5999194198227236,0.0284272263249912,0.007589491500419,-0.5655121648845498,0.0277823759097362,-0.0178483733098867,0.2969237628176548,0.0426428232128018
