feature_0,feature_1,feature_2,feature_3,feature_4,feature_5,feature_6,feature_7,feature_8
0.02780684070886,-0.1433889891696751,0.0286395904344419,-0.008145462347855,-0.0489595680231792,0.0157538239645218,-0.0089456179305354,-0.0007962610351393,0.0162178839775787
-0.008145462347855,-0.0489595680231792,0.0157538239645218,-0.0089456179305354,-0.0007962610351393,0.0162178839775787,0.0019235992315151,0.3738826138174762,0.0129023096936757
-0.0089456179305354,-0.0007962610351393,0.0162178839775787,0.0019235992315151,0.3738826138174762,0.0129023096936757,-0.0127012227827495,1.6284518195344613,0.0211552288137212
0.0019235992315151,0.3738826138174762,0.0129023096936757,-0.0127012227827495,1.6284518195344613,0.0211552288137212,0.0203441077320343,-0.6985589008500758,0.0292837465817239
-0.0127012227827495,1.6284518195344613,0.0211552288137212,0.0203441077320343,-0.6985589008500758,0.0292837465817239,-0.0085031442857126,0.0913170793812463,0.0163836533232183
