index,subsequence_idx,score
177,177,2.5436
286,286,4.16059
287,287,3.991
288,288,4.34235
301,301,2.84189
312,312,2.89756
323,323,3.26098
393,393,2.52015
394,394,2.58533
395,395,2.84703
429,429,2.52852
446,446,2.70242
457,457,2.75059
468,468,3.10749
494,494,4.45639
495,495,4.37875
496,496,4.65447
536,536,2.664
537,537,2.65959
538,538,3.08242
