index,subsequence_idx,score
177,177,2.55042
286,286,4.10673
287,287,4.12659
288,288,4.02432
294,294,2.47731
301,301,2.89188
312,312,2.82844
323,323,3.06078
393,393,2.60612
394,394,2.68704
395,395,2.72892
446,446,2.70671
457,457,2.81143
468,468,2.83075
494,494,4.44892
495,495,4.46534
496,496,4.31215
536,536,2.67235
537,537,2.69114
538,538,2.78923
