index,subsequence_idx,score
177,177,2.56896
286,286,4.09113
287,287,4.14473
288,288,4.14098
293,293,2.48718
301,301,2.92827
312,312,2.94548
323,323,3.09133
393,393,2.59307
394,394,2.8194
395,395,2.68135
446,446,2.80265
457,457,2.9173
468,468,2.87217
494,494,4.4293
495,495,4.48846
496,496,4.39719
536,536,2.75412
537,537,2.77585
538,538,2.82307
