index,subsequence_idx,score
177,177,2.5492
286,286,4.20127
287,287,3.9685
288,288,4.40804
294,294,2.49483
301,301,3.00396
312,312,2.66411
323,323,3.2763
393,393,2.60126
394,394,2.48805
395,395,2.90048
446,446,2.81605
457,457,2.60683
468,468,3.10976
494,494,4.56709
495,495,4.27139
496,496,4.64359
536,536,2.83227
537,537,2.47972
538,538,3.134
