index,subsequence_idx,score
176,176,2.54688
177,177,2.53666
286,286,4.16148
287,287,4.1051
288,288,4.2428
294,294,2.48401
301,301,2.96736
312,312,2.80369
323,323,3.24426
393,393,2.71686
394,394,2.65147
395,395,2.87373
446,446,2.87063
457,457,2.88985
468,468,3.06778
494,494,4.48836
495,495,4.41619
496,496,4.48961
536,536,2.88379
537,537,2.72378
538,538,3.01902
