feature_0,feature_1,feature_2,feature_3,feature_4,feature_5,feature_6,feature_7,feature_8
0.0037839665292211,-0.1894995898277276,0.0155096040427338,-0.0242736396964018,0.0713562753036436,0.0345187244664888,0.0030155143405523,-0.15859707132735,0.0163002395320503
0.0114618327751621,0.937684210526316,0.0132146551306215,0.0093814113901664,-0.1547153411560191,0.02428997058934,0.0249378290068804,-0.1847472150814053,0.0336219750180894
0.0009876430292667,-0.1990750472987177,0.0199174702937205,-0.0070858671347073,0.066535433070866,0.0119521882075703,-0.0075880300427908,-0.2073335794266027,0.0111232787865478
