feature_0,feature_1,feature_2,feature_3,feature_4,feature_5,feature_6,feature_7,feature_8
-0.0313066604487242,0.2466605351902948,0.0262117202900181,-0.0138533348671544,-0.0453539434393114,0.0254562779125854,0.0097819817715987,-0.1569514977552072,0.0189494878873068
-0.0208234884852331,0.5982365009384958,0.0401745778720163,0.0009568567461795,-0.1981482493035451,0.013006535542465,0.0465857457332037,0.7648080656698117,0.0444938069573613
-0.0215064970608824,-0.4103024337521471,0.0278923931177206,0.0482203871633515,0.3021208352425215,0.046759271729738,0.0079637624517627,-0.2036697247706421,0.020012535307265
