feature_0,feature_1,feature_2,feature_3,feature_4,feature_5,feature_6,feature_7,feature_8
-0.0058252670743478,-0.1353510668295892,0.0199542731578116,-0.0142302709591773,-0.1185998478095444,0.0219115992317706,-0.0006673058705666,0.3651948692649236,0.0309424142153044
0.0143241273963994,0.4215376276086366,0.0221273365223783,-0.0448779515704057,1.7086113759135686,0.072264864143286,0.0968548756066776,-0.2833411543876114,0.0541987139624249
-0.0336987958383825,-0.4244041382922996,0.0635755219338253,-0.0042556833731801,-0.3661338945452477,0.02358353552898,-0.0200642773589733,-0.0185750179468772,0.021776210883647
