index,stock_idx,score
14,14,2.45691
27,27,2.13967
