index,stock_idx,score
14,14,2.17963
27,27,2.17101
