index,stock_idx,score
10,10,2.06741
14,14,2.54142
