index,stock_idx,score
10,10,2.07181
14,14,2.54172
