index,stock_idx,score
14,14,2.13559
27,27,2.21002
