index,stock_idx,score
14,14,2.39596
27,27,2.23336
