index,stock_idx,score
14,14,2.36321
27,27,2.19632
