index,stock_idx,score
14,14,2.45408
27,27,2.12498
