index,stock_idx,score
14,14,2.44974
27,27,2.13159
