index,stock_idx,score
14,14,2.47665
27,27,2.12498
