index,stock_idx,score
14,14,2.14926
27,27,2.19871
