index,stock_idx,score
14,14,2.16301
27,27,2.17209
