index,stock_idx,score
14,14,2.45329
27,27,2.14929
