index,stock_idx,score
14,14,2.47905
27,27,2.13291
