index,stock_idx,score
14,14,2.12577
27,27,2.20476
