index,stock_idx,score
14,14,2.12473
27,27,2.21129
