index,stock_idx,score
10,10,2.06931
14,14,2.54293
