index,stock_idx,score
14,14,2.23718
27,27,2.16538
