index,stock_idx,score
14,14,2.47232
27,27,2.12664
