index,stock_idx,score
14,14,2.48762
27,27,2.12237
