index,stock_idx,score
14,14,2.27817
27,27,2.12235
