index,stock_idx,score
14,14,2.46248
27,27,2.13158
