index,stock_idx,score
14,14,2.23568
27,27,2.13334
