index,stock_idx,score
14,14,2.35412
27,27,2.23235
