index,stock_idx,score
14,14,2.37896
27,27,2.12341
