index,stock_idx,score
14,14,2.33434
27,27,2.23362
