index,stock_idx,score
14,14,2.16074
27,27,2.17565
