index,stock_idx,score
14,14,2.28946
27,27,2.23245
