index,stock_idx,score
14,14,2.45191
27,27,2.13592
