index,stock_idx,score
14,14,2.31226
27,27,2.23852
