index,stock_idx,score
10,10,2.07775
14,14,2.54082
