index,stock_idx,score
14,14,2.45526
27,27,2.14728
