index,stock_idx,score
14,14,2.20156
27,27,2.17387
