index,stock_idx,score
14,14,2.38084
27,27,2.10075
