index,stock_idx,score
10,10,2.06457
14,14,2.54202
