index,stock_idx,score
14,14,2.12753
27,27,2.22388
