index,stock_idx,score
10,10,2.06647
14,14,2.54323
