index,stock_idx,score
14,14,2.18344
27,27,2.17565
