index,stock_idx,score
14,14,2.33906
27,27,2.23389
