index,stock_idx,score
14,14,2.37305
27,27,2.23362
