index,stock_idx,score
14,14,2.34583
27,27,2.23842
