index,stock_idx,score
14,14,2.35981
27,27,2.23852
