index,stock_idx,score
14,14,2.12972
27,27,2.17387
