index,stock_idx,score
14,14,2.37818
27,27,2.23852
