index,stock_idx,score
14,14,2.36536
27,27,2.23415
