index,stock_idx,score
14,14,2.24202
27,27,2.15938
