index,stock_idx,score
14,14,2.13899
27,27,2.20476
