index,stock_idx,score
14,14,2.46884
27,27,2.14031
