index,stock_idx,score
14,14,2.13905
27,27,2.20197
