index,stock_idx,score
14,14,2.16381
27,27,2.17387
