index,stock_idx,score
14,14,2.50618
27,27,2.12734
