index,stock_idx,score
14,14,2.33332
27,27,2.20968
