index,stock_idx,score
14,14,2.38179
27,27,2.09664
