index,stock_idx,score
14,14,2.24968
27,27,2.16655
