index,stock_idx,score
14,14,2.12527
27,27,2.18473
