index,stock_idx,score
14,14,2.23737
27,27,2.11635
