index,stock_idx,score
14,14,2.34051
27,27,2.23235
