index,stock_idx,score
14,14,2.25294
27,27,2.12734
