index,stock_idx,score
14,14,2.45555
27,27,2.15409
