index,stock_idx,score
14,14,2.36124
27,27,2.23842
