index,stock_idx,score
14,14,2.47557
27,27,2.12739
