index,stock_idx,score
14,14,2.32754
27,27,2.20386
