index,stock_idx,score
14,14,2.37985
27,27,2.12751
