index,stock_idx,score
14,14,2.34977
27,27,2.23852
