index,stock_idx,score
14,14,2.13667
27,27,2.21081
