index,stock_idx,score
14,14,2.33582
27,27,2.19803
