index,stock_idx,score
14,14,2.38398
27,27,2.11642
