index,stock_idx,score
14,14,2.38211
27,27,2.10365
