index,subsequence_idx,score
76,76,5.28915
78,78,2.93469
97,97,2.48409
