index,subsequence_idx,score
76,76,5.24553
78,78,3.08807
97,97,2.48683
