index,subsequence_idx,score
76,76,5.11619
78,78,3.03226
97,97,2.46093
