index,subsequence_idx,score
76,76,5.29279
78,78,2.92131
97,97,2.51376
