index,subsequence_idx,score
76,76,5.34834
78,78,3.13646
92,92,2.51434
