index,subsequence_idx,score
76,76,5.43747
78,78,3.22883
97,97,2.49385
