index,subsequence_idx,score
76,76,5.04358
78,78,3.0649
97,97,2.53868
