index,stock_idx,score
76,16,5.58667
78,18,4.00747
79,19,2.92541
96,6,2.53752
