feature_0,feature_1,feature_2,feature_3,feature_4,feature_5,feature_6,feature_7,feature_8,feature_9,feature_10,feature_11,feature_12,feature_13,feature_14
-0.0099463890205876,-0.0795369278593632,0.0158175089903575,0.0040185120954594,0.7043204844532434,0.0120017091447599,-0.0045244639492356,-0.2281516911513494,0.0079817210390671,0.0027095319348933,0.0465651558073654,0.0077091304568967,0.0053172995455081,0.0428861444763999,0.0108268390551461
0.0040185120954594,0.7043204844532434,0.0120017091447599,-0.0045244639492356,-0.2281516911513494,0.0079817210390671,0.0027095319348933,0.0465651558073654,0.0077091304568967,0.0053172995455081,0.0428861444763999,0.0108268390551461,0.0188155565290297,0.380485035282667,0.0195210824075869
-0.0045244639492356,-0.2281516911513494,0.0079817210390671,0.0027095319348933,0.0465651558073654,0.0077091304568967,0.0053172995455081,0.0428861444763999,0.0108268390551461,0.0188155565290297,0.380485035282667,0.0195210824075869,0.0070638453706781,0.4691539365452408,0.0184697066796783
0.0027095319348933,0.0465651558073654,0.0077091304568967,0.0053172995455081,0.0428861444763999,0.0108268390551461,0.0188155565290297,0.380485035282667,0.0195210824075869,0.0070638453706781,0.4691539365452408,0.0184697066796783,0.0068452425087446,0.1552889422115577,0.0126496124644576
0.0053172995455081,0.0428861444763999,0.0108268390551461,0.0188155565290297,0.380485035282667,0.0195210824075869,0.0070638453706781,0.4691539365452408,0.0184697066796783,0.0068452425087446,0.1552889422115577,0.0126496124644576,0.0067148149727731,-0.6231999446136804,0.0100958854289093
0.0188155565290297,0.380485035282667,0.0195210824075869,0.0070638453706781,0.4691539365452408,0.0184697066796783,0.0068452425087446,0.1552889422115577,0.0126496124644576,0.0067148149727731,-0.6231999446136804,0.0100958854289093,0.0020009826486937,0.412586127698668,0.0085291772196313
0.0070638453706781,0.4691539365452408,0.0184697066796783,0.0068452425087446,0.1552889422115577,0.0126496124644576,0.0067148149727731,-0.6231999446136804,0.0100958854289093,0.0020009826486937,0.412586127698668,0.0085291772196313,-0.0068230961286568,-0.3718782518210197,0.0109060661496683
