feature_0,feature_1,feature_2,feature_3,feature_4,feature_5,feature_6,feature_7,feature_8,feature_9,feature_10,feature_11,feature_12,feature_13,feature_14
-0.0178133635453897,0.1414436486995853,0.0267039097023345,-0.0010555238562008,-0.0167588541236687,0.0247081051627397,0.0038424626850499,-0.4118387909319899,0.0153150064723455,0.0047845416362382,0.3675945753033547,0.0183380128818286,-0.0059046926497703,0.1516701461377869,0.0171466989804348
-0.0010555238562008,-0.0167588541236687,0.0247081051627397,0.0038424626850499,-0.4118387909319899,0.0153150064723455,0.0047845416362382,0.3675945753033547,0.0183380128818286,-0.0059046926497703,0.1516701461377869,0.0171466989804348,0.0071853296033483,0.464787455814375,0.0445127167791385
0.0038424626850499,-0.4118387909319899,0.0153150064723455,0.0047845416362382,0.3675945753033547,0.0183380128818286,-0.0059046926497703,0.1516701461377869,0.0171466989804348,0.0071853296033483,0.464787455814375,0.0445127167791385,0.0017121675036233,-0.0717158591671307,0.0216996140887293
0.0047845416362382,0.3675945753033547,0.0183380128818286,-0.0059046926497703,0.1516701461377869,0.0171466989804348,0.0071853296033483,0.464787455814375,0.0445127167791385,0.0017121675036233,-0.0717158591671307,0.0216996140887293,-0.0050328027939205,0.8202906279162778,0.0192715361680941
-0.0059046926497703,0.1516701461377869,0.0171466989804348,0.0071853296033483,0.464787455814375,0.0445127167791385,0.0017121675036233,-0.0717158591671307,0.0216996140887293,-0.0050328027939205,0.8202906279162778,0.0192715361680941,-0.0100208927473356,-0.2872418338948294,0.0191860796074115
0.0071853296033483,0.464787455814375,0.0445127167791385,0.0017121675036233,-0.0717158591671307,0.0216996140887293,-0.0050328027939205,0.8202906279162778,0.0192715361680941,-0.0100208927473356,-0.2872418338948294,0.0191860796074115,0.0148461720459422,-0.2315043156596794,0.0156836067413808
0.0017121675036233,-0.0717158591671307,0.0216996140887293,-0.0050328027939205,0.8202906279162778,0.0192715361680941,-0.0100208927473356,-0.2872418338948294,0.0191860796074115,0.0148461720459422,-0.2315043156596794,0.0156836067413808,-0.0350527169163266,-0.247626688059901,0.0295566502463056
