feature_0,feature_1,feature_2,feature_3,feature_4,feature_5,feature_6,feature_7,feature_8,feature_9,feature_10,feature_11,feature_12,feature_13,feature_14
-0.009985952563562,-0.0816345111641014,0.0167105777161726,0.0058296885249913,0.0914356933448525,0.0140041624269569,0.0088420947726191,-0.1286436638421377,0.0169187200469146,-0.0078294172115298,0.3754815138397998,0.0150232174496188,0.0082951075252535,-0.1035952477191362,0.0106894727203934
0.0058296885249913,0.0914356933448525,0.0140041624269569,0.0088420947726191,-0.1286436638421377,0.0169187200469146,-0.0078294172115298,0.3754815138397998,0.0150232174496188,0.0082951075252535,-0.1035952477191362,0.0106894727203934,-2.6579418149430545e-05,0.2462809451532512,0.018529076889533
0.0088420947726191,-0.1286436638421377,0.0169187200469146,-0.0078294172115298,0.3754815138397998,0.0150232174496188,0.0082951075252535,-0.1035952477191362,0.0106894727203934,-2.6579418149430545e-05,0.2462809451532512,0.018529076889533,-0.0225445540081388,0.3980552728917317,0.0264466117971016
-0.0078294172115298,0.3754815138397998,0.0150232174496188,0.0082951075252535,-0.1035952477191362,0.0106894727203934,-2.6579418149430545e-05,0.2462809451532512,0.018529076889533,-0.0225445540081388,0.3980552728917317,0.0264466117971016,0.0131173852247734,0.8133718444919416,0.0167085157190772
0.0082951075252535,-0.1035952477191362,0.0106894727203934,-2.6579418149430545e-05,0.2462809451532512,0.018529076889533,-0.0225445540081388,0.3980552728917317,0.0264466117971016,0.0131173852247734,0.8133718444919416,0.0167085157190772,0.0051788360852385,-0.722178898088896,0.0117174986710433
-2.6579418149430545e-05,0.2462809451532512,0.018529076889533,-0.0225445540081388,0.3980552728917317,0.0264466117971016,0.0131173852247734,0.8133718444919416,0.0167085157190772,0.0051788360852385,-0.722178898088896,0.0117174986710433,0.0016369730886947,-0.0550018575510596,0.0092472784490562
-0.0225445540081388,0.3980552728917317,0.0264466117971016,0.0131173852247734,0.8133718444919416,0.0167085157190772,0.0051788360852385,-0.722178898088896,0.0117174986710433,0.0016369730886947,-0.0550018575510596,0.0092472784490562,-0.0070728505922008,0.2772802943160695,0.0148436024562643
