feature_0,feature_1,feature_2,feature_3,feature_4,feature_5,feature_6,feature_7,feature_8,feature_9,feature_10,feature_11,feature_12,feature_13,feature_14
-0.006591720865026,-0.0125861792528458,0.0193456858612798,0.0032326123522863,-0.1497117804660226,0.0118492063269308,-0.0060204401750456,-0.1395970591043636,0.0104620902026555,0.0053743800372336,-0.1076462101875485,0.0100850419458585,0.0005516246490722,0.584006964307922,0.0087767777242879
0.0032326123522863,-0.1497117804660226,0.0118492063269308,-0.0060204401750456,-0.1395970591043636,0.0104620902026555,0.0053743800372336,-0.1076462101875485,0.0100850419458585,0.0005516246490722,0.584006964307922,0.0087767777242879,0.028664699170195,-0.0250451440684619,0.0397018416367146
-0.0060204401750456,-0.1395970591043636,0.0104620902026555,0.0053743800372336,-0.1076462101875485,0.0100850419458585,0.0005516246490722,0.584006964307922,0.0087767777242879,0.028664699170195,-0.0250451440684619,0.0397018416367146,-0.0064305251952407,0.0327750040264132,0.0144440754248941
0.0053743800372336,-0.1076462101875485,0.0100850419458585,0.0005516246490722,0.584006964307922,0.0087767777242879,0.028664699170195,-0.0250451440684619,0.0397018416367146,-0.0064305251952407,0.0327750040264132,0.0144440754248941,-0.0189602895300571,0.3433918128654971,0.0201715648300587
0.0005516246490722,0.584006964307922,0.0087767777242879,0.028664699170195,-0.0250451440684619,0.0397018416367146,-0.0064305251952407,0.0327750040264132,0.0144440754248941,-0.0189602895300571,0.3433918128654971,0.0201715648300587,0.0102765392118202,-0.2863776191305357,0.0139430123432839
0.028664699170195,-0.0250451440684619,0.0397018416367146,-0.0064305251952407,0.0327750040264132,0.0144440754248941,-0.0189602895300571,0.3433918128654971,0.0201715648300587,0.0102765392118202,-0.2863776191305357,0.0139430123432839,0.0092091726624223,-0.1660024400162667,0.0102872554880079
-0.0064305251952407,0.0327750040264132,0.0144440754248941,-0.0189602895300571,0.3433918128654971,0.0201715648300587,0.0102765392118202,-0.2863776191305357,0.0139430123432839,0.0092091726624223,-0.1660024400162667,0.0102872554880079,-0.0249698184696021,0.2894480202847669,0.024026579439663
