feature_0,feature_1,feature_2,feature_3,feature_4,feature_5,feature_6,feature_7,feature_8
0.0074676807973643,0.2515197943952947,0.0174942717329248,0.0072880811316835,-0.0375957665271305,0.0122963745669542,-0.0061360198066432,0.378744357816988,0.0405916439221923
-0.0023815425537547,0.0263988095238094,0.0138326700147898,0.0070485181196116,-0.1654246527677095,0.0233764633965682,0.0162900678787276,-0.0133416718782573,0.0201009342794798
-0.0037032502368046,-0.213993943235439,0.0094782460972178,0.0086323214228483,-0.1272344429013037,0.0109478915016146,-0.0040261648430447,0.7326625943226734,0.0112217776952633
