feature_0,feature_1,feature_2,feature_3,feature_4,feature_5,feature_6,feature_7,feature_8
-0.0134501905765648,0.4734074274871238,0.0156446862269602,-0.0025014121989125,0.2900430511093939,0.014904639793697,0.0052664746574087,0.0182261583878835,0.0177327622545282
0.0183360455322798,0.5541269241004525,0.0222694704428971,-0.0073494724685576,-0.3872837058399423,0.0153580075052304,-0.007773818712893,-0.2164384367599687,0.0191945652599426
-0.0044769013196471,0.0770385943835409,0.0133889757800205,-0.0089944623087415,0.4021193530395983,0.0172786256659968,0.0010171933615878,0.108442720763723,0.0129056284087214
