feature_0,feature_1,feature_2,feature_3,feature_4,feature_5,feature_6,feature_7,feature_8,feature_9,feature_10,feature_11,feature_12,feature_13,feature_14
0.0263951534844453,-0.1991013948497854,0.0264237041082358,0.0053390445751906,-0.0884199949761366,0.0116361479595602,0.0049565879695041,0.4114081014053459,0.0126536994608704,-0.0004403572042579,0.0085253156319147,0.0121314331256514,-0.0159485165951275,0.1731302832806349,0.0201608870376444
0.0053390445751906,-0.0884199949761366,0.0116361479595602,0.0049565879695041,0.4114081014053459,0.0126536994608704,-0.0004403572042579,0.0085253156319147,0.0121314331256514,-0.0159485165951275,0.1731302832806349,0.0201608870376444,0.0030443717776602,0.9312431243124312,0.0143845943165781
0.0049565879695041,0.4114081014053459,0.0126536994608704,-0.0004403572042579,0.0085253156319147,0.0121314331256514,-0.0159485165951275,0.1731302832806349,0.0201608870376444,0.0030443717776602,0.9312431243124312,0.0143845943165781,0.0118727986846172,-0.1141839931643406,0.0295388936622226
-0.0004403572042579,0.0085253156319147,0.0121314331256514,-0.0159485165951275,0.1731302832806349,0.0201608870376444,0.0030443717776602,0.9312431243124312,0.0143845943165781,0.0118727986846172,-0.1141839931643406,0.0295388936622226,0.0042347974646457,-0.3593775119771069,0.0197677812711177
-0.0159485165951275,0.1731302832806349,0.0201608870376444,0.0030443717776602,0.9312431243124312,0.0143845943165781,0.0118727986846172,-0.1141839931643406,0.0295388936622226,0.0042347974646457,-0.3593775119771069,0.0197677812711177,0.0003513180777883,0.0324232081911262,0.0144965917923142
0.0030443717776602,0.9312431243124312,0.0143845943165781,0.0118727986846172,-0.1141839931643406,0.0295388936622226,0.0042347974646457,-0.3593775119771069,0.0197677812711177,0.0003513180777883,0.0324232081911262,0.0144965917923142,0.0197594887974361,0.4663101604278075,0.0238262628395553
0.0118727986846172,-0.1141839931643406,0.0295388936622226,0.0042347974646457,-0.3593775119771069,0.0197677812711177,0.0003513180777883,0.0324232081911262,0.0144965917923142,0.0197594887974361,0.4663101604278075,0.0238262628395553,0.0122286899138104,0.1400769179762615,0.0199116559590285
