feature_0,feature_1,feature_2,feature_3,feature_4,feature_5,feature_6,feature_7,feature_8,feature_9,feature_10,feature_11,feature_12,feature_13,feature_14
0.0105688042090157,-0.0479887085391672,0.0095753073201732,-0.0001936514884947,-0.0333580429948109,0.0110032164934769,0.0076838908166185,0.0,0.0125801640500332,0.0018583456258696,0.1671779141104294,0.0098240575660185,0.0069715378883179,0.1358409986859394,0.0173506076747439
-0.0001936514884947,-0.0333580429948109,0.0110032164934769,0.0076838908166185,0.0,0.0125801640500332,0.0018583456258696,0.1671779141104294,0.0098240575660185,0.0069715378883179,0.1358409986859394,0.0173506076747439,0.0067961561565317,0.5508315256688359,0.01307650057976
0.0076838908166185,0.0,0.0125801640500332,0.0018583456258696,0.1671779141104294,0.0098240575660185,0.0069715378883179,0.1358409986859394,0.0173506076747439,0.0067961561565317,0.5508315256688359,0.01307650057976,-0.0170966274025254,-0.1863110779559865,0.0263854702381743
0.0018583456258696,0.1671779141104294,0.0098240575660185,0.0069715378883179,0.1358409986859394,0.0173506076747439,0.0067961561565317,0.5508315256688359,0.01307650057976,-0.0170966274025254,-0.1863110779559865,0.0263854702381743,0.0018612492081471,0.4909465963786386,0.0094777637837229
0.0069715378883179,0.1358409986859394,0.0173506076747439,0.0067961561565317,0.5508315256688359,0.01307650057976,-0.0170966274025254,-0.1863110779559865,0.0263854702381743,0.0018612492081471,0.4909465963786386,0.0094777637837229,-0.0018577913953835,-0.3186010760953113,0.019225735800993
0.0067961561565317,0.5508315256688359,0.01307650057976,-0.0170966274025254,-0.1863110779559865,0.0263854702381743,0.0018612492081471,0.4909465963786386,0.0094777637837229,-0.0018577913953835,-0.3186010760953113,0.019225735800993,-0.0189344661766261,0.0045121263395375,0.0250130437067587
-0.0170966274025254,-0.1863110779559865,0.0263854702381743,0.0018612492081471,0.4909465963786386,0.0094777637837229,-0.0018577913953835,-0.3186010760953113,0.019225735800993,-0.0189344661766261,0.0045121263395375,0.0250130437067587,0.0039907922136175,-0.0928691746209994,0.0090736951987457
