feature_0,feature_1,feature_2,feature_3,feature_4,feature_5,feature_6,feature_7,feature_8,feature_9,feature_10,feature_11,feature_12,feature_13,feature_14
0.0060730355677454,-0.0656987828127291,0.0060584183839025,-0.0084427790945499,0.5074556584523622,0.0134059320141401,-0.0128747794296204,0.3691170345689296,0.0211138189079355,0.0016250706391871,-0.3355388242451897,0.0091965426679036,-0.0099845746920549,0.1617259929037426,0.0170019721738041
-0.0084427790945499,0.5074556584523622,0.0134059320141401,-0.0128747794296204,0.3691170345689296,0.0211138189079355,0.0016250706391871,-0.3355388242451897,0.0091965426679036,-0.0099845746920549,0.1617259929037426,0.0170019721738041,0.0115141342010016,0.2862068965517241,0.0191225805552012
-0.0128747794296204,0.3691170345689296,0.0211138189079355,0.0016250706391871,-0.3355388242451897,0.0091965426679036,-0.0099845746920549,0.1617259929037426,0.0170019721738041,0.0115141342010016,0.2862068965517241,0.0191225805552012,0.0252170334196917,0.215396399846802,0.04608548428275
0.0016250706391871,-0.3355388242451897,0.0091965426679036,-0.0099845746920549,0.1617259929037426,0.0170019721738041,0.0115141342010016,0.2862068965517241,0.0191225805552012,0.0252170334196917,0.215396399846802,0.04608548428275,-0.0006888948574927,-0.4269238041217621,0.0154898938581544
-0.0099845746920549,0.1617259929037426,0.0170019721738041,0.0115141342010016,0.2862068965517241,0.0191225805552012,0.0252170334196917,0.215396399846802,0.04608548428275,-0.0006888948574927,-0.4269238041217621,0.0154898938581544,0.006812378353177,0.9178488947542064,0.0144267390876747
0.0115141342010016,0.2862068965517241,0.0191225805552012,0.0252170334196917,0.215396399846802,0.04608548428275,-0.0006888948574927,-0.4269238041217621,0.0154898938581544,0.006812378353177,0.9178488947542064,0.0144267390876747,0.0028998004676035,-0.3280578014794426,0.0148667186254208
0.0252170334196917,0.215396399846802,0.04608548428275,-0.0006888948574927,-0.4269238041217621,0.0154898938581544,0.006812378353177,0.9178488947542064,0.0144267390876747,0.0028998004676035,-0.3280578014794426,0.0148667186254208,0.0075499080155962,0.6183649086874894,0.0198713170702185
