index,subsequence_idx,score
23,23,2.40073
24,24,2.40902
26,26,2.76792
35,35,2.81805
47,47,2.90477
59,59,2.38203
70,70,2.51177
71,71,2.41709
88,88,2.44419
92,92,2.79937
110,110,2.44395
112,112,2.45087
133,133,2.57351
156,156,2.6452
179,179,2.67262
