index,subsequence_idx,score
23,23,2.46165
26,26,2.80262
35,35,2.98514
47,47,2.84955
70,70,2.61742
88,88,2.40333
92,92,2.88844
110,110,2.48864
112,112,2.47392
133,133,2.57795
156,156,2.75858
179,179,2.85124
