index,subsequence_idx,score
26,26,2.81708
35,35,2.96969
47,47,2.78776
70,70,2.60192
88,88,2.43044
92,92,2.84624
110,110,2.53923
112,112,2.53372
133,133,2.48564
156,156,2.68575
179,179,2.90575
