index,subsequence_idx,score
23,23,2.67266
59,59,2.64017
156,156,3.0813
