index,subsequence_idx,score
23,23,2.45678
26,26,2.65931
35,35,2.97447
47,47,2.94128
70,70,2.61716
71,71,2.51775
88,88,2.44278
92,92,2.80832
110,110,2.51159
112,112,2.46231
133,133,2.61423
156,156,2.73054
179,179,2.74284
