index,subsequence_idx,score
23,23,2.50034
24,24,2.41549
26,26,2.76293
35,35,2.91208
47,47,2.90991
70,70,2.52823
88,88,2.4356
92,92,2.73351
110,110,2.40255
112,112,2.43432
133,133,2.6191
156,156,2.59774
179,179,2.84546
