feature_0,feature_1,feature_2,feature_3,feature_4,feature_5,feature_6,feature_7,feature_8
0.0039149709373207,-0.1539569377132646,0.0103420143169863,0.0081136653828934,-0.1478216646889303,0.0136753818813155,0.0033066905642766,0.3888750745971752,0.0123387271421604
0.0081136653828934,-0.1478216646889303,0.0136753818813155,0.0033066905642766,0.3888750745971752,0.0123387271421604,0.0151110964018563,0.0472473368543551,0.0151856503804979
0.0033066905642766,0.3888750745971752,0.0123387271421604,0.0151110964018563,0.0472473368543551,0.0151856503804979,0.0085762221451488,1.6420202641866402,0.0096213224334319
0.0151110964018563,0.0472473368543551,0.0151856503804979,0.0085762221451488,1.6420202641866402,0.0096213224334319,-0.0095358676049234,-0.6624786735888979,0.0224609004642811
0.0085762221451488,1.6420202641866402,0.0096213224334319,-0.0095358676049234,-0.6624786735888979,0.0224609004642811,0.0034953629934937,0.1997456608982388,0.0155527019159796
-0.0095358676049234,-0.6624786735888979,0.0224609004642811,0.0034953629934937,0.1997456608982388,0.0155527019159796,-0.0039721614120714,-0.2751769725313064,0.0088588628280979
0.0034953629934937,0.1997456608982388,0.0155527019159796,-0.0039721614120714,-0.2751769725313064,0.0088588628280979,0.0051537579383316,0.3399936801416823,0.0122324159021406
-0.0039721614120714,-0.2751769725313064,0.0088588628280979,0.0051537579383316,0.3399936801416823,0.0122324159021406,0.0089116417696439,-0.2539252515835367,0.0191662049353235
