feature_0,feature_1,feature_2,feature_3,feature_4,feature_5,feature_6,feature_7,feature_8
0.0012222392472305,0.0788766460628862,0.0089444924030204,-0.0164244330934494,0.2476736117289113,0.0249886066034124,-0.005641413290548,0.0968441167662534,0.0095814301908211
-0.0164244330934494,0.2476736117289113,0.0249886066034124,-0.005641413290548,0.0968441167662534,0.0095814301908211,0.0152049023566538,0.2188418233351534,0.0158102072076278
-0.005641413290548,0.0968441167662534,0.0095814301908211,0.0152049023566538,0.2188418233351534,0.0158102072076278,-0.0014530767611609,1.7150918439186738,0.0095785270969464
0.0152049023566538,0.2188418233351534,0.0158102072076278,-0.0014530767611609,1.7150918439186738,0.0095785270969464,0.0058205025511348,-0.7515253664611891,0.0116840904456515
-0.0014530767611609,1.7150918439186738,0.0095785270969464,0.0058205025511348,-0.7515253664611891,0.0116840904456515,-0.0011127864918455,0.2108026057807854,0.0127874298388824
0.0058205025511348,-0.7515253664611891,0.0116840904456515,-0.0011127864918455,0.2108026057807854,0.0127874298388824,-0.0041220971283452,-0.4849038863351441,0.0135665326981862
-0.0011127864918455,0.2108026057807854,0.0127874298388824,-0.0041220971283452,-0.4849038863351441,0.0135665326981862,0.0006711299050028,0.6025250988743536,0.0119760200317502
-0.0041220971283452,-0.4849038863351441,0.0135665326981862,0.0006711299050028,0.6025250988743536,0.0119760200317502,0.0064224975052704,-0.172203765227021,0.0102120528165402
