feature_0,feature_1,feature_2,feature_3,feature_4,feature_5,feature_6,feature_7,feature_8
0.0012053021826721,1.319143639531989,0.0240033133135007,0.0069556414082256,-0.2795191069128381,0.0314010208359676,0.0163390185090626,0.2425506555423122,0.0370370219786742
0.0069556414082256,-0.2795191069128381,0.0314010208359676,0.0163390185090626,0.2425506555423122,0.0370370219786742,0.0503202236938549,0.8393285371702639,0.0434389667136939
0.0163390185090626,0.2425506555423122,0.0370370219786742,0.0503202236938549,0.8393285371702639,0.0434389667136939,-0.0256346918204833,0.0158409387222946,0.0337296549882763
0.0503202236938549,0.8393285371702639,0.0434389667136939,-0.0256346918204833,0.0158409387222946,0.0337296549882763,-0.0139208254760051,-0.5016363986395431,0.027532503202364
-0.0256346918204833,0.0158409387222946,0.0337296549882763,-0.0139208254760051,-0.5016363986395431,0.027532503202364,0.0027198192953763,0.0902652588204995,0.0280118793362436
-0.0139208254760051,-0.5016363986395431,0.027532503202364,0.0027198192953763,0.0902652588204995,0.0280118793362436,-0.0319039588338564,-0.2034959253572693,0.0472039246006691
0.0027198192953763,0.0902652588204995,0.0280118793362436,-0.0319039588338564,-0.2034959253572693,0.0472039246006691,0.0414944066923197,-0.146797153024911,0.0406739013852819
-0.0319039588338564,-0.2034959253572693,0.0472039246006691,0.0414944066923197,-0.146797153024911,0.0406739013852819,0.0084550918874355,0.1995133819951338,0.0269162547279121
