{
  "anomalies": [
    {
      "anomaly_index": 132,
      "feature_importances": {
        "Close_0": 3.830898730342547e-10,
        "Close_1": 3.947013904590653e-10,
        "Close_2": 3.8937447477518534e-10,
        "High_0": 3.816455052371796e-10,
        "High_1": 3.934577618390731e-10,
        "High_2": 3.973813209556046e-10,
        "Low_0": 3.700228545699501e-10,
        "Low_1": 3.915267123019737e-10,
        "Low_2": 3.8351452670937395e-10,
        "Open_0": 3.6340789090091704e-10,
        "Open_1": 3.855457754282431e-10,
        "Open_2": 3.9074420440624826e-10,
        "Volume_0": 0.14867939915408515,
        "Volume_1": 0.169323421873825,
        "Volume_2": 0.6819971743181777,
        "daily_return_0": 3.4081354343441783e-16,
        "daily_return_1": 3.4081354343441783e-16,
        "daily_return_2": 6.816270868688357e-16,
        "daily_return_zscore_0": 2.4318182369190492e-12,
        "daily_return_zscore_1": 2.8251170660423678e-12,
        "daily_return_zscore_2": 4.324583052639328e-12,
        "excess_return_0": 5.680225723906964e-16,
        "excess_return_1": 3.4081354343441783e-16,
        "excess_return_2": 2.2720902895627857e-16,
        "high_low_range_0": 2.2720902895627857e-16,
        "high_low_range_1": 1.1360451447813929e-16,
        "high_low_range_2": 3.4081354343441783e-16,
        "log_return_0": 3.4081354343441783e-16,
        "log_return_1": 3.4081354343441783e-16,
        "log_return_2": 6.816270868688357e-16,
        "log_return_zscore_0": 2.4343175362375684e-12,
        "log_return_zscore_1": 2.8111437107615565e-12,
        "log_return_zscore_2": 4.302316567801613e-12,
        "log_volume_0": 7.043479897644635e-14,
        "log_volume_1": 5.998318364445755e-14,
        "log_volume_2": 8.202245945321656e-14,
        "relative_volume_0": 1.0962835647140441e-13,
        "relative_volume_1": 1.63136082790608e-13,
        "relative_volume_2": 3.31952391305123e-13,
        "relative_volume_zscore_0": 1.4709512534629474e-12,
        "relative_volume_zscore_1": 1.8075614298616741e-12,
        "relative_volume_zscore_2": 1.7156553776488595e-12,
        "volume_change_0": 1.911963978667084e-13,
        "volume_change_1": 2.0471533508960697e-13,
        "volume_change_2": 3.0377847171454445e-13,
        "volume_change_zscore_0": 1.4547058078925735e-12,
        "volume_change_zscore_1": 1.2566931391571768e-12,
        "volume_change_zscore_2": 1.14354304273695e-12
      }
    },
    {
      "anomaly_index": 133,
      "feature_importances": {
        "Close_0": 4.0492417769503454e-10,
        "Close_1": 4.055061939767671e-10,
        "Close_2": 4.1582547855900616e-10,
        "High_0": 4.0845466318606873e-10,
        "High_1": 4.051728638817806e-10,
        "High_2": 4.145440174749538e-10,
        "Low_0": 4.048613504561011e-10,
        "Low_1": 4.0246402038454013e-10,
        "Low_2": 4.0107919835901664e-10,
        "Open_0": 3.999669058746731e-10,
        "Open_1": 3.9942256209294617e-10,
        "Open_2": 3.9892340146787155e-10,
        "Volume_0": 0.16002514287458072,
        "Volume_1": 0.6431587014751966,
        "Volume_2": 0.19681615076362505,
        "daily_return_0": 0.0,
        "daily_return_1": 8.345174051880612e-16,
        "daily_return_2": 0.0,
        "daily_return_zscore_0": 1.9570625319381733e-12,
        "daily_return_zscore_1": 4.090804320231876e-12,
        "daily_return_zscore_2": 2.1097792170875884e-12,
        "excess_return_0": 0.0,
        "excess_return_1": 5.960838608486152e-16,
        "excess_return_2": 1.1921677216972303e-16,
        "high_low_range_0": 1.1921677216972303e-16,
        "high_low_range_1": 3.5765031650916905e-16,
        "high_low_range_2": 1.1921677216972303e-16,
        "log_return_0": 0.0,
        "log_return_1": 8.345174051880612e-16,
        "log_return_2": 0.0,
        "log_return_zscore_0": 1.9485981411141227e-12,
        "log_return_zscore_1": 4.069822168330005e-12,
        "log_return_zscore_2": 2.112640419619662e-12,
        "log_volume_0": 6.497314083249905e-14,
        "log_volume_1": 7.117241298532465e-14,
        "log_volume_2": 5.829700159099456e-14,
        "relative_volume_0": 1.7334118673477728e-13,
        "relative_volume_1": 2.914850079549728e-13,
        "relative_volume_2": 1.0276485761030125e-13,
        "relative_volume_zscore_0": 1.4059233941975436e-12,
        "relative_volume_zscore_1": 1.6311238768261505e-12,
        "relative_volume_zscore_2": 1.0868993118713649e-12,
        "volume_change_0": 4.3454513455864043e-13,
        "volume_change_1": 2.490438370625514e-13,
        "volume_change_2": 5.0309477855623114e-14,
        "volume_change_zscore_0": 2.173321756654051e-12,
        "volume_change_zscore_1": 1.0822498577567457e-12,
        "volume_change_zscore_2": 2.8564338611865636e-13
      }
    },
    {
      "anomaly_index": 134,
      "feature_importances": {
        "Close_0": 3.8362274340777006e-10,
        "Close_1": 4.0479036767865254e-10,
        "Close_2": 3.982639923406389e-10,
        "High_0": 3.852896187866231e-10,
        "High_1": 3.9805076394676755e-10,
        "High_2": 4.0618304152490925e-10,
        "Low_0": 3.790756863866585e-10,
        "Low_1": 3.9390624803568513e-10,
        "Low_2": 3.976053640479647e-10,
        "Open_0": 3.730675235305853e-10,
        "Open_1": 3.8006143852845343e-10,
        "Open_2": 4.1216764388660134e-10,
        "Volume_0": 0.6345241655780075,
        "Volume_1": 0.21114053589093337,
        "Volume_2": 0.15433529379637234,
        "daily_return_0": 9.471555530097473e-16,
        "daily_return_1": 5.919722206310921e-16,
        "daily_return_2": 0.0,
        "daily_return_zscore_0": 3.260346202347803e-12,
        "daily_return_zscore_1": 2.0832686388449394e-12,
        "daily_return_zscore_2": 1.6024688012483662e-12,
        "excess_return_0": 9.471555530097473e-16,
        "excess_return_1": 8.28761108883529e-16,
        "excess_return_2": 1.1839444412621842e-16,
        "high_low_range_0": 9.471555530097473e-16,
        "high_low_range_1": 4.735777765048737e-16,
        "high_low_range_2": 0.0,
        "log_return_0": 9.471555530097473e-16,
        "log_return_1": 5.919722206310921e-16,
        "log_return_2": 0.0,
        "log_return_zscore_0": 3.2449549246113946e-12,
        "log_return_zscore_1": 2.0822030888478035e-12,
        "log_return_zscore_2": 1.6043631123543857e-12,
        "log_volume_0": 7.032629981097374e-14,
        "log_volume_1": 8.666473310039188e-14,
        "log_volume_2": 7.766675534679928e-14,
        "relative_volume_0": 3.386081102009847e-13,
        "relative_volume_1": 1.619635995646668e-13,
        "relative_volume_2": 9.649147196286802e-14,
        "relative_volume_zscore_0": 2.0302279278763933e-12,
        "relative_volume_zscore_1": 8.21183864459451e-13,
        "relative_volume_zscore_2": 1.0151139639381966e-12,
        "volume_change_0": 8.359831699752283e-13,
        "volume_change_1": 7.293097758175054e-14,
        "volume_change_2": 1.240773774442769e-13,
        "volume_change_zscore_0": 2.0406466389595007e-12,
        "volume_change_zscore_1": 4.533323265592903e-13,
        "volume_change_zscore_2": 4.931128597856998e-13
      }
    },
    {
      "anomaly_index": 536,
      "feature_importances": {
        "Close_0": 4.685995822546619e-10,
        "Close_1": 4.62864058170191e-10,
        "Close_2": 4.783671746573508e-10,
        "High_0": 4.783680429306642e-10,
        "High_1": 4.697228384978789e-10,
        "High_2": 4.84613050500528e-10,
        "Low_0": 4.671344192755554e-10,
        "Low_1": 4.625404816486974e-10,
        "Low_2": 4.712928695982923e-10,
        "Open_0": 4.711791257942253e-10,
        "Open_1": 4.681193306374898e-10,
        "Open_2": 4.695817923218433e-10,
        "Volume_0": 0.12703836872279564,
        "Volume_1": 0.17924082430140814,
        "Volume_2": 0.6937208012916958,
        "daily_return_0": 9.647481260989551e-17,
        "daily_return_1": 2.8942443782968653e-16,
        "daily_return_2": 3.8589925043958205e-16,