feature_0,feature_1,feature_2,feature_3,feature_4,feature_5,feature_6,feature_7,feature_8,feature_9,feature_10,feature_11,feature_12,feature_13,feature_14
0.023585876764987,0.1679512680258577,0.0309859334383693,0.0140599066761339,0.132623736029803,0.0256157485135083,0.0055843714309162,-0.3551827835729725,0.0146944760942693,-0.011681395863061,-0.0950958245281643,0.0124756218161127,0.0093005478985623,-0.2514897729102915,0.0169689667274623
0.0140599066761339,0.132623736029803,0.0256157485135083,0.0055843714309162,-0.3551827835729725,0.0146944760942693,-0.011681395863061,-0.0950958245281643,0.0124756218161127,0.0093005478985623,-0.2514897729102915,0.0169689667274623,0.0036474000325765,0.0787520172135556,0.0148505396417317
0.0055843714309162,-0.3551827835729725,0.0146944760942693,-0.011681395863061,-0.0950958245281643,0.0124756218161127,0.0093005478985623,-0.2514897729102915,0.0169689667274623,0.0036474000325765,0.0787520172135556,0.0148505396417317,-0.010328791939695,0.5796349855390446,0.0330498459412366
-0.011681395863061,-0.0950958245281643,0.0124756218161127,0.0093005478985623,-0.2514897729102915,0.0169689667274623,0.0036474000325765,0.0787520172135556,0.0148505396417317,-0.010328791939695,0.5796349855390446,0.0330498459412366,-0.009663800497728,-0.3728139402740071,0.0127226761389231
0.0093005478985623,-0.2514897729102915,0.0169689667274623,0.0036474000325765,0.0787520172135556,0.0148505396417317,-0.010328791939695,0.5796349855390446,0.0330498459412366,-0.009663800497728,-0.3728139402740071,0.0127226761389231,0.0286885578315556,0.200825447956513,0.0266484912653376
0.0036474000325765,0.0787520172135556,0.0148505396417317,-0.010328791939695,0.5796349855390446,0.0330498459412366,-0.009663800497728,-0.3728139402740071,0.0127226761389231,0.0286885578315556,0.200825447956513,0.0266484912653376,0.0089166274911185,-0.0310168496940229,0.0153525663203144
-0.010328791939695,0.5796349855390446,0.0330498459412366,-0.009663800497728,-0.3728139402740071,0.0127226761389231,0.0286885578315556,0.200825447956513,0.0266484912653376,0.0089166274911185,-0.0310168496940229,0.0153525663203144,0.0084618921788874,0.2280474089454105,0.0139149653915573
