feature_0,feature_1,feature_2,feature_3,feature_4,feature_5,feature_6,feature_7,feature_8,feature_9,feature_10,feature_11,feature_12,feature_13,feature_14
0.0052691183293367,-0.2007387412984799,0.0092885233956824,-0.0069187536323623,-0.1169569854248133,0.0166583307770418,0.0102041821894791,1.2864331723027376,0.0217684954055381,0.0020899036580241,-0.174839334448455,0.0131477918311889,0.0092456251729151,0.257334898111597,0.0146081457677037
-0.0069187536323623,-0.1169569854248133,0.0166583307770418,0.0102041821894791,1.2864331723027376,0.0217684954055381,0.0020899036580241,-0.174839334448455,0.0131477918311889,0.0092456251729151,0.257334898111597,0.0146081457677037,0.0094367003959698,-0.1863385659736953,0.0085904752057514
0.0102041821894791,1.2864331723027376,0.0217684954055381,0.0020899036580241,-0.174839334448455,0.0131477918311889,0.0092456251729151,0.257334898111597,0.0146081457677037,0.0094367003959698,-0.1863385659736953,0.0085904752057514,-0.0003411688148249,0.704557305245594,0.0187824934375076
0.0020899036580241,-0.174839334448455,0.0131477918311889,0.0092456251729151,0.257334898111597,0.0146081457677037,0.0094367003959698,-0.1863385659736953,0.0085904752057514,-0.0003411688148249,0.704557305245594,0.0187824934375076,0.0023205659122076,0.082777607831141,0.0166964961293693
0.0092456251729151,0.257334898111597,0.0146081457677037,0.0094367003959698,-0.1863385659736953,0.0085904752057514,-0.0003411688148249,0.704557305245594,0.0187824934375076,0.0023205659122076,0.082777607831141,0.0166964961293693,-0.0397030085051169,0.5540174030963951,0.07511538209756
0.0094367003959698,-0.1863385659736953,0.0085904752057514,-0.0003411688148249,0.704557305245594,0.0187824934375076,0.0023205659122076,0.082777607831141,0.0166964961293693,-0.0397030085051169,0.5540174030963951,0.07511538209756,-0.0156017636099158,-0.5073264734756209,0.0218527253288465
-0.0003411688148249,0.704557305245594,0.0187824934375076,0.0023205659122076,0.082777607831141,0.0166964961293693,-0.0397030085051169,0.5540174030963951,0.07511538209756,-0.0156017636099158,-0.5073264734756209,0.0218527253288465,0.0048268296756766,-0.3335793357933579,0.0143385548471105
