feature_0,feature_1,feature_2,feature_3,feature_4,feature_5,feature_6,feature_7,feature_8,feature_9,feature_10,feature_11,feature_12,feature_13,feature_14
0.0092958992338219,0.1357115290238661,0.0190103521519018,-0.0014888502091517,-0.1541520880006041,0.0165499454317947,0.0002774859152514,-0.1493666240117449,0.0158500706846461,-0.0081123573912769,0.3553348921010129,0.0138558032590264,-0.0012231704104588,-0.0674571079485811,0.0113403217790025
-0.0014888502091517,-0.1541520880006041,0.0165499454317947,0.0002774859152514,-0.1493666240117449,0.0158500706846461,-0.0081123573912769,0.3553348921010129,0.0138558032590264,-0.0012231704104588,-0.0674571079485811,0.0113403217790025,-0.0139629338185427,0.2276485025188683,0.0223522207198717
0.0002774859152514,-0.1493666240117449,0.0158500706846461,-0.0081123573912769,0.3553348921010129,0.0138558032590264,-0.0012231704104588,-0.0674571079485811,0.0113403217790025,-0.0139629338185427,0.2276485025188683,0.0223522207198717,-0.0225359768234326,0.7200481004096051,0.0226241460464015
-0.0081123573912769,0.3553348921010129,0.0138558032590264,-0.0012231704104588,-0.0674571079485811,0.0113403217790025,-0.0139629338185427,0.2276485025188683,0.0223522207198717,-0.0225359768234326,0.7200481004096051,0.0226241460464015,0.072434799483817,0.4113195345646483,0.0233662285422798
-0.0012231704104588,-0.0674571079485811,0.0113403217790025,-0.0139629338185427,0.2276485025188683,0.0223522207198717,-0.0225359768234326,0.7200481004096051,0.0226241460464015,0.072434799483817,0.4113195345646483,0.0233662285422798,0.0320274910915205,-0.280755798833422,0.0337002953667443
-0.0139629338185427,0.2276485025188683,0.0223522207198717,-0.0225359768234326,0.7200481004096051,0.0226241460464015,0.072434799483817,0.4113195345646483,0.0233662285422798,0.0320274910915205,-0.280755798833422,0.0337002953667443,0.0079716932677942,-0.2155690813686707,0.0185288818780259
-0.0225359768234326,0.7200481004096051,0.0226241460464015,0.072434799483817,0.4113195345646483,0.0233662285422798,0.0320274910915205,-0.280755798833422,0.0337002953667443,0.0079716932677942,-0.2155690813686707,0.0185288818780259,-0.0055328247232527,-0.4157468303028806,0.0113059553532274
