index,subsequence_idx,score
2,2,2.63936
6,6,2.47019
13,13,3.07548
201,201,2.84964
212,212,2.75374
224,224,2.69505
245,245,2.51353
247,247,2.48143
379,379,2.43124
402,402,2.4774
455,455,2.40146
456,456,2.44255
510,510,2.43309
511,511,2.41118
535,535,2.66985
