index,subsequence_idx,score
5,5,2.42707
33,33,2.33802
36,36,2.37214
62,62,2.33992
135,135,2.28758
145,145,2.4461
162,162,2.54715
164,164,2.40019
211,211,2.36318
222,222,2.44794
241,241,2.37346
245,245,2.99793
247,247,2.54975
248,248,2.64391
346,346,2.39342
358,358,2.31508
381,381,3.17792
382,382,2.68486
400,400,2.62006
510,510,2.33854
535,535,2.78137
