index,subsequence_idx,score
2,2,2.67245
6,6,2.43463
13,13,3.15686
107,107,2.42574
201,201,2.81287
212,212,2.78663
224,224,2.82507
245,245,2.45213
247,247,2.48565
346,346,2.47368
379,379,2.418
402,402,2.45281
455,455,2.48466
511,511,2.47349
535,535,2.56524
