index,subsequence_idx,score
2,2,2.84345
6,6,2.5342
13,13,3.03254
201,201,2.80376
212,212,2.88408
224,224,2.68101
245,245,2.5576
247,247,2.64047
402,402,2.51918
456,456,2.626
510,510,2.44184
511,511,2.55733
535,535,2.64108
