index,subsequence_idx,score
2,2,2.67831
6,6,2.49346
13,13,3.0961
201,201,2.85412
212,212,2.76833
224,224,2.805
245,245,2.47358
247,247,2.5673
346,346,2.45406
402,402,2.44562
455,455,2.44916
456,456,2.4801
510,510,2.43996
511,511,2.44663
535,535,2.60121
