{
  "aida": 0.184,
  "iforest": 0.09763503074645996,
  "lof": 0.04018115997314453
}