feature_0,feature_1,feature_2,feature_3,feature_4,feature_5,feature_6,feature_7,feature_8
-0.0030161791887487,-0.3013421850194833,0.0143064725080829,-0.0094359071023186,0.2447841355091924,0.0144884612009061,-0.0063991402600143,0.4211749087288416,0.0126853106214185
-0.0094359071023186,0.2447841355091924,0.0144884612009061,-0.0063991402600143,0.4211749087288416,0.0126853106214185,-0.0304449278449928,0.0517281644091545,0.0457086961609204
-0.0063991402600143,0.4211749087288416,0.0126853106214185,-0.0304449278449928,0.0517281644091545,0.0457086961609204,-0.0139643842108677,0.3243033196402798,0.0236015465981201
-0.0304449278449928,0.0517281644091545,0.0457086961609204,-0.0139643842108677,0.3243033196402798,0.0236015465981201,0.0118655375135643,0.7281187122736419,0.0197465036092344
-0.0139643842108677,0.3243033196402798,0.0236015465981201,0.0118655375135643,0.7281187122736419,0.0197465036092344,-0.0003782222787874,-0.71430650560326,0.0126824331106281
0.0118655375135643,0.7281187122736419,0.0197465036092344,-0.0003782222787874,-0.71430650560326,0.0126824331106281,0.0068871080836727,-0.5775174053319749,0.0131659898530209
