feature_0,feature_1,feature_2,feature_3,feature_4,feature_5,feature_6,feature_7,feature_8
-0.0021652517616971,0.5042362908919746,0.0114055739241571,-0.0071774879858252,0.3359148869592427,0.017842137283513,0.0124412318220143,0.4075071733911108,0.0281165281448283
-0.0071774879858252,0.3359148869592427,0.017842137283513,0.0124412318220143,0.4075071733911108,0.0281165281448283,-0.0252407710252812,-0.4406515227159261,0.0354645858864921
0.0124412318220143,0.4075071733911108,0.0281165281448283,-0.0252407710252812,-0.4406515227159261,0.0354645858864921,-0.0165247271418097,0.6105098739261408,0.0354043900267842
-0.0252407710252812,-0.4406515227159261,0.0354645858864921,-0.0165247271418097,0.6105098739261408,0.0354043900267842,0.0178416547358397,1.6536196744024938,0.0238136505599113
-0.0165247271418097,0.6105098739261408,0.0354043900267842,0.0178416547358397,1.6536196744024938,0.0238136505599113,0.0028931223433072,-0.7444545968759517,0.0142416240295037
0.0178416547358397,1.6536196744024938,0.0238136505599113,0.0028931223433072,-0.7444545968759517,0.0142416240295037,0.0057696183578801,-0.7403459783423005,0.0107380447891115
