{
  "anomalies": [
    {
      "anomaly_index": 4,
      "feature_importances": {
        "Close_0": 0.01784286333638422,
        "Close_1": 0.01800664771906161,
        "Close_2": 0.01339659906546558,
        "High_0": 0.013083481863288213,
        "High_1": 0.02540103087817332,
        "High_2": 0.021142636928561102,
        "Low_0": 0.027968591936027746,
        "Low_1": 0.024688087094754084,
        "Low_2": 0.0279300544342213,
        "Open_0": 0.01713955392841659,
        "Open_1": 0.022467363553157666,
        "Open_2": 0.01589190230743292,
        "Volume_0": 0.014942916325449201,
        "Volume_1": 0.017741702394142297,
        "Volume_2": 0.010116094224191916,
        "daily_return_0": 0.019894985307577433,
        "daily_return_1": 0.019837179054867767,
        "daily_return_2": 0.02357531673009297,
        "daily_return_zscore_0": 0.0269088106363505,
        "daily_return_zscore_1": 0.021513560383448142,
        "daily_return_zscore_2": 0.00900814104725661,
        "excess_return_0": 0.03380702345970422,
        "excess_return_1": 0.016744544534900523,
        "excess_return_2": 0.028594826340382483,
        "high_low_range_0": 0.03029047641986608,
        "high_low_range_1": 0.020073221253432246,
        "high_low_range_2": 0.01973120092490004,
        "log_return_0": 0.016864974228045664,
        "log_return_1": 0.019288019654125917,
        "log_return_2": 0.025593718387205547,
        "log_return_zscore_0": 0.020405607206512837,
        "log_return_zscore_1": 0.021417216628932027,
        "log_return_zscore_2": 0.022053085408738373,
        "log_volume_0": 0.02186039789970615,
        "log_volume_1": 0.014538272556481527,
        "log_volume_2": 0.020270725950190277,
        "relative_volume_0": 0.01083385519533696,
        "relative_volume_1": 0.02229876198275447,
        "relative_volume_2": 0.026152512163399005,
        "relative_volume_zscore_0": 0.010660436437207956,
        "relative_volume_zscore_1": 0.023955874560431616,
        "relative_volume_zscore_2": 0.026099523098415147,
        "volume_change_0": 0.018512452430271206,
        "volume_change_1": 0.023676477672334887,
        "volume_change_2": 0.02636928561106026,
        "volume_change_zscore_0": 0.023912519870899367,
        "volume_change_zscore_1": 0.025001204296931454,
        "volume_change_zscore_2": 0.022496266679512496
      }
    },
    {
      "anomaly_index": 47,
      "feature_importances": {
        "Close_0": 0.020203535497732846,
        "Close_1": 0.017687167004602048,
        "Close_2": 0.013825509201682094,
        "High_0": 0.01876630195454083,
        "High_1": 0.029136643648347182,
        "High_2": 0.015480505402933505,
        "Low_0": 0.023179625157877925,
        "Low_1": 0.021040711938716747,
        "Low_2": 0.026015378882829173,
        "Open_0": 0.017953321364452424,
        "Open_1": 0.01861144850880971,
        "Open_2": 0.01942442909889812,
        "Volume_0": 0.018979225442421133,
        "Volume_1": 0.022569889715311615,
        "Volume_2": 0.015214351043083134,
        "daily_return_0": 0.0154853445731126,
        "daily_return_1": 0.019748653500897665,
        "daily_return_2": 0.027273563129394572,
        "daily_return_zscore_0": 0.028323663058258765,
        "daily_return_zscore_1": 0.027573591680498624,
        "daily_return_zscore_2": 0.009015374043658991,
        "excess_return_0": 0.037000295189380916,
        "excess_return_1": 0.015315973616844182,
        "excess_return_2": 0.025550818545635793,
        "high_low_range_0": 0.028807580076168536,
        "high_low_range_1": 0.015553092955619971,
        "high_low_range_2": 0.01795332136445242,
        "log_return_0": 0.013414179736458792,
        "log_return_1": 0.01795816053463152,
        "log_return_2": 0.02228921784492395,
        "log_return_zscore_0": 0.020063199562539016,
        "log_return_zscore_1": 0.021660125721641253,
        "log_return_zscore_2": 0.01396100596669683,
        "log_volume_0": 0.024834621359129335,
        "log_volume_1": 0.012707660890310531,
        "log_volume_2": 0.01951637333230097,
        "relative_volume_0": 0.014440083814427502,
        "relative_volume_1": 0.024128102512981076,
        "relative_volume_2": 0.016467696119469428,
        "relative_volume_zscore_0": 0.00935411595619583,
        "relative_volume_zscore_1": 0.021147173682656898,
        "relative_volume_zscore_2": 0.022056937676327264,
        "volume_change_0": 0.028773705884914853,
        "volume_change_1": 0.027646179233185096,
        "volume_change_2": 0.026760611090410214,
        "volume_change_zscore_0": 0.02317478598769883,
        "volume_change_zscore_1": 0.02671221938861924,
        "volume_change_zscore_2": 0.02724452810831999
      }
    },
    {
      "anomaly_index": 50,
      "feature_importances": {
        "Close_0": 0.01822749788939408,
        "Close_1": 0.02333363848117747,
        "Close_2": 0.01399611445078474,
        "High_0": 0.009398553599218823,
        "High_1": 0.032294813503809264,
        "High_2": 0.016483069380448162,
        "Low_0": 0.028455036465167376,
        "Low_1": 0.025418815416069083,
        "Low_2": 0.020155015104818288,
        "Open_0": 0.01738325552063308,
        "Open_1": 0.017800290907611403,
        "Open_2": 0.010263139157588518,
        "Volume_0": 0.01178379258083875,
        "Volume_1": 0.017408684507643955,
        "Volume_2": 0.011331156612045203,
        "daily_return_0": 0.018842879375057214,
        "daily_return_1": 0.015282821193534933,
        "daily_return_2": 0.019122598232176824,
        "daily_return_zscore_0": 0.03297631035570067,
        "daily_return_zscore_1": 0.028058344267797755,
        "daily_return_zscore_2": 0.015847344705176323,
        "excess_return_0": 0.03756369961246224,
        "excess_return_1": 0.017128965650524346,
        "excess_return_2": 0.029131447519656607,
        "high_low_range_0": 0.030235065555928517,
        "high_low_range_1": 0.015781229338948054,
        "high_low_range_2": 0.02235716537995992,
        "log_return_0": 0.015847344705176326,
        "log_return_1": 0.01250089001454538,
        "log_return_2": 0.02427959679798196,
        "log_return_zscore_0": 0.01894459532310071,
        "log_return_zscore_1": 0.018730991832209373,
        "log_return_zscore_2": 0.01705267868949173,
        "log_volume_0": 0.026563119831558395,
        "log_volume_1": 0.014992930741610977,
        "log_volume_2": 0.02190961520856855,
        "relative_volume_0": 0.012938268591132403,
        "relative_volume_1": 0.02335906746818834,
        "relative_volume_2": 0.023181064559112226,
        "relative_volume_zscore_0": 0.01324850223266506,
        "relative_volume_zscore_1": 0.029945175104004556,
        "relative_volume_zscore_2": 0.021436636050166304,
        "volume_change_0": 0.025601904122547377,
        "volume_change_1": 0.029553568704037105,
        "volume_change_2": 0.028022743685982524,
        "volume_change_zscore_0": 0.01737308392582873,
        "volume_change_zscore_1": 0.02862286777943914,
        "volume_change_zscore_2": 0.019834609868481283
      }
    },
    {
      "anomaly_index": 84,
      "feature_importances": {
        "Close_0": 0.014842011682747605,
        "Close_1": 0.02658000873945866,
        "Close_2": 0.007172383310647574,
        "High_0": 0.01916653691416747,
        "High_1": 0.024832117008292444,
        "High_2": 0.019759212845999685,
        "Low_0": 0.030030588105295415,
        "Low_1": 0.028975825853729594,
        "Low_2": 0.027318342315554734,
        "Open_0": 0.01068825748253364,
        "Open_1": 0.018458339402401845,
        "Open_2": 0.0035158741718860653,
        "Volume_0": 0.016363882931435432,
        "Volume_1": 0.01784557276101599,
        "Volume_2": 0.00910611410518491,
        "daily_return_0": 0.018885266980416582,
        "daily_return_1": 0.016454291124426788,
        "daily_return_2": 0.01780036866452031,
        "daily_return_zscore_0": 0.028830168209465736,
        "daily_return_zscore_1": 0.02651471393340935,