feature_0,feature_1,feature_2,feature_3,feature_4,feature_5,feature_6,feature_7,feature_8
0.005943386105534,0.013797983371661,0.0118085933009675,-0.0194003477345944,0.0272203803873669,0.0298682328795237,0.010701441292382,0.0302361134703583,0.0166591483411202
-0.0165495704916494,0.5851607584501237,0.0229125051734371,-0.0123946928037557,-0.0130018722696068,0.0286585793343489,0.0125502492882947,0.1726209294973126,0.0373634415075901
0.0137520412936382,-0.3508582726700817,0.0190107275516969,0.0154394956824888,0.5184826249480825,0.0314606741573033,0.004921676018301,-0.0237053245805981,0.0235740607327006
