feature_0,feature_1,feature_2,feature_3,feature_4,feature_5,feature_6,feature_7,feature_8
-0.0071884693887902,-0.0642097264437689,0.0126140467705113,-0.0089740918945162,-0.1022127486804709,0.0169473616993765,-0.0037045127436119,-0.2867156585641606,0.0150947804964521
-0.0197272616193241,0.6108733555238548,0.0300380078627473,-0.0248656731057073,0.0240086588605725,0.0296320790005484,-0.0125337297299656,0.6917459402325359,0.0292003419517899
0.1447642291202606,21.682097012382144,0.0703281196847156,-0.0748422802050815,-0.8257829774553577,0.0678392335078035,-0.0007232497968546,-0.6820128787443225,0.0312302972487567
