feature_0,feature_1,feature_2,feature_3,feature_4,feature_5,feature_6,feature_7,feature_8
0.0019529931687278,0.1649975574010747,0.0115200855761248,-0.0022276249739219,0.831821993919698,0.0143661499023437,0.0019535381713813,-0.1001645325130553,0.0134567810926184
-0.0228412932706942,-0.2776258466626387,0.0341464130131863,-0.0019953642931261,-0.2800607487949288,0.0120550564611325,0.0025706659678781,0.1868293130331102,0.0255014140612139
0.0108263245627042,0.1279495105615662,0.0139165490260659,0.0053551558164315,-0.1481033183364926,0.0179743532618709,0.0058871374248943,-0.0865369149107286,0.014988653001938
