feature_0,feature_1,feature_2,feature_3,feature_4,feature_5,feature_6,feature_7,feature_8
-0.0033381271823048,-0.0405352531496987,0.0089464642791226,-0.0185988566541932,-0.2428839409509827,0.0272595158626348,-0.0071885555353248,-0.1531832381773133,0.014996754857226
-0.0134574479656807,0.2872408090573719,0.022407462709794,-0.00429969771585,0.1600948710346872,0.0170406793728924,-0.0093067676750359,-0.0460005111167901,0.0193758092283233
0.0063128361562718,-0.0816144298598089,0.0171010164210728,-0.007841333812022,0.193388429752066,0.0193440948693296,0.0086561454166462,-0.1636793221443702,0.0138207218521387
