feature_0,feature_1,feature_2,feature_3,feature_4,feature_5,feature_6,feature_7,feature_8
-0.0018894211532246,-0.2761319769735623,0.0271880648237392,-0.0021093191111276,0.1051539624323234,0.0345090282760685,0.0024931609651721,-0.4705284525155647,0.021616842660795
-0.0177326272882714,0.367962783804368,0.0478646116358969,-0.011998433937651,-0.0345260845358652,0.0333892680022772,0.0077432394508856,-0.0365088642119618,0.0512526660547557
0.0725263518202645,0.6840262051116144,0.0415952501456684,0.0192248536602115,0.0115506716679554,0.0363655553059153,0.0363082985346405,0.1975970714753725,0.049314082051807
