feature_0,feature_1,feature_2,feature_3,feature_4,feature_5,feature_6,feature_7,feature_8
-0.0169990577503232,-0.1764222873900293,0.021798696718972,-0.027174692996704,-0.102122204814129,0.029714914307428,-0.0037423223137588,0.8921319796954315,0.0235880838713022
-0.006439478893932,-0.3107813547954393,0.0355310051619525,-0.0282203359356438,0.0912297773993431,0.0426940781623232,-0.0020842898404532,0.100211793557017,0.0498496415790978
0.0201895029202852,-0.0157041540020262,0.0247613901349787,-0.0068242233561728,-0.1713844570252187,0.0273624086073341,0.0098943736346912,-0.2283229813664596,0.0223735496225007
