{
  "aida": 0.02,
  "iforest": 0.0628359317779541,
  "lof": 0.03899812698364258
}