{
  "aida": 0.023,
  "iforest": 0.09123730659484863,
  "lof": 0.01470804214477539
}