{
  "aida": 0.029,
  "iforest": 0.08906006813049316,
  "lof": 0.0807950496673584
}