{
  "aida": 0.021,
  "iforest": 0.06162405014038086,
  "lof": 0.0319209098815918
}