{
  "aida": 0.03,
  "iforest": 0.09131884574890137,
  "lof": 0.05543088912963867
}