{
  "aida": 0.02,
  "iforest": 0.05625796318054199,
  "lof": 0.03413701057434082
}