open_std_0,high_std_0,low_std_0,close_std_0,daily_return_std_0,log_return_std_0,volume_change_std_0,relative_volume_std_0,log_volume_0,high_low_range_std_0,excess_return_std_0,open_std_1,high_std_1,low_std_1,close_std_1,daily_return_std_1,log_return_std_1,volume_change_std_1,relative_volume_std_1,log_volume_1,high_low_range_std_1,excess_return_std_1,open_std_2,high_std_2,low_std_2,close_std_2,daily_return_std_2,log_return_std_2,volume_change_std_2,relative_volume_std_2,log_volume_2,high_low_range_std_2,excess_return_std_2
1.1366916998178151,0.9538773508697348,0.5013219252791566,0.0502916114574689,-1.52508961460875,-1.5399592942559748,-0.0917849122179692,0.0,15.696196388872233,1.6352671625312698,0.0,-0.4207914038860425,-0.0717769353425728,-0.1343474428592109,0.1052467469493629,0.0522531571174144,0.0580375037590549,-0.7842177099111889,0.0,15.395128440039736,0.2302856042500214,0.0,0.2910635837173579,0.8211455695658209,0.5727121036050051,1.325746054893376,0.9209045438719696,0.9231021957139356,0.0518014448816744,0.0,15.46628252579308,0.1675993077815277,0.0
-0.4207914038860425,-0.0717769353425728,-0.1343474428592109,0.1052467469493629,0.0522531571174144,0.0580375037590549,-0.7842177099111889,0.0,15.395128440039736,0.2302856042500214,0.0,0.2910635837173579,0.8211455695658209,0.5727121036050051,1.325746054893376,0.9209045438719696,0.9231021957139356,0.0518014448816744,0.0,15.46628252579308,0.1675993077815277,0.0,1.5091640144629384,1.7590587511252105,1.769724903655373,1.0952792909228335,-0.3957084982217786,-0.3915240059599332,0.0724699619789029,0.0,15.520531522060695,-0.6000618360649083,0.0
0.2910635837173579,0.8211455695658209,0.5727121036050051,1.325746054893376,0.9209045438719696,0.9231021957139356,0.0518014448816744,0.0,15.46628252579308,0.1675993077815277,0.0,1.5091640144629384,1.7590587511252105,1.769724903655373,1.0952792909228335,-0.3957084982217786,-0.3915240059599332,0.0724699619789029,0.0,15.520531522060695,-0.6000618360649083,0.0,0.180475413411653,2.3217362272008897,-1.5683078808592044,0.8169824349081479,-0.4133319198090308,-0.4094568026871431,-0.218700574632024,0.0,15.478470469377775,2.7142179629074636,0.0
1.5091640144629384,1.7590587511252105,1.769724903655373,1.0952792909228335,-0.3957084982217786,-0.3915240059599332,0.0724699619789029,0.0,15.520531522060695,-0.6000618360649083,0.0,0.180475413411653,2.3217362272008897,-1.5683078808592044,0.8169824349081479,-0.4133319198090308,-0.4094568026871431,-0.218700574632024,0.0,15.478470469377775,2.7142179629074636,0.0,-0.1730105695424045,0.1478140661887215,0.53381517371696,1.1412524034743794,0.3258025092871301,0.3288029042553704,-0.2226421255000816,0.0,15.369351401730311,-0.2258751645502523,0.0
0.180475413411653,2.3217362272008897,-1.5683078808592044,0.8169824349081479,-0.4133319198090308,-0.4094568026871431,-0.218700574632024,0.0,15.478470469377775,2.7142179629074636,0.0,-0.1730105695424045,0.1478140661887215,0.53381517371696,1.1412524034743794,0.3258025092871301,0.3288029042553704,-0.2226421255000816,0.0,15.369351401730311,-0.2258751645502523,0.0,1.673119781939796,0.8651501504172254,1.3941637234826831,0.8547630405976845,-0.2415526329633753,-0.2379053290762005,1.802710676753253,0.0,15.767601708071544,-0.3857889001588483,0.0
-0.1730105695424045,0.1478140661887215,0.53381517371696,1.1412524034743794,0.3258025092871301,0.3288029042553704,-0.2226421255000816,0.0,15.369351401730311,-0.2258751645502523,0.0,1.673119781939796,0.8651501504172254,1.3941637234826831,0.8547630405976845,-0.2415526329633753,-0.2379053290762005,1.802710676753253,0.0,15.767601708071544,-0.3857889001588483,0.0,1.8029722561328176,2.086510876973526,1.9513322767352173,2.345119110404855,2.129732674881173,2.117571850671888,1.712206532146866,0.0,16.24759651942208,0.1762549118639578,0.0
1.673119781939796,0.8651501504172254,1.3941637234826831,0.8547630405976845,-0.2415526329633753,-0.2379053290762005,1.802710676753253,0.0,15.767601708071544,-0.3857889001588483,0.0,1.8029722561328176,2.086510876973526,1.9513322767352173,2.345119110404855,2.129732674881173,2.117571850671888,1.712206532146866,0.0,16.24759651942208,0.1762549118639578,0.0,1.796995958690513,1.0882581193968102,1.5988908395439243,1.2789960038773986,-0.986300597867964,-0.9914249941109234,-1.6893544327487005,-0.4527381217137851,15.552004115557509,-0.6980884481798131,0.0
1.8029722561328176,2.086510876973526,1.9513322767352173,2.345119110404855,2.129732674881173,2.117571850671888,1.712206532146866,0.0,16.24759651942208,0.1762549118639578,0.0,1.796995958690513,1.0882581193968102,1.5988908395439243,1.2789960038773986,-0.986300597867964,-0.9914249941109234,-1.6893544327487005,-0.4527381217137851,15.552004115557509,-0.6980884481798131,0.0,1.134799126145612,0.9779857619891752,1.3791120927529537,1.2593945645160591,0.1216453053271893,0.1278492546048729,1.928246176787192,1.4815270641264924,16.23979996611694,-0.7531184154384934,-0.9013684774290356
1.796995958690513,1.0882581193968102,1.5988908395439243,1.2789960038773986,-0.986300597867964,-0.9914249941109234,-1.6893544327487005,-0.4527381217137851,15.552004115557509,-0.6980884481798131,0.0,1.134799126145612,0.9779857619891752,1.3791120927529537,1.2593945645160591,0.1216453053271893,0.1278492546048729,1.928246176787192,1.4815270641264924,16.23979996611694,-0.7531184154384934,-0.9013684774290356,1.0611121404479844,1.1984466773025857,0.9990318878900704,1.210794289053074,-0.1928359693931545,-0.1891437434789696,-1.178934479346025,-0.6166037308077983,15.572109234729796,0.0111714028616474,-0.6322658420772419
1.134799126145612,0.9779857619891752,1.3791120927529537,1.2593945645160591,0.1216453053271893,0.1278492546048729,1.928246176787192,1.4815270641264924,16.23979996611694,-0.7531184154384934,-0.9013684774290356,1.0611121404479844,1.1984466773025857,0.9990318878900704,1.210794289053074,-0.1928359693931545,-0.1891437434789696,-1.178934479346025,-0.6166037308077983,15.572109234729796,0.0111714028616474,-0.6322658420772419,1.7435954798054836,1.4116452571320053,0.9425559909761926,0.709606949727913,-0.8501266256860931,-0.8543635989567993,0.2297559707363755,-0.2344052348971868,15.78820186877928,0.2708533043828885,-1.333694134555701
1.0611121404479844,1.1984466773025857,0.9990318878900704,1.210794289053074,-0.1928359693931545,-0.1891437434789696,-1.178934479346025,-0.6166037308077983,15.572109234729796,0.0111714028616474,-0.6322658420772419,1.7435954798054836,1.4116452571320053,0.9425559909761926,0.709606949727913,-0.8501266256860931,-0.8543635989567993,0.2297559707363755,-0.2344052348971868,15.78820186877928,0.2708533043828885,-1.333694134555701,0.3574390989980001,0.2781510578212843,0.6144833430805343,0.7244247986957177,-0.012402558926527,-0.0077289761495281,-0.7585684176101021,-0.9515399214599204,15.472519034014448,-0.4868501404667857,1.013909447394528
1.7435954798054836,1.4116452571320053,0.9425559909761926,0.709606949727913,-0.8501266256860931,-0.8543635989567993,0.2297559707363755,-0.2344052348971868,15.78820186877928,0.2708533043828885,-1.333694134555701,0.3574390989980001,0.2781510578212843,0.6144833430805343,0.7244247986957177,-0.012402558926527,-0.0077289761495281,-0.7585684176101021,-0.9515399214599204,15.472519034014448,-0.4868501404667857,1.013909447394528,0.2598210358405621,-0.0581387026755246,0.5890725104275337,0.3606199300198157,-0.498077098882201,-0.4988660791500076,-0.8061255456966872,-1.3483574602909227,15.0399919168317,-0.7390366414782968,0.2247389448328209
0.3574390989980001,0.2781510578212843,0.6144833430805343,0.7244247986957177,-0.012402558926527,-0.0077289761495281,-0.7585684176101021,-0.9515399214599204,15.472519034014448,-0.4868501404667857,1.013909447394528,0.2598210358405621,-0.0581387026755246,0.5890725104275337,0.3606199300198157,-0.498077098882201,-0.4988660791500076,-0.8061255456966872,-1.3483574602909227,15.0399919168317,-0.7390366414782968,0.2247389448328209,-0.1016961489596676,0.5385934923632022,0.464011936544722,0.8845287961420291,0.4492606196658025,0.4562315082149259,0.2109184865750916,-0.9733602010345916,15.21239885466056,0.26863111305442,-0.3171530395645131
0.2598210358405621,-0.0581387026755246,0.5890725104275337,0.3606199300198157,-0.498077098882201,-0.4988660791500076,-0.8061255456966872,-1.3483574602909227,15.0399919168317,-0.7390366414782968,0.2247389448328209,-0.1016961489596676,0.5385934923632022,0.464011936544722,0.8845287961420291,0.4492606196658025,0.4562315082149259,0.2109184865750916,-0.9733602010345916,15.21239885466056,0.26863111305442,-0.3171530395645131,0.5452699719379355,0.2759821437508141,1.4286483193323505,0.2600574126457777,-0.6495286453167922,-0.6520834637695082,0.231504893557735,-0.613274664159871,15.420659485839604,-1.2061205054847877,0.465400889685491
-0.1016961489596676,0.5385934923632022,0.464011936544722,0.8845287961420291,0.4492606196658025,0.4562315082149259,0.2109184865750916,-0.9733602010345916,15.21239885466056,0.26863111305442,-0.3171530395645131,0.5452699719379355,0.2759821437508141,1.4286483193323505,0.2600574126457777,-0.6495286453167922,-0.6520834637695082,0.231504893557735,-0.613274664159871,15.420659485839604,-1.2061205054847877,0.465400889685491,1.4631243419346731,0.783480178939459,1.4896348348840056,-0.5186175343007976,-0.361784416503242,-0.3604264450466664,-0.0382152665903476,-0.3728807574179404,15.47152685705692,-0.1847704313701257,0.4040254174761698
0.5452699719379355,0.2759821437508141,1.4286483193323505,0.2600574126457777,-0.6495286453167922,-0.6520834637695082,0.231504893557735,-0.613274664159871,15.420659485839604,-1.2061205054847877,0.465400889685491,1.4631243419346731,0.783480178939459,1.4896348348840056,-0.5186175343007976,-0.361784416503242,-0.3604264450466664,-0.0382152665903476,-0.3728807574179404,15.47152685705692,-0.1847704313701257,0.4040254174761698,-0.3253384446540081,-0.9610387940267668,-1.6925768196963602,-2.1534138747224834,-1.2623650333454102,-1.264884761132469,-0.2978666552097894,-0.2729266257531054,15.321741412163592,0.2781047283510929,-0.9125859194062323
1.4631243419346731,0.783480178939459,1.4896348348840056,-0.5186175343007976,-0.361784416503242,-0.3604264450466664,-0.0382152665903476,-0.3728807574179404,15.47152685705692,-0.1847704313701257,0.4040254174761698,-0.3253384446540081,-0.9610387940267668,-1.6925768196963602,-2.1534138747224834,-1.2623650333454102,-1.264884761132469,-0.2978666552097894,-0.2729266257531054,15.321741412163592,0.2781047283510929,-0.9125859194062323,-1.1496595865460348,-0.9990298098850208,-1.2998750937670267,-0.5254576224928926,1.2258215220351951,1.223711418239935,0.1003130140099594,0.0137990587163442,15.41423144771212,0.044945155557305,-0.116303159332107
-0.3253384446540081,-0.9610387940267668,-1.6925768196963602,-2.1534138747224834,-1.2623650333454102,-1.264884761132469,-0.2978666552097894,-0.2729266257531054,15.321741412163592,0.2781047283510929,-0.9125859194062323,-1.1496595865460348,-0.9990298098850208,-1.2998750937670267,-0.5254576224928926,1.2258215220351951,1.223711418239935,0.1003130140099594,0.0137990587163442,15.41423144771212,0.044945155557305,-0.116303159332107,-0.3157447446814757,0.0909682002165438,-0.3840952878085094,0.023291554143796,0.4121105827958989,0.4141878065085687,0.0876085392948428,1.056095448322638,15.390233001374918,0.4546668622464294,0.4173342846508527
-1.1496595865460348,-0.9990298098850208,-1.2998750937670267,-0.5254576224928926,1.2258215220351951,1.223711418239935,0.1003130140099594,0.0137990587163442,15.41423144771212,0.044945155557305,-0.116303159332107,-0.3157447446814757,0.0909682002165438,-0.3840952878085094,0.023291554143796,0.4121105827958989,0.4141878065085687,0.0876085392948428,1.056095448322638,15.390233001374918,0.4546668622464294,0.4173342846508527,-0.7434834946586648,-1.314374090283806,-0.6591932601107596,-0.3199712956402842,-0.246327671596956,-0.2440991721298991,-0.3935700898711698,0.6443709844733468,15.298773041922887,-0.987300743599692,-0.3506141348159166
-0.3157447446814757,0.0909682002165438,-0.3840952878085094,0.023291554143796,0.4121105827958989,0.4141878065085687,0.0876085392948428,1.056095448322638,15.390233001374918,0.4546668622464294,0.4173342846508527,-0.7434834946586648,-1.314374090283806,-0.6591932601107596,-0.3199712956402842,-0.246327671596956,-0.2440991721298991,-0.3935700898711698,0.6443709844733468,15.298773041922887,-0.987300743599692,-0.3506141348159166,-1.3569307497640986,-1.6176602491953516,-1.3194906099469772,-2.1627970391152744,-1.7627355665091566,-1.769007543059142,-0.4240322489822435,0.4987508582434074,15.167705330559102,-0.5053234338925364,-0.056960041116854
-0.7434834946586648,-1.314374090283806,-0.6591932601107596,-0.3199712956402842,-0.246327671596956,-0.2440991721298991,-0.3935700898711698,0.6443709844733468,15.298773041922887,-0.987300743599692,-0.3506141348159166,-1.3569307497640986,-1.6176602491953516,-1.3194906099469772,-2.1627970391152744,-1.7627355665091566,-1.769007543059142,-0.4240322489822435,0.4987508582434074,15.167705330559102,-0.5053234338925364,-0.056960041116854,-1.742272426919968,-2.3139529912038923,-2.3296134745208636,-2.183227103957128,-1.0252514630839689,-1.0262674996910286,0.92611735971797,1.3225875990106146,15.324067019846243,-0.0214418497571879,-0.9761749385940484
-1.3569307497640986,-1.6176602491953516,-1.3194906099469772,-2.1627970391152744,-1.7627355665091566,-1.769007543059142,-0.4240322489822435,0.4987508582434074,15.167705330559102,-0.5053234338925364,-0.056960041116854,-1.742272426919968,-2.3139529912038923,-2.3296134745208636,-2.183227103957128,-1.0252514630839689,-1.0262674996910286,0.92611735971797,1.3225875990106146,15.324067019846243,-0.0214418497571879,-0.9761749385940484,-2.123771536603283,-2.0765013457092376,-2.001520874614396,-2.1204055482063655,-1.193730959487119,-1.1969023323061447,2.292922843737405,2.508591319439725,15.800105699777244,-0.7722307666549131,1.200683975496148
-1.742272426919968,-2.3139529912038923,-2.3296134745208636,-2.183227103957128,-1.0252514630839689,-1.0262674996910286,0.92611735971797,1.3225875990106146,15.324067019846243,-0.0214418497571879,-0.9761749385940484,-2.123771536603283,-2.0765013457092376,-2.001520874614396,-2.1204055482063655,-1.193730959487119,-1.1969023323061447,2.292922843737405,2.508591319439725,15.800105699777244,-0.7722307666549131,1.200683975496148,-1.5422096761998834,-1.6704663690382475,-1.6050233144740675,-1.7025585669221834,0.3041172489525579,0.30711901460384,-1.5455416674748337,0.0017524371047504,15.346295013935007,-0.7873297644407351,-0.0876622409438385
-2.123771536603283,-2.0765013457092376,-2.001520874614396,-2.1204055482063655,-1.193730959487119,-1.1969023323061447,2.292922843737405,2.508591319439725,15.800105699777244,-0.7722307666549131,1.200683975496148,-1.5422096761998834,-1.6704663690382475,-1.6050233144740675,-1.7025585669221834,0.3041172489525579,0.30711901460384,-1.5455416674748337,0.0017524371047504,15.346295013935007,-0.7873297644407351,-0.0876622409438385,-1.0192434130305736,-1.2581320193978858,-1.3998570940287054,-1.1351237070825635,1.185565835729237,1.1838675729053376,0.608057861479968,0.6633544595227028,15.5263854791595,0.2481795243461424,0.1607761240045306
-1.5422096761998834,-1.6704663690382475,-1.6050233144740675,-1.7025585669221834,0.3041172489525579,0.30711901460384,-1.5455416674748337,0.0017524371047504,15.346295013935007,-0.7873297644407351,-0.0876622409438385,-1.0192434130305736,-1.2581320193978858,-1.3998570940287054,-1.1351237070825635,1.185565835729237,1.1838675729053376,0.608057861479968,0.6633544595227028,15.5263854791595,0.2481795243461424,0.1607761240045306,-1.5011759904606634,-1.3848876001192882,-1.4474744800603498,-1.241905403840241,-0.3758581152207817,-0.3733496339428384,-0.7939664762330855,-0.4042489709564104,15.300382708976484,-0.2684234056367486,0.9171606695552118
-1.0192434130305736,-1.2581320193978858,-1.3998570940287054,-1.1351237070825635,1.185565835729237,1.1838675729053376,0.608057861479968,0.6633544595227028,15.5263854791595,0.2481795243461424,0.1607761240045306,-1.5011759904606634,-1.3848876001192882,-1.4474744800603498,-1.241905403840241,-0.3758581152207817,-0.3733496339428384,-0.7939664762330855,-0.4042489709564104,15.300382708976484,-0.2684234056367486,0.9171606695552118,-0.7534633188761457,-0.8971313906605478,-0.7789107890205722,-0.8542355072915695,0.8735342128780114,0.8736324336436434,-0.2233887818823457,-0.6107590366932243,15.263676057793155,-1.140279654333862,0.2300116530415461
-1.5011759904606634,-1.3848876001192882,-1.4474744800603498,-1.241905403840241,-0.3758581152207817,-0.3733496339428384,-0.7939664762330855,-0.4042489709564104,15.300382708976484,-0.2684234056367486,0.9171606695552118,-0.7534633188761457,-0.8971313906605478,-0.7789107890205722,-0.8542355072915695,0.8735342128780114,0.8736324336436434,-0.2233887818823457,-0.6107590366932243,15.263676057793155,-1.140279654333862,0.2300116530415461,-0.7791002025811232,-0.6597205683495964,-0.5872211654571081,-0.7855258311725707,0.3106063871414334,0.3131365276936618,0.8117677482918478,0.4279646568104928,15.499202331909729,-0.7089792358154134,0.2610012608328529
-0.7534633188761457,-0.8971313906605478,-0.7789107890205722,-0.8542355072915695,0.8735342128780114,0.8736324336436434,-0.2233887818823457,-0.6107590366932243,15.263676057793155,-1.140279654333862,0.2300116530415461,-0.7791002025811232,-0.6597205683495964,-0.5872211654571081,-0.7855258311725707,0.3106063871414334,0.3131365276936618,0.8117677482918478,0.4279646568104928,15.499202331909729,-0.7089792358154134,0.2610012608328529,-0.7918811340122232,-0.9331494247376112,-1.230747497116602,-1.0536848481903105,-0.355273899181307,-0.3529105503790618,-0.5052675209884159,-0.2075203700034109,15.38260469355454,2.1891519637015144,-0.5241846874642393
-0.7791002025811232,-0.6597205683495964,-0.5872211654571081,-0.7855258311725707,0.3106063871414334,0.3131365276936618,0.8117677482918478,0.4279646568104928,15.499202331909729,-0.7089792358154134,0.2610012608328529,-0.7918811340122232,-0.9331494247376112,-1.230747497116602,-1.0536848481903105,-0.355273899181307,-0.3529105503790618,-0.5052675209884159,-0.2075203700034109,15.38260469355454,2.1891519637015144,-0.5241846874642393,-1.1985279973924383,-1.0364765049274234,-0.933295555697929,-0.7957372989794839,1.0992676207414842,1.098374324328213,0.3559208588101837,0.3568641933193784,15.52737887747775,-0.3309679987613947,-1.030044338607707
-0.7918811340122232,-0.9331494247376112,-1.230747497116602,-1.0536848481903105,-0.355273899181307,-0.3529105503790618,-0.5052675209884159,-0.2075203700034109,15.38260469355454,2.1891519637015144,-0.5241846874642393,-1.1985279973924383,-1.0364765049274234,-0.933295555697929,-0.7957372989794839,1.0992676207414842,1.098374324328213,0.3559208588101837,0.3568641933193784,15.52737887747775,-0.3309679987613947,-1.030044338607707,-0.0620201500134767,1.3362799865964032,0.5800642938575141,1.7641056082613398,2.248288463272682,2.2382660071481295,0.056491327819341,0.4967480678476285,15.616461159035758,1.8135293320785049,1.194263401825849
-1.1985279973924383,-1.0364765049274234,-0.933295555697929,-0.7957372989794839,1.0992676207414842,1.098374324328213,0.3559208588101837,0.3568641933193784,15.52737887747775,-0.3309679987613947,-1.030044338607707,-0.0620201500134767,1.3362799865964032,0.5800642938575141,1.7641056082613398,2.248288463272682,2.2382660071481295,0.056491327819341,0.4967480678476285,15.616461159035758,1.8135293320785049,1.194263401825849,2.1930195660518312,2.355767273762852,2.2353950563184037,2.3186477697154304,1.1513830968477423,1.1522877672490186,-0.3950843140984501,-0.0143358725771603,15.562551736681836,0.9960440132584514,2.076495387955453
-0.0620201500134767,1.3362799865964032,0.5800642938575141,1.7641056082613398,2.248288463272682,2.2382660071481295,0.056491327819341,0.4967480678476285,15.616461159035758,1.8135293320785049,1.194263401825849,2.1930195660518312,2.355767273762852,2.2353950563184037,2.3186477697154304,1.1513830968477423,1.1522877672490186,-0.3950843140984501,-0.0143358725771603,15.562551736681836,0.9960440132584514,2.076495387955453,2.206452854896896,1.7012004529122509,1.5201479532531057,0.7568117650970199,-1.5827935849827548,-1.5945050286587308,-1.005467128160899,-1.3167510836649,15.294110817824762,1.3773200271721189,-0.3959433829201476
2.1930195660518312,2.355767273762852,2.2353950563184037,2.3186477697154304,1.1513830968477423,1.1522877672490186,-0.3950843140984501,-0.0143358725771603,15.562551736681836,0.9960440132584514,2.076495387955453,2.206452854896896,1.7012004529122509,1.5201479532531057,0.7568117650970199,-1.5827935849827548,-1.5945050286587308,-1.005467128160899,-1.3167510836649,15.294110817824762,1.3773200271721189,-0.3959433829201476,0.3268238408037838,0.0765245570654254,0.6272793458380722,0.2969006295666969,-0.5016842605162418,-0.499204861037953,-0.2778359835126497,-1.3546478581294663,15.249380298081729,-1.4726804960104665,-1.2834559553796356
2.206452854896896,1.7012004529122509,1.5201479532531057,0.7568117650970199,-1.5827935849827548,-1.5945050286587308,-1.005467128160899,-1.3167510836649,15.294110817824762,1.3773200271721189,-0.3959433829201476,0.3268238408037838,0.0765245570654254,0.6272793458380722,0.2969006295666969,-0.5016842605162418,-0.499204861037953,-0.2778359835126497,-1.3546478581294663,15.249380298081729,-1.4726804960104665,-1.2834559553796356,0.1211687712693816,0.5035083227439049,-0.0302903418885768,-0.5003219979740496,-0.8345588524127565,-0.8364038793081409,1.1957338592789557,0.2367202687780304,15.438200473441226,1.4482896554290967,1.1736603422108052
0.3268238408037838,0.0765245570654254,0.6272793458380722,0.2969006295666969,-0.5016842605162418,-0.499204861037953,-0.2778359835126497,-1.3546478581294663,15.249380298081729,-1.4726804960104665,-1.2834559553796356,0.1211687712693816,0.5035083227439049,-0.0302903418885768,-0.5003219979740496,-0.8345588524127565,-0.8364038793081409,1.1957338592789557,0.2367202687780304,15.438200473441226,1.4482896554290967,1.1736603422108052,-0.8140207754438346,-1.2499444274736913,-1.5113637329994931,-1.584825079369128,-1.304413787692597,-1.31306779483353,1.430233702527339,1.756515199544025,15.708456995705792,0.3973701514845186,-0.7273777936306669
0.1211687712693816,0.5035083227439049,-0.0302903418885768,-0.5003219979740496,-0.8345588524127565,-0.8364038793081409,1.1957338592789557,0.2367202687780304,15.438200473441226,1.4482896554290967,1.1736603422108052,-0.8140207754438346,-1.2499444274736913,-1.5113637329994931,-1.584825079369128,-1.304413787692597,-1.31306779483353,1.430233702527339,1.756515199544025,15.708456995705792,0.3973701514845186,-0.7273777936306669,-1.7808834042187798,-1.3802316690871148,-1.820260474010752,-1.6055913692060046,-0.4129023563188082,-0.4101856109657402,-0.2037172494612083,1.254645879150368,15.734020292354243,1.631448559936728,-1.0549536250478473
-0.8140207754438346,-1.2499444274736913,-1.5113637329994931,-1.584825079369128,-1.304413787692597,-1.31306779483353,1.430233702527339,1.756515199544025,15.708456995705792,0.3973701514845186,-0.7273777936306669,-1.7808834042187798,-1.3802316690871148,-1.820260474010752,-1.6055913692060046,-0.4129023563188082,-0.4101856109657402,-0.2037172494612083,1.254645879150368,15.734020292354243,1.631448559936728,-1.0549536250478473,-0.6829292151613017,-0.7001902230339667,-0.6870720568620947,-0.4291274641522363,1.410555406564742,1.4071668849642327,0.7241458157613702,1.6764636256297718,15.89315060292288,0.0862866799296467,0.3617890452306965
-1.7808834042187798,-1.3802316690871148,-1.820260474010752,-1.6055913692060046,-0.4129023563188082,-0.4101856109657402,-0.2037172494612083,1.254645879150368,15.734020292354243,1.631448559936728,-1.0549536250478473,-0.6829292151613017,-0.7001902230339667,-0.6870720568620947,-0.4291274641522363,1.410555406564742,1.4071668849642327,0.7241458157613702,1.6764636256297718,15.89315060292288,0.0862866799296467,0.3617890452306965,-1.391692851718516,-1.322387072419015,-1.1808256305471077,-0.9492551293966832,-0.6697964196535716,-0.6687293209339406,-0.1270624723482767,1.2472230434994738,15.940427370859922,-0.3909732245298246,-0.6315105177226271
-0.6829292151613017,-0.7001902230339667,-0.6870720568620947,-0.4291274641522363,1.410555406564742,1.4071668849642327,0.7241458157613702,1.6764636256297718,15.89315060292288,0.0862866799296467,0.3617890452306965,-1.391692851718516,-1.322387072419015,-1.1808256305471077,-0.9492551293966832,-0.6697964196535716,-0.6687293209339406,-0.1270624723482767,1.2472230434994738,15.940427370859922,-0.3909732245298246,-0.6315105177226271,-1.0612663823371944,-1.042224425456771,-1.7645300204172811,-0.6174452626632712,0.3892801232230738,0.3958415855391657,2.178411320248491,2.3016974676955484,16.431050728515757,2.4714146552598715,-1.6210334056013598
-1.391692851718516,-1.322387072419015,-1.1808256305471077,-0.9492551293966832,-0.6697964196535716,-0.6687293209339406,-0.1270624723482767,1.2472230434994738,15.940427370859922,-0.3909732245298246,-0.6315105177226271,-1.0612663823371944,-1.042224425456771,-1.7645300204172811,-0.6174452626632712,0.3892801232230738,0.3958415855391657,2.178411320248491,2.3016974676955484,16.431050728515757,2.4714146552598715,-1.6210334056013598,-0.9487706132219365,-0.6346083310151184,-0.415681604446289,-0.4945065332370537,0.2079726548965418,0.2139416011317824,0.919970254891576,2.039330034542367,16.74943130873847,-0.2647390588432449,1.2630090829403369
-1.0612663823371944,-1.042224425456771,-1.7645300204172811,-0.6174452626632712,0.3892801232230738,0.3958415855391657,2.178411320248491,2.3016974676955484,16.431050728515757,2.4714146552598715,-1.6210334056013598,-0.9487706132219365,-0.6346083310151184,-0.415681604446289,-0.4945065332370537,0.2079726548965418,0.2139416011317824,0.919970254891576,2.039330034542367,16.74943130873847,-0.2647390588432449,1.2630090829403369,-0.3272456287614764,0.0083043858280478,0.1488385501494643,-0.0920176749007199,0.6549431040248721,0.6601205170743768,-1.8361333399716215,-0.4248355231327808,16.099666981349845,-0.3291453095748766,-0.5538092712097499
-0.9487706132219365,-0.6346083310151184,-0.415681604446289,-0.4945065332370537,0.2079726548965418,0.2139416011317824,0.919970254891576,2.039330034542367,16.74943130873847,-0.2647390588432449,1.2630090829403369,-0.3272456287614764,0.0083043858280478,0.1488385501494643,-0.0920176749007199,0.6549431040248721,0.6601205170743768,-1.8361333399716215,-0.4248355231327808,16.099666981349845,-0.3291453095748766,-0.5538092712097499,1.1788728754228894,0.9844566860770404,0.8000819896817428,1.4702980605603622,1.4813789799442416,1.477315743776747,-0.673326789012365,-0.7976520631501427,16.009552409129984,-0.2633083426979503,0.7321444481254543
-0.3272456287614764,0.0083043858280478,0.1488385501494643,-0.0920176749007199,0.6549431040248721,0.6601205170743768,-1.8361333399716215,-0.4248355231327808,16.099666981349845,-0.3291453095748766,-0.5538092712097499,1.1788728754228894,0.9844566860770404,0.8000819896817428,1.4702980605603622,1.4813789799442416,1.477315743776747,-0.673326789012365,-0.7976520631501427,16.009552409129984,-0.2633083426979503,0.7321444481254543,1.5021041045994623,1.6528520005893728,1.240626868034982,0.8995119647669423,-0.6257808710776183,-0.6244444023382166,-1.0893195989440876,-1.3231287514396417,15.717707781830793,0.1618067128440293,0.975073807880442
1.1788728754228894,0.9844566860770404,0.8000819896817428,1.4702980605603622,1.4813789799442416,1.477315743776747,-0.673326789012365,-0.7976520631501427,16.009552409129984,-0.2633083426979503,0.7321444481254543,1.5021041045994623,1.6528520005893728,1.240626868034982,0.8995119647669423,-0.6257808710776183,-0.6244444023382166,-1.0893195989440876,-1.3231287514396417,15.717707781830793,0.1618067128440293,0.975073807880442,0.9015076379790358,1.6560097552425288,1.2911541324675713,1.6601438647016755,0.8317966435197937,0.83350804771486,-0.3482607263893197,-1.2400961960067365,15.676127489511874,0.1476964401229132,1.0739326191618064
1.5021041045994623,1.6528520005893728,1.240626868034982,0.8995119647669423,-0.6257808710776183,-0.6244444023382166,-1.0893195989440876,-1.3231287514396417,15.717707781830793,0.1618067128440293,0.975073807880442,0.9015076379790358,1.6560097552425288,1.2911541324675713,1.6601438647016755,0.8317966435197937,0.83350804771486,-0.3482607263893197,-1.2400961960067365,15.676127489511874,0.1476964401229132,1.0739326191618064,0.887694616461778,0.2665514799266458,0.6276274817330965,0.8651124316078646,-0.8394463729752883,-0.8399559489409947,-0.8323815291310502,-1.2659534259493752,15.382354281468844,-0.8644972201372014,-1.3914157220638306
0.9015076379790358,1.6560097552425288,1.2911541324675713,1.6601438647016755,0.8317966435197937,0.83350804771486,-0.3482607263893197,-1.2400961960067365,15.676127489511874,0.1476964401229132,1.0739326191618064,0.887694616461778,0.2665514799266458,0.6276274817330965,0.8651124316078646,-0.8394463729752883,-0.8399559489409947,-0.8323815291310502,-1.2659534259493752,15.382354281468844,-0.8644972201372014,-1.3914157220638306,1.2145900557101124,0.9764782243231558,1.2032771075602953,1.0185031207746866,0.0060940811282745,0.0107872499517402,1.2352497107730798,-0.7044871595665031,15.791104466779553,-0.90874315880014,0.1885061349513845
0.887694616461778,0.2665514799266458,0.6276274817330965,0.8651124316078646,-0.8394463729752883,-0.8399559489409947,-0.8323815291310502,-1.2659534259493752,15.382354281468844,-0.8644972201372014,-1.3914157220638306,1.2145900557101124,0.9764782243231558,1.2032771075602953,1.0185031207746866,0.0060940811282745,0.0107872499517402,1.2352497107730798,-0.7044871595665031,15.791104466779553,-0.90874315880014,0.1885061349513845,1.0576902352635966,0.6026693092325922,0.4018797343025166,0.2793021945035457,-0.8143953370553163,-0.8147954690804529,-0.3996313817763682,-0.6956689048614856,15.67467957922364,0.1341198622090832,-0.5305491317901189
1.2145900557101124,0.9764782243231558,1.2032771075602953,1.0185031207746866,0.0060940811282745,0.0107872499517402,1.2352497107730798,-0.7044871595665031,15.791104466779553,-0.90874315880014,0.1885061349513845,1.0576902352635966,0.6026693092325922,0.4018797343025166,0.2793021945035457,-0.8143953370553163,-0.8147954690804529,-0.3996313817763682,-0.6956689048614856,15.67467957922364,0.1341198622090832,-0.5305491317901189,0.7455277912130011,0.5299657022095364,0.8192040498979585,1.3569360782325917,1.1390800770584564,1.1379432679238926,-0.8011749027444971,-0.8400985340891808,15.315803246202464,-0.91554390561944,-0.054310387651615
1.0576902352635966,0.6026693092325922,0.4018797343025166,0.2793021945035457,-0.8143953370553163,-0.8147954690804529,-0.3996313817763682,-0.6956689048614856,15.67467957922364,0.1341198622090832,-0.5305491317901189,0.7455277912130011,0.5299657022095364,0.8192040498979585,1.3569360782325917,1.1390800770584564,1.1379432679238926,-0.8011749027444971,-0.8400985340891808,15.315803246202464,-0.91554390561944,-0.054310387651615,1.0863782295857376,0.6691252107648665,1.0124284275045652,0.7571856409338574,-0.697821182412121,-0.6970591577428757,0.7818991891272791,-0.4213321631653473,15.498923762321892,-0.8222909002163961,-1.22428013246944
0.7455277912130011,0.5299657022095364,0.8192040498979585,1.3569360782325917,1.1390800770584564,1.1379432679238926,-0.8011749027444971,-0.8400985340891808,15.315803246202464,-0.91554390561944,-0.054310387651615,1.0863782295857376,0.6691252107648665,1.0124284275045652,0.7571856409338574,-0.697821182412121,-0.6970591577428757,0.7818991891272791,-0.4213321631653473,15.498923762321892,-0.8222909002163961,-1.22428013246944,0.9358187817651296,1.3485471083069938,1.7839236867102777,1.8871547561140996,1.0324119236860196,1.0318153085908854,1.990627618171362,2.017669941413843,16.067749381685104,-1.1257537921870795,0.0926145233203823
1.0863782295857376,0.6691252107648665,1.0124284275045652,0.7571856409338574,-0.697821182412121,-0.6970591577428757,0.7818991891272791,-0.4213321631653473,15.498923762321892,-0.8222909002163961,-1.22428013246944,0.9358187817651296,1.3485471083069938,1.7839236867102777,1.8871547561140996,1.0324119236860196,1.0318153085908854,1.990627618171362,2.017669941413843,16.067749381685104,-1.1257537921870795,0.0926145233203823,1.8156186397060496,2.229640941534418,1.7686003637587673,2.320083695465156,1.0152865793251191,1.0137988313788284,-0.9065501903409928,0.6878562248927669,15.67516244896209,1.127009627233668,1.4177191864009713
0.9358187817651296,1.3485471083069938,1.7839236867102777,1.8871547561140996,1.0324119236860196,1.0318153085908854,1.990627618171362,2.017669941413843,16.067749381685104,-1.1257537921870795,0.0926145233203823,1.8156186397060496,2.229640941534418,1.7686003637587673,2.320083695465156,1.0152865793251191,1.0137988313788284,-0.9065501903409928,0.6878562248927669,15.67516244896209,1.127009627233668,1.4177191864009713,2.3207057918062484,1.8422985362553208,2.0429996170489817,1.405379556820305,-0.834376620892779,-0.8341323117657852,-0.4882772291026771,0.2525758358922971,15.474633662482226,-0.4999354650372198,-0.0240768840268973
1.8156186397060496,2.229640941534418,1.7686003637587673,2.320083695465156,1.0152865793251191,1.0137988313788284,-0.9065501903409928,0.6878562248927669,15.67516244896209,1.127009627233668,1.4177191864009713,2.3207057918062484,1.8422985362553208,2.0429996170489817,1.405379556820305,-0.834376620892779,-0.8341323117657852,-0.4882772291026771,0.2525758358922971,15.474633662482226,-0.4999354650372198,-0.0240768840268973,1.1443343062778484,1.0351988322949537,1.472686670201809,1.2655842562582045,-0.1536044003211237,-0.149582078297383,-0.2784865884663583,0.0350952571077441,15.38695601063298,-1.3365454238380332,0.6409902812317289
2.3207057918062484,1.8422985362553208,2.0429996170489817,1.405379556820305,-0.834376620892779,-0.8341323117657852,-0.4882772291026771,0.2525758358922971,15.474633662482226,-0.4999354650372198,-0.0240768840268973,1.1443343062778484,1.0351988322949537,1.472686670201809,1.2655842562582045,-0.1536044003211237,-0.149582078297383,-0.2784865884663583,0.0350952571077441,15.38695601063298,-1.3365454238380332,0.6409902812317289,0.7463802640647266,0.367525881267308,0.6954859961372252,0.4687843142168674,-1.1424784613616783,-1.1466537040142175,-0.3287430858826418,-0.2355599694938026,15.27067801673185,-1.0236655147388132,-1.353561257351573
1.1443343062778484,1.0351988322949537,1.472686670201809,1.2655842562582045,-0.1536044003211237,-0.149582078297383,-0.2784865884663583,0.0350952571077441,15.38695601063298,-1.3365454238380332,0.6409902812317289,0.7463802640647266,0.367525881267308,0.6954859961372252,0.4687843142168674,-1.1424784613616783,-1.1466537040142175,-0.3287430858826418,-0.2355599694938026,15.27067801673185,-1.0236655147388132,-1.353561257351573,0.3562950956370859,0.1184713987116326,0.428820772537114,0.4678858954452463,-0.0543831595981145,-0.0503047235208006,0.292242161599776,0.096066597221608,15.415342682183574,-0.7873519928631327,0.2724536470886102
0.7463802640647266,0.367525881267308,0.6954859961372252,0.4687843142168674,-1.1424784613616783,-1.1466537040142175,-0.3287430858826418,-0.2355599694938026,15.27067801673185,-1.0236655147388132,-1.353561257351573,0.3562950956370859,0.1184713987116326,0.428820772537114,0.4678858954452463,-0.0543831595981145,-0.0503047235208006,0.292242161599776,0.096066597221608,15.415342682183574,-0.7873519928631327,0.2724536470886102,0.8415113814720663,0.99211974519021,0.9367621192054786,0.948563106217974,0.6250734685907745,0.6277586887480313,-0.2530737952874873,-0.084225714570661,15.32253937279599,-0.1109292668791566,1.1882242539043772
0.3562950956370859,0.1184713987116326,0.428820772537114,0.4678858954452463,-0.0543831595981145,-0.0503047235208006,0.292242161599776,0.096066597221608,15.415342682183574,-0.7873519928631327,0.2724536470886102,0.8415113814720663,0.99211974519021,0.9367621192054786,0.948563106217974,0.6250734685907745,0.6277586887480313,-0.2530737952874873,-0.084225714570661,15.32253937279599,-0.1109292668791566,1.1882242539043772,1.6783320784540066,1.571361021893823,1.2342391263372576,0.6049811537362122,-0.6783126103504011,-0.6765741528219955,-0.0982703426139962,-0.1132435498178569,15.290960059070995,1.2419649790570677,0.1278617629970283
0.8415113814720663,0.99211974519021,0.9367621192054786,0.948563106217974,0.6250734685907745,0.6277586887480313,-0.2530737952874873,-0.084225714570661,15.32253937279599,-0.1109292668791566,1.1882242539043772,1.6783320784540066,1.571361021893823,1.2342391263372576,0.6049811537362122,-0.6783126103504011,-0.6765741528219955,-0.0982703426139962,-0.1132435498178569,15.290960059070995,1.2419649790570677,0.1278617629970283,1.2572101445500474,1.644135289292605,1.5577947957421878,1.974236906451882,1.6655761238991338,1.658656744825103,1.7034110499649495,1.7379395340004624,15.84569633334883,0.8328734017578864,0.8665331868355758
1.6783320784540066,1.571361021893823,1.2342391263372576,0.6049811537362122,-0.6783126103504011,-0.6765741528219955,-0.0982703426139962,-0.1132435498178569,15.290960059070995,1.2419649790570677,0.1278617629970283,1.2572101445500474,1.644135289292605,1.5577947957421878,1.974236906451882,1.6655761238991338,1.658656744825103,1.7034110499649495,1.7379395340004624,15.84569633334883,0.8328734017578864,0.8665331868355758,1.9602905754746476,1.8615532212472532,2.1916163479304083,1.9640602265822371,0.0551750681730322,0.0596341163345626,0.4548394536679624,1.9155712745701512,16.095983059748615,-0.3925880932981767,0.6674667353004631
1.2572101445500474,1.644135289292605,1.5577947957421878,1.974236906451882,1.6655761238991338,1.658656744825103,1.7034110499649495,1.7379395340004624,15.84569633334883,0.8328734017578864,0.8665331868355758,1.9602905754746476,1.8615532212472532,2.1916163479304083,1.9640602265822371,0.0551750681730322,0.0596341163345626,0.4548394536679624,1.9155712745701512,16.095983059748615,-0.3925880932981767,0.6674667353004631,1.7725979057560146,1.2605176760797323,1.3636999135645864,1.4016172182951507,-0.6057559997032127,-0.6046510346292597,-1.4155814849515909,-0.3636632243898498,15.397577479152067,-0.0865601427383546,-1.0716273402106289
1.9602905754746476,1.8615532212472532,2.1916163479304083,1.9640602265822371,0.0551750681730322,0.0596341163345626,0.4548394536679624,1.9155712745701512,16.095983059748615,-0.3925880932981767,0.6674667353004631,1.7725979057560146,1.2605176760797323,1.3636999135645864,1.4016172182951507,-0.6057559997032127,-0.6046510346292597,-1.4155814849515909,-0.3636632243898498,15.397577479152067,-0.0865601427383546,-1.0716273402106289,1.344437152764424,1.0994159434716926,1.3141372957548438,1.172632241658623,-0.1740219385762587,-0.1709439719954216,-0.0949534668787869,-0.2809105175863542,15.383334704176283,-0.3947231866022199,-0.2369069611833332
1.7725979057560146,1.2605176760797323,1.3636999135645864,1.4016172182951507,-0.6057559997032127,-0.6046510346292597,-1.4155814849515909,-0.3636632243898498,15.397577479152067,-0.0865601427383546,-1.0716273402106289,1.344437152764424,1.0994159434716926,1.3141372957548438,1.172632241658623,-0.1740219385762587,-0.1709439719954216,-0.0949534668787869,-0.2809105175863542,15.383334704176283,-0.3947231866022199,-0.2369069611833332,1.1579921499372094,0.8495181263589164,1.1100378789262233,0.6980845374913196,-0.7698422030679646,-0.7716404605654483,-0.655826248715982,-0.7686799257491157,15.1593933806581,-0.7786651790348786,-0.7334840534892746
1.344437152764424,1.0994159434716926,1.3141372957548438,1.172632241658623,-0.1740219385762587,-0.1709439719954216,-0.0949534668787869,-0.2809105175863542,15.383334704176283,-0.3947231866022199,-0.2369069611833332,1.1579921499372094,0.8495181263589164,1.1100378789262233,0.6980845374913196,-0.7698422030679646,-0.7716404605654483,-0.655826248715982,-0.7686799257491157,15.1593933806581,-0.7786651790348786,-0.7334840534892746,0.5720439881099232,0.8469054360390635,0.8181661301792065,1.0749942513367687,0.6722208805669884,0.6762043602654022,0.6906125501854143,-0.1161447881816148,15.409977157485038,0.2694197628254199,1.553372291308824
1.1579921499372094,0.8495181263589164,1.1100378789262233,0.6980845374913196,-0.7698422030679646,-0.7716404605654483,-0.655826248715982,-0.7686799257491157,15.1593933806581,-0.7786651790348786,-0.7334840534892746,0.5720439881099232,0.8469054360390635,0.8181661301792065,1.0749942513367687,0.6722208805669884,0.6762043602654022,0.6906125501854143,-0.1161447881816148,15.409977157485038,0.2694197628254199,1.553372291308824,1.1019736955162902,0.9612576489731104,1.1863198645225186,0.7588302335016199,-0.7429797467443815,-0.7447589261623488,0.7928450008200982,0.7288003684765,15.72823333375532,-1.059327129176307,-0.9052595679236132
0.5720439881099232,0.8469054360390635,0.8181661301792065,1.0749942513367687,0.6722208805669884,0.6762043602654022,0.6906125501854143,-0.1161447881816148,15.409977157485038,0.2694197628254199,1.553372291308824,1.1019736955162902,0.9612576489731104,1.1863198645225186,0.7588302335016199,-0.7429797467443815,-0.7447589261623488,0.7928450008200982,0.7288003684765,15.72823333375532,-1.059327129176307,-0.9052595679236132,0.7460241810344862,0.7683914202810941,0.4174855495727543,0.1519039208800323,-0.9862440330562972,-0.9907968357067828,0.6425292633084528,1.3943178993109755,16.026429932031416,0.7217895947983656,-1.1569267879161862
1.1019736955162902,0.9612576489731104,1.1863198645225186,0.7588302335016199,-0.7429797467443815,-0.7447589261623488,0.7928450008200982,0.7288003684765,15.72823333375532,-1.059327129176307,-0.9052595679236132,0.7460241810344862,0.7683914202810941,0.4174855495727543,0.1519039208800323,-0.9862440330562972,-0.9907968357067828,0.6425292633084528,1.3943178993109755,16.026429932031416,0.7217895947983656,-1.1569267879161862,0.073115036281161,0.6595636746633676,-0.7935683622858017,-1.3571467294616253,-1.4840739460087569,-1.496196743112221,-1.1340507334585876,-0.3199964072829106,15.619939594861398,2.096970340359315,0.1107487859655097
0.7460241810344862,0.7683914202810941,0.4174855495727543,0.1519039208800323,-0.9862440330562972,-0.9907968357067828,0.6425292633084528,1.3943178993109755,16.026429932031416,0.7217895947983656,-1.1569267879161862,0.073115036281161,0.6595636746633676,-0.7935683622858017,-1.3571467294616253,-1.4840739460087569,-1.496196743112221,-1.1340507334585876,-0.3199964072829106,15.619939594861398,2.096970340359315,0.1107487859655097,-1.09680666656653,-1.6663768572855042,-2.0972637806485546,-2.1205334156847617,-0.6639026054611075,-0.6644053610937652,0.6382066371011359,0.4900664244001587,15.943790000769354,1.900152523158393,-0.4956469156690853
0.073115036281161,0.6595636746633676,-0.7935683622858017,-1.3571467294616253,-1.4840739460087569,-1.496196743112221,-1.1340507334585876,-0.3199964072829106,15.619939594861398,2.096970340359315,0.1107487859655097,-1.09680666656653,-1.6663768572855042,-2.0972637806485546,-2.1205334156847617,-0.6639026054611075,-0.6644053610937652,0.6382066371011359,0.4900664244001587,15.943790000769354,1.900152523158393,-0.4956469156690853,-2.325595915259436,-2.5380106787093086,-1.735444606127509,-1.3471098810042303,0.8179669696328131,0.8183861897039647,-0.6032623968654863,-0.0437475953956192,15.779569446388406,-0.2724210777761355,-1.7415448945164838
-1.09680666656653,-1.6663768572855042,-2.0972637806485546,-2.1205334156847617,-0.6639026054611075,-0.6644053610937652,0.6382066371011359,0.4900664244001587,15.943790000769354,1.900152523158393,-0.4956469156690853,-2.325595915259436,-2.5380106787093086,-1.735444606127509,-1.3471098810042303,0.8179669696328131,0.8183861897039647,-0.6032623968654863,-0.0437475953956192,15.779569446388406,-0.2724210777761355,-1.7415448945164838,-1.6898032901466302,-0.1833977277700576,-0.9022942912593962,0.2967915913420761,1.9922941376086376,1.9839962446545285,1.4757726993588436,1.9286116559907551,16.26891802669277,1.2354034402286955,1.1193336151157307
-2.325595915259436,-2.5380106787093086,-1.735444606127509,-1.3471098810042303,0.8179669696328131,0.8183861897039647,-0.6032623968654863,-0.0437475953956192,15.779569446388406,-0.2724210777761355,-1.7415448945164838,-1.6898032901466302,-0.1833977277700576,-0.9022942912593962,0.2967915913420761,1.9922941376086376,1.9839962446545285,1.4757726993588436,1.9286116559907551,16.26891802669277,1.2354034402286955,1.1193336151157307,0.2172936285705432,0.3811937294646976,0.5429014322124925,0.2479398118325888,-0.0668000257377011,-0.063180344949925,-1.7324793582547282,-1.2284529107424988,15.335264652891256,-0.4407095574772235,0.0318660384744077
-1.6898032901466302,-0.1833977277700576,-0.9022942912593962,0.2967915913420761,1.9922941376086376,1.9839962446545285,1.4757726993588436,1.9286116559907551,16.26891802669277,1.2354034402286955,1.1193336151157307,0.2172936285705432,0.3811937294646976,0.5429014322124925,0.2479398118325888,-0.0668000257377011,-0.063180344949925,-1.7324793582547282,-1.2284529107424988,15.335264652891256,-0.4407095574772235,0.0318660384744077,-0.1182963337499674,-0.7711722130737435,-1.3285734159070182,-1.6379630673667145,-1.878280551710162,-1.8914965598982076,0.1527859168766007,-0.8970395530995856,15.472595314559836,1.339238340237331,-1.140886565180624
0.2172936285705432,0.3811937294646976,0.5429014322124925,0.2479398118325888,-0.0668000257377011,-0.063180344949925,-1.7324793582547282,-1.2284529107424988,15.335264652891256,-0.4407095574772235,0.0318660384744077,-0.1182963337499674,-0.7711722130737435,-1.3285734159070182,-1.6379630673667145,-1.878280551710162,-1.8914965598982076,0.1527859168766007,-0.8970395530995856,15.472595314559836,1.339238340237331,-1.140886565180624,-1.728848497632299,-1.9015093652200732,-1.1581627545119195,-1.5173619833107124,-0.1425599894120628,-0.1375009003032716,-0.7772180419966366,-1.309334513586699,15.224862292961165,-0.8589226237720199,0.4340044158246725
-0.1182963337499674,-0.7711722130737435,-1.3285734159070182,-1.6379630673667145,-1.878280551710162,-1.8914965598982076,0.1527859168766007,-0.8970395530995856,15.472595314559836,1.339238340237331,-1.140886565180624,-1.728848497632299,-1.9015093652200732,-1.1581627545119195,-1.5173619833107124,-0.1425599894120628,-0.1375009003032716,-0.7772180419966366,-1.309334513586699,15.224862292961165,-0.8589226237720199,0.4340044158246725,-1.7766142270830718,-1.9586394782188783,-1.5504914515224986,-1.3357569346669027,0.2083936049766436,0.2128200085786427,0.714037493171877,-0.6613205347091274,15.546936165184498,-0.8955845599662442,1.0296026166919126
-1.728848497632299,-1.9015093652200732,-1.1581627545119195,-1.5173619833107124,-0.1425599894120628,-0.1375009003032716,-0.7772180419966366,-1.309334513586699,15.224862292961165,-0.8589226237720199,0.4340044158246725,-1.7766142270830718,-1.9586394782188783,-1.5504914515224986,-1.3357569346669027,0.2083936049766436,0.2128200085786427,0.714037493171877,-0.6613205347091274,15.546936165184498,-0.8955845599662442,1.0296026166919126,-0.5734549867352513,0.1076320955076335,-0.1517126045006598,0.8066283025219597,1.964331070638022,1.9500563479633088,0.0932609846907898,-0.3297014518087869,15.64601001584174,0.4904843986040598,1.1960904769956542
-1.7766142270830718,-1.9586394782188783,-1.5504914515224986,-1.3357569346669027,0.2083936049766436,0.2128200085786427,0.714037493171877,-0.6613205347091274,15.546936165184498,-0.8955845599662442,1.0296026166919126,-0.5734549867352513,0.1076320955076335,-0.1517126045006598,0.8066283025219597,1.964331070638022,1.9500563479633088,0.0932609846907898,-0.3297014518087869,15.64601001584174,0.4904843986040598,1.1960904769956542,0.5439706470478781,0.5628684879651922,1.4475450416831384,1.0081127227787685,0.145071877798017,0.1516969651086981,-1.2278696379401306,-1.263959880224134,14.8933761138088,-1.2692004512296615,0.2115943197116306
-0.5734549867352513,0.1076320955076335,-0.1517126045006598,0.8066283025219597,1.964331070638022,1.9500563479633088,0.0932609846907898,-0.3297014518087869,15.64601001584174,0.4904843986040598,1.1960904769956542,0.5439706470478781,0.5628684879651922,1.4475450416831384,1.0081127227787685,0.145071877798017,0.1516969651086981,-1.2278696379401306,-1.263959880224134,14.8933761138088,-1.2692004512296615,0.2115943197116306,0.5960093716737241,0.8506414696320062,1.1516819055640757,1.1438926471522728,0.2041266084193163,0.2100610750608094,0.9837779418324653,-0.5008939329290623,15.28616927496921,-0.4783582243323259,0.9944000795447184
0.5439706470478781,0.5628684879651922,1.4475450416831384,1.0081127227787685,0.145071877798017,0.1516969651086981,-1.2278696379401306,-1.263959880224134,14.8933761138088,-1.2692004512296615,0.2115943197116306,0.5960093716737241,0.8506414696320062,1.1516819055640757,1.1438926471522728,0.2041266084193163,0.2100610750608094,0.9837779418324653,-0.5008939329290623,15.28616927496921,-0.4783582243323259,0.9944000795447184,1.524225954027589,0.9829682842325264,0.3408680349287362,0.3817120969975938,-0.7273484909730973,-0.7254166421908473,0.3880028892901591,0.1367226931949014,15.472785990470284,1.264616756790976,-1.293602344100217
0.5960093716737241,0.8506414696320062,1.1516819055640757,1.1438926471522728,0.2041266084193163,0.2100610750608094,0.9837779418324653,-0.5008939329290623,15.28616927496921,-0.4783582243323259,0.9944000795447184,1.524225954027589,0.9829682842325264,0.3408680349287362,0.3817120969975938,-0.7273484909730973,-0.7254166421908473,0.3880028892901591,0.1367226931949014,15.472785990470284,1.264616756790976,-1.293602344100217,0.3655477330397138,-0.0792673264000587,0.1932176444198191,0.3635818332968918,-0.0237948032347213,-0.0176773732685449,-0.7195688261915515,-0.3651245076052549,15.15523754518503,-0.4814093947607907,0.1616233405711981
1.524225954027589,0.9829682842325264,0.3408680349287362,0.3817120969975938,-0.7273484909730973,-0.7254166421908473,0.3880028892901591,0.1367226931949014,15.472785990470284,1.264616756790976,-1.293602344100217,0.3655477330397138,-0.0792673264000587,0.1932176444198191,0.3635818332968918,-0.0237948032347213,-0.0176773732685449,-0.7195688261915515,-0.3651245076052549,15.15523754518503,-0.4814093947607907,0.1616233405711981,0.6608749513792256,0.3724228947247017,0.6876413549526101,0.5303880730738234,0.1516556052555499,0.1575695930877761,-0.1645237385804543,0.1137545323647956,15.048158570393907,-0.5716835852914308,0.3175388561529864
0.3655477330397138,-0.0792673264000587,0.1932176444198191,0.3635818332968918,-0.0237948032347213,-0.0176773732685449,-0.7195688261915515,-0.3651245076052549,15.15523754518503,-0.4814093947607907,0.1616233405711981,0.6608749513792256,0.3724228947247017,0.6876413549526101,0.5303880730738234,0.1516556052555499,0.1575695930877761,-0.1645237385804543,0.1137545323647956,15.048158570393907,-0.5716835852914308,0.3175388561529864,0.4373723905185587,0.4727475703320013,1.004496446708659,0.9732008173875534,0.4518268632975629,0.4569261510673913,-0.5514791093299154,-0.6241333590351891,14.860441088098838,-0.9168018542050091,0.2723633308746701
0.6608749513792256,0.3724228947247017,0.6876413549526101,0.5303880730738234,0.1516556052555499,0.1575695930877761,-0.1645237385804543,0.1137545323647956,15.048158570393907,-0.5716835852914308,0.3175388561529864,0.4373723905185587,0.4727475703320013,1.004496446708659,0.9732008173875534,0.4518268632975629,0.4569261510673913,-0.5514791093299154,-0.6241333590351891,14.860441088098838,-0.9168018542050091,0.2723633308746701,0.8596301617679046,0.5213431403518096,0.5161309477794086,0.0585355640069442,-1.1329020104858756,-1.1428877038593768,1.336201831918752,1.5105640575564037,15.271727591505556,0.0714805350962137,-0.8803861303935905
0.4373723905185587,0.4727475703320013,1.004496446708659,0.9732008173875534,0.4518268632975629,0.4569261510673913,-0.5514791093299154,-0.6241333590351891,14.860441088098838,-0.9168018542050091,0.2723633308746701,0.8596301617679046,0.5213431403518096,0.5161309477794086,0.0585355640069442,-1.1329020104858756,-1.1428877038593768,1.336201831918752,1.5105640575564037,15.271727591505556,0.0714805350962137,-0.8803861303935905,0.7516197642688679,0.6579777661470924,0.7164426492960596,0.7322196574734853,0.603383226682283,0.6092972024996817,0.2531154274361483,1.725232011032391,15.422966708003829,-0.0917222067854961,-0.595622308909608
0.8596301617679046,0.5213431403518096,0.5161309477794086,0.0585355640069442,-1.1329020104858756,-1.1428877038593768,1.336201831918752,1.5105640575564037,15.271727591505556,0.0714805350962137,-0.8803861303935905,0.7516197642688679,0.6579777661470924,0.7164426492960596,0.7322196574734853,0.603383226682283,0.6092972024996817,0.2531154274361483,1.725232011032391,15.422966708003829,-0.0917222067854961,-0.595622308909608,0.5623938712901316,1.12037643384619,1.0866877103911703,1.670544727860364,0.0339551410043329,0.0387161791994347,0.7591235711455038,2.115542812197378,15.70589304681146,-0.4005160158776842,-0.8558998262230074
0.7516197642688679,0.6579777661470924,0.7164426492960596,0.7322196574734853,0.603383226682283,0.6092972024996817,0.2531154274361483,1.725232011032391,15.422966708003829,-0.0917222067854961,-0.595622308909608,0.5623938712901316,1.12037643384619,1.0866877103911703,1.670544727860364,0.0339551410043329,0.0387161791994347,0.7591235711455038,2.115542812197378,15.70589304681146,-0.4005160158776842,-0.8558998262230074,1.5387668530034764,1.102729018882228,1.5656309056683806,1.121891322600853,-0.3441570478165895,-0.3411002861199503,-0.657803192573403,1.0497902275049258,15.50174301619344,-0.771185786820115,0.114550434011126
0.5623938712901316,1.12037643384619,1.0866877103911703,1.670544727860364,0.0339551410043329,0.0387161791994347,0.7591235711455038,2.115542812197378,15.70589304681146,-0.4005160158776842,-0.8558998262230074,1.5387668530034764,1.102729018882228,1.5656309056683806,1.121891322600853,-0.3441570478165895,-0.3411002861199503,-0.657803192573403,1.0497902275049258,15.50174301619344,-0.771185786820115,0.114550434011126,0.8042877647890351,0.4770953754192437,0.8449474764991424,-0.6456606515425557,-1.248313126056805,-1.249335362791504,-1.086958125178877,-0.2325435195428739,15.198750509119735,-0.5611566817896004,-1.1274803630437706
1.5387668530034764,1.102729018882228,1.5656309056683806,1.121891322600853,-0.3441570478165895,-0.3411002861199503,-0.657803192573403,1.0497902275049258,15.50174301619344,-0.771185786820115,0.114550434011126,0.8042877647890351,0.4770953754192437,0.8449474764991424,-0.6456606515425557,-1.248313126056805,-1.249335362791504,-1.086958125178877,-0.2325435195428739,15.198750509119735,-0.5611566817896004,-1.1274803630437706,-2.0007543082302486,-2.3095224377200667,-2.474056144080156,-2.5715447176792785,-2.2872556123064194,-2.297829043578791,2.2679823284311262,1.9569687089129464,15.959943760285968,1.8362166320540148,-1.8917818676719684
0.8042877647890351,0.4770953754192437,0.8449474764991424,-0.6456606515425557,-1.248313126056805,-1.249335362791504,-1.086958125178877,-0.2325435195428739,15.198750509119735,-0.5611566817896004,-1.1274803630437706,-2.0007543082302486,-2.3095224377200667,-2.474056144080156,-2.5715447176792785,-2.2872556123064194,-2.297829043578791,2.2679823284311262,1.9569687089129464,15.959943760285968,1.8362166320540148,-1.8917818676719684,-2.5949312504583064,-2.57398307521718,-2.255337158703524,-2.1113324561756572,-0.5928547059481568,-0.5863266341099844,-0.6704175102784228,0.665048709529465,15.722204713855168,-0.0425049479000471,0.0221639306508282
-2.0007543082302486,-2.3095224377200667,-2.474056144080156,-2.5715447176792785,-2.2872556123064194,-2.297829043578791,2.2679823284311262,1.9569687089129464,15.959943760285968,1.8362166320540148,-1.8917818676719684,-2.5949312504583064,-2.57398307521718,-2.255337158703524,-2.1113324561756572,-0.5928547059481568,-0.5863266341099844,-0.6704175102784228,0.665048709529465,15.722204713855168,-0.0425049479000471,0.0221639306508282,-1.8231244855044788,-1.5863941395681618,-1.5994714323245982,-1.4079300469963736,0.728702602929828,0.7265721945222198,-0.2462728084198527,0.3739688192358811,15.736483925336657,0.9217374624215824,0.0237199836350351
-2.5949312504583064,-2.57398307521718,-2.255337158703524,-2.1113324561756572,-0.5928547059481568,-0.5863266341099844,-0.6704175102784228,0.665048709529465,15.722204713855168,-0.0425049479000471,0.0221639306508282,-1.8231244855044788,-1.5863941395681618,-1.5994714323245982,-1.4079300469963736,0.728702602929828,0.7265721945222198,-0.2462728084198527,0.3739688192358811,15.736483925336657,0.9217374624215824,0.0237199836350351,-1.2014132668612592,-0.9995572582773316,-0.81738171718179,-0.8597184249475439,0.8420785543499272,0.8382668330690578,-0.810053170713321,-0.7811940458588155,15.43831888668028,-0.3748413728242976,-0.1844722652510756
-1.8231244855044788,-1.5863941395681618,-1.5994714323245982,-1.4079300469963736,0.728702602929828,0.7265721945222198,-0.2462728084198527,0.3739688192358811,15.736483925336657,0.9217374624215824,0.0237199836350351,-1.2014132668612592,-0.9995572582773316,-0.81738171718179,-0.8597184249475439,0.8420785543499272,0.8382668330690578,-0.810053170713321,-0.7811940458588155,15.43831888668028,-0.3748413728242976,-0.1844722652510756,-0.7891369582008283,-0.9581527775666138,-1.244166222895572,-1.269139420182224,-0.8433686362638744,-0.839197419078741,0.45928400369189,-0.1937408242230539,15.749348270377558,1.7291064251582997,-1.4766856858609263
-1.2014132668612592,-0.9995572582773316,-0.81738171718179,-0.8597184249475439,0.8420785543499272,0.8382668330690578,-0.810053170713321,-0.7811940458588155,15.43831888668028,-0.3748413728242976,-0.1844722652510756,-0.7891369582008283,-0.9581527775666138,-1.244166222895572,-1.269139420182224,-0.8433686362638744,-0.839197419078741,0.45928400369189,-0.1937408242230539,15.749348270377558,1.7291064251582997,-1.4766856858609263,-1.4201422265521697,-1.4092793270267647,-1.4789772334799076,-1.1237694971816576,0.114130130422264,0.1188952246915301,2.2911596511339565,2.5084682652126324,16.834011692445387,1.231069281755589,1.4138056845273834
-0.7891369582008283,-0.9581527775666138,-1.244166222895572,-1.269139420182224,-0.8433686362638744,-0.839197419078741,0.45928400369189,-0.1937408242230539,15.749348270377558,1.7291064251582997,-1.4766856858609263,-1.4201422265521697,-1.4092793270267647,-1.4789772334799076,-1.1237694971816576,0.114130130422264,0.1188952246915301,2.2911596511339565,2.5084682652126324,16.834011692445387,1.231069281755589,1.4138056845273834,-0.7344400709291559,-0.2625009089245021,-0.2849420173624974,0.0505488489426348,1.8820216018122276,1.8633642461282,-1.124327958782409,-0.8439307564077086,15.761935003318,0.2459210296968488,2.055934115488818
-1.4201422265521697,-1.4092793270267647,-1.4789772334799076,-1.1237694971816576,0.114130130422264,0.1188952246915301,2.2911596511339565,2.5084682652126324,16.834011692445387,1.231069281755589,1.4138056845273834,-0.7344400709291559,-0.2625009089245021,-0.2849420173624974,0.0505488489426348,1.8820216018122276,1.8633642461282,-1.124327958782409,-0.8439307564077086,15.761935003318,0.2459210296968488,2.055934115488818,0.5382644865986995,0.6249213478370461,0.7386883431678382,0.7225792644778823,0.8087379577329538,0.8102852895390399,-0.4207004078656425,-0.914024515035506,15.589700075619747,-0.8217785094834674,-0.0454275860866565
-0.7344400709291559,-0.2625009089245021,-0.2849420173624974,0.0505488489426348,1.8820216018122276,1.8633642461282,-1.124327958782409,-0.8439307564077086,15.761935003318,0.2459210296968488,2.055934115488818,0.5382644865986995,0.6249213478370461,0.7386883431678382,0.7225792644778823,0.8087379577329538,0.8102852895390399,-0.4207004078656425,-0.914024515035506,15.589700075619747,-0.8217785094834674,-0.0454275860866565,0.5677158269726067,0.3742659571057709,0.5446822177003029,0.5031175390297389,-0.4035675193368707,-0.3982603926237172,-0.4443169495869047,-0.9760258843550008,15.39632283861781,-0.7721452692131205,-0.2317131560661261
0.5382644865986995,0.6249213478370461,0.7386883431678382,0.7225792644778823,0.8087379577329538,0.8102852895390399,-0.4207004078656425,-0.914024515035506,15.589700075619747,-0.8217785094834674,-0.0454275860866565,0.5677158269726067,0.3742659571057709,0.5446822177003029,0.5031175390297389,-0.4035675193368707,-0.3982603926237172,-0.4443169495869047,-0.9760258843550008,15.39632283861781,-0.7721452692131205,-0.2317131560661261,0.5645668789725747,0.9522222510177536,1.075860001767709,1.2454176499483645,0.5017485046000457,0.5059940711709608,0.0172106191256775,-0.7304863862681734,15.610614594552905,-0.7907151814297511,0.7938584507738538
0.5677158269726067,0.3742659571057709,0.5446822177003029,0.5031175390297389,-0.4035675193368707,-0.3982603926237172,-0.4443169495869047,-0.9760258843550008,15.39632283861781,-0.7721452692131205,-0.2317131560661261,0.5645668789725747,0.9522222510177536,1.075860001767709,1.2454176499483645,0.5017485046000457,0.5059940711709608,0.0172106191256775,-0.7304863862681734,15.610614594552905,-0.7907151814297511,0.7938584507738538,0.8081047569150926,0.4554768817209864,-0.3469409704041863,0.1404280928761952,-1.0599393847455238,-1.0642960989443375,0.367606724492416,-0.1144676385173885,15.95759832370385,1.7466209032618494,-0.7940679253496785
0.5645668789725747,0.9522222510177536,1.075860001767709,1.2454176499483645,0.5017485046000457,0.5059940711709608,0.0172106191256775,-0.7304863862681734,15.610614594552905,-0.7907151814297511,0.7938584507738538,0.8081047569150926,0.4554768817209864,-0.3469409704041863,0.1404280928761952,-1.0599393847455238,-1.0642960989443375,0.367606724492416,-0.1144676385173885,15.95759832370385,1.7466209032618494,-0.7940679253496785,0.0519197926181442,-0.5452223295129355,-0.0110749410765892,-0.7204472983716709,-0.822563023713258,-0.8234422559551352,-0.5786201638967553,-0.5017168069239218,15.6478041402787,-0.939821916988694,-1.3103178843784316
0.8081047569150926,0.4554768817209864,-0.3469409704041863,0.1404280928761952,-1.0599393847455238,-1.0642960989443375,0.367606724492416,-0.1144676385173885,15.95759832370385,1.7466209032618494,-0.7940679253496785,0.0519197926181442,-0.5452223295129355,-0.0110749410765892,-0.7204472983716709,-0.822563023713258,-0.8234422559551352,-0.5786201638967553,-0.5017168069239218,15.6478041402787,-0.939821916988694,-1.3103178843784316,-0.5364274451311651,-0.5564944476766984,0.0263022129619005,-0.5377462711465628,0.1720711316109628,0.1780076251069466,-0.1767244509992429,-0.3879577972750739,15.669462204065836,-0.970324336900082,0.4780020151483583
0.0519197926181442,-0.5452223295129355,-0.0110749410765892,-0.7204472983716709,-0.822563023713258,-0.8234422559551352,-0.5786201638967553,-0.5017168069239218,15.6478041402787,-0.939821916988694,-1.3103178843784316,-0.5364274451311651,-0.5564944476766984,0.0263022129619005,-0.5377462711465628,0.1720711316109628,0.1780076251069466,-0.1767244509992429,-0.3879577972750739,15.669462204065836,-0.970324336900082,0.4780020151483583,-0.2714463301792426,-0.0555520708270553,0.282882980953906,0.4000478826431188,0.8682251708830346,0.8715208173111599,0.200833459765746,-0.0130202172972002,15.969723360701677,-0.7108666246536608,0.514329102449582
-0.5364274451311651,-0.5564944476766984,0.0263022129619005,-0.5377462711465628,0.1720711316109628,0.1780076251069466,-0.1767244509992429,-0.3879577972750739,15.669462204065836,-0.970324336900082,0.4780020151483583,-0.2714463301792426,-0.0555520708270553,0.282882980953906,0.4000478826431188,0.8682251708830346,0.8715208173111599,0.200833459765746,-0.0130202172972002,15.969723360701677,-0.7108666246536608,0.514329102449582,0.1645105120543544,0.1603570959566554,-0.1160373028539792,-0.7589296886768228,-1.054955887605617,-1.0595869294263256,-0.4996994530407752,-0.3197061910419526,15.74248556335066,0.5324233819721522,-1.583504904872103
-0.2714463301792426,-0.0555520708270553,0.282882980953906,0.4000478826431188,0.8682251708830346,0.8715208173111599,0.200833459765746,-0.0130202172972002,15.969723360701677,-0.7108666246536608,0.514329102449582,0.1645105120543544,0.1603570959566554,-0.1160373028539792,-0.7589296886768228,-1.054955887605617,-1.0595869294263256,-0.4996994530407752,-0.3197061910419526,15.74248556335066,0.5324233819721522,-1.583504904872103,-0.9121245911396572,-0.9677316955032114,-0.5261363965472929,-0.988251756478164,-0.0788126586533602,-0.0735080329772783,1.0003855297086786,2.077949670486882,16.030433262106445,-0.4801828485814883,0.2731283054002642
0.1645105120543544,0.1603570959566554,-0.1160373028539792,-0.7589296886768228,-1.054955887605617,-1.0595869294263256,-0.4996994530407752,-0.3197061910419526,15.74248556335066,0.5324233819721522,-1.583504904872103,-0.9121245911396572,-0.9677316955032114,-0.5261363965472929,-0.988251756478164,-0.0788126586533602,-0.0735080329772783,1.0003855297086786,2.077949670486882,16.030433262106445,-0.4801828485814883,0.2731283054002642,-1.6378333431669077,-0.0462639730980887,-1.0272862247412355,0.3286838216996856,1.2143359500943989,1.2110066066054783,1.001935228959237,2.198100226685048,16.343955589549743,1.4573176338558755,0.621141898142974
-0.9121245911396572,-0.9677316955032114,-0.5261363965472929,-0.988251756478164,-0.0788126586533602,-0.0735080329772783,1.0003855297086786,2.077949670486882,16.030433262106445,-0.4801828485814883,0.2731283054002642,-1.6378333431669077,-0.0462639730980887,-1.0272862247412355,0.3286838216996856,1.2143359500943989,1.2110066066054783,1.001935228959237,2.198100226685048,16.343955589549743,1.4573176338558755,0.621141898142974,0.6553443571628803,1.619681847361386,1.4480929926232873,1.619205501252876,1.1568981965400376,1.154342914996514,-0.1135488003626354,1.57850243294512,16.427673819634965,-0.0545764338063239,1.816476956457855
-1.6378333431669077,-0.0462639730980887,-1.0272862247412355,0.3286838216996856,1.2143359500943989,1.2110066066054783,1.001935228959237,2.198100226685048,16.343955589549743,1.4573176338558755,0.621141898142974,0.6553443571628803,1.619681847361386,1.4480929926232873,1.619205501252876,1.1568981965400376,1.154342914996514,-0.1135488003626354,1.57850243294512,16.427673819634965,-0.0545764338063239,1.816476956457855,1.0844325888309667,1.293104710665593,1.369020081090851,0.4802945316293175,-1.0003248105201252,-1.0006190345696129,-0.8780824299997495,0.6535889774249009,16.32610940189532,-0.3125078591831977,-0.3101060974319976
0.6553443571628803,1.619681847361386,1.4480929926232873,1.619205501252876,1.1568981965400376,1.154342914996514,-0.1135488003626354,1.57850243294512,16.427673819634965,-0.0545764338063239,1.816476956457855,1.0844325888309667,1.293104710665593,1.369020081090851,0.4802945316293175,-1.0003248105201252,-1.0006190345696129,-0.8780824299997495,0.6535889774249009,16.32610940189532,-0.3125078591831977,-0.3101060974319976,0.6153281679170635,0.8314954585295519,0.8867924927880839,0.9561705301309494,0.3669785233474574,0.3709824882848712,-1.6117753821015663,-1.0770617634246615,15.765996081156404,-0.1598588203067162,1.0297982526417258
1.0844325888309667,1.293104710665593,1.369020081090851,0.4802945316293175,-1.0003248105201252,-1.0006190345696129,-0.8780824299997495,0.6535889774249009,16.32610940189532,-0.3125078591831977,-0.3101060974319976,0.6153281679170635,0.8314954585295519,0.8867924927880839,0.9561705301309494,0.3669785233474574,0.3709824882848712,-1.6117753821015663,-1.0770617634246615,15.765996081156404,-0.1598588203067162,1.0297982526417258,0.8364548337898808,0.8825778296054481,0.9755091716593098,1.2397465140771056,0.3781673493282003,0.3812577660373559,-0.4084432323470458,-1.0727217356209058,15.652163880432475,-0.1284630600131109,0.2448654877629717
0.6153281679170635,0.8314954585295519,0.8867924927880839,0.9561705301309494,0.3669785233474574,0.3709824882848712,-1.6117753821015663,-1.0770617634246615,15.765996081156404,-0.1598588203067162,1.0297982526417258,0.8364548337898808,0.8825778296054481,0.9755091716593098,1.2397465140771056,0.3781673493282003,0.3812577660373559,-0.4084432323470458,-1.0727217356209058,15.652163880432475,-0.1284630600131109,0.2448654877629717,1.1429886791537054,1.20235361416229,1.193148906840748,1.411698664602474,0.2495880664375127,0.2525261596172449,-0.5812197652357165,-1.197108100439961,15.506067706099932,-0.0663702743946919,1.128217088066588
0.8364548337898808,0.8825778296054481,0.9755091716593098,1.2397465140771056,0.3781673493282003,0.3812577660373559,-0.4084432323470458,-1.0727217356209058,15.652163880432475,-0.1284630600131109,0.2448654877629717,1.1429886791537054,1.20235361416229,1.193148906840748,1.411698664602474,0.2495880664375127,0.2525261596172449,-0.5812197652357165,-1.197108100439961,15.506067706099932,-0.0663702743946919,1.128217088066588,1.7523535703176285,1.0773112977164976,0.8909349915092304,-0.1477183570060017,-1.506662492986733,-1.5104869056250347,-0.2222762865185787,-1.1248562534321194,15.457493295469932,0.1190513242318399,-0.9754762321767454
1.1429886791537054,1.20235361416229,1.193148906840748,1.411698664602474,0.2495880664375127,0.2525261596172449,-0.5812197652357165,-1.197108100439961,15.506067706099932,-0.0663702743946919,1.128217088066588,1.7523535703176285,1.0773112977164976,0.8909349915092304,-0.1477183570060017,-1.506662492986733,-1.5104869056250347,-0.2222762865185787,-1.1248562534321194,15.457493295469932,0.1190513242318399,-0.9754762321767454,0.6519207144735805,0.0494278689909382,0.8771798526104586,0.298482683373608,0.4176664997053122,0.4203372877094087,-0.2930360182788925,-1.0174471757676111,15.347743615542097,-1.6428865078733008,-0.6061552164566862
1.7523535703176285,1.0773112977164976,0.8909349915092304,-0.1477183570060017,-1.506662492986733,-1.5104869056250347,-0.2222762865185787,-1.1248562534321194,15.457493295469932,0.1190513242318399,-0.9754762321767454,0.6519207144735805,0.0494278689909382,0.8771798526104586,0.298482683373608,0.4176664997053122,0.4203372877094087,-0.2930360182788925,-1.0174471757676111,15.347743615542097,-1.6428865078733008,-0.6061552164566862,0.5609798018509395,-0.3900980905847557,0.4731262050244673,0.4514952916356735,0.078456128043952,0.0820246428010106,0.6214538715839574,-0.7367731207467904,15.48782955624862,-1.3307519030992263,0.1454954027838242
0.6519207144735805,0.0494278689909382,0.8771798526104586,0.298482683373608,0.4176664997053122,0.4203372877094087,-0.2930360182788925,-1.0174471757676111,15.347743615542097,-1.6428865078733008,-0.6061552164566862,0.5609798018509395,-0.3900980905847557,0.4731262050244673,0.4514952916356735,0.078456128043952,0.0820246428010106,0.6214538715839574,-0.7367731207467904,15.48782955624862,-1.3307519030992263,0.1454954027838242,0.9799324853535964,2.528155159534902,1.5548067341485976,2.5138543348077933,1.960205523520148,1.9449420474870245,1.398407905801033,-0.1148613878673658,15.77826391754178,1.7148410124748112,1.7819180177806808
0.5609798018509395,-0.3900980905847557,0.4731262050244673,0.4514952916356735,0.078456128043952,0.0820246428010106,0.6214538715839574,-0.7367731207467904,15.48782955624862,-1.3307519030992263,0.1454954027838242,0.9799324853535964,2.528155159534902,1.5548067341485976,2.5138543348077933,1.960205523520148,1.9449420474870245,1.398407905801033,-0.1148613878673658,15.77826391754178,1.7148410124748112,1.7819180177806808,2.6664646924747992,2.341503418135459,2.721709776253129,2.21445281136154,0.7190363671096125,0.7218397024300461,0.0210180276222722,0.1640406059950475,15.74399853276699,-1.0052642358916628,-0.2952206066258935
0.9799324853535964,2.528155159534902,1.5548067341485976,2.5138543348077933,1.960205523520148,1.9449420474870245,1.398407905801033,-0.1148613878673658,15.77826391754178,1.7148410124748112,1.7819180177806808,2.6664646924747992,2.341503418135459,2.721709776253129,2.21445281136154,0.7190363671096125,0.7218397024300461,0.0210180276222722,0.1640406059950475,15.74399853276699,-1.0052642358916628,-0.2952206066258935,1.926717099154462,1.7018333244753436,1.779398237916655,1.6912473203135223,-0.1623941110751834,-0.1576885127681518,-1.779717742347493,-1.050872312843392,14.942840194626957,-0.3849150972367629,-0.2005451912658332
2.6664646924747992,2.341503418135459,2.721709776253129,2.21445281136154,0.7190363671096125,0.7218397024300461,0.0210180276222722,0.1640406059950475,15.74399853276699,-1.0052642358916628,-0.2952206066258935,1.926717099154462,1.7018333244753436,1.779398237916655,1.6912473203135223,-0.1623941110751834,-0.1576885127681518,-1.779717742347493,-1.050872312843392,14.942840194626957,-0.3849150972367629,-0.2005451912658332,1.0379940079090255,1.5610585536528152,1.149766592729122,1.5292572698845837,0.0558530991148353,0.060592023753786,2.5349123334118544,2.28787853922122,15.843816819087506,1.5835822576644034,0.4065490141120661
1.926717099154462,1.7018333244753436,1.779398237916655,1.6912473203135223,-0.1623941110751834,-0.1576885127681518,-1.779717742347493,-1.050872312843392,14.942840194626957,-0.3849150972367629,-0.2005451912658332,1.0379940079090255,1.5610585536528152,1.149766592729122,1.5292572698845837,0.0558530991148353,0.060592023753786,2.5349123334118544,2.28787853922122,15.843816819087506,1.5835822576644034,0.4065490141120661,1.5019058134217604,1.184633722449289,1.382514252857442,1.1431490009210092,-0.6939026009736862,-0.6932457257204742,-0.437646307616689,1.23088835084618,15.678318717368512,-0.4858948831871112,0.1646490153048087
1.0379940079090255,1.5610585536528152,1.149766592729122,1.5292572698845837,0.0558530991148353,0.060592023753786,2.5349123334118544,2.28787853922122,15.843816819087506,1.5835822576644034,0.4065490141120661,1.5019058134217604,1.184633722449289,1.382514252857442,1.1431490009210092,-0.6939026009736862,-0.6932457257204742,-0.437646307616689,1.23088835084618,15.678318717368512,-0.4858948831871112,0.1646490153048087,0.9613927708094142,0.778313822366835,1.0321936904518088,0.5513437513758782,-1.1668764968232357,-1.1728432343101058,-0.3587016928100745,0.6763650345611886,15.56108663743227,-0.7665838735737718,-1.0335219276844043
1.5019058134217604,1.184633722449289,1.382514252857442,1.1431490009210092,-0.6939026009736862,-0.6932457257204742,-0.437646307616689,1.23088835084618,15.678318717368512,-0.4858948831871112,0.1646490153048087,0.9613927708094142,0.778313822366835,1.0321936904518088,0.5513437513758782,-1.1668764968232357,-1.1728432343101058,-0.3587016928100745,0.6763650345611886,15.56108663743227,-0.7665838735737718,-1.0335219276844043,0.839487434405064,0.7438505725431996,0.909498888156727,0.7175439858797482,0.295006116160088,0.3004835254599202,-0.4322337293112774,0.0627688659724364,15.39632283861781,-0.5019280615638547,0.2610443546789264
0.9613927708094142,0.778313822366835,1.0321936904518088,0.5513437513758782,-1.1668764968232357,-1.1728432343101058,-0.3587016928100745,0.6763650345611886,15.56108663743227,-0.7665838735737718,-1.0335219276844043,0.839487434405064,0.7438505725431996,0.909498888156727,0.7175439858797482,0.295006116160088,0.3004835254599202,-0.4322337293112774,0.0627688659724364,15.39632283861781,-0.5019280615638547,0.2610443546789264,1.014716348634371,0.8867208846466111,1.0400976744900985,1.0107943931357557,0.3836919137834455,0.3885778128249686,-0.4978216637205886,-0.6063414953008839,15.165426423002556,-0.4299408077985032,-0.0392870522827804
0.839487434405064,0.7438505725431996,0.909498888156727,0.7175439858797482,0.295006116160088,0.3004835254599202,-0.4322337293112774,0.0627688659724364,15.39632283861781,-0.5019280615638547,0.2610443546789264,1.014716348634371,0.8867208846466111,1.0400976744900985,1.0107943931357557,0.3836919137834455,0.3885778128249686,-0.4978216637205886,-0.6063414953008839,15.165426423002556,-0.4299408077985032,-0.0392870522827804,1.3536626065291228,1.3801075786455708,1.429700130096647,1.2347557323735865,0.0496782984704223,0.0542885217564837,0.8051227220661095,0.7190766492357513,15.626419009536637,-0.4020441171236937,-0.6031208156978846
1.014716348634371,0.8867208846466111,1.0400976744900985,1.0107943931357557,0.3836919137834455,0.3885778128249686,-0.4978216637205886,-0.6063414953008839,15.165426423002556,-0.4299408077985032,-0.0392870522827804,1.3536626065291228,1.3801075786455708,1.429700130096647,1.2347557323735865,0.0496782984704223,0.0542885217564837,0.8051227220661095,0.7190766492357513,15.626419009536637,-0.4020441171236937,-0.6031208156978846,1.6220766539384703,1.615031208932659,1.6693371506798866,1.6641743225944974,-0.2040625329170249,-0.2002868564767247,-0.2857080764149663,0.3371292152529477,15.576742260656472,-1.2557109688386263,-0.8990808363563222
1.3536626065291228,1.3801075786455708,1.429700130096647,1.2347557323735865,0.0496782984704223,0.0542885217564837,0.8051227220661095,0.7190766492357513,15.626419009536637,-0.4020441171236937,-0.6031208156978846,1.6220766539384703,1.615031208932659,1.6693371506798866,1.6641743225944974,-0.2040625329170249,-0.2002868564767247,-0.2857080764149663,0.3371292152529477,15.576742260656472,-1.2557109688386263,-0.8990808363563222,1.7253811662728882,1.5445533193030956,1.3014352165916128,1.3926781454295207,-0.6391346108108643,-0.6361154747985233,-0.3811377915414814,-0.189221802749045,15.412997541683168,-0.087216209032641,-0.1871304603961147
1.6220766539384703,1.615031208932659,1.6693371506798866,1.6641743225944974,-0.2040625329170249,-0.2002868564767247,-0.2857080764149663,0.3371292152529477,15.576742260656472,-1.2557109688386263,-0.8990808363563222,1.7253811662728882,1.5445533193030956,1.3014352165916128,1.3926781454295207,-0.6391346108108643,-0.6361154747985233,-0.3811377915414814,-0.189221802749045,15.412997541683168,-0.087216209032641,-0.1871304603961147,1.0162835772009615,1.399428621072911,1.288551991253099,1.3627389953044104,0.1172932277374891,0.1195690411389056,-0.3158466328806132,-0.4566143936707811,15.280639435650214,-0.4106705951024074,-0.334672549170385
1.7253811662728882,1.5445533193030956,1.3014352165916128,1.3926781454295207,-0.6391346108108643,-0.6361154747985233,-0.3811377915414814,-0.189221802749045,15.412997541683168,-0.087216209032641,-0.1871304603961147,1.0162835772009615,1.399428621072911,1.288551991253099,1.3627389953044104,0.1172932277374891,0.1195690411389056,-0.3158466328806132,-0.4566143936707811,15.280639435650214,-0.4106705951024074,-0.334672549170385,0.8304803559004759,0.4754773494443843,-0.3601876552270017,0.0310365737133495,-1.8567478591783748,-1.8610812516500213,1.0373944703023228,1.601841674238851,15.853439893023944,1.584747418747693,-2.3556058123594577
1.0162835772009615,1.399428621072911,1.288551991253099,1.3627389953044104,0.1172932277374891,0.1195690411389056,-0.3158466328806132,-0.4566143936707811,15.280639435650214,-0.4106705951024074,-0.334672549170385,0.8304803559004759,0.4754773494443843,-0.3601876552270017,0.0310365737133495,-1.8567478591783748,-1.8610812516500213,1.0373944703023228,1.601841674238851,15.853439893023944,1.584747418747693,-2.3556058123594577,0.1418268458511913,0.1563662449960258,0.2400324819670343,0.2164058007638374,0.2446825793554479,0.2471922533843341,-1.017159481827157,-0.4568855449042971,15.39149530094298,-0.2510714826413764,0.2845030311640716
0.8304803559004759,0.4754773494443843,-0.3601876552270017,0.0310365737133495,-1.8567478591783748,-1.8610812516500213,1.0373944703023228,1.601841674238851,15.853439893023944,1.584747418747693,-2.3556058123594577,0.1418268458511913,0.1563662449960258,0.2400324819670343,0.2164058007638374,0.2446825793554479,0.2471922533843341,-1.017159481827157,-0.4568855449042971,15.39149530094298,-0.2510714826413764,0.2845030311640716,0.0129357772555626,-0.3300038523296038,-0.2416878699166717,-0.5618610682259684,-0.9770637918718464,-0.97514334437091,-0.1258066871069509,-0.3291916544337211,15.362008883617024,-0.1418215488524187,0.2432022568124145
0.1418268458511913,0.1563662449960258,0.2400324819670343,0.2164058007638374,0.2446825793554479,0.2471922533843341,-1.017159481827157,-0.4568855449042971,15.39149530094298,-0.2510714826413764,0.2845030311640716,0.0129357772555626,-0.3300038523296038,-0.2416878699166717,-0.5618610682259684,-0.9770637918718464,-0.97514334437091,-0.1258066871069509,-0.3291916544337211,15.362008883617024,-0.1418215488524187,0.2432022568124145,-0.7047542582566183,-1.0727482055621855,-0.5313343086996918,-1.037021931663202,-0.3846711086181361,-0.3809180502260659,0.3092318015888534,0.4746684228908943,15.50686038386393,-0.8710194615180782,0.0030505069088359
0.0129357772555626,-0.3300038523296038,-0.2416878699166717,-0.5618610682259684,-0.9770637918718464,-0.97514334437091,-0.1258066871069509,-0.3291916544337211,15.362008883617024,-0.1418215488524187,0.2432022568124145,-0.7047542582566183,-1.0727482055621855,-0.5313343086996918,-1.037021931663202,-0.3846711086181361,-0.3809180502260659,0.3092318015888534,0.4746684228908943,15.50686038386393,-0.8710194615180782,0.0030505069088359,-1.0308320315811783,-0.8612828089385731,-0.931869767256668,-0.4730606860716754,0.7274641222220416,0.7267456558683356,0.1066471522340072,0.7975666297986297,15.608935472900727,0.3698916731501838,0.6501907437325782
-0.7047542582566183,-1.0727482055621855,-0.5313343086996918,-1.037021931663202,-0.3846711086181361,-0.3809180502260659,0.3092318015888534,0.4746684228908943,15.50686038386393,-0.8710194615180782,0.0030505069088359,-1.0308320315811783,-0.8612828089385731,-0.931869767256668,-0.4730606860716754,0.7274641222220416,0.7267456558683356,0.1066471522340072,0.7975666297986297,15.608935472900727,0.3698916731501838,0.6501907437325782,-1.0052759274800245,-1.146598437193619,-0.7912477381277003,-1.438142701573473,-1.1289480581993214,-1.1280325155519235,-0.6818682909464442,-0.560325919626992,15.424448545456722,-0.3360819717286599,-1.10930263477482
-1.0308320315811783,-0.8612828089385731,-0.931869767256668,-0.4730606860716754,0.7274641222220416,0.7267456558683356,0.1066471522340072,0.7975666297986297,15.608935472900727,0.3698916731501838,0.6501907437325782,-1.0052759274800245,-1.146598437193619,-0.7912477381277003,-1.438142701573473,-1.1289480581993214,-1.1280325155519235,-0.6818682909464442,-0.560325919626992,15.424448545456722,-0.3360819717286599,-1.10930263477482,-2.5037920617341425,-1.6468488943603192,-2.5343489233463763,-1.6686158755201237,-0.6973770176591505,-0.6953574505101983,1.298741219979403,1.6903368703815642,15.837243666924447,2.6368980187657187,-0.3313212511979913
-1.0052759274800245,-1.146598437193619,-0.7912477381277003,-1.438142701573473,-1.1289480581993214,-1.1280325155519235,-0.6818682909464442,-0.560325919626992,15.424448545456722,-0.3360819717286599,-1.10930263477482,-2.5037920617341425,-1.6468488943603192,-2.5343489233463763,-1.6686158755201237,-0.6973770176591505,-0.6953574505101983,1.298741219979403,1.6903368703815642,15.837243666924447,2.6368980187657187,-0.3313212511979913,-0.7367888061975173,-1.365837213339867,-1.0847902613296014,-1.953912794351491,-1.1339831755538716,-1.1354810518325942,0.0059763891015704,1.4944457492873442,15.91476710431467,0.6006146140608449,-0.071302751545263
-2.5037920617341425,-1.6468488943603192,-2.5343489233463763,-1.6686158755201237,-0.6973770176591505,-0.6953574505101983,1.298741219979403,1.6903368703815642,15.837243666924447,2.6368980187657187,-0.3313212511979913,-0.7367888061975173,-1.365837213339867,-1.0847902613296014,-1.953912794351491,-1.1339831755538716,-1.1354810518325942,0.0059763891015704,1.4944457492873442,15.91476710431467,0.6006146140608449,-0.071302751545263,-1.2269535645243996,-1.8752198443996957,-0.7471936404300439,-1.210689884375859,1.19779774822981,1.195915073763394,-0.7145663867791409,0.180174642263664,15.731668318898649,-0.5656046432325297,0.0715423296338612
-0.7367888061975173,-1.365837213339867,-1.0847902613296014,-1.953912794351491,-1.1339831755538716,-1.1354810518325942,0.0059763891015704,1.4944457492873442,15.91476710431467,0.6006146140608449,-0.071302751545263,-1.2269535645243996,-1.8752198443996957,-0.7471936404300439,-1.210689884375859,1.19779774822981,1.195915073763394,-0.7145663867791409,0.180174642263664,15.731668318898649,-0.5656046432325297,0.0715423296338612,-0.6850174087867045,-0.7866052165268458,-0.0707717824452005,-0.3588038157018469,1.3942900451666234,1.3907414623879029,-0.9910958913841428,-1.3524351230862024,15.384043347423043,-0.4954060193185503,1.4437686858374996
-1.2269535645243996,-1.8752198443996957,-0.7471936404300439,-1.210689884375859,1.19779774822981,1.195915073763394,-0.7145663867791409,0.180174642263664,15.731668318898649,-0.5656046432325297,0.0715423296338612,-0.6850174087867045,-0.7866052165268458,-0.0707717824452005,-0.3588038157018469,1.3942900451666234,1.3907414623879029,-0.9910958913841428,-1.3524351230862024,15.384043347423043,-0.4954060193185503,1.4437686858374996,-0.2213086086294264,0.413728406547126,0.2103757523079929,0.6032883463763972,1.183613401694413,1.1811762165204849,-0.0589137050724595,-1.069710412698918,15.34748431872336,-0.0117013044161686,1.8503119854451733
-0.6850174087867045,-0.7866052165268458,-0.0707717824452005,-0.3588038157018469,1.3942900451666234,1.3907414623879029,-0.9910958913841428,-1.3524351230862024,15.384043347423043,-0.4954060193185503,1.4437686858374996,-0.2213086086294264,0.413728406547126,0.2103757523079929,0.6032883463763972,1.183613401694413,1.1811762165204849,-0.0589137050724595,-1.069710412698918,15.34748431872336,-0.0117013044161686,1.8503119854451733,0.3556294919523768,-0.4278361377899555,0.25948044881265,-0.2599116676621226,-0.9593231885578192,-0.9601412204592396,0.1382673583072138,-0.841408263826289,15.398235022294662,-0.568603441931568,0.7405485930259362
-0.2213086086294264,0.413728406547126,0.2103757523079929,0.6032883463763972,1.183613401694413,1.1811762165204849,-0.0589137050724595,-1.069710412698918,15.34748431872336,-0.0117013044161686,1.8503119854451733,0.3556294919523768,-0.4278361377899555,0.25948044881265,-0.2599116676621226,-0.9593231885578192,-0.9601412204592396,0.1382673583072138,-0.841408263826289,15.398235022294662,-0.568603441931568,0.7405485930259362,-0.3936878827062389,-0.1453937964510216,-0.0703796343581522,0.4129989134827767,0.6761925932652737,0.6774848663317901,0.029019590097184,-0.7161680794502109,15.431685922708098,-0.008094736204469,0.995623692115336
0.3556294919523768,-0.4278361377899555,0.25948044881265,-0.2599116676621226,-0.9593231885578192,-0.9601412204592396,0.1382673583072138,-0.841408263826289,15.398235022294662,-0.568603441931568,0.7405485930259362,-0.3936878827062389,-0.1453937964510216,-0.0703796343581522,0.4129989134827767,0.6761925932652737,0.6774848663317901,0.029019590097184,-0.7161680794502109,15.431685922708098,-0.008094736204469,0.995623692115336,0.4338275226713782,1.3959587333121253,0.7438198851680898,0.553758088552991,0.1311634933104632,0.1345353372065445,0.0549729709150872,-0.5200679093751703,15.457938466733696,-0.0144043837089419,0.6828904465557907
-0.3936878827062389,-0.1453937964510216,-0.0703796343581522,0.4129989134827767,0.6761925932652737,0.6774848663317901,0.029019590097184,-0.7161680794502109,15.431685922708098,-0.008094736204469,0.995623692115336,0.4338275226713782,1.3959587333121253,0.7438198851680898,0.553758088552991,0.1311634933104632,0.1345353372065445,0.0549729709150872,-0.5200679093751703,15.457938466733696,-0.0144043837089419,0.6828904465557907,0.9474545338128414,1.4005927756014016,1.0932939509955026,1.731692095831792,1.207800885321434,1.204432852115979,0.3692666405664153,-0.059270298877407,15.547130881263405,-0.3943554261315498,0.0531258300946806
0.4338275226713782,1.3959587333121253,0.7438198851680898,0.553758088552991,0.1311634933104632,0.1345353372065445,0.0549729709150872,-0.5200679093751703,15.457938466733696,-0.0144043837089419,0.6828904465557907,0.9474545338128414,1.4005927756014016,1.0932939509955026,1.731692095831792,1.207800885321434,1.204432852115979,0.3692666405664153,-0.059270298877407,15.547130881263405,-0.3943554261315498,0.0531258300946806,1.3775465695557303,0.9142680257750616,0.6091194387112463,0.5878606823042091,-1.112127195184939,-1.1125982081174326,-0.5709167152121621,-0.4965499060045558,15.440940119643548,-0.1043215534402165,-1.0460746883899237
0.9474545338128414,1.4005927756014016,1.0932939509955026,1.731692095831792,1.207800885321434,1.204432852115979,0.3692666405664153,-0.059270298877407,15.547130881263405,-0.3943554261315498,0.0531258300946806,1.3775465695557303,0.9142680257750616,0.6091194387112463,0.5878606823042091,-1.112127195184939,-1.1125982081174326,-0.5709167152121621,-0.4965499060045558,15.440940119643548,-0.1043215534402165,-1.0460746883899237,1.387102239040853,1.0073562663360702,1.3660165351579656,0.6780243097481878,0.1001115891031388,0.1035463903694371,-1.1297698098048772,-0.9400571452955532,15.215461492140744,-0.761381440928254,0.935210658616827
1.3775465695557303,0.9142680257750616,0.6091194387112463,0.5878606823042091,-1.112127195184939,-1.1125982081174326,-0.5709167152121621,-0.4965499060045558,15.440940119643548,-0.1043215534402165,-1.0460746883899237,1.387102239040853,1.0073562663360702,1.3660165351579656,0.6780243097481878,0.1001115891031388,0.1035463903694371,-1.1297698098048772,-0.9400571452955532,15.215461492140744,-0.761381440928254,0.935210658616827,1.3245738083805316,1.612050525233948,1.559005159633368,0.9930893483004888,0.1340672200299442,0.1367426745066816,1.4963079825654375,0.4974436704868513,15.37953281616046,0.8203389944780327,-0.1525078857175071
1.387102239040853,1.0073562663360702,1.3660165351579656,0.6780243097481878,0.1001115891031388,0.1035463903694371,-1.1297698098048772,-0.9400571452955532,15.215461492140744,-0.761381440928254,0.935210658616827,1.3245738083805316,1.612050525233948,1.559005159633368,0.9930893483004888,0.1340672200299442,0.1367426745066816,1.4963079825654375,0.4974436704868513,15.37953281616046,0.8203389944780327,-0.1525078857175071,0.8966481355207558,0.09448583348628,0.61748460381499,0.8325839130128795,-0.3642248680180666,-0.360865783465001,-1.254601443667409,-1.1927965594574887,15.098331787861929,-1.0740196180842898,-0.8558092406080278
1.3245738083805316,1.612050525233948,1.559005159633368,0.9930893483004888,0.1340672200299442,0.1367426745066816,1.4963079825654375,0.4974436704868513,15.37953281616046,0.8203389944780327,-0.1525078857175071,0.8966481355207558,0.09448583348628,0.61748460381499,0.8325839130128795,-0.3642248680180666,-0.360865783465001,-1.254601443667409,-1.1927965594574887,15.098331787861929,-1.0740196180842898,-0.8558092406080278,1.077221831527491,1.2631501951872717,1.3690317833669,2.0801454529613537,1.3008499577225348,1.2959988606765789,1.3798843426541176,0.7740513318077231,15.285939474487868,-0.237168865290871,0.3486117234728456
0.8966481355207558,0.09448583348628,0.61748460381499,0.8325839130128795,-0.3642248680180666,-0.360865783465001,-1.254601443667409,-1.1927965594574887,15.098331787861929,-1.0740196180842898,-0.8558092406080278,1.077221831527491,1.2631501951872717,1.3690317833669,2.0801454529613537,1.3008499577225348,1.2959988606765789,1.3798843426541176,0.7740513318077231,15.285939474487868,-0.237168865290871,0.3486117234728456,1.4330002356222982,0.7410444609718644,0.6934377466921283,0.1367394535918392,-1.5446251094152106,-1.5495977107785093,-0.8040792377102143,-0.6621841840129572,15.142612349516265,0.1630870632338576,-1.0143563247604863
1.077221831527491,1.2631501951872717,1.3690317833669,2.0801454529613537,1.3008499577225348,1.2959988606765789,1.3798843426541176,0.7740513318077231,15.285939474487868,-0.237168865290871,0.3486117234728456,1.4330002356222982,0.7410444609718644,0.6934377466921283,0.1367394535918392,-1.5446251094152106,-1.5495977107785093,-0.8040792377102143,-0.6621841840129572,15.142612349516265,0.1630870632338576,-1.0143563247604863,-1.2977928359829092,-0.3498570189422757,-1.1716173296389478,-0.3963430177355831,-0.4133640095243148,-0.4100359256695566,-0.7394428661040955,-1.4878794881010644,14.984457351060572,1.9052184039611493,0.4454194855413255
1.4330002356222982,0.7410444609718644,0.6934377466921283,0.1367394535918392,-1.5446251094152106,-1.5495977107785093,-0.8040792377102143,-0.6621841840129572,15.142612349516265,0.1630870632338576,-1.0143563247604863,-1.2977928359829092,-0.3498570189422757,-1.1716173296389478,-0.3963430177355831,-0.4133640095243148,-0.4100359256695566,-0.7394428661040955,-1.4878794881010644,14.984457351060572,1.9052184039611493,0.4454194855413255,0.2360573097533615,-1.1848232890122878,-1.1971878786209202,-1.5762279374411636,-0.9512568821735212,-0.9514431774165608,1.5867136782375273,0.9827766670120054,15.24524771629886,0.4969153368854108,-0.6852932951220161
-1.2977928359829092,-0.3498570189422757,-1.1716173296389478,-0.3963430177355831,-0.4133640095243148,-0.4100359256695566,-0.7394428661040955,-1.4878794881010644,14.984457351060572,1.9052184039611493,0.4454194855413255,0.2360573097533615,-1.1848232890122878,-1.1971878786209202,-1.5762279374411636,-0.9512568821735212,-0.9514431774165608,1.5867136782375273,0.9827766670120054,15.24524771629886,0.4969153368854108,-0.6852932951220161,-1.957374499249703,-1.7008359281709156,-1.5776911354697252,-0.9935383220723796,0.4301027051307492,0.4329393174582377,0.2171786313396839,1.3082178042561847,15.284490515862938,0.3938141779847567,0.302264191682087
0.2360573097533615,-1.1848232890122878,-1.1971878786209202,-1.5762279374411636,-0.9512568821735212,-0.9514431774165608,1.5867136782375273,0.9827766670120054,15.24524771629886,0.4969153368854108,-0.6852932951220161,-1.957374499249703,-1.7008359281709156,-1.5776911354697252,-0.9935383220723796,0.4301027051307492,0.4329393174582377,0.2171786313396839,1.3082178042561847,15.284490515862938,0.3938141779847567,0.302264191682087,-0.0541917443299807,-0.592063905447017,-0.1193433685042143,-0.0527696119360555,0.8051896214775454,0.8057924093122476,-0.7696294580431585,0.1143029232650256,15.08908432884987,-0.8006979343066052,-0.8248847149119057
-1.957374499249703,-1.7008359281709156,-1.5776911354697252,-0.9935383220723796,0.4301027051307492,0.4329393174582377,0.2171786313396839,1.3082178042561847,15.284490515862938,0.3938141779847567,0.302264191682087,-0.0541917443299807,-0.592063905447017,-0.1193433685042143,-0.0527696119360555,0.8051896214775454,0.8057924093122476,-0.7696294580431585,0.1143029232650256,15.08908432884987,-0.8006979343066052,-0.8248847149119057,0.2618431689737727,-0.0233869008629208,0.3096628460427797,0.5844395578751754,0.5537248087737533,0.554854036230067,0.4491616651926635,0.9493861136107344,15.163246246733502,-0.6768262681511628,1.123420093561717
-0.0541917443299807,-0.592063905447017,-0.1193433685042143,-0.0527696119360555,0.8051896214775454,0.8057924093122476,-0.7696294580431585,0.1143029232650256,15.08908432884987,-0.8006979343066052,-0.8248847149119057,0.2618431689737727,-0.0233869008629208,0.3096628460427797,0.5844395578751754,0.5537248087737533,0.554854036230067,0.4491616651926635,0.9493861136107344,15.163246246733502,-0.6768262681511628,1.123420093561717,0.838454202394933,0.6407454811590253,1.2807286007371776,1.3707160361586832,0.8096871128936782,0.8088884003741924,1.222224908561627,2.1212562964183883,15.414433582212702,-1.5481740826707926,-1.5605766083643784
0.2618431689737727,-0.0233869008629208,0.3096628460427797,0.5844395578751754,0.5537248087737533,0.554854036230067,0.4491616651926635,0.9493861136107344,15.163246246733502,-0.6768262681511628,1.123420093561717,0.838454202394933,0.6407454811590253,1.2807286007371776,1.3707160361586832,0.8096871128936782,0.8088884003741924,1.222224908561627,2.1212562964183883,15.414433582212702,-1.5481740826707926,-1.5605766083643784,1.1326236963250231,1.3973715997487937,0.6182579658966968,-0.2799854849057045,-1.3751241014479818,-1.377790426521813,-0.4479687771625468,1.2378064475809036,15.335177142791988,0.9074842870032088,-0.0067740640546865
0.838454202394933,0.6407454811590253,1.2807286007371776,1.3707160361586832,0.8096871128936782,0.8088884003741924,1.222224908561627,2.1212562964183883,15.414433582212702,-1.5481740826707926,-1.5605766083643784,1.1326236963250231,1.3973715997487937,0.6182579658966968,-0.2799854849057045,-1.3751241014479818,-1.377790426521813,-0.4479687771625468,1.2378064475809036,15.335177142791988,0.9074842870032088,-0.0067740640546865,0.6531124196243979,1.051053144159439,0.933068338850109,1.2679786538915574,1.2759738709881785,1.2708325059497674,-1.2249230903091175,-0.4837254932523767,15.080061206542004,-0.2317420476717831,0.9869317383397106
1.1326236963250231,1.3973715997487937,0.6182579658966968,-0.2799854849057045,-1.3751241014479818,-1.377790426521813,-0.4479687771625468,1.2378064475809036,15.335177142791988,0.9074842870032088,-0.0067740640546865,0.6531124196243979,1.051053144159439,0.933068338850109,1.2679786538915574,1.2759738709881785,1.2708325059497674,-1.2249230903091175,-0.4837254932523767,15.080061206542004,-0.2317420476717831,0.9869317383397106,1.1740342324183093,1.7682940288799118,1.7309879519796751,1.7375386815007547,0.5528560340968284,0.5545839793545,0.3060531287710215,-0.0611287044304366,15.134997425775,-0.8033017384267759,-0.7152954039685776
0.6531124196243979,1.051053144159439,0.933068338850109,1.2679786538915574,1.2759738709881785,1.2708325059497674,-1.2249230903091175,-0.4837254932523767,15.080061206542004,-0.2317420476717831,0.9869317383397106,1.1740342324183093,1.7682940288799118,1.7309879519796751,1.7375386815007547,0.5528560340968284,0.5545839793545,0.3060531287710215,-0.0611287044304366,15.134997425775,-0.8033017384267759,-0.7152954039685776,1.229962626731914,1.6029201347605984,1.5889397323567118,1.747782417453184,0.5225059176474334,0.5235318961771175,0.2400214521964855,0.1929775359030342,15.195686489610315,-0.8771161613833928,-1.8845685867309665
1.1740342324183093,1.7682940288799118,1.7309879519796751,1.7375386815007547,0.5528560340968284,0.5545839793545,0.3060531287710215,-0.0611287044304366,15.134997425775,-0.8033017384267759,-0.7152954039685776,1.229962626731914,1.6029201347605984,1.5889397323567118,1.747782417453184,0.5225059176474334,0.5235318961771175,0.2400214521964855,0.1929775359030342,15.195686489610315,-0.8771161613833928,-1.8845685867309665,1.783095109785752,1.8416420338174544,1.8252381278989724,1.560416456616557,0.1016974790298803,0.1045851952404224,0.5829373039270656,0.8894197119433016,15.335745821598064,-1.0445001603037898,-0.1239410714074155
1.229962626731914,1.6029201347605984,1.5889397323567118,1.747782417453184,0.5225059176474334,0.5235318961771175,0.2400214521964855,0.1929775359030342,15.195686489610315,-0.8771161613833928,-1.8845685867309665,1.783095109785752,1.8416420338174544,1.8252381278989724,1.560416456616557,0.1016974790298803,0.1045851952404224,0.5829373039270656,0.8894197119433016,15.335745821598064,-1.0445001603037898,-0.1239410714074155,1.195324139160793,1.384698183599491,1.314313489935803,1.1523856303393198,-0.875737381125826,-0.8721435911732379,1.0497987538093303,1.7913911166824148,15.526168606502118,-0.4236560380194337,-0.2092375528689901
1.783095109785752,1.8416420338174544,1.8252381278989724,1.560416456616557,0.1016974790298803,0.1045851952404224,0.5829373039270656,0.8894197119433016,15.335745821598064,-1.0445001603037898,-0.1239410714074155,1.195324139160793,1.384698183599491,1.314313489935803,1.1523856303393198,-0.875737381125826,-0.8721435911732379,1.0497987538093303,1.7913911166824148,15.526168606502118,-0.4236560380194337,-0.2092375528689901,1.6297416391721993,1.3935142910469087,1.4441135419294993,1.5925826541012489,0.8468157367807482,0.8441135572097929,-1.43158773130131,-0.4760340610015825,15.229371690004433,-0.8855808920435938,1.4017925459361753
1.195324139160793,1.384698183599491,1.314313489935803,1.1523856303393198,-0.875737381125826,-0.8721435911732379,1.0497987538093303,1.7913911166824148,15.526168606502118,-0.4236560380194337,-0.2092375528689901,1.6297416391721993,1.3935142910469087,1.4441135419294993,1.5925826541012489,0.8468157367807482,0.8441135572097929,-1.43158773130131,-0.4760340610015825,15.229371690004433,-0.8855808920435938,1.4017925459361753,1.545587546134292,1.1235644739051514,0.7934786996156784,0.5174823129951466,-1.6380275307923249,-1.6405516138510778,0.2722177165151513,-0.1803684392718993,15.310569858110886,0.9745838784997224,-1.2584079139681692
1.6297416391721993,1.3935142910469087,1.4441135419294993,1.5925826541012489,0.8468157367807482,0.8441135572097929,-1.43158773130131,-0.4760340610015825,15.229371690004433,-0.8855808920435938,1.4017925459361753,1.545587546134292,1.1235644739051514,0.7934786996156784,0.5174823129951466,-1.6380275307923249,-1.6405516138510778,0.2722177165151513,-0.1803684392718993,15.310569858110886,0.9745838784997224,-1.2584079139681692,0.3754950752206996,0.2356330753983895,0.3127992064515902,0.664876630263916,0.1220289682494135,0.125345265878699,-0.0963231415682281,-0.2451101923169948,15.324089142511555,-0.3625331593562689,1.5790580244519157
1.545587546134292,1.1235644739051514,0.7934786996156784,0.5174823129951466,-1.6380275307923249,-1.6405516138510778,0.2722177165151513,-0.1803684392718993,15.310569858110886,0.9745838784997224,-1.2584079139681692,0.3754950752206996,0.2356330753983895,0.3127992064515902,0.664876630263916,0.1220289682494135,0.125345265878699,-0.0963231415682281,-0.2451101923169948,15.324089142511555,-0.3625331593562689,1.5790580244519157,0.2677472692065406,0.4009834019409711,0.5170584474782831,0.8657768796500592,0.2421489393001259,0.2449498079229197,-0.6717363865423661,-0.818634238128135,15.20377822084297,-0.6897732667785647,0.8803580553593233
0.3754950752206996,0.2356330753983895,0.3127992064515902,0.664876630263916,0.1220289682494135,0.125345265878699,-0.0963231415682281,-0.2451101923169948,15.324089142511555,-0.3625331593562689,1.5790580244519157,0.2677472692065406,0.4009834019409711,0.5170584474782831,0.8657768796500592,0.2421489393001259,0.2449498079229197,-0.6717363865423661,-0.818634238128135,15.20377822084297,-0.6897732667785647,0.8803580553593233,1.04669142566598,0.6207789648230988,0.9431253079319544,0.9235862074998836,-0.3966812907746203,-0.3932416440001892,-0.9554110348768264,-1.4963739763481918,15.012187109254498,-1.5360505819895256,-0.3463511963188173
0.2677472692065406,0.4009834019409711,0.5170584474782831,0.8657768796500592,0.2421489393001259,0.2449498079229197,-0.6717363865423661,-0.818634238128135,15.20377822084297,-0.6897732667785647,0.8803580553593233,1.04669142566598,0.6207789648230988,0.9431253079319544,0.9235862074998836,-0.3966812907746203,-0.3932416440001892,-0.9554110348768264,-1.4963739763481918,15.012187109254498,-1.5360505819895256,-0.3463511963188173,0.7227175816442792,0.6577805042303905,0.817435990505976,0.7872625115325476,-0.3828718087581985,-0.3796110514890465,-0.5953792883614043,-1.6133145322424478,14.912722199517354,-0.6565470432976318,-1.0694530782551048
1.04669142566598,0.6207789648230988,0.9431253079319544,0.9235862074998836,-0.3966812907746203,-0.3932416440001892,-0.9554110348768264,-1.4963739763481918,15.012187109254498,-1.5360505819895256,-0.3463511963188173,0.7227175816442792,0.6577805042303905,0.817435990505976,0.7872625115325476,-0.3828718087581985,-0.3796110514890465,-0.5953792883614043,-1.6133145322424478,14.912722199517354,-0.6565470432976318,-1.0694530782551048,0.3515901749223095,-0.0383240078253892,0.4931070006868686,0.7500403062272298,-0.1959374511517141,-0.1930561383657731,1.0342510176483828,-0.7314175886858721,15.068159519961148,-1.0999303487148937,0.7672613040957825
0.7227175816442792,0.6577805042303905,0.817435990505976,0.7872625115325476,-0.3828718087581985,-0.3796110514890465,-0.5953792883614043,-1.6133145322424478,14.912722199517354,-0.6565470432976318,-1.0694530782551048,0.3515901749223095,-0.0383240078253892,0.4931070006868686,0.7500403062272298,-0.1959374511517141,-0.1930561383657731,1.0342510176483828,-0.7314175886858721,15.068159519961148,-1.0999303487148937,0.7672613040957825,0.3453145291838219,2.0285426517479084,0.9923776617865906,1.0831806402663635,0.207381185882059,0.2092543039706718,2.2214822725163947,1.6158161698627949,15.54840445109742,1.6553066709180335,-0.1297232673705474
0.3515901749223095,-0.0383240078253892,0.4931070006868686,0.7500403062272298,-0.1959374511517141,-0.1930561383657731,1.0342510176483828,-0.7314175886858721,15.068159519961148,-1.0999303487148937,0.7672613040957825,0.3453145291838219,2.0285426517479084,0.9923776617865906,1.0831806402663635,0.207381185882059,0.2092543039706718,2.2214822725163947,1.6158161698627949,15.54840445109742,1.6553066709180335,-0.1297232673705474,-1.4125501448678497,-1.9416227939919797,-2.6782697275990213,-2.5181551929738686,-2.3967822050819163,-2.4043704685900953,2.2951226910214606,2.6056024651153407,16.300417291085605,2.615837772748697,-2.5132803829062427
0.3453145291838219,2.0285426517479084,0.9923776617865906,1.0831806402663635,0.207381185882059,0.2092543039706718,2.2214822725163947,1.6158161698627949,15.54840445109742,1.6553066709180335,-0.1297232673705474,-1.4125501448678497,-1.9416227939919797,-2.6782697275990213,-2.5181551929738686,-2.3967822050819163,-2.4043704685900953,2.2951226910214606,2.6056024651153407,16.300417291085605,2.615837772748697,-2.5132803829062427,-2.309432400140699,-1.9910577091460349,-1.586223666727821,-1.8872522432132877,0.0068681774355759,0.011278179394462,-0.1372393135842043,1.7162496052960632,16.384398380250502,0.6943029520978219,0.8180461541601358
-1.4125501448678497,-1.9416227939919797,-2.6782697275990213,-2.5181551929738686,-2.3967822050819163,-2.4043704685900953,2.2951226910214606,2.6056024651153407,16.300417291085605,2.615837772748697,-2.5132803829062427,-2.309432400140699,-1.9910577091460349,-1.586223666727821,-1.8872522432132877,0.0068681774355759,0.011278179394462,-0.1372393135842043,1.7162496052960632,16.384398380250502,0.6943029520978219,0.8180461541601358,-1.892040261845458,-1.0844314836616764,-1.0740736725842088,-0.3627815818692657,1.52851326689253,1.5129478086968502,-1.5660922286170027,-0.6508574917008124,15.378192445963217,0.7684565475485357,1.012964674095914
-2.309432400140699,-1.9910577091460349,-1.586223666727821,-1.8872522432132877,0.0068681774355759,0.011278179394462,-0.1372393135842043,1.7162496052960632,16.384398380250502,0.6943029520978219,0.8180461541601358,-1.892040261845458,-1.0844314836616764,-1.0740736725842088,-0.3627815818692657,1.52851326689253,1.5129478086968502,-1.5660922286170027,-0.6508574917008124,15.378192445963217,0.7684565475485357,1.012964674095914,-0.1296332006550327,-0.9356288885298772,-0.6995843468936338,-0.7148553862895225,-0.3762814719627484,-0.3700345443820298,-0.2332271969496939,-0.6252742330947436,15.36498634158498,0.2488729302790357,-0.205157842858732
-1.892040261845458,-1.0844314836616764,-1.0740736725842088,-0.3627815818692657,1.52851326689253,1.5129478086968502,-1.5660922286170027,-0.6508574917008124,15.378192445963217,0.7684565475485357,1.012964674095914,-0.1296332006550327,-0.9356288885298772,-0.6995843468936338,-0.7148553862895225,-0.3762814719627484,-0.3700345443820298,-0.2332271969496939,-0.6252742330947436,15.36498634158498,0.2488729302790357,-0.205157842858732,-0.6333334424980993,-1.0596422320097334,-0.5371722570441427,-1.1235752928822091,-0.5158948250515819,-0.5101277178632142,0.2183163476268234,-0.3589430643178691,15.565857754325418,-0.2785712320831292,0.2033742787393894
-0.1296332006550327,-0.9356288885298772,-0.6995843468936338,-0.7148553862895225,-0.3762814719627484,-0.3700345443820298,-0.2332271969496939,-0.6252742330947436,15.36498634158498,0.2488729302790357,-0.205157842858732,-0.6333334424980993,-1.0596422320097334,-0.5371722570441427,-1.1235752928822091,-0.5158948250515819,-0.5101277178632142,0.2183163476268234,-0.3589430643178691,15.565857754325418,-0.2785712320831292,0.2033742787393894,-1.428753100314198,-1.9385016789268696,-1.6682119049241098,-1.983112455720094,-1.4849468925253682,-1.488147993879669,0.0979289842539569,-0.1706324388959684,15.744347354718869,0.6712462093071769,-0.2843709261669708
-0.6333334424980993,-1.0596422320097334,-0.5371722570441427,-1.1235752928822091,-0.5158948250515819,-0.5101277178632142,0.2183163476268234,-0.3589430643178691,15.565857754325418,-0.2785712320831292,0.2033742787393894,-1.428753100314198,-1.9385016789268696,-1.6682119049241098,-1.983112455720094,-1.4849468925253682,-1.488147993879669,0.0979289842539569,-0.1706324388959684,15.744347354718869,0.6712462093071769,-0.2843709261669708,-1.9745784897055956,-1.9910580103367437,-1.5649357823229226,-1.733782826183163,-0.1270989033265857,-0.121661912476005,-0.623318109655618,-0.5009294500358421,15.596461996953517,-0.4598843832802849,-0.1725855224695656
-1.428753100314198,-1.9385016789268696,-1.6682119049241098,-1.983112455720094,-1.4849468925253682,-1.488147993879669,0.0979289842539569,-0.1706324388959684,15.744347354718869,0.6712462093071769,-0.2843709261669708,-1.9745784897055956,-1.9910580103367437,-1.5649357823229226,-1.733782826183163,-0.1270989033265857,-0.121661912476005,-0.623318109655618,-0.5009294500358421,15.596461996953517,-0.4598843832802849,-0.1725855224695656,-1.738973712311736,-1.843534673757879,-1.6772551143131622,-1.6055404664466275,-0.1410149448201807,-0.1357512226247355,-0.3568128138985199,-0.602047050230097,15.594117409487293,-0.302545949163733,-0.6696576901029767
-1.9745784897055956,-1.9910580103367437,-1.5649357823229226,-1.733782826183163,-0.1270989033265857,-0.121661912476005,-0.623318109655618,-0.5009294500358421,15.596461996953517,-0.4598843832802849,-0.1725855224695656,-1.738973712311736,-1.843534673757879,-1.6772551143131622,-1.6055404664466275,-0.1410149448201807,-0.1357512226247355,-0.3568128138985199,-0.602047050230097,15.594117409487293,-0.302545949163733,-0.6696576901029767,-1.8487633488290456,-1.769386590159231,-1.7127329311924209,-1.7470417643710294,-0.7326952435217411,-0.7311682977167376,-0.2252093020574143,-0.5978705481800481,15.638962635392222,-0.6139351034057903,0.1428655890175567
-1.738973712311736,-1.843534673757879,-1.6772551143131622,-1.6055404664466275,-0.1410149448201807,-0.1357512226247355,-0.3568128138985199,-0.602047050230097,15.594117409487293,-0.302545949163733,-0.6696576901029767,-1.8487633488290456,-1.769386590159231,-1.7127329311924209,-1.7470417643710294,-0.7326952435217411,-0.7311682977167376,-0.2252093020574143,-0.5978705481800481,15.638962635392222,-0.6139351034057903,0.1428655890175567,-1.677731519676962,-1.6818224661457646,-1.6717187432975211,-1.4549936223987368,0.6038827320019371,0.6076117343250071,-0.2657430038591383,-0.5580365529688911,15.608386237331274,-0.8105429921905705,0.1784269716995391
-1.8487633488290456,-1.769386590159231,-1.7127329311924209,-1.7470417643710294,-0.7326952435217411,-0.7311682977167376,-0.2252093020574143,-0.5978705481800481,15.638962635392222,-0.6139351034057903,0.1428655890175567,-1.677731519676962,-1.6818224661457646,-1.6717187432975211,-1.4549936223987368,0.6038827320019371,0.6076117343250071,-0.2657430038591383,-0.5580365529688911,15.608386237331274,-0.8105429921905705,0.1784269716995391,-1.2868267544023686,-1.0984598249125188,-1.0751871929033432,-0.8777078721299005,1.260466933673787,1.2580332443509852,-0.9609589045333582,-0.7654247618305975,15.251523461700746,-0.7733059871181747,0.399012550656023
-1.677731519676962,-1.6818224661457646,-1.6717187432975211,-1.4549936223987368,0.6038827320019371,0.6076117343250071,-0.2657430038591383,-0.5580365529688911,15.608386237331274,-0.8105429921905705,0.1784269716995391,-1.2868267544023686,-1.0984598249125188,-1.0751871929033432,-0.8777078721299005,1.260466933673787,1.2580332443509852,-0.9609589045333582,-0.7654247618305975,15.251523461700746,-0.7733059871181747,0.399012550656023,-0.7280576092392173,-0.8292202465630489,-0.8826294143660768,-0.9511270931715706,-0.2321076526563172,-0.2279581938129113,1.551205129789339,1.3968321973004862,15.614609857943568,0.1333738375350748,-0.5120970017351717
-1.2868267544023686,-1.0984598249125188,-1.0751871929033432,-0.8777078721299005,1.260466933673787,1.2580332443509852,-0.9609589045333582,-0.7654247618305975,15.251523461700746,-0.7733059871181747,0.399012550656023,-0.7280576092392173,-0.8292202465630489,-0.8826294143660768,-0.9511270931715706,-0.2321076526563172,-0.2279581938129113,1.551205129789339,1.3968321973004862,15.614609857943568,0.1333738375350748,-0.5120970017351717,-1.118561669964105,-0.931344375081757,-0.8620947908681841,-0.5920484678969494,1.21312352932735,1.210073030180504,-0.8075736726302507,0.0795536307312839,15.459388736941142,-1.0025497515339548,1.47823605620845
-0.7280576092392173,-0.8292202465630489,-0.8826294143660768,-0.9511270931715706,-0.2321076526563172,-0.2279581938129113,1.551205129789339,1.3968321973004862,15.614609857943568,0.1333738375350748,-0.5120970017351717,-1.118561669964105,-0.931344375081757,-0.8620947908681841,-0.5920484678969494,1.21312352932735,1.210073030180504,-0.8075736726302507,0.0795536307312839,15.459388736941142,-1.0025497515339548,1.47823605620845,-0.7646246290826175,-0.720693987425427,-0.9047089998262762,-0.9718373565582884,-0.4815655469598472,-0.4786839092596818,0.2009685132794492,0.4150321028989173,15.535720497380828,1.3906204961497572,0.8568784390473728
-1.118561669964105,-0.931344375081757,-0.8620947908681841,-0.5920484678969494,1.21312352932735,1.210073030180504,-0.8075736726302507,0.0795536307312839,15.459388736941142,-1.0025497515339548,1.47823605620845,-0.7646246290826175,-0.720693987425427,-0.9047089998262762,-0.9718373565582884,-0.4815655469598472,-0.4786839092596818,0.2009685132794492,0.4150321028989173,15.535720497380828,1.3906204961497572,0.8568784390473728,-0.8794377475906349,-0.6391425439949554,-0.5744315414456235,-0.194185445226184,1.4088879888581372,1.4031568430679136,-0.1947742938415404,0.2551303827518239,15.507615608163672,-0.6421045706998275,0.7231774736976803
-0.7646246290826175,-0.720693987425427,-0.9047089998262762,-0.9718373565582884,-0.4815655469598472,-0.4786839092596818,0.2009685132794492,0.4150321028989173,15.535720497380828,1.3906204961497572,0.8568784390473728,-0.8794377475906349,-0.6391425439949554,-0.5744315414456235,-0.194185445226184,1.4088879888581372,1.4031568430679136,-0.1947742938415404,0.2551303827518239,15.507615608163672,-0.6421045706998275,0.7231774736976803,-0.5265894250810987,0.4961802485490629,0.1225421938800814,1.0219462214442414,1.158509256516247,1.1564223436162984,0.6263861145531296,1.4072914773687202,15.628085376806228,1.642909300183071,1.7290771385036077
-0.8794377475906349,-0.6391425439949554,-0.5744315414456235,-0.194185445226184,1.4088879888581372,1.4031568430679136,-0.1947742938415404,0.2551303827518239,15.507615608163672,-0.6421045706998275,0.7231774736976803,-0.5265894250810987,0.4961802485490629,0.1225421938800814,1.0219462214442414,1.158509256516247,1.1564223436162984,0.6263861145531296,1.4072914773687202,15.628085376806228,1.642909300183071,1.7290771385036077,0.9272096934313196,1.903868925189062,1.8303529278187465,1.7989467533154675,0.6888741914512106,0.6898304779325929,0.1140068229894122,1.367381300514433,15.671964942349716,1.048650671500464,-0.8578639598412597
-0.5265894250810987,0.4961802485490629,0.1225421938800814,1.0219462214442414,1.158509256516247,1.1564223436162984,0.6263861145531296,1.4072914773687202,15.628085376806228,1.642909300183071,1.7290771385036077,0.9272096934313196,1.903868925189062,1.8303529278187465,1.7989467533154675,0.6888741914512106,0.6898304779325929,0.1140068229894122,1.367381300514433,15.671964942349716,1.048650671500464,-0.8578639598412597,1.1596700929281252,1.1933379259003445,1.2836834485420732,1.3551488340757922,-0.3258249211951924,-0.3213878680589916,-0.844838577520057,0.0536769474567753,15.49674825215761,0.3222596464373901,-1.6122696759831312
0.9272096934313196,1.903868925189062,1.8303529278187465,1.7989467533154675,0.6888741914512106,0.6898304779325929,0.1140068229894122,1.367381300514433,15.671964942349716,1.048650671500464,-0.8578639598412597,1.1596700929281252,1.1933379259003445,1.2836834485420732,1.3551488340757922,-0.3258249211951924,-0.3213878680589916,-0.844838577520057,0.0536769474567753,15.49674825215761,0.3222596464373901,-1.6122696759831312,1.859772590714223,1.8992819009311277,1.933849291391471,1.706129408420595,0.8045041584064911,0.8035880283633791,-0.6137553454748693,-0.7005043875054042,15.351086837131506,0.9422184304237148,0.5076034292831436
1.1596700929281252,1.1933379259003445,1.2836834485420732,1.3551488340757922,-0.3258249211951924,-0.3213878680589916,-0.844838577520057,0.0536769474567753,15.49674825215761,0.3222596464373901,-1.6122696759831312,1.859772590714223,1.8992819009311277,1.933849291391471,1.706129408420595,0.8045041584064911,0.8035880283633791,-0.6137553454748693,-0.7005043875054042,15.351086837131506,0.9422184304237148,0.5076034292831436,2.0513292240021244,1.5560636191015742,1.656738227171984,1.100511899538953,-0.8281075496934432,-0.8256126314434378,0.1496824585711656,-0.4373100233474789,15.375947494009608,0.2204251492857329,-1.2940053947406045
1.859772590714223,1.8992819009311277,1.933849291391471,1.706129408420595,0.8045041584064911,0.8035880283633791,-0.6137553454748693,-0.7005043875054042,15.351086837131506,0.9422184304237148,0.5076034292831436,2.0513292240021244,1.5560636191015742,1.656738227171984,1.100511899538953,-0.8281075496934432,-0.8256126314434378,0.1496824585711656,-0.4373100233474789,15.375947494009608,0.2204251492857329,-1.2940053947406045,1.3495613856257478,1.029861551625037,1.301818619114387,1.2149533004696127,0.3213634563190539,0.323845160153225,-0.4468096346020289,-1.311063636871547,15.313525392268147,-1.244223789996653,1.3485321343860976
2.0513292240021244,1.5560636191015742,1.656738227171984,1.100511899538953,-0.8281075496934432,-0.8256126314434378,0.1496824585711656,-0.4373100233474789,15.375947494009608,0.2204251492857329,-1.2940053947406045,1.3495613856257478,1.029861551625037,1.301818619114387,1.2149533004696127,0.3213634563190539,0.323845160153225,-0.4468096346020289,-1.311063636871547,15.313525392268147,-1.244223789996653,1.3485321343860976,1.041529180540126,1.0954713631389543,1.3920508745010978,1.2424698166241863,0.0661361274061176,0.06903044930667,1.1533251070304558,-0.0989109026894705,15.41828652886168,-1.5613116840558146,0.8654203495774885
1.3495613856257478,1.029861551625037,1.301818619114387,1.2149533004696127,0.3213634563190539,0.323845160153225,-0.4468096346020289,-1.311063636871547,15.313525392268147,-1.244223789996653,1.3485321343860976,1.041529180540126,1.0954713631389543,1.3920508745010978,1.2424698166241863,0.0661361274061176,0.06903044930667,1.1533251070304558,-0.0989109026894705,15.41828652886168,-1.5613116840558146,0.8654203495774885,1.4787843941977323,1.442706022746644,1.5899760841027986,1.5731943282640708,0.8792600307243987,0.8771574362177792,1.803343515446911,1.6144719543210504,15.644453570569762,-1.4932226344358963,-0.3058892351928538
1.041529180540126,1.0954713631389543,1.3920508745010978,1.2424698166241863,0.0661361274061176,0.06903044930667,1.1533251070304558,-0.0989109026894705,15.41828652886168,-1.5613116840558146,0.8654203495774885,1.4787843941977323,1.442706022746644,1.5899760841027986,1.5731943282640708,0.8792600307243987,0.8771574362177792,1.803343515446911,1.6144719543210504,15.644453570569762,-1.4932226344358963,-0.3058892351928538,1.3321293426522849,1.4081757781757582,1.333776777147446,1.6758023041854238,-0.1154448871706186,-0.1129712099589776,-1.6931020299340944,-0.8878740568500466,15.325702776607946,-0.1905939947876268,0.3858572825447914
1.4787843941977323,1.442706022746644,1.5899760841027986,1.5731943282640708,0.8792600307243987,0.8771574362177792,1.803343515446911,1.6144719543210504,15.644453570569762,-1.4932226344358963,-0.3058892351928538,1.3321293426522849,1.4081757781757582,1.333776777147446,1.6758023041854238,-0.1154448871706186,-0.1129712099589776,-1.6931020299340944,-0.8878740568500466,15.325702776607946,-0.1905939947876268,0.3858572825447914,1.2249968581915087,1.087189663993186,0.7845501363834917,0.2602860678562231,-2.276386891053227,-2.28293110696169,2.6030222037307036,2.5168457335390833,16.0697769806182,0.7083961318713993,-0.4704811529882958
1.3321293426522849,1.4081757781757582,1.333776777147446,1.6758023041854238,-0.1154448871706186,-0.1129712099589776,-1.6931020299340944,-0.8878740568500466,15.325702776607946,-0.1905939947876268,0.3858572825447914,1.2249968581915087,1.087189663993186,0.7845501363834917,0.2602860678562231,-2.276386891053227,-2.28293110696169,2.6030222037307036,2.5168457335390833,16.0697769806182,0.7083961318713993,-0.4704811529882958,0.2834414196478102,-0.3356882967631778,-0.7803001648088572,-1.2994535394465363,-1.6669202258793605,-1.6698909631739158,-1.043303915069071,0.0551562392890273,15.59509639496864,1.5986240704153012,-0.9265486902619277
1.2249968581915087,1.087189663993186,0.7845501363834917,0.2602860678562231,-2.276386891053227,-2.28293110696169,2.6030222037307036,2.5168457335390833,16.0697769806182,0.7083961318713993,-0.4704811529882958,0.2834414196478102,-0.3356882967631778,-0.7803001648088572,-1.2994535394465363,-1.6669202258793605,-1.6698909631739158,-1.043303915069071,0.0551562392890273,15.59509639496864,1.5986240704153012,-0.9265486902619277,-1.1473279881438592,-1.314927317847569,-1.1091362806257743,-1.3041436226807943,-0.1286075117681169,-0.1242469855293004,-0.1831441493783443,0.015877410775867,15.564414890850362,-0.2492926782178339,1.231705048107182
0.2834414196478102,-0.3356882967631778,-0.7803001648088572,-1.2994535394465363,-1.6669202258793605,-1.6698909631739158,-1.043303915069071,0.0551562392890273,15.59509639496864,1.5986240704153012,-0.9265486902619277,-1.1473279881438592,-1.314927317847569,-1.1091362806257743,-1.3041436226807943,-0.1286075117681169,-0.1242469855293004,-0.1831441493783443,0.015877410775867,15.564414890850362,-0.2492926782178339,1.231705048107182,-2.00197787960613,-1.7956936866142668,-1.635145153875338,-1.644856081634316,-0.7178392365191757,-0.714646606289134,-0.4069975399929098,-0.425214368310951,15.439186822257414,-0.1079272396289135,-1.0583922264949484
-1.1473279881438592,-1.314927317847569,-1.1091362806257743,-1.3041436226807943,-0.1286075117681169,-0.1242469855293004,-0.1831441493783443,0.015877410775867,15.564414890850362,-0.2492926782178339,1.231705048107182,-2.00197787960613,-1.7956936866142668,-1.635145153875338,-1.644856081634316,-0.7178392365191757,-0.714646606289134,-0.4069975399929098,-0.425214368310951,15.439186822257414,-0.1079272396289135,-1.0583922264949484,-1.2521087844770775,-0.7548401704048242,-0.8564941297508444,-0.5207378454997051,1.430952897623523,1.4235777429655423,0.6033826407110475,0.521271907551382,15.738897671337114,0.5929763896419169,0.5972520949778966
-2.00197787960613,-1.7956936866142668,-1.635145153875338,-1.644856081634316,-0.7178392365191757,-0.714646606289134,-0.4069975399929098,-0.425214368310951,15.439186822257414,-0.1079272396289135,-1.0583922264949484,-1.2521087844770775,-0.7548401704048242,-0.8564941297508444,-0.5207378454997051,1.430952897623523,1.4235777429655423,0.6033826407110475,0.521271907551382,15.738897671337114,0.5929763896419169,0.5972520949778966,-1.18295118255482,0.0978041508104996,-1.2298920308543106,0.1684379005857338,0.8509385895943015,0.8496892993804908,0.8442746059324278,1.6792283482261503,16.153974343468956,2.5355583526662815,2.0127988466232467
-1.2521087844770775,-0.7548401704048242,-0.8564941297508444,-0.5207378454997051,1.430952897623523,1.4235777429655423,0.6033826407110475,0.521271907551382,15.738897671337114,0.5929763896419169,0.5972520949778966,-1.18295118255482,0.0978041508104996,-1.2298920308543106,0.1684379005857338,0.8509385895943015,0.8496892993804908,0.8442746059324278,1.6792283482261503,16.153974343468956,2.5355583526662815,2.0127988466232467,-0.3769981972314264,-0.9984851747422372,-1.2610587106028202,-1.3233163327741502,-1.6724272257543211,-1.6808718308578965,-1.0726220874017394,-0.5558328341880563,15.674071766568316,0.9688475009008052,-1.3821710083129737
-1.18295118255482,0.0978041508104996,-1.2298920308543106,0.1684379005857338,0.8509385895943015,0.8496892993804908,0.8442746059324278,1.6792283482261503,16.153974343468956,2.5355583526662815,2.0127988466232467,-0.3769981972314264,-0.9984851747422372,-1.2610587106028202,-1.3233163327741502,-1.6724272257543211,-1.6808718308578965,-1.0726220874017394,-0.5558328341880563,15.674071766568316,0.9688475009008052,-1.3821710083129737,-1.17347571605012,-1.8529191864786525,-1.5293737751861407,-1.4586429808108894,-0.4086557474233999,-0.4037560055745783,-0.4829405581084984,-0.9764998255402024,15.527667680878828,-0.3795386826228974,-0.5131957618775309
-0.3769981972314264,-0.9984851747422372,-1.2610587106028202,-1.3233163327741502,-1.6724272257543211,-1.6808718308578965,-1.0726220874017394,-0.5558328341880563,15.674071766568316,0.9688475009008052,-1.3821710083129737,-1.17347571605012,-1.8529191864786525,-1.5293737751861407,-1.4586429808108894,-0.4086557474233999,-0.4037560055745783,-0.4829405581084984,-0.9764998255402024,15.527667680878828,-0.3795386826228974,-0.5131957618775309,-0.7152141750102818,-1.009325116480892,-0.7953003740863199,-0.3368807306553003,1.4360187226422254,1.4285327210670105,-0.2678981260168519,-0.9448432731735832,15.458441465292765,-0.5207308807600893,0.2586645472999089
-1.17347571605012,-1.8529191864786525,-1.5293737751861407,-1.4586429808108894,-0.4086557474233999,-0.4037560055745783,-0.4829405581084984,-0.9764998255402024,15.527667680878828,-0.3795386826228974,-0.5131957618775309,-0.7152141750102818,-1.009325116480892,-0.7953003740863199,-0.3368807306553003,1.4360187226422254,1.4285327210670105,-0.2678981260168519,-0.9448432731735832,15.458441465292765,-0.5207308807600893,0.2586645472999089,-0.137801152608152,-0.1081951340379366,0.4139260804033963,0.5760562096308514,0.8030827869736132,0.8047962527584543,-0.3185180044490829,-1.0458920006262786,15.390025914917032,-0.9698336453253223,0.0509494788182078
-0.7152141750102818,-1.009325116480892,-0.7953003740863199,-0.3368807306553003,1.4360187226422254,1.4285327210670105,-0.2678981260168519,-0.9448432731735832,15.458441465292765,-0.5207308807600893,0.2586645472999089,-0.137801152608152,-0.1081951340379366,0.4139260804033963,0.5760562096308514,0.8030827869736132,0.8047962527584543,-0.3185180044490829,-1.0458920006262786,15.390025914917032,-0.9698336453253223,0.0509494788182078,1.2507279143044978,1.3640464062591948,1.7925891335534911,1.7657089201560203,1.0161737680952396,1.0126323789660872,0.2224336497983256,-0.6713310813560406,15.42418838160406,-0.4907041470036745,0.1944462988532669
-0.137801152608152,-0.1081951340379366,0.4139260804033963,0.5760562096308514,0.8030827869736132,0.8047962527584543,-0.3185180044490829,-1.0458920006262786,15.390025914917032,-0.9698336453253223,0.0509494788182078,1.2507279143044978,1.3640464062591948,1.7925891335534911,1.7657089201560203,1.0161737680952396,1.0126323789660872,0.2224336497983256,-0.6713310813560406,15.42418838160406,-0.4907041470036745,0.1944462988532669,2.316340710403959,2.0903915974203864,2.1501014604287905,2.105325810378488,1.1119099739413132,1.1042245726951565,0.8411348273666157,0.1277814680541769,15.653947007780308,0.0068973224297842,-0.2407913915548856
1.2507279143044978,1.3640464062591948,1.7925891335534911,1.7657089201560203,1.0161737680952396,1.0126323789660872,0.2224336497983256,-0.6713310813560406,15.42418838160406,-0.4907041470036745,0.1944462988532669,2.316340710403959,2.0903915974203864,2.1501014604287905,2.105325810378488,1.1119099739413132,1.1042245726951565,0.8411348273666157,0.1277814680541769,15.653947007780308,0.0068973224297842,-0.2407913915548856,2.295452581140728,1.84965665929089,2.002475605629307,1.6101104196076228,-0.2125839969367603,-0.2055223057493968,-0.7974773594534341,-0.5415908176964145,15.430890978669046,-0.7123035855110796,-0.9225579296782576
2.316340710403959,2.0903915974203864,2.1501014604287905,2.105325810378488,1.1119099739413132,1.1042245726951565,0.8411348273666157,0.1277814680541769,15.653947007780308,0.0068973224297842,-0.2407913915548856,2.295452581140728,1.84965665929089,2.002475605629307,1.6101104196076228,-0.2125839969367603,-0.2055223057493968,-0.7974773594534341,-0.5415908176964145,15.430890978669046,-0.7123035855110796,-0.9225579296782576,1.54107700366302,1.3462591888354785,1.5522536355806995,1.262351106993099,-0.419769107259994,-0.4122491714201376,0.0350242139498417,-0.3927934314912868,15.474519472491655,-1.1678410083439503,-0.393792457755582
2.295452581140728,1.84965665929089,2.002475605629307,1.6101104196076228,-0.2125839969367603,-0.2055223057493968,-0.7974773594534341,-0.5415908176964145,15.430890978669046,-0.7123035855110796,-0.9225579296782576,1.54107700366302,1.3462591888354785,1.5522536355806995,1.262351106993099,-0.419769107259994,-0.4122491714201376,0.0350242139498417,-0.3927934314912868,15.474519472491655,-1.1678410083439503,-0.393792457755582,1.144752040736578,1.1362759683416783,1.3324739909952574,1.2044898718000292,0.0732057410953604,0.0785727291607506,-0.6973710487082849,-0.7486277921671828,15.255274830421428,-1.2181689558509827,0.1254263680085245
1.54107700366302,1.3462591888354785,1.5522536355806995,1.262351106993099,-0.419769107259994,-0.4122491714201376,0.0350242139498417,-0.3927934314912868,15.474519472491655,-1.1678410083439503,-0.393792457755582,1.144752040736578,1.1362759683416783,1.3324739909952574,1.2044898718000292,0.0732057410953604,0.0785727291607506,-0.6973710487082849,-0.7486277921671828,15.255274830421428,-1.2181689558509827,0.1254263680085245,1.023670636324751,0.980917439561193,1.070384710497282,0.9546484328369728,-0.3569250771946912,-0.3504006848720544,1.346461585888387,1.0793362222397465,15.448176791925476,-1.0931006213746524,-0.1883538808543337
1.144752040736578,1.1362759683416783,1.3324739909952574,1.2044898718000292,0.0732057410953604,0.0785727291607506,-0.6973710487082849,-0.7486277921671828,15.255274830421428,-1.2181689558509827,0.1254263680085245,1.023670636324751,0.980917439561193,1.070384710497282,0.9546484328369728,-0.3569250771946912,-0.3504006848720544,1.346461585888387,1.0793362222397465,15.448176791925476,-1.0931006213746524,-0.1883538808543337,0.9611638492806158,0.761948139277007,0.6173703849912102,0.4339081019849348,-1.3722841257254277,-1.377755823792459,-0.2078135505629865,0.9462311357633564,15.397906304768735,0.6699726476261397,-0.2226384305774414
1.023670636324751,0.980917439561193,1.070384710497282,0.9546484328369728,-0.3569250771946912,-0.3504006848720544,1.346461585888387,1.0793362222397465,15.448176791925476,-1.0931006213746524,-0.1883538808543337,0.9611638492806158,0.761948139277007,0.6173703849912102,0.4339081019849348,-1.3722841257254277,-1.377755823792459,-0.2078135505629865,0.9462311357633564,15.397906304768735,0.6699726476261397,-0.2226384305774414,0.7459255278240714,0.7772141491387187,0.6562628749417447,1.001647030317403,0.8389397075762051,0.8389552682295679,-0.8816020849109878,-0.3304858023504179,15.22513098862366,0.4337309097484945,-0.1743258064639389
0.9611638492806158,0.761948139277007,0.6173703849912102,0.4339081019849348,-1.3722841257254277,-1.377755823792459,-0.2078135505629865,0.9462311357633564,15.397906304768735,0.6699726476261397,-0.2226384305774414,0.7459255278240714,0.7772141491387187,0.6562628749417447,1.001647030317403,0.8389397075762051,0.8389552682295679,-0.8816020849109878,-0.3304858023504179,15.22513098862366,0.4337309097484945,-0.1743258064639389,0.8206146349289815,0.7752372326668481,1.0220214306401874,0.7685358539316129,-0.8126154065743757,-0.8120232409461801,0.0679279666826892,-0.2076303417365279,15.22368895717262,-1.3786312626484412,-0.2629482688136698
0.7459255278240714,0.7772141491387187,0.6562628749417447,1.001647030317403,0.8389397075762051,0.8389552682295679,-0.8816020849109878,-0.3304858023504179,15.22513098862366,0.4337309097484945,-0.1743258064639389,0.8206146349289815,0.7752372326668481,1.0220214306401874,0.7685358539316129,-0.8126154065743757,-0.8120232409461801,0.0679279666826892,-0.2076303417365279,15.22368895717262,-1.3786312626484412,-0.2629482688136698,1.0531122295392672,1.5066281394241805,1.3725716678971165,1.511241503621661,0.4440315800014713,0.4474935575389562,2.7896548594336172,2.802499493388777,16.46111788940551,-0.4447922497151837,-1.8578570844357152
0.8206146349289815,0.7752372326668481,1.0220214306401874,0.7685358539316129,-0.8126154065743757,-0.8120232409461801,0.0679279666826892,-0.2076303417365279,15.22368895717262,-1.3786312626484412,-0.2629482688136698,1.0531122295392672,1.5066281394241805,1.3725716678971165,1.511241503621661,0.4440315800014713,0.4474935575389562,2.7896548594336172,2.802499493388777,16.46111788940551,-0.4447922497151837,-1.8578570844357152,1.378601731565743,1.7769844957091467,1.3239053191175096,1.892301160084723,0.0659519421481541,0.0698790172024588,-0.3635166610376321,1.4771538596932474,16.40017965844254,0.2480999929156889,1.2377094978469332
1.0531122295392672,1.5066281394241805,1.3725716678971165,1.511241503621661,0.4440315800014713,0.4474935575389562,2.7896548594336172,2.802499493388777,16.46111788940551,-0.4447922497151837,-1.8578570844357152,1.378601731565743,1.7769844957091467,1.3239053191175096,1.892301160084723,0.0659519421481541,0.0698790172024588,-0.3635166610376321,1.4771538596932474,16.40017965844254,0.2480999929156889,1.2377094978469332,2.0664488039808373,1.8700154872355972,1.872490096654259,1.586280230476336,-0.0815696832373852,-0.0786446550369715,-0.7584716202213239,-0.1666838944673919,15.768765241205502,-0.4652300778406741,0.6373798961496029
1.378601731565743,1.7769844957091467,1.3239053191175096,1.892301160084723,0.0659519421481541,0.0698790172024588,-0.3635166610376321,1.4771538596932474,16.40017965844254,0.2480999929156889,1.2377094978469332,2.0664488039808373,1.8700154872355972,1.872490096654259,1.586280230476336,-0.0815696832373852,-0.0786446550369715,-0.7584716202213239,-0.1666838944673919,15.768765241205502,-0.4652300778406741,0.6373798961496029,1.781059372893691,1.6625732423260298,1.8000541209726766,1.5278885876007182,0.1987671836583057,0.2016868368827924,-0.1877019970117579,-0.2185636920033021,15.794883252822482,-1.0797775660141085,0.958331861249533
2.0664488039808373,1.8700154872355972,1.872490096654259,1.586280230476336,-0.0815696832373852,-0.0786446550369715,-0.7584716202213239,-0.1666838944673919,15.768765241205502,-0.4652300778406741,0.6373798961496029,1.781059372893691,1.6625732423260298,1.8000541209726766,1.5278885876007182,0.1987671836583057,0.2016868368827924,-0.1877019970117579,-0.2185636920033021,15.794883252822482,-1.0797775660141085,0.958331861249533,1.4324777857966915,1.5109492298655396,0.4480958224077292,1.3367179350984195,-0.1844866522566852,-0.1816279944453196,-0.0066468166231033,-0.0293129749840779,15.967761130324226,2.265134743781312,-1.114106165172592
1.781059372893691,1.6625732423260298,1.8000541209726766,1.5278885876007182,0.1987671836583057,0.2016868368827924,-0.1877019970117579,-0.2185636920033021,15.794883252822482,-1.0797775660141085,0.958331861249533,1.4324777857966915,1.5109492298655396,0.4480958224077292,1.3367179350984195,-0.1844866522566852,-0.1816279944453196,-0.0066468166231033,-0.0293129749840779,15.967761130324226,2.265134743781312,-1.114106165172592,1.3029509499409535,1.7800025886505113,1.6598188849653006,1.599457062129266,0.8444360094595444,0.8448116469060519,-0.4417225422635837,-0.4983889684002909,15.791492692400636,0.3901246775905134,2.0603651793913302
1.4324777857966915,1.5109492298655396,0.4480958224077292,1.3367179350984195,-0.1844866522566852,-0.1816279944453196,-0.0066468166231033,-0.0293129749840779,15.967761130324226,2.265134743781312,-1.114106165172592,1.3029509499409535,1.7800025886505113,1.6598188849653006,1.599457062129266,0.8444360094595444,0.8448116469060519,-0.4417225422635837,-0.4983889684002909,15.791492692400636,0.3901246775905134,2.0603651793913302,1.8172529888604947,1.6420134985251529,1.80430193935956,1.565170121683147,0.2886733692825848,0.2910307819349002,-0.4433767269742814,-0.8139581381935231,15.55622249207718,-0.8297503014314652,0.3250480225594918
1.3029509499409535,1.7800025886505113,1.6598188849653006,1.599457062129266,0.8444360094595444,0.8448116469060519,-0.4417225422635837,-0.4983889684002909,15.791492692400636,0.3901246775905134,2.0603651793913302,1.8172529888604947,1.6420134985251529,1.80430193935956,1.565170121683147,0.2886733692825848,0.2910307819349002,-0.4433767269742814,-0.8139581381935231,15.55622249207718,-0.8297503014314652,0.3250480225594918,1.6710898294954917,1.3765860411523112,1.6210381072291458,1.4980178379771654,-0.5780030087819121,-0.5773364898779123,-0.923992601908484,-1.423647017775702,14.310756039184716,-1.1294808194344943,0.2440862520843221
1.8172529888604947,1.6420134985251529,1.80430193935956,1.565170121683147,0.2886733692825848,0.2910307819349002,-0.4433767269742814,-0.8139581381935231,15.55622249207718,-0.8297503014314652,0.3250480225594918,1.6710898294954917,1.3765860411523112,1.6210381072291458,1.4980178379771654,-0.5780030087819121,-0.5773364898779123,-0.923992601908484,-1.423647017775702,14.310756039184716,-1.1294808194344943,0.2440862520843221,1.4000615618232852,1.2185460389574734,1.1498526495584855,1.190456450799034,-1.1029504172462787,-1.103821325432276,1.7973238498503346,-0.5999298373949623,15.516415091366614,-0.0499900253096774,0.1424689139884642
1.6710898294954917,1.3765860411523112,1.6210381072291458,1.4980178379771654,-0.5780030087819121,-0.5773364898779123,-0.923992601908484,-1.423647017775702,14.310756039184716,-1.1294808194344943,0.2440862520843221,1.4000615618232852,1.2185460389574734,1.1498526495584855,1.190456450799034,-1.1029504172462787,-1.103821325432276,1.7973238498503346,-0.5999298373949623,15.516415091366614,-0.0499900253096774,0.1424689139884642,1.066630943402173,0.8231674568449671,0.7261462746264014,0.6920105011862362,-1.8900015424573455,-1.894647860622642,-0.3401923213649473,-0.6365823812260701,15.470858490933171,-0.0545145940141468,-0.992673527658815
1.4000615618232852,1.2185460389574734,1.1498526495584855,1.190456450799034,-1.1029504172462787,-1.103821325432276,1.7973238498503346,-0.5999298373949623,15.516415091366614,-0.0499900253096774,0.1424689139884642,1.066630943402173,0.8231674568449671,0.7261462746264014,0.6920105011862362,-1.8900015424573455,-1.894647860622642,-0.3401923213649473,-0.6365823812260701,15.470858490933171,-0.0545145940141468,-0.992673527658815,0.9194860937291972,1.2570028706560843,1.085058800665265,0.9903809656482876,0.5741310338101923,0.5747163242145324,-0.1657188868614458,-0.4182223658615809,15.415928108989544,-0.0728091637895178,0.8763778278278935
1.066630943402173,0.8231674568449671,0.7261462746264014,0.6920105011862362,-1.8900015424573455,-1.894647860622642,-0.3401923213649473,-0.6365823812260701,15.470858490933171,-0.0545145940141468,-0.992673527658815,0.9194860937291972,1.2570028706560843,1.085058800665265,0.9903809656482876,0.5741310338101923,0.5747163242145324,-0.1657188868614458,-0.4182223658615809,15.415928108989544,-0.0728091637895178,0.8763778278278935,0.8966109733530536,1.3030538856657712,0.8186951971629788,1.587520538990164,1.4363465605274084,1.4330955291712093,0.3088201098906278,1.02287767818873,15.74335870966206,0.7407305910581923,0.758319709487168
0.9194860937291972,1.2570028706560843,1.085058800665265,0.9903809656482876,0.5741310338101923,0.5747163242145324,-0.1657188868614458,-0.4182223658615809,15.415928108989544,-0.0728091637895178,0.8763778278278935,0.8966109733530536,1.3030538856657712,0.8186951971629788,1.587520538990164,1.4363465605274084,1.4330955291712093,0.3088201098906278,1.02287767818873,15.74335870966206,0.7407305910581923,0.758319709487168,1.2957929427836343,1.177302679177822,0.8932022802104106,1.280896736974566,-0.8902485959391288,-0.8897619696355826,-0.6726748641010797,-0.4429513543330073,15.186539239259462,0.1898134251311048,-1.374851464838759
0.8966109733530536,1.3030538856657712,0.8186951971629788,1.587520538990164,1.4363465605274084,1.4330955291712093,0.3088201098906278,1.02287767818873,15.74335870966206,0.7407305910581923,0.758319709487168,1.2957929427836343,1.177302679177822,0.8932022802104106,1.280896736974566,-0.8902485959391288,-0.8897619696355826,-0.6726748641010797,-0.4429513543330073,15.186539239259462,0.1898134251311048,-1.374851464838759,1.1438596501056304,1.2413716984128311,0.8718727462907764,0.272543743301618,-1.724128335663883,-1.7289031653156148,0.2016155412718918,0.5382268690124474,15.473262521243845,0.0991056211520103,-0.5332974244517912
1.2957929427836343,1.177302679177822,0.8932022802104106,1.280896736974566,-0.8902485959391288,-0.8897619696355826,-0.6726748641010797,-0.4429513543330073,15.186539239259462,0.1898134251311048,-1.374851464838759,1.1438596501056304,1.2413716984128311,0.8718727462907764,0.272543743301618,-1.724128335663883,-1.7289031653156148,0.2016155412718918,0.5382268690124474,15.473262521243845,0.0991056211520103,-0.5332974244517912,0.151780846017174,-0.4089211116665256,-0.4752610610785695,0.1724802867306763,-0.2085686923490203,-0.2060263459151361,-0.385810853692403,0.2435080118836063,15.250381012723087,0.0841898165684781,-0.0328277739586869
1.1438596501056304,1.2413716984128311,0.8718727462907764,0.272543743301618,-1.724128335663883,-1.7289031653156148,0.2016155412718918,0.5382268690124474,15.473262521243845,0.0991056211520103,-0.5332974244517912,0.151780846017174,-0.4089211116665256,-0.4752610610785695,0.1724802867306763,-0.2085686923490203,-0.2060263459151361,-0.385810853692403,0.2435080118836063,15.250381012723087,0.0841898165684781,-0.0328277739586869,1.306258738471117,0.9298583341616892,0.521802937827776,-0.2528912099120852,-0.4040020202021323,-0.4021452523804287,-0.2512874904380541,0.2649065833860745,15.169798381080176,0.9646291435092512,0.4797873949352396
0.151780846017174,-0.4089211116665256,-0.4752610610785695,0.1724802867306763,-0.2085686923490203,-0.2060263459151361,-0.385810853692403,0.2435080118836063,15.250381012723087,0.0841898165684781,-0.0328277739586869,1.306258738471117,0.9298583341616892,0.521802937827776,-0.2528912099120852,-0.4040020202021323,-0.4021452523804287,-0.2512874904380541,0.2649065833860745,15.169798381080176,0.9646291435092512,0.4797873949352396,0.2196473995970089,0.2339834381436039,0.3892676799867647,0.8849486922632795,1.0025899352038914,1.002427082622608,-0.2644338088822428,0.1383610089020694,15.0934680339856,-0.1013150134158392,-0.4914362388446929
1.306258738471117,0.9298583341616892,0.521802937827776,-0.2528912099120852,-0.4040020202021323,-0.4021452523804287,-0.2512874904380541,0.2649065833860745,15.169798381080176,0.9646291435092512,0.4797873949352396,0.2196473995970089,0.2339834381436039,0.3892676799867647,0.8849486922632795,1.0025899352038914,1.002427082622608,-0.2644338088822428,0.1383610089020694,15.0934680339856,-0.1013150134158392,-0.4914362388446929,0.2602237188425945,0.0285720505236371,0.7651129936933395,0.6799191185224671,-0.1726785606689837,-0.1705221519602804,-0.2338383374469441,-0.2129957377268537,15.132535491501958,-1.4789352734706227,-0.8763261810536017
0.2196473995970089,0.2339834381436039,0.3892676799867647,0.8849486922632795,1.0025899352038914,1.002427082622608,-0.2644338088822428,0.1383610089020694,15.0934680339856,-0.1013150134158392,-0.4914362388446929,0.2602237188425945,0.0285720505236371,0.7651129936933395,0.6799191185224671,-0.1726785606689837,-0.1705221519602804,-0.2338383374469441,-0.2129957377268537,15.132535491501958,-1.4789352734706227,-0.8763261810536017,0.1772412568257004,1.2378826818582462,1.5597934263750848,1.0821256281789515,0.4059066738223698,0.4077946204167217,2.0184051442564312,2.195379337335699,15.68412319213966,-0.4815091451717171,-0.0530433026391483
0.2602237188425945,0.0285720505236371,0.7651129936933395,0.6799191185224671,-0.1726785606689837,-0.1705221519602804,-0.2338383374469441,-0.2129957377268537,15.132535491501958,-1.4789352734706227,-0.8763261810536017,0.1772412568257004,1.2378826818582462,1.5597934263750848,1.0821256281789515,0.4059066738223698,0.4077946204167217,2.0184051442564312,2.195379337335699,15.68412319213966,-0.4815091451717171,-0.0530433026391483,2.0544167653892043,2.234538099348284,2.1574030120463576,2.288575050402789,1.5980272505872013,1.593053707544379,-0.4185255769385264,1.263337878960969,15.59833035378616,0.9110645104802896,1.3867450802442125
0.1772412568257004,1.2378826818582462,1.5597934263750848,1.0821256281789515,0.4059066738223698,0.4077946204167217,2.0184051442564312,2.195379337335699,15.68412319213966,-0.4815091451717171,-0.0530433026391483,2.0544167653892043,2.234538099348284,2.1574030120463576,2.288575050402789,1.5980272505872013,1.593053707544379,-0.4185255769385264,1.263337878960969,15.59833035378616,0.9110645104802896,1.3867450802442125,2.265413979294004,2.3110860035107534,2.2653322439194157,2.267521027545624,1.214956590070623,1.2128749442555562,-0.665359032116922,0.173877857738343,15.396528625298828,1.4634445069120263,-0.5757439506914859
2.0544167653892043,2.234538099348284,2.1574030120463576,2.288575050402789,1.5980272505872013,1.593053707544379,-0.4185255769385264,1.263337878960969,15.59833035378616,0.9110645104802896,1.3867450802442125,2.265413979294004,2.3110860035107534,2.2653322439194157,2.267521027545624,1.214956590070623,1.2128749442555562,-0.665359032116922,0.173877857738343,15.396528625298828,1.4634445069120263,-0.5757439506914859,2.424652313807645,1.827060195735314,0.8529638331149606,0.7182258110679014,-1.8762321302567009,-1.8842292072035491,1.5739226528696604,2.083221738011791,15.9158204578669,2.678048506260113,-2.2344178886688466
2.265413979294004,2.3110860035107534,2.2653322439194157,2.267521027545624,1.214956590070623,1.2128749442555562,-0.665359032116922,0.173877857738343,15.396528625298828,1.4634445069120263,-0.5757439506914859,2.424652313807645,1.827060195735314,0.8529638331149606,0.7182258110679014,-1.8762321302567009,-1.8842292072035491,1.5739226528696604,2.083221738011791,15.9158204578669,2.678048506260113,-2.2344178886688466,-0.7132080844584213,0.0371224102318687,-0.203583248525403,0.3867122520511367,-0.4228273802135631,-0.4195413052277654,1.2063278701367266,2.2985970087721865,16.408793247144736,0.3809134610999297,-0.0945248913312675
2.424652313807645,1.827060195735314,0.8529638331149606,0.7182258110679014,-1.8762321302567009,-1.8842292072035491,1.5739226528696604,2.083221738011791,15.9158204578669,2.678048506260113,-2.2344178886688466,-0.7132080844584213,0.0371224102318687,-0.203583248525403,0.3867122520511367,-0.4228273802135631,-0.4195413052277654,1.2063278701367266,2.2985970087721865,16.408793247144736,0.3809134610999297,-0.0945248913312675,0.6748247798548846,0.3960660623556933,1.3071878990080912,0.3866807468788397,-0.0327793135062054,-0.0294213564413605,-1.4675696023720757,-0.3539194474140116,15.61409683806736,-1.172893157378393,-0.1763915070474913
-0.7132080844584213,0.0371224102318687,-0.203583248525403,0.3867122520511367,-0.4228273802135631,-0.4195413052277654,1.2063278701367266,2.2985970087721865,16.408793247144736,0.3809134610999297,-0.0945248913312675,0.6748247798548846,0.3960660623556933,1.3071878990080912,0.3866807468788397,-0.0327793135062054,-0.0294213564413605,-1.4675696023720757,-0.3539194474140116,15.61409683806736,-1.172893157378393,-0.1763915070474913,0.5069778095032901,0.5181290517963586,0.7937614789443117,0.8513448521983027,0.555500907723958,0.5562700889671925,0.6592512259620321,0.2783864476641822,15.982413489945891,-0.1536716887458498,0.4292211653000921
0.6748247798548846,0.3960660623556933,1.3071878990080912,0.3866807468788397,-0.0327793135062054,-0.0294213564413605,-1.4675696023720757,-0.3539194474140116,15.61409683806736,-1.172893157378393,-0.1763915070474913,0.5069778095032901,0.5181290517963586,0.7937614789443117,0.8513448521983027,0.555500907723958,0.5562700889671925,0.6592512259620321,0.2783864476641822,15.982413489945891,-0.1536716887458498,0.4292211653000921,0.9769706532795231,0.5671315737466537,0.5803837261110889,-0.5385039116063979,-1.4308381586711725,-1.4325652511096711,-0.71964986676715,-0.414210151284518,15.795256204132762,0.2409629127981983,0.9253939119189568
0.5069778095032901,0.5181290517963586,0.7937614789443117,0.8513448521983027,0.555500907723958,0.5562700889671925,0.6592512259620321,0.2783864476641822,15.982413489945891,-0.1536716887458498,0.4292211653000921,0.9769706532795231,0.5671315737466537,0.5803837261110889,-0.5385039116063979,-1.4308381586711725,-1.4325652511096711,-0.71964986676715,-0.414210151284518,15.795256204132762,0.2409629127981983,0.9253939119189568,-0.1610591518782876,0.0778716339276525,0.4106180386624539,0.4913836278815053,0.9039427535816748,0.9022640744183568,-0.6242833243902596,-0.8610104093709516,15.647564042356011,-0.3347245710692608,0.1864367946554198
0.9769706532795231,0.5671315737466537,0.5803837261110889,-0.5385039116063979,-1.4308381586711725,-1.4325652511096711,-0.71964986676715,-0.414210151284518,15.795256204132762,0.2409629127981983,0.9253939119189568,-0.1610591518782876,0.0778716339276525,0.4106180386624539,0.4913836278815053,0.9039427535816748,0.9022640744183568,-0.6242833243902596,-0.8610104093709516,15.647564042356011,-0.3347245710692608,0.1864367946554198,0.6051081138357793,0.508654865402497,1.0241158399694898,-0.2654022376449827,-0.5958776090694109,-0.5923940746959361,-0.6579470374548244,-1.2155644747581376,15.447003656816475,-0.3861522645546018,-0.6015708180156379
-0.1610591518782876,0.0778716339276525,0.4106180386624539,0.4913836278815053,0.9039427535816748,0.9022640744183568,-0.6242833243902596,-0.8610104093709516,15.647564042356011,-0.3347245710692608,0.1864367946554198,0.6051081138357793,0.508654865402497,1.0241158399694898,-0.2654022376449827,-0.5958776090694109,-0.5923940746959361,-0.6579470374548244,-1.2155644747581376,15.447003656816475,-0.3861522645546018,-0.6015708180156379,-0.119214041460858,-0.5596440314011282,1.0519136218223522,0.0211226897226124,0.1962069240528874,0.1997430160937148,-1.2808712752532858,-1.576629802462755,14.550327853288804,-1.4107813886430751,0.1283190407930672
0.6051081138357793,0.508654865402497,1.0241158399694898,-0.2654022376449827,-0.5958776090694109,-0.5923940746959361,-0.6579470374548244,-1.2155644747581376,15.447003656816475,-0.3861522645546018,-0.6015708180156379,-0.119214041460858,-0.5596440314011282,1.0519136218223522,0.0211226897226124,0.1962069240528874,0.1997430160937148,-1.2808712752532858,-1.576629802462755,14.550327853288804,-1.4107813886430751,0.1283190407930672,0.1156823895012754,-0.5435586126447667,0.7217980791064599,-0.0969008547741068,-0.0827121690621777,-0.0789693426698401,1.56608332082066,-0.8462958973594755,15.210442755329622,-1.0456298212100976,0.159713631966022
-0.119214041460858,-0.5596440314011282,1.0519136218223522,0.0211226897226124,0.1962069240528874,0.1997430160937148,-1.2808712752532858,-1.576629802462755,14.550327853288804,-1.4107813886430751,0.1283190407930672,0.1156823895012754,-0.5435586126447667,0.7217980791064599,-0.0969008547741068,-0.0827121690621777,-0.0789693426698401,1.56608332082066,-0.8462958973594755,15.210442755329622,-1.0456298212100976,0.159713631966022,-0.1784464753715839,0.4367515452202501,0.9250977894117092,1.5848759439754276,0.8531554125333028,0.8523294691428979,-0.6114021296293467,-0.9495652569622848,14.920933269631892,-0.3762534345014477,1.2848605478106576
0.1156823895012754,-0.5435586126447667,0.7217980791064599,-0.0969008547741068,-0.0827121690621777,-0.0789693426698401,1.56608332082066,-0.8462958973594755,15.210442755329622,-1.0456298212100976,0.159713631966022,-0.1784464753715839,0.4367515452202501,0.9250977894117092,1.5848759439754276,0.8531554125333028,0.8523294691428979,-0.6114021296293467,-0.9495652569622848,14.920933269631892,-0.3762534345014477,1.2848605478106576,1.0807690074003429,1.3289733550496523,1.408933431125865,1.232359590015866,-0.1405159038709517,-0.137734398885083,0.5852792310590765,-0.4571202486997712,15.22028338575277,-0.7712180153366978,0.8921585736125953
-0.1784464753715839,0.4367515452202501,0.9250977894117092,1.5848759439754276,0.8531554125333028,0.8523294691428979,-0.6114021296293467,-0.9495652569622848,14.920933269631892,-0.3762534345014477,1.2848605478106576,1.0807690074003429,1.3289733550496523,1.408933431125865,1.232359590015866,-0.1405159038709517,-0.137734398885083,0.5852792310590765,-0.4571202486997712,15.22028338575277,-0.7712180153366978,0.8921585736125953,0.4349755721699786,-0.4598676595139226,-0.4291352305528197,-0.2415000534553768,-0.9754795043003708,-0.9746560003441692,0.6694641051874975,0.7601417048716013,15.514972155827888,0.053296308610449,0.0462629031703448
1.0807690074003429,1.3289733550496523,1.408933431125865,1.232359590015866,-0.1405159038709517,-0.137734398885083,0.5852792310590765,-0.4571202486997712,15.22028338575277,-0.7712180153366978,0.8921585736125953,0.4349755721699786,-0.4598676595139226,-0.4291352305528197,-0.2415000534553768,-0.9754795043003708,-0.9746560003441692,0.6694641051874975,0.7601417048716013,15.514972155827888,0.053296308610449,0.0462629031703448,-0.6212235961470202,-1.8414060022938676,-1.1725170632181114,-1.0407101510061765,-0.5264405249192726,-0.5243040280097351,-0.6445821336578959,0.1045392202148064,15.238209410790446,-0.50189811228764,1.1435281398125576
0.4349755721699786,-0.4598676595139226,-0.4291352305528197,-0.2415000534553768,-0.9754795043003708,-0.9746560003441692,0.6694641051874975,0.7601417048716013,15.514972155827888,0.053296308610449,0.0462629031703448,-0.6212235961470202,-1.8414060022938676,-1.1725170632181114,-1.0407101510061765,-0.5264405249192726,-0.5243040280097351,-0.6445821336578959,0.1045392202148064,15.238209410790446,-0.50189811228764,1.1435281398125576,-1.0025232965770992,0.7797116584387594,0.0092532728507313,0.559173294239031,1.0260833465078751,1.025264548835412,-0.1656839471890125,0.4318239724819821,15.16176412976032,0.7953107331673438,1.8169942721574428
-0.6212235961470202,-1.8414060022938676,-1.1725170632181114,-1.0407101510061765,-0.5264405249192726,-0.5243040280097351,-0.6445821336578959,0.1045392202148064,15.238209410790446,-0.50189811228764,1.1435281398125576,-1.0025232965770992,0.7797116584387594,0.0092532728507313,0.559173294239031,1.0260833465078751,1.025264548835412,-0.1656839471890125,0.4318239724819821,15.16176412976032,0.7953107331673438,1.8169942721574428,1.5110198934958887,1.1292934317693215,0.7151860126421575,0.5059081744598019,-0.1411122108321805,-0.1390236885142017,-0.0867190116016715,0.7628717360927968,15.136839907012265,0.6114937715801717,-0.5580573266807687
-1.0025232965770992,0.7797116584387594,0.0092532728507313,0.559173294239031,1.0260833465078751,1.025264548835412,-0.1656839471890125,0.4318239724819821,15.16176412976032,0.7953107331673438,1.8169942721574428,1.5110198934958887,1.1292934317693215,0.7151860126421575,0.5059081744598019,-0.1411122108321805,-0.1390236885142017,-0.0867190116016715,0.7628717360927968,15.136839907012265,0.6114937715801717,-0.5580573266807687,1.3820638636785727,1.7302804986355913,1.6707695806738914,2.278700580984785,1.8602527965839248,1.8556970604061829,0.4484152677182002,1.5684432220195963,15.354311605437244,0.60518791805714,-0.8351092805062819
1.5110198934958887,1.1292934317693215,0.7151860126421575,0.5059081744598019,-0.1411122108321805,-0.1390236885142017,-0.0867190116016715,0.7628717360927968,15.136839907012265,0.6114937715801717,-0.5580573266807687,1.3820638636785727,1.7302804986355913,1.6707695806738914,2.278700580984785,1.8602527965839248,1.8556970604061829,0.4484152677182002,1.5684432220195963,15.354311605437244,0.60518791805714,-0.8351092805062819,1.7561484448110074,1.8577935774191288,1.9518224388672385,1.9384610408775207,0.2266615527230467,0.2288858195954014,0.8889958938591499,2.1281580408734917,15.769360673323208,0.4037414432225453,0.6348903814598637
1.3820638636785727,1.7302804986355913,1.6707695806738914,2.278700580984785,1.8602527965839248,1.8556970604061829,0.4484152677182002,1.5684432220195963,15.354311605437244,0.60518791805714,-0.8351092805062819,1.7561484448110074,1.8577935774191288,1.9518224388672385,1.9384610408775207,0.2266615527230467,0.2288858195954014,0.8889958938591499,2.1281580408734917,15.769360673323208,0.4037414432225453,0.6348903814598637,2.2556679197769114,2.0024592518050324,2.0663285792453077,1.833172062688009,0.5185799905142207,0.5203389360810691,-1.2774480676197315,0.1806092541404752,15.287019077877572,0.2648995319409222,-0.6928344757287377
1.7561484448110074,1.8577935774191288,1.9518224388672385,1.9384610408775207,0.2266615527230467,0.2288858195954014,0.8889958938591499,2.1281580408734917,15.769360673323208,0.4037414432225453,0.6348903814598637,2.2556679197769114,2.0024592518050324,2.0663285792453077,1.833172062688009,0.5185799905142207,0.5203389360810691,-1.2774480676197315,0.1806092541404752,15.287019077877572,0.2648995319409222,-0.6928344757287377,1.7553977371586995,1.7468173930287714,1.3963672438136514,1.258957089781132,-0.77943238766511,-0.7790197614911918,0.6770482551298908,0.7215386298689239,15.538098746934336,2.161060333747685,-0.817811968734473
2.2556679197769114,2.0024592518050324,2.0663285792453077,1.833172062688009,0.5185799905142207,0.5203389360810691,-1.2774480676197315,0.1806092541404752,15.287019077877572,0.2648995319409222,-0.6928344757287377,1.7553977371586995,1.7468173930287714,1.3963672438136514,1.258957089781132,-0.77943238766511,-0.7790197614911918,0.6770482551298908,0.7215386298689239,15.538098746934336,2.161060333747685,-0.817811968734473,1.2930773582714294,1.176227972572768,1.5332640842583514,1.0767775422595005,-0.186402738308118,-0.1844779440395225,-0.841199871227982,-0.1931941799949107,15.353688960597996,-1.1958574633896946,-0.4197445404305245
1.7553977371586995,1.7468173930287714,1.3963672438136514,1.258957089781132,-0.77943238766511,-0.7790197614911918,0.6770482551298908,0.7215386298689239,15.538098746934336,2.161060333747685,-0.817811968734473,1.2930773582714294,1.176227972572768,1.5332640842583514,1.0767775422595005,-0.186402738308118,-0.1844779440395225,-0.841199871227982,-0.1931941799949107,15.353688960597996,-1.1958574633896946,-0.4197445404305245,0.5862167424113132,0.998362267029876,0.808614314631666,1.2053663614482384,0.4392147107916371,0.4411817726459212,0.8311325471499432,0.623633648860709,15.639479197598362,1.0554616678413808,1.3289306257908955
1.2930773582714294,1.176227972572768,1.5332640842583514,1.0767775422595005,-0.186402738308118,-0.1844779440395225,-0.841199871227982,-0.1931941799949107,15.353688960597996,-1.1958574633896946,-0.4197445404305245,0.5862167424113132,0.998362267029876,0.808614314631666,1.2053663614482384,0.4392147107916371,0.4411817726459212,0.8311325471499432,0.623633648860709,15.639479197598362,1.0554616678413808,1.3289306257908955,0.7448726358086128,1.2526595065166253,1.3148722276090683,1.3759654690939027,0.5338931062128761,0.5354364648650273,-0.6980659794352592,-0.1969803205807673,15.448411253888128,-0.0523119745015332,1.523123247925402
0.5862167424113132,0.998362267029876,0.808614314631666,1.2053663614482384,0.4392147107916371,0.4411817726459212,0.8311325471499432,0.623633648860709,15.639479197598362,1.0554616678413808,1.3289306257908955,0.7448726358086128,1.2526595065166253,1.3148722276090683,1.3759654690939027,0.5338931062128761,0.5354364648650273,-0.6980659794352592,-0.1969803205807673,15.448411253888128,-0.0523119745015332,1.523123247925402,1.590847112094402,1.6186881842409668,1.7031188192993283,1.6055670820453325,0.4867368976032356,0.4881313002215974,0.7706852210984917,0.6439980077305245,15.716767125383358,-0.7771931286144361,-0.9891824141060658
0.7448726358086128,1.2526595065166253,1.3148722276090683,1.3759654690939027,0.5338931062128761,0.5354364648650273,-0.6980659794352592,-0.1969803205807673,15.448411253888128,-0.0523119745015332,1.523123247925402,1.590847112094402,1.6186881842409668,1.7031188192993283,1.6055670820453325,0.4867368976032356,0.4881313002215974,0.7706852210984917,0.6439980077305245,15.716767125383358,-0.7771931286144361,-0.9891824141060658,1.4926329975211268,1.8923480031766235,1.5795539954680704,1.9314779036357927,1.4507329223261016,1.4489787221540675,-0.0774296887461566,0.5653125852117356,15.793002565524324,1.7575338139727696,-0.6321062853324347
1.590847112094402,1.6186881842409668,1.7031188192993283,1.6055670820453325,0.4867368976032356,0.4881313002215974,0.7706852210984917,0.6439980077305245,15.716767125383358,-0.7771931286144361,-0.9891824141060658,1.4926329975211268,1.8923480031766235,1.5795539954680704,1.9314779036357927,1.4507329223261016,1.4489787221540675,-0.0774296887461566,0.5653125852117356,15.793002565524324,1.7575338139727696,-0.6321062853324347,2.0628945817034117,1.7767808279250956,2.025689857792918,1.66844369969375,-0.7973081977705652,-0.7971735309676724,-0.8791928780892391,-0.7272285006120002,15.604650098173549,-1.1274345778595942,-0.4524904957101585
1.4926329975211268,1.8923480031766235,1.5795539954680704,1.9314779036357927,1.4507329223261016,1.4489787221540675,-0.0774296887461566,0.5653125852117356,15.793002565524324,1.7575338139727696,-0.6321062853324347,2.0628945817034117,1.7767808279250956,2.025689857792918,1.66844369969375,-0.7973081977705652,-0.7971735309676724,-0.8791928780892391,-0.7272285006120002,15.604650098173549,-1.1274345778595942,-0.4524904957101585,1.4902522842677344,1.3318562535014704,1.4984826842672334,1.3510973300371991,-0.8710578459905304,-0.871441139277444,-0.2670385586533115,-0.804280025174326,15.58757756382788,-0.9898926840028778,-0.7991886447826
2.0628945817034117,1.7767808279250956,2.025689857792918,1.66844369969375,-0.7973081977705652,-0.7971735309676724,-0.8791928780892391,-0.7272285006120002,15.604650098173549,-1.1274345778595942,-0.4524904957101585,1.4902522842677344,1.3318562535014704,1.4984826842672334,1.3510973300371991,-0.8710578459905304,-0.871441139277444,-0.2670385586533115,-0.804280025174326,15.58757756382788,-0.9898926840028778,-0.7991886447826,1.4464117808424968,1.3512238131534124,1.4694244917849364,1.1988319566477024,-0.4731625763912322,-0.4723943481482162,-0.5704053174016875,-1.406877395659618,15.429279278894551,-1.0492121138270167,-0.0321885165421457
1.4902522842677344,1.3318562535014704,1.4984826842672334,1.3510973300371991,-0.8710578459905304,-0.871441139277444,-0.2670385586533115,-0.804280025174326,15.58757756382788,-0.9898926840028778,-0.7991886447826,1.4464117808424968,1.3512238131534124,1.4694244917849364,1.1988319566477024,-0.4731625763912322,-0.4723943481482162,-0.5704053174016875,-1.406877395659618,15.429279278894551,-1.0492121138270167,-0.0321885165421457,1.0290570887488586,1.083777384754633,1.1237454113325407,1.205703106344121,0.1495204288170651,0.15122184025152,1.2964492996220005,0.3202229665699303,15.746292710875856,-0.7225132433057984,-0.51407521284503
1.4464117808424968,1.3512238131534124,1.4694244917849364,1.1988319566477024,-0.4731625763912322,-0.4723943481482162,-0.5704053174016875,-1.406877395659618,15.429279278894551,-1.0492121138270167,-0.0321885165421457,1.0290570887488586,1.083777384754633,1.1237454113325407,1.205703106344121,0.1495204288170651,0.15122184025152,1.2964492996220005,0.3202229665699303,15.746292710875856,-0.7225132433057984,-0.51407521284503,-0.6817873465321534,0.3360738206539666,-0.4897896636862876,-0.3500013697705662,-2.5797897928796973,-2.5850518471515387,0.7801606348186184,1.481594892982067,15.965701876867936,2.172758744688048,-2.169816793533453
1.0290570887488586,1.083777384754633,1.1237454113325407,1.205703106344121,0.1495204288170651,0.15122184025152,1.2964492996220005,0.3202229665699303,15.746292710875856,-0.7225132433057984,-0.51407521284503,-0.6817873465321534,0.3360738206539666,-0.4897896636862876,-0.3500013697705662,-2.5797897928796973,-2.5850518471515387,0.7801606348186184,1.481594892982067,15.965701876867936,2.172758744688048,-2.169816793533453,-0.4597150756933038,1.4696803082687608,-0.2547475304158526,1.3552839197610052,1.86295296112121,1.8472814164863405,-1.232240735889245,-0.6942786757315993,15.69870923961192,2.385516068368828,1.5386356841525637
-0.6817873465321534,0.3360738206539666,-0.4897896636862876,-0.3500013697705662,-2.5797897928796973,-2.5850518471515387,0.7801606348186184,1.481594892982067,15.965701876867936,2.172758744688048,-2.169816793533453,-0.4597150756933038,1.4696803082687608,-0.2547475304158526,1.3552839197610052,1.86295296112121,1.8472814164863405,-1.232240735889245,-0.6942786757315993,15.69870923961192,2.385516068368828,1.5386356841525637,1.4727118357816331,2.040119596972159,1.8079298042743643,1.969414986275516,0.8327504023293777,0.8315740190855738,-0.1358874689002878,-0.61365015731944,15.694823076895249,0.4037450844195121,1.3191526633705166
-0.4597150756933038,1.4696803082687608,-0.2547475304158526,1.3552839197610052,1.86295296112121,1.8472814164863405,-1.232240735889245,-0.6942786757315993,15.69870923961192,2.385516068368828,1.5386356841525637,1.4727118357816331,2.040119596972159,1.8079298042743643,1.969414986275516,0.8327504023293777,0.8315740190855738,-0.1358874689002878,-0.61365015731944,15.694823076895249,0.4037450844195121,1.3191526633705166,1.7404902200805754,1.8697016073370505,1.2311429110148764,0.5533567218197407,-1.4341415009794434,-1.438416762761388,-0.4740141427975199,-0.9863055263445808,15.630221449994435,1.203921344163775,0.2088937435304749
1.4727118357816331,2.040119596972159,1.8079298042743643,1.969414986275516,0.8327504023293777,0.8315740190855738,-0.1358874689002878,-0.61365015731944,15.694823076895249,0.4037450844195121,1.3191526633705166,1.7404902200805754,1.8697016073370505,1.2311429110148764,0.5533567218197407,-1.4341415009794434,-1.438416762761388,-0.4740141427975199,-0.9863055263445808,15.630221449994435,1.203921344163775,0.2088937435304749,0.5573816288825327,0.8922574155002728,1.0565735097514284,1.5570685991064628,0.8723061195160625,0.8712022835897996,0.6724953303603456,-0.0670766785964114,15.770663715643572,-0.1197499340135409,0.076723656321893
1.7404902200805754,1.8697016073370505,1.2311429110148764,0.5533567218197407,-1.4341415009794434,-1.438416762761388,-0.4740141427975199,-0.9863055263445808,15.630221449994435,1.203921344163775,0.2088937435304749,0.5573816288825327,0.8922574155002728,1.0565735097514284,1.5570685991064628,0.8723061195160625,0.8712022835897996,0.6724953303603456,-0.0670766785964114,15.770663715643572,-0.1197499340135409,0.076723656321893,1.3866500806732784,1.053895381135131,1.440222319736905,1.2670488342671111,-0.1594762759535457,-0.1541436230843907,-1.3570050948854755,-1.6103033445826178,15.394221391987909,-0.4995256628052755,-1.0991601644893838
0.5573816288825327,0.8922574155002728,1.0565735097514284,1.5570685991064628,0.8723061195160625,0.8712022835897996,0.6724953303603456,-0.0670766785964114,15.770663715643572,-0.1197499340135409,0.076723656321893,1.3866500806732784,1.053895381135131,1.440222319736905,1.2670488342671111,-0.1594762759535457,-0.1541436230843907,-1.3570050948854755,-1.6103033445826178,15.394221391987909,-0.4995256628052755,-1.0991601644893838,1.1008793797041945,0.737171994303513,1.043648317854894,0.6061420217701319,-0.6141481981115197,-0.6108965864146375,0.0484081802468471,-1.2017337121213256,15.404562276860531,-0.5260727806752192,-0.2531100421560131
1.3866500806732784,1.053895381135131,1.440222319736905,1.2670488342671111,-0.1594762759535457,-0.1541436230843907,-1.3570050948854755,-1.6103033445826178,15.394221391987909,-0.4995256628052755,-1.0991601644893838,1.1008793797041945,0.737171994303513,1.043648317854894,0.6061420217701319,-0.6141481981115197,-0.6108965864146375,0.0484081802468471,-1.2017337121213256,15.404562276860531,-0.5260727806752192,-0.2531100421560131,0.3830090193374804,0.264602777805315,0.5964723180000914,0.8129519158521015,0.1818759556564172,0.1869866899466868,-0.4380371477940384,-1.251680896422232,15.29711532616119,-0.5858162108661411,0.1902898290665711
1.1008793797041945,0.737171994303513,1.043648317854894,0.6061420217701319,-0.6141481981115197,-0.6108965864146375,0.0484081802468471,-1.2017337121213256,15.404562276860531,-0.5260727806752192,-0.2531100421560131,0.3830090193374804,0.264602777805315,0.5964723180000914,0.8129519158521015,0.1818759556564172,0.1869866899466868,-0.4380371477940384,-1.251680896422232,15.29711532616119,-0.5858162108661411,0.1902898290665711,1.211468834500587,0.9380323056719052,1.1886386778895002,1.322077171931815,0.5360813182640833,0.538906118296735,0.3465153344722432,-0.8458691216257567,15.381184861904291,-0.8202446623840659,0.1062626703911191
0.3830090193374804,0.264602777805315,0.5964723180000914,0.8129519158521015,0.1818759556564172,0.1869866899466868,-0.4380371477940384,-1.251680896422232,15.29711532616119,-0.5858162108661411,0.1902898290665711,1.211468834500587,0.9380323056719052,1.1886386778895002,1.322077171931815,0.5360813182640833,0.538906118296735,0.3465153344722432,-0.8458691216257567,15.381184861904291,-0.8202446623840659,0.1062626703911191,1.1032111413483894,0.9634203036393628,0.7077806778966137,0.2732035967547266,-0.953816680287794,-0.9536620700826252,1.1882656766667088,0.1588245929715489,15.579110750158351,-0.0434389054328251,-1.098025275155191
1.211468834500587,0.9380323056719052,1.1886386778895002,1.322077171931815,0.5360813182640833,0.538906118296735,0.3465153344722432,-0.8458691216257567,15.381184861904291,-0.8202446623840659,0.1062626703911191,1.1032111413483894,0.9634203036393628,0.7077806778966137,0.2732035967547266,-0.953816680287794,-0.9536620700826252,1.1882656766667088,0.1588245929715489,15.579110750158351,-0.0434389054328251,-1.098025275155191,-0.045824069598797,-0.3015165687496607,0.2230054659186883,0.3448031513891792,-0.088984318301799,-0.0838782321734273,-0.9413242724412016,-0.4873070192619966,15.345537446503958,-0.5593557459380123,-0.4743531801776435
1.1032111413483894,0.9634203036393628,0.7077806778966137,0.2732035967547266,-0.953816680287794,-0.9536620700826252,1.1882656766667088,0.1588245929715489,15.579110750158351,-0.0434389054328251,-1.098025275155191,-0.045824069598797,-0.3015165687496607,0.2230054659186883,0.3448031513891792,-0.088984318301799,-0.0838782321734273,-0.9413242724412016,-0.4873070192619966,15.345537446503958,-0.5593557459380123,-0.4743531801776435,0.1247630430788542,-0.9951016407554232,-0.0220613110219251,-0.5984683399997208,-0.5856818122520993,-0.5827456534030063,-0.9529648568502956,-1.2328126251605898,15.117390439961785,-0.8627578225763939,-0.3949637983082227
-0.045824069598797,-0.3015165687496607,0.2230054659186883,0.3448031513891792,-0.088984318301799,-0.0838782321734273,-0.9413242724412016,-0.4873070192619966,15.345537446503958,-0.5593557459380123,-0.4743531801776435,0.1247630430788542,-0.9951016407554232,-0.0220613110219251,-0.5984683399997208,-0.5856818122520993,-0.5827456534030063,-0.9529648568502956,-1.2328126251605898,15.117390439961785,-0.8627578225763939,-0.3949637983082227,-1.1060824036117811,0.1252852509122398,-1.115305219797644,-0.0725620702431743,0.3371946698488974,0.340559615089334,2.0269148861404434,1.4347917404844992,15.519130923648984,1.1072045525891474,2.2139660827308476
0.1247630430788542,-0.9951016407554232,-0.0220613110219251,-0.5984683399997208,-0.5856818122520993,-0.5827456534030063,-0.9529648568502956,-1.2328126251605898,15.117390439961785,-0.8627578225763939,-0.3949637983082227,-1.1060824036117811,0.1252852509122398,-1.115305219797644,-0.0725620702431743,0.3371946698488974,0.340559615089334,2.0269148861404434,1.4347917404844992,15.519130923648984,1.1072045525891474,2.2139660827308476,0.1628192275828167,-0.0259048345619758,0.2864949823542262,1.008827939098097,0.6113425266323277,0.6129728148745254,-0.883894083302191,-0.0549194755591728,15.254966704255072,-0.396726588911489,-0.235987112151279
-1.1060824036117811,0.1252852509122398,-1.115305219797644,-0.0725620702431743,0.3371946698488974,0.340559615089334,2.0269148861404434,1.4347917404844992,15.519130923648984,1.1072045525891474,2.2139660827308476,0.1628192275828167,-0.0259048345619758,0.2864949823542262,1.008827939098097,0.6113425266323277,0.6129728148745254,-0.883894083302191,-0.0549194755591728,15.254966704255072,-0.396726588911489,-0.235987112151279,0.5653436083783993,2.0748297722702973,1.9353708298857355,2.2341028520740043,1.4844255431751576,1.4783271648515064,0.6223745842078862,1.3192754255615822,15.391350527801206,0.2887165242017828,0.9117950738545304
0.1628192275828167,-0.0259048345619758,0.2864949823542262,1.008827939098097,0.6113425266323277,0.6129728148745254,-0.883894083302191,-0.0549194755591728,15.254966704255072,-0.396726588911489,-0.235987112151279,0.5653436083783993,2.0748297722702973,1.9353708298857355,2.2341028520740043,1.4844255431751576,1.4783271648515064,0.6223745842078862,1.3192754255615822,15.391350527801206,0.2887165242017828,0.9117950738545304,1.7122737968367094,1.556571320526677,1.6198018928443352,0.7912946793489147,-1.178952469265908,-1.1804361656840463,1.2389001257136718,2.218212359457926,15.707130595831837,-0.1007839691542437,-0.4725175051767467
0.5653436083783993,2.0748297722702973,1.9353708298857355,2.2341028520740043,1.4844255431751576,1.4783271648515064,0.6223745842078862,1.3192754255615822,15.391350527801206,0.2887165242017828,0.9117950738545304,1.7122737968367094,1.556571320526677,1.6198018928443352,0.7912946793489147,-1.178952469265908,-1.1804361656840463,1.2389001257136718,2.218212359457926,15.707130595831837,-0.1007839691542437,-0.4725175051767467,-0.8921965235034275,-0.8542707702168566,-0.9246972635586278,-0.9897451026629668,-1.4110979980914058,-1.414840224445423,-0.4747486158606356,1.2473814908127798,15.63313284912953,0.1702480151803857,-0.7261875322690576
1.7122737968367094,1.556571320526677,1.6198018928443352,0.7912946793489147,-1.178952469265908,-1.1804361656840463,1.2389001257136718,2.218212359457926,15.707130595831837,-0.1007839691542437,-0.4725175051767467,-0.8921965235034275,-0.8542707702168566,-0.9246972635586278,-0.9897451026629668,-1.4110979980914058,-1.414840224445423,-0.4747486158606356,1.2473814908127798,15.63313284912953,0.1702480151803857,-0.7261875322690576,-0.8948285705048354,-0.8468034474453058,-0.8192818381133944,-0.1775516205862904,0.6384210635019741,0.6400274307993944,-0.9860138340453746,-0.1791295663094758,15.3780876538403,0.0315077471252293,0.627840239502519
-0.8921965235034275,-0.8542707702168566,-0.9246972635586278,-0.9897451026629668,-1.4110979980914058,-1.414840224445423,-0.4747486158606356,1.2473814908127798,15.63313284912953,0.1702480151803857,-0.7261875322690576,-0.8948285705048354,-0.8468034474453058,-0.8192818381133944,-0.1775516205862904,0.6384210635019741,0.6400274307993944,-0.9860138340453746,-0.1791295663094758,15.3780876538403,0.0315077471252293,0.627840239502519,0.9672613119255468,2.070215082919757,1.7419425964627526,2.1924445202918688,2.018482143461866,2.006668195158354,0.1242849395154643,0.0121910512907071,15.444790508682637,1.441221639032641,0.5259512176716861
-0.8948285705048354,-0.8468034474453058,-0.8192818381133944,-0.1775516205862904,0.6384210635019741,0.6400274307993944,-0.9860138340453746,-0.1791295663094758,15.3780876538403,0.0315077471252293,0.627840239502519,0.9672613119255468,2.070215082919757,1.7419425964627526,2.1924445202918688,2.018482143461866,2.006668195158354,0.1242849395154643,0.0121910512907071,15.444790508682637,1.441221639032641,0.5259512176716861,2.1514298803257157,1.916664955875985,2.1986592398838147,1.586089519019515,-0.3138383622476128,-0.3105110329177843,-0.0490354258536389,0.0790280710859558,15.446259958790906,-1.1479704562514683,-0.2725643731261731
0.9672613119255468,2.070215082919757,1.7419425964627526,2.1924445202918688,2.018482143461866,2.006668195158354,0.1242849395154643,0.0121910512907071,15.444790508682637,1.441221639032641,0.5259512176716861,2.1514298803257157,1.916664955875985,2.1986592398838147,1.586089519019515,-0.3138383622476128,-0.3105110329177843,-0.0490354258536389,0.0790280710859558,15.446259958790906,-1.1479704562514683,-0.2725643731261731,1.3063175135932452,1.3550734078778086,1.4807230906237656,1.3626971361804838,-0.0808229845172305,-0.076283000600781,-0.9740648782573594,-1.110227516303006,15.165374569243626,-0.8211020612804993,0.5543839013898433
2.1514298803257157,1.916664955875985,2.1986592398838147,1.586089519019515,-0.3138383622476128,-0.3105110329177843,-0.0490354258536389,0.0790280710859558,15.446259958790906,-1.1479704562514683,-0.2725643731261731,1.3063175135932452,1.3550734078778086,1.4807230906237656,1.3626971361804838,-0.0808229845172305,-0.076283000600781,-0.9740648782573594,-1.110227516303006,15.165374569243626,-0.8211020612804993,0.5543839013898433,1.270304279639499,0.8469794021565106,0.9724453306074438,0.9017385823963012,-0.6005800386035467,-0.5995927509026476,0.1447330543712776,-1.0121950658412715,15.237461837535054,-0.8950195785901157,-0.994981901195834
1.3063175135932452,1.3550734078778086,1.4807230906237656,1.3626971361804838,-0.0808229845172305,-0.076283000600781,-0.9740648782573594,-1.110227516303006,15.165374569243626,-0.8211020612804993,0.5543839013898433,1.270304279639499,0.8469794021565106,0.9724453306074438,0.9017385823963012,-0.6005800386035467,-0.5995927509026476,0.1447330543712776,-1.0121950658412715,15.237461837535054,-0.8950195785901157,-0.994981901195834,0.6171966074512352,1.1243917559459098,0.9164052834860196,1.2851040951295225,0.4742782647396871,0.4789589324930832,0.2949718924461054,-0.5505692602601843,15.287707577505785,0.8104312681130171,1.5922087553024684
1.270304279639499,0.8469794021565106,0.9724453306074438,0.9017385823963012,-0.6005800386035467,-0.5995927509026476,0.1447330543712776,-1.0121950658412715,15.237461837535054,-0.8950195785901157,-0.994981901195834,0.6171966074512352,1.1243917559459098,0.9164052834860196,1.2851040951295225,0.4742782647396871,0.4789589324930832,0.2949718924461054,-0.5505692602601843,15.287707577505785,0.8104312681130171,1.5922087553024684,1.20883037519261,0.8203097598574045,0.7695732994526149,0.3446257332816966,-1.062900515403186,-1.067815430731692,1.896711333472921,1.3307841572839485,15.707673426626265,0.0366995676510891,-2.0067042306769354
0.6171966074512352,1.1243917559459098,0.9164052834860196,1.2851040951295225,0.4742782647396871,0.4789589324930832,0.2949718924461054,-0.5505692602601843,15.287707577505785,0.8104312681130171,1.5922087553024684,1.20883037519261,0.8203097598574045,0.7695732994526149,0.3446257332816966,-1.062900515403186,-1.067815430731692,1.896711333472921,1.3307841572839485,15.707673426626265,0.0366995676510891,-2.0067042306769354,0.5068531694373812,0.5019991154417969,0.6216715734799018,0.4268598785103482,0.0918316066247248,0.0971669026522044,-1.4997304113308318,-1.0749164395488602,15.19059254468896,-0.7023416119075323,-0.6349002950028603
1.20883037519261,0.8203097598574045,0.7695732994526149,0.3446257332816966,-1.062900515403186,-1.067815430731692,1.896711333472921,1.3307841572839485,15.707673426626265,0.0366995676510891,-2.0067042306769354,0.5068531694373812,0.5019991154417969,0.6216715734799018,0.4268598785103482,0.0918316066247248,0.0971669026522044,-1.4997304113308318,-1.0749164395488602,15.19059254468896,-0.7023416119075323,-0.6349002950028603,0.3578442479958911,-0.0867068602400054,-0.4483640049210536,-0.3916072299687342,-0.906055688011536,-0.9099117894721472,1.5719917864392414,1.0541259214135037,15.59389785016224,1.4842377453910784,-0.8024798620247435
0.5068531694373812,0.5019991154417969,0.6216715734799018,0.4268598785103482,0.0918316066247248,0.0971669026522044,-1.4997304113308318,-1.0749164395488602,15.19059254468896,-0.7023416119075323,-0.6349002950028603,0.3578442479958911,-0.0867068602400054,-0.4483640049210536,-0.3916072299687342,-0.906055688011536,-0.9099117894721472,1.5719917864392414,1.0541259214135037,15.59389785016224,1.4842377453910784,-0.8024798620247435,-0.526934799209275,-0.9617056701198048,-0.8257236535002125,-1.1014231518905235,-0.5508231106787553,-0.5507035782526455,0.0424322680410712,1.3330583170391737,15.644549915855928,-0.1524715532688653,0.8158374145238388
0.3578442479958911,-0.0867068602400054,-0.4483640049210536,-0.3916072299687342,-0.906055688011536,-0.9099117894721472,1.5719917864392414,1.0541259214135037,15.59389785016224,1.4842377453910784,-0.8024798620247435,-0.526934799209275,-0.9617056701198048,-0.8257236535002125,-1.1014231518905235,-0.5508231106787553,-0.5507035782526455,0.0424322680410712,1.3330583170391737,15.644549915855928,-0.1524715532688653,0.8158374145238388,-1.1853686711577924,-1.2747423152350696,-0.7244088857131129,-1.1409640485257817,0.2340858301704075,0.2397181177610929,-1.0155740952311751,-0.4157257850737319,15.32737996248965,-0.7211694822678325,-0.0348746946727619
-0.526934799209275,-0.9617056701198048,-0.8257236535002125,-1.1014231518905235,-0.5508231106787553,-0.5507035782526455,0.0424322680410712,1.3330583170391737,15.644549915855928,-0.1524715532688653,0.8158374145238388,-1.1853686711577924,-1.2747423152350696,-0.7244088857131129,-1.1409640485257817,0.2340858301704075,0.2397181177610929,-1.0155740952311751,-0.4157257850737319,15.32737996248965,-0.7211694822678325,-0.0348746946727619,-0.9590601555486884,-1.3853826335445878,-1.7466424805481744,-1.6457437070499594,-0.9386874219087044,-0.9389840883261972,0.6370611717289563,0.6279059810422358,15.550435266853288,1.734836463534106,-1.5899291712441015
-1.1853686711577924,-1.2747423152350696,-0.7244088857131129,-1.1409640485257817,0.2340858301704075,0.2397181177610929,-1.0155740952311751,-0.4157257850737319,15.32737996248965,-0.7211694822678325,-0.0348746946727619,-0.9590601555486884,-1.3853826335445878,-1.7466424805481744,-1.6457437070499594,-0.9386874219087044,-0.9389840883261972,0.6370611717289563,0.6279059810422358,15.550435266853288,1.734836463534106,-1.5899291712441015,-1.5212969832138712,-0.930268443379622,-0.533860535374642,-0.7240194348910944,1.136411987916927,1.1350833870054124,-0.9972018372504654,-0.891138534869281,15.183844848237785,-0.6321688375415516,1.4035967496009307
-0.9590601555486884,-1.3853826335445878,-1.7466424805481744,-1.6457437070499594,-0.9386874219087044,-0.9389840883261972,0.6370611717289563,0.6279059810422358,15.550435266853288,1.734836463534106,-1.5899291712441015,-1.5212969832138712,-0.930268443379622,-0.533860535374642,-0.7240194348910944,1.136411987916927,1.1350833870054124,-0.9972018372504654,-0.891138534869281,15.183844848237785,-0.6321688375415516,1.4035967496009307,-1.0575181398483604,-1.123043160421057,-0.730096271681259,-0.3714953057616239,0.462558297928167,0.4648576349207816,0.3469785462351993,-0.3762850035013923,15.3446059344475,-0.7113325166736946,0.499536566060288
-1.5212969832138712,-0.930268443379622,-0.533860535374642,-0.7240194348910944,1.136411987916927,1.1350833870054124,-0.9972018372504654,-0.891138534869281,15.183844848237785,-0.6321688375415516,1.4035967496009307,-1.0575181398483604,-1.123043160421057,-0.730096271681259,-0.3714953057616239,0.462558297928167,0.4648576349207816,0.3469785462351993,-0.3762850035013923,15.3446059344475,-0.7113325166736946,0.499536566060288,-0.0714273745077669,0.6842764077895742,0.3842983570949977,1.0781979510383497,1.4912904631063015,1.4857657017921984,1.5741928038404245,1.78650560361073,15.893538726302408,0.6435395486427056,0.2310743415026198
-1.0575181398483604,-1.123043160421057,-0.730096271681259,-0.3714953057616239,0.462558297928167,0.4648576349207816,0.3469785462351993,-0.3762850035013923,15.3446059344475,-0.7113325166736946,0.499536566060288,-0.0714273745077669,0.6842764077895742,0.3842983570949977,1.0781979510383497,1.4912904631063015,1.4857657017921984,1.5741928038404245,1.78650560361073,15.893538726302408,0.6435395486427056,0.2310743415026198,1.3231860121942218,1.4799910283242694,1.7320634256920753,1.705002571820165,0.598554780202176,0.6004657908048499,-0.924544892222622,-0.1367125939510015,15.570571636972986,-1.2145645504248592,0.8315262194355718
-0.0714273745077669,0.6842764077895742,0.3842983570949977,1.0781979510383497,1.4912904631063015,1.4857657017921984,1.5741928038404245,1.78650560361073,15.893538726302408,0.6435395486427056,0.2310743415026198,1.3231860121942218,1.4799910283242694,1.7320634256920753,1.705002571820165,0.598554780202176,0.6004657908048499,-0.924544892222622,-0.1367125939510015,15.570571636972986,-1.2145645504248592,0.8315262194355718,2.2905742446363497,2.088135523306718,1.681480432161247,1.7182712688007449,0.4731766035687256,0.4749480446360985,-0.2425433153703796,-0.1711383961374818,15.517436672165536,0.867508352758694,0.7807357061676821
1.3231860121942218,1.4799910283242694,1.7320634256920753,1.705002571820165,0.598554780202176,0.6004657908048499,-0.924544892222622,-0.1367125939510015,15.570571636972986,-1.2145645504248592,0.8315262194355718,2.2905742446363497,2.088135523306718,1.681480432161247,1.7182712688007449,0.4731766035687256,0.4749480446360985,-0.2425433153703796,-0.1711383961374818,15.517436672165536,0.867508352758694,0.7807357061676821,0.4818967454193837,0.7804848349872238,0.9557754330974588,0.4724006430015027,-1.5147971466551016,-1.5191899821493162,1.5559552439139004,1.914859898551624,16.10247437162976,-0.580308524856145,-0.6275482371316364
2.2905742446363497,2.088135523306718,1.681480432161247,1.7182712688007449,0.4731766035687256,0.4749480446360985,-0.2425433153703796,-0.1711383961374818,15.517436672165536,0.867508352758694,0.7807357061676821,0.4818967454193837,0.7804848349872238,0.9557754330974588,0.4724006430015027,-1.5147971466551016,-1.5191899821493162,1.5559552439139004,1.914859898551624,16.10247437162976,-0.580308524856145,-0.6275482371316364,0.5441884855106313,0.8433151795808836,0.9573155421886944,0.998697745139589,0.7505155686100305,0.7501839694235621,-1.4108802922747177,-1.3022924285430977,15.225424028847238,-0.4507441048743696,-0.0538130986499875
0.4818967454193837,0.7804848349872238,0.9557754330974588,0.4724006430015027,-1.5147971466551016,-1.5191899821493162,1.5559552439139004,1.914859898551624,16.10247437162976,-0.580308524856145,-0.6275482371316364,0.5441884855106313,0.8433151795808836,0.9573155421886944,0.998697745139589,0.7505155686100305,0.7501839694235621,-1.4108802922747177,-1.3022924285430977,15.225424028847238,-0.4507441048743696,-0.0538130986499875,1.162965237497473,1.1937097708088908,1.3035700767486875,1.417629271455272,0.7209131401105823,0.7197966415680205,1.040403003181834,0.1700680054362252,15.70185282130369,-0.5817738687160643,0.1860189902826772
0.5441884855106313,0.8433151795808836,0.9573155421886944,0.998697745139589,0.7505155686100305,0.7501839694235621,-1.4108802922747177,-1.3022924285430977,15.225424028847238,-0.4507441048743696,-0.0538130986499875,1.162965237497473,1.1937097708088908,1.3035700767486875,1.417629271455272,0.7209131401105823,0.7197966415680205,1.040403003181834,0.1700680054362252,15.70185282130369,-0.5817738687160643,0.1860189902826772,1.1742563231329994,1.4020898679789424,1.3785071318177864,1.5472565934633242,0.4868582545027385,0.4874636711859049,-0.4276134988684942,-0.2519107431696782,15.624618829327092,-0.2843025476077592,-0.3568293429430018
1.162965237497473,1.1937097708088908,1.3035700767486875,1.417629271455272,0.7209131401105823,0.7197966415680205,1.040403003181834,0.1700680054362252,15.70185282130369,-0.5817738687160643,0.1860189902826772,1.1742563231329994,1.4020898679789424,1.3785071318177864,1.5472565934633242,0.4868582545027385,0.4874636711859049,-0.4276134988684942,-0.2519107431696782,15.624618829327092,-0.2843025476077592,-0.3568293429430018,1.4286930764360186,1.3975168930952648,1.4634293474633682,1.5465044173931382,-0.0825691756736276,-0.079349344378769,-0.5372214105357327,-0.7122221777118722,15.43640281816571,-0.2205430903092722,-0.4116109815513898
1.1742563231329994,1.4020898679789424,1.3785071318177864,1.5472565934633242,0.4868582545027385,0.4874636711859049,-0.4276134988684942,-0.2519107431696782,15.624618829327092,-0.2843025476077592,-0.3568293429430018,1.4286930764360186,1.3975168930952648,1.4634293474633682,1.5465044173931382,-0.0825691756736276,-0.079349344378769,-0.5372214105357327,-0.7122221777118722,15.43640281816571,-0.2205430903092722,-0.4116109815513898,1.206417487794856,1.054669659951326,-0.2204775083273497,-0.7281544255061048,-2.340700281542477,-2.3473937735504076,1.0927579197492423,0.8290895840210023,15.983764052540238,2.570586430517442,-2.5745229119565316
1.4286930764360186,1.3975168930952648,1.4634293474633682,1.5465044173931382,-0.0825691756736276,-0.079349344378769,-0.5372214105357327,-0.7122221777118722,15.43640281816571,-0.2205430903092722,-0.4116109815513898,1.206417487794856,1.054669659951326,-0.2204775083273497,-0.7281544255061048,-2.340700281542477,-2.3473937735504076,1.0927579197492423,0.8290895840210023,15.983764052540238,2.570586430517442,-2.5745229119565316,-0.950287529289272,-1.5073707402396272,-1.4696098394848864,-1.4915415058561503,-0.6669563947808756,-0.6600749719911427,-0.3882405953327149,0.3474693522391481,15.95783311506522,-0.1300236826263,-0.2947165272344079
1.206417487794856,1.054669659951326,-0.2204775083273497,-0.7281544255061048,-2.340700281542477,-2.3473937735504076,1.0927579197492423,0.8290895840210023,15.983764052540238,2.570586430517442,-2.5745229119565316,-0.950287529289272,-1.5073707402396272,-1.4696098394848864,-1.4915415058561503,-0.6669563947808756,-0.6600749719911427,-0.3882405953327149,0.3474693522391481,15.95783311506522,-0.1300236826263,-0.2947165272344079,-0.7704553168592737,-1.2310238132783158,-1.8033794129065113,-1.407001483756254,-0.0992478791362927,-0.0939483833005842,-0.1534770858159073,0.5298363832706606,15.984838620693004,1.1812765489874837,0.2713073287205468
-0.950287529289272,-1.5073707402396272,-1.4696098394848864,-1.4915415058561503,-0.6669563947808756,-0.6600749719911427,-0.3882405953327149,0.3474693522391481,15.95783311506522,-0.1300236826263,-0.2947165272344079,-0.7704553168592737,-1.2310238132783158,-1.8033794129065113,-1.407001483756254,-0.0992478791362927,-0.0939483833005842,-0.1534770858159073,0.5298363832706606,15.984838620693004,1.1812765489874837,0.2713073287205468,-1.6720510132433497,-1.7229481260983373,-1.6721718851785825,-1.4626225180308636,-0.3372423305351808,-0.3314988033607386,-1.0405166614686636,-1.1679368316204155,15.462379313458666,0.1918858783271766,-1.1872795769084592
-0.7704553168592737,-1.2310238132783158,-1.8033794129065113,-1.407001483756254,-0.0992478791362927,-0.0939483833005842,-0.1534770858159073,0.5298363832706606,15.984838620693004,1.1812765489874837,0.2713073287205468,-1.6720510132433497,-1.7229481260983373,-1.6721718851785825,-1.4626225180308636,-0.3372423305351808,-0.3314988033607386,-1.0405166614686636,-1.1679368316204155,15.462379313458666,0.1918858783271766,-1.1872795769084592,-1.6371909367951387,-1.599236400553666,-1.2861670007123016,-1.1613770930148342,0.2702116741140833,0.2732225100638499,0.049860276095118,-0.7725651986808296,15.580994666884015,-0.7139561353899696,0.4522078799461307
-1.6720510132433497,-1.7229481260983373,-1.6721718851785825,-1.4626225180308636,-0.3372423305351808,-0.3314988033607386,-1.0405166614686636,-1.1679368316204155,15.462379313458666,0.1918858783271766,-1.1872795769084592,-1.6371909367951387,-1.599236400553666,-1.2861670007123016,-1.1613770930148342,0.2702116741140833,0.2732225100638499,0.049860276095118,-0.7725651986808296,15.580994666884015,-0.7139561353899696,0.4522078799461307,-1.003146326244056,-1.1025495323624492,-1.1228106063961103,-1.1394865431434344,-0.1254076479104773,-0.1203677081800924,-0.3456513367315441,-0.8514791066000553,15.441609107986976,0.1156686070956565,0.399538012977044
-1.6371909367951387,-1.599236400553666,-1.2861670007123016,-1.1613770930148342,0.2702116741140833,0.2732225100638499,0.049860276095118,-0.7725651986808296,15.580994666884015,-0.7139561353899696,0.4522078799461307,-1.003146326244056,-1.1025495323624492,-1.1228106063961103,-1.1394865431434344,-0.1254076479104773,-0.1203677081800924,-0.3456513367315441,-0.8514791066000553,15.441609107986976,0.1156686070956565,0.399538012977044,-1.285621831484252,-1.1916089561444747,-0.8917907174229319,-0.9127849585612252,0.3116701949134839,0.3135482596392506,0.7114688174318136,0.0183002485151523,15.74881313597157,-0.9478434410238336,1.2620023468053845
-1.003146326244056,-1.1025495323624492,-1.1228106063961103,-1.1394865431434344,-0.1254076479104773,-0.1203677081800924,-0.3456513367315441,-0.8514791066000553,15.441609107986976,0.1156686070956565,0.399538012977044,-1.285621831484252,-1.1916089561444747,-0.8917907174229319,-0.9127849585612252,0.3116701949134839,0.3135482596392506,0.7114688174318136,0.0183002485151523,15.74881313597157,-0.9478434410238336,1.2620023468053845,-0.6054640350264864,-0.7726174193229737,-0.807377472174565,-1.00673995076724,-0.1964976334160404,-0.1916652306000656,-1.0514005822861352,-1.2218707965903182,15.327688611203788,-0.039269171709016,-0.2436927265701032
-1.285621831484252,-1.1916089561444747,-0.8917907174229319,-0.9127849585612252,0.3116701949134839,0.3135482596392506,0.7114688174318136,0.0183002485151523,15.74881313597157,-0.9478434410238336,1.2620023468053845,-0.6054640350264864,-0.7726174193229737,-0.807377472174565,-1.00673995076724,-0.1964976334160404,-0.1916652306000656,-1.0514005822861352,-1.2218707965903182,15.327688611203788,-0.039269171709016,-0.2436927265701032,-0.877803460753707,-0.8896647895150197,-1.2769460490043,-1.3992566342084816,-0.6701454447453977,-0.6647559286689353,-0.353806980730606,-1.1945500664040356,15.20644439007544,0.8494723401208834,0.6260507583171276
-0.6054640350264864,-0.7726174193229737,-0.807377472174565,-1.00673995076724,-0.1964976334160404,-0.1916652306000656,-1.0514005822861352,-1.2218707965903182,15.327688611203788,-0.039269171709016,-0.2436927265701032,-0.877803460753707,-0.8896647895150197,-1.2769460490043,-1.3992566342084816,-0.6701454447453977,-0.6647559286689353,-0.353806980730606,-1.1945500664040356,15.20644439007544,0.8494723401208834,0.6260507583171276,-1.211702431071688,-1.0267758510378482,-0.9319291169551164,-0.6498865887593753,1.7517160357722084,1.737445878840982,0.1828537381632106,-0.8504342625607644,15.294407117432328,-0.8143527645646176,0.4834999530088918
-0.877803460753707,-0.8896647895150197,-1.2769460490043,-1.3992566342084816,-0.6701454447453977,-0.6647559286689353,-0.353806980730606,-1.1945500664040356,15.20644439007544,0.8494723401208834,0.6260507583171276,-1.211702431071688,-1.0267758510378482,-0.9319291169551164,-0.6498865887593753,1.7517160357722084,1.737445878840982,0.1828537381632106,-0.8504342625607644,15.294407117432328,-0.8143527645646176,0.4834999530088918,-1.2476736504039585,-1.173738411109742,-0.835470169274418,-0.2418195077228362,0.6814465383386087,0.6843685004681075,1.140856802958061,0.2131542114651386,15.527938358337432,-0.8012880655886694,0.669012603167471
-1.211702431071688,-1.0267758510378482,-0.9319291169551164,-0.6498865887593753,1.7517160357722084,1.737445878840982,0.1828537381632106,-0.8504342625607644,15.294407117432328,-0.8143527645646176,0.4834999530088918,-1.2476736504039585,-1.173738411109742,-0.835470169274418,-0.2418195077228362,0.6814465383386087,0.6843685004681075,1.140856802958061,0.2131542114651386,15.527938358337432,-0.8012880655886694,0.669012603167471,-0.5751400594576582,-0.9855435876425808,-1.6110522159482927,-0.6084383554042001,-0.3651458086724119,-0.363699063054816,1.130349058326749,1.633108969737396,15.80534203079599,0.6928355493797802,-0.6235729492211951
-1.2476736504039585,-1.173738411109742,-0.835470169274418,-0.2418195077228362,0.6814465383386087,0.6843685004681075,1.140856802958061,0.2131542114651386,15.527938358337432,-0.8012880655886694,0.669012603167471,-0.5751400594576582,-0.9855435876425808,-1.6110522159482927,-0.6084383554042001,-0.3651458086724119,-0.363699063054816,1.130349058326749,1.633108969737396,15.80534203079599,0.6928355493797802,-0.6235729492211951,-1.4757694959946694,-1.6013218028364768,-0.9543398518718634,-1.5409982555512662,-0.9464185179213368,-0.9487726217673904,-0.9484146302698078,0.5618692484968955,15.478678982356852,-0.835516493258829,0.4556190090318893
-0.5751400594576582,-0.9855435876425808,-1.6110522159482927,-0.6084383554042001,-0.3651458086724119,-0.363699063054816,1.130349058326749,1.633108969737396,15.80534203079599,0.6928355493797802,-0.6235729492211951,-1.4757694959946694,-1.6013218028364768,-0.9543398518718634,-1.5409982555512662,-0.9464185179213368,-0.9487726217673904,-0.9484146302698078,0.5618692484968955,15.478678982356852,-0.835516493258829,0.4556190090318893,-1.6825521256816944,-1.4871618699698284,-1.6555977659600356,-0.6961678909132313,0.8642888495713872,0.8658706876983612,1.548929576690453,1.919321805197819,15.90765865337534,0.6954670757450762,-0.6864240852073541
-1.4757694959946694,-1.6013218028364768,-0.9543398518718634,-1.5409982555512662,-0.9464185179213368,-0.9487726217673904,-0.9484146302698078,0.5618692484968955,15.478678982356852,-0.835516493258829,0.4556190090318893,-1.6825521256816944,-1.4871618699698284,-1.6555977659600356,-0.6961678909132313,0.8642888495713872,0.8658706876983612,1.548929576690453,1.919321805197819,15.90765865337534,0.6954670757450762,-0.6864240852073541,-0.7786166670976905,-0.928349278695428,-0.4417138854751303,-0.3859541235356016,0.3285863477021435,0.3315171197508381,0.114976642007792,1.6317330056767705,16.01693751514254,-0.6554906677589323,2.2004140996092163
-1.6825521256816944,-1.4871618699698284,-1.6555977659600356,-0.6961678909132313,0.8642888495713872,0.8658706876983612,1.548929576690453,1.919321805197819,15.90765865337534,0.6954670757450762,-0.6864240852073541,-0.7786166670976905,-0.928349278695428,-0.4417138854751303,-0.3859541235356016,0.3285863477021435,0.3315171197508381,0.114976642007792,1.6317330056767705,16.01693751514254,-0.6554906677589323,2.2004140996092163,0.4959128820310406,-0.1572933965110149,-1.9210461022473608,-2.1576457846820314,-1.7643825464226848,-1.772709715189413,0.0974691320135487,1.4272362575670436,16.144494222207538,2.232612855178729,-0.8791229156791371
-0.7786166670976905,-0.928349278695428,-0.4417138854751303,-0.3859541235356016,0.3285863477021435,0.3315171197508381,0.114976642007792,1.6317330056767705,16.01693751514254,-0.6554906677589323,2.2004140996092163,0.4959128820310406,-0.1572933965110149,-1.9210461022473608,-2.1576457846820314,-1.7643825464226848,-1.772709715189413,0.0974691320135487,1.4272362575670436,16.144494222207538,2.232612855178729,-0.8791229156791371,-2.1014102501898457,-2.061044609860635,-1.5967701415325792,-1.6273388752758111,0.3430244412320306,0.3460756046951339,-0.8864598559751006,0.3958226432869624,15.924159019593992,-0.0862531714972569,0.2990322579403489
0.4959128820310406,-0.1572933965110149,-1.9210461022473608,-2.1576457846820314,-1.7643825464226848,-1.772709715189413,0.0974691320135487,1.4272362575670436,16.144494222207538,2.232612855178729,-0.8791229156791371,-2.1014102501898457,-2.061044609860635,-1.5967701415325792,-1.6273388752758111,0.3430244412320306,0.3460756046951339,-0.8864598559751006,0.3958226432869624,15.924159019593992,-0.0862531714972569,0.2990322579403489,-0.9253951112761672,-1.743038205269165,-0.796861485178944,-0.8601128605087046,0.7663997516373553,0.766484743579191,-1.2378781442661255,-0.7295865167023109,15.597371363337732,-0.9133009512761584,1.3049836671989636
-2.1014102501898457,-2.061044609860635,-1.5967701415325792,-1.6273388752758111,0.3430244412320306,0.3460756046951339,-0.8864598559751006,0.3958226432869624,15.924159019593992,-0.0862531714972569,0.2990322579403489,-0.9253951112761672,-1.743038205269165,-0.796861485178944,-0.8601128605087046,0.7663997516373553,0.766484743579191,-1.2378781442661255,-0.7295865167023109,15.597371363337732,-0.9133009512761584,1.3049836671989636,-1.0181550665247547,-1.6998585909728157,-1.3332577925149167,-1.1963606036806478,-0.4938420993182034,-0.4902173909249823,0.9754510818903536,-0.0882619388947351,15.923515382248532,-0.2929012758961592,-0.6435828035972455
-0.9253951112761672,-1.743038205269165,-0.796861485178944,-0.8601128605087046,0.7663997516373553,0.766484743579191,-1.2378781442661255,-0.7295865167023109,15.597371363337732,-0.9133009512761584,1.3049836671989636,-1.0181550665247547,-1.6998585909728157,-1.3332577925149167,-1.1963606036806478,-0.4938420993182034,-0.4902173909249823,0.9754510818903536,-0.0882619388947351,15.923515382248532,-0.2929012758961592,-0.6435828035972455,-1.193483241358134,-1.6860362111058504,-1.613429407999288,-1.4241190742218042,-0.4767182994104572,-0.4731692959546868,-0.5017205018308348,-0.6662032764955751,15.872987765041383,-0.0610520316591861,0.138801505272697
-1.0181550665247547,-1.6998585909728157,-1.3332577925149167,-1.1963606036806478,-0.4938420993182034,-0.4902173909249823,0.9754510818903536,-0.0882619388947351,15.923515382248532,-0.2929012758961592,-0.6435828035972455,-1.193483241358134,-1.6860362111058504,-1.613429407999288,-1.4241190742218042,-0.4767182994104572,-0.4731692959546868,-0.5017205018308348,-0.6662032764955751,15.872987765041383,-0.0610520316591861,0.138801505272697,-1.1280578708911704,-0.7276473275608171,-0.9594805130802028,-0.3505078984589651,1.4981388902987938,1.490693043796892,-0.7706626189967771,-1.3306132323682247,15.6817126219251,0.289056062880132,-0.1562583984831858
-1.193483241358134,-1.6860362111058504,-1.613429407999288,-1.4241190742218042,-0.4767182994104572,-0.4731692959546868,-0.5017205018308348,-0.6662032764955751,15.872987765041383,-0.0610520316591861,0.138801505272697,-1.1280578708911704,-0.7276473275608171,-0.9594805130802028,-0.3505078984589651,1.4981388902987938,1.490693043796892,-0.7706626189967771,-1.3306132323682247,15.6817126219251,0.289056062880132,-0.1562583984831858,0.1907281814923288,-0.0640475735235442,0.7311164144120641,0.5834204200938614,0.9292933573868842,0.9271780102321264,-0.0830205600137663,-1.0664556952686015,15.67772864616862,-1.0240509669541316,-1.0599324738528493
-1.1280578708911704,-0.7276473275608171,-0.9594805130802028,-0.3505078984589651,1.4981388902987938,1.490693043796892,-0.7706626189967771,-1.3306132323682247,15.6817126219251,0.289056062880132,-0.1562583984831858,0.1907281814923288,-0.0640475735235442,0.7311164144120641,0.5834204200938614,0.9292933573868842,0.9271780102321264,-0.0830205600137663,-1.0664556952686015,15.67772864616862,-1.0240509669541316,-1.0599324738528493,2.2653834664607087,2.3248904219201716,1.560738798201735,0.9726315819815864,0.4025138118141117,0.4037569164348452,1.032456551672674,-0.1747630419030662,15.99108024028179,1.961481287287864,0.1740780791463473
0.1907281814923288,-0.0640475735235442,0.7311164144120641,0.5834204200938614,0.9292933573868842,0.9271780102321264,-0.0830205600137663,-1.0664556952686015,15.67772864616862,-1.0240509669541316,-1.0599324738528493,2.2653834664607087,2.3248904219201716,1.560738798201735,0.9726315819815864,0.4025138118141117,0.4037569164348452,1.032456551672674,-0.1747630419030662,15.99108024028179,1.961481287287864,0.1740780791463473,-0.3292964178707919,0.1941512797874396,-0.3130072064338933,1.098870534506936,0.0889425473671404,0.091996185536644,-0.4649335818662021,-0.3898492801736729,15.902994795285997,0.5961144927117789,0.3549152803834943
2.2653834664607087,2.3248904219201716,1.560738798201735,0.9726315819815864,0.4025138118141117,0.4037569164348452,1.032456551672674,-0.1747630419030662,15.99108024028179,1.961481287287864,0.1740780791463473,-0.3292964178707919,0.1941512797874396,-0.3130072064338933,1.098870534506936,0.0889425473671404,0.091996185536644,-0.4649335818662021,-0.3898492801736729,15.902994795285997,0.5961144927117789,0.3549152803834943,0.2408361457121764,0.3765690496924033,1.363500154959147,0.9482432077428864,-0.2415188996992953,-0.2375744602382438,-0.6340492890940003,-0.7454955544017372,15.738386151235863,-0.7374154942498817,-1.912131965408072
-0.3292964178707919,0.1941512797874396,-0.3130072064338933,1.098870534506936,0.0889425473671404,0.091996185536644,-0.4649335818662021,-0.3898492801736729,15.902994795285997,0.5961144927117789,0.3549152803834943,0.2408361457121764,0.3765690496924033,1.363500154959147,0.9482432077428864,-0.2415188996992953,-0.2375744602382438,-0.6340492890940003,-0.7454955544017372,15.738386151235863,-0.7374154942498817,-1.912131965408072,-0.3632990780158731,-0.2516293238716435,-0.0449243562223763,-0.5388071981023158,-1.659601548732538,-1.6646931855972775,-1.3241243613767677,-1.987149204132508,15.233449166631454,-0.3680629925064436,-1.5910080238397497
0.2408361457121764,0.3765690496924033,1.363500154959147,0.9482432077428864,-0.2415188996992953,-0.2375744602382438,-0.6340492890940003,-0.7454955544017372,15.738386151235863,-0.7374154942498817,-1.912131965408072,-0.3632990780158731,-0.2516293238716435,-0.0449243562223763,-0.5388071981023158,-1.659601548732538,-1.6646931855972775,-1.3241243613767677,-1.987149204132508,15.233449166631454,-0.3680629925064436,-1.5910080238397497,-0.8825816688217765,-0.9219864410072116,-1.1457573195821067,-1.770976049230726,-1.5273710623400203,-1.532020177853535,1.6942234863821564,-0.0168547543173532,15.66811438956992,-0.2598108080814605,0.5947568693485333
-0.3632990780158731,-0.2516293238716435,-0.0449243562223763,-0.5388071981023158,-1.659601548732538,-1.6646931855972775,-1.3241243613767677,-1.987149204132508,15.233449166631454,-0.3680629925064436,-1.5910080238397497,-0.8825816688217765,-0.9219864410072116,-1.1457573195821067,-1.770976049230726,-1.5273710623400203,-1.532020177853535,1.6942234863821564,-0.0168547543173532,15.66811438956992,-0.2598108080814605,0.5947568693485333,-1.2739021658104843,-1.1045128799990516,-1.524051843974516,-1.695303319202415,-0.4116538845980425,-0.4094634673780423,-0.2707089942400634,-0.2685514175015224,15.62705647788708,0.0453969615811324,0.0851910626241637
-0.8825816688217765,-0.9219864410072116,-1.1457573195821067,-1.770976049230726,-1.5273710623400203,-1.532020177853535,1.6942234863821564,-0.0168547543173532,15.66811438956992,-0.2598108080814605,0.5947568693485333,-1.2739021658104843,-1.1045128799990516,-1.524051843974516,-1.695303319202415,-0.4116538845980425,-0.4094634673780423,-0.2707089942400634,-0.2685514175015224,15.62705647788708,0.0453969615811324,0.0851910626241637,-0.8402724648008478,-1.2801950229605377,-1.2754192859272098,-1.29843876167675,0.3576729512971244,0.3603204050848987,-0.57027690793043,-0.8287105236504354,15.43721315078042,-0.7122691983563537,-0.8174500124276273
-1.2739021658104843,-1.1045128799990516,-1.524051843974516,-1.695303319202415,-0.4116538845980425,-0.4094634673780423,-0.2707089942400634,-0.2685514175015224,15.62705647788708,0.0453969615811324,0.0851910626241637,-0.8402724648008478,-1.2801950229605377,-1.2754192859272098,-1.29843876167675,0.3576729512971244,0.3603204050848987,-0.57027690793043,-0.8287105236504354,15.43721315078042,-0.7122691983563537,-0.8174500124276273,-0.8330078431479445,-1.1432163660584052,-1.1854066311186706,-0.9390003870632972,0.549646617000646,0.551041836213663,-0.7123284838081093,-1.404172584191489,15.16669600090376,-0.585030136809996,-0.8159758706001274
-0.8402724648008478,-1.2801950229605377,-1.2754192859272098,-1.29843876167675,0.3576729512971244,0.3603204050848987,-0.57027690793043,-0.8287105236504354,15.43721315078042,-0.7122691983563537,-0.8174500124276273,-0.8330078431479445,-1.1432163660584052,-1.1854066311186706,-0.9390003870632972,0.549646617000646,0.551041836213663,-0.7123284838081093,-1.404172584191489,15.16669600090376,-0.585030136809996,-0.8159758706001274,-0.6355996753405281,-0.2992597590954386,-0.1649548136955316,0.3526927025352748,1.9317642515696103,1.9223890248478688,0.1427389519766118,-0.969568902296443,15.191426499113923,-0.3922105947794156,1.1601285127037142
-0.8330078431479445,-1.1432163660584052,-1.1854066311186706,-0.9390003870632972,0.549646617000646,0.551041836213663,-0.7123284838081093,-1.404172584191489,15.16669600090376,-0.585030136809996,-0.8159758706001274,-0.6355996753405281,-0.2992597590954386,-0.1649548136955316,0.3526927025352748,1.9317642515696103,1.9223890248478688,0.1427389519766118,-0.969568902296443,15.191426499113923,-0.3922105947794156,1.1601285127037142,0.3280851114714448,0.838195595144755,0.9203194906427264,1.339814237180058,1.4587043857523885,1.4551277644626932,1.645169208138816,1.1598114582555314,15.668224163340405,0.446346941877956,1.5951500132455207
-0.6355996753405281,-0.2992597590954386,-0.1649548136955316,0.3526927025352748,1.9317642515696103,1.9223890248478688,0.1427389519766118,-0.969568902296443,15.191426499113923,-0.3922105947794156,1.1601285127037142,0.3280851114714448,0.838195595144755,0.9203194906427264,1.339814237180058,1.4587043857523885,1.4551277644626932,1.645169208138816,1.1598114582555314,15.668224163340405,0.446346941877956,1.5951500132455207,1.9360381281930572,1.3781166800146527,1.5658885841327093,1.37630422219351,0.2043322865756336,0.208423158726036,1.046732065486275,2.26721225072208,16.01602981299557,-0.179719124586293,0.4716555232887688
0.3280851114714448,0.838195595144755,0.9203194906427264,1.339814237180058,1.4587043857523885,1.4551277644626932,1.645169208138816,1.1598114582555314,15.668224163340405,0.446346941877956,1.5951500132455207,1.9360381281930572,1.3781166800146527,1.5658885841327093,1.37630422219351,0.2043322865756336,0.208423158726036,1.046732065486275,2.26721225072208,16.01602981299557,-0.179719124586293,0.4716555232887688,1.3258485814145362,1.267645654589693,1.5554675174946255,1.4723875039282035,0.4018242325243599,0.4054280262670104,-0.1962066399620169,1.6339275476824422,16.00703011479628,-1.3996572216360257,0.2113723902355251
1.9360381281930572,1.3781166800146527,1.5658885841327093,1.37630422219351,0.2043322865756336,0.208423158726036,1.046732065486275,2.26721225072208,16.01602981299557,-0.179719124586293,0.4716555232887688,1.3258485814145362,1.267645654589693,1.5554675174946255,1.4723875039282035,0.4018242325243599,0.4054280262670104,-0.1962066399620169,1.6339275476824422,16.00703011479628,-1.3996572216360257,0.2113723902355251,1.678002267436322,1.5324937524578737,1.7836795859899754,1.567401736932858,0.616157259530113,0.6181530971608564,-0.2075194311489612,1.2089638396297924,16.011222992588756,-1.68815196856601,0.8044828189474135
1.3258485814145362,1.267645654589693,1.5554675174946255,1.4723875039282035,0.4018242325243599,0.4054280262670104,-0.1962066399620169,1.6339275476824422,16.00703011479628,-1.3996572216360257,0.2113723902355251,1.678002267436322,1.5324937524578737,1.7836795859899754,1.567401736932858,0.616157259530113,0.6181530971608564,-0.2075194311489612,1.2089638396297924,16.011222992588756,-1.68815196856601,0.8044828189474135,1.5930811533152955,1.405038482297024,1.377227719314812,1.0642871459588927,-0.8917919888272958,-0.8910297114417336,0.1361508615673149,1.1884893413479622,16.169587020727647,-0.3140565574030743,-0.7773912299794229
1.678002267436322,1.5324937524578737,1.7836795859899754,1.567401736932858,0.616157259530113,0.6181530971608564,-0.2075194311489612,1.2089638396297924,16.011222992588756,-1.68815196856601,0.8044828189474135,1.5930811533152955,1.405038482297024,1.377227719314812,1.0642871459588927,-0.8917919888272958,-0.8910297114417336,0.1361508615673149,1.1884893413479622,16.169587020727647,-0.3140565574030743,-0.7773912299794229,0.9667683588394568,0.789331645606867,0.3298410825042926,0.606277780830509,-1.2351968766461427,-1.2389543274615038,1.8135634978835304,2.0387359532302276,16.734691160578723,1.8214760294141357,-1.3217379947667298
1.5930811533152955,1.405038482297024,1.377227719314812,1.0642871459588927,-0.8917919888272958,-0.8910297114417336,0.1361508615673149,1.1884893413479622,16.169587020727647,-0.3140565574030743,-0.7773912299794229,0.9667683588394568,0.789331645606867,0.3298410825042926,0.606277780830509,-1.2351968766461427,-1.2389543274615038,1.8135634978835304,2.0387359532302276,16.734691160578723,1.8214760294141357,-1.3217379947667298,0.3781665408564804,0.9378766602899996,0.7250703193398647,1.1232838255928803,1.1058268502426132,1.1044901977373451,-0.069113244148169,1.453356561713461,16.87367292836567,0.8682573278720166,0.2967522808142778
0.9667683588394568,0.789331645606867,0.3298410825042926,0.606277780830509,-1.2351968766461427,-1.2389543274615038,1.8135634978835304,2.0387359532302276,16.734691160578723,1.8214760294141357,-1.3217379947667298,0.3781665408564804,0.9378766602899996,0.7250703193398647,1.1232838255928803,1.1058268502426132,1.1044901977373451,-0.069113244148169,1.453356561713461,16.87367292836567,0.8682573278720166,0.2967522808142778,1.2188599064241843,1.0166583321406917,1.1038637826043158,0.7606939162631623,-1.0929070990882634,-1.0941274706289346,-1.710602891998391,-0.6453789999512962,16.15167558091928,-0.3962452562295677,-0.3005645996334483
0.3781665408564804,0.9378766602899996,0.7250703193398647,1.1232838255928803,1.1058268502426132,1.1044901977373451,-0.069113244148169,1.453356561713461,16.87367292836567,0.8682573278720166,0.2967522808142778,1.2188599064241843,1.0166583321406917,1.1038637826043158,0.7606939162631623,-1.0929070990882634,-1.0941274706289346,-1.710602891998391,-0.6453789999512962,16.15167558091928,-0.3962452562295677,-0.3005645996334483,0.7146030758503893,0.5776116618485623,0.7390388494946771,0.7916835004779861,-0.4362693060207707,-0.4335576606834698,-1.3021618825734544,-1.3805666047460388,15.636472940870332,-0.6051336402515131,-0.2066692380863967
1.2188599064241843,1.0166583321406917,1.1038637826043158,0.7606939162631623,-1.0929070990882634,-1.0941274706289346,-1.710602891998391,-0.6453789999512962,16.15167558091928,-0.3962452562295677,-0.3005645996334483,0.7146030758503893,0.5776116618485623,0.7390388494946771,0.7916835004779861,-0.4362693060207707,-0.4335576606834698,-1.3021618825734544,-1.3805666047460388,15.636472940870332,-0.6051336402515131,-0.2066692380863967,0.3512479700434451,0.1584842472571946,0.6665370331744634,-0.0619920393750068,-1.040034510119253,-1.0421593512674925,-0.5461188293359913,-1.4337033851235148,15.513124352422082,-1.0107743221801788,-0.9716320111518406
0.7146030758503893,0.5776116618485623,0.7390388494946771,0.7916835004779861,-0.4362693060207707,-0.4335576606834698,-1.3021618825734544,-1.3805666047460388,15.636472940870332,-0.6051336402515131,-0.2066692380863967,0.3512479700434451,0.1584842472571946,0.6665370331744634,-0.0619920393750068,-1.040034510119253,-1.0421593512674925,-0.5461188293359913,-1.4337033851235148,15.513124352422082,-1.0107743221801788,-0.9716320111518406,-0.4528665779763573,-1.1175232243747706,-0.9773469997327608,-1.6137902936257469,-1.2911644961358395,-1.296296636326948,0.3725714911715526,-1.1042583746885886,15.699271861664425,0.2421615340554546,-1.587293944881298
0.3512479700434451,0.1584842472571946,0.6665370331744634,-0.0619920393750068,-1.040034510119253,-1.0421593512674925,-0.5461188293359913,-1.4337033851235148,15.513124352422082,-1.0107743221801788,-0.9716320111518406,-0.4528665779763573,-1.1175232243747706,-0.9773469997327608,-1.6137902936257469,-1.2911644961358395,-1.296296636326948,0.3725714911715526,-1.1042583746885886,15.699271861664425,0.2421615340554546,-1.587293944881298,-1.5304496914054204,-1.3591069458213612,-0.9321425885447334,-1.6052183180606177,-0.1347953706226226,-0.1319585956034163,-0.942361982587672,-1.155483155583813,15.251190382218478,-0.1960268389491747,0.7028065448575693
-0.4528665779763573,-1.1175232243747706,-0.9773469997327608,-1.6137902936257469,-1.2911644961358395,-1.296296636326948,0.3725714911715526,-1.1042583746885886,15.699271861664425,0.2421615340554546,-1.587293944881298,-1.5304496914054204,-1.3591069458213612,-0.9321425885447334,-1.6052183180606177,-0.1347953706226226,-0.1319585956034163,-0.942361982587672,-1.155483155583813,15.251190382218478,-0.1960268389491747,0.7028065448575693,-1.5060094306731695,-1.590844007211905,-1.5843389831070136,-1.7118084117855987,-0.5039109717266416,-0.5035066150179176,1.0521019171944566,-0.7124131763275094,15.626402658849718,0.8550796169499241,0.8235241441831
-1.5304496914054204,-1.3591069458213612,-0.9321425885447334,-1.6052183180606177,-0.1347953706226226,-0.1319585956034163,-0.942361982587672,-1.155483155583813,15.251190382218478,-0.1960268389491747,0.7028065448575693,-1.5060094306731695,-1.590844007211905,-1.5843389831070136,-1.7118084117855987,-0.5039109717266416,-0.5035066150179176,1.0521019171944566,-0.7124131763275094,15.626402658849718,0.8550796169499241,0.8235241441831,-1.2790630560465075,-1.931997396555248,-1.1641463488059869,-1.2717895234243188,0.4728816923040093,0.4771697430465614,-0.7173613451160481,-0.7801062839561517,15.28331600969407,-1.2616550535458693,-0.4727171473337438
-1.5060094306731695,-1.590844007211905,-1.5843389831070136,-1.7118084117855987,-0.5039109717266416,-0.5035066150179176,1.0521019171944566,-0.7124131763275094,15.626402658849718,0.8550796169499241,0.8235241441831,-1.2790630560465075,-1.931997396555248,-1.1641463488059869,-1.2717895234243188,0.4728816923040093,0.4771697430465614,-0.7173613451160481,-0.7801062839561517,15.28331600969407,-1.2616550535458693,-0.4727171473337438,-1.2904350716695223,-1.68089747146278,-1.791308960944287,-1.8498020035892837,-1.3873683185826111,-1.3958528948429274,0.9257446249648992,-0.3504672856455937,15.642009721972371,0.6240058709373892,-1.439116132713596
-1.2790630560465075,-1.931997396555248,-1.1641463488059869,-1.2717895234243188,0.4728816923040093,0.4771697430465614,-0.7173613451160481,-0.7801062839561517,15.28331600969407,-1.2616550535458693,-0.4727171473337438,-1.2904350716695223,-1.68089747146278,-1.791308960944287,-1.8498020035892837,-1.3873683185826111,-1.3958528948429274,0.9257446249648992,-0.3504672856455937,15.642009721972371,0.6240058709373892,-1.439116132713596,-2.080740794301309,-1.942565820017871,-1.8070743661714253,-1.7703204377015518,-0.6573983373824634,-0.6579978006923639,-0.1810830953955798,-0.1310957939147174,15.514734511112565,-0.328631676996826,0.529473641321448
-1.2904350716695223,-1.68089747146278,-1.791308960944287,-1.8498020035892837,-1.3873683185826111,-1.3958528948429274,0.9257446249648992,-0.3504672856455937,15.642009721972371,0.6240058709373892,-1.439116132713596,-2.080740794301309,-1.942565820017871,-1.8070743661714253,-1.7703204377015518,-0.6573983373824634,-0.6579978006923639,-0.1810830953955798,-0.1310957939147174,15.514734511112565,-0.328631676996826,0.529473641321448,-1.604919928502059,-1.4049278093209163,-1.3870635178746835,-0.9641741997525792,2.0214570358318285,2.014648844246433,-0.0643668560357165,0.9709408759570582,15.40537842005408,0.3244522463145521,2.134733645184927
-2.080740794301309,-1.942565820017871,-1.8070743661714253,-1.7703204377015518,-0.6573983373824634,-0.6579978006923639,-0.1810830953955798,-0.1310957939147174,15.514734511112565,-0.328631676996826,0.529473641321448,-1.604919928502059,-1.4049278093209163,-1.3870635178746835,-0.9641741997525792,2.0214570358318285,2.014648844246433,-0.0643668560357165,0.9709408759570582,15.40537842005408,0.3244522463145521,2.134733645184927,-0.8109152729499528,-0.9343433267094658,-1.014203266962706,-0.5140764347703257,1.0384096764382875,1.038477529445969,1.8805992250903176,2.6280035848235843,16.002684911680433,0.7163270623699532,-0.1812021077286549
-1.604919928502059,-1.4049278093209163,-1.3870635178746835,-0.9641741997525792,2.0214570358318285,2.014648844246433,-0.0643668560357165,0.9709408759570582,15.40537842005408,0.3244522463145521,2.134733645184927,-0.8109152729499528,-0.9343433267094658,-1.014203266962706,-0.5140764347703257,1.0384096764382875,1.038477529445969,1.8805992250903176,2.6280035848235843,16.002684911680433,0.7163270623699532,-0.1812021077286549,-0.2463735095519171,-0.6756537026296149,-1.062659302006176,-0.969968197045194,-0.615518221574318,-0.6148217291245499,-1.2144766695721982,0.3914555266873987,15.392177520730618,1.6714159086204925,-0.6785298947701672
-0.8109152729499528,-0.9343433267094658,-1.014203266962706,-0.5140764347703257,1.0384096764382875,1.038477529445969,1.8805992250903176,2.6280035848235843,16.002684911680433,0.7163270623699532,-0.1812021077286549,-0.2463735095519171,-0.6756537026296149,-1.062659302006176,-0.969968197045194,-0.615518221574318,-0.6148217291245499,-1.2144766695721982,0.3914555266873987,15.392177520730618,1.6714159086204925,-0.6785298947701672,-1.0600581730057854,-0.5774400547711072,-0.5801467657561403,-0.1043895233234427,1.2993438968522104,1.2973427630033154,-0.4304621625053089,0.0091000948093038,15.247853471324929,0.1373417475722666,0.9180775362854996
-0.2463735095519171,-0.6756537026296149,-1.062659302006176,-0.969968197045194,-0.615518221574318,-0.6148217291245499,-1.2144766695721982,0.3914555266873987,15.392177520730618,1.6714159086204925,-0.6785298947701672,-1.0600581730057854,-0.5774400547711072,-0.5801467657561403,-0.1043895233234427,1.2993438968522104,1.2973427630033154,-0.4304621625053089,0.0091000948093038,15.247853471324929,0.1373417475722666,0.9180775362854996,0.3729133846911346,0.3248828008431766,0.534704495746422,0.9172261374561684,1.067181139960379,1.0656012153156138,0.5483926660621167,0.6402860128109024,15.496096537781318,-0.665893203778702,-0.3859320075702561
-1.0600581730057854,-0.5774400547711072,-0.5801467657561403,-0.1043895233234427,1.2993438968522104,1.2973427630033154,-0.4304621625053089,0.0091000948093038,15.247853471324929,0.1373417475722666,0.9180775362854996,0.3729133846911346,0.3248828008431766,0.534704495746422,0.9172261374561684,1.067181139960379,1.0656012153156138,0.5483926660621167,0.6402860128109024,15.496096537781318,-0.665893203778702,-0.3859320075702561,0.9070472100824064,1.4284115682846168,1.5047194974167175,1.806002437899369,1.0593288904821456,1.0569697287753603,-0.4348512272235391,0.1745877101982468,15.3970429068044,-0.5367184789489838,1.1308295491248972
0.3729133846911346,0.3248828008431766,0.534704495746422,0.9172261374561684,1.067181139960379,1.0656012153156138,0.5483926660621167,0.6402860128109024,15.496096537781318,-0.665893203778702,-0.3859320075702561,0.9070472100824064,1.4284115682846168,1.5047194974167175,1.806002437899369,1.0593288904821456,1.0569697287753603,-0.4348512272235391,0.1745877101982468,15.3970429068044,-0.5367184789489838,1.1308295491248972,1.689184451453879,2.1617879963460527,1.9684011665381804,1.815387553382007,0.5230668485104688,0.5241559095645556,-0.2583821917987215,-0.0393100333536181,15.323048847824015,-0.0412892060203999,0.7700851491211878
0.9070472100824064,1.4284115682846168,1.5047194974167175,1.806002437899369,1.0593288904821456,1.0569697287753603,-0.4348512272235391,0.1745877101982468,15.3970429068044,-0.5367184789489838,1.1308295491248972,1.689184451453879,2.1617879963460527,1.9684011665381804,1.815387553382007,0.5230668485104688,0.5241559095645556,-0.2583821917987215,-0.0393100333536181,15.323048847824015,-0.0412892060203999,0.7700851491211878,1.5193949500058508,1.2612988384526878,0.8078197613494146,0.6058107615918903,-1.4175417367235408,-1.419960652930225,0.2329576674948442,0.2285785190214492,15.46681970627235,1.6487511168375315,-1.4645257333635202
1.689184451453879,2.1617879963460527,1.9684011665381804,1.815387553382007,0.5230668485104688,0.5241559095645556,-0.2583821917987215,-0.0393100333536181,15.323048847824015,-0.0412892060203999,0.7700851491211878,1.5193949500058508,1.2612988384526878,0.8078197613494146,0.6058107615918903,-1.4175417367235408,-1.419960652930225,0.2329576674948442,0.2285785190214492,15.46681970627235,1.6487511168375315,-1.4645257333635202,0.4386117607262009,0.0363644730787344,0.3541694602679648,0.3755745347167398,-0.3320554303465637,-0.3279840918203773,0.4400419656157769,0.833318455054182,15.6472278083878,-1.094730688905292,-0.446155059329438
1.5193949500058508,1.2612988384526878,0.8078197613494146,0.6058107615918903,-1.4175417367235408,-1.419960652930225,0.2329576674948442,0.2285785190214492,15.46681970627235,1.6487511168375315,-1.4645257333635202,0.4386117607262009,0.0363644730787344,0.3541694602679648,0.3755745347167398,-0.3320554303465637,-0.3279840918203773,0.4400419656157769,0.833318455054182,15.6472278083878,-1.094730688905292,-0.446155059329438,0.90803744065057,0.7649908693483518,-0.4903978575173511,-1.1995642773756487,-1.7272823120137262,-1.7315192926041614,0.3738128500681277,1.2885145676678484,15.835281842589216,2.371231647330428,-1.8264647168239057
0.4386117607262009,0.0363644730787344,0.3541694602679648,0.3755745347167398,-0.3320554303465637,-0.3279840918203773,0.4400419656157769,0.833318455054182,15.6472278083878,-1.094730688905292,-0.446155059329438,0.90803744065057,0.7649908693483518,-0.4903978575173511,-1.1995642773756487,-1.7272823120137262,-1.7315192926041614,0.3738128500681277,1.2885145676678484,15.835281842589216,2.371231647330428,-1.8264647168239057,-1.235233187312199,-1.2475427080620811,-0.7527356235032494,-0.8817007136204098,0.3541671288161324,0.356578055101504,-0.330369077700159,0.7769030631303013,15.811733656740584,-0.9008784810328742,0.4378906189814978
0.90803744065057,0.7649908693483518,-0.4903978575173511,-1.1995642773756487,-1.7272823120137262,-1.7315192926041614,0.3738128500681277,1.2885145676678484,15.835281842589216,2.371231647330428,-1.8264647168239057,-1.235233187312199,-1.2475427080620811,-0.7527356235032494,-0.8817007136204098,0.3541671288161324,0.356578055101504,-0.330369077700159,0.7769030631303013,15.811733656740584,-0.9008784810328742,0.4378906189814978,-1.2019190071074937,-1.2493452331763215,-0.7867764966513328,-0.958420872943056,-0.1478522318599907,-0.1435523552324569,0.6177912007623957,1.7329635178499518,15.95995547365834,-0.9202473117255318,0.1853858776283953
-1.235233187312199,-1.2475427080620811,-0.7527356235032494,-0.8817007136204098,0.3541671288161324,0.356578055101504,-0.330369077700159,0.7769030631303013,15.811733656740584,-0.9008784810328742,0.4378906189814978,-1.2019190071074937,-1.2493452331763215,-0.7867764966513328,-0.958420872943056,-0.1478522318599907,-0.1435523552324569,0.6177912007623957,1.7329635178499518,15.95995547365834,-0.9202473117255318,0.1853858776283953,-1.276359649885798,-1.0664659756401116,-0.9583103126569088,-0.8359238326054023,0.1800471693570074,0.1831385829259529,0.0564267805366496,1.3896858568458696,16.041020311290364,-0.4671286888989509,-0.2456836016921513
-1.2019190071074937,-1.2493452331763215,-0.7867764966513328,-0.958420872943056,-0.1478522318599907,-0.1435523552324569,0.6177912007623957,1.7329635178499518,15.95995547365834,-0.9202473117255318,0.1853858776283953,-1.276359649885798,-1.0664659756401116,-0.9583103126569088,-0.8359238326054023,0.1800471693570074,0.1831385829259529,0.0564267805366496,1.3896858568458696,16.041020311290364,-0.4671286888989509,-0.2456836016921513,-0.6986212675066913,-0.4419408836869702,-0.1717423158062016,-0.023934274664498,0.972071986763156,0.9684099145832368,-1.9499936347398328,-0.4795475046024335,15.718737010368748,-0.5437174252415805,0.9248510393135716
-1.276359649885798,-1.0664659756401116,-0.9583103126569088,-0.8359238326054023,0.1800471693570074,0.1831385829259529,0.0564267805366496,1.3896858568458696,16.041020311290364,-0.4671286888989509,-0.2456836016921513,-0.6986212675066913,-0.4419408836869702,-0.1717423158062016,-0.023934274664498,0.972071986763156,0.9684099145832368,-1.9499936347398328,-0.4795475046024335,15.718737010368748,-0.5437174252415805,0.9248510393135716,-0.1193999817221811,0.7751940345365117,0.4892972407184421,0.965371597150568,1.1684550962744382,1.1626232721676235,1.986682770076564,1.0847641170050568,16.134402075615213,0.6910336312687713,1.317040546564919
-0.6986212675066913,-0.4419408836869702,-0.1717423158062016,-0.023934274664498,0.972071986763156,0.9684099145832368,-1.9499936347398328,-0.4795475046024335,15.718737010368748,-0.5437174252415805,0.9248510393135716,-0.1193999817221811,0.7751940345365117,0.4892972407184421,0.965371597150568,1.1684550962744382,1.1626232721676235,1.986682770076564,1.0847641170050568,16.134402075615213,0.6910336312687713,1.317040546564919,0.955770777700977,0.6016929847194653,1.0249175414579712,0.5209416116213409,-0.5755498476128209,-0.5719897786496404,1.341075060826172,1.907915981680604,16.509475424858326,-0.4517356220400136,-0.1359731811877741
-0.1193999817221811,0.7751940345365117,0.4892972407184421,0.965371597150568,1.1684550962744382,1.1626232721676235,1.986682770076564,1.0847641170050568,16.134402075615213,0.6910336312687713,1.317040546564919,0.955770777700977,0.6016929847194653,1.0249175414579712,0.5209416116213409,-0.5755498476128209,-0.5719897786496404,1.341075060826172,1.907915981680604,16.509475424858326,-0.4517356220400136,-0.1359731811877741,0.5288347193530254,1.482377669908184,1.525730970214345,1.1372263066015127,0.5375428869216817,0.5393641524618025,1.5779571092441058,2.291129300549107,16.99977841618724,0.6630909034222595,0.8652580014888979
0.955770777700977,0.6016929847194653,1.0249175414579712,0.5209416116213409,-0.5755498476128209,-0.5719897786496404,1.341075060826172,1.907915981680604,16.509475424858326,-0.4517356220400136,-0.1359731811877741,0.5288347193530254,1.482377669908184,1.525730970214345,1.1372263066015127,0.5375428869216817,0.5393641524618025,1.5779571092441058,2.291129300549107,16.99977841618724,0.6630909034222595,0.8652580014888979,1.094044055714427,0.7521891984751397,0.764442936721394,0.07495567454039,-1.131433832260272,-1.13142689690555,-1.2022994171967991,0.5582239980060781,16.806114755382698,0.3308092351751301,-1.0394975635655672
0.5288347193530254,1.482377669908184,1.525730970214345,1.1372263066015127,0.5375428869216817,0.5393641524618025,1.5779571092441058,2.291129300549107,16.99977841618724,0.6630909034222595,0.8652580014888979,1.094044055714427,0.7521891984751397,0.764442936721394,0.07495567454039,-1.131433832260272,-1.13142689690555,-1.2022994171967991,0.5582239980060781,16.806114755382698,0.3308092351751301,-1.0394975635655672,-0.1242797949920896,-0.3305711994605357,0.0206545536385194,0.1512683977592287,0.073117997811422,0.0767561900459741,-1.4750648696034925,-1.1642498083470811,16.314648872154763,-0.635100363783981,0.0856688478267507
1.094044055714427,0.7521891984751397,0.764442936721394,0.07495567454039,-1.131433832260272,-1.13142689690555,-1.2022994171967991,0.5582239980060781,16.806114755382698,0.3308092351751301,-1.0394975635655672,-0.1242797949920896,-0.3305711994605357,0.0206545536385194,0.1512683977592287,0.073117997811422,0.0767561900459741,-1.4750648696034925,-1.1642498083470811,16.314648872154763,-0.635100363783981,0.0856688478267507,-1.2552195514321138,-1.230943088523529,-1.7277835372190866,-2.050059113787924,-2.276580120160525,-2.2867170634642684,-0.6261720057869206,-1.2844921678916283,16.169653505346787,0.6828573657344893,-2.0944226676293174
-0.1242797949920896,-0.3305711994605357,0.0206545536385194,0.1512683977592287,0.073117997811422,0.0767561900459741,-1.4750648696034925,-1.1642498083470811,16.314648872154763,-0.635100363783981,0.0856688478267507,-1.2552195514321138,-1.230943088523529,-1.7277835372190866,-2.050059113787924,-2.276580120160525,-2.2867170634642684,-0.6261720057869206,-1.2844921678916283,16.169653505346787,0.6828573657344893,-2.0944226676293174,-1.4071342797341844,-1.521697025385067,-2.187558945627629,-2.117685329818776,-1.0754498754751831,-1.0732404625419991,0.5771050646282553,-0.7543026031869893,16.451513298497396,2.2436700106772225,-0.6534770743524987
-1.2552195514321138,-1.230943088523529,-1.7277835372190866,-2.050059113787924,-2.276580120160525,-2.2867170634642684,-0.6261720057869206,-1.2844921678916283,16.169653505346787,0.6828573657344893,-2.0944226676293174,-1.4071342797341844,-1.521697025385067,-2.187558945627629,-2.117685329818776,-1.0754498754751831,-1.0732404625419991,0.5771050646282553,-0.7543026031869893,16.451513298497396,2.2436700106772225,-0.6534770743524987,-1.7621466771017809,-1.7322391302052391,-1.6362177400178586,-1.5160983577668157,0.4889086416824807,0.4908077326377517,-1.240063996887082,-1.3546029980280456,15.88941190607405,0.2960813851578924,0.3204283542587696
-1.4071342797341844,-1.521697025385067,-2.187558945627629,-2.117685329818776,-1.0754498754751831,-1.0732404625419991,0.5771050646282553,-0.7543026031869893,16.451513298497396,2.2436700106772225,-0.6534770743524987,-1.7621466771017809,-1.7322391302052391,-1.6362177400178586,-1.5160983577668157,0.4889086416824807,0.4908077326377517,-1.240063996887082,-1.3546029980280456,15.88941190607405,0.2960813851578924,0.3204283542587696,-1.5171760030922032,-1.062772315610244,-1.1805728604043562,-0.5084091016046051,1.4876614186111543,1.4753861055202453,0.0796473815793238,-1.0262587384056183,15.97858079305528,0.9746363715662124,1.1264211818544458
-1.7621466771017809,-1.7322391302052391,-1.6362177400178586,-1.5160983577668157,0.4889086416824807,0.4908077326377517,-1.240063996887082,-1.3546029980280456,15.88941190607405,0.2960813851578924,0.3204283542587696,-1.5171760030922032,-1.062772315610244,-1.1805728604043562,-0.5084091016046051,1.4876614186111543,1.4753861055202453,0.0796473815793238,-1.0262587384056183,15.97858079305528,0.9746363715662124,1.1264211818544458,-0.3237386156330312,-0.6577650606278719,-0.1125372742542032,-0.2837394589375515,0.3420872324904562,0.3465225716265665,-1.140202579143602,-1.2688102321135997,15.42850234788818,-1.6173799168205285,0.0232607049135527
-1.5171760030922032,-1.062772315610244,-1.1805728604043562,-0.5084091016046051,1.4876614186111543,1.4753861055202453,0.0796473815793238,-1.0262587384056183,15.97858079305528,0.9746363715662124,1.1264211818544458,-0.3237386156330312,-0.6577650606278719,-0.1125372742542032,-0.2837394589375515,0.3420872324904562,0.3465225716265665,-1.140202579143602,-1.2688102321135997,15.42850234788818,-1.6173799168205285,0.0232607049135527,-0.2581505975734456,-0.3749835308760992,-0.0105262176234882,0.1048410326788717,0.5930725838560483,0.5953594879242927,1.271126640762328,-0.7411853693274222,15.893250778217206,-0.9907381549808164,0.328899549492777
-0.3237386156330312,-0.6577650606278719,-0.1125372742542032,-0.2837394589375515,0.3420872324904562,0.3465225716265665,-1.140202579143602,-1.2688102321135997,15.42850234788818,-1.6173799168205285,0.0232607049135527,-0.2581505975734456,-0.3749835308760992,-0.0105262176234882,0.1048410326788717,0.5930725838560483,0.5953594879242927,1.271126640762328,-0.7411853693274222,15.893250778217206,-0.9907381549808164,0.328899549492777,0.1428230143337432,-0.0729839910685024,-0.2947933885625247,-0.5658664687088832,-0.8807540811051514,-0.8790531986301,0.1395971890126993,-0.4759530767378844,15.962739361342216,0.6409546498246017,-0.9008541600265773
-0.2581505975734456,-0.3749835308760992,-0.0105262176234882,0.1048410326788717,0.5930725838560483,0.5953594879242927,1.271126640762328,-0.7411853693274222,15.893250778217206,-0.9907381549808164,0.328899549492777,0.1428230143337432,-0.0729839910685024,-0.2947933885625247,-0.5658664687088832,-0.8807540811051514,-0.8790531986301,0.1395971890126993,-0.4759530767378844,15.962739361342216,0.6409546498246017,-0.9008541600265773,-0.4427329576989841,-0.8318925655337062,-0.5634886583135649,-0.6366161580606888,0.025381748378713,0.0311515367727714,-0.5194040586545173,-0.5321712403113026,15.67668740856221,-0.301630319239865,0.1774115220318843
0.1428230143337432,-0.0729839910685024,-0.2947933885625247,-0.5658664687088832,-0.8807540811051514,-0.8790531986301,0.1395971890126993,-0.4759530767378844,15.962739361342216,0.6409546498246017,-0.9008541600265773,-0.4427329576989841,-0.8318925655337062,-0.5634886583135649,-0.6366161580606888,0.025381748378713,0.0311515367727714,-0.5194040586545173,-0.5321712403113026,15.67668740856221,-0.301630319239865,0.1774115220318843,-1.98169358586679,-1.809854695132772,-1.558409934999414,-1.0783028643507993,-0.4196487005142326,-0.4149500277503285,1.316194761939553,1.3055487770308685,16.080964856402993,0.4615224421883731,-1.0994093429011098
-0.4427329576989841,-0.8318925655337062,-0.5634886583135649,-0.6366161580606888,0.025381748378713,0.0311515367727714,-0.5194040586545173,-0.5321712403113026,15.67668740856221,-0.301630319239865,0.1774115220318843,-1.98169358586679,-1.809854695132772,-1.558409934999414,-1.0783028643507993,-0.4196487005142326,-0.4149500277503285,1.316194761939553,1.3055487770308685,16.080964856402993,0.4615224421883731,-1.0994093429011098,-1.040978567447289,-1.5178814535759784,-0.8712302307576608,-1.1081110902777342,0.1836597996218011,0.1891963903059654,-0.3118082586539302,1.0678354628439752,15.990671400292545,-0.7745701209646407,1.0710296850398418
-1.98169358586679,-1.809854695132772,-1.558409934999414,-1.0783028643507993,-0.4196487005142326,-0.4149500277503285,1.316194761939553,1.3055487770308685,16.080964856402993,0.4615224421883731,-1.0994093429011098,-1.040978567447289,-1.5178814535759784,-0.8712302307576608,-1.1081110902777342,0.1836597996218011,0.1891963903059654,-0.3118082586539302,1.0678354628439752,15.990671400292545,-0.7745701209646407,1.0710296850398418,-0.3296711260734208,-0.0889095528208437,0.0755671171188392,0.0343729489165585,1.121580274211062,1.1205592000137992,-0.7135724004273275,0.1425098437592494,15.706783632937846,-0.2814825855532539,0.900348573926087
-1.040978567447289,-1.5178814535759784,-0.8712302307576608,-1.1081110902777342,0.1836597996218011,0.1891963903059654,-0.3118082586539302,1.0678354628439752,15.990671400292545,-0.7745701209646407,1.0710296850398418,-0.3296711260734208,-0.0889095528208437,0.0755671171188392,0.0343729489165585,1.121580274211062,1.1205592000137992,-0.7135724004273275,0.1425098437592494,15.706783632937846,-0.2814825855532539,0.900348573926087,0.0879515745053567,0.5622111026637596,0.4511778438092934,0.8075122543799,0.7829584719560656,0.7841126451179418,0.1356829166590281,0.7566283859389775,15.739058380773193,0.0524901068484086,0.7945925711313472
-0.3296711260734208,-0.0889095528208437,0.0755671171188392,0.0343729489165585,1.121580274211062,1.1205592000137992,-0.7135724004273275,0.1425098437592494,15.706783632937846,-0.2814825855532539,0.900348573926087,0.0879515745053567,0.5622111026637596,0.4511778438092934,0.8075122543799,0.7829584719560656,0.7841126451179418,0.1356829166590281,0.7566283859389775,15.739058380773193,0.0524901068484086,0.7945925711313472,0.7470234298257002,0.7515837621045596,0.9141685002778366,0.904381642795434,0.0668722122651282,0.0713519511292632,0.331884696877864,1.1492801849815042,15.878556040898962,-0.6598033316846329,-0.2182944247847628
0.0879515745053567,0.5622111026637596,0.4511778438092934,0.8075122543799,0.7829584719560656,0.7841126451179418,0.1356829166590281,0.7566283859389775,15.739058380773193,0.0524901068484086,0.7945925711313472,0.7470234298257002,0.7515837621045596,0.9141685002778366,0.904381642795434,0.0668722122651282,0.0713519511292632,0.331884696877864,1.1492801849815042,15.878556040898962,-0.6598033316846329,-0.2182944247847628,0.5868553107485095,1.371491634920388,0.9670189540372748,1.6723196283244122,1.2224393539548164,1.217553823273268,-0.955541042118509,-0.2905735963503174,15.487867117748538,0.8083177593687467,2.039409072547393
0.7470234298257002,0.7515837621045596,0.9141685002778366,0.904381642795434,0.0668722122651282,0.0713519511292632,0.331884696877864,1.1492801849815042,15.878556040898962,-0.6598033316846329,-0.2182944247847628,0.5868553107485095,1.371491634920388,0.9670189540372748,1.6723196283244122,1.2224393539548164,1.217553823273268,-0.955541042118509,-0.2905735963503174,15.487867117748538,0.8083177593687467,2.039409072547393,1.4206895473882606,1.317768835071828,1.0365048154191692,0.5687020650067153,-1.2876809716889237,-1.290601119527515,-0.0184734580659345,-0.4475978361330003,15.529452799633187,0.9670444146320132,-0.3929158250269042
0.5868553107485095,1.371491634920388,0.9670189540372748,1.6723196283244122,1.2224393539548164,1.217553823273268,-0.955541042118509,-0.2905735963503174,15.487867117748538,0.8083177593687467,2.039409072547393,1.4206895473882606,1.317768835071828,1.0365048154191692,0.5687020650067153,-1.2876809716889237,-1.290601119527515,-0.0184734580659345,-0.4475978361330003,15.529452799633187,0.9670444146320132,-0.3929158250269042,0.8653544197403638,0.540923183827308,-0.1078266868279047,-0.4367828845182374,-1.0969208137052524,-1.0995779568035755,0.8774142043096975,0.5856195280879497,15.738283815809778,1.8881686842788543,-0.4444277547284443
1.4206895473882606,1.317768835071828,1.0365048154191692,0.5687020650067153,-1.2876809716889237,-1.290601119527515,-0.0184734580659345,-0.4475978361330003,15.529452799633187,0.9670444146320132,-0.3929158250269042,0.8653544197403638,0.540923183827308,-0.1078266868279047,-0.4367828845182374,-1.0969208137052524,-1.0995779568035755,0.8774142043096975,0.5856195280879497,15.738283815809778,1.8881686842788543,-0.4444277547284443,0.1864844699131571,-0.0989645909556925,0.1450996124378406,0.2461239467184319,0.7719917136996015,0.7729016452138108,-0.7910090014587067,-0.6435911081655774,15.485780317800929,-0.686212958026311,-0.2434306028817
0.8653544197403638,0.540923183827308,-0.1078266868279047,-0.4367828845182374,-1.0969208137052524,-1.0995779568035755,0.8774142043096975,0.5856195280879497,15.738283815809778,1.8881686842788543,-0.4444277547284443,0.1864844699131571,-0.0989645909556925,0.1450996124378406,0.2461239467184319,0.7719917136996015,0.7729016452138108,-0.7910090014587067,-0.6435911081655774,15.485780317800929,-0.686212958026311,-0.2434306028817,0.2493920853078608,-0.3081775636323011,-0.2188169449271813,-0.6635541385195366,-0.9873439294548302,-0.9874285765514116,1.5717903980453998,1.5824654702598906,15.908509900892897,-0.3006596201842453,-0.7582839463245398
0.1864844699131571,-0.0989645909556925,0.1450996124378406,0.2461239467184319,0.7719917136996015,0.7729016452138108,-0.7910090014587067,-0.6435911081655774,15.485780317800929,-0.686212958026311,-0.2434306028817,0.2493920853078608,-0.3081775636323011,-0.2188169449271813,-0.6635541385195366,-0.9873439294548302,-0.9874285765514116,1.5717903980453998,1.5824654702598906,15.908509900892897,-0.3006596201842453,-0.7582839463245398,-2.2153934239950264,-2.278201512713962,-2.423342148326301,-2.3499080938497223,-2.21982389848671,-2.2353427866059947,1.70553641709247,2.543233390732505,16.38551641743694,0.1219026784215672,-1.4312301498097786
0.2493920853078608,-0.3081775636323011,-0.2188169449271813,-0.6635541385195366,-0.9873439294548302,-0.9874285765514116,1.5717903980453998,1.5824654702598906,15.908509900892897,-0.3006596201842453,-0.7582839463245398,-2.2153934239950264,-2.278201512713962,-2.423342148326301,-2.3499080938497223,-2.21982389848671,-2.2353427866059947,1.70553641709247,2.543233390732505,16.38551641743694,0.1219026784215672,-1.4312301498097786,-1.805555365937842,-1.6730558721538142,-1.8433624782025384,-1.8022943746040228,0.0958420133306374,0.1024707928917623,-1.14458464517437,0.5162397354570919,15.964163397274335,1.1996175303805914,0.2852352884722696
-2.2153934239950264,-2.278201512713962,-2.423342148326301,-2.3499080938497223,-2.21982389848671,-2.2353427866059947,1.70553641709247,2.543233390732505,16.38551641743694,0.1219026784215672,-1.4312301498097786,-1.805555365937842,-1.6730558721538142,-1.8433624782025384,-1.8022943746040228,0.0958420133306374,0.1024707928917623,-1.14458464517437,0.5162397354570919,15.964163397274335,1.1996175303805914,0.2852352884722696,-1.4078390371409788,-0.9685106400312652,-1.1021289302368535,-0.7675336306180571,1.382021214941046,1.3643576624380456,-0.6852745039736983,-0.2143444138119178,15.770267317257442,0.9983988665428856,0.8853481652085243
-1.805555365937842,-1.6730558721538142,-1.8433624782025384,-1.8022943746040228,0.0958420133306374,0.1024707928917623,-1.14458464517437,0.5162397354570919,15.964163397274335,1.1996175303805914,0.2852352884722696,-1.4078390371409788,-0.9685106400312652,-1.1021289302368535,-0.7675336306180571,1.382021214941046,1.3643576624380456,-0.6852745039736983,-0.2143444138119178,15.770267317257442,0.9983988665428856,0.8853481652085243,-0.5828397047021001,-0.5970746233191873,-0.509019501592915,-0.3416620361906121,0.6005129958723865,0.6015104468235242,-0.5184510047666256,-0.5953621976132986,15.618556264005512,-0.3435961789374296,0.5592611838542442
-1.4078390371409788,-0.9685106400312652,-1.1021289302368535,-0.7675336306180571,1.382021214941046,1.3643576624380456,-0.6852745039736983,-0.2143444138119178,15.770267317257442,0.9983988665428856,0.8853481652085243,-0.5828397047021001,-0.5970746233191873,-0.509019501592915,-0.3416620361906121,0.6005129958723865,0.6015104468235242,-0.5184510047666256,-0.5953621976132986,15.618556264005512,-0.3435961789374296,0.5592611838542442,-0.0639394300337942,-0.2409973178116368,-0.015315613607707,-0.0142917381408184,0.4409211009308283,0.4443310149904396,-0.1160517205801818,-0.5067277284536472,15.597522844036604,-1.2205066286254445,0.692053367076484
-0.5828397047021001,-0.5970746233191873,-0.509019501592915,-0.3416620361906121,0.6005129958723865,0.6015104468235242,-0.5184510047666256,-0.5953621976132986,15.618556264005512,-0.3435961789374296,0.5592611838542442,-0.0639394300337942,-0.2409973178116368,-0.015315613607707,-0.0142917381408184,0.4409211009308283,0.4443310149904396,-0.1160517205801818,-0.5067277284536472,15.597522844036604,-1.2205066286254445,0.692053367076484,0.2072553664538251,0.2419853882414097,0.6502836289979481,0.6019604460816769,0.6932274012612138,0.6923432806466872,0.6386257467479062,0.0520191121105045,15.849235463594354,-1.6897234076951193,-0.5028722201297272
-0.0639394300337942,-0.2409973178116368,-0.015315613607707,-0.0142917381408184,0.4409211009308283,0.4443310149904396,-0.1160517205801818,-0.5067277284536472,15.597522844036604,-1.2205066286254445,0.692053367076484,0.2072553664538251,0.2419853882414097,0.6502836289979481,0.6019604460816769,0.6932274012612138,0.6923432806466872,0.6386257467479062,0.0520191121105045,15.849235463594354,-1.6897234076951193,-0.5028722201297272,0.6680554462638109,0.5748644184810525,0.7986424171008915,0.7647523441779173,0.1184371021706947,0.1250650111551093,-0.3646191934515948,-0.2716213269854007,15.799225720740957,-0.964718862851767,1.341443310056234
0.2072553664538251,0.2419853882414097,0.6502836289979481,0.6019604460816769,0.6932274012612138,0.6923432806466872,0.6386257467479062,0.0520191121105045,15.849235463594354,-1.6897234076951193,-0.5028722201297272,0.6680554462638109,0.5748644184810525,0.7986424171008915,0.7647523441779173,0.1184371021706947,0.1250650111551093,-0.3646191934515948,-0.2716213269854007,15.799225720740957,-0.964718862851767,1.341443310056234,0.3769162268389447,0.9367096659608616,0.5758399250585486,0.8574222932357646,0.1135055597281648,0.1196330823012159,-0.242361730507014,-0.3872220346096532,15.763974728442726,0.852079038031457,1.4717059861347372
0.6680554462638109,0.5748644184810525,0.7986424171008915,0.7647523441779173,0.1184371021706947,0.1250650111551093,-0.3646191934515948,-0.2716213269854007,15.799225720740957,-0.964718862851767,1.341443310056234,0.3769162268389447,0.9367096659608616,0.5758399250585486,0.8574222932357646,0.1135055597281648,0.1196330823012159,-0.242361730507014,-0.3872220346096532,15.763974728442726,0.852079038031457,1.4717059861347372,0.0049153738128066,-0.1660848992120958,-0.9595301377355748,-0.9550948353812062,-1.6690521027171985,-1.6744046351825277,0.8342356388197211,0.4457444105914754,16.08052887329936,2.193421291561947,-0.885526583753926
0.3769162268389447,0.9367096659608616,0.5758399250585486,0.8574222932357646,0.1135055597281648,0.1196330823012159,-0.242361730507014,-0.3872220346096532,15.763974728442726,0.852079038031457,1.4717059861347372,0.0049153738128066,-0.1660848992120958,-0.9595301377355748,-0.9550948353812062,-1.6690521027171985,-1.6744046351825277,0.8342356388197211,0.4457444105914754,16.08052887329936,2.193421291561947,-0.885526583753926,-0.9207255318753326,-0.6440073967030507,-0.5498596961893606,-0.4632379065229716,0.459439320177801,0.4615584765907512,2.260951294980097,2.3319813899314665,16.887592621063384,0.093569221369409,-0.5680510813681314
0.0049153738128066,-0.1660848992120958,-0.9595301377355748,-0.9550948353812062,-1.6690521027171985,-1.6744046351825277,0.8342356388197211,0.4457444105914754,16.08052887329936,2.193421291561947,-0.885526583753926,-0.9207255318753326,-0.6440073967030507,-0.5498596961893606,-0.4632379065229716,0.459439320177801,0.4615584765907512,2.260951294980097,2.3319813899314665,16.887592621063384,0.093569221369409,-0.5680510813681314,-0.2630568772012524,-0.4170263843805163,-0.536174872407576,-0.92922553712983,-0.491967904451291,-0.481240819479064,-0.997711970916796,0.509733511502335,16.373404391342792,0.5438819932837982,-0.4469630495687708
-0.9207255318753326,-0.6440073967030507,-0.5498596961893606,-0.4632379065229716,0.459439320177801,0.4615584765907512,2.260951294980097,2.3319813899314665,16.887592621063384,0.093569221369409,-0.5680510813681314,-0.2630568772012524,-0.4170263843805163,-0.536174872407576,-0.92922553712983,-0.491967904451291,-0.481240819479064,-0.997711970916796,0.509733511502335,16.373404391342792,0.5438819932837982,-0.4469630495687708,-0.7941846830923399,-1.1272265411844349,-0.3176584007311935,-0.3925718583376283,0.6430409836402313,0.6390468800660893,-0.9080541335317068,-0.5491565377216071,15.92253090901226,-0.9830023735809504,-1.3169998894311543
-0.2630568772012524,-0.4170263843805163,-0.536174872407576,-0.92922553712983,-0.491967904451291,-0.481240819479064,-0.997711970916796,0.509733511502335,16.373404391342792,0.5438819932837982,-0.4469630495687708,-0.7941846830923399,-1.1272265411844349,-0.3176584007311935,-0.3925718583376283,0.6430409836402313,0.6390468800660893,-0.9080541335317068,-0.5491565377216071,15.92253090901226,-0.9830023735809504,-1.3169998894311543,-0.5453458645452507,-0.5913910018874909,0.0101251300536957,-0.2994177173336504,0.0906693523212811,0.0959138123847024,-0.4163914917470535,-0.7336857392697447,15.793486904033264,-0.8207566852773835,-0.5120910117806197
-0.7941846830923399,-1.1272265411844349,-0.3176584007311935,-0.3925718583376283,0.6430409836402313,0.6390468800660893,-0.9080541335317068,-0.5491565377216071,15.92253090901226,-0.9830023735809504,-1.3169998894311543,-0.5453458645452507,-0.5913910018874909,0.0101251300536957,-0.2994177173336504,0.0906693523212811,0.0959138123847024,-0.4163914917470535,-0.7336857392697447,15.793486904033264,-0.8207566852773835,-0.5120910117806197,-0.1359495782825913,-0.5338481823895951,0.0423864522254646,-0.2332393195437185,0.0601645417079569,0.0657929964218414,2.4724125809799644,1.844660488444801,17.102770039452395,-0.7770634190363623,-0.1225623540398493
-0.5453458645452507,-0.5913910018874909,0.0101251300536957,-0.2994177173336504,0.0906693523212811,0.0959138123847024,-0.4163914917470535,-0.7336857392697447,15.793486904033264,-0.8207566852773835,-0.5120910117806197,-0.1359495782825913,-0.5338481823895951,0.0423864522254646,-0.2332393195437185,0.0601645417079569,0.0657929964218414,2.4724125809799644,1.844660488444801,17.102770039452395,-0.7770634190363623,-0.1225623540398493,-0.1763019910829663,-0.4238679006963607,0.0867892217554588,-0.1076091181248898,0.1245696714936752,0.1292157193161374,-0.8726584104606335,-0.4870290895337272,16.30089217826925,-0.6949058489346646,-1.344203709303512
-0.1359495782825913,-0.5338481823895951,0.0423864522254646,-0.2332393195437185,0.0601645417079569,0.0657929964218414,2.4724125809799644,1.844660488444801,17.102770039452395,-0.7770634190363623,-0.1225623540398493,-0.1763019910829663,-0.4238679006963607,0.0867892217554588,-0.1076091181248898,0.1245696714936752,0.1292157193161374,-0.8726584104606335,-0.4870290895337272,16.30089217826925,-0.6949058489346646,-1.344203709303512,0.1908894357029124,-0.3560443656595158,0.0885771585611857,0.2942097799419762,0.3849649498089113,0.3850254066478921,-0.5367927569027763,-0.901088559502291,15.961710927512916,-0.5748034489592825,0.0354774615183504
-0.1763019910829663,-0.4238679006963607,0.0867892217554588,-0.1076091181248898,0.1245696714936752,0.1292157193161374,-0.8726584104606335,-0.4870290895337272,16.30089217826925,-0.6949058489346646,-1.344203709303512,0.1908894357029124,-0.3560443656595158,0.0885771585611857,0.2942097799419762,0.3849649498089113,0.3850254066478921,-0.5367927569027763,-0.901088559502291,15.961710927512916,-0.5748034489592825,0.0354774615183504,1.2619196623921147,1.8143415800206029,1.5484047817057645,1.7755329334575918,1.3454424584228546,1.3239788776376542,-0.3748266990862114,-0.9581841093169624,15.816693351850812,0.1805877243555817,0.6819902431788858
0.1908894357029124,-0.3560443656595158,0.0885771585611857,0.2942097799419762,0.3849649498089113,0.3850254066478921,-0.5367927569027763,-0.901088559502291,15.961710927512916,-0.5748034489592825,0.0354774615183504,1.2619196623921147,1.8143415800206029,1.5484047817057645,1.7755329334575918,1.3454424584228546,1.3239788776376542,-0.3748266990862114,-0.9581841093169624,15.816693351850812,0.1805877243555817,0.6819902431788858,2.1833298128281005,2.0046695352183312,1.9449092956419345,1.776921176838646,0.0999470769647514,0.1058348202471564,-0.5143916373325845,-1.0936357831883057,15.446925398854324,-0.4639286536468191,0.5498287520711009
1.2619196623921147,1.8143415800206029,1.5484047817057645,1.7755329334575918,1.3454424584228546,1.3239788776376542,-0.3748266990862114,-0.9581841093169624,15.816693351850812,0.1805877243555817,0.6819902431788858,2.1833298128281005,2.0046695352183312,1.9449092956419345,1.776921176838646,0.0999470769647514,0.1058348202471564,-0.5143916373325845,-1.0936357831883057,15.446925398854324,-0.4639286536468191,0.5498287520711009,1.7209248144938578,1.4955315503735531,1.5159729085754257,1.2514719462822226,-0.9147910872269608,-0.9178333568127912,0.075544196437776,-0.7675717110381796,15.6958761180607,-0.2929131723014977,-1.3403465252084563
2.1833298128281005,2.0046695352183312,1.9449092956419345,1.776921176838646,0.0999470769647514,0.1058348202471564,-0.5143916373325845,-1.0936357831883057,15.446925398854324,-0.4639286536468191,0.5498287520711009,1.7209248144938578,1.4955315503735531,1.5159729085754257,1.2514719462822226,-0.9147910872269608,-0.9178333568127912,0.075544196437776,-0.7675717110381796,15.6958761180607,-0.2929131723014977,-1.3403465252084563,1.322778805817051,1.145399001566259,1.3537352087790928,1.30397286911844,0.2381797563047661,0.2424883574410009,-0.0501878046577926,-0.4721278124846177,15.732962588803073,-0.7887418645258942,1.3429631564952187
1.7209248144938578,1.4955315503735531,1.5159729085754257,1.2514719462822226,-0.9147910872269608,-0.9178333568127912,0.075544196437776,-0.7675717110381796,15.6958761180607,-0.2929131723014977,-1.3403465252084563,1.322778805817051,1.145399001566259,1.3537352087790928,1.30397286911844,0.2381797563047661,0.2424883574410009,-0.0501878046577926,-0.4721278124846177,15.732962588803073,-0.7887418645258942,1.3429631564952187,1.3665674376881185,1.19334880212744,1.4576270550970116,1.1439830458095797,-0.5560920785722334,-0.5565822290764593,-0.1574176773677306,-0.313425549165621,15.708577490318248,-1.233902695904066,-0.0614769056112742
1.322778805817051,1.145399001566259,1.3537352087790928,1.30397286911844,0.2381797563047661,0.2424883574410009,-0.0501878046577926,-0.4721278124846177,15.732962588803073,-0.7887418645258942,1.3429631564952187,1.3665674376881185,1.19334880212744,1.4576270550970116,1.1439830458095797,-0.5560920785722334,-0.5565822290764593,-0.1574176773677306,-0.313425549165621,15.708577490318248,-1.233902695904066,-0.0614769056112742,1.2157621873121258,1.0429404023072686,1.0248213541085538,0.8868606648681683,-0.6160877839932247,-0.6183835248436648,-0.4919945400681049,-0.6178126302105797,15.302826259121352,0.1523725191889422,1.1549858479694752
1.3665674376881185,1.19334880212744,1.4576270550970116,1.1439830458095797,-0.5560920785722334,-0.5565822290764593,-0.1574176773677306,-0.313425549165621,15.708577490318248,-1.233902695904066,-0.0614769056112742,1.2157621873121258,1.0429404023072686,1.0248213541085538,0.8868606648681683,-0.6160877839932247,-0.6183835248436648,-0.4919945400681049,-0.6178126302105797,15.302826259121352,0.1523725191889422,1.1549858479694752,0.961613272599098,0.7896875591769431,0.5236925264990951,0.6034164189353212,-0.6757888204303149,-0.6787475453329713,-0.3059768152625953,-0.6509693299527717,15.12314069836077,1.1972838066944873,-1.2277571329175705
1.2157621873121258,1.0429404023072686,1.0248213541085538,0.8868606648681683,-0.6160877839932247,-0.6183835248436648,-0.4919945400681049,-0.6178126302105797,15.302826259121352,0.1523725191889422,1.1549858479694752,0.961613272599098,0.7896875591769431,0.5236925264990951,0.6034164189353212,-0.6757888204303149,-0.6787475453329713,-0.3059768152625953,-0.6509693299527717,15.12314069836077,1.1972838066944873,-1.2277571329175705,0.5455057928318949,0.94919017272239,1.0307737143356035,0.6814536809448176,-0.0423907948334215,-0.0395087645264122,1.4040194985053598,0.4283036178401245,15.344215741381523,-0.3636596563584902,0.8476185637425374
0.961613272599098,0.7896875591769431,0.5236925264990951,0.6034164189353212,-0.6757888204303149,-0.6787475453329713,-0.3059768152625953,-0.6509693299527717,15.12314069836077,1.1972838066944873,-1.2277571329175705,0.5455057928318949,0.94919017272239,1.0307737143356035,0.6814536809448176,-0.0423907948334215,-0.0395087645264122,1.4040194985053598,0.4283036178401245,15.344215741381523,-0.3636596563584902,0.8476185637425374,0.6549168146654202,1.013100389336936,0.9517469101314348,1.4343725902617095,0.7347603455313406,0.7397712325679293,1.6865292500191504,2.3379360147504844,15.701686019451316,0.0140557008010699,0.8758401977304981
0.5455057928318949,0.94919017272239,1.0307737143356035,0.6814536809448176,-0.0423907948334215,-0.0395087645264122,1.4040194985053598,0.4283036178401245,15.344215741381523,-0.3636596563584902,0.8476185637425374,0.6549168146654202,1.013100389336936,0.9517469101314348,1.4343725902617095,0.7347603455313406,0.7397712325679293,1.6865292500191504,2.3379360147504844,15.701686019451316,0.0140557008010699,0.8758401977304981,1.5920580865103438,1.860814218475679,0.9444875203859564,0.9444282203105056,-1.1062241284657048,-1.1129841173381023,-0.6103555319233279,1.330036058582314,15.512061692201645,1.288236695096747,-0.0281378737393049
0.6549168146654202,1.013100389336936,0.9517469101314348,1.4343725902617095,0.7347603455313406,0.7397712325679293,1.6865292500191504,2.3379360147504844,15.701686019451316,0.0140557008010699,0.8758401977304981,1.5920580865103438,1.860814218475679,0.9444875203859564,0.9444282203105056,-1.1062241284657048,-1.1129841173381023,-0.6103555319233279,1.330036058582314,15.512061692201645,1.288236695096747,-0.0281378737393049,1.6010791946538026,2.430865532123402,2.154438143446978,2.4555647786113135,2.2535165259560013,2.247125740829261,0.0732390779755684,1.2486561064794717,15.53202569167354,2.1059082519546903,1.7051048454625208
1.5920580865103438,1.860814218475679,0.9444875203859564,0.9444282203105056,-1.1062241284657048,-1.1129841173381023,-0.6103555319233279,1.330036058582314,15.512061692201645,1.288236695096747,-0.0281378737393049,1.6010791946538026,2.430865532123402,2.154438143446978,2.4555647786113135,2.2535165259560013,2.247125740829261,0.0732390779755684,1.2486561064794717,15.53202569167354,2.1059082519546903,1.7051048454625208,2.337878713902513,1.911940749916752,2.3533065047799355,2.0780850758889695,0.5625432635765057,0.5663317541805893,0.3671552866235189,1.35343975024761,15.65544111088209,-0.5369011357529079,-0.4180893593177672
1.6010791946538026,2.430865532123402,2.154438143446978,2.4555647786113135,2.2535165259560013,2.247125740829261,0.0732390779755684,1.2486561064794717,15.53202569167354,2.1059082519546903,1.7051048454625208,2.337878713902513,1.911940749916752,2.3533065047799355,2.0780850758889695,0.5625432635765057,0.5663317541805893,0.3671552866235189,1.35343975024761,15.65544111088209,-0.5369011357529079,-0.4180893593177672,1.9396185720288417,2.14833217634488,2.0249712119143504,1.8951458514853872,0.4800058575235588,0.4832852428217915,0.5528305277166917,1.503366192459832,15.800408013814843,1.6019978133313877,1.9382477198249888
2.337878713902513,1.911940749916752,2.3533065047799355,2.0780850758889695,0.5625432635765057,0.5663317541805893,0.3671552866235189,1.35343975024761,15.65544111088209,-0.5369011357529079,-0.4180893593177672,1.9396185720288417,2.14833217634488,2.0249712119143504,1.8951458514853872,0.4800058575235588,0.4832852428217915,0.5528305277166917,1.503366192459832,15.800408013814843,1.6019978133313877,1.9382477198249888,1.8736450580290995,1.5575954586846754,1.843967233712641,1.7089973196103383,0.3421204184025699,0.3454866360586884,-0.751789156569693,0.6855405915962789,15.625028245847137,-0.5657537409269737,0.2244837494813955
1.9396185720288417,2.14833217634488,2.0249712119143504,1.8951458514853872,0.4800058575235588,0.4832852428217915,0.5528305277166917,1.503366192459832,15.800408013814843,1.6019978133313877,1.9382477198249888,1.8736450580290995,1.5575954586846754,1.843967233712641,1.7089973196103383,0.3421204184025699,0.3454866360586884,-0.751789156569693,0.6855405915962789,15.625028245847137,-0.5657537409269737,0.2244837494813955,1.751983466527803,1.2230479698139964,1.2402345745727037,1.0745897527963877,-1.3347328288980922,-1.339980689923824,0.1505132880762325,0.7457644403355014,15.679187661831072,0.1869848287656687,-0.7994949541592437
1.8736450580290995,1.5575954586846754,1.843967233712641,1.7089973196103383,0.3421204184025699,0.3454866360586884,-0.751789156569693,0.6855405915962789,15.625028245847137,-0.5657537409269737,0.2244837494813955,1.751983466527803,1.2230479698139964,1.2402345745727037,1.0745897527963877,-1.3347328288980922,-1.339980689923824,0.1505132880762325,0.7457644403355014,15.679187661831072,0.1869848287656687,-0.7994949541592437,0.8749825692606357,0.8127873839794627,1.0151617139178302,1.0019080459950196,-0.1972352413172934,-0.1941092055045489,0.2513213211277377,0.83855600892901,15.787881928914114,-0.8719451032427479,1.005495418243037
1.751983466527803,1.2230479698139964,1.2402345745727037,1.0745897527963877,-1.3347328288980922,-1.339980689923824,0.1505132880762325,0.7457644403355014,15.679187661831072,0.1869848287656687,-0.7994949541592437,0.8749825692606357,0.8127873839794627,1.0151617139178302,1.0019080459950196,-0.1972352413172934,-0.1941092055045489,0.2513213211277377,0.83855600892901,15.787881928914114,-0.8719451032427479,1.005495418243037,1.399529315357838,1.638952897213498,1.4919156565363827,1.7128506085037738,1.699770257804958,1.692285003478425,1.728054511489205,2.166729111206205,16.207378704070134,1.0247794606829004,0.1164810185850177
0.8749825692606357,0.8127873839794627,1.0151617139178302,1.0019080459950196,-0.1972352413172934,-0.1941092055045489,0.2513213211277377,0.83855600892901,15.787881928914114,-0.8719451032427479,1.005495418243037,1.399529315357838,1.638952897213498,1.4919156565363827,1.7128506085037738,1.699770257804958,1.692285003478425,1.728054511489205,2.166729111206205,16.207378704070134,1.0247794606829004,0.1164810185850177,1.6717272853194036,1.269016241601805,1.472731151409557,1.373467093788734,-0.7585194579273806,-0.7579042479714263,-1.9180798578882436,-1.500208933478694,15.485930863501148,-0.9702153648346644,-1.1944911998681889
1.399529315357838,1.638952897213498,1.4919156565363827,1.7128506085037738,1.699770257804958,1.692285003478425,1.728054511489205,2.166729111206205,16.207378704070134,1.0247794606829004,0.1164810185850177,1.6717272853194036,1.269016241601805,1.472731151409557,1.373467093788734,-0.7585194579273806,-0.7579042479714263,-1.9180798578882436,-1.500208933478694,15.485930863501148,-0.9702153648346644,-1.1944911998681889,1.2694018041405395,0.8899129573911467,0.3594589357673484,0.9333969205963208,-0.9650669545381524,-0.9676077414837208,0.5441480230805323,-0.7491207178678868,15.65316728076936,1.679352339210216,-1.5606506451697368
1.6717272853194036,1.269016241601805,1.472731151409557,1.373467093788734,-0.7585194579273806,-0.7579042479714263,-1.9180798578882436,-1.500208933478694,15.485930863501148,-0.9702153648346644,-1.1944911998681889,1.2694018041405395,0.8899129573911467,0.3594589357673484,0.9333969205963208,-0.9650669545381524,-0.9676077414837208,0.5441480230805323,-0.7491207178678868,15.65316728076936,1.679352339210216,-1.5606506451697368,0.8994830705448332,0.9587722650455128,0.9187947338149116,1.12631334582501,-0.0994722789211858,-0.0955447728570472,-1.2164361977405231,-1.6245217679594943,15.241314292494142,0.084578156407897,-0.593962006457009
1.2694018041405395,0.8899129573911467,0.3594589357673484,0.9333969205963208,-0.9650669545381524,-0.9676077414837208,0.5441480230805323,-0.7491207178678868,15.65316728076936,1.679352339210216,-1.5606506451697368,0.8994830705448332,0.9587722650455128,0.9187947338149116,1.12631334582501,-0.0994722789211858,-0.0955447728570472,-1.2164361977405231,-1.6245217679594943,15.241314292494142,0.084578156407897,-0.593962006457009,1.2723819615964422,1.41905969917725,1.7416035409275432,1.3693353946725282,0.2776331418442887,0.2816518989322966,0.5517041703907031,-0.9956997469548882,15.422465590601782,-0.6722660660169567,-0.1881272221344895
0.8994830705448332,0.9587722650455128,0.9187947338149116,1.12631334582501,-0.0994722789211858,-0.0955447728570472,-1.2164361977405231,-1.6245217679594943,15.241314292494142,0.084578156407897,-0.593962006457009,1.2723819615964422,1.41905969917725,1.7416035409275432,1.3693353946725282,0.2776331418442887,0.2816518989322966,0.5517041703907031,-0.9956997469548882,15.422465590601782,-0.6722660660169567,-0.1881272221344895,1.3777021982417772,1.6971567595676411,1.802411041771976,1.7087272654034809,0.7045499135725504,0.7076586202316694,-0.3926905458200567,-1.0007007169908186,15.310412881075631,-0.7410534965813091,0.3362892158653126
1.2723819615964422,1.41905969917725,1.7416035409275432,1.3693353946725282,0.2776331418442887,0.2816518989322966,0.5517041703907031,-0.9956997469548882,15.422465590601782,-0.6722660660169567,-0.1881272221344895,1.3777021982417772,1.6971567595676411,1.802411041771976,1.7087272654034809,0.7045499135725504,0.7076586202316694,-0.3926905458200567,-1.0007007169908186,15.310412881075631,-0.7410534965813091,0.3362892158653126,1.6667305484147468,1.686494814978061,1.7648575598529948,1.5398052838064633,-0.1077115552369824,-0.1043416631447092,0.4743555828885375,-0.4419956848478164,15.451726906146384,-0.7086971574373757,0.076476679876269
1.3777021982417772,1.6971567595676411,1.802411041771976,1.7087272654034809,0.7045499135725504,0.7076586202316694,-0.3926905458200567,-1.0007007169908186,15.310412881075631,-0.7410534965813091,0.3362892158653126,1.6667305484147468,1.686494814978061,1.7648575598529948,1.5398052838064633,-0.1077115552369824,-0.1043416631447092,0.4743555828885375,-0.4419956848478164,15.451726906146384,-0.7086971574373757,0.076476679876269,1.4993301325111112,1.164639983418844,1.0760549668309238,0.6775529501916668,-1.4139456864350333,-1.4227935236367777,0.3590784671933618,0.0130069525214707,15.588766725407044,-0.1180090293208357,-0.8455802491090305
1.6667305484147468,1.686494814978061,1.7648575598529948,1.5398052838064633,-0.1077115552369824,-0.1043416631447092,0.4743555828885375,-0.4419956848478164,15.451726906146384,-0.7086971574373757,0.076476679876269,1.4993301325111112,1.164639983418844,1.0760549668309238,0.6775529501916668,-1.4139456864350333,-1.4227935236367777,0.3590784671933618,0.0130069525214707,15.588766725407044,-0.1180090293208357,-0.8455802491090305,1.0808254818119658,0.8622367445968137,-0.1928237056785617,-0.2992412483211152,-1.350844729259037,-1.358068227432424,1.7475634389074353,1.642560306380905,16.155593823698027,2.1006921958902853,-1.932597596252525
1.4993301325111112,1.164639983418844,1.0760549668309238,0.6775529501916668,-1.4139456864350333,-1.4227935236367777,0.3590784671933618,0.0130069525214707,15.588766725407044,-0.1180090293208357,-0.8455802491090305,1.0808254818119658,0.8622367445968137,-0.1928237056785617,-0.2992412483211152,-1.350844729259037,-1.358068227432424,1.7475634389074353,1.642560306380905,16.155593823698027,2.1006921958902853,-1.932597596252525,-0.4844522138845217,-0.6208759716569103,-0.2813962401156649,-0.7954971595097691,-0.3550837983308926,-0.3520209090316771,2.275397396729624,2.55273018896204,17.140938624103164,-0.3922162679957695,0.3116944881584845
1.0808254818119658,0.8622367445968137,-0.1928237056785617,-0.2992412483211152,-1.350844729259037,-1.358068227432424,1.7475634389074353,1.642560306380905,16.155593823698027,2.1006921958902853,-1.932597596252525,-0.4844522138845217,-0.6208759716569103,-0.2813962401156649,-0.7954971595097691,-0.3550837983308926,-0.3520209090316771,2.275397396729624,2.55273018896204,17.140938624103164,-0.3922162679957695,0.3116944881584845,-0.8502985476498038,-0.0308524542072748,0.0178442401817606,0.5833627321287569,1.476516472516675,1.4705248182570652,-1.3107253706523447,-0.4124906973495054,15.688174056129876,-0.0839492671895754,1.2023281573711586
-0.4844522138845217,-0.6208759716569103,-0.2813962401156649,-0.7954971595097691,-0.3550837983308926,-0.3520209090316771,2.275397396729624,2.55273018896204,17.140938624103164,-0.3922162679957695,0.3116944881584845,-0.8502985476498038,-0.0308524542072748,0.0178442401817606,0.5833627321287569,1.476516472516675,1.4705248182570652,-1.3107253706523447,-0.4124906973495054,15.688174056129876,-0.0839492671895754,1.2023281573711586,-1.794234247995382,-2.001416739510695,-2.1007303169908056,-2.496653371037438,-2.572442279562612,-2.5850679176345848,1.1304317268484376,0.412470846622287,16.432190879406665,1.6221461644313802,-2.350828028707587
-0.8502985476498038,-0.0308524542072748,0.0178442401817606,0.5833627321287569,1.476516472516675,1.4705248182570652,-1.3107253706523447,-0.4124906973495054,15.688174056129876,-0.0839492671895754,1.2023281573711586,-1.794234247995382,-2.001416739510695,-2.1007303169908056,-2.496653371037438,-2.572442279562612,-2.5850679176345848,1.1304317268484376,0.412470846622287,16.432190879406665,1.6221461644313802,-2.350828028707587,-2.1179278362443816,-2.257449607629314,-2.0555191112821443,-2.013007090676819,-0.331445954131812,-0.3181205950483043,-0.5747710617136279,-0.0031082490834918,16.272643480482625,0.6601913161887822,-0.0823618680582475
-1.794234247995382,-2.001416739510695,-2.1007303169908056,-2.496653371037438,-2.572442279562612,-2.5850679176345848,1.1304317268484376,0.412470846622287,16.432190879406665,1.6221461644313802,-2.350828028707587,-2.1179278362443816,-2.257449607629314,-2.0555191112821443,-2.013007090676819,-0.331445954131812,-0.3181205950483043,-0.5747710617136279,-0.0031082490834918,16.272643480482625,0.6601913161887822,-0.0823618680582475,-1.9048449010359705,-1.749872388869415,-1.4186172060581836,-1.3600556745715806,0.6187004457834611,0.6139559072425482,-0.6551143432264069,-0.4073895665298886,16.072313562987823,-0.6267671711115923,0.5246289706039817
-2.1179278362443816,-2.257449607629314,-2.0555191112821443,-2.013007090676819,-0.331445954131812,-0.3181205950483043,-0.5747710617136279,-0.0031082490834918,16.272643480482625,0.6601913161887822,-0.0823618680582475,-1.9048449010359705,-1.749872388869415,-1.4186172060581836,-1.3600556745715806,0.6187004457834611,0.6139559072425482,-0.6551143432264069,-0.4073895665298886,16.072313562987823,-0.6267671711115923,0.5246289706039817,-1.229613584352138,-0.912962270731768,-0.8808565004736021,-0.780336330217301,0.828942397727534,0.8181325022799358,-0.7484742976271705,-0.7894447050727816,15.688788721983842,0.1739876429076339,0.923017891507932
-1.9048449010359705,-1.749872388869415,-1.4186172060581836,-1.3600556745715806,0.6187004457834611,0.6139559072425482,-0.6551143432264069,-0.4073895665298886,16.072313562987823,-0.6267671711115923,0.5246289706039817,-1.229613584352138,-0.912962270731768,-0.8808565004736021,-0.780336330217301,0.828942397727534,0.8181325022799358,-0.7484742976271705,-0.7894447050727816,15.688788721983842,0.1739876429076339,0.923017891507932,-0.8222083275920531,-0.9872917396959378,-0.6722542000404601,-0.6502651298270113,0.2271787208043315,0.2321150049908112,-0.4322105886168444,-0.840701685450706,15.602240902316714,-1.0753509445121028,0.1204800105588562
-1.229613584352138,-0.912962270731768,-0.8808565004736021,-0.780336330217301,0.828942397727534,0.8181325022799358,-0.7484742976271705,-0.7894447050727816,15.688788721983842,0.1739876429076339,0.923017891507932,-0.8222083275920531,-0.9872917396959378,-0.6722542000404601,-0.6502651298270113,0.2271787208043315,0.2321150049908112,-0.4322105886168444,-0.840701685450706,15.602240902316714,-1.0753509445121028,0.1204800105588562,-0.4418642627202599,-0.417367186286988,-0.3801506808290926,-0.179504225029022,0.7105865619364454,0.7036462915287741,-0.3353024567226687,-0.8107094153343347,15.570191191913397,-0.1479125327423809,1.1065946933119193
-0.8222083275920531,-0.9872917396959378,-0.6722542000404601,-0.6502651298270113,0.2271787208043315,0.2321150049908112,-0.4322105886168444,-0.840701685450706,15.602240902316714,-1.0753509445121028,0.1204800105588562,-0.4418642627202599,-0.417367186286988,-0.3801506808290926,-0.179504225029022,0.7105865619364454,0.7036462915287741,-0.3353024567226687,-0.8107094153343347,15.570191191913397,-0.1479125327423809,1.1065946933119193,-0.3442202049185686,-0.4684805165973963,-0.0637148158743215,-0.1169516421481716,0.0848442090405452,0.0924571581172169,-0.4847644410153648,-0.8324803518540284,15.371885400355016,-1.1875016389662376,0.1414939228498402
-0.4418642627202599,-0.417367186286988,-0.3801506808290926,-0.179504225029022,0.7105865619364454,0.7036462915287741,-0.3353024567226687,-0.8107094153343347,15.570191191913397,-0.1479125327423809,1.1065946933119193,-0.3442202049185686,-0.4684805165973963,-0.0637148158743215,-0.1169516421481716,0.0848442090405452,0.0924571581172169,-0.4847644410153648,-0.8324803518540284,15.371885400355016,-1.1875016389662376,0.1414939228498402,-0.1427767400172219,-0.3030632650825933,0.153754403783987,-0.0082646567792949,0.1147471108120534,0.1215170081399366,-0.5843320479605318,-0.8275444362219218,14.926282286760976,-1.1887644967241966,0.1762851105206059
-0.3442202049185686,-0.4684805165973963,-0.0637148158743215,-0.1169516421481716,0.0848442090405452,0.0924571581172169,-0.4847644410153648,-0.8324803518540284,15.371885400355016,-1.1875016389662376,0.1414939228498402,-0.1427767400172219,-0.3030632650825933,0.153754403783987,-0.0082646567792949,0.1147471108120534,0.1215170081399366,-0.5843320479605318,-0.8275444362219218,14.926282286760976,-1.1887644967241966,0.1762851105206059,0.203234031355095,0.012209016773591,0.2010764582782389,0.3314999074718725,0.3045761805651991,0.3068720647232187,0.9147131090439464,-0.4642288032311573,15.264615620275176,-0.4220208771455851,-0.0946362966805036
-0.1427767400172219,-0.3030632650825933,0.153754403783987,-0.0082646567792949,0.1147471108120534,0.1215170081399366,-0.5843320479605318,-0.8275444362219218,14.926282286760976,-1.1887644967241966,0.1762851105206059,0.203234031355095,0.012209016773591,0.2010764582782389,0.3314999074718725,0.3045761805651991,0.3068720647232187,0.9147131090439464,-0.4642288032311573,15.264615620275176,-0.4220208771455851,-0.0946362966805036,0.6585027276762189,0.156615161419474,0.0653955394124569,-0.3447437934812803,-0.5011273331293102,-0.4862081997698471,-0.0083892436383486,-0.3337834518771082,15.283223833197214,0.0962488851819452,-0.0292712342623274
0.203234031355095,0.012209016773591,0.2010764582782389,0.3314999074718725,0.3045761805651991,0.3068720647232187,0.9147131090439464,-0.4642288032311573,15.264615620275176,-0.4220208771455851,-0.0946362966805036,0.6585027276762189,0.156615161419474,0.0653955394124569,-0.3447437934812803,-0.5011273331293102,-0.4862081997698471,-0.0083892436383486,-0.3337834518771082,15.283223833197214,0.0962488851819452,-0.0292712342623274,-0.2511811811078365,-0.3544582207352841,0.3302946026283382,0.0007542243569014,0.3896053725366233,0.3920497027169153,0.4419500390022987,0.2208156979949383,15.29047972430961,-1.0087100376407572,-0.6360181709099948
0.6585027276762189,0.156615161419474,0.0653955394124569,-0.3447437934812803,-0.5011273331293102,-0.4862081997698471,-0.0083892436383486,-0.3337834518771082,15.283223833197214,0.0962488851819452,-0.0292712342623274,-0.2511811811078365,-0.3544582207352841,0.3302946026283382,0.0007542243569014,0.3896053725366233,0.3920497027169153,0.4419500390022987,0.2208156979949383,15.29047972430961,-1.0087100376407572,-0.6360181709099948,-0.1598489244987684,0.2353014349987379,0.3513907627862523,0.6366743569832016,0.5685636526710658,0.5687194435056275,0.0939006484307555,0.9078657058532824,15.230344026856686,-0.1734196968355709,-0.1649711665025429
-0.2511811811078365,-0.3544582207352841,0.3302946026283382,0.0007542243569014,0.3896053725366233,0.3920497027169153,0.4419500390022987,0.2208156979949383,15.29047972430961,-1.0087100376407572,-0.6360181709099948,-0.1598489244987684,0.2353014349987379,0.3513907627862523,0.6366743569832016,0.5685636526710658,0.5687194435056275,0.0939006484307555,0.9078657058532824,15.230344026856686,-0.1734196968355709,-0.1649711665025429,0.5583315432809244,0.1330038593288914,0.9344315814438092,0.849016698626707,-0.0240022630878372,-0.020487892799364,0.2319977459788079,1.5878608726483712,15.217653907707518,-0.7152245542256332,0.2916868300966106
-0.1598489244987684,0.2353014349987379,0.3513907627862523,0.6366743569832016,0.5685636526710658,0.5687194435056275,0.0939006484307555,0.9078657058532824,15.230344026856686,-0.1734196968355709,-0.1649711665025429,0.5583315432809244,0.1330038593288914,0.9344315814438092,0.849016698626707,-0.0240022630878372,-0.020487892799364,0.2319977459788079,1.5878608726483712,15.217653907707518,-0.7152245542256332,0.2916868300966106,-0.2211761379336945,1.1084875168932395,0.800360256808268,0.907614153550906,0.0520283257494525,0.0548190405707445,0.901068845209896,1.884049087608944,15.372876135795677,0.4357282085486729,-0.5766922990136334
0.5583315432809244,0.1330038593288914,0.9344315814438092,0.849016698626707,-0.0240022630878372,-0.020487892799364,0.2319977459788079,1.5878608726483712,15.217653907707518,-0.7152245542256332,0.2916868300966106,-0.2211761379336945,1.1084875168932395,0.800360256808268,0.907614153550906,0.0520283257494525,0.0548190405707445,0.901068845209896,1.884049087608944,15.372876135795677,0.4357282085486729,-0.5766922990136334,1.9080770494908117,2.294441853758485,2.2523876101635785,1.9552269192527236,1.1246692460769283,1.1187110106920095,-0.6717832973392134,1.045934296398366,15.200954807841976,0.2696174221881752,0.2873133327464212
-0.2211761379336945,1.1084875168932395,0.800360256808268,0.907614153550906,0.0520283257494525,0.0548190405707445,0.901068845209896,1.884049087608944,15.372876135795677,0.4357282085486729,-0.5766922990136334,1.9080770494908117,2.294441853758485,2.2523876101635785,1.9552269192527236,1.1246692460769283,1.1187110106920095,-0.6717832973392134,1.045934296398366,15.200954807841976,0.2696174221881752,0.2873133327464212,2.103603906017938,2.073438909316194,1.925349175141148,1.0319947413625246,-0.7964820302776112,-0.7930834404618146,1.676313248918319,1.9337527602506153,15.57457481656013,0.9331768331265156,1.0398513573992374
1.9080770494908117,2.294441853758485,2.2523876101635785,1.9552269192527236,1.1246692460769283,1.1187110106920095,-0.6717832973392134,1.045934296398366,15.200954807841976,0.2696174221881752,0.2873133327464212,2.103603906017938,2.073438909316194,1.925349175141148,1.0319947413625246,-0.7964820302776112,-0.7930834404618146,1.676313248918319,1.9337527602506153,15.57457481656013,0.9331768331265156,1.0398513573992374,0.6977660867887706,2.344427499678992,1.3056684181835871,2.4364308723229495,2.2559390767684335,2.2417234619589608,1.706256329987606,2.2795944007195836,16.060752620077693,2.634134551807879,2.5900455314337463
2.103603906017938,2.073438909316194,1.925349175141148,1.0319947413625246,-0.7964820302776112,-0.7930834404618146,1.676313248918319,1.9337527602506153,15.57457481656013,0.9331768331265156,1.0398513573992374,0.6977660867887706,2.344427499678992,1.3056684181835871,2.4364308723229495,2.2559390767684335,2.2417234619589608,1.706256329987606,2.2795944007195836,16.060752620077693,2.634134551807879,2.5900455314337463,2.5085027161859035,2.058843336842667,2.5303044027766295,2.019252845982629,0.4500165006017783,0.4551448937662692,-0.7724896723763779,1.2852106279218918,15.992056237524787,-0.3191379505028752,0.8277359708553175
0.6977660867887706,2.344427499678992,1.3056684181835871,2.4364308723229495,2.2559390767684335,2.2417234619589608,1.706256329987606,2.2795944007195836,16.060752620077693,2.634134551807879,2.5900455314337463,2.5085027161859035,2.058843336842667,2.5303044027766295,2.019252845982629,0.4500165006017783,0.4551448937662692,-0.7724896723763779,1.2852106279218918,15.992056237524787,-0.3191379505028752,0.8277359708553175,1.896676021134179,1.552260143881143,1.818274155884866,1.542668410664644,-0.3255159366715391,-0.3219563942649904,-1.534670636455438,-0.2653430054297446,15.492775515907566,-0.4643657645859831,-0.6194228493596476
2.5085027161859035,2.058843336842667,2.5303044027766295,2.019252845982629,0.4500165006017783,0.4551448937662692,-0.7724896723763779,1.2852106279218918,15.992056237524787,-0.3191379505028752,0.8277359708553175,1.896676021134179,1.552260143881143,1.818274155884866,1.542668410664644,-0.3255159366715391,-0.3219563942649904,-1.534670636455438,-0.2653430054297446,15.492775515907566,-0.4643657645859831,-0.6194228493596476,1.4141994763723025,1.1627395129840554,1.200196431230122,0.7703415873912453,-1.588140005588983,-1.6034039580529629,0.3553333265267521,-0.0680564883047987,15.65813755595456,0.1189009548303764,-1.3163942442452568
1.896676021134179,1.552260143881143,1.818274155884866,1.542668410664644,-0.3255159366715391,-0.3219563942649904,-1.534670636455438,-0.2653430054297446,15.492775515907566,-0.4643657645859831,-0.6194228493596476,1.4141994763723025,1.1627395129840554,1.200196431230122,0.7703415873912453,-1.588140005588983,-1.6034039580529629,0.3553333265267521,-0.0680564883047987,15.65813755595456,0.1189009548303764,-1.3163942442452568,0.5291949997214653,0.3763544090590172,0.5534981930636925,0.2866910375118862,-0.9145772284678092,-0.918339294176798,-0.5196499214321675,-0.4723818983509445,15.562360000543642,-0.455537891268053,-0.8480098569985941
1.4141994763723025,1.1627395129840554,1.200196431230122,0.7703415873912453,-1.588140005588983,-1.6034039580529629,0.3553333265267521,-0.0680564883047987,15.65813755595456,0.1189009548303764,-1.3163942442452568,0.5291949997214653,0.3763544090590172,0.5534981930636925,0.2866910375118862,-0.9145772284678092,-0.918339294176798,-0.5196499214321675,-0.4723818983509445,15.562360000543642,-0.455537891268053,-0.8480098569985941,0.5509359793453045,0.1516033564417903,0.4140539623382056,-0.0325962440491404,-0.5144220407278507,-0.513669465681879,-0.4873275592892085,-0.7881319403873628,15.473605482846366,-0.647076915324559,0.3140203160646365
0.5291949997214653,0.3763544090590172,0.5534981930636925,0.2866910375118862,-0.9145772284678092,-0.918339294176798,-0.5196499214321675,-0.4723818983509445,15.562360000543642,-0.455537891268053,-0.8480098569985941,0.5509359793453045,0.1516033564417903,0.4140539623382056,-0.0325962440491404,-0.5144220407278507,-0.513669465681879,-0.4873275592892085,-0.7881319403873628,15.473605482846366,-0.647076915324559,0.3140203160646365,-0.2514026367984371,-0.5374428991236444,-0.0917969726714956,-0.289244004024327,-0.3356401113395618,-0.3330607712816805,-0.5263860205027739,-1.0250492504247015,15.35878751382393,-0.9123018925381716,-0.5472982491671929
0.5509359793453045,0.1516033564417903,0.4140539623382056,-0.0325962440491404,-0.5144220407278507,-0.513669465681879,-0.4873275592892085,-0.7881319403873628,15.473605482846366,-0.647076915324559,0.3140203160646365,-0.2514026367984371,-0.5374428991236444,-0.0917969726714956,-0.289244004024327,-0.3356401113395618,-0.3330607712816805,-0.5263860205027739,-1.0250492504247015,15.35878751382393,-0.9123018925381716,-0.5472982491671929,-0.1027362024590073,-0.4150183588965471,-0.5021408591379701,-0.8086880784728411,-0.5504914683801051,-0.5506819121051787,-0.2533511547570813,-0.9749591430107268,15.311690406597616,0.2276863056233054,-0.6325180339952394
-0.2514026367984371,-0.5374428991236444,-0.0917969726714956,-0.289244004024327,-0.3356401113395618,-0.3330607712816805,-0.5263860205027739,-1.0250492504247015,15.35878751382393,-0.9123018925381716,-0.5472982491671929,-0.1027362024590073,-0.4150183588965471,-0.5021408591379701,-0.8086880784728411,-0.5504914683801051,-0.5506819121051787,-0.2533511547570813,-0.9749591430107268,15.311690406597616,0.2276863056233054,-0.6325180339952394,-0.7013530011264089,-0.7241061949281691,-0.4362259210167777,-0.2881979521107737,0.6137623497672794,0.6212834626531983,-0.2642636994158541,-0.9583636936159372,15.275566634869495,-0.3418980728489578,0.3993968034028156
-0.1027362024590073,-0.4150183588965471,-0.5021408591379701,-0.8086880784728411,-0.5504914683801051,-0.5506819121051787,-0.2533511547570813,-0.9749591430107268,15.311690406597616,0.2276863056233054,-0.6325180339952394,-0.7013530011264089,-0.7241061949281691,-0.4362259210167777,-0.2881979521107737,0.6137623497672794,0.6212834626531983,-0.2642636994158541,-0.9583636936159372,15.275566634869495,-0.3418980728489578,0.3993968034028156,-0.2163571580962295,-0.536437626706335,-0.6077173651690039,-1.1198155805041572,-0.7404112742347942,-0.7435864635397744,1.916072175365015,0.2895724508517946,15.835042979607715,0.2316482804806393,-0.9444249914060748
-0.7013530011264089,-0.7241061949281691,-0.4362259210167777,-0.2881979521107737,0.6137623497672794,0.6212834626531983,-0.2642636994158541,-0.9583636936159372,15.275566634869495,-0.3418980728489578,0.3993968034028156,-0.2163571580962295,-0.536437626706335,-0.6077173651690039,-1.1198155805041572,-0.7404112742347942,-0.7435864635397744,1.916072175365015,0.2895724508517946,15.835042979607715,0.2316482804806393,-0.9444249914060748,1.69310627537699,2.0171966261458363,1.340442408944152,1.2545415005753573,2.309678981751221,2.299197414678109,0.773644823889161,1.5183366251825807,16.077981843114674,2.4167663034480236,2.3913754621958967
-0.2163571580962295,-0.536437626706335,-0.6077173651690039,-1.1198155805041572,-0.7404112742347942,-0.7435864635397744,1.916072175365015,0.2895724508517946,15.835042979607715,0.2316482804806393,-0.9444249914060748,1.69310627537699,2.0171966261458363,1.340442408944152,1.2545415005753573,2.309678981751221,2.299197414678109,0.773644823889161,1.5183366251825807,16.077981843114674,2.4167663034480236,2.3913754621958967,1.3663718396506437,1.6891790886727278,1.5480482549151096,1.2076875325185927,-0.0795254639998073,-0.0749450358970668,-0.6396224030010599,1.0195063312012882,15.888707769329772,1.4649735040232736,1.1126815238431955
1.69310627537699,2.0171966261458363,1.340442408944152,1.2545415005753573,2.309678981751221,2.299197414678109,0.773644823889161,1.5183366251825807,16.077981843114674,2.4167663034480236,2.3913754621958967,1.3663718396506437,1.6891790886727278,1.5480482549151096,1.2076875325185927,-0.0795254639998073,-0.0749450358970668,-0.6396224030010599,1.0195063312012882,15.888707769329772,1.4649735040232736,1.1126815238431955,0.4908876705343257,0.838074116955089,0.8681457812360985,1.455340934658614,0.2487218334929524,0.2558356646589341,-1.153867985202722,-0.45777222786197,15.514917319752096,0.6522932679950877,-0.2514313585550503
1.3663718396506437,1.6891790886727278,1.5480482549151096,1.2076875325185927,-0.0795254639998073,-0.0749450358970668,-0.6396224030010599,1.0195063312012882,15.888707769329772,1.4649735040232736,1.1126815238431955,0.4908876705343257,0.838074116955089,0.8681457812360985,1.455340934658614,0.2487218334929524,0.2558356646589341,-1.153867985202722,-0.45777222786197,15.514917319752096,0.6522932679950877,-0.2514313585550503,1.180691116430221,0.8490381865602493,1.5691350455528397,1.4229441142327548,0.1844720136856336,0.1908047912669416,-0.6963059020856669,-0.899121796259303,15.269837563033512,-0.9507004293477168,0.1884811323570011
0.4908876705343257,0.838074116955089,0.8681457812360985,1.455340934658614,0.2487218334929524,0.2558356646589341,-1.153867985202722,-0.45777222786197,15.514917319752096,0.6522932679950877,-0.2514313585550503,1.180691116430221,0.8490381865602493,1.5691350455528397,1.4229441142327548,0.1844720136856336,0.1908047912669416,-0.6963059020856669,-0.899121796259303,15.269837563033512,-0.9507004293477168,0.1884811323570011,0.999332700765262,0.9664809091798,1.3846314769192791,1.3845758005305258,0.1831005725293731,0.1890987845956593,-0.3769788417109558,-0.9601411442521516,15.138252844581425,-0.5377688159462126,-0.8865598662053498
1.180691116430221,0.8490381865602493,1.5691350455528397,1.4229441142327548,0.1844720136856336,0.1908047912669416,-0.6963059020856669,-0.899121796259303,15.269837563033512,-0.9507004293477168,0.1884811323570011,0.999332700765262,0.9664809091798,1.3846314769192791,1.3845758005305258,0.1831005725293731,0.1890987845956593,-0.3769788417109558,-0.9601411442521516,15.138252844581425,-0.5377688159462126,-0.8865598662053498,2.3208462600081803,2.1779130718044017,2.2348556773771375,2.3450774736528355,2.291923928127792,2.281200935305383,2.490226059563103,1.6868172575338418,16.149642863350977,0.741742247017778,1.1906906531190196
0.999332700765262,0.9664809091798,1.3846314769192791,1.3845758005305258,0.1831005725293731,0.1890987845956593,-0.3769788417109558,-0.9601411442521516,15.138252844581425,-0.5377688159462126,-0.8865598662053498,2.3208462600081803,2.1779130718044017,2.2348556773771375,2.3450774736528355,2.291923928127792,2.281200935305383,2.490226059563103,1.6868172575338418,16.149642863350977,0.741742247017778,1.1906906531190196,1.778334946455428,1.5403520753416784,1.7604318338073806,1.5923211915047288,-0.7381709741904176,-0.7435940822052214,-0.8320493874697094,-0.1832041571665376,15.646058114725358,-0.9193541449543712,-1.1659518805242004
2.3208462600081803,2.1779130718044017,2.2348556773771375,2.3450774736528355,2.291923928127792,2.281200935305383,2.490226059563103,1.6868172575338418,16.149642863350977,0.741742247017778,1.1906906531190196,1.778334946455428,1.5403520753416784,1.7604318338073806,1.5923211915047288,-0.7381709741904176,-0.7435940822052214,-0.8320493874697094,-0.1832041571665376,15.646058114725358,-0.9193541449543712,-1.1659518805242004,1.3460272543176792,1.5128402947112605,1.4889643497691225,1.4379993047128063,-0.1330001232541719,-0.1270037128138963,-0.2324404663817096,-0.3212192643330323,15.64658704981027,0.2675611207258423,-0.1891290350279183
1.778334946455428,1.5403520753416784,1.7604318338073806,1.5923211915047288,-0.7381709741904176,-0.7435940822052214,-0.8320493874697094,-0.1832041571665376,15.646058114725358,-0.9193541449543712,-1.1659518805242004,1.3460272543176792,1.5128402947112605,1.4889643497691225,1.4379993047128063,-0.1330001232541719,-0.1270037128138963,-0.2324404663817096,-0.3212192643330323,15.64658704981027,0.2675611207258423,-0.1891290350279183,1.3716357599149025,1.349409012558907,1.4879636574701978,1.3916878003795916,0.0438456447115659,0.051885237770812,-0.5765139496945545,-1.0040649304114484,15.357547402747771,-0.9933713668398688,0.192726098312261
1.3460272543176792,1.5128402947112605,1.4889643497691225,1.4379993047128063,-0.1330001232541719,-0.1270037128138963,-0.2324404663817096,-0.3212192643330323,15.64658704981027,0.2675611207258423,-0.1891290350279183,1.3716357599149025,1.349409012558907,1.4879636574701978,1.3916878003795916,0.0438456447115659,0.051885237770812,-0.5765139496945545,-1.0040649304114484,15.357547402747771,-0.9933713668398688,0.192726098312261,1.106009428675211,1.0326950756655393,1.197421441643978,1.1428288843949397,-0.6905755902224936,-0.6950600525882128,-0.1063007521604351,-0.7785567416608739,15.345125955147374,-1.1354857881417362,-0.4223749470250009
1.3716357599149025,1.349409012558907,1.4879636574701978,1.3916878003795916,0.0438456447115659,0.051885237770812,-0.5765139496945545,-1.0040649304114484,15.357547402747771,-0.9933713668398688,0.192726098312261,1.106009428675211,1.0326950756655393,1.197421441643978,1.1428288843949397,-0.6905755902224936,-0.6950600525882128,-0.1063007521604351,-0.7785567416608739,15.345125955147374,-1.1354857881417362,-0.4223749470250009,0.944159197090843,0.8837041099938284,0.9581699812398884,0.9051247037888726,-0.5229199964073578,-0.5265536163852184,-0.2213919699837989,-0.7062343768636185,15.21333840203106,-0.6621622998153115,-0.4858680773732576
1.106009428675211,1.0326950756655393,1.197421441643978,1.1428288843949397,-0.6905755902224936,-0.6950600525882128,-0.1063007521604351,-0.7785567416608739,15.345125955147374,-1.1354857881417362,-0.4223749470250009,0.944159197090843,0.8837041099938284,0.9581699812398884,0.9051247037888726,-0.5229199964073578,-0.5265536163852184,-0.2213919699837989,-0.7062343768636185,15.21333840203106,-0.6621622998153115,-0.4858680773732576,0.7530728455460336,0.7534548740456849,0.784147528304812,0.6178710969710927,-0.6780288464107552,-0.6854212427295109,0.0818717020471339,-0.2174626198580277,15.300699802517885,-0.3048176773247804,-0.0171837171970524
0.944159197090843,0.8837041099938284,0.9581699812398884,0.9051247037888726,-0.5229199964073578,-0.5265536163852184,-0.2213919699837989,-0.7062343768636185,15.21333840203106,-0.6621622998153115,-0.4858680773732576,0.7530728455460336,0.7534548740456849,0.784147528304812,0.6178710969710927,-0.6780288464107552,-0.6854212427295109,0.0818717020471339,-0.2174626198580277,15.300699802517885,-0.3048176773247804,-0.0171837171970524,0.4078261228641353,0.5403005919722669,0.5057578594389766,0.6428360279545796,-0.1368087349318901,-0.1322439468050294,0.1135772989082682,0.2183838373664167,15.44598582530067,0.2890734785334404,1.2777675427993762
0.7530728455460336,0.7534548740456849,0.784147528304812,0.6178710969710927,-0.6780288464107552,-0.6854212427295109,0.0818717020471339,-0.2174626198580277,15.300699802517885,-0.3048176773247804,-0.0171837171970524,0.4078261228641353,0.5403005919722669,0.5057578594389766,0.6428360279545796,-0.1368087349318901,-0.1322439468050294,0.1135772989082682,0.2183838373664167,15.44598582530067,0.2890734785334404,1.2777675427993762,0.5449235508420698,0.673112566116934,0.6867290808272417,0.9148988658803622,0.0712695974317939,0.0791201452054122,-0.3341173118318791,-0.1731043601892255,15.338431734689935,-0.1117291812567688,0.032832627340941
0.4078261228641353,0.5403005919722669,0.5057578594389766,0.6428360279545796,-0.1368087349318901,-0.1322439468050294,0.1135772989082682,0.2183838373664167,15.44598582530067,0.2890734785334404,1.2777675427993762,0.5449235508420698,0.673112566116934,0.6867290808272417,0.9148988658803622,0.0712695974317939,0.0791201452054122,-0.3341173118318791,-0.1731043601892255,15.338431734689935,-0.1117291812567688,0.032832627340941,1.074024624210105,0.9671070717725216,0.7724523263155704,1.2530530046789707,-0.4787544395128405,-0.4809855291395245,-0.0879169740108867,-0.1309992140965632,15.401782397053854,-0.130667662896348,-0.8758348087737161
0.5449235508420698,0.673112566116934,0.6867290808272417,0.9148988658803622,0.0712695974317939,0.0791201452054122,-0.3341173118318791,-0.1731043601892255,15.338431734689935,-0.1117291812567688,0.032832627340941,1.074024624210105,0.9671070717725216,0.7724523263155704,1.2530530046789707,-0.4787544395128405,-0.4809855291395245,-0.0879169740108867,-0.1309992140965632,15.401782397053854,-0.130667662896348,-0.8758348087737161,1.7987494642355315,0.8305301659176416,-0.5627800850763566,-0.818398552764494,-1.982417472992598,-1.9903878226118752,1.623274660714361,2.2146498161189045,15.66394978019616,1.9982628441990276,-1.5454054700389714
1.074024624210105,0.9671070717725216,0.7724523263155704,1.2530530046789707,-0.4787544395128405,-0.4809855291395245,-0.0879169740108867,-0.1309992140965632,15.401782397053854,-0.130667662896348,-0.8758348087737161,1.7987494642355315,0.8305301659176416,-0.5627800850763566,-0.818398552764494,-1.982417472992598,-1.9903878226118752,1.623274660714361,2.2146498161189045,15.66394978019616,1.9982628441990276,-1.5454054700389714,-1.0721077884282642,-0.6107223218001344,-0.6460520374127224,0.1740254392742678,0.8892592801131379,0.8870734250506543,-0.6110539918404713,1.3274614317327924,15.565944607363704,0.3011884769880465,0.1056039451173924
1.7987494642355315,0.8305301659176416,-0.5627800850763566,-0.818398552764494,-1.982417472992598,-1.9903878226118752,1.623274660714361,2.2146498161189045,15.66394978019616,1.9982628441990276,-1.5454054700389714,-1.0721077884282642,-0.6107223218001344,-0.6460520374127224,0.1740254392742678,0.8892592801131379,0.8870734250506543,-0.6110539918404713,1.3274614317327924,15.565944607363704,0.3011884769880465,0.1056039451173924,-0.8909270586373705,0.1594474129199561,0.2072707705550537,0.0300954961112321,-0.1126336372167969,-0.1091754491673985,0.1409277401277793,1.2769428540990564,15.593712031535214,-0.0827176484226145,-0.5527000398043638
-1.0721077884282642,-0.6107223218001344,-0.6460520374127224,0.1740254392742678,0.8892592801131379,0.8870734250506543,-0.6110539918404713,1.3274614317327924,15.565944607363704,0.3011884769880465,0.1056039451173924,-0.8909270586373705,0.1594474129199561,0.2072707705550537,0.0300954961112321,-0.1126336372167969,-0.1091754491673985,0.1409277401277793,1.2769428540990564,15.593712031535214,-0.0827176484226145,-0.5527000398043638,1.5662178048409146,2.045716791053296,1.8569284908499737,1.7066635887082455,1.3146481308366915,1.3088624874869297,2.7251789523250176,2.63144854848827,16.467998787880628,-0.0629084681608087,0.7600695995627125
-0.8909270586373705,0.1594474129199561,0.2072707705550537,0.0300954961112321,-0.1126336372167969,-0.1091754491673985,0.1409277401277793,1.2769428540990564,15.593712031535214,-0.0827176484226145,-0.5527000398043638,1.5662178048409146,2.045716791053296,1.8569284908499737,1.7066635887082455,1.3146481308366915,1.3088624874869297,2.7251789523250176,2.63144854848827,16.467998787880628,-0.0629084681608087,0.7600695995627125,1.969799167038228,1.9695109328825553,2.093856663190519,0.7921661000516812,-0.6738857225272458,-0.6710343804057011,-1.2559089405407289,0.0175236628142322,15.771583320855395,-1.0924758864899082,-1.1108099861827985
1.5662178048409146,2.045716791053296,1.8569284908499737,1.7066635887082455,1.3146481308366915,1.3088624874869297,2.7251789523250176,2.63144854848827,16.467998787880628,-0.0629084681608087,0.7600695995627125,1.969799167038228,1.9695109328825553,2.093856663190519,0.7921661000516812,-0.6738857225272458,-0.6710343804057011,-1.2559089405407289,0.0175236628142322,15.771583320855395,-1.0924758864899082,-1.1108099861827985,0.3374893728836567,2.1268324127357228,0.6971792373356576,1.6904949297195393,0.9539439259280938,0.951469215569808,-0.734716053415496,-0.6897912773803931,15.46499595706484,2.096426325185584,1.1624331280349904
1.969799167038228,1.9695109328825553,2.093856663190519,0.7921661000516812,-0.6738857225272458,-0.6710343804057011,-1.2559089405407289,0.0175236628142322,15.771583320855395,-1.0924758864899082,-1.1108099861827985,0.3374893728836567,2.1268324127357228,0.6971792373356576,1.6904949297195393,0.9539439259280938,0.951469215569808,-0.734716053415496,-0.6897912773803931,15.46499595706484,2.096426325185584,1.1624331280349904,1.476535350406562,1.546635853008962,2.032232722778087,1.4631806768398514,-0.132413816444734,-0.1285974573885727,-0.6398055892684003,-1.0496345863045016,15.16444074150173,-1.242081744770664,-0.5151853140989537
0.3374893728836567,2.1268324127357228,0.6971792373356576,1.6904949297195393,0.9539439259280938,0.951469215569808,-0.734716053415496,-0.6897912773803931,15.46499595706484,2.096426325185584,1.1624331280349904,1.476535350406562,1.546635853008962,2.032232722778087,1.4631806768398514,-0.132413816444734,-0.1285974573885727,-0.6398055892684003,-1.0496345863045016,15.16444074150173,-1.242081744770664,-0.5151853140989537,1.807386599497693,1.6160268832098352,1.5483589667518065,1.5812975129537596,0.3541415799350605,0.3559054159161635,0.6576173984179284,-0.4707902878325548,15.537830806106214,-0.3544841589381297,0.3911733687105429
1.476535350406562,1.546635853008962,2.032232722778087,1.4631806768398514,-0.132413816444734,-0.1285974573885727,-0.6398055892684003,-1.0496345863045016,15.16444074150173,-1.242081744770664,-0.5151853140989537,1.807386599497693,1.6160268832098352,1.5483589667518065,1.5812975129537596,0.3541415799350605,0.3559054159161635,0.6576173984179284,-0.4707902878325548,15.537830806106214,-0.3544841589381297,0.3911733687105429,1.4376943772478854,1.2459328616178378,0.981337339246618,0.2369001339489646,-1.3933172590416765,-1.3950219728870887,-0.3882599342611503,-0.6538435248149863,15.426926712386765,0.210880072431821,-1.0973829896712266
1.807386599497693,1.6160268832098352,1.5483589667518065,1.5812975129537596,0.3541415799350605,0.3559054159161635,0.6576173984179284,-0.4707902878325548,15.537830806106214,-0.3544841589381297,0.3911733687105429,1.4376943772478854,1.2459328616178378,0.981337339246618,0.2369001339489646,-1.3933172590416765,-1.3950219728870887,-0.3882599342611503,-0.6538435248149863,15.426926712386765,0.210880072431821,-1.0973829896712266,-0.014237459984619,-0.6085531620284061,-0.4561792874123785,-0.7813871500603444,-1.030229708185008,-1.0298519584838133,0.1484164131763417,-0.3831043646544658,15.604232251152624,-0.1430652613614687,-1.28509932787684
1.4376943772478854,1.2459328616178378,0.981337339246618,0.2369001339489646,-1.3933172590416765,-1.3950219728870887,-0.3882599342611503,-0.6538435248149863,15.426926712386765,0.210880072431821,-1.0973829896712266,-0.014237459984619,-0.6085531620284061,-0.4561792874123785,-0.7813871500603444,-1.030229708185008,-1.0298519584838133,0.1484164131763417,-0.3831043646544658,15.604232251152624,-0.1430652613614687,-1.28509932787684,-0.6781058787424225,-1.2190702009465193,-0.60385530380823,-1.2415227844806689,-0.4146493628911436,-0.4114600922726235,-0.378893029860566,-0.5073067552719235,15.464188606439953,-1.2368658054561472,0.1434546942601772
-0.014237459984619,-0.6085531620284061,-0.4561792874123785,-0.7813871500603444,-1.030229708185008,-1.0298519584838133,0.1484164131763417,-0.3831043646544658,15.604232251152624,-0.1430652613614687,-1.28509932787684,-0.6781058787424225,-1.2190702009465193,-0.60385530380823,-1.2415227844806689,-0.4146493628911436,-0.4114600922726235,-0.378893029860566,-0.5073067552719235,15.464188606439953,-1.2368658054561472,0.1434546942601772,-1.1274827038665516,-0.76309196417801,-0.7912674989622219,-0.5655988417397805,0.7729448959141874,0.7734277001285687,-0.4397598812335086,-0.6533794307362709,15.27475352300161,-0.0320640441187229,0.6313734980702586
-0.6781058787424225,-1.2190702009465193,-0.60385530380823,-1.2415227844806689,-0.4146493628911436,-0.4114600922726235,-0.378893029860566,-0.5073067552719235,15.464188606439953,-1.2368658054561472,0.1434546942601772,-1.1274827038665516,-0.76309196417801,-0.7912674989622219,-0.5655988417397805,0.7729448959141874,0.7734277001285687,-0.4397598812335086,-0.6533794307362709,15.27475352300161,-0.0320640441187229,0.6313734980702586,-0.3583662458104246,-0.6746291840490523,-1.2859251940398913,-1.4487083889506085,-1.0130903864978036,-1.013545765735421,0.4574191428076504,-0.1310503696747131,15.570830948371295,1.0338770244730353,-0.0747348035765714
-1.1274827038665516,-0.76309196417801,-0.7912674989622219,-0.5655988417397805,0.7729448959141874,0.7734277001285687,-0.4397598812335086,-0.6533794307362709,15.27475352300161,-0.0320640441187229,0.6313734980702586,-0.3583662458104246,-0.6746291840490523,-1.2859251940398913,-1.4487083889506085,-1.0130903864978036,-1.013545765735421,0.4574191428076504,-0.1310503696747131,15.570830948371295,1.0338770244730353,-0.0747348035765714,-1.5358441447937778,-0.6461076885521453,-1.3932259015897466,0.0686291223448418,1.5740101861003746,1.5680713147641876,-0.4982815624525084,0.1294198654254309,15.328327652082503,1.3749696075110085,1.6598040166269863
-0.3583662458104246,-0.6746291840490523,-1.2859251940398913,-1.4487083889506085,-1.0130903864978036,-1.013545765735421,0.4574191428076504,-0.1310503696747131,15.570830948371295,1.0338770244730353,-0.0747348035765714,-1.5358441447937778,-0.6461076885521453,-1.3932259015897466,0.0686291223448418,1.5740101861003746,1.5680713147641876,-0.4982815624525084,0.1294198654254309,15.328327652082503,1.3749696075110085,1.6598040166269863,0.2441303355756476,0.4430458840937679,0.4150530665121998,0.5061577022763764,0.4512317013079563,0.4538694257791479,-0.1066822018971082,0.4859507485600925,15.279182771490554,-0.0404240273599026,-0.3289861189102121
-1.5358441447937778,-0.6461076885521453,-1.3932259015897466,0.0686291223448418,1.5740101861003746,1.5680713147641876,-0.4982815624525084,0.1294198654254309,15.328327652082503,1.3749696075110085,1.6598040166269863,0.2441303355756476,0.4430458840937679,0.4150530665121998,0.5061577022763764,0.4512317013079563,0.4538694257791479,-0.1066822018971082,0.4859507485600925,15.279182771490554,-0.0404240273599026,-0.3289861189102121,0.6626471377189522,0.491794220601535,1.0591562682630489,0.6922294024430385,0.1903014624069694,0.1937186596335631,-0.9157586991342436,-1.1808383507662672,14.984426281178504,-1.313493120303307,0.8523875596271566
0.2441303355756476,0.4430458840937679,0.4150530665121998,0.5061577022763764,0.4512317013079563,0.4538694257791479,-0.1066822018971082,0.4859507485600925,15.279182771490554,-0.0404240273599026,-0.3289861189102121,0.6626471377189522,0.491794220601535,1.0591562682630489,0.6922294024430385,0.1903014624069694,0.1937186596335631,-0.9157586991342436,-1.1808383507662672,14.984426281178504,-1.313493120303307,0.8523875596271566,0.8925586528745194,1.056235796712183,1.3273652378008245,0.9037262517996066,0.212442106330415,0.2158101151313033,1.4314484308139357,1.2566117250008604,15.359278856483147,-0.9749163197063796,0.2244374465726303
0.6626471377189522,0.491794220601535,1.0591562682630489,0.6922294024430385,0.1903014624069694,0.1937186596335631,-0.9157586991342436,-1.1808383507662672,14.984426281178504,-1.313493120303307,0.8523875596271566,0.8925586528745194,1.056235796712183,1.3273652378008245,0.9037262517996066,0.212442106330415,0.2158101151313033,1.4314484308139357,1.2566117250008604,15.359278856483147,-0.9749163197063796,0.2244374465726303,0.6799052869322132,1.3047944825027558,1.2063727679828558,1.4277692680826803,0.4875784034930519,0.4901368799305582,1.296151998077448,2.410214641358051,15.696882338262958,-0.3411610702650698,0.0574625104744668
0.8925586528745194,1.056235796712183,1.3273652378008245,0.9037262517996066,0.212442106330415,0.2158101151313033,1.4314484308139357,1.2566117250008604,15.359278856483147,-0.9749163197063796,0.2244374465726303,0.6799052869322132,1.3047944825027558,1.2063727679828558,1.4277692680826803,0.4875784034930519,0.4901368799305582,1.296151998077448,2.410214641358051,15.696882338262958,-0.3411610702650698,0.0574625104744668,1.128972355913229,1.6237667321332838,1.3549095836252691,1.7278924198985597,0.8262326946214394,0.8261699844308737,0.9027936553778588,2.2827583980048645,15.99523862686697,-0.1162013977770933,1.1084687112067313
0.6799052869322132,1.3047944825027558,1.2063727679828558,1.4277692680826803,0.4875784034930519,0.4901368799305582,1.296151998077448,2.410214641358051,15.696882338262958,-0.3411610702650698,0.0574625104744668,1.128972355913229,1.6237667321332838,1.3549095836252691,1.7278924198985597,0.8262326946214394,0.8261699844308737,0.9027936553778588,2.2827583980048645,15.99523862686697,-0.1162013977770933,1.1084687112067313,1.5377628894520965,1.8564476029228705,-0.4564310229433012,-0.9231749970256102,-2.411746579848797,-2.420844005787999,0.3315530974172978,1.879835521337812,16.164902993492703,2.528399683445745,-0.1301947074671388
1.128972355913229,1.6237667321332838,1.3549095836252691,1.7278924198985597,0.8262326946214394,0.8261699844308737,0.9027936553778588,2.2827583980048645,15.99523862686697,-0.1162013977770933,1.1084687112067313,1.5377628894520965,1.8564476029228705,-0.4564310229433012,-0.9231749970256102,-2.411746579848797,-2.420844005787999,0.3315530974172978,1.879835521337812,16.164902993492703,2.528399683445745,-0.1301947074671388,-0.4229517627045333,0.2517419894427299,0.0070103366435014,0.5171241378129144,1.1925679616492562,1.1804489652931516,-0.9988974763753764,0.6226608038556833,15.93382431457894,0.2397593706090647,1.6088162745573598
1.5377628894520965,1.8564476029228705,-0.4564310229433012,-0.9231749970256102,-2.411746579848797,-2.420844005787999,0.3315530974172978,1.879835521337812,16.164902993492703,2.528399683445745,-0.1301947074671388,-0.4229517627045333,0.2517419894427299,0.0070103366435014,0.5171241378129144,1.1925679616492562,1.1804489652931516,-0.9988974763753764,0.6226608038556833,15.93382431457894,0.2397593706090647,1.6088162745573598,-0.0543107480904939,1.1122217567306312,0.2507666317993683,1.1721131599324366,0.5504646817019345,0.5498922741626011,2.5663638993163485,2.402606612871754,17.009560802402273,0.7961194953757313,-0.8582790246653443
-0.4229517627045333,0.2517419894427299,0.0070103366435014,0.5171241378129144,1.1925679616492562,1.1804489652931516,-0.9988974763753764,0.6226608038556833,15.93382431457894,0.2397593706090647,1.6088162745573598,-0.0543107480904939,1.1122217567306312,0.2507666317993683,1.1721131599324366,0.5504646817019345,0.5498922741626011,2.5663638993163485,2.402606612871754,17.009560802402273,0.7961194953757313,-0.8582790246653443,0.5125214990266508,0.2375100653624738,0.4755542559398128,0.9009565067813876,-0.3775465360044256,-0.369654045072484,-1.2238800096612212,-0.5656957021609045,15.893025369691475,-0.2265035873192825,-1.5040987324510469
-0.0543107480904939,1.1122217567306312,0.2507666317993683,1.1721131599324366,0.5504646817019345,0.5498922741626011,2.5663638993163485,2.402606612871754,17.009560802402273,0.7961194953757313,-0.8582790246653443,0.5125214990266508,0.2375100653624738,0.4755542559398128,0.9009565067813876,-0.3775465360044256,-0.369654045072484,-1.2238800096612212,-0.5656957021609045,15.893025369691475,-0.2265035873192825,-1.5040987324510469,1.415001603784002,1.4848242702758163,1.8377962256278488,1.6529244681130733,0.7008972471054836,0.6968454443516238,-1.0840076298715655,-1.2884179364372783,14.802856406768088,-0.2900878040607846,-0.3627727318872246
0.5125214990266508,0.2375100653624738,0.4755542559398128,0.9009565067813876,-0.3775465360044256,-0.369654045072484,-1.2238800096612212,-0.5656957021609045,15.893025369691475,-0.2265035873192825,-1.5040987324510469,1.415001603784002,1.4848242702758163,1.8377962256278488,1.6529244681130733,0.7008972471054836,0.6968454443516238,-1.0840076298715655,-1.2884179364372783,14.802856406768088,-0.2900878040607846,-0.3627727318872246,1.6309788980884945,1.1847284488743477,1.910056384307841,1.3556106578273206,-0.12899361672715,-0.1227429682296926,-0.1268848831029383,-1.1119127523032286,14.864932952581606,-0.9197261550684516,-0.2458606623289172
1.415001603784002,1.4848242702758163,1.8377962256278488,1.6529244681130733,0.7008972471054836,0.6968454443516238,-1.0840076298715655,-1.2884179364372783,14.802856406768088,-0.2900878040607846,-0.3627727318872246,1.6309788980884945,1.1847284488743477,1.910056384307841,1.3556106578273206,-0.12899361672715,-0.1227429682296926,-0.1268848831029383,-1.1119127523032286,14.864932952581606,-0.9197261550684516,-0.2458606623289172,1.1450516056467102,1.026204345080905,1.027052973249869,0.5456732000780018,-0.7080579249884141,-0.7005349603800715,0.020911754784412,-0.957887805036779,15.065183328139806,-0.3714711974296502,0.1814759579471613
1.6309788980884945,1.1847284488743477,1.910056384307841,1.3556106578273206,-0.12899361672715,-0.1227429682296926,-0.1268848831029383,-1.1119127523032286,14.864932952581606,-0.9197261550684516,-0.2458606623289172,1.1450516056467102,1.026204345080905,1.027052973249869,0.5456732000780018,-0.7080579249884141,-0.7005349603800715,0.020911754784412,-0.957887805036779,15.065183328139806,-0.3714711974296502,0.1814759579471613,-0.5779860160766565,-1.1704677223118536,-0.3545684864919248,-0.5008541865732052,-0.8573777891441031,-0.8517376987495638,-0.2245983071565662,-0.8521437974992273,15.062112011826027,-0.4287134881903604,-0.3316167007422621
1.1450516056467102,1.026204345080905,1.027052973249869,0.5456732000780018,-0.7080579249884141,-0.7005349603800715,0.020911754784412,-0.957887805036779,15.065183328139806,-0.3714711974296502,0.1814759579471613,-0.5779860160766565,-1.1704677223118536,-0.3545684864919248,-0.5008541865732052,-0.8573777891441031,-0.8517376987495638,-0.2245983071565662,-0.8521437974992273,15.062112011826027,-0.4287134881903604,-0.3316167007422621,-0.0844817319821446,-0.9045482594263728,0.2472441079345575,-0.2803662687264209,0.1754167751360193,0.179955946355094,0.0070443124619154,-0.6497973414974314,15.192713971355516,-0.8601736225741184,0.4584273124552887
-0.5779860160766565,-1.1704677223118536,-0.3545684864919248,-0.5008541865732052,-0.8573777891441031,-0.8517376987495638,-0.2245983071565662,-0.8521437974992273,15.062112011826027,-0.4287134881903604,-0.3316167007422621,-0.0844817319821446,-0.9045482594263728,0.2472441079345575,-0.2803662687264209,0.1754167751360193,0.179955946355094,0.0070443124619154,-0.6497973414974314,15.192713971355516,-0.8601736225741184,0.4584273124552887,0.4772160438003767,0.0709061666512313,-0.5570804051778179,-0.6563636918461566,-0.3267063544024164,-0.3206086896786372,0.3031603254014777,-0.3028147734200673,15.49624553851747,0.6265119877635063,-0.6952267415996933
-0.0844817319821446,-0.9045482594263728,0.2472441079345575,-0.2803662687264209,0.1754167751360193,0.179955946355094,0.0070443124619154,-0.6497973414974314,15.192713971355516,-0.8601736225741184,0.4584273124552887,0.4772160438003767,0.0709061666512313,-0.5570804051778179,-0.6563636918461566,-0.3267063544024164,-0.3206086896786372,0.3031603254014777,-0.3028147734200673,15.49624553851747,0.6265119877635063,-0.6952267415996933,-0.7372618760245737,-1.4358324911335418,-0.8497523827623937,-0.9045503486074848,-0.0063384913296232,-0.0025642611893985,-0.4110322745314129,-0.2937966420883258,15.26742902263886,-0.3407916303327019,-1.434876091023588
0.4772160438003767,0.0709061666512313,-0.5570804051778179,-0.6563636918461566,-0.3267063544024164,-0.3206086896786372,0.3031603254014777,-0.3028147734200673,15.49624553851747,0.6265119877635063,-0.6952267415996933,-0.7372618760245737,-1.4358324911335418,-0.8497523827623937,-0.9045503486074848,-0.0063384913296232,-0.0025642611893985,-0.4110322745314129,-0.2937966420883258,15.26742902263886,-0.3407916303327019,-1.434876091023588,-0.6443477483384916,-1.4739148194590486,-0.8880443925458494,-1.4605477608153647,-0.7797890138559272,-0.7795642976339764,0.4991631834073471,0.2095257411080319,15.697613499359496,-0.5347338476815607,-1.4613623761781078
-0.7372618760245737,-1.4358324911335418,-0.8497523827623937,-0.9045503486074848,-0.0063384913296232,-0.0025642611893985,-0.4110322745314129,-0.2937966420883258,15.26742902263886,-0.3407916303327019,-1.434876091023588,-0.6443477483384916,-1.4739148194590486,-0.8880443925458494,-1.4605477608153647,-0.7797890138559272,-0.7795642976339764,0.4991631834073471,0.2095257411080319,15.697613499359496,-0.5347338476815607,-1.4613623761781078,-1.508743623988007,-1.2381897181796755,-1.0879990762871476,-1.4982774275206434,-0.40708377764965,-0.4056354118766943,-0.4910903790788525,1.542575613143338,15.416634202464095,-0.0350096255727701,1.2131581171903016
-0.6443477483384916,-1.4739148194590486,-0.8880443925458494,-1.4605477608153647,-0.7797890138559272,-0.7795642976339764,0.4991631834073471,0.2095257411080319,15.697613499359496,-0.5347338476815607,-1.4613623761781078,-1.508743623988007,-1.2381897181796755,-1.0879990762871476,-1.4982774275206434,-0.40708377764965,-0.4056354118766943,-0.4910903790788525,1.542575613143338,15.416634202464095,-0.0350096255727701,1.2131581171903016,-1.7115308099197104,-1.3528385640583438,-1.2431012956598864,-0.986770148849555,0.7062079633100277,0.7083832293415783,0.0495839357862566,1.652803527990118,15.456757360651384,-0.0008861271414161,0.3083061479231768
-1.508743623988007,-1.2381897181796755,-1.0879990762871476,-1.4982774275206434,-0.40708377764965,-0.4056354118766943,-0.4910903790788525,1.542575613143338,15.416634202464095,-0.0350096255727701,1.2131581171903016,-1.7115308099197104,-1.3528385640583438,-1.2431012956598864,-0.986770148849555,0.7062079633100277,0.7083832293415783,0.0495839357862566,1.652803527990118,15.456757360651384,-0.0008861271414161,0.3083061479231768,-1.2962381943581165,-1.621963828487709,-1.8350490587984265,-1.8552097628343032,-1.891076006669954,-1.8967100033165916,0.7020006155866645,1.716139784330039,15.711645207566749,1.2510771919891344,0.0490539217931725
-1.7115308099197104,-1.3528385640583438,-1.2431012956598864,-0.986770148849555,0.7062079633100277,0.7083832293415783,0.0495839357862566,1.652803527990118,15.456757360651384,-0.0008861271414161,0.3083061479231768,-1.2962381943581165,-1.621963828487709,-1.8350490587984265,-1.8552097628343032,-1.891076006669954,-1.8967100033165916,0.7020006155866645,1.716139784330039,15.711645207566749,1.2510771919891344,0.0490539217931725,-2.1609210764832,-2.107480014178341,-1.877028843421147,-1.70710897040226,0.3162546340962445,0.3182543918921259,1.0697294588357256,1.889988617615952,16.073976664829445,-0.7016824909710048,-0.475213451274673
-1.2962381943581165,-1.621963828487709,-1.8350490587984265,-1.8552097628343032,-1.891076006669954,-1.8967100033165916,0.7020006155866645,1.716139784330039,15.711645207566749,1.2510771919891344,0.0490539217931725,-2.1609210764832,-2.107480014178341,-1.877028843421147,-1.70710897040226,0.3162546340962445,0.3182543918921259,1.0697294588357256,1.889988617615952,16.073976664829445,-0.7016824909710048,-0.475213451274673,-1.0330252918711018,-1.112132546859291,-0.8103538549614092,-0.9454687521707708,1.479989467530978,1.4738603122362173,-1.7038955054704976,-0.1201693818351186,15.446240380319315,-0.9117497884733,1.0274196937269868
-2.1609210764832,-2.107480014178341,-1.877028843421147,-1.70710897040226,0.3162546340962445,0.3182543918921259,1.0697294588357256,1.889988617615952,16.073976664829445,-0.7016824909710048,-0.475213451274673,-1.0330252918711018,-1.112132546859291,-0.8103538549614092,-0.9454687521707708,1.479989467530978,1.4738603122362173,-1.7038955054704976,-0.1201693818351186,15.446240380319315,-0.9117497884733,1.0274196937269868,0.2992181936005203,0.73194265244296,0.7845335643773061,1.190057755359108,2.2422570627184593,2.2303598890520866,-0.2102062416844856,-0.2821602191296622,15.468391219738704,-0.0049363935657853,0.7791314516720043
-1.0330252918711018,-1.112132546859291,-0.8103538549614092,-0.9454687521707708,1.479989467530978,1.4738603122362173,-1.7038955054704976,-0.1201693818351186,15.446240380319315,-0.9117497884733,1.0274196937269868,0.2992181936005203,0.73194265244296,0.7845335643773061,1.190057755359108,2.2422570627184593,2.2303598890520866,-0.2102062416844856,-0.2821602191296622,15.468391219738704,-0.0049363935657853,0.7791314516720043,0.8713830753981306,1.1620373234702908,1.4759516466555054,1.373390146338844,0.2577292635048577,0.2629786424710988,-0.5529579533696203,-0.7304149177435617,15.34302254057463,-0.5412326378903568,0.8515166581508317
0.2992181936005203,0.73194265244296,0.7845335643773061,1.190057755359108,2.2422570627184593,2.2303598890520866,-0.2102062416844856,-0.2821602191296622,15.468391219738704,-0.0049363935657853,0.7791314516720043,0.8713830753981306,1.1620373234702908,1.4759516466555054,1.373390146338844,0.2577292635048577,0.2629786424710988,-0.5529579533696203,-0.7304149177435617,15.34302254057463,-0.5412326378903568,0.8515166581508317,1.367660140057609,1.443149196575671,1.4300773572887386,1.5997744565490448,0.5636702947554895,0.5678913279689175,0.6350988234397528,-0.2380845990592755,15.574368148091269,0.0217475174950916,-0.2984668336921293
0.8713830753981306,1.1620373234702908,1.4759516466555054,1.373390146338844,0.2577292635048577,0.2629786424710988,-0.5529579533696203,-0.7304149177435617,15.34302254057463,-0.5412326378903568,0.8515166581508317,1.367660140057609,1.443149196575671,1.4300773572887386,1.5997744565490448,0.5636702947554895,0.5678913279689175,0.6350988234397528,-0.2380845990592755,15.574368148091269,0.0217475174950916,-0.2984668336921293,1.6332825322191002,1.7477074915319917,1.6626603352139226,1.8264269992973547,0.9032104879817298,0.904541948135454,-0.3199823829324263,-0.5384278996544571,15.547697112554635,0.67483920140448,0.4928505849484858
1.367660140057609,1.443149196575671,1.4300773572887386,1.5997744565490448,0.5636702947554895,0.5678913279689175,0.6350988234397528,-0.2380845990592755,15.574368148091269,0.0217475174950916,-0.2984668336921293,1.6332825322191002,1.7477074915319917,1.6626603352139226,1.8264269992973547,0.9032104879817298,0.904541948135454,-0.3199823829324263,-0.5384278996544571,15.547697112554635,0.67483920140448,0.4928505849484858,1.8575606171638055,1.5041675549954496,1.598611230233252,1.4080584985513531,-0.3426514079677925,-0.3387496856496522,-0.4443790204047771,-0.7511317549435986,15.43023467377318,-0.6643004180208153,-1.7026603235147424
1.6332825322191002,1.7477074915319917,1.6626603352139226,1.8264269992973547,0.9032104879817298,0.904541948135454,-0.3199823829324263,-0.5384278996544571,15.547697112554635,0.67483920140448,0.4928505849484858,1.8575606171638055,1.5041675549954496,1.598611230233252,1.4080584985513531,-0.3426514079677925,-0.3387496856496522,-0.4443790204047771,-0.7511317549435986,15.43023467377318,-0.6643004180208153,-1.7026603235147424,1.3248990858708962,1.4874354326239003,1.3932821919862417,1.593156646252654,0.8639982695379754,0.8635644906083992,0.0612242721616085,-0.5461009135254832,15.482670247741522,0.8672164568623674,1.4883172199201895
1.8575606171638055,1.5041675549954496,1.598611230233252,1.4080584985513531,-0.3426514079677925,-0.3387496856496522,-0.4443790204047771,-0.7511317549435986,15.43023467377318,-0.6643004180208153,-1.7026603235147424,1.3248990858708962,1.4874354326239003,1.3932821919862417,1.593156646252654,0.8639982695379754,0.8635644906083992,0.0612242721616085,-0.5461009135254832,15.482670247741522,0.8672164568623674,1.4883172199201895,1.500129888231364,1.4204568505266644,1.510725016012172,1.4294867033718923,0.0493838542112931,0.053998628131535,-0.757302122695876,-0.8709520156813899,15.280500797112776,-0.7580660285792513,1.1889445884656995
1.3248990858708962,1.4874354326239003,1.3932821919862417,1.593156646252654,0.8639982695379754,0.8635644906083992,0.0612242721616085,-0.5461009135254832,15.482670247741522,0.8672164568623674,1.4883172199201895,1.500129888231364,1.4204568505266644,1.510725016012172,1.4294867033718923,0.0493838542112931,0.053998628131535,-0.757302122695876,-0.8709520156813899,15.280500797112776,-0.7580660285792513,1.1889445884656995,1.375516403326534,1.50575313775509,1.2543667953472557,1.5304735448767308,0.6169923524906086,0.6198107326720182,1.6463662835121808,0.5094495456217502,15.708095424730216,2.4459504958762843,2.3557591829454987
1.500129888231364,1.4204568505266644,1.510725016012172,1.4294867033718923,0.0493838542112931,0.053998628131535,-0.757302122695876,-0.8709520156813899,15.280500797112776,-0.7580660285792513,1.1889445884656995,1.375516403326534,1.50575313775509,1.2543667953472557,1.5304735448767308,0.6169923524906086,0.6198107326720182,1.6463662835121808,0.5094495456217502,15.708095424730216,2.4459504958762843,2.3557591829454987,1.6162228394673317,1.494798575054136,1.568951261452164,1.297271088795679,-1.2104338878192848,-1.2147942821934454,-0.3108395295998222,1.395346687864011,15.607203524981106,0.4055569977064929,-1.3800217573541456
1.375516403326534,1.50575313775509,1.2543667953472557,1.5304735448767308,0.6169923524906086,0.6198107326720182,1.6463662835121808,0.5094495456217502,15.708095424730216,2.4459504958762843,2.3557591829454987,1.6162228394673317,1.494798575054136,1.568951261452164,1.297271088795679,-1.2104338878192848,-1.2147942821934454,-0.3108395295998222,1.395346687864011,15.607203524981106,0.4055569977064929,-1.3800217573541456,1.3602453413368782,1.2445052828542589,1.5159833690833058,1.293545536499218,-0.5635052969057386,-0.5625840975628111,-0.7664806434218826,0.0341577459049326,15.44225799248884,-1.3011596711189992,0.3727436161751342
1.6162228394673317,1.494798575054136,1.568951261452164,1.297271088795679,-1.2104338878192848,-1.2147942821934454,-0.3108395295998222,1.395346687864011,15.607203524981106,0.4055569977064929,-1.3800217573541456,1.3602453413368782,1.2445052828542589,1.5159833690833058,1.293545536499218,-0.5635052969057386,-0.5625840975628111,-0.7664806434218826,0.0341577459049326,15.44225799248884,-1.3011596711189992,0.3727436161751342,1.6034033180500835,1.7056090765665064,1.665869033837671,1.7271990633386218,1.877044809994032,1.8707607286464585,1.7930946018959306,2.1978065161433795,15.905063432387264,0.6182163998841401,0.9127513888200114
1.3602453413368782,1.2445052828542589,1.5159833690833058,1.293545536499218,-0.5635052969057386,-0.5625840975628111,-0.7664806434218826,0.0341577459049326,15.44225799248884,-1.3011596711189992,0.3727436161751342,1.6034033180500835,1.7056090765665064,1.665869033837671,1.7271990633386218,1.877044809994032,1.8707607286464585,1.7930946018959306,2.1978065161433795,15.905063432387264,0.6182163998841401,0.9127513888200114,1.841653507975683,1.8568370320542045,1.580423736213282,1.3115082890061374,-1.4240342000942898,-1.429621736143642,-0.0930464722739948,1.6251609625959895,15.97053499249592,2.0997988971038786,-0.395910447668146
1.6034033180500835,1.7056090765665064,1.665869033837671,1.7271990633386218,1.877044809994032,1.8707607286464585,1.7930946018959306,2.1978065161433795,15.905063432387264,0.6182163998841401,0.9127513888200114,1.841653507975683,1.8568370320542045,1.580423736213282,1.3115082890061374,-1.4240342000942898,-1.429621736143642,-0.0930464722739948,1.6251609625959895,15.97053499249592,2.0997988971038786,-0.395910447668146,0.940081885243476,1.092109983834893,1.083066555813844,1.495871472559542,0.4811725461029644,0.4839074614667109,-0.4801665443211731,0.8124570782980086,15.895514566430004,0.6506057403288061,1.0081140716871495
1.841653507975683,1.8568370320542045,1.580423736213282,1.3115082890061374,-1.4240342000942898,-1.429621736143642,-0.0930464722739948,1.6251609625959895,15.97053499249592,2.0997988971038786,-0.395910447668146,0.940081885243476,1.092109983834893,1.083066555813844,1.495871472559542,0.4811725461029644,0.4839074614667109,-0.4801665443211731,0.8124570782980086,15.895514566430004,0.6506057403288061,1.0081140716871495,1.2497661516186616,0.9092671882633434,1.261118865195121,1.1725406389718198,-1.0124034395305417,-1.014490604583297,-1.1383837589147603,-0.8067153186971484,15.526168606502118,-0.8378818067169231,-1.2611625471578245
0.940081885243476,1.092109983834893,1.083066555813844,1.495871472559542,0.4811725461029644,0.4839074614667109,-0.4801665443211731,0.8124570782980086,15.895514566430004,0.6506057403288061,1.0081140716871495,1.2497661516186616,0.9092671882633434,1.261118865195121,1.1725406389718198,-1.0124034395305417,-1.014490604583297,-1.1383837589147603,-0.8067153186971484,15.526168606502118,-0.8378818067169231,-1.2611625471578245,1.1725358083556046,1.1226253519366984,1.3493021698130936,1.478240448456967,0.5736304910011238,0.5760057070051446,-0.4667944884814363,-1.1213347093840902,15.412693888797374,-0.5472147644612719,0.0328658697873641
1.2497661516186616,0.9092671882633434,1.261118865195121,1.1725406389718198,-1.0124034395305417,-1.014490604583297,-1.1383837589147603,-0.8067153186971484,15.526168606502118,-0.8378818067169231,-1.2611625471578245,1.1725358083556046,1.1226253519366984,1.3493021698130936,1.478240448456967,0.5736304910011238,0.5760057070051446,-0.4667944884814363,-1.1213347093840902,15.412693888797374,-0.5472147644612719,0.0328658697873641,1.4086567408491115,1.0930873272499366,1.3194783323767616,1.0235804932623471,-1.2954021172459231,-1.3004133212642377,-0.4761853105031668,-1.2849799442911884,15.272845925044368,-0.5689332335179093,-1.2072107527545357
1.1725358083556046,1.1226253519366984,1.3493021698130936,1.478240448456967,0.5736304910011238,0.5760057070051446,-0.4667944884814363,-1.1213347093840902,15.412693888797374,-0.5472147644612719,0.0328658697873641,1.4086567408491115,1.0930873272499366,1.3194783323767616,1.0235804932623471,-1.2954021172459231,-1.3004133212642377,-0.4761853105031668,-1.2849799442911884,15.272845925044368,-0.5689332335179093,-1.2072107527545357,0.99797084894175,0.9652655036575026,1.192975464286075,0.9546814206929586,-0.4228471279649565,-0.4204293761025913,-0.1327586453406894,-1.2426626834459358,15.26506160339483,-0.8066083924673687,0.3476284399662125
1.4086567408491115,1.0930873272499366,1.3194783323767616,1.0235804932623471,-1.2954021172459231,-1.3004133212642377,-0.4761853105031668,-1.2849799442911884,15.272845925044368,-0.5689332335179093,-1.2072107527545357,0.99797084894175,0.9652655036575026,1.192975464286075,0.9546814206929586,-0.4228471279649565,-0.4204293761025913,-0.1327586453406894,-1.2426626834459358,15.26506160339483,-0.8066083924673687,0.3476284399662125,0.9658984260526424,0.989391849012172,1.1534451993043926,1.261949887290705,0.5031220217717708,0.5069806186949097,1.458646727987883,-0.1058986764542184,15.61837497175053,-0.3745444209107344,-0.1398527118810973
0.99797084894175,0.9652655036575026,1.192975464286075,0.9546814206929586,-0.4228471279649565,-0.4204293761025913,-0.1327586453406894,-1.2426626834459358,15.26506160339483,-0.8066083924673687,0.3476284399662125,0.9658984260526424,0.989391849012172,1.1534451993043926,1.261949887290705,0.5031220217717708,0.5069806186949097,1.458646727987883,-0.1058986764542184,15.61837497175053,-0.3745444209107344,-0.1398527118810973,0.8425266639683502,0.9835327499426662,0.8516818963243737,1.1350795943392975,-0.5532612357643621,-0.5519460737019808,-0.5919022854902196,-0.5043367435500616,15.455439071390302,0.4120465377039555,-0.5206666263035968
0.9658984260526424,0.989391849012172,1.1534451993043926,1.261949887290705,0.5031220217717708,0.5069806186949097,1.458646727987883,-0.1058986764542184,15.61837497175053,-0.3745444209107344,-0.1398527118810973,0.8425266639683502,0.9835327499426662,0.8516818963243737,1.1350795943392975,-0.5532612357643621,-0.5519460737019808,-0.5919022854902196,-0.5043367435500616,15.455439071390302,0.4120465377039555,-0.5206666263035968,0.948932834743399,0.956107736108533,1.045427846738498,1.276120094207091,-0.2981281825574148,-0.2953916616103368,0.8708667985810884,0.2870310531109092,15.726548388735935,-0.4473155881399053,0.0408161685690946
0.8425266639683502,0.9835327499426662,0.8516818963243737,1.1350795943392975,-0.5532612357643621,-0.5519460737019808,-0.5919022854902196,-0.5043367435500616,15.455439071390302,0.4120465377039555,-0.5206666263035968,0.948932834743399,0.956107736108533,1.045427846738498,1.276120094207091,-0.2981281825574148,-0.2953916616103368,0.8708667985810884,0.2870310531109092,15.726548388735935,-0.4473155881399053,0.0408161685690946,1.674674938650614,1.863624752056054,1.5979450303288676,1.79343161168258,1.1570343581586844,1.15595613911984,-1.3392929077984794,-0.8229000859321289,15.26927686788769,0.0661010301973629,-0.1961594139780369
0.948932834743399,0.956107736108533,1.045427846738498,1.276120094207091,-0.2981281825574148,-0.2953916616103368,0.8708667985810884,0.2870310531109092,15.726548388735935,-0.4473155881399053,0.0408161685690946,1.674674938650614,1.863624752056054,1.5979450303288676,1.79343161168258,1.1570343581586844,1.15595613911984,-1.3392929077984794,-0.8229000859321289,15.26927686788769,0.0661010301973629,-0.1961594139780369,1.5273107988920307,1.3329694970977322,1.7042013351586314,1.188452372425549,-1.2372231200697603,-1.2397598413780373,1.255122324900717,0.6926892726975378,15.559531984349094,-1.6826096027912096,-0.8233395796100316
1.674674938650614,1.863624752056054,1.5979450303288676,1.79343161168258,1.1570343581586844,1.15595613911984,-1.3392929077984794,-0.8229000859321289,15.26927686788769,0.0661010301973629,-0.1961594139780369,1.5273107988920307,1.3329694970977322,1.7042013351586314,1.188452372425549,-1.2372231200697603,-1.2397598413780373,1.255122324900717,0.6926892726975378,15.559531984349094,-1.6826096027912096,-0.8233395796100316,1.264852236480419,1.40517476972001,1.3575070081882383,1.5508922604178768,0.7372835504894287,0.7386607094698733,0.0584802352313504,1.3283210492716222,15.577154575049972,0.1225050444775014,0.6766249825536521
1.5273107988920307,1.3329694970977322,1.7042013351586314,1.188452372425549,-1.2372231200697603,-1.2397598413780373,1.255122324900717,0.6926892726975378,15.559531984349094,-1.6826096027912096,-0.8233395796100316,1.264852236480419,1.40517476972001,1.3575070081882383,1.5508922604178768,0.7372835504894287,0.7386607094698733,0.0584802352313504,1.3283210492716222,15.577154575049972,0.1225050444775014,0.6766249825536521,1.5664463451227304,1.3564312641721443,1.5494955291178418,1.0012216836173722,-1.0473403343379823,-1.0482973357268472,-1.0752490453489385,-0.4615309357514197,15.239173196383256,-1.1100929694678785,-1.1884537167651197
1.264852236480419,1.40517476972001,1.3575070081882383,1.5508922604178768,0.7372835504894287,0.7386607094698733,0.0584802352313504,1.3283210492716222,15.577154575049972,0.1225050444775014,0.6766249825536521,1.5664463451227304,1.3564312641721443,1.5494955291178418,1.0012216836173722,-1.0473403343379823,-1.0482973357268472,-1.0752490453489385,-0.4615309357514197,15.239173196383256,-1.1100929694678785,-1.1884537167651197,1.1315304080823336,0.8517800090118649,-0.080489858054471,-0.4207891931579839,-1.770107460046345,-1.7779159444309345,1.1026537010615152,1.0487435154507068,15.5554504539935,1.8809116250821096,-1.2528367998373289
1.5664463451227304,1.3564312641721443,1.5494955291178418,1.0012216836173722,-1.0473403343379823,-1.0482973357268472,-1.0752490453489385,-0.4615309357514197,15.239173196383256,-1.1100929694678785,-1.1884537167651197,1.1315304080823336,0.8517800090118649,-0.080489858054471,-0.4207891931579839,-1.770107460046345,-1.7779159444309345,1.1026537010615152,1.0487435154507068,15.5554504539935,1.8809116250821096,-1.2528367998373289,-0.3404769247232018,-0.2760745227426188,-0.6689973056824915,-1.131537438632814,-0.7790391891565837,-0.77745048652146,0.449475315232573,1.5901479515921055,15.750518782115812,0.8687430179927021,1.4033375965805854
1.1315304080823336,0.8517800090118649,-0.080489858054471,-0.4207891931579839,-1.770107460046345,-1.7779159444309345,1.1026537010615152,1.0487435154507068,15.5554504539935,1.8809116250821096,-1.2528367998373289,-0.3404769247232018,-0.2760745227426188,-0.6689973056824915,-1.131537438632814,-0.7790391891565837,-0.77745048652146,0.449475315232573,1.5901479515921055,15.750518782115812,0.8687430179927021,1.4033375965805854,-0.9639452247280784,-1.3380191018933032,-0.7522556683800147,-0.8738010065402915,0.392267601282206,0.3948652699963283,-1.0735783663628211,-0.5067769869538802,15.436066633920923,-0.7379611591765756,1.0995147768464082
-0.3404769247232018,-0.2760745227426188,-0.6689973056824915,-1.131537438632814,-0.7790391891565837,-0.77745048652146,0.449475315232573,1.5901479515921055,15.750518782115812,0.8687430179927021,1.4033375965805854,-0.9639452247280784,-1.3380191018933032,-0.7522556683800147,-0.8738010065402915,0.392267601282206,0.3948652699963283,-1.0735783663628211,-0.5067769869538802,15.436066633920923,-0.7379611591765756,1.0995147768464082,-0.2437278717051371,-0.6996232679431055,-1.136888646465646,-0.1339100567283517,0.7822170634654757,0.7825917242243073,0.641791429253899,0.6618419186851663,15.638752705751791,1.1325596103815947,1.1919114275385647
-0.9639452247280784,-1.3380191018933032,-0.7522556683800147,-0.8738010065402915,0.392267601282206,0.3948652699963283,-1.0735783663628211,-0.5067769869538802,15.436066633920923,-0.7379611591765756,1.0995147768464082,-0.2437278717051371,-0.6996232679431055,-1.136888646465646,-0.1339100567283517,0.7822170634654757,0.7825917242243073,0.641791429253899,0.6618419186851663,15.638752705751791,1.1325596103815947,1.1919114275385647,-0.8530882805415761,-1.0004123802071725,-0.2501096089126906,-0.6603575557133604,-0.5368603154144724,-0.5343201712871457,-0.3170242139886001,0.2085008441375652,15.600681872883804,-0.9842951452149638,-0.8026480923133191
-0.2437278717051371,-0.6996232679431055,-1.136888646465646,-0.1339100567283517,0.7822170634654757,0.7825917242243073,0.641791429253899,0.6618419186851663,15.638752705751791,1.1325596103815947,1.1919114275385647,-0.8530882805415761,-1.0004123802071725,-0.2501096089126906,-0.6603575557133604,-0.5368603154144724,-0.5343201712871457,-0.3170242139886001,0.2085008441375652,15.600681872883804,-0.9842951452149638,-0.8026480923133191,-0.2517688311394781,1.8289685655610088,0.5709276844598694,0.9837149548321382,1.4811627795866538,1.47540113493923,0.6638003192394345,1.353803484748913,15.803124735290822,1.7243701270280938,2.193943220976055
-0.8530882805415761,-1.0004123802071725,-0.2501096089126906,-0.6603575557133604,-0.5368603154144724,-0.5343201712871457,-0.3170242139886001,0.2085008441375652,15.600681872883804,-0.9842951452149638,-0.8026480923133191,-0.2517688311394781,1.8289685655610088,0.5709276844598694,0.9837149548321382,1.4811627795866538,1.47540113493923,0.6638003192394345,1.353803484748913,15.803124735290822,1.7243701270280938,2.193943220976055,0.8253208957156825,2.016491608413261,1.109285064481716,2.1613029127162133,1.7111448799171562,1.703318540005499,2.3565378587516985,2.676508025143735,16.57914058314454,1.7661900267409647,-0.076014805083617
-0.2517688311394781,1.8289685655610088,0.5709276844598694,0.9837149548321382,1.4811627795866538,1.47540113493923,0.6638003192394345,1.353803484748913,15.803124735290822,1.7243701270280938,2.193943220976055,0.8253208957156825,2.016491608413261,1.109285064481716,2.1613029127162133,1.7111448799171562,1.703318540005499,2.3565378587516985,2.676508025143735,16.57914058314454,1.7661900267409647,-0.076014805083617,2.307782336469698,1.8215022743188445,2.073526800847159,1.49765629816962,-0.4695192378631789,-0.4666718434217311,-1.204930894880885,0.1072526018704306,16.023741124371963,0.3787986142582396,0.7246900973193227
0.8253208957156825,2.016491608413261,1.109285064481716,2.1613029127162133,1.7111448799171562,1.703318540005499,2.3565378587516985,2.676508025143735,16.57914058314454,1.7661900267409647,-0.076014805083617,2.307782336469698,1.8215022743188445,2.073526800847159,1.49765629816962,-0.4695192378631789,-0.4666718434217311,-1.204930894880885,0.1072526018704306,16.023741124371963,0.3787986142582396,0.7246900973193227,1.2908448933259804,0.5539701551371534,-0.1079966623840874,-0.345208841325037,-1.9046232465612092,-1.91998466916942,-0.2927333209280867,-0.0887564431339668,16.007812036712966,1.2721470563599118,-1.4053101328851056
2.307782336469698,1.8215022743188445,2.073526800847159,1.49765629816962,-0.4695192378631789,-0.4666718434217311,-1.204930894880885,0.1072526018704306,16.023741124371963,0.3787986142582396,0.7246900973193227,1.2908448933259804,0.5539701551371534,-0.1079966623840874,-0.345208841325037,-1.9046232465612092,-1.91998466916942,-0.2927333209280867,-0.0887564431339668,16.007812036712966,1.2721470563599118,-1.4053101328851056,-0.6018271239537423,-0.5268612045816801,-0.3499951508433468,-0.2026543213839091,0.1445898501600309,0.1500726123357071,-0.4957446907942271,-0.5407238810716619,15.925020602063531,-0.6007192645320882,-1.0286961645881652
1.2908448933259804,0.5539701551371534,-0.1079966623840874,-0.345208841325037,-1.9046232465612092,-1.91998466916942,-0.2927333209280867,-0.0887564431339668,16.007812036712966,1.2721470563599118,-1.4053101328851056,-0.6018271239537423,-0.5268612045816801,-0.3499951508433468,-0.2026543213839091,0.1445898501600309,0.1500726123357071,-0.4957446907942271,-0.5407238810716619,15.925020602063531,-0.6007192645320882,-1.0286961645881652,-1.296770043815745,-1.2232063712969845,-1.797718316800611,-1.5527273508956425,-1.5187494789204956,-1.5244989391339372,-0.1409227978026653,-0.5067395072288415,15.968562742793118,0.7485739262038673,-0.8067703593539506
-0.6018271239537423,-0.5268612045816801,-0.3499951508433468,-0.2026543213839091,0.1445898501600309,0.1500726123357071,-0.4957446907942271,-0.5407238810716619,15.925020602063531,-0.6007192645320882,-1.0286961645881652,-1.296770043815745,-1.2232063712969845,-1.797718316800611,-1.5527273508956425,-1.5187494789204956,-1.5244989391339372,-0.1409227978026653,-0.5067395072288415,15.968562742793118,0.7485739262038673,-0.8067703593539506,-1.6967355197289011,-1.3554986745734945,-1.5792117076310774,-1.2172993159354972,0.2838546805927588,0.288657490917112,-0.7185713585152258,-1.000214151886705,15.665334669172378,0.1987791103201573,-0.3993388541252431
-1.296770043815745,-1.2232063712969845,-1.797718316800611,-1.5527273508956425,-1.5187494789204956,-1.5244989391339372,-0.1409227978026653,-0.5067395072288415,15.968562742793118,0.7485739262038673,-0.8067703593539506,-1.6967355197289011,-1.3554986745734945,-1.5792117076310774,-1.2172993159354972,0.2838546805927588,0.288657490917112,-0.7185713585152258,-1.000214151886705,15.665334669172378,0.1987791103201573,-0.3993388541252431,-1.4767994521456578,-1.3415112053780724,-1.441461896919448,-1.4812868829436343,-0.5861238097930342,-0.580534686092151,0.407415679305075,-0.5693699152219138,15.920169086921163,0.1097309788137321,0.8542238222701077
-1.6967355197289011,-1.3554986745734945,-1.5792117076310774,-1.2172993159354972,0.2838546805927588,0.288657490917112,-0.7185713585152258,-1.000214151886705,15.665334669172378,0.1987791103201573,-0.3993388541252431,-1.4767994521456578,-1.3415112053780724,-1.441461896919448,-1.4812868829436343,-0.5861238097930342,-0.580534686092151,0.407415679305075,-0.5693699152219138,15.920169086921163,0.1097309788137321,0.8542238222701077,-1.3330886524472054,-1.5831430554459605,-1.8232828494836395,-1.8896214664384392,-1.3083986451722465,-1.3151263109548057,0.1878098505685743,-0.2341719245842015,16.09545129176404,1.1879074250609143,-1.3286795791801904
-1.4767994521456578,-1.3415112053780724,-1.441461896919448,-1.4812868829436343,-0.5861238097930342,-0.580534686092151,0.407415679305075,-0.5693699152219138,15.920169086921163,0.1097309788137321,0.8542238222701077,-1.3330886524472054,-1.5831430554459605,-1.8232828494836395,-1.8896214664384392,-1.3083986451722465,-1.3151263109548057,0.1878098505685743,-0.2341719245842015,16.09545129176404,1.1879074250609143,-1.3286795791801904,-1.2970428636525553,-1.521089147528721,-1.437842404009962,-1.412060328039432,0.4286560212762558,0.4342516075641303,-0.9530545006639096,-1.0389189559213738,15.655329924782018,-0.4550465105445791,-0.2439658361648363
-1.3330886524472054,-1.5831430554459605,-1.8232828494836395,-1.8896214664384392,-1.3083986451722465,-1.3151263109548057,0.1878098505685743,-0.2341719245842015,16.09545129176404,1.1879074250609143,-1.3286795791801904,-1.2970428636525553,-1.521089147528721,-1.437842404009962,-1.412060328039432,0.4286560212762558,0.4342516075641303,-0.9530545006639096,-1.0389189559213738,15.655329924782018,-0.4550465105445791,-0.2439658361648363,-1.4078916282388865,-1.211452784448933,-1.2492130871631235,-1.3996410467671507,-0.3306742904513986,-0.3249258597640463,0.3840331460877354,-0.5431030850035804,15.884308279632911,0.4520942693438587,0.2550452722967365
-1.2970428636525553,-1.521089147528721,-1.437842404009962,-1.412060328039432,0.4286560212762558,0.4342516075641303,-0.9530545006639096,-1.0389189559213738,15.655329924782018,-0.4550465105445791,-0.2439658361648363,-1.4078916282388865,-1.211452784448933,-1.2492130871631235,-1.3996410467671507,-0.3306742904513986,-0.3249258597640463,0.3840331460877354,-0.5431030850035804,15.884308279632911,0.4520942693438587,0.2550452722967365,-1.373417493209217,-1.2470110810150177,-1.1168146529181833,-0.953128135633908,1.3693498111434297,1.3607026667002886,0.094820596566975,-0.1970044980901622,15.870992471480008,-0.6972320171917868,-0.6753162971276373
-1.4078916282388865,-1.211452784448933,-1.2492130871631235,-1.3996410467671507,-0.3306742904513986,-0.3249258597640463,0.3840331460877354,-0.5431030850035804,15.884308279632911,0.4520942693438587,0.2550452722967365,-1.373417493209217,-1.2470110810150177,-1.1168146529181833,-0.953128135633908,1.3693498111434297,1.3607026667002886,0.094820596566975,-0.1970044980901622,15.870992471480008,-0.6972320171917868,-0.6753162971276373,-0.9887810190280673,-0.8287785027578112,-0.6988664791586593,-0.5708280436196824,1.0970300131796349,1.092988784237737,-0.898000106739842,-1.0404443992644956,15.631865236665186,-0.7595432699179341,0.6651854800100369
-1.373417493209217,-1.2470110810150177,-1.1168146529181833,-0.953128135633908,1.3693498111434297,1.3607026667002886,0.094820596566975,-0.1970044980901622,15.870992471480008,-0.6972320171917868,-0.6753162971276373,-0.9887810190280673,-0.8287785027578112,-0.6988664791586593,-0.5708280436196824,1.0970300131796349,1.092988784237737,-0.898000106739842,-1.0404443992644956,15.631865236665186,-0.7595432699179341,0.6651854800100369,-0.3098931374756076,-0.7533834324782717,-0.2494020677009235,-0.3986651596172336,0.4296200947113313,0.4326672903126005,1.0656252595927065,0.5945924350873107,15.866848491843363,-1.8698551227060205,1.281068029323453
-0.9887810190280673,-0.8287785027578112,-0.6988664791586593,-0.5708280436196824,1.0970300131796349,1.092988784237737,-0.898000106739842,-1.0404443992644956,15.631865236665186,-0.7595432699179341,0.6651854800100369,-0.3098931374756076,-0.7533834324782717,-0.2494020677009235,-0.3986651596172336,0.4296200947113313,0.4326672903126005,1.0656252595927065,0.5945924350873107,15.866848491843363,-1.8698551227060205,1.281068029323453,0.1164113177435575,0.2299372636930095,0.3703313688878966,0.5781924973013434,1.2936785904295758,1.2840042872433497,-1.0698426006076425,-1.0687300165929003,15.540934514654634,-0.3759581713284589,0.5037739066286134
-0.3098931374756076,-0.7533834324782717,-0.2494020677009235,-0.3986651596172336,0.4296200947113313,0.4326672903126005,1.0656252595927065,0.5945924350873107,15.866848491843363,-1.8698551227060205,1.281068029323453,0.1164113177435575,0.2299372636930095,0.3703313688878966,0.5781924973013434,1.2936785904295758,1.2840042872433497,-1.0698426006076425,-1.0687300165929003,15.540934514654634,-0.3759581713284589,0.5037739066286134,0.7720392426331129,0.6971801910182178,1.1527102728613283,0.6541759172199714,0.0159279570928317,0.0215536040080967,-0.0690611628246252,-0.8283134679667403,15.507946989968062,-1.211041690922417,0.1124615816266573
0.1164113177435575,0.2299372636930095,0.3703313688878966,0.5781924973013434,1.2936785904295758,1.2840042872433497,-1.0698426006076425,-1.0687300165929003,15.540934514654634,-0.3759581713284589,0.5037739066286134,0.7720392426331129,0.6971801910182178,1.1527102728613283,0.6541759172199714,0.0159279570928317,0.0215536040080967,-0.0690611628246252,-0.8283134679667403,15.507946989968062,-1.211041690922417,0.1124615816266573,0.5327148372171424,0.2706178830545555,0.853233223692728,0.1327259141175147,-0.6637162608545467,-0.6589307517698546,2.689614278940412,2.6986735842877194,16.66504301794974,-1.242781229831156,-1.0169500217781045
0.7720392426331129,0.6971801910182178,1.1527102728613283,0.6541759172199714,0.0159279570928317,0.0215536040080967,-0.0690611628246252,-0.8283134679667403,15.507946989968062,-1.211041690922417,0.1124615816266573,0.5327148372171424,0.2706178830545555,0.853233223692728,0.1327259141175147,-0.6637162608545467,-0.6589307517698546,2.689614278940412,2.6986735842877194,16.66504301794974,-1.242781229831156,-1.0169500217781045,0.8941239457286826,1.820349503417391,1.370995387745795,1.8692244379260523,1.5719788760124254,1.5566267478573048,-1.0336795395481255,-0.6396343420825564,15.551598918530198,0.4788236565366753,0.9089732958337609
0.5327148372171424,0.2706178830545555,0.853233223692728,0.1327259141175147,-0.6637162608545467,-0.6589307517698546,2.689614278940412,2.6986735842877194,16.66504301794974,-1.242781229831156,-1.0169500217781045,0.8941239457286826,1.820349503417391,1.370995387745795,1.8692244379260523,1.5719788760124254,1.5566267478573048,-1.0336795395481255,-0.6396343420825564,15.551598918530198,0.4788236565366753,0.9089732958337609,1.780344223851532,1.4937625818618712,1.567028174388257,1.531284964154051,-0.1384216810955564,-0.1335752559051613,-0.4941488763224871,-0.8912948620085985,15.184455535124274,-0.702147328480386,0.0711332822182292
