index,subsequence_idx,score
23,23,2.88192
70,70,2.89481
81,81,2.59648
99,99,2.6116
105,105,2.59047
110,110,3.67526
145,145,2.4731
168,168,2.45171
