index,subsequence_idx,score
23,23,2.98747
47,47,2.47335
66,66,2.50823
70,70,2.70095
81,81,2.75245
110,110,3.44355
145,145,2.4744
168,168,2.52885
