index,subsequence_idx,score
23,23,2.84064
66,66,2.47196
70,70,2.78928
81,81,2.63308
99,99,2.53139
105,105,2.52062
110,110,3.57215
145,145,2.40905
168,168,2.51538
