index,subsequence_idx,score
23,23,2.95101
66,66,2.5897
70,70,2.71145
81,81,2.72704
105,105,2.42824
110,110,3.44731
145,145,2.52584
168,168,2.57199
