index,subsequence_idx,score
9,9,2.76561
22,22,3.03984
70,70,2.54845
99,99,2.6949
110,110,3.44036
131,131,2.43962
