index,subsequence_idx,score
23,23,3.14736
66,66,2.60297
70,70,2.94174
81,81,2.83896
99,99,2.52779
105,105,2.49583
110,110,3.65098
145,145,2.50487
168,168,2.69722
