feature_0,feature_1,feature_2,feature_3,feature_4,feature_5,feature_6,feature_7,feature_8,feature_9,feature_10,feature_11,feature_12,feature_13,feature_14
-0.0054807407404804,-0.2187730848950376,0.0072643977387961,-0.0151549435798107,0.1647062603710274,0.0122606615978647,0.0016319922515581,-0.1104255792919032,0.0111423519169546,0.0066922592566385,0.2417801012327356,0.0128719868580136,0.0141048366697638,-0.0218219246748474,0.0153659733853082
-0.0151549435798107,0.1647062603710274,0.0122606615978647,0.0016319922515581,-0.1104255792919032,0.0111423519169546,0.0066922592566385,0.2417801012327356,0.0128719868580136,0.0141048366697638,-0.0218219246748474,0.0153659733853082,0.0106595605853936,0.0205963344579191,0.0137056015663049
0.0016319922515581,-0.1104255792919032,0.0111423519169546,0.0066922592566385,0.2417801012327356,0.0128719868580136,0.0141048366697638,-0.0218219246748474,0.0153659733853082,0.0106595605853936,0.0205963344579191,0.0137056015663049,-0.0002819582976039,0.7801548841763692,0.0146527024053484
0.0066922592566385,0.2417801012327356,0.0128719868580136,0.0141048366697638,-0.0218219246748474,0.0153659733853082,0.0106595605853936,0.0205963344579191,0.0137056015663049,-0.0002819582976039,0.7801548841763692,0.0146527024053484,0.0160224921688483,-0.3083905393509479,0.0180297438165377
0.0141048366697638,-0.0218219246748474,0.0153659733853082,0.0106595605853936,0.0205963344579191,0.0137056015663049,-0.0002819582976039,0.7801548841763692,0.0146527024053484,0.0160224921688483,-0.3083905393509479,0.0180297438165377,0.0047754391530629,-0.1009538212354393,0.0140578174142745
0.0106595605853936,0.0205963344579191,0.0137056015663049,-0.0002819582976039,0.7801548841763692,0.0146527024053484,0.0160224921688483,-0.3083905393509479,0.0180297438165377,0.0047754391530629,-0.1009538212354393,0.0140578174142745,-0.0075710793445032,0.9685967917166431,0.0388115250656303
-0.0002819582976039,0.7801548841763692,0.0146527024053484,0.0160224921688483,-0.3083905393509479,0.0180297438165377,0.0047754391530629,-0.1009538212354393,0.0140578174142745,-0.0075710793445032,0.9685967917166431,0.0388115250656303,-0.0020602404785229,-0.4682225402123062,0.0151609229129694
