feature_0,feature_1,feature_2,feature_3,feature_4,feature_5,feature_6,feature_7,feature_8,feature_9,feature_10,feature_11,feature_12,feature_13,feature_14
0.0042085220563758,-0.29465221950367,0.0164977042905744,-0.0173103929625586,0.1219028741328047,0.0196151400607755,-0.0146487443497409,0.0839222614840988,0.0188964481217012,-0.009691343411705,0.2188264058679707,0.0225030974552687,0.0175772572558976,0.2154797726512871,0.0189001600006259
-0.0173103929625586,0.1219028741328047,0.0196151400607755,-0.0146487443497409,0.0839222614840988,0.0188964481217012,-0.009691343411705,0.2188264058679707,0.0225030974552687,0.0175772572558976,0.2154797726512871,0.0189001600006259,-0.0001867633523173,-0.3420437353871545,0.0132568261059001
-0.0146487443497409,0.0839222614840988,0.0188964481217012,-0.009691343411705,0.2188264058679707,0.0225030974552687,0.0175772572558976,0.2154797726512871,0.0189001600006259,-0.0001867633523173,-0.3420437353871545,0.0132568261059001,-0.0218528321196938,2.20443143812709,0.0326306613684147
-0.009691343411705,0.2188264058679707,0.0225030974552687,0.0175772572558976,0.2154797726512871,0.0189001600006259,-0.0001867633523173,-0.3420437353871545,0.0132568261059001,-0.0218528321196938,2.20443143812709,0.0326306613684147,0.0001909715076797,-0.5641878669275929,0.0175760467521619
0.0175772572558976,0.2154797726512871,0.0189001600006259,-0.0001867633523173,-0.3420437353871545,0.0132568261059001,-0.0218528321196938,2.20443143812709,0.0326306613684147,0.0001909715076797,-0.5641878669275929,0.0175760467521619,0.0430507649297808,0.1454872025145936,0.0414329833875249
-0.0001867633523173,-0.3420437353871545,0.0132568261059001,-0.0218528321196938,2.20443143812709,0.0326306613684147,0.0001909715076797,-0.5641878669275929,0.0175760467521619,0.0430507649297808,0.1454872025145936,0.0414329833875249,-0.007321172265535,-0.2512740101920815,0.0183119649300326
-0.0218528321196938,2.20443143812709,0.0326306613684147,0.0001909715076797,-0.5641878669275929,0.0175760467521619,0.0430507649297808,0.1454872025145936,0.0414329833875249,-0.007321172265535,-0.2512740101920815,0.0183119649300326,0.0156724288727685,0.1584642233856894,0.0170861712283941
