feature_0,feature_1,feature_2,feature_3,feature_4,feature_5,feature_6,feature_7,feature_8,feature_9,feature_10,feature_11,feature_12,feature_13,feature_14
-0.0106666482904904,0.2864310368029212,0.0220568633966425,-0.0001739350672932,-0.0447377832688493,0.0295306789101753,0.015305697616549,-0.0605005009152617,0.0201704030823763,-0.0149892933618843,0.0473917077112331,0.0223952868748514,0.0444347879161004,0.4554090654122686,0.0472332659497718
-0.0001739350672932,-0.0447377832688493,0.0295306789101753,0.015305697616549,-0.0605005009152617,0.0201704030823763,-0.0149892933618843,0.0473917077112331,0.0223952868748514,0.0444347879161004,0.4554090654122686,0.0472332659497718,0.0129048625749839,-0.3354529194595158,0.0255297642500553
0.015305697616549,-0.0605005009152617,0.0201704030823763,-0.0149892933618843,0.0473917077112331,0.0223952868748514,0.0444347879161004,0.4554090654122686,0.0472332659497718,0.0129048625749839,-0.3354529194595158,0.0255297642500553,-0.0088772135339912,0.1319447467767915,0.0240832658444222
-0.0149892933618843,0.0473917077112331,0.0223952868748514,0.0444347879161004,0.4554090654122686,0.0472332659497718,0.0129048625749839,-0.3354529194595158,0.0255297642500553,-0.0088772135339912,0.1319447467767915,0.0240832658444222,0.0181621726551319,-0.2530974934341381,0.0296839618905604
0.0444347879161004,0.4554090654122686,0.0472332659497718,0.0129048625749839,-0.3354529194595158,0.0255297642500553,-0.0088772135339912,0.1319447467767915,0.0240832658444222,0.0181621726551319,-0.2530974934341381,0.0296839618905604,0.0120550899845379,0.1257910330279852,0.0191098436601556
0.0129048625749839,-0.3354529194595158,0.0255297642500553,-0.0088772135339912,0.1319447467767915,0.0240832658444222,0.0181621726551319,-0.2530974934341381,0.0296839618905604,0.0120550899845379,0.1257910330279852,0.0191098436601556,0.0084507287867829,-0.2166936208445642,0.0225148687307558
-0.0088772135339912,0.1319447467767915,0.0240832658444222,0.0181621726551319,-0.2530974934341381,0.0296839618905604,0.0120550899845379,0.1257910330279852,0.0191098436601556,0.0084507287867829,-0.2166936208445642,0.0225148687307558,0.010454888481149,-0.0470259707487575,0.0192000122070312
