feature_0,feature_1,feature_2,feature_3,feature_4,feature_5,feature_6,feature_7,feature_8,feature_9,feature_10,feature_11,feature_12,feature_13,feature_14
-0.012581085215679,0.16764514024788,0.0238823079862437,-0.0596954476692622,1.7357541899441342,0.0514968542130515,-0.0161523239499363,-0.4492546457014499,0.0218513020708635,0.0149074034153615,0.0956618464961067,0.0287836203123811,0.0004228230765321,-0.2730964467005076,0.0185034435762686
-0.0596954476692622,1.7357541899441342,0.0514968542130515,-0.0161523239499363,-0.4492546457014499,0.0218513020708635,0.0149074034153615,0.0956618464961067,0.0287836203123811,0.0004228230765321,-0.2730964467005076,0.0185034435762686,-0.0024992568999173,-0.026070763500931,0.0131550527686284
-0.0161523239499363,-0.4492546457014499,0.0218513020708635,0.0149074034153615,0.0956618464961067,0.0287836203123811,0.0004228230765321,-0.2730964467005076,0.0185034435762686,-0.0024992568999173,-0.026070763500931,0.0131550527686284,-0.0276210799362057,2.0850860420650097,0.0495988508708713
0.0149074034153615,0.0956618464961067,0.0287836203123811,0.0004228230765321,-0.2730964467005076,0.0185034435762686,-0.0024992568999173,-0.026070763500931,0.0131550527686284,-0.0276210799362057,2.0850860420650097,0.0495988508708713,-0.0055554663393238,-0.5968391695072823,0.0197542869438559
0.0004228230765321,-0.2730964467005076,0.0185034435762686,-0.0024992568999173,-0.026070763500931,0.0131550527686284,-0.0276210799362057,2.0850860420650097,0.0495988508708713,-0.0055554663393238,-0.5968391695072823,0.0197542869438559,0.0032229383850377,-0.0703305149884704,0.0226772348358972
-0.0024992568999173,-0.026070763500931,0.0131550527686284,-0.0276210799362057,2.0850860420650097,0.0495988508708713,-0.0055554663393238,-0.5968391695072823,0.0197542869438559,0.0032229383850377,-0.0703305149884704,0.0226772348358972,-0.0173355911169692,0.1000413393964447,0.0255946644770228
-0.0276210799362057,2.0850860420650097,0.0495988508708713,-0.0055554663393238,-0.5968391695072823,0.0197542869438559,0.0032229383850377,-0.0703305149884704,0.0226772348358972,-0.0173355911169692,0.1000413393964447,0.0255946644770228,-0.0072223349628851,-0.1416760616309658,0.0114467377735913
