feature_0,feature_1,feature_2,feature_3,feature_4,feature_5,feature_6,feature_7,feature_8,feature_9,feature_10,feature_11,feature_12,feature_13,feature_14
-0.0065932988008019,-0.1588102024409852,0.0167379152598035,0.0095869672875987,0.4556038227628149,0.0239066148520107,-0.0195397381541626,-0.3412916318491107,0.0212646777964839,-0.0074502813736904,0.4510692279811525,0.0194100946255451,0.0097579484050878,-0.3649931310103659,0.0137372892476647
0.0095869672875987,0.4556038227628149,0.0239066148520107,-0.0195397381541626,-0.3412916318491107,0.0212646777964839,-0.0074502813736904,0.4510692279811525,0.0194100946255451,0.0097579484050878,-0.3649931310103659,0.0137372892476647,-0.0334509931132451,1.1528173861736652,0.0454458002402868
-0.0195397381541626,-0.3412916318491107,0.0212646777964839,-0.0074502813736904,0.4510692279811525,0.0194100946255451,0.0097579484050878,-0.3649931310103659,0.0137372892476647,-0.0334509931132451,1.1528173861736652,0.0454458002402868,-0.0125458868994597,0.8812351543942993,0.0194155291465229
-0.0074502813736904,0.4510692279811525,0.0194100946255451,0.0097579484050878,-0.3649931310103659,0.0137372892476647,-0.0334509931132451,1.1528173861736652,0.0454458002402868,-0.0125458868994597,0.8812351543942993,0.0194155291465229,0.0091869484227562,-0.5411081973581974,0.0208579570967406
0.0097579484050878,-0.3649931310103659,0.0137372892476647,-0.0334509931132451,1.1528173861736652,0.0454458002402868,-0.0125458868994597,0.8812351543942993,0.0194155291465229,0.0091869484227562,-0.5411081973581974,0.0208579570967406,0.0544255608799908,0.3091697973437748,0.0414755733237753
-0.0334509931132451,1.1528173861736652,0.0454458002402868,-0.0125458868994597,0.8812351543942993,0.0194155291465229,0.0091869484227562,-0.5411081973581974,0.0208579570967406,0.0544255608799908,0.3091697973437748,0.0414755733237753,-0.005694260333375,-0.2953277827176461,0.0236367107497431
-0.0125458868994597,0.8812351543942993,0.0194155291465229,0.0091869484227562,-0.5411081973581974,0.0208579570967406,0.0544255608799908,0.3091697973437748,0.0414755733237753,-0.005694260333375,-0.2953277827176461,0.0236367107497431,0.0092370952579101,-0.1993117292801836,0.032041751321251
