feature_0,feature_1,feature_2,feature_3,feature_4,feature_5,feature_6,feature_7,feature_8,feature_9,feature_10,feature_11,feature_12,feature_13,feature_14
0.0002211705359682,-0.3411827669253412,0.0265933016623296,0.0148114239612118,0.2296236122393717,0.0304945663195142,-0.0147041510132521,0.0156353226161638,0.0293560106074051,0.0348219459222012,3.487315698178664,0.120220452783811,0.0073711324785097,-0.6351139136527264,0.0299168849985942
0.0148114239612118,0.2296236122393717,0.0304945663195142,-0.0147041510132521,0.0156353226161638,0.0293560106074051,0.0348219459222012,3.487315698178664,0.120220452783811,0.0073711324785097,-0.6351139136527264,0.0299168849985942,-0.0038177676087882,-0.2555783619148514,0.0278533071112162
-0.0147041510132521,0.0156353226161638,0.0293560106074051,0.0348219459222012,3.487315698178664,0.120220452783811,0.0073711324785097,-0.6351139136527264,0.0299168849985942,-0.0038177676087882,-0.2555783619148514,0.0278533071112162,-0.0138385772946535,0.4231077114649115,0.0197383342227361
0.0348219459222012,3.487315698178664,0.120220452783811,0.0073711324785097,-0.6351139136527264,0.0299168849985942,-0.0038177676087882,-0.2555783619148514,0.0278533071112162,-0.0138385772946535,0.4231077114649115,0.0197383342227361,-0.0174869780771573,-0.2613124999999999,0.0246641474487605
0.0073711324785097,-0.6351139136527264,0.0299168849985942,-0.0038177676087882,-0.2555783619148514,0.0278533071112162,-0.0138385772946535,0.4231077114649115,0.0197383342227361,-0.0174869780771573,-0.2613124999999999,0.0246641474487605,0.013843046372971,-0.0491581352060241,0.0211692480414373
-0.0038177676087882,-0.2555783619148514,0.0278533071112162,-0.0138385772946535,0.4231077114649115,0.0197383342227361,-0.0174869780771573,-0.2613124999999999,0.0246641474487605,0.013843046372971,-0.0491581352060241,0.0211692480414373,-0.0058518774817065,-0.1386367681082043,0.0182693151957234
-0.0138385772946535,0.4231077114649115,0.0197383342227361,-0.0174869780771573,-0.2613124999999999,0.0246641474487605,0.013843046372971,-0.0491581352060241,0.0211692480414373,-0.0058518774817065,-0.1386367681082043,0.0182693151957234,0.0075212967685487,-0.3217975206611571,0.0197845169921739
