feature_0,feature_1,feature_2,feature_3,feature_4,feature_5,feature_6,feature_7,feature_8,feature_9,feature_10,feature_11,feature_12,feature_13,feature_14
-0.0038137041368085,-0.3609613916583775,0.0095629178391714,-0.0182907041045784,0.4585701357466063,0.0195064178380568,-0.0090061380844205,-0.2377087831633286,0.0107648093243444,-0.0036852690455126,0.3821911118346084,0.0089704641974364,0.0049527212847344,-0.2393178499081358,0.0092595217904205
-0.0182907041045784,0.4585701357466063,0.0195064178380568,-0.0090061380844205,-0.2377087831633286,0.0107648093243444,-0.0036852690455126,0.3821911118346084,0.0089704641974364,0.0049527212847344,-0.2393178499081358,0.0092595217904205,0.0049594395122289,0.0007431721062736,0.010877746773364
-0.0090061380844205,-0.2377087831633286,0.0107648093243444,-0.0036852690455126,0.3821911118346084,0.0089704641974364,0.0049527212847344,-0.2393178499081358,0.0092595217904205,0.0049594395122289,0.0007431721062736,0.010877746773364,-0.0034452213312934,0.9106999195494772,0.0094554897622459
-0.0036852690455126,0.3821911118346084,0.0089704641974364,0.0049527212847344,-0.2393178499081358,0.0092595217904205,0.0049594395122289,0.0007431721062736,0.010877746773364,-0.0034452213312934,0.9106999195494772,0.0094554897622459,0.0063535836247543,-0.4533927125506073,0.0115482191202804
0.0049527212847344,-0.2393178499081358,0.0092595217904205,0.0049594395122289,0.0007431721062736,0.010877746773364,-0.0034452213312934,0.9106999195494772,0.0094554897622459,0.0063535836247543,-0.4533927125506073,0.0115482191202804,0.0196831392833922,0.1738808402216098,0.0192651493166657
0.0049594395122289,0.0007431721062736,0.010877746773364,-0.0034452213312934,0.9106999195494772,0.0094554897622459,0.0063535836247543,-0.4533927125506073,0.0115482191202804,0.0196831392833922,0.1738808402216098,0.0192651493166657,-0.002731651038156,-0.2196759376104184,0.0101352604023136
-0.0034452213312934,0.9106999195494772,0.0094554897622459,0.0063535836247543,-0.4533927125506073,0.0115482191202804,0.0196831392833922,0.1738808402216098,0.0192651493166657,-0.002731651038156,-0.2196759376104184,0.0101352604023136,0.0146996691436698,0.0289798822692282,0.0166727854096484
