feature_0,feature_1,feature_2,feature_3,feature_4,feature_5,feature_6,feature_7,feature_8,feature_9,feature_10,feature_11,feature_12,feature_13,feature_14
-0.0125557914593762,0.0680278884462151,0.022792110727516,-0.0048037684559454,-0.1264571481861419,0.0102272898451351,-0.0045428303558838,-0.1793530479342372,0.0152387180159888,-0.0094123684891881,-0.1297320150904124,0.010121412827884,0.0031673871119972,0.5162748981651033,0.0165987097347541
-0.0048037684559454,-0.1264571481861419,0.0102272898451351,-0.0045428303558838,-0.1793530479342372,0.0152387180159888,-0.0094123684891881,-0.1297320150904124,0.010121412827884,0.0031673871119972,0.5162748981651033,0.0165987097347541,-0.0157866940712892,0.108764233252822,0.0186915700430856
-0.0045428303558838,-0.1793530479342372,0.0152387180159888,-0.0094123684891881,-0.1297320150904124,0.010121412827884,0.0031673871119972,0.5162748981651033,0.0165987097347541,-0.0157866940712892,0.108764233252822,0.0186915700430856,0.0169146802020727,1.5098361748949696,0.0168556185302718
-0.0094123684891881,-0.1297320150904124,0.010121412827884,0.0031673871119972,0.5162748981651033,0.0165987097347541,-0.0157866940712892,0.108764233252822,0.0186915700430856,0.0169146802020727,1.5098361748949696,0.0168556185302718,-0.0129051832039633,-0.2924098839783898,0.0253941269470294
0.0031673871119972,0.5162748981651033,0.0165987097347541,-0.0157866940712892,0.108764233252822,0.0186915700430856,0.0169146802020727,1.5098361748949696,0.0168556185302718,-0.0129051832039633,-0.2924098839783898,0.0253941269470294,0.0206275657293173,-0.3162940896688112,0.0280047530150352
-0.0157866940712892,0.108764233252822,0.0186915700430856,0.0169146802020727,1.5098361748949696,0.0168556185302718,-0.0129051832039633,-0.2924098839783898,0.0253941269470294,0.0206275657293173,-0.3162940896688112,0.0280047530150352,-0.0031311455507334,-0.5198630638547159,0.0197650710319361
0.0169146802020727,1.5098361748949696,0.0168556185302718,-0.0129051832039633,-0.2924098839783898,0.0253941269470294,0.0206275657293173,-0.3162940896688112,0.0280047530150352,-0.0031311455507334,-0.5198630638547159,0.0197650710319361,-0.0199887572495897,0.4639112365119915,0.0305163452157565
