feature_0,feature_1,feature_2,feature_3,feature_4,feature_5,feature_6,feature_7,feature_8,feature_9,feature_10,feature_11,feature_12,feature_13,feature_14
0.0175096779372219,0.3242455168391893,0.0228475328506141,-0.0182513912993587,0.1781900253220301,0.0256069411130532,-0.0180594128598251,-0.1621268046535532,0.0262563925348547,0.0120807612782056,0.997267607204595,0.0293957342395762,-0.0044538803367182,-0.408297735712092,0.0136764826417889
-0.0182513912993587,0.1781900253220301,0.0256069411130532,-0.0180594128598251,-0.1621268046535532,0.0262563925348547,0.0120807612782056,0.997267607204595,0.0293957342395762,-0.0044538803367182,-0.408297735712092,0.0136764826417889,0.0040264178294506,0.0054263200113244,0.0296541612358553
-0.0180594128598251,-0.1621268046535532,0.0262563925348547,0.0120807612782056,0.997267607204595,0.0293957342395762,-0.0044538803367182,-0.408297735712092,0.0136764826417889,0.0040264178294506,0.0054263200113244,0.0296541612358553,0.0089118065215925,2.8394030411113196,0.0232432597392314
0.0120807612782056,0.997267607204595,0.0293957342395762,-0.0044538803367182,-0.408297735712092,0.0136764826417889,0.0040264178294506,0.0054263200113244,0.0296541612358553,0.0089118065215925,2.8394030411113196,0.0232432597392314,-0.0092746700110295,-0.6901845740129569,0.0140996061527536
-0.0044538803367182,-0.408297735712092,0.0136764826417889,0.0040264178294506,0.0054263200113244,0.0296541612358553,0.0089118065215925,2.8394030411113196,0.0232432597392314,-0.0092746700110295,-0.6901845740129569,0.0140996061527536,0.0164050511224747,0.2783082143138957,0.0129870234914435
0.0040264178294506,0.0054263200113244,0.0296541612358553,0.0089118065215925,2.8394030411113196,0.0232432597392314,-0.0092746700110295,-0.6901845740129569,0.0140996061527536,0.0164050511224747,0.2783082143138957,0.0129870234914435,-0.0105263411871221,-0.3851543209876543,0.0220941043530605
0.0089118065215925,2.8394030411113196,0.0232432597392314,-0.0092746700110295,-0.6901845740129569,0.0140996061527536,0.0164050511224747,0.2783082143138957,0.0129870234914435,-0.0105263411871221,-0.3851543209876543,0.0220941043530605,0.0016845079523772,-0.0693740274082626,0.0233144662225698
