feature_0,feature_1,feature_2,feature_3,feature_4,feature_5,feature_6,feature_7,feature_8,feature_9,feature_10,feature_11,feature_12,feature_13,feature_14
0.0009883682478319,-0.2316487859966121,0.0136189657295995,-0.0040265223714124,0.0889215506154694,0.0083531020921577,0.0072467427379319,0.3096001349755357,0.0186196672017868,0.0049228847283797,0.8255604225715021,0.0204097081444746,0.0081393301740211,-0.2530698659139025,0.012040869851996
-0.0040265223714124,0.0889215506154694,0.0083531020921577,0.0072467427379319,0.3096001349755357,0.0186196672017868,0.0049228847283797,0.8255604225715021,0.0204097081444746,0.0081393301740211,-0.2530698659139025,0.012040869851996,0.0008223502253166,0.252739984882842,0.0212012446033284
0.0072467427379319,0.3096001349755357,0.0186196672017868,0.0049228847283797,0.8255604225715021,0.0204097081444746,0.0081393301740211,-0.2530698659139025,0.012040869851996,0.0008223502253166,0.252739984882842,0.0212012446033284,-0.0091874693268652,0.2932347839203559,0.0141259635006275
0.0049228847283797,0.8255604225715021,0.0204097081444746,0.0081393301740211,-0.2530698659139025,0.012040869851996,0.0008223502253166,0.252739984882842,0.0212012446033284,-0.0091874693268652,0.2932347839203559,0.0141259635006275,0.010554209987752,-0.160902781827725,0.030498588588367
0.0081393301740211,-0.2530698659139025,0.012040869851996,0.0008223502253166,0.252739984882842,0.0212012446033284,-0.0091874693268652,0.2932347839203559,0.0141259635006275,0.010554209987752,-0.160902781827725,0.030498588588367,0.0112643770944647,-0.3352793994995829,0.0216771619477958
0.0008223502253166,0.252739984882842,0.0212012446033284,-0.0091874693268652,0.2932347839203559,0.0141259635006275,0.010554209987752,-0.160902781827725,0.030498588588367,0.0112643770944647,-0.3352793994995829,0.0216771619477958,-0.0098848663339703,-0.0223755750731911,0.0119626624561916
-0.0091874693268652,0.2932347839203559,0.0141259635006275,0.010554209987752,-0.160902781827725,0.030498588588367,0.0112643770944647,-0.3352793994995829,0.0216771619477958,-0.0098848663339703,-0.0223755750731911,0.0119626624561916,-0.0079719747285994,-0.2057754010695187,0.0202341109574925
