feature_0,feature_1,feature_2,feature_3,feature_4,feature_5,feature_6,feature_7,feature_8,feature_9,feature_10,feature_11,feature_12,feature_13,feature_14
0.0083746694209438,-0.1614254706980969,0.0321529028496282,-0.0118020081028712,-0.3677240715102631,0.0327777438693577,-0.0435695481088981,0.1922600913937546,0.0450596467872323,0.0662504675880626,0.9873038687267937,0.047929818495428,0.0723267793720623,0.2560470909675345,0.0620360369544234
-0.0118020081028712,-0.3677240715102631,0.0327777438693577,-0.0435695481088981,0.1922600913937546,0.0450596467872323,0.0662504675880626,0.9873038687267937,0.047929818495428,0.0723267793720623,0.2560470909675345,0.0620360369544234,0.0172921990715491,-0.055117480526543,0.0430043318694367
-0.0435695481088981,0.1922600913937546,0.0450596467872323,0.0662504675880626,0.9873038687267937,0.047929818495428,0.0723267793720623,0.2560470909675345,0.0620360369544234,0.0172921990715491,-0.055117480526543,0.0430043318694367,0.0184889722219105,0.2831146847228101,0.0317109481618442
0.0662504675880626,0.9873038687267937,0.047929818495428,0.0723267793720623,0.2560470909675345,0.0620360369544234,0.0172921990715491,-0.055117480526543,0.0430043318694367,0.0184889722219105,0.2831146847228101,0.0317109481618442,0.0226430196780467,-0.3737598944591028,0.0358050869595722
0.0723267793720623,0.2560470909675345,0.0620360369544234,0.0172921990715491,-0.055117480526543,0.0430043318694367,0.0184889722219105,0.2831146847228101,0.0317109481618442,0.0226430196780467,-0.3737598944591028,0.0358050869595722,0.0049628651492192,-0.129558238007963,0.0301690942967636
0.0172921990715491,-0.055117480526543,0.0430043318694367,0.0184889722219105,0.2831146847228101,0.0317109481618442,0.0226430196780467,-0.3737598944591028,0.0358050869595722,0.0049628651492192,-0.129558238007963,0.0301690942967636,-0.0045585667954224,-0.4346184564002032,0.0277966367707706
0.0184889722219105,0.2831146847228101,0.0317109481618442,0.0226430196780467,-0.3737598944591028,0.0358050869595722,0.0049628651492192,-0.129558238007963,0.0301690942967636,-0.0045585667954224,-0.4346184564002032,0.0277966367707706,0.0049608936490137,0.7037798039467489,0.046634600712703
