feature_0,feature_1,feature_2,feature_3,feature_4,feature_5,feature_6,feature_7,feature_8,feature_9,feature_10,feature_11,feature_12,feature_13,feature_14
-0.0189656074219962,0.2774485883583131,0.052175112269733,-0.0248393136980289,0.0213960891314233,0.0341154528947208,0.0060490311097198,-0.3025533714743661,0.0207014264676408,0.0036169705792636,-0.0800510692626875,0.0200095870850884,-0.0035570154124079,-0.1886753174658246,0.0188826203093191
-0.0248393136980289,0.0213960891314233,0.0341154528947208,0.0060490311097198,-0.3025533714743661,0.0207014264676408,0.0036169705792636,-0.0800510692626875,0.0200095870850884,-0.0035570154124079,-0.1886753174658246,0.0188826203093191,0.0034053788821379,0.1100325008552856,0.0158034721753236
0.0060490311097198,-0.3025533714743661,0.0207014264676408,0.0036169705792636,-0.0800510692626875,0.0200095870850884,-0.0035570154124079,-0.1886753174658246,0.0188826203093191,0.0034053788821379,0.1100325008552856,0.0158034721753236,0.0051960843790133,0.5220942327695806,0.0154477197285727
0.0036169705792636,-0.0800510692626875,0.0200095870850884,-0.0035570154124079,-0.1886753174658246,0.0188826203093191,0.0034053788821379,0.1100325008552856,0.0158034721753236,0.0051960843790133,0.5220942327695806,0.0154477197285727,0.0163694391864936,-0.2623452884152978,0.0202275093157272
-0.0035570154124079,-0.1886753174658246,0.0188826203093191,0.0034053788821379,0.1100325008552856,0.0158034721753236,0.0051960843790133,0.5220942327695806,0.0154477197285727,0.0163694391864936,-0.2623452884152978,0.0202275093157272,0.0133793975495251,-0.1426365632720285,0.0181327291768601
0.0034053788821379,0.1100325008552856,0.0158034721753236,0.0051960843790133,0.5220942327695806,0.0154477197285727,0.0163694391864936,-0.2623452884152978,0.0202275093157272,0.0133793975495251,-0.1426365632720285,0.0181327291768601,0.0043634363907116,-0.1540401008524432,0.0137873185024161
0.0051960843790133,0.5220942327695806,0.0154477197285727,0.0163694391864936,-0.2623452884152978,0.0202275093157272,0.0133793975495251,-0.1426365632720285,0.0181327291768601,0.0043634363907116,-0.1540401008524432,0.0137873185024161,-0.0026787144145667,-0.2926010029331062,0.0201127365221597
