feature_0,feature_1,feature_2,feature_3,feature_4,feature_5,feature_6,feature_7,feature_8,feature_9,feature_10,feature_11,feature_12,feature_13,feature_14
0.0019029996676709,-0.3109172226702837,0.0099978325388118,-0.0264804616521381,0.1618360572012258,0.0242278183382303,0.0041316789777865,0.2432001758338371,0.0148856823404087,-0.0451478909384744,0.7977163904235727,0.0375410528360845,-0.0248982894994641,-0.2086952958531388,0.0306097686952426
-0.0264804616521381,0.1618360572012258,0.0242278183382303,0.0041316789777865,0.2432001758338371,0.0148856823404087,-0.0451478909384744,0.7977163904235727,0.0375410528360845,-0.0248982894994641,-0.2086952958531388,0.0306097686952426,0.0127669717209779,-0.1036300554088343,0.0163394257162035
0.0041316789777865,0.2432001758338371,0.0148856823404087,-0.0451478909384744,0.7977163904235727,0.0375410528360845,-0.0248982894994641,-0.2086952958531388,0.0306097686952426,0.0127669717209779,-0.1036300554088343,0.0163394257162035,0.0031516312245656,-0.0480768119793412,0.0138090825874713
-0.0451478909384744,0.7977163904235727,0.0375410528360845,-0.0248982894994641,-0.2086952958531388,0.0306097686952426,0.0127669717209779,-0.1036300554088343,0.0163394257162035,0.0031516312245656,-0.0480768119793412,0.0138090825874713,-0.0001209494015861,-0.2003447103947176,0.0098252976056065
-0.0248982894994641,-0.2086952958531388,0.0306097686952426,0.0127669717209779,-0.1036300554088343,0.0163394257162035,0.0031516312245656,-0.0480768119793412,0.0138090825874713,-0.0001209494015861,-0.2003447103947176,0.0098252976056065,0.0122054481490827,-0.0798245347742934,0.0135085643193544
0.0127669717209779,-0.1036300554088343,0.0163394257162035,0.0031516312245656,-0.0480768119793412,0.0138090825874713,-0.0001209494015861,-0.2003447103947176,0.0098252976056065,0.0122054481490827,-0.0798245347742934,0.0135085643193544,-0.0003581269764497,-0.406809296801544,0.012459577097375
0.0031516312245656,-0.0480768119793412,0.0138090825874713,-0.0001209494015861,-0.2003447103947176,0.0098252976056065,0.0122054481490827,-0.0798245347742934,0.0135085643193544,-0.0003581269764497,-0.406809296801544,0.012459577097375,-0.0015526666897066,0.4034092489085399,0.0094916887452822
