feature_0,feature_1,feature_2,feature_3,feature_4,feature_5,feature_6,feature_7,feature_8,feature_9,feature_10,feature_11,feature_12,feature_13,feature_14
0.0109103007798663,0.2842017055713479,0.0344729617140839,-0.0063628098082174,-0.360163671431404,0.0201094945737109,0.0100105632365443,-0.0013409886128655,0.0189426390996398,0.0139640988030351,0.2621880694865242,0.0258859292677318,0.0370018484330969,0.1500040229936436,0.0379881705895255
-0.0063628098082174,-0.360163671431404,0.0201094945737109,0.0100105632365443,-0.0013409886128655,0.0189426390996398,0.0139640988030351,0.2621880694865242,0.0258859292677318,0.0370018484330969,0.1500040229936436,0.0379881705895255,0.0018317980007132,-0.0742677011101091,0.0281678790266378
0.0100105632365443,-0.0013409886128655,0.0189426390996398,0.0139640988030351,0.2621880694865242,0.0258859292677318,0.0370018484330969,0.1500040229936436,0.0379881705895255,0.0018317980007132,-0.0742677011101091,0.0281678790266378,0.0083803799225476,0.0695820124703461,0.0253433448775458
0.0139640988030351,0.2621880694865242,0.0258859292677318,0.0370018484330969,0.1500040229936436,0.0379881705895255,0.0018317980007132,-0.0742677011101091,0.0281678790266378,0.0083803799225476,0.0695820124703461,0.0253433448775458,0.0298049898913033,0.0053309884312056,0.0305012783661155
0.0370018484330969,0.1500040229936436,0.0379881705895255,0.0018317980007132,-0.0742677011101091,0.0281678790266378,0.0083803799225476,0.0695820124703461,0.0253433448775458,0.0298049898913033,0.0053309884312056,0.0305012783661155,0.0,-0.2422616607118451,0.0156019882801331
0.0018317980007132,-0.0742677011101091,0.0281678790266378,0.0083803799225476,0.0695820124703461,0.0253433448775458,0.0298049898913033,0.0053309884312056,0.0305012783661155,0.0,-0.2422616607118451,0.0156019882801331,-0.0044752092035738,0.0689296223196755,0.0222956292478769
0.0083803799225476,0.0695820124703461,0.0253433448775458,0.0298049898913033,0.0053309884312056,0.0305012783661155,0.0,-0.2422616607118451,0.0156019882801331,-0.0044752092035738,0.0689296223196755,0.0222956292478769,-0.0009948942470121,-0.0638242482970076,0.0255107895010208
