feature_0,feature_1,feature_2,feature_3,feature_4,feature_5,feature_6,feature_7,feature_8,feature_9,feature_10,feature_11,feature_12,feature_13,feature_14
0.0089211382572844,-0.1240051581031257,0.0144020201616958,-0.0184319360265435,0.2770601724187977,0.0236954836501289,-0.0044723057931849,-0.2406809709973634,0.0124436672874117,0.0384578649379032,0.8516948971344758,0.0215624809265136,0.0213854411908198,-0.1540609260144521,0.029393568204732
-0.0184319360265435,0.2770601724187977,0.0236954836501289,-0.0044723057931849,-0.2406809709973634,0.0124436672874117,0.0384578649379032,0.8516948971344758,0.0215624809265136,0.0213854411908198,-0.1540609260144521,0.029393568204732,-0.0050468183754073,-0.1945777573940913,0.0157932996315305
-0.0044723057931849,-0.2406809709973634,0.0124436672874117,0.0384578649379032,0.8516948971344758,0.0215624809265136,0.0213854411908198,-0.1540609260144521,0.029393568204732,-0.0050468183754073,-0.1945777573940913,0.0157932996315305,-0.0085140555797204,0.5574837898390339,0.0263037797401422
0.0384578649379032,0.8516948971344758,0.0215624809265136,0.0213854411908198,-0.1540609260144521,0.029393568204732,-0.0050468183754073,-0.1945777573940913,0.0157932996315305,-0.0085140555797204,0.5574837898390339,0.0263037797401422,0.012759134745593,-0.4173329619199749,0.027131059144724
0.0213854411908198,-0.1540609260144521,0.029393568204732,-0.0050468183754073,-0.1945777573940913,0.0157932996315305,-0.0085140555797204,0.5574837898390339,0.0263037797401422,0.012759134745593,-0.4173329619199749,0.027131059144724,0.0084789827155478,-0.0339845894695953,0.0148850169560461
-0.0050468183754073,-0.1945777573940913,0.0157932996315305,-0.0085140555797204,0.5574837898390339,0.0263037797401422,0.012759134745593,-0.4173329619199749,0.027131059144724,0.0084789827155478,-0.0339845894695953,0.0148850169560461,0.0016101311440148,-0.1761869780389731,0.0116536002324974
-0.0085140555797204,0.5574837898390339,0.0263037797401422,0.012759134745593,-0.4173329619199749,0.027131059144724,0.0084789827155478,-0.0339845894695953,0.0148850169560461,0.0016101311440148,-0.1761869780389731,0.0116536002324974,-0.0067274243005918,-0.0427510078800024,0.0096335658250177
