feature_0,feature_1,feature_2,feature_3,feature_4,feature_5,feature_6,feature_7,feature_8,feature_9,feature_10,feature_11,feature_12,feature_13,feature_14
-0.0028147147060434,-0.2150375178304649,0.0273794049619413,-0.0156530367390826,-0.0423306451612903,0.0214488451857616,-0.0048879563214119,1.0250187366843226,0.0268738039875782,0.2436962647297882,1.1401030469117115,0.0776580142227248,0.025434568008936,-0.5372809702113659,0.0431424491291569
-0.0156530367390826,-0.0423306451612903,0.0214488451857616,-0.0048879563214119,1.0250187366843226,0.0268738039875782,0.2436962647297882,1.1401030469117115,0.0776580142227248,0.025434568008936,-0.5372809702113659,0.0431424491291569,0.0299133554461437,0.2925600191490165,0.0497884389534349
-0.0048879563214119,1.0250187366843226,0.0268738039875782,0.2436962647297882,1.1401030469117115,0.0776580142227248,0.025434568008936,-0.5372809702113659,0.0431424491291569,0.0299133554461437,0.2925600191490165,0.0497884389534349,-0.0567676068836847,0.0857471456062968,0.0653852166607327
0.2436962647297882,1.1401030469117115,0.0776580142227248,0.025434568008936,-0.5372809702113659,0.0431424491291569,0.0299133554461437,0.2925600191490165,0.0497884389534349,-0.0567676068836847,0.0857471456062968,0.0653852166607327,0.0511709658226957,-0.3657633306070338,0.0446009149104615
0.025434568008936,-0.5372809702113659,0.0431424491291569,0.0299133554461437,0.2925600191490165,0.0497884389534349,-0.0567676068836847,0.0857471456062968,0.0653852166607327,0.0511709658226957,-0.3657633306070338,0.0446009149104615,-0.0111391045774323,-0.2408373999210534,0.0369194887692136
0.0299133554461437,0.2925600191490165,0.0497884389534349,-0.0567676068836847,0.0857471456062968,0.0653852166607327,0.0511709658226957,-0.3657633306070338,0.0446009149104615,-0.0111391045774323,-0.2408373999210534,0.0369194887692136,-0.0039667479596988,-0.1794726255409326,0.0221664783644272
-0.0567676068836847,0.0857471456062968,0.0653852166607327,0.0511709658226957,-0.3657633306070338,0.0446009149104615,-0.0111391045774323,-0.2408373999210534,0.0369194887692136,-0.0039667479596988,-0.1794726255409326,0.0221664783644272,-0.0131986874009553,-0.0185940711043338,0.0265282863890961
