feature_0,feature_1,feature_2,feature_3,feature_4,feature_5,feature_6,feature_7,feature_8,feature_9,feature_10,feature_11,feature_12,feature_13,feature_14
-0.0104045664828644,-0.3117690357405741,0.0134669721024257,-0.0317383376799008,0.7056786350903999,0.0300599070557369,-0.002232437285165,-0.321618743343983,0.0163428545886348,0.0607199562128022,1.4544961046963718,0.0596335650423091,-0.0020133840932528,-0.163512576511094,0.0211477900937409
-0.0317383376799008,0.7056786350903999,0.0300599070557369,-0.002232437285165,-0.321618743343983,0.0163428545886348,0.0607199562128022,1.4544961046963718,0.0596335650423091,-0.0020133840932528,-0.163512576511094,0.0211477900937409,0.0102803056731786,-0.2642113462101886,0.0171801600305556
-0.002232437285165,-0.321618743343983,0.0163428545886348,0.0607199562128022,1.4544961046963718,0.0596335650423091,-0.0020133840932528,-0.163512576511094,0.0211477900937409,0.0102803056731786,-0.2642113462101886,0.0171801600305556,0.0075133139587799,0.3318344712383578,0.022467559324127
0.0607199562128022,1.4544961046963718,0.0596335650423091,-0.0020133840932528,-0.163512576511094,0.0211477900937409,0.0102803056731786,-0.2642113462101886,0.0171801600305556,0.0075133139587799,0.3318344712383578,0.022467559324127,0.0004717771698998,-0.428599555182849,0.0174651827865479
-0.0020133840932528,-0.163512576511094,0.0211477900937409,0.0102803056731786,-0.2642113462101886,0.0171801600305556,0.0075133139587799,0.3318344712383578,0.022467559324127,0.0004717771698998,-0.428599555182849,0.0174651827865479,-0.000943330893485,0.1040978062507178,0.0096453583268693
0.0102803056731786,-0.2642113462101886,0.0171801600305556,0.0075133139587799,0.3318344712383578,0.022467559324127,0.0004717771698998,-0.428599555182849,0.0174651827865479,-0.000943330893485,0.1040978062507178,0.0096453583268693,0.0098214713938986,-0.1398122890563595,0.01961527261223
0.0075133139587799,0.3318344712383578,0.022467559324127,0.0004717771698998,-0.428599555182849,0.0174651827865479,-0.000943330893485,0.1040978062507178,0.0096453583268693,0.0098214713938986,-0.1398122890563595,0.01961527261223,0.0015897917280627,-0.0563020693361999,0.0126236111034248
