feature_0,feature_1,feature_2,feature_3,feature_4,feature_5,feature_6,feature_7,feature_8,feature_9,feature_10,feature_11,feature_12,feature_13,feature_14
-0.0041931807871607,0.208966565349544,0.0200843656112386,-0.0256154215035181,0.4663733500942804,0.0279137848426775,-0.000300178076878,-0.4008572653236176,0.020707606539539,0.0377642403898781,0.5458577765059378,0.0387177927248392,0.0066531711486554,-0.2490744168826361,0.0188930219428401
-0.0256154215035181,0.4663733500942804,0.0279137848426775,-0.000300178076878,-0.4008572653236176,0.020707606539539,0.0377642403898781,0.5458577765059378,0.0387177927248392,0.0066531711486554,-0.2490744168826361,0.0188930219428401,0.0412066781714546,1.1089609269074323,0.0350657694900478
-0.000300178076878,-0.4008572653236176,0.020707606539539,0.0377642403898781,0.5458577765059378,0.0387177927248392,0.0066531711486554,-0.2490744168826361,0.0188930219428401,0.0412066781714546,1.1089609269074323,0.0350657694900478,-0.0198153969976522,0.0328462887200466,0.0241222783669604
0.0377642403898781,0.5458577765059378,0.0387177927248392,0.0066531711486554,-0.2490744168826361,0.0188930219428401,0.0412066781714546,1.1089609269074323,0.0350657694900478,-0.0198153969976522,0.0328462887200466,0.0241222783669604,-0.0086160530500257,-0.4418288818469895,0.0151238093712059
0.0066531711486554,-0.2490744168826361,0.0188930219428401,0.0412066781714546,1.1089609269074323,0.0350657694900478,-0.0198153969976522,0.0328462887200466,0.0241222783669604,-0.0086160530500257,-0.4418288818469895,0.0151238093712059,0.0228913956548455,-0.2330697485806975,0.0218068013490653
0.0412066781714546,1.1089609269074323,0.0350657694900478,-0.0198153969976522,0.0328462887200466,0.0241222783669604,-0.0086160530500257,-0.4418288818469895,0.0151238093712059,0.0228913956548455,-0.2330697485806975,0.0218068013490653,-0.0047203006837653,-0.2120290812954395,0.0202832964932276
-0.0198153969976522,0.0328462887200466,0.0241222783669604,-0.0086160530500257,-0.4418288818469895,0.0151238093712059,0.0228913956548455,-0.2330697485806975,0.0218068013490653,-0.0047203006837653,-0.2120290812954395,0.0202832964932276,0.0133349237924458,0.0395906727059218,0.0199417290689754
