feature_0,feature_1,feature_2,feature_3,feature_4,feature_5,feature_6,feature_7,feature_8,feature_9,feature_10,feature_11,feature_12,feature_13,feature_14
0.0007225565697768,0.2563896008787989,0.0086401311158306,0.0019111274691401,-0.2483096292842154,0.0156303536251678,-0.0153024045180296,-0.0793269230769231,0.0180455764561338,-0.0006889177357974,0.0160869199022992,0.0202223364327122,0.0031878659311248,-0.2693136604774535,0.0108296779590394
0.0019111274691401,-0.2483096292842154,0.0156303536251678,-0.0153024045180296,-0.0793269230769231,0.0180455764561338,-0.0006889177357974,0.0160869199022992,0.0202223364327122,0.0031878659311248,-0.2693136604774535,0.0108296779590394,0.0179491378812595,0.8051049347702779,0.0132954078122383
-0.0153024045180296,-0.0793269230769231,0.0180455764561338,-0.0006889177357974,0.0160869199022992,0.0202223364327122,0.0031878659311248,-0.2693136604774535,0.0108296779590394,0.0179491378812595,0.8051049347702779,0.0132954078122383,0.0249303611756546,0.2891528406234289,0.0268015192943943
-0.0006889177357974,0.0160869199022992,0.0202223364327122,0.0031878659311248,-0.2693136604774535,0.0108296779590394,0.0179491378812595,0.8051049347702779,0.0132954078122383,0.0249303611756546,0.2891528406234289,0.0268015192943943,-0.0011112854532159,-0.4253400282747526,0.0081670988229395
0.0031878659311248,-0.2693136604774535,0.0108296779590394,0.0179491378812595,0.8051049347702779,0.0132954078122383,0.0249303611756546,0.2891528406234289,0.0268015192943943,-0.0011112854532159,-0.4253400282747526,0.0081670988229395,0.0112072217284584,-0.096284356973193,0.0139912317687732
0.0179491378812595,0.8051049347702779,0.0132954078122383,0.0249303611756546,0.2891528406234289,0.0268015192943943,-0.0011112854532159,-0.4253400282747526,0.0081670988229395,0.0112072217284584,-0.096284356973193,0.0139912317687732,-0.0050932429899023,-0.1111424012015395,0.01305797212052
0.0249303611756546,0.2891528406234289,0.0268015192943943,-0.0011112854532159,-0.4253400282747526,0.0081670988229395,0.0112072217284584,-0.096284356973193,0.0139912317687732,-0.0050932429899023,-0.1111424012015395,0.01305797212052,-0.0068394588648813,0.2236772626465308,0.0271644424412876
