window_size,overlap_type,aida_count,iforest_count,lof_count,aida_time,iforest_time,lof_time
10,nonoverlap,1,3,3,0.006,0.086452,0.043892
5,overlap,13,28,28,0.172,0.098617,0.055726
3,nonoverlap,4,10,10,0.024,0.081291,0.014556
10,overlap,13,27,27,0.214,0.101375,0.038187
3,overlap,18,28,28,0.158,0.088819,0.014019
5,nonoverlap,5,6,6,0.012,0.087987,0.035061
