window_size,overlap_type,aida_count,iforest_count,lof_count,aida_time,iforest_time,lof_time
10,nonoverlap,1,3,3,0.005,0.108578,0.026667
5,overlap,14,28,28,0.158,0.09461,0.045889
3,nonoverlap,4,10,10,0.023,0.080744,0.014471
10,overlap,12,27,27,0.184,0.083009,0.034828
3,overlap,16,28,28,0.16,0.089081,0.015824
5,nonoverlap,5,6,6,0.012,0.072734,0.044587
