window_size,overlap_type,aida_count,iforest_count,lof_count,aida_time,iforest_time,lof_time
10,nonoverlap,1,3,3,0.005,0.083088,0.037908
5,overlap,16,28,28,0.146,0.09717,0.041909
3,nonoverlap,4,10,10,0.024,0.086116,0.014585
10,overlap,13,27,27,0.171,0.094327,0.046129
3,overlap,13,28,28,0.151,0.096562,0.015993
5,nonoverlap,4,6,6,0.012,0.084702,0.024883
