window_size,overlap_type,aida_count,iforest_count,lof_count,aida_time,iforest_time,lof_time
10,nonoverlap,1,3,3,0.007,0.094642,0.034762
5,overlap,15,28,28,0.153,0.094464,0.033917
3,nonoverlap,5,10,10,0.024,0.088855,0.013668
10,overlap,12,27,27,0.188,0.097574,0.056182
3,overlap,13,28,28,0.182,0.109622,0.016644
5,nonoverlap,3,6,6,0.011,0.080168,0.034155
