window_size,overlap_type,aida_count,iforest_count,lof_count,aida_time,iforest_time,lof_time
10,nonoverlap,1,3,3,0.006,0.083103,0.029667
5,overlap,17,28,28,0.17,0.091801,0.047995
3,nonoverlap,5,10,10,0.024,0.090042,0.014599
10,overlap,17,27,27,0.184,0.093312,0.063477
3,overlap,16,28,28,0.153,0.101189,0.015615
5,nonoverlap,4,6,6,0.012,0.09127,0.02494
