window_size,overlap_type,aida_count,iforest_count,lof_count,aida_time,iforest_time,lof_time
10,nonoverlap,1,3,3,0.006,0.090022,0.024353
5,overlap,14,28,28,0.166,0.095658,0.033122
3,nonoverlap,5,10,10,0.023,0.090056,0.014656
10,overlap,11,27,27,0.184,0.09347,0.07046
3,overlap,17,28,28,0.16,0.102239,0.015719
5,nonoverlap,3,6,6,0.012,0.083838,0.023952
