window_size,overlap_type,aida_count,iforest_count,lof_count,aida_time,iforest_time,lof_time
10,nonoverlap,1,3,3,0.006,0.086656,0.047755
5,overlap,13,28,28,0.158,0.096322,0.042075
3,nonoverlap,4,10,10,0.024,0.090708,0.014552
10,overlap,12,27,27,0.168,0.098832,0.036332
3,overlap,13,28,28,0.16,0.10444,0.015799
5,nonoverlap,3,6,6,0.013,0.088973,0.026273
