window_size,overlap_type,aida_count,iforest_count,lof_count,aida_time,iforest_time,lof_time
10,nonoverlap,1,3,3,0.006,0.087713,0.030174
5,overlap,13,28,28,0.178,0.108243,0.062197
3,nonoverlap,3,10,10,0.024,0.083529,0.013139
10,overlap,15,27,27,0.178,0.098844,0.040554
3,overlap,19,28,28,0.15,0.108933,0.014964
5,nonoverlap,4,6,6,0.013,0.087229,0.034835
