window_size,overlap_type,aida_count,iforest_count,lof_count,aida_time,iforest_time,lof_time
10,nonoverlap,1,3,3,0.006,0.091204,0.072548
5,overlap,13,28,28,0.17,0.101021,0.038466
3,nonoverlap,4,10,10,0.026,0.096332,0.014891
10,overlap,13,27,27,0.184,0.097402,0.039998
3,overlap,15,28,28,0.167,0.103152,0.01573
5,nonoverlap,3,6,6,0.011,0.082973,0.044801
