window_size,overlap_type,aida_count,iforest_count,lof_count,aida_time,iforest_time,lof_time
10,nonoverlap,1,3,3,0.006,0.089813,0.03189
5,overlap,13,28,28,0.154,0.099189,0.027892
3,nonoverlap,4,10,10,0.024,0.085433,0.014536
10,overlap,11,27,27,0.216,0.112197,0.042017
3,overlap,18,28,28,0.167,0.098625,0.014689
5,nonoverlap,3,6,6,0.011,0.096373,0.034688
