window_size,overlap_type,aida_count,iforest_count,lof_count,aida_time,iforest_time,lof_time
10,nonoverlap,1,3,3,0.005,0.092155,0.042922
5,overlap,11,28,28,0.159,0.099966,0.056802
3,nonoverlap,4,10,10,0.025,0.08279,0.014641
10,overlap,15,27,27,0.192,0.092756,0.036567
3,overlap,19,28,28,0.141,0.09718,0.015071
5,nonoverlap,3,6,6,0.012,0.086064,0.027456
