feature_0,feature_1,feature_2,feature_3,feature_4,feature_5,feature_6,feature_7,feature_8,feature_9,feature_10,feature_11,feature_12,feature_13,feature_14
0.0017673216408276,-0.3996613039796782,0.0139709645991205,0.0055300240735447,-0.3377997179125529,0.0073432985476679,0.0025421955331417,0.3365282215122471,0.0095544489818168,-0.0217499651227678,0.451792828685259,0.0178342710284388,0.0122156765888659,-0.3836443468715697,0.0138400243352812
0.0055300240735447,-0.3377997179125529,0.0073432985476679,0.0025421955331417,0.3365282215122471,0.0095544489818168,-0.0217499651227678,0.451792828685259,0.0178342710284388,0.0122156765888659,-0.3836443468715697,0.0138400243352812,-0.0009450172880398,0.441674087266251,0.0179633262671841
0.0025421955331417,0.3365282215122471,0.0095544489818168,-0.0217499651227678,0.451792828685259,0.0178342710284388,0.0122156765888659,-0.3836443468715697,0.0138400243352812,-0.0009450172880398,0.441674087266251,0.0179633262671841,0.0009675934633763,-0.0259419394688078,0.0239541357689096
-0.0217499651227678,0.451792828685259,0.0178342710284388,0.0122156765888659,-0.3836443468715697,0.0138400243352812,-0.0009450172880398,0.441674087266251,0.0179633262671841,0.0009675934633763,-0.0259419394688078,0.0239541357689096,0.0066218459454423,-0.0894102726696258,0.0143689602881251
0.0122156765888659,-0.3836443468715697,0.0138400243352812,-0.0009450172880398,0.441674087266251,0.0179633262671841,0.0009675934633763,-0.0259419394688078,0.0239541357689096,0.0066218459454423,-0.0894102726696258,0.0143689602881251,-0.0052669497003723,0.3697771587743732,0.0192580957629704
-0.0009450172880398,0.441674087266251,0.0179633262671841,0.0009675934633763,-0.0259419394688078,0.0239541357689096,0.0066218459454423,-0.0894102726696258,0.0143689602881251,-0.0052669497003723,0.3697771587743732,0.0192580957629704,-0.0041746825854451,-0.2277580071174377,0.0114177171711816
0.0009675934633763,-0.0259419394688078,0.0239541357689096,0.0066218459454423,-0.0894102726696258,0.0143689602881251,-0.0052669497003723,0.3697771587743732,0.0192580957629704,-0.0041746825854451,-0.2277580071174377,0.0114177171711816,0.0130249722496218,-0.2712310730743911,0.018351413892663
