feature_0,feature_1,feature_2,feature_3,feature_4,feature_5,feature_6,feature_7,feature_8,feature_9,feature_10,feature_11,feature_12,feature_13,feature_14
-0.016044955255189,0.1758892617449665,0.0306447131846086,0.008297250074958,-0.2117679513338946,0.0122085254851223,0.0080576849884734,0.2413456026550007,0.0166313542265368,-0.0028344598772956,0.1369080603921797,0.0121336716024262,-0.0215463685783519,-0.0183849465767657,0.0199662848164695
0.008297250074958,-0.2117679513338946,0.0122085254851223,0.0080576849884734,0.2413456026550007,0.0166313542265368,-0.0028344598772956,0.1369080603921797,0.0121336716024262,-0.0215463685783519,-0.0183849465767657,0.0199662848164695,0.0022659548852541,0.6394177370669942,0.0213644656812332
0.0080576849884734,0.2413456026550007,0.0166313542265368,-0.0028344598772956,0.1369080603921797,0.0121336716024262,-0.0215463685783519,-0.0183849465767657,0.0199662848164695,0.0022659548852541,0.6394177370669942,0.0213644656812332,0.0038841300743175,-0.2704595511558521,0.0196891507658545
-0.0028344598772956,0.1369080603921797,0.0121336716024262,-0.0215463685783519,-0.0183849465767657,0.0199662848164695,0.0022659548852541,0.6394177370669942,0.0213644656812332,0.0038841300743175,-0.2704595511558521,0.0196891507658545,0.0035802097394843,-0.0211041148471726,0.0114026803236187
-0.0215463685783519,-0.0183849465767657,0.0199662848164695,0.0022659548852541,0.6394177370669942,0.0213644656812332,0.0038841300743175,-0.2704595511558521,0.0196891507658545,0.0035802097394843,-0.0211041148471726,0.0114026803236187,0.009321758996029,-0.1789870384975966,0.0156384829255608
0.0022659548852541,0.6394177370669942,0.0213644656812332,0.0038841300743175,-0.2704595511558521,0.0196891507658545,0.0035802097394843,-0.0211041148471726,0.0114026803236187,0.009321758996029,-0.1789870384975966,0.0156384829255608,0.0075251473388799,0.0535831615198132,0.0079658258690434
0.0038841300743175,-0.2704595511558521,0.0196891507658545,0.0035802097394843,-0.0211041148471726,0.0114026803236187,0.009321758996029,-0.1789870384975966,0.0156384829255608,0.0075251473388799,0.0535831615198132,0.0079658258690434,-0.0128444642509668,-0.1543847576448325,0.0204818818297415
