feature_0,feature_1,feature_2,feature_3,feature_4,feature_5,feature_6,feature_7,feature_8,feature_9,feature_10,feature_11,feature_12,feature_13,feature_14
0.0068999667512892,0.7119094766619518,0.023000414910639,-0.0012617415431721,-0.4135104765681803,0.0074239514044346,0.0005325863553988,0.3994703031669109,0.026324135743736,0.0045429452714926,-0.0416750553654117,0.0168559114855194,0.0043497232179805,-0.1654201680672269,0.0172185001240979
-0.0012617415431721,-0.4135104765681803,0.0074239514044346,0.0005325863553988,0.3994703031669109,0.026324135743736,0.0045429452714926,-0.0416750553654117,0.0168559114855194,0.0043497232179805,-0.1654201680672269,0.0172185001240979,0.0064780812852629,1.251472587222474,0.0186290800659971
0.0005325863553988,0.3994703031669109,0.026324135743736,0.0045429452714926,-0.0416750553654117,0.0168559114855194,0.0043497232179805,-0.1654201680672269,0.0172185001240979,0.0064780812852629,1.251472587222474,0.0186290800659971,0.0133115278484554,-0.4326602714608349,0.0241661933987478
0.0045429452714926,-0.0416750553654117,0.0168559114855194,0.0043497232179805,-0.1654201680672269,0.0172185001240979,0.0064780812852629,1.251472587222474,0.0186290800659971,0.0133115278484554,-0.4326602714608349,0.0241661933987478,0.0015999838282632,-0.3109333123127857,0.0123104932384027
0.0043497232179805,-0.1654201680672269,0.0172185001240979,0.0064780812852629,1.251472587222474,0.0186290800659971,0.0133115278484554,-0.4326602714608349,0.0241661933987478,0.0015999838282632,-0.3109333123127857,0.0123104932384027,-0.0009968180342672,0.2406337585082651,0.0254764037257409
0.0064780812852629,1.251472587222474,0.0186290800659971,0.0133115278484554,-0.4326602714608349,0.0241661933987478,0.0015999838282632,-0.3109333123127857,0.0123104932384027,-0.0009968180342672,0.2406337585082651,0.0254764037257409,0.0066484716205501,-0.0276625172890733,0.0181395943306008
0.0133115278484554,-0.4326602714608349,0.0241661933987478,0.0015999838282632,-0.3109333123127857,0.0123104932384027,-0.0009968180342672,0.2406337585082651,0.0254764037257409,0.0066484716205501,-0.0276625172890733,0.0181395943306008,0.0151680562801708,0.170602181128497,0.0236556164943751
