feature_0,feature_1,feature_2,feature_3,feature_4,feature_5,feature_6,feature_7,feature_8,feature_9,feature_10,feature_11,feature_12,feature_13,feature_14
-0.0042753975151936,0.1656281626416367,0.0277765233117224,0.0267078059461562,0.0225061500353254,0.0290585860288782,0.0035549058552637,-0.152884959583094,0.0126779316403416,-0.0115853377179969,-0.0933194441714656,0.0129828873506478,-0.0154102114967797,0.1635559602002991,0.0151062375682287
0.0267078059461562,0.0225061500353254,0.0290585860288782,0.0035549058552637,-0.152884959583094,0.0126779316403416,-0.0115853377179969,-0.0933194441714656,0.0129828873506478,-0.0154102114967797,0.1635559602002991,0.0151062375682287,-0.0004710576302907,0.5761047768090022,0.0322580731808125
0.0035549058552637,-0.152884959583094,0.0126779316403416,-0.0115853377179969,-0.0933194441714656,0.0129828873506478,-0.0154102114967797,0.1635559602002991,0.0151062375682287,-0.0004710576302907,0.5761047768090022,0.0322580731808125,0.022834852936217,-0.3333609144316126,0.0242610970999175
-0.0115853377179969,-0.0933194441714656,0.0129828873506478,-0.0154102114967797,0.1635559602002991,0.0151062375682287,-0.0004710576302907,0.5761047768090022,0.0322580731808125,0.022834852936217,-0.3333609144316126,0.0242610970999175,-0.0010471137691933,-0.3715357199851056,0.0119603650037168
-0.0154102114967797,0.1635559602002991,0.0151062375682287,-0.0004710576302907,0.5761047768090022,0.0322580731808125,0.022834852936217,-0.3333609144316126,0.0242610970999175,-0.0010471137691933,-0.3715357199851056,0.0119603650037168,0.0378834272607515,1.21345239606698,0.0263271892251904
-0.0004710576302907,0.5761047768090022,0.0322580731808125,0.022834852936217,-0.3333609144316126,0.0242610970999175,-0.0010471137691933,-0.3715357199851056,0.0119603650037168,0.0378834272607515,1.21345239606698,0.0263271892251904,-0.0026259096225051,-0.3201427615436092,0.0243027813151286
0.022834852936217,-0.3333609144316126,0.0242610970999175,-0.0010471137691933,-0.3715357199851056,0.0119603650037168,0.0378834272607515,1.21345239606698,0.0263271892251904,-0.0026259096225051,-0.3201427615436092,0.0243027813151286,-0.0016202752259546,-0.1206115886869216,0.0178305281737997
