index,subsequence_idx,score
47,47,4.23304
75,75,2.81329
84,84,2.77727
92,92,2.84097
97,97,2.68002
143,143,2.56223
179,179,3.16323
