index,subsequence_idx,score
47,47,4.14392
75,75,2.74668
84,84,2.76997
92,92,2.77786
96,96,2.43798
97,97,2.5298
179,179,3.1579
