index,subsequence_idx,score
47,47,4.09129
75,75,2.67881
84,84,2.85816
92,92,2.82168
97,97,2.72345
179,179,3.22972
