index,subsequence_idx,score
47,47,4.15572
75,75,2.67626
84,84,2.82904
92,92,2.85038
97,97,2.6422
143,143,2.45997
179,179,3.21315
