index,subsequence_idx,score
47,47,4.20237
75,75,2.74079
84,84,2.72545
92,92,2.8783
97,97,2.51389
143,143,2.40553
179,179,3.17642
