index,subsequence_idx,score
16,16,2.39998
47,47,3.11431
96,96,3.08756
104,104,2.84439
109,109,2.69509
133,133,2.30127
140,140,2.65132
156,156,2.98015
179,179,2.2717
