feature_0,feature_1,feature_2,feature_3,feature_4,feature_5,feature_6,feature_7,feature_8,feature_9,feature_10,feature_11,feature_12,feature_13,feature_14
-0.0304098852036621,0.0055820912700697,0.0334805471644702,-0.0465341227959505,0.1118118347258785,0.0556848801021661,0.0128121956910745,0.0952449582556953,0.0577553400663764,-0.00835499516607,-0.2183455367465293,0.0374604936186638,0.0233179455275855,-0.1684683926359712,0.0280257204371232
-0.0465341227959505,0.1118118347258785,0.0556848801021661,0.0128121956910745,0.0952449582556953,0.0577553400663764,-0.00835499516607,-0.2183455367465293,0.0374604936186638,0.0233179455275855,-0.1684683926359712,0.0280257204371232,-0.0447034309146714,0.0754435944527194,0.0624620164353232
0.0128121956910745,0.0952449582556953,0.0577553400663764,-0.00835499516607,-0.2183455367465293,0.0374604936186638,0.0233179455275855,-0.1684683926359712,0.0280257204371232,-0.0447034309146714,0.0754435944527194,0.0624620164353232,0.0078902789109311,0.7269927925989672,0.0332068678500221
-0.00835499516607,-0.2183455367465293,0.0374604936186638,0.0233179455275855,-0.1684683926359712,0.0280257204371232,-0.0447034309146714,0.0754435944527194,0.0624620164353232,0.0078902789109311,0.7269927925989672,0.0332068678500221,-0.0243284875609025,-0.370738050189593,0.0371748901685408
0.0233179455275855,-0.1684683926359712,0.0280257204371232,-0.0447034309146714,0.0754435944527194,0.0624620164353232,0.0078902789109311,0.7269927925989672,0.0332068678500221,-0.0243284875609025,-0.370738050189593,0.0371748901685408,-0.0280830011936518,0.6298225642802346,0.0406461051375461
-0.0447034309146714,0.0754435944527194,0.0624620164353232,0.0078902789109311,0.7269927925989672,0.0332068678500221,-0.0243284875609025,-0.370738050189593,0.0371748901685408,-0.0280830011936518,0.6298225642802346,0.0406461051375461,0.0259732189440549,-0.4578610526955109,0.0346386649837466
0.0078902789109311,0.7269927925989672,0.0332068678500221,-0.0243284875609025,-0.370738050189593,0.0371748901685408,-0.0280830011936518,0.6298225642802346,0.0406461051375461,0.0259732189440549,-0.4578610526955109,0.0346386649837466,-0.0657340813327042,0.7254166083181628,0.0496227085192105
-0.0243284875609025,-0.370738050189593,0.0371748901685408,-0.0280830011936518,0.6298225642802346,0.0406461051375461,0.0259732189440549,-0.4578610526955109,0.0346386649837466,-0.0657340813327042,0.7254166083181628,0.0496227085192105,0.0279581279421285,0.0264016491900138,0.0537373449665929
