{
  "aida": 0.141,
  "iforest": 0.09738588333129883,
  "lof": 0.014699935913085938
}