{
  "aida": 0.189,
  "iforest": 0.10009908676147461,
  "lof": 0.03935885429382324
}