{
  "aida": 0.134,
  "iforest": 0.06987786293029785,
  "lof": 0.034089088439941406
}