{
  "aida": 0.171,
  "iforest": 0.09231376647949219,
  "lof": 0.04974699020385742
}