{
  "aida": 0.123,
  "iforest": 0.06726408004760742,
  "lof": 0.02161884307861328
}