{
  "aida": 0.125,
  "iforest": 0.06723189353942871,
  "lof": 0.036650896072387695
}