feature_0,feature_1,feature_2,feature_3,feature_4,feature_5,feature_6,feature_7,feature_8
-0.0242806310373425,0.0044085231447466,0.0270831889184729,-0.0071730235813433,-0.0592538405267007,0.0177082116148632,0.0118744906919057,1.0902021772939348,0.0212403933437761
-0.0034547699335137,-0.3489583333333333,0.0165431355920302,0.012722724867912,-0.6714285714285715,0.0105793318153984,-0.0128613485448207,0.4069565217391304,0.0143858800682601
0.0001141896451986,-0.0284301606922126,0.0127726321400082,-0.0172475966426655,0.4312977099236641,0.0173841261039232,0.0051134721183803,-0.0702222222222221,0.0155110521254933
