feature_0,feature_1,feature_2,feature_3,feature_4,feature_5,feature_6,feature_7,feature_8
-0.0140804314825708,0.0383867832847424,0.0290253148066611,0.0084066226384387,-0.2744501637810014,0.0218813457679442,0.0322196794180795,1.2402450822315385,0.0346031552269345
0.0084066226384387,-0.2744501637810014,0.0218813457679442,0.0322196794180795,1.2402450822315385,0.0346031552269345,-0.0117558669898376,-0.0751403483518065,0.0318856385257788
0.0322196794180795,1.2402450822315385,0.0346031552269345,-0.0117558669898376,-0.0751403483518065,0.0318856385257788,-0.008109324799094,0.1592217898832684,0.023394987385592
-0.0117558669898376,-0.0751403483518065,0.0318856385257788,-0.008109324799094,0.1592217898832684,0.023394987385592,0.0056943168766232,-0.3498925886143931,0.0148700143695802
-0.008109324799094,0.1592217898832684,0.023394987385592,0.0056943168766232,-0.3498925886143931,0.0148700143695802,0.003352937019923,-0.1790582403965304,0.0226160636432255
0.0056943168766232,-0.3498925886143931,0.0148700143695802,0.003352937019923,-0.1790582403965304,0.0226160636432255,0.0376418725785332,0.499622641509434,0.0362715446149167
0.003352937019923,-0.1790582403965304,0.0226160636432255,0.0376418725785332,0.499622641509434,0.0362715446149167,-0.0239108746567073,-0.23704076497232,0.0447621567200224
0.0376418725785332,0.499622641509434,0.0362715446149167,-0.0239108746567073,-0.23704076497232,0.0447621567200224,-0.0057583205689927,0.004617414248021,0.0286984398251488
