feature_0,feature_1,feature_2,feature_3,feature_4,feature_5,feature_6,feature_7,feature_8
0.0014517683326742,-0.1027397260273972,0.0157711108610253,0.0155678968810655,0.1192227619708534,0.0247757237654624,-0.0024046388647516,0.1894841269841269,0.0159498126648762
0.0155678968810655,0.1192227619708534,0.0247757237654624,-0.0024046388647516,0.1894841269841269,0.0159498126648762,-0.0167826163967227,-0.0404503753127606,0.0313228560903868
-0.0024046388647516,0.1894841269841269,0.0159498126648762,-0.0167826163967227,-0.0404503753127606,0.0313228560903868,0.0025373807053683,0.6717731421121251,0.0201550860737645
-0.0167826163967227,-0.0404503753127606,0.0313228560903868,0.0025373807053683,0.6717731421121251,0.0201550860737645,0.0072858134325592,-0.6715409111587705,0.0104973598470638
0.0025373807053683,0.6717731421121251,0.0201550860737645,0.0072858134325592,-0.6715409111587705,0.0104973598470638,0.0127149756455733,0.0702413929560743,0.0151560562690204
0.0072858134325592,-0.6715409111587705,0.0104973598470638,0.0127149756455733,0.0702413929560743,0.0151560562690204,0.0170666032919866,0.1284895544462931,0.0200467526804364
0.0127149756455733,0.0702413929560743,0.0151560562690204,0.0170666032919866,0.1284895544462931,0.0200467526804364,7.370555475172402e-05,0.0982961992136304,0.0094963580521049
0.0170666032919866,0.1284895544462931,0.0200467526804364,7.370555475172402e-05,0.0982961992136304,0.0094963580521049,-0.0086480134622515,-0.4740453460620525,0.01301133290028
