feature_0,feature_1,feature_2,feature_3,feature_4,feature_5,feature_6,feature_7,feature_8
-0.0193327588916489,-0.2474989102724979,0.0174957717305817,0.0199464558145114,0.2852679323709486,0.0277939231192308,0.0066708374081581,-0.1594620137337273,0.0117914669863001
0.0199464558145114,0.2852679323709486,0.0277939231192308,0.0066708374081581,-0.1594620137337273,0.0117914669863001,0.0124037294499819,0.4202829790137981,0.0173400438455641
0.0066708374081581,-0.1594620137337273,0.0117914669863001,0.0124037294499819,0.4202829790137981,0.0173400438455641,-0.0242237864674388,0.6500212786403636,0.0231742318616513
0.0124037294499819,0.4202829790137981,0.0173400438455641,-0.0242237864674388,0.6500212786403636,0.0231742318616513,0.0003439832543492,-0.5666576533477546,0.0138283433497227
-0.0242237864674388,0.6500212786403636,0.0231742318616513,0.0003439832543492,-0.5666576533477546,0.0138283433497227,0.0081384582973209,-0.1398304677975212,0.014810926706723
0.0003439832543492,-0.5666576533477546,0.0138283433497227,0.0081384582973209,-0.1398304677975212,0.014810926706723,0.0127913591703936,0.1140698414115599,0.0222743896200392
0.0081384582973209,-0.1398304677975212,0.014810926706723,0.0127913591703936,0.1140698414115599,0.0222743896200392,0.0,0.0960724207939307,0.0183553431630258
0.0127913591703936,0.1140698414115599,0.0222743896200392,0.0,0.0960724207939307,0.0183553431630258,0.0040415450203241,-0.1480671331909591,0.0142008175775724
