feature_0,feature_1,feature_2,feature_3,feature_4,feature_5,feature_6,feature_7,feature_8
0.010188166847187,-0.1546463939181754,0.0141991289147054,-0.0041026107972998,0.4965092888415572,0.0119191993208006,-0.0024888785539908,-0.1688938088084131,0.0123478139653036
-0.0041026107972998,0.4965092888415572,0.0119191993208006,-0.0024888785539908,-0.1688938088084131,0.0123478139653036,-0.0114427090970795,0.2266197317096374,0.0199092427132851
-0.0024888785539908,-0.1688938088084131,0.0123478139653036,-0.0114427090970795,0.2266197317096374,0.0199092427132851,-0.0030461091445972,1.1967734429535408,0.0184501711452436
-0.0114427090970795,0.2266197317096374,0.0199092427132851,-0.0030461091445972,1.1967734429535408,0.0184501711452436,0.0075075728177613,-0.6958655509656463,0.0187226538277464
-0.0030461091445972,1.1967734429535408,0.0184501711452436,0.0075075728177613,-0.6958655509656463,0.0187226538277464,0.0032059484532449,-0.0645460877641049,0.0117055272061702
0.0075075728177613,-0.6958655509656463,0.0187226538277464,0.0032059484532449,-0.0645460877641049,0.0117055272061702,0.0062186601962173,0.2151898734177215,0.0110185373896259
0.0032059484532449,-0.0645460877641049,0.0117055272061702,0.0062186601962173,0.2151898734177215,0.0110185373896259,0.0028326630013255,-0.5161356209150327,0.0093023414750121
0.0062186601962173,0.2151898734177215,0.0110185373896259,0.0028326630013255,-0.5161356209150327,0.0093023414750121,-0.0022254504495157,0.1361333896158716,0.0134090187131989
