feature_0,feature_1,feature_2,feature_3,feature_4,feature_5,feature_6,feature_7,feature_8
-0.006238033245251,0.052367288378766,0.0180049987476001,-0.0002516173434713,-0.1417859577368779,0.0127716291865613,0.0097172358887061,0.3669579030976966,0.0206963091361376
-0.0002516173434713,-0.1417859577368779,0.0127716291865613,0.0097172358887061,0.3669579030976966,0.0206963091361376,0.009646401355132,-0.3666472980825102,0.0128562205973047
0.0097172358887061,0.3669579030976966,0.0206963091361376,0.009646401355132,-0.3666472980825102,0.0128562205973047,0.0016960471799811,1.668807339449541,0.0100487336783734
0.009646401355132,-0.3666472980825102,0.0128562205973047,0.0016960471799811,1.668807339449541,0.0100487336783734,-0.0071567686072702,-0.5531110347198349,0.0169669541153626
0.0016960471799811,1.668807339449541,0.0100487336783734,-0.0071567686072702,-0.5531110347198349,0.0169669541153626,0.0167119889554812,-0.0646153846153846,0.0097414835706816
-0.0071567686072702,-0.5531110347198349,0.0169669541153626,0.0167119889554812,-0.0646153846153846,0.0097414835706816,0.0106442124272121,0.816611842105263,0.0118709727147555
0.0167119889554812,-0.0646153846153846,0.0097414835706816,0.0106442124272121,0.816611842105263,0.0118709727147555,0.0072222390733474,-0.4409234947940245,0.0240431570706183
0.0106442124272121,0.816611842105263,0.0118709727147555,0.0072222390733474,-0.4409234947940245,0.0240431570706183,0.0090082752601978,-0.1740890688259109,0.0239288164806416
