feature_0,feature_1,feature_2,feature_3,feature_4,feature_5,feature_6,feature_7,feature_8
0.0101117293692181,0.14373232799246,0.0199693253798553,-0.0065220406401799,-0.0310789334275118,0.0214340697356088,-0.0030533724164373,-0.2185772431808517,0.0148170870644731
-0.0065220406401799,-0.0310789334275118,0.0214340697356088,-0.0030533724164373,-0.2185772431808517,0.0148170870644731,-0.0096478648585144,0.3349140946901967,0.0152766282810408
-0.0030533724164373,-0.2185772431808517,0.0148170870644731,-0.0096478648585144,0.3349140946901967,0.0152766282810408,-0.0091231973783155,1.022712713295673,0.0195183045426661
-0.0096478648585144,0.3349140946901967,0.0152766282810408,-0.0091231973783155,1.022712713295673,0.0195183045426661,0.0109238015970665,-0.3918576528849475,0.0137813466152685
-0.0091231973783155,1.022712713295673,0.0195183045426661,0.0109238015970665,-0.3918576528849475,0.0137813466152685,-0.002469823591785,-0.2223747751159928,0.0201499684968674
0.0109238015970665,-0.3918576528849475,0.0137813466152685,-0.002469823591785,-0.2223747751159928,0.0201499684968674,0.009749270385152,-0.27220700152207,0.0184811687014483
-0.002469823591785,-0.2223747751159928,0.0201499684968674,0.009749270385152,-0.27220700152207,0.0184811687014483,0.0042912653884361,0.0626568512631755,0.0142747549254679
0.009749270385152,-0.27220700152207,0.0184811687014483,0.0042912653884361,0.0626568512631755,0.0142747549254679,0.0105293938008144,0.2830040147996535,0.0134516188847927
