feature_0,feature_1,feature_2,feature_3,feature_4,feature_5,feature_6,feature_7,feature_8
0.0039935902108783,-0.2870169471647217,0.0056364393561437,0.0005435349723172,0.0760784636262696,0.0076713834612553,0.007778146602378,0.369893377154431,0.0120005101491053
0.0005435349723172,0.0760784636262696,0.0076713834612553,0.007778146602378,0.369893377154431,0.0120005101491053,-0.0034302645719134,0.0418735702728338,0.0142311456500496
0.007778146602378,0.369893377154431,0.0120005101491053,-0.0034302645719134,0.0418735702728338,0.0142311456500496,0.0034420717888246,1.0212600744370364,0.0148074321865295
-0.0034302645719134,0.0418735702728338,0.0142311456500496,0.0034420717888246,1.0212600744370364,0.0148074321865295,0.0006860529143826,-0.4998277871979653,0.0113300642943734
0.0034420717888246,1.0212600744370364,0.0148074321865295,0.0006860529143826,-0.4998277871979653,0.0113300642943734,0.0082025564346537,-0.2595280345366422,0.0100468184476663
0.0006860529143826,-0.4998277871979653,0.0113300642943734,0.0082025564346537,-0.2595280345366422,0.0100468184476663,0.0105643469078346,0.0490378424780026,0.0115660549309008
0.0082025564346537,-0.2595280345366422,0.0100468184476663,0.0105643469078346,0.0490378424780026,0.0115660549309008,-0.0055994488339352,0.1598076988646051,0.0104470912544273
0.0105643469078346,0.0490378424780026,0.0115660549309008,-0.0055994488339352,0.1598076988646051,0.0104470912544273,-0.0052684824839588,-0.1181796801505173,0.0071706666280931
