feature_0,feature_1,feature_2,feature_3,feature_4,feature_5,feature_6,feature_7,feature_8
0.0142197727686375,-0.3338596637025957,0.0167081846685101,-0.0031545807742586,0.1329895621075394,0.0130696166094427,-0.0031644932424678,-0.0006239677004955,0.0177304959742093
-0.0031545807742586,0.1329895621075394,0.0130696166094427,-0.0031644932424678,-0.0006239677004955,0.0177304959742093,-0.0158730483838229,0.5944615836638754,0.0194454086884158
-0.0031644932424678,-0.0006239677004955,0.0177304959742093,-0.0158730483838229,0.5944615836638754,0.0194454086884158,0.0060930830352829,1.6944534021283455,0.0191060090489736
-0.0158730483838229,0.5944615836638754,0.0194454086884158,0.0060930830352829,1.6944534021283455,0.0191060090489736,0.0053438664196032,-0.5951853783222343,0.0096532164602076
0.0060930830352829,1.6944534021283455,0.0191060090489736,0.0053438664196032,-0.5951853783222343,0.0096532164602076,0.0226789042327932,0.0348228238374794,0.0266808958988002
0.0053438664196032,-0.5951853783222343,0.0096532164602076,0.0226789042327932,0.0348228238374794,0.0266808958988002,-0.0006929559309029,0.1990490378140113,0.023693323336257
0.0226789042327932,0.0348228238374794,0.0266808958988002,-0.0006929559309029,0.1990490378140113,0.023693323336257,0.0038141781927565,-0.1885902956243511,0.0125698539812707
-0.0006929559309029,0.1990490378140113,0.023693323336257,0.0038141781927565,-0.1885902956243511,0.0125698539812707,0.0013816723858834,-0.0181223256984646,0.0076151341416072
