feature_0,feature_1,feature_2,feature_3,feature_4,feature_5,feature_6,feature_7,feature_8
-0.0058448239088528,-0.4823769642804297,0.0158786814719946,-0.011491114350156,-0.0867303184494883,0.0236880322842382,-0.0079301395295707,0.1775385000626017,0.0174751808587265
-0.011491114350156,-0.0867303184494883,0.0236880322842382,-0.0079301395295707,0.1775385000626017,0.0174751808587265,-0.0215157320271572,0.455023923444976,0.0347002889995086
-0.0079301395295707,0.1775385000626017,0.0174751808587265,-0.0215157320271572,0.455023923444976,0.0347002889995086,-0.0039552079311386,0.174613613942782,0.0140172933423185
-0.0215157320271572,0.455023923444976,0.0347002889995086,-0.0039552079311386,0.174613613942782,0.0140172933423185,-0.0134253277277286,0.0821513002364067,0.0157525634428376
-0.0039552079311386,0.174613613942782,0.0140172933423185,-0.0134253277277286,0.0821513002364067,0.0157525634428376,0.0020124749966641,-0.2462847451780735,0.0113559102511275
-0.0134253277277286,0.0821513002364067,0.0157525634428376,0.0020124749966641,-0.2462847451780735,0.0113559102511275,-0.0003825808531863,-0.0739102246291141,0.0157052359982862
0.0020124749966641,-0.2462847451780735,0.0113559102511275,-0.0003825808531863,-0.0739102246291141,0.0157052359982862,-0.0082280154038024,0.374583041634065,0.0193348796673985
-0.0003825808531863,-0.0739102246291141,0.0157052359982862,-0.0082280154038024,0.374583041634065,0.0193348796673985,-0.0082963555775982,-0.456394739207286,0.0137534501392782
