feature_0,feature_1,feature_2,feature_3,feature_4,feature_5,feature_6,feature_7,feature_8
0.0172115378048594,0.0167528948016753,0.0225606083101724,0.0023952917978449,0.1015265325902592,0.0110540097674774,-0.0025434379018528,-0.0657721073471183,0.0197327009170683
0.0023952917978449,0.1015265325902592,0.0110540097674774,-0.0025434379018528,-0.0657721073471183,0.0197327009170683,-0.0176958070936401,0.1995526253826229,0.0319769775130161
-0.0025434379018528,-0.0657721073471183,0.0197327009170683,-0.0176958070936401,0.1995526253826229,0.0319769775130161,0.0091251989264791,0.9186377465894592,0.0246716946794675
-0.0176958070936401,0.1995526253826229,0.0319769775130161,0.0091251989264791,0.9186377465894592,0.0246716946794675,-0.0010913614072929,-0.571231265026344,0.0138384282940375
0.0091251989264791,0.9186377465894592,0.0246716946794675,-0.0010913614072929,-0.571231265026344,0.0138384282940375,0.0071795256533864,0.077069911715581,0.0165858453422284
-0.0010913614072929,-0.571231265026344,0.0138384282940375,0.0071795256533864,0.077069911715581,0.0165858453422284,-0.0103826445256304,-0.35024368630926,0.0148445414983755
0.0071795256533864,0.077069911715581,0.0165858453422284,-0.0103826445256304,-0.35024368630926,0.0148445414983755,0.0086909596072775,0.090692124105012,0.0134381667101545
-0.0103826445256304,-0.35024368630926,0.0148445414983755,0.0086909596072775,0.090692124105012,0.0134381667101545,0.0036482271861837,0.1067521100343857,0.0106225152176715
