feature_0,feature_1,feature_2,feature_3,feature_4,feature_5,feature_6,feature_7,feature_8
-0.0266256638181888,-0.0386014730677078,0.0367489312752395,0.005017238030097,-0.2261399298504707,0.0226941169797346,-0.0157286574880531,0.1359136450381679,0.0298517367316973
0.005017238030097,-0.2261399298504707,0.0226941169797346,-0.0157286574880531,0.1359136450381679,0.0298517367316973,0.000700703161963,0.0065627132881818,0.0223651657811044
-0.0157286574880531,0.1359136450381679,0.0298517367316973,0.000700703161963,0.0065627132881818,0.0223651657811044,-0.0136544196136193,0.5626955977467138,0.0257603298999329
0.000700703161963,0.0065627132881818,0.0223651657811044,-0.0136544196136193,0.5626955977467138,0.0257603298999329,0.0095838968548656,-0.498931909212283,0.0173968255742384
-0.0136544196136193,0.5626955977467138,0.0257603298999329,0.0095838968548656,-0.498931909212283,0.0173968255742384,-0.003304939262654,0.3363309352517984,0.0227402723851837
0.0095838968548656,-0.498931909212283,0.0173968255742384,-0.003304939262654,0.3363309352517984,0.0227402723851837,-0.0059970141486016,0.2129505009720353,0.0267999204235235
-0.003304939262654,0.3363309352517984,0.0227402723851837,-0.0059970141486016,0.2129505009720353,0.0267999204235235,-0.006245842545441,-0.0801791805367196,0.0193063770497347
-0.0059970141486016,0.2129505009720353,0.0267999204235235,-0.006245842545441,-0.0801791805367196,0.0193063770497347,-0.0107136852496866,-0.1901081225985166,0.0198983700355052
