feature_0,feature_1,feature_2,feature_3,feature_4,feature_5,feature_6,feature_7,feature_8
0.0194436407764586,-0.148683156797268,0.0212299427141429,0.0048943763223234,-0.156045331108784,0.0149771504585421,0.0082365195483651,0.0324558221212742,0.0155703736883146
0.0048943763223234,-0.156045331108784,0.0149771504585421,0.0082365195483651,0.0324558221212742,0.0155703736883146,0.0253605636760221,0.8392778937719612,0.0229352588839023
0.0082365195483651,0.0324558221212742,0.0155703736883146,0.0253605636760221,0.8392778937719612,0.0229352588839023,-0.015033978684577,0.1358882991536052,0.0227449255581302
0.0253605636760221,0.8392778937719612,0.0229352588839023,-0.015033978684577,0.1358882991536052,0.0227449255581302,0.0443836248683051,0.1621122266665691,0.0323342331974351
-0.015033978684577,0.1358882991536052,0.0227449255581302,0.0443836248683051,0.1621122266665691,0.0323342331974351,-0.0037716390666969,-0.6277343020804711,0.0177538991080649
0.0443836248683051,0.1621122266665691,0.0323342331974351,-0.0037716390666969,-0.6277343020804711,0.0177538991080649,0.0118982594601833,-0.0010367131685109,0.0141875279582589
-0.0037716390666969,-0.6277343020804711,0.0177538991080649,0.0118982594601833,-0.0010367131685109,0.0141875279582589,-0.0062800203007522,0.1192272983643543,0.0222619977787587
0.0118982594601833,-0.0010367131685109,0.0141875279582589,-0.0062800203007522,0.1192272983643543,0.0222619977787587,0.0203712232031096,-0.0311229143464741,0.0164568011257895
