feature_0,feature_1,feature_2,feature_3,feature_4,feature_5,feature_6,feature_7,feature_8
0.0166900966077461,-0.1755148933358072,0.0218173886297866,0.0060289032320717,-0.1502691304589091,0.0171495739943821,0.0093139494375797,-0.1529637127495157,0.0151089341803778
0.0060289032320717,-0.1502691304589091,0.0171495739943821,0.0093139494375797,-0.1529637127495157,0.0151089341803778,0.0236785982406717,0.8312003152412282,0.0222838493123495
0.0093139494375797,-0.1529637127495157,0.0151089341803778,0.0236785982406717,0.8312003152412282,0.0222838493123495,-0.0134172539815647,0.1568810901589112,0.0224951362132702
0.0236785982406717,0.8312003152412282,0.0222838493123495,-0.0134172539815647,0.1568810901589112,0.0224951362132702,0.0460405058540358,0.4005834947412687,0.0338383895460964
-0.0134172539815647,0.1568810901589112,0.0224951362132702,0.0460405058540358,0.4005834947412687,0.0338383895460964,-0.0044014387002903,-0.6525319132657849,0.018551419914495
0.0460405058540358,0.4005834947412687,0.0338383895460964,-0.0044014387002903,-0.6525319132657849,0.018551419914495,0.0116302459178705,-0.1146179540015953,0.0144472879775533
-0.0044014387002903,-0.6525319132657849,0.018551419914495,0.0116302459178705,-0.1146179540015953,0.0144472879775533,-0.0076642214631598,0.1616075827604814,0.0236215205233317
0.0116302459178705,-0.1146179540015953,0.0144472879775533,-0.0076642214631598,0.1616075827604814,0.0236215205233317,0.0214768993490035,0.1785494999111312,0.0174520484499852
