feature_0,feature_1,feature_2,feature_3,feature_4,feature_5,feature_6,feature_7,feature_8
0.0124274318028223,0.1713291082745693,0.0322852768209799,0.0024549559983322,-0.0559958544168749,0.0139688348309147,-0.0059864844895436,1.1048790726210085,0.0575196204311934
0.0024549559983322,-0.0559958544168749,0.0139688348309147,-0.0059864844895436,1.1048790726210085,0.0575196204311934,0.029564848066933,-0.2300417267511428,0.0275579339558836
-0.0059864844895436,1.1048790726210085,0.0575196204311934,0.029564848066933,-0.2300417267511428,0.0275579339558836,0.0031905943073593,0.4364570984548868,0.0200534751176689
0.029564848066933,-0.2300417267511428,0.0275579339558836,0.0031905943073593,0.4364570984548868,0.0200534751176689,-0.0005300054811382,-0.6157857871047832,0.0135638871523222
0.0031905943073593,0.4364570984548868,0.0200534751176689,-0.0005300054811382,-0.6157857871047832,0.0135638871523222,0.0201537872366595,0.0196747351130845,0.0209604920220799
-0.0005300054811382,-0.6157857871047832,0.0135638871523222,0.0201537872366595,0.0196747351130845,0.0209604920220799,-0.0064985432217465,0.0109929015241365,0.0166578813643263
0.0201537872366595,0.0196747351130845,0.0209604920220799,-0.0064985432217465,0.0109929015241365,0.0166578813643263,0.0062792409750018,-0.0153382826726432,0.0136375673537155
-0.0064985432217465,0.0109929015241365,0.0166578813643263,0.0062792409750018,-0.0153382826726432,0.0136375673537155,-0.0018200127296331,-0.1088270858524788,0.0196695509832323
