feature_0,feature_1,feature_2,feature_3,feature_4,feature_5,feature_6,feature_7,feature_8
0.0003718604511269,-0.0655445287669456,0.0119213897870833,0.0082320167177418,-0.0094054766945476,0.0119738170195869,0.0081121106832509,0.36561908766029,0.0099557491893569
0.0082320167177418,-0.0094054766945476,0.0119738170195869,0.0081121106832509,0.36561908766029,0.0099557491893569,-0.0178178955198222,0.3226733371817074,0.0242116442090899
0.0081121106832509,0.36561908766029,0.0099557491893569,-0.0178178955198222,0.3226733371817074,0.0242116442090899,0.0123955701701621,0.6689231783840401,0.0239168104678831
-0.0178178955198222,0.3226733371817074,0.0242116442090899,0.0123955701701621,0.6689231783840401,0.0239168104678831,0.0124014988448715,-0.4761885391182059,0.0147980281617027
0.0123955701701621,0.6689231783840401,0.0239168104678831,0.0124014988448715,-0.4761885391182059,0.0147980281617027,0.0058652238288319,-0.0593645299429763,0.008056906921865
0.0124014988448715,-0.4761885391182059,0.0147980281617027,0.0058652238288319,-0.0593645299429763,0.008056906921865,0.0131069792709652,0.1047684196869802,0.0152368004697195
0.0058652238288319,-0.0593645299429763,0.008056906921865,0.0131069792709652,0.1047684196869802,0.0152368004697195,0.0139050850347985,0.1960926657414325,0.0157896949819933
0.0131069792709652,0.1047684196869802,0.0152368004697195,0.0139050850347985,0.1960926657414325,0.0157896949819933,-0.0122575331572519,-0.276513325835877,0.0200468229164442
