feature_0,feature_1,feature_2,feature_3,feature_4,feature_5,feature_6,feature_7,feature_8
-0.0117272054370339,0.2363020146864998,0.0116039910622618,-7.853246408673353e-05,0.3615595491928114,0.0127909793852394,0.0065231440035602,-0.0631991051454138,0.0108542149554615
-7.853246408673353e-05,0.3615595491928114,0.0127909793852394,0.0065231440035602,-0.0631991051454138,0.0108542149554615,0.0007831348731341,-0.1090149253731342,0.015817546552588
0.0065231440035602,-0.0631991051454138,0.0108542149554615,0.0007831348731341,-0.1090149253731342,0.015817546552588,0.0010172726339541,1.4118198874296437,0.0142619082118726
0.0007831348731341,-0.1090149253731342,0.015817546552588,0.0010172726339541,1.4118198874296437,0.0142619082118726,-0.0122733583013275,-0.1822525976551647,0.0184772199739933
0.0010172726339541,1.4118198874296437,0.0142619082118726,-0.0122733583013275,-0.1822525976551647,0.0184772199739933,0.0121092159752931,-0.5010532037779438,0.0117851606436208
-0.0122733583013275,-0.1822525976551647,0.0184772199739933,0.0121092159752931,-0.5010532037779438,0.0117851606436208,0.0,0.0200190657769303,0.0133522194605051
0.0121092159752931,-0.5010532037779438,0.0117851606436208,0.0,0.0200190657769303,0.0133522194605051,0.0099311030554716,-0.3105473965287049,0.019772493784243
0.0,0.0200190657769303,0.0133522194605051,0.0099311030554716,-0.3105473965287049,0.019772493784243,-7.732668224336159e-05,0.1953911696359411,0.0077712158604138
