feature_0,feature_1,feature_2,feature_3,feature_4,feature_5,feature_6,feature_7,feature_8
0.0043462672602188,-0.1557946717063951,0.0128932614867102,0.0028069048855658,-0.1763495215742914,0.014016428629262,-0.0076976144926477,0.2950330980667222,0.0183983670450472
0.0028069048855658,-0.1763495215742914,0.014016428629262,-0.0076976144926477,0.2950330980667222,0.0183983670450472,-0.0081099926812374,0.3263091973866829,0.0085724638530286
-0.0076976144926477,0.2950330980667222,0.0183983670450472,-0.0081099926812374,0.3263091973866829,0.0085724638530286,-0.009716762480134,1.1798854021771032,0.0143685395531415
-0.0081099926812374,0.3263091973866829,0.0085724638530286,-0.009716762480134,1.1798854021771032,0.0143685395531415,0.001076826877812,-0.7199475465114917,0.0086393238821845
-0.009716762480134,1.1798854021771032,0.0143685395531415,0.001076826877812,-0.7199475465114917,0.0086393238821845,0.0053791033034413,0.0249174296584304,0.0102040629409456
0.001076826877812,-0.7199475465114917,0.0086393238821845,0.0053791033034413,0.0249174296584304,0.0102040629409456,-0.0008324069921809,-0.1450744442178257,0.0076609933281611
0.0053791033034413,0.0249174296584304,0.0102040629409456,-0.0008324069921809,-0.1450744442178257,0.0076609933281611,0.0007200206136537,0.4871770403416275,0.0108316471963603
-0.0008324069921809,-0.1450744442178257,0.0076609933281611,0.0007200206136537,0.4871770403416275,0.0108316471963603,-0.0039563657489928,-0.1688376271295196,0.0112142807398221
