feature_0,feature_1,feature_2,feature_3,feature_4,feature_5,feature_6,feature_7,feature_8
-0.0441941948486528,0.0997620483224945,0.0447899313534007,0.033416859436671,-0.2437843579739871,0.0362675843744313,-0.0083642201640875,-0.2173392369337528,0.0202635525971264
0.033416859436671,-0.2437843579739871,0.0362675843744313,-0.0083642201640875,-0.2173392369337528,0.0202635525971264,-0.0075468738450112,0.0437774487829489,0.0270198343626204
-0.0083642201640875,-0.2173392369337528,0.0202635525971264,-0.0075468738450112,0.0437774487829489,0.0270198343626204,-0.0157168785950421,1.3091679873217117,0.0218782444345839
-0.0075468738450112,0.0437774487829489,0.0270198343626204,-0.0157168785950421,1.3091679873217117,0.0218782444345839,0.0266061545828091,-0.5966158460213371,0.0217949835096876
-0.0157168785950421,1.3091679873217117,0.0218782444345839,0.0266061545828091,-0.5966158460213371,0.0217949835096876,-0.0014890439925879,-0.0724949597202964,0.0318941284542238
0.0266061545828091,-0.5966158460213371,0.0217949835096876,-0.0014890439925879,-0.0724949597202964,0.0318941284542238,0.0187006463401402,0.0741073639607083,0.0263141919461132
-0.0014890439925879,-0.0724949597202964,0.0318941284542238,0.0187006463401402,0.0741073639607083,0.0263141919461132,0.004431110035052,-0.1706586059379563,0.0178454340575225
0.0187006463401402,0.0741073639607083,0.0263141919461132,0.004431110035052,-0.1706586059379563,0.0178454340575225,0.003584311116757,-0.1642728442728442,0.0111631140177122
