feature_0,feature_1,feature_2,feature_3,feature_4,feature_5,feature_6,feature_7,feature_8
-0.0041849600330412,-0.1029897004735223,0.0110152589407998,0.0265994105000439,0.3930450101731924,0.0215836146288418,-0.0004333277303828,-0.2378367546867346,0.0163567390183077
0.0265994105000439,0.3930450101731924,0.0215836146288418,-0.0004333277303828,-0.2378367546867346,0.0163567390183077,0.0243796215672669,0.9956473220806386,0.0235173504617464
-0.0004333277303828,-0.2378367546867346,0.0163567390183077,0.0243796215672669,0.9956473220806386,0.0235173504617464,-0.0206951283106922,0.318892301206477,0.0237651041825694
0.0243796215672669,0.9956473220806386,0.0235173504617464,-0.0206951283106922,0.318892301206477,0.0237651041825694,0.0021612238905959,-0.5536939120706419,0.016796394769043
-0.0206951283106922,0.318892301206477,0.0237651041825694,0.0021612238905959,-0.5536939120706419,0.016796394769043,0.0098006569975634,-0.0133343280612752,0.0147275317399712
0.0021612238905959,-0.5536939120706419,0.016796394769043,0.0098006569975634,-0.0133343280612752,0.0147275317399712,0.0090647809489938,-0.0996980527172735,0.0125992196710621
0.0098006569975634,-0.0133343280612752,0.0147275317399712,0.0090647809489938,-0.0996980527172735,0.0125992196710621,0.0097358602559001,0.1923897402590131,0.0085682264976393
0.0090647809489938,-0.0996980527172735,0.0125992196710621,0.0097358602559001,0.1923897402590131,0.0085682264976393,-0.0014672355704824,-0.1718475596585306,0.0088952002304629
