feature_0,feature_1,feature_2,feature_3,feature_4,feature_5,feature_6,feature_7,feature_8
0.002193650613091,0.4239862444476285,0.0632380894252233,-0.0014645773548745,-0.2994566311129,0.0252038664460042,0.0011000089020503,-0.0502729100833093,0.0095729098064265
-0.0014645773548745,-0.2994566311129,0.0252038664460042,0.0011000089020503,-0.0502729100833093,0.0095729098064265,-0.0098899757608289,-0.0812159709618874,0.0167411003344176
0.0011000089020503,-0.0502729100833093,0.0095729098064265,-0.0098899757608289,-0.0812159709618874,0.0167411003344176,-0.0218276052466341,2.4186008230452676,0.0325634462446177
-0.0098899757608289,-0.0812159709618874,0.0167411003344176,-0.0218276052466341,2.4186008230452676,0.0325634462446177,-0.0030257552021307,-0.6431529275808937,0.0179047357468377
-0.0218276052466341,2.4186008230452676,0.0325634462446177,-0.0030257552021307,-0.6431529275808937,0.0179047357468377,0.0106221014901397,-0.2250708406422884,0.0197868545216316
-0.0030257552021307,-0.6431529275808937,0.0179047357468377,0.0106221014901397,-0.2250708406422884,0.0197868545216316,0.0063813960489789,0.0254222531777816,0.0116717386869126
0.0106221014901397,-0.2250708406422884,0.0197868545216316,0.0063813960489789,0.0254222531777816,0.0116717386869126,0.0152927813407135,-0.0302258447953812,0.0118826472780513
0.0063813960489789,0.0254222531777816,0.0116717386869126,0.0152927813407135,-0.0302258447953812,0.0118826472780513,-0.0154298250447807,0.4489581509367886,0.0145576474923671
