feature_0,feature_1,feature_2,feature_3,feature_4,feature_5,feature_6,feature_7,feature_8
0.0166480247870055,-0.2611571108680935,0.0202847273734866,-0.0004580890083197,-0.2963067380885255,0.0089983732563436,0.0070266570694126,-0.0985576923076922,0.0105920859171126
-0.0004580890083197,-0.2963067380885255,0.0089983732563436,0.0070266570694126,-0.0985576923076922,0.0105920859171126,-0.0108836469947708,0.0465555555555554,0.0169255927949362
0.0070266570694126,-0.0985576923076922,0.0105920859171126,-0.0108836469947708,0.0465555555555554,0.0169255927949362,0.0261090575766365,1.570548890540397,0.034362910797237
-0.0108836469947708,0.0465555555555554,0.0169255927949362,0.0261090575766365,1.570548890540397,0.034362910797237,-0.0048199960327912,-0.5139187179910788,0.0099965820404123
0.0261090575766365,1.570548890540397,0.034362910797237,-0.0048199960327912,-0.5139187179910788,0.0099965820404123,0.009010763692973,0.0051831081655195,0.0086679082874061
-0.0048199960327912,-0.5139187179910788,0.0099965820404123,0.009010763692973,0.0051831081655195,0.0086679082874061,-0.0009302245966742,0.068808114961961,0.0116891524380914
0.009010763692973,0.0051831081655195,0.0086679082874061,-0.0009302245966742,0.068808114961961,0.0116891524380914,0.0031656852957355,-0.1961404618791521,0.0130113659639923
-0.0009302245966742,0.068808114961961,0.0116891524380914,0.0031656852957355,-0.1961404618791521,0.0130113659639923,-0.0041210062497677,-0.3463203463203463,0.0133493154170888
