feature_0,feature_1,feature_2,feature_3,feature_4,feature_5,feature_6,feature_7,feature_8
0.0024764708429556,-0.2686246122026887,0.0138510580760795,-0.0202111116624583,0.2217069170295798,0.0230840260167286,-0.0052716180380534,0.0169436600157399,0.0173570936332073
-0.0202111116624583,0.2217069170295798,0.0230840260167286,-0.0052716180380534,0.0169436600157399,0.0173570936332073,-0.0186634560803271,0.1244138935676242,0.0233821841024789
-0.0052716180380534,0.0169436600157399,0.0173570936332073,-0.0186634560803271,0.1244138935676242,0.0233821841024789,-0.0025828788723121,0.8235222672064777,0.0178912221555298
-0.0186634560803271,0.1244138935676242,0.0233821841024789,-0.0025828788723121,0.8235222672064777,0.0178912221555298,0.0068267096664584,-0.3303656668368819,0.0179244880703444
-0.0025828788723121,0.8235222672064777,0.0178912221555298,0.0068267096664584,-0.3303656668368819,0.0179244880703444,0.0142623848786682,-0.1929644242564901,0.0247699752814092
0.0068267096664584,-0.3303656668368819,0.0179244880703444,0.0142623848786682,-0.1929644242564901,0.0247699752814092,0.0066849849484773,-0.0989277350971611,0.0205607729860247
0.0142623848786682,-0.1929644242564901,0.0247699752814092,0.0066849849484773,-0.0989277350971611,0.0205607729860247,0.0054958480597446,0.6292800802443805,0.0171098653980764
0.0066849849484773,-0.0989277350971611,0.0205607729860247,0.0054958480597446,0.6292800802443805,0.0171098653980764,-0.0125255365527038,0.0291311039597033,0.0229644595164262
