feature_0,feature_1,feature_2,feature_3,feature_4,feature_5,feature_6,feature_7,feature_8
0.0164530617839397,-0.0003383447289717,0.0188719136250159,0.0065436854591447,-0.1548350313376997,0.0131279569637402,-0.0152604592610289,0.6978298594557486,0.0180212229806205
0.0065436854591447,-0.1548350313376997,0.0131279569637402,-0.0152604592610289,0.6978298594557486,0.0180212229806205,0.0195275395175082,-0.3588141970628703,0.0219270803648514
-0.0152604592610289,0.6978298594557486,0.0180212229806205,0.0195275395175082,-0.3588141970628703,0.0219270803648514,0.0002044767086364,-0.5099881539158863,0.0129368946412798
0.0195275395175082,-0.3588141970628703,0.0219270803648514,0.0002044767086364,-0.5099881539158863,0.0129368946412798,0.0067465598835698,1.4024237657741394,0.0162036325224954
0.0002044767086364,-0.5099881539158863,0.0129368946412798,0.0067465598835698,1.4024237657741394,0.0162036325224954,-0.0047383535401517,-0.2055469993899081,0.0142239218139348
0.0067465598835698,1.4024237657741394,0.0162036325224954,-0.0047383535401517,-0.2055469993899081,0.0142239218139348,-0.0048288883967405,-0.0491855861508673,0.0176063029659355
-0.0047383535401517,-0.2055469993899081,0.0142239218139348,-0.0048288883967405,-0.0491855861508673,0.0176063029659355,-0.0015719722171586,0.620599395728733,0.0180142091854885
-0.0048288883967405,-0.0491855861508673,0.0176063029659355,-0.0015719722171586,0.620599395728733,0.0180142091854885,0.0064344066326904,-0.3933722308323457,0.0116798138962433
