feature_0,feature_1,feature_2,feature_3,feature_4,feature_5,feature_6,feature_7,feature_8
0.0024630664427698,0.2027979981801637,0.0289112842440458,0.0416052638142987,0.7345626477541372,0.0423825908479727,-0.0011007793039737,-0.0138472441803412,0.0280668374438472
0.0416052638142987,0.7345626477541372,0.0423825908479727,-0.0011007793039737,-0.0138472441803412,0.0280668374438472,0.0009445648751575,-0.5297141909447731,0.0203021859763947
-0.0011007793039737,-0.0138472441803412,0.0280668374438472,0.0009445648751575,-0.5297141909447731,0.0203021859763947,0.0067631745075666,-0.5132244034324673,0.0209323795017554
0.0009445648751575,-0.5297141909447731,0.0203021859763947,0.0067631745075666,-0.5132244034324673,0.0209323795017554,-0.0273395721604683,0.9553248007727602,0.0283048940639311
0.0067631745075666,-0.5132244034324673,0.0209323795017554,-0.0273395721604683,0.9553248007727602,0.0283048940639311,-0.0096369926259506,-0.1021365938001729,0.0218846996995902
-0.0273395721604683,0.9553248007727602,0.0283048940639311,-0.0096369926259506,-0.1021365938001729,0.0218846996995902,0.0236781833859374,0.6398899587345255,0.0212560342553679
-0.0096369926259506,-0.1021365938001729,0.0218846996995902,0.0236781833859374,0.6398899587345255,0.0212560342553679,-0.0034852922284417,0.2191746351283341,0.0331125705397048
0.0236781833859374,0.6398899587345255,0.0212560342553679,-0.0034852922284417,0.2191746351283341,0.0331125705397048,0.0265500184804965,-0.1816993464052287,0.0360691911955224
