{
  "aida": 0.012,
  "iforest": 0.07273387908935547,
  "lof": 0.044586896896362305
}