{
  "aida": 0.011,
  "iforest": 0.09637284278869629,
  "lof": 0.03468799591064453
}