{
  "aida": 0.011,
  "iforest": 0.08016777038574219,
  "lof": 0.03415513038635254
}