{
  "aida": 0.012,
  "iforest": 0.0847017765045166,
  "lof": 0.024882793426513672
}