{
  "aida": 0.011,
  "iforest": 0.08297300338745117,
  "lof": 0.04480099678039551
}