{
  "aida": 0.013,
  "iforest": 0.08722901344299316,
  "lof": 0.034834861755371094
}