{
  "aida": 0.014,
  "iforest": 0.09788274765014648,
  "lof": 0.03037714958190918
}