{
  "aida": 0.012,
  "iforest": 0.09126996994018555,
  "lof": 0.024939775466918945
}