{
  "aida": 0.012,
  "iforest": 0.08383774757385254,
  "lof": 0.02395176887512207
}