{
  "aida": 0.013,
  "iforest": 0.0889730453491211,
  "lof": 0.026273012161254883
}