{
  "aida": 0.012,
  "iforest": 0.08798694610595703,
  "lof": 0.035060882568359375
}