{
  "aida": 0.012,
  "iforest": 0.08606386184692383,
  "lof": 0.027456045150756836
}