{
  "aida": 0.027,
  "iforest": 0.08328604698181152,
  "lof": 0.026157140731811523
}