{
  "aida": 0.021,
  "iforest": 0.05759906768798828,
  "lof": 0.01921677589416504
}