{
  "aida": 0.019,
  "iforest": 0.0599818229675293,
  "lof": 0.03763604164123535
}