{
  "aida": 0.021,
  "iforest": 0.05468893051147461,
  "lof": 0.030683279037475586
}