{
  "aida": 0.029,
  "iforest": 0.09441304206848145,
  "lof": 0.030241012573242188
}