{
  "aida": 0.024,
  "iforest": 0.09139800071716309,
  "lof": 0.014739990234375
}