index,subsequence_idx,score
95,95,3.15301
96,96,2.90612
97,97,3.7473
98,98,3.06841
99,99,3.29712
144,144,2.59269
184,184,2.44307
223,223,3.3937
286,286,4.21155
287,287,3.86365
288,288,4.1629
334,334,3.05832
356,356,2.48321
359,359,2.66736
445,445,3.34452
461,461,2.74397
462,462,3.25061
463,463,3.16198
464,464,2.88907
