index,subsequence_idx,score
95,95,2.8845
96,96,3.15902
97,97,3.45637
98,98,3.41111
99,99,3.07609
144,144,2.49518
223,223,3.13783
286,286,3.84005
287,287,4.14443
288,288,3.96687
334,334,3.38972
358,358,2.63674
359,359,2.58583
445,445,3.268
461,461,2.58068
462,462,3.12995
463,463,3.3066
464,464,2.81761
