index,subsequence_idx,score
184,184,2.88614
199,199,2.5081
200,200,2.76302
223,223,2.82012
286,286,4.571
287,287,4.56237
288,288,4.52031
334,334,2.70961
427,427,2.44099
429,429,2.37796
445,445,2.71953
471,471,2.49263
472,472,2.71804
494,494,2.91649
522,522,2.51602
537,537,2.74859
