index,subsequence_idx,score
95,95,2.83258
96,96,2.98703
97,97,3.5612
98,98,3.21224
99,99,3.17061
144,144,2.43728
223,223,3.09681
286,286,3.79392
287,287,3.99888
288,288,4.02438
334,334,3.20946
358,358,2.47381
359,359,2.57208
445,445,3.23117
461,461,2.50741
462,462,3.12157
463,463,3.14995
464,464,2.82927
