index,subsequence_idx,score
67,67,2.39003
95,95,3.01532
96,96,2.97381
97,97,3.65539
98,98,3.23884
99,99,3.07975
144,144,2.45389
223,223,3.18616
286,286,3.97815
287,287,4.01048
288,288,4.00241
334,334,3.22608
358,358,2.43775
359,359,2.53909
445,445,3.16741
461,461,2.58904
462,462,3.15337
463,463,3.14184
464,464,2.70702
