index,subsequence_idx,score
95,95,2.8873
96,96,3.02515
97,97,3.59293
98,98,3.32488
99,99,2.99398
144,144,2.41359
184,184,2.44986
223,223,3.22048
286,286,3.95048
287,287,4.06701
288,288,3.93393
334,334,3.2412
358,358,2.4479
359,359,2.53594
445,445,3.11264
461,461,2.61431
462,462,3.19242
463,463,3.16859
464,464,2.67835
