index,subsequence_idx,score
73,73,2.72007
74,74,3.00162
75,75,2.6277
132,132,4.44765
133,133,4.69366
134,134,4.62441
144,144,3.1155
145,145,2.84262
147,147,2.59374
211,211,2.92738
213,213,3.12677
214,214,2.83798
255,255,3.27855
256,256,3.46767
258,258,3.31971
323,323,2.8836
335,335,3.01275
346,346,3.08956
348,348,2.67894
349,349,2.56997
358,358,2.60621
428,428,2.51289
429,429,2.58922
536,536,4.23711
537,537,4.50561
538,538,4.42441
