index,subsequence_idx,score
132,132,4.1064
133,133,3.87974
134,134,3.94579
144,144,2.41388
239,239,2.5747
256,256,2.53102
426,426,2.50152
536,536,4.03402
537,537,3.85079
538,538,4.35985
