index,subsequence_idx,score
73,73,2.85054
74,74,2.65835
75,75,2.67594
132,132,4.68404
133,133,4.46052
134,134,4.7316
144,144,3.34556
147,147,2.56887
211,211,3.10333
213,213,2.72441
214,214,2.89141
255,255,3.37155
256,256,3.30558
258,258,3.38798
323,323,3.09994
335,335,2.68826
346,346,3.22587
348,348,2.55346
427,427,2.76336
429,429,2.71918
536,536,4.47485
537,537,4.29004
538,538,4.44811
