index,subsequence_idx,score
73,73,2.95034
74,74,3.03362
75,75,2.71755
132,132,4.65096
133,133,4.74502
134,134,4.68373
144,144,3.18379
145,145,2.93621
147,147,2.75053
211,211,3.13153
213,213,3.07313
214,214,2.93938
255,255,3.54348
256,256,3.5498
258,258,3.33719
323,323,3.05714
335,335,3.11625
346,346,3.18657
348,348,2.75839
349,349,2.57307
358,358,2.57296
429,429,2.6776
536,536,4.44569
537,537,4.51447
538,538,4.49446
