index,subsequence_idx,score
73,73,2.88163
74,74,2.86759
75,75,2.62231
132,132,4.67998
133,133,4.66366
134,134,4.59965
144,144,3.25123
145,145,2.82482
147,147,2.57042
211,211,3.10101
213,213,3.06477
214,214,2.8261
255,255,3.48481
256,256,3.49118
258,258,3.43577
323,323,3.07615
335,335,3.02331
346,346,3.18635
427,427,2.60284
429,429,2.68701
536,536,4.4459
537,537,4.42
538,538,4.43778
