Algorithm,Approach,Anomaly Count,Execution Time (s),Efficiency (anomalies/s)
AIDA,Subsequence,16,0.0,0.0
AIDA,Matrix,275,0.0,0.0
AIDA,Constituent,16,52.55,0.3044719314938154
IFOREST,Subsequence,28,0.089869,311.5646107111462
IFOREST,Matrix,273,0.128544,2123.7864077669906
IFOREST,Constituent,28,102.92,0.2720559657986786
LOF,Subsequence,28,0.014711,1903.3376385018014
LOF,Matrix,273,0.02743,9952.60663507109
LOF,Constituent,28,105.67,0.26497586826913977
