Algorithm,Approach,Anomaly Count,Execution Time (s),Efficiency (anomalies/s)
AIDA,Subsequence,14,0.159,88.0503144654088
AIDA,Matrix,264,0.856,308.41121495327104
AIDA,Constituent,14,48.0,0.2916666666666667
IFOREST,Subsequence,28,0.09206,304.14946773843144
IFOREST,Matrix,273,0.125639,2172.8921752003757
IFOREST,Constituent,28,96.44,0.2903359601824969
LOF,Subsequence,28,0.015971,1753.1776344624634
LOF,Matrix,273,0.028372,9622.162695615394
LOF,Constituent,28,103.84,0.2696456086286595
