index,subsequence_idx,score
171,171,2.59971
172,172,2.43879
211,211,3.04904
213,213,2.96644
214,214,2.82616
287,287,2.5903
288,288,2.58639
290,290,4.79552
301,301,4.89077
312,312,4.77666
323,323,3.30571
356,356,2.79642
358,358,2.85608
359,359,2.81021
378,378,2.89376
380,380,2.98504
381,381,2.73605
427,427,3.08355
428,428,3.12766
429,429,3.12768
461,461,2.48212
462,462,2.51321
494,494,3.49554
495,495,3.58993
496,496,3.47069
532,532,2.53428
533,533,2.63471
534,534,2.47408
