index,subsequence_idx,score
129,129,2.44094
170,170,2.63731
171,171,2.89902
287,287,2.42784
290,290,6.19444
301,301,6.16635
312,312,6.04566
316,316,2.61986
356,356,3.12392
358,358,3.01611
378,378,3.31544
380,380,3.03073
381,381,2.86032
427,427,2.57321
494,494,3.28657
495,495,3.12819
496,496,2.91695
532,532,2.56091
543,543,2.50768
