index,subsequence_idx,score
171,171,2.64296
172,172,2.49651
211,211,3.03587
213,213,3.11422
214,214,2.94148
287,287,2.61803
288,288,2.57596
290,290,4.5744
301,301,4.77695
312,312,4.75809
323,323,3.41927
356,356,2.79785
358,358,3.04116
359,359,2.93998
378,378,2.73836
380,380,3.03316
381,381,2.77218
427,427,3.11401
428,428,3.27507
429,429,3.17919
461,461,2.47473
462,462,2.49366
494,494,3.45307
495,495,3.71788
496,496,3.55548
532,532,2.46408
533,533,2.6139
534,534,2.43834
