feature_0,feature_1,feature_2,feature_3,feature_4,feature_5,feature_6,feature_7,feature_8
0.0075632225295296,-0.2114917985052897,0.0158188457401444,0.0018507892876795,-0.0792712949286066,0.0158926820565226,0.0028739175029106,0.5358288770053476,0.0237379588115513
0.0018507892876795,-0.0792712949286066,0.0158926820565226,0.0028739175029106,0.5358288770053476,0.0237379588115513,0.0066523220783141,0.7643628133704736,0.0939876683165091
0.0028739175029106,0.5358288770053476,0.0237379588115513,0.0066523220783141,0.7643628133704736,0.0939876683165091,0.0056934095742899,-0.4229118358083773,0.03244079892255
0.0066523220783141,0.7643628133704736,0.0939876683165091,0.0056934095742899,-0.4229118358083773,0.03244079892255,0.0021227747923637,-0.3363255535607421,0.0304449434033471
0.0056934095742899,-0.4229118358083773,0.03244079892255,0.0021227747923637,-0.3363255535607421,0.0304449434033471,0.0278423225514585,-0.1151616643050367,0.0203410200110138
0.0021227747923637,-0.3363255535607421,0.0304449434033471,0.0278423225514585,-0.1151616643050367,0.0203410200110138,-0.0015702443203404,0.1848886300771581,0.0089707808636979
0.0278423225514585,-0.1151616643050367,0.0203410200110138,-0.0015702443203404,0.1848886300771581,0.0089707808636979,-0.003145657011573,-0.4330998894213048,0.0167631239743859
