feature_0,feature_1,feature_2,feature_3,feature_4,feature_5,feature_6,feature_7,feature_8
0.0482467391349035,0.1406212947593075,0.0540169531822512,-0.0174921324669735,-0.2222972972972973,0.0273003061100554,0.0034493290444161,0.201597273274076,0.0269721179684683
-0.0174921324669735,-0.2222972972972973,0.0273003061100554,0.0034493290444161,0.201597273274076,0.0269721179684683,0.0310490987876332,0.0024472315692871,0.0264288249135822
0.0034493290444161,0.201597273274076,0.0269721179684683,0.0310490987876332,0.0024472315692871,0.0264288249135822,-0.005915268029638,0.0636113962326963,0.0198798430819853
0.0310490987876332,0.0024472315692871,0.0264288249135822,-0.005915268029638,0.0636113962326963,0.0198798430819853,0.0553932986394278,-0.071961398017736,0.0458413671758636
-0.005915268029638,0.0636113962326963,0.0198798430819853,0.0553932986394278,-0.071961398017736,0.0458413671758636,0.0087135447500215,0.1298445799724572,0.0283767384477953
0.0553932986394278,-0.071961398017736,0.0458413671758636,0.0087135447500215,0.1298445799724572,0.0283767384477953,-0.0129066675800969,-0.2566851570856446,0.0163155916026866
0.0087135447500215,0.1298445799724572,0.0283767384477953,-0.0129066675800969,-0.2566851570856446,0.0163155916026866,-0.0058684213035349,-0.1973428820025433,0.0119281594523612
