feature_0,feature_1,feature_2,feature_3,feature_4,feature_5,feature_6,feature_7,feature_8
0.0025639923328941,0.1051609928905927,0.0160654494070926,-0.0360186046302787,0.9139240784244846,0.0289222841297312,0.0127495702555595,-0.434719266749643,0.0147015590907402
-0.0360186046302787,0.9139240784244846,0.0289222841297312,0.0127495702555595,-0.434719266749643,0.0147015590907402,0.0119343679326713,-0.0185683121099893,0.0128755674455786
0.0127495702555595,-0.434719266749643,0.0147015590907402,0.0119343679326713,-0.0185683121099893,0.0128755674455786,-0.0008629754119613,-0.024864306022228,0.0148768508733554
0.0119343679326713,-0.0185683121099893,0.0128755674455786,-0.0008629754119613,-0.024864306022228,0.0148768508733554,0.0178493955262333,0.0799618320610686,0.0161603107738583
-0.0008629754119613,-0.024864306022228,0.0148768508733554,0.0178493955262333,0.0799618320610686,0.0161603107738583,0.011172465927705,-0.0641161571537962,0.0135354112536604
0.0178493955262333,0.0799618320610686,0.0161603107738583,0.011172465927705,-0.0641161571537962,0.0135354112536604,0.0075523429931192,-0.2001447587878024,0.0098046727438945
0.011172465927705,-0.0641161571537962,0.0135354112536604,0.0075523429931192,-0.2001447587878024,0.0098046727438945,-0.0004859269267233,-0.1740567336821812,0.0100825312195108
