feature_0,feature_1,feature_2,feature_3,feature_4,feature_5,feature_6,feature_7,feature_8
0.0082129652695566,0.2640591966173362,0.0225066298462522,-0.0171608337220258,-0.0990132129118581,0.0200442690744573,0.0143661681898299,0.4867273064785595,0.0241909032468369
-0.0171608337220258,-0.0990132129118581,0.0200442690744573,0.0143661681898299,0.4867273064785595,0.0241909032468369,0.0798561313501562,1.861905356473967,0.0547742447064774
0.0143661681898299,0.4867273064785595,0.0241909032468369,0.0798561313501562,1.861905356473967,0.0547742447064774,0.0207828060828694,-0.2455826534618908,0.0369315008607809
0.0798561313501562,1.861905356473967,0.0547742447064774,0.0207828060828694,-0.2455826534618908,0.0369315008607809,0.0197668623454405,-0.174647235715938,0.0330438778925169
0.0207828060828694,-0.2455826534618908,0.0369315008607809,0.0197668623454405,-0.174647235715938,0.0330438778925169,0.0073657395584196,-0.1622757847533632,0.0174878991168477
0.0197668623454405,-0.174647235715938,0.0330438778925169,0.0073657395584196,-0.1622757847533632,0.0174878991168477,-0.0059649348659369,-0.3416694546671127,0.0104065327562736
0.0073657395584196,-0.1622757847533632,0.0174878991168477,-0.0059649348659369,-0.3416694546671127,0.0104065327562736,-0.0049361912210316,-0.0823275314445433,0.0099434258613712
