feature_0,feature_1,feature_2,feature_3,feature_4,feature_5,feature_6,feature_7,feature_8
-0.0347781683450503,0.3580058185797945,0.0595787208386823,0.0043148410582225,-0.2296058602479478,0.0297638862990449,0.0163209012059466,-0.0689949710161618,0.0317432839944699
0.0043148410582225,-0.2296058602479478,0.0297638862990449,0.0163209012059466,-0.0689949710161618,0.0317432839944699,-0.009256280186294,0.3348753182760007,0.0420342109211585
0.0163209012059466,-0.0689949710161618,0.0317432839944699,-0.009256280186294,0.3348753182760007,0.0420342109211585,0.0378863258613719,-0.1551753097193074,0.0369962821892212
-0.009256280186294,0.3348753182760007,0.0420342109211585,0.0378863258613719,-0.1551753097193074,0.0369962821892212,0.0279028892960986,-0.0649484795232099,0.02308010072565
0.0378863258613719,-0.1551753097193074,0.0369962821892212,0.0279028892960986,-0.0649484795232099,0.02308010072565,0.034455125955827,0.0377298544377424,0.0362737815487062
0.0279028892960986,-0.0649484795232099,0.02308010072565,0.034455125955827,0.0377298544377424,0.0362737815487062,0.0165759508833076,-0.0562327783142178,0.0230740807797584
0.034455125955827,0.0377298544377424,0.0362737815487062,0.0165759508833076,-0.0562327783142178,0.0230740807797584,0.0044589521641762,-0.1436567490074438,0.0234730842018502
