feature_0,feature_1,feature_2,feature_3,feature_4,feature_5,feature_6,feature_7,feature_8
-0.0037524782051753,-0.246928073882758,0.0137051473354716,-0.0136533344465701,-0.3746622323841198,0.0225419330817952,0.0195702708981713,1.016951969419977,0.015676956563735
-0.0136533344465701,-0.3746622323841198,0.0225419330817952,0.0195702708981713,1.016951969419977,0.015676956563735,0.0037454515198478,-0.061964403427818,0.0140845612748753
0.0195702708981713,1.016951969419977,0.015676956563735,0.0037454515198478,-0.061964403427818,0.0140845612748753,0.0023319923493243,-0.317463106113844,0.0136471019071691
0.0037454515198478,-0.061964403427818,0.0140845612748753,0.0023319923493243,-0.317463106113844,0.0136471019071691,0.0283853170653649,0.4819819819819819,0.0391791106186561
0.0023319923493243,-0.317463106113844,0.0136471019071691,0.0283853170653649,0.4819819819819819,0.0391791106186561,0.0253393066053744,-0.1161962657403387,0.0125000308666915
0.0283853170653649,0.4819819819819819,0.0391791106186561,0.0253393066053744,-0.1161962657403387,0.0125000308666915,-0.0088260989027347,0.2421145720742852,0.0169567635297916
0.0253393066053744,-0.1161962657403387,0.0125000308666915,-0.0088260989027347,0.2421145720742852,0.0169567635297916,-0.0102404479844117,-0.2749782453919784,0.0222625972749958
