feature_0,feature_1,feature_2,feature_3,feature_4,feature_5,feature_6,feature_7,feature_8
-0.0101546413508412,0.0683310504539871,0.0252327683364629,0.0058764857689572,-0.3116342391879031,0.0149120196302758,0.0065352457596914,0.043357207319649,0.0157707198184683
0.0058764857689572,-0.3116342391879031,0.0149120196302758,0.0065352457596914,0.043357207319649,0.0157707198184683,0.0172159268878013,0.1517750335866905,0.0239366785902053
0.0065352457596914,0.043357207319649,0.0157707198184683,0.0172159268878013,0.1517750335866905,0.0239366785902053,0.0227272488190608,0.374536622778985,0.0231213278027329
0.0172159268878013,0.1517750335866905,0.0239366785902053,0.0227272488190608,0.374536622778985,0.0231213278027329,0.0105911135153862,-0.3120175764902818,0.0156294546807675
0.0227272488190608,0.374536622778985,0.0231213278027329,0.0105911135153862,-0.3120175764902818,0.0156294546807675,0.011041364021213,0.229829511853066,0.0229787740117155
0.0105911135153862,-0.3120175764902818,0.0156294546807675,0.011041364021213,0.229829511853066,0.0229787740117155,0.0098102613157473,-0.1670261729752009,0.0164742796244043
0.011041364021213,0.229829511853066,0.0229787740117155,0.0098102613157473,-0.1670261729752009,0.0164742796244043,-0.0010998048905533,0.2226364056211651,0.0165775961688044
