{
  "anomalies": [
    {
      "anomaly_index": 23,
      "feature_importances": {
        "Close_0": 5.466962546567017e-13,
        "Close_1": 4.684785467610797e-13,
        "Close_2": 4.99931170041859e-13,
        "High_0": 5.40074649755485e-13,
        "High_1": 5.233826874003346e-13,
        "High_2": 4.872397606478603e-13,
        "Low_0": 5.282109409741384e-13,
        "Low_1": 4.5316608542701616e-13,
        "Low_2": 4.4847578195532103e-13,
        "Open_0": 5.443511029208541e-13,
        "Open_1": 5.34004845262703e-13,
        "Open_2": 4.567527880818418e-13,
        "Volume_0": 0.18799353070453834,
        "Volume_1": 0.5993707581926906,
        "Volume_2": 0.21263571109636317,
        "daily_return_0": 0.0,
        "daily_return_1": 0.0,
        "daily_return_2": 0.0,
        "daily_return_zscore_0": 3.5315226139822266e-14,
        "daily_return_zscore_1": 5.2834889107624714e-14,
        "daily_return_zscore_2": 3.103877297445316e-14,
        "excess_return_0": 0.0,
        "excess_return_1": 1.3795010210868073e-16,
        "excess_return_2": 0.0,
        "high_low_range_0": 0.0,
        "high_low_range_1": 1.3795010210868073e-16,
        "high_low_range_2": 0.0,
        "log_return_0": 0.0,
        "log_return_1": 0.0,
        "log_return_2": 0.0,
        "log_return_zscore_0": 3.5315226139822266e-14,
        "log_return_zscore_1": 5.2421038801298675e-14,
        "log_return_zscore_2": 3.103877297445316e-14,
        "log_volume_0": 9.65650714760765e-16,
        "log_volume_1": 1.3795010210868073e-16,
        "log_volume_2": 8.277006126520843e-16,
        "relative_volume_0": 1.3795010210868072e-15,
        "relative_volume_1": 5.518004084347229e-16,
        "relative_volume_2": 1.6554012253041686e-15,
        "relative_volume_zscore_0": 2.883157134071427e-14,
        "relative_volume_zscore_1": 2.8417721034388227e-14,
        "relative_volume_zscore_2": 2.1382265826845513e-14,
        "volume_change_0": 2.483101837956253e-15,
        "volume_change_1": 3.724652756934379e-15,
        "volume_change_2": 1.1036008168694458e-15,
        "volume_change_zscore_0": 1.9864814703650023e-14,
        "volume_change_zscore_1": 2.0278665009976065e-14,
        "volume_change_zscore_2": 7.173405309651398e-15
      }
    },
    {
      "anomaly_index": 35,
      "feature_importances": {
        "Close_0": 5.998140672928971e-13,
        "Close_1": 5.524091218389023e-13,
        "Close_2": 6.040592862887773e-13,
        "High_0": 6.291768320144014e-13,
        "High_1": 5.879628309293984e-13,
        "High_2": 5.62137748704461e-13,
        "Low_0": 5.865477579307717e-13,
        "Low_1": 5.071267858828476e-13,
        "Low_2": 5.246383142408531e-13,
        "Open_0": 6.431506778758401e-13,
        "Open_1": 5.62668401078946e-13,
        "Open_2": 5.165016444987495e-13,
        "Volume_0": 0.46882718516580296,
        "Volume_1": 0.2707568208155201,
        "Volume_2": 0.2604159940113288,
        "daily_return_0": 1.7688412482833889e-16,
        "daily_return_1": 7.075364993133555e-16,
        "daily_return_2": 0.0,
        "daily_return_zscore_0": 5.960995006715021e-14,
        "daily_return_zscore_1": 5.907929769266518e-14,
        "daily_return_zscore_2": 2.989341709598927e-14,
        "excess_return_0": 0.0,
        "excess_return_1": 1.7688412482833889e-16,
        "excess_return_2": 0.0,
        "high_low_range_0": 0.0,
        "high_low_range_1": 1.7688412482833889e-16,
        "high_low_range_2": 0.0,
        "log_return_0": 1.7688412482833889e-16,
        "log_return_1": 7.075364993133555e-16,
        "log_return_2": 0.0,
        "log_return_zscore_0": 5.87255294430085e-14,
        "log_return_zscore_1": 5.890241356783684e-14,
        "log_return_zscore_2": 2.989341709598927e-14,
        "log_volume_0": 1.7688412482833889e-16,
        "log_volume_1": 8.844206241416944e-16,
        "log_volume_2": 5.306523744850166e-16,
        "relative_volume_0": 2.653261872425083e-15,
        "relative_volume_1": 2.653261872425083e-15,
        "relative_volume_2": 1.7688412482833887e-15,
        "relative_volume_zscore_0": 3.9798928086376245e-14,
        "relative_volume_zscore_1": 3.909139158706289e-14,
        "relative_volume_zscore_2": 3.201602659392934e-14,
        "volume_change_0": 2.2994936227684055e-15,
        "volume_change_1": 2.2994936227684055e-15,
        "volume_change_2": 2.1226094979400665e-15,
        "volume_change_zscore_0": 8.844206241416944e-15,
        "volume_change_zscore_1": 2.034167435525897e-14,
        "volume_change_zscore_2": 1.8219064857318903e-14
      }
    },
    {
      "anomaly_index": 92,
      "feature_importances": {
        "Close_0": 3.573040712541209e-13,
        "Close_1": 3.8151136731394947e-13,
        "Close_2": 3.599329178850525e-13,
        "High_0": 3.4065470925822073e-13,
        "High_1": 3.74610644907754e-13,
        "High_2": 3.8140183203766064e-13,
        "Low_0": 3.263055880643857e-13,
        "Low_1": 3.481031080458603e-13,
        "Low_2": 3.32110957707693e-13,
        "Open_0": 3.1644741319839217e-13,
        "Open_1": 3.4930799608503727e-13,
        "Open_2": 3.599329178850525e-13,
        "Volume_0": 0.15721321528177137,
        "Volume_1": 0.27791576300045795,
        "Volume_2": 0.5648710217132902,
        "daily_return_0": 2.190705525776339e-16,
        "daily_return_1": 2.190705525776339e-16,
        "daily_return_2": 0.0,
        "daily_return_zscore_0": 2.3988225507250914e-14,
        "daily_return_zscore_1": 2.552171937529435e-14,
        "daily_return_zscore_2": 1.9497279179409417e-14,
        "excess_return_0": 2.190705525776339e-16,
        "excess_return_1": 0.0,
        "excess_return_2": 0.0,
        "high_low_range_0": 2.190705525776339e-16,
        "high_low_range_1": 0.0,
        "high_low_range_2": 0.0,
        "log_return_0": 2.190705525776339e-16,
        "log_return_1": 2.190705525776339e-16,
        "log_return_2": 0.0,
        "log_return_zscore_0": 2.3659619678384463e-14,
        "log_return_zscore_1": 2.51931135464279e-14,
        "log_return_zscore_2": 1.9497279179409417e-14,
        "log_volume_0": 6.572116577329017e-16,
        "log_volume_1": 4.381411051552678e-16,
        "log_volume_2": 7.667469340217186e-16,
        "relative_volume_0": 1.0953527628881695e-15,
        "relative_volume_1": 1.4239585917546203e-15,
        "relative_volume_2": 1.6430291443322542e-15,
        "relative_volume_zscore_0": 2.081170249487522e-14,
        "relative_volume_zscore_1": 1.8073320587654798e-14,
        "relative_volume_zscore_2": 2.2235661086629843e-14,
        "volume_change_0": 3.3955935649533256e-15,
        "volume_change_1": 2.6288466309316068e-15,
        "volume_change_2": 6.572116577329017e-16,
        "volume_change_zscore_0": 1.3910980088679752e-14,
        "volume_change_zscore_1": 1.4458656470123838e-14,
        "volume_change_zscore_2": 1.2267950944347498e-14
      }
    }
  ]
}