index,subsequence_idx,score
6,6,2.43964
7,7,2.51447
10,10,2.49086
11,11,2.44226
74,74,2.55538
75,75,2.58368
144,144,2.89714
145,145,2.91614
147,147,2.89397
211,211,2.66163
213,213,2.65573
214,214,2.79631
288,288,2.47106
292,292,2.45934
293,293,2.58845
294,294,2.69351
301,301,2.5926
323,323,3.14249
335,335,3.10868
346,346,3.27737
356,356,2.65825
358,358,2.70196
359,359,2.79683
427,427,2.8697
428,428,2.87203
429,429,3.16172
480,480,2.45502
494,494,3.04063
495,495,3.04291
496,496,3.25177
