index,subsequence_idx,score
114,114,2.35223
129,129,2.51036
130,130,2.44554
143,143,2.77823
144,144,3.1295
145,145,2.28911
279,279,2.60689
287,287,2.28465
342,342,2.44817
343,343,2.35635
356,356,2.7448
393,393,2.44781
394,394,2.48471
427,427,2.61273
429,429,2.42639
430,430,2.2888
494,494,2.45327
