{
  "aida": 0.128,
  "iforest": 0.0601649284362793,
  "lof": 0.037222862243652344
}