{
  "aida": 0.134,
  "iforest": 0.06733083724975586,
  "lof": 0.030802249908447266
}