{
  "aida": 0.196,
  "iforest": 0.10344982147216797,
  "lof": 0.027942180633544922
}