{
  "aida": 0.171,
  "iforest": 0.09745192527770996,
  "lof": 0.014990091323852539
}