{
  "aida": 0.124,
  "iforest": 0.059144020080566406,
  "lof": 0.0331568717956543
}