{
  "aida": 0.183,
  "iforest": 0.09861183166503906,
  "lof": 0.03844308853149414
}