feature_0,feature_1,feature_2,feature_3,feature_4,feature_5,feature_6,feature_7,feature_8,feature_9,feature_10,feature_11,feature_12,feature_13,feature_14
-0.0246054865494456,0.2356369298598597,0.0344661482282646,0.007969257645525,-0.1716976777443777,0.0127675169899566,0.0123053635826368,-0.1259523650791209,0.0136199628013354,0.0028187752873134,-0.1229195595626919,0.0178677790890784,0.0187387141528372,0.2695647326405923,0.0241594211633993
0.007969257645525,-0.1716976777443777,0.0127675169899566,0.0123053635826368,-0.1259523650791209,0.0136199628013354,0.0028187752873134,-0.1229195595626919,0.0178677790890784,0.0187387141528372,0.2695647326405923,0.0241594211633993,0.0206931332004045,0.3583022012860302,0.0132223411413236
0.0123053635826368,-0.1259523650791209,0.0136199628013354,0.0028187752873134,-0.1229195595626919,0.0178677790890784,0.0187387141528372,0.2695647326405923,0.0241594211633993,0.0206931332004045,0.3583022012860302,0.0132223411413236,-0.0051811045105516,0.0314075939939069,0.0200173123653137
0.0028187752873134,-0.1229195595626919,0.0178677790890784,0.0187387141528372,0.2695647326405923,0.0241594211633993,0.0206931332004045,0.3583022012860302,0.0132223411413236,-0.0051811045105516,0.0314075939939069,0.0200173123653137,0.0146050958778096,-0.1996196264716907,0.0182735703945731
0.0187387141528372,0.2695647326405923,0.0241594211633993,0.0206931332004045,0.3583022012860302,0.0132223411413236,-0.0051811045105516,0.0314075939939069,0.0200173123653137,0.0146050958778096,-0.1996196264716907,0.0182735703945731,0.0144506868585048,0.1047707361848835,0.019388731055681
0.0206931332004045,0.3583022012860302,0.0132223411413236,-0.0051811045105516,0.0314075939939069,0.0200173123653137,0.0146050958778096,-0.1996196264716907,0.0182735703945731,0.0144506868585048,0.1047707361848835,0.019388731055681,0.005885084997484,-0.3004352757691763,0.0102428583504706
-0.0051811045105516,0.0314075939939069,0.0200173123653137,0.0146050958778096,-0.1996196264716907,0.0182735703945731,0.0144506868585048,0.1047707361848835,0.019388731055681,0.005885084997484,-0.3004352757691763,0.0102428583504706,-0.0026245788290135,0.0896467998775849,0.0127055584930047
0.0146050958778096,-0.1996196264716907,0.0182735703945731,0.0144506868585048,0.1047707361848835,0.019388731055681,0.005885084997484,-0.3004352757691763,0.0102428583504706,-0.0026245788290135,0.0896467998775849,0.0127055584930047,0.0232201682552988,0.2300798869121243,0.0165640961430922
