feature_0,feature_1,feature_2,feature_3,feature_4,feature_5,feature_6,feature_7,feature_8,feature_9,feature_10,feature_11,feature_12,feature_13,feature_14
-0.007309941629182,-0.0407213970948261,0.0233339986611974,0.0015709736328572,-0.2832837090599744,0.0112370569141567,0.0054896338287091,0.2789317507418398,0.0161258548560533,0.007409594798593,0.0252436194895591,0.0111176065873801,0.005419505938937,-0.0632750973114872,0.0096993211910765
0.0015709736328572,-0.2832837090599744,0.0112370569141567,0.0054896338287091,0.2789317507418398,0.0161258548560533,0.007409594798593,0.0252436194895591,0.0111176065873801,0.005419505938937,-0.0632750973114872,0.0096993211910765,0.0132832540333567,0.5515075376884422,0.0142156922376572
0.0054896338287091,0.2789317507418398,0.0161258548560533,0.007409594798593,0.0252436194895591,0.0111176065873801,0.005419505938937,-0.0632750973114872,0.0096993211910765,0.0132832540333567,0.5515075376884422,0.0142156922376572,0.0306830384718772,0.2362503892868266,0.0271651213983607
0.007409594798593,0.0252436194895591,0.0111176065873801,0.005419505938937,-0.0632750973114872,0.0096993211910765,0.0132832540333567,0.5515075376884422,0.0142156922376572,0.0306830384718772,0.2362503892868266,0.0271651213983607,-0.0005529728902651,-0.1468158000806126,0.006773716058945
0.005419505938937,-0.0632750973114872,0.0096993211910765,0.0132832540333567,0.5515075376884422,0.0142156922376572,0.0306830384718772,0.2362503892868266,0.0271651213983607,-0.0005529728902651,-0.1468158000806126,0.006773716058945,0.0038730925810543,0.9092949096492264,0.0236321811018318
0.0132832540333567,0.5515075376884422,0.0142156922376572,0.0306830384718772,0.2362503892868266,0.0271651213983607,-0.0005529728902651,-0.1468158000806126,0.006773716058945,0.0038730925810543,0.9092949096492264,0.0236321811018318,0.0156163598999699,0.2225658790053197,0.0389369242416227
0.0306830384718772,0.2362503892868266,0.0271651213983607,-0.0005529728902651,-0.1468158000806126,0.006773716058945,0.0038730925810543,0.9092949096492264,0.0236321811018318,0.0156163598999699,0.2225658790053197,0.0389369242416227,-0.006964513929718,-0.5070076907508602,0.0150238121530742
-0.0005529728902651,-0.1468158000806126,0.006773716058945,0.0038730925810543,0.9092949096492264,0.0236321811018318,0.0156163598999699,0.2225658790053197,0.0389369242416227,-0.006964513929718,-0.5070076907508602,0.0150238121530742,0.0089260927167045,-0.3299122491917688,0.0131471054273255
