feature_0,feature_1,feature_2,feature_3,feature_4,feature_5,feature_6,feature_7,feature_8,feature_9,feature_10,feature_11,feature_12,feature_13,feature_14
-0.2488470348664739,1.5845831880013952,0.073981039196772,0.001994148235102,-0.4733179101600154,0.0642414334297818,-0.0219964224077718,0.0573227424137048,0.1008279411848691,-0.0115133827355068,-0.5808204950666436,0.0329154947473177,-0.0074759718912253,0.2988932936901223,0.0310328991348082
0.001994148235102,-0.4733179101600154,0.0642414334297818,-0.0219964224077718,0.0573227424137048,0.1008279411848691,-0.0115133827355068,-0.5808204950666436,0.0329154947473177,-0.0074759718912253,0.2988932936901223,0.0310328991348082,0.0497243615332612,0.2538945762065239,0.0466222897162824
-0.0219964224077718,0.0573227424137048,0.1008279411848691,-0.0115133827355068,-0.5808204950666436,0.0329154947473177,-0.0074759718912253,0.2988932936901223,0.0310328991348082,0.0497243615332612,0.2538945762065239,0.0466222897162824,0.0266222697701756,0.0963995943204867,0.0430112788009636
-0.0115133827355068,-0.5808204950666436,0.0329154947473177,-0.0074759718912253,0.2988932936901223,0.0310328991348082,0.0497243615332612,0.2538945762065239,0.0466222897162824,0.0266222697701756,0.0963995943204867,0.0430112788009636,0.0016714030944799,-0.276952962397669,0.0281075246807616
-0.0074759718912253,0.2988932936901223,0.0310328991348082,0.0497243615332612,0.2538945762065239,0.0466222897162824,0.0266222697701756,0.0963995943204867,0.0430112788009636,0.0016714030944799,-0.276952962397669,0.0281075246807616,-0.0012640946280992,-0.218959892535022,0.0185184651816346
0.0497243615332612,0.2538945762065239,0.0466222897162824,0.0266222697701756,0.0963995943204867,0.0430112788009636,0.0016714030944799,-0.276952962397669,0.0281075246807616,-0.0012640946280992,-0.218959892535022,0.0185184651816346,-0.0197448818900072,-0.0285831285831286,0.0293168354490826
0.0266222697701756,0.0963995943204867,0.0430112788009636,0.0016714030944799,-0.276952962397669,0.0281075246807616,-0.0012640946280992,-0.218959892535022,0.0185184651816346,-0.0197448818900072,-0.0285831285831286,0.0293168354490826,-0.0324346603536267,-0.0525250822021752,0.0475500018036394
0.0016714030944799,-0.276952962397669,0.0281075246807616,-0.0012640946280992,-0.218959892535022,0.0185184651816346,-0.0197448818900072,-0.0285831285831286,0.0293168354490826,-0.0324346603536267,-0.0525250822021752,0.0475500018036394,0.0255685312189419,0.2943584267663286,0.0359120914565956
