feature_0,feature_1,feature_2,feature_3,feature_4,feature_5,feature_6,feature_7,feature_8,feature_9,feature_10,feature_11,feature_12,feature_13,feature_14
-0.0149929953371382,0.3465120176997083,0.0277989096573309,0.0683281608245998,0.2478582347054108,0.0358509221617566,0.0389072250916899,-0.4215473233032185,0.0345364228821071,0.002863308000901,-0.2882797249104993,0.0141219384673809,0.0293786442985737,0.1926752394871815,0.0272230888256393
0.0683281608245998,0.2478582347054108,0.0358509221617566,0.0389072250916899,-0.4215473233032185,0.0345364228821071,0.002863308000901,-0.2882797249104993,0.0141219384673809,0.0293786442985737,0.1926752394871815,0.0272230888256393,0.007810272439553,-0.1510286139634061,0.0171465986440955
0.0389072250916899,-0.4215473233032185,0.0345364228821071,0.002863308000901,-0.2882797249104993,0.0141219384673809,0.0293786442985737,0.1926752394871815,0.0272230888256393,0.007810272439553,-0.1510286139634061,0.0171465986440955,0.0038386235328597,-0.157542494070261,0.0148418231372537
0.002863308000901,-0.2882797249104993,0.0141219384673809,0.0293786442985737,0.1926752394871815,0.0272230888256393,0.007810272439553,-0.1510286139634061,0.0171465986440955,0.0038386235328597,-0.157542494070261,0.0148418231372537,0.0082251034592091,0.0218873275282227,0.0171291927344078
0.0293786442985737,0.1926752394871815,0.0272230888256393,0.007810272439553,-0.1510286139634061,0.0171465986440955,0.0038386235328597,-0.157542494070261,0.0148418231372537,0.0082251034592091,0.0218873275282227,0.0171291927344078,0.0212537648772914,0.1908610997456103,0.0204270115102313
0.007810272439553,-0.1510286139634061,0.0171465986440955,0.0038386235328597,-0.157542494070261,0.0148418231372537,0.0082251034592091,0.0218873275282227,0.0171291927344078,0.0212537648772914,0.1908610997456103,0.0204270115102313,-0.0044145809906355,-0.1686500415472378,0.0134541416234305
0.0038386235328597,-0.157542494070261,0.0148418231372537,0.0082251034592091,0.0218873275282227,0.0171291927344078,0.0212537648772914,0.1908610997456103,0.0204270115102313,-0.0044145809906355,-0.1686500415472378,0.0134541416234305,-0.0104166364616106,-0.1861182299867255,0.0200943766603372
0.0082251034592091,0.0218873275282227,0.0171291927344078,0.0212537648772914,0.1908610997456103,0.0204270115102313,-0.0044145809906355,-0.1686500415472378,0.0134541416234305,-0.0104166364616106,-0.1861182299867255,0.0200943766603372,0.0210525698903516,0.3602112850968941,0.0267313997318396
