feature_0,feature_1,feature_2,feature_3,feature_4,feature_5,feature_6,feature_7,feature_8,feature_9,feature_10,feature_11,feature_12,feature_13,feature_14
0.0411040090891727,0.5071497429305913,0.0426617918086278,-0.0090242513257593,-0.4628751132668834,0.0225268259297905,0.0098653496523499,-0.033541728689094,0.0195761426672806,-0.0045086598487189,0.0705411233186159,0.0171135486455139,0.0007547588455922,-0.1341837713408785,0.0182249472876544
-0.0090242513257593,-0.4628751132668834,0.0225268259297905,0.0098653496523499,-0.033541728689094,0.0195761426672806,-0.0045086598487189,0.0705411233186159,0.0171135486455139,0.0007547588455922,-0.1341837713408785,0.0182249472876544,-0.005562938093502,0.1708208707211698,0.0208810306899094
0.0098653496523499,-0.033541728689094,0.0195761426672806,-0.0045086598487189,0.0705411233186159,0.0171135486455139,0.0007547588455922,-0.1341837713408785,0.0182249472876544,-0.005562938093502,0.1708208707211698,0.0208810306899094,0.0055940574890049,-0.1905572901882865,0.0133005943241367
-0.0045086598487189,0.0705411233186159,0.0171135486455139,0.0007547588455922,-0.1341837713408785,0.0182249472876544,-0.005562938093502,0.1708208707211698,0.0208810306899094,0.0055940574890049,-0.1905572901882865,0.0133005943241367,-0.0060343442066347,-0.0730566919929865,0.0142311894612626
0.0007547588455922,-0.1341837713408785,0.0182249472876544,-0.005562938093502,0.1708208707211698,0.0208810306899094,0.0055940574890049,-0.1905572901882865,0.0133005943241367,-0.0060343442066347,-0.0730566919929865,0.0142311894612626,-0.0075885908126385,-0.1462799495586381,0.0152539274292712
-0.005562938093502,0.1708208707211698,0.0208810306899094,0.0055940574890049,-0.1905572901882865,0.0133005943241367,-0.0060343442066347,-0.0730566919929865,0.0142311894612626,-0.0075885908126385,-0.1462799495586381,0.0152539274292712,-0.0177786228951446,0.687887740029542,0.0295759144551435
0.0055940574890049,-0.1905572901882865,0.0133005943241367,-0.0060343442066347,-0.0730566919929865,0.0142311894612626,-0.0075885908126385,-0.1462799495586381,0.0152539274292712,-0.0177786228951446,0.687887740029542,0.0295759144551435,0.0108018656363635,0.0558326769930865,0.0225277700211523
-0.0060343442066347,-0.0730566919929865,0.0142311894612626,-0.0075885908126385,-0.1462799495586381,0.0152539274292712,-0.0177786228951446,0.687887740029542,0.0295759144551435,0.0108018656363635,0.0558326769930865,0.0225277700211523,0.0063540948402143,-0.3332780770824699,0.0145151930826032
