feature_0,feature_1,feature_2,feature_3,feature_4,feature_5,feature_6,feature_7,feature_8,feature_9,feature_10,feature_11,feature_12,feature_13,feature_14
-0.0021964685300718,0.0237114974077463,0.0085256541524821,-0.0132377801004076,0.3436359573992702,0.0169702223274616,0.0171837217866956,-0.2698021173992573,0.01860434948535,0.0116178621487519,0.1640414468440429,0.011822193287037,0.0070899526057961,-0.090384427271838,0.0139467971908916
-0.0132377801004076,0.3436359573992702,0.0169702223274616,0.0171837217866956,-0.2698021173992573,0.01860434948535,0.0116178621487519,0.1640414468440429,0.011822193287037,0.0070899526057961,-0.090384427271838,0.0139467971908916,0.0153308771306817,0.2308491952539699,0.014194527281386
0.0171837217866956,-0.2698021173992573,0.01860434948535,0.0116178621487519,0.1640414468440429,0.011822193287037,0.0070899526057961,-0.090384427271838,0.0139467971908916,0.0153308771306817,0.2308491952539699,0.014194527281386,0.0079938359771496,0.2840667501528964,0.0130363859664337
0.0116178621487519,0.1640414468440429,0.011822193287037,0.0070899526057961,-0.090384427271838,0.0139467971908916,0.0153308771306817,0.2308491952539699,0.014194527281386,0.0079938359771496,0.2840667501528964,0.0130363859664337,-0.0147238359106566,0.2442902179583135,0.0289775076772917
0.0070899526057961,-0.090384427271838,0.0139467971908916,0.0153308771306817,0.2308491952539699,0.014194527281386,0.0079938359771496,0.2840667501528964,0.0130363859664337,-0.0147238359106566,0.2442902179583135,0.0289775076772917,-0.0013270387692884,-0.4417082862454886,0.0076968472495444
0.0153308771306817,0.2308491952539699,0.014194527281386,0.0079938359771496,0.2840667501528964,0.0130363859664337,-0.0147238359106566,0.2442902179583135,0.0289775076772917,-0.0013270387692884,-0.4417082862454886,0.0076968472495444,0.0003754639633495,-0.150347709686898,0.0096028243788602
0.0079938359771496,0.2840667501528964,0.0130363859664337,-0.0147238359106566,0.2442902179583135,0.0289775076772917,-0.0013270387692884,-0.4417082862454886,0.0076968472495444,0.0003754639633495,-0.150347709686898,0.0096028243788602,0.0054288332344281,0.1728020288964034,0.0093115210542077
-0.0147238359106566,0.2442902179583135,0.0289775076772917,-0.0013270387692884,-0.4417082862454886,0.0076968472495444,0.0003754639633495,-0.150347709686898,0.0096028243788602,0.0054288332344281,0.1728020288964034,0.0093115210542077,0.0068355590007398,0.2126404770485894,0.0074584224268302
