feature_0,feature_1,feature_2,feature_3,feature_4,feature_5,feature_6,feature_7,feature_8,feature_9,feature_10,feature_11,feature_12,feature_13,feature_14
0.0461463916730411,0.5072250795983346,0.0515752204874319,-0.0272741340816925,-0.5548830029249269,0.029858975184557,0.013549721740897,0.1985945057953819,0.0310754223056822,0.0053318154133945,-0.2617832939922333,0.022879396431177,0.0186779216475678,0.2400206291903042,0.0239852019777773
-0.0272741340816925,-0.5548830029249269,0.029858975184557,0.013549721740897,0.1985945057953819,0.0310754223056822,0.0053318154133945,-0.2617832939922333,0.022879396431177,0.0186779216475678,0.2400206291903042,0.0239852019777773,-0.0090545141394909,-0.1711029778738978,0.0143786224306882
0.013549721740897,0.1985945057953819,0.0310754223056822,0.0053318154133945,-0.2617832939922333,0.022879396431177,0.0186779216475678,0.2400206291903042,0.0239852019777773,-0.0090545141394909,-0.1711029778738978,0.0143786224306882,0.0196451000508164,-0.130155544405419,0.0265015579745912
0.0053318154133945,-0.2617832939922333,0.022879396431177,0.0186779216475678,0.2400206291903042,0.0239852019777773,-0.0090545141394909,-0.1711029778738978,0.0143786224306882,0.0196451000508164,-0.130155544405419,0.0265015579745912,-0.0001493945348635,0.0055376095985233,0.0166842120955664
0.0186779216475678,0.2400206291903042,0.0239852019777773,-0.0090545141394909,-0.1711029778738978,0.0143786224306882,0.0196451000508164,-0.130155544405419,0.0265015579745912,-0.0001493945348635,0.0055376095985233,0.0166842120955664,-0.0075434940009307,-0.2689307021569527,0.0109244104190182
-0.0090545141394909,-0.1711029778738978,0.0143786224306882,0.0196451000508164,-0.130155544405419,0.0265015579745912,-0.0001493945348635,0.0055376095985233,0.0166842120955664,-0.0075434940009307,-0.2689307021569527,0.0109244104190182,0.0044401749062896,0.1409290646578782,0.0120956011360807
0.0196451000508164,-0.130155544405419,0.0265015579745912,-0.0001493945348635,0.0055376095985233,0.0166842120955664,-0.0075434940009307,-0.2689307021569527,0.0109244104190182,0.0044401749062896,0.1409290646578782,0.0120956011360807,-0.0137110069672111,0.0609353507565337,0.0163460344897592
-0.0001493945348635,0.0055376095985233,0.0166842120955664,-0.0075434940009307,-0.2689307021569527,0.0109244104190182,0.0044401749062896,0.1409290646578782,0.0120956011360807,-0.0137110069672111,0.0609353507565337,0.0163460344897592,0.0089637003465494,-0.2332425774666148,0.012098587429948
