feature_0,feature_1,feature_2,feature_3,feature_4,feature_5,feature_6,feature_7,feature_8,feature_9,feature_10,feature_11,feature_12,feature_13,feature_14
-0.0265106314288477,-0.3236497554707928,0.0252329947447328,-0.0008996175966957,-0.2189687895957141,0.025788191479335,0.018744456252143,-0.3506310793982027,0.0215886071354696,-0.0030532287072851,-0.0914924274622409,0.0218436730935405,0.0191006083085605,0.144152470495164,0.0223892387304866
-0.0008996175966957,-0.2189687895957141,0.025788191479335,0.018744456252143,-0.3506310793982027,0.0215886071354696,-0.0030532287072851,-0.0914924274622409,0.0218436730935405,0.0191006083085605,0.144152470495164,0.0223892387304866,0.0082245784104846,-0.0983232720793553,0.0161505981047389
0.018744456252143,-0.3506310793982027,0.0215886071354696,-0.0030532287072851,-0.0914924274622409,0.0218436730935405,0.0191006083085605,0.144152470495164,0.0223892387304866,0.0082245784104846,-0.0983232720793553,0.0161505981047389,0.0126285727411055,-0.0274474093627187,0.0130611462613282
-0.0030532287072851,-0.0914924274622409,0.0218436730935405,0.0191006083085605,0.144152470495164,0.0223892387304866,0.0082245784104846,-0.0983232720793553,0.0161505981047389,0.0126285727411055,-0.0274474093627187,0.0130611462613282,0.0089077282294358,-0.2777624042365267,0.0129789243235442
0.0191006083085605,0.144152470495164,0.0223892387304866,0.0082245784104846,-0.0983232720793553,0.0161505981047389,0.0126285727411055,-0.0274474093627187,0.0130611462613282,0.0089077282294358,-0.2777624042365267,0.0129789243235442,0.0055279015303253,0.5618416287455321,0.0156298021479786
0.0082245784104846,-0.0983232720793553,0.0161505981047389,0.0126285727411055,-0.0274474093627187,0.0130611462613282,0.0089077282294358,-0.2777624042365267,0.0129789243235442,0.0055279015303253,0.5618416287455321,0.0156298021479786,0.0066426219298769,-0.1119557217892752,0.0109344544113629
0.0126285727411055,-0.0274474093627187,0.0130611462613282,0.0089077282294358,-0.2777624042365267,0.0129789243235442,0.0055279015303253,0.5618416287455321,0.0156298021479786,0.0066426219298769,-0.1119557217892752,0.0109344544113629,-0.0121359612817726,-0.101340356772548,0.0190666224947407
0.0089077282294358,-0.2777624042365267,0.0129789243235442,0.0055279015303253,0.5618416287455321,0.0156298021479786,0.0066426219298769,-0.1119557217892752,0.0109344544113629,-0.0121359612817726,-0.101340356772548,0.0190666224947407,0.0180436373096701,0.1332965579969514,0.0261958063033499
