feature_0,feature_1,feature_2,feature_3,feature_4,feature_5,feature_6,feature_7,feature_8,feature_9,feature_10,feature_11,feature_12,feature_13,feature_14
-0.0254993427383694,-0.4233052872554472,0.0256703678669262,-0.0003240338676869,0.1020514695907088,0.0245348541033751,0.0190437504895784,-0.3533024510472948,0.0215531632025942,-0.0035785075945752,-0.1258896944416857,0.0212628157510345,0.0181165307508304,0.256265563308937,0.0225334780327797
-0.0003240338676869,0.1020514695907088,0.0245348541033751,0.0190437504895784,-0.3533024510472948,0.0215531632025942,-0.0035785075945752,-0.1258896944416857,0.0212628157510345,0.0181165307508304,0.256265563308937,0.0225334780327797,0.0079171226156231,-0.0921331293383478,0.0154554345336492
0.0190437504895784,-0.3533024510472948,0.0215531632025942,-0.0035785075945752,-0.1258896944416857,0.0212628157510345,0.0181165307508304,0.256265563308937,0.0225334780327797,0.0079171226156231,-0.0921331293383478,0.0154554345336492,0.0139213634988113,-0.1898496162578813,0.0133323098514819
-0.0035785075945752,-0.1258896944416857,0.0212628157510345,0.0181165307508304,0.256265563308937,0.0225334780327797,0.0079171226156231,-0.0921331293383478,0.0154554345336492,0.0139213634988113,-0.1898496162578813,0.0133323098514819,0.0082842063955823,-0.2130095963192761,0.0125452549426359
0.0181165307508304,0.256265563308937,0.0225334780327797,0.0079171226156231,-0.0921331293383478,0.0154554345336492,0.0139213634988113,-0.1898496162578813,0.0133323098514819,0.0082842063955823,-0.2130095963192761,0.0125452549426359,0.0072270001144143,0.2515168875810525,0.0163184337319538
0.0079171226156231,-0.0921331293383478,0.0154554345336492,0.0139213634988113,-0.1898496162578813,0.0133323098514819,0.0082842063955823,-0.2130095963192761,0.0125452549426359,0.0072270001144143,0.2515168875810525,0.0163184337319538,0.0064954373880132,-0.2148482610097899,0.0104418098197971
0.0139213634988113,-0.1898496162578813,0.0133323098514819,0.0082842063955823,-0.2130095963192761,0.0125452549426359,0.0072270001144143,0.2515168875810525,0.0163184337319538,0.0064954373880132,-0.2148482610097899,0.0104418098197971,-0.0117814254850665,0.1910014840727196,0.0186298555955296
0.0082842063955823,-0.2130095963192761,0.0125452549426359,0.0072270001144143,0.2515168875810525,0.0163184337319538,0.0064954373880132,-0.2148482610097899,0.0104418098197971,-0.0117814254850665,0.1910014840727196,0.0186298555955296,0.017996796414704,0.1611214641337301,0.0259800510592889
