feature_0,feature_1,feature_2,feature_3,feature_4,feature_5,feature_6,feature_7,feature_8,feature_9,feature_10,feature_11,feature_12,feature_13,feature_14
-0.0230311670987228,-0.0611894312186904,0.0262278342445841,0.0038022300969495,-0.1314295158605546,0.0228675037568691,-0.0045454730899137,-0.0780574659526462,0.0290862577219392,-0.0020294127907785,-0.0624050950155533,0.022353617356442,0.0020335396822201,-0.2145664958017548,0.0224490064027551
0.0038022300969495,-0.1314295158605546,0.0228675037568691,-0.0045454730899137,-0.0780574659526462,0.0290862577219392,-0.0020294127907785,-0.0624050950155533,0.022353617356442,0.0020335396822201,-0.2145664958017548,0.0224490064027551,0.0296803869778912,0.0781950672645739,0.031987868894499
-0.0045454730899137,-0.0780574659526462,0.0290862577219392,-0.0020294127907785,-0.0624050950155533,0.022353617356442,0.0020335396822201,-0.2145664958017548,0.0224490064027551,0.0296803869778912,0.0781950672645739,0.031987868894499,-0.0073910778562981,-0.1183853837869954,0.0213877301649493
-0.0020294127907785,-0.0624050950155533,0.022353617356442,0.0020335396822201,-0.2145664958017548,0.0224490064027551,0.0296803869778912,0.0781950672645739,0.031987868894499,-0.0073910778562981,-0.1183853837869954,0.0213877301649493,-0.0191113370571395,0.1406217092793058,0.0309487893803156
0.0020335396822201,-0.2145664958017548,0.0224490064027551,0.0296803869778912,0.0781950672645739,0.031987868894499,-0.0073910778562981,-0.1183853837869954,0.0213877301649493,-0.0191113370571395,0.1406217092793058,0.0309487893803156,-0.0397266716766755,0.2098266216141362,0.0285563680531306
0.0296803869778912,0.0781950672645739,0.031987868894499,-0.0073910778562981,-0.1183853837869954,0.0213877301649493,-0.0191113370571395,0.1406217092793058,0.0309487893803156,-0.0397266716766755,0.2098266216141362,0.0285563680531306,-0.0042160445602392,0.0738366680402302,0.0201858775758832
-0.0073910778562981,-0.1183853837869954,0.0213877301649493,-0.0191113370571395,0.1406217092793058,0.0309487893803156,-0.0397266716766755,0.2098266216141362,0.0285563680531306,-0.0042160445602392,0.0738366680402302,0.0201858775758832,0.0002645402234608,-0.3379286820824035,0.0172597325680437
-0.0191113370571395,0.1406217092793058,0.0309487893803156,-0.0397266716766755,0.2098266216141362,0.0285563680531306,-0.0042160445602392,0.0738366680402302,0.0201858775758832,0.0002645402234608,-0.3379286820824035,0.0172597325680437,0.0129628998366579,-0.0786536149750987,0.0171593899908509
