feature_0,feature_1,feature_2,feature_3,feature_4,feature_5,feature_6,feature_7,feature_8,feature_9,feature_10,feature_11,feature_12,feature_13,feature_14
-0.0144259732885041,0.0577940959706273,0.0173517460256832,-0.0133578537089442,0.2679376741829238,0.0344727291694269,0.0077774856931129,-0.1073423184901739,0.019175005729804,0.0084320431622322,0.2054349894232598,0.0148761726742187,0.0041101359600925,-0.5004456741750385,0.0147058647320566
-0.0133578537089442,0.2679376741829238,0.0344727291694269,0.0077774856931129,-0.1073423184901739,0.019175005729804,0.0084320431622322,0.2054349894232598,0.0148761726742187,0.0041101359600925,-0.5004456741750385,0.0147058647320566,0.0175018086858573,0.176551493411148,0.0169133844855854
0.0077774856931129,-0.1073423184901739,0.019175005729804,0.0084320431622322,0.2054349894232598,0.0148761726742187,0.0041101359600925,-0.5004456741750385,0.0147058647320566,0.0175018086858573,0.176551493411148,0.0169133844855854,0.0065195180079591,-0.1788095162870051,0.0103820601076755
0.0084320431622322,0.2054349894232598,0.0148761726742187,0.0041101359600925,-0.5004456741750385,0.0147058647320566,0.0175018086858573,0.176551493411148,0.0169133844855854,0.0065195180079591,-0.1788095162870051,0.0103820601076755,0.0118522821312623,0.1381605524883133,0.013647613058654
0.0041101359600925,-0.5004456741750385,0.0147058647320566,0.0175018086858573,0.176551493411148,0.0169133844855854,0.0065195180079591,-0.1788095162870051,0.0103820601076755,0.0118522821312623,0.1381605524883133,0.013647613058654,-0.0128029448116502,-0.0444688582776979,0.0182572564191907
0.0175018086858573,0.176551493411148,0.0169133844855854,0.0065195180079591,-0.1788095162870051,0.0103820601076755,0.0118522821312623,0.1381605524883133,0.013647613058654,-0.0128029448116502,-0.0444688582776979,0.0182572564191907,-0.0106236617528593,0.1969964976828102,0.0255833526910185
0.0065195180079591,-0.1788095162870051,0.0103820601076755,0.0118522821312623,0.1381605524883133,0.013647613058654,-0.0128029448116502,-0.0444688582776979,0.0182572564191907,-0.0106236617528593,0.1969964976828102,0.0255833526910185,-0.0225910573327839,0.2296256889952861,0.0264247738561873
0.0118522821312623,0.1381605524883133,0.013647613058654,-0.0128029448116502,-0.0444688582776979,0.0182572564191907,-0.0106236617528593,0.1969964976828102,0.0255833526910185,-0.0225910573327839,0.2296256889952861,0.0264247738561873,0.0084178358582074,-0.0917557985819012,0.0217830661119175
