feature_0,feature_1,feature_2,feature_3,feature_4,feature_5,feature_6,feature_7,feature_8,feature_9,feature_10,feature_11,feature_12,feature_13,feature_14
-0.0373250657849076,0.58047283284944,0.0558339529144561,0.029061822685739,-0.5561715611367628,0.0216404284106704,0.0199845251496284,-0.039234634058987,0.0346096188797735,-0.0045927273526672,-0.3165418795784084,0.022973818165968,0.0351179854149921,0.0514762634942524,0.0360774686455524
0.029061822685739,-0.5561715611367628,0.0216404284106704,0.0199845251496284,-0.039234634058987,0.0346096188797735,-0.0045927273526672,-0.3165418795784084,0.022973818165968,0.0351179854149921,0.0514762634942524,0.0360774686455524,-0.0031424381548487,0.0585869065212922,0.0340220582129286
0.0199845251496284,-0.039234634058987,0.0346096188797735,-0.0045927273526672,-0.3165418795784084,0.022973818165968,0.0351179854149921,0.0514762634942524,0.0360774686455524,-0.0031424381548487,0.0585869065212922,0.0340220582129286,0.0119986538846199,-0.2254874767703103,0.0145649763337163
-0.0045927273526672,-0.3165418795784084,0.022973818165968,0.0351179854149921,0.0514762634942524,0.0360774686455524,-0.0031424381548487,0.0585869065212922,0.0340220582129286,0.0119986538846199,-0.2254874767703103,0.0145649763337163,0.0038142554288036,-0.230773362938027,0.0123389226096764
0.0351179854149921,0.0514762634942524,0.0360774686455524,-0.0031424381548487,0.0585869065212922,0.0340220582129286,0.0119986538846199,-0.2254874767703103,0.0145649763337163,0.0038142554288036,-0.230773362938027,0.0123389226096764,0.009563097256668,0.0906212900672733,0.0186595740477396
-0.0031424381548487,0.0585869065212922,0.0340220582129286,0.0119986538846199,-0.2254874767703103,0.0145649763337163,0.0038142554288036,-0.230773362938027,0.0123389226096764,0.009563097256668,0.0906212900672733,0.0186595740477396,0.0030110343363125,-0.0317240103588605,0.0204839354339237
0.0119986538846199,-0.2254874767703103,0.0145649763337163,0.0038142554288036,-0.230773362938027,0.0123389226096764,0.009563097256668,0.0906212900672733,0.0186595740477396,0.0030110343363125,-0.0317240103588605,0.0204839354339237,0.0024079052700745,0.1832075651924729,0.016875800153124
0.0038142554288036,-0.230773362938027,0.0123389226096764,0.009563097256668,0.0906212900672733,0.0186595740477396,0.0030110343363125,-0.0317240103588605,0.0204839354339237,0.0024079052700745,0.1832075651924729,0.016875800153124,0.0256433826166888,0.185871043463681,0.0301759685290452
