feature_0,feature_1,feature_2,feature_3,feature_4,feature_5,feature_6,feature_7,feature_8,feature_9,feature_10,feature_11,feature_12,feature_13,feature_14
-0.0112811266474878,-0.04163052905464,0.0208622206729783,-0.0076066519059159,0.0208144796380089,0.0148480271124364,0.0195106125630857,-0.0093085106382978,0.0192882702039067,0.0002135484699852,-0.048993288590604,0.0118716163833341,0.0002562970644124,0.1961891319689483,0.0165761930303575
-0.0076066519059159,0.0208144796380089,0.0148480271124364,0.0195106125630857,-0.0093085106382978,0.0192882702039067,0.0002135484699852,-0.048993288590604,0.0118716163833341,0.0002562970644124,0.1961891319689483,0.0165761930303575,0.0200582453464053,0.135103244837758,0.0252785317461925
0.0195106125630857,-0.0093085106382978,0.0192882702039067,0.0002135484699852,-0.048993288590604,0.0118716163833341,0.0002562970644124,0.1961891319689483,0.0165761930303575,0.0200582453464053,0.135103244837758,0.0252785317461925,0.015462093037841,0.1146916146916146,0.015695271941545
0.0002135484699852,-0.048993288590604,0.0118716163833341,0.0002562970644124,0.1961891319689483,0.0165761930303575,0.0200582453464053,0.135103244837758,0.0252785317461925,0.015462093037841,0.1146916146916146,0.015695271941545,-0.0004964786350909,0.1085638793907366,0.0140984982785458
0.0002562970644124,0.1961891319689483,0.0165761930303575,0.0200582453464053,0.135103244837758,0.0252785317461925,0.015462093037841,0.1146916146916146,0.015695271941545,-0.0004964786350909,0.1085638793907366,0.0140984982785458,0.0039741893993421,-0.0246056782334385,0.0138559555847528
0.0200582453464053,0.135103244837758,0.0252785317461925,0.015462093037841,0.1146916146916146,0.015695271941545,-0.0004964786350909,0.1085638793907366,0.0140984982785458,0.0039741893993421,-0.0246056782334385,0.0138559555847528,-0.0042058050734501,-0.2511858559724019,0.0117485958721706
0.015462093037841,0.1146916146916146,0.015695271941545,-0.0004964786350909,0.1085638793907366,0.0140984982785458,0.0039741893993421,-0.0246056782334385,0.0138559555847528,-0.0042058050734501,-0.2511858559724019,0.0117485958721706,-0.0105589860335352,0.1609559458681255,0.0132478249204756
-0.0004964786350909,0.1085638793907366,0.0140984982785458,0.0039741893993421,-0.0246056782334385,0.0138559555847528,-0.0042058050734501,-0.2511858559724019,0.0117485958721706,-0.0105589860335352,0.1609559458681255,0.0132478249204756,0.0015484235153064,0.1470734126984128,0.020105215488655
