feature_0,feature_1,feature_2,feature_3,feature_4,feature_5,feature_6,feature_7,feature_8,feature_9,feature_10,feature_11,feature_12,feature_13,feature_14
0.0037532342499548,-0.0552665799739922,0.0260425561025221,-0.0320272359642614,-0.268324156916724,0.0389282333561009,-0.0487067737583696,2.4785420340975897,0.1122050324238626,-0.0354872710743372,0.2505323643738382,0.1385915693542767,-0.0329489442177601,-0.3090520853042139,0.0606294522907997
-0.0320272359642614,-0.268324156916724,0.0389282333561009,-0.0487067737583696,2.4785420340975897,0.1122050324238626,-0.0354872710743372,0.2505323643738382,0.1385915693542767,-0.0329489442177601,-0.3090520853042139,0.0606294522907997,0.0488358390738479,-0.261549896334546,0.0558595771034951
-0.0487067737583696,2.4785420340975897,0.1122050324238626,-0.0354872710743372,0.2505323643738382,0.1385915693542767,-0.0329489442177601,-0.3090520853042139,0.0606294522907997,0.0488358390738479,-0.261549896334546,0.0558595771034951,0.0597365753716938,-0.0268051067436563,0.0541163804831534
-0.0354872710743372,0.2505323643738382,0.1385915693542767,-0.0329489442177601,-0.3090520853042139,0.0606294522907997,0.0488358390738479,-0.261549896334546,0.0558595771034951,0.0597365753716938,-0.0268051067436563,0.0541163804831534,-0.000510866710558,-0.1469707691470252,0.0324585830032572
-0.0329489442177601,-0.3090520853042139,0.0606294522907997,0.0488358390738479,-0.261549896334546,0.0558595771034951,0.0597365753716938,-0.0268051067436563,0.0541163804831534,-0.000510866710558,-0.1469707691470252,0.0324585830032572,0.015845878925532,0.2234701040137834,0.0318057562399296
0.0488358390738479,-0.261549896334546,0.0558595771034951,0.0597365753716938,-0.0268051067436563,0.0541163804831534,-0.000510866710558,-0.1469707691470252,0.0324585830032572,0.015845878925532,0.2234701040137834,0.0318057562399296,-0.0159342906762562,-0.4528242841495853,0.0348275940993736
0.0597365753716938,-0.0268051067436563,0.0541163804831534,-0.000510866710558,-0.1469707691470252,0.0324585830032572,0.015845878925532,0.2234701040137834,0.0318057562399296,-0.0159342906762562,-0.4528242841495853,0.0348275940993736,-0.0295270762958366,-0.1002764274139739,0.0472231716609693
-0.000510866710558,-0.1469707691470252,0.0324585830032572,0.015845878925532,0.2234701040137834,0.0318057562399296,-0.0159342906762562,-0.4528242841495853,0.0348275940993736,-0.0295270762958366,-0.1002764274139739,0.0472231716609693,0.0110798188955152,0.0262739697001801,0.0366708082268817
