feature_0,feature_1,feature_2,feature_3,feature_4,feature_5,feature_6,feature_7,feature_8,feature_9,feature_10,feature_11,feature_12,feature_13,feature_14
0.0186351158706334,0.173470839260313,0.0189812814945108,-0.0104537612754432,-0.0315776713740226,0.0275962079823484,-0.0024010282226951,0.180748529227688,0.0334309162320211,0.0219012588620794,0.1882221986642638,0.0220676904281106,0.0075365111286043,-0.1829861266003479,0.0171021673823981
-0.0104537612754432,-0.0315776713740226,0.0275962079823484,-0.0024010282226951,0.180748529227688,0.0334309162320211,0.0219012588620794,0.1882221986642638,0.0220676904281106,0.0075365111286043,-0.1829861266003479,0.0171021673823981,0.0278166920772067,0.2107016107016106,0.0172612194897752
-0.0024010282226951,0.180748529227688,0.0334309162320211,0.0219012588620794,0.1882221986642638,0.0220676904281106,0.0075365111286043,-0.1829861266003479,0.0171021673823981,0.0278166920772067,0.2107016107016106,0.0172612194897752,0.002501767696986,0.2121403445476684,0.059479495914002
0.0219012588620794,0.1882221986642638,0.0220676904281106,0.0075365111286043,-0.1829861266003479,0.0171021673823981,0.0278166920772067,0.2107016107016106,0.0172612194897752,0.002501767696986,0.2121403445476684,0.059479495914002,0.0045371518420442,-0.1248976858397201,0.0195626803037042
0.0075365111286043,-0.1829861266003479,0.0171021673823981,0.0278166920772067,0.2107016107016106,0.0172612194897752,0.002501767696986,0.2121403445476684,0.059479495914002,0.0045371518420442,-0.1248976858397201,0.0195626803037042,-0.0112917382355202,0.1047999659878406,0.0223194026952864
0.0278166920772067,0.2107016107016106,0.0172612194897752,0.002501767696986,0.2121403445476684,0.059479495914002,0.0045371518420442,-0.1248976858397201,0.0195626803037042,-0.0112917382355202,0.1047999659878406,0.0223194026952864,0.0054820741359447,-0.4438543831293773,0.0100525159266005
0.002501767696986,0.2121403445476684,0.059479495914002,0.0045371518420442,-0.1248976858397201,0.0195626803037042,-0.0112917382355202,0.1047999659878406,0.0223194026952864,0.0054820741359447,-0.4438543831293773,0.0100525159266005,-0.0440709926240933,1.1781760309991696,0.0531711877743406
0.0045371518420442,-0.1248976858397201,0.0195626803037042,-0.0112917382355202,0.1047999659878406,0.0223194026952864,0.0054820741359447,-0.4438543831293773,0.0100525159266005,-0.0440709926240933,1.1781760309991696,0.0531711877743406,0.0114069962719898,-0.429683280917437,0.0174099579519015
