{
  "anomalies": [
    {
      "anomaly_index": 10,
      "feature_importances": {
        "Close_0": 1.2279013152105448e-09,
        "Close_1": 1.285335561280251e-09,
        "Close_2": 1.2778048106515342e-09,
        "High_0": 1.2508308560338423e-09,
        "High_1": 1.3492417149921394e-09,
        "High_2": 1.3038185722503817e-09,
        "Low_0": 1.1924584957475842e-09,
        "Low_1": 1.2322456718828902e-09,
        "Low_2": 1.2563305917325324e-09,
        "Open_0": 1.2229443892150226e-09,
        "Open_1": 1.3374340185023317e-09,
        "Open_2": 1.2888049866915406e-09,
        "Volume_0": 0.3178029948636016,
        "Volume_1": 0.4525112352604709,
        "Volume_2": 0.22968575463753135,
        "daily_return_0": 4.69761750902411e-16,
        "daily_return_1": 4.69761750902411e-16,
        "daily_return_2": 2.348808754512055e-16,
        "daily_return_zscore_0": 1.2361780474996943e-12,
        "daily_return_zscore_1": 6.63068711398753e-13,
        "daily_return_zscore_2": 9.395235018048219e-13,
        "excess_return_0": 2.348808754512055e-16,
        "excess_return_1": 2.348808754512055e-16,
        "excess_return_2": 2.348808754512055e-16,
        "high_low_range_0": 0.0,
        "high_low_range_1": 1.1744043772560273e-15,
        "high_low_range_2": 4.69761750902411e-16,
        "log_return_0": 4.69761750902411e-16,
        "log_return_1": 4.69761750902411e-16,
        "log_return_2": 2.348808754512055e-16,
        "log_return_zscore_0": 1.2312455491152191e-12,
        "log_return_zscore_1": 6.781010874276302e-13,
        "log_return_zscore_2": 9.305980285376762e-13,
        "log_volume_0": 1.0123365731946955e-13,
        "log_volume_1": 2.9594990306851886e-14,
        "log_volume_2": 3.992974882670493e-14,
        "relative_volume_0": 1.7921410796926976e-13,
        "relative_volume_1": 2.5625503511726517e-13,
        "relative_volume_2": 1.1109865408842019e-13,
        "relative_volume_zscore_0": 1.5069956968949343e-12,
        "relative_volume_zscore_1": 1.7040607513984956e-12,
        "relative_volume_zscore_2": 7.269563095214809e-13,
        "volume_change_0": 2.283042109385717e-13,
        "volume_change_1": 3.2460536987356595e-13,
        "volume_change_2": 7.234330963897129e-14,
        "volume_change_zscore_0": 7.337678549095659e-13,
        "volume_change_zscore_1": 1.0113970496928906e-12,
        "volume_change_zscore_2": 5.359981577796509e-13
      }
    },
    {
      "anomaly_index": 26,
      "feature_importances": {
        "Close_0": 8.563383075793959e-09,
        "Close_1": 8.672660796397748e-09,
        "Close_2": 8.831566756531523e-09,
        "High_0": 8.512995904469581e-09,
        "High_1": 8.663873154237043e-09,
        "High_2": 8.86468601194266e-09,
        "Low_0": 8.209623904472625e-09,
        "Low_1": 8.537731841263639e-09,
        "Low_2": 8.504242712325093e-09,
        "Open_0": 8.279901937555767e-09,
        "Open_1": 8.568605656994986e-09,
        "Open_2": 8.700215858470995e-09,
        "Volume_0": 0.8161654382112092,
        "Volume_1": 0.050649990928806225,
        "Volume_2": 0.1331844678295668,
        "daily_return_0": 2.888025311623808e-15,
        "daily_return_1": 2.888025311623808e-15,
        "daily_return_2": 1.6503001780707474e-15,
        "daily_return_zscore_0": 9.657556642070014e-12,
        "daily_return_zscore_1": 1.1165931004826677e-11,
        "daily_return_zscore_2": 1.4176284817149978e-11,
        "excess_return_0": 2.2691627448472776e-15,
        "excess_return_1": 2.888025311623808e-15,
        "excess_return_2": 1.6503001780707474e-15,
        "high_low_range_0": 1.856587700329591e-15,
        "high_low_range_1": 1.0314376112942171e-15,
        "high_low_range_2": 2.0628752225884342e-16,
        "log_return_0": 2.888025311623808e-15,
        "log_return_1": 2.888025311623808e-15,
        "log_return_2": 1.6503001780707474e-15,
        "log_return_zscore_0": 9.688912345453358e-12,
        "log_return_zscore_1": 1.1138907339410767e-11,
        "log_return_zscore_2": 1.419381925654198e-11,
        "log_volume_0": 1.80501581976488e-13,
        "log_volume_1": 1.050003488297513e-13,
        "log_volume_2": 9.179794740518532e-14,
        "relative_volume_0": 8.37939915415422e-13,
        "relative_volume_1": 5.600706229327598e-13,
        "relative_volume_2": 6.287643678449548e-13,
        "relative_volume_zscore_0": 1.1605117139715754e-11,
        "relative_volume_zscore_1": 7.141880308123418e-12,
        "relative_volume_zscore_2": 8.436953372864436e-12,
        "volume_change_0": 2.9952948231984065e-12,
        "volume_change_1": 3.2799716039156104e-13,
        "volume_change_2": 4.4496218551232523e-13,
        "volume_change_zscore_0": 1.0974702471692728e-11,
        "volume_change_zscore_1": 3.864384154474914e-12,
        "volume_change_zscore_2": 2.6885452775995063e-12
      }
    },
    {
      "anomaly_index": 61,
      "feature_importances": {
        "Close_0": 1.4130745483809273e-09,
        "Close_1": 1.6126871903882706e-09,
        "Close_2": 1.5853861457765887e-09,
        "High_0": 1.4307085499036253e-09,
        "High_1": 1.6046444050120415e-09,
        "High_2": 1.6047514548132392e-09,
        "Low_0": 1.3905543924948152e-09,
        "Low_1": 1.496510278536452e-09,
        "Low_2": 1.5522172109163428e-09,
        "Open_0": 1.3926951654983484e-09,
        "Open_1": 1.530962026847716e-09,
        "Open_2": 1.584214396494313e-09,
        "Volume_0": 0.6270836235666586,
        "Volume_1": 0.14335189487013936,
        "Volume_2": 0.22956446334336317,
        "daily_return_0": 2.2302041916171903e-16,
        "daily_return_1": 0.0,
        "daily_return_2": 4.460408383234381e-16,
        "daily_return_zscore_0": 9.068010243115496e-13,
        "daily_return_zscore_1": 2.437613181437589e-12,
        "daily_return_zscore_2": 2.0096369970662503e-12,
        "excess_return_0": 2.2302041916171903e-16,
        "excess_return_1": 2.2302041916171903e-16,
        "excess_return_2": 4.460408383234381e-16,
        "high_low_range_0": 6.690612574851571e-16,
        "high_low_range_1": 2.2302041916171903e-16,
        "high_low_range_2": 0.0,
        "log_return_0": 2.2302041916171903e-16,
        "log_return_1": 0.0,
        "log_return_2": 4.460408383234381e-16,
        "log_return_zscore_0": 8.949809420959785e-13,
        "log_return_zscore_1": 2.4360520385034568e-12,
        "log_return_zscore_2": 1.99402556772493e-12,
        "log_volume_0": 1.4853159916170487e-13,
        "log_volume_1": 5.4640002694621165e-14,
        "log_volume_2": 9.456065772456887e-14,
        "relative_volume_0": 2.2547364377249794e-13,
        "relative_volume_1": 2.798906260479574e-13,
        "relative_volume_2": 3.0732213760484885e-13,
        "relative_volume_zscore_0": 1.9284575644913843e-12,
        "relative_volume_zscore_1": 2.2627651728148014e-12,
        "relative_volume_zscore_2": 1.3184967180840829e-12,
        "volume_change_0": 2.8167478940125115e-13,
        "volume_change_1": 2.8791936113777927e-13,
        "volume_change_2": 2.0941617359285417e-13,
        "volume_change_zscore_0": 1.0488650313175646e-12,
        "volume_change_zscore_1": 1.3557411280840899e-12,
        "volume_change_zscore_2": 9.471677201798207e-13
      }
    },
    {
      "anomaly_index": 92,
      "feature_importances": {
        "Close_0": 7.927353512190374e-10,
        "Close_1": 8.176496626767575e-10,
        "Close_2": 8.007841336605559e-10,
        "High_0": 8.1762928404963e-10,
        "High_1": 8.679349218946261e-10,
        "High_2": 8.151055461346564e-10,
        "Low_0": 7.800419030935654e-10,
        "Low_1": 7.723274851917103e-10,
        "Low_2": 7.780586418111048e-10,
        "Open_0": 8.031477221471251e-10,
        "Open_1": 8.393029507804387e-10,
        "Open_2": 8.008502534453121e-10,
        "Volume_0": 0.33181041414392853,
        "Volume_1": 0.32492275036419105,
        "Volume_2": 0.34326682579665974,
        "daily_return_0": 0.0,
        "daily_return_1": 6.645204498109403e-16,