feature_0,feature_1,feature_2,feature_3,feature_4,feature_5,feature_6,feature_7,feature_8,feature_9,feature_10,feature_11,feature_12,feature_13,feature_14
0.003070654882328,-0.131870595771941,0.0074287781456997,0.0110340011216303,-0.0940486293030291,0.0114664485969406,0.0036587920952468,0.0987890635605874,0.0072716357866328,0.0089252896913007,0.2630499511978157,0.0111404138927198,0.0033638727118598,0.2109067788320453,0.0141452991575433
0.0110340011216303,-0.0940486293030291,0.0114664485969406,0.0036587920952468,0.0987890635605874,0.0072716357866328,0.0089252896913007,0.2630499511978157,0.0111404138927198,0.0033638727118598,0.2109067788320453,0.0141452991575433,0.0181921493907075,0.1020995064261538,0.0193555716657763
0.0036587920952468,0.0987890635605874,0.0072716357866328,0.0089252896913007,0.2630499511978157,0.0111404138927198,0.0033638727118598,0.2109067788320453,0.0141452991575433,0.0181921493907075,0.1020995064261538,0.0193555716657763,0.0075613253868294,0.4883749908377923,0.0177966586643923
0.0089252896913007,0.2630499511978157,0.0111404138927198,0.0033638727118598,0.2109067788320453,0.0141452991575433,0.0181921493907075,0.1020995064261538,0.0193555716657763,0.0075613253868294,0.4883749908377923,0.0177966586643923,0.006052186180008,-0.5828995513619195,0.0090563301079495
0.0033638727118598,0.2109067788320453,0.0141452991575433,0.0181921493907075,0.1020995064261538,0.0193555716657763,0.0075613253868294,0.4883749908377923,0.0177966586643923,0.006052186180008,-0.5828995513619195,0.0090563301079495,0.0133550661365779,0.2215098705960139,0.0176381643921347
0.0181921493907075,0.1020995064261538,0.0193555716657763,0.0075613253868294,0.4883749908377923,0.0177966586643923,0.006052186180008,-0.5828995513619195,0.0090563301079495,0.0133550661365779,0.2215098705960139,0.0176381643921347,-0.0112792378654017,0.0376001623863053,0.0177831587151521
0.0075613253868294,0.4883749908377923,0.0177966586643923,0.006052186180008,-0.5828995513619195,0.0090563301079495,0.0133550661365779,0.2215098705960139,0.0176381643921347,-0.0112792378654017,0.0376001623863053,0.0177831587151521,0.0057039552001771,-0.2918572479901627,0.0145461357354445
0.006052186180008,-0.5828995513619195,0.0090563301079495,0.0133550661365779,0.2215098705960139,0.0176381643921347,-0.0112792378654017,0.0376001623863053,0.0177831587151521,0.0057039552001771,-0.2918572479901627,0.0145461357354445,-0.0005971202390745,-0.1350750490021969,0.0059797884682677
