feature_0,feature_1,feature_2,feature_3,feature_4,feature_5,feature_6,feature_7,feature_8,feature_9,feature_10,feature_11,feature_12,feature_13,feature_14
0.0043782701149095,-0.3348887683125339,0.0364701218676456,0.0,0.396149453418176,0.0171731093227441,0.0069746278627156,0.0008180437069065,0.0131119386107148,-0.0025973280382087,0.1126809901914993,0.0218818377090914,0.0321180236009721,1.207891699024032,0.0383943786141947
0.0,0.396149453418176,0.0171731093227441,0.0069746278627156,0.0008180437069065,0.0131119386107148,-0.0025973280382087,0.1126809901914993,0.0218818377090914,0.0321180236009721,1.207891699024032,0.0383943786141947,0.0269133554020362,-0.4742620846998431,0.0258657011678751
0.0069746278627156,0.0008180437069065,0.0131119386107148,-0.0025973280382087,0.1126809901914993,0.0218818377090914,0.0321180236009721,1.207891699024032,0.0383943786141947,0.0269133554020362,-0.4742620846998431,0.0258657011678751,0.0045045066378837,0.6795045655908145,0.0152703609667195
-0.0025973280382087,0.1126809901914993,0.0218818377090914,0.0321180236009721,1.207891699024032,0.0383943786141947,0.0269133554020362,-0.4742620846998431,0.0258657011678751,0.0045045066378837,0.6795045655908145,0.0152703609667195,-0.0032611927725536,-0.5347472681272541,0.0127466887266596
0.0321180236009721,1.207891699024032,0.0383943786141947,0.0269133554020362,-0.4742620846998431,0.0258657011678751,0.0045045066378837,0.6795045655908145,0.0152703609667195,-0.0032611927725536,-0.5347472681272541,0.0127466887266596,0.0163597877707963,-0.3571676501214855,0.0159118476542843
0.0269133554020362,-0.4742620846998431,0.0258657011678751,0.0045045066378837,0.6795045655908145,0.0152703609667195,-0.0032611927725536,-0.5347472681272541,0.0127466887266596,0.0163597877707963,-0.3571676501214855,0.0159118476542843,-0.0152917507839527,0.3246940244780418,0.0224765492375397
0.0045045066378837,0.6795045655908145,0.0152703609667195,-0.0032611927725536,-0.5347472681272541,0.0127466887266596,0.0163597877707963,-0.3571676501214855,0.0159118476542843,-0.0152917507839527,0.3246940244780418,0.0224765492375397,0.0138945857623544,-0.1796195652173913,0.0134638890503636
-0.0032611927725536,-0.5347472681272541,0.0127466887266596,0.0163597877707963,-0.3571676501214855,0.0159118476542843,-0.0152917507839527,0.3246940244780418,0.0224765492375397,0.0138945857623544,-0.1796195652173913,0.0134638890503636,0.0052399310044284,-0.2674726730705531,0.0224765492375399
