feature_0,feature_1,feature_2,feature_3,feature_4,feature_5,feature_6,feature_7,feature_8
0.0099510902930917,-0.1556161581728311,0.0376817805749473,-0.015865075918399,-0.2139685102947113,0.0251529493269594,-0.0013999738221013,0.3333333333333332,0.0184345487696149
-0.015865075918399,-0.2139685102947113,0.0251529493269594,-0.0013999738221013,0.3333333333333332,0.0184345487696149,-0.022515837824463,0.474768875192604,0.0323858554815373
-0.0013999738221013,0.3333333333333332,0.0184345487696149,-0.022515837824463,0.474768875192604,0.0323858554815373,-0.0055630353325626,-0.2345566148622175,0.0229986590352478
-0.022515837824463,0.474768875192604,0.0323858554815373,-0.0055630353325626,-0.2345566148622175,0.0229986590352478,-0.070451445693755,0.6454529943695615,0.0775058880974264
-0.0055630353325626,-0.2345566148622175,0.0229986590352478,-0.070451445693755,0.6454529943695615,0.0775058880974264,0.0041844909466002,-0.0322480298631273,0.0348056387811932
-0.070451445693755,0.6454529943695615,0.0775058880974264,0.0041844909466002,-0.0322480298631273,0.0348056387811932,-0.0117988774738109,0.5676631308261009,0.0207976709263272
0.0041844909466002,-0.0322480298631273,0.0348056387811932,-0.0117988774738109,0.5676631308261009,0.0207976709263272,-0.016535536220719,-0.3459093705146606,0.0324356090328643
