feature_0,feature_1,feature_2,feature_3,feature_4,feature_5,feature_6,feature_7,feature_8
0.0057812817502407,-0.1190459363957596,0.0164398145694328,0.0101028103203981,-0.0518631422726725,0.0239552855303306,0.0043110723250114,-0.2650816481935866,0.0128404971378518
0.0101028103203981,-0.0518631422726725,0.0239552855303306,0.0043110723250114,-0.2650816481935866,0.0128404971378518,-0.0070398305249118,0.2655422518996087,0.0214904306303922
0.0043110723250114,-0.2650816481935866,0.0128404971378518,-0.0070398305249118,0.2655422518996087,0.0214904306303922,-0.0013833705772466,-0.1752103707073004,0.014305647229413
-0.0070398305249118,0.2655422518996087,0.0214904306303922,-0.0013833705772466,-0.1752103707073004,0.014305647229413,-0.0370562930962687,0.204047868526995,0.0435878629141277
-0.0013833705772466,-0.1752103707073004,0.014305647229413,-0.0370562930962687,0.204047868526995,0.0435878629141277,-0.0044955779975242,0.0796958732194383,0.0248458278391268
-0.0370562930962687,0.204047868526995,0.0435878629141277,-0.0044955779975242,0.0796958732194383,0.0248458278391268,0.0079479395949673,1.8482161795274252,0.025245175353786
-0.0044955779975242,0.0796958732194383,0.0248458278391268,0.0079479395949673,1.8482161795274252,0.025245175353786,-0.0014336289368095,-0.6838295527323096,0.010111909494277
