feature_0,feature_1,feature_2,feature_3,feature_4,feature_5,feature_6,feature_7,feature_8
-0.0111706902912608,0.3664508116739111,0.0224813210383957,-0.0018342064465708,-0.2113736691768372,0.0187253625452006,0.0008770574102088,-0.1131873559433651,0.0163582814959079
-0.0018342064465708,-0.2113736691768372,0.0187253625452006,0.0008770574102088,-0.1131873559433651,0.0163582814959079,-0.0281232233006499,0.6954423094773972,0.032479863360543
0.0008770574102088,-0.1131873559433651,0.0163582814959079,-0.0281232233006499,0.6954423094773972,0.032479863360543,0.0007299102195932,0.3133862578702435,0.0120159923200691
-0.0281232233006499,0.6954423094773972,0.032479863360543,0.0007299102195932,0.3133862578702435,0.0120159923200691,-0.0205071335931638,-0.0427696027345866,0.0262119564457683
0.0007299102195932,0.3133862578702435,0.0120159923200691,-0.0205071335931638,-0.0427696027345866,0.0262119564457683,-0.0055187754472815,0.2812350302660802,0.022265345911188
-0.0205071335931638,-0.0427696027345866,0.0262119564457683,-0.0055187754472815,0.2812350302660802,0.022265345911188,0.002554548572929,0.5685054892763672,0.0113466107029525
-0.0055187754472815,0.2812350302660802,0.022265345911188,0.002554548572929,0.5685054892763672,0.0113466107029525,-0.0055792941161239,-0.6977484993607386,0.0205651209501926
