index,subsequence_idx,score
32,32,2.55141
35,35,3.15311
46,46,3.83859
57,57,3.82452
68,68,3.8833
79,79,2.66272
104,104,2.45507
105,105,2.62746
106,106,2.63146
180,180,2.48525
213,213,2.60909
214,214,2.63379
244,244,2.6592
245,245,2.928
247,247,2.4293
286,286,2.53256
287,287,2.57928
288,288,2.57027
312,312,2.59738
323,323,3.46989
335,335,3.33943
346,346,3.413
521,521,2.80155
522,522,2.76977
