index,subsequence_idx,score
6,6,2.49036
31,31,2.47181
35,35,3.09853
46,46,3.89066
57,57,3.90254
68,68,3.67687
79,79,2.58269
105,105,2.61888
106,106,2.50668
145,145,2.47624
213,213,2.60178
214,214,2.61423
245,245,2.7587
286,286,2.49481
287,287,2.72786
312,312,2.5575
323,323,3.44879
335,335,3.52089
346,346,3.139
429,429,2.41501
521,521,2.6823
522,522,2.84071
