index,subsequence_idx,score
32,32,2.47635
35,35,3.28577
46,46,3.93915
57,57,3.97322
68,68,3.90164
79,79,2.6937
105,105,2.595
106,106,2.63966
213,213,2.60189
214,214,2.59674
244,244,2.66752
245,245,2.74434
286,286,2.65346
287,287,2.61646
312,312,2.69013
323,323,3.51176
335,335,3.4906
346,346,3.37156
521,521,2.80844
522,522,2.79226
