index,subsequence_idx,score
6,6,2.42992
35,35,3.16686
46,46,3.88859
57,57,3.91619
68,68,3.71718
79,79,2.65563
104,104,2.39724
105,105,2.5927
106,106,2.54703
180,180,2.47783
213,213,2.70468
214,214,2.54915
244,244,2.63962
245,245,2.81868
286,286,2.59363
287,287,2.69761
312,312,2.68267
323,323,3.46396
335,335,3.45063
346,346,3.1554
429,429,2.41581
521,521,2.76711
522,522,2.74057
