index,subsequence_idx,score
35,35,3.17911
46,46,3.80647
57,57,3.83834
68,68,3.68474
79,79,2.60288
104,104,2.55455
105,105,2.6972
106,106,2.52287
180,180,2.44766
213,213,2.68363
214,214,2.595
244,244,3.04513
245,245,2.93729
286,286,2.63286
287,287,2.59157
312,312,2.60493
323,323,3.49849
335,335,3.3978
346,346,3.1584
521,521,2.81458
522,522,2.79222
