feature_0,feature_1,feature_2,feature_3,feature_4,feature_5,feature_6,feature_7,feature_8
-0.004637809535441,-0.3889196675900277,0.0113005171423099,0.0049647240837051,0.0217588395285583,0.0123081299965976,0.0105373077653312,0.0044365572315883,0.0089279546436267
0.0049647240837051,0.0217588395285583,0.0123081299965976,0.0105373077653312,0.0044365572315883,0.0089279546436267,0.0219934351514796,0.1696113074204948,0.020675018525994
0.0105373077653312,0.0044365572315883,0.0089279546436267,0.0219934351514796,0.1696113074204948,0.020675018525994,-0.0305502970812333,0.4199395770392748,0.0364330804298956
0.0219934351514796,0.1696113074204948,0.020675018525994,-0.0305502970812333,0.4199395770392748,0.0364330804298956,-0.0032767950612794,0.902127659574468,0.0264220301812516
-0.0305502970812333,0.4199395770392748,0.0364330804298956,-0.0032767950612794,0.902127659574468,0.0264220301812516,0.0035425727900051,-0.7021812080536913,0.0115409942467679
-0.0032767950612794,0.902127659574468,0.0264220301812516,0.0035425727900051,-0.7021812080536913,0.0115409942467679,0.0045348228722512,0.1014084507042254,0.0113060496831028
0.0035425727900051,-0.7021812080536913,0.0115409942467679,0.0045348228722512,0.1014084507042254,0.0113060496831028,-0.0158455676873903,0.0963341858482522,0.0210111156189804
