feature_0,feature_1,feature_2,feature_3,feature_4,feature_5,feature_6,feature_7,feature_8,feature_9,feature_10,feature_11,feature_12,feature_13,feature_14
0.0224939868364544,0.3935626702997274,0.0244154033886316,0.0201744016863527,0.4979836245875595,0.0157384737224248,-0.0030805630724421,-0.2595039973894599,0.0177854133055203,0.0049840710429549,-0.162057948661452,0.0185577035761355,0.0023804772533539,0.2166710491717065,0.0283838137231692
0.0201744016863527,0.4979836245875595,0.0157384737224248,-0.0030805630724421,-0.2595039973894599,0.0177854133055203,0.0049840710429549,-0.162057948661452,0.0185577035761355,0.0023804772533539,0.2166710491717065,0.0283838137231692,0.0031663808480426,0.3170520855846119,0.0097551599230015
-0.0030805630724421,-0.2595039973894599,0.0177854133055203,0.0049840710429549,-0.162057948661452,0.0185577035761355,0.0023804772533539,0.2166710491717065,0.0283838137231692,0.0031663808480426,0.3170520855846119,0.0097551599230015,-0.0205168186723087,-0.0998523137512307,0.0225914636573467
0.0049840710429549,-0.162057948661452,0.0185577035761355,0.0023804772533539,0.2166710491717065,0.0283838137231692,0.0031663808480426,0.3170520855846119,0.0097551599230015,-0.0205168186723087,-0.0998523137512307,0.0225914636573467,0.0091641122427483,-0.1949685534591194,0.0194556488361865
0.0023804772533539,0.2166710491717065,0.0283838137231692,0.0031663808480426,0.3170520855846119,0.0097551599230015,-0.0205168186723087,-0.0998523137512307,0.0225914636573467,0.0091641122427483,-0.1949685534591194,0.0194556488361865,-0.0146691780264335,0.1072237318840578,0.0286785754185516
0.0031663808480426,0.3170520855846119,0.0097551599230015,-0.0205168186723087,-0.0998523137512307,0.0225914636573467,0.0091641122427483,-0.1949685534591194,0.0194556488361865,-0.0146691780264335,0.1072237318840578,0.0286785754185516,-0.0030382788547267,-0.2481848859801615,0.0193719564682689
-0.0205168186723087,-0.0998523137512307,0.0225914636573467,0.0091641122427483,-0.1949685534591194,0.0194556488361865,-0.0146691780264335,0.1072237318840578,0.0286785754185516,-0.0030382788547267,-0.2481848859801615,0.0193719564682689,0.0048760610005955,0.4432807399347116,0.0214666836974979
