feature_0,feature_1,feature_2,feature_3,feature_4,feature_5,feature_6,feature_7,feature_8,feature_9,feature_10,feature_11,feature_12,feature_13,feature_14
0.0195826930505271,0.1093576396033084,0.0188137800097216,0.0034634509423032,-0.1007103510952018,0.0246290080444099,-0.0078442722454225,0.1777383628601481,0.0214262893023909,-0.0196078949275851,0.1038262849137554,0.0149254054632109,0.0122579924435204,-0.1743503506044357,0.023353853880514
0.0034634509423032,-0.1007103510952018,0.0246290080444099,-0.0078442722454225,0.1777383628601481,0.0214262893023909,-0.0196078949275851,0.1038262849137554,0.0149254054632109,0.0122579924435204,-0.1743503506044357,0.023353853880514,-0.0092414998231025,1.1687994773653063,0.0169105839923146
-0.0078442722454225,0.1777383628601481,0.0214262893023909,-0.0196078949275851,0.1038262849137554,0.0149254054632109,0.0122579924435204,-0.1743503506044357,0.023353853880514,-0.0092414998231025,1.1687994773653063,0.0169105839923146,-0.0398842527343132,-0.0232119284505595,0.0302216117454244
-0.0196078949275851,0.1038262849137554,0.0149254054632109,0.0122579924435204,-0.1743503506044357,0.023353853880514,-0.0092414998231025,1.1687994773653063,0.0169105839923146,-0.0398842527343132,-0.0232119284505595,0.0302216117454244,-0.0087600503340627,-0.158517228556139,0.0342348521514187
0.0122579924435204,-0.1743503506044357,0.023353853880514,-0.0092414998231025,1.1687994773653063,0.0169105839923146,-0.0398842527343132,-0.0232119284505595,0.0302216117454244,-0.0087600503340627,-0.158517228556139,0.0342348521514187,-0.0118966330989654,-0.1600629473139605,0.0262159446320175
-0.0092414998231025,1.1687994773653063,0.0169105839923146,-0.0398842527343132,-0.0232119284505595,0.0302216117454244,-0.0087600503340627,-0.158517228556139,0.0342348521514187,-0.0118966330989654,-0.1600629473139605,0.0262159446320175,-0.0165118346540524,0.1897441162128172,0.0337671148142014
-0.0398842527343132,-0.0232119284505595,0.0302216117454244,-0.0087600503340627,-0.158517228556139,0.0342348521514187,-0.0118966330989654,-0.1600629473139605,0.0262159446320175,-0.0165118346540524,0.1897441162128172,0.0337671148142014,0.0031479093881423,-0.1273729398567606,0.0175131353191404
