feature_0,feature_1,feature_2,feature_3,feature_4,feature_5,feature_6,feature_7,feature_8,feature_9,feature_10,feature_11,feature_12,feature_13,feature_14
0.007755074951151,0.3748546816336642,0.0124249535399825,0.0039393744993903,-0.2923204879401164,0.0074753020005071,0.004608329862622,0.0156702969521271,0.0056115503163419,0.0050413259681598,0.2548021291367739,0.0137780201597845,0.0041575093618335,-0.0138786425673183,0.0184525132049087
0.0039393744993903,-0.2923204879401164,0.0074753020005071,0.004608329862622,0.0156702969521271,0.0056115503163419,0.0050413259681598,0.2548021291367739,0.0137780201597845,0.0041575093618335,-0.0138786425673183,0.0184525132049087,0.0116555615235456,0.3363413911877932,0.0159960490646435
0.004608329862622,0.0156702969521271,0.0056115503163419,0.0050413259681598,0.2548021291367739,0.0137780201597845,0.0041575093618335,-0.0138786425673183,0.0184525132049087,0.0116555615235456,0.3363413911877932,0.0159960490646435,-0.0200178252405351,0.044552781049906,0.0221674899132544
0.0050413259681598,0.2548021291367739,0.0137780201597845,0.0041575093618335,-0.0138786425673183,0.0184525132049087,0.0116555615235456,0.3363413911877932,0.0159960490646435,-0.0200178252405351,0.044552781049906,0.0221674899132544,-0.0044030663943056,-0.1749198870043881,0.0223746625851988
0.0041575093618335,-0.0138786425673183,0.0184525132049087,0.0116555615235456,0.3363413911877932,0.0159960490646435,-0.0200178252405351,0.044552781049906,0.0221674899132544,-0.0044030663943056,-0.1749198870043881,0.0223746625851988,-0.0077508585557688,0.0918059408620339,0.022080286531567
0.0116555615235456,0.3363413911877932,0.0159960490646435,-0.0200178252405351,0.044552781049906,0.0221674899132544,-0.0044030663943056,-0.1749198870043881,0.0223746625851988,-0.0077508585557688,0.0918059408620339,0.022080286531567,-0.0237559018586513,-0.0360564707048922,0.0362405101520211
-0.0200178252405351,0.044552781049906,0.0221674899132544,-0.0044030663943056,-0.1749198870043881,0.0223746625851988,-0.0077508585557688,0.0918059408620339,0.022080286531567,-0.0237559018586513,-0.0360564707048922,0.0362405101520211,0.0204743889082266,0.1489134627748489,0.0185358173333807
