feature_0,feature_1,feature_2,feature_3,feature_4,feature_5,feature_6,feature_7,feature_8,feature_9,feature_10,feature_11,feature_12,feature_13,feature_14
-0.0107808918047956,1.029993676032162,0.0243973998063115,-0.0075601046107238,-0.1302625723186471,0.0142231976542078,-0.0050455295507698,-0.2973443176584966,0.0164637947094543,-0.0052699490991859,0.2734488785318962,0.0122195639568561,0.0091963030840247,0.3934351232344026,0.0246639283723787
-0.0075601046107238,-0.1302625723186471,0.0142231976542078,-0.0050455295507698,-0.2973443176584966,0.0164637947094543,-0.0052699490991859,0.2734488785318962,0.0122195639568561,0.0091963030840247,0.3934351232344026,0.0246639283723787,0.037143423474701,-0.1056346698403578,0.0237308154896745
-0.0050455295507698,-0.2973443176584966,0.0164637947094543,-0.0052699490991859,0.2734488785318962,0.0122195639568561,0.0091963030840247,0.3934351232344026,0.0246639283723787,0.037143423474701,-0.1056346698403578,0.0237308154896745,-0.0029605344408767,0.1980911301794155,0.0174435059577148
-0.0052699490991859,0.2734488785318962,0.0122195639568561,0.0091963030840247,0.3934351232344026,0.0246639283723787,0.037143423474701,-0.1056346698403578,0.0237308154896745,-0.0029605344408767,0.1980911301794155,0.0174435059577148,-0.1439655034446643,2.452815013404826,0.101153878663137
0.0091963030840247,0.3934351232344026,0.0246639283723787,0.037143423474701,-0.1056346698403578,0.0237308154896745,-0.0029605344408767,0.1980911301794155,0.0174435059577148,-0.1439655034446643,2.452815013404826,0.101153878663137,0.0190220084591774,-0.6325690770135215,0.026846427004913
0.037143423474701,-0.1056346698403578,0.0237308154896745,-0.0029605344408767,0.1980911301794155,0.0174435059577148,-0.1439655034446643,2.452815013404826,0.101153878663137,0.0190220084591774,-0.6325690770135215,0.026846427004913,-0.0108707353364119,-0.1399245283018868,0.0196122373314767
-0.0029605344408767,0.1980911301794155,0.0174435059577148,-0.1439655034446643,2.452815013404826,0.101153878663137,0.0190220084591774,-0.6325690770135215,0.026846427004913,-0.0108707353364119,-0.1399245283018868,0.0196122373314767,-0.0147646736680699,-0.1566163566163566,0.0187571035266596
