feature_0,feature_1,feature_2,feature_3,feature_4,feature_5,feature_6,feature_7,feature_8,feature_9,feature_10,feature_11,feature_12,feature_13,feature_14
-0.0059096493130322,-0.3136432926829268,0.0167361141403881,-0.0060162062641164,1.0357208957986304,0.0157320672624387,-0.0027382674799117,-0.2253841258296208,0.0097889261756105,-0.0052745150397518,0.0146713615023474,0.0129037274629173,0.0022518284753028,0.0331983805668016,0.0095851143348547
-0.0060162062641164,1.0357208957986304,0.0157320672624387,-0.0027382674799117,-0.2253841258296208,0.0097889261756105,-0.0052745150397518,0.0146713615023474,0.0129037274629173,0.0022518284753028,0.0331983805668016,0.0095851143348547,0.0065227012962836,0.2679131213613972,0.0240761704491121
-0.0027382674799117,-0.2253841258296208,0.0097889261756105,-0.0052745150397518,0.0146713615023474,0.0129037274629173,0.0022518284753028,0.0331983805668016,0.0095851143348547,0.0065227012962836,0.2679131213613972,0.0240761704491121,0.0184332319713433,0.1874613686534216,0.0397898902669277
-0.0052745150397518,0.0146713615023474,0.0129037274629173,0.0022518284753028,0.0331983805668016,0.0095851143348547,0.0065227012962836,0.2679131213613972,0.0240761704491121,0.0184332319713433,0.1874613686534216,0.0397898902669277,0.0194428191252789,-0.4038518738845925,0.0244710941186407
0.0022518284753028,0.0331983805668016,0.0095851143348547,0.0065227012962836,0.2679131213613972,0.0240761704491121,0.0184332319713433,0.1874613686534216,0.0397898902669277,0.0194428191252789,-0.4038518738845925,0.0244710941186407,0.0133157481592951,0.3473868030435325,0.0168881680063697
0.0065227012962836,0.2679131213613972,0.0240761704491121,0.0184332319713433,0.1874613686534216,0.0397898902669277,0.0194428191252789,-0.4038518738845925,0.0244710941186407,0.0133157481592951,0.3473868030435325,0.0168881680063697,0.0048593639244447,-0.3386409924088132,0.0158132361010325
0.0184332319713433,0.1874613686534216,0.0397898902669277,0.0194428191252789,-0.4038518738845925,0.0244710941186407,0.0133157481592951,0.3473868030435325,0.0168881680063697,0.0048593639244447,-0.3386409924088132,0.0158132361010325,-0.0021115967805903,0.1637737961926091,0.0093599126984987
