feature_0,feature_1,feature_2,feature_3,feature_4,feature_5,feature_6,feature_7,feature_8,feature_9,feature_10,feature_11,feature_12,feature_13,feature_14
-0.0225408713398885,0.2357717656483269,0.0581804988447404,-0.0214302703495312,-0.1271730803229418,0.0338740946008563,-0.016662711166216,0.0626898926473567,0.0281382629556746,0.0167030526045022,-0.109723942946091,0.0176576723207582,0.0095238288847001,0.1622123104371098,0.0361401948122902
-0.0214302703495312,-0.1271730803229418,0.0338740946008563,-0.016662711166216,0.0626898926473567,0.0281382629556746,0.0167030526045022,-0.109723942946091,0.0176576723207582,0.0095238288847001,0.1622123104371098,0.0361401948122902,0.0113206493682425,-0.2200730711369009,0.0242805050852538
-0.016662711166216,0.0626898926473567,0.0281382629556746,0.0167030526045022,-0.109723942946091,0.0176576723207582,0.0095238288847001,0.1622123104371098,0.0361401948122902,0.0113206493682425,-0.2200730711369009,0.0242805050852538,0.0122434564823072,0.1897807345589104,0.0243988484581194
0.0167030526045022,-0.109723942946091,0.0176576723207582,0.0095238288847001,0.1622123104371098,0.0361401948122902,0.0113206493682425,-0.2200730711369009,0.0242805050852538,0.0122434564823072,0.1897807345589104,0.0243988484581194,0.0035710728347213,-0.2400741132874536,0.0189800295172649
0.0095238288847001,0.1622123104371098,0.0361401948122902,0.0113206493682425,-0.2200730711369009,0.0242805050852538,0.0122434564823072,0.1897807345589104,0.0243988484581194,0.0035710728347213,-0.2400741132874536,0.0189800295172649,0.0072313965830104,0.1575670498084291,0.0215472464575125
0.0113206493682425,-0.2200730711369009,0.0242805050852538,0.0122434564823072,0.1897807345589104,0.0243988484581194,0.0035710728347213,-0.2400741132874536,0.0189800295172649,0.0072313965830104,0.1575670498084291,0.0215472464575125,-0.0033048689896576,-0.3398653477263323,0.0178899683782584
0.0122434564823072,0.1897807345589104,0.0243988484581194,0.0035710728347213,-0.2400741132874536,0.0189800295172649,0.0072313965830104,0.1575670498084291,0.0215472464575125,-0.0033048689896576,-0.3398653477263323,0.0178899683782584,-0.0096043797817777,0.1319582929747593,0.0185270780779649
