feature_0,feature_1,feature_2,feature_3,feature_4,feature_5,feature_6,feature_7,feature_8,feature_9,feature_10,feature_11,feature_12,feature_13,feature_14
0.0007478693008278,-0.3244755595704105,0.0084835530416911,-0.0088798534007855,0.3596448868912745,0.0139156821620401,0.0027055823302875,-0.1882359369450591,0.0098069287562518,-0.021785300536106,0.929525796789284,0.0292304601254978,0.0062628342493757,-0.449801158166469,0.0093629671858206
-0.0088798534007855,0.3596448868912745,0.0139156821620401,0.0027055823302875,-0.1882359369450591,0.0098069287562518,-0.021785300536106,0.929525796789284,0.0292304601254978,0.0062628342493757,-0.449801158166469,0.0093629671858206,0.0535658034167674,1.1895764646208469,0.0212849276256935
0.0027055823302875,-0.1882359369450591,0.0098069287562518,-0.021785300536106,0.929525796789284,0.0292304601254978,0.0062628342493757,-0.449801158166469,0.0093629671858206,0.0535658034167674,1.1895764646208469,0.0212849276256935,-0.0187033250753421,-0.3864018069149244,0.0181699309729668
-0.021785300536106,0.929525796789284,0.0292304601254978,0.0062628342493757,-0.449801158166469,0.0093629671858206,0.0535658034167674,1.1895764646208469,0.0212849276256935,-0.0187033250753421,-0.3864018069149244,0.0181699309729668,0.0071284175004675,-0.1643935818782445,0.0149075214439948
0.0062628342493757,-0.449801158166469,0.0093629671858206,0.0535658034167674,1.1895764646208469,0.0212849276256935,-0.0187033250753421,-0.3864018069149244,0.0181699309729668,0.0071284175004675,-0.1643935818782445,0.0149075214439948,0.0085237298682339,0.1631604213142066,0.0140301934603987
0.0535658034167674,1.1895764646208469,0.0212849276256935,-0.0187033250753421,-0.3864018069149244,0.0181699309729668,0.0071284175004675,-0.1643935818782445,0.0149075214439948,0.0085237298682339,0.1631604213142066,0.0140301934603987,-0.0022894061112993,0.0683158942487436,0.0070300324070899
-0.0187033250753421,-0.3864018069149244,0.0181699309729668,0.0071284175004675,-0.1643935818782445,0.0149075214439948,0.0085237298682339,0.1631604213142066,0.0140301934603987,-0.0022894061112993,0.0683158942487436,0.0070300324070899,0.0038816992117027,-0.3496875355073287,0.0094827454665611
