feature_0,feature_1,feature_2,feature_3,feature_4,feature_5,feature_6,feature_7,feature_8,feature_9,feature_10,feature_11,feature_12,feature_13,feature_14
0.0,0.3058393240005044,0.0099451617642269,-0.0048143178947219,-0.0781099092138304,0.0148634739246392,0.0010365538573045,-0.1066237133652864,0.0107266252607012,-0.0069036262242351,-0.1024626209322778,0.0132127662636453,0.0107750643978825,0.1116119549240568,0.0220897317901376
-0.0048143178947219,-0.0781099092138304,0.0148634739246392,0.0010365538573045,-0.1066237133652864,0.0107266252607012,-0.0069036262242351,-0.1024626209322778,0.0132127662636453,0.0107750643978825,0.1116119549240568,0.0220897317901376,-0.0061897807112761,0.5199811941701928,0.0218522082009641
0.0010365538573045,-0.1066237133652864,0.0107266252607012,-0.0069036262242351,-0.1024626209322778,0.0132127662636453,0.0107750643978825,0.1116119549240568,0.0220897317901376,-0.0061897807112761,0.5199811941701928,0.0218522082009641,-0.0204152690162693,0.0912465202598205,0.0303030447268847
-0.0069036262242351,-0.1024626209322778,0.0132127662636453,0.0107750643978825,0.1116119549240568,0.0220897317901376,-0.0061897807112761,0.5199811941701928,0.0218522082009641,-0.0204152690162693,0.0912465202598205,0.0303030447268847,0.0045920780182668,-0.4840915532879818,0.0178126115224787
0.0107750643978825,0.1116119549240568,0.0220897317901376,-0.0061897807112761,0.5199811941701928,0.0218522082009641,-0.0204152690162693,0.0912465202598205,0.0303030447268847,0.0045920780182668,-0.4840915532879818,0.0178126115224787,-0.0246132851229682,1.2063388503536845,0.0288704861364452
-0.0061897807112761,0.5199811941701928,0.0218522082009641,-0.0204152690162693,0.0912465202598205,0.0303030447268847,0.0045920780182668,-0.4840915532879818,0.0178126115224787,-0.0246132851229682,1.2063388503536845,0.0288704861364452,-0.0021629274787772,-0.0448850637324327,0.0189297586735239
-0.0204152690162693,0.0912465202598205,0.0303030447268847,0.0045920780182668,-0.4840915532879818,0.0178126115224787,-0.0246132851229682,1.2063388503536845,0.0288704861364452,-0.0021629274787772,-0.0448850637324327,0.0189297586735239,-0.0014451005349744,-0.4592709674265508,0.0094442507227382
