feature_0,feature_1,feature_2,feature_3,feature_4,feature_5,feature_6,feature_7,feature_8,feature_9,feature_10,feature_11,feature_12,feature_13,feature_14
0.0112560098850782,0.1317495694458514,0.0163551401869158,-0.002968178008505,-0.2379268674752719,0.0207962643625588,-0.0084659280018485,0.0663651847066424,0.0186055571415276,0.0167011104467633,0.0880101338326815,0.0129845805700386,0.0031376501432804,0.0843837003290306,0.0182989363579859
-0.002968178008505,-0.2379268674752719,0.0207962643625588,-0.0084659280018485,0.0663651847066424,0.0186055571415276,0.0167011104467633,0.0880101338326815,0.0129845805700386,0.0031376501432804,0.0843837003290306,0.0182989363579859,-0.0481140459389323,0.7114181682382597,0.0484961003531106
-0.0084659280018485,0.0663651847066424,0.0186055571415276,0.0167011104467633,0.0880101338326815,0.0129845805700386,0.0031376501432804,0.0843837003290306,0.0182989363579859,-0.0481140459389323,0.7114181682382597,0.0484961003531106,0.007151876946825,-0.2813267143090938,0.0171162999747087
0.0167011104467633,0.0880101338326815,0.0129845805700386,0.0031376501432804,0.0843837003290306,0.0182989363579859,-0.0481140459389323,0.7114181682382597,0.0484961003531106,0.007151876946825,-0.2813267143090938,0.0171162999747087,0.0157374258859666,-0.3902003947168665,0.0177287829532639
0.0031376501432804,0.0843837003290306,0.0182989363579859,-0.0481140459389323,0.7114181682382597,0.0484961003531106,0.007151876946825,-0.2813267143090938,0.0171162999747087,0.0157374258859666,-0.3902003947168665,0.0177287829532639,-0.0165328820256482,-0.0186718117881371,0.0212683957904479
-0.0481140459389323,0.7114181682382597,0.0484961003531106,0.007151876946825,-0.2813267143090938,0.0171162999747087,0.0157374258859666,-0.3902003947168665,0.0177287829532639,-0.0165328820256482,-0.0186718117881371,0.0212683957904479,-0.0177713359306667,0.2234413648760067,0.0206856400015361
0.007151876946825,-0.2813267143090938,0.0171162999747087,0.0157374258859666,-0.3902003947168665,0.0177287829532639,-0.0165328820256482,-0.0186718117881371,0.0212683957904479,-0.0177713359306667,0.2234413648760067,0.0206856400015361,0.0049877901087354,0.2009849663037843,0.0205761919826618
