open_std_0,high_std_0,low_std_0,close_std_0,daily_return_std_0,log_return_std_0,volume_change_std_0,relative_volume_std_0,log_volume_0,high_low_range_std_0,excess_return_std_0,open_std_1,high_std_1,low_std_1,close_std_1,daily_return_std_1,log_return_std_1,volume_change_std_1,relative_volume_std_1,log_volume_1,high_low_range_std_1,excess_return_std_1,open_std_2,high_std_2,low_std_2,close_std_2,daily_return_std_2,log_return_std_2,volume_change_std_2,relative_volume_std_2,log_volume_2,high_low_range_std_2,excess_return_std_2
0.967906093634902,0.51987112190318,0.9128980483378296,-0.0523987035660692,-0.5712213565256589,-0.5755301198620745,-0.1096980416604504,0.0,16.56936239854919,-0.2916927765161277,0.0,-0.4457532871258287,-0.9942665713104428,-0.4808329556747651,-1.2500091814569378,-0.8817509762561719,-0.8984158629922894,0.7727507190483444,0.0,16.937523041496988,-0.5970769112494756,0.0,-1.2832686665543125,-1.1859089464464447,-0.7641428600209343,-0.8808531334269989,0.4570625745018933,0.4725299467997985,-0.2104426030079999,0.0,16.948828538043813,-0.412736288290126,0.0
-0.4457532871258287,-0.9942665713104428,-0.4808329556747651,-1.2500091814569378,-0.8817509762561719,-0.8984158629922894,0.7727507190483444,0.0,16.937523041496988,-0.5970769112494756,0.0,-1.2832686665543125,-1.1859089464464447,-0.7641428600209343,-0.8808531334269989,0.4570625745018933,0.4725299467997985,-0.2104426030079999,0.0,16.948828538043813,-0.412736288290126,0.0,-0.4055127335547611,0.288830622611576,0.3725276960398556,0.9967952322244806,1.5722522169037958,1.5617199499513863,0.1238342354157755,0.0,16.969485171930923,-0.0719423677076001,0.0
-1.2832686665543125,-1.1859089464464447,-0.7641428600209343,-0.8808531334269989,0.4570625745018933,0.4725299467997985,-0.2104426030079999,0.0,16.948828538043813,-0.412736288290126,0.0,-0.4055127335547611,0.288830622611576,0.3725276960398556,0.9967952322244806,1.5722522169037958,1.5617199499513863,0.1238342354157755,0.0,16.969485171930923,-0.0719423677076001,0.0,0.8380123622850331,0.932961124209748,0.8553625962086269,1.2971740232737954,0.3949978291497332,0.3985710707238644,-1.29352966262726,0.0,16.441989177705402,-0.3243313271893831,0.0
-0.4055127335547611,0.288830622611576,0.3725276960398556,0.9967952322244806,1.5722522169037958,1.5617199499513863,0.1238342354157755,0.0,16.969485171930923,-0.0719423677076001,0.0,0.8380123622850331,0.932961124209748,0.8553625962086269,1.2971740232737954,0.3949978291497332,0.3985710707238644,-1.29352966262726,0.0,16.441989177705402,-0.3243313271893831,0.0,0.5856060250532978,0.7980849153477115,0.8311737195527038,1.1343606366636734,-0.0726279699437973,-0.0675712240410959,0.275928928011899,0.0,16.43771241458319,-0.1356666527934837,0.0
0.8380123622850331,0.932961124209748,0.8553625962086269,1.2971740232737954,0.3949978291497332,0.3985710707238644,-1.29352966262726,0.0,16.441989177705402,-0.3243313271893831,0.0,0.5856060250532978,0.7980849153477115,0.8311737195527038,1.1343606366636734,-0.0726279699437973,-0.0675712240410959,0.275928928011899,0.0,16.43771241458319,-0.1356666527934837,0.0,1.9083414485904684,1.921925501283772,1.7164520350306576,1.9650314464678915,1.4557121652630889,1.4463160041034613,2.1829378069804033,0.0,17.015203604190418,0.9108507262693154,0.0
0.5856060250532978,0.7980849153477115,0.8311737195527038,1.1343606366636734,-0.0726279699437973,-0.0675712240410959,0.275928928011899,0.0,16.43771241458319,-0.1356666527934837,0.0,1.9083414485904684,1.921925501283772,1.7164520350306576,1.9650314464678915,1.4557121652630889,1.4463160041034613,2.1829378069804033,0.0,17.015203604190418,0.9108507262693154,0.0,1.6693945296470407,1.399053679074483,1.6397252891178755,1.0035861815167662,-1.0514010503481357,-1.0533855331871147,-0.7499957031483045,0.0,16.777892903532326,-0.8374156751596114,0.0
1.9083414485904684,1.921925501283772,1.7164520350306576,1.9650314464678915,1.4557121652630889,1.4463160041034613,2.1829378069804033,0.0,17.015203604190418,0.9108507262693154,0.0,1.6693945296470407,1.399053679074483,1.6397252891178755,1.0035861815167662,-1.0514010503481357,-1.0533855331871147,-0.7499957031483045,0.0,16.777892903532326,-0.8374156751596114,0.0,0.4801162059859981,0.3438566645249138,0.5294481720085862,0.0357802345929031,-1.1390551155849724,-1.1428640343553136,-0.4444618177567664,0.1973298850375537,16.647782341244174,-0.9234283378300512,0.0
1.6693945296470407,1.399053679074483,1.6397252891178755,1.0035861815167662,-1.0514010503481357,-1.0533855331871147,-0.7499957031483045,0.0,16.777892903532326,-0.8374156751596114,0.0,0.4801162059859981,0.3438566645249138,0.5294481720085862,0.0357802345929031,-1.1390551155849724,-1.1428640343553136,-0.4444618177567664,0.1973298850375537,16.647782341244174,-0.9234283378300512,0.0,0.305071570977492,0.0834064348711012,0.5550526008945095,0.3298779946640168,0.3416289616104216,0.3473523917468893,0.8716400707298122,1.3413393503035445,16.981787014849377,-1.8051136789285327,-0.8225171843338822
0.4801162059859981,0.3438566645249138,0.5294481720085862,0.0357802345929031,-1.1390551155849724,-1.1428640343553136,-0.4444618177567664,0.1973298850375537,16.647782341244174,-0.9234283378300512,0.0,0.305071570977492,0.0834064348711012,0.5550526008945095,0.3298779946640168,0.3416289616104216,0.3473523917468893,0.8716400707298122,1.3413393503035445,16.981787014849377,-1.8051136789285327,-0.8225171843338822,0.4612855729298728,1.6432294946654626,0.6442390575108801,1.557561051574565,1.501662658779123,1.489003466085162,0.0478043271063296,1.3588087220282634,17.094653331279652,2.486094577993231,1.7887673338945318
0.305071570977492,0.0834064348711012,0.5550526008945095,0.3298779946640168,0.3416289616104216,0.3473523917468893,0.8716400707298122,1.3413393503035445,16.981787014849377,-1.8051136789285327,-0.8225171843338822,0.4612855729298728,1.6432294946654626,0.6442390575108801,1.557561051574565,1.501662658779123,1.489003466085162,0.0478043271063296,1.3588087220282634,17.094653331279652,2.486094577993231,1.7887673338945318,2.0105940360649557,1.6362249711478145,1.7734799429815815,1.573057487641727,-0.1640719644371721,-0.157526954929181,-0.416430975338511,0.6775588560460163,17.001367241718054,0.0298651777464535,-0.9335448572553526
0.4612855729298728,1.6432294946654626,0.6442390575108801,1.557561051574565,1.501662658779123,1.489003466085162,0.0478043271063296,1.3588087220282634,17.094653331279652,2.486094577993231,1.7887673338945318,2.0105940360649557,1.6362249711478145,1.7734799429815815,1.573057487641727,-0.1640719644371721,-0.157526954929181,-0.416430975338511,0.6775588560460163,17.001367241718054,0.0298651777464535,-0.9335448572553526,1.062517455592285,1.0821631523849091,1.3245902424874276,0.682970707407584,-1.15080717883685,-1.1552437795334185,-0.6943748067370101,-0.342303079930166,16.764832386070815,-0.2328307809583732,-0.3487256686443375
2.0105940360649557,1.6362249711478145,1.7734799429815815,1.573057487641727,-0.1640719644371721,-0.157526954929181,-0.416430975338511,0.6775588560460163,17.001367241718054,0.0298651777464535,-0.9335448572553526,1.062517455592285,1.0821631523849091,1.3245902424874276,0.682970707407584,-1.15080717883685,-1.1552437795334185,-0.6943748067370101,-0.342303079930166,16.764832386070815,-0.2328307809583732,-0.3487256686443375,0.4813015681928418,0.4901215336722396,0.7501725090354555,0.8962043651239981,0.1817025350055444,0.1885671797748856,-0.1258774932594189,-0.3177039413247587,16.744515302917765,-0.2903307668124338,1.0023509616075277
1.062517455592285,1.0821631523849091,1.3245902424874276,0.682970707407584,-1.15080717883685,-1.1552437795334185,-0.6943748067370101,-0.342303079930166,16.764832386070815,-0.2328307809583732,-0.3487256686443375,0.4813015681928418,0.4901215336722396,0.7501725090354555,0.8962043651239981,0.1817025350055444,0.1885671797748856,-0.1258774932594189,-0.3177039413247587,16.744515302917765,-0.2903307668124338,1.0023509616075277,1.023822985444243,1.4655692627445338,1.3259081122269183,1.73220065008818,1.0454827355564815,1.044839776112061,0.6096479614783995,0.457124968379508,16.99460555444394,0.7472722848144453,0.6743822689892136
0.4813015681928418,0.4901215336722396,0.7501725090354555,0.8962043651239981,0.1817025350055444,0.1885671797748856,-0.1258774932594189,-0.3177039413247587,16.744515302917765,-0.2903307668124338,1.0023509616075277,1.023822985444243,1.4655692627445338,1.3259081122269183,1.73220065008818,1.0454827355564815,1.044839776112061,0.6096479614783995,0.457124968379508,16.99460555444394,0.7472722848144453,0.6743822689892136,1.3652147467170304,0.6723439914070611,1.2020366519333112,0.3810073680633801,-1.3060820654429954,-1.314853276415154,-1.2151757814638315,-1.8063009313608676,16.542709643307468,-0.625924520382113,-0.8410647745220016
1.023822985444243,1.4655692627445338,1.3259081122269183,1.73220065008818,1.0454827355564815,1.044839776112061,0.6096479614783995,0.457124968379508,16.99460555444394,0.7472722848144453,0.6743822689892136,1.3652147467170304,0.6723439914070611,1.2020366519333112,0.3810073680633801,-1.3060820654429954,-1.314853276415154,-1.2151757814638315,-1.8063009313608676,16.542709643307468,-0.625924520382113,-0.8410647745220016,1.5058031263828051,0.9602683486383858,0.461080758723353,0.1385667979253409,-0.2430980751208928,-0.2369156843572001,0.9317482443462032,-0.6199922069811393,16.751333631851363,1.0235275160925006,0.4685266841364218
1.3652147467170304,0.6723439914070611,1.2020366519333112,0.3810073680633801,-1.3060820654429954,-1.314853276415154,-1.2151757814638315,-1.8063009313608676,16.542709643307468,-0.625924520382113,-0.8410647745220016,1.5058031263828051,0.9602683486383858,0.461080758723353,0.1385667979253409,-0.2430980751208928,-0.2369156843572001,0.9317482443462032,-0.6199922069811393,16.751333631851363,1.0235275160925006,0.4685266841364218,-0.0069536292373963,-0.6361719716638138,-0.2541230117995141,-0.5183470426549962,-0.6485568466201247,-0.6469013857986882,0.3466920577165285,-0.0496102336524923,16.861698322546573,-0.7598120578684138,-1.1309084256668365
1.5058031263828051,0.9602683486383858,0.461080758723353,0.1385667979253409,-0.2430980751208928,-0.2369156843572001,0.9317482443462032,-0.6199922069811393,16.751333631851363,1.0235275160925006,0.4685266841364218,-0.0069536292373963,-0.6361719716638138,-0.2541230117995141,-0.5183470426549962,-0.6485568466201247,-0.6469013857986882,0.3466920577165285,-0.0496102336524923,16.861698322546573,-0.7598120578684138,-1.1309084256668365,-0.2612042561523196,-0.5291519942754926,0.0587511524952447,0.1146668122336523,0.6160367978824935,0.6207030907519091,-0.416865789774383,-0.4877158025993589,16.803563470559844,-0.8502373652787818,0.1243784476232262
-0.0069536292373963,-0.6361719716638138,-0.2541230117995141,-0.5183470426549962,-0.6485568466201247,-0.6469013857986882,0.3466920577165285,-0.0496102336524923,16.861698322546573,-0.7598120578684138,-1.1309084256668365,-0.2612042561523196,-0.5291519942754926,0.0587511524952447,0.1146668122336523,0.6160367978824935,0.6207030907519091,-0.416865789774383,-0.4877158025993589,16.803563470559844,-0.8502373652787818,0.1243784476232262,-0.5492457261171817,-0.409836817316794,-0.1838078519292719,0.0618347775777733,-0.0661176920290961,-0.0591117237298164,-0.5203529078858593,-0.8000773837471257,16.681760430651984,-0.258231642469801,0.069272854882054
-0.2612042561523196,-0.5291519942754926,0.0587511524952447,0.1146668122336523,0.6160367978824935,0.6207030907519091,-0.416865789774383,-0.4877158025993589,16.803563470559844,-0.8502373652787818,0.1243784476232262,-0.5492457261171817,-0.409836817316794,-0.1838078519292719,0.0618347775777733,-0.0661176920290961,-0.0591117237298164,-0.5203529078858593,-0.8000773837471257,16.681760430651984,-0.258231642469801,0.069272854882054,-0.2245047499699037,0.0414139945434593,0.2712932908034953,0.9003318268144286,0.6177857609095773,0.6205450949723557,-1.0799853106594333,-1.670951443730308,16.355773150895264,-0.2072941193972926,0.7026158253698437
-0.5492457261171817,-0.409836817316794,-0.1838078519292719,0.0618347775777733,-0.0661176920290961,-0.0591117237298164,-0.5203529078858593,-0.8000773837471257,16.681760430651984,-0.258231642469801,0.069272854882054,-0.2245047499699037,0.0414139945434593,0.2712932908034953,0.9003318268144286,0.6177857609095773,0.6205450949723557,-1.0799853106594333,-1.670951443730308,16.355773150895264,-0.2072941193972926,0.7026158253698437,0.1851314371874907,0.2317151553573882,1.0730732043471802,-0.2452015455898198,-0.8136448520519205,-0.8128442647572083,1.520605076260844,0.3029070121702903,16.67479295569024,-0.6995510738202046,0.0883123614597394
-0.2245047499699037,0.0414139945434593,0.2712932908034953,0.9003318268144286,0.6177857609095773,0.6205450949723557,-1.0799853106594333,-1.670951443730308,16.355773150895264,-0.2072941193972926,0.7026158253698437,0.1851314371874907,0.2317151553573882,1.0730732043471802,-0.2452015455898198,-0.8136448520519205,-0.8128442647572083,1.520605076260844,0.3029070121702903,16.67479295569024,-0.6995510738202046,0.0883123614597394,0.0272326575700581,-0.988998494196646,-0.7711202811318754,-1.039662321188039,-0.6116296522248095,-0.6086801158187032,-0.7457519067135512,-0.7127239483148181,16.469808373415457,-0.8135259854635133,-0.8225708546695873
0.1851314371874907,0.2317151553573882,1.0730732043471802,-0.2452015455898198,-0.8136448520519205,-0.8128442647572083,1.520605076260844,0.3029070121702903,16.67479295569024,-0.6995510738202046,0.0883123614597394,0.0272326575700581,-0.988998494196646,-0.7711202811318754,-1.039662321188039,-0.6116296522248095,-0.6086801158187032,-0.7457519067135512,-0.7127239483148181,16.469808373415457,-0.8135259854635133,-0.8225708546695873,-1.4706047552027144,-1.7112017528067711,-2.3181516670784954,-2.0911572984972553,-1.384013789567541,-1.3941548807876212,1.7302216214851498,1.779431683888563,16.93950415544345,0.4572654245353597,-0.4350204259899413
0.0272326575700581,-0.988998494196646,-0.7711202811318754,-1.039662321188039,-0.6116296522248095,-0.6086801158187032,-0.7457519067135512,-0.7127239483148181,16.469808373415457,-0.8135259854635133,-0.8225708546695873,-1.4706047552027144,-1.7112017528067711,-2.3181516670784954,-2.0911572984972553,-1.384013789567541,-1.3941548807876212,1.7302216214851498,1.779431683888563,16.93950415544345,0.4572654245353597,-0.4350204259899413,-1.830146622362004,-2.079373360326753,-2.1567792984554166,-2.001436526700227,-0.2443510756091043,-0.2396643467554718,-0.0111451161790341,1.7188434389343723,16.97144662565711,0.0537475433644426,-0.8484032892287984
-1.4706047552027144,-1.7112017528067711,-2.3181516670784954,-2.0911572984972553,-1.384013789567541,-1.3941548807876212,1.7302216214851498,1.779431683888563,16.93950415544345,0.4572654245353597,-0.4350204259899413,-1.830146622362004,-2.079373360326753,-2.1567792984554166,-2.001436526700227,-0.2443510756091043,-0.2396643467554718,-0.0111451161790341,1.7188434389343723,16.97144662565711,0.0537475433644426,-0.8484032892287984,-1.150960476158532,-1.38264272614871,-1.5229674533575466,-1.0017216853181468,1.339035254121135,1.3336156892389772,-0.8782331903194586,0.2613062011216575,16.75673389881897,0.3393930816186351,1.2571322331071568
-1.830146622362004,-2.079373360326753,-2.1567792984554166,-2.001436526700227,-0.2443510756091043,-0.2396643467554718,-0.0111451161790341,1.7188434389343723,16.97144662565711,0.0537475433644426,-0.8484032892287984,-1.150960476158532,-1.38264272614871,-1.5229674533575466,-1.0017216853181468,1.339035254121135,1.3336156892389772,-0.8782331903194586,0.2613062011216575,16.75673389881897,0.3393930816186351,1.2571322331071568,-1.8302536985073228,-1.5587577649697424,-1.2186281361262,-1.2566875172855805,-0.5485008619754079,-0.5452189667222517,-0.7095951824868991,-0.6277490859599932,16.546821517774884,-1.5087885065111304,0.1663698486511965
-1.150960476158532,-1.38264272614871,-1.5229674533575466,-1.0017216853181468,1.339035254121135,1.3336156892389772,-0.8782331903194586,0.2613062011216575,16.75673389881897,0.3393930816186351,1.2571322331071568,-1.8302536985073228,-1.5587577649697424,-1.2186281361262,-1.2566875172855805,-0.5485008619754079,-0.5452189667222517,-0.7095951824868991,-0.6277490859599932,16.546821517774884,-1.5087885065111304,0.1663698486511965,-0.6430644178801236,-0.5553005655574716,-0.1562979342180118,-0.5000808374055573,1.1094393144750148,1.105932755546735,0.6113465179068697,0.2946412009668558,16.723558555455554,-1.610796734441406,1.5347460827197617
-1.8302536985073228,-1.5587577649697424,-1.2186281361262,-1.2566875172855805,-0.5485008619754079,-0.5452189667222517,-0.7095951824868991,-0.6277490859599932,16.546821517774884,-1.5087885065111304,0.1663698486511965,-0.6430644178801236,-0.5553005655574716,-0.1562979342180118,-0.5000808374055573,1.1094393144750148,1.105932755546735,0.6113465179068697,0.2946412009668558,16.723558555455554,-1.610796734441406,1.5347460827197617,-0.5614375146192531,0.2979500226854555,-0.2543939013330656,0.342477942510395,1.2086864430228503,1.2037063754896808,1.3636993119256338,1.8456916655222253,17.14133766854443,1.770210055061694,1.9266951880940468
-0.6430644178801236,-0.5553005655574716,-0.1562979342180118,-0.5000808374055573,1.1094393144750148,1.105932755546735,0.6113465179068697,0.2946412009668558,16.723558555455554,-1.610796734441406,1.5347460827197617,-0.5614375146192531,0.2979500226854555,-0.2543939013330656,0.342477942510395,1.2086864430228503,1.2037063754896808,1.3636993119256338,1.8456916655222253,17.14133766854443,1.770210055061694,1.9266951880940468,0.4909934989307106,0.3508748492569363,0.5869780955802856,0.3811790089188261,0.0126808806915536,0.0186787316558385,-1.3486152288270847,-0.7061888626030165,16.55531785526247,-0.7213963670637594,0.0465388897545029
-0.5614375146192531,0.2979500226854555,-0.2543939013330656,0.342477942510395,1.2086864430228503,1.2037063754896808,1.3636993119256338,1.8456916655222253,17.14133766854443,1.770210055061694,1.9266951880940468,0.4909934989307106,0.3508748492569363,0.5869780955802856,0.3811790089188261,0.0126808806915536,0.0186787316558385,-1.3486152288270847,-0.7061888626030165,16.55531785526247,-0.7213963670637594,0.0465388897545029,0.0377738679685477,0.7643669570910963,0.30186714926087,1.120774189232313,0.750307790859257,0.7521062113377703,1.5428563554896642,1.1791252380823118,17.130605276903626,1.1506464743659388,-0.2123740223749596
0.4909934989307106,0.3508748492569363,0.5869780955802856,0.3811790089188261,0.0126808806915536,0.0186787316558385,-1.3486152288270847,-0.7061888626030165,16.55531785526247,-0.7213963670637594,0.0465388897545029,0.0377738679685477,0.7643669570910963,0.30186714926087,1.120774189232313,0.750307790859257,0.7521062113377703,1.5428563554896642,1.1791252380823118,17.130605276903626,1.1506464743659388,-0.2123740223749596,2.3817806584526515,2.5015148862613548,2.38766812289603,2.498984825254729,2.3244644430468555,2.302068743034136,1.137107412647543,2.1876840686480965,17.64606319209198,1.6664269253422637,2.390863798617164
0.0377738679685477,0.7643669570910963,0.30186714926087,1.120774189232313,0.750307790859257,0.7521062113377703,1.5428563554896642,1.1791252380823118,17.130605276903626,1.1506464743659388,-0.2123740223749596,2.3817806584526515,2.5015148862613548,2.38766812289603,2.498984825254729,2.3244644430468555,2.302068743034136,1.137107412647543,2.1876840686480965,17.64606319209198,1.6664269253422637,2.390863798617164,2.269518109580227,1.985005089030586,2.1810057609430684,1.7828139580550113,-0.2784263878515836,-0.2725474681370068,-1.2995559214978116,-0.488064178590588,17.033706191554828,-0.1122828464127264,-0.5332635360837135
2.3817806584526515,2.5015148862613548,2.38766812289603,2.498984825254729,2.3244644430468555,2.302068743034136,1.137107412647543,2.1876840686480965,17.64606319209198,1.6664269253422637,2.390863798617164,2.269518109580227,1.985005089030586,2.1810057609430684,1.7828139580550113,-0.2784263878515836,-0.2725474681370068,-1.2995559214978116,-0.488064178590588,17.033706191554828,-0.1122828464127264,-0.5332635360837135,1.6468445610576503,1.269813332103917,1.368067440280113,1.1348501389590822,-0.9732696717682968,-0.9871543468651512,-0.6500238858418532,-0.9441573393446676,16.77737581372904,-0.0452800664426215,-0.3409379068704833
2.269518109580227,1.985005089030586,2.1810057609430684,1.7828139580550113,-0.2784263878515836,-0.2725474681370068,-1.2995559214978116,-0.488064178590588,17.033706191554828,-0.1122828464127264,-0.5332635360837135,1.6468445610576503,1.269813332103917,1.368067440280113,1.1348501389590822,-0.9732696717682968,-0.9871543468651512,-0.6500238858418532,-0.9441573393446676,16.77737581372904,-0.0452800664426215,-0.3409379068704833,1.071687161165613,0.934934474111638,1.1158596250950756,1.1824104639838626,0.0966499828621706,0.106361155092733,0.0178011710702187,-0.6241785765073792,16.855833762665572,-0.6693208582188959,0.0418591007573868
1.6468445610576503,1.269813332103917,1.368067440280113,1.1348501389590822,-0.9732696717682968,-0.9871543468651512,-0.6500238858418532,-0.9441573393446676,16.77737581372904,-0.0452800664426215,-0.3409379068704833,1.071687161165613,0.934934474111638,1.1158596250950756,1.1824104639838626,0.0966499828621706,0.106361155092733,0.0178011710702187,-0.6241785765073792,16.855833762665572,-0.6693208582188959,0.0418591007573868,0.9570274784146744,1.0897746223206508,0.8513450103096265,0.600419753733147,-1.0571135143279264,-1.07339313247888,-0.1255459465076654,-0.5250220606667316,16.896273126627065,1.4307321467703358,-0.467637351569814
1.071687161165613,0.934934474111638,1.1158596250950756,1.1824104639838626,0.0966499828621706,0.106361155092733,0.0178011710702187,-0.6241785765073792,16.855833762665572,-0.6693208582188959,0.0418591007573868,0.9570274784146744,1.0897746223206508,0.8513450103096265,0.600419753733147,-1.0571135143279264,-1.07339313247888,-0.1255459465076654,-0.5250220606667316,16.896273126627065,1.4307321467703358,-0.467637351569814,0.716159580317793,0.4394943690405158,0.2904938493677448,0.0857844788236667,-0.8930752526205664,-0.9036326719134166,0.1449345685882526,-0.2388840908222986,17.07736927932144,0.7143020266525364,-0.5628726082345424
0.9570274784146744,1.0897746223206508,0.8513450103096265,0.600419753733147,-1.0571135143279264,-1.07339313247888,-0.1255459465076654,-0.5250220606667316,16.896273126627065,1.4307321467703358,-0.467637351569814,0.716159580317793,0.4394943690405158,0.2904938493677448,0.0857844788236667,-0.8930752526205664,-0.9036326719134166,0.1449345685882526,-0.2388840908222986,17.07736927932144,0.7143020266525364,-0.5628726082345424,-0.4056341608318362,0.0048976187282835,-0.1486820469660619,0.0081276992096972,-0.1291136314586231,-0.1218378163425525,-0.556133399092711,-0.633396877309008,16.922963125843392,0.6378107280726243,-0.3471989023752605
0.716159580317793,0.4394943690405158,0.2904938493677448,0.0857844788236667,-0.8930752526205664,-0.9036326719134166,0.1449345685882526,-0.2388840908222986,17.07736927932144,0.7143020266525364,-0.5628726082345424,-0.4056341608318362,0.0048976187282835,-0.1486820469660619,0.0081276992096972,-0.1291136314586231,-0.1218378163425525,-0.556133399092711,-0.633396877309008,16.922963125843392,0.6378107280726243,-0.3471989023752605,0.2809332242950393,0.3516285500168254,0.3641655865448375,0.8553203762408699,0.8961734565851389,0.908514349526114,0.2198687856195052,-0.1367590704738076,17.06948325849038,0.0193004197083547,0.1477107044123826
-0.4056341608318362,0.0048976187282835,-0.1486820469660619,0.0081276992096972,-0.1291136314586231,-0.1218378163425525,-0.556133399092711,-0.633396877309008,16.922963125843392,0.6378107280726243,-0.3471989023752605,0.2809332242950393,0.3516285500168254,0.3641655865448375,0.8553203762408699,0.8961734565851389,0.908514349526114,0.2198687856195052,-0.1367590704738076,17.06948325849038,0.0193004197083547,0.1477107044123826,0.3916561030746895,-0.0744468824443867,0.0396889640816417,0.2400375287652892,-0.7053750041475646,-0.7102041896812226,-0.5525390763302126,-0.5573049849743729,16.949394826449325,-0.3865430922942038,-0.8106789880343899
0.2809332242950393,0.3516285500168254,0.3641655865448375,0.8553203762408699,0.8961734565851389,0.908514349526114,0.2198687856195052,-0.1367590704738076,17.06948325849038,0.0193004197083547,0.1477107044123826,0.3916561030746895,-0.0744468824443867,0.0396889640816417,0.2400375287652892,-0.7053750041475646,-0.7102041896812226,-0.5525390763302126,-0.5573049849743729,16.949394826449325,-0.3865430922942038,-0.8106789880343899,-0.4185979229410149,0.4251044901428668,-0.1563724072320864,1.2501919807665594,0.4585193143818866,0.4714793152927537,1.00000848622721,0.3935740757559849,17.272331874904253,0.9142118346073882,-0.6061784500809209
0.3916561030746895,-0.0744468824443867,0.0396889640816417,0.2400375287652892,-0.7053750041475646,-0.7102041896812226,-0.5525390763302126,-0.5573049849743729,16.949394826449325,-0.3865430922942038,-0.8106789880343899,-0.4185979229410149,0.4251044901428668,-0.1563724072320864,1.2501919807665594,0.4585193143818866,0.4714793152927537,1.00000848622721,0.3935740757559849,17.272331874904253,0.9142118346073882,-0.6061784500809209,1.0782314752609794,0.7595218668234976,0.986829447253918,0.5408839516330312,-0.5994615971418878,-0.5981731805821474,2.5461651715670945,2.783929004166748,18.1887865295208,-0.7076197604392457,-0.1526753049156969
-0.4185979229410149,0.4251044901428668,-0.1563724072320864,1.2501919807665594,0.4585193143818866,0.4714793152927537,1.00000848622721,0.3935740757559849,17.272331874904253,0.9142118346073882,-0.6061784500809209,1.0782314752609794,0.7595218668234976,0.986829447253918,0.5408839516330312,-0.5994615971418878,-0.5981731805821474,2.5461651715670945,2.783929004166748,18.1887865295208,-0.7076197604392457,-0.1526753049156969,0.6824939286350236,1.570025741787303,1.6247005206393326,1.7533163030149257,1.1808910921792652,1.1799569547576156,-1.4085395750375722,-0.4500946600555368,17.06809195397189,-0.5911226763481172,1.5087242426300465
1.0782314752609794,0.7595218668234976,0.986829447253918,0.5408839516330312,-0.5994615971418878,-0.5981731805821474,2.5461651715670945,2.783929004166748,18.1887865295208,-0.7076197604392457,-0.1526753049156969,0.6824939286350236,1.570025741787303,1.6247005206393326,1.7533163030149257,1.1808910921792652,1.1799569547576156,-1.4085395750375722,-0.4500946600555368,17.06809195397189,-0.5911226763481172,1.5087242426300465,1.857558038793248,1.8229946085382285,1.864516307750629,1.1927545053711246,-0.4252817488995261,-0.4207721218015363,-0.3120649387212727,-0.5331820131606407,17.034386422832473,-0.8314303396491481,-2.318825233078972
0.6824939286350236,1.570025741787303,1.6247005206393326,1.7533163030149257,1.1808910921792652,1.1799569547576156,-1.4085395750375722,-0.4500946600555368,17.06809195397189,-0.5911226763481172,1.5087242426300465,1.857558038793248,1.8229946085382285,1.864516307750629,1.1927545053711246,-0.4252817488995261,-0.4207721218015363,-0.3120649387212727,-0.5331820131606407,17.034386422832473,-0.8314303396491481,-2.318825233078972,1.0504263838672947,1.5417446129711074,1.2190837813120077,0.5492168749877939,-0.6501449055972036,-0.6495165340405857,-0.185323211024159,-0.4990401592894325,17.06584632821194,0.5372020789751502,0.6855397999813222
1.857558038793248,1.8229946085382285,1.864516307750629,1.1927545053711246,-0.4252817488995261,-0.4207721218015363,-0.3120649387212727,-0.5331820131606407,17.034386422832473,-0.8314303396491481,-2.318825233078972,1.0504263838672947,1.5417446129711074,1.2190837813120077,0.5492168749877939,-0.6501449055972036,-0.6495165340405857,-0.185323211024159,-0.4990401592894325,17.06584632821194,0.5372020789751502,0.6855397999813222,1.034390051335543,1.2646219626448196,1.0786848315385331,1.1247468429568852,0.6773100809845292,0.6819782637232774,-0.1498444485963969,-0.4373246827435922,17.11732953246229,0.3350270802276452,0.910974737714886
1.0504263838672947,1.5417446129711074,1.2190837813120077,0.5492168749877939,-0.6501449055972036,-0.6495165340405857,-0.185323211024159,-0.4990401592894325,17.06584632821194,0.5372020789751502,0.6855397999813222,1.034390051335543,1.2646219626448196,1.0786848315385331,1.1247468429568852,0.6773100809845292,0.6819782637232774,-0.1498444485963969,-0.4373246827435922,17.11732953246229,0.3350270802276452,0.910974737714886,0.810126409584174,0.2885899476464235,0.6520625954309182,0.6923178757761029,-0.6630111029923884,-0.661505982492036,-0.7732034247522346,-0.8477161289558217,16.662046583201178,-1.4389292990561615,-1.269762483273973
1.034390051335543,1.2646219626448196,1.0786848315385331,1.1247468429568852,0.6773100809845292,0.6819782637232774,-0.1498444485963969,-0.4373246827435922,17.11732953246229,0.3350270802276452,0.910974737714886,0.810126409584174,0.2885899476464235,0.6520625954309182,0.6923178757761029,-0.6630111029923884,-0.661505982492036,-0.7732034247522346,-0.8477161289558217,16.662046583201178,-1.4389292990561615,-1.269762483273973,0.8128194116107793,0.0912437441274642,0.2426144224323915,-0.8069277539575231,-1.1549103982944682,-1.161604968887372,-0.3915357546228219,-0.8639777207554411,16.503834196877282,-0.4781712286137155,-1.4548525760064197
0.810126409584174,0.2885899476464235,0.6520625954309182,0.6923178757761029,-0.6630111029923884,-0.661505982492036,-0.7732034247522346,-0.8477161289558217,16.662046583201178,-1.4389292990561615,-1.269762483273973,0.8128194116107793,0.0912437441274642,0.2426144224323915,-0.8069277539575231,-1.1549103982944682,-1.161604968887372,-0.3915357546228219,-0.8639777207554411,16.503834196877282,-0.4781712286137155,-1.4548525760064197,-0.8317226194452466,-1.3980674442531424,-0.7327503212811887,-1.0554270670848915,-0.2391419305846162,-0.2348745091612131,-0.3488028509069126,-0.8229618366529623,16.336347336584414,-1.7210118220620798,-0.0021716926786065
0.8128194116107793,0.0912437441274642,0.2426144224323915,-0.8069277539575231,-1.1549103982944682,-1.161604968887372,-0.3915357546228219,-0.8639777207554411,16.503834196877282,-0.4781712286137155,-1.4548525760064197,-0.8317226194452466,-1.3980674442531424,-0.7327503212811887,-1.0554270670848915,-0.2391419305846162,-0.2348745091612131,-0.3488028509069126,-0.8229618366529623,16.336347336584414,-1.7210118220620798,-0.0021716926786065,-0.0478238394509285,-0.6874735360510051,-0.1798430702159085,-1.0917088934465136,0.0491260818907706,0.054613109903294,1.425817909848816,-0.0771350353281717,17.088685194125816,-1.0380027998321002,-0.9468150556138698
-0.8317226194452466,-1.3980674442531424,-0.7327503212811887,-1.0554270670848915,-0.2391419305846162,-0.2348745091612131,-0.3488028509069126,-0.8229618366529623,16.336347336584414,-1.7210118220620798,-0.0021716926786065,-0.0478238394509285,-0.6874735360510051,-0.1798430702159085,-1.0917088934465136,0.0491260818907706,0.054613109903294,1.425817909848816,-0.0771350353281717,17.088685194125816,-1.0380027998321002,-0.9468150556138698,-0.357059215640102,-0.4720660208177362,0.4272941389924444,0.3130560985450611,1.122789814878472,1.1239236403852262,-0.44646574156623,-0.2335619901363573,16.88463273520824,-1.5000477950228075,0.8418796871694328
-0.0478238394509285,-0.6874735360510051,-0.1798430702159085,-1.0917088934465136,0.0491260818907706,0.054613109903294,1.425817909848816,-0.0771350353281717,17.088685194125816,-1.0380027998321002,-0.9468150556138698,-0.357059215640102,-0.4720660208177362,0.4272941389924444,0.3130560985450611,1.122789814878472,1.1239236403852262,-0.44646574156623,-0.2335619901363573,16.88463273520824,-1.5000477950228075,0.8418796871694328,-0.7190560717636513,0.3153133821826889,-0.4152710628727853,1.3177496468073429,0.8547614446263604,0.8562806752005044,0.1279666133380427,1.2908120458789685,16.910952455922253,1.0600006930425128,0.0240197007874379
-0.357059215640102,-0.4720660208177362,0.4272941389924444,0.3130560985450611,1.122789814878472,1.1239236403852262,-0.44646574156623,-0.2335619901363573,16.88463273520824,-1.5000477950228075,0.8418796871694328,-0.7190560717636513,0.3153133821826889,-0.4152710628727853,1.3177496468073429,0.8547614446263604,0.8562806752005044,0.1279666133380427,1.2908120458789685,16.910952455922253,1.0600006930425128,0.0240197007874379,0.6451617994235008,0.4979713605611631,1.5389993761440388,1.32360993625016,0.0910656123071905,0.0954273611409937,-0.7111907800944002,0.0108354632357491,16.56802417954038,-1.0912093255248525,0.1510260274459464
-0.7190560717636513,0.3153133821826889,-0.4152710628727853,1.3177496468073429,0.8547614446263604,0.8562806752005044,0.1279666133380427,1.2908120458789685,16.910952455922253,1.0600006930425128,0.0240197007874379,0.6451617994235008,0.4979713605611631,1.5389993761440388,1.32360993625016,0.0910656123071905,0.0954273611409937,-0.7111907800944002,0.0108354632357491,16.56802417954038,-1.0912093255248525,0.1510260274459464,1.4335261394395271,0.5973822636951406,0.7465892478932747,0.1321746919456193,-1.164530775442988,-1.1677066137469578,-0.3305128815215263,-0.2859288816532026,16.41292718002902,0.0880533568016621,-0.4393656800658977
0.6451617994235008,0.4979713605611631,1.5389993761440388,1.32360993625016,0.0910656123071905,0.0954273611409937,-0.7111907800944002,0.0108354632357491,16.56802417954038,-1.0912093255248525,0.1510260274459464,1.4335261394395271,0.5973822636951406,0.7465892478932747,0.1321746919456193,-1.164530775442988,-1.1677066137469578,-0.3305128815215263,-0.2859288816532026,16.41292718002902,0.0880533568016621,-0.4393656800658977,-0.7231392559822128,-1.0418759338384882,-0.4536719266744586,-0.6596546499526517,-0.7908907438433953,-0.7899510065779957,0.5650003095841125,0.8203304602449124,16.643297499812416,-1.1974648596702038,-0.2291965041456156
1.4335261394395271,0.5973822636951406,0.7465892478932747,0.1321746919456193,-1.164530775442988,-1.1677066137469578,-0.3305128815215263,-0.2859288816532026,16.41292718002902,0.0880533568016621,-0.4393656800658977,-0.7231392559822128,-1.0418759338384882,-0.4536719266744586,-0.6596546499526517,-0.7908907438433953,-0.7899510065779957,0.5650003095841125,0.8203304602449124,16.643297499812416,-1.1974648596702038,-0.2291965041456156,-1.520468340050276,-1.2948071532916834,-1.4243820796058415,-1.289275515057983,-0.7788961276719586,-0.7792713665834307,-0.327441175945803,0.4704918321873602,16.48917640120348,-0.1124974955797613,-1.0093298275947642
-0.7231392559822128,-1.0418759338384882,-0.4536719266744586,-0.6596546499526517,-0.7908907438433953,-0.7899510065779957,0.5650003095841125,0.8203304602449124,16.643297499812416,-1.1974648596702038,-0.2291965041456156,-1.520468340050276,-1.2948071532916834,-1.4243820796058415,-1.289275515057983,-0.7788961276719586,-0.7792713665834307,-0.327441175945803,0.4704918321873602,16.48917640120348,-0.1124974955797613,-1.0093298275947642,-1.7687828477364098,-1.1149442637715046,-1.4473688587117526,-0.493715023067159,0.8834155200913858,0.8847253254889482,0.0529475091616488,0.6398961447756556,16.54987813231892,0.4921720575037772,1.4135683434343391
-1.520468340050276,-1.2948071532916834,-1.4243820796058415,-1.289275515057983,-0.7788961276719586,-0.7792713665834307,-0.327441175945803,0.4704918321873602,16.48917640120348,-0.1124974955797613,-1.0093298275947642,-1.7687828477364098,-1.1149442637715046,-1.4473688587117526,-0.493715023067159,0.8834155200913858,0.8847253254889482,0.0529475091616488,0.6398961447756556,16.54987813231892,0.4921720575037772,1.4135683434343391,0.0033323470042054,-0.5477565478270423,-0.6426488445452638,-1.1678835718972538,-0.8927914421930048,-0.8934402894056,0.0243442133610542,0.7813111390935986,16.619961313892816,0.1464431036461818,-0.7140079609977498
-1.7687828477364098,-1.1149442637715046,-1.4473688587117526,-0.493715023067159,0.8834155200913858,0.8847253254889482,0.0529475091616488,0.6398961447756556,16.54987813231892,0.4921720575037772,1.4135683434343391,0.0033323470042054,-0.5477565478270423,-0.6426488445452638,-1.1678835718972538,-0.8927914421930048,-0.8934402894056,0.0243442133610542,0.7813111390935986,16.619961313892816,0.1464431036461818,-0.7140079609977498,-0.5152579546000845,-1.0792820507952563,-1.2553618607426715,-1.5061318369528396,-0.6775199921778104,-0.6765095435396545,-0.5166881673349811,-0.5271589361759266,16.462536128090385,0.4527306179610166,0.0787228930160718
0.0033323470042054,-0.5477565478270423,-0.6426488445452638,-1.1678835718972538,-0.8927914421930048,-0.8934402894056,0.0243442133610542,0.7813111390935986,16.619961313892816,0.1464431036461818,-0.7140079609977498,-0.5152579546000845,-1.0792820507952563,-1.2553618607426715,-1.5061318369528396,-0.6775199921778104,-0.6765095435396545,-0.5166881673349811,-0.5271589361759266,16.462536128090385,0.4527306179610166,0.0787228930160718,-1.328038253910127,-1.042645774314621,-0.9564352523637648,-0.5986881716267426,1.1658213652720466,1.1645177877669506,1.3661949165262004,1.487705621116869,16.664191946726877,-0.1801736261713198,0.3115254925638047
-0.5152579546000845,-1.0792820507952563,-1.2553618607426715,-1.5061318369528396,-0.6775199921778104,-0.6765095435396545,-0.5166881673349811,-0.5271589361759266,16.462536128090385,0.4527306179610166,0.0787228930160718,-1.328038253910127,-1.042645774314621,-0.9564352523637648,-0.5986881716267426,1.1658213652720466,1.1645177877669506,1.3661949165262004,1.487705621116869,16.664191946726877,-0.1801736261713198,0.3115254925638047,-0.947933747245118,-0.6973338508898602,-0.9970062776015872,-0.9412691166501134,-0.5466657778717247,-0.5452044720738801,0.1046889309231722,1.408008856880616,16.67570949348044,0.8006501605795724,-0.2024154730808594
-1.328038253910127,-1.042645774314621,-0.9564352523637648,-0.5986881716267426,1.1658213652720466,1.1645177877669506,1.3661949165262004,1.487705621116869,16.664191946726877,-0.1801736261713198,0.3115254925638047,-0.947933747245118,-0.6973338508898602,-0.9970062776015872,-0.9412691166501134,-0.5466657778717247,-0.5452044720738801,0.1046889309231722,1.408008856880616,16.67570949348044,0.8006501605795724,-0.2024154730808594,-0.9715205634254978,-0.5087035026216247,-0.5278402823692653,0.1094028885570128,1.5173135351588425,1.5146213819722203,-1.113917063974762,-0.1765092134061511,16.39580321801473,0.2437358441612855,1.8103337686579868
-0.947933747245118,-0.6973338508898602,-0.9970062776015872,-0.9412691166501134,-0.5466657778717247,-0.5452044720738801,0.1046889309231722,1.408008856880616,16.67570949348044,0.8006501605795724,-0.2024154730808594,-0.9715205634254978,-0.5087035026216247,-0.5278402823692653,0.1094028885570128,1.5173135351588425,1.5146213819722203,-1.113917063974762,-0.1765092134061511,16.39580321801473,0.2437358441612855,1.8103337686579868,0.6483223352535202,0.8549532388604228,1.1321278727621171,1.2121007604636322,0.9236308014102784,0.9257356544117238,1.333205869981286,1.3598598665713033,16.637246582972857,-0.9265969850843888,1.2201670004819358
-0.9715205634254978,-0.5087035026216247,-0.5278402823692653,0.1094028885570128,1.5173135351588425,1.5146213819722203,-1.113917063974762,-0.1765092134061511,16.39580321801473,0.2437358441612855,1.8103337686579868,0.6483223352535202,0.8549532388604228,1.1321278727621171,1.2121007604636322,0.9236308014102784,0.9257356544117238,1.333205869981286,1.3598598665713033,16.637246582972857,-0.9265969850843888,1.2201670004819358,0.3634838288838709,1.8820957028787415,1.22372657548436,1.5944555322322214,0.355300331698256,0.3592669764396182,0.4627015591347728,1.7747130262027626,16.763102508656225,0.5553417686918896,0.6241934355723993
0.6483223352535202,0.8549532388604228,1.1321278727621171,1.2121007604636322,0.9236308014102784,0.9257356544117238,1.333205869981286,1.3598598665713033,16.637246582972857,-0.9265969850843888,1.2201670004819358,0.3634838288838709,1.8820957028787415,1.22372657548436,1.5944555322322214,0.355300331698256,0.3592669764396182,0.4627015591347728,1.7747130262027626,16.763102508656225,0.5553417686918896,0.6241934355723993,0.6597573697187755,2.153323483438706,1.4758797201494638,1.1757927393387184,-0.3294573893898385,-0.3259588699217457,0.1881351573098467,1.5896351792746517,16.823122043457897,2.176165351822,0.5141161019374922
0.3634838288838709,1.8820957028787415,1.22372657548436,1.5944555322322214,0.355300331698256,0.3592669764396182,0.4627015591347728,1.7747130262027626,16.763102508656225,0.5553417686918896,0.6241934355723993,0.6597573697187755,2.153323483438706,1.4758797201494638,1.1757927393387184,-0.3294573893898385,-0.3259588699217457,0.1881351573098467,1.5896351792746517,16.823122043457897,2.176165351822,0.5141161019374922,1.0004349581180554,0.3795170721311492,0.3084728676858927,0.9471344313576948,-0.2230985080940479,-0.219547600517568,-1.5557622892225875,-0.6956115479314227,16.51061066742648,0.2726657285894113,-0.3405717638836084
0.6597573697187755,2.153323483438706,1.4758797201494638,1.1757927393387184,-0.3294573893898385,-0.3259588699217457,0.1881351573098467,1.5896351792746517,16.823122043457897,2.176165351822,0.5141161019374922,1.0004349581180554,0.3795170721311492,0.3084728676858927,0.9471344313576948,-0.2230985080940479,-0.219547600517568,-1.5557622892225875,-0.6956115479314227,16.51061066742648,0.2726657285894113,-0.3405717638836084,1.274821381662894,1.0809596890055049,1.7313265285736326,1.0218057440921842,0.1769871258139117,0.1805728100097569,-0.8428574041049502,-1.4009992898567274,16.328194569802132,-1.6197116300230108,0.2215634638715228
1.0004349581180554,0.3795170721311492,0.3084728676858927,0.9471344313576948,-0.2230985080940479,-0.219547600517568,-1.5557622892225875,-0.6956115479314227,16.51061066742648,0.2726657285894113,-0.3405717638836084,1.274821381662894,1.0809596890055049,1.7313265285736326,1.0218057440921842,0.1769871258139117,0.1805728100097569,-0.8428574041049502,-1.4009992898567274,16.328194569802132,-1.6197116300230108,0.2215634638715228,1.20282660322811,0.4666691907160151,-0.0774282129650421,-0.8523504793969915,-1.9819560935342628,-1.9921801868407496,2.3913512069751324,1.8067972185870813,16.979719023737736,1.1620820868216146,-1.0049521823439858
1.274821381662894,1.0809596890055049,1.7313265285736326,1.0218057440921842,0.1769871258139117,0.1805728100097569,-0.8428574041049502,-1.4009992898567274,16.328194569802132,-1.6197116300230108,0.2215634638715228,1.20282660322811,0.4666691907160151,-0.0774282129650421,-0.8523504793969915,-1.9819560935342628,-1.9921801868407496,2.3913512069751324,1.8067972185870813,16.979719023737736,1.1620820868216146,-1.0049521823439858,-1.0122924201615036,-1.5882865006419844,-1.4049561808628406,-1.6934171408727547,-0.918867384262962,-0.9163168395889943,-0.9421478124125432,-0.2758259247405202,16.659198323819187,-0.5001588567139817,-1.2396596439461511
1.20282660322811,0.4666691907160151,-0.0774282129650421,-0.8523504793969915,-1.9819560935342628,-1.9921801868407496,2.3913512069751324,1.8067972185870813,16.979719023737736,1.1620820868216146,-1.0049521823439858,-1.0122924201615036,-1.5882865006419844,-1.4049561808628406,-1.6934171408727547,-0.918867384262962,-0.9163168395889943,-0.9421478124125432,-0.2758259247405202,16.659198323819187,-0.5001588567139817,-1.2396596439461511,-1.473826011260815,-1.7020902292294933,-2.070119823091583,-1.182744408714084,0.482076403087796,0.4838721009655651,0.0322703906999149,0.0092756953887802,16.719675692787295,1.7103266072236196,-2.067462922529955
-1.0122924201615036,-1.5882865006419844,-1.4049561808628406,-1.6934171408727547,-0.918867384262962,-0.9163168395889943,-0.9421478124125432,-0.2758259247405202,16.659198323819187,-0.5001588567139817,-1.2396596439461511,-1.473826011260815,-1.7020902292294933,-2.070119823091583,-1.182744408714084,0.482076403087796,0.4838721009655651,0.0322703906999149,0.0092756953887802,16.719675692787295,1.7103266072236196,-2.067462922529955,-0.9973057899665422,-0.7443572643321922,-0.7009674954646292,-0.186291989698062,1.196152348631666,1.1889442130494756,-0.4191893973051607,-0.5112504849622783,16.59947192829226,0.174953185210869,0.6064402476974269
-1.473826011260815,-1.7020902292294933,-2.070119823091583,-1.182744408714084,0.482076403087796,0.4838721009655651,0.0322703906999149,0.0092756953887802,16.719675692787295,1.7103266072236196,-2.067462922529955,-0.9973057899665422,-0.7443572643321922,-0.7009674954646292,-0.186291989698062,1.196152348631666,1.1889442130494756,-0.4191893973051607,-0.5112504849622783,16.59947192829226,0.174953185210869,0.6064402476974269,-0.0195534533641371,0.7703678796176459,0.576905614386941,1.205689120079246,1.530596883744123,1.5191151735665642,-0.0449166866974572,-0.4485074707668846,16.650487111358775,0.2154734191726456,1.9218132404864563
-0.9973057899665422,-0.7443572643321922,-0.7009674954646292,-0.186291989698062,1.196152348631666,1.1889442130494756,-0.4191893973051607,-0.5112504849622783,16.59947192829226,0.174953185210869,0.6064402476974269,-0.0195534533641371,0.7703678796176459,0.576905614386941,1.205689120079246,1.530596883744123,1.5191151735665642,-0.0449166866974572,-0.4485074707668846,16.650487111358775,0.2154734191726456,1.9218132404864563,-0.0458566936576255,-0.7644811421207646,-1.4589997820275638,-1.6048431567081898,-2.2080836831266866,-2.223680521501173,1.4210767675671665,1.7903181912643542,17.1603845065048,2.059457410354468,-2.0596570197244164
-0.0195534533641371,0.7703678796176459,0.576905614386941,1.205689120079246,1.530596883744123,1.5191151735665642,-0.0449166866974572,-0.4485074707668846,16.650487111358775,0.2154734191726456,1.9218132404864563,-0.0458566936576255,-0.7644811421207646,-1.4589997820275638,-1.6048431567081898,-2.2080836831266866,-2.223680521501173,1.4210767675671665,1.7903181912643542,17.1603845065048,2.059457410354468,-2.0596570197244164,-1.2199001939582694,-1.096942792542283,-0.5612353947391119,-1.20826776634524,0.2804022685352815,0.2850143223617188,-0.8835302399301247,-0.1201170227127527,16.802000300615603,-0.8194062479749061,0.777490670224496
-0.0458566936576255,-0.7644811421207646,-1.4589997820275638,-1.6048431567081898,-2.2080836831266866,-2.223680521501173,1.4210767675671665,1.7903181912643542,17.1603845065048,2.059457410354468,-2.0596570197244164,-1.2199001939582694,-1.096942792542283,-0.5612353947391119,-1.20826776634524,0.2804022685352815,0.2850143223617188,-0.8835302399301247,-0.1201170227127527,16.802000300615603,-0.8194062479749061,0.777490670224496,-1.64054716410785,-1.640321155159192,-1.3609002581019536,-1.2216791001752638,-0.0845847853768529,-0.0764153612407869,-0.3704438005172739,-0.4391857236028874,16.688170890476563,0.0222646656792931,0.320331590037775
-1.2199001939582694,-1.096942792542283,-0.5612353947391119,-1.20826776634524,0.2804022685352815,0.2850143223617188,-0.8835302399301247,-0.1201170227127527,16.802000300615603,-0.8194062479749061,0.777490670224496,-1.64054716410785,-1.640321155159192,-1.3609002581019536,-1.2216791001752638,-0.0845847853768529,-0.0764153612407869,-0.3704438005172739,-0.4391857236028874,16.688170890476563,0.0222646656792931,0.320331590037775,-0.737104010398247,0.4394730766928291,-0.0948395291820012,0.8183225637181446,1.6237899590403182,1.6002197580622344,0.7058048049643497,0.7784223448909272,17.029414081405307,1.0311833519840123,1.043270379229153
-1.64054716410785,-1.640321155159192,-1.3609002581019536,-1.2216791001752638,-0.0845847853768529,-0.0764153612407869,-0.3704438005172739,-0.4391857236028874,16.688170890476563,0.0222646656792931,0.320331590037775,-0.737104010398247,0.4394730766928291,-0.0948395291820012,0.8183225637181446,1.6237899590403182,1.6002197580622344,0.7058048049643497,0.7784223448909272,17.029414081405307,1.0311833519840123,1.043270379229153,1.1362125470456976,0.4975344604354735,0.8997229241948561,0.8197306038915476,-0.0493759320392264,-0.0400873970512614,-1.189017887080081,-1.5754584585779778,16.4498425263391,-0.9279185574674524,-0.0973314472339186
-0.737104010398247,0.4394730766928291,-0.0948395291820012,0.8183225637181446,1.6237899590403182,1.6002197580622344,0.7058048049643497,0.7784223448909272,17.029414081405307,1.0311833519840123,1.043270379229153,1.1362125470456976,0.4975344604354735,0.8997229241948561,0.8197306038915476,-0.0493759320392264,-0.0400873970512614,-1.189017887080081,-1.5754584585779778,16.4498425263391,-0.9279185574674524,-0.0973314472339186,0.4106031858755283,-0.2456248934287498,0.4214838001952635,-0.298605064871213,-0.8196634970112818,-0.8144581586818426,0.5942849381959786,-0.6518412354874208,16.648135552506265,-1.137393118645602,-0.7331908698796539
1.1362125470456976,0.4975344604354735,0.8997229241948561,0.8197306038915476,-0.0493759320392264,-0.0400873970512614,-1.189017887080081,-1.5754584585779778,16.4498425263391,-0.9279185574674524,-0.0973314472339186,0.4106031858755283,-0.2456248934287498,0.4214838001952635,-0.298605064871213,-0.8196634970112818,-0.8144581586818426,0.5942849381959786,-0.6518412354874208,16.648135552506265,-1.137393118645602,-0.7331908698796539,0.2619244895890762,0.2540017288146516,0.6542611844755801,0.4419104885128863,0.5343606559406191,0.537126637738311,0.2188983656049859,-0.1775251562510348,16.769065804773035,-0.8049418678208645,0.565716054650891
0.4106031858755283,-0.2456248934287498,0.4214838001952635,-0.298605064871213,-0.8196634970112818,-0.8144581586818426,0.5942849381959786,-0.6518412354874208,16.648135552506265,-1.137393118645602,-0.7331908698796539,0.2619244895890762,0.2540017288146516,0.6542611844755801,0.4419104885128863,0.5343606559406191,0.537126637738311,0.2188983656049859,-0.1775251562510348,16.769065804773035,-0.8049418678208645,0.565716054650891,0.8341903163244753,0.2120153866993711,0.4743993602570184,0.4920564502464,0.0281388674354123,0.0369978539738041,-0.8058686032803924,-1.0241246784627045,16.48482000005012,-0.4984655586338594,0.1602323664212557
0.2619244895890762,0.2540017288146516,0.6542611844755801,0.4419104885128863,0.5343606559406191,0.537126637738311,0.2188983656049859,-0.1775251562510348,16.769065804773035,-0.8049418678208645,0.565716054650891,0.8341903163244753,0.2120153866993711,0.4743993602570184,0.4920564502464,0.0281388674354123,0.0369978539738041,-0.8058686032803924,-1.0241246784627045,16.48482000005012,-0.4984655586338594,0.1602323664212557,0.9333402777574024,0.7402974715371279,1.1056831696672742,0.796034844251912,0.2343062100257521,0.2413620582090434,-0.5623146190390258,-1.258867654743776,16.295572239827138,-0.8527282754183392,0.3759118741395934
0.8341903163244753,0.2120153866993711,0.4743993602570184,0.4920564502464,0.0281388674354123,0.0369978539738041,-0.8058686032803924,-1.0241246784627045,16.48482000005012,-0.4984655586338594,0.1602323664212557,0.9333402777574024,0.7402974715371279,1.1056831696672742,0.796034844251912,0.2343062100257521,0.2413620582090434,-0.5623146190390258,-1.258867654743776,16.295572239827138,-0.8527282754183392,0.3759118741395934,1.281776653220446,1.7548780933872303,1.5465684520702476,1.637327588267616,0.6843966762135547,0.6848447727500953,0.533939930964203,-0.5883917187033787,16.497490599760834,-0.1683724325914835,0.7454130462712633
0.9333402777574024,0.7402974715371279,1.1056831696672742,0.796034844251912,0.2343062100257521,0.2413620582090434,-0.5623146190390258,-1.258867654743776,16.295572239827138,-0.8527282754183392,0.3759118741395934,1.281776653220446,1.7548780933872303,1.5465684520702476,1.637327588267616,0.6843966762135547,0.6848447727500953,0.533939930964203,-0.5883917187033787,16.497490599760834,-0.1683724325914835,0.7454130462712633,1.8046348471259237,1.8592685301895788,1.9518121055486628,1.4310176641461467,-0.165405275825977,-0.1603262371647721,0.1873878341219559,-0.0541438307265265,16.52135840232494,-0.9152386858213544,0.5293749214589374
1.281776653220446,1.7548780933872303,1.5465684520702476,1.637327588267616,0.6843966762135547,0.6848447727500953,0.533939930964203,-0.5883917187033787,16.497490599760834,-0.1683724325914835,0.7454130462712633,1.8046348471259237,1.8592685301895788,1.9518121055486628,1.4310176641461467,-0.165405275825977,-0.1603262371647721,0.1873878341219559,-0.0541438307265265,16.52135840232494,-0.9152386858213544,0.5293749214589374,1.810676459778772,2.097215263617977,1.7782025217229476,2.0273647200874576,1.235884914196177,1.2334607667180053,1.7224992408225372,1.9389212188274392,16.999090797874786,1.2760434090729935,0.9691914224783388
1.8046348471259237,1.8592685301895788,1.9518121055486628,1.4310176641461467,-0.165405275825977,-0.1603262371647721,0.1873878341219559,-0.0541438307265265,16.52135840232494,-0.9152386858213544,0.5293749214589374,1.810676459778772,2.097215263617977,1.7782025217229476,2.0273647200874576,1.235884914196177,1.2334607667180053,1.7224992408225372,1.9389212188274392,16.999090797874786,1.2760434090729935,0.9691914224783388,1.933840396231295,2.226283727051324,1.993846051761196,2.2658868126773215,1.3069757120565102,1.3001496177131002,0.027602693873746,1.6200305287099377,17.08845785251478,2.041736077194655,1.5318212089421095
1.810676459778772,2.097215263617977,1.7782025217229476,2.0273647200874576,1.235884914196177,1.2334607667180053,1.7224992408225372,1.9389212188274392,16.999090797874786,1.2760434090729935,0.9691914224783388,1.933840396231295,2.226283727051324,1.993846051761196,2.2658868126773215,1.3069757120565102,1.3001496177131002,0.027602693873746,1.6200305287099377,17.08845785251478,2.041736077194655,1.5318212089421095,2.2741289305741126,1.7773096348771382,2.166546828092453,1.7623158918650312,-0.1214052677796456,-0.1154571861306328,-0.5427957069613513,1.014048026205286,16.949612544321873,-1.0804910593571548,0.1281718250532499
1.933840396231295,2.226283727051324,1.993846051761196,2.2658868126773215,1.3069757120565102,1.3001496177131002,0.027602693873746,1.6200305287099377,17.08845785251478,2.041736077194655,1.5318212089421095,2.2741289305741126,1.7773096348771382,2.166546828092453,1.7623158918650312,-0.1214052677796456,-0.1154571861306328,-0.5427957069613513,1.014048026205286,16.949612544321873,-1.0804910593571548,0.1281718250532499,1.688658106247926,1.3718024850659047,1.4860252777896732,1.2565903705504282,-0.9585544076040208,-0.9588701835912616,-1.050513897424076,-0.1429793638839643,16.694484327100472,-0.2704954222027199,-1.2844423193712482
2.2741289305741126,1.7773096348771382,2.166546828092453,1.7623158918650312,-0.1214052677796456,-0.1154571861306328,-0.5427957069613513,1.014048026205286,16.949612544321873,-1.0804910593571548,0.1281718250532499,1.688658106247926,1.3718024850659047,1.4860252777896732,1.2565903705504282,-0.9585544076040208,-0.9588701835912616,-1.050513897424076,-0.1429793638839643,16.694484327100472,-0.2704954222027199,-1.2844423193712482,1.582948643791187,1.5138910738575249,1.4291795237197071,1.2947082535938867,0.1318368931053668,0.136984608876221,2.199753182155471,1.8820258285328115,17.40147098578041,0.7833899756947524,1.5994174137800854
1.688658106247926,1.3718024850659047,1.4860252777896732,1.2565903705504282,-0.9585544076040208,-0.9588701835912616,-1.050513897424076,-0.1429793638839643,16.694484327100472,-0.2704954222027199,-1.2844423193712482,1.582948643791187,1.5138910738575249,1.4291795237197071,1.2947082535938867,0.1318368931053668,0.136984608876221,2.199753182155471,1.8820258285328115,17.40147098578041,0.7833899756947524,1.5994174137800854,1.00392716117729,0.7910359975800545,0.9801432005930828,0.8304069709052795,-1.4477415155741595,-1.4589234068318806,-1.0247847834669146,0.0142327056666138,16.951917444239633,-0.7958060638604597,-1.2551407713450569
1.582948643791187,1.5138910738575249,1.4291795237197071,1.2947082535938867,0.1318368931053668,0.136984608876221,2.199753182155471,1.8820258285328115,17.40147098578041,0.7833899756947524,1.5994174137800854,1.00392716117729,0.7910359975800545,0.9801432005930828,0.8304069709052795,-1.4477415155741595,-1.4589234068318806,-1.0247847834669146,0.0142327056666138,16.951917444239633,-0.7958060638604597,-1.2551407713450569,1.380705984060518,1.921158356840846,1.3070942424948289,2.0263059269560864,2.414422389943441,2.3952167900588615,1.732238484568054,1.817794130595952,17.712683870441293,2.4391338369874123,2.5159499474552836
1.00392716117729,0.7910359975800545,0.9801432005930828,0.8304069709052795,-1.4477415155741595,-1.4589234068318806,-1.0247847834669146,0.0142327056666138,16.951917444239633,-0.7958060638604597,-1.2551407713450569,1.380705984060518,1.921158356840846,1.3070942424948289,2.0263059269560864,2.414422389943441,2.3952167900588615,1.732238484568054,1.817794130595952,17.712683870441293,2.4391338369874123,2.5159499474552836,2.116197014101132,2.4272544412873196,2.245180696955453,2.4608119954366856,2.276208789334453,2.2513278777560117,0.6964226389894841,2.0937282287906713,18.22830886342612,2.32452194506045,2.3261625310623057
1.380705984060518,1.921158356840846,1.3070942424948289,2.0263059269560864,2.414422389943441,2.3952167900588615,1.732238484568054,1.817794130595952,17.712683870441293,2.4391338369874123,2.5159499474552836,2.116197014101132,2.4272544412873196,2.245180696955453,2.4608119954366856,2.276208789334453,2.2513278777560117,0.6964226389894841,2.0937282287906713,18.22830886342612,2.32452194506045,2.3261625310623057,2.420127290275897,2.3715118089959972,2.25039349865411,1.6759156933879256,-0.8660518412600462,-0.8842939949005596,0.170564743253394,1.7520634770277477,18.57693208156658,2.3707141099561344,-0.9555699804654676
2.116197014101132,2.4272544412873196,2.245180696955453,2.4608119954366856,2.276208789334453,2.2513278777560117,0.6964226389894841,2.0937282287906713,18.22830886342612,2.32452194506045,2.3261625310623057,2.420127290275897,2.3715118089959972,2.25039349865411,1.6759156933879256,-0.8660518412600462,-0.8842939949005596,0.170564743253394,1.7520634770277477,18.57693208156658,2.3707141099561344,-0.9555699804654676,1.3568989853059468,0.9710756792446948,1.57401316775766,1.3879267644572886,-0.4510396133664117,-0.4480703896753882,-0.9696775660180608,0.1685921275419005,18.31529801693676,-0.1536389995777489,-0.298574113218704
2.420127290275897,2.3715118089959972,2.25039349865411,1.6759156933879256,-0.8660518412600462,-0.8842939949005596,0.170564743253394,1.7520634770277477,18.57693208156658,2.3707141099561344,-0.9555699804654676,1.3568989853059468,0.9710756792446948,1.57401316775766,1.3879267644572886,-0.4510396133664117,-0.4480703896753882,-0.9696775660180608,0.1685921275419005,18.31529801693676,-0.1536389995777489,-0.298574113218704,1.1749748049674005,0.6342321975800348,1.2021076828517532,0.9013984852982296,-0.9649724986077896,-0.9905827367003373,-0.6045272483870334,-0.4253227394625722,18.20738852106599,-0.4590344300155044,-1.2783483926066912
1.3568989853059468,0.9710756792446948,1.57401316775766,1.3879267644572886,-0.4510396133664117,-0.4480703896753882,-0.9696775660180608,0.1685921275419005,18.31529801693676,-0.1536389995777489,-0.298574113218704,1.1749748049674005,0.6342321975800348,1.2021076828517532,0.9013984852982296,-0.9649724986077896,-0.9905827367003373,-0.6045272483870334,-0.4253227394625722,18.20738852106599,-0.4590344300155044,-1.2783483926066912,0.8348759456495519,0.6904066031545788,1.0176113757298753,1.028203077540043,0.2069851873445849,0.2301176817826012,-0.7419398488269302,-0.9665725830421412,17.955704472340418,-0.0349007251001233,-0.0921181645208826
1.1749748049674005,0.6342321975800348,1.2021076828517532,0.9013984852982296,-0.9649724986077896,-0.9905827367003373,-0.6045272483870334,-0.4253227394625722,18.20738852106599,-0.4590344300155044,-1.2783483926066912,0.8348759456495519,0.6904066031545788,1.0176113757298753,1.028203077540043,0.2069851873445849,0.2301176817826012,-0.7419398488269302,-0.9665725830421412,17.955704472340418,-0.0349007251001233,-0.0921181645208826,0.9356041145657312,0.3816553841926392,0.9406096196807708,0.7084219418995565,-0.6614610298260499,-0.6692262230109586,-1.2003793040778463,-1.558013035702664,17.0821093491774,-0.689342817786041,-0.6296284347970182
0.8348759456495519,0.6904066031545788,1.0176113757298753,1.028203077540043,0.2069851873445849,0.2301176817826012,-0.7419398488269302,-0.9665725830421412,17.955704472340418,-0.0349007251001233,-0.0921181645208826,0.9356041145657312,0.3816553841926392,0.9406096196807708,0.7084219418995565,-0.6614610298260499,-0.6692262230109586,-1.2003793040778463,-1.558013035702664,17.0821093491774,-0.689342817786041,-0.6296284347970182,0.6587052229488645,0.1509513970352741,0.4682819801267172,0.355875334563093,-0.7059205774472075,-0.7161147992033713,0.3680760765536855,-1.213254628119371,17.44842796759708,-0.4108229216509848,-0.7771523132613815
0.9356041145657312,0.3816553841926392,0.9406096196807708,0.7084219418995565,-0.6614610298260499,-0.6692262230109586,-1.2003793040778463,-1.558013035702664,17.0821093491774,-0.689342817786041,-0.6296284347970182,0.6587052229488645,0.1509513970352741,0.4682819801267172,0.355875334563093,-0.7059205774472075,-0.7161147992033713,0.3680760765536855,-1.213254628119371,17.44842796759708,-0.4108229216509848,-0.7771523132613815,0.2968455892430891,0.0538296237983578,0.541758895664298,0.2466496751068254,-0.2677943566015936,-0.2569701421914222,-0.6024711346179996,-1.130267451102333,17.181322563489598,-0.641700655071441,-0.1293674545868604
0.6587052229488645,0.1509513970352741,0.4682819801267172,0.355875334563093,-0.7059205774472075,-0.7161147992033713,0.3680760765536855,-1.213254628119371,17.44842796759708,-0.4108229216509848,-0.7771523132613815,0.2968455892430891,0.0538296237983578,0.541758895664298,0.2466496751068254,-0.2677943566015936,-0.2569701421914222,-0.6024711346179996,-1.130267451102333,17.181322563489598,-0.641700655071441,-0.1293674545868604,0.2273126155780668,-0.2010546137357828,0.4322730686719956,0.3999465276449667,-0.0731744759775821,-0.055840059497405,-0.6525001807032653,-1.0986325196236697,16.902408114913698,-0.724917291373764,-0.1268264974221795
0.2968455892430891,0.0538296237983578,0.541758895664298,0.2466496751068254,-0.2677943566015936,-0.2569701421914222,-0.6024711346179996,-1.130267451102333,17.181322563489598,-0.641700655071441,-0.1293674545868604,0.2273126155780668,-0.2010546137357828,0.4322730686719956,0.3999465276449667,-0.0731744759775821,-0.055840059497405,-0.6525001807032653,-1.0986325196236697,16.902408114913698,-0.724917291373764,-0.1268264974221795,0.4017301090094635,-0.1401437118583701,1.1485863024185106,0.3135863041576209,-0.254277786094654,-0.2472463940213443,-0.2571113067651625,-0.9227549072462766,16.772554028875504,-0.683209084862503,-0.2118888359371288
0.2273126155780668,-0.2010546137357828,0.4322730686719956,0.3999465276449667,-0.0731744759775821,-0.055840059497405,-0.6525001807032653,-1.0986325196236697,16.902408114913698,-0.724917291373764,-0.1268264974221795,0.4017301090094635,-0.1401437118583701,1.1485863024185106,0.3135863041576209,-0.254277786094654,-0.2472463940213443,-0.2571113067651625,-0.9227549072462766,16.772554028875504,-0.683209084862503,-0.2118888359371288,0.5768687441946148,0.8337534148073343,1.8713949086521595,2.607654018638346,2.285147828228585,2.263489777595782,2.483308870284709,-0.1130357772358506,17.748609908577222,0.3453439528201654,2.216065510142471
0.4017301090094635,-0.1401437118583701,1.1485863024185106,0.3135863041576209,-0.254277786094654,-0.2472463940213443,-0.2571113067651625,-0.9227549072462766,16.772554028875504,-0.683209084862503,-0.2118888359371288,0.5768687441946148,0.8337534148073343,1.8713949086521595,2.607654018638346,2.285147828228585,2.263489777595782,2.483308870284709,-0.1130357772358506,17.748609908577222,0.3453439528201654,2.216065510142471,2.6597606612762057,1.9021893324017949,2.412486358798155,1.7063618860340408,-0.4440570246149328,-0.4414451889174222,-0.3951039781609992,0.009801986262507,17.478815786606383,-0.3323366274160251,-0.6069421619032048
0.5768687441946148,0.8337534148073343,1.8713949086521595,2.607654018638346,2.285147828228585,2.263489777595782,2.483308870284709,-0.1130357772358506,17.748609908577222,0.3453439528201654,2.216065510142471,2.6597606612762057,1.9021893324017949,2.412486358798155,1.7063618860340408,-0.4440570246149328,-0.4414451889174222,-0.3951039781609992,0.009801986262507,17.478815786606383,-0.3323366274160251,-0.6069421619032048,1.7163049125187726,1.9750021994858904,1.860612092788704,2.020257235334162,1.1616569508880694,1.166282079945839,0.1111087475011431,0.7684575052627233,17.588823091028868,1.1895077106625271,1.3505609222141042
2.6597606612762057,1.9021893324017949,2.412486358798155,1.7063618860340408,-0.4440570246149328,-0.4414451889174222,-0.3951039781609992,0.009801986262507,17.478815786606383,-0.3323366274160251,-0.6069421619032048,1.7163049125187726,1.9750021994858904,1.860612092788704,2.020257235334162,1.1616569508880694,1.166282079945839,0.1111087475011431,0.7684575052627233,17.588823091028868,1.1895077106625271,1.3505609222141042,1.8939639840510123,1.487962937792576,1.907955259237408,1.484500007284495,-0.578335663002913,-0.5773659549840229,-0.4103405183325039,0.7360456876706553,17.336385505452597,-0.791178524246767,-0.9216402449153256
1.7163049125187726,1.9750021994858904,1.860612092788704,2.020257235334162,1.1616569508880694,1.166282079945839,0.1111087475011431,0.7684575052627233,17.588823091028868,1.1895077106625271,1.3505609222141042,1.8939639840510123,1.487962937792576,1.907955259237408,1.484500007284495,-0.578335663002913,-0.5773659549840229,-0.4103405183325039,0.7360456876706553,17.336385505452597,-0.791178524246767,-0.9216402449153256,1.5433979794372197,1.2311353853023506,1.3527554988032635,0.8865967039994282,-0.9335239316890976,-0.94682848221151,1.2444283875758717,2.3254740279869517,18.039405697786904,-0.0718913480788469,-0.7204456400121036
1.8939639840510123,1.487962937792576,1.907955259237408,1.484500007284495,-0.578335663002913,-0.5773659549840229,-0.4103405183325039,0.7360456876706553,17.336385505452597,-0.791178524246767,-0.9216402449153256,1.5433979794372197,1.2311353853023506,1.3527554988032635,0.8865967039994282,-0.9335239316890976,-0.94682848221151,1.2444283875758717,2.3254740279869517,18.039405697786904,-0.0718913480788469,-0.7204456400121036,0.697897324175579,0.7297493613001051,0.9971183686977596,0.7214775244825896,-0.3262262250225938,-0.3208194156913301,-1.0881028171691385,-0.1766768341356412,17.130968516996134,-0.7780085680138823,-0.0361825501453185
1.5433979794372197,1.2311353853023506,1.3527554988032635,0.8865967039994282,-0.9335239316890976,-0.94682848221151,1.2444283875758717,2.3254740279869517,18.039405697786904,-0.0718913480788469,-0.7204456400121036,0.697897324175579,0.7297493613001051,0.9971183686977596,0.7214775244825896,-0.3262262250225938,-0.3208194156913301,-1.0881028171691385,-0.1766768341356412,17.130968516996134,-0.7780085680138823,-0.0361825501453185,0.6013654705812016,0.4159823982446166,0.5169510881701042,0.1640904399451681,-1.0179498233306277,-1.0338084472843876,-0.3673102111934742,-0.3897704402919197,16.960912099086606,-0.2341659125671001,-0.8033417640185789
0.697897324175579,0.7297493613001051,0.9971183686977596,0.7214775244825896,-0.3262262250225938,-0.3208194156913301,-1.0881028171691385,-0.1766768341356412,17.130968516996134,-0.7780085680138823,-0.0361825501453185,0.6013654705812016,0.4159823982446166,0.5169510881701042,0.1640904399451681,-1.0179498233306277,-1.0338084472843876,-0.3673102111934742,-0.3897704402919197,16.960912099086606,-0.2341659125671001,-0.8033417640185789,0.0503364153203604,-0.2632986446737904,0.069552783492314,-0.1796806929016702,-0.5032748454869126,-0.5022113036594972,-0.1641034717544996,-0.4044969452432434,16.970977932257902,-0.8216018901745468,-0.585947570510451
0.6013654705812016,0.4159823982446166,0.5169510881701042,0.1640904399451681,-1.0179498233306277,-1.0338084472843876,-0.3673102111934742,-0.3897704402919197,16.960912099086606,-0.2341659125671001,-0.8033417640185789,0.0503364153203604,-0.2632986446737904,0.069552783492314,-0.1796806929016702,-0.5032748454869126,-0.5022113036594972,-0.1641034717544996,-0.4044969452432434,16.970977932257902,-0.8216018901745468,-0.585947570510451,-0.5033068501467207,-1.0384627947020086,-0.7997816791771937,-1.1157970063524147,-0.9830475165398362,-1.0004715579491024,0.5673479348331903,0.2911787947325274,17.437528822299672,-0.4934442519930494,-0.7297153150340098
0.0503364153203604,-0.2632986446737904,0.069552783492314,-0.1796806929016702,-0.5032748454869126,-0.5022113036594972,-0.1641034717544996,-0.4044969452432434,16.970977932257902,-0.8216018901745468,-0.585947570510451,-0.5033068501467207,-1.0384627947020086,-0.7997816791771937,-1.1157970063524147,-0.9830475165398362,-1.0004715579491024,0.5673479348331903,0.2911787947325274,17.437528822299672,-0.4934442519930494,-0.7297153150340098,-1.0597821374098495,-1.362890972596795,-0.9610833152159498,-1.470235712394077,-0.1300812502471909,-0.1201225176937232,-0.8537563283926995,-0.969192084156408,16.87759225884999,-0.5616969139696067,0.064479200804275
-0.5033068501467207,-1.0384627947020086,-0.7997816791771937,-1.1157970063524147,-0.9830475165398362,-1.0004715579491024,0.5673479348331903,0.2911787947325274,17.437528822299672,-0.4934442519930494,-0.7297153150340098,-1.0597821374098495,-1.362890972596795,-0.9610833152159498,-1.470235712394077,-0.1300812502471909,-0.1201225176937232,-0.8537563283926995,-0.969192084156408,16.87759225884999,-0.5616969139696067,0.064479200804275,-1.182303959979937,-0.6417075094960535,-1.121557062049532,-0.1557337652652684,1.5409457072011796,1.540309611276265,0.2891821609355897,-0.4902820447278807,17.031301669994132,0.9541523314144154,1.1741097517713013
-1.0597821374098495,-1.362890972596795,-0.9610833152159498,-1.470235712394077,-0.1300812502471909,-0.1201225176937232,-0.8537563283926995,-0.969192084156408,16.87759225884999,-0.5616969139696067,0.064479200804275,-1.182303959979937,-0.6417075094960535,-1.121557062049532,-0.1557337652652684,1.5409457072011796,1.540309611276265,0.2891821609355897,-0.4902820447278807,17.031301669994132,0.9541523314144154,1.1741097517713013,-0.579455258506654,-0.1898451600193048,-0.1912624739115571,-0.1848323161535521,-0.0424797076720848,-0.0334016301437274,-0.5147089484391197,-0.7393190399427191,16.783100576999086,-0.0278227312210017,-0.0185402466390503
-1.182303959979937,-0.6417075094960535,-1.121557062049532,-0.1557337652652684,1.5409457072011796,1.540309611276265,0.2891821609355897,-0.4902820447278807,17.031301669994132,0.9541523314144154,1.1741097517713013,-0.579455258506654,-0.1898451600193048,-0.1912624739115571,-0.1848323161535521,-0.0424797076720848,-0.0334016301437274,-0.5147089484391197,-0.7393190399427191,16.783100576999086,-0.0278227312210017,-0.0185402466390503,0.1773180560234446,0.1625289552165509,0.3293065269121816,0.697208943666694,1.139446301091181,1.1424879690122072,0.3423901625936987,-0.2176779768093862,16.967648153443026,-0.626794110670177,1.1779998635050215
-0.579455258506654,-0.1898451600193048,-0.1912624739115571,-0.1848323161535521,-0.0424797076720848,-0.0334016301437274,-0.5147089484391197,-0.7393190399427191,16.783100576999086,-0.0278227312210017,-0.0185402466390503,0.1773180560234446,0.1625289552165509,0.3293065269121816,0.697208943666694,1.139446301091181,1.1424879690122072,0.3423901625936987,-0.2176779768093862,16.967648153443026,-0.626794110670177,1.1779998635050215,0.996012022574723,0.9501900470230829,1.404845706153601,1.1323957760070318,0.3977145601380884,0.405737160483303,-0.1436685663036197,-0.1285063393026192,16.95728937565338,-1.559612942374378,-0.394800913093234
0.1773180560234446,0.1625289552165509,0.3293065269121816,0.697208943666694,1.139446301091181,1.1424879690122072,0.3423901625936987,-0.2176779768093862,16.967648153443026,-0.626794110670177,1.1779998635050215,0.996012022574723,0.9501900470230829,1.404845706153601,1.1323957760070318,0.3977145601380884,0.405737160483303,-0.1436685663036197,-0.1285063393026192,16.95728937565338,-1.559612942374378,-0.394800913093234,1.2752806198503377,1.2389869733456376,1.3689235886706104,1.449838381133032,0.534823652322566,0.5407116286281987,-1.329582998941873,-1.862800837233491,16.016948579597305,-1.04827819562532,0.7188591290727707
0.996012022574723,0.9501900470230829,1.404845706153601,1.1323957760070318,0.3977145601380884,0.405737160483303,-0.1436685663036197,-0.1285063393026192,16.95728937565338,-1.559612942374378,-0.394800913093234,1.2752806198503377,1.2389869733456376,1.3689235886706104,1.449838381133032,0.534823652322566,0.5407116286281987,-1.329582998941873,-1.862800837233491,16.016948579597305,-1.04827819562532,0.7188591290727707,1.0817891586410884,1.1783031797103978,1.120097075955082,0.6631537635367947,-0.9529492992914214,-0.9557896423470336,1.4754332921729596,-0.1772615287713812,16.48551276068103,-0.4500982170265598,-1.0338214678873028
1.2752806198503377,1.2389869733456376,1.3689235886706104,1.449838381133032,0.534823652322566,0.5407116286281987,-1.329582998941873,-1.862800837233491,16.016948579597305,-1.04827819562532,0.7188591290727707,1.0817891586410884,1.1783031797103978,1.120097075955082,0.6631537635367947,-0.9529492992914214,-0.9557896423470336,1.4754332921729596,-0.1772615287713812,16.48551276068103,-0.4500982170265598,-1.0338214678873028,-0.1541310103956448,-0.2387682597097994,0.1606762811659135,-0.1041185264105432,-0.9468195907662752,-0.9496543232511356,1.283668561082541,1.7296507504664709,16.9910195279001,-1.102414951715405,-0.5834832415292038
1.0817891586410884,1.1783031797103978,1.120097075955082,0.6631537635367947,-0.9529492992914214,-0.9557896423470336,1.4754332921729596,-0.1772615287713812,16.48551276068103,-0.4500982170265598,-1.0338214678873028,-0.1541310103956448,-0.2387682597097994,0.1606762811659135,-0.1041185264105432,-0.9468195907662752,-0.9496543232511356,1.283668561082541,1.7296507504664709,16.9910195279001,-1.102414951715405,-0.5834832415292038,0.1418142609828762,-0.0306501658299885,0.1280713312849568,-0.1986291525539999,-0.1241808900351924,-0.1169411170708011,-0.594397047471313,0.6844635234722352,16.781247485505354,-0.4745338819348423,0.0963536310775408
-0.1541310103956448,-0.2387682597097994,0.1606762811659135,-0.1041185264105432,-0.9468195907662752,-0.9496543232511356,1.283668561082541,1.7296507504664709,16.9910195279001,-1.102414951715405,-0.5834832415292038,0.1418142609828762,-0.0306501658299885,0.1280713312849568,-0.1986291525539999,-0.1241808900351924,-0.1169411170708011,-0.594397047471313,0.6844635234722352,16.781247485505354,-0.4745338819348423,0.0963536310775408,-0.0779485017175495,1.176803023190006,0.1859948037167156,1.2979831948353897,1.65717893224642,1.6460974711004075,1.132756852793396,2.2131310029367257,17.237229295503436,1.732013516057429,1.9751749167791832
0.1418142609828762,-0.0306501658299885,0.1280713312849568,-0.1986291525539999,-0.1241808900351924,-0.1169411170708011,-0.594397047471313,0.6844635234722352,16.781247485505354,-0.4745338819348423,0.0963536310775408,-0.0779485017175495,1.176803023190006,0.1859948037167156,1.2979831948353897,1.65717893224642,1.6460974711004075,1.132756852793396,2.2131310029367257,17.237229295503436,1.732013516057429,1.9751749167791832,1.616052849820885,1.3093583255635497,1.0347696391331744,1.4653611766101784,-0.1310703444530044,-0.1235564610353512,-0.6404614727221827,1.0696329543631362,17.054110614898967,0.0466298313679847,-0.4421392721407639
-0.0779485017175495,1.176803023190006,0.1859948037167156,1.2979831948353897,1.65717893224642,1.6460974711004075,1.132756852793396,2.2131310029367257,17.237229295503436,1.732013516057429,1.9751749167791832,1.616052849820885,1.3093583255635497,1.0347696391331744,1.4653611766101784,-0.1310703444530044,-0.1235564610353512,-0.6404614727221827,1.0696329543631362,17.054110614898967,0.0466298313679847,-0.4421392721407639,1.7009271748912742,1.8700200055914828,1.8995685865375451,1.5523560559955192,0.2607211262051662,0.2679378043797147,0.0270313091353156,1.1367378124871312,17.154726182735313,-0.1846761958492686,-0.0894040981558785
1.616052849820885,1.3093583255635497,1.0347696391331744,1.4653611766101784,-0.1310703444530044,-0.1235564610353512,-0.6404614727221827,1.0696329543631362,17.054110614898967,0.0466298313679847,-0.4421392721407639,1.7009271748912742,1.8700200055914828,1.8995685865375451,1.5523560559955192,0.2607211262051662,0.2679378043797147,0.0270313091353156,1.1367378124871312,17.154726182735313,-0.1846761958492686,-0.0894040981558785,1.7472642507266962,1.5126837827119048,1.337065577426782,1.279065626302284,-0.2925417713855289,-0.2871085809280172,-0.4640484345411478,0.5782643380493114,17.07021677842546,0.6407885297422646,-0.711522573080175
1.7009271748912742,1.8700200055914828,1.8995685865375451,1.5523560559955192,0.2607211262051662,0.2679378043797147,0.0270313091353156,1.1367378124871312,17.154726182735313,-0.1846761958492686,-0.0894040981558785,1.7472642507266962,1.5126837827119048,1.337065577426782,1.279065626302284,-0.2925417713855289,-0.2871085809280172,-0.4640484345411478,0.5782643380493114,17.07021677842546,0.6407885297422646,-0.711522573080175,0.8558881755346218,1.4056926850272846,1.478832587736511,0.9559759724627228,-0.3379211316531071,-0.3339018465115678,-0.8130382643452446,-0.4069167553646692,16.73382173857453,0.0754057836873919,-0.1168784291511596
1.7472642507266962,1.5126837827119048,1.337065577426782,1.279065626302284,-0.2925417713855289,-0.2871085809280172,-0.4640484345411478,0.5782643380493114,17.07021677842546,0.6407885297422646,-0.711522573080175,0.8558881755346218,1.4056926850272846,1.478832587736511,0.9559759724627228,-0.3379211316531071,-0.3339018465115678,-0.8130382643452446,-0.4069167553646692,16.73382173857453,0.0754057836873919,-0.1168784291511596,0.941149060820298,1.5109594161372393,1.361498092440465,1.6562911242396363,1.1849504515614075,1.1852630056161446,0.7790075311106681,0.5800892290274724,17.10462118680192,0.8376434761042308,1.1842465777553923
0.8558881755346218,1.4056926850272846,1.478832587736511,0.9559759724627228,-0.3379211316531071,-0.3339018465115678,-0.8130382643452446,-0.4069167553646692,16.73382173857453,0.0754057836873919,-0.1168784291511596,0.941149060820298,1.5109594161372393,1.361498092440465,1.6562911242396363,1.1849504515614075,1.1852630056161446,0.7790075311106681,0.5800892290274724,17.10462118680192,0.8376434761042308,1.1842465777553923,1.3401991002502045,1.0883330148034696,1.4358657895476936,1.0866321680021862,-0.6404386245169844,-0.640122554251952,-0.6552399060634225,-0.2238317479768339,17.014714187829632,-0.9980604203621428,-1.0115967161206014
0.941149060820298,1.5109594161372393,1.361498092440465,1.6562911242396363,1.1849504515614075,1.1852630056161446,0.7790075311106681,0.5800892290274724,17.10462118680192,0.8376434761042308,1.1842465777553923,1.3401991002502045,1.0883330148034696,1.4358657895476936,1.0866321680021862,-0.6404386245169844,-0.640122554251952,-0.6552399060634225,-0.2238317479768339,17.014714187829632,-0.9980604203621428,-1.0115967161206014,0.7877315723029614,0.7433151638367935,0.6658859727285918,0.8109955259096333,-0.4440717535659045,-0.4415760630325704,-0.3303541405733888,-0.7493490329091016,16.998469049108483,0.3032172290638137,-0.4489984584928821
1.3401991002502045,1.0883330148034696,1.4358657895476936,1.0866321680021862,-0.6404386245169844,-0.640122554251952,-0.6552399060634225,-0.2238317479768339,17.014714187829632,-0.9980604203621428,-1.0115967161206014,0.7877315723029614,0.7433151638367935,0.6658859727285918,0.8109955259096333,-0.4440717535659045,-0.4415760630325704,-0.3303541405733888,-0.7493490329091016,16.998469049108483,0.3032172290638137,-0.4489984584928821,0.4328017953829237,0.661110344376209,0.5365472123959374,0.0256012674472059,-1.2595957160720357,-1.2738138528258245,0.4411733265028976,0.0199251752778657,17.15724101616857,0.262043101352457,-0.6624768251134379
0.7877315723029614,0.7433151638367935,0.6658859727285918,0.8109955259096333,-0.4440717535659045,-0.4415760630325704,-0.3303541405733888,-0.7493490329091016,16.998469049108483,0.3032172290638137,-0.4489984584928821,0.4328017953829237,0.661110344376209,0.5365472123959374,0.0256012674472059,-1.2595957160720357,-1.2738138528258245,0.4411733265028976,0.0199251752778657,17.15724101616857,0.262043101352457,-0.6624768251134379,0.912065956274124,0.8801635747790618,0.8503982729705404,0.3849583922603175,0.2383525491203699,0.2459956430947592,2.496816274210985,2.6228636296026258,18.12344654148827,-0.4810963939614434,0.4310722302823693
0.4328017953829237,0.661110344376209,0.5365472123959374,0.0256012674472059,-1.2595957160720357,-1.2738138528258245,0.4411733265028976,0.0199251752778657,17.15724101616857,0.262043101352457,-0.6624768251134379,0.912065956274124,0.8801635747790618,0.8503982729705404,0.3849583922603175,0.2383525491203699,0.2459956430947592,2.496816274210985,2.6228636296026258,18.12344654148827,-0.4810963939614434,0.4310722302823693,0.7476446463214886,0.2150014883221232,0.8716651490630042,0.7192839063474715,0.2493508912660667,0.2543139835676187,-1.339437546572097,-1.1005416183952574,16.810842801516934,-1.62675433352984,0.1903876918839005
0.912065956274124,0.8801635747790618,0.8503982729705404,0.3849583922603175,0.2383525491203699,0.2459956430947592,2.496816274210985,2.6228636296026258,18.12344654148827,-0.4810963939614434,0.4310722302823693,0.7476446463214886,0.2150014883221232,0.8716651490630042,0.7192839063474715,0.2493508912660667,0.2543139835676187,-1.339437546572097,-1.1005416183952574,16.810842801516934,-1.62675433352984,0.1903876918839005,0.5876348369365226,2.1086479103501614,1.5545584517506017,1.9065612184999488,1.202959418228167,1.201220849967185,-0.1845796598559043,-0.91219537896315,16.81334067949563,0.9703953772799708,1.2828177278654436
0.7476446463214886,0.2150014883221232,0.8716651490630042,0.7192839063474715,0.2493508912660667,0.2543139835676187,-1.339437546572097,-1.1005416183952574,16.810842801516934,-1.62675433352984,0.1903876918839005,0.5876348369365226,2.1086479103501614,1.5545584517506017,1.9065612184999488,1.202959418228167,1.201220849967185,-0.1845796598559043,-0.91219537896315,16.81334067949563,0.9703953772799708,1.2828177278654436,1.447901777883057,0.2664312138759092,-0.3560223657582977,-0.6242660288531163,-1.8231037598051616,-1.839477830809473,-0.1831029136601739,-0.7414383487474665,16.805073892682138,0.9357864361554376,-1.7851291120665134
0.5876348369365226,2.1086479103501614,1.5545584517506017,1.9065612184999488,1.202959418228167,1.201220849967185,-0.1845796598559043,-0.91219537896315,16.81334067949563,0.9703953772799708,1.2828177278654436,1.447901777883057,0.2664312138759092,-0.3560223657582977,-0.6242660288531163,-1.8231037598051616,-1.839477830809473,-0.1831029136601739,-0.7414383487474665,16.805073892682138,0.9357864361554376,-1.7851291120665134,1.1396190332229852,-0.0211358387696588,-0.8660366494154953,-0.6291294939025338,0.0022384331793601,0.0090427144827589,-0.0324807905298289,-0.4981282012117282,16.90300130237408,1.0184010739261955,0.497179740265853
1.447901777883057,0.2664312138759092,-0.3560223657582977,-0.6242660288531163,-1.8231037598051616,-1.839477830809473,-0.1831029136601739,-0.7414383487474665,16.805073892682138,0.9357864361554376,-1.7851291120665134,1.1396190332229852,-0.0211358387696588,-0.8660366494154953,-0.6291294939025338,0.0022384331793601,0.0090427144827589,-0.0324807905298289,-0.4981282012117282,16.90300130237408,1.0184010739261955,0.497179740265853,-0.2635754885271535,-1.1665713774382174,0.4377939367878629,-0.0959024953553485,0.3706951028557691,0.3755540983731412,-0.4645237268994842,-0.6702321454637545,16.748888642988256,-1.570106345503372,-0.1773000778935831
1.1396190332229852,-0.0211358387696588,-0.8660366494154953,-0.6291294939025338,0.0022384331793601,0.0090427144827589,-0.0324807905298289,-0.4981282012117282,16.90300130237408,1.0184010739261955,0.497179740265853,-0.2635754885271535,-1.1665713774382174,0.4377939367878629,-0.0959024953553485,0.3706951028557691,0.3755540983731412,-0.4645237268994842,-0.6702321454637545,16.748888642988256,-1.570106345503372,-0.1773000778935831,-0.7716140636100794,-1.2851000973545006,-0.13409401105527,-0.1004802736844696,-0.0038228016139674,0.0020021641981231,-0.45979477740588,-0.7423934508879318,16.52035569499822,-1.2001271538085516,-0.004280124693569
-0.2635754885271535,-1.1665713774382174,0.4377939367878629,-0.0959024953553485,0.3706951028557691,0.3755540983731412,-0.4645237268994842,-0.6702321454637545,16.748888642988256,-1.570106345503372,-0.1773000778935831,-0.7716140636100794,-1.2851000973545006,-0.13409401105527,-0.1004802736844696,-0.0038228016139674,0.0020021641981231,-0.45979477740588,-0.7423934508879318,16.52035569499822,-1.2001271538085516,-0.004280124693569,-0.3744169154554196,1.5138052694960815,1.1452011108612332,1.8350301766550865,1.4731271776139363,1.4586386085545904,0.3396312377380232,-0.3376388559425758,16.795265927800386,0.7927415877232448,1.733244538866602
-0.7716140636100794,-1.2851000973545006,-0.13409401105527,-0.1004802736844696,-0.0038228016139674,0.0020021641981231,-0.45979477740588,-0.7423934508879318,16.52035569499822,-1.2001271538085516,-0.004280124693569,-0.3744169154554196,1.5138052694960815,1.1452011108612332,1.8350301766550865,1.4731271776139363,1.4586386085545904,0.3396312377380232,-0.3376388559425758,16.795265927800386,0.7927415877232448,1.733244538866602,1.6309240237631493,0.3489562946916648,-0.3770752872430664,-0.7412519685134369,-1.6266968336784644,-1.6362741364298845,0.3559562124120597,0.1373693347274925,17.106781497454357,0.7318641755076744,-1.0738883025491348
-0.3744169154554196,1.5138052694960815,1.1452011108612332,1.8350301766550865,1.4731271776139363,1.4586386085545904,0.3396312377380232,-0.3376388559425758,16.795265927800386,0.7927415877232448,1.733244538866602,1.6309240237631493,0.3489562946916648,-0.3770752872430664,-0.7412519685134369,-1.6266968336784644,-1.6362741364298845,0.3559562124120597,0.1373693347274925,17.106781497454357,0.7318641755076744,-1.0738883025491348,-2.0811820554804896,-1.6503987816350814,-1.841496782844784,-1.338744293546039,-0.4536466535923073,-0.4453882009719699,-0.6755268533326982,-0.3325408470456403,16.721372881790824,-0.5567523422688608,-0.4006383206896962
1.6309240237631493,0.3489562946916648,-0.3770752872430664,-0.7412519685134369,-1.6266968336784644,-1.6362741364298845,0.3559562124120597,0.1373693347274925,17.106781497454357,0.7318641755076744,-1.0738883025491348,-2.0811820554804896,-1.6503987816350814,-1.841496782844784,-1.338744293546039,-0.4536466535923073,-0.4453882009719699,-0.6755268533326982,-0.3325408470456403,16.721372881790824,-0.5567523422688608,-0.4006383206896962,-1.6664564891475977,-1.4273075612716608,-2.0158425703786373,-1.3337099348154842,-0.127642949469242,-0.1196080816179534,0.6272941778065307,1.8610679029545905,16.86743415843592,0.4306054190217476,0.1217095013683457
-2.0811820554804896,-1.6503987816350814,-1.841496782844784,-1.338744293546039,-0.4536466535923073,-0.4453882009719699,-0.6755268533326982,-0.3325408470456403,16.721372881790824,-0.5567523422688608,-0.4006383206896962,-1.6664564891475977,-1.4273075612716608,-2.0158425703786373,-1.3337099348154842,-0.127642949469242,-0.1196080816179534,0.6272941778065307,1.8610679029545905,16.86743415843592,0.4306054190217476,0.1217095013683457,-1.1197881966731122,-0.9145189584777136,-0.4294737579305508,-0.0676299583954134,0.9809666987064322,0.9770819611316864,-1.6806060676382448,-1.0700338148776107,16.226591336829898,-1.014672686737018,0.5266698166728258
-1.6664564891475977,-1.4273075612716608,-2.0158425703786373,-1.3337099348154842,-0.127642949469242,-0.1196080816179534,0.6272941778065307,1.8610679029545905,16.86743415843592,0.4306054190217476,0.1217095013683457,-1.1197881966731122,-0.9145189584777136,-0.4294737579305508,-0.0676299583954134,0.9809666987064322,0.9770819611316864,-1.6806060676382448,-1.0700338148776107,16.226591336829898,-1.014672686737018,0.5266698166728258,-0.7389430032482599,-1.3340959663076737,-1.5536352910773858,-1.0213470329675565,-0.6739488813466742,-0.669752561054955,0.9067986800778768,-0.0331295198637384,16.46033699991713,-0.024913924651259,-0.615768685548506
-1.1197881966731122,-0.9145189584777136,-0.4294737579305508,-0.0676299583954134,0.9809666987064322,0.9770819611316864,-1.6806060676382448,-1.0700338148776107,16.226591336829898,-1.014672686737018,0.5266698166728258,-0.7389430032482599,-1.3340959663076737,-1.5536352910773858,-1.0213470329675565,-0.6739488813466742,-0.669752561054955,0.9067986800778768,-0.0331295198637384,16.46033699991713,-0.024913924651259,-0.615768685548506,-1.200816261346238,-1.5477756841239845,-2.3441698465988376,-2.228248751269503,-1.6787219104675843,-1.6932894888170071,1.816730547652924,2.042021492734627,17.02117959587697,2.1390621091147426,-1.7881880479196637
-0.7389430032482599,-1.3340959663076737,-1.5536352910773858,-1.0213470329675565,-0.6739488813466742,-0.669752561054955,0.9067986800778768,-0.0331295198637384,16.46033699991713,-0.024913924651259,-0.615768685548506,-1.200816261346238,-1.5477756841239845,-2.3441698465988376,-2.228248751269503,-1.6787219104675843,-1.6932894888170071,1.816730547652924,2.042021492734627,17.02117959587697,2.1390621091147426,-1.7881880479196637,-2.3310973420340497,-2.131225885664064,-2.0075869680167164,-1.830152608407616,-0.1865561894428795,-0.1780517232099561,-0.6218225290148817,0.899593336879465,16.820499902320226,0.8107589483734792,-0.3547874428945837
-1.200816261346238,-1.5477756841239845,-2.3441698465988376,-2.228248751269503,-1.6787219104675843,-1.6932894888170071,1.816730547652924,2.042021492734627,17.02117959587697,2.1390621091147426,-1.7881880479196637,-2.3310973420340497,-2.131225885664064,-2.0075869680167164,-1.830152608407616,-0.1865561894428795,-0.1780517232099561,-0.6218225290148817,0.899593336879465,16.820499902320226,0.8107589483734792,-0.3547874428945837,-2.13370811501975,-2.1583331356967825,-1.854006733646849,-1.7157797376895676,-0.4104031766923113,-0.4042351107944554,-0.164056853641966,0.7335195252777463,16.82765742197233,-0.7234126120075167,-0.6021384910553219
-2.3310973420340497,-2.131225885664064,-2.0075869680167164,-1.830152608407616,-0.1865561894428795,-0.1780517232099561,-0.6218225290148817,0.899593336879465,16.820499902320226,0.8107589483734792,-0.3547874428945837,-2.13370811501975,-2.1583331356967825,-1.854006733646849,-1.7157797376895676,-0.4104031766923113,-0.4042351107944554,-0.164056853641966,0.7335195252777463,16.82765742197233,-0.7234126120075167,-0.6021384910553219,-1.648162065159588,-1.1518979308658048,-1.335117484703656,-0.6962324171314598,1.5462081048306384,1.5338062178052572,-0.5604547387469143,-0.0366028483979135,16.68839705805492,0.9654055827774556,1.4733384521107658
-2.13370811501975,-2.1583331356967825,-1.854006733646849,-1.7157797376895676,-0.4104031766923113,-0.4042351107944554,-0.164056853641966,0.7335195252777463,16.82765742197233,-0.7234126120075167,-0.6021384910553219,-1.648162065159588,-1.1518979308658048,-1.335117484703656,-0.6962324171314598,1.5462081048306384,1.5338062178052572,-0.5604547387469143,-0.0366028483979135,16.68839705805492,0.9654055827774556,1.4733384521107658,-0.8068163752723243,-0.9506475266432864,-0.8270898049113385,-0.961479028714409,-0.2516677536136602,-0.2446758047843438,-0.6279386936279319,-0.8060186327898882,16.45706483902856,-0.2484139545960027,0.240275793918104
-1.648162065159588,-1.1518979308658048,-1.335117484703656,-0.6962324171314598,1.5462081048306384,1.5338062178052572,-0.5604547387469143,-0.0366028483979135,16.68839705805492,0.9654055827774556,1.4733384521107658,-0.8068163752723243,-0.9506475266432864,-0.8270898049113385,-0.961479028714409,-0.2516677536136602,-0.2446758047843438,-0.6279386936279319,-0.8060186327898882,16.45706483902856,-0.2484139545960027,0.240275793918104,-0.7105759345798611,-0.7955487640799784,-0.8291261145975453,-1.1056257070146929,-0.2512992111489782,-0.2448456709980397,0.3988766824341831,-0.0276046825907113,16.58828682511641,0.3640083573035547,0.0368422956933408
-0.8068163752723243,-0.9506475266432864,-0.8270898049113385,-0.961479028714409,-0.2516677536136602,-0.2446758047843438,-0.6279386936279319,-0.8060186327898882,16.45706483902856,-0.2484139545960027,0.240275793918104,-0.7105759345798611,-0.7955487640799784,-0.8291261145975453,-1.1056257070146929,-0.2512992111489782,-0.2448456709980397,0.3988766824341831,-0.0276046825907113,16.58828682511641,0.3640083573035547,0.0368422956933408,-0.9671929328883748,-1.1932723608155713,-0.855411774334558,-1.097434718552882,-0.0262495591588804,-0.0180927997178536,0.4436420181346235,0.6457832456886659,16.771878160003475,-1.0210433092786266,0.301335348351977
-0.7105759345798611,-0.7955487640799784,-0.8291261145975453,-1.1056257070146929,-0.2512992111489782,-0.2448456709980397,0.3988766824341831,-0.0276046825907113,16.58828682511641,0.3640083573035547,0.0368422956933408,-0.9671929328883748,-1.1932723608155713,-0.855411774334558,-1.097434718552882,-0.0262495591588804,-0.0180927997178536,0.4436420181346235,0.6457832456886659,16.771878160003475,-1.0210433092786266,0.301335348351977,-1.3199790599019685,-1.3549888911935692,-1.2358714591935973,-0.9451907268083024,0.2634411796410196,0.2722868163155947,-0.3167374561238605,0.362469081448312,16.692403043946207,-0.4133131902907676,0.1812581186193365
-0.9671929328883748,-1.1932723608155713,-0.855411774334558,-1.097434718552882,-0.0262495591588804,-0.0180927997178536,0.4436420181346235,0.6457832456886659,16.771878160003475,-1.0210433092786266,0.301335348351977,-1.3199790599019685,-1.3549888911935692,-1.2358714591935973,-0.9451907268083024,0.2634411796410196,0.2722868163155947,-0.3167374561238605,0.362469081448312,16.692403043946207,-0.4133131902907676,0.1812581186193365,-0.610904232855702,0.519726558876993,-0.1903528275856956,1.0709587027005296,2.100688328016756,2.082790846367791,1.5875037057029786,2.1119076819161084,17.21710789296776,1.6511229307231825,2.0894538706464343
-1.3199790599019685,-1.3549888911935692,-1.2358714591935973,-0.9451907268083024,0.2634411796410196,0.2722868163155947,-0.3167374561238605,0.362469081448312,16.692403043946207,-0.4133131902907676,0.1812581186193365,-0.610904232855702,0.519726558876993,-0.1903528275856956,1.0709587027005296,2.100688328016756,2.082790846367791,1.5875037057029786,2.1119076819161084,17.21710789296776,1.6511229307231825,2.0894538706464343,1.3925952109339652,1.1135245763882515,1.5794230430464222,0.9651641050002884,-0.3295771023201875,-0.3236975249376942,-1.3212399780569029,-0.7870271910952005,16.653360255152766,0.0803527624753154,-0.3886936983370826
-0.610904232855702,0.519726558876993,-0.1903528275856956,1.0709587027005296,2.100688328016756,2.082790846367791,1.5875037057029786,2.1119076819161084,17.21710789296776,1.6511229307231825,2.0894538706464343,1.3925952109339652,1.1135245763882515,1.5794230430464222,0.9651641050002884,-0.3295771023201875,-0.3236975249376942,-1.3212399780569029,-0.7870271910952005,16.653360255152766,0.0803527624753154,-0.3886936983370826,0.5183419943178731,1.4164079557970826,1.4661276691809182,1.8156608435327724,0.951085034502312,0.9608837985293291,0.4460800147990786,0.0196091112668758,16.79572307064227,0.7733963678621378,0.5475036788508659
1.3925952109339652,1.1135245763882515,1.5794230430464222,0.9651641050002884,-0.3295771023201875,-0.3236975249376942,-1.3212399780569029,-0.7870271910952005,16.653360255152766,0.0803527624753154,-0.3886936983370826,0.5183419943178731,1.4164079557970826,1.4661276691809182,1.8156608435327724,0.951085034502312,0.9608837985293291,0.4460800147990786,0.0196091112668758,16.79572307064227,0.7733963678621378,0.5475036788508659,2.264392551371512,2.0901467312736957,1.3662364246268606,0.4602095633668016,-1.133353459820159,-1.1488870574054704,1.4008057311852526,1.7162762329283934,17.247366492907112,2.3767023763587196,-0.8938198443166286
0.5183419943178731,1.4164079557970826,1.4661276691809182,1.8156608435327724,0.951085034502312,0.9608837985293291,0.4460800147990786,0.0196091112668758,16.79572307064227,0.7733963678621378,0.5475036788508659,2.264392551371512,2.0901467312736957,1.3662364246268606,0.4602095633668016,-1.133353459820159,-1.1488870574054704,1.4008057311852526,1.7162762329283934,17.247366492907112,2.3767023763587196,-0.8938198443166286,0.287269722178658,0.2823401206524413,0.1502408891146441,0.1933386921155155,-0.2587763029484246,-0.2514660164654655,-0.8095337009450044,0.3421347424354428,17.001077800143516,0.3635849851248474,-0.8309053201708725
2.264392551371512,2.0901467312736957,1.3662364246268606,0.4602095633668016,-1.133353459820159,-1.1488870574054704,1.4008057311852526,1.7162762329283934,17.247366492907112,2.3767023763587196,-0.8938198443166286,0.287269722178658,0.2823401206524413,0.1502408891146441,0.1933386921155155,-0.2587763029484246,-0.2514660164654655,-0.8095337009450044,0.3421347424354428,17.001077800143516,0.3635849851248474,-0.8309053201708725,0.160177783395825,0.0039245548912824,0.7323430540131978,0.6960074056548017,0.4623083652954324,0.4744326868873824,-1.176044681053416,-1.218519509212257,16.476189657551206,-0.7309517118893936,0.1537046418357079
0.287269722178658,0.2823401206524413,0.1502408891146441,0.1933386921155155,-0.2587763029484246,-0.2514660164654655,-0.8095337009450044,0.3421347424354428,17.001077800143516,0.3635849851248474,-0.8309053201708725,0.160177783395825,0.0039245548912824,0.7323430540131978,0.6960074056548017,0.4623083652954324,0.4744326868873824,-1.176044681053416,-1.218519509212257,16.476189657551206,-0.7309517118893936,0.1537046418357079,0.207953569097686,1.0469975326458818,1.1857144703334972,1.7134912249881131,1.214263398728142,1.2150567963422945,1.6980558286276204,0.61991141534053,17.14133766854443,0.5970108816401049,0.9082467391030016
0.160177783395825,0.0039245548912824,0.7323430540131978,0.6960074056548017,0.4623083652954324,0.4744326868873824,-1.176044681053416,-1.218519509212257,16.476189657551206,-0.7309517118893936,0.1537046418357079,0.207953569097686,1.0469975326458818,1.1857144703334972,1.7134912249881131,1.214263398728142,1.2150567963422945,1.6980558286276204,0.61991141534053,17.14133766854443,0.5970108816401049,0.9082467391030016,1.3356127924705807,1.0501245988341632,1.8825796239724413,1.42697448411915,-0.2021930380736662,-0.193730695750284,-0.6123836582663956,-0.3325188745421667,16.961127324095926,-0.6803367315315346,-0.361993069801719
0.207953569097686,1.0469975326458818,1.1857144703334972,1.7134912249881131,1.214263398728142,1.2150567963422945,1.6980558286276204,0.61991141534053,17.14133766854443,0.5970108816401049,0.9082467391030016,1.3356127924705807,1.0501245988341632,1.8825796239724413,1.42697448411915,-0.2021930380736662,-0.193730695750284,-0.6123836582663956,-0.3325188745421667,16.961127324095926,-0.6803367315315346,-0.361993069801719,1.23932747900542,1.592517972210984,1.8593883489098555,1.9746017463784913,1.0004112992379903,0.9999465993919964,1.8286724697892829,2.1683502062751963,17.82652787571158,-0.0909305485462207,1.4855950978922143
1.3356127924705807,1.0501245988341632,1.8825796239724413,1.42697448411915,-0.2021930380736662,-0.193730695750284,-0.6123836582663956,-0.3325188745421667,16.961127324095926,-0.6803367315315346,-0.361993069801719,1.23932747900542,1.592517972210984,1.8593883489098555,1.9746017463784913,1.0004112992379903,0.9999465993919964,1.8286724697892829,2.1683502062751963,17.82652787571158,-0.0909305485462207,1.4855950978922143,1.1950017992120168,0.6807084647567311,0.445064391420535,-0.0778727679102825,-1.9504455689184412,-1.980453740858402,-0.1495663161539698,1.589866387529671,17.99015934750682,0.4435075485537308,-2.128879041047656
1.23932747900542,1.592517972210984,1.8593883489098555,1.9746017463784913,1.0004112992379903,0.9999465993919964,1.8286724697892829,2.1683502062751963,17.82652787571158,-0.0909305485462207,1.4855950978922143,1.1950017992120168,0.6807084647567311,0.445064391420535,-0.0778727679102825,-1.9504455689184412,-1.980453740858402,-0.1495663161539698,1.589866387529671,17.99015934750682,0.4435075485537308,-2.128879041047656,-0.314100516558213,-0.3489466374889287,0.4260430350353909,-0.1264873271797096,-0.0566727303309874,-0.0438778392219133,-1.166547292093489,-0.8798787848892093,17.026676780072,-1.1178269473879356,0.1996058683922272
1.1950017992120168,0.6807084647567311,0.445064391420535,-0.0778727679102825,-1.9504455689184412,-1.980453740858402,-0.1495663161539698,1.589866387529671,17.99015934750682,0.4435075485537308,-2.128879041047656,-0.314100516558213,-0.3489466374889287,0.4260430350353909,-0.1264873271797096,-0.0566727303309874,-0.0438778392219133,-1.166547292093489,-0.8798787848892093,17.026676780072,-1.1178269473879356,0.1996058683922272,-0.1651433219925695,-0.6656773719109101,0.3190107864276323,-0.2062565392363132,-0.0786404346300482,-0.0657057057078778,-0.5571257729042377,-1.1087170973256086,16.81831779483773,-1.2955980609598876,0.2729410024435338
-0.314100516558213,-0.3489466374889287,0.4260430350353909,-0.1264873271797096,-0.0566727303309874,-0.0438778392219133,-1.166547292093489,-0.8798787848892093,17.026676780072,-1.1178269473879356,0.1996058683922272,-0.1651433219925695,-0.6656773719109101,0.3190107864276323,-0.2062565392363132,-0.0786404346300482,-0.0657057057078778,-0.5571257729042377,-1.1087170973256086,16.81831779483773,-1.2955980609598876,0.2729410024435338,-0.8780319529990726,-1.2888211358320123,-1.149264937636665,-0.8048298341951271,-0.5864439567286791,-0.5754798639016918,0.3074378050067219,-0.6433477101283348,17.140150852889736,-0.4354009936373287,-0.4927044236874127
-0.1651433219925695,-0.6656773719109101,0.3190107864276323,-0.2062565392363132,-0.0786404346300482,-0.0657057057078778,-0.5571257729042377,-1.1087170973256086,16.81831779483773,-1.2955980609598876,0.2729410024435338,-0.8780319529990726,-1.2888211358320123,-1.149264937636665,-0.8048298341951271,-0.5864439567286791,-0.5754798639016918,0.3074378050067219,-0.6433477101283348,17.140150852889736,-0.4354009936373287,-0.4927044236874127,-0.9207747915263828,-1.086286332943091,-0.5803820731332469,-0.8061260422441204,-0.001726961775828,0.0096561356878049,-0.754324447833599,-1.017284023320746,16.637484564873198,-1.2136525556489344,0.0161169064182812
-0.8780319529990726,-1.2888211358320123,-1.149264937636665,-0.8048298341951271,-0.5864439567286791,-0.5754798639016918,0.3074378050067219,-0.6433477101283348,17.140150852889736,-0.4354009936373287,-0.4927044236874127,-0.9207747915263828,-1.086286332943091,-0.5803820731332469,-0.8061260422441204,-0.001726961775828,0.0096561356878049,-0.754324447833599,-1.017284023320746,16.637484564873198,-1.2136525556489344,0.0161169064182812,-0.2504142104560098,-0.6890526810936557,-0.9329494170368704,-0.7943752271387405,0.0282000737287334,0.0392501319278024,-0.2665987333474404,-0.8958807524776348,16.569808073885525,0.1686234654791299,-0.1739229646796304
-0.9207747915263828,-1.086286332943091,-0.5803820731332469,-0.8061260422441204,-0.001726961775828,0.0096561356878049,-0.754324447833599,-1.017284023320746,16.637484564873198,-1.2136525556489344,0.0161169064182812,-0.2504142104560098,-0.6890526810936557,-0.9329494170368704,-0.7943752271387405,0.0282000737287334,0.0392501319278024,-0.2665987333474404,-0.8958807524776348,16.569808073885525,0.1686234654791299,-0.1739229646796304,-1.205570230285607,-1.1405077514462998,-1.1015746252238787,-1.300341559817446,-0.602607619212445,-0.5918874899952261,-0.1461067884997068,-0.8102097278894647,16.62972101484691,-0.5411427837392258,-0.3751433809463573
-0.2504142104560098,-0.6890526810936557,-0.9329494170368704,-0.7943752271387405,0.0282000737287334,0.0392501319278024,-0.2665987333474404,-0.8958807524776348,16.569808073885525,0.1686234654791299,-0.1739229646796304,-1.205570230285607,-1.1405077514462998,-1.1015746252238787,-1.300341559817446,-0.602607619212445,-0.5918874899952261,-0.1461067884997068,-0.8102097278894647,16.62972101484691,-0.5411427837392258,-0.3751433809463573,-1.2268476676350168,-0.9073215422997376,-0.8437420322770894,-0.762174832274445,0.6107046457230408,0.611566203775589,-0.0309412198940467,-0.6132043685543601,16.672727669089877,-0.5876872063734063,0.5188956828800763
-1.205570230285607,-1.1405077514462998,-1.1015746252238787,-1.300341559817446,-0.602607619212445,-0.5918874899952261,-0.1461067884997068,-0.8102097278894647,16.62972101484691,-0.5411427837392258,-0.3751433809463573,-1.2268476676350168,-0.9073215422997376,-0.8437420322770894,-0.762174832274445,0.6107046457230408,0.611566203775589,-0.0309412198940467,-0.6132043685543601,16.672727669089877,-0.5876872063734063,0.5188956828800763,-0.4888349666715071,-0.0224925957749974,-0.1172060372130829,0.1567889280567992,0.989967837237683,0.9803920861975968,0.0714430082084727,-0.4117301127911592,16.79348616082477,0.1898143029702828,0.6449680927962225
-1.2268476676350168,-0.9073215422997376,-0.8437420322770894,-0.762174832274445,0.6107046457230408,0.611566203775589,-0.0309412198940467,-0.6132043685543601,16.672727669089877,-0.5876872063734063,0.5188956828800763,-0.4888349666715071,-0.0224925957749974,-0.1172060372130829,0.1567889280567992,0.989967837237683,0.9803920861975968,0.0714430082084727,-0.4117301127911592,16.79348616082477,0.1898143029702828,0.6449680927962225,0.1925198891806628,-0.2521824072129056,-0.8337295500811056,-0.9201930559552464,-0.7100362080104183,-0.6989796889762138,2.474338463247337,1.5944310588137058,17.731326381555405,0.7361708606036574,-0.2121438534505714
-0.4888349666715071,-0.0224925957749974,-0.1172060372130829,0.1567889280567992,0.989967837237683,0.9803920861975968,0.0714430082084727,-0.4117301127911592,16.79348616082477,0.1898143029702828,0.6449680927962225,0.1925198891806628,-0.2521824072129056,-0.8337295500811056,-0.9201930559552464,-0.7100362080104183,-0.6989796889762138,2.474338463247337,1.5944310588137058,17.731326381555405,0.7361708606036574,-0.2121438534505714,-1.60261188733469,-1.1500553257327395,-0.9121365902973868,-0.8911339431967916,0.041187647740976,0.0472889509433314,-1.0957486134459788,-0.1550275132663482,16.621352765680193,-0.2284097533901131,-0.1638988599762851
0.1925198891806628,-0.2521824072129056,-0.8337295500811056,-0.9201930559552464,-0.7100362080104183,-0.6989796889762138,2.474338463247337,1.5944310588137058,17.731326381555405,0.7361708606036574,-0.2121438534505714,-1.60261188733469,-1.1500553257327395,-0.9121365902973868,-0.8911339431967916,0.041187647740976,0.0472889509433314,-1.0957486134459788,-0.1550275132663482,16.621352765680193,-0.2284097533901131,-0.1638988599762851,-1.0405426286598571,-1.473839014031903,-0.9246837707221724,-0.8042066621334771,0.1215813772131623,0.1276341129123115,-0.4519548026707083,-0.409429537661801,16.390105630200473,-0.8778106811720046,0.2844377459349874
-1.60261188733469,-1.1500553257327395,-0.9121365902973868,-0.8911339431967916,0.041187647740976,0.0472889509433314,-1.0957486134459788,-0.1550275132663482,16.621352765680193,-0.2284097533901131,-0.1638988599762851,-1.0405426286598571,-1.473839014031903,-0.9246837707221724,-0.8042066621334771,0.1215813772131623,0.1276341129123115,-0.4519548026707083,-0.409429537661801,16.390105630200473,-0.8778106811720046,0.2844377459349874,-0.0546914868778887,-0.9050171590715894,-1.4548726920232862,-1.8412497505852716,-0.8729522480581219,-0.8739632334980858,-0.075968433737598,-0.2905481068559926,16.43151863999632,0.3620372058506085,-0.4920103396185976
-1.0405426286598571,-1.473839014031903,-0.9246837707221724,-0.8042066621334771,0.1215813772131623,0.1276341129123115,-0.4519548026707083,-0.409429537661801,16.390105630200473,-0.8778106811720046,0.2844377459349874,-0.0546914868778887,-0.9050171590715894,-1.4548726920232862,-1.8412497505852716,-0.8729522480581219,-0.8739632334980858,-0.075968433737598,-0.2905481068559926,16.43151863999632,0.3620372058506085,-0.4920103396185976,-2.541174543040834,-2.3288794063662235,-2.6330923132432105,-2.2643482033547495,-1.402873586127234,-1.412888280381923,2.3930495091377697,2.235041439222345,17.7980666002156,1.725347235442072,-0.9394841194358312
-0.0546914868778887,-0.9050171590715894,-1.4548726920232862,-1.8412497505852716,-0.8729522480581219,-0.8739632334980858,-0.075968433737598,-0.2905481068559926,16.43151863999632,0.3620372058506085,-0.4920103396185976,-2.541174543040834,-2.3288794063662235,-2.6330923132432105,-2.2643482033547495,-1.402873586127234,-1.412888280381923,2.3930495091377697,2.235041439222345,17.7980666002156,1.725347235442072,-0.9394841194358312,-1.3397702147852646,-1.3492103717650783,-1.2772504273393357,-0.7767155186736007,1.5562653266532356,1.5455412114811529,-0.751292050500146,0.2721756296003311,17.139250811459476,0.1930548933619446,2.1514074545171
-2.541174543040834,-2.3288794063662235,-2.6330923132432105,-2.2643482033547495,-1.402873586127234,-1.412888280381923,2.3930495091377697,2.235041439222345,17.7980666002156,1.725347235442072,-0.9394841194358312,-1.3397702147852646,-1.3492103717650783,-1.2772504273393357,-0.7767155186736007,1.5562653266532356,1.5455412114811529,-0.751292050500146,0.2721756296003311,17.139250811459476,0.1930548933619446,2.1514074545171,-0.4373856760764119,-0.6636638246505788,-0.3959812934086271,-0.3584522001488335,0.440848909685846,0.4478935968369728,-0.6616288322833347,-0.5624772669050607,16.565853735162666,-0.6676786531715192,0.0549819991916674
-1.3397702147852646,-1.3492103717650783,-1.2772504273393357,-0.7767155186736007,1.5562653266532356,1.5455412114811529,-0.751292050500146,0.2721756296003311,17.139250811459476,0.1930548933619446,2.1514074545171,-0.4373856760764119,-0.6636638246505788,-0.3959812934086271,-0.3584522001488335,0.440848909685846,0.4478935968369728,-0.6616288322833347,-0.5624772669050607,16.565853735162666,-0.6676786531715192,0.0549819991916674,-0.3018924669308986,-1.0075261019455704,-0.9296181206096066,-1.2219827857619732,-0.9870202197066442,-0.98908735071177,-0.1582395202705104,-0.464270478828964,16.68573635296467,0.037387503398092,-0.6597697831358865
-0.4373856760764119,-0.6636638246505788,-0.3959812934086271,-0.3584522001488335,0.440848909685846,0.4478935968369728,-0.6616288322833347,-0.5624772669050607,16.565853735162666,-0.6676786531715192,0.0549819991916674,-0.3018924669308986,-1.0075261019455704,-0.9296181206096066,-1.2219827857619732,-0.9870202197066442,-0.98908735071177,-0.1582395202705104,-0.464270478828964,16.68573635296467,0.037387503398092,-0.6597697831358865,-0.6596067958069393,-1.1489194434449927,-1.0823249509188948,-0.9677907891718776,0.2397586465989116,0.2480561441217776,-0.373205322533803,-0.6161751104004712,16.546756381807764,0.0144517983343649,-0.0181340627382775
-0.3018924669308986,-1.0075261019455704,-0.9296181206096066,-1.2219827857619732,-0.9870202197066442,-0.98908735071177,-0.1582395202705104,-0.464270478828964,16.68573635296467,0.037387503398092,-0.6597697831358865,-0.6596067958069393,-1.1489194434449927,-1.0823249509188948,-0.9677907891718776,0.2397586465989116,0.2480561441217776,-0.373205322533803,-0.6161751104004712,16.546756381807764,0.0144517983343649,-0.0181340627382775,-0.4774499063891603,-0.0558177864063885,-0.3401935079255304,0.1205353626094232,1.2673582868587738,1.2637944529501777,-0.200911156766694,-0.53615729882365,16.599286531399315,0.913935107208011,1.0150412370584947
-0.6596067958069393,-1.1489194434449927,-1.0823249509188948,-0.9677907891718776,0.2397586465989116,0.2480561441217776,-0.373205322533803,-0.6161751104004712,16.546756381807764,0.0144517983343649,-0.0181340627382775,-0.4774499063891603,-0.0558177864063885,-0.3401935079255304,0.1205353626094232,1.2673582868587738,1.2637944529501777,-0.200911156766694,-0.53615729882365,16.599286531399315,0.913935107208011,1.0150412370584947,0.5954300719933501,0.6057617807037601,0.3591619664868664,0.1531674937494475,0.0081273306098622,0.0155718106328048,-0.1033204856709113,-0.1751696289048862,16.617718820892247,0.3183772841546684,-0.0750810759383667
-0.4774499063891603,-0.0558177864063885,-0.3401935079255304,0.1205353626094232,1.2673582868587738,1.2637944529501777,-0.200911156766694,-0.53615729882365,16.599286531399315,0.913935107208011,1.0150412370584947,0.5954300719933501,0.6057617807037601,0.3591619664868664,0.1531674937494475,0.0081273306098622,0.0155718106328048,-0.1033204856709113,-0.1751696289048862,16.617718820892247,0.3183772841546684,-0.0750810759383667,0.1967621532177476,0.2370211450051799,0.5450226775127247,0.6746390868664055,0.3829119271930923,0.3890224233609886,-0.2939085777701614,-0.3287906909433356,16.501724132595765,-0.9776694125911206,0.2303137514543107
0.5954300719933501,0.6057617807037601,0.3591619664868664,0.1531674937494475,0.0081273306098622,0.0155718106328048,-0.1033204856709113,-0.1751696289048862,16.617718820892247,0.3183772841546684,-0.0750810759383667,0.1967621532177476,0.2370211450051799,0.5450226775127247,0.6746390868664055,0.3829119271930923,0.3890224233609886,-0.2939085777701614,-0.3287906909433356,16.501724132595765,-0.9776694125911206,0.2303137514543107,0.1672375199048714,0.0544755108197401,-0.5212860358744508,-1.0304178064533958,-1.1371338713848178,-1.1420806954287597,0.0511833549978575,-0.0453051636772593,16.74729085832781,1.3986274525829538,-0.9997249648259254
0.1967621532177476,0.2370211450051799,0.5450226775127247,0.6746390868664055,0.3829119271930923,0.3890224233609886,-0.2939085777701614,-0.3287906909433356,16.501724132595765,-0.9776694125911206,0.2303137514543107,0.1672375199048714,0.0544755108197401,-0.5212860358744508,-1.0304178064533958,-1.1371338713848178,-1.1420806954287597,0.0511833549978575,-0.0453051636772593,16.74729085832781,1.3986274525829538,-0.9997249648259254,-0.1072018805225384,-0.3941171364956533,0.3588215339770585,-0.0255855595270383,0.6478122324589196,0.6507515230839084,-0.3433047775481593,-0.3099134604491177,16.613828002189123,-1.2586253156524607,0.0372447573686683
0.1672375199048714,0.0544755108197401,-0.5212860358744508,-1.0304178064533958,-1.1371338713848178,-1.1420806954287597,0.0511833549978575,-0.0453051636772593,16.74729085832781,1.3986274525829538,-0.9997249648259254,-0.1072018805225384,-0.3941171364956533,0.3588215339770585,-0.0255855595270383,0.6478122324589196,0.6507515230839084,-0.3433047775481593,-0.3099134604491177,16.613828002189123,-1.2586253156524607,0.0372447573686683,-0.5546751316726464,-0.8635798953278457,0.0616337078093649,-0.228466319260801,-0.1252694188539649,-0.1180301720640966,-0.7827631501230738,-0.6064767795525702,16.255594251297513,-1.2714312936469712,-0.2174765814014249
-0.1072018805225384,-0.3941171364956533,0.3588215339770585,-0.0255855595270383,0.6478122324589196,0.6507515230839084,-0.3433047775481593,-0.3099134604491177,16.613828002189123,-1.2586253156524607,0.0372447573686683,-0.5546751316726464,-0.8635798953278457,0.0616337078093649,-0.228466319260801,-0.1252694188539649,-0.1180301720640966,-0.7827631501230738,-0.6064767795525702,16.255594251297513,-1.2714312936469712,-0.2174765814014249,-0.9344400749000216,1.6863285325642554,-0.5402721980319942,1.8347514991257827,1.5319218705337103,1.5166768500219647,2.3155914181242148,2.5966357347191855,16.864925815821078,2.2385120172966224,1.5926076181114974
-0.5546751316726464,-0.8635798953278457,0.0616337078093649,-0.228466319260801,-0.1252694188539649,-0.1180301720640966,-0.7827631501230738,-0.6064767795525702,16.255594251297513,-1.2714312936469712,-0.2174765814014249,-0.9344400749000216,1.6863285325642554,-0.5402721980319942,1.8347514991257827,1.5319218705337103,1.5166768500219647,2.3155914181242148,2.5966357347191855,16.864925815821078,2.2385120172966224,1.5926076181114974,1.8688935967928728,1.9047598240461665,2.2358663775439966,1.9853973934546512,0.6173223124316046,0.61934427948793,-0.8861439703416785,0.7568428541785985,16.57298570584578,-0.3600390074250527,0.467297529643288
-0.9344400749000216,1.6863285325642554,-0.5402721980319942,1.8347514991257827,1.5319218705337103,1.5166768500219647,2.3155914181242148,2.5966357347191855,16.864925815821078,2.2385120172966224,1.5926076181114974,1.8688935967928728,1.9047598240461665,2.2358663775439966,1.9853973934546512,0.6173223124316046,0.61934427948793,-0.8861439703416785,0.7568428541785985,16.57298570584578,-0.3600390074250527,0.467297529643288,2.2599603121492136,2.120583690914384,2.2639027996115635,1.6269583328069734,-0.1609159183802927,-0.1543234025338677,-0.2620531455486866,0.4176991722942997,16.504581860412692,-0.6184474888656821,-0.7619487475749068
1.8688935967928728,1.9047598240461665,2.2358663775439966,1.9853973934546512,0.6173223124316046,0.61934427948793,-0.8861439703416785,0.7568428541785985,16.57298570584578,-0.3600390074250527,0.467297529643288,2.2599603121492136,2.120583690914384,2.2639027996115635,1.6269583328069734,-0.1609159183802927,-0.1543234025338677,-0.2620531455486866,0.4176991722942997,16.504581860412692,-0.6184474888656821,-0.7619487475749068,1.752984569590786,1.7288862790404838,1.7116376912229834,1.880391473794276,0.84126350801641,0.8377195172212891,-0.1742815741812995,0.2022322056361089,16.478144965300196,-0.338220138028342,1.2692963754749678
2.2599603121492136,2.120583690914384,2.2639027996115635,1.6269583328069734,-0.1609159183802927,-0.1543234025338677,-0.2620531455486866,0.4176991722942997,16.504581860412692,-0.6184474888656821,-0.7619487475749068,1.752984569590786,1.7288862790404838,1.7116376912229834,1.880391473794276,0.84126350801641,0.8377195172212891,-0.1742815741812995,0.2022322056361089,16.478144965300196,-0.338220138028342,1.2692963754749678,1.918148838760907,2.2985895947976145,1.902850090611085,2.120240400520222,1.6304291293665003,1.6122902938520507,2.5365967093289763,2.669106433405402,17.596764090297174,1.8095086121335875,2.43272752904632
1.752984569590786,1.7288862790404838,1.7116376912229834,1.880391473794276,0.84126350801641,0.8377195172212891,-0.1742815741812995,0.2022322056361089,16.478144965300196,-0.338220138028342,1.2692963754749678,1.918148838760907,2.2985895947976145,1.902850090611085,2.120240400520222,1.6304291293665003,1.6122902938520507,2.5365967093289763,2.669106433405402,17.596764090297174,1.8095086121335875,2.43272752904632,2.1279391149901397,1.7950911019086533,1.5872929552372788,1.063823515265004,-1.6000383948935448,-1.6104275352780892,-0.7391256607468192,0.6647439718871383,17.158796336328148,1.523685005668046,-1.5247471075952563
1.918148838760907,2.2985895947976145,1.902850090611085,2.120240400520222,1.6304291293665003,1.6122902938520507,2.5365967093289763,2.669106433405402,17.596764090297174,1.8095086121335875,2.43272752904632,2.1279391149901397,1.7950911019086533,1.5872929552372788,1.063823515265004,-1.6000383948935448,-1.6104275352780892,-0.7391256607468192,0.6647439718871383,17.158796336328148,1.523685005668046,-1.5247471075952563,1.2111234260821546,1.2021713397536682,1.4570182927993156,1.34596984526594,0.6966339075777658,0.6969966394284572,-0.576778991578857,-0.1894032850388829,16.867150510737883,-0.1721413221195196,0.3234568476189325
2.1279391149901397,1.7950911019086533,1.5872929552372788,1.063823515265004,-1.6000383948935448,-1.6104275352780892,-0.7391256607468192,0.6647439718871383,17.158796336328148,1.523685005668046,-1.5247471075952563,1.2111234260821546,1.2021713397536682,1.4570182927993156,1.34596984526594,0.6966339075777658,0.6969966394284572,-0.576778991578857,-0.1894032850388829,16.867150510737883,-0.1721413221195196,0.3234568476189325,0.8431602129521842,0.4603210027330003,0.5169064507403636,0.6351245478068444,-1.4737793922574765,-1.479082024139711,0.4639134600342798,0.6537267347323633,17.312260544588856,0.0982278504902705,-1.4022256034077016
1.2111234260821546,1.2021713397536682,1.4570182927993156,1.34596984526594,0.6966339075777658,0.6969966394284572,-0.576778991578857,-0.1894032850388829,16.867150510737883,-0.1721413221195196,0.3234568476189325,0.8431602129521842,0.4603210027330003,0.5169064507403636,0.6351245478068444,-1.4737793922574765,-1.479082024139711,0.4639134600342798,0.6537267347323633,17.312260544588856,0.0982278504902705,-1.4022256034077016,0.5358032655340476,0.3912580595583661,0.6735884749736994,0.5767259711643612,-0.2379388794579121,-0.2289303236098346,-0.726676134936066,-0.5904236965727231,16.83124156703495,-0.573827215666293,0.5493394585982647
0.8431602129521842,0.4603210027330003,0.5169064507403636,0.6351245478068444,-1.4737793922574765,-1.479082024139711,0.4639134600342798,0.6537267347323633,17.312260544588856,0.0982278504902705,-1.4022256034077016,0.5358032655340476,0.3912580595583661,0.6735884749736994,0.5767259711643612,-0.2379388794579121,-0.2289303236098346,-0.726676134936066,-0.5904236965727231,16.83124156703495,-0.573827215666293,0.5493394585982647,0.6224305650337684,0.0163969182986204,0.1661793404558946,-0.4350307939829756,-1.2620901878335182,-1.266248676320098,0.0812863857010695,-0.2797977732835894,17.097173408496978,-0.3577318038380561,-0.9420871418029008
0.5358032655340476,0.3912580595583661,0.6735884749736994,0.5767259711643612,-0.2379388794579121,-0.2289303236098346,-0.726676134936066,-0.5904236965727231,16.83124156703495,-0.573827215666293,0.5493394585982647,0.6224305650337684,0.0163969182986204,0.1661793404558946,-0.4350307939829756,-1.2620901878335182,-1.266248676320098,0.0812863857010695,-0.2797977732835894,17.097173408496978,-0.3577318038380561,-0.9420871418029008,-0.0602393191024472,-0.7429966934482568,-0.8819406381632947,-1.277470321457983,-0.8312118306406646,-0.830120952618469,-0.2024276735455945,-0.2654423360337353,17.10960520347977,-0.2611659299270553,-0.3620619668206014
0.6224305650337684,0.0163969182986204,0.1661793404558946,-0.4350307939829756,-1.2620901878335182,-1.266248676320098,0.0812863857010695,-0.2797977732835894,17.097173408496978,-0.3577318038380561,-0.9420871418029008,-0.0602393191024472,-0.7429966934482568,-0.8819406381632947,-1.277470321457983,-0.8312118306406646,-0.830120952618469,-0.2024276735455945,-0.2654423360337353,17.10960520347977,-0.2611659299270553,-0.3620619668206014,-1.2044012758357971,-0.980364117369135,-1.5740269053558331,-0.8825210469946091,0.4351190321554955,0.4432286379116019,-0.7244234621973245,-1.0963294133410806,16.616200771083037,0.5161164415841525,0.4191769506231435
-0.0602393191024472,-0.7429966934482568,-0.8819406381632947,-1.277470321457983,-0.8312118306406646,-0.830120952618469,-0.2024276735455945,-0.2654423360337353,17.10960520347977,-0.2611659299270553,-0.3620619668206014,-1.2044012758357971,-0.980364117369135,-1.5740269053558331,-0.8825210469946091,0.4351190321554955,0.4432286379116019,-0.7244234621973245,-1.0963294133410806,16.616200771083037,0.5161164415841525,0.4191769506231435,-0.926500896659898,-0.5949220901000418,-0.2717971384843494,0.0545479800108771,0.8667595243111964,0.868133113801332,-0.316485940231848,-1.0941361947387616,16.521692414797798,-0.858310348132187,0.4777131684010949
-1.2044012758357971,-0.980364117369135,-1.5740269053558331,-0.8825210469946091,0.4351190321554955,0.4432286379116019,-0.7244234621973245,-1.0963294133410806,16.616200771083037,0.5161164415841525,0.4191769506231435,-0.926500896659898,-0.5949220901000418,-0.2717971384843494,0.0545479800108771,0.8667595243111964,0.868133113801332,-0.316485940231848,-1.0941361947387616,16.521692414797798,-0.858310348132187,0.4777131684010949,-0.2229278878218091,-0.8495726682989316,-1.2700699447788089,-1.4725756394194935,-1.364965639602487,-1.3800683819927595,0.3247140361016519,-0.6065377944874408,16.880395736865783,0.5651972663345767,-1.1133578942228426
-0.926500896659898,-0.5949220901000418,-0.2717971384843494,0.0545479800108771,0.8667595243111964,0.868133113801332,-0.316485940231848,-1.0941361947387616,16.521692414797798,-0.858310348132187,0.4777131684010949,-0.2229278878218091,-0.8495726682989316,-1.2700699447788089,-1.4725756394194935,-1.364965639602487,-1.3800683819927595,0.3247140361016519,-0.6065377944874408,16.880395736865783,0.5651972663345767,-1.1133578942228426,-1.6789461047333754,-1.6323655886262525,-1.974729717336221,-1.9324560238980768,-0.8523533840399088,-0.8540182288296152,0.7967730179500598,0.4810335605450701,17.14474641604903,1.2420951524076362,-0.7060085410417215
-0.2229278878218091,-0.8495726682989316,-1.2700699447788089,-1.4725756394194935,-1.364965639602487,-1.3800683819927595,0.3247140361016519,-0.6065377944874408,16.880395736865783,0.5651972663345767,-1.1133578942228426,-1.6789461047333754,-1.6323655886262525,-1.974729717336221,-1.9324560238980768,-0.8523533840399088,-0.8540182288296152,0.7967730179500598,0.4810335605450701,17.14474641604903,1.2420951524076362,-0.7060085410417215,-2.032406405649497,-1.858667750426162,-1.2062204382871764,-1.1355509891223308,0.8846386383036201,0.8858807660019246,-1.0024465298512657,-0.6514011985144346,16.718908275152053,-1.7571654686730551,1.1620321288562043
-1.6789461047333754,-1.6323655886262525,-1.974729717336221,-1.9324560238980768,-0.8523533840399088,-0.8540182288296152,0.7967730179500598,0.4810335605450701,17.14474641604903,1.2420951524076362,-0.7060085410417215,-2.032406405649497,-1.858667750426162,-1.2062204382871764,-1.1355509891223308,0.8846386383036201,0.8858807660019246,-1.0024465298512657,-0.6514011985144346,16.718908275152053,-1.7571654686730551,1.1620321288562043,-1.1878352005267996,-1.2442505896165936,-1.1068922503642942,-0.8627121343623129,0.5233281388780346,0.5295067291567305,0.2588452401459651,-0.1661607639583897,16.854733310464876,-0.2642554342617826,-0.4096056190877998
-2.032406405649497,-1.858667750426162,-1.2062204382871764,-1.1355509891223308,0.8846386383036201,0.8858807660019246,-1.0024465298512657,-0.6514011985144346,16.718908275152053,-1.7571654686730551,1.1620321288562043,-1.1878352005267996,-1.2442505896165936,-1.1068922503642942,-0.8627121343623129,0.5233281388780346,0.5295067291567305,0.2588452401459651,-0.1661607639583897,16.854733310464876,-0.2642554342617826,-0.4096056190877998,-0.8581616382079884,-1.174319325420739,-0.6675133483845872,-0.6965420453787983,0.2583489253345393,0.2656797247944262,-0.83556550958492,-0.9081765368678342,16.50655029804348,-1.2592969894610349,-0.3838670959705145
-1.1878352005267996,-1.2442505896165936,-1.1068922503642942,-0.8627121343623129,0.5233281388780346,0.5295067291567305,0.2588452401459651,-0.1661607639583897,16.854733310464876,-0.2642554342617826,-0.4096056190877998,-0.8581616382079884,-1.174319325420739,-0.6675133483845872,-0.6965420453787983,0.2583489253345393,0.2656797247944262,-0.83556550958492,-0.9081765368678342,16.50655029804348,-1.2592969894610349,-0.3838670959705145,-0.7815989941443039,-0.5992207916874673,-0.3579759577867268,0.0902773616704517,0.8767759035443173,0.875300956035437,0.7717536516746898,0.0934308809135039,16.743178154125864,-0.5809093500488881,0.3844707527218011
-0.8581616382079884,-1.174319325420739,-0.6675133483845872,-0.6965420453787983,0.2583489253345393,0.2656797247944262,-0.83556550958492,-0.9081765368678342,16.50655029804348,-1.2592969894610349,-0.3838670959705145,-0.7815989941443039,-0.5992207916874673,-0.3579759577867268,0.0902773616704517,0.8767759035443173,0.875300956035437,0.7717536516746898,0.0934308809135039,16.743178154125864,-0.5809093500488881,0.3844707527218011,0.509351426121758,1.052264730356374,1.3155575353368956,1.1943233261225887,1.0315043415431993,1.02300513354474,-0.0008550725744854,0.412418631368307,16.74718424852529,-0.3373708936216724,0.2348033391733079
-0.7815989941443039,-0.5992207916874673,-0.3579759577867268,0.0902773616704517,0.8767759035443173,0.875300956035437,0.7717536516746898,0.0934308809135039,16.743178154125864,-0.5809093500488881,0.3844707527218011,0.509351426121758,1.052264730356374,1.3155575353368956,1.1943233261225887,1.0315043415431993,1.02300513354474,-0.0008550725744854,0.412418631368307,16.74718424852529,-0.3373708936216724,0.2348033391733079,1.4521474202666904,1.292883332515549,1.6411513646753555,1.4696402498519137,0.4840369832086149,0.4854494263895175,-0.1307858408911817,0.5816541217715555,16.70815755886424,-0.7336337554646474,0.25440940139969
0.509351426121758,1.052264730356374,1.3155575353368956,1.1943233261225887,1.0315043415431993,1.02300513354474,-0.0008550725744854,0.412418631368307,16.74718424852529,-0.3373708936216724,0.2348033391733079,1.4521474202666904,1.292883332515549,1.6411513646753555,1.4696402498519137,0.4840369832086149,0.4854494263895175,-0.1307858408911817,0.5816541217715555,16.70815755886424,-0.7336337554646474,0.25440940139969,1.3704845837307014,1.066557983889006,1.3176064905022014,1.172368155349413,-0.2246900851571722,-0.2143083656550913,-1.087020033910762,-1.0099377864048515,16.370409657272383,-0.7610296680619412,-0.211123001625391
1.4521474202666904,1.292883332515549,1.6411513646753555,1.4696402498519137,0.4840369832086149,0.4854494263895175,-0.1307858408911817,0.5816541217715555,16.70815755886424,-0.7336337554646474,0.25440940139969,1.3704845837307014,1.066557983889006,1.3176064905022014,1.172368155349413,-0.2246900851571722,-0.2143083656550913,-1.087020033910762,-1.0099377864048515,16.370409657272383,-0.7610296680619412,-0.211123001625391,1.2009712202364533,1.5886943409889345,1.3852987412303857,1.6927994139295446,0.8910689494160994,0.8839821130120268,1.403298640845422,0.823630186082969,16.778977922570544,0.4256914531443457,1.3729555996734446
1.3704845837307014,1.066557983889006,1.3176064905022014,1.172368155349413,-0.2246900851571722,-0.2143083656550913,-1.087020033910762,-1.0099377864048515,16.370409657272383,-0.7610296680619412,-0.211123001625391,1.2009712202364533,1.5886943409889345,1.3852987412303857,1.6927994139295446,0.8910689494160994,0.8839821130120268,1.403298640845422,0.823630186082969,16.778977922570544,0.4256914531443457,1.3729555996734446,1.6868519404376212,1.6264106808746863,1.7454119303080762,1.645439729252597,0.5385776524398745,0.53787199402096,-0.7357040573300989,-0.4566209311586263,16.54205540714767,-0.7900558912669476,1.006195743000269
1.2009712202364533,1.5886943409889345,1.3852987412303857,1.6927994139295446,0.8910689494160994,0.8839821130120268,1.403298640845422,0.823630186082969,16.778977922570544,0.4256914531443457,1.3729555996734446,1.6868519404376212,1.6264106808746863,1.7454119303080762,1.645439729252597,0.5385776524398745,0.53787199402096,-0.7357040573300989,-0.4566209311586263,16.54205540714767,-0.7900558912669476,1.006195743000269,1.6282738780199155,1.6611662578931925,1.6165640164062676,1.3498359405386198,-1.1129931877168704,-1.1135965957698115,1.6760124161011425,2.3480590983490517,17.013612124455662,0.5308621401278818,0.3712844935952123
1.6868519404376212,1.6264106808746863,1.7454119303080762,1.645439729252597,0.5385776524398745,0.53787199402096,-0.7357040573300989,-0.4566209311586263,16.54205540714767,-0.7900558912669476,1.006195743000269,1.6282738780199155,1.6611662578931925,1.6165640164062676,1.3498359405386198,-1.1129931877168704,-1.1135965957698115,1.6760124161011425,2.3480590983490517,17.013612124455662,0.5308621401278818,0.3712844935952123,1.550784905345738,1.8680700609194587,1.5083159547095406,2.0028181034386856,2.388707930884671,2.374871029054719,1.0816325626960377,2.3899049036984317,17.406556679298923,2.3912891566448256,2.2119060716084733
1.6282738780199155,1.6611662578931925,1.6165640164062676,1.3498359405386198,-1.1129931877168704,-1.1135965957698115,1.6760124161011425,2.3480590983490517,17.013612124455662,0.5308621401278818,0.3712844935952123,1.550784905345738,1.8680700609194587,1.5083159547095406,2.0028181034386856,2.388707930884671,2.374871029054719,1.0816325626960377,2.3899049036984317,17.406556679298923,2.3912891566448256,2.2119060716084733,1.822488748072398,1.349328645372693,1.6877902328880274,1.372038250118118,-1.3441703555354132,-1.361883024383145,-1.4822570501029886,-0.4180724193978926,16.64240995210098,-1.0330501694321004,-1.2564228042628212
1.550784905345738,1.8680700609194587,1.5083159547095406,2.0028181034386856,2.388707930884671,2.374871029054719,1.0816325626960377,2.3899049036984317,17.406556679298923,2.3912891566448256,2.2119060716084733,1.822488748072398,1.349328645372693,1.6877902328880274,1.372038250118118,-1.3441703555354132,-1.361883024383145,-1.4822570501029886,-0.4180724193978926,16.64240995210098,-1.0330501694321004,-1.2564228042628212,1.66253654245889,1.5867029339229417,1.6446361792460376,1.629210620346126,0.7372460581129574,0.7432408602646567,0.7551351377071036,0.3535880839662694,16.988803113076035,-0.0424347105493529,0.0532065704510591
1.822488748072398,1.349328645372693,1.6877902328880274,1.372038250118118,-1.3441703555354132,-1.361883024383145,-1.4822570501029886,-0.4180724193978926,16.64240995210098,-1.0330501694321004,-1.2564228042628212,1.66253654245889,1.5867029339229417,1.6446361792460376,1.629210620346126,0.7372460581129574,0.7432408602646567,0.7551351377071036,0.3535880839662694,16.988803113076035,-0.0424347105493529,0.0532065704510591,1.6716696649173064,1.4236941610110576,1.5869740281233755,1.387254481319306,-0.6295854427554007,-0.6284974506334265,-0.9470016339488444,-0.7363867341655553,16.59426777834009,-0.7479990115889097,-0.5295642677987866
1.66253654245889,1.5867029339229417,1.6446361792460376,1.629210620346126,0.7372460581129574,0.7432408602646567,0.7551351377071036,0.3535880839662694,16.988803113076035,-0.0424347105493529,0.0532065704510591,1.6716696649173064,1.4236941610110576,1.5869740281233755,1.387254481319306,-0.6295854427554007,-0.6284974506334265,-0.9470016339488444,-0.7363867341655553,16.59426777834009,-0.7479990115889097,-0.5295642677987866,1.065129934286372,0.8968900036289971,0.9572058003107063,0.8123340483227794,-1.3234493222888524,-1.3399913822035117,1.1325631180610172,0.5292681661495356,17.081193668110583,-0.2869167539297975,-1.5545206227451251
1.6716696649173064,1.4236941610110576,1.5869740281233755,1.387254481319306,-0.6295854427554007,-0.6284974506334265,-0.9470016339488444,-0.7363867341655553,16.59426777834009,-0.7479990115889097,-0.5295642677987866,1.065129934286372,0.8968900036289971,0.9572058003107063,0.8123340483227794,-1.3234493222888524,-1.3399913822035117,1.1325631180610172,0.5292681661495356,17.081193668110583,-0.2869167539297975,-1.5545206227451251,0.7475179073702761,1.0892520340009093,0.7986347942203114,1.0834994967865272,0.4261284962814857,0.4353296069074571,-0.7586256095792092,-0.3991429980353568,16.800636836264164,1.1207426452073788,0.7062059761081666
1.065129934286372,0.8968900036289971,0.9572058003107063,0.8123340483227794,-1.3234493222888524,-1.3399913822035117,1.1325631180610172,0.5292681661495356,17.081193668110583,-0.2869167539297975,-1.5545206227451251,0.7475179073702761,1.0892520340009093,0.7986347942203114,1.0834994967865272,0.4261284962814857,0.4353296069074571,-0.7586256095792092,-0.3991429980353568,16.800636836264164,1.1207426452073788,0.7062059761081666,0.970628358070319,1.3321865623343043,1.227573267889334,1.359090904295699,0.3011872584505498,0.3097432453860582,-0.412333410973788,-0.714006071495985,16.742642793576398,0.3241798130853559,0.1761499166693924
0.7475179073702761,1.0892520340009093,0.7986347942203114,1.0834994967865272,0.4261284962814857,0.4353296069074571,-0.7586256095792092,-0.3991429980353568,16.800636836264164,1.1207426452073788,0.7062059761081666,0.970628358070319,1.3321865623343043,1.227573267889334,1.359090904295699,0.3011872584505498,0.3097432453860582,-0.412333410973788,-0.714006071495985,16.742642793576398,0.3241798130853559,0.1761499166693924,0.9002925623053796,0.922177377409454,1.0646324652555903,0.7778945733831305,-1.1224016745419942,-1.131714628133056,1.937405086004092,1.6274759015109903,17.58467886637826,-0.3657766489739513,-1.1400728844417094
0.970628358070319,1.3321865623343043,1.227573267889334,1.359090904295699,0.3011872584505498,0.3097432453860582,-0.412333410973788,-0.714006071495985,16.742642793576398,0.3241798130853559,0.1761499166693924,0.9002925623053796,0.922177377409454,1.0646324652555903,0.7778945733831305,-1.1224016745419942,-1.131714628133056,1.937405086004092,1.6274759015109903,17.58467886637826,-0.3657766489739513,-1.1400728844417094,1.0748469939099077,0.7069291671529735,0.903129194698015,0.2991246456422535,-0.7387917192499488,-0.7404736490729334,-0.7431798886387267,0.2323742206086035,17.33428357599929,-0.6474938718027224,-0.9783056441689496
0.9002925623053796,0.922177377409454,1.0646324652555903,0.7778945733831305,-1.1224016745419942,-1.131714628133056,1.937405086004092,1.6274759015109903,17.58467886637826,-0.3657766489739513,-1.1400728844417094,1.0748469939099077,0.7069291671529735,0.903129194698015,0.2991246456422535,-0.7387917192499488,-0.7404736490729334,-0.7431798886387267,0.2323742206086035,17.33428357599929,-0.6474938718027224,-0.9783056441689496,0.5899096783795037,0.1197208052917938,0.5915672888960967,0.5105754795334615,-0.0142787246173704,-0.0047259703085398,-0.7405081461769986,-0.7167619806654937,16.957850894335976,-0.90602936030024,0.2356188341566986
1.0748469939099077,0.7069291671529735,0.903129194698015,0.2991246456422535,-0.7387917192499488,-0.7404736490729334,-0.7431798886387267,0.2323742206086035,17.33428357599929,-0.6474938718027224,-0.9783056441689496,0.5899096783795037,0.1197208052917938,0.5915672888960967,0.5105754795334615,-0.0142787246173704,-0.0047259703085398,-0.7405081461769986,-0.7167619806654937,16.957850894335976,-0.90602936030024,0.2356188341566986,0.6112217335747346,0.0531749371251852,-0.8863743116389744,-1.4009786570283245,-1.556295546438842,-1.571742119394212,2.469439793950186,2.552339154342985,18.389829717448567,1.498155158356381,-1.6251791633143629
0.5899096783795037,0.1197208052917938,0.5915672888960967,0.5105754795334615,-0.0142787246173704,-0.0047259703085398,-0.7405081461769986,-0.7167619806654937,16.957850894335976,-0.90602936030024,0.2356188341566986,0.6112217335747346,0.0531749371251852,-0.8863743116389744,-1.4009786570283245,-1.556295546438842,-1.571742119394212,2.469439793950186,2.552339154342985,18.389829717448567,1.498155158356381,-1.6251791633143629,-2.2305484544761853,-2.2080259204455186,-1.931823776401919,-1.6471612869256007,-0.2310383168016066,-0.2233340683660744,-0.8562631846699839,-0.2604585385736132,17.47971304999037,-0.5816006742219623,-0.1349014226611583
0.6112217335747346,0.0531749371251852,-0.8863743116389744,-1.4009786570283245,-1.556295546438842,-1.571742119394212,2.469439793950186,2.552339154342985,18.389829717448567,1.498155158356381,-1.6251791633143629,-2.2305484544761853,-2.2080259204455186,-1.931823776401919,-1.6471612869256007,-0.2310383168016066,-0.2233340683660744,-0.8562631846699839,-0.2604585385736132,17.47971304999037,-0.5816006742219623,-0.1349014226611583,-1.3217332209330703,-1.2832065990746837,-1.2630535543183925,-1.523224440905098,-0.1686067914636687,-0.1619025275287077,-0.37724160226693,-0.459380646223367,17.366362842863598,-0.0915974374488074,-0.0306553291946622
-2.2305484544761853,-2.2080259204455186,-1.931823776401919,-1.6471612869256007,-0.2310383168016066,-0.2233340683660744,-0.8562631846699839,-0.2604585385736132,17.47971304999037,-0.5816006742219623,-0.1349014226611583,-1.3217332209330703,-1.2832065990746837,-1.2630535543183925,-1.523224440905098,-0.1686067914636687,-0.1619025275287077,-0.37724160226693,-0.459380646223367,17.366362842863598,-0.0915974374488074,-0.0306553291946622,-1.4214370507784857,-1.727050802672074,-1.863471144402419,-1.7002240115591751,-0.6978552420978877,-0.6962534153778333,0.0186056555804447,-0.0983935257013596,17.71891656345839,0.4371300057595514,-0.9204961807868162
-1.3217332209330703,-1.2832065990746837,-1.2630535543183925,-1.523224440905098,-0.1686067914636687,-0.1619025275287077,-0.37724160226693,-0.459380646223367,17.366362842863598,-0.0915974374488074,-0.0306553291946622,-1.4214370507784857,-1.727050802672074,-1.863471144402419,-1.7002240115591751,-0.6978552420978877,-0.6962534153778333,0.0186056555804447,-0.0983935257013596,17.71891656345839,0.4371300057595514,-0.9204961807868162,-1.8044245914689472,-1.642100226078615,-1.740093105432042,-1.235111799971485,0.4945255213302937,0.4994898588633627,-0.6091876307269114,-0.7928216606544826,17.203690276315218,0.6323305547166336,0.2616399574226992
-1.4214370507784857,-1.727050802672074,-1.863471144402419,-1.7002240115591751,-0.6978552420978877,-0.6962534153778333,0.0186056555804447,-0.0983935257013596,17.71891656345839,0.4371300057595514,-0.9204961807868162,-1.8044245914689472,-1.642100226078615,-1.740093105432042,-1.235111799971485,0.4945255213302937,0.4994898588633627,-0.6091876307269114,-0.7928216606544826,17.203690276315218,0.6323305547166336,0.2616399574226992,-1.465630547475602,-1.3742475343864549,-1.1267521477481572,-1.187708918734827,-0.0692424414969148,-0.0632509559456954,-0.403751704819913,-0.9025736602060308,17.034746358033626,-0.9840975330312328,0.4891982726034211
-1.8044245914689472,-1.642100226078615,-1.740093105432042,-1.235111799971485,0.4945255213302937,0.4994898588633627,-0.6091876307269114,-0.7928216606544826,17.203690276315218,0.6323305547166336,0.2616399574226992,-1.465630547475602,-1.3742475343864549,-1.1267521477481572,-1.187708918734827,-0.0692424414969148,-0.0632509559456954,-0.403751704819913,-0.9025736602060308,17.034746358033626,-0.9840975330312328,0.4891982726034211,-1.423032084447841,-1.5244192298643648,-1.251234601217392,-1.3679266257513685,-0.30380915741229,-0.2990089143360937,0.1057480956299357,-0.5355849011809843,17.428210692318295,-1.1941214786076395,-0.2182596734362756
-1.465630547475602,-1.3742475343864549,-1.1267521477481572,-1.187708918734827,-0.0692424414969148,-0.0632509559456954,-0.403751704819913,-0.9025736602060308,17.034746358033626,-0.9840975330312328,0.4891982726034211,-1.423032084447841,-1.5244192298643648,-1.251234601217392,-1.3679266257513685,-0.30380915741229,-0.2990089143360937,0.1057480956299357,-0.5355849011809843,17.428210692318295,-1.1941214786076395,-0.2182596734362756,-0.8952503133374577,-1.144673978793446,-1.1274916343738532,-1.4405718453015768,-0.2174281985680298,-0.2124988679974272,-0.4767253815824704,-0.751084380031575,17.026878307643607,-0.1294030021914499,0.1957114455151956
-1.423032084447841,-1.5244192298643648,-1.251234601217392,-1.3679266257513685,-0.30380915741229,-0.2990089143360937,0.1057480956299357,-0.5355849011809843,17.428210692318295,-1.1941214786076395,-0.2182596734362756,-0.8952503133374577,-1.144673978793446,-1.1274916343738532,-1.4405718453015768,-0.2174281985680298,-0.2124988679974272,-0.4767253815824704,-0.751084380031575,17.026878307643607,-0.1294030021914499,0.1957114455151956,-1.2350928648234174,-0.8594161141396309,-0.950881739931897,-0.523216821772043,1.8845303754715792,1.868649960124368,0.4153725480946807,-0.0828804219609836,17.58866224729191,0.2220362367825626,1.5813009908815474
-0.8952503133374577,-1.144673978793446,-1.1274916343738532,-1.4405718453015768,-0.2174281985680298,-0.2124988679974272,-0.4767253815824704,-0.751084380031575,17.026878307643607,-0.1294030021914499,0.1957114455151956,-1.2350928648234174,-0.8594161141396309,-0.950881739931897,-0.523216821772043,1.8845303754715792,1.868649960124368,0.4153725480946807,-0.0828804219609836,17.58866224729191,0.2220362367825626,1.5813009908815474,-0.1715931129603924,0.4825209176828394,-0.5085326186090562,0.9348288550413032,1.694501255566223,1.6838931906863983,0.1979668573625375,0.4892410276796053,18.059251674187603,2.1407184449717698,1.7603754173974542
-1.2350928648234174,-0.8594161141396309,-0.950881739931897,-0.523216821772043,1.8845303754715792,1.868649960124368,0.4153725480946807,-0.0828804219609836,17.58866224729191,0.2220362367825626,1.5813009908815474,-0.1715931129603924,0.4825209176828394,-0.5085326186090562,0.9348288550413032,1.694501255566223,1.6838931906863983,0.1979668573625375,0.4892410276796053,18.059251674187603,2.1407184449717698,1.7603754173974542,1.6649746259695497,2.613063112498202,2.0428264040194892,2.6232627650335827,2.5786968964027133,2.561054326846753,0.707631747565805,2.287378030547368,18.432451209434262,2.6134442498557484,2.6397074259194993
-0.1715931129603924,0.4825209176828394,-0.5085326186090562,0.9348288550413032,1.694501255566223,1.6838931906863983,0.1979668573625375,0.4892410276796053,18.059251674187603,2.1407184449717698,1.7603754173974542,1.6649746259695497,2.613063112498202,2.0428264040194892,2.6232627650335827,2.5786968964027133,2.561054326846753,0.707631747565805,2.287378030547368,18.432451209434262,2.6134442498557484,2.6397074259194993,2.5337722680637356,2.176815803015423,2.5374077926296597,2.2108487900996177,0.8749769292547728,0.8945712698273329,-0.6367912305771993,1.1382620898984452,18.318005519670308,0.890495305061933,0.8404710083879058
1.6649746259695497,2.613063112498202,2.0428264040194892,2.6232627650335827,2.5786968964027133,2.561054326846753,0.707631747565805,2.287378030547368,18.432451209434262,2.6134442498557484,2.6397074259194993,2.5337722680637356,2.176815803015423,2.5374077926296597,2.2108487900996177,0.8749769292547728,0.8945712698273329,-0.6367912305771993,1.1382620898984452,18.318005519670308,0.890495305061933,0.8404710083879058,2.1669502759089516,1.7853717301424583,2.135811427871905,1.7703530076700738,0.0307386757728349,0.0454688216687351,-0.8292619393501102,0.1981844436915275,18.087359551572643,0.0219031427577815,-0.3012172725888577
2.5337722680637356,2.176815803015423,2.5374077926296597,2.2108487900996177,0.8749769292547728,0.8945712698273329,-0.6367912305771993,1.1382620898984452,18.318005519670308,0.890495305061933,0.8404710083879058,2.1669502759089516,1.7853717301424583,2.135811427871905,1.7703530076700738,0.0307386757728349,0.0454688216687351,-0.8292619393501102,0.1981844436915275,18.087359551572643,0.0219031427577815,-0.3012172725888577,1.8065286218607035,1.5581543466889736,1.809271546039284,1.513902860153078,-0.0982062968401698,-0.0867646416368447,-0.3953986994784594,-0.0225173829739125,18.01966573445121,-0.2775698194280345,-0.081464412539883
2.1669502759089516,1.7853717301424583,2.135811427871905,1.7703530076700738,0.0307386757728349,0.0454688216687351,-0.8292619393501102,0.1981844436915275,18.087359551572643,0.0219031427577815,-0.3012172725888577,1.8065286218607035,1.5581543466889736,1.809271546039284,1.513902860153078,-0.0982062968401698,-0.0867646416368447,-0.3953986994784594,-0.0225173829739125,18.01966573445121,-0.2775698194280345,-0.081464412539883,1.4222928950755918,1.4540704820429102,1.4353419795232896,1.39310657940522,0.0327481170733406,0.0463731650779942,1.2787467173271347,0.9642750137469956,18.59079476607426,0.593547709540408,0.1333328188132986
1.8065286218607035,1.5581543466889736,1.809271546039284,1.513902860153078,-0.0982062968401698,-0.0867646416368447,-0.3953986994784594,-0.0225173829739125,18.01966573445121,-0.2775698194280345,-0.081464412539883,1.4222928950755918,1.4540704820429102,1.4353419795232896,1.39310657940522,0.0327481170733406,0.0463731650779942,1.2787467173271347,0.9642750137469956,18.59079476607426,0.593547709540408,0.1333328188132986,1.3629349343501085,1.1847683591212896,1.3500757484024044,1.2604983667927758,-0.2429522590661608,-0.2350300628901698,-1.4930530157960673,-1.030182387850072,17.818123547854626,-0.4016211491834902,-0.2827226914965695
1.4222928950755918,1.4540704820429102,1.4353419795232896,1.39310657940522,0.0327481170733406,0.0463731650779942,1.2787467173271347,0.9642750137469956,18.59079476607426,0.593547709540408,0.1333328188132986,1.3629349343501085,1.1847683591212896,1.3500757484024044,1.2604983667927758,-0.2429522590661608,-0.2350300628901698,-1.4930530157960673,-1.030182387850072,17.818123547854626,-0.4016211491834902,-0.2827226914965695,1.3285617009532524,1.0127382829180445,1.2530338008138209,1.021040439612639,-0.9167154269293516,-0.9321534679149426,-0.8904987769437264,-1.3744230467673344,17.39958492547444,-1.073316523189251,-0.9825425657590422
1.3629349343501085,1.1847683591212896,1.3500757484024044,1.2604983667927758,-0.2429522590661608,-0.2350300628901698,-1.4930530157960673,-1.030182387850072,17.818123547854626,-0.4016211491834902,-0.2827226914965695,1.3285617009532524,1.0127382829180445,1.2530338008138209,1.021040439612639,-0.9167154269293516,-0.9321534679149426,-0.8904987769437264,-1.3744230467673344,17.39958492547444,-1.073316523189251,-0.9825425657590422,1.010927098147952,0.7617200047453799,0.8290228272270274,0.5641163043522671,-1.5885921853114051,-1.632258930379489,-0.3560788726090041,-1.3597790352167616,17.357136355510946,-0.5190027207275216,-1.0636587715091992
1.3285617009532524,1.0127382829180445,1.2530338008138209,1.021040439612639,-0.9167154269293516,-0.9321534679149426,-0.8904987769437264,-1.3744230467673344,17.39958492547444,-1.073316523189251,-0.9825425657590422,1.010927098147952,0.7617200047453799,0.8290228272270274,0.5641163043522671,-1.5885921853114051,-1.632258930379489,-0.3560788726090041,-1.3597790352167616,17.357136355510946,-0.5190027207275216,-1.0636587715091992,0.8634970047816763,0.5647616440689012,0.7488060864830423,0.6553568182738639,-0.1978026807950917,-0.1877177343537351,-0.7423825060374944,-1.322125020197019,16.997971371613872,-0.9931360124453096,-0.4561087888393006
1.010927098147952,0.7617200047453799,0.8290228272270274,0.5641163043522671,-1.5885921853114051,-1.632258930379489,-0.3560788726090041,-1.3597790352167616,17.357136355510946,-0.5190027207275216,-1.0636587715091992,0.8634970047816763,0.5647616440689012,0.7488060864830423,0.6553568182738639,-0.1978026807950917,-0.1877177343537351,-0.7423825060374944,-1.322125020197019,16.997971371613872,-0.9931360124453096,-0.4561087888393006,0.6873727312468307,0.3931310355626637,0.6253280232961372,0.4814925658519977,-0.7437729956498629,-0.7497644592466984,-0.3833557184392772,-1.1298101845356427,16.764622863269228,-0.8989235051987883,-0.7412041264490654
0.8634970047816763,0.5647616440689012,0.7488060864830423,0.6553568182738639,-0.1978026807950917,-0.1877177343537351,-0.7423825060374944,-1.322125020197019,16.997971371613872,-0.9931360124453096,-0.4561087888393006,0.6873727312468307,0.3931310355626637,0.6253280232961372,0.4814925658519977,-0.7437729956498629,-0.7497644592466984,-0.3833557184392772,-1.1298101845356427,16.764622863269228,-0.8989235051987883,-0.7412041264490654,0.5378299006092763,0.3370669839807246,0.7881952833926943,0.6929080447584876,-0.0740696075146092,-0.065886858465438,-0.012031113831411,-0.974613523194668,16.636472750425764,-1.2310977420077152,-0.1570043263381811
0.6873727312468307,0.3931310355626637,0.6253280232961372,0.4814925658519977,-0.7437729956498629,-0.7497644592466984,-0.3833557184392772,-1.1298101845356427,16.764622863269228,-0.8989235051987883,-0.7412041264490654,0.5378299006092763,0.3370669839807246,0.7881952833926943,0.6929080447584876,-0.0740696075146092,-0.065886858465438,-0.012031113831411,-0.974613523194668,16.636472750425764,-1.2310977420077152,-0.1570043263381811,0.7980010489906704,0.3558684685609682,0.7464274093126398,0.29524303202254,-0.7254186867294624,-0.7178654527908919,0.7798864136567605,-0.6288938260940736,16.813989107049167,-0.845331719032615,-0.8648027034274973
0.5378299006092763,0.3370669839807246,0.7881952833926943,0.6929080447584876,-0.0740696075146092,-0.065886858465438,-0.012031113831411,-0.974613523194668,16.636472750425764,-1.2310977420077152,-0.1570043263381811,0.7980010489906704,0.3558684685609682,0.7464274093126398,0.29524303202254,-0.7254186867294624,-0.7178654527908919,0.7798864136567605,-0.6288938260940736,16.813989107049167,-0.845331719032615,-0.8648027034274973,0.5104665331881324,-0.5364263102838998,0.453894662787709,-0.1918853254982102,-0.4821573286561926,-0.4752268138554026,0.3307299594949855,-0.3392903217798128,16.871726313963244,-0.8961123087049216,-0.5283207683850221
0.7980010489906704,0.3558684685609682,0.7464274093126398,0.29524303202254,-0.7254186867294624,-0.7178654527908919,0.7798864136567605,-0.6288938260940736,16.813989107049167,-0.845331719032615,-0.8648027034274973,0.5104665331881324,-0.5364263102838998,0.453894662787709,-0.1918853254982102,-0.4821573286561926,-0.4752268138554026,0.3307299594949855,-0.3392903217798128,16.871726313963244,-0.8961123087049216,-0.5283207683850221,-0.2759922609925725,-1.764247779058878,-0.0573235526571183,-1.033624313035584,-0.5008800527622439,-0.4952165343272764,0.0657279933529454,-0.1209465083295702,16.83876076619787,-0.9446184129136296,-0.3025348644451802
0.5104665331881324,-0.5364263102838998,0.453894662787709,-0.1918853254982102,-0.4821573286561926,-0.4752268138554026,0.3307299594949855,-0.3392903217798128,16.871726313963244,-0.8961123087049216,-0.5283207683850221,-0.2759922609925725,-1.764247779058878,-0.0573235526571183,-1.033624313035584,-0.5008800527622439,-0.4952165343272764,0.0657279933529454,-0.1209465083295702,16.83876076619787,-0.9446184129136296,-0.3025348644451802,-2.398841390627118,-2.3656361463123865,-2.533578455763628,-2.2849915025778142,-1.6496426474790873,-1.6586912716279387,1.8079870760275896,2.203099220014059,17.176961789788802,0.7241380905273891,-1.9479509101666015
-0.2759922609925725,-1.764247779058878,-0.0573235526571183,-1.033624313035584,-0.5008800527622439,-0.4952165343272764,0.0657279933529454,-0.1209465083295702,16.83876076619787,-0.9446184129136296,-0.3025348644451802,-2.398841390627118,-2.3656361463123865,-2.533578455763628,-2.2849915025778142,-1.6496426474790873,-1.6586912716279387,1.8079870760275896,2.203099220014059,17.176961789788802,0.7241380905273891,-1.9479509101666015,-2.2697209119811093,-2.3303742298582995,-2.239146865485225,-2.274353298254934,-1.193625430731976,-1.1963650478693428,0.9378046300363052,2.2429392883313564,17.363258410898524,0.3131943920034234,-1.181280007679882
-2.398841390627118,-2.3656361463123865,-2.533578455763628,-2.2849915025778142,-1.6496426474790873,-1.6586912716279387,1.8079870760275896,2.203099220014059,17.176961789788802,0.7241380905273891,-1.9479509101666015,-2.2697209119811093,-2.3303742298582995,-2.239146865485225,-2.274353298254934,-1.193625430731976,-1.1963650478693428,0.9378046300363052,2.2429392883313564,17.363258410898524,0.3131943920034234,-1.181280007679882,-1.912750780291748,-1.8288794096595944,-1.8233875642061224,-1.8653297736749284,-0.0618812426947274,-0.0554108324356369,-1.104909888741983,1.0879925924153433,17.06036601076562,0.6239712767259141,0.1042827761466555
-2.2697209119811093,-2.3303742298582995,-2.239146865485225,-2.274353298254934,-1.193625430731976,-1.1963650478693428,0.9378046300363052,2.2429392883313564,17.363258410898524,0.3131943920034234,-1.181280007679882,-1.912750780291748,-1.8288794096595944,-1.8233875642061224,-1.8653297736749284,-0.0618812426947274,-0.0554108324356369,-1.104909888741983,1.0879925924153433,17.06036601076562,0.6239712767259141,0.1042827761466555,-1.586003631334294,-1.7036597335528254,-1.523592041558055,-1.4312717173055591,0.4443954026583513,0.4481520897159288,-0.4584702134314313,0.7214510228467107,16.92791418281584,-0.5120829377266317,0.4741585484671628
-1.912750780291748,-1.8288794096595944,-1.8233875642061224,-1.8653297736749284,-0.0618812426947274,-0.0554108324356369,-1.104909888741983,1.0879925924153433,17.06036601076562,0.6239712767259141,0.1042827761466555,-1.586003631334294,-1.7036597335528254,-1.523592041558055,-1.4312717173055591,0.4443954026583513,0.4481520897159288,-0.4584702134314313,0.7214510228467107,16.92791418281584,-0.5120829377266317,0.4741585484671628,-1.1581600814245678,-0.8192788142463003,-0.9887580348395998,-0.5543711255549227,1.9464229543835991,1.9280893778167711,1.6366501985831292,1.3958413171633617,17.315345939725784,1.5412519472906605,1.6479699887148798
-1.586003631334294,-1.7036597335528254,-1.523592041558055,-1.4312717173055591,0.4443954026583513,0.4481520897159288,-0.4584702134314313,0.7214510228467107,16.92791418281584,-0.5120829377266317,0.4741585484671628,-1.1581600814245678,-0.8192788142463003,-0.9887580348395998,-0.5543711255549227,1.9464229543835991,1.9280893778167711,1.6366501985831292,1.3958413171633617,17.315345939725784,1.5412519472906605,1.6479699887148798,-0.7310711580498996,-0.3706635987782318,-0.497686391921551,-0.2205633578393951,0.6883977397892741,0.6916783992248724,-1.3136825388317508,0.2320324841976541,16.960739885721225,0.9459083773820998,1.1887447911604008
-1.1581600814245678,-0.8192788142463003,-0.9887580348395998,-0.5543711255549227,1.9464229543835991,1.9280893778167711,1.6366501985831292,1.3958413171633617,17.315345939725784,1.5412519472906605,1.6479699887148798,-0.7310711580498996,-0.3706635987782318,-0.497686391921551,-0.2205633578393951,0.6883977397892741,0.6916783992248724,-1.3136825388317508,0.2320324841976541,16.960739885721225,0.9459083773820998,1.1887447911604008,-0.1854779447789299,-0.4124478317035057,-0.4180323086706791,-0.1364074378852039,0.1865671842385211,0.1931881369879064,-1.0069160115452285,-0.5472789194869687,16.685849718789903,0.2565608058528658,-0.2756975571214158
-0.7310711580498996,-0.3706635987782318,-0.497686391921551,-0.2205633578393951,0.6883977397892741,0.6916783992248724,-1.3136825388317508,0.2320324841976541,16.960739885721225,0.9459083773820998,1.1887447911604008,-0.1854779447789299,-0.4124478317035057,-0.4180323086706791,-0.1364074378852039,0.1865671842385211,0.1931881369879064,-1.0069160115452285,-0.5472789194869687,16.685849718789903,0.2565608058528658,-0.2756975571214158,0.1150974144267553,0.4284554456452145,0.1359380392308349,0.7068406964921027,1.2318699996540596,1.2266260386138654,1.300236672390899,0.223570971526809,17.064217031615545,1.0802515357107472,1.7033274363874968
-0.1854779447789299,-0.4124478317035057,-0.4180323086706791,-0.1364074378852039,0.1865671842385211,0.1931881369879064,-1.0069160115452285,-0.5472789194869687,16.685849718789903,0.2565608058528658,-0.2756975571214158,0.1150974144267553,0.4284554456452145,0.1359380392308349,0.7068406964921027,1.2318699996540596,1.2266260386138654,1.300236672390899,0.223570971526809,17.064217031615545,1.0802515357107472,1.7033274363874968,1.3870552392000808,1.2308233021581427,1.3296029259293694,1.1685219835282272,0.4925766096289626,0.4972502816016987,-0.0625981123083005,0.1374405381180989,17.106967512812844,-0.8902666531321637,0.5973016180853953
0.1150974144267553,0.4284554456452145,0.1359380392308349,0.7068406964921027,1.2318699996540596,1.2266260386138654,1.300236672390899,0.223570971526809,17.064217031615545,1.0802515357107472,1.7033274363874968,1.3870552392000808,1.2308233021581427,1.3296029259293694,1.1685219835282272,0.4925766096289626,0.4972502816016987,-0.0625981123083005,0.1374405381180989,17.106967512812844,-0.8902666531321637,0.5973016180853953,1.5459179533261689,1.6869043374479944,1.5481923133097808,1.4999474463713056,0.3922274779332029,0.3971743646771341,-0.2980275920294425,-0.3053082664595508,17.079168563852598,1.0403892303681492,0.7865627409730604
1.3870552392000808,1.2308233021581427,1.3296029259293694,1.1685219835282272,0.4925766096289626,0.4972502816016987,-0.0625981123083005,0.1374405381180989,17.106967512812844,-0.8902666531321637,0.5973016180853953,1.5459179533261689,1.6869043374479944,1.5481923133097808,1.4999474463713056,0.3922274779332029,0.3971743646771341,-0.2980275920294425,-0.3053082664595508,17.079168563852598,1.0403892303681492,0.7865627409730604,1.1345697775105423,0.9894823270687864,1.0111477488856109,0.8886200168080373,-0.8348899547307983,-0.8321085623548959,-0.9813746068138998,-1.347452303643,16.72317640725285,0.1261061196498427,-0.5930389375536842
1.5459179533261689,1.6869043374479944,1.5481923133097808,1.4999474463713056,0.3922274779332029,0.3971743646771341,-0.2980275920294425,-0.3053082664595508,17.079168563852598,1.0403892303681492,0.7865627409730604,1.1345697775105423,0.9894823270687864,1.0111477488856109,0.8886200168080373,-0.8348899547307983,-0.8321085623548959,-0.9813746068138998,-1.347452303643,16.72317640725285,0.1261061196498427,-0.5930389375536842,1.467936741768449,1.7449071235195746,1.7609364107094696,1.8051680150949925,1.9390871374350969,1.9265199277271463,1.8627342032913068,1.333485848812435,17.288346228908143,0.2836529225159779,1.889463657665809
1.1345697775105423,0.9894823270687864,1.0111477488856109,0.8886200168080373,-0.8348899547307983,-0.8321085623548959,-0.9813746068138998,-1.347452303643,16.72317640725285,0.1261061196498427,-0.5930389375536842,1.467936741768449,1.7449071235195746,1.7609364107094696,1.8051680150949925,1.9390871374350969,1.9265199277271463,1.8627342032913068,1.333485848812435,17.288346228908143,0.2836529225159779,1.889463657665809,1.8602372330694368,2.3181193734585137,2.012107378480379,2.332585190377606,2.147965430393018,2.1308734042143547,1.2467745651480209,2.308112256568964,17.787254266208908,2.6324919188698255,2.1629464560531315
1.467936741768449,1.7449071235195746,1.7609364107094696,1.8051680150949925,1.9390871374350969,1.9265199277271463,1.8627342032913068,1.333485848812435,17.288346228908143,0.2836529225159779,1.889463657665809,1.8602372330694368,2.3181193734585137,2.012107378480379,2.332585190377606,2.147965430393018,2.1308734042143547,1.2467745651480209,2.308112256568964,17.787254266208908,2.6324919188698255,2.1629464560531315,2.213493292413657,1.8812574377061284,2.1839750703046334,1.843311799605681,-0.3843470790189171,-0.3803396028826808,-1.1956628402120912,-0.0572908454461954,17.256633564527448,-0.5180983054252294,-0.4255570991206339
1.8602372330694368,2.3181193734585137,2.012107378480379,2.332585190377606,2.147965430393018,2.1308734042143547,1.2467745651480209,2.308112256568964,17.787254266208908,2.6324919188698255,2.1629464560531315,2.213493292413657,1.8812574377061284,2.1839750703046334,1.843311799605681,-0.3843470790189171,-0.3803396028826808,-1.1956628402120912,-0.0572908454461954,17.256633564527448,-0.5180983054252294,-0.4255570991206339,1.7180362041263788,1.4079801127423437,1.5849841513541778,1.499121243811175,-0.4322715279596972,-0.4302488702809105,-1.0548742732494525,-1.1147712058252566,16.64589643792036,-0.4283191817034664,-0.5913022365352163
2.213493292413657,1.8812574377061284,2.1839750703046334,1.843311799605681,-0.3843470790189171,-0.3803396028826808,-1.1956628402120912,-0.0572908454461954,17.256633564527448,-0.5180983054252294,-0.4255570991206339,1.7180362041263788,1.4079801127423437,1.5849841513541778,1.499121243811175,-0.4322715279596972,-0.4302488702809105,-1.0548742732494525,-1.1147712058252566,16.64589643792036,-0.4283191817034664,-0.5913022365352163,1.6102425352269252,1.7359601903708766,1.5830480317303586,1.5128920332261917,0.3718595443252873,0.382841997197421,1.67150328157147,0.4597765669665675,17.365271641316408,1.4227167543278672,0.5523803778063618
1.7180362041263788,1.4079801127423437,1.5849841513541778,1.499121243811175,-0.4322715279596972,-0.4302488702809105,-1.0548742732494525,-1.1147712058252566,16.64589643792036,-0.4283191817034664,-0.5913022365352163,1.6102425352269252,1.7359601903708766,1.5830480317303586,1.5128920332261917,0.3718595443252873,0.382841997197421,1.67150328157147,0.4597765669665675,17.365271641316408,1.4227167543278672,0.5523803778063618,1.6790049697268383,1.3520789739903774,1.2566770014230977,0.9436529575147862,-1.4444422441993825,-1.4670529088883617,-0.2613511834367028,0.2730017701442863,17.408869837726574,1.0841065509860126,-1.831435869923738
1.6102425352269252,1.7359601903708766,1.5830480317303586,1.5128920332261917,0.3718595443252873,0.382841997197421,1.67150328157147,0.4597765669665675,17.365271641316408,1.4227167543278672,0.5523803778063618,1.6790049697268383,1.3520789739903774,1.2566770014230977,0.9436529575147862,-1.4444422441993825,-1.4670529088883617,-0.2613511834367028,0.2730017701442863,17.408869837726574,1.0841065509860126,-1.831435869923738,0.6313208738692518,0.3774976054429108,0.6390051583691831,0.402232742874152,-1.2111544113945851,-1.2273542887364417,-0.7443225734467189,-0.6650136660438773,17.06658251978146,-0.7666391050237522,-1.2639248032195245
1.6790049697268383,1.3520789739903774,1.2566770014230977,0.9436529575147862,-1.4444422441993825,-1.4670529088883617,-0.2613511834367028,0.2730017701442863,17.408869837726574,1.0841065509860126,-1.831435869923738,0.6313208738692518,0.3774976054429108,0.6390051583691831,0.402232742874152,-1.2111544113945851,-1.2273542887364417,-0.7443225734467189,-0.6650136660438773,17.06658251978146,-0.7666391050237522,-1.2639248032195245,0.4211034033938274,0.2765877801767896,0.5735719581631751,0.4803173632214455,0.0369524254934094,0.0481322458050461,-0.4665923685526523,-0.893108218732879,16.884772111261828,-0.933423616643252,-0.1717982239667574
0.6313208738692518,0.3774976054429108,0.6390051583691831,0.402232742874152,-1.2111544113945851,-1.2273542887364417,-0.7443225734467189,-0.6650136660438773,17.06658251978146,-0.7666391050237522,-1.2639248032195245,0.4211034033938274,0.2765877801767896,0.5735719581631751,0.4803173632214455,0.0369524254934094,0.0481322458050461,-0.4665923685526523,-0.893108218732879,16.884772111261828,-0.933423616643252,-0.1717982239667574,0.3100710342955743,0.2026541145143052,0.4137923532262754,0.1377864868457136,-0.6428395054621409,-0.6420448440313903,-0.2285256142360417,-0.8250545591759297,16.844822713130345,-0.5657505606630728,-0.5681475575501593
0.4211034033938274,0.2765877801767896,0.5735719581631751,0.4803173632214455,0.0369524254934094,0.0481322458050461,-0.4665923685526523,-0.893108218732879,16.884772111261828,-0.933423616643252,-0.1717982239667574,0.3100710342955743,0.2026541145143052,0.4137923532262754,0.1377864868457136,-0.6428395054621409,-0.6420448440313903,-0.2285256142360417,-0.8250545591759297,16.844822713130345,-0.5657505606630728,-0.5681475575501593,-0.4373708931310053,-0.7303150172870031,-0.5657294034245156,-0.9911774043828562,-1.138992005273617,-1.152887528984262,0.3389368838971859,-0.3698814358949538,17.126053607854647,-0.5643125239960508,-0.5479263699607917
0.3100710342955743,0.2026541145143052,0.4137923532262754,0.1377864868457136,-0.6428395054621409,-0.6420448440313903,-0.2285256142360417,-0.8250545591759297,16.844822713130345,-0.5657505606630728,-0.5681475575501593,-0.4373708931310053,-0.7303150172870031,-0.5657294034245156,-0.9911774043828562,-1.138992005273617,-1.152887528984262,0.3389368838971859,-0.3698814358949538,17.126053607854647,-0.5643125239960508,-0.5479263699607917,-0.821408006367635,-0.9707619744604602,-0.851217548731663,-0.7722448966119558,0.4774241009495129,0.4899768344654556,-0.6742412158925,-0.8187088990524453,16.781350525170406,-0.4881075602822127,0.0988375553660582
-0.4373708931310053,-0.7303150172870031,-0.5657294034245156,-0.9911774043828562,-1.138992005273617,-1.152887528984262,0.3389368838971859,-0.3698814358949538,17.126053607854647,-0.5643125239960508,-0.5479263699607917,-0.821408006367635,-0.9707619744604602,-0.851217548731663,-0.7722448966119558,0.4774241009495129,0.4899768344654556,-0.6742412158925,-0.8187088990524453,16.781350525170406,-0.4881075602822127,0.0988375553660582,-0.4125868489195105,0.052765511118946,0.0663506136823412,0.3898187282102457,1.0862375995936928,1.0813599999851462,0.778690525481508,0.5312944871569162,17.099762090931225,0.0343182394670386,0.7889465835997174
-0.821408006367635,-0.9707619744604602,-0.851217548731663,-0.7722448966119558,0.4774241009495129,0.4899768344654556,-0.6742412158925,-0.8187088990524453,16.781350525170406,-0.4881075602822127,0.0988375553660582,-0.4125868489195105,0.052765511118946,0.0663506136823412,0.3898187282102457,1.0862375995936928,1.0813599999851462,0.778690525481508,0.5312944871569162,17.099762090931225,0.0343182394670386,0.7889465835997174,0.2298693348391627,0.4447705293629595,0.8943553377194979,1.1229096133052812,0.7404247556162078,0.7414537614101816,-0.4765896433088926,-0.0377446672360904,16.908596422135933,-0.3365535599307059,1.2301777142745458
-0.4125868489195105,0.052765511118946,0.0663506136823412,0.3898187282102457,1.0862375995936928,1.0813599999851462,0.778690525481508,0.5312944871569162,17.099762090931225,0.0343182394670386,0.7889465835997174,0.2298693348391627,0.4447705293629595,0.8943553377194979,1.1229096133052812,0.7404247556162078,0.7414537614101816,-0.4765896433088926,-0.0377446672360904,16.908596422135933,-0.3365535599307059,1.2301777142745458,1.2855378607742478,1.0521295267315336,0.3042158940821481,0.1941265750833484,-0.8639650319742642,-0.862157167177791,0.1255345185116132,0.2882472555707652,17.048447105922317,1.7602452898288796,-1.0415314442723742
0.2298693348391627,0.4447705293629595,0.8943553377194979,1.1229096133052812,0.7404247556162078,0.7414537614101816,-0.4765896433088926,-0.0377446672360904,16.908596422135933,-0.3365535599307059,1.2301777142745458,1.2855378607742478,1.0521295267315336,0.3042158940821481,0.1941265750833484,-0.8639650319742642,-0.862157167177791,0.1255345185116132,0.2882472555707652,17.048447105922317,1.7602452898288796,-1.0415314442723742,0.3303580147882464,0.8113074239143389,1.1447978775073266,1.7321226808584147,1.4066663251900788,1.3967207874561498,0.0906339465471222,0.7685750797184719,17.064644008800993,0.0937095246563805,1.3955920313060604
1.2855378607742478,1.0521295267315336,0.3042158940821481,0.1941265750833484,-0.8639650319742642,-0.862157167177791,0.1255345185116132,0.2882472555707652,17.048447105922317,1.7602452898288796,-1.0415314442723742,0.3303580147882464,0.8113074239143389,1.1447978775073266,1.7321226808584147,1.4066663251900788,1.3967207874561498,0.0906339465471222,0.7685750797184719,17.064644008800993,0.0937095246563805,1.3955920313060604,1.6515073400314513,1.8691851064721423,2.180319033350431,1.820615920571524,0.5490883445543879,0.5529896644537886,0.5584371952388822,1.8323923790996357,17.193985086618596,0.0609791753964261,0.8267180800142997
0.3303580147882464,0.8113074239143389,1.1447978775073266,1.7321226808584147,1.4066663251900788,1.3967207874561498,0.0906339465471222,0.7685750797184719,17.064644008800993,0.0937095246563805,1.3955920313060604,1.6515073400314513,1.8691851064721423,2.180319033350431,1.820615920571524,0.5490883445543879,0.5529896644537886,0.5584371952388822,1.8323923790996357,17.193985086618596,0.0609791753964261,0.8267180800142997,0.9194007710096976,1.223077906966475,1.2360217633900696,1.580238615112305,0.0205561004550692,0.0279726429129657,-0.5731290694396001,0.8928388280645311,17.084813340058332,0.4566859810732241,-0.2132596587551839
1.6515073400314513,1.8691851064721423,2.180319033350431,1.820615920571524,0.5490883445543879,0.5529896644537886,0.5584371952388822,1.8323923790996357,17.193985086618596,0.0609791753964261,0.8267180800142997,0.9194007710096976,1.223077906966475,1.2360217633900696,1.580238615112305,0.0205561004550692,0.0279726429129657,-0.5731290694396001,0.8928388280645311,17.084813340058332,0.4566859810732241,-0.2132596587551839,1.6464504297428502,1.0925282091079869,1.2631451020429794,0.8490040580666971,-1.0215262307425454,-1.02037756814991,-0.4299419679475821,0.3259584473231636,17.025466761016204,-0.1477114114634251,-1.1485168061903284
0.9194007710096976,1.223077906966475,1.2360217633900696,1.580238615112305,0.0205561004550692,0.0279726429129657,-0.5731290694396001,0.8928388280645311,17.084813340058332,0.4566859810732241,-0.2132596587551839,1.6464504297428502,1.0925282091079869,1.2631451020429794,0.8490040580666971,-1.0215262307425454,-1.02037756814991,-0.4299419679475821,0.3259584473231636,17.025466761016204,-0.1477114114634251,-1.1485168061903284,-0.0090051789029989,0.0484381832964403,0.1674729797379258,0.3451720706897947,-0.7846966960748541,-0.7804007600569767,0.982920467550242,1.4519624164472829,17.278336010760334,-0.3352616563084024,0.0032878715010375
1.6464504297428502,1.0925282091079869,1.2631451020429794,0.8490040580666971,-1.0215262307425454,-1.02037756814991,-0.4299419679475821,0.3259584473231636,17.025466761016204,-0.1477114114634251,-1.1485168061903284,-0.0090051789029989,0.0484381832964403,0.1674729797379258,0.3451720706897947,-0.7846966960748541,-0.7804007600569767,0.982920467550242,1.4519624164472829,17.278336010760334,-0.3352616563084024,0.0032878715010375,0.8335085850369571,0.39688310822239,0.4847806353108966,0.530553454777806,0.1019448549206136,0.1084639510962848,-0.7662309514479775,0.2585991149302807,17.12261705284882,-0.1733853144709952,-0.3808285913549319
-0.0090051789029989,0.0484381832964403,0.1674729797379258,0.3451720706897947,-0.7846966960748541,-0.7804007600569767,0.982920467550242,1.4519624164472829,17.278336010760334,-0.3352616563084024,0.0032878715010375,0.8335085850369571,0.39688310822239,0.4847806353108966,0.530553454777806,0.1019448549206136,0.1084639510962848,-0.7662309514479775,0.2585991149302807,17.12261705284882,-0.1733853144709952,-0.3808285913549319,1.0582190546171462,0.5348198523947578,0.4863760634284629,0.5073042958242336,-0.2076265758930234,-0.2008759907898365,-1.1368657588890816,-1.5599063181036816,16.900763603175143,0.0585388506169781,-0.5014392812046595
0.8335085850369571,0.39688310822239,0.4847806353108966,0.530553454777806,0.1019448549206136,0.1084639510962848,-0.7662309514479775,0.2585991149302807,17.12261705284882,-0.1733853144709952,-0.3808285913549319,1.0582190546171462,0.5348198523947578,0.4863760634284629,0.5073042958242336,-0.2076265758930234,-0.2008759907898365,-1.1368657588890816,-1.5599063181036816,16.900763603175143,0.0585388506169781,-0.5014392812046595,0.065227703382996,0.136506424807572,0.2052575203394987,-0.66693679837421,-1.121491316598529,-1.125655764374553,-0.1021983543851285,-1.293993531918853,16.87271420062536,-0.1500423982956376,-0.8693687579400623
1.0582190546171462,0.5348198523947578,0.4863760634284629,0.5073042958242336,-0.2076265758930234,-0.2008759907898365,-1.1368657588890816,-1.5599063181036816,16.900763603175143,0.0585388506169781,-0.5014392812046595,0.065227703382996,0.136506424807572,0.2052575203394987,-0.66693679837421,-1.121491316598529,-1.125655764374553,-0.1021983543851285,-1.293993531918853,16.87271420062536,-0.1500423982956376,-0.8693687579400623,-1.1746129380716988,-1.9911261892682648,-1.4063506073138743,-1.4808021576555666,-0.902154974778001,-0.9052509501159374,1.2549960683536756,-0.0968382573631726,17.08618158924111,-0.9025268463982934,-0.6061779754558976
0.065227703382996,0.136506424807572,0.2052575203394987,-0.66693679837421,-1.121491316598529,-1.125655764374553,-0.1021983543851285,-1.293993531918853,16.87271420062536,-0.1500423982956376,-0.8693687579400623,-1.1746129380716988,-1.9911261892682648,-1.4063506073138743,-1.4808021576555666,-0.902154974778001,-0.9052509501159374,1.2549960683536756,-0.0968382573631726,17.08618158924111,-0.9025268463982934,-0.6061779754558976,-1.5628339783357494,-1.7851019324311208,-1.7442011802296231,-1.5263420676958035,0.017022644435448,0.0235994906456743,-1.1862757935190709,-1.3566699009602414,16.84274154702725,-1.408456881299598,-0.041934529091273
-1.1746129380716988,-1.9911261892682648,-1.4063506073138743,-1.4808021576555666,-0.902154974778001,-0.9052509501159374,1.2549960683536756,-0.0968382573631726,17.08618158924111,-0.9025268463982934,-0.6061779754558976,-1.5628339783357494,-1.7851019324311208,-1.7442011802296231,-1.5263420676958035,0.017022644435448,0.0235994906456743,-1.1862757935190709,-1.3566699009602414,16.84274154702725,-1.408456881299598,-0.041934529091273,0.9800265352915652,1.454404125023648,1.5065920870960543,1.824472045328327,2.5250647579305405,2.508113067787407,2.4782779383313853,2.0885786242807027,17.524658241749094,0.6603164983752753,2.491515897605291
-1.5628339783357494,-1.7851019324311208,-1.7442011802296231,-1.5263420676958035,0.017022644435448,0.0235994906456743,-1.1862757935190709,-1.3566699009602414,16.84274154702725,-1.408456881299598,-0.041934529091273,0.9800265352915652,1.454404125023648,1.5065920870960543,1.824472045328327,2.5250647579305405,2.508113067787407,2.4782779383313853,2.0885786242807027,17.524658241749094,0.6603164983752753,2.491515897605291,1.6132711417362544,1.5109763254545834,1.6775062886936638,1.2659519353506703,-0.3624820149219306,-0.3612798389108041,-1.1834187501023636,-0.6858979712219063,16.955992358666414,-0.4155313504626916,-0.4438751070806604
0.9800265352915652,1.454404125023648,1.5065920870960543,1.824472045328327,2.5250647579305405,2.508113067787407,2.4782779383313853,2.0885786242807027,17.524658241749094,0.6603164983752753,2.491515897605291,1.6132711417362544,1.5109763254545834,1.6775062886936638,1.2659519353506703,-0.3624820149219306,-0.3612798389108041,-1.1834187501023636,-0.6858979712219063,16.955992358666414,-0.4155313504626916,-0.4438751070806604,1.312421214862216,1.241069880007087,1.614465680742064,1.4694245559896726,0.3253193924211962,0.3411671395648381,-0.7608461094557978,-1.374941789915353,16.605570822533576,-2.350538110221985,0.7562413842927616
1.6132711417362544,1.5109763254545834,1.6775062886936638,1.2659519353506703,-0.3624820149219306,-0.3612798389108041,-1.1834187501023636,-0.6858979712219063,16.955992358666414,-0.4155313504626916,-0.4438751070806604,1.312421214862216,1.241069880007087,1.614465680742064,1.4694245559896726,0.3253193924211962,0.3411671395648381,-0.7608461094557978,-1.374941789915353,16.605570822533576,-2.350538110221985,0.7562413842927616,1.152204564284926,0.9151811025367216,1.128595127585023,0.8850706078728169,-0.542193940533899,-0.5465841879732838,-0.59995596187441,-1.4810919704277057,16.310862548081236,-1.453824132205608,-0.8130865124772708
1.312421214862216,1.241069880007087,1.614465680742064,1.4694245559896726,0.3253193924211962,0.3411671395648381,-0.7608461094557978,-1.374941789915353,16.605570822533576,-2.350538110221985,0.7562413842927616,1.152204564284926,0.9151811025367216,1.128595127585023,0.8850706078728169,-0.542193940533899,-0.5465841879732838,-0.59995596187441,-1.4810919704277057,16.310862548081236,-1.453824132205608,-0.8130865124772708,0.525589669485071,0.3996244466476319,0.7045181566097273,0.5467708858031803,-0.3705057733512088,-0.3695623580498282,-0.1256688882694507,-1.2102234147351936,16.21040141292498,-1.556094173021633,-0.2750154930038839
1.152204564284926,0.9151811025367216,1.128595127585023,0.8850706078728169,-0.542193940533899,-0.5465841879732838,-0.59995596187441,-1.4810919704277057,16.310862548081236,-1.453824132205608,-0.8130865124772708,0.525589669485071,0.3996244466476319,0.7045181566097273,0.5467708858031803,-0.3705057733512088,-0.3695623580498282,-0.1256688882694507,-1.2102234147351936,16.21040141292498,-1.556094173021633,-0.2750154930038839,0.722480187483261,0.5857085778928138,0.6863054334157466,0.7548122610162291,0.235020982631676,0.2493842421766566,2.202485184181523,1.1696927502801049,17.131004833749554,-0.6853214869747882,0.1276070355995149
0.525589669485071,0.3996244466476319,0.7045181566097273,0.5467708858031803,-0.3705057733512088,-0.3695623580498282,-0.1256688882694507,-1.2102234147351936,16.21040141292498,-1.556094173021633,-0.2750154930038839,0.722480187483261,0.5857085778928138,0.6863054334157466,0.7548122610162291,0.235020982631676,0.2493842421766566,2.202485184181523,1.1696927502801049,17.131004833749554,-0.6853214869747882,0.1276070355995149,1.165232481211112,2.1296388363980276,1.276214780598245,2.187488916444151,2.0174048274677765,2.006014945551852,0.6485634441769591,1.9554334204289543,17.61073007032751,2.6792421693419444,2.255987816644584
0.722480187483261,0.5857085778928138,0.6863054334157466,0.7548122610162291,0.235020982631676,0.2493842421766566,2.202485184181523,1.1696927502801049,17.131004833749554,-0.6853214869747882,0.1276070355995149,1.165232481211112,2.1296388363980276,1.276214780598245,2.187488916444151,2.0174048274677765,2.006014945551852,0.6485634441769591,1.9554334204289543,17.61073007032751,2.6792421693419444,2.255987816644584,2.073003565199786,1.859404943517982,1.952618631048959,1.6557935223321452,-0.324557781013148,-0.3184473388073226,-0.616189317161511,0.7331878692744033,17.366678494893836,0.782154597974373,-0.2520213069239537
1.165232481211112,2.1296388363980276,1.276214780598245,2.187488916444151,2.0174048274677765,2.006014945551852,0.6485634441769591,1.9554334204289543,17.61073007032751,2.6792421693419444,2.255987816644584,2.073003565199786,1.859404943517982,1.952618631048959,1.6557935223321452,-0.324557781013148,-0.3184473388073226,-0.616189317161511,0.7331878692744033,17.366678494893836,0.782154597974373,-0.2520213069239537,1.5065419683062184,0.9881884314142838,0.7653701704085959,0.4940052955579897,-1.4921992960429349,-1.534787836142138,-0.1978269330496766,0.6306551490853038,17.40014001845136,1.076925554117188,-1.4025847078358729
2.073003565199786,1.859404943517982,1.952618631048959,1.6557935223321452,-0.324557781013148,-0.3184473388073226,-0.616189317161511,0.7331878692744033,17.366678494893836,0.782154597974373,-0.2520213069239537,1.5065419683062184,0.9881884314142838,0.7653701704085959,0.4940052955579897,-1.4921992960429349,-1.534787836142138,-0.1978269330496766,0.6306551490853038,17.40014001845136,1.076925554117188,-1.4025847078358729,1.2922324362929098,0.8534209288695235,1.0290690536764993,0.4900461728007952,-0.134907510148715,-0.121309043210412,-0.0085560033021921,0.7755262601243919,17.58125847948508,0.3389956183301292,-0.2597507981828107
1.5065419683062184,0.9881884314142838,0.7653701704085959,0.4940052955579897,-1.4921992960429349,-1.534787836142138,-0.1978269330496766,0.6306551490853038,17.40014001845136,1.076925554117188,-1.4025847078358729,1.2922324362929098,0.8534209288695235,1.0290690536764993,0.4900461728007952,-0.134907510148715,-0.121309043210412,-0.0085560033021921,0.7755262601243919,17.58125847948508,0.3389956183301292,-0.2597507981828107,0.8910122983972542,0.9995876984589172,1.394376619012656,1.406716181091508,1.0778725674831535,1.0852468324618767,0.5181552217638832,1.5600499252857334,17.955975071715386,0.0190130385683827,0.9324758278159804
1.2922324362929098,0.8534209288695235,1.0290690536764993,0.4900461728007952,-0.134907510148715,-0.121309043210412,-0.0085560033021921,0.7755262601243919,17.58125847948508,0.3389956183301292,-0.2597507981828107,0.8910122983972542,0.9995876984589172,1.394376619012656,1.406716181091508,1.0778725674831535,1.0852468324618767,0.5181552217638832,1.5600499252857334,17.955975071715386,0.0190130385683827,0.9324758278159804,0.9512697190997208,0.7983123380916696,-0.572868436272197,-0.6755669253269135,-1.7806771256114358,-1.827515754210552,-0.063461923018177,1.2695145609056917,18.119913445460877,2.0155884193942124,-1.8374077979163164
0.8910122983972542,0.9995876984589172,1.394376619012656,1.406716181091508,1.0778725674831535,1.0852468324618767,0.5181552217638832,1.5600499252857334,17.955975071715386,0.0190130385683827,0.9324758278159804,0.9512697190997208,0.7983123380916696,-0.572868436272197,-0.6755669253269135,-1.7806771256114358,-1.827515754210552,-0.063461923018177,1.2695145609056917,18.119913445460877,2.0155884193942124,-1.8374077979163164,-1.3959191565785067,-1.2295747483405854,-1.539717439882471,-0.944162056803572,-0.2835390581967633,-0.2676698769124277,-1.3112060250029534,-0.865309467184465,17.25287916808043,-0.055553143504955,-0.2674894589384983
0.9512697190997208,0.7983123380916696,-0.572868436272197,-0.6755669253269135,-1.7806771256114358,-1.827515754210552,-0.063461923018177,1.2695145609056917,18.119913445460877,2.0155884193942124,-1.8374077979163164,-1.3959191565785067,-1.2295747483405854,-1.539717439882471,-0.944162056803572,-0.2835390581967633,-0.2676698769124277,-1.3112060250029534,-0.865309467184465,17.25287916808043,-0.055553143504955,-0.2674894589384983,-0.8055704228487991,-1.057148632876499,-1.2061884176466746,-0.9520632528703816,-0.0335376643962993,-0.0155434150260562,0.2271785925905131,-0.6386783283769661,17.571791641544163,-0.1002870328440863,-0.3046840410212797
-1.3959191565785067,-1.2295747483405854,-1.539717439882471,-0.944162056803572,-0.2835390581967633,-0.2676698769124277,-1.3112060250029534,-0.865309467184465,17.25287916808043,-0.055553143504955,-0.2674894589384983,-0.8055704228487991,-1.057148632876499,-1.2061884176466746,-0.9520632528703816,-0.0335376643962993,-0.0155434150260562,0.2271785925905131,-0.6386783283769661,17.571791641544163,-0.1002870328440863,-0.3046840410212797,-1.235104443649128,-1.4121404836992504,-1.2050660282513073,-1.4535964066816665,-0.6000064483953498,-0.5911051040007129,-0.6391183279278427,-1.2191370339326055,17.44882447305696,-0.8635137423573803,-0.5834065454087226
-0.8055704228487991,-1.057148632876499,-1.2061884176466746,-0.9520632528703816,-0.0335376643962993,-0.0155434150260562,0.2271785925905131,-0.6386783283769661,17.571791641544163,-0.1002870328440863,-0.3046840410212797,-1.235104443649128,-1.4121404836992504,-1.2050660282513073,-1.4535964066816665,-0.6000064483953498,-0.5911051040007129,-0.6391183279278427,-1.2191370339326055,17.44882447305696,-0.8635137423573803,-0.5834065454087226,-1.4102974488151585,-1.4055271471761497,-1.134963116371593,-1.2086362568980944,0.1400180646329321,0.1586087379606545,-0.2565434237347887,-1.0874783966159467,17.453859610824203,-1.1078511917129716,0.2710502970267146
-1.235104443649128,-1.4121404836992504,-1.2050660282513073,-1.4535964066816665,-0.6000064483953498,-0.5911051040007129,-0.6391183279278427,-1.2191370339326055,17.44882447305696,-0.8635137423573803,-0.5834065454087226,-1.4102974488151585,-1.4055271471761497,-1.134963116371593,-1.2086362568980944,0.1400180646329321,0.1586087379606545,-0.2565434237347887,-1.0874783966159467,17.453859610824203,-1.1078511917129716,0.2710502970267146,-1.292128666463772,-1.1952771158759212,-1.1863291482885925,-1.3462929217435675,-0.3039632041876251,-0.2901619712064295,2.3009930263665344,0.948573052626706,18.30215619469271,-0.4623349681054413,-0.1236245980853136
-1.4102974488151585,-1.4055271471761497,-1.134963116371593,-1.2086362568980944,0.1400180646329321,0.1586087379606545,-0.2565434237347887,-1.0874783966159467,17.453859610824203,-1.1078511917129716,0.2710502970267146,-1.292128666463772,-1.1952771158759212,-1.1863291482885925,-1.3462929217435675,-0.3039632041876251,-0.2901619712064295,2.3009930263665344,0.948573052626706,18.30215619469271,-0.4623349681054413,-0.1236245980853136,-1.0520294414416882,-1.0521372863465035,-0.9872425427449286,-1.1158414639776966,0.4407842749808779,0.4498398482123748,-1.4534035148111886,-1.3877701105781923,17.063440242077778,-0.6494220947415712,0.2984025982546163
-1.292128666463772,-1.1952771158759212,-1.1863291482885925,-1.3462929217435675,-0.3039632041876251,-0.2901619712064295,2.3009930263665344,0.948573052626706,18.30215619469271,-0.4623349681054413,-0.1236245980853136,-1.0520294414416882,-1.0521372863465035,-0.9872425427449286,-1.1158414639776966,0.4407842749808779,0.4498398482123748,-1.4534035148111886,-1.3877701105781923,17.063440242077778,-0.6494220947415712,0.2984025982546163,-1.3241197235974276,-1.1363233257346277,-1.2223028975518846,-0.9010914897822836,0.2906569994000349,0.2998005801512707,-0.276032686485356,-1.152398424176417,17.01381630191909,-0.3050248354154484,0.1924711566419823
-1.0520294414416882,-1.0521372863465035,-0.9872425427449286,-1.1158414639776966,0.4407842749808779,0.4498398482123748,-1.4534035148111886,-1.3877701105781923,17.063440242077778,-0.6494220947415712,0.2984025982546163,-1.3241197235974276,-1.1363233257346277,-1.2223028975518846,-0.9010914897822836,0.2906569994000349,0.2998005801512707,-0.276032686485356,-1.152398424176417,17.01381630191909,-0.3050248354154484,0.1924711566419823,-0.741814308924432,-0.1981241372693644,-0.5592454052064163,0.0025126449503765,1.2613658318825,1.24113618803201,0.860558196709445,-0.4475043830104694,17.52776470781707,0.6773689352647028,1.2493083735548771
-1.3241197235974276,-1.1363233257346277,-1.2223028975518846,-0.9010914897822836,0.2906569994000349,0.2998005801512707,-0.276032686485356,-1.152398424176417,17.01381630191909,-0.3050248354154484,0.1924711566419823,-0.741814308924432,-0.1981241372693644,-0.5592454052064163,0.0025126449503765,1.2613658318825,1.24113618803201,0.860558196709445,-0.4475043830104694,17.52776470781707,0.6773689352647028,1.2493083735548771,1.0014736841429128,1.7642761765098345,1.9580875251446257,2.0626243734338137,1.750620263726448,1.709715489727999,0.9322871170464108,0.8214768012574695,18.09865565687723,1.2321620040004189,1.8983713535197824
-0.741814308924432,-0.1981241372693644,-0.5592454052064163,0.0025126449503765,1.2613658318825,1.24113618803201,0.860558196709445,-0.4475043830104694,17.52776470781707,0.6773689352647028,1.2493083735548771,1.0014736841429128,1.7642761765098345,1.9580875251446257,2.0626243734338137,1.750620263726448,1.709715489727999,0.9322871170464108,0.8214768012574695,18.09865565687723,1.2321620040004189,1.8983713535197824,1.8054207958869477,1.497295218163696,2.0868488837507133,1.7297556152585265,-0.0003926407478228,0.010708664477377,-0.8984239190943086,-0.2433876951315208,17.469384428770034,-0.845421256781362,0.1554772925842452
1.0014736841429128,1.7642761765098345,1.9580875251446257,2.0626243734338137,1.750620263726448,1.709715489727999,0.9322871170464108,0.8214768012574695,18.09865565687723,1.2321620040004189,1.8983713535197824,1.8054207958869477,1.497295218163696,2.0868488837507133,1.7297556152585265,-0.0003926407478228,0.010708664477377,-0.8984239190943086,-0.2433876951315208,17.469384428770034,-0.845421256781362,0.1554772925842452,1.3388453963653366,0.97895129235759,1.4544721745479152,1.3629844023325717,-0.2677955029996953,-0.2604695760500817,-0.912328087864087,-1.0406779872615264,16.871255548512064,-1.0754500381909686,-0.0672818686079686
1.8054207958869477,1.497295218163696,2.0868488837507133,1.7297556152585265,-0.0003926407478228,0.010708664477377,-0.8984239190943086,-0.2433876951315208,17.469384428770034,-0.845421256781362,0.1554772925842452,1.3388453963653366,0.97895129235759,1.4544721745479152,1.3629844023325717,-0.2677955029996953,-0.2604695760500817,-0.912328087864087,-1.0406779872615264,16.871255548512064,-1.0754500381909686,-0.0672818686079686,1.4179516343725236,1.1218045484758814,1.0857350534096677,0.842109104412302,-0.7406600251775666,-0.7443862725937187,-0.0035336025728271,-0.7257178628946148,16.97344675390651,0.3183690575351454,-0.6818715460286138
1.3388453963653366,0.97895129235759,1.4544721745479152,1.3629844023325717,-0.2677955029996953,-0.2604695760500817,-0.912328087864087,-1.0406779872615264,16.871255548512064,-1.0754500381909686,-0.0672818686079686,1.4179516343725236,1.1218045484758814,1.0857350534096677,0.842109104412302,-0.7406600251775666,-0.7443862725937187,-0.0035336025728271,-0.7257178628946148,16.97344675390651,0.3183690575351454,-0.6818715460286138,0.9595235271955792,0.520670162298809,0.3835248306816737,0.4846126543368914,-0.6411284050210596,-0.6436034467529241,-0.0672445415667144,-0.5100072527504832,17.057438665451084,0.4979322371786976,-1.0201981141247582
1.4179516343725236,1.1218045484758814,1.0857350534096677,0.842109104412302,-0.7406600251775666,-0.7443862725937187,-0.0035336025728271,-0.7257178628946148,16.97344675390651,0.3183690575351454,-0.6818715460286138,0.9595235271955792,0.520670162298809,0.3835248306816737,0.4846126543368914,-0.6411284050210596,-0.6436034467529241,-0.0672445415667144,-0.5100072527504832,17.057438665451084,0.4979322371786976,-1.0201981141247582,0.3082337098502964,0.1014372875394219,0.5384060209274902,0.4886268931376031,-0.0211844571500345,-0.0110353094363682,-0.5157823349683108,-0.6809537707275892,16.804016836789135,-1.1864948163791964,0.0185619090818184
0.9595235271955792,0.520670162298809,0.3835248306816737,0.4846126543368914,-0.6411284050210596,-0.6436034467529241,-0.0672445415667144,-0.5100072527504832,17.057438665451084,0.4979322371786976,-1.0201981141247582,0.3082337098502964,0.1014372875394219,0.5384060209274902,0.4886268931376031,-0.0211844571500345,-0.0110353094363682,-0.5157823349683108,-0.6809537707275892,16.804016836789135,-1.1864948163791964,0.0185619090818184,0.3239827192481767,0.5143983659204133,0.6331286245161714,0.7998256738847096,0.4249511201492734,0.437252914582746,-0.1925956769565151,-0.4858815142510388,16.663438694714163,-0.2953512753948845,0.6468712043208328
0.3082337098502964,0.1014372875394219,0.5384060209274902,0.4886268931376031,-0.0211844571500345,-0.0110353094363682,-0.5157823349683108,-0.6809537707275892,16.804016836789135,-1.1864948163791964,0.0185619090818184,0.3239827192481767,0.5143983659204133,0.6331286245161714,0.7998256738847096,0.4249511201492734,0.437252914582746,-0.1925956769565151,-0.4858815142510388,16.663438694714163,-0.2953512753948845,0.6468712043208328,0.0193398254967962,-0.0060118392370507,0.0868824533947897,0.4113821577821012,-0.7670952364468208,-0.7724093803157424,0.8244065075571761,0.1982752326983737,17.02207089760549,-0.2309121466106842,-0.4176134337241154
0.3239827192481767,0.5143983659204133,0.6331286245161714,0.7998256738847096,0.4249511201492734,0.437252914582746,-0.1925956769565151,-0.4858815142510388,16.663438694714163,-0.2953512753948845,0.6468712043208328,0.0193398254967962,-0.0060118392370507,0.0868824533947897,0.4113821577821012,-0.7670952364468208,-0.7724093803157424,0.8244065075571761,0.1982752326983737,17.02207089760549,-0.2309121466106842,-0.4176134337241154,0.0450435747706736,0.6231038982394973,0.3999602126196993,1.0960837863764934,0.3563875219276116,0.3679627057855121,0.1498178429772339,0.450627141505164,17.170664036029034,0.2753585113959818,0.3631422822397723
0.0193398254967962,-0.0060118392370507,0.0868824533947897,0.4113821577821012,-0.7670952364468208,-0.7724093803157424,0.8244065075571761,0.1982752326983737,17.02207089760549,-0.2309121466106842,-0.4176134337241154,0.0450435747706736,0.6231038982394973,0.3999602126196993,1.0960837863764934,0.3563875219276116,0.3679627057855121,0.1498178429772339,0.450627141505164,17.170664036029034,0.2753585113959818,0.3631422822397723,1.992716105712114,1.452966858318448,-0.3703327001685507,-1.4071204392033354,-1.5242613895749733,-1.554966772934717,-0.2092771768082927,0.4014934095059502,17.11186584512069,1.6796978023029023,-1.1977268601794626
0.0450435747706736,0.6231038982394973,0.3999602126196993,1.0960837863764934,0.3563875219276116,0.3679627057855121,0.1498178429772339,0.450627141505164,17.170664036029034,0.2753585113959818,0.3631422822397723,1.992716105712114,1.452966858318448,-0.3703327001685507,-1.4071204392033354,-1.5242613895749733,-1.554966772934717,-0.2092771768082927,0.4014934095059502,17.11186584512069,1.6796978023029023,-1.1977268601794626,-0.6636113183472309,-0.1408773411569523,-0.4088749162375866,0.028550743477555,1.0266562830646144,1.0209570252996054,-0.6942159638843792,0.4998291459363099,16.782740522491174,0.1707332213300131,0.3867491987969402
1.992716105712114,1.452966858318448,-0.3703327001685507,-1.4071204392033354,-1.5242613895749733,-1.554966772934717,-0.2092771768082927,0.4014934095059502,17.11186584512069,1.6796978023029023,-1.1977268601794626,-0.6636113183472309,-0.1408773411569523,-0.4088749162375866,0.028550743477555,1.0266562830646144,1.0209570252996054,-0.6942159638843792,0.4998291459363099,16.782740522491174,0.1707332213300131,0.3867491987969402,-0.2500799383514701,-0.8455081681735022,-0.1365470785802332,-0.0776672232441603,-0.0793641290449007,-0.0716315018836005,-0.2804699221153195,0.4304836419093779,16.65686718472117,-0.8105110907001711,-0.111461285606765
-0.6636113183472309,-0.1408773411569523,-0.4088749162375866,0.028550743477555,1.0266562830646144,1.0209570252996054,-0.6942159638843792,0.4998291459363099,16.782740522491174,0.1707332213300131,0.3867491987969402,-0.2500799383514701,-0.8455081681735022,-0.1365470785802332,-0.0776672232441603,-0.0793641290449007,-0.0716315018836005,-0.2804699221153195,0.4304836419093779,16.65686718472117,-0.8105110907001711,-0.111461285606765,0.7390239453943808,-0.0673177806805035,-0.56272033140197,-0.1019932649328714,-0.0201165142654984,-0.0125438495861892,0.2288016750490491,0.5977483104827201,16.70632671709958,0.2484567700986396,-0.1394401917449746
-0.2500799383514701,-0.8455081681735022,-0.1365470785802332,-0.0776672232441603,-0.0793641290449007,-0.0716315018836005,-0.2804699221153195,0.4304836419093779,16.65686718472117,-0.8105110907001711,-0.111461285606765,0.7390239453943808,-0.0673177806805035,-0.56272033140197,-0.1019932649328714,-0.0201165142654984,-0.0125438495861892,0.2288016750490491,0.5977483104827201,16.70632671709958,0.2484567700986396,-0.1394401917449746,-0.6095895650494937,-0.949505047969328,0.2683941743122015,-0.8439797628872645,-0.5070755993322161,-0.499750432391874,-0.0916110922028813,0.4441783306385247,16.675824001661343,-1.1288892370985402,0.0336613688907133
0.7390239453943808,-0.0673177806805035,-0.56272033140197,-0.1019932649328714,-0.0201165142654984,-0.0125438495861892,0.2288016750490491,0.5977483104827201,16.70632671709958,0.2484567700986396,-0.1394401917449746,-0.6095895650494937,-0.949505047969328,0.2683941743122015,-0.8439797628872645,-0.5070755993322161,-0.499750432391874,-0.0916110922028813,0.4441783306385247,16.675824001661343,-1.1288892370985402,0.0336613688907133,-0.0875203210685211,1.2795629537171462,1.0816364206742632,2.0986398496916547,1.8997870073352685,1.87347231961798,2.255428089332725,2.426535451761739,17.272237280951718,1.0541607567398747,1.9942330069251764
-0.6095895650494937,-0.949505047969328,0.2683941743122015,-0.8439797628872645,-0.5070755993322161,-0.499750432391874,-0.0916110922028813,0.4441783306385247,16.675824001661343,-1.1288892370985402,0.0336613688907133,-0.0875203210685211,1.2795629537171462,1.0816364206742632,2.0986398496916547,1.8997870073352685,1.87347231961798,2.255428089332725,2.426535451761739,17.272237280951718,1.0541607567398747,1.9942330069251764,0.6692731382519662,0.0988372645147188,1.91413583039489,0.0655316305012013,-1.2415856407254957,-1.2521268245694328,-0.59641756589363,1.2603863522074088,17.141373610676307,-0.802360425969116,-1.0080882596901448
-0.0875203210685211,1.2795629537171462,1.0816364206742632,2.0986398496916547,1.8997870073352685,1.87347231961798,2.255428089332725,2.426535451761739,17.272237280951718,1.0541607567398747,1.9942330069251764,0.6692731382519662,0.0988372645147188,1.91413583039489,0.0655316305012013,-1.2415856407254957,-1.2521268245694328,-0.59641756589363,1.2603863522074088,17.141373610676307,-0.802360425969116,-1.0080882596901448,1.2147456661805005,0.2257012150392323,-1.0488218342186015,-1.324435001228806,-0.9141944826878172,-0.9194497568307192,-0.6038902630278223,0.3798619419719951,17.008863466635447,0.7504426590216661,-0.8050441414750527
0.6692731382519662,0.0988372645147188,1.91413583039489,0.0655316305012013,-1.2415856407254957,-1.2521268245694328,-0.59641756589363,1.2603863522074088,17.141373610676307,-0.802360425969116,-1.0080882596901448,1.2147456661805005,0.2257012150392323,-1.0488218342186015,-1.324435001228806,-0.9141944826878172,-0.9194497568307192,-0.6038902630278223,0.3798619419719951,17.008863466635447,0.7504426590216661,-0.8050441414750527,-1.1830675310212249,-1.23945642388289,-0.6794834360861758,-0.4110156149228935,0.5870812030131464,0.5957909847878928,-0.7414578176857152,-0.5926968758514753,16.75588872423193,-0.9836794301361086,0.7731958654012044
1.2147456661805005,0.2257012150392323,-1.0488218342186015,-1.324435001228806,-0.9141944826878172,-0.9194497568307192,-0.6038902630278223,0.3798619419719951,17.008863466635447,0.7504426590216661,-0.8050441414750527,-1.1830675310212249,-1.23945642388289,-0.6794834360861758,-0.4110156149228935,0.5870812030131464,0.5957909847878928,-0.7414578176857152,-0.5926968758514753,16.75588872423193,-0.9836794301361086,0.7731958654012044,-0.0333772978900215,-0.6331544692906893,-2.2427117460677892,-1.8399773466979608,-1.1271920583934187,-1.1403415674958528,0.8834212874044287,0.5556183074532619,17.023042321588164,0.799554521229529,-1.4035608852673278
-1.1830675310212249,-1.23945642388289,-0.6794834360861758,-0.4110156149228935,0.5870812030131464,0.5957909847878928,-0.7414578176857152,-0.5926968758514753,16.75588872423193,-0.9836794301361086,0.7731958654012044,-0.0333772978900215,-0.6331544692906893,-2.2427117460677892,-1.8399773466979608,-1.1271920583934187,-1.1403415674958528,0.8834212874044287,0.5556183074532619,17.023042321588164,0.799554521229529,-1.4035608852673278,-1.9767897766549136,-2.165570117106669,-2.251181468699506,-1.9075231472569232,-0.5788795942305964,-0.576307020549259,-0.0659068997082659,0.5369367308368486,17.029896357739617,-0.2663250845934024,-0.7778854472141963
-0.0333772978900215,-0.6331544692906893,-2.2427117460677892,-1.8399773466979608,-1.1271920583934187,-1.1403415674958528,0.8834212874044287,0.5556183074532619,17.023042321588164,0.799554521229529,-1.4035608852673278,-1.9767897766549136,-2.165570117106669,-2.251181468699506,-1.9075231472569232,-0.5788795942305964,-0.576307020549259,-0.0659068997082659,0.5369367308368486,17.029896357739617,-0.2663250845934024,-0.7778854472141963,-2.0499541801326027,-2.07858225674512,-2.3742311069282036,-2.1103355567852606,-1.2621876704569956,-1.284645228212382,1.7389848409272566,2.154094836377918,17.617651753180215,1.1307993865807668,-1.3579088030785225
-1.9767897766549136,-2.165570117106669,-2.251181468699506,-1.9075231472569232,-0.5788795942305964,-0.576307020549259,-0.0659068997082659,0.5369367308368486,17.029896357739617,-0.2663250845934024,-0.7778854472141963,-2.0499541801326027,-2.07858225674512,-2.3742311069282036,-2.1103355567852606,-1.2621876704569956,-1.284645228212382,1.7389848409272566,2.154094836377918,17.617651753180215,1.1307993865807668,-1.3579088030785225,-1.9821325020365832,-1.874180431174116,-1.6652953544871727,-1.3396318428360587,0.9057060901983568,0.9137338027605124,-1.3000066885714487,-0.430682512018219,17.04084551763568,-0.579840853984576,0.5699180938873596
-2.0499541801326027,-2.07858225674512,-2.3742311069282036,-2.1103355567852606,-1.2621876704569956,-1.284645228212382,1.7389848409272566,2.154094836377918,17.617651753180215,1.1307993865807668,-1.3579088030785225,-1.9821325020365832,-1.874180431174116,-1.6652953544871727,-1.3396318428360587,0.9057060901983568,0.9137338027605124,-1.3000066885714487,-0.430682512018219,17.04084551763568,-0.579840853984576,0.5699180938873596,-1.4648414336462812,-1.1218225042393966,-0.916562563928018,-0.7377345094497936,0.917452853766599,0.9230905078884464,-0.4988960946482931,-0.8813536145439659,16.907688775189467,-0.6606959907014767,0.5349392299419375
-1.9821325020365832,-1.874180431174116,-1.6652953544871727,-1.3396318428360587,0.9057060901983568,0.9137338027605124,-1.3000066885714487,-0.430682512018219,17.04084551763568,-0.579840853984576,0.5699180938873596,-1.4648414336462812,-1.1218225042393966,-0.916562563928018,-0.7377345094497936,0.917452853766599,0.9230905078884464,-0.4988960946482931,-0.8813536145439659,16.907688775189467,-0.6606959907014767,0.5349392299419375,-0.644659033875584,-0.516314027058839,-0.4653480611273463,-0.4888646041439145,0.3726168537755132,0.3847671730871874,-0.3945578280097813,-1.1058366526430976,16.816628353526053,-0.243333623783498,0.4015849806075257
-1.4648414336462812,-1.1218225042393966,-0.916562563928018,-0.7377345094497936,0.917452853766599,0.9230905078884464,-0.4988960946482931,-0.8813536145439659,16.907688775189467,-0.6606959907014767,0.5349392299419375,-0.644659033875584,-0.516314027058839,-0.4653480611273463,-0.4888646041439145,0.3726168537755132,0.3847671730871874,-0.3945578280097813,-1.1058366526430976,16.816628353526053,-0.243333623783498,0.4015849806075257,-0.3737714458240668,0.0481210766231747,-0.103771855205625,0.421249749444796,1.375307886037587,1.3618579664515569,1.231175288292112,0.2601574814052358,17.23028209253747,0.4618828433463741,1.7661448002452858
-0.644659033875584,-0.516314027058839,-0.4653480611273463,-0.4888646041439145,0.3726168537755132,0.3847671730871874,-0.3945578280097813,-1.1058366526430976,16.816628353526053,-0.243333623783498,0.4015849806075257,-0.3737714458240668,0.0481210766231747,-0.103771855205625,0.421249749444796,1.375307886037587,1.3618579664515569,1.231175288292112,0.2601574814052358,17.23028209253747,0.4618828433463741,1.7661448002452858,0.4751843028164352,1.0997402262126266,1.0674384554814635,1.5269282071038035,1.332893991976063,1.31568177434286,-0.6559811920646504,-0.4167879917080632,16.997722439954657,0.3229989372252304,1.1779034840126257
-0.3737714458240668,0.0481210766231747,-0.103771855205625,0.421249749444796,1.375307886037587,1.3618579664515569,1.231175288292112,0.2601574814052358,17.23028209253747,0.4618828433463741,1.7661448002452858,0.4751843028164352,1.0997402262126266,1.0674384554814635,1.5269282071038035,1.332893991976063,1.31568177434286,-0.6559811920646504,-0.4167879917080632,16.997722439954657,0.3229989372252304,1.1779034840126257,1.37924240164049,1.1337052947003752,1.4605385467453422,1.254333674810118,-0.2390893806904984,-0.2260995030093534,-1.1140721997320746,-1.3845873976674763,16.408673601305253,-1.1157277572232398,-0.3746066283568631
0.4751843028164352,1.0997402262126266,1.0674384554814635,1.5269282071038035,1.332893991976063,1.31568177434286,-0.6559811920646504,-0.4167879917080632,16.997722439954657,0.3229989372252304,1.1779034840126257,1.37924240164049,1.1337052947003752,1.4605385467453422,1.254333674810118,-0.2390893806904984,-0.2260995030093534,-1.1140721997320746,-1.3845873976674763,16.408673601305253,-1.1157277572232398,-0.3746066283568631,0.9654756277652652,0.9758814471516544,0.9185488131365268,0.5461118843447323,-0.9417783746385044,-0.940299057712546,1.2486818488475682,-0.3874141065256789,16.9116762740618,0.2124101148351402,-0.501313527488648
1.37924240164049,1.1337052947003752,1.4605385467453422,1.254333674810118,-0.2390893806904984,-0.2260995030093534,-1.1140721997320746,-1.3845873976674763,16.408673601305253,-1.1157277572232398,-0.3746066283568631,0.9654756277652652,0.9758814471516544,0.9185488131365268,0.5461118843447323,-0.9417783746385044,-0.940299057712546,1.2486818488475682,-0.3874141065256789,16.9116762740618,0.2124101148351402,-0.501313527488648,-0.0355142351091205,-0.147840326601411,-0.3248788681849051,-0.6142041634324771,-1.3897754865773542,-1.4022577655984738,0.6494264532028479,0.5419525459767678,17.248142037417786,0.6759349753185138,-1.5532863346820294
0.9654756277652652,0.9758814471516544,0.9185488131365268,0.5461118843447323,-0.9417783746385044,-0.940299057712546,1.2486818488475682,-0.3874141065256789,16.9116762740618,0.2124101148351402,-0.501313527488648,-0.0355142351091205,-0.147840326601411,-0.3248788681849051,-0.6142041634324771,-1.3897754865773542,-1.4022577655984738,0.6494264532028479,0.5419525459767678,17.248142037417786,0.6759349753185138,-1.5532863346820294,-0.507537645073644,-0.7122157879925456,-0.6528247676151085,-0.6479841742511545,-0.0753381001672922,-0.0618468260119799,-0.3297157978860023,0.3074884545969501,17.19922265920671,-0.1529184693068451,-0.4219173677454611
-0.0355142351091205,-0.147840326601411,-0.3248788681849051,-0.6142041634324771,-1.3897754865773542,-1.4022577655984738,0.6494264532028479,0.5419525459767678,17.248142037417786,0.6759349753185138,-1.5532863346820294,-0.507537645073644,-0.7122157879925456,-0.6528247676151085,-0.6479841742511545,-0.0753381001672922,-0.0618468260119799,-0.3297157978860023,0.3074884545969501,17.19922265920671,-0.1529184693068451,-0.4219173677454611,-0.4394880300006707,-0.3377230284947552,-0.248161617229779,0.0327999884694781,0.9545536402554186,0.946551656306978,-0.4196087369486506,0.4153089146091827,17.030298077087735,-0.4573077576359717,0.7335346733556758
-0.507537645073644,-0.7122157879925456,-0.6528247676151085,-0.6479841742511545,-0.0753381001672922,-0.0618468260119799,-0.3297157978860023,0.3074884545969501,17.19922265920671,-0.1529184693068451,-0.4219173677454611,-0.4394880300006707,-0.3377230284947552,-0.248161617229779,0.0327999884694781,0.9545536402554186,0.946551656306978,-0.4196087369486506,0.4153089146091827,17.030298077087735,-0.4573077576359717,0.7335346733556758,0.0981652409565718,0.1321289415131108,0.3052610495803074,0.6479927777551643,0.6590572221799064,0.659514480656515,-0.9659528255437244,-1.0149192921753465,16.605877862954358,-0.6743657797700848,0.4928515819738553
-0.4394880300006707,-0.3377230284947552,-0.248161617229779,0.0327999884694781,0.9545536402554186,0.946551656306978,-0.4196087369486506,0.4153089146091827,17.030298077087735,-0.4573077576359717,0.7335346733556758,0.0981652409565718,0.1321289415131108,0.3052610495803074,0.6479927777551643,0.6590572221799064,0.659514480656515,-0.9659528255437244,-1.0149192921753465,16.605877862954358,-0.6743657797700848,0.4928515819738553,0.7980557044928632,0.2155914364601783,0.7590968695485268,0.3380061978018625,-0.369494575819048,-0.3569931281617645,-0.6359732897325495,-1.3666826088177273,16.334254949058785,-1.7804469260869906,-0.3999917238515329
0.0981652409565718,0.1321289415131108,0.3052610495803074,0.6479927777551643,0.6590572221799064,0.659514480656515,-0.9659528255437244,-1.0149192921753465,16.605877862954358,-0.6743657797700848,0.4928515819738553,0.7980557044928632,0.2155914364601783,0.7590968695485268,0.3380061978018625,-0.369494575819048,-0.3569931281617645,-0.6359732897325495,-1.3666826088177273,16.334254949058785,-1.7804469260869906,-0.3999917238515329,-0.0343545612875996,0.6569713571182341,0.3937715467695166,0.7715612537819586,0.4146923365776172,0.4217635114874177,0.2536207211423074,-0.9303208569587188,16.448693596236332,0.6501459177252353,0.5917178509910289
0.7980557044928632,0.2155914364601783,0.7590968695485268,0.3380061978018625,-0.369494575819048,-0.3569931281617645,-0.6359732897325495,-1.3666826088177273,16.334254949058785,-1.7804469260869906,-0.3999917238515329,-0.0343545612875996,0.6569713571182341,0.3937715467695166,0.7715612537819586,0.4146923365776172,0.4217635114874177,0.2536207211423074,-0.9303208569587188,16.448693596236332,0.6501459177252353,0.5917178509910289,0.6397554125985049,0.0930274510013803,0.666285669830915,0.1932088498598129,-0.5995304845342446,-0.5908123835394631,-0.2538978095530255,-0.8595690963162308,16.314484547132974,-1.5460533829652658,-0.8358168956474791
-0.0343545612875996,0.6569713571182341,0.3937715467695166,0.7715612537819586,0.4146923365776172,0.4217635114874177,0.2536207211423074,-0.9303208569587188,16.448693596236332,0.6501459177252353,0.5917178509910289,0.6397554125985049,0.0930274510013803,0.666285669830915,0.1932088498598129,-0.5995304845342446,-0.5908123835394631,-0.2538978095530255,-0.8595690963162308,16.314484547132974,-1.5460533829652658,-0.8358168956474791,0.5309514595757603,0.8894636261167369,1.0005419997674838,1.016185278158754,0.8695807764973724,0.86783420517467,0.9130089614928388,0.1571652142282179,16.60667572712668,-0.6936763953095244,1.098467021877128
0.6397554125985049,0.0930274510013803,0.666285669830915,0.1932088498598129,-0.5995304845342446,-0.5908123835394631,-0.2538978095530255,-0.8595690963162308,16.314484547132974,-1.5460533829652658,-0.8358168956474791,0.5309514595757603,0.8894636261167369,1.0005419997674838,1.016185278158754,0.8695807764973724,0.86783420517467,0.9130089614928388,0.1571652142282179,16.60667572712668,-0.6936763953095244,1.098467021877128,1.5856177000718426,1.3213051900304518,1.397108811664159,1.1600830022119992,0.136232403916523,0.1463374860973063,0.1950951273497515,0.3919837695430644,16.733659650893493,-0.7647239264679063,0.2803115841914975
0.5309514595757603,0.8894636261167369,1.0005419997674838,1.016185278158754,0.8695807764973724,0.86783420517467,0.9130089614928388,0.1571652142282179,16.60667572712668,-0.6936763953095244,1.098467021877128,1.5856177000718426,1.3213051900304518,1.397108811664159,1.1600830022119992,0.136232403916523,0.1463374860973063,0.1950951273497515,0.3919837695430644,16.733659650893493,-0.7647239264679063,0.2803115841914975,1.0438692804675214,1.6987883482723036,1.1163172520785591,1.7213499011394149,1.0607323663714143,1.0483128747265416,0.148930027749273,0.5933514181810761,16.781814072320756,1.3701155319870946,1.148489239004879
1.5856177000718426,1.3213051900304518,1.397108811664159,1.1600830022119992,0.136232403916523,0.1463374860973063,0.1950951273497515,0.3919837695430644,16.733659650893493,-0.7647239264679063,0.2803115841914975,1.0438692804675214,1.6987883482723036,1.1163172520785591,1.7213499011394149,1.0607323663714143,1.0483128747265416,0.148930027749273,0.5933514181810761,16.781814072320756,1.3701155319870946,1.148489239004879,1.8083872351667472,2.0685725610923056,1.7171610787451022,2.059235072474652,1.387233524786539,1.3751272667927226,2.1322104055449262,2.2952748251161177,17.30462726819214,1.7946766868447313,1.1671521235359863
1.0438692804675214,1.6987883482723036,1.1163172520785591,1.7213499011394149,1.0607323663714143,1.0483128747265416,0.148930027749273,0.5933514181810761,16.781814072320756,1.3701155319870946,1.148489239004879,1.8083872351667472,2.0685725610923056,1.7171610787451022,2.059235072474652,1.387233524786539,1.3751272667927226,2.1322104055449262,2.2952748251161177,17.30462726819214,1.7946766868447313,1.1671521235359863,2.0487451176393177,1.7038236300001972,1.9538625565734535,1.3691281958128818,-1.4673177214734014,-1.4757396294296272,-0.543668064952889,1.386649931484436,17.161723666511136,-0.047570175213903,-1.3566004418044733
1.8083872351667472,2.0685725610923056,1.7171610787451022,2.059235072474652,1.387233524786539,1.3751272667927226,2.1322104055449262,2.2952748251161177,17.30462726819214,1.7946766868447313,1.1671521235359863,2.0487451176393177,1.7038236300001972,1.9538625565734535,1.3691281958128818,-1.4673177214734014,-1.4757396294296272,-0.543668064952889,1.386649931484436,17.161723666511136,-0.047570175213903,-1.3566004418044733,1.4413088398261102,1.0180663837641073,1.221987257482969,0.8604042917242386,-1.0054987730523466,-1.007467396858159,-1.1419285704492763,0.0740352809771505,16.715502614261087,-0.1505937150440094,-1.0295496942834146
2.0487451176393177,1.7038236300001972,1.9538625565734535,1.3691281958128818,-1.4673177214734014,-1.4757396294296272,-0.543668064952889,1.386649931484436,17.161723666511136,-0.047570175213903,-1.3566004418044733,1.4413088398261102,1.0180663837641073,1.221987257482969,0.8604042917242386,-1.0054987730523466,-1.007467396858159,-1.1419285704492763,0.0740352809771505,16.715502614261087,-0.1505937150440094,-1.0295496942834146,0.9088682239394532,0.7923872006422804,1.2191606441910237,1.0183216856394797,0.2785317308986528,0.2872654538937286,1.1981685876564985,0.946136549695406,17.11762401820783,-0.9040493301048942,0.3946219271795678
1.4413088398261102,1.0180663837641073,1.221987257482969,0.8604042917242386,-1.0054987730523466,-1.007467396858159,-1.1419285704492763,0.0740352809771505,16.715502614261087,-0.1505937150440094,-1.0295496942834146,0.9088682239394532,0.7923872006422804,1.2191606441910237,1.0183216856394797,0.2785317308986528,0.2872654538937286,1.1981685876564985,0.946136549695406,17.11762401820783,-0.9040493301048942,0.3946219271795678,0.7906304720917677,0.4922581269213475,1.004139906320865,0.5658080148807825,-0.8672399732803397,-0.8676374445543023,-1.4284599465433343,-0.744541075098182,16.545517991637332,-1.253674720873737,-0.9541155296132916
0.9088682239394532,0.7923872006422804,1.2191606441910237,1.0183216856394797,0.2785317308986528,0.2872654538937286,1.1981685876564985,0.946136549695406,17.11762401820783,-0.9040493301048942,0.3946219271795678,0.7906304720917677,0.4922581269213475,1.004139906320865,0.5658080148807825,-0.8672399732803397,-0.8676374445543023,-1.4284599465433343,-0.744541075098182,16.545517991637332,-1.253674720873737,-0.9541155296132916,0.5862031231628557,0.2634442437352129,0.6390429358412265,0.281339111237537,-0.4909877103048992,-0.4867513892950859,0.7215656430220289,-0.1737151994838876,16.860128276862586,-0.7946803192527735,-0.2805884419781748
0.7906304720917677,0.4922581269213475,1.004139906320865,0.5658080148807825,-0.8672399732803397,-0.8676374445543023,-1.4284599465433343,-0.744541075098182,16.545517991637332,-1.253674720873737,-0.9541155296132916,0.5862031231628557,0.2634442437352129,0.6390429358412265,0.281339111237537,-0.4909877103048992,-0.4867513892950859,0.7215656430220289,-0.1737151994838876,16.860128276862586,-0.7946803192527735,-0.2805884419781748,1.154378127819146,0.7186269318108907,0.3224722168014764,0.1240984653358886,-0.3050560479079548,-0.2986424631900234,0.8329128599719406,0.7435750068585087,17.250755068483016,0.7757987984932901,0.1520728960016599
0.5862031231628557,0.2634442437352129,0.6390429358412265,0.281339111237537,-0.4909877103048992,-0.4867513892950859,0.7215656430220289,-0.1737151994838876,16.860128276862586,-0.7946803192527735,-0.2805884419781748,1.154378127819146,0.7186269318108907,0.3224722168014764,0.1240984653358886,-0.3050560479079548,-0.2986424631900234,0.8329128599719406,0.7435750068585087,17.250755068483016,0.7757987984932901,0.1520728960016599,0.2583971910483247,0.0680259945676016,0.6217082216139123,0.427145997472562,0.2539151323887306,0.2632209638546183,-1.2952801905856846,-1.2430668390629185,16.632714132735867,-0.8515227792343854,-0.0406049536705832
1.154378127819146,0.7186269318108907,0.3224722168014764,0.1240984653358886,-0.3050560479079548,-0.2986424631900234,0.8329128599719406,0.7435750068585087,17.250755068483016,0.7757987984932901,0.1520728960016599,0.2583971910483247,0.0680259945676016,0.6217082216139123,0.427145997472562,0.2539151323887306,0.2632209638546183,-1.2952801905856846,-1.2430668390629185,16.632714132735867,-0.8515227792343854,-0.0406049536705832,0.4407268681415947,-0.028883091040752,0.4991619829374097,0.5217796380059775,-0.1245011126263979,-0.1169491884011963,0.6150895137345987,-0.463948982994415,16.947476862473465,-0.6448482486851576,-0.0623735013009027
0.2583971910483247,0.0680259945676016,0.6217082216139123,0.427145997472562,0.2539151323887306,0.2632209638546183,-1.2952801905856846,-1.2430668390629185,16.632714132735867,-0.8515227792343854,-0.0406049536705832,0.4407268681415947,-0.028883091040752,0.4991619829374097,0.5217796380059775,-0.1245011126263979,-0.1169491884011963,0.6150895137345987,-0.463948982994415,16.947476862473465,-0.6448482486851576,-0.0623735013009027,-0.3758570151701191,-1.3921875991884174,-0.4365011574250456,-1.0368000683075889,-0.9351372546538332,-0.943709911044102,0.1254389077337251,-0.0762792821210122,17.106186015676943,-0.911166224635391,-0.6215529926283658
0.4407268681415947,-0.028883091040752,0.4991619829374097,0.5217796380059775,-0.1245011126263979,-0.1169491884011963,0.6150895137345987,-0.463948982994415,16.947476862473465,-0.6448482486851576,-0.0623735013009027,-0.3758570151701191,-1.3921875991884174,-0.4365011574250456,-1.0368000683075889,-0.9351372546538332,-0.943709911044102,0.1254389077337251,-0.0762792821210122,17.106186015676943,-0.911166224635391,-0.6215529926283658,-1.710214671409637,-1.8390344622011645,-2.2939810241328056,-2.2663685798364583,-1.2144428012931818,-1.2202862607231175,-0.5710811238097314,-0.4822426192068765,16.894112355364122,-0.014408042215354,-0.9415876651056948
-0.3758570151701191,-1.3921875991884174,-0.4365011574250456,-1.0368000683075889,-0.9351372546538332,-0.943709911044102,0.1254389077337251,-0.0762792821210122,17.106186015676943,-0.911166224635391,-0.6215529926283658,-1.710214671409637,-1.8390344622011645,-2.2939810241328056,-2.2663685798364583,-1.2144428012931818,-1.2202862607231175,-0.5710811238097314,-0.4822426192068765,16.894112355364122,-0.014408042215354,-0.9415876651056948,-2.013135793561388,-2.17855350220413,-2.577152076302903,-2.375562107717124,-1.5529858842310509,-1.5636117294709184,2.5211353938889034,2.6346520739145824,18.107215811806768,1.953535024988558,-2.0876205598694253
-1.710214671409637,-1.8390344622011645,-2.2939810241328056,-2.2663685798364583,-1.2144428012931818,-1.2202862607231175,-0.5710811238097314,-0.4822426192068765,16.894112355364122,-0.014408042215354,-0.9415876651056948,-2.013135793561388,-2.17855350220413,-2.577152076302903,-2.375562107717124,-1.5529858842310509,-1.5636117294709184,2.5211353938889034,2.6346520739145824,18.107215811806768,1.953535024988558,-2.0876205598694253,-1.7640721549991334,-1.8354874845846767,-1.8630321781347357,-1.8146236694806304,0.0243315853759214,0.03007646404559,-1.043915224084191,-0.4540078674010224,17.08424268323855,1.3556049143805111,-0.0873599139406022
-2.013135793561388,-2.17855350220413,-2.577152076302903,-2.375562107717124,-1.5529858842310509,-1.5636117294709184,2.5211353938889034,2.6346520739145824,18.107215811806768,1.953535024988558,-2.0876205598694253,-1.7640721549991334,-1.8354874845846767,-1.8630321781347357,-1.8146236694806304,0.0243315853759214,0.03007646404559,-1.043915224084191,-0.4540078674010224,17.08424268323855,1.3556049143805111,-0.0873599139406022,-2.023303853925486,-1.8418325788913068,-1.354396544741594,-1.238976089903844,1.0805403831154208,1.0773233793523616,-0.3650744027742169,-0.5346120756659415,16.953089599134213,-0.3165583479421951,0.8753420170163468
-1.7640721549991334,-1.8354874845846767,-1.8630321781347357,-1.8146236694806304,0.0243315853759214,0.03007646404559,-1.043915224084191,-0.4540078674010224,17.08424268323855,1.3556049143805111,-0.0873599139406022,-2.023303853925486,-1.8418325788913068,-1.354396544741594,-1.238976089903844,1.0805403831154208,1.0773233793523616,-0.3650744027742169,-0.5346120756659415,16.953089599134213,-0.3165583479421951,0.8753420170163468,-0.9956382048960908,0.7329703971774654,-0.3687815614310819,1.0359168024591563,2.495226716741069,2.475049414585934,0.1838485816290749,-0.098050131049004,17.31041079807856,1.883147015729109,2.326824270523666
-2.023303853925486,-1.8418325788913068,-1.354396544741594,-1.238976089903844,1.0805403831154208,1.0773233793523616,-0.3650744027742169,-0.5346120756659415,16.953089599134213,-0.3165583479421951,0.8753420170163468,-0.9956382048960908,0.7329703971774654,-0.3687815614310819,1.0359168024591563,2.495226716741069,2.475049414585934,0.1838485816290749,-0.098050131049004,17.31041079807856,1.883147015729109,2.326824270523666,1.1180693410257698,0.9006364965819834,0.8919942730759426,0.6747426066960549,-0.3801137620467704,-0.3776374368851547,-0.6881294485280947,-0.7893972938555525,16.819806111752417,-0.2374410518393906,-0.3830753314960125
-0.9956382048960908,0.7329703971774654,-0.3687815614310819,1.0359168024591563,2.495226716741069,2.475049414585934,0.1838485816290749,-0.098050131049004,17.31041079807856,1.883147015729109,2.326824270523666,1.1180693410257698,0.9006364965819834,0.8919942730759426,0.6747426066960549,-0.3801137620467704,-0.3776374368851547,-0.6881294485280947,-0.7893972938555525,16.819806111752417,-0.2374410518393906,-0.3830753314960125,0.8401240333596078,0.9956352984170525,1.0270260113965806,0.7653018229555614,0.1071729276190141,0.1197560115968685,-0.2999679939804591,-0.7317609404808767,16.69801819679781,-0.4600000440259438,0.2463560621426097
1.1180693410257698,0.9006364965819834,0.8919942730759426,0.6747426066960549,-0.3801137620467704,-0.3776374368851547,-0.6881294485280947,-0.7893972938555525,16.819806111752417,-0.2374410518393906,-0.3830753314960125,0.8401240333596078,0.9956352984170525,1.0270260113965806,0.7653018229555614,0.1071729276190141,0.1197560115968685,-0.2999679939804591,-0.7317609404808767,16.69801819679781,-0.4600000440259438,0.2463560621426097,0.8500894457585194,1.435317280375566,1.2278076114513168,1.4210496284185876,0.8472446708784747,0.8618595328645985,0.5662836482049375,-0.0794662855063889,17.252139463630655,0.0411054784997275,0.8926801484227643
0.8401240333596078,0.9956352984170525,1.0270260113965806,0.7653018229555614,0.1071729276190141,0.1197560115968685,-0.2999679939804591,-0.7317609404808767,16.69801819679781,-0.4600000440259438,0.2463560621426097,0.8500894457585194,1.435317280375566,1.2278076114513168,1.4210496284185876,0.8472446708784747,0.8618595328645985,0.5662836482049375,-0.0794662855063889,17.252139463630655,0.0411054784997275,0.8926801484227643,1.4452364206255175,1.5050042801386116,1.25812488453454,1.5583488747610683,0.4136770496186659,0.4281939019406826,-0.137205609692874,0.0364537181327975,17.366391542620264,0.3797495705399372,0.4073139947584962
0.8500894457585194,1.435317280375566,1.2278076114513168,1.4210496284185876,0.8472446708784747,0.8618595328645985,0.5662836482049375,-0.0794662855063889,17.252139463630655,0.0411054784997275,0.8926801484227643,1.4452364206255175,1.5050042801386116,1.25812488453454,1.5583488747610683,0.4136770496186659,0.4281939019406826,-0.137205609692874,0.0364537181327975,17.366391542620264,0.3797495705399372,0.4073139947584962,2.011788980319869,1.744758048080288,1.8558660177818975,1.6671584298175195,0.6318977893892157,0.6434849681657473,0.403820714992171,0.8498935134939614,17.8532318748829,-0.854533659259575,0.4612611645691321
1.4452364206255175,1.5050042801386116,1.25812488453454,1.5583488747610683,0.4136770496186659,0.4281939019406826,-0.137205609692874,0.0364537181327975,17.366391542620264,0.3797495705399372,0.4073139947584962,2.011788980319869,1.744758048080288,1.8558660177818975,1.6671584298175195,0.6318977893892157,0.6434849681657473,0.403820714992171,0.8498935134939614,17.8532318748829,-0.854533659259575,0.4612611645691321,2.516328824262582,2.5208249592672725,2.39402988164258,2.373451978477273,2.370723114316265,2.3385658683470227,0.2523987101550167,1.3392997414548424,18.30483209740841,1.311341390124683,2.4365855242906043
2.011788980319869,1.744758048080288,1.8558660177818975,1.6671584298175195,0.6318977893892157,0.6434849681657473,0.403820714992171,0.8498935134939614,17.8532318748829,-0.854533659259575,0.4612611645691321,2.516328824262582,2.5208249592672725,2.39402988164258,2.373451978477273,2.370723114316265,2.3385658683470227,0.2523987101550167,1.3392997414548424,18.30483209740841,1.311341390124683,2.4365855242906043,1.6714280360092133,1.81866069127188,1.8512293335473735,1.9465083111798205,0.1450361082886755,0.1654673491658931,-0.6741640510245408,1.0514746225450795,18.0597826235155,0.4496711550846046,0.2363987014230126
2.516328824262582,2.5208249592672725,2.39402988164258,2.373451978477273,2.370723114316265,2.3385658683470227,0.2523987101550167,1.3392997414548424,18.30483209740841,1.311341390124683,2.4365855242906043,1.6714280360092133,1.81866069127188,1.8512293335473735,1.9465083111798205,0.1450361082886755,0.1654673491658931,-0.6741640510245408,1.0514746225450795,18.0597826235155,0.4496711550846046,0.2363987014230126,1.7705544637437332,1.7713997849751104,1.8247746711661903,1.8526979051604304,0.5368102597852871,0.5593261299155824,0.1663006915482794,1.0965896366010357,18.28746931156368,0.2761712428980465,0.4444815612597567
1.6714280360092133,1.81866069127188,1.8512293335473735,1.9465083111798205,0.1450361082886755,0.1654673491658931,-0.6741640510245408,1.0514746225450795,18.0597826235155,0.4496711550846046,0.2363987014230126,1.7705544637437332,1.7713997849751104,1.8247746711661903,1.8526979051604304,0.5368102597852871,0.5593261299155824,0.1663006915482794,1.0965896366010357,18.28746931156368,0.2761712428980465,0.4444815612597567,1.5448934881678331,1.4385367598578258,1.4601232551821417,1.3534778556222673,-1.1387288894820713,-1.1692256575802795,-0.5450552961626026,0.514976347797895,18.279082628342447,0.2357509688583332,-1.1468789214077957
1.7705544637437332,1.7713997849751104,1.8247746711661903,1.8526979051604304,0.5368102597852871,0.5593261299155824,0.1663006915482794,1.0965896366010357,18.28746931156368,0.2761712428980465,0.4444815612597567,1.5448934881678331,1.4385367598578258,1.4601232551821417,1.3534778556222673,-1.1387288894820713,-1.1692256575802795,-0.5450552961626026,0.514976347797895,18.279082628342447,0.2357509688583332,-1.1468789214077957,1.105796803025867,0.9683376639873016,0.9025173138890346,0.787766414117956,-1.3434547185447383,-1.3921808191374605,-0.8873762156425166,-0.3320137241056509,18.037324440104182,1.3304306762954483,-1.2739789574040992
1.5448934881678331,1.4385367598578258,1.4601232551821417,1.3534778556222673,-1.1387288894820713,-1.1692256575802795,-0.5450552961626026,0.514976347797895,18.279082628342447,0.2357509688583332,-1.1468789214077957,1.105796803025867,0.9683376639873016,0.9025173138890346,0.787766414117956,-1.3434547185447383,-1.3921808191374605,-0.8873762156425166,-0.3320137241056509,18.037324440104182,1.3304306762954483,-1.2739789574040992,0.3852183723773211,0.3465354402849301,0.347831538778389,0.2168145630929159,-1.2865944581601465,-1.3266976177540115,0.6762341694100797,0.1829785644099177,18.420670753902463,0.2727123158492689,-1.2525230812409789
1.105796803025867,0.9683376639873016,0.9025173138890346,0.787766414117956,-1.3434547185447383,-1.3921808191374605,-0.8873762156425166,-0.3320137241056509,18.037324440104182,1.3304306762954483,-1.2739789574040992,0.3852183723773211,0.3465354402849301,0.347831538778389,0.2168145630929159,-1.2865944581601465,-1.3266976177540115,0.6762341694100797,0.1829785644099177,18.420670753902463,0.2727123158492689,-1.2525230812409789,-0.0377384105985993,-0.0783786872872201,-0.1518256605101033,-0.3287681995325921,-0.9984002313459516,-1.0183556906666211,-1.5075412199336389,-1.5199810571737682,17.885818559430263,0.7432669483452748,-0.9382616845826668
0.3852183723773211,0.3465354402849301,0.347831538778389,0.2168145630929159,-1.2865944581601465,-1.3266976177540115,0.6762341694100797,0.1829785644099177,18.420670753902463,0.2727123158492689,-1.2525230812409789,-0.0377384105985993,-0.0783786872872201,-0.1518256605101033,-0.3287681995325921,-0.9984002313459516,-1.0183556906666211,-1.5075412199336389,-1.5199810571737682,17.885818559430263,0.7432669483452748,-0.9382616845826668,-0.5165464941005,-0.6253869284090695,-0.5272574161495965,-0.5849160457984324,-0.3505259951811943,-0.3382546838563237,-0.4080787675739134,-1.4714222116951317,17.855222942135843,-1.1478014281386704,-0.4027639262095752
-0.0377384105985993,-0.0783786872872201,-0.1518256605101033,-0.3287681995325921,-0.9984002313459516,-1.0183556906666211,-1.5075412199336389,-1.5199810571737682,17.885818559430263,0.7432669483452748,-0.9382616845826668,-0.5165464941005,-0.6253869284090695,-0.5272574161495965,-0.5849160457984324,-0.3505259951811943,-0.3382546838563237,-0.4080787675739134,-1.4714222116951317,17.855222942135843,-1.1478014281386704,-0.4027639262095752,-0.8173538847057783,-0.7878876736427507,-0.722889644204421,-0.7071824362951338,-0.0582780600523613,-0.0369524278021176,-0.7233101168622167,-1.503501309253904,17.65451117716163,-0.8823936030772394,-0.0538747170265882
-0.5165464941005,-0.6253869284090695,-0.5272574161495965,-0.5849160457984324,-0.3505259951811943,-0.3382546838563237,-0.4080787675739134,-1.4714222116951317,17.855222942135843,-1.1478014281386704,-0.4027639262095752,-0.8173538847057783,-0.7878876736427507,-0.722889644204421,-0.7071824362951338,-0.0582780600523613,-0.0369524278021176,-0.7233101168622167,-1.503501309253904,17.65451117716163,-0.8823936030772394,-0.0538747170265882,-1.1349637019073548,-1.192464361045648,-1.0156928450998572,-0.9851897581400388,-0.2098039990300875,-0.1936754163343654,-0.925239877649252,-1.433965773109558,17.270217142075264,-1.6307268704627644,-0.2123942415236679
-0.8173538847057783,-0.7878876736427507,-0.722889644204421,-0.7071824362951338,-0.0582780600523613,-0.0369524278021176,-0.7233101168622167,-1.503501309253904,17.65451117716163,-0.8823936030772394,-0.0538747170265882,-1.1349637019073548,-1.192464361045648,-1.0156928450998572,-0.9851897581400388,-0.2098039990300875,-0.1936754163343654,-0.925239877649252,-1.433965773109558,17.270217142075264,-1.6307268704627644,-0.2123942415236679,-0.9188189764668816,-0.7065294370060898,-0.7315587061748249,-0.6807455013937365,0.4910411041803321,0.5040687689176087,2.371018612029862,-0.3111169879885965,18.05506597285816,-0.2216055099195102,0.6763439302806946
-1.1349637019073548,-1.192464361045648,-1.0156928450998572,-0.9851897581400388,-0.2098039990300875,-0.1936754163343654,-0.925239877649252,-1.433965773109558,17.270217142075264,-1.6307268704627644,-0.2123942415236679,-0.9188189764668816,-0.7065294370060898,-0.7315587061748249,-0.6807455013937365,0.4910411041803321,0.5040687689176087,2.371018612029862,-0.3111169879885965,18.05506597285816,-0.2216055099195102,0.6763439302806946,-0.6892883419569944,-0.5044478022302429,-0.5381233525842207,-0.2116302877187527,0.8804854306575742,0.887207994792847,-0.7322070161085942,-0.7396036909542986,17.678826416776936,-0.029988134413985,0.8881845259467428
-0.9188189764668816,-0.7065294370060898,-0.7315587061748249,-0.6807455013937365,0.4910411041803321,0.5040687689176087,2.371018612029862,-0.3111169879885965,18.05506597285816,-0.2216055099195102,0.6763439302806946,-0.6892883419569944,-0.5044478022302429,-0.5381233525842207,-0.2116302877187527,0.8804854306575742,0.887207994792847,-0.7322070161085942,-0.7396036909542986,17.678826416776936,-0.029988134413985,0.8881845259467428,-0.2165032713189798,-0.2427685820673712,-0.0323872221780959,0.1980480067955903,0.8309795423855877,0.8304161591267665,-0.6138862323782962,-0.9855105607688218,17.2979499586078,-1.2320291434483177,0.6342825825816617
-0.6892883419569944,-0.5044478022302429,-0.5381233525842207,-0.2116302877187527,0.8804854306575742,0.887207994792847,-0.7322070161085942,-0.7396036909542986,17.678826416776936,-0.029988134413985,0.8881845259467428,-0.2165032713189798,-0.2427685820673712,-0.0323872221780959,0.1980480067955903,0.8309795423855877,0.8304161591267665,-0.6138862323782962,-0.9855105607688218,17.2979499586078,-1.2320291434483177,0.6342825825816617,0.4145891790325746,1.0029435587987428,1.04631114831642,1.6468260846527418,1.6411842261452732,1.6138759391147204,0.4371371659773251,-0.3953586181192032,17.503239375349597,0.5923730493198269,1.6149909526127653
-0.2165032713189798,-0.2427685820673712,-0.0323872221780959,0.1980480067955903,0.8309795423855877,0.8304161591267665,-0.6138862323782962,-0.9855105607688218,17.2979499586078,-1.2320291434483177,0.6342825825816617,0.4145891790325746,1.0029435587987428,1.04631114831642,1.6468260846527418,1.6411842261452732,1.6138759391147204,0.4371371659773251,-0.3953586181192032,17.503239375349597,0.5923730493198269,1.6149909526127653,2.1880169941877448,1.8753457929164972,1.9067146048438453,1.3329444430788515,-0.5252199268973821,-0.515811106318733,0.1780215014431466,0.1178490406583335,17.627492231316527,1.030237799778693,-0.7066387510922096
0.4145891790325746,1.0029435587987428,1.04631114831642,1.6468260846527418,1.6411842261452732,1.6138759391147204,0.4371371659773251,-0.3953586181192032,17.503239375349597,0.5923730493198269,1.6149909526127653,2.1880169941877448,1.8753457929164972,1.9067146048438453,1.3329444430788515,-0.5252199268973821,-0.515811106318733,0.1780215014431466,0.1178490406583335,17.627492231316527,1.030237799778693,-0.7066387510922096,1.170779093111585,1.459372230168644,1.667642706946363,1.631780188826542,0.8526911200446573,0.8520946188828196,-0.3654701404059665,0.2462950731602354,17.410024413516528,-0.2465557949435128,0.928467953110146
2.1880169941877448,1.8753457929164972,1.9067146048438453,1.3329444430788515,-0.5252199268973821,-0.515811106318733,0.1780215014431466,0.1178490406583335,17.627492231316527,1.030237799778693,-0.7066387510922096,1.170779093111585,1.459372230168644,1.667642706946363,1.631780188826542,0.8526911200446573,0.8520946188828196,-0.3654701404059665,0.2462950731602354,17.410024413516528,-0.2465557949435128,0.928467953110146,1.5810437601102183,1.3353683470267212,1.3155440080436342,1.1521449172306768,-0.8891093957590174,-0.8919253341874798,0.0333781757245791,0.666714192695551,17.447872595696666,0.9963885192641432,-0.7897491517835296
1.170779093111585,1.459372230168644,1.667642706946363,1.631780188826542,0.8526911200446573,0.8520946188828196,-0.3654701404059665,0.2462950731602354,17.410024413516528,-0.2465557949435128,0.928467953110146,1.5810437601102183,1.3353683470267212,1.3155440080436342,1.1521449172306768,-0.8891093957590174,-0.8919253341874798,0.0333781757245791,0.666714192695551,17.447872595696666,0.9963885192641432,-0.7897491517835296,1.1437310984105329,1.0409776748233803,1.3323753154770253,1.0896162643269334,-0.204654529587879,-0.1981173252634503,0.1132843331649297,1.1344161364594445,17.530885900228476,-1.1484843584215645,-0.6159949080053851
1.5810437601102183,1.3353683470267212,1.3155440080436342,1.1521449172306768,-0.8891093957590174,-0.8919253341874798,0.0333781757245791,0.666714192695551,17.447872595696666,0.9963885192641432,-0.7897491517835296,1.1437310984105329,1.0409776748233803,1.3323753154770253,1.0896162643269334,-0.204654529587879,-0.1981173252634503,0.1132843331649297,1.1344161364594445,17.530885900228476,-1.1484843584215645,-0.6159949080053851,1.1455758832685805,0.8363064635361656,0.2593010420341044,0.3520277936347115,-1.477693936685904,-1.4937394207137369,0.3648138135871034,1.7025933678811105,17.74784588430215,2.173298754636802,-1.0024854173245057
1.1437310984105329,1.0409776748233803,1.3323753154770253,1.0896162643269334,-0.204654529587879,-0.1981173252634503,0.1132843331649297,1.1344161364594445,17.530885900228476,-1.1484843584215645,-0.6159949080053851,1.1455758832685805,0.8363064635361656,0.2593010420341044,0.3520277936347115,-1.477693936685904,-1.4937394207137369,0.3648138135871034,1.7025933678811105,17.74784588430215,2.173298754636802,-1.0024854173245057,0.2469786605299456,0.0602145807374459,0.516090072578233,0.0841025742815321,-0.5162011147048297,-0.511004812148802,-1.0251887604850805,-0.7153667354011931,17.231695102272166,-1.241980589144407,-0.7077035334084335
1.1455758832685805,0.8363064635361656,0.2593010420341044,0.3520277936347115,-1.477693936685904,-1.4937394207137369,0.3648138135871034,1.7025933678811105,17.74784588430215,2.173298754636802,-1.0024854173245057,0.2469786605299456,0.0602145807374459,0.516090072578233,0.0841025742815321,-0.5162011147048297,-0.511004812148802,-1.0251887604850805,-0.7153667354011931,17.231695102272166,-1.241980589144407,-0.7077035334084335,-0.1091915264259577,0.0631831587154859,0.3927449152541391,0.1897729745025368,0.0612894510560367,0.0702324112030769,-0.6941622420717725,-1.071291097575775,16.95097003415957,-0.7186742659765687,0.0802157163223816
0.2469786605299456,0.0602145807374459,0.516090072578233,0.0841025742815321,-0.5162011147048297,-0.511004812148802,-1.0251887604850805,-0.7153667354011931,17.231695102272166,-1.241980589144407,-0.7077035334084335,-0.1091915264259577,0.0631831587154859,0.3927449152541391,0.1897729745025368,0.0612894510560367,0.0702324112030769,-0.6941622420717725,-1.071291097575775,16.95097003415957,-0.7186742659765687,0.0802157163223816,0.1642922727308297,-0.359734858430145,-0.663542750408998,-0.7084080523638169,-0.7721081767623763,-0.7740519698926778,0.0596307205175692,-0.859613891338884,16.917623371774074,0.4222499389198609,-0.9705554247255294
-0.1091915264259577,0.0631831587154859,0.3927449152541391,0.1897729745025368,0.0612894510560367,0.0702324112030769,-0.6941622420717725,-1.071291097575775,16.95097003415957,-0.7186742659765687,0.0802157163223816,0.1642922727308297,-0.359734858430145,-0.663542750408998,-0.7084080523638169,-0.7721081767623763,-0.7740519698926778,0.0596307205175692,-0.859613891338884,16.917623371774074,0.4222499389198609,-0.9705554247255294,-2.0863012659912825,-2.573653002392096,-2.5734320287244663,-2.6703127306969563,-2.266838015314017,-2.3052596771874843,2.3449820391135257,1.58061798702151,17.584665023536363,0.9111551606697226,-2.1007669896922234
0.1642922727308297,-0.359734858430145,-0.663542750408998,-0.7084080523638169,-0.7721081767623763,-0.7740519698926778,0.0596307205175692,-0.859613891338884,16.917623371774074,0.4222499389198609,-0.9705554247255294,-2.0863012659912825,-2.573653002392096,-2.5734320287244663,-2.6703127306969563,-2.266838015314017,-2.3052596771874843,2.3449820391135257,1.58061798702151,17.584665023536363,0.9111551606697226,-2.1007669896922234,-2.0203959634426845,-1.929194675220016,-1.9519497585009224,-1.4058771299888289,1.1908099645959942,1.16126663424043,-0.4541704655855917,0.7438864219358147,17.452399132329298,1.0129815791528378,1.6052792289953854
-2.0863012659912825,-2.573653002392096,-2.5734320287244663,-2.6703127306969563,-2.266838015314017,-2.3052596771874843,2.3449820391135257,1.58061798702151,17.584665023536363,0.9111551606697226,-2.1007669896922234,-2.0203959634426845,-1.929194675220016,-1.9519497585009224,-1.4058771299888289,1.1908099645959942,1.16126663424043,-0.4541704655855917,0.7438864219358147,17.452399132329298,1.0129815791528378,1.6052792289953854,-1.2129520397247229,-1.200371242187069,-1.164214451232496,-1.4710127144853442,-0.4029342897000617,-0.3841723567119938,-0.7986669238626872,-0.5289806847359997,17.085440686664057,0.4983395136646793,-0.229834557614477
-2.0203959634426845,-1.929194675220016,-1.9519497585009224,-1.4058771299888289,1.1908099645959942,1.16126663424043,-0.4541704655855917,0.7438864219358147,17.452399132329298,1.0129815791528378,1.6052792289953854,-1.2129520397247229,-1.200371242187069,-1.164214451232496,-1.4710127144853442,-0.4029342897000617,-0.3841723567119938,-0.7986669238626872,-0.5289806847359997,17.085440686664057,0.4983395136646793,-0.229834557614477,-1.1895621367342168,-1.0961308044050264,-0.8610164660347601,-0.7733890330761319,1.0283083499168046,1.0076878424876976,0.1716215563715382,-0.1342895481156893,17.176347678768558,-0.4310368095662087,0.7808844054576077
-1.2129520397247229,-1.200371242187069,-1.164214451232496,-1.4710127144853442,-0.4029342897000617,-0.3841723567119938,-0.7986669238626872,-0.5289806847359997,17.085440686664057,0.4983395136646793,-0.229834557614477,-1.1895621367342168,-1.0961308044050264,-0.8610164660347601,-0.7733890330761319,1.0283083499168046,1.0076878424876976,0.1716215563715382,-0.1342895481156893,17.176347678768558,-0.4310368095662087,0.7808844054576077,-0.956631002158024,-0.5829423586331807,-0.4436898005549226,-0.2596043673403466,0.7038933388819767,0.6964920388569418,-0.6463917419715498,-0.8593340226652388,16.886823336819837,-0.2532250979370272,0.8539326576942404
-1.1895621367342168,-1.0961308044050264,-0.8610164660347601,-0.7733890330761319,1.0283083499168046,1.0076878424876976,0.1716215563715382,-0.1342895481156893,17.176347678768558,-0.4310368095662087,0.7808844054576077,-0.956631002158024,-0.5829423586331807,-0.4436898005549226,-0.2596043673403466,0.7038933388819767,0.6964920388569418,-0.6463917419715498,-0.8593340226652388,16.886823336819837,-0.2532250979370272,0.8539326576942404,-0.7906780545761656,-1.0223402872832312,-1.4420775328111728,-1.676138579524289,-1.6435230677176995,-1.6548215892252172,1.4540980628708555,1.1845926955898407,17.430813464078273,1.8193569200328816,-1.3811390917492294
-0.956631002158024,-0.5829423586331807,-0.4436898005549226,-0.2596043673403466,0.7038933388819767,0.6964920388569418,-0.6463917419715498,-0.8593340226652388,16.886823336819837,-0.2532250979370272,0.8539326576942404,-0.7906780545761656,-1.0223402872832312,-1.4420775328111728,-1.676138579524289,-1.6435230677176995,-1.6548215892252172,1.4540980628708555,1.1845926955898407,17.430813464078273,1.8193569200328816,-1.3811390917492294,-1.7859798067750223,-1.8255242888933183,-1.6740388186387618,-1.5195195951083424,-0.030111502159597,-0.0122782373939645,-0.4248807893804492,0.7573416789561608,17.245363453767187,0.9660678296635736,0.0219066548731811
-0.7906780545761656,-1.0223402872832312,-1.4420775328111728,-1.676138579524289,-1.6435230677176995,-1.6548215892252172,1.4540980628708555,1.1845926955898407,17.430813464078273,1.8193569200328816,-1.3811390917492294,-1.7859798067750223,-1.8255242888933183,-1.6740388186387618,-1.5195195951083424,-0.030111502159597,-0.0122782373939645,-0.4248807893804492,0.7573416789561608,17.245363453767187,0.9660678296635736,0.0219066548731811,-1.187822343318886,-1.443121192543156,-0.9281366313334708,-1.0010582731793394,0.6839897164565341,0.6808349698408039,-0.7987807889509396,-0.6480334968625516,16.85238002435831,-1.2561012321335927,0.4052229433906154
-1.7859798067750223,-1.8255242888933183,-1.6740388186387618,-1.5195195951083424,-0.030111502159597,-0.0122782373939645,-0.4248807893804492,0.7573416789561608,17.245363453767187,0.9660678296635736,0.0219066548731811,-1.187822343318886,-1.443121192543156,-0.9281366313334708,-1.0010582731793394,0.6839897164565341,0.6808349698408039,-0.7987807889509396,-0.6480334968625516,16.85238002435831,-1.2561012321335927,0.4052229433906154,-1.1846597861424255,-1.0554147679482309,-0.9054008200443971,-1.0299970383482904,0.0817356663672755,0.0978719490649908,-0.5363381521159524,-1.2259133274854788,16.62646632379668,-0.3102910966838811,-0.020775284383564
-1.187822343318886,-1.443121192543156,-0.9281366313334708,-1.0010582731793394,0.6839897164565341,0.6808349698408039,-0.7987807889509396,-0.6480334968625516,16.85238002435831,-1.2561012321335927,0.4052229433906154,-1.1846597861424255,-1.0554147679482309,-0.9054008200443971,-1.0299970383482904,0.0817356663672755,0.0978719490649908,-0.5363381521159524,-1.2259133274854788,16.62646632379668,-0.3102910966838811,-0.020775284383564,-0.9481894386777174,-1.2150939367666906,-1.6458405009828436,-1.730395685627686,-0.728924282638904,-0.7134796822383537,1.4488175871672284,0.7347670192309306,17.252792361550814,1.6094012283788677,-0.8639481521458129
-1.1846597861424255,-1.0554147679482309,-0.9054008200443971,-1.0299970383482904,0.0817356663672755,0.0978719490649908,-0.5363381521159524,-1.2259133274854788,16.62646632379668,-0.3102910966838811,-0.020775284383564,-0.9481894386777174,-1.2150939367666906,-1.6458405009828436,-1.730395685627686,-0.728924282638904,-0.7134796822383537,1.4488175871672284,0.7347670192309306,17.252792361550814,1.6094012283788677,-0.8639481521458129,-1.1166558981012698,0.4457027451895685,-0.1654835893665372,0.868079242232092,2.2128577595929944,2.1498753712457885,0.8833544102829697,2.117329289635404,17.640394927396617,1.196704768267913,2.261538590552268
-0.9481894386777174,-1.2150939367666906,-1.6458405009828436,-1.730395685627686,-0.728924282638904,-0.7134796822383537,1.4488175871672284,0.7347670192309306,17.252792361550814,1.6094012283788677,-0.8639481521458129,-1.1166558981012698,0.4457027451895685,-0.1654835893665372,0.868079242232092,2.2128577595929944,2.1498753712457885,0.8833544102829697,2.117329289635404,17.640394927396617,1.196704768267913,2.261538590552268,0.3074312659624043,-0.0089669594313519,-0.8852117156903884,-0.9757428570438026,-1.335791862714312,-1.3881787111631478,-0.4448285877949438,1.206315121855765,17.512358206528976,1.688778743588034,-1.369734563139222
-1.1166558981012698,0.4457027451895685,-0.1654835893665372,0.868079242232092,2.2128577595929944,2.1498753712457885,0.8833544102829697,2.117329289635404,17.640394927396617,1.196704768267913,2.261538590552268,0.3074312659624043,-0.0089669594313519,-0.8852117156903884,-0.9757428570438026,-1.335791862714312,-1.3881787111631478,-0.4448285877949438,1.206315121855765,17.512358206528976,1.688778743588034,-1.369734563139222,-2.137585918770938,-1.9605985903981484,-1.5733609115739111,-1.163687524608907,-0.2457214927503003,-0.2254810967308523,-0.5882758521443456,0.3176004832266363,17.334366552727833,-0.5234140607616466,0.0255171282159843
0.3074312659624043,-0.0089669594313519,-0.8852117156903884,-0.9757428570438026,-1.335791862714312,-1.3881787111631478,-0.4448285877949438,1.206315121855765,17.512358206528976,1.688778743588034,-1.369734563139222,-2.137585918770938,-1.9605985903981484,-1.5733609115739111,-1.163687524608907,-0.2457214927503003,-0.2254810967308523,-0.5882758521443456,0.3176004832266363,17.334366552727833,-0.5234140607616466,0.0255171282159843,-2.326144635738187,-1.4996951977332398,-2.155306588550375,-1.1552934417837677,-0.0189280837815016,0.0064711424146065,0.2700352725934803,0.784233157783129,17.536598238387377,2.223160065289751,0.4558030223373348
-2.137585918770938,-1.9605985903981484,-1.5733609115739111,-1.163687524608907,-0.2457214927503003,-0.2254810967308523,-0.5882758521443456,0.3176004832266363,17.334366552727833,-0.5234140607616466,0.0255171282159843,-2.326144635738187,-1.4996951977332398,-2.155306588550375,-1.1552934417837677,-0.0189280837815016,0.0064711424146065,0.2700352725934803,0.784233157783129,17.536598238387377,2.223160065289751,0.4558030223373348,-0.8320593447432874,-0.8178652163601362,-0.6015320978552423,-0.7931914271949463,0.426904283067278,0.4573238288095673,-1.085245538871651,-0.9647930996527584,17.024388611254015,-0.1019753884511577,0.1737018721761609
-2.326144635738187,-1.4996951977332398,-2.155306588550375,-1.1552934417837677,-0.0189280837815016,0.0064711424146065,0.2700352725934803,0.784233157783129,17.536598238387377,2.223160065289751,0.4558030223373348,-0.8320593447432874,-0.8178652163601362,-0.6015320978552423,-0.7931914271949463,0.426904283067278,0.4573238288095673,-1.085245538871651,-0.9647930996527584,17.024388611254015,-0.1019753884511577,0.1737018721761609,0.0238521853508952,-0.4686541252431755,-1.0073550256214794,-1.596097881037882,-0.8064978051548511,-0.8220156471797275,0.408148508781232,-0.3082174751647284,17.20833300085791,1.1293054941918104,-0.8633193625650311
-0.8320593447432874,-0.8178652163601362,-0.6015320978552423,-0.7931914271949463,0.426904283067278,0.4573238288095673,-1.085245538871651,-0.9647930996527584,17.024388611254015,-0.1019753884511577,0.1737018721761609,0.0238521853508952,-0.4686541252431755,-1.0073550256214794,-1.596097881037882,-0.8064978051548511,-0.8220156471797275,0.408148508781232,-0.3082174751647284,17.20833300085791,1.1293054941918104,-0.8633193625650311,-0.7000957854151924,-0.994541622109582,-0.5364240859133619,-0.1140807464927197,1.1736914713051092,1.1796545805265504,-0.3075738593122827,-0.454112241155427,17.132717485958747,-0.3640202861051557,0.9259594101966386
0.0238521853508952,-0.4686541252431755,-1.0073550256214794,-1.596097881037882,-0.8064978051548511,-0.8220156471797275,0.408148508781232,-0.3082174751647284,17.20833300085791,1.1293054941918104,-0.8633193625650311,-0.7000957854151924,-0.994541622109582,-0.5364240859133619,-0.1140807464927197,1.1736914713051092,1.1796545805265504,-0.3075738593122827,-0.454112241155427,17.132717485958747,-0.3640202861051557,0.9259594101966386,-0.237813233368219,-0.3358998805725423,0.3727024913124449,0.3310520420680294,0.2995288179851099,0.3285095200799392,-0.9593961524327652,-1.298113902064709,16.72996232892591,-1.0553284690251434,0.2268931656908366
-0.7000957854151924,-0.994541622109582,-0.5364240859133619,-0.1140807464927197,1.1736914713051092,1.1796545805265504,-0.3075738593122827,-0.454112241155427,17.132717485958747,-0.3640202861051557,0.9259594101966386,-0.237813233368219,-0.3358998805725423,0.3727024913124449,0.3310520420680294,0.2995288179851099,0.3285095200799392,-0.9593961524327652,-1.298113902064709,16.72996232892591,-1.0553284690251434,0.2268931656908366,0.300293640101161,0.0157547615728383,0.790555142024795,0.4189560011364446,0.0320477469208383,0.059269019290348,-0.2592746194322169,-1.362475739019108,16.693500476284424,-1.17340685284352,-0.0041955997732727
-0.237813233368219,-0.3358998805725423,0.3727024913124449,0.3310520420680294,0.2995288179851099,0.3285095200799392,-0.9593961524327652,-1.298113902064709,16.72996232892591,-1.0553284690251434,0.2268931656908366,0.300293640101161,0.0157547615728383,0.790555142024795,0.4189560011364446,0.0320477469208383,0.059269019290348,-0.2592746194322169,-1.362475739019108,16.693500476284424,-1.17340685284352,-0.0041955997732727,0.7815613360783127,0.8890206278370679,1.1358925634302384,1.2804147562079988,0.6841573757644681,0.699626114648647,0.8620394372032485,-0.7413356396471539,16.90898645718099,-0.7039227185125583,0.4987402525834727
0.300293640101161,0.0157547615728383,0.790555142024795,0.4189560011364446,0.0320477469208383,0.059269019290348,-0.2592746194322169,-1.362475739019108,16.693500476284424,-1.17340685284352,-0.0041955997732727,0.7815613360783127,0.8890206278370679,1.1358925634302384,1.2804147562079988,0.6841573757644681,0.699626114648647,0.8620394372032485,-0.7413356396471539,16.90898645718099,-0.7039227185125583,0.4987402525834727,1.3941098859020984,1.6495400805535785,1.6488504728271005,1.690081205803824,0.2358311131727238,0.2530996649152272,-0.1372977997851617,-0.6049941369767488,16.820410727636325,-0.8179153184296419,0.1661830980959218
0.7815613360783127,0.8890206278370679,1.1358925634302384,1.2804147562079988,0.6841573757644681,0.699626114648647,0.8620394372032485,-0.7413356396471539,16.90898645718099,-0.7039227185125583,0.4987402525834727,1.3941098859020984,1.6495400805535785,1.6488504728271005,1.690081205803824,0.2358311131727238,0.2530996649152272,-0.1372977997851617,-0.6049941369767488,16.820410727636325,-0.8179153184296419,0.1661830980959218,1.6103801842541954,2.091199019445914,1.763190095316516,1.9657343824869613,1.0846003937087003,1.07700658170884,1.4945096056618856,0.8271586935537686,17.14574888647051,-0.5722855821261548,1.0133132262672466
1.3941098859020984,1.6495400805535785,1.6488504728271005,1.690081205803824,0.2358311131727238,0.2530996649152272,-0.1372977997851617,-0.6049941369767488,16.820410727636325,-0.8179153184296419,0.1661830980959218,1.6103801842541954,2.091199019445914,1.763190095316516,1.9657343824869613,1.0846003937087003,1.07700658170884,1.4945096056618856,0.8271586935537686,17.14574888647051,-0.5722855821261548,1.0133132262672466,1.49123081129652,1.5312994499495127,1.5144855028062654,1.4624905244225297,-0.4821774832645176,-0.468281243226741,-1.064026418150495,-0.2780222997909879,16.775455071034195,-1.013498741635093,-0.5901215988870423
1.6103801842541954,2.091199019445914,1.763190095316516,1.9657343824869613,1.0846003937087003,1.07700658170884,1.4945096056618856,0.8271586935537686,17.14574888647051,-0.5722855821261548,1.0133132262672466,1.49123081129652,1.5312994499495127,1.5144855028062654,1.4624905244225297,-0.4821774832645176,-0.468281243226741,-1.064026418150495,-0.2780222997909879,16.775455071034195,-1.013498741635093,-0.5901215988870423,1.366942076579208,1.3893856117520016,1.130507084871622,1.3134647796098198,-0.1513841026165436,-0.1352841834262347,0.359602686771708,0.6553139563321612,16.833087539015338,-0.0786986732575139,-0.2716726236797706
1.49123081129652,1.5312994499495127,1.5144855028062654,1.4624905244225297,-0.4821774832645176,-0.468281243226741,-1.064026418150495,-0.2780222997909879,16.775455071034195,-1.013498741635093,-0.5901215988870423,1.366942076579208,1.3893856117520016,1.130507084871622,1.3134647796098198,-0.1513841026165436,-0.1352841834262347,0.359602686771708,0.6553139563321612,16.833087539015338,-0.0786986732575139,-0.2716726236797706,1.2964994356894215,1.1709593636036073,1.2110904031468883,0.9397635063685646,-0.7099324539600426,-0.6999689274045021,-0.2195635709382314,0.4226120048645832,16.781685330775872,-0.7918683404864862,-0.6297311833658162
1.366942076579208,1.3893856117520016,1.130507084871622,1.3134647796098198,-0.1513841026165436,-0.1352841834262347,0.359602686771708,0.6553139563321612,16.833087539015338,-0.0786986732575139,-0.2716726236797706,1.2964994356894215,1.1709593636036073,1.2110904031468883,0.9397635063685646,-0.7099324539600426,-0.6999689274045021,-0.2195635709382314,0.4226120048645832,16.781685330775872,-0.7918683404864862,-0.6297311833658162,0.892960638114525,0.7764049428391934,0.9274193919839095,0.8091534181033061,-0.7651530461791131,-0.7678544194289028,-0.6008809148116361,-0.132247974765409,16.594187024727454,-1.2420215734810531,-0.8865569448669605
1.2964994356894215,1.1709593636036073,1.2110904031468883,0.9397635063685646,-0.7099324539600426,-0.6999689274045021,-0.2195635709382314,0.4226120048645832,16.781685330775872,-0.7918683404864862,-0.6297311833658162,0.892960638114525,0.7764049428391934,0.9274193919839095,0.8091534181033061,-0.7651530461791131,-0.7678544194289028,-0.6008809148116361,-0.132247974765409,16.594187024727454,-1.2420215734810531,-0.8865569448669605,1.278323685230724,1.2706214125050352,0.6455744431469883,0.2581633867401596,-1.3128747753218672,-1.33406068561277,2.242094146217046,2.329772688992468,17.21819020719154,2.2123249284070017,-1.0755763299204597
0.892960638114525,0.7764049428391934,0.9274193919839095,0.8091534181033061,-0.7651530461791131,-0.7678544194289028,-0.6008809148116361,-0.132247974765409,16.594187024727454,-1.2420215734810531,-0.8865569448669605,1.278323685230724,1.2706214125050352,0.6455744431469883,0.2581633867401596,-1.3128747753218672,-1.33406068561277,2.242094146217046,2.329772688992468,17.21819020719154,2.2123249284070017,-1.0755763299204597,0.4793810541289141,0.6013276994679064,0.7787117576517059,0.6658085146606445,0.5251068413393305,0.5363464668764882,-1.1615441623324407,0.0739652196989987,16.751917418489477,-0.4917236099646488,0.3976520328857807
1.278323685230724,1.2706214125050352,0.6455744431469883,0.2581633867401596,-1.3128747753218672,-1.33406068561277,2.242094146217046,2.329772688992468,17.21819020719154,2.2123249284070017,-1.0755763299204597,0.4793810541289141,0.6013276994679064,0.7787117576517059,0.6658085146606445,0.5251068413393305,0.5363464668764882,-1.1615441623324407,0.0739652196989987,16.751917418489477,-0.4917236099646488,0.3976520328857807,0.3105122894318212,-0.0325123659160522,-0.2681808416507952,-0.904447096202681,-1.6215187708326249,-1.6514062714757536,-0.1965156776646899,-0.1498310888458659,16.734426633891808,0.4826462687269585,-1.814025349589087
0.4793810541289141,0.6013276994679064,0.7787117576517059,0.6658085146606445,0.5251068413393305,0.5363464668764882,-1.1615441623324407,0.0739652196989987,16.751917418489477,-0.4917236099646488,0.3976520328857807,0.3105122894318212,-0.0325123659160522,-0.2681808416507952,-0.904447096202681,-1.6215187708326249,-1.6514062714757536,-0.1965156776646899,-0.1498310888458659,16.734426633891808,0.4826462687269585,-1.814025349589087,-1.5745268643864914,-1.293246558678833,-1.4482681237262789,-0.7356664611240012,0.2927387248235513,0.3036954374670332,-0.3306713640040913,-0.5171594792327301,16.6299068488865,0.1888975362956775,0.4860505221874522
0.3105122894318212,-0.0325123659160522,-0.2681808416507952,-0.904447096202681,-1.6215187708326249,-1.6514062714757536,-0.1965156776646899,-0.1498310888458659,16.734426633891808,0.4826462687269585,-1.814025349589087,-1.5745268643864914,-1.293246558678833,-1.4482681237262789,-0.7356664611240012,0.2927387248235513,0.3036954374670332,-0.3306713640040913,-0.5171594792327301,16.6299068488865,0.1888975362956775,0.4860505221874522,-1.087339023180757,-1.4360238771692453,-1.496201153073344,-1.7536371445542351,-0.7737536781836325,-0.7740012137238614,0.1259263763419051,-0.2267206746879632,16.709409476996544,0.0830977203979322,-0.6113161924952252
-1.5745268643864914,-1.293246558678833,-1.4482681237262789,-0.7356664611240012,0.2927387248235513,0.3036954374670332,-0.3306713640040913,-0.5171594792327301,16.6299068488865,0.1888975362956775,0.4860505221874522,-1.087339023180757,-1.4360238771692453,-1.496201153073344,-1.7536371445542351,-0.7737536781836325,-0.7740012137238614,0.1259263763419051,-0.2267206746879632,16.709409476996544,0.0830977203979322,-0.6113161924952252,-1.3273966746078307,-0.9570550410827168,-1.4052725282628196,-1.5854599614893696,-0.1259727093792388,-0.1172839590817103,0.7736582595517232,1.1567407046799898,16.973331961165314,0.799343984556319,-0.1033685909397929
-1.087339023180757,-1.4360238771692453,-1.496201153073344,-1.7536371445542351,-0.7737536781836325,-0.7740012137238614,0.1259263763419051,-0.2267206746879632,16.709409476996544,0.0830977203979322,-0.6113161924952252,-1.3273966746078307,-0.9570550410827168,-1.4052725282628196,-1.5854599614893696,-0.1259727093792388,-0.1172839590817103,0.7736582595517232,1.1567407046799898,16.973331961165314,0.799343984556319,-0.1033685909397929,-0.5814559035373396,-0.8195479779898746,-0.3125281675413227,0.0302248765861103,1.6723782019480402,1.651728348566769,0.008157611998683,1.1156279759704542,17.04070640932529,-0.781285110983064,1.7347613754716744
-1.3273966746078307,-0.9570550410827168,-1.4052725282628196,-1.5854599614893696,-0.1259727093792388,-0.1172839590817103,0.7736582595517232,1.1567407046799898,16.973331961165314,0.799343984556319,-0.1033685909397929,-0.5814559035373396,-0.8195479779898746,-0.3125281675413227,0.0302248765861103,1.6723782019480402,1.651728348566769,0.008157611998683,1.1156279759704542,17.04070640932529,-0.781285110983064,1.7347613754716744,-0.6398695825632829,-1.2425399316264714,-1.7868479589228683,-1.9124760589723475,-1.7917586229781404,-1.8222155780591351,1.0348070370551372,2.0228742283303753,17.43125736029875,1.3664798001984555,-1.5661438627987367
-0.5814559035373396,-0.8195479779898746,-0.3125281675413227,0.0302248765861103,1.6723782019480402,1.651728348566769,0.008157611998683,1.1156279759704542,17.04070640932529,-0.781285110983064,1.7347613754716744,-0.6398695825632829,-1.2425399316264714,-1.7868479589228683,-1.9124760589723475,-1.7917586229781404,-1.8222155780591351,1.0348070370551372,2.0228742283303753,17.43125736029875,1.3664798001984555,-1.5661438627987367,-1.9965485245919947,-1.5482467583566335,-1.738876278239862,-1.2915278812594626,0.5233593562544144,0.5300118395238721,-1.3144032603404547,-0.5131851780673168,16.827317981177607,0.9116269095658914,0.7313958801137094
-0.6398695825632829,-1.2425399316264714,-1.7868479589228683,-1.9124760589723475,-1.7917586229781404,-1.8222155780591351,1.0348070370551372,2.0228742283303753,17.43125736029875,1.3664798001984555,-1.5661438627987367,-1.9965485245919947,-1.5482467583566335,-1.738876278239862,-1.2915278812594626,0.5233593562544144,0.5300118395238721,-1.3144032603404547,-0.5131851780673168,16.827317981177607,0.9116269095658914,0.7313958801137094,-1.48140484904636,-1.4468233146260712,-1.2478542860118147,-1.284917119543099,-0.0245967594461248,-0.0109377309954207,0.9936538975894872,0.6975310151256942,17.267036633936875,-0.3299990887764503,0.0098031701506219
-1.9965485245919947,-1.5482467583566335,-1.738876278239862,-1.2915278812594626,0.5233593562544144,0.5300118395238721,-1.3144032603404547,-0.5131851780673168,16.827317981177607,0.9116269095658914,0.7313958801137094,-1.48140484904636,-1.4468233146260712,-1.2478542860118147,-1.284917119543099,-0.0245967594461248,-0.0109377309954207,0.9936538975894872,0.6975310151256942,17.267036633936875,-0.3299990887764503,0.0098031701506219,-1.984571587636767,-2.4579153261031204,-2.297749983658273,-2.379491249875369,-2.053936380715451,-2.093010083328147,2.2727494937226056,2.5121596073989023,18.154559242903257,0.5653261964958235,-2.176724267536356
-1.48140484904636,-1.4468233146260712,-1.2478542860118147,-1.284917119543099,-0.0245967594461248,-0.0109377309954207,0.9936538975894872,0.6975310151256942,17.267036633936875,-0.3299990887764503,0.0098031701506219,-1.984571587636767,-2.4579153261031204,-2.297749983658273,-2.379491249875369,-2.053936380715451,-2.093010083328147,2.2727494937226056,2.5121596073989023,18.154559242903257,0.5653261964958235,-2.176724267536356,-1.8339360141436631,-1.908351972419218,-1.8471604830642747,-1.504503668660402,1.013618976923318,0.994120681271098,-1.2053601851344875,0.0141833286447573,17.49223395063892,0.337184953099145,0.8577355152818563
-1.984571587636767,-2.4579153261031204,-2.297749983658273,-2.379491249875369,-2.053936380715451,-2.093010083328147,2.2727494937226056,2.5121596073989023,18.154559242903257,0.5653261964958235,-2.176724267536356,-1.8339360141436631,-1.908351972419218,-1.8471604830642747,-1.504503668660402,1.013618976923318,0.994120681271098,-1.2053601851344875,0.0141833286447573,17.49223395063892,0.337184953099145,0.8577355152818563,-1.2879152885494962,-0.7545674063066231,-0.924113627319198,-0.5115581912897409,1.2553903600872167,1.215303716168974,-0.4759495657983769,-0.3529341585262017,17.400902768527857,1.311293519166559,1.390581732878048
-1.8339360141436631,-1.908351972419218,-1.8471604830642747,-1.504503668660402,1.013618976923318,0.994120681271098,-1.2053601851344875,0.0141833286447573,17.49223395063892,0.337184953099145,0.8577355152818563,-1.2879152885494962,-0.7545674063066231,-0.924113627319198,-0.5115581912897409,1.2553903600872167,1.215303716168974,-0.4759495657983769,-0.3529341585262017,17.400902768527857,1.311293519166559,1.390581732878048,-0.3460036609911816,0.3899716482050048,-0.3414505067013367,0.7510513548842396,1.3098775607701465,1.26788816404734,-0.1779592688518463,-0.3749802136371952,17.496881921776296,2.305157284734065,1.341592020741823
-1.2879152885494962,-0.7545674063066231,-0.924113627319198,-0.5115581912897409,1.2553903600872167,1.215303716168974,-0.4759495657983769,-0.3529341585262017,17.400902768527857,1.311293519166559,1.390581732878048,-0.3460036609911816,0.3899716482050048,-0.3414505067013367,0.7510513548842396,1.3098775607701465,1.26788816404734,-0.1779592688518463,-0.3749802136371952,17.496881921776296,2.305157284734065,1.341592020741823,0.857184434388788,1.2005869949973074,1.0708585797872865,1.3280521159573822,0.6466329186293526,0.6441398611961194,-0.1861864399499217,-0.3962425895836213,17.590152507456413,0.2679820139544379,0.6300220026007318
-0.3460036609911816,0.3899716482050048,-0.3414505067013367,0.7510513548842396,1.3098775607701465,1.26788816404734,-0.1779592688518463,-0.3749802136371952,17.496881921776296,2.305157284734065,1.341592020741823,0.857184434388788,1.2005869949973074,1.0708585797872865,1.3280521159573822,0.6466329186293526,0.6441398611961194,-0.1861864399499217,-0.3962425895836213,17.590152507456413,0.2679820139544379,0.6300220026007318,1.5873645225109343,1.265218816281395,1.5988601822366306,1.3826317363614695,0.2075904491304876,0.224560610098353,-0.7920227551251567,-1.02125170633012,17.21169543130372,-1.4354372966492328,0.1474315141902304
0.857184434388788,1.2005869949973074,1.0708585797872865,1.3280521159573822,0.6466329186293526,0.6441398611961194,-0.1861864399499217,-0.3962425895836213,17.590152507456413,0.2679820139544379,0.6300220026007318,1.5873645225109343,1.265218816281395,1.5988601822366306,1.3826317363614695,0.2075904491304876,0.224560610098353,-0.7920227551251567,-1.02125170633012,17.21169543130372,-1.4354372966492328,0.1474315141902304,1.3051129570855509,0.9334376628788226,1.174943579936354,0.9898799410423332,-0.4521078571666761,-0.4239470038195028,-0.4215502576489934,-1.0363560156118852,17.078476031152203,-1.1193000766710546,-0.5881091572143549
1.5873645225109343,1.265218816281395,1.5988601822366306,1.3826317363614695,0.2075904491304876,0.224560610098353,-0.7920227551251567,-1.02125170633012,17.21169543130372,-1.4354372966492328,0.1474315141902304,1.3051129570855509,0.9334376628788226,1.174943579936354,0.9898799410423332,-0.4521078571666761,-0.4239470038195028,-0.4215502576489934,-1.0363560156118852,17.078476031152203,-1.1193000766710546,-0.5881091572143549,1.2124443301597412,0.8950177076223518,1.0368756249205608,0.7171560377283438,-0.3456531564800065,-0.317372359378539,-0.5016452303799483,-1.0420538059796325,16.80342742060088,-0.8686420739507531,-0.3682501002295555
1.3051129570855509,0.9334376628788226,1.174943579936354,0.9898799410423332,-0.4521078571666761,-0.4239470038195028,-0.4215502576489934,-1.0363560156118852,17.078476031152203,-1.1193000766710546,-0.5881091572143549,1.2124443301597412,0.8950177076223518,1.0368756249205608,0.7171560377283438,-0.3456531564800065,-0.317372359378539,-0.5016452303799483,-1.0420538059796325,16.80342742060088,-0.8686420739507531,-0.3682501002295555,0.8770751768483764,0.8969395623742756,0.9294819547036448,0.557163896372106,-0.2230270623344857,-0.1968015154012219,0.3839072014347425,-0.704456972213657,17.094826554697885,-0.5303040103559009,-0.1496173388893989
1.2124443301597412,0.8950177076223518,1.0368756249205608,0.7171560377283438,-0.3456531564800065,-0.317372359378539,-0.5016452303799483,-1.0420538059796325,16.80342742060088,-0.8686420739507531,-0.3682501002295555,0.8770751768483764,0.8969395623742756,0.9294819547036448,0.557163896372106,-0.2230270623344857,-0.1968015154012219,0.3839072014347425,-0.704456972213657,17.094826554697885,-0.5303040103559009,-0.1496173388893989,1.051302821381981,0.9964410920305388,1.1238644374563518,0.9539889328222882,0.576354458296804,0.5733755435689631,0.2410619020231952,-0.369205231342977,17.295306558952277,-0.9696472125986788,0.3696554016891036
0.8770751768483764,0.8969395623742756,0.9294819547036448,0.557163896372106,-0.2230270623344857,-0.1968015154012219,0.3839072014347425,-0.704456972213657,17.094826554697885,-0.5303040103559009,-0.1496173388893989,1.051302821381981,0.9964410920305388,1.1238644374563518,0.9539889328222882,0.576354458296804,0.5733755435689631,0.2410619020231952,-0.369205231342977,17.295306558952277,-0.9696472125986788,0.3696554016891036,0.82705482465574,1.007926165666839,0.9965598086766568,1.1526633271233904,-0.0417174984821248,-0.029108133963074,2.6209208377235327,2.5149406743774256,18.334670694557794,-0.5509082696215986,0.2442953384711457
1.051302821381981,0.9964410920305388,1.1238644374563518,0.9539889328222882,0.576354458296804,0.5733755435689631,0.2410619020231952,-0.369205231342977,17.295306558952277,-0.9696472125986788,0.3696554016891036,0.82705482465574,1.007926165666839,0.9965598086766568,1.1526633271233904,-0.0417174984821248,-0.029108133963074,2.6209208377235327,2.5149406743774256,18.334670694557794,-0.5509082696215986,0.2442953384711457,1.1053584110335075,1.1347071918241425,1.0526080283918005,1.3171203834956056,-0.3730254818829177,-0.3624187839654866,-1.184658358882872,-0.4518520950606398,17.19756253031519,-0.6191863105073961,-0.3611765086975366
0.82705482465574,1.007926165666839,0.9965598086766568,1.1526633271233904,-0.0417174984821248,-0.029108133963074,2.6209208377235327,2.5149406743774256,18.334670694557794,-0.5509082696215986,0.2442953384711457,1.1053584110335075,1.1347071918241425,1.0526080283918005,1.3171203834956056,-0.3730254818829177,-0.3624187839654866,-1.184658358882872,-0.4518520950606398,17.19756253031519,-0.6191863105073961,-0.3611765086975366,1.1606555552427735,1.5828499423056488,1.31427429861854,1.570747889940462,-0.237329601496242,-0.2272649246985624,0.035864413191829,-0.1614504151589502,17.348420207813614,-0.6611666058247044,-0.2020240698826597
1.1053584110335075,1.1347071918241425,1.0526080283918005,1.3171203834956056,-0.3730254818829177,-0.3624187839654866,-1.184658358882872,-0.4518520950606398,17.19756253031519,-0.6191863105073961,-0.3611765086975366,1.1606555552427735,1.5828499423056488,1.31427429861854,1.570747889940462,-0.237329601496242,-0.2272649246985624,0.035864413191829,-0.1614504151589502,17.348420207813614,-0.6611666058247044,-0.2020240698826597,1.4918391194448335,1.6105964409953262,1.635255513103434,1.4118365479483554,-0.3510957305971535,-0.3433130056470566,-0.8487455613037134,-0.8447976989721973,16.625744293459412,-1.1232803545722008,-0.130437492303395
1.1606555552427735,1.5828499423056488,1.31427429861854,1.570747889940462,-0.237329601496242,-0.2272649246985624,0.035864413191829,-0.1614504151589502,17.348420207813614,-0.6611666058247044,-0.2020240698826597,1.4918391194448335,1.6105964409953262,1.635255513103434,1.4118365479483554,-0.3510957305971535,-0.3433130056470566,-0.8487455613037134,-0.8447976989721973,16.625744293459412,-1.1232803545722008,-0.130437492303395,1.855348436366513,1.6866888977052428,1.5160992177178427,1.450509224611833,0.3593564950004029,0.3656838511754563,0.4954466905222727,-0.2877038654926301,17.00763168660829,0.1696765466725384,0.3412904922937626
1.4918391194448335,1.6105964409953262,1.635255513103434,1.4118365479483554,-0.3510957305971535,-0.3433130056470566,-0.8487455613037134,-0.8447976989721973,16.625744293459412,-1.1232803545722008,-0.130437492303395,1.855348436366513,1.6866888977052428,1.5160992177178427,1.450509224611833,0.3593564950004029,0.3656838511754563,0.4954466905222727,-0.2877038654926301,17.00763168660829,0.1696765466725384,0.3412904922937626,1.3855577817860716,1.0904401128529122,0.7727869175212506,0.4588074084752265,-1.6314651819572208,-1.648759056828878,-0.4071232417494926,-0.433237163379027,16.839874067781135,1.4417751748868533,-1.7335060892647354
1.855348436366513,1.6866888977052428,1.5160992177178427,1.450509224611833,0.3593564950004029,0.3656838511754563,0.4954466905222727,-0.2877038654926301,17.00763168660829,0.1696765466725384,0.3412904922937626,1.3855577817860716,1.0904401128529122,0.7727869175212506,0.4588074084752265,-1.6314651819572208,-1.648759056828878,-0.4071232417494926,-0.433237163379027,16.839874067781135,1.4417751748868533,-1.7335060892647354,0.1457703419184833,-0.0682022444340409,0.2557638928687358,0.2983394660081231,-0.3525907671402957,-0.3447408049857339,-0.4326866323886019,-0.5794971264679973,16.64294257525116,-1.4465282808732474,-0.5491746665230178
1.3855577817860716,1.0904401128529122,0.7727869175212506,0.4588074084752265,-1.6314651819572208,-1.648759056828878,-0.4071232417494926,-0.433237163379027,16.839874067781135,1.4417751748868533,-1.7335060892647354,0.1457703419184833,-0.0682022444340409,0.2557638928687358,0.2983394660081231,-0.3525907671402957,-0.3447408049857339,-0.4326866323886019,-0.5794971264679973,16.64294257525116,-1.4465282808732474,-0.5491746665230178,0.0698725671503826,-0.4144709737958247,-0.7146740108407609,-0.7973168746078227,-1.5269568430516882,-1.5380638114942489,0.3125212029625298,-0.2404686743140901,16.983951709198287,1.2138675689876,-1.3097516940910612
0.1457703419184833,-0.0682022444340409,0.2557638928687358,0.2983394660081231,-0.3525907671402957,-0.3447408049857339,-0.4326866323886019,-0.5794971264679973,16.64294257525116,-1.4465282808732474,-0.5491746665230178,0.0698725671503826,-0.4144709737958247,-0.7146740108407609,-0.7973168746078227,-1.5269568430516882,-1.5380638114942489,0.3125212029625298,-0.2404686743140901,16.983951709198287,1.2138675689876,-1.3097516940910612,-1.1565380927915485,-0.5140827440711552,-0.7356347423493341,-0.4934677178422986,0.6022074627262275,0.6044452977399355,-0.718159767339242,-0.6926024492271678,16.477014146252493,0.7388825074678861,0.8302759921035443
0.0698725671503826,-0.4144709737958247,-0.7146740108407609,-0.7973168746078227,-1.5269568430516882,-1.5380638114942489,0.3125212029625298,-0.2404686743140901,16.983951709198287,1.2138675689876,-1.3097516940910612,-1.1565380927915485,-0.5140827440711552,-0.7356347423493341,-0.4934677178422986,0.6022074627262275,0.6044452977399355,-0.718159767339242,-0.6926024492271678,16.477014146252493,0.7388825074678861,0.8302759921035443,-0.7317615863115633,-0.0259087066532625,-0.2169576042740564,-0.3021085189322371,0.2395450300988661,0.2451261724956076,-0.2399801384966324,-0.6232693995082991,16.38600612213261,0.5077158595890195,0.3543125603170834
-1.1565380927915485,-0.5140827440711552,-0.7356347423493341,-0.4934677178422986,0.6022074627262275,0.6044452977399355,-0.718159767339242,-0.6926024492271678,16.477014146252493,0.7388825074678861,0.8302759921035443,-0.7317615863115633,-0.0259087066532625,-0.2169576042740564,-0.3021085189322371,0.2395450300988661,0.2451261724956076,-0.2399801384966324,-0.6232693995082991,16.38600612213261,0.5077158595890195,0.3543125603170834,0.8273348492932068,0.5176791183113143,0.7133726782062589,1.0759607614309064,1.2673053290826688,1.2506518799654278,1.0728878386314566,1.107785107526096,16.70150614325867,-0.6357879564530002,1.0178396197838606
-0.7317615863115633,-0.0259087066532625,-0.2169576042740564,-0.3021085189322371,0.2395450300988661,0.2451261724956076,-0.2399801384966324,-0.6232693995082991,16.38600612213261,0.5077158595890195,0.3543125603170834,0.8273348492932068,0.5176791183113143,0.7133726782062589,1.0759607614309064,1.2673053290826688,1.2506518799654278,1.0728878386314566,1.107785107526096,16.70150614325867,-0.6357879564530002,1.0178396197838606,0.3317717215073283,0.8509352553104415,0.9295433989255932,0.4932474262525417,-0.5296596443641304,-0.5208126747046958,-0.3646180768345866,0.754211055403944,16.562031254979736,-0.4804073240635378,-0.0650589312433234
0.8273348492932068,0.5176791183113143,0.7133726782062589,1.0759607614309064,1.2673053290826688,1.2506518799654278,1.0728878386314566,1.107785107526096,16.70150614325867,-0.6357879564530002,1.0178396197838606,0.3317717215073283,0.8509352553104415,0.9295433989255932,0.4932474262525417,-0.5296596443641304,-0.5208126747046958,-0.3646180768345866,0.754211055403944,16.562031254979736,-0.4804073240635378,-0.0650589312433234,0.4241689843356867,1.5550183330425775,1.0787253088303754,1.7079200387820632,1.3347160908208735,1.3200639164612922,0.9064840783675844,2.097216573744819,16.84922243827907,1.0239014868448166,1.1395172042914246
0.3317717215073283,0.8509352553104415,0.9295433989255932,0.4932474262525417,-0.5296596443641304,-0.5208126747046958,-0.3646180768345866,0.754211055403944,16.562031254979736,-0.4804073240635378,-0.0650589312433234,0.4241689843356867,1.5550183330425775,1.0787253088303754,1.7079200387820632,1.3347160908208735,1.3200639164612922,0.9064840783675844,2.097216573744819,16.84922243827907,1.0239014868448166,1.1395172042914246,1.2340481377952617,1.9819823668942107,1.3375417059979324,1.9999380752216964,0.9944504015288784,0.987942151941706,0.4635941156642532,1.9881872305517705,17.05434982072735,2.1722753371197983,0.9426612505524864
0.4241689843356867,1.5550183330425775,1.0787253088303754,1.7079200387820632,1.3347160908208735,1.3200639164612922,0.9064840783675844,2.097216573744819,16.84922243827907,1.0239014868448166,1.1395172042914246,1.2340481377952617,1.9819823668942107,1.3375417059979324,1.9999380752216964,0.9944504015288784,0.987942151941706,0.4635941156642532,1.9881872305517705,17.05434982072735,2.1722753371197983,0.9426612505524864,1.819080580116412,1.5609777813796546,2.0642182252025743,1.5478129977141228,-0.2544946847244625,-0.2440669018919519,-1.1933476811447403,0.3554958709873781,16.6077794122529,-1.123126304219164,-0.1744909953279255
1.2340481377952617,1.9819823668942107,1.3375417059979324,1.9999380752216964,0.9944504015288784,0.987942151941706,0.4635941156642532,1.9881872305517705,17.05434982072735,2.1722753371197983,0.9426612505524864,1.819080580116412,1.5609777813796546,2.0642182252025743,1.5478129977141228,-0.2544946847244625,-0.2440669018919519,-1.1933476811447403,0.3554958709873781,16.6077794122529,-1.123126304219164,-0.1744909953279255,1.1740248954018322,0.7486502645868638,0.8652331981971013,0.7280746001927227,-1.2850536845161766,-1.2903129630236891,1.0924534290342751,1.2633411418161165,16.954043673496273,-0.2729548387289554,-1.823318452311755
1.819080580116412,1.5609777813796546,2.0642182252025743,1.5478129977141228,-0.2544946847244625,-0.2440669018919519,-1.1933476811447403,0.3554958709873781,16.6077794122529,-1.123126304219164,-0.1744909953279255,1.1740248954018322,0.7486502645868638,0.8652331981971013,0.7280746001927227,-1.2850536845161766,-1.2903129630236891,1.0924534290342751,1.2633411418161165,16.954043673496273,-0.2729548387289554,-1.823318452311755,1.2642078566980322,0.9684768300717892,1.1228914488010462,0.7025783545882855,-0.0547953636216695,-0.0449860434508939,-0.926718156732096,0.1263626247152229,16.660175784072635,-0.6066476591927724,-0.4051319553546609
1.1740248954018322,0.7486502645868638,0.8652331981971013,0.7280746001927227,-1.2850536845161766,-1.2903129630236891,1.0924534290342751,1.2633411418161165,16.954043673496273,-0.2729548387289554,-1.823318452311755,1.2642078566980322,0.9684768300717892,1.1228914488010462,0.7025783545882855,-0.0547953636216695,-0.0449860434508939,-0.926718156732096,0.1263626247152229,16.660175784072635,-0.6066476591927724,-0.4051319553546609,0.6596398543320827,0.2199713593728219,-0.292826764740057,-0.4931613586686159,-1.7649863380439326,-1.782208091462422,1.4889761835021162,1.4787928996867674,17.13540753304776,1.257615449965226,-1.6069772355554055
1.2642078566980322,0.9684768300717892,1.1228914488010462,0.7025783545882855,-0.0547953636216695,-0.0449860434508939,-0.926718156732096,0.1263626247152229,16.660175784072635,-0.6066476591927724,-0.4051319553546609,0.6596398543320827,0.2199713593728219,-0.292826764740057,-0.4931613586686159,-1.7649863380439326,-1.782208091462422,1.4889761835021162,1.4787928996867674,17.13540753304776,1.257615449965226,-1.6069772355554055,0.0556161846356919,-0.5199303709506901,-0.0634004936255036,-0.5197528135606172,0.0453353617859331,0.0550816843591056,-1.4008730035141914,-0.6324103377068806,16.542389121070652,-0.8735568136380395,-0.0744892961948644
0.6596398543320827,0.2199713593728219,-0.292826764740057,-0.4931613586686159,-1.7649863380439326,-1.782208091462422,1.4889761835021162,1.4787928996867674,17.13540753304776,1.257615449965226,-1.6069772355554055,0.0556161846356919,-0.5199303709506901,-0.0634004936255036,-0.5197528135606172,0.0453353617859331,0.0550816843591056,-1.4008730035141914,-0.6324103377068806,16.542389121070652,-0.8735568136380395,-0.0744892961948644,0.6135966107079397,0.921053589987332,1.1709214798588403,0.332535070180569,0.8998485050196077,0.8969468941650015,1.2578130845777151,0.7223266958815433,17.04363948057611,-0.4407272262469512,1.1923701403059408
0.0556161846356919,-0.5199303709506901,-0.0634004936255036,-0.5197528135606172,0.0453353617859331,0.0550816843591056,-1.4008730035141914,-0.6324103377068806,16.542389121070652,-0.8735568136380395,-0.0744892961948644,0.6135966107079397,0.921053589987332,1.1709214798588403,0.332535070180569,0.8998485050196077,0.8969468941650015,1.2578130845777151,0.7223266958815433,17.04363948057611,-0.4407272262469512,1.1923701403059408,0.746999923703242,-0.0791753630524276,0.4354557788827808,-0.1755386637126383,-0.4973845957471529,-0.4896548555028593,-0.881225341400253,-0.7952750245699786,16.696684646686393,-0.7550730233524254,-0.6685940414083233
0.6135966107079397,0.921053589987332,1.1709214798588403,0.332535070180569,0.8998485050196077,0.8969468941650015,1.2578130845777151,0.7223266958815433,17.04363948057611,-0.4407272262469512,1.1923701403059408,0.746999923703242,-0.0791753630524276,0.4354557788827808,-0.1755386637126383,-0.4973845957471529,-0.4896548555028593,-0.881225341400253,-0.7952750245699786,16.696684646686393,-0.7550730233524254,-0.6685940414083233,-0.4568793659058832,-0.6498635715348827,0.1684519620140306,-0.3244695883398762,-0.1106600921797857,-0.1006799758274095,-0.6993315152366457,-1.4680826496774149,16.432548735606485,-0.9221801677689327,0.1096418444253998
0.746999923703242,-0.0791753630524276,0.4354557788827808,-0.1755386637126383,-0.4973845957471529,-0.4896548555028593,-0.881225341400253,-0.7952750245699786,16.696684646686393,-0.7550730233524254,-0.6685940414083233,-0.4568793659058832,-0.6498635715348827,0.1684519620140306,-0.3244695883398762,-0.1106600921797857,-0.1006799758274095,-0.6993315152366457,-1.4680826496774149,16.432548735606485,-0.9221801677689327,0.1096418444253998,-1.169781855887942,-1.0056954991293257,-0.2280807298858649,-0.4655769276430826,-0.1445831234619288,-0.1358724257204107,-0.3327328349915986,-1.319353448307958,16.30562039765132,-0.8232407124406843,-0.033324035184366
-0.4568793659058832,-0.6498635715348827,0.1684519620140306,-0.3244695883398762,-0.1106600921797857,-0.1006799758274095,-0.6993315152366457,-1.4680826496774149,16.432548735606485,-0.9221801677689327,0.1096418444253998,-1.169781855887942,-1.0056954991293257,-0.2280807298858649,-0.4655769276430826,-0.1445831234619288,-0.1358724257204107,-0.3327328349915986,-1.319353448307958,16.30562039765132,-0.8232407124406843,-0.033324035184366,-1.4839009326621158,-1.3743786912874627,-1.599763950204745,-1.7596613415247868,-1.3812987515275843,-1.3901171868761344,1.2299588967635626,0.254903417756912,16.78662739219996,1.0873102481114676,-0.9898479097967828
-1.169781855887942,-1.0056954991293257,-0.2280807298858649,-0.4655769276430826,-0.1445831234619288,-0.1358724257204107,-0.3327328349915986,-1.319353448307958,16.30562039765132,-0.8232407124406843,-0.033324035184366,-1.4839009326621158,-1.3743786912874627,-1.599763950204745,-1.7596613415247868,-1.3812987515275843,-1.3901171868761344,1.2299588967635626,0.254903417756912,16.78662739219996,1.0873102481114676,-0.9898479097967828,-2.076304385268216,-2.147920817428238,-1.907253185940656,-1.8675054488624072,-0.2450528753691714,-0.2373182308816424,-0.1152028880647764,0.2921515996324586,16.835213280972575,0.0461987620154556,-0.3704875113794303
-1.4839009326621158,-1.3743786912874627,-1.599763950204745,-1.7596613415247868,-1.3812987515275843,-1.3901171868761344,1.2299588967635626,0.254903417756912,16.78662739219996,1.0873102481114676,-0.9898479097967828,-2.076304385268216,-2.147920817428238,-1.907253185940656,-1.8675054488624072,-0.2450528753691714,-0.2373182308816424,-0.1152028880647764,0.2921515996324586,16.835213280972575,0.0461987620154556,-0.3704875113794303,-1.5642557603352685,-1.1120291679758971,-0.8430727892241243,-1.1450979107328147,0.7604425554404857,0.7615027211424983,-0.1925155976699547,0.338701412084219,16.810127259499126,-0.4136090373337733,0.901347423008909
-2.076304385268216,-2.147920817428238,-1.907253185940656,-1.8675054488624072,-0.2450528753691714,-0.2373182308816424,-0.1152028880647764,0.2921515996324586,16.835213280972575,0.0461987620154556,-0.3704875113794303,-1.5642557603352685,-1.1120291679758971,-0.8430727892241243,-1.1450979107328147,0.7604425554404857,0.7615027211424983,-0.1925155976699547,0.338701412084219,16.810127259499126,-0.4136090373337733,0.901347423008909,-1.5486804630738815,-1.514063736185206,-0.997157906259346,-1.160176575097361,-0.0014150395721776,0.0069404040979552,-0.9095030253366538,-0.9035771090993754,16.395409230889527,-1.1154870569400133,-0.204942072726122
-1.5642557603352685,-1.1120291679758971,-0.8430727892241243,-1.1450979107328147,0.7604425554404857,0.7615027211424983,-0.1925155976699547,0.338701412084219,16.810127259499126,-0.4136090373337733,0.901347423008909,-1.5486804630738815,-1.514063736185206,-0.997157906259346,-1.160176575097361,-0.0014150395721776,0.0069404040979552,-0.9095030253366538,-0.9035771090993754,16.395409230889527,-1.1154870569400133,-0.204942072726122,-1.3513949521181394,0.2243492806326873,-0.9336880521951364,0.6693689407549009,1.9195025310599516,1.8984609389516491,1.6030719719708246,1.5591242566811112,16.98108269000016,2.373103974533454,1.9775239121672792
-1.5486804630738815,-1.514063736185206,-0.997157906259346,-1.160176575097361,-0.0014150395721776,0.0069404040979552,-0.9095030253366538,-0.9035771090993754,16.395409230889527,-1.1154870569400133,-0.204942072726122,-1.3513949521181394,0.2243492806326873,-0.9336880521951364,0.6693689407549009,1.9195025310599516,1.8984609389516491,1.6030719719708246,1.5591242566811112,16.98108269000016,2.373103974533454,1.9775239121672792,0.1157561427463456,-0.0606321581046876,0.214670606214321,-0.0039147311687285,-0.682318109307863,-0.6817322605696506,-0.7610437543424983,0.0814006225643048,16.70095357845374,-0.5535361126401382,-0.5908385658795801
-1.3513949521181394,0.2243492806326873,-0.9336880521951364,0.6693689407549009,1.9195025310599516,1.8984609389516491,1.6030719719708246,1.5591242566811112,16.98108269000016,2.373103974533454,1.9775239121672792,0.1157561427463456,-0.0606321581046876,0.214670606214321,-0.0039147311687285,-0.682318109307863,-0.6817322605696506,-0.7610437543424983,0.0814006225643048,16.70095357845374,-0.5535361126401382,-0.5908385658795801,-0.6020771313867133,-1.1947082016278965,-1.5782501242850082,-1.4365292500407325,-1.4488256048901131,-1.4726943393176974,0.9509956677945738,1.678980142009783,17.07693236882507,1.170979954168727,-0.8687875618007942
0.1157561427463456,-0.0606321581046876,0.214670606214321,-0.0039147311687285,-0.682318109307863,-0.6817322605696506,-0.7610437543424983,0.0814006225643048,16.70095357845374,-0.5535361126401382,-0.5908385658795801,-0.6020771313867133,-1.1947082016278965,-1.5782501242850082,-1.4365292500407325,-1.4488256048901131,-1.4726943393176974,0.9509956677945738,1.678980142009783,17.07693236882507,1.170979954168727,-0.8687875618007942,-1.9847460068024343,-1.669849536707298,-1.2766916064879033,-1.3218191897489462,0.0465035070234671,0.0568702601206428,-0.922893016013438,-0.0644041221470326,16.697346040869977,-0.4268452739588943,-0.2914241116025571
-0.6020771313867133,-1.1947082016278965,-1.5782501242850082,-1.4365292500407325,-1.4488256048901131,-1.4726943393176974,0.9509956677945738,1.678980142009783,17.07693236882507,1.170979954168727,-0.8687875618007942,-1.9847460068024343,-1.669849536707298,-1.2766916064879033,-1.3218191897489462,0.0465035070234671,0.0568702601206428,-0.922893016013438,-0.0644041221470326,16.697346040869977,-0.4268452739588943,-0.2914241116025571,-1.366300338452086,-1.1209001643854728,-0.8803207792041133,-1.1754738782977368,0.1852510930152181,0.1961439810750451,-0.7291882639196693,-0.9998821624521318,16.42714537541599,-0.3846430879612026,0.2462315459050341
-1.9847460068024343,-1.669849536707298,-1.2766916064879033,-1.3218191897489462,0.0465035070234671,0.0568702601206428,-0.922893016013438,-0.0644041221470326,16.697346040869977,-0.4268452739588943,-0.2914241116025571,-1.366300338452086,-1.1209001643854728,-0.8803207792041133,-1.1754738782977368,0.1852510930152181,0.1961439810750451,-0.7291882639196693,-0.9998821624521318,16.42714537541599,-0.3846430879612026,0.2462315459050341,-0.9568726275290552,-0.3997646962712657,-0.2240231622619568,0.357915476740661,1.3617327318181982,1.3559693897605736,-0.2147876000561244,-1.1692658714279007,16.41387988705787,-0.3174832170654132,1.066693619249582
-1.366300338452086,-1.1209001643854728,-0.8803207792041133,-1.1754738782977368,0.1852510930152181,0.1961439810750451,-0.7291882639196693,-0.9998821624521318,16.42714537541599,-0.3846430879612026,0.2462315459050341,-0.9568726275290552,-0.3997646962712657,-0.2240231622619568,0.357915476740661,1.3617327318181982,1.3559693897605736,-0.2147876000561244,-1.1692658714279007,16.41387988705787,-0.3174832170654132,1.066693619249582,1.782054132819733,1.3994826712066226,1.6308447107426869,1.5553839192816932,1.141543325217915,1.1374925928972806,1.623834839092054,0.9942976420362296,17.006019870730473,-0.3366796518173565,0.3147641962951531
-0.9568726275290552,-0.3997646962712657,-0.2240231622619568,0.357915476740661,1.3617327318181982,1.3559693897605736,-0.2147876000561244,-1.1692658714279007,16.41387988705787,-0.3174832170654132,1.066693619249582,1.782054132819733,1.3994826712066226,1.6308447107426869,1.5553839192816932,1.141543325217915,1.1374925928972806,1.623834839092054,0.9942976420362296,17.006019870730473,-0.3366796518173565,0.3147641962951531,1.759773875508079,1.902339785192281,2.1209043961066096,1.806904049266852,0.6499152215473014,0.6535543434138222,-0.6342793115366887,-0.0571331091057732,16.758401023011874,-0.8427524936585303,0.6560015309061066
1.782054132819733,1.3994826712066226,1.6308447107426869,1.5553839192816932,1.141543325217915,1.1374925928972806,1.623834839092054,0.9942976420362296,17.006019870730473,-0.3366796518173565,0.3147641962951531,1.759773875508079,1.902339785192281,2.1209043961066096,1.806904049266852,0.6499152215473014,0.6535543434138222,-0.6342793115366887,-0.0571331091057732,16.758401023011874,-0.8427524936585303,0.6560015309061066,1.5131183533049193,1.4910318204871555,1.5972702597805988,1.3781638922455173,-0.2840876725667796,-0.2731443732285824,-0.7074966081529486,-0.9261596971758436,16.418437326413372,-0.7066893184619222,-0.4267262201471989
1.759773875508079,1.902339785192281,2.1209043961066096,1.806904049266852,0.6499152215473014,0.6535543434138222,-0.6342793115366887,-0.0571331091057732,16.758401023011874,-0.8427524936585303,0.6560015309061066,1.5131183533049193,1.4910318204871555,1.5972702597805988,1.3781638922455173,-0.2840876725667796,-0.2731443732285824,-0.7074966081529486,-0.9261596971758436,16.418437326413372,-0.7066893184619222,-0.4267262201471989,1.2607797216723695,0.9831854973300032,0.5711595043217896,0.4537818218813358,-1.1067157228559426,-1.1099911207529185,0.3595931801372506,-0.3682598636072769,16.650880457335525,0.8431950110147758,-1.3832198822019068
1.5131183533049193,1.4910318204871555,1.5972702597805988,1.3781638922455173,-0.2840876725667796,-0.2731443732285824,-0.7074966081529486,-0.9261596971758436,16.418437326413372,-0.7066893184619222,-0.4267262201471989,1.2607797216723695,0.9831854973300032,0.5711595043217896,0.4537818218813358,-1.1067157228559426,-1.1099911207529185,0.3595931801372506,-0.3682598636072769,16.650880457335525,0.8431950110147758,-1.3832198822019068,0.3898005544350517,0.204464354228628,-0.1200277051296958,0.0403598281126236,-0.5631649932963295,-0.5570022064314595,-0.2198575201080358,-0.3319844701804607,16.579436932669154,1.0922697807715362,-0.5377874889113697
1.2607797216723695,0.9831854973300032,0.5711595043217896,0.4537818218813358,-1.1067157228559426,-1.1099911207529185,0.3595931801372506,-0.3682598636072769,16.650880457335525,0.8431950110147758,-1.3832198822019068,0.3898005544350517,0.204464354228628,-0.1200277051296958,0.0403598281126236,-0.5631649932963295,-0.5570022064314595,-0.2198575201080358,-0.3319844701804607,16.579436932669154,1.0922697807715362,-0.5377874889113697,-0.2848009773673284,-0.4941154273240526,-0.1752623232203886,-0.3681727497499658,-0.5582762780741173,-0.5520548587749733,0.144697607330936,0.0715557768491925,16.676138831566213,-0.9991576425717408,-0.7030173294545461
0.3898005544350517,0.204464354228628,-0.1200277051296958,0.0403598281126236,-0.5631649932963295,-0.5570022064314595,-0.2198575201080358,-0.3319844701804607,16.579436932669154,1.0922697807715362,-0.5377874889113697,-0.2848009773673284,-0.4941154273240526,-0.1752623232203886,-0.3681727497499658,-0.5582762780741173,-0.5520548587749733,0.144697607330936,0.0715557768491925,16.676138831566213,-0.9991576425717408,-0.7030173294545461,-0.2805100331917131,-0.5274109533820206,-0.758587375625008,-0.949707401413972,-0.8892956882495362,-0.8926733222166883,0.4686923661677006,1.3503984247091756,16.84268825103598,0.9819683153256368,-0.5979308621891396
-0.2848009773673284,-0.4941154273240526,-0.1752623232203886,-0.3681727497499658,-0.5582762780741173,-0.5520548587749733,0.144697607330936,0.0715557768491925,16.676138831566213,-0.9991576425717408,-0.7030173294545461,-0.2805100331917131,-0.5274109533820206,-0.758587375625008,-0.949707401413972,-0.8892956882495362,-0.8926733222166883,0.4686923661677006,1.3503984247091756,16.84268825103598,0.9819683153256368,-0.5979308621891396,-1.3773367803928178,-1.6265906711416451,-1.7030195115889857,-1.6645093163258708,-1.2746501136605155,-1.2895072718775291,-0.136974468054485,1.0948489884412262,16.852202464565902,0.9536519186767008,-0.9531754173139712
-0.2805100331917131,-0.5274109533820206,-0.758587375625008,-0.949707401413972,-0.8892956882495362,-0.8926733222166883,0.4686923661677006,1.3503984247091756,16.84268825103598,0.9819683153256368,-0.5979308621891396,-1.3773367803928178,-1.6265906711416451,-1.7030195115889857,-1.6645093163258708,-1.2746501136605155,-1.2895072718775291,-0.136974468054485,1.0948489884412262,16.852202464565902,0.9536519186767008,-0.9531754173139712,-1.63653733954219,-1.7253374243247717,-1.574555539838168,-1.3990387538381233,0.2719840973985815,0.2827799223540377,-0.6562485760894043,0.017588925890004,16.698650730866166,-0.1953905656152381,0.3746344864140215
-1.3773367803928178,-1.6265906711416451,-1.7030195115889857,-1.6645093163258708,-1.2746501136605155,-1.2895072718775291,-0.136974468054485,1.0948489884412262,16.852202464565902,0.9536519186767008,-0.9531754173139712,-1.63653733954219,-1.7253374243247717,-1.574555539838168,-1.3990387538381233,0.2719840973985815,0.2827799223540377,-0.6562485760894043,0.017588925890004,16.698650730866166,-0.1953905656152381,0.3746344864140215,-1.3350129605577623,-1.3670887393356392,-1.0974502230883127,-1.1987024269836175,0.1389168275072855,0.1488333439611404,-0.1843765493922764,-0.2432738310362206,16.70607124245713,-1.1885810985102638,0.0998093819611072
-1.63653733954219,-1.7253374243247717,-1.574555539838168,-1.3990387538381233,0.2719840973985815,0.2827799223540377,-0.6562485760894043,0.017588925890004,16.698650730866166,-0.1953905656152381,0.3746344864140215,-1.3350129605577623,-1.3670887393356392,-1.0974502230883127,-1.1987024269836175,0.1389168275072855,0.1488333439611404,-0.1843765493922764,-0.2432738310362206,16.70607124245713,-1.1885810985102638,0.0998093819611072,-1.1973122758339148,-1.2260980694015946,-1.2495876585603922,-1.186657918677966,-0.2054402598780765,-0.1993082423203095,-0.1430503747136041,-0.1134123402093615,16.66022812106168,0.2779351654067544,-0.299955854228961
-1.3350129605577623,-1.3670887393356392,-1.0974502230883127,-1.1987024269836175,0.1389168275072855,0.1488333439611404,-0.1843765493922764,-0.2432738310362206,16.70607124245713,-1.1885810985102638,0.0998093819611072,-1.1973122758339148,-1.2260980694015946,-1.2495876585603922,-1.186657918677966,-0.2054402598780765,-0.1993082423203095,-0.1430503747136041,-0.1134123402093615,16.66022812106168,0.2779351654067544,-0.299955854228961,-0.9032422561959476,-0.9313862597456825,-1.0794596516562676,-0.9254520860525874,1.226446309037425,1.221271197456533,1.893174709049971,1.8866039664235388,17.027776626442087,0.8205199534786367,1.1517126956449515
-1.1973122758339148,-1.2260980694015946,-1.2495876585603922,-1.186657918677966,-0.2054402598780765,-0.1993082423203095,-0.1430503747136041,-0.1134123402093615,16.66022812106168,0.2779351654067544,-0.299955854228961,-0.9032422561959476,-0.9313862597456825,-1.0794596516562676,-0.9254520860525874,1.226446309037425,1.221271197456533,1.893174709049971,1.8866039664235388,17.027776626442087,0.8205199534786367,1.1517126956449515,-0.991133619008626,-0.9590869951887572,-0.7143122595603334,-0.7697098964159186,0.9898662263839164,0.988272411741954,-1.6303227816180446,-0.7305984841502888,16.668093967493864,-1.3780951677844095,1.0132586669184
-0.9032422561959476,-0.9313862597456825,-1.0794596516562676,-0.9254520860525874,1.226446309037425,1.221271197456533,1.893174709049971,1.8866039664235388,17.027776626442087,0.8205199534786367,1.1517126956449515,-0.991133619008626,-0.9590869951887572,-0.7143122595603334,-0.7697098964159186,0.9898662263839164,0.988272411741954,-1.6303227816180446,-0.7305984841502888,16.668093967493864,-1.3780951677844095,1.0132586669184,-0.7168835661825045,-0.4749978813810707,-0.4901469921978514,-0.5322443511987133,0.9319234128199176,0.9289351024366694,1.832397501049816,1.5850841428911495,17.105798762281303,-0.0428903192734415,1.1492721157304626
-0.991133619008626,-0.9590869951887572,-0.7143122595603334,-0.7697098964159186,0.9898662263839164,0.988272411741954,-1.6303227816180446,-0.7305984841502888,16.668093967493864,-1.3780951677844095,1.0132586669184,-0.7168835661825045,-0.4749978813810707,-0.4901469921978514,-0.5322443511987133,0.9319234128199176,0.9289351024366694,1.832397501049816,1.5850841428911495,17.105798762281303,-0.0428903192734415,1.1492721157304626,-0.7749064652070623,-0.5097231641007148,-0.3814912070115321,-0.4094933988126952,0.4928258002901644,0.4942994775552157,-1.461255449950494,-1.353595600124146,16.607215458712872,-0.3789642094795014,0.1495999833045611
-0.7168835661825045,-0.4749978813810707,-0.4901469921978514,-0.5322443511987133,0.9319234128199176,0.9289351024366694,1.832397501049816,1.5850841428911495,17.105798762281303,-0.0428903192734415,1.1492721157304626,-0.7749064652070623,-0.5097231641007148,-0.3814912070115321,-0.4094933988126952,0.4928258002901644,0.4942994775552157,-1.461255449950494,-1.353595600124146,16.607215458712872,-0.3789642094795014,0.1495999833045611,-1.0135784060327842,-1.1828999065625494,-1.6320167317761385,-1.9143732127720237,-1.5552180937140967,-1.558300947546036,0.5226867365959864,-0.4857790936744408,16.797280865305204,1.0739248878301844,-1.9901354983848725
-0.7749064652070623,-0.5097231641007148,-0.3814912070115321,-0.4094933988126952,0.4928258002901644,0.4942994775552157,-1.461255449950494,-1.353595600124146,16.607215458712872,-0.3789642094795014,0.1495999833045611,-1.0135784060327842,-1.1828999065625494,-1.6320167317761385,-1.9143732127720237,-1.5552180937140967,-1.558300947546036,0.5226867365959864,-0.4857790936744408,16.797280865305204,1.0739248878301844,-1.9901354983848725,-2.2750949295050154,-1.6697022079929789,-1.2122891112966594,-0.9844163918829671,1.2711578516485351,1.257419026036025,-1.2896212345851474,-1.843671835510337,16.215585362946747,-0.4779681727659376,1.4678082606701364
-1.0135784060327842,-1.1828999065625494,-1.6320167317761385,-1.9143732127720237,-1.5552180937140967,-1.558300947546036,0.5226867365959864,-0.4857790936744408,16.797280865305204,1.0739248878301844,-1.9901354983848725,-2.2750949295050154,-1.6697022079929789,-1.2122891112966594,-0.9844163918829671,1.2711578516485351,1.257419026036025,-1.2896212345851474,-1.843671835510337,16.215585362946747,-0.4779681727659376,1.4678082606701364,-0.6997865251617276,1.4759106303385836,0.6006931148211143,1.256404737406437,1.702512295349465,1.681428884540751,1.914857493416956,0.4986388433404434,16.882278994063512,1.0781695650609604,1.978869758542162
-2.2750949295050154,-1.6697022079929789,-1.2122891112966594,-0.9844163918829671,1.2711578516485351,1.257419026036025,-1.2896212345851474,-1.843671835510337,16.215585362946747,-0.4779681727659376,1.4678082606701364,-0.6997865251617276,1.4759106303385836,0.6006931148211143,1.256404737406437,1.702512295349465,1.681428884540751,1.914857493416956,0.4986388433404434,16.882278994063512,1.0781695650609604,1.978869758542162,0.090456715174799,1.1921700234498849,1.0676687123089736,1.6633738776319276,0.5286977348547509,0.5313865283890951,-0.6239837875765013,-0.4410771871494873,16.650158225827298,-0.0690055037726909,0.7467352908755059
-0.6997865251617276,1.4759106303385836,0.6006931148211143,1.256404737406437,1.702512295349465,1.681428884540751,1.914857493416956,0.4986388433404434,16.882278994063512,1.0781695650609604,1.978869758542162,0.090456715174799,1.1921700234498849,1.0676687123089736,1.6633738776319276,0.5286977348547509,0.5313865283890951,-0.6239837875765013,-0.4410771871494873,16.650158225827298,-0.0690055037726909,0.7467352908755059,2.409998884900177,2.4042897840392237,2.144944540814846,1.8813318471733904,0.692513849918623,0.6918678547849365,1.4340309100009134,1.7827440764192437,17.304358587239047,1.502857535844874,0.5584140050392881
0.090456715174799,1.1921700234498849,1.0676687123089736,1.6633738776319276,0.5286977348547509,0.5313865283890951,-0.6239837875765013,-0.4410771871494873,16.650158225827298,-0.0690055037726909,0.7467352908755059,2.409998884900177,2.4042897840392237,2.144944540814846,1.8813318471733904,0.692513849918623,0.6918678547849365,1.4340309100009134,1.7827440764192437,17.304358587239047,1.502857535844874,0.5584140050392881,1.3259044474497192,1.2437982087883457,1.691883487109312,1.4224782799252518,-0.3282608842592354,-0.3198254045250945,-1.0131568755423592,-0.5178960100480838,16.732740657446595,-1.0767596208489605,-0.0340300408542615
2.409998884900177,2.4042897840392237,2.144944540814846,1.8813318471733904,0.692513849918623,0.6918678547849365,1.4340309100009134,1.7827440764192437,17.304358587239047,1.502857535844874,0.5584140050392881,1.3259044474497192,1.2437982087883457,1.691883487109312,1.4224782799252518,-0.3282608842592354,-0.3198254045250945,-1.0131568755423592,-0.5178960100480838,16.732740657446595,-1.0767596208489605,-0.0340300408542615,0.9992673409478716,2.066279259984533,1.347474054402414,2.238054154230893,2.029514911342765,2.0005224659759,0.6577545772233949,0.9212404617390652,17.14165391497793,2.4162497233939453,2.149395436405817
1.3259044474497192,1.2437982087883457,1.691883487109312,1.4224782799252518,-0.3282608842592354,-0.3198254045250945,-1.0131568755423592,-0.5178960100480838,16.732740657446595,-1.0767596208489605,-0.0340300408542615,0.9992673409478716,2.066279259984533,1.347474054402414,2.238054154230893,2.029514911342765,2.0005224659759,0.6577545772233949,0.9212404617390652,17.14165391497793,2.4162497233939453,2.149395436405817,1.985606784875557,1.5600383932077682,1.950275256710669,1.579408617524125,-0.5545695471102364,-0.5496640104689944,-0.7004406225337325,-0.2538628659476608,16.854604047485342,-0.3641698274409883,-0.2267921470043942
0.9992673409478716,2.066279259984533,1.347474054402414,2.238054154230893,2.029514911342765,2.0005224659759,0.6577545772233949,0.9212404617390652,17.14165391497793,2.4162497233939453,2.149395436405817,1.985606784875557,1.5600383932077682,1.950275256710669,1.579408617524125,-0.5545695471102364,-0.5496640104689944,-0.7004406225337325,-0.2538628659476608,16.854604047485342,-0.3641698274409883,-0.2267921470043942,1.3875001454074178,0.9905905596763118,0.67954419205125,0.3937755006235872,-1.6562660882702804,-1.680436776997119,0.3867517314095242,0.8438303310912347,17.1392003851791,1.1266672558577695,-1.6511381310417788
1.985606784875557,1.5600383932077682,1.950275256710669,1.579408617524125,-0.5545695471102364,-0.5496640104689944,-0.7004406225337325,-0.2538628659476608,16.854604047485342,-0.3641698274409883,-0.2267921470043942,1.3875001454074178,0.9905905596763118,0.67954419205125,0.3937755006235872,-1.6562660882702804,-1.680436776997119,0.3867517314095242,0.8438303310912347,17.1392003851791,1.1266672558577695,-1.6511381310417788,1.3412596860114478,1.4653040664266093,1.4313490671446438,1.5899962979996085,1.671032153895925,1.6431467313527326,0.536799330398345,1.6797856262450812,17.536256852632473,0.7113889029293037,1.6220558140205803
1.3875001454074178,0.9905905596763118,0.67954419205125,0.3937755006235872,-1.6562660882702804,-1.680436776997119,0.3867517314095242,0.8438303310912347,17.1392003851791,1.1266672558577695,-1.6511381310417788,1.3412596860114478,1.4653040664266093,1.4313490671446438,1.5899962979996085,1.671032153895925,1.6431467313527326,0.536799330398345,1.6797856262450812,17.536256852632473,0.7113889029293037,1.6220558140205803,1.1812367519077132,0.913291252638428,1.1602670963141817,1.069507316484664,-0.8624894824970504,-0.862000869758462,-0.1193041293619276,1.3804423179985217,17.664960064999107,-0.1928565277729354,-0.741828133220409
1.3412596860114478,1.4653040664266093,1.4313490671446438,1.5899962979996085,1.671032153895925,1.6431467313527326,0.536799330398345,1.6797856262450812,17.536256852632473,0.7113889029293037,1.6220558140205803,1.1812367519077132,0.913291252638428,1.1602670963141817,1.069507316484664,-0.8624894824970504,-0.862000869758462,-0.1193041293619276,1.3804423179985217,17.664960064999107,-0.1928565277729354,-0.741828133220409,2.5554260588106534,2.689153694162284,2.6703707304163395,2.6748179808464463,2.621571583870437,2.578563495205674,1.8792754397270728,2.512797217493789,18.614079067888945,2.0156380265021108,2.66497779229259
1.1812367519077132,0.913291252638428,1.1602670963141817,1.069507316484664,-0.8624894824970504,-0.862000869758462,-0.1193041293619276,1.3804423179985217,17.664960064999107,-0.1928565277729354,-0.741828133220409,2.5554260588106534,2.689153694162284,2.6703707304163395,2.6748179808464463,2.621571583870437,2.578563495205674,1.8792754397270728,2.512797217493789,18.614079067888945,2.0156380265021108,2.66497779229259,2.221395608591573,2.2526331955934946,2.2723352021301513,2.2798850312242407,0.8174952517920409,0.8671940031197211,-0.6187447381424049,1.063756117685032,18.5306394805697,1.7180582972737457,0.7913231915689034
2.5554260588106534,2.689153694162284,2.6703707304163395,2.6748179808464463,2.621571583870437,2.578563495205674,1.8792754397270728,2.512797217493789,18.614079067888945,2.0156380265021108,2.66497779229259,2.221395608591573,2.2526331955934946,2.2723352021301513,2.2798850312242407,0.8174952517920409,0.8671940031197211,-0.6187447381424049,1.063756117685032,18.5306394805697,1.7180582972737457,0.7913231915689034,1.8388434813860337,1.4637417333275686,1.7274209655313837,1.4678605660370996,-0.905653259613104,-0.9508621501445884,-1.0357890651210315,-0.436339362169396,18.069449541642893,-0.5374569315712424,-0.8795711838352844
2.221395608591573,2.2526331955934946,2.2723352021301513,2.2798850312242407,0.8174952517920409,0.8671940031197211,-0.6187447381424049,1.063756117685032,18.5306394805697,1.7180582972737457,0.7913231915689034,1.8388434813860337,1.4637417333275686,1.7274209655313837,1.4678605660370996,-0.905653259613104,-0.9508621501445884,-1.0357890651210315,-0.436339362169396,18.069449541642893,-0.5374569315712424,-0.8795711838352844,1.3890799820560045,1.1116617593279117,0.960012805397492,0.7590556465000182,-1.0760862838512109,-1.143315638713707,-0.6623248017461811,-0.8246578686209105,17.803755461058934,1.4250739981237313,-0.8430569605547129
1.8388434813860337,1.4637417333275686,1.7274209655313837,1.4678605660370996,-0.905653259613104,-0.9508621501445884,-1.0357890651210315,-0.436339362169396,18.069449541642893,-0.5374569315712424,-0.8795711838352844,1.3890799820560045,1.1116617593279117,0.960012805397492,0.7590556465000182,-1.0760862838512109,-1.143315638713707,-0.6623248017461811,-0.8246578686209105,17.803755461058934,1.4250739981237313,-0.8430569605547129,0.8172791707933875,0.5947083664477298,0.7331641327836468,0.4522002293967262,-0.5560607264383743,-0.5568571918673759,-0.7325891520861663,-1.143126273115403,17.525299893788965,-0.4127377873292658,-0.6151952463144248
1.3890799820560045,1.1116617593279117,0.960012805397492,0.7590556465000182,-1.0760862838512109,-1.143315638713707,-0.6623248017461811,-0.8246578686209105,17.803755461058934,1.4250739981237313,-0.8430569605547129,0.8172791707933875,0.5947083664477298,0.7331641327836468,0.4522002293967262,-0.5560607264383743,-0.5568571918673759,-0.7325891520861663,-1.143126273115403,17.525299893788965,-0.4127377873292658,-0.6151952463144248,0.4175843228755401,0.5274381487061884,0.6290116845843947,0.4113117969588336,-0.14047942182912,-0.1084098060403239,2.1405110136586116,0.4392334066133761,18.697633469771965,-0.1933887804799774,-0.297572410607983
0.8172791707933875,0.5947083664477298,0.7331641327836468,0.4522002293967262,-0.5560607264383743,-0.5568571918673759,-0.7325891520861663,-1.143126273115403,17.525299893788965,-0.4127377873292658,-0.6151952463144248,0.4175843228755401,0.5274381487061884,0.6290116845843947,0.4113117969588336,-0.14047942182912,-0.1084098060403239,2.1405110136586116,0.4392334066133761,18.697633469771965,-0.1933887804799774,-0.297572410607983,0.5308336024630618,0.5094863432872069,0.731336051309479,0.684578445122461,0.2644711789121625,0.3134298577756413,-1.096608611173409,-1.2691951170220923,17.520356885404286,-0.9059946984999814,0.1821808718244699
0.4175843228755401,0.5274381487061884,0.6290116845843947,0.4113117969588336,-0.14047942182912,-0.1084098060403239,2.1405110136586116,0.4392334066133761,18.697633469771965,-0.1933887804799774,-0.297572410607983,0.5308336024630618,0.5094863432872069,0.731336051309479,0.684578445122461,0.2644711789121625,0.3134298577756413,-1.096608611173409,-1.2691951170220923,17.520356885404286,-0.9059946984999814,0.1821808718244699,0.9000601556630823,0.6136746363731733,0.9690301525175068,0.8145665298842788,-0.0656937036786087,-0.0297783749011236,-0.7133543459074759,-1.3151373562223414,16.943463409150073,-1.2402396078710438,-0.1952222800859547
0.5308336024630618,0.5094863432872069,0.731336051309479,0.684578445122461,0.2644711789121625,0.3134298577756413,-1.096608611173409,-1.2691951170220923,17.520356885404286,-0.9059946984999814,0.1821808718244699,0.9000601556630823,0.6136746363731733,0.9690301525175068,0.8145665298842788,-0.0656937036786087,-0.0297783749011236,-0.7133543459074759,-1.3151373562223414,16.943463409150073,-1.2402396078710438,-0.1952222800859547,0.7725661533783044,0.785583625126341,0.9729775327460564,0.9185551208108476,-0.1059141204254325,-0.0727859940954924,0.0345477332149666,-1.002935334049044,17.163975048112494,-0.5158670646967036,-0.1143801112954592
0.9000601556630823,0.6136746363731733,0.9690301525175068,0.8145665298842788,-0.0656937036786087,-0.0297783749011236,-0.7133543459074759,-1.3151373562223414,16.943463409150073,-1.2402396078710438,-0.1952222800859547,0.7725661533783044,0.785583625126341,0.9729775327460564,0.9185551208108476,-0.1059141204254325,-0.0727859940954924,0.0345477332149666,-1.002935334049044,17.163975048112494,-0.5158670646967036,-0.1143801112954592,1.2840729307601573,0.8731768356152381,1.0648817910954702,0.7432458809183484,-0.5311636846418745,-0.5307383995699929,-0.1842739467567794,-0.8124325782175822,17.19249041499723,-0.5804440569480127,-0.4439207614016155
0.7725661533783044,0.785583625126341,0.9729775327460564,0.9185551208108476,-0.1059141204254325,-0.0727859940954924,0.0345477332149666,-1.002935334049044,17.163975048112494,-0.5158670646967036,-0.1143801112954592,1.2840729307601573,0.8731768356152381,1.0648817910954702,0.7432458809183484,-0.5311636846418745,-0.5307383995699929,-0.1842739467567794,-0.8124325782175822,17.19249041499723,-0.5804440569480127,-0.4439207614016155,0.0353960525198714,-0.0933366694280284,0.422103890868803,0.1029085412761775,-0.6054951979974126,-0.5996131816231779,-0.1295217412718181,-0.677284843278725,17.123012492106614,-0.76538187751041,-0.5235358112825877
1.2840729307601573,0.8731768356152381,1.0648817910954702,0.7432458809183484,-0.5311636846418745,-0.5307383995699929,-0.1842739467567794,-0.8124325782175822,17.19249041499723,-0.5804440569480127,-0.4439207614016155,0.0353960525198714,-0.0933366694280284,0.422103890868803,0.1029085412761775,-0.6054951979974126,-0.5996131816231779,-0.1295217412718181,-0.677284843278725,17.123012492106614,-0.76538187751041,-0.5235358112825877,0.125244498049397,-0.100790772426321,0.3670183208392647,-0.0911470697415123,-0.2503136253639718,-0.2348183254829773,-0.4327593158860066,-0.7305991006896911,16.701857616501425,-0.8146958712452842,-0.2933697841895087
0.0353960525198714,-0.0933366694280284,0.422103890868803,0.1029085412761775,-0.6054951979974126,-0.5996131816231779,-0.1295217412718181,-0.677284843278725,17.123012492106614,-0.76538187751041,-0.5235358112825877,0.125244498049397,-0.100790772426321,0.3670183208392647,-0.0911470697415123,-0.2503136253639718,-0.2348183254829773,-0.4327593158860066,-0.7305991006896911,16.701857616501425,-0.8146958712452842,-0.2933697841895087,0.214158999000977,0.2577306177962207,0.2742263236523995,0.0032556899135241,0.0928882590670734,0.1082327379546222,0.7540740834802457,0.0615070272452646,17.266316847898498,-0.1511712269382085,0.0990344268146527
0.125244498049397,-0.100790772426321,0.3670183208392647,-0.0911470697415123,-0.2503136253639718,-0.2348183254829773,-0.4327593158860066,-0.7305991006896911,16.701857616501425,-0.8146958712452842,-0.2933697841895087,0.214158999000977,0.2577306177962207,0.2742263236523995,0.0032556899135241,0.0928882590670734,0.1082327379546222,0.7540740834802457,0.0615070272452646,17.266316847898498,-0.1511712269382085,0.0990344268146527,-0.0520664805073271,-0.1765371859280985,-0.0194672037212677,-0.0405619478279749,-0.0776836721034532,-0.066553746000535,-0.3990993371268806,-0.0929261770569502,17.033313847872428,-0.4849968336632015,-0.6217569367889794
0.214158999000977,0.2577306177962207,0.2742263236523995,0.0032556899135241,0.0928882590670734,0.1082327379546222,0.7540740834802457,0.0615070272452646,17.266316847898498,-0.1511712269382085,0.0990344268146527,-0.0520664805073271,-0.1765371859280985,-0.0194672037212677,-0.0405619478279749,-0.0776836721034532,-0.066553746000535,-0.3990993371268806,-0.0929261770569502,17.033313847872428,-0.4849968336632015,-0.6217569367889794,0.2202882270313689,0.5145130481923524,0.4449583913271951,0.2378838031746045,0.3293449393126479,0.3403109864853674,0.2102821067019007,0.3825222773519214,17.342706057421314,0.0379605660182243,0.2245841058422677
-0.0520664805073271,-0.1765371859280985,-0.0194672037212677,-0.0405619478279749,-0.0776836721034532,-0.066553746000535,-0.3990993371268806,-0.0929261770569502,17.033313847872428,-0.4849968336632015,-0.6217569367889794,0.2202882270313689,0.5145130481923524,0.4449583913271951,0.2378838031746045,0.3293449393126479,0.3403109864853674,0.2102821067019007,0.3825222773519214,17.342706057421314,0.0379605660182243,0.2245841058422677,0.5245047661690041,-0.1247978164691785,-1.045173373052332,-1.3341296095271,-1.3340624744387333,-1.3531366808748635,-0.4210153745693078,1.6258574738743203,17.070857203109085,1.981100566928272,-1.2171344672352888
0.2202882270313689,0.5145130481923524,0.4449583913271951,0.2378838031746045,0.3293449393126479,0.3403109864853674,0.2102821067019007,0.3825222773519214,17.342706057421314,0.0379605660182243,0.2245841058422677,0.5245047661690041,-0.1247978164691785,-1.045173373052332,-1.3341296095271,-1.3340624744387333,-1.3531366808748635,-0.4210153745693078,1.6258574738743203,17.070857203109085,1.981100566928272,-1.2171344672352888,-1.7121412836977896,-1.730458801916509,-1.5264878528110268,-1.087236442084898,0.1910184330248741,0.200197098646575,-0.6934469808579954,0.5824324398674595,16.747050970287205,-0.7861831562231257,0.1040320059922236
0.5245047661690041,-0.1247978164691785,-1.045173373052332,-1.3341296095271,-1.3340624744387333,-1.3531366808748635,-0.4210153745693078,1.6258574738743203,17.070857203109085,1.981100566928272,-1.2171344672352888,-1.7121412836977896,-1.730458801916509,-1.5264878528110268,-1.087236442084898,0.1910184330248741,0.200197098646575,-0.6934469808579954,0.5824324398674595,16.747050970287205,-0.7861831562231257,0.1040320059922236,-1.6502831077782196,-1.886983604323078,-1.8995164023929416,-1.5123411700113976,-0.8258020335085973,-0.8251430506631029,0.6220084415812749,1.2324511322679388,16.987881647080844,-0.7749262813501938,-0.260845356863506
-1.7121412836977896,-1.730458801916509,-1.5264878528110268,-1.087236442084898,0.1910184330248741,0.200197098646575,-0.6934469808579954,0.5824324398674595,16.747050970287205,-0.7861831562231257,0.1040320059922236,-1.6502831077782196,-1.886983604323078,-1.8995164023929416,-1.5123411700113976,-0.8258020335085973,-0.8251430506631029,0.6220084415812749,1.2324511322679388,16.987881647080844,-0.7749262813501938,-0.260845356863506,-1.9879243127070216,-1.366005602737058,-1.744812106634389,-1.2292411608606713,0.8007004921312353,0.8023974627578474,-0.0937519800543718,1.062072663025893,16.984023224155607,1.0215558017839548,0.795140089810692
-1.6502831077782196,-1.886983604323078,-1.8995164023929416,-1.5123411700113976,-0.8258020335085973,-0.8251430506631029,0.6220084415812749,1.2324511322679388,16.987881647080844,-0.7749262813501938,-0.260845356863506,-1.9879243127070216,-1.366005602737058,-1.744812106634389,-1.2292411608606713,0.8007004921312353,0.8023974627578474,-0.0937519800543718,1.062072663025893,16.984023224155607,1.0215558017839548,0.795140089810692,-0.909103811027268,-1.023654079193098,-0.8933580891897166,-1.2299999830788084,0.2873196280898993,0.2932008191381163,-0.6719628096432252,0.0197203322558713,16.713800936222107,-0.4027453287536697,0.1297638804493776
-1.9879243127070216,-1.366005602737058,-1.744812106634389,-1.2292411608606713,0.8007004921312353,0.8023974627578474,-0.0937519800543718,1.062072663025893,16.984023224155607,1.0215558017839548,0.795140089810692,-0.909103811027268,-1.023654079193098,-0.8933580891897166,-1.2299999830788084,0.2873196280898993,0.2932008191381163,-0.6719628096432252,0.0197203322558713,16.713800936222107,-0.4027453287536697,0.1297638804493776,-0.4732462893715963,-0.8262073914892881,-0.2496913518422795,-0.3315385198784075,1.1305916277307968,1.1223719757941126,0.4730805939424092,0.7533769336124602,16.894922042169533,-1.442600191146626,0.0321065955690804
-0.909103811027268,-1.023654079193098,-0.8933580891897166,-1.2299999830788084,0.2873196280898993,0.2932008191381163,-0.6719628096432252,0.0197203322558713,16.713800936222107,-0.4027453287536697,0.1297638804493776,-0.4732462893715963,-0.8262073914892881,-0.2496913518422795,-0.3315385198784075,1.1305916277307968,1.1223719757941126,0.4730805939424092,0.7533769336124602,16.894922042169533,-1.442600191146626,0.0321065955690804,0.6613319658598371,0.7834897873200618,0.6382597938166984,0.091392253606182,0.464898738491213,0.4666062022054442,0.0255794495844199,1.0869343918797438,16.971314561564594,0.5749450284563619,1.0743873643235746
-0.4732462893715963,-0.8262073914892881,-0.2496913518422795,-0.3315385198784075,1.1305916277307968,1.1223719757941126,0.4730805939424092,0.7533769336124602,16.894922042169533,-1.442600191146626,0.0321065955690804,0.6613319658598371,0.7834897873200618,0.6382597938166984,0.091392253606182,0.464898738491213,0.4666062022054442,0.0255794495844199,1.0869343918797438,16.971314561564594,0.5749450284563619,1.0743873643235746,0.9457781185527498,0.7318718040770037,1.2998670182368954,1.7018122602895172,1.7006477543369982,1.6766284696185976,1.1821489892968846,2.2241600956665897,17.255819704537373,-1.1184882434745282,1.934639626364809
0.6613319658598371,0.7834897873200618,0.6382597938166984,0.091392253606182,0.464898738491213,0.4666062022054442,0.0255794495844199,1.0869343918797438,16.971314561564594,0.5749450284563619,1.0743873643235746,0.9457781185527498,0.7318718040770037,1.2998670182368954,1.7018122602895172,1.7006477543369982,1.6766284696185976,1.1821489892968846,2.2241600956665897,17.255819704537373,-1.1184882434745282,1.934639626364809,1.369946325590509,1.3659800624682896,1.7346713229469437,1.7471611766163144,0.4459052643357587,0.4506583683055205,-0.2362703212281948,1.5861172303500617,17.24637032873568,-1.0277754034119595,0.1377307443070879
0.9457781185527498,0.7318718040770037,1.2998670182368954,1.7018122602895172,1.7006477543369982,1.6766284696185976,1.1821489892968846,2.2241600956665897,17.255819704537373,-1.1184882434745282,1.934639626364809,1.369946325590509,1.3659800624682896,1.7346713229469437,1.7471611766163144,0.4459052643357587,0.4506583683055205,-0.2362703212281948,1.5861172303500617,17.24637032873568,-1.0277754034119595,0.1377307443070879,1.6597032149857684,1.7562916668665345,1.8062377052288203,1.5866988284730317,0.0239467580039425,0.0323166220330602,-0.2276948263075247,1.1429542370605226,17.203639619894105,-0.5680472388013631,-0.3200203632144607
1.369946325590509,1.3659800624682896,1.7346713229469437,1.7471611766163144,0.4459052643357587,0.4506583683055205,-0.2362703212281948,1.5861172303500617,17.24637032873568,-1.0277754034119595,0.1377307443070879,1.6597032149857684,1.7562916668665345,1.8062377052288203,1.5866988284730317,0.0239467580039425,0.0323166220330602,-0.2276948263075247,1.1429542370605226,17.203639619894105,-0.5680472388013631,-0.3200203632144607,0.6572914354907246,0.7180485554185612,0.9569327217121744,1.1929470058482494,-0.5302996488013004,-0.526774594891302,-1.6336924446472685,-1.0583279461919328,16.686467336752322,-1.2406250570272166,-0.9830419195709722
1.6597032149857684,1.7562916668665345,1.8062377052288203,1.5866988284730317,0.0239467580039425,0.0323166220330602,-0.2276948263075247,1.1429542370605226,17.203639619894105,-0.5680472388013631,-0.3200203632144607,0.6572914354907246,0.7180485554185612,0.9569327217121744,1.1929470058482494,-0.5302996488013004,-0.526774594891302,-1.6336924446472685,-1.0583279461919328,16.686467336752322,-1.2406250570272166,-0.9830419195709722,1.1559575819792407,1.5739470207796076,1.362835706349529,1.4097907360171973,0.7822234838851547,0.7843102460580083,1.4529563378422523,0.2305444445706585,17.04977934102895,0.3173743666669211,1.5445403283588897
0.6572914354907246,0.7180485554185612,0.9569327217121744,1.1929470058482494,-0.5302996488013004,-0.526774594891302,-1.6336924446472685,-1.0583279461919328,16.686467336752322,-1.2406250570272166,-0.9830419195709722,1.1559575819792407,1.5739470207796076,1.362835706349529,1.4097907360171973,0.7822234838851547,0.7843102460580083,1.4529563378422523,0.2305444445706585,17.04977934102895,0.3173743666669211,1.5445403283588897,-1.8233233023994369,-1.9155013552417672,-2.369418668508977,-2.3265288401589124,-2.794010501378541,-2.8035395798939446,2.7183488413416614,2.7160192007458184,18.321626976660276,2.7093322895114698,-2.784901100369468
1.1559575819792407,1.5739470207796076,1.362835706349529,1.4097907360171973,0.7822234838851547,0.7843102460580083,1.4529563378422523,0.2305444445706585,17.04977934102895,0.3173743666669211,1.5445403283588897,-1.8233233023994369,-1.9155013552417672,-2.369418668508977,-2.3265288401589124,-2.794010501378541,-2.8035395798939446,2.7183488413416614,2.7160192007458184,18.321626976660276,2.7093322895114698,-2.784901100369468,-1.8540342733153503,-1.9628777896497036,-1.6761990399322,-1.5167051922171009,0.5378509504830316,0.5178887077691938,-0.7995593248317786,0.3820482790206245,17.733833695815292,0.6008329450049112,0.5043629944710037
-1.8233233023994369,-1.9155013552417672,-2.369418668508977,-2.3265288401589124,-2.794010501378541,-2.8035395798939446,2.7183488413416614,2.7160192007458184,18.321626976660276,2.7093322895114698,-2.784901100369468,-1.8540342733153503,-1.9628777896497036,-1.6761990399322,-1.5167051922171009,0.5378509504830316,0.5178887077691938,-0.7995593248317786,0.3820482790206245,17.733833695815292,0.6008329450049112,0.5043629944710037,-1.4412401993896613,-1.4628363202062469,-1.194415988782648,-1.3061933374686143,0.0299905190537582,0.055671658268287,-0.6746761155440709,-0.5561452212612135,17.29778706388086,0.1142719096093206,0.1832007675079202
-1.8540342733153503,-1.9628777896497036,-1.6761990399322,-1.5167051922171009,0.5378509504830316,0.5178887077691938,-0.7995593248317786,0.3820482790206245,17.733833695815292,0.6008329450049112,0.5043629944710037,-1.4412401993896613,-1.4628363202062469,-1.194415988782648,-1.3061933374686143,0.0299905190537582,0.055671658268287,-0.6746761155440709,-0.5561452212612135,17.29778706388086,0.1142719096093206,0.1832007675079202,-0.6975682359224726,-0.6625344128907115,-0.5091606929545063,-0.6436715559191674,0.7859378605187318,0.7403036044015291,0.0666061730472024,-0.2497885660096578,17.56382571564665,-0.0960738275879526,0.813479729901182
-1.4412401993896613,-1.4628363202062469,-1.194415988782648,-1.3061933374686143,0.0299905190537582,0.055671658268287,-0.6746761155440709,-0.5561452212612135,17.29778706388086,0.1142719096093206,0.1832007675079202,-0.6975682359224726,-0.6625344128907115,-0.5091606929545063,-0.6436715559191674,0.7859378605187318,0.7403036044015291,0.0666061730472024,-0.2497885660096578,17.56382571564665,-0.0960738275879526,0.813479729901182,-0.5207685792356985,-0.2603790084809325,-0.295735875017219,-0.2600371497333258,0.4412432266297367,0.4321479782809359,-0.3036042283435918,-0.4090314059302715,17.5327588104294,0.2329114246152775,0.6041483487347004
-0.6975682359224726,-0.6625344128907115,-0.5091606929545063,-0.6436715559191674,0.7859378605187318,0.7403036044015291,0.0666061730472024,-0.2497885660096578,17.56382571564665,-0.0960738275879526,0.813479729901182,-0.5207685792356985,-0.2603790084809325,-0.295735875017219,-0.2600371497333258,0.4412432266297367,0.4321479782809359,-0.3036042283435918,-0.4090314059302715,17.5327588104294,0.2329114246152775,0.6041483487347004,-0.6506698546498367,-0.5399797120230062,-0.3493552573605826,-0.3616887050821513,-0.1505946065622608,-0.1121985152997365,-0.6307317694834614,-0.9391809083098788,17.014481631121775,-0.3097216281555892,-0.0293601167767505
-0.5207685792356985,-0.2603790084809325,-0.295735875017219,-0.2600371497333258,0.4412432266297367,0.4321479782809359,-0.3036042283435918,-0.4090314059302715,17.5327588104294,0.2329114246152775,0.6041483487347004,-0.6506698546498367,-0.5399797120230062,-0.3493552573605826,-0.3616887050821513,-0.1505946065622608,-0.1121985152997365,-0.6307317694834614,-0.9391809083098788,17.014481631121775,-0.3097216281555892,-0.0293601167767505,-0.2736290245040744,-0.2795481963250604,-0.13364955027487,0.0357037787849907,0.4428725667713032,0.4348361692745977,-0.2117061795064193,-0.8203546587984324,16.983871774663786,-0.3281193996751808,0.3540128540348509
-0.6506698546498367,-0.5399797120230062,-0.3493552573605826,-0.3616887050821513,-0.1505946065622608,-0.1121985152997365,-0.6307317694834614,-0.9391809083098788,17.014481631121775,-0.3097216281555892,-0.0293601167767505,-0.2736290245040744,-0.2795481963250604,-0.13364955027487,0.0357037787849907,0.4428725667713032,0.4348361692745977,-0.2117061795064193,-0.8203546587984324,16.983871774663786,-0.3281193996751808,0.3540128540348509,0.942223944870866,0.9252781535756122,0.7420429125882305,0.7673474530067332,0.7024334564220055,0.6678598465848252,0.0459334182843141,-0.5289679020181018,17.189542305804927,-0.0262464033767876,0.6949000509319372
-0.2736290245040744,-0.2795481963250604,-0.13364955027487,0.0357037787849907,0.4428725667713032,0.4348361692745977,-0.2117061795064193,-0.8203546587984324,16.983871774663786,-0.3281193996751808,0.3540128540348509,0.942223944870866,0.9252781535756122,0.7420429125882305,0.7673474530067332,0.7024334564220055,0.6678598465848252,0.0459334182843141,-0.5289679020181018,17.189542305804927,-0.0262464033767876,0.6949000509319372,1.0605362649853198,0.7598644804142474,0.9183961317318792,0.8499103795618235,-0.0156922141763544,0.0148521118648197,-0.5350847533189497,-0.8080302767241556,16.868072071742077,-0.8196906824712342,-0.089200790567121
0.942223944870866,0.9252781535756122,0.7420429125882305,0.7673474530067332,0.7024334564220055,0.6678598465848252,0.0459334182843141,-0.5289679020181018,17.189542305804927,-0.0262464033767876,0.6949000509319372,1.0605362649853198,0.7598644804142474,0.9183961317318792,0.8499103795618235,-0.0156922141763544,0.0148521118648197,-0.5350847533189497,-0.8080302767241556,16.868072071742077,-0.8196906824712342,-0.089200790567121,1.3871300040293928,1.1859288525731655,0.9129942872234378,0.6545645287400391,-0.3393448731553892,-0.2913914128405341,-0.1310730731443934,-0.6798234775115113,16.911879753552743,0.0870214979537841,-0.2313932387511963
1.0605362649853198,0.7598644804142474,0.9183961317318792,0.8499103795618235,-0.0156922141763544,0.0148521118648197,-0.5350847533189497,-0.8080302767241556,16.868072071742077,-0.8196906824712342,-0.089200790567121,1.3871300040293928,1.1859288525731655,0.9129942872234378,0.6545645287400391,-0.3393448731553892,-0.2913914128405341,-0.1310730731443934,-0.6798234775115113,16.911879753552743,0.0870214979537841,-0.2313932387511963,0.5257942009941655,0.9826018941720353,1.0050856232160388,1.3781016985702088,1.113170517254621,1.1041430504476626,0.6324313671474975,-0.2882868858279641,16.98945600210588,-0.4216571326652277,1.084702135273398
1.3871300040293928,1.1859288525731655,0.9129942872234378,0.6545645287400391,-0.3393448731553892,-0.2913914128405341,-0.1310730731443934,-0.6798234775115113,16.911879753552743,0.0870214979537841,-0.2313932387511963,0.5257942009941655,0.9826018941720353,1.0050856232160388,1.3781016985702088,1.113170517254621,1.1041430504476626,0.6324313671474975,-0.2882868858279641,16.98945600210588,-0.4216571326652277,1.084702135273398,0.8527014942783164,1.018267541368763,1.1348917823681577,1.1577066079836504,-0.4819256929314164,-0.4726410098548952,-0.6643897392222778,-0.5467551058276696,16.73199402945159,-0.729647920806568,-0.5877753023716318
0.5257942009941655,0.9826018941720353,1.0050856232160388,1.3781016985702088,1.113170517254621,1.1041430504476626,0.6324313671474975,-0.2882868858279641,16.98945600210588,-0.4216571326652277,1.084702135273398,0.8527014942783164,1.018267541368763,1.1348917823681577,1.1577066079836504,-0.4819256929314164,-0.4726410098548952,-0.6643897392222778,-0.5467551058276696,16.73199402945159,-0.729647920806568,-0.5877753023716318,0.4822514278876207,0.7576655667759443,1.0500451378925997,1.1920260624685832,-0.3199315853148919,-0.3089204672072645,-0.3180942526863231,-0.5974486574482787,16.612627306080046,-1.2537253395386858,-0.2462563021298875
0.8527014942783164,1.018267541368763,1.1348917823681577,1.1577066079836504,-0.4819256929314164,-0.4726410098548952,-0.6643897392222778,-0.5467551058276696,16.73199402945159,-0.729647920806568,-0.5877753023716318,0.4822514278876207,0.7576655667759443,1.0500451378925997,1.1920260624685832,-0.3199315853148919,-0.3089204672072645,-0.3180942526863231,-0.5974486574482787,16.612627306080046,-1.2537253395386858,-0.2462563021298875,1.0072063835792868,0.6684687155012357,0.9584780651080154,0.9515487124023952,-0.477349835716541,-0.4700213791163329,1.4898960654104272,1.0000442110098018,16.85822188041763,-1.1518113285565257,-0.9888820108074045
0.4822514278876207,0.7576655667759443,1.0500451378925997,1.1920260624685832,-0.3199315853148919,-0.3089204672072645,-0.3180942526863231,-0.5974486574482787,16.612627306080046,-1.2537253395386858,-0.2462563021298875,1.0072063835792868,0.6684687155012357,0.9584780651080154,0.9515487124023952,-0.477349835716541,-0.4700213791163329,1.4898960654104272,1.0000442110098018,16.85822188041763,-1.1518113285565257,-0.9888820108074045,0.6491559620939387,0.3587220480812905,0.5379859380621047,0.4155331512858589,-0.7079696035315564,-0.7074233830190467,-0.5819566082382962,0.9115557554232284,16.648064920233796,-0.6661840229139329,-0.7648638190191754
1.0072063835792868,0.6684687155012357,0.9584780651080154,0.9515487124023952,-0.477349835716541,-0.4700213791163329,1.4898960654104272,1.0000442110098018,16.85822188041763,-1.1518113285565257,-0.9888820108074045,0.6491559620939387,0.3587220480812905,0.5379859380621047,0.4155331512858589,-0.7079696035315564,-0.7074233830190467,-0.5819566082382962,0.9115557554232284,16.648064920233796,-0.6661840229139329,-0.7648638190191754,-0.2547562835499618,-0.5561748881480256,-0.5121304905124652,-0.6113888177667685,-0.995236368067681,-1.0022728150165816,1.959936943060807,2.3979029067931834,17.076698504960913,-0.0161605612919255,-1.1204036472145034
0.6491559620939387,0.3587220480812905,0.5379859380621047,0.4155331512858589,-0.7079696035315564,-0.7074233830190467,-0.5819566082382962,0.9115557554232284,16.648064920233796,-0.6661840229139329,-0.7648638190191754,-0.2547562835499618,-0.5561748881480256,-0.5121304905124652,-0.6113888177667685,-0.995236368067681,-1.0022728150165816,1.959936943060807,2.3979029067931834,17.076698504960913,-0.0161605612919255,-1.1204036472145034,-1.4150610310483462,-2.2665052186548347,-1.2517607272653146,-0.8912546323701941,-0.0909642955052906,-0.0811558808717696,-1.2958191805368855,0.0858387272687595,16.611296934437405,-1.3948544774250031,-0.128868735556435
-0.2547562835499618,-0.5561748881480256,-0.5121304905124652,-0.6113888177667685,-0.995236368067681,-1.0022728150165816,1.959936943060807,2.3979029067931834,17.076698504960913,-0.0161605612919255,-1.1204036472145034,-1.4150610310483462,-2.2665052186548347,-1.2517607272653146,-0.8912546323701941,-0.0909642955052906,-0.0811558808717696,-1.2958191805368855,0.0858387272687595,16.611296934437405,-1.3948544774250031,-0.128868735556435,-0.9472108175218512,-1.689902350283116,-1.4704364075061565,-1.1683138180813826,-0.3374851908577383,-0.3337983444041791,0.0319623065699711,0.2690891005180615,16.594578308398138,-0.4830928251747186,-0.0764330353972651
-1.4150610310483462,-2.2665052186548347,-1.2517607272653146,-0.8912546323701941,-0.0909642955052906,-0.0811558808717696,-1.2958191805368855,0.0858387272687595,16.611296934437405,-1.3948544774250031,-0.128868735556435,-0.9472108175218512,-1.689902350283116,-1.4704364075061565,-1.1683138180813826,-0.3374851908577383,-0.3337983444041791,0.0319623065699711,0.2690891005180615,16.594578308398138,-0.4830928251747186,-0.0764330353972651,-1.4505630057915118,-1.5552691579215108,-2.2086637930777537,-2.0041850784663353,-1.3617602457435154,-1.3860669387258098,1.565560208354199,1.829333470401835,17.02971955008888,1.9048608188318148,-0.8028310237558194
-0.9472108175218512,-1.689902350283116,-1.4704364075061565,-1.1683138180813826,-0.3374851908577383,-0.3337983444041791,0.0319623065699711,0.2690891005180615,16.594578308398138,-0.4830928251747186,-0.0764330353972651,-1.4505630057915118,-1.5552691579215108,-2.2086637930777537,-2.0041850784663353,-1.3617602457435154,-1.3860669387258098,1.565560208354199,1.829333470401835,17.02971955008888,1.9048608188318148,-0.8028310237558194,-2.144952540471038,-2.1733508112659465,-2.24138851200885,-2.2717124894459904,-1.6394554730615365,-1.6698695160776251,0.7517877992804752,2.0950943451773876,17.313544257319982,1.7921795056446843,-1.7316341791242265
-1.4505630057915118,-1.5552691579215108,-2.2086637930777537,-2.0041850784663353,-1.3617602457435154,-1.3860669387258098,1.565560208354199,1.829333470401835,17.02971955008888,1.9048608188318148,-0.8028310237558194,-2.144952540471038,-2.1733508112659465,-2.24138851200885,-2.2717124894459904,-1.6394554730615365,-1.6698695160776251,0.7517877992804752,2.0950943451773876,17.313544257319982,1.7921795056446843,-1.7316341791242265,-2.3409258885064177,-2.250847706776858,-1.999606696356176,-1.915089227809461,-0.6364354809537027,-0.6278912053931845,-0.2327322018822197,1.4436121565904292,17.31506803945026,0.2332661492349046,-0.5711538474238326
-2.144952540471038,-2.1733508112659465,-2.24138851200885,-2.2717124894459904,-1.6394554730615365,-1.6698695160776251,0.7517877992804752,2.0950943451773876,17.313544257319982,1.7921795056446843,-1.7316341791242265,-2.3409258885064177,-2.250847706776858,-1.999606696356176,-1.915089227809461,-0.6364354809537027,-0.6278912053931845,-0.2327322018822197,1.4436121565904292,17.31506803945026,0.2332661492349046,-0.5711538474238326,-1.692377464704865,-1.352654208172253,-1.2050509461960386,-0.8521730677474517,2.228157863743815,2.1963970297272586,-1.2316691009353058,-0.2438732707050281,16.87741912015718,0.0671919272521639,2.350653389035433
-2.3409258885064177,-2.250847706776858,-1.999606696356176,-1.915089227809461,-0.6364354809537027,-0.6278912053931845,-0.2327322018822197,1.4436121565904292,17.31506803945026,0.2332661492349046,-0.5711538474238326,-1.692377464704865,-1.352654208172253,-1.2050509461960386,-0.8521730677474517,2.228157863743815,2.1963970297272586,-1.2316691009353058,-0.2438732707050281,16.87741912015718,0.0671919272521639,2.350653389035433,-0.5725841398249066,-0.6221178539014317,-1.527939309058723,-1.608423621779793,-1.6438400295836664,-1.685385244994752,0.5453848688452928,0.2958714958445575,17.132344000532974,2.5342428916893343,-1.452936309591079
-1.692377464704865,-1.352654208172253,-1.2050509461960386,-0.8521730677474517,2.228157863743815,2.1963970297272586,-1.2316691009353058,-0.2438732707050281,16.87741912015718,0.0671919272521639,2.350653389035433,-0.5725841398249066,-0.6221178539014317,-1.527939309058723,-1.608423621779793,-1.6438400295836664,-1.685385244994752,0.5453848688452928,0.2958714958445575,17.132344000532974,2.5342428916893343,-1.452936309591079,-1.8734160351110591,-1.8282470002900777,-1.484482582063534,-1.218363560791346,0.726495101107587,0.7362160017942345,0.906938935682894,1.301726935592494,17.498049981491015,-0.1509107884176285,0.2063657517136103
-0.5725841398249066,-0.6221178539014317,-1.527939309058723,-1.608423621779793,-1.6438400295836664,-1.685385244994752,0.5453848688452928,0.2958714958445575,17.132344000532974,2.5342428916893343,-1.452936309591079,-1.8734160351110591,-1.8282470002900777,-1.484482582063534,-1.218363560791346,0.726495101107587,0.7362160017942345,0.906938935682894,1.301726935592494,17.498049981491015,-0.1509107884176285,0.2063657517136103,-1.00659342789984,-1.2833379589544642,-1.6601398131193577,-1.6399084576648466,-1.0899450453114643,-1.104293362244616,-0.5604763805335602,0.5191711615649106,17.438132708012507,1.6925686545701093,-0.8783209854351305
-1.8734160351110591,-1.8282470002900777,-1.484482582063534,-1.218363560791346,0.726495101107587,0.7362160017942345,0.906938935682894,1.301726935592494,17.498049981491015,-0.1509107884176285,0.2063657517136103,-1.00659342789984,-1.2833379589544642,-1.6601398131193577,-1.6399084576648466,-1.0899450453114643,-1.104293362244616,-0.5604763805335602,0.5191711615649106,17.438132708012507,1.6925686545701093,-0.8783209854351305,-1.6722209843822753,-1.6617946603124258,-1.5228730022971095,-1.3194359781883322,0.53074755202387,0.5448324080794221,-0.2204395566973982,0.3370036454061059,17.45073870291561,0.5651682176501419,0.8320079385148785
-1.00659342789984,-1.2833379589544642,-1.6601398131193577,-1.6399084576648466,-1.0899450453114643,-1.104293362244616,-0.5604763805335602,0.5191711615649106,17.438132708012507,1.6925686545701093,-0.8783209854351305,-1.6722209843822753,-1.6617946603124258,-1.5228730022971095,-1.3194359781883322,0.53074755202387,0.5448324080794221,-0.2204395566973982,0.3370036454061059,17.45073870291561,0.5651682176501419,0.8320079385148785,-1.2048584768122996,-1.3279003752470075,-0.9074788537364724,-0.8786280514843453,1.0017767050317845,1.0033822265212469,-1.3402214958865684,-1.315610537406276,17.059839720632183,-0.7270776371660024,0.7085011077094558
-1.6722209843822753,-1.6617946603124258,-1.5228730022971095,-1.3194359781883322,0.53074755202387,0.5448324080794221,-0.2204395566973982,0.3370036454061059,17.45073870291561,0.5651682176501419,0.8320079385148785,-1.2048584768122996,-1.3279003752470075,-0.9074788537364724,-0.8786280514843453,1.0017767050317845,1.0033822265212469,-1.3402214958865684,-1.315610537406276,17.059839720632183,-0.7270776371660024,0.7085011077094558,-1.5888108199945057,-1.5187202920288123,-1.380843949855838,-1.5411961867206183,-0.9949320806544184,-1.0054172740630511,2.1592075184517667,1.3700854717007267,17.856174786102635,-0.3328341409329497,-0.8798773015971575
-1.2048584768122996,-1.3279003752470075,-0.9074788537364724,-0.8786280514843453,1.0017767050317845,1.0033822265212469,-1.3402214958865684,-1.315610537406276,17.059839720632183,-0.7270776371660024,0.7085011077094558,-1.5888108199945057,-1.5187202920288123,-1.380843949855838,-1.5411961867206183,-0.9949320806544184,-1.0054172740630511,2.1592075184517667,1.3700854717007267,17.856174786102635,-0.3328341409329497,-0.8798773015971575,-0.956116978243336,-0.7201929619031179,-0.9214121981081208,-0.1169664302818533,1.816898336475843,1.7753641133644835,0.273481016831592,1.646567782978131,18.126697541009182,0.4856481686294089,1.9194278085501255
-1.5888108199945057,-1.5187202920288123,-1.380843949855838,-1.5411961867206183,-0.9949320806544184,-1.0054172740630511,2.1592075184517667,1.3700854717007267,17.856174786102635,-0.3328341409329497,-0.8798773015971575,-0.956116978243336,-0.7201929619031179,-0.9214121981081208,-0.1169664302818533,1.816898336475843,1.7753641133644835,0.273481016831592,1.646567782978131,18.126697541009182,0.4856481686294089,1.9194278085501255,-0.660374813105814,-0.8600144513480793,-0.8615733747215508,-0.9502583522447828,-0.8080568551449707,-0.8104500469681087,-1.068786778495428,-0.6982053907205769,17.604622172673736,0.0087215651890362,-0.5123550569253934
-0.956116978243336,-0.7201929619031179,-0.9214121981081208,-0.1169664302818533,1.816898336475843,1.7753641133644835,0.273481016831592,1.646567782978131,18.126697541009182,0.4856481686294089,1.9194278085501255,-0.660374813105814,-0.8600144513480793,-0.8615733747215508,-0.9502583522447828,-0.8080568551449707,-0.8104500469681087,-1.068786778495428,-0.6982053907205769,17.604622172673736,0.0087215651890362,-0.5123550569253934,-0.6452728214473274,-0.393621770448911,-0.2251562534946863,-0.2625704381469092,0.649468023011545,0.6644983587973172,-0.3176903282261519,-0.7683325622918166,17.556821182589108,-0.3782969222922335,0.804210876362975
-0.660374813105814,-0.8600144513480793,-0.8615733747215508,-0.9502583522447828,-0.8080568551449707,-0.8104500469681087,-1.068786778495428,-0.6982053907205769,17.604622172673736,0.0087215651890362,-0.5123550569253934,-0.6452728214473274,-0.393621770448911,-0.2251562534946863,-0.2625704381469092,0.649468023011545,0.6644983587973172,-0.3176903282261519,-0.7683325622918166,17.556821182589108,-0.3782969222922335,0.804210876362975,0.2098571902345377,0.1961497178790831,0.9942270512922684,0.5723512590355865,0.5703222857732906,0.5878562323361355,-0.8211817253923702,-1.4665504412739396,17.2302722273132,-1.0111685724545731,0.4411749319072655
-0.6452728214473274,-0.393621770448911,-0.2251562534946863,-0.2625704381469092,0.649468023011545,0.6644983587973172,-0.3176903282261519,-0.7683325622918166,17.556821182589108,-0.3782969222922335,0.804210876362975,0.2098571902345377,0.1961497178790831,0.9942270512922684,0.5723512590355865,0.5703222857732906,0.5878562323361355,-0.8211817253923702,-1.4665504412739396,17.2302722273132,-1.0111685724545731,0.4411749319072655,0.2406605254631817,0.0756666616676652,0.8013761433616579,0.2320876394862792,-0.2636110436510421,-0.2447729388212029,-0.3761022443994135,-1.3549625512021304,17.120053893905332,-0.9865439572378064,-0.1165689791246226
0.2098571902345377,0.1961497178790831,0.9942270512922684,0.5723512590355865,0.5703222857732906,0.5878562323361355,-0.8211817253923702,-1.4665504412739396,17.2302722273132,-1.0111685724545731,0.4411749319072655,0.2406605254631817,0.0756666616676652,0.8013761433616579,0.2320876394862792,-0.2636110436510421,-0.2447729388212029,-0.3761022443994135,-1.3549625512021304,17.120053893905332,-0.9865439572378064,-0.1165689791246226,0.7231976243716597,0.4179357210857525,1.5002549238394354,1.160659465401809,0.4759998183186709,0.492812537158584,-0.1646261599636917,-1.114319766577498,17.069788313709477,-1.3777812698562846,-0.1001795438554265
0.2406605254631817,0.0756666616676652,0.8013761433616579,0.2320876394862792,-0.2636110436510421,-0.2447729388212029,-0.3761022443994135,-1.3549625512021304,17.120053893905332,-0.9865439572378064,-0.1165689791246226,0.7231976243716597,0.4179357210857525,1.5002549238394354,1.160659465401809,0.4759998183186709,0.492812537158584,-0.1646261599636917,-1.114319766577498,17.069788313709477,-1.3777812698562846,-0.1001795438554265,-0.4557988836333383,0.5266703218445755,0.370300441624835,0.7928457687830692,-0.2291199000073438,-0.2108878392155848,-0.0018936652706081,-0.8419726482479619,17.1050536224491,-0.0848282255361229,-0.5517683427687091
0.7231976243716597,0.4179357210857525,1.5002549238394354,1.160659465401809,0.4759998183186709,0.492812537158584,-0.1646261599636917,-1.114319766577498,17.069788313709477,-1.3777812698562846,-0.1001795438554265,-0.4557988836333383,0.5266703218445755,0.370300441624835,0.7928457687830692,-0.2291199000073438,-0.2108878392155848,-0.0018936652706081,-0.8419726482479619,17.1050536224491,-0.0848282255361229,-0.5517683427687091,0.0456402610781356,-0.5134095946766319,0.1466374204956673,-0.3515760152857545,-0.7067668839126785,-0.7005098806718028,-0.2122774746680413,-0.7423453796523382,17.032424499597486,-0.8838194741094083,-0.6596806797649217
-0.4557988836333383,0.5266703218445755,0.370300441624835,0.7928457687830692,-0.2291199000073438,-0.2108878392155848,-0.0018936652706081,-0.8419726482479619,17.1050536224491,-0.0848282255361229,-0.5517683427687091,0.0456402610781356,-0.5134095946766319,0.1466374204956673,-0.3515760152857545,-0.7067668839126785,-0.7005098806718028,-0.2122774746680413,-0.7423453796523382,17.032424499597486,-0.8838194741094083,-0.6596806797649217,-0.1432070581635514,0.8277566282737466,0.1506967984880456,0.8681941550318815,0.7373969108218534,0.7471134834871624,0.8692515387418538,-0.0852803650521064,17.45211468302084,0.7325914213064306,0.5489560712619936
0.0456402610781356,-0.5134095946766319,0.1466374204956673,-0.3515760152857545,-0.7067668839126785,-0.7005098806718028,-0.2122774746680413,-0.7423453796523382,17.032424499597486,-0.8838194741094083,-0.6596806797649217,-0.1432070581635514,0.8277566282737466,0.1506967984880456,0.8681941550318815,0.7373969108218534,0.7471134834871624,0.8692515387418538,-0.0852803650521064,17.45211468302084,0.7325914213064306,0.5489560712619936,0.3144016623823679,-0.6176666197723942,0.5260079845311217,-0.2572372807768484,-0.736088217952776,-0.7338114397824727,-0.5412704204119528,-0.1730920119445871,17.263273440590485,-1.1290744013314824,-0.86931534819839
-0.1432070581635514,0.8277566282737466,0.1506967984880456,0.8681941550318815,0.7373969108218534,0.7471134834871624,0.8692515387418538,-0.0852803650521064,17.45211468302084,0.7325914213064306,0.5489560712619936,0.3144016623823679,-0.6176666197723942,0.5260079845311217,-0.2572372807768484,-0.736088217952776,-0.7338114397824727,-0.5412704204119528,-0.1730920119445871,17.263273440590485,-1.1290744013314824,-0.86931534819839,-0.7757245110720898,-1.1352505140414333,-0.0076960997519811,0.1331377384901984,0.2337033942032685,0.2449200743037058,1.401435399062607,1.870078283063271,17.578720304159884,-1.0333065124759828,0.2043949326485307
0.3144016623823679,-0.6176666197723942,0.5260079845311217,-0.2572372807768484,-0.736088217952776,-0.7338114397824727,-0.5412704204119528,-0.1730920119445871,17.263273440590485,-1.1290744013314824,-0.86931534819839,-0.7757245110720898,-1.1352505140414333,-0.0076960997519811,0.1331377384901984,0.2337033942032685,0.2449200743037058,1.401435399062607,1.870078283063271,17.578720304159884,-1.0333065124759828,0.2043949326485307,0.9723400880725904,0.4807691895031281,0.8481539307396375,-0.2913544854687758,-0.2744125089185786,-0.2647831269153267,-0.8882970177111339,0.7829856436822277,17.317466914415384,-0.4653883552601869,-1.0402097556930645
-0.7757245110720898,-1.1352505140414333,-0.0076960997519811,0.1331377384901984,0.2337033942032685,0.2449200743037058,1.401435399062607,1.870078283063271,17.578720304159884,-1.0333065124759828,0.2043949326485307,0.9723400880725904,0.4807691895031281,0.8481539307396375,-0.2913544854687758,-0.2744125089185786,-0.2647831269153267,-0.8882970177111339,0.7829856436822277,17.317466914415384,-0.4653883552601869,-1.0402097556930645,-0.1988004219366886,-1.3750278703039824,-0.4777846969312623,-1.4091114751147873,-0.6998567979256346,-0.6977307563532851,-0.9806561356690474,-0.2824043564992494,16.96898566611109,-1.059362404488516,-0.7965934840022039
