feature_0,feature_1,feature_2,feature_3,feature_4,feature_5,feature_6,feature_7,feature_8
-0.0095253754153761,-0.2463768115942028,0.0146278880959484,0.0152432739310117,0.142094017094017,0.0189910640395994,0.0140274071632842,0.470533208606174,0.0181788533144186
0.0152432739310117,0.142094017094017,0.0189910640395994,0.0140274071632842,0.470533208606174,0.0181788533144186,-0.0043658620952601,0.1450381679389312,0.0200177567629191
0.0140274071632842,0.470533208606174,0.0181788533144186,-0.0043658620952601,0.1450381679389312,0.0200177567629191,-0.0011789478413509,0.7122222222222223,0.0446676006591625
-0.0043658620952601,0.1450381679389312,0.0200177567629191,-0.0011789478413509,0.7122222222222223,0.0446676006591625,0.0236695510739268,-0.4578195976638546,0.029081133128832
-0.0011789478413509,0.7122222222222223,0.0446676006591625,0.0236695510739268,-0.4578195976638546,0.029081133128832,0.0168481946028544,0.0789946140035906,0.0236448570096386
0.0236695510739268,-0.4578195976638546,0.029081133128832,0.0168481946028544,0.0789946140035906,0.0236448570096386,-0.0002268019853242,0.103161397670549,0.0245534708745492
0.0168481946028544,0.0789946140035906,0.0236448570096386,-0.0002268019853242,0.103161397670549,0.0245534708745492,0.0207885949519404,-0.0502765208647562,0.022746819938371
