feature_0,feature_1,feature_2,feature_3,feature_4,feature_5,feature_6,feature_7,feature_8
-0.0135989572167326,-0.2736134246406317,0.0160824490576675,-0.000136529292094,-0.0584338372685578,0.0141834031994078,0.0128327978348976,1.1113115641349451,0.0194068361962592
-0.000136529292094,-0.0584338372685578,0.0141834031994078,0.0128327978348976,1.1113115641349451,0.0194068361962592,-0.0318102241904553,-0.3634110911732034,0.0500771447464893
0.0128327978348976,1.1113115641349451,0.0194068361962592,-0.0318102241904553,-0.3634110911732034,0.0500771447464893,-0.0018098966935609,0.4116107382550336,0.0273663768953217
-0.0318102241904553,-0.3634110911732034,0.0500771447464893,-0.0018098966935609,0.4116107382550336,0.0273663768953217,0.0001394998138939,-0.331193838254172,0.0268862050689722
-0.0018098966935609,0.4116107382550336,0.0273663768953217,0.0001394998138939,-0.331193838254172,0.0268862050689722,0.0409985006127666,0.0847373284993247,0.0513933339971614
0.0001394998138939,-0.331193838254172,0.0268862050689722,0.0409985006127666,0.0847373284993247,0.0513933339971614,0.0127260137819669,0.3571662625335867,0.0452943323032857
0.0409985006127666,0.0847373284993247,0.0513933339971614,0.0127260137819669,0.3571662625335867,0.0452943323032857,0.0093915224709388,-0.0963349268434013,0.0308991975988917
