feature_0,feature_1,feature_2,feature_3,feature_4,feature_5,feature_6,feature_7,feature_8
0.0077137527028441,-0.3574961045999594,0.0152527298190353,-0.0132388011327876,0.212463095740194,0.031230037887754,-0.0060405925786194,1.5088703365510043,0.0196471830211575
-0.0132388011327876,0.212463095740194,0.031230037887754,-0.0060405925786194,1.5088703365510043,0.0196471830211575,-0.0064611027107435,-0.5743947035477218,0.0382506574874888
-0.0060405925786194,1.5088703365510043,0.0196471830211575,-0.0064611027107435,-0.5743947035477218,0.0382506574874888,0.0023178721666006,0.0433684896363562,0.0357073171320149
-0.0064611027107435,-0.5743947035477218,0.0382506574874888,0.0023178721666006,0.0433684896363562,0.0357073171320149,0.010342400054405,-0.2131761767231286,0.0247752242821932
0.0023178721666006,0.0433684896363562,0.0357073171320149,0.010342400054405,-0.2131761767231286,0.0247752242821932,-0.0563326610467224,0.26875,0.0456415033296625
0.010342400054405,-0.2131761767231286,0.0247752242821932,-0.0563326610467224,0.26875,0.0456415033296625,0.0050532163051524,0.0574321682696066,0.0374297756745486
-0.0563326610467224,0.26875,0.0456415033296625,0.0050532163051524,0.0574321682696066,0.0374297756745486,-0.0237312081215719,0.0735016822568122,0.0328997397716925
