feature_0,feature_1,feature_2,feature_3,feature_4,feature_5,feature_6,feature_7,feature_8
-0.0150532792829353,0.1346309852394096,0.0258655774404436,-0.0257011343892284,0.097020797725619,0.0402822793297213,0.011808900387527,0.1588592584022676,0.0244076288689874
-0.0257011343892284,0.097020797725619,0.0402822793297213,0.011808900387527,0.1588592584022676,0.0244076288689874,-0.0206711758963242,-0.1972658719858369,0.0439036067594143
0.011808900387527,0.1588592584022676,0.0244076288689874,-0.0206711758963242,-0.1972658719858369,0.0439036067594143,0.0234198409452133,0.273169720587016,0.0455115214608947
-0.0206711758963242,-0.1972658719858369,0.0439036067594143,0.0234198409452133,0.273169720587016,0.0455115214608947,0.0137883811522416,-0.3862865255247237,0.028198721878853
0.0234198409452133,0.273169720587016,0.0455115214608947,0.0137883811522416,-0.3862865255247237,0.028198721878853,-0.0044574051982981,0.0124363327674024,0.0244742286132995
0.0137883811522416,-0.3862865255247237,0.028198721878853,-0.0044574051982981,0.0124363327674024,0.0244742286132995,0.0088398536132168,-0.1408156206766444,0.0269956104295173
-0.0044574051982981,0.0124363327674024,0.0244742286132995,0.0088398536132168,-0.1408156206766444,0.0269956104295173,-0.0440900333728964,0.7682323592736944,0.0295049946232733
