feature_0,feature_1,feature_2,feature_3,feature_4,feature_5,feature_6,feature_7,feature_8
-0.015334622183905,-0.1546545973364127,0.0262268326843294,-0.0244890537384283,0.1286912983717787,0.039418810414137,0.0105637177062465,0.2035357955539996,0.0230257015021539
-0.0244890537384283,0.1286912983717787,0.039418810414137,0.0105637177062465,0.2035357955539996,0.0230257015021539,-0.0192036482410112,-0.1529193486056687,0.0448382014693608
0.0105637177062465,0.2035357955539996,0.0230257015021539,-0.0192036482410112,-0.1529193486056687,0.0448382014693608,0.0234117741326471,0.1132559080707864,0.0451748497980235
-0.0192036482410112,-0.1529193486056687,0.0448382014693608,0.0234117741326471,0.1132559080707864,0.0451748497980235,0.012286514569791,-0.3179937428395171,0.0279190896064412
0.0234117741326471,0.1132559080707864,0.0451748497980235,0.012286514569791,-0.3179937428395171,0.0279190896064412,-0.0038724191561094,-0.0857021020904605,0.0252785780562683
0.012286514569791,-0.3179937428395171,0.0279190896064412,-0.0038724191561094,-0.0857021020904605,0.0252785780562683,0.0087612842107203,-0.0323722705109179,0.0276031998021293
-0.0038724191561094,-0.0857021020904605,0.0252785780562683,0.0087612842107203,-0.0323722705109179,0.0276031998021293,-0.0448578163114571,0.5922120222889236,0.0291404740748805
