feature_0,feature_1,feature_2,feature_3,feature_4,feature_5,feature_6,feature_7,feature_8
-0.0087961424338249,-0.5918076498712762,0.0215960463921984,0.0006173203290187,0.5228066223673837,0.017786355620449,0.0023136115710322,0.6924044079579912,0.0516097485169677
0.0006173203290187,0.5228066223673837,0.017786355620449,0.0023136115710322,0.6924044079579912,0.0516097485169677,-0.0059244683569494,-0.2508412358519425,0.02848199767393
0.0023136115710322,0.6924044079579912,0.0516097485169677,-0.0059244683569494,-0.2508412358519425,0.02848199767393,0.0233746308085791,0.161465321122324,0.0586388355168651
-0.0059244683569494,-0.2508412358519425,0.02848199767393,0.0233746308085791,0.161465321122324,0.0586388355168651,0.0112691371606381,-0.0861835166490884,0.033066638764881
0.0233746308085791,0.161465321122324,0.0586388355168651,0.0112691371606381,-0.0861835166490884,0.033066638764881,-0.004861363963364,-0.1814234679857104,0.0197695725919943
0.0112691371606381,-0.0861835166490884,0.033066638764881,-0.004861363963364,-0.1814234679857104,0.0197695725919943,0.0464453162112665,0.704914730764066,0.0729150650483242
-0.004861363963364,-0.1814234679857104,0.0197695725919943,0.0464453162112665,0.704914730764066,0.0729150650483242,-0.0133582332354337,-0.2058441302721222,0.0480797232571943
