feature_0,feature_1,feature_2,feature_3,feature_4,feature_5,feature_6,feature_7,feature_8
0.0167176312761121,-0.4854973659745893,0.0298507462686566,-0.0355269375926529,0.2451364211287117,0.052055449806453,0.0014271884822592,0.4699850045953659,0.0294106718181513
-0.0355269375926529,0.2451364211287117,0.052055449806453,0.0014271884822592,0.4699850045953659,0.0294106718181513,-0.0335863178581387,-0.3461778933166606,0.0636586719251103
0.0014271884822592,0.4699850045953659,0.0294106718181513,-0.0335863178581387,-0.3461778933166606,0.0636586719251103,-0.0051014079275079,0.2026272082138003,0.0615887796836658
-0.0335863178581387,-0.3461778933166606,0.0636586719251103,-0.0051014079275079,0.2026272082138003,0.0615887796836658,0.0141408887564544,-0.4385854781335007,0.0331820230920703
-0.0051014079275079,0.2026272082138003,0.0615887796836658,0.0141408887564544,-0.4385854781335007,0.0331820230920703,-0.0485068185533243,0.6708162504658963,0.0332886227535716
0.0141408887564544,-0.4385854781335007,0.0331820230920703,-0.0485068185533243,0.6708162504658963,0.0332886227535716,0.0213383787655863,-0.0820023199785847,0.0428493442076402
-0.0485068185533243,0.6708162504658963,0.0332886227535716,0.0213383787655863,-0.0820023199785847,0.0428493442076402,-0.0378424171684276,0.2646772939346811,0.0429726451356185
