feature_0,feature_1,feature_2,feature_3,feature_4,feature_5,feature_6,feature_7,feature_8
0.0028739175029106,0.5358288770053476,0.0237379588115513,0.0066523220783141,0.7643628133704736,0.0939876683165091,0.0056934095742899,-0.4229118358083773,0.03244079892255
0.0066523220783141,0.7643628133704736,0.0939876683165091,0.0056934095742899,-0.4229118358083773,0.03244079892255,0.0021227747923637,-0.3363255535607421,0.0304449434033471
0.0056934095742899,-0.4229118358083773,0.03244079892255,0.0021227747923637,-0.3363255535607421,0.0304449434033471,0.0278423225514585,-0.1151616643050367,0.0203410200110138
0.0021227747923637,-0.3363255535607421,0.0304449434033471,0.0278423225514585,-0.1151616643050367,0.0203410200110138,-0.0015702443203404,0.1848886300771581,0.0089707808636979
0.0278423225514585,-0.1151616643050367,0.0203410200110138,-0.0015702443203404,0.1848886300771581,0.0089707808636979,-0.003145657011573,-0.4330998894213048,0.0167631239743859
-0.0015702443203404,0.1848886300771581,0.0089707808636979,-0.003145657011573,-0.4330998894213048,0.0167631239743859,0.0065082805409395,0.763762462071955,0.0120173489070585
-0.003145657011573,-0.4330998894213048,0.0167631239743859,0.0065082805409395,0.763762462071955,0.0120173489070585,-0.0092094686222755,-0.176824772671418,0.017307882399724
0.0065082805409395,0.763762462071955,0.0120173489070585,-0.0092094686222755,-0.176824772671418,0.017307882399724,0.023336354220611,-0.1047917599641737,0.0219833958386107
