feature_0,feature_1,feature_2,feature_3,feature_4,feature_5,feature_6,feature_7,feature_8
-0.0022068313483913,-0.4454427237262087,0.0322129160535903,0.0186762583605695,-0.0291515668301002,0.0244703841912027,0.0169669913561003,-0.0402371411319097,0.0251985144748939
0.0186762583605695,-0.0291515668301002,0.0244703841912027,0.0169669913561003,-0.0402371411319097,0.0251985144748939,0.0298095140663927,0.2408487760237931,0.0279447491530604
0.0169669913561003,-0.0402371411319097,0.0251985144748939,0.0298095140663927,0.2408487760237931,0.0279447491530604,0.0206538223445957,0.07831297533994,0.0269492611211848
0.0298095140663927,0.2408487760237931,0.0279447491530604,0.0206538223445957,0.07831297533994,0.0269492611211848,-0.0258780776202594,-0.1624775583482944,0.0358541532569433
0.0206538223445957,0.07831297533994,0.0269492611211848,-0.0258780776202594,-0.1624775583482944,0.0358541532569433,-0.0116611613416373,-0.1278517838003369,0.0124296150770006
-0.0258780776202594,-0.1624775583482944,0.0358541532569433,-0.0116611613416373,-0.1278517838003369,0.0124296150770006,0.0036724191829113,-0.4352762172284644,0.0128073960588634
-0.0116611613416373,-0.1278517838003369,0.0124296150770006,0.0036724191829113,-0.4352762172284644,0.0128073960588634,-0.0065395192854641,-0.0209326424870466,0.0185622197709693
0.0036724191829113,-0.4352762172284644,0.0128073960588634,-0.0065395192854641,-0.0209326424870466,0.0185622197709693,0.0089335229022693,0.6627857747671464,0.0233718659460629
