feature_0,feature_1,feature_2,feature_3,feature_4,feature_5,feature_6,feature_7,feature_8,feature_9,feature_10,feature_11,feature_12,feature_13,feature_14
0.0032373600265409,-0.0647130099178746,0.0083409960163184,0.0089215025121236,0.5294371671224989,0.010877142602614,-0.0628056852931973,4.7277490196078436,0.1189856957087125,-0.0201812421046114,-0.6394408781193173,0.0342445956328398,-0.013028178785873,-0.1999908853375464,0.019920928483502
0.0089215025121236,0.5294371671224989,0.010877142602614,-0.0628056852931973,4.7277490196078436,0.1189856957087125,-0.0201812421046114,-0.6394408781193173,0.0342445956328398,-0.013028178785873,-0.1999908853375464,0.019920928483502,-0.0156178699589698,-0.2560051649165448,0.020543014528278
-0.0628056852931973,4.7277490196078436,0.1189856957087125,-0.0201812421046114,-0.6394408781193173,0.0342445956328398,-0.013028178785873,-0.1999908853375464,0.019920928483502,-0.0156178699589698,-0.2560051649165448,0.020543014528278,-9.929140728970332e-05,-0.0471657180776396,0.0146961490197974
-0.0201812421046114,-0.6394408781193173,0.0342445956328398,-0.013028178785873,-0.1999908853375464,0.019920928483502,-0.0156178699589698,-0.2560051649165448,0.020543014528278,-9.929140728970332e-05,-0.0471657180776396,0.0146961490197974,-0.0368210921665431,1.2119572496183002,0.0692018031694295
-0.013028178785873,-0.1999908853375464,0.019920928483502,-0.0156178699589698,-0.2560051649165448,0.020543014528278,-9.929140728970332e-05,-0.0471657180776396,0.0146961490197974,-0.0368210921665431,1.2119572496183002,0.0692018031694295,0.02713876085412,-0.4480921299604016,0.0313033902711911
-0.0156178699589698,-0.2560051649165448,0.020543014528278,-9.929140728970332e-05,-0.0471657180776396,0.0146961490197974,-0.0368210921665431,1.2119572496183002,0.0692018031694295,0.02713876085412,-0.4480921299604016,0.0313033902711911,0.042748784767447,0.5826092680358084,0.0574220717430829
-9.929140728970332e-05,-0.0471657180776396,0.0146961490197974,-0.0368210921665431,1.2119572496183002,0.0692018031694295,0.02713876085412,-0.4480921299604016,0.0313033902711911,0.042748784767447,0.5826092680358084,0.0574220717430829,0.0010823371648187,-0.5365525655422922,0.0234893164237216
