feature_0,feature_1,feature_2,feature_3,feature_4,feature_5,feature_6,feature_7,feature_8,feature_9,feature_10,feature_11,feature_12,feature_13,feature_14
-0.0072063393790676,-0.1537396506763532,0.0220635221032351,0.0051949262123467,-0.0921332106664853,0.0241900702519511,-0.0135221643501448,0.1384859537443143,0.0257291450572051,-0.0472225663139626,0.5050856073049486,0.0416319731631962,0.0198854831960786,-0.2329724973670528,0.0203610766533849
0.0051949262123467,-0.0921332106664853,0.0241900702519511,-0.0135221643501448,0.1384859537443143,0.0257291450572051,-0.0472225663139626,0.5050856073049486,0.0416319731631962,0.0198854831960786,-0.2329724973670528,0.0203610766533849,0.0048006418288606,-0.0946256369256082,0.0250055263443422
-0.0135221643501448,0.1384859537443143,0.0257291450572051,-0.0472225663139626,0.5050856073049486,0.0416319731631962,0.0198854831960786,-0.2329724973670528,0.0203610766533849,0.0048006418288606,-0.0946256369256082,0.0250055263443422,0.0283718906408814,-0.1439292863686635,0.0221364104390872
-0.0472225663139626,0.5050856073049486,0.0416319731631962,0.0198854831960786,-0.2329724973670528,0.0203610766533849,0.0048006418288606,-0.0946256369256082,0.0250055263443422,0.0283718906408814,-0.1439292863686635,0.0221364104390872,0.040740463195271,0.5077103528523572,0.0319103871869172
0.0198854831960786,-0.2329724973670528,0.0203610766533849,0.0048006418288606,-0.0946256369256082,0.0250055263443422,0.0283718906408814,-0.1439292863686635,0.0221364104390872,0.040740463195271,0.5077103528523572,0.0319103871869172,0.0224573275246766,-0.1434475316254613,0.0188820862106455
0.0048006418288606,-0.0946256369256082,0.0250055263443422,0.0283718906408814,-0.1439292863686635,0.0221364104390872,0.040740463195271,0.5077103528523572,0.0319103871869172,0.0224573275246766,-0.1434475316254613,0.0188820862106455,-0.0083961436455242,-0.1526962960747778,0.0239984267568186
0.0283718906408814,-0.1439292863686635,0.0221364104390872,0.040740463195271,0.5077103528523572,0.0319103871869172,0.0224573275246766,-0.1434475316254613,0.0188820862106455,-0.0083961436455242,-0.1526962960747778,0.0239984267568186,-0.0160537169343578,0.0379117619935127,0.0367764749595175
