feature_0,feature_1,feature_2,feature_3,feature_4,feature_5,feature_6,feature_7,feature_8,feature_9,feature_10,feature_11,feature_12,feature_13,feature_14
0.0247524250912425,0.5659768090415382,0.0174830096876002,0.0051150845124301,0.4827069078639048,0.0168981852246066,0.0746394884398602,0.683797964473102,0.0745098358839276,-0.0298604790954014,-0.5833458477248836,0.0362033650026483,0.0211524861244905,-0.1133537574337718,0.033616820224498
0.0051150845124301,0.4827069078639048,0.0168981852246066,0.0746394884398602,0.683797964473102,0.0745098358839276,-0.0298604790954014,-0.5833458477248836,0.0362033650026483,0.0211524861244905,-0.1133537574337718,0.033616820224498,0.0078342886361542,-0.2967479674796748,0.0301213137811495
0.0746394884398602,0.683797964473102,0.0745098358839276,-0.0298604790954014,-0.5833458477248836,0.0362033650026483,0.0211524861244905,-0.1133537574337718,0.033616820224498,0.0078342886361542,-0.2967479674796748,0.0301213137811495,0.0226613968930016,-0.2164739884393063,0.0504600033729521
-0.0298604790954014,-0.5833458477248836,0.0362033650026483,0.0211524861244905,-0.1133537574337718,0.033616820224498,0.0078342886361542,-0.2967479674796748,0.0301213137811495,0.0226613968930016,-0.2164739884393063,0.0504600033729521,-0.0230610223780342,1.0289561047583915,0.0797808509236939
0.0211524861244905,-0.1133537574337718,0.033616820224498,0.0078342886361542,-0.2967479674796748,0.0301213137811495,0.0226613968930016,-0.2164739884393063,0.0504600033729521,-0.0230610223780342,1.0289561047583915,0.0797808509236939,0.0077804642161467,-0.377056631215344,0.0210553825384951
0.0078342886361542,-0.2967479674796748,0.0301213137811495,0.0226613968930016,-0.2164739884393063,0.0504600033729521,-0.0230610223780342,1.0289561047583915,0.0797808509236939,0.0077804642161467,-0.377056631215344,0.0210553825384951,-0.0049776632029047,-0.0523858164307602,0.0240191535057747
0.0226613968930016,-0.2164739884393063,0.0504600033729521,-0.0230610223780342,1.0289561047583915,0.0797808509236939,0.0077804642161467,-0.377056631215344,0.0210553825384951,-0.0049776632029047,-0.0523858164307602,0.0240191535057747,-0.0167193266494373,-0.0321835540498922,0.0280913480514331
