feature_0,feature_1,feature_2,feature_3,feature_4,feature_5,feature_6,feature_7,feature_8
0.0025572261539024,-0.3914392586925104,0.0218805754953477,0.003437978779246,-0.1212823915624782,0.0182694152781489,0.0011052092205929,-0.1878765718646169,0.0132222493489582
0.003437978779246,-0.1212823915624782,0.0182694152781489,0.0011052092205929,-0.1878765718646169,0.0132222493489582,0.0017663485722425,-0.0729372614270333,0.0130965629873423
0.0011052092205929,-0.1878765718646169,0.0132222493489582,0.0017663485722425,-0.0729372614270333,0.0130965629873423,0.0141062116755488,0.6227749741337443,0.0232557962696572
0.0017663485722425,-0.0729372614270333,0.0130965629873423,0.0141062116755488,0.6227749741337443,0.0232557962696572,0.0247772923428677,0.2108961263711242,0.0284940104708683
0.0141062116755488,0.6227749741337443,0.0232557962696572,0.0247772923428677,0.2108961263711242,0.0284940104708683,-0.0134676642158505,-0.178571044798573,0.0281872278924434
0.0247772923428677,0.2108961263711242,0.0284940104708683,-0.0134676642158505,-0.178571044798573,0.0281872278924434,0.0110716894828455,-0.2385699148385071,0.0156535516930965
-0.0134676642158505,-0.178571044798573,0.0281872278924434,0.0110716894828455,-0.2385699148385071,0.0156535516930965,-0.0098873054186338,-0.0826031680582758,0.020523478056273
0.0110716894828455,-0.2385699148385071,0.0156535516930965,-0.0098873054186338,-0.0826031680582758,0.020523478056273,0.0147106205038747,0.4599610472302333,0.0280181335946235
