feature_0,feature_1,feature_2,feature_3,feature_4,feature_5,feature_6,feature_7,feature_8
-0.0181569008568585,-0.0663908788215114,0.0396105109795019,-0.0330386377784119,0.2494326164487192,0.055024968716823,-0.0207876312379801,0.135628405847245,0.021356455358165
-0.0330386377784119,0.2494326164487192,0.055024968716823,-0.0207876312379801,0.135628405847245,0.021356455358165,-0.013818106602366,-0.3329271079290121,0.0348717087213636
-0.0207876312379801,0.135628405847245,0.021356455358165,-0.013818106602366,-0.3329271079290121,0.0348717087213636,-0.00125249384177,-0.3288422014158484,0.022225723170468
-0.013818106602366,-0.3329271079290121,0.0348717087213636,-0.00125249384177,-0.3288422014158484,0.022225723170468,-0.0083862140491856,0.3832936372915958,0.0359797205069088
-0.00125249384177,-0.3288422014158484,0.022225723170468,-0.0083862140491856,0.3832936372915958,0.0359797205069088,0.0232375658063563,0.1606198499569548,0.0205091382771081
-0.0083862140491856,0.3832936372915958,0.0359797205069088,0.0232375658063563,0.1606198499569548,0.0205091382771081,-0.0044029786766139,-0.4307512980820176,0.0172184756523948
0.0232375658063563,0.1606198499569548,0.0205091382771081,-0.0044029786766139,-0.4307512980820176,0.0172184756523948,-0.0010087211592367,-0.0020476545048399,0.0161946463758914
