feature_0,feature_1,feature_2,feature_3,feature_4,feature_5,feature_6,feature_7,feature_8
0.0060318736889035,0.6286269348875102,0.021937551199891,0.0200762922613961,-0.1407957518854856,0.0180335105689761,0.0260040612474641,0.1791392359711585,0.0224580101661851
0.0200762922613961,-0.1407957518854856,0.0180335105689761,0.0260040612474641,0.1791392359711585,0.0224580101661851,-0.038538286498331,0.4033195335941357,0.0461858336816806
0.0260040612474641,0.1791392359711585,0.0224580101661851,-0.038538286498331,0.4033195335941357,0.0461858336816806,0.019860961015266,-0.1573292194435422,0.0354777578676185
-0.038538286498331,0.4033195335941357,0.0461858336816806,0.019860961015266,-0.1573292194435422,0.0354777578676185,-0.0150483238343803,-0.2977356672555002,0.02704164353687
0.019860961015266,-0.1573292194435422,0.0354777578676185,-0.0150483238343803,-0.2977356672555002,0.02704164353687,-0.0033251224543601,0.0131260004573519,0.0150382929960044
-0.0150483238343803,-0.2977356672555002,0.02704164353687,-0.0033251224543601,0.0131260004573519,0.0150382929960044,-0.0023445118839902,-0.0891567352834958,0.0174381784296192
-0.0033251224543601,0.0131260004573519,0.0150382929960044,-0.0023445118839902,-0.0891567352834958,0.0174381784296192,0.0008134912055384,0.2813599643158051,0.016414426740394
