feature_0,feature_1,feature_2,feature_3,feature_4,feature_5,feature_6,feature_7,feature_8
-0.0108058840551372,0.3121611865049742,0.0232163400271719,-0.0029640847403343,-0.2936486102109047,0.0347865967333506,-0.0206659662352001,-0.0283367000699753,0.0263639604260204
-0.0029640847403343,-0.2936486102109047,0.0347865967333506,-0.0206659662352001,-0.0283367000699753,0.0263639604260204,-0.0326568150056558,0.3828839693048758,0.0400954990171892
-0.0206659662352001,-0.0283367000699753,0.0263639604260204,-0.0326568150056558,0.3828839693048758,0.0400954990171892,0.011286808317992,-0.3872024014227742,0.017992505464829
-0.0326568150056558,0.3828839693048758,0.0400954990171892,0.011286808317992,-0.3872024014227742,0.017992505464829,-0.0029528416395989,-0.172192491932736,0.031725627878418
0.011286808317992,-0.3872024014227742,0.017992505464829,-0.0029528416395989,-0.172192491932736,0.031725627878418,0.0106918966758919,-0.0216891273503818,0.0148021775116721
-0.0029528416395989,-0.172192491932736,0.031725627878418,0.0106918966758919,-0.0216891273503818,0.0148021775116721,0.00826938848251,-0.0458496262931248,0.0143936207596606
0.0106918966758919,-0.0216891273503818,0.0148021775116721,0.00826938848251,-0.0458496262931248,0.0143936207596606,0.001945798717563,-0.1304061379800484,0.0111815249367815
