feature_0,feature_1,feature_2,feature_3,feature_4,feature_5,feature_6,feature_7,feature_8
0.054769427573502,0.5150228262023568,0.0493703598318878,-0.0395658634109147,0.2039943938332165,0.0650390218252284,-0.0547709014020463,0.0404516617193411,0.0349108695100793
-0.0395658634109147,0.2039943938332165,0.0650390218252284,-0.0547709014020463,0.0404516617193411,0.0349108695100793,-0.0055620891372141,-0.0815059297381964,0.0680727694611372
-0.0547709014020463,0.0404516617193411,0.0349108695100793,-0.0055620891372141,-0.0815059297381964,0.0680727694611372,0.0352700759262802,-0.369450027407272,0.0509978991429685
-0.0055620891372141,-0.0815059297381964,0.0680727694611372,0.0352700759262802,-0.369450027407272,0.0509978991429685,0.0018950401589881,0.3034869120061818,0.0373715144463299
0.0352700759262802,-0.369450027407272,0.0509978991429685,0.0018950401589881,0.3034869120061818,0.0373715144463299,0.057545235468204,-0.1141904409040385,0.0557404425899446
0.0018950401589881,0.3034869120061818,0.0373715144463299,0.057545235468204,-0.1141904409040385,0.0557404425899446,-0.0121005177932209,-0.3288439016228878,0.0334606743739356
0.057545235468204,-0.1141904409040385,0.0557404425899446,-0.0121005177932209,-0.3288439016228878,0.0334606743739356,0.0016177661766028,-0.1873364078274959,0.0194525723280261
