feature_0,feature_1,feature_2,feature_3,feature_4,feature_5,feature_6,feature_7,feature_8
-0.0046359119330817,-0.1860150973381009,0.0258864011170682,0.0093148197803225,-0.2289144865286997,0.029146604603831,-0.0264722116512756,0.0860868464362578,0.0432439719412938
0.0093148197803225,-0.2289144865286997,0.029146604603831,-0.0264722116512756,0.0860868464362578,0.0432439719412938,-0.0313085481910512,0.2806853945681316,0.0565375401103455
-0.0264722116512756,0.0860868464362578,0.0432439719412938,-0.0313085481910512,0.2806853945681316,0.0565375401103455,0.0097861977392703,0.4160371347956675,0.0452894576139894
-0.0313085481910512,0.2806853945681316,0.0565375401103455,0.0097861977392703,0.4160371347956675,0.0452894576139894,-0.0951287181442932,0.6676308008741483,0.1052180969152837
0.0097861977392703,0.4160371347956675,0.0452894576139894,-0.0951287181442932,0.6676308008741483,0.1052180969152837,0.0339627518247498,-0.4452495663904413,0.0500214084056206
-0.0951287181442932,0.6676308008741483,0.1052180969152837,0.0339627518247498,-0.4452495663904413,0.0500214084056206,-0.021807276757107,-0.4235392204543875,0.0271403850154342
0.0339627518247498,-0.4452495663904413,0.0500214084056206,-0.021807276757107,-0.4235392204543875,0.0271403850154342,0.0001392939779139,-0.0460407376160058,0.0235527235194368
