feature_0,feature_1,feature_2,feature_3,feature_4,feature_5,feature_6,feature_7,feature_8
-0.0236965750968189,0.1946047091844691,0.0231983719942381,0.0052764492723229,-0.3883305051559849,0.0206615047247264,-0.0041289754026809,0.3617157490396927,0.0198989955182257
0.0052764492723229,-0.3883305051559849,0.0206615047247264,-0.0041289754026809,0.3617157490396927,0.0198989955182257,0.0377369577736252,-0.1217677480018806,0.0352092871189054
-0.0041289754026809,0.3617157490396927,0.0198989955182257,0.0377369577736252,-0.1217677480018806,0.0352092871189054,0.0163202046894006,-0.086366880799429,0.0310440313633869
0.0377369577736252,-0.1217677480018806,0.0352092871189054,0.0163202046894006,-0.086366880799429,0.0310440313633869,-0.0285847060411249,0.2323242187500001,0.0392076214952287
0.0163202046894006,-0.086366880799429,0.0310440313633869,-0.0285847060411249,0.2323242187500001,0.0392076214952287,0.0075450940372545,-0.3481258419843094,0.0193827201797871
-0.0285847060411249,0.2323242187500001,0.0392076214952287,0.0075450940372545,-0.3481258419843094,0.0193827201797871,-0.0051738193083744,0.325431558473134,0.0197477026544895
0.0075450940372545,-0.3481258419843094,0.0193827201797871,-0.0051738193083744,0.325431558473134,0.0197477026544895,0.0268938587149449,-0.2662569934880308,0.0331431449286005
-0.0051738193083744,0.325431558473134,0.0197477026544895,0.0268938587149449,-0.2662569934880308,0.0331431449286005,-0.0049980672282609,-0.1554999999999999,0.0140816356533814
