feature_0,feature_1,feature_2,feature_3,feature_4,feature_5,feature_6,feature_7,feature_8
2.141962718549273e-05,-0.2026943413207335,0.0192249852750811,-0.0054110995444681,0.0044798758333626,0.0350996241533494,0.0251301142746349,1.1321288102261553,0.0208891269416175
-0.0054110995444681,0.0044798758333626,0.0350996241533494,0.0251301142746349,1.1321288102261553,0.0208891269416175,0.0482488603927835,0.7740037388103336,0.071265954829644
0.0251301142746349,1.1321288102261553,0.0208891269416175,0.0482488603927835,0.7740037388103336,0.071265954829644,-0.0192872043939816,-0.4418994919121418,0.0525044635523719
0.0482488603927835,0.7740037388103336,0.071265954829644,-0.0192872043939816,-0.4418994919121418,0.0525044635523719,-0.0254229691694142,-0.1101490141278535,0.0724933985765053
-0.0192872043939816,-0.4418994919121418,0.0525044635523719,-0.0254229691694142,-0.1101490141278535,0.0724933985765053,0.038593263988762,-0.0206204840111795,0.0499530010801177
-0.0254229691694142,-0.1101490141278535,0.0724933985765053,0.038593263988762,-0.0206204840111795,0.0499530010801177,-0.0104636579217053,-0.040548795036984,0.0478371795704348
0.038593263988762,-0.0206204840111795,0.0499530010801177,-0.0104636579217053,-0.040548795036984,0.0478371795704348,0.0423586726852367,-0.1963910013777461,0.0308052841946371
-0.0104636579217053,-0.040548795036984,0.0478371795704348,0.0423586726852367,-0.1963910013777461,0.0308052841946371,0.0159723803293303,-0.1522702515349574,0.024995084720826
