{
  "aida": 0.856,
  "iforest": 0.1256389617919922,
  "lof": 0.028371810913085938
}