{
  "aida": 0.846,
  "iforest": 0.12854409217834473,
  "lof": 0.027429819107055664
}