{
  "aida": 0.865,
  "iforest": 0.14427590370178223,
  "lof": 0.028034687042236328
}