{
  "aida": 0.836,
  "iforest": 0.15146493911743164,
  "lof": 0.028228044509887695
}