{
  "anomalies": [
    {
      "anomaly_index": 47,
      "feature_importances": {
        "Close_0": 3.3220678463424446e-12,
        "Close_1": 3.3737450632921977e-12,
        "Close_2": 3.1294031826221246e-12,
        "High_0": 3.1754899882395825e-12,
        "High_1": 3.437830266369728e-12,
        "High_2": 3.1940337916832935e-12,
        "Low_0": 3.0685904154464256e-12,
        "Low_1": 3.3689727609353603e-12,
        "Low_2": 3.269845223409053e-12,
        "Open_0": 2.8931060402107203e-12,
        "Open_1": 3.4258313347296798e-12,
        "Open_2": 3.2733903623027035e-12,
        "Volume_0": 0.26433776640922696,
        "Volume_1": 0.5130031469551567,
        "Volume_2": 0.2226590865959649,
        "daily_return_0": 4.09054487728917e-16,
        "daily_return_1": 1.36351495909639e-16,
        "daily_return_2": 0.0,
        "daily_return_zscore_0": 5.508600434749416e-14,
        "daily_return_zscore_1": 1.0839943924816301e-13,
        "daily_return_zscore_2": 5.876749473705441e-14,
        "excess_return_0": 4.09054487728917e-16,
        "excess_return_1": 2.72702991819278e-16,
        "excess_return_2": 0.0,
        "high_low_range_0": 5.45405983638556e-16,
        "high_low_range_1": 2.72702991819278e-16,
        "high_low_range_2": 0.0,
        "log_return_0": 4.09054487728917e-16,
        "log_return_1": 1.36351495909639e-16,
        "log_return_2": 0.0,
        "log_return_zscore_0": 5.494965285158452e-14,
        "log_return_zscore_1": 1.0839943924816301e-13,
        "log_return_zscore_2": 5.917654922478333e-14,
        "log_volume_0": 9.54460471367473e-16,
        "log_volume_1": 1.227163463186751e-15,
        "log_volume_2": 9.54460471367473e-16,
        "relative_volume_0": 2.317975430463863e-15,
        "relative_volume_1": 1.090811967277112e-15,
        "relative_volume_2": 1.908920942734946e-15,
        "relative_volume_zscore_0": 5.617681631477127e-14,
        "relative_volume_zscore_1": 5.3722489388397765e-14,
        "relative_volume_zscore_2": 3.8587473342427836e-14,
        "volume_change_0": 4.772302356837365e-15,
        "volume_change_1": 1.908920942734946e-15,
        "volume_change_2": 2.590678422283141e-15,
        "volume_change_zscore_0": 4.89501870315604e-14,
        "volume_change_zscore_1": 2.5497729735102493e-14,
        "volume_change_zscore_2": 3.108814106739769e-14
      }
    },
    {
      "anomaly_index": 151,
      "feature_importances": {
        "Close_0": 6.227928074034573e-12,
        "Close_1": 5.576608857456766e-12,
        "Close_2": 5.638995755596403e-12,
        "High_0": 5.71167649192908e-12,
        "High_1": 5.937205128703867e-12,
        "High_2": 5.281518829256286e-12,
        "Low_0": 5.738658825374473e-12,
        "Low_1": 5.58971010606609e-12,
        "Low_2": 5.6252706380056835e-12,
        "Open_0": 5.2852620431446635e-12,
        "Open_1": 6.2681676233346384e-12,
        "Open_2": 5.209773896395704e-12,
        "Volume_0": 0.39099967585505163,
        "Volume_1": 0.22302267998262681,
        "Volume_2": 0.38597764409233937,
        "daily_return_0": 4.679017360472745e-16,
        "daily_return_1": 0.0,
        "daily_return_2": 0.0,
        "daily_return_zscore_0": 1.888763341177498e-13,
        "daily_return_zscore_1": 2.735665483423065e-13,
        "daily_return_zscore_2": 1.2586556699671684e-13,
        "excess_return_0": 7.798362267454576e-16,
        "excess_return_1": 0.0,
        "excess_return_2": 0.0,
        "high_low_range_0": 1.0917707174436405e-15,
        "high_low_range_1": 0.0,
        "high_low_range_2": 0.0,
        "log_return_0": 4.679017360472745e-16,
        "log_return_1": 0.0,
        "log_return_2": 0.0,
        "log_return_zscore_0": 1.9137181004333528e-13,
        "log_return_zscore_1": 2.7325461385160833e-13,
        "log_return_zscore_2": 1.2633346873276412e-13,
        "log_volume_0": 2.3395086802363726e-15,
        "log_volume_1": 3.587246643029104e-15,
        "log_volume_2": 0.0,
        "relative_volume_0": 1.2321412382578229e-14,
        "relative_volume_1": 5.302886341869111e-15,
        "relative_volume_2": 2.9633776616327386e-15,
        "relative_volume_zscore_0": 2.0338128793521532e-13,
        "relative_volume_zscore_1": 8.016716410943304e-14,
        "relative_volume_zscore_2": 5.14691909652002e-14,
        "volume_change_0": 3.3688924995403766e-14,
        "volume_change_1": 7.018526040709117e-15,
        "volume_change_2": 3.2753121523309214e-15,
        "volume_change_zscore_0": 2.2162945564105903e-13,
        "volume_change_zscore_1": 5.271692892799293e-14,
        "volume_change_zscore_2": 2.9477809370978294e-14
      }
    },
    {
      "anomaly_index": 179,
      "feature_importances": {
        "Close_0": 6.180305579741327e-12,
        "Close_1": 5.88564553376344e-12,
        "Close_2": 5.672337665059113e-12,
        "High_0": 6.153598169491692e-12,
        "High_1": 6.1316348386942935e-12,
        "High_2": 5.764583654408184e-12,
        "Low_0": 5.901107718644808e-12,
        "Low_1": 5.863506496319663e-12,
        "Low_2": 5.787776931730236e-12,
        "Open_0": 5.909541637671009e-12,
        "Open_1": 6.2221237615795724e-12,
        "Open_2": 5.846287244974503e-12,
        "Volume_0": 0.6518480667015372,
        "Volume_1": 0.17506497437794252,
        "Volume_2": 0.17308695884826134,
        "daily_return_0": 1.757066463791814e-16,
        "daily_return_1": 1.757066463791814e-16,
        "daily_return_2": 0.0,
        "daily_return_zscore_0": 1.0665393435216311e-13,
        "daily_return_zscore_1": 1.208861727088768e-13,
        "daily_return_zscore_2": 6.90527120270183e-14,
        "excess_return_0": 7.028265855167256e-16,
        "excess_return_1": 1.757066463791814e-16,
        "excess_return_2": 0.0,
        "high_low_range_0": 7.028265855167256e-16,
        "high_low_range_1": 1.757066463791814e-16,
        "high_low_range_2": 0.0,
        "log_return_0": 1.757066463791814e-16,
        "log_return_1": 1.757066463791814e-16,
        "log_return_2": 0.0,
        "log_return_zscore_0": 1.0647822770578393e-13,
        "log_return_zscore_1": 1.2106187935525599e-13,
        "log_return_zscore_2": 6.940412531977665e-14,
        "log_volume_0": 5.271199391375443e-16,
        "log_volume_1": 1.22994652465427e-15,
        "log_volume_2": 1.7570664637918142e-15,
        "relative_volume_0": 2.2841864029293585e-15,
        "relative_volume_1": 1.9327731101709953e-15,
        "relative_volume_2": 3.338426281204447e-15,
        "relative_volume_zscore_0": 6.90527120270183e-14,
        "relative_volume_zscore_1": 4.216959513100354e-14,
        "relative_volume_zscore_2": 6.957983196615584e-14,
        "volume_change_0": 7.906799087063164e-15,
        "volume_change_1": 2.2841864029293585e-15,
        "volume_change_2": 5.798319330512987e-15,
        "volume_change_zscore_0": 5.85103132442674e-14,
        "volume_change_zscore_1": 2.5653170371360487e-14,
        "volume_change_zscore_2": 5.253628726737524e-14
      }
    }
  ]
}