index,subsequence_idx,score
91,91,2.40506
92,92,2.52118
144,144,2.33071
158,158,2.90903
211,211,3.05761
213,213,3.02381
227,227,2.39184
356,356,3.72046
358,358,3.38831
359,359,3.29467
365,365,3.28625
366,366,2.97011
367,367,2.50752
394,394,2.33209
428,428,2.39635
429,429,2.36627
494,494,2.63825
495,495,2.31872
520,520,2.416
536,536,3.05864
