feature_0,feature_1,feature_2,feature_3,feature_4,feature_5,feature_6,feature_7,feature_8,feature_9,feature_10,feature_11,feature_12,feature_13,feature_14
0.0158033974906206,-0.0716949041669392,0.0209574597947142,-0.0133500419717106,-0.1471784014975811,0.0228803530159152,0.0041550550842497,0.2251728907330568,0.0208510540901346,-0.0204774312298211,-0.1551110889562007,0.0394994253878847,-0.0183059190450212,0.2473666857549412,0.0264380458994156
-0.0133500419717106,-0.1471784014975811,0.0228803530159152,0.0041550550842497,0.2251728907330568,0.0208510540901346,-0.0204774312298211,-0.1551110889562007,0.0394994253878847,-0.0183059190450212,0.2473666857549412,0.0264380458994156,0.0052963273857071,0.0388024818452463,0.0352270363496034
0.0041550550842497,0.2251728907330568,0.0208510540901346,-0.0204774312298211,-0.1551110889562007,0.0394994253878847,-0.0183059190450212,0.2473666857549412,0.0264380458994156,0.0052963273857071,0.0388024818452463,0.0352270363496034,0.0313906061582067,-0.0344282668552266,0.0207702089813586
-0.0204774312298211,-0.1551110889562007,0.0394994253878847,-0.0183059190450212,0.2473666857549412,0.0264380458994156,0.0052963273857071,0.0388024818452463,0.0352270363496034,0.0313906061582067,-0.0344282668552266,0.0207702089813586,0.0227731083525111,0.404211349728989,0.0463083003431742
-0.0183059190450212,0.2473666857549412,0.0264380458994156,0.0052963273857071,0.0388024818452463,0.0352270363496034,0.0313906061582067,-0.0344282668552266,0.0207702089813586,0.0227731083525111,0.404211349728989,0.0463083003431742,0.0438041001841853,0.2937432465267147,0.0595811773969239
0.0052963273857071,0.0388024818452463,0.0352270363496034,0.0313906061582067,-0.0344282668552266,0.0207702089813586,0.0227731083525111,0.404211349728989,0.0463083003431742,0.0438041001841853,0.2937432465267147,0.0595811773969239,0.0129585452330276,-0.0681533622427166,0.0273726064489191
0.0313906061582067,-0.0344282668552266,0.0207702089813586,0.0227731083525111,0.404211349728989,0.0463083003431742,0.0438041001841853,0.2937432465267147,0.0595811773969239,0.0129585452330276,-0.0681533622427166,0.0273726064489191,-0.0039362832072032,-0.4599179072072884,0.0188244437940833
0.0227731083525111,0.404211349728989,0.0463083003431742,0.0438041001841853,0.2937432465267147,0.0595811773969239,0.0129585452330276,-0.0681533622427166,0.0273726064489191,-0.0039362832072032,-0.4599179072072884,0.0188244437940833,0.0365540541563982,0.2776028203541218,0.0383323177892274
