feature_0,feature_1,feature_2,feature_3,feature_4,feature_5,feature_6,feature_7,feature_8,feature_9,feature_10,feature_11,feature_12,feature_13,feature_14
-0.0015917209483811,0.3511842258779605,0.007658475580863,-0.005896444038965,0.2992545260915868,0.0128470830832328,0.0010105260165698,0.1204031900753213,0.0100871512259889,-0.0199052083819595,-0.1375383094414236,0.028335122401766,0.0061577733996516,0.0649487608610925,0.0109380315540691
-0.005896444038965,0.2992545260915868,0.0128470830832328,0.0010105260165698,0.1204031900753213,0.0100871512259889,-0.0199052083819595,-0.1375383094414236,0.028335122401766,0.0061577733996516,0.0649487608610925,0.0109380315540691,0.0085904123839402,1.7865108068543871,0.0256266718676916
0.0010105260165698,0.1204031900753213,0.0100871512259889,-0.0199052083819595,-0.1375383094414236,0.028335122401766,0.0061577733996516,0.0649487608610925,0.0109380315540691,0.0085904123839402,1.7865108068543871,0.0256266718676916,0.00253749749671,-0.7036441876096076,0.0105152736466449
-0.0199052083819595,-0.1375383094414236,0.028335122401766,0.0061577733996516,0.0649487608610925,0.0109380315540691,0.0085904123839402,1.7865108068543871,0.0256266718676916,0.00253749749671,-0.7036441876096076,0.0105152736466449,0.0094860735131403,-0.5408759124087591,0.0108352959473125
0.0061577733996516,0.0649487608610925,0.0109380315540691,0.0085904123839402,1.7865108068543871,0.0256266718676916,0.00253749749671,-0.7036441876096076,0.0105152736466449,0.0094860735131403,-0.5408759124087591,0.0108352959473125,0.0009156737164848,0.226209402679991,0.0080737676435194
0.0085904123839402,1.7865108068543871,0.0256266718676916,0.00253749749671,-0.7036441876096076,0.0105152736466449,0.0094860735131403,-0.5408759124087591,0.0108352959473125,0.0009156737164848,0.226209402679991,0.0080737676435194,-0.0055981024697447,0.4992128171883683,0.0146320932400356
