feature_0,feature_1,feature_2,feature_3,feature_4,feature_5,feature_6,feature_7,feature_8,feature_9,feature_10,feature_11,feature_12,feature_13,feature_14
-0.0030218473818468,-0.2154126766985864,0.0129458380989873,-0.0137003267235364,0.4766709287457864,0.0171351003770399,0.00024580297147,0.2628347423605535,0.0198289555795086,-0.0164679929838494,-0.1212755878026279,0.020750045776367,-0.0004998113471422,0.0201032829214311,0.0134557311367482
-0.0137003267235364,0.4766709287457864,0.0171351003770399,0.00024580297147,0.2628347423605535,0.0198289555795086,-0.0164679929838494,-0.1212755878026279,0.020750045776367,-0.0004998113471422,0.0201032829214311,0.0134557311367482,0.0130016903370744,0.4891311906318234,0.0184209716176975
0.00024580297147,0.2628347423605535,0.0198289555795086,-0.0164679929838494,-0.1212755878026279,0.020750045776367,-0.0004998113471422,0.0201032829214311,0.0134557311367482,0.0130016903370744,0.4891311906318234,0.0184209716176975,0.0045662703642133,-0.3068934278482904,0.0146729710525091
-0.0164679929838494,-0.1212755878026279,0.020750045776367,-0.0004998113471422,0.0201032829214311,0.0134557311367482,0.0130016903370744,0.4891311906318234,0.0184209716176975,0.0045662703642133,-0.3068934278482904,0.0146729710525091,0.0017198496510846,-0.6677266786142589,0.0085090944946045
-0.0004998113471422,0.0201032829214311,0.0134557311367482,0.0130016903370744,0.4891311906318234,0.0184209716176975,0.0045662703642133,-0.3068934278482904,0.0146729710525091,0.0017198496510846,-0.6677266786142589,0.0085090944946045,0.0007357857559298,0.3461616448355569,0.0067716746379842
0.0130016903370744,0.4891311906318234,0.0184209716176975,0.0045662703642133,-0.3068934278482904,0.0146729710525091,0.0017198496510846,-0.6677266786142589,0.0085090944946045,0.0007357857559298,0.3461616448355569,0.0067716746379842,-0.0019777941820323,0.1690616056635034,0.0101926628456153
