{
  "anomalies": [
    {
      "anomaly_index": 23,
      "feature_importances": {
        "Close_0": 2.369885815300145e-11,
        "Close_1": 2.2243964435771542e-11,
        "Close_2": 2.260381021657894e-11,
        "High_0": 2.673117928006378e-11,
        "High_1": 2.3571671282198835e-11,
        "High_2": 2.1894089751107206e-11,
        "Low_0": 2.4082191404723612e-11,
        "Low_1": 2.3796131735374877e-11,
        "Low_2": 2.1826286297334384e-11,
        "Open_0": 2.7744242648198893e-11,
        "Open_1": 2.3880110522890887e-11,
        "Open_2": 2.1859966444306504e-11,
        "Volume_0": 0.6205761122739997,
        "Volume_1": 0.15459864088177458,
        "Volume_2": 0.22482524655245928,
        "daily_return_0": 0.0,
        "daily_return_1": 0.0,
        "daily_return_2": 0.0,
        "daily_return_zscore_0": 9.853658788488269e-13,
        "daily_return_zscore_1": 8.307030986742191e-13,
        "daily_return_zscore_2": 3.8554905086506837e-13,
        "excess_return_0": 0.0,
        "excess_return_1": 4.4315982858053835e-16,
        "excess_return_2": 0.0,
        "high_low_range_0": 6.647397428708075e-16,
        "high_low_range_1": 0.0,
        "high_low_range_2": 4.4315982858053835e-16,
        "log_return_0": 0.0,
        "log_return_1": 0.0,
        "log_return_2": 0.0,
        "log_return_zscore_0": 9.937859155918572e-13,
        "log_return_zscore_1": 8.32254158074251e-13,
        "log_return_zscore_2": 3.873216901793905e-13,
        "log_volume_0": 2.8362229029154454e-14,
        "log_volume_1": 3.766858542934576e-15,
        "log_volume_2": 2.4816950400510146e-14,
        "relative_volume_0": 2.8140649114864185e-14,
        "relative_volume_1": 3.2129087572089026e-14,
        "relative_volume_2": 4.210018371515114e-14,
        "relative_volume_zscore_0": 9.669747459627346e-13,
        "relative_volume_zscore_1": 4.92350569552978e-13,
        "relative_volume_zscore_2": 3.301540722925011e-13,
        "volume_change_0": 1.7970131048940828e-13,
        "volume_change_1": 3.944122474366791e-14,
        "volume_change_2": 2.703274954341284e-14,
        "volume_change_zscore_0": 7.54922767986947e-13,
        "volume_change_zscore_1": 2.430731659764253e-13,
        "volume_change_zscore_2": 2.2446045317604265e-13
      }
    },
    {
      "anomaly_index": 47,
      "feature_importances": {
        "Close_0": 8.456675850326766e-11,
        "Close_1": 8.184365385271589e-11,
        "Close_2": 8.028366357050387e-11,
        "High_0": 8.291235958726183e-11,
        "High_1": 8.227074052940218e-11,
        "High_2": 8.226192905691475e-11,
        "Low_0": 8.522384259447258e-11,
        "Low_1": 8.628085964102501e-11,
        "Low_2": 8.388072243103263e-11,
        "Open_0": 8.31553044715579e-11,
        "Open_1": 8.333890678604072e-11,
        "Open_2": 8.202455877766174e-11,
        "Volume_0": 0.13426761410673863,
        "Volume_1": 0.7516015347512869,
        "Volume_2": 0.11413085011988573,
        "daily_return_0": 5.39477907393206e-16,
        "daily_return_1": 1.078955814786412e-15,
        "daily_return_2": 0.0,
        "daily_return_zscore_0": 2.5867965659504226e-12,
        "daily_return_zscore_1": 3.182560001681653e-12,
        "daily_return_zscore_2": 1.9861778290526534e-12,
        "excess_return_0": 3.5965193826213734e-16,
        "excess_return_1": 3.5965193826213734e-16,
        "excess_return_2": 0.0,
        "high_low_range_0": 3.5965193826213734e-16,
        "high_low_range_1": 5.39477907393206e-16,
        "high_low_range_2": 7.193038765242747e-16,
        "log_return_0": 3.5965193826213734e-16,
        "log_return_1": 1.078955814786412e-15,
        "log_return_2": 0.0,
        "log_return_zscore_0": 2.5893141295182576e-12,
        "log_return_zscore_1": 3.1811213939286046e-12,
        "log_return_zscore_2": 1.991212956188323e-12,
        "log_volume_0": 2.3197550017907857e-14,
        "log_volume_1": 1.3846599623092287e-14,
        "log_volume_2": 3.200902250533022e-14,
        "relative_volume_0": 1.2300096288565095e-13,
        "relative_volume_1": 1.1167192683039364e-13,
        "relative_volume_2": 1.1400966442909754e-13,
        "relative_volume_zscore_0": 1.5957756500691033e-12,
        "relative_volume_zscore_1": 1.5456042046815351e-12,
        "relative_volume_zscore_2": 1.222816590091267e-12,
        "volume_change_0": 3.6073089407692373e-13,
        "volume_change_1": 3.2116918086808865e-13,
        "volume_change_2": 6.150048144282548e-14,
        "volume_change_zscore_0": 1.8842165045553376e-12,
        "volume_change_zscore_1": 4.0532773442142875e-13,
        "volume_change_zscore_2": 7.081546664381484e-13
      }
    },
    {
      "anomaly_index": 70,
      "feature_importances": {
        "Close_0": 1.9450798118729023e-11,
        "Close_1": 2.018706742118215e-11,
        "Close_2": 2.359184338552375e-11,
        "High_0": 1.940219871005307e-11,
        "High_1": 2.0099964133168723e-11,
        "High_2": 2.2224251329787314e-11,
        "Low_0": 1.9643317515416387e-11,
        "Low_1": 2.002154769598143e-11,
        "Low_2": 2.0363621794729585e-11,
        "Open_0": 1.9513484312528446e-11,
        "Open_1": 1.9258043942289604e-11,
        "Open_2": 1.9611152689384472e-11,
        "Volume_0": 0.20882281377479095,
        "Volume_1": 0.2045115300312018,
        "Volume_2": 0.5866656559451536,
        "daily_return_0": 2.3477975205775736e-16,
        "daily_return_1": 2.3477975205775736e-16,
        "daily_return_2": 2.3477975205775736e-16,
        "daily_return_zscore_0": 3.2634385536028274e-13,
        "daily_return_zscore_1": 5.158111152708929e-13,
        "daily_return_zscore_2": 5.536106553521919e-13,
        "excess_return_0": 4.695595041155147e-16,
        "excess_return_1": 2.3477975205775736e-16,
        "excess_return_2": 2.3477975205775736e-16,
        "high_low_range_0": 4.695595041155147e-16,
        "high_low_range_1": 4.695595041155147e-16,
        "high_low_range_2": 4.695595041155147e-16,
        "log_return_0": 2.3477975205775736e-16,
        "log_return_1": 2.3477975205775736e-16,
        "log_return_2": 2.3477975205775736e-16,
        "log_return_zscore_0": 3.293959921370336e-13,
        "log_return_zscore_1": 5.158111152708929e-13,
        "log_return_zscore_2": 5.550193338645384e-13,
        "log_volume_0": 2.230407644548695e-14,
        "log_volume_1": 1.4791124379638713e-14,
        "log_volume_2": 1.2912886363176656e-14,
        "relative_volume_0": 2.86431297510464e-14,
        "relative_volume_1": 3.451262355249033e-14,
        "relative_volume_2": 3.756476032924118e-14,
        "relative_volume_zscore_0": 4.639247900661286e-13,
        "relative_volume_zscore_1": 4.850549677513267e-13,
        "relative_volume_zscore_2": 4.622813318017242e-13,
        "volume_change_0": 7.395562189819358e-14,
        "volume_change_1": 5.118198594859111e-14,
        "volume_change_2": 2.1130177685198164e-14,
        "volume_change_zscore_0": 3.7846496031710487e-13,
        "volume_change_zscore_1": 2.6177942354439945e-13,
        "volume_change_zscore_2": 3.3808284296317063e-13
      }
    },
    {
      "anomaly_index": 81,
      "feature_importances": {
        "Close_0": 1.7809426375983366e-11,
        "Close_1": 1.6720868948036694e-11,
        "Close_2": 1.679874359902823e-11,
        "High_0": 2.0263080627193402e-11,
        "High_1": 1.8211577824447388e-11,
        "High_2": 1.6693865973079877e-11,
        "Low_0": 1.7847760956502418e-11,
        "Low_1": 1.789742714258371e-11,
        "Low_2": 1.5982867998547265e-11,
        "Open_0": 2.109896736090129e-11,
        "Open_1": 1.8211577824447388e-11,
        "Open_2": 1.65928459149825e-11,
        "Volume_0": 0.5670251803923684,
        "Volume_1": 0.17017723070705204,
        "Volume_2": 0.26279758868034,
        "daily_return_0": 7.232939720575906e-16,
        "daily_return_1": 0.0,
        "daily_return_2": 0.0,
        "daily_return_zscore_0": 6.302301476528473e-13,
        "daily_return_zscore_1": 7.056938187375226e-13,