{
  "anomalies": [
    {
      "anomaly_index": 87,
      "feature_importances": {
        "Close_0": 0.01763851616511493,
        "Close_1": 0.020857909603192136,
        "Close_2": 0.00725185996343521,
        "High_0": 0.01503950219247743,
        "High_1": 0.025538954660600743,
        "High_2": 0.01767141507616098,
        "Low_0": 0.030238799095749933,
        "Low_1": 0.030107203451565756,
        "Low_2": 0.028556254787966518,
        "Open_0": 0.018428090030220005,
        "Open_1": 0.021529987357418474,
        "Open_2": 0.007139063696991629,
        "Volume_0": 0.022568652977586444,
        "Volume_1": 0.018592584585450225,
        "Volume_2": 0.014889107170552654,
        "daily_return_0": 0.019288161561852306,
        "daily_return_1": 0.015438988969465113,
        "daily_return_2": 0.012435788375404776,
        "daily_return_zscore_0": 0.026948907991145497,
        "daily_return_zscore_1": 0.02316083337641524,
        "daily_return_zscore_2": 0.011152730844609042,
        "excess_return_0": 0.03234902924713192,
        "excess_return_1": 0.017568018498587697,
        "excess_return_2": 0.03461905410930898,
        "high_low_range_0": 0.03129156424922335,
        "high_low_range_1": 0.011683813265780902,
        "high_low_range_2": 0.02708990332419997,
        "log_return_0": 0.0160875675015157,
        "log_return_1": 0.013831642172644086,
        "log_return_2": 0.025604752482692825,
        "log_return_zscore_0": 0.024749380795495667,
        "log_return_zscore_1": 0.01902497027348395,
        "log_return_zscore_2": 0.013761144506116846,
        "log_volume_0": 0.028358861321690253,
        "log_volume_1": 0.01649175412293853,
        "log_volume_2": 0.012539184952978056,
        "relative_volume_0": 0.01391623937247677,
        "relative_volume_1": 0.022930540999092936,
        "relative_volume_2": 0.024255897129805002,
        "relative_volume_zscore_0": 0.009521884825612273,
        "relative_volume_zscore_1": 0.027700883100769368,
        "relative_volume_zscore_2": 0.02783717858938869,
        "volume_change_0": 0.02288354255474144,
        "volume_change_1": 0.029082637364703227,
        "volume_change_2": 0.023306528553904873,
        "volume_change_zscore_0": 0.015434289125029959,
        "volume_change_zscore_1": 0.0280956700333219,
        "volume_change_zscore_2": 0.025510755593989843
      }
    },
    {
      "anomaly_index": 105,
      "feature_importances": {
        "Close_0": 0.020789299183555054,
        "Close_1": 0.02183575780181524,
        "Close_2": 0.01610095735422106,
        "High_0": 0.017463425753242983,
        "High_1": 0.026954080152513573,
        "High_2": 0.0208152016246011,
        "Low_0": 0.026876372829375442,
        "Low_1": 0.030720295080608393,
        "Low_2": 0.0221621285589954,
        "Open_0": 0.021291806539848315,
        "Open_1": 0.01965477226573832,
        "Open_2": 0.010081230055120393,
        "Volume_0": 0.01432404989846243,
        "Volume_1": 0.026161465456504617,
        "Volume_2": 0.013821542542169175,
        "daily_return_0": 0.02179949438435078,
        "daily_return_1": 0.022017074889137553,
        "daily_return_2": 0.014904264577893822,
        "daily_return_zscore_0": 0.02361266525757387,
        "daily_return_zscore_1": 0.0246228604583696,
        "daily_return_zscore_2": 0.012692196112561647,
        "excess_return_0": 0.030285134071034853,
        "excess_return_1": 0.015085581665216131,
        "excess_return_2": 0.025425836130796967,
        "high_low_range_0": 0.029347465705168052,
        "high_low_range_1": 0.012293298520452568,
        "high_low_range_2": 0.013018566869741803,
        "log_return_0": 0.017991835550582286,
        "log_return_1": 0.011060342326660864,
        "log_return_2": 0.025824733722906043,
        "log_return_zscore_0": 0.016214928094823656,
        "log_return_zscore_1": 0.026912636246839903,
        "log_return_zscore_2": 0.012655932695097186,
        "log_volume_0": 0.025829914211115256,
        "log_volume_1": 0.015230635335073977,
        "log_volume_2": 0.02002258692859215,
        "relative_volume_0": 0.014256703551742717,
        "relative_volume_1": 0.02549318247751668,
        "relative_volume_2": 0.020960255294458947,
        "relative_volume_zscore_0": 0.01073397156948071,
        "relative_volume_zscore_1": 0.028513407103485433,
        "relative_volume_zscore_2": 0.0318962659040988,
        "volume_change_0": 0.028829416884247165,
        "volume_change_1": 0.026627709395333418,
        "volume_change_2": 0.02045774793816569,
        "volume_change_zscore_0": 0.01174934725848564,
        "volume_change_zscore_1": 0.024659123875834056,
        "volume_change_zscore_2": 0.02992249989639023
      }
    },
    {
      "anomaly_index": 120,
      "feature_importances": {
        "Close_0": 0.01899124618263206,
        "Close_1": 0.021667864772130535,
        "Close_2": 0.011777121793793303,
        "High_0": 0.01706917911931601,
        "High_1": 0.02702110195112749,
        "High_2": 0.01931244041337187,
        "Low_0": 0.024844118831668732,
        "Low_1": 0.03337361007020388,
        "Low_2": 0.02505314999770576,
        "Open_0": 0.020678790474296816,
        "Open_1": 0.021912584186027543,
        "Open_2": 0.011318272892736422,
        "Volume_0": 0.02128549068791647,
        "Volume_1": 0.02563435860571114,
        "Volume_2": 0.013311716451772431,
        "daily_return_0": 0.02241221965606726,
        "daily_return_1": 0.01620246452843079,
        "daily_return_2": 0.016064809858113722,
        "daily_return_zscore_0": 0.025129624814548567,
        "daily_return_zscore_1": 0.019699912818708802,
        "daily_return_zscore_2": 0.013892925059777815,
        "excess_return_0": 0.029050233758023482,
        "excess_return_1": 0.016640920144996255,
        "excess_return_2": 0.023482867091866647,
        "high_low_range_0": 0.027877619899767007,
        "high_low_range_1": 0.01366859893037223,
        "high_low_range_2": 0.014418052135431802,
        "log_return_0": 0.013423879516475225,
        "log_return_1": 0.008463213063938045,
        "log_return_2": 0.02585358641399387,
        "log_return_zscore_0": 0.027128166694707433,
        "log_return_zscore_1": 0.027240329759410223,
        "log_return_zscore_2": 0.010747260926976747,
        "log_volume_0": 0.025267279484865634,
        "log_volume_1": 0.01809394166500971,
        "log_volume_2": 0.01834375940002957,
        "relative_volume_0": 0.015142013734877106,
        "relative_volume_1": 0.02383974957046645,
        "relative_volume_2": 0.021270195724547906,
        "relative_volume_zscore_0": 0.011527304058773447,
        "relative_volume_zscore_1": 0.025302967732725612,
        "relative_volume_zscore_2": 0.028448631865526684,
        "volume_change_0": 0.026373615168525003,
        "volume_change_1": 0.03015656944168285,
        "volume_change_2": 0.020306613032328457,
        "volume_change_zscore_0": 0.01392351498651494,
        "volume_change_zscore_1": 0.030589926737125465,
        "volume_change_zscore_2": 0.026766185894984782
      }
    },
    {
      "anomaly_index": 131,
      "feature_importances": {
        "Close_0": 0.01603454033681599,
        "Close_1": 0.01930251419302514,
        "Close_2": 0.009064453031821,
        "High_0": 0.017699537235818904,
        "High_1": 0.03157292113925862,
        "High_2": 0.02254663422546634,
        "Low_0": 0.022976003053289444,
        "Low_1": 0.029593053766518777,
        "Low_2": 0.0197032584323267,
        "Open_0": 0.010700825342302371,
        "Open_1": 0.022317637517294025,
        "Open_2": 0.020285291732264683,
        "Volume_0": 0.021344401507561665,
        "Volume_1": 0.024955870426029293,
        "Volume_2": 0.020504746910929825,
        "daily_return_0": 0.023519870235198703,
        "daily_return_1": 0.019273889604503602,
        "daily_return_2": 0.0222842421640189,
        "daily_return_zscore_0": 0.022742235580363535,
        "daily_return_zscore_1": 0.022088640809121707,