{
  "anomalies": [
    {
      "anomaly_index": 6,
      "feature_importances": {
        "Close_0": 6.257930854062054e-11,
        "Close_1": 5.96200548110589e-11,
        "Close_2": 6.08345674017879e-11,
        "High_0": 6.570206547337923e-11,
        "High_1": 6.273509932857244e-11,
        "High_2": 6.174251148652245e-11,
        "Low_0": 6.067549883735682e-11,
        "Low_1": 5.718582374931042e-11,
        "Low_2": 5.801278747397095e-11,
        "Open_0": 6.378340937076861e-11,
        "Open_1": 6.080198244737718e-11,
        "Open_2": 5.991582593571016e-11,
        "Volume_0": 0.22007398596078445,
        "Volume_1": 0.4021432407692664,
        "Volume_2": 0.37778277253611176,
        "daily_return_0": 0.0,
        "daily_return_1": 3.8562076225718526e-16,
        "daily_return_2": 0.0,
        "daily_return_zscore_0": 3.41274374597609e-14,
        "daily_return_zscore_1": 1.9281038112859263e-14,
        "daily_return_zscore_2": 2.2173193829788152e-14,
        "excess_return_0": 7.712415245143705e-16,
        "excess_return_1": 5.784311433857779e-16,
        "excess_return_2": 0.0,
        "high_low_range_0": 7.712415245143705e-16,
        "high_low_range_1": 5.784311433857779e-16,
        "high_low_range_2": 0.0,
        "log_return_0": 0.0,
        "log_return_1": 3.8562076225718526e-16,
        "log_return_2": 0.0,
        "log_return_zscore_0": 3.3934627078632305e-14,
        "log_return_zscore_1": 1.9281038112859263e-14,
        "log_return_zscore_2": 2.2173193829788152e-14,
        "log_volume_0": 1.9281038112859263e-16,
        "log_volume_1": 7.712415245143705e-16,
        "log_volume_2": 5.784311433857779e-16,
        "relative_volume_0": 1.9281038112859265e-15,
        "relative_volume_1": 9.640519056429633e-16,
        "relative_volume_2": 1.1568622867715558e-15,
        "relative_volume_zscore_0": 2.1594762686402376e-14,
        "relative_volume_zscore_1": 1.8124175826087708e-14,
        "relative_volume_zscore_2": 1.3689537060130078e-14,
        "volume_change_0": 2.3137245735431116e-15,
        "volume_change_1": 1.7352934301573338e-15,
        "volume_change_2": 9.640519056429633e-16,
        "volume_change_zscore_0": 1.388234744125867e-14,
        "volume_change_zscore_1": 9.833329437558226e-15,
        "volume_change_zscore_2": 6.3627425772435575e-15
      }
    },
    {
      "anomaly_index": 24,
      "feature_importances": {
        "Close_0": 1.2141767455777858e-10,
        "Close_1": 1.2599684154120063e-10,
        "Close_2": 1.2776892876414835e-10,
        "High_0": 1.2474495056754889e-10,
        "High_1": 1.2951536617203564e-10,
        "High_2": 1.3046035935847298e-10,
        "Low_0": 1.17555802402538e-10,
        "Low_1": 1.1973783666969735e-10,
        "Low_2": 1.2234151789670993e-10,
        "Open_0": 1.211557764461088e-10,
        "Open_1": 1.23012013062325e-10,
        "Open_2": 1.2557654457161374e-10,
        "Volume_0": 0.08835025344441466,
        "Volume_1": 0.14100585947944105,
        "Volume_2": 0.7706438855860768,
        "daily_return_0": 0.0,
        "daily_return_1": 0.0,
        "daily_return_2": 0.0,
        "daily_return_zscore_0": 1.3679901365569026e-13,
        "daily_return_zscore_1": 4.90496463436521e-14,
        "daily_return_zscore_2": 3.824972421293971e-14,
        "excess_return_0": 0.0,
        "excess_return_1": 0.0,
        "excess_return_2": 0.0,
        "high_low_range_0": 0.0,
        "high_low_range_1": 0.0,
        "high_low_range_2": 0.0,
        "log_return_0": 0.0,
        "log_return_1": 0.0,
        "log_return_2": 0.0,
        "log_return_zscore_0": 1.3769900716658295e-13,
        "log_return_zscore_1": 4.81496528327594e-14,
        "log_return_zscore_2": 3.824972421293971e-14,
        "log_volume_0": 2.6999805326780972e-15,
        "log_volume_1": 2.6999805326780972e-15,
        "log_volume_2": 4.499967554463495e-15,
        "relative_volume_0": 8.09994159803429e-15,
        "relative_volume_1": 8.549938353480641e-15,
        "relative_volume_2": 5.8499578208025434e-15,
        "relative_volume_zscore_0": 7.199948087141592e-14,
        "relative_volume_zscore_1": 4.679966256642035e-14,
        "relative_volume_zscore_2": 3.509974692481526e-14,
        "volume_change_0": 1.2149912397051437e-14,
        "volume_change_1": 1.1699915641605087e-14,
        "volume_change_2": 2.6999805326780972e-15,
        "volume_change_zscore_0": 7.064949060507687e-14,
        "volume_change_zscore_1": 2.969978585945907e-14,
        "volume_change_zscore_2": 2.2499837772317476e-14
      }
    },
    {
      "anomaly_index": 35,
      "feature_importances": {
        "Close_0": 5.122384485959556e-11,
        "Close_1": 5.321765449961226e-11,
        "Close_2": 5.476882621176752e-11,
        "High_0": 5.2359524148852086e-11,
        "High_1": 5.397357371433935e-11,
        "High_2": 5.547682530038695e-11,
        "Low_0": 4.9239453047831225e-11,
        "Low_1": 4.9926400520357124e-11,
        "Low_2": 5.100391087040783e-11,
        "Open_0": 5.051335281643873e-11,
        "Open_1": 5.092635228480007e-11,
        "Open_2": 5.3244800004574975e-11,
        "Volume_0": 0.17659743393879151,
        "Volume_1": 0.27566129570667786,
        "Volume_2": 0.5477412697283578,
        "daily_return_0": 2.7699494859915297e-16,
        "daily_return_1": 2.7699494859915297e-16,
        "daily_return_2": 0.0,
        "daily_return_zscore_0": 3.628633826648903e-14,
        "daily_return_zscore_1": 2.1882600939333084e-14,
        "daily_return_zscore_2": 2.548353527112207e-14,
        "excess_return_0": 5.539898971983059e-16,
        "excess_return_1": 0.0,
        "excess_return_2": 0.0,
        "high_low_range_0": 2.7699494859915297e-16,
        "high_low_range_1": 0.0,
        "high_low_range_2": 0.0,
        "log_return_0": 2.7699494859915297e-16,
        "log_return_1": 2.7699494859915297e-16,
        "log_return_2": 0.0,
        "log_return_zscore_0": 3.6563333215088186e-14,
        "log_return_zscore_1": 2.1328611042134777e-14,
        "log_return_zscore_2": 2.548353527112207e-14,
        "log_volume_0": 2.7699494859915297e-16,
        "log_volume_1": 0.0,
        "log_volume_2": 8.309848457974589e-16,
        "relative_volume_0": 3.0469444345906823e-15,
        "relative_volume_1": 2.7699494859915296e-15,
        "relative_volume_2": 3.600934331788988e-15,
        "relative_volume_zscore_0": 2.4652550425324612e-14,
        "relative_volume_zscore_1": 1.689669186454833e-14,
        "relative_volume_zscore_2": 2.0220631247738165e-14,
        "volume_change_0": 3.600934331788988e-15,
        "volume_change_1": 2.4929545373923765e-15,
        "volume_change_2": 2.7699494859915296e-15,
        "volume_change_zscore_0": 2.3544570630928e-14,
        "volume_change_zscore_1": 8.586843406573742e-15,
        "volume_change_zscore_2": 1.606570701875087e-14
      }
    },
    {
      "anomaly_index": 43,
      "feature_importances": {
        "Close_0": 1.5397486487785052e-10,
        "Close_1": 1.5608210200915046e-10,
        "Close_2": 1.4973369044042072e-10,
        "High_0": 1.5460706568410143e-10,
        "High_1": 1.5717769918300525e-10,
        "High_2": 1.5690061070199244e-10,
        "Low_0": 1.4880333768190226e-10,
        "Low_1": 1.5098741198299055e-10,
        "Low_2": 1.471909437907837e-10,
        "Open_0": 1.4789048837132788e-10,
        "Open_1": 1.5253542878590807e-10,
        "Open_2": 1.54761926698115e-10,
        "Volume_0": 0.012199591458541815,
        "Volume_1": 0.025360729917181513,
        "Volume_2": 0.9624396767927812,
        "daily_return_0": 2.966686092214463e-16,
        "daily_return_1": 5.933372184428926e-16,
        "daily_return_2": 0.0,
        "daily_return_zscore_0": 5.5477029924410463e-14,
        "daily_return_zscore_1": 4.3016948337109714e-14,
        "daily_return_zscore_2": 1.2460081587300745e-13,
        "excess_return_0": 5.933372184428926e-16,
        "excess_return_1": 1.4833430461072316e-15,
        "excess_return_2": 0.0,