{
  "anomalies": [
    {
      "anomaly_index": 23,
      "feature_importances": {
        "Close_0": 1.7173264475909082e-09,
        "Close_1": 1.7724081257089836e-09,
        "Close_2": 1.7617981789765445e-09,
        "High_0": 1.7396662315230329e-09,
        "High_1": 1.831148569856651e-09,
        "High_2": 1.8129111826102437e-09,
        "Low_0": 1.6636711396204707e-09,
        "Low_1": 1.745020922117956e-09,
        "Low_2": 1.7607057187044447e-09,
        "Open_0": 1.7169044445886484e-09,
        "Open_1": 1.7467437493746815e-09,
        "Open_2": 1.8010850759756673e-09,
        "Volume_0": 0.2722185753234614,
        "Volume_1": 0.5619085396528392,
        "Volume_2": 0.16587286395124384,
        "daily_return_0": 2.1100150112986698e-15,
        "daily_return_1": 1.0550075056493349e-15,
        "daily_return_2": 0.0,
        "daily_return_zscore_0": 2.574218313784377e-13,
        "daily_return_zscore_1": 4.652583099913567e-13,
        "daily_return_zscore_2": 9.758819427256347e-14,
        "excess_return_0": 1.846263134886336e-15,
        "excess_return_1": 7.912556292370012e-16,
        "excess_return_2": 0.0,
        "high_low_range_0": 1.5825112584740023e-15,
        "high_low_range_1": 7.912556292370012e-16,
        "high_low_range_2": 0.0,
        "log_return_0": 2.1100150112986698e-15,
        "log_return_1": 1.0550075056493349e-15,
        "log_return_2": 0.0,
        "log_return_zscore_0": 2.5610307199637603e-13,
        "log_return_zscore_1": 4.63148294980058e-13,
        "log_return_zscore_2": 9.890695365462514e-14,
        "log_volume_0": 8.703811921607012e-15,
        "log_volume_1": 1.0550075056493349e-15,
        "log_volume_2": 9.495067550844014e-15,
        "relative_volume_0": 1.8726383225275694e-14,
        "relative_volume_1": 8.176308168782346e-15,
        "relative_volume_2": 9.23131567443168e-15,
        "relative_volume_zscore_0": 3.6318633381978353e-13,
        "relative_volume_zscore_1": 2.503005307153047e-13,
        "relative_volume_zscore_2": 1.9913266669131195e-13,
        "volume_change_0": 4.220030022597339e-14,
        "volume_change_1": 6.330045033896009e-15,
        "volume_change_2": 9.758819427256347e-15,
        "volume_change_zscore_0": 3.1808476295327444e-13,
        "volume_change_zscore_1": 5.723415718147642e-14,
        "volume_change_zscore_2": 1.1446831436295284e-13
      }
    },
    {
      "anomaly_index": 27,
      "feature_importances": {
        "Close_0": 3.5213043084736923e-09,
        "Close_1": 3.63097905100867e-09,
        "Close_2": 3.669381315620526e-09,
        "High_0": 3.5403029557858666e-09,
        "High_1": 3.6616615752336587e-09,
        "High_2": 3.681700198017071e-09,
        "Low_0": 3.4996467016915486e-09,
        "Low_1": 3.5058827467259537e-09,
        "Low_2": 3.614369681825227e-09,
        "Open_0": 3.530453763147209e-09,
        "Open_1": 3.5766015267458014e-09,
        "Open_2": 3.6750204331014418e-09,
        "Volume_0": 0.47138300560375174,
        "Volume_1": 0.23811996015166628,
        "Volume_2": 0.29049699112609,
        "daily_return_0": 2.4638660744389904e-15,
        "daily_return_1": 2.239878249489991e-16,
        "daily_return_2": 0.0,
        "daily_return_zscore_0": 5.250274616804539e-13,
        "daily_return_zscore_1": 1.3970120642069077e-12,
        "daily_return_zscore_2": 9.091665814679875e-13,
        "excess_return_0": 6.719634748469974e-16,
        "excess_return_1": 1.1199391247449958e-15,
        "excess_return_2": 0.0,
        "high_low_range_0": 1.791902599591993e-15,
        "high_low_range_1": 1.1199391247449958e-15,
        "high_low_range_2": 0.0,
        "log_return_0": 2.4638660744389904e-15,
        "log_return_1": 2.239878249489991e-16,
        "log_return_2": 0.0,
        "log_return_zscore_0": 5.21891632131168e-13,
        "log_return_zscore_1": 1.3949961737823665e-12,
        "log_return_zscore_2": 9.046868249690075e-13,
        "log_volume_0": 3.583805199183986e-15,
        "log_volume_1": 2.911841724336989e-15,
        "log_volume_2": 1.2095342547245953e-14,
        "relative_volume_0": 1.321528167199095e-14,
        "relative_volume_1": 4.188572326546284e-14,
        "relative_volume_2": 2.8446453768522893e-14,
        "relative_volume_zscore_0": 1.2375327328432202e-12,
        "relative_volume_zscore_1": 1.3425830227443007e-12,
        "relative_volume_zscore_2": 9.046868249690075e-13,
        "volume_change_0": 7.391598223316972e-14,
        "volume_change_1": 1.9643732248027224e-13,
        "volume_change_2": 1.1423379072398957e-14,
        "volume_change_zscore_0": 8.448820757076248e-13,
        "volume_change_zscore_1": 5.140520582579531e-13,
        "volume_change_zscore_2": 2.9723184370732183e-13
      }
    },
    {
      "anomaly_index": 35,
      "feature_importances": {
        "Close_0": 9.284012061172174e-10,
        "Close_1": 9.439688399130474e-10,
        "Close_2": 9.505544607499927e-10,
        "High_0": 9.490419854348543e-10,
        "High_1": 9.574165489582282e-10,
        "High_2": 9.800210868760893e-10,
        "Low_0": 9.18978156995978e-10,
        "Low_1": 9.169547601414575e-10,
        "Low_2": 9.226767534746098e-10,
        "Open_0": 9.53696228579406e-10,
        "Open_1": 9.357893816064772e-10,
        "Open_2": 9.395488459941328e-10,
        "Volume_0": 0.188668255274,
        "Volume_1": 0.3588819137195905,
        "Volume_2": 0.45244981970717246,
        "daily_return_0": 0.0,
        "daily_return_1": 0.0,
        "daily_return_2": 0.0,
        "daily_return_zscore_0": 1.6579844579226776e-13,
        "daily_return_zscore_1": 1.8711246107335038e-13,
        "daily_return_zscore_2": 2.803612779280869e-13,
        "excess_return_0": 2.0494245462579452e-16,
        "excess_return_1": 2.0494245462579452e-16,
        "excess_return_2": 0.0,
        "high_low_range_0": 0.0,
        "high_low_range_1": 2.0494245462579452e-16,
        "high_low_range_2": 0.0,
        "log_return_0": 0.0,
        "log_return_1": 0.0,
        "log_return_2": 0.0,
        "log_return_zscore_0": 1.6538856088301616e-13,
        "log_return_zscore_1": 1.869075186187246e-13,
        "log_return_zscore_2": 2.811810477465901e-13,
        "log_volume_0": 3.893906637890096e-15,
        "log_volume_1": 4.303791547141685e-15,
        "log_volume_2": 6.558158548025425e-15,
        "relative_volume_0": 8.197698185031781e-15,
        "relative_volume_1": 9.632295367412341e-15,
        "relative_volume_2": 6.148273638773835e-15,
        "relative_volume_zscore_0": 1.8711246107335038e-13,
        "relative_volume_zscore_1": 1.450992578750625e-13,
        "relative_volume_zscore_2": 1.6477373351913878e-13,
        "volume_change_0": 1.8444820916321505e-14,
        "volume_change_1": 8.812525548909164e-15,
        "volume_change_2": 1.3936086914554027e-14,
        "volume_change_zscore_0": 1.5739580515261019e-13,
        "volume_change_zscore_1": 7.603365066616976e-14,
        "volume_change_zscore_2": 1.1107881040718062e-13
      }
    },
    {
      "anomaly_index": 70,
      "feature_importances": {
        "Close_0": 1.0980790451721691e-09,
        "Close_1": 1.108607654850464e-09,
        "Close_2": 1.114834550712535e-09,
        "High_0": 1.1103409157796454e-09,
        "High_1": 1.1229176588731314e-09,
        "High_2": 1.1371883038350477e-09,
        "Low_0": 1.0993775286129283e-09,
        "Low_1": 1.0926505411554295e-09,
        "Low_2": 1.0886634561158615e-09,
        "Open_0": 1.1172884602029636e-09,
        "Open_1": 1.1128339406214707e-09,
        "Open_2": 1.104814440602398e-09,
        "Volume_0": 0.16851557090526303,
        "Volume_1": 0.23034373222705576,
        "Volume_2": 0.6011406835576685,
        "daily_return_0": 4.874187089936567e-16,
        "daily_return_1": 2.4370935449682836e-16,
        "daily_return_2": 0.0,
        "daily_return_zscore_0": 1.6450381428535915e-13,
        "daily_return_zscore_1": 2.2433446081433053e-13,
        "daily_return_zscore_2": 3.299824659887056e-13,