feature_0,feature_1,feature_2,feature_3,feature_4,feature_5,feature_6,feature_7,feature_8
0.016518493059515,0.4320939077972325,0.0227735489857128,0.0101249722474991,0.0025948652196476,0.0163112057909116,-0.0060636026732904,0.1529748492783631,0.0255792910199023
0.0021165545497503,-0.356533565731791,0.0215419393252627,0.0126724081246769,0.0379224723481972,0.0195468090237729,-0.014476717230939,0.4834615156487871,0.0199476186558244
0.0056018548930589,-0.2651135515513381,0.0220220492561817,0.0038374785773118,0.0149800507798332,0.0271880164995715,0.0138118761291616,-0.2695207804738591,0.0211345817213632
