feature_0,feature_1,feature_2,feature_3,feature_4,feature_5,feature_6,feature_7,feature_8
-0.0025843181060342,0.1550044286979628,0.0069539201369647,0.0066865236827735,-0.0137116564417177,0.0123680628911933,-0.0009132554300185,-0.0922153453799023,0.0077168599008934
0.0066865236827735,-0.0137116564417177,0.0123680628911933,-0.0009132554300185,-0.0922153453799023,0.0077168599008934,0.0022160326675033,-0.2770316568452788,0.0066935251876612
-0.0009132554300185,-0.0922153453799023,0.0077168599008934,0.0022160326675033,-0.2770316568452788,0.0066935251876612,0.0024322966072518,-0.3924746469528954,0.0053981072410229
0.0022160326675033,-0.2770316568452788,0.0066935251876612,0.0024322966072518,-0.3924746469528954,0.0053981072410229,-0.0036947070832455,1.012714508580343,0.0085100066478724
0.0024322966072518,-0.3924746469528954,0.0053981072410229,-0.0036947070832455,1.012714508580343,0.0085100066478724,-0.0035700685171745,0.1446343448436229,0.0081011211584666
-0.0036947070832455,1.012714508580343,0.0085100066478724,-0.0035700685171745,0.1446343448436229,0.0081011211584666,-0.0037772126028914,0.0635178601659047,0.0089868862138049
-0.0035700685171745,0.1446343448436229,0.0081011211584666,-0.0037772126028914,0.0635178601659047,0.0089868862138049,0.0036521719302944,0.4666199738944956,0.0056078878766411
-0.0037772126028914,0.0635178601659047,0.0089868862138049,0.0036521719302944,0.4666199738944956,0.0056078878766411,-0.0081388685438368,0.0214682643049404,0.0139037506645926
