feature_0,feature_1,feature_2,feature_3,feature_4,feature_5,feature_6,feature_7,feature_8
-0.0010366676877346,-0.2510633270321361,0.0164095830316844,0.0055705121519202,0.2719671872535101,0.0180447747274099,-0.0041818748937029,-0.0902889743271735,0.0102692388092493
0.0055705121519202,0.2719671872535101,0.0180447747274099,-0.0041818748937029,-0.0902889743271735,0.0102692388092493,0.0024541814276282,0.076482617586912,0.0125130272503486
-0.0041818748937029,-0.0902889743271735,0.0102692388092493,0.0024541814276282,0.076482617586912,0.0125130272503486,-0.006691817516305,-0.5829533941236069,0.0125823806930376
0.0024541814276282,0.076482617586912,0.0125130272503486,-0.006691817516305,-0.5829533941236069,0.0125823806930376,0.0171432868978227,2.6170665047069543,0.0244144833787676
-0.006691817516305,-0.5829533941236069,0.0125823806930376,0.0171432868978227,2.6170665047069543,0.0244144833787676,-0.0235313036020583,-0.0048694484090336,0.0301706991117234
0.0171432868978227,2.6170665047069543,0.0244144833787676,-0.0235313036020583,-0.0048694484090336,0.0301706991117234,0.0235468178598221,0.3333333333333332,0.0207511678646423
-0.0235313036020583,-0.0048694484090336,0.0301706991117234,0.0235468178598221,0.3333333333333332,0.0207511678646423,0.014546672307115,0.1958364970893444,0.0139650134590096
0.0235468178598221,0.3333333333333332,0.0207511678646423,0.014546672307115,0.1958364970893444,0.0139650134590096,0.0118953251661173,-0.4642573681147151,0.0337656929463552
