open_std_0,high_std_0,low_std_0,close_std_0,daily_return_std_0,log_return_std_0,volume_change_std_0,relative_volume_std_0,log_volume_0,high_low_range_std_0,excess_return_std_0,open_std_1,high_std_1,low_std_1,close_std_1,daily_return_std_1,log_return_std_1,volume_change_std_1,relative_volume_std_1,log_volume_1,high_low_range_std_1,excess_return_std_1,open_std_2,high_std_2,low_std_2,close_std_2,daily_return_std_2,log_return_std_2,volume_change_std_2,relative_volume_std_2,log_volume_2,high_low_range_std_2,excess_return_std_2
-1.523565553742886,-1.5255578128539682,-1.452230203787903,-1.6638811792695722,-0.9815212782054796,-0.9795205255634032,0.2868320284049216,0.0,15.768226211239266,0.0321173360539404,0.0,-1.7360652111568464,-1.38750693503832,-1.403514310213423,-1.4098655095871582,0.5124958356081359,0.5134397931751716,-0.0804068796348568,0.0,15.752740427880624,0.2376992860291838,0.0,-1.1663143996938568,-1.392427729177598,-1.4408048873317063,-1.3341846791594223,0.1186441369121793,0.1221866900214252,0.6156802213110308,0.0,15.969665361787166,0.2098899482479224,0.0
-1.245493223411404,-1.3411319393238832,-1.2469439906116282,-1.3633845079336544,0.5449366658285295,0.5437879486374589,-0.3549996308851242,0.0,15.946761629509194,-0.8833321768468588,0.0,-1.1555349975306382,-0.8068280323492191,-1.5817742371624093,-1.1220939178656086,0.9908064068207688,0.987060135228789,0.7181946526148717,0.0,16.17085895934566,2.37241906529502,0.0,-1.4667655186795212,-1.1862032491724448,-1.0077409011160372,-0.5447664306642556,1.86639331861158,1.8574270987845216,-1.5269083892432715,0.0,15.775577313449734,-0.1560534380189019,0.0
-0.4768655821461415,-0.8549919481156935,-0.2662763569530019,-0.6485610231801108,-0.0347156544404594,-0.032194606849451,-0.230233745036697,0.0,15.753691052923314,-1.0715212894111026,0.0,-0.7402903701625347,-1.1503439679461371,-0.4881125742662509,-0.827706683753,-0.1007087161489029,-0.0981608540305011,-0.8502266240781406,0.0,15.616906942599371,-1.077394739720042,0.0,-0.8570308209854806,-1.125766731072371,-2.3175882553294382,-2.5185824895254383,-2.5274716728034208,-2.535843771756771,2.7938222623247286,2.589665180501614,16.96220705426487,2.4027421330892142,0.0
-2.5307525711198022,-2.536564953392513,-1.7987074307441528,-1.5791260649604708,1.080433161057211,1.0685039435729335,-0.7959257936049092,-0.1716565460962703,16.267592748218327,-0.2186594852569887,0.1352464577994048,-1.5824182331165593,-1.1842339912477244,-1.105738805537222,-0.836502713798132,0.9096091258605076,0.8995846235436071,-0.386809973560406,-0.5752328122769145,16.104534208884168,0.314241477416178,0.5591668706375756,-1.2507290852530673,-0.8892732159143046,-0.7925452735421924,-0.476401787852059,0.4540205459845977,0.4532170888305646,-0.2076990958549301,-0.5557325889296014,16.127947066028394,0.1710071936754253,-0.1584300018449913
-0.1618192409336135,-0.6835856995696655,-0.3316430784187147,-0.6782122876679786,-0.2413392067681805,-0.2327987028638412,-0.5026901734913244,-0.9696959861643348,15.742456445339585,-0.3163458140647949,1.1521093598213017,-0.5299992245869887,-1.068590718912493,-0.4611491466403405,-0.946324072428264,-0.3488044449489543,-0.3396730165835408,-0.1524300425974624,-0.7874500167941132,15.764416358429228,-0.6763920390575674,0.3965220377606029,-1.264183541455036,-1.2286182421692189,-0.8743830430624693,-0.7599109979163481,0.2314923785398986,0.2346770173148145,-0.110775180662609,-0.5585130345920007,15.804863401646353,-0.1862566479412249,-0.6461656605577331
-0.5556859032325852,-0.7682045221597841,-0.2292864887781557,-0.5355582820135169,0.3617945206536272,0.3628774136143828,-0.3507802710267245,-0.6984304758827837,15.616345553072938,-0.583019247115728,1.7751513036034827,-0.2869294327038183,-0.5174166639057327,-0.8280939880593121,-1.3735071417761704,-0.6719703268905921,-0.6626474526587921,0.1216309055201,-0.3343432417502109,15.888619717364968,0.4184675925733052,0.034671196351973,-0.9233147155253318,-1.3971034888993543,-0.7308742537733549,-0.9711161264822594,0.596841429918511,0.5947152011898819,-0.3291666194289755,-0.4952041241721156,15.765412870577103,-0.8979358654983685,0.6484967538589035
-1.1129781082630714,-1.3110100541105254,-0.9372534813276144,-0.6087427329095488,0.4394167035672143,0.4410178198209321,0.0332493769992481,-0.1814369909304912,15.674102945436651,-0.9027664604081004,-0.6912281025524807,-0.2481888381392371,-1.12136450250772,-0.4388269718758669,-0.996389534550828,-0.5180664646455969,-0.5151862921396271,0.1821454886241767,0.3924122739875225,15.658596812685714,-1.1909136590601372,-0.2337314409047978,-0.7065247420131151,-1.4381759581707063,-1.947521543030924,-1.999686809071611,-1.7585797123743048,-1.763294178781242,2.542285887170639,2.6725097576110217,16.350936114879392,0.5722074254940299,-1.6442647599623372
-1.832957169307266,-2.047997188434653,-1.9573342996869283,-1.950240447759424,-0.3699186290572448,-0.3668207099917885,-0.4578974701267365,1.5364560313421909,16.22936874283719,-0.4118214700874192,0.959872935581444,-1.8528798432366913,-0.4960989881897904,-1.6192250872741152,-0.1372570284624172,2.132346816123044,2.1203413127427453,0.0336397978423187,1.3249591514592902,16.333360325276644,2.098750025673027,1.9392483181081976,-0.3654944933330324,-0.8019490022763092,-0.7672631011390105,-1.201881821836526,-1.0906196365196663,-1.095808491354323,-0.8617622946583279,0.189155562287085,16.058759679724947,0.1236683268801037,0.3943179388720945
-0.8749240545637461,-1.393718977763575,-0.8766520634215429,-1.0822257575915153,0.1178430048956289,0.1232544698262488,-0.0822052429860929,0.1370704542648924,16.099952148552944,-0.6833934123952324,-0.1101457440011808,-1.0757988679108004,-1.2750984665045044,-1.0937230110535996,-0.9374346622943048,0.2284270893543855,0.234036846482891,-0.3634926753234974,-0.2440162042036191,16.05463398979886,-0.3079957698903106,-0.4732066305339711,-1.3999870238081442,-1.8585396264014071,-1.5284727102104128,-1.5038295833192148,-0.7732134896792646,-0.7745054816992935,-0.3448040365762073,-0.5534317596163437,15.97764908928484,-0.4107408613161066,-0.0626541062205494
-1.2148617287495005,-1.4242799234609262,-1.3027481671299992,-1.341303080794103,0.1073729620805735,0.1126586042223446,-0.5840069823592196,-1.098448910033574,15.798868007947217,-0.273800645051568,-0.4064029748652513,-1.5351249217380196,-1.7084878773901029,-1.8150405985785796,-1.902274282371642,-0.9095296033666213,-0.915137834408545,0.4887986470552579,-0.6226394089315188,16.019633619283283,0.1278557038538475,-0.9521064859850394,-1.9105900622248648,-1.9091038825631688,-1.9202214659472532,-1.7278498443948345,0.0668156248948063,0.0721934419905937,-0.8273380149381987,-1.331025832550774,15.727568562990324,-0.8915522652947352,0.0804567211020001
-1.8736647008073863,-1.597274592427636,-1.6777137733930243,-1.3798044811783226,0.2793254773200742,0.2852091694591473,1.6499142236672897,-0.3805627082618403,15.985991924447658,-0.5396521087369098,-0.8712940603654885,-0.9913170433452712,-0.916916731650842,-0.8155379482310989,-0.6554885795838378,1.1006175932337534,1.102932261748354,-1.3988951616081289,-1.3008690138871162,15.56422351164772,-0.7721367790932381,-0.5001065947272585,-0.396289314423628,-0.2132992800616093,-0.0047850483001879,0.1227030257137543,1.454004895330269,1.4491120183066923,1.6673268385275857,0.4382423219428778,15.913307724654906,-1.274353885740777,1.805476889900619
0.3582751046511996,0.1905721864475463,-0.3884318047900501,-0.4200206374141981,-0.8418556298045805,-0.8416855600790504,-0.3585717991824466,0.1600078584657211,15.824757747739971,2.2557340578994047,1.24143919733795,-0.4729862949095438,-0.6513805952411186,-0.6837634240806014,-0.8425795610970785,-0.5071813935021795,-0.5052389060653153,-0.5862965914254183,-0.5151486008630676,15.644967304865808,-0.0379002585083518,-0.8300539189771929,-0.6053937864698696,-0.8545384035773871,-1.5038147400302346,-1.6152526955927162,-0.812440776931059,-0.8135598071019691,0.719409448837057,1.0043551338090972,15.822300892815422,1.7006513433224042,1.218692207661492
-1.3124831856464456,-0.7627918034119687,-1.0530098893264448,-1.1559185375294,0.6120870758797784,0.6150483737315808,0.4376250256831791,1.6805368063637696,15.956082593485712,0.7467365856412994,1.7856712134686967,-1.0017838305618452,1.1726617092793488,-0.5925489538567013,-0.0174478058888323,1.1870585909326197,1.1851166662565662,0.7549008371608658,2.0746562366764647,16.195019746967542,2.171094496610338,0.9591624529498648,-0.0560533538761607,-0.2503515501690125,-0.2270262533451162,0.5993357159309686,0.6197333819851478,0.6216377446266181,-0.9125691772173464,0.5705365216125441,15.946263012626453,-0.0359010252821473,-1.287991600880526
-0.3704606144472924,0.3390706336344383,0.2574187427877387,0.7746681582700419,0.1965475759518394,0.1997834121842058,-0.4780285514126862,-0.0294701328750418,15.864196585378284,0.085830688328058,0.7111260519548664,-0.0474122461371295,-0.2928432225656794,0.2093533193693891,0.4200822657810603,-0.3822474032827661,-0.3786939579900401,-0.1295433887609602,-0.071384948617352,15.84438235921772,-0.5613971041651387,-1.78038200766654,0.6838045440051603,0.2141506581980687,-0.0099062251730379,-0.7079478030867258,-1.1705688697253034,-1.1726228519384974,2.652011037280954,2.645519467421487,16.83791889041202,0.2463978562878604,-0.1565149267385104
-0.7449637677886796,-0.547368679833479,0.368011558920073,0.66985105653699,1.3281386413804257,1.324688229048263,-1.2353243695464773,-0.8279557377691656,15.779681670371884,-0.9981414063510604,-0.0265715174347369,0.9367720220708656,-0.3259571847325307,0.3017822093775521,0.6989826833822291,0.0133862471835579,0.0168428974600054,0.0658407418934308,-0.5194507243081444,15.94097665733271,-0.5413166961518204,-1.029697562960667,0.789333553296081,-0.4013079542551946,-1.1666482856820564,-1.4905783642790662,-1.821350774178735,-1.8283966477579452,-0.3252199302322912,-0.6814527702974207,15.887864668031298,0.6650012364615983,-0.1771229484125153
-1.686333270345301,-2.248753300659439,-2.050995319435659,-1.40038308301964,0.064596900278859,0.0682837285017263,-0.0016752065546488,-0.4261007942871533,16.018441158277057,-0.9631444406759542,-0.1370945299136655,-1.3027835257439029,-1.1339916566703827,-1.0887007338304755,-0.3189673368676361,0.9995444419584082,0.9951428645996712,-0.7313390573772197,-1.0219442409327957,15.555310019372692,-0.4818936125415978,0.6646059194740694,0.9564366369261508,0.5910814747564158,1.294109377720466,0.1991772852200378,0.4556577204077212,0.4569238619539547,0.1721749523384955,-0.5599152233343009,15.728351468973322,-1.2607901479346633,0.6270694705206283
-0.561345997672251,-0.4360365795700549,-0.1585854651518094,-0.8392818233865841,-0.904988793748442,-0.902622975019748,-0.3064028109722079,-0.5886913263251943,15.626304549113572,-0.5667324209094146,-0.6188565667141402,-0.6252754060449215,-0.3762140970827466,0.2589937254775006,0.5024520633969514,1.066873865876638,1.0633594538550124,-0.1878847374485562,-0.5146680657189886,15.609268196188989,-1.1072909190988176,-0.0398864724336699,0.5023498997606003,0.1255501999822351,1.0205002372605558,0.7011059794637867,0.1154246693328572,0.1194601311950806,-0.5084764775147345,-0.7268683341000233,15.33188997365198,-1.3744326123216088,-0.4370340457450414
0.7920076035054358,1.5282093077686796,1.2554258993562453,1.6041149323961967,0.8875017930022899,0.8839986402840373,2.3818626982316817,2.4327678795050325,16.107034804711123,0.3153411234586516,-0.2144909779388281,1.419158688544389,2.1050722297786377,1.523563700296522,2.0373765488650126,1.0218573391133838,1.0167041713561709,-0.8380166443094718,0.5271727457376042,15.738576174961628,1.6735034101759163,1.7200387038695386,2.0204683838204,2.108518320554393,2.170724274608476,1.9688182249756696,0.7390508389505925,0.7369000601554185,0.3470715412600768,1.183780833352981,15.933511656781914,0.5489912792487484,2.1242231206057434
2.5458615108232796,2.4372563849787436,2.4811112479355453,2.4280256440054773,2.5074490300742815,2.4947135893695345,1.5921371506935014,2.368548086733736,16.63117080263808,1.2758088334890607,2.547320420108993,1.962164426200846,1.9171575357660768,2.0009183015685803,1.696535137867598,-0.8148149034358055,-0.8210830310261452,-0.9581080040470892,0.3870850240959063,16.078876641803586,0.4415710667309052,-0.6850591509059025,1.3354198954752317,1.1734718732219829,1.3780115370588517,1.2218528624442102,-0.8287264831921066,-0.8358737466164736,-0.966044308900296,-0.7550315665862167,15.49335468983866,-1.1065567586077178,-0.5895600025589003
1.0529713110795376,1.0194365072533311,1.1659605849029449,0.9884196830831968,-0.4804135383501887,-0.4805500367010131,0.0107451714806496,-0.5857908423393273,15.591106938732327,-0.9821137264554196,-0.2349354171450778,0.7931857871135958,0.7696161136665989,0.8163992868797049,0.7596956180321062,-0.6824176697721254,-0.68744118936576,-0.2259890858690966,-0.6251547153835182,15.567159758501814,-0.3052362737624144,-0.1661550318120094,0.6791389076150196,0.8658284366971638,0.7788945045052477,0.9910909622548136,0.3562976110683429,0.3658583765229882,-0.2211811376105067,-0.6556484842312619,15.545501178080784,0.559282358946743,-0.3119147269181135
0.8569287277910551,0.6827280221315059,0.6755013601161065,0.7950202878503794,-0.6443569414772816,-0.6480700186412797,0.2261475619929809,-0.3786665304344124,15.793071771103817,-0.2043572564423917,-0.3292186979700577,0.6772049799927959,0.5828483186682941,0.7391161673324951,0.6307700395730771,-0.5195826240075124,-0.5213565278560174,0.1501770208800018,-0.0098205473873821,15.900735468679011,-1.1289802358712857,-0.6237955636046065,0.0783051355110745,-0.1451023034325564,-1.1771836689263986,-1.236498481440885,-1.6753754489018415,-1.7054251393622624,1.397893241143818,1.2485485624745272,16.494578192769115,2.437851072880401,-1.5927974063361614
-2.1521515887206553,-2.1698672865737594,-1.2279107552119,-1.1748665660099216,0.3679241252285443,0.3775592595823904,-1.215309759474012,-0.5503297197212943,15.725349463362184,-0.5634236403556301,0.4293301290863782,-1.4085491108461972,-1.0368190739008978,-1.1456311692140082,-0.4143706323401192,0.6820678927135524,0.6799184795670669,0.9063803058630516,0.7848743636269796,16.066676138079234,0.5863385114520867,1.2945866153843646,0.1940303789114669,-0.0097202263568204,-0.448379548305714,-0.8018644435708556,-0.354857650756481,-0.3482294201799578,-0.7555861987380363,-0.0339971903012694,15.763447366243428,0.6234296446503997,-0.373273137850683
-0.998875722183199,-0.8954028195955862,-0.406204820644019,-0.1538875821398559,0.561671405633584,0.5607617698544163,-0.8136187237228059,-0.7951739664143418,15.479228490078096,-0.3268594198932907,0.5496736016394781,0.2406633597002976,0.3889470058880283,0.9340565439039448,0.6937821922322831,0.7237218625810359,0.7200533859860858,0.3021425176741604,-0.4126065544364276,15.65018598783449,-0.9791563908625628,1.6705887137205246,0.0616728090030635,-0.373174787221519,-0.143342291008535,-0.7351701557646109,-1.148554100970638,-1.144009098890319,-0.4662923832054129,-0.7307989960688226,15.523562459337342,-0.1834064171982638,-0.8052190285853166
-0.7232457138716339,-0.983097598577972,-0.113416769362806,-0.3726391649704053,0.3476220899066576,0.3499850223511138,-0.0708093478153098,-0.6559901181511856,15.562917676346652,-0.7998169824668275,-0.9993829441386562,-0.6447049539993086,-0.533023994547937,0.260226651529518,0.2485485248307506,0.4557979754434947,0.456689982361683,0.0135875362432707,-0.4542372243274652,15.61116260792685,-0.7707141341255754,-0.122937960247567,0.279277747922622,0.231596115751017,0.294983918553976,0.4069518787814048,0.0477492700154736,0.0528591002699268,-0.5254756674732007,-0.7302105144496787,15.403398120724798,-0.1441756199072343,0.0896092985145903
1.0863134854617182,1.4522475015316805,1.3097544984248348,1.5742947680778037,0.7915126510934998,0.7887894907364043,1.694096320255052,1.646491278047589,15.83595831135798,-0.011703365208195,1.2426524345926016,1.836412875987448,1.797218874442491,0.1010433865679115,-0.8083649900827532,-1.507564956697392,-1.5086729665122065,-0.8227710683290613,0.312128034128924,15.596748368162295,1.8410580392211815,-0.5677577875094183,-1.0989163107780864,-1.5111544191272357,-1.4252555380757077,-1.3073402993966925,-0.4254372556722416,-0.4214389134748497,-0.4062547217767793,0.1762751938654243,15.450226472590424,-0.4297149824704592,0.1432294314005378
-0.7644317955891023,-1.0473386646138765,-0.8467247529343397,-0.7610097782273733,0.3913596698709799,0.3932894933659624,0.0848266828203008,0.4629151431469848,15.462957103125024,-0.55001385731761,-1.063816217244421,-1.4325588744582145,-1.301715984542125,-1.1227486493753756,-0.9390641057886246,-0.1755934035453326,-0.1715344292579948,-0.2334620590257499,0.1392133780057298,15.423928150048557,-0.7143616291840592,-0.1307939375543984,-1.3059474937857969,-1.3220941139564126,-1.561035879777444,-1.739555646754793,-0.6747824111604034,-0.6721051009938107,0.4602884032993013,0.7689896109370806,15.523979175004325,-0.5960907068168818,0.0500970431673157
-1.38449368998711,-1.1624225888311468,-1.7477568630299982,-1.0166354378655391,0.662379604630479,0.662728540197838,0.829944250270706,1.6115304316054186,15.726030510916594,0.2208990857208228,0.1820139407639456,-0.7762647421723063,-0.8726894324704974,-1.7185267336423218,-1.273780266354162,-0.4405977642899037,-0.4379168525043218,-0.6751200863372202,0.4932192761813526,15.584956420023165,1.1730393051418295,-0.1400878701339529,-0.9614636243991852,-1.0719864447438323,-0.9962255685090288,-1.1594391179125765,0.0768194185701672,0.0795698987171336,-1.254218793049968,-1.3811698301216393,15.177563710845517,-0.5262264191096783,0.1126312247279829
-1.097670609354272,-1.1342907164262632,-1.415868152932377,-1.5808112560295944,-0.8009283792758155,-0.8004686660357759,1.0329590596174636,-0.276369146330893,15.44563325749676,0.2094252260726329,-0.944582787529932,-1.7107844604831688,-1.3508934471471392,-1.4997996145029524,-1.627598023145842,0.4214510439069345,0.4230379424152639,0.5391378709424757,0.7917074237093581,15.538134466954393,-0.2649013098329821,1.3861394038576196,-1.2919361035741743,-1.6358611457031558,-1.6835561130343395,-1.5078973579663784,0.0524675831902838,0.0542447041147744,0.9542514438277224,1.7508248255600278,15.738400769727582,1.0501038543705192,-1.4499591509633554
-1.6761406831688173,-1.8854181527715848,-1.435221314797041,-1.465590909822061,-0.2444427121150328,-0.2428844793334566,-1.2609680914787178,-0.2347359829554922,15.458963542297058,-0.765477388163062,-1.0148864300585865,-1.4136132688646144,-0.93294430080824,-0.8654350498491065,-0.9872461394204722,1.350057672637881,1.3485253092713425,0.9578055605223956,0.96830127656321,15.690998396003224,-0.0156681489752058,1.1748776056017534,-0.7932331222550417,-0.4507777363006991,-0.859345164749364,-1.390073267470315,-0.7100545033293983,-0.7096404069264769,-0.7305200038458264,-0.1230429535913462,15.551739875249494,0.9911213009956256,-0.2348056590108122
-1.215386959950714,-1.025481406001881,-1.0809674984783353,-1.1658921123254644,0.4412266924235321,0.4425223442125495,-0.0374546210433043,-0.0441302918132603,15.572161022700875,-0.1283078467852171,1.638833138066765,-1.007138089493986,-1.6115173080092036,-1.308239698228301,-1.1320079404748078,0.4931796784182143,0.4940107320211521,-0.5740968191836359,-0.5984895565135,15.42796411875663,-1.3981926061104284,0.9498764962131646,-1.5308741366313678,-1.842306539269957,-2.224243711203608,-2.1763105050791975,-2.2966164199318584,-2.3008570524499525,1.3342789391622802,1.2512252862905084,15.745015590214225,1.638657268269582,-1.7494378599851217
-2.009669406807749,-1.935789302860959,-1.546828183178628,-1.759628552513368,0.606330231542136,0.6059442747231198,-0.3935831768802805,0.7375607791065037,15.739087597896006,-1.464697649705969,-0.7238737345968437,-1.9232651911576255,-1.4794536579368809,-1.6780610652537666,-1.381236632916265,0.5704312830709056,0.5696037937854806,-1.01614030258841,-1.0188039461614933,15.53704443192782,0.5182574937831254,0.3882735023721002,-1.1495785971526469,-1.0379470156563086,-1.075420830681428,-0.7527865714535483,1.2427656638563844,1.237039052782294,2.388688675953008,2.448017311824954,16.242487996924638,0.0285747703572358,1.206793084483317
-1.044950313014212,-1.191468670331667,-1.240888433501225,-0.921906074850698,-0.2467668127818176,-0.243817077337983,-0.9287722183663996,0.255987969387972,15.882537987422708,0.2229937166164847,-0.8197704778684337,-0.7540023307040731,0.3186758282013115,-0.4986415285117878,0.8908185647524806,2.0881456103161673,2.0771872530744697,-0.3117018978399469,-0.1401306567477329,15.85115707024047,1.9778179892102852,0.2991657877943341,0.7066922803158351,1.2128311832413243,1.3218493557357498,1.7175007941611904,1.0139855502591293,1.0140429624097536,-0.5347271784176746,-0.7689496659322752,15.676563009197167,-0.2198393068706035,1.0203169668831842
2.114739290023608,1.7286992995483177,1.61120753421737,1.3819390872267332,-0.2224187165427592,-0.2191050675422717,-0.6367483910079134,-1.3072186212654329,15.439561379864909,0.3004044969926704,-0.1607499850425917,1.135606239098817,1.1421830481870483,1.4368854845004253,1.3363633679396631,0.1322763642698118,0.13569195927693,0.5418440763211301,-0.5300019175365087,15.687974208351726,-0.9166612677446798,0.6828131062947801,1.1852018451360355,1.5964797179625196,1.3797502278697418,1.701108435594244,1.0350007793066494,1.0329751222989514,-0.4354922276155527,-0.8837831418885921,15.576536039691009,0.7750205036724869,0.5997032059877485
1.601150101558974,1.3621552691704737,1.643487212359313,1.2670207625499987,-0.8225244685557473,-0.823742751030355,0.0994112270863778,-0.5113901168292702,15.65039353120661,-1.0974239456394916,-0.324456086233121,1.1469410989409452,0.942695025730085,1.066477510506404,1.0059455042840124,-0.6759526012011333,-0.6761427921437515,-0.0096108937425203,-0.2929010138811935,15.688942329432017,-0.8175059997503797,-1.3030721760877153,0.8603207845930538,1.008561145744443,1.028852160416905,1.1564938528975812,0.1918124192862639,0.1947900422686458,-0.3244635919598107,-0.5198201546370268,15.618342005990907,-0.4688837555922358,-0.2377586749118339
1.3427742993758391,1.333072644450027,1.4562414464676188,1.2898428192414029,0.1567566333307542,0.1597006209843331,0.831189000458232,0.6427589864081126,15.717483896253896,-1.1885743508668094,0.6384701929650356,1.3111835641197165,1.9640939528624484,1.4515479941138747,2.007765511166657,1.2283936617585076,1.2274810756834162,0.4579279475780689,1.464127675778795,15.780985350817868,0.7048562261841125,0.0360800599130426,1.981929776461045,1.906532309193284,2.056117311087972,1.743158709937438,-0.2887066696618403,-0.2868980805122259,2.524601390718345,2.708415098354811,16.41263672160837,-1.1379069118506842,0.8450421853145461
1.538188846911552,1.580927224495532,1.563261226704078,1.3472397280604207,-0.8172017185627763,-0.8182166356711754,-1.3717627108348645,0.2336076943274559,15.894427086849008,-0.3937614521336005,0.5997363420111106,1.002254413228752,1.1396538237630114,0.9058114307544888,1.030792031898466,-0.9692292100562868,-0.9712066014555362,-0.5351597635431529,-0.2833893931950876,15.786461830301624,0.9168984703608164,0.4039259983240033,0.9571165100658504,1.2395167594925105,1.1365036708709628,1.5118843616572113,1.0979781545414435,1.0982065497415037,-0.7679686435056166,-0.8841962852338573,15.517691904381747,0.2786278753531526,0.9867713593727284
1.612845755583573,1.2034861856580192,1.3851057974583345,1.1703689267086694,-0.7591629322340491,-0.75987950996501,1.5379955448696938,0.4720488030134404,16.061599476612912,-0.8227663359512278,0.901427276800881,0.8950754316742977,0.4975948297487428,-0.3553501230347185,0.1763398362585762,-1.9359636250111407,-1.944648239177176,-0.8054229857259136,-0.5571793435080761,15.758387683478984,2.3074078109212586,-1.3944899445594514,0.1317300272093607,-0.2437276790684448,-0.0068336942872989,-0.2229011160838081,-0.5981637500160472,-0.5959644828210157,-0.7732676907210925,-1.1567200111369134,15.41034252095166,-0.5032272468501204,-2.190658862381438
-0.4416721960541185,-1.0557902316750714,-0.6068931124167359,-0.7582790139111653,-0.4853130454610098,-0.483212229595484,0.6566187122708254,-0.4849552349923326,15.72954680271038,-0.6180217407052468,-0.4255472319040718,-1.0734141149811305,-0.4632611901266324,-0.5108427552455934,-0.0058442292092034,0.7543709941396713,0.7557958515455022,-0.8036423915710216,-1.0724732572231308,15.330088409275437,0.2524687498442614,0.2260658677841744,0.6932155429070048,1.0434576853433584,1.0124236971194662,1.3000327689390183,1.176369477668911,1.1740911109848775,1.1241395598049766,0.0262803574151436,15.841023889544667,-0.3065309879694612,-0.6087152143008887
0.1863037714761344,-0.5227791454365583,-0.0808202545716197,-0.849437299325587,-1.622770474878475,-1.6285294924503138,-0.9699719965531564,-1.1987817609619478,15.210194874769105,-0.560741846119269,-1.6194320558911708,-0.9818749372889898,-0.8381270535857963,-0.1903358082522966,-1.1517138066151875,-0.3232410120450306,-0.3200476652264704,1.4224642802318028,1.1304150342412504,15.793002565524324,-0.8207602912607047,0.1025446217803923,-1.377108072805303,-1.7120471407833235,-1.3751626306689342,-1.6672562023642614,-0.748679412855594,-0.7476141983657567,-0.4191334635218511,0.5354203632085793,15.66120581877347,-0.4530024208207997,0.3968050913335482
-1.911535532010806,-1.9043717157045832,-1.882507715861259,-2.1637359968856305,-1.355244449200217,-1.3600095017364071,-0.0209016819813398,0.7530028234411307,15.764516054342534,0.2156189539452525,-1.038746327728306,-1.911640908942447,-1.791441803730076,-1.638582057873353,-1.5719701679744806,0.6583691679066519,0.660555893467056,-0.4791039974965669,0.2772578909382175,15.562830560000451,-0.5409409239493447,0.6996803862799682,-1.5920629119472374,-1.3968063512292277,-1.772722330743897,-1.518674760030421,-0.3214455142950165,-0.318431127120404,0.1898183030875191,0.9117888266731042,15.703640402366636,2.3441674198362095,-1.01808590826987
-1.323144962534379,-1.5670887321297675,-1.2908860208789734,-1.3663181524643333,-0.0336770220377516,-0.030261519426634,-0.1306994962641396,0.8273295031300796,15.752870111793555,-0.9940041120999104,-0.8897133644674544,-1.3641987585923343,-1.190495996160104,-1.193935634527366,-0.8894521317223473,0.8965457075399732,0.8966505382772337,-0.339138264105655,0.3354318585006192,15.67207429426632,0.2441792545181383,0.2804922840106159,-0.7238753397006696,-0.5972311829670182,-0.4548123005243691,-0.355005364141744,1.1639934895025887,1.1617960406064392,-0.614072398048052,-0.8979434239999843,15.494791833448156,-0.5940502120935016,1.8151188077262148
-0.339727369253723,-0.6207873119501502,-0.6553094672923719,-0.5607601514767281,-0.1531740526277695,-0.1501260946664138,0.0374576394723756,-0.4887214087099372,15.517855947841968,0.3571009115000791,-0.4629468181053474,-0.5447065133378358,0.1278159071202101,-0.4936768536691007,-0.420154605835579,0.4169789940305912,0.4188831861536269,0.2869188284462978,-0.1349084613339075,15.66120581877347,1.7032391827988236,-0.3588683909406778,-1.2046056789471395,0.0635197210304786,-1.0262553887519017,-0.5452481683004538,0.0807983569846296,0.0834839425632961,1.2503959747996305,1.6102850437130851,15.833422513783708,1.7127164623009004,0.1254983455480046
2.1847045034480734,2.7706780215938323,2.346344949975145,2.807735355412311,2.7265610336830712,2.7191657307334625,2.7790719662541097,2.798800517931609,16.90167298698592,2.6612406754811007,2.754485508417938,2.649382854139461,2.0681134274085693,2.662083091765003,2.0826959200209982,0.1992237803616251,0.2117719073511995,-0.9443475271805408,0.3627054821979399,16.306772056195726,-0.0463206322309512,0.2830473842893217,2.171313086394245,1.8693940251540504,2.1128284715481773,1.6565090104175186,-0.1003254374351532,-0.0938250608658144,0.0797852738565136,0.5677511757146034,16.533867528038204,-0.0463015244007539,-0.1164713455402694
1.4774250641767734,1.3074155830911594,1.428739041599132,1.4536381402083869,-0.0447789962536658,-0.0372566086870074,-0.4220309070998372,0.076813238653666,16.439461573890597,0.0123564952736947,-0.0353254342437218,1.371562029225386,1.2017493260097938,1.3480413257992632,1.2093761706780854,-0.380223257924112,-0.3810466440141558,-0.2226527089401296,-0.0449206324092576,16.47494464974863,-0.3144442081240781,-0.2196970686954265,1.1357359519947612,1.0408021638017757,1.1718382314342668,1.1066108218623556,-0.188503106219323,-0.1843678633217736,-0.4703129935151174,-0.4744015084200206,16.336942062779162,-0.4451480510695171,0.1600818213206417
1.1591532806743412,0.9948740819680084,1.1019162272333392,1.0059597656311992,-0.233610794835903,-0.2306040602570077,-0.1067469339344248,-0.4384272808855026,16.464433419929346,-0.5727403339914607,-0.5623036273734935,0.341571284563946,0.0133953537822567,-0.0343048355363983,-0.2285451104251415,-1.8770626954554368,-1.9216687920570232,0.5296611356055666,0.3193773528329766,16.934906365326206,0.1426315302183122,-1.6874481735757303,-0.4058960815887653,-0.4338763089908407,-0.3238440271032853,-0.2030387784970439,0.0767514374012395,0.0878002890855523,-0.7775411917406948,-0.8051010440445775,16.5761722475876,-0.1347241650540444,0.187873139429342
-0.1924947931841809,-0.3607283093025072,-0.0002844174412053,-0.433706442444205,-0.0434361006135098,-0.032971340100893,-0.396184381159704,-0.9646288126585582,16.496230739908324,-0.4652582463388967,0.4373203888609319,-0.1657847835154137,-0.4675705994813134,-0.0078272522434962,-0.2356798511583479,0.1947635939555327,0.1976636241852357,0.5901248205075915,-0.5413650793790991,16.673405094172622,-1.6990223469493304,0.2803205117728031,-0.0926390294393413,0.1144028837519603,-0.7607576965454971,-0.8844743617651286,-0.6001573437473975,-0.5868659525611618,0.9338760872764064,0.6754022664094409,16.968857547495627,2.257640700324061,-0.2875160608002624
-0.4053801648771873,0.4821834307226436,-0.0596881016821175,0.7917146597728689,1.371387468595501,1.3470942788774347,-1.04232964494795,-0.7161826126702447,16.691129639404743,1.0912369508916406,0.7509910019504797,1.0723449690758502,0.5366261584972218,0.7341913676234746,0.7738325684459452,-0.0072030422734974,0.000288335093327,1.3836718503521237,1.2823442255838338,17.12527593330977,-0.6976501872978755,0.1524368144412355,0.9921186131410532,0.8570312991496963,0.9616035999857424,0.7062159670372762,-0.0585275252928723,-0.0505041104215679,1.183079647306337,2.172847081180646,17.576115170799806,-0.6319802776021091,0.2267014286925269
1.2404039874899997,1.4693166005776772,0.8220205797908245,0.4188214923286639,-0.2713050978351395,-0.2619376902753701,-0.2040634113410656,1.465023739038816,17.691155865837676,1.149430378459516,-0.3629370740902676,0.7488665709906803,0.6688346165959538,0.9722993773609028,1.221000781823366,0.6002383506369,0.5989595665586495,-0.6491161397371864,0.5514963114984252,17.64206501744485,-0.6882141051835754,0.4926559018012301,0.9768590021566934,1.1911610271750923,0.8572013598742916,0.8909890397084892,-0.6263013080227126,-0.6262102706709467,0.7839383706157506,1.2313053520587365,17.974970053291646,0.6749880286285603,-1.5072053720151484
0.5639520934031335,0.5749167547713645,0.9767462181283986,0.4840270175582942,-0.562211159193033,-0.5623052140918721,0.6166400904109587,1.4321310637619502,18.30367604156604,-0.549358022186447,0.3542148833865209,0.2651664200545427,0.5361300982677512,0.7961274153213552,0.005442073456404,-0.4929361755585627,-0.4929069624758284,-0.95192721557117,0.3875315217459837,18.267910622382526,-0.407236831066414,0.0613414739150504,0.3279423677892631,0.9349906807802638,0.9999517550872022,0.914371333246408,0.7567162389590549,0.7623415300911656,-1.2040950449531806,-0.928162463116751,18.076840242215265,-0.5168401693374605,1.4210716797916594
0.4017265359234332,-0.6121391363347971,-0.3389280477427291,-0.9526725100557925,-1.1140375054481355,-1.1218677104830796,-1.2818336144549871,-1.6876984806817916,17.71984812593073,-0.2868085608441773,-1.4236026163462991,-2.6178204319826013,-2.531903221150529,-2.7745499116401713,-2.699777747861642,-2.4069742061089574,-2.4180300489524553,2.5369467147330815,1.0602769900245652,18.834904060076298,1.3490958671852469,-2.369859029755448,-2.414505497947058,-2.182770581299272,-1.977667594344463,-2.079950840108995,-0.3443899018410567,-0.3381400653566372,-1.1743971734873144,-1.7407501625670343,17.855669946589625,-0.5496915704459225,-0.23199962706719
-1.902428887207993,-1.8369702485566213,-1.8454037921105917,-1.8083766157609569,-0.3613360338829053,-0.3554832763333675,1.0408947622213431,-0.2746542602081104,18.594729853209323,0.1717236602772717,-0.9915573378807202,-1.8016527347355948,-1.3959107382026597,-1.3494207548512662,-1.2996234912979792,0.6648016450080606,0.6639980890904648,-0.794230409561902,-1.2179964420036105,18.074735190828548,0.0477392715157578,1.1017560546184604,-1.117851724582552,-0.6388660302547534,-0.8101256897482908,-0.5564175652020259,1.4972554654724284,1.483482954498306,-1.0547927854546904,-1.7060381032766907,16.716135186202447,1.3094981281821825,0.5908688797558714
-0.7586872131723207,-0.8691414570399932,-0.8512781498816333,-0.8821812536245253,-0.5839704861220141,-0.5790300811949515,-0.1301329472517555,-1.3244732728431798,16.731008492984706,0.3370799963217932,-0.8334457589120458,-0.6397102524430499,-0.8327834744680103,-0.7824708413676709,-0.7129953826139975,0.3589168831293406,0.3626624494927297,-0.4543515819002191,-1.182633114624469,16.317651261307724,-0.0062079077433295,-0.5010393946778668,-0.4274225160974986,-0.6387137885532055,-0.3875144082165188,-0.715728579956142,0.0664663621850849,0.0718401804870558,-0.2591848369345146,-0.992988189776359,16.111987131886636,-1.3705053510140317,-0.0292186335971931
-0.8432072923160505,-1.2817560799587244,-1.091494051513321,-1.2804359249218271,-0.5165414909288786,-0.5122155992587826,0.493137261487132,-0.6656487544747213,16.545517991637332,-0.9909948922755863,-0.0849585425431884,-1.6901314600233333,-1.822218859054422,-2.002278871225536,-1.912696004235532,-0.0874408859789609,-0.0821252642977364,-0.6046479271088574,-0.7053875051324486,15.968376918859134,-0.6215927116303032,0.0347180679240934,-1.894257005303803,-1.6874872330510111,-1.4530200525565635,-1.4382447098776152,0.5502804767393437,0.5545976863515615,0.2696352883937262,-0.4739890240926225,16.014932829711178,-1.680100233705499,0.9170199362132282
-1.71154842820759,-1.8796148615492412,-2.143543795607035,-1.925177859756644,-1.3500645735125658,-1.3578101212686151,0.215127222953688,-0.2240888683236274,16.093167613157608,0.1004631896513855,-0.3057581208579691,-1.5527255541162852,-1.152511059700852,-1.101544238599685,-0.9078070514988158,1.4154438867423904,1.4113891739038376,0.441820180858584,0.9536476826185316,16.11125238916299,-0.8332680751394613,1.4435716726915564,-1.1133383107072898,-1.055941640747872,-0.829423752646028,-0.5696841838388284,0.5095995261990967,0.5135421636423302,-0.4808291889460591,1.916771904070694,15.755259048645886,-1.459251033288158,0.5244082753226926
-0.3942274553211569,-0.1456004982511678,-0.1315835224528302,0.490045700005455,1.4878335861373952,1.4825618379970964,-0.1004277341447949,1.4787290423331263,15.657535451836054,-0.1155408166525241,0.9559242618309592,0.2352307550368727,0.5744155020611925,0.5257021657219055,1.0116227567036162,0.6120228485497021,0.614086136563972,0.104241452802624,1.3753016276873913,15.614874539456332,0.356656607770754,1.173237880375629,1.09024720313553,1.189067870919874,1.281739868564641,1.2642592120835827,0.2678733404563254,0.2716569346577299,0.8671157181374665,1.718115782828401,15.816652798437296,-0.6098816353898022,0.079204994844946
1.6460630557184286,1.465092450109924,1.5622784031925252,1.134009231689335,-0.1596172007886854,-0.1550601337298162,0.1485118343489814,1.5527019884933575,15.864286814225771,-0.8269717992271941,-1.047017055387692,1.197813361083044,1.0751387022380356,0.3607285155594865,-0.0350741695707365,-1.3779846711236317,-1.3807981459455878,2.242354350891232,2.3317943606114544,16.40993663812267,2.2384504771454448,-0.3328073977994675,0.2156939338879071,0.1574545733119639,0.0718496995997019,0.3917124662537501,0.508883546720402,0.5103273263186842,-1.7384754644421112,0.0183951626110656,15.571470295802532,0.2713921055175536,0.3564159954676376
0.1995555756143194,-0.0481814245490179,0.3528769635442894,0.1750397887236576,-0.266221690530755,-0.2613059384144317,-0.1391333668988955,-0.1099392761426225,15.529452799633187,-1.1906804182575452,-0.2017250950474125,0.0505866145495366,0.1578959465276463,0.3510924605915001,0.4135586140882111,0.1654366445267874,0.168340313057629,-0.7915054142188579,-0.7543060249679167,15.160305872499212,-0.4254773088793515,1.1847851123560351,0.0871177910108952,-0.0282496220774624,0.1409719343391302,-0.7878011327007775,-1.1374892333209177,-1.1367450328447335,0.5566701860505348,-0.336365399587353,15.32550397608131,-0.3397334728888053,0.7158026186805273
-1.1230359106824634,-1.863789357661273,-1.2507442687761,-1.8223728467861031,-0.893213649803189,-0.8921675646655809,0.2256832149865576,-0.1011310882845992,15.420277779684818,-1.3895826765357704,-1.0702890055203278,-1.8183102499731891,-1.9372856315181568,-1.9847334394720055,-1.5358518425603815,-0.0044859536202336,-0.0015133845845001,0.8046839042286272,0.6361658406240822,15.72097081587933,-0.5417904399038481,-0.9506797379824484,-1.5439395587648306,-1.5713156768383687,-1.4507564414859853,-1.777641731939254,-0.7800303865321857,-0.7786186601133464,-0.8549211650250319,-0.2996739341763999,15.405725079312504,-0.9508251458462408,0.7548113874096544
-1.6931384846200048,-1.6895904151443777,-2.2470394471202817,-2.037467163928261,-1.1700493422273353,-1.172181646531928,1.9307578557391087,1.6764076114508517,16.13903498489982,1.7515749536793874,-1.450953727277808,-1.7674663459494844,-1.6130627613100057,-1.4708642748721126,-1.6578030877092509,0.4203578798739253,0.4229588118124856,-0.6563171909363302,0.608654343987027,15.87753899266894,-0.3134100929101519,-0.9420194585161774,-1.4935217980451727,-1.4388324644305004,-1.4250587926756138,-1.605530971438404,-0.6236696452864513,-0.6228426309961549,-0.1100469027827622,1.0671698845135504,15.854117214415773,0.537855672378099,-0.5524867617444216
-1.7580709784872162,-1.729648878946196,-1.6277750729207483,-1.4353436171676006,0.1576557053208988,0.1598295540846825,-0.3258587660113637,0.6237946111722157,15.797849201379869,0.3958284338666532,-0.3776531087585464,-1.5699336159496116,-1.3452811846576045,-1.1670294473271674,-1.1171354242070153,1.1143462993079305,1.1141960292149573,-0.6490148830444299,-0.2232584417170985,15.563109305598294,-0.3763843518080902,1.496580540394571,-1.0262812860705568,-1.0094090279133483,-0.783459725497757,-0.902246396475518,1.3121565854780963,1.31018534275468,-0.5341655013647508,-0.8449497423111458,15.415948290009256,-0.6761438264571124,-0.6355644985261736
-0.6214191295859683,-0.0311060176260974,-0.0789918290546535,-0.0632938822333381,2.095151896857286,2.0881601641766623,0.3158596321941683,-0.4496589856711977,15.606152903441885,0.1650460144192478,1.4224964182264064,-0.0847305365418984,0.2889163623834597,0.3820901334362606,0.3946860369044577,0.7787374773037649,0.7802203080996903,-0.2478816730200654,-0.6803281779504706,15.57355828508788,-0.3220186463940308,-0.761773069805101,0.1523051076039707,0.7908564693573319,0.8439819860582632,1.2794422687430804,0.9954601786333864,0.9951935316178662,-0.6166055950238516,-1.189608007431606,15.300314747276952,-0.2376680567262557,0.0496434471550881
1.2258374924194213,1.18768415330322,1.588214101638235,1.2989213796160524,-0.1155761329186247,-0.112679716959138,0.3516456534237119,-0.7336783450107708,15.47820502632617,-0.9483660127626072,-0.4463750789556777,1.315747555014651,0.9937398713104524,0.2348186650926392,-0.3762571781014267,-1.9536202408186811,-1.9611339303695523,1.6857305057062366,0.8362217731893893,15.750345459399025,2.2801218169521733,-1.550443421547732,-0.5619778775807208,-0.5998541853899324,-0.3626871418288797,-0.2120106604072092,0.1909235747013524,0.1935397363093182,-0.7807027118171528,0.1634351165814091,15.57205744407658,-0.7405568204086317,0.8642446762508977
0.1294889352055012,-0.0476026610010704,0.2724513039189435,0.1193219695533146,0.4080844691665726,0.4092524826162024,-0.2884537924203299,0.1629364132567564,15.494437405492096,-0.9133811096254172,0.8183754255698044,0.8229889336325374,0.4039744522041475,0.6839667338354691,0.5312380928409528,0.4468498837386873,0.447243580484255,0.9357320787108002,1.5724636155135407,15.673073529154186,-0.59351286256021,-0.5475251139833988,-0.9301406578439552,0.7958624321151797,-1.3551380929176198,-0.9233923495307704,-1.3563710310603627,-1.3558075531724791,2.358063743329851,2.608381361160155,16.3205793292462,2.441396790443041,-0.6608312857753719
-1.4333164544447163,-1.892786228327345,-2.3166038934103055,-2.4320614575726536,-1.9888258134414196,-1.9960828471086247,-1.041310636381025,0.7856458422946974,16.02348833408796,1.5413339450359176,-0.5465165309902257,-2.427706903067233,-2.3184200964880497,-2.103306402294668,-1.8334490832400587,0.0434559001046132,0.0473165891379374,-0.6188786894280209,0.0810843353896279,15.861111020277871,0.6208724814863497,1.09748648048849,-1.4442250015822768,-1.4646079791395226,-0.9822697022808567,-1.2088925906187296,0.8163712872113079,0.8140172044448882,-0.3770727315759253,-0.2435078283607728,15.790507969532316,-0.6479210131860325,1.7215780761205173
-1.1222858852199846,-1.2889918274466785,-1.150117841014743,-1.4950094238000249,-0.676250100209038,-0.6724007964287955,-0.7297662833940286,-0.921127562282196,15.586046560982432,-0.0296655647456234,-0.6509103725986297,-1.5380640164052162,-1.5028325429359204,-1.295081140690214,-1.2831806810667117,0.3978562755615097,0.4000297518486584,-0.0258460564561822,-0.8546093127883477,15.632824219735587,-0.4930716290246466,-0.5788597537710628,-1.1312254029785174,-1.1695514038602062,-1.0270034085287525,-0.9347300285430912,0.6204367976870883,0.6197359245820755,-0.1946648624318641,-0.8080027101288249,15.587203535086893,-0.3056765617790785,1.4127866365474715
-0.6895483497508995,-1.016690661627104,-1.2385907026102754,-1.507434275463031,-1.3088236069762085,-1.3089463718889869,0.6671105290937339,-0.1968090477290516,15.845302322363173,0.6514828818097034,-0.4984420116241025,-1.587599628954368,-1.662735794464001,-1.9246628419129064,-1.9334754526516655,-1.4843425135831276,-1.4889309510926625,1.0273402459282714,0.8045606576071339,16.247877610736353,1.0995586012321252,-1.3358022484704688,-1.918950105127852,-1.6553502557274071,-1.4027769180319507,-1.297450071338582,1.4843273659867402,1.476121978058497,-0.931569065021242,-0.3734692368530171,15.920290966781655,-1.3275353674938302,-0.0143416487413978
-1.199007206351447,-1.1529521691226812,-1.015986448847335,-0.7334568017143964,1.1408427276623034,1.1363493401275313,-0.2212169672267566,-0.2680223196233784,15.840614834970951,-0.5480288994744488,0.2906357650790867,-0.4603045787375757,-0.563071495842095,-0.1835283608043384,-0.4617666630517505,0.4581184072089206,0.4602173496490845,-0.9110074622928932,-1.0598693507507355,15.561749686319253,-1.043831775772824,-0.6383951489494935,-0.9024529631295494,-0.1821966596464153,-0.4614865090397734,0.2758656955073802,1.0089860497967378,1.0040619690812058,-0.2258735461526395,-0.9813135743886768,15.49243906736915,0.8450718045214006,-0.5404451213552874
0.6785528648583803,0.796057935979251,0.8312194374616149,0.9194207257202393,0.7060629872839189,0.7053757334073075,-0.2717422691920205,-0.9600971889530704,15.409936553302924,-0.168574305035493,0.2346285058892478,1.0553388248326143,0.9971077295998224,1.3931235853468589,1.061111957765985,0.1861010360977558,0.1898583192324121,-0.0785429418410639,-0.8813393278755196,15.394778087179304,-1.2080336857368466,0.4287033167544672,1.0194903715365309,0.8747675869246314,1.012767085193841,0.7049937554077561,-0.4448128472686083,-0.4382730342345343,-0.0023475045472751,-0.7476609005517474,15.392508126500507,-0.5969977033321667,-0.5371240932936115
0.7444553026181744,0.6841171438039908,0.8465040325762814,0.5251477719412809,-0.2516053458175604,-0.2455864107360414,0.4769264783965843,-0.3141143350804857,15.512959530871257,-0.617621041274974,0.123922741097943,0.4471813589093381,0.0613771855374836,-0.4901639045224241,-0.8478880787839872,-1.5496434787213162,-1.5510522204598942,1.127573754505418,0.7293502630993085,15.75764229207745,1.27837666341874,-0.8856956459271752,-0.6288980115384756,-1.0160229570438022,-1.3235601428400747,-1.1636618278278106,-0.2526675550766695,-0.2476325586651708,0.1873307533769292,1.6502482696632386,15.75147152045148,1.1921814545903306,-1.866380048867723
-1.2854586022111858,-1.470508190227131,-0.9038519749397552,-1.028936281047875,0.2461152303150258,0.2486234897560369,-0.881028854977656,0.82860492791331,15.588647872863689,-0.8891656748862355,1.3495480569875955,-1.090842333919173,-1.099692482028905,-0.7733825733183942,-0.9391302350345584,0.0774150386158556,0.0807287098107351,0.9379432375184484,1.4941367856957124,15.71964602669543,-0.4371202033295356,-1.6076991595543122,-1.0681557922314338,-0.5642058454470534,-0.5517570241120873,-0.3003168673986994,0.8915530197844328,0.8880359472023509,-0.1632629772153222,1.1277295547816804,15.721952111717494,0.18672672785887,1.4647691768360749
-0.0921315120137311,-0.1208793663740846,0.071387854361054,0.4475597586213221,1.0565956293647056,1.050650629988313,-0.0813245018429226,0.9026256526654248,15.74348961587798,-0.498601116155419,1.2928709309643127,0.5047490223334125,0.3424907914706493,0.3525133251650208,0.3892814773724355,-0.1344163978376178,-0.1303393899582932,-0.1756894313134607,0.6705661080118144,15.76474389339972,-0.1902303055785098,0.129755030539042,-0.145174527216112,0.956626250100344,0.3649411298401704,1.318941423758197,1.0830310605767517,1.0775780416737442,1.45044557852442,1.5194271791134433,15.996120201905237,1.164334257816427,0.634739450721934
1.2614794983535005,1.4909458832449478,1.6097069571275582,1.7535251951805373,0.8193647040351498,0.8160221703373631,-2.012040212796781,-1.3911144159781417,15.593221980490815,-0.5282443033847944,1.2460094782032132,1.8302885772847797,1.652822341056823,1.7746859831898454,1.3435069413522145,-0.3648646092769931,-0.359518566833964,-1.117199880137322,-2.124611403772366,15.348823295828437,-0.6141921922636461,-0.3179402068764583,1.2258951910550424,1.5365339957968684,1.5230483601106368,1.649936206138716,1.3364611752783742,1.3339563780160972,-1.1912349182645028,-1.977776682887998,15.02488902533148,-0.2177009141876571,1.0545117666420514
1.47501862988141,1.1108109611900276,1.3067187553229889,0.9108722056886832,-1.8274268587485325,-1.8325443427513215,2.440474098175991,0.1108367673113673,15.679544331108309,-0.916405673021383,-0.7108688704199422,0.899328818594151,0.7228306090397458,1.0361730102182125,0.9030096192228606,-0.187230588668238,-0.1842501075213547,-0.3616686322108554,-0.2238279436945415,15.59198733956117,-1.505390470181438,0.1158560817989649,0.7109775614094065,0.798683780360181,0.9727731215689628,1.0223819301417378,-0.1008043795600403,-0.0978675583469862,-0.3920688743305914,-0.4914618012049663,15.46224444782028,-1.036270551522655,0.2480061817852268
1.0933180544467127,2.0089097366635955,1.2573525295580117,1.970693354311697,1.633296686077981,1.626030725259097,2.1943482326487893,2.2340281275904945,16.339790233023425,1.9382449044007255,1.3947001430766963,2.264945556489293,2.3195142505886124,2.1857023681282666,2.306642001340931,1.8603353475440891,1.851391134254908,-0.5424923334480152,1.009835647050145,16.15177227400612,1.2191345530253928,1.6559784923193597,1.963243827140767,1.9875388872969604,2.1280768664832084,1.8204457016670217,-0.3898405008778572,-0.386955021911447,-0.4514384299449671,0.3818893901708597,16.003840248381483,-0.0357613961740446,0.3817620617451892
1.728363614221436,1.4518873798650869,1.6953234793890597,1.3577596860947272,-0.8076294687371325,-0.8084786890316381,-0.452544620180151,-0.0614626243878511,15.799019363591851,-0.6245214115485854,-0.8194174299261405,1.3067884155549516,0.9600925930803274,0.8694762390231002,0.6326471532989368,-1.4317483137596692,-1.441531605923366,-0.3335069879550781,-0.3303099770659127,15.709059323631015,0.7131048050637794,-1.2925341062711415,0.5867349393836316,0.2496502434159934,0.2924213697267955,0.1323582946583394,-0.942013615459988,-0.94429326169852,-0.2512919459746538,-0.5038834584616321,15.692285121267808,-0.0848167922119756,-1.7243992601109337
0.1048531178873387,-0.0689791585111077,-0.0985692187392374,-0.2668970586157448,-0.6638928528032348,-0.6642998929082643,-0.3475010746343059,-0.8620299779863331,15.648684006455037,0.0925087119115634,-0.990807687915106,-0.2882851059757599,-0.3141490070065783,-0.0414879461082142,-0.1999723112277202,0.147051937154012,0.1523798182179794,-0.1661760214313509,-0.8140093434034856,15.622224483166956,-1.002661925999516,-0.0685222115943231,-0.2719322956180994,-0.5807816678220777,-0.4676856075705244,-0.3897446066956593,-0.2025335300478984,-0.1985766656228033,-0.3645563802502166,-0.971108038555128,15.487810774969573,-0.4291640862270616,-0.456182156637947
-1.0489606222500791,-0.6191956321272026,-1.3719060712658475,-0.2873565073988319,0.1984434247812612,0.203889968943625,1.5226468996645894,0.6124304901578096,16.191773623532615,2.0391000835689734,-0.7311650687843063,0.075847199100427,-0.0854237683433197,-0.0370528230992881,0.225494637698952,0.544708260029632,0.5500308894917988,-0.4169534755076338,0.590901477459997,16.03912830654107,-0.0904605145825007,0.6048361864742192,-0.4315430999334514,-0.2581995434598658,-0.5930275419298835,-0.6696620839290846,-1.2873308859636676,-1.289022795035493,2.1679464156218335,2.5990315121738123,16.893398735587915,0.8601333063909731,-0.8068278538595285
-0.455904848000282,-0.2412231508638589,0.0775769951453479,-0.3305155797374637,0.5847493515915198,0.5862679004359076,-1.2849397116255563,-0.528715603257308,15.793943351296424,-0.5256587074847067,0.517112816593152,-0.2372730115879732,0.0395710522596362,0.5502062215264713,1.0493244009894211,1.0727662064624743,1.0706039283372888,-0.3321428799776397,-0.5851488927087773,15.710353101448112,-0.6924151416527741,1.010465658047984,1.1996753872185852,0.6770688227821541,-0.8762209276960783,-2.0122640050845657,-2.0378859092811825,-2.045472166344041,-0.1326348237510284,-0.4833436489979842,15.76260586158924,1.3138650653544184,-0.0531284338348453
-1.464198776622647,-1.4659506739997663,-0.555148891790693,-0.3922039588926438,1.1125797787016571,1.1059149691806922,-0.7242676558422928,-0.881585921807013,15.341262684767502,-0.4371574724335146,0.7239629070150303,0.1421282673950614,0.5091006802855566,0.9876284314257112,0.1211333726567366,0.3529612716440823,0.3544242298746373,-0.4222398829543508,-0.919168531429355,15.150117073187191,-0.7076492046932344,0.9878785217790252,-0.1684441691696439,0.1235582243014765,0.7582796489869189,0.6907139926400643,0.3897346077455917,0.390843138299481,-0.0020347446006992,-0.7477408654978203,15.24342683358311,-0.7805616098309134,0.543802173248925
0.3012204288097815,0.238253237915428,1.0468623958698682,0.75209695444622,0.0517366795732981,0.0556038706331927,0.2116791907059945,-0.5018815193617326,15.480969760179974,-1.0717550627487322,0.4072990582008919,0.6823067594139081,1.2553203189762705,1.4717316227656976,0.8594715424476704,0.1001393681771546,0.1036581607104154,-0.3591721154910744,-0.493276796826363,15.291988571583008,-0.8486895518763445,0.5009629415374031,1.2952885500241835,0.7412173013653913,1.241246542831648,1.0356283980493208,0.1189223975723941,0.1222325571300149,-0.0884584686542348,-0.3447871638931343,15.276703881893708,-1.0404415384950698,1.15669497762422
1.4160887709243484,2.7018552393187947,1.5450626674142154,2.2515671122640737,1.716847367006162,1.699798671218347,2.43615950817938,2.661158539189191,16.079573197964663,2.2841671471734224,2.714323707275845,2.4506629283987897,1.7934246219372436,2.264660193988584,1.8944900532914513,0.2641471490235518,0.2671656102259995,-0.4904983335336654,1.4835499676344908,15.923539677973178,-0.3028524491876752,1.0832219315551428,1.9431613510388952,1.5288617165351166,1.7964965793922842,1.3688182606716142,-0.4648636091742266,-0.4597772851826006,-0.5384376272885748,0.7427271792378738,15.72750945086332,-0.365379123704459,-0.329324632445296
1.2163278522591088,1.041369895713148,1.155227099478591,1.308378004735883,-0.2994059123277622,-0.2981804720395052,-0.4680547202613353,0.2856239999822812,15.538723663148948,0.0319228410262047,-0.437240317196886,1.18274553280628,0.9612239639893694,1.0234465246937527,1.204493900245969,-0.2871845934614678,-0.286347899733631,0.1874955890227148,0.4687527325197624,15.697994100808764,0.1765155402103198,-1.549351101899109,1.119279772595309,1.2684902689472275,1.188900599250465,1.0324373001204898,-0.525044850150984,-0.5262840635563196,-0.3242604301455576,0.1478882221535536,15.66506728322544,0.6082987434815151,-0.1760432346522998
0.9884926265377408,0.8496269826235803,1.2043221025601278,0.9413240324500132,-0.3389174258437679,-0.3386175194590066,-0.6750066339412453,-0.5893329412513794,15.413907947501754,-0.4656827923398137,-0.7396643628894661,0.9105491556811772,0.5395793642948181,0.8481484708953645,0.4765728250346749,-1.101819100269292,-1.1092786122798932,-0.1077366799825107,-0.6400310663821253,15.41408992924706,-0.4945766495677579,-0.6515474902915315,0.6745957122708722,0.5266044143920708,1.1071115315313935,1.0081904396437729,0.580784372671618,0.5854696911264565,-0.3397869938604601,-0.9395687444009364,15.31881009673188,-0.971633842537225,0.3132709028556953
0.3978505555275658,0.2690161071432385,0.0938442760228888,-0.9304389973562494,-1.6525371117115786,-1.6642107049503023,0.9448081658577566,-0.0233070050520577,15.750388792894624,0.023373981467915,-0.9219210004816222,-1.6528610264696522,-1.180382616101513,-0.6842744929380872,-1.25822782799304,-0.1564341760708632,-0.1536957366005327,-0.9501657685392366,-0.7119510293875118,15.439265688150144,-0.5043329935948485,0.623043410494285,-1.6844557848302562,-1.0470614859356124,-0.9063170469754264,-0.0623419668788964,0.8775059983951192,0.8759192508545771,0.3253670445454736,-0.0542235257305397,15.49605928412808,-0.0197605638892168,-0.4274092030027926
-0.0594088346260322,-0.1868622579601719,-0.0781714767495982,0.5454413655982197,0.4203092316706059,0.4210252789872644,1.125584601293235,1.6915283950058726,15.769360673323208,-0.1262558659306188,-1.1052939227874286,0.9127296248784628,1.738506970556439,1.130351411579261,1.4323058060904283,0.7389367536478717,0.7377416889230775,-0.3149234022346777,1.0920186619058014,15.735985822585048,0.909114043893644,0.804295209685711,-1.717152077950923,-1.769480906768761,-2.4934797427787694,-1.739148470924632,-2.0019150121350355,-2.0069584517999877,1.0809894768962227,2.0273254879196267,16.02924268838132,2.181565862916861,-2.056318149105451
-1.2759935105136462,-1.3481485125430164,-1.2454882468902142,-1.8490073968678853,-0.4754366430087677,-0.4715888862058243,-0.9242546070514392,0.5881969258735988,15.79622246767127,0.7444233064698097,-0.2804400825325097,-1.537325546543223,-1.7127283103654654,-0.8485091886342433,-1.067559118379443,0.6578075471060968,0.6578686256881181,-1.0400219098638084,-0.6613219664638996,15.516415091366614,-0.8497700389894325,0.289014088690763,-0.1320639629491052,-0.6046659840188587,-0.1620850747885612,-0.9293883104071946,0.0800261529925875,0.0832537014467279,-0.0819978619797268,-0.6809533939206078,15.536829858876407,-0.5693720545441238,0.4590028176136231
-1.2448033690517089,-0.9693066150154483,-0.2883144224669282,-0.8724587159775308,0.1362817688296295,0.1390040422706831,0.3359687903425212,-0.3612472883147526,15.684724927841252,-0.995217869175784,-0.510057655808696,-0.747708015722873,-1.0081540721471076,-0.7788520816782598,-1.136693826230362,-0.4094621922164122,-0.4053870040706575,0.3929725794846262,0.1448580471895253,15.78966116489881,-0.2506466953778149,0.1827471918024897,0.3406392433045929,-0.2205577538129057,-0.262745033227213,-0.8669097604939894,0.2729838460811263,0.2744585058236284,0.4136201685681129,0.507561668872363,15.926547782346148,0.0927429985350699,2.1486357146143527
-1.5303373523346884,-1.5264932100155737,-1.2409012090877936,-1.0453980003171262,-0.2662369801836929,-0.2626562626998714,-0.4461240587011381,-0.0027789753598639,15.896451100580618,-0.5307221092000488,-1.1288822974929107,-1.3543291336405243,-1.315147505472522,-1.5793542041716186,-1.8009743706873926,-1.2086514986649568,-1.2075223134672053,0.0314344504088731,0.1578811727777791,15.931223877612824,0.6115396294559483,-1.3981922324280112,-2.0492553747059588,-2.0942244956569818,-1.7699556221473738,-2.0809889169198565,-0.1704257246820593,-0.167449125058253,0.3246467777562447,0.5436228141927208,16.02615589488934,-0.3768571651743609,0.3646678036625856
-1.8468059619947872,-0.5214725818040556,-1.3336148777746406,-0.2606095913735652,2.289654280371197,2.2823870279093765,0.0116065908213211,1.042923129977268,16.037958880527686,2.036878411661479,1.3113423745799362,-0.4385708183236552,0.0934065083204403,0.1155827059922662,-0.2485475115444828,0.0139070127835126,0.0169327695277175,-0.7003957984293461,0.3583124254290744,15.977718134156094,-0.1022177121919124,-0.4763287227810862,-0.6247575368668598,-1.2885561681332316,-1.2057387638385768,-1.220782592031344,-1.138285468679463,-1.1437396132838462,0.7984196633348929,0.7709730351249724,16.093290634550875,0.3769870153534184,-0.5453792069571389
-1.1163664658459609,-1.156339967406263,-0.8114979188679441,-0.771651385495697,0.5594424181727655,0.5632726790116993,-2.447091445930585,-2.3974048894145708,15.691795135420126,-0.5214612839155786,0.0882983116411132,-0.7355687541457812,-0.0863163080728434,-0.1828507200735907,0.2801000968286968,1.0261210259107705,1.0277173918594944,0.0935783754532135,-1.761477037721486,15.717842089121,0.2405515898765024,0.8758293691198689,0.1388518352275824,0.0628875068559468,-0.5233721684623736,-0.8246495971504233,-0.909886387198751,-0.9117120766407114,1.581987748913345,-0.352791117777641,15.96971176118788,1.1947230913192444,0.5572896176182812
-0.85814180515896,-1.61831736599666,-1.29574893699996,-1.2969986427542433,-0.3337177749424231,-0.3315677659977455,0.2140562849999856,0.0133469964729832,16.02365320456444,-0.667185409480986,-0.8213950256802646,-1.092947406745376,0.5552275713087717,0.0676329986232086,1.0517237043817858,1.5035519486109732,1.5003334559284038,-1.1053293767838852,-0.9939009074486532,15.825401170686336,0.8334848423978132,0.9858147726036524,1.2820690102994914,0.5079167161787597,1.1068449505109266,0.712898322780521,-0.2185314469585603,-0.2152524308881942,0.7265990744608075,-0.1556928919073646,15.960353646705151,-0.7986413774042904,0.4317806874482126
1.0125263558359656,1.5247291452029472,1.5333331696934245,1.648038520826697,0.7174941001063182,0.7194241791504896,0.5336933902869019,0.6067201380776769,16.066981393174338,0.0963078504419991,1.2913796166315288,1.9802634165055548,1.3329019485510456,1.6457422207532382,1.8122507057578547,0.5224964174798076,0.5249597004470236,-1.1052740595482873,-0.6804035114160851,15.826847360436618,-0.9310118321229592,0.356178964634954,1.9852711455702412,2.089349969096784,1.774746136050129,2.0457679602771495,1.0655293206766097,1.063666614458941,0.3614624328665683,-0.0142414965292702,15.903044393534,1.654565592308661,-1.0989381831740708
2.0824369165580694,1.988801355142306,2.14881715718793,1.906210883230577,0.6175046161739778,0.6183202043763275,-0.7620760500939132,-0.8645159223204382,15.721491319959116,-0.0846251587043814,0.6671138799439424,1.798363258651397,1.4542451850721616,1.702790850665279,1.1669122406980206,-1.2318071788157925,-1.2328763300704824,-1.0654753365720275,-1.8264517265004616,15.513948052930164,-1.2467767034387889,-0.5791486218022885,0.973135671446066,0.8485708800105879,1.0583956308157478,1.0149848082700137,-0.1990738598070275,-0.195618876838059,-0.3289239009344861,-1.6917969160430135,15.440546387926068,-1.0869962969421827,-0.2437513976679277
1.0120559389354928,0.8923667188724913,1.0776496363132153,1.0223325734415551,-0.064803139190415,-0.0617479477550809,1.3930644816924531,-0.5335416962492214,15.619050530442642,-1.019029100701241,0.4110206279468775,1.1596016964382998,1.0057204525072705,1.1508118135776135,0.8336883004742413,-0.8499184882578406,-0.8490348080740621,2.280720556345812,2.0138506776129166,16.102890739947465,-1.013880170750698,-1.1832728637828205,0.957221052902936,1.0088370878574675,1.05042384818386,1.0121530267570646,0.2203942983132235,0.2224958793200833,-1.4944853301232743,-0.6841951161565828,15.550347056221767,-0.4941008723742732,-0.6449709148156809
0.5709045296235642,0.3365938207881924,-0.569389086382347,-0.5112628916860398,-2.1114589535221064,-2.1179270375189216,1.3996918303598105,1.119051343729128,15.959439955435714,1.947286637048135,-1.4789293676285928,-0.0457578153420205,-0.139482798637117,-0.2223872932188712,-0.750685951875582,-0.0735175692878711,-0.0700258367848844,-0.1788569129378897,1.0241792102567095,15.931549302285852,0.2039985511431742,1.4999853925048532,-1.3507012141008563,-1.1036102524054043,-0.4469674898166273,-1.6156818927873773,-0.5935429101711683,-0.5905346466028104,-0.9679307975520208,-0.4574055051142864,15.56882385400551,-0.2608448124800787,-0.8761502619739652
-1.102001711108905,-1.7652428611583155,-1.4886026156122143,-1.622811728535298,-0.3101425063880172,-0.3070214694943498,-0.3114006950573156,-0.5866665044216552,15.461993934797206,0.4981431530607141,-1.2876416778634046,-1.7451338879469778,-1.3577812101248592,-1.0617336856543516,-0.8499127955478039,0.9605155340876022,0.9578046254599278,-0.0130489418027625,-0.4239997214483415,15.480042721987152,0.2604649947904561,1.447821520301454,-0.952030877132131,-0.0084704331273969,-0.5128118618551132,0.6802556543479185,1.5849299670364922,1.5760266308704498,-0.4677294485097782,-0.8396496159674776,15.346078624653307,0.8317433167186654,1.2719246183415558
0.8713088115471849,1.765218478228935,1.3175509147605884,1.5886383229651324,1.1491688533122797,1.1449593857360574,1.5860695342513835,1.0228774249130428,15.897286996649315,-0.0097001816818535,-0.1044406457996979,1.3975939221469424,1.0778919242193672,0.2487425348453466,0.3804907942752665,-1.2401644599915893,-1.2412940665934071,-0.7070361330659353,-0.1959711960925646,15.649690902820678,1.1689783984672102,-0.6102316253021998,0.2325580515112125,-0.0370333558005251,-0.5659417814439528,-0.8945634032874002,-1.1937440140163773,-1.195538470468964,0.2764822878259019,0.7165277562163385,15.759748023149305,0.9819929091242268,-0.6458799755701078
-1.6360400757534588,-1.8031252806654443,-1.6772354047212543,-1.3592271916681964,-0.4708798066553805,-0.4684105403077358,1.779115179267918,2.376545680173898,16.393110405638513,-0.4347486691294333,0.2066029716752897,-1.025337090884876,-1.6362117567206322,-1.6987655780674908,-1.7364427099971549,-0.8879907618685058,-0.8888978753917538,-1.2463102268508182,-0.2660663881698913,15.702928782600756,-0.0103377565195925,-1.2571971612082136,-1.700192511512243,-1.940905883959949,-1.6835762797666514,-1.5467129324805362,-0.1468461122181242,-0.1436837632438041,0.269163461547388,0.3146691581571366,15.87482604755177,-1.8607541621489845,-0.5164342391751571
-1.6601605807092874,-1.598219826698157,-1.48747825185333,-1.3897677560307145,-0.081010351741579,-0.0776428557473109,-0.7218320416826722,-0.5293953507312963,15.604315834525666,-1.515634302621201,-0.7526031212946016,-1.3386171751998146,-1.1241445944324788,-1.2411494898496551,-1.15109430898465,0.238760886793402,0.2424733030077207,-0.2233092002062753,-0.6129149546427267,15.593137464654102,-0.3271105444926407,0.0320577448716767,-1.0776658326947002,-1.1101809974306935,-1.0133507949232488,-1.1027660019169323,-0.0842515280467085,-0.081059245220776,0.2757905086883721,-0.1701912987900939,15.795877480721463,-1.1875664241547152,0.3810655349913279
-0.9780719064412084,-1.0189433323419177,-0.9078722850744044,-0.9105015880864754,0.604902630409529,0.607828581405168,-0.2041431806810318,-0.2949533012450794,15.830160346446007,-1.1761081639910629,1.5106646059111295,-0.7387413977811486,-0.7823518123997806,-0.8719303742071499,-0.5858638909345832,1.6121347503024184,1.6078105405855994,-0.3366295961337073,-0.4442357136586535,15.741815634493893,-0.487173995627386,1.6400720202941357,-0.4571475593645461,0.3256748936522124,-0.3279097483439495,0.9791985966640984,2.2279714033760354,2.220300433209422,0.4089957203309556,0.1302678511267943,15.951048957176932,1.529737147091827,1.2029528433164878
1.3245143992797603,1.3684574555261704,2.1119531419739856,1.4115154510281525,0.327760799871005,0.3313487850026153,-0.8355443440199644,-0.7661855940424582,15.63707168020214,-1.0319450705496755,0.4071857620242836,1.0005112296445122,0.7433262389198306,0.9570704740276472,1.157143816040013,-0.3884464798294335,-0.3874639782812819,-0.8909993563472972,-1.919433761474838,15.289060245482384,-0.3108340497304689,0.2905297416779805,0.2641704810699062,0.5827472533599903,0.2416412376924151,0.9704631624178026,-0.1806395053494434,-0.1791853370730536,1.5825031553023123,-0.0272856817095708,15.624176471131314,0.6769835240784354,1.1658376662135672
1.270143859124335,0.6645374166710506,-1.1608458371270838,-1.4939239234841613,-2.3433380592341475,-2.3548931485008864,1.1583125005232766,1.7903592878991743,15.907152496209653,2.306972650021645,-2.281464139135758,-0.9705741656504996,-1.4544066389407264,-1.9026793320298077,-1.8953469081368668,-0.9893697151205642,-0.9869901079332628,-0.7498006136791041,0.4953507102070402,15.753878190767148,1.228092472491557,0.1759724626228278,-2.2617786595220637,-2.131638970059127,-1.7423827936275975,-1.5072806648884665,0.1503680681915416,0.1541081486151879,-0.2635687632445706,0.1662426358426459,15.729207532188894,-0.5020911733261462,-1.111676420340726
-1.6793185640460746,-1.6026205257088768,-1.3835563341239367,-1.4661131232516,-0.308365363512292,-0.3037978904160748,-0.5382006822760278,-0.4460819668776989,15.596445149034125,-0.4526257503773165,-0.3335651427618812,-1.4632404275452602,-1.449972877118631,-1.3188858077697287,-1.008048719863161,0.6674351034744744,0.6677904093608534,0.1179875139105113,-0.0926969063484865,15.629618593839323,-0.4028693449169543,0.5205725007456635,-1.1916875117077272,-1.3660716152699552,-1.3955099345071924,-1.3784567440440405,-0.9972211622882377,-0.9968062504264624,0.353393867523724,0.4964639172776747,15.7338294008448,0.0706651240288293,-0.1650366329700711
-1.1671841855474183,-1.3364786147653551,-1.4424623025017311,-1.4407239293643477,-0.4241983785240052,-0.4201894701351614,0.8537950739929102,1.655065328156491,15.940690110729497,0.610229681698616,-1.2488768905305787,-1.601435345947693,-1.5258441027511334,-1.525562535042616,-1.473075143542024,-0.2071861092799291,-0.2035062559116624,-0.8304158423914029,0.3801068713798927,15.775253308223936,-0.1600726936966803,1.0480487611389562,-1.2448078861093117,-1.1556178279646157,-1.244209000873934,-1.2388197705105684,0.8887727507047234,0.8877170003194548,0.5651251089270735,1.0932285261422032,15.955847390708673,-0.0111066014077718,1.3821883345725636
-1.7202760064998464,-1.7098167595432507,-1.9882951128796793,-1.8922141932015328,-1.4182622410367027,-1.4224435197148826,1.8555547974363389,2.34497687511735,16.362992944513252,0.9252829243931358,-1.147374643576351,-1.5048607298503909,-1.668903251512909,-1.556509634009452,-1.4436196504883214,1.051803041632195,1.0495631690432987,-1.3166676855589907,0.3000412881603771,16.053887848460644,-0.2669220730648889,0.9934210691611788,-1.296852103779684,-1.3021919560869215,-1.3489082987230905,-0.9268413320534308,1.2687608471647156,1.2628200527758038,-0.0080144166018599,0.306941914260237,16.106802219549273,1.3057401618617157,0.9526942962290348
-0.7440060448409926,-0.3945969463248612,-0.7620024433578572,-0.064996812062283,1.6599599750628895,1.6494029280286002,-0.3232880331188267,-0.0354567991420694,16.092542020298254,2.0271587159311246,1.661164569864059,0.1930671061963941,0.5180285310693588,0.2698437544240815,0.5262535168770711,0.8688454128808645,0.868106477794705,-0.1669777217313152,-0.2389287595701829,16.12989585390099,0.8387263317648241,-0.2060910938327192,0.8273358076171278,0.7619326626297128,0.799681755943261,1.0001547793565608,0.4217436908323622,0.4250755788223378,-0.3329317096562096,-0.6401257236868386,16.129075253909377,-0.400556405314767,-0.7360064436079087
0.310906004757806,0.2554875099108642,0.4171844577679929,0.6250613922158306,-0.5529135470086121,-0.5486137969955396,-0.4219519646769587,-1.026886392494108,16.093423890650538,-0.6767477348590232,-0.5668870398556353,1.074765812045831,0.6573731571119237,0.2852831554806737,-0.2178506451034545,-0.9535618721728016,-0.951737212874549,-1.0317844627531891,-1.6393011068099097,15.849261632695686,1.1126945384361633,-0.6820439697074862,-0.2713443861962185,-0.5184159865287911,0.1548663566618622,-0.5199578009192961,-0.3561619474684269,-0.3512076484630491,-0.8840022778363738,-1.722622127666678,15.637314310274478,-1.7890513856497363,-1.069735563638801
-0.456079693085719,-0.3855590345876936,0.263183612665772,-0.0939711308585077,0.4812494452697227,0.4833964679104545,0.0374456520091003,-1.31436461269328,15.631897759629249,-1.460546579437512,0.2393499517312233,-0.1700286639723404,-0.621902841668088,-0.6689709017173555,-1.3814725070441607,-1.6248053325061245,-1.631502116025924,2.3225235079740143,0.0509437075933457,15.992271736409506,0.0116734637045582,0.0116543085124602,0.7453243279151617,1.6778812920138806,0.9957870799041022,1.774910340535874,2.3850132578042937,2.369136823548078,2.141855271271424,1.9455044449533443,16.487650363427985,1.660377965201345,2.3453233058958154
2.0187368093059974,1.5570864248168084,1.673677491196124,0.9355359165979434,-0.639778478074951,-0.6429979965347564,-1.4258022817277989,-0.2898219881670732,15.95083620884712,0.5040554213790356,-0.9624755507711844,0.7093686222645978,0.2205203098817566,0.6374662930152917,0.5311022129403435,-0.3117010484947128,-0.3094185508287382,-0.7230647935616069,-0.8129984603213678,15.692331045134312,-0.467405841642154,-0.7629750600703366,0.6075796248898111,0.3171232752776071,0.6445910149439478,0.2190880953777813,-0.2558537080551439,-0.2530394540800399,-0.6250818431349928,-1.0595599814122938,15.433472239641764,-0.3064775280312861,-0.5756534479974781
0.3702643956084518,0.1921721279366018,1.0047974404778182,0.3391804206034984,0.0803560987129558,0.0893432654154008,1.2056007328545293,0.0814685975627882,15.807963586029476,-1.055027801883868,0.1200340125666578,0.1717195247185368,0.1528499058986729,0.988302945440438,0.4318909059053969,0.0669803037438475,0.0756238034269345,0.0690687172940623,0.3649299516392458,15.86127909943476,-1.1035938505622205,0.1757369451378416,0.1158149289370346,0.3208349593633192,0.9153708400904194,0.729536593427418,0.2348291004163933,0.2452382119822022,-0.5356303429736498,-0.1589212784432096,15.69439543934637,-0.7658328390898544,0.1051388549386312
0.5421360124019269,0.1781302689216357,0.9127767674669912,0.6075249808115123,-0.1386329110120924,-0.133490239495511,-0.4854549912916388,-0.5826718991453591,15.55783483003384,-0.9963224070885404,-0.0796300571139666,0.4207991416846666,1.108158399947412,1.0429538599184158,1.071692394258456,0.3439317890692637,0.3550122536747573,-0.1598403788300961,-0.642765761516527,15.54335371244421,0.1857420553926727,0.4168234543197923,1.6517298214528853,1.2466508648246324,2.002766781785022,1.405375041210497,-0.2394572926393493,-0.2367457732931177,1.1873516738507055,0.6575210443512548,15.92623284082758,-0.4664290811862295,-0.2270498870614205
1.304657360729662,1.5843920670992018,1.8829984913512712,1.9779748809729525,1.3263246489503515,1.323606234865952,-0.911865460011718,-0.0803615532193536,15.528948240661975,-0.1428225914732583,0.1634523734292083,1.929510508244993,1.9776067126270345,1.8846109430941864,2.019095559957233,1.430304468467238,1.4273322711324146,1.1414094016364122,1.6722356435255534,15.842474024733846,0.7966112279667478,1.5606595505539436,2.053154205929287,1.656682545717198,1.9285761912686872,1.6233604405879176,-0.256938536831946,-0.2549658071489467,-0.6017488330534859,0.5891080760907565,15.690661122753047,-0.8055976309339521,0.1346746801846843
1.3808538059879112,1.227178698032294,1.0498750843089697,0.5166478731883324,-2.386732587344245,-2.3934651450724695,0.3944310014389713,1.2269793327844138,15.862209488206643,1.231409678535494,-2.0316874993910936,0.6186339907539686,0.6810071955281295,0.6378465682504826,0.3596082860278247,-0.3893163443088174,-0.385168800551612,-1.0951998595410195,-0.7040876853951348,15.518876058499488,0.4662812360306673,-0.357299867361069,0.0335498387181265,1.2025395399361878,0.2243054134603479,1.3183092899483748,1.3922890122828249,1.3835240249356853,0.6788652309047789,0.4575884477579977,15.704064105474526,2.3670882440842673,1.7257281572366157
0.8926497494433796,0.3969515748285892,-0.5647071192159678,-0.937831422752537,-2.132129691567171,-2.141569309501843,0.5736743396187923,1.2874868749604198,15.895002223387896,1.528296850167566,-1.5428427087456935,-1.1753593825240205,-1.7712557433584877,-2.036201705065688,-2.050156213678633,-1.2792062120899896,-1.2790167435671282,0.3887101904671851,1.6543436753597784,16.068590336129603,0.9478133279706196,-1.6562163770006395,-2.1899497296463255,-2.305490389006112,-2.2321357490088904,-2.102024225019441,-1.0039675145342477,-1.003367826708556,0.0238207601100785,1.540956753953417,16.1668668625672,0.4698345176577579,-0.912291598142846
-2.1704396160412487,-1.9590322084718372,-1.7284100857847944,-1.572590307334939,0.3047123430768073,0.3099131502446535,-0.9772497919851306,-0.0190380519390109,15.927395209143176,-0.6569225748245971,0.835062515614227,-1.4680702925515323,-1.4566454860289215,-1.285105676772358,-1.0817494449185436,0.7280179130289226,0.7296593545855958,-0.1730478219089169,-0.2431046289124325,15.954529231858348,-0.8092457241868694,0.952098798935832,-0.9825976159339188,-0.7582195610337737,-0.7699687700953489,-0.5641808321455463,1.020284649540994,1.0180799212508254,2.170708629147306,2.1298537252178433,16.497983156654783,-0.0307452784562594,0.372368942678092
-0.3940224812578279,-0.2371780042995399,-0.1561050125993805,-0.1196780778335309,0.7937265096896238,0.7943495731319772,-1.6663952113841125,-1.1837790314721914,15.807377063828689,-0.4322616787728302,0.6481143141398299,-0.1839181818225953,-0.2828256433021338,-0.2046809395912669,0.0094361693419946,0.1977294404240004,0.2028059183300285,0.4268193627803138,-0.5066435400114986,15.998906740022235,-0.444950131442695,0.0595198243919231,0.11129823896257,-0.2565798964595112,-0.1736446477003837,-0.4649624981414453,-0.6509951982946311,-0.646531064270163,-1.1562149997695734,-1.585706564753614,15.588987414089036,-0.4878131185056806,-1.279307051667137
-0.627139019919297,-0.4659391543320419,-0.5864393571046725,-0.0713271084135148,0.6232642240884739,0.624868426886454,-0.5060273058609851,-1.4990947023287724,15.428203367468967,0.0246225184976864,0.624022262742459,0.0943546187973328,0.5307649903527399,0.8335763978932011,0.6496073370530772,0.5976235097848317,0.5983609995173635,0.0335317640470962,-1.1390923370437558,15.447023220350127,-0.5943252544128207,0.6393407005086567,0.2346664119727075,0.194932075352846,0.3288666065354656,0.6711016617030792,0.0228170596834528,0.0266058142432516,0.3678992228175934,-0.686367768824559,15.564936648049969,-0.4336076842784421,-0.1146883688374686
0.4454642337679431,-0.1875895567947981,0.0630845567516601,0.2183958147159365,-0.6770234503499258,-0.6735845655979136,-0.0146758883516752,-0.4508395630092124,15.5491466184828,-1.1037982151284995,-0.5559746766198631,0.499210341921862,-0.3747625542352018,-0.8323379761362308,-1.3925626080128704,-1.4016477052342102,-1.4021840651730166,0.2192053398324843,-0.1056334911802907,15.636909894109207,1.4011862635563173,-1.3969767026747912,-1.619191668421025,-1.929835468955618,-1.8203720712920388,-1.4113369452949784,0.0200907956032526,0.023124992470158,0.240014929447878,0.2737086345186915,15.738356913611309,0.1036183197392129,0.1531124139770528
-1.4092136791662897,-1.5122276468597016,-0.9924334205969026,-1.0831254915871529,0.2298898733426251,0.2319060815509871,-1.284794187043608,-0.6609631975092846,15.220455166959889,-1.9464311577585525,0.4693688557913505,-1.2180609581279451,-0.8789137221476243,-0.5651130067251865,-0.4882532042180443,0.7367128914654191,0.735537321423482,2.069233881203009,1.748169897042933,15.712620692801645,-1.0179056689314738,-0.0105267887594861,-0.2149716224968188,-0.760360231247183,0.2152150495074661,-0.7289518259488863,-0.1112462026923353,-0.1085392791206695,-0.2649849098183931,1.4415094080434243,15.633035397505656,-1.9273329651078148,0.0564614162090429
-0.7911205077431365,1.3108350664862136,-0.013245919322759,1.7419826151200763,2.2028954036211794,2.1948947435244333,1.1958796391601565,2.102670256782849,15.984530086321367,1.9819785874541251,2.0208215990365583,1.7479655524329325,1.7799537812177062,2.099490451963749,1.9283710908111904,0.7902612614604252,0.792174376668438,1.6644385551295948,2.395522424846104,16.53528515889264,-0.4514472018161286,0.9209760882905068,1.9490026321719551,1.8443243378556724,2.042594552233332,1.690867543500202,0.175724018108987,0.1787035154331813,-1.592862689205106,-0.2523386234401569,15.749160282811369,-0.6622739869267513,0.6465237414624381
1.5729739267114449,1.1913188955614875,0.9519632301949068,0.3068896403436968,-1.6887412936956827,-1.6968343333881517,-0.3235421946265589,-0.422145820010845,15.705651395157483,0.5689966961165365,-1.3967592594386178,-0.2340779765280718,-0.2396861596106273,0.0992896139277376,0.0385377292391063,-0.3350761005029904,-0.3321375571069075,-0.6551098363876533,-0.8291295891715681,15.477123565885034,-0.8172479800741176,-0.2115624309199819,0.1531601665128172,-0.1297221353462185,-0.5781205284871558,-0.7366279885719775,-0.974295036330104,-0.9749081873390224,0.0424721296154954,-0.651660123676057,15.562830560000451,1.0710538122704043,-0.7447922493313487
-0.3958192188716724,-0.4419397913707369,-0.139007992500259,-0.5494634829800067,0.2622446255259707,0.2653709581412394,1.411822338626456,0.5832555987814247,16.166476302717562,-0.6660951409114317,0.6756650216550872,-0.4590260678333384,0.6476420888585029,-0.2730425121388297,-0.4277853526853046,0.1704024200317052,0.1736404640839417,-1.2877656329723428,-1.0173167006209909,15.453419496760178,1.5490533746148496,-0.0618135231839535,-0.3376091408238831,-0.7530313778556726,-0.2731552132741884,-0.7722198888882625,-0.3837209700476989,-0.3811680098797481,-0.0188976498551373,-0.7747979178570684,15.518803227953011,-0.7459867396264761,-0.8436167771242533
-0.5329351873756076,-1.2664016728521073,-1.0898493440606811,-1.057734294835728,-0.3168647844652146,-0.3140959829153534,-0.921754556251668,-1.1379193487674226,14.992995947505552,-0.1630084745510989,-0.6459203513936862,-0.9368742530935672,-1.119472428219948,-1.1942961096978943,-0.308804290266553,1.0610354792380718,1.058266341704596,0.9115382667908792,-0.4867373351544903,15.402396270489568,0.2440499481782767,0.3198035063316788,-0.3316051608799725,-0.4159099627610224,-0.4287485936981667,-0.989296885557466,-0.8304216529342472,-0.8287362239586114,0.2060992735172465,0.284491931122021,15.475679796911551,0.031406503184409,-0.512817667567861
-0.8024599610698109,-0.3427457825623825,-0.3503146162092362,1.261784456910184,1.784025762840491,1.776921385222229,0.1702755691335123,0.7545753572947236,15.588834634804387,-0.0843159340241933,1.7365899867324237,2.06309442667114,2.205345229805255,2.01603665135329,2.5581498060905337,1.9489180250443032,1.9430244870136384,-0.0643422311920134,0.8383546931015794,15.622684117362049,1.2270755195526748,1.066446577556654,2.5911996331448406,2.084562096650282,2.4421277073925434,1.900037391188533,-0.0219560214260571,-0.0186896957670258,-0.1099510477436161,0.7737013561519182,15.664028518481322,-0.3734462196519274,1.3475045492742688
1.952195223125884,1.6680759502849694,1.9414894338312791,1.5220052461329951,-0.2358468925221638,-0.2335218888775011,-0.5585156913434044,0.1028817585360274,15.49006201367902,-0.7580280751795648,-0.6257489140974115,1.51050137614388,1.0427664369870342,1.339750077136419,0.943933921801634,-0.9024717461076884,-0.904458332670122,0.8543952043584613,1.515006808782415,15.71931828000017,-1.1889736996069218,-0.8152620726911836,1.0504517729640233,1.248238302210651,1.198589316510995,1.4682980689824827,1.1357017064629542,1.1358979948974326,-0.3577876800798232,0.9854707519245702,15.682624995332798,-0.0195831124421006,0.7506101339301241
1.5315522233854344,2.362726506920076,1.6875708152432038,2.2986930298380424,2.321883087360207,2.310445736228181,2.3320933716178636,2.4388353360272377,16.44028066671358,2.73133556741014,2.594865696400582,2.106796651386261,1.6532177428344133,2.0053943800572007,1.5007870555416027,-1.0471868562698388,-1.0556868258804095,-1.0885308014478663,0.6670546767341332,16.13457914858184,-0.044016965011308,-0.3538597778912164,1.7550291612625128,1.2208000169125428,1.4633806646740484,1.0582015710945687,-0.7419205858686433,-0.7450734380143054,-0.9083207962922608,-0.506045522407996,15.816720386546196,-0.097833388298772,-0.2495321601460582
1.039509183901808,0.6990150830966119,1.0773190845262277,0.7799535425822027,-0.6569801909824939,-0.6588828169506603,-0.3779135090868518,-0.7717109430136186,15.738386151235863,-0.680981742180458,-1.1294459069976772,0.4829038264803997,0.0981761556574286,0.290177088466815,0.0345751747480076,-1.0970310269676404,-1.1086128067344398,-0.3479535486318431,-0.905730773524158,15.649994371098034,-0.355539403599708,-0.8072474197244234,0.1441954831474091,0.8507574631341679,0.4255849865778676,1.1736446404006764,1.351506834281759,1.3547697550808837,0.1857692425466194,-0.5873059054800693,15.785165274538397,1.0505603299946629,1.7588077687503894
1.2669536091873534,1.683122012160826,1.567908178813886,1.734227970727384,0.9044225829415542,0.909613366556058,0.695310077219432,0.1698537221003605,16.12005383246886,1.073714517122145,0.7025779705956409,1.7965248563183251,1.5383721070230745,1.9903904499711629,1.5791077042401234,-0.0495394365421234,-0.0424548282678694,-0.6377002488252743,-0.4870763649917994,15.938598222557056,-0.5267846732177488,-0.6142644748996074,1.478531356363759,0.9467480390219424,1.2727272194247827,0.8517818771634296,-1.108960798582211,-1.1163472360451214,-0.8472857378833705,-1.0859974006768105,15.54273168383252,-0.6631922476068289,-0.936624616026849
0.9007170028364002,1.275120683136475,1.1711342546981178,1.4690995365650623,0.6090791862828745,0.6156435513481355,0.2242897361137044,-0.7081456865933284,15.694319056250889,0.0573373476208736,0.4663705613116616,1.1493035282367974,0.7214130845587332,0.7871349214952841,0.2521664347850076,-1.3974475676467304,-1.4094641731069095,1.1531149001667813,0.3996810100092466,15.930946580448197,-0.1085346837970748,-1.596868012018157,0.5305048068773035,0.7336021561168995,0.650751325788568,1.0034864340412952,0.8951500454180875,0.8955522418514132,-0.5100180147960695,0.1922938103081661,15.791451104006786,0.318245899249684,1.01813552847961
1.392826019275729,1.5678225798657004,1.4106419433894806,1.5759204341175022,0.8667000951507344,0.8652231422538382,1.7482173627511262,2.047070292153879,16.238577353047702,0.8213447753848732,1.0698087519971928,1.5245815676858,1.464623177394732,1.040779007325423,0.604888225020877,-1.190532042439635,-1.192373406761289,-0.0836314946901535,1.5330419870687608,16.303097030484352,1.6212516022852983,0.0305161603917571,0.5908065812828914,0.054562600074081,0.3725244863514774,-0.4439154946316205,-0.9841974813921762,-0.9823990371243044,-1.3972429289074697,-0.5797195164654766,15.84459271113594,-0.7358648211733086,-1.1979428637281333
-0.4915571713409737,-0.5818873309097318,-0.2821706786470683,-0.7125811375016865,-0.1292909909240439,-0.1215404437540227,-0.7503567657323522,-1.1162181920104224,15.606102846301647,-0.6708562511015026,0.0514593199807987,-0.8722196319066616,-0.549342095047592,-0.6590756106268293,-0.0230906034830487,0.4858400549185532,0.4909144611078486,-0.413726133414183,-1.103592069563748,15.44373116597628,-0.2960850119791504,-0.6596140742626617,0.0034700091075724,-0.3945674670804169,0.4660473882793179,0.1979224431058867,0.1495632332779632,0.1565758273109961,-0.2715575923897207,-1.02239549233789,15.337035086723,-1.320812240577425,-0.1708886390053024
0.4335918722183116,-0.0943159999231303,-0.1312144642150773,-0.2964156697369181,-0.3586752184815062,-0.3524228618216144,1.7293001172302642,0.1066608262626437,15.844369210753548,-0.0219035168151944,-0.3119162646187841,-0.0712568883599233,-0.7175400346490995,-1.621122846782917,-0.9496010423104546,-0.5201091863283631,-0.5164101356207156,0.5520658114101578,0.7105769433808012,16.088811114102587,0.9025676163513402,-0.9682506445121764,-1.287663976845137,-1.056373639534732,-0.8790732087557541,-0.9770423015049492,0.0075288466584146,0.0132921613229091,-1.2813977420900942,-0.9222821807881104,15.452797267725211,-0.8521779667744576,-0.2206991053971952
-0.9801308726574371,-0.9669063423635068,-0.5785730351967279,-0.520480415524456,0.4294999836116321,0.4342570398883257,0.8657653973585787,-0.0496479604176455,15.79482798894505,-1.1031264447766618,-0.4867918998248927,-0.4311428968100229,-0.6154115901772664,-0.164399969220693,-0.1362190860799295,0.5730110945955803,0.574094478779173,-0.7849691907019145,-0.6365995735433816,15.427505398669352,-0.831750769797945,0.5327955730279694,-0.0045128779395114,-0.2949577958607626,1.0419702823674992,0.3729407622018921,0.3768199470502064,0.3784158976104206,-0.2242339030039824,-0.5629518772920274,15.299022596639167,-1.3898230438375876,0.0621403890587532
0.6527845127599836,0.7050725218694229,1.425704201642516,0.9019009709050247,0.5309979366685769,0.5315999509964541,1.451848595973977,1.4675782109047029,15.799968254086972,-1.0445603657942832,1.1262516404150102,0.874535145474061,1.2534944017133702,1.56292841671671,1.801610455881417,1.1955276940279949,1.1918425590147463,-0.8811146832674497,-0.1416140559861057,15.428821161839227,-0.9533850421002656,1.0505629351063073,1.7585475875830898,1.8199468730031043,1.4956803312354507,1.9172080436295944,0.8754386942068176,0.8737658261863899,0.4994328432958839,0.7182136854248652,15.695296319536643,-0.2911139859111045,1.6348283249272444
1.6248964267019428,2.1463577287816147,1.6468103518203725,2.1000200561754365,1.5013086398451736,1.4951206917203264,-0.0857467045638717,0.7517667607379623,15.774675473197792,0.488518333578066,0.2394694423087221,1.9168687133355145,2.0375510405588555,1.8719574281455689,1.6952577107961946,-0.0015221251784516,0.0008807318394065,-0.221028119322584,0.5953726744115841,15.74276214217717,0.1946253941027074,0.7179338089992848,1.6257750069947616,1.4120373927736063,1.4643797424977856,1.2179969896487746,-1.6098027454084478,-1.6143054589008077,-0.929522101562046,-0.8282349592901016,15.29454384149217,0.2539071546987581,-0.553149747434499
1.167983286841945,1.423628505411476,1.3869610593924,1.3249700040737338,0.4830062510862406,0.4843279401949387,0.3898961324653826,-0.2400246799677816,15.461666246123183,1.1033267685222796,1.2165626984724525,1.493405597515065,1.0843479766935842,1.370843303811781,1.1952729705964575,-0.5406406446128709,-0.539709803914427,1.094711139972461,1.49579822436387,15.815651959948717,-0.7995256775268691,-0.162688664124293,1.0650619768772478,1.3053683631054414,1.3180968396327992,1.5139771974813456,1.2439481450645389,1.2424141946788465,-0.0360281035402902,1.3381124080803186,15.891320638864826,0.7571479387299618,-0.4649241974859339
1.2939586139738664,1.627058939135379,1.4429637894199083,1.6465170207527573,0.5993467711300151,0.5999010085775801,-0.6825414558131094,0.1812554920242271,15.755187176014507,1.7834517714527094,2.301936967594538,1.8605149618050456,1.626467827128816,1.6236143915183645,1.4640425105165065,-0.9339895878698142,-0.9332591116667506,-0.1067489862503655,0.2580017376931606,15.7526827851872,1.114962182542127,-0.3824914699543168,1.380964148446583,0.9189974564100872,0.9148157915889026,0.3051159906655166,-2.3432445379022133,-2.349802023859478,-1.4161954644771704,-1.6060647565840374,15.341654031572942,0.5480697819450199,-1.4416960509439607
0.3478832438009563,0.1221322177573953,0.4111106090073524,-0.2047085356437595,-0.7611404523612345,-0.757608973234588,1.129755201511864,-0.3387503661576644,15.610082900685049,-0.9079531850210348,0.7760465146426565,-0.003260604024285,0.7687757732674835,0.4937790363570416,0.9657360224731736,1.4280320975940253,1.4201379665351077,0.8129473856904637,0.8051968006993938,15.835494117351567,1.198133746416119,-0.2898924023772461,1.3096453664048129,1.148451802400391,1.7395026939718543,1.1800211849644944,0.2729922592952061,0.2755353223465714,-0.5915315983712884,0.0690256097220849,15.696440335899736,-1.01254932593151,-0.3990159694492675
0.7213133687397779,-0.0307232892070573,-0.3381784242284805,-0.6209308081611649,-1.7057826649905614,-1.7102092923421433,-0.6450630575119753,-0.7139169161686322,15.593880958986512,0.6532052967390239,-1.9410101742044743,-1.0901728259586356,-1.2577096875074314,-1.4904409700317591,-0.8586822717148666,-0.1648986615630715,-0.1603662813708959,-0.994389651979684,-1.5653383125916418,15.328636008477098,0.1212400207573596,-0.6138374317467906,-0.7230317268355195,-0.9635305212246958,-0.6229687049328628,-0.2993465179701554,0.4684945332227656,0.4705425341986077,-0.6706981494092124,-1.5744865251884463,15.122058271747107,-0.9758424721272814,-0.0150548408640632
0.2883465113838047,0.148042425530118,0.8782883977007929,0.81856432580165,0.8550399699229166,0.8535758640531016,1.6733288116250449,-0.1069956499987125,15.461820465934144,-1.5530698631320268,0.4535563900906778,0.1211378426276861,0.5513915501648122,0.864173883180833,0.8978498617128456,0.0537022421123776,0.057728983483405,-0.0764661263377522,0.0318320463166794,15.438160999245405,-0.8181035691021802,0.1961120591704939,0.5797957310086725,1.1987923639555778,0.7528901392339912,0.2629163482374035,-0.5152048062719804,-0.5116903740365755,-0.2288679039050979,-0.0051595009352694,15.367912613753868,0.7946521301404627,-0.0117496461725316
0.3373690113359316,-0.4840849772963857,-0.2967397924252609,-0.8947300911938251,-0.9292333622402256,-0.9285247380316918,0.0985462091756853,0.1076259314240825,15.41612990086169,-0.3580323314823554,-1.6492956228417268,-1.278810325709444,-1.5270366390496295,-0.9259475502376868,-1.4144719339861374,-0.4563221246940573,-0.4531021377214465,2.5970323335238215,2.588329290856538,16.28690980886036,-1.3609371553247325,0.297731190794979,-1.1095449152287138,-1.4026139075770407,-1.2886674091458523,-1.6281226958702637,-0.5135543380827803,-0.5108869901894315,-1.229452776013196,-0.3909265698038306,15.357012397445947,-0.3556020688340343,-0.1863376965714286
-1.8309824461257336,-1.6362368909735,-1.6796708052162894,-1.546466867204988,0.0097245671792428,0.0127952638830623,0.3764835898393808,0.2661606994198641,15.614179601012316,-0.0404239629547668,0.1676782485627643,-1.340362801440075,-1.3582642561029823,-1.756808044798508,-1.983167568168007,-1.6817587218164989,-1.689215032466506,-0.3642557744450512,-0.0188392852508144,15.505606557917655,1.9422640094081156,-0.6806740770272953,-2.085039504511386,-1.7383472816721297,-1.5354227216372822,-1.2775724089972464,1.0050880637035224,1.004921390322071,0.0030246937390144,0.1448584905490469,15.627399561832794,-0.7302178771419978,0.6188028594156725
-1.016972025370395,-0.737278562667385,-0.7904080858359653,-1.0354915116112031,0.3990035858566921,0.4015879679609557,0.1251383210025712,0.4624599603630482,15.83756143824855,0.3259132716981605,0.6457326386506843,-0.9929034380825188,-1.054918735870707,-0.8903179030689382,-0.6062288603389995,1.2618716242966013,1.2590668894851509,-0.6078387044062828,-0.3386101837303111,15.608935472900727,-0.8409923600555523,0.630517879548718,-0.4581679246339577,-0.651943131077342,-0.5161196838903445,-0.4979054402910898,0.4755949540731894,0.4771745594947737,-0.6651109917659896,-0.9782780990999717,15.298931856675116,-0.6650105100177299,1.44999520620651
-0.7704901748898162,-0.9157750367314316,-0.685886598595476,-0.8699844239454894,-0.3687333884855684,-0.3663641890267574,-0.0668264278065287,-0.7965084503810653,15.359748610624608,-0.6905540425746706,-0.0593261341958304,-1.1087864301228958,-1.3017234913933773,-0.8870102485077553,-1.2184808787209676,-0.2879850311054404,-0.2855138148674871,-0.1375932112923664,-0.6896413768385755,15.382291668648348,-0.9998332030737342,-0.0119640459507289,-1.562449046163154,-1.6954213702561352,-1.876850517210793,-1.2832677765012797,0.2018891549069624,0.2038558498018194,0.5383441772166749,0.2251224861567899,15.489068341414212,-0.0731139709926767,-1.1319646376620085
-1.0075860233413003,-1.210628505060761,-1.3238314221789225,-1.6990357768293856,-0.4750446072742651,-0.4725187141702416,-1.0740004026754966,-0.8871534111069601,15.266187412425031,-0.2276550971527272,1.0530106798566463,-1.336720312986289,-1.4196876516875307,-1.3254490544612458,-1.3246369296931284,0.5485659866773334,0.5490387147838096,0.7389409277423199,-0.1111477817630103,15.377081090332698,-0.776951987590099,-0.9645051196301404,-0.8317501003916346,-0.4084606758424507,-0.595792674870363,-0.245679536554623,1.4864208018991576,1.4841933135508718,1.279034357049682,1.1267180169859408,15.61510607832588,0.5920600177709094,0.0161182870696575
0.4516403515140433,-0.2231281915394177,-0.0579295602095823,-0.3095221190758209,-0.0909816341513688,-0.0894240976988312,-1.0160250227590764,-0.0061299263536658,15.38285504294972,-0.6904233138899109,0.4040784425093536,1.2024003224342723,1.2912532217846922,1.2989502602888816,0.7722753849083439,1.4066606591357131,1.4051328015763258,0.629227547059794,1.1233699276279376,15.47440526946024,-0.2878618125738686,0.2028264552454402,0.483677659229597,0.7005212996018232,0.9181313669927624,1.0640343310181375,0.2899227740347332,0.291769679042864,0.6833389325566884,1.666357572273464,15.601252122539456,-1.263538269057819,-0.8064881079541509
-0.7064827333313868,2.59994887008893,-0.9618060085945452,2.4255317828570857,2.229570829098676,2.2239338964517152,2.3933175081947873,2.5502732168588604,16.171446921260014,2.833804505488632,2.4814506321708,2.221249492689534,1.324229714300822,2.106503572975901,1.8023169456717525,-0.1398754056072227,-0.1377056694563815,-1.54918542274023,-0.0718885282908508,15.604282402014787,0.0655952894845,-0.3369339782230577,1.7201665372803316,1.0812542100600866,1.9339814403680269,1.4598084718673796,-0.2340546925845686,-0.2324598452127052,-0.7301236831525129,-0.7524309539280576,15.383709930801931,-0.4277332618159992,0.1425393197442507
1.5696588418675523,0.9886556670332136,1.589963406309033,1.392732924269548,0.1781411810257333,0.1809661009961977,0.5117374620157121,-0.1793626671563045,15.59181809189541,-0.4105297143481308,-0.1178204297664523,1.3174591772982156,0.7935759373874541,0.5947776063184355,0.1854019028161971,-2.181805402772947,-2.1923350891470643,-0.1568181449820541,-0.2729294262896555,15.620959398716508,0.3084716851620201,-1.1960705493615134,-0.1158345524513708,-0.0590390559113954,0.2365992384809844,0.3578497871350007,0.1987128618304665,0.2014374259853548,-0.3900001016332539,-0.5672711230611073,15.552514782251004,-0.2603068413056419,0.3998919070050127
-0.007688904046511,0.9544249412917024,0.4057093439584993,1.4363071688592404,1.3942591200477477,1.3879796354038834,0.7309054039980192,0.3065582949446868,15.822596571831664,0.505915034780163,1.7772944653845792,1.0427232578130468,0.5351815175967433,0.8228415713751736,-0.0098996281361643,-1.561947407184281,-1.566733857444104,-0.9881296705170888,-0.8168283171985277,15.499369436421548,-0.230354735322646,-1.283560893349451,0.1963579676604189,-0.7211483498544099,-0.9552733476812332,-1.8020091917029448,-1.4835302081600517,-1.4896735820359774,0.3484386951614007,-0.3183853729880448,15.67187120261708,0.2722765559997304,-1.1556258916193096
-1.2644000369763086,-2.141456894431179,-0.710110948359989,-1.3295186710225086,0.3879516886481071,0.3916910161988116,-0.7735867184325853,-0.9045961327303332,15.392941880768172,-0.8994185254157164,0.081593187486652,-1.3725640621203234,-1.5839079250351984,-1.632955894224249,-1.6738771058567727,-0.6715523050533369,-0.6691138425057067,0.4690386735994931,-0.4090944416796788,15.467414105401245,-0.0716903592932459,-0.6802560342053261,-1.8597667302235583,-1.6245531082177354,-1.7224818269727615,-1.1248068484968583,0.5241366694574556,0.5271740050884417,0.4800243240389475,0.4958111584797071,15.576896898476964,0.1137296771853988,0.6651319331170619
-1.2502947614622184,-1.4329466855050397,-1.185690930466507,-1.2002228472888223,-0.181333217157223,-0.1769018504686321,1.670466953233768,2.206167037188816,15.968887851611644,-0.8913730844035576,1.076528990822299,-0.7911212745259567,-1.0816825572773858,-0.7805979913567478,-0.890866215179557,0.4602884248353414,0.4641136671763316,-1.512378982232076,-0.6945994794952753,15.474957129995875,-1.1260719440790845,-0.1274361906376855,-1.047853055315262,-1.198570484971306,-1.5468597260185326,-1.4172767668189443,-0.8994172724144677,-0.8996168727944486,-0.4506798539252898,-0.9579918419915688,15.351086837131506,0.1736668899478203,-0.6546149451004077
-1.5933584397952032,-1.5316851794161743,-1.8189746960245512,-1.1081246691580813,0.3888074549109687,0.392902108439231,1.1741164477570276,0.5117706890169741,15.694532914217325,0.1829678020519959,-0.7126281336242893,-0.4490531121263302,-0.4152786253275211,-1.0901604358181427,-1.290968843137385,0.254013065409447,0.2569504757757807,0.9850906741486172,1.8143673653774932,16.004546253296137,1.7000879437243608,-1.7024195320383153,-1.0388087580020091,-1.411611131615466,-1.3868276495425311,-1.747813588524394,-0.4219795416099717,-0.4188359729180344,-0.7804508635677521,0.5648959342608877,15.83344909997928,0.1549829403067525,-0.6149250876336725
-1.756064575718129,-1.9597807541890653,-1.5617539019620073,-1.8079836263744724,-0.8127580523024638,-0.8120903026608342,0.3867847384029386,1.0425945672916086,16.00449023936613,-0.3843477671748776,-0.429981035793183,-1.89033314167683,-1.317522267456687,-1.4878642150279973,-1.6096330529275589,0.2708299680757263,0.2729231755247996,-0.9538938249134536,-0.2817195981592694,15.782175401963904,0.8554427860880658,0.2960227402039536,-1.844783286786002,-1.9579899430007563,-1.9622864399805051,-1.91316928163376,-1.7894702484452805,-1.7944936213205778,-0.2233361499725478,-0.450971055239704,15.787005047338122,0.7889548551196326,-0.4449508855443956
-1.899613080711802,-1.8714171254096448,-1.7177483714479114,-1.3520967490585578,1.408323505271153,1.4036887052792986,-0.2083519605251199,-0.5390750467595543,15.784286006490497,-0.0541358497641073,0.9939572793908336,-1.303422024640036,-1.432994397484439,-1.5253573486973644,-1.47876682114778,-0.6145746632694504,-0.6127001948824196,0.2380166543781429,0.0064761177607967,15.858858621589974,0.8935764283334617,0.729742143649018,-1.620686058408375,-0.9396686698729956,-1.2549310641414673,-0.5626991648368467,2.0945544907150397,2.0860023821558813,1.501299827188232,1.489575968746407,16.242832320632584,1.6939163754415658,2.3117015766052846
-0.8907930954106905,-0.4629906194462662,-0.5923670456038607,-0.1056905758264228,0.8493071911653529,0.8512640736451212,-1.5306838846003872,-1.149820829721936,15.832305254824815,0.6258461469118606,0.4385946610198225,-0.3192817733059944,-0.8219246557678239,-0.5579691269835441,-0.7745436767550914,-0.9076205085432252,-0.909615076486624,0.1843637348527583,-0.7329258724189625,15.923746167803497,-1.038169433168186,-0.6482403479695997,-0.5017231785509599,-1.04515677061897,-0.5140169299161425,-0.5876792257595026,0.4183197999598823,0.4223989422971574,0.3429048906063503,-0.0671089481135351,16.019523265943917,-1.4570936646755768,0.2788395994055734
-0.0419102485543079,0.7059494862943703,0.2137378005255212,1.2819989753767045,1.551997438919966,1.5460006586392534,0.3138320158897325,0.4726998799214097,16.132107130114598,1.0426448666975527,0.8454561341674993,1.54052999816105,1.3944210990463537,1.3330962110772018,1.0799278349881116,-0.1930048024950082,-0.1886977465026323,-0.896581394250369,-0.6403459561236869,15.927661395031306,0.5187136405465982,-0.4862327189689948,1.1321466768846968,1.4689042413138218,2.0174170685567003,1.401731278974801,0.3318521276824237,0.3357754987648716,1.588879332246045,1.4592646442960806,16.321542570958577,-1.0196959167354294,0.0140885489743136
1.588960895399182,0.9330253078353966,1.1999914766734836,1.1237313374455125,-0.2536629629545417,-0.2501206315168984,-1.7670600090639412,-1.867331956651732,15.553077974056809,-0.6100537795539622,-0.6417406468427213,1.033427641688209,1.4450516249030747,1.60140487419674,1.37665668096404,0.398310127559509,0.4015143330387128,-0.818621410749447,-1.8166137581200288,15.23630320101426,-0.6999417119080154,0.6467265222841231,0.9691275132348984,0.6937269924628011,1.1232686225273802,0.9928461513682276,-0.6755199295240983,-0.6738567017953854,0.9694308951921472,-0.9554129333768016,15.553834263917889,-1.1491479113118492,-0.8021457637583136
0.7882514056091855,0.1443098590970218,0.8267748085331664,0.6714431718530038,-0.3843237051019416,-0.3820345528793034,0.6568187321066132,-0.16183119049524,15.753748637528432,-1.429025570066301,-0.2767704239689023,0.6818081939574727,-0.0436370262204774,-0.3448346928121882,-1.1145536886883822,-1.7305519213743443,-1.739781469732817,0.5911021694405697,0.5364513327771524,15.975886832421851,0.6341470230272388,-1.4272574431472675,-1.768660349363659,-1.9241802306169744,-1.8211107519973764,-2.029555307201778,-1.3120333163493658,-1.3155600634211095,0.3724162410469027,1.0159116713656775,16.150862989657575,-0.3016747495746023,-1.5571881801758969
-2.03849997636382,-2.098134215349209,-1.872292694320863,-1.959478447932928,-0.5331064296373242,-0.5307898616262089,-0.8428355367901036,0.0769813441623202,15.882132908794572,-0.8596158756183909,-0.0281442821291456,-1.7800247420182986,-1.6508231046268256,-1.6540660087629493,-1.542453093838958,0.2749764457187905,0.2771608399661349,0.082766779747425,0.4306835648632258,15.94250352069752,-0.3356641673994331,0.2147201356258997,-1.406978895073678,-1.0604697401317364,-1.287471870290411,-1.145401998839473,0.6955877502262983,0.6953464578860191,-0.1615852518550693,0.3988088158895047,15.944967822033986,1.4607982358967986,1.3669127251948652
-0.9468141022564306,-0.8866966712711962,-1.078015495053708,-1.0462205335543795,0.1548212692860821,0.157318695392875,0.3544103364677334,1.137029933956447,16.056082046201546,1.273152326885458,0.5300214154058891,-1.2061189460287245,-1.396039148989375,-1.4036731201842418,-1.5350136728342971,-1.5907372924920993,-1.5946494267710791,1.3577967367618844,1.8265641626803977,16.414244355115947,0.5481631158227059,-1.715748750558198,-1.3442665025319354,-1.377383418939876,-1.2645217965385025,-1.3694635795858423,0.4923352532756891,0.4934594707350241,-2.157452887420108,-1.2565987077023384,15.63623010654577,-0.159733277171417,0.9279906810390912
-1.51138241828648,-1.4001804458200326,-1.35115571924457,-1.0685685374768503,1.1290338498822712,1.1253574124869177,0.9133582238883098,-0.597208885937431,15.93476170186818,0.0331960042707666,0.7870168082773501,-0.9871792573592032,-1.109328101686255,-1.6562969942264492,-1.8207418999040044,-1.4264597413506346,-1.429704105495933,-0.0646718765708452,-0.5351401190492358,15.982550918639228,2.4139909453085115,-1.251149233416044,-1.898571554463787,-1.3050097955722233,-1.4036266499023733,-0.6512178153688405,2.0198206597982926,2.006919088068587,0.4404515730479883,0.1153783187118104,16.151820617043683,1.0662740198275484,1.7463600102998915
-0.9148076779476808,-1.0541177062357776,-0.8052548677866777,-1.1830931284377342,-0.7052412011754972,-0.7044826389612305,-0.4614606719361629,-0.2043537031192018,16.049399271227628,-0.2392742923534598,1.2133034682117532,-1.3158460392503988,-1.481934082854509,-1.1791743080324868,-1.3836789579172866,-0.3812604810801597,-0.3780299927930174,-0.1444375887070666,-0.2196853940050598,16.068558813097454,-0.6430754013903595,-0.4347522005883895,-1.4232476520513375,-1.1014235785833293,-1.2184337684557067,-0.8058878425279717,0.8430015094261878,0.8451810728397309,1.9711974498820737,1.914613335579396,16.68923343361164,0.5762734142726821,-0.262958099954483
-0.6006394649901219,-1.0234939891194044,-0.7303419789920573,-0.2590008743993004,0.7359956957209605,0.738751275436042,-1.4162955455959223,-0.8415912939323182,15.981221649464658,-0.7061650267039774,-0.0084095435940063,-0.2655697093545068,-0.6565876680415427,0.0067033912329332,0.4180719980061846,0.5345891244308141,0.5382107906417974,-1.3587933599268602,-1.7413306249532234,14.967379528978402,-1.0625073141197352,-0.3096616025686833,0.2853252399613441,0.0126871340269445,0.8926472914351027,0.2975721181212786,-0.113383461356807,-0.1087342291907504,0.9491183612315428,-1.0404015255636156,15.353731914070156,-1.185767491821924,-0.1160013321886967
-0.0386822455632137,0.4963264817367737,0.7691452053192586,-0.0918617575536183,-0.2766732253473309,-0.2723071029752449,0.251666064096381,-0.7152164264336492,15.536185863334213,-0.3640249326606132,0.5350984780476173,0.0107102830268563,-1.4610344898914172,-1.13660432121801,-1.457455910119945,-0.8831521345519712,-0.8836200509307807,0.127894182658677,-0.4066219744016852,15.651079714111484,-0.3297995497321586,-0.0944610656267507,-0.9348970567708244,-1.434951156576083,-0.6463704878473832,-0.2838308506146809,0.8711710534996193,0.8727032512400372,-0.2926693454938842,-0.4130886422795139,15.575332235731947,-1.076144329552226,0.891745583347978
0.687380415631526,0.1128814004273448,-0.0720349814299364,-0.765721590826376,-0.3375877824302598,-0.3346049858386727,0.0030863234698834,-0.1467743853771932,15.615783848211269,0.3314597263124913,-0.3799620248328225,-0.588193867230949,-1.321625679278584,-0.1504069153093398,-0.4855260940613243,0.2312961957036443,0.2339335661993579,-0.1750554705828247,-0.0513518305386188,15.586863387517392,-1.5985723726429242,-1.3618387002435182,-1.1612743516067197,-0.8623336983479246,-0.9644940282327176,-1.1415900318483592,-0.5990513934132842,-0.5967394615957174,0.6044531338194236,0.7223459147773061,15.883701675285508,0.3125016885275083,-1.001415621123672
-1.0929063538785704,1.7491851422885352,-0.2551172893662405,1.492786635908473,2.007744449485912,1.9988950631471092,0.1876159148244532,1.9879360344863837,15.946358006440644,2.4738510885349534,2.263751469378286,1.1670108262640442,-0.0446514576683493,-2.0680126100344536,-1.7956103399830812,-2.0883761618713907,-2.1033368017288576,0.7916923312509525,2.0701549788145672,16.2292434777784,2.0721270249536836,-1.7808978745167316,-2.3720961107505576,-1.6095454389312285,-1.8939306295278224,-1.5221939161415672,0.0922321466672047,0.0973030755024567,-1.5942445899102964,0.7557352093662554,15.992702594909655,0.7872974982325045,0.8107167408547277
-0.7381896062042147,-0.2055578397269176,-0.525059903257786,0.3837251467100609,1.3225567609760092,1.3139023724104677,0.4560173269817476,0.8632229117969449,16.155044651109055,0.4092725338409416,0.7679004279431965,0.4536807692346869,-0.3160043433322981,0.1122778141014458,0.6449372185529488,0.1549712118824289,0.1603170608660129,-1.1864725331068535,0.0023583006593607,15.9767280351793,-0.4075212814581568,-0.0735273158437987,1.009089492372834,0.8566936085527997,1.2392765856070644,0.6823098233563698,0.0249079505918574,0.0304876877102514,-0.8988558065843014,-0.5924519455350391,15.821655471338858,-0.5628552222386667,-0.9825957352406944
0.2262601179213726,1.937025843637636,0.9451413082052132,1.963894217029557,1.240587636560592,1.2311268290735755,0.721036202734063,-0.2623749382053784,16.008727225460287,1.2773197732497188,1.0981515083838178,1.8875693988283937,1.6242734434068544,2.0560844526826054,1.223605484496162,-0.5188657238093474,-0.5123827746738566,0.6074050575071795,0.1142274760142746,16.19256293712246,-0.786747511954622,-0.7836623783487915,1.492976842401256,1.4752780753045494,1.7013868687824087,1.4073123036250368,0.3463750042583763,0.3500828841372632,-0.2575516228458671,-0.1879598641106102,16.22350925520692,-0.9245615772566992,-0.1138372333698493
-0.3232072472103326,-0.4906784581814543,-0.6652021167287281,-0.0129897287844993,-1.331215033795654,-1.3326382169488489,1.7910930947722368,1.4478599639062693,16.63895284980183,0.5871403086084751,-1.2271851572973032,0.3250976651631437,0.8562983309605635,0.5601023204353992,0.6193207949869627,0.6148499314083606,0.6160771913588592,-1.562920982820626,-0.9286880371542512,16.167495248433163,0.3189050999651819,0.4126535310964753,0.9141152853943192,0.5790276684001128,1.0604731807421492,0.5579689096724514,-0.177809295241043,-0.1725479638029625,-0.2937597618607381,-0.9938466089527332,16.10676176443326,-1.3884279411617395,0.2600853672312168
1.5391047779079925,2.319207925627119,1.5137907335244063,2.4285062713361363,2.0876453958065277,2.0682051796234906,1.504489635477842,0.880789674992795,16.53366295957499,2.04693142882915,2.2267149721644315,2.3056511330844005,1.602075759484647,1.8658744443622195,1.1456095757821017,-1.1795615610915744,-1.1906660124207047,-1.137672063206757,-0.8830988672901781,16.149652552756123,-0.100061639517177,-1.0515816995164016,1.1846145396816348,1.013663383595221,1.3857426158873394,1.1758416613335692,0.0372778979817471,0.0452482584204716,-1.011660349657313,-1.597016466554751,15.783517758932858,-0.6756072312793713,0.3503706568122924
1.3304485812665792,1.435598637831195,1.4603184639914797,1.457433809950684,0.3381310218414418,0.3461982888542129,0.5372581680677844,-0.9688023319532376,16.0027971388157,-0.0884898881170487,0.1123838084995194,1.2717442432602517,0.911824639377156,1.346614853341356,0.9798935346475016,-0.4555191385677354,-0.4527611006399262,-0.280060017303145,-0.9415568031882366,15.950706173693709,-1.110107319037088,-0.0416460406591545,0.8836693072624218,0.5509711409956933,0.7787816456209203,0.7199314210882903,-0.3082309457175398,-0.3034742048095423,-0.6302992216147316,-1.1300561178660171,15.715750819719098,-0.6567791791837871,0.1066367919043833
0.560576527547546,0.9123145383475328,0.6950169193030592,1.0464180718686973,0.4107566015713784,0.4194069589997667,1.1095979796948998,-0.13584580573997,16.081950308002625,0.3994521292496839,-0.0176114510615994,1.182320940261883,0.9870185850823308,1.336303048980802,1.2634563910177414,0.0946296401224311,0.1018854203121286,-0.1714934880192747,0.150470092575466,16.006828950299035,-0.8116480186641021,-0.1447506530155978,1.3781265956191842,0.90187612193207,1.249095579811327,0.69501404562608,-0.7929362920315056,-0.7974847492290229,-0.5770691776368447,-0.3918432485376077,15.819433652468774,-0.6444099472932769,-0.7989708405355676
0.7576063161994817,0.8544073660943446,0.9005387066661055,0.4046986066566397,-0.4374555373766776,-0.4357257364878488,-0.5109892220218225,-0.7410166152038469,15.640850021618464,-0.5102720202206941,0.0674275142456728,0.722961821438503,0.6284701152936489,0.4634465961271182,1.100284727088818,0.707795896743596,0.7079706981537418,0.6743448884766444,0.4794195397495193,15.75226477626138,0.0975273959794608,0.0565830276684784,0.9425648845904756,1.8089205011996083,1.4335843986678645,1.9271716987956145,1.15820349778825,1.1553461011623112,0.4209062735979263,1.374181258059541,15.837654102533458,0.6578703070176279,1.2723449441475645
1.5231678384966492,1.090706808643119,1.4272744736117704,1.1292608473018446,-1.054602745634995,-1.0553628478192387,0.0003268299787284,1.2438806066074588,15.862687268155716,-0.8022787908623498,-0.8422397411122065,1.2249883700192508,2.052751010329854,1.436553017170367,1.805894267810636,1.2380171029292184,1.2355468253438449,1.5231951093679363,2.2703807039313624,16.186193548742423,1.683592676416922,0.0441695835744896,1.877093444014478,1.3090968850067288,1.705179640481053,0.9590894467969704,-1.1579961204656486,-1.159789086799829,-1.531032588652032,-0.4058991489086432,15.67365075667164,-0.840062765934138,-1.2168261402844205
0.5967363590816182,0.7117174720394907,0.5899593395010989,0.8663610090184128,-0.2863021726710709,-0.2828564933561218,1.4628099934982253,1.2667044069166022,16.084611357046096,0.1918780231091146,-0.3795604655114614,1.0772225690129968,1.9060577582708984,1.4814952065021167,1.972996958695844,1.6060572887024949,1.599476034999109,-0.6899776557187175,0.2268531276299794,15.891784713769324,1.7982396343959548,1.726165390613246,1.861675128237842,1.9225562301240315,2.0437898350772015,1.9437742811782104,0.7619057125984974,0.7637341767927931,-0.3847679733510984,-0.1635159080109221,15.792919512506414,0.8660268041976198,1.334880600355933
2.185417111221221,2.1371667824160636,2.086857171834125,2.0067887739547756,1.065744764665352,1.0635405401739078,1.821237817743716,1.950097188602271,16.344984260778357,1.6914131189472863,2.142120720720819,2.1152558694415187,1.8185986349512648,2.0572750174484917,1.8073600708630344,0.1478721615646555,0.1513702966503971,-0.8194896531847821,0.4333720959863478,16.138084633438314,0.076201003747587,0.456159400142941,1.815823461691834,1.6732536873925543,1.8668480065933688,1.7799166297628246,0.6692454069181645,0.6692228230225397,0.2756377526442881,0.9468009719575664,16.325410669391974,-0.3393389512466433,0.7230307807621769
1.5719471637033866,1.1140770339806785,1.2212822453473986,0.8822716913109289,-1.9199676707744588,-1.929281300754618,-0.4666956142341227,0.1815832027628696,16.24880816176605,-0.2280327978138776,-1.6648866626253798,0.7669062318960169,0.6931562344743329,0.8393421614822787,0.8525057430828558,-0.1901499109231334,-0.1841442003306841,-0.8806803510296163,-1.1923935785490898,15.93951919252067,-0.7545675025579766,0.6879455221364449,1.0168813945248172,0.9602005346016228,0.8865643545948302,0.9578006298922505,0.1921005501540154,0.1960350649524776,0.9729045620756632,0.4733321740497824,16.303512495735372,0.5022280296381249,-1.010403928100361
0.9588579512875244,1.0890621507395486,1.164458556388015,1.2844703066543073,0.556098656712923,0.5550745190801493,-0.8936927530443354,-1.0776449196515503,16.03378981070123,-0.7017033429228963,1.152221299406424,1.4392833312806224,1.5964313781523214,1.1401551589650345,0.6930503207327616,-1.4661194373020416,-1.4641001136025098,0.7077403557916585,0.1592454053901552,16.300392290775182,1.7592255800865315,-0.6917110422721974,0.3976325709866341,0.4173391251285267,0.4879070267479704,0.4521453782461658,-0.551672776054668,-0.5454545623605632,-0.9401707640037898,-1.2297676941118574,15.983969910315428,-0.2008187964864713,-1.240448796438773
0.4228504864708893,-0.0423624202783872,0.3268302882781431,0.701964318892741,0.0404417380647054,0.0453207630908921,-0.3974758963563325,-1.3676026644493555,15.899678537418794,-0.7863862570534735,0.6476885684253613,0.3274105988247294,1.134824064162484,0.98958535830489,1.0968035352815124,0.2365554563937345,0.2399014741038115,0.7480395589780504,-0.4858220638562528,16.081182776695048,1.0542212668182038,-0.4242580456244468,1.449903581690355,1.489926798021426,1.9755903108308552,1.4420179951137404,0.3523528304745218,0.3548448417697355,2.010024126354151,1.9773382148459884,16.68107725389232,-0.2123411827764229,1.3058645591461318
1.039512966183202,0.1350836178359358,0.5998362002589933,0.1976306301036431,-1.0741718640840612,-1.0725958171559238,-1.2140134559636335,-0.4660332994709693,16.107065137918376,-0.907685771764858,-0.5293712862033371,-0.8536850300996434,-1.3048456275601952,-1.1305452067460986,-1.8033576571122447,-1.781531956091962,-1.7884056995146498,-0.5486797484652078,-0.875348115341825,15.896288830820769,-1.0664090829172708,-1.4982249488119923,-1.2004158045308926,-1.2264590825172057,-1.0013168351200556,-1.5430363353022796,0.1261810257103209,0.1303336326117807,-0.8917818584299985,-1.4757303081319963,15.480704979807124,-1.102945914581014,0.4886239774372218
-1.593578498546289,-1.5284215156613474,-1.6693358171012134,-1.344296766051205,0.0209428396777586,0.0252415076118152,0.4818369901927574,-0.8451037089552458,15.645817597168904,-0.7270406530451556,-1.279604177034453,-1.1893785107754544,-1.1211757282557049,-1.061592749720161,-1.08807510952524,0.3508447120198109,0.3529922157369676,0.1173343487866792,-0.5538933590005062,15.713100582364271,-0.934766517336506,-0.3531197416065845,-0.5534086388810483,-0.4370253924269504,-0.2742450835839411,-0.2459114458158763,1.1365902310231917,1.1303212876291404,0.2659689760811236,-0.0705470231154196,15.810047728630297,-0.771606766348966,0.889239081996762
-0.2310784648596267,-0.5601106383724577,-0.6159413302651161,-0.7956098613560892,-0.7528937803011518,-0.7490236303098127,-0.575391841627035,-0.4946732773261445,15.596613615456048,-0.2161044432485603,-1.0045247378655928,-0.6413436969211472,-0.9091591770284276,-0.6651087878620164,-0.6344422100298354,0.2239499612151448,0.2268338978872038,0.5880691546623972,0.1057978640697672,15.828531942672983,-1.3625457523160682,0.1510520119420162,-0.525941352426046,-0.3716037455820897,-0.2588718876164632,-0.1605927256272021,0.6795053292007771,0.6793235349723539,2.103387689623402,2.105576418952482,16.651490717911663,-0.8043541549960227,0.1627905438754546
