{
  "anomalies": [
    {
      "anomaly_index": 286,
      "feature_importances": {
        "Close_0": 4.286734940122503e-13,
        "Close_1": 4.466943663423784e-13,
        "Close_2": 4.1751012177234794e-13,
        "High_0": 4.221349474145932e-13,
        "High_1": 4.409532034761429e-13,
        "High_2": 4.3106564520651507e-13,
        "Low_0": 3.916748888742882e-13,
        "Low_1": 4.2277285439973047e-13,
        "Low_2": 3.924722726057098e-13,
        "Open_0": 3.8784744696346455e-13,
        "Open_1": 4.063467495324456e-13,
        "Open_2": 4.1830750550376953e-13,
        "Volume_0": 0.21439281381700728,
        "Volume_1": 0.22467368406546578,
        "Volume_2": 0.5609335021122431,
        "daily_return_0": 0.0,
        "daily_return_1": 3.1895349256863864e-16,
        "daily_return_2": 0.0,
        "daily_return_zscore_0": 2.2645697972373342e-14,
        "daily_return_zscore_1": 2.3443081703794938e-14,
        "daily_return_zscore_2": 3.444697719741297e-14,
        "excess_return_0": 0.0,
        "excess_return_1": 0.0,
        "excess_return_2": 0.0,
        "high_low_range_0": 0.0,
        "high_low_range_1": 0.0,
        "high_low_range_2": 0.0,
        "log_return_0": 0.0,
        "log_return_1": 3.1895349256863864e-16,
        "log_return_2": 0.0,
        "log_return_zscore_0": 2.248622122608902e-14,
        "log_return_zscore_1": 2.360255845007926e-14,
        "log_return_zscore_2": 3.4925407436265926e-14,
        "log_volume_0": 6.379069851372773e-16,
        "log_volume_1": 0.0,
        "log_volume_2": 1.5947674628431932e-16,
        "relative_volume_0": 1.2758139702745546e-15,
        "relative_volume_1": 6.379069851372773e-16,
        "relative_volume_2": 6.379069851372773e-16,
        "relative_volume_zscore_0": 2.6473139883197006e-14,
        "relative_volume_zscore_1": 1.5309767643294653e-14,
        "relative_volume_zscore_2": 1.435290716558874e-14,
        "volume_change_0": 2.551627940549109e-15,
        "volume_change_1": 2.2326744479804704e-15,
        "volume_change_2": 1.594767462843193e-15,
        "volume_change_zscore_0": 2.1369884002098787e-14,
        "volume_change_zscore_1": 1.5150290897010336e-14,
        "volume_change_zscore_2": 1.2758139702745545e-14
      }
    },
    {
      "anomaly_index": 287,
      "feature_importances": {
        "Close_0": 2.6035754108691283e-13,
        "Close_1": 2.6818784307448915e-13,
        "Close_2": 2.630680302364585e-13,
        "High_0": 2.523766563688062e-13,
        "High_1": 2.730064904514592e-13,
        "High_2": 2.7902979967267176e-13,
        "Low_0": 2.3325264959145634e-13,
        "Low_1": 2.422876134232752e-13,
        "Low_2": 2.532801527519881e-13,
        "Open_0": 2.299398295197894e-13,
        "Open_1": 2.5855054832054907e-13,
        "Open_2": 2.751146486788836e-13,
        "Volume_0": 0.27414722689574583,
        "Volume_1": 0.5005038302633855,
        "Volume_2": 0.22534894283757115,
        "daily_return_0": 3.011654610606279e-16,
        "daily_return_1": 1.5058273053031396e-16,
        "daily_return_2": 0.0,
        "daily_return_zscore_0": 2.3039157771138037e-14,
        "daily_return_zscore_1": 2.243682684901678e-14,
        "daily_return_zscore_2": 1.6413517627804224e-14,
        "excess_return_0": 1.5058273053031396e-16,
        "excess_return_1": 3.011654610606279e-16,
        "excess_return_2": 0.0,
        "high_low_range_0": 1.5058273053031396e-16,
        "high_low_range_1": 3.011654610606279e-16,
        "high_low_range_2": 0.0,
        "log_return_0": 3.011654610606279e-16,
        "log_return_1": 1.5058273053031396e-16,
        "log_return_2": 0.0,
        "log_return_zscore_0": 2.3039157771138037e-14,
        "log_return_zscore_1": 2.2587409579547094e-14,
        "log_return_zscore_2": 1.6564100358334536e-14,
        "log_volume_0": 1.5058273053031396e-16,
        "log_volume_1": 1.5058273053031396e-16,
        "log_volume_2": 1.5058273053031396e-16,
        "relative_volume_0": 7.529136526515698e-16,
        "relative_volume_1": 7.529136526515698e-16,
        "relative_volume_2": 3.011654610606279e-16,
        "relative_volume_zscore_0": 2.0027503160531758e-14,
        "relative_volume_zscore_1": 1.3401863017197943e-14,
        "relative_volume_zscore_2": 9.48671202340978e-15,
        "volume_change_0": 2.7104891495456514e-15,
        "volume_change_1": 1.6564100358334537e-15,
        "volume_change_2": 1.5058273053031396e-16,
        "volume_change_zscore_0": 1.9425172238410503e-14,
        "volume_change_zscore_1": 9.637294753940094e-15,
        "volume_change_zscore_2": 4.366899185379105e-15
      }
    },
    {
      "anomaly_index": 288,
      "feature_importances": {
        "Close_0": 5.679693103140714e-13,
        "Close_1": 5.230827200267682e-13,
        "Close_2": 5.682934012186729e-13,
        "High_0": 5.640802194588538e-13,
        "High_1": 5.673211285048685e-13,
        "High_2": 5.789884010705213e-13,
        "Low_0": 4.945627204218391e-13,
        "Low_1": 5.010445385138684e-13,
        "Low_2": 5.31671128998707e-13,
        "Open_0": 5.409077197798489e-13,
        "Open_1": 5.691036284801765e-13,
        "Open_2": 5.247031745497755e-13,
        "Volume_0": 0.6029951815163204,
        "Volume_1": 0.21256156313369884,
        "Volume_2": 0.18444325534310224,
        "daily_return_0": 3.2409090460146726e-16,
        "daily_return_1": 0.0,
        "daily_return_2": 0.0,
        "daily_return_zscore_0": 5.234068109313696e-14,
        "daily_return_zscore_1": 4.051136307518341e-14,
        "daily_return_zscore_2": 2.2200226965200508e-14,
        "excess_return_0": 3.2409090460146726e-16,
        "excess_return_1": 4.861363569022009e-16,
        "excess_return_2": 0.0,
        "high_low_range_0": 3.2409090460146726e-16,
        "high_low_range_1": 4.861363569022009e-16,
        "high_low_range_2": 0.0,
        "log_return_0": 3.2409090460146726e-16,
        "log_return_1": 0.0,
        "log_return_2": 0.0,
        "log_return_zscore_0": 5.217863564083623e-14,
        "log_return_zscore_1": 4.067340852748414e-14,
        "log_return_zscore_2": 2.2200226965200508e-14,
        "log_volume_0": 4.861363569022009e-16,
        "log_volume_1": 4.861363569022009e-16,
        "log_volume_2": 8.102272615036681e-16,
        "relative_volume_0": 6.481818092029345e-16,
        "relative_volume_1": 8.102272615036681e-16,
        "relative_volume_2": 1.1343181661051354e-15,
        "relative_volume_zscore_0": 2.4954999654312978e-14,
        "relative_volume_zscore_1": 1.8473181562283633e-14,
        "relative_volume_zscore_2": 1.1181136208750621e-14,
        "volume_change_0": 6.643863544330079e-15,
        "volume_change_1": 4.861363569022009e-16,
        "volume_change_2": 1.1343181661051354e-15,
        "volume_change_zscore_0": 3.483977224465773e-14,
        "volume_change_zscore_1": 3.727045402916874e-15,
        "volume_change_zscore_2": 8.750454424239615e-15
      }
    },
    {
      "anomaly_index": 494,
      "feature_importances": {
        "Close_0": 3.691441397045698e-13,
        "Close_1": 3.7998641885592555e-13,
        "Close_2": 3.5779521199473953e-13,
        "High_0": 3.628616975794852e-13,
        "High_1": 3.7491993327117987e-13,
        "High_2": 3.6650956720050207e-13,
        "Low_0": 3.389478856194856e-13,
        "Low_1": 3.604297844988073e-13,
        "Low_2": 3.3671863196219753e-13,
        "Open_0": 3.328681029177908e-13,
        "Open_1": 3.470542625550787e-13,
        "Open_2": 3.586058496882988e-13,
        "Volume_0": 0.20427722129319315,
        "Volume_1": 0.23281556921802815,
        "Volume_2": 0.5629072094842548,
        "daily_return_0": 1.0132971169491348e-16,
        "daily_return_1": 5.066485584745675e-16,
        "daily_return_2": 0.0,
        "daily_return_zscore_0": 1.8543337240169167e-14,
        "daily_return_zscore_1": 2.036727205067761e-14,
        "daily_return_zscore_2": 2.948694610321982e-14,
        "excess_return_0": 2.0265942338982697e-16,