feature_0,feature_1,feature_2,feature_3,feature_4,feature_5,feature_6,feature_7,feature_8,feature_9,feature_10,feature_11,feature_12,feature_13,feature_14
-0.0012340312406942,-0.0082439299830604,0.0114860737562952,0.0033533936809799,0.0187884308813481,0.013686464286099,0.027704532742788,1.1241757013524087,0.0361851190963145,-0.0124946531661851,-0.30655090765588,0.0263819595380572,-0.0049397178698686,0.8745731846118825,0.0092121020480689
0.0033533936809799,0.0187884308813481,0.013686464286099,0.027704532742788,1.1241757013524087,0.0361851190963145,-0.0124946531661851,-0.30655090765588,0.0263819595380572,-0.0049397178698686,0.8745731846118825,0.0092121020480689,-0.004703122912857,-0.6280510018214936,0.0153886737707965
0.027704532742788,1.1241757013524087,0.0361851190963145,-0.0124946531661851,-0.30655090765588,0.0263819595380572,-0.0049397178698686,0.8745731846118825,0.0092121020480689,-0.004703122912857,-0.6280510018214936,0.0153886737707965,0.0076128595992566,-0.1426705843943846,0.0087581012202422
-0.0124946531661851,-0.30655090765588,0.0263819595380572,-0.0049397178698686,0.8745731846118825,0.0092121020480689,-0.004703122912857,-0.6280510018214936,0.0153886737707965,0.0076128595992566,-0.1426705843943846,0.0087581012202422,-0.0172817447734898,-0.252982990606753,0.0208609623234146
-0.0049397178698686,0.8745731846118825,0.0092121020480689,-0.004703122912857,-0.6280510018214936,0.0153886737707965,0.0076128595992566,-0.1426705843943846,0.0087581012202422,-0.0172817447734898,-0.252982990606753,0.0208609623234146,0.0052138802628616,-0.258623619371283,0.0144209935452201
-0.004703122912857,-0.6280510018214936,0.0153886737707965,0.0076128595992566,-0.1426705843943846,0.0087581012202422,-0.0172817447734898,-0.252982990606753,0.0208609623234146,0.0052138802628616,-0.258623619371283,0.0144209935452201,0.0101978425922688,-0.1402704561081824,0.0142042531682554
