feature_0,feature_1,feature_2,feature_3,feature_4,feature_5,feature_6,feature_7,feature_8,feature_9,feature_10,feature_11,feature_12,feature_13,feature_14
-0.0004450672720309,-0.2811996920277175,0.0176510236751201,0.0016326399653958,0.2522518136228637,0.015496272174391,0.0125954093419056,-0.0027993779160186,0.0293809619932141,-0.0186047397163012,0.070804741110418,0.0468275533255672,-0.0057170714597519,0.9260486454995632,0.0281432249094958
0.0016326399653958,0.2522518136228637,0.015496272174391,0.0125954093419056,-0.0027993779160186,0.0293809619932141,-0.0186047397163012,0.070804741110418,0.0468275533255672,-0.0057170714597519,0.9260486454995632,0.0281432249094958,0.0011348479488058,-0.5996559351191939,0.0194815597323417
0.0125954093419056,-0.0027993779160186,0.0293809619932141,-0.0186047397163012,0.070804741110418,0.0468275533255672,-0.0057170714597519,0.9260486454995632,0.0281432249094958,0.0011348479488058,-0.5996559351191939,0.0194815597323417,0.0167775261817153,-0.0214855739717617,0.018367980342305
-0.0186047397163012,0.070804741110418,0.0468275533255672,-0.0057170714597519,0.9260486454995632,0.0281432249094958,0.0011348479488058,-0.5996559351191939,0.0194815597323417,0.0167775261817153,-0.0214855739717617,0.018367980342305,-0.0133789325941765,-0.2214072000772126,0.0181640322214857
-0.0057170714597519,0.9260486454995632,0.0281432249094958,0.0011348479488058,-0.5996559351191939,0.0194815597323417,0.0167775261817153,-0.0214855739717617,0.018367980342305,-0.0133789325941765,-0.2214072000772126,0.0181640322214857,0.0163476628266969,-0.2331721829676459,0.0156497011040838
0.0011348479488058,-0.5996559351191939,0.0194815597323417,0.0167775261817153,-0.0214855739717617,0.018367980342305,-0.0133789325941765,-0.2214072000772126,0.0181640322214857,0.0163476628266969,-0.2331721829676459,0.0156497011040838,0.0015566251970484,-0.1155835758163594,0.0143857530046142
