feature_0,feature_1,feature_2,feature_3,feature_4,feature_5,feature_6,feature_7,feature_8,feature_9,feature_10,feature_11,feature_12,feature_13,feature_14
-0.0016591082366557,-0.0955515659285857,0.0102050140530488,0.0064629374838764,-0.4073665637406264,0.0144591488313924,0.0107330806738261,0.2379977670264235,0.0134228809315702,-0.0101093039564348,0.3258680294603937,0.0246465923420374,-0.010488516196651,1.0116766806484527,0.0156205978088201
0.0064629374838764,-0.4073665637406264,0.0144591488313924,0.0107330806738261,0.2379977670264235,0.0134228809315702,-0.0101093039564348,0.3258680294603937,0.0246465923420374,-0.010488516196651,1.0116766806484527,0.0156205978088201,0.0031611297333251,-0.7038602423217808,0.0135261624898815
0.0107330806738261,0.2379977670264235,0.0134228809315702,-0.0101093039564348,0.3258680294603937,0.0246465923420374,-0.010488516196651,1.0116766806484527,0.0156205978088201,0.0031611297333251,-0.7038602423217808,0.0135261624898815,-0.0016683162716431,1.004567078972407,0.0064245326090192
-0.0101093039564348,0.3258680294603937,0.0246465923420374,-0.010488516196651,1.0116766806484527,0.0156205978088201,0.0031611297333251,-0.7038602423217808,0.0135261624898815,-0.0016683162716431,1.004567078972407,0.0064245326090192,-0.0169900261555705,-0.3262768179229163,0.0189196860970719
-0.010488516196651,1.0116766806484527,0.0156205978088201,0.0031611297333251,-0.7038602423217808,0.0135261624898815,-0.0016683162716431,1.004567078972407,0.0064245326090192,-0.0169900261555705,-0.3262768179229163,0.0189196860970719,0.0067057113603052,-0.2588417641256869,0.0126990524063212
0.0031611297333251,-0.7038602423217808,0.0135261624898815,-0.0016683162716431,1.004567078972407,0.0064245326090192,-0.0169900261555705,-0.3262768179229163,0.0189196860970719,0.0067057113603052,-0.2588417641256869,0.0126990524063212,0.0097569633869691,-0.1454372623574145,0.0106621718029504
