feature_0,feature_1,feature_2,feature_3,feature_4,feature_5,feature_6,feature_7,feature_8,feature_9,feature_10,feature_11,feature_12,feature_13,feature_14
0.0046631109039605,-0.1028697783973465,0.0093280958866668,0.0045157285505157,-0.0599403454249941,0.0126230747865562,0.0227272886584362,0.1978606577622403,0.0304402285401925,0.018681198064878,0.5354576744333592,0.0250423373229667,-0.0098285296200577,0.2797347271863315,0.0120291352012091
0.0045157285505157,-0.0599403454249941,0.0126230747865562,0.0227272886584362,0.1978606577622403,0.0304402285401925,0.018681198064878,0.5354576744333592,0.0250423373229667,-0.0098285296200577,0.2797347271863315,0.0120291352012091,0.0054472874758497,-0.4795860710653342,0.0108985408806378
0.0227272886584362,0.1978606577622403,0.0304402285401925,0.018681198064878,0.5354576744333592,0.0250423373229667,-0.0098285296200577,0.2797347271863315,0.0120291352012091,0.0054472874758497,-0.4795860710653342,0.0108985408806378,-0.0036421978233318,-0.2150235761260702,0.0122279287714193
0.018681198064878,0.5354576744333592,0.0250423373229667,-0.0098285296200577,0.2797347271863315,0.0120291352012091,0.0054472874758497,-0.4795860710653342,0.0108985408806378,-0.0036421978233318,-0.2150235761260702,0.0122279287714193,-0.0177895766214678,0.4340532316386414,0.0162591232909971
-0.0098285296200577,0.2797347271863315,0.0120291352012091,0.0054472874758497,-0.4795860710653342,0.0108985408806378,-0.0036421978233318,-0.2150235761260702,0.0122279287714193,-0.0177895766214678,0.4340532316386414,0.0162591232909971,0.0167472948844087,0.0252149470899469,0.0159633826816043
0.0054472874758497,-0.4795860710653342,0.0108985408806378,-0.0036421978233318,-0.2150235761260702,0.0122279287714193,-0.0177895766214678,0.4340532316386414,0.0162591232909971,0.0167472948844087,0.0252149470899469,0.0159633826816043,-0.0004880556860864,-0.5395532618337231,0.0147166658666751
