feature_0,feature_1,feature_2,feature_3,feature_4,feature_5,feature_6,feature_7,feature_8,feature_9,feature_10,feature_11,feature_12,feature_13,feature_14
0.0101011961401964,-0.0544256426944353,0.0149319910542525,0.0028984907835332,0.5235309300524822,0.0255885365640883,0.069364061883689,-0.2269595662977185,0.0766216586663761,0.0140540765810175,0.91883994448097,0.0346361159100438,0.0126600123803053,0.1265846880115735,0.0353514905271712
0.0028984907835332,0.5235309300524822,0.0255885365640883,0.069364061883689,-0.2269595662977185,0.0766216586663761,0.0140540765810175,0.91883994448097,0.0346361159100438,0.0126600123803053,0.1265846880115735,0.0353514905271712,0.000394730160544,-0.6149297107326304,0.0178927257537428
0.069364061883689,-0.2269595662977185,0.0766216586663761,0.0140540765810175,0.91883994448097,0.0346361159100438,0.0126600123803053,0.1265846880115735,0.0353514905271712,0.000394730160544,-0.6149297107326304,0.0178927257537428,0.0184161298789604,-0.2553751645458534,0.0180936796060283
0.0140540765810175,0.91883994448097,0.0346361159100438,0.0126600123803053,0.1265846880115735,0.0353514905271712,0.000394730160544,-0.6149297107326304,0.0178927257537428,0.0184161298789604,-0.2553751645458534,0.0180936796060283,-0.0201497160496175,-0.3226870948733058,0.0280966224958154
0.0126600123803053,0.1265846880115735,0.0353514905271712,0.000394730160544,-0.6149297107326304,0.0178927257537428,0.0184161298789604,-0.2553751645458534,0.0180936796060283,-0.0201497160496175,-0.3226870948733058,0.0280966224958154,0.0245188503274744,0.7678788933356533,0.0236693805374716
0.000394730160544,-0.6149297107326304,0.0178927257537428,0.0184161298789604,-0.2553751645458534,0.0180936796060283,-0.0201497160496175,-0.3226870948733058,0.0280966224958154,0.0245188503274744,0.7678788933356533,0.0236693805374716,-0.0025733858150978,-0.3673228346456693,0.0205035281743073
