feature_0,feature_1,feature_2,feature_3,feature_4,feature_5,feature_6,feature_7,feature_8,feature_9,feature_10,feature_11,feature_12,feature_13,feature_14
0.0072838488229758,-0.3364666372672071,0.0237927984013821,-0.0261721504577064,0.0365025076302509,0.0556702326407013,0.0169588636244848,0.2767814425158945,0.0271993307629016,-0.0342000873779162,-0.1704270866129564,0.0565785795231497,-0.0059506447921141,0.4168886384591743,0.0474599135064749
-0.0261721504577064,0.0365025076302509,0.0556702326407013,0.0169588636244848,0.2767814425158945,0.0271993307629016,-0.0342000873779162,-0.1704270866129564,0.0565785795231497,-0.0059506447921141,0.4168886384591743,0.0474599135064749,0.0223748650162467,-0.3655195873340882,0.0330611109038336
0.0169588636244848,0.2767814425158945,0.0271993307629016,-0.0342000873779162,-0.1704270866129564,0.0565785795231497,-0.0059506447921141,0.4168886384591743,0.0474599135064749,0.0223748650162467,-0.3655195873340882,0.0330611109038336,-0.0367633117665138,0.2914703665621172,0.0376702022478205
-0.0342000873779162,-0.1704270866129564,0.0565785795231497,-0.0059506447921141,0.4168886384591743,0.0474599135064749,0.0223748650162467,-0.3655195873340882,0.0330611109038336,-0.0367633117665138,0.2914703665621172,0.0376702022478205,-0.0072246984070264,0.1993229557314124,0.0505895473688199
-0.0059506447921141,0.4168886384591743,0.0474599135064749,0.0223748650162467,-0.3655195873340882,0.0330611109038336,-0.0367633117665138,0.2914703665621172,0.0376702022478205,-0.0072246984070264,0.1993229557314124,0.0505895473688199,-0.0236386786141389,0.0426083728521071,0.0308094809325506
0.0223748650162467,-0.3655195873340882,0.0330611109038336,-0.0367633117665138,0.2914703665621172,0.0376702022478205,-0.0072246984070264,0.1993229557314124,0.0505895473688199,-0.0236386786141389,0.0426083728521071,0.0308094809325506,0.0105376946772206,-0.1338874017856999,0.0350568717335419
-0.0367633117665138,0.2914703665621172,0.0376702022478205,-0.0072246984070264,0.1993229557314124,0.0505895473688199,-0.0236386786141389,0.0426083728521071,0.0308094809325506,0.0105376946772206,-0.1338874017856999,0.0350568717335419,0.0116994918083452,-0.1911675113743891,0.0319013323800986
