feature_0,feature_1,feature_2,feature_3,feature_4,feature_5,feature_6,feature_7,feature_8,feature_9,feature_10,feature_11,feature_12,feature_13,feature_14
-0.0118185148897468,-0.1830439049366387,0.0283605108285756,0.0069444794397224,-0.0478403927508226,0.0227975336831661,0.0103448057610207,0.3667105479677472,0.0276587098699829,-0.0515737987477266,0.6783155740172175,0.079999981504498,-0.0343862661999025,0.0320079392124157,0.0374106496594352
0.0069444794397224,-0.0478403927508226,0.0227975336831661,0.0103448057610207,0.3667105479677472,0.0276587098699829,-0.0515737987477266,0.6783155740172175,0.079999981504498,-0.0343862661999025,0.0320079392124157,0.0374106496594352,0.0087573392756497,-0.2497610427226647,0.0392826675190826
0.0103448057610207,0.3667105479677472,0.0276587098699829,-0.0515737987477266,0.6783155740172175,0.079999981504498,-0.0343862661999025,0.0320079392124157,0.0374106496594352,0.0087573392756497,-0.2497610427226647,0.0392826675190826,0.0107482523001922,-0.3106787120685661,0.0258333683013916
-0.0515737987477266,0.6783155740172175,0.079999981504498,-0.0343862661999025,0.0320079392124157,0.0374106496594352,0.0087573392756497,-0.2497610427226647,0.0392826675190826,0.0107482523001922,-0.3106787120685661,0.0258333683013916,0.0224948556195636,0.9283105943499788,0.0374288071256931
-0.0343862661999025,0.0320079392124157,0.0374106496594352,0.0087573392756497,-0.2497610427226647,0.0392826675190826,0.0107482523001922,-0.3106787120685661,0.0258333683013916,0.0224948556195636,0.9283105943499788,0.0374288071256931,-0.0044000244140623,-0.3729930060180775,0.0295546364246125
0.0087573392756497,-0.2497610427226647,0.0392826675190826,0.0107482523001922,-0.3106787120685661,0.0258333683013916,0.0224948556195636,0.9283105943499788,0.0374288071256931,-0.0044000244140623,-0.3729930060180775,0.0295546364246125,-0.0092406407342856,0.1898775222813096,0.0236928077839771
0.0107482523001922,-0.3106787120685661,0.0258333683013916,0.0224948556195636,0.9283105943499788,0.0374288071256931,-0.0044000244140623,-0.3729930060180775,0.0295546364246125,-0.0092406407342856,0.1898775222813096,0.0236928077839771,0.0020275440944819,-0.3975691605739958,0.0216503552514809
