feature_0,feature_1,feature_2,feature_3,feature_4,feature_5,feature_6,feature_7,feature_8
0.0086534282788588,0.0834336709398682,0.0275036029369265,-0.012824426510948,0.119892789435837,0.0316414437882941,-0.0004877885300549,0.1455256552448778,0.0201571760183502
-0.012824426510948,0.119892789435837,0.0316414437882941,-0.0004877885300549,0.1455256552448778,0.0201571760183502,-0.0178649139275013,-0.1453832042397065,0.021639344262295
-0.0004877885300549,0.1455256552448778,0.0201571760183502,-0.0178649139275013,-0.1453832042397065,0.021639344262295,-0.0093761695526659,0.202253890644565,0.0273391090132958
-0.0178649139275013,-0.1453832042397065,0.021639344262295,-0.0093761695526659,0.202253890644565,0.0273391090132958,0.0134910862076995,1.465481327183455,0.0583608237425416
-0.0093761695526659,0.202253890644565,0.0273391090132958,0.0134910862076995,1.465481327183455,0.0583608237425416,0.0371470450186177,-0.6356678032246059,0.0340072409720559
0.0134910862076995,1.465481327183455,0.0583608237425416,0.0371470450186177,-0.6356678032246059,0.0340072409720559,-0.0007661354906546,-0.6782707119785771,0.0135307136887336
