feature_0,feature_1,feature_2,feature_3,feature_4,feature_5,feature_6,feature_7,feature_8,feature_9,feature_10,feature_11,feature_12,feature_13,feature_14
0.0085994398369957,-0.0699752334268845,0.0093742964832215,0.0011568214430772,-0.0185634201695342,0.008651835586553,-0.0152779743833951,0.3290406920931072,0.0170768813628004,-0.0182094206995453,0.367513686800125,0.0197897094133941,-0.0132796758891808,0.0140841788345831,0.023062612850232
0.0011568214430772,-0.0185634201695342,0.008651835586553,-0.0152779743833951,0.3290406920931072,0.0170768813628004,-0.0182094206995453,0.367513686800125,0.0197897094133941,-0.0132796758891808,0.0140841788345831,0.023062612850232,-0.0040375128596975,-0.311477142686441,0.0140184173599191
-0.0152779743833951,0.3290406920931072,0.0170768813628004,-0.0182094206995453,0.367513686800125,0.0197897094133941,-0.0132796758891808,0.0140841788345831,0.023062612850232,-0.0040375128596975,-0.311477142686441,0.0140184173599191,0.0064862225029522,-0.3745330351878427,0.0127068715128399
-0.0182094206995453,0.367513686800125,0.0197897094133941,-0.0132796758891808,0.0140841788345831,0.023062612850232,-0.0040375128596975,-0.311477142686441,0.0140184173599191,0.0064862225029522,-0.3745330351878427,0.0127068715128399,-0.0032669352156399,0.9408956540608224,0.0220625020523033
-0.0132796758891808,0.0140841788345831,0.023062612850232,-0.0040375128596975,-0.311477142686441,0.0140184173599191,0.0064862225029522,-0.3745330351878427,0.0127068715128399,-0.0032669352156399,0.9408956540608224,0.0220625020523033,0.021372105867816,-0.2276970222374549,0.0147392681597725
-0.0040375128596975,-0.311477142686441,0.0140184173599191,0.0064862225029522,-0.3745330351878427,0.0127068715128399,-0.0032669352156399,0.9408956540608224,0.0220625020523033,0.021372105867816,-0.2276970222374549,0.0147392681597725,-0.0011882041412023,-0.0903917394637106,0.0099377234380415
0.0064862225029522,-0.3745330351878427,0.0127068715128399,-0.0032669352156399,0.9408956540608224,0.0220625020523033,0.021372105867816,-0.2276970222374549,0.0147392681597725,-0.0011882041412023,-0.0903917394637106,0.0099377234380415,-0.0120285656307178,0.0959278662520088,0.0189616115044793
-0.0032669352156399,0.9408956540608224,0.0220625020523033,0.021372105867816,-0.2276970222374549,0.0147392681597725,-0.0011882041412023,-0.0903917394637106,0.0099377234380415,-0.0120285656307178,0.0959278662520088,0.0189616115044793,0.0,-0.038263945759613,0.00998386336607
