feature_0,feature_1,feature_2,feature_3,feature_4,feature_5,feature_6,feature_7,feature_8,feature_9,feature_10,feature_11,feature_12,feature_13,feature_14
0.0087458480740378,-0.0200985968904057,0.0096212770592498,-0.020126937316076,0.4028637770897834,0.0151682583439043,0.01422032751931,0.2600827586206897,0.0204859598303964,-0.0769590865304512,0.3833355225710408,0.0940402423192586,-0.0040506273304852,-0.2619168196493004,0.0323948418770431
-0.020126937316076,0.4028637770897834,0.0151682583439043,0.01422032751931,0.2600827586206897,0.0204859598303964,-0.0769590865304512,0.3833355225710408,0.0940402423192586,-0.0040506273304852,-0.2619168196493004,0.0323948418770431,0.0076258969575575,-0.2033963720571208,0.0193713378743248
0.01422032751931,0.2600827586206897,0.0204859598303964,-0.0769590865304512,0.3833355225710408,0.0940402423192586,-0.0040506273304852,-0.2619168196493004,0.0323948418770431,0.0076258969575575,-0.2033963720571208,0.0193713378743248,0.0087453407930608,-0.1735034453057709,0.0187943916329855
-0.0769590865304512,0.3833355225710408,0.0940402423192586,-0.0040506273304852,-0.2619168196493004,0.0323948418770431,0.0076258969575575,-0.2033963720571208,0.0193713378743248,0.0087453407930608,-0.1735034453057709,0.0187943916329855,0.0048349754786234,0.3496385071321566,0.0343441631583572
-0.0040506273304852,-0.2619168196493004,0.0323948418770431,0.0076258969575575,-0.2033963720571208,0.0193713378743248,0.0087453407930608,-0.1735034453057709,0.0187943916329855,0.0048349754786234,0.3496385071321566,0.0343441631583572,-0.0054754326109967,0.0777472129723468,0.0208193054932599
0.0076258969575575,-0.2033963720571208,0.0193713378743248,0.0087453407930608,-0.1735034453057709,0.0187943916329855,0.0048349754786234,0.3496385071321566,0.0343441631583572,-0.0054754326109967,0.0777472129723468,0.0208193054932599,0.0053386219218307,-0.3872917786136486,0.016725204627657
0.0087453407930608,-0.1735034453057709,0.0187943916329855,0.0048349754786234,0.3496385071321566,0.0343441631583572,-0.0054754326109967,0.0777472129723468,0.0208193054932599,0.0053386219218307,-0.3872917786136486,0.016725204627657,0.0008298376388267,-0.207191405393554,0.0107991616665441
0.0048349754786234,0.3496385071321566,0.0343441631583572,-0.0054754326109967,0.0777472129723468,0.0208193054932599,0.0053386219218307,-0.3872917786136486,0.016725204627657,0.0008298376388267,-0.207191405393554,0.0107991616665441,0.0053059330725899,0.4529867256637168,0.0124750501218361
