feature_0,feature_1,feature_2,feature_3,feature_4,feature_5,feature_6,feature_7,feature_8,feature_9,feature_10,feature_11,feature_12,feature_13,feature_14
0.0060458400025757,0.3148835639554506,0.0119866423122443,0.0950333212096261,1.785805954825462,0.0543300698607192,-0.0006456335440149,-0.345003915787534,0.0225841679209054,-0.0138904195644625,-0.0411450274300182,0.0243124207631996,-0.0010373503080551,-0.2274627741509572,0.0117595245580708
0.0950333212096261,1.785805954825462,0.0543300698607192,-0.0006456335440149,-0.345003915787534,0.0225841679209054,-0.0138904195644625,-0.0411450274300182,0.0243124207631996,-0.0010373503080551,-0.2274627741509572,0.0117595245580708,0.0183090152986493,-0.0440562096467906,0.015844514886666
-0.0006456335440149,-0.345003915787534,0.0225841679209054,-0.0138904195644625,-0.0411450274300182,0.0243124207631996,-0.0010373503080551,-0.2274627741509572,0.0117595245580708,0.0183090152986493,-0.0440562096467906,0.015844514886666,0.020126730846061,-0.000595947556615,0.0210927035277677
-0.0138904195644625,-0.0411450274300182,0.0243124207631996,-0.0010373503080551,-0.2274627741509572,0.0117595245580708,0.0183090152986493,-0.0440562096467906,0.015844514886666,0.020126730846061,-0.000595947556615,0.0210927035277677,0.0217288316982726,0.4146292983502286,0.0354894488692401
-0.0010373503080551,-0.2274627741509572,0.0117595245580708,0.0183090152986493,-0.0440562096467906,0.015844514886666,0.020126730846061,-0.000595947556615,0.0210927035277677,0.0217288316982726,0.4146292983502286,0.0354894488692401,-0.0080845403581455,-0.2687227764507517,0.0169799784056999
0.0183090152986493,-0.0440562096467906,0.015844514886666,0.020126730846061,-0.000595947556615,0.0210927035277677,0.0217288316982726,0.4146292983502286,0.0354894488692401,-0.0080845403581455,-0.2687227764507517,0.0169799784056999,0.0300576237953287,-0.1130752233643962,0.0284076234836079
0.020126730846061,-0.000595947556615,0.0210927035277677,0.0217288316982726,0.4146292983502286,0.0354894488692401,-0.0080845403581455,-0.2687227764507517,0.0169799784056999,0.0300576237953287,-0.1130752233643962,0.0284076234836079,0.0149683186699749,0.2280112651646446,0.0109609730127926
0.0217288316982726,0.4146292983502286,0.0354894488692401,-0.0080845403581455,-0.2687227764507517,0.0169799784056999,0.0300576237953287,-0.1130752233643962,0.0284076234836079,0.0149683186699749,0.2280112651646446,0.0109609730127926,-0.0005958461144358,-0.3437417306165652,0.0148043984141972
