index,subsequence_idx,score
23,23,2.82204
59,59,2.65682
71,71,2.32319
156,156,2.86481
