index,subsequence_idx,score
23,23,2.72521
59,59,2.54014
71,71,2.54331
156,156,2.87287
