index,subsequence_idx,score
23,23,2.64211
59,59,2.52399
71,71,2.51001
156,156,3.04637
