index,subsequence_idx,score
23,23,2.7008
59,59,2.65175
156,156,2.93836
