index,subsequence_idx,score
23,23,2.79323
59,59,2.41825
71,71,2.53818
156,156,2.81438
