index,subsequence_idx,score
23,23,2.75621
47,47,2.31324
59,59,2.54824
71,71,2.43987
156,156,2.77791
