index,subsequence_idx,score
23,23,2.82681
59,59,2.57283
71,71,2.43806
156,156,2.87216
