index,subsequence_idx,score
23,23,2.73772
47,47,2.3673
59,59,2.56601
71,71,2.34729
156,156,2.99994
