index,subsequence_idx,score
23,23,2.73548
59,59,2.43514
71,71,2.33092
156,156,2.89269
