index,subsequence_idx,score
23,23,2.64798
59,59,2.52395
71,71,2.55786
156,156,2.97252
