index,subsequence_idx,score
23,23,2.63362
59,59,2.57476
71,71,2.40554
92,92,2.34151
156,156,2.94432
