index,subsequence_idx,score
23,23,2.54809
59,59,2.45336
71,71,2.52089
156,156,2.98956
