{
  "anomalies": [
    {
      "anomaly_index": 290,
      "feature_importances": {
        "Close_0": 2.8616433136094504e-11,
        "Close_1": 2.8435969610527554e-11,
        "Close_2": 2.8100063723498847e-11,
        "High_0": 2.851271846622844e-11,
        "High_1": 2.929161563692257e-11,
        "High_2": 2.6002953098807072e-11,
        "Low_0": 2.7957196765758345e-11,
        "Low_1": 2.739208145832564e-11,
        "Low_2": 2.6851468741648794e-11,
        "Open_0": 2.8318642390241573e-11,
        "Open_1": 2.801722163094333e-11,
        "Open_2": 2.6915901480303083e-11,
        "Volume_0": 0.20494348559644812,
        "Volume_1": 0.09057612604647851,
        "Volume_2": 0.7044803880180378,
        "daily_return_0": 0.0,
        "daily_return_1": 2.5928667466515505e-16,
        "daily_return_2": 0.0,
        "daily_return_zscore_0": 2.612313247251437e-13,
        "daily_return_zscore_1": 3.016800459729079e-13,
        "daily_return_zscore_2": 6.750528574907312e-13,
        "excess_return_0": 1.2964333733257752e-16,
        "excess_return_1": 0.0,
        "excess_return_2": 2.5928667466515505e-16,
        "high_low_range_0": 0.0,
        "high_low_range_1": 1.2964333733257752e-16,
        "high_low_range_2": 0.0,
        "log_return_0": 0.0,
        "log_return_1": 2.5928667466515505e-16,
        "log_return_2": 1.2964333733257752e-16,
        "log_return_zscore_0": 2.5967560467715277e-13,
        "log_return_zscore_1": 3.0206897598490565e-13,
        "log_return_zscore_2": 6.764789342013896e-13,
        "log_volume_0": 1.5816487154574458e-14,
        "log_volume_1": 1.5427557142576724e-14,
        "log_volume_2": 2.618795414118066e-14,
        "relative_volume_0": 3.267012100780954e-14,
        "relative_volume_1": 2.929939423716252e-14,
        "relative_volume_2": 1.0786325666070451e-13,
        "relative_volume_zscore_0": 3.859482152390833e-13,
        "relative_volume_zscore_1": 3.668906446511944e-13,
        "relative_volume_zscore_2": 2.9973539591291924e-13,
        "volume_change_0": 4.330087466908089e-14,
        "volume_change_1": 2.722510083984128e-14,
        "volume_change_2": 1.9187213925221475e-14,
        "volume_change_zscore_0": 2.5189700443719815e-13,
        "volume_change_zscore_1": 2.4126625077592676e-13,
        "volume_change_zscore_2": 2.832706920716819e-13
      }
    },
    {
      "anomaly_index": 301,
      "feature_importances": {
        "Close_0": 3.966943461762233e-11,
        "Close_1": 3.189424813108139e-11,
        "Close_2": 3.125166403582032e-11,
        "High_0": 4.0039636556439675e-11,
        "High_1": 3.3683782685693e-11,
        "High_2": 3.321049166683272e-11,
        "Low_0": 3.793394414167018e-11,
        "Low_1": 3.078756051033214e-11,
        "Low_2": 3.079458624055787e-11,
        "Open_0": 3.904238819497585e-11,
        "Open_1": 3.162281174601421e-11,
        "Open_2": 3.25266989615938e-11,
        "Volume_0": 0.11442992113877344,
        "Volume_1": 0.7284172766035072,
        "Volume_2": 0.15715280183965527,
        "daily_return_0": 0.0,
        "daily_return_1": 2.702203932973374e-16,
        "daily_return_2": 0.0,
        "daily_return_zscore_0": 3.51556731679836e-13,
        "daily_return_zscore_1": 7.905297605913606e-13,
        "daily_return_zscore_2": 3.426394587010239e-13,
        "excess_return_0": 1.351101966486687e-16,
        "excess_return_1": 8.106611798920123e-16,
        "excess_return_2": 0.0,
        "high_low_range_0": 1.351101966486687e-16,
        "high_low_range_1": 1.351101966486687e-16,
        "high_low_range_2": 0.0,
        "log_return_0": 0.0,
        "log_return_1": 2.702203932973374e-16,
        "log_return_2": 0.0,
        "log_return_zscore_0": 3.5290783364632266e-13,
        "log_return_zscore_1": 7.9363729511428e-13,
        "log_return_zscore_2": 3.4061280575129385e-13,
        "log_volume_0": 1.76994357609756e-14,
        "log_volume_1": 2.3103843626922352e-14,
        "log_volume_2": 1.891542753081362e-14,
        "relative_volume_0": 4.7423679023682717e-14,
        "relative_volume_1": 1.6496955010802451e-13,
        "relative_volume_2": 4.012772840465461e-14,
        "relative_volume_zscore_0": 5.363874806952148e-13,
        "relative_volume_zscore_1": 5.869186942418169e-13,
        "relative_volume_zscore_2": 2.2347226525689807e-13,
        "volume_change_0": 6.552844537460433e-14,
        "volume_change_1": 5.755694377233288e-14,
        "volume_change_2": 1.7429215367678265e-14,
        "volume_change_zscore_0": 4.219491441337924e-13,
        "volume_change_zscore_1": 3.108885624885867e-13,
        "volume_change_zscore_2": 1.0079220669990687e-13
      }
    },
    {
      "anomaly_index": 312,
      "feature_importances": {
        "Close_0": 3.906055028852895e-11,
        "Close_1": 3.6587458218949034e-11,
        "Close_2": 3.5148473075153566e-11,
        "High_0": 4.048313634861329e-11,
        "High_1": 3.984687946210652e-11,
        "High_2": 3.6559758926294095e-11,
        "Low_0": 3.788271021727633e-11,
        "Low_1": 3.655603812578821e-11,
        "Low_2": 3.530295519986097e-11,
        "Open_0": 3.760902466895438e-11,
        "Open_1": 3.79819315641e-11,
        "Open_2": 3.6666559681555684e-11,
        "Volume_0": 0.6941110329824455,
        "Volume_1": 0.1402167548614095,
        "Volume_2": 0.1656722117019478,
        "daily_return_0": 4.134222784319488e-16,
        "daily_return_1": 4.134222784319488e-16,
        "daily_return_2": 2.7561485228796584e-16,
        "daily_return_zscore_0": 7.43057641768356e-13,
        "daily_return_zscore_1": 2.4571064081472156e-13,
        "daily_return_zscore_2": 3.2811948164882336e-13,
        "excess_return_0": 5.512297045759317e-16,
        "excess_return_1": 5.512297045759317e-16,
        "excess_return_2": 0.0,
        "high_low_range_0": 2.7561485228796584e-16,
        "high_low_range_1": 5.512297045759317e-16,
        "high_low_range_2": 2.7561485228796584e-16,
        "log_return_0": 4.134222784319488e-16,
        "log_return_1": 4.134222784319488e-16,
        "log_return_2": 2.7561485228796584e-16,
        "log_return_zscore_0": 7.458137902912356e-13,
        "log_return_zscore_1": 2.4488379625785766e-13,
        "log_return_zscore_2": 3.275682519442474e-13,
        "log_volume_0": 1.8604002529437695e-14,
        "log_volume_1": 1.2540475779102447e-14,
        "log_volume_2": 2.880175206409243e-14,
        "relative_volume_0": 1.475917534002057e-13,
        "relative_volume_1": 2.921517434252438e-14,
        "relative_volume_2": 3.334939712684387e-14,
        "relative_volume_zscore_0": 4.2334441311431556e-13,
        "relative_volume_zscore_1": 1.7046778614010688e-13,
        "relative_volume_zscore_2": 1.5765169550871647e-13,
        "volume_change_0": 9.977257652824364e-14,
        "volume_change_1": 1.7639350546429814e-14,
        "volume_change_2": 2.5494373836636842e-14,
        "volume_change_zscore_0": 4.633085666960706e-13,
        "volume_change_zscore_1": 9.357124235176441e-14,
        "volume_change_zscore_2": 1.508991316276613e-13
      }
    },
    {
      "anomaly_index": 494,
      "feature_importances": {
        "Close_0": 5.343102049639599e-11,
        "Close_1": 5.08235072010594e-11,
        "Close_2": 5.514176022368221e-11,
        "High_0": 5.401026343262186e-11,
        "High_1": 5.320570255932542e-11,
        "High_2": 5.5519811825899517e-11,
        "Low_0": 5.1555892727907644e-11,
        "Low_1": 5.138250832624173e-11,
        "Low_2": 5.186258683462801e-11,
        "Open_0": 5.402662045164694e-11,
        "Open_1": 5.2128797319261294e-11,
        "Open_2": 5.136778700911915e-11,
        "Volume_0": 0.16072646283599165,
        "Volume_1": 0.06413932346124417,
        "Volume_2": 0.7751342130606232,
        "daily_return_0": 0.0,
        "daily_return_1": 2.0446273781358002e-16,
        "daily_return_2": 2.0446273781358002e-16,
        "daily_return_zscore_0": 4.72717849824997e-13,
        "daily_return_zscore_1": 4.5860992091586e-13,