index,subsequence_idx,score
15,15,2.456
28,28,3.42566
29,29,2.97959
30,30,2.42693
52,52,2.58081
73,73,2.36214
213,213,2.53054
232,232,2.44091
283,283,2.5262
356,356,2.59104
393,393,2.62314
440,440,3.30735
441,441,2.64757
442,442,2.93157
469,469,2.62266
494,494,2.49114
