{
  "aida": 0.154,
  "iforest": 0.09418797492980957,
  "lof": 0.01516270637512207
}