{
  "aida": 0.124,
  "iforest": 0.06966805458068848,
  "lof": 0.03981900215148926
}