{
  "aida": 0.128,
  "iforest": 0.06857538223266602,
  "lof": 0.02350783348083496
}