{
  "aida": 0.181,
  "iforest": 0.09400773048400879,
  "lof": 0.04283475875854492
}