{
  "aida": 0.192,
  "iforest": 0.09817910194396973,
  "lof": 0.07257509231567383
}