{
  "aida": 0.124,
  "iforest": 0.07000088691711426,
  "lof": 0.0343170166015625
}