feature_0,feature_1,feature_2,feature_3,feature_4,feature_5,feature_6,feature_7,feature_8,feature_9,feature_10,feature_11,feature_12,feature_13,feature_14
0.0119117902551679,-0.24688995215311,0.0238753056711895,0.0047111620113269,-0.0006353240152477,0.0159988339622948,0.0090736188552176,-0.0616656071201525,0.0098864850307288,-0.017924572172619,0.0670731707317073,0.0236648006565531,-0.0061660838457185,-0.3231746031746032,0.012470931778757
0.0047111620113269,-0.0006353240152477,0.0159988339622948,0.0090736188552176,-0.0616656071201525,0.0098864850307288,-0.017924572172619,0.0670731707317073,0.0236648006565531,-0.0061660838457185,-0.3231746031746032,0.012470931778757,-0.01519782966706,0.3058161350844277,0.0228781126938715
0.0090736188552176,-0.0616656071201525,0.0098864850307288,-0.017924572172619,0.0670731707317073,0.0236648006565531,-0.0061660838457185,-0.3231746031746032,0.012470931778757,-0.01519782966706,0.3058161350844277,0.0228781126938715,-0.0003302997896442,0.0409482758620689,0.0153910149750415
-0.017924572172619,0.0670731707317073,0.0236648006565531,-0.0061660838457185,-0.3231746031746032,0.012470931778757,-0.01519782966706,0.3058161350844277,0.0228781126938715,-0.0003302997896442,0.0409482758620689,0.0153910149750415,0.0034980797060863,-0.0483091787439613,0.0206460439408362
-0.0061660838457185,-0.3231746031746032,0.012470931778757,-0.01519782966706,0.3058161350844277,0.0228781126938715,-0.0003302997896442,0.0409482758620689,0.0153910149750415,0.0034980797060863,-0.0483091787439613,0.0206460439408362,-0.0010083688789391,0.192168237853517,0.0139283738841522
-0.01519782966706,0.3058161350844277,0.0228781126938715,-0.0003302997896442,0.0409482758620689,0.0153910149750415,0.0034980797060863,-0.0483091787439613,0.0206460439408362,-0.0010083688789391,0.192168237853517,0.0139283738841522,-0.0048323031105022,0.2846715328467153,0.0130821393220916
-0.0003302997896442,0.0409482758620689,0.0153910149750415,0.0034980797060863,-0.0483091787439613,0.0206460439408362,-0.0010083688789391,0.192168237853517,0.0139283738841522,-0.0048323031105022,0.2846715328467153,0.0130821393220916,-0.0009768940207436,-0.4682765151515151,0.0139805976924003
0.0034980797060863,-0.0483091787439613,0.0206460439408362,-0.0010083688789391,0.192168237853517,0.0139283738841522,-0.0048323031105022,0.2846715328467153,0.0130821393220916,-0.0009768940207436,-0.4682765151515151,0.0139805976924003,-0.020022237826176,0.7711487088156723,0.0217540899931951
