feature_0,feature_1,feature_2,feature_3,feature_4,feature_5,feature_6,feature_7,feature_8,feature_9,feature_10,feature_11,feature_12,feature_13,feature_14
0.0225130518442844,-0.0391189727017603,0.0469350532166857,0.028128272872077,0.1832020532790512,0.0296103364755772,-0.0064152292677011,-0.4587104495474605,0.0189758540254678,-0.022502868496314,0.0855385890969391,0.0307273801501011,0.0275862052338253,-0.0157851187066386,0.0360194085871128
0.028128272872077,0.1832020532790512,0.0296103364755772,-0.0064152292677011,-0.4587104495474605,0.0189758540254678,-0.022502868496314,0.0855385890969391,0.0307273801501011,0.0275862052338253,-0.0157851187066386,0.0360194085871128,-0.0133284604753788,0.2077216581517169,0.023637927276702
-0.0064152292677011,-0.4587104495474605,0.0189758540254678,-0.022502868496314,0.0855385890969391,0.0307273801501011,0.0275862052338253,-0.0157851187066386,0.0360194085871128,-0.0133284604753788,0.2077216581517169,0.023637927276702,-0.0176277057896653,0.2878179384203481,0.0330488876811279
-0.022502868496314,0.0855385890969391,0.0307273801501011,0.0275862052338253,-0.0157851187066386,0.0360194085871128,-0.0133284604753788,0.2077216581517169,0.023637927276702,-0.0176277057896653,0.2878179384203481,0.0330488876811279,0.0330602178194863,0.2390436590436591,0.0625553331847525
0.0275862052338253,-0.0157851187066386,0.0360194085871128,-0.0133284604753788,0.2077216581517169,0.023637927276702,-0.0176277057896653,0.2878179384203481,0.0330488876811279,0.0330602178194863,0.2390436590436591,0.0625553331847525,0.0094547586366553,-0.2717540857075741,0.0255356337096663
-0.0133284604753788,0.2077216581517169,0.023637927276702,-0.0176277057896653,0.2878179384203481,0.0330488876811279,0.0330602178194863,0.2390436590436591,0.0625553331847525,0.0094547586366553,-0.2717540857075741,0.0255356337096663,-0.0041625765496968,0.515414036219529,0.0311565873828785
-0.0176277057896653,0.2878179384203481,0.0330488876811279,0.0330602178194863,0.2390436590436591,0.0625553331847525,0.0094547586366553,-0.2717540857075741,0.0255356337096663,-0.0041625765496968,0.515414036219529,0.0311565873828785,-0.0206159006135512,0.2330474974153136,0.0350600504874465
0.0330602178194863,0.2390436590436591,0.0625553331847525,0.0094547586366553,-0.2717540857075741,0.0255356337096663,-0.0041625765496968,0.515414036219529,0.0311565873828785,-0.0206159006135512,0.2330474974153136,0.0350600504874465,-0.0231835667958292,0.2825154130702836,0.0292569287847994
