feature_0,feature_1,feature_2,feature_3,feature_4,feature_5,feature_6,feature_7,feature_8,feature_9,feature_10,feature_11,feature_12,feature_13,feature_14
-0.0103824259857406,0.555748543254146,0.020710903889198,0.0183597795452477,-0.1434886736053588,0.0188545763225517,-0.0058471247560887,-0.0264687641252588,0.0096732762414049,-0.0294076866268345,0.2684612311446557,0.0326536541595011,-0.0059154629574821,-0.1485494909598556,0.0124187081293153
0.0183597795452477,-0.1434886736053588,0.0188545763225517,-0.0058471247560887,-0.0264687641252588,0.0096732762414049,-0.0294076866268345,0.2684612311446557,0.0326536541595011,-0.0059154629574821,-0.1485494909598556,0.0124187081293153,-0.0541364832651277,1.5881629592601851,0.0629159944746228
-0.0058471247560887,-0.0264687641252588,0.0096732762414049,-0.0294076866268345,0.2684612311446557,0.0326536541595011,-0.0059154629574821,-0.1485494909598556,0.0124187081293153,-0.0541364832651277,1.5881629592601851,0.0629159944746228,0.0253951270478209,0.4523931845133477,0.0582068129383118
-0.0294076866268345,0.2684612311446557,0.0326536541595011,-0.0059154629574821,-0.1485494909598556,0.0124187081293153,-0.0541364832651277,1.5881629592601851,0.0629159944746228,0.0253951270478209,0.4523931845133477,0.0582068129383118,-0.0179572225687064,0.1409958058175995,0.0345413885650937
-0.0059154629574821,-0.1485494909598556,0.0124187081293153,-0.0541364832651277,1.5881629592601851,0.0629159944746228,0.0253951270478209,0.4523931845133477,0.0582068129383118,-0.0179572225687064,0.1409958058175995,0.0345413885650937,0.0256759902392396,-0.3089198179067669,0.0322949631349544
-0.0541364832651277,1.5881629592601851,0.0629159944746228,0.0253951270478209,0.4523931845133477,0.0582068129383118,-0.0179572225687064,0.1409958058175995,0.0345413885650937,0.0256759902392396,-0.3089198179067669,0.0322949631349544,-0.0472440288276133,0.1562494729847781,0.0336147875277192
0.0253951270478209,0.4523931845133477,0.0582068129383118,-0.0179572225687064,0.1409958058175995,0.0345413885650937,0.0256759902392396,-0.3089198179067669,0.0322949631349544,-0.0472440288276133,0.1562494729847781,0.0336147875277192,0.0194138114246287,-0.2836035541968343,0.0470560265286439
-0.0179572225687064,0.1409958058175995,0.0345413885650937,0.0256759902392396,-0.3089198179067669,0.0322949631349544,-0.0472440288276133,0.1562494729847781,0.0336147875277192,0.0194138114246287,-0.2836035541968343,0.0470560265286439,-0.0377821270472594,0.5634505364741331,0.0241530398804788
