feature_0,feature_1,feature_2,feature_3,feature_4,feature_5,feature_6,feature_7,feature_8,feature_9,feature_10,feature_11,feature_12,feature_13,feature_14
0.0030002277110905,0.1888073394495413,0.0103852943243531,0.0036100354691757,0.1586664608735917,0.013938048427213,-0.0035970499911234,0.4082856001065671,0.016454924872868,-0.0044351864335587,0.1820847521755579,0.0123430636532527,-0.0254871616867735,-0.4026566375930223,0.0343315410104026
0.0036100354691757,0.1586664608735917,0.013938048427213,-0.0035970499911234,0.4082856001065671,0.016454924872868,-0.0044351864335587,0.1820847521755579,0.0123430636532527,-0.0254871616867735,-0.4026566375930223,0.0343315410104026,-0.0140333978115058,-0.2101808439383791,0.0254639685215857
-0.0035970499911234,0.4082856001065671,0.016454924872868,-0.0044351864335587,0.1820847521755579,0.0123430636532527,-0.0254871616867735,-0.4026566375930223,0.0343315410104026,-0.0140333978115058,-0.2101808439383791,0.0254639685215857,-0.0025879971109705,0.5330732700135685,0.0163579479597752
-0.0044351864335587,0.1820847521755579,0.0123430636532527,-0.0254871616867735,-0.4026566375930223,0.0343315410104026,-0.0140333978115058,-0.2101808439383791,0.0254639685215857,-0.0025879971109705,0.5330732700135685,0.0163579479597752,-0.0029189450933112,-0.0007744219493306,0.0217153849522429
-0.0254871616867735,-0.4026566375930223,0.0343315410104026,-0.0140333978115058,-0.2101808439383791,0.0254639685215857,-0.0025879971109705,0.5330732700135685,0.0163579479597752,-0.0029189450933112,-0.0007744219493306,0.0217153849522429,0.0152389274783528,0.6536758193091232,0.0106888127230818
-0.0140333978115058,-0.2101808439383791,0.0254639685215857,-0.0025879971109705,0.5330732700135685,0.0163579479597752,-0.0029189450933112,-0.0007744219493306,0.0217153849522429,0.0152389274783528,0.6536758193091232,0.0106888127230818,-0.0102926693935597,-0.5582485270487413,0.0217415429580969
-0.0025879971109705,0.5330732700135685,0.0163579479597752,-0.0029189450933112,-0.0007744219493306,0.0217153849522429,0.0152389274783528,0.6536758193091232,0.0106888127230818,-0.0102926693935597,-0.5582485270487413,0.0217415429580969,0.0022748332930417,1.01955137920582,0.0182354022227049
-0.0029189450933112,-0.0007744219493306,0.0217153849522429,0.0152389274783528,0.6536758193091232,0.0106888127230818,-0.0102926693935597,-0.5582485270487413,0.0217415429580969,0.0022748332930417,1.01955137920582,0.0182354022227049,-0.0222653823498194,0.5183489681050657,0.0326863043856084
