feature_0,feature_1,feature_2,feature_3,feature_4,feature_5,feature_6,feature_7,feature_8,feature_9,feature_10,feature_11,feature_12,feature_13,feature_14
0.0071518806301313,-0.2948494574354271,0.0231766995721828,0.0131578163618766,-0.2611730027309376,0.0160016723785391,0.0076272904258876,-0.0630133771415161,0.00926499414797,-0.028232376898012,0.0470882905447713,0.0316589271039387,0.0103157382162906,0.0018538452338237,0.0227415872433442
0.0131578163618766,-0.2611730027309376,0.0160016723785391,0.0076272904258876,-0.0630133771415161,0.00926499414797,-0.028232376898012,0.0470882905447713,0.0316589271039387,0.0103157382162906,0.0018538452338237,0.0227415872433442,-0.0289643921102792,0.0219065242046201,0.0302704978957744
0.0076272904258876,-0.0630133771415161,0.00926499414797,-0.028232376898012,0.0470882905447713,0.0316589271039387,0.0103157382162906,0.0018538452338237,0.0227415872433442,-0.0289643921102792,0.0219065242046201,0.0302704978957744,-0.0416307627599639,0.98446261682243,0.0514606947309515
-0.028232376898012,0.0470882905447713,0.0316589271039387,0.0103157382162906,0.0018538452338237,0.0227415872433442,-0.0289643921102792,0.0219065242046201,0.0302704978957744,-0.0416307627599639,0.98446261682243,0.0514606947309515,0.0058215915688264,-0.1219461941484665,0.0285649128111214
0.0103157382162906,0.0018538452338237,0.0227415872433442,-0.0289643921102792,0.0219065242046201,0.0302704978957744,-0.0416307627599639,0.98446261682243,0.0514606947309515,0.0058215915688264,-0.1219461941484665,0.0285649128111214,0.027159371250121,-0.0324494653213101,0.0254368845203951
-0.0289643921102792,0.0219065242046201,0.0302704978957744,-0.0416307627599639,0.98446261682243,0.0514606947309515,0.0058215915688264,-0.1219461941484665,0.0285649128111214,0.027159371250121,-0.0324494653213101,0.0254368845203951,0.00021687689213,-0.0304888611717423,0.0297447319707284
-0.0416307627599639,0.98446261682243,0.0514606947309515,0.0058215915688264,-0.1219461941484665,0.0285649128111214,0.027159371250121,-0.0324494653213101,0.0254368845203951,0.00021687689213,-0.0304888611717423,0.0297447319707284,-0.0026002567208301,-0.1801093521066361,0.022611404211101
0.0058215915688264,-0.1219461941484665,0.0285649128111214,0.027159371250121,-0.0324494653213101,0.0254368845203951,0.00021687689213,-0.0304888611717423,0.0297447319707284,-0.0026002567208301,-0.1801093521066361,0.022611404211101,-0.0388876911153448,0.8894216100771477,0.0459380551500444
