{
  "aida": 0.021,
  "iforest": 0.06936407089233398,
  "lof": 0.03907012939453125
}