{
  "aida": 0.028,
  "iforest": 0.08527493476867676,
  "lof": 0.04492998123168945
}