{
  "aida": 0.021,
  "iforest": 0.06009078025817871,
  "lof": 0.033547163009643555
}