{
  "aida": 0.026,
  "iforest": 0.08227109909057617,
  "lof": 0.014588356018066406
}