{
  "aida": 0.03,
  "iforest": 0.08671331405639648,
  "lof": 0.03613591194152832
}