{
  "aida": 0.02,
  "iforest": 0.056613922119140625,
  "lof": 0.03908872604370117
}