{
  "anomalies": [
    {
      "anomaly_index": 0,
      "feature_importances": {
        "Close_0": 0.02092067731623447,
        "Close_1": 0.025969372798466315,
        "Close_2": 0.008459473167463134,
        "High_0": 0.023484577049607505,
        "High_1": 0.029910612497498924,
        "High_2": 0.01556952542262467,
        "Low_0": 0.029850121215223333,
        "Low_1": 0.026448649881111366,
        "Low_2": 0.017561084562159445,
        "Open_0": 0.013391839260703467,
        "Open_1": 0.020362296249075183,
        "Open_2": 0.012321608881981508,
        "Volume_0": 0.01994351044870572,
        "Volume_1": 0.011600366670234102,
        "Volume_2": 0.016523426412355113,
        "daily_return_0": 0.027560758839870275,
        "daily_return_1": 0.012423978744294042,
        "daily_return_2": 0.01782631556906011,
        "daily_return_zscore_0": 0.02837506456281089,
        "daily_return_zscore_1": 0.03160436840121541,
        "daily_return_zscore_2": 0.01759365679107707,
        "excess_return_0": 0.03186494623255641,
        "excess_return_1": 0.01476452605080337,
        "excess_return_2": 0.02391266920109629,
        "high_low_range_0": 0.028249428822700054,
        "high_low_range_1": 0.018305592651705158,
        "high_low_range_2": 0.021800127497010335,
        "log_return_0": 0.008533923976417708,
        "log_return_1": 0.020334377195717217,
        "log_return_2": 0.02366139772087461,
        "log_return_zscore_0": 0.025769286249400905,
        "log_return_zscore_1": 0.023037872195880077,
        "log_return_zscore_2": 0.011237418976580567,
        "log_volume_0": 0.03479179365958299,
        "log_volume_1": 0.01166085795250969,
        "log_volume_2": 0.012019152470603565,
        "relative_volume_0": 0.015392704751357565,
        "relative_volume_1": 0.029328965552541334,
        "relative_volume_2": 0.02042744070691043,
        "relative_volume_zscore_0": 0.013908341747825802,
        "relative_volume_zscore_1": 0.030101392695445005,
        "relative_volume_zscore_2": 0.023814952514343412,
        "volume_change_0": 0.020004001730981307,
        "volume_change_1": 0.02756075883987027,
        "volume_change_2": 0.022386427617527585,
        "volume_change_zscore_0": 0.009320310646000363,
        "volume_change_zscore_1": 0.027467695328677058,
        "volume_change_zscore_2": 0.022642352273308918
      }
    },
    {
      "anomaly_index": 91,
      "feature_importances": {
        "Close_0": 0.021780869193266935,
        "Close_1": 0.019802557708852826,
        "Close_2": 0.005934934453242341,
        "High_0": 0.018509607205525667,
        "High_1": 0.030394058260544112,
        "High_2": 0.016370892087240133,
        "Low_0": 0.024813956088290047,
        "Low_1": 0.027501932134680725,
        "Low_2": 0.025042409748652364,
        "Open_0": 0.016200767021012877,
        "Open_1": 0.01562720251201812,
        "Open_2": 0.012078879702135312,
        "Volume_0": 0.017158328108063444,
        "Volume_1": 0.01565150609290773,
        "Volume_2": 0.01797492842595428,
        "daily_return_0": 0.01559317749877267,
        "daily_return_1": 0.010207503973635476,
        "daily_return_2": 0.01718749240513097,
        "daily_return_zscore_0": 0.03369448454535291,
        "daily_return_zscore_1": 0.031891158843343974,
        "daily_return_zscore_2": 0.017221517418376422,
        "excess_return_0": 0.03314036290106984,
        "excess_return_1": 0.021416315479922808,
        "excess_return_2": 0.024196645133694,
        "high_low_range_0": 0.03406389897487496,
        "high_low_range_1": 0.021746844180021485,
        "high_low_range_2": 0.022835644603875934,
        "log_return_0": 0.012122626147736609,
        "log_return_1": 0.010416514769286107,
        "log_return_2": 0.02015252927366318,
        "log_return_zscore_0": 0.020551108000252758,
        "log_return_zscore_1": 0.018548492934949038,
        "log_return_zscore_2": 0.02017683285455279,
        "log_volume_0": 0.02837686104670662,
        "log_volume_1": 0.011947640365331427,
        "log_volume_2": 0.019428282563152856,
        "relative_volume_0": 0.015481381026680473,
        "relative_volume_1": 0.02487714539860303,
        "relative_volume_2": 0.025246559828125077,
        "relative_volume_zscore_0": 0.009395764371922558,
        "relative_volume_zscore_1": 0.029854518764794807,
        "relative_volume_zscore_2": 0.026957531922753502,
        "volume_change_0": 0.024580641711749816,
        "volume_change_1": 0.029543432929407816,
        "volume_change_2": 0.021401733331389044,
        "volume_change_zscore_0": 0.015836213307668753,
        "volume_change_zscore_1": 0.02845463250555337,
        "volume_change_zscore_2": 0.018611682245262016
      }
    },
    {
      "anomaly_index": 105,
      "feature_importances": {
        "Close_0": 0.022010214524413492,
        "Close_1": 0.023431323571494397,
        "Close_2": 0.0044282339931224135,
        "High_0": 0.022994805434165794,
        "High_1": 0.03213258510891128,
        "High_2": 0.01820280632660287,
        "Low_0": 0.02914001076744739,
        "Low_1": 0.026448148920587652,
        "Low_2": 0.02007013391406413,
        "Open_0": 0.014667009414241162,
        "Open_1": 0.015074426342414527,
        "Open_2": 0.01718426400616946,
        "Volume_0": 0.019017640182949595,
        "Volume_1": 0.010495836101990038,
        "Volume_2": 0.016194822894891284,
        "daily_return_0": 0.02753944426390917,
        "daily_return_1": 0.013522361854135039,
        "daily_return_2": 0.014162588455550327,
        "daily_return_zscore_0": 0.032564253044714005,
        "daily_return_zscore_1": 0.028902350892679594,
        "daily_return_zscore_2": 0.015350887829389311,
        "excess_return_0": 0.028858699078946733,
        "excess_return_1": 0.022291526212914144,
        "excess_return_2": 0.022373979638853996,
        "high_low_range_0": 0.0328407145316888,
        "high_low_range_1": 0.018508369022732892,
        "high_low_range_2": 0.02390664332102999,
        "log_return_0": 0.009239633906788827,
        "log_return_1": 0.00988471070972999,
        "log_return_2": 0.023140311479941993,
        "log_return_zscore_0": 0.025807922319172363,
        "log_return_zscore_1": 0.016907802519194673,
        "log_return_zscore_2": 0.017936045242679836,
        "log_volume_0": 0.03270975909049021,
        "log_volume_1": 0.011887843939915703,
        "log_volume_2": 0.011785989707872362,
        "relative_volume_0": 0.015525495084320756,
        "relative_volume_1": 0.025841873729853474,
        "relative_volume_2": 0.023562279012692977,
        "relative_volume_zscore_0": 0.01382792455026506,
        "relative_volume_zscore_1": 0.03008094986346683,
        "relative_volume_zscore_2": 0.027471541442546942,
        "volume_change_0": 0.02051150225291861,
        "volume_change_1": 0.02740363862118471,
        "volume_change_2": 0.021869558680163156,
        "volume_change_zscore_0": 0.012988839686288963,
        "volume_change_zscore_1": 0.027602496883745522,
        "volume_change_zscore_2": 0.02169980162675759
      }
    },
    {
      "anomaly_index": 116,
      "feature_importances": {
        "Close_0": 0.019480549939724277,
        "Close_1": 0.024433947660973693,
        "Close_2": 0.0072049421399991535,
        "High_0": 0.022524825622575483,
        "High_1": 0.031333993160933826,
        "High_2": 0.016126686899294983,
        "Low_0": 0.02746415119120772,
        "Low_1": 0.024888947262262706,
        "Low_2": 0.020437456317692913,
        "Open_0": 0.010934062583553407,
        "Open_1": 0.02062039430171633,
        "Open_2": 0.01675055233199022,
        "Volume_0": 0.02059694071402102,
        "Volume_1": 0.015507512184138806,
        "Volume_2": 0.01786694310628697,
        "daily_return_0": 0.02581301861745791,
        "daily_return_1": 0.015413697833357566,
        "daily_return_2": 0.016722408026755852,
        "daily_return_zscore_0": 0.028181830974684196,
        "daily_return_zscore_1": 0.032061054379488425,