{
  "aida": 0.006,
  "iforest": 0.0884549617767334,
  "lof": 0.05735516548156738
}