feature_0,feature_1,feature_2,feature_3,feature_4,feature_5,feature_6,feature_7,feature_8,feature_9,feature_10,feature_11,feature_12,feature_13,feature_14
-0.0248656731057073,0.0240086588605725,0.0296320790005484,-0.0125337297299656,0.6917459402325359,0.0292003419517899,0.1447642291202606,21.682097012382144,0.0703281196847156,-0.0748422802050815,-0.8257829774553577,0.0678392335078035,-0.0007232497968546,-0.6820128787443225,0.0312302972487567
-0.0125337297299656,0.6917459402325359,0.0292003419517899,0.1447642291202606,21.682097012382144,0.0703281196847156,-0.0748422802050815,-0.8257829774553577,0.0678392335078035,-0.0007232497968546,-0.6820128787443225,0.0312302972487567,-0.0476633477642398,0.7523843963296117,0.0540393732166695
0.1447642291202606,21.682097012382144,0.0703281196847156,-0.0748422802050815,-0.8257829774553577,0.0678392335078035,-0.0007232497968546,-0.6820128787443225,0.0312302972487567,-0.0476633477642398,0.7523843963296117,0.0540393732166695,0.031809785743581,-0.3566085431283533,0.042184982743291
-0.0748422802050815,-0.8257829774553577,0.0678392335078035,-0.0007232497968546,-0.6820128787443225,0.0312302972487567,-0.0476633477642398,0.7523843963296117,0.0540393732166695,0.031809785743581,-0.3566085431283533,0.042184982743291,0.0227272186207736,-0.3492763500781782,0.0256329137863959
-0.0007232497968546,-0.6820128787443225,0.0312302972487567,-0.0476633477642398,0.7523843963296117,0.0540393732166695,0.031809785743581,-0.3566085431283533,0.042184982743291,0.0227272186207736,-0.3492763500781782,0.0256329137863959,-0.016049308407666,-0.3237631692440391,0.0276266163362936
-0.0476633477642398,0.7523843963296117,0.0540393732166695,0.031809785743581,-0.3566085431283533,0.042184982743291,0.0227272186207736,-0.3492763500781782,0.0256329137863959,-0.016049308407666,-0.3237631692440391,0.0276266163362936,-0.0219572919489196,0.4148141399416909,0.0509094343031227
0.031809785743581,-0.3566085431283533,0.042184982743291,0.0227272186207736,-0.3492763500781782,0.0256329137863959,-0.016049308407666,-0.3237631692440391,0.0276266163362936,-0.0219572919489196,0.4148141399416909,0.0509094343031227,0.0041692547053351,-0.1172000772747762,0.0312397653196654
