feature_0,feature_1,feature_2,feature_3,feature_4,feature_5,feature_6,feature_7,feature_8,feature_9,feature_10,feature_11,feature_12,feature_13,feature_14
-0.0019953642931261,-0.2800607487949288,0.0120550564611325,0.0025706659678781,0.1868293130331102,0.0255014140612139,0.0108263245627042,0.1279495105615662,0.0139165490260659,0.0053551558164315,-0.1481033183364926,0.0179743532618709,0.0058871374248943,-0.0865369149107286,0.014988653001938
0.0025706659678781,0.1868293130331102,0.0255014140612139,0.0108263245627042,0.1279495105615662,0.0139165490260659,0.0053551558164315,-0.1481033183364926,0.0179743532618709,0.0058871374248943,-0.0865369149107286,0.014988653001938,-0.0100333355807457,1.8342724658097085,0.01986945137766
0.0108263245627042,0.1279495105615662,0.0139165490260659,0.0053551558164315,-0.1481033183364926,0.0179743532618709,0.0058871374248943,-0.0865369149107286,0.014988653001938,-0.0100333355807457,1.8342724658097085,0.01986945137766,0.0177364681750782,-0.3846958322547242,0.0198102422279534
0.0053551558164315,-0.1481033183364926,0.0179743532618709,0.0058871374248943,-0.0865369149107286,0.014988653001938,-0.0100333355807457,1.8342724658097085,0.01986945137766,0.0177364681750782,-0.3846958322547242,0.0198102422279534,0.0074688555519561,-0.1674604109519882,0.0130663717001861
0.0058871374248943,-0.0865369149107286,0.014988653001938,-0.0100333355807457,1.8342724658097085,0.01986945137766,0.0177364681750782,-0.3846958322547242,0.0198102422279534,0.0074688555519561,-0.1674604109519882,0.0130663717001861,-0.0027456246347756,-0.1179252910737387,0.0192731489212871
-0.0100333355807457,1.8342724658097085,0.01986945137766,0.0177364681750782,-0.3846958322547242,0.0198102422279534,0.0074688555519561,-0.1674604109519882,0.0130663717001861,-0.0027456246347756,-0.1179252910737387,0.0192731489212871,0.0068831900795036,0.5260323571199412,0.0160487504385739
0.0177364681750782,-0.3846958322547242,0.0198102422279534,0.0074688555519561,-0.1674604109519882,0.0130663717001861,-0.0027456246347756,-0.1179252910737387,0.0192731489212871,0.0068831900795036,0.5260323571199412,0.0160487504385739,0.0175006308879297,-0.4612496808973916,0.0202794691622668
