feature_0,feature_1,feature_2,feature_3,feature_4,feature_5,feature_6,feature_7,feature_8,feature_9,feature_10,feature_11,feature_12,feature_13,feature_14
-0.0025879971109705,0.5330732700135685,0.0163579479597752,-0.0029189450933112,-0.0007744219493306,0.0217153849522429,0.0152389274783528,0.6536758193091232,0.0106888127230818,-0.0102926693935597,-0.5582485270487413,0.0217415429580969,0.0022748332930417,1.01955137920582,0.0182354022227049
-0.0029189450933112,-0.0007744219493306,0.0217153849522429,0.0152389274783528,0.6536758193091232,0.0106888127230818,-0.0102926693935597,-0.5582485270487413,0.0217415429580969,0.0022748332930417,1.01955137920582,0.0182354022227049,-0.0222653823498194,0.5183489681050657,0.0326863043856084
0.0152389274783528,0.6536758193091232,0.0106888127230818,-0.0102926693935597,-0.5582485270487413,0.0217415429580969,0.0022748332930417,1.01955137920582,0.0182354022227049,-0.0222653823498194,0.5183489681050657,0.0326863043856084,0.0123811134326305,-0.6976571767497035,0.0193513160559209
-0.0102926693935597,-0.5582485270487413,0.0217415429580969,0.0022748332930417,1.01955137920582,0.0182354022227049,-0.0222653823498194,0.5183489681050657,0.0326863043856084,0.0123811134326305,-0.6976571767497035,0.0193513160559209,0.0115746238994836,0.3774726172960601,0.0116545008526042
0.0022748332930417,1.01955137920582,0.0182354022227049,-0.0222653823498194,0.5183489681050657,0.0326863043856084,0.0123811134326305,-0.6976571767497035,0.0193513160559209,0.0115746238994836,0.3774726172960601,0.0116545008526042,-0.0143565762198845,-0.3006171374317589,0.0204931807844605
-0.0222653823498194,0.5183489681050657,0.0326863043856084,0.0123811134326305,-0.6976571767497035,0.0193513160559209,0.0115746238994836,0.3774726172960601,0.0116545008526042,-0.0143565762198845,-0.3006171374317589,0.0204931807844605,-0.0112803007691729,0.0909553707788901,0.0187040782774861
0.0123811134326305,-0.6976571767497035,0.0193513160559209,0.0115746238994836,0.3774726172960601,0.0116545008526042,-0.0143565762198845,-0.3006171374317589,0.0204931807844605,-0.0112803007691729,0.0909553707788901,0.0187040782774861,0.0121843546895101,0.4835899828900296,0.0196275473644428
