feature_0,feature_1,feature_2,feature_3,feature_4,feature_5,feature_6,feature_7,feature_8,feature_9,feature_10,feature_11,feature_12,feature_13,feature_14
-0.0057757258807358,0.1726908654949877,0.0387796735490922,0.0300616529794417,0.1475431231374937,0.0458958454381393,0.0079509960770478,-0.201171430737736,0.0181682313761032,0.0073379844103815,0.1255724556865909,0.0211401705749229,0.0001820004557531,-0.2625276694423948,0.0204897966004973
0.0300616529794417,0.1475431231374937,0.0458958454381393,0.0079509960770478,-0.201171430737736,0.0181682313761032,0.0073379844103815,0.1255724556865909,0.0211401705749229,0.0001820004557531,-0.2625276694423948,0.0204897966004973,-0.0010621967367692,1.4812189125836146,0.0208777993785054
0.0079509960770478,-0.201171430737736,0.0181682313761032,0.0073379844103815,0.1255724556865909,0.0211401705749229,0.0001820004557531,-0.2625276694423948,0.0204897966004973,-0.0010621967367692,1.4812189125836146,0.0208777993785054,0.0134273983246662,-0.5920528122767805,0.0149843242741859
0.0073379844103815,0.1255724556865909,0.0211401705749229,0.0001820004557531,-0.2625276694423948,0.0204897966004973,-0.0010621967367692,1.4812189125836146,0.0208777993785054,0.0134273983246662,-0.5920528122767805,0.0149843242741859,-0.0075539355604109,-0.0848654296930159,0.0193855648910169
0.0001820004557531,-0.2625276694423948,0.0204897966004973,-0.0010621967367692,1.4812189125836146,0.0208777993785054,0.0134273983246662,-0.5920528122767805,0.0149843242741859,-0.0075539355604109,-0.0848654296930159,0.0193855648910169,-0.0003321073116371,-0.2370694975928897,0.0149705498212739
-0.0010621967367692,1.4812189125836146,0.0208777993785054,0.0134273983246662,-0.5920528122767805,0.0149843242741859,-0.0075539355604109,-0.0848654296930159,0.0193855648910169,-0.0003321073116371,-0.2370694975928897,0.0149705498212739,0.0050455905547623,0.0935199417522854,0.0155355834637439
0.0134273983246662,-0.5920528122767805,0.0149843242741859,-0.0075539355604109,-0.0848654296930159,0.0193855648910169,-0.0003321073116371,-0.2370694975928897,0.0149705498212739,0.0050455905547623,0.0935199417522854,0.0155355834637439,0.0104918376540386,0.032736553969076,0.0248197947951083
