feature_0,feature_1,feature_2,feature_3,feature_4,feature_5,feature_6,feature_7,feature_8
-0.0056023335225715,-0.2029542923997761,0.0152000675695605,-0.0065947263780657,0.0199970926212855,0.0192154269289048,0.0240481218695953,0.3053382044695338,0.0218850296626558
-0.0065947263780657,0.0199970926212855,0.0192154269289048,0.0240481218695953,0.3053382044695338,0.0218850296626558,-0.0076417757921559,-0.04271398936411,0.0214175531854336
0.0240481218695953,0.3053382044695338,0.0218850296626558,-0.0076417757921559,-0.04271398936411,0.0214175531854336,-0.0459874103599754,0.2039968732700754,0.0512925049058488
-0.0076417757921559,-0.04271398936411,0.0214175531854336,-0.0459874103599754,0.2039968732700754,0.0512925049058488,0.0125611688735931,-0.077693882360552,0.0142203400097952
-0.0459874103599754,0.2039968732700754,0.0512925049058488,0.0125611688735931,-0.077693882360552,0.0142203400097952,0.0072999459529015,1.2114748225768874,0.0341974632306289
0.0125611688735931,-0.077693882360552,0.0142203400097952,0.0072999459529015,1.2114748225768874,0.0341974632306289,0.0006224408269079,-0.682031554431848,0.0133095626063564
0.0072999459529015,1.2114748225768874,0.0341974632306289,0.0006224408269079,-0.682031554431848,0.0133095626063564,0.0177286303050157,-0.4653544709654436,0.013310902763195
