feature_0,feature_1,feature_2,feature_3,feature_4,feature_5,feature_6,feature_7,feature_8
-0.0037121670457181,-0.0330712788259958,0.0471275478764469,0.0011766997599054,-0.4193723237031818,0.0137040959409777,-0.0017021103503317,-0.0184839432412248,0.0218184806115011
0.0011766997599054,-0.4193723237031818,0.0137040959409777,-0.0017021103503317,-0.0184839432412248,0.0218184806115011,-0.0154753792345558,0.1460909263838692,0.0206878138772163
-0.0017021103503317,-0.0184839432412248,0.0218184806115011,-0.0154753792345558,0.1460909263838692,0.0206878138772163,-0.0272412165973102,0.0846473029045642,0.0329451887574914
-0.0154753792345558,0.1460909263838692,0.0206878138772163,-0.0272412165973102,0.0846473029045642,0.0329451887574914,-0.0195139413139823,0.9631216526396328,0.0386183883859753
-0.0272412165973102,0.0846473029045642,0.0329451887574914,-0.0195139413139823,0.9631216526396328,0.0386183883859753,0.0112430930369262,0.1906228077013017,0.0284626829409879
-0.0195139413139823,0.9631216526396328,0.0386183883859753,0.0112430930369262,0.1906228077013017,0.0284626829409879,0.002693174669742,-0.651085141903172,0.0151947630670729
0.0112430930369262,0.1906228077013017,0.0284626829409879,0.002693174669742,-0.651085141903172,0.0151947630670729,0.0026171112210606,-0.3355849516840229,0.0142559319071778
