feature_0,feature_1,feature_2,feature_3,feature_4,feature_5,feature_6,feature_7,feature_8
0.0012694898877707,0.0851345298486474,0.0156977545378513,-0.0050938996659094,-0.0315337800218864,0.0131289696122086,0.009658631059368,0.1695427648207434,0.0154958541039351
-0.0050938996659094,-0.0315337800218864,0.0131289696122086,0.009658631059368,0.1695427648207434,0.0154958541039351,0.0063553246462693,-0.0366671186670508,0.0127232714093804
0.009658631059368,0.1695427648207434,0.0154958541039351,0.0063553246462693,-0.0366671186670508,0.0127232714093804,-0.0375610325566404,0.0752633778344733,0.0357649656211115
0.0063553246462693,-0.0366671186670508,0.0127232714093804,-0.0375610325566404,0.0752633778344733,0.0357649656211115,-0.0008230728870088,-0.0605780441408088,0.0157223717372762
-0.0375610325566404,0.0752633778344733,0.0357649656211115,-0.0008230728870088,-0.0605780441408088,0.0157223717372762,-0.0009839110738063,1.7984906613481275,0.0352518143373877
-0.0008230728870088,-0.0605780441408088,0.0157223717372762,-0.0009839110738063,1.7984906613481275,0.0352518143373877,-0.0030920556833367,-0.7019701635604548,0.0111360290962972
-0.0009839110738063,1.7984906613481275,0.0352518143373877,-0.0030920556833367,-0.7019701635604548,0.0111360290962972,0.0093738592239898,-0.625923508680329,0.0124599913210564
