index,subsequence_idx,score
1,1,2.94689
23,23,4.69884
47,47,2.47683
92,92,2.72555
169,169,2.43542
175,175,3.09339
