index,subsequence_idx,score
1,1,2.91949
23,23,4.07332
47,47,2.85285
81,81,2.53217
141,141,3.02781
156,156,2.39116
