index,subsequence_idx,score
1,1,2.94049
23,23,3.99402
47,47,2.84089
81,81,2.52361
82,82,2.38245
141,141,3.1058
156,156,2.41827
