index,subsequence_idx,score
1,1,2.88609
23,23,4.15049
47,47,2.83579
81,81,2.42532
141,141,3.0239
