index,subsequence_idx,score
1,1,2.97882
23,23,4.00605
47,47,2.84308
81,81,2.52356
141,141,3.04596
156,156,2.41252
