index,subsequence_idx,score
1,1,2.87279
23,23,4.01178
47,47,2.81599
81,81,2.41912
141,141,3.00173
156,156,2.45606
