{
  "aida": 0.18,
  "iforest": 0.09183526039123535,
  "lof": 0.03981304168701172
}