{
  "aida": 0.125,
  "iforest": 0.07060909271240234,
  "lof": 0.028096914291381836
}