{
  "aida": 0.12,
  "iforest": 0.06684613227844238,
  "lof": 0.021030902862548828
}