{
  "aida": 0.215,
  "iforest": 0.11467695236206055,
  "lof": 0.04038500785827637
}