{
  "aida": 0.131,
  "iforest": 0.05892825126647949,
  "lof": 0.02213907241821289
}