{
  "aida": 0.156,
  "iforest": 0.10045814514160156,
  "lof": 0.014957189559936523
}