{
  "aida": 0.39147400856018066,
  "iforest": 0.10025501251220703,
  "lof": 0.015789031982421875
}