{
  "aida": 0.15,
  "iforest": 0.09410405158996582,
  "lof": 0.014852046966552734
}