{
  "aida": 0.151,
  "iforest": 0.09534525871276855,
  "lof": 0.012427091598510742
}