index,subsequence_idx,score
98,98,2.47027
105,105,3.34234
120,120,3.09283
144,144,3.74508
156,156,3.6108
168,168,3.4142
