index,subsequence_idx,score
81,81,2.46189
98,98,2.40352
105,105,3.64553
120,120,3.22876
144,144,3.66409
156,156,3.66074
168,168,3.28161
