index,subsequence_idx,score
98,98,2.39458
105,105,3.61165
120,120,3.12161
144,144,3.65784
156,156,3.4939
168,168,3.32096
