index,subsequence_idx,score
98,98,2.38987
105,105,3.41321
120,120,3.04073
144,144,3.69573
156,156,3.57552
168,168,3.32778
