index,subsequence_idx,score
55,55,2.35044
80,80,2.51724
105,105,2.63226
120,120,2.42951
143,143,3.05243
156,156,2.77979
