index,subsequence_idx,score
98,98,2.46045
105,105,3.35101
120,120,3.11111
144,144,3.73154
156,156,3.76776
168,168,3.35915
