feature_0,feature_1,feature_2,feature_3,feature_4,feature_5,feature_6,feature_7,feature_8
-0.000707826068132,-0.0823722040044925,0.0132263822445812,0.0027446926723415,-0.2553296074007442,0.007629191590089,-0.0004856885921916,0.147414106076108,0.0130192963165939
0.0027446926723415,-0.2553296074007442,0.007629191590089,-0.0004856885921916,0.147414106076108,0.0130192963165939,-0.0082596374707982,0.2568580920740388,0.0198302928201909
-0.0004856885921916,0.147414106076108,0.0130192963165939,-0.0082596374707982,0.2568580920740388,0.0198302928201909,0.0102881092872295,-0.1148407265770002,0.0173405222569295
-0.0082596374707982,0.2568580920740388,0.0198302928201909,0.0102881092872295,-0.1148407265770002,0.0173405222569295,0.0014988331510099,-0.2087813782244365,0.0151413613778641
0.0102881092872295,-0.1148407265770002,0.0173405222569295,0.0014988331510099,-0.2087813782244365,0.0151413613778641,0.003741508687667,0.1742489102090698,0.0176086385549141
0.0014988331510099,-0.2087813782244365,0.0151413613778641,0.003741508687667,0.1742489102090698,0.0176086385549141,-0.0067534439358462,0.0589292770755762,0.0185218365394729
0.003741508687667,0.1742489102090698,0.0176086385549141,-0.0067534439358462,0.0589292770755762,0.0185218365394729,0.0145701890774287,0.3640814460136339,0.0176511412091297
-0.0067534439358462,0.0589292770755762,0.0185218365394729,0.0145701890774287,0.3640814460136339,0.0176511412091297,-0.0034379386849026,0.0208934175620301,0.0128362854922976
