feature_0,feature_1,feature_2,feature_3,feature_4,feature_5,feature_6,feature_7,feature_8
-0.0014146519161445,-0.3677456984543599,0.038072532687474,-0.0282488185261958,0.065190651906519,0.0404331364020899,0.008146504266514,-0.3350173210161663,0.0183831478659079
-0.0282488185261958,0.065190651906519,0.0404331364020899,0.008146504266514,-0.3350173210161663,0.0183831478659079,-0.0273891137144147,0.5014108964619057,0.0285325841617572
0.008146504266514,-0.3350173210161663,0.0183831478659079,-0.0273891137144147,0.5014108964619057,0.0285325841617572,0.0230880175037371,-0.2050021685701893,0.0420271447735851
-0.0273891137144147,0.5014108964619057,0.0285325841617572,0.0230880175037371,-0.2050021685701893,0.0420271447735851,-0.0099158324234492,0.1482087652300419,0.0232670346216025
0.0230880175037371,-0.2050021685701893,0.0420271447735851,-0.0099158324234492,0.1482087652300419,0.0232670346216025,0.0199870710330407,-0.0454545454545454,0.039996528139107
-0.0099158324234492,0.1482087652300419,0.0232670346216025,0.0199870710330407,-0.0454545454545454,0.039996528139107,-0.0226426533399169,-0.065040650406504,0.0269136153089224
0.0199870710330407,-0.0454545454545454,0.039996528139107,-0.0226426533399169,-0.065040650406504,0.0269136153089224,0.0182739416903194,-0.3668145519077196,0.024096412437988
-0.0226426533399169,-0.065040650406504,0.0269136153089224,0.0182739416903194,-0.3668145519077196,0.024096412437988,0.0088029231467041,0.3831278026905829,0.0269151914898602
