feature_0,feature_1,feature_2,feature_3,feature_4,feature_5,feature_6,feature_7,feature_8
-0.0126647464923028,0.492468134414832,0.0158078504792041,0.0046120104371123,-0.4138198757763975,0.0115219513456553,0.0048355288912873,0.047682119205298,0.006099387683854
0.0046120104371123,-0.4138198757763975,0.0115219513456553,0.0048355288912873,0.047682119205298,0.006099387683854,-0.009783861949409,0.1011378002528444,0.0093035308020403
0.0048355288912873,0.047682119205298,0.006099387683854,-0.009783861949409,0.1011378002528444,0.0093035308020403,-0.0142609715994769,0.3880597014925373,0.0271531617973482
-0.009783861949409,0.1011378002528444,0.0093035308020403,-0.0142609715994769,0.3880597014925373,0.0271531617973482,0.0100555006020583,-0.3052109181141439,0.0131951097467662
-0.0142609715994769,0.3880597014925373,0.0271531617973482,0.0100555006020583,-0.3052109181141439,0.0131951097467662,0.0078394726915291,-0.288095238095238,0.0124167260891768
0.0100555006020583,-0.3052109181141439,0.0131951097467662,0.0078394726915291,-0.288095238095238,0.0124167260891768,0.0046670500054555,0.0133779264214046,0.0100046731576924
0.0078394726915291,-0.288095238095238,0.0124167260891768,0.0046670500054555,0.0133779264214046,0.0100046731576924,0.0025119746674788,0.5379537953795379,0.0173351846371194
0.0046670500054555,0.0133779264214046,0.0100046731576924,0.0025119746674788,0.5379537953795379,0.0173351846371194,-0.0072549013931586,0.3916309012875536,0.0267577735172367
