feature_0,feature_1,feature_2,feature_3,feature_4,feature_5,feature_6,feature_7,feature_8
0.0043827559329809,-0.0853926769310389,0.0088569184464878,-0.0111168968493552,-0.2411939453953883,0.0151387170987382,0.012082410489782,0.268083519761372,0.0108900619426947
-0.0111168968493552,-0.2411939453953883,0.0151387170987382,0.012082410489782,0.268083519761372,0.0108900619426947,0.0014532820113239,-0.1367244927962364,0.012023016283672
0.012082410489782,0.268083519761372,0.0108900619426947,0.0014532820113239,-0.1367244927962364,0.012023016283672,0.0224939868364544,0.3935626702997274,0.0244154033886316
0.0014532820113239,-0.1367244927962364,0.012023016283672,0.0224939868364544,0.3935626702997274,0.0244154033886316,0.0201744016863527,0.4979836245875595,0.0157384737224248
0.0224939868364544,0.3935626702997274,0.0244154033886316,0.0201744016863527,0.4979836245875595,0.0157384737224248,-0.0030805630724421,-0.2595039973894599,0.0177854133055203
0.0201744016863527,0.4979836245875595,0.0157384737224248,-0.0030805630724421,-0.2595039973894599,0.0177854133055203,0.0049840710429549,-0.162057948661452,0.0185577035761355
-0.0030805630724421,-0.2595039973894599,0.0177854133055203,0.0049840710429549,-0.162057948661452,0.0185577035761355,0.0023804772533539,0.2166710491717065,0.0283838137231692
0.0049840710429549,-0.162057948661452,0.0185577035761355,0.0023804772533539,0.2166710491717065,0.0283838137231692,0.0031663808480426,0.3170520855846119,0.0097551599230015
