feature_0,feature_1,feature_2,feature_3,feature_4,feature_5,feature_6,feature_7,feature_8
0.0095835395254495,0.0120478325859492,0.0105893727242161,-0.0009136164898425,-0.1414350279148081,0.0092297931630452,-0.0039253709196793,0.0419748838809563,0.0167628030434243
-0.0009136164898425,-0.1414350279148081,0.0092297931630452,-0.0039253709196793,0.0419748838809563,0.0167628030434243,0.0054410941392106,0.1566121842496286,0.011132378893462
-0.0039253709196793,0.0419748838809563,0.0167628030434243,0.0054410941392106,0.1566121842496286,0.011132378893462,0.0096875623351251,-0.1990978645654905,0.0109400496620362
0.0054410941392106,0.1566121842496286,0.011132378893462,0.0096875623351251,-0.1990978645654905,0.0109400496620362,0.0024482450474396,0.27461324588294,0.0130806739393923
0.0096875623351251,-0.1990978645654905,0.0109400496620362,0.0024482450474396,0.27461324588294,0.0130806739393923,0.0135096806978547,0.0528273393366518,0.0164533260012023
0.0024482450474396,0.27461324588294,0.0130806739393923,0.0135096806978547,0.0528273393366518,0.0164533260012023,0.0085969029657231,0.2851223205036257,0.0126307724719761
0.0135096806978547,0.0528273393366518,0.0164533260012023,0.0085969029657231,0.2851223205036257,0.0126307724719761,0.0081362035538701,-0.0782745292573531,0.0147948295972259
0.0085969029657231,0.2851223205036257,0.0126307724719761,0.0081362035538701,-0.0782745292573531,0.0147948295972259,0.0161197736602616,0.6741714131946002,0.0147872600149602
