feature_0,feature_1,feature_2,feature_3,feature_4,feature_5,feature_6,feature_7,feature_8
0.0220249768176252,-0.0574684640788262,0.0242782080784725,-0.010292682380307,0.5671903271202505,0.0126870329392411,-0.0009750018951834,-0.2530604017006304,0.0127409141415224
-0.010292682380307,0.5671903271202505,0.0126870329392411,-0.0009750018951834,-0.2530604017006304,0.0127409141415224,-0.008458029831926,1.0463701268431511,0.0218832841761018
-0.0009750018951834,-0.2530604017006304,0.0127409141415224,-0.008458029831926,1.0463701268431511,0.0218832841761018,0.0049212641394935,-0.2835099750623441,0.0091924062725348
-0.008458029831926,1.0463701268431511,0.0218832841761018,0.0049212641394935,-0.2835099750623441,0.0091924062725348,0.0133855685557267,-0.2250799016080721,0.0160078327784305
0.0049212641394935,-0.2835099750623441,0.0091924062725348,0.0133855685557267,-0.2250799016080721,0.0160078327784305,0.0074098254783885,-0.0652774778665514,0.0139248807273966
0.0133855685557267,-0.2250799016080721,0.0160078327784305,0.0074098254783885,-0.0652774778665514,0.0139248807273966,0.0086344561453486,-0.3074133111557743,0.0225660491702417
0.0074098254783885,-0.0652774778665514,0.0139248807273966,0.0086344561453486,-0.3074133111557743,0.0225660491702417,-0.0158528987984966,-0.0458972648432288,0.0255332577421614
0.0086344561453486,-0.3074133111557743,0.0225660491702417,-0.0158528987984966,-0.0458972648432288,0.0255332577421614,0.0051546310510868,0.7696126415885891,0.0083843994505901
