feature_0,feature_1,feature_2,feature_3,feature_4,feature_5,feature_6,feature_7,feature_8
-0.0030953703311852,-0.0135575877725906,0.0124576406811596,0.0043836189966304,-0.0698217179902754,0.0103793260302222,-0.0038189531390114,0.0121271257318094,0.0132437668311712
0.0043836189966304,-0.0698217179902754,0.0103793260302222,-0.0038189531390114,0.0121271257318094,0.0132437668311712,-0.0006388957921159,0.0268558049855391,0.0094930763068835
-0.0038189531390114,0.0121271257318094,0.0132437668311712,-0.0006388957921159,0.0268558049855391,0.0094930763068835,0.0263951534844453,-0.1991013948497854,0.0264237041082358
-0.0006388957921159,0.0268558049855391,0.0094930763068835,0.0263951534844453,-0.1991013948497854,0.0264237041082358,0.0053390445751906,-0.0884199949761366,0.0116361479595602
0.0263951534844453,-0.1991013948497854,0.0264237041082358,0.0053390445751906,-0.0884199949761366,0.0116361479595602,0.0049565879695041,0.4114081014053459,0.0126536994608704
0.0053390445751906,-0.0884199949761366,0.0116361479595602,0.0049565879695041,0.4114081014053459,0.0126536994608704,-0.0004403572042579,0.0085253156319147,0.0121314331256514
0.0049565879695041,0.4114081014053459,0.0126536994608704,-0.0004403572042579,0.0085253156319147,0.0121314331256514,-0.0159485165951275,0.1731302832806349,0.0201608870376444
-0.0004403572042579,0.0085253156319147,0.0121314331256514,-0.0159485165951275,0.1731302832806349,0.0201608870376444,0.0030443717776602,0.9312431243124312,0.0143845943165781
