feature_0,feature_1,feature_2,feature_3,feature_4,feature_5,feature_6,feature_7,feature_8
-0.0017174732909376,-0.0401617626551387,0.0156789831475134,-0.0013895607621076,-0.3720761295946535,0.0089994410569365,0.0136505172878369,0.4460897732531235,0.01438047392648
-0.0013895607621076,-0.3720761295946535,0.0089994410569365,0.0136505172878369,0.4460897732531235,0.01438047392648,-0.000850013124235,-0.23584,0.0075577935647141
0.0136505172878369,0.4460897732531235,0.01438047392648,-0.000850013124235,-0.23584,0.0075577935647141,0.0047110141015336,-0.0110971524288107,0.0117747219828034
-0.000850013124235,-0.23584,0.0075577935647141,0.0047110141015336,-0.0110971524288107,0.0117747219828034,0.0022140266798482,-0.0993012915519796,0.0078827798949003
0.0047110141015336,-0.0110971524288107,0.0117747219828034,0.0022140266798482,-0.0993012915519796,0.0078827798949003,-0.0019492432080601,0.1624353549600377,0.0111147236493078
0.0022140266798482,-0.0993012915519796,0.0078827798949003,-0.0019492432080601,0.1624353549600377,0.0111147236493078,0.0083333030894343,0.1526794742163801,0.0124526557733493
-0.0019492432080601,0.1624353549600377,0.0111147236493078,0.0083333030894343,0.1526794742163801,0.0124526557733493,0.008716341913836,0.2257894736842105,0.0148944636642298
0.0083333030894343,0.1526794742163801,0.0124526557733493,0.008716341913836,0.2257894736842105,0.0148944636642298,0.0047366500290706,0.2647774438242449,0.0118978119452692
