feature_0,feature_1,feature_2,feature_3,feature_4,feature_5,feature_6,feature_7,feature_8
-0.0065507837008255,0.1137700747336618,0.0178993167298886,0.0032296763518802,-0.2569062745377971,0.0096004200783417,0.0044264957086921,0.4218059558117195,0.0115708125888042
0.0032296763518802,-0.2569062745377971,0.0096004200783417,0.0044264957086921,0.4218059558117195,0.0115708125888042,0.0062100933243944,-0.4088912911289778,0.0122465496938439
0.0044264957086921,0.4218059558117195,0.0115708125888042,0.0062100933243944,-0.4088912911289778,0.0122465496938439,0.0098876684716588,0.8335809806835066,0.0170462973913545
0.0062100933243944,-0.4088912911289778,0.0122465496938439,0.0098876684716588,0.8335809806835066,0.0170462973913545,-0.0104481440204406,-0.4231392594439596,0.0231968779391502
0.0098876684716588,0.8335809806835066,0.0170462973913545,-0.0104481440204406,-0.4231392594439596,0.0231968779391502,0.0001327619353601,0.1637129889777393,0.0156575624573693
-0.0104481440204406,-0.4231392594439596,0.0231968779391502,0.0001327619353601,0.1637129889777393,0.0156575624573693,-0.0033197476801092,0.0181075308756615,0.0156093104064081
0.0001327619353601,0.1637129889777393,0.0156575624573693,-0.0033197476801092,0.0181075308756615,0.0156093104064081,-0.0040635905550943,0.0471543232396935,0.0145951946101208
-0.0033197476801092,0.0181075308756615,0.0156093104064081,-0.0040635905550943,0.0471543232396935,0.0145951946101208,0.0141136699811703,1.6573469209999128,0.0186860129297568
