feature_0,feature_1,feature_2,feature_3,feature_4,feature_5,feature_6,feature_7,feature_8
0.0222166675621464,-0.2226474654514599,0.0143296100625511,0.0033255325330654,-0.0365092208109428,0.0103759039606444,-0.0078717120572666,0.2097128144186968,0.0124271595990302
0.0033255325330654,-0.0365092208109428,0.0103759039606444,-0.0078717120572666,0.2097128144186968,0.0124271595990302,-0.0127662346180781,0.2524100172892545,0.0266012205182125
-0.0078717120572666,0.2097128144186968,0.0124271595990302,-0.0127662346180781,0.2524100172892545,0.0266012205182125,0.0117227178042824,-0.2532028153400475,0.0138234530695992
-0.0127662346180781,0.2524100172892545,0.0266012205182125,0.0117227178042824,-0.2532028153400475,0.0138234530695992,0.0029863556537297,-0.1604372059153036,0.0183982529090965
0.0117227178042824,-0.2532028153400475,0.0138234530695992,0.0029863556537297,-0.1604372059153036,0.0183982529090965,-0.0092300377419605,0.1441081540912236,0.0125480946625278
0.0029863556537297,-0.1604372059153036,0.0183982529090965,-0.0092300377419605,0.1441081540912236,0.0125480946625278,-0.0112994896283208,0.1086512807802773,0.0251714884926414
-0.0092300377419605,0.1441081540912236,0.0125480946625278,-0.0112994896283208,0.1086512807802773,0.0251714884926414,-0.0066868924582436,0.1265788660437776,0.0348681362199889
-0.0112994896283208,0.1086512807802773,0.0251714884926414,-0.0066868924582436,0.1265788660437776,0.0348681362199889,0.0104651924527581,0.0796670907796286,0.0114435779651175
