feature_0,feature_1,feature_2,feature_3,feature_4,feature_5,feature_6,feature_7,feature_8
0.022766381274017,-0.074039804036582,0.0147936686706097,0.0030598924654812,-0.1817747878766249,0.0109099147915303,-0.0079555242518085,0.2486437859498951,0.0132386467408211
0.0030598924654812,-0.1817747878766249,0.0109099147915303,-0.0079555242518085,0.2486437859498951,0.0132386467408211,-0.0123604746624673,-0.0178456030041044,0.0262078185247737
-0.0079555242518085,0.2486437859498951,0.0132386467408211,-0.0123604746624673,-0.0178456030041044,0.0262078185247737,0.0111109958030031,-0.3795619139921665,0.0143440811723235
-0.0123604746624673,-0.0178456030041044,0.0262078185247737,0.0111109958030031,-0.3795619139921665,0.0143440811723235,0.0032605246280474,0.0168175010927433,0.0187887401905965
0.0111109958030031,-0.3795619139921665,0.0143440811723235,0.0032605246280474,0.0168175010927433,0.0187887401905965,-0.0089071183398915,-0.166908614274439,0.0120393752080036
0.0032605246280474,0.0168175010927433,0.0187887401905965,-0.0089071183398915,-0.166908614274439,0.0120393752080036,-0.011112347924288,0.3878818125681997,0.0251966034481292
-0.0089071183398915,-0.166908614274439,0.0120393752080036,-0.011112347924288,0.3878818125681997,0.0251966034481292,-0.0065705612412775,0.2006655533478796,0.0356942353866029
-0.011112347924288,0.3878818125681997,0.0251966034481292,-0.0065705612412775,0.2006655533478796,0.0356942353866029,0.0098900272962823,0.1230469344866445,0.0121838158881654
