feature_0,feature_1,feature_2,feature_3,feature_4,feature_5,feature_6,feature_7,feature_8
0.0143224352047401,0.0605018211250505,0.0183765608777772,0.0,-0.0022896393817973,0.0096612037029358,0.0046623010466382,-0.0690380569898642,0.012772527403119
0.0,-0.0022896393817973,0.0096612037029358,0.0046623010466382,-0.0690380569898642,0.012772527403119,0.016176090107526,0.1643385373870172,0.0206137781600369
0.0046623010466382,-0.0690380569898642,0.012772527403119,0.016176090107526,0.1643385373870172,0.0206137781600369,0.0105688042090157,-0.0479887085391672,0.0095753073201732
0.016176090107526,0.1643385373870172,0.0206137781600369,0.0105688042090157,-0.0479887085391672,0.0095753073201732,-0.0001936514884947,-0.0333580429948109,0.0110032164934769
0.0105688042090157,-0.0479887085391672,0.0095753073201732,-0.0001936514884947,-0.0333580429948109,0.0110032164934769,0.0076838908166185,0.0,0.0125801640500332
-0.0001936514884947,-0.0333580429948109,0.0110032164934769,0.0076838908166185,0.0,0.0125801640500332,0.0018583456258696,0.1671779141104294,0.0098240575660185
0.0076838908166185,0.0,0.0125801640500332,0.0018583456258696,0.1671779141104294,0.0098240575660185,0.0069715378883179,0.1358409986859394,0.0173506076747439
0.0018583456258696,0.1671779141104294,0.0098240575660185,0.0069715378883179,0.1358409986859394,0.0173506076747439,0.0067961561565317,0.5508315256688359,0.01307650057976
