feature_0,feature_1,feature_2,feature_3,feature_4,feature_5,feature_6,feature_7,feature_8
0.0073123137536064,-0.3311262930504575,0.0127023211195846,0.0077575050612335,0.0757253511881317,0.0100084682585062,-0.0015536372711378,-0.0195452659327783,0.011097393204578
0.0077575050612335,0.0757253511881317,0.0100084682585062,-0.0015536372711378,-0.0195452659327783,0.011097393204578,-0.0202528408475224,0.2050500084021584,0.0293770618742612
-0.0015536372711378,-0.0195452659327783,0.011097393204578,-0.0202528408475224,0.2050500084021584,0.0293770618742612,0.0029840707500012,-0.0448354758572248,0.0173991445835908
-0.0202528408475224,0.2050500084021584,0.0293770618742612,0.0029840707500012,-0.0448354758572248,0.0173991445835908,-0.0079176247096465,-0.2887994895586628,0.0144406148059739
0.0029840707500012,-0.0448354758572248,0.0173991445835908,-0.0079176247096465,-0.2887994895586628,0.0144406148059739,0.0008464544392545,0.0258576120673925,0.0100182458295246
-0.0079176247096465,-0.2887994895586628,0.0144406148059739,0.0008464544392545,0.0258576120673925,0.0100182458295246,-0.0078291713242877,0.1030023197385292,0.0188799746814464
0.0008464544392545,0.0258576120673925,0.0100182458295246,-0.0078291713242877,0.1030023197385292,0.0188799746814464,0.006137397988313,0.1453029356232404,0.0278859754487351
-0.0078291713242877,0.1030023197385292,0.0188799746814464,0.006137397988313,0.1453029356232404,0.0278859754487351,0.009730818104138,0.4261082298828995,0.0130055693302082
