feature_0,feature_1,feature_2,feature_3,feature_4,feature_5,feature_6,feature_7,feature_8
0.0435062309011384,0.0520298265077585,0.0533139031654138,-0.0211538933413136,-0.0573178577442029,0.031694380113661,0.0098233250385821,-0.1406383606909187,0.0212379785538485
-0.0211538933413136,-0.0573178577442029,0.031694380113661,0.0098233250385821,-0.1406383606909187,0.0212379785538485,-0.0370429163842798,0.4587554229892867,0.0621446110536478
0.0098233250385821,-0.1406383606909187,0.0212379785538485,-0.0370429163842798,0.4587554229892867,0.0621446110536478,0.0454985931725684,-0.1407770719566303,0.0349784766020936
-0.0370429163842798,0.4587554229892867,0.0621446110536478,0.0454985931725684,-0.1407770719566303,0.0349784766020936,-0.022493591840688,0.0270222191422029,0.0553991445533135
0.0454985931725684,-0.1407770719566303,0.0349784766020936,-0.022493591840688,0.0270222191422029,0.0553991445533135,0.0145501726752443,-0.0868468846235759,0.0429447837647365
-0.022493591840688,0.0270222191422029,0.0553991445533135,0.0145501726752443,-0.0868468846235759,0.0429447837647365,-0.0209665534882714,0.4782248545695542,0.0463959757805291
0.0145501726752443,-0.0868468846235759,0.0429447837647365,-0.0209665534882714,0.4782248545695542,0.0463959757805291,-0.0638484515517652,0.0109845746863821,0.0661468707159831
-0.0209665534882714,0.4782248545695542,0.0463959757805291,-0.0638484515517652,0.0109845746863821,0.0661468707159831,0.0151373626213164,-0.2632793942386627,0.0386452715587994
