feature_0,feature_1,feature_2,feature_3,feature_4,feature_5,feature_6,feature_7,feature_8
0.0158171868945506,-0.2981700753498385,0.0165318082416244,-0.0134948323616002,-0.0236634531113059,0.0239943649087696,0.0115749005363559,-0.1781867145421902,0.0136986760239973
-0.0134948323616002,-0.0236634531113059,0.0239943649087696,0.0115749005363559,-0.1781867145421902,0.0136986760239973,0.0020804524639486,-0.2162752594210814,0.0086926285817251
0.0115749005363559,-0.1781867145421902,0.0136986760239973,0.0020804524639486,-0.2162752594210814,0.0086926285817251,0.0103806658379235,0.3069686411149825,0.0113714651447488
0.0020804524639486,-0.2162752594210814,0.0086926285817251,0.0103806658379235,0.3069686411149825,0.0113714651447488,-0.0034247154231769,0.2218075179952012,0.0178878728318753
0.0103806658379235,0.3069686411149825,0.0113714651447488,-0.0034247154231769,0.2218075179952012,0.0178878728318753,-0.0020618642431253,0.0390573859917084,0.0124739672692108
-0.0034247154231769,0.2218075179952012,0.0178878728318753,-0.0020618642431253,0.0390573859917084,0.0124739672692108,0.0041322486219279,-0.1730365392692145,0.0086058522053612
-0.0020618642431253,0.0390573859917084,0.0124739672692108,0.0041322486219279,-0.1730365392692145,0.0086058522053612,-0.007544590969556,0.6838496698831895,0.0187174697067093
0.0041322486219279,-0.1730365392692145,0.0086058522053612,-0.007544590969556,0.6838496698831895,0.0187174697067093,0.0169315976964681,-0.2577288493439903,0.0176165218684928
