feature_0,feature_1,feature_2,feature_3,feature_4,feature_5,feature_6,feature_7,feature_8
0.0032733489828522,-0.2558747803343005,0.0109188785070137,0.0090632300970991,0.0265542618629173,0.0142939040576285,0.0074010182217945,0.0102987989192948,0.0126308189206338
0.0090632300970991,0.0265542618629173,0.0142939040576285,0.0074010182217945,0.0102987989192948,0.0126308189206338,-0.0151212830275312,0.3668184706629951,0.0249183297250979
0.0074010182217945,0.0102987989192948,0.0126308189206338,-0.0151212830275312,0.3668184706629951,0.0249183297250979,0.008038859296507,-0.1196389136414707,0.0184321643636004
-0.0151212830275312,0.3668184706629951,0.0249183297250979,0.008038859296507,-0.1196389136414707,0.0184321643636004,-0.0020836380032137,-0.3993750825155129,0.0087559985071363
0.008038859296507,-0.1196389136414707,0.0184321643636004,-0.0020836380032137,-0.3993750825155129,0.0087559985071363,-0.0030236512064309,0.4185961313012896,0.0127776567202422
-0.0020836380032137,-0.3993750825155129,0.0087559985071363,-0.0030236512064309,0.4185961313012896,0.0127776567202422,-0.0043327448494699,-0.2194101544341717,0.0149002500297018
-0.0030236512064309,0.4185961313012896,0.0127776567202422,-0.0043327448494699,-0.2194101544341717,0.0149002500297018,0.0111690711845842,0.5180308343809965,0.0166366399499584
-0.0043327448494699,-0.2194101544341717,0.0149002500297018,0.0111690711845842,0.5180308343809965,0.0166366399499584,0.0134127157104824,0.7393208961729578,0.0115631338087917
