feature_0,feature_1,feature_2,feature_3,feature_4,feature_5,feature_6,feature_7,feature_8
-0.0111518230403755,0.2725110431532449,0.0173618159012083,0.0003704507330344,0.4914552736982642,0.0138190171141778,0.0069532568407644,-0.2708799570315997,0.0090609428360395
0.0003704507330344,0.4914552736982642,0.0138190171141778,0.0069532568407644,-0.2708799570315997,0.0090609428360395,-0.0042494480819098,-0.1627992633517495,0.0113233961668811
0.0069532568407644,-0.2708799570315997,0.0090609428360395,-0.0042494480819098,-0.1627992633517495,0.0113233961668811,0.0060730355677454,-0.0656987828127291,0.0060584183839025
-0.0042494480819098,-0.1627992633517495,0.0113233961668811,0.0060730355677454,-0.0656987828127291,0.0060584183839025,-0.0084427790945499,0.5074556584523622,0.0134059320141401
0.0060730355677454,-0.0656987828127291,0.0060584183839025,-0.0084427790945499,0.5074556584523622,0.0134059320141401,-0.0128747794296204,0.3691170345689296,0.0211138189079355
-0.0084427790945499,0.5074556584523622,0.0134059320141401,-0.0128747794296204,0.3691170345689296,0.0211138189079355,0.0016250706391871,-0.3355388242451897,0.0091965426679036
-0.0128747794296204,0.3691170345689296,0.0211138189079355,0.0016250706391871,-0.3355388242451897,0.0091965426679036,-0.0099845746920549,0.1617259929037426,0.0170019721738041
0.0016250706391871,-0.3355388242451897,0.0091965426679036,-0.0099845746920549,0.1617259929037426,0.0170019721738041,0.0115141342010016,0.2862068965517241,0.0191225805552012
