feature_0,feature_1,feature_2,feature_3,feature_4,feature_5,feature_6,feature_7,feature_8,feature_9,feature_10,feature_11,feature_12,feature_13,feature_14
0.0178393642791461,0.0897859861483745,0.0238520555652231,-0.0111002253691611,-0.4121722203137524,0.0187376873499751,0.0159511879216454,0.1763416772182722,0.0179416369383023,0.0077534713781786,-0.0415648933968122,0.0145999613703414,0.001346381250536,0.0064360070839273,0.0174621205897282
-0.0111002253691611,-0.4121722203137524,0.0187376873499751,0.0159511879216454,0.1763416772182722,0.0179416369383023,0.0077534713781786,-0.0415648933968122,0.0145999613703414,0.001346381250536,0.0064360070839273,0.0174621205897282,0.012101359171456,0.5585407725321889,0.0159492313942249
0.0159511879216454,0.1763416772182722,0.0179416369383023,0.0077534713781786,-0.0415648933968122,0.0145999613703414,0.001346381250536,0.0064360070839273,0.0174621205897282,0.012101359171456,0.5585407725321889,0.0159492313942249,-0.0066679079513294,-0.190202125901856,0.0276008544155911
0.0077534713781786,-0.0415648933968122,0.0145999613703414,0.001346381250536,0.0064360070839273,0.0174621205897282,0.012101359171456,0.5585407725321889,0.0159492313942249,-0.0066679079513294,-0.190202125901856,0.0276008544155911,-0.0212888496997554,0.1660488999217872,0.0327514829176904
0.001346381250536,0.0064360070839273,0.0174621205897282,0.012101359171456,0.5585407725321889,0.0159492313942249,-0.0066679079513294,-0.190202125901856,0.0276008544155911,-0.0212888496997554,0.1660488999217872,0.0327514829176904,0.0164609087337208,-0.294808982210557,0.020548005540344
0.012101359171456,0.5585407725321889,0.0159492313942249,-0.0066679079513294,-0.190202125901856,0.0276008544155911,-0.0212888496997554,0.1660488999217872,0.0327514829176904,0.0164609087337208,-0.294808982210557,0.020548005540344,0.005976506259391,-0.0296513791820024,0.0219220772859605
-0.0066679079513294,-0.190202125901856,0.0276008544155911,-0.0212888496997554,0.1660488999217872,0.0327514829176904,0.0164609087337208,-0.294808982210557,0.020548005540344,0.005976506259391,-0.0296513791820024,0.0219220772859605,0.0398619778496074,-0.0067763382202522,0.0494992989244493
