feature_0,feature_1,feature_2,feature_3,feature_4,feature_5,feature_6,feature_7,feature_8,feature_9,feature_10,feature_11,feature_12,feature_13,feature_14
0.0252595476901917,0.1796077986851054,0.035114638905406,0.0071174964390587,-0.1746504588478354,0.0368486206720391,0.0093774775053145,-0.0564093608103387,0.0179959062342712,-0.0135989572167326,-0.2736134246406317,0.0160824490576675,-0.000136529292094,-0.0584338372685578,0.0141834031994078
0.0071174964390587,-0.1746504588478354,0.0368486206720391,0.0093774775053145,-0.0564093608103387,0.0179959062342712,-0.0135989572167326,-0.2736134246406317,0.0160824490576675,-0.000136529292094,-0.0584338372685578,0.0141834031994078,0.0128327978348976,1.1113115641349451,0.0194068361962592
0.0093774775053145,-0.0564093608103387,0.0179959062342712,-0.0135989572167326,-0.2736134246406317,0.0160824490576675,-0.000136529292094,-0.0584338372685578,0.0141834031994078,0.0128327978348976,1.1113115641349451,0.0194068361962592,-0.0318102241904553,-0.3634110911732034,0.0500771447464893
-0.0135989572167326,-0.2736134246406317,0.0160824490576675,-0.000136529292094,-0.0584338372685578,0.0141834031994078,0.0128327978348976,1.1113115641349451,0.0194068361962592,-0.0318102241904553,-0.3634110911732034,0.0500771447464893,-0.0018098966935609,0.4116107382550336,0.0273663768953217
-0.000136529292094,-0.0584338372685578,0.0141834031994078,0.0128327978348976,1.1113115641349451,0.0194068361962592,-0.0318102241904553,-0.3634110911732034,0.0500771447464893,-0.0018098966935609,0.4116107382550336,0.0273663768953217,0.0001394998138939,-0.331193838254172,0.0268862050689722
0.0128327978348976,1.1113115641349451,0.0194068361962592,-0.0318102241904553,-0.3634110911732034,0.0500771447464893,-0.0018098966935609,0.4116107382550336,0.0273663768953217,0.0001394998138939,-0.331193838254172,0.0268862050689722,0.0409985006127666,0.0847373284993247,0.0513933339971614
-0.0318102241904553,-0.3634110911732034,0.0500771447464893,-0.0018098966935609,0.4116107382550336,0.0273663768953217,0.0001394998138939,-0.331193838254172,0.0268862050689722,0.0409985006127666,0.0847373284993247,0.0513933339971614,0.0127260137819669,0.3571662625335867,0.0452943323032857
