feature_0,feature_1,feature_2,feature_3,feature_4,feature_5,feature_6,feature_7,feature_8,feature_9,feature_10,feature_11,feature_12,feature_13,feature_14
0.0006413752539462,0.3177273183292646,0.0240088294587169,0.0088362235635468,-0.2343163130646635,0.0265395798969694,0.0231449544064485,0.6941102383083093,0.0238678065414251,0.0146485053797638,-0.4066480151820476,0.0288088532156869,-0.0107649495808431,0.017343708783962,0.023715242903463
0.0088362235635468,-0.2343163130646635,0.0265395798969694,0.0231449544064485,0.6941102383083093,0.0238678065414251,0.0146485053797638,-0.4066480151820476,0.0288088532156869,-0.0107649495808431,0.017343708783962,0.023715242903463,0.0170909366269678,0.3194723536656512,0.0320520561287404
0.0231449544064485,0.6941102383083093,0.0238678065414251,0.0146485053797638,-0.4066480151820476,0.0288088532156869,-0.0107649495808431,0.017343708783962,0.023715242903463,0.0170909366269678,0.3194723536656512,0.0320520561287404,0.0098736362839593,-0.0224263712510132,0.028164840530563
0.0146485053797638,-0.4066480151820476,0.0288088532156869,-0.0107649495808431,0.017343708783962,0.023715242903463,0.0170909366269678,0.3194723536656512,0.0320520561287404,0.0098736362839593,-0.0224263712510132,0.028164840530563,-0.0200705306248495,-0.1598824061510628,0.029209446005158
-0.0107649495808431,0.017343708783962,0.023715242903463,0.0170909366269678,0.3194723536656512,0.0320520561287404,0.0098736362839593,-0.0224263712510132,0.028164840530563,-0.0200705306248495,-0.1598824061510628,0.029209446005158,0.0204816073524631,-0.069986541049798,0.0319972218593097
0.0170909366269678,0.3194723536656512,0.0320520561287404,0.0098736362839593,-0.0224263712510132,0.028164840530563,-0.0200705306248495,-0.1598824061510628,0.029209446005158,0.0204816073524631,-0.069986541049798,0.0319972218593097,-0.0182420099298002,0.0526129602830036,0.0368481703994312
0.0098736362839593,-0.0224263712510132,0.028164840530563,-0.0200705306248495,-0.1598824061510628,0.029209446005158,0.0204816073524631,-0.069986541049798,0.0319972218593097,-0.0182420099298002,0.0526129602830036,0.0368481703994312,-0.0473070601404511,0.472029574409581,0.0541101992813158
