feature_0,feature_1,feature_2,feature_3,feature_4,feature_5,feature_6,feature_7,feature_8
-0.0164769283801236,0.2420689201280002,0.0367867002196589,0.0187368773872338,0.0367992553077225,0.0669540820765943,0.0265065123894086,-0.1586306633829255,0.0254557289791498
0.0187368773872338,0.0367992553077225,0.0669540820765943,0.0265065123894086,-0.1586306633829255,0.0254557289791498,0.0139123074729714,0.1611995528026175,0.0386805467489574
0.0265065123894086,-0.1586306633829255,0.0254557289791498,0.0139123074729714,0.1611995528026175,0.0386805467489574,0.0399168824230955,0.1939028838513936,0.0562702355305232
0.0139123074729714,0.1611995528026175,0.0386805467489574,0.0399168824230955,0.1939028838513936,0.0562702355305232,-0.0108956813005782,0.0337880964250907,0.0328340304504121
0.0399168824230955,0.1939028838513936,0.0562702355305232,-0.0108956813005782,0.0337880964250907,0.0328340304504121,-0.0125315604043743,-0.2853521526869355,0.029049179700548
-0.0108956813005782,0.0337880964250907,0.0328340304504121,-0.0125315604043743,-0.2853521526869355,0.029049179700548,0.0296796802072609,-0.0607736312068332,0.0290816170828683
-0.0125315604043743,-0.2853521526869355,0.029049179700548,0.0296796802072609,-0.0607736312068332,0.0290816170828683,-0.0189842326858393,-0.0191459333450517,0.0353919261958017
