feature_0,feature_1,feature_2,feature_3,feature_4,feature_5,feature_6,feature_7,feature_8
0.0253951270478209,0.4523931845133477,0.0582068129383118,-0.0179572225687064,0.1409958058175995,0.0345413885650937,0.0256759902392396,-0.3089198179067669,0.0322949631349544
-0.0179572225687064,0.1409958058175995,0.0345413885650937,0.0256759902392396,-0.3089198179067669,0.0322949631349544,-0.0472440288276133,0.1562494729847781,0.0336147875277192
0.0256759902392396,-0.3089198179067669,0.0322949631349544,-0.0472440288276133,0.1562494729847781,0.0336147875277192,0.0194138114246287,-0.2836035541968343,0.0470560265286439
-0.0472440288276133,0.1562494729847781,0.0336147875277192,0.0194138114246287,-0.2836035541968343,0.0470560265286439,-0.0377821270472594,0.5634505364741331,0.0241530398804788
0.0194138114246287,-0.2836035541968343,0.0470560265286439,-0.0377821270472594,0.5634505364741331,0.0241530398804788,0.0105713752545173,-0.4042217939368684,0.0274581305119894
-0.0377821270472594,0.5634505364741331,0.0241530398804788,0.0105713752545173,-0.4042217939368684,0.0274581305119894,0.0268210163801718,-0.2215339555419553,0.0118288137126805
0.0105713752545173,-0.4042217939368684,0.0274581305119894,0.0268210163801718,-0.2215339555419553,0.0118288137126805,-0.0258139118104275,-0.0313121216545558,0.0281712447235724
