feature_0,feature_1,feature_2,feature_3,feature_4,feature_5,feature_6,feature_7,feature_8
-0.0200973366509114,-0.0526496388080366,0.039646263452301,4.354887060076251e-05,-0.1115598926855154,0.0448939055008319,0.0477662105896767,0.1256725686790396,0.0323529756103272
4.354887060076251e-05,-0.1115598926855154,0.0448939055008319,0.0477662105896767,0.1256725686790396,0.0323529756103272,0.0068570505783227,0.1043903055315744,0.039640353747842
0.0477662105896767,0.1256725686790396,0.0323529756103272,0.0068570505783227,0.1043903055315744,0.039640353747842,0.0541935473706309,0.1120468420510747,0.0708964722510459
0.0068570505783227,0.1043903055315744,0.039640353747842,0.0541935473706309,0.1120468420510747,0.0708964722510459,0.0072039998956818,0.4548523539527442,0.0284790759360779
0.0541935473706309,0.1120468420510747,0.0708964722510459,0.0072039998956818,0.4548523539527442,0.0284790759360779,0.0068028810805669,-0.4900141064667013,0.0355750512111359
0.0072039998956818,0.4548523539527442,0.0284790759360779,0.0068028810805669,-0.4900141064667013,0.0355750512111359,0.0115442998200401,0.264960820063455,0.0398329324652359
0.0068028810805669,-0.4900141064667013,0.0355750512111359,0.0115442998200401,0.264960820063455,0.0398329324652359,0.0102675723138192,0.456491319089235,0.0515303279851673
