feature_0,feature_1,feature_2,feature_3,feature_4,feature_5,feature_6,feature_7,feature_8
-0.0199314491056339,1.875529930473122,0.027950512576542,-0.0094058898204725,-0.4706021112225039,0.020083955361762,0.0248285238141312,-0.0416620251754483,0.022594552004038
-0.0094058898204725,-0.4706021112225039,0.020083955361762,0.0248285238141312,-0.0416620251754483,0.022594552004038,-0.0275447320209966,0.5910728815529467,0.0452208355198061
0.0248285238141312,-0.0416620251754483,0.022594552004038,-0.0275447320209966,0.5910728815529467,0.0452208355198061,0.0120380997365103,-0.380260081823495,0.0398684049907482
-0.0275447320209966,0.5910728815529467,0.0452208355198061,0.0120380997365103,-0.380260081823495,0.0398684049907482,-0.0134216663973704,0.8949664033950253,0.0321146162712445
0.0120380997365103,-0.380260081823495,0.0398684049907482,-0.0134216663973704,0.8949664033950253,0.0321146162712445,0.0141198709220888,-0.3776049766718506,0.0204818243403345
-0.0134216663973704,0.8949664033950253,0.0321146162712445,0.0141198709220888,-0.3776049766718506,0.0204818243403345,0.0275289149150868,-0.2363818090954522,0.0232264113801827
0.0141198709220888,-0.3776049766718506,0.0204818243403345,0.0275289149150868,-0.2363818090954522,0.0232264113801827,-0.0189333110258961,-0.0154450261780104,0.0304731976722692
