feature_0,feature_1,feature_2,feature_3,feature_4,feature_5,feature_6,feature_7,feature_8
-0.0128774615774127,0.3384455419807641,0.0179779736200736,0.0096974868535635,-0.4868259208907878,0.0117619537443329,-0.0004573624050545,-0.0268701904882048,0.0102392936999211
0.0096974868535635,-0.4868259208907878,0.0117619537443329,-0.0004573624050545,-0.0268701904882048,0.0102392936999211,-0.0009151433622782,0.5390199637023594,0.008624655104601
-0.0004573624050545,-0.0268701904882048,0.0102392936999211,-0.0009151433622782,0.5390199637023594,0.008624655104601,0.0184337151117224,-0.0078335579514824,0.0200481152668736
-0.0009151433622782,0.5390199637023594,0.008624655104601,0.0184337151117224,-0.0078335579514824,0.0200481152668736,0.0070826858282984,-0.1452585109092452,0.0243596975164301
0.0184337151117224,-0.0078335579514824,0.0200481152668736,0.0070826858282984,-0.1452585109092452,0.0243596975164301,0.0189774158684248,0.0506555423122765,0.0217100529377373
0.0070826858282984,-0.1452585109092452,0.0243596975164301,0.0189774158684248,0.0506555423122765,0.0217100529377373,-0.0213628064671322,-0.266874645490641,0.0148247942638332
0.0189774158684248,0.0506555423122765,0.0217100529377373,-0.0213628064671322,-0.266874645490641,0.0148247942638332,-0.0205978274887429,0.1864603481624758,0.0191822403534514
