feature_0,feature_1,feature_2,feature_3,feature_4,feature_5,feature_6,feature_7,feature_8
-0.0021771089780604,-0.10832246849196,0.0278049252891445,0.0431212722033447,0.4341415864505908,0.0318051705386113,0.0237687762306666,-0.0101104502973662,0.0423905932053319
0.0431212722033447,0.4341415864505908,0.0318051705386113,0.0237687762306666,-0.0101104502973662,0.0423905932053319,-0.0125557382226754,0.2482190369925327,0.026959800355521
0.0237687762306666,-0.0101104502973662,0.0423905932053319,-0.0125557382226754,0.2482190369925327,0.026959800355521,0.0147092150868102,-0.4191707350615417,0.0180377312426297
-0.0125557382226754,0.2482190369925327,0.026959800355521,0.0147092150868102,-0.4191707350615417,0.0180377312426297,0.0474548150803195,1.3529063572866105,0.056518227370593
0.0147092150868102,-0.4191707350615417,0.0180377312426297,0.0474548150803195,1.3529063572866105,0.056518227370593,0.2737762589378656,1.2325534591194969,0.109049874768744
0.0474548150803195,1.3529063572866105,0.056518227370593,0.2737762589378656,1.2325534591194969,0.109049874768744,-0.0466266493042895,-0.624853511223294,0.0347213968853097
0.2737762589378656,1.2325534591194969,0.109049874768744,-0.0466266493042895,-0.624853511223294,0.0347213968853097,-0.0018653880415391,0.2065361047699148,0.0671113508567902
