feature_0,feature_1,feature_2,feature_3,feature_4,feature_5,feature_6,feature_7,feature_8
0.0032099370036917,0.1539977185523178,0.0265918227827186,0.029624338648764,0.1530373831775699,0.0403082494644287,-0.0215538418884942,-0.3084716701737978,0.0276753243665788
0.029624338648764,0.1530373831775699,0.0403082494644287,-0.0215538418884942,-0.3084716701737978,0.0276753243665788,-0.0054303234299233,-0.1656711371576693,0.0141181416433143
-0.0215538418884942,-0.3084716701737978,0.0276753243665788,-0.0054303234299233,-0.1656711371576693,0.0141181416433143,0.0209126392616429,0.3860597055247872,0.0249844946695849
-0.0054303234299233,-0.1656711371576693,0.0141181416433143,0.0209126392616429,0.3860597055247872,0.0249844946695849,0.0102928801971597,-0.1738621966669915,0.0224731217832643
0.0209126392616429,0.3860597055247872,0.0249844946695849,0.0102928801971597,-0.1738621966669915,0.0224731217832643,-0.0140833242301221,0.5295505485431167,0.0268739758704691
0.0102928801971597,-0.1738621966669915,0.0224731217832643,-0.0140833242301221,0.5295505485431167,0.0268739758704691,-0.0063823491420783,-0.105429585068641,0.0233726161760054
-0.0140833242301221,0.5295505485431167,0.0268739758704691,-0.0063823491420783,-0.105429585068641,0.0233726161760054,0.015293872435794,0.0481938098111907,0.0235233790592827
