feature_0,feature_1,feature_2,feature_3,feature_4,feature_5,feature_6,feature_7,feature_8
0.0019274209028066,0.0293156693371525,0.0157290841126203,-0.0030457893813502,0.242108009392121,0.0132437698861342,-0.0057243888387814,0.0611216131064902,0.0109944045167678
-0.0030457893813502,0.242108009392121,0.0132437698861342,-0.0057243888387814,0.0611216131064902,0.0109944045167678,-0.0059515049181794,0.1462787015043547,0.0088002745298924
-0.0057243888387814,0.0611216131064902,0.0109944045167678,-0.0059515049181794,0.1462787015043547,0.0088002745298924,0.0136335620488532,0.0514591607667069,0.0198501476079095
-0.0059515049181794,0.1462787015043547,0.0088002745298924,0.0136335620488532,0.0514591607667069,0.0198501476079095,-0.0030495047603876,-0.0369792522034269,0.0205300882716799
0.0136335620488532,0.0514591607667069,0.0198501476079095,-0.0030495047603876,-0.0369792522034269,0.0205300882716799,0.004153582113282,0.2566864678964273,0.013947513723012
-0.0030495047603876,-0.0369792522034269,0.0205300882716799,0.004153582113282,0.2566864678964273,0.013947513723012,-0.0107419218344445,0.2180983398923417,0.0184034195806686
0.004153582113282,0.2566864678964273,0.013947513723012,-0.0107419218344445,0.2180983398923417,0.0184034195806686,-0.0002593662679033,-0.4479640529550476,0.0104711440626385
