feature_0,feature_1,feature_2,feature_3,feature_4,feature_5,feature_6,feature_7,feature_8
0.0011008987340204,0.0068745100404028,0.0173406397430231,0.0182855738301983,-0.0368928550038929,0.0274009918212598,-0.0139068507052974,-0.0166034450593868,0.0226722805060556
0.0182855738301983,-0.0368928550038929,0.0274009918212598,-0.0139068507052974,-0.0166034450593868,0.0226722805060556,-0.0090366508299252,0.1174908309093207,0.0228105557028075
-0.0139068507052974,-0.0166034450593868,0.0226722805060556,-0.0090366508299252,0.1174908309093207,0.0228105557028075,0.0232125264389293,1.233080579447714,0.025195537889473
-0.0090366508299252,0.1174908309093207,0.0228105557028075,0.0232125264389293,1.233080579447714,0.025195537889473,0.0067516568120813,-0.5434457593188556,0.036436399460788
0.0232125264389293,1.233080579447714,0.025195537889473,0.0067516568120813,-0.5434457593188556,0.036436399460788,0.0230031133919494,-0.0982960537270355,0.0255078387395416
0.0067516568120813,-0.5434457593188556,0.036436399460788,0.0230031133919494,-0.0982960537270355,0.0255078387395416,-0.0430707193114452,0.6108580573679676,0.0482255259689833
0.0230031133919494,-0.0982960537270355,0.0255078387395416,-0.0430707193114452,0.6108580573679676,0.0482255259689833,-0.0014386202976938,-0.2808559419182269,0.0258208852474217
