feature_0,feature_1,feature_2,feature_3,feature_4,feature_5,feature_6,feature_7,feature_8
-0.0253837603754063,0.2796831778950073,0.0255972853156698,0.0241544940860012,-0.2885896527285613,0.0229608146830572,0.018970592755265,0.1250514710765757,0.0309320954860577
0.0241544940860012,-0.2885896527285613,0.0229608146830572,0.018970592755265,0.1250514710765757,0.0309320954860577,-0.0244541009046606,-0.1963884084321631,0.0196058024868502
0.018970592755265,0.1250514710765757,0.0309320954860577,-0.0244541009046606,-0.1963884084321631,0.0196058024868502,0.0195996856471412,0.0971307049827003,0.0212765705958155
-0.0244541009046606,-0.1963884084321631,0.0196058024868502,0.0195996856471412,0.0971307049827003,0.0212765705958155,0.0160866165799808,0.1894967309102231,0.0369952914799256
0.0195996856471412,0.0971307049827003,0.0212765705958155,0.0160866165799808,0.1894967309102231,0.0369952914799256,0.072786992308788,0.966834688484173,0.0212100923286044
0.0160866165799808,0.1894967309102231,0.0369952914799256,0.072786992308788,0.966834688484173,0.0212100923286044,-0.0274735435326313,-0.0654586613778872,0.0509845548272915
0.072786992308788,0.966834688484173,0.0212100923286044,-0.0274735435326313,-0.0654586613778872,0.0509845548272915,-0.0179422924859545,-0.5100299651045104,0.024342397171103
