feature_0,feature_1,feature_2,feature_3,feature_4,feature_5,feature_6,feature_7,feature_8
-0.0249975429504621,0.1317749366589513,0.0258025252076674,0.0251215941262359,-0.2083423384482385,0.0246849762154687,0.0156312351043577,0.1824741973995705,0.0263716336077561
0.0251215941262359,-0.2083423384482385,0.0246849762154687,0.0156312351043577,0.1824741973995705,0.0263716336077561,-0.0274054723412554,-0.1604147427326984,0.0193703856028499
0.0156312351043577,0.1824741973995705,0.0263716336077561,-0.0274054723412554,-0.1604147427326984,0.0193703856028499,0.0196019260948856,-0.0844773877390201,0.0216791361768503
-0.0274054723412554,-0.1604147427326984,0.0193703856028499,0.0196019260948856,-0.0844773877390201,0.0216791361768503,0.0156202747647995,0.183163878279269,0.0383052666388942
0.0196019260948856,-0.0844773877390201,0.0216791361768503,0.0156202747647995,0.183163878279269,0.0383052666388942,0.0726609663269841,0.7665027318263453,0.0214004013488288
0.0156202747647995,0.183163878279269,0.0383052666388942,0.0726609663269841,0.7665027318263453,0.0214004013488288,-0.0329044323184702,-0.2101813283686452,0.0456920953714169
0.0726609663269841,0.7665027318263453,0.0214004013488288,-0.0329044323184702,-0.2101813283686452,0.0456920953714169,-0.0166316962934368,-0.305523118451854,0.0243615877709934
