feature_0,feature_1,feature_2,feature_3,feature_4,feature_5,feature_6,feature_7,feature_8
0.0087360157667932,-0.0227295584833551,0.0178183077017921,-0.003769823929222,-0.3993001955336008,0.013028278614396,-0.0131930979715439,0.2093541202672606,0.0220112726571767
-0.003769823929222,-0.3993001955336008,0.013028278614396,-0.0131930979715439,0.2093541202672606,0.0220112726571767,0.0084982832959741,0.1818954526136846,0.0156830819353852
-0.0131930979715439,0.2093541202672606,0.0220112726571767,0.0084982832959741,0.1818954526136846,0.0156830819353852,0.0157231181298389,0.4358144552319309,0.0167677941443199
0.0084982832959741,0.1818954526136846,0.0156830819353852,0.0157231181298389,0.4358144552319309,0.0167677941443199,-0.0102186474400925,-0.3716503881793138,0.017130021899
0.0157231181298389,0.4358144552319309,0.0167677941443199,-0.0102186474400925,-0.3716503881793138,0.017130021899,0.0010223214887927,-0.1240866214959479,0.0189500034880167
-0.0102186474400925,-0.3716503881793138,0.017130021899,0.0010223214887927,-0.1240866214959479,0.0189500034880167,0.0013274520845063,-0.2184134688305778,0.0147255719924624
0.0010223214887927,-0.1240866214959479,0.0189500034880167,0.0013274520845063,-0.2184134688305778,0.0147255719924624,0.0028554173503472,0.1750436638851153,0.0130638776836325
