feature_0,feature_1,feature_2,feature_3,feature_4,feature_5,feature_6,feature_7,feature_8
0.0096422066477017,0.116298773690078,0.0135612651202836,-0.0049181526603327,0.0291215595414053,0.015718228929621,-0.0169820847639911,-0.0825246487073985,0.019207675993443
-0.0049181526603327,0.0291215595414053,0.015718228929621,-0.0169820847639911,-0.0825246487073985,0.019207675993443,-0.0046772371220431,0.1201980030462006,0.0245684220462672
-0.0169820847639911,-0.0825246487073985,0.019207675993443,-0.0046772371220431,0.1201980030462006,0.0245684220462672,0.0107197510639946,-0.0910223967972202,0.0147916463593819
-0.0046772371220431,0.1201980030462006,0.0245684220462672,0.0107197510639946,-0.0910223967972202,0.0147916463593819,-0.0045912297669876,0.2427390202351769,0.0249467104225145
0.0107197510639946,-0.0910223967972202,0.0147916463593819,-0.0045912297669876,0.2427390202351769,0.0249467104225145,-0.0346496485047005,3.3587548898324915,0.0577286681166208
-0.0045912297669876,0.2427390202351769,0.0249467104225145,-0.0346496485047005,3.3587548898324915,0.0577286681166208,0.0253400127694181,-0.5650169522728319,0.0393478205276927
-0.0346496485047005,3.3587548898324915,0.0577286681166208,0.0253400127694181,-0.5650169522728319,0.0393478205276927,-0.0041877518202168,-0.4611423633766555,0.0262985429411205
