feature_0,feature_1,feature_2,feature_3,feature_4,feature_5,feature_6,feature_7,feature_8
0.003010461905053,-0.0940480125109833,0.0425188869091108,0.0247893780610581,0.0889759908528107,0.0460628952123747,0.0284313264282707,0.1074632048780985,0.0630249693109041
0.0247893780610581,0.0889759908528107,0.0460628952123747,0.0284313264282707,0.1074632048780985,0.0630249693109041,-0.0590718387219506,-0.0987398135543824,0.0516971170150939
0.0284313264282707,0.1074632048780985,0.0630249693109041,-0.0590718387219506,-0.0987398135543824,0.0516971170150939,0.0195699779103426,0.0192504876067054,0.0388917932478449
-0.0590718387219506,-0.0987398135543824,0.0516971170150939,0.0195699779103426,0.0192504876067054,0.0388917932478449,0.0719661650656804,0.32621376378718,0.0806179883468013
0.0195699779103426,0.0192504876067054,0.0388917932478449,0.0719661650656804,0.32621376378718,0.0806179883468013,0.036575295118773,-0.1456538229188904,0.060338096421906
0.0719661650656804,0.32621376378718,0.0806179883468013,0.036575295118773,-0.1456538229188904,0.060338096421906,-0.0280528821845776,-0.2390851285541118,0.0459859205390961
0.036575295118773,-0.1456538229188904,0.060338096421906,-0.0280528821845776,-0.2390851285541118,0.0459859205390961,-0.0005213770941482,0.0531737492023123,0.0377177149621254
