feature_0,feature_1,feature_2,feature_3,feature_4,feature_5,feature_6,feature_7,feature_8
-0.0006688542478552,-0.1581532136024898,0.0241623295896779,0.0021196752145622,0.2384344051010718,0.0157144638391176,-0.0093511067753666,-0.2226543243687353,0.0085431895689298
0.0021196752145622,0.2384344051010718,0.0157144638391176,-0.0093511067753666,-0.2226543243687353,0.0085431895689298,-0.0184291137329145,0.1019060033821872,0.0187378425432906
-0.0093511067753666,-0.2226543243687353,0.0085431895689298,-0.0184291137329145,0.1019060033821872,0.0187378425432906,0.0127074647269256,-0.0087765574792575,0.0129365186325365
-0.0184291137329145,0.1019060033821872,0.0187378425432906,0.0127074647269256,-0.0087765574792575,0.0129365186325365,0.0179743848448847,-0.0095316431197987,0.0276612908596634
0.0127074647269256,-0.0087765574792575,0.0129365186325365,0.0179743848448847,-0.0095316431197987,0.0276612908596634,-0.0074404097042266,0.3464901568071907,0.0255200039386374
0.0179743848448847,-0.0095316431197987,0.0276612908596634,-0.0074404097042266,0.3464901568071907,0.0255200039386374,0.0026852594264976,-0.3141053548106225,0.0225445289321915
-0.0074404097042266,0.3464901568071907,0.0255200039386374,0.0026852594264976,-0.3141053548106225,0.0225445289321915,-0.0121623556547764,-0.2776190979935823,0.01368777221252
