feature_0,feature_1,feature_2,feature_3,feature_4,feature_5,feature_6,feature_7,feature_8
0.0062857283958517,-0.4563249949155989,0.0206392584363254,-0.0018782665147721,0.1172729823248854,0.0101010236389271,0.0012690539886384,0.0919059178036327,0.0189923552036334
-0.0018782665147721,0.1172729823248854,0.0101010236389271,0.0012690539886384,0.0919059178036327,0.0189923552036334,-0.0106209514798335,0.2792640858566499,0.0211429526741992
0.0012690539886384,0.0919059178036327,0.0189923552036334,-0.0106209514798335,0.2792640858566499,0.0211429526741992,0.0227954466570499,-0.0998322147651006,0.0272356251027111
-0.0106209514798335,0.2792640858566499,0.0211429526741992,0.0227954466570499,-0.0998322147651006,0.0272356251027111,0.0089409035881722,-0.1474504060710957,0.0127810622566004
0.0227954466570499,-0.0998322147651006,0.0272356251027111,0.0089409035881722,-0.1474504060710957,0.0127810622566004,-0.0048803824639529,-0.1975482158194736,0.0115246466368257
0.0089409035881722,-0.1474504060710957,0.0127810622566004,-0.0048803824639529,-0.1975482158194736,0.0115246466368257,-0.0070121486726646,0.0326943660601342,0.0145397537771083
-0.0048803824639529,-0.1975482158194736,0.0115246466368257,-0.0070121486726646,0.0326943660601342,0.0145397537771083,0.0050689332554805,-0.1374729105813624,0.0103989878197245
