{
  "aida": 0.031,
  "iforest": 0.08226203918457031,
  "lof": 0.08620905876159668
}