{
  "aida": 0.024,
  "iforest": 0.08499503135681152,
  "lof": 0.014854192733764648
}