{
  "aida": 0.03,
  "iforest": 0.09227108955383301,
  "lof": 0.0358889102935791
}