{
  "aida": 0.021,
  "iforest": 0.06351494789123535,
  "lof": 0.02435302734375
}