{
  "aida": 0.02,
  "iforest": 0.06107211112976074,
  "lof": 0.0230560302734375
}