{
  "aida": 0.019,
  "iforest": 0.06096482276916504,
  "lof": 0.029211044311523438
}