{
  "aida": 0.126,
  "iforest": 0.06063985824584961,
  "lof": 0.0331881046295166
}