{
  "aida": 0.184,
  "iforest": 0.09650182723999023,
  "lof": 0.05190873146057129
}