{
  "aida": 0.153,
  "iforest": 0.09669804573059082,
  "lof": 0.014693021774291992
}