{
  "aida": 0.12,
  "iforest": 0.07170915603637695,
  "lof": 0.021731853485107422
}