{
  "aida": 0.188,
  "iforest": 0.08995914459228516,
  "lof": 0.02931809425354004
}