{
  "aida": 0.122,
  "iforest": 0.06421589851379395,
  "lof": 0.03572893142700195
}