{
  "anomalies": [
    {
      "anomaly_index": 12,
      "feature_importances": {
        "Close_0": 7.248104703568212e-10,
        "Close_1": 7.229598526520651e-10,
        "Close_2": 7.497363848339758e-10,
        "High_0": 7.648093076449408e-10,
        "High_1": 7.35293095599497e-10,
        "High_2": 7.751709748202061e-10,
        "Low_0": 7.137719267235222e-10,
        "Low_1": 7.079769356757724e-10,
        "Low_2": 7.292704427346347e-10,
        "Open_0": 7.632885755785765e-10,
        "Open_1": 7.186721538854118e-10,
        "Open_2": 7.426800903021525e-10,
        "Volume_0": 0.3909749122328269,
        "Volume_1": 0.15037843674702173,
        "Volume_2": 0.458646642162362,
        "daily_return_0": 1.2217986607104825e-15,
        "daily_return_1": 4.0726622023682753e-16,
        "daily_return_2": 0.0,
        "daily_return_zscore_0": 9.407849687470715e-13,
        "daily_return_zscore_1": 7.966127267832346e-13,
        "daily_return_zscore_2": 7.041632947894748e-13,
        "excess_return_0": 0.0,
        "excess_return_1": 0.0,
        "excess_return_2": 0.0,
        "high_low_range_0": 0.0,
        "high_low_range_1": 4.0726622023682753e-16,
        "high_low_range_2": 0.0,
        "log_return_0": 1.2217986607104825e-15,
        "log_return_1": 4.0726622023682753e-16,
        "log_return_2": 0.0,
        "log_return_zscore_0": 9.473012282708609e-13,
        "log_return_zscore_1": 7.949836619022873e-13,
        "log_return_zscore_2": 7.070141583311326e-13,
        "log_volume_0": 3.176676517847255e-14,
        "log_volume_1": 1.8734246130894067e-14,
        "log_volume_2": 5.050101130936661e-14,
        "relative_volume_0": 4.602108288676151e-14,
        "relative_volume_1": 3.7468492261788133e-14,
        "relative_volume_2": 9.570756175565446e-14,
        "relative_volume_zscore_0": 6.890944446407121e-13,
        "relative_volume_zscore_1": 6.671020687479235e-13,
        "relative_volume_zscore_2": 8.650334517830216e-13,
        "volume_change_0": 7.290065342239213e-14,
        "volume_change_1": 2.4639606324328064e-13,
        "volume_change_2": 2.264400184516761e-13,
        "volume_change_zscore_0": 4.870903994032458e-13,
        "volume_change_zscore_1": 2.1666562916599224e-13,
        "volume_change_zscore_2": 7.037560285692379e-13
      }
    },
    {
      "anomaly_index": 18,
      "feature_importances": {
        "Close_0": 2.122350880299902e-09,
        "Close_1": 2.2161871317299203e-09,
        "Close_2": 2.1849243621086533e-09,
        "High_0": 2.1560413865153823e-09,
        "High_1": 2.219433327573476e-09,
        "High_2": 2.2639020097994687e-09,
        "Low_0": 2.0975413050233345e-09,
        "Low_1": 2.1419753186835283e-09,
        "Low_2": 2.163195760411607e-09,
        "Open_0": 2.1347653501502564e-09,
        "Open_1": 2.157692984496883e-09,
        "Open_2": 2.2400934503191773e-09,
        "Volume_0": 0.035455622854513216,
        "Volume_1": 0.2660940046513245,
        "Volume_2": 0.6984503463777243,
        "daily_return_0": 4.684941324225359e-16,
        "daily_return_1": 6.246588432300479e-16,
        "daily_return_2": 9.369882648450718e-16,
        "daily_return_zscore_0": 3.5027744634124933e-13,
        "daily_return_zscore_1": 1.9289465078943878e-12,
        "daily_return_zscore_2": 3.6223966318910475e-12,
        "excess_return_0": 1.5616471080751197e-16,
        "excess_return_1": 9.369882648450718e-16,
        "excess_return_2": 1.5616471080751197e-16,
        "high_low_range_0": 6.246588432300479e-16,
        "high_low_range_1": 0.0,
        "high_low_range_2": 1.2493176864600957e-15,
        "log_return_0": 4.684941324225359e-16,
        "log_return_1": 6.246588432300479e-16,
        "log_return_2": 9.369882648450718e-16,
        "log_return_zscore_0": 3.2747739856335257e-13,
        "log_return_zscore_1": 1.943938320131909e-12,
        "log_return_zscore_2": 3.6184925141208597e-12,
        "log_volume_0": 4.544393084498598e-14,
        "log_volume_1": 6.246588432300479e-16,
        "log_volume_2": 1.2180847442985934e-14,
        "relative_volume_0": 8.339195557121139e-14,
        "relative_volume_1": 6.184122547977473e-14,
        "relative_volume_2": 1.9770452388231016e-13,
        "relative_volume_zscore_0": 7.683303771729589e-13,
        "relative_volume_zscore_1": 1.0150706202488278e-12,
        "relative_volume_zscore_2": 1.0274076324026213e-12,
        "volume_change_0": 2.5751560812158725e-13,
        "volume_change_1": 1.293043805486199e-13,
        "volume_change_2": 5.857738302389774e-13,
        "volume_change_zscore_0": 1.1970025083395793e-12,
        "volume_change_zscore_1": 1.1157968587196729e-12,
        "volume_change_zscore_2": 3.8572683569455454e-14
      }
    },
    {
      "anomaly_index": 47,
      "feature_importances": {
        "Close_0": 5.149886336278798e-10,
        "Close_1": 5.162153502786326e-10,
        "Close_2": 5.050511995656588e-10,
        "High_0": 5.341802771833643e-10,
        "High_1": 5.296623260722424e-10,
        "High_2": 5.207770420125064e-10,
        "Low_0": 5.05026657315789e-10,
        "Low_1": 5.137971469809725e-10,
        "Low_2": 4.964301405347635e-10,
        "Open_0": 5.311267462882669e-10,
        "Open_1": 5.228623415659641e-10,
        "Open_2": 5.095335248301954e-10,
        "Volume_0": 0.12542770002248055,
        "Volume_1": 0.7336329284594796,
        "Volume_2": 0.14093936531134807,
        "daily_return_0": 1.1875282195089746e-15,
        "daily_return_1": 5.937641097544873e-16,
        "daily_return_2": 1.9792136991816243e-16,
        "daily_return_zscore_0": 6.220668656527846e-13,
        "daily_return_zscore_1": 5.818888275593976e-13,
        "daily_return_zscore_2": 5.898056823561241e-13,
        "excess_return_0": 9.896068495908122e-16,
        "excess_return_1": 5.937641097544873e-16,
        "excess_return_2": 0.0,
        "high_low_range_0": 1.9792136991816243e-16,
        "high_low_range_1": 5.937641097544873e-16,
        "high_low_range_2": 0.0,
        "log_return_0": 1.1875282195089746e-15,
        "log_return_1": 5.937641097544873e-16,
        "log_return_2": 1.9792136991816243e-16,
        "log_return_zscore_0": 6.228585511324572e-13,
        "log_return_zscore_1": 5.805033779699704e-13,
        "log_return_zscore_2": 5.949516379739962e-13,
        "log_volume_0": 1.5042024113780346e-14,
        "log_volume_1": 2.0583822471488893e-14,
        "log_volume_2": 1.0885675345498934e-14,
        "relative_volume_0": 5.937641097544873e-14,
        "relative_volume_1": 2.9490284117806205e-14,
        "relative_volume_2": 3.1073655077151504e-14,
        "relative_volume_zscore_0": 7.576430040467258e-13,
        "relative_volume_zscore_1": 8.916357714813218e-13,
        "relative_volume_zscore_2": 3.3646632886087614e-13,
        "volume_change_0": 8.629371728431882e-14,
        "volume_change_1": 9.698147125989959e-14,
        "volume_change_2": 2.434432849993398e-14,
        "volume_change_zscore_0": 4.789697152019531e-13,
        "volume_change_zscore_1": 3.8475914312090777e-13,
        "volume_change_zscore_2": 2.1850519238965132e-13
      }
    },
    {
      "anomaly_index": 78,
      "feature_importances": {
        "Close_0": 2.8206132762410633e-10,
        "Close_1": 2.8466684252058434e-10,
        "Close_2": 2.676263060427728e-10,
        "High_0": 2.9808393031875317e-10,
        "High_1": 2.8816652853623654e-10,
        "High_2": 2.8034588668098537e-10,
        "Low_0": 2.880181828773437e-10,
        "Low_1": 2.840810890903274e-10,
        "Low_2": 2.636920378873545e-10,
        "Open_0": 2.936198562387176e-10,
        "Open_1": 2.836556902532547e-10,
        "Open_2": 2.7803296593647603e-10,
        "Volume_0": 0.4788418152488106,
        "Volume_1": 0.31978919635295056,
        "Volume_2": 0.20136898500249215,
        "daily_return_0": 2.8256315979590386e-16,
        "daily_return_1": 1.4128157989795193e-16,
        "daily_return_2": 0.0,
        "daily_return_zscore_0": 4.4489569509865063e-13,