feature_0,feature_1,feature_2,feature_3,feature_4,feature_5,feature_6,feature_7,feature_8
-0.0195866933847134,-0.3399794359163191,0.0339592066136982,-0.0002316741209468,-0.3368402440102555,0.0206095344720877,-0.0114104685162431,-0.2555475361905769,0.0143670386749553
0.0042771278496003,-0.2269791280721255,0.0101367908339428,0.0403710662010361,1.1617551904012524,0.0205667632632435,0.022149894511448,-0.381763760323707,0.0206272147911907
-0.0132761843362234,-0.1021434036245397,0.0154814204260599,0.0117312540654985,-0.1676330592816962,0.011639541956582,0.0074189083747924,0.1249580114208934,0.0167688176761503
