index,subsequence_idx,score
143,143,2.35314
211,211,3.20166
213,213,3.15862
233,233,2.66218
234,234,2.52836
257,257,2.50979
268,268,2.49345
279,279,3.0771
348,348,2.35512
369,369,2.68837
393,393,3.32018
394,394,3.28155
395,395,2.75683
427,427,2.98807
500,500,2.81789
501,501,2.45741
