feature_0,feature_1,feature_2,feature_3,feature_4,feature_5,feature_6,feature_7,feature_8
0.0034980797060863,-0.0483091787439613,0.0206460439408362,-0.0010083688789391,0.192168237853517,0.0139283738841522,-0.0048323031105022,0.2846715328467153,0.0130821393220916
-0.0010083688789391,0.192168237853517,0.0139283738841522,-0.0048323031105022,0.2846715328467153,0.0130821393220916,-0.0009768940207436,-0.4682765151515151,0.0139805976924003
-0.0048323031105022,0.2846715328467153,0.0130821393220916,-0.0009768940207436,-0.4682765151515151,0.0139805976924003,-0.020022237826176,0.7711487088156723,0.0217540899931951
-0.0009768940207436,-0.4682765151515151,0.0139805976924003,-0.020022237826176,0.7711487088156723,0.0217540899931951,0.011065506078224,-0.2951231774761186,0.0147434259069248
-0.020022237826176,0.7711487088156723,0.0217540899931951,0.011065506078224,-0.2951231774761186,0.0147434259069248,0.0015808283896072,-0.3323823109843081,0.0110229101191609
0.011065506078224,-0.2951231774761186,0.0147434259069248,0.0015808283896072,-0.3323823109843081,0.0110229101191609,-0.0190609003421607,0.172008547008547,0.0212455520492004
0.0015808283896072,-0.3323823109843081,0.0110229101191609,-0.0190609003421607,0.172008547008547,0.0212455520492004,-0.0176563144794726,0.4175022789425706,0.0215419080014962
-0.0190609003421607,0.172008547008547,0.0212455520492004,-0.0176563144794726,0.4175022789425706,0.0215419080014962,0.0093507437084192,-0.045016077170418,0.0190739817109706
