feature_0,feature_1,feature_2,feature_3,feature_4,feature_5,feature_6,feature_7,feature_8
-0.0022839615023459,0.2158577027434429,0.031304327186179,0.0106828863120191,-0.0242995288866848,0.0257977914558366,-0.0166099505625223,-0.0978398983481575,0.024323798693249
0.0106828863120191,-0.0242995288866848,0.0257977914558366,-0.0166099505625223,-0.0978398983481575,0.024323798693249,0.0003837997666948,0.1507605633802817,0.0319420166001754
-0.0166099505625223,-0.0978398983481575,0.024323798693249,0.0003837997666948,0.1507605633802817,0.0319420166001754,-0.0122793631277881,0.3541564672476256,0.0257569316333654
0.0003837997666948,0.1507605633802817,0.0319420166001754,-0.0122793631277881,0.3541564672476256,0.0257569316333654,0.0050506296779158,-0.5,0.0225578959632226
-0.0122793631277881,0.3541564672476256,0.0257569316333654,0.0050506296779158,-0.5,0.0225578959632226,0.0179743491406456,0.2005784526391902,0.0231928277795476
0.0050506296779158,-0.5,0.0225578959632226,0.0179743491406456,0.2005784526391902,0.0231928277795476,0.0,0.2179595278246204,0.025959164462603
0.0179743491406456,0.2005784526391902,0.0231928277795476,0.0,0.2179595278246204,0.025959164462603,-0.0026580450732445,-0.2772091183306137,0.0280877086827662
0.0,0.2179595278246204,0.025959164462603,-0.0026580450732445,-0.2772091183306137,0.0280877086827662,0.0083761946879536,-0.0129301498255456,0.029137529396622
