feature_0,feature_1,feature_2,feature_3,feature_4,feature_5,feature_6,feature_7,feature_8
0.0071422266409764,-0.0408370141947816,0.0349121559307725,0.0282565017133704,0.025240727928248,0.0220953123381074,0.0244031459175457,0.1876986989187063,0.0452493448306712
0.0282565017133704,0.025240727928248,0.0220953123381074,0.0244031459175457,0.1876986989187063,0.0452493448306712,0.0468151564578149,0.4204674292952592,0.0636278116132482
0.0244031459175457,0.1876986989187063,0.0452493448306712,0.0468151564578149,0.4204674292952592,0.0636278116132482,0.0137528283093277,0.3970825420416701,0.0271960085733946
0.0468151564578149,0.4204674292952592,0.0636278116132482,0.0137528283093277,0.3970825420416701,0.0271960085733946,-0.0051727744523403,-0.6580798867354082,0.017759707304969
0.0137528283093277,0.3970825420416701,0.0271960085733946,-0.0051727744523403,-0.6580798867354082,0.017759707304969,0.0383596169625952,0.2722949692516296,0.0402513101271711
-0.0051727744523403,-0.6580798867354082,0.017759707304969,0.0383596169625952,0.2722949692516296,0.0402513101271711,-0.0153060758896296,-0.0237268588404362,0.0316668561630329
0.0383596169625952,0.2722949692516296,0.0402513101271711,-0.0153060758896296,-0.0237268588404362,0.0316668561630329,0.0195740238970099,-0.0294122194768206,0.0160420662550755
-0.0153060758896296,-0.0237268588404362,0.0316668561630329,0.0195740238970099,-0.0294122194768206,0.0160420662550755,-0.0018822607385603,-0.1959357416411243,0.013557435815368
