feature_0,feature_1,feature_2,feature_3,feature_4,feature_5,feature_6,feature_7,feature_8
0.0214410367125372,0.1766717606824335,0.049566630636641,0.027055907989425,0.0084163924690383,0.0203627245424795,0.0178301101954376,0.3690538157006333,0.0280468337290537
0.027055907989425,0.0084163924690383,0.0203627245424795,0.0178301101954376,0.3690538157006333,0.0280468337290537,0.0405366183257773,0.1899017989050142,0.0504405911610069
0.0178301101954376,0.3690538157006333,0.0280468337290537,0.0405366183257773,0.1899017989050142,0.0504405911610069,0.0116943526815529,0.269470939659076,0.0253690614585924
0.0405366183257773,0.1899017989050142,0.0504405911610069,0.0116943526815529,0.269470939659076,0.0253690614585924,-0.0257665222495518,-0.3748277657441526,0.0282749850295932
0.0116943526815529,0.269470939659076,0.0253690614585924,-0.0257665222495518,-0.3748277657441526,0.0282749850295932,0.0056934584050003,-0.2049366640132883,0.0203324844527584
-0.0257665222495518,-0.3748277657441526,0.0282749850295932,0.0056934584050003,-0.2049366640132883,0.0203324844527584,-0.005442219547736,0.0091033516885763,0.0325520468350316
0.0056934584050003,-0.2049366640132883,0.0203324844527584,-0.005442219547736,0.0091033516885763,0.0325520468350316,0.0197215826134817,0.049826084712373,0.021293550478312
-0.005442219547736,0.0091033516885763,0.0325520468350316,0.0197215826134817,0.049826084712373,0.021293550478312,0.0104805513044887,-0.2305023913643205,0.019434779596192
