feature_0,feature_1,feature_2,feature_3,feature_4,feature_5,feature_6,feature_7,feature_8
-0.0020842898404532,0.100211793557017,0.0498496415790978,0.0201895029202852,-0.0157041540020262,0.0247613901349787,-0.0068242233561728,-0.1713844570252187,0.0273624086073341
0.0201895029202852,-0.0157041540020262,0.0247613901349787,-0.0068242233561728,-0.1713844570252187,0.0273624086073341,0.0098943736346912,-0.2283229813664596,0.0223735496225007
-0.0068242233561728,-0.1713844570252187,0.0273624086073341,0.0098943736346912,-0.2283229813664596,0.0223735496225007,-0.0160568157967169,1.0574694140373473,0.0203911956634473
0.0098943736346912,-0.2283229813664596,0.0223735496225007,-0.0160568157967169,1.0574694140373473,0.0203911956634473,0.0034574120726174,-0.4522337845239026,0.0234722561306422
-0.0160568157967169,1.0574694140373473,0.0203911956634473,0.0034574120726174,-0.4522337845239026,0.0234722561306422,0.0177783576674854,-0.1376946150549921,0.0189925293678122
0.0034574120726174,-0.4522337845239026,0.0234722561306422,0.0177783576674854,-0.1376946150549921,0.0189925293678122,-0.018957280275586,0.0215338744409474,0.0292938377328944
0.0177783576674854,-0.1376946150549921,0.0189925293678122,-0.018957280275586,0.0215338744409474,0.0292938377328944,-0.0073154725979728,0.1652343116588293,0.0277622457291918
-0.018957280275586,0.0215338744409474,0.0292938377328944,-0.0073154725979728,0.1652343116588293,0.0277622457291918,0.0086207837601524,0.1486223211800723,0.0361154677861219
