{
  "aida": 0.02,
  "iforest": 0.06338882446289062,
  "lof": 0.03980898857116699
}