{
  "aida": 0.02,
  "iforest": 0.054388999938964844,
  "lof": 0.030300140380859375
}