{
  "aida": 0.031,
  "iforest": 0.08367419242858887,
  "lof": 0.0492091178894043
}