{
  "aida": 0.031,
  "iforest": 0.09139704704284668,
  "lof": 0.047297000885009766
}