{
  "aida": 0.021,
  "iforest": 0.06502079963684082,
  "lof": 0.023951053619384766
}