{
  "aida": 0.025,
  "iforest": 0.08170962333679199,
  "lof": 0.014565229415893555
}