feature_0,feature_1,feature_2,feature_3,feature_4,feature_5,feature_6,feature_7,feature_8,feature_9,feature_10,feature_11,feature_12,feature_13,feature_14
0.0156388026771612,0.1105815959255749,0.0161352608125597,-0.0026118199003291,0.0120534538064556,0.0093728975673924,0.0034915458226345,0.0461285548097456,0.0130205200613,0.0111985990037228,0.1387034068938393,0.0149091604710182,-0.0058599947787959,0.5471595459185856,0.0147609548903104
-0.0026118199003291,0.0120534538064556,0.0093728975673924,0.0034915458226345,0.0461285548097456,0.0130205200613,0.0111985990037228,0.1387034068938393,0.0149091604710182,-0.0058599947787959,0.5471595459185856,0.0147609548903104,0.000486827807864,-0.5080870760878584,0.0091643750764346
0.0034915458226345,0.0461285548097456,0.0130205200613,0.0111985990037228,0.1387034068938393,0.0149091604710182,-0.0058599947787959,0.5471595459185856,0.0147609548903104,0.000486827807864,-0.5080870760878584,0.0091643750764346,-0.005675285706822,-0.0056908658991828,0.0154444787818506
0.0111985990037228,0.1387034068938393,0.0149091604710182,-0.0058599947787959,0.5471595459185856,0.0147609548903104,0.000486827807864,-0.5080870760878584,0.0091643750764346,-0.005675285706822,-0.0056908658991828,0.0154444787818506,0.0165252345917823,0.0349303352270087,0.0184025965944829
-0.0058599947787959,0.5471595459185856,0.0147609548903104,0.000486827807864,-0.5080870760878584,0.0091643750764346,-0.005675285706822,-0.0056908658991828,0.0154444787818506,0.0165252345917823,0.0349303352270087,0.0184025965944829,-0.0017112417247663,0.0357886479345423,0.0137830556589935
0.000486827807864,-0.5080870760878584,0.0091643750764346,-0.005675285706822,-0.0056908658991828,0.0154444787818506,0.0165252345917823,0.0349303352270087,0.0184025965944829,-0.0017112417247663,0.0357886479345423,0.0137830556589935,-0.0075530556607682,-0.0940215865695289,0.0152243556079696
-0.005675285706822,-0.0056908658991828,0.0154444787818506,0.0165252345917823,0.0349303352270087,0.0184025965944829,-0.0017112417247663,0.0357886479345423,0.0137830556589935,-0.0075530556607682,-0.0940215865695289,0.0152243556079696,0.0150589968344945,0.0549422213534571,0.0146496539426261
0.0165252345917823,0.0349303352270087,0.0184025965944829,-0.0017112417247663,0.0357886479345423,0.0137830556589935,-0.0075530556607682,-0.0940215865695289,0.0152243556079696,0.0150589968344945,0.0549422213534571,0.0146496539426261,0.0063278505384243,0.009579979026548,0.0122600624634289
