feature_0,feature_1,feature_2,feature_3,feature_4,feature_5,feature_6,feature_7,feature_8,feature_9,feature_10,feature_11,feature_12,feature_13,feature_14
-0.000973226254521,0.1517575401775885,0.0106974753958065,-0.0067107127468115,-0.1866836572156738,0.0151796373733853,0.0023973109812653,-0.0032902467685076,0.013397773483555,0.0008696796707525,0.0806413581702427,0.0145865521671774,-0.006190938380727,1.6993963197323445,0.0170068363192664
-0.0067107127468115,-0.1866836572156738,0.0151796373733853,0.0023973109812653,-0.0032902467685076,0.013397773483555,0.0008696796707525,0.0806413581702427,0.0145865521671774,-0.006190938380727,1.6993963197323445,0.0170068363192664,-0.0089617452986253,-0.5237376731152665,0.0183933923779432
0.0023973109812653,-0.0032902467685076,0.013397773483555,0.0008696796707525,0.0806413581702427,0.0145865521671774,-0.006190938380727,1.6993963197323445,0.0170068363192664,-0.0089617452986253,-0.5237376731152665,0.0183933923779432,-0.0287825386145548,0.1081692690653994,0.0305204461870923
0.0008696796707525,0.0806413581702427,0.0145865521671774,-0.006190938380727,1.6993963197323445,0.0170068363192664,-0.0089617452986253,-0.5237376731152665,0.0183933923779432,-0.0287825386145548,0.1081692690653994,0.0305204461870923,0.0021574025441652,-0.3687972227894629,0.0164481281920775
-0.006190938380727,1.6993963197323445,0.0170068363192664,-0.0089617452986253,-0.5237376731152665,0.0183933923779432,-0.0287825386145548,0.1081692690653994,0.0305204461870923,0.0021574025441652,-0.3687972227894629,0.0164481281920775,0.004192104104149,0.3660627628599158,0.0159927063198211
-0.0089617452986253,-0.5237376731152665,0.0183933923779432,-0.0287825386145548,0.1081692690653994,0.0305204461870923,0.0021574025441652,-0.3687972227894629,0.0164481281920775,0.004192104104149,0.3660627628599158,0.0159927063198211,-0.0020309185462469,-0.3725873297809354,0.0081660568861928
-0.0287825386145548,0.1081692690653994,0.0305204461870923,0.0021574025441652,-0.3687972227894629,0.0164481281920775,0.004192104104149,0.3660627628599158,0.0159927063198211,-0.0020309185462469,-0.3725873297809354,0.0081660568861928,0.0101752578511173,0.1350382183636878,0.0151343610123639
0.0021574025441652,-0.3687972227894629,0.0164481281920775,0.004192104104149,0.3660627628599158,0.0159927063198211,-0.0020309185462469,-0.3725873297809354,0.0081660568861928,0.0101752578511173,0.1350382183636878,0.0151343610123639,-0.0033575313652653,-0.0761556368473561,0.0089205164555775
