feature_0,feature_1,feature_2,feature_3,feature_4,feature_5,feature_6,feature_7,feature_8,feature_9,feature_10,feature_11,feature_12,feature_13,feature_14
0.0225003483398473,0.1820057779612052,0.0325283259801632,0.0344694020823401,0.6651536312849162,0.05041499812237,0.0013663823874845,-0.4351016984692808,0.0338977369139267,0.0332754799685681,0.2860059391239793,0.0413658136062539,-0.0087037242271228,0.8159907634579304,0.0286353253035425
0.0344694020823401,0.6651536312849162,0.05041499812237,0.0013663823874845,-0.4351016984692808,0.0338977369139267,0.0332754799685681,0.2860059391239793,0.0413658136062539,-0.0087037242271228,0.8159907634579304,0.0286353253035425,0.0034514641719909,-0.5787967893189223,0.0390602722408288
0.0013663823874845,-0.4351016984692808,0.0338977369139267,0.0332754799685681,0.2860059391239793,0.0413658136062539,-0.0087037242271228,0.8159907634579304,0.0286353253035425,0.0034514641719909,-0.5787967893189223,0.0390602722408288,-0.002172408160439,0.0926415094339623,0.0186568153521383
0.0332754799685681,0.2860059391239793,0.0413658136062539,-0.0087037242271228,0.8159907634579304,0.0286353253035425,0.0034514641719909,-0.5787967893189223,0.0390602722408288,-0.002172408160439,0.0926415094339623,0.0186568153521383,0.0111578196508994,-0.2058366430668278,0.0266229660363041
-0.0087037242271228,0.8159907634579304,0.0286353253035425,0.0034514641719909,-0.5787967893189223,0.0390602722408288,-0.002172408160439,0.0926415094339623,0.0186568153521383,0.0111578196508994,-0.2058366430668278,0.0266229660363041,-0.0166567207711821,1.3779082409219394,0.0186461463341346
0.0034514641719909,-0.5787967893189223,0.0390602722408288,-0.002172408160439,0.0926415094339623,0.0186568153521383,0.0111578196508994,-0.2058366430668278,0.0266229660363041,-0.0166567207711821,1.3779082409219394,0.0186461463341346,0.0079980688812104,-0.6439283101682516,0.0246283653551972
-0.002172408160439,0.0926415094339623,0.0186568153521383,0.0111578196508994,-0.2058366430668278,0.0266229660363041,-0.0166567207711821,1.3779082409219394,0.0186461463341346,0.0079980688812104,-0.6439283101682516,0.0246283653551972,0.0278465311780442,0.2727272727272727,0.0393021781123125
0.0111578196508994,-0.2058366430668278,0.0266229660363041,-0.0166567207711821,1.3779082409219394,0.0186461463341346,0.0079980688812104,-0.6439283101682516,0.0246283653551972,0.0278465311780442,0.2727272727272727,0.0393021781123125,0.012856276531231,-0.0102905569007264,0.0254857075397139
