feature_0,feature_1,feature_2,feature_3,feature_4,feature_5,feature_6,feature_7,feature_8,feature_9,feature_10,feature_11,feature_12,feature_13,feature_14
0.0172213529664535,0.9847815414825724,0.024722156372943,0.0277511684196696,0.1479099678456592,0.0301073801194976,-0.0046880401169144,0.1031027795733678,0.0203748517262717,0.018583652379791,-0.1627112022658462,0.0281774800265022,-0.0042879470082511,2.3617170185466,0.020588720011024
0.0277511684196696,0.1479099678456592,0.0301073801194976,-0.0046880401169144,0.1031027795733678,0.0203748517262717,0.018583652379791,-0.1627112022658462,0.0281774800265022,-0.0042879470082511,2.3617170185466,0.020588720011024,-0.0017731589424866,-0.7222761970853574,0.0154437306750752
-0.0046880401169144,0.1031027795733678,0.0203748517262717,0.018583652379791,-0.1627112022658462,0.0281774800265022,-0.0042879470082511,2.3617170185466,0.020588720011024,-0.0017731589424866,-0.7222761970853574,0.0154437306750752,0.0101504859338417,-0.0890804597701149,0.0222373736838614
0.018583652379791,-0.1627112022658462,0.0281774800265022,-0.0042879470082511,2.3617170185466,0.020588720011024,-0.0017731589424866,-0.7222761970853574,0.0154437306750752,0.0101504859338417,-0.0890804597701149,0.0222373736838614,-0.0253726175147133,0.2326155534220271,0.0327078932843533
-0.0042879470082511,2.3617170185466,0.020588720011024,-0.0017731589424866,-0.7222761970853574,0.0154437306750752,0.0101504859338417,-0.0890804597701149,0.0222373736838614,-0.0253726175147133,0.2326155534220271,0.0327078932843533,-0.0076466267598863,0.2356737509736286,0.0163934186293607
-0.0017731589424866,-0.7222761970853574,0.0154437306750752,0.0101504859338417,-0.0890804597701149,0.0222373736838614,-0.0253726175147133,0.2326155534220271,0.0327078932843533,-0.0076466267598863,0.2356737509736286,0.0163934186293607,0.014458795174989,-0.4476361999099505,0.0172174929247566
0.0101504859338417,-0.0890804597701149,0.0222373736838614,-0.0253726175147133,0.2326155534220271,0.0327078932843533,-0.0076466267598863,0.2356737509736286,0.0163934186293607,0.014458795174989,-0.4476361999099505,0.0172174929247566,0.015532965745244,-0.2155200521682425,0.0175677769151026
-0.0253726175147133,0.2326155534220271,0.0327078932843533,-0.0076466267598863,0.2356737509736286,0.0163934186293607,0.014458795174989,-0.4476361999099505,0.0172174929247566,0.015532965745244,-0.2155200521682425,0.0175677769151026,-0.0069753298748794,0.0696176226101412,0.0169100983761228
