feature_0,feature_1,feature_2,feature_3,feature_4,feature_5,feature_6,feature_7,feature_8,feature_9,feature_10,feature_11,feature_12,feature_13,feature_14
0.0254395153681026,0.0001558542762516,0.0263093987866588,0.0007111003199982,-0.0150609684833846,0.0258028706587248,-0.0018948798849265,0.0367389962978197,0.0228004684099,0.0054580165432698,0.1532929562687777,0.0271074867668481,-0.0127448881976491,0.3924940248269475,0.0207501868379614
0.0007111003199982,-0.0150609684833846,0.0258028706587248,-0.0018948798849265,0.0367389962978197,0.0228004684099,0.0054580165432698,0.1532929562687777,0.0271074867668481,-0.0127448881976491,0.3924940248269475,0.0207501868379614,0.002310948445805,-0.3237749753231157,0.0220883534136546
-0.0018948798849265,0.0367389962978197,0.0228004684099,0.0054580165432698,0.1532929562687777,0.0271074867668481,-0.0127448881976491,0.3924940248269475,0.0207501868379614,0.002310948445805,-0.3237749753231157,0.0220883534136546,-0.0075528459012719,-0.0841804247665118,0.0232539759248708
0.0054580165432698,0.1532929562687777,0.0271074867668481,-0.0127448881976491,0.3924940248269475,0.0207501868379614,0.002310948445805,-0.3237749753231157,0.0220883534136546,-0.0075528459012719,-0.0841804247665118,0.0232539759248708,0.0426178962380356,0.7329993459627102,0.0414735693361012
-0.0127448881976491,0.3924940248269475,0.0207501868379614,0.002310948445805,-0.3237749753231157,0.0220883534136546,-0.0075528459012719,-0.0841804247665118,0.0232539759248708,0.0426178962380356,0.7329993459627102,0.0414735693361012,-0.0063003619199696,-0.204742204602754,0.0199563266522801
0.002310948445805,-0.3237749753231157,0.0220883534136546,-0.0075528459012719,-0.0841804247665118,0.0232539759248708,0.0426178962380356,0.7329993459627102,0.0414735693361012,-0.0063003619199696,-0.204742204602754,0.0199563266522801,-0.0154643158716771,-0.1651362740622808,0.034539788133332
-0.0075528459012719,-0.0841804247665118,0.0232539759248708,0.0426178962380356,0.7329993459627102,0.0414735693361012,-0.0063003619199696,-0.204742204602754,0.0199563266522801,-0.0154643158716771,-0.1651362740622808,0.034539788133332,0.0145291040455743,-0.2198442055499897,0.0199137061964799
0.0426178962380356,0.7329993459627102,0.0414735693361012,-0.0063003619199696,-0.204742204602754,0.0199563266522801,-0.0154643158716771,-0.1651362740622808,0.034539788133332,0.0145291040455743,-0.2198442055499897,0.0199137061964799,-0.0010837544324669,0.1142817461165359,0.0236685863309574
