feature_0,feature_1,feature_2,feature_3,feature_4,feature_5,feature_6,feature_7,feature_8,feature_9,feature_10,feature_11,feature_12,feature_13,feature_14
0.0014488285856804,0.4529930224017628,0.0115100840779998,0.0005958173189308,-0.1519019335271073,0.0102916345912564,-0.0042529254270106,0.4140962598718523,0.0118231428974075,0.0035875574143204,-0.0648050579557428,0.0100239732411672,-0.0041703970718738,0.7021971830985916,0.0157345330894154
0.0005958173189308,-0.1519019335271073,0.0102916345912564,-0.0042529254270106,0.4140962598718523,0.0118231428974075,0.0035875574143204,-0.0648050579557428,0.0100239732411672,-0.0041703970718738,0.7021971830985916,0.0157345330894154,-0.009316263230808,-0.5358443105844972,0.0119972327147064
-0.0042529254270106,0.4140962598718523,0.0118231428974075,0.0035875574143204,-0.0648050579557428,0.0100239732411672,-0.0041703970718738,0.7021971830985916,0.0157345330894154,-0.009316263230808,-0.5358443105844972,0.0119972327147064,0.0144076657188443,-0.1294922989161437,0.0287506803175977
0.0035875574143204,-0.0648050579557428,0.0100239732411672,-0.0041703970718738,0.7021971830985916,0.0157345330894154,-0.009316263230808,-0.5358443105844972,0.0119972327147064,0.0144076657188443,-0.1294922989161437,0.0287506803175977,-0.0138630208912315,-0.1710353866317169,0.0213649442752615
-0.0041703970718738,0.7021971830985916,0.0157345330894154,-0.009316263230808,-0.5358443105844972,0.0119972327147064,0.0144076657188443,-0.1294922989161437,0.0287506803175977,-0.0138630208912315,-0.1710353866317169,0.0213649442752615,-0.0131952714103553,0.7096837944664032,0.0253717744449331
-0.009316263230808,-0.5358443105844972,0.0119972327147064,0.0144076657188443,-0.1294922989161437,0.0287506803175977,-0.0138630208912315,-0.1710353866317169,0.0213649442752615,-0.0131952714103553,0.7096837944664032,0.0253717744449331,0.0168677644807382,-0.3173043578777019,0.0189945139752471
0.0144076657188443,-0.1294922989161437,0.0287506803175977,-0.0138630208912315,-0.1710353866317169,0.0213649442752615,-0.0131952714103553,0.7096837944664032,0.0253717744449331,0.0168677644807382,-0.3173043578777019,0.0189945139752471,0.0072195841144031,-0.101591601760921,0.0102444453727224
-0.0138630208912315,-0.1710353866317169,0.0213649442752615,-0.0131952714103553,0.7096837944664032,0.0253717744449331,0.0168677644807382,-0.3173043578777019,0.0189945139752471,0.0072195841144031,-0.101591601760921,0.0102444453727224,-0.0164689265825423,0.4253675084809649,0.018150206775472
