feature_0,feature_1,feature_2,feature_3,feature_4,feature_5,feature_6,feature_7,feature_8,feature_9,feature_10,feature_11,feature_12,feature_13,feature_14
0.0136934274059152,0.1985621580353733,0.0191131499585794,0.0191369836422927,0.1779287647964329,0.0330206784507175,0.0025772450915215,-0.1269884187283132,0.0248332130341618,0.0005509290993979,-0.0553347442316626,0.0255311020458535,0.072306865260834,5.307141686246653,0.103305781867105
0.0191369836422927,0.1779287647964329,0.0330206784507175,0.0025772450915215,-0.1269884187283132,0.0248332130341618,0.0005509290993979,-0.0553347442316626,0.0255311020458535,0.072306865260834,5.307141686246653,0.103305781867105,-0.0415881304117824,-0.6916665944709643,0.0384407340548786
0.0025772450915215,-0.1269884187283132,0.0248332130341618,0.0005509290993979,-0.0553347442316626,0.0255311020458535,0.072306865260834,5.307141686246653,0.103305781867105,-0.0415881304117824,-0.6916665944709643,0.0384407340548786,-0.0091072572383794,-0.3577971340264119,0.0209992724867039
0.0005509290993979,-0.0553347442316626,0.0255311020458535,0.072306865260834,5.307141686246653,0.103305781867105,-0.0415881304117824,-0.6916665944709643,0.0384407340548786,-0.0091072572383794,-0.3577971340264119,0.0209992724867039,0.0154982221985726,-0.3904882744137207,0.023356888035837
0.072306865260834,5.307141686246653,0.103305781867105,-0.0415881304117824,-0.6916665944709643,0.0384407340548786,-0.0091072572383794,-0.3577971340264119,0.0209992724867039,0.0154982221985726,-0.3904882744137207,0.023356888035837,-0.0095830041615994,2.2760031584236593,0.0223311456308419
-0.0415881304117824,-0.6916665944709643,0.0384407340548786,-0.0091072572383794,-0.3577971340264119,0.0209992724867039,0.0154982221985726,-0.3904882744137207,0.023356888035837,-0.0095830041615994,2.2760031584236593,0.0223311456308419,0.0039420223402493,-0.7283404180726587,0.0221422062849592
-0.0091072572383794,-0.3577971340264119,0.0209992724867039,0.0154982221985726,-0.3904882744137207,0.023356888035837,-0.0095830041615994,2.2760031584236593,0.0223311456308419,0.0039420223402493,-0.7283404180726587,0.0221422062849592,0.0264144051577843,0.1375221809969349,0.0280156971658651
0.0154982221985726,-0.3904882744137207,0.023356888035837,-0.0095830041615994,2.2760031584236593,0.0223311456308419,0.0039420223402493,-0.7283404180726587,0.0221422062849592,0.0264144051577843,0.1375221809969349,0.0280156971658651,-0.0149539261704947,-0.0219811387648017,0.0230110072998442
