feature_0,feature_1,feature_2,feature_3,feature_4,feature_5,feature_6,feature_7,feature_8,feature_9,feature_10,feature_11,feature_12,feature_13,feature_14
-0.0017453198986862,0.0619401631912963,0.0183161824085763,0.0049536584274934,0.0674452754157701,0.0164997464923383,0.0133370254321776,0.8235971591272635,0.0191637593998121,-0.004577984506872,-0.3923721974667555,0.0162130151635869,-0.0043115802749644,0.3273472687377294,0.0156431317603268
0.0049536584274934,0.0674452754157701,0.0164997464923383,0.0133370254321776,0.8235971591272635,0.0191637593998121,-0.004577984506872,-0.3923721974667555,0.0162130151635869,-0.0043115802749644,0.3273472687377294,0.0156431317603268,-0.0115472348527017,-0.2873798233784312,0.0148948100622885
0.0133370254321776,0.8235971591272635,0.0191637593998121,-0.004577984506872,-0.3923721974667555,0.0162130151635869,-0.0043115802749644,0.3273472687377294,0.0156431317603268,-0.0115472348527017,-0.2873798233784312,0.0148948100622885,0.0043808370518851,-0.1683657896343324,0.0167499181684071
-0.004577984506872,-0.3923721974667555,0.0162130151635869,-0.0043115802749644,0.3273472687377294,0.0156431317603268,-0.0115472348527017,-0.2873798233784312,0.0148948100622885,0.0043808370518851,-0.1683657896343324,0.0167499181684071,0.0,-0.1658225060559348,0.009618128917194
-0.0043115802749644,0.3273472687377294,0.0156431317603268,-0.0115472348527017,-0.2873798233784312,0.0148948100622885,0.0043808370518851,-0.1683657896343324,0.0167499181684071,0.0,-0.1658225060559348,0.009618128917194,-0.0087234580555,0.7920186554030271,0.0179148494572543
-0.0115472348527017,-0.2873798233784312,0.0148948100622885,0.0043808370518851,-0.1683657896343324,0.0167499181684071,0.0,-0.1658225060559348,0.009618128917194,-0.0087234580555,0.7920186554030271,0.0179148494572543,0.0055734361920907,-0.2827960421321417,0.0202320825000624
0.0043808370518851,-0.1683657896343324,0.0167499181684071,0.0,-0.1658225060559348,0.009618128917194,-0.0087234580555,0.7920186554030271,0.0179148494572543,0.0055734361920907,-0.2827960421321417,0.0202320825000624,-0.0011668197656194,-0.0138304063537708,0.0099531661038238
0.0,-0.1658225060559348,0.009618128917194,-0.0087234580555,0.7920186554030271,0.0179148494572543,0.0055734361920907,-0.2827960421321417,0.0202320825000624,-0.0011668197656194,-0.0138304063537708,0.0099531661038238,-0.0347547415851396,0.8468774950532856,0.0185466896221212
