feature_0,feature_1,feature_2,feature_3,feature_4,feature_5,feature_6,feature_7,feature_8,feature_9,feature_10,feature_11,feature_12,feature_13,feature_14
0.0105298076033197,0.0182679296346413,0.0178287430596415,0.0038208101968681,0.6538717096856632,0.0168480009158486,0.0032885285844048,-0.4997836701897521,0.0176842727615187,0.0216763398830766,0.2262449030025948,0.0286090585654971,-0.0195055267895873,1.0070536074163643,0.0225485218697976
0.0038208101968681,0.6538717096856632,0.0168480009158486,0.0032885285844048,-0.4997836701897521,0.0176842727615187,0.0216763398830766,0.2262449030025948,0.0286090585654971,-0.0195055267895873,1.0070536074163643,0.0225485218697976,-0.0188464109358172,-0.4121899789135456,0.0192445091163584
0.0032885285844048,-0.4997836701897521,0.0176842727615187,0.0216763398830766,0.2262449030025948,0.0286090585654971,-0.0195055267895873,1.0070536074163643,0.0225485218697976,-0.0188464109358172,-0.4121899789135456,0.0192445091163584,-0.0025789582583067,-0.2159634437991117,0.0173552006328059
0.0216763398830766,0.2262449030025948,0.0286090585654971,-0.0195055267895873,1.0070536074163643,0.0225485218697976,-0.0188464109358172,-0.4121899789135456,0.0192445091163584,-0.0025789582583067,-0.2159634437991117,0.0173552006328059,-0.0223788761528612,2.2050220600250556,0.0374465589708866
-0.0195055267895873,1.0070536074163643,0.0225485218697976,-0.0188464109358172,-0.4121899789135456,0.0192445091163584,-0.0025789582583067,-0.2159634437991117,0.0173552006328059,-0.0223788761528612,2.2050220600250556,0.0374465589708866,-0.0019150584763665,0.5101204942132187,0.0224770362224054
-0.0188464109358172,-0.4121899789135456,0.0192445091163584,-0.0025789582583067,-0.2159634437991117,0.0173552006328059,-0.0223788761528612,2.2050220600250556,0.0374465589708866,-0.0019150584763665,0.5101204942132187,0.0224770362224054,0.0123355973581684,-0.3685697243886244,0.0251038417998021
-0.0025789582583067,-0.2159634437991117,0.0173552006328059,-0.0223788761528612,2.2050220600250556,0.0374465589708866,-0.0019150584763665,0.5101204942132187,0.0224770362224054,0.0123355973581684,-0.3685697243886244,0.0251038417998021,0.0051448129023274,-0.2524105726558183,0.0165079337399021
-0.0223788761528612,2.2050220600250556,0.0374465589708866,-0.0019150584763665,0.5101204942132187,0.0224770362224054,0.0123355973581684,-0.3685697243886244,0.0251038417998021,0.0051448129023274,-0.2524105726558183,0.0165079337399021,0.019935366283488,0.2087972344737156,0.0371519815741245
