feature_0,feature_1,feature_2,feature_3,feature_4,feature_5,feature_6,feature_7,feature_8,feature_9,feature_10,feature_11,feature_12,feature_13,feature_14
0.0120451831464136,0.0960969243271196,0.0196158688664514,0.000643386794993,-0.1333590945240994,0.0162703328336805,-0.0004018504959678,0.2785142863068173,0.0215291189798295,0.011336271273266,-0.0057786825414848,0.0245249657903995,-0.0137531647964761,1.3121331641996812,0.023507520891777
0.000643386794993,-0.1333590945240994,0.0162703328336805,-0.0004018504959678,0.2785142863068173,0.0215291189798295,0.011336271273266,-0.0057786825414848,0.0245249657903995,-0.0137531647964761,1.3121331641996812,0.023507520891777,-0.0016927069817009,-0.5995893223819302,0.0190914368293223
-0.0004018504959678,0.2785142863068173,0.0215291189798295,0.011336271273266,-0.0057786825414848,0.0245249657903995,-0.0137531647964761,1.3121331641996812,0.023507520891777,-0.0016927069817009,-0.5995893223819302,0.0190914368293223,-0.0209123238405567,-0.0037888800775398,0.0210988171345369
0.011336271273266,-0.0057786825414848,0.0245249657903995,-0.0137531647964761,1.3121331641996812,0.023507520891777,-0.0016927069817009,-0.5995893223819302,0.0190914368293223,-0.0209123238405567,-0.0037888800775398,0.0210988171345369,0.0215239828189959,-0.0809349018220414,0.0362458122055131
-0.0137531647964761,1.3121331641996812,0.023507520891777,-0.0016927069817009,-0.5995893223819302,0.0190914368293223,-0.0209123238405567,-0.0037888800775398,0.0210988171345369,0.0215239828189959,-0.0809349018220414,0.0362458122055131,-0.0068620330111028,0.4215687689768501,0.0129657133033074
-0.0016927069817009,-0.5995893223819302,0.0190914368293223,-0.0209123238405567,-0.0037888800775398,0.0210988171345369,0.0215239828189959,-0.0809349018220414,0.0362458122055131,-0.0068620330111028,0.4215687689768501,0.0129657133033074,-0.0319461082415047,-0.2152090688456448,0.0313472008059368
-0.0209123238405567,-0.0037888800775398,0.0210988171345369,0.0215239828189959,-0.0809349018220414,0.0362458122055131,-0.0068620330111028,0.4215687689768501,0.0129657133033074,-0.0319461082415047,-0.2152090688456448,0.0313472008059368,-0.0006716753630442,0.1741082596506362,0.0255324000295492
0.0215239828189959,-0.0809349018220414,0.0362458122055131,-0.0068620330111028,0.4215687689768501,0.0129657133033074,-0.0319461082415047,-0.2152090688456448,0.0313472008059368,-0.0006716753630442,0.1741082596506362,0.0255324000295492,0.0173934310247811,-0.2743619979648589,0.0312074678279261
