feature_0,feature_1,feature_2,feature_3,feature_4,feature_5,feature_6,feature_7,feature_8,feature_9,feature_10,feature_11,feature_12,feature_13,feature_14
0.0115355572698137,0.1912214623882167,0.0196449064417776,0.0015368322333124,-0.2129589068196591,0.0160740652056192,-0.0012921723439586,0.373188259427335,0.0214080376191664,0.0114821932931226,0.1521297842921258,0.0249999797422125,-0.0124709963645793,0.2913128470222406,0.0229558878899823
0.0015368322333124,-0.2129589068196591,0.0160740652056192,-0.0012921723439586,0.373188259427335,0.0214080376191664,0.0114821932931226,0.1521297842921258,0.0249999797422125,-0.0124709963645793,0.2913128470222406,0.0229558878899823,-0.0034809491678903,-0.4266050006591378,0.0198952048249455
-0.0012921723439586,0.373188259427335,0.0214080376191664,0.0114821932931226,0.1521297842921258,0.0249999797422125,-0.0124709963645793,0.2913128470222406,0.0229558878899823,-0.0034809491678903,-0.4266050006591378,0.0198952048249455,-0.0207149124527732,0.1612721525050291,0.0213156138260895
0.0114821932931226,0.1521297842921258,0.0249999797422125,-0.0124709963645793,0.2913128470222406,0.0229558878899823,-0.0034809491678903,-0.4266050006591378,0.0198952048249455,-0.0207149124527732,0.1612721525050291,0.0213156138260895,0.0215678997727646,-0.1106733583446346,0.0371118064862502
-0.0124709963645793,0.2913128470222406,0.0229558878899823,-0.0034809491678903,-0.4266050006591378,0.0198952048249455,-0.0207149124527732,0.1612721525050291,0.0213156138260895,0.0215678997727646,-0.1106733583446346,0.0371118064862502,-0.0065773973055105,0.2943396086404821,0.0142904625129888
-0.0034809491678903,-0.4266050006591378,0.0198952048249455,-0.0207149124527732,0.1612721525050291,0.0213156138260895,0.0215678997727646,-0.1106733583446346,0.0371118064862502,-0.0065773973055105,0.2943396086404821,0.0142904625129888,-0.0326957452163974,-0.0262402788567104,0.0315380355356786
-0.0207149124527732,0.1612721525050291,0.0213156138260895,0.0215678997727646,-0.1106733583446346,0.0371118064862502,-0.0065773973055105,0.2943396086404821,0.0142904625129888,-0.0326957452163974,-0.0262402788567104,0.0315380355356786,-8.453574909950134e-05,0.1638509386250768,0.0256675572446096
0.0215678997727646,-0.1106733583446346,0.0371118064862502,-0.0065773973055105,0.2943396086404821,0.0142904625129888,-0.0326957452163974,-0.0262402788567104,0.0315380355356786,-8.453574909950134e-05,0.1638509386250768,0.0256675572446096,0.0156342812956584,-0.3147645557581843,0.0302952585515983
