feature_0,feature_1,feature_2,feature_3,feature_4,feature_5,feature_6,feature_7,feature_8,feature_9,feature_10,feature_11,feature_12,feature_13,feature_14
0.0136290847427937,0.325063078216989,0.0200265855269951,-0.0035696894817059,0.7470644239923834,0.0101540853352938,-0.0041975913116035,-0.3411444141689373,0.0135625465288657,0.0266168297822488,0.7298042459332781,0.029319502723265,0.0076254747470185,1.2010678992668151,0.0114064112213105
-0.0035696894817059,0.7470644239923834,0.0101540853352938,-0.0041975913116035,-0.3411444141689373,0.0135625465288657,0.0266168297822488,0.7298042459332781,0.029319502723265,0.0076254747470185,1.2010678992668151,0.0114064112213105,-0.0081497563191565,-0.7048770773742714,0.0135485575293489
-0.0041975913116035,-0.3411444141689373,0.0135625465288657,0.0266168297822488,0.7298042459332781,0.029319502723265,0.0076254747470185,1.2010678992668151,0.0114064112213105,-0.0081497563191565,-0.7048770773742714,0.0135485575293489,0.0150251348700904,0.3323518586676481,0.0284016559276405
0.0266168297822488,0.7298042459332781,0.029319502723265,0.0076254747470185,1.2010678992668151,0.0114064112213105,-0.0081497563191565,-0.7048770773742714,0.0135485575293489,0.0150251348700904,0.3323518586676481,0.0284016559276405,-0.0054355004756412,-0.3583793738489871,0.0088588661629552
0.0076254747470185,1.2010678992668151,0.0114064112213105,-0.0081497563191565,-0.7048770773742714,0.0135485575293489,0.0150251348700904,0.3323518586676481,0.0284016559276405,-0.0054355004756412,-0.3583793738489871,0.0088588661629552,-0.0148837125029726,0.4325487944890929,0.0157172554773271
-0.0081497563191565,-0.7048770773742714,0.0135485575293489,0.0150251348700904,0.3323518586676481,0.0284016559276405,-0.0054355004756412,-0.3583793738489871,0.0088588661629552,-0.0148837125029726,0.4325487944890929,0.0157172554773271,0.0145182816794757,-0.2747946303346023,0.020538948813857
0.0150251348700904,0.3323518586676481,0.0284016559276405,-0.0054355004756412,-0.3583793738489871,0.0088588661629552,-0.0148837125029726,0.4325487944890929,0.0157172554773271,0.0145182816794757,-0.2747946303346023,0.020538948813857,0.0055847757188298,0.0577427821522309,0.0176918824045241
-0.0054355004756412,-0.3583793738489871,0.0088588661629552,-0.0148837125029726,0.4325487944890929,0.0157172554773271,0.0145182816794757,-0.2747946303346023,0.020538948813857,0.0055847757188298,0.0577427821522309,0.0176918824045241,0.002776744396099,0.0758782813112184,0.0143657520215178
