feature_0,feature_1,feature_2,feature_3,feature_4,feature_5,feature_6,feature_7,feature_8,feature_9,feature_10,feature_11,feature_12,feature_13,feature_14
0.0230230770049748,-0.0883195088112879,0.024196335705108,0.0009962554730702,0.0467217095677512,0.0246386152329771,0.0074819392989575,0.1862843355605048,0.0248583136854819,0.0310223669551803,0.3545431314569416,0.0463119010565792,-0.0029449445825161,0.659479854467053,0.0275586373688624
0.0009962554730702,0.0467217095677512,0.0246386152329771,0.0074819392989575,0.1862843355605048,0.0248583136854819,0.0310223669551803,0.3545431314569416,0.0463119010565792,-0.0029449445825161,0.659479854467053,0.0275586373688624,0.0118504705325863,-0.5197123136709008,0.0310621480499166
0.0074819392989575,0.1862843355605048,0.0248583136854819,0.0310223669551803,0.3545431314569416,0.0463119010565792,-0.0029449445825161,0.659479854467053,0.0275586373688624,0.0118504705325863,-0.5197123136709008,0.0310621480499166,-0.0094606835597559,-0.007023611701511,0.020261585519608
0.0310223669551803,0.3545431314569416,0.0463119010565792,-0.0029449445825161,0.659479854467053,0.0275586373688624,0.0118504705325863,-0.5197123136709008,0.0310621480499166,-0.0094606835597559,-0.007023611701511,0.020261585519608,0.0115039057800843,-0.1456057053346435,0.0268908203712269
-0.0029449445825161,0.659479854467053,0.0275586373688624,0.0118504705325863,-0.5197123136709008,0.0310621480499166,-0.0094606835597559,-0.007023611701511,0.020261585519608,0.0115039057800843,-0.1456057053346435,0.0268908203712269,0.0135145694433351,1.903154910010192,0.038429828828066
0.0118504705325863,-0.5197123136709008,0.0310621480499166,-0.0094606835597559,-0.007023611701511,0.020261585519608,0.0115039057800843,-0.1456057053346435,0.0268908203712269,0.0135145694433351,1.903154910010192,0.038429828828066,-0.0355349694862034,-0.52474092146449,0.0439121115756051
-0.0094606835597559,-0.007023611701511,0.020261585519608,0.0115039057800843,-0.1456057053346435,0.0268908203712269,0.0135145694433351,1.903154910010192,0.038429828828066,-0.0355349694862034,-0.52474092146449,0.0439121115756051,0.0308111526176597,0.0773995468932475,0.0309995096961955
0.0115039057800843,-0.1456057053346435,0.0268908203712269,0.0135145694433351,1.903154910010192,0.038429828828066,-0.0355349694862034,-0.52474092146449,0.0439121115756051,0.0308111526176597,0.0773995468932475,0.0309995096961955,-0.0061313205576926,-0.3595101940762133,0.0193268685543889
