feature_0,feature_1,feature_2,feature_3,feature_4,feature_5,feature_6,feature_7,feature_8,feature_9,feature_10,feature_11,feature_12,feature_13,feature_14
0.0183646462838624,-0.0912191939997708,0.0236158979765549,0.0390050696411035,0.5775827692750983,0.0342476095508726,0.0481450953278543,0.2075266467495531,0.0603669849563466,-0.0080006164084849,-0.2320744397101821,0.0270956918185798,0.0009142624585598,0.1531544681704191,0.0248470825984221
0.0390050696411035,0.5775827692750983,0.0342476095508726,0.0481450953278543,0.2075266467495531,0.0603669849563466,-0.0080006164084849,-0.2320744397101821,0.0270956918185798,0.0009142624585598,0.1531544681704191,0.0248470825984221,0.0261407225257692,-0.311961556117119,0.0308384941340783
0.0481450953278543,0.2075266467495531,0.0603669849563466,-0.0080006164084849,-0.2320744397101821,0.0270956918185798,0.0009142624585598,0.1531544681704191,0.0248470825984221,0.0261407225257692,-0.311961556117119,0.0308384941340783,-0.0174168464204359,0.2226517389887687,0.0364781316686945
-0.0080006164084849,-0.2320744397101821,0.0270956918185798,0.0009142624585598,0.1531544681704191,0.0248470825984221,0.0261407225257692,-0.311961556117119,0.0308384941340783,-0.0174168464204359,0.2226517389887687,0.0364781316686945,-0.0004646283079939,-0.2426854096152486,0.02822364671464
0.0009142624585598,0.1531544681704191,0.0248470825984221,0.0261407225257692,-0.311961556117119,0.0308384941340783,-0.0174168464204359,0.2226517389887687,0.0364781316686945,-0.0004646283079939,-0.2426854096152486,0.02822364671464,-0.0189657356533441,-0.1426663187603684,0.0188979823823904
0.0261407225257692,-0.311961556117119,0.0308384941340783,-0.0174168464204359,0.2226517389887687,0.0364781316686945,-0.0004646283079939,-0.2426854096152486,0.02822364671464,-0.0189657356533441,-0.1426663187603684,0.0188979823823904,-0.0373617424459924,0.6594683643267996,0.0664339542696738
-0.0174168464204359,0.2226517389887687,0.0364781316686945,-0.0004646283079939,-0.2426854096152486,0.02822364671464,-0.0189657356533441,-0.1426663187603684,0.0188979823823904,-0.0373617424459924,0.6594683643267996,0.0664339542696738,0.0306163387525557,-0.2223491642577593,0.0368867854150837
-0.0004646283079939,-0.2426854096152486,0.02822364671464,-0.0189657356533441,-0.1426663187603684,0.0188979823823904,-0.0373617424459924,0.6594683643267996,0.0664339542696738,0.0306163387525557,-0.2223491642577593,0.0368867854150837,-0.0181248725681769,0.2606458592524476,0.0327508666107238
