feature_0,feature_1,feature_2,feature_3,feature_4,feature_5,feature_6,feature_7,feature_8,feature_9,feature_10,feature_11,feature_12,feature_13,feature_14
0.059899927552905,2.1066128250172893,0.0277243825421513,0.0021473657467943,0.0027992784309711,0.0686950650862602,0.0479087256118029,-0.3298393249453317,0.0584932123502327,0.0350044912014371,0.0461655028517906,0.0483313913893072,-0.0086131286660722,-0.2898892516204638,0.017978425669733
0.0021473657467943,0.0027992784309711,0.0686950650862602,0.0479087256118029,-0.3298393249453317,0.0584932123502327,0.0350044912014371,0.0461655028517906,0.0483313913893072,-0.0086131286660722,-0.2898892516204638,0.017978425669733,-0.0272597497768459,-0.1659790380032288,0.0269760654331308
0.0479087256118029,-0.3298393249453317,0.0584932123502327,0.0350044912014371,0.0461655028517906,0.0483313913893072,-0.0086131286660722,-0.2898892516204638,0.017978425669733,-0.0272597497768459,-0.1659790380032288,0.0269760654331308,0.0004916129244891,0.0805014441098752,0.0249252242006216
0.0350044912014371,0.0461655028517906,0.0483313913893072,-0.0086131286660722,-0.2898892516204638,0.017978425669733,-0.0272597497768459,-0.1659790380032288,0.0269760654331308,0.0004916129244891,0.0805014441098752,0.0249252242006216,-0.0124487367071134,-0.3059546152533697,0.0209877292368729
-0.0086131286660722,-0.2898892516204638,0.017978425669733,-0.0272597497768459,-0.1659790380032288,0.0269760654331308,0.0004916129244891,0.0805014441098752,0.0249252242006216,-0.0124487367071134,-0.3059546152533697,0.0209877292368729,-0.0160890085935979,0.6168936525886228,0.0148975973025498
-0.0272597497768459,-0.1659790380032288,0.0269760654331308,0.0004916129244891,0.0805014441098752,0.0249252242006216,-0.0124487367071134,-0.3059546152533697,0.0209877292368729,-0.0160890085935979,0.6168936525886228,0.0148975973025498,-0.015677674851444,-0.544537695878692,0.0233933455726172
0.0004916129244891,0.0805014441098752,0.0249252242006216,-0.0124487367071134,-0.3059546152533697,0.0209877292368729,-0.0160890085935979,0.6168936525886228,0.0148975973025498,-0.015677674851444,-0.544537695878692,0.0233933455726172,0.0090770066007648,-0.2243907866918882,0.0189230767918297
-0.0124487367071134,-0.3059546152533697,0.0209877292368729,-0.0160890085935979,0.6168936525886228,0.0148975973025498,-0.015677674851444,-0.544537695878692,0.0233933455726172,0.0090770066007648,-0.2243907866918882,0.0189230767918297,-0.0111168943351837,0.3256771490875703,0.0191597505681568
