feature_0,feature_1,feature_2,feature_3,feature_4,feature_5,feature_6,feature_7,feature_8,feature_9,feature_10,feature_11,feature_12,feature_13,feature_14
0.0139474869294886,0.9567847882454624,0.023826581071126,-0.0020499667846272,0.1595995288574794,0.0103126022570317,0.0004866594670074,0.0516759776536313,0.015573952406105,0.0038359018185083,-0.2028250633828323,0.0137990611455721,0.0008072772074287,1.6542480690595185,0.0146323160451556
-0.0020499667846272,0.1595995288574794,0.0103126022570317,0.0004866594670074,0.0516759776536313,0.015573952406105,0.0038359018185083,-0.2028250633828323,0.0137990611455721,0.0008072772074287,1.6542480690595185,0.0146323160451556,-0.0010755836825337,-0.6306059568640876,0.0169399241374117
0.0004866594670074,0.0516759776536313,0.015573952406105,0.0038359018185083,-0.2028250633828323,0.0137990611455721,0.0008072772074287,1.6542480690595185,0.0146323160451556,-0.0010755836825337,-0.6306059568640876,0.0169399241374117,0.0279408278924326,0.5682730923694779,0.031877043455617
0.0038359018185083,-0.2028250633828323,0.0137990611455721,0.0008072772074287,1.6542480690595185,0.0146323160451556,-0.0010755836825337,-0.6306059568640876,0.0169399241374117,0.0279408278924326,0.5682730923694779,0.031877043455617,-0.0085368090026541,-0.3853048360090614,0.0180428457463089
0.0008072772074287,1.6542480690595185,0.0146323160451556,-0.0010755836825337,-0.6306059568640876,0.0169399241374117,0.0279408278924326,0.5682730923694779,0.031877043455617,-0.0085368090026541,-0.3853048360090614,0.0180428457463089,-0.0142622188143811,2.6276237782406664,0.0154406474268383
-0.0010755836825337,-0.6306059568640876,0.0169399241374117,0.0279408278924326,0.5682730923694779,0.031877043455617,-0.0085368090026541,-0.3853048360090614,0.0180428457463089,-0.0142622188143811,2.6276237782406664,0.0154406474268383,0.0208990859981501,-0.6778710247349824,0.0190385128636287
0.0279408278924326,0.5682730923694779,0.031877043455617,-0.0085368090026541,-0.3853048360090614,0.0180428457463089,-0.0142622188143811,2.6276237782406664,0.0154406474268383,0.0208990859981501,-0.6778710247349824,0.0190385128636287,0.0217836946343346,-0.1454819690113807,0.0226700639145969
-0.0085368090026541,-0.3853048360090614,0.0180428457463089,-0.0142622188143811,2.6276237782406664,0.0154406474268383,0.0208990859981501,-0.6778710247349824,0.0190385128636287,0.0217836946343346,-0.1454819690113807,0.0226700639145969,-0.004828945970885,0.0574454428754813,0.0098846126602545
