feature_0,feature_1,feature_2,feature_3,feature_4,feature_5,feature_6,feature_7,feature_8,feature_9,feature_10,feature_11,feature_12,feature_13,feature_14
0.0117129494543173,-0.0561089652368367,0.0136765019005347,0.0121502418763936,0.3351281499030798,0.0180824142661179,-0.0016167283384019,-0.1024358767543152,0.0092332274041762,0.0088255776854779,0.0115025161754134,0.0103400821538914,-0.0126811342967605,0.3368869936034115,0.0184551399632998
0.0121502418763936,0.3351281499030798,0.0180824142661179,-0.0016167283384019,-0.1024358767543152,0.0092332274041762,0.0088255776854779,0.0115025161754134,0.0103400821538914,-0.0126811342967605,0.3368869936034115,0.0184551399632998,-0.0093078520476489,-0.4151382243487507,0.0136271887653027
-0.0016167283384019,-0.1024358767543152,0.0092332274041762,0.0088255776854779,0.0115025161754134,0.0103400821538914,-0.0126811342967605,0.3368869936034115,0.0184551399632998,-0.0093078520476489,-0.4151382243487507,0.0136271887653027,0.0104209718425145,0.1222588342233836,0.0175272190485167
0.0088255776854779,0.0115025161754134,0.0103400821538914,-0.0126811342967605,0.3368869936034115,0.0184551399632998,-0.0093078520476489,-0.4151382243487507,0.0136271887653027,0.0104209718425145,0.1222588342233836,0.0175272190485167,-0.0041009950639062,-0.2138301103573959,0.0175366089668586
-0.0126811342967605,0.3368869936034115,0.0184551399632998,-0.0093078520476489,-0.4151382243487507,0.0136271887653027,0.0104209718425145,0.1222588342233836,0.0175272190485167,-0.0041009950639062,-0.2138301103573959,0.0175366089668586,-0.0117828810165278,0.3238892466194463,0.0174391756398409
-0.0093078520476489,-0.4151382243487507,0.0136271887653027,0.0104209718425145,0.1222588342233836,0.0175272190485167,-0.0041009950639062,-0.2138301103573959,0.0175366089668586,-0.0117828810165278,0.3238892466194463,0.0174391756398409,0.0001650020213719,-0.2764591439688716,0.009406517178459
0.0104209718425145,0.1222588342233836,0.0175272190485167,-0.0041009950639062,-0.2138301103573959,0.0175366089668586,-0.0117828810165278,0.3238892466194463,0.0174391756398409,0.0001650020213719,-0.2764591439688716,0.009406517178459,0.0188515784057967,0.2570583490185534,0.0222681236178124
-0.0041009950639062,-0.2138301103573959,0.0175366089668586,-0.0117828810165278,0.3238892466194463,0.0174391756398409,0.0001650020213719,-0.2764591439688716,0.009406517178459,0.0188515784057967,0.2570583490185534,0.0222681236178124,-0.0008503147182037,-0.0073796791443849,0.0135118663124378
