feature_0,feature_1,feature_2,feature_3,feature_4,feature_5,feature_6,feature_7,feature_8,feature_9,feature_10,feature_11,feature_12,feature_13,feature_14
0.002932543556767,0.3072908171587016,0.0149751163377732,-0.0245358831131925,1.21085464753587,0.0302753461826691,-0.0242410831903523,-0.0639390519187359,0.0404694470680244,0.0232404083311552,-0.2392234882739494,0.0265237198535442,0.024539621137831,1.170536492590538,0.0288949781048397
-0.0245358831131925,1.21085464753587,0.0302753461826691,-0.0242410831903523,-0.0639390519187359,0.0404694470680244,0.0232404083311552,-0.2392234882739494,0.0265237198535442,0.024539621137831,1.170536492590538,0.0288949781048397,-0.0135046090718981,-0.5237312887915297,0.0366886972591577
-0.0242410831903523,-0.0639390519187359,0.0404694470680244,0.0232404083311552,-0.2392234882739494,0.0265237198535442,0.024539621137831,1.170536492590538,0.0288949781048397,-0.0135046090718981,-0.5237312887915297,0.0366886972591577,-0.0100737564339503,-0.3859716366423917,0.0186482743199687
0.0232404083311552,-0.2392234882739494,0.0265237198535442,0.024539621137831,1.170536492590538,0.0288949781048397,-0.0135046090718981,-0.5237312887915297,0.0366886972591577,-0.0100737564339503,-0.3859716366423917,0.0186482743199687,-0.0018264096263805,-0.1474406991260923,0.0111504451881121
0.024539621137831,1.170536492590538,0.0288949781048397,-0.0135046090718981,-0.5237312887915297,0.0366886972591577,-0.0100737564339503,-0.3859716366423917,0.0186482743199687,-0.0018264096263805,-0.1474406991260923,0.0111504451881121,0.0014376906095838,0.7106457753697466,0.0167148800599587
-0.0135046090718981,-0.5237312887915297,0.0366886972591577,-0.0100737564339503,-0.3859716366423917,0.0186482743199687,-0.0018264096263805,-0.1474406991260923,0.0111504451881121,0.0014376906095838,0.7106457753697466,0.0167148800599587,0.0022185223432877,-0.5995548707413114,0.0284498717750543
-0.0100737564339503,-0.3859716366423917,0.0186482743199687,-0.0018264096263805,-0.1474406991260923,0.0111504451881121,0.0014376906095838,0.7106457753697466,0.0167148800599587,0.0022185223432877,-0.5995548707413114,0.0284498717750543,-0.0156268587786825,0.7250961949551091,0.0232434583440028
-0.0018264096263805,-0.1474406991260923,0.0111504451881121,0.0014376906095838,0.7106457753697466,0.0167148800599587,0.0022185223432877,-0.5995548707413114,0.0284498717750543,-0.0156268587786825,0.7250961949551091,0.0232434583440028,0.0066146237057924,-0.236183395291202,0.0235704055094304
