feature_0,feature_1,feature_2,feature_3,feature_4,feature_5,feature_6,feature_7,feature_8,feature_9,feature_10,feature_11,feature_12,feature_13,feature_14
0.0076551936752455,-0.5127708703374778,0.0231124637906047,-0.003472898161713,-0.4186504319930006,0.0163970260707943,0.0089304437247386,0.4911895654355052,0.0174102116164875,-0.0041017914167914,4.2052144659354695e-05,0.01601227330101,-0.0010839299338324,0.264160464236155,0.0224058897530113
-0.003472898161713,-0.4186504319930006,0.0163970260707943,0.0089304437247386,0.4911895654355052,0.0174102116164875,-0.0041017914167914,4.2052144659354695e-05,0.01601227330101,-0.0010839299338324,0.264160464236155,0.0224058897530113,-0.0143230277701393,-0.4687822239962744,0.0221827852569234
0.0089304437247386,0.4911895654355052,0.0174102116164875,-0.0041017914167914,4.2052144659354695e-05,0.01601227330101,-0.0010839299338324,0.264160464236155,0.0224058897530113,-0.0143230277701393,-0.4687822239962744,0.0221827852569234,-0.0101275720238749,0.3579211020663744,0.0134649563651208
-0.0041017914167914,4.2052144659354695e-05,0.01601227330101,-0.0010839299338324,0.264160464236155,0.0224058897530113,-0.0143230277701393,-0.4687822239962744,0.0221827852569234,-0.0101275720238749,0.3579211020663744,0.0134649563651208,-0.010453780374696,-0.1499123858710689,0.0274938183439533
-0.0010839299338324,0.264160464236155,0.0224058897530113,-0.0143230277701393,-0.4687822239962744,0.0221827852569234,-0.0101275720238749,0.3579211020663744,0.0134649563651208,-0.010453780374696,-0.1499123858710689,0.0274938183439533,-0.0004497015692099,0.9443449959316516,0.0207487182178463
-0.0143230277701393,-0.4687822239962744,0.0221827852569234,-0.0101275720238749,0.3579211020663744,0.0134649563651208,-0.010453780374696,-0.1499123858710689,0.0274938183439533,-0.0004497015692099,0.9443449959316516,0.0207487182178463,0.0314818638128959,-0.4472436112041067,0.0309973282552963
-0.0101275720238749,0.3579211020663744,0.0134649563651208,-0.010453780374696,-0.1499123858710689,0.0274938183439533,-0.0004497015692099,0.9443449959316516,0.0207487182178463,0.0314818638128959,-0.4472436112041067,0.0309973282552963,0.0237630097998744,0.5233432594761016,0.0308062012958303
-0.010453780374696,-0.1499123858710689,0.0274938183439533,-0.0004497015692099,0.9443449959316516,0.0207487182178463,0.0314818638128959,-0.4472436112041067,0.0309973282552963,0.0237630097998744,0.5233432594761016,0.0308062012958303,-0.0080919532218259,-0.4107083692266914,0.0123349860661595
