{
  "aida": 0.123,
  "iforest": 0.07044696807861328,
  "lof": 0.02250194549560547
}