{
  "aida": 0.127,
  "iforest": 0.0664360523223877,
  "lof": 0.03742718696594238
}