{
  "aida": 0.205,
  "iforest": 0.0940389633178711,
  "lof": 0.04057502746582031
}