{
  "aida": 0.121,
  "iforest": 0.06751275062561035,
  "lof": 0.042054176330566406
}