{
  "aida": 0.144,
  "iforest": 0.09694099426269531,
  "lof": 0.01469111442565918
}