{
  "aida": 0.2,
  "iforest": 0.0915520191192627,
  "lof": 0.03625178337097168
}