{
  "aida": 0.022,
  "iforest": 0.05803680419921875,
  "lof": 0.018743038177490234
}