{
  "aida": 0.031,
  "iforest": 0.08501410484313965,
  "lof": 0.045287132263183594
}