{
  "aida": 0.025,
  "iforest": 0.08665823936462402,
  "lof": 0.014574050903320312
}