{
  "aida": 0.021,
  "iforest": 0.05253887176513672,
  "lof": 0.04218769073486328
}