{
  "aida": 0.032,
  "iforest": 0.0870668888092041,
  "lof": 0.03540992736816406
}