{
  "aida": 0.02,
  "iforest": 0.06313610076904297,
  "lof": 0.029745817184448242
}