feature_0,feature_1,feature_2,feature_3,feature_4,feature_5,feature_6,feature_7,feature_8,feature_9,feature_10,feature_11,feature_12,feature_13,feature_14
0.0132658967666712,0.2316485933115948,0.0368314323209672,0.014089272209963,-0.1274161674980551,0.0219852608846193,0.0026213355013491,0.0471125259342786,0.0222118588028669,0.0186939698973902,-0.013046875708682,0.0317858569217839,-0.0054539197235707,0.2991487780507371,0.0159450786448754
0.014089272209963,-0.1274161674980551,0.0219852608846193,0.0026213355013491,0.0471125259342786,0.0222118588028669,0.0186939698973902,-0.013046875708682,0.0317858569217839,-0.0054539197235707,0.2991487780507371,0.0159450786448754,0.0154838668619734,-0.255730984813724,0.0238080672919057
0.0026213355013491,0.0471125259342786,0.0222118588028669,0.0186939698973902,-0.013046875708682,0.0317858569217839,-0.0054539197235707,0.2991487780507371,0.0159450786448754,0.0154838668619734,-0.255730984813724,0.0238080672919057,0.0119442319843852,0.0040316995603015,0.0182700953942414
0.0186939698973902,-0.013046875708682,0.0317858569217839,-0.0054539197235707,0.2991487780507371,0.0159450786448754,0.0154838668619734,-0.255730984813724,0.0238080672919057,0.0119442319843852,0.0040316995603015,0.0182700953942414,-0.0091035184001789,0.0238509676311193,0.0274380704520761
-0.0054539197235707,0.2991487780507371,0.0159450786448754,0.0154838668619734,-0.255730984813724,0.0238080672919057,0.0119442319843852,0.0040316995603015,0.0182700953942414,-0.0091035184001789,0.0238509676311193,0.0274380704520761,0.0069695380310512,-0.1067306193511911,0.0245434459394857
0.0154838668619734,-0.255730984813724,0.0238080672919057,0.0119442319843852,0.0040316995603015,0.0182700953942414,-0.0091035184001789,0.0238509676311193,0.0274380704520761,0.0069695380310512,-0.1067306193511911,0.0245434459394857,0.0083053657674665,-0.1245983191885493,0.0157744069565768
0.0119442319843852,0.0040316995603015,0.0182700953942414,-0.0091035184001789,0.0238509676311193,0.0274380704520761,0.0069695380310512,-0.1067306193511911,0.0245434459394857,0.0083053657674665,-0.1245983191885493,0.0157744069565768,-0.0122932045074442,-0.1149763921853488,0.0183696031226247
