feature_0,feature_1,feature_2,feature_3,feature_4,feature_5,feature_6,feature_7,feature_8,feature_9,feature_10,feature_11,feature_12,feature_13,feature_14
-0.0168148846562971,0.1697673288968766,0.022222217422729,0.0152650435484762,0.3741798853915787,0.0219440887375149,0.0015314020262771,-0.360740942193213,0.0185367183232002,0.0082012276601068,0.1858662254786103,0.0183575889488392,0.0148904156794631,0.937019173276996,0.0200054757324107
0.0152650435484762,0.3741798853915787,0.0219440887375149,0.0015314020262771,-0.360740942193213,0.0185367183232002,0.0082012276601068,0.1858662254786103,0.0183575889488392,0.0148904156794631,0.937019173276996,0.0200054757324107,0.0207852026438064,-0.5090751944684528,0.0326653477008045
0.0015314020262771,-0.360740942193213,0.0185367183232002,0.0082012276601068,0.1858662254786103,0.0183575889488392,0.0148904156794631,0.937019173276996,0.0200054757324107,0.0207852026438064,-0.5090751944684528,0.0326653477008045,0.0074527224267038,-0.2347837022132797,0.0168629833464369
0.0082012276601068,0.1858662254786103,0.0183575889488392,0.0148904156794631,0.937019173276996,0.0200054757324107,0.0207852026438064,-0.5090751944684528,0.0326653477008045,0.0074527224267038,-0.2347837022132797,0.0168629833464369,-0.0204755017813679,-0.2247603396329772,0.0292926311461784
0.0148904156794631,0.937019173276996,0.0200054757324107,0.0207852026438064,-0.5090751944684528,0.0326653477008045,0.0074527224267038,-0.2347837022132797,0.0168629833464369,-0.0204755017813679,-0.2247603396329772,0.0292926311461784,0.0121375793305249,-0.0356133408705483,0.0202684850500734
0.0207852026438064,-0.5090751944684528,0.0326653477008045,0.0074527224267038,-0.2347837022132797,0.0168629833464369,-0.0204755017813679,-0.2247603396329772,0.0292926311461784,0.0121375793305249,-0.0356133408705483,0.0202684850500734,0.0133244498246103,-0.1130568581477139,0.0280815693212434
0.0074527224267038,-0.2347837022132797,0.0168629833464369,-0.0204755017813679,-0.2247603396329772,0.0292926311461784,0.0121375793305249,-0.0356133408705483,0.0202684850500734,0.0133244498246103,-0.1130568581477139,0.0280815693212434,0.0042077538722311,0.1700123915737299,0.0121021552087079
