feature_0,feature_1,feature_2,feature_3,feature_4,feature_5,feature_6,feature_7,feature_8,feature_9,feature_10,feature_11,feature_12,feature_13,feature_14
0.0083762110221343,0.1519990938951183,0.050460389797357,0.0169620685501368,-0.1431520991052993,0.0337530481859552,-0.008074561226579,0.2680436029833619,0.0356248713554854,0.0258666125700726,-0.1631526558682472,0.0426628100581498,-0.0169423985376993,0.7093425605536332,0.0277645872566661
0.0169620685501368,-0.1431520991052993,0.0337530481859552,-0.008074561226579,0.2680436029833619,0.0356248713554854,0.0258666125700726,-0.1631526558682472,0.0426628100581498,-0.0169423985376993,0.7093425605536332,0.0277645872566661,-0.0140555671588359,-0.5998228744939271,0.0228334946638641
-0.008074561226579,0.2680436029833619,0.0356248713554854,0.0258666125700726,-0.1631526558682472,0.0426628100581498,-0.0169423985376993,0.7093425605536332,0.0277645872566661,-0.0140555671588359,-0.5998228744939271,0.0228334946638641,0.0356556765051681,0.3509326588681631,0.03993579226897
0.0258666125700726,-0.1631526558682472,0.0426628100581498,-0.0169423985376993,0.7093425605536332,0.0277645872566661,-0.0140555671588359,-0.5998228744939271,0.0228334946638641,0.0356556765051681,0.3509326588681631,0.03993579226897,-0.0467892089014008,0.179265153288088,0.047808299377376
-0.0169423985376993,0.7093425605536332,0.0277645872566661,-0.0140555671588359,-0.5998228744939271,0.0228334946638641,0.0356556765051681,0.3509326588681631,0.03993579226897,-0.0467892089014008,0.179265153288088,0.047808299377376,-0.0026575728563089,-0.0008930343322087,0.0396616307119924
-0.0140555671588359,-0.5998228744939271,0.0228334946638641,0.0356556765051681,0.3509326588681631,0.03993579226897,-0.0467892089014008,0.179265153288088,0.047808299377376,-0.0026575728563089,-0.0008930343322087,0.0396616307119924,-0.0153460851762544,-0.0127122852318999,0.0347338054770565
0.0356556765051681,0.3509326588681631,0.03993579226897,-0.0467892089014008,0.179265153288088,0.047808299377376,-0.0026575728563089,-0.0008930343322087,0.0396616307119924,-0.0153460851762544,-0.0127122852318999,0.0347338054770565,-0.0024453862737172,-0.2955437078764712,0.0333268023731446
