feature_0,feature_1,feature_2,feature_3,feature_4,feature_5,feature_6,feature_7,feature_8,feature_9,feature_10,feature_11,feature_12,feature_13,feature_14
-0.0140479422818551,-0.0103046087645792,0.0221546246231912,0.0198048995985007,0.0734553775743707,0.0251506977848596,-0.0351237111359831,0.1361117032615646,0.0352237444248603,0.0225346820523468,0.0585420771179285,0.0424177287753282,-0.0269352442745139,0.7673491092794469,0.0286101923264467
0.0198048995985007,0.0734553775743707,0.0251506977848596,-0.0351237111359831,0.1361117032615646,0.0352237444248603,0.0225346820523468,0.0585420771179285,0.0424177287753282,-0.0269352442745139,0.7673491092794469,0.0286101923264467,0.02409976087994,-0.5293114688330576,0.0236440540754859
-0.0351237111359831,0.1361117032615646,0.0352237444248603,0.0225346820523468,0.0585420771179285,0.0424177287753282,-0.0269352442745139,0.7673491092794469,0.0286101923264467,0.02409976087994,-0.5293114688330576,0.0236440540754859,0.0104905522066089,-0.0697847858512678,0.0144353128609683
0.0225346820523468,0.0585420771179285,0.0424177287753282,-0.0269352442745139,0.7673491092794469,0.0286101923264467,0.02409976087994,-0.5293114688330576,0.0236440540754859,0.0104905522066089,-0.0697847858512678,0.0144353128609683,-0.0286194525981453,-0.1635551483220707,0.0315484476114548
-0.0269352442745139,0.7673491092794469,0.0286101923264467,0.02409976087994,-0.5293114688330576,0.0236440540754859,0.0104905522066089,-0.0697847858512678,0.0144353128609683,-0.0286194525981453,-0.1635551483220707,0.0315484476114548,-0.0153092862511192,0.3108311652745448,0.040497812728504
0.02409976087994,-0.5293114688330576,0.0236440540754859,0.0104905522066089,-0.0697847858512678,0.0144353128609683,-0.0286194525981453,-0.1635551483220707,0.0315484476114548,-0.0153092862511192,0.3108311652745448,0.040497812728504,-0.016329179833959,-0.0833594484487622,0.0200863714585704
0.0104905522066089,-0.0697847858512678,0.0144353128609683,-0.0286194525981453,-0.1635551483220707,0.0315484476114548,-0.0153092862511192,0.3108311652745448,0.040497812728504,-0.016329179833959,-0.0833594484487622,0.0200863714585704,0.017892569011618,-0.0300854700854701,0.0153404137798764
