feature_0,feature_1,feature_2,feature_3,feature_4,feature_5,feature_6,feature_7,feature_8,feature_9,feature_10,feature_11,feature_12,feature_13,feature_14
0.0125502492882947,0.1726209294973126,0.0373634415075901,0.0137520412936382,-0.3508582726700817,0.0190107275516969,0.0154394956824888,0.5184826249480825,0.0314606741573033,0.004921676018301,-0.0237053245805981,0.0235740607327006,0.0030610965523094,1.5934815091520358,0.0244825953728043
0.0137520412936382,-0.3508582726700817,0.0190107275516969,0.0154394956824888,0.5184826249480825,0.0314606741573033,0.004921676018301,-0.0237053245805981,0.0235740607327006,0.0030610965523094,1.5934815091520358,0.0244825953728043,0.0016566188663975,-0.6318821792517374,0.0117020025577891
0.0154394956824888,0.5184826249480825,0.0314606741573033,0.004921676018301,-0.0237053245805981,0.0235740607327006,0.0030610965523094,1.5934815091520358,0.0244825953728043,0.0016566188663975,-0.6318821792517374,0.0117020025577891,-0.0406511907313386,0.4412599041377287,0.0576376896713458
0.004921676018301,-0.0237053245805981,0.0235740607327006,0.0030610965523094,1.5934815091520358,0.0244825953728043,0.0016566188663975,-0.6318821792517374,0.0117020025577891,-0.0406511907313386,0.4412599041377287,0.0576376896713458,-0.0264947664717332,-0.4043708429482828,0.0332805053280943
0.0030610965523094,1.5934815091520358,0.0244825953728043,0.0016566188663975,-0.6318821792517374,0.0117020025577891,-0.0406511907313386,0.4412599041377287,0.0576376896713458,-0.0264947664717332,-0.4043708429482828,0.0332805053280943,-0.0071767638255931,0.0213081130355514,0.0210815218629972
0.0016566188663975,-0.6318821792517374,0.0117020025577891,-0.0406511907313386,0.4412599041377287,0.0576376896713458,-0.0264947664717332,-0.4043708429482828,0.0332805053280943,-0.0071767638255931,0.0213081130355514,0.0210815218629972,0.0268493497911093,0.0546691955818363,0.0300291321774067
-0.0406511907313386,0.4412599041377287,0.0576376896713458,-0.0264947664717332,-0.4043708429482828,0.0332805053280943,-0.0071767638255931,0.0213081130355514,0.0210815218629972,0.0268493497911093,0.0546691955818363,0.0300291321774067,0.0079539229930132,-0.4356289008780282,0.0128707986621294
