feature_0,feature_1,feature_2,feature_3,feature_4,feature_5,feature_6,feature_7,feature_8,feature_9,feature_10,feature_11,feature_12,feature_13,feature_14
0.0164232450303023,0.2837196692422394,0.0326230395481054,-0.0015387101844902,-0.1013463569165786,0.0297286894952259,0.0070638443810766,-0.2115537146382303,0.0216145308170903,0.0109680492446622,0.0757093090407794,0.0235916183866735,-0.012362829827313,0.5306790433472455,0.0211864610178384
-0.0015387101844902,-0.1013463569165786,0.0297286894952259,0.0070638443810766,-0.2115537146382303,0.0216145308170903,0.0109680492446622,0.0757093090407794,0.0235916183866735,-0.012362829827313,0.5306790433472455,0.0211864610178384,0.0168602608967307,-0.1826646754010816,0.016048840562373
0.0070638443810766,-0.2115537146382303,0.0216145308170903,0.0109680492446622,0.0757093090407794,0.0235916183866735,-0.012362829827313,0.5306790433472455,0.0211864610178384,0.0168602608967307,-0.1826646754010816,0.016048840562373,0.020349390777121,-0.1929928987693968,0.0182614980562458
0.0109680492446622,0.0757093090407794,0.0235916183866735,-0.012362829827313,0.5306790433472455,0.0211864610178384,0.0168602608967307,-0.1826646754010816,0.016048840562373,0.020349390777121,-0.1929928987693968,0.0182614980562458,-0.0158810194223248,-0.050103775364929,0.0257758412810967
-0.012362829827313,0.5306790433472455,0.0211864610178384,0.0168602608967307,-0.1826646754010816,0.016048840562373,0.020349390777121,-0.1929928987693968,0.0182614980562458,-0.0158810194223248,-0.050103775364929,0.0257758412810967,-0.0213221942765372,0.2121058904258008,0.0324708202812789
0.0168602608967307,-0.1826646754010816,0.016048840562373,0.020349390777121,-0.1929928987693968,0.0182614980562458,-0.0158810194223248,-0.050103775364929,0.0257758412810967,-0.0213221942765372,0.2121058904258008,0.0324708202812789,0.0232048291903519,-0.0738037065729098,0.0288485852457978
0.020349390777121,-0.1929928987693968,0.0182614980562458,-0.0158810194223248,-0.050103775364929,0.0257758412810967,-0.0213221942765372,0.2121058904258008,0.0324708202812789,0.0232048291903519,-0.0738037065729098,0.0288485852457978,0.0034019302834853,-0.0925526781405823,0.0217390762469668
