feature_0,feature_1,feature_2,feature_3,feature_4,feature_5,feature_6,feature_7,feature_8,feature_9,feature_10,feature_11,feature_12,feature_13,feature_14
0.010229580913581,-0.3574391894842569,0.0425401977672209,-0.0043566709656336,-0.15219713004136,0.0299652402116186,-0.0186848987857561,0.3127276058725179,0.0152216263783798,0.0221740440151294,-0.1147081915728867,0.036915188982738,0.0051875000463219,0.2875119480493886,0.0161919718319258
-0.0043566709656336,-0.15219713004136,0.0299652402116186,-0.0186848987857561,0.3127276058725179,0.0152216263783798,0.0221740440151294,-0.1147081915728867,0.036915188982738,0.0051875000463219,0.2875119480493886,0.0161919718319258,0.0199390452624133,-0.2976090250883987,0.0265102889880406
-0.0186848987857561,0.3127276058725179,0.0152216263783798,0.0221740440151294,-0.1147081915728867,0.036915188982738,0.0051875000463219,0.2875119480493886,0.0161919718319258,0.0199390452624133,-0.2976090250883987,0.0265102889880406,0.0071297175755309,-0.2717139027818639,0.0137317650787502
0.0221740440151294,-0.1147081915728867,0.036915188982738,0.0051875000463219,0.2875119480493886,0.0161919718319258,0.0199390452624133,-0.2976090250883987,0.0265102889880406,0.0071297175755309,-0.2717139027818639,0.0137317650787502,0.0036538412707756,0.0822897496895431,0.0196706447012705
0.0051875000463219,0.2875119480493886,0.0161919718319258,0.0199390452624133,-0.2976090250883987,0.0265102889880406,0.0071297175755309,-0.2717139027818639,0.0137317650787502,0.0036538412707756,0.0822897496895431,0.0196706447012705,-0.0013651910695352,0.4856988816235121,0.0228206300083136
0.0199390452624133,-0.2976090250883987,0.0265102889880406,0.0071297175755309,-0.2717139027818639,0.0137317650787502,0.0036538412707756,0.0822897496895431,0.0196706447012705,-0.0013651910695352,0.4856988816235121,0.0228206300083136,0.0026201559811467,-0.4554717086469838,0.011084461170428
0.0071297175755309,-0.2717139027818639,0.0137317650787502,0.0036538412707756,0.0822897496895431,0.0196706447012705,-0.0013651910695352,0.4856988816235121,0.0228206300083136,0.0026201559811467,-0.4554717086469838,0.011084461170428,0.0242017439677113,0.3960971275268707,0.0220214215814583
