feature_0,feature_1,feature_2,feature_3,feature_4,feature_5,feature_6,feature_7,feature_8,feature_9,feature_10,feature_11,feature_12,feature_13,feature_14
0.0058215915688264,-0.1219461941484665,0.0285649128111214,0.027159371250121,-0.0324494653213101,0.0254368845203951,0.00021687689213,-0.0304888611717423,0.0297447319707284,-0.0026002567208301,-0.1801093521066361,0.022611404211101,-0.0388876911153448,0.8894216100771477,0.0459380551500444
0.027159371250121,-0.0324494653213101,0.0254368845203951,0.00021687689213,-0.0304888611717423,0.0297447319707284,-0.0026002567208301,-0.1801093521066361,0.022611404211101,-0.0388876911153448,0.8894216100771477,0.0459380551500444,-0.0006780130378066,-0.4808876790698747,0.0163338787680951
0.00021687689213,-0.0304888611717423,0.0297447319707284,-0.0026002567208301,-0.1801093521066361,0.022611404211101,-0.0388876911153448,0.8894216100771477,0.0459380551500444,-0.0006780130378066,-0.4808876790698747,0.0163338787680951,-0.0070121035964868,-0.0658578856152513,0.0263700457483751
-0.0026002567208301,-0.1801093521066361,0.022611404211101,-0.0388876911153448,0.8894216100771477,0.0459380551500444,-0.0006780130378066,-0.4808876790698747,0.0163338787680951,-0.0070121035964868,-0.0658578856152513,0.0263700457483751,-0.0466969680564347,0.2173540744969315,0.0487687547581118
-0.0388876911153448,0.8894216100771477,0.0459380551500444,-0.0006780130378066,-0.4808876790698747,0.0163338787680951,-0.0070121035964868,-0.0658578856152513,0.0263700457483751,-0.0466969680564347,0.2173540744969315,0.0487687547581118,-0.0038232697484659,-0.1163735834310277,0.023591707285447
-0.0006780130378066,-0.4808876790698747,0.0163338787680951,-0.0070121035964868,-0.0658578856152513,0.0263700457483751,-0.0466969680564347,0.2173540744969315,0.0487687547581118,-0.0038232697484659,-0.1163735834310277,0.023591707285447,0.0163108869851578,-0.1224571024234919,0.0253561758253945
-0.0070121035964868,-0.0658578856152513,0.0263700457483751,-0.0466969680564347,0.2173540744969315,0.0487687547581118,-0.0038232697484659,-0.1163735834310277,0.023591707285447,0.0163108869851578,-0.1224571024234919,0.0253561758253945,0.0127449172805145,0.2623595222496597,0.0200235208208328
