{
  "anomalies": [
    {
      "anomaly_index": 30,
      "feature_importances": {
        "Close_0": 0.020168512584464848,
        "Close_1": 0.0218271396534549,
        "Close_2": 0.0073509566548730755,
        "High_0": 0.012846999013656685,
        "High_1": 0.026214159179126822,
        "High_2": 0.02057580858069613,
        "Low_0": 0.020168512584464848,
        "Low_1": 0.026047315036092318,
        "Low_2": 0.01933919904996982,
        "Open_0": 0.02151308009009584,
        "Open_1": 0.024319987437617464,
        "Open_2": 0.007561965424004947,
        "Volume_0": 0.018038796170436203,
        "Volume_1": 0.022268785914428588,
        "Volume_2": 0.013985464930833288,
        "daily_return_0": 0.023667332407511912,
        "daily_return_1": 0.02419240074000285,
        "daily_return_2": 0.023642796504124486,
        "daily_return_zscore_0": 0.025635111859183546,
        "daily_return_zscore_1": 0.021915468905649643,
        "daily_return_zscore_2": 0.011585853579542945,
        "excess_return_0": 0.02486959167349583,
        "excess_return_1": 0.02481070550536601,
        "excess_return_2": 0.02366733240751192,
        "high_low_range_0": 0.028314432509090555,
        "high_low_range_1": 0.017793437136561934,
        "high_low_range_2": 0.029163374766295522,
        "log_return_0": 0.011610389482930372,
        "log_return_1": 0.01828415520431047,
        "log_return_2": 0.021297164140286484,
        "log_return_zscore_0": 0.017557892464042636,
        "log_return_zscore_1": 0.01736160523694322,
        "log_return_zscore_2": 0.018107496699920993,
        "log_volume_0": 0.024604603916911622,
        "log_volume_1": 0.011276701196861366,
        "log_volume_2": 0.022705524994724783,
        "relative_volume_0": 0.009205870950962544,
        "relative_volume_1": 0.02893273727445371,
        "relative_volume_2": 0.02700912244887945,
        "relative_volume_zscore_0": 0.012812648748914288,
        "relative_volume_zscore_1": 0.028996530623261022,
        "relative_volume_zscore_2": 0.027995465765054003,
        "volume_change_0": 0.029752236447593765,
        "volume_change_1": 0.022366929527978294,
        "volume_change_2": 0.017076988757649066,
        "volume_change_zscore_0": 0.017557892464042636,
        "volume_change_zscore_1": 0.030812187473930608,
        "volume_change_zscore_2": 0.023191335881795835
      }
    },
    {
      "anomaly_index": 36,
      "feature_importances": {
        "Close_0": 0.017110598094942482,
        "Close_1": 0.02291597959144082,
        "Close_2": 0.009074242923933499,
        "High_0": 0.012600151318214448,
        "High_1": 0.02662133586823676,
        "High_2": 0.016295807709469028,
        "Low_0": 0.019525869594738784,
        "Low_1": 0.02685898306399985,
        "Low_2": 0.01962286845015229,
        "Open_0": 0.014190932546995948,
        "Open_1": 0.023085727588414456,
        "Open_2": 0.01239160377907541,
        "Volume_0": 0.0201709119832386,
        "Volume_1": 0.01990901507362213,
        "Volume_2": 0.011678662191786137,
        "daily_return_0": 0.02017576192600927,
        "daily_return_1": 0.02367742060643685,
        "daily_return_2": 0.02115060042291501,
        "daily_return_zscore_0": 0.024521310648534352,
        "daily_return_zscore_1": 0.024036316371466825,
        "daily_return_zscore_2": 0.0130414961103459,
        "excess_return_0": 0.026107241934545174,
        "excess_return_1": 0.02128639882049392,
        "excess_return_2": 0.026689235067026213,
        "high_low_range_0": 0.026276989931518807,
        "high_low_range_1": 0.016140609540807416,
        "high_low_range_2": 0.02862921217529633,
        "log_return_0": 0.00920519137874173,
        "log_return_1": 0.01837158321531806,
        "log_return_2": 0.02220788794692223,
        "log_return_zscore_0": 0.019365821483306497,
        "log_return_zscore_1": 0.01933187188391177,
        "log_return_zscore_2": 0.014937823733679944,
        "log_volume_0": 0.024899606184647028,
        "log_volume_1": 0.010999670203891594,
        "log_volume_2": 0.023459173181756453,
        "relative_volume_0": 0.012566201718819718,
        "relative_volume_1": 0.029613750557743422,
        "relative_volume_2": 0.023667720720895492,
        "relative_volume_zscore_0": 0.014738976080082256,
        "relative_volume_zscore_1": 0.02923545502163075,
        "relative_volume_zscore_2": 0.034972937319339634,
        "volume_change_0": 0.028081168642210025,
        "volume_change_1": 0.02682018352183445,
        "volume_change_2": 0.02218848817583953,
        "volume_change_zscore_0": 0.018677129609870606,
        "volume_change_zscore_1": 0.028963858226472933,
        "volume_change_zscore_2": 0.02391021785942926
      }
    },
    {
      "anomaly_index": 56,
      "feature_importances": {
        "Close_0": 0.02446749052971496,
        "Close_1": 0.023473886853381358,
        "Close_2": 0.003953714628744126,
        "High_0": 0.012823697447680558,
        "High_1": 0.02850918048396779,
        "High_2": 0.01797284149951355,
        "Low_0": 0.018474818356827922,
        "Low_1": 0.022604483636589456,
        "Low_2": 0.02387236332774431,
        "Open_0": 0.014169202426048976,
        "Open_1": 0.031929868140512116,
        "Open_2": 0.0124252209733176,
        "Volume_0": 0.021378004098615164,
        "Volume_1": 0.01583555859156679,
        "Volume_2": 0.017822765944233997,
        "daily_return_0": 0.020803576973234796,
        "daily_return_1": 0.022293982487735203,
        "daily_return_2": 0.026915274586515967,
        "daily_return_zscore_0": 0.02612349665693763,
        "daily_return_zscore_1": 0.0210519778923182,
        "daily_return_zscore_2": 0.011338466952327724,
        "excess_return_0": 0.028798981556231753,
        "excess_return_1": 0.01884224471630545,
        "excess_return_2": 0.02528514355503116,
        "high_low_range_0": 0.030367012357945724,
        "high_low_range_1": 0.01101244074603076,
        "high_low_range_2": 0.030185886687780748,
        "log_return_0": 0.01974787306713035,
        "log_return_1": 0.014459003498312943,
        "log_return_2": 0.01920449605663541,
        "log_return_zscore_0": 0.025321368689064146,
        "log_return_zscore_1": 0.020079074292574883,
        "log_return_zscore_2": 0.011048665880063755,
        "log_volume_0": 0.02514024301889917,
        "log_volume_1": 0.013403299592208491,
        "log_volume_2": 0.023836138193711318,
        "relative_volume_0": 0.017062038129541077,
        "relative_volume_1": 0.02612349665693763,
        "relative_volume_2": 0.02296673497691941,
        "relative_volume_zscore_0": 0.01199569438406922,
        "relative_volume_zscore_1": 0.026666873667432568,
        "relative_volume_zscore_2": 0.03271647105094289,
        "volume_change_0": 0.016953362727442092,
        "volume_change_1": 0.021196878428450187,
        "volume_change_2": 0.019897948622409904,
        "volume_change_zscore_0": 0.016808462191310106,
        "volume_change_zscore_1": 0.029202633049742285,
        "volume_change_zscore_2": 0.02343766171934836
      }
    },
    {
      "anomaly_index": 105,
      "feature_importances": {
        "Close_0": 0.022984959506363287,
        "Close_1": 0.024749325106054765,
        "Close_2": 0.006146355572695719,
        "High_0": 0.013878711916698806,
        "High_1": 0.028186463555726963,
        "High_2": 0.015430967990744312,
        "Low_0": 0.02206903200925569,
        "Low_1": 0.02355379868877748,
        "Low_2": 0.029020439645198612,
        "Open_0": 0.012485537986887774,
        "Open_1": 0.027154839953721564,
        "Open_2": 0.013536444273042809,
        "Volume_0": 0.019205553413035092,
        "Volume_1": 0.01340628615503278,
        "Volume_2": 0.014172772849980716,
        "daily_return_0": 0.026258195140763593,
        "daily_return_1": 0.013464134207481682,
        "daily_return_2": 0.02099402236791361,
        "daily_return_zscore_0": 0.02622445044350173,
        "daily_return_zscore_1": 0.02675954492865407,