index,subsequence_idx,score
23,23,2.53058
24,24,4.10881
35,35,3.10114
47,47,3.01529
54,54,2.71613
58,58,2.54333
70,70,3.19732
92,92,3.38892
104,104,2.61875
165,165,2.48405
179,179,2.85272
