index,subsequence_idx,score
24,24,5.57659
54,54,3.18204
92,92,3.1543
104,104,2.41794
