index,subsequence_idx,score
24,24,4.38866
35,35,3.00852
47,47,2.70397
54,54,2.64602
70,70,3.41233
92,92,3.52365
104,104,2.7054
179,179,2.80746
