index,subsequence_idx,score
24,24,4.19243
35,35,3.0384
47,47,2.90875
54,54,2.79335
70,70,3.26416
92,92,3.36674
104,104,2.64109
179,179,2.89767
