index,subsequence_idx,score
23,23,2.5888
24,24,4.09863
35,35,3.1062
47,47,2.99376
54,54,2.78197
58,58,2.53506
70,70,3.12494
92,92,3.2744
104,104,2.59847
165,165,2.52721
179,179,2.86609
