index,subsequence_idx,score
26,26,2.96822
35,35,2.57456
70,70,2.65378
92,92,2.80226
97,97,2.88442
110,110,2.97336
120,120,2.94434
