index,subsequence_idx,score
26,26,3.36059
35,35,2.56498
70,70,2.50462
84,84,2.60588
92,92,2.76982
97,97,2.82547
110,110,2.85792
120,120,2.96395
145,145,2.6365
155,155,2.76703
