index,subsequence_idx,score
26,26,3.48858
84,84,2.7479
92,92,2.67759
97,97,2.65027
110,110,2.75098
120,120,2.95226
145,145,2.79931
155,155,2.81845
160,160,2.61461
