index,subsequence_idx,score
26,26,3.55698
47,47,2.68389
97,97,3.24282
120,120,2.50773
133,133,2.40483
152,152,2.44549
