index,subsequence_idx,score
26,26,3.34008
35,35,2.53613
70,70,2.62767
84,84,2.6195
92,92,2.72573
97,97,2.81759
110,110,2.92999
120,120,3.07683
145,145,2.67226
155,155,2.77427
