feature_0,feature_1,feature_2,feature_3,feature_4,feature_5,feature_6,feature_7,feature_8
0.0019157120788597,-0.2308831149603968,0.0098133138020834,-0.0164648721245715,0.4416746871992301,0.0179479262671672,-0.0189005299623696,-0.1106215368182121,0.0176250109675697
-0.0164648721245715,0.4416746871992301,0.0179479262671672,-0.0189005299623696,-0.1106215368182121,0.0176250109675697,-0.0068251336655865,0.9983485963068608,0.0149636660214979
-0.0189005299623696,-0.1106215368182121,0.0176250109675697,-0.0068251336655865,0.9983485963068608,0.0149636660214979,0.0223896765211177,0.2390128465179175,0.031361665578598
-0.0068251336655865,0.9983485963068608,0.0149636660214979,0.0223896765211177,0.2390128465179175,0.031361665578598,-0.0145272806691698,-0.5502197968773685,0.0271317482330307
0.0223896765211177,0.2390128465179175,0.031361665578598,-0.0145272806691698,-0.5502197968773685,0.0271317482330307,0.0017601323435545,0.1225397681315718,0.0139303723465182
-0.0145272806691698,-0.5502197968773685,0.0271317482330307,0.0017601323435545,0.1225397681315718,0.0139303723465182,-0.0035141632264852,-0.229914735198751,0.0155434831866592
