feature_0,feature_1,feature_2,feature_3,feature_4,feature_5,feature_6,feature_7,feature_8
0.0127976375266456,-0.0781902042609268,0.0221086486966549,-0.0072372696974601,-0.1375982844889206,0.0212537981788139,-0.0039800202885312,0.0542892664732697,0.0176799926757812
-0.0072372696974601,-0.1375982844889206,0.0212537981788139,-0.0039800202885312,0.0542892664732697,0.0176799926757812,0.014796667093071,0.6799004192872118,0.0328239903656749
-0.0039800202885312,0.0542892664732697,0.0176799926757812,0.014796667093071,0.6799004192872118,0.0328239903656749,0.0027679978755481,-0.2013103502066922,0.0214314494208838
0.014796667093071,0.6799004192872118,0.0328239903656749,0.0027679978755481,-0.2013103502066922,0.0214314494208838,-0.0104194734451026,-0.219921875,0.0222545840074815
0.0027679978755481,-0.2013103502066922,0.0214314494208838,-0.0104194734451026,-0.219921875,0.0222545840074815,-0.0220798929169077,0.1190535803705559,0.0330437586695552
-0.0104194734451026,-0.219921875,0.0222545840074815,-0.0220798929169077,0.1190535803705559,0.0330437586695552,0.0285243903380989,0.1028079203490324,0.0368743821140476
