feature_0,feature_1,feature_2,feature_3,feature_4,feature_5,feature_6,feature_7,feature_8
-0.0016570176564539,-0.1852112550564,0.0118691034577194,0.0077454710732194,0.0908686634516897,0.0153211873410119,-0.0007136405620595,0.0695793096534902,0.0139355479855078
0.0077454710732194,0.0908686634516897,0.0153211873410119,-0.0007136405620595,0.0695793096534902,0.0139355479855078,-0.0148335176621612,-0.0862280649686184,0.0167077580025873
-0.0007136405620595,0.0695793096534902,0.0139355479855078,-0.0148335176621612,-0.0862280649686184,0.0167077580025873,-0.0160607002296476,1.0138636270393722,0.0307126689287622
-0.0148335176621612,-0.0862280649686184,0.0167077580025873,-0.0160607002296476,1.0138636270393722,0.0307126689287622,0.0107684984708347,-0.4773419077514392,0.015802630788042
-0.0160607002296476,1.0138636270393722,0.0307126689287622,0.0107684984708347,-0.4773419077514392,0.015802630788042,0.0056072671331974,-0.1165507071258274,0.0191566812289914
0.0107684984708347,-0.4773419077514392,0.015802630788042,0.0056072671331974,-0.1165507071258274,0.0191566812289914,0.0108174555649658,0.1808194599682333,0.0153846153846153
