feature_0,feature_1,feature_2,feature_3,feature_4,feature_5,feature_6,feature_7,feature_8
-0.0050801411932588,-0.409918578830496,0.0176485933189383,-0.0050616645089588,0.5395132965378826,0.0150919339288185,-0.0062478367740338,-0.0500285178847877,0.0100027088234768
-0.0050616645089588,0.5395132965378826,0.0150919339288185,-0.0062478367740338,-0.0500285178847877,0.0100027088234768,0.0112268961679695,0.1206793035423279,0.0102260437326902
-0.0062478367740338,-0.0500285178847877,0.0100027088234768,0.0112268961679695,0.1206793035423279,0.0102260437326902,0.0295762981243612,0.5195163018521354,0.0288879236181652
0.0112268961679695,0.1206793035423279,0.0102260437326902,0.0295762981243612,0.5195163018521354,0.0288879236181652,-0.0035369321646024,-0.5504684194620731,0.0108384633673301
0.0295762981243612,0.5195163018521354,0.0288879236181652,-0.0035369321646024,-0.5504684194620731,0.0108384633673301,0.003289813854683,-0.0136694677871148,0.0189075954350522
-0.0035369321646024,-0.5504684194620731,0.0108384633673301,0.003289813854683,-0.0136694677871148,0.0189075954350522,-0.0075933374535618,0.2349199136657958,0.0107527175758065
