feature_0,feature_1,feature_2,feature_3,feature_4,feature_5,feature_6,feature_7,feature_8
0.0055300240735447,-0.3377997179125529,0.0073432985476679,0.0025421955331417,0.3365282215122471,0.0095544489818168,-0.0217499651227678,0.451792828685259,0.0178342710284388
0.0025421955331417,0.3365282215122471,0.0095544489818168,-0.0217499651227678,0.451792828685259,0.0178342710284388,0.0122156765888659,-0.3836443468715697,0.0138400243352812
-0.0217499651227678,0.451792828685259,0.0178342710284388,0.0122156765888659,-0.3836443468715697,0.0138400243352812,-0.0009450172880398,0.441674087266251,0.0179633262671841
0.0122156765888659,-0.3836443468715697,0.0138400243352812,-0.0009450172880398,0.441674087266251,0.0179633262671841,0.0009675934633763,-0.0259419394688078,0.0239541357689096
-0.0009450172880398,0.441674087266251,0.0179633262671841,0.0009675934633763,-0.0259419394688078,0.0239541357689096,0.0066218459454423,-0.0894102726696258,0.0143689602881251
0.0009675934633763,-0.0259419394688078,0.0239541357689096,0.0066218459454423,-0.0894102726696258,0.0143689602881251,-0.0052669497003723,0.3697771587743732,0.0192580957629704
