feature_0,feature_1,feature_2,feature_3,feature_4,feature_5,feature_6,feature_7,feature_8
0.0088545561610646,-0.4355330834277744,0.0130213351205304,-0.0167750612973923,0.3688030888030889,0.0209850991601228,-0.0051831350861866,0.1133927564030237,0.0125965562287613
-0.0167750612973923,0.3688030888030889,0.0209850991601228,-0.0051831350861866,0.1133927564030237,0.0125965562287613,0.0082495009033365,-0.150182407782732,0.016889866446716
-0.0051831350861866,0.1133927564030237,0.0125965562287613,0.0082495009033365,-0.150182407782732,0.016889866446716,0.0189477621979752,1.6687336036250895,0.0191548761075866
0.0082495009033365,-0.150182407782732,0.016889866446716,0.0189477621979752,1.6687336036250895,0.0191548761075866,-0.0060576738979633,-0.7165773011617516,0.0173067162787367
0.0189477621979752,1.6687336036250895,0.0191548761075866,-0.0060576738979633,-0.7165773011617516,0.0173067162787367,0.0032600037510619,0.2908718272110988,0.0164625845139296
-0.0060576738979633,-0.7165773011617516,0.0173067162787367,0.0032600037510619,0.2908718272110988,0.0164625845139296,0.0079111256658355,0.022838299951148,0.0156249779869214
