feature_0,feature_1,feature_2,feature_3,feature_4,feature_5,feature_6,feature_7,feature_8
0.008297250074958,-0.2117679513338946,0.0122085254851223,0.0080576849884734,0.2413456026550007,0.0166313542265368,-0.0028344598772956,0.1369080603921797,0.0121336716024262
0.0080576849884734,0.2413456026550007,0.0166313542265368,-0.0028344598772956,0.1369080603921797,0.0121336716024262,-0.0215463685783519,-0.0183849465767657,0.0199662848164695
-0.0028344598772956,0.1369080603921797,0.0121336716024262,-0.0215463685783519,-0.0183849465767657,0.0199662848164695,0.0022659548852541,0.6394177370669942,0.0213644656812332
-0.0215463685783519,-0.0183849465767657,0.0199662848164695,0.0022659548852541,0.6394177370669942,0.0213644656812332,0.0038841300743175,-0.2704595511558521,0.0196891507658545
0.0022659548852541,0.6394177370669942,0.0213644656812332,0.0038841300743175,-0.2704595511558521,0.0196891507658545,0.0035802097394843,-0.0211041148471726,0.0114026803236187
0.0038841300743175,-0.2704595511558521,0.0196891507658545,0.0035802097394843,-0.0211041148471726,0.0114026803236187,0.009321758996029,-0.1789870384975966,0.0156384829255608
