feature_0,feature_1,feature_2,feature_3,feature_4,feature_5,feature_6,feature_7,feature_8
0.0092141657629183,-0.0942778577975644,0.008800048828125,-0.0236188791440615,0.0779239554720254,0.0231705082865791,-0.0126033430760726,-0.0964324034334763,0.0125093958121761
-0.0236188791440615,0.0779239554720254,0.0231705082865791,-0.0126033430760726,-0.0964324034334763,0.0125093958121761,-0.0030195076195784,0.0854979961407154,0.0092408223394322
-0.0126033430760726,-0.0964324034334763,0.0125093958121761,-0.0030195076195784,0.0854979961407154,0.0092408223394322,0.0121834050472589,1.1402980992752632,0.0164455836286437
-0.0030195076195784,0.0854979961407154,0.0092408223394322,0.0121834050472589,1.1402980992752632,0.0164455836286437,-0.0104046200335007,-0.345514950166113,0.0219267284991388
0.0121834050472589,1.1402980992752632,0.0164455836286437,-0.0104046200335007,-0.345514950166113,0.0219267284991388,-0.0068719103510136,0.0609137055837563,0.0104304292153877
-0.0104046200335007,-0.345514950166113,0.0219267284991388,-0.0068719103510136,0.0609137055837563,0.0104304292153877,0.0079573366118486,-0.4979757085020243,0.0163614200712721
