feature_0,feature_1,feature_2,feature_3,feature_4,feature_5,feature_6,feature_7,feature_8
0.0074004914683147,-0.3117588617045381,0.0156687963033471,0.0003719873873939,0.3268837900352868,0.0098921733716036,-0.0026724199484861,-0.0127815243669677,0.0123329182501123
0.0003719873873939,0.3268837900352868,0.0098921733716036,-0.0026724199484861,-0.0127815243669677,0.0123329182501123,-0.0337861788124789,0.8318371345161144,0.0242854330720264
-0.0026724199484861,-0.0127815243669677,0.0123329182501123,-0.0337861788124789,0.8318371345161144,0.0242854330720264,0.0011093117714588,0.6885008865497735,0.0302588068005212
-0.0337861788124789,0.8318371345161144,0.0242854330720264,0.0011093117714588,0.6885008865497735,0.0302588068005212,-0.0038783629096831,-0.63569974560009,0.0183653991035927
0.0011093117714588,0.6885008865497735,0.0302588068005212,-0.0038783629096831,-0.63569974560009,0.0183653991035927,0.0061666542085543,-0.1793453705239438,0.0165007075924619
-0.0038783629096831,-0.63569974560009,0.0183653991035927,0.0061666542085543,-0.1793453705239438,0.0165007075924619,0.0190833018379275,0.1839235063314959,0.0186884434480597
