feature_0,feature_1,feature_2,feature_3,feature_4,feature_5,feature_6,feature_7,feature_8
-0.0095091825445238,0.1731165897259601,0.0172130126733909,0.01285490550917,-0.0355423452086909,0.0147142307711629,-0.0060245645176464,-0.3148855514078189,0.0093671219135271
0.01285490550917,-0.0355423452086909,0.0147142307711629,-0.0060245645176464,-0.3148855514078189,0.0093671219135271,-0.0537417246041014,1.2917361829739606,0.0376826771606318
-0.0060245645176464,-0.3148855514078189,0.0093671219135271,-0.0537417246041014,1.2917361829739606,0.0376826771606318,0.0008540811877204,0.1754579969774041,0.0250545180334104
-0.0537417246041014,1.2917361829739606,0.0376826771606318,0.0008540811877204,0.1754579969774041,0.0250545180334104,0.0178342281914096,-0.4311282887516071,0.0169593110215691
0.0008540811877204,0.1754579969774041,0.0250545180334104,0.0178342281914096,-0.4311282887516071,0.0169593110215691,0.0066231217731733,0.0153935201135564,0.0138982606882854
0.0178342281914096,-0.4311282887516071,0.0169593110215691,0.0066231217731733,0.0153935201135564,0.0138982606882854,0.0213208112698572,-0.1892372421281216,0.0189195812702703
