feature_0,feature_1,feature_2,feature_3,feature_4,feature_5,feature_6,feature_7,feature_8
0.0248780105635961,-0.4406486901448997,0.0286690691392198,-0.0133718976346804,0.0733401955738548,0.0291669841703606,-0.0059719965607664,-0.2989690721649485,0.0200904535492082
-0.0133718976346804,0.0733401955738548,0.0291669841703606,-0.0059719965607664,-0.2989690721649485,0.0200904535492082,0.0064397029669553,-0.2794117647058823,0.0157394505536152
-0.0059719965607664,-0.2989690721649485,0.0200904535492082,0.0064397029669553,-0.2794117647058823,0.0157394505536152,-0.0136546888387779,1.9550704002531245,0.0545603752527001
0.0064397029669553,-0.2794117647058823,0.0157394505536152,-0.0136546888387779,1.9550704002531245,0.0545603752527001,-0.0143872542885233,-0.4396916323143637,0.0542600765184949
-0.0136546888387779,1.9550704002531245,0.0545603752527001,-0.0143872542885233,-0.4396916323143637,0.0542600765184949,-0.0071698687308733,0.2027517676285113,0.0247551148278523
-0.0143872542885233,-0.4396916323143637,0.0542600765184949,-0.0071698687308733,0.2027517676285113,0.0247551148278523,0.0218872116606552,-0.3863203050524308,0.0235080935077048
