feature_0,feature_1,feature_2,feature_3,feature_4,feature_5,feature_6,feature_7,feature_8
0.0138299595550774,0.1730754231339208,0.0217790133558433,-0.0121523990673043,-0.2473404255319149,0.0155298664180927,-0.0061917452896517,-0.058833922261484,0.0145655391816693
-0.0121523990673043,-0.2473404255319149,0.0155298664180927,-0.0061917452896517,-0.058833922261484,0.0145655391816693,0.0107390331075987,0.3453163131218322,0.0215004963105408
-0.0061917452896517,-0.058833922261484,0.0145655391816693,0.0107390331075987,0.3453163131218322,0.0215004963105408,0.0147613203926983,0.326658759506035,0.0260452948391188
0.0107390331075987,0.3453163131218322,0.0215004963105408,0.0147613203926983,0.326658759506035,0.0260452948391188,0.0003597845944394,-0.4077833289508282,0.0206314952753171
0.0147613203926983,0.326658759506035,0.0260452948391188,0.0003597845944394,-0.4077833289508282,0.0206314952753171,7.97722150778224e-05,0.2323949915638044,0.0107764391389746
0.0003597845944394,-0.4077833289508282,0.0206314952753171,7.97722150778224e-05,0.2323949915638044,0.0107764391389746,-0.0012382875594827,-0.3409713215160685,0.0161981329987526
