index,subsequence_idx,score
5,5,3.33829
6,6,3.26158
7,7,3.00374
33,33,3.13509
34,34,3.27175
36,36,2.94682
109,109,2.59504
139,139,2.6937
140,140,2.70067
144,144,2.66472
145,145,2.58554
150,150,2.80367
292,292,3.40263
293,293,3.41732
294,294,3.09325
335,335,2.53449
428,428,2.7329
429,429,2.59395
469,469,2.67163
470,470,2.67145
494,494,3.24323
495,495,3.13682
496,496,2.90419
509,509,3.38382
510,510,3.33439
511,511,3.15108
