index,subsequence_idx,score
5,5,3.0243
6,6,2.93611
7,7,3.13896
33,33,2.81108
34,34,2.83069
36,36,3.10775
110,110,2.68045
140,140,2.54983
141,141,2.63617
145,145,2.7453
150,150,2.81808
292,292,3.2297
293,293,3.17253
294,294,3.30316
346,346,2.55028
359,359,2.56367
385,385,2.7018
428,428,2.5117
429,429,2.87859
469,469,2.63462
470,470,2.53358
471,471,2.64108
494,494,3.07306
495,495,2.79779
496,496,3.17583
509,509,3.18693
510,510,3.11622
511,511,3.43488
