index,subsequence_idx,score
33,33,2.52403
65,65,2.43968
74,74,2.9047
75,75,2.72525
124,124,2.30514
139,139,2.42574
272,272,2.60431
292,292,2.87796
293,293,3.28384
294,294,2.99076
300,300,2.69242
302,302,2.82759
356,356,3.15965
358,358,2.89194
372,372,2.30874
427,427,2.44874
457,457,2.43578
509,509,3.45945
510,510,2.96305
538,538,2.42317
