index,subsequence_idx,score
5,5,2.97233
6,6,3.00484
7,7,3.01352
33,33,2.93908
34,34,3.02755
36,36,2.89965
109,109,2.5975
140,140,2.58334
144,144,2.5882
145,145,2.46303
150,150,2.75685
292,292,3.13968
293,293,3.20639
294,294,3.07441
335,335,2.47695
385,385,2.47127
428,428,2.69594
429,429,2.69749
469,469,2.62531
470,470,2.56149
494,494,2.98439
495,495,2.84692
496,496,2.96272
509,509,3.1154
510,510,3.16993
511,511,3.22994
