index,subsequence_idx,score
5,5,3.18983
6,6,3.00523
7,7,3.06808
33,33,3.00966
34,34,3.00121
36,36,3.01051
110,110,2.57338
139,139,2.49049
140,140,2.5972
144,144,2.5568
145,145,2.62986
150,150,2.86211
151,151,2.50316
292,292,3.34221
293,293,3.21086
294,294,3.16677
359,359,2.50917
385,385,2.62937
428,428,2.53432
429,429,2.75096
469,469,2.6088
470,470,2.53873
471,471,2.56825
494,494,3.09171
495,495,2.97693
496,496,3.06749
509,509,3.26771
510,510,3.209
511,511,3.2619
