{
  "anomalies": [
    {
      "anomaly_index": 47,
      "feature_importances": {
        "Close_0": 8.713573883506188e-11,
        "Close_1": 8.963585750891198e-11,
        "Close_2": 8.974079597836842e-11,
        "High_0": 8.807211287021173e-11,
        "High_1": 9.150117916445015e-11,
        "High_2": 9.100554670101739e-11,
        "Low_0": 8.785222641575067e-11,
        "Low_1": 8.707116131539638e-11,
        "Low_2": 8.910729051044981e-11,
        "Open_0": 8.640536708764499e-11,
        "Open_1": 8.846054665099975e-11,
        "Open_2": 9.017895444929889e-11,
        "Volume_0": 0.0995412641487038,
        "Volume_1": 0.4133885906295833,
        "Volume_2": 0.48707014414913974,
        "daily_return_0": 9.686627949826048e-16,
        "daily_return_1": 9.686627949826048e-16,
        "daily_return_2": 0.0,
        "daily_return_zscore_0": 4.749676571398038e-13,
        "daily_return_zscore_1": 7.264970962369535e-13,
        "daily_return_zscore_2": 4.846542850896298e-13,
        "excess_return_0": 6.457751966550698e-16,
        "excess_return_1": 9.686627949826048e-16,
        "excess_return_2": 0.0,
        "high_low_range_0": 1.2915503933101396e-15,
        "high_low_range_1": 9.686627949826048e-16,
        "high_low_range_2": 6.457751966550698e-16,
        "log_return_0": 9.686627949826048e-16,
        "log_return_1": 9.686627949826048e-16,
        "log_return_2": 0.0,
        "log_return_zscore_0": 4.639894787966677e-13,
        "log_return_zscore_1": 7.242368830486608e-13,
        "log_return_zscore_2": 4.875602734745777e-13,
        "log_volume_0": 8.717965154843442e-15,
        "log_volume_1": 7.749302359860838e-15,
        "log_volume_2": 3.487186061937377e-14,
        "relative_volume_0": 6.877505844376493e-14,
        "relative_volume_1": 4.617292656083749e-14,
        "relative_volume_2": 5.133912813407805e-14,
        "relative_volume_zscore_0": 6.938854488058725e-13,
        "relative_volume_zscore_1": 5.059648665792472e-13,
        "relative_volume_zscore_2": 3.8262180401812885e-13,
        "volume_change_0": 7.975323678690112e-14,
        "volume_change_1": 5.101624053575051e-14,
        "volume_change_2": 3.0674321841115817e-14,
        "volume_change_zscore_0": 5.653761846715136e-13,
        "volume_change_zscore_1": 2.7703755936502496e-13,
        "volume_change_zscore_2": 2.321561831974976e-13
      }
    },
    {
      "anomaly_index": 70,
      "feature_importances": {
        "Close_0": 4.495836709174217e-11,
        "Close_1": 4.682569864229467e-11,
        "Close_2": 4.952465353625644e-11,
        "High_0": 4.735380194166614e-11,
        "High_1": 4.7185499358005366e-11,
        "High_2": 4.8875178181360375e-11,
        "Low_0": 4.552566906978677e-11,
        "Low_1": 4.521423736583328e-11,
        "Low_2": 4.799986089796225e-11,
        "Open_0": 4.761147032028354e-11,
        "Open_1": 4.603489227163219e-11,
        "Open_2": 4.719520912244733e-11,
        "Volume_0": 0.16681521360989246,
        "Volume_1": 0.19641925928109427,
        "Volume_2": 0.636765526540816,
        "daily_return_0": 1.7981045262903218e-16,
        "daily_return_1": 1.7981045262903218e-16,
        "daily_return_2": 0.0,
        "daily_return_zscore_0": 3.3552630460577403e-13,
        "daily_return_zscore_1": 3.0765568444827405e-13,
        "daily_return_zscore_2": 4.2776906680446754e-13,
        "excess_return_0": 0.0,
        "excess_return_1": 1.7981045262903218e-16,
        "excess_return_2": 0.0,
        "high_low_range_0": 3.5962090525806436e-16,
        "high_low_range_1": 1.7981045262903218e-16,
        "high_low_range_2": 0.0,
        "log_return_0": 5.394313578870965e-16,
        "log_return_1": 1.7981045262903218e-16,
        "log_return_2": 0.0,
        "log_return_zscore_0": 3.3498687324788695e-13,
        "log_return_zscore_1": 3.0765568444827405e-13,
        "log_return_zscore_2": 4.281286877097256e-13,
        "log_volume_0": 1.0608816705112898e-14,
        "log_volume_1": 1.1328058515629026e-14,
        "log_volume_2": 1.5283888473467736e-14,
        "relative_volume_0": 2.6432136536467728e-14,
        "relative_volume_1": 3.452360690477418e-14,
        "relative_volume_2": 2.9488914231161276e-14,
        "relative_volume_zscore_0": 3.265357819743224e-13,
        "relative_volume_zscore_1": 3.2725502378483853e-13,
        "relative_volume_zscore_2": 2.364507452071773e-13,
        "volume_change_0": 6.940683471480641e-14,
        "volume_change_1": 4.6750717683548366e-14,
        "volume_change_2": 3.865924731524192e-14,
        "volume_change_zscore_0": 2.477788037228063e-13,
        "volume_change_zscore_1": 1.6740353139762894e-13,
        "volume_change_zscore_2": 1.6128997600824186e-13
      }
    },
    {
      "anomaly_index": 92,
      "feature_importances": {
        "Close_0": 4.361814950920881e-11,
        "Close_1": 4.554691733809358e-11,
        "Close_2": 4.843789960501976e-11,
        "High_0": 4.6077199355536835e-11,
        "High_1": 4.5915728326262766e-11,
        "High_2": 4.7687467387075514e-11,
        "Low_0": 4.414460911585031e-11,
        "Low_1": 4.3796046574090415e-11,
        "Low_2": 4.67873412974626e-11,
        "Open_0": 4.626862982082465e-11,
        "Open_1": 4.458697568485323e-11,
        "Open_2": 4.5990936841497266e-11,
        "Volume_0": 0.16607166475257937,
        "Volume_1": 0.20024458849847798,
        "Volume_2": 0.6336837461960787,
        "daily_return_0": 5.165420002369516e-16,
        "daily_return_1": 5.165420002369516e-16,
        "daily_return_2": 0.0,
        "daily_return_zscore_0": 3.7077384777008383e-13,
        "daily_return_zscore_1": 3.1839648894605694e-13,
        "daily_return_zscore_2": 4.4546582100434705e-13,
        "excess_return_0": 3.0992520014217094e-16,
        "excess_return_1": 7.231588003317322e-16,
        "excess_return_2": 0.0,
        "high_low_range_0": 3.0992520014217094e-16,
        "high_low_range_1": 5.165420002369516e-16,
        "high_low_range_2": 0.0,
        "log_return_0": 7.231588003317322e-16,
        "log_return_1": 5.165420002369516e-16,
        "log_return_2": 0.0,
        "log_return_zscore_0": 3.702573057698469e-13,
        "log_return_zscore_1": 3.1870641414619914e-13,
        "log_return_zscore_2": 4.456724378044418e-13,
        "log_volume_0": 1.0434148404786422e-14,
        "log_volume_1": 1.1260615605165544e-14,
        "log_volume_2": 1.4359867606587254e-14,
        "relative_volume_0": 2.613702521198975e-14,
        "relative_volume_1": 3.491823921601793e-14,
        "relative_volume_2": 3.30586880151649e-14,
        "relative_volume_zscore_0": 3.2676446934989554e-13,
        "relative_volume_zscore_1": 3.2139243254743127e-13,
        "relative_volume_zscore_2": 2.228362189022209e-13,
        "volume_change_0": 7.210926323307844e-14,
        "volume_change_1": 4.814171442208389e-14,
        "volume_change_2": 3.40917720156388e-14,
        "volume_change_zscore_0": 2.652959713216983e-13,
        "volume_change_zscore_1": 1.6684306607653535e-13,
        "volume_change_zscore_2": 1.451483020665834e-13
      }
    },
    {
      "anomaly_index": 106,
      "feature_importances": {
        "Close_0": 5.2708769568896916e-11,
        "Close_1": 5.337166816446747e-11,
        "Close_2": 5.514268580789202e-11,
        "High_0": 5.5234795787690786e-11,
        "High_1": 5.4522576363573865e-11,
        "High_2": 5.4975794788054035e-11,
        "Low_0": 5.3031221147960895e-11,
        "Low_1": 5.244896877204049e-11,
        "Low_2": 5.428810247867369e-11,
        "Open_0": 5.552872126591984e-11,
        "Open_1": 5.403949884289265e-11,
        "Open_2": 5.359907717392722e-11,
        "Volume_0": 0.1585365007666443,
        "Volume_1": 0.18601883111920536,
        "Volume_2": 0.655444667461183,
        "daily_return_0": 1.3329953661181367e-16,
        "daily_return_1": 2.6659907322362734e-16,
        "daily_return_2": 1.3329953661181367e-16,
        "daily_return_zscore_0": 3.685732187316648e-13,