{
  "aida": 0.021,
  "iforest": 0.0592348575592041,
  "lof": 0.021804094314575195
}