{
  "aida": 0.024,
  "iforest": 0.06719517707824707,
  "lof": 0.029819011688232422
}