{
  "aida": 0.024,
  "iforest": 0.08392810821533203,
  "lof": 0.014406204223632812
}