{
  "aida": 0.033,
  "iforest": 0.09380221366882324,
  "lof": 0.03474879264831543
}