{
  "aida": 0.03,
  "iforest": 0.08662915229797363,
  "lof": 0.037420034408569336
}