{
  "aida": 0.02,
  "iforest": 0.059564828872680664,
  "lof": 0.030455827713012695
}