{
  "aida": 0.005,
  "iforest": 0.08308792114257812,
  "lof": 0.03790783882141113
}