{
  "aida": 0.006,
  "iforest": 0.08310294151306152,
  "lof": 0.029666900634765625
}