{
  "aida": 0.007,
  "iforest": 0.09464192390441895,
  "lof": 0.034761905670166016
}