{
  "aida": 0.006,
  "iforest": 0.08645200729370117,
  "lof": 0.04389190673828125
}