{
  "aida": 0.005,
  "iforest": 0.09215521812438965,
  "lof": 0.042922019958496094
}