{
  "aida": 0.005,
  "iforest": 0.10857796669006348,
  "lof": 0.026666879653930664
}