{
  "aida": 0.006,
  "iforest": 0.08665609359741211,
  "lof": 0.04775500297546387
}