{
  "aida": 0.006,
  "iforest": 0.09120416641235352,
  "lof": 0.07254767417907715
}