{
  "aida": 0.006,
  "iforest": 0.08771300315856934,
  "lof": 0.03017425537109375
}