{
  "aida": 0.006,
  "iforest": 0.08262205123901367,
  "lof": 0.026066064834594727
}