{
  "aida": 0.006,
  "iforest": 0.09002208709716797,
  "lof": 0.02435302734375
}