{
  "aida": 0.006,
  "iforest": 0.089813232421875,
  "lof": 0.031890153884887695
}