{
  "anomalies": [
    {
      "anomaly_index": 14,
      "feature_importances": {
        "Close_0": 7.44088316083174e-11,
        "Close_1": 7.429718636216283e-11,
        "Close_2": 7.326606387954693e-11,
        "High_0": 7.485587972785684e-11,
        "High_1": 7.507699025720064e-11,
        "High_2": 7.377383953883573e-11,
        "Low_0": 7.464053052920722e-11,
        "Low_1": 7.381697166322181e-11,
        "Low_2": 7.369255806255583e-11,
        "Open_0": 7.523270189758358e-11,
        "Open_1": 7.607883895142454e-11,
        "Open_2": 7.40324765735118e-11,
        "Volume_0": 0.528232692307748,
        "Volume_1": 0.21025396716453426,
        "Volume_2": 0.26151333962977835,
        "daily_return_0": 1.557116403829495e-16,
        "daily_return_1": 1.557116403829495e-16,
        "daily_return_2": 0.0,
        "daily_return_zscore_0": 4.401968073625982e-13,
        "daily_return_zscore_1": 2.7701100824126716e-13,
        "daily_return_zscore_2": 3.747979184017595e-13,
        "excess_return_0": 1.557116403829495e-16,
        "excess_return_1": 0.0,
        "excess_return_2": 0.0,
        "high_low_range_0": 0.0,
        "high_low_range_1": 1.557116403829495e-16,
        "high_low_range_2": 0.0,
        "log_return_0": 1.557116403829495e-16,
        "log_return_1": 1.557116403829495e-16,
        "log_return_2": 0.0,
        "log_return_zscore_0": 4.3614830471264156e-13,
        "log_return_zscore_1": 2.790352595662455e-13,
        "log_return_zscore_2": 3.7355222527869583e-13,
        "log_volume_0": 2.6003843943952567e-14,
        "log_volume_1": 2.0398224890166386e-14,
        "log_volume_2": 2.2422476215144728e-14,
        "relative_volume_0": 3.534654236692954e-14,
        "relative_volume_1": 4.141929634186457e-14,
        "relative_volume_2": 5.870328842437196e-14,
        "relative_volume_zscore_0": 5.541777281229173e-13,
        "relative_volume_zscore_1": 3.604724474865281e-13,
        "relative_volume_zscore_2": 3.4676982313282853e-13,
        "volume_change_0": 2.192419896591929e-13,
        "volume_change_1": 2.7249537067016162e-14,
        "volume_change_2": 4.65577804745019e-14,
        "volume_change_zscore_0": 4.976544026639066e-13,
        "volume_change_zscore_1": 1.3235489432550708e-13,
        "volume_change_zscore_2": 1.9604095524213342e-13
      }
    },
    {
      "anomaly_index": 60,
      "feature_importances": {
        "Close_0": 5.429173667249807e-11,
        "Close_1": 5.437043055021164e-11,
        "Close_2": 5.400828053408055e-11,
        "High_0": 5.397854294813049e-11,
        "High_1": 5.5373994986701596e-11,
        "High_2": 5.4381423966294243e-11,
        "Low_0": 5.370655476174158e-11,
        "Low_1": 5.4433148384409495e-11,
        "Low_2": 5.399594259948425e-11,
        "Open_0": 5.47968801870273e-11,
        "Open_1": 5.583113128135932e-11,
        "Open_2": 5.4016584913135745e-11,
        "Volume_0": 0.47451941240350703,
        "Volume_1": 0.21874754383605013,
        "Volume_2": 0.30673304310343774,
        "daily_return_0": 2.3726797300574137e-16,
        "daily_return_1": 1.5817864867049424e-16,
        "daily_return_2": 0.0,
        "daily_return_zscore_0": 3.600146043740449e-13,
        "daily_return_zscore_1": 2.33313506788979e-13,
        "daily_return_zscore_2": 2.908905349050389e-13,
        "excess_return_0": 3.954466216762356e-16,
        "excess_return_1": 0.0,
        "excess_return_2": 0.0,
        "high_low_range_0": 3.954466216762356e-16,
        "high_low_range_1": 0.0,
        "high_low_range_2": 0.0,
        "log_return_0": 3.954466216762356e-16,
        "log_return_1": 1.5817864867049424e-16,
        "log_return_2": 0.0,
        "log_return_zscore_0": 3.560601381572825e-13,
        "log_return_zscore_1": 2.337089534106552e-13,
        "log_return_zscore_2": 2.898623736886807e-13,
        "log_volume_0": 2.0958670948840486e-14,
        "log_volume_1": 1.755783000242486e-14,
        "log_volume_2": 1.64505794617314e-14,
        "relative_volume_0": 2.5941298381961055e-14,
        "relative_volume_1": 3.377114149115052e-14,
        "relative_volume_2": 5.3622561899297547e-14,
        "relative_volume_zscore_0": 4.2961320978906237e-13,
        "relative_volume_zscore_1": 3.140637069352663e-13,
        "relative_volume_zscore_2": 3.026748442309907e-13,
        "volume_change_0": 1.4678978596621865e-13,
        "volume_change_1": 2.5150405138608584e-14,
        "volume_change_2": 4.1363716627334245e-14,
        "volume_change_zscore_0": 3.3241243018104363e-13,
        "volume_change_zscore_1": 1.2108575555726334e-13,
        "volume_change_zscore_2": 1.7375924556453793e-13
      }
    },
    {
      "anomaly_index": 85,
      "feature_importances": {
        "Close_0": 5.813721678873362e-11,
        "Close_1": 5.858075767941387e-11,
        "Close_2": 5.793786649803811e-11,
        "High_0": 5.795934122447482e-11,
        "High_1": 5.951308495358125e-11,
        "High_2": 5.860831015861568e-11,
        "Low_0": 5.72598594117973e-11,
        "Low_1": 5.8164634206762876e-11,
        "Low_2": 5.8033489808209125e-11,
        "Open_0": 5.859466898018733e-11,
        "Open_1": 5.946230195269947e-11,
        "Open_2": 5.80210641803338e-11,
        "Volume_0": 0.505135955210489,
        "Volume_1": 0.25213101187960363,
        "Volume_2": 0.2427330322057462,
        "daily_return_0": 2.701223451158604e-16,
        "daily_return_1": 0.0,
        "daily_return_2": 0.0,
        "daily_return_zscore_0": 4.201753078277209e-13,
        "daily_return_zscore_1": 1.9826980131504156e-13,
        "daily_return_zscore_2": 2.8133242243816864e-13,
        "excess_return_0": 2.701223451158604e-16,
        "excess_return_1": 4.0518351767379066e-16,
        "excess_return_2": 0.0,
        "high_low_range_0": 1.350611725579302e-16,
        "high_low_range_1": 4.0518351767379066e-16,
        "high_low_range_2": 0.0,
        "log_return_0": 2.701223451158604e-16,
        "log_return_1": 0.0,
        "log_return_2": 0.0,
        "log_return_zscore_0": 4.1693383968633056e-13,
        "log_return_zscore_1": 1.9894510717783121e-13,
        "log_return_zscore_2": 2.807921777479369e-13,
        "log_volume_0": 2.8362846237165346e-14,
        "log_volume_1": 1.6477463052067485e-14,
        "log_volume_2": 2.039423705624746e-14,
        "relative_volume_0": 5.942691592548929e-14,
        "relative_volume_1": 3.187443672367153e-14,
        "relative_volume_2": 5.118818439945555e-14,
        "relative_volume_zscore_0": 4.488082764100021e-13,
        "relative_volume_zscore_1": 2.7241838504934525e-13,
        "relative_volume_zscore_2": 2.8335834002653757e-13,
        "volume_change_0": 1.5653589899464112e-13,
        "volume_change_1": 2.7552479201817764e-14,
        "volume_change_2": 4.362475873621146e-14,
        "volume_change_zscore_0": 3.6723132818501225e-13,
        "volume_change_zscore_1": 1.054827757677435e-13,
        "volume_change_zscore_2": 1.7760544191367823e-13
      }
    }
  ]
}