feature_0,feature_1,feature_2,feature_3,feature_4,feature_5,feature_6,feature_7,feature_8
-0.00522237542067,-0.1479743469419677,0.016261925340232,0.0041711851935266,0.1076739489627318,0.0124882389575074,0.0014322780364064,-0.4639098367448413,0.0197506348846527
0.0041711851935266,0.1076739489627318,0.0124882389575074,0.0014322780364064,-0.4639098367448413,0.0197506348846527,-0.0023600485925228,-0.0759004482918535,0.0159290137492969
0.0014322780364064,-0.4639098367448413,0.0197506348846527,-0.0023600485925228,-0.0759004482918535,0.0159290137492969,0.0100358397745055,0.0802944128471061,0.0156418816101394
-0.0023600485925228,-0.0759004482918535,0.0159290137492969,0.0100358397745055,0.0802944128471061,0.0156418816101394,0.0002129106958157,1.4586559306286777,0.0412777411293818
0.0100358397745055,0.0802944128471061,0.0156418816101394,0.0002129106958157,1.4586559306286777,0.0412777411293818,0.0126304833218131,-0.4744930091951127,0.0150717692449383
0.0002129106958157,1.4586559306286777,0.0412777411293818,0.0126304833218131,-0.4744930091951127,0.0150717692449383,0.0074976802250172,-0.2199185043144774,0.0200969760341257
0.0126304833218131,-0.4744930091951127,0.0150717692449383,0.0074976802250172,-0.2199185043144774,0.0200969760341257,-0.0024343804206123,-0.1167614072822246,0.0198462349179513
