{
  "aida": 0.119,
  "iforest": 0.06348109245300293,
  "lof": 0.04138493537902832
}