{
  "aida": 0.132,
  "iforest": 0.07192397117614746,
  "lof": 0.03185701370239258
}