{
  "aida": 0.127,
  "iforest": 0.06900596618652344,
  "lof": 0.03922605514526367
}