{
  "aida": 0.205,
  "iforest": 0.0975492000579834,
  "lof": 0.05267596244812012
}