{
  "aida": 0.174,
  "iforest": 0.0965580940246582,
  "lof": 0.02781200408935547
}