{
  "aida": 0.161,
  "iforest": 0.09748101234436035,
  "lof": 0.014883041381835938
}