index,subsequence_idx,score
9,9,3.12187
35,35,2.89562
98,98,2.80544
105,105,3.9226
112,112,2.47007
114,114,2.37866
116,116,3.05039
120,120,3.09332
144,144,2.75949
168,168,3.28051
