index,subsequence_idx,score
9,9,2.8765
70,70,2.69171
105,105,2.66227
110,110,2.74445
112,112,2.70364
152,152,2.32281
168,168,2.50888
