index,subsequence_idx,score
9,9,3.04504
35,35,2.94705
98,98,2.91881
105,105,4.00972
112,112,2.58389
116,116,3.02955
120,120,3.10184
144,144,2.80978
168,168,3.14918
