index,subsequence_idx,score
9,9,3.05527
35,35,2.91775
98,98,2.70399
105,105,3.93444
112,112,2.3975
114,114,2.343
116,116,2.90559
120,120,3.01215
144,144,2.65527
168,168,3.19397
