index,subsequence_idx,score
9,9,3.13694
35,35,2.90651
98,98,3.04296
105,105,3.77031
112,112,2.76767
116,116,3.20712
120,120,2.97218
144,144,2.9347
168,168,3.20305
