index,subsequence_idx,score
9,9,3.13428
35,35,2.9445
98,98,2.93281
105,105,3.89729
112,112,2.57274
116,116,3.06758
120,120,3.05982
144,144,2.83555
168,168,3.23919
