index,subsequence_idx,score
17,17,2.74143
78,78,2.68448
104,104,3.32479
160,160,2.64705
162,162,2.40197
173,173,2.6346
