index,subsequence_idx,score
17,17,2.3768
104,104,4.17146
106,106,3.14375
119,119,2.80017
128,128,3.05354
151,151,3.00653
160,160,2.94345
177,177,2.83724
