index,subsequence_idx,score
17,17,2.36888
104,104,3.95391
106,106,3.25411
119,119,2.93997
128,128,3.27306
151,151,3.06769
160,160,3.04472
177,177,3.11119
