index,subsequence_idx,score
17,17,2.40269
104,104,4.29105
106,106,3.13223
119,119,2.94714
128,128,3.1096
151,151,3.13557
160,160,2.96895
177,177,3.01823
