index,subsequence_idx,score
104,104,4.15618
106,106,3.0301
119,119,2.89453
128,128,3.10746
151,151,3.11421
160,160,3.07072
177,177,2.97385
