index,subsequence_idx,score
104,104,4.18032
106,106,3.27149
119,119,2.95638
128,128,3.34042
151,151,3.02232
160,160,3.09063
177,177,3.08122
