{
  "aida": 0.013,
  "iforest": 0.09402799606323242,
  "lof": 0.027865171432495117
}