{
  "aida": 0.187,
  "iforest": 0.09908676147460938,
  "lof": 0.03741908073425293
}