{
  "aida": 0.148,
  "iforest": 0.10281205177307129,
  "lof": 0.014888763427734375
}