{
  "aida": 0.124,
  "iforest": 0.07158684730529785,
  "lof": 0.04263782501220703
}