{
  "aida": 0.182,
  "iforest": 0.09646415710449219,
  "lof": 0.032794952392578125
}