{
  "aida": 0.134,
  "iforest": 0.07138299942016602,
  "lof": 0.032347917556762695
}