{
  "aida": 0.139,
  "iforest": 0.06827592849731445,
  "lof": 0.03137516975402832
}