{
  "aida": 0.032,
  "iforest": 0.08727788925170898,
  "lof": 0.0385589599609375
}