{
  "aida": 0.02,
  "iforest": 0.058136940002441406,
  "lof": 0.03963804244995117
}