{
  "aida": 0.019,
  "iforest": 0.05401182174682617,
  "lof": 0.02048492431640625
}