{
  "aida": 0.03,
  "iforest": 0.08985686302185059,
  "lof": 0.04769086837768555
}