{
  "aida": 0.023,
  "iforest": 0.09265899658203125,
  "lof": 0.014890909194946289
}