{
  "aida": 0.019,
  "iforest": 0.05826997756958008,
  "lof": 0.03200984001159668
}