{
  "aida": 0.147,
  "iforest": 0.09972023963928223,
  "lof": 0.01482391357421875
}