{
  "aida": 0.113,
  "iforest": 0.06902337074279785,
  "lof": 0.03632211685180664
}