{
  "aida": 0.123,
  "iforest": 0.0707399845123291,
  "lof": 0.041319847106933594
}