{
  "aida": 0.192,
  "iforest": 0.09472227096557617,
  "lof": 0.02987074851989746
}