{
  "aida": 0.123,
  "iforest": 0.059069156646728516,
  "lof": 0.032283782958984375
}