{
  "aida": 0.194,
  "iforest": 0.11132121086120605,
  "lof": 0.029816865921020508
}