feature_0,feature_1,feature_2,feature_3,feature_4,feature_5,feature_6,feature_7,feature_8,feature_9,feature_10,feature_11,feature_12,feature_13,feature_14
0.0047259435541759,-0.502350765979926,0.0374649830301285,-0.0182550663267696,-0.3817282977094027,0.0192208721313284,-0.0110085525466099,0.0241470653160333,0.0262176649732113,-0.0124574463177955,0.1461963094682137,0.0195402313215738,-0.0088768786063944,-0.0660050146259925,0.0219767302345861
-0.0182550663267696,-0.3817282977094027,0.0192208721313284,-0.0110085525466099,0.0241470653160333,0.0262176649732113,-0.0124574463177955,0.1461963094682137,0.0195402313215738,-0.0088768786063944,-0.0660050146259925,0.0219767302345861,-0.0253373727242696,-0.0136797834500346,0.0354982770653184
-0.0110085525466099,0.0241470653160333,0.0262176649732113,-0.0124574463177955,0.1461963094682137,0.0195402313215738,-0.0088768786063944,-0.0660050146259925,0.0219767302345861,-0.0253373727242696,-0.0136797834500346,0.0354982770653184,0.0204341076177649,-0.0489345535785163,0.0215054135888545
-0.0124574463177955,0.1461963094682137,0.0195402313215738,-0.0088768786063944,-0.0660050146259925,0.0219767302345861,-0.0253373727242696,-0.0136797834500346,0.0354982770653184,0.0204341076177649,-0.0489345535785163,0.0215054135888545,0.0051542481893465,0.6467733473242392,0.0339913630263237
-0.0088768786063944,-0.0660050146259925,0.0219767302345861,-0.0253373727242696,-0.0136797834500346,0.0354982770653184,0.0204341076177649,-0.0489345535785163,0.0215054135888545,0.0051542481893465,0.6467733473242392,0.0339913630263237,-0.0030649100776936,-0.528025777488143,0.0146557215713202
-0.0253373727242696,-0.0136797834500346,0.0354982770653184,0.0204341076177649,-0.0489345535785163,0.0215054135888545,0.0051542481893465,0.6467733473242392,0.0339913630263237,-0.0030649100776936,-0.528025777488143,0.0146557215713202,0.0134208555617303,-0.6238992359853948,0.0162101728270241
