feature_0,feature_1,feature_2,feature_3,feature_4,feature_5,feature_6,feature_7,feature_8
0.0051473776891213,0.0478013255464044,0.0146298352849277,-0.0034728783406996,-0.1131347375208422,0.0127674888025845,0.0248079773969285,0.5203352483585497,0.0169265890957224
-0.0034728783406996,-0.1131347375208422,0.0127674888025845,0.0248079773969285,0.5203352483585497,0.0169265890957224,-0.0182709145786829,-0.032780103682884,0.0293529734892002
0.0248079773969285,0.5203352483585497,0.0169265890957224,-0.0182709145786829,-0.032780103682884,0.0293529734892002,-0.0060470095951633,-0.2358648240382923,0.0212879551210601
-0.0182709145786829,-0.032780103682884,0.0293529734892002,-0.0060470095951633,-0.2358648240382923,0.0212879551210601,0.0220319455558724,0.8699702876559798,0.01480483813174
-0.0060470095951633,-0.2358648240382923,0.0212879551210601,0.0220319455558724,0.8699702876559798,0.01480483813174,0.0598161398114296,0.732465883846398,0.0237599707154219
0.0220319455558724,0.8699702876559798,0.01480483813174,0.0598161398114296,0.732465883846398,0.0237599707154219,-0.009106792611736,-0.5186390980253528,0.0209511075139094
0.0598161398114296,0.732465883846398,0.0237599707154219,-0.009106792611736,-0.5186390980253528,0.0209511075139094,0.003797316702355,-0.0160863538997857,0.0197440239778075
