feature_0,feature_1,feature_2,feature_3,feature_4,feature_5,feature_6,feature_7,feature_8
-0.0039142921648156,0.1430577849117174,0.018645954028429,-0.0010806622395341,-0.2802352115148323,0.009443232833863,0.0009834625670825,-0.1394951835142055,0.0119070955694628
-0.0010806622395341,-0.2802352115148323,0.009443232833863,0.0009834625670825,-0.1394951835142055,0.0119070955694628,-0.0083513311487088,1.3962023522743374,0.0107270741734312
0.0009834625670825,-0.1394951835142055,0.0119070955694628,-0.0083513311487088,1.3962023522743374,0.0107270741734312,-0.0003963233469373,-0.5460674157303371,0.016378812396941
-0.0083513311487088,1.3962023522743374,0.0107270741734312,-0.0003963233469373,-0.5460674157303371,0.016378812396941,-0.0113985680725151,1.5290515893694634,0.033773442663784
-0.0003963233469373,-0.5460674157303371,0.016378812396941,-0.0113985680725151,1.5290515893694634,0.033773442663784,-0.0007018216996534,-0.1118322773399268,0.0220804236914136
-0.0113985680725151,1.5290515893694634,0.033773442663784,-0.0007018216996534,-0.1118322773399268,0.0220804236914136,0.0141467210596244,-0.3413757104744229,0.0126886234281952
-0.0007018216996534,-0.1118322773399268,0.0220804236914136,0.0141467210596244,-0.3413757104744229,0.0126886234281952,0.0058369244875635,-0.1705706234589644,0.0080173964998575
