feature_0,feature_1,feature_2,feature_3,feature_4,feature_5,feature_6,feature_7,feature_8
-0.0104531799096727,0.4957960401410362,0.1016213387349556,-0.0047665410187701,-0.5543668782109399,0.0535564179241167,-0.0135912945400671,-0.3013698630136986,0.0323931238602796
-0.0047665410187701,-0.5543668782109399,0.0535564179241167,-0.0135912945400671,-0.3013698630136986,0.0323931238602796,-0.073617222958525,1.3655600854203067,0.0637920272735221
-0.0135912945400671,-0.3013698630136986,0.0323931238602796,-0.073617222958525,1.3655600854203067,0.0637920272735221,0.0075783840705982,-0.3729995896594172,0.0505705610970555
-0.073617222958525,1.3655600854203067,0.0637920272735221,0.0075783840705982,-0.3729995896594172,0.0505705610970555,0.0070997455688532,-0.2081151832460732,0.0277945757145277
0.0075783840705982,-0.3729995896594172,0.0505705610970555,0.0070997455688532,-0.2081151832460732,0.0277945757145277,0.0046415388169331,-0.4155371900826446,0.030207002158729
0.0070997455688532,-0.2081151832460732,0.0277945757145277,0.0046415388169331,-0.4155371900826446,0.030207002158729,-0.0017368951557332,0.0248868778280542,0.0204467349545837
0.0046415388169331,-0.4155371900826446,0.030207002158729,-0.0017368951557332,0.0248868778280542,0.0204467349545837,-0.0029578804953837,0.1672185430463575,0.0218875862972595
