feature_0,feature_1,feature_2,feature_3,feature_4,feature_5,feature_6,feature_7,feature_8
-0.0131974092596542,0.0697887970615243,0.0374309259814947,-0.0081685090192035,0.0466738197424891,0.020659507781358,0.0077512409537803,-0.2765761148129164,0.0110528663195862
-0.0081685090192035,0.0466738197424891,0.020659507781358,0.0077512409537803,-0.2765761148129164,0.0110528663195862,-0.0260395820493921,-0.0573898257049737,0.0288683607857925
0.0077512409537803,-0.2765761148129164,0.0110528663195862,-0.0260395820493921,-0.0573898257049737,0.0288683607857925,-0.0041131563675548,0.0393866506313891,0.0280987382799302
-0.0260395820493921,-0.0573898257049737,0.0288683607857925,-0.0041131563675548,0.0393866506313891,0.0280987382799302,0.0099125248085645,-0.2723459647092855,0.0214964331212863
-0.0041131563675548,0.0393866506313891,0.0280987382799302,0.0099125248085645,-0.2723459647092855,0.0214964331212863,0.0050710407128142,0.2001590141125024,0.0221841710069569
0.0099125248085645,-0.2723459647092855,0.0214964331212863,0.0050710407128142,0.2001590141125024,0.0221841710069569,0.016276076626152,-0.3802583636965883,0.0159310664384277
0.0050710407128142,0.2001590141125024,0.0221841710069569,0.016276076626152,-0.3802583636965883,0.0159310664384277,-0.0040838349523324,0.6365579903794762,0.0144180498874518
