feature_0,feature_1,feature_2,feature_3,feature_4,feature_5,feature_6,feature_7,feature_8
-0.0165354676340676,0.4406685953821987,0.045694988636643,0.0342603616685368,-0.1082165468005701,0.0266280719433734,0.0074602585074419,0.230968720258289,0.0230782061638567
0.0342603616685368,-0.1082165468005701,0.0266280719433734,0.0074602585074419,0.230968720258289,0.0230782061638567,-0.0329354912286841,0.7505174432477124,0.0468535600596141
0.0074602585074419,0.230968720258289,0.0230782061638567,-0.0329354912286841,0.7505174432477124,0.0468535600596141,0.0228571428571429,5.600180896414564e-05,0.0486519962430331
-0.0329354912286841,0.7505174432477124,0.0468535600596141,0.0228571428571429,5.600180896414564e-05,0.0486519962430331,0.0319553140821404,-0.4262407668225825,0.0288477701948892
0.0228571428571429,5.600180896414564e-05,0.0486519962430331,0.0319553140821404,-0.4262407668225825,0.0288477701948892,0.0080662921357597,-0.2786468643825904,0.0132132292764336
0.0319553140821404,-0.4262407668225825,0.0288477701948892,0.0080662921357597,-0.2786468643825904,0.0132132292764336,0.0133719464292869,-0.1135173082814254,0.0213744420076437
0.0080662921357597,-0.2786468643825904,0.0132132292764336,0.0133719464292869,-0.1135173082814254,0.0213744420076437,0.0003179520909593,-0.0194785934174794,0.0140409210244626
