feature_0,feature_1,feature_2,feature_3,feature_4,feature_5,feature_6,feature_7,feature_8
-0.0041293952773386,-0.2811813186813187,0.0146970968011955,-0.0104933167483207,0.4009172558761704,0.0133425009615048,0.0146240369060663,-0.1559132451234484,0.0115961854067792
-0.0104933167483207,0.4009172558761704,0.0133425009615048,0.0146240369060663,-0.1559132451234484,0.0115961854067792,-0.0062372661173546,0.2669683257918551,0.0141013716413563
0.0146240369060663,-0.1559132451234484,0.0115961854067792,-0.0062372661173546,0.2669683257918551,0.0141013716413563,0.0064460537574955,-0.3641581632653061,0.0189513333188962
-0.0062372661173546,0.2669683257918551,0.0141013716413563,0.0064460537574955,-0.3641581632653061,0.0189513333188962,0.0032866938338567,0.0625877632898697,0.0099662186652748
0.0064460537574955,-0.3641581632653061,0.0189513333188962,0.0032866938338567,0.0625877632898697,0.0099662186652748,0.0022679847465063,0.1481970926939777,0.0133558255359373
0.0032866938338567,0.0625877632898697,0.0099662186652748,0.0022679847465063,0.1481970926939777,0.0133558255359373,0.0010895046418339,-0.2127589608681355,0.008757902446546
0.0022679847465063,0.1481970926939777,0.0133558255359373,0.0010895046418339,-0.2127589608681355,0.008757902446546,0.0074508591596802,0.5618212197159567,0.0110738232266683
