feature_0,feature_1,feature_2,feature_3,feature_4,feature_5,feature_6,feature_7,feature_8
0.0039883544839316,0.1746240403827952,0.0207848039788824,0.0664629372675877,1.0386319888983393,0.0658331263542952,0.0131804214563291,-0.4316769504402626,0.0133066291786735
0.0664629372675877,1.0386319888983393,0.0658331263542952,0.0131804214563291,-0.4316769504402626,0.0133066291786735,-0.0162613613336373,0.3524843520593463,0.0272216531951756
0.0131804214563291,-0.4316769504402626,0.0133066291786735,-0.0162613613336373,0.3524843520593463,0.0272216531951756,-0.0185423959122066,-0.0283959434366518,0.0272379052413897
-0.0162613613336373,0.3524843520593463,0.0272216531951756,-0.0185423959122066,-0.0283959434366518,0.0272379052413897,-0.0042472093656411,-0.3775837229131751,0.0200619647733335
-0.0185423959122066,-0.0283959434366518,0.0272379052413897,-0.0042472093656411,-0.3775837229131751,0.0200619647733335,0.0088248732640923,0.0432235816524162,0.0111486307267745
-0.0042472093656411,-0.3775837229131751,0.0200619647733335,0.0088248732640923,0.0432235816524162,0.0111486307267745,0.004519550026139,-0.1263810903821771,0.0153194544548862
0.0088248732640923,0.0432235816524162,0.0111486307267745,0.004519550026139,-0.1263810903821771,0.0153194544548862,0.0044993277820757,-0.0833981236717981,0.0145645200504389
