feature_0,feature_1,feature_2,feature_3,feature_4,feature_5,feature_6,feature_7,feature_8
-0.0025619128307637,0.0651402130120866,0.0144623665708769,-0.0069398076935106,0.1321623848400868,0.0083206604404958,-0.0028351520296769,-0.2181535509907048,0.01197262723877
-0.0069398076935106,0.1321623848400868,0.0083206604404958,-0.0028351520296769,-0.2181535509907048,0.01197262723877,-0.010549632279768,0.2990776781181248,0.0106718748604508
-0.0028351520296769,-0.2181535509907048,0.01197262723877,-0.010549632279768,0.2990776781181248,0.0106718748604508,0.0046630593469301,-0.1516039732942518,0.0150624476567911
-0.010549632279768,0.2990776781181248,0.0106718748604508,0.0046630593469301,-0.1516039732942518,0.0150624476567911,0.0050680405421805,0.0257965451055661,0.009249001283352
0.0046630593469301,-0.1516039732942518,0.0150624476567911,0.0050680405421805,0.0257965451055661,0.009249001283352,0.0006739615815236,0.5414639622782726,0.013251192751064
0.0050680405421805,0.0257965451055661,0.009249001283352,0.0006739615815236,0.5414639622782726,0.013251192751064,0.0101030717187076,-0.0486028501371659,0.0147522516325061
0.0006739615815236,0.5414639622782726,0.013251192751064,0.0101030717187076,-0.0486028501371659,0.0147522516325061,0.0030129437425814,-0.2129934420373064,0.0090434442816947
