feature_0,feature_1,feature_2,feature_3,feature_4,feature_5,feature_6,feature_7,feature_8
-0.0128876411630172,0.1232733643285493,0.0152712549604508,-0.0066871582652145,-0.1909960709036922,0.0204278466535762,0.018593649337508,-0.0819708597486374,0.0117784447741196
-0.0066871582652145,-0.1909960709036922,0.0204278466535762,0.018593649337508,-0.0819708597486374,0.0117784447741196,-0.0161560718490288,1.0121961069380505,0.0135495209386702
0.018593649337508,-0.0819708597486374,0.0117784447741196,-0.0161560718490288,1.0121961069380505,0.0135495209386702,0.0154616634673339,-0.1241319792879219,0.0353887726730059
-0.0161560718490288,1.0121961069380505,0.0135495209386702,0.0154616634673339,-0.1241319792879219,0.0353887726730059,0.0127061144730398,-0.2639719529799958,0.0169420249503604
0.0154616634673339,-0.1241319792879219,0.0353887726730059,0.0127061144730398,-0.2639719529799958,0.0169420249503604,0.0098507072644593,0.2824631860776438,0.0163257062511214
0.0127061144730398,-0.2639719529799958,0.0169420249503604,0.0098507072644593,0.2824631860776438,0.0163257062511214,-0.015093995669743,-0.2886099917463708,0.0312533016821439
0.0098507072644593,0.2824631860776438,0.0163257062511214,-0.015093995669743,-0.2886099917463708,0.0312533016821439,0.0023979484585312,0.0647329807200136,0.0234162427139524
