feature_0,feature_1,feature_2,feature_3,feature_4,feature_5,feature_6,feature_7,feature_8
0.0,-0.217945256553657,0.0191199459507958,-0.0046487935067531,-0.1687188676453664,0.0151436512430384,0.0088220438550405,-0.2214729264723332,0.0151395979004529
-0.0046487935067531,-0.1687188676453664,0.0151436512430384,0.0088220438550405,-0.2214729264723332,0.0151395979004529,-0.0362654061425644,0.8901872126400285,0.0366016275905645
0.0088220438550405,-0.2214729264723332,0.0151395979004529,-0.0362654061425644,0.8901872126400285,0.0366016275905645,-0.0304243124427973,0.047748316781121,0.0443213949154414
-0.0362654061425644,0.8901872126400285,0.0366016275905645,-0.0304243124427973,0.047748316781121,0.0443213949154414,0.0101844508492863,-0.3542917243856138,0.0159078948332091
-0.0304243124427973,0.047748316781121,0.0443213949154414,0.0101844508492863,-0.3542917243856138,0.0159078948332091,0.0008173203403192,-0.225497596440348,0.0179359183520088
0.0101844508492863,-0.3542917243856138,0.0159078948332091,0.0008173203403192,-0.225497596440348,0.0179359183520088,0.0051728789187486,0.4179276737625033,0.0182015252363305
0.0008173203403192,-0.225497596440348,0.0179359183520088,0.0051728789187486,0.4179276737625033,0.0182015252363305,0.007584031436312,-0.1799403093063217,0.0181621576234178
