feature_0,feature_1,feature_2,feature_3,feature_4,feature_5,feature_6,feature_7,feature_8
0.0015019958958113,0.4073856049620239,0.0144367081878992,0.0006207282042893,-0.3456943778500964,0.009375311206271,-0.0010854391150717,-0.1599544724573959,0.0095099615481355
0.0006207282042893,-0.3456943778500964,0.009375311206271,-0.0010854391150717,-0.1599544724573959,0.0095099615481355,-0.007967809207485,0.5133635250009281,0.0174807248705126
-0.0010854391150717,-0.1599544724573959,0.0095099615481355,-0.007967809207485,0.5133635250009281,0.0174807248705126,0.0006259236791641,-0.0868808025804236,0.019235880061227
-0.007967809207485,0.5133635250009281,0.0174807248705126,0.0006259236791641,-0.0868808025804236,0.019235880061227,-0.0010424179474259,-0.1267376734315608,0.0210003991020244
0.0006259236791641,-0.0868808025804236,0.019235880061227,-0.0010424179474259,-0.1267376734315608,0.0210003991020244,-0.0060002800603163,0.3723795315071443,0.0215960517904948
-0.0010424179474259,-0.1267376734315608,0.0210003991020244,-0.0060002800603163,0.3723795315071443,0.0215960517904948,0.0078212509346622,-0.1133836912180032,0.0125381389326275
-0.0060002800603163,0.3723795315071443,0.0215960517904948,0.0078212509346622,-0.1133836912180032,0.0125381389326275,-0.0013021941898915,-0.0280997585670766,0.0066788354816657
