feature_0,feature_1,feature_2,feature_3,feature_4,feature_5,feature_6,feature_7,feature_8
-0.0100110521693773,0.2228367863504265,0.013490188787528,0.0119193810369599,-0.2298374731677399,0.0228155509112778,0.0050306316869412,0.3266971929126021,0.0150354736894058
0.0119193810369599,-0.2298374731677399,0.0228155509112778,0.0050306316869412,0.3266971929126021,0.0150354736894058,0.0595495935649033,1.7900285114045618,0.0362660915371539
0.0050306316869412,0.3266971929126021,0.0150354736894058,0.0595495935649033,1.7900285114045618,0.0362660915371539,-0.0055690431981109,-0.6232267953906765,0.01869181301863
0.0595495935649033,1.7900285114045618,0.0362660915371539,-0.0055690431981109,-0.6232267953906765,0.01869181301863,-0.0268297812081994,0.1439991434995182,0.0305586041172211
-0.0055690431981109,-0.6232267953906765,0.01869181301863,-0.0268297812081994,0.1439991434995182,0.0305586041172211,-0.0277016065655891,0.4334601946593461,0.020072805276264
-0.0268297812081994,0.1439991434995182,0.0305586041172211,-0.0277016065655891,0.4334601946593461,0.020072805276264,0.0431445391627243,-0.2604513503514614,0.0421059649923573
-0.0277016065655891,0.4334601946593461,0.020072805276264,0.0431445391627243,-0.2604513503514614,0.0421059649923573,0.0144649135803043,-0.1526939940558515,0.0222803031455799
