feature_0,feature_1,feature_2,feature_3,feature_4,feature_5,feature_6,feature_7,feature_8
-0.0244951387771201,1.6940386185472578,0.0305646880562097,0.0182438175587418,-0.268360169021719,0.0178430354399809,-0.0100167905130346,-0.3405523544605603,0.0178611809895189
0.0182438175587418,-0.268360169021719,0.0178430354399809,-0.0100167905130346,-0.3405523544605603,0.0178611809895189,-0.0321193438634703,0.4697810755741212,0.033378702844964
-0.0100167905130346,-0.3405523544605603,0.0178611809895189,-0.0321193438634703,0.4697810755741212,0.033378702844964,0.0144093987608939,-0.1813289138123927,0.0292331831966371
-0.0321193438634703,0.4697810755741212,0.033378702844964,0.0144093987608939,-0.1813289138123927,0.0292331831966371,0.0073429503028767,-0.2484074270557029,0.0133789404813263
0.0144093987608939,-0.1813289138123927,0.0292331831966371,0.0073429503028767,-0.2484074270557029,0.0133789404813263,0.0221696418212675,-0.014833930003275,0.0131638101272859
0.0073429503028767,-0.2484074270557029,0.0133789404813263,0.0221696418212675,-0.014833930003275,0.0131638101272859,0.0169184095846564,-0.0257985750886987,0.0186037297276675
0.0221696418212675,-0.014833930003275,0.0131638101272859,0.0169184095846564,-0.0257985750886987,0.0186037297276675,-0.0101562237999459,0.1777767318169516,0.0136400722085488
