feature_0,feature_1,feature_2,feature_3,feature_4,feature_5,feature_6,feature_7,feature_8
-0.0153967130123663,-0.0279764743284056,0.0222492378513964,0.0008018765744617,-0.2055600981193786,0.014580749097447,0.0012018895982071,0.4499794153972829,0.0140224516950185
0.0008018765744617,-0.2055600981193786,0.014580749097447,0.0012018895982071,0.4499794153972829,0.0140224516950185,-0.0180071630245172,0.2617830777967065,0.0250409970328047
0.0012018895982071,0.4499794153972829,0.0140224516950185,-0.0180071630245172,0.2617830777967065,0.0250409970328047,0.0,0.1121737173717372,0.0180106642882193
-0.0180071630245172,0.2617830777967065,0.0250409970328047,0.0,0.1121737173717372,0.0180106642882193,0.0097799916666119,-0.235306019221042,0.0155165811215474
0.0,0.1121737173717372,0.0180106642882193,0.0097799916666119,-0.235306019221042,0.0155165811215474,0.0193704621127102,-0.2922344225426644,0.01645264230164
0.0097799916666119,-0.235306019221042,0.0155165811215474,0.0193704621127102,-0.2922344225426644,0.01645264230164,0.0043547162127814,0.8128971962616822,0.0227726599755282
0.0193704621127102,-0.2922344225426644,0.01645264230164,0.0043547162127814,0.8128971962616822,0.0227726599755282,-0.0047300154538163,-0.1214558201876482,0.0206759628489432
