feature_0,feature_1,feature_2,feature_3,feature_4,feature_5,feature_6,feature_7,feature_8
0.0079391029865525,-0.4120852388829424,0.0343909101620489,0.025353740929215,0.9528301886792452,0.0302116254156182,0.0025986560238284,-0.2501906941266208,0.0167604374081321
0.025353740929215,0.9528301886792452,0.0302116254156182,0.0025986560238284,-0.2501906941266208,0.0167604374081321,-0.0144087995998487,0.2054933875890132,0.0281400387664664
0.0025986560238284,-0.2501906941266208,0.0167604374081321,-0.0144087995998487,0.2054933875890132,0.0281400387664664,-0.0098622418142034,0.1103609939052976,0.0309595763666451
-0.0144087995998487,0.2054933875890132,0.0281400387664664,-0.0098622418142034,0.1103609939052976,0.0309595763666451,-0.0039451571706641,0.2182063840567472,0.0522857043207908
-0.0098622418142034,0.1103609939052976,0.0309595763666451,-0.0039451571706641,0.2182063840567472,0.0522857043207908,0.0052157920331827,-0.3270483848606682,0.0261848939745177
-0.0039451571706641,0.2182063840567472,0.0522857043207908,0.0052157920331827,-0.3270483848606682,0.0261848939745177,0.0513790065683046,0.4236711990111248,0.0422014574151761
0.0052157920331827,-0.3270483848606682,0.0261848939745177,0.0513790065683046,0.4236711990111248,0.0422014574151761,-0.009721787714945,-0.1920989798133275,0.0193021024084877
