feature_0,feature_1,feature_2,feature_3,feature_4,feature_5,feature_6,feature_7,feature_8
0.0006117895700574,-0.2954524318794754,0.0170144485661096,-0.0063812040324919,-0.0760295670538543,0.00811763139536,0.0044225624254616,-0.1808571428571428,0.0085938227687083
-0.0063812040324919,-0.0760295670538543,0.00811763139536,0.0044225624254616,-0.1808571428571428,0.0085938227687083,-0.0295953494178382,2.228287408440879,0.0288198986917738
0.0044225624254616,-0.1808571428571428,0.0085938227687083,-0.0295953494178382,2.228287408440879,0.0288198986917738,0.00193319299984,-0.4547026092593593,0.0192552138932848
-0.0295953494178382,2.228287408440879,0.0288198986917738,0.00193319299984,-0.4547026092593593,0.0192552138932848,0.004507016946692,-0.3122647117099266,0.009116372248936
0.00193319299984,-0.4547026092593593,0.0192552138932848,0.004507016946692,-0.3122647117099266,0.009116372248936,0.0078714780554876,0.0599250936329587,0.0122677633140326
0.004507016946692,-0.3122647117099266,0.009116372248936,0.0078714780554876,0.0599250936329587,0.0122677633140326,0.0048032580985499,0.0547703180212013,0.0113512181140251
0.0078714780554876,0.0599250936329587,0.0122677633140326,0.0048032580985499,0.0547703180212013,0.0113512181140251,0.0045858630959634,-0.1722716144826698,0.0159831836859196
