feature_0,feature_1,feature_2,feature_3,feature_4,feature_5,feature_6,feature_7,feature_8
-0.0135390554501678,-0.019293257514216,0.0245994567930441,0.0223427069541717,0.0082832884655208,0.0314102409702633,0.007024925507441,0.6477716163483263,0.0365587821833932
0.0223427069541717,0.0082832884655208,0.0314102409702633,0.007024925507441,0.6477716163483263,0.0365587821833932,-0.0201521304113418,-0.1713822759566247,0.0256491281792039
0.007024925507441,0.6477716163483263,0.0365587821833932,-0.0201521304113418,-0.1713822759566247,0.0256491281792039,0.1621578604053848,1.3444645006016849,0.0952720749238994
-0.0201521304113418,-0.1713822759566247,0.0256491281792039,0.1621578604053848,1.3444645006016849,0.0952720749238994,0.0291314583618007,-0.2762735788528166,0.0441980794555277
0.1621578604053848,1.3444645006016849,0.0952720749238994,0.0291314583618007,-0.2762735788528166,0.0441980794555277,0.0223545405646083,-0.330718085106383,0.0236282888493966
0.0291314583618007,-0.2762735788528166,0.0441980794555277,0.0223545405646083,-0.330718085106383,0.0236282888493966,-0.0159141192935857,-0.2778329690707993,0.0335106964724398
0.0223545405646083,-0.330718085106383,0.0236282888493966,-0.0159141192935857,-0.2778329690707993,0.0335106964724398,0.0184066459365648,-0.0759354365370506,0.0229399854815184
