feature_0,feature_1,feature_2,feature_3,feature_4,feature_5,feature_6,feature_7,feature_8
-0.005732638030834,-0.2203514891333512,0.0109023710055403,0.0147600120389927,0.6339155123462101,0.020996766133093,0.0152273709550325,0.0107945869095886,0.0124406072936047
0.0147600120389927,0.6339155123462101,0.020996766133093,0.0152273709550325,0.0107945869095886,0.0124406072936047,-0.0087307288160276,0.4277974578037091,0.0235666683811049
0.0152273709550325,0.0107945869095886,0.0124406072936047,-0.0087307288160276,0.4277974578037091,0.0235666683811049,-0.0106141497421631,0.0762186223000582,0.024518783450717
-0.0087307288160276,0.4277974578037091,0.0235666683811049,-0.0106141497421631,0.0762186223000582,0.024518783450717,0.055010194288505,0.3083703427467199,0.0567566791996078
-0.0106141497421631,0.0762186223000582,0.024518783450717,0.055010194288505,0.3083703427467199,0.0567566791996078,0.0123323104133099,-0.179229393931542,0.0224156422675755
0.055010194288505,0.3083703427467199,0.0567566791996078,0.0123323104133099,-0.179229393931542,0.0224156422675755,0.0055567104482614,-0.2482321000126278,0.0128949560403885
0.0123323104133099,-0.179229393931542,0.0224156422675755,0.0055567104482614,-0.2482321000126278,0.0128949560403885,0.0017004182539035,-0.2749758535253853,0.0104277047513721
