index,subsequence_idx,score
2,2,4.15772
9,9,2.41491
11,11,2.44031
13,13,4.26198
18,18,2.64426
24,24,3.3625
34,34,3.09803
36,36,2.83679
37,37,2.92165
46,46,2.44842
105,105,3.06472
106,106,2.86148
107,107,3.00247
180,180,3.50921
181,181,3.54582
182,182,3.32676
243,243,3.38933
244,244,3.3326
245,245,3.30791
312,312,2.77678
323,323,2.83159
335,335,2.61455
428,428,2.68085
429,429,2.8742
510,510,3.09308
511,511,2.83745
512,512,3.12273
524,524,2.91001
535,535,4.26188
