index,subsequence_idx,score
2,2,4.24611
10,10,2.41533
13,13,4.14591
18,18,2.61336
19,19,2.44741
24,24,3.23854
34,34,2.87762
35,35,2.47218
36,36,2.94892
37,37,2.80237
46,46,2.4194
105,105,2.89536
106,106,2.94989
107,107,2.91869
180,180,3.21172
181,181,3.39876
182,182,3.21007
243,243,3.15737
244,244,3.21289
245,245,3.13673
301,301,2.44651
312,312,2.69465
323,323,2.82493
335,335,2.73266
428,428,2.7185
429,429,2.89409
510,510,2.98513
511,511,3.08093
512,512,2.8989
524,524,2.84792
535,535,4.11013
