index,subsequence_idx,score
5,5,2.74517
11,11,2.43235
17,17,2.5552
18,18,2.71741
19,19,2.67855
36,36,2.35825
52,52,2.77266
105,105,2.8906
106,106,2.59377
129,129,2.4381
130,130,2.43103
131,131,2.49202
180,180,2.79075
243,243,3.0616
244,244,2.84004
388,388,2.70724
427,427,2.4178
510,510,2.957
535,535,2.63261
