index,subsequence_idx,score
2,2,4.17643
9,9,2.41933
13,13,4.26765
18,18,2.66292
24,24,3.31259
34,34,3.09871
36,36,2.92572
37,37,2.87939
46,46,2.42711
105,105,3.09197
106,106,2.87484
107,107,2.9414
180,180,3.43775
181,181,3.34907
182,182,3.29976
212,212,2.41402
243,243,3.40159
244,244,3.15201
245,245,3.24936
301,301,2.45204
312,312,2.74372
323,323,2.84056
335,335,2.70394
428,428,2.62817
429,429,2.84257
510,510,3.11476
511,511,2.95662
512,512,2.97689
524,524,2.95546
535,535,4.2859
