index,subsequence_idx,score
2,2,4.27462
10,10,2.48298
13,13,4.25765
18,18,2.56176
24,24,3.30919
34,34,2.94157
35,35,2.46397
36,36,2.96668
37,37,2.88335
105,105,2.90411
106,106,3.00832
107,107,2.95067
180,180,3.32534
181,181,3.64771
182,182,3.25113
243,243,3.19883
244,244,3.35971
245,245,3.1786
301,301,2.41393
312,312,2.71523
323,323,2.85548
335,335,2.74779
428,428,2.75694
429,429,2.84708
510,510,2.88887
511,511,3.07493
512,512,2.94494
524,524,2.85798
535,535,4.17819
