index,subsequence_idx,score
2,2,4.20182
9,9,2.54067
10,10,2.52683
13,13,4.15484
18,18,2.66628
24,24,3.24325
34,34,3.14251
35,35,2.47022
36,36,2.95452
37,37,2.71567
105,105,3.12472
106,106,2.94709
107,107,2.78628
180,180,3.62349
181,181,3.62979
182,182,3.14348
212,212,2.52118
243,243,3.46096
244,244,3.44849
245,245,3.17921
312,312,2.7662
323,323,2.83599
335,335,2.68107
427,427,2.44764
428,428,2.69317
429,429,2.86475
510,510,3.21129
511,511,2.98958
512,512,2.89392
524,524,3.01018
535,535,4.3077
