feature_0,feature_1,feature_2,feature_3,feature_4,feature_5,feature_6,feature_7,feature_8
-0.0174807052959429,-0.100943581678789,0.0287296527780302,0.0024407816993825,-0.0104952443424073,0.0204698587115749,-0.0068559934333793,-0.0610982211910285,0.01453300538404
0.0024407816993825,-0.0104952443424073,0.0204698587115749,-0.0068559934333793,-0.0610982211910285,0.01453300538404,-0.0151613040154944,-0.1713344316309719,0.0218163193849798
-0.0068559934333793,-0.0610982211910285,0.01453300538404,-0.0151613040154944,-0.1713344316309719,0.0218163193849798,0.0186047103185009,0.584351036637319,0.0275023762045027
-0.0151613040154944,-0.1713344316309719,0.0218163193849798,0.0186047103185009,0.584351036637319,0.0275023762045027,-0.0272686192667641,-0.1283499148516625,0.0316693770983987
0.0186047103185009,0.584351036637319,0.0275023762045027,-0.0272686192667641,-0.1283499148516625,0.0316693770983987,0.0017851488816,0.1283290488431876,0.0236129928270286
-0.0272686192667641,-0.1283499148516625,0.0316693770983987,0.0017851488816,0.1283290488431876,0.0236129928270286,0.0104276082062653,0.2759500592363073,0.0159547306473517
0.0017851488816,0.1283290488431876,0.0236129928270286,0.0104276082062653,0.2759500592363073,0.0159547306473517,-0.0010450832025721,-0.5880294264695378,0.0170323237763565
