feature_0,feature_1,feature_2,feature_3,feature_4,feature_5,feature_6,feature_7,feature_8
-0.0040198443725447,-0.2801572522242913,0.0221584583054391,-0.0016923941808609,-0.0617993676343776,0.0245641914998148,-0.0129108171800355,-0.2533700980392157,0.0291627208997209
-0.0016923941808609,-0.0617993676343776,0.0245641914998148,-0.0129108171800355,-0.2533700980392157,0.0291627208997209,0.0062095359620739,0.1505949938448911,0.0241012679728882
-0.0129108171800355,-0.2533700980392157,0.0291627208997209,0.0062095359620739,0.1505949938448911,0.0241012679728882,-0.0116859935471531,0.1066333808844508,0.0346575075960887
0.0062095359620739,0.1505949938448911,0.0241012679728882,-0.0116859935471531,0.1066333808844508,0.0346575075960887,-0.0512819810253087,0.233644859813084,0.0662735346785006
-0.0116859935471531,0.1066333808844508,0.0346575075960887,-0.0512819810253087,0.233644859813084,0.0662735346785006,-0.0002801477905282,0.3738244514106583,0.037420816760246
-0.0512819810253087,0.233644859813084,0.0662735346785006,-0.0002801477905282,0.3738244514106583,0.037420816760246,0.0249335064409248,1.1118083285795777,0.0423859177974233
-0.0002801477905282,0.3738244514106583,0.037420816760246,0.0249335064409248,1.1118083285795777,0.0423859177974233,-0.0058767850288238,-0.7214118494507473,0.0260979472142645
