index,subsequence_idx,score
107,107,2.47386
108,108,3.09654
109,109,3.20819
110,110,2.7665
144,144,2.6225
145,145,2.6984
248,248,2.55127
249,249,2.87329
250,250,2.56424
292,292,3.43683
293,293,3.54479
294,294,3.30272
460,460,2.64871
461,461,2.75407
462,462,2.41604
463,463,2.44236
464,464,2.52932
482,482,2.39435
485,485,2.65216
486,486,3.10175
487,487,3.17168
488,488,2.80516
498,498,3.07015
499,499,3.15476
500,500,2.9585
