index,subsequence_idx,score
107,107,2.51702
108,108,3.06834
109,109,3.04742
110,110,2.87171
144,144,2.57647
145,145,2.57595
248,248,2.56464
249,249,2.57693
250,250,2.52758
292,292,3.44874
293,293,3.38784
294,294,3.39634
460,460,2.6413
461,461,2.51264
462,462,2.4655
463,463,2.47798
465,465,2.40147
485,485,2.61441
486,486,3.03992
487,487,3.00474
488,488,2.83954
498,498,3.12174
499,499,2.93337
500,500,3.03618
