index,subsequence_idx,score
107,107,2.54281
108,108,3.22459
109,109,3.14639
110,110,2.88771
144,144,2.64444
145,145,2.66577
248,248,2.76298
249,249,2.91601
250,250,2.54549
292,292,3.55989
293,293,3.45243
294,294,3.36731
460,460,2.73308
461,461,2.59789
462,462,2.56998
463,463,2.5245
464,464,2.45324
485,485,2.68693
486,486,3.21097
487,487,3.05262
488,488,2.89987
498,498,3.20298
499,499,3.0774
500,500,3.02804
