index,subsequence_idx,score
107,107,2.42616
108,108,3.09692
109,109,3.18428
110,110,2.93373
144,144,2.51156
145,145,2.69701
147,147,2.39876
248,248,2.61506
249,249,2.85694
250,250,2.52557
292,292,3.3857
293,293,3.52493
294,294,3.39202
460,460,2.54894
461,461,2.68628
462,462,2.43041
464,464,2.47105
485,485,2.55079
486,486,3.12444
487,487,3.14742
488,488,2.85651
498,498,3.02984
499,499,3.0722
500,500,3.05199
