index,subsequence_idx,score
43,43,2.45717
107,107,2.40402
108,108,2.57238
109,109,2.83475
156,156,2.37861
248,248,2.55244
249,249,2.3387
292,292,3.14612
293,293,2.57631
294,294,2.51671
321,321,3.06159
322,322,2.8027
387,387,3.11935
400,400,2.31842
427,427,2.4178
442,442,2.44239
498,498,3.30564
499,499,3.12285
500,500,2.73643
513,513,2.7844
