index,subsequence_idx,score
26,26,3.10607
62,62,2.76162
69,69,2.6839
70,70,2.92165
91,91,2.95516
92,92,2.9804
106,106,2.9051
111,111,2.52194
112,112,2.79187
119,119,2.67494
142,142,2.63692
152,152,2.85667
154,154,2.38291
156,156,2.90131
