index,subsequence_idx,score
26,26,3.00984
62,62,2.73569
69,69,2.75572
70,70,2.87033
91,91,2.94541
92,92,2.86031
106,106,2.86861
111,111,2.48954
112,112,2.73795
119,119,2.53315
142,142,2.70243
152,152,2.78345
154,154,2.42232
156,156,2.83051
