index,subsequence_idx,score
26,26,3.06344
62,62,2.73247
69,69,2.56626
70,70,2.83557
91,91,2.87435
92,92,2.87246
106,106,2.87811
111,111,2.48858
112,112,2.84611
119,119,2.67981
142,142,2.62699
152,152,2.81385
154,154,2.35375
156,156,2.75659
