index,subsequence_idx,score
41,41,2.30504
50,50,2.35134
53,53,2.60086
142,142,2.46381
152,152,3.42037
