index,subsequence_idx,score
26,26,3.03832
62,62,2.66413
69,69,2.72096
70,70,2.99824
91,91,2.89522
92,92,2.94012
106,106,2.96352
111,111,2.4696
112,112,2.65955
119,119,2.50823
142,142,2.72601
152,152,2.8232
154,154,2.43693
156,156,2.90539
