{
  "anomalies": [
    {
      "anomaly_index": 24,
      "feature_importances": {
        "Close_0": 6.77392777838762e-11,
        "Close_1": 6.65049375679875e-11,
        "Close_2": 6.49907513818373e-11,
        "High_0": 6.691473815385081e-11,
        "High_1": 6.88462240662439e-11,
        "High_2": 6.694318001553426e-11,
        "Low_0": 6.431893814734679e-11,
        "Low_1": 6.701762270174108e-11,
        "Low_2": 6.316855172253654e-11,
        "Open_0": 6.442182269523705e-11,
        "Open_1": 6.947368262897727e-11,
        "Open_2": 6.637480004652275e-11,
        "Volume_0": 0.15904700778316413,
        "Volume_1": 0.18846370549445396,
        "Volume_2": 0.6524892859192157,
        "daily_return_0": 1.8290586291601118e-16,
        "daily_return_1": 3.6581172583202235e-16,
        "daily_return_2": 1.8290586291601118e-16,
        "daily_return_zscore_0": 4.0870315068582695e-13,
        "daily_return_zscore_1": 3.5748950906934383e-13,
        "daily_return_zscore_2": 8.867276234168222e-13,
        "excess_return_0": 1.8290586291601118e-16,
        "excess_return_1": 3.6581172583202235e-16,
        "excess_return_2": 4.572646572900279e-16,
        "high_low_range_0": 1.8290586291601118e-16,
        "high_low_range_1": 0.0,
        "high_low_range_2": 1.8290586291601118e-16,
        "log_return_0": 1.8290586291601118e-16,
        "log_return_1": 3.6581172583202235e-16,
        "log_return_2": 1.8290586291601118e-16,
        "log_return_zscore_0": 4.0788007430270494e-13,
        "log_return_zscore_1": 3.59684379424336e-13,
        "log_return_zscore_2": 8.891053996347303e-13,
        "log_volume_0": 3.475211395404212e-14,
        "log_volume_1": 1.9022209743265162e-14,
        "log_volume_2": 4.0970913293186505e-14,
        "relative_volume_0": 4.2342707265056587e-14,
        "relative_volume_1": 4.9018771261491e-14,
        "relative_volume_2": 1.0699992980586654e-13,
        "relative_volume_zscore_0": 5.322560610855925e-13,
        "relative_volume_zscore_1": 5.586859582769561e-13,
        "relative_volume_zscore_2": 6.137406230146755e-13,
        "volume_change_0": 6.941277497662624e-14,
        "volume_change_1": 7.727772708201472e-14,
        "volume_change_2": 1.2894863335578787e-14,
        "volume_change_zscore_0": 3.1871346613114946e-13,
        "volume_change_zscore_1": 2.318331812460442e-13,
        "volume_change_zscore_2": 4.315663835503284e-13
      }
    },
    {
      "anomaly_index": 92,
      "feature_importances": {
        "Close_0": 9.346941132663926e-11,
        "Close_1": 9.332777825641823e-11,
        "Close_2": 8.68501097879164e-11,
        "High_0": 9.178214070934515e-11,
        "High_1": 9.546341532111496e-11,
        "High_2": 9.374082532731385e-11,
        "Low_0": 8.830330064480338e-11,
        "Low_1": 9.359065871646027e-11,
        "Low_2": 8.560693884770862e-11,
        "Open_0": 8.9342259216818e-11,
        "Open_1": 9.587136597191058e-11,
        "Open_2": 9.353578330933698e-11,
        "Volume_0": 0.11619499059049879,
        "Volume_1": 0.1975161490402174,
        "Volume_2": 0.6862888592597352,
        "daily_return_0": 1.1852139767449492e-16,
        "daily_return_1": 2.3704279534898984e-16,
        "daily_return_2": 2.3704279534898984e-16,
        "daily_return_zscore_0": 5.082197532282343e-13,
        "daily_return_zscore_1": 5.02886290332882e-13,
        "daily_return_zscore_2": 1.201214365431006e-12,
        "excess_return_0": 1.1852139767449492e-16,
        "excess_return_1": 1.1852139767449492e-16,
        "excess_return_2": 3.555641930234848e-16,
        "high_low_range_0": 1.1852139767449492e-16,
        "high_low_range_1": 1.1852139767449492e-16,
        "high_low_range_2": 2.3704279534898984e-16,
        "log_return_0": 1.1852139767449492e-16,
        "log_return_1": 2.3704279534898984e-16,
        "log_return_2": 2.3704279534898984e-16,
        "log_return_zscore_0": 5.065604536607913e-13,
        "log_return_zscore_1": 5.044270685026504e-13,
        "log_return_zscore_2": 1.205955221337986e-12,
        "log_volume_0": 4.3615874344214135e-14,
        "log_volume_1": 2.6074707488388883e-14,
        "log_volume_2": 3.97046682209558e-14,
        "relative_volume_0": 5.653470669073408e-14,
        "relative_volume_1": 6.684606828841513e-14,
        "relative_volume_2": 9.256521158378053e-14,
        "relative_volume_zscore_0": 7.322251948330297e-13,
        "relative_volume_zscore_1": 8.238422352354143e-13,
        "relative_volume_zscore_2": 8.207606788958774e-13,
        "volume_change_0": 9.197260459540806e-14,
        "volume_change_1": 9.896536705820327e-14,
        "volume_change_2": 1.0311361597681058e-14,
        "volume_change_zscore_0": 4.438626342909835e-13,
        "volume_change_zscore_1": 3.38615633156032e-13,
        "volume_change_zscore_2": 5.472132930631431e-13
      }
    }
  ]
}