{
  "anomalies": [
    {
      "anomaly_index": 23,
      "feature_importances": {
        "Close_0": 6.127645137756231e-12,
        "Close_1": 6.575667341911256e-12,
        "Close_2": 6.758252622792985e-12,
        "High_0": 6.192835614998498e-12,
        "High_1": 6.512035202770397e-12,
        "High_2": 6.783445755432426e-12,
        "Low_0": 5.91986672423506e-12,
        "Low_1": 6.194653676116809e-12,
        "Low_2": 6.5019060051112405e-12,
        "Open_0": 6.1863425395759615e-12,
        "Open_1": 6.492296253485886e-12,
        "Open_2": 6.451519739832356e-12,
        "Volume_0": 0.1278855772938009,
        "Volume_1": 0.7105668755906478,
        "Volume_2": 0.16154754703874216,
        "daily_return_0": 1.0388920676058545e-15,
        "daily_return_1": 2.5972301690146363e-16,
        "daily_return_2": 0.0,
        "daily_return_zscore_0": 7.272244473240981e-15,
        "daily_return_zscore_1": 1.4804211963383427e-14,
        "daily_return_zscore_2": 7.791690507043909e-15,
        "excess_return_0": 7.791690507043908e-16,
        "excess_return_1": 1.0388920676058545e-15,
        "excess_return_2": 0.0,
        "high_low_range_0": 7.791690507043908e-16,
        "high_low_range_1": 1.0388920676058545e-15,
        "high_low_range_2": 0.0,
        "log_return_0": 1.0388920676058545e-15,
        "log_return_1": 2.5972301690146363e-16,
        "log_return_2": 0.0,
        "log_return_zscore_0": 7.012521456339518e-15,
        "log_return_zscore_1": 1.4804211963383427e-14,
        "log_return_zscore_2": 8.311136540846836e-15,
        "log_volume_0": 2.5972301690146363e-16,
        "log_volume_1": 2.5972301690146363e-16,
        "log_volume_2": 2.5972301690146363e-16,
        "relative_volume_0": 7.791690507043908e-16,
        "relative_volume_1": 5.194460338029273e-16,
        "relative_volume_2": 2.5972301690146363e-16,
        "relative_volume_zscore_0": 7.272244473240981e-15,
        "relative_volume_zscore_1": 1.2466704811270253e-14,
        "relative_volume_zscore_2": 5.454183354930736e-15,
        "volume_change_0": 1.5583381014087817e-15,
        "volume_change_1": 5.194460338029273e-16,
        "volume_change_2": 0.0,
        "volume_change_zscore_0": 5.713906371832199e-15,
        "volume_change_zscore_1": 7.012521456339518e-15,
        "volume_change_zscore_2": 4.155568270423418e-15
      }
    },
    {
      "anomaly_index": 37,
      "feature_importances": {
        "Close_0": 2.1866194886802665e-11,
        "Close_1": 2.1471004883025165e-11,
        "Close_2": 2.274775509661012e-11,
        "High_0": 2.2649753432842512e-11,
        "High_1": 2.2328917359580114e-11,
        "High_2": 2.314317248243812e-11,
        "Low_0": 2.1748638366691636e-11,
        "Low_1": 2.120474050188394e-11,
        "Low_2": 2.1867331797055187e-11,
        "Open_0": 2.1974201360792487e-11,
        "Open_1": 2.1905759363590514e-11,
        "Open_2": 2.1744772871833052e-11,
        "Volume_0": 0.19833167459022966,
        "Volume_1": 0.06379164929054515,
        "Volume_2": 0.7378766758542362,
        "daily_return_0": 1.591674353534224e-15,
        "daily_return_1": 2.9559666565635586e-15,
        "daily_return_2": 0.0,
        "daily_return_zscore_0": 3.160610502017959e-14,
        "daily_return_zscore_1": 3.387992552522848e-14,
        "daily_return_zscore_2": 3.433468962623826e-14,
        "excess_return_0": 1.591674353534224e-15,
        "excess_return_1": 2.5012025555537804e-15,
        "excess_return_2": 0.0,
        "high_low_range_0": 1.591674353534224e-15,
        "high_low_range_1": 2.5012025555537804e-15,
        "high_low_range_2": 0.0,
        "log_return_0": 1.591674353534224e-15,
        "log_return_1": 2.9559666565635586e-15,
        "log_return_2": 0.0,
        "log_return_zscore_0": 3.0923958868664923e-14,
        "log_return_zscore_1": 3.387992552522848e-14,
        "log_return_zscore_2": 3.387992552522848e-14,
        "log_volume_0": 1.591674353534224e-15,
        "log_volume_1": 1.819056404039113e-15,
        "log_volume_2": 0.0,
        "relative_volume_0": 2.9559666565635586e-15,
        "relative_volume_1": 5.22978716161245e-15,
        "relative_volume_2": 6.821461515146674e-16,
        "relative_volume_zscore_0": 2.364773325250847e-14,
        "relative_volume_zscore_1": 2.2965587100993802e-14,
        "relative_volume_zscore_2": 3.0241812717150257e-14,
        "volume_change_0": 5.22978716161245e-15,
        "volume_change_1": 2.5012025555537804e-15,
        "volume_change_2": 1.819056404039113e-15,
        "volume_change_zscore_0": 1.1369102525244457e-14,
        "volume_change_zscore_1": 6.594079464641785e-15,
        "volume_change_zscore_2": 4.320258959592893e-15
      }
    },
    {
      "anomaly_index": 101,
      "feature_importances": {
        "Close_0": 9.009204759337342e-12,
        "Close_1": 9.334066167708197e-12,
        "Close_2": 9.5202440508681e-12,
        "High_0": 9.976189887178072e-12,
        "High_1": 9.743467533228191e-12,
        "High_2": 9.778613358110419e-12,
        "Low_0": 9.007779928598872e-12,
        "Low_1": 8.921340197131774e-12,
        "Low_2": 9.364462556795528e-12,
        "Open_0": 9.97903954865501e-12,
        "Open_1": 9.15976187403553e-12,
        "Open_2": 9.609533443812137e-12,
        "Volume_0": 0.0684080470979954,
        "Volume_1": 0.24912273829411566,
        "Volume_2": 0.682469214494366,
        "daily_return_0": 2.3747178974477676e-15,
        "daily_return_1": 0.0,
        "daily_return_2": 0.0,
        "daily_return_zscore_0": 1.0448758748770179e-14,
        "daily_return_zscore_1": 1.1398645907749285e-14,
        "daily_return_zscore_2": 9.973815169280625e-15,
        "excess_return_0": 9.498871589791072e-16,
        "excess_return_1": 4.749435794895536e-16,
        "excess_return_2": 0.0,
        "high_low_range_0": 9.498871589791072e-16,
        "high_low_range_1": 4.749435794895536e-16,
        "high_low_range_2": 0.0,
        "log_return_0": 2.3747178974477676e-15,
        "log_return_1": 0.0,
        "log_return_2": 0.0,
        "log_return_zscore_0": 1.0448758748770179e-14,
        "log_return_zscore_1": 1.1398645907749285e-14,
        "log_return_zscore_2": 9.973815169280625e-15,
        "log_volume_0": 0.0,
        "log_volume_1": 9.498871589791072e-16,
        "log_volume_2": 0.0,
        "relative_volume_0": 4.749435794895536e-16,
        "relative_volume_1": 9.498871589791072e-16,
        "relative_volume_2": 0.0,
        "relative_volume_zscore_0": 6.64921011285375e-15,
        "relative_volume_zscore_1": 6.64921011285375e-15,
        "relative_volume_zscore_2": 1.1398645907749285e-14,
        "volume_change_0": 4.274492215405982e-15,
        "volume_change_1": 0.0,
        "volume_change_2": 0.0,
        "volume_change_zscore_0": 6.174266533364196e-15,
        "volume_change_zscore_1": 4.274492215405982e-15,
        "volume_change_zscore_2": 6.174266533364196e-15
      }
    },
    {
      "anomaly_index": 116,
      "feature_importances": {
        "Close_0": 7.176068320242855e-12,
        "Close_1": 7.033660708887997e-12,
        "Close_2": 7.1012511871131385e-12,
        "High_0": 7.770779509154634e-12,
        "High_1": 7.310399081998481e-12,
        "High_2": 7.382240533696902e-12,
        "Low_0": 7.0162317176475515e-12,
        "Low_1": 6.84789316810569e-12,
        "Low_2": 6.814735575014111e-12,
        "Open_0": 7.528474021177712e-12,
        "Open_1": 7.171392249422248e-12,
        "Open_2": 7.236432143563422e-12,
        "Volume_0": 0.7411677605912229,
        "Volume_1": 0.0404895155918871,
        "Volume_2": 0.21834272373039842,
        "daily_return_0": 8.501946946558682e-16,
        "daily_return_1": 4.250973473279341e-16,
        "daily_return_2": 0.0,
        "daily_return_zscore_0": 1.0627433683198352e-14,
        "daily_return_zscore_1": 8.076849599230747e-15,
        "daily_return_zscore_2": 9.35214164121455e-15,
        "excess_return_0": 8.501946946558682e-16,
        "excess_return_1": 8.501946946558682e-16,