feature_0,feature_1,feature_2,feature_3,feature_4,feature_5,feature_6,feature_7,feature_8,feature_9,feature_10,feature_11,feature_12,feature_13,feature_14
-0.0082596374707982,0.2568580920740388,0.0198302928201909,0.0102881092872295,-0.1148407265770002,0.0173405222569295,0.0014988331510099,-0.2087813782244365,0.0151413613778641,0.003741508687667,0.1742489102090698,0.0176086385549141,-0.0067534439358462,0.0589292770755762,0.0185218365394729
0.0102881092872295,-0.1148407265770002,0.0173405222569295,0.0014988331510099,-0.2087813782244365,0.0151413613778641,0.003741508687667,0.1742489102090698,0.0176086385549141,-0.0067534439358462,0.0589292770755762,0.0185218365394729,0.0145701890774287,0.3640814460136339,0.0176511412091297
0.0014988331510099,-0.2087813782244365,0.0151413613778641,0.003741508687667,0.1742489102090698,0.0176086385549141,-0.0067534439358462,0.0589292770755762,0.0185218365394729,0.0145701890774287,0.3640814460136339,0.0176511412091297,-0.0034379386849026,0.0208934175620301,0.0128362854922976
0.003741508687667,0.1742489102090698,0.0176086385549141,-0.0067534439358462,0.0589292770755762,0.0185218365394729,0.0145701890774287,0.3640814460136339,0.0176511412091297,-0.0034379386849026,0.0208934175620301,0.0128362854922976,-0.0272052635677065,-0.0528431350347607,0.0354026400320063
-0.0067534439358462,0.0589292770755762,0.0185218365394729,0.0145701890774287,0.3640814460136339,0.0176511412091297,-0.0034379386849026,0.0208934175620301,0.0128362854922976,-0.0272052635677065,-0.0528431350347607,0.0354026400320063,-0.0086187006830937,-0.1265256840922404,0.0197719474721015
0.0145701890774287,0.3640814460136339,0.0176511412091297,-0.0034379386849026,0.0208934175620301,0.0128362854922976,-0.0272052635677065,-0.0528431350347607,0.0354026400320063,-0.0086187006830937,-0.1265256840922404,0.0197719474721015,0.0069277178719802,-0.1647985182549349,0.0178764507886496
-0.0034379386849026,0.0208934175620301,0.0128362854922976,-0.0272052635677065,-0.0528431350347607,0.0354026400320063,-0.0086187006830937,-0.1265256840922404,0.0197719474721015,0.0069277178719802,-0.1647985182549349,0.0178764507886496,-0.0070149065905463,0.3224763350939768,0.0248896624396549
