feature_0,feature_1,feature_2,feature_3,feature_4,feature_5,feature_6,feature_7,feature_8,feature_9,feature_10,feature_11,feature_12,feature_13,feature_14
0.0054410941392106,0.1566121842496286,0.011132378893462,0.0096875623351251,-0.1990978645654905,0.0109400496620362,0.0024482450474396,0.27461324588294,0.0130806739393923,0.0135096806978547,0.0528273393366518,0.0164533260012023,0.0085969029657231,0.2851223205036257,0.0126307724719761
0.0096875623351251,-0.1990978645654905,0.0109400496620362,0.0024482450474396,0.27461324588294,0.0130806739393923,0.0135096806978547,0.0528273393366518,0.0164533260012023,0.0085969029657231,0.2851223205036257,0.0126307724719761,0.0081362035538701,-0.0782745292573531,0.0147948295972259
0.0024482450474396,0.27461324588294,0.0130806739393923,0.0135096806978547,0.0528273393366518,0.0164533260012023,0.0085969029657231,0.2851223205036257,0.0126307724719761,0.0081362035538701,-0.0782745292573531,0.0147948295972259,0.0161197736602616,0.6741714131946002,0.0147872600149602
0.0135096806978547,0.0528273393366518,0.0164533260012023,0.0085969029657231,0.2851223205036257,0.0126307724719761,0.0081362035538701,-0.0782745292573531,0.0147948295972259,0.0161197736602616,0.6741714131946002,0.0147872600149602,0.0019120295824026,0.0061748238634842,0.0193574546232049
0.0085969029657231,0.2851223205036257,0.0126307724719761,0.0081362035538701,-0.0782745292573531,0.0147948295972259,0.0161197736602616,0.6741714131946002,0.0147872600149602,0.0019120295824026,0.0061748238634842,0.0193574546232049,0.0036491428831089,-0.293201453693473,0.0223525074358521
0.0081362035538701,-0.0782745292573531,0.0147948295972259,0.0161197736602616,0.6741714131946002,0.0147872600149602,0.0019120295824026,0.0061748238634842,0.0193574546232049,0.0036491428831089,-0.293201453693473,0.0223525074358521,-0.0285224600112409,0.1702263909292951,0.0357543804406906
0.0161197736602616,0.6741714131946002,0.0147872600149602,0.0019120295824026,0.0061748238634842,0.0193574546232049,0.0036491428831089,-0.293201453693473,0.0223525074358521,-0.0285224600112409,0.1702263909292951,0.0357543804406906,-0.0118299919150607,-0.2917820124895384,0.0209792299440841
