feature_0,feature_1,feature_2,feature_3,feature_4,feature_5,feature_6,feature_7,feature_8,feature_9,feature_10,feature_11,feature_12,feature_13,feature_14
-0.008458029831926,1.0463701268431511,0.0218832841761018,0.0049212641394935,-0.2835099750623441,0.0091924062725348,0.0133855685557267,-0.2250799016080721,0.0160078327784305,0.0074098254783885,-0.0652774778665514,0.0139248807273966,0.0086344561453486,-0.3074133111557743,0.0225660491702417
0.0049212641394935,-0.2835099750623441,0.0091924062725348,0.0133855685557267,-0.2250799016080721,0.0160078327784305,0.0074098254783885,-0.0652774778665514,0.0139248807273966,0.0086344561453486,-0.3074133111557743,0.0225660491702417,-0.0158528987984966,-0.0458972648432288,0.0255332577421614
0.0133855685557267,-0.2250799016080721,0.0160078327784305,0.0074098254783885,-0.0652774778665514,0.0139248807273966,0.0086344561453486,-0.3074133111557743,0.0225660491702417,-0.0158528987984966,-0.0458972648432288,0.0255332577421614,0.0051546310510868,0.7696126415885891,0.0083843994505901
0.0074098254783885,-0.0652774778665514,0.0139248807273966,0.0086344561453486,-0.3074133111557743,0.0225660491702417,-0.0158528987984966,-0.0458972648432288,0.0255332577421614,0.0051546310510868,0.7696126415885891,0.0083843994505901,0.0230769182522871,0.1446125884072859,0.032970572797435
0.0086344561453486,-0.3074133111557743,0.0225660491702417,-0.0158528987984966,-0.0458972648432288,0.0255332577421614,0.0051546310510868,0.7696126415885891,0.0083843994505901,0.0230769182522871,0.1446125884072859,0.032970572797435,0.0153509030058343,-0.1949842935551796,0.0156201195319542
-0.0158528987984966,-0.0458972648432288,0.0255332577421614,0.0051546310510868,0.7696126415885891,0.0083843994505901,0.0230769182522871,0.1446125884072859,0.032970572797435,0.0153509030058343,-0.1949842935551796,0.0156201195319542,0.0037025399610099,-0.103621277416865,0.0129670265994757
0.0051546310510868,0.7696126415885891,0.0083843994505901,0.0230769182522871,0.1446125884072859,0.032970572797435,0.0153509030058343,-0.1949842935551796,0.0156201195319542,0.0037025399610099,-0.103621277416865,0.0129670265994757,0.0064555731037077,-0.0007175660160735,0.0107691838191106
