feature_0,feature_1,feature_2,feature_3,feature_4,feature_5,feature_6,feature_7,feature_8,feature_9,feature_10,feature_11,feature_12,feature_13,feature_14
0.0062100933243944,-0.4088912911289778,0.0122465496938439,0.0098876684716588,0.8335809806835066,0.0170462973913545,-0.0104481440204406,-0.4231392594439596,0.0231968779391502,0.0001327619353601,0.1637129889777393,0.0156575624573693,-0.0033197476801092,0.0181075308756615,0.0156093104064081
0.0098876684716588,0.8335809806835066,0.0170462973913545,-0.0104481440204406,-0.4231392594439596,0.0231968779391502,0.0001327619353601,0.1637129889777393,0.0156575624573693,-0.0033197476801092,0.0181075308756615,0.0156093104064081,-0.0040635905550943,0.0471543232396935,0.0145951946101208
-0.0104481440204406,-0.4231392594439596,0.0231968779391502,0.0001327619353601,0.1637129889777393,0.0156575624573693,-0.0033197476801092,0.0181075308756615,0.0156093104064081,-0.0040635905550943,0.0471543232396935,0.0145951946101208,0.0141136699811703,1.6573469209999128,0.0186860129297568
0.0001327619353601,0.1637129889777393,0.0156575624573693,-0.0033197476801092,0.0181075308756615,0.0156093104064081,-0.0040635905550943,0.0471543232396935,0.0145951946101208,0.0141136699811703,1.6573469209999128,0.0186860129297568,-0.0120044808602988,-0.4737946179815792,0.0122703623343431
-0.0033197476801092,0.0181075308756615,0.0156093104064081,-0.0040635905550943,0.0471543232396935,0.0145951946101208,0.0141136699811703,1.6573469209999128,0.0186860129297568,-0.0120044808602988,-0.4737946179815792,0.0122703623343431,-0.0046733597344,-0.2314687928242182,0.0215206931654403
-0.0040635905550943,0.0471543232396935,0.0145951946101208,0.0141136699811703,1.6573469209999128,0.0186860129297568,-0.0120044808602988,-0.4737946179815792,0.0122703623343431,-0.0046733597344,-0.2314687928242182,0.0215206931654403,0.0055002026120467,0.053331171988977,0.0130273912526707
0.0141136699811703,1.6573469209999128,0.0186860129297568,-0.0120044808602988,-0.4737946179815792,0.0122703623343431,-0.0046733597344,-0.2314687928242182,0.0215206931654403,0.0055002026120467,0.053331171988977,0.0130273912526707,-0.0112734859084289,0.340181594336719,0.0189524703409312
