feature_0,feature_1,feature_2,feature_3,feature_4,feature_5,feature_6,feature_7,feature_8,feature_9,feature_10,feature_11,feature_12,feature_13,feature_14
-0.0123604746624673,-0.0178456030041044,0.0262078185247737,0.0111109958030031,-0.3795619139921665,0.0143440811723235,0.0032605246280474,0.0168175010927433,0.0187887401905965,-0.0089071183398915,-0.166908614274439,0.0120393752080036,-0.011112347924288,0.3878818125681997,0.0251966034481292
0.0111109958030031,-0.3795619139921665,0.0143440811723235,0.0032605246280474,0.0168175010927433,0.0187887401905965,-0.0089071183398915,-0.166908614274439,0.0120393752080036,-0.011112347924288,0.3878818125681997,0.0251966034481292,-0.0065705612412775,0.2006655533478796,0.0356942353866029
0.0032605246280474,0.0168175010927433,0.0187887401905965,-0.0089071183398915,-0.166908614274439,0.0120393752080036,-0.011112347924288,0.3878818125681997,0.0251966034481292,-0.0065705612412775,0.2006655533478796,0.0356942353866029,0.0098900272962823,0.1230469344866445,0.0121838158881654
-0.0089071183398915,-0.166908614274439,0.0120393752080036,-0.011112347924288,0.3878818125681997,0.0251966034481292,-0.0065705612412775,0.2006655533478796,0.0356942353866029,0.0098900272962823,0.1230469344866445,0.0121838158881654,-0.0368466019999896,0.7603350238205009,0.0343175519082116
-0.011112347924288,0.3878818125681997,0.0251966034481292,-0.0065705612412775,0.2006655533478796,0.0356942353866029,0.0098900272962823,0.1230469344866445,0.0121838158881654,-0.0368466019999896,0.7603350238205009,0.0343175519082116,-0.0057830042562592,-0.5030517161249239,0.0194921335936472
-0.0065705612412775,0.2006655533478796,0.0356942353866029,0.0098900272962823,0.1230469344866445,0.0121838158881654,-0.0368466019999896,0.7603350238205009,0.0343175519082116,-0.0057830042562592,-0.5030517161249239,0.0194921335936472,0.0050496122173462,-0.034365344273476,0.0222464502868971
0.0098900272962823,0.1230469344866445,0.0121838158881654,-0.0368466019999896,0.7603350238205009,0.0343175519082116,-0.0057830042562592,-0.5030517161249239,0.0194921335936472,0.0050496122173462,-0.034365344273476,0.0222464502868971,-0.0401934469909722,1.0286108718102382,0.0483560188092065
