feature_0,feature_1,feature_2,feature_3,feature_4,feature_5,feature_6,feature_7,feature_8,feature_9,feature_10,feature_11,feature_12,feature_13,feature_14
0.0023110429369312,0.2165456629728697,0.0257240642432765,-0.0014987399891183,-0.3519175801740114,0.0184390102093502,-0.0023195884572095,0.0497746328696748,0.0129723901008549,0.0041555354995532,0.3448291782086796,0.0237170040235848,-0.0058041836627188,-0.4157712245528511,0.0159871264908079
-0.0014987399891183,-0.3519175801740114,0.0184390102093502,-0.0023195884572095,0.0497746328696748,0.0129723901008549,0.0041555354995532,0.3448291782086796,0.0237170040235848,-0.0058041836627188,-0.4157712245528511,0.0159871264908079,-0.0092102488922086,0.035844400047009,0.0229914738581731
-0.0023195884572095,0.0497746328696748,0.0129723901008549,0.0041555354995532,0.3448291782086796,0.0237170040235848,-0.0058041836627188,-0.4157712245528511,0.0159871264908079,-0.0092102488922086,0.035844400047009,0.0229914738581731,0.0210806088569874,0.4494554118447924,0.0217860416387073
0.0041555354995532,0.3448291782086796,0.0237170040235848,-0.0058041836627188,-0.4157712245528511,0.0159871264908079,-0.0092102488922086,0.035844400047009,0.0229914738581731,0.0210806088569874,0.4494554118447924,0.0217860416387073,-0.0036353153596363,-0.0100583147430628,0.0189894775002538
-0.0058041836627188,-0.4157712245528511,0.0159871264908079,-0.0092102488922086,0.035844400047009,0.0229914738581731,0.0210806088569874,0.4494554118447924,0.0217860416387073,-0.0036353153596363,-0.0100583147430628,0.0189894775002538,-0.01068445223327,-0.2521151261168657,0.0170467159922635
-0.0092102488922086,0.035844400047009,0.0229914738581731,0.0210806088569874,0.4494554118447924,0.0217860416387073,-0.0036353153596363,-0.0100583147430628,0.0189894775002538,-0.01068445223327,-0.2521151261168657,0.0170467159922635,-0.0354640350290773,0.6921816355658932,0.0406436074736929
0.0210806088569874,0.4494554118447924,0.0217860416387073,-0.0036353153596363,-0.0100583147430628,0.0189894775002538,-0.01068445223327,-0.2521151261168657,0.0170467159922635,-0.0354640350290773,0.6921816355658932,0.0406436074736929,-0.0109997367164597,0.0746305957327169,0.0390817742598684
