feature_0,feature_1,feature_2,feature_3,feature_4,feature_5,feature_6,feature_7,feature_8,feature_9,feature_10,feature_11,feature_12,feature_13,feature_14
0.0020804524639486,-0.2162752594210814,0.0086926285817251,0.0103806658379235,0.3069686411149825,0.0113714651447488,-0.0034247154231769,0.2218075179952012,0.0178878728318753,-0.0020618642431253,0.0390573859917084,0.0124739672692108,0.0041322486219279,-0.1730365392692145,0.0086058522053612
0.0103806658379235,0.3069686411149825,0.0113714651447488,-0.0034247154231769,0.2218075179952012,0.0178878728318753,-0.0020618642431253,0.0390573859917084,0.0124739672692108,0.0041322486219279,-0.1730365392692145,0.0086058522053612,-0.007544590969556,0.6838496698831895,0.0187174697067093
-0.0034247154231769,0.2218075179952012,0.0178878728318753,-0.0020618642431253,0.0390573859917084,0.0124739672692108,0.0041322486219279,-0.1730365392692145,0.0086058522053612,-0.007544590969556,0.6838496698831895,0.0187174697067093,0.0169315976964681,-0.2577288493439903,0.0176165218684928
-0.0020618642431253,0.0390573859917084,0.0124739672692108,0.0041322486219279,-0.1730365392692145,0.0086058522053612,-0.007544590969556,0.6838496698831895,0.0187174697067093,0.0169315976964681,-0.2577288493439903,0.0176165218684928,-0.0492694722085415,0.6470946769605852,0.0495155765773761
0.0041322486219279,-0.1730365392692145,0.0086058522053612,-0.007544590969556,0.6838496698831895,0.0187174697067093,0.0169315976964681,-0.2577288493439903,0.0176165218684928,-0.0492694722085415,0.6470946769605852,0.0495155765773761,0.0089349335446728,-0.3606759590477365,0.0272401519452734
-0.007544590969556,0.6838496698831895,0.0187174697067093,0.0169315976964681,-0.2577288493439903,0.0176165218684928,-0.0492694722085415,0.6470946769605852,0.0495155765773761,0.0089349335446728,-0.3606759590477365,0.0272401519452734,-0.006376154182078,0.2207215898128496,0.0219820039766328
0.0169315976964681,-0.2577288493439903,0.0176165218684928,-0.0492694722085415,0.6470946769605852,0.0495155765773761,0.0089349335446728,-0.3606759590477365,0.0272401519452734,-0.006376154182078,0.2207215898128496,0.0219820039766328,-0.0142602858027675,1.0550023707918443,0.0275862159683647
