feature_0,feature_1,feature_2,feature_3,feature_4,feature_5,feature_6,feature_7,feature_8,feature_9,feature_10,feature_11,feature_12,feature_13,feature_14
-0.005791486525015,-0.4066629650194336,0.0192567888639997,0.0200524015713854,-0.0565225528729178,0.0280223698781332,-0.0079072312434321,-0.2227732592739535,0.0219699025360843,-0.0023984367215338,0.1449719244512506,0.0227067990410597,-0.010578470823813,0.4487293802942487,0.0168939538132397
0.0200524015713854,-0.0565225528729178,0.0280223698781332,-0.0079072312434321,-0.2227732592739535,0.0219699025360843,-0.0023984367215338,0.1449719244512506,0.0227067990410597,-0.010578470823813,0.4487293802942487,0.0168939538132397,0.0132709644066133,-0.0869364517618095,0.0369647842473548
-0.0079072312434321,-0.2227732592739535,0.0219699025360843,-0.0023984367215338,0.1449719244512506,0.0227067990410597,-0.010578470823813,0.4487293802942487,0.0168939538132397,0.0132709644066133,-0.0869364517618095,0.0369647842473548,0.0150527655999641,0.1504887091338052,0.0192635588895284
-0.0023984367215338,0.1449719244512506,0.0227067990410597,-0.010578470823813,0.4487293802942487,0.0168939538132397,0.0132709644066133,-0.0869364517618095,0.0369647842473548,0.0150527655999641,0.1504887091338052,0.0192635588895284,-0.0637154369802285,0.8309652848981983,0.0658038872088138
-0.010578470823813,0.4487293802942487,0.0168939538132397,0.0132709644066133,-0.0869364517618095,0.0369647842473548,0.0150527655999641,0.1504887091338052,0.0192635588895284,-0.0637154369802285,0.8309652848981983,0.0658038872088138,-0.0074922642767126,-0.45264,0.0158486876719207
0.0132709644066133,-0.0869364517618095,0.0369647842473548,0.0150527655999641,0.1504887091338052,0.0192635588895284,-0.0637154369802285,0.8309652848981983,0.0658038872088138,-0.0074922642767126,-0.45264,0.0158486876719207,-0.0167402845933214,0.1809412452499268,0.0199080995716071
0.0150527655999641,0.1504887091338052,0.0192635588895284,-0.0637154369802285,0.8309652848981983,0.0658038872088138,-0.0074922642767126,-0.45264,0.0158486876719207,-0.0167402845933214,0.1809412452499268,0.0199080995716071,-0.0138032865193574,-0.2643564356435643,0.0314877720642748
