{
  "aida": 0.027,
  "iforest": 0.10041499137878418,
  "lof": 0.014802217483520508
}