{
  "aida": 0.034,
  "iforest": 0.056880950927734375,
  "lof": 0.035095930099487305
}