{
  "aida": 0.021,
  "iforest": 0.05577206611633301,
  "lof": 0.019204139709472656
}