{
  "aida": 0.032,
  "iforest": 0.09237980842590332,
  "lof": 0.04295086860656738
}