{
  "aida": 0.028,
  "iforest": 0.0927128791809082,
  "lof": 0.02682805061340332
}