{
  "aida": 0.022,
  "iforest": 0.05460095405578613,
  "lof": 0.04005932807922363
}