{
  "aida": 0.022,
  "iforest": 0.0829157829284668,
  "lof": 0.01465296745300293
}