{
  "aida": 0.027,
  "iforest": 0.08979487419128418,
  "lof": 0.035141944885253906
}