{
  "aida": 0.028,
  "iforest": 0.08319377899169922,
  "lof": 0.029793977737426758
}