{
  "aida": 0.021,
  "iforest": 0.05552983283996582,
  "lof": 0.019299030303955078
}