{
  "aida": 0.021,
  "iforest": 0.05625319480895996,
  "lof": 0.06102180480957031
}