{
  "aida": 0.02,
  "iforest": 0.056639909744262695,
  "lof": 0.030550003051757812
}