{
  "aida": 0.157,
  "iforest": 0.09575390815734863,
  "lof": 0.014850139617919922
}