{
  "aida": 0.123,
  "iforest": 0.06961607933044434,
  "lof": 0.03861093521118164
}