{
  "aida": 0.124,
  "iforest": 0.06959104537963867,
  "lof": 0.030376195907592773
}