{
  "aida": 0.183,
  "iforest": 0.09946393966674805,
  "lof": 0.05963897705078125
}