{
  "aida": 0.12,
  "iforest": 0.06994199752807617,
  "lof": 0.03877687454223633
}