{
  "aida": 0.177,
  "iforest": 0.09512710571289062,
  "lof": 0.04295611381530762
}