{
  "aida": 0.158,
  "iforest": 0.09341001510620117,
  "lof": 0.0151519775390625
}