{
  "aida": 0.129,
  "iforest": 0.07118010520935059,
  "lof": 0.022676944732666016
}