{
  "aida": 0.129,
  "iforest": 0.061646223068237305,
  "lof": 0.021967172622680664
}