{
  "aida": 0.129,
  "iforest": 0.0699620246887207,
  "lof": 0.03249382972717285
}