{
  "aida": 0.182,
  "iforest": 0.09685397148132324,
  "lof": 0.04698491096496582
}