{
  "aida": 0.187,
  "iforest": 0.1550910472869873,
  "lof": 0.028612136840820312
}