feature_0,feature_1,feature_2,feature_3,feature_4,feature_5,feature_6,feature_7,feature_8
0.0166914215616711,0.3360216635134134,0.0161662499246263,0.0007576720988082,-0.0507441317421404,0.0176386184262007,-0.0027257404412927,0.9191026400684704,0.0071065680024585
0.0007576720988082,-0.0507441317421404,0.0176386184262007,-0.0027257404412927,0.9191026400684704,0.0071065680024585,-0.0085033626446729,-0.5653100383839597,0.0115232547980724
-0.0027257404412927,0.9191026400684704,0.0071065680024585,-0.0085033626446729,-0.5653100383839597,0.0115232547980724,0.0053602203988345,-0.2697271303758257,0.005411187717068
-0.0085033626446729,-0.5653100383839597,0.0115232547980724,0.0053602203988345,-0.2697271303758257,0.005411187717068,-0.0107138692676452,0.2831623442492896,0.0146280902219459
0.0053602203988345,-0.2697271303758257,0.005411187717068,-0.0107138692676452,0.2831623442492896,0.0146280902219459,-0.00077008065677,-0.1102601698224444,0.0185013014524787
-0.0107138692676452,0.2831623442492896,0.0146280902219459,-0.00077008065677,-0.1102601698224444,0.0185013014524787,-0.0055473714247999,-0.2013596514817404,0.0126444650773235
