feature_0,feature_1,feature_2,feature_3,feature_4,feature_5,feature_6,feature_7,feature_8
0.0071853296033483,0.464787455814375,0.0445127167791385,0.0017121675036233,-0.0717158591671307,0.0216996140887293,-0.0050328027939205,0.8202906279162778,0.0192715361680941
0.0017121675036233,-0.0717158591671307,0.0216996140887293,-0.0050328027939205,0.8202906279162778,0.0192715361680941,-0.0100208927473356,-0.2872418338948294,0.0191860796074115
-0.0050328027939205,0.8202906279162778,0.0192715361680941,-0.0100208927473356,-0.2872418338948294,0.0191860796074115,0.0148461720459422,-0.2315043156596794,0.0156836067413808
-0.0100208927473356,-0.2872418338948294,0.0191860796074115,0.0148461720459422,-0.2315043156596794,0.0156836067413808,-0.0350527169163266,-0.247626688059901,0.0295566502463056
0.0148461720459422,-0.2315043156596794,0.0156836067413808,-0.0350527169163266,-0.247626688059901,0.0295566502463056,-0.0034455243573489,0.2974053669806291,0.0177715526579023
-0.0350527169163266,-0.247626688059901,0.0295566502463056,-0.0034455243573489,0.2974053669806291,0.0177715526579023,0.0040501472456908,-0.4924320252037532,0.0191430302620292
