feature_0,feature_1,feature_2,feature_3,feature_4,feature_5,feature_6,feature_7,feature_8
0.0055830504609806,-0.0175928248871048,0.0086619465172316,-0.0108002200792565,0.7596003447505346,0.021521922681039,-0.004523609793576,0.5561925149211764,0.0107283671993428
-0.0108002200792565,0.7596003447505346,0.021521922681039,-0.004523609793576,0.5561925149211764,0.0107283671993428,0.0088358875076699,-0.4723368538854305,0.0115966796875
-0.004523609793576,0.5561925149211764,0.0107283671993428,0.0088358875076699,-0.4723368538854305,0.0115966796875,0.0059780173306582,-0.3185312831389183,0.0096354437337829
0.0088358875076699,-0.4723368538854305,0.0115966796875,0.0059780173306582,-0.3185312831389183,0.0096354437337829,-0.0178274790134705,0.2730013616028011,0.018416334295014
0.0059780173306582,-0.3185312831389183,0.0096354437337829,-0.0178274790134705,0.2730013616028011,0.018416334295014,0.002223184272837,-0.2738941095576438,0.0100953179168204
-0.0178274790134705,0.2730013616028011,0.018416334295014,0.002223184272837,-0.2738941095576438,0.0100953179168204,0.0009265641564915,-0.1820286195286194,0.0080189248308979
