feature_0,feature_1,feature_2,feature_3,feature_4,feature_5,feature_6,feature_7,feature_8
0.0072590201797912,-0.2437708830548925,0.0229276534039219,0.0345920783564932,0.3983620526415452,0.0236264728471855,-0.0019502998195191,0.7670875791326721,0.0271118932111237
0.0345920783564932,0.3983620526415452,0.0236264728471855,-0.0019502998195191,0.7670875791326721,0.0271118932111237,0.0108875805747661,-0.5657113299360128,0.0229281215155981
-0.0019502998195191,0.7670875791326721,0.0271118932111237,0.0108875805747661,-0.5657113299360128,0.0229281215155981,0.0168462207190887,-0.1456614760245268,0.0187482849901708
0.0108875805747661,-0.5657113299360128,0.0229281215155981,0.0168462207190887,-0.1456614760245268,0.0187482849901708,-0.0097773209923122,0.1452126469423933,0.0313186632379107
0.0168462207190887,-0.1456614760245268,0.0187482849901708,-0.0097773209923122,0.1452126469423933,0.0313186632379107,0.0049369304498814,-0.3608464336168806,0.0143527591590902
-0.0097773209923122,0.1452126469423933,0.0313186632379107,0.0049369304498814,-0.3608464336168806,0.0143527591590902,-0.0013644183298248,-0.1471501128668171,0.0164339171843917
