feature_0,feature_1,feature_2,feature_3,feature_4,feature_5,feature_6,feature_7,feature_8
0.0015558220302527,-0.1153444591707013,0.017225770251381,-0.0046899848735576,0.198981245375551,0.0184396217395389,0.005252480557889,0.5301239844343688,0.0224624189782812
-0.0046899848735576,0.198981245375551,0.0184396217395389,0.005252480557889,0.5301239844343688,0.0224624189782812,0.0289620841114188,-0.3669037651325263,0.0312741347353563
0.005252480557889,0.5301239844343688,0.0224624189782812,0.0289620841114188,-0.3669037651325263,0.0312741347353563,0.0166560256579986,-0.066574005338556,0.0245711958342161
0.0289620841114188,-0.3669037651325263,0.0312741347353563,0.0166560256579986,-0.066574005338556,0.0245711958342161,-0.0030825934461459,-0.0766805419247126,0.0206158392535596
0.0166560256579986,-0.066574005338556,0.0245711958342161,-0.0030825934461459,-0.0766805419247126,0.0206158392535596,0.0137712111765964,-0.065993072651635,0.0206180017273573
-0.0030825934461459,-0.0766805419247126,0.0206158392535596,0.0137712111765964,-0.065993072651635,0.0206180017273573,-0.0019768984308032,-0.2305750313938886,0.0170263964624564
