feature_0,feature_1,feature_2,feature_3,feature_4,feature_5,feature_6,feature_7,feature_8
0.0090439808249414,0.2024909569882944,0.0207108054453182,0.0054481896637237,-0.1263086432986744,0.0263168415639342,0.0111685929112013,0.2267605921805986,0.0266833006074262
0.0054481896637237,-0.1263086432986744,0.0263168415639342,0.0111685929112013,0.2267605921805986,0.0266833006074262,0.0242789844583057,-0.1403506213173093,0.0261037048121375
0.0111685929112013,0.2267605921805986,0.0266833006074262,0.0242789844583057,-0.1403506213173093,0.0261037048121375,-0.0094454872284969,0.1256874307721764,0.0164638571968344
0.0242789844583057,-0.1403506213173093,0.0261037048121375,-0.0094454872284969,0.1256874307721764,0.0164638571968344,-0.0300984520609249,-0.1432896108034553,0.0395234935641556
-0.0094454872284969,0.1256874307721764,0.0164638571968344,-0.0300984520609249,-0.1432896108034553,0.0395234935641556,0.0182704048472335,-0.2449622261205245,0.0139615134624096
-0.0300984520609249,-0.1432896108034553,0.0395234935641556,0.0182704048472335,-0.2449622261205245,0.0139615134624096,-0.0032659495759881,-0.1595007073312806,0.0188994652875293
