feature_0,feature_1,feature_2,feature_3,feature_4,feature_5,feature_6,feature_7,feature_8
0.021624849837601,-0.4903071974196457,0.03868624073391,-0.0260219298801482,-0.2220657181156905,0.0238309521173957,0.0300069747997118,0.3207057012403127,0.0465982007344677
-0.0260219298801482,-0.2220657181156905,0.0238309521173957,0.0300069747997118,0.3207057012403127,0.0465982007344677,0.0162601222513338,-0.5538442688637071,0.0315809919769403
0.0300069747997118,0.3207057012403127,0.0465982007344677,0.0162601222513338,-0.5538442688637071,0.0315809919769403,0.011904702003965,-0.2497272342667983,0.0146945919970274
0.0162601222513338,-0.5538442688637071,0.0315809919769403,0.011904702003965,-0.2497272342667983,0.0146945919970274,-0.0197646953524139,-0.0857199386654795,0.0196058935732855
0.011904702003965,-0.2497272342667983,0.0146945919970274,-0.0197646953524139,-0.0857199386654795,0.0196058935732855,0.0164187182324813,-0.1162086128543605,0.01349027657286
-0.0197646953524139,-0.0857199386654795,0.0196058935732855,0.0164187182324813,-0.1162086128543605,0.01349027657286,0.0032116466244864,-0.3048114593535749,0.009766724713053
