feature_0,feature_1,feature_2,feature_3,feature_4,feature_5,feature_6,feature_7,feature_8
0.0117277044948442,0.5591715351693394,0.0150616235746295,0.0097195536497065,-0.0065461129552681,0.0162142808533534,-0.0214217702735115,0.1054922073977147,0.0263986160536081
0.0097195536497065,-0.0065461129552681,0.0162142808533534,-0.0214217702735115,0.1054922073977147,0.0263986160536081,0.0070146900999985,0.0723604601393945,0.0198713170702185
-0.0214217702735115,0.1054922073977147,0.0263986160536081,0.0070146900999985,0.0723604601393945,0.0198713170702185,0.0188158724012303,1.422630222577005,0.0378932698363012
0.0070146900999985,0.0723604601393945,0.0198713170702185,0.0188158724012303,1.422630222577005,0.0378932698363012,0.0030649570166518,-0.7229823594378939,0.008680201123425
0.0188158724012303,1.422630222577005,0.0378932698363012,0.0030649570166518,-0.7229823594378939,0.008680201123425,0.0114780669645064,-0.4313415959352698,0.0114379656302176
0.0030649570166518,-0.7229823594378939,0.008680201123425,0.0114780669645064,-0.4313415959352698,0.0114379656302176,0.0031756846138972,0.1722595944858336,0.0095873973290753
0.0114780669645064,-0.4313415959352698,0.0114379656302176,0.0031756846138972,0.1722595944858336,0.0095873973290753,-0.0132421273506486,0.555059092194103,0.0222872627157582
