index,subsequence_idx,score
2,2,2.64891
13,13,2.52739
43,43,3.34344
44,44,3.58996
45,45,3.35258
62,62,2.63212
158,158,2.84594
279,279,2.61945
306,306,2.8194
307,307,2.84738
356,356,2.92443
358,358,2.97557
359,359,2.66038
387,387,3.34035
388,388,3.60572
389,389,2.72126
428,428,2.44379
429,429,2.46164
530,530,2.38177
535,535,2.61478
