index,subsequence_idx,score
2,2,2.41495
61,61,2.41989
105,105,2.66876
