index,subsequence_idx,score
35,35,2.41178
61,61,2.52375
105,105,2.74183
110,110,2.46695
