index,subsequence_idx,score
2,2,2.50757
61,61,2.48607
105,105,2.73099
110,110,2.50506
