index,subsequence_idx,score
10,10,2.46966
54,54,3.08779
61,61,2.33379
105,105,3.07373
163,163,2.58573
