feature_0,feature_1,feature_2,feature_3,feature_4,feature_5,feature_6,feature_7,feature_8
-0.0160720156603921,0.0712976844910877,0.0323740933155039,-0.0049003884214852,0.0542683874980562,0.022675009107386,0.0078792453399145,1.2554572271386433,0.0168261378379402
0.0104234062334744,-0.6084880983520795,0.0110785319866834,0.0090264100978239,-0.2821112410222148,0.0090234860812419,-0.006389732995901,-0.1889250814332247,0.0067851075701463
-0.0102894049346343,0.3445209409064831,0.0156913873763326,-0.0146199077632112,-0.0345636867932579,0.0213120004999883,0.0032971063205904,-0.0623204419889502,0.0118733711733187
