feature_0,feature_1,feature_2,feature_3,feature_4,feature_5,feature_6,feature_7,feature_8
-0.0253373727242696,-0.0136797834500346,0.0354982770653184,0.0204341076177649,-0.0489345535785163,0.0215054135888545,0.0051542481893465,0.6467733473242392,0.0339913630263237
-0.0030649100776936,-0.528025777488143,0.0146557215713202,0.0134208555617303,-0.6238992359853948,0.0162101728270241,0.001575156870865,0.6724862329186212,0.01202347830943
-0.0158433973028024,0.0595595229384648,0.0236243840929311,-0.0121329866705142,0.2095849734134383,0.020419328763517,-0.0016177159440167,-0.180273273959047,0.0088037068626826
