{
  "aida": 0.05,
  "iforest": 0.1101083755493164,
  "lof": 0.06664586067199707
}