{
  "aida": 0.021,
  "iforest": 0.06997179985046387,
  "lof": 0.03692317008972168
}