{
  "aida": 0.029,
  "iforest": 0.09473800659179688,
  "lof": 0.03708696365356445
}