{
  "aida": 0.021,
  "iforest": 0.061328887939453125,
  "lof": 0.033782005310058594
}