{
  "aida": 0.024,
  "iforest": 0.08710813522338867,
  "lof": 0.014768123626708984
}