{
  "aida": 0.019,
  "iforest": 0.06020927429199219,
  "lof": 0.029096364974975586
}