feature_0,feature_1,feature_2,feature_3,feature_4,feature_5,feature_6,feature_7,feature_8,feature_9,feature_10,feature_11,feature_12,feature_13,feature_14
-0.0088047548040499,0.551063332554335,0.0303541477186509,0.0164779338860336,-0.4562302244990206,0.0381772342801838,0.0649741985385403,1.4591299528955388,0.0596820668070105,0.0239199193092833,0.0105915492957746,0.02778121467699,0.0144254132823125,-0.0461589920838443,0.0335323883133844
0.0164779338860336,-0.4562302244990206,0.0381772342801838,0.0649741985385403,1.4591299528955388,0.0596820668070105,0.0239199193092833,0.0105915492957746,0.02778121467699,0.0144254132823125,-0.0461589920838443,0.0335323883133844,-0.0005925468206015,0.0663939216832261,0.0543901074621238
0.0649741985385403,1.4591299528955388,0.0596820668070105,0.0239199193092833,0.0105915492957746,0.02778121467699,0.0144254132823125,-0.0461589920838443,0.0335323883133844,-0.0005925468206015,0.0663939216832261,0.0543901074621238,0.016442113004299,-0.4365888413898936,0.0171553092171339
0.0239199193092833,0.0105915492957746,0.02778121467699,0.0144254132823125,-0.0461589920838443,0.0335323883133844,-0.0005925468206015,0.0663939216832261,0.0543901074621238,0.016442113004299,-0.4365888413898936,0.0171553092171339,-0.0167982544568039,0.6778210116731518,0.024463711248352
0.0144254132823125,-0.0461589920838443,0.0335323883133844,-0.0005925468206015,0.0663939216832261,0.0543901074621238,0.016442113004299,-0.4365888413898936,0.0171553092171339,-0.0167982544568039,0.6778210116731518,0.024463711248352,0.0012260136488462,-0.4217300556586271,0.0205555264911954
-0.0005925468206015,0.0663939216832261,0.0543901074621238,0.016442113004299,-0.4365888413898936,0.0171553092171339,-0.0167982544568039,0.6778210116731518,0.024463711248352,0.0012260136488462,-0.4217300556586271,0.0205555264911954,-0.0163928309971602,0.3497092440344898,0.0544755469401521
0.016442113004299,-0.4365888413898936,0.0171553092171339,-0.0167982544568039,0.6778210116731518,0.024463711248352,0.0012260136488462,-0.4217300556586271,0.0205555264911954,-0.0163928309971602,0.3497092440344898,0.0544755469401521,-0.0263443142978488,-0.3097608082008617,0.032497812184386
