feature_0,feature_1,feature_2,feature_3,feature_4,feature_5,feature_6,feature_7,feature_8,feature_9,feature_10,feature_11,feature_12,feature_13,feature_14
0.0068300746830551,0.0057836899942163,0.0274198664913068,0.0148078117534238,-0.19551466359977,0.0228441356272552,0.0147354993665085,-0.0695139385275196,0.0188787949817193,0.0109797238435402,-0.1023622047244094,0.0195157094891629,0.0045542727193117,-0.1050492083868207,0.0140360721657488
0.0148078117534238,-0.19551466359977,0.0228441356272552,0.0147354993665085,-0.0695139385275196,0.0188787949817193,0.0109797238435402,-0.1023622047244094,0.0195157094891629,0.0045542727193117,-0.1050492083868207,0.0140360721657488,0.0003487981475205,0.15993306239541,0.0292443139691342
0.0147354993665085,-0.0695139385275196,0.0188787949817193,0.0109797238435402,-0.1023622047244094,0.0195157094891629,0.0045542727193117,-0.1050492083868207,0.0140360721657488,0.0003487981475205,0.15993306239541,0.0292443139691342,0.0023009649754264,0.7885408079142622,0.02327858622869
0.0109797238435402,-0.1023622047244094,0.0195157094891629,0.0045542727193117,-0.1050492083868207,0.0140360721657488,0.0003487981475205,0.15993306239541,0.0292443139691342,0.0023009649754264,0.7885408079142622,0.02327858622869,-0.0200321226611268,1.1291772297764462,0.0196386490321569
0.0045542727193117,-0.1050492083868207,0.0140360721657488,0.0003487981475205,0.15993306239541,0.0292443139691342,0.0023009649754264,0.7885408079142622,0.02327858622869,-0.0200321226611268,1.1291772297764462,0.0196386490321569,0.0160256053497982,-0.5575580451371975,0.0115398575774337
0.0003487981475205,0.15993306239541,0.0292443139691342,0.0023009649754264,0.7885408079142622,0.02327858622869,-0.0200321226611268,1.1291772297764462,0.0196386490321569,0.0160256053497982,-0.5575580451371975,0.0115398575774337,0.0083421369532501,-0.4584709480122324,0.0091794372991678
0.0023009649754264,0.7885408079142622,0.02327858622869,-0.0200321226611268,1.1291772297764462,0.0196386490321569,0.0160256053497982,-0.5575580451371975,0.0115398575774337,0.0083421369532501,-0.4584709480122324,0.0091794372991678,-0.0031284904061829,0.1303365710413373,0.0132223265521713
