feature_0,feature_1,feature_2,feature_3,feature_4,feature_5,feature_6,feature_7,feature_8,feature_9,feature_10,feature_11,feature_12,feature_13,feature_14
-0.0041375618502518,0.0010288065843622,0.0251633559785559,-0.0046645086749357,0.0113052415210688,0.0137303323924054,0.0059908326562265,-0.0325203252032519,0.0135264307279053,-0.0071461719403846,0.2384453781512605,0.0229926350862989,-0.0073297926445418,0.2374893977947412,0.0233587378608353
-0.0046645086749357,0.0113052415210688,0.0137303323924054,0.0059908326562265,-0.0325203252032519,0.0135264307279053,-0.0071461719403846,0.2384453781512605,0.0229926350862989,-0.0073297926445418,0.2374893977947412,0.0233587378608353,-0.0011695045618291,-0.1487320082248114,0.0139870158057665
0.0059908326562265,-0.0325203252032519,0.0135264307279053,-0.0071461719403846,0.2384453781512605,0.0229926350862989,-0.0073297926445418,0.2374893977947412,0.0233587378608353,-0.0011695045618291,-0.1487320082248114,0.0139870158057665,-0.0112595573197802,0.6690821256038648,0.0208263773662293
-0.0071461719403846,0.2384453781512605,0.0229926350862989,-0.0073297926445418,0.2374893977947412,0.0233587378608353,-0.0011695045618291,-0.1487320082248114,0.0139870158057665,-0.0112595573197802,0.6690821256038648,0.0208263773662293,-0.0063913157898329,0.3569705740472744,0.0171242086004505
-0.0073297926445418,0.2374893977947412,0.0233587378608353,-0.0011695045618291,-0.1487320082248114,0.0139870158057665,-0.0112595573197802,0.6690821256038648,0.0208263773662293,-0.0063913157898329,0.3569705740472744,0.0171242086004505,0.0093225179495084,-0.2772840383931745,0.0171752872210427
-0.0011695045618291,-0.1487320082248114,0.0139870158057665,-0.0112595573197802,0.6690821256038648,0.0208263773662293,-0.0063913157898329,0.3569705740472744,0.0171242086004505,0.0093225179495084,-0.2772840383931745,0.0171752872210427,-0.0015908113786655,0.5523856369896705,0.068737337906462
-0.0112595573197802,0.6690821256038648,0.0208263773662293,-0.0063913157898329,0.3569705740472744,0.0171242086004505,0.0093225179495084,-0.2772840383931745,0.0171752872210427,-0.0015908113786655,0.5523856369896705,0.068737337906462,0.0213536929160262,-0.5621039290240811,0.0278272746363458
