feature_0,feature_1,feature_2,feature_3,feature_4,feature_5,feature_6,feature_7,feature_8,feature_9,feature_10,feature_11,feature_12,feature_13,feature_14
0.0086701403373916,0.2576937337782721,0.0319670913382463,0.0073676027376905,-0.260318396226415,0.0179205310143181,0.0056376528764239,0.0832004782781985,0.009122793585833,0.0151515909956325,0.0549167509888695,0.0148350498509231,0.0032834721390513,0.0295605162190442,0.0125410017287445
0.0073676027376905,-0.260318396226415,0.0179205310143181,0.0056376528764239,0.0832004782781985,0.009122793585833,0.0151515909956325,0.0549167509888695,0.0148350498509231,0.0032834721390513,0.0295605162190442,0.0125410017287445,-0.0104135627316342,0.1801473702041163,0.0189588045980706
0.0056376528764239,0.0832004782781985,0.009122793585833,0.0151515909956325,0.0549167509888695,0.0148350498509231,0.0032834721390513,0.0295605162190442,0.0125410017287445,-0.0104135627316342,0.1801473702041163,0.0189588045980706,0.0088695056184162,-0.0336586766183436,0.0165512863267265
0.0151515909956325,0.0549167509888695,0.0148350498509231,0.0032834721390513,0.0295605162190442,0.0125410017287445,-0.0104135627316342,0.1801473702041163,0.0189588045980706,0.0088695056184162,-0.0336586766183436,0.0165512863267265,-0.0119207872821122,2.42205718529521,0.0162342533056076
0.0032834721390513,0.0295605162190442,0.0125410017287445,-0.0104135627316342,0.1801473702041163,0.0189588045980706,0.0088695056184162,-0.0336586766183436,0.0165512863267265,-0.0119207872821122,2.42205718529521,0.0162342533056076,0.0140252040024406,-0.6914145579235209,0.0190851590472293
-0.0104135627316342,0.1801473702041163,0.0189588045980706,0.0088695056184162,-0.0336586766183436,0.0165512863267265,-0.0119207872821122,2.42205718529521,0.0162342533056076,0.0140252040024406,-0.6914145579235209,0.0190851590472293,-0.0014872744678416,-0.3249876925240874,0.0073166769424823
0.0088695056184162,-0.0336586766183436,0.0165512863267265,-0.0119207872821122,2.42205718529521,0.0162342533056076,0.0140252040024406,-0.6914145579235209,0.0190851590472293,-0.0014872744678416,-0.3249876925240874,0.0073166769424823,-0.0105748508078502,0.0953323609085226,0.0173611347066167
