feature_0,feature_1,feature_2,feature_3,feature_4,feature_5,feature_6,feature_7,feature_8,feature_9,feature_10,feature_11,feature_12,feature_13,feature_14
-0.0402561276689986,1.755953598457178,0.0525304719111749,0.0088972704897329,-0.5941982887496422,0.014968191923982,0.0094488276331334,0.1371427078434446,0.0139108613889369,0.0171607632009815,-0.0164051191324127,0.0210722124428164,-0.0012269468747609,-0.2773015020206031,0.0144704811369206
0.0088972704897329,-0.5941982887496422,0.014968191923982,0.0094488276331334,0.1371427078434446,0.0139108613889369,0.0171607632009815,-0.0164051191324127,0.0210722124428164,-0.0012269468747609,-0.2773015020206031,0.0144704811369206,0.005221050222498,0.1378240351671085,0.0225936091367603
0.0094488276331334,0.1371427078434446,0.0139108613889369,0.0171607632009815,-0.0164051191324127,0.0210722124428164,-0.0012269468747609,-0.2773015020206031,0.0144704811369206,0.005221050222498,0.1378240351671085,0.0225936091367603,-0.0103880442457611,0.0505369013124255,0.0164545982321879
0.0171607632009815,-0.0164051191324127,0.0210722124428164,-0.0012269468747609,-0.2773015020206031,0.0144704811369206,0.005221050222498,0.1378240351671085,0.0225936091367603,-0.0103880442457611,0.0505369013124255,0.0164545982321879,-0.002778589533071,4.453962845785674,0.0139319124943855
-0.0012269468747609,-0.2773015020206031,0.0144704811369206,0.005221050222498,0.1378240351671085,0.0225936091367603,-0.0103880442457611,0.0505369013124255,0.0164545982321879,-0.002778589533071,4.453962845785674,0.0139319124943855,0.0003095856689583,-0.7533280778212432,0.0096603730700206
0.005221050222498,0.1378240351671085,0.0225936091367603,-0.0103880442457611,0.0505369013124255,0.0164545982321879,-0.002778589533071,4.453962845785674,0.0139319124943855,0.0003095856689583,-0.7533280778212432,0.0096603730700206,0.0003094898553344,-0.2936967358096156,0.0111732028774797
-0.0103880442457611,0.0505369013124255,0.0164545982321879,-0.002778589533071,4.453962845785674,0.0139319124943855,0.0003095856689583,-0.7533280778212432,0.0096603730700206,0.0003094898553344,-0.2936967358096156,0.0111732028774797,-0.0009281823029965,-0.1892999430848037,0.0152648505220905
