feature_0,feature_1,feature_2,feature_3,feature_4,feature_5,feature_6,feature_7,feature_8,feature_9,feature_10,feature_11,feature_12,feature_13,feature_14
0.0016675054914276,-0.2085146815423282,0.0255732679433529,-0.0089062798018066,-0.1441350733841924,0.0224470655211958,0.0114463170861183,-0.2292203972670919,0.0184757160641073,0.01177948553717,-0.1582036982682712,0.0164761188597594,-0.0059042851392568,-0.0346582984658297,0.0125115924005616
-0.0089062798018066,-0.1441350733841924,0.0224470655211958,0.0114463170861183,-0.2292203972670919,0.0184757160641073,0.01177948553717,-0.1582036982682712,0.0164761188597594,-0.0059042851392568,-0.0346582984658297,0.0125115924005616,-0.0147231701023433,0.615690240554793,0.0182978853266286
0.0114463170861183,-0.2292203972670919,0.0184757160641073,0.01177948553717,-0.1582036982682712,0.0164761188597594,-0.0059042851392568,-0.0346582984658297,0.0125115924005616,-0.0147231701023433,0.615690240554793,0.0182978853266286,-0.0221599366606565,0.0676026111061431,0.0335752054356348
0.01177948553717,-0.1582036982682712,0.0164761188597594,-0.0059042851392568,-0.0346582984658297,0.0125115924005616,-0.0147231701023433,0.615690240554793,0.0182978853266286,-0.0221599366606565,0.0676026111061431,0.0335752054356348,0.0013892817392877,0.9547700812463356,0.012957412990036
-0.0059042851392568,-0.0346582984658297,0.0125115924005616,-0.0147231701023433,0.615690240554793,0.0182978853266286,-0.0221599366606565,0.0676026111061431,0.0335752054356348,0.0013892817392877,0.9547700812463356,0.012957412990036,0.0132662509934446,-0.3840731853629274,0.0151936099614801
-0.0147231701023433,0.615690240554793,0.0182978853266286,-0.0221599366606565,0.0676026111061431,0.0335752054356348,0.0013892817392877,0.9547700812463356,0.012957412990036,0.0132662509934446,-0.3840731853629274,0.0151936099614801,0.0044498009986457,-0.4984869038923093,0.0171551539980133
-0.0221599366606565,0.0676026111061431,0.0335752054356348,0.0013892817392877,0.9547700812463356,0.012957412990036,0.0132662509934446,-0.3840731853629274,0.0151936099614801,0.0044498009986457,-0.4984869038923093,0.0171551539980133,-0.0053672194036431,0.232903315300319,0.0141972251638987
