feature_0,feature_1,feature_2,feature_3,feature_4,feature_5,feature_6,feature_7,feature_8,feature_9,feature_10,feature_11,feature_12,feature_13,feature_14
-0.0120098589799676,0.5142234347367123,0.0312386008555425,0.0017876735932143,0.3133940535255133,0.0239651352749227,-0.0053532437886657,-0.3751921525915611,0.0278279890003818,0.019375537460615,0.12336852789638,0.0167856897626604,0.0313270346948086,-0.0185521650740023,0.0341188639796778
0.0017876735932143,0.3133940535255133,0.0239651352749227,-0.0053532437886657,-0.3751921525915611,0.0278279890003818,0.019375537460615,0.12336852789638,0.0167856897626604,0.0313270346948086,-0.0185521650740023,0.0341188639796778,-0.0068259086474713,-0.3652883961093544,0.0228057994206116
-0.0053532437886657,-0.3751921525915611,0.0278279890003818,0.019375537460615,0.12336852789638,0.0167856897626604,0.0313270346948086,-0.0185521650740023,0.0341188639796778,-0.0068259086474713,-0.3652883961093544,0.0228057994206116,0.0147766234993553,0.5387210695591853,0.0217761589073895
0.019375537460615,0.12336852789638,0.0167856897626604,0.0313270346948086,-0.0185521650740023,0.0341188639796778,-0.0068259086474713,-0.3652883961093544,0.0228057994206116,0.0147766234993553,0.5387210695591853,0.0217761589073895,-0.0020318688648354,0.4852968298530706,0.0234725689089786
0.0313270346948086,-0.0185521650740023,0.0341188639796778,-0.0068259086474713,-0.3652883961093544,0.0228057994206116,0.0147766234993553,0.5387210695591853,0.0217761589073895,-0.0020318688648354,0.4852968298530706,0.0234725689089786,0.0162877839654307,-0.5284488348670686,0.0230664964631882
-0.0068259086474713,-0.3652883961093544,0.0228057994206116,0.0147766234993553,0.5387210695591853,0.0217761589073895,-0.0020318688648354,0.4852968298530706,0.0234725689089786,0.0162877839654307,-0.5284488348670686,0.0230664964631882,0.0006677702457673,-0.0794797899264156,0.0277777760046215
0.0147766234993553,0.5387210695591853,0.0217761589073895,-0.0020318688648354,0.4852968298530706,0.0234725689089786,0.0162877839654307,-0.5284488348670686,0.0230664964631882,0.0006677702457673,-0.0794797899264156,0.0277777760046215,-0.0367033055122457,1.2810533341809167,0.0418702292159226
