feature_0,feature_1,feature_2,feature_3,feature_4,feature_5,feature_6,feature_7,feature_8,feature_9,feature_10,feature_11,feature_12,feature_13,feature_14
0.0217919556149364,0.409604227103191,0.0271288068314203,0.0153438861038694,-0.0769174231009518,0.0206720770423752,-0.0120959736961465,-0.1856835735329246,0.0219607423665015,-0.0001841139923517,-0.1393859391806003,0.0132329376190498,-0.0187972098642796,0.2770550474350963,0.0212789676014453
0.0153438861038694,-0.0769174231009518,0.0206720770423752,-0.0120959736961465,-0.1856835735329246,0.0219607423665015,-0.0001841139923517,-0.1393859391806003,0.0132329376190498,-0.0187972098642796,0.2770550474350963,0.0212789676014453,-0.0013352884403475,-0.2095195729537367,0.0133265199726881
-0.0120959736961465,-0.1856835735329246,0.0219607423665015,-0.0001841139923517,-0.1393859391806003,0.0132329376190498,-0.0187972098642796,0.2770550474350963,0.0212789676014453,-0.0013352884403475,-0.2095195729537367,0.0133265199726881,0.0111274615459315,0.3767585818795722,0.0143274538279226
-0.0001841139923517,-0.1393859391806003,0.0132329376190498,-0.0187972098642796,0.2770550474350963,0.0212789676014453,-0.0013352884403475,-0.2095195729537367,0.0133265199726881,0.0111274615459315,0.3767585818795722,0.0143274538279226,0.0070489019960278,3.0555078683834047,0.029194013127638
-0.0187972098642796,0.2770550474350963,0.0212789676014453,-0.0013352884403475,-0.2095195729537367,0.0133265199726881,0.0111274615459315,0.3767585818795722,0.0143274538279226,0.0070489019960278,3.0555078683834047,0.029194013127638,-0.0032230779746679,-0.7689935293999073,0.0137995355704188
-0.0013352884403475,-0.2095195729537367,0.0133265199726881,0.0111274615459315,0.3767585818795722,0.0143274538279226,0.0070489019960278,3.0555078683834047,0.029194013127638,-0.0032230779746679,-0.7689935293999073,0.0137995355704188,0.0064342625497555,0.2074171029668412,0.0181258031758552
0.0111274615459315,0.3767585818795722,0.0143274538279226,0.0070489019960278,3.0555078683834047,0.029194013127638,-0.0032230779746679,-0.7689935293999073,0.0137995355704188,0.0064342625497555,0.2074171029668412,0.0181258031758552,0.0001406444323919,-0.347727108477271,0.019659337708362
