feature_0,feature_1,feature_2,feature_3,feature_4,feature_5,feature_6,feature_7,feature_8,feature_9,feature_10,feature_11,feature_12,feature_13,feature_14
0.0213423490712987,-0.0167089408654558,0.0351823920468021,0.0093608228815385,-0.0959209836559072,0.0181536512619118,0.0084074086458694,-0.0886513422279375,0.0149720190972646,0.0017418087030376,-0.1285008756126138,0.0124001624012349,0.0088329857620068,0.3642652171713156,0.0221621147276564
0.0093608228815385,-0.0959209836559072,0.0181536512619118,0.0084074086458694,-0.0886513422279375,0.0149720190972646,0.0017418087030376,-0.1285008756126138,0.0124001624012349,0.0088329857620068,0.3642652171713156,0.0221621147276564,-0.0099735713912528,0.0012609805978531,0.0130573059858513
0.0084074086458694,-0.0886513422279375,0.0149720190972646,0.0017418087030376,-0.1285008756126138,0.0124001624012349,0.0088329857620068,0.3642652171713156,0.0221621147276564,-0.0099735713912528,0.0012609805978531,0.0130573059858513,0.018291101334394,0.148618901471055,0.0105287392258593
0.0017418087030376,-0.1285008756126138,0.0124001624012349,0.0088329857620068,0.3642652171713156,0.0221621147276564,-0.0099735713912528,0.0012609805978531,0.0130573059858513,0.018291101334394,0.148618901471055,0.0105287392258593,-0.007795946364917,1.5414896851648807,0.0115609345482921
0.0088329857620068,0.3642652171713156,0.0221621147276564,-0.0099735713912528,0.0012609805978531,0.0130573059858513,0.018291101334394,0.148618901471055,0.0105287392258593,-0.007795946364917,1.5414896851648807,0.0115609345482921,-0.0040433761909622,-0.725762274979109,0.0141034331653787
-0.0099735713912528,0.0012609805978531,0.0130573059858513,0.018291101334394,0.148618901471055,0.0105287392258593,-0.007795946364917,1.5414896851648807,0.0115609345482921,-0.0040433761909622,-0.725762274979109,0.0141034331653787,-0.010011372222234,0.1247215593995598,0.0170147850179534
0.018291101334394,0.148618901471055,0.0105287392258593,-0.007795946364917,1.5414896851648807,0.0115609345482921,-0.0040433761909622,-0.725762274979109,0.0141034331653787,-0.010011372222234,0.1247215593995598,0.0170147850179534,0.0068504270477673,-0.2127081888597656,0.0106166733910678
