feature_0,feature_1,feature_2,feature_3,feature_4,feature_5,feature_6,feature_7,feature_8,feature_9,feature_10,feature_11,feature_12,feature_13,feature_14
0.0814986270764692,0.645356762263231,0.0909514470210202,0.0191616733634241,-0.1683691176523891,0.0468885750640724,-0.0003358011698408,-0.3507001488693151,0.0200680326613343,-0.0194794224022391,0.0436905280831421,0.0334032850160586,-0.0101900631365727,-0.0677181502924562,0.0345728568962668
0.0191616733634241,-0.1683691176523891,0.0468885750640724,-0.0003358011698408,-0.3507001488693151,0.0200680326613343,-0.0194794224022391,0.0436905280831421,0.0334032850160586,-0.0101900631365727,-0.0677181502924562,0.0345728568962668,-0.019205811921238,0.3380088209208201,0.0395689425829104
-0.0003358011698408,-0.3507001488693151,0.0200680326613343,-0.0194794224022391,0.0436905280831421,0.0334032850160586,-0.0101900631365727,-0.0677181502924562,0.0345728568962668,-0.019205811921238,0.3380088209208201,0.0395689425829104,0.0396931005095024,-0.0541781373935006,0.0205544022354743
-0.0194794224022391,0.0436905280831421,0.0334032850160586,-0.0101900631365727,-0.0677181502924562,0.0345728568962668,-0.019205811921238,0.3380088209208201,0.0395689425829104,0.0396931005095024,-0.0541781373935006,0.0205544022354743,-0.0158649863546072,0.3030802735476978,0.0279920562788682
-0.0101900631365727,-0.0677181502924562,0.0345728568962668,-0.019205811921238,0.3380088209208201,0.0395689425829104,0.0396931005095024,-0.0541781373935006,0.0205544022354743,-0.0158649863546072,0.3030802735476978,0.0279920562788682,0.0022414294628581,-0.4607875179364037,0.0185442908070646
-0.019205811921238,0.3380088209208201,0.0395689425829104,0.0396931005095024,-0.0541781373935006,0.0205544022354743,-0.0158649863546072,0.3030802735476978,0.0279920562788682,0.0022414294628581,-0.4607875179364037,0.0185442908070646,0.0396524542563063,0.7212305767631535,0.0556422772678619
0.0396931005095024,-0.0541781373935006,0.0205544022354743,-0.0158649863546072,0.3030802735476978,0.0279920562788682,0.0022414294628581,-0.4607875179364037,0.0185442908070646,0.0396524542563063,0.7212305767631535,0.0556422772678619,0.0218416850777178,-0.1979731625605549,0.0273826314804839
