feature_0,feature_1,feature_2,feature_3,feature_4,feature_5,feature_6,feature_7,feature_8,feature_9,feature_10,feature_11,feature_12,feature_13,feature_14
-0.0116916514392112,-0.4095271210013907,0.0238717385209233,0.0044362273745153,0.3202214109056649,0.0148810096118878,0.0077291450316034,-0.2823371989295272,0.0077035613613151,-0.0010956548552319,-0.1383467992541951,0.0118037509265872,0.0109688461791686,0.0281304096941719,0.0178897328235558
0.0044362273745153,0.3202214109056649,0.0148810096118878,0.0077291450316034,-0.2823371989295272,0.0077035613613151,-0.0010956548552319,-0.1383467992541951,0.0118037509265872,0.0109688461791686,0.0281304096941719,0.0178897328235558,0.0047017063296936,-0.0008418689490669,0.0209840787450696
0.0077291450316034,-0.2823371989295272,0.0077035613613151,-0.0010956548552319,-0.1383467992541951,0.0118037509265872,0.0109688461791686,0.0281304096941719,0.0178897328235558,0.0047017063296936,-0.0008418689490669,0.0209840787450696,0.003599618443338,-0.1415531526471001,0.017222803293232
-0.0010956548552319,-0.1383467992541951,0.0118037509265872,0.0109688461791686,0.0281304096941719,0.0178897328235558,0.0047017063296936,-0.0008418689490669,0.0209840787450696,0.003599618443338,-0.1415531526471001,0.017222803293232,-0.0071735526004128,2.6885326353672503,0.0197368054141929
0.0109688461791686,0.0281304096941719,0.0178897328235558,0.0047017063296936,-0.0008418689490669,0.0209840787450696,0.003599618443338,-0.1415531526471001,0.017222803293232,-0.0071735526004128,2.6885326353672503,0.0197368054141929,0.0054191073377718,-0.785524215007983,0.0115983940940356
0.0047017063296936,-0.0008418689490669,0.0209840787450696,0.003599618443338,-0.1415531526471001,0.017222803293232,-0.0071735526004128,2.6885326353672503,0.0197368054141929,0.0054191073377718,-0.785524215007983,0.0115983940940356,0.0097017217518671,-0.1757650951199338,0.010424188307281
0.003599618443338,-0.1415531526471001,0.017222803293232,-0.0071735526004128,2.6885326353672503,0.0197368054141929,0.0054191073377718,-0.785524215007983,0.0115983940940356,0.0097017217518671,-0.1757650951199338,0.010424188307281,-0.0167260281827258,0.5481685900652282,0.0232305377394031
