feature_0,feature_1,feature_2,feature_3,feature_4,feature_5,feature_6,feature_7,feature_8,feature_9,feature_10,feature_11,feature_12,feature_13,feature_14
0.0082750893793346,-0.6620636695902521,0.0297081258867865,0.0267209870065798,0.2946849193593084,0.0281190792465578,0.0040277740701617,0.573373287671233,0.0803726859714673,0.0512249971916691,0.064389493077527,0.0576257449569983,-0.016790920405043,-0.5406107126685267,0.023205582647014
0.0267209870065798,0.2946849193593084,0.0281190792465578,0.0040277740701617,0.573373287671233,0.0803726859714673,0.0512249971916691,0.064389493077527,0.0576257449569983,-0.016790920405043,-0.5406107126685267,0.023205582647014,-0.017555403252627,-0.0243002837815279,0.0237586239000564
0.0040277740701617,0.573373287671233,0.0803726859714673,0.0512249971916691,0.064389493077527,0.0576257449569983,-0.016790920405043,-0.5406107126685267,0.023205582647014,-0.017555403252627,-0.0243002837815279,0.0237586239000564,0.018598413601188,-0.1791126246496773,0.022187157480707
0.0512249971916691,0.064389493077527,0.0576257449569983,-0.016790920405043,-0.5406107126685267,0.023205582647014,-0.017555403252627,-0.0243002837815279,0.0237586239000564,0.018598413601188,-0.1791126246496773,0.022187157480707,0.0024464452227346,0.2095892178366201,0.0133853280062514
-0.016790920405043,-0.5406107126685267,0.023205582647014,-0.017555403252627,-0.0243002837815279,0.0237586239000564,0.018598413601188,-0.1791126246496773,0.022187157480707,0.0024464452227346,0.2095892178366201,0.0133853280062514,-0.0122023736748898,-0.3504845048696636,0.0186899271087642
-0.017555403252627,-0.0243002837815279,0.0237586239000564,0.018598413601188,-0.1791126246496773,0.022187157480707,0.0024464452227346,0.2095892178366201,0.0133853280062514,-0.0122023736748898,-0.3504845048696636,0.0186899271087642,-0.000903861292847,-0.2224580285746769,0.0132992188806852
0.018598413601188,-0.1791126246496773,0.022187157480707,0.0024464452227346,0.2095892178366201,0.0133853280062514,-0.0122023736748898,-0.3504845048696636,0.0186899271087642,-0.000903861292847,-0.2224580285746769,0.0132992188806852,0.0028950841474888,0.1604035677730662,0.0186526395604408
