feature_0,feature_1,feature_2,feature_3,feature_4,feature_5,feature_6,feature_7,feature_8,feature_9,feature_10,feature_11,feature_12,feature_13,feature_14
0.0055410925711278,0.0474200960935868,0.0169386789919429,-0.005051230507895,-0.2317909852413242,0.0162816419063289,0.0009230191031786,0.0548315073472143,0.0137430413880501,-0.0055333670904281,0.2803839527442775,0.0215322977323471,-0.0041731167044578,0.4889085386951675,0.0178263574878927
-0.005051230507895,-0.2317909852413242,0.0162816419063289,0.0009230191031786,0.0548315073472143,0.0137430413880501,-0.0055333670904281,0.2803839527442775,0.0215322977323471,-0.0041731167044578,0.4889085386951675,0.0178263574878927,-0.0034145667000782,-0.3569510431728981,0.0161164543334894
0.0009230191031786,0.0548315073472143,0.0137430413880501,-0.0055333670904281,0.2803839527442775,0.0215322977323471,-0.0041731167044578,0.4889085386951675,0.0178263574878927,-0.0034145667000782,-0.3569510431728981,0.0161164543334894,-0.0313034898670749,1.0749277224542242,0.0367563892336855
-0.0055333670904281,0.2803839527442775,0.0215322977323471,-0.0041731167044578,0.4889085386951675,0.0178263574878927,-0.0034145667000782,-0.3569510431728981,0.0161164543334894,-0.0313034898670749,1.0749277224542242,0.0367563892336855,-0.0004823162613226,0.3693153229864148,0.0158089936393202
-0.0041731167044578,0.4889085386951675,0.0178263574878927,-0.0034145667000782,-0.3569510431728981,0.0161164543334894,-0.0313034898670749,1.0749277224542242,0.0367563892336855,-0.0004823162613226,0.3693153229864148,0.0158089936393202,0.032813206754783,-0.6089205460866616,0.0258745045645981
-0.0034145667000782,-0.3569510431728981,0.0161164543334894,-0.0313034898670749,1.0749277224542242,0.0367563892336855,-0.0004823162613226,0.3693153229864148,0.0158089936393202,0.032813206754783,-0.6089205460866616,0.0258745045645981,-0.0038934839926957,0.1544882914137033,0.0181617424419051
-0.0313034898670749,1.0749277224542242,0.0367563892336855,-0.0004823162613226,0.3693153229864148,0.0158089936393202,0.032813206754783,-0.6089205460866616,0.0258745045645981,-0.0038934839926957,0.1544882914137033,0.0181617424419051,0.0145404341174102,-0.4902494756941183,0.0123168213758174
