feature_0,feature_1,feature_2,feature_3,feature_4,feature_5,feature_6,feature_7,feature_8
-0.0056724476121156,0.0023844927317435,0.0222646859597959,0.0109592511762508,-0.1449760054797459,0.0186873302846417,-0.0031926989840012,-0.2052820172528201,0.01435727383748
0.0094599945807145,0.2995557930596839,0.0204923862972822,-0.0271547212112811,0.019749538562183,0.0375483340627257,0.0107706174786748,0.0114832185087854,0.0251952308163498
-0.0009004586682715,-0.2273990599694206,0.0159271198142975,0.0132943088521491,0.1330376095038172,0.0141838603350727,0.0011860029483812,-0.0649250506519415,0.0131421335939359
