feature_0,feature_1,feature_2,feature_3,feature_4,feature_5,feature_6,feature_7,feature_8
-0.0039039512263396,0.3474487848326759,0.0158982100539606,-0.0024701116093235,-0.0569993200876332,0.0193841813504687,0.0080889515648319,0.0517724814740636,0.0194576878139083
-0.0243997707958169,0.363953156241074,0.0191590166613147,0.0138646596452061,-0.1168677053666163,0.0307083145112661,-0.0281447625083567,1.4676162321956463,0.0303671908811702
0.0257231015698498,-0.6120286494035645,0.0218600022381901,0.0092672841544778,-0.2199471598414795,0.0111828118538047,-0.0135593056917164,-0.3466765453005926,0.0246954581919355
