{
  "aida": 0.167,
  "iforest": 0.09697103500366211,
  "lof": 0.027279138565063477
}