{
  "aida": 0.159,
  "iforest": 0.15419316291809082,
  "lof": 0.01513814926147461
}