{
  "aida": 0.122,
  "iforest": 0.05988502502441406,
  "lof": 0.029914140701293945
}