{
  "aida": 0.126,
  "iforest": 0.07039999961853027,
  "lof": 0.031139135360717773
}