{
  "aida": 0.126,
  "iforest": 0.06827211380004883,
  "lof": 0.021564960479736328
}