{
  "aida": 0.2,
  "iforest": 0.1013031005859375,
  "lof": 0.028620004653930664
}