feature_0,feature_1,feature_2,feature_3,feature_4,feature_5,feature_6,feature_7,feature_8
0.0109797238435402,-0.1023622047244094,0.0195157094891629,0.0045542727193117,-0.1050492083868207,0.0140360721657488,0.0003487981475205,0.15993306239541,0.0292443139691342
0.0023009649754264,0.7885408079142622,0.02327858622869,-0.0200321226611268,1.1291772297764462,0.0196386490321569,0.0160256053497982,-0.5575580451371975,0.0115398575774337
0.0083421369532501,-0.4584709480122324,0.0091794372991678,-0.0031284904061829,0.1303365710413373,0.0132223265521713,0.0021619079155235,0.5519584332533973,0.0133436053531763
