feature_0,feature_1,feature_2,feature_3,feature_4,feature_5,feature_6,feature_7,feature_8
0.0122066298698977,0.0004771642808452,0.0166939259467172,-0.0204511980091045,0.24323771887988,0.0281188249907489,0.0042517907786325,-0.1695621198005151,0.0213336509323884
0.0041074355672776,0.1899953804527157,0.0183550298232044,-0.0012586639759024,3.0107586512866016,0.020299093638575,0.0142407395081463,-0.7716324216697548,0.0170865078144859
0.0072689437000146,0.0172559941874546,0.0211980954756335,0.0047491195648383,-0.0027974525325873,0.0181224343144524,-0.0051564299968015,-0.1288647487167243,0.0233192407512994
