feature_0,feature_1,feature_2,feature_3,feature_4,feature_5,feature_6,feature_7,feature_8
-0.0044373034268463,-0.3263255321962184,0.0150259547663852,-0.0030360802904962,0.0408243375858685,0.0094083328119021,-0.0035635187625099,0.4305110314916085,0.0116195492586253
0.0149555077461083,-0.1788821513313999,0.0193611560552426,0.0062143626264872,1.3824048803981377,0.0149235281192415,0.0166814944446149,-0.343733153638814,0.0216671501079989
-0.0077029346627158,-0.2295923606119725,0.016387206498011,-0.0028399524805495,-0.2241769958683193,0.0144827170435146,0.0027213964441688,0.1551279848823226,0.0105598199385202
