{
  "aida": 0.16,
  "iforest": 0.09863686561584473,
  "lof": 0.012945890426635742
}