{
  "aida": 0.176,
  "iforest": 0.08917713165283203,
  "lof": 0.027559280395507812
}