{
  "aida": 0.117,
  "iforest": 0.07146811485290527,
  "lof": 0.04162716865539551
}