{
  "aida": 0.126,
  "iforest": 0.06610679626464844,
  "lof": 0.021847009658813477
}