{
  "aida": 0.136,
  "iforest": 0.06100106239318848,
  "lof": 0.027978897094726562
}