{
  "aida": 0.19,
  "iforest": 0.09363985061645508,
  "lof": 0.05118608474731445
}