index,subsequence_idx,score
31,31,2.90045
41,41,2.39593
42,42,2.67986
106,106,3.1545
107,107,2.32209
180,180,2.70477
181,181,2.56245
213,213,2.26581
260,260,2.48437
279,279,2.46656
317,317,2.33612
318,318,3.22782
319,319,2.84525
356,356,3.49705
358,358,2.69081
389,389,2.45745
391,391,2.78462
427,427,3.12454
434,434,2.56572
462,462,2.64855
