feature_0,feature_1,feature_2,feature_3,feature_4,feature_5,feature_6,feature_7,feature_8,feature_9,feature_10,feature_11,feature_12,feature_13,feature_14
0.0038355997163954,0.1275706635938454,0.0129948188054404,-0.0081331346025947,0.1875107078127207,0.0361244037860986,0.0290021948101644,0.0546387368826026,0.0188658549326478,-0.0155631001701412,0.6904287054836766,0.0480013813202278,-0.0878470841762542,1.0081947197155985,0.0511990100557841
-0.0081331346025947,0.1875107078127207,0.0361244037860986,0.0290021948101644,0.0546387368826026,0.0188658549326478,-0.0155631001701412,0.6904287054836766,0.0480013813202278,-0.0878470841762542,1.0081947197155985,0.0511990100557841,-0.0409767115790675,-0.4121573662197664,0.0748631756336835
0.0290021948101644,0.0546387368826026,0.0188658549326478,-0.0155631001701412,0.6904287054836766,0.0480013813202278,-0.0878470841762542,1.0081947197155985,0.0511990100557841,-0.0409767115790675,-0.4121573662197664,0.0748631756336835,0.0056513996967764,-0.2789990066073838,0.0412514748447003
-0.0155631001701412,0.6904287054836766,0.0480013813202278,-0.0878470841762542,1.0081947197155985,0.0511990100557841,-0.0409767115790675,-0.4121573662197664,0.0748631756336835,0.0056513996967764,-0.2789990066073838,0.0412514748447003,0.0051874985158653,-0.1925345449935613,0.0380970664331579
-0.0878470841762542,1.0081947197155985,0.0511990100557841,-0.0409767115790675,-0.4121573662197664,0.0748631756336835,0.0056513996967764,-0.2789990066073838,0.0412514748447003,0.0051874985158653,-0.1925345449935613,0.0380970664331579,0.0186152159474355,-0.0783338360029912,0.0254690822019253
-0.0409767115790675,-0.4121573662197664,0.0748631756336835,0.0056513996967764,-0.2789990066073838,0.0412514748447003,0.0051874985158653,-0.1925345449935613,0.0380970664331579,0.0186152159474355,-0.0783338360029912,0.0254690822019253,0.0068757501125773,-0.1841304279611442,0.0162797518774704
0.0056513996967764,-0.2789990066073838,0.0412514748447003,0.0051874985158653,-0.1925345449935613,0.0380970664331579,0.0186152159474355,-0.0783338360029912,0.0254690822019253,0.0068757501125773,-0.1841304279611442,0.0162797518774704,-0.0008386209871871,-0.173846872338672,0.014689076108848
