feature_0,feature_1,feature_2,feature_3,feature_4,feature_5,feature_6,feature_7,feature_8,feature_9,feature_10,feature_11,feature_12,feature_13,feature_14
0.0105733543198818,-0.4919030234952728,0.020266946996899,-0.0146071450952025,0.0437239007614835,0.0242954328704359,0.03068133065741,0.9675806072016946,0.0277721171421289,0.018730326767498,-0.3959809814299811,0.0194995876592888,-0.0095214319328502,-0.1869399475221546,0.0314354305898566
-0.0146071450952025,0.0437239007614835,0.0242954328704359,0.03068133065741,0.9675806072016946,0.0277721171421289,0.018730326767498,-0.3959809814299811,0.0194995876592888,-0.0095214319328502,-0.1869399475221546,0.0314354305898566,-0.0422300646009857,0.4132009985995251,0.041267946381514
0.03068133065741,0.9675806072016946,0.0277721171421289,0.018730326767498,-0.3959809814299811,0.0194995876592888,-0.0095214319328502,-0.1869399475221546,0.0314354305898566,-0.0422300646009857,0.4132009985995251,0.041267946381514,0.0287948647036964,-0.4059201171959153,0.0463662964960389
0.018730326767498,-0.3959809814299811,0.0194995876592888,-0.0095214319328502,-0.1869399475221546,0.0314354305898566,-0.0422300646009857,0.4132009985995251,0.041267946381514,0.0287948647036964,-0.4059201171959153,0.0463662964960389,-0.0100248171163128,-0.1218450826805918,0.03384176222285
-0.0095214319328502,-0.1869399475221546,0.0314354305898566,-0.0422300646009857,0.4132009985995251,0.041267946381514,0.0287948647036964,-0.4059201171959153,0.0463662964960389,-0.0100248171163128,-0.1218450826805918,0.03384176222285,0.0171265885338853,-0.0413776015857284,0.0180571835326475
-0.0422300646009857,0.4132009985995251,0.041267946381514,0.0287948647036964,-0.4059201171959153,0.0463662964960389,-0.0100248171163128,-0.1218450826805918,0.03384176222285,0.0171265885338853,-0.0413776015857284,0.0180571835326475,0.0030735417309963,-0.3078314810028431,0.0160398271040839
0.0287948647036964,-0.4059201171959153,0.0463662964960389,-0.0100248171163128,-0.1218450826805918,0.03384176222285,0.0171265885338853,-0.0413776015857284,0.0180571835326475,0.0030735417309963,-0.3078314810028431,0.0160398271040839,-0.0091260431724085,0.3764002987303958,0.0213474707174194
