feature_0,feature_1,feature_2,feature_3,feature_4,feature_5,feature_6,feature_7,feature_8,feature_9,feature_10,feature_11,feature_12,feature_13,feature_14
-0.0151162608181998,-0.2961649203003947,0.0219519934311612,0.012396665787633,0.5214980072960378,0.0210245506321701,0.0110787082862391,0.122155389860576,0.0127426138708715,-0.0415224936749822,0.0377927082304119,0.0471868570415141,-0.0427196271566546,0.3372923311277194,0.0442393791731976
0.012396665787633,0.5214980072960378,0.0210245506321701,0.0110787082862391,0.122155389860576,0.0127426138708715,-0.0415224936749822,0.0377927082304119,0.0471868570415141,-0.0427196271566546,0.3372923311277194,0.0442393791731976,-0.0295412423927033,-0.1492213224170152,0.0257341042688552
0.0110787082862391,0.122155389860576,0.0127426138708715,-0.0415224936749822,0.0377927082304119,0.0471868570415141,-0.0427196271566546,0.3372923311277194,0.0442393791731976,-0.0295412423927033,-0.1492213224170152,0.0257341042688552,0.0016192393613037,-0.1882491998075354,0.0208536780225274
-0.0415224936749822,0.0377927082304119,0.0471868570415141,-0.0427196271566546,0.3372923311277194,0.0442393791731976,-0.0295412423927033,-0.1492213224170152,0.0257341042688552,0.0016192393613037,-0.1882491998075354,0.0208536780225274,-0.006142961375339,0.0779202370981251,0.0260840963505211
-0.0427196271566546,0.3372923311277194,0.0442393791731976,-0.0295412423927033,-0.1492213224170152,0.0257341042688552,0.0016192393613037,-0.1882491998075354,0.0208536780225274,-0.006142961375339,0.0779202370981251,0.0260840963505211,0.0159401716449176,-0.2657198871515325,0.0169050862774514
-0.0295412423927033,-0.1492213224170152,0.0257341042688552,0.0016192393613037,-0.1882491998075354,0.0208536780225274,-0.006142961375339,0.0779202370981251,0.0260840963505211,0.0159401716449176,-0.2657198871515325,0.0169050862774514,-0.0073646883044642,-0.2109598853868195,0.0132300693914241
0.0016192393613037,-0.1882491998075354,0.0208536780225274,-0.006142961375339,0.0779202370981251,0.0260840963505211,0.0159401716449176,-0.2657198871515325,0.0169050862774514,-0.0073646883044642,-0.2109598853868195,0.0132300693914241,0.0122579924435204,0.0466512606775884,0.0163566460516414
