index,subsequence_idx,score
9,9,2.63795
100,100,2.3817
109,109,2.35266
110,110,2.64682
111,111,2.4603
129,129,2.52036
130,130,2.54399
131,131,3.03976
146,146,2.54665
171,171,2.97391
172,172,2.60927
173,173,2.7733
194,194,2.97584
265,265,2.37018
267,267,2.84453
307,307,2.49364
355,355,2.59897
356,356,2.81165
394,394,2.42883
429,429,2.35294
452,452,2.69022
453,453,2.55194
