feature_0,feature_1,feature_2,feature_3,feature_4,feature_5,feature_6,feature_7,feature_8
0.0067743246670284,0.0806838905775075,0.0213466724815061,-0.0110957400931948,0.1011123767736854,0.0174465557181726,0.0045962416322999,-0.1157613762627874,0.0154916793691918
-0.0110957400931948,0.1011123767736854,0.0174465557181726,0.0045962416322999,-0.1157613762627874,0.0154916793691918,-0.0141742580455764,0.1886473604390843,0.0209426307260926
0.0045962416322999,-0.1157613762627874,0.0154916793691918,-0.0141742580455764,0.1886473604390843,0.0209426307260926,0.0077806329156233,-0.3194444444444444,0.008909121426669
-0.0141742580455764,0.1886473604390843,0.0209426307260926,0.0077806329156233,-0.3194444444444444,0.008909121426669,0.1154452906104279,3.2830003392433085,0.0563530071421945
0.0077806329156233,-0.3194444444444444,0.008909121426669,0.1154452906104279,3.2830003392433085,0.0563530071421945,-0.0432282791738914,-0.3141888793470013,0.0397500469985233
0.1154452906104279,3.2830003392433085,0.0563530071421945,-0.0432282791738914,-0.3141888793470013,0.0397500469985233,0.0025382152232067,-0.4224033651245206,0.0150988106583463
-0.0432282791738914,-0.3141888793470013,0.0397500469985233,0.0025382152232067,-0.4224033651245206,0.0150988106583463,0.0097476383525105,-0.0510413487544858,0.0129707368347935
