{
  "aida": 0.132,
  "iforest": 0.06346487998962402,
  "lof": 0.02117776870727539
}