{
  "aida": 0.134,
  "iforest": 0.07201099395751953,
  "lof": 0.0206451416015625
}