{
  "aida": 0.2,
  "iforest": 0.10535907745361328,
  "lof": 0.012850046157836914
}