{
  "aida": 0.125,
  "iforest": 0.06823015213012695,
  "lof": 0.021977901458740234
}