{
  "aida": 0.185,
  "iforest": 0.11189007759094238,
  "lof": 0.03636789321899414
}