{
  "aida": 0.199,
  "iforest": 0.09837794303894043,
  "lof": 0.040696144104003906
}