feature_0,feature_1,feature_2,feature_3,feature_4,feature_5,feature_6,feature_7,feature_8
0.0198872707137436,-0.1137863310527695,0.0301883348023552,0.0185244928696279,0.2963701207959328,0.0156485742600411,0.0165922629663617,-0.0646209804083657,0.0212089070548838
0.0185244928696279,0.2963701207959328,0.0156485742600411,0.0165922629663617,-0.0646209804083657,0.0212089070548838,-0.0147521767123774,-0.1480016402598963,0.0239332778388466
0.0165922629663617,-0.0646209804083657,0.0212089070548838,-0.0147521767123774,-0.1480016402598963,0.0239332778388466,0.0050973303566614,0.0536771570234217,0.0194375203453218
-0.0147521767123774,-0.1480016402598963,0.0239332778388466,0.0050973303566614,0.0536771570234217,0.0194375203453218,-0.0210247725001744,-0.0376567225302418,0.0386009927175652
0.0050973303566614,0.0536771570234217,0.0194375203453218,-0.0210247725001744,-0.0376567225302418,0.0386009927175652,-0.0178071769249179,0.3441726100601909,0.0262114226148351
-0.0210247725001744,-0.0376567225302418,0.0386009927175652,-0.0178071769249179,0.3441726100601909,0.0262114226148351,0.0071422266409764,-0.0408370141947816,0.0349121559307725
-0.0178071769249179,0.3441726100601909,0.0262114226148351,0.0071422266409764,-0.0408370141947816,0.0349121559307725,0.0282565017133704,0.025240727928248,0.0220953123381074
