feature_0,feature_1,feature_2,feature_3,feature_4,feature_5,feature_6,feature_7,feature_8
0.0196532660039643,-0.1000206781714692,0.0235739313209738,0.0166459196356836,0.2399166404656525,0.0168264280114926,0.006189235688383,-0.2161989070256599,0.0161731364120147
0.0166459196356836,0.2399166404656525,0.0168264280114926,0.006189235688383,-0.2161989070256599,0.0161731364120147,-0.0105890626234297,-0.1093580203900488,0.0169699003990505
0.006189235688383,-0.2161989070256599,0.0161731364120147,-0.0105890626234297,-0.1093580203900488,0.0169699003990505,-0.0017705775740053,-0.192472477320567,0.0148717984284805
-0.0105890626234297,-0.1093580203900488,0.0169699003990505,-0.0017705775740053,-0.192472477320567,0.0148717984284805,-0.0054395080197671,0.5370872308277874,0.0317195153408812
-0.0017705775740053,-0.192472477320567,0.0148717984284805,-0.0054395080197671,0.5370872308277874,0.0317195153408812,-0.0147829210030595,0.063050117433423,0.0209611755035554
-0.0054395080197671,0.5370872308277874,0.0317195153408812,-0.0147829210030595,0.063050117433423,0.0209611755035554,0.0214410367125372,0.1766717606824335,0.049566630636641
-0.0147829210030595,0.063050117433423,0.0209611755035554,0.0214410367125372,0.1766717606824335,0.049566630636641,0.027055907989425,0.0084163924690383,0.0203627245424795
