feature_0,feature_1,feature_2,feature_3,feature_4,feature_5,feature_6,feature_7,feature_8
0.0072966845100448,0.033946638540568,0.0164201232981906,0.0262160961680317,0.0387071180293183,0.0253789508268535,0.0054902464196782,0.3503319087023733,0.0170498779254105
0.0262160961680317,0.0387071180293183,0.0253789508268535,0.0054902464196782,0.3503319087023733,0.0170498779254105,-0.0153777516640565,-0.2750781165822649,0.0230550676767563
0.0054902464196782,0.3503319087023733,0.0170498779254105,-0.0153777516640565,-0.2750781165822649,0.0230550676767563,0.0014712056602865,-0.0414684898929845,0.0106635824814563
-0.0153777516640565,-0.2750781165822649,0.0230550676767563,0.0014712056602865,-0.0414684898929845,0.0106635824814563,-0.0183073319372542,1.0492130562877966,0.0359412995981188
0.0014712056602865,-0.0414684898929845,0.0106635824814563,-0.0183073319372542,1.0492130562877966,0.0359412995981188,-0.0322319456110963,0.5161601543656535,0.0285955939324587
-0.0183073319372542,1.0492130562877966,0.0359412995981188,-0.0322319456110963,0.5161601543656535,0.0285955939324587,0.010229580913581,-0.3574391894842569,0.0425401977672209
-0.0322319456110963,0.5161601543656535,0.0285955939324587,0.010229580913581,-0.3574391894842569,0.0425401977672209,-0.0043566709656336,-0.15219713004136,0.0299652402116186
