feature_0,feature_1,feature_2,feature_3,feature_4,feature_5,feature_6,feature_7,feature_8,feature_9,feature_10,feature_11,feature_12,feature_13,feature_14
0.0035545216003463,-0.2735849056603774,0.008588482467013,0.0030031124433038,-0.1617473435655253,0.0089587458808964,-0.0110606672261845,0.232394366197183,0.0167881834629409,0.0095043662226792,-0.0571428571428571,0.0082606771721861,0.0072331954296529,0.5054545454545454,0.0068087767744502
0.0030031124433038,-0.1617473435655253,0.0089587458808964,-0.0110606672261845,0.232394366197183,0.0167881834629409,0.0095043662226792,-0.0571428571428571,0.0082606771721861,0.0072331954296529,0.5054545454545454,0.0068087767744502,-0.0095253754153761,-0.2463768115942028,0.0146278880959484
-0.0110606672261845,0.232394366197183,0.0167881834629409,0.0095043662226792,-0.0571428571428571,0.0082606771721861,0.0072331954296529,0.5054545454545454,0.0068087767744502,-0.0095253754153761,-0.2463768115942028,0.0146278880959484,0.0152432739310117,0.142094017094017,0.0189910640395994
0.0095043662226792,-0.0571428571428571,0.0082606771721861,0.0072331954296529,0.5054545454545454,0.0068087767744502,-0.0095253754153761,-0.2463768115942028,0.0146278880959484,0.0152432739310117,0.142094017094017,0.0189910640395994,0.0140274071632842,0.470533208606174,0.0181788533144186
0.0072331954296529,0.5054545454545454,0.0068087767744502,-0.0095253754153761,-0.2463768115942028,0.0146278880959484,0.0152432739310117,0.142094017094017,0.0189910640395994,0.0140274071632842,0.470533208606174,0.0181788533144186,-0.0043658620952601,0.1450381679389312,0.0200177567629191
-0.0095253754153761,-0.2463768115942028,0.0146278880959484,0.0152432739310117,0.142094017094017,0.0189910640395994,0.0140274071632842,0.470533208606174,0.0181788533144186,-0.0043658620952601,0.1450381679389312,0.0200177567629191,-0.0011789478413509,0.7122222222222223,0.0446676006591625
0.0152432739310117,0.142094017094017,0.0189910640395994,0.0140274071632842,0.470533208606174,0.0181788533144186,-0.0043658620952601,0.1450381679389312,0.0200177567629191,-0.0011789478413509,0.7122222222222223,0.0446676006591625,0.0236695510739268,-0.4578195976638546,0.029081133128832
