feature_0,feature_1,feature_2,feature_3,feature_4,feature_5,feature_6,feature_7,feature_8,feature_9,feature_10,feature_11,feature_12,feature_13,feature_14
0.0019675690216691,-0.2729036108624291,0.0084047778282438,-0.0040721856779907,0.0880361173814898,0.0126741066903792,-0.0063511781571663,0.5409656733308186,0.0123498650618885,0.0411079575443962,1.414237105578811,0.0428772486537253,0.0028088637269123,-0.3148219500324465,0.0306973089873493
-0.0040721856779907,0.0880361173814898,0.0126741066903792,-0.0063511781571663,0.5409656733308186,0.0123498650618885,0.0411079575443962,1.414237105578811,0.0428772486537253,0.0028088637269123,-0.3148219500324465,0.0306973089873493,-0.0114441221577443,-0.4756196818349981,0.0138931270116814
-0.0063511781571663,0.5409656733308186,0.0123498650618885,0.0411079575443962,1.414237105578811,0.0428772486537253,0.0028088637269123,-0.3148219500324465,0.0306973089873493,-0.0114441221577443,-0.4756196818349981,0.0138931270116814,0.0168184526531918,0.2721038521236065,0.0188455179103048
0.0411079575443962,1.414237105578811,0.0428772486537253,0.0028088637269123,-0.3148219500324465,0.0306973089873493,-0.0114441221577443,-0.4756196818349981,0.0138931270116814,0.0168184526531918,0.2721038521236065,0.0188455179103048,0.0227304658436195,0.5196885329547218,0.0218904464117957
0.0028088637269123,-0.3148219500324465,0.0306973089873493,-0.0114441221577443,-0.4756196818349981,0.0138931270116814,0.0168184526531918,0.2721038521236065,0.0188455179103048,0.0227304658436195,0.5196885329547218,0.0218904464117957,-0.0072981927735887,-0.2537115162839584,0.0242655352202115
-0.0114441221577443,-0.4756196818349981,0.0138931270116814,0.0168184526531918,0.2721038521236065,0.0188455179103048,0.0227304658436195,0.5196885329547218,0.0218904464117957,-0.0072981927735887,-0.2537115162839584,0.0242655352202115,-0.027877983051759,0.1984038495393463,0.0306315230312788
0.0168184526531918,0.2721038521236065,0.0188455179103048,0.0227304658436195,0.5196885329547218,0.0218904464117957,-0.0072981927735887,-0.2537115162839584,0.0242655352202115,-0.027877983051759,0.1984038495393463,0.0306315230312788,0.0053241131094006,-0.2302745405281885,0.0174885952702963
