feature_0,feature_1,feature_2,feature_3,feature_4,feature_5,feature_6,feature_7,feature_8,feature_9,feature_10,feature_11,feature_12,feature_13,feature_14
-0.0005597834380708,-0.6303694061672427,0.0092124443898923,0.0220703408796225,0.6143290831815422,0.0329869623709317,0.0105228359263043,0.144087558296976,0.0209250422095397,0.004013410232488,-0.2964265754955784,0.0249808972559506,0.0083189788033442,1.058031959629941,0.0346945512919581
0.0220703408796225,0.6143290831815422,0.0329869623709317,0.0105228359263043,0.144087558296976,0.0209250422095397,0.004013410232488,-0.2964265754955784,0.0249808972559506,0.0083189788033442,1.058031959629941,0.0346945512919581,-0.0182150049797954,-0.2404077555283112,0.0194633450137284
0.0105228359263043,0.144087558296976,0.0209250422095397,0.004013410232488,-0.2964265754955784,0.0249808972559506,0.0083189788033442,1.058031959629941,0.0346945512919581,-0.0182150049797954,-0.2404077555283112,0.0194633450137284,0.0198624960772364,-0.3419314343784559,0.028574564429546
0.004013410232488,-0.2964265754955784,0.0249808972559506,0.0083189788033442,1.058031959629941,0.0346945512919581,-0.0182150049797954,-0.2404077555283112,0.0194633450137284,0.0198624960772364,-0.3419314343784559,0.028574564429546,0.0069556228027884,0.4526502248262707,0.0198476396555322
0.0083189788033442,1.058031959629941,0.0346945512919581,-0.0182150049797954,-0.2404077555283112,0.0194633450137284,0.0198624960772364,-0.3419314343784559,0.028574564429546,0.0069556228027884,0.4526502248262707,0.0198476396555322,0.0187035024573232,-0.3238595503861426,0.0252935199975635
-0.0182150049797954,-0.2404077555283112,0.0194633450137284,0.0198624960772364,-0.3419314343784559,0.028574564429546,0.0069556228027884,0.4526502248262707,0.0198476396555322,0.0187035024573232,-0.3238595503861426,0.0252935199975635,-0.0172125673452653,0.1948208092485548,0.0371628794718494
0.0198624960772364,-0.3419314343784559,0.028574564429546,0.0069556228027884,0.4526502248262707,0.0198476396555322,0.0187035024573232,-0.3238595503861426,0.0252935199975635,-0.0172125673452653,0.1948208092485548,0.0371628794718494,0.0044581074253704,-0.2215341744717083,0.0244007771928092
