feature_0,feature_1,feature_2,feature_3,feature_4,feature_5,feature_6,feature_7,feature_8,feature_9,feature_10,feature_11,feature_12,feature_13,feature_14
0.0081623841533484,-0.3465388896502622,0.0101857966843405,-0.003832242170462,0.0456331140597665,0.0141746733832507,-0.0265496328657002,0.7219479979453562,0.0349564130155733,-0.0022821011724434,-0.1518500420464101,0.0236457920620006,-0.021366795144358,0.4039364645510515,0.0231839429569888
-0.003832242170462,0.0456331140597665,0.0141746733832507,-0.0265496328657002,0.7219479979453562,0.0349564130155733,-0.0022821011724434,-0.1518500420464101,0.0236457920620006,-0.021366795144358,0.4039364645510515,0.0231839429569888,-0.015334622183905,-0.1546545973364127,0.0262268326843294
-0.0265496328657002,0.7219479979453562,0.0349564130155733,-0.0022821011724434,-0.1518500420464101,0.0236457920620006,-0.021366795144358,0.4039364645510515,0.0231839429569888,-0.015334622183905,-0.1546545973364127,0.0262268326843294,-0.0244890537384283,0.1286912983717787,0.039418810414137
-0.0022821011724434,-0.1518500420464101,0.0236457920620006,-0.021366795144358,0.4039364645510515,0.0231839429569888,-0.015334622183905,-0.1546545973364127,0.0262268326843294,-0.0244890537384283,0.1286912983717787,0.039418810414137,0.0105637177062465,0.2035357955539996,0.0230257015021539
-0.021366795144358,0.4039364645510515,0.0231839429569888,-0.015334622183905,-0.1546545973364127,0.0262268326843294,-0.0244890537384283,0.1286912983717787,0.039418810414137,0.0105637177062465,0.2035357955539996,0.0230257015021539,-0.0192036482410112,-0.1529193486056687,0.0448382014693608
-0.015334622183905,-0.1546545973364127,0.0262268326843294,-0.0244890537384283,0.1286912983717787,0.039418810414137,0.0105637177062465,0.2035357955539996,0.0230257015021539,-0.0192036482410112,-0.1529193486056687,0.0448382014693608,0.0234117741326471,0.1132559080707864,0.0451748497980235
-0.0244890537384283,0.1286912983717787,0.039418810414137,0.0105637177062465,0.2035357955539996,0.0230257015021539,-0.0192036482410112,-0.1529193486056687,0.0448382014693608,0.0234117741326471,0.1132559080707864,0.0451748497980235,0.012286514569791,-0.3179937428395171,0.0279190896064412
