feature_0,feature_1,feature_2,feature_3,feature_4,feature_5,feature_6,feature_7,feature_8,feature_9,feature_10,feature_11,feature_12,feature_13,feature_14
-0.0025004266640226,-0.1152301825803682,0.0109299428827454,-0.0445837993228175,0.976067473455874,0.0489199987872896,-0.0095951401441504,-0.0730210086157713,0.0241972909669524,-0.0109749337931883,-0.1918726043192371,0.0324427327778231,-0.0150761399968325,-0.0736927348449791,0.0380895743595975
-0.0445837993228175,0.976067473455874,0.0489199987872896,-0.0095951401441504,-0.0730210086157713,0.0241972909669524,-0.0109749337931883,-0.1918726043192371,0.0324427327778231,-0.0150761399968325,-0.0736927348449791,0.0380895743595975,0.0054002526706764,-0.3814162607718246,0.0154906437542717
-0.0095951401441504,-0.0730210086157713,0.0241972909669524,-0.0109749337931883,-0.1918726043192371,0.0324427327778231,-0.0150761399968325,-0.0736927348449791,0.0380895743595975,0.0054002526706764,-0.3814162607718246,0.0154906437542717,0.0010046133668275,0.3803755299818292,0.0224153789855938
-0.0109749337931883,-0.1918726043192371,0.0324427327778231,-0.0150761399968325,-0.0736927348449791,0.0380895743595975,0.0054002526706764,-0.3814162607718246,0.0154906437542717,0.0010046133668275,0.3803755299818292,0.0224153789855938,0.0216173961383663,0.2757910389547071,0.0268330781228181
-0.0150761399968325,-0.0736927348449791,0.0380895743595975,0.0054002526706764,-0.3814162607718246,0.0154906437542717,0.0010046133668275,0.3803755299818292,0.0224153789855938,0.0216173961383663,0.2757910389547071,0.0268330781228181,-0.0152275877304018,-0.1345931537866266,0.0329687369425559
0.0054002526706764,-0.3814162607718246,0.0154906437542717,0.0010046133668275,0.3803755299818292,0.0224153789855938,0.0216173961383663,0.2757910389547071,0.0268330781228181,-0.0152275877304018,-0.1345931537866266,0.0329687369425559,-0.0397897384879513,0.486548248567612,0.0458630379266063
0.0010046133668275,0.3803755299818292,0.0224153789855938,0.0216173961383663,0.2757910389547071,0.0268330781228181,-0.0152275877304018,-0.1345931537866266,0.0329687369425559,-0.0397897384879513,0.486548248567612,0.0458630379266063,0.00511485164648,-0.416186430608365,0.0210628300937575
