feature_0,feature_1,feature_2,feature_3,feature_4,feature_5,feature_6,feature_7,feature_8,feature_9,feature_10,feature_11,feature_12,feature_13,feature_14
0.007811336025103,0.2477283279166944,0.0403086355053963,-0.0047113248269066,-0.0806400170104189,0.0275271917504064,-0.0087036144971315,0.140907776814108,0.0354599078754771,0.0098582779990679,-0.4311777822825866,0.0279590420712894,-0.0204392371536166,0.5259265858873843,0.0510752602230898
-0.0047113248269066,-0.0806400170104189,0.0275271917504064,-0.0087036144971315,0.140907776814108,0.0354599078754771,0.0098582779990679,-0.4311777822825866,0.0279590420712894,-0.0204392371536166,0.5259265858873843,0.0510752602230898,-0.0010899983415393,-0.4066094470718748,0.0247960106840257
-0.0087036144971315,0.140907776814108,0.0354599078754771,0.0098582779990679,-0.4311777822825866,0.0279590420712894,-0.0204392371536166,0.5259265858873843,0.0510752602230898,-0.0010899983415393,-0.4066094470718748,0.0247960106840257,-0.0455183462850676,0.9904555741414937,0.0550277877511485
0.0098582779990679,-0.4311777822825866,0.0279590420712894,-0.0204392371536166,0.5259265858873843,0.0510752602230898,-0.0010899983415393,-0.4066094470718748,0.0247960106840257,-0.0455183462850676,0.9904555741414937,0.0550277877511485,0.0084925765417485,0.086113994759998,0.0169019136397339
-0.0204392371536166,0.5259265858873843,0.0510752602230898,-0.0010899983415393,-0.4066094470718748,0.0247960106840257,-0.0455183462850676,0.9904555741414937,0.0550277877511485,0.0084925765417485,0.086113994759998,0.0169019136397339,-0.0090688481504618,-0.1747303263392654,0.0307998117097247
-0.0010899983415393,-0.4066094470718748,0.0247960106840257,-0.0455183462850676,0.9904555741414937,0.0550277877511485,0.0084925765417485,0.086113994759998,0.0169019136397339,-0.0090688481504618,-0.1747303263392654,0.0307998117097247,-0.0174865128099083,0.0801897198323406,0.0342489059586567
-0.0455183462850676,0.9904555741414937,0.0550277877511485,0.0084925765417485,0.086113994759998,0.0169019136397339,-0.0090688481504618,-0.1747303263392654,0.0307998117097247,-0.0174865128099083,0.0801897198323406,0.0342489059586567,0.0345975027945577,0.0943020524864699,0.0433478210847185
