index,subsequence_idx,score
114,114,2.37519
129,129,2.34671
130,130,2.39285
143,143,2.54478
144,144,3.23765
145,145,2.30898
279,279,2.42922
356,356,2.83864
358,358,2.34818
393,393,2.39132
394,394,2.53355
427,427,2.82591
429,429,2.39146
430,430,2.45247
