index,subsequence_idx,score
114,114,2.31399
129,129,2.42262
130,130,2.32205
143,143,2.89114
144,144,3.33737
145,145,2.36235
279,279,2.4709
342,342,2.39301
356,356,2.83499
393,393,2.51353
394,394,2.42512
429,429,2.47777
