index,subsequence_idx,score
129,129,2.6621
130,130,2.39317
131,131,2.40615
143,143,2.72781
144,144,3.19662
145,145,2.472
279,279,2.58235
342,342,2.45855
343,343,2.40343
356,356,2.67985
358,358,2.35324
393,393,2.50197
394,394,2.47254
425,425,2.44583
427,427,2.63175
429,429,2.47183
495,495,2.32912
