index,subsequence_idx,score
129,129,2.39479
131,131,2.40326
143,143,2.72075
144,144,3.14441
145,145,2.35523
279,279,2.39953
342,342,2.42668
343,343,2.36296
356,356,2.74608
393,393,2.62298
394,394,2.47251
427,427,2.54192
429,429,2.33175
430,430,2.33469
510,510,2.39457
