index,subsequence_idx,score
114,114,2.38589
129,129,2.4484
130,130,2.49331
143,143,2.75855
144,144,3.09091
145,145,2.29316
279,279,2.52689
287,287,2.41607
342,342,2.54105
343,343,2.49763
356,356,2.73698
358,358,2.35508
393,393,2.6685
394,394,2.46761
425,425,2.29915
427,427,2.52665
429,429,2.50424
430,430,2.32971
510,510,2.34702
