index,subsequence_idx,score
129,129,2.39484
130,130,2.40067
143,143,2.62325
144,144,3.26757
145,145,2.34297
279,279,2.50596
342,342,2.50786
343,343,2.30976
356,356,2.7679
358,358,2.38083
393,393,2.41974
394,394,2.44526
425,425,2.35413
427,427,2.46991
429,429,2.32133
510,510,2.35478
