index,subsequence_idx,score
114,114,2.41071
129,129,2.36039
143,143,2.8331
144,144,3.22938
145,145,2.41354
279,279,2.49796
342,342,2.46539
356,356,2.71695
393,393,2.58524
394,394,2.38539
425,425,2.28257
427,427,2.44793
429,429,2.34507
494,494,2.50163
