feature_0,feature_1,feature_2,feature_3,feature_4,feature_5,feature_6,feature_7,feature_8
0.0023238300644485,-0.1970257850395711,0.0156842036290006,-0.0025340670822578,0.1986328590732056,0.0157510325754529,-0.043459484960542,0.5964854111405835,0.0487376906592821
-0.0025340670822578,0.1986328590732056,0.0157510325754529,-0.043459484960542,0.5964854111405835,0.0487376906592821,-0.0008476299144144,0.2366770508826583,0.024899321935442
-0.043459484960542,0.5964854111405835,0.0487376906592821,-0.0008476299144144,0.2366770508826583,0.024899321935442,0.0099541762738333,0.6127699593591509,0.0323700220782821
-0.0008476299144144,0.2366770508826583,0.024899321935442,0.0099541762738333,0.6127699593591509,0.0323700220782821,-0.0005600204671581,-0.5486806755940604,0.01455673758712
0.0099541762738333,0.6127699593591509,0.0323700220782821,-0.0005600204671581,-0.5486806755940604,0.01455673758712,0.0108141323216566,-0.6845092519957547,0.0137678954215141
-0.0005600204671581,-0.5486806755940604,0.01455673758712,0.0108141323216566,-0.6845092519957547,0.0137678954215141,-0.0049888854874686,0.0143337721222758,0.0083473697096026
0.0108141323216566,-0.6845092519957547,0.0137678954215141,-0.0049888854874686,0.0143337721222758,0.0083473697096026,-0.0075766122160527,0.1865897620764238,0.0129137385805393
