feature_0,feature_1,feature_2,feature_3,feature_4,feature_5,feature_6,feature_7,feature_8
0.009658631059368,0.1695427648207434,0.0154958541039351,0.0063553246462693,-0.0366671186670508,0.0127232714093804,-0.0375610325566404,0.0752633778344733,0.0357649656211115
0.0063553246462693,-0.0366671186670508,0.0127232714093804,-0.0375610325566404,0.0752633778344733,0.0357649656211115,-0.0008230728870088,-0.0605780441408088,0.0157223717372762
-0.0375610325566404,0.0752633778344733,0.0357649656211115,-0.0008230728870088,-0.0605780441408088,0.0157223717372762,-0.0009839110738063,1.7984906613481275,0.0352518143373877
-0.0008230728870088,-0.0605780441408088,0.0157223717372762,-0.0009839110738063,1.7984906613481275,0.0352518143373877,-0.0030920556833367,-0.7019701635604548,0.0111360290962972
-0.0009839110738063,1.7984906613481275,0.0352518143373877,-0.0030920556833367,-0.7019701635604548,0.0111360290962972,0.0093738592239898,-0.625923508680329,0.0124599913210564
-0.0030920556833367,-0.7019701635604548,0.0111360290962972,0.0093738592239898,-0.625923508680329,0.0124599913210564,-0.0027769585868658,0.1437225207620909,0.009871052173225
0.0093738592239898,-0.625923508680329,0.0124599913210564,-0.0027769585868658,0.1437225207620909,0.009871052173225,-0.0173015635927595,1.2110395157550462,0.020804491591901
