index,subsequence_idx,score
188,188,2.46775
189,189,2.98973
191,191,3.02835
356,356,3.46307
358,358,3.32608
359,359,3.10489
427,427,4.01153
428,428,3.67389
429,429,3.88888
446,446,2.82246
457,457,2.65581
477,477,2.43167
494,494,3.95226
495,495,3.69768
496,496,3.79455
536,536,4.15479
537,537,3.93386
538,538,3.99766
543,543,2.83423
544,544,2.86553
545,545,2.42053
