index,subsequence_idx,score
189,189,3.11156
191,191,3.21753
355,355,2.52286
356,356,3.43028
358,358,3.51813
359,359,3.26707
427,427,3.97773
428,428,4.12514
429,429,4.0982
446,446,2.87703
457,457,2.77075
477,477,2.49111
494,494,3.80651
495,495,3.99668
496,496,3.97534
536,536,3.93918
537,537,4.26673
538,538,4.2114
543,543,2.91603
544,544,2.95815
545,545,2.62881
