index,subsequence_idx,score
189,189,3.20177
191,191,3.22259
355,355,2.49669
356,356,3.4119
358,358,3.53979
359,359,3.46369
427,427,3.90941
428,428,3.99372
429,429,4.2018
446,446,2.8635
457,457,2.7526
494,494,3.9091
495,495,3.95715
496,496,4.08353
536,536,3.96633
537,537,4.21153
538,538,4.33345
543,543,2.93641
544,544,2.93355
545,545,2.6812
