index,subsequence_idx,score
188,188,2.63824
189,189,3.07934
191,191,3.12236
355,355,2.4889
356,356,3.61444
358,358,3.40633
359,359,3.06873
427,427,4.03421
428,428,3.97529
429,429,3.9413
446,446,2.7366
457,457,2.79383
477,477,2.47463
494,494,4.02943
495,495,3.82982
496,496,3.85307
536,536,4.20476
537,537,4.06085
538,538,4.01987
543,543,2.88106
544,544,2.93654
545,545,2.51712
