index,subsequence_idx,score
189,189,3.02607
191,191,3.08303
356,356,3.35811
358,358,3.57126
359,359,3.18994
427,427,3.81748
428,428,4.09108
429,429,3.94036
446,446,2.7806
457,457,2.72701
494,494,3.83434
495,495,3.94745
496,496,3.89702
536,536,3.9433
537,537,4.23925
538,538,4.10773
543,543,2.79956
544,544,2.94944
545,545,2.53157
