index,subsequence_idx,score
41,41,2.49027
42,42,2.67192
189,189,2.38246
288,288,2.42296
294,294,2.52727
317,317,2.5117
358,358,2.55338
424,424,2.74645
427,427,2.49095
434,434,2.45838
446,446,2.6963
457,457,2.53762
536,536,4.09013
537,537,4.15328
538,538,4.13935
542,542,2.75024
543,543,2.6585
544,544,2.62551
