{
  "aida": 0.15,
  "iforest": 0.0922098159790039,
  "lof": 0.012896060943603516
}