{
  "aida": 0.191,
  "iforest": 0.09598302841186523,
  "lof": 0.031075716018676758
}