{
  "aida": 0.181,
  "iforest": 0.09668302536010742,
  "lof": 0.05014395713806152
}