{
  "aida": 0.118,
  "iforest": 0.06822705268859863,
  "lof": 0.022099971771240234
}