{
  "aida": 0.132,
  "iforest": 0.06781482696533203,
  "lof": 0.03286600112915039
}