{
  "aida": 0.127,
  "iforest": 0.06983304023742676,
  "lof": 0.03145599365234375
}