feature_0,feature_1,feature_2,feature_3,feature_4,feature_5,feature_6,feature_7,feature_8
-0.0385237048210871,1.135962701612903,0.0619847238961351,0.001522914226099,-0.3930151613474131,0.0404427949059701,-0.0214975150863755,0.4570900962192632,0.055876927862628
0.001522914226099,-0.3930151613474131,0.0404427949059701,-0.0214975150863755,0.4570900962192632,0.055876927862628,0.0245954973570619,-0.1920357524012806,0.0430941608829055
-0.0214975150863755,0.4570900962192632,0.055876927862628,0.0245954973570619,-0.1920357524012806,0.0430941608829055,-0.0284504066230529,-0.398992817633947,0.034482724601393
0.0245954973570619,-0.1920357524012806,0.0430941608829055,-0.0284504066230529,-0.398992817633947,0.034482724601393,0.0067825508847376,0.1773351648351648,0.0265211493061476
-0.0284504066230529,-0.398992817633947,0.034482724601393,0.0067825508847376,0.1773351648351648,0.0265211493061476,-0.0638400391345558,0.8585929296464823,0.0793069653244473
0.0067825508847376,0.1773351648351648,0.0265211493061476,-0.0638400391345558,0.8585929296464823,0.0793069653244473,-0.0297560772405512,0.1328939108600124,0.0387878911683241
-0.0638400391345558,0.8585929296464823,0.0793069653244473,-0.0297560772405512,0.1328939108600124,0.0387878911683241,0.0253708349111885,-0.3994569734581925,0.0334337756901134
