feature_0,feature_1,feature_2,feature_3,feature_4,feature_5,feature_6,feature_7,feature_8
-0.0282663447314185,0.8440255052213708,0.0399086888619012,-0.0178686632397682,-0.2338284177362767,0.0249505842079074,0.0004230940484699,0.3909256480668874,0.0449646968608722
-0.0178686632397682,-0.2338284177362767,0.0249505842079074,0.0004230940484699,0.3909256480668874,0.0449646968608722,0.0072838488229758,-0.3364666372672071,0.0237927984013821
0.0004230940484699,0.3909256480668874,0.0449646968608722,0.0072838488229758,-0.3364666372672071,0.0237927984013821,-0.0261721504577064,0.0365025076302509,0.0556702326407013
0.0072838488229758,-0.3364666372672071,0.0237927984013821,-0.0261721504577064,0.0365025076302509,0.0556702326407013,0.0169588636244848,0.2767814425158945,0.0271993307629016
-0.0261721504577064,0.0365025076302509,0.0556702326407013,0.0169588636244848,0.2767814425158945,0.0271993307629016,-0.0342000873779162,-0.1704270866129564,0.0565785795231497
0.0169588636244848,0.2767814425158945,0.0271993307629016,-0.0342000873779162,-0.1704270866129564,0.0565785795231497,-0.0059506447921141,0.4168886384591743,0.0474599135064749
-0.0342000873779162,-0.1704270866129564,0.0565785795231497,-0.0059506447921141,0.4168886384591743,0.0474599135064749,0.0223748650162467,-0.3655195873340882,0.0330611109038336
