feature_0,feature_1,feature_2,feature_3,feature_4,feature_5,feature_6,feature_7,feature_8
-0.0386046256557882,0.171967351533915,0.0432537214676358,-0.0342888435612165,0.5886967659301954,0.0451973855488954,-0.0095810765066766,-0.2562229164567167,0.0231849668111872
-0.0342888435612165,0.5886967659301954,0.0451973855488954,-0.0095810765066766,-0.2562229164567167,0.0231849668111872,0.0077137527028441,-0.3574961045999594,0.0152527298190353
-0.0095810765066766,-0.2562229164567167,0.0231849668111872,0.0077137527028441,-0.3574961045999594,0.0152527298190353,-0.0132388011327876,0.212463095740194,0.031230037887754
0.0077137527028441,-0.3574961045999594,0.0152527298190353,-0.0132388011327876,0.212463095740194,0.031230037887754,-0.0060405925786194,1.5088703365510043,0.0196471830211575
-0.0132388011327876,0.212463095740194,0.031230037887754,-0.0060405925786194,1.5088703365510043,0.0196471830211575,-0.0064611027107435,-0.5743947035477218,0.0382506574874888
-0.0060405925786194,1.5088703365510043,0.0196471830211575,-0.0064611027107435,-0.5743947035477218,0.0382506574874888,0.0023178721666006,0.0433684896363562,0.0357073171320149
-0.0064611027107435,-0.5743947035477218,0.0382506574874888,0.0023178721666006,0.0433684896363562,0.0357073171320149,0.010342400054405,-0.2131761767231286,0.0247752242821932
