feature_0,feature_1,feature_2,feature_3,feature_4,feature_5,feature_6,feature_7,feature_8
0.0006940252745761,-0.1278904739574976,0.0240098982340284,0.0025433498278801,-0.2172825700561449,0.0129483888026739,-0.0134916585732489,0.3044599535335923,0.0141224948626208
0.0025433498278801,-0.2172825700561449,0.0129483888026739,-0.0134916585732489,0.3044599535335923,0.0141224948626208,-0.0246054865494456,0.2356369298598597,0.0344661482282646
-0.0134916585732489,0.3044599535335923,0.0141224948626208,-0.0246054865494456,0.2356369298598597,0.0344661482282646,0.007969257645525,-0.1716976777443777,0.0127675169899566
-0.0246054865494456,0.2356369298598597,0.0344661482282646,0.007969257645525,-0.1716976777443777,0.0127675169899566,0.0123053635826368,-0.1259523650791209,0.0136199628013354
0.007969257645525,-0.1716976777443777,0.0127675169899566,0.0123053635826368,-0.1259523650791209,0.0136199628013354,0.0028187752873134,-0.1229195595626919,0.0178677790890784
0.0123053635826368,-0.1259523650791209,0.0136199628013354,0.0028187752873134,-0.1229195595626919,0.0178677790890784,0.0187387141528372,0.2695647326405923,0.0241594211633993
0.0028187752873134,-0.1229195595626919,0.0178677790890784,0.0187387141528372,0.2695647326405923,0.0241594211633993,0.0206931332004045,0.3583022012860302,0.0132223411413236
0.0187387141528372,0.2695647326405923,0.0241594211633993,0.0206931332004045,0.3583022012860302,0.0132223411413236,-0.0051811045105516,0.0314075939939069,0.0200173123653137
