feature_0,feature_1,feature_2,feature_3,feature_4,feature_5,feature_6,feature_7,feature_8
-0.0154142714793403,0.4877851806985664,0.0164750051543355,-0.0009785103282798,0.5316867960374543,0.0197145296889866,-0.0443380900796255,0.7780632586161069,0.0480323793763193
-0.0009785103282798,0.5316867960374543,0.0197145296889866,-0.0443380900796255,0.7780632586161069,0.0480323793763193,-0.2488470348664739,1.5845831880013952,0.073981039196772
-0.0443380900796255,0.7780632586161069,0.0480323793763193,-0.2488470348664739,1.5845831880013952,0.073981039196772,0.001994148235102,-0.4733179101600154,0.0642414334297818
-0.2488470348664739,1.5845831880013952,0.073981039196772,0.001994148235102,-0.4733179101600154,0.0642414334297818,-0.0219964224077718,0.0573227424137048,0.1008279411848691
0.001994148235102,-0.4733179101600154,0.0642414334297818,-0.0219964224077718,0.0573227424137048,0.1008279411848691,-0.0115133827355068,-0.5808204950666436,0.0329154947473177
-0.0219964224077718,0.0573227424137048,0.1008279411848691,-0.0115133827355068,-0.5808204950666436,0.0329154947473177,-0.0074759718912253,0.2988932936901223,0.0310328991348082
-0.0115133827355068,-0.5808204950666436,0.0329154947473177,-0.0074759718912253,0.2988932936901223,0.0310328991348082,0.0497243615332612,0.2538945762065239,0.0466222897162824
-0.0074759718912253,0.2988932936901223,0.0310328991348082,0.0497243615332612,0.2538945762065239,0.0466222897162824,0.0266222697701756,0.0963995943204867,0.0430112788009636
