feature_0,feature_1,feature_2,feature_3,feature_4,feature_5,feature_6,feature_7,feature_8
0.0111048926258856,-0.1434651502485655,0.0314566364807753,0.0158027815943504,-0.0369374222958972,0.019471321712627,-0.0557716109606912,0.6045970729860104,0.0459474739655361
0.0158027815943504,-0.0369374222958972,0.019471321712627,-0.0557716109606912,0.6045970729860104,0.0459474739655361,-0.0149929953371382,0.3465120176997083,0.0277989096573309
-0.0557716109606912,0.6045970729860104,0.0459474739655361,-0.0149929953371382,0.3465120176997083,0.0277989096573309,0.0683281608245998,0.2478582347054108,0.0358509221617566
-0.0149929953371382,0.3465120176997083,0.0277989096573309,0.0683281608245998,0.2478582347054108,0.0358509221617566,0.0389072250916899,-0.4215473233032185,0.0345364228821071
0.0683281608245998,0.2478582347054108,0.0358509221617566,0.0389072250916899,-0.4215473233032185,0.0345364228821071,0.002863308000901,-0.2882797249104993,0.0141219384673809
0.0389072250916899,-0.4215473233032185,0.0345364228821071,0.002863308000901,-0.2882797249104993,0.0141219384673809,0.0293786442985737,0.1926752394871815,0.0272230888256393
0.002863308000901,-0.2882797249104993,0.0141219384673809,0.0293786442985737,0.1926752394871815,0.0272230888256393,0.007810272439553,-0.1510286139634061,0.0171465986440955
0.0293786442985737,0.1926752394871815,0.0272230888256393,0.007810272439553,-0.1510286139634061,0.0171465986440955,0.0038386235328597,-0.157542494070261,0.0148418231372537
