feature_0,feature_1,feature_2,feature_3,feature_4,feature_5,feature_6,feature_7,feature_8
-0.0091009496405268,-0.3030952380952381,0.015354564860752,0.0081640007578398,-0.1299965835326272,0.0097195507138988,-0.0029446804832218,0.9147849990182604,0.0121442247634988
0.0081640007578398,-0.1299965835326272,0.0097195507138988,-0.0029446804832218,0.9147849990182604,0.0121442247634988,0.0037839665292211,-0.1894995898277276,0.0155096040427338
-0.0029446804832218,0.9147849990182604,0.0121442247634988,0.0037839665292211,-0.1894995898277276,0.0155096040427338,-0.0242736396964018,0.0713562753036436,0.0345187244664888
0.0037839665292211,-0.1894995898277276,0.0155096040427338,-0.0242736396964018,0.0713562753036436,0.0345187244664888,0.0030155143405523,-0.15859707132735,0.0163002395320503
-0.0242736396964018,0.0713562753036436,0.0345187244664888,0.0030155143405523,-0.15859707132735,0.0163002395320503,0.0114618327751621,0.937684210526316,0.0132146551306215
0.0030155143405523,-0.15859707132735,0.0163002395320503,0.0114618327751621,0.937684210526316,0.0132146551306215,0.0093814113901664,-0.1547153411560191,0.02428997058934
0.0114618327751621,0.937684210526316,0.0132146551306215,0.0093814113901664,-0.1547153411560191,0.02428997058934,0.0249378290068804,-0.1847472150814053,0.0336219750180894
0.0093814113901664,-0.1547153411560191,0.02428997058934,0.0249378290068804,-0.1847472150814053,0.0336219750180894,0.0009876430292667,-0.1990750472987177,0.0199174702937205
