feature_0,feature_1,feature_2,feature_3,feature_4,feature_5,feature_6,feature_7,feature_8
-0.0015747504800091,-0.0801350936444581,0.017491497304652,-0.0070979472050368,-0.1368491321762349,0.0248945559040769,0.0144956035242764,0.2034029389017788,0.0223218524945686
-0.0070979472050368,-0.1368491321762349,0.0248945559040769,0.0144956035242764,0.2034029389017788,0.0223218524945686,0.0411040090891727,0.5071497429305913,0.0426617918086278
0.0144956035242764,0.2034029389017788,0.0223218524945686,0.0411040090891727,0.5071497429305913,0.0426617918086278,-0.0090242513257593,-0.4628751132668834,0.0225268259297905
0.0411040090891727,0.5071497429305913,0.0426617918086278,-0.0090242513257593,-0.4628751132668834,0.0225268259297905,0.0098653496523499,-0.033541728689094,0.0195761426672806
-0.0090242513257593,-0.4628751132668834,0.0225268259297905,0.0098653496523499,-0.033541728689094,0.0195761426672806,-0.0045086598487189,0.0705411233186159,0.0171135486455139
0.0098653496523499,-0.033541728689094,0.0195761426672806,-0.0045086598487189,0.0705411233186159,0.0171135486455139,0.0007547588455922,-0.1341837713408785,0.0182249472876544
-0.0045086598487189,0.0705411233186159,0.0171135486455139,0.0007547588455922,-0.1341837713408785,0.0182249472876544,-0.005562938093502,0.1708208707211698,0.0208810306899094
0.0007547588455922,-0.1341837713408785,0.0182249472876544,-0.005562938093502,0.1708208707211698,0.0208810306899094,0.0055940574890049,-0.1905572901882865,0.0133005943241367
