feature_0,feature_1,feature_2,feature_3,feature_4,feature_5,feature_6,feature_7,feature_8
0.0029179152893199,-0.1938489945471856,0.0161624480682296,0.0053141211387683,-0.1569322167346646,0.0061580873301315,-0.0051088532066932,0.1135543575158126,0.0091219950544383
0.0053141211387683,-0.1569322167346646,0.0061580873301315,-0.0051088532066932,0.1135543575158126,0.0091219950544383,-0.0021964685300718,0.0237114974077463,0.0085256541524821
-0.0051088532066932,0.1135543575158126,0.0091219950544383,-0.0021964685300718,0.0237114974077463,0.0085256541524821,-0.0132377801004076,0.3436359573992702,0.0169702223274616
-0.0021964685300718,0.0237114974077463,0.0085256541524821,-0.0132377801004076,0.3436359573992702,0.0169702223274616,0.0171837217866956,-0.2698021173992573,0.01860434948535
-0.0132377801004076,0.3436359573992702,0.0169702223274616,0.0171837217866956,-0.2698021173992573,0.01860434948535,0.0116178621487519,0.1640414468440429,0.011822193287037
0.0171837217866956,-0.2698021173992573,0.01860434948535,0.0116178621487519,0.1640414468440429,0.011822193287037,0.0070899526057961,-0.090384427271838,0.0139467971908916
0.0116178621487519,0.1640414468440429,0.011822193287037,0.0070899526057961,-0.090384427271838,0.0139467971908916,0.0153308771306817,0.2308491952539699,0.014194527281386
0.0070899526057961,-0.090384427271838,0.0139467971908916,0.0153308771306817,0.2308491952539699,0.014194527281386,0.0079938359771496,0.2840667501528964,0.0130363859664337
