feature_0,feature_1,feature_2,feature_3,feature_4,feature_5,feature_6,feature_7,feature_8
-0.0111153629072795,0.1240447131287783,0.0210367936997596,0.0142375735273705,0.1075904409153178,0.0179977330657373,0.0251200737828432,0.7802743993220185,0.0281273210957132
0.0142375735273705,0.1075904409153178,0.0179977330657373,0.0251200737828432,0.7802743993220185,0.0281273210957132,-0.0028828540706473,-0.4236732068189128,0.0178311418952189
0.0251200737828432,0.7802743993220185,0.0281273210957132,-0.0028828540706473,-0.4236732068189128,0.0178311418952189,-0.0173472820324146,-0.2170554749413997,0.0225175565491198
-0.0028828540706473,-0.4236732068189128,0.0178311418952189,-0.0173472820324146,-0.2170554749413997,0.0225175565491198,0.0014711520511774,0.0702839872262772,0.0125415029484753
-0.0173472820324146,-0.2170554749413997,0.0225175565491198,0.0014711520511774,0.0702839872262772,0.0125415029484753,0.0047741263427183,0.1517436129685376,0.0102903600171485
0.0014711520511774,0.0702839872262772,0.0125415029484753,0.0047741263427183,0.1517436129685376,0.0102903600171485,-0.0011107803684067,-0.1294844216223718,0.0126112820524431
0.0047741263427183,0.1517436129685376,0.0102903600171485,-0.0011107803684067,-0.1294844216223718,0.0126112820524431,0.025574555773923,0.0611664673840839,0.0232730356563576
-0.0011107803684067,-0.1294844216223718,0.0126112820524431,0.025574555773923,0.0611664673840839,0.0232730356563576,0.0050596082395444,-0.1087963542579563,0.0145032494429579
