feature_0,feature_1,feature_2,feature_3,feature_4,feature_5,feature_6,feature_7,feature_8
-0.0184271922716328,0.5071461861115427,0.0264546465365665,0.0175381060957895,-0.2174921403906612,0.0262265086201046,0.015293743565224,0.0756767437265362,0.0344572573518408
0.0175381060957895,-0.2174921403906612,0.0262265086201046,0.015293743565224,0.0756767437265362,0.0344572573518408,0.0461463916730411,0.5072250795983346,0.0515752204874319
0.015293743565224,0.0756767437265362,0.0344572573518408,0.0461463916730411,0.5072250795983346,0.0515752204874319,-0.0272741340816925,-0.5548830029249269,0.029858975184557
0.0461463916730411,0.5072250795983346,0.0515752204874319,-0.0272741340816925,-0.5548830029249269,0.029858975184557,0.013549721740897,0.1985945057953819,0.0310754223056822
-0.0272741340816925,-0.5548830029249269,0.029858975184557,0.013549721740897,0.1985945057953819,0.0310754223056822,0.0053318154133945,-0.2617832939922333,0.022879396431177
0.013549721740897,0.1985945057953819,0.0310754223056822,0.0053318154133945,-0.2617832939922333,0.022879396431177,0.0186779216475678,0.2400206291903042,0.0239852019777773
0.0053318154133945,-0.2617832939922333,0.022879396431177,0.0186779216475678,0.2400206291903042,0.0239852019777773,-0.0090545141394909,-0.1711029778738978,0.0143786224306882
0.0186779216475678,0.2400206291903042,0.0239852019777773,-0.0090545141394909,-0.1711029778738978,0.0143786224306882,0.0196451000508164,-0.130155544405419,0.0265015579745912
