feature_0,feature_1,feature_2,feature_3,feature_4,feature_5,feature_6,feature_7,feature_8
0.0139885946447591,0.4645492460699389,0.0434438901367209,0.0173720468481692,-0.0289156626506024,0.0235484513911308,-0.0210094891248606,-0.0476426799007444,0.0291788550589063
0.0173720468481692,-0.0289156626506024,0.0235484513911308,-0.0210094891248606,-0.0476426799007444,0.0291788550589063,0.0339432280913023,0.5583400445307689,0.0448042112321966
-0.0210094891248606,-0.0476426799007444,0.0291788550589063,0.0339432280913023,0.5583400445307689,0.0448042112321966,0.0117423678415897,0.0286061711506306,0.053021498076775
0.0339432280913023,0.5583400445307689,0.0448042112321966,0.0117423678415897,0.0286061711506306,0.053021498076775,-0.0022068313483913,-0.4454427237262087,0.0322129160535903
0.0117423678415897,0.0286061711506306,0.053021498076775,-0.0022068313483913,-0.4454427237262087,0.0322129160535903,0.0186762583605695,-0.0291515668301002,0.0244703841912027
-0.0022068313483913,-0.4454427237262087,0.0322129160535903,0.0186762583605695,-0.0291515668301002,0.0244703841912027,0.0169669913561003,-0.0402371411319097,0.0251985144748939
0.0186762583605695,-0.0291515668301002,0.0244703841912027,0.0169669913561003,-0.0402371411319097,0.0251985144748939,0.0298095140663927,0.2408487760237931,0.0279447491530604
0.0169669913561003,-0.0402371411319097,0.0251985144748939,0.0298095140663927,0.2408487760237931,0.0279447491530604,0.0206538223445957,0.07831297533994,0.0269492611211848
