feature_0,feature_1,feature_2,feature_3,feature_4,feature_5,feature_6,feature_7,feature_8
-0.0089527083451759,-0.3950807071483474,0.0139312847948936,-0.0094688787861534,0.3606099110546379,0.0225695847301236,0.003406236104414,-0.116548375046694,0.0138355346486521
-0.0094688787861534,0.3606099110546379,0.0225695847301236,0.003406236104414,-0.116548375046694,0.0138355346486521,0.0082129652695566,0.2640591966173362,0.0225066298462522
0.003406236104414,-0.116548375046694,0.0138355346486521,0.0082129652695566,0.2640591966173362,0.0225066298462522,-0.0171608337220258,-0.0990132129118581,0.0200442690744573
0.0082129652695566,0.2640591966173362,0.0225066298462522,-0.0171608337220258,-0.0990132129118581,0.0200442690744573,0.0143661681898299,0.4867273064785595,0.0241909032468369
-0.0171608337220258,-0.0990132129118581,0.0200442690744573,0.0143661681898299,0.4867273064785595,0.0241909032468369,0.0798561313501562,1.861905356473967,0.0547742447064774
0.0143661681898299,0.4867273064785595,0.0241909032468369,0.0798561313501562,1.861905356473967,0.0547742447064774,0.0207828060828694,-0.2455826534618908,0.0369315008607809
0.0798561313501562,1.861905356473967,0.0547742447064774,0.0207828060828694,-0.2455826534618908,0.0369315008607809,0.0197668623454405,-0.174647235715938,0.0330438778925169
0.0207828060828694,-0.2455826534618908,0.0369315008607809,0.0197668623454405,-0.174647235715938,0.0330438778925169,0.0073657395584196,-0.1622757847533632,0.0174878991168477
