feature_0,feature_1,feature_2,feature_3,feature_4,feature_5,feature_6,feature_7,feature_8
-0.0042642472118425,-0.1507268462848094,0.0231590369547934,-0.0059400577256365,0.84055065677877,0.0238296140300445,-0.0077818587778344,-0.4315952228620174,0.0210007830479686
-0.0059400577256365,0.84055065677877,0.0238296140300445,-0.0077818587778344,-0.4315952228620174,0.0210007830479686,-0.0144259732885041,0.0577940959706273,0.0173517460256832
-0.0077818587778344,-0.4315952228620174,0.0210007830479686,-0.0144259732885041,0.0577940959706273,0.0173517460256832,-0.0133578537089442,0.2679376741829238,0.0344727291694269
-0.0144259732885041,0.0577940959706273,0.0173517460256832,-0.0133578537089442,0.2679376741829238,0.0344727291694269,0.0077774856931129,-0.1073423184901739,0.019175005729804
-0.0133578537089442,0.2679376741829238,0.0344727291694269,0.0077774856931129,-0.1073423184901739,0.019175005729804,0.0084320431622322,0.2054349894232598,0.0148761726742187
0.0077774856931129,-0.1073423184901739,0.019175005729804,0.0084320431622322,0.2054349894232598,0.0148761726742187,0.0041101359600925,-0.5004456741750385,0.0147058647320566
0.0084320431622322,0.2054349894232598,0.0148761726742187,0.0041101359600925,-0.5004456741750385,0.0147058647320566,0.0175018086858573,0.176551493411148,0.0169133844855854
0.0041101359600925,-0.5004456741750385,0.0147058647320566,0.0175018086858573,0.176551493411148,0.0169133844855854,0.0065195180079591,-0.1788095162870051,0.0103820601076755
