feature_0,feature_1,feature_2,feature_3,feature_4,feature_5,feature_6,feature_7,feature_8
0.0173659898275451,-0.2014860414404551,0.0328711035114581,-0.0046495468847294,0.0971354400791153,0.0248527222076164,-0.0416573307398095,1.1608921666538627,0.040289147009989
-0.0046495468847294,0.0971354400791153,0.0248527222076164,-0.0416573307398095,1.1608921666538627,0.040289147009989,-0.0373250657849076,0.58047283284944,0.0558339529144561
-0.0416573307398095,1.1608921666538627,0.040289147009989,-0.0373250657849076,0.58047283284944,0.0558339529144561,0.029061822685739,-0.5561715611367628,0.0216404284106704
-0.0373250657849076,0.58047283284944,0.0558339529144561,0.029061822685739,-0.5561715611367628,0.0216404284106704,0.0199845251496284,-0.039234634058987,0.0346096188797735
0.029061822685739,-0.5561715611367628,0.0216404284106704,0.0199845251496284,-0.039234634058987,0.0346096188797735,-0.0045927273526672,-0.3165418795784084,0.022973818165968
0.0199845251496284,-0.039234634058987,0.0346096188797735,-0.0045927273526672,-0.3165418795784084,0.022973818165968,0.0351179854149921,0.0514762634942524,0.0360774686455524
-0.0045927273526672,-0.3165418795784084,0.022973818165968,0.0351179854149921,0.0514762634942524,0.0360774686455524,-0.0031424381548487,0.0585869065212922,0.0340220582129286
0.0351179854149921,0.0514762634942524,0.0360774686455524,-0.0031424381548487,0.0585869065212922,0.0340220582129286,0.0119986538846199,-0.2254874767703103,0.0145649763337163
