feature_0,feature_1,feature_2,feature_3,feature_4,feature_5,feature_6,feature_7,feature_8
-0.0031876393851608,0.4180398133155538,0.0225183715976156,0.016902768267494,0.2994357872111768,0.0303587789494334,-0.0422281525982074,-0.3395533960508632,0.0389488477009377
0.016902768267494,0.2994357872111768,0.0303587789494334,-0.0422281525982074,-0.3395533960508632,0.0389488477009377,-0.0037524782051753,-0.246928073882758,0.0137051473354716
-0.0422281525982074,-0.3395533960508632,0.0389488477009377,-0.0037524782051753,-0.246928073882758,0.0137051473354716,-0.0136533344465701,-0.3746622323841198,0.0225419330817952
-0.0037524782051753,-0.246928073882758,0.0137051473354716,-0.0136533344465701,-0.3746622323841198,0.0225419330817952,0.0195702708981713,1.016951969419977,0.015676956563735
-0.0136533344465701,-0.3746622323841198,0.0225419330817952,0.0195702708981713,1.016951969419977,0.015676956563735,0.0037454515198478,-0.061964403427818,0.0140845612748753
0.0195702708981713,1.016951969419977,0.015676956563735,0.0037454515198478,-0.061964403427818,0.0140845612748753,0.0023319923493243,-0.317463106113844,0.0136471019071691
0.0037454515198478,-0.061964403427818,0.0140845612748753,0.0023319923493243,-0.317463106113844,0.0136471019071691,0.0283853170653649,0.4819819819819819,0.0391791106186561
0.0023319923493243,-0.317463106113844,0.0136471019071691,0.0283853170653649,0.4819819819819819,0.0391791106186561,0.0253393066053744,-0.1161962657403387,0.0125000308666915
