feature_0,feature_1,feature_2,feature_3,feature_4,feature_5,feature_6,feature_7,feature_8
-0.0103012982254372,-0.1642494561276287,0.0210044510022856,0.0034696074526143,0.1475054229934924,0.0233264562327941,-0.0369323115576707,-0.069640831758034,0.0392446523771075
0.0034696074526143,0.1475054229934924,0.0233264562327941,-0.0369323115576707,-0.069640831758034,0.0392446523771075,0.0037532342499548,-0.0552665799739922,0.0260425561025221
-0.0369323115576707,-0.069640831758034,0.0392446523771075,0.0037532342499548,-0.0552665799739922,0.0260425561025221,-0.0320272359642614,-0.268324156916724,0.0389282333561009
0.0037532342499548,-0.0552665799739922,0.0260425561025221,-0.0320272359642614,-0.268324156916724,0.0389282333561009,-0.0487067737583696,2.4785420340975897,0.1122050324238626
-0.0320272359642614,-0.268324156916724,0.0389282333561009,-0.0487067737583696,2.4785420340975897,0.1122050324238626,-0.0354872710743372,0.2505323643738382,0.1385915693542767
-0.0487067737583696,2.4785420340975897,0.1122050324238626,-0.0354872710743372,0.2505323643738382,0.1385915693542767,-0.0329489442177601,-0.3090520853042139,0.0606294522907997
-0.0354872710743372,0.2505323643738382,0.1385915693542767,-0.0329489442177601,-0.3090520853042139,0.0606294522907997,0.0488358390738479,-0.261549896334546,0.0558595771034951
-0.0329489442177601,-0.3090520853042139,0.0606294522907997,0.0488358390738479,-0.261549896334546,0.0558595771034951,0.0597365753716938,-0.0268051067436563,0.0541163804831534
