feature_0,feature_1,feature_2,feature_3,feature_4,feature_5,feature_6,feature_7,feature_8
-0.0079176247096465,-0.2887994895586628,0.0144406148059739,0.0008464544392545,0.0258576120673925,0.0100182458295246,-0.0078291713242877,0.1030023197385292,0.0188799746814464
0.0008464544392545,0.0258576120673925,0.0100182458295246,-0.0078291713242877,0.1030023197385292,0.0188799746814464,0.006137397988313,0.1453029356232404,0.0278859754487351
-0.0078291713242877,0.1030023197385292,0.0188799746814464,0.006137397988313,0.1453029356232404,0.0278859754487351,0.009730818104138,0.4261082298828995,0.0130055693302082
0.006137397988313,0.1453029356232404,0.0278859754487351,0.009730818104138,0.4261082298828995,0.0130055693302082,-0.0184590546369097,-0.1643348156802409,0.0315701696239919
0.009730818104138,0.4261082298828995,0.0130055693302082,-0.0184590546369097,-0.1643348156802409,0.0315701696239919,-0.0013188720381316,-0.2548932734719596,0.0169893790344076
-0.0184590546369097,-0.1643348156802409,0.0315701696239919,-0.0013188720381316,-0.2548932734719596,0.0169893790344076,-0.0012471797208156,-0.0621242352568083,0.0171619952648274
-0.0013188720381316,-0.2548932734719596,0.0169893790344076,-0.0012471797208156,-0.0621242352568083,0.0171619952648274,-0.0163813843035756,0.3813884681765347,0.0245758642802247
