feature_0,feature_1,feature_2,feature_3,feature_4,feature_5,feature_6,feature_7,feature_8
-0.0020836380032137,-0.3993750825155129,0.0087559985071363,-0.0030236512064309,0.4185961313012896,0.0127776567202422,-0.0043327448494699,-0.2194101544341717,0.0149002500297018
-0.0030236512064309,0.4185961313012896,0.0127776567202422,-0.0043327448494699,-0.2194101544341717,0.0149002500297018,0.0111690711845842,0.5180308343809965,0.0166366399499584
-0.0043327448494699,-0.2194101544341717,0.0149002500297018,0.0111690711845842,0.5180308343809965,0.0166366399499584,0.0134127157104824,0.7393208961729578,0.0115631338087917
0.0111690711845842,0.5180308343809965,0.0166366399499584,0.0134127157104824,0.7393208961729578,0.0115631338087917,-0.0126689422798194,-0.1440349843998646,0.024274256808615
0.0134127157104824,0.7393208961729578,0.0115631338087917,-0.0126689422798194,-0.1440349843998646,0.024274256808615,0.0089605788134214,-0.0860610141702775,0.0228344271472168
-0.0126689422798194,-0.1440349843998646,0.024274256808615,0.0089605788134214,-0.0860610141702775,0.0228344271472168,0.0132150293138366,0.3988115259558247,0.0211674240779802
0.0089605788134214,-0.0860610141702775,0.0228344271472168,0.0132150293138366,0.3988115259558247,0.0211674240779802,-0.0056099060078038,0.2772866761324599,0.0325682119347379
