feature_0,feature_1,feature_2,feature_3,feature_4,feature_5,feature_6,feature_7,feature_8,feature_9,feature_10,feature_11,feature_12,feature_13,feature_14
0.0119900707506248,-0.6617017889959146,0.0556290986522144,0.0051513395752553,-0.4177395668477408,0.0285901107706435,0.0196028022994729,-0.0908467603702434,0.0296239447429009,-0.0214877990088881,-0.0010234863176039,0.0290414051027139,0.0360857513738446,0.5677271501752494,0.0319727852458901
0.0051513395752553,-0.4177395668477408,0.0285901107706435,0.0196028022994729,-0.0908467603702434,0.0296239447429009,-0.0214877990088881,-0.0010234863176039,0.0290414051027139,0.0360857513738446,0.5677271501752494,0.0319727852458901,0.003966282766656,-0.3204980480506303,0.0333209038295045
0.0196028022994729,-0.0908467603702434,0.0296239447429009,-0.0214877990088881,-0.0010234863176039,0.0290414051027139,0.0360857513738446,0.5677271501752494,0.0319727852458901,0.003966282766656,-0.3204980480506303,0.0333209038295045,0.01456790500217,-0.215054035585027,0.0354192963330304
-0.0214877990088881,-0.0010234863176039,0.0290414051027139,0.0360857513738446,0.5677271501752494,0.0319727852458901,0.003966282766656,-0.3204980480506303,0.0333209038295045,0.01456790500217,-0.215054035585027,0.0354192963330304,0.0077877754596227,-0.218127297349584,0.0228029849149007
0.0360857513738446,0.5677271501752494,0.0319727852458901,0.003966282766656,-0.3204980480506303,0.0333209038295045,0.01456790500217,-0.215054035585027,0.0354192963330304,0.0077877754596227,-0.218127297349584,0.0228029849149007,-0.0001207695757947,-0.0790960451977401,0.0210448246746912
0.003966282766656,-0.3204980480506303,0.0333209038295045,0.01456790500217,-0.215054035585027,0.0354192963330304,0.0077877754596227,-0.218127297349584,0.0228029849149007,-0.0001207695757947,-0.0790960451977401,0.0210448246746912,0.0568771793664166,1.015135909721911,0.071593876530512
0.01456790500217,-0.215054035585027,0.0354192963330304,0.0077877754596227,-0.218127297349584,0.0228029849149007,-0.0001207695757947,-0.0790960451977401,0.0210448246746912,0.0568771793664166,1.015135909721911,0.071593876530512,-0.0385054301467969,-0.1392444444444444,0.0425963464839423
0.0077877754596227,-0.218127297349584,0.0228029849149007,-0.0001207695757947,-0.0790960451977401,0.0210448246746912,0.0568771793664166,1.015135909721911,0.071593876530512,-0.0385054301467969,-0.1392444444444444,0.0425963464839423,-0.0415923937793826,0.1422264677027933,0.0448168898023745
