feature_0,feature_1,feature_2,feature_3,feature_4,feature_5,feature_6,feature_7,feature_8,feature_9,feature_10,feature_11,feature_12,feature_13,feature_14
0.0060553253825446,0.0144644702100791,0.0255275093550981,0.0153208866237144,0.0955075251782278,0.021279999448119,-0.0036184184529433,-0.2868505319698378,0.009374691147562,-0.0156853963763254,0.4860950173812282,0.0206565917351699,0.0103619966671739,0.1812865497076023,0.0163068538334491
0.0153208866237144,0.0955075251782278,0.021279999448119,-0.0036184184529433,-0.2868505319698378,0.009374691147562,-0.0156853963763254,0.4860950173812282,0.0206565917351699,0.0103619966671739,0.1812865497076023,0.0163068538334491,-0.0170150871573999,-0.2389438943894389,0.0314954472398781
-0.0036184184529433,-0.2868505319698378,0.009374691147562,-0.0156853963763254,0.4860950173812282,0.0206565917351699,0.0103619966671739,0.1812865497076023,0.0163068538334491,-0.0170150871573999,-0.2389438943894389,0.0314954472398781,-0.0215775858456908,0.2630095403295751,0.0208485419389258
-0.0156853963763254,0.4860950173812282,0.0206565917351699,0.0103619966671739,0.1812865497076023,0.0163068538334491,-0.0170150871573999,-0.2389438943894389,0.0314954472398781,-0.0215775858456908,0.2630095403295751,0.0208485419389258,0.0217303482511941,-0.3524463519313304,0.0234369201715099
0.0103619966671739,0.1812865497076023,0.0163068538334491,-0.0170150871573999,-0.2389438943894389,0.0314954472398781,-0.0215775858456908,0.2630095403295751,0.0208485419389258,0.0217303482511941,-0.3524463519313304,0.0234369201715099,0.0068785366845498,0.0815217391304348,0.0204032639968711
-0.0170150871573999,-0.2389438943894389,0.0314954472398781,-0.0215775858456908,0.2630095403295751,0.0208485419389258,0.0217303482511941,-0.3524463519313304,0.0234369201715099,0.0068785366845498,0.0815217391304348,0.0204032639968711,0.0310168907314825,0.1554112023532294,0.0384342657489005
-0.0215775858456908,0.2630095403295751,0.0208485419389258,0.0217303482511941,-0.3524463519313304,0.0234369201715099,0.0068785366845498,0.0815217391304348,0.0204032639968711,0.0310168907314825,0.1554112023532294,0.0384342657489005,0.0076161939544205,0.1855309218203034,0.0354902799043482
0.0217303482511941,-0.3524463519313304,0.0234369201715099,0.0068785366845498,0.0815217391304348,0.0204032639968711,0.0310168907314825,0.1554112023532294,0.0384342657489005,0.0076161939544205,0.1855309218203034,0.0354902799043482,-0.0479214618122565,0.0544917680744452,0.0521676348901642
