feature_0,feature_1,feature_2,feature_3,feature_4,feature_5,feature_6,feature_7,feature_8,feature_9,feature_10,feature_11,feature_12,feature_13,feature_14
0.0105665321720915,0.386307396205664,0.0250597537358201,0.0077559909552933,0.6625347084490281,0.0144894451413976,-0.0111167688186401,-0.4062033999403519,0.0178364718652589,-0.011011198867658,0.0963335007533903,0.0128938552658404,0.0078693812495425,0.0975810885101704,0.0149122985482913
0.0077559909552933,0.6625347084490281,0.0144894451413976,-0.0111167688186401,-0.4062033999403519,0.0178364718652589,-0.011011198867658,0.0963335007533903,0.0128938552658404,0.0078693812495425,0.0975810885101704,0.0149122985482913,0.0234239902035844,0.1068536605726688,0.0279364867987913
-0.0111167688186401,-0.4062033999403519,0.0178364718652589,-0.011011198867658,0.0963335007533903,0.0128938552658404,0.0078693812495425,0.0975810885101704,0.0149122985482913,0.0234239902035844,0.1068536605726688,0.0279364867987913,-0.0109636069531179,0.0715740251904366,0.0150457069685788
-0.011011198867658,0.0963335007533903,0.0128938552658404,0.0078693812495425,0.0975810885101704,0.0149122985482913,0.0234239902035844,0.1068536605726688,0.0279364867987913,-0.0109636069531179,0.0715740251904366,0.0150457069685788,-0.0171418788585655,0.0797438063063062,0.0242792328179209
0.0078693812495425,0.0975810885101704,0.0149122985482913,0.0234239902035844,0.1068536605726688,0.0279364867987913,-0.0109636069531179,0.0715740251904366,0.0150457069685788,-0.0171418788585655,0.0797438063063062,0.0242792328179209,-0.0019765699838418,-0.3841340199465485,0.0167158994686461
0.0234239902035844,0.1068536605726688,0.0279364867987913,-0.0109636069531179,0.0715740251904366,0.0150457069685788,-0.0171418788585655,0.0797438063063062,0.0242792328179209,-0.0019765699838418,-0.3841340199465485,0.0167158994686461,0.0226596800838174,0.1559060118543607,0.0351495653671329
-0.0109636069531179,0.0715740251904366,0.0150457069685788,-0.0171418788585655,0.0797438063063062,0.0242792328179209,-0.0019765699838418,-0.3841340199465485,0.0167158994686461,0.0226596800838174,0.1559060118543607,0.0351495653671329,-0.013898325306301,0.2789121875286147,0.0375290107294781
-0.0171418788585655,0.0797438063063062,0.0242792328179209,-0.0019765699838418,-0.3841340199465485,0.0167158994686461,0.0226596800838174,0.1559060118543607,0.0351495653671329,-0.013898325306301,0.2789121875286147,0.0375290107294781,-0.0287084259607066,0.0285673372950525,0.040567092134838
