feature_0,feature_1,feature_2,feature_3,feature_4,feature_5,feature_6,feature_7,feature_8,feature_9,feature_10,feature_11,feature_12,feature_13,feature_14
0.0006192145619927,0.1001654575537736,0.0130272378126402,-0.0077350961225347,0.1416011105969459,0.0196690943529616,-0.009042705060577,-0.6040737738143493,0.018313859245621,0.0034612245664751,0.035065267468646,0.0154331237312376,0.0122295042678484,0.3993570722057369,0.0202147628784891
-0.0077350961225347,0.1416011105969459,0.0196690943529616,-0.009042705060577,-0.6040737738143493,0.018313859245621,0.0034612245664751,0.035065267468646,0.0154331237312376,0.0122295042678484,0.3993570722057369,0.0202147628784891,-0.00743482303274,-0.1521470224421276,0.0248037362234484
-0.009042705060577,-0.6040737738143493,0.018313859245621,0.0034612245664751,0.035065267468646,0.0154331237312376,0.0122295042678484,0.3993570722057369,0.0202147628784891,-0.00743482303274,-0.1521470224421276,0.0248037362234484,-0.010923889744474,0.6661108795331387,0.0242501058657603
0.0034612245664751,0.035065267468646,0.0154331237312376,0.0122295042678484,0.3993570722057369,0.0202147628784891,-0.00743482303274,-0.1521470224421276,0.0248037362234484,-0.010923889744474,0.6661108795331387,0.0242501058657603,0.0053645162850568,-0.2847135351513635,0.0168521070410092
0.0122295042678484,0.3993570722057369,0.0202147628784891,-0.00743482303274,-0.1521470224421276,0.0248037362234484,-0.010923889744474,0.6661108795331387,0.0242501058657603,0.0053645162850568,-0.2847135351513635,0.0168521070410092,0.0006277060476183,-0.2311997201818817,0.0152091716637369
-0.00743482303274,-0.1521470224421276,0.0248037362234484,-0.010923889744474,0.6661108795331387,0.0242501058657603,0.0053645162850568,-0.2847135351513635,0.0168521070410092,0.0006277060476183,-0.2311997201818817,0.0152091716637369,-0.001882056887998,0.3644222020018197,0.0268713448205021
-0.010923889744474,0.6661108795331387,0.0242501058657603,0.0053645162850568,-0.2847135351513635,0.0168521070410092,0.0006277060476183,-0.2311997201818817,0.0152091716637369,-0.001882056887998,0.3644222020018197,0.0268713448205021,-0.0226272684624432,0.2044014671557186,0.0241779493530694
0.0053645162850568,-0.2847135351513635,0.0168521070410092,0.0006277060476183,-0.2311997201818817,0.0152091716637369,-0.001882056887998,0.3644222020018197,0.0268713448205021,-0.0226272684624432,0.2044014671557186,0.0241779493530694,-0.0109324504414715,-0.02062569213732,0.0196078553591477
