feature_0,feature_1,feature_2,feature_3,feature_4,feature_5,feature_6,feature_7,feature_8,feature_9,feature_10,feature_11,feature_12,feature_13,feature_14
0.0170483603977327,-0.0236341236517235,0.0312978949805302,-0.0053081351162905,-0.0503952823629387,0.0286104251700504,0.0018537345418192,0.2421358064866037,0.0215358635164638,-0.0286515303362854,-0.2912564130553433,0.021089667064301,0.0130454539088842,-0.1026059635288318,0.0212101843312526
-0.0053081351162905,-0.0503952823629387,0.0286104251700504,0.0018537345418192,0.2421358064866037,0.0215358635164638,-0.0286515303362854,-0.2912564130553433,0.021089667064301,0.0130454539088842,-0.1026059635288318,0.0212101843312526,-0.0012535682091345,-0.0792571997391274,0.0247282941333645
0.0018537345418192,0.2421358064866037,0.0215358635164638,-0.0286515303362854,-0.2912564130553433,0.021089667064301,0.0130454539088842,-0.1026059635288318,0.0212101843312526,-0.0012535682091345,-0.0792571997391274,0.0247282941333645,-0.0155180353699568,0.2754249925439904,0.0300474726831204
-0.0286515303362854,-0.2912564130553433,0.021089667064301,0.0130454539088842,-0.1026059635288318,0.0212101843312526,-0.0012535682091345,-0.0792571997391274,0.0247282941333645,-0.0155180353699568,0.2754249925439904,0.0300474726831204,0.0093880107794821,-0.2541213609259909,0.0243874192476913
0.0130454539088842,-0.1026059635288318,0.0212101843312526,-0.0012535682091345,-0.0792571997391274,0.0247282941333645,-0.0155180353699568,0.2754249925439904,0.0300474726831204,0.0093880107794821,-0.2541213609259909,0.0243874192476913,0.0273854889943636,0.2876400971862998,0.0467611482090117
-0.0012535682091345,-0.0792571997391274,0.0247282941333645,-0.0155180353699568,0.2754249925439904,0.0300474726831204,0.0093880107794821,-0.2541213609259909,0.0243874192476913,0.0273854889943636,0.2876400971862998,0.0467611482090117,0.0407935354917563,0.2113336173838942,0.0587443273954214
-0.0155180353699568,0.2754249925439904,0.0300474726831204,0.0093880107794821,-0.2541213609259909,0.0243874192476913,0.0273854889943636,0.2876400971862998,0.0467611482090117,0.0407935354917563,0.2113336173838942,0.0587443273954214,0.0172885971581375,-0.1066529320134667,0.0380299255975604
0.0093880107794821,-0.2541213609259909,0.0243874192476913,0.0273854889943636,0.2876400971862998,0.0467611482090117,0.0407935354917563,0.2113336173838942,0.0587443273954214,0.0172885971581375,-0.1066529320134667,0.0380299255975604,-0.0222199117894299,-0.3564136456956436,0.0352019738687607
