feature_0,feature_1,feature_2,feature_3,feature_4,feature_5,feature_6,feature_7,feature_8
0.0077919139604987,-0.2813240370946998,0.0126117686164396,-0.0104604684578525,-0.1583309786191956,0.0144810306390198,0.0070090844410843,0.2090420769919427,0.0191171541252652
-0.0104604684578525,-0.1583309786191956,0.0144810306390198,0.0070090844410843,0.2090420769919427,0.0191171541252652,0.0162026264129919,0.6727138097001111,0.0173042387958897
0.0070090844410843,0.2090420769919427,0.0191171541252652,0.0162026264129919,0.6727138097001111,0.0173042387958897,0.0169548863420641,-0.3441235059760956,0.0179633825036835
0.0162026264129919,0.6727138097001111,0.0173042387958897,0.0169548863420641,-0.3441235059760956,0.0179633825036835,0.0170034329327191,0.4722854973424448,0.0182297793390693
0.0169548863420641,-0.3441235059760956,0.0179633825036835,0.0170034329327191,0.4722854973424448,0.0182297793390693,0.0001085890366323,0.77794968769698,0.0149678003370837
0.0170034329327191,0.4722854973424448,0.0182297793390693,0.0001085890366323,0.77794968769698,0.0149678003370837,-0.0072731847412444,-0.5612853321300803,0.0088727960397684
0.0001085890366323,0.77794968769698,0.0149678003370837,-0.0072731847412444,-0.5612853321300803,0.0088727960397684,0.0225260279577066,-0.0962386129885395,0.0183695917544156
-0.0072731847412444,-0.5612853321300803,0.0088727960397684,0.0225260279577066,-0.0962386129885395,0.0183695917544156,0.0035289722395619,0.2346772882458137,0.0181602017769038
