feature_0,feature_1,feature_2,feature_3,feature_4,feature_5,feature_6,feature_7,feature_8
0.0338155835874804,0.5586178527354997,0.0487216045461538,-0.0607652148895923,0.7983636843494326,0.0775356283410639,-0.0046716576311013,-0.4473143528030525,0.0215076258271076
-0.0607652148895923,0.7983636843494326,0.0775356283410639,-0.0046716576311013,-0.4473143528030525,0.0215076258271076,-0.0040892663269795,-0.3185077004779607,0.0256696595338862
-0.0046716576311013,-0.4473143528030525,0.0215076258271076,-0.0040892663269795,-0.3185077004779607,0.0256696595338862,0.0189589700469432,-0.0751996882914475,0.0254779515001158
-0.0040892663269795,-0.3185077004779607,0.0256696595338862,0.0189589700469432,-0.0751996882914475,0.0254779515001158,-0.001541758361617,0.1537813355803665,0.0184489195958245
0.0189589700469432,-0.0751996882914475,0.0254779515001158,-0.001541758361617,0.1537813355803665,0.0184489195958245,-0.0080365272743279,0.6346540076684317,0.0360930133313811
-0.001541758361617,0.1537813355803665,0.0184489195958245,-0.0080365272743279,0.6346540076684317,0.0360930133313811,0.0514399220142336,0.2347816374399642,0.0579191810145621
-0.0080365272743279,0.6346540076684317,0.0360930133313811,0.0514399220142336,0.2347816374399642,0.0579191810145621,0.0161506985054395,-0.3701492537313433,0.022498493038596
0.0514399220142336,0.2347816374399642,0.0579191810145621,0.0161506985054395,-0.3701492537313433,0.022498493038596,0.0104304433658422,-0.1341375843745511,0.0178121099956806
