feature_0,feature_1,feature_2,feature_3,feature_4,feature_5,feature_6,feature_7,feature_8
-0.0016299963721534,-0.2459448072466821,0.0120533922297624,0.0002578494328102,-0.1713926526051125,0.0155844420065612,8.588192401570716e-05,0.3086648685097775,0.0113243218805139
0.0002578494328102,-0.1713926526051125,0.0155844420065612,8.588192401570716e-05,0.3086648685097775,0.0113243218805139,-0.0134868997072374,-0.0812830091459487,0.0252654174645605
8.588192401570716e-05,0.3086648685097775,0.0113243218805139,-0.0134868997072374,-0.0812830091459487,0.0252654174645605,-0.0099268736438641,0.2418676388109926,0.0206002454115071
-0.0134868997072374,-0.0812830091459487,0.0252654174645605,-0.0099268736438641,0.2418676388109926,0.0206002454115071,0.0064204353932584,-0.1057920289036919,0.0138962345950979
-0.0099268736438641,0.2418676388109926,0.0206002454115071,0.0064204353932584,-0.1057920289036919,0.0138962345950979,0.0074281507347453,7.635984848484849,0.0127055873113165
0.0064204353932584,-0.1057920289036919,0.0138962345950979,0.0074281507347453,7.635984848484849,0.0127055873113165,-0.0278452872903873,-0.7962922350395485,0.0398050004176575
0.0074281507347453,7.635984848484849,0.0127055873113165,-0.0278452872903873,-0.7962922350395485,0.0398050004176575,0.0218612245665672,-0.1350032297423383,0.0311039118205482
-0.0278452872903873,-0.7962922350395485,0.0398050004176575,0.0218612245665672,-0.1350032297423383,0.0311039118205482,0.000698613377944,-0.3503153003650846,0.0175852533085742
