feature_0,feature_1,feature_2,feature_3,feature_4,feature_5,feature_6,feature_7,feature_8
0.0186543038589499,-0.147042242616192,0.0300635693794113,-0.0199120739135751,-0.0342297109465861,0.0198019653635099,-0.0135443716025546,0.0040033718788825,0.0171033125422891
-0.0199120739135751,-0.0342297109465861,0.0198019653635099,-0.0135443716025546,0.0040033718788825,0.0171033125422891,0.0213399687176705,0.2379690251765518,0.0275500216101538
-0.0135443716025546,0.0040033718788825,0.0171033125422891,0.0213399687176705,0.2379690251765518,0.0275500216101538,0.0091512408211171,-0.1578821750124063,0.0229481850389594
0.0213399687176705,0.2379690251765518,0.0275500216101538,0.0091512408211171,-0.1578821750124063,0.0229481850389594,-0.0075435706074261,-0.0156920408913483,0.03000003001729
0.0091512408211171,-0.1578821750124063,0.0229481850389594,-0.0075435706074261,-0.0156920408913483,0.03000003001729,-0.0064687871628437,0.0641194867248058,0.0127346739477041
-0.0075435706074261,-0.0156920408913483,0.03000003001729,-0.0064687871628437,0.0641194867248058,0.0127346739477041,0.0069178129753539,-0.1755648907726023,0.0146794599742695
-0.0064687871628437,0.0641194867248058,0.0127346739477041,0.0069178129753539,-0.1755648907726023,0.0146794599742695,0.0076786347067028,-0.1237980417707903,0.0193115655170852
0.0069178129753539,-0.1755648907726023,0.0146794599742695,0.0076786347067028,-0.1237980417707903,0.0193115655170852,0.0107484520223306,0.1981374545211789,0.0289890509806705
