feature_0,feature_1,feature_2,feature_3,feature_4,feature_5,feature_6,feature_7,feature_8
0.021257684500787,-0.0162340130837352,0.0291616540503032,-0.0204972406342677,-0.1774954469392007,0.0192604230671222,-0.0133832480844413,-0.056785917092561,0.0165631469979294
-0.0204972406342677,-0.1774954469392007,0.0192604230671222,-0.0133832480844413,-0.056785917092561,0.0165631469979294,0.0222788797661672,0.4645203764742571,0.0250610398113474
-0.0133832480844413,-0.056785917092561,0.0165631469979294,0.0222788797661672,0.4645203764742571,0.0250610398113474,0.0086851977515922,-0.2560576351489233,0.0219806883311601
0.0222788797661672,0.4645203764742571,0.0250610398113474,0.0086851977515922,-0.2560576351489233,0.0219806883311601,-0.006298349206578,0.0825293086381471,0.0283993643185218
0.0086851977515922,-0.2560576351489233,0.0219806883311601,-0.006298349206578,0.0825293086381471,0.0283993643185218,-0.0101892397200458,0.5258072690015314,0.0146222832986974
-0.006298349206578,0.0825293086381471,0.0283993643185218,-0.0101892397200458,0.5258072690015314,0.0146222832986974,0.0081055664722373,-0.3978719000308072,0.0141119044663699
-0.0101892397200458,0.5258072690015314,0.0146222832986974,0.0081055664722373,-0.3978719000308072,0.0141119044663699,0.0069149414496292,-0.2260519552157073,0.0192601873892212
0.0081055664722373,-0.3978719000308072,0.0141119044663699,0.0069149414496292,-0.2260519552157073,0.0192601873892212,0.0111793831448556,0.1709550468950129,0.0290239643838903
