feature_0,feature_1,feature_2,feature_3,feature_4,feature_5,feature_6,feature_7,feature_8
0.0016572824732723,-0.0793184671737348,0.0244966935662568,0.0119126779538969,0.093173442131482,0.0243009161114571,0.0078481827665093,0.1758149988659092,0.0248935542675657
0.0119126779538969,0.093173442131482,0.0243009161114571,0.0078481827665093,0.1758149988659092,0.0248935542675657,-0.0162231721334445,-0.0951099108262383,0.0206942876561944
0.0078481827665093,0.1758149988659092,0.0248935542675657,-0.0162231721334445,-0.0951099108262383,0.0206942876561944,-0.0039577741242237,-0.0463372093023255,0.031176678094347
-0.0162231721334445,-0.0951099108262383,0.0206942876561944,-0.0039577741242237,-0.0463372093023255,0.031176678094347,-0.0155629531502252,0.1670426141559471,0.0240384215459126
-0.0039577741242237,-0.0463372093023255,0.031176678094347,-0.0155629531502252,0.1670426141559471,0.0240384215459126,-0.0363268562311244,1.0224538125337372,0.0319971810943659
-0.0155629531502252,0.1670426141559471,0.0240384215459126,-0.0363268562311244,1.0224538125337372,0.0319971810943659,0.0471204068570725,-0.5326933425170581,0.0529063864247232
-0.0363268562311244,1.0224538125337372,0.0319971810943659,0.0471204068570725,-0.5326933425170581,0.0529063864247232,0.054666576791162,0.1565318323768112,0.0527523127851727
0.0471204068570725,-0.5326933425170581,0.0529063864247232,0.054666576791162,0.1565318323768112,0.0527523127851727,-0.0151705712824672,-0.109849058106655,0.046925529886456
