feature_0,feature_1,feature_2,feature_3,feature_4,feature_5,feature_6,feature_7,feature_8
-0.0082625376279107,-0.154788113292861,0.0289117799045544,-0.0104325941121538,-0.1655426441569831,0.0188332986881533,-0.0091513663807228,-0.0984666155188178,0.0094018674507374
-0.0104325941121538,-0.1655426441569831,0.0188332986881533,-0.0091513663807228,-0.0984666155188178,0.0094018674507374,0.002438075326095,-0.012298904173467,0.0125576045356859
-0.0091513663807228,-0.0984666155188178,0.0094018674507374,0.002438075326095,-0.012298904173467,0.0125576045356859,0.0093610848439493,0.0126763056948953,0.0145248186225846
0.002438075326095,-0.012298904173467,0.0125576045356859,0.0093610848439493,0.0126763056948953,0.0145248186225846,0.0037973646544429,-0.1375307404515203,0.0124981392063255
0.0093610848439493,0.0126763056948953,0.0145248186225846,0.0037973646544429,-0.1375307404515203,0.0124981392063255,-0.0127310568182069,0.921634076136164,0.0181547808944513
0.0037973646544429,-0.1375307404515203,0.0124981392063255,-0.0127310568182069,0.921634076136164,0.0181547808944513,0.0137795112863199,-0.1386648288665883,0.0205241701139289
-0.0127310568182069,0.921634076136164,0.0181547808944513,0.0137795112863199,-0.1386648288665883,0.0205241701139289,0.0210058890715816,0.054628881214229,0.0153581128598502
0.0137795112863199,-0.1386648288665883,0.0205241701139289,0.0210058890715816,0.054628881214229,0.0153581128598502,-0.0098242176068535,-0.3410414021614592,0.0143342913020154
