feature_0,feature_1,feature_2,feature_3,feature_4,feature_5,feature_6,feature_7,feature_8
0.0205356863940397,-0.1553506806824056,0.0274043682853215,0.0133732783421192,0.2683872283994695,0.0174570226657352,-0.0053033456995071,0.0299983915071577,0.0127149916173668
0.0133732783421192,0.2683872283994695,0.0174570226657352,-0.0053033456995071,0.0299983915071577,0.0127149916173668,-0.0168629957513128,-0.0694151635824158,0.0374446422542779
-0.0053033456995071,0.0299983915071577,0.0127149916173668,-0.0168629957513128,-0.0694151635824158,0.0374446422542779,0.0127381067747029,0.1990266823292499,0.0190392407352538
-0.0168629957513128,-0.0694151635824158,0.0374446422542779,0.0127381067747029,0.1990266823292499,0.0190392407352538,-0.0132006438226178,-0.4899930020993701,0.0213384154864384
0.0127381067747029,0.1990266823292499,0.0190392407352538,-0.0132006438226178,-0.4899930020993701,0.0213384154864384,-0.0148915032246029,0.8240944017563117,0.0170709041091596
-0.0132006438226178,-0.4899930020993701,0.0213384154864384,-0.0148915032246029,0.8240944017563117,0.0170709041091596,0.0052524128230684,-0.2810290356551828,0.0120651362832481
-0.0148915032246029,0.8240944017563117,0.0170709041091596,0.0052524128230684,-0.2810290356551828,0.0120651362832481,0.0384861220576082,-0.1430215526260724,0.0325192931104722
0.0052524128230684,-0.2810290356551828,0.0120651362832481,0.0384861220576082,-0.1430215526260724,0.0325192931104722,-0.0101852823606081,-0.1998534977414234,0.018853840130027
