feature_0,feature_1,feature_2,feature_3,feature_4,feature_5,feature_6,feature_7,feature_8
-0.0032085366564672,-0.3125,0.0134989197527367,-0.0091203065541703,0.5256577233654598,0.013008117137873,-0.0075798490132324,-0.0146832849581697,0.0131940497015822
-0.0091203065541703,0.5256577233654598,0.013008117137873,-0.0075798490132324,-0.0146832849581697,0.0131940497015822,-0.0005454624402677,-0.0081441691214694,0.01645645375438
-0.0075798490132324,-0.0146832849581697,0.0131940497015822,-0.0005454624402677,-0.0081441691214694,0.01645645375438,0.0174672839897676,-0.2189028651292802,0.020776333611006
-0.0005454624402677,-0.0081441691214694,0.01645645375438,0.0174672839897676,-0.2189028651292802,0.020776333611006,0.0150214369331949,0.654887049876985,0.0138963250456601
0.0174672839897676,-0.2189028651292802,0.020776333611006,0.0150214369331949,0.654887049876985,0.0138963250456601,-0.023255809192846,0.7073928909312068,0.0300710338725911
0.0150214369331949,0.654887049876985,0.0138963250456601,-0.023255809192846,0.7073928909312068,0.0300710338725911,0.0216450647408072,-0.2734109079395235,0.0271739136068491
-0.023255809192846,0.7073928909312068,0.0300710338725911,0.0216450647408072,-0.2734109079395235,0.0271739136068491,0.0068855681752793,-0.4011330210262556,0.0213219410261231
0.0216450647408072,-0.2734109079395235,0.0271739136068491,0.0068855681752793,-0.4011330210262556,0.0213219410261231,-0.0099947975384726,-0.0050936874658904,0.013297872880078
