feature_0,feature_1,feature_2,feature_3,feature_4,feature_5,feature_6,feature_7,feature_8
-0.0080410787006366,0.278853712570571,0.0156285074260877,0.0020264733182395,0.0317965912265996,0.0194350420418434,-0.0368537302273442,-0.0995450606585788,0.0439663503721069
0.0020264733182395,0.0317965912265996,0.0194350420418434,-0.0368537302273442,-0.0995450606585788,0.0439663503721069,-0.0011666282277255,0.3388668350775894,0.0251721097893589
-0.0368537302273442,-0.0995450606585788,0.0439663503721069,-0.0011666282277255,0.3388668350775894,0.0251721097893589,0.0016349578004652,-0.3201707097933512,0.0240762408382476
-0.0011666282277255,0.3388668350775894,0.0251721097893589,0.0016349578004652,-0.3201707097933512,0.0240762408382476,0.0062968172700708,0.2123835326769312,0.0189517437244708
0.0016349578004652,-0.3201707097933512,0.0240762408382476,0.0062968172700708,0.2123835326769312,0.0189517437244708,-0.000231833388692,6.179484384368017,0.0182243599976221
0.0062968172700708,0.2123835326769312,0.0189517437244708,-0.000231833388692,6.179484384368017,0.0182243599976221,0.0090402793192134,-0.8054083600309743,0.0278298056154735
-0.000231833388692,6.179484384368017,0.0182243599976221,0.0090402793192134,-0.8054083600309743,0.0278298056154735,0.0404319217478086,-0.1688514357053683,0.0273507920109688
0.0090402793192134,-0.8054083600309743,0.0278298056154735,0.0404319217478086,-0.1688514357053683,0.0273507920109688,-0.0139103205799552,-0.4199211415696583,0.0159407065531771
