feature_0,feature_1,feature_2,feature_3,feature_4,feature_5,feature_6,feature_7,feature_8,feature_9,feature_10,feature_11,feature_12,feature_13,feature_14
0.0291116763359977,0.6817687567959405,0.0252667891259534,-0.0093853148731236,-0.27,0.0231686540693272,-0.0029356980722696,-0.1397024090694378,0.0189592037198041,-0.0041487895279618,-0.1594371997254633,0.0158986834514714,-0.0095418180207499,0.7597779047930104,0.0188781670718303
-0.0093853148731236,-0.27,0.0231686540693272,-0.0029356980722696,-0.1397024090694378,0.0189592037198041,-0.0041487895279618,-0.1594371997254633,0.0158986834514714,-0.0095418180207499,0.7597779047930104,0.0188781670718303,-0.023609198586419,-0.0447754268745359,0.0293500822439098
-0.0029356980722696,-0.1397024090694378,0.0189592037198041,-0.0041487895279618,-0.1594371997254633,0.0158986834514714,-0.0095418180207499,0.7597779047930104,0.0188781670718303,-0.023609198586419,-0.0447754268745359,0.0293500822439098,-0.0168148846562971,0.1697673288968766,0.022222217422729
-0.0041487895279618,-0.1594371997254633,0.0158986834514714,-0.0095418180207499,0.7597779047930104,0.0188781670718303,-0.023609198586419,-0.0447754268745359,0.0293500822439098,-0.0168148846562971,0.1697673288968766,0.022222217422729,0.0152650435484762,0.3741798853915787,0.0219440887375149
-0.0095418180207499,0.7597779047930104,0.0188781670718303,-0.023609198586419,-0.0447754268745359,0.0293500822439098,-0.0168148846562971,0.1697673288968766,0.022222217422729,0.0152650435484762,0.3741798853915787,0.0219440887375149,0.0015314020262771,-0.360740942193213,0.0185367183232002
-0.023609198586419,-0.0447754268745359,0.0293500822439098,-0.0168148846562971,0.1697673288968766,0.022222217422729,0.0152650435484762,0.3741798853915787,0.0219440887375149,0.0015314020262771,-0.360740942193213,0.0185367183232002,0.0082012276601068,0.1858662254786103,0.0183575889488392
-0.0168148846562971,0.1697673288968766,0.022222217422729,0.0152650435484762,0.3741798853915787,0.0219440887375149,0.0015314020262771,-0.360740942193213,0.0185367183232002,0.0082012276601068,0.1858662254786103,0.0183575889488392,0.0148904156794631,0.937019173276996,0.0200054757324107
