feature_0,feature_1,feature_2,feature_3,feature_4,feature_5,feature_6,feature_7,feature_8,feature_9,feature_10,feature_11,feature_12,feature_13,feature_14
0.0199982019969027,-0.2872282902562993,0.0233407817067441,-0.002875410799917,0.0490062206038537,0.013125656423018,-0.0091760240370462,-0.0237199884292739,0.0179518813797842,0.0085553044630222,-0.0361481481481481,0.016405126882917,-0.0249235324020583,0.3813403012603751,0.0374033086410405
-0.002875410799917,0.0490062206038537,0.013125656423018,-0.0091760240370462,-0.0237199884292739,0.0179518813797842,0.0085553044630222,-0.0361481481481481,0.016405126882917,-0.0249235324020583,0.3813403012603751,0.0374033086410405,-0.0359640279242524,-0.0173584065872927,0.0414140703229359
-0.0091760240370462,-0.0237199884292739,0.0179518813797842,0.0085553044630222,-0.0361481481481481,0.016405126882917,-0.0249235324020583,0.3813403012603751,0.0374033086410405,-0.0359640279242524,-0.0173584065872927,0.0414140703229359,-0.0140479422818551,-0.0103046087645792,0.0221546246231912
0.0085553044630222,-0.0361481481481481,0.016405126882917,-0.0249235324020583,0.3813403012603751,0.0374033086410405,-0.0359640279242524,-0.0173584065872927,0.0414140703229359,-0.0140479422818551,-0.0103046087645792,0.0221546246231912,0.0198048995985007,0.0734553775743707,0.0251506977848596
-0.0249235324020583,0.3813403012603751,0.0374033086410405,-0.0359640279242524,-0.0173584065872927,0.0414140703229359,-0.0140479422818551,-0.0103046087645792,0.0221546246231912,0.0198048995985007,0.0734553775743707,0.0251506977848596,-0.0351237111359831,0.1361117032615646,0.0352237444248603
-0.0359640279242524,-0.0173584065872927,0.0414140703229359,-0.0140479422818551,-0.0103046087645792,0.0221546246231912,0.0198048995985007,0.0734553775743707,0.0251506977848596,-0.0351237111359831,0.1361117032615646,0.0352237444248603,0.0225346820523468,0.0585420771179285,0.0424177287753282
-0.0140479422818551,-0.0103046087645792,0.0221546246231912,0.0198048995985007,0.0734553775743707,0.0251506977848596,-0.0351237111359831,0.1361117032615646,0.0352237444248603,0.0225346820523468,0.0585420771179285,0.0424177287753282,-0.0269352442745139,0.7673491092794469,0.0286101923264467
