feature_0,feature_1,feature_2,feature_3,feature_4,feature_5,feature_6,feature_7,feature_8,feature_9,feature_10,feature_11,feature_12,feature_13,feature_14
0.0300662580597026,0.0045073447019783,0.0246060726223476,-0.0121180348512988,-0.0654093644861153,0.0299765868575333,-0.0021333007812501,-0.0577923872245377,0.0248975812565887,0.0039550518986388,-0.0855710814713436,0.0215881737598324,-0.0177810711403688,0.2521119577007111,0.0437187976345731
-0.0121180348512988,-0.0654093644861153,0.0299765868575333,-0.0021333007812501,-0.0577923872245377,0.0248975812565887,0.0039550518986388,-0.0855710814713436,0.0215881737598324,-0.0177810711403688,0.2521119577007111,0.0437187976345731,-0.0164769283801236,0.2420689201280002,0.0367867002196589
-0.0021333007812501,-0.0577923872245377,0.0248975812565887,0.0039550518986388,-0.0855710814713436,0.0215881737598324,-0.0177810711403688,0.2521119577007111,0.0437187976345731,-0.0164769283801236,0.2420689201280002,0.0367867002196589,0.0187368773872338,0.0367992553077225,0.0669540820765943
0.0039550518986388,-0.0855710814713436,0.0215881737598324,-0.0177810711403688,0.2521119577007111,0.0437187976345731,-0.0164769283801236,0.2420689201280002,0.0367867002196589,0.0187368773872338,0.0367992553077225,0.0669540820765943,0.0265065123894086,-0.1586306633829255,0.0254557289791498
-0.0177810711403688,0.2521119577007111,0.0437187976345731,-0.0164769283801236,0.2420689201280002,0.0367867002196589,0.0187368773872338,0.0367992553077225,0.0669540820765943,0.0265065123894086,-0.1586306633829255,0.0254557289791498,0.0139123074729714,0.1611995528026175,0.0386805467489574
-0.0164769283801236,0.2420689201280002,0.0367867002196589,0.0187368773872338,0.0367992553077225,0.0669540820765943,0.0265065123894086,-0.1586306633829255,0.0254557289791498,0.0139123074729714,0.1611995528026175,0.0386805467489574,0.0399168824230955,0.1939028838513936,0.0562702355305232
0.0187368773872338,0.0367992553077225,0.0669540820765943,0.0265065123894086,-0.1586306633829255,0.0254557289791498,0.0139123074729714,0.1611995528026175,0.0386805467489574,0.0399168824230955,0.1939028838513936,0.0562702355305232,-0.0108956813005782,0.0337880964250907,0.0328340304504121
