feature_0,feature_1,feature_2,feature_3,feature_4,feature_5,feature_6,feature_7,feature_8,feature_9,feature_10,feature_11,feature_12,feature_13,feature_14
0.0191812158572473,0.0700215866162978,0.0219574844118776,0.0015327374471159,-0.0300088261253309,0.0251165255382885,-0.002448495602127,-0.2105810477057065,0.0153551441671361,-0.0033135118904229,0.2715297217190844,0.0166480805422946,-0.0115741980147098,-0.2363377363377363,0.0291943603850394
0.0015327374471159,-0.0300088261253309,0.0251165255382885,-0.002448495602127,-0.2105810477057065,0.0153551441671361,-0.0033135118904229,0.2715297217190844,0.0166480805422946,-0.0115741980147098,-0.2363377363377363,0.0291943603850394,-0.0199314491056339,1.875529930473122,0.027950512576542
-0.002448495602127,-0.2105810477057065,0.0153551441671361,-0.0033135118904229,0.2715297217190844,0.0166480805422946,-0.0115741980147098,-0.2363377363377363,0.0291943603850394,-0.0199314491056339,1.875529930473122,0.027950512576542,-0.0094058898204725,-0.4706021112225039,0.020083955361762
-0.0033135118904229,0.2715297217190844,0.0166480805422946,-0.0115741980147098,-0.2363377363377363,0.0291943603850394,-0.0199314491056339,1.875529930473122,0.027950512576542,-0.0094058898204725,-0.4706021112225039,0.020083955361762,0.0248285238141312,-0.0416620251754483,0.022594552004038
-0.0115741980147098,-0.2363377363377363,0.0291943603850394,-0.0199314491056339,1.875529930473122,0.027950512576542,-0.0094058898204725,-0.4706021112225039,0.020083955361762,0.0248285238141312,-0.0416620251754483,0.022594552004038,-0.0275447320209966,0.5910728815529467,0.0452208355198061
-0.0199314491056339,1.875529930473122,0.027950512576542,-0.0094058898204725,-0.4706021112225039,0.020083955361762,0.0248285238141312,-0.0416620251754483,0.022594552004038,-0.0275447320209966,0.5910728815529467,0.0452208355198061,0.0120380997365103,-0.380260081823495,0.0398684049907482
-0.0094058898204725,-0.4706021112225039,0.020083955361762,0.0248285238141312,-0.0416620251754483,0.022594552004038,-0.0275447320209966,0.5910728815529467,0.0452208355198061,0.0120380997365103,-0.380260081823495,0.0398684049907482,-0.0134216663973704,0.8949664033950253,0.0321146162712445
