feature_0,feature_1,feature_2,feature_3,feature_4,feature_5,feature_6,feature_7,feature_8
-0.0121387831182139,0.1467293597012862,0.0107940929961891,-0.0059852314143132,-0.027255185721177,0.0100872095979168,0.0003647118352081,0.2012149764443342,0.0124109258118457
-0.0059852314143132,-0.027255185721177,0.0100872095979168,0.0003647118352081,0.2012149764443342,0.0124109258118457,-0.015959709648526,-0.1012488388894622,0.0274290735893568
0.0003647118352081,0.2012149764443342,0.0124109258118457,-0.015959709648526,-0.1012488388894622,0.0274290735893568,-0.0176089569281711,0.49632521819017,0.0241603401013473
-0.015959709648526,-0.1012488388894622,0.0274290735893568,-0.0176089569281711,0.49632521819017,0.0241603401013473,-0.0047169856934291,0.4807367613200306,0.0168306625555791
-0.0176089569281711,0.49632521819017,0.0241603401013473,-0.0047169856934291,0.4807367613200306,0.0168306625555791,0.0191943576034014,-0.3288587125531254,0.0146304052519462
-0.0047169856934291,0.4807367613200306,0.0168306625555791,0.0191943576034014,-0.3288587125531254,0.0146304052519462,0.0045570297118424,-0.2201714418101784,0.016690188541101
0.0191943576034014,-0.3288587125531254,0.0146304052519462,0.0045570297118424,-0.2201714418101784,0.016690188541101,-0.0017589480532913,-0.1541889483065953,0.0167625904831799
0.0045570297118424,-0.2201714418101784,0.016690188541101,-0.0017589480532913,-0.1541889483065953,0.0167625904831799,-0.0220264700529089,2.0531553682238615,0.0230787829853786
