{
  "anomalies": [
    {
      "anomaly_index": 105,
      "feature_importances": {
        "Close_0": 7.67714021318584e-09,
        "Close_1": 7.191114470849591e-09,
        "Close_2": 6.016486699506873e-09,
        "High_0": 7.741842768335035e-09,
        "High_1": 7.529153581614056e-09,
        "High_2": 6.167690238992338e-09,
        "Low_0": 7.343515128558595e-09,
        "Low_1": 7.151229920424351e-09,
        "Low_2": 6.262751948758266e-09,
        "Open_0": 7.54616578435105e-09,
        "Open_1": 7.477717461059639e-09,
        "Open_2": 6.613077335097941e-09,
        "Volume_0": 0.15885650597435014,
        "Volume_1": 0.23274234071860495,
        "Volume_2": 0.6084010685630611,
        "daily_return_0": 1.6552745806950986e-15,
        "daily_return_1": 7.094033917264708e-16,
        "daily_return_2": 2.246444073800491e-15,
        "daily_return_zscore_0": 2.3151379688993376e-12,
        "daily_return_zscore_1": 2.0627085953433352e-12,
        "daily_return_zscore_2": 1.4503752343847698e-12,
        "excess_return_0": 5.911694931053924e-16,
        "excess_return_1": 3.547016958632354e-16,
        "excess_return_2": 2.719379668284805e-15,
        "high_low_range_0": 3.547016958632354e-16,
        "high_low_range_1": 3.547016958632354e-16,
        "high_low_range_2": 0.0,
        "log_return_0": 1.6552745806950986e-15,
        "log_return_1": 7.094033917264708e-16,
        "log_return_2": 1.5370406820740201e-15,
        "log_return_zscore_0": 2.326606657065582e-12,
        "log_return_zscore_1": 2.0786701716571808e-12,
        "log_return_zscore_2": 1.45262167845857e-12,
        "log_volume_0": 9.872530534860053e-14,
        "log_volume_1": 6.963976628781522e-14,
        "log_volume_2": 1.214262138838476e-13,
        "relative_volume_0": 2.6448923121535255e-13,
        "relative_volume_1": 3.6427864165154276e-13,
        "relative_volume_2": 3.888712925647271e-13,
        "relative_volume_zscore_0": 2.3249513824848872e-12,
        "relative_volume_zscore_1": 2.7263554683034486e-12,
        "relative_volume_zscore_2": 2.2574398263722515e-12,
        "volume_change_0": 4.241049943538085e-13,
        "volume_change_1": 1.4944764785704319e-13,
        "volume_change_2": 1.696656445212476e-13,
        "volume_change_zscore_0": 2.258740399257083e-12,
        "volume_change_zscore_1": 1.1904971252156393e-12,
        "volume_change_zscore_2": 1.5906006381493688e-12
      }
    },
    {
      "anomaly_index": 120,
      "feature_importances": {
        "Close_0": 6.3790853645378625e-09,
        "Close_1": 5.707044143884157e-09,
        "Close_2": 3.7453102997201394e-09,
        "High_0": 6.435854398097509e-09,
        "High_1": 6.061224078867603e-09,
        "High_2": 2.964102018266188e-09,
        "Low_0": 6.15610891578643e-09,
        "Low_1": 5.827774214848211e-09,
        "Low_2": 3.752139823860997e-09,
        "Open_0": 6.171856456941577e-09,
        "Open_1": 6.245246278215776e-09,
        "Open_2": 3.236146731676557e-09,
        "Volume_0": 0.2460168665225339,
        "Volume_1": 0.16294420976552468,
        "Volume_2": 0.5910388610057836,
        "daily_return_0": 2.155784135371614e-15,
        "daily_return_1": 6.159383243918897e-16,
        "daily_return_2": 9.239074865878345e-16,
        "daily_return_zscore_0": 2.4831553547859037e-12,
        "daily_return_zscore_1": 1.956066133687544e-12,
        "daily_return_zscore_2": 9.1667021127623e-13,
        "excess_return_0": 9.239074865878345e-16,
        "excess_return_1": 7.699229054898622e-16,
        "excess_return_2": 1.6938303920776968e-15,
        "high_low_range_0": 6.159383243918897e-16,
        "high_low_range_1": 0.0,
        "high_low_range_2": 0.0,
        "log_return_0": 2.3097687164695866e-15,
        "log_return_1": 6.159383243918897e-16,
        "log_return_2": 6.159383243918897e-16,
        "log_return_zscore_0": 2.491624506746292e-12,
        "log_return_zscore_1": 1.971926545540635e-12,
        "log_return_zscore_2": 9.423856363195913e-13,
        "log_volume_0": 9.285270240207738e-14,
        "log_volume_1": 7.021696898067543e-14,
        "log_volume_2": 9.685630151062466e-14,
        "relative_volume_0": 2.396000081884451e-13,
        "relative_volume_1": 3.5709024356619807e-13,
        "relative_volume_2": 3.041195476684956e-13,
        "relative_volume_zscore_0": 2.3790617779636742e-12,
        "relative_volume_zscore_1": 2.620509601125295e-12,
        "relative_volume_zscore_2": 2.1246792499898236e-12,
        "volume_change_0": 4.163743072889175e-13,
        "volume_change_1": 1.7169280792423926e-13,
        "volume_change_2": 2.0079589375175606e-13,
        "volume_change_zscore_0": 2.2116805383101782e-12,
        "volume_change_zscore_1": 1.0703468232120065e-12,
        "volume_change_zscore_2": 1.1360982393408407e-12
      }
    },
    {
      "anomaly_index": 144,
      "feature_importances": {
        "Close_0": 6.217907015691539e-09,
        "Close_1": 6.232993846361743e-09,
        "Close_2": 6.260120862740924e-09,
        "High_0": 6.430556941621091e-09,
        "High_1": 6.473178130353682e-09,
        "High_2": 6.336002433169855e-09,
        "Low_0": 6.096656804584084e-09,
        "Low_1": 6.137048959604579e-09,
        "Low_2": 6.04635431553962e-09,
        "Open_0": 6.311523137731509e-09,
        "Open_1": 6.3198370437032405e-09,
        "Open_2": 6.152942970941727e-09,
        "Volume_0": 0.4273809663343384,
        "Volume_1": 0.2119734540333594,
        "Volume_2": 0.36064550459459904,
        "daily_return_0": 7.319706796144546e-16,
        "daily_return_1": 9.149633495180683e-16,
        "daily_return_2": 1.097956019421682e-15,
        "daily_return_zscore_0": 2.630336637194543e-12,
        "daily_return_zscore_1": 1.5287207643747885e-12,
        "daily_return_zscore_2": 1.2121434454415368e-12,
        "excess_return_0": 1.8299266990361365e-16,
        "excess_return_1": 7.319706796144546e-16,
        "excess_return_2": 5.48978009710841e-16,
        "high_low_range_0": 3.659853398072273e-16,
        "high_low_range_1": 5.48978009710841e-16,
        "high_low_range_2": 0.0,
        "log_return_0": 1.8299266990361365e-16,
        "log_return_1": 9.149633495180683e-16,
        "log_return_2": 1.097956019421682e-15,
        "log_return_zscore_0": 2.636375395301362e-12,
        "log_return_zscore_1": 1.5389683538893908e-12,
        "log_return_zscore_2": 1.21635227684932e-12,
        "log_volume_0": 5.6361742330313007e-14,
        "log_volume_1": 7.667392868961413e-14,
        "log_volume_2": 1.1894523543734887e-13,
        "relative_volume_0": 6.551137582549369e-14,
        "relative_volume_1": 3.513459262149382e-13,
        "relative_volume_2": 2.598495912631314e-13,
        "relative_volume_zscore_0": 1.9152012832112205e-12,
        "relative_volume_zscore_1": 2.2132963424842073e-12,
        "relative_volume_zscore_2": 1.5945981255400894e-12,
        "volume_change_0": 4.540048140308655e-13,
        "volume_change_1": 1.5719070344720413e-13,
        "volume_change_2": 1.890314280104329e-13,
        "volume_change_zscore_0": 1.953263758551172e-12,
        "volume_change_zscore_1": 8.661043066538035e-13,
        "volume_change_zscore_2": 1.5391513465592945e-12
      }
    },
    {
      "anomaly_index": 156,
      "feature_importances": {
        "Close_0": 7.119924278058855e-09,
        "Close_1": 6.740277391927035e-09,
        "Close_2": 6.563401611370228e-09,
        "High_0": 7.180493818551997e-09,
        "High_1": 7.048122702434137e-09,
        "High_2": 6.709355112286082e-09,
        "Low_0": 6.8132603723854726e-09,
        "Low_1": 6.60127083342295e-09,
        "Low_2": 6.437177866282781e-09,
        "Open_0": 6.985164284639839e-09,
        "Open_1": 6.944563699205245e-09,
        "Open_2": 6.697529915526918e-09,
        "Volume_0": 0.2609819502523034,
        "Volume_1": 0.2867014712497083,
        "Volume_2": 0.45231649663164897,
        "daily_return_0": 1.639473818650727e-15,
        "daily_return_1": 9.836842911904361e-16,