open_std_0,high_std_0,low_std_0,close_std_0,daily_return_std_0,log_return_std_0,volume_change_std_0,relative_volume_std_0,log_volume_0,high_low_range_std_0,excess_return_std_0,open_std_1,high_std_1,low_std_1,close_std_1,daily_return_std_1,log_return_std_1,volume_change_std_1,relative_volume_std_1,log_volume_1,high_low_range_std_1,excess_return_std_1,open_std_2,high_std_2,low_std_2,close_std_2,daily_return_std_2,log_return_std_2,volume_change_std_2,relative_volume_std_2,log_volume_2,high_low_range_std_2,excess_return_std_2
-1.0371491817651233,-1.026120756222508,-2.144409787224356,-2.0905916517871166,-1.4794517400697436,-1.4969580225657595,-0.2679434467461702,0.0,15.267522666536005,1.7424520616483197,0.0,-1.242218858698544,-0.5707763671603757,-0.5916084321885631,-0.3413564263871001,1.4223538945640966,1.421550539820046,0.1975557885890115,0.0,15.351388255890344,0.0263158691334757,0.0,-0.5154456965293082,-0.6877600289605391,-0.1013239163987875,0.1411283013033556,0.376697740241617,0.3830997071863732,-0.0984403938352446,0.0,15.385479934539584,-0.8791460695051597,0.0
-0.0072576715444665,-0.0998176381675298,0.0664731584924958,-0.3257338031247244,-0.4145620440088512,-0.4117115897460006,-0.0021055266352644,0.0,15.3874337092811,-0.2434752734260361,0.0,-0.8026465566082264,-0.6781858717855753,-0.3782953048239538,-0.0415943127428174,0.2420047770022987,0.2464727821443673,-1.036066421946612,0.0,15.09769390025772,-0.0186216480033819,0.0,1.16957597227888,2.293923355829545,1.6436684989074648,1.912991426623255,1.6179079094692004,1.609717373853225,2.7208429874700917,0.0,16.324288426180235,0.289895793861162,0.0
1.655932884316614,1.9220149027165792,1.4462050941348197,1.930139686129328,0.5223843952329421,0.5261923057728626,-0.9888535144328404,0.0,15.24011199384312,0.5115443757657692,0.0,2.1150197557180093,1.5395237926727958,1.7704041414906966,1.2220110531507706,-0.6270163495373041,-0.6238189870159216,-0.2240349526705376,0.0,15.234611112740897,-1.0857151171852193,0.0,0.9965156812893854,1.3067645554166494,1.2502176315465845,1.0492090622783752,-0.1194543458864462,-0.1140371360322083,0.0619131672029153,-0.2069203928590612,15.494157505187022,-0.5296863942349191,0.0
1.3842260923709426,0.8712885627026956,1.0567511256814628,1.0567738781909517,0.0786744755559049,0.0839689861743864,-0.5943177582483087,-0.8151483134087486,15.07975055553078,-1.0423616663191535,-0.7600939935570642,1.2826334920492033,1.5160980913296174,1.3375751176696684,1.5227543263199823,0.5364191455313508,0.5399271537967514,-0.1119349080530612,-0.6446519163756467,15.148325289037238,0.4250664164802364,-0.0451512115640724,1.1489793105603114,0.7336015208192924,0.3402898299556265,0.1685280751810709,-1.8854394338360576,-1.8978446711553336,-0.0194591425250099,-0.3645570859773642,15.292262663023,1.336798842761846,-1.797634115189905
0.3125260436884603,-0.2252133452280837,-0.6004226413629237,-0.5717613282226774,-0.870689704016979,-0.8704944521330794,-0.4067978147534254,-0.5711356712782573,15.076950345184498,1.1619925727988143,0.3102882878075608,-0.7701848923627855,-1.292976182603239,-0.831798385694022,-1.315513461480008,-0.7408276399640128,-0.7394027215780662,-0.3683202023829182,-0.6602901052351736,14.876317478072906,-1.1097223487563077,0.0086493781494051,-2.119538075288838,-1.7918075853440512,-1.914226592775048,-1.218851279818907,0.2565588509197732,0.26134352241802,0.2057593379463487,-0.2531862990185167,15.186488468830891,0.627985485867567,-0.4374938937669619
-1.553620592132999,-1.69475494154172,-1.2310860120818248,-1.562600923812316,-0.7519715067081666,-0.7499625450774707,0.1139746416864846,1.3157980888711829,15.170056478834066,-1.305188765083806,0.5629761615575657,-0.5756287599058971,-0.4298660806705488,-0.8049173458766502,-0.8129139628789431,1.0510826922975305,1.0494006102252942,0.1787326032788468,1.4140035002331164,15.228520119011392,0.9504895090261752,1.3713410524394818,-0.5940862737830777,-0.8653071431144398,-0.9434716749870644,-0.4419258627641188,0.5158619948552609,0.5177423748368215,-0.504840285955919,0.6773025641883084,15.121814564206865,0.1170148500550111,0.2204834278638848
-0.0844736694736858,0.2588297924847711,0.485558220249703,0.6296802951798972,1.3090395915636437,1.3026822585285651,0.2077817400596831,1.1261955205797547,15.1473225977829,-0.5440776965036984,0.3805290246935144,0.5277050578294218,0.1363603913864168,-0.2326126869092893,-0.7749778856449595,-1.449464890114202,-1.4554994749038244,-0.846796196837019,0.1035244692436331,14.994596538342034,0.939272264534748,-1.1260972712596766,-0.904869230198998,-1.5057119538486927,-1.5000523534503314,-1.3085315145219782,-0.1698394364374149,-0.1652508304467522,-0.3304817729659342,-0.2634699572745641,14.925919985936009,-0.7036354633253954,-0.2878191468829884
-1.6389793533874657,-1.482492141866762,-2.1148402873126693,-1.7442873798439569,-0.5073308311157501,-0.5045317924100412,-0.0303332960195879,-0.2057801021825226,14.89197982274342,1.4643900287293614,0.7117666548679483,-1.356061223523735,-0.5427206803245598,-0.9664815754387692,-0.0145778505912447,1.444266386865496,1.4374079450399382,2.09919000798059,1.897722663058172,15.304677567565289,1.0394962450930565,1.5359003071462165,-0.143972564184262,-0.854634442565148,-1.0149792761317211,-1.564692495025031,-1.344179735073714,-1.3490544134701403,-0.8002279755318861,0.6710253208258231,15.169023687890933,0.6294805552758783,0.0860973393633597
-1.375085400980069,-1.0572872339684587,-1.184037441673224,-1.4682328749239584,-0.1152233428667957,-0.1099518855827837,-0.4898339242414989,-0.1024153450556815,15.073403488532016,0.7058234945171737,-0.3726840920117886,-1.2716981624811938,-1.72520339630554,-1.195250492498048,-1.0691495077426754,0.3202086815954214,0.32461915764415,1.0010516943678676,1.307241592427317,15.280385250313998,-1.445186472097471,-0.3770326805828944,-1.4684341533703578,-1.721042126702586,-1.7180048432206845,-1.5172734081854862,-0.7690791493265263,-0.7681765388934725,-0.8465755278341561,-0.0813742901231175,15.08572072083601,0.3207852368332385,-0.1418236406157808
-1.0788952732548154,-1.356024874293557,-1.0924812070613632,-1.3977491410228902,-0.0042490797563167,0.0010138816682548,0.2996838022581524,0.4156826774913916,15.166877237669116,-1.004969335608659,-0.5938875496276727,-1.563480634417622,-1.6609834871412248,-1.71832092502029,-1.6967698715271478,-0.2544801702126029,-0.2511779283039168,1.061190378570144,1.709387514081908,15.420237591612674,-0.3748562866362727,-0.3702519765995085,-0.6591265094893388,-0.8704808298412794,-1.1992761297724863,-1.2707406839528386,0.6888274816717354,0.6926945436920331,-0.8725166352837673,0.2315264501192241,15.25539331520966,0.9302996942039092,0.8099917526198888
-1.6946759001322735,-0.9505745144460218,-0.9399377416788433,-0.5572078211297938,1.141727832704298,1.1412264842318722,-1.0240353788658283,-1.310878907711898,15.014390716755935,-0.4178077529430858,-0.0276873590995333,-0.5186712623698239,-0.3780013188175396,-0.1851442027474488,0.1231052598477847,0.922967977954409,0.9227889109473992,-1.036153658617016,-2.0322576513428565,14.71798670636896,-0.7936607129698235,-0.986225204851238,-0.0814776979199727,0.4190536331916746,0.6572425727981607,1.2086730701805546,1.1325447386474046,1.128922911666108,1.7840587445347806,-0.3747121746185252,15.075334538734216,-0.6917886220000886,1.6868151964909806
1.1179797909913785,0.6676031222394797,0.5077346371822299,0.4803604679688415,-0.9728824723440346,-0.9729481387260256,0.1111060714949626,-0.0831386065107029,15.119211314805264,0.4117544363474274,1.213998209165292,0.4629968229250802,0.7805700204149589,1.3602966234324023,0.9684946522879349,0.5979878696053622,0.599417432443787,-0.2754037832140095,-0.2921486555647251,15.07768651353527,-1.7880598025458108,0.5724280328951619,1.5854179101543608,1.489611707937606,1.10791365840717,0.2656912361110929,-0.838176587241998,-0.8373018898655638,0.2731714365699207,0.2371441326776826,15.143990672585923,0.3862577748546217,1.332905196496748
0.1114532735900959,0.2586085869746301,-0.0225356320173076,-0.3759972436463042,-0.776637151562968,-0.7757746400642997,0.0998904584083115,0.4208538455868893,15.194478395536091,0.6104240270061956,0.8304179350927493,-0.6336119026163236,0.3521489775456101,-0.7225942648190219,-1.245441404064822,-1.118584956777703,-1.1205659773984795,2.261858105882767,2.400935593891836,15.839545224493705,1.9770826479045165,-1.506777849611045,-1.1731003808096312,-2.1643621948639264,-1.5856524758714226,-1.2796951096317333,-0.0368458242243871,-0.0333758700951766,-0.7107591780142731,1.1041842908922688,15.630547166928784,-0.7322415274882215,-1.9697219012637
-1.939775393607136,-2.216859898485204,-2.206865801164615,-1.8900538538207816,-1.2515186760849837,-1.255094690102193,0.1774058710899336,1.1976437294143665,15.777069199626448,0.2471100487695582,-0.5653901085464264,-1.5409142682611932,-1.7469719126326384,-1.7608267817301535,-1.7867554696627792,-0.6495063804951896,-0.6489302233081669,-0.3173231754439584,0.7448720537202178,15.789633388668012,0.3598343846685185,-1.899845161873843,-1.6262383015446156,-1.6122373109890658,-1.716274657837061,-1.6021979095130492,-0.2574299012750031,-0.2553616035033954,2.3663066127271883,2.422976413906449,16.749441946300202,1.019098775510287,0.4958636210283081
-1.3078868918491722,-0.8696826349864144,-0.7260650304206153,-0.6310684316517875,2.3143348749786945,2.308364296932217,-1.439251642918356,-1.0254086925317332,15.446592734173924,-0.455941868166863,0.6995875434984505,-0.2501158693775109,-0.3201801753379582,-0.4973822750988202,-0.8078145010009483,-0.3115706691144621,-0.3098890863072417,-0.5754455413099581,-1.1538786906319611,15.21165648268377,0.8212693017000091,-1.168753516600703,-0.748858674378679,-0.8375180231644412,-1.2189805267004563,-1.702601273108258,-1.622166693819322,-1.637616132116699,0.9603672776548944,-0.4482015864850032,15.862984151489588,1.7804729104712786,-0.0284553412997025
-1.7546446246067364,-1.7164293649034603,-1.82929053607363,-2.079712545577873,-1.3721997455847346,-1.382426415021965,-0.7214362323945801,-0.8804981896677273,15.529146490620136,1.029940421787227,-1.3260963298531765,-1.9909106456831804,-1.8877442800683155,-1.5457290624873818,-1.474308789008417,1.0230670174539984,1.0244365168019798,-0.6742766565800601,-1.0654881326674923,15.175846136488763,-1.5672839294807523,0.7705958668414005,-1.2288385920287257,-0.7859586825933536,-0.6496530268753589,-0.4269080090424737,1.6711946153611128,1.6612752018761403,0.5786640228607695,-0.5000332301173962,15.617484514572231,-0.4304003366160768,1.7137376813469316
-0.5961572352299339,0.1778039564105922,0.1244519783362873,0.5994207035328077,1.2254081754659596,1.2220923437893323,-0.5703109058363999,-0.6516968408522701,15.332526336172744,0.1911668332783631,1.3579341750519516,0.8288799285173982,0.7871652037626394,1.2638482757818217,0.912684880432357,0.3401086890540173,0.3458178771127707,-0.2353776553540708,-0.5234710849836602,15.297138053170492,-1.3188894661870103,-0.3297795928742645,1.658413170250479,1.8424099705682904,1.827324565606347,1.605251199645371,1.053250678997862,1.0479524204240138,0.0075656325435827,-0.2588449896499193,15.435492882176264,0.1589959827654243,0.9029513915652952
1.4386829534424403,1.1720437737903389,1.5370526371725295,1.4822669390523413,0.1545451535470621,0.1607728154777313,-0.400717849171368,0.1903489822021248,15.173199919328376,-1.5292041012364015,-0.4563666338701352,1.1998637980481213,1.335023767496471,1.4080941067925572,1.4383466344982627,0.2289858716401698,0.2345262630367722,-0.5906932072236739,-0.7187882061149339,14.901645662639778,-0.6586258118345442,0.2745949316413058,1.16968771430493,1.000826456450675,1.093872467627047,1.0935539451666956,-0.4534455325004814,-0.4457516166023084,0.0049438342399706,-0.5453475820105155,14.93542793943302,-0.7697636410961947,0.0869948689156655
0.9977502955166844,1.1464730606475992,1.0834032242549068,1.208487139753275,0.4296891073559273,0.431291624596217,1.671333995691923,2.2428211361668313,15.36901304957397,-0.0435426454273899,0.8223619901338953,1.1453775370124868,1.1974828765333172,1.2261657049218673,1.1209938658368035,-0.8017889962341246,-0.8011223381080601,-0.8054429495620183,0.5566345920881938,15.05949251454368,-0.3497872545531271,-0.5733215366200501,0.9500608047299888,0.7375449735213104,0.8816449865543432,0.8526413797127345,-1.4296892956789975,-1.4349410152773536,-0.2641150009800507,0.1559017307096528,14.995549519261392,-1.132779557666503,-0.9553400124631604
1.0359745372245492,1.003005938830125,0.9757790850643236,0.7828467895193022,-0.6838491640067336,-0.6829425721176952,-0.2585822622115592,0.0072331632488101,14.878219637804593,-0.2976268377752831,-0.2358730370475978,0.6992962062220772,0.8090792676159185,0.5606503844773278,0.7591688815113776,-0.4401353375000962,-0.4386460052376421,0.1998677708817374,0.3143886011909222,14.90676282802187,0.9636945862725258,0.4728132514126524,1.035080365502926,1.09064219113855,1.1191259788151535,1.5641177080813613,0.5983394203388831,0.6014546247524734,0.0650504193083614,0.4408244496751132,14.907031428524224,-0.1009558311326091,-0.7636244398965624
1.7673646323660503,1.075962054443185,1.2585111030269769,1.1381046289149692,-0.9764190046085686,-0.9770725115903196,-0.7252832909997389,-0.601912486844965,14.650114331124737,-0.204249661399199,-0.2241057034140936,1.261360646435264,0.968915157865415,1.413969622345779,1.452181201689582,0.3305757265744938,0.3330557644090881,0.9777936510525423,0.8157669465183477,14.860898214728412,-1.6416502229325132,-0.0710503992855108,1.200466188534532,1.9121750564003948,1.5344536572558878,2.109915002431128,1.5774930156587814,1.5740743027503643,0.2331412526442077,1.125379378200636,14.937807146167913,1.403112657368382,1.551235546240776
2.1168042216062655,2.0042365330293883,2.2004789927904604,1.7893789949365582,-0.3625808054805516,-0.3605830524579592,1.0512395745861447,2.155615757427436,15.213758440231064,-1.0992412990154956,-0.12550984464438,-2.063525139575916,-1.1929860186180865,-2.0805321832838977,-1.9055779623375957,-2.69320730821235,-2.7006334521666036,2.577082442733395,2.725620956359148,16.01787755702261,2.545907620881112,-2.6603807336292133,-0.8063286668837945,-1.4229055177087393,-1.3935494249762856,-0.9946112482026518,0.7004024655274825,0.6919187848467302,-1.232780504039008,0.3997190274902665,15.410241044489345,0.8202666096783063,0.792886710548914
-0.7061665382122405,-1.019933743434108,-0.5859962914134718,-0.5847649910079783,0.3464861790151068,0.3468499494880079,-0.5693926271905195,-0.1100329755893739,15.226302634634562,-0.3862121857324145,0.3878734939399845,-0.3985237687112735,-0.2949987970984759,-0.2305585970790278,-0.3618909207932842,0.1877423946845471,0.1917490847146981,0.0338719472026834,-0.0109494872774078,15.351474358851029,0.0263381391907739,1.1103232344850489,-0.3564285702130322,-0.5483998729635724,-0.140544573147987,-0.6366491910260068,-0.2580460601814806,-0.2460739167541207,-1.0875535165274992,-0.9799000843079988,14.72763301463708,-0.6385810154146468,-0.0934107463228875
-0.6392017058898909,-0.4425172010840497,-0.5150450315547892,-0.1713268129070485,0.4116414272194604,0.4106391972691148,1.003535487158147,-0.2800737797517321,15.23403030845101,0.4371058250967596,-0.7524669851499519,-0.0043206579991504,0.2973662806215658,0.1110831105573403,0.5462259829468677,0.6218289824327993,0.6147250237211401,-0.4236768827644692,-0.5267710694768921,15.164907764376956,0.2546746991394023,0.210241716234409,0.7768150476910505,0.844627246984827,0.7082562014021024,0.1846665619143392,-0.3241952531886079,-0.3114699598477879,-0.8912604923759849,-1.0821356477609874,14.66600373645228,-0.1370255128475623,-0.29055339640659
0.3507213449761805,-0.2373685284270685,-1.4074467100296095,-1.204950193084179,-1.0984341907367192,-1.0870200952974391,0.8605799221869167,-0.4339318628679816,15.154346630075112,2.235346324484285,-0.5717018671174021,-1.279486838976838,-1.8620412121050125,-1.1040963156835295,-1.7380489651207454,-0.2866625599848486,-0.2758418739078578,-0.2942438308609913,-0.4382969103083241,15.090845704363227,-0.3572615830396345,0.013211234162198,-2.1810177574798453,-2.158696958755828,-1.9575793319677035,-2.0435848811309834,-1.0838978208982686,-1.082459210649535,0.5868362536377074,0.9587666776834364,15.312026326442236,0.2313465200111904,-0.7219166748604913
-1.9563178965194916,-1.513664816008892,-1.3906295268359308,-1.116502867430454,1.2009963873277163,1.1945396096665617,-1.12403133926318,-0.9451835728153531,14.702084487115464,0.1258084104897137,-0.3729953566119728,-1.082696958005679,-1.278803212827691,-0.7732536689468902,-0.9218089389972216,0.2349251130226171,0.2394903892877118,-0.1905296455272693,-0.8015847707632229,14.639116101726811,-1.0661310368061008,0.2602579168611011,-1.0301124649030942,-0.8878663351670829,-0.8827948688042621,-0.7160869622944857,0.3381470860410935,0.3421777975020596,0.5911582172078771,0.4390927719384651,14.88304523491677,0.048616493662205,1.5565060545591718
-0.5263046964300758,-0.7478492535114984,-0.91585381647578,-0.824171750984811,-0.2203009835732008,-0.2148451195907571,-0.399327026101424,-0.0944142297134384,14.796615148067264,0.4362442878282643,-0.7835091090083725,-1.0516128864299346,-1.0726222898992246,-0.8505851909656311,-0.6932065346823598,0.280110482399816,0.2844893969778351,0.8826869506599255,1.3831999464028308,15.083725245685155,-0.6364781239671868,0.7992135175471106,-0.6201146575752455,-0.840069362211467,-0.3654234088667239,-0.5257391967662719,0.5609004482306732,0.562949314077996,-1.0544800921448605,-0.5064689308727426,14.617243497488738,-1.1036943871255387,1.0616158931820403
-0.2687519133062316,-0.5928380614473153,-0.0507651472933434,-0.6192615818215427,0.3062442747295049,0.309674915149648,0.3142173862825004,-0.0793967967677821,14.771060848391064,-0.7857453989370421,-0.0902842818931172,-0.8432829633919802,-1.2294088599400568,-0.9583703717878772,-2.0471705117663106,-1.088963232402811,-1.091034422348733,2.445527392858197,2.5417577696760083,15.651781367698508,-0.4875319023130414,-0.5365119536519284,-1.73146151940829,-1.7675052532117788,-1.8246399756054472,-1.8810733491267095,-0.1913968090237899,-0.188132412055508,-0.4490836274862264,1.367146720785434,15.548581207584531,-0.0746682011435151,-1.8135886322414343
-2.1906685138877,-2.2719935089320185,-2.3132973559874053,-2.0416792581055376,-1.134778361763891,-1.1381192305839631,0.6075410258271665,1.8519719491406257,15.943170791030262,-0.1667665870966159,-1.73443538897424,-1.4701419165271754,-1.206027646673217,-0.8032511886912349,-1.178254567883848,1.6334622533617835,1.6272875359920471,-1.2448842977503434,-0.3504350277412308,15.208532488157374,-1.048402641745939,1.3088492944813743,-1.229655388412811,-1.143111111478015,-0.991763203849278,-1.0532979949301855,0.2484541671197413,0.2505371242128761,-0.6797591696740738,-0.8567214589907506,14.93477511288314,-0.7718244060432994,0.2822878794347229
-0.6782394977434335,-0.850056903642321,-0.552729586281061,-0.9797072877249032,0.2780173001397804,0.2800509063572253,1.7698569584515154,0.764025681676218,15.85147045158726,-0.8803236991526265,1.4087521801661391,-0.9519749858607855,-0.8796681067006712,-1.0286479513993834,-1.2593981490052704,-0.6480484452198472,-0.6465012818043062,-0.9862761243448844,-0.8768456014639421,15.133847493480909,0.6549451695805908,0.3641581638006482,-1.6874114814983532,-1.9186430895969169,-1.9549988513890617,-1.9487444690124975,-1.8417128577886184,-1.8481736560223163,0.338580357257111,-0.2478567065265347,15.526801020332872,0.9438970750990692,-1.7777368375742986
-1.3662545451871804,-1.4106597061547683,-1.48960927568703,-1.529576261735339,0.7941385301249605,0.7941237939939956,-0.5399553296189612,-0.6883599604265558,15.379365368104027,0.9883703124697588,-0.4829871590506672,-1.9675184191494304,-1.9406519336402996,-2.017531961684714,-1.6653488287691685,-0.2641752987392693,-0.2612249297128997,0.4549067997375752,0.0892055857787603,15.87031367621048,1.6046570871162082,-0.0101300889520916,-1.704985026593114,-1.555263278364855,-1.35990806353413,-1.4445568966860125,0.3040903917881969,0.3062291776736012,-0.4664987110362405,-0.2092816988002016,15.709360351598637,-0.2809408317671705,0.8098196156531112
-1.324459816710919,-1.17657656363338,-1.076692026716452,-1.0944676796002786,0.7914990583042433,0.7908595813944092,-0.7153436408323272,-0.8609871842570674,15.294133613219454,0.236449383671722,-0.264545766208932,-0.8688865884652472,-0.1642188455176106,-0.5779957534108572,0.1938519484493307,2.0573288647912964,2.045182662404792,-0.0158680161938734,-0.507000747689398,15.360623473129628,1.9361465658784136,0.5864053917961106,-0.0408905599651421,-0.4250213720763685,-0.8133041179528585,-0.959845258333929,-1.497471146692394,-1.5071301005114557,-0.2890487993941957,-0.6110743144488843,15.31301104084611,1.687071886156564,-1.0583937996889397
-1.0133969351661272,-0.103603983252323,-0.456130245496546,0.5245586640944826,1.543369548025267,1.536990394692451,-0.2606699671614008,-0.7391860575666043,15.310121286903565,1.1865000847775795,1.4855345689465291,0.7676657569185332,0.7884582495644227,0.855870032693803,1.350526865224602,0.6014832162174623,0.6052056048802484,0.3571521532869232,0.0640079625477771,15.438397821050536,-0.354674516946491,1.121796484687554,1.5986658145575472,1.4474540860686118,1.9144397456279536,1.3232630296114396,-0.0598126276817623,-0.0542441796075558,-1.4285530118673055,-1.7639224868970098,14.813418511160688,-1.483647898932508,-0.2088411970318303
1.078594713853328,1.2236622851252823,1.4320625574009542,1.390832663115352,0.2302760625112181,0.2346157418996171,0.8660072610471193,-0.834955101706886,15.04917836884776,-0.9941570625175576,0.4735437670858275,1.3254599355054704,1.2013232071431637,1.5034817073004885,1.1678587060419994,-0.1268157144934015,-0.1218744685924613,-0.5481869641900051,-1.0583485882066352,14.851467351488042,-1.39090656155127,-0.7586595222423623,1.066813371641005,1.4252805038275478,1.416409318109097,1.3809925292890433,0.3423298712645425,0.345454122415204,1.095478235779877,-0.0356207472419137,15.040403306331966,-0.7727666715158511,0.0513931388346749
1.7545716190423812,1.7983847082615696,1.3916862290314895,0.9903458206452976,-0.5667824289846441,-0.5621568359334583,-0.2529819055614137,0.0994360047443644,14.9293401407366,0.0387389922052335,-0.2325541224409437,1.2576025636917605,1.9829359310225925,1.4834930000205824,1.8959789003701009,1.130334304298556,1.1242905215610215,1.842951618419771,2.0645961856276127,15.368420657687734,0.452475105104271,0.5787663665891061,1.6174568437659755,1.958705955133989,1.729603816648758,1.523095442272965,-0.1616077227597521,-0.1565707213921033,2.1168147998989784,2.604980798930465,16.06650768157941,0.3775175538667996,0.5110338690200348
1.7021559820693108,1.7317037538147764,1.5201022103781818,1.342049778723077,-0.8093781561743457,-0.810867437530372,-1.2486737803317327,0.3351924234941981,15.430075504667409,1.3050845696128095,0.1965604971824296,1.1216922665214697,1.3581137505063787,1.3357546265183833,1.8821619518650592,1.558342094467866,1.5572457537376083,-0.268089877336537,0.1861028464066829,15.4002255623491,1.1748352465527214,2.06962446882011,1.6718564530553397,1.447389221449226,1.67387813283688,1.7018647847223538,0.1964339238469863,0.2000216993616358,0.1916958041624162,0.5009222106178922,15.569204819518712,0.3123069174027926,0.0412676522314346
1.5086274951526413,1.4546403237526324,1.6633799668202482,1.5958630569516448,0.0924822546886385,0.0956935707183165,0.7933334795110172,1.1667753069702935,15.9978584688465,-0.0422205018142722,1.1360274025224488,1.473229479139623,1.308212584043554,1.2713677635918073,1.4626926816165091,-0.1325760029963025,-0.1298948824142004,-1.396288893329722,-0.8640641935416942,15.157252276425108,1.0295962728149122,0.5035987182337033,1.486803234558378,1.1203410917514809,1.3790875041393686,1.1277291262288969,-1.0847402494481098,-1.0879418412486832,-0.5037256583131379,-1.0840250923307413,15.02315690655651,-1.1911327340894802,-1.9111186338215995
0.9353216863456584,0.5857330471840652,0.7626294677327077,0.767472336070056,-1.0713598510806075,-1.0751286918607927,-0.4036407867591973,-1.1153651562111495,14.906225410481534,-1.17613982158223,-0.7782266928105287,0.716493064804247,1.356009336743854,1.104504330117077,1.4653952096768106,1.1718645522852,1.1714014578534842,-0.0973306572785776,-0.9830296216229988,14.960720450166349,0.8411735660004214,0.5590853134124848,1.650699749158409,1.5436024480684405,1.738337310919526,1.1799465257860915,-0.728144569489778,-0.7284508138176026,0.2760029925902395,-0.6254524850301667,15.138572477985942,-1.5799008993203216,-1.492001043437886
1.4668728416984862,1.4967524932994687,1.5106104452392242,1.475820886253194,0.5307254305784299,0.5335167825934192,-1.0769490667664476,-1.077629367975099,14.538750864009089,-1.0379532999208254,0.3206633632465485,1.1783471342161984,0.9171058839524868,1.0320940806470913,0.6459996279267877,-1.7219458000070385,-1.7298901089606995,1.8855075497526752,0.0631346498357868,15.15518516037986,-0.9949370124175722,-0.940237838126768,-0.1718656834535704,0.4292011350762769,0.2508891630740746,0.5539609219609084,-0.2755631339085484,-0.2725120008047751,-0.52971525887805,-0.2136479499293156,14.944296670065604,0.3497502259261792,0.6746233128787422
0.6975312193213182,1.2066226896354553,1.0896550633918187,0.6440495208104263,-0.007317282238382,-0.0040742413766272,0.990525632392772,0.9607944287545284,15.364731477989782,-0.2275623365384036,0.3106941006775386,1.0147186916307287,1.023732263158165,1.041928323782157,0.5629021693621068,-0.1420923607975983,-0.139167673500662,-0.3034090892261972,1.6535962591287636,15.232116108114685,-0.5748330305753656,-0.2109388693983117,1.0020954948009042,0.91788547297638,1.27144211182194,1.4207166071569284,0.9207774011859494,0.9218665796597634,-0.5615889525650748,0.7443809919429297,15.044946702184218,-1.5141416716190472,0.2908616297150123
1.3833842520712825,1.3696732003859968,1.6475122510809648,1.55451972337243,0.2113013352290877,0.2144287868553502,1.2281959052166007,1.910520109136164,15.539169792900513,-1.7113424197918314,-0.481034083117987,1.5609784188365006,2.4467244273686983,1.7626298626574548,2.367446087912991,1.353674632875587,1.34902444089896,-0.3950663698243664,1.1861714657157725,15.502964695372915,1.0355372643361802,0.6598992037994601,2.0469464217240465,1.7785417676624042,1.7383459081231074,1.0780858239134663,-1.4684627096825544,-1.4727492362845351,-1.169805387184169,-0.7155048062257152,14.8933761138088,0.1718858842506924,-1.0710980146954618
0.7394340519218977,0.3276191033147019,0.0848089503414251,0.4147230530191202,-0.833717970425871,-0.8328133351915102,1.0076210483140595,0.4717114442625056,15.369541674520756,0.7859258953009743,-1.2882595428783432,0.1910326153874659,0.570552317028431,0.3658747982488969,-0.1816296407854617,-0.7319538671212429,-0.7315706409547551,0.1459691213303371,0.8809104974348223,15.596680994078955,0.6634955347288267,-1.4351167225148225,-0.381758228283376,0.2295636712724442,-0.0302541784327676,0.1197196788860697,0.3941602203036503,0.397217129034273,0.4066187197639463,1.4189903936722743,15.850726010470757,0.7503733648084195,0.4358441294015353
1.142159295368091,1.3337161953080705,-0.0627410593706341,-0.6562583549809342,-0.8674848031038536,-0.868102964210987,-0.7469354500197638,0.1489162398738596,15.695555744642911,2.2994289615409462,0.4313654489599091,-0.3951922372105073,-1.1206667235642085,-1.3898736144900157,-1.380574590153571,-0.8165692496302795,-0.8174528516838603,-1.0766011697639135,-1.3509522365437152,15.24883186302737,0.0175303487900562,-0.6092958880915843,-1.4925772959166628,-1.5822173337283063,-1.131425146114906,-1.2255647618231171,0.1403347751230577,0.1441734573876267,-0.0399366097418804,-1.0275752210456903,15.300405361849968,-1.2446649707432105,0.056010165376049
-1.533431662776365,-1.6436838334031412,-2.1072767640033288,-1.364815198227576,-0.3985039276215753,-0.3971965429039761,-0.4334630982559965,-1.1543394856484643,15.21229990356681,0.6304736483911626,-0.4888534464974799,-1.4011870254529954,-0.7083356009336914,-1.1003109743566006,-0.2516772668854101,1.3802942393722075,1.380732364443726,-0.1627689093340194,-0.9704052879545416,15.168506892147336,0.7840388074996653,1.7788984022880094,0.023969918930261,-0.1467931637082558,0.4937440609617421,0.4122263406738369,0.8459804644261005,0.8483657068685263,0.5256361894985635,-0.3070399347319428,15.350914557040694,-1.173197143788246,1.519279825292653
0.7469536255320638,0.9465373361436424,1.0416709145454215,1.9682648694179508,1.7230503493123253,1.7190611340448148,-0.7958934082240198,-0.8898864133730723,15.173637156398334,0.0181544730632417,0.5481229874043755,1.27629019605045,1.0160830981774034,1.468241063788554,1.4976866296909217,-0.3118812239393035,-0.3096146955804111,0.9103948985993636,-0.236200125704126,15.37167447888262,-0.7341156941856789,-0.2898190978314531,1.3831371469845744,0.9129142295723812,0.5053848272974099,-0.1611341241729498,-1.7472154740214572,-1.7560870373573003,-1.1634346488201552,-0.8589508381035511,15.033475316748634,0.7799425277009521,-1.5558070955871994
-0.5871841608424503,-0.5898811814809002,-0.610002592509535,-0.4189547275899933,-0.282317153442115,-0.279154798166262,-0.3903584290712028,-1.0740986126860133,14.871076505085504,-0.034979377498393,1.263193696812979,-0.5590234746928171,-0.9269087416551224,-0.4188680754578743,-0.8790904204028458,-0.5528004131549447,-0.550795886800144,-0.5978203929775305,-1.70234318122802,14.652715224436726,-0.9932550153314894,-0.3301342913125218,-0.8621188045774612,-1.0288715890928684,-1.1939812405472974,-1.7028563725552648,-1.2496843665921424,-1.2533993291452954,0.8242376716714513,-0.7166931774515102,14.75563538766898,0.4912156937589234,-0.8562663281922488
-1.3070276708267743,-0.921668766113951,-0.7600507322069432,-0.7477515742465741,1.119477950405831,1.1178505137124075,-0.296822218392879,-0.8129024560652355,14.649853869350586,-0.269715409433775,0.1187050407262885,-1.0241578413786634,-1.1505356300194989,-1.11213197107142,-0.7945403602320863,-0.0647932947975276,-0.0604955259882308,0.5291945416842807,-0.1484251150123136,14.70484151918632,-0.0257091921702185,0.2724049361889636,-0.8390739032025137,-0.769865562477239,-0.3548303794107096,-0.7022018173125955,0.0905628840841199,0.0944862622172813,-1.030719238607064,-1.153285719043399,14.41955381003868,-1.2143043640872238,0.7718937990840329
-0.3685917329047095,-0.1311864447901062,-0.4311389543435243,-0.776319991361032,-0.1321287885271863,-0.128469123493342,1.7361188022677017,1.0311649164756989,14.691979211901588,0.8286289765235266,-0.4300301104796066,-0.967784756303048,-1.3927353125897357,-1.1932572810169904,-1.1877373193479828,-0.4698192517802212,-0.4679000236976501,0.5739505608350803,1.6632430631309945,14.787160686416795,-0.8699118136264119,-0.7036884716306877,-1.0906732830223351,-1.3147871961412194,-1.1855221418207,-1.506949867838788,0.1017381900658835,0.1049564759878847,0.4287033415908295,2.059718635379696,14.832117464172136,-1.0822221775119023,-0.9945476794035388
-1.915548176642544,-2.066782030133198,-2.254201267107799,-2.115311157080508,-1.3637990198945735,-1.3695102156211143,-0.1004587139773818,1.543523112206749,14.805014947926798,0.103260891310247,-0.0801805015333645,-2.128846855189667,-1.6538065972903608,-1.963056210629838,-1.9554798980729169,-0.4014510616706304,-0.3999050638668294,0.99992531784046,1.7993827960054165,14.985544189217196,1.4105904840373016,0.4980782840643135,-1.7340828584375552,-1.6865204945562604,-1.8865855703118164,-1.7710059332120645,-0.3127504231266013,-0.3108137524361422,0.0066336279366211,1.4410487030508814,15.03504199657464,1.4536626635439116,0.5354109320442741
-1.8102497454889248,-1.3175536889781114,-1.310730580259727,-0.9004315632133048,1.6480863169010522,1.6448386346758523,-1.045931988969539,0.5048663018984076,14.874897146800002,0.6606409911515299,1.7286112712265815,-0.8488647743236003,-0.7010924569452808,-0.6075452994491032,-0.7513079427446959,0.4392231304210429,0.4422209521794976,0.1953835694375679,0.5399731188564013,14.944814017211574,-0.0187797094135685,-1.10280211945175,-0.9325947057354032,-1.16458902787643,-0.8868951664423425,-0.7954561220186978,0.0103327754773023,0.0130713898966886,-1.2460594581196054,-0.5959979715318274,14.71542838232364,-0.6203327183137487,0.0565059542774348
-0.4718670908684513,-0.905311257979275,-0.4589189858378099,-0.4261146457380313,0.9517051669083072,0.953536304780006,-0.2662150284317985,-1.1019593363598883,14.715184390717363,-1.4162180111300482,-0.9872778039432378,-0.5955213416835435,-0.0197700540985201,-0.1429878679785508,-0.5102311326471876,0.0516676745822799,0.054594712265506,0.7024276600212733,-0.7399486079432392,14.81389764118768,0.3261260020808553,1.645802115959587,0.2323978769731463,0.0526639261168963,0.2145202340661655,0.9930078182962618,1.580962188247255,1.5770450770448978,-0.7293226229911629,-1.162017647665174,14.721630138606235,-0.3762650234652127,0.5192437103559464
1.489745378797834,1.8531424834078785,2.136606020548558,2.176330238022824,1.0704100857286538,1.0695448076874907,0.5825329295737507,-0.6086340211761767,14.793611467429338,-1.1852465572714563,0.1549266561717417,2.017057546177216,1.9095572528163085,1.6600937949647536,1.878527266105772,0.3270386592025309,0.329754554557399,-0.5928797183071385,-0.8560692444178626,14.714655537920976,0.0417461293725936,-1.5087261837807415,1.8933886189054443,1.7006477811801637,1.8298012394722645,1.739252869790924,0.4032463115156472,0.4052887983411298,0.6066629144669767,-0.3105695854141296,14.761010904907636,-1.139524536168619,0.1448356430048831
1.6312596072207566,1.7316001751624142,1.4119828565689172,0.9187740076619936,-1.6606965224021617,-1.6654380281760697,1.629704177383762,1.6508629754090862,14.946429004121056,1.0797907660283876,-0.7098741540281681,1.186337302327793,1.045449876113816,0.4151783935770647,0.4311543485613422,-0.9274430153302464,-0.9276792270263404,-1.3477532295843078,-0.0659131472631611,14.747123699854043,1.997203494419672,-0.5774512553009252,0.011389743410085,-0.1357962315427823,-0.4672067475772137,-0.7617324148901583,-1.7227830241272917,-1.7291661681851698,2.481016675201312,2.6290832952482406,15.280616330562031,0.8135483112857096,-0.8970596420574292
-1.176766822232954,-1.510490285133812,-1.589655182033283,-1.564149808088106,-1.2257186183199928,-1.2275412738579148,-0.0144519889540541,1.823479397501974,15.36109259620435,-0.1281011148930843,-0.1352629852973089,-1.1049682763727442,-1.3095955951341935,-1.4063641886568643,-1.5215462556743111,-0.2309391390975096,-0.2277081269941736,-1.1692485652243576,0.1454081594963896,15.077091958116377,0.3437204158840256,0.2757313611527109,-1.581494182975899,-1.5131336337942494,-1.3753698189712769,-1.1215074006856725,0.5760576107924447,0.5780148257022291,0.3770405878021324,0.5431340131640088,15.23400610095012,-0.6994942845192217,0.9906890617025692
-1.0315685241072152,-0.5488074144347687,-0.4926073645836654,-0.3862390923198698,1.2513430892267474,1.2478561136121542,-1.4428138123225651,-1.2871707759387776,14.724817358867416,-0.2753362706936288,0.9908539669137711,-0.3589846002482921,-0.4670677280378759,-0.2457880800052121,-0.3439001570323048,0.089208568636651,0.0923492521066605,0.5901458641082693,-0.6643489890877612,14.937514125049738,-0.939849790411211,1.3355738726413695,-0.1003590998102041,0.0823371725467502,0.3105909824910606,0.415205918901128,1.2470478265916611,1.2443853442034631,1.216987562947834,0.6365176165866231,15.36060214412352,-0.769964702723697,1.4997588581743095
0.3664814254270586,0.7423674137928189,1.0052260931437602,1.4833879682700388,1.3873737819403065,1.3834480059478689,-0.5821379101284847,-0.1375303067167276,15.254065483015662,-0.5637053942693909,0.5720775221302641,0.7872174028119795,0.9522282665451864,1.194483717589042,1.0550850175940365,-0.6287763324254572,-0.6267782004117763,1.2940123294105812,1.5195342624974244,15.750042072340255,-0.4474803104919758,1.1133276289781455,1.6664071643571974,1.6183337567232814,1.5110155467343496,1.736013871516766,1.213902478243309,1.2101873598564086,-1.1634253049402583,-0.599850331420885,15.3321972337046,0.6903144575069374,1.5859025612736086
1.7725822971241794,1.6665540085678787,1.7101357721579524,1.526102372085421,0.0996294158421545,0.1028508528924262,-0.6210635818520639,-0.9947638744469776,15.13009434011629,-0.5570882256189499,0.427489678265695,1.6613262994816993,1.7082561203491602,1.5441604782504803,1.414230211804346,-0.0615758712674314,-0.0588541430888116,-0.0568422748039894,-0.7315980402460709,15.141258684820343,1.8103530378492136,1.8411909220392704,0.8535734978887742,0.6183079767235347,0.2613514772956182,0.0971923936627856,-2.2994248370870594,-2.3071723840702845,-0.283242510343523,-0.7652118938113965,15.09413646440502,2.1749643579062727,-1.6576745889934843
-0.0371276042201567,-0.5550763282806647,-0.8885472278562677,-0.8570287395274065,-1.1627856654764288,-1.1608488447104448,0.822584276123899,0.3238251717275497,15.40548039113476,1.164984825002833,-2.010703375406772,-1.8584605320259384,-1.6480122172191485,-1.589067816060594,-1.6515307899617098,-1.1309509747996591,-1.1311617032515988,-0.7876701730510812,-0.6021261548132513,15.224715701254716,-0.9962336423943942,-2.1050620568071885,-1.7301875508535347,-1.8594182363650584,-1.911521617927876,-1.982676380949305,-1.0875815220938934,-1.0887828461315034,-0.1548416967015938,-0.6151821842529839,15.246969709998556,-0.432920533475115,-0.213563925409251
-1.7861511388029645,-1.7630831954251296,-1.7925969190884772,-1.7547059169776689,-0.4017657649615839,-0.3982913240873511,0.3837440949685839,-0.0011249671686026,15.382688150316994,-0.4718182494362769,-0.9424485757366424,-1.3586659425125345,-0.4725692619711114,-1.0896268438944057,-0.3405759860658344,2.174761410756684,2.1619349188604273,1.1500397747230262,1.2963925849194142,15.751774474209636,2.4857150571310584,1.7791585329780333,0.1013420441579998,-0.2037881267671557,-0.3236445170068718,-0.4753146988734182,-0.2123138817860502,-0.2074627686988046,-0.9138035629634608,0.6242389059703087,15.489012066276796,0.4780664522744167,-0.3377955342131053
-0.557439816630471,-0.6255422353546868,-0.7455850144437808,-0.8551422494705849,-0.5792992176451341,-0.5811972686142989,-0.185300049203322,0.4432713740049644,15.483142092669574,0.502068412454899,-0.970896334714147,-0.9949770300284868,-1.0511685377898128,-1.0633893817536235,-1.1875873097442544,-0.4572215626008451,-0.4580658245729762,-1.1001982726929025,-0.9554338471561558,15.233667134392949,-0.0839231883195061,0.1946068391261792,-1.1568393625232465,-0.8868016338217978,-0.8938315597292041,-0.5148233273914004,1.138451935524701,1.148140356162387,-0.1140306035163146,-0.9278325110431316,15.23900460094423,-0.1930402636378223,0.5056960928004249
-0.1488447197734772,-0.2484823679491576,0.0425003768947351,0.1566964511629273,0.6719735144738607,0.6811589439654632,1.0069668798525735,0.1840586301111663,15.511603300499385,-0.6474163446518305,0.8035260557608973,-0.5127071893171384,-0.1595424714231011,-0.570972241348083,0.5420973738957325,0.2446093182261561,0.2524476594683549,-0.4815766708576807,-0.2699156728770492,15.422405439634868,0.6079490726938855,-0.7153129907333522,0.2443032332380379,0.0221506863043492,0.6274547235019554,0.7095900287242874,0.1119285843755502,0.1187616917471122,-1.7968071758485613,-2.0415546657384724,14.714574151122438,-0.8527931573380587,-0.4437589659464123
1.4099927424441114,2.1303242304568726,2.134826448618768,1.795180069853959,1.110143279817933,1.1120352125476505,2.576658764450135,1.2003676413536075,15.759075244285368,1.1151407547763958,1.0652964227605122,1.6696678506060003,1.1785274202884968,1.2770930402236746,0.8578954399583153,-0.9026230967105014,-0.9054521196603796,-0.8678719389972752,-1.025153369550716,15.097610667520351,0.3025855961620872,-1.2025878193472888,0.8395424517990999,0.5581994910602122,-0.1776244479872227,-0.233487004636553,-1.104662606440553,-1.1090401370809142,-0.072419655967886,-0.6557144427891738,15.11311058125552,2.0115322221554437,-0.5591348660977898
-0.6488719801623949,-0.4117200802600564,-0.2432409675587873,0.1755573593891108,0.3987345692957963,0.4033180425095954,-0.3302671985810058,-0.8084075395403981,14.953087437245497,-0.5934768974492465,1.067906660117929,0.6570705833141216,0.3777368734103207,0.8072364652569057,0.8327239938911162,0.6847840835889425,0.6864465661459908,0.1341291823527946,-0.0654271128464284,15.119211314805264,-0.7597352800383353,-0.1313944884173746,0.2858041194184106,0.2384364898094881,0.6958852829424389,0.9963451403189588,-0.0569492762630283,-0.0525659980064386,-0.5216438412917378,-0.808054794155059,14.814892024477652,-0.7977445844741432,0.3234222002263447
0.6445033874117533,0.5981163868337206,1.0277523889718263,0.6321143728548698,-0.4339304551212765,-0.4305126284361803,0.4235776686001235,0.2997208737985511,15.161738108091036,-0.5934157152934137,1.0956292301268893,-1.037846083169578,-0.5554393628834566,-1.4833316572654054,-2.001122013653994,-1.9938684931634865,-2.007214112767971,0.8123561097894755,2.023684200630442,15.716617733430734,1.6755609390058788,-1.4931550818259105,-1.5756670927764866,-0.1276584082067265,-1.0347391225297948,-0.1123461454789329,1.364529243322265,1.3541464563443877,-0.4634751687011983,1.0209137314680443,15.53681197571035,1.386343151099353,2.0190973677498096
-0.2506921030219712,-1.2797113684803525,-1.0715597337499534,-1.4807998768291304,-1.0524566108864666,-1.05327258719525,-0.6714349800997902,-0.2210447611000651,15.216570617620365,-0.0577158876866701,-1.0856647188166162,-1.447208073367213,-1.9251085184107717,-1.0327256056707963,-1.2968143426332948,0.1741427182605665,0.1800849300864061,-0.6848179486889399,-0.658182212838059,14.885449329077357,-1.1072812371365557,-0.4737998924111423,-1.226353227681106,-1.5505134101988358,-1.2275634078212545,-1.5516028620686233,-0.3992485733638274,-0.3939263101442027,0.8993700911188388,0.1390713988975297,15.207215505427476,-0.3747576931320021,0.2961788117226682
-1.3892637190478403,-1.871462250182493,-1.4051156886830851,-1.4198585346994927,-0.0947850924248764,-0.088691548031313,0.0090153811174729,0.2322462183173725,15.273614054507757,-0.9557068411470744,0.3784032857554584,-1.4571324963808552,-1.7099397836725292,-2.0585432608579,-1.967027110429664,-1.3349766624584571,-1.3416858803523712,-0.2163777728899071,0.0426792933324837,15.27913649341624,1.2500089294776535,-1.2245042704025335,-1.6541613166956577,-1.2518775522751358,-1.176026725538907,-0.779147368899335,1.5603424808783304,1.550123475750094,-0.4754135019213751,-0.4148381275507995,15.15618000272836,0.021734038351637,0.549927489870679
-0.8512293606289593,-1.2345978821508572,-0.816770718059591,-0.7463686541236996,0.1173737354097916,0.1249484983521671,-0.4624282429963768,-0.8675749292738677,15.064581289964444,-1.0426869177962017,-0.5164975987613226,-0.5258854065906535,-0.9951476690228837,-0.6981620794752512,-0.703162253960588,0.1700043350142779,0.1775674563386455,0.4670487787464469,-0.2797141437833059,15.243522752221155,-0.8605637239314594,-0.5688979376627853,-0.5349941500836898,0.1472051658082061,-0.3829330910037382,0.6723655635759747,1.3075201976434692,1.3021122770221834,-0.4586996909248239,-0.4281271572715593,15.096444681204078,0.9542316925251731,0.2195024861496415
1.2395660408221056,1.566304143842694,1.6466982718186414,1.3408966458449831,0.4943381163263464,0.4998251748870797,0.5156484357639416,0.8470851896356101,15.184023003773635,-0.5371649336058383,0.1136085578770729,1.6176863872596898,1.010664685864879,1.141298352250033,0.8786047386195442,-0.4408545735533827,-0.4363235527864696,1.338100352584953,2.172119489934124,15.467337428589556,-0.6986320530091984,-0.4461319363830658,0.8978325178941183,0.7683312795402784,0.9740066661057134,1.0570858357195865,0.2020439716124922,0.2080915428771435,-1.870587395246092,-1.342705702668063,14.942127367170023,-0.781375975209515,0.3160649976436971
1.0086148390744327,0.8553307083968784,0.6263582542977401,0.1861436422325221,-0.8505051944820129,-0.8496005198325799,2.0874495038541996,1.4808637896153765,15.461299878723162,0.1654562550916544,-0.8698411394779476,0.2043196881118712,-0.3218719294521713,0.1640362413194406,-0.1380183514087082,-0.3242170617785,-0.3187061982730978,-0.13964949436314,1.1942703334838656,15.476553906064767,-0.9582179217122732,0.9192854207256104,-0.21445988776302,-0.6848006094460105,-0.7478101529222179,-0.54038208647138,-0.3273335935322542,-0.3242940889844767,0.2383374277323398,1.424102916815545,15.60861928320358,0.2775039859944208,-1.4264056807069228
-0.5788307449398175,-0.3173514377871466,-0.2112597594875666,-0.293318613190744,0.2907756438346381,0.2957987830620335,0.5502110632090453,1.7497668440181684,15.848934469697154,-0.2447394893476471,1.2010740719886457,-0.0803092852273709,0.1466701338989003,0.3134005918019752,0.0227667452893867,0.3352715408169967,0.3400389771575642,-0.9433458452272055,0.2584999132026961,15.640463155773393,-0.4122035048650873,-1.1041730480181506,0.0573070642720735,0.6407810562299452,0.3770134324315649,1.4704621169299068,1.1831051421849732,1.1829784980789948,-0.2162291753287544,0.0384411491852253,15.655711082811417,0.3608480577958144,1.6694486690782329
0.4300968542611977,0.824788129058066,0.2401899413727032,0.7850764128876772,-0.6984637377549847,-0.697480591497468,-1.0731854984743727,-1.3428357486935958,15.337078761510927,1.6577639042263173,-0.225336907261894,1.3193297500095569,1.184788192676967,1.3311169110042909,1.493030620651182,0.8906801678454929,0.8917855263516599,-1.0471467551365716,-1.8137321784513791,14.933827756736092,-0.2807783001887778,0.9091249976370142,0.96514340690964,1.3534374604332873,1.3439434417503238,1.5551250492389532,0.4195646179746078,0.4220648890658897,0.3895008582033379,-1.1912114338465196,15.058598589110773,0.2768241933579708,-0.0172333394867488
2.0452622346247766,1.5925393641964292,1.9380401211498464,1.5521949950459255,0.3846251280759976,0.3872033405618106,-0.3810394772220111,-1.240139459120072,14.982280124663896,-1.3906092985588527,0.8292328866198168,1.783933575710597,1.718288719142578,1.6488792986100471,1.7400206020142566,1.123081622705547,1.1222709486610434,0.5753491718099435,-0.8309376677553124,15.07064243267012,0.1928959555864663,0.7018696148166912,1.8431578945906584,1.639302693595447,1.8724817777571847,1.6077916027306427,0.1057928800991618,0.1082282531860141,-1.505582769524534,-1.2333261088274123,14.54792700819092,-2.0412229353107416,0.4836993053021318
1.4754323670310292,1.2956541098819576,1.3637450660092691,1.1856059470639098,-1.352469828212964,-1.354812934581956,2.1050280133991786,-0.2125254619826536,15.062169506203812,-1.1283205510659755,-0.3566956056153322,1.224334525250616,1.2463716119571902,1.1403842773618775,1.068924996050847,-0.5882417763831518,-0.5866214970456687,-0.7170902761222472,-0.5399667705367642,14.714248537674006,-0.4861121654146023,-0.1550734261949396,1.1667376222331969,1.0503450709219828,0.8740683590934198,0.5639352420582022,-1.3292637348125362,-1.3325566768742036,0.3440136347648275,0.1215789006977328,14.781657932736252,-0.1722459980372694,-1.0999981057870327
0.7886418908551215,0.5031750468378857,0.250898910796981,0.1760965272034339,-0.8604247011553088,-0.8602154332544777,1.6116731826844115,2.474969599145274,15.278627293199058,0.5234339085232538,-1.3350744065032325,0.0711623768184087,0.5281847877546931,0.2848849836558241,0.7284635781487935,0.8147905811856837,0.8148926903625558,-0.7404691304619342,1.052685219800491,14.977817574376417,0.5924315860382711,0.0843648847089446,0.3619327427301418,1.1000356445211017,-0.4590539420393662,-0.94411770266977,-1.8856041028933723,-1.8921186064563311,1.5242779677566058,2.185804779041936,15.561138999383925,2.364936708658467,-1.2421066068637718
-1.640221868336911,-1.3340172148384837,-1.7029071238753235,-1.6346152735028476,-0.6322252455744449,-0.6303019463519712,-0.9961774776812072,0.4003905842939346,15.098331787861929,0.9186727310235464,-0.6545784781279947,-2.42302828938626,-2.61396363038427,-2.328246300557363,-2.327354334904767,-1.6518936326487543,-1.6590213972651755,0.9025072441775384,1.3722676603568695,15.559409605678216,0.0763873588025049,-1.6862354008958682,-1.4861207970972583,-1.7744655504711628,-1.4405948038119876,-1.6671244246074994,0.4394194889693372,0.4414264683188684,-0.3638292714478875,0.8543613416641628,15.522383844921285,-0.7173612775826022,-0.8508047057673164
-1.2096078826914949,-1.3759979944193703,-1.1820587923558254,-1.2157731266501868,0.7945771011627034,0.7944140563854979,-0.9506129547773424,-0.4604184899479463,15.169979056502177,-0.7949700073868428,0.5506813872538188,-0.651134407849485,0.0065848461523585,-0.1311690292916413,0.2299278940461659,2.03434055706328,2.023321285816284,0.0195183266863133,-0.3237216921081666,15.267148038320856,0.3811070644924796,2.392586807631764,0.1522706051568049,-0.1029327320808441,0.2377569884648421,0.2691960240495226,0.0139538675471968,0.0182872417384332,-0.412868023105959,-0.7691985143658298,15.211309853733464,-0.8692457292109849,-0.3528018273967869
0.3687811380863772,0.9820983002795028,4.984796714326985e-06,1.4802674911611564,1.4223763908394649,1.418028057573055,2.2503215290572736,2.170797957642258,16.248509777453442,2.0132749094458786,0.7132778696227119,1.8760717298205,1.889349189858943,2.102905337600451,1.4175493880287269,0.1304860058756292,0.135303125961749,-0.6314817287338172,0.5399341335730843,15.991046176666169,0.5823553667337207,0.2829449677328334,1.3463079022801552,1.0079166242539093,1.5626081519770922,1.1837411928433308,-0.2534957582136107,-0.2494647169541136,0.9451797429884718,1.881474924314692,16.683210633425503,-0.8559306081972174,0.0089723733440428
1.369106375997378,1.073422033085372,1.1667403762564703,1.2186385366101886,0.2378499947997044,0.2421190197001123,-1.208799354906971,-1.2369814535420245,15.342957415929291,0.0918228026227718,0.2111892364287827,1.2415488739875509,0.9760123706305164,1.2906326006589592,1.1859120484665215,0.1215690419091084,0.1257260819494729,-0.4757382537214989,-1.2257496723479917,15.175948761087302,-0.731158762192333,-0.0541893264670218,0.9523845968682546,0.6300468804737214,0.2382150159355296,-0.1787076820461071,-2.1749449018502087,-2.189077801075606,-0.0153780176650569,-0.8968845487162113,15.311085466368544,1.1143380872812516,-0.8806037841926667
-0.1107094719568815,-0.079291749384463,0.1935032661983234,0.2420768758647112,0.5328096075080584,0.5339446177403715,-0.4473496718442617,-0.8850923294324713,15.101321656932164,-0.6150639044154284,-0.1682108151373211,0.2313585345711672,0.1946760494389043,0.4495984182403175,0.1358083407602297,-0.1838634656211655,-0.1783689859980397,-0.5820263836325017,-0.9624271153800036,14.762796341732876,-0.5031852775046319,-0.0754489309949797,-0.2162492602020067,-0.0957451178394362,0.226714436497568,0.3760852595035109,0.1706937255979602,0.1740052400191465,-0.164076244391973,-0.8216308710524957,14.774247947877894,-0.5118205876504365,0.2495027720398066
0.1202738287889402,-0.0464651529813117,0.6533710669452031,1.0406994005221193,0.3430903956256134,0.344779160689205,0.3305235490539351,-0.5364340534531197,15.128481523684975,-0.9659630729863338,1.6934627423569968,0.501606528830654,0.5055918877013027,1.0016493091163614,1.2619225883338132,0.2567761902906845,0.2581301167653121,-0.1484390672516165,-0.3451425392516496,15.0468458709486,-0.5941554578130762,1.183444154084686,1.3376757600739964,0.7905385770127092,1.337830252545903,1.066209104402973,-0.0941631265260447,-0.0897227607483709,0.1334434446175082,-0.0448778456190833,15.126327047508086,-1.1179151276150212,1.0230976310507582
0.7470448866902599,2.3522887101244425,1.054944124583488,2.044723517344759,1.395204936899368,1.3810122904890665,1.1952635827337166,2.6012542580337006,15.432619175174342,1.7962974622955732,2.605491342476337,2.1521698514138192,1.5691044041469455,1.857618511642483,1.46337297800829,-0.3636703818340106,-0.35790255431835,-0.798461547693136,1.3845362977358011,15.237461837535054,-0.415747409173539,0.5108411931918764,1.811324003167334,1.9273949126431784,1.9347498523359985,1.34733463861729,0.0730368349869899,0.076856100486729,0.8087205439087571,1.5886728078931394,15.460199970483549,0.0619548158326988,0.3324553113917979
1.1979596918163342,1.0231942948767112,0.9154551848417668,0.9065688559672236,-1.3070824070072828,-1.3125903545851891,-1.369704535095357,0.2122135572755041,14.994719554665531,0.6038122926411454,-1.2584326211862082,1.31116057914389,1.3210534292151086,1.6262231871618276,1.441933093427331,1.1664241168922866,1.1678957892473318,0.5135170747196132,0.50246275307476,15.157931659602692,-0.5155633118864753,-0.9380812632831056,0.8951483206268794,0.3168396699943303,0.5305898621362598,0.6824476467913172,-1.5080085556510454,-1.5147911805920091,0.3891191761416325,0.7005934449315366,15.324796809515666,-0.4369270779069562,-1.0749652727935903
0.8008982986703558,0.7678493033562309,-0.8560584852506514,-0.6514804335270924,-1.6073132056387085,-1.6152357784309626,-0.0907352991334303,0.6000672205226149,15.391888150994482,2.208557667957612,-1.8134402323511143,-0.7046364498537028,-0.5372833733333692,-0.6063259338695531,-0.0137429700556844,0.6953366027065341,0.6973841419987103,-0.5384687511666413,0.051766701448867,15.31236213348261,0.0894414696290058,0.6135147134782553,0.9536081046575542,0.6492788715858626,0.6854976312266966,-0.0144924290767266,-0.0032608858471484,0.000420293286378,-0.9844371951728816,-1.0888290421905966,15.094554006640612,-0.1286765685773226,-0.0722122728741497
-0.2111559931161319,-1.4514162519258162,-0.5365213973301339,-1.5086016168680247,-0.9721417741481648,-0.9736275696231904,-0.4065790918534726,-1.4663595023551514,15.01079603651024,-0.6379831816451242,-0.4566781980775012,-1.954418776428057,-1.7927404048581408,-1.422114971904459,-1.952568382103568,-0.9022882476779756,-0.903067726518604,-0.634382780972639,-1.5504095603280947,14.828347432798246,-0.2391424484161247,-0.1294600143029893,-2.088459636121896,-2.0363445947498127,-1.8900993661114,-1.8262484302860733,-0.4381925464905977,-0.43635416373779,1.3910814456514016,-0.3006347754191147,15.10771427034944,-0.0711912983269126,-1.3251495372559785
-1.326109386161725,-1.512244971545899,-1.6994232688436173,-1.8748787972514704,-0.7840186532684537,-0.7853492720141185,1.97696352123625,2.0901453453698706,15.58903833533069,0.7524743002333648,-1.7022549780075975,-1.839213475235567,-1.491751875138259,-1.293631285981307,-1.3818886958570538,0.5580374055651519,0.5615306002683029,-0.7409214894869227,0.8749043122154058,15.46453469366777,-0.2557991792116765,0.5874134727837952,-1.854652196930782,-1.721502968726882,-1.7515418876293192,-1.5064601555319717,-0.347245712742994,-0.3457754279180572,-0.719923394434002,0.0157844709047277,15.303752341761127,0.1247012758824553,-0.3205383437159025
-0.985933253593514,-1.3121290781198225,-1.2385076624111906,-1.6687329439845775,-0.8133974704659422,-0.8147431169538476,0.7743389703838108,0.928453201734282,15.53148647254681,-0.4262373972930702,-0.3834196573678822,-1.0978829992741097,-1.2321307334603404,-1.0102694161114916,-1.161837283546081,1.147471530848657,1.1479128578481697,0.8080509260842478,1.6325308160077532,15.791340193166649,-1.283570455165513,0.4923493474750841,-0.7520857848511745,-0.8421681466759002,-0.8315863982521824,-1.1552711844755603,0.1326376988291645,0.1350028711890542,-0.8279552550479827,0.4764171502084154,15.596512539008645,0.0857425070074863,0.5106928492888226
-0.9566680976445602,-0.9556540365358668,-0.6314648762444371,-0.4558433084494921,2.0399095152776443,2.03536390891636,0.0241960543051576,0.4830633856866134,15.688711909410632,-1.3582287509585484,1.1856525767002757,-0.7618870465082292,-0.7316369802327,-0.9685186398032414,-0.2384502384088702,0.5599353519531696,0.5628565867741688,-0.5592763276452523,-0.1550734890068057,15.627154513883037,0.7244989674824415,0.9787277551048832,-0.07663555545813,-0.6739639116909316,-0.5346306976526444,-1.0852053026788884,-1.0436691913330962,-1.0461577820598145,0.2652174085269573,0.1071658036787559,15.806530774599254,-0.5553934150683462,1.3436908125302514
-0.7039887216281445,1.3926470610317954,-0.0743531230061815,1.9667629783921776,2.33945719085211,2.329862102009195,-1.2973620186824346,-1.8814499229265411,15.458248034249072,2.2161486577208085,1.6963544551537464,2.0387360233048786,1.5646523454613146,1.94984695372454,1.3727792631332054,-0.363004663377213,-0.3613057417137725,-0.1407711579292742,-1.5078283588931105,15.432122872716649,-0.0439260131637511,-1.447935366568095,1.6214948707537609,0.7702339706225118,1.2277605631139583,-0.0772660479048154,-1.149496486319771,-1.1599075943581176,-0.4009167507416256,-1.375064142693268,15.357098017531271,-0.2695509506127435,-0.9710881460232964
-0.2994851414978073,-0.6944992117665757,0.0443418343447848,-0.0257696854428854,0.035276082577985,0.0407952821123228,0.3783034011939989,-0.9565836200744816,15.456466710909597,-1.0001463772724024,-0.0041163780894902,0.2798320933944003,-0.2577893486214246,0.3765269110883708,-0.3667988500193996,-0.2703916939464587,-0.2672611143613063,-0.4956607929941245,-0.9969335860365304,15.36185977775137,-0.7025445190410562,-1.0121673251263583,-2.4227261943633733,-1.989877246957968,-2.5696163531191725,-2.117990951079236,-1.7109783574773694,-1.7301179874334025,2.5983773621231614,1.8206256253310575,16.04124711149364,1.7446598322536513,-1.9327622594112672
-1.7236778613391417,-2.0844258799455164,-1.6793756691088686,-1.5899777622136604,0.216085400772907,0.2225277538082328,-1.3105278850512374,-0.724989275760102,15.418185855376112,-0.7158574394276069,0.008057099269255,-1.309069732835212,-1.1982565028692735,-1.056423301337336,-0.808296025703673,0.8185688938293224,0.8216499646347479,-0.5108021389600894,-1.0003688369804695,15.207364684903345,-0.3178197330151519,1.1540855522693705,-0.8428821224960682,-0.9971945463285468,-1.227566114912456,-1.106333455698691,-0.4350940297000809,-0.4313137229630089,1.0028912283309612,0.3515393381650054,15.596428300830874,0.725811405169883,0.6285223236403685
-0.907412272861851,-1.1769996192557255,-0.8113835111968708,-0.9290431991905886,0.1449619462037069,0.1514447319488998,-0.2485005991210018,0.3243313865902304,15.526584237786054,-0.9741933155311622,-0.3496335571375817,-0.6167835482329055,-0.9968566936872494,-0.6413287826380379,-0.9145721933442224,0.1977442289359691,0.2011893317821665,1.0789418049527535,1.7226902485864914,15.986345642155635,-0.9487492269732388,-0.1269540202757932,-0.802362828615289,-0.4783731766929445,-0.5695264126653758,-0.2986229790321574,1.034951135775144,1.0292185818140265,-1.224622565743456,-0.7684930614384841,15.293061667551576,0.3256146010266779,1.4361284209680265
-0.115091986841059,-0.3966476697856624,-0.0674233489977103,-0.1535548939376183,0.2024382237618009,0.2053973935499219,-0.1475151883658249,-0.7060898962756533,15.307965339732672,-0.5871263397818008,0.7321475704040898,0.1232583154612389,0.5926836465162207,0.2749799484030468,1.1159522503574153,1.06598104589056,1.0578555442644972,-0.2749893194183606,-0.7561438320310134,15.244169962491917,0.4635287844047941,0.8661727892142281,2.03055066476342,1.901526578793673,2.215915431693446,2.0827308687542727,0.6376734644616886,0.6357567245226391,-0.1687445130146152,-0.7092816165381391,15.24143444289375,0.0226097259550179,-0.9494047377938843
2.374652693887633,2.082179124882549,2.3764687204558506,1.8139490231001671,0.1989336739945353,0.201265540070998,-0.0517452774525419,-0.4307293143061538,15.197119208267658,-0.5700545902154788,0.2882772847159207,1.8741040898224803,1.2397059037803229,0.9153529832927813,0.4320041781146269,-1.7869058566387224,-1.7921921297454118,-0.0966728427271503,-0.3763997465057361,15.187072173192584,0.8410205691626692,-0.9483906268364476,0.5322065953081665,0.1935125617269937,0.608686737533413,0.1370074555934934,-0.395074620518364,-0.3919000316881675,0.2966651432523024,-0.0285869309587895,15.320454468098278,-0.8964821318563967,-0.3747795600394636
0.1839845843628862,0.0459056752073411,0.2739493682985972,0.2872642011283152,0.1944302693916665,0.1968233649329859,-0.8027494353350647,-0.6376911549569994,15.048566614582596,-0.5429487064801051,0.5798321030165121,0.5896839077633282,0.11171442103153,0.3094014350601474,-0.390972406604395,-0.8659262295575648,-0.8641229050619053,1.766272426568353,1.200663231753786,15.56220309817268,-0.4542671306791417,-1.000614512855867,-0.4882839942991683,-1.274457561150476,-1.1508394763610046,-0.8014864775023202,-0.3558104142362475,-0.3525905591360171,-0.3301532624968478,1.6918552713600796,15.44343670484685,-0.2809152043969181,-0.888390930442689
-1.1459965935608871,-0.0562269034666471,-0.8355627740870843,-0.1656231852984082,0.6964110304681991,0.6966055746556897,-0.4500860257321985,0.909919074548632,15.356798315154894,1.638104276967809,0.9706626283912808,-0.4374450814996695,3.572821448780527e-06,0.2418854117019426,0.1308852582850995,0.2761274605871821,0.2782672178710468,-0.5672609448958815,0.1287405341619039,15.218588532957652,-0.5012710205380594,1.4848307192355317,1.1453419062228762,1.163502312480042,1.3006151221222435,0.9599431470618396,0.8550628345167995,0.8530899268925003,0.8535057247366568,1.1204548225895496,15.457667516523204,-0.4596315355329754,0.2806924802481578
0.8839367394047328,0.9331228488010116,1.4296134709422836,1.523841622159065,0.7312777565888054,0.7300790828795981,-1.4788125616408885,-1.4383674403530178,14.859138890474242,-1.478982709360792,-0.592792317778571,1.249604675419885,2.1206414886387805,1.5339246123620074,2.310536435995636,1.65840951838105,1.6497950356660354,0.6940904940953077,-0.5967843777572114,15.08203581875635,1.5498341129783373,1.8522241917556743,2.1633209919797523,2.240329691093145,2.134005521566537,2.296200661156304,2.011644623928723,2.005232896137332,0.4894544467972166,0.1542529050461648,15.27212381101728,1.246196974724353,1.4642069622926157
2.2237447222988185,1.918573643759745,1.940003589017411,1.7510292107858727,-0.3180186458330211,-0.3160493286887396,0.2781105715233479,0.7097509980802239,15.404705150011258,0.8014216295078245,-0.9855162213233384,1.7150280125146735,1.6284345165033878,1.8215676835826184,1.5730411879773256,0.2321408135016548,0.2353294662967486,-0.0292791996202599,0.734945250373204,15.477465206076326,-0.6828864498185213,0.4578702813207097,1.2929786937856589,0.9913987847469876,0.7365596386300101,0.747493736351762,-2.166887814249798,-2.177985474612787,0.9032730241299178,1.7701962492592156,15.70321651965832,1.4320615476707137,-1.2449311335329325
0.1995727950454261,0.7707383209473613,0.3401094359303969,0.7424319291636385,-0.1735160740473507,-0.1693048800535255,2.539153368623579,2.673414848151844,16.61023380660694,1.671393644142102,0.4180100400274693,0.7085227612259128,0.9726626584113192,0.8168664902473249,1.0951309209398843,0.6677300200990938,0.6672079824825541,-1.372976665765876,-0.2872079750176758,15.631084368036094,0.8881622443145791,-0.0132552767151821,1.3235057174347495,0.9595100820310302,1.3526689151799518,0.7541932249364216,-0.9294162979882836,-0.9265660843217448,-0.3074996487811212,-0.3755817450390146,15.61873752339957,-0.8383198028682752,-1.0496490914931034
0.6414543697365664,0.4059515883451819,0.7874166079587092,0.5974578474346631,-0.4984558670691166,-0.4944626598124654,-0.1644932198641856,-0.3097242623852461,15.662673355473968,-0.908859042359984,-0.9156214592981232,0.6737621417606889,0.7006289632205634,-0.0346943253786795,-1.091923054477223,-1.5791535235275749,-1.5853967424119448,0.2129563255251897,-0.0463782517281116,15.94352807420992,1.2444876796354796,-1.4005511680988727,-0.6393310672473823,-2.0488336105220912,-1.5321331568782934,-2.2645654480917554,-1.1945005819681926,-1.1978137957846169,-0.8012340744132757,-0.6974479677528801,15.6278078416885,0.2045967030326146,-0.8180876149041205
-1.9634867240280425,-2.2282198727868954,-1.352515780388546,-1.508891608586851,0.5306333739364711,0.5327536236180787,0.4279673068494247,-0.2230028133011289,15.975748484769891,-1.337271386204134,0.9743108832886834,-1.1958803128376438,-1.6535897612952322,-1.4139975608143078,-1.607925400676959,-0.5471600914336153,-0.5442175402605616,-0.455373932465513,-0.4607847456487819,15.878543334178085,-0.4992414642115226,-0.1832747796719081,-1.3131510418210928,-0.7984527122057424,-0.909373339160781,-0.1215390171500708,1.8830855739986925,1.872619766765838,-0.0824592871254579,-0.3232763496250468,15.989898690630758,0.1048760627778788,1.4306216227024942
0.1267004587862791,-0.3645355441909874,-0.1048558795948006,-0.5163645263462207,-0.4954102090390171,-0.4930762183882592,-0.8555017009307779,-0.8800270030964206,15.485460332916542,-0.5646910161299974,-0.4444365096210247,-0.7796591602190112,-0.4769362966750991,-0.390519386442145,-0.537245745463409,-0.0317272562213517,-0.0268607806282044,0.7538149419053091,-0.4811849482569306,15.683721833752266,-0.2830034505613547,0.4333607937418412,-0.632690975453194,-0.469556147569622,-0.1494296184032871,-0.077379862069494,0.6255399858958745,0.6307016148312539,-0.9713526762041986,-1.4261573812668855,15.39683722593934,-0.7909363898934039,1.4290740210049695
-0.1350728543803924,-0.5391187308737008,-0.4404778326570336,-0.6944212462999773,-0.5757716981444955,-0.5753929557815055,-0.0684661592076936,-1.1321557491081595,15.389093494790512,-0.343812047037805,-0.6265271226643127,-0.2291166818049732,-0.8596628752964257,-1.5733429215751689,-1.6462937654694594,-0.5672918653580348,-0.5673991154004276,0.4234378517400859,-0.4964090630446128,15.514606525177678,0.5876220795473449,0.4601222256017946,-1.8314866776336836,-2.2884019337892765,-2.2437993661392985,-1.8281091698381111,-0.3920597265485143,-0.3906867414018237,-0.1795428913564041,-0.4120188771071082,15.44854799798407,0.121829476188301,-1.53581966119341
-1.6402184776901456,-1.5210634632449191,-1.1599446342053494,-0.7330717284360769,1.0110130605553325,1.0150301010891722,0.1051483934796394,-0.1603039801100914,15.483613715064983,-1.0348801443023934,0.9626560162494175,-0.7543427584291759,-0.5252915963600989,-0.1170526864549112,0.1436440417457444,0.8177645386298197,0.8220540845580884,-0.0510775148508702,0.1137677513909714,15.438496480252333,-1.270165445845842,0.6638844902384785,-1.3191527386585669,-1.498202544387278,-1.6573823677930386,-1.242433901554646,-1.2906554560944852,-1.298860170421502,2.4137145315652693,2.54205073339939,16.077440413366688,0.7526301063909874,-0.540095803769021
-0.9813731709637648,-1.279648374497798,-1.167832180633086,-1.295441888905878,-0.0227508859148596,-0.0191466039475023,-1.0687025410327469,0.4935074641943584,15.595872150817154,-0.2890062715935219,-0.8750838329552006,-1.4890197591859025,-1.3262214481247732,-1.1227919354496516,-1.5072034959562894,-0.4285160164187304,-0.4261575419867109,-0.3392140711854154,0.1053452749973501,15.52318182809753,-0.8050458669425461,0.8580304358787453,-1.080955783314122,-1.065012317656079,-1.501245799060366,-1.3998351571328296,0.0382101636911382,0.0418848915120328,0.9561905216404883,1.243630343794892,15.866282655556336,1.9144241268835192,0.8414287771121219
-1.4015659939600669,-0.8654178005904942,-0.8259650937993441,-0.3731731017451569,1.4357936604320114,1.4330309788128592,-1.207172541217688,-0.690509756611533,15.34538586412438,0.1271308770075601,1.109487022747494,0.0529408191043813,0.5032583276766703,0.2982399824664403,1.0673259824331889,1.3008374719737577,1.2973292831277805,-0.0571741378227383,-0.6486989212632913,15.37722794396248,0.3520007506615525,1.305519748365719,1.5903434200555613,1.5751828488169886,1.728334223784654,1.4945633465443495,0.6067381274689959,0.6082643355495673,-0.4654635642142324,-0.9660293973074912,15.21217620092899,-1.5123206565304086,0.4548115132360354
1.899869910009954,2.521687515409784,1.7842799837274004,2.310768473392218,1.948350244762152,1.933795229501808,1.9386959894303208,1.3000561704830793,15.979212936948596,2.2713820887100677,2.157500542942851,2.273115987025138,1.845571868600024,2.0243404906549953,1.7673492175358854,-0.0869798711334737,-0.081878572090594,-0.2851838127580041,0.8486917208225772,15.97379805303128,-0.0099043855478222,-0.990431080602906,1.9287456162635992,2.1873839932526056,1.835722430367064,2.1587961795420316,1.9331096963547447,1.9205026185435083,0.5972437971214182,1.6942359862085865,16.388542623692235,2.288505301647799,1.1158186846019966
2.0157264223722557,1.841165160278242,1.852482593641034,1.812213446202347,0.2761283300375367,0.2833296458061869,-0.1648745707544867,1.450234926537198,16.423548950574155,1.3942418094777975,0.1453580588097815,1.964222686447535,1.5513022041244324,1.495541143434299,0.8400693960061435,-1.9781086868890687,-2.001295699460476,-1.171432740319222,-0.576358023152477,15.819379728858836,1.4051464109658447,-2.097368464037856,0.7751369424438018,0.5986763789906194,0.9479956362013454,0.4186097763050078,-0.9433927997614092,-0.9409680705643084,-0.7321840310910707,-1.0865524596928573,15.50024163992813,-0.4649910959753083,-1.4634155854552071
0.4313592753160995,0.2384777926404304,0.8159249087311631,0.4372758136177109,-0.0896903567111314,-0.0810095004476715,-0.7272787428022804,-1.2598540620346237,15.071326290601355,-1.0945459000393685,-0.1923267509331315,0.4525220045777663,0.1144007471453175,0.4450400880614372,0.0562053855330228,-0.671368028188469,-0.6660453990255931,1.3747097179039651,-0.4528940106702392,15.700942654818444,-0.5318976903862754,0.1260967346162664,-0.0495445406458149,0.4138905332621418,0.3885879005813415,0.3299210429997944,0.291862701467856,0.2992672965888523,-0.2820282034523194,-0.536609030069051,15.681526952537688,0.29147047373621,0.4660593837277106
0.5009305127794068,0.5941047292948254,0.9897373398962144,0.822063067454886,0.330972026956593,0.3378508925969616,-0.4964930281518381,-0.8073074543405626,15.539669222045555,-0.2703061916444603,-0.0822650555256064,0.8996466910048077,0.4681308908147583,1.3058231800594498,0.7175457094988446,-0.1683449850778316,-0.1604834713325816,-0.0467200851009182,-0.6039597479907227,15.54040007927911,-0.5377152117938854,-0.7483231314162089,0.8943082273174776,0.222057553019585,1.463983571690083,0.6039865866464167,-0.1765784462954225,-0.1687917957548628,-0.4802195993921656,-0.6886563208878116,15.32346952280987,-0.9100595692353028,-0.6044819918817679
0.8642410511712939,0.5465061279238469,1.7831481888310228,0.6799352516448676,0.0657792688313718,0.0713064006039848,-0.1644609312507239,-0.5542083427965513,15.191830590443052,-0.916663657578392,0.1318295460200517,0.5065992974347664,0.6952380614292619,1.27648491491794,1.444813013696712,0.6385409483353446,0.6371694026550632,1.1991293531832148,1.7354383967610996,15.570658081577347,-0.5057473044957812,0.7775538958999089,1.313536391407529,1.5818819341453785,1.6499677654599494,1.7482924179252572,1.0778462321177749,1.0749062125064668,-0.8412514506315127,0.0669642088674201,15.161087346195115,-0.4654219980547581,0.6267758740911165
1.6112643607000854,1.5196624835915091,1.793797772377338,1.4952218425188122,-0.4314446328306037,-0.4288649405717346,0.1429476080971069,0.4860068918481744,15.238450444285387,-1.2775803082055612,-0.2455035241966567,1.4711644819218712,1.4264597566657513,1.272931856794072,1.0327050876696036,-1.080955582567507,-1.0821246348367728,-0.3511850782690607,-0.1298315874048112,15.164544543213566,-0.5110581435829333,-0.6175269357565067,0.9746589434714782,1.2502174246970144,1.262139237622396,1.2661885844275087,0.0816947228485185,0.0843323311430356,-0.4590680973482863,-0.5251238730086356,15.00721875857222,-1.0904866619229905,-0.0289621734133527
1.2335577170041188,1.4097950479513144,1.3424105354341451,1.55255142131905,0.492517713815381,0.4946033179029234,0.1375230237998849,-0.1458545977777256,14.98817874600177,-0.9257050663104096,-0.5237282222565466,1.52367198129305,1.635207567539144,1.4761107124283286,1.3062816340342174,-0.5380252661206191,-0.537160260568439,1.483335352189716,1.674001613945146,15.301062072058986,-0.526660882443212,0.6413266524282975,1.3765805807493936,0.9968947804393432,0.8163785494310011,0.5024644962490704,-1.8099912526267996,-1.8162231795855537,0.7061019760317677,2.0003010933552656,15.48468818315119,0.3454024196407565,-1.4172064159523854
0.3669580543259323,0.4498029673918993,0.3756308686804734,0.1275877391790101,-0.7528233690408793,-0.7516836919532778,-0.1482056697269454,1.4853082962508222,15.490755124615193,0.1088986625071115,-0.5866347259594265,0.2512543502012396,0.6567636336387286,0.1431107154362932,0.7098648849284923,0.5906915617391114,0.5918772029505115,0.3798961975281744,1.577984723109933,15.639995493105747,1.4518193809215203,0.690463580723338,-0.4585721569745815,1.0858188986699773,-0.3327235190340359,1.7924915380598665,0.8761297148359525,0.8757619247915367,-1.3007082327695307,0.136416820500333,15.298841108476577,2.1434757765214054,1.7431020581378172
1.06241952791241,-0.0794261273161757,-0.6949948768255583,-0.6843483687724247,-1.9431777663739405,-1.9491700448364648,0.0250892094933231,0.115150684383421,15.335723955315196,0.6672004672141554,-0.9858174583096618,0.2290382245716186,0.1554688559904142,0.1230331568467651,-0.2452039988017054,0.341341031354766,0.3433813977309479,-0.6709527145426125,-0.411964966775894,15.214844779353196,0.0237184093053912,-0.4852859709432114,-1.3194461738104435,-1.3983291628930796,-1.1421686000308544,-0.1900509508464303,0.057299338750168,0.0603570606515749,-0.6736362291801344,-0.8986653772113264,15.085299473212286,-0.2546763630377709,0.2985411132008922
-0.4796685615890204,-1.601283174844687,-0.7033055225695103,-1.0233532109709085,-0.5948307489317477,-0.5916499859152127,1.0348553860239946,-0.2683196733555726,15.311779996256876,-1.115368088471107,0.5729646537635307,-0.7069288508853038,-1.5463054705158898,-1.033483852455563,-1.1304088044521046,-0.1147221276765206,-0.1115759760328897,-0.8201033111998891,-1.1057438242909998,15.170314509990696,-0.9697337305947952,0.6301969226269557,-1.2052763158729052,1.6597400963867217,-0.108996264960257,1.9884299794061808,2.0183187629048476,2.007620227954473,2.4704699748983363,1.8061561849332477,15.83424635735,1.9596915741874592,1.5064309125024355
2.1326451362614924,2.3919718658945004,2.633773837097258,2.309359122033999,1.2552815755890618,1.2525430247442455,-0.6221378067936096,0.6836290857493691,15.661237401372787,1.7853012425374286,1.5295219784255365,2.390533250797654,2.0649060390345255,2.5802211184095745,1.9836103361155852,0.3950189751911513,0.3982797317694983,-0.6575130091671928,-0.2411497659196525,15.440999166032572,-0.0009533858939076,0.3048420198144128,2.059005233878311,1.593317694705596,1.938822440498559,1.5985353674400764,-0.1135286921462118,-0.1091521261983189,0.0302710793776285,0.1388883736725625,15.47691472829518,-0.4427271023711822,-1.5295164739000335
1.562514462905724,1.5028192972231404,1.6682824097579798,1.338936845315642,-0.1551545650162288,-0.1510107625048605,-0.3698943462710286,-0.2919430168277829,15.393994501364096,-0.1703152608720889,-0.0554345058644309,1.217034478896099,0.9976982237368596,1.321765510052412,0.8428986258035602,-1.1971609232576088,-1.2030254619923295,-1.2551930975524677,-1.727337670534808,14.734557886931103,-0.9793751206701172,-0.9998405030910206,0.851308167287268,0.6245442588521526,0.6864463927771237,0.7133036702264357,-0.3629036997247963,-0.360877190628272,1.129695671634988,-0.6311149755991825,15.15618000272836,-0.1852956025301141,-0.6368864549657287
0.6604579016087415,0.517537764451,0.5312964845383289,0.6301972969956571,-0.284477704528526,-0.281980012687884,-0.2134266598233734,-0.6905536183644295,15.137613271112471,-0.0664634624889798,-0.5213478597538006,0.8695593646435902,0.5625958385411315,0.2084513591244069,-0.206391310108838,-1.5330094447415037,-1.5426514373772366,0.0899521646395254,-0.3654677866150251,15.222489755158934,0.879031684235778,-1.976414244651329,-0.1636876548500627,-1.049213927414511,-0.4291057974816857,-1.302775520042291,-0.9381569745703676,-0.9398849232143558,-0.0642712345854543,-0.2771936268532634,15.265812283558008,-0.8143130038778974,-0.7472507945230659
-1.256556164543878,-1.8044787164059335,-0.9356710456973136,-1.380050336219221,0.1736666802616989,0.1771535789480865,1.1356913631371894,1.3371739891048946,15.546032894912988,-1.0688751905411893,0.4878886199101244,-1.7337387477083148,-1.5874870266220813,-1.4904580735955426,-1.306537705829749,-0.1060807239073156,-0.1034673523307411,-0.5505136364050423,0.847841078714196,15.392032846329403,-0.729749331698626,-0.6176512284931298,-2.3162054288922915,-1.472558390649762,-2.1992813504244446,-1.6283921539673512,-1.0880306098132173,-1.0873889252571851,0.6735874639468468,1.5748702405338684,15.605752376142345,2.2071062217909576,-0.6418502210912911
-0.7588212661317731,-1.2607919358060355,-0.9684446252306252,-1.3282490706117214,0.501877141396029,0.5027999505586862,-0.8717798825489245,0.3782463270629089,15.351538931206637,-0.3394878646432614,0.9989439041150942,-0.7625042798892163,-1.0153091041841582,-1.044887454090066,-1.103509121747314,0.6753620364425286,0.6755494455777052,2.21427789174764,2.33974985269305,16.121400284636707,0.4112266813378694,0.9492743875794468,-0.4273698226547689,0.5820930301281426,-0.1359853109935997,0.8814902081587012,2.3931825499873582,2.384515906084377,-1.1842311635241658,0.2188671073145437,15.685326301674728,1.2021394013984,2.204633692333382
0.8839245705731591,0.755553005205055,1.2790803246178626,1.1372250991029291,0.2328273937346949,0.2373952544466506,-0.0074575423366658,0.2780303576751266,15.79903312206002,-1.04219982765357,0.0016614186416062,0.5762355456013134,0.9475799934900684,1.323350524200371,1.216528641537352,-0.0361180011572401,-0.0325634488074104,-1.0907526405348054,-1.1921733278884457,15.279159632721104,-0.907683747004501,0.0023737710904972,1.2925743532121607,1.2130770932489214,0.9588463639480862,0.7163902426599433,-0.5423041791735883,-0.5432979110243185,-0.2496379052316631,-1.1826269698268304,15.237582451673443,-0.2016136224874012,-0.4034673477772814
0.7175922829684984,0.4684376682640799,0.7217379631280184,0.3624468193028687,-0.4207016100363845,-0.4207237372285408,1.2330807572465852,0.0376726472108545,15.80330284795742,-0.7161429144385597,0.168483157783491,0.9227590858836776,1.7209737907352447,0.8290483107722885,0.2279766842277602,-0.1623331088917329,-0.1602732500404012,-1.1937025723029693,-1.4634694096337226,14.882391696550927,1.0177950552374309,-0.3319585331922094,0.3194569795488577,0.2286193561434337,0.6534788766410908,0.5661369466914984,0.4044624364935664,0.4094892574741234,0.4374575918483845,-0.8862867782811613,15.174690883463867,-0.8686667567811226,-0.2992542987506597
0.6216050101569169,0.0801063182148405,0.5256321826159449,0.168172877650295,-0.5466683165823464,-0.5484358794077315,-1.0152488794147565,-1.3448307193806943,14.314952229733208,-0.7586627057756209,-0.9428567370829068,-0.2581489708034335,0.4305212104299034,0.0255085018761768,0.955815653797128,0.6828036261242364,0.6881241331943078,1.4857663424999707,-0.4929363457501432,15.087824301315369,0.4900378462807566,0.1137091962344471,0.8433102814769906,1.366671319060501,1.5046014634594065,1.950150328912375,0.2832386653162334,0.2874501543782045,0.960625480581286,1.1822874022657708,15.620729211314996,-0.2488394150528833,0.3468080223389198
1.9051857178733371,1.0281644326171409,1.1585179779455397,-0.2140479014446252,-1.8979034784905433,-1.90315038743812,-0.6333978711735802,0.4183813836789803,15.310659548211468,0.3276971118568782,-1.7511361628380075,-0.0746562095238235,0.8823973317683454,1.1447980172079464,1.788862407544857,1.7325261379319146,1.727229809435441,-0.6150875755058977,-0.1368992626722255,14.94352014716009,0.1382057276352345,0.6583765445367793,1.544447136611894,2.3862736588426423,2.2987416259045883,2.531332177033516,2.1478740142933432,2.139164120967912,0.2201555642861325,0.5162944599209791,15.189099799783186,1.786203521659091,2.637288441432253
2.5329102139278987,2.2547697479465314,2.536819044736048,2.0746612335047985,0.5564469484639119,0.5600913699005529,-0.4002739649139218,0.1762239396115143,15.080145912799107,0.426324736462106,0.1515011606002721,2.036816381753926,1.4827601872566232,1.7525656337051947,1.222620655274634,-1.289929074265166,-1.2954863560867451,-0.0825318363728147,0.6572669349405105,15.09835951287746,-0.458923829721769,-0.9946731380286428,1.2435384895194026,1.2005453908757042,1.3310637730466186,1.418334925660336,0.5442891314772776,0.5471545232097846,-0.6502963898934184,-0.308469467025403,14.82032522233901,-0.1152459268977451,0.1837429785883177
1.447343199301668,1.8461520755945808,1.636894043113898,1.823781173164554,1.358362133823216,1.352883948718585,1.3704359843657852,1.6810001232432992,15.50394466143358,1.8274261509192375,1.9029180933064744,1.4682235110755686,1.551222672482716,1.5610454010178785,1.1882324287256416,-1.218595648072451,-1.2212737931361857,-0.6760667683502537,0.5226577412232937,15.321918791783716,0.7349097984743665,-0.3770585298356282,1.5064569132346288,1.0799223214246758,1.2108048706344734,0.8561487453190408,-0.6916540202012867,-0.6897183003201921,-0.0640988802556234,0.5465205973366021,15.388118704650957,-0.0741267179980954,-0.1302344108954633
1.0398950731121068,0.580004078816756,0.9181409413991406,0.7351212058691795,-0.304674869923887,-0.3003636027192412,0.3138618457983877,1.3803540289197125,15.538473743523584,-1.3315102856215677,-0.9073718778336018,1.4031315156128277,1.7156943120306505,1.2654305409185738,1.616913241457277,1.2112103712564053,1.2074012535681728,0.6527718546192995,1.9176644073794065,15.838421562177942,2.089285121075655,0.962730961757915,1.478935845979889,1.593903326507266,1.6735442811116734,2.034570980057684,0.7376289711941522,0.7389900256622182,-0.4476029597281703,1.075564661174132,15.812399087541255,0.4933195284730463,1.5164263627413948
1.9180215805843717,1.836835816703535,2.0666898442649777,1.9705805455403569,0.710478109361334,0.7119292171340953,-0.4303148652430291,0.4228276418280647,15.758115393340985,0.394720012157852,0.5589894974362769,1.82929471943176,1.3835210885877949,1.8373435029143923,1.5383993177550614,-0.4654270310387554,-0.4614262609148395,-0.868506303979833,-0.8103185663255734,15.498515053170166,-1.2181209363053935,-1.01684363358522,1.4544222797491555,1.3985221629782014,1.4142346124146887,1.5058641022204344,0.0560813404661833,0.0606468490855905,-0.4792733757933378,-1.1541891226094516,15.391371210961866,0.0582394499214055,-0.1821475904739845
1.4136339462197531,1.292880402213625,1.4894385308021996,1.301479051290177,-0.4982995022608704,-0.4949192942563251,-0.1286709975482919,-1.2531551800905396,15.449192396978376,-0.9786700311311608,-0.252668596224178,1.2039575191967462,1.4279545981183333,1.303071411095477,1.1641335363015493,-0.2287577355273232,-0.2250290545379647,0.3759291204767459,-0.8245785111006939,15.523798015616356,0.4003172886338128,-1.1355410507103965,1.4326053399399603,1.5123498589768989,1.2977526355933398,1.4733276291083186,1.2180536866465492,1.2164227978577675,1.2880806786315413,-0.0528580639616281,15.77401266592535,1.0204395791352632,1.243328680843705
1.7001967653185508,1.5177776319557208,1.1494925250465504,1.3255888157667035,-0.7886004678305565,-0.7884803094278581,-0.0697346533620405,-0.0586747681022879,15.817787672826515,1.600492814290293,0.4844314904016061,1.150153663527958,1.0913313406408804,0.2987555110811351,-0.2028020604008163,-2.5235688384532975,-2.5360985629869055,1.761105971371627,1.2661986059411463,16.203410681632427,1.8541937566164617,-1.0468514398079147,-0.223580206224661,-0.022064312188636,0.1295346303473998,-0.1708234928405126,0.0870639025861315,0.0929047346325358,-1.7431752053505625,-0.7936295280157412,15.652163880432475,-0.2380847631800647,-0.7954963744368115
-0.0740286784463978,0.2553780150537095,0.6360415740702795,0.4811238142920036,0.6221497012193952,0.6176701219848274,-1.3739512469779829,-1.6815298181726503,15.10881232659844,-0.2290649698198358,0.8309709329432653,0.1831207169003987,0.3487925271744599,1.1364281054632002,0.662577732974164,0.1316991103718512,0.1364877799721678,-0.000401377705353,-1.294020754138694,15.08203581875635,-0.4585781452902701,-1.3145834022167842,0.7098273507777796,0.0055505249545119,1.4546193698581158,0.3406415014441806,-0.3230268273525303,-0.3129323121661524,0.257010336267593,-0.9190268286738632,15.154346630075112,-1.286329749848878,-0.6819928050116558
0.4460063819083467,-0.025876348973551,1.3332778284749942,0.2874634735523546,-0.0594978723353401,-0.0521624581534467,0.8147249377997903,-0.3320777826463272,15.39665207698339,-1.0502493438445852,-0.1783639607979494,0.3422260637304614,0.8764565111345316,1.1960102729987008,1.293098925736276,0.8309325305652642,0.8225045385195642,0.1780261995459924,-0.094299447594495,15.488505447479149,-0.2324871807611851,-0.2342496382981641,0.9982808571426848,0.7229093731582452,1.7265192581102995,0.6626258754347194,-0.5040999046972301,-0.4937023728188285,-0.8376993277050505,-0.6314646479172218,15.21863769957127,-1.0535153385746288,-0.7689333196119011
0.7684035257679692,0.5861798276459793,1.1005835930779189,1.0703421038065395,0.3761051156057375,0.3771859581274986,0.3256465494912935,-0.2160072345225371,15.302148093911956,-0.6493129572585365,-0.6747573250455223,1.4225918488546578,1.1786741960158338,1.2657472516157158,1.1449605058972343,0.0793914131154722,0.0849327264370216,-0.4682552975660571,-0.3540360087321044,15.125841650007898,-0.6298683457212001,0.2963719275854986,1.2454719591607963,1.3901753278637723,1.4473757570794077,1.2433063562088382,-0.1425821350483572,-0.1398407684571309,0.3115209622081927,0.7069592294302594,15.124221954593793,-1.0610235496278686,-0.2672636914363053
1.286419672779865,1.4301803449904258,1.3734792545543837,1.486589113328175,0.0526225266340645,0.0556262203318773,0.3270434017923642,1.3678251073602463,15.16043616053236,-0.705376881887698,0.8288357704783254,1.5458472501679912,1.8056873329973016,1.6758984771809782,1.768284218225515,0.8280252642120498,0.8295629713723125,0.4277436690876942,1.523662236238563,15.240905673119562,-0.3520587871845682,1.132768485212896,1.7465298869564712,1.487229944623833,1.4593190779213183,1.4442833457636808,-0.4014347845881302,-0.3998752633198121,-0.1831857283616995,1.21536947084399,15.240136053987708,-0.2429404244194968,1.6144657267884222
1.4240629937089662,1.294563320194507,1.4522264670493543,1.2434920178760247,-0.538751346650309,-0.5378600887752165,-1.6689913911480798,-1.3240865129871688,14.879014014763015,-1.1395196650401764,-1.253643205342415,1.1506716831270407,1.9060312156288683,1.458226837271089,1.7185010099096014,0.8061460166391098,0.8073337269265892,0.6272387615408469,-0.5857034200594425,14.934481201836142,0.7674190138802297,1.50053422777307,1.88702332682663,1.862299957545506,1.8376220795017115,1.8183295564485868,1.1957472691693125,1.1929475250810715,1.163543397688842,0.7838774868530632,15.071582616804625,0.4801055846553682,0.8514698563844549
1.8098393815209233,1.6424760825191085,1.687829440218872,1.5301910758855024,-0.8845918931460867,-0.8848403342291897,1.5306326105780557,1.943293902614305,15.303910367754929,-0.2263094292579433,0.6218022998409549,1.5418335212667027,1.2598873064064324,1.3131708860532327,1.242167957954126,-1.0543110000692897,-1.0557526332842504,-1.053839193008834,0.4786725843269275,15.101819100497089,-0.1031931122710086,-0.419385544202817,1.1959290403971317,1.3155476058351092,1.3647825748402502,1.3815261612342924,0.4448471727917797,0.4463537189786151,2.081248650795661,2.2273738401479055,15.538795057285483,0.0457284627452635,-0.8697815785009291
1.3639079092883442,2.0128845936369046,1.5181679386437796,2.003243899637132,2.2357941596219195,2.2299661305751326,0.2400996264372281,1.828184178399824,15.664374893302329,2.6638906894776166,2.443208766610199,1.9615088072435685,1.8747476694652512,1.967147359209071,1.815856768463094,0.1491183908842512,0.1521493744577608,-0.893258038666259,0.6105336573817223,15.490867475729017,0.9956981014883288,0.0852442035515442,1.7707433388060387,1.4738799066103423,1.452957526384213,0.977129713171694,-1.9109923341415884,-1.9220578467530685,6.002053812820193e-05,0.5981857105350475,15.545075600960764,1.1695262204195371,-1.0031674324917503
0.8267180658343058,0.9111889518474114,1.1955297135171874,1.0451468950103704,0.0432224782139345,0.0467916130849462,1.3907520802565854,1.6571908795825974,15.945241258806586,-0.2247806260576922,0.9544279189453552,0.9305637295939984,1.3461785914084767,1.290822404067842,1.49759839026841,0.8545950676899392,0.8535653205584481,-1.799532416547762,-0.9941494599887564,15.319032467152548,1.0314736613001332,-0.5206460061845118,1.4607505649035415,1.021420283017915,1.0720693496163003,0.9846941361504457,-1.1164074119598777,-1.1172827057665429,0.006124593386176,-0.9507409683268546,15.409205395955963,0.606826694774628,-1.0846199936162175
0.8564152950180136,0.2674704989718298,0.1322396921672372,0.0810768568292921,-1.4021941995259233,-1.4080789621142844,-0.4932324738100599,-1.2088514059252111,15.32094281428149,0.5124592937843331,-1.4604301060940732,-0.1020932166700277,-0.3840354940044819,-0.597575158412162,-0.4435654041555482,-0.6399144027493765,-0.6380593205562897,0.8361950681067604,-0.3112601967811119,15.61652721358594,0.2807908722506999,-0.7587209838922145,-0.3151170879955998,-0.4485301138302921,0.0366969100677754,-0.0110978744430446,0.5024528045402363,0.5057970737945139,-1.2728702878868163,-1.4447618281848498,15.145129006468837,-1.1660225899966548,0.0280254960369649
0.3903884644109463,0.1576983432807022,0.687190460986307,0.0828211086487264,0.0563088755809808,0.0609781633329798,1.270090394820261,-0.3567940940414917,15.529218571770569,-0.9740304618042346,-0.0484939501895406,-1.1611777941651955,-1.5916042141603002,-2.201897624638447,-2.037341448503196,-1.8171743359548616,-1.8268183612050497,0.2795709148524756,0.235156459738309,15.663177816735026,1.8312224219956907,-1.3045359558789675,-2.0428292850830743,-2.1409863386563117,-2.157437311183958,-2.2370418901121387,-1.2092455142163454,-1.2124480270746445,1.058404323008396,1.434632959391916,16.056071406376745,0.93635464053655,-0.6797672055211514
-2.2350773350286404,-2.1486665613799034,-1.8556344834029477,-1.921102852827056,-0.4991768108089651,-0.4953267008308954,-0.7634427983401273,0.4209460217990685,15.85524940035417,-1.149091895851575,-1.2510411999462363,-1.886176619973787,-1.566959723060423,-1.4892584960245296,-1.1986197194877193,1.0786322341234365,1.0768989344588022,2.248631322137891,2.5293473667948523,16.726469003892372,-0.6460360974399838,1.569233244957222,-1.0772837348008573,-1.0612166819278008,-0.8167705081942299,-0.9022346826829124,0.7144863190838877,0.715873566184485,-1.5506716524899369,-0.9389745718843094,15.349966485637657,-1.2840881230233587,0.7278275739628608
-1.0509402816300892,-0.8934503150660863,-0.7687655011986,-0.6975170631557439,0.5035761994011086,0.5061533888928169,-0.4367939700234818,-0.9586373252393188,15.21592993962316,-0.6950171019425667,0.5553511266257741,-0.3442557339731705,-0.2796243164568924,-0.2475954795497792,-0.3634451729209273,0.6366280860300362,0.636926347315248,0.6622299371357315,-0.4324097508395297,15.683304867932325,-0.167231472643267,0.9252311169459164,-0.3659301957232847,-0.1549490766592434,-0.1468627317440872,-0.0215486904624112,0.5670266678066214,0.5674813118929712,-0.3030442087453714,-0.4240354852222236,15.664107250567254,-0.0487625984287133,0.3823224436811119
0.1727093742344407,0.0141500497534038,0.4647881254666557,0.0509581367847823,0.0958976163022205,0.1001022472600479,-0.4229165924767429,-0.5649200384582862,15.615006853946236,-1.2785762473836215,0.3427412754510269,0.5815031813120968,0.5394586682449426,1.120950197533912,1.168191219920694,0.8473298872777804,0.8446701105827986,-0.0258553793683032,-0.3707480955362828,15.753950157536956,-0.7311976527971782,0.5682583752042937,1.085608030317154,1.0946799234422175,0.9904955405693884,0.5891064108670402,-0.6714428961243257,-0.6671275428329908,-0.5880994433968313,-0.5987638461630224,15.51407612316259,0.1674383118032205,0.4559597538283286
0.1789826923517963,-0.4396253396144066,-0.1245409830620323,-0.5725015200249282,-1.2694019698482946,-1.2703667583754497,-0.7104793786654016,-0.8025690105957884,15.046612321649222,-1.0174345353339191,-0.6577477014751653,-0.7806866592965598,-1.319422099528199,-1.547525718539134,-1.9857254606115,-1.5705302059372312,-1.5739411524626317,0.3888780246923288,-0.3951583288608424,15.324730487003858,1.217903784221361,-1.501488488646336,-1.9944341059374324,-1.6861679627649055,-1.6924122219956343,-1.0624860437390298,1.03691494916576,1.034863776826118,-0.0902419673207412,0.3688654231739786,15.232455600736523,0.564942721567744,-0.3851581771513238
-0.894600521730806,-1.4825385098799908,-0.8715296972526566,-1.0978618361390766,-0.1502356370129131,-0.1474322037075994,0.6860988879839697,1.3009841460928402,15.446768864554697,-1.811632388461691,1.536601869133574,-0.642271379356539,-0.8431441276675085,-0.8216416320238462,-1.0278231957926207,-0.0081458863146205,-0.0054220272107971,-1.1112952620177956,-0.7403140531183269,15.074539851967833,-0.07820703753023,-1.4890828708788555,-0.8283737406714171,-0.1462748366503888,-0.3383156651652865,0.3293394540380357,1.6500102346931391,1.6442131081255396,-0.1971663397347682,-0.7081165500731992,14.982529190590132,0.6055224117502804,0.948836251316354
0.5852547352104893,0.9642974802266157,0.0789199345096369,-0.3177549356516559,-0.7481555156430982,-0.7481534670133059,0.6515742539030586,0.2499322647522323,15.098304062077691,2.029553554839063,-0.4328867253086669,-0.0708480453511722,-0.1544091582261509,0.1427726319326132,0.4923942135530853,0.8439666885307613,0.8452315134620652,-0.8950173426212139,-0.8094187781601899,14.782532806458397,-0.6512286893759749,0.2659356791745261,0.382142218292156,0.1939559778250579,0.9266323487121126,0.7914006812868,0.1265619306318449,0.129891751539268,1.5619753624200017,1.4457038937210382,15.129073191778598,-1.1705815776521755,-0.8069702528469684
0.9152308862886238,1.3748744447897747,1.5970003237858608,1.3399476722799069,0.4252884413852235,0.4279054078786604,1.3863136312466553,2.334394369117017,15.519658652057988,-0.195215443678918,1.6696270124816166,0.7769731517277174,0.8784031445316203,1.171279787455958,1.5434458034973353,0.4388502321996974,0.4408102603134856,-1.5792815054482978,-0.4447948209189615,14.843056756082648,-0.4206776558143005,0.0645326072565532,1.321500363887958,0.7849465780973651,0.9877065741726632,0.4820438658966228,-1.347756438452148,-1.3508464572541066,0.1359930865923612,-0.2059384974150271,14.890240247559134,-0.2161146906513349,-0.7355425246350986
0.2844612388221524,0.3102980702103872,0.0945221333487125,0.4467901628385052,-0.0655107513429462,-0.0631263211046446,0.9813286353274996,0.9376146834723204,15.213239543867484,0.390251119423506,-0.3420501110743967,0.3249158413212732,-0.3641339498712993,-1.1563693858152448,-1.4527006680976815,-1.6001311910271585,-1.605853737174369,0.9114256576032344,1.837284288125288,15.537473439955242,1.049679706752631,-0.9128931429107416,2.4988679171784303,2.821943913461276,2.6408201512127554,2.815720813196315,2.7920853901566387,2.7865987990813488,2.340969316836022,2.5783491086566612,16.48355794281696,2.7861824839503084,2.8049266662325194
2.689873632865043,1.8273466729389785,2.604969736775556,1.8860453769829184,-0.2794729671505452,-0.2770150491302007,-1.1975090939870414,0.1801562559003966,15.760477548099296,-0.0086848580385415,-0.0046525718134028,2.049361579998712,1.5909016687071973,2.0631763631179325,1.6031209797964134,-0.0178425518936004,-0.0038662001857405,-0.654745050136001,-0.3539909248708389,15.497994636178031,-0.304754386495921,-0.0651866578495894,1.6677174429732704,1.3034898786101206,1.3133174649100672,0.8927488995583762,-0.8714867607884401,-0.9024062917285128,-0.7273539294611201,-0.8079000559004775,15.173482859261345,0.4675710256656176,-0.8568895866102937
0.8548755813137215,0.6898666047103161,0.9374753481454674,0.8201376033910125,-0.1130516308029698,-0.102042555288637,0.3907974323584363,-0.4167007493758044,15.524956868995572,-0.3424587590349467,-0.2060048672856602,0.7988128068704776,0.7837452797202453,0.9834892220251502,0.8190195920766807,-0.0347756024550409,-0.0206989635152093,-0.2166316545136709,-0.3570649122404181,15.520349736963263,-0.2923691691001059,-0.0718597598495952,0.8462042585243308,0.6557883196351839,0.9422204627765098,0.7425435193006922,-0.1529078430486997,-0.1434742888999537,-0.6103795039206095,-0.68493253992511,15.29388283529362,-0.5925672761516012,-0.0721504201734812
0.8000381795853806,0.8248417920897704,0.9155352904521412,0.6914317063289334,-0.1750220533334984,-0.1665695589336575,0.1857384942159264,-0.448649037389416,15.550100025049945,-0.2350460528317464,0.2964579639419413,0.7413049245594104,0.5166057315280034,0.4632576256912343,0.111629381102449,-0.6888606682685362,-0.7062345682367784,-0.2001791225358923,-0.4191900961138373,15.579076464254022,0.0012036939913429,-0.8596778961548739,0.2313215285339991,-0.6785708084037236,0.078587249538011,-1.0024140518428102,-0.347391941441656,-0.3463492193135606,-0.6751546560133144,-0.7061996224664163,15.18058153799512,-0.4088753207683321,-0.3324096150567621
-0.5163189469276668,-0.0618428176960476,0.0753255866131914,0.749608749203172,1.1923586218611044,1.18333629433692,-0.1826867573877829,-1.0707366555039868,15.019533661025209,-0.2043014532552819,0.0156424022140938,1.1743402671255954,0.4264165896255709,-2.4898649618594786,-2.506506882550823,-2.348652025243785,-2.3638153759980476,2.672023392743834,2.636264680959503,16.140131175639485,2.6715540872891013,-2.5127412058982053,-2.3119042617784267,-2.48204071541606,-2.060285398007388,-2.047741886497935,-0.2743390652512905,-0.2628796015483785,-0.2228201758882772,1.6963554279502866,16.17120988143498,0.2175999840015487,-0.3594491493349874
-2.103001944152672,-1.7717299276022944,-1.5687890338520334,-1.0288853657429144,1.1010039942932184,1.0822996985744546,-0.8046552417043762,-0.040185673624003,15.666309236042784,0.2562650282683246,0.7717229186131829,-1.2879852924133537,-1.3816998407410683,-0.9801327667913746,-1.1561396326510809,-0.2979945839757371,-0.2859534008891391,-0.4372993477018135,-0.4607365856666491,15.445045368118256,-0.367221170656703,-0.1399612117368688,-1.0819491897743898,-1.3633359768017292,-1.029935937367819,-1.1026182566643743,-0.0146847520535508,-0.0054794197917322,-0.4667228806015543,-0.7865784473438366,15.160227691530556,-0.4323565632962523,0.1862565802915233
-1.1084845475758902,-0.9819548538733406,-0.755451749943859,-0.6653476365705187,0.6617534898371881,0.659117876867724,0.2058579747999578,-0.42240358164481,15.412025527709266,-0.4178932796416949,0.5734605011307041,-1.099162163860799,-0.2649647788575527,-0.7218516572994018,0.3618966263462121,1.2199412606363411,1.2019555127165875,0.333006367667009,0.1855768083390303,15.740022095389108,0.7461033671263222,1.283268111482471,0.285133230003159,0.485047499876919,0.9873171670762344,0.6010448313601497,0.2039655391263796,0.210736451505115,0.2018413394441406,0.6906400563109302,16.020041820785153,-0.7138579911555992,0.6823232797765649
0.7785763852654847,1.1306784271130037,1.2624485181056542,1.549189808743088,0.9968504357206628,0.982761143140253,-0.8509478819331282,-0.7568619908499926,15.406153139608683,-0.0901157418731128,0.7315080623891693,1.2563314632243263,1.0085780413046777,1.472580499118076,1.0601783625319383,-0.6356638076585438,-0.6238434586323965,-0.1019076288593243,-0.6768137657192029,15.517090181357114,-0.3995940904731703,-0.5292101088308167,1.0271238591117755,1.120556213876562,1.1970067190185,1.1179159320066694,0.1637317765214955,0.1704000448574214,-0.6447730289068458,-0.8564587474384279,15.244074105916283,-0.4412924337530652,0.1313951729497533
1.1235583162192295,1.195654002413282,1.4358735159870617,1.166271572809244,0.0253198047143334,0.0315601467433684,-0.2579007276334988,-0.8883456761098827,15.09786034495228,-1.068982023380313,-0.3536142257199503,1.2716364839650125,0.8770186590136227,1.0034240541039152,0.5846707554072897,-0.8912829029577405,-0.8921274317249427,0.4899239785707027,-0.277147711186279,15.228495777752787,-0.6161036393295531,-1.0207208960726688,0.7266551611383018,0.4522892383493853,0.6038475192883116,0.6919078189984766,0.0726980589713593,0.0785162544667094,0.1374076640271045,-0.0253890701175137,15.288922769571958,-0.6046073951674141,-0.152381341031744
0.5984407973516698,1.111217155620058,0.9593394419882938,1.2145188341021782,0.4455082622851672,0.4491186154921354,-0.8426402619343707,-0.764324628693302,15.05755947833438,-0.1388147836118248,0.0374690633224586,1.109670367437622,1.3784327753986685,1.2880544070071518,0.999022796063726,-0.6686495270416126,-0.6655483235711996,0.5766981207033701,-0.2043101124389106,15.215239519349256,-0.8454656675128999,-0.3125102500391699,0.7970003800125851,1.2587083624810196,1.379398981193832,1.5730667493505004,0.4914853072370214,0.494849793483644,-0.6428266261097855,-0.5224742040106504,14.995887455598018,-0.753733321814455,0.1174456150942764
1.3567577321699489,0.6937396702491719,0.6616138403966975,-0.1430971981882792,-1.3349650762598957,-1.340540470973355,1.3718547406673491,2.175811893554523,15.235336644049044,-0.3382487892129601,-1.3385332738570317,0.4399066411437347,-0.2994077313466158,-0.7353082024541027,-1.113355054466696,-0.8070758413738744,-0.8049012077533111,0.7096034476613405,2.146170411534716,15.371421314377717,1.4054209150114656,-0.6317739764207465,-0.8681588221125186,-1.4092525477707731,-1.115390166065835,-0.5544553626369468,0.560179878961663,0.5616191387242302,-0.0864756300424702,1.6116253374908047,15.35478369821825,-0.3346863434097893,0.2476236669672104
-0.0959933208648272,0.9387953103565482,0.6866591511751253,1.0914282369855073,1.313704435261905,1.3070460363694605,-0.681969715694064,0.8067683786919247,15.24732808575746,0.5654909683262342,1.7864398385826965,0.8653963079402467,-0.1644475867487116,0.1101640735211226,-0.5720900198739346,-1.2315242323273248,-1.234849165257565,-0.1313578085488964,0.6069564622050563,15.25356709103145,-0.8422472144116159,-1.2548221096898091,-1.277385444328673,-1.221023059516592,-1.7887592726232633,-1.7671120768521735,-1.105281285450478,-1.107021840266283,0.6479920014713146,1.0296350779208006,15.37565338877958,2.185797971910797,-0.5184522799823398
-2.293221200400177,-2.036756809900396,-1.5743649858134328,-1.2876993614922134,0.2846450299187142,0.2895474334841212,-1.1650145997846788,-0.2274281474730612,15.148114279675816,-0.7156643533966812,0.6392937253107492,-0.9982381163952118,-1.4182659977014702,-1.7822331721999705,-1.877324369132036,-1.074017685681801,-1.077911046957752,2.7232083157067,2.629376363300375,16.13215643321042,1.9262182676110096,-1.5411967620483034,-1.6643186245258668,-1.8589431386258288,-1.4089844413449502,-1.3854184226884296,0.4275960147261256,0.4324838323912594,-1.0461426029581915,-0.2078040913999063,15.453477810887122,-0.8877850340885602,0.857114054690276
-1.7681764380474043,-1.5287813268074768,-1.272084828956799,-1.3214018193489725,0.1735289263557912,0.1787577135810823,-0.7925913427254628,-1.2259573832911912,14.988952296553656,-0.7644038640247451,0.1734412282475136,-1.1523947740679084,-1.3548211248482378,-1.1596076945217648,-1.3161971401975945,-0.1422941883786546,-0.1380065318674302,0.8572053948159962,-0.1332554239620998,15.509124347822684,-0.7943033418067533,-0.3914537114555878,-1.5376009002188726,-1.4084601103675305,-1.1669783501759523,-1.034900097634428,0.3531645742149378,0.3573156602393336,-0.2508468712780533,-0.2198468020689208,15.478660028427978,-1.081953512542383,0.6041112997251331
-1.232581596304574,-1.353035324372324,-1.2538041457090452,-1.3408101858093244,-0.7209669701152338,-0.7208723023262129,-0.3549725090327062,-0.4487488198238425,15.367277195655989,-0.8173570696563156,1.3388068711482908,-1.3060463679616316,-1.533198712712839,-1.894008012124778,-1.9309426666965424,-1.3597285623980977,-1.3638172912650628,0.4763909835333416,0.4559116509769658,15.75933295775838,0.9228940604635598,-1.0236704300995922,-1.743602976566228,-1.298307624600063,-1.595202158690852,-0.9159637113703856,1.988226477667628,1.976530439265026,0.385632812633049,1.2305961263162033,16.14448448269186,0.6624245166473292,0.6377936567822995
-1.0528479238386403,-1.4206555674036845,-1.3480385840198887,-0.9383535857410422,0.0294776527468456,0.0342180047119987,-1.130750475558454,-1.113022154637461,15.1230595569938,-0.0533585671484986,-0.629765344530906,-0.952032392558904,-1.1324064727569485,-0.9284933236659269,-1.219113491967348,-0.221514340949226,-0.2177537946884916,-0.5498211261928575,-1.2198827699192007,14.84748470060211,-0.6039048085511295,-0.9676399199339212,-1.1344346230620868,-1.2042931427392276,-0.7642009012259332,-0.9285459242321497,0.4445178024650354,0.4486031933270918,-0.2188468033567884,-1.16172965306718,14.701589886699232,-1.1530957464570248,0.332354987663069
-0.8951576252705984,-1.1781125179597518,-0.7664860518092171,-0.910064978790348,0.1268450533218837,0.1312608320052065,1.1918378683305315,-0.2790195665912487,15.182494925424107,-1.0544347199392663,0.920098066543428,-1.0531652141461332,-1.4082129058296355,-1.4217273423633163,-1.5226106136698925,-0.7883643262178437,-0.7894301089011679,-0.5577941083378266,-0.6002785274544283,15.020403239073802,0.4009936156907576,0.0597622976396199,-1.3990712201948252,-1.465063767671586,-0.9104215486435148,-1.1006613565099317,0.6256259650372856,0.6293218687580535,0.6538970350876389,0.0526961353001485,15.296615201233202,-1.1973247777925042,0.6170023028239373
-0.5029026638122938,-0.3382126040291773,-0.578772101624383,-0.4302811293787038,0.8779759475408678,0.8798187828064131,-0.6582006544408926,-0.3436580082043938,15.035957220081473,0.3670343766519461,0.6840780287728253,-0.1447352652161692,0.0397158511549809,0.8389228242919338,0.6632743616734365,0.826218489767217,0.8268263810628563,-0.1464876315219922,-0.2605108581587988,15.0245010526005,-0.798054766615268,-0.2729925841844595,1.0180205924225936,0.8734272135105058,0.0751279178936297,-0.5100679430855741,-0.9933659929719968,-0.9955260697897708,1.0887359252920092,0.9038575609354258,15.42366785075496,1.1317123066235533,-1.2386222942628506
-0.8807696852363281,-0.2863560750838264,0.0639088117562912,0.1349989736642541,0.6889007973773925,0.6897673290447154,-0.0338577910669294,1.9175351744770015,15.4115188959907,-0.4966542934527841,1.3997987135058414,-0.929541187341506,-0.1715342931005453,-0.8378460643621086,0.9489810565069552,0.6391301600621473,0.6396987682637876,-0.971334489632822,0.475764086993682,15.087908352563144,0.9263796723599322,0.1707116507633974,-1.865769150667627,-1.649012810705017,-2.5126612272812445,-2.549210328968417,-2.5423167185494324,-2.5508032696901086,1.1620701386095589,1.5137815255939242,15.495444398396396,2.3934640573866064,-2.0280325741413945
-2.58206703890912,-2.4950680245304704,-2.0446722854178496,-1.653023847276337,0.4894507560619028,0.4881905488626247,-0.2227064227893256,1.1976299180322234,15.551916043212714,-0.0882474764713095,0.1635948328679212,-1.531745631965234,-1.4736293027606857,-1.1009540028710068,-0.9155027880850656,0.7123336178385129,0.706373062012723,-1.133855325939923,-0.3707619356164276,15.187351215753711,-0.6006218954261029,0.6158369659456016,-1.1066973341059638,-0.927092238428841,-0.9738399204543275,-0.7775456050078519,0.1078486921047334,0.1125011939912829,0.8778830659034448,0.5462411097486378,15.49712046976553,0.2959593912119052,-1.2738267170777866
-0.5606473871812122,-0.1837853786505601,-0.292210502643968,-0.0468650531955331,0.7790748817444235,0.7700020836067124,1.0969330250180038,1.6924179021246708,15.876762797738374,0.3119346615192327,1.0883532970742114,0.0877569958438743,0.7927469845360858,0.2961431408074023,0.8816723189991755,0.9542225812397956,0.9411823152683532,-1.2773866706718096,-0.5307064288440932,15.458402782077156,1.0696544836112325,0.5140759502827129,1.4096231048844137,1.585511379208414,1.6775746753491034,1.7096972725886834,1.0408153537517577,1.0262653659898446,0.1300509029250569,-0.3493775904206472,15.601185051220316,-0.2618415525912058,0.7306569908923279
1.7134833320454097,1.1942243244715671,1.4957071988281283,1.112994536082866,-0.5697999090908895,-0.5577704606933465,-0.8901792904536883,-1.3448923542356148,15.30418121137351,-1.079885892964178,-1.0040990277820674,1.2429095575940028,1.616048972045868,1.4134191342538736,1.6692314484340085,1.0113316643152217,0.9976798240654584,0.469867758531809,-0.5054678273561896,15.49732513041006,0.6453392086175512,1.1539951695902355,1.7559045139210834,1.7247583251935823,1.798107075783934,1.7173612187974006,0.5874652895088457,0.5844308943134121,-1.0938827194982237,-1.530715866320206,15.119971296178871,-0.4495320775725661,1.1130196445001754
1.9578746103306148,1.943766223489826,1.891739943703051,1.8574632900783687,1.4021784912849886,1.3942003501296782,2.140558912827561,0.9831187957670114,15.849562528149738,0.9181780914150324,1.9621944817947008,1.5546209374125457,1.4839968569569495,1.4396265041526268,1.230535524118203,-1.7190266283930706,-1.7259157010274262,-0.8565711045385499,-0.527467995745432,15.445162973646324,0.8197118438881127,-1.407875501987043,1.2466955586216024,1.1606196751884568,1.319962066749475,1.1363601068128957,-0.3468700988020091,-0.3412374051434408,-0.6848195486109878,-1.1919211562333496,15.168610272664491,-1.2215021451091117,0.20792906790478
1.180309131039147,0.932429521258158,1.085906608933916,1.1159193297768284,-0.3375516708228505,-0.3317979201516519,-0.4073828167070213,-1.2014664496300818,14.991608750004229,-1.162848432800369,-0.432081961409984,0.9884321418934872,0.9348482462586574,1.0212180632196546,0.9337152269468127,-0.7653200898776461,-0.7619904274197733,1.2452357359360666,0.5392590110371006,15.489087099089618,-0.7258424461058675,-0.1535530402988355,0.5664290631115305,0.7536499642682997,0.5463279069872284,0.846367817732549,-0.4621337846979275,-0.4579431099926334,-0.0577918149916312,0.6993052958316938,15.54418839982501,1.0961179561586234,0.1196356858801645
1.044273275876638,0.6437413804361294,0.9173925521780156,0.693423464122483,-0.4507111556921528,-0.447546384037944,-0.2823026226137043,0.4730434049353654,15.471393219564456,-1.1157328524169745,-0.7369482248466361,0.8259622520826428,0.6795708380522636,0.9407196374967804,0.9057834827732542,-0.1782344667266816,-0.1738379141546248,0.9543672063267352,1.8280498360758044,15.944158962696788,-1.176017026011378,-0.3896737765583566,2.7370406306783637,2.7719517302415477,2.6714487371057625,2.7822753581141573,2.734135975350328,2.723806529299081,0.8875815834263547,2.230284532083218,16.43676761280825,2.5796517592948596,2.550081637884277
1.8548460819157129,1.8054556609538583,2.202632738629406,1.815991034281656,-0.5551157750875034,-0.5660152448182737,-1.23961594359146,-0.1684764278340501,15.790632847239047,-0.4432496211635179,-0.3165834171412968,1.2856922071004857,1.4905557615875618,1.579970217720487,1.5948578047100768,0.0776316488661869,0.0958810110541016,-0.5393519430428521,-0.4486771104253459,15.59042917949356,0.3997917847523385,-0.0896595630244463,1.2876558800059736,1.353140552407218,1.4577804421796146,1.3870874050249344,-0.1390269593695678,-0.1299265402009465,-0.5353396394222388,-0.7085290028557018,15.422866504610896,0.2270427796197497,-0.1542224642176771
1.055047423820155,1.2420782179272611,1.2648819188720577,1.2844041182551318,-0.0660970386986911,-0.0539090580670089,-0.0994282211755499,-0.6871982637347126,15.477332359870855,0.5123820649216839,0.0220266733608694,1.0950600747800383,0.9916139908153444,1.1790024467276516,0.9835416892620388,-0.5498691731672238,-0.5613043621035141,-0.0724520736221604,-0.6805950557374391,15.566205121227034,-0.5680417825491973,-0.8470407301219534,0.8713084912715026,0.935405090494442,0.9824928290293264,0.9322600355572817,-0.1907732984315024,-0.1837678512920686,-0.6033531376131662,-0.8748495779889955,15.379574673793863,0.0195319635776762,-0.1537831907156658
0.852023126318768,0.7276571122796947,0.8888093182394861,0.5883468475068094,-0.7156145357256117,-0.7362741981734938,1.422266793456038,0.0728421425156824,15.8933133826806,-0.4821613136860271,-0.7223415499327605,0.6129992427086615,0.4865957009368108,0.596438377653705,0.600361949029271,-0.2249674552201173,-0.2190401948877529,-0.5283558404740547,-0.2620721222600082,15.768850324646175,-0.3466414149760205,-0.2451578916956645,0.6002613464033123,1.473997018460998,0.8343943245995895,1.3710562579759669,-0.0987664076857044,-0.0874714686826387,0.0347892341882908,-0.0046638258853104,15.821238415133411,0.5618173440786556,0.0554581978419118
1.504793271658902,1.759852747815508,1.6709977621211134,1.874307859247246,1.2559601657557753,1.2491323215107542,-0.0527627631184447,1.0846086155055916,15.7780250881195,0.8080878719405797,1.947163017898968,1.998209978977561,1.914973025565272,2.0684627222390493,1.9777737008507783,0.4617939013541832,0.4627109486751971,0.6899388999365245,1.8625090016718049,15.977418905278183,-0.8490556001944002,0.5715248008901356,2.1077447971208536,1.8604411032209105,1.9613708677169437,1.7715190209740077,0.0105953985424027,0.0144764558846375,0.0298085555189783,1.5170813059044428,16.050683779032667,-0.861980957737205,0.1979000953121133
1.6395243294429116,1.495274293056007,1.200669853204113,0.784584099935318,-1.8647948434003945,-1.8717539669042635,-1.2496599126673966,-0.2878113176679073,15.741961309384797,1.1502119952391106,-1.3820296229891351,0.8004271884992804,0.6208137957709648,0.8061550478277806,0.4372305325971869,-0.6473882095792683,-0.6431373415088243,-0.5893372297431376,-0.8981755076690924,15.619396371647998,-0.6625060856516688,0.3132571427247534,0.7636533926998852,0.5174628305272042,0.5915617079331477,0.6842078751715834,0.3645503670942219,0.3673769293527701,1.5771178788169748,0.952924568586595,16.08296586255,-0.3414044628962673,-0.9020262271890864
0.4714265333159286,1.1530383360520915,0.6501866903729709,1.4586345431593335,1.3512862037520368,1.3412773737348265,-1.422815481251798,-1.742135348821941,15.51277636394761,1.6954118000787015,1.5849010462699111,1.2607367469898687,1.1412761075451574,0.4453302315439428,-0.2575378819134193,-2.070426771441613,-2.0826155105838935,0.4715490835202024,-0.9558713462676056,15.646955536157453,1.8102340563922237,-1.3914554086615816,-0.4058450235814735,-0.7370801670271117,-0.2153752655751575,-0.8667843478362365,-0.4573273159274064,-0.4488693536559578,-1.0428476097025992,-1.5851111321139677,15.260026892144444,-0.947609247778165,-1.1054326252639803
-0.9108094359760532,-1.3697133849516323,-1.27201104287402,-0.8839806569099006,0.0773523251117773,0.084241357000739,0.8096104491770627,-0.7726289761207449,15.49341072113103,-0.648782592550324,0.5886675255861691,-1.081017212195536,-1.3648004374887472,-1.943172885466482,-1.7142581147742872,-0.9261143074006946,-0.9237780255379416,1.2178622907385814,0.5294897802326064,15.88647892850314,0.2254734282868128,-1.152232219422784,-1.557389600228779,-1.7589183094855176,-1.739078678398182,-1.437604402244636,0.0800039970808566,0.086728996220775,1.0972641892660424,1.8545585228858423,16.28772879928351,-0.938947896677289,1.003627180633206
-1.3987867729786072,-0.8083612032730109,-1.2646633227003423,-0.6849914871517614,0.8667605979641597,0.8670572280528177,-1.3148958096844328,-0.4301489356046292,15.57115931297509,0.1664121323663227,0.6480020077375925,-0.8208761361646787,-1.009274112032882,-0.9603466463874004,-0.8422200192372237,-0.2040184510779507,-0.1972372862380695,-0.3794221830950832,-0.573708303898102,15.460470235485817,-0.7344879120935833,-0.6464104137159894,-0.722533693986921,-0.7769316901372811,-0.8627449798884241,-0.9792319919490292,-0.2223939835307156,-0.2156482971146293,0.3165083516491927,-0.0940135526737484,15.6494832135563,-0.457125807667022,0.2214754641041753
-1.0023335537113909,-0.8742615601031861,-0.8767592493001657,-0.3223002688743689,0.7681034465969561,0.7687573777654819,-0.3442986077860371,-0.1400708370957328,15.527757914839308,-0.7304639664412708,-0.6997786680587256,0.063068579349705,0.7178245188038883,0.7534450651566965,1.9749429963081129,1.7719845494924455,1.753134401430863,0.396858008858645,0.3123672395337589,15.71473348012676,0.5233971404128228,0.9554760194187762,2.114423679994453,1.8708677968203375,1.869936215190195,0.8821563772057823,-0.980356680270574,-0.9846045474730084,0.3628226308855696,0.7763064128481523,15.897648585855254,0.9146774552241668,-0.2375901584019919
0.9649451933194942,0.4332249160573077,0.9278210981894792,1.022952650840826,0.1740376351515802,0.1797855416118428,-1.5181926307407816,-1.218285243986229,15.25114279037752,-0.8126367832924988,-0.6976929037092052,0.930234218894874,0.3431736888897937,1.1819621645995255,0.7330403018785946,-0.2722465576170701,-0.2682136482065924,0.3860013626381011,-0.767304273799774,15.428183432262376,-1.5296887954854912,-0.1537632508862948,0.668675994381009,0.1192330609272428,0.3066780692413202,0.076937561498313,-0.7126012891226244,-0.7141990206188534,2.1928802734461925,1.671245686631481,16.23094216646872,-0.3482944412758912,-0.7702732844649861
