open_std_0,high_std_0,low_std_0,close_std_0,daily_return_std_0,log_return_std_0,volume_change_std_0,relative_volume_std_0,log_volume_0,high_low_range_std_0,excess_return_std_0,open_std_1,high_std_1,low_std_1,close_std_1,daily_return_std_1,log_return_std_1,volume_change_std_1,relative_volume_std_1,log_volume_1,high_low_range_std_1,excess_return_std_1,open_std_2,high_std_2,low_std_2,close_std_2,daily_return_std_2,log_return_std_2,volume_change_std_2,relative_volume_std_2,log_volume_2,high_low_range_std_2,excess_return_std_2
1.224613135693294,1.0011731703562636,0.8429327292438599,0.2332228712253755,-1.3938553840249983,-1.404295433347632,0.0078905688911571,0.0,16.82196024432645,0.228469850316593,0.0,0.2148761546808641,0.8806713945200301,0.521671971217786,0.9148207757052904,0.9619592688129084,0.9626476517952056,2.030390029241127,0.0,17.169798041648086,0.7368984828696794,0.0,1.024470379389202,1.4556526512061745,1.0686899124164664,1.602481454940072,0.7978195703742331,0.7984407457507756,-0.1317892742700957,0.0,17.172010424133546,0.5908747944021996,0.0
0.2148761546808641,0.8806713945200301,0.521671971217786,0.9148207757052904,0.9619592688129084,0.9626476517952056,2.030390029241127,0.0,17.169798041648086,0.7368984828696794,0.0,1.024470379389202,1.4556526512061745,1.0686899124164664,1.602481454940072,0.7978195703742331,0.7984407457507756,-0.1317892742700957,0.0,17.172010424133546,0.5908747944021996,0.0,1.6225452229284083,2.0746142200415476,1.867609459606447,1.9755233002763068,1.0001263420724382,0.9972034549419316,-0.3029654183434285,0.0,17.128608734802956,0.2919626567639059,0.0
1.024470379389202,1.4556526512061745,1.0686899124164664,1.602481454940072,0.7978195703742331,0.7984407457507756,-0.1317892742700957,0.0,17.172010424133546,0.5908747944021996,0.0,1.6225452229284083,2.0746142200415476,1.867609459606447,1.9755233002763068,1.0001263420724382,0.9972034549419316,-0.3029654183434285,0.0,17.128608734802956,0.2919626567639059,0.0,1.685667319089902,1.8021088989109568,1.8739660850592488,1.5888094846834595,-0.6248699751209178,-0.618860666537021,-0.9942633056637024,0.0,16.90519759315827,-0.726555119501949,0.0
1.6225452229284083,2.0746142200415476,1.867609459606447,1.9755233002763068,1.0001263420724382,0.9972034549419316,-0.3029654183434285,0.0,17.128608734802956,0.2919626567639059,0.0,1.685667319089902,1.8021088989109568,1.8739660850592488,1.5888094846834595,-0.6248699751209178,-0.618860666537021,-0.9942633056637024,0.0,16.90519759315827,-0.726555119501949,0.0,1.4030521205099773,1.090641391548628,1.3801932297364017,0.9556961885501564,-0.9941674818452244,-0.9959124597420684,0.9585632889177134,0.0,17.09724853715202,-1.0494332861612616,0.0
1.685667319089902,1.8021088989109568,1.8739660850592488,1.5888094846834595,-0.6248699751209178,-0.618860666537021,-0.9942633056637024,0.0,16.90519759315827,-0.726555119501949,0.0,1.4030521205099773,1.090641391548628,1.3801932297364017,0.9556961885501564,-0.9941674818452244,-0.9959124597420684,0.9585632889177134,0.0,17.09724853715202,-1.0494332861612616,0.0,1.7564142932756095,1.761274924418346,1.6592426345351077,1.811931362463077,1.46910543716727,1.4560573629196798,-0.2967586451531546,0.0,17.053486842097744,-0.1481151165741177,0.0
1.4030521205099773,1.090641391548628,1.3801932297364017,0.9556961885501564,-0.9941674818452244,-0.9959124597420684,0.9585632889177134,0.0,17.09724853715202,-1.0494332861612616,0.0,1.7564142932756095,1.761274924418346,1.6592426345351077,1.811931362463077,1.46910543716727,1.4560573629196798,-0.2967586451531546,0.0,17.053486842097744,-0.1481151165741177,0.0,1.894734306881139,2.035562283944945,1.8632616590389603,1.8903271389394471,0.932716273130841,0.9327564082744086,1.570742574383707,0.0,17.392673254916705,1.029233043688646,0.0
1.7564142932756095,1.761274924418346,1.6592426345351077,1.811931362463077,1.46910543716727,1.4560573629196798,-0.2967586451531546,0.0,17.053486842097744,-0.1481151165741177,0.0,1.894734306881139,2.035562283944945,1.8632616590389603,1.8903271389394471,0.932716273130841,0.9327564082744086,1.570742574383707,0.0,17.392673254916705,1.029233043688646,0.0,1.593007930046648,1.3079122430669776,1.377659173704532,0.8875883068608096,-1.5525895178146418,-1.5686643895235124,-1.1492622575338676,0.2415834050162376,17.149146222121324,-0.3537802544711155,0.0
1.894734306881139,2.035562283944945,1.8632616590389603,1.8903271389394471,0.932716273130841,0.9327564082744086,1.570742574383707,0.0,17.392673254916705,1.029233043688646,0.0,1.593007930046648,1.3079122430669776,1.377659173704532,0.8875883068608096,-1.5525895178146418,-1.5686643895235124,-1.1492622575338676,0.2415834050162376,17.149146222121324,-0.3537802544711155,0.0,1.079083580719379,0.9028641375832868,1.187376492220384,0.9932221266499152,0.1311225927732547,0.140833497778311,0.0405447486136464,0.2708478051537436,17.211430739668433,-1.7673842817241652,-0.5319864668537464
1.593007930046648,1.3079122430669776,1.377659173704532,0.8875883068608096,-1.5525895178146418,-1.5686643895235124,-1.1492622575338676,0.2415834050162376,17.149146222121324,-0.3537802544711155,0.0,1.079083580719379,0.9028641375832868,1.187376492220384,0.9932221266499152,0.1311225927732547,0.140833497778311,0.0405447486136464,0.2708478051537436,17.211430739668433,-1.7673842817241652,-0.5319864668537464,0.8956293837897331,1.2893742335550622,0.9238230434634548,1.4662455058243582,0.6061237304585197,0.6061825788748139,2.145900526964323,2.4799148975613026,17.834790298090027,1.3038501564834224,0.4466129484506233
1.079083580719379,0.9028641375832868,1.187376492220384,0.9932221266499152,0.1311225927732547,0.140833497778311,0.0405447486136464,0.2708478051537436,17.211430739668433,-1.7673842817241652,-0.5319864668537464,0.8956293837897331,1.2893742335550622,0.9238230434634548,1.4662455058243582,0.6061237304585197,0.6061825788748139,2.145900526964323,2.4799148975613026,17.834790298090027,1.3038501564834224,0.4466129484506233,2.678231687587848,2.7349703758411685,2.66820462323079,2.7049644644777637,2.713194734639245,2.684171938861002,2.3968486528980035,2.6821294075195325,18.829312173968415,2.5952478007160087,2.7699635131554485
0.8956293837897331,1.2893742335550622,0.9238230434634548,1.4662455058243582,0.6061237304585197,0.6061825788748139,2.145900526964323,2.4799148975613026,17.834790298090027,1.3038501564834224,0.4466129484506233,2.678231687587848,2.7349703758411685,2.66820462323079,2.7049644644777637,2.713194734639245,2.684171938861002,2.3968486528980035,2.6821294075195325,18.829312173968415,2.5952478007160087,2.7699635131554485,1.8588263165335028,1.858362370185511,1.9430119055554695,1.7899948016308391,-0.5874962766400569,-0.6105423449236239,-1.1181581722642315,0.2098261066601882,18.156841505244987,1.387298190259408,-0.4242472539348533
2.678231687587848,2.7349703758411685,2.66820462323079,2.7049644644777637,2.713194734639245,2.684171938861002,2.3968486528980035,2.6821294075195325,18.829312173968415,2.5952478007160087,2.7699635131554485,1.8588263165335028,1.858362370185511,1.9430119055554695,1.7899948016308391,-0.5874962766400569,-0.6105423449236239,-1.1181581722642315,0.2098261066601882,18.156841505244987,1.387298190259408,-0.4242472539348533,1.5418072714637368,1.2432786254885602,1.5754840457567698,1.3707146722149577,-0.4161427135599933,-0.4211951115371641,-0.9427431678278818,-0.7071452484411431,17.564633408296224,-0.4818532381297475,-0.3298453901569699
1.8588263165335028,1.858362370185511,1.9430119055554695,1.7899948016308391,-0.5874962766400569,-0.6105423449236239,-1.1181581722642315,0.2098261066601882,18.156841505244987,1.387298190259408,-0.4242472539348533,1.5418072714637368,1.2432786254885602,1.5754840457567698,1.3707146722149577,-0.4161427135599933,-0.4211951115371641,-0.9427431678278818,-0.7071452484411431,17.564633408296224,-0.4818532381297475,-0.3298453901569699,1.1950317390149203,1.1144723654749822,1.210613215803477,1.3078669869750512,-0.0257843861865296,0.0040960064430784,-0.1640481293759168,-0.6571128794338925,17.667373729795205,0.3261362402841884,-0.1623070736947
1.5418072714637368,1.2432786254885602,1.5754840457567698,1.3707146722149577,-0.4161427135599933,-0.4211951115371641,-0.9427431678278818,-0.7071452484411431,17.564633408296224,-0.4818532381297475,-0.3298453901569699,1.1950317390149203,1.1144723654749822,1.210613215803477,1.3078669869750512,-0.0257843861865296,0.0040960064430784,-0.1640481293759168,-0.6571128794338925,17.667373729795205,0.3261362402841884,-0.1623070736947,1.1508839582793104,0.8092808826575384,0.9313881519702686,0.7474921803597334,-0.9276335548405727,-0.9914523037157684,-0.6004691530594325,-0.8638342530353257,17.40288596733473,-0.0725613079132689,-0.8228797537011052
1.1950317390149203,1.1144723654749822,1.210613215803477,1.3078669869750512,-0.0257843861865296,0.0040960064430784,-0.1640481293759168,-0.6571128794338925,17.667373729795205,0.3261362402841884,-0.1623070736947,1.1508839582793104,0.8092808826575384,0.9313881519702686,0.7474921803597334,-0.9276335548405727,-0.9914523037157684,-0.6004691530594325,-0.8638342530353257,17.40288596733473,-0.0725613079132689,-0.8228797537011052,0.7855554340039638,0.4837424530669063,0.4980604187139999,0.3415702421367496,-0.653492365718329,-0.6842542159630616,-0.2259618861855865,-0.7989082148778204,17.429634164714045,0.239995193350107,-0.5882235913995153
1.1508839582793104,0.8092808826575384,0.9313881519702686,0.7474921803597334,-0.9276335548405727,-0.9914523037157684,-0.6004691530594325,-0.8638342530353257,17.40288596733473,-0.0725613079132689,-0.8228797537011052,0.7855554340039638,0.4837424530669063,0.4980604187139999,0.3415702421367496,-0.653492365718329,-0.6842542159630616,-0.2259618861855865,-0.7989082148778204,17.429634164714045,0.239995193350107,-0.5882235913995153,0.150291547047508,-0.0023426407705108,0.1526062569001897,0.0222482674139872,-0.4702291489387994,-0.4812436593570398,-0.3393150455034145,-0.7579845818675754,17.32507197021406,-0.6178280775354296,-0.5378383299995136
0.7855554340039638,0.4837424530669063,0.4980604187139999,0.3415702421367496,-0.653492365718329,-0.6842542159630616,-0.2259618861855865,-0.7989082148778204,17.429634164714045,0.239995193350107,-0.5882235913995153,0.150291547047508,-0.0023426407705108,0.1526062569001897,0.0222482674139872,-0.4702291489387994,-0.4812436593570398,-0.3393150455034145,-0.7579845818675754,17.32507197021406,-0.6178280775354296,-0.5378383299995136,0.1063418928965073,-0.0542372909335169,0.1473910282546175,0.1656252340162004,0.0991741884291848,0.1395423842014451,-0.3058804156042795,-0.7272977376200235,17.26432919867015,-0.7306401390640405,-0.0095906806824408
0.150291547047508,-0.0023426407705108,0.1526062569001897,0.0222482674139872,-0.4702291489387994,-0.4812436593570398,-0.3393150455034145,-0.7579845818675754,17.32507197021406,-0.6178280775354296,-0.5378383299995136,0.1063418928965073,-0.0542372909335169,0.1473910282546175,0.1656252340162004,0.0991741884291848,0.1395423842014451,-0.3058804156042795,-0.7272977376200235,17.26432919867015,-0.7306401390640405,-0.0095906806824408,-0.1950478981692867,-0.2784372144425092,-0.058068446752575,-0.0524974547452675,-0.2672256006568275,-0.255890180189844,-0.5191417810906152,-0.7740642121335285,16.99500505838189,-0.7490436807287204,-0.2670729291054456
0.1063418928965073,-0.0542372909335169,0.1473910282546175,0.1656252340162004,0.0991741884291848,0.1395423842014451,-0.3058804156042795,-0.7272977376200235,17.26432919867015,-0.7306401390640405,-0.0095906806824408,-0.1950478981692867,-0.2784372144425092,-0.058068446752575,-0.0524974547452675,-0.2672256006568275,-0.255890180189844,-0.5191417810906152,-0.7740642121335285,16.99500505838189,-0.7490436807287204,-0.2670729291054456,-1.1991074894177864,-1.281859016941836,-0.924542954766398,-0.9327879295680246,-0.3800784654903597,-0.3816073930126472,0.0324741059328192,-0.5826816260231761,17.04666671000606,-1.215985930099604,-0.4415763029998439
-0.1950478981692867,-0.2784372144425092,-0.058068446752575,-0.0524974547452675,-0.2672256006568275,-0.255890180189844,-0.5191417810906152,-0.7740642121335285,16.99500505838189,-0.7490436807287204,-0.2670729291054456,-1.1991074894177864,-1.281859016941836,-0.924542954766398,-0.9327879295680246,-0.3800784654903597,-0.3816073930126472,0.0324741059328192,-0.5826816260231761,17.04666671000606,-1.215985930099604,-0.4415763029998439,-1.4805063128567202,-1.3117996607918052,-1.3604464633768678,-1.397516063648126,-0.7410702236548535,-0.740993413269626,0.7445576723158696,-0.2373982287889809,17.066950412424156,-0.8424412277504745,-0.364132125990739
-1.1991074894177864,-1.281859016941836,-0.924542954766398,-0.9327879295680246,-0.3800784654903597,-0.3816073930126472,0.0324741059328192,-0.5826816260231761,17.04666671000606,-1.215985930099604,-0.4415763029998439,-1.4805063128567202,-1.3117996607918052,-1.3604464633768678,-1.397516063648126,-0.7410702236548535,-0.740993413269626,0.7445576723158696,-0.2373982287889809,17.066950412424156,-0.8424412277504745,-0.364132125990739,-1.4630860080623385,-1.4065274946207862,-1.3916245217848944,-1.0770185435781392,0.4042893676410276,0.4146692566695816,0.1704650454080015,0.4681039873212205,17.00067657828938,-0.9982857973419444,0.6448845930940642
-1.4805063128567202,-1.3117996607918052,-1.3604464633768678,-1.397516063648126,-0.7410702236548535,-0.740993413269626,0.7445576723158696,-0.2373982287889809,17.066950412424156,-0.8424412277504745,-0.364132125990739,-1.4630860080623385,-1.4065274946207862,-1.3916245217848944,-1.0770185435781392,0.4042893676410276,0.4146692566695816,0.1704650454080015,0.4681039873212205,17.00067657828938,-0.9982857973419444,0.6448845930940642,-0.6867339327258533,-0.5496007210653994,-0.8352465067756459,-0.992071238656176,0.1185766058917612,0.1298569991834571,2.283349570630797,2.084793435930504,17.359150373229443,0.2310211640672068,1.0879807069338805
-1.4630860080623385,-1.4065274946207862,-1.3916245217848944,-1.0770185435781392,0.4042893676410276,0.4146692566695816,0.1704650454080015,0.4681039873212205,17.00067657828938,-0.9982857973419444,0.6448845930940642,-0.6867339327258533,-0.5496007210653994,-0.8352465067756459,-0.992071238656176,0.1185766058917612,0.1298569991834571,2.283349570630797,2.084793435930504,17.359150373229443,0.2310211640672068,1.0879807069338805,-0.9786958408625648,-1.2275340521006677,-1.1665322209859508,-1.2010744008842351,0.2663649584024697,0.2759844453498802,-1.3999282417155092,0.4743557451409599,16.926052606969566,-1.067930049104644,0.1689760498866944
-0.6867339327258533,-0.5496007210653994,-0.8352465067756459,-0.992071238656176,0.1185766058917612,0.1298569991834571,2.283349570630797,2.084793435930504,17.359150373229443,0.2310211640672068,1.0879807069338805,-0.9786958408625648,-1.2275340521006677,-1.1665322209859508,-1.2010744008842351,0.2663649584024697,0.2759844453498802,-1.3999282417155092,0.4743557451409599,16.926052606969566,-1.067930049104644,0.1689760498866944,-0.7469703377250521,-0.9865838320623428,-1.2350922370712965,-0.8627818776214784,0.6537757768274792,0.6607876438150971,-0.3347635346105951,0.208284356779927,16.812132485658637,-0.3020513323737253,0.2567995255175734
-0.9786958408625648,-1.2275340521006677,-1.1665322209859508,-1.2010744008842351,0.2663649584024697,0.2759844453498802,-1.3999282417155092,0.4743557451409599,16.926052606969566,-1.067930049104644,0.1689760498866944,-0.7469703377250521,-0.9865838320623428,-1.2350922370712965,-0.8627818776214784,0.6537757768274792,0.6607876438150971,-0.3347635346105951,0.208284356779927,16.812132485658637,-0.3020513323737253,0.2567995255175734,-1.5567030655625835,-1.5332700647810296,-1.4818182638952924,-1.1074702410327617,-0.3408680573151,-0.3365043443355735,0.1515008584100627,0.3888162056477816,16.800753055690816,-0.9949063508112052,0.1833007528594427
-0.7469703377250521,-0.9865838320623428,-1.2350922370712965,-0.8627818776214784,0.6537757768274792,0.6607876438150971,-0.3347635346105951,0.208284356779927,16.812132485658637,-0.3020513323737253,0.2567995255175734,-1.5567030655625835,-1.5332700647810296,-1.4818182638952924,-1.1074702410327617,-0.3408680573151,-0.3365043443355735,0.1515008584100627,0.3888162056477816,16.800753055690816,-0.9949063508112052,0.1833007528594427,-0.4385195584586484,-0.7256113016507215,-0.836071734317821,-1.123695921944562,-0.164085030219149,-0.1585199494532672,0.0445774171895454,0.4266560576004224,16.77442328525502,-0.0632029471592932,-0.7287945029273759
-1.5567030655625835,-1.5332700647810296,-1.4818182638952924,-1.1074702410327617,-0.3408680573151,-0.3365043443355735,0.1515008584100627,0.3888162056477816,16.800753055690816,-0.9949063508112052,0.1833007528594427,-0.4385195584586484,-0.7256113016507215,-0.836071734317821,-1.123695921944562,-0.164085030219149,-0.1585199494532672,0.0445774171895454,0.4266560576004224,16.77442328525502,-0.0632029471592932,-0.7287945029273759,-0.2769804155287351,0.6244209703438363,0.2400712585532378,0.5572489787328527,2.278485368303717,2.2601380026098012,2.5910811044778077,2.527209498337608,17.645262229174566,1.1810713320019028,2.257932000975695
-0.4385195584586484,-0.7256113016507215,-0.836071734317821,-1.123695921944562,-0.164085030219149,-0.1585199494532672,0.0445774171895454,0.4266560576004224,16.77442328525502,-0.0632029471592932,-0.7287945029273759,-0.2769804155287351,0.6244209703438363,0.2400712585532378,0.5572489787328527,2.278485368303717,2.2601380026098012,2.5910811044778077,2.527209498337608,17.645262229174566,1.1810713320019028,2.257932000975695,0.9777750070825758,1.0023214146735586,0.9326523497659464,0.3701274016329338,-0.3543417794592559,-0.351004621201975,-0.8523334438767745,0.7264099190871272,17.24944618047393,0.5095091002282687,-0.3485090508846657
-0.2769804155287351,0.6244209703438363,0.2400712585532378,0.5572489787328527,2.278485368303717,2.2601380026098012,2.5910811044778077,2.527209498337608,17.645262229174566,1.1810713320019028,2.257932000975695,0.9777750070825758,1.0023214146735586,0.9326523497659464,0.3701274016329338,-0.3543417794592559,-0.351004621201975,-0.8523334438767745,0.7264099190871272,17.24944618047393,0.5095091002282687,-0.3485090508846657,0.2297995822354417,0.0875237680634043,0.522433006198972,1.2819695406405942,0.5194675129745838,0.526650159632483,-0.9270746223949694,-0.7140183178273177,16.66921838911909,-0.6408015623790126,-0.2810728345762446
0.9777750070825758,1.0023214146735586,0.9326523497659464,0.3701274016329338,-0.3543417794592559,-0.351004621201975,-0.8523334438767745,0.7264099190871272,17.24944618047393,0.5095091002282687,-0.3485090508846657,0.2297995822354417,0.0875237680634043,0.522433006198972,1.2819695406405942,0.5194675129745838,0.526650159632483,-0.9270746223949694,-0.7140183178273177,16.66921838911909,-0.6408015623790126,-0.2810728345762446,2.238731869385376,2.377642707911339,2.250239808217904,2.6255951303261913,2.3997064870726126,2.3866337706968817,1.9581600892967688,1.5758435259420664,17.64148973999,2.3685316992985097,2.045252083654814
0.2297995822354417,0.0875237680634043,0.522433006198972,1.2819695406405942,0.5194675129745838,0.526650159632483,-0.9270746223949694,-0.7140183178273177,16.66921838911909,-0.6408015623790126,-0.2810728345762446,2.238731869385376,2.377642707911339,2.250239808217904,2.6255951303261913,2.3997064870726126,2.3866337706968817,1.9581600892967688,1.5758435259420664,17.64148973999,2.3685316992985097,2.045252083654814,2.478899939065311,1.9761160755319185,2.4237847055320643,1.7790190016847771,-0.3909668386386546,-0.3893342785633579,-0.6311665489075449,0.2566664507819876,17.31834355645434,-0.1247802686279661,-0.5597460283942046
2.238731869385376,2.377642707911339,2.250239808217904,2.6255951303261913,2.3997064870726126,2.3866337706968817,1.9581600892967688,1.5758435259420664,17.64148973999,2.3685316992985097,2.045252083654814,2.478899939065311,1.9761160755319185,2.4237847055320643,1.7790190016847771,-0.3909668386386546,-0.3893342785633579,-0.6311665489075449,0.2566664507819876,17.31834355645434,-0.1247802686279661,-0.5597460283942046,1.8318786886066976,1.576186073405695,1.666669476726938,1.3358171116322506,-0.4141530619398115,-0.4131432355340015,-0.0741005665070181,0.4906405438672672,17.418328211371012,0.5832836536804238,0.3159283233347293
2.478899939065311,1.9761160755319185,2.4237847055320643,1.7790190016847771,-0.3909668386386546,-0.3893342785633579,-0.6311665489075449,0.2566664507819876,17.31834355645434,-0.1247802686279661,-0.5597460283942046,1.8318786886066976,1.576186073405695,1.666669476726938,1.3358171116322506,-0.4141530619398115,-0.4131432355340015,-0.0741005665070181,0.4906405438672672,17.418328211371012,0.5832836536804238,0.3159283233347293,0.8034910403940239,0.7217474987868951,1.002778260307751,1.1345743567627786,-0.2497664042212092,-0.2447688328121612,-0.82689448038118,-0.9462838314988024,16.782452385515448,-0.6863909457544696,-0.3839036275957137
1.8318786886066976,1.576186073405695,1.666669476726938,1.3358171116322506,-0.4141530619398115,-0.4131432355340015,-0.0741005665070181,0.4906405438672672,17.418328211371012,0.5832836536804238,0.3159283233347293,0.8034910403940239,0.7217474987868951,1.002778260307751,1.1345743567627786,-0.2497664042212092,-0.2447688328121612,-0.82689448038118,-0.9462838314988024,16.782452385515448,-0.6863909457544696,-0.3839036275957137,1.0402001335172435,0.9976426261936978,0.6817289588142567,0.5075832340996744,-0.9926574971234032,-1.010248322189308,0.2315101834654135,-0.4427780507929948,17.095774985682244,1.4328426039941835,-0.4080144022981823
0.8034910403940239,0.7217474987868951,1.002778260307751,1.1345743567627786,-0.2497664042212092,-0.2447688328121612,-0.82689448038118,-0.9462838314988024,16.782452385515448,-0.6863909457544696,-0.3839036275957137,1.0402001335172435,0.9976426261936978,0.6817289588142567,0.5075832340996744,-0.9926574971234032,-1.010248322189308,0.2315101834654135,-0.4427780507929948,17.095774985682244,1.4328426039941835,-0.4080144022981823,0.1947029288007117,0.2885969626243017,0.2969325824447809,0.0316908425315376,-0.7339810677837392,-0.7418168452560719,-0.305331140462181,-0.6010610714520955,17.060638792940107,0.0874486728990724,-0.3197909675410597
1.0402001335172435,0.9976426261936978,0.6817289588142567,0.5075832340996744,-0.9926574971234032,-1.010248322189308,0.2315101834654135,-0.4427780507929948,17.095774985682244,1.4328426039941835,-0.4080144022981823,0.1947029288007117,0.2885969626243017,0.2969325824447809,0.0316908425315376,-0.7339810677837392,-0.7418168452560719,-0.305331140462181,-0.6010610714520955,17.060638792940107,0.0874486728990724,-0.3197909675410597,-0.3738672001335998,-0.0365967348498723,-0.598612435594333,0.0935681030258848,0.0422571257861767,0.0533234587554437,-0.3064347069422645,-0.7311122418986861,17.023446803234076,1.3440226700278703,-0.0394053336159188
0.1947029288007117,0.2885969626243017,0.2969325824447809,0.0316908425315376,-0.7339810677837392,-0.7418168452560719,-0.305331140462181,-0.6010610714520955,17.060638792940107,0.0874486728990724,-0.3197909675410597,-0.3738672001335998,-0.0365967348498723,-0.598612435594333,0.0935681030258848,0.0422571257861767,0.0533234587554437,-0.3064347069422645,-0.7311122418986861,17.023446803234076,1.3440226700278703,-0.0394053336159188,0.9737943887962388,1.4917145857853873,1.4407970097394505,1.971941347486107,2.0066140098127128,1.9961841541159284,0.8689736081046457,1.0328832594106805,17.544634263737194,0.4611096282948991,2.0787806106333897
-0.3738672001335998,-0.0365967348498723,-0.598612435594333,0.0935681030258848,0.0422571257861767,0.0533234587554437,-0.3064347069422645,-0.7311122418986861,17.023446803234076,1.3440226700278703,-0.0394053336159188,0.9737943887962388,1.4917145857853873,1.4407970097394505,1.971941347486107,2.0066140098127128,1.9961841541159284,0.8689736081046457,1.0328832594106805,17.544634263737194,0.4611096282948991,2.0787806106333897,1.4913459102102873,1.6247056091421677,1.70550210705524,1.9150092588587369,0.1869438825153254,0.2025030630927039,-0.228535287338929,0.8363139480266129,17.55611873540282,-0.0430294719276075,0.5365637074831183
0.9737943887962388,1.4917145857853873,1.4407970097394505,1.971941347486107,2.0066140098127128,1.9961841541159284,0.8689736081046457,1.0328832594106805,17.544634263737194,0.4611096282948991,2.0787806106333897,1.4913459102102873,1.6247056091421677,1.70550210705524,1.9150092588587369,0.1869438825153254,0.2025030630927039,-0.228535287338929,0.8363139480266129,17.55611873540282,-0.0430294719276075,0.5365637074831183,1.8851682755612105,2.1915430748222127,1.953190366073984,2.0611514494815757,0.6414194256453903,0.6555569700988076,-0.0364592196468875,0.969640586818815,17.73643584027835,0.883031030128911,0.0850649610035882
1.4913459102102873,1.6247056091421677,1.70550210705524,1.9150092588587369,0.1869438825153254,0.2025030630927039,-0.228535287338929,0.8363139480266129,17.55611873540282,-0.0430294719276075,0.5365637074831183,1.8851682755612105,2.1915430748222127,1.953190366073984,2.0611514494815757,0.6414194256453903,0.6555569700988076,-0.0364592196468875,0.969640586818815,17.73643584027835,0.883031030128911,0.0850649610035882,1.6835919692589982,1.283724445549946,1.4411341594760592,0.785185197276153,-1.607280342912438,-1.648852501199861,-0.1882207147540277,1.048081099402982,17.730351608969492,-0.462337656179894,-1.8812620137826117
1.8851682755612105,2.1915430748222127,1.953190366073984,2.0611514494815757,0.6414194256453903,0.6555569700988076,-0.0364592196468875,0.969640586818815,17.73643584027835,0.883031030128911,0.0850649610035882,1.6835919692589982,1.283724445549946,1.4411341594760592,0.785185197276153,-1.607280342912438,-1.648852501199861,-0.1882207147540277,1.048081099402982,17.730351608969492,-0.462337656179894,-1.8812620137826117,1.1436235977433349,0.7903971657066413,0.9930377434068848,0.8609892367445768,0.1262174650565398,0.1409586309828794,-1.5052556446877043,-1.1028642225880048,17.04181079356045,-0.8745715385117977,-0.315679730720142
1.6835919692589982,1.283724445549946,1.4411341594760592,0.785185197276153,-1.607280342912438,-1.648852501199861,-0.1882207147540277,1.048081099402982,17.730351608969492,-0.462337656179894,-1.8812620137826117,1.1436235977433349,0.7903971657066413,0.9930377434068848,0.8609892367445768,0.1262174650565398,0.1409586309828794,-1.5052556446877043,-1.1028642225880048,17.04181079356045,-0.8745715385117977,-0.315679730720142,1.370923006897213,1.0820869210075492,1.2479456659210988,1.0919023147477669,0.3860508707506346,0.3990112004525096,0.6006914083718311,-0.3508841257957361,17.27582557552938,-0.8992742535660752,-0.0058186187052773
1.1436235977433349,0.7903971657066413,0.9930377434068848,0.8609892367445768,0.1262174650565398,0.1409586309828794,-1.5052556446877043,-1.1028642225880048,17.04181079356045,-0.8745715385117977,-0.315679730720142,1.370923006897213,1.0820869210075492,1.2479456659210988,1.0919023147477669,0.3860508707506346,0.3990112004525096,0.6006914083718311,-0.3508841257957361,17.27582557552938,-0.8992742535660752,-0.0058186187052773,1.0514682627646297,1.2461619685630263,1.1670858693371535,0.6861909256721758,-0.6075003587963981,-0.6016137671907661,-0.5992630331948205,-0.8313056111636898,17.164635429448392,-0.0439369110029656,-0.2055504819370437
1.370923006897213,1.0820869210075492,1.2479456659210988,1.0919023147477669,0.3860508707506346,0.3990112004525096,0.6006914083718311,-0.3508841257957361,17.27582557552938,-0.8992742535660752,-0.0058186187052773,1.0514682627646297,1.2461619685630263,1.1670858693371535,0.6861909256721758,-0.6075003587963981,-0.6016137671907661,-0.5992630331948205,-0.8313056111636898,17.164635429448392,-0.0439369110029656,-0.2055504819370437,0.8911942391921893,1.0621029041801582,1.1742875253493097,0.9684354794187084,0.3212029937941282,0.3335418552474315,-0.2718670909116292,-0.8788184579175877,17.12567762478683,-1.0454811205353258,0.3521296058582893
1.0514682627646297,1.2461619685630263,1.1670858693371535,0.6861909256721758,-0.6075003587963981,-0.6016137671907661,-0.5992630331948205,-0.8313056111636898,17.164635429448392,-0.0439369110029656,-0.2055504819370437,0.8911942391921893,1.0621029041801582,1.1742875253493097,0.9684354794187084,0.3212029937941282,0.3335418552474315,-0.2718670909116292,-0.8788184579175877,17.12567762478683,-1.0454811205353258,0.3521296058582893,0.9654888742939984,0.8790816556718458,1.119754404816807,1.04625962615941,-0.1906531534645026,-0.1771934341266399,-0.1215669278695758,-0.830177145864058,17.137534889801973,-1.6023772645483387,-0.3781925370754767
0.8911942391921893,1.0621029041801582,1.1742875253493097,0.9684354794187084,0.3212029937941282,0.3335418552474315,-0.2718670909116292,-0.8788184579175877,17.12567762478683,-1.0454811205353258,0.3521296058582893,0.9654888742939984,0.8790816556718458,1.119754404816807,1.04625962615941,-0.1906531534645026,-0.1771934341266399,-0.1215669278695758,-0.830177145864058,17.137534889801973,-1.6023772645483387,-0.3781925370754767,0.9229995549697396,0.5824509192559715,0.8671780339568462,0.5609600405107776,-0.8583507755467321,-0.8557529024082331,-1.0827787232861177,-1.411553595555343,16.734750534504442,-1.1562421706232175,-1.0563764493626409
0.9654888742939984,0.8790816556718458,1.119754404816807,1.04625962615941,-0.1906531534645026,-0.1771934341266399,-0.1215669278695758,-0.830177145864058,17.137534889801973,-1.6023772645483387,-0.3781925370754767,0.9229995549697396,0.5824509192559715,0.8671780339568462,0.5609600405107776,-0.8583507755467321,-0.8557529024082331,-1.0827787232861177,-1.411553595555343,16.734750534504442,-1.1562421706232175,-1.0563764493626409,-0.2018667582942242,-0.7634972704308799,0.010555379569314,-0.1473397778743887,-0.589623342040122,-0.5781914446077095,0.3479196948673135,-1.02057621144696,16.76662724416525,-1.4611286379420707,-0.6176851797546445
0.9229995549697396,0.5824509192559715,0.8671780339568462,0.5609600405107776,-0.8583507755467321,-0.8557529024082331,-1.0827787232861177,-1.411553595555343,16.734750534504442,-1.1562421706232175,-1.0563764493626409,-0.2018667582942242,-0.7634972704308799,0.010555379569314,-0.1473397778743887,-0.589623342040122,-0.5781914446077095,0.3479196948673135,-1.02057621144696,16.76662724416525,-1.4611286379420707,-0.6176851797546445,0.6515008373624124,0.3751093485912319,1.0461889722624385,0.9879661685475598,0.7823395564398218,0.7797138454214669,0.1524087432573919,-0.744556141093382,16.75208187864065,-1.1785203997547689,0.5100739122457715
-0.2018667582942242,-0.7634972704308799,0.010555379569314,-0.1473397778743887,-0.589623342040122,-0.5781914446077095,0.3479196948673135,-1.02057621144696,16.76662724416525,-1.4611286379420707,-0.6176851797546445,0.6515008373624124,0.3751093485912319,1.0461889722624385,0.9879661685475598,0.7823395564398218,0.7797138454214669,0.1524087432573919,-0.744556141093382,16.75208187864065,-1.1785203997547689,0.5100739122457715,0.4310993913228711,1.0274646588539138,0.923589584185692,1.4642153599717602,0.4746412859057333,0.4774524188648383,1.0998449426705,0.10545044868712,16.93382769768901,0.0316847060037994,0.4559816923838798
0.6515008373624124,0.3751093485912319,1.0461889722624385,0.9879661685475598,0.7823395564398218,0.7797138454214669,0.1524087432573919,-0.744556141093382,16.75208187864065,-1.1785203997547689,0.5100739122457715,0.4310993913228711,1.0274646588539138,0.923589584185692,1.4642153599717602,0.4746412859057333,0.4774524188648383,1.0998449426705,0.10545044868712,16.93382769768901,0.0316847060037994,0.4559816923838798,1.6586529504852583,1.6925937446274637,1.6152333678279092,1.9429064897551669,0.7611663922795703,0.7605103500753807,0.6931174214605605,1.7264312105738109,17.05184512812721,0.1535386735853932,0.1979700651791202
0.4310993913228711,1.0274646588539138,0.923589584185692,1.4642153599717602,0.4746412859057333,0.4774524188648383,1.0998449426705,0.10545044868712,16.93382769768901,0.0316847060037994,0.4559816923838798,1.6586529504852583,1.6925937446274637,1.6152333678279092,1.9429064897551669,0.7611663922795703,0.7605103500753807,0.6931174214605605,1.7264312105738109,17.05184512812721,0.1535386735853932,0.1979700651791202,1.8836515030194096,1.6951633290363963,1.748504787039986,1.716650521650378,-0.1469066721487739,-0.1398001742305788,-1.4550408389127247,-0.1347480720566779,16.70168468478799,0.1140019336621627,-0.1590552970715647
1.6586529504852583,1.6925937446274637,1.6152333678279092,1.9429064897551669,0.7611663922795703,0.7605103500753807,0.6931174214605605,1.7264312105738109,17.05184512812721,0.1535386735853932,0.1979700651791202,1.8836515030194096,1.6951633290363963,1.748504787039986,1.716650521650378,-0.1469066721487739,-0.1398001742305788,-1.4550408389127247,-0.1347480720566779,16.70168468478799,0.1140019336621627,-0.1590552970715647,2.166151463107445,1.763584393593281,2.0363263672340945,1.560673004275764,0.1121233910458392,0.1181842608533324,1.0982256213263928,1.0128755218569538,16.86128939656166,-0.8791597875442698,0.9441500419933038
1.8836515030194096,1.6951633290363963,1.748504787039986,1.716650521650378,-0.1469066721487739,-0.1398001742305788,-1.4550408389127247,-0.1347480720566779,16.70168468478799,0.1140019336621627,-0.1590552970715647,2.166151463107445,1.763584393593281,2.0363263672340945,1.560673004275764,0.1121233910458392,0.1181842608533324,1.0982256213263928,1.0128755218569538,16.86128939656166,-0.8791597875442698,0.9441500419933038,1.7034825701435696,1.2196277617303373,1.1582855975340784,0.7699926636665227,-1.4075067192870816,-1.4118813522914575,-0.3136669674573716,0.7100939829186667,16.78060840249759,0.6009471873559232,-1.2517798402341158
2.166151463107445,1.763584393593281,2.0363263672340945,1.560673004275764,0.1121233910458392,0.1181842608533324,1.0982256213263928,1.0128755218569538,16.86128939656166,-0.8791597875442698,0.9441500419933038,1.7034825701435696,1.2196277617303373,1.1582855975340784,0.7699926636665227,-1.4075067192870816,-1.4118813522914575,-0.3136669674573716,0.7100939829186667,16.78060840249759,0.6009471873559232,-1.2517798402341158,0.5036332493075069,1.258389058132286,0.7153508517370032,1.3595014069272466,1.090476659491859,1.0855100153105168,1.5473741285969798,1.8646619789966263,17.077614478767707,2.308752479534238,1.437874739454837
1.7034825701435696,1.2196277617303373,1.1582855975340784,0.7699926636665227,-1.4075067192870816,-1.4118813522914575,-0.3136669674573716,0.7100939829186667,16.78060840249759,0.6009471873559232,-1.2517798402341158,0.5036332493075069,1.258389058132286,0.7153508517370032,1.3595014069272466,1.090476659491859,1.0855100153105168,1.5473741285969798,1.8646619789966263,17.077614478767707,2.308752479534238,1.437874739454837,1.344728942407355,0.8409770497307635,0.955683330444858,0.9036884141993528,-0.6919348804441847,-0.6882251430999652,-1.4565702685126938,-0.1703963484737588,16.59470870227289,0.0013500000287112,-0.6851580496705738
0.5036332493075069,1.258389058132286,0.7153508517370032,1.3595014069272466,1.090476659491859,1.0855100153105168,1.5473741285969798,1.8646619789966263,17.077614478767707,2.308752479534238,1.437874739454837,1.344728942407355,0.8409770497307635,0.955683330444858,0.9036884141993528,-0.6919348804441847,-0.6882251430999652,-1.4565702685126938,-0.1703963484737588,16.59470870227289,0.0013500000287112,-0.6851580496705738,1.1957813929743302,0.7385511071090509,1.235475426602043,0.5864661069028221,-0.6866809436664971,-0.6833201579381528,0.1042997503469248,-0.1470701719563114,16.631523944838168,-1.328749330898001,-0.613701817912963
1.344728942407355,0.8409770497307635,0.955683330444858,0.9036884141993528,-0.6919348804441847,-0.6882251430999652,-1.4565702685126938,-0.1703963484737588,16.59470870227289,0.0013500000287112,-0.6851580496705738,1.1957813929743302,0.7385511071090509,1.235475426602043,0.5864661069028221,-0.6866809436664971,-0.6833201579381528,0.1042997503469248,-0.1470701719563114,16.631523944838168,-1.328749330898001,-0.613701817912963,0.931443287476997,0.8249796840789209,0.9777333733122644,0.504033664997902,-0.4504399752653544,-0.4454973008180289,0.4906347211151033,0.325379155218148,16.758485360483892,-0.4081434780291906,0.1415470290123801
1.1957813929743302,0.7385511071090509,1.235475426602043,0.5864661069028221,-0.6866809436664971,-0.6833201579381528,0.1042997503469248,-0.1470701719563114,16.631523944838168,-1.328749330898001,-0.613701817912963,0.931443287476997,0.8249796840789209,0.9777333733122644,0.504033664997902,-0.4504399752653544,-0.4454973008180289,0.4906347211151033,0.325379155218148,16.758485360483892,-0.4081434780291906,0.1415470290123801,0.950810275580094,1.7420187207495923,1.496333912795665,2.0142506336459913,1.6124408652736877,1.60138274689277,0.7680124594460834,1.291093779962655,16.964410213781175,0.1705098109025884,1.1972075775694766
0.931443287476997,0.8249796840789209,0.9777333733122644,0.504033664997902,-0.4504399752653544,-0.4454973008180289,0.4906347211151033,0.325379155218148,16.758485360483892,-0.4081434780291906,0.1415470290123801,0.950810275580094,1.7420187207495923,1.496333912795665,2.0142506336459913,1.6124408652736877,1.60138274689277,0.7680124594460834,1.291093779962655,16.964410213781175,0.1705098109025884,1.1972075775694766,1.3556422289100405,1.8112254065737496,1.746593082574842,1.8984071304597685,-0.0933220155103167,-0.0873090709633439,-0.4137349631411728,0.6277546814844012,16.887796428549205,-0.367680076575049,0.2865754301826761
0.950810275580094,1.7420187207495923,1.496333912795665,2.0142506336459913,1.6124408652736877,1.60138274689277,0.7680124594460834,1.291093779962655,16.964410213781175,0.1705098109025884,1.1972075775694766,1.3556422289100405,1.8112254065737496,1.746593082574842,1.8984071304597685,-0.0933220155103167,-0.0873090709633439,-0.4137349631411728,0.6277546814844012,16.887796428549205,-0.367680076575049,0.2865754301826761,1.5922315817765051,1.2106307573544388,1.34166868522786,0.907414396149917,-1.076650961159054,-1.0825561710969505,-1.073346728819763,-0.9108433087423572,16.55518222220368,-0.6859680541967856,-1.468423988509178
1.3556422289100405,1.8112254065737496,1.746593082574842,1.8984071304597685,-0.0933220155103167,-0.0873090709633439,-0.4137349631411728,0.6277546814844012,16.887796428549205,-0.367680076575049,0.2865754301826761,1.5922315817765051,1.2106307573544388,1.34166868522786,0.907414396149917,-1.076650961159054,-1.0825561710969505,-1.073346728819763,-0.9108433087423572,16.55518222220368,-0.6859680541967856,-1.468423988509178,1.390722255365298,0.8543813898139928,0.8885579100596274,0.482343277169354,-0.4735284979046542,-0.4710738767582147,-0.8320312547664404,-1.603256160537737,16.32356399201911,-0.3560795405027109,-0.5665517780831328
1.5922315817765051,1.2106307573544388,1.34166868522786,0.907414396149917,-1.076650961159054,-1.0825561710969505,-1.073346728819763,-0.9108433087423572,16.55518222220368,-0.6859680541967856,-1.468423988509178,1.390722255365298,0.8543813898139928,0.8885579100596274,0.482343277169354,-0.4735284979046542,-0.4710738767582147,-0.8320312547664404,-1.603256160537737,16.32356399201911,-0.3560795405027109,-0.5665517780831328,-0.6499150305373786,-0.3590810336549143,-0.1751368058559769,-0.236839580397824,-0.7243682410993573,-0.7266516939257905,1.174314977521678,-0.3124860463202871,16.581710226095392,-0.2561254284919383,-0.7778205788790705
1.390722255365298,0.8543813898139928,0.8885579100596274,0.482343277169354,-0.4735284979046542,-0.4710738767582147,-0.8320312547664404,-1.603256160537737,16.32356399201911,-0.3560795405027109,-0.5665517780831328,-0.6499150305373786,-0.3590810336549143,-0.1751368058559769,-0.236839580397824,-0.7243682410993573,-0.7266516939257905,1.174314977521678,-0.3124860463202871,16.581710226095392,-0.2561254284919383,-0.7778205788790705,-0.6178429813914593,-0.6842143809487866,-0.3437362452252984,-1.2167248165705593,-0.9103333378477896,-0.9165000882636684,0.0933588657153491,-0.0548127341236122,16.617378977965586,-0.4397124538363302,-0.5416254714955333
-0.6499150305373786,-0.3590810336549143,-0.1751368058559769,-0.236839580397824,-0.7243682410993573,-0.7266516939257905,1.174314977521678,-0.3124860463202871,16.581710226095392,-0.2561254284919383,-0.7778205788790705,-0.6178429813914593,-0.6842143809487866,-0.3437362452252984,-1.2167248165705593,-0.9103333378477896,-0.9165000882636684,0.0933588657153491,-0.0548127341236122,16.617378977965586,-0.4397124538363302,-0.5416254714955333,-1.7823087709468584,-1.6093996697591777,-1.5815843059317956,-1.082443211001724,0.0475721663652118,0.053539851086073,0.4041833014574716,0.866476483785957,16.69004653355406,-0.4081803716582574,0.0416085376336631
-0.6178429813914593,-0.6842143809487866,-0.3437362452252984,-1.2167248165705593,-0.9103333378477896,-0.9165000882636684,0.0933588657153491,-0.0548127341236122,16.617378977965586,-0.4397124538363302,-0.5416254714955333,-1.7823087709468584,-1.6093996697591777,-1.5815843059317956,-1.082443211001724,0.0475721663652118,0.053539851086073,0.4041833014574716,0.866476483785957,16.69004653355406,-0.4081803716582574,0.0416085376336631,-0.5802062348860773,-1.281962474912582,-1.1678133407904203,-0.9997070311099606,0.0313447419172423,0.0370854185217193,-0.6757849160736141,0.0092133879205311,16.5724081279489,-1.0407371825117004,0.0241505498538453
-1.7823087709468584,-1.6093996697591777,-1.5815843059317956,-1.082443211001724,0.0475721663652118,0.053539851086073,0.4041833014574716,0.866476483785957,16.69004653355406,-0.4081803716582574,0.0416085376336631,-0.5802062348860773,-1.281962474912582,-1.1678133407904203,-0.9997070311099606,0.0313447419172423,0.0370854185217193,-0.6757849160736141,0.0092133879205311,16.5724081279489,-1.0407371825117004,0.0241505498538453,-1.231711030842725,-1.654142870388283,-1.7734319154546845,-1.8645067387590528,-1.5191414177051414,-1.5387075070365612,0.9600293545386508,1.0762086754613522,16.77032713469142,0.1138065696430008,-0.7293498373994375
-0.5802062348860773,-1.281962474912582,-1.1678133407904203,-0.9997070311099606,0.0313447419172423,0.0370854185217193,-0.6757849160736141,0.0092133879205311,16.5724081279489,-1.0407371825117004,0.0241505498538453,-1.231711030842725,-1.654142870388283,-1.7734319154546845,-1.8645067387590528,-1.5191414177051414,-1.5387075070365612,0.9600293545386508,1.0762086754613522,16.77032713469142,0.1138065696430008,-0.7293498373994375,-0.6477577141166391,-0.7849372829199397,-1.0737531910500324,-1.2046901646398218,0.7442107800358851,0.7503408250277082,2.5256561020933734,2.6484367884350832,17.55300637543087,1.5701894983414764,1.3605379775899535
-1.231711030842725,-1.654142870388283,-1.7734319154546845,-1.8645067387590528,-1.5191414177051414,-1.5387075070365612,0.9600293545386508,1.0762086754613522,16.77032713469142,0.1138065696430008,-0.7293498373994375,-0.6477577141166391,-0.7849372829199397,-1.0737531910500324,-1.2046901646398218,0.7442107800358851,0.7503408250277082,2.5256561020933734,2.6484367884350832,17.55300637543087,1.5701894983414764,1.3605379775899535,2.6124461054810917,2.589589034118261,2.579889185183496,2.4869675115319065,2.78467651143742,2.7757552947242106,1.1327588434873526,2.348189540375434,18.08095423191621,0.4255533874299698,2.7848505721468095
-0.6477577141166391,-0.7849372829199397,-1.0737531910500324,-1.2046901646398218,0.7442107800358851,0.7503408250277082,2.5256561020933734,2.6484367884350832,17.55300637543087,1.5701894983414764,1.3605379775899535,2.6124461054810917,2.589589034118261,2.579889185183496,2.4869675115319065,2.78467651143742,2.7757552947242106,1.1327588434873526,2.348189540375434,18.08095423191621,0.4255533874299698,2.7848505721468095,1.7743426420806898,1.7646613782812268,1.768377905779439,1.885714436328422,-0.0369209038826315,-0.0183414019987611,-1.2075379282327394,0.3165408639982374,17.493177410146,0.1082116170255015,-0.2303834148946407
2.6124461054810917,2.589589034118261,2.579889185183496,2.4869675115319065,2.78467651143742,2.7757552947242106,1.1327588434873526,2.348189540375434,18.08095423191621,0.4255533874299698,2.7848505721468095,1.7743426420806898,1.7646613782812268,1.768377905779439,1.885714436328422,-0.0369209038826315,-0.0183414019987611,-1.2075379282327394,0.3165408639982374,17.493177410146,0.1082116170255015,-0.2303834148946407,1.3748234315604215,1.5686672708204006,1.4303270382743851,1.5934183381407017,0.0090346052114381,0.0297136760696788,-0.8443250951912267,-0.3586076847059679,17.187756220739157,2.399804007099897,0.0317964300078064
1.7743426420806898,1.7646613782812268,1.768377905779439,1.885714436328422,-0.0369209038826315,-0.0183414019987611,-1.2075379282327394,0.3165408639982374,17.493177410146,0.1082116170255015,-0.2303834148946407,1.3748234315604215,1.5686672708204006,1.4303270382743851,1.5934183381407017,0.0090346052114381,0.0297136760696788,-0.8443250951912267,-0.3586076847059679,17.187756220739157,2.399804007099897,0.0317964300078064,1.3622809122686688,1.2969494976814864,1.295038526531584,1.0728161676289898,-0.5662301879747359,-0.5817815632346838,-0.6548178038015806,-0.7051896467922069,17.008046555328214,0.7072698809015606,-0.4039744263683503
1.3748234315604215,1.5686672708204006,1.4303270382743851,1.5934183381407017,0.0090346052114381,0.0297136760696788,-0.8443250951912267,-0.3586076847059679,17.187756220739157,2.399804007099897,0.0317964300078064,1.3622809122686688,1.2969494976814864,1.295038526531584,1.0728161676289898,-0.5662301879747359,-0.5817815632346838,-0.6548178038015806,-0.7051896467922069,17.008046555328214,0.7072698809015606,-0.4039744263683503,0.904977898919602,0.8889616359608918,0.6965260479398394,0.7646535182204585,-0.4195498237345363,-0.4242238845905913,0.5123796509330061,-0.3404537565211038,17.35542298637145,2.155924042116366,-0.3664618280628983
1.3622809122686688,1.2969494976814864,1.295038526531584,1.0728161676289898,-0.5662301879747359,-0.5817815632346838,-0.6548178038015806,-0.7051896467922069,17.008046555328214,0.7072698809015606,-0.4039744263683503,0.904977898919602,0.8889616359608918,0.6965260479398394,0.7646535182204585,-0.4195498237345363,-0.4242238845905913,0.5123796509330061,-0.3404537565211038,17.35542298637145,2.155924042116366,-0.3664618280628983,0.5370058666948736,0.5246033738715357,0.5731121238960493,0.412210364043345,-0.5313756653256622,-0.5441720286164837,-1.119959336643174,-1.0565580398310168,16.699718972531954,-0.1564402492643279,-0.5008054514442739
0.904977898919602,0.8889616359608918,0.6965260479398394,0.7646535182204585,-0.4195498237345363,-0.4242238845905913,0.5123796509330061,-0.3404537565211038,17.35542298637145,2.155924042116366,-0.3664618280628983,0.5370058666948736,0.5246033738715357,0.5731121238960493,0.412210364043345,-0.5313756653256622,-0.5441720286164837,-1.119959336643174,-1.0565580398310168,16.699718972531954,-0.1564402492643279,-0.5008054514442739,0.1313196976665541,0.1593224401109377,0.2212710688323922,0.2411362873085875,-0.2779833849407827,-0.2731311628185953,0.6467568922103417,-0.6353279853282747,17.110565674037293,-0.4397828976150061,-0.7874004877774654
0.5370058666948736,0.5246033738715357,0.5731121238960493,0.412210364043345,-0.5313756653256622,-0.5441720286164837,-1.119959336643174,-1.0565580398310168,16.699718972531954,-0.1564402492643279,-0.5008054514442739,0.1313196976665541,0.1593224401109377,0.2212710688323922,0.2411362873085875,-0.2779833849407827,-0.2731311628185953,0.6467568922103417,-0.6353279853282747,17.110565674037293,-0.4397828976150061,-0.7874004877774654,-0.0786629003130939,0.0791113111205388,0.1130116855761664,0.1418385147542725,-0.1714319106703187,-0.160073039344882,-0.9182859695737025,-1.002954935384581,16.61282244110831,-0.2568076628221021,-0.2112156608996981
0.1313196976665541,0.1593224401109377,0.2212710688323922,0.2411362873085875,-0.2779833849407827,-0.2731311628185953,0.6467568922103417,-0.6353279853282747,17.110565674037293,-0.4397828976150061,-0.7874004877774654,-0.0786629003130939,0.0791113111205388,0.1130116855761664,0.1418385147542725,-0.1714319106703187,-0.160073039344882,-0.9182859695737025,-1.002954935384581,16.61282244110831,-0.2568076628221021,-0.2112156608996981,-0.3373632671988973,-0.1413261157089057,-0.0345827928918437,-0.0744231486447439,-0.2686339279412642,-0.2639514214614394,-0.1423308970837848,-0.8622502037763117,16.640786661775348,-0.685910866972836,-0.1636743805565858
-0.0786629003130939,0.0791113111205388,0.1130116855761664,0.1418385147542725,-0.1714319106703187,-0.160073039344882,-0.9182859695737025,-1.002954935384581,16.61282244110831,-0.2568076628221021,-0.2112156608996981,-0.3373632671988973,-0.1413261157089057,-0.0345827928918437,-0.0744231486447439,-0.2686339279412642,-0.2639514214614394,-0.1423308970837848,-0.8622502037763117,16.640786661775348,-0.685910866972836,-0.1636743805565858,-0.1451161468124706,-0.7209067880380458,-0.8832468767918623,-0.8971923175612713,-0.2817614232164771,-0.2781123386300038,0.3072846558341129,-0.5612176400450674,16.76619321526853,0.1934257384795684,-0.3861300989519538
-0.3373632671988973,-0.1413261157089057,-0.0345827928918437,-0.0744231486447439,-0.2686339279412642,-0.2639514214614394,-0.1423308970837848,-0.8622502037763117,16.640786661775348,-0.685910866972836,-0.1636743805565858,-0.1451161468124706,-0.7209067880380458,-0.8832468767918623,-0.8971923175612713,-0.2817614232164771,-0.2781123386300038,0.3072846558341129,-0.5612176400450674,16.76619321526853,0.1934257384795684,-0.3861300989519538,-0.7546798984423263,-0.2325232621624559,-0.2681698825385359,-0.1003746422947084,1.2734877858515958,1.26873248897384,0.3680875105616488,-0.0255006174424121,16.8334445884041,-0.0004767470666957,1.4121361276596447
-0.1451161468124706,-0.7209067880380458,-0.8832468767918623,-0.8971923175612713,-0.2817614232164771,-0.2781123386300038,0.3072846558341129,-0.5612176400450674,16.76619321526853,0.1934257384795684,-0.3861300989519538,-0.7546798984423263,-0.2325232621624559,-0.2681698825385359,-0.1003746422947084,1.2734877858515958,1.26873248897384,0.3680875105616488,-0.0255006174424121,16.8334445884041,-0.0004767470666957,1.4121361276596447,0.2319391863764013,-0.4817561232454266,-0.4231420383096362,-0.4969851643704397,-0.5836309475176622,-0.581373496487982,-0.5320699151855168,-0.1801837799869143,16.597758789069637,-0.3693574039100854,-0.5010856192173863
-0.7546798984423263,-0.2325232621624559,-0.2681698825385359,-0.1003746422947084,1.2734877858515958,1.26873248897384,0.3680875105616488,-0.0255006174424121,16.8334445884041,-0.0004767470666957,1.4121361276596447,0.2319391863764013,-0.4817561232454266,-0.4231420383096362,-0.4969851643704397,-0.5836309475176622,-0.581373496487982,-0.5320699151855168,-0.1801837799869143,16.597758789069637,-0.3693574039100854,-0.5010856192173863,0.3307204115724123,0.6127976331407258,1.0003918324104355,1.5250649679113868,1.999093929762514,1.988511520767132,0.7856268295410441,1.0665270360592225,16.843380877464718,-0.7231547077308808,1.7194134206829592
0.2319391863764013,-0.4817561232454266,-0.4231420383096362,-0.4969851643704397,-0.5836309475176622,-0.581373496487982,-0.5320699151855168,-0.1801837799869143,16.597758789069637,-0.3693574039100854,-0.5010856192173863,0.3307204115724123,0.6127976331407258,1.0003918324104355,1.5250649679113868,1.999093929762514,1.988511520767132,0.7856268295410441,1.0665270360592225,16.843380877464718,-0.7231547077308808,1.7194134206829592,0.3155570326222474,0.8219238417466503,1.6754304511460758,1.5740158304135177,-0.003925731550742,0.0007814181759998,-0.437156642782197,0.5759556097796675,16.714941215403343,-1.1383768396725398,0.5303464970675903
0.3307204115724123,0.6127976331407258,1.0003918324104355,1.5250649679113868,1.999093929762514,1.988511520767132,0.7856268295410441,1.0665270360592225,16.843380877464718,-0.7231547077308808,1.7194134206829592,0.3155570326222474,0.8219238417466503,1.6754304511460758,1.5740158304135177,-0.003925731550742,0.0007814181759998,-0.437156642782197,0.5759556097796675,16.714941215403343,-1.1383768396725398,0.5303464970675903,1.423383250642343,2.158160867034983,1.9754916196489551,2.065724067144162,1.184613465946934,1.1837712812653318,0.5551451241195304,1.7028378114183538,16.869186262151885,0.5455574240548033,0.2439939704791725
0.3155570326222474,0.8219238417466503,1.6754304511460758,1.5740158304135177,-0.003925731550742,0.0007814181759998,-0.437156642782197,0.5759556097796675,16.714941215403343,-1.1383768396725398,0.5303464970675903,1.423383250642343,2.158160867034983,1.9754916196489551,2.065724067144162,1.184613465946934,1.1837712812653318,0.5551451241195304,1.7028378114183538,16.869186262151885,0.5455574240548033,0.2439939704791725,1.8223464196631316,2.0751666333438,1.9933163271067045,2.0784422085428975,1.214768936828134,1.2137738812461794,0.111042443519891,1.532640863290899,16.94853655643623,0.6610845395799517,0.5492030360522066
1.423383250642343,2.158160867034983,1.9754916196489551,2.065724067144162,1.184613465946934,1.1837712812653318,0.5551451241195304,1.7028378114183538,16.869186262151885,0.5455574240548033,0.2439939704791725,1.8223464196631316,2.0751666333438,1.9933163271067045,2.0784422085428975,1.214768936828134,1.2137738812461794,0.111042443519891,1.532640863290899,16.94853655643623,0.6610845395799517,0.5492030360522066,2.1944276447349984,1.785402477812854,1.8185126310371145,1.41676801677586,-0.9982184219064424,-1.000252140852266,-0.2852957484891089,1.1347429240917477,16.888194659648992,-0.4251352223054837,-0.9231083469351652
1.8223464196631316,2.0751666333438,1.9933163271067045,2.0784422085428975,1.214768936828134,1.2137738812461794,0.111042443519891,1.532640863290899,16.94853655643623,0.6610845395799517,0.5492030360522066,2.1944276447349984,1.785402477812854,1.8185126310371145,1.41676801677586,-0.9982184219064424,-1.000252140852266,-0.2852957484891089,1.1347429240917477,16.888194659648992,-0.4251352223054837,-0.9231083469351652,1.4015456535730828,1.921776111048202,1.6335078765281126,1.483026504409105,0.4405332464248121,0.4443053275975791,1.351970225295949,1.661030373765819,17.138331933899895,2.335451851735048,0.6879595396489832
2.1944276447349984,1.785402477812854,1.8185126310371145,1.41676801677586,-0.9982184219064424,-1.000252140852266,-0.2852957484891089,1.1347429240917477,16.888194659648992,-0.4251352223054837,-0.9231083469351652,1.4015456535730828,1.921776111048202,1.6335078765281126,1.483026504409105,0.4405332464248121,0.4443053275975791,1.351970225295949,1.661030373765819,17.138331933899895,2.335451851735048,0.6879595396489832,1.366815397602004,1.277127041805686,1.4848058706032636,0.9949516463995132,-1.0865183150714224,-1.0885594884777263,-1.8338522955802137,-0.4665275837904374,16.691789082246803,-0.8173604442243118,-0.0144646815294221
1.4015456535730828,1.921776111048202,1.6335078765281126,1.483026504409105,0.4405332464248121,0.4443053275975791,1.351970225295949,1.661030373765819,17.138331933899895,2.335451851735048,0.6879595396489832,1.366815397602004,1.277127041805686,1.4848058706032636,0.9949516463995132,-1.0865183150714224,-1.0885594884777263,-1.8338522955802137,-0.4665275837904374,16.691789082246803,-0.8173604442243118,-0.0144646815294221,0.8747740366542588,0.7794960952576159,0.9900957025809912,1.1910811684252558,0.2992745700105604,0.3033219335406568,-0.0695563888162784,-0.6234945311201309,16.690447193779747,-0.8836545321704553,1.2143658518155185
1.366815397602004,1.277127041805686,1.4848058706032636,0.9949516463995132,-1.0865183150714224,-1.0885594884777263,-1.8338522955802137,-0.4665275837904374,16.691789082246803,-0.8173604442243118,-0.0144646815294221,0.8747740366542588,0.7794960952576159,0.9900957025809912,1.1910811684252558,0.2992745700105604,0.3033219335406568,-0.0695563888162784,-0.6234945311201309,16.690447193779747,-0.8836545321704553,1.2143658518155185,1.828836996889557,1.4169683997176694,1.402330666971252,1.4509905423539384,0.6341867218858116,0.6361110063393124,1.0359619550029542,0.4032695116262736,16.923293960025568,0.5689039316876375,-0.1583483298335707
0.8747740366542588,0.7794960952576159,0.9900957025809912,1.1910811684252558,0.2992745700105604,0.3033219335406568,-0.0695563888162784,-0.6234945311201309,16.690447193779747,-0.8836545321704553,1.2143658518155185,1.828836996889557,1.4169683997176694,1.402330666971252,1.4509905423539384,0.6341867218858116,0.6361110063393124,1.0359619550029542,0.4032695116262736,16.923293960025568,0.5689039316876375,-0.1583483298335707,1.3798413691738671,1.8656999846207931,1.6568209032650232,2.176345132175134,1.945138566456844,1.930317631923,0.3946974043970448,0.8353520158075887,17.06305939481939,2.0010367164245793,1.747709497888158
1.828836996889557,1.4169683997176694,1.402330666971252,1.4509905423539384,0.6341867218858116,0.6361110063393124,1.0359619550029542,0.4032695116262736,16.923293960025568,0.5689039316876375,-0.1583483298335707,1.3798413691738671,1.8656999846207931,1.6568209032650232,2.176345132175134,1.945138566456844,1.930317631923,0.3946974043970448,0.8353520158075887,17.06305939481939,2.0010367164245793,1.747709497888158,2.1298507996290152,1.9380132525380585,2.092429107333591,1.6906421080293506,-0.5996703268579969,-0.5987505882569151,-0.5452615331928762,0.117738863175477,16.985889217734623,0.4292358634172809,-0.7673611419374339
1.3798413691738671,1.8656999846207931,1.6568209032650232,2.176345132175134,1.945138566456844,1.930317631923,0.3946974043970448,0.8353520158075887,17.06305939481939,2.0010367164245793,1.747709497888158,2.1298507996290152,1.9380132525380585,2.092429107333591,1.6906421080293506,-0.5996703268579969,-0.5987505882569151,-0.5452615331928762,0.117738863175477,16.985889217734623,0.4292358634172809,-0.7673611419374339,1.249050990760182,1.2654284786429877,1.3968511251577465,1.5693050839892413,-0.1636491955723876,-0.1588531473453257,0.092276034896408,0.2214353818590346,17.05315714460516,-0.1249065936208043,0.7128660139788566
2.1298507996290152,1.9380132525380585,2.092429107333591,1.6906421080293506,-0.5996703268579969,-0.5987505882569151,-0.5452615331928762,0.117738863175477,16.985889217734623,0.4292358634172809,-0.7673611419374339,1.249050990760182,1.2654284786429877,1.3968511251577465,1.5693050839892413,-0.1636491955723876,-0.1588531473453257,0.092276034896408,0.2214353818590346,17.05315714460516,-0.1249065936208043,0.7128660139788566,1.5506017890838528,1.7624450836270078,1.7891714331939763,1.8350475310068528,1.2956614110805331,1.2939766407207791,-0.1651618369846891,0.1012787218578145,17.058473973409544,0.6087048548416403,1.1163090304859682
1.249050990760182,1.2654284786429877,1.3968511251577465,1.5693050839892413,-0.1636491955723876,-0.1588531473453257,0.092276034896408,0.2214353818590346,17.05315714460516,-0.1249065936208043,0.7128660139788566,1.5506017890838528,1.7624450836270078,1.7891714331939763,1.8350475310068528,1.2956614110805331,1.2939766407207791,-0.1651618369846891,0.1012787218578145,17.058473973409544,0.6087048548416403,1.1163090304859682,1.7390221242972872,1.4893972400856914,1.7648867044748269,1.4230369593072327,-0.7122248571441178,-0.7129442996291854,-1.2052585048635251,-1.3119966371512066,16.781056834130958,-1.4490912419951467,-1.9315333103214856
1.5506017890838528,1.7624450836270078,1.7891714331939763,1.8350475310068528,1.2956614110805331,1.2939766407207791,-0.1651618369846891,0.1012787218578145,17.058473973409544,0.6087048548416403,1.1163090304859682,1.7390221242972872,1.4893972400856914,1.7648867044748269,1.4230369593072327,-0.7122248571441178,-0.7129442996291854,-1.2052585048635251,-1.3119966371512066,16.781056834130958,-1.4490912419951467,-1.9315333103214856,1.2002181882555516,1.2302222796311024,1.287552245038444,1.0742057550318276,-1.0355904359222996,-1.041929802480589,0.2589375351612907,-0.7753389718623785,16.84771462562249,-0.5157103149975205,-0.9158180949073468
1.7390221242972872,1.4893972400856914,1.7648867044748269,1.4230369593072327,-0.7122248571441178,-0.7129442996291854,-1.2052585048635251,-1.3119966371512066,16.781056834130958,-1.4490912419951467,-1.9315333103214856,1.2002181882555516,1.2302222796311024,1.287552245038444,1.0742057550318276,-1.0355904359222996,-1.041929802480589,0.2589375351612907,-0.7753389718623785,16.84771462562249,-0.5157103149975205,-0.9158180949073468,0.979151821863881,1.0804980259788477,1.0672301329656666,0.8631601251822575,-0.6834146272631072,-0.6844497595322906,-0.2497170270238877,-0.8227157422093313,16.781762577691712,0.074614948399837,-0.8342143812184186
1.2002181882555516,1.2302222796311024,1.287552245038444,1.0742057550318276,-1.0355904359222996,-1.041929802480589,0.2589375351612907,-0.7753389718623785,16.84771462562249,-0.5157103149975205,-0.9158180949073468,0.979151821863881,1.0804980259788477,1.0672301329656666,0.8631601251822575,-0.6834146272631072,-0.6844497595322906,-0.2497170270238877,-0.8227157422093313,16.781762577691712,0.074614948399837,-0.8342143812184186,0.9445036793584822,0.698804786147967,0.2451597865891323,-0.0793173229761858,-1.9041508292283185,-1.9277136598612452,1.7280291501953866,0.9735234338397094,17.07987972798518,1.933948807569526,-1.7903764119422634
0.979151821863881,1.0804980259788477,1.0672301329656666,0.8631601251822575,-0.6834146272631072,-0.6844497595322906,-0.2497170270238877,-0.8227157422093313,16.781762577691712,0.074614948399837,-0.8342143812184186,0.9445036793584822,0.698804786147967,0.2451597865891323,-0.0793173229761858,-1.9041508292283185,-1.9277136598612452,1.7280291501953866,0.9735234338397094,17.07987972798518,1.933948807569526,-1.7903764119422634,-0.5032322600592586,-0.2664051881879988,-0.4173177912583369,-0.1919223760354473,-0.1342624556663853,-0.1263290462836063,-1.2378868936813536,-0.9771565894138924,16.855231056237244,0.6235257019267488,-0.2920958222537163
0.9445036793584822,0.698804786147967,0.2451597865891323,-0.0793173229761858,-1.9041508292283185,-1.9277136598612452,1.7280291501953866,0.9735234338397094,17.07987972798518,1.933948807569526,-1.7903764119422634,-0.5032322600592586,-0.2664051881879988,-0.4173177912583369,-0.1919223760354473,-0.1342624556663853,-0.1263290462836063,-1.2378868936813536,-0.9771565894138924,16.855231056237244,0.6235257019267488,-0.2920958222537163,-0.4326658388905244,-0.5532655341955742,-0.2571769201138668,-0.4739594565631629,-0.1947367330575449,-0.1873985562403665,-0.9738269359294076,-1.6196854548875452,16.645099754488875,-0.5893341444057544,-0.07565574780691
-0.5032322600592586,-0.2664051881879988,-0.4173177912583369,-0.1919223760354473,-0.1342624556663853,-0.1263290462836063,-1.2378868936813536,-0.9771565894138924,16.855231056237244,0.6235257019267488,-0.2920958222537163,-0.4326658388905244,-0.5532655341955742,-0.2571769201138668,-0.4739594565631629,-0.1947367330575449,-0.1873985562403665,-0.9738269359294076,-1.6196854548875452,16.645099754488875,-0.5893341444057544,-0.07565574780691,0.1206975376881115,0.0187147097445228,0.1878475629968274,0.7576099622684235,1.2559075459234803,1.2489212989615086,-0.2977673576915423,-1.4672390388971908,16.552634071308542,-0.4119075283346107,1.00018630343099
-0.4326658388905244,-0.5532655341955742,-0.2571769201138668,-0.4739594565631629,-0.1947367330575449,-0.1873985562403665,-0.9738269359294076,-1.6196854548875452,16.645099754488875,-0.5893341444057544,-0.07565574780691,0.1206975376881115,0.0187147097445228,0.1878475629968274,0.7576099622684235,1.2559075459234803,1.2489212989615086,-0.2977673576915423,-1.4672390388971908,16.552634071308542,-0.4119075283346107,1.00018630343099,1.3996852233270562,0.8160116818827252,0.8283028622018876,0.6673243874350663,-0.155209659017061,-0.1481972351926984,0.4100069461906409,-0.8790678880571717,16.598297167046375,-0.3046790508962641,-0.4084156036183796
0.1206975376881115,0.0187147097445228,0.1878475629968274,0.7576099622684235,1.2559075459234803,1.2489212989615086,-0.2977673576915423,-1.4672390388971908,16.552634071308542,-0.4119075283346107,1.00018630343099,1.3996852233270562,0.8160116818827252,0.8283028622018876,0.6673243874350663,-0.155209659017061,-0.1481972351926984,0.4100069461906409,-0.8790678880571717,16.598297167046375,-0.3046790508962641,-0.4084156036183796,0.6759722667336975,0.5007449227149595,0.5155952773671113,0.9885065470200168,0.2678592982716196,0.2739307720295504,1.0783261060639835,0.3757804249198774,16.76912317247882,-0.2687369747297641,0.6187237169059432
1.3996852233270562,0.8160116818827252,0.8283028622018876,0.6673243874350663,-0.155209659017061,-0.1481972351926984,0.4100069461906409,-0.8790678880571717,16.598297167046375,-0.3046790508962641,-0.4084156036183796,0.6759722667336975,0.5007449227149595,0.5155952773671113,0.9885065470200168,0.2678592982716196,0.2739307720295504,1.0783261060639835,0.3757804249198774,16.76912317247882,-0.2687369747297641,0.6187237169059432,0.625934280038861,2.0634809576927364,1.0637524327755477,2.1073587942404486,1.749321749123116,1.7313161117140985,1.5217107595698376,2.078332413175776,17.072587383948417,1.8300527750037625,1.6100071198408512
0.6759722667336975,0.5007449227149595,0.5155952773671113,0.9885065470200168,0.2678592982716196,0.2739307720295504,1.0783261060639835,0.3757804249198774,16.76912317247882,-0.2687369747297641,0.6187237169059432,0.625934280038861,2.0634809576927364,1.0637524327755477,2.1073587942404486,1.749321749123116,1.7313161117140985,1.5217107595698376,2.078332413175776,17.072587383948417,1.8300527750037625,1.6100071198408512,2.114648744602781,1.9319220804913184,2.081049012925569,1.5278746983435154,-0.3841236877597351,-0.3780049518172672,1.9834149752312191,2.4772879815877875,17.579091581232653,-0.2436187566459053,0.0449673972629241
0.625934280038861,2.0634809576927364,1.0637524327755477,2.1073587942404486,1.749321749123116,1.7313161117140985,1.5217107595698376,2.078332413175776,17.072587383948417,1.8300527750037625,1.6100071198408512,2.114648744602781,1.9319220804913184,2.081049012925569,1.5278746983435154,-0.3841236877597351,-0.3780049518172672,1.9834149752312191,2.4772879815877875,17.579091581232653,-0.2436187566459053,0.0449673972629241,1.0160346755295706,1.185388804760859,1.20002795263425,1.5526083708259688,0.4464916809851167,0.4508448842999214,-1.6786638463147123,-0.2994915899775247,16.84572159823995,0.0623393387428913,1.1431229807942362
2.114648744602781,1.9319220804913184,2.081049012925569,1.5278746983435154,-0.3841236877597351,-0.3780049518172672,1.9834149752312191,2.4772879815877875,17.579091581232653,-0.2436187566459053,0.0449673972629241,1.0160346755295706,1.185388804760859,1.20002795263425,1.5526083708259688,0.4464916809851167,0.4508448842999214,-1.6786638463147123,-0.2994915899775247,16.84572159823995,0.0623393387428913,1.1431229807942362,1.329131267499014,0.9127361291595856,1.254723420317144,0.9895959246496384,-0.8171872565649717,-0.8138826517022382,-0.1940046137967885,-0.3375017524915011,16.83867320521341,-1.1118992144335238,-0.4908414158953409
1.0160346755295706,1.185388804760859,1.20002795263425,1.5526083708259688,0.4464916809851167,0.4508448842999214,-1.6786638463147123,-0.2994915899775247,16.84572159823995,0.0623393387428913,1.1431229807942362,1.329131267499014,0.9127361291595856,1.254723420317144,0.9895959246496384,-0.8171872565649717,-0.8138826517022382,-0.1940046137967885,-0.3375017524915011,16.83867320521341,-1.1118992144335238,-0.4908414158953409,0.6676652684100175,0.89638477921143,0.960912886030428,1.1550175918127317,0.301153248844542,0.3069796978763488,-0.472133747157497,-0.5203630526861776,16.681310725113295,-0.197882220904243,0.2920074044522364
1.329131267499014,0.9127361291595856,1.254723420317144,0.9895959246496384,-0.8171872565649717,-0.8138826517022382,-0.1940046137967885,-0.3375017524915011,16.83867320521341,-1.1118992144335238,-0.4908414158953409,0.6676652684100175,0.89638477921143,0.960912886030428,1.1550175918127317,0.301153248844542,0.3069796978763488,-0.472133747157497,-0.5203630526861776,16.681310725113295,-0.197882220904243,0.2920074044522364,0.811840135557353,1.2284092764886798,0.9650367962446126,1.3667028601984244,0.3855484273330187,0.3907748945678877,2.5027520603916154,1.9331620730945185,17.747108733449615,1.2187441239665446,1.3979455812804993
0.6676652684100175,0.89638477921143,0.960912886030428,1.1550175918127317,0.301153248844542,0.3069796978763488,-0.472133747157497,-0.5203630526861776,16.681310725113295,-0.197882220904243,0.2920074044522364,0.811840135557353,1.2284092764886798,0.9650367962446126,1.3667028601984244,0.3855484273330187,0.3907748945678877,2.5027520603916154,1.9331620730945185,17.747108733449615,1.2187441239665446,1.3979455812804993,1.565233535468226,1.096415505135154,0.6215167870982962,-0.1975225232430638,-2.1915477457524544,-2.2111621496931537,-1.0118757263590168,-0.3773114827610778,17.00321355996012,1.4600285810862552,-2.2728570685214473
0.811840135557353,1.2284092764886798,0.9650367962446126,1.3667028601984244,0.3855484273330187,0.3907748945678877,2.5027520603916154,1.9331620730945185,17.747108733449615,1.2187441239665446,1.3979455812804993,1.565233535468226,1.096415505135154,0.6215167870982962,-0.1975225232430638,-2.1915477457524544,-2.2111621496931537,-1.0118757263590168,-0.3773114827610778,17.00321355996012,1.4600285810862552,-2.2728570685214473,0.4147399523058979,0.8977382320276753,1.0544694447237448,1.035192934193275,1.274059415705975,1.2588489819901671,-0.1801165279981767,-0.3795212098435686,17.077763867704032,-0.0568579316400294,0.8932452383452321
1.565233535468226,1.096415505135154,0.6215167870982962,-0.1975225232430638,-2.1915477457524544,-2.2111621496931537,-1.0118757263590168,-0.3773114827610778,17.00321355996012,1.4600285810862552,-2.2728570685214473,0.4147399523058979,0.8977382320276753,1.0544694447237448,1.035192934193275,1.274059415705975,1.2588489819901671,-0.1801165279981767,-0.3795212098435686,17.077763867704032,-0.0568579316400294,0.8932452383452321,0.7570551375466243,0.7968103675593091,1.4781480681323325,0.5896328494373608,-0.5710948890703555,-0.5621744685509293,-0.7257038081998934,-1.079836859686797,16.632241815621274,-1.254241465022308,-0.6714417048891819
0.4147399523058979,0.8977382320276753,1.0544694447237448,1.035192934193275,1.274059415705975,1.2588489819901671,-0.1801165279981767,-0.3795212098435686,17.077763867704032,-0.0568579316400294,0.8932452383452321,0.7570551375466243,0.7968103675593091,1.4781480681323325,0.5896328494373608,-0.5710948890703555,-0.5621744685509293,-0.7257038081998934,-1.079836859686797,16.632241815621274,-1.254241465022308,-0.6714417048891819,0.556668355120658,-0.2099895398594102,0.6316250077031681,-0.6240382491200797,-0.7902690208153292,-0.7851290061877513,-0.297576771387286,-1.0261122519351713,16.549598872568456,-0.9984043188100452,-1.1522438390587295
0.7570551375466243,0.7968103675593091,1.4781480681323325,0.5896328494373608,-0.5710948890703555,-0.5621744685509293,-0.7257038081998934,-1.079836859686797,16.632241815621274,-1.254241465022308,-0.6714417048891819,0.556668355120658,-0.2099895398594102,0.6316250077031681,-0.6240382491200797,-0.7902690208153292,-0.7851290061877513,-0.297576771387286,-1.0261122519351713,16.549598872568456,-0.9984043188100452,-1.1522438390587295,0.507864993477849,0.6501463915426672,1.6798779164200228,0.9234462061927874,0.9059018676259776,0.902965872080744,0.2077855696834286,-0.5570237557247475,16.794910227720703,-1.278027450054666,0.3400528375728145
0.556668355120658,-0.2099895398594102,0.6316250077031681,-0.6240382491200797,-0.7902690208153292,-0.7851290061877513,-0.297576771387286,-1.0261122519351713,16.549598872568456,-0.9984043188100452,-1.1522438390587295,0.507864993477849,0.6501463915426672,1.6798779164200228,0.9234462061927874,0.9059018676259776,0.902965872080744,0.2077855696834286,-0.5570237557247475,16.794910227720703,-1.278027450054666,0.3400528375728145,1.032592630247129,0.7139749392334972,1.437237521793172,0.4914180104039395,-0.2752453485813761,-0.2661900081211964,-0.7835170790251919,-1.1381375262907407,15.97067406325546,-1.0911554914445527,-0.3205793422072964
0.507864993477849,0.6501463915426672,1.6798779164200228,0.9234462061927874,0.9059018676259776,0.902965872080744,0.2077855696834286,-0.5570237557247475,16.794910227720703,-1.278027450054666,0.3400528375728145,1.032592630247129,0.7139749392334972,1.437237521793172,0.4914180104039395,-0.2752453485813761,-0.2661900081211964,-0.7835170790251919,-1.1381375262907407,15.97067406325546,-1.0911554914445527,-0.3205793422072964,1.131079659850807,2.3826660294438593,1.5231786612684963,2.015416342751931,1.221111769176524,1.210728683096161,2.250156063066918,1.0204134029245928,17.33790738455685,1.291670888311042,1.5292953519471344
1.032592630247129,0.7139749392334972,1.437237521793172,0.4914180104039395,-0.2752453485813761,-0.2661900081211964,-0.7835170790251919,-1.1381375262907407,15.97067406325546,-1.0911554914445527,-0.3205793422072964,1.131079659850807,2.3826660294438593,1.5231786612684963,2.015416342751931,1.221111769176524,1.210728683096161,2.250156063066918,1.0204134029245928,17.33790738455685,1.291670888311042,1.5292953519471344,2.215725808859585,1.778356640503417,1.9921197348523236,1.1847646886694592,-0.5716946709438964,-0.5635341259583949,0.0121136679890465,1.4028049664073563,17.678353844356344,-0.4182451539567633,-0.1550138170954304
1.131079659850807,2.3826660294438593,1.5231786612684963,2.015416342751931,1.221111769176524,1.210728683096161,2.250156063066918,1.0204134029245928,17.33790738455685,1.291670888311042,1.5292953519471344,2.215725808859585,1.778356640503417,1.9921197348523236,1.1847646886694592,-0.5716946709438964,-0.5635341259583949,0.0121136679890465,1.4028049664073563,17.678353844356344,-0.4182451539567633,-0.1550138170954304,1.186369001294305,1.098403029451783,1.1297108398110056,0.7263860796699397,-0.3444972807186178,-0.335852067420207,-0.711064012448928,-0.2022000990866986,17.055999174713303,-0.1464915839361475,-0.2076703863700953
2.215725808859585,1.778356640503417,1.9921197348523236,1.1847646886694592,-0.5716946709438964,-0.5635341259583949,0.0121136679890465,1.4028049664073563,17.678353844356344,-0.4182451539567633,-0.1550138170954304,1.186369001294305,1.098403029451783,1.1297108398110056,0.7263860796699397,-0.3444972807186178,-0.335852067420207,-0.711064012448928,-0.2022000990866986,17.055999174713303,-0.1464915839361475,-0.2076703863700953,1.5167048228283049,1.2372643014635651,0.6069363199426526,1.2403755349819623,0.4948670856249451,0.5009421553232594,0.2297759549814195,1.0089988394217893,17.42800293319423,1.0504573809456526,0.5229535422430939
1.186369001294305,1.098403029451783,1.1297108398110056,0.7263860796699397,-0.3444972807186178,-0.335852067420207,-0.711064012448928,-0.2022000990866986,17.055999174713303,-0.1464915839361475,-0.2076703863700953,1.5167048228283049,1.2372643014635651,0.6069363199426526,1.2403755349819623,0.4948670856249451,0.5009421553232594,0.2297759549814195,1.0089988394217893,17.42800293319423,1.0504573809456526,0.5229535422430939,0.9972530298343724,1.3179714797085451,1.5206526501980169,1.6977711966141094,0.4474179766630604,0.453918686366822,-0.4932065906903031,0.1261532644152941,17.132815366834247,0.2584576958118527,0.2191778982299268
1.5167048228283049,1.2372643014635651,0.6069363199426526,1.2403755349819623,0.4948670856249451,0.5009421553232594,0.2297759549814195,1.0089988394217893,17.42800293319423,1.0504573809456526,0.5229535422430939,0.9972530298343724,1.3179714797085451,1.5206526501980169,1.6977711966141094,0.4474179766630604,0.453918686366822,-0.4932065906903031,0.1261532644152941,17.132815366834247,0.2584576958118527,0.2191778982299268,1.8456080919605755,2.017774404215729,2.227265006047314,2.202753742607897,1.7032209642854983,1.6920283760573565,0.0622230343724457,0.6802840500997732,17.417663167332716,0.5751120854433205,1.5719977494446733
0.9972530298343724,1.3179714797085451,1.5206526501980169,1.6977711966141094,0.4474179766630604,0.453918686366822,-0.4932065906903031,0.1261532644152941,17.132815366834247,0.2584576958118527,0.2191778982299268,1.8456080919605755,2.017774404215729,2.227265006047314,2.202753742607897,1.7032209642854983,1.6920283760573565,0.0622230343724457,0.6802840500997732,17.417663167332716,0.5751120854433205,1.5719977494446733,2.2291265002942344,1.973781585492928,2.262952709349534,1.8641919259069264,0.2159480706379326,0.2232283789883307,-0.4617814359458189,-0.0478881733937444,17.226031044111288,-0.7904748728914386,-0.1254637634079844
1.8456080919605755,2.017774404215729,2.227265006047314,2.202753742607897,1.7032209642854983,1.6920283760573565,0.0622230343724457,0.6802840500997732,17.417663167332716,0.5751120854433205,1.5719977494446733,2.2291265002942344,1.973781585492928,2.262952709349534,1.8641919259069264,0.2159480706379326,0.2232283789883307,-0.4617814359458189,-0.0478881733937444,17.226031044111288,-0.7904748728914386,-0.1254637634079844,1.546971508047022,1.454582450424477,1.5010890350055772,1.170417346231628,-1.4220322279847557,-1.4329991751227251,-0.5200892777362701,-0.7948217266569171,16.93239799736956,-0.2313940089177966,-1.4462129282002492
2.2291265002942344,1.973781585492928,2.262952709349534,1.8641919259069264,0.2159480706379326,0.2232283789883307,-0.4617814359458189,-0.0478881733937444,17.226031044111288,-0.7904748728914386,-0.1254637634079844,1.546971508047022,1.454582450424477,1.5010890350055772,1.170417346231628,-1.4220322279847557,-1.4329991751227251,-0.5200892777362701,-0.7948217266569171,16.93239799736956,-0.2313940089177966,-1.4462129282002492,0.9245268519316674,0.9313686657974716,0.9959335741007505,1.1009886734822905,-0.1457592524688998,-0.1389934097005908,-0.1298895470904052,-0.6395532240325937,17.047227620094993,-0.5217302733375645,-0.3256042892299166
1.546971508047022,1.454582450424477,1.5010890350055772,1.170417346231628,-1.4220322279847557,-1.4329991751227251,-0.5200892777362701,-0.7948217266569171,16.93239799736956,-0.2313940089177966,-1.4462129282002492,0.9245268519316674,0.9313686657974716,0.9959335741007505,1.1009886734822905,-0.1457592524688998,-0.1389934097005908,-0.1298895470904052,-0.6395532240325937,17.047227620094993,-0.5217302733375645,-0.3256042892299166,1.0540224320301024,1.0290560784839216,1.0675200111474883,1.046950175403342,-0.2653067441931496,-0.2592666053993552,-0.48102903082926,-1.3072219217635268,16.848760219837096,-0.8631051185529919,-0.65102798912846
0.9245268519316674,0.9313686657974716,0.9959335741007505,1.1009886734822905,-0.1457592524688998,-0.1389934097005908,-0.1298895470904052,-0.6395532240325937,17.047227620094993,-0.5217302733375645,-0.3256042892299166,1.0540224320301024,1.0290560784839216,1.0675200111474883,1.046950175403342,-0.2653067441931496,-0.2592666053993552,-0.48102903082926,-1.3072219217635268,16.848760219837096,-0.8631051185529919,-0.65102798912846,1.0856997922381093,1.2554579444316387,1.1291362675996888,1.184144837761073,0.3776476640597257,0.384176377055081,0.1433046606040377,-0.9295335619406944,16.89575404821018,0.0159047377448128,0.5112034380424182
1.0540224320301024,1.0290560784839216,1.0675200111474883,1.046950175403342,-0.2653067441931496,-0.2592666053993552,-0.48102903082926,-1.3072219217635268,16.848760219837096,-0.8631051185529919,-0.65102798912846,1.0856997922381093,1.2554579444316387,1.1291362675996888,1.184144837761073,0.3776476640597257,0.384176377055081,0.1433046606040377,-0.9295335619406944,16.89575404821018,0.0159047377448128,0.5112034380424182,0.9319854865732328,0.728055714117418,0.1328041241698431,-0.3505443953753732,-2.194647202568011,-2.2178147786858053,0.4314806346553886,-0.4071249688541839,16.986745400101043,2.0303957886863135,-2.156184089554835
1.0856997922381093,1.2554579444316387,1.1291362675996888,1.184144837761073,0.3776476640597257,0.384176377055081,0.1433046606040377,-0.9295335619406944,16.89575404821018,0.0159047377448128,0.5112034380424182,0.9319854865732328,0.728055714117418,0.1328041241698431,-0.3505443953753732,-2.194647202568011,-2.2178147786858053,0.4314806346553886,-0.4071249688541839,16.986745400101043,2.0303957886863135,-2.156184089554835,-0.2753652507535398,-0.7087485702071882,-1.188255977666286,-1.451567220724209,-1.2394165432919133,-1.23838740906391,1.986090565856396,1.424003047697577,17.555313636896386,1.8242637278797535,-1.344430739742852
0.9319854865732328,0.728055714117418,0.1328041241698431,-0.3505443953753732,-2.194647202568011,-2.2178147786858053,0.4314806346553886,-0.4071249688541839,16.986745400101043,2.0303957886863135,-2.156184089554835,-0.2753652507535398,-0.7087485702071882,-1.188255977666286,-1.451567220724209,-1.2394165432919133,-1.23838740906391,1.986090565856396,1.424003047697577,17.555313636896386,1.8242637278797535,-1.344430739742852,-1.4707259668294386,-1.7977750138590058,-1.5865814673289695,-1.6603032406530955,-0.3629793897653071,-0.3525911053985979,-1.2033789940223003,-0.2922223307963365,17.03100872496309,0.2157328008931858,-0.477249848239042
-0.2753652507535398,-0.7087485702071882,-1.188255977666286,-1.451567220724209,-1.2394165432919133,-1.23838740906391,1.986090565856396,1.424003047697577,17.555313636896386,1.8242637278797535,-1.344430739742852,-1.4707259668294386,-1.7977750138590058,-1.5865814673289695,-1.6603032406530955,-0.3629793897653071,-0.3525911053985979,-1.2033789940223003,-0.2922223307963365,17.03100872496309,0.2157328008931858,-0.477249848239042,-1.620813887429714,-1.592287312437781,-1.1549400413815882,-1.2145426053776107,0.475011931720343,0.4809881043056371,-0.661314061368177,-0.7927956716711891,16.790305211361304,-0.716482954046311,0.5679477730957758
-1.4707259668294386,-1.7977750138590058,-1.5865814673289695,-1.6603032406530955,-0.3629793897653071,-0.3525911053985979,-1.2033789940223003,-0.2922223307963365,17.03100872496309,0.2157328008931858,-0.477249848239042,-1.620813887429714,-1.592287312437781,-1.1549400413815882,-1.2145426053776107,0.475011931720343,0.4809881043056371,-0.661314061368177,-0.7927956716711891,16.790305211361304,-0.716482954046311,0.5679477730957758,-0.7678901829453572,-0.9649947233270078,-0.9873004091685892,-0.6271240869134456,0.8863968067064308,0.8798384973311693,2.3149854342815233,2.112119705716372,17.671109254149393,0.4242403686525709,1.1746050832783033
-1.620813887429714,-1.592287312437781,-1.1549400413815882,-1.2145426053776107,0.475011931720343,0.4809881043056371,-0.661314061368177,-0.7927956716711891,16.790305211361304,-0.716482954046311,0.5679477730957758,-0.7678901829453572,-0.9649947233270078,-0.9873004091685892,-0.6271240869134456,0.8863968067064308,0.8798384973311693,2.3149854342815233,2.112119705716372,17.671109254149393,0.4242403686525709,1.1746050832783033,1.89988354200308,1.6270424351023265,1.0606624063908945,0.8621946949092645,1.825159121764996,1.7946803373478468,0.334279345754214,2.0284912122595427,17.977968509486665,1.549433724974521,2.1141344025588555
-0.7678901829453572,-0.9649947233270078,-0.9873004091685892,-0.6271240869134456,0.8863968067064308,0.8798384973311693,2.3149854342815233,2.112119705716372,17.671109254149393,0.4242403686525709,1.1746050832783033,1.89988354200308,1.6270424351023265,1.0606624063908945,0.8621946949092645,1.825159121764996,1.7946803373478468,0.334279345754214,2.0284912122595427,17.977968509486665,1.549433724974521,2.1141344025588555,0.899345017624134,1.4084746168697138,1.357398883570743,1.774676590864754,1.4111816727794837,1.3924388142269464,-0.9741535961252664,0.1547918920736669,17.484705053358812,0.3699097664787117,1.1628250022396651
1.89988354200308,1.6270424351023265,1.0606624063908945,0.8621946949092645,1.825159121764996,1.7946803373478468,0.334279345754214,2.0284912122595427,17.977968509486665,1.549433724974521,2.1141344025588555,0.899345017624134,1.4084746168697138,1.357398883570743,1.774676590864754,1.4111816727794837,1.3924388142269464,-0.9741535961252664,0.1547918920736669,17.484705053358812,0.3699097664787117,1.1628250022396651,1.2912146651021597,1.1239961594415733,1.3843318419063328,1.024339367166642,-0.8401684587708778,-0.8372970249478906,-0.7780152107128782,-0.6892888456098775,17.06586958465598,-0.8190150712398732,-0.8752193497552535
0.899345017624134,1.4084746168697138,1.357398883570743,1.774676590864754,1.4111816727794837,1.3924388142269464,-0.9741535961252664,0.1547918920736669,17.484705053358812,0.3699097664787117,1.1628250022396651,1.2912146651021597,1.1239961594415733,1.3843318419063328,1.024339367166642,-0.8401684587708778,-0.8372970249478906,-0.7780152107128782,-0.6892888456098775,17.06586958465598,-0.8190150712398732,-0.8752193497552535,0.6331530407303081,0.861464763498553,0.997270488732628,1.1827641675562706,0.3182285659362052,0.3292311315632674,-0.4053830809351004,-0.89311863356309,16.94305591744905,-0.5000263092342403,0.4433163688085454
1.2912146651021597,1.1239961594415733,1.3843318419063328,1.024339367166642,-0.8401684587708778,-0.8372970249478906,-0.7780152107128782,-0.6892888456098775,17.06586958465598,-0.8190150712398732,-0.8752193497552535,0.6331530407303081,0.861464763498553,0.997270488732628,1.1827641675562706,0.3182285659362052,0.3292311315632674,-0.4053830809351004,-0.89311863356309,16.94305591744905,-0.5000263092342403,0.4433163688085454,0.6166188294147527,0.3823574688011385,0.6456175072381621,0.5436325629196037,-0.8622012440311804,-0.8624977564439058,-0.355958829617965,-0.9885614780872188,16.83403612935664,-0.9980995469808164,-0.4700594013904666
0.6331530407303081,0.861464763498553,0.997270488732628,1.1827641675562706,0.3182285659362052,0.3292311315632674,-0.4053830809351004,-0.89311863356309,16.94305591744905,-0.5000263092342403,0.4433163688085454,0.6166188294147527,0.3823574688011385,0.6456175072381621,0.5436325629196037,-0.8622012440311804,-0.8624977564439058,-0.355958829617965,-0.9885614780872188,16.83403612935664,-0.9980995469808164,-0.4700594013904666,-0.0774648941990754,0.17408460723757,0.5075746746726929,0.3712577592856893,-0.2804626674255668,-0.270986306645858,-0.548624296072582,-1.1244340639465609,16.535502570950815,-1.2352279672116349,-0.2206222701076458
0.6166188294147527,0.3823574688011385,0.6456175072381621,0.5436325629196037,-0.8622012440311804,-0.8624977564439058,-0.355958829617965,-0.9885614780872188,16.83403612935664,-0.9980995469808164,-0.4700594013904666,-0.0774648941990754,0.17408460723757,0.5075746746726929,0.3712577592856893,-0.2804626674255668,-0.270986306645858,-0.548624296072582,-1.1244340639465609,16.535502570950815,-1.2352279672116349,-0.2206222701076458,0.2866286102575935,0.2791730983468344,0.3947809298416762,0.05090325641091,-0.5596461782512803,-0.555360066586713,0.2715692145049287,-0.7308986929504143,16.683420880397712,-0.4209222925438159,-0.4244482678447446
-0.0774648941990754,0.17408460723757,0.5075746746726929,0.3712577592856893,-0.2804626674255668,-0.270986306645858,-0.548624296072582,-1.1244340639465609,16.535502570950815,-1.2352279672116349,-0.2206222701076458,0.2866286102575935,0.2791730983468344,0.3947809298416762,0.05090325641091,-0.5596461782512803,-0.555360066586713,0.2715692145049287,-0.7308986929504143,16.683420880397712,-0.4209222925438159,-0.4244482678447446,-0.0366434840317764,-0.0055025943652333,0.2600643524593409,0.4034022958463988,0.4280713122913839,0.4371678517709103,-0.226937558903202,-0.7006797737582922,16.602772413818876,-0.8429157915593771,0.0217173262174412
0.2866286102575935,0.2791730983468344,0.3947809298416762,0.05090325641091,-0.5596461782512803,-0.555360066586713,0.2715692145049287,-0.7308986929504143,16.683420880397712,-0.4209222925438159,-0.4244482678447446,-0.0366434840317764,-0.0055025943652333,0.2600643524593409,0.4034022958463988,0.4280713122913839,0.4371678517709103,-0.226937558903202,-0.7006797737582922,16.602772413818876,-0.8429157915593771,0.0217173262174412,-0.1612250600943564,-0.1642618175820469,0.0219554065741389,-0.24530813493657,-0.7509954592688649,-0.7497835125347339,-0.2338439233061247,-0.7012713319123451,16.53571993575126,-0.4792745433027307,-0.7211907879342101
-0.0366434840317764,-0.0055025943652333,0.2600643524593409,0.4034022958463988,0.4280713122913839,0.4371678517709103,-0.226937558903202,-0.7006797737582922,16.602772413818876,-0.8429157915593771,0.0217173262174412,-0.1612250600943564,-0.1642618175820469,0.0219554065741389,-0.24530813493657,-0.7509954592688649,-0.7497835125347339,-0.2338439233061247,-0.7012713319123451,16.53571993575126,-0.4792745433027307,-0.7211907879342101,-0.7966308032270145,-1.442463387932022,-2.094229909074176,-1.66417624881791,-0.996290037668523,-1.0046035009937309,1.4227757807587726,-0.1058264815516856,16.80903043597508,0.6446191985220695,-0.9218662079246732
-0.1612250600943564,-0.1642618175820469,0.0219554065741389,-0.24530813493657,-0.7509954592688649,-0.7497835125347339,-0.2338439233061247,-0.7012713319123451,16.53571993575126,-0.4792745433027307,-0.7211907879342101,-0.7966308032270145,-1.442463387932022,-2.094229909074176,-1.66417624881791,-0.996290037668523,-1.0046035009937309,1.4227757807587726,-0.1058264815516856,16.80903043597508,0.6446191985220695,-0.9218662079246732,-1.575098398541079,-1.369594064393202,-1.4540820510235462,-1.3307952556919298,0.1568523493288384,0.1677545150564253,-0.7462598090294145,0.0127057400425621,16.4798805866222,0.0776139276102722,0.1015919611198632
-0.7966308032270145,-1.442463387932022,-2.094229909074176,-1.66417624881791,-0.996290037668523,-1.0046035009937309,1.4227757807587726,-0.1058264815516856,16.80903043597508,0.6446191985220695,-0.9218662079246732,-1.575098398541079,-1.369594064393202,-1.4540820510235462,-1.3307952556919298,0.1568523493288384,0.1677545150564253,-0.7462598090294145,0.0127057400425621,16.4798805866222,0.0776139276102722,0.1015919611198632,-1.8740414722433787,-2.044165625598265,-1.642541508113472,-1.6142487068217146,-0.392373865561368,-0.3879653202049007,0.2621692761090674,1.0925435707574973,16.45226531011009,-1.8165011316787465,-0.6286823806570946
-1.575098398541079,-1.369594064393202,-1.4540820510235462,-1.3307952556919298,0.1568523493288384,0.1677545150564253,-0.7462598090294145,0.0127057400425621,16.4798805866222,0.0776139276102722,0.1015919611198632,-1.8740414722433787,-2.044165625598265,-1.642541508113472,-1.6142487068217146,-0.392373865561368,-0.3879653202049007,0.2621692761090674,1.0925435707574973,16.45226531011009,-1.8165011316787465,-0.6286823806570946,-1.7517969928299542,-1.4718230328805535,-1.6530165634695158,-0.7451345900424474,1.1975192277827051,1.194000060650699,0.8285168930709845,1.8878690921669852,16.56546383300974,0.2555020689358661,1.0189195119881989
-1.8740414722433787,-2.044165625598265,-1.642541508113472,-1.6142487068217146,-0.392373865561368,-0.3879653202049007,0.2621692761090674,1.0925435707574973,16.45226531011009,-1.8165011316787465,-0.6286823806570946,-1.7517969928299542,-1.4718230328805535,-1.6530165634695158,-0.7451345900424474,1.1975192277827051,1.194000060650699,0.8285168930709845,1.8878690921669852,16.56546383300974,0.2555020689358661,1.0189195119881989,-0.7076131327081926,-1.116491131061024,-1.11014457508206,-1.2884630810858588,-0.4913062399414848,-0.4879684286642372,-1.0635973471257805,0.4439463650729735,16.26854815810974,-0.1055016486138495,0.1311720715301877
-1.7517969928299542,-1.4718230328805535,-1.6530165634695158,-0.7451345900424474,1.1975192277827051,1.194000060650699,0.8285168930709845,1.8878690921669852,16.56546383300974,0.2555020689358661,1.0189195119881989,-0.7076131327081926,-1.116491131061024,-1.11014457508206,-1.2884630810858588,-0.4913062399414848,-0.4879684286642372,-1.0635973471257805,0.4439463650729735,16.26854815810974,-0.1055016486138495,0.1311720715301877,-1.440169822369112,-1.6744483659625198,-1.6605056181969462,-1.8873258497504544,-1.277059989759408,-1.2869856199058285,2.040157927213041,2.1797653852339756,16.735856404027132,-0.2320903692941976,-1.4175531652095232
-0.7076131327081926,-1.116491131061024,-1.11014457508206,-1.2884630810858588,-0.4913062399414848,-0.4879684286642372,-1.0635973471257805,0.4439463650729735,16.26854815810974,-0.1055016486138495,0.1311720715301877,-1.440169822369112,-1.6744483659625198,-1.6605056181969462,-1.8873258497504544,-1.277059989759408,-1.2869856199058285,2.040157927213041,2.1797653852339756,16.735856404027132,-0.2320903692941976,-1.4175531652095232,-1.843937858513852,-1.7598363165558708,-2.070405906592324,-2.073823885591323,-1.3211239717464218,-1.333456228496953,0.7816561627597639,2.1529973673213183,16.991483098931305,1.8221953283210897,-1.5131249803932976
-1.440169822369112,-1.6744483659625198,-1.6605056181969462,-1.8873258497504544,-1.277059989759408,-1.2869856199058285,2.040157927213041,2.1797653852339756,16.735856404027132,-0.2320903692941976,-1.4175531652095232,-1.843937858513852,-1.7598363165558708,-2.070405906592324,-2.073823885591323,-1.3211239717464218,-1.333456228496953,0.7816561627597639,2.1529973673213183,16.991483098931305,1.8221953283210897,-1.5131249803932976,-2.2208155720591547,-2.049113989379553,-2.121136123917654,-1.6602444623497734,0.1579349554106481,0.1658522036192942,1.0825191757817936,2.1597922747933076,17.343669493880732,1.60109755830139,0.0316305664719355
-1.843937858513852,-1.7598363165558708,-2.070405906592324,-2.073823885591323,-1.3211239717464218,-1.333456228496953,0.7816561627597639,2.1529973673213183,16.991483098931305,1.8221953283210897,-1.5131249803932976,-2.2208155720591547,-2.049113989379553,-2.121136123917654,-1.6602444623497734,0.1579349554106481,0.1658522036192942,1.0825191757817936,2.1597922747933076,17.343669493880732,1.60109755830139,0.0316305664719355,-1.413420630093759,-1.263248099944054,-1.1804347786346256,-0.8776893910512293,1.8226202740864712,1.8102018160152047,-1.4366626990835636,0.2025868190186568,16.820276950698467,0.2376256966221215,1.79535747618632
-2.2208155720591547,-2.049113989379553,-2.121136123917654,-1.6602444623497734,0.1579349554106481,0.1658522036192942,1.0825191757817936,2.1597922747933076,17.343669493880732,1.60109755830139,0.0316305664719355,-1.413420630093759,-1.263248099944054,-1.1804347786346256,-0.8776893910512293,1.8226202740864712,1.8102018160152047,-1.4366626990835636,0.2025868190186568,16.820276950698467,0.2376256966221215,1.79535747618632,-0.4941452828488521,-0.8614138193579862,-0.5934009458939224,-0.9339915097837976,0.013707415639204,0.021718252038317,-1.1107785266881391,-0.8092543304081727,16.380452300012198,-0.835772648128727,0.0414924856335651
-1.413420630093759,-1.263248099944054,-1.1804347786346256,-0.8776893910512293,1.8226202740864712,1.8102018160152047,-1.4366626990835636,0.2025868190186568,16.820276950698467,0.2376256966221215,1.79535747618632,-0.4941452828488521,-0.8614138193579862,-0.5934009458939224,-0.9339915097837976,0.013707415639204,0.021718252038317,-1.1107785266881391,-0.8092543304081727,16.380452300012198,-0.835772648128727,0.0414924856335651,-0.7141374088443019,-0.240308456227099,-0.3731670181086056,-0.0880626258908393,1.390004666436694,1.3823668284745632,0.9707166666025842,-0.1008299324183135,16.721701037540424,0.6837814196928712,1.1394212351565771
-0.4941452828488521,-0.8614138193579862,-0.5934009458939224,-0.9339915097837976,0.013707415639204,0.021718252038317,-1.1107785266881391,-0.8092543304081727,16.380452300012198,-0.835772648128727,0.0414924856335651,-0.7141374088443019,-0.240308456227099,-0.3731670181086056,-0.0880626258908393,1.390004666436694,1.3823668284745632,0.9707166666025842,-0.1008299324183135,16.721701037540424,0.6837814196928712,1.1394212351565771,0.4557151915100887,0.1895327102189061,-0.3370820060799933,-0.7985449322334108,-0.9529633770945632,-0.9569460760331332,-0.2156121085006035,-0.2343386661592192,16.7257340160266,1.527938705538152,-0.5932895142234998
-0.7141374088443019,-0.240308456227099,-0.3731670181086056,-0.0880626258908393,1.390004666436694,1.3823668284745632,0.9707166666025842,-0.1008299324183135,16.721701037540424,0.6837814196928712,1.1394212351565771,0.4557151915100887,0.1895327102189061,-0.3370820060799933,-0.7985449322334108,-0.9529633770945632,-0.9569460760331332,-0.2156121085006035,-0.2343386661592192,16.7257340160266,1.527938705538152,-0.5932895142234998,-0.7779003005371736,-1.118921718127302,-1.2904720522430888,-0.7818673670181643,0.0471031789113923,0.0562642987701885,0.5102858654354014,0.2790152728222875,16.981044718282252,1.3074463457023675,-0.5365612045635999
0.4557151915100887,0.1895327102189061,-0.3370820060799933,-0.7985449322334108,-0.9529633770945632,-0.9569460760331332,-0.2156121085006035,-0.2343386661592192,16.7257340160266,1.527938705538152,-0.5932895142234998,-0.7779003005371736,-1.118921718127302,-1.2904720522430888,-0.7818673670181643,0.0471031789113923,0.0562642987701885,0.5102858654354014,0.2790152728222875,16.981044718282252,1.3074463457023675,-0.5365612045635999,-0.4307944661697569,-0.5479743169820857,-0.0049914176742062,0.0669553678459594,1.0786600845026175,1.0789778177645244,-1.1830008747268896,-1.0025322717907448,16.471516375664642,-1.2716962392908893,1.0790122162015494
-0.7779003005371736,-1.118921718127302,-1.2904720522430888,-0.7818673670181643,0.0471031789113923,0.0562642987701885,0.5102858654354014,0.2790152728222875,16.981044718282252,1.3074463457023675,-0.5365612045635999,-0.4307944661697569,-0.5479743169820857,-0.0049914176742062,0.0669553678459594,1.0786600845026175,1.0789778177645244,-1.1830008747268896,-1.0025322717907448,16.471516375664642,-1.2716962392908893,1.0790122162015494,-0.1880511769296829,0.9526866793971072,0.5993029487170933,1.7863788561138474,1.246707744754407,1.239324668199951,0.8548243572755447,-0.2954521695601554,16.852600730416114,0.4638427873142544,1.026513342405959
-0.4307944661697569,-0.5479743169820857,-0.0049914176742062,0.0669553678459594,1.0786600845026175,1.0789778177645244,-1.1830008747268896,-1.0025322717907448,16.471516375664642,-1.2716962392908893,1.0790122162015494,-0.1880511769296829,0.9526866793971072,0.5993029487170933,1.7863788561138474,1.246707744754407,1.239324668199951,0.8548243572755447,-0.2954521695601554,16.852600730416114,0.4638427873142544,1.026513342405959,1.280168377925371,0.9010103318899636,1.5452729760542725,1.1390625294359509,-0.4877415925969958,-0.4803846792562351,-0.573015102302349,-0.631122231573972,16.690035245025538,-1.567888045006141,-0.834662117841984
-0.1880511769296829,0.9526866793971072,0.5993029487170933,1.7863788561138474,1.246707744754407,1.239324668199951,0.8548243572755447,-0.2954521695601554,16.852600730416114,0.4638427873142544,1.026513342405959,1.280168377925371,0.9010103318899636,1.5452729760542725,1.1390625294359509,-0.4877415925969958,-0.4803846792562351,-0.573015102302349,-0.631122231573972,16.690035245025538,-1.567888045006141,-0.834662117841984,0.96711758446803,1.251719918527262,1.4894039361243046,1.0589690457699386,-0.0673811369804674,-0.0594775866960695,-0.1486011007453778,-0.47922639458113,16.662156862695383,-1.1222727286556842,0.3056465444336788
1.280168377925371,0.9010103318899636,1.5452729760542725,1.1390625294359509,-0.4877415925969958,-0.4803846792562351,-0.573015102302349,-0.631122231573972,16.690035245025538,-1.567888045006141,-0.834662117841984,0.96711758446803,1.251719918527262,1.4894039361243046,1.0589690457699386,-0.0673811369804674,-0.0594775866960695,-0.1486011007453778,-0.47922639458113,16.662156862695383,-1.1222727286556842,0.3056465444336788,1.3439478306797326,1.190339273847182,1.1471716066775208,0.984245435652598,-0.1747687110593647,-0.1669975477810634,-0.6427252809747046,-1.1380252354171048,16.366501486715418,-0.4302821245192029,-0.132334596844872
0.96711758446803,1.251719918527262,1.4894039361243046,1.0589690457699386,-0.0673811369804674,-0.0594775866960695,-0.1486011007453778,-0.47922639458113,16.662156862695383,-1.1222727286556842,0.3056465444336788,1.3439478306797326,1.190339273847182,1.1471716066775208,0.984245435652598,-0.1747687110593647,-0.1669975477810634,-0.6427252809747046,-1.1380252354171048,16.366501486715418,-0.4302821245192029,-0.132334596844872,0.7730798527147438,0.9214583648711074,1.076352438530917,1.4058025207016935,0.5601026411085788,0.5640293469262444,0.4909931509780756,-0.1409650653602883,16.520623181941936,-0.7502480659210512,1.3667399826264706
1.3439478306797326,1.190339273847182,1.1471716066775208,0.984245435652598,-0.1747687110593647,-0.1669975477810634,-0.6427252809747046,-1.1380252354171048,16.366501486715418,-0.4302821245192029,-0.132334596844872,0.7730798527147438,0.9214583648711074,1.076352438530917,1.4058025207016935,0.5601026411085788,0.5640293469262444,0.4909931509780756,-0.1409650653602883,16.520623181941936,-0.7502480659210512,1.3667399826264706,1.348122314077013,1.0833229729763585,0.9113135575029035,0.9953396661452928,-0.4588030969364189,-0.4523923648182352,-0.0785804764336157,-0.1860894170052287,16.551052766764684,-0.2588436020292743,0.1288019993399133
0.7730798527147438,0.9214583648711074,1.076352438530917,1.4058025207016935,0.5601026411085788,0.5640293469262444,0.4909931509780756,-0.1409650653602883,16.520623181941936,-0.7502480659210512,1.3667399826264706,1.348122314077013,1.0833229729763585,0.9113135575029035,0.9953396661452928,-0.4588030969364189,-0.4523923648182352,-0.0785804764336157,-0.1860894170052287,16.551052766764684,-0.2588436020292743,0.1288019993399133,0.5490736134205711,1.4427944029268855,0.2952402975397964,0.7778619165140394,-0.2240276723699472,-0.2177383579182079,2.3533117696294874,2.547765995212084,17.33445248565321,1.5819054441091367,0.0300492671029369
1.348122314077013,1.0833229729763585,0.9113135575029035,0.9953396661452928,-0.4588030969364189,-0.4523923648182352,-0.0785804764336157,-0.1860894170052287,16.551052766764684,-0.2588436020292743,0.1288019993399133,0.5490736134205711,1.4427944029268855,0.2952402975397964,0.7778619165140394,-0.2240276723699472,-0.2177383579182079,2.3533117696294874,2.547765995212084,17.33445248565321,1.5819054441091367,0.0300492671029369,0.7533848653387171,0.9514340545936868,0.8382620805094971,0.4827738011658592,-0.575855688744503,-0.5753243243739443,-1.1511215053824493,-0.181773477228922,16.68045059825479,-0.0159676202126897,-0.6205355548796084
0.5490736134205711,1.4427944029268855,0.2952402975397964,0.7778619165140394,-0.2240276723699472,-0.2177383579182079,2.3533117696294874,2.547765995212084,17.33445248565321,1.5819054441091367,0.0300492671029369,0.7533848653387171,0.9514340545936868,0.8382620805094971,0.4827738011658592,-0.575855688744503,-0.5753243243739443,-1.1511215053824493,-0.181773477228922,16.68045059825479,-0.0159676202126897,-0.6205355548796084,1.0015821933620452,1.465052178437929,1.6823226642195224,2.200975031463877,1.7829988137506276,1.7746668542681787,0.0946956635755367,0.2779171541797046,16.785376206294675,-0.1024355624067419,1.802113186497888
0.7533848653387171,0.9514340545936868,0.8382620805094971,0.4827738011658592,-0.575855688744503,-0.5753243243739443,-1.1511215053824493,-0.181773477228922,16.68045059825479,-0.0159676202126897,-0.6205355548796084,1.0015821933620452,1.465052178437929,1.6823226642195224,2.200975031463877,1.7829988137506276,1.7746668542681787,0.0946956635755367,0.2779171541797046,16.785376206294675,-0.1024355624067419,1.802113186497888,1.7070402326160037,1.3461175137596049,1.3016959255919254,0.7287828977575082,-1.4614316750920984,-1.477554107154889,-0.8049542511115756,-0.7921203315378815,16.41674741078046,0.0414241914634046,-1.3459319686247928
1.0015821933620452,1.465052178437929,1.6823226642195224,2.200975031463877,1.7829988137506276,1.7746668542681787,0.0946956635755367,0.2779171541797046,16.785376206294675,-0.1024355624067419,1.802113186497888,1.7070402326160037,1.3461175137596049,1.3016959255919254,0.7287828977575082,-1.4614316750920984,-1.477554107154889,-0.8049542511115756,-0.7921203315378815,16.41674741078046,0.0414241914634046,-1.3459319686247928,0.7979789409230693,0.7866935301430381,1.4425187552884646,1.3183448653222931,0.6290411894310409,0.6353592230685787,-0.1000475013109226,-0.6345255812313307,16.39655288007721,-0.6525951607257878,0.5618678290796476
1.7070402326160037,1.3461175137596049,1.3016959255919254,0.7287828977575082,-1.4614316750920984,-1.477554107154889,-0.8049542511115756,-0.7921203315378815,16.41674741078046,0.0414241914634046,-1.3459319686247928,0.7979789409230693,0.7866935301430381,1.4425187552884646,1.3183448653222931,0.6290411894310409,0.6353592230685787,-0.1000475013109226,-0.6345255812313307,16.39655288007721,-0.6525951607257878,0.5618678290796476,1.6199614843355423,1.8249460959591677,1.8268270226714876,1.9964755191769248,1.1164320340534155,1.1159075168034405,0.8029514282065153,0.3835584114169055,16.777846376397772,-0.109795017049759,0.6802823975760942
0.7979789409230693,0.7866935301430381,1.4425187552884646,1.3183448653222931,0.6290411894310409,0.6353592230685787,-0.1000475013109226,-0.6345255812313307,16.39655288007721,-0.6525951607257878,0.5618678290796476,1.6199614843355423,1.8249460959591677,1.8268270226714876,1.9964755191769248,1.1164320340534155,1.1159075168034405,0.8029514282065153,0.3835584114169055,16.777846376397772,-0.109795017049759,0.6802823975760942,2.019331145708295,1.2967258219403506,0.1610151069338899,-0.3213904410669604,-1.934134167491243,-1.9552257122883312,0.6608924214760807,1.3162347733127464,17.15150790195726,1.477856659587934,-1.856627771802314
1.6199614843355423,1.8249460959591677,1.8268270226714876,1.9964755191769248,1.1164320340534155,1.1159075168034405,0.8029514282065153,0.3835584114169055,16.777846376397772,-0.109795017049759,0.6802823975760942,2.019331145708295,1.2967258219403506,0.1610151069338899,-0.3213904410669604,-1.934134167491243,-1.9552257122883312,0.6608924214760807,1.3162347733127464,17.15150790195726,1.477856659587934,-1.856627771802314,-0.8708008236823916,-0.91710365272352,-0.1792633808184696,0.0172298764164382,0.2626335159714771,0.2696245836615675,-1.1909712741574876,-0.8214329896978183,16.471158147860102,-0.880610697314717,0.2121852562412535
2.019331145708295,1.2967258219403506,0.1610151069338899,-0.3213904410669604,-1.934134167491243,-1.9552257122883312,0.6608924214760807,1.3162347733127464,17.15150790195726,1.477856659587934,-1.856627771802314,-0.8708008236823916,-0.91710365272352,-0.1792633808184696,0.0172298764164382,0.2626335159714771,0.2696245836615675,-1.1909712741574876,-0.8214329896978183,16.471158147860102,-0.880610697314717,0.2121852562412535,-0.0756462535871656,-0.4179519278926967,0.2607301046181302,0.478354946233987,0.3320384621394427,0.3383483947588968,0.0242263007566566,-0.5625477161140111,16.58336314490033,-0.736735262535226,0.5281228053578368
-0.8708008236823916,-0.91710365272352,-0.1792633808184696,0.0172298764164382,0.2626335159714771,0.2696245836615675,-1.1909712741574876,-0.8214329896978183,16.471158147860102,-0.880610697314717,0.2121852562412535,-0.0756462535871656,-0.4179519278926967,0.2607301046181302,0.478354946233987,0.3320384621394427,0.3383483947588968,0.0242263007566566,-0.5625477161140111,16.58336314490033,-0.736735262535226,0.5281228053578368,0.4411905483605099,0.0252599242115477,0.0492495891518886,-0.7686585088649331,-0.8775007506798856,-0.8737633134892229,0.181004480429721,-0.135164512828773,16.77972641590139,-0.037719523578977,-0.6870672683400046
-0.0756462535871656,-0.4179519278926967,0.2607301046181302,0.478354946233987,0.3320384621394427,0.3383483947588968,0.0242263007566566,-0.5625477161140111,16.58336314490033,-0.736735262535226,0.5281228053578368,0.4411905483605099,0.0252599242115477,0.0492495891518886,-0.7686585088649331,-0.8775007506798856,-0.8737633134892229,0.181004480429721,-0.135164512828773,16.77972641590139,-0.037719523578977,-0.6870672683400046,-1.5398829168597687,-1.8741809652406265,-1.9598319275508425,-1.4690667159663753,-0.5879044880241848,-0.5813421024649199,0.2407582020495002,0.7942653072324597,16.874241151529798,-0.3734774452165854,0.0897750794376608
0.4411905483605099,0.0252599242115477,0.0492495891518886,-0.7686585088649331,-0.8775007506798856,-0.8737633134892229,0.181004480429721,-0.135164512828773,16.77972641590139,-0.037719523578977,-0.6870672683400046,-1.5398829168597687,-1.8741809652406265,-1.9598319275508425,-1.4690667159663753,-0.5879044880241848,-0.5813421024649199,0.2407582020495002,0.7942653072324597,16.874241151529798,-0.3734774452165854,0.0897750794376608,-0.7737598551984196,-0.5173940631356004,-0.4151334650400113,-0.8108081442744998,0.5023484754104175,0.5077300138189084,0.3594253125533094,1.203323292454228,17.049062204214895,-0.3074437010269988,0.6646217058879965
-1.5398829168597687,-1.8741809652406265,-1.9598319275508425,-1.4690667159663753,-0.5879044880241848,-0.5813421024649199,0.2407582020495002,0.7942653072324597,16.874241151529798,-0.3734774452165854,0.0897750794376608,-0.7737598551984196,-0.5173940631356004,-0.4151334650400113,-0.8108081442744998,0.5023484754104175,0.5077300138189084,0.3594253125533094,1.203323292454228,17.049062204214895,-0.3074437010269988,0.6646217058879965,-1.2867136763956424,-1.328124536174225,-1.4713430333722377,-0.3070554093940194,0.4300639864478663,0.4344208080262656,-0.9396630090514384,-0.052911124948769,16.759265145093167,-0.174588431012196,0.0404710991204932
-0.7737598551984196,-0.5173940631356004,-0.4151334650400113,-0.8108081442744998,0.5023484754104175,0.5077300138189084,0.3594253125533094,1.203323292454228,17.049062204214895,-0.3074437010269988,0.6646217058879965,-1.2867136763956424,-1.328124536174225,-1.4713430333722377,-0.3070554093940194,0.4300639864478663,0.4344208080262656,-0.9396630090514384,-0.052911124948769,16.759265145093167,-0.174588431012196,0.0404710991204932,-0.7345910685882568,-1.1862916358461957,-0.6658416174119134,-0.6565964880252686,-0.3121411428211197,-0.3029589423208392,-0.1960089330005903,-0.1989210404310186,16.78166988067663,-1.260874089459462,0.4246777630323912
-1.2867136763956424,-1.328124536174225,-1.4713430333722377,-0.3070554093940194,0.4300639864478663,0.4344208080262656,-0.9396630090514384,-0.052911124948769,16.759265145093167,-0.174588431012196,0.0404710991204932,-0.7345910685882568,-1.1862916358461957,-0.6658416174119134,-0.6565964880252686,-0.3121411428211197,-0.3029589423208392,-0.1960089330005903,-0.1989210404310186,16.78166988067663,-1.260874089459462,0.4246777630323912,-0.1603148401504549,-0.8071120021736861,-2.072892467170224,-0.7615744123258488,-0.1052065420721871,-0.097072371981395,1.847990312599388,1.848352121465924,17.410897706438945,2.043336140724195,-0.5423285507294686
-0.7345910685882568,-1.1862916358461957,-0.6658416174119134,-0.6565964880252686,-0.3121411428211197,-0.3029589423208392,-0.1960089330005903,-0.1989210404310186,16.78166988067663,-1.260874089459462,0.4246777630323912,-0.1603148401504549,-0.8071120021736861,-2.072892467170224,-0.7615744123258488,-0.1052065420721871,-0.097072371981395,1.847990312599388,1.848352121465924,17.410897706438945,2.043336140724195,-0.5423285507294686,-0.3218362424576526,0.4891736017182321,0.1638990022740977,1.257565815489207,1.383518356901163,1.3676179105802622,-1.1767117517967527,-0.4235529124991488,16.914119810750975,0.3619586871793826,1.0669270022470936
-0.1603148401504549,-0.8071120021736861,-2.072892467170224,-0.7615744123258488,-0.1052065420721871,-0.097072371981395,1.847990312599388,1.848352121465924,17.410897706438945,2.043336140724195,-0.5423285507294686,-0.3218362424576526,0.4891736017182321,0.1638990022740977,1.257565815489207,1.383518356901163,1.3676179105802622,-1.1767117517967527,-0.4235529124991488,16.914119810750975,0.3619586871793826,1.0669270022470936,1.891271959393258,1.7650922652852838,0.8118103756923131,-0.0598698601894773,-0.9859844813662788,-0.9869487967640586,0.2360768499643034,0.261381010126271,17.048549648582025,0.960100879611667,-1.5197773303767277
-0.3218362424576526,0.4891736017182321,0.1638990022740977,1.257565815489207,1.383518356901163,1.3676179105802622,-1.1767117517967527,-0.4235529124991488,16.914119810750975,0.3619586871793826,1.0669270022470936,1.891271959393258,1.7650922652852838,0.8118103756923131,-0.0598698601894773,-0.9859844813662788,-0.9869487967640586,0.2360768499643034,0.261381010126271,17.048549648582025,0.960100879611667,-1.5197773303767277,0.5683866038513955,0.6833458030874249,1.1810198992620202,1.7398539647245912,1.44150687094907,1.4346552482940085,-1.1659719723913209,-1.336490592012763,16.60456306771416,-0.8775677992095225,1.5890714552342362
1.891271959393258,1.7650922652852838,0.8118103756923131,-0.0598698601894773,-0.9859844813662788,-0.9869487967640586,0.2360768499643034,0.261381010126271,17.048549648582025,0.960100879611667,-1.5197773303767277,0.5683866038513955,0.6833458030874249,1.1810198992620202,1.7398539647245912,1.44150687094907,1.4346552482940085,-1.1659719723913209,-1.336490592012763,16.60456306771416,-0.8775677992095225,1.5890714552342362,0.8828970866314892,0.5512759885251025,0.7294418687842487,0.1749838754474361,-1.1643723740768728,-1.171303253660194,0.0160916884523005,-1.120570753768903,16.66981180449597,-0.3930490242244226,-0.8377889966222293
0.5683866038513955,0.6833458030874249,1.1810198992620202,1.7398539647245912,1.44150687094907,1.4346552482940085,-1.1659719723913209,-1.336490592012763,16.60456306771416,-0.8775677992095225,1.5890714552342362,0.8828970866314892,0.5512759885251025,0.7294418687842487,0.1749838754474361,-1.1643723740768728,-1.171303253660194,0.0160916884523005,-1.120570753768903,16.66981180449597,-0.3930490242244226,-0.8377889966222293,-0.3601510049695757,0.6341685196714906,0.4946877895644216,1.3112849385692706,0.8904048379610315,0.8913794633129544,-0.179693557578577,-1.0193960909361088,16.641669726786425,0.0337550574364725,0.2096427137403104
0.8828970866314892,0.5512759885251025,0.7294418687842487,0.1749838754474361,-1.1643723740768728,-1.171303253660194,0.0160916884523005,-1.120570753768903,16.66981180449597,-0.3930490242244226,-0.8377889966222293,-0.3601510049695757,0.6341685196714906,0.4946877895644216,1.3112849385692706,0.8904048379610315,0.8913794633129544,-0.179693557578577,-1.0193960909361088,16.641669726786425,0.0337550574364725,0.2096427137403104,1.0014924584958238,0.3065322897449994,0.5900152299998067,0.9210154812804812,-0.4021878856397027,-0.3967853225844034,0.2564742477457876,-0.5274043495460614,16.76676839369035,-0.5039498483095824,-0.5917982986411793
-0.3601510049695757,0.6341685196714906,0.4946877895644216,1.3112849385692706,0.8904048379610315,0.8913794633129544,-0.179693557578577,-1.0193960909361088,16.641669726786425,0.0337550574364725,0.2096427137403104,1.0014924584958238,0.3065322897449994,0.5900152299998067,0.9210154812804812,-0.4021878856397027,-0.3967853225844034,0.2564742477457876,-0.5274043495460614,16.76676839369035,-0.5039498483095824,-0.5917982986411793,0.0701798369302763,2.0744385567647456,0.8288014100500617,2.315654257966723,1.7015428969861026,1.68796081799197,0.2877006947921496,0.0653396813886559,16.896686359240984,1.6445026830241336,1.5150222662242876
1.0014924584958238,0.3065322897449994,0.5900152299998067,0.9210154812804812,-0.4021878856397027,-0.3967853225844034,0.2564742477457876,-0.5274043495460614,16.76676839369035,-0.5039498483095824,-0.5917982986411793,0.0701798369302763,2.0744385567647456,0.8288014100500617,2.315654257966723,1.7015428969861026,1.68796081799197,0.2877006947921496,0.0653396813886559,16.896686359240984,1.6445026830241336,1.5150222662242876,2.1190623355728526,1.965931690888098,2.0742499406475368,1.915120633265354,0.2003463116497349,0.2080258765993676,-0.0888898197950291,0.1147051218734552,16.929190342536725,-0.2672808961197766,-0.2478265260928779
0.0701798369302763,2.0744385567647456,0.8288014100500617,2.315654257966723,1.7015428969861026,1.68796081799197,0.2877006947921496,0.0653396813886559,16.896686359240984,1.6445026830241336,1.5150222662242876,2.1190623355728526,1.965931690888098,2.0742499406475368,1.915120633265354,0.2003463116497349,0.2080258765993676,-0.0888898197950291,0.1147051218734552,16.929190342536725,-0.2672808961197766,-0.2478265260928779,2.1801902768557064,1.8989523399929435,1.9922562321082864,1.7453552718856455,0.2017509086370467,0.208787781595653,-0.5681571033499725,-0.422163655972999,16.761947592319913,-0.9150031838398326,0.0159847434099279
2.1190623355728526,1.965931690888098,2.0742499406475368,1.915120633265354,0.2003463116497349,0.2080258765993676,-0.0888898197950291,0.1147051218734552,16.929190342536725,-0.2672808961197766,-0.2478265260928779,2.1801902768557064,1.8989523399929435,1.9922562321082864,1.7453552718856455,0.2017509086370467,0.208787781595653,-0.5681571033499725,-0.422163655972999,16.761947592319913,-0.9150031838398326,0.0159847434099279,1.8830933783442272,1.8066861992074248,1.947260777312828,1.801174069830005,0.5276355065656041,0.5308880464808204,0.8829674943235306,1.0475078517799443,16.90820169694778,-0.9527703723168566,0.6188126161532485
2.1801902768557064,1.8989523399929435,1.9922562321082864,1.7453552718856455,0.2017509086370467,0.208787781595653,-0.5681571033499725,-0.422163655972999,16.761947592319913,-0.9150031838398326,0.0159847434099279,1.8830933783442272,1.8066861992074248,1.947260777312828,1.801174069830005,0.5276355065656041,0.5308880464808204,0.8829674943235306,1.0475078517799443,16.90820169694778,-0.9527703723168566,0.6188126161532485,1.7779516443288728,1.5215974751777706,1.474865080657535,1.1407652907438253,-1.023378994282462,-1.02429662629675,-0.453296790531465,0.5765646614597705,16.837422192009587,-0.281193649891064,-0.9060784244590656
1.8830933783442272,1.8066861992074248,1.947260777312828,1.801174069830005,0.5276355065656041,0.5308880464808204,0.8829674943235306,1.0475078517799443,16.90820169694778,-0.9527703723168566,0.6188126161532485,1.7779516443288728,1.5215974751777706,1.474865080657535,1.1407652907438253,-1.023378994282462,-1.02429662629675,-0.453296790531465,0.5765646614597705,16.837422192009587,-0.281193649891064,-0.9060784244590656,1.0872542506828051,0.78708811552903,0.3567349033602254,0.0706401716337117,-1.7048516579248785,-1.7196979527665768,0.2735245537091828,1.1363541908320194,16.876140709954267,1.2434859179196325,-1.9912757382256256
1.7779516443288728,1.5215974751777706,1.474865080657535,1.1407652907438253,-1.023378994282462,-1.02429662629675,-0.453296790531465,0.5765646614597705,16.837422192009587,-0.281193649891064,-0.9060784244590656,1.0872542506828051,0.78708811552903,0.3567349033602254,0.0706401716337117,-1.7048516579248785,-1.7196979527665768,0.2735245537091828,1.1363541908320194,16.876140709954267,1.2434859179196325,-1.9912757382256256,0.5015013517122475,0.3316928805611875,0.541490581186845,0.6287894546141533,0.7937417472025416,0.7938642082308923,-1.8293929766537145,-0.8179561759599612,16.621056488210915,-0.7369858884629742,0.5570244027324273
1.0872542506828051,0.78708811552903,0.3567349033602254,0.0706401716337117,-1.7048516579248785,-1.7196979527665768,0.2735245537091828,1.1363541908320194,16.876140709954267,1.2434859179196325,-1.9912757382256256,0.5015013517122475,0.3316928805611875,0.541490581186845,0.6287894546141533,0.7937417472025416,0.7938642082308923,-1.8293929766537145,-0.8179561759599612,16.621056488210915,-0.7369858884629742,0.5570244027324273,0.3386695037761871,0.464657647539914,0.5744352101337096,0.8019791052304291,0.0731399924014493,0.0807239523853844,-0.0848642607728783,-0.9392250626339148,16.612047774543687,-0.4886595553737803,0.3770588306338626
0.5015013517122475,0.3316928805611875,0.541490581186845,0.6287894546141533,0.7937417472025416,0.7938642082308923,-1.8293929766537145,-0.8179561759599612,16.621056488210915,-0.7369858884629742,0.5570244027324273,0.3386695037761871,0.464657647539914,0.5744352101337096,0.8019791052304291,0.0731399924014493,0.0807239523853844,-0.0848642607728783,-0.9392250626339148,16.612047774543687,-0.4886595553737803,0.3770588306338626,0.5141839700201392,0.504735851026387,0.2351444007065559,-0.300320259024297,-1.2811278733175393,-1.2851338554588532,0.1651744491344164,-0.9087581889115934,16.639920619526336,0.4639469975415228,-0.8275983393293165
0.3386695037761871,0.464657647539914,0.5744352101337096,0.8019791052304291,0.0731399924014493,0.0807239523853844,-0.0848642607728783,-0.9392250626339148,16.612047774543687,-0.4886595553737803,0.3770588306338626,0.5141839700201392,0.504735851026387,0.2351444007065559,-0.300320259024297,-1.2811278733175393,-1.2851338554588532,0.1651744491344164,-0.9087581889115934,16.639920619526336,0.4639469975415228,-0.8275983393293165,0.1807164420882148,-0.5056434132385558,-0.4956328387947624,-1.427573937434776,-0.7732250588624345,-0.7688956159379569,0.8477660276745197,-0.0557070177939026,16.744525992902282,0.3373434658725967,-0.5192702173395999
0.5141839700201392,0.504735851026387,0.2351444007065559,-0.300320259024297,-1.2811278733175393,-1.2851338554588532,0.1651744491344164,-0.9087581889115934,16.639920619526336,0.4639469975415228,-0.8275983393293165,0.1807164420882148,-0.5056434132385558,-0.4956328387947624,-1.427573937434776,-0.7732250588624345,-0.7688956159379569,0.8477660276745197,-0.0557070177939026,16.744525992902282,0.3373434658725967,-0.5192702173395999,-1.2613175731263395,-1.9742277434931723,-1.7537532544390482,-1.769390717173353,-0.6379993262850834,-0.6328564320353338,1.378244127067229,1.421777144484726,16.9195320991919,0.2920217284277809,-0.0560872630407216
0.1807164420882148,-0.5056434132385558,-0.4956328387947624,-1.427573937434776,-0.7732250588624345,-0.7688956159379569,0.8477660276745197,-0.0557070177939026,16.744525992902282,0.3373434658725967,-0.5192702173395999,-1.2613175731263395,-1.9742277434931723,-1.7537532544390482,-1.769390717173353,-0.6379993262850834,-0.6328564320353338,1.378244127067229,1.421777144484726,16.9195320991919,0.2920217284277809,-0.0560872630407216,-1.9609975682325769,-1.3231765548640495,-1.367959448214479,-0.7555312175869076,1.0098008427749194,1.0073940402895256,-1.2832200841381485,-0.2954556792350974,16.694529280009778,0.7586057862876004,1.3781355198225411
-1.2613175731263395,-1.9742277434931723,-1.7537532544390482,-1.769390717173353,-0.6379993262850834,-0.6328564320353338,1.378244127067229,1.421777144484726,16.9195320991919,0.2920217284277809,-0.0560872630407216,-1.9609975682325769,-1.3231765548640495,-1.367959448214479,-0.7555312175869076,1.0098008427749194,1.0073940402895256,-1.2832200841381485,-0.2954556792350974,16.694529280009778,0.7586057862876004,1.3781355198225411,-0.4861782890583335,-0.9279058963845038,-0.6357133066267442,-0.8212891296040513,-0.1043442120953647,-0.0964135083945247,0.6021395311172141,0.3681815327698109,16.787231912771837,-0.4129986452964667,-0.8786384993411568
-1.9609975682325769,-1.3231765548640495,-1.367959448214479,-0.7555312175869076,1.0098008427749194,1.0073940402895256,-1.2832200841381485,-0.2954556792350974,16.694529280009778,0.7586057862876004,1.3781355198225411,-0.4861782890583335,-0.9279058963845038,-0.6357133066267442,-0.8212891296040513,-0.1043442120953647,-0.0964135083945247,0.6021395311172141,0.3681815327698109,16.787231912771837,-0.4129986452964667,-0.8786384993411568,-1.389372585382957,-1.7799698175872811,-1.9609566450374676,-2.059974783762214,-1.6468870469816,-1.6658148131616886,2.6796687919681648,2.7134761726832624,17.557753061793672,1.446207627047334,-1.5619182543053685
-0.4861782890583335,-0.9279058963845038,-0.6357133066267442,-0.8212891296040513,-0.1043442120953647,-0.0964135083945247,0.6021395311172141,0.3681815327698109,16.787231912771837,-0.4129986452964667,-0.8786384993411568,-1.389372585382957,-1.7799698175872811,-1.9609566450374676,-2.059974783762214,-1.6468870469816,-1.6658148131616886,2.6796687919681648,2.7134761726832624,17.557753061793672,1.446207627047334,-1.5619182543053685,-2.375814225506349,-2.444284566499698,-2.4947718418672333,-2.1905400208597072,-1.1822706013023143,-1.1895836318926287,0.9804583506074352,2.3195921307921936,18.015477116655113,2.157711413910816,-1.1805062126659325
-1.389372585382957,-1.7799698175872811,-1.9609566450374676,-2.059974783762214,-1.6468870469816,-1.6658148131616886,2.6796687919681648,2.7134761726832624,17.557753061793672,1.446207627047334,-1.5619182543053685,-2.375814225506349,-2.444284566499698,-2.4947718418672333,-2.1905400208597072,-1.1822706013023143,-1.1895836318926287,0.9804583506074352,2.3195921307921936,18.015477116655113,2.157711413910816,-1.1805062126659325,-1.765801713986589,-1.504416286312577,-1.0513076344818704,-1.126077697493106,1.4275498176976555,1.4124632974782183,-1.427302546914296,-0.1963421559831581,17.203159945269146,-0.8906110176853993,1.7989685936562223
-2.375814225506349,-2.444284566499698,-2.4947718418672333,-2.1905400208597072,-1.1822706013023143,-1.1895836318926287,0.9804583506074352,2.3195921307921936,18.015477116655113,2.157711413910816,-1.1805062126659325,-1.765801713986589,-1.504416286312577,-1.0513076344818704,-1.126077697493106,1.4275498176976555,1.4124632974782183,-1.427302546914296,-0.1963421559831581,17.203159945269146,-0.8906110176853993,1.7989685936562223,-1.0510030443637233,-0.4261424190992681,-0.4204152873888694,-0.4644693519363712,1.0586599068318248,1.054865152344966,-0.380962226606641,-0.3868461609407244,17.16313489067734,0.1936837816260836,0.4626538087905319
-1.765801713986589,-1.504416286312577,-1.0513076344818704,-1.126077697493106,1.4275498176976555,1.4124632974782183,-1.427302546914296,-0.1963421559831581,17.203159945269146,-0.8906110176853993,1.7989685936562223,-1.0510030443637233,-0.4261424190992681,-0.4204152873888694,-0.4644693519363712,1.0586599068318248,1.054865152344966,-0.380962226606641,-0.3868461609407244,17.16313489067734,0.1936837816260836,0.4626538087905319,-0.506572245588787,-0.803764250439296,-0.4672765248195035,-0.4474337226807869,0.1013703353609405,0.1120175329612628,-0.8770316453895489,-0.9163438451194376,16.7825450100264,-0.9810456047203914,-0.4325902907482532
-1.0510030443637233,-0.4261424190992681,-0.4204152873888694,-0.4644693519363712,1.0586599068318248,1.054865152344966,-0.380962226606641,-0.3868461609407244,17.16313489067734,0.1936837816260836,0.4626538087905319,-0.506572245588787,-0.803764250439296,-0.4672765248195035,-0.4474337226807869,0.1013703353609405,0.1120175329612628,-0.8770316453895489,-0.9163438451194376,16.7825450100264,-0.9810456047203914,-0.4325902907482532,-0.5063520713198851,0.2703009518875184,0.1395465827746355,0.8221606255974706,1.3788956925386038,1.3631284084045834,-0.1171498982626701,-0.8308329487908178,16.832740149465696,0.3028364968789266,1.1674658832670457
-0.506572245588787,-0.803764250439296,-0.4672765248195035,-0.4474337226807869,0.1013703353609405,0.1120175329612628,-0.8770316453895489,-0.9163438451194376,16.7825450100264,-0.9810456047203914,-0.4325902907482532,-0.5063520713198851,0.2703009518875184,0.1395465827746355,0.8221606255974706,1.3788956925386038,1.3631284084045834,-0.1171498982626701,-0.8308329487908178,16.832740149465696,0.3028364968789266,1.1674658832670457,1.298579653128623,1.0546134115143495,0.8849366567199115,0.7458280937768645,-0.1083464171009269,-0.0963280167800026,-0.0915657647863261,-0.7235064020719654,16.889675058448194,0.0823499771611962,-0.9462398805946084
-0.5063520713198851,0.2703009518875184,0.1395465827746355,0.8221606255974706,1.3788956925386038,1.3631284084045834,-0.1171498982626701,-0.8308329487908178,16.832740149465696,0.3028364968789266,1.1674658832670457,1.298579653128623,1.0546134115143495,0.8849366567199115,0.7458280937768645,-0.1083464171009269,-0.0963280167800026,-0.0915657647863261,-0.7235064020719654,16.889675058448194,0.0823499771611962,-0.9462398805946084,0.7778108118318273,0.6554299995123222,1.0751293558842143,1.056537760383318,0.3771591584930537,0.3842923130360572,-0.5839771732118895,-0.8522994412282028,16.634153622088846,-1.4851192033020604,0.163107961959752
1.298579653128623,1.0546134115143495,0.8849366567199115,0.7458280937768645,-0.1083464171009269,-0.0963280167800026,-0.0915657647863261,-0.7235064020719654,16.889675058448194,0.0823499771611962,-0.9462398805946084,0.7778108118318273,0.6554299995123222,1.0751293558842143,1.056537760383318,0.3771591584930537,0.3842923130360572,-0.5839771732118895,-0.8522994412282028,16.634153622088846,-1.4851192033020604,0.163107961959752,1.041808661874341,0.9670619373251912,1.2538045369646942,1.144358092295769,0.1162354223190452,0.1268353270112897,-0.58659994245619,-0.9326633448924528,16.37178400369397,-1.327577474155707,0.227164778781432
0.7778108118318273,0.6554299995123222,1.0751293558842143,1.056537760383318,0.3771591584930537,0.3842923130360572,-0.5839771732118895,-0.8522994412282028,16.634153622088846,-1.4851192033020604,0.163107961959752,1.041808661874341,0.9670619373251912,1.2538045369646942,1.144358092295769,0.1162354223190452,0.1268353270112897,-0.58659994245619,-0.9326633448924528,16.37178400369397,-1.327577474155707,0.227164778781432,1.1545027428891896,1.2072090892481078,1.2138332978931954,1.3026999028813755,0.2859571295606494,0.2941552712519141,0.0675154781321876,-0.7537268046632802,16.458531521991983,-0.7740767021219507,0.3630663713593599
1.041808661874341,0.9670619373251912,1.2538045369646942,1.144358092295769,0.1162354223190452,0.1268353270112897,-0.58659994245619,-0.9326633448924528,16.37178400369397,-1.327577474155707,0.227164778781432,1.1545027428891896,1.2072090892481078,1.2138332978931954,1.3026999028813755,0.2859571295606494,0.2941552712519141,0.0675154781321876,-0.7537268046632802,16.458531521991983,-0.7740767021219507,0.3630663713593599,1.1011912851587269,1.0465323204415116,0.9856042999846124,1.127554185610403,-0.1842425724972454,-0.1741297374167326,0.0993457255484367,-0.5450493414055,16.426293405245985,-0.5061292460438824,-0.0065996011536055
1.1545027428891896,1.2072090892481078,1.2138332978931954,1.3026999028813755,0.2859571295606494,0.2941552712519141,0.0675154781321876,-0.7537268046632802,16.458531521991983,-0.7740767021219507,0.3630663713593599,1.1011912851587269,1.0465323204415116,0.9856042999846124,1.127554185610403,-0.1842425724972454,-0.1741297374167326,0.0993457255484367,-0.5450493414055,16.426293405245985,-0.5061292460438824,-0.0065996011536055,1.0263507116564734,1.199741491682652,1.2741283836413142,1.1036338148183216,-0.6190870606188507,-0.6182322823897801,1.2587045377312696,0.5124428285418882,16.59452242010367,-0.7324971044145829,0.3003733950177399
1.1011912851587269,1.0465323204415116,0.9856042999846124,1.127554185610403,-0.1842425724972454,-0.1741297374167326,0.0993457255484367,-0.5450493414055,16.426293405245985,-0.5061292460438824,-0.0065996011536055,1.0263507116564734,1.199741491682652,1.2741283836413142,1.1036338148183216,-0.6190870606188507,-0.6182322823897801,1.2587045377312696,0.5124428285418882,16.59452242010367,-0.7324971044145829,0.3003733950177399,0.9404840825427956,1.581442501311049,1.161222343429226,1.714273848914184,1.1789238789865926,1.1805564468825065,1.2053809520918166,1.6339637489026948,16.764999972709965,0.6843001843997519,0.5293191761685796
1.0263507116564734,1.199741491682652,1.2741283836413142,1.1036338148183216,-0.6190870606188507,-0.6182322823897801,1.2587045377312696,0.5124428285418882,16.59452242010367,-0.7324971044145829,0.3003733950177399,0.9404840825427956,1.581442501311049,1.161222343429226,1.714273848914184,1.1789238789865926,1.1805564468825065,1.2053809520918166,1.6339637489026948,16.764999972709965,0.6843001843997519,0.5293191761685796,1.471803205940157,1.5496700901670184,1.528785830889227,1.4398766095822615,-0.5670411252646556,-0.5670404642309144,-0.444549547421345,1.399299876136171,16.64335072763324,-0.2819394301323492,-0.0514013959574898
0.9404840825427956,1.581442501311049,1.161222343429226,1.714273848914184,1.1789238789865926,1.1805564468825065,1.2053809520918166,1.6339637489026948,16.764999972709965,0.6843001843997519,0.5293191761685796,1.471803205940157,1.5496700901670184,1.528785830889227,1.4398766095822615,-0.5670411252646556,-0.5670404642309144,-0.444549547421345,1.399299876136171,16.64335072763324,-0.2819394301323492,-0.0514013959574898,1.9235080659755408,1.895035514547457,1.929428619413709,1.8841087820343627,0.8428868775661228,0.8477230846901588,0.1183062375651251,1.2435932305082475,16.659221607789146,-0.873532181542441,-0.1354520701811522
1.471803205940157,1.5496700901670184,1.528785830889227,1.4398766095822615,-0.5670411252646556,-0.5670404642309144,-0.444549547421345,1.399299876136171,16.64335072763324,-0.2819394301323492,-0.0514013959574898,1.9235080659755408,1.895035514547457,1.929428619413709,1.8841087820343627,0.8428868775661228,0.8477230846901588,0.1183062375651251,1.2435932305082475,16.659221607789146,-0.873532181542441,-0.1354520701811522,1.92072470039678,1.5300084962490712,1.333778786552782,1.1770194497303796,-1.5697684186008256,-1.58138416852544,-0.8494035040378288,0.5711896956761294,16.49180868870321,0.6562572128546111,-1.262169181718218
1.9235080659755408,1.895035514547457,1.929428619413709,1.8841087820343627,0.8428868775661228,0.8477230846901588,0.1183062375651251,1.2435932305082475,16.659221607789146,-0.873532181542441,-0.1354520701811522,1.92072470039678,1.5300084962490712,1.333778786552782,1.1770194497303796,-1.5697684186008256,-1.58138416852544,-0.8494035040378288,0.5711896956761294,16.49180868870321,0.6562572128546111,-1.262169181718218,0.7383412354093125,0.8748120714425903,0.7286414547205555,1.1342707005834607,-0.2724713332519438,-0.2685364577428125,1.619531951755749,1.4523581733379842,16.75639591469773,0.931162835008427,0.0483030671794294
1.92072470039678,1.5300084962490712,1.333778786552782,1.1770194497303796,-1.5697684186008256,-1.58138416852544,-0.8494035040378288,0.5711896956761294,16.49180868870321,0.6562572128546111,-1.262169181718218,0.7383412354093125,0.8748120714425903,0.7286414547205555,1.1342707005834607,-0.2724713332519438,-0.2685364577428125,1.619531951755749,1.4523581733379842,16.75639591469773,0.931162835008427,0.0483030671794294,0.6849257498137755,0.8217970752870566,0.9380200577309572,1.0330856833052668,-0.3653390715208308,-0.3623368873993298,-1.2611609054004584,0.3088553549910556,16.48927299488932,-0.2896370790231755,-0.246617514443983
0.7383412354093125,0.8748120714425903,0.7286414547205555,1.1342707005834607,-0.2724713332519438,-0.2685364577428125,1.619531951755749,1.4523581733379842,16.75639591469773,0.931162835008427,0.0483030671794294,0.6849257498137755,0.8217970752870566,0.9380200577309572,1.0330856833052668,-0.3653390715208308,-0.3623368873993298,-1.2611609054004584,0.3088553549910556,16.48927299488932,-0.2896370790231755,-0.246617514443983,1.0480816160936175,1.3757883978277798,1.3117809665006388,1.388861501039215,0.6770571019259265,0.6802149365686871,0.7392757933644393,0.6863678114939694,16.64639772798607,0.3587424120786985,0.6154912160585668
0.6849257498137755,0.8217970752870566,0.9380200577309572,1.0330856833052668,-0.3653390715208308,-0.3623368873993298,-1.2611609054004584,0.3088553549910556,16.48927299488932,-0.2896370790231755,-0.246617514443983,1.0480816160936175,1.3757883978277798,1.3117809665006388,1.388861501039215,0.6770571019259265,0.6802149365686871,0.7392757933644393,0.6863678114939694,16.64639772798607,0.3587424120786985,0.6154912160585668,1.2246047977495136,0.9359194266028822,1.2751139157388494,0.8282904998533868,-1.217576855118798,-1.223570098186675,-1.4575103865110255,-0.9698447934371834,16.302739592261872,-1.5816218321975282,-1.2418463316379005
1.0480816160936175,1.3757883978277798,1.3117809665006388,1.388861501039215,0.6770571019259265,0.6802149365686871,0.7392757933644393,0.6863678114939694,16.64639772798607,0.3587424120786985,0.6154912160585668,1.2246047977495136,0.9359194266028822,1.2751139157388494,0.8282904998533868,-1.217576855118798,-1.223570098186675,-1.4575103865110255,-0.9698447934371834,16.302739592261872,-1.5816218321975282,-1.2418463316379005,1.123565910719856,1.2326299375159449,1.4135585940114714,1.3008597178745596,0.5590361322569583,0.5628821792240059,-0.515566315968034,-1.6827598116499194,16.18600669748361,-1.165528232756136,0.8872717041237919
1.2246047977495136,0.9359194266028822,1.2751139157388494,0.8282904998533868,-1.217576855118798,-1.223570098186675,-1.4575103865110255,-0.9698447934371834,16.302739592261872,-1.5816218321975282,-1.2418463316379005,1.123565910719856,1.2326299375159449,1.4135585940114714,1.3008597178745596,0.5590361322569583,0.5628821792240059,-0.515566315968034,-1.6827598116499194,16.18600669748361,-1.165528232756136,0.8872717041237919,1.0772255821595345,0.9734405151735356,0.9781642785101204,0.6965959406960921,-1.1494137591216,-1.1533011997890878,-1.7168920166402246,-2.212054283223713,15.514332214431992,-0.7415833023504493,-1.3701266573895028
1.123565910719856,1.2326299375159449,1.4135585940114714,1.3008597178745596,0.5590361322569583,0.5628821792240059,-0.515566315968034,-1.6827598116499194,16.18600669748361,-1.165528232756136,0.8872717041237919,1.0772255821595345,0.9734405151735356,0.9781642785101204,0.6965959406960921,-1.1494137591216,-1.1533011997890878,-1.7168920166402246,-2.212054283223713,15.514332214431992,-0.7415833023504493,-1.3701266573895028,0.3162394428369063,0.3924947609447851,0.4010652305589124,-0.3305573269734414,-1.043068515320604,-1.0461989372577398,2.6758978614140347,0.8494509768812434,16.56818358526597,-0.2655495803746832,-0.9582332922755248
1.0772255821595345,0.9734405151735356,0.9781642785101204,0.6965959406960921,-1.1494137591216,-1.1533011997890878,-1.7168920166402246,-2.212054283223713,15.514332214431992,-0.7415833023504493,-1.3701266573895028,0.3162394428369063,0.3924947609447851,0.4010652305589124,-0.3305573269734414,-1.043068515320604,-1.0461989372577398,2.6758978614140347,0.8494509768812434,16.56818358526597,-0.2655495803746832,-0.9582332922755248,-0.5537043990800907,0.0513602677133698,0.0509638906806291,0.7624690321763239,0.7994711391618375,0.8014725554687234,-0.4248221533714762,0.1011689224890576,16.35215548228814,-0.03966719292236,1.395758677615879
0.3162394428369063,0.3924947609447851,0.4010652305589124,-0.3305573269734414,-1.043068515320604,-1.0461989372577398,2.6758978614140347,0.8494509768812434,16.56818358526597,-0.2655495803746832,-0.9582332922755248,-0.5537043990800907,0.0513602677133698,0.0509638906806291,0.7624690321763239,0.7994711391618375,0.8014725554687234,-0.4248221533714762,0.1011689224890576,16.35215548228814,-0.03966719292236,1.395758677615879,0.9684253650570456,0.1786081191408882,-0.5779131829959451,-1.344706705864438,-1.5316975907844552,-1.5410199323061635,0.2313280510473499,1.0568275693302112,16.58962942144063,1.4699400733233632,-1.6070395918994924
-0.5537043990800907,0.0513602677133698,0.0509638906806291,0.7624690321763239,0.7994711391618375,0.8014725554687234,-0.4248221533714762,0.1011689224890576,16.35215548228814,-0.03966719292236,1.395758677615879,0.9684253650570456,0.1786081191408882,-0.5779131829959451,-1.344706705864438,-1.5316975907844552,-1.5410199323061635,0.2313280510473499,1.0568275693302112,16.58962942144063,1.4699400733233632,-1.6070395918994924,-0.861825752527375,-1.6599017977197583,-1.9601740894056352,-2.0782951657550086,-1.0634984240989918,-1.065208737211417,0.4058722063311019,1.86147656159473,16.95734986204783,1.9786275389631065,-1.4128722526726196
0.9684253650570456,0.1786081191408882,-0.5779131829959451,-1.344706705864438,-1.5316975907844552,-1.5410199323061635,0.2313280510473499,1.0568275693302112,16.58962942144063,1.4699400733233632,-1.6070395918994924,-0.861825752527375,-1.6599017977197583,-1.9601740894056352,-2.0782951657550086,-1.0634984240989918,-1.065208737211417,0.4058722063311019,1.86147656159473,16.95734986204783,1.9786275389631065,-1.4128722526726196,-1.989081950937888,-2.300212329077403,-1.8276982841935632,-1.8498572081742797,-0.3430632612050669,-0.338697539487867,-0.6570784028943301,0.3444146201660398,16.541053596668092,-0.10602937932159,-0.7274919499818632
-0.861825752527375,-1.6599017977197583,-1.9601740894056352,-2.0782951657550086,-1.0634984240989918,-1.065208737211417,0.4058722063311019,1.86147656159473,16.95734986204783,1.9786275389631065,-1.4128722526726196,-1.989081950937888,-2.300212329077403,-1.8276982841935632,-1.8498572081742797,-0.3430632612050669,-0.338697539487867,-0.6570784028943301,0.3444146201660398,16.541053596668092,-0.10602937932159,-0.7274919499818632,-2.2475895677481796,-2.150635879014976,-1.989740081994844,-1.8575343886114288,-0.7866837603592821,-0.7877844130183559,0.1331306834536103,0.8759543610071585,16.761900317331644,0.3981059902868028,-0.3209468736612179
-1.989081950937888,-2.300212329077403,-1.8276982841935632,-1.8498572081742797,-0.3430632612050669,-0.338697539487867,-0.6570784028943301,0.3444146201660398,16.541053596668092,-0.10602937932159,-0.7274919499818632,-2.2475895677481796,-2.150635879014976,-1.989740081994844,-1.8575343886114288,-0.7866837603592821,-0.7877844130183559,0.1331306834536103,0.8759543610071585,16.761900317331644,0.3981059902868028,-0.3209468736612179,-1.5213038570109885,-1.5190090107651983,-1.37901351990427,-1.57697163365582,0.0987706003989381,0.1042664286328799,-0.3515371331769786,0.4225496883603382,16.64590233691158,0.0925670192920115,0.2037123856268329
-2.2475895677481796,-2.150635879014976,-1.989740081994844,-1.8575343886114288,-0.7866837603592821,-0.7877844130183559,0.1331306834536103,0.8759543610071585,16.761900317331644,0.3981059902868028,-0.3209468736612179,-1.5213038570109885,-1.5190090107651983,-1.37901351990427,-1.57697163365582,0.0987706003989381,0.1042664286328799,-0.3515371331769786,0.4225496883603382,16.64590233691158,0.0925670192920115,0.2037123856268329,-0.9614511651203772,-1.1800547572012767,-0.979661116067754,-1.317510650490601,0.2902156302649689,0.2959816453233988,-0.6721209586877517,-0.6991430372250127,16.239808820179064,-0.6129980458042608,0.6929490686098214
-1.5213038570109885,-1.5190090107651983,-1.37901351990427,-1.57697163365582,0.0987706003989381,0.1042664286328799,-0.3515371331769786,0.4225496883603382,16.64590233691158,0.0925670192920115,0.2037123856268329,-0.9614511651203772,-1.1800547572012767,-0.979661116067754,-1.317510650490601,0.2902156302649689,0.2959816453233988,-0.6721209586877517,-0.6991430372250127,16.239808820179064,-0.6129980458042608,0.6929490686098214,-1.159851442624231,-0.3828008242454335,-0.7404301294563169,-0.1576020222519176,2.256965194873694,2.2464367271893844,0.3389120074000955,0.0084926623719801,16.582150433349558,1.5167965201560736,1.9965834959339437
-0.9614511651203772,-1.1800547572012767,-0.979661116067754,-1.317510650490601,0.2902156302649689,0.2959816453233988,-0.6721209586877517,-0.6991430372250127,16.239808820179064,-0.6129980458042608,0.6929490686098214,-1.159851442624231,-0.3828008242454335,-0.7404301294563169,-0.1576020222519176,2.256965194873694,2.2464367271893844,0.3389120074000955,0.0084926623719801,16.582150433349558,1.5167965201560736,1.9965834959339437,-0.4278459380023411,0.3371909582979988,0.021308894325827,0.7444897327405979,1.2549455492248542,1.2565060291421717,-0.5054026071244039,-0.9518834760320782,16.460088407146248,1.067832223987792,1.2188651828359536
-1.159851442624231,-0.3828008242454335,-0.7404301294563169,-0.1576020222519176,2.256965194873694,2.2464367271893844,0.3389120074000955,0.0084926623719801,16.582150433349558,1.5167965201560736,1.9965834959339437,-0.4278459380023411,0.3371909582979988,0.021308894325827,0.7444897327405979,1.2549455492248542,1.2565060291421717,-0.5054026071244039,-0.9518834760320782,16.460088407146248,1.067832223987792,1.2188651828359536,0.467620906136665,0.0430134991081488,-0.2226360073559224,-0.1565891473536296,-1.1357970404231847,-1.1451546274655025,1.8587246239132125,1.420112613391238,17.06598198317816,0.8054388453763526,-1.378361280870921
-0.4278459380023411,0.3371909582979988,0.021308894325827,0.7444897327405979,1.2549455492248542,1.2565060291421717,-0.5054026071244039,-0.9518834760320782,16.460088407146248,1.067832223987792,1.2188651828359536,0.467620906136665,0.0430134991081488,-0.2226360073559224,-0.1565891473536296,-1.1357970404231847,-1.1451546274655025,1.8587246239132125,1.420112613391238,17.06598198317816,0.8054388453763526,-1.378361280870921,-0.0586572436992167,0.8550325508781277,0.8054252182943837,1.3919861054753095,1.4857259421693714,1.481307680798687,-0.9703085252881252,-0.406428441947458,16.73249725304212,0.5994942711623864,1.4848285212001744
0.467620906136665,0.0430134991081488,-0.2226360073559224,-0.1565891473536296,-1.1357970404231847,-1.1451546274655025,1.8587246239132125,1.420112613391238,17.06598198317816,0.8054388453763526,-1.378361280870921,-0.0586572436992167,0.8550325508781277,0.8054252182943837,1.3919861054753095,1.4857259421693714,1.481307680798687,-0.9703085252881252,-0.406428441947458,16.73249725304212,0.5994942711623864,1.4848285212001744,1.6313595497853932,1.5706577046056087,2.1927552504188723,1.3588715196815262,0.0355364011894856,0.0438278966425775,-0.4494959291468244,-0.7654910717871379,16.60994033095374,-1.1931543611224793,-0.5653096006756256
-0.0586572436992167,0.8550325508781277,0.8054252182943837,1.3919861054753095,1.4857259421693714,1.481307680798687,-0.9703085252881252,-0.406428441947458,16.73249725304212,0.5994942711623864,1.4848285212001744,1.6313595497853932,1.5706577046056087,2.1927552504188723,1.3588715196815262,0.0355364011894856,0.0438278966425775,-0.4494959291468244,-0.7654910717871379,16.60994033095374,-1.1931543611224793,-0.5653096006756256,1.5053087885086756,0.9215716174908348,1.2197131080506558,0.9582506296432216,-0.3815096365649312,-0.3762838306306711,0.4223200231721846,0.2335446122315816,16.791412554839845,-0.8438297687105346,-0.3731458223556236
1.6313595497853932,1.5706577046056087,2.1927552504188723,1.3588715196815262,0.0355364011894856,0.0438278966425775,-0.4494959291468244,-0.7654910717871379,16.60994033095374,-1.1931543611224793,-0.5653096006756256,1.5053087885086756,0.9215716174908348,1.2197131080506558,0.9582506296432216,-0.3815096365649312,-0.3762838306306711,0.4223200231721846,0.2335446122315816,16.791412554839845,-0.8438297687105346,-0.3731458223556236,1.02323497148003,1.2473906988199224,1.3110471352276798,1.0046705662875592,0.1197491230265116,0.1275387136382236,1.0577534647996307,1.7296549437976318,17.216761304869145,-0.3000073989556466,0.3078021757648429
1.5053087885086756,0.9215716174908348,1.2197131080506558,0.9582506296432216,-0.3815096365649312,-0.3762838306306711,0.4223200231721846,0.2335446122315816,16.791412554839845,-0.8438297687105346,-0.3731458223556236,1.02323497148003,1.2473906988199224,1.3110471352276798,1.0046705662875592,0.1197491230265116,0.1275387136382236,1.0577534647996307,1.7296549437976318,17.216761304869145,-0.3000073989556466,0.3078021757648429,1.4711276511600275,1.8738605289011656,1.663803300355012,1.7314836473130188,1.2131924734882438,1.2073383161045883,-1.055558282452265,-0.3670856218503302,16.759628485599187,0.8930130003183789,1.21584657633253
1.02323497148003,1.2473906988199224,1.3110471352276798,1.0046705662875592,0.1197491230265116,0.1275387136382236,1.0577534647996307,1.7296549437976318,17.216761304869145,-0.3000073989556466,0.3078021757648429,1.4711276511600275,1.8738605289011656,1.663803300355012,1.7314836473130188,1.2131924734882438,1.2073383161045883,-1.055558282452265,-0.3670856218503302,16.759628485599187,0.8930130003183789,1.21584657633253,1.8743607058882013,1.9120915405023549,1.932166108166237,1.8143425974303125,0.3998160057649252,0.4046812311281437,-0.3329016564766455,-0.5480331864847354,16.690734892933712,-0.1606218886887311,0.3193283238093568
1.4711276511600275,1.8738605289011656,1.663803300355012,1.7314836473130188,1.2131924734882438,1.2073383161045883,-1.055558282452265,-0.3670856218503302,16.759628485599187,0.8930130003183789,1.21584657633253,1.8743607058882013,1.9120915405023549,1.932166108166237,1.8143425974303125,0.3998160057649252,0.4046812311281437,-0.3329016564766455,-0.5480331864847354,16.690734892933712,-0.1606218886887311,0.3193283238093568,1.6595960115333324,1.6420208717329805,1.676594339035653,1.4581656288213778,-0.7435228904608625,-0.7378904951256569,-0.4434095393293243,-0.9621961547992842,16.610954901680895,-0.8988773063713626,0.3055130801667503
1.8743607058882013,1.9120915405023549,1.932166108166237,1.8143425974303125,0.3998160057649252,0.4046812311281437,-0.3329016564766455,-0.5480331864847354,16.690734892933712,-0.1606218886887311,0.3193283238093568,1.6595960115333324,1.6420208717329805,1.676594339035653,1.4581656288213778,-0.7435228904608625,-0.7378904951256569,-0.4434095393293243,-0.9621961547992842,16.610954901680895,-0.8988773063713626,0.3055130801667503,1.6757671216278722,1.423329896646111,1.451521286150601,1.552767005189689,0.3461220228151796,0.351154494458717,-0.3039446397647333,-1.00232956550534,16.542683482077507,-0.732637498231488,-0.0798900978171054
1.6595960115333324,1.6420208717329805,1.676594339035653,1.4581656288213778,-0.7435228904608625,-0.7378904951256569,-0.4434095393293243,-0.9621961547992842,16.610954901680895,-0.8988773063713626,0.3055130801667503,1.6757671216278722,1.423329896646111,1.451521286150601,1.552767005189689,0.3461220228151796,0.351154494458717,-0.3039446397647333,-1.00232956550534,16.542683482077507,-0.732637498231488,-0.0798900978171054,1.528241172773724,1.2052513892808407,1.3101496843399123,1.183258037699829,-0.5135847865680808,-0.5081540546281172,-0.7010369039906854,-1.3881687267418037,16.28057166453522,-1.11644981326197,-0.4150853429910847
1.6757671216278722,1.423329896646111,1.451521286150601,1.552767005189689,0.3461220228151796,0.351154494458717,-0.3039446397647333,-1.00232956550534,16.542683482077507,-0.732637498231488,-0.0798900978171054,1.528241172773724,1.2052513892808407,1.3101496843399123,1.183258037699829,-0.5135847865680808,-0.5081540546281172,-0.7010369039906854,-1.3881687267418037,16.28057166453522,-1.11644981326197,-0.4150853429910847,1.186080516821098,0.99646131144977,1.2766808397131175,1.1422992436541248,-0.3832197931649096,-0.3799015707980949,-0.3677138148725177,-1.3118418725923928,16.107903991987865,-1.7635231237716609,-0.4694497138902945
1.528241172773724,1.2052513892808407,1.3101496843399123,1.183258037699829,-0.5135847865680808,-0.5081540546281172,-0.7010369039906854,-1.3881687267418037,16.28057166453522,-1.11644981326197,-0.4150853429910847,1.186080516821098,0.99646131144977,1.2766808397131175,1.1422992436541248,-0.3832197931649096,-0.3799015707980949,-0.3677138148725177,-1.3118418725923928,16.107903991987865,-1.7635231237716609,-0.4694497138902945,1.1057658362755551,1.004973500317355,1.2270546129677915,1.194167219791876,0.1489451594724168,0.154126280027995,1.2286320076531791,-0.4833723150922894,16.396325769096713,-1.4013031806019955,0.2930228307233271
1.186080516821098,0.99646131144977,1.2766808397131175,1.1422992436541248,-0.3832197931649096,-0.3799015707980949,-0.3677138148725177,-1.3118418725923928,16.107903991987865,-1.7635231237716609,-0.4694497138902945,1.1057658362755551,1.004973500317355,1.2270546129677915,1.194167219791876,0.1489451594724168,0.154126280027995,1.2286320076531791,-0.4833723150922894,16.396325769096713,-1.4013031806019955,0.2930228307233271,1.1975520041257488,1.0911046657011465,1.198140533337765,1.0373692792201352,-0.5265064165061982,-0.5255248893683165,-0.387477154466163,-0.6147669441466599,16.283508474103737,-1.0679374464143343,-0.4721382207288715
1.1057658362755551,1.004973500317355,1.2270546129677915,1.194167219791876,0.1489451594724168,0.154126280027995,1.2286320076531791,-0.4833723150922894,16.396325769096713,-1.4013031806019955,0.2930228307233271,1.1975520041257488,1.0911046657011465,1.198140533337765,1.0373692792201352,-0.5265064165061982,-0.5255248893683165,-0.387477154466163,-0.6147669441466599,16.283508474103737,-1.0679374464143343,-0.4721382207288715,0.94485369319347,0.7844009599487541,0.4619989071888546,0.3998600353176988,-1.5788855968259414,-1.5919402233458533,0.9418915426330798,0.1890428105773203,16.52225998008688,0.5891828916468138,-1.541901743070419
1.1975520041257488,1.0911046657011465,1.198140533337765,1.0373692792201352,-0.5265064165061982,-0.5255248893683165,-0.387477154466163,-0.6147669441466599,16.283508474103737,-1.0679374464143343,-0.4721382207288715,0.94485369319347,0.7844009599487541,0.4619989071888546,0.3998600353176988,-1.5788855968259414,-1.5919402233458533,0.9418915426330798,0.1890428105773203,16.52225998008688,0.5891828916468138,-1.541901743070419,-0.1204532868878585,-0.7182080222903164,-1.3453479077501147,-1.313068112808539,-1.7241814248123148,-1.7392847700846883,1.242442591208702,2.071393944824604,16.76216817938597,1.9256847570869695,-1.6514090991634294
0.94485369319347,0.7844009599487541,0.4619989071888546,0.3998600353176988,-1.5788855968259414,-1.5919402233458533,0.9418915426330798,0.1890428105773203,16.52225998008688,0.5891828916468138,-1.541901743070419,-0.1204532868878585,-0.7182080222903164,-1.3453479077501147,-1.313068112808539,-1.7241814248123148,-1.7392847700846883,1.242442591208702,2.071393944824604,16.76216817938597,1.9256847570869695,-1.6514090991634294,-1.524895457470029,-2.0561619776083915,-1.133769836341053,-1.6971924372296678,-0.4537144233026647,-0.4488212495350676,-0.8880802966473429,0.9820888642803496,16.553190820904927,-0.5903127653313343,0.2326351063213008
-0.1204532868878585,-0.7182080222903164,-1.3453479077501147,-1.313068112808539,-1.7241814248123148,-1.7392847700846883,1.242442591208702,2.071393944824604,16.76216817938597,1.9256847570869695,-1.6514090991634294,-1.524895457470029,-2.0561619776083915,-1.133769836341053,-1.6971924372296678,-0.4537144233026647,-0.4488212495350676,-0.8880802966473429,0.9820888642803496,16.553190820904927,-0.5903127653313343,0.2326351063213008,-1.5438610044410226,-1.5897762003214904,-1.0311502853322934,-0.99546768526707,0.8174077806743252,0.8161827745388155,-0.9069351136197916,0.0890177926397198,16.308707828715317,-0.4800933789474687,1.1902551434852502
-1.524895457470029,-2.0561619776083915,-1.133769836341053,-1.6971924372296678,-0.4537144233026647,-0.4488212495350676,-0.8880802966473429,0.9820888642803496,16.553190820904927,-0.5903127653313343,0.2326351063213008,-1.5438610044410226,-1.5897762003214904,-1.0311502853322934,-0.99546768526707,0.8174077806743252,0.8161827745388155,-0.9069351136197916,0.0890177926397198,16.308707828715317,-0.4800933789474687,1.1902551434852502,-1.017062849629341,-0.408547632669648,-0.5006442718216433,-0.0576616771639084,1.1460548798814658,1.1394900529220449,0.6419580855935466,0.6943306067644265,16.448887570797968,0.3367928549795128,1.2859223553097388
-1.5438610044410226,-1.5897762003214904,-1.0311502853322934,-0.99546768526707,0.8174077806743252,0.8161827745388155,-0.9069351136197916,0.0890177926397198,16.308707828715317,-0.4800933789474687,1.1902551434852502,-1.017062849629341,-0.408547632669648,-0.5006442718216433,-0.0576616771639084,1.1460548798814658,1.1394900529220449,0.6419580855935466,0.6943306067644265,16.448887570797968,0.3367928549795128,1.2859223553097388,0.3446474587225891,0.6814248260011322,0.442166265257185,1.1563374267814264,1.4533610267532755,1.442289272790733,-0.0642916835694729,0.615903438177086,16.446694185468157,0.2064202233574535,0.4503803830504873
-1.017062849629341,-0.408547632669648,-0.5006442718216433,-0.0576616771639084,1.1460548798814658,1.1394900529220449,0.6419580855935466,0.6943306067644265,16.448887570797968,0.3367928549795128,1.2859223553097388,0.3446474587225891,0.6814248260011322,0.442166265257185,1.1563374267814264,1.4533610267532755,1.442289272790733,-0.0642916835694729,0.615903438177086,16.446694185468157,0.2064202233574535,0.4503803830504873,0.6295375653339463,0.9089375601031892,0.8926852711383952,0.8067328246144431,-0.3785857326502339,-0.3730255077231775,-0.3019616604088548,0.279840690825107,16.41552266188457,-0.3271831020578628,-0.3549893475864344
0.3446474587225891,0.6814248260011322,0.442166265257185,1.1563374267814264,1.4533610267532755,1.442289272790733,-0.0642916835694729,0.615903438177086,16.446694185468157,0.2064202233574535,0.4503803830504873,0.6295375653339463,0.9089375601031892,0.8926852711383952,0.8067328246144431,-0.3785857326502339,-0.3730255077231775,-0.3019616604088548,0.279840690825107,16.41552266188457,-0.3271831020578628,-0.3549893475864344,1.1208185122742218,2.072576662830687,1.28201279819023,2.0506278487364167,1.9299669206340255,1.9117667163690744,1.9548848710072024,2.05323243775162,16.911866189541392,1.7376733242608715,2.0797504057885523
0.6295375653339463,0.9089375601031892,0.8926852711383952,0.8067328246144431,-0.3785857326502339,-0.3730255077231775,-0.3019616604088548,0.279840690825107,16.41552266188457,-0.3271831020578628,-0.3549893475864344,1.1208185122742218,2.072576662830687,1.28201279819023,2.0506278487364167,1.9299669206340255,1.9117667163690744,1.9548848710072024,2.05323243775162,16.911866189541392,1.7376733242608715,2.0797504057885523,2.0193065595380895,1.5619578474992348,1.5204663011772532,1.52884528518065,-0.3328666233784128,-0.3276257326394606,-1.0038311230658958,0.3379170607591417,16.660733904120256,0.4960369314362155,-0.3798928328970451
1.1208185122742218,2.072576662830687,1.28201279819023,2.0506278487364167,1.9299669206340255,1.9117667163690744,1.9548848710072024,2.05323243775162,16.911866189541392,1.7376733242608715,2.0797504057885523,2.0193065595380895,1.5619578474992348,1.5204663011772532,1.52884528518065,-0.3328666233784128,-0.3276257326394606,-1.0038311230658958,0.3379170607591417,16.660733904120256,0.4960369314362155,-0.3798928328970451,1.4573113961886963,1.5732326437782422,1.8042696370140048,1.575376336388602,0.5020830707344877,0.5086363793246431,0.1543074055803254,0.5604958845349135,16.775392882949525,-0.3011358933820023,0.5920895208365057
2.0193065595380895,1.5619578474992348,1.5204663011772532,1.52884528518065,-0.3328666233784128,-0.3276257326394606,-1.0038311230658958,0.3379170607591417,16.660733904120256,0.4960369314362155,-0.3798928328970451,1.4573113961886963,1.5732326437782422,1.8042696370140048,1.575376336388602,0.5020830707344877,0.5086363793246431,0.1543074055803254,0.5604958845349135,16.775392882949525,-0.3011358933820023,0.5920895208365057,1.4440384693957309,1.1727439303225686,1.256266658721696,0.7753081000358963,-1.2776226813452003,-1.286300493878147,-0.8620173385489905,-0.8282597395941977,16.54381433042374,-0.0279682324225346,-1.3681170510542542
1.4573113961886963,1.5732326437782422,1.8042696370140048,1.575376336388602,0.5020830707344877,0.5086363793246431,0.1543074055803254,0.5604958845349135,16.775392882949525,-0.3011358933820023,0.5920895208365057,1.4440384693957309,1.1727439303225686,1.256266658721696,0.7753081000358963,-1.2776226813452003,-1.286300493878147,-0.8620173385489905,-0.8282597395941977,16.54381433042374,-0.0279682324225346,-1.3681170510542542,0.6480830466149372,0.4381651359269006,0.3005149392052881,0.6952416889704996,-0.2493365669930261,-0.2435587886388737,-0.5812394894084896,-1.2373494466369137,16.359063481771702,0.7460489034338532,0.1441686273364995
1.4440384693957309,1.1727439303225686,1.256266658721696,0.7753081000358963,-1.2776226813452003,-1.286300493878147,-0.8620173385489905,-0.8282597395941977,16.54381433042374,-0.0279682324225346,-1.3681170510542542,0.6480830466149372,0.4381651359269006,0.3005149392052881,0.6952416889704996,-0.2493365669930261,-0.2435587886388737,-0.5812394894084896,-1.2373494466369137,16.359063481771702,0.7460489034338532,0.1441686273364995,0.9191032193598774,0.9897058648605171,1.3142511202691225,1.2203178372892538,0.7870409215445525,0.7888766662185744,0.9041543606294488,-0.0082700820681318,16.610001478817797,-0.8427076478124362,0.4103071532239181
0.6480830466149372,0.4381651359269006,0.3005149392052881,0.6952416889704996,-0.2493365669930261,-0.2435587886388737,-0.5812394894084896,-1.2373494466369137,16.359063481771702,0.7460489034338532,0.1441686273364995,0.9191032193598774,0.9897058648605171,1.3142511202691225,1.2203178372892538,0.7870409215445525,0.7888766662185744,0.9041543606294488,-0.0082700820681318,16.610001478817797,-0.8427076478124362,0.4103071532239181,1.375100731839669,1.478562789379103,1.6621126953090293,1.6463388474181126,0.593453407370853,0.596614883232032,0.82108186190629,1.083797319729379,16.88217187408237,-0.7839345468104792,0.0192998049845216
0.9191032193598774,0.9897058648605171,1.3142511202691225,1.2203178372892538,0.7870409215445525,0.7888766662185744,0.9041543606294488,-0.0082700820681318,16.610001478817797,-0.8427076478124362,0.4103071532239181,1.375100731839669,1.478562789379103,1.6621126953090293,1.6463388474181126,0.593453407370853,0.596614883232032,0.82108186190629,1.083797319729379,16.88217187408237,-0.7839345468104792,0.0192998049845216,1.82914273405412,1.7213121071242212,1.6331601083102492,1.2763029081995845,-0.77515054579424,-0.7730081875068966,-0.8154225287475948,-0.2680708100281097,16.687972951876354,0.1834154740276193,-0.9263014787961183
1.375100731839669,1.478562789379103,1.6621126953090293,1.6463388474181126,0.593453407370853,0.596614883232032,0.82108186190629,1.083797319729379,16.88217187408237,-0.7839345468104792,0.0192998049845216,1.82914273405412,1.7213121071242212,1.6331601083102492,1.2763029081995845,-0.77515054579424,-0.7730081875068966,-0.8154225287475948,-0.2680708100281097,16.687972951876354,0.1834154740276193,-0.9263014787961183,1.2541452964068565,1.2853005335687044,1.4122357065707871,1.375598794791147,0.105918068688787,0.1130823722503811,-0.5743170913131215,-0.8961330077141891,16.556744117347463,-0.8176722100067725,0.0698786623627292
1.82914273405412,1.7213121071242212,1.6331601083102492,1.2763029081995845,-0.77515054579424,-0.7730081875068966,-0.8154225287475948,-0.2680708100281097,16.687972951876354,0.1834154740276193,-0.9263014787961183,1.2541452964068565,1.2853005335687044,1.4122357065707871,1.375598794791147,0.105918068688787,0.1130823722503811,-0.5743170913131215,-0.8961330077141891,16.556744117347463,-0.8176722100067725,0.0698786623627292,1.4963155921611466,1.7628163247855555,1.5822823308052407,1.7234735870367912,0.3367781412769902,0.342612224269752,-0.1223911335207258,-0.8389922481521558,16.569075788053244,-0.2402068229065769,0.540848840580197
1.2541452964068565,1.2853005335687044,1.4122357065707871,1.375598794791147,0.105918068688787,0.1130823722503811,-0.5743170913131215,-0.8961330077141891,16.556744117347463,-0.8176722100067725,0.0698786623627292,1.4963155921611466,1.7628163247855555,1.5822823308052407,1.7234735870367912,0.3367781412769902,0.342612224269752,-0.1223911335207258,-0.8389922481521558,16.569075788053244,-0.2402068229065769,0.540848840580197,1.2931681398849428,1.328424936981954,1.1317319879285614,1.5326613053486975,0.0257436138532372,0.0310931333002231,-0.0918161329629225,-0.7392111986187287,16.52961579030906,0.8338594513479387,-0.2859119990463031
1.4963155921611466,1.7628163247855555,1.5822823308052407,1.7234735870367912,0.3367781412769902,0.342612224269752,-0.1223911335207258,-0.8389922481521558,16.569075788053244,-0.2402068229065769,0.540848840580197,1.2931681398849428,1.328424936981954,1.1317319879285614,1.5326613053486975,0.0257436138532372,0.0310931333002231,-0.0918161329629225,-0.7392111986187287,16.52961579030906,0.8338594513479387,-0.2859119990463031,1.3686017038281284,1.1816441670078983,1.3774926180192748,1.304828872822544,-0.3399746356266471,-0.3337569311063541,-0.6115375787610192,-1.1135804483621408,16.39297367532646,-1.5286684848700165,-0.1207192537639638
1.2931681398849428,1.328424936981954,1.1317319879285614,1.5326613053486975,0.0257436138532372,0.0310931333002231,-0.0918161329629225,-0.7392111986187287,16.52961579030906,0.8338594513479387,-0.2859119990463031,1.3686017038281284,1.1816441670078983,1.3774926180192748,1.304828872822544,-0.3399746356266471,-0.3337569311063541,-0.6115375787610192,-1.1135804483621408,16.39297367532646,-1.5286684848700165,-0.1207192537639638,1.1646007788442965,1.394123989727447,1.2142816226155673,1.5211067660570567,0.8576710367809149,0.8547644770498674,1.7326601973622875,1.1415354343472788,16.74629894823256,0.8325457135247603,0.6714607943989854
1.3686017038281284,1.1816441670078983,1.3774926180192748,1.304828872822544,-0.3399746356266471,-0.3337569311063541,-0.6115375787610192,-1.1135804483621408,16.39297367532646,-1.5286684848700165,-0.1207192537639638,1.1646007788442965,1.394123989727447,1.2142816226155673,1.5211067660570567,0.8576710367809149,0.8547644770498674,1.7326601973622875,1.1415354343472788,16.74629894823256,0.8325457135247603,0.6714607943989854,1.5369657245702326,1.3557601911442456,1.4187624203152174,1.2149926857579996,-1.198761983906615,-1.2013322750995634,-0.2094102198115817,0.7916462191788336,16.739462202844617,-0.6684826620265298,-1.1153230961702367
1.1646007788442965,1.394123989727447,1.2142816226155673,1.5211067660570567,0.8576710367809149,0.8547644770498674,1.7326601973622875,1.1415354343472788,16.74629894823256,0.8325457135247603,0.6714607943989854,1.5369657245702326,1.3557601911442456,1.4187624203152174,1.2149926857579996,-1.198761983906615,-1.2013322750995634,-0.2094102198115817,0.7916462191788336,16.739462202844617,-0.6684826620265298,-1.1153230961702367,0.0547145727576074,0.505224184740087,0.17169261794061,0.0700922459301704,-2.194142167451112,-2.2075915155436756,0.0941749415055712,0.8697091658915053,16.820242264867115,1.5301275721349836,-1.6159218770113328
1.5369657245702326,1.3557601911442456,1.4187624203152174,1.2149926857579996,-1.198761983906615,-1.2013322750995634,-0.2094102198115817,0.7916462191788336,16.739462202844617,-0.6684826620265298,-1.1153230961702367,0.0547145727576074,0.505224184740087,0.17169261794061,0.0700922459301704,-2.194142167451112,-2.2075915155436756,0.0941749415055712,0.8697091658915053,16.820242264867115,1.5301275721349836,-1.6159218770113328,0.4808246882290545,0.6803199525919584,0.7840588879938495,0.5093190718645578,0.5303484308022164,0.5307294032755677,1.6481919620865886,2.16078858421351,17.20756967928806,-0.3562775057747028,-0.413282661033076
0.0547145727576074,0.505224184740087,0.17169261794061,0.0700922459301704,-2.194142167451112,-2.2075915155436756,0.0941749415055712,0.8697091658915053,16.820242264867115,1.5301275721349836,-1.6159218770113328,0.4808246882290545,0.6803199525919584,0.7840588879938495,0.5093190718645578,0.5303484308022164,0.5307294032755677,1.6481919620865886,2.16078858421351,17.20756967928806,-0.3562775057747028,-0.413282661033076,2.766409313542879,2.795780733868017,2.7447225978449215,2.77586632642923,2.7953013108292213,2.7845786231004444,2.648857498613895,2.72333458321567,18.2536280347428,2.73567741144825,2.8279556935820693
0.4808246882290545,0.6803199525919584,0.7840588879938495,0.5093190718645578,0.5303484308022164,0.5307294032755677,1.6481919620865886,2.16078858421351,17.20756967928806,-0.3562775057747028,-0.413282661033076,2.766409313542879,2.795780733868017,2.7447225978449215,2.77586632642923,2.7953013108292213,2.7845786231004444,2.648857498613895,2.72333458321567,18.2536280347428,2.73567741144825,2.8279556935820693,2.0332063181610405,1.6671848520352688,1.9769109825326,1.6173642714611711,-0.8031866148960247,-0.852578917793359,-1.1214906861268998,0.1982653765021551,17.524986466367217,0.0583262027224451,-0.7732602714187837
2.766409313542879,2.795780733868017,2.7447225978449215,2.77586632642923,2.7953013108292213,2.7845786231004444,2.648857498613895,2.72333458321567,18.2536280347428,2.73567741144825,2.8279556935820693,2.0332063181610405,1.6671848520352688,1.9769109825326,1.6173642714611711,-0.8031866148960247,-0.852578917793359,-1.1214906861268998,0.1982653765021551,17.524986466367217,0.0583262027224451,-0.7732602714187837,1.4211659204090417,1.2187593069946696,1.3690646712168406,1.1766046099451657,-0.4293980944673438,-0.4369012660362371,-0.9511948443980548,-0.7193739183479747,16.890756214508823,0.1852050562551796,-0.4638222934931763
2.0332063181610405,1.6671848520352688,1.9769109825326,1.6173642714611711,-0.8031866148960247,-0.852578917793359,-1.1214906861268998,0.1982653765021551,17.524986466367217,0.0583262027224451,-0.7732602714187837,1.4211659204090417,1.2187593069946696,1.3690646712168406,1.1766046099451657,-0.4293980944673438,-0.4369012660362371,-0.9511948443980548,-0.7193739183479747,16.890756214508823,0.1852050562551796,-0.4638222934931763,1.0145664718726903,1.0822021424497468,1.1780143502007974,1.2803941199388718,0.1836783623649386,0.223628683460197,-0.161503510830765,-0.6631945313803115,16.953870273121876,0.2615163459331356,0.1060247959427043
1.4211659204090417,1.2187593069946696,1.3690646712168406,1.1766046099451657,-0.4293980944673438,-0.4369012660362371,-0.9511948443980548,-0.7193739183479747,16.890756214508823,0.1852050562551796,-0.4638222934931763,1.0145664718726903,1.0822021424497468,1.1780143502007974,1.2803941199388718,0.1836783623649386,0.223628683460197,-0.161503510830765,-0.6631945313803115,16.953870273121876,0.2615163459331356,0.1060247959427043,1.0591536212230617,0.8658168136886176,1.1665939371697105,1.0490989946148246,-0.2820660239920057,-0.2747015678275515,-0.5074486600658882,-0.8114633957496098,16.750170350052667,-0.918406761237684,-0.2761318930934149
1.0145664718726903,1.0822021424497468,1.1780143502007974,1.2803941199388718,0.1836783623649386,0.223628683460197,-0.161503510830765,-0.6631945313803115,16.953870273121876,0.2615163459331356,0.1060247959427043,1.0591536212230617,0.8658168136886176,1.1665939371697105,1.0490989946148246,-0.2820660239920057,-0.2747015678275515,-0.5074486600658882,-0.8114633957496098,16.750170350052667,-0.918406761237684,-0.2761318930934149,0.9699077346315356,0.7706972192231002,1.0115226432708486,0.8168914197889877,-0.3441511175483662,-0.3423888788474568,-0.2838682443038949,-0.8049705424559267,16.728572980089297,-0.8512595162196019,-0.4124543715269562
1.0591536212230617,0.8658168136886176,1.1665939371697105,1.0490989946148246,-0.2820660239920057,-0.2747015678275515,-0.5074486600658882,-0.8114633957496098,16.750170350052667,-0.918406761237684,-0.2761318930934149,0.9699077346315356,0.7706972192231002,1.0115226432708486,0.8168914197889877,-0.3441511175483662,-0.3423888788474568,-0.2838682443038949,-0.8049705424559267,16.728572980089297,-0.8512595162196019,-0.4124543715269562,0.680460337593827,0.7510942992428958,0.8092321935007761,0.6789288951001977,-0.2353180645786898,-0.2243157915614234,-0.1194097742726709,-0.685034356234881,16.779855409870894,-0.0679743501744457,-0.2052578347532522
0.9699077346315356,0.7706972192231002,1.0115226432708486,0.8168914197889877,-0.3441511175483662,-0.3423888788474568,-0.2838682443038949,-0.8049705424559267,16.728572980089297,-0.8512595162196019,-0.4124543715269562,0.680460337593827,0.7510942992428958,0.8092321935007761,0.6789288951001977,-0.2353180645786898,-0.2243157915614234,-0.1194097742726709,-0.685034356234881,16.779855409870894,-0.0679743501744457,-0.2052578347532522,0.2166721143468048,0.2916257446436876,0.3196716670318478,0.2871538901375137,-0.5073681764014701,-0.5225306900050344,-0.0926575769560439,-0.567877619469845,16.856053707860898,-0.0654780796870007,-0.3204581400905136
0.680460337593827,0.7510942992428958,0.8092321935007761,0.6789288951001977,-0.2353180645786898,-0.2243157915614234,-0.1194097742726709,-0.685034356234881,16.779855409870894,-0.0679743501744457,-0.2052578347532522,0.2166721143468048,0.2916257446436876,0.3196716670318478,0.2871538901375137,-0.5073681764014701,-0.5225306900050344,-0.0926575769560439,-0.567877619469845,16.856053707860898,-0.0654780796870007,-0.3204581400905136,0.4306006752418433,0.3316944055669584,0.5736235047397654,0.588351740709249,0.1088237846553291,0.1444072998903628,-0.4559870726433817,-0.6337043799411854,16.64035966618275,-0.6287789112017215,0.0140157422925632
0.2166721143468048,0.2916257446436876,0.3196716670318478,0.2871538901375137,-0.5073681764014701,-0.5225306900050344,-0.0926575769560439,-0.567877619469845,16.856053707860898,-0.0654780796870007,-0.3204581400905136,0.4306006752418433,0.3316944055669584,0.5736235047397654,0.588351740709249,0.1088237846553291,0.1444072998903628,-0.4559870726433817,-0.6337043799411854,16.64035966618275,-0.6287789112017215,0.0140157422925632,1.4601366561303644,1.85995278837764,1.569344892821211,1.8459203037063776,0.0046976690700201,0.0338133190510408,0.4871412321583906,-0.247858482320146,17.002371367768415,0.2916268377453277,-0.047654150839435
0.4306006752418433,0.3316944055669584,0.5736235047397654,0.588351740709249,0.1088237846553291,0.1444072998903628,-0.4559870726433817,-0.6337043799411854,16.64035966618275,-0.6287789112017215,0.0140157422925632,1.4601366561303644,1.85995278837764,1.569344892821211,1.8459203037063776,0.0046976690700201,0.0338133190510408,0.4871412321583906,-0.247858482320146,17.002371367768415,0.2916268377453277,-0.047654150839435,1.481118538349944,0.7190735865644208,0.937911128388316,0.6169434886546857,-0.9899640352648912,-0.9927384018874542,0.1491960114206813,0.7632955648536979,16.96424289249461,-0.4526929855500431,-0.9377340500654124
1.4601366561303644,1.85995278837764,1.569344892821211,1.8459203037063776,0.0046976690700201,0.0338133190510408,0.4871412321583906,-0.247858482320146,17.002371367768415,0.2916268377453277,-0.047654150839435,1.481118538349944,0.7190735865644208,0.937911128388316,0.6169434886546857,-0.9899640352648912,-0.9927384018874542,0.1491960114206813,0.7632955648536979,16.96424289249461,-0.4526929855500431,-0.9377340500654124,0.260179330933145,0.2205474905246877,0.4299877331597601,0.3018406423222733,-0.3204297448300005,-0.3138983532584555,-0.7333163273583752,0.9163258924234032,16.706743111935836,-0.3873083127608014,0.0392443198357208
1.481118538349944,0.7190735865644208,0.937911128388316,0.6169434886546857,-0.9899640352648912,-0.9927384018874542,0.1491960114206813,0.7632955648536979,16.96424289249461,-0.4526929855500431,-0.9377340500654124,0.260179330933145,0.2205474905246877,0.4299877331597601,0.3018406423222733,-0.3204297448300005,-0.3138983532584555,-0.7333163273583752,0.9163258924234032,16.706743111935836,-0.3873083127608014,0.0392443198357208,-0.1845885388145047,-0.903689814860272,-0.441145696949334,-0.3746465118739986,-0.5279420417824113,-0.5237533045116285,-1.183502622605997,-0.566379651365173,16.378696900689775,-0.8112348325403259,-0.7812736681909533
0.260179330933145,0.2205474905246877,0.4299877331597601,0.3018406423222733,-0.3204297448300005,-0.3138983532584555,-0.7333163273583752,0.9163258924234032,16.706743111935836,-0.3873083127608014,0.0392443198357208,-0.1845885388145047,-0.903689814860272,-0.441145696949334,-0.3746465118739986,-0.5279420417824113,-0.5237533045116285,-1.183502622605997,-0.566379651365173,16.378696900689775,-0.8112348325403259,-0.7812736681909533,1.5221178510941815,1.777392859005657,1.7296574909213536,1.8262423134900247,1.7444624004906693,1.7313669585138427,2.088516749088874,1.8528961358842315,16.889397650558664,0.973721027453786,1.2468897000044117
-0.1845885388145047,-0.903689814860272,-0.441145696949334,-0.3746465118739986,-0.5279420417824113,-0.5237533045116285,-1.183502622605997,-0.566379651365173,16.378696900689775,-0.8112348325403259,-0.7812736681909533,1.5221178510941815,1.777392859005657,1.7296574909213536,1.8262423134900247,1.7444624004906693,1.7313669585138427,2.088516749088874,1.8528961358842315,16.889397650558664,0.973721027453786,1.2468897000044117,1.8343811601243267,1.701687700359869,1.8931412773404348,1.239341323481857,-0.3745208310053171,-0.3688166916294215,-0.6038926879797228,0.7812772401251987,16.72646356152328,0.2597520333883545,-0.4757843930763439
1.5221178510941815,1.777392859005657,1.7296574909213536,1.8262423134900247,1.7444624004906693,1.7313669585138427,2.088516749088874,1.8528961358842315,16.889397650558664,0.973721027453786,1.2468897000044117,1.8343811601243267,1.701687700359869,1.8931412773404348,1.239341323481857,-0.3745208310053171,-0.3688166916294215,-0.6038926879797228,0.7812772401251987,16.72646356152328,0.2597520333883545,-0.4757843930763439,1.0929287648419284,0.6564050843983927,1.316059536704427,0.7974814169330428,-0.3908253254571167,-0.3853491718673527,-1.0514141526013816,-0.8715137369610375,16.308831788988357,-1.613739523440187,-0.2643130295113667
1.8343811601243267,1.701687700359869,1.8931412773404348,1.239341323481857,-0.3745208310053171,-0.3688166916294215,-0.6038926879797228,0.7812772401251987,16.72646356152328,0.2597520333883545,-0.4757843930763439,1.0929287648419284,0.6564050843983927,1.316059536704427,0.7974814169330428,-0.3908253254571167,-0.3853491718673527,-1.0514141526013816,-0.8715137369610375,16.308831788988357,-1.613739523440187,-0.2643130295113667,0.5930456407918026,0.6675943947855688,1.0133062042572825,1.1353562535830388,0.3406073781293651,0.3498125012381587,-0.2798008628683299,-1.0369429483904098,16.19594527866592,-0.8873298334383792,0.5156670048804821
1.0929287648419284,0.6564050843983927,1.316059536704427,0.7974814169330428,-0.3908253254571167,-0.3853491718673527,-1.0514141526013816,-0.8715137369610375,16.308831788988357,-1.613739523440187,-0.2643130295113667,0.5930456407918026,0.6675943947855688,1.0133062042572825,1.1353562535830388,0.3406073781293651,0.3498125012381587,-0.2798008628683299,-1.0369429483904098,16.19594527866592,-0.8873298334383792,0.5156670048804821,1.0280947758649324,0.9015114509599516,1.1836165569565409,0.6897344337601745,-0.604795385331087,-0.6022100979412697,0.5505017625038632,-0.3172162358524953,16.358332358342878,-0.4972720878737776,-0.612162383239868
0.5930456407918026,0.6675943947855688,1.0133062042572825,1.1353562535830388,0.3406073781293651,0.3498125012381587,-0.2798008628683299,-1.0369429483904098,16.19594527866592,-0.8873298334383792,0.5156670048804821,1.0280947758649324,0.9015114509599516,1.1836165569565409,0.6897344337601745,-0.604795385331087,-0.6022100979412697,0.5505017625038632,-0.3172162358524953,16.358332358342878,-0.4972720878737776,-0.612162383239868,1.222401831374079,0.8022226565076593,0.955699254176618,1.2402727218318763,0.5050809885057771,0.5132515835426615,0.9880425032536718,1.015677906295177,16.690881531242297,-0.2913105224593279,0.4997560147818194
1.0280947758649324,0.9015114509599516,1.1836165569565409,0.6897344337601745,-0.604795385331087,-0.6022100979412697,0.5505017625038632,-0.3172162358524953,16.358332358342878,-0.4972720878737776,-0.612162383239868,1.222401831374079,0.8022226565076593,0.955699254176618,1.2402727218318763,0.5050809885057771,0.5132515835426615,0.9880425032536718,1.015677906295177,16.690881531242297,-0.2913105224593279,0.4997560147818194,1.3390845899184458,1.7225132162827173,1.5918756313372129,1.9353127240944792,1.170095796905758,1.1718687916602988,-0.2612307330056581,0.6923001946068668,16.605054782302684,0.9832666784543392,1.3475814236082175
1.222401831374079,0.8022226565076593,0.955699254176618,1.2402727218318763,0.5050809885057771,0.5132515835426615,0.9880425032536718,1.015677906295177,16.690881531242297,-0.2913105224593279,0.4997560147818194,1.3390845899184458,1.7225132162827173,1.5918756313372129,1.9353127240944792,1.170095796905758,1.1718687916602988,-0.2612307330056581,0.6923001946068668,16.605054782302684,0.9832666784543392,1.3475814236082175,1.8244247701261984,1.3606770769809955,1.5763550334845071,1.2278913885370883,-0.8448308644700493,-0.8499594577690831,-0.6794145195139291,-0.2056810327095094,16.32706733405622,-0.6085463329545612,-1.033214093992696
1.3390845899184458,1.7225132162827173,1.5918756313372129,1.9353127240944792,1.170095796905758,1.1718687916602988,-0.2612307330056581,0.6923001946068668,16.605054782302684,0.9832666784543392,1.3475814236082175,1.8244247701261984,1.3606770769809955,1.5763550334845071,1.2278913885370883,-0.8448308644700493,-0.8499594577690831,-0.6794145195139291,-0.2056810327095094,16.32706733405622,-0.6085463329545612,-1.033214093992696,0.8950026800892172,0.4181836946224421,0.6046774873427931,0.3250528267386529,-1.1649063785308686,-1.1770060379588063,0.6548563655284155,0.8801268296861269,16.545015680702964,-0.5740820714099303,-0.787682960937438
1.8244247701261984,1.3606770769809955,1.5763550334845071,1.2278913885370883,-0.8448308644700493,-0.8499594577690831,-0.6794145195139291,-0.2056810327095094,16.32706733405622,-0.6085463329545612,-1.033214093992696,0.8950026800892172,0.4181836946224421,0.6046774873427931,0.3250528267386529,-1.1649063785308686,-1.1770060379588063,0.6548563655284155,0.8801268296861269,16.545015680702964,-0.5740820714099303,-0.787682960937438,1.0956825681632123,1.1887944873303489,1.3019950790664312,0.8941970594188269,0.3545951380770398,0.3627183093742682,-0.8163575567196838,-0.4560755338259963,16.280035998109604,-0.2923990692216618,0.3579015315129773
0.8950026800892172,0.4181836946224421,0.6046774873427931,0.3250528267386529,-1.1649063785308686,-1.1770060379588063,0.6548563655284155,0.8801268296861269,16.545015680702964,-0.5740820714099303,-0.787682960937438,1.0956825681632123,1.1887944873303489,1.3019950790664312,0.8941970594188269,0.3545951380770398,0.3627183093742682,-0.8163575567196838,-0.4560755338259963,16.280035998109604,-0.2923990692216618,0.3579015315129773,1.4531572375681314,2.1561849759575775,1.7715931476382376,2.0417589202978026,1.7295739709193183,1.7182068011704246,1.8141498089184995,1.8922227991192249,16.737940742245993,2.3241025642737085,1.788551882215438
1.0956825681632123,1.1887944873303489,1.3019950790664312,0.8941970594188269,0.3545951380770398,0.3627183093742682,-0.8163575567196838,-0.4560755338259963,16.280035998109604,-0.2923990692216618,0.3579015315129773,1.4531572375681314,2.1561849759575775,1.7715931476382376,2.0417589202978026,1.7295739709193183,1.7182068011704246,1.8141498089184995,1.8922227991192249,16.737940742245993,2.3241025642737085,1.788551882215438,1.8847418369661684,1.764811158713289,1.2006147816137225,1.1251396194203225,-1.021272264532482,-1.0252861894622711,-0.1310736146031544,1.479415360389834,16.737337969505514,2.258426958795736,-0.926009708226299
1.4531572375681314,2.1561849759575775,1.7715931476382376,2.0417589202978026,1.7295739709193183,1.7182068011704246,1.8141498089184995,1.8922227991192249,16.737940742245993,2.3241025642737085,1.788551882215438,1.8847418369661684,1.764811158713289,1.2006147816137225,1.1251396194203225,-1.021272264532482,-1.0252861894622711,-0.1310736146031544,1.479415360389834,16.737337969505514,2.258426958795736,-0.926009708226299,0.1457714296694023,-0.3723894513086009,-1.519958574547123,-1.1778605403644242,-1.9920353880912536,-2.0164554390968275,0.0621738587362881,1.355086466624572,16.83243180131901,1.489043002875674,-2.3589466730333033
1.8847418369661684,1.764811158713289,1.2006147816137225,1.1251396194203225,-1.021272264532482,-1.0252861894622711,-0.1310736146031544,1.479415360389834,16.737337969505514,2.258426958795736,-0.926009708226299,0.1457714296694023,-0.3723894513086009,-1.519958574547123,-1.1778605403644242,-1.9920353880912536,-2.0164554390968275,0.0621738587362881,1.355086466624572,16.83243180131901,1.489043002875674,-2.3589466730333033,-0.4339718448791363,-0.0910638340087379,-0.6046786519146351,0.375635620208991,1.239680429538548,1.2261372445006924,-1.1033535917743675,-0.2442972698431521,16.5530031143989,0.6728953861476323,1.1030368263774426
0.1457714296694023,-0.3723894513086009,-1.519958574547123,-1.1778605403644242,-1.9920353880912536,-2.0164554390968275,0.0621738587362881,1.355086466624572,16.83243180131901,1.489043002875674,-2.3589466730333033,-0.4339718448791363,-0.0910638340087379,-0.6046786519146351,0.375635620208991,1.239680429538548,1.2261372445006924,-1.1033535917743675,-0.2442972698431521,16.5530031143989,0.6728953861476323,1.1030368263774426,-0.347779280695952,-0.3290513607206716,0.0601782462052713,-0.2198501807442199,-0.4444785269141911,-0.4337067473994671,-0.8400030725269368,-1.2598788200058435,16.30794720271324,-0.6213843181472246,-0.3710836430440427
-0.4339718448791363,-0.0910638340087379,-0.6046786519146351,0.375635620208991,1.239680429538548,1.2261372445006924,-1.1033535917743675,-0.2442972698431521,16.5530031143989,0.6728953861476323,1.1030368263774426,-0.347779280695952,-0.3290513607206716,0.0601782462052713,-0.2198501807442199,-0.4444785269141911,-0.4337067473994671,-0.8400030725269368,-1.2598788200058435,16.30794720271324,-0.6213843181472246,-0.3710836430440427,0.1761016416547093,-0.427140022277472,-0.395658899759873,-0.7027147595535268,-0.3310800139734257,-0.3207044774868865,0.1842885861186841,-0.8320278841284706,16.35079349431664,-0.1502708959736525,-0.218610916608537
-0.347779280695952,-0.3290513607206716,0.0601782462052713,-0.2198501807442199,-0.4444785269141911,-0.4337067473994671,-0.8400030725269368,-1.2598788200058435,16.30794720271324,-0.6213843181472246,-0.3710836430440427,0.1761016416547093,-0.427140022277472,-0.395658899759873,-0.7027147595535268,-0.3310800139734257,-0.3207044774868865,0.1842885861186841,-0.8320278841284706,16.35079349431664,-0.1502708959736525,-0.218610916608537,-1.4104439084924496,-1.2067462706227996,-1.0860351401820316,-1.2969344482243943,-0.5214350617135475,-0.5152194153580104,2.3973890488441456,2.099011380961387,17.187680730397613,-0.5417451841467741,-0.334702693638166
0.1761016416547093,-0.427140022277472,-0.395658899759873,-0.7027147595535268,-0.3310800139734257,-0.3207044774868865,0.1842885861186841,-0.8320278841284706,16.35079349431664,-0.1502708959736525,-0.218610916608537,-1.4104439084924496,-1.2067462706227996,-1.0860351401820316,-1.2969344482243943,-0.5214350617135475,-0.5152194153580104,2.3973890488441456,2.099011380961387,17.187680730397613,-0.5417451841467741,-0.334702693638166,-0.816648770022493,-0.5721021848581468,-0.2933303351178055,0.1511287381963052,1.0506015037902336,1.0472485037852042,-1.308116152743179,-1.0862603090273235,16.279814845753528,-0.6213825473169681,1.0444055655949709
-1.4104439084924496,-1.2067462706227996,-1.0860351401820316,-1.2969344482243943,-0.5214350617135475,-0.5152194153580104,2.3973890488441456,2.099011380961387,17.187680730397613,-0.5417451841467741,-0.334702693638166,-0.816648770022493,-0.5721021848581468,-0.2933303351178055,0.1511287381963052,1.0506015037902336,1.0472485037852042,-1.308116152743179,-1.0862603090273235,16.279814845753528,-0.6213825473169681,1.0444055655949709,-1.1518095367570018,-0.664237229360927,-0.875404275163807,0.0012557820685705,-0.120996942454876,-0.1097401849381075,-0.2625392110584546,-1.0135621697964303,16.20455780215107,0.1129708115420917,-0.3367062695370255
-0.816648770022493,-0.5721021848581468,-0.2933303351178055,0.1511287381963052,1.0506015037902336,1.0472485037852042,-1.308116152743179,-1.0862603090273235,16.279814845753528,-0.6213825473169681,1.0444055655949709,-1.1518095367570018,-0.664237229360927,-0.875404275163807,0.0012557820685705,-0.120996942454876,-0.1097401849381075,-0.2625392110584546,-1.0135621697964303,16.20455780215107,0.1129708115420917,-0.3367062695370255,0.2983727279130047,0.4116447118411377,0.8063739886783793,0.9047078230983916,0.6593496970940337,0.6630150352979827,-0.0452506839622919,-0.8410708426135991,16.276047753357336,-0.531028562811096,0.5001718226687689
-1.1518095367570018,-0.664237229360927,-0.875404275163807,0.0012557820685705,-0.120996942454876,-0.1097401849381075,-0.2625392110584546,-1.0135621697964303,16.20455780215107,0.1129708115420917,-0.3367062695370255,0.2983727279130047,0.4116447118411377,0.8063739886783793,0.9047078230983916,0.6593496970940337,0.6630150352979827,-0.0452506839622919,-0.8410708426135991,16.276047753357336,-0.531028562811096,0.5001718226687689,1.7445767748649708,1.206054997734503,1.8647641779772897,1.2971279784598968,0.222411827812208,0.2314944123871145,-0.3887027077213217,-0.8914364998380828,16.088924376618138,-1.1199460080589316,0.1886917352214689
0.2983727279130047,0.4116447118411377,0.8063739886783793,0.9047078230983916,0.6593496970940337,0.6630150352979827,-0.0452506839622919,-0.8410708426135991,16.276047753357336,-0.531028562811096,0.5001718226687689,1.7445767748649708,1.206054997734503,1.8647641779772897,1.2971279784598968,0.222411827812208,0.2314944123871145,-0.3887027077213217,-0.8914364998380828,16.088924376618138,-1.1199460080589316,0.1886917352214689,1.1382249133779032,1.1140180455895357,1.5057958995150318,1.3868953448866264,0.1177778982111418,0.1271272038834187,-0.340506075675682,-0.8750228699023096,15.909471308941532,-1.5201200842412628,0.3355255967128655
1.7445767748649708,1.206054997734503,1.8647641779772897,1.2971279784598968,0.222411827812208,0.2314944123871145,-0.3887027077213217,-0.8914364998380828,16.088924376618138,-1.1199460080589316,0.1886917352214689,1.1382249133779032,1.1140180455895357,1.5057958995150318,1.3868953448866264,0.1177778982111418,0.1271272038834187,-0.340506075675682,-0.8750228699023096,15.909471308941532,-1.5201200842412628,0.3355255967128655,0.8451761987092267,0.5885792581564161,0.9120443050152904,0.5122012356715429,-1.0005003265033603,-1.005868980579485,0.066131164301612,-0.5302642974906152,15.941430188263714,-1.1464053686587994,-1.0014420833561803
1.1382249133779032,1.1140180455895357,1.5057958995150318,1.3868953448866264,0.1177778982111418,0.1271272038834187,-0.340506075675682,-0.8750228699023096,15.909471308941532,-1.5201200842412628,0.3355255967128655,0.8451761987092267,0.5885792581564161,0.9120443050152904,0.5122012356715429,-1.0005003265033603,-1.005868980579485,0.066131164301612,-0.5302642974906152,15.941430188263714,-1.1464053686587994,-1.0014420833561803,0.6299082892927269,0.8374107046804664,0.2557438036882786,-0.3520784461201522,-0.9465155683840478,-0.9514795552081258,0.5569293290070956,0.2123052083892411,16.23190645217163,1.1419141309939131,-0.9895252164961876
0.8451761987092267,0.5885792581564161,0.9120443050152904,0.5122012356715429,-1.0005003265033603,-1.005868980579485,0.066131164301612,-0.5302642974906152,15.941430188263714,-1.1464053686587994,-1.0014420833561803,0.6299082892927269,0.8374107046804664,0.2557438036882786,-0.3520784461201522,-0.9465155683840478,-0.9514795552081258,0.5569293290070956,0.2123052083892411,16.23190645217163,1.1419141309939131,-0.9895252164961876,-0.0914005314077947,-0.5235070076251082,-0.5134242797116032,-0.5824195699421526,-0.2728819302225566,-0.2683965658984314,-0.3563159749890582,-0.0455527274278712,16.117065220246896,0.2421209734118958,-1.0074855060157208
0.6299082892927269,0.8374107046804664,0.2557438036882786,-0.3520784461201522,-0.9465155683840478,-0.9514795552081258,0.5569293290070956,0.2123052083892411,16.23190645217163,1.1419141309939131,-0.9895252164961876,-0.0914005314077947,-0.5235070076251082,-0.5134242797116032,-0.5824195699421526,-0.2728819302225566,-0.2683965658984314,-0.3563159749890582,-0.0455527274278712,16.117065220246896,0.2421209734118958,-1.0074855060157208,-0.7371021819934457,-1.2315155623353549,-0.7873735408042855,-1.407721758367786,-1.0482396811488188,-1.0546854496703653,0.7870480456608361,0.9518664116349536,16.537647802442073,-0.8132938254687458,-1.2339847422198331
-0.0914005314077947,-0.5235070076251082,-0.5134242797116032,-0.5824195699421526,-0.2728819302225566,-0.2683965658984314,-0.3563159749890582,-0.0455527274278712,16.117065220246896,0.2421209734118958,-1.0074855060157208,-0.7371021819934457,-1.2315155623353549,-0.7873735408042855,-1.407721758367786,-1.0482396811488188,-1.0546854496703653,0.7870480456608361,0.9518664116349536,16.537647802442073,-0.8132938254687458,-1.2339847422198331,-1.3190216680524007,-0.8103693364988147,-1.1688385142282258,-0.9401433703964835,0.7141157474882385,0.7184534882978272,-1.0427868227326624,0.5236272097977738,16.03980984070295,1.2992616548761684,1.1529860096323046
-0.7371021819934457,-1.2315155623353549,-0.7873735408042855,-1.407721758367786,-1.0482396811488188,-1.0546854496703653,0.7870480456608361,0.9518664116349536,16.537647802442073,-0.8132938254687458,-1.2339847422198331,-1.3190216680524007,-0.8103693364988147,-1.1688385142282258,-0.9401433703964835,0.7141157474882385,0.7184534882978272,-1.0427868227326624,0.5236272097977738,16.03980984070295,1.2992616548761684,1.1529860096323046,-1.3527096224715451,-0.7994818895214687,-0.81400508445858,-0.1623655926367538,0.9921744965440308,0.9915600461303664,0.6408980277477594,1.2013423826736542,16.220742578163023,0.4583565013618598,1.614045944241865
-1.3190216680524007,-0.8103693364988147,-1.1688385142282258,-0.9401433703964835,0.7141157474882385,0.7184534882978272,-1.0427868227326624,0.5236272097977738,16.03980984070295,1.2992616548761684,1.1529860096323046,-1.3527096224715451,-0.7994818895214687,-0.81400508445858,-0.1623655926367538,0.9921744965440308,0.9915600461303664,0.6408980277477594,1.2013423826736542,16.220742578163023,0.4583565013618598,1.614045944241865,-0.067375133310112,0.3798186491379408,0.5596293713047381,0.8809391337978164,1.23217971424686,1.2266204353100978,0.1858905984749333,1.276823650253798,16.30864997532884,-0.6218291230455139,1.181922468481025
-1.3527096224715451,-0.7994818895214687,-0.81400508445858,-0.1623655926367538,0.9921744965440308,0.9915600461303664,0.6408980277477594,1.2013423826736542,16.220742578163023,0.4583565013618598,1.614045944241865,-0.067375133310112,0.3798186491379408,0.5596293713047381,0.8809391337978164,1.23217971424686,1.2266204353100978,0.1858905984749333,1.276823650253798,16.30864997532884,-0.6218291230455139,1.181922468481025,1.4270076860981973,2.1637878837046123,1.4958022393119104,1.2419866033498506,0.5708638596169751,0.5736626852645796,2.2923535038360967,2.528648102388116,17.091760588943153,1.724656102633073,1.2125830412520917
-0.067375133310112,0.3798186491379408,0.5596293713047381,0.8809391337978164,1.23217971424686,1.2266204353100978,0.1858905984749333,1.276823650253798,16.30864997532884,-0.6218291230455139,1.181922468481025,1.4270076860981973,2.1637878837046123,1.4958022393119104,1.2419866033498506,0.5708638596169751,0.5736626852645796,2.2923535038360967,2.528648102388116,17.091760588943153,1.724656102633073,1.2125830412520917,1.4059395283239242,1.722966300404019,1.5950757005656764,2.086326394044463,1.7770074590410476,1.7619834483414618,-0.9041888025475912,0.8231113106162472,16.772605999872994,0.8308004315734868,1.034187340629567
1.4270076860981973,2.1637878837046123,1.4958022393119104,1.2419866033498506,0.5708638596169751,0.5736626852645796,2.2923535038360967,2.528648102388116,17.091760588943153,1.724656102633073,1.2125830412520917,1.4059395283239242,1.722966300404019,1.5950757005656764,2.086326394044463,1.7770074590410476,1.7619834483414618,-0.9041888025475912,0.8231113106162472,16.772605999872994,0.8308004315734868,1.034187340629567,1.82306000804466,1.4078570537088624,1.5928507606474005,1.2329727206721035,-1.019651132996559,-1.023677504056142,-0.9277975407789768,-0.3414600383073758,16.400307865978437,-0.141957928544466,-1.0298734356632042
1.4059395283239242,1.722966300404019,1.5950757005656764,2.086326394044463,1.7770074590410476,1.7619834483414618,-0.9041888025475912,0.8231113106162472,16.772605999872994,0.8308004315734868,1.034187340629567,1.82306000804466,1.4078570537088624,1.5928507606474005,1.2329727206721035,-1.019651132996559,-1.023677504056142,-0.9277975407789768,-0.3414600383073758,16.400307865978437,-0.141957928544466,-1.0298734356632042,1.110016081302405,0.8666668981225426,0.6138946468392981,0.898591879846908,-0.4494863547643098,-0.4448018868208014,-0.5937686827263549,-0.8355323215607475,16.202565559484487,1.3009148611009766,-0.5334766227655664
1.82306000804466,1.4078570537088624,1.5928507606474005,1.2329727206721035,-1.019651132996559,-1.023677504056142,-0.9277975407789768,-0.3414600383073758,16.400307865978437,-0.141957928544466,-1.0298734356632042,1.110016081302405,0.8666668981225426,0.6138946468392981,0.898591879846908,-0.4494863547643098,-0.4448018868208014,-0.5937686827263549,-0.8355323215607475,16.202565559484487,1.3009148611009766,-0.5334766227655664,0.2320536728321716,0.5643052481771464,0.4617691031486902,0.9105473277044456,0.0548697595266326,0.0617282533092946,-0.061490096342475,-0.7213605132444605,16.25074549263096,0.6417614204345974,0.5803852675684391
1.110016081302405,0.8666668981225426,0.6138946468392981,0.898591879846908,-0.4494863547643098,-0.4448018868208014,-0.5937686827263549,-0.8355323215607475,16.202565559484487,1.3009148611009766,-0.5334766227655664,0.2320536728321716,0.5643052481771464,0.4617691031486902,0.9105473277044456,0.0548697595266326,0.0617282533092946,-0.061490096342475,-0.7213605132444605,16.25074549263096,0.6417614204345974,0.5803852675684391,0.8343202461863153,0.5111974014162116,1.0566237366772655,0.936761697624869,0.0351624614323028,0.041822289066188,-0.3619480435589071,-0.8762702049514496,16.154379459472228,-1.5513440226787187,-0.5132273499945046
0.2320536728321716,0.5643052481771464,0.4617691031486902,0.9105473277044456,0.0548697595266326,0.0617282533092946,-0.061490096342475,-0.7213605132444605,16.25074549263096,0.6417614204345974,0.5803852675684391,0.8343202461863153,0.5111974014162116,1.0566237366772655,0.936761697624869,0.0351624614323028,0.041822289066188,-0.3619480435589071,-0.8762702049514496,16.154379459472228,-1.5513440226787187,-0.5132273499945046,0.4853769892373148,0.1140756957121933,0.3517633654331019,-0.0506327830938829,-1.7040789020174765,-1.717066885148784,0.2409128573118144,-0.4848991800774029,16.295815050721096,-0.7167066650581868,-1.091517424919179
0.8343202461863153,0.5111974014162116,1.0566237366772655,0.936761697624869,0.0351624614323028,0.041822289066188,-0.3619480435589071,-0.8762702049514496,16.154379459472228,-1.5513440226787187,-0.5132273499945046,0.4853769892373148,0.1140756957121933,0.3517633654331019,-0.0506327830938829,-1.7040789020174765,-1.717066885148784,0.2409128573118144,-0.4848991800774029,16.295815050721096,-0.7167066650581868,-1.091517424919179,0.2623967982673669,-0.2083039777588909,-0.8712853622311358,-1.343167739975123,-1.382576501881676,-1.3916648767432378,0.0840709756559945,-0.3147264405956086,16.419155416714986,1.4495060437335376,-1.108999071088478
0.4853769892373148,0.1140756957121933,0.3517633654331019,-0.0506327830938829,-1.7040789020174765,-1.717066885148784,0.2409128573118144,-0.4848991800774029,16.295815050721096,-0.7167066650581868,-1.091517424919179,0.2623967982673669,-0.2083039777588909,-0.8712853622311358,-1.343167739975123,-1.382576501881676,-1.3916648767432378,0.0840709756559945,-0.3147264405956086,16.419155416714986,1.4495060437335376,-1.108999071088478,-1.670394022757966,-1.8036803170043696,-1.3107105068806004,-1.4782417267916366,-0.0888212676466665,-0.0811554319927083,-0.7305464519039533,-0.7924789378249976,16.102768893993296,-1.1265494890333965,-0.179419399901664
0.2623967982673669,-0.2083039777588909,-0.8712853622311358,-1.343167739975123,-1.382576501881676,-1.3916648767432378,0.0840709756559945,-0.3147264405956086,16.419155416714986,1.4495060437335376,-1.108999071088478,-1.670394022757966,-1.8036803170043696,-1.3107105068806004,-1.4782417267916366,-0.0888212676466665,-0.0811554319927083,-0.7305464519039533,-0.7924789378249976,16.102768893993296,-1.1265494890333965,-0.179419399901664,-1.2968434623922298,-1.787601990100986,-1.9256325732159176,-1.6411134708863648,-0.5299327290241129,-0.527373324398747,0.3959861578307008,-0.3601604548156571,16.31643006489341,0.3855841561805382,-0.5113997525116173
-1.670394022757966,-1.8036803170043696,-1.3107105068806004,-1.4782417267916366,-0.0888212676466665,-0.0811554319927083,-0.7305464519039533,-0.7924789378249976,16.102768893993296,-1.1265494890333965,-0.179419399901664,-1.2968434623922298,-1.787601990100986,-1.9256325732159176,-1.6411134708863648,-0.5299327290241129,-0.527373324398747,0.3959861578307008,-0.3601604548156571,16.31643006489341,0.3855841561805382,-0.5113997525116173,-1.308876295231083,-0.7219250942334559,-0.6159906975792167,-0.8326502283901734,0.991022117829368,0.9945347882000428,1.1517155876094718,0.9807634550645028,16.51072547139107,-0.1497244531211723,1.322707015252014
-1.2968434623922298,-1.787601990100986,-1.9256325732159176,-1.6411134708863648,-0.5299327290241129,-0.527373324398747,0.3959861578307008,-0.3601604548156571,16.31643006489341,0.3855841561805382,-0.5113997525116173,-1.308876295231083,-0.7219250942334559,-0.6159906975792167,-0.8326502283901734,0.991022117829368,0.9945347882000428,1.1517155876094718,0.9807634550645028,16.51072547139107,-0.1497244531211723,1.322707015252014,-0.8520548163988795,-1.3428784911004237,-1.9447303770253568,-1.895224706548799,-1.9110709763594076,-1.928462846812675,2.12173338409514,2.6297201604930547,17.038816594934975,1.9937879610022675,-1.9576339100431996
-1.308876295231083,-0.7219250942334559,-0.6159906975792167,-0.8326502283901734,0.991022117829368,0.9945347882000428,1.1517155876094718,0.9807634550645028,16.51072547139107,-0.1497244531211723,1.322707015252014,-0.8520548163988795,-1.3428784911004237,-1.9447303770253568,-1.895224706548799,-1.9110709763594076,-1.928462846812675,2.12173338409514,2.6297201604930547,17.038816594934975,1.9937879610022675,-1.9576339100431996,-1.6616193958337406,-1.809057106722564,-1.639562921889687,-1.4330404585783925,0.5114840076045993,0.5140911585703222,-1.2557024016346925,0.7034956697681872,16.664545200262175,0.556367441081342,-0.2678777751367637
-0.8520548163988795,-1.3428784911004237,-1.9447303770253568,-1.895224706548799,-1.9110709763594076,-1.928462846812675,2.12173338409514,2.6297201604930547,17.038816594934975,1.9937879610022675,-1.9576339100431996,-1.6616193958337406,-1.809057106722564,-1.639562921889687,-1.4330404585783925,0.5114840076045993,0.5140911585703222,-1.2557024016346925,0.7034956697681872,16.664545200262175,0.556367441081342,-0.2678777751367637,-1.2503707809512448,-1.003038166294083,-0.4364383433055269,-0.3441046906828048,1.6275466823774518,1.6057902728002824,-0.6620664692740339,0.0845767296097353,16.5288269350555,-0.7339484801799406,1.2345482361245077
-1.6616193958337406,-1.809057106722564,-1.639562921889687,-1.4330404585783925,0.5114840076045993,0.5140911585703222,-1.2557024016346925,0.7034956697681872,16.664545200262175,0.556367441081342,-0.2678777751367637,-1.2503707809512448,-1.003038166294083,-0.4364383433055269,-0.3441046906828048,1.6275466823774518,1.6057902728002824,-0.6620664692740339,0.0845767296097353,16.5288269350555,-0.7339484801799406,1.2345482361245077,0.2944153061671847,0.1348149917404418,-0.6059797643291294,-0.3831356723483113,-0.0120230902866038,-0.0027577678173139,2.3882650918802724,2.1180769663039407,17.447097203913632,1.3243703380328256,-0.1502469669525976
-1.2503707809512448,-1.003038166294083,-0.4364383433055269,-0.3441046906828048,1.6275466823774518,1.6057902728002824,-0.6620664692740339,0.0845767296097353,16.5288269350555,-0.7339484801799406,1.2345482361245077,0.2944153061671847,0.1348149917404418,-0.6059797643291294,-0.3831356723483113,-0.0120230902866038,-0.0027577678173139,2.3882650918802724,2.1180769663039407,17.447097203913632,1.3243703380328256,-0.1502469669525976,-2.67731197824558,-2.5982254424541424,-2.5892961791603453,-2.5108829302573414,-2.398915134454499,-2.433173815728782,1.4001297489486386,2.3464777430978256,18.23303344252314,1.950910128933748,-2.579853676383896
0.2944153061671847,0.1348149917404418,-0.6059797643291294,-0.3831356723483113,-0.0120230902866038,-0.0027577678173139,2.3882650918802724,2.1180769663039407,17.447097203913632,1.3243703380328256,-0.1502469669525976,-2.67731197824558,-2.5982254424541424,-2.5892961791603453,-2.5108829302573414,-2.398915134454499,-2.433173815728782,1.4001297489486386,2.3464777430978256,18.23303344252314,1.950910128933748,-2.579853676383896,-1.4875576915675977,-1.8087340610734253,-1.488629305604431,-1.760078853029433,0.475128403250852,0.4747976523231374,-1.2855278703320392,-0.2821501507069522,17.30262263492491,-0.3287226650407039,0.2145297636512864
-2.67731197824558,-2.5982254424541424,-2.5892961791603453,-2.5108829302573414,-2.398915134454499,-2.433173815728782,1.4001297489486386,2.3464777430978256,18.23303344252314,1.950910128933748,-2.579853676383896,-1.4875576915675977,-1.8087340610734253,-1.488629305604431,-1.760078853029433,0.475128403250852,0.4747976523231374,-1.2855278703320392,-0.2821501507069522,17.30262263492491,-0.3287226650407039,0.2145297636512864,-1.241005779622708,-1.5650109116916366,-1.271904367806875,-1.637319017920969,-0.2733573174326041,-0.2496037581871732,-0.7963338071134108,-0.794332472633375,16.883684462524982,-0.6286131890434578,-0.3619972264023532
-1.4875576915675977,-1.8087340610734253,-1.488629305604431,-1.760078853029433,0.475128403250852,0.4747976523231374,-1.2855278703320392,-0.2821501507069522,17.30262263492491,-0.3287226650407039,0.2145297636512864,-1.241005779622708,-1.5650109116916366,-1.271904367806875,-1.637319017920969,-0.2733573174326041,-0.2496037581871732,-0.7963338071134108,-0.794332472633375,16.883684462524982,-0.6286131890434578,-0.3619972264023532,-1.2008482104131166,-1.244999086382658,-1.0075962552315094,-1.355981802792941,0.2270795155887167,0.2371322493354152,-0.5384135555245029,-0.9440964118289904,16.72946325385895,-0.8773984211034226,0.6882015699317957
-1.241005779622708,-1.5650109116916366,-1.271904367806875,-1.637319017920969,-0.2733573174326041,-0.2496037581871732,-0.7963338071134108,-0.794332472633375,16.883684462524982,-0.6286131890434578,-0.3619972264023532,-1.2008482104131166,-1.244999086382658,-1.0075962552315094,-1.355981802792941,0.2270795155887167,0.2371322493354152,-0.5384135555245029,-0.9440964118289904,16.72946325385895,-0.8773984211034226,0.6882015699317957,-1.0343816720163497,-0.7513122954998926,-0.8921303213155962,-0.8555453246628657,0.8139759170110469,0.7958861872811982,-0.1641490472727009,-0.8538615893442454,16.82834087334563,0.70478034959373,0.9581539905069032
-1.2008482104131166,-1.244999086382658,-1.0075962552315094,-1.355981802792941,0.2270795155887167,0.2371322493354152,-0.5384135555245029,-0.9440964118289904,16.72946325385895,-0.8773984211034226,0.6882015699317957,-1.0343816720163497,-0.7513122954998926,-0.8921303213155962,-0.8555453246628657,0.8139759170110469,0.7958861872811982,-0.1641490472727009,-0.8538615893442454,16.82834087334563,0.70478034959373,0.9581539905069032,-0.5976930974454435,-0.7720652218221191,-0.5798142380316101,-0.6177106763797121,0.4564025557080141,0.457051687334141,-0.5942248557176006,-0.9402123296331631,16.5382063863767,-0.7557850216048774,0.2693287756144975
-1.0343816720163497,-0.7513122954998926,-0.8921303213155962,-0.8555453246628657,0.8139759170110469,0.7958861872811982,-0.1641490472727009,-0.8538615893442454,16.82834087334563,0.70478034959373,0.9581539905069032,-0.5976930974454435,-0.7720652218221191,-0.5798142380316101,-0.6177106763797121,0.4564025557080141,0.457051687334141,-0.5942248557176006,-0.9402123296331631,16.5382063863767,-0.7557850216048774,0.2693287756144975,-0.2494553825965553,-0.2910549362324131,-0.0616543500565009,-0.1265452285658358,0.7457474483045262,0.7262582196569928,-0.0394933453708033,-0.7196225550032253,16.618210175159998,-0.7872209589449646,0.545517081384787
-0.5976930974454435,-0.7720652218221191,-0.5798142380316101,-0.6177106763797121,0.4564025557080141,0.457051687334141,-0.5942248557176006,-0.9402123296331631,16.5382063863767,-0.7557850216048774,0.2693287756144975,-0.2494553825965553,-0.2910549362324131,-0.0616543500565009,-0.1265452285658358,0.7457474483045262,0.7262582196569928,-0.0394933453708033,-0.7196225550032253,16.618210175159998,-0.7872209589449646,0.545517081384787,0.1930328085226914,0.2676244423545136,0.3938116720499281,0.5072161088053032,0.8195465386850174,0.7954681759277378,-0.3218340599622447,-0.6728411515117753,16.529847688180155,-0.4403138697242607,0.7070114265128176
-0.2494553825965553,-0.2910549362324131,-0.0616543500565009,-0.1265452285658358,0.7457474483045262,0.7262582196569928,-0.0394933453708033,-0.7196225550032253,16.618210175159998,-0.7872209589449646,0.545517081384787,0.1930328085226914,0.2676244423545136,0.3938116720499281,0.5072161088053032,0.8195465386850174,0.7954681759277378,-0.3218340599622447,-0.6728411515117753,16.529847688180155,-0.4403138697242607,0.7070114265128176,0.748083683302125,0.6874195979468546,1.0011694358595824,0.8897379793619142,0.2720920101905662,0.2785416003709591,-0.3646555351920272,-0.656116293369882,16.411272673481072,-0.7985467285392727,0.3194401572917464
0.1930328085226914,0.2676244423545136,0.3938116720499281,0.5072161088053032,0.8195465386850174,0.7954681759277378,-0.3218340599622447,-0.6728411515117753,16.529847688180155,-0.4403138697242607,0.7070114265128176,0.748083683302125,0.6874195979468546,1.0011694358595824,0.8897379793619142,0.2720920101905662,0.2785416003709591,-0.3646555351920272,-0.656116293369882,16.411272673481072,-0.7985467285392727,0.3194401572917464,1.3681582247682798,1.6886166394528537,1.517974190665827,1.574716937763874,0.3306938179066962,0.3339436305954665,-0.2098759197751541,-0.5286234479561929,16.27372246932823,-0.3941122652136962,0.4171365709992823
0.748083683302125,0.6874195979468546,1.0011694358595824,0.8897379793619142,0.2720920101905662,0.2785416003709591,-0.3646555351920272,-0.656116293369882,16.411272673481072,-0.7985467285392727,0.3194401572917464,1.3681582247682798,1.6886166394528537,1.517974190665827,1.574716937763874,0.3306938179066962,0.3339436305954665,-0.2098759197751541,-0.5286234479561929,16.27372246932823,-0.3941122652136962,0.4171365709992823,1.477023327883345,1.346113281570383,1.480766231840977,1.3670708239985754,-0.1034305654656566,-0.0962016334243915,-0.1218151248680943,-0.5118202204917933,16.060222970325864,-1.034475102296878,-0.2341422082698431
1.3681582247682798,1.6886166394528537,1.517974190665827,1.574716937763874,0.3306938179066962,0.3339436305954665,-0.2098759197751541,-0.5286234479561929,16.27372246932823,-0.3941122652136962,0.4171365709992823,1.477023327883345,1.346113281570383,1.480766231840977,1.3670708239985754,-0.1034305654656566,-0.0962016334243915,-0.1218151248680943,-0.5118202204917933,16.060222970325864,-1.034475102296878,-0.2341422082698431,1.48214840554477,1.1576635521995902,1.2692533812404263,1.137145161884875,-0.3642028286933602,-0.3569986433711948,1.465966100925727,0.91983465917594,16.190416405561198,-0.9516562380549948,-0.3428578271932701
1.477023327883345,1.346113281570383,1.480766231840977,1.3670708239985754,-0.1034305654656566,-0.0962016334243915,-0.1218151248680943,-0.5118202204917933,16.060222970325864,-1.034475102296878,-0.2341422082698431,1.48214840554477,1.1576635521995902,1.2692533812404263,1.137145161884875,-0.3642028286933602,-0.3569986433711948,1.465966100925727,0.91983465917594,16.190416405561198,-0.9516562380549948,-0.3428578271932701,1.0009420215374458,0.7293781009403333,0.7149427834531628,0.5419553146342743,-1.7900591792607312,-1.8052776631056828,2.0439728840739906,2.4043027432043003,16.501233415354292,-0.3415052140104038,-1.9272111884741332
1.48214840554477,1.1576635521995902,1.2692533812404263,1.137145161884875,-0.3642028286933602,-0.3569986433711948,1.465966100925727,0.91983465917594,16.190416405561198,-0.9516562380549948,-0.3428578271932701,1.0009420215374458,0.7293781009403333,0.7149427834531628,0.5419553146342743,-1.7900591792607312,-1.8052776631056828,2.0439728840739906,2.4043027432043003,16.501233415354292,-0.3415052140104038,-1.9272111884741332,0.3282863546054211,0.5299751575203577,0.4031340496630956,0.6375189610722919,-0.0879977237507448,-0.0819665417979326,-1.221380624147846,0.7637737382493123,16.16484573557986,0.0468143812040829,-0.1591288020720197
1.0009420215374458,0.7293781009403333,0.7149427834531628,0.5419553146342743,-1.7900591792607312,-1.8052776631056828,2.0439728840739906,2.4043027432043003,16.501233415354292,-0.3415052140104038,-1.9272111884741332,0.3282863546054211,0.5299751575203577,0.4031340496630956,0.6375189610722919,-0.0879977237507448,-0.0819665417979326,-1.221380624147846,0.7637737382493123,16.16484573557986,0.0468143812040829,-0.1591288020720197,0.9646044999083206,1.1215747914223937,1.03728487945289,1.1868041703848835,0.8499211328324541,0.8493977323418839,1.2368109491725876,1.6875213066889323,16.388161031714894,0.084146864897344,0.5211061718627774
0.3282863546054211,0.5299751575203577,0.4031340496630956,0.6375189610722919,-0.0879977237507448,-0.0819665417979326,-1.221380624147846,0.7637737382493123,16.16484573557986,0.0468143812040829,-0.1591288020720197,0.9646044999083206,1.1215747914223937,1.03728487945289,1.1868041703848835,0.8499211328324541,0.8493977323418839,1.2368109491725876,1.6875213066889323,16.388161031714894,0.084146864897344,0.5211061718627774,0.8703118639412201,0.6360887122914862,1.1579577394677871,0.3462707949935181,-1.5513540470630636,-1.559792061052247,1.07549680562271,1.947295240952962,16.62540716747567,-2.0937800084755316,-1.5550089370581706
0.9646044999083206,1.1215747914223937,1.03728487945289,1.1868041703848835,0.8499211328324541,0.8493977323418839,1.2368109491725876,1.6875213066889323,16.388161031714894,0.084146864897344,0.5211061718627774,0.8703118639412201,0.6360887122914862,1.1579577394677871,0.3462707949935181,-1.5513540470630636,-1.559792061052247,1.07549680562271,1.947295240952962,16.62540716747567,-2.0937800084755316,-1.5550089370581706,0.2819016341004102,-0.4041474991949108,0.5699347865482868,-0.1214265480042195,-0.4876007964680343,-0.4827682029298705,-1.346055963054422,0.3487649404293465,16.195732482215377,-1.662109094306509,-0.4487617543138811
0.8703118639412201,0.6360887122914862,1.1579577394677871,0.3462707949935181,-1.5513540470630636,-1.559792061052247,1.07549680562271,1.947295240952962,16.62540716747567,-2.0937800084755316,-1.5550089370581706,0.2819016341004102,-0.4041474991949108,0.5699347865482868,-0.1214265480042195,-0.4876007964680343,-0.4827682029298705,-1.346055963054422,0.3487649404293465,16.195732482215377,-1.662109094306509,-0.4487617543138811,-0.0888498951519106,-0.625078831840901,0.1501900033060763,-0.9468701190007645,-0.6070185333066167,-0.6030806241935561,0.3304875098964149,0.5832241463680576,16.278946775442176,-0.9019305663935336,-0.625447683843541
0.2819016341004102,-0.4041474991949108,0.5699347865482868,-0.1214265480042195,-0.4876007964680343,-0.4827682029298705,-1.346055963054422,0.3487649404293465,16.195732482215377,-1.662109094306509,-0.4487617543138811,-0.0888498951519106,-0.625078831840901,0.1501900033060763,-0.9468701190007645,-0.6070185333066167,-0.6030806241935561,0.3304875098964149,0.5832241463680576,16.278946775442176,-0.9019305663935336,-0.625447683843541,-0.7070458891847411,-1.308213439212602,-0.9972741983257092,-1.6503236434168214,-0.6796491236587638,-0.6773878700378296,-0.0627137021244194,0.4882367104563806,16.27869983349757,-0.072373365522051,-0.8769333989380732
-0.0888498951519106,-0.625078831840901,0.1501900033060763,-0.9468701190007645,-0.6070185333066167,-0.6030806241935561,0.3304875098964149,0.5832241463680576,16.278946775442176,-0.9019305663935336,-0.625447683843541,-0.7070458891847411,-1.308213439212602,-0.9972741983257092,-1.6503236434168214,-0.6796491236587638,-0.6773878700378296,-0.0627137021244194,0.4882367104563806,16.27869983349757,-0.072373365522051,-0.8769333989380732,-0.7243132711881346,-0.3720127006222347,-0.2705092141922516,-0.8418194424915605,0.6468728926722037,0.6502482884063964,-0.6278696066411018,-0.2390164623466174,16.125925021292776,-0.0678269397824167,1.354559516942501
-0.7070458891847411,-1.308213439212602,-0.9972741983257092,-1.6503236434168214,-0.6796491236587638,-0.6773878700378296,-0.0627137021244194,0.4882367104563806,16.27869983349757,-0.072373365522051,-0.8769333989380732,-0.7243132711881346,-0.3720127006222347,-0.2705092141922516,-0.8418194424915605,0.6468728926722037,0.6502482884063964,-0.6278696066411018,-0.2390164623466174,16.125925021292776,-0.0678269397824167,1.354559516942501,0.4030155812130977,-0.1381466951910298,-1.054693569227535,-1.0139247520994623,-0.1951130395112645,-0.190470533434664,0.4820436373138756,0.2036970947304045,16.27918514429885,1.3840273465201138,0.6427829455515969
-0.7243132711881346,-0.3720127006222347,-0.2705092141922516,-0.8418194424915605,0.6468728926722037,0.6502482884063964,-0.6278696066411018,-0.2390164623466174,16.125925021292776,-0.0678269397824167,1.354559516942501,0.4030155812130977,-0.1381466951910298,-1.054693569227535,-1.0139247520994623,-0.1951130395112645,-0.190470533434664,0.4820436373138756,0.2036970947304045,16.27918514429885,1.3840273465201138,0.6427829455515969,-0.6932850898726235,1.2856917521794426,0.1168864928966585,1.306925908907185,1.7617814909520473,1.7517152367830195,-0.0652045264186381,0.1208348045879618,16.301441766046462,1.2561991883366344,1.73617685026554
0.4030155812130977,-0.1381466951910298,-1.054693569227535,-1.0139247520994623,-0.1951130395112645,-0.190470533434664,0.4820436373138756,0.2036970947304045,16.27918514429885,1.3840273465201138,0.6427829455515969,-0.6932850898726235,1.2856917521794426,0.1168864928966585,1.306925908907185,1.7617814909520473,1.7517152367830195,-0.0652045264186381,0.1208348045879618,16.301441766046462,1.2561991883366344,1.73617685026554,1.4104882377309738,1.2370962132684693,1.5963913336063114,1.2794330246299588,0.0708983056737898,0.0771113545044687,-0.6482840877117696,-0.643376330306975,16.135523008553214,-0.8270317275440793,0.2198118939359535
-0.6932850898726235,1.2856917521794426,0.1168864928966585,1.306925908907185,1.7617814909520473,1.7517152367830195,-0.0652045264186381,0.1208348045879618,16.301441766046462,1.2561991883366344,1.73617685026554,1.4104882377309738,1.2370962132684693,1.5963913336063114,1.2794330246299588,0.0708983056737898,0.0771113545044687,-0.6482840877117696,-0.643376330306975,16.135523008553214,-0.8270317275440793,0.2198118939359535,0.8262938870334448,0.8093046937373598,1.1455168331842764,0.2932672197976012,-0.8700110236545394,-0.8731355177065453,-0.5059832165786612,-1.2262267457643934,16.03755792911882,-0.6322022165622069,-0.4152433340559608
1.4104882377309738,1.2370962132684693,1.5963913336063114,1.2794330246299588,0.0708983056737898,0.0771113545044687,-0.6482840877117696,-0.643376330306975,16.135523008553214,-0.8270317275440793,0.2198118939359535,0.8262938870334448,0.8093046937373598,1.1455168331842764,0.2932672197976012,-0.8700110236545394,-0.8731355177065453,-0.5059832165786612,-1.2262267457643934,16.03755792911882,-0.6322022165622069,-0.4152433340559608,0.0755395810781146,-1.0024882011288352,-0.645488447782392,-0.7869086671014756,-0.9625544650048968,-0.9696249482445374,0.9010334413605636,-0.0515566824870906,16.189038712920382,-0.2220295691122287,-0.7378612202603024
0.8262938870334448,0.8093046937373598,1.1455168331842764,0.2932672197976012,-0.8700110236545394,-0.8731355177065453,-0.5059832165786612,-1.2262267457643934,16.03755792911882,-0.6322022165622069,-0.4152433340559608,0.0755395810781146,-1.0024882011288352,-0.645488447782392,-0.7869086671014756,-0.9625544650048968,-0.9696249482445374,0.9010334413605636,-0.0515566824870906,16.189038712920382,-0.2220295691122287,-0.7378612202603024,-1.3411150876605773,-1.3301484626008844,-1.9383461833832487,-0.6921343423174863,0.0694054762982498,0.0752112530406116,2.1972973026275637,2.670864756635816,16.643995150843875,1.6839200227471345,-0.7680184699631564
0.0755395810781146,-1.0024882011288352,-0.645488447782392,-0.7869086671014756,-0.9625544650048968,-0.9696249482445374,0.9010334413605636,-0.0515566824870906,16.189038712920382,-0.2220295691122287,-0.7378612202603024,-1.3411150876605773,-1.3301484626008844,-1.9383461833832487,-0.6921343423174863,0.0694054762982498,0.0752112530406116,2.1972973026275637,2.670864756635816,16.643995150843875,1.6839200227471345,-0.7680184699631564,0.1024646224784887,0.987594657882376,0.4015230155215573,1.1068976945736109,1.5292598621501456,1.5268331184977135,-1.468656554269172,0.0077567647536954,16.2384886997873,0.5365552002247205,1.6652937892450026
-1.3411150876605773,-1.3301484626008844,-1.9383461833832487,-0.6921343423174863,0.0694054762982498,0.0752112530406116,2.1972973026275637,2.670864756635816,16.643995150843875,1.6839200227471345,-0.7680184699631564,0.1024646224784887,0.987594657882376,0.4015230155215573,1.1068976945736109,1.5292598621501456,1.5268331184977135,-1.468656554269172,0.0077567647536954,16.2384886997873,0.5365552002247205,1.6652937892450026,1.4315715777741809,0.6834802748241664,1.0633774743377198,0.8475261979763499,-0.2059881277696971,-0.2009720671751818,-1.2866576696127738,-1.414260092207514,15.77401266592535,-1.0873975120482753,-0.3968015483013157
0.1024646224784887,0.987594657882376,0.4015230155215573,1.1068976945736109,1.5292598621501456,1.5268331184977135,-1.468656554269172,0.0077567647536954,16.2384886997873,0.5365552002247205,1.6652937892450026,1.4315715777741809,0.6834802748241664,1.0633774743377198,0.8475261979763499,-0.2059881277696971,-0.2009720671751818,-1.2866576696127738,-1.414260092207514,15.77401266592535,-1.0873975120482753,-0.3968015483013157,2.0782613206799723,2.407072283822957,1.8683161522013445,2.257054772194772,1.8128723806273932,1.800799055406874,2.32259748436376,1.515576280964285,16.568566055365775,0.6910616721158499,1.5676200579528432
1.4315715777741809,0.6834802748241664,1.0633774743377198,0.8475261979763499,-0.2059881277696971,-0.2009720671751818,-1.2866576696127738,-1.414260092207514,15.77401266592535,-1.0873975120482753,-0.3968015483013157,2.0782613206799723,2.407072283822957,1.8683161522013445,2.257054772194772,1.8128723806273932,1.800799055406874,2.32259748436376,1.515576280964285,16.568566055365775,0.6910616721158499,1.5676200579528432,2.1669393707626963,2.0347671362345654,1.85007342231622,1.5784677048122773,-0.4662443297782394,-0.4629225263592544,-0.8297140178597289,-0.264669895111464,16.182693639077694,0.3419616439148166,-0.5443311585586612
2.0782613206799723,2.407072283822957,1.8683161522013445,2.257054772194772,1.8128723806273932,1.800799055406874,2.32259748436376,1.515576280964285,16.568566055365775,0.6910616721158499,1.5676200579528432,2.1669393707626963,2.0347671362345654,1.85007342231622,1.5784677048122773,-0.4662443297782394,-0.4629225263592544,-0.8297140178597289,-0.264669895111464,16.182693639077694,0.3419616439148166,-0.5443311585586612,1.7691690729881346,1.3072467458916557,1.3924697015089595,1.219854488713984,-0.4276220020556207,-0.4237480348768872,-0.3623644607442893,-0.5764087514895071,16.05416505166548,-0.3816115985865289,-0.3666316194567611
2.1669393707626963,2.0347671362345654,1.85007342231622,1.5784677048122773,-0.4662443297782394,-0.4629225263592544,-0.8297140178597289,-0.264669895111464,16.182693639077694,0.3419616439148166,-0.5443311585586612,1.7691690729881346,1.3072467458916557,1.3924697015089595,1.219854488713984,-0.4276220020556207,-0.4237480348768872,-0.3623644607442893,-0.5764087514895071,16.05416505166548,-0.3816115985865289,-0.3666316194567611,1.2567702762002224,1.2886005156102904,1.312782778462838,1.5896222994141107,0.8715708119343901,0.8777045661719648,0.2460681124149112,0.0854341615985159,16.234713652670575,-0.1309699399283821,1.0096366089795898
1.7691690729881346,1.3072467458916557,1.3924697015089595,1.219854488713984,-0.4276220020556207,-0.4237480348768872,-0.3623644607442893,-0.5764087514895071,16.05416505166548,-0.3816115985865289,-0.3666316194567611,1.2567702762002224,1.2886005156102904,1.312782778462838,1.5896222994141107,0.8715708119343901,0.8777045661719648,0.2460681124149112,0.0854341615985159,16.234713652670575,-0.1309699399283821,1.0096366089795898,1.418959104135179,1.3133243301237087,1.336173131553454,1.4993412084074391,0.2387200573040219,0.2468128090860477,-0.4372211134820188,-0.4480510787469211,16.084921524300068,-0.2372258749935175,0.2002873784443025
1.2567702762002224,1.2886005156102904,1.312782778462838,1.5896222994141107,0.8715708119343901,0.8777045661719648,0.2460681124149112,0.0854341615985159,16.234713652670575,-0.1309699399283821,1.0096366089795898,1.418959104135179,1.3133243301237087,1.336173131553454,1.4993412084074391,0.2387200573040219,0.2468128090860477,-0.4372211134820188,-0.4480510787469211,16.084921524300068,-0.2372258749935175,0.2002873784443025,1.782626060172346,1.3681008697848782,1.3730928600529777,1.2622786514352675,-0.2860445714373834,-0.2810311952630281,0.2599339503580514,0.165952177445115,16.299016310286806,-0.3252559358698993,-0.7752294208225903
1.418959104135179,1.3133243301237087,1.336173131553454,1.4993412084074391,0.2387200573040219,0.2468128090860477,-0.4372211134820188,-0.4480510787469211,16.084921524300068,-0.2372258749935175,0.2002873784443025,1.782626060172346,1.3681008697848782,1.3730928600529777,1.2622786514352675,-0.2860445714373834,-0.2810311952630281,0.2599339503580514,0.165952177445115,16.299016310286806,-0.3252559358698993,-0.7752294208225903,1.0150851870873856,0.8939930945006395,0.970523627086887,0.7991014425804358,-1.164152462097866,-1.1746707599462656,-0.4924387016463346,-0.4996678395171679,16.113545414315567,-0.8492185928853399,-1.184352572609132
1.782626060172346,1.3681008697848782,1.3730928600529777,1.2622786514352675,-0.2860445714373834,-0.2810311952630281,0.2599339503580514,0.165952177445115,16.299016310286806,-0.3252559358698993,-0.7752294208225903,1.0150851870873856,0.8939930945006395,0.970523627086887,0.7991014425804358,-1.164152462097866,-1.1746707599462656,-0.4924387016463346,-0.4996678395171679,16.113545414315567,-0.8492185928853399,-1.184352572609132,0.7054453213772016,0.654922488643335,0.8808365522705472,0.7165243137129687,-0.4668448813321192,-0.4647146411920752,0.0138627431768737,0.0461261889754979,16.142134488909008,-1.288023863295386,-0.2804865106059677
1.0150851870873856,0.8939930945006395,0.970523627086887,0.7991014425804358,-1.164152462097866,-1.1746707599462656,-0.4924387016463346,-0.4996678395171679,16.113545414315567,-0.8492185928853399,-1.184352572609132,0.7054453213772016,0.654922488643335,0.8808365522705472,0.7165243137129687,-0.4668448813321192,-0.4647146411920752,0.0138627431768737,0.0461261889754979,16.142134488909008,-1.288023863295386,-0.2804865106059677,0.4904180773230148,0.8225213898677814,0.3359700796422533,0.7916064921930163,-0.0899422061582003,-0.0846954728910494,0.0753704157858503,0.5126843411102296,16.237353243365785,1.786416211961032,-0.474714829513502
0.7054453213772016,0.654922488643335,0.8808365522705472,0.7165243137129687,-0.4668448813321192,-0.4647146411920752,0.0138627431768737,0.0461261889754979,16.142134488909008,-1.288023863295386,-0.2804865106059677,0.4904180773230148,0.8225213898677814,0.3359700796422533,0.7916064921930163,-0.0899422061582003,-0.0846954728910494,0.0753704157858503,0.5126843411102296,16.237353243365785,1.786416211961032,-0.474714829513502,0.6440449550015659,0.1395696819272658,-0.0101184874430108,-0.2822014869037968,-1.2665021035917428,-1.280863311957391,0.0947673632795215,0.9209105333140905,16.38509538578223,0.3214539918525981,-1.395189796809022
0.4904180773230148,0.8225213898677814,0.3359700796422533,0.7916064921930163,-0.0899422061582003,-0.0846954728910494,0.0753704157858503,0.5126843411102296,16.237353243365785,1.786416211961032,-0.474714829513502,0.6440449550015659,0.1395696819272658,-0.0101184874430108,-0.2822014869037968,-1.2665021035917428,-1.280863311957391,0.0947673632795215,0.9209105333140905,16.38509538578223,0.3214539918525981,-1.395189796809022,0.1513203859692929,-0.5181694330403365,0.0762408668219666,-0.0316816869775621,0.3127820973091534,0.3168066088931849,-0.4579369702451067,0.9654871408607784,16.283711863917713,-1.0763398443450756,0.7949778866584674
0.6440449550015659,0.1395696819272658,-0.0101184874430108,-0.2822014869037968,-1.2665021035917428,-1.280863311957391,0.0947673632795215,0.9209105333140905,16.38509538578223,0.3214539918525981,-1.395189796809022,0.1513203859692929,-0.5181694330403365,0.0762408668219666,-0.0316816869775621,0.3127820973091534,0.3168066088931849,-0.4579369702451067,0.9654871408607784,16.283711863917713,-1.0763398443450756,0.7949778866584674,0.2360096288170013,-0.6045113466611788,-0.9635635800723495,-1.3945997021866916,-1.3386731699455638,-1.3442235442496089,2.543215090030535,2.6779207344030405,16.956671340709033,0.6879244114176727,-1.017418239253016
0.1513203859692929,-0.5181694330403365,0.0762408668219666,-0.0316816869775621,0.3127820973091534,0.3168066088931849,-0.4579369702451067,0.9654871408607784,16.283711863917713,-1.0763398443450756,0.7949778866584674,0.2360096288170013,-0.6045113466611788,-0.9635635800723495,-1.3945997021866916,-1.3386731699455638,-1.3442235442496089,2.543215090030535,2.6779207344030405,16.956671340709033,0.6879244114176727,-1.017418239253016,-0.6489721384018798,0.2179229865917802,-0.7378700821934745,-0.8993518747744713,0.6458978649073689,0.6480530577187958,-1.3689527088516202,-0.0859367095122516,16.420072637532357,1.3279675625842358,1.0711409704651724
0.2360096288170013,-0.6045113466611788,-0.9635635800723495,-1.3945997021866916,-1.3386731699455638,-1.3442235442496089,2.543215090030535,2.6779207344030405,16.956671340709033,0.6879244114176727,-1.017418239253016,-0.6489721384018798,0.2179229865917802,-0.7378700821934745,-0.8993518747744713,0.6458978649073689,0.6480530577187958,-1.3689527088516202,-0.0859367095122516,16.420072637532357,1.3279675625842358,1.0711409704651724,-1.3026297263801534,0.8851864353415697,-0.5178837090558576,1.4577213673502625,1.870681626189968,1.8572117199056328,-0.4362346345688572,-0.470469725402958,16.30952568269401,1.478885501989681,1.7037735251581558
-0.6489721384018798,0.2179229865917802,-0.7378700821934745,-0.8993518747744713,0.6458978649073689,0.6480530577187958,-1.3689527088516202,-0.0859367095122516,16.420072637532357,1.3279675625842358,1.0711409704651724,-1.3026297263801534,0.8851864353415697,-0.5178837090558576,1.4577213673502625,1.870681626189968,1.8572117199056328,-0.4362346345688572,-0.470469725402958,16.30952568269401,1.478885501989681,1.7037735251581558,0.6840074028556153,1.431503997138906,1.5695050079620692,1.5860163097845228,0.3240434099214837,0.328940485055368,-0.8193405431681173,-1.187748663717055,15.999571203023766,-0.4854664628772043,0.3504229396215569
-1.3026297263801534,0.8851864353415697,-0.5178837090558576,1.4577213673502625,1.870681626189968,1.8572117199056328,-0.4362346345688572,-0.470469725402958,16.30952568269401,1.478885501989681,1.7037735251581558,0.6840074028556153,1.431503997138906,1.5695050079620692,1.5860163097845228,0.3240434099214837,0.328940485055368,-0.8193405431681173,-1.187748663717055,15.999571203023766,-0.4854664628772043,0.3504229396215569,2.2693678485578843,2.3465127581791165,2.325298725455186,1.9254902958146536,0.8670039959243492,0.8680931830921973,0.2832923006881542,-0.7389232299157084,16.130142890671497,-0.5529710678129254,0.8885365851031973
0.6840074028556153,1.431503997138906,1.5695050079620692,1.5860163097845228,0.3240434099214837,0.328940485055368,-0.8193405431681173,-1.187748663717055,15.999571203023766,-0.4854664628772043,0.3504229396215569,2.2693678485578843,2.3465127581791165,2.325298725455186,1.9254902958146536,0.8670039959243492,0.8680931830921973,0.2832923006881542,-0.7389232299157084,16.130142890671497,-0.5529710678129254,0.8885365851031973,1.9406757691916752,1.605298964512402,0.6894802369154427,-0.1479123865847152,-1.9453239695483011,-1.9596394078848212,1.145629297290705,0.3979657474245336,16.579001836164505,1.6629108753891273,-1.7861517862928675
2.2693678485578843,2.3465127581791165,2.325298725455186,1.9254902958146536,0.8670039959243492,0.8680931830921973,0.2832923006881542,-0.7389232299157084,16.130142890671497,-0.5529710678129254,0.8885365851031973,1.9406757691916752,1.605298964512402,0.6894802369154427,-0.1479123865847152,-1.9453239695483011,-1.9596394078848212,1.145629297290705,0.3979657474245336,16.579001836164505,1.6629108753891273,-1.7861517862928675,-0.0227558075272154,-0.6020095602718307,-0.7908336929592,-0.0929915951032406,0.0459901184422783,0.0526720183466825,-0.9807556987737012,-0.840486765914152,16.15038867297687,0.3957517416785981,-0.0829504553050878
1.9406757691916752,1.605298964512402,0.6894802369154427,-0.1479123865847152,-1.9453239695483011,-1.9596394078848212,1.145629297290705,0.3979657474245336,16.579001836164505,1.6629108753891273,-1.7861517862928675,-0.0227558075272154,-0.6020095602718307,-0.7908336929592,-0.0929915951032406,0.0459901184422783,0.0526720183466825,-0.9807556987737012,-0.840486765914152,16.15038867297687,0.3957517416785981,-0.0829504553050878,-0.6685621587492181,-0.0328899648713622,0.0812681632647514,0.51128202908823,0.5718910560107854,0.5737454799964893,-0.6511400976158778,-1.1483492838984928,15.861847773203374,-0.2419810732272667,0.2365112462896075
-0.0227558075272154,-0.6020095602718307,-0.7908336929592,-0.0929915951032406,0.0459901184422783,0.0526720183466825,-0.9807556987737012,-0.840486765914152,16.15038867297687,0.3957517416785981,-0.0829504553050878,-0.6685621587492181,-0.0328899648713622,0.0812681632647514,0.51128202908823,0.5718910560107854,0.5737454799964893,-0.6511400976158778,-1.1483492838984928,15.861847773203374,-0.2419810732272667,0.2365112462896075,0.1867283693549781,0.0035651477975728,0.8665137948681827,0.4467856961526978,-0.0868325935131745,-0.0797307333003538,-0.4975259804685444,-1.1653512127419563,15.608203091752172,-1.5472921564883526,-0.418980798941549
-0.6685621587492181,-0.0328899648713622,0.0812681632647514,0.51128202908823,0.5718910560107854,0.5737454799964893,-0.6511400976158778,-1.1483492838984928,15.861847773203374,-0.2419810732272667,0.2365112462896075,0.1867283693549781,0.0035651477975728,0.8665137948681827,0.4467856961526978,-0.0868325935131745,-0.0797307333003538,-0.4975259804685444,-1.1653512127419563,15.608203091752172,-1.5472921564883526,-0.418980798941549,0.8338014103382347,2.3542963131548773,1.3104070307337612,2.347795568574645,2.207757999337204,2.1792659480195016,2.4968465876480317,1.3922148585836485,16.87675436350221,2.354235213519996,2.2541390941801556
0.1867283693549781,0.0035651477975728,0.8665137948681827,0.4467856961526978,-0.0868325935131745,-0.0797307333003538,-0.4975259804685444,-1.1653512127419563,15.608203091752172,-1.5472921564883526,-0.418980798941549,0.8338014103382347,2.3542963131548773,1.3104070307337612,2.347795568574645,2.207757999337204,2.1792659480195016,2.4968465876480317,1.3922148585836485,16.87675436350221,2.354235213519996,2.2541390941801556,2.47224231780971,1.806121571905737,2.094513900980637,1.2318284332232785,-1.118298048354352,-1.1301780047519865,-0.4856637336336608,0.8008562988791382,16.518045645413732,0.2324955791338836,-1.1688883021259104
0.8338014103382347,2.3542963131548773,1.3104070307337612,2.347795568574645,2.207757999337204,2.1792659480195016,2.4968465876480317,1.3922148585836485,16.87675436350221,2.354235213519996,2.2541390941801556,2.47224231780971,1.806121571905737,2.094513900980637,1.2318284332232785,-1.118298048354352,-1.1301780047519865,-0.4856637336336608,0.8008562988791382,16.518045645413732,0.2324955791338836,-1.1688883021259104,1.4080589531193013,1.132105151909896,1.6653164118995132,1.0626100851988116,-0.2106899121989956,-0.20216818566519,-0.6103872395030915,-0.4880661787128992,15.984930020006267,-0.690746903276505,-0.156359416550129
2.47224231780971,1.806121571905737,2.094513900980637,1.2318284332232785,-1.118298048354352,-1.1301780047519865,-0.4856637336336608,0.8008562988791382,16.518045645413732,0.2324955791338836,-1.1688883021259104,1.4080589531193013,1.132105151909896,1.6653164118995132,1.0626100851988116,-0.2106899121989956,-0.20216818566519,-0.6103872395030915,-0.4880661787128992,15.984930020006267,-0.690746903276505,-0.156359416550129,0.9906627196447866,1.0046289469688168,1.3380256689204442,1.1619824456121424,0.1723984509266692,0.1840668233886211,0.0933641055869175,0.0881891901609343,16.211886586386022,-0.4310652115143947,-0.1525968328884494
1.4080589531193013,1.132105151909896,1.6653164118995132,1.0626100851988116,-0.2106899121989956,-0.20216818566519,-0.6103872395030915,-0.4880661787128992,15.984930020006267,-0.690746903276505,-0.156359416550129,0.9906627196447866,1.0046289469688168,1.3380256689204442,1.1619824456121424,0.1723984509266692,0.1840668233886211,0.0933641055869175,0.0881891901609343,16.211886586386022,-0.4310652115143947,-0.1525968328884494,0.8176461924774726,0.6176160960894743,-0.2899674982706658,-0.5156007463946821,-1.513518407972453,-1.5433495845316836,0.2829866973707067,0.9775138601696828,16.61634052795856,1.5508491475116242,-1.2884608927061898
0.9906627196447866,1.0046289469688168,1.3380256689204442,1.1619824456121424,0.1723984509266692,0.1840668233886211,0.0933641055869175,0.0881891901609343,16.211886586386022,-0.4310652115143947,-0.1525968328884494,0.8176461924774726,0.6176160960894743,-0.2899674982706658,-0.5156007463946821,-1.513518407972453,-1.5433495845316836,0.2829866973707067,0.9775138601696828,16.61634052795856,1.5508491475116242,-1.2884608927061898,-1.264596997039077,-1.143345537882817,-1.164712550547383,-1.265918597111199,-0.8251125254860122,-0.8309469172022999,-0.0606695748527761,1.124754265673239,16.798689416078272,-0.1451867202299605,-1.0506968154930223
0.8176461924774726,0.6176160960894743,-0.2899674982706658,-0.5156007463946821,-1.513518407972453,-1.5433495845316836,0.2829866973707067,0.9775138601696828,16.61634052795856,1.5508491475116242,-1.2884608927061898,-1.264596997039077,-1.143345537882817,-1.164712550547383,-1.265918597111199,-0.8251125254860122,-0.8309469172022999,-0.0606695748527761,1.124754265673239,16.798689416078272,-0.1451867202299605,-1.0506968154930223,-1.0191114358591935,-1.0581446735279638,-1.078842041511991,-1.3072232846826164,-0.1548003867118255,-0.1445649583636729,-0.5854735280731447,-0.151645201729712,16.34437037503064,-0.1584918572868518,-0.1598841521100059
-1.264596997039077,-1.143345537882817,-1.164712550547383,-1.265918597111199,-0.8251125254860122,-0.8309469172022999,-0.0606695748527761,1.124754265673239,16.798689416078272,-0.1451867202299605,-1.0506968154930223,-1.0191114358591935,-1.0581446735279638,-1.078842041511991,-1.3072232846826164,-0.1548003867118255,-0.1445649583636729,-0.5854735280731447,-0.151645201729712,16.34437037503064,-0.1584918572868518,-0.1598841521100059,-0.8145814163431107,-1.1860343067631762,-1.447883165885392,-1.4474098698944162,-0.3770939509729789,-0.371150501425823,-0.0967306289225166,0.0082427560648514,16.459967639784605,0.4650557921912434,-0.5316241328971968
-1.0191114358591935,-1.0581446735279638,-1.078842041511991,-1.3072232846826164,-0.1548003867118255,-0.1445649583636729,-0.5854735280731447,-0.151645201729712,16.34437037503064,-0.1584918572868518,-0.1598841521100059,-0.8145814163431107,-1.1860343067631762,-1.447883165885392,-1.4474098698944162,-0.3770939509729789,-0.371150501425823,-0.0967306289225166,0.0082427560648514,16.459967639784605,0.4650557921912434,-0.5316241328971968,-1.6848223874041997,-1.9174650954489447,-2.054695238836175,-1.990039924456675,-1.510517781993437,-1.547433205152911,0.7390483183293003,1.5878024289581694,17.150447082786556,0.7277529787392114,-1.1933505664125637
-0.8145814163431107,-1.1860343067631762,-1.447883165885392,-1.4474098698944162,-0.3770939509729789,-0.371150501425823,-0.0967306289225166,0.0082427560648514,16.459967639784605,0.4650557921912434,-0.5316241328971968,-1.6848223874041997,-1.9174650954489447,-2.054695238836175,-1.990039924456675,-1.510517781993437,-1.547433205152911,0.7390483183293003,1.5878024289581694,17.150447082786556,0.7277529787392114,-1.1933505664125637,-1.489785355076919,-1.512567510514403,-1.4072525940988747,-1.166752969656438,1.078750688556195,1.0812671930920517,-0.7055052044345783,-0.2582096793539672,16.77391477815394,-0.22606018551494,1.431754210202418
-1.6848223874041997,-1.9174650954489447,-2.054695238836175,-1.990039924456675,-1.510517781993437,-1.547433205152911,0.7390483183293003,1.5878024289581694,17.150447082786556,0.7277529787392114,-1.1933505664125637,-1.489785355076919,-1.512567510514403,-1.4072525940988747,-1.166752969656438,1.078750688556195,1.0812671930920517,-0.7055052044345783,-0.2582096793539672,16.77391477815394,-0.22606018551494,1.431754210202418,-1.1783363214674294,-0.9927515546239158,-0.7992894882275883,-0.9379444061117956,0.5555071938459865,0.5614107882774076,-0.569674320074747,-0.7232269530006937,16.53347155118421,-0.7374904495823988,0.8426038729594053
-1.489785355076919,-1.512567510514403,-1.4072525940988747,-1.166752969656438,1.078750688556195,1.0812671930920517,-0.7055052044345783,-0.2582096793539672,16.77391477815394,-0.22606018551494,1.431754210202418,-1.1783363214674294,-0.9927515546239158,-0.7992894882275883,-0.9379444061117956,0.5555071938459865,0.5614107882774076,-0.569674320074747,-0.7232269530006937,16.53347155118421,-0.7374904495823988,0.8426038729594053,-0.6215921152180197,-0.627611590579422,-0.3465304812628503,-0.3835264539596733,1.1048094903140948,1.0941930281655128,-0.5834736664972372,-1.0670755583836622,16.302340440487345,-1.0911151864976307,0.7832071407863404
-1.1783363214674294,-0.9927515546239158,-0.7992894882275883,-0.9379444061117956,0.5555071938459865,0.5614107882774076,-0.569674320074747,-0.7232269530006937,16.53347155118421,-0.7374904495823988,0.8426038729594053,-0.6215921152180197,-0.627611590579422,-0.3465304812628503,-0.3835264539596733,1.1048094903140948,1.0941930281655128,-0.5834736664972372,-1.0670755583836622,16.302340440487345,-1.0911151864976307,0.7832071407863404,-0.3339185518279374,-0.3493720663252002,-0.019365465528605,-0.1766431078327984,0.3801315084441672,0.3882344544308549,-0.672537707609237,-1.4185972399924736,16.062107246508013,-1.1707318111898872,0.4694662815225104
-0.6215921152180197,-0.627611590579422,-0.3465304812628503,-0.3835264539596733,1.1048094903140948,1.0941930281655128,-0.5834736664972372,-1.0670755583836622,16.302340440487345,-1.0911151864976307,0.7832071407863404,-0.3339185518279374,-0.3493720663252002,-0.019365465528605,-0.1766431078327984,0.3801315084441672,0.3882344544308549,-0.672537707609237,-1.4185972399924736,16.062107246508013,-1.1707318111898872,0.4694662815225104,-1.0478938008646712,-1.1069644878528455,-1.2850731106608622,-1.4592456431900218,-1.3736708324888856,-1.386639630164991,1.468453923686431,-0.1451470338653283,16.686229400690173,0.2625576154321019,-0.8670511827525067
-0.3339185518279374,-0.3493720663252002,-0.019365465528605,-0.1766431078327984,0.3801315084441672,0.3882344544308549,-0.672537707609237,-1.4185972399924736,16.062107246508013,-1.1707318111898872,0.4694662815225104,-1.0478938008646712,-1.1069644878528455,-1.2850731106608622,-1.4592456431900218,-1.3736708324888856,-1.386639630164991,1.468453923686431,-0.1451470338653283,16.686229400690173,0.2625576154321019,-0.8670511827525067,-1.6157027906509165,-1.7335377365588154,-1.8606060314879649,-1.622188717905514,-0.1794866707485785,-0.1658509118600915,-0.1185730571459302,-0.0097875182013426,16.719155009338508,1.5894445422361256,-0.1372156642904109
-1.0478938008646712,-1.1069644878528455,-1.2850731106608622,-1.4592456431900218,-1.3736708324888856,-1.386639630164991,1.468453923686431,-0.1451470338653283,16.686229400690173,0.2625576154321019,-0.8670511827525067,-1.6157027906509165,-1.7335377365588154,-1.8606060314879649,-1.622188717905514,-0.1794866707485785,-0.1658509118600915,-0.1185730571459302,-0.0097875182013426,16.719155009338508,1.5894445422361256,-0.1372156642904109,-1.2437329791872642,-1.0894608166263506,-0.7238952069563147,-0.6855281201886851,1.0856018868671031,1.072183971410662,-0.5501823969070246,-0.4739522073419057,16.470328814781166,-0.6797268581113972,0.811740049226036
-1.6157027906509165,-1.7335377365588154,-1.8606060314879649,-1.622188717905514,-0.1794866707485785,-0.1658509118600915,-0.1185730571459302,-0.0097875182013426,16.719155009338508,1.5894445422361256,-0.1372156642904109,-1.2437329791872642,-1.0894608166263506,-0.7238952069563147,-0.6855281201886851,1.0856018868671031,1.072183971410662,-0.5501823969070246,-0.4739522073419057,16.470328814781166,-0.6797268581113972,0.811740049226036,-0.6609606434456021,-0.6480918743323469,-0.2365587536024446,-0.5373102438783727,0.1904977759987623,0.202149654425972,-0.5620917082513995,-0.883231157438845,16.24381167045968,-0.8730003259551876,0.0875363112728521
-1.2437329791872642,-1.0894608166263506,-0.7238952069563147,-0.6855281201886851,1.0856018868671031,1.072183971410662,-0.5501823969070246,-0.4739522073419057,16.470328814781166,-0.6797268581113972,0.811740049226036,-0.6609606434456021,-0.6480918743323469,-0.2365587536024446,-0.5373102438783727,0.1904977759987623,0.202149654425972,-0.5620917082513995,-0.883231157438845,16.24381167045968,-0.8730003259551876,0.0875363112728521,-0.8193681795459345,-0.6179138126226019,-0.6547439822401817,-0.5822239581298099,-0.0090562743990883,0.0050462338582137,-0.1017837909238172,-0.7173360537477188,16.24828154112497,0.5562753345311048,0.0247173072117879
-0.6609606434456021,-0.6480918743323469,-0.2365587536024446,-0.5373102438783727,0.1904977759987623,0.202149654425972,-0.5620917082513995,-0.883231157438845,16.24381167045968,-0.8730003259551876,0.0875363112728521,-0.8193681795459345,-0.6179138126226019,-0.6547439822401817,-0.5822239581298099,-0.0090562743990883,0.0050462338582137,-0.1017837909238172,-0.7173360537477188,16.24828154112497,0.5562753345311048,0.0247173072117879,-0.2826738298833388,-0.2111342078266174,0.0338938523423008,0.3104801324463919,0.8446050291068624,0.8355049501236133,2.102504968266521,2.182126764045886,17.005402416541084,-0.5670911081304834,0.2794077575563447
-0.8193681795459345,-0.6179138126226019,-0.6547439822401817,-0.5822239581298099,-0.0090562743990883,0.0050462338582137,-0.1017837909238172,-0.7173360537477188,16.24828154112497,0.5562753345311048,0.0247173072117879,-0.2826738298833388,-0.2111342078266174,0.0338938523423008,0.3104801324463919,0.8446050291068624,0.8355049501236133,2.102504968266521,2.182126764045886,17.005402416541084,-0.5670911081304834,0.2794077575563447,2.4568539637246833,2.3886998901262726,1.480626829891333,1.7135038940689915,1.5093446259198664,1.4761290467889965,1.1248432430940527,2.4512679381540288,17.57864139002026,2.3375265120442337,2.301129450501416
-0.2826738298833388,-0.2111342078266174,0.0338938523423008,0.3104801324463919,0.8446050291068624,0.8355049501236133,2.102504968266521,2.182126764045886,17.005402416541084,-0.5670911081304834,0.2794077575563447,2.4568539637246833,2.3886998901262726,1.480626829891333,1.7135038940689915,1.5093446259198664,1.4761290467889965,1.1248432430940527,2.4512679381540288,17.57864139002026,2.3375265120442337,2.301129450501416,0.5399461230840181,0.8509885833776645,0.452397482592809,0.9085860246152638,-0.7411828727204506,-0.7309369316521384,-1.0709652756543842,0.319752442660463,16.99542519759891,1.0289605619682445,-0.2692557660179476
2.4568539637246833,2.3886998901262726,1.480626829891333,1.7135038940689915,1.5093446259198664,1.4761290467889965,1.1248432430940527,2.4512679381540288,17.57864139002026,2.3375265120442337,2.301129450501416,0.5399461230840181,0.8509885833776645,0.452397482592809,0.9085860246152638,-0.7411828727204506,-0.7309369316521384,-1.0709652756543842,0.319752442660463,16.99542519759891,1.0289605619682445,-0.2692557660179476,-1.2529219861858958,-0.0264778030043067,-0.9603406408403684,0.1609491666090703,-0.7781268621763568,-0.7727774457101516,-0.4961169661192229,-0.1000963077802299,16.878723940868458,1.5852645769187803,-0.0148919396005803
0.5399461230840181,0.8509885833776645,0.452397482592809,0.9085860246152638,-0.7411828727204506,-0.7309369316521384,-1.0709652756543842,0.319752442660463,16.99542519759891,1.0289605619682445,-0.2692557660179476,-1.2529219861858958,-0.0264778030043067,-0.9603406408403684,0.1609491666090703,-0.7781268621763568,-0.7727774457101516,-0.4961169661192229,-0.1000963077802299,16.878723940868458,1.5852645769187803,-0.0148919396005803,0.2207543783118129,0.909833594864456,0.955480417744217,1.3451632251402348,1.1305742712312086,1.1214067623476842,-0.3759891000945911,-0.3503750288868181,16.857887887062617,0.3798004101929408,0.8321702609760825
-1.2529219861858958,-0.0264778030043067,-0.9603406408403684,0.1609491666090703,-0.7781268621763568,-0.7727774457101516,-0.4961169661192229,-0.1000963077802299,16.878723940868458,1.5852645769187803,-0.0148919396005803,0.2207543783118129,0.909833594864456,0.955480417744217,1.3451632251402348,1.1305742712312086,1.1214067623476842,-0.3759891000945911,-0.3503750288868181,16.857887887062617,0.3798004101929408,0.8321702609760825,1.2041682221806298,1.0560635374675131,1.2199648937519905,0.8173842373504243,-0.6301896369796934,-0.6263881664381773,-0.2719856692648931,-0.4284210452804234,16.81649406960159,0.2032185417579562,-0.6132093946218677
0.2207543783118129,0.909833594864456,0.955480417744217,1.3451632251402348,1.1305742712312086,1.1214067623476842,-0.3759891000945911,-0.3503750288868181,16.857887887062617,0.3798004101929408,0.8321702609760825,1.2041682221806298,1.0560635374675131,1.2199648937519905,0.8173842373504243,-0.6301896369796934,-0.6263881664381773,-0.2719856692648931,-0.4284210452804234,16.81649406960159,0.2032185417579562,-0.6132093946218677,0.7671281532920393,0.8629595964470766,1.435181217820218,1.736923872695748,1.1116335877982544,1.1068165530687528,-0.5377286461407722,-0.6993476616728337,16.597851633540177,-0.5800567336999435,0.2943870506464942
1.2041682221806298,1.0560635374675131,1.2199648937519905,0.8173842373504243,-0.6301896369796934,-0.6263881664381773,-0.2719856692648931,-0.4284210452804234,16.81649406960159,0.2032185417579562,-0.6132093946218677,0.7671281532920393,0.8629595964470766,1.435181217820218,1.736923872695748,1.1116335877982544,1.1068165530687528,-0.5377286461407722,-0.6993476616728337,16.597851633540177,-0.5800567336999435,0.2943870506464942,1.01776950651701,1.055644032175899,1.6040612643549614,1.6759173223145398,0.1866945087589408,0.1982979398144874,-0.465538330405098,-0.8524956046040489,16.432658257826134,-0.8986064213022963,-0.0843713330061995
0.7671281532920393,0.8629595964470766,1.435181217820218,1.736923872695748,1.1116335877982544,1.1068165530687528,-0.5377286461407722,-0.6993476616728337,16.597851633540177,-0.5800567336999435,0.2943870506464942,1.01776950651701,1.055644032175899,1.6040612643549614,1.6759173223145398,0.1866945087589408,0.1982979398144874,-0.465538330405098,-0.8524956046040489,16.432658257826134,-0.8986064213022963,-0.0843713330061995,1.1562515539462992,0.8576249008795108,1.3918339828019437,1.2798049145300363,-0.5243800528235993,-0.5167105440216542,-0.7156391294138326,-1.1031279580643627,16.094560970206043,-1.25838871184381,-0.807477660587476
1.01776950651701,1.055644032175899,1.6040612643549614,1.6759173223145398,0.1866945087589408,0.1982979398144874,-0.465538330405098,-0.8524956046040489,16.432658257826134,-0.8986064213022963,-0.0843713330061995,1.1562515539462992,0.8576249008795108,1.3918339828019437,1.2798049145300363,-0.5243800528235993,-0.5167105440216542,-0.7156391294138326,-1.1031279580643627,16.094560970206043,-1.25838871184381,-0.807477660587476,1.0565357579597012,1.337675196170543,1.4734350652086652,1.6117168758380027,0.405512682521057,0.4141140906089122,0.5964693261236137,-0.7573202222331918,16.43609844405595,-0.7698801691682394,-0.3018460770349411
1.1562515539462992,0.8576249008795108,1.3918339828019437,1.2798049145300363,-0.5243800528235993,-0.5167105440216542,-0.7156391294138326,-1.1031279580643627,16.094560970206043,-1.25838871184381,-0.807477660587476,1.0565357579597012,1.337675196170543,1.4734350652086652,1.6117168758380027,0.405512682521057,0.4141140906089122,0.5964693261236137,-0.7573202222331918,16.43609844405595,-0.7698801691682394,-0.3018460770349411,1.14434418048851,1.311063364156416,1.3586437606012884,1.2499719089663424,-0.5271077411958223,-0.5194758862754453,-0.4039621259952923,-0.723024908012117,16.25299369678678,-1.0141774699264203,-0.9170300867325412
1.0565357579597012,1.337675196170543,1.4734350652086652,1.6117168758380027,0.405512682521057,0.4141140906089122,0.5964693261236137,-0.7573202222331918,16.43609844405595,-0.7698801691682394,-0.3018460770349411,1.14434418048851,1.311063364156416,1.3586437606012884,1.2499719089663424,-0.5271077411958223,-0.5194758862754453,-0.4039621259952923,-0.723024908012117,16.25299369678678,-1.0141774699264203,-0.9170300867325412,1.195145930426737,1.4481320020241837,1.2300761331292216,1.4157301208045057,0.5117299335077511,0.5195891302036798,1.097168110862548,-0.0696458267889745,16.41687351183757,-0.666491521893277,-0.1917193423355616
1.14434418048851,1.311063364156416,1.3586437606012884,1.2499719089663424,-0.5271077411958223,-0.5194758862754453,-0.4039621259952923,-0.723024908012117,16.25299369678678,-1.0141774699264203,-0.9170300867325412,1.195145930426737,1.4481320020241837,1.2300761331292216,1.4157301208045057,0.5117299335077511,0.5195891302036798,1.097168110862548,-0.0696458267889745,16.41687351183757,-0.666491521893277,-0.1917193423355616,0.9804889575085192,0.8935654057853072,0.9362370781048218,0.7609514369421632,-1.121114528922832,-1.1263738778644798,0.6064392831766623,0.733981146397111,16.508562241533397,-0.8953100867428995,-1.7781436072702108
1.195145930426737,1.4481320020241837,1.2300761331292216,1.4157301208045057,0.5117299335077511,0.5195891302036798,1.097168110862548,-0.0696458267889745,16.41687351183757,-0.666491521893277,-0.1917193423355616,0.9804889575085192,0.8935654057853072,0.9362370781048218,0.7609514369421632,-1.121114528922832,-1.1263738778644798,0.6064392831766623,0.733981146397111,16.508562241533397,-0.8953100867428995,-1.7781436072702108,0.7268900755629039,0.6823111729089104,0.7982846476349298,0.7378509241879536,-0.3579652300965726,-0.3506686489970373,-1.232841096043033,-0.4216276170572961,16.10599280610822,-0.883123632768367,-0.6506087037399233
0.9804889575085192,0.8935654057853072,0.9362370781048218,0.7609514369421632,-1.121114528922832,-1.1263738778644798,0.6064392831766623,0.733981146397111,16.508562241533397,-0.8953100867428995,-1.7781436072702108,0.7268900755629039,0.6823111729089104,0.7982846476349298,0.7378509241879536,-0.3579652300965726,-0.3506686489970373,-1.232841096043033,-0.4216276170572961,16.10599280610822,-0.883123632768367,-0.6506087037399233,0.7300656791645095,0.4928473271207781,0.8580098595473791,0.4299046087248168,-0.6112892027882,-0.6092978521563784,-0.5490753080952092,-0.7205644320552427,15.887977961781596,-1.3284467137237712,-0.2477227419383376
0.7268900755629039,0.6823111729089104,0.7982846476349298,0.7378509241879536,-0.3579652300965726,-0.3506686489970373,-1.232841096043033,-0.4216276170572961,16.10599280610822,-0.883123632768367,-0.6506087037399233,0.7300656791645095,0.4928473271207781,0.8580098595473791,0.4299046087248168,-0.6112892027882,-0.6092978521563784,-0.5490753080952092,-0.7205644320552427,15.887977961781596,-1.3284467137237712,-0.2477227419383376,0.4882521290199685,1.075234606031608,0.8348212353991185,1.127626115548902,0.3811127112412304,0.3885686974597827,2.054314583896062,1.936869945974428,16.412502635415628,0.4051773792258011,0.8926625790129405
0.7300656791645095,0.4928473271207781,0.8580098595473791,0.4299046087248168,-0.6112892027882,-0.6092978521563784,-0.5490753080952092,-0.7205644320552427,15.887977961781596,-1.3284467137237712,-0.2477227419383376,0.4882521290199685,1.075234606031608,0.8348212353991185,1.127626115548902,0.3811127112412304,0.3885686974597827,2.054314583896062,1.936869945974428,16.412502635415628,0.4051773792258011,0.8926625790129405,1.3415840576783975,1.4146492545814389,0.9472885131452334,0.6301345501201385,-0.7461320200288688,-0.7437377660202333,0.3931539299147534,1.9685013187232776,16.569699856706784,1.4671443224499237,0.3219263586104645
0.4882521290199685,1.075234606031608,0.8348212353991185,1.127626115548902,0.3811127112412304,0.3885686974597827,2.054314583896062,1.936869945974428,16.412502635415628,0.4051773792258011,0.8926625790129405,1.3415840576783975,1.4146492545814389,0.9472885131452334,0.6301345501201385,-0.7461320200288688,-0.7437377660202333,0.3931539299147534,1.9685013187232776,16.569699856706784,1.4671443224499237,0.3219263586104645,1.3009669281288372,0.7629780193213163,0.3445641394749437,-0.1231168703175304,-0.6856258426494874,-0.6844589587805532,-0.903682552733634,0.5035675956458511,16.242426182681893,1.1104857361542742,-1.4813604485916108
1.3415840576783975,1.4146492545814389,0.9472885131452334,0.6301345501201385,-0.7461320200288688,-0.7437377660202333,0.3931539299147534,1.9685013187232776,16.569699856706784,1.4671443224499237,0.3219263586104645,1.3009669281288372,0.7629780193213163,0.3445641394749437,-0.1231168703175304,-0.6856258426494874,-0.6844589587805532,-0.903682552733634,0.5035675956458511,16.242426182681893,1.1104857361542742,-1.4813604485916108,-0.387218093122616,-1.4156487982370372,-2.0743829697329037,-1.7577078282855143,-0.9744322246122472,-0.9776672468032902,-0.5934713195185121,-0.2188830014935701,16.07560570367793,0.5167394436461821,-0.5550700536359834
1.3009669281288372,0.7629780193213163,0.3445641394749437,-0.1231168703175304,-0.6856258426494874,-0.6844589587805532,-0.903682552733634,0.5035675956458511,16.242426182681893,1.1104857361542742,-1.4813604485916108,-0.387218093122616,-1.4156487982370372,-2.0743829697329037,-1.7577078282855143,-0.9744322246122472,-0.9776672468032902,-0.5934713195185121,-0.2188830014935701,16.07560570367793,0.5167394436461821,-0.5550700536359834,-1.9793023268756615,-1.6976190381982672,-1.7236668912463102,-1.6329315290621398,-0.1786501136125443,-0.1740998181390043,-0.9662165081730628,-1.183257860810521,15.653310541521206,-0.7291816987896551,-0.0245359664589268
-0.387218093122616,-1.4156487982370372,-2.0743829697329037,-1.7577078282855143,-0.9744322246122472,-0.9776672468032902,-0.5934713195185121,-0.2188830014935701,16.07560570367793,0.5167394436461821,-0.5550700536359834,-1.9793023268756615,-1.6976190381982672,-1.7236668912463102,-1.6329315290621398,-0.1786501136125443,-0.1740998181390043,-0.9662165081730628,-1.183257860810521,15.653310541521206,-0.7291816987896551,-0.0245359664589268,-1.6576848298798943,-1.6145309293578611,-1.6929256809958468,-1.5666290426881953,-0.2185387490037769,-0.2142520008702408,1.2012725254872172,-0.153274921494092,16.024455186403316,-0.6513493301760294,0.5793957584802346
-1.9793023268756615,-1.6976190381982672,-1.7236668912463102,-1.6329315290621398,-0.1786501136125443,-0.1740998181390043,-0.9662165081730628,-1.183257860810521,15.653310541521206,-0.7291816987896551,-0.0245359664589268,-1.6576848298798943,-1.6145309293578611,-1.6929256809958468,-1.5666290426881953,-0.2185387490037769,-0.2142520008702408,1.2012725254872172,-0.153274921494092,16.024455186403316,-0.6513493301760294,0.5793957584802346,-1.1596518299428735,-0.6521297833931735,-0.9310925043604746,-1.1481502316835757,0.6714024594098501,0.6751045393626899,-0.2527647550610781,-0.2942478695078279,15.933860384188964,0.2671128189145661,0.7274603742528382
-1.6576848298798943,-1.6145309293578611,-1.6929256809958468,-1.5666290426881953,-0.2185387490037769,-0.2142520008702408,1.2012725254872172,-0.153274921494092,16.024455186403316,-0.6513493301760294,0.5793957584802346,-1.1596518299428735,-0.6521297833931735,-0.9310925043604746,-1.1481502316835757,0.6714024594098501,0.6751045393626899,-0.2527647550610781,-0.2942478695078279,15.933860384188964,0.2671128189145661,0.7274603742528382,-0.6793200444560941,-0.9546813875531388,-0.8327808357901673,-0.5474714651381954,0.8563600987590083,0.859356716331775,0.2843936424690683,0.3091255647997537,16.03008388283521,-0.7096938360026634,-0.1551840036676348
-1.1596518299428735,-0.6521297833931735,-0.9310925043604746,-1.1481502316835757,0.6714024594098501,0.6751045393626899,-0.2527647550610781,-0.2942478695078279,15.933860384188964,0.2671128189145661,0.7274603742528382,-0.6793200444560941,-0.9546813875531388,-0.8327808357901673,-0.5474714651381954,0.8563600987590083,0.859356716331775,0.2843936424690683,0.3091255647997537,16.03008388283521,-0.7096938360026634,-0.1551840036676348,-0.7890817472324828,-0.6121665797848425,-1.4574909632971422,-1.5470703338822671,-1.549099285444105,-1.5599368411485637,0.8424650424479475,1.319433362146557,16.337961917837756,1.520519963584866,0.5669918411572883
-0.6793200444560941,-0.9546813875531388,-0.8327808357901673,-0.5474714651381954,0.8563600987590083,0.859356716331775,0.2843936424690683,0.3091255647997537,16.03008388283521,-0.7096938360026634,-0.1551840036676348,-0.7890817472324828,-0.6121665797848425,-1.4574909632971422,-1.5470703338822671,-1.549099285444105,-1.5599368411485637,0.8424650424479475,1.319433362146557,16.337961917837756,1.520519963584866,0.5669918411572883,-1.823729387860474,-1.356639371512876,-1.5893780797372594,-1.1368898134440322,0.4652454492759844,0.4691690947357005,-1.0867224504334865,-0.5074586432387534,15.93599818905323,0.1956713273980677,0.5621118828344548
-0.7890817472324828,-0.6121665797848425,-1.4574909632971422,-1.5470703338822671,-1.549099285444105,-1.5599368411485637,0.8424650424479475,1.319433362146557,16.337961917837756,1.520519963584866,0.5669918411572883,-1.823729387860474,-1.356639371512876,-1.5893780797372594,-1.1368898134440322,0.4652454492759844,0.4691690947357005,-1.0867224504334865,-0.5074586432387534,15.93599818905323,0.1956713273980677,0.5621118828344548,-0.9995216034389937,-0.6470374341074064,-0.5489561467954097,-0.4661550878959991,1.3778351077983595,1.371983684704574,0.1580916743438518,-0.0944801567589473,15.972017417750614,-0.4926764323503126,1.469892547527135
-1.823729387860474,-1.356639371512876,-1.5893780797372594,-1.1368898134440322,0.4652454492759844,0.4691690947357005,-1.0867224504334865,-0.5074586432387534,15.93599818905323,0.1956713273980677,0.5621118828344548,-0.9995216034389937,-0.6470374341074064,-0.5489561467954097,-0.4661550878959991,1.3778351077983595,1.371983684704574,0.1580916743438518,-0.0944801567589473,15.972017417750614,-0.4926764323503126,1.469892547527135,0.2160069947455763,-0.1015509475044817,-1.8963974098567968,-2.2231742812721222,-2.1105979497151,-2.121778938489881,1.8407602539740395,2.2369752488904617,16.506380757678528,2.4713343017802107,-1.2602089899960751
-0.9995216034389937,-0.6470374341074064,-0.5489561467954097,-0.4661550878959991,1.3778351077983595,1.371983684704574,0.1580916743438518,-0.0944801567589473,15.972017417750614,-0.4926764323503126,1.469892547527135,0.2160069947455763,-0.1015509475044817,-1.8963974098567968,-2.2231742812721222,-2.1105979497151,-2.121778938489881,1.8407602539740395,2.2369752488904617,16.506380757678528,2.4713343017802107,-1.2602089899960751,-1.5600693044209872,-2.1735887797262916,-1.222492596127249,-1.354896067350032,1.017751620592246,1.0108102321479009,-0.8411300575627633,0.7147124220206423,16.21774196159912,-0.5656741900098414,-0.1383538912056109
0.2160069947455763,-0.1015509475044817,-1.8963974098567968,-2.2231742812721222,-2.1105979497151,-2.121778938489881,1.8407602539740395,2.2369752488904617,16.506380757678528,2.4713343017802107,-1.2602089899960751,-1.5600693044209872,-2.1735887797262916,-1.222492596127249,-1.354896067350032,1.017751620592246,1.0108102321479009,-0.8411300575627633,0.7147124220206423,16.21774196159912,-0.5656741900098414,-0.1383538912056109,-1.0863119757760773,-1.295520714462553,-1.2340406862051827,-1.101069286234988,0.2405205457160462,0.2440530355892468,-0.446461523625673,0.1917054422188823,16.107944400922243,0.2908411435781156,-0.502358933666706
-1.5600693044209872,-2.1735887797262916,-1.222492596127249,-1.354896067350032,1.017751620592246,1.0108102321479009,-0.8411300575627633,0.7147124220206423,16.21774196159912,-0.5656741900098414,-0.1383538912056109,-1.0863119757760773,-1.295520714462553,-1.2340406862051827,-1.101069286234988,0.2405205457160462,0.2440530355892468,-0.446461523625673,0.1917054422188823,16.107944400922243,0.2908411435781156,-0.502358933666706,-1.0301191508534382,-1.1958287511314685,-1.4741608392794237,-0.015482412441842,1.092950118706009,1.0821234560471809,-0.0241704574838254,0.1903314060917102,16.193435100247,0.7528195607596837,0.4903463727143577
-1.0863119757760773,-1.295520714462553,-1.2340406862051827,-1.101069286234988,0.2405205457160462,0.2440530355892468,-0.446461523625673,0.1917054422188823,16.107944400922243,0.2908411435781156,-0.502358933666706,-1.0301191508534382,-1.1958287511314685,-1.4741608392794237,-0.015482412441842,1.092950118706009,1.0821234560471809,-0.0241704574838254,0.1903314060917102,16.193435100247,0.7528195607596837,0.4903463727143577,0.4892850908389053,1.037108822114438,1.1395046876759864,1.6070149260515283,1.5222439963099754,1.5016243239723923,0.1628769663391275,0.4436645645853382,16.299858801872727,-0.4728908959754871,1.9114654352748413
-1.0301191508534382,-1.1958287511314685,-1.4741608392794237,-0.015482412441842,1.092950118706009,1.0821234560471809,-0.0241704574838254,0.1903314060917102,16.193435100247,0.7528195607596837,0.4903463727143577,0.4892850908389053,1.037108822114438,1.1395046876759864,1.6070149260515283,1.5222439963099754,1.5016243239723923,0.1628769663391275,0.4436645645853382,16.299858801872727,-0.4728908959754871,1.9114654352748413,0.948634926818546,1.1653771004170814,1.3346702964756667,1.2885290204236552,-0.194735253920011,-0.1865463213950953,-0.6503860553007429,-0.4851075905449911,16.149730064617657,-0.63559956676435,-0.8225515726048513
0.4892850908389053,1.037108822114438,1.1395046876759864,1.6070149260515283,1.5222439963099754,1.5016243239723923,0.1628769663391275,0.4436645645853382,16.299858801872727,-0.4728908959754871,1.9114654352748413,0.948634926818546,1.1653771004170814,1.3346702964756667,1.2885290204236552,-0.194735253920011,-0.1865463213950953,-0.6503860553007429,-0.4851075905449911,16.149730064617657,-0.63559956676435,-0.8225515726048513,1.4745491127493633,1.7260974316331132,1.3381571594191808,1.800026548511857,0.8676955189597111,0.8638871528374329,-0.3829651499572717,-0.8451171169610342,16.069703512566118,0.3341744498244628,1.269078153519378
0.948634926818546,1.1653771004170814,1.3346702964756667,1.2885290204236552,-0.194735253920011,-0.1865463213950953,-0.6503860553007429,-0.4851075905449911,16.149730064617657,-0.63559956676435,-0.8225515726048513,1.4745491127493633,1.7260974316331132,1.3381571594191808,1.800026548511857,0.8676955189597111,0.8638871528374329,-0.3829651499572717,-0.8451171169610342,16.069703512566118,0.3341744498244628,1.269078153519378,2.103227073167292,1.9210269669249789,1.9543750225235257,1.5566489313738696,0.0508837477932786,0.0574352236334054,0.6824007392533521,0.2404165639497713,16.274312851203508,-0.570660520995536,0.2301835775642575
1.4745491127493633,1.7260974316331132,1.3381571594191808,1.800026548511857,0.8676955189597111,0.8638871528374329,-0.3829651499572717,-0.8451171169610342,16.069703512566118,0.3341744498244628,1.269078153519378,2.103227073167292,1.9210269669249789,1.9543750225235257,1.5566489313738696,0.0508837477932786,0.0574352236334054,0.6824007392533521,0.2404165639497713,16.274312851203508,-0.570660520995536,0.2301835775642575,1.557597936303128,1.5821157848029386,1.6407339809212165,1.322586558262833,-0.1267031158366205,-0.1186740710605678,-0.6096936254308045,-0.6135073900133609,16.149933504673438,-0.7296598929815723,0.253392771805255
2.103227073167292,1.9210269669249789,1.9543750225235257,1.5566489313738696,0.0508837477932786,0.0574352236334054,0.6824007392533521,0.2404165639497713,16.274312851203508,-0.570660520995536,0.2301835775642575,1.557597936303128,1.5821157848029386,1.6407339809212165,1.322586558262833,-0.1267031158366205,-0.1186740710605678,-0.6096936254308045,-0.6135073900133609,16.149933504673438,-0.7296598929815723,0.253392771805255,1.8313302089844277,1.9884331260636243,1.7946261509543873,1.888963460659449,1.6370003850521593,1.6128959181143103,1.3591228775282935,1.2680639512946936,16.565789827194205,0.0506335069190528,1.4828095604213611
1.557597936303128,1.5821157848029386,1.6407339809212165,1.322586558262833,-0.1267031158366205,-0.1186740710605678,-0.6096936254308045,-0.6135073900133609,16.149933504673438,-0.7296598929815723,0.253392771805255,1.8313302089844277,1.9884331260636243,1.7946261509543873,1.888963460659449,1.6370003850521593,1.6128959181143103,1.3591228775282935,1.2680639512946936,16.565789827194205,0.0506335069190528,1.4828095604213611,1.7621261411448224,1.5822112256621743,1.7221288480717487,1.5665515843146836,-0.5931174860264069,-0.5932020778448338,1.3599269881564688,2.4781089729603294,16.909584819833892,-1.4115923502374614,-0.046026661350092
1.8313302089844277,1.9884331260636243,1.7946261509543873,1.888963460659449,1.6370003850521593,1.6128959181143103,1.3591228775282935,1.2680639512946936,16.565789827194205,0.0506335069190528,1.4828095604213611,1.7621261411448224,1.5822112256621743,1.7221288480717487,1.5665515843146836,-0.5931174860264069,-0.5932020778448338,1.3599269881564688,2.4781089729603294,16.909584819833892,-1.4115923502374614,-0.046026661350092,1.6837826894611705,1.5899510161785038,1.540356076060048,1.3838426318438704,-0.4516331635509473,-0.450007232683828,-1.6718538621134231,-0.3728768719290324,16.367351372667443,-0.5805297192464199,-0.4439060448659685
1.7621261411448224,1.5822112256621743,1.7221288480717487,1.5665515843146836,-0.5931174860264069,-0.5932020778448338,1.3599269881564688,2.4781089729603294,16.909584819833892,-1.4115923502374614,-0.046026661350092,1.6837826894611705,1.5899510161785038,1.540356076060048,1.3838426318438704,-0.4516331635509473,-0.450007232683828,-1.6718538621134231,-0.3728768719290324,16.367351372667443,-0.5805297192464199,-0.4439060448659685,1.2597585858949851,1.0738859600194592,0.9767424576436324,1.134515690507136,-0.9816363308867664,-0.9882471926232504,-0.1774828794303505,-0.4198838482437095,16.37992138582939,0.0830869413501457,-1.1735712922673824
1.6837826894611705,1.5899510161785038,1.540356076060048,1.3838426318438704,-0.4516331635509473,-0.450007232683828,-1.6718538621134231,-0.3728768719290324,16.367351372667443,-0.5805297192464199,-0.4439060448659685,1.2597585858949851,1.0738859600194592,0.9767424576436324,1.134515690507136,-0.9816363308867664,-0.9882471926232504,-0.1774828794303505,-0.4198838482437095,16.37992138582939,0.0830869413501457,-1.1735712922673824,0.9653442504225092,1.2909701077360485,1.2399759396237255,1.1976733124303407,-0.1391357441900962,-0.1343047238878053,0.6817987058988676,0.3427900508473782,16.621497849155134,0.1232484086288354,0.3110006329227976
1.2597585858949851,1.0738859600194592,0.9767424576436324,1.134515690507136,-0.9816363308867664,-0.9882471926232504,-0.1774828794303505,-0.4198838482437095,16.37992138582939,0.0830869413501457,-1.1735712922673824,0.9653442504225092,1.2909701077360485,1.2399759396237255,1.1976733124303407,-0.1391357441900962,-0.1343047238878053,0.6817987058988676,0.3427900508473782,16.621497849155134,0.1232484086288354,0.3110006329227976,1.2804318398292545,1.0983713161921207,0.9729328314925269,0.9730683011913688,-0.7024585091571768,-0.7071566532655634,-0.6373422063588668,-0.2957202270990207,16.482794387999217,0.7086453001367387,-1.0730338644010868
0.9653442504225092,1.2909701077360485,1.2399759396237255,1.1976733124303407,-0.1391357441900962,-0.1343047238878053,0.6817987058988676,0.3427900508473782,16.621497849155134,0.1232484086288354,0.3110006329227976,1.2804318398292545,1.0983713161921207,0.9729328314925269,0.9730683011913688,-0.7024585091571768,-0.7071566532655634,-0.6373422063588668,-0.2957202270990207,16.482794387999217,0.7086453001367387,-1.0730338644010868,0.8436252957303271,0.6039774068361001,0.9254072533654704,0.8057372307600271,-0.717008839326036,-0.7220640534333312,-1.2222630204096792,-1.387055368373247,16.05605012638752,-1.761657746644618,-0.6556426845122234
1.2804318398292545,1.0983713161921207,0.9729328314925269,0.9730683011913688,-0.7024585091571768,-0.7071566532655634,-0.6373422063588668,-0.2957202270990207,16.482794387999217,0.7086453001367387,-1.0730338644010868,0.8436252957303271,0.6039774068361001,0.9254072533654704,0.8057372307600271,-0.717008839326036,-0.7220640534333312,-1.2222630204096792,-1.387055368373247,16.05605012638752,-1.761657746644618,-0.6556426845122234,0.573829031684551,0.7218025416904063,0.848974189607949,1.0032744786273944,0.1491221829911296,0.1560880210319672,0.8666453946553822,-0.642472062246751,16.36435406355055,-0.6204237335908332,-0.0215565027730829
0.8436252957303271,0.6039774068361001,0.9254072533654704,0.8057372307600271,-0.717008839326036,-0.7220640534333312,-1.2222630204096792,-1.387055368373247,16.05605012638752,-1.761657746644618,-0.6556426845122234,0.573829031684551,0.7218025416904063,0.848974189607949,1.0032744786273944,0.1491221829911296,0.1560880210319672,0.8666453946553822,-0.642472062246751,16.36435406355055,-0.6204237335908332,-0.0215565027730829,1.1475926681103117,1.237370814752503,1.138982173725542,1.2079612064904166,-0.0224675440842719,-0.0174295436337799,0.3624015046266475,-0.1280319057028136,16.540699776742624,0.334154847607857,1.2060534818109676
0.573829031684551,0.7218025416904063,0.848974189607949,1.0032744786273944,0.1491221829911296,0.1560880210319672,0.8666453946553822,-0.642472062246751,16.36435406355055,-0.6204237335908332,-0.0215565027730829,1.1475926681103117,1.237370814752503,1.138982173725542,1.2079612064904166,-0.0224675440842719,-0.0174295436337799,0.3624015046266475,-0.1280319057028136,16.540699776742624,0.334154847607857,1.2060534818109676,0.869338856971075,0.5117205928621757,1.0993206619967208,1.0003206639215594,-1.005706205281455,-1.0176275600089058,-1.5796196742663144,-1.6556834374119505,15.6911056863683,-1.3827680843965175,-1.184960413074573
1.1475926681103117,1.237370814752503,1.138982173725542,1.2079612064904166,-0.0224675440842719,-0.0174295436337799,0.3624015046266475,-0.1280319057028136,16.540699776742624,0.334154847607857,1.2060534818109676,0.869338856971075,0.5117205928621757,1.0993206619967208,1.0003206639215594,-1.005706205281455,-1.0176275600089058,-1.5796196742663144,-1.6556834374119505,15.6911056863683,-1.3827680843965175,-1.184960413074573,0.0865546336324003,1.4154862003494326,0.9675335356886918,2.0021923616232233,1.9178801448535483,1.910374245471949,1.694943878015796,-0.4393501980187166,16.26487646851484,1.018500860242507,1.660112520547291
0.869338856971075,0.5117205928621757,1.0993206619967208,1.0003206639215594,-1.005706205281455,-1.0176275600089058,-1.5796196742663144,-1.6556834374119505,15.6911056863683,-1.3827680843965175,-1.184960413074573,0.0865546336324003,1.4154862003494326,0.9675335356886918,2.0021923616232233,1.9178801448535483,1.910374245471949,1.694943878015796,-0.4393501980187166,16.26487646851484,1.018500860242507,1.660112520547291,1.9631243384292123,2.3019380866666745,2.1650899686357254,2.300929378542104,1.8368611673778967,1.8295433219865749,0.4538055505070565,0.7734457469344046,16.46660239580332,0.9457969733490889,0.9088710081633304
0.0865546336324003,1.4154862003494326,0.9675335356886918,2.0021923616232233,1.9178801448535483,1.910374245471949,1.694943878015796,-0.4393501980187166,16.26487646851484,1.018500860242507,1.660112520547291,1.9631243384292123,2.3019380866666745,2.1650899686357254,2.300929378542104,1.8368611673778967,1.8295433219865749,0.4538055505070565,0.7734457469344046,16.46660239580332,0.9457969733490889,0.9088710081633304,2.3112052513618395,1.9730499704514304,1.7738586985935263,0.958476766510836,-1.868935629929352,-1.8824595329057887,-0.5591481600154954,0.0704806590118025,16.301599924733395,1.493790697479202,-1.2699175324226657
1.9631243384292123,2.3019380866666745,2.1650899686357254,2.300929378542104,1.8368611673778967,1.8295433219865749,0.4538055505070565,0.7734457469344046,16.46660239580332,0.9457969733490889,0.9088710081633304,2.3112052513618395,1.9730499704514304,1.7738586985935263,0.958476766510836,-1.868935629929352,-1.8824595329057887,-0.5591481600154954,0.0704806590118025,16.301599924733395,1.493790697479202,-1.2699175324226657,1.1758739629606254,0.9336513485403084,1.6206763936329918,1.409673965994669,0.7119818055713633,0.7122309149456109,-0.9178221542814108,-1.0621542253773306,15.876966448147188,-1.1090087562122095,-0.0684172327780467
2.3112052513618395,1.9730499704514304,1.7738586985935263,0.958476766510836,-1.868935629929352,-1.8824595329057887,-0.5591481600154954,0.0704806590118025,16.301599924733395,1.493790697479202,-1.2699175324226657,1.1758739629606254,0.9336513485403084,1.6206763936329918,1.409673965994669,0.7119818055713633,0.7122309149456109,-0.9178221542814108,-1.0621542253773306,15.876966448147188,-1.1090087562122095,-0.0684172327780467,1.287581071674825,0.8309206718055608,0.9257750729075512,0.966389075829952,-0.6373357929489056,-0.6334609472196113,0.4732632437975175,-0.1213100395891311,16.069923900531684,0.1415379594068695,-1.2725992195902238
1.1758739629606254,0.9336513485403084,1.6206763936329918,1.409673965994669,0.7119818055713633,0.7122309149456109,-0.9178221542814108,-1.0621542253773306,15.876966448147188,-1.1090087562122095,-0.0684172327780467,1.287581071674825,0.8309206718055608,0.9257750729075512,0.966389075829952,-0.6373357929489056,-0.6334609472196113,0.4732632437975175,-0.1213100395891311,16.069923900531684,0.1415379594068695,-1.2725992195902238,0.5713066624255327,0.3417984529330139,0.8475794920810816,0.1940757827603731,-1.0665715203507304,-1.0675259396645338,-0.5011464064216538,-0.5363505201759712,15.86196405300941,-0.8647108673227067,-1.0190925432363718
1.287581071674825,0.8309206718055608,0.9257750729075512,0.966389075829952,-0.6373357929489056,-0.6334609472196113,0.4732632437975175,-0.1213100395891311,16.069923900531684,0.1415379594068695,-1.2725992195902238,0.5713066624255327,0.3417984529330139,0.8475794920810816,0.1940757827603731,-1.0665715203507304,-1.0675259396645338,-0.5011464064216538,-0.5363505201759712,15.86196405300941,-0.8647108673227067,-1.0190925432363718,0.1944614267318688,0.2824921239463489,0.7097227220297052,0.6900249652027062,0.4836126794483989,0.4870275546130277,0.123604806620657,-0.1714102565952331,15.965771751551213,-0.7639713453090533,0.1590662644994781
0.5713066624255327,0.3417984529330139,0.8475794920810816,0.1940757827603731,-1.0665715203507304,-1.0675259396645338,-0.5011464064216538,-0.5363505201759712,15.86196405300941,-0.8647108673227067,-1.0190925432363718,0.1944614267318688,0.2824921239463489,0.7097227220297052,0.6900249652027062,0.4836126794483989,0.4870275546130277,0.123604806620657,-0.1714102565952331,15.965771751551213,-0.7639713453090533,0.1590662644994781,0.958544030118296,1.071743758379664,1.3750298412087971,0.598186814669899,-0.178575007581568,-0.1726205118363439,-0.1628923846150224,-0.0994497567821451,15.925966274356016,-0.3867973932282221,-0.721843666042199
0.1944614267318688,0.2824921239463489,0.7097227220297052,0.6900249652027062,0.4836126794483989,0.4870275546130277,0.123604806620657,-0.1714102565952331,15.965771751551213,-0.7639713453090533,0.1590662644994781,0.958544030118296,1.071743758379664,1.3750298412087971,0.598186814669899,-0.178575007581568,-0.1726205118363439,-0.1628923846150224,-0.0994497567821451,15.925966274356016,-0.3867973932282221,-0.721843666042199,0.3902315593529865,-0.1678162941464989,-0.0751853932974069,-0.1146439902483201,-0.6461388266120788,-0.643389749574591,0.3797211308646487,0.9485406361490756,16.07353762365068,-0.1990556210145927,0.0657871330555053
0.958544030118296,1.071743758379664,1.3750298412087971,0.598186814669899,-0.178575007581568,-0.1726205118363439,-0.1628923846150224,-0.0994497567821451,15.925966274356016,-0.3867973932282221,-0.721843666042199,0.3902315593529865,-0.1678162941464989,-0.0751853932974069,-0.1146439902483201,-0.6461388266120788,-0.643389749574591,0.3797211308646487,0.9485406361490756,16.07353762365068,-0.1990556210145927,0.0657871330555053,-0.7511039988627305,-1.5818503944210671,-1.188466767941533,-1.8939075921536792,-1.1624708802967956,-1.166786830444641,0.2750236191329491,1.4708422206462732,16.237512994849617,-0.8423172337231553,-1.5835549424309416
0.3902315593529865,-0.1678162941464989,-0.0751853932974069,-0.1146439902483201,-0.6461388266120788,-0.643389749574591,0.3797211308646487,0.9485406361490756,16.07353762365068,-0.1990556210145927,0.0657871330555053,-0.7511039988627305,-1.5818503944210671,-1.188466767941533,-1.8939075921536792,-1.1624708802967956,-1.166786830444641,0.2750236191329491,1.4708422206462732,16.237512994849617,-0.8423172337231553,-1.5835549424309416,-0.9735134785004234,-1.2116008736908042,-1.4017017895263273,-1.5479390305744387,0.0873851849484034,0.0935395672319394,-1.0537765780072763,-0.0103269065685951,15.978971620074354,-0.2827802200074057,0.385481667780684
-0.7511039988627305,-1.5818503944210671,-1.188466767941533,-1.8939075921536792,-1.1624708802967956,-1.166786830444641,0.2750236191329491,1.4708422206462732,16.237512994849617,-0.8423172337231553,-1.5835549424309416,-0.9735134785004234,-1.2116008736908042,-1.4017017895263273,-1.5479390305744387,0.0873851849484034,0.0935395672319394,-1.0537765780072763,-0.0103269065685951,15.978971620074354,-0.2827802200074057,0.385481667780684,-1.2571674103559642,-1.104371988295366,-1.1516630204753031,-1.3403188793651295,0.2338947532274505,0.238506057659908,-0.3835403487064515,-0.1564077216875432,15.855990482922447,-0.4272843848981521,0.0601378733318075
-0.9735134785004234,-1.2116008736908042,-1.4017017895263273,-1.5479390305744387,0.0873851849484034,0.0935395672319394,-1.0537765780072763,-0.0103269065685951,15.978971620074354,-0.2827802200074057,0.385481667780684,-1.2571674103559642,-1.104371988295366,-1.1516630204753031,-1.3403188793651295,0.2338947532274505,0.238506057659908,-0.3835403487064515,-0.1564077216875432,15.855990482922447,-0.4272843848981521,0.0601378733318075,-1.71811854444963,-1.7190995050793092,-1.690741965809042,-1.2531780472355416,-0.0720179498811965,-0.0680234291851396,0.4219988043115665,0.5441339242667875,15.916212120308824,-0.5648583236811322,0.4971680905499031
-1.2571674103559642,-1.104371988295366,-1.1516630204753031,-1.3403188793651295,0.2338947532274505,0.238506057659908,-0.3835403487064515,-0.1564077216875432,15.855990482922447,-0.4272843848981521,0.0601378733318075,-1.71811854444963,-1.7190995050793092,-1.690741965809042,-1.2531780472355416,-0.0720179498811965,-0.0680234291851396,0.4219988043115665,0.5441339242667875,15.916212120308824,-0.5648583236811322,0.4971680905499031,-1.5150359258421453,-0.6412300424626399,-0.9891690136710748,-0.1318764000698935,1.5788963291312648,1.5725419066305282,0.1663746953168402,0.6634160972467522,15.960798476103443,1.2018823851803206,1.7323265386976354
-1.71811854444963,-1.7190995050793092,-1.690741965809042,-1.2531780472355416,-0.0720179498811965,-0.0680234291851396,0.4219988043115665,0.5441339242667875,15.916212120308824,-0.5648583236811322,0.4971680905499031,-1.5150359258421453,-0.6412300424626399,-0.9891690136710748,-0.1318764000698935,1.5788963291312648,1.5725419066305282,0.1663746953168402,0.6634160972467522,15.960798476103443,1.2018823851803206,1.7323265386976354,-0.539800904879805,-0.2988449948679551,-1.7751779674508616,-2.038374246200829,-2.0990414094642498,-2.1122711106801337,2.372601899614038,2.482002867494568,16.472155247856545,2.7444704992327473,-1.6364502006991606
-1.5150359258421453,-0.6412300424626399,-0.9891690136710748,-0.1318764000698935,1.5788963291312648,1.5725419066305282,0.1663746953168402,0.6634160972467522,15.960798476103443,1.2018823851803206,1.7323265386976354,-0.539800904879805,-0.2988449948679551,-1.7751779674508616,-2.038374246200829,-2.0990414094642498,-2.1122711106801337,2.372601899614038,2.482002867494568,16.472155247856545,2.7444704992327473,-1.6364502006991606,-1.8198467603689437,-1.898982722191269,-1.4584638995651946,-1.2201822961330226,0.7616999393116414,0.7588118020965928,-1.7547573414118134,-0.8483240186458774,15.787464462154755,-0.6614639542791232,0.7557936774887092
-0.539800904879805,-0.2988449948679551,-1.7751779674508616,-2.038374246200829,-2.0990414094642498,-2.1122711106801337,2.372601899614038,2.482002867494568,16.472155247856545,2.7444704992327473,-1.6364502006991606,-1.8198467603689437,-1.898982722191269,-1.4584638995651946,-1.2201822961330226,0.7616999393116414,0.7588118020965928,-1.7547573414118134,-0.8483240186458774,15.787464462154755,-0.6614639542791232,0.7557936774887092,-0.782135207595131,-0.3059691213865363,-0.1744638314058196,-0.4553897472019547,0.9568132393124728,0.9503770581743864,1.4280827644725291,0.8185367348424356,16.243661742129554,-0.2314463926712982,1.0887879413042234
-1.8198467603689437,-1.898982722191269,-1.4584638995651946,-1.2201822961330226,0.7616999393116414,0.7588118020965928,-1.7547573414118134,-0.8483240186458774,15.787464462154755,-0.6614639542791232,0.7557936774887092,-0.782135207595131,-0.3059691213865363,-0.1744638314058196,-0.4553897472019547,0.9568132393124728,0.9503770581743864,1.4280827644725291,0.8185367348424356,16.243661742129554,-0.2314463926712982,1.0887879413042234,0.4841263967434037,0.2819594876124194,0.4397700682906983,0.3891442369025262,0.786658646216858,0.7831106351044045,-0.3389381812245451,0.3677560603445478,16.206573543754452,-0.2214726368977673,0.6211638255923808
-0.782135207595131,-0.3059691213865363,-0.1744638314058196,-0.4553897472019547,0.9568132393124728,0.9503770581743864,1.4280827644725291,0.8185367348424356,16.243661742129554,-0.2314463926712982,1.0887879413042234,0.4841263967434037,0.2819594876124194,0.4397700682906983,0.3891442369025262,0.786658646216858,0.7831106351044045,-0.3389381812245451,0.3677560603445478,16.206573543754452,-0.2214726368977673,0.6211638255923808,0.4420335808670292,1.7841889847710874,0.8309510492767016,2.132305741709929,1.5591877785537047,1.5392126115848388,0.3065776333055776,0.9527088964852136,16.381928144741753,1.3394231052981982,1.6378141528763892
0.4841263967434037,0.2819594876124194,0.4397700682906983,0.3891442369025262,0.786658646216858,0.7831106351044045,-0.3389381812245451,0.3677560603445478,16.206573543754452,-0.2214726368977673,0.6211638255923808,0.4420335808670292,1.7841889847710874,0.8309510492767016,2.132305741709929,1.5591877785537047,1.5392126115848388,0.3065776333055776,0.9527088964852136,16.381928144741753,1.3394231052981982,1.6378141528763892,2.3790436110996636,1.950000005658403,2.1552778222921214,1.495131302455838,-0.3486737339649177,-0.3405321977589179,1.9048893729691043,2.454140349546716,17.106331197046142,-0.0492675734490207,-0.193221233271861
0.4420335808670292,1.7841889847710874,0.8309510492767016,2.132305741709929,1.5591877785537047,1.5392126115848388,0.3065776333055776,0.9527088964852136,16.381928144741753,1.3394231052981982,1.6378141528763892,2.3790436110996636,1.950000005658403,2.1552778222921214,1.495131302455838,-0.3486737339649177,-0.3405321977589179,1.9048893729691043,2.454140349546716,17.106331197046142,-0.0492675734490207,-0.193221233271861,0.5520724178471775,0.5734170694726478,-1.016870014667563,-0.944839310235076,-1.9467941568946925,-1.959787048218344,-0.4367595666025576,1.373736849495424,17.105344293032275,2.0085555110975672,-1.5860324732314433
2.3790436110996636,1.950000005658403,2.1552778222921214,1.495131302455838,-0.3486737339649177,-0.3405321977589179,1.9048893729691043,2.454140349546716,17.106331197046142,-0.0492675734490207,-0.193221233271861,0.5520724178471775,0.5734170694726478,-1.016870014667563,-0.944839310235076,-1.9467941568946925,-1.959787048218344,-0.4367595666025576,1.373736849495424,17.105344293032275,2.0085555110975672,-1.5860324732314433,-1.137490351473478,-1.06689513370341,-0.884198356937986,-0.8522653414696633,0.0344783247212126,0.0433303380588558,-1.2261869007701738,-0.5011731882665131,16.543572580166387,-0.3622984305078638,-0.3905343726554811
0.5520724178471775,0.5734170694726478,-1.016870014667563,-0.944839310235076,-1.9467941568946925,-1.959787048218344,-0.4367595666025576,1.373736849495424,17.105344293032275,2.0085555110975672,-1.5860324732314433,-1.137490351473478,-1.06689513370341,-0.884198356937986,-0.8522653414696633,0.0344783247212126,0.0433303380588558,-1.2261869007701738,-0.5011731882665131,16.543572580166387,-0.3622984305078638,-0.3905343726554811,-1.2427357170299018,-1.3592649876165062,-1.1817328597619912,-1.2113310881583332,-0.4418856844663348,-0.4313795616476776,-0.6994756705096912,-0.9692480936567648,16.305786185628275,-0.4524091633703517,-0.5809572271677887
-1.137490351473478,-1.06689513370341,-0.884198356937986,-0.8522653414696633,0.0344783247212126,0.0433303380588558,-1.2261869007701738,-0.5011731882665131,16.543572580166387,-0.3622984305078638,-0.3905343726554811,-1.2427357170299018,-1.3592649876165062,-1.1817328597619912,-1.2113310881583332,-0.4418856844663348,-0.4313795616476776,-0.6994756705096912,-0.9692480936567648,16.305786185628275,-0.4524091633703517,-0.5809572271677887,-0.8463657493624773,-0.7767014378363044,-0.1926791014438089,-0.1032928600184439,1.046741765530294,1.037661373741279,-0.5961441906282223,-1.1588571858887498,16.095379686012187,-0.9737739081045768,0.6144643024668821
-1.2427357170299018,-1.3592649876165062,-1.1817328597619912,-1.2113310881583332,-0.4418856844663348,-0.4313795616476776,-0.6994756705096912,-0.9692480936567648,16.305786185628275,-0.4524091633703517,-0.5809572271677887,-0.8463657493624773,-0.7767014378363044,-0.1926791014438089,-0.1032928600184439,1.046741765530294,1.037661373741279,-0.5961441906282223,-1.1588571858887498,16.095379686012187,-0.9737739081045768,0.6144643024668821,-1.028649864588146,-0.6926704680197537,-1.238569603858826,-0.2228797260205892,-0.1231132344712571,-0.1136938070822948,1.37495503468946,-0.0703797340206149,16.72270671087943,0.8291122703965577,-1.654348563627358
-0.8463657493624773,-0.7767014378363044,-0.1926791014438089,-0.1032928600184439,1.046741765530294,1.037661373741279,-0.5961441906282223,-1.1588571858887498,16.095379686012187,-0.9737739081045768,0.6144643024668821,-1.028649864588146,-0.6926704680197537,-1.238569603858826,-0.2228797260205892,-0.1231132344712571,-0.1136938070822948,1.37495503468946,-0.0703797340206149,16.72270671087943,0.8291122703965577,-1.654348563627358,0.0701617840838345,1.0283736365090606,0.6011385263477733,1.2829355444033703,1.4071252186056658,1.386138442500612,-0.7183131517776608,-0.6607783024930765,16.50020348950862,0.821574884783814,1.445025852111723
-1.028649864588146,-0.6926704680197537,-1.238569603858826,-0.2228797260205892,-0.1231132344712571,-0.1136938070822948,1.37495503468946,-0.0703797340206149,16.72270671087943,0.8291122703965577,-1.654348563627358,0.0701617840838345,1.0283736365090606,0.6011385263477733,1.2829355444033703,1.4071252186056658,1.386138442500612,-0.7183131517776608,-0.6607783024930765,16.50020348950862,0.821574884783814,1.445025852111723,1.0874192869241923,0.7444918115454368,1.2552007000454013,0.8981305002362454,-0.3257782325943557,-0.3156035072699908,-0.8433907885814729,-1.0871873701193795,16.057889172957573,-0.9090832723303196,-0.4269750846527142
0.0701617840838345,1.0283736365090606,0.6011385263477733,1.2829355444033703,1.4071252186056658,1.386138442500612,-0.7183131517776608,-0.6607783024930765,16.50020348950862,0.821574884783814,1.445025852111723,1.0874192869241923,0.7444918115454368,1.2552007000454013,0.8981305002362454,-0.3257782325943557,-0.3156035072699908,-0.8433907885814729,-1.0871873701193795,16.057889172957573,-0.9090832723303196,-0.4269750846527142,0.6302462573903715,0.1862524084881766,0.5170856194153663,0.3469641694185514,-0.532530728434281,-0.5245218525134129,0.0038971039295965,-0.8641093583328504,16.13879013533368,-0.6126988093417967,-0.5332078136708996
1.0874192869241923,0.7444918115454368,1.2552007000454013,0.8981305002362454,-0.3257782325943557,-0.3156035072699908,-0.8433907885814729,-1.0871873701193795,16.057889172957573,-0.9090832723303196,-0.4269750846527142,0.6302462573903715,0.1862524084881766,0.5170856194153663,0.3469641694185514,-0.532530728434281,-0.5245218525134129,0.0038971039295965,-0.8641093583328504,16.13879013533368,-0.6126988093417967,-0.5332078136708996,0.7122559553725522,1.1662645797197928,0.79034417670241,0.591142679929639,0.2057749775787579,0.2139661584536831,0.8904569019737663,-0.1828991747963352,16.6059208410912,0.7248910934662434,0.6219706555649036
0.6302462573903715,0.1862524084881766,0.5170856194153663,0.3469641694185514,-0.532530728434281,-0.5245218525134129,0.0038971039295965,-0.8641093583328504,16.13879013533368,-0.6126988093417967,-0.5332078136708996,0.7122559553725522,1.1662645797197928,0.79034417670241,0.591142679929639,0.2057749775787579,0.2139661584536831,0.8904569019737663,-0.1828991747963352,16.6059208410912,0.7248910934662434,0.6219706555649036,0.487769713836265,0.1605936754543253,0.5473559365596057,0.2986991384547292,-0.320790653064225,-0.3125494914710785,-0.7476401072825086,-0.5383813839730713,16.19112313244933,-0.5968160897243918,-0.2383255488001103
0.7122559553725522,1.1662645797197928,0.79034417670241,0.591142679929639,0.2057749775787579,0.2139661584536831,0.8904569019737663,-0.1828991747963352,16.6059208410912,0.7248910934662434,0.6219706555649036,0.487769713836265,0.1605936754543253,0.5473559365596057,0.2986991384547292,-0.320790653064225,-0.3125494914710785,-0.7476401072825086,-0.5383813839730713,16.19112313244933,-0.5968160897243918,-0.2383255488001103,0.0499675426871036,-0.207592516603453,0.2365096838005586,-0.0699653061829248,-0.4535942876321019,-0.4526590979395172,0.0982203383378057,0.0362510642554992,16.21827586197749,-0.949209518425276,0.2547753337599363
0.487769713836265,0.1605936754543253,0.5473559365596057,0.2986991384547292,-0.320790653064225,-0.3125494914710785,-0.7476401072825086,-0.5383813839730713,16.19112313244933,-0.5968160897243918,-0.2383255488001103,0.0499675426871036,-0.207592516603453,0.2365096838005586,-0.0699653061829248,-0.4535942876321019,-0.4526590979395172,0.0982203383378057,0.0362510642554992,16.21827586197749,-0.949209518425276,0.2547753337599363,-0.5431806591061163,-0.9532231333713992,-1.6069207974507616,-1.860762896890834,-1.910892153964435,-1.9396442416711372,1.1583360445777453,1.9055118552963168,16.689803802103775,1.5026125369826684,-1.3708516892592506
0.0499675426871036,-0.207592516603453,0.2365096838005586,-0.0699653061829248,-0.4535942876321019,-0.4526590979395172,0.0982203383378057,0.0362510642554992,16.21827586197749,-0.949209518425276,0.2547753337599363,-0.5431806591061163,-0.9532231333713992,-1.6069207974507616,-1.860762896890834,-1.910892153964435,-1.9396442416711372,1.1583360445777453,1.9055118552963168,16.689803802103775,1.5026125369826684,-1.3708516892592506,-1.6632501816649885,-1.7907445145227874,-1.512982668415383,-1.641395713284136,0.0783661723438216,0.0869987958040187,-0.6346914556712282,0.6696613211273793,16.479030578269505,-0.5392766425411128,0.0488295775565428
-0.5431806591061163,-0.9532231333713992,-1.6069207974507616,-1.860762896890834,-1.910892153964435,-1.9396442416711372,1.1583360445777453,1.9055118552963168,16.689803802103775,1.5026125369826684,-1.3708516892592506,-1.6632501816649885,-1.7907445145227874,-1.512982668415383,-1.641395713284136,0.0783661723438216,0.0869987958040187,-0.6346914556712282,0.6696613211273793,16.479030578269505,-0.5392766425411128,0.0488295775565428,-1.6669555768134765,-1.406112613357555,-1.2156887301750128,-0.9843412648349602,0.7474325830427522,0.749527125055798,-0.9064792011384604,-0.7929491075011098,16.069157580851343,-0.4636330200588186,0.7662712819728789
-1.6632501816649885,-1.7907445145227874,-1.512982668415383,-1.641395713284136,0.0783661723438216,0.0869987958040187,-0.6346914556712282,0.6696613211273793,16.479030578269505,-0.5392766425411128,0.0488295775565428,-1.6669555768134765,-1.406112613357555,-1.2156887301750128,-0.9843412648349602,0.7474325830427522,0.749527125055798,-0.9064792011384604,-0.7929491075011098,16.069157580851343,-0.4636330200588186,0.7662712819728789,-0.8571959179463824,-0.9608250609537624,-0.9384664610414324,-0.6061350461537248,0.4708113817498281,0.4760013695835707,0.1039973568070394,-0.3677909474582349,16.09761749754574,-0.1163638680079135,0.6016070265427508
-1.6669555768134765,-1.406112613357555,-1.2156887301750128,-0.9843412648349602,0.7474325830427522,0.749527125055798,-0.9064792011384604,-0.7929491075011098,16.069157580851343,-0.4636330200588186,0.7662712819728789,-0.8571959179463824,-0.9608250609537624,-0.9384664610414324,-0.6061350461537248,0.4708113817498281,0.4760013695835707,0.1039973568070394,-0.3677909474582349,16.09761749754574,-0.1163638680079135,0.6016070265427508,-0.3175241148609279,-0.5602265416261683,-1.0640738598147732,-0.6238261308013108,0.0390239491077549,0.0450591691390121,0.3192276610838181,0.2214471154266579,16.227371581365823,1.5614385404349482,-0.480260895860126
-0.8571959179463824,-0.9608250609537624,-0.9384664610414324,-0.6061350461537248,0.4708113817498281,0.4760013695835707,0.1039973568070394,-0.3677909474582349,16.09761749754574,-0.1163638680079135,0.6016070265427508,-0.3175241148609279,-0.5602265416261683,-1.0640738598147732,-0.6238261308013108,0.0390239491077549,0.0450591691390121,0.3192276610838181,0.2214471154266579,16.227371581365823,1.5614385404349482,-0.480260895860126,-0.6027208653877817,-0.8319592309622142,-0.5349258032609957,-0.7649716400233485,-0.1309004698870334,-0.1232924743221653,-0.6577202589400917,-0.608647686278537,16.03079343167817,-0.7423226810342305,-0.527062738288388
-0.3175241148609279,-0.5602265416261683,-1.0640738598147732,-0.6238261308013108,0.0390239491077549,0.0450591691390121,0.3192276610838181,0.2214471154266579,16.227371581365823,1.5614385404349482,-0.480260895860126,-0.6027208653877817,-0.8319592309622142,-0.5349258032609957,-0.7649716400233485,-0.1309004698870334,-0.1232924743221653,-0.6577202589400917,-0.608647686278537,16.03079343167817,-0.7423226810342305,-0.527062738288388,-0.5694785809444742,-0.0552948471489032,-0.2619613281006177,-0.1244158138115737,0.9209008640705392,0.911240662057983,1.097824526868447,0.805348537006148,16.425565718246286,0.4835318214464879,0.9293561796957812
-0.6027208653877817,-0.8319592309622142,-0.5349258032609957,-0.7649716400233485,-0.1309004698870334,-0.1232924743221653,-0.6577202589400917,-0.608647686278537,16.03079343167817,-0.7423226810342305,-0.527062738288388,-0.5694785809444742,-0.0552948471489032,-0.2619613281006177,-0.1244158138115737,0.9209008640705392,0.911240662057983,1.097824526868447,0.805348537006148,16.425565718246286,0.4835318214464879,0.9293561796957812,-0.0420711973534254,0.7607076642164861,0.7472128365494581,0.9134927571450144,1.054556679291231,1.0421418128314888,-0.7255402546780119,-0.2109213936346946,16.153134652159615,-0.1992247998855753,1.0046748475189011
-0.5694785809444742,-0.0552948471489032,-0.2619613281006177,-0.1244158138115737,0.9209008640705392,0.911240662057983,1.097824526868447,0.805348537006148,16.425565718246286,0.4835318214464879,0.9293561796957812,-0.0420711973534254,0.7607076642164861,0.7472128365494581,0.9134927571450144,1.054556679291231,1.0421418128314888,-0.7255402546780119,-0.2109213936346946,16.153134652159615,-0.1992247998855753,1.0046748475189011,1.1880334842171758,0.7159710939337702,0.9081170776368268,0.654887156156438,-0.3661259501854055,-0.3561690850407485,-0.9489985331859554,-1.296752570642481,15.789619500263289,-0.4982038550114533,-0.1541102733821534
-0.0420711973534254,0.7607076642164861,0.7472128365494581,0.9134927571450144,1.054556679291231,1.0421418128314888,-0.7255402546780119,-0.2109213936346946,16.153134652159615,-0.1992247998855753,1.0046748475189011,1.1880334842171758,0.7159710939337702,0.9081170776368268,0.654887156156438,-0.3661259501854055,-0.3561690850407485,-0.9489985331859554,-1.296752570642481,15.789619500263289,-0.4982038550114533,-0.1541102733821534,0.6100297418520361,1.31775226449206,1.5831040233774811,1.4641643310500034,0.5800048354801085,0.5777256870672363,-0.0286558206701975,-1.046364141217094,15.779892056401568,-0.4858309387316911,0.4481801110753609
1.1880334842171758,0.7159710939337702,0.9081170776368268,0.654887156156438,-0.3661259501854055,-0.3561690850407485,-0.9489985331859554,-1.296752570642481,15.789619500263289,-0.4982038550114533,-0.1541102733821534,0.6100297418520361,1.31775226449206,1.5831040233774811,1.4641643310500034,0.5800048354801085,0.5777256870672363,-0.0286558206701975,-1.046364141217094,15.779892056401568,-0.4858309387316911,0.4481801110753609,1.5565171234372095,2.1964978145821448,1.918341191040368,2.3283271661989167,2.0954506072752457,2.0822167659206863,2.06917516138917,1.6167993936604044,16.343029678413043,1.27530427461407,2.2006541295618827
0.6100297418520361,1.31775226449206,1.5831040233774811,1.4641643310500034,0.5800048354801085,0.5777256870672363,-0.0286558206701975,-1.046364141217094,15.779892056401568,-0.4858309387316911,0.4481801110753609,1.5565171234372095,2.1964978145821448,1.918341191040368,2.3283271661989167,2.0954506072752457,2.0822167659206863,2.06917516138917,1.6167993936604044,16.343029678413043,1.27530427461407,2.2006541295618827,2.231688989510407,2.3066023345290607,2.1924361666096965,2.3444722140824914,1.6812388920801282,1.6722207595268774,0.3879311709266814,1.978851927118756,16.517354942759972,1.5761749959876448,1.8112231818585591
1.5565171234372095,2.1964978145821448,1.918341191040368,2.3283271661989167,2.0954506072752457,2.0822167659206863,2.06917516138917,1.6167993936604044,16.343029678413043,1.27530427461407,2.2006541295618827,2.231688989510407,2.3066023345290607,2.1924361666096965,2.3444722140824914,1.6812388920801282,1.6722207595268774,0.3879311709266814,1.978851927118756,16.517354942759972,1.5761749959876448,1.8112231818585591,2.2862321757388657,1.8010378002812069,2.0672317471083246,1.698126064898456,-0.5906424174157948,-0.5890717569474591,-0.3024033599922294,1.2972573047641451,16.503154017329916,-0.6209951089332014,-0.7822534212457067
2.231688989510407,2.3066023345290607,2.1924361666096965,2.3444722140824914,1.6812388920801282,1.6722207595268774,0.3879311709266814,1.978851927118756,16.517354942759972,1.5761749959876448,1.8112231818585591,2.2862321757388657,1.8010378002812069,2.0672317471083246,1.698126064898456,-0.5906424174157948,-0.5890717569474591,-0.3024033599922294,1.2972573047641451,16.503154017329916,-0.6209951089332014,-0.7822534212457067,1.7839020660153675,1.4684562167383943,1.6122889528081878,1.1704646431306147,-0.9638992657895212,-0.969128678800944,-1.3175579790807217,-0.7835879742612311,15.905051058065515,-0.5822204077086878,-0.6846899307320329
2.2862321757388657,1.8010378002812069,2.0672317471083246,1.698126064898456,-0.5906424174157948,-0.5890717569474591,-0.3024033599922294,1.2972573047641451,16.503154017329916,-0.6209951089332014,-0.7822534212457067,1.7839020660153675,1.4684562167383943,1.6122889528081878,1.1704646431306147,-0.9638992657895212,-0.969128678800944,-1.3175579790807217,-0.7835879742612311,15.905051058065515,-0.5822204077086878,-0.6846899307320329,1.1565665664687914,1.4787691756559305,1.3508556553176578,1.435732570984884,0.8606781886855694,0.863671764877547,1.9250624441867523,1.4135406792752083,16.64492262749881,1.2166949945835517,0.8709908069296651
1.7839020660153675,1.4684562167383943,1.6122889528081878,1.1704646431306147,-0.9638992657895212,-0.969128678800944,-1.3175579790807217,-0.7835879742612311,15.905051058065515,-0.5822204077086878,-0.6846899307320329,1.1565665664687914,1.4787691756559305,1.3508556553176578,1.435732570984884,0.8606781886855694,0.863671764877547,1.9250624441867523,1.4135406792752083,16.64492262749881,1.2166949945835517,0.8709908069296651,1.4010463076903823,1.1084300114152936,1.0227363569892105,0.8345380916883962,-1.470873175171729,-1.4829543143008526,-0.8662596563734221,-0.199508047980813,16.251402105786234,0.8333842373043019,-1.153736632812201
1.1565665664687914,1.4787691756559305,1.3508556553176578,1.435732570984884,0.8606781886855694,0.863671764877547,1.9250624441867523,1.4135406792752083,16.64492262749881,1.2166949945835517,0.8709908069296651,1.4010463076903823,1.1084300114152936,1.0227363569892105,0.8345380916883962,-1.470873175171729,-1.4829543143008526,-0.8662596563734221,-0.199508047980813,16.251402105786234,0.8333842373043019,-1.153736632812201,0.936789226493948,0.887022052238503,1.113299421714374,0.9097988235119931,0.0018228662803962,0.00964690123295,-0.2178728019659666,-0.2168204215211369,16.20783589287357,-0.7267371067478706,0.2387276421445704
1.4010463076903823,1.1084300114152936,1.0227363569892105,0.8345380916883962,-1.470873175171729,-1.4829543143008526,-0.8662596563734221,-0.199508047980813,16.251402105786234,0.8333842373043019,-1.153736632812201,0.936789226493948,0.887022052238503,1.113299421714374,0.9097988235119931,0.0018228662803962,0.00964690123295,-0.2178728019659666,-0.2168204215211369,16.20783589287357,-0.7267371067478706,0.2387276421445704,0.9989858203276032,1.2066935364737377,1.2640871622404928,1.2684313870301698,0.6459140839235478,0.6502062296649961,-0.2011353936942404,-0.2805479724430155,16.198495310301645,0.0203050724880202,0.2782873893483839
0.936789226493948,0.887022052238503,1.113299421714374,0.9097988235119931,0.0018228662803962,0.00964690123295,-0.2178728019659666,-0.2168204215211369,16.20783589287357,-0.7267371067478706,0.2387276421445704,0.9989858203276032,1.2066935364737377,1.2640871622404928,1.2684313870301698,0.6459140839235478,0.6502062296649961,-0.2011353936942404,-0.2805479724430155,16.198495310301645,0.0203050724880202,0.2782873893483839,1.1437593412592908,0.986093318871682,1.3111909075318426,1.0490553757488823,-0.7702615823114404,-0.7675677566500895,-0.8173351482530145,-1.2461345139789684,15.827034676441002,-1.4467943860774248,-0.4603076015960427
0.9989858203276032,1.2066935364737377,1.2640871622404928,1.2684313870301698,0.6459140839235478,0.6502062296649961,-0.2011353936942404,-0.2805479724430155,16.198495310301645,0.0203050724880202,0.2782873893483839,1.1437593412592908,0.986093318871682,1.3111909075318426,1.0490553757488823,-0.7702615823114404,-0.7675677566500895,-0.8173351482530145,-1.2461345139789684,15.827034676441002,-1.4467943860774248,-0.4603076015960427,0.833202750400831,0.5969413668425514,0.6509883677022801,0.2953100497359897,-1.2571932567136177,-1.2650544277153184,0.0591806334556039,-1.0570945457797074,15.95006757393674,-0.4930764524635218,-1.3727519040427398
1.1437593412592908,0.986093318871682,1.3111909075318426,1.0490553757488823,-0.7702615823114404,-0.7675677566500895,-0.8173351482530145,-1.2461345139789684,15.827034676441002,-1.4467943860774248,-0.4603076015960427,0.833202750400831,0.5969413668425514,0.6509883677022801,0.2953100497359897,-1.2571932567136177,-1.2650544277153184,0.0591806334556039,-1.0570945457797074,15.95006757393674,-0.4930764524635218,-1.3727519040427398,1.0480686600835163,0.5667098456577121,0.7348716012113913,0.5827569258765923,0.0965627271643521,0.1045189245399457,0.5327828294966469,-0.2303829786739577,16.202951464723263,-0.6829046839201187,-0.105148044751728
0.833202750400831,0.5969413668425514,0.6509883677022801,0.2953100497359897,-1.2571932567136177,-1.2650544277153184,0.0591806334556039,-1.0570945457797074,15.95006757393674,-0.4930764524635218,-1.3727519040427398,1.0480686600835163,0.5667098456577121,0.7348716012113913,0.5827569258765923,0.0965627271643521,0.1045189245399457,0.5327828294966469,-0.2303829786739577,16.202951464723263,-0.6829046839201187,-0.105148044751728,0.6255098432009054,0.5790569369783473,0.3916355135237588,-0.1125067385798408,-0.6128131091644098,-0.6105792497789859,0.2983647142598973,0.5862891115421304,16.372567389684793,0.2300072131933747,-0.4125301311030312
1.0480686600835163,0.5667098456577121,0.7348716012113913,0.5827569258765923,0.0965627271643521,0.1045189245399457,0.5327828294966469,-0.2303829786739577,16.202951464723263,-0.6829046839201187,-0.105148044751728,0.6255098432009054,0.5790569369783473,0.3916355135237588,-0.1125067385798408,-0.6128131091644098,-0.6105792497789859,0.2983647142598973,0.5862891115421304,16.372567389684793,0.2300072131933747,-0.4125301311030312,-0.2177452704158198,-0.3965665417315516,-1.862396148255516,-2.071248769857164,-1.8016150869944665,-1.8214636088811265,0.5310762128460083,1.653660046862748,16.653155304132707,2.335671996975387,-0.6238819600125526
0.6255098432009054,0.5790569369783473,0.3916355135237588,-0.1125067385798408,-0.6128131091644098,-0.6105792497789859,0.2983647142598973,0.5862891115421304,16.372567389684793,0.2300072131933747,-0.4125301311030312,-0.2177452704158198,-0.3965665417315516,-1.862396148255516,-2.071248769857164,-1.8016150869944665,-1.8214636088811265,0.5310762128460083,1.653660046862748,16.653155304132707,2.335671996975387,-0.6238819600125526,-1.533045721718363,-2.3536458976186525,-1.603888609245092,-1.7614164957099745,-0.039623979272574,-0.0312240162878449,-0.5981031441211684,0.6153580520088162,16.520763583950558,-0.0257202630621413,-0.2805922359897829
-0.2177452704158198,-0.3965665417315516,-1.862396148255516,-2.071248769857164,-1.8016150869944665,-1.8214636088811265,0.5310762128460083,1.653660046862748,16.653155304132707,2.335671996975387,-0.6238819600125526,-1.533045721718363,-2.3536458976186525,-1.603888609245092,-1.7614164957099745,-0.039623979272574,-0.0312240162878449,-0.5981031441211684,0.6153580520088162,16.520763583950558,-0.0257202630621413,-0.2805922359897829,-2.4495880020418994,-2.110901793273253,-1.995799042715079,-1.7982568418969345,-0.67988086620135,-0.6757550643770976,2.7145888557729396,2.6890142272369393,17.707114526554907,1.0474389633243664,-1.9387362096994496
-1.533045721718363,-2.3536458976186525,-1.603888609245092,-1.7614164957099745,-0.039623979272574,-0.0312240162878449,-0.5981031441211684,0.6153580520088162,16.520763583950558,-0.0257202630621413,-0.2805922359897829,-2.4495880020418994,-2.110901793273253,-1.995799042715079,-1.7982568418969345,-0.67988086620135,-0.6757550643770976,2.7145888557729396,2.6890142272369393,17.707114526554907,1.0474389633243664,-1.9387362096994496,-1.770343574174181,-1.673346430142815,-1.2800968059510054,-0.7593709755721127,1.4473496674937134,1.4336513600100325,-1.2275104405244208,-0.7043422442636115,16.138466842081645,-0.2243114622338897,1.3098103300843935
-2.4495880020418994,-2.110901793273253,-1.995799042715079,-1.7982568418969345,-0.67988086620135,-0.6757550643770976,2.7145888557729396,2.6890142272369393,17.707114526554907,1.0474389633243664,-1.9387362096994496,-1.770343574174181,-1.673346430142815,-1.2800968059510054,-0.7593709755721127,1.4473496674937134,1.4336513600100325,-1.2275104405244208,-0.7043422442636115,16.138466842081645,-0.2243114622338897,1.3098103300843935,-0.7824640724184205,-0.9725952364295514,-0.3911859689694793,-0.2100280091254106,0.7825611652351756,0.7836228181946855,-0.8167766284429344,-1.017315936281709,15.368611107639014,-1.1061896841540042,0.2931880546089068
-1.770343574174181,-1.673346430142815,-1.2800968059510054,-0.7593709755721127,1.4473496674937134,1.4336513600100325,-1.2275104405244208,-0.7043422442636115,16.138466842081645,-0.2243114622338897,1.3098103300843935,-0.7824640724184205,-0.9725952364295514,-0.3911859689694793,-0.2100280091254106,0.7825611652351756,0.7836228181946855,-0.8167766284429344,-1.017315936281709,15.368611107639014,-1.1061896841540042,0.2931880546089068,-0.4979320683381945,-0.8973827472322671,-0.2910393811287457,-0.3384216258917603,-0.158832602415111,-0.1512030292611267,0.1372162766153306,-0.7888474007864279,15.62074565502956,-1.084712804440081,-0.2453921356591223
-0.7824640724184205,-0.9725952364295514,-0.3911859689694793,-0.2100280091254106,0.7825611652351756,0.7836228181946855,-0.8167766284429344,-1.017315936281709,15.368611107639014,-1.1061896841540042,0.2931880546089068,-0.4979320683381945,-0.8973827472322671,-0.2910393811287457,-0.3384216258917603,-0.158832602415111,-0.1512030292611267,0.1372162766153306,-0.7888474007864279,15.62074565502956,-1.084712804440081,-0.2453921356591223,-0.7170406012801821,-1.010642117416531,-0.7386776983539153,-0.4341915229589275,-0.0617670968745437,-0.0540495368464906,0.113793526131215,-0.6064335621008576,15.905422221125294,-0.4799884605188453,0.6990825714296833
-0.4979320683381945,-0.8973827472322671,-0.2910393811287457,-0.3384216258917603,-0.158832602415111,-0.1512030292611267,0.1372162766153306,-0.7888474007864279,15.62074565502956,-1.084712804440081,-0.2453921356591223,-0.7170406012801821,-1.010642117416531,-0.7386776983539153,-0.4341915229589275,-0.0617670968745437,-0.0540495368464906,0.113793526131215,-0.6064335621008576,15.905422221125294,-0.4799884605188453,0.6990825714296833,-1.1606312610045562,-1.129126442829831,-0.8715741077674539,-0.9250899795702991,-0.5726959108374826,-0.5675739671712624,-0.4148225857088517,-0.6518758282213616,15.765114021187715,-0.529454813870152,-0.1152109532648574
-0.7170406012801821,-1.010642117416531,-0.7386776983539153,-0.4341915229589275,-0.0617670968745437,-0.0540495368464906,0.113793526131215,-0.6064335621008576,15.905422221125294,-0.4799884605188453,0.6990825714296833,-1.1606312610045562,-1.129126442829831,-0.8715741077674539,-0.9250899795702991,-0.5726959108374826,-0.5675739671712624,-0.4148225857088517,-0.6518758282213616,15.765114021187715,-0.529454813870152,-0.1152109532648574,-0.7811260787389904,-1.140068777029116,-0.8796791999555591,-1.2583993455270888,-0.2080475547173154,-0.201299573674197,-0.3743572166531333,-0.6418849385277813,15.61051492348396,-0.6662232410493434,-0.1993478751673612
-1.1606312610045562,-1.129126442829831,-0.8715741077674539,-0.9250899795702991,-0.5726959108374826,-0.5675739671712624,-0.4148225857088517,-0.6518758282213616,15.765114021187715,-0.529454813870152,-0.1152109532648574,-0.7811260787389904,-1.140068777029116,-0.8796791999555591,-1.2583993455270888,-0.2080475547173154,-0.201299573674197,-0.3743572166531333,-0.6418849385277813,15.61051492348396,-0.6662232410493434,-0.1993478751673612,-0.8521718246750122,-0.0643885314886238,-0.3666806393922202,0.3786671418122203,1.4041403489370503,1.395054993162229,0.9613882730220786,-0.0488343950371928,16.355717957387203,0.266772515849499,1.7641123238580052
-0.7811260787389904,-1.140068777029116,-0.8796791999555591,-1.2583993455270888,-0.2080475547173154,-0.201299573674197,-0.3743572166531333,-0.6418849385277813,15.61051492348396,-0.6662232410493434,-0.1993478751673612,-0.8521718246750122,-0.0643885314886238,-0.3666806393922202,0.3786671418122203,1.4041403489370503,1.395054993162229,0.9613882730220786,-0.0488343950371928,16.355717957387203,0.266772515849499,1.7641123238580052,0.914520540586567,1.051036891900996,0.9090765946062592,0.9566622388190862,0.5007721214056696,0.5072422930011692,-0.3553020610594827,-0.0434950201153031,16.252346871944233,-0.1045894225257536,-0.2557821535110144
-0.8521718246750122,-0.0643885314886238,-0.3666806393922202,0.3786671418122203,1.4041403489370503,1.395054993162229,0.9613882730220786,-0.0488343950371928,16.355717957387203,0.266772515849499,1.7641123238580052,0.914520540586567,1.051036891900996,0.9090765946062592,0.9566622388190862,0.5007721214056696,0.5072422930011692,-0.3553020610594827,-0.0434950201153031,16.252346871944233,-0.1045894225257536,-0.2557821535110144,1.7149113326736705,2.5084324601378243,1.7341864296335918,2.282582129278909,1.8328733525447063,1.8172030579844705,0.0183259593403154,0.2585899152406885,16.493843612955878,1.7611924690080432,1.7683008268074905
0.914520540586567,1.051036891900996,0.9090765946062592,0.9566622388190862,0.5007721214056696,0.5072422930011692,-0.3553020610594827,-0.0434950201153031,16.252346871944233,-0.1045894225257536,-0.2557821535110144,1.7149113326736705,2.5084324601378243,1.7341864296335918,2.282582129278909,1.8328733525447063,1.8172030579844705,0.0183259593403154,0.2585899152406885,16.493843612955878,1.7611924690080432,1.7683008268074905,2.270611578956547,1.80773321350625,1.610572785299875,1.096082163477624,-1.2465747253988824,-1.2584961544797189,-0.3493057652047553,1.783959514375412,16.30635794325409,1.5191806156402567,-0.9260278999602382
1.7149113326736705,2.5084324601378243,1.7341864296335918,2.282582129278909,1.8328733525447063,1.8172030579844705,0.0183259593403154,0.2585899152406885,16.493843612955878,1.7611924690080432,1.7683008268074905,2.270611578956547,1.80773321350625,1.610572785299875,1.096082163477624,-1.2465747253988824,-1.2584961544797189,-0.3493057652047553,1.783959514375412,16.30635794325409,1.5191806156402567,-0.9260278999602382,0.7238422667387183,0.4898372892400385,0.8069996233188225,0.4443579296170447,-0.6926885002006834,-0.6942607550885471,-0.5320270162932687,0.9499488137126806,16.126639151104907,-0.1241489176547681,-1.0020640495736204
2.270611578956547,1.80773321350625,1.610572785299875,1.096082163477624,-1.2465747253988824,-1.2584961544797189,-0.3493057652047553,1.783959514375412,16.30635794325409,1.5191806156402567,-0.9260278999602382,0.7238422667387183,0.4898372892400385,0.8069996233188225,0.4443579296170447,-0.6926885002006834,-0.6942607550885471,-0.5320270162932687,0.9499488137126806,16.126639151104907,-0.1241489176547681,-1.0020640495736204,0.404026010810957,1.2295051812991882,0.1988960244212151,0.7566111091202832,0.3578546523397569,0.3684312180550527,1.485942147247002,2.0179082050713126,16.773364469009092,2.0103827015052196,1.0853174695967494
0.7238422667387183,0.4898372892400385,0.8069996233188225,0.4443579296170447,-0.6926885002006834,-0.6942607550885471,-0.5320270162932687,0.9499488137126806,16.126639151104907,-0.1241489176547681,-1.0020640495736204,0.404026010810957,1.2295051812991882,0.1988960244212151,0.7566111091202832,0.3578546523397569,0.3684312180550527,1.485942147247002,2.0179082050713126,16.773364469009092,2.0103827015052196,1.0853174695967494,0.1678359469576428,-0.2521307804493678,0.3351023844462466,0.1502373907918201,-0.6724909436936694,-0.6742499359820816,-1.1572440929952488,0.0103675251287948,16.193666930526764,-0.855622968399256,-1.0099804481020536
0.404026010810957,1.2295051812991882,0.1988960244212151,0.7566111091202832,0.3578546523397569,0.3684312180550527,1.485942147247002,2.0179082050713126,16.773364469009092,2.0103827015052196,1.0853174695967494,0.1678359469576428,-0.2521307804493678,0.3351023844462466,0.1502373907918201,-0.6724909436936694,-0.6742499359820816,-1.1572440929952488,0.0103675251287948,16.193666930526764,-0.855622968399256,-1.0099804481020536,-0.0302654873541831,-0.5319760154358165,-0.8001812654514222,-0.8457249679177589,-1.0651804204452884,-1.077204289084808,0.2387955173560993,0.360438362938575,16.425433354608767,-0.0372311396639806,-1.2776968899840448
0.1678359469576428,-0.2521307804493678,0.3351023844462466,0.1502373907918201,-0.6724909436936694,-0.6742499359820816,-1.1572440929952488,0.0103675251287948,16.193666930526764,-0.855622968399256,-1.0099804481020536,-0.0302654873541831,-0.5319760154358165,-0.8001812654514222,-0.8457249679177589,-1.0651804204452884,-1.077204289084808,0.2387955173560993,0.360438362938575,16.425433354608767,-0.0372311396639806,-1.2776968899840448,0.2239093914540884,0.536332830896399,1.0506133344509696,0.67188491933472,1.4314530931540563,1.4252830549500088,-0.0520864241377036,0.4087460261474877,16.55791716061561,-0.3036885315560527,0.7868690432939341
-0.0302654873541831,-0.5319760154358165,-0.8001812654514222,-0.8457249679177589,-1.0651804204452884,-1.077204289084808,0.2387955173560993,0.360438362938575,16.425433354608767,-0.0372311396639806,-1.2776968899840448,0.2239093914540884,0.536332830896399,1.0506133344509696,0.67188491933472,1.4314530931540563,1.4252830549500088,-0.0520864241377036,0.4087460261474877,16.55791716061561,-0.3036885315560527,0.7868690432939341,0.1908109809868333,-0.1366922161018943,1.2292578888725674,0.0337826962732752,-0.5908840205497359,-0.5873406410260987,-1.1327784767446285,-1.5088753628308431,15.938406745694236,-1.4444985261320464,-0.520453280067103
0.2239093914540884,0.536332830896399,1.0506133344509696,0.67188491933472,1.4314530931540563,1.4252830549500088,-0.0520864241377036,0.4087460261474877,16.55791716061561,-0.3036885315560527,0.7868690432939341,0.1908109809868333,-0.1366922161018943,1.2292578888725674,0.0337826962732752,-0.5908840205497359,-0.5873406410260987,-1.1327784767446285,-1.5088753628308431,15.938406745694236,-1.4444985261320464,-0.520453280067103,1.2966536595095854,0.5368987560007665,0.298726242769398,0.0493684469254426,-0.0026510603399753,0.0075128825078254,1.8023125532352433,0.498555949397224,16.665095100827962,0.4153198995110889,-0.3991677373639004
0.1908109809868333,-0.1366922161018943,1.2292578888725674,0.0337826962732752,-0.5908840205497359,-0.5873406410260987,-1.1327784767446285,-1.5088753628308431,15.938406745694236,-1.4444985261320464,-0.520453280067103,1.2966536595095854,0.5368987560007665,0.298726242769398,0.0493684469254426,-0.0026510603399753,0.0075128825078254,1.8023125532352433,0.498555949397224,16.665095100827962,0.4153198995110889,-0.3991677373639004,0.4368500269105926,0.0648891713540847,0.915378762067972,0.3284299849730191,0.1699951903760221,0.1812145846930652,-0.8098680009582577,-0.8943835287092695,16.272874790406313,-0.7063326683956375,-0.1573055496083936
1.2966536595095854,0.5368987560007665,0.298726242769398,0.0493684469254426,-0.0026510603399753,0.0075128825078254,1.8023125532352433,0.498555949397224,16.665095100827962,0.4153198995110889,-0.3991677373639004,0.4368500269105926,0.0648891713540847,0.915378762067972,0.3284299849730191,0.1699951903760221,0.1812145846930652,-0.8098680009582577,-0.8943835287092695,16.272874790406313,-0.7063326683956375,-0.1573055496083936,0.9207179390687692,1.3195508853192084,1.7945515047448943,1.363127141654665,0.6751373340121234,0.6838673178867551,-0.0668249817318275,-0.6177315970552706,16.32299384340421,-0.3866729021276993,0.5336119558150512
0.4368500269105926,0.0648891713540847,0.915378762067972,0.3284299849730191,0.1699951903760221,0.1812145846930652,-0.8098680009582577,-0.8943835287092695,16.272874790406313,-0.7063326683956375,-0.1573055496083936,0.9207179390687692,1.3195508853192084,1.7945515047448943,1.363127141654665,0.6751373340121234,0.6838673178867551,-0.0668249817318275,-0.6177315970552706,16.32299384340421,-0.3866729021276993,0.5336119558150512,1.6049945083569954,1.4752446552207008,1.5629216998100408,2.015208316462293,0.9724364420596348,0.9756655903551515,-0.5198295230015649,-0.9482680072650808,16.10907518864337,-0.1312923925072871,0.9903009370767342
0.9207179390687692,1.3195508853192084,1.7945515047448943,1.363127141654665,0.6751373340121234,0.6838673178867551,-0.0668249817318275,-0.6177315970552706,16.32299384340421,-0.3866729021276993,0.5336119558150512,1.6049945083569954,1.4752446552207008,1.5629216998100408,2.015208316462293,0.9724364420596348,0.9756655903551515,-0.5198295230015649,-0.9482680072650808,16.10907518864337,-0.1312923925072871,0.9903009370767342,1.8721540765061615,1.9534451049393555,1.9098996741323704,1.966100786202932,0.6350176472894081,0.6397670679715539,1.24689052410282,0.821465084842459,16.763380539242537,0.0932013898042284,1.0445366751706635
1.6049945083569954,1.4752446552207008,1.5629216998100408,2.015208316462293,0.9724364420596348,0.9756655903551515,-0.5198295230015649,-0.9482680072650808,16.10907518864337,-0.1312923925072871,0.9903009370767342,1.8721540765061615,1.9534451049393555,1.9098996741323704,1.966100786202932,0.6350176472894081,0.6397670679715539,1.24689052410282,0.821465084842459,16.763380539242537,0.0932013898042284,1.0445366751706635,0.7481985969291669,1.9154568533075824,0.9990666936692856,1.8822843453551965,0.657657505215787,0.6614514635503512,0.6234176710273187,2.1926563851401792,17.161871568932856,2.488035728491418,1.6422240972632889
1.8721540765061615,1.9534451049393555,1.9098996741323704,1.966100786202932,0.6350176472894081,0.6397670679715539,1.24689052410282,0.821465084842459,16.763380539242537,0.0932013898042284,1.0445366751706635,0.7481985969291669,1.9154568533075824,0.9990666936692856,1.8822843453551965,0.657657505215787,0.6614514635503512,0.6234176710273187,2.1926563851401792,17.161871568932856,2.488035728491418,1.6422240972632889,2.3890901220138208,1.9699916949609544,2.1507630019458253,1.8164560819506403,0.651915085615362,0.6534242334708987,-0.8254156072997727,0.4747258398705089,16.857654025323185,0.414305950261269,0.3563015244092571
0.7481985969291669,1.9154568533075824,0.9990666936692856,1.8822843453551965,0.657657505215787,0.6614514635503512,0.6234176710273187,2.1926563851401792,17.161871568932856,2.488035728491418,1.6422240972632889,2.3890901220138208,1.9699916949609544,2.1507630019458253,1.8164560819506403,0.651915085615362,0.6534242334708987,-0.8254156072997727,0.4747258398705089,16.857654025323185,0.414305950261269,0.3563015244092571,1.9730431759199163,1.508031202609403,1.8518394359533137,1.5287764812658076,-0.7423096601283372,-0.7407444292950989,-0.2385524225163045,0.3351771801084404,16.87786360513766,-0.4255940953546964,-0.141677261777886
2.3890901220138208,1.9699916949609544,2.1507630019458253,1.8164560819506403,0.651915085615362,0.6534242334708987,-0.8254156072997727,0.4747258398705089,16.857654025323185,0.414305950261269,0.3563015244092571,1.9730431759199163,1.508031202609403,1.8518394359533137,1.5287764812658076,-0.7423096601283372,-0.7407444292950989,-0.2385524225163045,0.3351771801084404,16.87786360513766,-0.4255940953546964,-0.141677261777886,1.975791070956854,1.8604469306392968,1.6960890490496725,1.4832369354347563,0.4659264455454241,0.4677639432640768,0.3844093731418351,1.0643886885424132,17.193879372789446,1.3032235904401812,0.114971689516317
1.9730431759199163,1.508031202609403,1.8518394359533137,1.5287764812658076,-0.7423096601283372,-0.7407444292950989,-0.2385524225163045,0.3351771801084404,16.87786360513766,-0.4255940953546964,-0.141677261777886,1.975791070956854,1.8604469306392968,1.6960890490496725,1.4832369354347563,0.4659264455454241,0.4677639432640768,0.3844093731418351,1.0643886885424132,17.193879372789446,1.3032235904401812,0.114971689516317,1.3935738267392548,1.3493914022793896,1.5570759430210326,1.2636607816433745,-1.140507400008984,-1.1416314885086911,-1.0142673413285062,-0.6368039592832868,16.7772568452436,-0.3279191287325834,-0.1829924525881968
1.975791070956854,1.8604469306392968,1.6960890490496725,1.4832369354347563,0.4659264455454241,0.4677639432640768,0.3844093731418351,1.0643886885424132,17.193879372789446,1.3032235904401812,0.114971689516317,1.3935738267392548,1.3493914022793896,1.5570759430210326,1.2636607816433745,-1.140507400008984,-1.1416314885086911,-1.0142673413285062,-0.6368039592832868,16.7772568452436,-0.3279191287325834,-0.1829924525881968,0.7344880076729781,1.0737950222384922,0.9987102322540524,1.2782346724135618,-0.1471761066112616,-0.1439854609224559,0.0571451767202066,-0.3430097936350504,16.879634902560767,0.6243023983998646,0.6583579489729259
1.3935738267392548,1.3493914022793896,1.5570759430210326,1.2636607816433745,-1.140507400008984,-1.1416314885086911,-1.0142673413285062,-0.6368039592832868,16.7772568452436,-0.3279191287325834,-0.1829924525881968,0.7344880076729781,1.0737950222384922,0.9987102322540524,1.2782346724135618,-0.1471761066112616,-0.1439854609224559,0.0571451767202066,-0.3430097936350504,16.879634902560767,0.6243023983998646,0.6583579489729259,1.3014050181125156,1.007014630380137,1.2998658919794417,1.2836617521663978,-0.5592083644115842,-0.5566085527737409,-1.0580874471262462,-1.317706118625595,16.442083205827544,-0.8049811342352501,-1.2168524707007091
0.7344880076729781,1.0737950222384922,0.9987102322540524,1.2782346724135618,-0.1471761066112616,-0.1439854609224559,0.0571451767202066,-0.3430097936350504,16.879634902560767,0.6243023983998646,0.6583579489729259,1.3014050181125156,1.007014630380137,1.2998658919794417,1.2836617521663978,-0.5592083644115842,-0.5566085527737409,-1.0580874471262462,-1.317706118625595,16.442083205827544,-0.8049811342352501,-1.2168524707007091,1.104470145730595,1.1502953085440453,1.2815357254589137,1.152062444634,-1.4612690382384057,-1.4645531870502178,0.4342044367980288,-0.8334090207960144,16.693483601828518,-0.5491240629831002,-1.5252664345577065
1.3014050181125156,1.007014630380137,1.2998658919794417,1.2836617521663978,-0.5592083644115842,-0.5566085527737409,-1.0580874471262462,-1.317706118625595,16.442083205827544,-0.8049811342352501,-1.2168524707007091,1.104470145730595,1.1502953085440453,1.2815357254589137,1.152062444634,-1.4612690382384057,-1.4645531870502178,0.4342044367980288,-0.8334090207960144,16.693483601828518,-0.5491240629831002,-1.5252664345577065,0.995033890622527,1.0519448782769767,1.2231063221302376,1.2840866107828777,-0.1659837018145545,-0.1628201403378427,-0.855892921435285,-1.361656541951108,16.38664849582943,-0.9209599628823308,-0.5177837697328254
1.104470145730595,1.1502953085440453,1.2815357254589137,1.152062444634,-1.4612690382384057,-1.4645531870502178,0.4342044367980288,-0.8334090207960144,16.693483601828518,-0.5491240629831002,-1.5252664345577065,0.995033890622527,1.0519448782769767,1.2231063221302376,1.2840866107828777,-0.1659837018145545,-0.1628201403378427,-0.855892921435285,-1.361656541951108,16.38664849582943,-0.9209599628823308,-0.5177837697328254,1.1716876485527774,1.18542299972912,1.2823853613914615,1.2619906170433302,-0.8760446314773138,-0.8765564561245803,0.7081093557247736,-0.7748869929994902,16.614443028918632,-1.0318138098504157,0.1880537662784417
0.995033890622527,1.0519448782769767,1.2231063221302376,1.2840866107828777,-0.1659837018145545,-0.1628201403378427,-0.855892921435285,-1.361656541951108,16.38664849582943,-0.9209599628823308,-0.5177837697328254,1.1716876485527774,1.18542299972912,1.2823853613914615,1.2619906170433302,-0.8760446314773138,-0.8765564561245803,0.7081093557247736,-0.7748869929994902,16.614443028918632,-1.0318138098504157,0.1880537662784417,1.3007086055697237,0.901977509701536,1.2598896901046428,1.2712464761661484,-0.654974614671989,-0.6549895124851227,-0.6239025696291635,-0.9721368116436808,16.37307122461557,-1.2879124619402906,-1.43572184697067
1.1716876485527774,1.18542299972912,1.2823853613914615,1.2619906170433302,-0.8760446314773138,-0.8765564561245803,0.7081093557247736,-0.7748869929994902,16.614443028918632,-1.0318138098504157,0.1880537662784417,1.3007086055697237,0.901977509701536,1.2598896901046428,1.2712464761661484,-0.654974614671989,-0.6549895124851227,-0.6239025696291635,-0.9721368116436808,16.37307122461557,-1.2879124619402906,-1.43572184697067,0.8652729847950587,0.91783385797347,1.0174996439584558,1.2103964014215072,-0.6614499938547085,-0.6613101618213572,0.0733509390586313,-0.7005559783127722,16.38030613437134,-0.6781844827687488,-0.5058492210604145
1.3007086055697237,0.901977509701536,1.2598896901046428,1.2712464761661484,-0.654974614671989,-0.6549895124851227,-0.6239025696291635,-0.9721368116436808,16.37307122461557,-1.2879124619402906,-1.43572184697067,0.8652729847950587,0.91783385797347,1.0174996439584558,1.2103964014215072,-0.6614499938547085,-0.6613101618213572,0.0733509390586313,-0.7005559783127722,16.38030613437134,-0.6781844827687488,-0.5058492210604145,0.8486203950553571,1.277848337084349,1.0145040256087448,1.4042604710771454,0.1568662299618452,0.1590686040729753,-0.1979713668503527,-0.604517497058551,16.301791346524322,-0.5466573063434235,0.522381379746485
0.8652729847950587,0.91783385797347,1.0174996439584558,1.2103964014215072,-0.6614499938547085,-0.6613101618213572,0.0733509390586313,-0.7005559783127722,16.38030613437134,-0.6781844827687488,-0.5058492210604145,0.8486203950553571,1.277848337084349,1.0145040256087448,1.4042604710771454,0.1568662299618452,0.1590686040729753,-0.1979713668503527,-0.604517497058551,16.301791346524322,-0.5466573063434235,0.522381379746485,1.0661139430492867,1.197428065823806,1.1694217789727746,1.386439882103486,-0.4107188870940657,-0.4096833795809134,0.4294869366130565,0.0837936161817521,16.34675205851794,-0.9458563813884404,-1.400967134170742
0.8486203950553571,1.277848337084349,1.0145040256087448,1.4042604710771454,0.1568662299618452,0.1590686040729753,-0.1979713668503527,-0.604517497058551,16.301791346524322,-0.5466573063434235,0.522381379746485,1.0661139430492867,1.197428065823806,1.1694217789727746,1.386439882103486,-0.4107188870940657,-0.4096833795809134,0.4294869366130565,0.0837936161817521,16.34675205851794,-0.9458563813884404,-1.400967134170742,1.135909454095884,1.8392324090201264,1.3739065225761495,1.7032754979626628,1.1427903768569314,1.1420781426832909,1.3697122998708842,1.7827238886745924,16.642895242457055,-0.1581170594013441,0.703396410330516
1.0661139430492867,1.197428065823806,1.1694217789727746,1.386439882103486,-0.4107188870940657,-0.4096833795809134,0.4294869366130565,0.0837936161817521,16.34675205851794,-0.9458563813884404,-1.400967134170742,1.135909454095884,1.8392324090201264,1.3739065225761495,1.7032754979626628,1.1427903768569314,1.1420781426832909,1.3697122998708842,1.7827238886745924,16.642895242457055,-0.1581170594013441,0.703396410330516,1.9131462695122128,1.2740158703426834,-0.2669202573485894,-0.1577107929340115,-2.7107551187722585,-2.714981215462163,1.032787723244185,2.3766178342816526,16.903762804130572,2.521460148815732,-2.435009451350464
1.135909454095884,1.8392324090201264,1.3739065225761495,1.7032754979626628,1.1427903768569314,1.1420781426832909,1.3697122998708842,1.7827238886745924,16.642895242457055,-0.1581170594013441,0.703396410330516,1.9131462695122128,1.2740158703426834,-0.2669202573485894,-0.1577107929340115,-2.7107551187722585,-2.714981215462163,1.032787723244185,2.3766178342816526,16.903762804130572,2.521460148815732,-2.435009451350464,-1.1714720738995528,-1.839883773399047,-1.5792926739783912,-1.3829849667121537,-1.4036917775492863,-1.3987142822082663,-1.061182768683935,0.9069446443597344,16.67973801257683,-0.5991505471342448,-1.2968919670583323
1.9131462695122128,1.2740158703426834,-0.2669202573485894,-0.1577107929340115,-2.7107551187722585,-2.714981215462163,1.032787723244185,2.3766178342816526,16.903762804130572,2.521460148815732,-2.435009451350464,-1.1714720738995528,-1.839883773399047,-1.5792926739783912,-1.3829849667121537,-1.4036917775492863,-1.3987142822082663,-1.061182768683935,0.9069446443597344,16.67973801257683,-0.5991505471342448,-1.2968919670583323,-1.6179854931895843,-1.5852618358427517,-1.5703345570288378,-1.8405026741874937,-0.8618779310109262,-0.8554923136686616,-1.142926960842728,-0.2021573033133866,16.348206951032644,-0.4170948886110382,-0.4271234267488418
-1.1714720738995528,-1.839883773399047,-1.5792926739783912,-1.3829849667121537,-1.4036917775492863,-1.3987142822082663,-1.061182768683935,0.9069446443597344,16.67973801257683,-0.5991505471342448,-1.2968919670583323,-1.6179854931895843,-1.5852618358427517,-1.5703345570288378,-1.8405026741874937,-0.8618779310109262,-0.8554923136686616,-1.142926960842728,-0.2021573033133866,16.348206951032644,-0.4170948886110382,-0.4271234267488418,-1.443358794352631,-1.4111922160626005,-1.905865875452712,-1.9079218611420463,-0.9258979914174122,-0.9222728030481484,0.8662521166374424,0.3900236856753108,16.56664585484021,1.0918570881721763,0.2634269927202413
-1.6179854931895843,-1.5852618358427517,-1.5703345570288378,-1.8405026741874937,-0.8618779310109262,-0.8554923136686616,-1.142926960842728,-0.2021573033133866,16.348206951032644,-0.4170948886110382,-0.4271234267488418,-1.443358794352631,-1.4111922160626005,-1.905865875452712,-1.9079218611420463,-0.9258979914174122,-0.9222728030481484,0.8662521166374424,0.3900236856753108,16.56664585484021,1.0918570881721763,0.2634269927202413,-1.652267975265476,-1.841583142337913,-2.0988612376591367,-1.9121582415048028,-1.1291784153300055,-1.1306617429760597,-0.07147931805322,0.3266759117315202,16.56770529183838,1.3646987707406686,-0.871122826289452
-1.443358794352631,-1.4111922160626005,-1.905865875452712,-1.9079218611420463,-0.9258979914174122,-0.9222728030481484,0.8662521166374424,0.3900236856753108,16.56664585484021,1.0918570881721763,0.2634269927202413,-1.652267975265476,-1.841583142337913,-2.0988612376591367,-1.9121582415048028,-1.1291784153300055,-1.1306617429760597,-0.07147931805322,0.3266759117315202,16.56770529183838,1.3646987707406686,-0.871122826289452,-1.9485776843736748,-1.9493659900252855,-2.0219317371078587,-1.7129270965789682,-0.5274506195385781,-0.5237944125304519,1.0943295208341983,1.1308019310186357,16.839815759596025,1.33312500786131,-0.3318242789758028
-1.652267975265476,-1.841583142337913,-2.0988612376591367,-1.9121582415048028,-1.1291784153300055,-1.1306617429760597,-0.07147931805322,0.3266759117315202,16.56770529183838,1.3646987707406686,-0.871122826289452,-1.9485776843736748,-1.9493659900252855,-2.0219317371078587,-1.7129270965789682,-0.5274506195385781,-0.5237944125304519,1.0943295208341983,1.1308019310186357,16.839815759596025,1.33312500786131,-0.3318242789758028,-1.641415382819775,-1.056091474369644,-1.1316129218760176,-0.909239560742285,1.8132375679296704,1.8005862495340397,-1.3378608682873356,-0.5792704458902159,16.488879662245115,0.8871991051064795,1.7601647693352014
-1.9485776843736748,-1.9493659900252855,-2.0219317371078587,-1.7129270965789682,-0.5274506195385781,-0.5237944125304519,1.0943295208341983,1.1308019310186357,16.839815759596025,1.33312500786131,-0.3318242789758028,-1.641415382819775,-1.056091474369644,-1.1316129218760176,-0.909239560742285,1.8132375679296704,1.8005862495340397,-1.3378608682873356,-0.5792704458902159,16.488879662245115,0.8871991051064795,1.7601647693352014,-0.601723713106828,-0.6732876174342803,-0.9370499284220316,-1.1837223119676588,-0.7856364439330592,-0.7891805796536582,-0.6694060875132234,-1.2176157965931942,16.341239282272525,1.345065126347518,-0.0452265163028785
-1.641415382819775,-1.056091474369644,-1.1316129218760176,-0.909239560742285,1.8132375679296704,1.8005862495340397,-1.3378608682873356,-0.5792704458902159,16.488879662245115,0.8871991051064795,1.7601647693352014,-0.601723713106828,-0.6732876174342803,-0.9370499284220316,-1.1837223119676588,-0.7856364439330592,-0.7891805796536582,-0.6694060875132234,-1.2176157965931942,16.341239282272525,1.345065126347518,-0.0452265163028785,-1.2559360074291896,-1.175443796006572,-1.1984124798968845,-0.6786032464593656,1.2864363944862447,1.2884274517090355,1.1922645908454317,-0.0412100673792686,16.67966387450742,0.7543529959245516,0.324527293235227
-0.601723713106828,-0.6732876174342803,-0.9370499284220316,-1.1837223119676588,-0.7856364439330592,-0.7891805796536582,-0.6694060875132234,-1.2176157965931942,16.341239282272525,1.345065126347518,-0.0452265163028785,-1.2559360074291896,-1.175443796006572,-1.1984124798968845,-0.6786032464593656,1.2864363944862447,1.2884274517090355,1.1922645908454317,-0.0412100673792686,16.67966387450742,0.7543529959245516,0.324527293235227,-0.5172385575227688,-0.5729339256339466,-0.7799149314525351,-1.0855255252868932,-0.4722017057591431,-0.4714921330446227,-1.2826907504660876,-1.4527915668343083,16.199104138270375,0.959651694181648,0.3460411773115391
-1.2559360074291896,-1.175443796006572,-1.1984124798968845,-0.6786032464593656,1.2864363944862447,1.2884274517090355,1.1922645908454317,-0.0412100673792686,16.67966387450742,0.7543529959245516,0.324527293235227,-0.5172385575227688,-0.5729339256339466,-0.7799149314525351,-1.0855255252868932,-0.4722017057591431,-0.4714921330446227,-1.2826907504660876,-1.4527915668343083,16.199104138270375,0.959651694181648,0.3460411773115391,-1.6107678826914014,-1.877511558595393,-1.588823469712511,-1.563741925789396,-0.7070909493870223,-0.7117651611614098,2.166643948852733,1.5698306929654993,16.88334025888066,0.5365576646235998,-0.4405683386805391
-0.5172385575227688,-0.5729339256339466,-0.7799149314525351,-1.0855255252868932,-0.4722017057591431,-0.4714921330446227,-1.2826907504660876,-1.4527915668343083,16.199104138270375,0.959651694181648,0.3460411773115391,-1.6107678826914014,-1.877511558595393,-1.588823469712511,-1.563741925789396,-0.7070909493870223,-0.7117651611614098,2.166643948852733,1.5698306929654993,16.88334025888066,0.5365576646235998,-0.4405683386805391,-1.4848210535408404,-1.1131848919114702,-0.8317683204445775,-0.5785356219293866,1.608369869510883,1.6043249450704071,-0.9329744087904772,-0.4688139197233095,16.438002943326477,-0.3972100029294576,1.2862420653008524
-1.6107678826914014,-1.877511558595393,-1.588823469712511,-1.563741925789396,-0.7070909493870223,-0.7117651611614098,2.166643948852733,1.5698306929654993,16.88334025888066,0.5365576646235998,-0.4405683386805391,-1.4848210535408404,-1.1131848919114702,-0.8317683204445775,-0.5785356219293866,1.608369869510883,1.6043249450704071,-0.9329744087904772,-0.4688139197233095,16.438002943326477,-0.3972100029294576,1.2862420653008524,-0.9473040425141026,-1.3327870798815242,-1.3309698809199375,-1.9201486008300503,-1.443432498925697,-1.4658368478070556,-0.2316993602253912,-0.5993845930585755,16.414229481468695,0.4293314174009941,-1.5023623067749088
-1.4848210535408404,-1.1131848919114702,-0.8317683204445775,-0.5785356219293866,1.608369869510883,1.6043249450704071,-0.9329744087904772,-0.4688139197233095,16.438002943326477,-0.3972100029294576,1.2862420653008524,-0.9473040425141026,-1.3327870798815242,-1.3309698809199375,-1.9201486008300503,-1.443432498925697,-1.4658368478070556,-0.2316993602253912,-0.5993845930585755,16.414229481468695,0.4293314174009941,-1.5023623067749088,-1.7309686616415982,-1.7750838732319263,-2.040963709248576,-1.6465692905083622,0.2127903011878071,0.2235547226090007,1.064277094028607,1.2726629515917858,16.87776536757098,2.221675367904411,-0.3133065279915272
-0.9473040425141026,-1.3327870798815242,-1.3309698809199375,-1.9201486008300503,-1.443432498925697,-1.4658368478070556,-0.2316993602253912,-0.5993845930585755,16.414229481468695,0.4293314174009941,-1.5023623067749088,-1.7309686616415982,-1.7750838732319263,-2.040963709248576,-1.6465692905083622,0.2127903011878071,0.2235547226090007,1.064277094028607,1.2726629515917858,16.87776536757098,2.221675367904411,-0.3133065279915272,-1.9118038467512433,-2.041061190017341,-1.9156260770213185,-2.078880358082147,-1.3080802755776382,-1.3223424341217664,-0.1833855405194931,1.0317762349683337,16.906548511312465,-0.5445442747123119,-0.8680277519910965
-1.7309686616415982,-1.7750838732319263,-2.040963709248576,-1.6465692905083622,0.2127903011878071,0.2235547226090007,1.064277094028607,1.2726629515917858,16.87776536757098,2.221675367904411,-0.3133065279915272,-1.9118038467512433,-2.041061190017341,-1.9156260770213185,-2.078880358082147,-1.3080802755776382,-1.3223424341217664,-0.1833855405194931,1.0317762349683337,16.906548511312465,-0.5445442747123119,-0.8680277519910965,-1.7612681252667557,-1.4178308397744614,-1.294650753055095,-1.3575868141740142,0.7816077544090702,0.7847707011222989,-0.5902909300618877,0.1422923022483787,16.672067024832018,-0.9419090459491026,1.3275314650096135
-1.9118038467512433,-2.041061190017341,-1.9156260770213185,-2.078880358082147,-1.3080802755776382,-1.3223424341217664,-0.1833855405194931,1.0317762349683337,16.906548511312465,-0.5445442747123119,-0.8680277519910965,-1.7612681252667557,-1.4178308397744614,-1.294650753055095,-1.3575868141740142,0.7816077544090702,0.7847707011222989,-0.5902909300618877,0.1422923022483787,16.672067024832018,-0.9419090459491026,1.3275314650096135,-0.3958419826674046,-0.6031048507055599,-0.5411861312971797,-0.6667762419215466,1.173535331362726,1.1661575507884814,-0.3956112375313808,-0.3267397914811843,16.572160492406702,-0.5174331117238148,1.297518518789752
-1.7612681252667557,-1.4178308397744614,-1.294650753055095,-1.3575868141740142,0.7816077544090702,0.7847707011222989,-0.5902909300618877,0.1422923022483787,16.672067024832018,-0.9419090459491026,1.3275314650096135,-0.3958419826674046,-0.6031048507055599,-0.5411861312971797,-0.6667762419215466,1.173535331362726,1.1661575507884814,-0.3956112375313808,-0.3267397914811843,16.572160492406702,-0.5174331117238148,1.297518518789752,-0.6041855019514782,-0.92319083910926,-1.2289915403003584,-1.454762408355103,-1.260730822119263,-1.2697869426072654,-0.1184513486820711,-0.3395922029848496,16.61767634684191,1.780459519658977,-1.5516222623040372
-0.3958419826674046,-0.6031048507055599,-0.5411861312971797,-0.6667762419215466,1.173535331362726,1.1661575507884814,-0.3956112375313808,-0.3267397914811843,16.572160492406702,-0.5174331117238148,1.297518518789752,-0.6041855019514782,-0.92319083910926,-1.2289915403003584,-1.454762408355103,-1.260730822119263,-1.2697869426072654,-0.1184513486820711,-0.3395922029848496,16.61767634684191,1.780459519658977,-1.5516222623040372,-1.0773418290337378,-1.1380507145107834,-0.6953331095100374,-0.6397318750325495,1.264238691897963,1.2534965039969472,-0.6513577896274443,-1.092699693904936,16.33034010228023,-1.7852570946666253,0.6431812732862084
-0.6041855019514782,-0.92319083910926,-1.2289915403003584,-1.454762408355103,-1.260730822119263,-1.2697869426072654,-0.1184513486820711,-0.3395922029848496,16.61767634684191,1.780459519658977,-1.5516222623040372,-1.0773418290337378,-1.1380507145107834,-0.6953331095100374,-0.6397318750325495,1.264238691897963,1.2534965039969472,-0.6513577896274443,-1.092699693904936,16.33034010228023,-1.7852570946666253,0.6431812732862084,-0.7748511319170368,-0.8595950878122187,-0.4034448335104686,-0.6092136523217089,0.0984655890044513,0.1118001305683059,0.3763684703899194,-0.5757268542313801,16.554665356242456,-1.2852093214971787,-0.3386912948006357
-1.0773418290337378,-1.1380507145107834,-0.6953331095100374,-0.6397318750325495,1.264238691897963,1.2534965039969472,-0.6513577896274443,-1.092699693904936,16.33034010228023,-1.7852570946666253,0.6431812732862084,-0.7748511319170368,-0.8595950878122187,-0.4034448335104686,-0.6092136523217089,0.0984655890044513,0.1118001305683059,0.3763684703899194,-0.5757268542313801,16.554665356242456,-1.2852093214971787,-0.3386912948006357,-0.9722147935601128,-1.249916317742947,-1.3732584919740856,-1.3708622818374092,-0.9037536768834846,-0.9011367093463882,0.98041851881754,0.9369004019862912,16.826018186367083,0.3955314286294333,-1.0267321206393034
-0.7748511319170368,-0.8595950878122187,-0.4034448335104686,-0.6092136523217089,0.0984655890044513,0.1118001305683059,0.3763684703899194,-0.5757268542313801,16.554665356242456,-1.2852093214971787,-0.3386912948006357,-0.9722147935601128,-1.249916317742947,-1.3732584919740856,-1.3708622818374092,-0.9037536768834846,-0.9011367093463882,0.98041851881754,0.9369004019862912,16.826018186367083,0.3955314286294333,-1.0267321206393034,-1.477491839703579,-1.463678293167633,-1.283986634820488,-1.2581737572610423,0.4780450816618191,0.4876049691967432,-0.214140324994827,0.626614167302025,16.837763090019077,-0.7835794231025877,0.0245197487109645
-0.9722147935601128,-1.249916317742947,-1.3732584919740856,-1.3708622818374092,-0.9037536768834846,-0.9011367093463882,0.98041851881754,0.9369004019862912,16.826018186367083,0.3955314286294333,-1.0267321206393034,-1.477491839703579,-1.463678293167633,-1.283986634820488,-1.2581737572610423,0.4780450816618191,0.4876049691967432,-0.214140324994827,0.626614167302025,16.837763090019077,-0.7835794231025877,0.0245197487109645,-1.4191173275575677,-0.2591180159040384,-0.8884550231697278,-0.9594653146831256,0.3577310970916367,0.366447891574613,0.3837801230758147,1.0762363185881336,17.007487880054317,0.9890647308927628,0.5960396638009763
-1.477491839703579,-1.463678293167633,-1.283986634820488,-1.2581737572610423,0.4780450816618191,0.4876049691967432,-0.214140324994827,0.626614167302025,16.837763090019077,-0.7835794231025877,0.0245197487109645,-1.4191173275575677,-0.2591180159040384,-0.8884550231697278,-0.9594653146831256,0.3577310970916367,0.366447891574613,0.3837801230758147,1.0762363185881336,17.007487880054317,0.9890647308927628,0.5960396638009763,-1.1352174162899358,-1.0652337343169958,-0.6120137783617472,-0.0875457947865283,0.7696092698565452,0.7685950657802522,-0.0166952838567625,1.1338175823512169,17.035022220644763,-0.8129678259208649,1.0064534024209912
-1.4191173275575677,-0.2591180159040384,-0.8884550231697278,-0.9594653146831256,0.3577310970916367,0.366447891574613,0.3837801230758147,1.0762363185881336,17.007487880054317,0.9890647308927628,0.5960396638009763,-1.1352174162899358,-1.0652337343169958,-0.6120137783617472,-0.0875457947865283,0.7696092698565452,0.7685950657802522,-0.0166952838567625,1.1338175823512169,17.035022220644763,-0.8129678259208649,1.0064534024209912,0.807245077643984,0.9254714285154556,1.6383127183325643,1.4149825379751313,1.2412986736672649,1.2204797117244932,-1.6187027737221718,-0.9838161370130456,16.571798453192123,-1.4173113432933746,0.9734218417876754
-1.1352174162899358,-1.0652337343169958,-0.6120137783617472,-0.0875457947865283,0.7696092698565452,0.7685950657802522,-0.0166952838567625,1.1338175823512169,17.035022220644763,-0.8129678259208649,1.0064534024209912,0.807245077643984,0.9254714285154556,1.6383127183325643,1.4149825379751313,1.2412986736672649,1.2204797117244932,-1.6187027737221718,-0.9838161370130456,16.571798453192123,-1.4173113432933746,0.9734218417876754,1.2236032283044356,1.4584086094443105,1.6905312924381728,1.5358972755373992,0.3020870142999095,0.3100985076308744,-0.1713185622235279,-0.8978562600375799,16.54418011157534,-0.9664927915041778,0.5512131444715825
