index,subsequence_idx,score
5,5,2.6236
7,7,2.6518
73,73,3.13677
74,74,3.01518
75,75,3.21952
144,144,2.56327
145,145,2.45977
147,147,2.55508
286,286,2.59441
288,288,2.62999
301,301,2.44085
312,312,2.58476
321,321,2.54539
323,323,3.94171
335,335,3.61995
342,342,2.83899
343,343,2.86321
344,344,2.68364
346,346,3.87612
359,359,2.55641
393,393,2.49845
427,427,3.35537
428,428,3.12655
429,429,3.52636
473,473,2.80126
474,474,2.9989
475,475,3.1498
480,480,2.51037
496,496,2.54901
