index,subsequence_idx,score
42,42,2.79306
43,43,2.8344
73,73,2.98381
74,74,2.59674
75,75,2.44722
144,144,2.833
145,145,3.23078
279,279,2.68486
288,288,2.29177
296,296,2.33702
393,393,3.03373
427,427,3.29613
428,428,2.70463
429,429,2.48781
473,473,3.48721
474,474,3.34265
