index,subsequence_idx,score
5,5,2.75083
7,7,2.57213
73,73,3.25364
74,74,2.83517
75,75,3.22274
144,144,2.72257
147,147,2.50108
286,286,2.76544
288,288,2.69914
301,301,2.51349
312,312,2.52774
321,321,2.5367
323,323,3.93935
335,335,3.51546
342,342,2.70082
343,343,2.81885
344,344,2.63793
346,346,3.82989
356,356,2.55762
359,359,2.54955
393,393,2.48755
427,427,3.47988
428,428,3.08007
429,429,3.4647
473,473,3.02025
474,474,2.8425
475,475,3.16423
480,480,2.60652
494,494,2.67087
496,496,2.52343
