index,subsequence_idx,score
5,5,2.63651
7,7,2.58916
73,73,3.10971
74,74,3.24471
75,75,3.3
144,144,2.56705
145,145,2.59367
147,147,2.55684
286,286,2.5438
287,287,2.67025
288,288,2.73923
312,312,2.67501
321,321,2.52254
323,323,3.94461
335,335,3.84039
342,342,2.74644
343,343,2.8992
344,344,2.66585
346,346,3.84433
359,359,2.56777
427,427,3.34265
428,428,3.38953
429,429,3.48226
473,473,2.83277
474,474,3.14004
475,475,3.25139
480,480,2.57414
494,494,2.54017
495,495,2.60861
496,496,2.66889
