index,subsequence_idx,score
5,5,2.55604
7,7,2.50378
73,73,3.12084
74,74,3.01724
75,75,3.19078
144,144,2.5683
145,145,2.51863
286,286,2.59518
287,287,2.52878
288,288,2.62592
301,301,2.45485
312,312,2.64417
319,319,2.45604
323,323,3.86652
335,335,3.60919
342,342,2.73382
343,343,2.81849
344,344,2.58347
346,346,3.77356
393,393,2.49611
427,427,3.3347
428,428,3.22989
429,429,3.4054
473,473,2.83328
474,474,2.97442
475,475,3.21223
480,480,2.58428
494,494,2.49551
495,495,2.42912
496,496,2.62656
