index,subsequence_idx,score
5,5,2.58757
6,6,2.57048
73,73,3.02148
74,74,3.35715
75,75,3.03417
144,144,2.55148
145,145,2.7281
286,286,2.53624
287,287,2.73309
312,312,2.62766
323,323,3.86363
335,335,3.81344
342,342,2.67174
343,343,2.91025
344,344,2.57851
346,346,3.67185
358,358,2.58077
393,393,2.46465
427,427,3.24826
428,428,3.46186
429,429,3.31425
473,473,2.76807
474,474,3.12615
475,475,2.96818
495,495,2.49615
