open_std_0,high_std_0,low_std_0,close_std_0,daily_return_std_0,log_return_std_0,volume_change_std_0,relative_volume_std_0,log_volume_0,high_low_range_std_0,excess_return_std_0,open_std_1,high_std_1,low_std_1,close_std_1,daily_return_std_1,log_return_std_1,volume_change_std_1,relative_volume_std_1,log_volume_1,high_low_range_std_1,excess_return_std_1,open_std_2,high_std_2,low_std_2,close_std_2,daily_return_std_2,log_return_std_2,volume_change_std_2,relative_volume_std_2,log_volume_2,high_low_range_std_2,excess_return_std_2
1.1927454585611637,1.16008096326282,1.203396671443422,0.7537292535671563,-0.265718334034599,-0.2602717924419915,-0.5421572341463642,0.0,17.186822485039816,-0.5836029838079817,0.0,0.5382433969243752,1.2731574687302023,0.983918731661828,1.3084572340961045,0.9746294793846898,0.9752789090310304,0.9274349405428874,0.0,17.426439308387607,1.2328201155431964,0.0,1.76665350100937,2.1931354358586,2.000477667623328,2.2361374317634852,2.1077304864635154,2.0922440379228253,1.845206999350414,0.0,17.96167404224083,1.3064822943899377,0.0
1.9520383975052835,1.976215276811378,2.045512684462562,1.9548231566220495,0.2334402693466672,0.2431538127819408,-1.2765985647313447,0.0,17.504517528947588,-0.3305011469074084,0.0,1.5207191191522025,1.4349367485711535,1.492979577478685,1.14693640595268,-1.4327921950003544,-1.4533327014545483,-0.733578854338374,0.0,17.314394112703678,-0.6072800639090403,0.0,0.7175664045319675,0.3907686279416543,0.4323164577700606,0.3385022137700719,-1.330806646898504,-1.347766242952003,0.6619492317733546,0.0,17.561006636121014,-0.2887248366626366,0.0
0.8409872433476266,0.6535860391863688,0.7639938937826901,0.8441583103734481,0.7382679284030648,0.7459563230723236,-1.048659728784209,0.0,17.22050077107227,-0.773877501803848,0.0,0.9148881926423146,1.2134475138917384,1.1275800900122634,1.1377182702425068,0.4230119290122046,0.4321443923737204,0.2114670286594153,0.0,17.338329554059094,0.9470765415116136,0.0,0.8035557150336128,0.4592396913612719,0.6790068896003882,0.2946738334181528,-1.1525358074385843,-1.1624839031521876,-0.7364633332542836,-1.1253545817253707,17.119690339676243,-1.4752032357721463,0.0
0.4378652292939839,0.5077373963556346,0.6712934432999917,0.7398201759397246,0.4403288051494184,0.4492363859398828,0.1903514130279933,-0.7589624403435666,17.21238865827982,-0.9994371167210836,-0.0570130303361555,0.9921656731276454,1.255682153605238,0.8291966486140111,1.2346104768394968,0.2354433734626003,0.2454827164608384,0.3830559081669094,-0.3228286644883062,17.385918955414645,1.5950854531975265,0.0181643329689844,2.638182168039925,2.5292692451760965,2.617626396066348,2.54522458788616,1.7786432113063133,1.7493598014015184,1.92645671475974,1.6295705276102612,18.062344434996433,-0.8787461943091083,1.998694141562992
1.3260763337059518,1.76465536738241,1.310688957723492,1.3112549509939322,-1.08638434848202,-1.1001652628808083,-0.31765940688176,1.540547087276449,17.994645019019543,2.3966925625890916,-0.8316770412082712,0.9623365552886092,0.763868709967947,0.9311207989786544,0.7075776212314756,-0.6606372925492136,-0.6614621635823961,-1.366036801148239,-0.7214613976290256,17.281233991936265,-0.3663949745451815,-0.5293571379807359,0.9938645579401568,1.3233861081778162,1.0382672883449553,1.4666779873017963,1.060143405722379,1.062601335112889,0.988219254734766,0.3071265829699954,17.707539018081157,1.615444909182967,1.0532449963422323
0.5200746784550666,0.0921428778126372,-0.4096793682537438,-0.547163764360382,-1.9236760363060952,-1.969997935327031,1.5207372908148935,1.8859607434887815,18.36668380854531,1.4331526175513305,-2.069345268411671,-0.2229057952460963,-0.7715864341154355,-1.508367864185304,-1.4512653559184912,-0.9456724303460576,-0.9449289956405936,0.0589139381425306,1.5919318624658854,18.59845029774961,1.8365146023270336,-0.9428190901954188,-1.5225453169334509,-1.3798234859800278,-1.1706023709641074,-1.2990759881720275,-0.0128201367958923,0.0070128522699078,-1.3357117492063062,-0.6425220812518874,17.822492790711035,-0.6162954375405628,-0.0647762933289486
-1.488107088235199,-1.5145454402144507,-1.1370750911202296,-1.1790702671267776,0.0461175531089565,0.0655794388502081,-0.5110701141467202,-0.897993670004495,17.729054426293917,-1.2446245922742651,-0.1892341984095029,-1.3876401759106076,-1.3652148685997012,-1.267446696364505,-1.0189359216430884,0.0982581755673637,0.1174729709009317,-0.1612958207809533,-0.8395571849931163,17.817851319946516,-0.5317894845119276,0.1759131841176557,-1.1634742067312938,-0.8149262742271683,-0.7686380678082866,-0.5258370410188242,0.6138625397728399,0.62551196635783,-0.4411547931608958,-0.9537315728600432,17.730907883963997,-0.2962598868833261,0.7025711271256513
-0.8018172210391739,-0.5627127120009084,-0.503571248116508,-0.6372999207284603,-0.0968006197232127,-0.0808732183518207,-0.4266200295300569,-0.9184795047809076,17.564134270017473,-0.3993075628273428,0.3034240789726715,-0.7642910344644503,-0.8237953657399921,-0.7123702388179057,-0.7158840131837058,-0.066305385629778,-0.0505191149524229,-0.4798485427077897,-0.907843326270362,17.350192276977204,-0.6063245002180963,-0.030264393767144,-1.045926918934822,-1.1190649925442968,-0.9475404380055238,-1.0618326353813845,-0.4780509776605841,-0.4635699205725803,-0.2251056599622338,-0.8629421582164216,17.33090829848706,-1.1115984905715244,0.0359733742392176
-1.257592828934854,-1.3715284789376825,-1.5133298481800717,-1.4257880531362015,0.5008101404311467,0.5033447249175572,-0.2465228392194199,-0.7756295781866146,17.245748840790068,-0.8375229639801031,0.4850098068083369,-1.1493546196281883,-1.354816965588264,-1.8298121516173131,-1.6167033106510729,0.0243908390028856,0.0325138584847054,1.5567564084212324,-0.1606655001707221,17.534104166329676,-0.2471954035180068,-0.5284348941150722,-2.0797806417085845,-1.766436445476181,-1.7733273688243816,-1.7721773823500095,-0.9396325119518452,-0.94374042854443,-0.1260405762204879,0.7263428018682799,17.41515163899073,-1.1576153750867109,-0.5298110695327786
-1.446061779697978,-1.3142670374882133,-1.1413453364361488,-1.1748046415087114,0.9056638416489592,0.9088207712267328,-1.1658811055976106,-0.3172975563886129,17.129780231863705,-1.4929285573724569,0.7408177454838228,-1.3333450204745234,-0.7634190413472361,-0.941108485866302,-0.9031467085070748,0.4699086199550555,0.4761476520997709,0.7736953161154538,0.5910789346240659,17.221430139138057,-0.0429598493416315,0.5892799621960346,-0.8629094992662022,-0.6896398460112892,-0.6506432550858788,-0.6414586678171259,0.5301367041002288,0.5359454054918961,0.4476680025538267,1.269117571426217,17.253078473078844,-0.7014104481266578,0.7803311532713274
-0.8194565419917877,-0.0897230027939188,-0.5389787011544138,0.2178693328674021,1.694964958255654,1.682034864964492,0.3924323591178328,1.5359987081380762,17.287613678193818,1.3460391344043516,1.402149190651922,0.675252248147847,0.9529268480394788,1.3231570902820606,1.3659702828327442,1.318005092200815,1.3097936583522531,0.5899026761171599,1.6789247541099437,17.375422503359605,-0.7347211620686845,0.3104431645271749,1.7014380828753453,2.1232981060945195,2.055213923147994,2.0088583909223563,0.9601937931369096,0.956076983393585,-0.49729269061319,1.0341135520962332,17.30102767238969,0.4691563284042229,1.477123081546762
1.8040317066555724,1.5490701627939507,1.4770034309170843,1.109213421121395,-1.190941309275159,-1.1924538636292563,-0.8595971885309618,0.1114523849393139,17.141822778359987,0.6508602510542837,-0.066504641062535,1.1526496220115554,1.331001338119609,1.3579337777520346,1.0858879666000734,0.097542573633342,0.1031148683224109,1.1477954812843676,1.27222859468259,17.34490474108765,0.2494267664368594,-0.0090419544545598,0.9649754107336508,0.950166247729316,0.3066726890299813,0.1214039319194503,-1.5048859910282282,-1.5104468180932002,-0.8944489963146827,0.1082313611570605,17.176354619983165,2.1278936322062156,-0.9024487320459788
0.04752539029997,-0.2871955098222128,-0.5154366331142658,-0.8198042252398547,-1.3799536377844237,-1.3832938703785789,1.440769019305936,1.5656529246394344,17.39738929090734,0.5111819969555873,-1.458695030711597,-0.9229987241311688,-0.5621536486857182,-1.0194427557722416,-0.68200747989657,0.2655895070570067,0.2708741406633024,-0.0032031031375149,1.4329147160351543,17.435457879818024,1.284325354065616,0.3782613972660532,0.0769467622321977,0.2090652057280914,0.3801000633803469,0.7439592309181998,1.5638554059842824,1.5488065690594597,-0.4420833401961392,0.792212194963983,17.400422997269146,-0.4583337920374864,1.4090489748254469
0.2777575758607019,1.4175727042391184,0.3536362375779681,1.6026842092578293,0.9030833199997882,0.9011315742305116,1.8720205353273631,2.318678214820026,17.73989881755379,1.857934546164043,2.1708420659153163,1.6630229459507535,2.3089118165298927,1.6088785664223078,2.246394926833013,1.6195643680377445,1.601485506946707,1.0461101216241313,2.222155815927255,17.99743857101056,2.03015733093791,1.4447372309836113,2.2492164267155417,1.9551202854657692,2.26916762763435,1.8496773014200028,0.2130414892458173,0.2221970629645683,-0.7012425500392341,1.116505667927184,17.926851542528063,-0.3528808520644064,1.017769806108922
1.6213183696292472,1.2931234564205298,1.6352479295404476,1.3753175609867452,-0.4815877518464842,-0.4759890845975336,-1.892299262818956,-1.2122549019462798,17.310817429193673,-0.9740190479733344,-1.510934464941155,1.5057083404655942,1.6128217080965983,1.5202410893333616,1.6496127314434534,1.1318342996201718,1.1270812532649852,0.7631128177168665,-0.6492996169387847,17.55580294805842,0.3842516308348637,0.8544372478941608,1.655857408070741,1.4775764472252553,1.5213973638302034,1.0863879683390851,-1.0274163821949085,-1.0298939388090285,-0.1018211230048228,-0.5995470378455122,17.586601159294112,-0.2304878103083368,-0.6146487009933675
1.404844368519454,1.1423850041340486,1.362250734954469,1.20987619319671,0.3671611858152696,0.3744146157855698,-0.5083622205903899,-0.9031141805508937,17.52413874086307,-1.102787061831568,0.3986957128428883,1.1297711730000726,0.8246085697311804,1.0316287764882162,1.0035260190836492,-0.8865831999887396,-0.8849050857240892,-1.0418356866611818,-1.3515992511985306,17.22973278025111,-1.0798966482599768,-1.3347569625146944,0.9105237842023935,0.5430223367484236,0.535452155230318,0.2464696262083644,-1.7151545271303288,-1.7330091480202143,0.0332466805062883,-1.0553399588485106,17.25339020929751,-0.1871741808107007,-1.940257233026499
0.3006787121507164,-0.3016570247654121,-0.1404681927055019,-0.4106671597902832,-0.9048778373097932,-0.9046062017663036,0.0322249275524591,-0.83652108206652,17.28305423201047,-0.2816484144497006,-0.8860015312003534,0.0465966249597527,-0.7141521946226251,-0.1598274834401796,-0.6843742884363313,-0.0880779502007904,-0.0781014691621208,-0.3269715494258025,-0.7745277439544259,17.17517739553309,-0.7586024164630731,-0.6481110070588679,-0.8663641362501124,-1.3849403542975502,-0.9497414627365676,-1.0034640073653442,-0.298668364074404,-0.2920866592195666,0.9410404805797148,-0.0562718888281836,17.314626865207718,-1.2395074868724734,-0.5011967898440624
-0.7657176734856944,-0.0557076967945334,-0.3127971971809056,0.3878086120066582,1.2589297065815317,1.2561514212629898,0.6611443385695412,1.4671945813408478,17.422729773990756,0.5589240593218247,0.9760534638877308,-0.3439617791521047,0.1432748310814218,0.0842053583858121,0.5787445108779211,0.1379581691929746,0.1471908436858757,-1.7080764338245504,-0.8127549609819879,17.035801421193298,0.1401312070899855,0.2111900355798339,0.6849965280498709,0.6963059211860043,1.112578226069815,0.7983370903110644,0.2083701574500176,0.215720863761425,0.111988954504401,-0.5218514394352649,17.010917162592417,-1.1015625464296213,0.811518009501379
1.3656247349204726,1.0482581454363566,0.8647097366227597,0.583476693954278,-0.2213758719446428,-0.2144282730205743,1.1547018645288003,0.8369312170762802,17.158036652558902,0.396773900636406,0.1922996614924914,1.041190148541958,2.031278885099233,1.2579985265874774,2.021077452607402,1.8477970496764575,1.8308187487101657,2.3484122147854096,2.5485230197919897,17.701425720335667,2.3143376765838233,2.0162574628510166,1.6400001834224154,1.1485059916797409,1.4827996105119017,1.0847536390961807,-0.9656049361046412,-0.9701521516279394,-1.5144698175483702,-0.1156051627747838,17.11384064663764,-0.1527051826322753,-0.9211459487960938
1.2233601986363258,0.6959303697068167,1.0409964840057413,0.5209147637464248,-0.7385149624864382,-0.7405964697609292,-0.1698018053949402,-0.2172257387125458,17.085528103733346,-0.4855818003748985,-0.6154604552896106,1.0072916462607735,0.5588076165251996,0.7194468525863004,0.0908279014584815,-0.6037643166531066,-0.6035502922148303,-0.2813673523465368,-0.4219601570984989,17.00887577677665,-0.0626034473854001,-0.2088981488680156,0.5507340946271883,0.7036229774241171,1.2243379435581687,1.1430743425242529,1.1083773741047007,1.1104066614648165,-0.0248758567097674,-0.3778254347521397,17.02811077231662,-0.8302730023103245,0.6731592958665032
0.8700081503032606,1.3125802460442244,1.557104898025789,1.6530258308680297,0.305171076354345,0.3131911511892765,0.1628991025218734,-0.0547327161127023,17.095594401498694,-0.4854928400185813,0.6537915125544062,-0.6059383413611846,-0.515632923711115,-0.0076782683185059,-0.0579314241339968,-1.4650317473550625,-1.482513513905545,1.09033977584642,1.314248976346036,17.44174838403416,-0.7708201235700537,-1.6979760622874651,0.5952175077482278,-0.4732232718156324,-0.703986764439485,-0.95302366415248,-0.6977605999075865,-0.6974605817663493,-1.040293443934607,-0.2431654888181211,17.096286463846074,0.1292900112994061,-0.7502272206228743
-2.0908080489760223,-1.6004277748687914,-1.4626572403806406,-1.076364771742448,-0.1342734055259721,-0.126190514068301,-0.7246322923159272,-0.9689590567092848,16.855532454858288,-0.4991165380908272,-0.0707784854173339,-1.406232089845198,-0.633361306646002,-0.7537635100302423,-0.495859117574904,0.4700332276618398,0.4791146557239781,0.7963209387236708,-0.0273554402444244,17.141294536280885,0.0050906540185213,0.84569544178912,-0.1802192795930906,-0.6916204652840642,0.0636753805975784,-0.2754123772815462,0.238455035175397,0.2458412052907555,-0.1661786712367311,0.3727296581233718,17.065888964612867,-1.8928557087268396,0.2334406754980945
-0.0481030970079633,-0.0164674546108548,0.0278196205101816,0.146177444297542,0.3704196665477974,0.376327707130775,-0.4275800040794479,-0.1315677729359123,16.97433064167275,-0.1182746461747302,0.3740765977224523,0.3188759963554104,0.0455416294274742,-0.6948361414667787,-1.1352244143144743,-1.151026065048696,-1.1549111971940509,2.3152951709898804,2.387737442983921,17.658485711822664,1.653013334167389,-0.262126045679159,-0.3676269547218391,-0.2444242183601833,-1.4382373245341449,-1.1016421309088245,-0.0355273632380461,-0.0282547391866058,0.0374668465665405,1.8135178867395072,17.79233956750323,2.1708076332178536,0.1676215137583978
-0.6725728116938908,1.4600768446517074,-0.557380611850408,1.2366571454890427,2.0210103955502925,1.9997747292532777,-0.4850761439882379,0.9500198774609954,17.729315993918895,2.1642024217478157,1.1626189999962042,1.69256316024462,0.9258869566199774,1.3732213466120315,1.4349019559221443,-0.059090370056016,-0.051468545189087,-0.919847280264396,-0.3473551079166861,17.402905336749058,-0.2680077923457479,-0.5961822230105569,1.2051109040602348,1.2984918084114911,2.1745742037695437,1.1496806944970146,-0.1664021935787137,-0.1610166705082454,-0.715296944331378,-0.8829093485390163,17.099488532601583,-1.1811072874355597,-0.16792324210026
1.3131150963214886,0.422808958258687,-0.4134820438439329,-0.1853120286265091,-1.1628968917885658,-1.175140171817291,0.2577321321203,-0.5615434389491145,17.249407468050425,0.7823316245376708,-0.8295708745290346,-0.1212155449409666,0.5876250615417468,0.4938238823592348,-0.2211749960722245,-0.0272851651137137,-0.0203949130386523,-0.9143198731203892,-1.255269664537163,16.897209542200677,-0.1125274363856679,0.5477598995599849,-0.3643652654471907,-1.565291976163106,-0.3801978875187166,-0.6922215615057881,-0.4080897912176072,-0.4061731791456422,0.1181633518254207,-0.9777891460685508,16.96907960933128,-0.7775415502255606,-0.0984311484985555
-0.9784805479673092,-1.2095298396764955,-0.1997066607112265,-0.068676580043636,0.5136007569933496,0.5227257653243923,0.2292411549065536,-0.6775185019783101,17.0973649754139,-0.7453988165892074,-1.17948153833601,-0.5608022262584149,0.9344806203939476,0.6686851539206914,1.2532322839837613,1.111610920263192,1.1156215447691904,-0.1722326595687603,-0.6623146079733837,17.093085424850695,0.0598197998278365,1.7364343033282148,1.872430959403572,2.0461616186515017,1.7188904021844618,0.8101109377447094,-0.4721007064222134,-0.4704412689499402,1.6736974259621014,0.3018420069060979,17.408982605047473,0.1506001065060561,-0.1450347869156601
1.2327155324982015,2.2805314597130195,1.724753494179362,2.3587516522005405,1.721003846550353,1.7120964163730572,2.105596497140083,2.190464343226554,17.96107726120925,1.5944705189016908,2.040120586701209,2.6167386681507048,2.352284011432848,2.539864917594727,2.378135025777099,1.7109107637729697,1.7028400084310642,0.4940006395634027,2.0812646140987017,18.183691798490372,0.5157199265583688,1.8846864621851531,1.9671040371340092,1.7027554118596364,1.9791704280422056,1.8168657251842548,-0.0601867148966292,-0.0516475929861446,-1.5454947702385466,0.036996233265845,17.53088103095638,-0.7975830531517961,-0.0377922111820164
1.4121862822112865,1.3911342007231209,1.4899770894096795,1.2708268479235298,-0.8279244464988942,-0.8308704417540566,-0.5849594483504822,-0.2955665289274964,17.406413307755265,-0.4942060066947075,-1.0802407724982048,1.192521975949475,1.4099633635706457,1.253713800790041,1.4274045794619916,0.6772877542478104,0.6842230156201445,0.435497102375889,0.0321934576802308,17.62296386828691,1.1001787770480802,0.9702746005636556,1.3927356167121574,1.2489163820730882,1.3418433568475534,1.318683517058661,-0.1497494116408241,-0.1421903142263869,-1.0411099078653858,-0.6607146616495332,17.321776442652716,-0.2897766095797702,-0.6474346931507295
1.301527225119074,1.2516632321201526,1.3464010354617142,1.3442200470894787,0.0135574327318711,0.0211311979747316,-0.1053845878737628,-0.6604506031853596,17.377527788169985,-0.6612348121271765,-0.2973100294818965,1.415734584382624,1.4287687762976804,1.300960799761778,1.1301701512913946,-0.8967262623407368,-0.8980595547222591,0.2225996410221908,-0.4684534383423754,17.537106469306785,0.3558295872400246,-0.7051685973149736,1.14151317757784,1.3110004110608655,1.2046995561887106,1.2916391972260697,0.1998776419532085,0.2078854837471513,-0.6571371928390422,-0.8122104460407199,17.378061218350567,0.1791170065097616,0.2538925328745802
1.173432230266442,0.8503601848975995,0.9661657469486862,0.739810148061784,-1.659400815739883,-1.677384216250963,-0.2273744827353616,-0.7630166820537284,17.343231950297422,-0.8578907617206731,-1.1064093882232475,0.4265516783753142,1.3756154253145755e-06,0.2945730466667527,0.1353475735731325,-1.1228762901868328,-1.1284063520693002,0.1528737954425113,-0.4968112361456708,17.347227329889304,-1.0965198210339338,-0.8063716149995679,1.1962165895182597,0.8919437550523039,0.8287740162874376,0.8460458777252197,0.981145833973432,0.9778245585794454,1.1807010643532505,1.3601902779751638,17.56069947816397,0.455958698429344,0.5358162739643747
0.6287985331975697,0.7254874888881625,0.8390393570364716,1.0592636594750626,0.2001075801516542,0.2062286034611135,-0.8981141392655615,0.3406916506754948,17.38886414272924,-0.3468001243939413,-0.5778692323681035,1.260880328678125,0.7736095310916437,0.5205385906957485,0.5993127035985416,-0.8699277191616096,-0.8660602098390081,-0.1498442774751694,0.2466676479914567,17.373047678856732,0.6456761938193221,-0.9034242005227294,-0.0498483951525028,-0.2182386428406905,0.7351882286643262,-0.0636294621028863,-0.6463902491939602,-0.6420521878146533,0.4722973813283623,1.0822885449617754,17.435195361306615,-1.7530956183217383,-0.1681256571309885
-0.2383517921642982,-0.2049918978658232,0.7610574888461898,0.4096689260367806,0.3137892848078099,0.3192041956340802,-1.2715158522419157,-0.4821954299810632,17.24213852375125,-1.179721132621905,-0.4272943701755416,0.4294578061989438,0.8818527042823228,1.5681384754743806,1.0088353076422203,0.4513608717293651,0.4558625569237797,-0.7479622024664366,-1.1349945618880797,17.10997985964902,-0.4740104831683351,-0.7049259009949378,0.404138968200922,1.5214373670237675,1.3115005305685818,1.561895422279444,0.5828632979172292,0.5856249790840029,1.459691906787621,0.3457660414277921,17.290748083289376,1.0212226175257206,1.2020019662246264
1.5225856678753031,1.6705137607621403,1.8643795374591356,1.8477388437970357,0.6518573385509269,0.6535886257014992,-1.0568709801499216,-0.8815429980610219,17.097860625326394,0.2887418779271522,0.9937416428483148,1.6371254033521192,1.5574863433639443,-0.3625198012312562,-0.8154689782769659,-2.2373701970686373,-2.25303004890338,2.5690399991682447,2.4379958609492,17.77706632795639,2.505273390522756,-2.316700404052871,-1.262670441382976,-1.4201012524393173,-1.2834902224028055,-1.22043156149064,-0.2504294690069465,-0.2409349510905904,-1.2474218573247902,-0.6205608923334494,17.196137851907825,-0.7049538368471278,-0.4419820578077404
-1.0324339248745689,-0.992785581281156,-0.7204106263215316,-1.023202110513483,0.1127466337686442,0.1179464441314933,-0.4876752252297446,-0.9837982980164276,16.983619307861936,-0.6856797470405241,0.3237013480703005,-0.678359594428546,-0.7597817904610178,-0.8285004164723472,-0.1395863668617328,0.8209580666988642,0.8131092028972874,0.419480807659404,-0.2218772213473674,17.15859852078336,-0.3121802514599688,0.4786879054838094,0.6695533878206694,-0.1940029548940282,0.2914576809752607,-0.036695788204246,0.089087261734199,0.0944813489691772,-0.5714733699670113,-0.8111701689248412,16.91912371338317,-0.4800796341970307,-0.1418055801281647
-0.5031716934006827,-0.7329510794841239,-0.9641049455236252,-0.1825691905557702,-0.1403720280787881,-0.1319427600255278,0.8134535508046228,0.4790139992935888,17.2362589339585,-0.1406297614255492,0.1337365155959143,-0.5047832504929454,-0.1000267267707419,-0.222109186682908,0.5813857035765222,0.6944654457330085,0.6877846943824705,0.1939220616930865,0.9074411138356532,17.377871145546155,0.0651425980816158,0.2281194600589314,1.041465123401288,0.2239408533873556,0.4970238899724752,-0.2761695211533005,-0.7675264157986017,-0.7565400341003873,0.438615567610338,1.488659009338851,17.633530550872564,-0.1335204028219836,-0.3987366013631115
-0.626583446573564,-0.4132887670989896,-0.2750533013967526,-0.391621161218033,-0.0850487778449413,-0.0775993407893912,-1.1075842750017857,-0.5990694194266265,17.077350120582437,-0.3121954848319536,0.5386324296252907,-0.758000102276187,-1.185744887316063,-1.9836041342939057,-2.0023595272328785,-1.0270234457286904,-1.0208306426438518,0.1741590113368983,-0.2174602125394941,17.226866202655582,-0.1770313432770769,-0.7541188275202483,-1.8572340126135545,-0.9045675349907902,-2.0647258528673627,0.0465838991550489,1.7209694479053703,1.7082940191566554,-0.304362323547191,-0.157251380568251,17.1095755217433,2.4703449506276836,2.2326621870039385
-0.9058212663810952,-1.2176849247515624,-0.3985041477147157,-0.639928224325568,-0.5511052865164215,-0.547551168013087,0.9042259752178836,0.8539495034681778,17.367576123668545,-1.0695708209249024,0.2474021720504624,-1.1052061274160947,-1.5022650761444536,-1.736894747207531,-2.2682321275277864,-1.8322852561579852,-1.84800652015179,-0.3709345624281106,0.4029388967828675,17.34098542579634,1.2520284449432524,-2.0082494203289287,-2.0102672375627257,-2.159197585952891,-1.955701745687383,-1.651035800792921,0.2724283189464309,0.2783267020545853,0.3844339398840666,0.8887247550304516,17.49271970316045,0.3138281565784829,-0.5211968339344305
-1.545430468582982,-1.2146803683631835,-1.307937000497297,-0.7040641795943395,1.116529447550613,1.11144163460607,-1.3791783836208775,-1.218441885543697,17.11472692922458,0.8130609596702216,1.3726596821995505,-0.6314410609298964,-1.105093435212978,-0.5855427836330018,-0.95149319656688,-0.3212769638433262,-0.3142990700852516,-0.4765107077258113,-1.321008073078927,16.997344775303013,-1.2977582154580032,-0.6497585744371056,-0.1968955168438089,-0.5210768547985065,0.1007879666967976,-0.5558561434783611,0.5774550305129783,0.5816779064120968,0.8302847959613721,-0.3404930626325707,17.200568428918963,-1.3706709616423591,-0.1672136056700254
-0.4001152260741623,-0.8228118305231563,-0.1075283872758873,-0.3137644884590994,0.2842222987842594,0.2900319211242657,-1.578337629741989,-1.9485449489056572,16.487443029343403,-1.1388379951862266,0.3105849401029834,-0.2478592041504076,0.837143574420044,0.3444731495668914,0.8647019507494794,0.9671081040539662,0.9630448011381884,2.1652325944391335,0.1596529641465412,17.13277549059703,0.6168542551452141,1.2527592070796305,0.2854052453742535,-0.6248959467311382,-0.1118992188695821,-0.1099574793323735,-0.8183484264634019,-0.8129953440479977,-0.3710151412090673,-0.2073091841780052,17.024142129188235,-0.6434334081620422,-0.2800654520735786
0.4905404918952632,0.0794386197244036,0.5591491788899761,-0.3403360757816827,-0.1625829810461725,-0.1556446463302133,-0.4195967588506216,-0.5886373205067971,16.892481792626036,-0.7357302890107728,0.0709693938087182,-0.638265454519699,-1.7311939538734442,-1.5052505259972022,-2.039362653992546,-1.2908909126812989,-1.2932345845014648,1.2996733829597047,1.5396168055405726,17.379824052441414,-0.1967411894652793,-1.396636357229328,-1.7023646745855694,-1.6629885616372764,-1.5717689800288666,-1.3362781476425916,0.5376149178675942,0.5400720980392375,-0.8691866060819537,-0.1440588614453192,16.954425048514704,0.1929863666644218,0.1994121929427879
-0.0211928477437074,0.0919684684740861,0.2403751066449625,-0.2255092265143488,1.0660920526612256,1.060916963718422,0.5741572322206322,1.3229518953396384,17.230097925635164,-0.303291975466322,0.6977969687208184,1.352176498618613,2.075345137561697,1.2946678991304676,2.137535162580534,2.1857373218661804,2.163469960763858,0.7189664184352436,2.0553613838870133,17.606447852402983,2.2243925078857556,2.115911801201771,2.310914051484093,1.9677793108556871,2.0321992146958623,1.7686405373201453,0.0885719403524919,0.0976081276677738,-0.8037371423213653,0.5113422769691195,17.320070490681584,0.821144367800271,0.3004213197864552
1.909399538194253,1.5610956914358816,1.7220635521456569,1.2065358922572789,-0.5263332319941907,-0.5236799018881207,-0.6424142117756799,-0.3142224967397758,17.062631740358757,0.2894815116263529,-0.7184662984775952,1.1677921518655057,0.6873358395583533,1.052596601151761,0.7765390028135031,-0.5238557913987268,-0.5215416289178365,-0.2548002396656251,-0.6095502862489878,17.082277133126674,-1.0140988343099733,-0.8391221205365995,0.9571063691424202,0.7341643967530871,0.5696917507939335,0.2379888177111074,-0.7117998133713604,-0.7156214000062232,0.9831615505423698,0.5954421018912013,17.43246429937101,0.8866185907448946,-0.778033809908349
-0.048192868156939,0.3187005641028728,-0.5943197714232897,-0.5902143062365405,-1.06902640453458,-1.0825376635526511,-0.2143313639116902,0.3636725120141549,17.450641099864452,2.2247518283075234,-0.7023875971829137,-0.3101611059816394,-0.5902698507129955,-0.4031059176550224,-0.3623938239121606,0.293521722352813,0.3044961863395893,1.7356210978437945,2.1924825149985985,18.10511896585369,-0.5737420208511923,0.4754715898074131,-0.1006301276109357,-0.1571455396384286,0.1870708240386674,-0.0676367519422118,0.420225068381869,0.4300803386128446,-1.4631707682535855,-0.9923751021992356,17.206189514438226,-0.7616620903200177,0.4354288363620914
-0.4779922856338879,-0.3896879876007962,-0.0028213821111299,-0.0081286191950319,0.0611038134821326,0.0701457212681383,1.2214622485490263,0.3096070553551375,17.776506587032515,-0.6428300008502114,0.0727736042207288,2.165786268515754,2.1507704579297418,2.150060652423982,2.051080820226545,1.9146061094203557,1.899447956629973,0.0070889232461599,0.5530908744771899,17.93750434954454,-0.412453522905516,2.086971737684456,1.8639927008712465,1.9469381100718244,1.6701177006761778,1.6100795814589852,-0.1393124793196669,-0.1317765176659565,-0.7665095457459301,-0.4269026309123592,17.621108058612723,0.9014062136405468,0.1825117609501249
1.304415038984422,1.580783260477472,1.6228772295939324,1.8098838359062988,0.8248400003834073,0.8366352418053493,-0.6087461297309393,-0.8899464978822217,17.41531835963245,-0.0458446035115638,0.478425727267796,1.3999354333244238,1.250831058390765,1.478222489896475,1.4347534135534092,-0.243063460986926,-0.2363355028534335,-0.7056709871223206,-1.280872946728074,17.149695284787125,-0.9359019422286734,-0.251779349595834,0.8353371951947193,0.8823370119489992,1.0360695286619286,0.9973657729453014,-0.6715659700417514,-0.6738921897273301,-0.5330916129033664,-1.3378193720723228,16.95823082041125,-0.8037752706465618,-0.5710156468052325
0.473157087304084,0.302122491375038,0.3566685666817015,0.3158937397534025,-1.2374318055230098,-1.256799286450791,0.1648783677929757,-0.9381228144251926,17.084063810410147,-0.2909899947425504,-0.8199145694575493,0.0559863636716683,0.0648433959706318,0.1801987892619805,0.1791773911990656,-0.3298911222800274,-0.3248069009320241,-0.5532455748933628,-1.0043566117006837,16.81570789825467,-0.6812938133750455,-0.2828042246387167,0.17855667419706,0.3469069064079719,0.1092677005508635,-0.0805163630884888,-0.4281216607620818,-0.4252349864505488,0.8673079438269179,-0.3546689031798632,17.078594675766983,1.1361539524789928,-0.2841904745430643
-0.0530031872862314,0.2000859956142087,0.2419525629321363,0.6841354348228926,0.8119819046121831,0.822176130928628,-0.4346342022151931,-0.5512232464316953,16.939913096734898,-0.1241052846889855,0.4553896910900597,0.2695546221824989,-0.2147319095758516,0.2600407535123756,0.5900387548906495,-0.3695818032240078,-0.3646178853698832,0.4592271159056847,-0.1340077097491434,16.97400777325255,-0.8087522746448448,-0.3006515827466199,0.8703367798493863,0.0777437272989421,-0.1579206236702968,-0.4041563879843893,-0.8813323983604782,-0.8831663487371204,0.6732367931660383,0.983981771435938,17.03089633971082,0.3878800576195286,-0.9774220435559626
0.6720972441005592,0.1772557735193531,0.1097779888291174,-0.4071314252023384,-0.0064528042502396,0.000485714239473,-0.5705914513353435,0.8921433387234201,16.853238584913974,0.1243929871039058,-0.2091827626561683,-1.005210086886566,-1.1666285082457282,-0.6338888234352794,-0.3409611511369927,0.0945668601898324,0.1006976280433827,-0.0846563900514849,0.9774655718514008,16.789467510741133,-0.9767798606592508,-0.0394894915140773,-0.3650787125828385,0.1490793706040582,0.1865277018060151,0.9791553495150834,1.0541142073402792,1.0553869053204366,1.387486367200652,1.8813312771496056,17.02213568857103,-0.0635904074362002,0.8440649973388016
1.003711138097867,0.3507649159953249,0.8183997593327932,-0.0070401711633186,-0.7476320227542389,-0.7472880840882857,-1.0518278059971746,0.548351520687392,16.79971165228248,-0.5973324152556206,-0.2701408890873892,-0.8458193799420907,-0.9089830939018806,-1.0539280751669895,-0.9030788560149292,-0.7208092199245005,-0.7228912177461769,1.2715159497312216,1.587141208215743,17.042993277025122,-0.0437095289065051,-0.5496008126755206,-0.1514720439458375,0.8605337763033183,0.6987618104088582,-0.0419623548938336,0.6711316370021324,0.6769691571115987,1.2403045896054383,2.1955651203694178,17.325451755464123,0.3142700942403504,1.6610922713448992
-1.1588774102002557,-1.9357180072003743,-2.374131827135734,-1.9195706384859492,-1.3345279016509912,-1.3457644747932012,-0.6163861775741017,1.2147836797751863,17.23295198778189,1.1704315899611462,-1.9408393031063969,-1.7200398895602935,-1.742390109548415,-1.609073574033073,-1.001813520645624,0.8960337999838572,0.8964284363086072,-1.0021221393014426,0.0941408551136379,17.04428526681772,-0.5036487006608107,-0.0003541958934233,-0.6640081528927657,-0.3753514778400536,-0.0072047915121637,-0.2647101160546147,0.6650142559135562,0.6669264194791471,-0.6707935811775577,-0.6260918592227401,16.909616541192033,-1.0993641661188451,0.7928389611268936
0.6577635091317199,1.7740504770600434,1.2130869126060129,1.9415716747751337,1.7903380322184437,1.7762805181719523,1.0458596091724102,0.4306190115149413,17.14125499673826,2.0809889186757062,1.1549655683319966,2.3255323359064164,1.7916798993439071,0.943499008464552,0.1025525099584456,-1.3377680785890589,-1.3453374944730283,-0.1230907787596582,0.2634708047544687,17.165439241427617,2.3093583546573835,-0.7999552408886468,-0.0792353565849285,-0.2405035543076355,-0.8564861464881576,0.1504419565291126,0.0288810552769069,0.0355176293141496,-0.533449746437087,-0.4469316827348669,17.102527195420322,0.843825568483977,-0.7059667004083814
0.7507282620653765,0.7035840491070309,1.2213229908965362,0.9984864979354252,0.6179151702403065,0.6220344587264316,-1.1037938636380384,-1.4720680419341672,16.838045460360267,-0.5594947672444543,0.1292091192055647,1.1132001792236834,1.9528554886981528,1.9136032396237097,2.1376916310646576,1.46357743975629,1.4528410973412922,2.4548161145061074,1.8350687173864233,17.578467292689524,1.2965070286611122,0.9272149089290675,1.7023620865135387,1.413025956044886,1.9254358098145228,1.8755238727983947,0.2697845015113247,0.2753476553062106,-0.9879896673929546,-0.5384230946120581,17.15893054602273,-0.970296051492921,0.2582274291946368
1.6160755194565302,1.5355480165518005,1.8184199347013237,1.499114026436585,-0.1733961767934,-0.1663472513066587,0.0474365312909023,-0.0689017677342573,17.2184997001311,-0.894944753334703,0.2052440926672478,1.5827674384112105,1.1230560254959123,1.2355849368127436,1.107873495359356,-0.7466813645141985,-0.7436863736290403,-0.7331835937937602,-1.170327862281399,16.884707071520896,-0.4355437759330256,-1.1422193968434975,0.8252633297659815,0.6586517965236168,0.962448353296727,0.9512631821330148,-0.3595153441780902,-0.3542851656607644,-0.3097758630827291,-1.2019009476403564,16.780943456620474,-1.0867139831219683,0.2035221260272414
0.855085639486105,0.5541593394015072,0.5174857696113212,0.3532561229585078,-0.9573954565546146,-0.9587983686531638,-0.1840885162587338,-1.1156002789814212,16.743204914631278,-0.2026750594689239,-0.678406198998952,-0.1826946931294775,0.062021341343787,0.1615061112155978,0.5496223964875758,0.2991743182458297,0.3045718187941714,-0.0124339000445682,-0.8166182819180194,16.751721091928584,-0.3214356649122433,1.0948334003162852,0.3189471571112028,0.4334353629968145,0.6983420450597247,0.8362392445334976,0.3312332893023878,0.3363949265512627,0.5202105702733352,0.050930846125078,16.974988800395217,-1.0655205105039005,0.5972347522234144
0.8841328792723318,0.7469048446187879,1.0894251813494578,1.0314546413359775,-0.1410130414302429,-0.1372502764723344,-0.3605664999043221,-0.2524899960868801,16.848702427506982,-1.0176192146773744,-1.08874174972825,0.6139862495716779,0.121699128907883,0.6764957629697136,-0.3917537003129619,-1.350245008733779,-1.3603176275931972,-0.3832874167665915,-0.5997727351772663,16.728160145288673,-0.8737358033727299,-1.3162990143208917,-0.4792184183589345,0.1180210310228518,-0.4849412056403161,1.164570104629846,1.1030253267549286,1.09943980991447,1.0162855296803075,0.7352988722523334,16.848032756159046,1.1254979748721234,1.1232843351854087
1.417190804677778,1.8579559422802825,1.406083537742549,1.979708317050042,1.0958487718240022,1.0923819049657424,1.1918186400708424,1.8311070844656223,17.02437649060556,0.3762579190152619,-0.0202982170231304,1.3746801618122753,1.4721197242086617,1.442153252669673,1.08601597735869,-0.7448653194709646,-0.7426124518889312,2.137447685360286,2.5631836493635283,17.476720749282087,-0.4642098338198047,0.822069098042832,0.4640336073685272,1.6252297028792608,1.2568692627653666,1.4028125078200944,0.499861820051737,0.5012503606551826,-1.7435201127313258,0.061181078071189,16.900228554037778,0.6085856322320919,0.3575252830186113
0.8956378367322901,0.7995414798564093,1.0344468009352017,1.0310045431857222,-0.3619837027682118,-0.3581180394107794,-0.3946977852425405,-0.2334018340330598,16.828773320638888,-0.9462907113921092,-0.3607822463059649,1.1297200416875202,0.3951222503987412,-1.228980421404693,-1.960844643465086,-2.386057040530634,-2.3955391503276453,1.273609355054253,0.8019419553460114,17.214288381521744,2.4782477465712627,-2.4125828272107124,-2.3767712474559723,-2.562684233332213,-2.4277083930091554,-2.3394342500691407,-1.4405436645486236,-1.4405339880268704,-0.1350490227633759,0.6437930249434469,17.2651393410355,-0.1188600625159659,-0.8010310413566937
-1.9096896993555088,-1.854889289641401,-1.8351172197243075,-1.724060073981207,0.2152882320161675,0.2201598130878536,-0.7024555498651607,-0.1517492099503121,17.08877232804172,0.1400970330084543,0.2494915476624797,-1.6465939451051812,-1.6089967425524283,-1.550592624972547,-1.1589222471796763,0.7564620059743208,0.7546408658464507,-0.8885259775084862,-0.9933833060717554,16.815961729982817,-0.2080265821948635,0.3810126319639007,-1.3093175165413329,-1.4367467653508703,-1.5691304935829598,-1.4752753638861924,-0.9591367030278006,-0.9547748554257852,0.635883997895505,-0.4246784775477422,17.062728950615014,0.8841675075269242,-0.4338793936412631
-1.3026937090396875,-1.051218529855904,-0.9885796916219826,-0.7924382641205537,1.2681606071984362,1.2577240835706838,-0.5287027550079607,-0.8333580732161343,16.93992188933466,-0.2117075174109494,1.5395280400703586,-0.806772800016019,-0.3058950442368984,-0.531462426975198,-0.2089573311567297,1.1063261709394612,1.0997199780515017,-0.1394296938134584,-0.7149362336242067,16.929607964389852,1.0910762710000963,0.7068267909266617,0.2022453389459997,0.0241671673260254,-0.2360559587068169,-0.4688210139605423,-0.3844784173207802,-0.377260844885949,1.250405247836715,1.2029961046211337,17.244585750505305,1.0509541672574372,-0.7024751525778707
-0.2472802717923138,0.3268222329267955,0.2113628962168187,0.8014450581088338,1.5137581534138884,1.499676160226289,-1.182290000125298,-0.6982750571395171,16.919559019868917,0.4051998977631943,1.847959277773199,0.8139306742149507,0.5174550655382042,0.9597030834152268,0.5769926991306523,-0.4775366366219983,-0.4714950473384294,-0.0332279635679175,-0.5984749479985177,16.950543841593493,-0.7602078277645716,-0.0113954429127281,0.9461972746640552,1.5717578631825138,1.5985844724021507,1.841817758723516,1.1295415242651308,1.125332961098182,0.7154939486046598,0.4713886438064695,17.10213104629848,0.2900901832714401,0.799344502367865
1.664038389869282,1.218836715978237,1.6187351948137427,1.3646181531822172,-0.3186272190486104,-0.3123942984284121,-1.02707072812227,-0.9036548848969108,16.802837656796278,-1.373768086379237,-0.5149090189399207,0.9644371012990034,1.8088845938076716,1.4575340198448514,1.7718797848265175,0.8211796169124205,0.8207706674952466,1.3848047603460711,1.300295589937949,17.132717485958747,1.548843808552475,0.093370287165031,1.66249511633255,1.6105632435614674,1.617513682099623,1.5551307232609783,0.0349884686295458,0.0419648333006702,-1.2348692428443595,-1.0818850222646104,16.774480346445017,0.2134379418942687,-0.569030201700885
1.6726719458618264,1.5475703012699178,1.799618401346692,1.2319648507722554,-0.7227069230851269,-0.7190337394978569,1.3862584266231872,1.1171023575003929,17.140064484054665,-1.0208545383309695,-1.2412174433734589,1.429552459230191,1.6788662096006866,1.737603888644937,1.6244395593564012,0.7629861697976937,0.7638890114950629,-0.4098850049941596,0.4115556900745429,17.06914720389712,-0.8634078581633049,0.8318819148101966,1.7745562416824543,1.3734845263879367,1.3218217331822322,0.917686824150761,-1.099527132700188,-1.102456264584903,-0.3085731958109891,-0.0360458112379736,17.024962153963386,-0.1620201509687493,-0.818245170825333
1.006728925581388,0.7748917399193915,0.6205152457031574,0.2318769996069603,-1.1127850310590317,-1.1159110806370245,-0.2162099316249058,-0.0424491264418614,16.969122307877715,0.6141125006287591,-0.9976337635296428,0.4838570452609554,0.4931650502639553,0.9458532410706276,0.7621515267245407,0.6688806723870706,0.6719608369526388,0.6604133152989882,1.1460067101113511,17.165481344768803,-1.583563413323789,0.0501664205807431,0.5093661519211633,0.4573583491450368,0.4758231849011731,0.9612783420810276,-0.0812579877571097,-0.075830432941627,-0.7922942544980633,-0.4746912522528941,16.973183136144954,-0.1651518186786935,0.327370866291658
0.6987013728454355,0.7284325336876144,0.4213860459948393,-0.2130039037658647,-1.231837612867206,-1.2363184038297583,-0.0790030025792284,-0.3350662749841299,16.96717767591977,0.624263980600901,-0.0059709706129896,0.0971070674600836,-0.260894498124636,0.2555568508887305,-0.7777863899882683,-0.2984133834427974,-0.2937841856166409,0.266231970819999,0.1798422257285408,17.076142379436956,-0.8162034448153277,0.7998335389750552,-1.151516647592093,-1.9971439069210928,-1.859317947542048,-2.011606805750276,-1.233694831580861,-1.2395748273322569,-0.0190631090118544,0.4245027053678724,17.085657314969993,0.1682725010303634,-0.537799873654743
-2.2075798492623675,-1.7406831035954105,-2.1030200082450845,-1.1156772894541525,0.6893658357549374,0.6930186206575502,-0.248344350768799,-0.1116521269611825,17.08575991200113,1.6180636262355022,0.977340970660963,-0.362068376656554,-0.2925874149288217,0.3025360161101096,0.3856822267336721,1.2641686831642769,1.2603360282849807,2.5705490054147075,2.720899253169401,17.61803786519575,-1.185547107048197,0.9716123164742474,-2.562281066615029,-2.7185418461031365,-2.6797730898012797,-2.7092733204398196,-2.6578782827469074,-2.674041604867981,2.055782298942187,2.6020981143537054,18.250677417274524,0.9958089164459064,-2.7837664419106773
-2.2510850720722244,-2.1968225206172547,-2.15652994327951,-2.118362354243759,-0.4444308856162529,-0.4197116387690848,-1.2189137416792304,0.546626098562782,17.859633199041916,0.7650796617928093,-0.2758911890470472,-1.6813405216395694,-1.7032501610951245,-1.681785368422036,-1.5813480593602594,0.3170178660260715,0.3206170663212619,-0.8691606601987945,-0.3074140056896582,17.612493036119666,0.8348153801702799,0.3733484531100937,-1.2856119167901767,-1.1275853329249046,-1.0759070697057764,-1.0267496458415004,0.8903740384132793,0.8663478151056281,-0.9974941127642252,-0.98673810232214,17.18073876914079,-0.1320832850019641,0.457369556216926
-0.8407442580357708,-0.9250753274743811,-0.886735368227634,-0.8840954736808212,0.2528951574237088,0.2594169940621748,-0.3978883207474757,-1.0260098461141154,17.08478671664938,-0.1220014701289981,-0.0874582803907866,-0.8042444950876034,-0.6199288430294215,-0.5982020618574307,-0.424643523362596,0.8014731929705802,0.7820382574953945,0.13938489788396,-0.8154895464461049,17.219450874339152,0.0484621342415785,0.5458346609895828,-0.0177708432106821,-0.1179103059804648,0.003357396569508,-0.1373692386407811,0.4480575583804771,0.4464446413772681,-0.3957496946438139,-0.8527430637630368,17.11595166003929,-1.3739922921084085,-0.0921773925483113
0.082044904552881,0.1198709600514993,0.2993715569662633,0.24651253814611,0.4885981193054585,0.4837126893407059,-0.2153434189162706,-0.7888007566327421,17.08812053390419,-1.593157836668677,0.3944845447594264,0.4546741158160893,0.4794610605598746,0.6032920932353936,0.6469326634889282,0.3739152344265785,0.3745949907068498,-0.7276227476939924,-0.9360590889630676,16.762719434263374,-1.3034188952713175,0.5440748162085189,1.5343342282292507,1.5961770929309431,1.5076821369845206,1.4920654558450812,0.3148088092300624,0.3180310259130742,1.334770681958913,-0.3439742706210585,17.208585071612077,-0.8595911450095153,0.4115092460744867
1.373714329768001,1.377732432747413,1.3997569801588623,1.378232390679447,0.1296973919380943,0.1344283321455725,-0.1203624405215694,-0.0068654564358368,17.089851401465523,-1.4044101400184057,0.625215466828543,1.33640793604061,1.2020757587565616,0.9969864837731408,0.7661250283133448,-1.9050907993509645,-1.9145775626079071,-0.1719351564754931,0.4339293613252296,16.98300049468457,0.2286762226223585,-0.7789982439488852,0.634779773154707,1.106835326281948,0.6825146768625143,1.2817470755309412,0.9798350531412672,0.9759772629784442,0.6058511855552551,1.905521281630787,17.108131183333068,1.646828161028358,0.1736147254494044
1.0242787959819082,0.8677150921976226,1.0745634935140287,0.9394342800261164,-0.98874930193584,-0.9872083549415148,-1.1919670941773903,-0.2025916954525352,16.72376594619644,-1.2388213322914208,-0.4739887192183085,1.5457640802503445,1.7202983780663943,1.5714396828014627,1.393151628920663,0.4334208623132415,0.4351477485608658,1.9944196961791152,2.12926864911883,17.29352085250816,0.2762814294868106,-1.236364372871487,1.69192554810257,1.3279382697431148,1.57624649768775,1.570684916615029,0.1366918569599677,0.1398949559831914,-0.7943837230046471,0.5519323177678389,16.987776881289076,-0.8947691223383528,0.9333755762164794
1.442873895085131,1.785563386509085,1.5590327594783044,2.0102778589997214,1.0789177837691692,1.0734532924222564,0.3302119373590907,1.0643864394809792,17.148186421320826,1.088819997780679,1.9773401141680065,1.4639498593009983,1.0968693572716786,1.0530045239752992,1.099546968853045,-1.5442036981636516,-1.548176893748762,0.64346838006624,1.751045547759034,17.432910148803604,0.3238543359221539,-1.7209047405358584,0.3551355324308936,1.1617351793615007,0.86720596857027,1.234352275303648,0.2230880432815877,0.2270752373246659,-0.930616890792778,0.1048753941351571,17.14110401319342,1.0003507258687048,-0.1116108320908826
1.2809982617100333,1.156951411720932,1.6049718096660297,1.2514630845104773,0.0696548365189568,0.0742503252643594,-0.5988233668950088,-0.720014798517512,16.935021236753617,-1.272741367431165,0.7659877381479361,1.4410920978068156,1.6967616609222052,1.692851940482391,1.468607438449535,0.5624942753733047,0.5640760817500596,-0.6371944335790942,-1.3018772414195288,16.695489665531767,-0.4838228694887491,0.7085452759283851,1.3323716685891376,0.9450600852943422,0.9119530101112796,0.6379168454532486,-1.624373828016575,-1.6291803100857467,-0.7970730284410801,-1.6443932917185835,16.342382628311746,-0.158483815742373,-1.435147253191153
0.3669319223563437,0.9158304999258414,0.816513191059971,0.3600101534607437,-0.486488910395734,-0.4822291167473405,1.7869887206551014,0.0682145066899263,16.969805236786474,0.4227203227089028,0.0055872586278719,0.2189393822927045,0.1081106612031203,0.3432712446102919,0.6804974065036568,0.1963441835483836,0.1999710714465001,-0.6158425285724114,-0.6829909546708512,16.745637127810554,-0.5997588820611045,0.4370514649668517,1.0874163926874272,0.7280121449524167,-0.1867318273941998,-1.2057969096386307,-1.5241479171201342,-1.5293528253875648,0.668225895709052,0.3756779455661306,16.992196828628604,1.6383620677154307,-1.4234546922383116
-0.8295904685121946,-1.5971265678509643,-2.063180480643455,-2.2629112793665707,-1.3368184702313837,-1.3420815417182954,1.25114224984758,1.7990307159160177,17.47877218473364,1.9843370337902717,-1.5483718373576962,-2.0983431821004572,-2.339583638646141,-1.7493081173522718,-1.8331972923295337,-0.1256695368975783,-0.1209113120763015,-0.6422536108727406,0.7297928616861827,17.263311619943153,-0.9767090009486564,-0.5035486200839755,-2.0058509510308165,-2.094235912752113,-1.988689523316926,-1.9937835086655065,-1.3080038433143308,-1.3122347176266766,0.2579863459500743,1.3374131822188715,17.417466840289297,-0.170163297114851,-0.7991188127281765
-1.751750897386191,-1.13688910315998,-1.4571963102695102,-1.1320622350948244,1.3818410664850058,1.37586052891242,-0.7587120570298822,0.2136367094455071,17.125498709421684,1.446840785104815,1.4812804371823534,-0.823976506054612,-1.0066901373224768,-0.8144193862983896,-1.1579773691589812,-0.1893037583405695,-0.1844158090684517,-0.4972197067291747,-0.2779661544551506,16.975748328982597,-0.5549587875388154,0.1622759604004275,0.325304570650212,0.9932647386063574,0.682189797266133,1.0490877274622648,2.4859955830294775,2.4706291480484586,2.053124807482284,1.914860251337179,17.854467508139294,1.022623567152902,2.3820933659744643
0.2036929715105104,0.4155955433379549,0.5674409288642757,0.4987356593152924,-0.6014707870481996,-0.6056364072884574,-1.0939180289275292,-0.4674120719525982,17.288529282768902,-0.4172988032486969,-0.8118303635807417,-0.3105365946740659,-0.399300888746794,-0.1708774792999743,0.0299723628244752,-0.4743580996190512,-0.4752539267845195,-0.2873304216284312,-0.6382730550068879,17.25393952834686,-0.7063642486890673,-0.6269715777383463,-0.3839603300494263,-0.387238877210266,-0.0636900235446316,-0.0916793656423741,-0.1148884193262639,-0.1074066333687074,-0.3783384755072629,-0.9728937484830924,17.183936817739685,-0.931608765242848,-0.2546959018465044
0.4773813205154872,-0.0584817389661928,0.2224013937272019,0.0323934173431536,0.0920649837802272,0.1032679557305174,-0.1395606728245502,-0.8649068815112687,17.220195218661196,-0.6143966188751474,-0.4082474668587468,0.6120510069020535,0.105587276931858,-0.5638536185869187,-0.2202765483419016,-0.21646583099992,-0.2115413303851722,0.4083278991482788,-0.0148462789172593,17.471928827747675,1.542952680866678,-0.198737483872593,-0.3123580824343903,-0.039536663978519,0.089992466679298,0.039080554787181,0.2049176077534897,0.2171202858196553,0.3636588852569728,0.7529207650593399,17.743706100071122,-0.320697197358584,0.3622678809530291
0.0866724174864871,1.2589498428785877,0.5110937886118213,1.2245057417157033,0.9229762822095076,0.9352450036475846,-0.8330024888150234,-0.6173417165049616,17.289276663459326,1.620906634212155,0.9107168384801064,2.092339585848222,1.1351810983328183,1.8455267774940745,1.2927333743712002,0.0900396401303642,0.1003179698730269,-0.550921849284553,-1.0125565705267443,17.053278831335696,-1.1234661974081963,0.0154276270110989,2.1061645368722517,2.016442427819229,1.925604054190923,1.6627930157163486,0.2971635426522746,0.308726364149063,1.274228166805012,0.5204393975516854,17.70951624188904,0.6070445797139451,1.1297866125146336
1.7222063388347368,1.453226398355248,1.7579988602166865,1.9219141597275848,1.0073761361506108,1.007964691867675,-1.0457094653932442,-0.9632380652349845,17.129271053938993,-0.960056357764507,0.3685056318493285,1.6012940352338132,1.4508718830469498,1.6513986988169391,1.673281552674278,0.2615066034734875,0.2661720928317881,-0.1936646307463813,-0.875152265682543,17.093206120354154,-0.9968982578799332,0.3146034619237972,1.4178145188216238,1.296627746200657,1.377076617494596,1.3184432704110562,-0.629248997903854,-0.6283512717780395,-0.9025251584293228,-1.5251766881983957,16.635716196863903,-0.768829643358812,-0.5302814509556136
1.1543052394886355,0.9441484955230944,0.8847370841155212,0.8377896130620973,-1.4474857806082282,-1.455789645558979,0.3313625457800598,-0.9912452550373064,16.792498295246293,-0.265601299460367,-0.9757336047363028,0.7752848699529817,0.5511429627991801,0.6916652964342674,0.6455879710007344,-0.6860989317167435,-0.6852657151917599,-0.4542779426751225,-1.0836271194937703,16.590951521194665,-0.7908693726701671,-0.4689190964569126,0.3445927314518434,0.1653924956003396,0.3062078642341362,0.3396917018087877,-0.9994547390644138,-1.0018226778587969,0.4078014204921594,-0.5327683121399035,16.745487623851062,-0.4974976315098206,-0.5186120060328181
-0.1975960715393168,-0.5342407047331158,-0.6738011800385239,-0.5599842413982186,-1.3718004475741252,-1.379581767101986,0.6629169614713528,0.6384467004668953,16.981458110491335,0.6285279948122882,-0.7757535926349174,-1.3692778962557597,-0.6975570943814166,-0.9336098469694006,-0.4248264277362883,0.3665044221049889,0.3696336084092496,-0.0267216795295869,0.8106840887516028,17.002363107470227,0.7023369272338227,0.9793477696949108,-0.883686777049113,-1.4096580580398077,-1.3989351951780618,-1.966148777116439,-1.7158401969888304,-1.7252567954834492,0.1462976561950067,1.0480001645003283,17.116434499866266,0.8526530447878207,-1.3548401379174002
-1.5863042673020546,-1.9762480198387775,-1.6072662438399572,-1.787106621310784,-0.3093046092479537,-0.3055284137449486,-0.5251490031415346,1.070781892230539,16.929292542724674,0.1154047932512332,-0.5872275801042791,-1.4388065940199872,-0.7336125193565171,-0.8864253048224413,-0.1507613324268888,2.1160734884674146,2.1034176633749793,-0.2201525259659505,0.8293975348924866,16.87908842513357,1.0177109431838285,1.183964037679636,-0.2264889495897416,0.7662190144579571,0.1238104727559293,0.9884317904093874,1.2714300837999202,1.2711987401424736,0.7126597874876406,1.2713713247490774,17.024723890949694,1.4688927547698207,1.67208216154299
1.1561071699845151,1.602233061543147,1.5915807336619785,1.552763432976527,0.7013809137432612,0.7053231116391795,-1.0752513178738248,0.3730572006023481,16.87516558498483,-0.5134041978463539,0.3302326284647842,2.002199239615828,2.039838463238317,1.339892942803045,1.2563110983850183,-0.2192330045195953,-0.2143110296573373,0.5926138705506063,0.6931390320796099,16.993926864276535,2.058977125414871,-0.2110611096225145,1.3989187681779145,1.0009483456967243,1.5934856281847,1.271336736131348,0.1822954274856208,0.1876926351246814,-1.4938380408983487,-0.9957095540871576,16.747695871954328,-1.3698934570088777,0.1578431708421699
0.9675904626578152,1.191739807695105,1.1989076313224083,1.0178091638005438,-0.2615924625769639,-0.2566151500855615,1.0383415462044423,-0.182379902867098,16.93657512193074,0.1170863050197739,0.0519775587933476,0.6000300051548663,0.1665205462621844,0.0943855804109353,0.5027140188721068,-0.8160075017626445,-0.8148529081601641,-0.4873378347053956,-0.8685167080940112,16.858536686298763,0.2357272460091269,-0.4345473698442206,0.7035980447200099,0.8814935236326708,1.104004664885763,1.0463615969503803,0.8859794226951306,0.8862646050574273,1.2525910414587649,1.1125812215039623,17.06380540831541,-0.6067363438720302,0.4367704748899222
1.367452040986855,1.3622129603388553,1.5617253809144018,1.6837987967510637,1.216226423720579,1.213805494476396,1.3805968379283169,2.29797837039274,17.321089005780152,-0.6940137610408419,0.6160269180089588,1.7122630116921655,1.7578521976212125,1.7011687467777918,1.488076798820623,-0.9555937591475734,-0.9562635663149844,-0.475540227816945,1.3155630902556892,17.28748946385324,-0.2500023614257792,-1.4733847365338943,1.193649362690487,1.1606954979124249,1.36671951132918,1.6302379975290382,0.1562006517484887,0.1602040339692875,-1.6636439928978672,-0.977089338889104,16.889873820108242,-0.9908545965597104,0.1013000868523902
1.8027700036189451,1.7526823769522597,1.7977711173165305,1.7548279250577024,0.6853350769602705,0.6877127999303478,0.6797145926043411,-0.145800880556604,17.043683074367426,-0.7764274325710954,1.6396707855818082,1.751383038627177,1.981962674068968,1.6715399606581995,1.971127288983632,1.4831953668279374,1.4783644790923465,0.4986730437838998,0.4172218750931643,17.187934629804925,0.8210768282122388,1.9215710466034452,1.5582216424760358,1.4112128615228932,1.5812595167509131,1.562089111752151,-0.4994099988959519,-0.4966812586566705,-0.6343847394481412,-0.2415815354355966,17.078039604045312,-1.109420534382358,-0.3174956350806465
1.4153709144752102,1.3686481788393206,1.3266830638173022,1.4715165840831284,0.1316231915466274,0.1358573931968678,0.0338610127730978,-0.2323055574415596,17.139981706920643,-0.1437647502916747,-0.5506238829029128,1.292438878626766,1.080364738641664,1.0387063232897888,0.8083419436260123,-1.70751977598723,-1.7163527249096675,1.1877032955669486,1.0469000600007734,17.40820397632402,0.084345752526629,-1.928240221441428,-1.1263423159961994,-1.390822506543137,-1.734658267283217,-1.8577558481486007,-2.6431739276180637,-2.6568707725772716,2.340714876270322,2.554790264999229,18.09092590898495,2.200342151245324,-2.6386904579169337
-1.5376859722589629,-1.5332576517498375,-1.4160712795349664,-1.4467118600386872,0.3172935728652837,0.3197525732975539,-1.3815883715297637,-0.2081694011906449,17.515985054008734,-0.0814522790323725,-0.0495105966291502,-1.770423511427987,-1.3910402365906354,-1.7849583027762868,-1.0282100561414094,0.4087185834850576,0.4072802194109082,0.9959171256087118,1.0242246447246035,17.95020662004137,2.3758671922785672,0.1373915733086484,-0.8472518539630541,-0.6661826530969578,-0.5348300935967552,-0.6989052624095087,0.3797408940817222,0.3790849924012637,-1.082442742883299,-0.5915835659015297,17.46630907513318,-0.0896461696922029,0.724649401265564
-0.4302524335688531,-0.6372954104993656,-0.4118889405420815,-0.547137154876798,0.1688599351560739,0.1759519458077737,-0.8004529909343592,-1.1770891206597214,17.18721736939036,-0.4838207659184432,0.1948621661114933,-0.3288499740371305,-0.4869229545432061,-0.2025667744020372,-0.2068320111115531,0.434535838049148,0.4317733772763646,-0.4747059616670248,-1.222920441787824,17.042707704401884,-0.813172431355158,0.2959863396163165,-0.015732157380229,-0.2087690021558017,0.1009634982120296,-0.0194832480176209,0.2393484960210442,0.2433497942844638,-0.3465931897181059,-1.1288656169116214,16.93185745444484,-0.93542762256321,0.395103284058326
0.2892055124582059,0.6215120103679315,0.4437149396451433,0.7525042972010687,0.8457386153799673,0.8241261528198671,0.251539746731756,-0.8047159278088094,17.105012623645177,0.2329671484175181,0.9655767833625484,0.8953877564457209,0.8407721894062452,0.8901632708074971,0.6886677489792008,-0.2313704673342862,-0.2135560502480563,-0.5514548210478389,-0.9153018105547578,16.886540499274872,-0.591938901442314,-0.1634700841511001,0.2400345218911777,0.3805624935126964,0.2346544728848653,0.2482342504240508,-0.4534837846969515,-0.431933903618001,0.5358639345362879,-0.4663233624331612,17.14190181099767,0.0596625004195281,0.0974610181710368
0.5882517365996812,0.2140328367629075,0.2410985606631971,0.3882725673071577,0.130136967637732,0.1343812511670924,-0.3802072533454221,-0.4274155435000062,16.93806053140831,-0.1975653539425626,-0.6622338430024743,-0.604858179807173,-1.1871251874659532,-0.9399263879985748,-1.175664930274007,-1.737190909527594,-1.7461504820288825,1.7243482476475174,0.967491635086636,17.442267263943226,0.2372269779189032,-2.2306621873515526,-1.139751377781295,-1.4294762634699207,-1.570536258154699,-1.868881874556128,-1.0445925957239228,-1.04541893384458,-0.4350026679429385,1.3791233361742088,17.263944548447085,0.9697256605668132,-0.7208677827319868
-2.1072024474865207,-1.5298973570864391,-1.478252740900235,-1.3560500029716078,0.4401770163615059,0.4449335588280974,-0.6510511316868557,0.6239824327923088,17.04015773648549,0.310964498250449,1.064697975479098,-1.1270140746339352,-1.0839756149574873,-0.8828398551370311,-0.7414176432277847,0.7919165972459562,0.793266028445618,-0.2843910999520964,0.33184245542059,16.964637554253375,-0.5580050642126781,0.8413094467576013,0.1988813921718377,-0.1814490450870512,-0.072947871374444,-0.1334117947942344,0.8295469012522306,0.8304296998619282,0.4537725336787667,0.806111442713333,17.118429729574764,-0.4305218569117163,-0.5969172537167818
-0.2036487107598964,-0.240983234249302,0.2253674059743576,-0.1116324094876698,0.0251068499805508,0.0314347632993397,-1.0179837306295254,-0.615794210591409,16.785607075557976,-1.9351260480013168,0.1475094115088728,-0.6439416079201529,-0.9368305251761464,-1.59327605581928,-1.9204750347980972,-2.1082710784160144,-2.1252564028743186,2.5173776295315484,2.414505742960409,17.797839191503886,2.3801913274154174,-2.056923110817378,-1.883511621552607,-1.9545943143425837,-1.5162019738307877,-1.2443524385471207,0.847862570922958,0.8425227492246842,-0.84389203319887,0.2025329889407209,17.31501970108313,-0.4484084101961578,0.9074349072481044
-1.4827375439426729,-1.8457957268975675,-1.6400233883802695,-1.629509279531664,-0.6536030624159186,-0.6439042813716706,-0.0213741544609711,0.3906578646203361,17.435270373628097,0.0394907354115747,-0.4800649680077879,-1.410872189139135,-1.271420673797634,-1.0868542905354228,-0.79665552426177,1.058814454534991,1.0488128132883037,-0.0700345492036471,0.4811220516267283,17.556341863319584,-0.1354105470402632,0.9726438982826456,-0.8094164913191226,-1.030067885214217,-0.7441424018769979,-1.0405941218545944,-0.3083553626785877,-0.2979835261145882,-0.5546430783323779,-0.4808075479155463,17.25334522244154,-0.5447448134711028,-0.7012299936238132
-1.4134114267262623,-1.660812321708105,-1.7820621256791782,-1.7086466149976076,-1.152721681544678,-1.147506793937504,0.9581943712268596,1.312818657949251,17.840851552213646,1.1826443168755798,-1.0698879338782816,-1.840031086624464,-1.7341258598449685,-1.581069503918913,-1.4520703927678205,0.0458264978216836,0.0542448951837074,-0.6890410236197743,-0.2046959021035322,17.50924821686741,0.0770439417386745,0.7677793906552609,-1.2147180998257243,-1.2967088811494774,-1.2268573929016988,-1.390500137896311,-0.0874961195335936,-0.0786807728304729,-0.4345495532653222,-0.7270239548225936,17.37992032362904,0.1471288900546676,-0.2653985473210176
-1.1075775315306509,-0.8104027625468992,-0.8904650207928969,-0.5543621114299906,1.462832230855427,1.445596460680011,-0.1307308643030603,-0.596625068569416,17.44618342851202,0.5843690036566125,1.1609127566163908,-0.6058311216051551,0.2760576810623991,-0.0819133990346179,-0.0603501144465144,0.6595334775871635,0.6615800905612537,-0.2252582202502626,-0.7499682429066342,17.487831193441387,1.0642751566056523,1.0960586442825366,0.2445238399809708,0.9034771803792768,0.7778872453939595,0.8185749103055274,0.9954324473174126,0.992785977339502,-0.5049924413400355,-1.1503974371602803,17.29483499823076,0.0822181201505575,1.1516450021654705
0.6870379532059983,1.010102621943861,1.1281544158165897,1.1816599916372803,0.3772381765862705,0.3828310715502359,-0.5334464730118365,-1.3325277123645591,17.131999399979456,-0.8529303983568232,-0.1951641683836002,1.400560449817347,1.4062372769442286,1.5040961275012357,1.3753869006555877,0.43956286444364,0.4430206048621571,-0.4505198244858638,-1.31810220812686,16.965987663373674,-1.0949245981482671,0.679563148934073,1.740306443080584,1.7412165103009023,1.5839017411462184,1.881102649129452,1.242919134623279,1.2332800442749416,1.864640440657175,0.6538119191531527,17.570959305738224,0.1384492539927199,1.3915026231247227
1.705976054555114,1.3273949763364572,1.2592873903621773,1.135317944382156,-0.9860617833868812,-0.9832730289974284,0.1386497484515418,0.9238919342970416,17.716686971217037,0.0277212393276515,-0.6323144036281806,2.0804378848929788,2.1738028556062017,2.010706766045813,1.9010210655282904,1.9954232537319587,1.9766774962310565,1.0087352894270032,2.2319603720904673,18.053575897184206,1.91427699233337,1.8210373745299864,1.5371709656410624,1.2788150895648993,1.426054042610178,1.4007938476186783,-0.8357424579749114,-0.8373528806603331,-1.7210197253467718,-1.066954823356293,16.9964934693629,-0.7323381341633601,-1.0612581708298945
1.2198021600332845,1.079193498254896,1.2747410826742491,1.4374629194816653,-0.0587620033587355,-0.0517215248002434,-0.3560103803169227,-1.0364689433222602,16.8747574380091,-1.2118521149218158,-0.4794035131076956,1.216654671869716,1.141999330967441,1.1115320148575425,1.018053072820857,-1.0091224958499538,-1.016045557859869,0.3209262454468977,-0.6185405160676314,17.02456232440661,0.2605359479347912,-1.1066104282560678,0.9742527007914128,1.1343180766423775,1.2817013920786704,1.3911686185966952,0.60399078143797,0.6108455798709472,0.3271951211942178,-0.1849311477433827,17.188846763268977,-0.5717531016466467,0.8018530744252174
0.9539288640984012,0.7375670374663293,0.8701164631269338,1.0436992827506275,-0.7485367177376953,-0.7500985481110325,-0.9053222487819016,-0.7989963299585222,16.771945767450326,-0.5086694675949128,-0.4809346131549885,0.8783150014756586,0.9858950316253344,1.1763150124232713,1.012751353111591,-0.255577124720148,-0.2497476602706767,0.220361120237586,-0.5270561918768247,16.913307466724298,-0.8234797471606841,-0.0731818133593986,1.0074265568010878,0.7066659793069735,0.7609945467332615,0.9340385892637704,-0.3567186112055513,-0.3523961830404831,-0.1186386429072048,-0.4885095752734758,16.945738802537438,-0.34703410635447,-0.7649212496830812
0.8309606783032891,0.502614363450224,0.9962164733841584,0.7914979496032737,-0.2923422260655926,-0.2884724821555621,0.2168784386597,-0.1527022255216996,17.01358762035835,-1.5730299559760677,-0.2582742061803033,0.9388786073827696,2.2245832389906055,1.4140780901741334,2.240010288767079,1.1595535988419874,1.1646933547173743,0.884150017138326,0.7394454507674951,17.272798407489095,1.693580164269657,1.3782293098914502,2.109280537349401,1.3880899999925669,1.706284932424195,1.4436896409472442,-0.8370382847104998,-0.8406932900115578,-0.6223189996667455,1.3861908047286535,17.017687773882976,-0.2480793545414331,-0.1622650474568543
1.6511686549624698,1.2695493892501697,1.5897830705445135,1.298967075757918,-0.2417370588703627,-0.2378943941066745,-0.0845779312262987,1.1270840288528552,17.022516250739624,-0.4018570241324594,-0.2586460106545416,1.3340370267431791,0.9599473374089872,0.3229992381653269,-0.4417724143648028,-1.854960109789704,-1.8772696560790012,1.481636515247312,1.9908375456580976,17.362961836056453,1.2440522190269332,-1.271791541926076,-0.7408910079740251,0.1705668006149588,-0.3647866184594746,0.1774235318578274,0.6049143509714535,0.6080981466716646,-1.3781837771383652,0.0623736759083879,16.970351244309946,0.7726572723258878,-0.149364606775482
0.7482548725864169,0.9446604366906136,1.3159698570096494,1.059696156301252,0.8213773196723678,0.821476810900727,-0.4481933679390881,-0.2814217507876133,16.845740920230345,-0.3043541111736266,0.9492119197205044,1.962609746420956,1.968699573827594,2.080872913693222,1.4615329489318631,0.4513163110186757,0.4547619046786106,1.5864715149442183,1.1028240727137373,17.253136328380887,0.2075318671478543,0.4078990033634092,1.547493028325642,0.87612669510165,1.4006636663064858,1.0367079462135942,-0.4263791928711568,-0.4194699005260775,-1.0618004488801416,-0.5285437195565678,16.94396268868695,-0.957107258725084,0.1554039674704595
1.4384907041562864,1.755167037367152,1.7041860421776602,1.793673946630178,0.9325945983841236,0.9285497604318248,0.4683829194765623,0.0837786658602292,17.11749151035406,0.061512071094278,0.5477043099451189,1.4591256093353169,1.652932902855507,1.5256229796759675,0.9788105971060784,-0.8801311834876765,-0.8760424510083415,-0.3672618776685155,-0.4754539573787306,17.047468477856185,-0.2476907169923891,-0.243185559933826,1.445863059935903,1.011574746371419,0.4161534483618055,-0.1393322689253582,-1.1275272909766236,-1.1274699328263464,0.1935393154793485,0.1215631779363023,17.1163902799623,1.6031955271051854,-1.002779355500843
-0.3075325459382803,-0.5030183931514388,-0.1063223125500452,-0.3154400049307676,-0.1887284965487607,-0.181295693185117,-0.8957236600597571,-1.1565965288608495,16.849477529872534,-1.0230461928356434,-0.4133721801322243,0.1537882822295088,0.013031300465719,0.2926410013683432,0.087825333330154,0.4056235157989028,0.4099760991240438,0.0951359631200786,-0.748948312080755,16.895726478989722,-0.7608632638169481,0.8693556216926879,-0.0230141700630383,-0.1512201934961796,0.1572514925607367,0.1124295871207392,-0.0143872980662875,-0.0088381124266514,-0.2352786180909588,-0.8426211051180339,16.805375703534438,-0.7939140061511251,-0.0892043911831822
0.105905379086774,-0.6903181181126953,-1.484134868865628,-1.1404986513175812,-1.0525380711958778,-1.0540532360984698,1.8743820637650772,1.944293764933265,17.288690590598534,1.2993234605436572,-1.2431458167758522,-1.267235361752178,-0.1023704777701634,-0.4678349776187476,0.1137973916996262,1.049029771006102,1.0479012663152707,-0.7953383268746549,0.2998539334999845,17.090623076463277,0.5738057989290138,0.1166449797933103,0.4733041994798729,0.7198982682087846,1.0028260841737635,1.1536679394871223,0.9063123934323776,0.9068811853248576,-0.712497549004101,-0.6260144179480797,16.867226157991183,-0.4120296585233128,-0.4806158656282392
0.7194639498585689,0.9011208262894086,1.2863557046189684,1.316108129021595,0.2773148092877043,0.2822138578671726,0.2112102288857653,-0.2173080092986197,16.941354050762076,-0.8531253885071296,0.2521786098559068,-2.046896959117789,-0.8457017882410005,-1.800786652931337,-0.1330805954150363,-1.4102691227515043,-1.4158797703499402,2.5301352862430617,2.637484597569469,17.860484555116923,2.048981533334173,-2.051529219998637,2.688258112886144,2.7653102031025627,2.6716007665020585,2.713564902239461,2.6689599005420317,2.651817793016041,-0.081905407873355,1.7934824699369327,17.98473530957979,0.9045423247316068,2.751135501410079
1.4509863613408525,1.4318883474105444,1.407074762141015,1.2734334700819223,-1.132442716229446,-1.1740973232183238,-0.790071126682332,0.3241183003849428,17.6356375706129,0.5320590208856496,-1.3102762354420296,0.8047709082193444,0.9841889983242844,0.7990343621321951,0.5563324702921295,-0.6985990827381231,-0.7121818755041609,-0.7258987026723347,-0.5368342128976508,17.328931878020455,1.211454811718572,-0.3225275111683159,0.5126338623060713,0.6855040287280305,0.7273330835106665,0.605063373884679,0.0202921902379839,0.0374897219584945,-0.2410496966270195,-0.634218074811052,17.326853020973214,-0.028613760925859,0.1250446698157944
0.4592948692240166,0.4950987836704221,0.7029422027711334,0.8955925340470006,0.2560026150617375,0.2784198824207255,-0.6863731103362628,-1.1235340018974205,17.00576058640561,-1.0804290957038492,0.048039651799454,0.6855774190269763,0.5391528687715996,0.4279968802872552,0.832003666111771,-0.1374969483548065,-0.125071265520918,0.6103140340961947,-0.4744592109046838,17.36116611278958,0.6222182215761791,-0.4313446377536507,0.5262778815975313,0.4286237894412694,0.774138958874639,0.8197175165158663,-0.0747113115749412,-0.0605082409432548,-0.7896535814080061,-1.0160898227471744,16.900685878766563,-1.3911004480864733,-0.2887629940781193
0.5361601795628205,0.8869714801759031,0.9860318944351244,1.1839981406524536,0.2753082220368097,0.2976036930122283,0.2880579563329096,-0.6911315811886857,17.149131956735722,-0.5741594510146163,0.3312479335502915,0.4709725579480392,0.4398856685946384,0.8617416089411982,0.6553038660539817,-0.4725892489016479,-0.4734844682880104,-0.6758874390963555,-0.9863013268969872,16.78946240065741,-1.6829082448938084,-0.4521162196403782,0.4798891328196178,0.4912660874674356,0.8549491790903199,0.7414794125833667,-0.1576030543519397,-0.1461911515650654,-0.4552261848595343,-0.9651091006756276,16.546411090332402,-0.8159436626674788,-0.2252890646317401
0.3583492585623754,0.5159600690097471,0.2779564790694777,0.4712559167582965,-0.3590190497408817,-0.3508563064366751,2.213536979214605,0.7576361314495746,17.210015629322463,0.1251123611431592,-0.3458734904487484,-1.3328769886094998,0.1852766232608437,-0.5903376526290556,0.5407530640677825,0.0879824148553771,0.09313284712174,0.057244860085034,1.474000912376527,17.26001008802085,1.2313631152294335,0.3551208116714099,1.1692675043928091,1.1234508470600475,1.1559236229711352,0.8828033920577291,0.2732015196847207,0.2767912249764526,-0.5628947330048221,0.6252380659069056,17.039457542737946,-0.6755384948451851,0.191409564155311
1.3100949773245545,1.515767746959507,1.4791799296558494,1.7794877496507142,0.7918027458324337,0.7921620896174232,0.0752299583408056,0.953565167331578,17.109434521462585,-0.7652515831308474,0.1672875912300737,1.919915994465064,2.0563018182310366,1.7298302945016035,1.9577202001254597,0.5912775328947873,0.592870910186386,-0.0963296487464708,0.8550952199215562,17.142986082664233,-0.5185268060521537,1.2745377894169472,1.6646329861579414,1.8610757568190113,1.6664365695231658,1.983440838671482,0.6222930974806081,0.6232253810806873,-0.3659985304378581,0.4662015973900582,17.01333846127916,-0.2649271536289281,0.8547162563422572
1.7055466096953944,1.9726182708104347,1.763651359567074,1.7129188410143323,-0.0309400047059424,-0.0268419723502774,-0.349974214013428,0.0262476319284075,16.931440771167615,-0.2443633357123883,0.140981730644794,1.4578613146160877,1.3801378162689213,1.323843679204681,1.5263058348905811,0.1882612251699227,0.1909436676378436,-0.6713035280993171,-0.768666980044241,16.648100236993645,-0.4432768740799659,0.2081229050420736,1.1217960275669585,0.8999393473229459,0.9655834063439824,0.905567490795497,-1.7350036361373482,-1.7379928869779413,0.067903824830017,-0.7661150910635908,16.699193383638054,-0.86876926203702,-1.1638487232291768
0.9979637373617688,0.984632967619672,0.3277735414492817,-0.0024036179074979,-1.9016747761383588,-1.908161752390529,0.3220968478040473,-0.5921388189426879,16.861218055132056,1.6533978138925545,-1.3773018479621135,0.3872850895480641,0.1566758780827691,0.3535721913027723,0.2795530359238433,0.5039397332954291,0.5041066072465265,-1.1443813653058694,-1.265125099894555,16.62325531343861,-0.6329664236497279,-0.1425700737578769,0.0156394362015965,0.4877313223729003,0.4323674994368428,0.6456326569453467,0.4162489386483916,0.4170407195668186,1.5961498231576594,0.3282228399100331,16.83945125639114,0.2011288289001345,0.8190671358375865
0.2296344417656819,0.1198519740801298,0.4518367834672318,0.2590570783015885,-0.6519829991571733,-0.6467682505601792,0.79926005536284,1.1812974368749,16.967763600464068,-0.5554633009767148,0.2640790322752249,-0.1851647884817067,-1.2976387857641696,-1.6513136195254534,-1.9244494325998087,-1.85631691151336,-1.862790461503548,-0.0905112303084831,1.142406760262902,16.949207551160068,0.6875023524310203,-1.940774031271239,-2.1829791567134236,-2.134267925889964,-2.159623448132899,-1.4314632537395775,0.2880373839935268,0.291345273805001,2.229897358473811,2.5144861861636763,17.44354867459313,0.7787895339973419,-0.6496569743276696
-1.4588255681870488,-1.080375855015762,-1.086801637215001,-0.8969033381661533,0.5265826681848752,0.5275119320231239,-1.1306966545006487,0.7460275155463953,17.12820821923941,0.4129532210633806,0.5489860431178846,-0.8558554657413273,-1.1942585149460023,-0.5987217215016,-0.4551540893472721,0.514010877577195,0.5150661023320076,-0.2511724974893865,0.4896604716004111,17.106878229759054,-0.8749483325812898,0.4888087049016304,0.3191506313502816,0.4744447960705656,0.5610706155182018,0.6193371764152592,0.993559717589677,0.9889716707694594,-0.8752618964158938,-0.38059673739931,16.909661855672496,-0.2350291169978297,-0.0805297528138723
0.8213377161222345,0.7743495186859483,1.4671222256948089,1.379459455697866,0.676911768492719,0.675206731072035,-0.0039763362459176,-0.378221497456073,16.961858742834295,-1.350049381036266,1.112307455762878,1.5475400814753415,1.2726898921941778,0.617123110924379,-0.0531265564484214,-1.309638542041615,-1.3058877085197738,-0.6505724626291555,-0.8978056759454159,16.794167931588877,1.0219193866417704,-1.3611432718046927,0.3524554912150405,0.7729162616042258,-0.0374941743209666,0.3951282955363288,0.4139467675643983,0.4151127097599719,0.5543266895506374,-0.4977700166299609,16.984321848998846,1.499722619385953,0.329661856492255
0.954635536429292,0.6620009160388352,0.5128671865442109,1.313656865755272,0.8835020897559768,0.8789270610763982,-0.479974229164865,-0.8391007809090251,16.885450130881733,0.1041610584981514,0.9647208326843238,1.6323850610955082,1.936185933477257,1.489552414354715,1.612566499109627,0.5283618624271331,0.5278273061115251,0.9152168912192744,0.0999968551004833,17.14287124862137,1.1257235465713904,-0.0279422682417475,0.5241197449207132,0.2035007182137889,0.7471842159827216,0.1253467726230393,-1.9339750677045988,-1.936494462661502,-0.951159258529159,-0.8487176751124894,16.855895925994385,-1.155706963039891,-1.945017029983323
-0.5997468890373322,0.1888449071122887,0.2356070808900154,0.9120363547589844,0.7481525717774329,0.7455883855626504,-0.4305661845548365,-1.2190172308481668,16.709409476996544,-0.0420992812338469,1.1730792647251267,-0.0881798891199371,0.7391189175668424,0.5062105179737352,1.0381096196998614,0.0076792059559335,0.0116571645212069,0.5938841269331157,-0.4229353903161573,16.79198360755175,0.5746133366374765,-0.4733927084358811,0.964861749573712,-0.0881493439033703,-0.3059698064296713,-0.7559383439359528,-1.2990356203157662,-1.2983815682429958,0.6605187264200945,0.9002941511517625,16.900621865893733,0.2103142723717915,-1.258837808852798
-0.5669981347792402,-0.2596862981233447,0.4913338869732533,0.1949170573248021,0.6349058175395428,0.6351019411903487,-0.4748019551437458,0.1801942558973464,16.81921601107553,-0.7847615939771168,1.0746517685610135,0.7052932476723016,1.9470803333513649,1.7638498897317227,2.02540415726898,1.516155751164573,1.505468851084239,2.7353445648076016,2.7837983085882194,17.885950006187578,1.0270951272280833,1.7102028588293954,2.1093243996992532,1.497426255740166,2.1367502265507285,1.4278936412071812,-0.504489325450138,-0.5000243282306173,-1.211270817610468,-0.6691928227959095,16.7223023768724,-1.138238848930166,-0.0172212496892191
1.400918702430528,2.107863146175554,1.8798064436359436,2.350943284708444,1.7080284868025013,1.6950537086758908,0.1869919755370179,-0.2330809998489987,16.961196186316897,1.5577623860079506,1.480533876737639,1.9476191302003183,1.6274538456932055,2.130312072745794,1.66106004274244,-0.3859899186860814,-0.3816609860704574,-0.4146507074176909,-0.4956250499418332,16.803160305730675,-1.124919310857931,-0.3425043706425228,1.8015292610269245,1.6192156685065684,1.8382305135453196,1.5828898288521558,0.3156173542073134,0.3209994174876354,-0.2235775808963943,-0.4476801938808948,16.751965167771377,-0.9375760960602286,0.3182491281134512
1.418837232800948,1.105921514692166,1.028010383633408,0.5918799207920633,-1.624117525975108,-1.6360588698905107,0.5325064668071621,0.3046258495530353,17.188191894524635,0.0364112132518937,-1.322430081977915,0.8917685677073568,0.6037963675412237,0.6900983474897315,0.6652191670073181,0.0821393259944641,0.0880591257592178,-0.8511877135857999,-0.7662158914708931,16.58848052002292,-0.4914370271874766,-0.0623798244708828,0.4686551538847626,0.9111626110621388,0.6104616945119166,1.0502339276362236,0.5796293156410025,0.5831180361719458,-0.0927519750467214,-0.5931652346895449,16.670399111732856,0.8620010826371168,0.1816532823398832
1.0971489694437275,0.9169586291424842,1.1559375075618663,1.0660711326015866,-0.2388215015425942,-0.2334507473081807,-0.6976127136284063,-0.9722499029416816,16.142017332311212,-0.8451957728150011,-0.6521807049549965,1.276279978751366,2.1275103415789536,1.5290705637006956,2.044977850067929,1.3039530532561996,1.296699488796181,1.066609649903914,-0.0841974573559504,16.85848422553356,1.402174489186532,1.1905398890119303,2.1125725023960737,1.5126130765664023,1.825751835639534,1.2838377822602691,-0.964782220560214,-0.966081050750254,-0.0342576554253919,1.21486982396509,16.861741107462386,-0.6068303579335947,-1.0789812687362592
1.688885902340458,1.5926309886236831,1.686397492007131,1.1190236653367749,-0.4099746194812703,-0.4052968659597718,-0.7430007581712256,-0.183213952850166,16.531621583153264,-0.4436090180678687,-0.3490448396558798,1.1421389946872322,1.3562602007355875,1.4604046232613066,1.4502819191720069,0.6516908410275545,0.6543538783776942,0.0331066219890999,0.2122184046856162,16.585126177410736,-0.2203242550829623,0.0566817508471734,1.11170971654161,0.8762547572557066,0.0536475723017955,-0.3641145720079329,-1.9098789767302111,-1.924557409677062,1.0182800619109391,1.7748583000317124,17.059110253470894,1.955267689555513,-1.7054107260569775
-0.4398819803802412,-0.3888443726017559,-0.1675591511118956,-0.5117713057836799,-0.1667934189791963,-0.1595081144961843,-0.4453130618945697,0.943762016329652,16.946577640759056,-0.5481404028515648,-0.5059631866660599,-0.5177644770252359,-0.1248462691291236,-0.1299674627178404,-0.2125829336722957,0.3709621942742639,0.374585877423673,-0.6505401016696158,0.0739297276435816,16.61729399918504,0.00204727899996,0.5242574088695867,0.152424146932464,-0.1723309891864964,-0.8761110459370363,-1.2889746344507549,-0.9453619905376972,-0.9425854013537842,0.0620210764077744,0.288798977964844,16.721903346587208,1.2902435627718636,-1.409803291056848
-1.5398703962647404,-1.9990959768528491,-1.976073461542756,-1.8130712690536064,-0.8679607762709313,-0.8668993129267564,0.1038121833497107,0.5924514431413963,16.847290294079336,0.1437402259693431,0.1498682790482197,-1.58363850609678,-1.8472401590059928,-2.063654370015481,-1.9280094139085024,-0.8623117870903549,-0.8631516728978937,0.1724715543809039,1.1521113302463288,17.046935354094995,1.5566175756452827,-0.4968323087888066,-1.8218076127850644,-1.7777325782590885,-1.449590802473817,-1.5005338949271172,0.5355115263395317,0.5387086071101423,-1.0007068508451442,-0.5780301064364051,16.753714402172196,-0.3445860627980313,1.3229941963938538
-1.1251341559701995,-0.962861875468196,-0.6153505155829946,-0.5042347707925521,1.6862293067391103,1.6715795981864654,0.7982003425692806,0.7001951910022929,16.997734888009443,-0.8893596955856202,1.4044429364549469,-0.6094893428780775,-0.593246771452611,-0.1732050470252053,-0.3426901205009789,0.2816330489879345,0.2881055977316142,1.2974329173795358,2.0768706385615436,17.408779064547808,-1.1101356094657184,0.5036506005520346,-2.0048067565801553,-1.859583931955666,-2.001186796169864,-2.016213884527242,-1.9752422159961929,-1.9979889091121068,0.68318129852816,2.1333158473044573,17.7192029802394,0.4921024276317359,-1.5782281822278428
-1.7549516099066296,-1.8552618648629684,-2.017904377128914,-2.068555419132604,-1.010590399621213,-1.0072971979270178,-0.6906226081575213,1.0224941069554148,17.618878760858458,1.6932507537987864,-1.3605851351953386,-1.925471151263959,-1.9528427873902547,-1.8181789270308188,-1.5901828599554564,0.4037010981856545,0.4095336747941532,-0.6419684725272999,0.3058143498655173,17.537266145692445,0.1652056600061756,-0.3896876511351135,-1.3118219267422464,-1.2858853612706338,-1.0331275665897603,-1.0127732232584492,1.1372714106269532,1.1284615134610096,-1.888445943696417,-1.593720200015205,16.825826027919142,-0.9410880798168576,1.353164877483356
-0.9302781551164196,-0.9874641485442271,-0.7957518963396203,-0.7307372697883779,0.5464414977667162,0.5495248925271488,-0.3762876836683508,-1.4452244953906526,16.757826284624606,-0.5747185779835255,0.8451445331143901,-0.2994931319232168,-0.3567561697037258,-0.4145479256308834,-0.3876497337514231,0.5651656831356023,0.5663398744129907,0.8833243015958304,-0.8414311750913182,17.063133243888483,0.3306455896917217,-0.2918684231602685,-0.6803863791925744,-0.2622248195468532,-0.4831139476706964,-0.4120593948375685,-0.0366203311296247,-0.0264153283904388,-0.2884567366417422,-0.7923054579247443,17.015464528342026,1.0783240596288337,0.7199050916796771
-1.1541290561108275,-1.0714665221608193,-0.9777444342519492,-0.9485171404817708,-0.7960079489924217,-0.7864801358358469,0.3215264075796735,-0.5222488704435865,17.187282596145536,0.1328535299763363,-0.1527591717031572,-2.152104427422666,-1.517131688150149,-1.95100422696875,-1.8323205960423457,-1.3791201856597597,-1.3829834443568685,1.80882137535973,0.7619342767316787,17.79763224191601,2.4070020898948052,-0.5866928255784127,-1.3972039368151865,-1.9677370917525712,-1.600504599102787,-1.832234549372572,0.3314093298015932,0.3387364460548867,-0.4709499026452103,0.4383549538879334,17.707424749625947,-0.1454044205998444,-0.5874285713466493
-0.882435161429748,-1.20846461132718,-1.0165685570309946,-1.3523050847129678,0.6410205067110419,0.6412312033162783,-1.2411429161168963,-0.7886197895783719,17.039915111208813,-0.0271429273326905,1.117683706078234,-0.8249382062606598,-0.8687748756151955,-0.5759305325164642,-0.641078345394781,1.1874407764872148,1.1712430540739032,0.0114756082314449,-0.483945768929467,17.057274480459732,-0.4279601664177493,-0.1651877533190716,-0.7639600938041732,-0.7320307863397901,-0.6738972284483007,-0.2692127893840781,0.6175107792821015,0.6159501818440034,0.2181337060969691,0.0602554196276948,17.168997727099242,0.1514126475043897,0.4689722964328904
0.0412886024236514,-0.3997559083886995,-0.0833291745580797,-0.407021930609687,-0.2289527842373346,-0.2189561288441412,-1.263479814002248,-1.211017255405756,16.58153408892031,-0.7449303327686868,-0.6143595108830576,-0.0035526961367915,-0.3153470392932575,0.2452832893808061,0.0857651093558098,0.7910860650188946,0.7865038418150586,0.2736209416090969,-0.9221217712461884,16.73607204092691,-1.2751209268157917,-0.1816285661878123,0.013453416522446,-0.5017541700844655,-0.6708985010431371,-0.5861553655920768,-0.8493450471792678,-0.8429548377782846,2.006865375129862,1.0114503374149222,17.51905941335482,0.4713525991810129,-1.7830299855722491
-0.2886001958427157,-1.0366673405603486,0.0074000306406417,-0.1506688684716374,0.5686916133603164,0.5707814293449661,-0.6631370893918174,0.0249306690158064,17.266269266690767,-0.9928671137925872,-0.269300374978215,0.2445813026300834,1.0650218232241198,0.7678521419240771,0.7977812731834566,0.6414329970099611,0.6394357771701056,-0.5878586697278799,-0.575023921702979,17.002218541205735,-0.1807601515072681,1.188342687021597,1.7486012770340864,1.677448275349095,1.6881619911603645,1.8367471336186332,1.3134721713410586,1.3020908977417949,-0.1449827125766877,-0.3569100793810146,16.925294514328147,-0.9456182878867522,1.2543801225736633
1.858182240263238,2.0604792067787905,1.9811817910431615,1.6294026661427037,-0.1878744886653086,-0.1810498006366128,-0.3509677998179428,-0.4545472339264036,16.724676864409833,-1.1520725153414066,0.4983700977460626,0.9030198527511182,0.9489365063531144,0.9988448165734178,0.954361138879669,-0.8805812792119518,-0.8760559836253844,0.4229565105446897,0.3529051288786939,16.94673484461973,-0.7153043940279531,-0.73354145418553,1.4065643883729666,1.064159144911497,0.4158732068906164,-0.0111799258257917,-0.9821244507779744,-0.9808504383243812,-0.1614614462409569,0.281815334712254,16.928728089509946,0.7590253445895845,0.0046404069940266
0.2605279078853526,0.3020598845457439,0.4607194823712954,0.6940982933031782,0.7102129885525705,0.7116702063419623,-0.8190622296149228,-0.955635394790705,16.451398656582366,-0.474199354088721,0.320989254676185,0.8754424940643697,0.802927263471978,0.5903700250767924,0.7597750868509471,0.0610403337538789,0.0668420321111591,-0.0776924015123697,-0.9709381124935088,16.4680763080745,0.0847873897905481,0.7600556735359332,0.5341010250842543,0.2128566894253173,0.5256414222449096,0.0957972327160646,-0.6918095361459641,-0.6882856064942445,-0.4147524462341204,-1.264192261661332,16.285464386113826,-0.7890952187071644,-0.6136348088226371
0.0841181405432937,-0.3264780612359553,-0.896403419366233,-0.967557780211404,-1.1029326938319748,-1.1067007972759797,1.932255303929795,0.3710147626648968,16.61324307148582,1.3406605014617825,-0.4780464852775207,-0.5677071741458757,-0.6500281904395965,-1.6336273312544782,-1.6270800799427507,-0.5930691895071222,-0.5918259973645378,0.9230392210850644,1.7133649077005015,16.796119092134354,2.0072283481173554,-0.7094219253944829,-2.0208958155528176,-2.1236924295557738,-0.9647150662777844,-0.7929585856751031,0.8219145385144692,0.825939415591675,0.4666743290290792,1.8043135770239151,16.912164555299427,-0.7554140954910334,0.1503730389831431
-1.8453805494696436,-2.10036100401163,-2.1611483698354776,-2.3022557624213262,-2.242493898410585,-2.2577685351246006,2.0318400178014824,2.444811082994299,17.477668681154693,1.4855327042708235,-1.580004110924842,-2.3975357436393825,-2.190747707630181,-1.7696817546268524,-1.862602957699015,0.0548348331142229,0.0606745802547622,-1.5442075299050662,0.0029883758222241,16.77839939225794,-0.1870184371230971,0.1550505163837826,-1.7632162684730466,-1.52605201138072,-1.3821896264207725,-1.2933314544403778,0.7319403244014112,0.7297059944154366,-0.2004558771573809,-0.0356848655563149,16.743429674608638,0.0232043024595606,1.5671512547425035
-1.216910562785044,-1.5513370516775182,-1.9440106289930985,-1.9684058482447533,-1.8027376022132904,-1.8109233787994692,1.8490424938363208,1.5299673922921693,17.450780906690163,2.0330713486663594,-1.8736349545059183,-1.709060851451977,-1.8713924965273248,-1.8350546334452071,-1.7298969735904948,-0.1738583773370086,-0.1654636332280097,-0.3353307461239773,1.0222433091832157,17.485729507811147,1.1974786507217152,-1.552640176058516,-1.6251403992525273,-1.7367261644089895,-1.3178844907295344,-1.394477663625577,0.6437633384071212,0.6437605420343043,-0.8039263008102007,0.0188326740739471,17.253322728254595,-0.5938659929287015,0.3824220990642439
-1.3838632729553744,-1.3536621080793094,-1.215343264813681,-0.8057772684507423,1.3550354647981735,1.3393244621035896,-0.4929398375074059,-0.4714946992655179,17.203545054375144,-0.145893764552853,1.184280533500474,-0.5309550560093336,-0.5874641227359337,-0.1733984666371878,-0.0431475407477052,1.3437454455125404,1.327191332062367,-0.2963613987108606,-0.6866749359715039,17.2064892731078,-1.0981603555083157,1.5637248589461832,-0.032601614653965,0.3309313038606812,0.4626719077145348,0.6387592153252893,0.9158872954155574,0.9100194815232808,-0.2643843161734443,-0.7660747640949586,17.20298761158922,-0.4668209619796122,1.0811744291441034
0.6457126789307018,0.4993397269967154,1.0436502774842074,1.0778892266181967,0.3100601236534669,0.3167657654114282,-0.9331231892152412,-1.4091255958061983,16.726762847847347,-1.258286712410002,0.3667254936120798,1.3859282433673656,1.2402897526477363,1.3544160292178056,1.2683116250986324,0.3498007502168299,0.3535842601281206,0.3048815619688131,-0.9691660963865236,16.846397645865437,-0.8183110227961531,0.5793807887367237,1.380727721591843,1.1163262327931072,1.2444053292683677,1.1992315318355469,0.0363683403911312,0.0441720513631477,0.2059938569140728,-0.6651919064406713,16.98002738344355,-0.8615312412199956,0.3810931059995584
1.7872940926732586,1.631036671403587,1.5069227430283236,1.4259408666950697,0.6014606417994918,0.5994259162380942,0.1100949621442652,-0.446857632104531,17.095959298405635,-0.5459884239343196,-0.1421507631559449,1.394430457957847,1.3072339535170538,1.296222951891242,1.350133182862839,0.0623633507582726,0.0669208213401213,2.099974203385367,1.1677236188283,17.526552622031208,-0.8419536439969714,0.679131262190563,1.245224054521813,1.3288144880679993,1.0266505542709956,0.8595380616561191,-1.906466035197779,-1.9168401990722304,-1.4308937727591304,-0.4372934331841951,16.999832245855526,1.2143190244309685,-1.9788281093906497
0.8295885476759132,0.7268785024753912,0.6926565992582837,0.8433113824195317,-0.6256516733557829,-0.6218799627415899,-0.1477601497660288,-0.3292346865211031,16.965340695665084,-0.0933192088667154,-0.5205276810612965,0.3567307704319334,0.5058937579047205,0.7709957932936398,0.519607643876154,-1.133027176207419,-1.134732962131133,-0.6610550181158332,-0.8039242189330801,16.75304157410593,-1.1284230006364564,-0.7711795512806874,0.8122077909136177,0.7996215096863973,0.9985735014235316,0.8929412101133829,0.3036079709212207,0.3065420951019185,0.2795585231518414,-0.3057050846701095,16.827081780476576,-0.6620146509719419,0.1550634559225161
0.3961586417282931,1.2208940216061368,1.0350121643132555,1.2776337502699258,0.4719491632258438,0.4731476793205026,0.1263998890523339,0.0424229549058617,16.864845255313245,1.079218865332379,0.93037327385824,0.4782074738561908,1.3023629336707514,1.2641789111727733,1.8490024189782823,0.8827148755900066,0.8804006371952559,-0.287615163302107,-0.2615479658315064,16.83172664832081,0.664450519029873,0.650900294672164,2.170587457843819,2.021010941207676,1.7215943753812737,1.8520200889948704,0.2811292111687381,0.2833749177758842,1.2073557333204148,1.0466547133970383,17.15971778221881,1.9356316020554083,1.5163909267773088
1.3450436635592284,1.1564255736197755,1.662635366951147,1.12719017137126,-1.2487794247713755,-1.2488277510718917,-1.287962967678701,-0.9391614345151044,16.692470613031823,0.04635975643189,-1.006882053810728,0.1916945432549975,0.5885223173794117,0.8761780649542228,0.9213042211080748,-0.3037448901625758,-0.3001535068196391,-0.4531412785244038,-1.1024053938603795,16.528422322493363,-0.0366824997309674,-0.0960504961510631,1.621557113285136,1.1115930071185005,1.511827366095484,1.2263836420776637,0.6892659268479047,0.689624117590296,1.2077355027029617,0.4815873938180068,16.76244121978331,-0.1530103941177382,-0.3577833312653424
1.1914481851549927,1.0185525768151944,-0.2682153613054864,-0.7429890952540479,-2.3672864050852325,-2.3758799747485835,0.7220998116356924,1.4165152315022898,16.927384565419974,2.1802275662881843,-1.8412582365277097,-0.4302991658656327,-0.7864149129187145,-0.3985935630919548,-0.1759267996425109,0.664935548549682,0.6625844033835987,0.0205235488773911,1.299164599506294,16.954160701753658,-0.8519080750626072,-0.2411597423423119,-0.8132377294827111,-0.9794667369614805,-2.1600272038433,-1.574329669780942,-1.3004329626860571,-1.2971609482964417,1.1791536709097103,2.0128368035546207,17.255345181311284,1.380831469852775,-1.881219614179657
-1.6266853450057472,-1.7544828445567078,-1.440332275315661,-1.3537091129521406,0.144447334237599,0.1488007982942451,-1.8382349049701523,-1.1533930912893091,16.46480820467117,-0.5543028744227921,0.384375143535886,-1.0557250971655514,-1.1385292487509742,-0.8651811240217504,-0.6989684176253493,0.6422584622768085,0.6414968899223291,0.2149533196111057,-0.7567355878079892,16.54625469270127,-0.5355861129831506,0.2586003757763968,-0.4750797230682039,-0.0240049772170914,0.254862301481534,0.2247858447989295,0.9488841988296816,0.943444223792387,0.6170651087733281,-0.060965544695777,16.76079659932485,-0.4259621830239695,0.4715767161633477
0.49084089357284,0.814637861722721,0.8910622336285476,0.6160861388263968,0.341470341100086,0.3440409440937759,0.1755385503066742,0.3974386956086422,16.82352711974103,-0.1647990659308402,1.3859436862861811,0.0337420087987697,-0.0870816515508873,0.5006372220368284,0.500489617176502,-0.1290237567576492,-0.1232256468948196,-0.83154994489221,-0.4326039557056285,16.61315774049814,-0.8609573146115997,-0.3945922337950849,0.5000997245799444,0.2390192236931074,0.0327284050030554,-0.6494570764816494,-0.9855954721327868,-0.9815844224692388,0.8456290874384522,0.3707056061465218,16.881393745548376,0.2923431138939052,-0.9105775176378984
-0.4635714622092605,-0.5219172182161161,0.4043921384571619,-0.1778418198075785,0.4406629509806222,0.4428943267805211,-0.4607093939367301,-0.060255778514013,16.79905389736141,-1.100310610365541,0.3133828851849475,-0.4448554819793915,-0.5083721654189469,0.1125256415960841,0.2493072269885235,0.3748115056874872,0.3766938604766743,0.1071156253510557,0.2726936167277342,16.857482173677134,-0.8146496197214929,0.8073725926281308,-0.3595360075255397,0.3591710737290071,0.3400088316955959,0.9888803107363286,0.7044273980669048,0.7034082163374767,-0.7943850973757596,-0.4975914949608154,16.62298977812782,-0.0508250221521359,0.8123549665356864
0.7038627206814813,0.3235981357344957,-0.6098597082237648,-0.9563154604706076,-1.7839850708155487,-1.7869887655701018,0.4803928038730577,0.6800900907615981,16.7213455306169,1.6689347422799965,-0.7810332399365983,-0.8022713895331334,-1.6054627675303506,-1.5572575533870092,-1.1528628271181165,-0.0951675652821615,-0.0911192769758951,0.9406000916325388,1.6790412637475165,16.925129441513484,-0.4493898507084744,-0.3380186864446668,-0.2986331404745562,0.0084495193583524,0.4672653974558974,0.9520761231803152,1.520237709518413,1.510679366884388,-0.8492377481182051,0.2621110414470847,16.802651077881002,-0.6151194791927179,1.662520615368655
2.2725285326724323,1.8846089764106304,0.9084069815279084,1.7093320713427314,0.8257841915268125,0.825143952480332,2.1225300805836405,2.4727750903691934,17.285568389012628,1.9294527732173992,0.4956788314357279,1.439976330044836,2.078778903823442,2.396938209348077,2.255872536639554,1.4198356868926556,1.4118154672672445,0.7848475878111743,2.213768373394952,17.557195935615244,0.3647912098783648,1.4385416819704044,2.628306476700022,2.634097059525976,2.5825687438602323,2.326472020008934,1.708327840186169,1.694769518333078,1.5389174933949556,2.2854150982653865,18.0480332147336,2.3488335674282146,1.9884402427126489
1.0350001765131656,1.3194590969285545,1.3759406735678072,1.1527315487841658,-1.7012238916571794,-1.7126685482707382,-1.4176697026937188,0.2619892426870022,17.6170265159186,1.0583426790667267,-0.7094530558166046,0.4022480000705915,0.4639803602820369,0.7301115892137987,0.9769414573982244,-0.2630567640565025,-0.2567716469063874,-1.105111018605754,-0.6803756907931077,17.27486681024996,-0.2410893361064491,-0.8954220408939073,0.2672638865223075,0.1003275823674029,0.4157911194087901,0.3563309735310677,-0.9965210306565772,-0.9972852101134432,-1.0213179858466364,-1.178142605506235,16.883223947086574,-0.7050874982744411,-1.1850265430235936
0.0640620440323761,-0.0178674239739809,0.4836198526633311,0.3744335113350683,0.006562969331675,0.013379784716345,-0.5844927546489054,-1.2466871614768595,16.719242722380525,-1.158936649774266,-0.999574845684802,0.7403920812361259,0.93096058990262,1.2920296296710172,1.6690141631219004,1.7734254065470807,1.7568751365277429,1.578151192252255,-0.4758249529064418,17.332874884926795,-0.223648195832282,0.6492635200467096,1.206163276076504,1.3922474027604457,1.724047434996048,2.0035247706779904,0.732247906788603,0.7345549296649585,-0.737947819596559,-0.8184209550894503,17.048403719323776,-0.1018419915572075,0.655216187420426
1.536606054564118,1.1480780380475408,1.5396040172151626,1.2294486364433832,-1.0788472607581527,-1.0827802380524405,-0.483400860558474,-0.8911621667627428,16.90683483524286,-0.717286059400512,-1.4365568705382148,0.909789594450678,0.89362627905506,1.3693281327854057,1.363291478493622,0.1610527302732238,0.1696603884848946,-0.5014752841169013,-0.8806411910089145,16.674873186291368,-0.918150029018622,0.3468644644300832,0.9708552397855792,1.0690425977797358,1.2876215449054338,1.3062951526503224,0.0027398405459452,0.011356261190085,0.9450442245881492,-0.3040449508972264,17.039767916370202,-0.370145778171366,0.3769363745275692
1.1214174616815875,0.7848908785625768,0.9367489875847188,0.6295518082802929,-0.9416360383674546,-0.9471171340473428,-0.0734020302210952,0.1708721172304393,16.958972986675796,-0.6659153516303489,-1.205291975168202,0.5307913895981249,0.277534467206786,-0.0448160908640038,-0.1402665269921847,-1.129718258097931,-1.1401566009653892,0.8174441104622555,1.932535916649904,17.249739700921882,1.7633448833392271,-0.8372085846590824,-0.5888396464919398,-0.8039822952201,-0.8351504444949349,-0.8555480590290953,-0.9312334409157316,-0.9374948600368336,-0.0136257182200279,1.7142727909580031,17.29689220651076,0.0288782523309136,-0.212171882483245
-0.836509294750564,-0.7166855060800106,-0.6507106152023028,-0.4357124489873005,0.6353847785226981,0.6424703379268407,-1.1223271672329314,-0.1661891753279725,16.821519891167984,-0.4343520067865322,0.8811361649048315,-1.0819767742202098,-0.0546390390208554,-0.7399915021801687,0.1145759189548771,0.5483856819662992,0.5552902879789929,0.2156099482788686,0.1320016269790541,16.969736964879413,2.0087476390191528,0.7048973738421089,-0.0003546431753786,-0.5283945993127892,-0.6793377006833315,-0.6143932619717686,-0.713876695507532,-0.7114901050379482,-0.6196835668849795,-0.316901430032149,16.759796946541993,0.5623161510994719,-0.8972688049171058
-1.027636544299105,-1.4296394977932043,-2.2684232387583654,-2.155459200999916,-2.002682063794342,-2.025172761987456,2.6651036471187375,2.468941741382709,17.905418643561188,2.6298718619819614,-2.276292096179964,-2.2215285144858616,-2.250916990244544,-1.6375669550050151,-1.90362703924774,-0.4660071455106603,-0.4570265103514155,-0.7389021328932637,0.5353217262608181,17.468882024222864,-0.495199707206029,-0.6529617444865248,-1.602857792204704,-1.3875790295005963,-1.0823753807305407,-1.112512681289813,1.1754334542411062,1.1661452375275696,-0.4631304405550573,-0.1258634588195537,17.316109767513304,-0.3781921370086372,1.0266293825767856
-1.0657300314443074,-0.9637989227167046,-0.582492910108493,-0.6935264878394456,0.743479277776352,0.7443563500318723,-0.6634920520751759,-1.015259034328244,16.835286501883854,-0.6663953680693978,0.5214526315364341,-0.6470789126776835,-0.8600934422503448,-0.3428506552429405,-0.5240144401330014,0.2849309936585249,0.2918355233577416,-0.2372315989127442,-0.9896549621270354,16.77387844632161,-0.9161604100215428,0.4903840614570948,-0.6098531491798072,-0.7096298867309003,-0.4086157491147527,-0.4559397200818232,0.097406385896221,0.1057417715429746,-0.4221524542317035,-1.0597952937570905,16.472772670374376,-0.5176165478361037,-0.1086517057922545
-0.4253965112220556,-0.0293812613690888,0.0243704641361573,0.1551688439827393,0.7479949788156729,0.7424677022314925,0.7028409165130057,-0.226044408987163,16.984738092578148,-0.0856628450562549,0.7568389342491622,0.3350169313340511,0.1883902592677541,0.7243347552990324,0.2274980016378445,0.062143730900219,0.0703440660211591,-0.2842786505954324,-0.35655631798246,16.917794182849754,-0.6892697197801427,0.1670435258288322,0.3288146558081455,0.9977520910728308,0.9442115251756632,1.2959625143220068,0.9843531017650486,0.97284317992097,0.3160279666029166,0.2432353789126885,17.269145444155814,0.0975736488466874,0.8076172677430418
1.767809789100534,1.5203394983688587,1.5093168208734609,1.0451033286867988,-0.4128016729831714,-0.4007109439822531,-0.6303594613040322,-0.5127544505454535,16.876852700432806,0.0479505997134456,-0.1818619451482326,0.832102904440384,1.1326569231165424,1.1348437490659888,1.3866658993261662,0.651071079316266,0.652289623571638,0.1568216073259445,0.0152524555485461,16.881813171480665,0.4940575573796218,0.6813988436738464,1.274054372753562,1.326923810169139,1.5632059044026303,1.4721787667379649,-0.1594492350843468,-0.155202227814593,0.5343010053468642,1.1904970031569977,17.049850238709016,-0.2734887799542301,0.7331314141078299
2.382670070047877,2.4156404845332373,2.399375288273735,2.4772971231099024,2.516912014848933,2.503161103520237,2.0976673314252445,2.598530599628415,17.81943796830576,1.887521258448052,2.6095334037523226,1.9560010679089197,2.3008320432695863,2.078281191851131,2.360426287434625,1.7536002507466852,1.7482615794770895,0.0926541300949456,1.8864893738802984,18.03345971099342,2.5647142972180794,1.5017616603542108,2.1522144900304365,1.6567692277303023,2.0611471256728,1.486657472687266,-1.231403766516573,-1.2506012443109822,-1.286269248040832,-0.0964927335661821,17.365630720630573,-0.353997012826246,-1.037602594764622
1.3357415820777945,1.1397953862591188,1.4141524698126993,1.0279184410799365,-0.9053284424867164,-0.9126353207783512,-0.8597675541369104,-0.7422102002315233,17.04011001157378,-0.5152475391820293,-0.9600006205587264,1.2395809678755885,1.3981255412337394,1.389368872627316,1.3760182643889405,0.8138446666013887,0.8219724173664111,1.210477622414848,0.1207480756701507,17.62072535588981,0.643162434562172,0.7463694044064365,1.3458280951572,1.3082115567927737,1.310935776209498,1.0315911173774286,-0.734865751934644,-0.7348411824488091,-0.3878033945968933,-0.1559027870495904,17.588363468840782,0.496997770840405,-0.6485096990213165
0.9504634009909834,0.7354478018226366,0.4207683288061002,0.2033078104219355,-1.413816555679661,-1.4400400031751104,-0.61479520961993,-0.5946337485743308,17.34674451164001,1.3673191056600096,-0.7132196504980157,0.4389325242464436,0.2058840658001939,0.3483665517100216,0.0494712440979901,-0.2853640058605224,-0.2742362429306863,-0.3725868199864977,-0.7629994395737357,17.289499838993297,-0.3377547882807399,-0.4544296791930844,-0.4644216919438101,-0.0081237914545971,-0.2835663877194045,0.2560497976450051,0.1840847446143468,0.1980473609608179,1.317973892079957,0.3542959619494258,17.965966056909966,0.6636896589502077,-0.3102286663782365
0.3487229221308222,0.065762433664101,0.3673394790583271,0.7665790043615803,0.1920175733864464,0.2056347052824663,-1.2018540926713337,-1.1668651748735952,17.061028352727288,-0.5182874439496262,-0.1040241441731468,0.6801489623533782,0.1087735328586142,1.1282930940166715,1.024701690613395,0.057894251548017,0.0698989811596964,-1.0419869604254717,-1.46869043341976,16.15763371759581,-1.2879262411088477,-0.4850268175597246,0.6264245917801029,0.2960806630251734,1.1045777957127263,0.854111688862869,-0.1433348354485656,-0.1344080396131894,0.3553824690504303,-1.3010779734659643,16.304293103421593,-1.1478563029042224,-0.2485798982155651
0.5663041126213507,-0.2199394191504959,-0.0327773761468583,-0.0537057207156745,-0.761494781549661,-0.7578694466663373,0.9098378168419377,-0.5672707554333815,16.75421740295303,-0.2258109070562015,-0.4403955174862088,-0.9671424348410956,-1.1941524036913709,-0.4947817399478934,-0.5957601384320566,-0.447916380308398,-0.4405998015702616,-0.5865299170666979,-0.7980866274723246,16.473298582017495,-0.770794642900232,-0.0394106214608714,-0.5189063959462752,-1.14418704360322,-0.5587291120040939,-1.0110636191062083,-0.4166716069944013,-0.4091712907132748,0.4225678583373421,-0.2583041763893333,16.6758182765637,-0.6274310460278459,-1.0533142665977704
-0.4997356849005127,-1.1407449685555349,-0.7240483510149364,-0.7913287196519675,0.2378374352581387,0.2431125275133,0.2618874594713438,0.3344946135681427,16.829613109963017,-0.0886167866200289,0.5738042449946202,-0.1460668086748341,-0.3872665775520683,0.0774368992582741,-0.1077240165394729,0.9683629394361852,0.9681817024029946,-0.2841198881239499,0.3120227384237855,16.738467870510277,-0.5637912710481715,-0.1638164413820597,0.6668764354758249,1.738431364569235,1.1871428888833149,1.4437313138977423,1.6434859666792707,1.6326928449460256,0.9284721254625228,1.4177460124624766,17.20205446665188,0.1092556639048204,2.322841494485906
1.650577772689502,1.9660849279907984,1.26073026694546,0.7758094367569083,-0.6939027791512452,-0.6933360687014158,-0.2692613575096061,1.789496359590795,17.09217219315142,1.8679887754354696,0.1990022526014949,-0.2419234439104244,0.3208887298815679,0.3419748007131553,0.2515087398887737,-0.607399099705961,-0.6076383552412198,-0.3400502901032833,1.249436170832767,17.028963746881576,0.0214683603423555,-1.2120731448638131,0.509968551577403,0.3829032081498086,-0.3225862387597889,-0.3110496040062351,-0.6256271786910929,-0.6274778703013081,-0.2004191093867081,1.0120520347196664,17.098869939959553,1.5686802035197258,0.4867061985520882
-1.0423173539694617,-1.1389431921384674,-1.222974990891187,-0.5611651707847983,-0.244008143232089,-0.2407734725906143,-0.9366270176280016,0.1260422594030265,16.898507139018275,-0.4728865744106348,-0.92206037250943,-0.4257923677876513,-0.7574312118763479,-0.726210539192194,-0.9317441350558217,-0.4612361916330879,-0.4611911586879078,-0.8956062412409469,-0.5819830918717631,16.658959631863933,-0.5355686115124992,-0.9700556914520252,0.2541814232016348,0.4528120665813974,0.534016883147224,1.0895703365147753,1.855077533050014,1.84918807945237,0.8053112554578774,-0.2051382512443365,16.8963190497955,0.0636135418753402,1.1354026488211806
0.605836554936986,0.0819415393522205,0.7343018591676006,0.0156667374194495,-0.9802945835854212,-0.9877709928918478,-0.822574160786003,-1.0219961453474398,16.695573865890275,-1.4399763367554823,-1.1875809214708308,1.3682823093194174,0.5013978671572252,0.9112245200516188,1.02573381167036,0.760921445333383,0.7671598939937516,1.621579276438078,0.509547308142737,17.138209353072916,-0.6529585663629319,0.445479704704848,1.7761725030016644,1.635318394665208,1.8032390339962328,1.4408574986064269,0.4371702190077705,0.4451125530798224,-0.0065293853314109,0.5189433205983008,17.215750848427398,-0.0413738325607254,0.0172772615855228
1.386440589639589,0.991707407351498,1.3936671951118544,1.3994412623322554,0.054350906952799,0.0610483669914838,-0.56163243045458,-0.0460258880546252,17.08129290739953,-1.063495959782612,-0.4290940186879993,1.0261468417879474,0.9837507921240768,0.6987979306574106,1.0993845338725274,-0.2387646666937072,-0.2345225054885459,0.0181855849725786,0.2417642534658401,17.109545839125797,0.9096851108430392,-0.6287806093136117,0.8312930158335546,0.9637861327906542,1.208542343147588,1.4062749130216643,0.5793262932886145,0.5857348314023878,-0.5477941272883071,-0.2948057799129339,16.98844719277146,-1.014868589514431,1.5266469437319434
-0.8161177884860817,-0.1138877398568189,-0.6775230210828557,-0.928825177806104,-2.134964615179822,-2.158478167869633,1.970082093184259,2.2681551974539147,17.546704516251612,2.0312885364112283,-1.96492923663557,-0.8895272695745351,-0.7099281476427765,-0.8809078906922347,-0.0861851401315716,0.7753812364473427,0.7718777255683168,-1.3281381824666931,-0.5506151731990799,17.000122048117603,0.6986449808680313,0.8192251395823704,-0.1223548326658444,-0.5704514215838765,-0.2661241343964431,-0.2916535254479953,-0.1299130888042058,-0.1197549240456061,-0.8313642752262188,-1.391292940404144,16.717937196271382,-0.5694135351007716,0.4252710032223501
0.6411116135577808,1.0316549654639289,0.9991037414538528,1.416374080496404,1.276797343350618,1.2564154427203946,0.7274829635251783,-0.4961718112348759,17.008235448407532,-0.2473043614283079,1.5423737455789672,1.6412758823001783,1.8652083480216888,1.7270404304756333,1.8167861074257576,0.5183328472765317,0.51680234018345,0.5420604699782555,0.261778758347471,17.282558131397835,-0.4553165868101406,1.1344386629408725,0.9923064579391998,1.0585423095447737,1.0173833748460204,0.8264745765461254,-0.8397978738730348,-0.8288754483014776,-0.524369850355514,-0.2910323790590955,17.141923364269402,-0.4606382995618797,-0.5910059680973572
1.4845207732220351,1.6303594217154378,1.4135838048097744,1.6663174967335554,1.0207781580087405,1.0090165669275628,1.262491983534944,1.4617616876688184,17.596431241043646,0.0415430004210883,0.8786358371480997,-1.4615800057781,-1.5964571088711623,-1.5451902516428182,-1.4255552026386484,-2.169944478402566,-2.193604406196736,1.0838343165424265,2.137403975426736,18.06933302796116,0.6400945684432756,-2.44623595447458,-1.4174199339003264,-1.3677389483591411,-1.168832610327173,-1.140292490481298,0.1305051931942587,0.1423934047232299,-1.48317675505195,-0.7285767032658318,17.193009366981272,-0.5691514120973319,0.0002489099377579
-0.9083069226463236,-1.2315946851053994,-1.5928028745711833,-1.658223786865699,-0.7711662626367398,-0.7561580209718994,1.0066238633931597,0.3252180703926113,17.713738872648037,2.3475678035164615,-0.5687074840042866,-1.381720250071698,-1.3970451106554993,-1.054419516036577,-1.291520392729042,0.2747049158648258,0.2822682222026733,-1.1918266950830276,-1.0424962051623046,16.95558561363399,-1.0887976330013025,0.091305250293044,-1.4435985032132634,-1.3035490030327077,-1.1047463484453963,-1.1922043791747623,-0.0450685700426549,-0.0306750074138052,-0.3717807562873061,-1.023081934758445,16.871373260653375,-0.7255519508363739,-0.0571590747467457
-1.35165893509022,-1.2513868330537683,-1.1651933184926486,-1.1516356326360448,-0.114574911881643,-0.0993112447515261,-0.183113715415919,-0.9592224465611736,16.909847623577058,-0.316811774740167,-0.0167505583583255,-0.9800273799040836,-0.9072263033200164,-0.8240736187682417,-0.7005064326945434,0.7367115472670783,0.7293035540234133,-0.257605529849075,-0.8847699932188102,16.87901834232229,-0.397832754148079,0.4138676372595034,-0.7242059957629828,-0.7354151054841332,-0.5346810544309181,-0.6545129065082559,0.1599477910529441,0.1694413972416414,-0.2121912463201148,-0.7612233645725575,16.833415246686986,-0.9420940378846756,0.2234061017840133
-0.5003676953562637,-0.6492349386234616,-0.7471522109055033,-0.6918340149390467,0.0294917455724148,0.041442347530189,0.771091528797937,-0.1821850225285773,17.213927444296207,0.3076396340854114,0.0238078137014694,-0.8707564855061355,-0.892344995990961,-0.3710331907292845,-0.4050154402274357,0.7323027729596003,0.7222621092883627,-0.8139530974078981,-0.5613807654744846,16.788455204540064,-0.9399589231633112,0.7463859621939335,-0.4756843003670626,-0.8038742629122573,-0.5892939237783036,-0.5198931840258029,-0.0243314625174281,-0.018417035501417,0.2119293542505869,0.0826884909285761,16.83307775504587,-0.4219664175736431,0.6049549004446734
-0.1880057875675314,-0.6889209645228933,-2.1226130849533074,-2.516057594750695,-1.3958384824214956,-1.3983503442881366,1.5262422796411577,1.759741998380007,17.376533941447065,1.3696057290683503,-0.5185386058661703,-1.869566365919516,-2.0253443807962745,-1.631826570455886,-1.852142320029618,0.0893669560667318,0.0941245464601179,-0.4438565703727953,1.5629922621401402,17.211836124918786,0.7542019206175489,0.9304507522309534,-2.5092901163044643,-2.566862331315922,-2.213630300435,-2.106773992554906,-1.28442959359551,-1.288042917243719,0.9289498185764654,1.9400253285055205,17.551116166692278,0.5592781878690294,-1.749108143633143
-2.19572201294049,-2.1792473287445175,-2.0596664949104713,-1.9180670596784928,-0.682165829940901,-0.6797408032319803,-0.7541716255498495,0.8664163599671614,17.383106196461018,0.7966373133865047,-1.3008859205370178,-1.7618654252174633,-1.803498624043039,-1.9301386341940552,-1.8948643454676124,-1.186241243986815,-1.19093666123382,0.076253579209059,0.8821280411903387,17.50416501176754,1.7750525732763387,-0.41222495706176,-1.942976240301678,-1.8453621081179068,-1.5918127531848545,-1.2805628841895371,1.4952453115494269,1.4869658945530393,0.2337713517707349,1.0437074680272926,17.689428728215667,0.0098940195886515,0.1183903524202973
-1.1267285325660317,-1.104532886099804,-1.3683773361254752,-1.4100926326494416,-0.677804103601541,-0.6762138493109022,-0.8011969514916053,0.0348092099399618,17.523469363167322,1.7303872987168365,0.5595880669974269,-1.5620717547130267,-0.9176097639529354,-1.123960977214773,-0.6782404754774445,1.7918208173110557,1.7789518672908504,0.102709560613884,0.174803615587135,17.63075833292527,1.3712945629186788,2.4700811820464903,-0.7679037236402457,-0.6742905072181268,-0.5130344917887947,-0.2006350168639265,1.0851175752435651,1.08655005137065,-1.3016239484023329,-1.5737527411693495,17.248041896739434,-0.2254268876527632,0.1928271574465388
-0.6157831053505916,-0.3344523461786874,-0.1046847747034421,-0.1347995455404268,0.1608455594186446,0.1690888125593377,-0.499482334436258,-1.8408834317143536,17.158443066827644,-0.680034626972136,0.9192011089693852,-0.3388635896594095,-0.1054961287330095,0.0307634921896807,0.437345713526828,0.7193864899280396,0.7232097045393214,-0.1295111437107231,-1.4364617699694695,17.12553522536139,-0.339221909734182,0.153479098706146,-0.8680895765378839,-1.8815953660392128,-1.4769879124204082,-1.6245251836089452,-1.7706154941629255,-1.791219621142267,1.8829297408880747,-0.0896822114779185,17.590659470164063,-0.2369080513155192,-1.0228550138708603
-1.6105036958535317,-1.9293472924403137,-1.825574525872167,-1.7189355664534278,-0.2256042998577858,-0.2159687692529362,-0.4413612826066461,-0.2681256627571972,17.494021469036515,0.1402201880959269,-0.234495686134259,-0.9220557200608456,-1.310445697958463,-0.9545759799568274,-0.6360145229965742,0.9960118291371176,0.9888152695711444,-1.087615391300078,-1.0854754353804823,17.160927434857133,-0.8431845575565928,0.7185280295767517,-0.970253366841073,-1.401017851363142,-1.1535765220417613,-1.5346919089533329,-1.0436156306501143,-1.039109596123075,0.423148629475237,-0.5407869536722224,17.273598571319642,-0.7195742638302903,-0.9734559576291648
-1.582320100858024,-1.0896349231355087,-0.876181071615721,-0.6831162048548561,0.8583409402270605,0.8548064808563045,0.0805571424743386,-0.1795811863863878,17.281118358809294,-0.749564278291239,-0.4797941762630571,-0.8079942349483631,-0.9329078501500252,-0.4434798976304189,-0.8871156185251119,-0.2727956332677795,-0.2615448832632769,-0.0984003727226461,-0.0324665217207982,17.255425353068734,-1.5870096470379145,-0.9500779165817308,-1.1361256199058871,-1.1903733034776187,-1.7607311774094347,-1.3809321617922188,-0.7791345439508341,-0.7721723205180435,1.1858874104570667,1.908823056049747,17.554959568380525,2.4095397699149275,-0.744023621612902
-1.4291561719927783,-0.6219341802374498,-0.6116557426429807,-0.5183720661174336,1.1605257625494698,1.150777290227515,-0.8547537851531448,0.4076229444939941,17.349944317905166,0.2176028513437395,0.9792366165968373,-1.242537661490908,-0.7717403837606218,-0.4776912480279497,-0.6410109411534296,-0.0597839973061262,-0.0497730699836317,-0.7750828562333069,-0.7228022776752643,17.152649338864205,-0.4763284181501442,-0.0337586864016472,-1.2860429236545683,-1.356566956751329,-0.3622017150021211,-0.0558108626472818,0.5946271723402609,0.5982372100927786,0.8664634835458429,0.4851496271946555,17.41626349536952,-0.7953645950178339,0.9700992532920398
