index,subsequence_idx,score
6,6,2.8057
70,70,2.72648
74,74,3.45679
75,75,2.58774
76,76,2.57083
80,80,2.73641
82,82,2.48557
84,84,2.79534
85,85,2.62681
86,86,2.41586
88,88,2.59383
92,92,3.25627
