index,subsequence_idx,score
6,6,2.85474
70,70,2.61365
74,74,3.27703
75,75,2.76412
76,76,2.58664
80,80,2.69079
82,82,2.47839
84,84,2.93984
85,85,2.65557
86,86,2.6413
88,88,2.61487
92,92,3.04327
