index,subsequence_idx,score
6,6,2.79664
70,70,2.58835
74,74,3.36507
75,75,2.63129
76,76,2.56608
80,80,2.69522
82,82,2.47496
84,84,2.82669
85,85,2.58585
86,86,2.4949
88,88,2.57409
92,92,3.05334
