index,subsequence_idx,score
22,22,2.66495
64,64,2.37713
74,74,3.13777
118,118,3.26918
139,139,2.60495
152,152,2.7586
