index,subsequence_idx,score
6,6,2.79461
70,70,2.66612
74,74,3.46993
75,75,2.68951
76,76,2.60143
80,80,2.68202
82,82,2.50865
84,84,2.9057
85,85,2.67556
86,86,2.54114
88,88,2.60426
92,92,3.18891
