index,subsequence_idx,score
30,30,2.52914
31,31,2.75277
32,32,3.02942
56,56,3.03233
58,58,3.01217
59,59,3.47065
60,60,2.73472
128,128,2.75752
129,129,2.93928
146,146,2.96594
157,157,2.89718
168,168,3.21076
195,195,2.38963
196,196,2.6323
206,206,3.04396
207,207,2.96064
208,208,3.39134
240,240,2.40697
265,265,2.40601
267,267,2.47113
346,346,2.48002
452,452,3.06146
453,453,2.89276
532,532,3.88027
533,533,3.56939
534,534,4.27927
536,536,2.93293
537,537,2.95507
538,538,2.949
