index,subsequence_idx,score
30,30,2.66349
31,31,2.74055
32,32,3.01453
56,56,3.23336
58,58,3.34048
59,59,3.40089
60,60,2.71415
98,98,2.42374
128,128,2.7653
129,129,2.90179
146,146,3.15583
157,157,3.03807
168,168,3.09114
195,195,2.74638
196,196,2.62787
206,206,3.22765
207,207,3.09586
208,208,3.25942
239,239,2.56977
240,240,2.47925
265,265,2.47529
267,267,2.48351
452,452,3.00322
453,453,2.85182
532,532,4.01818
533,533,3.76258
534,534,4.07434
536,536,3.05119
537,537,3.08638
538,538,2.84936
