index,subsequence_idx,score
127,127,2.81908
128,128,2.45357
146,146,2.70395
155,155,2.43326
157,157,2.62136
161,161,2.84244
194,194,2.5193
265,265,2.56647
266,266,2.61019
267,267,2.43447
287,287,2.6141
311,311,2.44482
312,312,2.36938
313,313,2.56973
323,323,2.36369
335,335,2.52862
346,346,2.34495
405,405,2.39799
406,406,2.93075
452,452,3.93641
453,453,3.95397
454,454,2.95458
527,527,2.91945
532,532,3.2584
533,533,3.10915
534,534,2.35691
