index,subsequence_idx,score
30,30,2.52803
31,31,2.81253
32,32,2.92807
56,56,3.04754
58,58,3.35315
59,59,3.31459
60,60,2.65399
98,98,2.40918
128,128,2.82909
129,129,2.77107
146,146,3.03956
157,157,3.11482
168,168,2.95642
195,195,2.58672
196,196,2.60059
206,206,2.98417
207,207,3.18539
208,208,3.11683
239,239,2.3492
240,240,2.5103
265,265,2.36653
267,267,2.40748
452,452,3.04416
453,453,2.80689
532,532,3.80549
533,533,3.7997
534,534,3.96172
536,536,3.00642
537,537,3.14058
538,538,2.75019
