{
  "anomalies": [
    {
      "anomaly_index": 104,
      "feature_importances": {
        "Close_0": 3.0679854635582804e-14,
        "Close_1": 3.023306063603548e-14,
        "Close_2": 3.0977717301947687e-14,
        "High_0": 3.1573442634677445e-14,
        "High_1": 3.231809930058965e-14,
        "High_2": 3.306275596650186e-14,
        "Low_0": 2.8743747304211075e-14,
        "Low_1": 2.904160997057595e-14,
        "Low_2": 2.8743747304211075e-14,
        "Open_0": 3.112664863513013e-14,
        "Open_1": 3.1573442634677445e-14,
        "Open_2": 3.231809930058965e-14,
        "Volume_0": 0.07782733667246262,
        "Volume_1": 0.2884154836212536,
        "Volume_2": 0.6337571797059001,
        "daily_return_0": 1.0425193322770856e-15,
        "daily_return_1": 1.489313331824408e-16,
        "daily_return_2": 0.0,
        "daily_return_zscore_0": 1.0425193322770856e-15,
        "daily_return_zscore_1": 1.489313331824408e-16,
        "daily_return_zscore_2": 0.0,
        "excess_return_0": 1.0425193322770856e-15,
        "excess_return_1": 1.489313331824408e-16,
        "excess_return_2": 0.0,
        "high_low_range_0": 1.0425193322770856e-15,
        "high_low_range_1": 1.489313331824408e-16,
        "high_low_range_2": 0.0,
        "log_return_0": 1.0425193322770856e-15,
        "log_return_1": 1.489313331824408e-16,
        "log_return_2": 0.0,
        "log_return_zscore_0": 1.0425193322770856e-15,
        "log_return_zscore_1": 1.489313331824408e-16,
        "log_return_zscore_2": 0.0,
        "log_volume_0": 1.0425193322770856e-15,
        "log_volume_1": 1.489313331824408e-16,
        "log_volume_2": 1.489313331824408e-16,
        "relative_volume_0": 1.0425193322770856e-15,
        "relative_volume_1": 1.489313331824408e-16,
        "relative_volume_2": 0.0,
        "relative_volume_zscore_0": 1.0425193322770856e-15,
        "relative_volume_zscore_1": 1.489313331824408e-16,
        "relative_volume_zscore_2": 0.0,
        "volume_change_0": 1.0425193322770856e-15,
        "volume_change_1": 1.489313331824408e-16,
        "volume_change_2": 0.0,
        "volume_change_zscore_0": 1.0425193322770856e-15,
        "volume_change_zscore_1": 1.489313331824408e-16,
        "volume_change_zscore_2": 0.0
      }
    },
    {
      "anomaly_index": 106,
      "feature_importances": {
        "Close_0": 8.798830947222859e-14,
        "Close_1": 8.798830947222859e-14,
        "Close_2": 8.798830947222859e-14,
        "High_0": 9.194284023502538e-14,
        "High_1": 9.293147292572458e-14,
        "High_2": 9.589737099782218e-14,
        "Low_0": 8.106788063733421e-14,
        "Low_1": 8.20565133280334e-14,
        "Low_2": 8.106788063733421e-14,
        "Open_0": 8.996557485362699e-14,
        "Open_1": 9.095420754432618e-14,
        "Open_2": 9.194284023502538e-14,
        "Volume_0": 0.27925009879043683,
        "Volume_1": 0.3483797224321329,
        "Volume_2": 0.3723701787762815,
        "daily_return_0": 4.943163453495988e-15,
        "daily_return_1": 2.965898072097593e-15,
        "daily_return_2": 0.0,
        "daily_return_zscore_0": 4.943163453495988e-15,
        "daily_return_zscore_1": 2.965898072097593e-15,
        "daily_return_zscore_2": 0.0,
        "excess_return_0": 4.943163453495988e-15,
        "excess_return_1": 2.965898072097593e-15,
        "excess_return_2": 0.0,
        "high_low_range_0": 4.943163453495988e-15,
        "high_low_range_1": 2.965898072097593e-15,
        "high_low_range_2": 0.0,
        "log_return_0": 4.943163453495988e-15,
        "log_return_1": 2.965898072097593e-15,
        "log_return_2": 0.0,
        "log_return_zscore_0": 4.943163453495988e-15,
        "log_return_zscore_1": 2.965898072097593e-15,
        "log_return_zscore_2": 0.0,
        "log_volume_0": 3.95453076279679e-15,
        "log_volume_1": 9.886326906991976e-16,
        "log_volume_2": 2.965898072097593e-15,
        "relative_volume_0": 4.943163453495988e-15,
        "relative_volume_1": 2.965898072097593e-15,
        "relative_volume_2": 0.0,
        "relative_volume_zscore_0": 4.943163453495988e-15,
        "relative_volume_zscore_1": 2.965898072097593e-15,
        "relative_volume_zscore_2": 0.0,
        "volume_change_0": 4.943163453495988e-15,
        "volume_change_1": 2.965898072097593e-15,
        "volume_change_2": 0.0,
        "volume_change_zscore_0": 4.943163453495988e-15,
        "volume_change_zscore_1": 2.965898072097593e-15,
        "volume_change_zscore_2": 0.0
      }
    },
    {
      "anomaly_index": 119,
      "feature_importances": {
        "Close_0": 2.8227529138212444e-14,
        "Close_1": 2.5844685769402303e-14,
        "Close_2": 2.492820755062917e-14,
        "High_0": 3.0610372507022586e-14,
        "High_1": 2.7127755275684685e-14,
        "High_2": 2.841082478196707e-14,
        "Low_0": 2.602798141315693e-14,
        "Low_1": 2.3828433688101414e-14,
        "Low_2": 2.4744911906874544e-14,
        "Open_0": 2.987718993200408e-14,
        "Open_1": 2.5844685769402303e-14,
        "Open_2": 2.694445963193006e-14,
        "Volume_0": 0.4042353270557984,
        "Volume_1": 0.5044647170717125,
        "Volume_2": 0.09129995587215442,
        "daily_return_0": 3.665912875092525e-16,
        "daily_return_1": 7.33182575018505e-16,
        "daily_return_2": 0.0,
        "daily_return_zscore_0": 3.665912875092525e-16,
        "daily_return_zscore_1": 7.33182575018505e-16,
        "daily_return_zscore_2": 0.0,
        "excess_return_0": 3.665912875092525e-16,
        "excess_return_1": 7.33182575018505e-16,
        "excess_return_2": 0.0,
        "high_low_range_0": 3.665912875092525e-16,
        "high_low_range_1": 7.33182575018505e-16,
        "high_low_range_2": 0.0,
        "log_return_0": 3.665912875092525e-16,
        "log_return_1": 7.33182575018505e-16,
        "log_return_2": 0.0,
        "log_return_zscore_0": 3.665912875092525e-16,
        "log_return_zscore_1": 7.33182575018505e-16,
        "log_return_zscore_2": 0.0,
        "log_volume_0": 1.8329564375462626e-16,
        "log_volume_1": 7.33182575018505e-16,
        "log_volume_2": 3.665912875092525e-16,
        "relative_volume_0": 3.665912875092525e-16,
        "relative_volume_1": 7.33182575018505e-16,
        "relative_volume_2": 0.0,
        "relative_volume_zscore_0": 3.665912875092525e-16,
        "relative_volume_zscore_1": 7.33182575018505e-16,
        "relative_volume_zscore_2": 0.0,
        "volume_change_0": 3.665912875092525e-16,
        "volume_change_1": 7.33182575018505e-16,
        "volume_change_2": 0.0,
        "volume_change_zscore_0": 3.665912875092525e-16,
        "volume_change_zscore_1": 7.33182575018505e-16,
        "volume_change_zscore_2": 0.0
      }
    },
    {
      "anomaly_index": 128,
      "feature_importances": {
        "Close_0": 3.6291497112191543e-14,
        "Close_1": 3.434034135347157e-14,
        "Close_2": 3.434034135347157e-14,
        "High_0": 4.0584039781375493e-14,
        "High_1": 3.6291497112191543e-14,
        "High_2": 3.6291497112191543e-14,
        "Low_0": 3.4730572505215565e-14,
        "Low_1": 3.16087232912636e-14,
        "Low_2": 3.16087232912636e-14,
        "Open_0": 4.0193808629631496e-14,
        "Open_1": 3.5120803656959557e-14,
        "Open_2": 3.5120803656959557e-14,
        "Volume_0": 0.25662421969418636,
        "Volume_1": 0.4469314090028395,
        "Volume_2": 0.29644437130251794,
        "daily_return_0": 2.3413869104639706e-15,
        "daily_return_1": 3.902311517439951e-16,
        "daily_return_2": 0.0,
        "daily_return_zscore_0": 2.3413869104639706e-15,
        "daily_return_zscore_1": 3.902311517439951e-16,
        "daily_return_zscore_2": 0.0,
        "excess_return_0": 2.3413869104639706e-15,
        "excess_return_1": 3.902311517439951e-16,
        "excess_return_2": 0.0,
        "high_low_range_0": 2.3413869104639706e-15,
        "high_low_range_1": 3.902311517439951e-16,
        "high_low_range_2": 0.0,
        "log_return_0": 2.3413869104639706e-15,