{
  "aida": 0.165,
  "iforest": 0.09939098358154297,
  "lof": 0.057692766189575195
}