{
  "anomalies": [
    {
      "anomaly_index": 106,
      "feature_importances": {
        "Close_0": 6.258306155851991e-10,
        "Close_1": 6.32515571609733e-10,
        "Close_2": 6.516169667368979e-10,
        "High_0": 6.169672559811433e-10,
        "High_1": 6.358979698700365e-10,
        "High_2": 6.942753889420775e-10,
        "Low_0": 6.059515740262827e-10,
        "Low_1": 6.183312865007201e-10,
        "Low_2": 6.502625170768498e-10,
        "Open_0": 6.109194271152723e-10,
        "Open_1": 6.25817131412529e-10,
        "Open_2": 6.563094588260977e-10,
        "Volume_0": 0.16518640545576102,
        "Volume_1": 0.11497409965788317,
        "Volume_2": 0.7198394872334337,
        "daily_return_0": 3.5484664921354063e-16,
        "daily_return_1": 3.5484664921354063e-16,
        "daily_return_2": 3.5484664921354063e-16,
        "daily_return_zscore_0": 2.4750553782644456e-12,
        "daily_return_zscore_1": 2.7592875442844916e-12,
        "daily_return_zscore_2": 2.1870973224276576e-12,
        "excess_return_0": 5.3226997382031095e-16,
        "excess_return_1": 3.5484664921354063e-16,
        "excess_return_2": 3.5484664921354063e-16,
        "high_low_range_0": 3.5484664921354063e-16,
        "high_low_range_1": 1.7742332460677032e-16,
        "high_low_range_2": 3.5484664921354063e-16,
        "log_return_0": 3.5484664921354063e-16,
        "log_return_1": 3.5484664921354063e-16,
        "log_return_2": 3.5484664921354063e-16,
        "log_return_zscore_0": 2.4722166050707373e-12,
        "log_return_zscore_1": 2.7530777279232548e-12,
        "log_return_zscore_2": 2.1819520460140614e-12,
        "log_volume_0": 7.611460625630446e-14,
        "log_volume_1": 5.766258049720035e-14,
        "log_volume_2": 1.3892246316710116e-13,
        "relative_volume_0": 2.102466396590228e-13,
        "relative_volume_1": 1.9037522730306453e-13,
        "relative_volume_2": 2.8636124591532727e-13,
        "relative_volume_zscore_0": 2.5206531726883856e-12,
        "relative_volume_zscore_1": 2.019787127323473e-12,
        "relative_volume_zscore_2": 2.234646773422272e-12,
        "volume_change_0": 4.272353656531029e-13,
        "volume_change_1": 1.1461546769597362e-13,
        "volume_change_2": 2.7642553973734813e-13,
        "volume_change_zscore_0": 2.3824404028197116e-12,
        "volume_change_zscore_1": 8.173892564633908e-13,
        "volume_change_zscore_2": 1.6411657526126253e-12
      }
    },
    {
      "anomaly_index": 153,
      "feature_importances": {
        "Close_0": 5.893284696112725e-10,
        "Close_1": 5.894823809931818e-10,
        "Close_2": 5.845061911551572e-10,
        "High_0": 5.998613252892706e-10,
        "High_1": 5.906044676907258e-10,
        "High_2": 6.052185381920371e-10,
        "Low_0": 5.733007033960348e-10,
        "Low_1": 5.886875497126329e-10,
        "Low_2": 5.816145408312164e-10,
        "Open_0": 5.840157252952234e-10,
        "Open_1": 5.94157305097601e-10,
        "Open_2": 5.844143927321749e-10,
        "Volume_0": 0.49727450621252794,
        "Volume_1": 0.2204596293743042,
        "Volume_2": 0.28226585731994114,
        "daily_return_0": 8.34531118020419e-16,
        "daily_return_1": 5.960936557288707e-16,
        "daily_return_2": 1.1921873114577414e-16,
        "daily_return_zscore_0": 3.575131309599475e-12,
        "daily_return_zscore_1": 2.425505085160775e-12,
        "daily_return_zscore_2": 1.654755988303345e-12,
        "excess_return_0": 8.34531118020419e-16,
        "excess_return_1": 5.960936557288707e-16,
        "excess_return_2": 2.384374622915483e-16,
        "high_low_range_0": 2.384374622915483e-16,
        "high_low_range_1": 2.384374622915483e-16,
        "high_low_range_2": 1.1921873114577414e-16,
        "log_return_0": 8.34531118020419e-16,
        "log_return_1": 5.960936557288707e-16,
        "log_return_2": 1.1921873114577414e-16,
        "log_return_zscore_0": 3.5882453700255102e-12,
        "log_return_zscore_1": 2.421213210839527e-12,
        "log_return_zscore_2": 1.6491527079394936e-12,
        "log_volume_0": 7.510780062183771e-14,
        "log_volume_1": 6.807389548423703e-14,
        "log_volume_2": 8.941404835933061e-14,
        "relative_volume_0": 1.6201825562710705e-13,
        "relative_volume_1": 1.400820090962846e-13,
        "relative_volume_2": 1.7310559762366405e-13,
        "relative_volume_zscore_0": 2.4921483558712625e-12,
        "relative_volume_zscore_1": 1.9840381237279734e-12,
        "relative_volume_zscore_2": 1.824761898917219e-12,
        "volume_change_0": 5.423260079821266e-13,
        "volume_change_1": 1.0991967011640376e-13,
        "volume_change_2": 1.4997716378138386e-13,
        "volume_change_zscore_0": 3.235119488371727e-12,
        "volume_change_zscore_1": 7.122126998648547e-13,
        "volume_change_zscore_2": 9.575648485628579e-13
      }
    },
    {
      "anomaly_index": 179,
      "feature_importances": {
        "Close_0": 1.1266958811692631e-09,
        "Close_1": 1.1105030498569577e-09,
        "Close_2": 1.113492006365866e-09,
        "High_0": 1.1359390878736406e-09,
        "High_1": 1.1115302101413328e-09,
        "High_2": 1.1392618900127957e-09,
        "Low_0": 1.0776587202472572e-09,
        "Low_1": 1.1103233565401837e-09,
        "Low_2": 1.1091029085340517e-09,
        "Open_0": 1.1004400593369447e-09,
        "Open_1": 1.126108026141669e-09,
        "Open_2": 1.1105900540488483e-09,
        "Volume_0": 0.5354556933654322,
        "Volume_1": 0.2900253053564773,
        "Volume_2": 0.17451898785674405,
        "daily_return_0": 1.7301969978244052e-15,
        "daily_return_1": 8.239033322973357e-16,
        "daily_return_2": 2.4717099968920073e-16,
        "daily_return_zscore_0": 7.387611619377291e-12,
        "daily_return_zscore_1": 3.774383555587325e-12,
        "daily_return_zscore_2": 2.8998925586869328e-12,
        "excess_return_0": 1.977367997513606e-15,
        "excess_return_1": 9.062936655270692e-16,
        "excess_return_2": 4.943419993784015e-16,
        "high_low_range_0": 8.239033322973357e-16,
        "high_low_range_1": 8.239033322973357e-16,
        "high_low_range_2": 1.6478066645946716e-16,
        "log_return_0": 1.7301969978244052e-15,
        "log_return_1": 8.239033322973357e-16,
        "log_return_2": 2.4717099968920073e-16,
        "log_return_zscore_0": 7.403677734357089e-12,
        "log_return_zscore_1": 3.76639169326404e-12,
        "log_return_zscore_2": 2.893548503028243e-12,
        "log_volume_0": 4.523229294312373e-14,
        "log_volume_1": 1.11638901526289e-13,
        "log_volume_2": 1.2276159651230302e-13,
        "relative_volume_0": 2.2583190338269972e-13,
        "relative_volume_1": 2.179224313926453e-13,
        "relative_volume_2": 2.1042491106873955e-13,
        "relative_volume_zscore_0": 3.8929432451049116e-12,
        "relative_volume_zscore_1": 3.713249928330862e-12,
        "relative_volume_zscore_2": 2.8674307673944177e-12,
        "volume_change_0": 9.495485904726794e-13,
        "volume_change_1": 1.4368874115265535e-13,
        "volume_change_2": 2.562339363444714e-13,
        "volume_change_zscore_0": 5.656590718220589e-12,
        "volume_change_zscore_1": 1.3265667553319404e-12,
        "volume_change_zscore_2": 1.824863490705369e-12
      }
    }
  ]
}